ISO-10303-21;
HEADER;
FILE_DESCRIPTION (( 'STEP AP214' ),
    '1' );
FILE_NAME ('DMN3032LFDB-7.STEP',
    '2024-03-03T12:20:09',
    ( '' ),
    ( '' ),
    'SwSTEP 2.0',
    'SolidWorks 2022',
    '' );
FILE_SCHEMA (( 'AUTOMOTIVE_DESIGN' ));
ENDSEC;

DATA;
#1 = EDGE_CURVE ( 'NONE', #1022, #2219, #1543, .T. ) ;
#2 = PRESENTATION_STYLE_ASSIGNMENT (( #2673 ) ) ;
#3 = ORIENTED_EDGE ( 'NONE', *, *, #2833, .F. ) ;
#4 = FACE_OUTER_BOUND ( 'NONE', #3337, .T. ) ;
#5 = ORIENTED_EDGE ( 'NONE', *, *, #3321, .F. ) ;
#6 = EDGE_CURVE ( 'NONE', #3371, #574, #4159, .T. ) ;
#7 = EDGE_CURVE ( 'NONE', #3401, #4294, #1176, .T. ) ;
#8 = VERTEX_POINT ( 'NONE', #3799 ) ;
#9 = DIRECTION ( 'NONE',  ( 0.000000000000000000, -0.000000000000000000, 1.000000000000000000 ) ) ;
#10 = PLANE ( 'NONE',  #4286 ) ;
#11 = SURFACE_STYLE_USAGE ( .BOTH. , #3025 ) ;
#12 = COLOUR_RGB ( '',1.000000000000000000, 1.000000000000000000, 1.000000000000000000 ) ;
#13 = LINE ( 'NONE', #366, #1601 ) ;
#15 = DIRECTION ( 'NONE',  ( 0.000000000000000000, 0.000000000000000000, -1.000000000000000000 ) ) ;
#14 = DIRECTION ( 'NONE',  ( 0.000000000000000000, 0.000000000000000000, -1.000000000000000000 ) ) ;
#16 = CARTESIAN_POINT ( 'NONE',  ( -0.8249999999999997335, -0.3750961623601626327, 0.1300000000000000044 ) ) ;
#17 = CARTESIAN_POINT ( 'NONE',  ( -0.7749999999999999112, 0.7000000000000000666, 0.1300000000000000044 ) ) ;
#18 = DIRECTION ( 'NONE',  ( -0.000000000000000000, 0.000000000000000000, -1.000000000000000000 ) ) ;
#19 = FILL_AREA_STYLE_COLOUR ( '', #83 ) ;
#20 = COLOUR_RGB ( '',1.000000000000000000, 1.000000000000000000, 1.000000000000000000 ) ;
#21 = SURFACE_STYLE_FILL_AREA ( #65 ) ;
#22 = DIRECTION ( 'NONE',  ( -0.000000000000000000, -1.000000000000000000, -0.000000000000000000 ) ) ;
#23 = EDGE_LOOP ( 'NONE', ( #3914, #1923, #952, #337 ) ) ;
#24 = AXIS2_PLACEMENT_3D ( 'NONE', #4304, #3686, #607 ) ;
#25 = CARTESIAN_POINT ( 'NONE',  ( 0.5250000000000000222, 0.7000000000000000666, 0.1300000000000000044 ) ) ;
#26 = ORIENTED_EDGE ( 'NONE', *, *, #2536, .T. ) ;
#27 = ADVANCED_FACE ( 'NONE', ( #2202 ), #211, .T. ) ;
#28 = ORIENTED_EDGE ( 'NONE', *, *, #1407, .T. ) ;
#29 = LINE ( 'NONE', #1052, #2586 ) ;
#30 = FILL_AREA_STYLE_COLOUR ( '', #20 ) ;
#31 = DIRECTION ( 'NONE',  ( 1.000000000000000000, 0.000000000000000000, 0.000000000000000000 ) ) ;
#32 = PRESENTATION_LAYER_ASSIGNMENT (  '', '', ( #2228 ) ) ;
#33 = EDGE_LOOP ( 'NONE', ( #3865, #4256, #4269, #1859 ) ) ;
#34 = MECHANICAL_DESIGN_GEOMETRIC_PRESENTATION_REPRESENTATION (  '', ( #2714 ), #1391 ) ;
#35 = CIRCLE ( 'NONE', #3124, 0.09999999999999999167 ) ;
#36 = LINE ( 'NONE', #1056, #2080 ) ;
#37 = SURFACE_STYLE_FILL_AREA ( #1669 ) ;
#38 = CARTESIAN_POINT ( 'NONE',  ( -0.7749999999999999112, 0.7000000000000000666, 0.000000000000000000 ) ) ;
#39 = STYLED_ITEM ( 'NONE', ( #983 ), #998 ) ;
#40 = PRESENTATION_STYLE_ASSIGNMENT (( #1059 ) ) ;
#41 = UNCERTAINTY_MEASURE_WITH_UNIT (LENGTH_MEASURE( 1.000000000000000082E-05 ), #521, 'distance_accuracy_value', 'NONE');
#42 = PLANE ( 'NONE',  #1868 ) ;
#43 =( NAMED_UNIT ( * ) SI_UNIT ( $, .STERADIAN. ) SOLID_ANGLE_UNIT ( ) );
#44 = ORIENTED_EDGE ( 'NONE', *, *, #1852, .F. ) ;
#45 = CARTESIAN_POINT ( 'NONE',  ( -0.7749999999999999112, -0.7000000000000000666, 0.1300000000000000044 ) ) ;
#46 = EDGE_LOOP ( 'NONE', ( #1554, #3103, #3101, #858 ) ) ;
#47 = DIRECTION ( 'NONE',  ( -0.000000000000000000, 1.000000000000000000, -0.000000000000000000 ) ) ;
#48 = ORIENTED_EDGE ( 'NONE', *, *, #120, .F. ) ;
#49 = LINE ( 'NONE', #2389, #891 ) ;
#50 = AXIS2_PLACEMENT_3D ( 'NONE', #776, #2160, #3467 ) ;
#51 = VECTOR ( 'NONE', #3923, 1000.000000000000000 ) ;
#52 = ORIENTED_EDGE ( 'NONE', *, *, #3991, .F. ) ;
#53 = LINE ( 'NONE', #3110, #4230 ) ;
#54 = ADVANCED_FACE ( 'NONE', ( #1835 ), #1129, .T. ) ;
#55 =( GEOMETRIC_REPRESENTATION_CONTEXT ( 3 ) GLOBAL_UNCERTAINTY_ASSIGNED_CONTEXT ( ( #391 ) ) GLOBAL_UNIT_ASSIGNED_CONTEXT ( ( #3433, #2108, #767 ) ) REPRESENTATION_CONTEXT ( 'NONE', 'WORKASPACE' ) );
#56 = DIRECTION ( 'NONE',  ( -0.000000000000000000, -1.000000000000000000, -0.000000000000000000 ) ) ;
#57 = CARTESIAN_POINT ( 'NONE',  ( -1.000000000000000000, -1.000000000000000000, 0.000000000000000000 ) ) ;
#58 = AXIS2_PLACEMENT_3D ( 'NONE', #1103, #81, #2413 ) ;
#59 = COLOUR_RGB ( '',1.000000000000000000, 1.000000000000000000, 1.000000000000000000 ) ;
#60 = EDGE_CURVE ( 'NONE', #316, #141, #1519, .T. ) ;
#61 = COLOUR_RGB ( '',0.7921568627450980005, 0.8196078431372548767, 0.9333333333333333481 ) ;
#62 = FACE_OUTER_BOUND ( 'NONE', #1042, .T. ) ;
#63 = CARTESIAN_POINT ( 'NONE',  ( 0.1250000000000001110, -1.000000000000000000, 0.1300000000000000044 ) ) ;
#64 = CARTESIAN_POINT ( 'NONE',  ( 0.1250000000000001110, -1.000000000000000000, -0.05000000000000000278 ) ) ;
#65 = FILL_AREA_STYLE ('',( #3761 ) ) ;
#66 = LINE ( 'NONE', #2803, #4084 ) ;
#67 = VERTEX_POINT ( 'NONE', #3225 ) ;
#68 = CARTESIAN_POINT ( 'NONE',  ( -0.1249999999999998890, -1.000000000000000000, 0.1300000000000000044 ) ) ;
#69 = ORIENTED_EDGE ( 'NONE', *, *, #4009, .F. ) ;
#70 = VECTOR ( 'NONE', #1539, 1000.000000000000000 ) ;
#71 = DIRECTION ( 'NONE',  ( 1.000000000000000000, 0.000000000000000000, 0.000000000000000000 ) ) ;
#72 = CARTESIAN_POINT ( 'NONE',  ( 0.7249999999999997558, -0.5000000000000000000, 0.1300000000000000044 ) ) ;
#73 = ORIENTED_EDGE ( 'NONE', *, *, #1588, .F. ) ;
#74 = CARTESIAN_POINT ( 'NONE',  ( -0.1249999999999998890, 1.000000000000000000, 0.1300000000000000044 ) ) ;
#75 = LINE ( 'NONE', #710, #4103 ) ;
#76 = ORIENTED_EDGE ( 'NONE', *, *, #2179, .F. ) ;
#77 =( NAMED_UNIT ( * ) PLANE_ANGLE_UNIT ( ) SI_UNIT ( $, .RADIAN. ) );
#78 = SURFACE_STYLE_FILL_AREA ( #1782 ) ;
#79 = ORIENTED_EDGE ( 'NONE', *, *, #156, .T. ) ;
#80 = DIRECTION ( 'NONE',  ( 0.000000000000000000, 0.000000000000000000, -1.000000000000000000 ) ) ;
#81 = DIRECTION ( 'NONE',  ( -1.000000000000000000, 0.000000000000000000, 0.000000000000000000 ) ) ;
#82 = EDGE_CURVE ( 'NONE', #2674, #4290, #1223, .T. ) ;
#83 = COLOUR_RGB ( '',0.2941176470588235392, 0.2941176470588235392, 0.2941176470588235392 ) ;
#84 = LINE ( 'NONE', #3348, #967 ) ;
#86 = LINE ( 'NONE', #2488, #2453 ) ;
#85 = FILL_AREA_STYLE_COLOUR ( '', #3281 ) ;
#87 = UNCERTAINTY_MEASURE_WITH_UNIT (LENGTH_MEASURE( 1.000000000000000082E-05 ), #4277, 'distance_accuracy_value', 'NONE');
#88 = PRESENTATION_STYLE_ASSIGNMENT (( #3778 ) ) ;
#89 = ADVANCED_FACE ( 'NONE', ( #4309 ), #1629, .T. ) ;
#90 = PLANE ( 'NONE',  #320 ) ;
#91 = ORIENTED_EDGE ( 'NONE', *, *, #4261, .F. ) ;
#92 = FILL_AREA_STYLE_COLOUR ( '', #312 ) ;
#93 = ORIENTED_EDGE ( 'NONE', *, *, #2128, .F. ) ;
#94 = CIRCLE ( 'NONE', #2555, 0.09999999999999993616 ) ;
#95 = PLANE ( 'NONE',  #2715 ) ;
#96 = ORIENTED_EDGE ( 'NONE', *, *, #2398, .T. ) ;
#97 = DIRECTION ( 'NONE',  ( 1.000000000000000000, 0.000000000000000000, 0.000000000000000000 ) ) ;
#98 = CARTESIAN_POINT ( 'NONE',  ( 0.7249999999999997558, 0.5000000000000000000, 0.1300000000000000044 ) ) ;
#99 = CARTESIAN_POINT ( 'NONE',  ( -0.7957106781186544797, -0.4707106781186548017, 0.000000000000000000 ) ) ;
#100 =( GEOMETRIC_REPRESENTATION_CONTEXT ( 3 ) GLOBAL_UNCERTAINTY_ASSIGNED_CONTEXT ( ( #482 ) ) GLOBAL_UNIT_ASSIGNED_CONTEXT ( ( #2187, #2634, #1255 ) ) REPRESENTATION_CONTEXT ( 'NONE', 'WORKASPACE' ) );
#101 = CARTESIAN_POINT ( 'NONE',  ( -0.2250000000000000056, -0.4000000000000000222, 0.1300000000000000044 ) ) ;
#102 = COLOUR_RGB ( '',0.2941176470588235392, 0.2941176470588235392, 0.2941176470588235392 ) ;
#103 = ORIENTED_EDGE ( 'NONE', *, *, #3073, .T. ) ;
#104 = PRESENTATION_STYLE_ASSIGNMENT (( #2411 ) ) ;
#105 = SURFACE_SIDE_STYLE ('',( #1509 ) ) ;
#106 = AXIS2_PLACEMENT_3D ( 'NONE', #1742, #1037, #3736 ) ;
#107 = PRESENTATION_LAYER_ASSIGNMENT (  '', '', ( #2017 ) ) ;
#108 = COLOUR_RGB ( '',1.000000000000000000, 1.000000000000000000, 1.000000000000000000 ) ;
#109 = FILL_AREA_STYLE ('',( #435 ) ) ;
#111 = CARTESIAN_POINT ( 'NONE',  ( -0.8249999999999997335, 0.3999999999999999667, 0.000000000000000000 ) ) ;
#110 = FILL_AREA_STYLE ('',( #85 ) ) ;
#112 = COLOUR_RGB ( '',1.000000000000000000, 1.000000000000000000, 1.000000000000000000 ) ;
#113 = DIRECTION ( 'NONE',  ( -0.000000000000000000, -0.000000000000000000, -1.000000000000000000 ) ) ;
#114 = VECTOR ( 'NONE', #3709, 1000.000000000000000 ) ;
#115 =( NAMED_UNIT ( * ) PLANE_ANGLE_UNIT ( ) SI_UNIT ( $, .RADIAN. ) );
#116 = CARTESIAN_POINT ( 'NONE',  ( -1.000000000000000000, 1.000000000000000000, 0.000000000000000000 ) ) ;
#117 = ORIENTED_EDGE ( 'NONE', *, *, #4234, .F. ) ;
#118 = SURFACE_STYLE_FILL_AREA ( #4065 ) ;
#119 = VERTEX_POINT ( 'NONE', #1916 ) ;
#120 = EDGE_CURVE ( 'NONE', #3471, #2219, #1714, .T. ) ;
#121 = CARTESIAN_POINT ( 'NONE',  ( -0.3250000000000000111, -0.5000000000000000000, 0.1300000000000000044 ) ) ;
#122 = ORIENTED_EDGE ( 'NONE', *, *, #4284, .F. ) ;
#123 = DIRECTION ( 'NONE',  ( -6.776263578034403945E-17, -1.000000000000000000, 0.000000000000000000 ) ) ;
#124 = SURFACE_STYLE_FILL_AREA ( #3134 ) ;
#125 = LINE ( 'NONE', #74, #3857 ) ;
#126 = CARTESIAN_POINT ( 'NONE',  ( -0.5249999999999999112, 1.000000000000000000, 0.000000000000000000 ) ) ;
#127 = ORIENTED_EDGE ( 'NONE', *, *, #3374, .T. ) ;
#128 = ORIENTED_EDGE ( 'NONE', *, *, #3566, .F. ) ;
#129 = CARTESIAN_POINT ( 'NONE',  ( -0.5249999999999999112, 1.000000000000000000, 0.1300000000000000044 ) ) ;
#130 = DIRECTION ( 'NONE',  ( 1.000000000000000000, 0.000000000000000000, 0.000000000000000000 ) ) ;
#131 = EDGE_CURVE ( 'NONE', #4131, #3659, #3928, .T. ) ;
#132 = SURFACE_SIDE_STYLE ('',( #3140 ) ) ;
#133 = VECTOR ( 'NONE', #3533, 1000.000000000000000 ) ;
#134 = AXIS2_PLACEMENT_3D ( 'NONE', #3666, #322, #1689 ) ;
#135 = STYLED_ITEM ( 'NONE', ( #397 ), #701 ) ;
#136 = AXIS2_PLACEMENT_3D ( 'NONE', #746, #2758, #3777 ) ;
#137 = CARTESIAN_POINT ( 'NONE',  ( 0.5250000000000000222, -1.000000000000000000, 0.1300000000000000044 ) ) ;
#139 = PRESENTATION_STYLE_ASSIGNMENT (( #4083 ) ) ;
#138 =( NAMED_UNIT ( * ) SI_UNIT ( $, .STERADIAN. ) SOLID_ANGLE_UNIT ( ) );
#140 = CARTESIAN_POINT ( 'NONE',  ( -0.7000961623601622552, -0.5000000000000000000, 0.1300000000000000044 ) ) ;
#141 = VERTEX_POINT ( 'NONE', #3243 ) ;
#142 = SURFACE_SIDE_STYLE ('',( #3146 ) ) ;
#143 = DIRECTION ( 'NONE',  ( -1.000000000000000000, 0.000000000000000000, -0.000000000000000000 ) ) ;
#144 = VERTEX_POINT ( 'NONE', #1247 ) ;
#145 =( NAMED_UNIT ( * ) PLANE_ANGLE_UNIT ( ) SI_UNIT ( $, .RADIAN. ) );
#146 = ORIENTED_EDGE ( 'NONE', *, *, #3818, .T. ) ;
#147 = CIRCLE ( 'NONE', #3496, 0.1250000000000000000 ) ;
#148 = DIRECTION ( 'NONE',  ( 0.000000000000000000, 0.000000000000000000, -1.000000000000000000 ) ) ;
#149 = VERTEX_POINT ( 'NONE', #248 ) ;
#150 = VECTOR ( 'NONE', #3286, 1000.000000000000000 ) ;
#151 = DIRECTION ( 'NONE',  ( 0.000000000000000000, -1.000000000000000000, 0.000000000000000000 ) ) ;
#152 = EDGE_CURVE ( 'NONE', #1051, #3532, #634, .T. ) ;
#153 = DIRECTION ( 'NONE',  ( 0.000000000000000000, 0.000000000000000000, -1.000000000000000000 ) ) ;
#154 = CARTESIAN_POINT ( 'NONE',  ( 0.3250000000000000111, -0.5000000000000000000, 0.1300000000000000044 ) ) ;
#155 = ORIENTED_EDGE ( 'NONE', *, *, #2762, .F. ) ;
#156 = EDGE_CURVE ( 'NONE', #4161, #1387, #1290, .T. ) ;
#157 = EDGE_CURVE ( 'NONE', #3187, #67, #291, .T. ) ;
#158 = CARTESIAN_POINT ( 'NONE',  ( 0.7249999999999997558, -0.4000000000000000777, 0.1300000000000000044 ) ) ;
#159 =( NAMED_UNIT ( * ) PLANE_ANGLE_UNIT ( ) SI_UNIT ( $, .RADIAN. ) );
#160 = DIRECTION ( 'NONE',  ( -0.000000000000000000, 0.000000000000000000, 1.000000000000000000 ) ) ;
#161 =( NAMED_UNIT ( * ) PLANE_ANGLE_UNIT ( ) SI_UNIT ( $, .RADIAN. ) );
#162 = EDGE_CURVE ( 'NONE', #3659, #1276, #2669, .T. ) ;
#164 = FACE_OUTER_BOUND ( 'NONE', #1364, .T. ) ;
#163 = PLANE ( 'NONE',  #209 ) ;
#165 = FACE_OUTER_BOUND ( 'NONE', #199, .T. ) ;
#166 = MECHANICAL_DESIGN_GEOMETRIC_PRESENTATION_REPRESENTATION (  '', ( #644 ), #1794 ) ;
#167 = ORIENTED_EDGE ( 'NONE', *, *, #2711, .T. ) ;
#168 = LINE ( 'NONE', #3675, #1768 ) ;
#169 = DIRECTION ( 'NONE',  ( -0.000000000000000000, -0.000000000000000000, -1.000000000000000000 ) ) ;
#170 = ORIENTED_EDGE ( 'NONE', *, *, #3559, .F. ) ;
#171 = DIRECTION ( 'NONE',  ( 1.000000000000000000, 0.000000000000000000, 0.000000000000000000 ) ) ;
#172 =( GEOMETRIC_REPRESENTATION_CONTEXT ( 3 ) GLOBAL_UNCERTAINTY_ASSIGNED_CONTEXT ( ( #4331 ) ) GLOBAL_UNIT_ASSIGNED_CONTEXT ( ( #1943, #2588, #3579 ) ) REPRESENTATION_CONTEXT ( 'NONE', 'WORKASPACE' ) );
#173 = CLOSED_SHELL ( 'NONE', ( #3333, #2496, #1808, #915, #535, #3201 ) ) ;
#174 = DIRECTION ( 'NONE',  ( -1.000000000000000000, -0.000000000000000000, -0.000000000000000000 ) ) ;
#175 = EDGE_LOOP ( 'NONE', ( #3399, #127, #534, #2631 ) ) ;
#176 =( NAMED_UNIT ( * ) SI_UNIT ( $, .STERADIAN. ) SOLID_ANGLE_UNIT ( ) );
#177 = PLANE ( 'NONE',  #2524 ) ;
#178 = ORIENTED_EDGE ( 'NONE', *, *, #4093, .T. ) ;
#179 = PRESENTATION_LAYER_ASSIGNMENT (  '', '', ( #371 ) ) ;
#180 = VECTOR ( 'NONE', #4325, 1000.000000000000000 ) ;
#181 = CARTESIAN_POINT ( 'NONE',  ( -0.1249999999999998890, 1.000000000000000000, 0.1300000000000000044 ) ) ;
#182 = FILL_AREA_STYLE_COLOUR ( '', #61 ) ;
#183 = VECTOR ( 'NONE', #3508, 1000.000000000000000 ) ;
#184 = FACE_OUTER_BOUND ( 'NONE', #1389, .T. ) ;
#185 = STYLED_ITEM ( 'NONE', ( #1737 ), #2946 ) ;
#186 = PRESENTATION_LAYER_ASSIGNMENT (  '', '', ( #1311 ) ) ;
#187 = UNCERTAINTY_MEASURE_WITH_UNIT (LENGTH_MEASURE( 1.000000000000000082E-05 ), #4004, 'distance_accuracy_value', 'NONE');
#188 = STYLED_ITEM ( 'NONE', ( #4209 ), #2279 ) ;
#189 = CARTESIAN_POINT ( 'NONE',  ( -0.7249999999999997558, 0.5000000000000000000, 0.1300000000000000044 ) ) ;
#190 = FILL_AREA_STYLE_COLOUR ( '', #59 ) ;
#191 = ORIENTED_EDGE ( 'NONE', *, *, #3249, .T. ) ;
#192 =( NAMED_UNIT ( * ) PLANE_ANGLE_UNIT ( ) SI_UNIT ( $, .RADIAN. ) );
#193 = DIRECTION ( 'NONE',  ( 0.000000000000000000, -1.000000000000000000, 0.000000000000000000 ) ) ;
#194 = VERTEX_POINT ( 'NONE', #2239 ) ;
#195 = DIRECTION ( 'NONE',  ( -1.000000000000000000, 0.000000000000000000, 0.000000000000000000 ) ) ;
#196 = LINE ( 'NONE', #1181, #183 ) ;
#197 = FILL_AREA_STYLE ('',( #3769 ) ) ;
#198 = ORIENTED_EDGE ( 'NONE', *, *, #3698, .F. ) ;
#199 = EDGE_LOOP ( 'NONE', ( #2321, #1068, #1962, #1498 ) ) ;
#200 = CARTESIAN_POINT ( 'NONE',  ( 0.8249999999999997335, -0.4000000000000000777, -0.05000000000000000278 ) ) ;
#201 = SHAPE_DEFINITION_REPRESENTATION ( #3423, #1264 ) ;
#202 = DIRECTION ( 'NONE',  ( -1.000000000000000000, -0.000000000000000000, -0.000000000000000000 ) ) ;
#203 = FILL_AREA_STYLE_COLOUR ( '', #4164 ) ;
#204 = EDGE_CURVE ( 'NONE', #4076, #3267, #4246, .T. ) ;
#205 = LINE ( 'NONE', #4221, #2251 ) ;
#206 = FILL_AREA_STYLE ('',( #1913 ) ) ;
#207 = EDGE_CURVE ( 'NONE', #3501, #3930, #2575, .T. ) ;
#208 = EDGE_CURVE ( 'NONE', #3501, #3334, #3266, .T. ) ;
#209 = AXIS2_PLACEMENT_3D ( 'NONE', #419, #3182, #1494 ) ;
#210 = VECTOR ( 'NONE', #799, 1000.000000000000000 ) ;
#211 = PLANE ( 'NONE',  #1371 ) ;
#212 = ORIENTED_EDGE ( 'NONE', *, *, #1591, .F. ) ;
#213 = CARTESIAN_POINT ( 'NONE',  ( 0.5250000000000000222, 1.000000000000000000, 0.1300000000000000044 ) ) ;
#214 = MECHANICAL_DESIGN_GEOMETRIC_PRESENTATION_REPRESENTATION (  '', ( #2253 ), #3482 ) ;
#215 = SURFACE_SIDE_STYLE ('',( #3213 ) ) ;
#216 = VERTEX_POINT ( 'NONE', #3306 ) ;
#217 = CARTESIAN_POINT ( 'NONE',  ( 0.7249999999999997558, 0.3999999999999999667, -0.05000000000000000278 ) ) ;
#218 =( NAMED_UNIT ( * ) PLANE_ANGLE_UNIT ( ) SI_UNIT ( $, .RADIAN. ) );
#219 = ORIENTED_EDGE ( 'NONE', *, *, #3649, .F. ) ;
#220 = CARTESIAN_POINT ( 'NONE',  ( -0.7749999999999999112, -0.7000000000000000666, -0.05000000000000000278 ) ) ;
#221 = DIRECTION ( 'NONE',  ( 1.000000000000000000, 0.000000000000000000, 0.000000000000000000 ) ) ;
#222 =( NAMED_UNIT ( * ) SI_UNIT ( $, .STERADIAN. ) SOLID_ANGLE_UNIT ( ) );
#223 =( LENGTH_UNIT ( ) NAMED_UNIT ( * ) SI_UNIT ( .MILLI., .METRE. ) );
#225 = DIRECTION ( 'NONE',  ( 0.000000000000000000, -0.000000000000000000, -1.000000000000000000 ) ) ;
#224 = LINE ( 'NONE', #1581, #1561 ) ;
#226 = UNCERTAINTY_MEASURE_WITH_UNIT (LENGTH_MEASURE( 1.000000000000000082E-05 ), #2506, 'distance_accuracy_value', 'NONE');
#227 = FILL_AREA_STYLE ('',( #267 ) ) ;
#228 =( NAMED_UNIT ( * ) PLANE_ANGLE_UNIT ( ) SI_UNIT ( $, .RADIAN. ) );
#229 = ORIENTED_EDGE ( 'NONE', *, *, #729, .T. ) ;
#230 = DIRECTION ( 'NONE',  ( 6.776263578034402713E-17, -1.000000000000000000, -0.000000000000000000 ) ) ;
#231 = EDGE_CURVE ( 'NONE', #216, #279, #562, .T. ) ;
#232 = STYLED_ITEM ( 'NONE', ( #4312 ), #1728 ) ;
#233 = CARTESIAN_POINT ( 'NONE',  ( 0.3250000000000000111, 0.4000000000000000222, 0.000000000000000000 ) ) ;
#234 = EDGE_LOOP ( 'NONE', ( #4214, #1640, #1775, #2870 ) ) ;
#235 = LINE ( 'NONE', #1254, #1045 ) ;
#236 = EDGE_CURVE ( 'NONE', #3440, #1586, #4178, .T. ) ;
#237 = VERTEX_POINT ( 'NONE', #2712 ) ;
#238 = EDGE_LOOP ( 'NONE', ( #1981, #957, #771, #1631 ) ) ;
#239 = CLOSED_SHELL ( 'NONE', ( #3250, #1488, #1956, #732, #1258, #1860 ) ) ;
#240 = DIRECTION ( 'NONE',  ( -1.000000000000000000, 0.000000000000000000, -0.000000000000000000 ) ) ;
#241 = DIRECTION ( 'NONE',  ( 0.000000000000000000, -1.000000000000000000, 0.000000000000000000 ) ) ;
#242 = ORIENTED_EDGE ( 'NONE', *, *, #231, .F. ) ;
#243 = CIRCLE ( 'NONE', #1302, 0.09999999999999999167 ) ;
#244 = VECTOR ( 'NONE', #704, 1000.000000000000000 ) ;
#246 = FACE_OUTER_BOUND ( 'NONE', #2723, .T. ) ;
#245 = FACE_OUTER_BOUND ( 'NONE', #2479, .T. ) ;
#247 = PLANE ( 'NONE',  #567 ) ;
#248 = CARTESIAN_POINT ( 'NONE',  ( -0.1249999999999998890, 0.7000000000000000666, -0.05000000000000000278 ) ) ;
#249 = FILL_AREA_STYLE ('',( #2240 ) ) ;
#250 = VERTEX_POINT ( 'NONE', #4015 ) ;
#251 = VECTOR ( 'NONE', #2659, 1000.000000000000000 ) ;
#252 = DIRECTION ( 'NONE',  ( 0.000000000000000000, -0.000000000000000000, 1.000000000000000000 ) ) ;
#253 = MECHANICAL_DESIGN_GEOMETRIC_PRESENTATION_REPRESENTATION (  '', ( #3058 ), #808 ) ;
#254 = VERTEX_POINT ( 'NONE', #3694 ) ;
#255 = CARTESIAN_POINT ( 'NONE',  ( -0.7749999999999999112, 0.7000000000000000666, 0.1300000000000000044 ) ) ;
#256 = DIRECTION ( 'NONE',  ( 0.000000000000000000, 0.000000000000000000, -1.000000000000000000 ) ) ;
#257 = ORIENTED_EDGE ( 'NONE', *, *, #4061, .F. ) ;
#258 = ORIENTED_EDGE ( 'NONE', *, *, #1310, .T. ) ;
#259 = EDGE_CURVE ( 'NONE', #1579, #3002, #84, .T. ) ;
#260 = COLOUR_RGB ( '',1.000000000000000000, 1.000000000000000000, 1.000000000000000000 ) ;
#261 = CARTESIAN_POINT ( 'NONE',  ( -0.7749999999999999112, 1.000000000000000000, 0.000000000000000000 ) ) ;
#262 = EDGE_CURVE ( 'NONE', #1586, #978, #168, .T. ) ;
#263 = SURFACE_SIDE_STYLE ('',( #4242 ) ) ;
#265 =( LENGTH_UNIT ( ) NAMED_UNIT ( * ) SI_UNIT ( .MILLI., .METRE. ) );
#264 = PRESENTATION_STYLE_ASSIGNMENT (( #2531 ) ) ;
#266 = SURFACE_STYLE_USAGE ( .BOTH. , #2317 ) ;
#267 = FILL_AREA_STYLE_COLOUR ( '', #1798 ) ;
#268 = ORIENTED_EDGE ( 'NONE', *, *, #1647, .F. ) ;
#269 = DIRECTION ( 'NONE',  ( -1.000000000000000000, 0.000000000000000000, -0.000000000000000000 ) ) ;
#270 = MECHANICAL_DESIGN_GEOMETRIC_PRESENTATION_REPRESENTATION (  '', ( #3342 ), #685 ) ;
#271 = PRESENTATION_LAYER_ASSIGNMENT (  '', '', ( #2737 ) ) ;
#272 = VECTOR ( 'NONE', #1649, 1000.000000000000000 ) ;
#273 = DIRECTION ( 'NONE',  ( -1.000000000000000000, 0.000000000000000000, 0.000000000000000000 ) ) ;
#274 = EDGE_LOOP ( 'NONE', ( #2857, #468, #879, #555 ) ) ;
#275 = CARTESIAN_POINT ( 'NONE',  ( 0.2249999999999999778, -0.4000000000000000222, 0.1300000000000000044 ) ) ;
#276 = AXIS2_PLACEMENT_3D ( 'NONE', #99, #1505, #2163 ) ;
#277 = VECTOR ( 'NONE', #1652, 1000.000000000000000 ) ;
#278 = FILL_AREA_STYLE_COLOUR ( '', #2412 ) ;
#279 = VERTEX_POINT ( 'NONE', #3012 ) ;
#280 = AXIS2_PLACEMENT_3D ( 'NONE', #1283, #1235, #221 ) ;
#281 = EDGE_CURVE ( 'NONE', #3957, #2653, #1760, .T. ) ;
#282 = EDGE_CURVE ( 'NONE', #1177, #3957, #2376, .T. ) ;
#283 = DIRECTION ( 'NONE',  ( -1.000000000000000000, 0.000000000000000000, 0.000000000000000000 ) ) ;
#284 = FACE_OUTER_BOUND ( 'NONE', #1856, .T. ) ;
#285 = EDGE_CURVE ( 'NONE', #964, #3491, #1823, .T. ) ;
#286 = FACE_OUTER_BOUND ( 'NONE', #4066, .T. ) ;
#287 = MECHANICAL_DESIGN_GEOMETRIC_PRESENTATION_REPRESENTATION (  '', ( #2957 ), #1641 ) ;
#288 = LINE ( 'NONE', #1892, #272 ) ;
#289 = SURFACE_SIDE_STYLE ('',( #1243 ) ) ;
#290 = EDGE_CURVE ( 'NONE', #795, #1230, #2016, .T. ) ;
#291 = LINE ( 'NONE', #3588, #695 ) ;
#292 = CARTESIAN_POINT ( 'NONE',  ( -0.7000961623601622552, -0.5000000000000000000, 0.1300000000000000044 ) ) ;
#293 = VERTEX_POINT ( 'NONE', #3992 ) ;
#294 = FACE_OUTER_BOUND ( 'NONE', #3766, .T. ) ;
#295 = CARTESIAN_POINT ( 'NONE',  ( 0.8249999999999997335, -0.4000000000000000777, 0.1300000000000000044 ) ) ;
#296 = ORIENTED_EDGE ( 'NONE', *, *, #3152, .T. ) ;
#297 = SURFACE_STYLE_USAGE ( .BOTH. , #3294 ) ;
#298 = CARTESIAN_POINT ( 'NONE',  ( 0.7750000000000001332, -1.000000000000000000, 0.1300000000000000044 ) ) ;
#299 = ORIENTED_EDGE ( 'NONE', *, *, #2867, .T. ) ;
#300 = ORIENTED_EDGE ( 'NONE', *, *, #2535, .F. ) ;
#301 = CYLINDRICAL_SURFACE ( 'NONE', #3529, 0.1250000000000000000 ) ;
#302 = DIRECTION ( 'NONE',  ( 0.000000000000000000, 0.000000000000000000, -1.000000000000000000 ) ) ;
#303 = DIRECTION ( 'NONE',  ( 0.000000000000000000, 0.000000000000000000, -1.000000000000000000 ) ) ;
#304 = PRESENTATION_STYLE_ASSIGNMENT (( #1967 ) ) ;
#305 = UNCERTAINTY_MEASURE_WITH_UNIT (LENGTH_MEASURE( 1.000000000000000082E-05 ), #4124, 'distance_accuracy_value', 'NONE');
#306 = AXIS2_PLACEMENT_3D ( 'NONE', #1708, #3683, #1069 ) ;
#307 = STYLED_ITEM ( 'NONE', ( #1032 ), #535 ) ;
#308 = SURFACE_STYLE_FILL_AREA ( #635 ) ;
#309 = ORIENTED_EDGE ( 'NONE', *, *, #1314, .T. ) ;
#310 = PLANE ( 'NONE',  #3521 ) ;
#311 = VECTOR ( 'NONE', #148, 1000.000000000000000 ) ;
#312 = COLOUR_RGB ( '',1.000000000000000000, 1.000000000000000000, 1.000000000000000000 ) ;
#313 = LINE ( 'NONE', #659, #2503 ) ;
#314 = ORIENTED_EDGE ( 'NONE', *, *, #4297, .T. ) ;
#315 = DIRECTION ( 'NONE',  ( 0.000000000000000000, 0.000000000000000000, -1.000000000000000000 ) ) ;
#316 = VERTEX_POINT ( 'NONE', #3056 ) ;
#317 = PRESENTATION_LAYER_ASSIGNMENT (  '', '', ( #3058 ) ) ;
#318 = EDGE_LOOP ( 'NONE', ( #677, #1825, #2999, #3126 ) ) ;
#319 = LINE ( 'NONE', #3982, #3457 ) ;
#320 = AXIS2_PLACEMENT_3D ( 'NONE', #422, #1108, #143 ) ;
#321 = DIRECTION ( 'NONE',  ( 0.000000000000000000, 0.000000000000000000, -1.000000000000000000 ) ) ;
#322 = DIRECTION ( 'NONE',  ( -0.000000000000000000, 0.000000000000000000, -1.000000000000000000 ) ) ;
#323 = STYLED_ITEM ( 'NONE', ( #690 ), #1005 ) ;
#324 = ORIENTED_EDGE ( 'NONE', *, *, #3507, .T. ) ;
#325 = SURFACE_STYLE_USAGE ( .BOTH. , #2371 ) ;
#326 = ADVANCED_FACE ( 'NONE', ( #62 ), #394, .T. ) ;
#327 = CARTESIAN_POINT ( 'NONE',  ( 0.7750000000000001332, -1.000000000000000000, 0.1300000000000000044 ) ) ;
#328 = ORIENTED_EDGE ( 'NONE', *, *, #1061, .F. ) ;
#329 = EDGE_CURVE ( 'NONE', #3807, #293, #147, .T. ) ;
#330 = SURFACE_STYLE_USAGE ( .BOTH. , #1721 ) ;
#331 = EDGE_CURVE ( 'NONE', #141, #1663, #3714, .T. ) ;
#332 = ORIENTED_EDGE ( 'NONE', *, *, #3984, .T. ) ;
#333 = FILL_AREA_STYLE_COLOUR ( '', #594 ) ;
#334 = ORIENTED_EDGE ( 'NONE', *, *, #3564, .T. ) ;
#335 = CARTESIAN_POINT ( 'NONE',  ( 0.7249999999999997558, -0.5000000000000000000, 0.000000000000000000 ) ) ;
#336 = CARTESIAN_POINT ( 'NONE',  ( 1.000000000000000000, 1.000000000000000000, 0.000000000000000000 ) ) ;
#337 = ORIENTED_EDGE ( 'NONE', *, *, #2256, .T. ) ;
#338 = STYLED_ITEM ( 'NONE', ( #1127 ), #4122 ) ;
#339 = DIRECTION ( 'NONE',  ( -1.000000000000000000, 0.000000000000000000, 0.000000000000000000 ) ) ;
#340 = VECTOR ( 'NONE', #4098, 1000.000000000000000 ) ;
#341 = AXIS2_PLACEMENT_3D ( 'NONE', #2374, #1378, #1058 ) ;
#342 = COLOUR_RGB ( '',1.000000000000000000, 1.000000000000000000, 1.000000000000000000 ) ;
#343 = ORIENTED_EDGE ( 'NONE', *, *, #1006, .T. ) ;
#344 = PLANE ( 'NONE',  #3258 ) ;
#345 = CARTESIAN_POINT ( 'NONE',  ( -0.2250000000000000056, -0.4000000000000000222, 0.1300000000000000044 ) ) ;
#346 = FACE_OUTER_BOUND ( 'NONE', #274, .T. ) ;
#347 = CARTESIAN_POINT ( 'NONE',  ( 0.2249999999999999778, -0.4000000000000000222, 0.1300000000000000044 ) ) ;
#348 = CARTESIAN_POINT ( 'NONE',  ( -0.2250000000000000333, 0.4000000000000000222, 0.000000000000000000 ) ) ;
#349 = PRESENTATION_LAYER_ASSIGNMENT (  '', '', ( #4215 ) ) ;
#350 = VERTEX_POINT ( 'NONE', #3076 ) ;
#351 = UNCERTAINTY_MEASURE_WITH_UNIT (LENGTH_MEASURE( 1.000000000000000082E-05 ), #570, 'distance_accuracy_value', 'NONE');
#352 = CARTESIAN_POINT ( 'NONE',  ( 0.7750000000000001332, 1.000000000000000000, 0.1300000000000000044 ) ) ;
#353 = EDGE_CURVE ( 'NONE', #1205, #1611, #718, .T. ) ;
#354 = PLANE ( 'NONE',  #1970 ) ;
#355 = DIRECTION ( 'NONE',  ( -1.000000000000000000, 0.000000000000000000, -0.000000000000000000 ) ) ;
#356 = ORIENTED_EDGE ( 'NONE', *, *, #406, .T. ) ;
#357 = LINE ( 'NONE', #25, #582 ) ;
#358 = ORIENTED_EDGE ( 'NONE', *, *, #1065, .T. ) ;
#359 = FACE_OUTER_BOUND ( 'NONE', #46, .T. ) ;
#360 = ADVANCED_FACE ( 'NONE', ( #4329 ), #2037, .T. ) ;
#361 = ORIENTED_EDGE ( 'NONE', *, *, #2951, .F. ) ;
#362 = SURFACE_STYLE_FILL_AREA ( #1710 ) ;
#363 = CARTESIAN_POINT ( 'NONE',  ( 0.7750000000000001332, -0.7000000000000000666, 0.000000000000000000 ) ) ;
#364 = FILL_AREA_STYLE ('',( #1736 ) ) ;
#365 = AXIS2_PLACEMENT_3D ( 'NONE', #1039, #2338, #3078 ) ;
#366 = CARTESIAN_POINT ( 'NONE',  ( 0.3250000000000000111, -0.5000000000000000000, 0.000000000000000000 ) ) ;
#367 = CARTESIAN_POINT ( 'NONE',  ( -0.1249999999999998890, 1.000000000000000000, 0.1300000000000000044 ) ) ;
#368 =( LENGTH_UNIT ( ) NAMED_UNIT ( * ) SI_UNIT ( .MILLI., .METRE. ) );
#369 = PRESENTATION_LAYER_ASSIGNMENT (  '', '', ( #1149 ) ) ;
#370 = DIRECTION ( 'NONE',  ( 1.000000000000000000, 0.000000000000000000, 0.000000000000000000 ) ) ;
#371 = STYLED_ITEM ( 'NONE', ( #982 ), #1508 ) ;
#372 = AXIS2_PLACEMENT_3D ( 'NONE', #2410, #3343, #2009 ) ;
#373 = SURFACE_SIDE_STYLE ('',( #1681 ) ) ;
#374 = VERTEX_POINT ( 'NONE', #2171 ) ;
#375 = CARTESIAN_POINT ( 'NONE',  ( 0.1250000000000001110, -0.7000000000000000666, 0.1300000000000000044 ) ) ;
#376 = ORIENTED_EDGE ( 'NONE', *, *, #2535, .T. ) ;
#377 = DIRECTION ( 'NONE',  ( 1.000000000000000000, 0.000000000000000000, 0.000000000000000000 ) ) ;
#378 = ADVANCED_FACE ( 'NONE', ( #1493 ), #2144, .F. ) ;
#379 = COLOUR_RGB ( '',1.000000000000000000, 1.000000000000000000, 1.000000000000000000 ) ;
#380 = ORIENTED_EDGE ( 'NONE', *, *, #1065, .F. ) ;
#381 = CARTESIAN_POINT ( 'NONE',  ( -1.000000000000000000, -1.000000000000000000, 0.000000000000000000 ) ) ;
#382 = CARTESIAN_POINT ( 'NONE',  ( -0.1249999999999998890, -1.000000000000000000, 0.1300000000000000044 ) ) ;
#383 = STYLED_ITEM ( 'NONE', ( #4002 ), #3638 ) ;
#384 = EDGE_CURVE ( 'NONE', #3957, #4258, #3474, .T. ) ;
#385 = ORIENTED_EDGE ( 'NONE', *, *, #1036, .T. ) ;
#386 = PRESENTATION_LAYER_ASSIGNMENT (  '', '', ( #188 ) ) ;
#387 =( LENGTH_UNIT ( ) NAMED_UNIT ( * ) SI_UNIT ( .MILLI., .METRE. ) );
#388 = CARTESIAN_POINT ( 'NONE',  ( 0.7750000000000001332, 0.7000000000000000666, 0.1300000000000000044 ) ) ;
#390 = CARTESIAN_POINT ( 'NONE',  ( 0.5250000000000000222, -0.7000000000000000666, 0.1300000000000000044 ) ) ;
#389 = FILL_AREA_STYLE_COLOUR ( '', #3887 ) ;
#391 = UNCERTAINTY_MEASURE_WITH_UNIT (LENGTH_MEASURE( 1.000000000000000082E-05 ), #3433, 'distance_accuracy_value', 'NONE');
#392 = CARTESIAN_POINT ( 'NONE',  ( -0.2249999999999999778, -0.4000000000000000222, 0.1300000000000000044 ) ) ;
#393 = AXIS2_PLACEMENT_3D ( 'NONE', #2099, #1030, #2347 ) ;
#394 = PLANE ( 'NONE',  #2603 ) ;
#395 = UNCERTAINTY_MEASURE_WITH_UNIT (LENGTH_MEASURE( 1.000000000000000082E-05 ), #2532, 'distance_accuracy_value', 'NONE');
#396 =( NAMED_UNIT ( * ) PLANE_ANGLE_UNIT ( ) SI_UNIT ( $, .RADIAN. ) );
#397 = PRESENTATION_STYLE_ASSIGNMENT (( #2694 ) ) ;
#398 = SURFACE_SIDE_STYLE ('',( #4089 ) ) ;
#399 = ORIENTED_EDGE ( 'NONE', *, *, #4287, .F. ) ;
#400 = ORIENTED_EDGE ( 'NONE', *, *, #3747, .T. ) ;
#401 = CARTESIAN_POINT ( 'NONE',  ( -0.7749999999999999112, -1.000000000000000000, 0.1300000000000000044 ) ) ;
#402 = PRESENTATION_LAYER_ASSIGNMENT (  '', '', ( #2517 ) ) ;
#403 =( LENGTH_UNIT ( ) NAMED_UNIT ( * ) SI_UNIT ( .MILLI., .METRE. ) );
#404 = ORIENTED_EDGE ( 'NONE', *, *, #2373, .F. ) ;
#405 = CARTESIAN_POINT ( 'NONE',  ( 0.5250000000000000222, 1.000000000000000000, 0.000000000000000000 ) ) ;
#406 = EDGE_CURVE ( 'NONE', #992, #843, #1190, .T. ) ;
#407 = CARTESIAN_POINT ( 'NONE',  ( -0.5249999999999999112, -1.000000000000000000, 0.1300000000000000044 ) ) ;
#408 = LINE ( 'NONE', #4027, #686 ) ;
#409 = PRESENTATION_LAYER_ASSIGNMENT (  '', '', ( #1187 ) ) ;
#410 = VERTEX_POINT ( 'NONE', #766 ) ;
#411 = EDGE_CURVE ( 'NONE', #4120, #992, #3812, .T. ) ;
#412 = ADVANCED_FACE ( 'NONE', ( #3453 ), #3162, .F. ) ;
#413 = CARTESIAN_POINT ( 'NONE',  ( 0.8249999999999997335, 0.3999999999999999667, 0.000000000000000000 ) ) ;
#414 = CARTESIAN_POINT ( 'NONE',  ( 0.1250000000000001110, 0.7000000000000000666, 0.1300000000000000044 ) ) ;
#415 = MECHANICAL_DESIGN_GEOMETRIC_PRESENTATION_REPRESENTATION (  '', ( #2637 ), #624 ) ;
#416 = STYLED_ITEM ( 'NONE', ( #1338 ), #2679 ) ;
#417 = ADVANCED_FACE ( 'NONE', ( #2530 ), #3432, .T. ) ;
#418 = CARTESIAN_POINT ( 'NONE',  ( -0.1249999999999998890, 0.7000000000000000666, 0.1300000000000000044 ) ) ;
#419 = CARTESIAN_POINT ( 'NONE',  ( 0.000000000000000000, 0.000000000000000000, 0.1300000000000000044 ) ) ;
#420 = LINE ( 'NONE', #2061, #2274 ) ;
#421 = PRODUCT ( 'DMN3032LFDB-7', 'DMN3032LFDB-7', '', ( #4194 ) ) ;
#422 = CARTESIAN_POINT ( 'NONE',  ( 0.000000000000000000, 0.000000000000000000, 0.1300000000000000044 ) ) ;
#423 = ORIENTED_EDGE ( 'NONE', *, *, #3564, .F. ) ;
#424 = PLANE ( 'NONE',  #2011 ) ;
#425 = ORIENTED_EDGE ( 'NONE', *, *, #3834, .T. ) ;
#426 = ORIENTED_EDGE ( 'NONE', *, *, #281, .F. ) ;
#427 = DIRECTION ( 'NONE',  ( 0.000000000000000000, -1.000000000000000000, 0.000000000000000000 ) ) ;
#428 = SURFACE_STYLE_FILL_AREA ( #1209 ) ;
#429 = ORIENTED_EDGE ( 'NONE', *, *, #1203, .F. ) ;
#430 = ORIENTED_EDGE ( 'NONE', *, *, #3073, .F. ) ;
#431 = CARTESIAN_POINT ( 'NONE',  ( 0.3250000000000000111, 0.5000000000000000000, 0.1300000000000000044 ) ) ;
#432 = ORIENTED_EDGE ( 'NONE', *, *, #1731, .F. ) ;
#433 = CARTESIAN_POINT ( 'NONE',  ( -0.5249999999999999112, -1.000000000000000000, 0.000000000000000000 ) ) ;
#434 = CARTESIAN_POINT ( 'NONE',  ( -0.7749999999999999112, 0.7000000000000000666, 0.1300000000000000044 ) ) ;
#435 = FILL_AREA_STYLE_COLOUR ( '', #3291 ) ;
#436 = FACE_OUTER_BOUND ( 'NONE', #175, .T. ) ;
#437 = UNCERTAINTY_MEASURE_WITH_UNIT (LENGTH_MEASURE( 1.000000000000000082E-05 ), #3651, 'distance_accuracy_value', 'NONE');
#438 = CLOSED_SHELL ( 'NONE', ( #2679, #1738, #1005, #679, #3300, #1239, #1317, #3069, #4005, #3503, #916, #1784, #1864, #3373, #1374, #1449, #1349, #1478, #3775, #2467, #3120, #2486, #1477, #488, #4099, #412, #2565, #4064, #2887, #2097, #2996, #839, #378, #3565, #463, #2620, #4123, #576, #926, #2918, #2484, #1201, #2035, #2062, #360, #742, #2939, #2227, #2761, #2789, #3019 ) ) ;
#439 = EDGE_CURVE ( 'NONE', #2599, #574, #2751, .T. ) ;
#440 = DIRECTION ( 'NONE',  ( -1.000000000000000000, 0.000000000000000000, -0.000000000000000000 ) ) ;
#441 = VERTEX_POINT ( 'NONE', #137 ) ;
#442 = LINE ( 'NONE', #3087, #2154 ) ;
#443 = ORIENTED_EDGE ( 'NONE', *, *, #2175, .F. ) ;
#444 = ADVANCED_FACE ( 'NONE', ( #4082 ), #3756, .T. ) ;
#445 = LINE ( 'NONE', #3806, #1607 ) ;
#446 = ORIENTED_EDGE ( 'NONE', *, *, #3956, .F. ) ;
#447 = DIRECTION ( 'NONE',  ( -0.000000000000000000, 0.000000000000000000, 1.000000000000000000 ) ) ;
#448 = FACE_OUTER_BOUND ( 'NONE', #3150, .T. ) ;
#449 = PRESENTATION_LAYER_ASSIGNMENT (  '', '', ( #2493 ) ) ;
#450 = ORIENTED_EDGE ( 'NONE', *, *, #4287, .T. ) ;
#451 = LINE ( 'NONE', #1780, #1824 ) ;
#452 =( GEOMETRIC_REPRESENTATION_CONTEXT ( 3 ) GLOBAL_UNCERTAINTY_ASSIGNED_CONTEXT ( ( #787 ) ) GLOBAL_UNIT_ASSIGNED_CONTEXT ( ( #1814, #2134, #4132 ) ) REPRESENTATION_CONTEXT ( 'NONE', 'WORKASPACE' ) );
#453 = CARTESIAN_POINT ( 'NONE',  ( -0.1249999999999998890, 0.7000000000000000666, 0.000000000000000000 ) ) ;
#454 = STYLED_ITEM ( 'NONE', ( #2248 ), #3541 ) ;
#455 = STYLED_ITEM ( 'NONE', ( #4019 ), #2429 ) ;
#456 = CARTESIAN_POINT ( 'NONE',  ( -0.3250000000000000111, 0.5000000000000000000, 0.1300000000000000044 ) ) ;
#457 = SURFACE_STYLE_FILL_AREA ( #3455 ) ;
#458 =( GEOMETRIC_REPRESENTATION_CONTEXT ( 3 ) GLOBAL_UNCERTAINTY_ASSIGNED_CONTEXT ( ( #3365 ) ) GLOBAL_UNIT_ASSIGNED_CONTEXT ( ( #1520, #750, #770 ) ) REPRESENTATION_CONTEXT ( 'NONE', 'WORKASPACE' ) );
#459 = EDGE_CURVE ( 'NONE', #622, #3600, #2948, .T. ) ;
#460 = ADVANCED_FACE ( 'NONE', ( #937 ), #1240, .T. ) ;
#461 = DIRECTION ( 'NONE',  ( -1.000000000000000000, 0.000000000000000000, 0.000000000000000000 ) ) ;
#462 = ORIENTED_EDGE ( 'NONE', *, *, #3431, .F. ) ;
#463 = ADVANCED_FACE ( 'NONE', ( #3922 ), #632, .F. ) ;
#464 = EDGE_CURVE ( 'NONE', #465, #3600, #1306, .T. ) ;
#465 = VERTEX_POINT ( 'NONE', #3606 ) ;
#466 = ORIENTED_EDGE ( 'NONE', *, *, #3673, .F. ) ;
#467 =( NAMED_UNIT ( * ) PLANE_ANGLE_UNIT ( ) SI_UNIT ( $, .RADIAN. ) );
#468 = ORIENTED_EDGE ( 'NONE', *, *, #3925, .F. ) ;
#469 = LINE ( 'NONE', #3065, #1335 ) ;
#470 = DIRECTION ( 'NONE',  ( 0.000000000000000000, 1.000000000000000000, 0.000000000000000000 ) ) ;
#471 = CARTESIAN_POINT ( 'NONE',  ( 0.5250000000000000222, 0.7000000000000000666, -0.05000000000000000278 ) ) ;
#472 = VERTEX_POINT ( 'NONE', #1215 ) ;
#473 = LINE ( 'NONE', #3731, #737 ) ;
#474 = CARTESIAN_POINT ( 'NONE',  ( 0.3250000000000000111, 0.4000000000000000222, -0.05000000000000000278 ) ) ;
#475 = DIRECTION ( 'NONE',  ( -1.000000000000000000, 0.000000000000000000, -0.000000000000000000 ) ) ;
#476 = PRESENTATION_LAYER_ASSIGNMENT (  '', '', ( #3342 ) ) ;
#477 = MECHANICAL_DESIGN_GEOMETRIC_PRESENTATION_REPRESENTATION (  '', ( #4180 ), #2808 ) ;
#478 = AXIS2_PLACEMENT_3D ( 'NONE', #1352, #2683, #2030 ) ;
#479 = CARTESIAN_POINT ( 'NONE',  ( -0.1249999999999998890, 0.7000000000000000666, 0.1300000000000000044 ) ) ;
#481 = FILL_AREA_STYLE ('',( #912 ) ) ;
#480 = DIRECTION ( 'NONE',  ( -0.000000000000000000, -0.000000000000000000, -1.000000000000000000 ) ) ;
#482 = UNCERTAINTY_MEASURE_WITH_UNIT (LENGTH_MEASURE( 1.000000000000000082E-05 ), #2187, 'distance_accuracy_value', 'NONE');
#483 =( NAMED_UNIT ( * ) SI_UNIT ( $, .STERADIAN. ) SOLID_ANGLE_UNIT ( ) );
#484 = PRESENTATION_LAYER_ASSIGNMENT (  '', '', ( #764 ) ) ;
#485 = FILL_AREA_STYLE ('',( #1568 ) ) ;
#486 = DIRECTION ( 'NONE',  ( -0.000000000000000000, -0.000000000000000000, -1.000000000000000000 ) ) ;
#487 = ORIENTED_EDGE ( 'NONE', *, *, #1547, .T. ) ;
#488 = ADVANCED_FACE ( 'NONE', ( #286 ), #1966, .T. ) ;
#489 = FACE_OUTER_BOUND ( 'NONE', #2898, .T. ) ;
#490 = VERTEX_POINT ( 'NONE', #2593 ) ;
#491 = CARTESIAN_POINT ( 'NONE',  ( 0.2250000000000000333, 0.4000000000000000222, 0.000000000000000000 ) ) ;
#492 = VECTOR ( 'NONE', #3545, 1000.000000000000000 ) ;
#493 = SURFACE_STYLE_USAGE ( .BOTH. , #3171 ) ;
#494 = CARTESIAN_POINT ( 'NONE',  ( -0.7749999999999999112, -0.7000000000000000666, 0.1300000000000000044 ) ) ;
#495 = VERTEX_POINT ( 'NONE', #2967 ) ;
#496 =( NAMED_UNIT ( * ) PLANE_ANGLE_UNIT ( ) SI_UNIT ( $, .RADIAN. ) );
#497 = CARTESIAN_POINT ( 'NONE',  ( 0.5250000000000000222, 1.000000000000000000, -0.05000000000000000278 ) ) ;
#498 = DIRECTION ( 'NONE',  ( 0.000000000000000000, 0.000000000000000000, -1.000000000000000000 ) ) ;
#499 = CARTESIAN_POINT ( 'NONE',  ( -0.5249999999999999112, 1.000000000000000000, 0.1300000000000000044 ) ) ;
#500 = SURFACE_SIDE_STYLE ('',( #2200 ) ) ;
#501 = COLOUR_RGB ( '',1.000000000000000000, 1.000000000000000000, 1.000000000000000000 ) ;
#502 = DIRECTION ( 'NONE',  ( 0.000000000000000000, 0.000000000000000000, -1.000000000000000000 ) ) ;
#503 = FACE_OUTER_BOUND ( 'NONE', #2492, .T. ) ;
#504 = EDGE_LOOP ( 'NONE', ( #3783, #3 ) ) ;
#505 = CARTESIAN_POINT ( 'NONE',  ( -0.7749999999999999112, 1.000000000000000000, 0.1300000000000000044 ) ) ;
#506 = ORIENTED_EDGE ( 'NONE', *, *, #3229, .T. ) ;
#507 = SURFACE_STYLE_USAGE ( .BOTH. , #2185 ) ;
#508 = SURFACE_STYLE_USAGE ( .BOTH. , #4139 ) ;
#509 = ORIENTED_EDGE ( 'NONE', *, *, #901, .F. ) ;
#510 = ORIENTED_EDGE ( 'NONE', *, *, #1984, .T. ) ;
#511 = EDGE_CURVE ( 'NONE', #1151, #2804, #1603, .T. ) ;
#512 = AXIS2_PLACEMENT_3D ( 'NONE', #2405, #706, #2051 ) ;
#513 = VECTOR ( 'NONE', #3689, 1000.000000000000000 ) ;
#514 = EDGE_CURVE ( 'NONE', #254, #237, #4197, .T. ) ;
#515 = LINE ( 'NONE', #2230, #1462 ) ;
#516 = EDGE_CURVE ( 'NONE', #2287, #3002, #3587, .T. ) ;
#517 = LINE ( 'NONE', #3222, #4134 ) ;
#518 = FILL_AREA_STYLE ('',( #3516 ) ) ;
#519 = VECTOR ( 'NONE', #3616, 1000.000000000000000 ) ;
#520 = STYLED_ITEM ( 'NONE', ( #565 ), #3333 ) ;
#521 =( LENGTH_UNIT ( ) NAMED_UNIT ( * ) SI_UNIT ( .MILLI., .METRE. ) );
#523 = LINE ( 'NONE', #3563, #2945 ) ;
#522 = FILL_AREA_STYLE_COLOUR ( '', #2942 ) ;
#524 = UNCERTAINTY_MEASURE_WITH_UNIT (LENGTH_MEASURE( 1.000000000000000082E-05 ), #3183, 'distance_accuracy_value', 'NONE');
#525 =( LENGTH_UNIT ( ) NAMED_UNIT ( * ) SI_UNIT ( .MILLI., .METRE. ) );
#526 = COLOUR_RGB ( '',1.000000000000000000, 1.000000000000000000, 1.000000000000000000 ) ;
#527 = CARTESIAN_POINT ( 'NONE',  ( -0.3250000000000000111, 0.4000000000000000222, 0.1300000000000000044 ) ) ;
#528 = PRESENTATION_STYLE_ASSIGNMENT (( #878 ) ) ;
#529 = EDGE_LOOP ( 'NONE', ( #4063, #684, #847, #1153 ) ) ;
#530 = LINE ( 'NONE', #3230, #1535 ) ;
#531 = ORIENTED_EDGE ( 'NONE', *, *, #3612, .F. ) ;
#532 = CARTESIAN_POINT ( 'NONE',  ( -0.1249999999999998890, -1.000000000000000000, 0.1300000000000000044 ) ) ;
#533 = PRESENTATION_STYLE_ASSIGNMENT (( #2285 ) ) ;
#534 = ORIENTED_EDGE ( 'NONE', *, *, #4059, .T. ) ;
#535 = ADVANCED_FACE ( 'NONE', ( #2904 ), #2255, .F. ) ;
#536 = DIRECTION ( 'NONE',  ( -1.000000000000000000, -0.000000000000000000, -0.000000000000000000 ) ) ;
#537 = DIRECTION ( 'NONE',  ( 0.000000000000000000, -1.000000000000000000, 0.000000000000000000 ) ) ;
#538 = CARTESIAN_POINT ( 'NONE',  ( 0.3250000000000000111, -0.4000000000000000222, 0.000000000000000000 ) ) ;
#539 = EDGE_CURVE ( 'NONE', #3254, #3964, #2663, .T. ) ;
#540 = AXIS2_PLACEMENT_3D ( 'NONE', #2757, #993, #1322 ) ;
#541 = DIRECTION ( 'NONE',  ( -1.000000000000000000, 0.000000000000000000, -0.000000000000000000 ) ) ;
#542 = LINE ( 'NONE', #3207, #3235 ) ;
#543 = STYLED_ITEM ( 'NONE', ( #951 ), #1293 ) ;
#544 = CIRCLE ( 'NONE', #3010, 0.1250000000000000000 ) ;
#545 = EDGE_CURVE ( 'NONE', #4252, #4119, #1757, .T. ) ;
#546 = PRESENTATION_STYLE_ASSIGNMENT (( #588 ) ) ;
#547 =( LENGTH_UNIT ( ) NAMED_UNIT ( * ) SI_UNIT ( .MILLI., .METRE. ) );
#548 = ORIENTED_EDGE ( 'NONE', *, *, #236, .F. ) ;
#549 = CARTESIAN_POINT ( 'NONE',  ( -1.000000000000000000, -1.000000000000000000, 0.6049999999999999822 ) ) ;
#550 = VECTOR ( 'NONE', #1716, 1000.000000000000000 ) ;
#551 = DIRECTION ( 'NONE',  ( -0.000000000000000000, 0.000000000000000000, -1.000000000000000000 ) ) ;
#552 = ORIENTED_EDGE ( 'NONE', *, *, #4033, .T. ) ;
#553 = CARTESIAN_POINT ( 'NONE',  ( -0.1249999999999998890, 0.7000000000000000666, 0.1300000000000000044 ) ) ;
#554 = DIRECTION ( 'NONE',  ( -0.000000000000000000, 1.000000000000000000, -0.000000000000000000 ) ) ;
#555 = ORIENTED_EDGE ( 'NONE', *, *, #1986, .T. ) ;
#556 = VERTEX_POINT ( 'NONE', #691 ) ;
#557 = CARTESIAN_POINT ( 'NONE',  ( 0.1250000000000001110, 1.000000000000000000, 0.000000000000000000 ) ) ;
#558 = SURFACE_SIDE_STYLE ('',( #3967 ) ) ;
#559 = SURFACE_STYLE_FILL_AREA ( #3879 ) ;
#560 = FILL_AREA_STYLE_COLOUR ( '', #342 ) ;
#561 = UNCERTAINTY_MEASURE_WITH_UNIT (LENGTH_MEASURE( 1.000000000000000082E-05 ), #1202, 'distance_accuracy_value', 'NONE');
#562 = LINE ( 'NONE', #3905, #1699 ) ;
#563 = DIRECTION ( 'NONE',  ( 0.000000000000000000, 1.000000000000000000, 0.000000000000000000 ) ) ;
#564 = ORIENTED_EDGE ( 'NONE', *, *, #2427, .T. ) ;
#565 = PRESENTATION_STYLE_ASSIGNMENT (( #3908 ) ) ;
#566 = EDGE_CURVE ( 'NONE', #3961, #2287, #13, .T. ) ;
#567 = AXIS2_PLACEMENT_3D ( 'NONE', #1289, #893, #2908 ) ;
#568 = VERTEX_POINT ( 'NONE', #2031 ) ;
#569 = PLANE ( 'NONE',  #4250 ) ;
#570 =( LENGTH_UNIT ( ) NAMED_UNIT ( * ) SI_UNIT ( .MILLI., .METRE. ) );
#571 = AXIS2_PLACEMENT_3D ( 'NONE', #1622, #1577, #3557 ) ;
#572 = SURFACE_STYLE_USAGE ( .BOTH. , #3746 ) ;
#573 = ORIENTED_EDGE ( 'NONE', *, *, #156, .F. ) ;
#574 = VERTEX_POINT ( 'NONE', #4029 ) ;
#575 = MECHANICAL_DESIGN_GEOMETRIC_PRESENTATION_REPRESENTATION (  '', ( #1587 ), #717 ) ;
#576 = ADVANCED_FACE ( 'NONE', ( #3007 ), #2370, .F. ) ;
#577 = DIRECTION ( 'NONE',  ( -1.000000000000000000, 0.000000000000000000, 0.000000000000000000 ) ) ;
#578 = CARTESIAN_POINT ( 'NONE',  ( -1.000000000000000000, 1.000000000000000000, 0.6049999999999999822 ) ) ;
#579 = CARTESIAN_POINT ( 'NONE',  ( -0.3250000000000000111, 0.5000000000000000000, 0.000000000000000000 ) ) ;
#580 = AXIS2_PLACEMENT_3D ( 'NONE', #2660, #3966, #283 ) ;
#581 = VECTOR ( 'NONE', #3786, 1000.000000000000000 ) ;
#582 = VECTOR ( 'NONE', #3955, 1000.000000000000000 ) ;
#583 = FILL_AREA_STYLE ('',( #2315 ) ) ;
#585 = DIRECTION ( 'NONE',  ( 0.000000000000000000, 0.000000000000000000, -1.000000000000000000 ) ) ;
#584 = DIRECTION ( 'NONE',  ( 0.000000000000000000, 0.000000000000000000, -1.000000000000000000 ) ) ;
#586 = PLANE ( 'NONE',  #2902 ) ;
#587 = AXIS2_PLACEMENT_3D ( 'NONE', #549, #3268, #252 ) ;
#588 = SURFACE_STYLE_USAGE ( .BOTH. , #962 ) ;
#589 = CARTESIAN_POINT ( 'NONE',  ( -0.8750000000000000000, -0.7500000000000000000, 0.6049999999999999822 ) ) ;
#590 = ORIENTED_EDGE ( 'NONE', *, *, #3643, .F. ) ;
#591 = AXIS2_PLACEMENT_3D ( 'NONE', #4173, #2211, #240 ) ;
#592 = CARTESIAN_POINT ( 'NONE',  ( -0.2250000000000000056, -0.4000000000000000222, 0.000000000000000000 ) ) ;
#593 = EDGE_CURVE ( 'NONE', #3852, #2337, #3405, .T. ) ;
#594 = COLOUR_RGB ( '',1.000000000000000000, 1.000000000000000000, 1.000000000000000000 ) ;
#595 = EDGE_CURVE ( 'NONE', #67, #3422, #1424, .T. ) ;
#596 = FACE_OUTER_BOUND ( 'NONE', #2585, .T. ) ;
#597 = ORIENTED_EDGE ( 'NONE', *, *, #2557, .T. ) ;
#598 = DIRECTION ( 'NONE',  ( 0.000000000000000000, -1.000000000000000000, 0.000000000000000000 ) ) ;
#599 = CARTESIAN_POINT ( 'NONE',  ( 0.2250000000000000333, 0.4000000000000000222, 0.1300000000000000044 ) ) ;
#600 = EDGE_CURVE ( 'NONE', #1347, #1797, #2684, .T. ) ;
#601 = LINE ( 'NONE', #1390, #4141 ) ;
#602 = ORIENTED_EDGE ( 'NONE', *, *, #1174, .F. ) ;
#603 = VECTOR ( 'NONE', #3226, 1000.000000000000000 ) ;
#604 = EDGE_LOOP ( 'NONE', ( #4100, #928, #4046, #2265 ) ) ;
#605 = PRESENTATION_LAYER_ASSIGNMENT (  '', '', ( #39 ) ) ;
#606 =( NAMED_UNIT ( * ) SI_UNIT ( $, .STERADIAN. ) SOLID_ANGLE_UNIT ( ) );
#607 = DIRECTION ( 'NONE',  ( -1.000000000000000000, 0.000000000000000000, 0.000000000000000000 ) ) ;
#608 = CARTESIAN_POINT ( 'NONE',  ( 0.000000000000000000, 0.000000000000000000, 0.1300000000000000044 ) ) ;
#609 = EDGE_CURVE ( 'NONE', #194, #2000, #2753, .T. ) ;
#610 = DIRECTION ( 'NONE',  ( -0.000000000000000000, -0.000000000000000000, -1.000000000000000000 ) ) ;
#611 =( NAMED_UNIT ( * ) PLANE_ANGLE_UNIT ( ) SI_UNIT ( $, .RADIAN. ) );
#612 =( NAMED_UNIT ( * ) PLANE_ANGLE_UNIT ( ) SI_UNIT ( $, .RADIAN. ) );
#613 = VECTOR ( 'NONE', #1145, 1000.000000000000000 ) ;
#614 =( NAMED_UNIT ( * ) PLANE_ANGLE_UNIT ( ) SI_UNIT ( $, .RADIAN. ) );
#615 = DIRECTION ( 'NONE',  ( 1.000000000000000000, -0.000000000000000000, 0.000000000000000000 ) ) ;
#616 = ORIENTED_EDGE ( 'NONE', *, *, #1064, .F. ) ;
#617 = CARTESIAN_POINT ( 'NONE',  ( -0.7749999999999999112, -0.7000000000000000666, -0.05000000000000000278 ) ) ;
#618 =( NAMED_UNIT ( * ) PLANE_ANGLE_UNIT ( ) SI_UNIT ( $, .RADIAN. ) );
#619 = PRESENTATION_LAYER_ASSIGNMENT (  '', '', ( #3755 ) ) ;
#620 = STYLED_ITEM ( 'NONE', ( #3051 ), #4187 ) ;
#621 =( LENGTH_UNIT ( ) NAMED_UNIT ( * ) SI_UNIT ( .MILLI., .METRE. ) );
#622 = VERTEX_POINT ( 'NONE', #3986 ) ;
#623 = DIRECTION ( 'NONE',  ( -0.000000000000000000, -1.000000000000000000, -0.000000000000000000 ) ) ;
#624 =( GEOMETRIC_REPRESENTATION_CONTEXT ( 3 ) GLOBAL_UNCERTAINTY_ASSIGNED_CONTEXT ( ( #2418 ) ) GLOBAL_UNIT_ASSIGNED_CONTEXT ( ( #1020, #3739, #2399 ) ) REPRESENTATION_CONTEXT ( 'NONE', 'WORKASPACE' ) );
#625 = STYLED_ITEM ( 'NONE', ( #4016 ), #2678 ) ;
#626 = VERTEX_POINT ( 'NONE', #3050 ) ;
#627 = ORIENTED_EDGE ( 'NONE', *, *, #3747, .F. ) ;
#628 = STYLED_ITEM ( 'NONE', ( #104 ), #4262 ) ;
#629 =( NAMED_UNIT ( * ) PLANE_ANGLE_UNIT ( ) SI_UNIT ( $, .RADIAN. ) );
#630 = FACE_OUTER_BOUND ( 'NONE', #4112, .T. ) ;
#631 = ORIENTED_EDGE ( 'NONE', *, *, #7, .T. ) ;
#632 = PLANE ( 'NONE',  #3661 ) ;
#633 = FILL_AREA_STYLE ('',( #2295 ) ) ;
#634 = LINE ( 'NONE', #3608, #2392 ) ;
#635 = FILL_AREA_STYLE ('',( #2320 ) ) ;
#636 = ORIENTED_EDGE ( 'NONE', *, *, #1310, .F. ) ;
#637 = FILL_AREA_STYLE_COLOUR ( '', #108 ) ;
#638 = ORIENTED_EDGE ( 'NONE', *, *, #3198, .F. ) ;
#639 = LINE ( 'NONE', #2342, #1763 ) ;
#640 = DIRECTION ( 'NONE',  ( -0.000000000000000000, 1.000000000000000000, -0.000000000000000000 ) ) ;
#641 = ORIENTED_EDGE ( 'NONE', *, *, #1673, .T. ) ;
#642 = LINE ( 'NONE', #401, #3723 ) ;
#643 = AXIS2_PLACEMENT_3D ( 'NONE', #3717, #3696, #748 ) ;
#644 = STYLED_ITEM ( 'NONE', ( #1495 ), #1860 ) ;
#645 = VERTEX_POINT ( 'NONE', #4306 ) ;
#646 = DIRECTION ( 'NONE',  ( 1.000000000000000000, 0.000000000000000000, 0.000000000000000000 ) ) ;
#647 = VECTOR ( 'NONE', #2647, 1000.000000000000000 ) ;
#648 = LINE ( 'NONE', #1004, #2591 ) ;
#649 = EDGE_CURVE ( 'NONE', #250, #1800, #2150, .T. ) ;
#650 = EDGE_CURVE ( 'NONE', #2797, #2369, #36, .T. ) ;
#651 = CARTESIAN_POINT ( 'NONE',  ( 0.7750000000000001332, -1.000000000000000000, 0.1300000000000000044 ) ) ;
#653 = SURFACE_STYLE_USAGE ( .BOTH. , #986 ) ;
#652 =( LENGTH_UNIT ( ) NAMED_UNIT ( * ) SI_UNIT ( .MILLI., .METRE. ) );
#654 = UNCERTAINTY_MEASURE_WITH_UNIT (LENGTH_MEASURE( 1.000000000000000082E-05 ), #3444, 'distance_accuracy_value', 'NONE');
#655 = AXIS2_PLACEMENT_3D ( 'NONE', #1648, #303, #1580 ) ;
#656 = ORIENTED_EDGE ( 'NONE', *, *, #2461, .T. ) ;
#657 = PLANE ( 'NONE',  #365 ) ;
#658 = PRESENTATION_LAYER_ASSIGNMENT (  '', '', ( #185 ) ) ;
#659 = CARTESIAN_POINT ( 'NONE',  ( -0.1249999999999998890, 0.7000000000000000666, 0.000000000000000000 ) ) ;
#660 = ORIENTED_EDGE ( 'NONE', *, *, #1314, .F. ) ;
#661 = LINE ( 'NONE', #63, #1624 ) ;
#662 = DIRECTION ( 'NONE',  ( 1.000000000000000000, 0.000000000000000000, 0.000000000000000000 ) ) ;
#663 = VERTEX_POINT ( 'NONE', #2333 ) ;
#664 = VECTOR ( 'NONE', #4077, 1000.000000000000000 ) ;
#665 = VECTOR ( 'NONE', #3036, 1000.000000000000000 ) ;
#666 = ORIENTED_EDGE ( 'NONE', *, *, #1398, .T. ) ;
#667 = LINE ( 'NONE', #689, #251 ) ;
#668 = AXIS2_PLACEMENT_3D ( 'NONE', #815, #2825, #1085 ) ;
#669 = FACE_OUTER_BOUND ( 'NONE', #1468, .T. ) ;
#670 = DIRECTION ( 'NONE',  ( -0.000000000000000000, 0.000000000000000000, -1.000000000000000000 ) ) ;
#671 = VERTEX_POINT ( 'NONE', #3646 ) ;
#672 =( GEOMETRIC_REPRESENTATION_CONTEXT ( 3 ) GLOBAL_UNCERTAINTY_ASSIGNED_CONTEXT ( ( #187 ) ) GLOBAL_UNIT_ASSIGNED_CONTEXT ( ( #4004, #1440, #2728 ) ) REPRESENTATION_CONTEXT ( 'NONE', 'WORKASPACE' ) );
#673 = EDGE_CURVE ( 'NONE', #2504, #3780, #1007, .T. ) ;
#674 = PLANE ( 'NONE',  #1188 ) ;
#675 = DIRECTION ( 'NONE',  ( 0.000000000000000000, 0.000000000000000000, 1.000000000000000000 ) ) ;
#676 = PLANE ( 'NONE',  #3220 ) ;
#677 = ORIENTED_EDGE ( 'NONE', *, *, #1346, .T. ) ;
#678 = LINE ( 'NONE', #352, #1367 ) ;
#679 = ADVANCED_FACE ( 'NONE', ( #346 ), #1715, .F. ) ;
#680 = CARTESIAN_POINT ( 'NONE',  ( -0.1249999999999998890, -1.000000000000000000, 0.1300000000000000044 ) ) ;
#681 = CARTESIAN_POINT ( 'NONE',  ( -0.7749999999999999112, -0.7000000000000000666, 0.1300000000000000044 ) ) ;
#682 = ORIENTED_EDGE ( 'NONE', *, *, #3203, .T. ) ;
#683 = DIRECTION ( 'NONE',  ( 1.000000000000000000, 0.000000000000000000, 0.000000000000000000 ) ) ;
#684 = ORIENTED_EDGE ( 'NONE', *, *, #2536, .F. ) ;
#685 =( GEOMETRIC_REPRESENTATION_CONTEXT ( 3 ) GLOBAL_UNCERTAINTY_ASSIGNED_CONTEXT ( ( #4012 ) ) GLOBAL_UNIT_ASSIGNED_CONTEXT ( ( #2894, #1844, #4167 ) ) REPRESENTATION_CONTEXT ( 'NONE', 'WORKASPACE' ) );
#686 = VECTOR ( 'NONE', #2703, 1000.000000000000000 ) ;
#687 = VECTOR ( 'NONE', #3814, 1000.000000000000000 ) ;
#688 = ORIENTED_EDGE ( 'NONE', *, *, #353, .T. ) ;
#689 = CARTESIAN_POINT ( 'NONE',  ( 0.7750000000000001332, -0.7000000000000000666, 0.1300000000000000044 ) ) ;
#690 = PRESENTATION_STYLE_ASSIGNMENT (( #11 ) ) ;
#691 = CARTESIAN_POINT ( 'NONE',  ( 0.2250000000000000333, 0.4000000000000000222, 0.1300000000000000044 ) ) ;
#692 = DIRECTION ( 'NONE',  ( 0.000000000000000000, 0.000000000000000000, -1.000000000000000000 ) ) ;
#693 = SURFACE_STYLE_FILL_AREA ( #4079 ) ;
#694 = VECTOR ( 'NONE', #1693, 1000.000000000000000 ) ;
#695 = VECTOR ( 'NONE', #2993, 1000.000000000000000 ) ;
#696 = FILL_AREA_STYLE ('',( #3329 ) ) ;
#697 = UNCERTAINTY_MEASURE_WITH_UNIT (LENGTH_MEASURE( 1.000000000000000082E-05 ), #910, 'distance_accuracy_value', 'NONE');
#698 =( NAMED_UNIT ( * ) SI_UNIT ( $, .STERADIAN. ) SOLID_ANGLE_UNIT ( ) );
#699 = EDGE_CURVE ( 'NONE', #1138, #472, #1452, .T. ) ;
#700 = DIRECTION ( 'NONE',  ( -1.000000000000000000, -0.000000000000000000, -0.000000000000000000 ) ) ;
#701 = ADVANCED_FACE ( 'NONE', ( #1362 ), #354, .T. ) ;
#702 = DIRECTION ( 'NONE',  ( 0.000000000000000000, 0.000000000000000000, -1.000000000000000000 ) ) ;
#703 = ORIENTED_EDGE ( 'NONE', *, *, #1263, .F. ) ;
#704 = DIRECTION ( 'NONE',  ( 1.000000000000000000, 0.000000000000000000, 0.000000000000000000 ) ) ;
#705 = ORIENTED_EDGE ( 'NONE', *, *, #2461, .F. ) ;
#706 = DIRECTION ( 'NONE',  ( 0.000000000000000000, 0.000000000000000000, -1.000000000000000000 ) ) ;
#707 = ORIENTED_EDGE ( 'NONE', *, *, #60, .F. ) ;
#708 = FACE_OUTER_BOUND ( 'NONE', #604, .T. ) ;
#709 = SURFACE_STYLE_USAGE ( .BOTH. , #1053 ) ;
#710 = CARTESIAN_POINT ( 'NONE',  ( -0.1249999999999998890, -1.000000000000000000, -0.05000000000000000278 ) ) ;
#711 = PRESENTATION_LAYER_ASSIGNMENT (  '', '', ( #2618 ) ) ;
#712 = EDGE_LOOP ( 'NONE', ( #3703, #3720, #1657, #2542 ) ) ;
#713 = CARTESIAN_POINT ( 'NONE',  ( -0.7249999999999997558, 0.5000000000000000000, 0.1300000000000000044 ) ) ;
#714 = CARTESIAN_POINT ( 'NONE',  ( -1.000000000000000000, 1.000000000000000000, 0.000000000000000000 ) ) ;
#715 = FACE_OUTER_BOUND ( 'NONE', #3145, .T. ) ;
#716 = LINE ( 'NONE', #3692, #4185 ) ;
#717 =( GEOMETRIC_REPRESENTATION_CONTEXT ( 3 ) GLOBAL_UNCERTAINTY_ASSIGNED_CONTEXT ( ( #395 ) ) GLOBAL_UNIT_ASSIGNED_CONTEXT ( ( #2532, #1220, #2551 ) ) REPRESENTATION_CONTEXT ( 'NONE', 'WORKASPACE' ) );
#718 = LINE ( 'NONE', #1427, #1983 ) ;
#719 =( LENGTH_UNIT ( ) NAMED_UNIT ( * ) SI_UNIT ( .MILLI., .METRE. ) );
#720 =( GEOMETRIC_REPRESENTATION_CONTEXT ( 3 ) GLOBAL_UNCERTAINTY_ASSIGNED_CONTEXT ( ( #4156 ) ) GLOBAL_UNIT_ASSIGNED_CONTEXT ( ( #1711, #2702, #3641 ) ) REPRESENTATION_CONTEXT ( 'NONE', 'WORKASPACE' ) );
#721 = VECTOR ( 'NONE', #610, 1000.000000000000000 ) ;
#722 = FILL_AREA_STYLE_COLOUR ( '', #112 ) ;
#723 = ORIENTED_EDGE ( 'NONE', *, *, #282, .T. ) ;
#724 = VECTOR ( 'NONE', #1294, 1000.000000000000000 ) ;
#725 = VECTOR ( 'NONE', #1057, 1000.000000000000000 ) ;
#726 = FILL_AREA_STYLE_COLOUR ( '', #3522 ) ;
#727 = ORIENTED_EDGE ( 'NONE', *, *, #2229, .T. ) ;
#728 = CARTESIAN_POINT ( 'NONE',  ( 0.8249999999999997335, 0.3999999999999999667, 0.1300000000000000044 ) ) ;
#729 = EDGE_CURVE ( 'NONE', #2073, #4311, #3416, .T. ) ;
#730 = EDGE_CURVE ( 'NONE', #843, #1276, #3394, .T. ) ;
#731 = MECHANICAL_DESIGN_GEOMETRIC_PRESENTATION_REPRESENTATION (  '', ( #1311 ), #4228 ) ;
#732 = ADVANCED_FACE ( 'NONE', ( #2063 ), #2106, .T. ) ;
#733 = ORIENTED_EDGE ( 'NONE', *, *, #2373, .T. ) ;
#734 = DIRECTION ( 'NONE',  ( -1.000000000000000000, 6.776263578034403945E-17, 0.000000000000000000 ) ) ;
#735 = CARTESIAN_POINT ( 'NONE',  ( 0.000000000000000000, 0.000000000000000000, -0.05000000000000000278 ) ) ;
#736 = CARTESIAN_POINT ( 'NONE',  ( -0.7249999999999997558, 0.3999999999999999667, 0.000000000000000000 ) ) ;
#737 = VECTOR ( 'NONE', #1799, 1000.000000000000000 ) ;
#738 = SURFACE_STYLE_USAGE ( .BOTH. , #3160 ) ;
#739 = CARTESIAN_POINT ( 'NONE',  ( 0.000000000000000000, 0.000000000000000000, 0.1300000000000000044 ) ) ;
#740 = DIRECTION ( 'NONE',  ( 0.000000000000000000, 0.000000000000000000, -1.000000000000000000 ) ) ;
#741 = CARTESIAN_POINT ( 'NONE',  ( -0.2250000000000000333, 0.4000000000000000222, 0.1300000000000000044 ) ) ;
#742 = ADVANCED_FACE ( 'NONE', ( #1080 ), #2079, .F. ) ;
#743 = AXIS2_PLACEMENT_3D ( 'NONE', #608, #3898, #2589 ) ;
#744 = DIRECTION ( 'NONE',  ( 0.000000000000000000, -1.000000000000000000, 0.000000000000000000 ) ) ;
#746 = CARTESIAN_POINT ( 'NONE',  ( -0.7500000000000000000, -0.7500000000000000000, 0.5549999999999999378 ) ) ;
#745 = SURFACE_STYLE_FILL_AREA ( #2442 ) ;
#747 = UNCERTAINTY_MEASURE_WITH_UNIT (LENGTH_MEASURE( 1.000000000000000082E-05 ), #3495, 'distance_accuracy_value', 'NONE');
#748 = DIRECTION ( 'NONE',  ( -1.000000000000000000, 0.000000000000000000, 0.000000000000000000 ) ) ;
#749 =( NAMED_UNIT ( * ) PLANE_ANGLE_UNIT ( ) SI_UNIT ( $, .RADIAN. ) );
#750 =( NAMED_UNIT ( * ) PLANE_ANGLE_UNIT ( ) SI_UNIT ( $, .RADIAN. ) );
#751 = VERTEX_POINT ( 'NONE', #3408 ) ;
#752 =( NAMED_UNIT ( * ) SI_UNIT ( $, .STERADIAN. ) SOLID_ANGLE_UNIT ( ) );
#753 = ORIENTED_EDGE ( 'NONE', *, *, #2302, .F. ) ;
#754 = VECTOR ( 'NONE', #427, 1000.000000000000000 ) ;
#755 = DIRECTION ( 'NONE',  ( -0.000000000000000000, 0.000000000000000000, -1.000000000000000000 ) ) ;
#756 = ORIENTED_EDGE ( 'NONE', *, *, #511, .T. ) ;
#757 = PLANE ( 'NONE',  #2662 ) ;
#758 = DIRECTION ( 'NONE',  ( -1.000000000000000000, 0.000000000000000000, 0.000000000000000000 ) ) ;
#759 = PRESENTATION_LAYER_ASSIGNMENT (  '', '', ( #2664 ) ) ;
#760 = CIRCLE ( 'NONE', #2252, 0.1000000000000000472 ) ;
#761 = COLOUR_RGB ( '',1.000000000000000000, 1.000000000000000000, 1.000000000000000000 ) ;
#762 = DIRECTION ( 'NONE',  ( -0.000000000000000000, 0.000000000000000000, -1.000000000000000000 ) ) ;
#763 = ORIENTED_EDGE ( 'NONE', *, *, #3328, .F. ) ;
#764 = STYLED_ITEM ( 'NONE', ( #2587 ), #1264 ) ;
#765 = PRESENTATION_LAYER_ASSIGNMENT (  '', '', ( #416 ) ) ;
#766 = CARTESIAN_POINT ( 'NONE',  ( 0.1250000000000001110, 1.000000000000000000, 0.1300000000000000044 ) ) ;
#767 =( NAMED_UNIT ( * ) SI_UNIT ( $, .STERADIAN. ) SOLID_ANGLE_UNIT ( ) );
#768 = SURFACE_SIDE_STYLE ('',( #1542 ) ) ;
#769 = SURFACE_SIDE_STYLE ('',( #21 ) ) ;
#770 =( NAMED_UNIT ( * ) SI_UNIT ( $, .STERADIAN. ) SOLID_ANGLE_UNIT ( ) );
#771 = ORIENTED_EDGE ( 'NONE', *, *, #914, .F. ) ;
#772 = FACE_OUTER_BOUND ( 'NONE', #3429, .T. ) ;
#773 = ORIENTED_EDGE ( 'NONE', *, *, #4127, .T. ) ;
#774 = STYLED_ITEM ( 'NONE', ( #40 ), #326 ) ;
#775 = EDGE_LOOP ( 'NONE', ( #3894, #2670, #1615, #2167 ) ) ;
#776 = CARTESIAN_POINT ( 'NONE',  ( -0.7500000000000000000, -0.7500000000000000000, 0.5549999999999999378 ) ) ;
#777 = FILL_AREA_STYLE_COLOUR ( '', #1232 ) ;
#778 = PRESENTATION_STYLE_ASSIGNMENT (( #508 ) ) ;
#779 = CARTESIAN_POINT ( 'NONE',  ( -0.7749999999999999112, 1.000000000000000000, -0.05000000000000000278 ) ) ;
#780 = EDGE_CURVE ( 'NONE', #1177, #1506, #1011, .T. ) ;
#781 = CARTESIAN_POINT ( 'NONE',  ( -0.5249999999999999112, -1.000000000000000000, 0.1300000000000000044 ) ) ;
#782 = LINE ( 'NONE', #1167, #3464 ) ;
#783 = EDGE_CURVE ( 'NONE', #2495, #374, #2687, .T. ) ;
#784 = ADVANCED_FACE ( 'NONE', ( #3751 ), #674, .T. ) ;
#785 = MECHANICAL_DESIGN_GEOMETRIC_PRESENTATION_REPRESENTATION (  '', ( #2618 ), #3240 ) ;
#786 = SURFACE_STYLE_USAGE ( .BOTH. , #2799 ) ;
#787 = UNCERTAINTY_MEASURE_WITH_UNIT (LENGTH_MEASURE( 1.000000000000000082E-05 ), #1814, 'distance_accuracy_value', 'NONE');
#788 = CARTESIAN_POINT ( 'NONE',  ( -0.3250000000000000111, 0.4000000000000000222, 0.1300000000000000044 ) ) ;
#789 = CARTESIAN_POINT ( 'NONE',  ( 0.1250000000000001110, -1.000000000000000000, -0.05000000000000000278 ) ) ;
#790 = ORIENTED_EDGE ( 'NONE', *, *, #840, .T. ) ;
#791 = SURFACE_STYLE_FILL_AREA ( #4091 ) ;
#792 = EDGE_LOOP ( 'NONE', ( #666, #1569, #3504, #3938 ) ) ;
#793 = STYLED_ITEM ( 'NONE', ( #2699 ), #1317 ) ;
#794 =( GEOMETRIC_REPRESENTATION_CONTEXT ( 3 ) GLOBAL_UNCERTAINTY_ASSIGNED_CONTEXT ( ( #3206 ) ) GLOBAL_UNIT_ASSIGNED_CONTEXT ( ( #2877, #2476, #176 ) ) REPRESENTATION_CONTEXT ( 'NONE', 'WORKASPACE' ) );
#795 = VERTEX_POINT ( 'NONE', #2396 ) ;
#796 = LINE ( 'NONE', #2457, #1266 ) ;
#797 = SURFACE_STYLE_USAGE ( .BOTH. , #2812 ) ;
#798 = CARTESIAN_POINT ( 'NONE',  ( -0.7957106781186544797, -0.4707106781186548017, 0.1300000000000000044 ) ) ;
#799 = DIRECTION ( 'NONE',  ( -0.000000000000000000, -1.000000000000000000, -0.000000000000000000 ) ) ;
#800 = ORIENTED_EDGE ( 'NONE', *, *, #600, .T. ) ;
#801 = STYLED_ITEM ( 'NONE', ( #1570 ), #3300 ) ;
#802 = EDGE_LOOP ( 'NONE', ( #2361, #4257, #1433, #2851 ) ) ;
#803 =( NAMED_UNIT ( * ) SI_UNIT ( $, .STERADIAN. ) SOLID_ANGLE_UNIT ( ) );
#804 = CIRCLE ( 'NONE', #2231, 0.1000000000000000472 ) ;
#805 = CARTESIAN_POINT ( 'NONE',  ( -0.8249999999999997335, -0.3750961623601626327, 0.1300000000000000044 ) ) ;
#806 =( NAMED_UNIT ( * ) PLANE_ANGLE_UNIT ( ) SI_UNIT ( $, .RADIAN. ) );
#807 = PRESENTATION_LAYER_ASSIGNMENT (  '', '', ( #2714 ) ) ;
#808 =( GEOMETRIC_REPRESENTATION_CONTEXT ( 3 ) GLOBAL_UNCERTAINTY_ASSIGNED_CONTEXT ( ( #2378 ) ) GLOBAL_UNIT_ASSIGNED_CONTEXT ( ( #2304, #2383, #43 ) ) REPRESENTATION_CONTEXT ( 'NONE', 'WORKASPACE' ) );
#809 = EDGE_CURVE ( 'NONE', #1800, #3807, #716, .T. ) ;
#810 = DIRECTION ( 'NONE',  ( 0.000000000000000000, -0.000000000000000000, 1.000000000000000000 ) ) ;
#811 = FACE_OUTER_BOUND ( 'NONE', #1418, .T. ) ;
#812 = FILL_AREA_STYLE ('',( #1148 ) ) ;
#813 = STYLED_ITEM ( 'NONE', ( #1944 ), #915 ) ;
#814 = SURFACE_SIDE_STYLE ('',( #3523 ) ) ;
#815 = CARTESIAN_POINT ( 'NONE',  ( 0.7249999999999997558, 0.3999999999999999667, 0.1300000000000000044 ) ) ;
#816 = VERTEX_POINT ( 'NONE', #348 ) ;
#817 = FILL_AREA_STYLE_COLOUR ( '', #379 ) ;
#818 = VERTEX_POINT ( 'NONE', #16 ) ;
#819 = VERTEX_POINT ( 'NONE', #38 ) ;
#820 = CARTESIAN_POINT ( 'NONE',  ( -0.2250000000000000056, -0.4000000000000000222, 0.1300000000000000044 ) ) ;
#821 = ORIENTED_EDGE ( 'NONE', *, *, #281, .T. ) ;
#822 = CARTESIAN_POINT ( 'NONE',  ( -0.1249999999999998890, 1.000000000000000000, -0.05000000000000000278 ) ) ;
#823 = FACE_OUTER_BOUND ( 'NONE', #2341, .T. ) ;
#824 = CARTESIAN_POINT ( 'NONE',  ( 0.000000000000000000, 0.000000000000000000, 0.6049999999999999822 ) ) ;
#825 = VERTEX_POINT ( 'NONE', #3713 ) ;
#826 = FILL_AREA_STYLE ('',( #3835 ) ) ;
#827 =( NAMED_UNIT ( * ) SI_UNIT ( $, .STERADIAN. ) SOLID_ANGLE_UNIT ( ) );
#828 = AXIS2_PLACEMENT_3D ( 'NONE', #2071, #1393, #3784 ) ;
#829 =( GEOMETRIC_REPRESENTATION_CONTEXT ( 3 ) GLOBAL_UNCERTAINTY_ASSIGNED_CONTEXT ( ( #2692 ) ) GLOBAL_UNIT_ASSIGNED_CONTEXT ( ( #265, #2665, #2969 ) ) REPRESENTATION_CONTEXT ( 'NONE', 'WORKASPACE' ) );
#830 = STYLED_ITEM ( 'NONE', ( #2731 ), #4208 ) ;
#831 = COLOUR_RGB ( '',1.000000000000000000, 1.000000000000000000, 1.000000000000000000 ) ;
#832 = MECHANICAL_DESIGN_GEOMETRIC_PRESENTATION_REPRESENTATION (  '', ( #135 ), #3283 ) ;
#833 = COLOUR_RGB ( '',1.000000000000000000, 1.000000000000000000, 1.000000000000000000 ) ;
#834 = SURFACE_STYLE_USAGE ( .BOTH. , #3117 ) ;
#835 = UNCERTAINTY_MEASURE_WITH_UNIT (LENGTH_MEASURE( 1.000000000000000082E-05 ), #1208, 'distance_accuracy_value', 'NONE');
#836 = ORIENTED_EDGE ( 'NONE', *, *, #1231, .T. ) ;
#837 = PRESENTATION_STYLE_ASSIGNMENT (( #4201 ) ) ;
#838 = VERTEX_POINT ( 'NONE', #2710 ) ;
#839 = ADVANCED_FACE ( 'NONE', ( #3389 ), #1802, .F. ) ;
#840 = EDGE_CURVE ( 'NONE', #1022, #4172, #4052, .T. ) ;
#841 = AXIS2_PLACEMENT_3D ( 'NONE', #456, #2464, #2862 ) ;
#842 = LINE ( 'NONE', #1157, #2428 ) ;
#843 = VERTEX_POINT ( 'NONE', #434 ) ;
#844 = CARTESIAN_POINT ( 'NONE',  ( -0.8249999999999997335, -0.3750961623601626327, 0.000000000000000000 ) ) ;
#845 = LINE ( 'NONE', #3290, #3184 ) ;
#846 = FACE_OUTER_BOUND ( 'NONE', #3091, .T. ) ;
#847 = ORIENTED_EDGE ( 'NONE', *, *, #3122, .F. ) ;
#848 = LINE ( 'NONE', #2212, #3920 ) ;
#849 = PLANE ( 'NONE',  #4238 ) ;
#850 = SURFACE_STYLE_FILL_AREA ( #4106 ) ;
#852 =( NAMED_UNIT ( * ) PLANE_ANGLE_UNIT ( ) SI_UNIT ( $, .RADIAN. ) );
#851 = CARTESIAN_POINT ( 'NONE',  ( -0.3250000000000000111, -0.4000000000000000222, 0.1300000000000000044 ) ) ;
#853 = CARTESIAN_POINT ( 'NONE',  ( 0.000000000000000000, 0.000000000000000000, -0.05000000000000000278 ) ) ;
#854 = SURFACE_SIDE_STYLE ('',( #3884 ) ) ;
#855 = EDGE_LOOP ( 'NONE', ( #1458, #2309, #2277, #3461 ) ) ;
#856 = EDGE_CURVE ( 'NONE', #663, #144, #3734, .T. ) ;
#857 = CARTESIAN_POINT ( 'NONE',  ( 0.1250000000000001110, 1.000000000000000000, 0.000000000000000000 ) ) ;
#858 = ORIENTED_EDGE ( 'NONE', *, *, #2094, .T. ) ;
#859 = DIRECTION ( 'NONE',  ( 0.000000000000000000, 0.000000000000000000, 1.000000000000000000 ) ) ;
#860 = ADVANCED_FACE ( 'NONE', ( #1718 ), #3027, .T. ) ;
#861 = LINE ( 'NONE', #2609, #3962 ) ;
#862 = ORIENTED_EDGE ( 'NONE', *, *, #3127, .F. ) ;
#863 = VECTOR ( 'NONE', #1325, 1000.000000000000000 ) ;
#864 = EDGE_CURVE ( 'NONE', #1411, #2474, #4146, .T. ) ;
#865 = DIRECTION ( 'NONE',  ( 0.000000000000000000, 0.000000000000000000, 1.000000000000000000 ) ) ;
#866 = VECTOR ( 'NONE', #1633, 1000.000000000000000 ) ;
#867 = CARTESIAN_POINT ( 'NONE',  ( 0.5250000000000000222, 0.7000000000000000666, 0.1300000000000000044 ) ) ;
#868 = PLANE ( 'NONE',  #2101 ) ;
#869 = PRESENTATION_LAYER_ASSIGNMENT (  '', '', ( #2778 ) ) ;
#870 = ORIENTED_EDGE ( 'NONE', *, *, #673, .F. ) ;
#871 =( GEOMETRIC_REPRESENTATION_CONTEXT ( 3 ) GLOBAL_UNCERTAINTY_ASSIGNED_CONTEXT ( ( #3032 ) ) GLOBAL_UNIT_ASSIGNED_CONTEXT ( ( #1067, #2403, #3721 ) ) REPRESENTATION_CONTEXT ( 'NONE', 'WORKASPACE' ) );
#872 = CARTESIAN_POINT ( 'NONE',  ( -0.7749999999999999112, 0.7000000000000000666, 0.1300000000000000044 ) ) ;
#873 = UNCERTAINTY_MEASURE_WITH_UNIT (LENGTH_MEASURE( 1.000000000000000082E-05 ), #3685, 'distance_accuracy_value', 'NONE');
#874 = FILL_AREA_STYLE_COLOUR ( '', #1368 ) ;
#875 = COLOUR_RGB ( '',1.000000000000000000, 1.000000000000000000, 1.000000000000000000 ) ;
#876 = AXIS2_PLACEMENT_3D ( 'NONE', #2276, #3864, #3244 ) ;
#877 = PRESENTATION_STYLE_ASSIGNMENT (( #2888 ) ) ;
#878 = SURFACE_STYLE_USAGE ( .BOTH. , #854 ) ;
#879 = ORIENTED_EDGE ( 'NONE', *, *, #2147, .F. ) ;
#880 =( GEOMETRIC_REPRESENTATION_CONTEXT ( 3 ) GLOBAL_UNCERTAINTY_ASSIGNED_CONTEXT ( ( #747 ) ) GLOBAL_UNIT_ASSIGNED_CONTEXT ( ( #3495, #806, #2169 ) ) REPRESENTATION_CONTEXT ( 'NONE', 'WORKASPACE' ) );
#881 = DIRECTION ( 'NONE',  ( 0.000000000000000000, 0.000000000000000000, -1.000000000000000000 ) ) ;
#882 = ORIENTED_EDGE ( 'NONE', *, *, #4061, .T. ) ;
#883 = PLANE ( 'NONE',  #540 ) ;
#884 = CARTESIAN_POINT ( 'NONE',  ( -0.2249999999999999778, -0.4000000000000000222, -0.05000000000000000278 ) ) ;
#885 = CARTESIAN_POINT ( 'NONE',  ( 0.3250000000000000111, 0.5000000000000000000, -0.05000000000000000278 ) ) ;
#886 = ORIENTED_EDGE ( 'NONE', *, *, #2951, .T. ) ;
#887 = ORIENTED_EDGE ( 'NONE', *, *, #809, .T. ) ;
#888 = CARTESIAN_POINT ( 'NONE',  ( 0.7249999999999997558, -0.4000000000000000777, 0.1300000000000000044 ) ) ;
#889 = CARTESIAN_POINT ( 'NONE',  ( -0.5249999999999999112, 0.7000000000000000666, 0.1300000000000000044 ) ) ;
#890 = ADVANCED_FACE ( 'NONE', ( #2545 ), #849, .F. ) ;
#891 = VECTOR ( 'NONE', #4047, 1000.000000000000000 ) ;
#892 =( NAMED_UNIT ( * ) SI_UNIT ( $, .STERADIAN. ) SOLID_ANGLE_UNIT ( ) );
#893 = DIRECTION ( 'NONE',  ( -0.000000000000000000, 1.000000000000000000, 0.000000000000000000 ) ) ;
#894 = AXIS2_PLACEMENT_3D ( 'NONE', #958, #3387, #3072 ) ;
#895 = CIRCLE ( 'NONE', #3346, 0.1000000000000000472 ) ;
#896 = PRESENTATION_LAYER_ASSIGNMENT (  '', '', ( #2116 ) ) ;
#897 = MECHANICAL_DESIGN_GEOMETRIC_PRESENTATION_REPRESENTATION (  '', ( #1562 ), #3347 ) ;
#898 = ORIENTED_EDGE ( 'NONE', *, *, #2430, .F. ) ;
#899 = CARTESIAN_POINT ( 'NONE',  ( 1.000000000000000000, 1.000000000000000000, 0.6049999999999999822 ) ) ;
#900 = VECTOR ( 'NONE', #14, 1000.000000000000000 ) ;
#901 = EDGE_CURVE ( 'NONE', #495, #316, #3792, .T. ) ;
#902 = ORIENTED_EDGE ( 'NONE', *, *, #2229, .F. ) ;
#903 = DIRECTION ( 'NONE',  ( 0.000000000000000000, -1.000000000000000000, 0.000000000000000000 ) ) ;
#904 = LINE ( 'NONE', #3851, #3754 ) ;
#905 = ORIENTED_EDGE ( 'NONE', *, *, #4283, .F. ) ;
#906 = ORIENTED_EDGE ( 'NONE', *, *, #259, .F. ) ;
#907 = AXIS2_PLACEMENT_3D ( 'NONE', #1271, #2971, #1585 ) ;
#908 = CARTESIAN_POINT ( 'NONE',  ( 0.5250000000000000222, 1.000000000000000000, 0.1300000000000000044 ) ) ;
#909 = CARTESIAN_POINT ( 'NONE',  ( 0.7249999999999997558, 0.3999999999999999667, 0.1300000000000000044 ) ) ;
#910 =( LENGTH_UNIT ( ) NAMED_UNIT ( * ) SI_UNIT ( .MILLI., .METRE. ) );
#911 = CARTESIAN_POINT ( 'NONE',  ( 0.1250000000000001110, -1.000000000000000000, 0.1300000000000000044 ) ) ;
#912 = FILL_AREA_STYLE_COLOUR ( '', #3411 ) ;
#913 = ADVANCED_FACE ( 'NONE', ( #2528 ), #868, .F. ) ;
#914 = EDGE_CURVE ( 'NONE', #465, #1177, #782, .T. ) ;
#915 = ADVANCED_FACE ( 'NONE', ( #3113 ), #4101, .T. ) ;
#916 = ADVANCED_FACE ( 'NONE', ( #630 ), #4305, .F. ) ;
#917 = CARTESIAN_POINT ( 'NONE',  ( 0.5250000000000000222, -0.7000000000000000666, 0.1300000000000000044 ) ) ;
#918 = ORIENTED_EDGE ( 'NONE', *, *, #2430, .T. ) ;
#919 = LINE ( 'NONE', #3909, #2777 ) ;
#920 = AXIS2_PLACEMENT_3D ( 'NONE', #1807, #3759, #2131 ) ;
#921 = FILL_AREA_STYLE_COLOUR ( '', #526 ) ;
#922 = VERTEX_POINT ( 'NONE', #579 ) ;
#923 = LINE ( 'NONE', #2654, #3958 ) ;
#924 = CARTESIAN_POINT ( 'NONE',  ( 0.8249999999999997335, -0.4000000000000000777, 0.1300000000000000044 ) ) ;
#925 = VECTOR ( 'NONE', #1261, 1000.000000000000000 ) ;
#926 = ADVANCED_FACE ( 'NONE', ( #1623 ), #2941, .F. ) ;
#927 = SURFACE_STYLE_FILL_AREA ( #3296 ) ;
#928 = ORIENTED_EDGE ( 'NONE', *, *, #406, .F. ) ;
#929 = VECTOR ( 'NONE', #502, 1000.000000000000000 ) ;
#930 = CARTESIAN_POINT ( 'NONE',  ( 0.3250000000000000111, 0.5000000000000000000, 0.1300000000000000044 ) ) ;
#931 = SURFACE_STYLE_USAGE ( .BOTH. , #3917 ) ;
#932 = CARTESIAN_POINT ( 'NONE',  ( -0.3250000000000000111, -0.4000000000000000222, 0.000000000000000000 ) ) ;
#933 = CARTESIAN_POINT ( 'NONE',  ( 0.7750000000000001332, -0.7000000000000000666, 0.1300000000000000044 ) ) ;
#934 = MECHANICAL_DESIGN_GEOMETRIC_PRESENTATION_REPRESENTATION (  '', ( #3179 ), #4219 ) ;
#935 = VECTOR ( 'NONE', #984, 1000.000000000000000 ) ;
#936 = STYLED_ITEM ( 'NONE', ( #304 ), #2891 ) ;
#937 = FACE_OUTER_BOUND ( 'NONE', #2981, .T. ) ;
#938 = SURFACE_STYLE_FILL_AREA ( #3543 ) ;
#939 =( LENGTH_UNIT ( ) NAMED_UNIT ( * ) SI_UNIT ( .MILLI., .METRE. ) );
#940 = COLOUR_RGB ( '',1.000000000000000000, 1.000000000000000000, 1.000000000000000000 ) ;
#941 = DIRECTION ( 'NONE',  ( 0.000000000000000000, 0.000000000000000000, -1.000000000000000000 ) ) ;
#942 = FILL_AREA_STYLE ('',( #2713 ) ) ;
#943 = ORIENTED_EDGE ( 'NONE', *, *, #2179, .T. ) ;
#944 = VECTOR ( 'NONE', #536, 1000.000000000000000 ) ;
#945 = DIRECTION ( 'NONE',  ( -0.000000000000000000, 0.000000000000000000, 1.000000000000000000 ) ) ;
#946 = VECTOR ( 'NONE', #2455, 1000.000000000000000 ) ;
#947 = LINE ( 'NONE', #857, #2018 ) ;
#948 = ORIENTED_EDGE ( 'NONE', *, *, #1400, .T. ) ;
#949 = DIRECTION ( 'NONE',  ( 6.776263578034402713E-17, 1.000000000000000000, 0.000000000000000000 ) ) ;
#950 = LINE ( 'NONE', #599, #519 ) ;
#951 = PRESENTATION_STYLE_ASSIGNMENT (( #2562 ) ) ;
#952 = ORIENTED_EDGE ( 'NONE', *, *, #152, .F. ) ;
#953 = ORIENTED_EDGE ( 'NONE', *, *, #3376, .F. ) ;
#954 = AXIS2_PLACEMENT_3D ( 'NONE', #3919, #3642, #3580 ) ;
#955 = CARTESIAN_POINT ( 'NONE',  ( -0.1249999999999998890, 1.000000000000000000, -0.05000000000000000278 ) ) ;
#956 = SURFACE_STYLE_FILL_AREA ( #3604 ) ;
#957 = ORIENTED_EDGE ( 'NONE', *, *, #780, .F. ) ;
#958 = CARTESIAN_POINT ( 'NONE',  ( -0.7500000000000000000, -0.7500000000000000000, 0.6049999999999999822 ) ) ;
#959 = UNCERTAINTY_MEASURE_WITH_UNIT (LENGTH_MEASURE( 1.000000000000000082E-05 ), #2500, 'distance_accuracy_value', 'NONE');
#960 = FILL_AREA_STYLE ('',( #874 ) ) ;
#961 = COLOUR_RGB ( '',1.000000000000000000, 1.000000000000000000, 1.000000000000000000 ) ;
#962 = SURFACE_SIDE_STYLE ('',( #3945 ) ) ;
#963 = CYLINDRICAL_SURFACE ( 'NONE', #136, 0.1250000000000000000 ) ;
#964 = VERTEX_POINT ( 'NONE', #3558 ) ;
#965 = DIRECTION ( 'NONE',  ( 0.000000000000000000, 1.000000000000000000, 0.000000000000000000 ) ) ;
#966 = CARTESIAN_POINT ( 'NONE',  ( 0.7750000000000001332, -1.000000000000000000, 0.1300000000000000044 ) ) ;
#967 = VECTOR ( 'NONE', #2013, 1000.000000000000000 ) ;
#968 = STYLED_ITEM ( 'NONE', ( #1928 ), #4148 ) ;
#969 = VECTOR ( 'NONE', #4222, 1000.000000000000000 ) ;
#970 = EDGE_CURVE ( 'NONE', #2804, #819, #1578, .T. ) ;
#971 = LINE ( 'NONE', #681, #4081 ) ;
#972 = ORIENTED_EDGE ( 'NONE', *, *, #4285, .T. ) ;
#973 = DIRECTION ( 'NONE',  ( -0.000000000000000000, -0.000000000000000000, -1.000000000000000000 ) ) ;
#974 = VECTOR ( 'NONE', #1035, 1000.000000000000000 ) ;
#975 = SURFACE_SIDE_STYLE ('',( #2697 ) ) ;
#976 = VERTEX_POINT ( 'NONE', #1285 ) ;
#977 =( NAMED_UNIT ( * ) SI_UNIT ( $, .STERADIAN. ) SOLID_ANGLE_UNIT ( ) );
#978 = VERTEX_POINT ( 'NONE', #3223 ) ;
#979 = EDGE_CURVE ( 'NONE', #141, #4076, #2614, .T. ) ;
#980 = ORIENTED_EDGE ( 'NONE', *, *, #3046, .T. ) ;
#981 = LINE ( 'NONE', #955, #3868 ) ;
#982 = PRESENTATION_STYLE_ASSIGNMENT (( #4026 ) ) ;
#983 = PRESENTATION_STYLE_ASSIGNMENT (( #2661 ) ) ;
#984 = DIRECTION ( 'NONE',  ( -0.000000000000000000, 1.000000000000000000, -0.000000000000000000 ) ) ;
#986 = SURFACE_SIDE_STYLE ('',( #3325 ) ) ;
#985 = FILL_AREA_STYLE_COLOUR ( '', #3823 ) ;
#987 = MECHANICAL_DESIGN_GEOMETRIC_PRESENTATION_REPRESENTATION (  '', ( #774 ), #1282 ) ;
#988 = SURFACE_STYLE_FILL_AREA ( #696 ) ;
#989 = CARTESIAN_POINT ( 'NONE',  ( -0.1249999999999998890, -1.000000000000000000, 0.1300000000000000044 ) ) ;
#990 = ORIENTED_EDGE ( 'NONE', *, *, #2195, .F. ) ;
#991 = FACE_OUTER_BOUND ( 'NONE', #792, .T. ) ;
#992 = VERTEX_POINT ( 'NONE', #889 ) ;
#993 = DIRECTION ( 'NONE',  ( 0.000000000000000000, -1.000000000000000000, -0.000000000000000000 ) ) ;
#994 = FILL_AREA_STYLE ('',( #3979 ) ) ;
#995 = ORIENTED_EDGE ( 'NONE', *, *, #2569, .F. ) ;
#996 = DIRECTION ( 'NONE',  ( 0.000000000000000000, 1.000000000000000000, 0.000000000000000000 ) ) ;
#997 = AXIS2_PLACEMENT_3D ( 'NONE', #3904, #1606, #3584 ) ;
#998 = ADVANCED_FACE ( 'NONE', ( #4278 ), #3239, .T. ) ;
#999 = VECTOR ( 'NONE', #3238, 1000.000000000000000 ) ;
#1000 = VERTEX_POINT ( 'NONE', #2642 ) ;
#1001 = FILL_AREA_STYLE_COLOUR ( '', #1025 ) ;
#1002 = CLOSED_SHELL ( 'NONE', ( #1703, #326, #89, #2992, #3742, #3234 ) ) ;
#1003 = FACE_OUTER_BOUND ( 'NONE', #234, .T. ) ;
#1004 = CARTESIAN_POINT ( 'NONE',  ( -1.000000000000000000, 1.000000000000000000, 0.6049999999999999822 ) ) ;
#1005 = ADVANCED_FACE ( 'NONE', ( #284 ), #1262, .F. ) ;
#1006 = EDGE_CURVE ( 'NONE', #2153, #3471, #3341, .T. ) ;
#1007 = LINE ( 'NONE', #714, #180 ) ;
#1009 = PRESENTATION_STYLE_ASSIGNMENT (( #653 ) ) ;
#1008 = SURFACE_STYLE_USAGE ( .BOTH. , #2334 ) ;
#1010 = UNCERTAINTY_MEASURE_WITH_UNIT (LENGTH_MEASURE( 1.000000000000000082E-05 ), #2905, 'distance_accuracy_value', 'NONE');
#1011 = LINE ( 'NONE', #414, #1416 ) ;
#1012 = EDGE_CURVE ( 'NONE', #626, #1707, #2408, .T. ) ;
#1013 = VECTOR ( 'NONE', #2090, 1000.000000000000000 ) ;
#1014 = VECTOR ( 'NONE', #2988, 1000.000000000000000 ) ;
#1015 = DIRECTION ( 'NONE',  ( 1.000000000000000000, 0.000000000000000000, 0.000000000000000000 ) ) ;
#1016 = SURFACE_STYLE_USAGE ( .BOTH. , #2377 ) ;
#1017 = ORIENTED_EDGE ( 'NONE', *, *, #2923, .T. ) ;
#1018 = CARTESIAN_POINT ( 'NONE',  ( -0.5249999999999999112, -0.7000000000000000666, 0.000000000000000000 ) ) ;
#1019 = VECTOR ( 'NONE', #2142, 1000.000000000000000 ) ;
#1020 =( LENGTH_UNIT ( ) NAMED_UNIT ( * ) SI_UNIT ( .MILLI., .METRE. ) );
#1021 = CARTESIAN_POINT ( 'NONE',  ( -0.7749999999999999112, -1.000000000000000000, -0.05000000000000000278 ) ) ;
#1022 = VERTEX_POINT ( 'NONE', #1373 ) ;
#1023 = ORIENTED_EDGE ( 'NONE', *, *, #2042, .F. ) ;
#1024 = CARTESIAN_POINT ( 'NONE',  ( 0.7750000000000001332, 0.7000000000000000666, 0.1300000000000000044 ) ) ;
#1025 = COLOUR_RGB ( '',1.000000000000000000, 1.000000000000000000, 1.000000000000000000 ) ;
#1026 = MECHANICAL_DESIGN_GEOMETRIC_PRESENTATION_REPRESENTATION (  '', ( #455 ), #2168 ) ;
#1027 = ORIENTED_EDGE ( 'NONE', *, *, #4153, .F. ) ;
#1028 = AXIS2_PLACEMENT_3D ( 'NONE', #3437, #440, #1811 ) ;
#1029 = SURFACE_STYLE_USAGE ( .BOTH. , #2641 ) ;
#1030 = DIRECTION ( 'NONE',  ( 0.000000000000000000, -1.000000000000000000, 0.000000000000000000 ) ) ;
#1031 = AXIS2_PLACEMENT_3D ( 'NONE', #2922, #3280, #4240 ) ;
#1032 = PRESENTATION_STYLE_ASSIGNMENT (( #3386 ) ) ;
#1034 = FACE_OUTER_BOUND ( 'NONE', #1756, .T. ) ;
#1033 = SURFACE_STYLE_FILL_AREA ( #2056 ) ;
#1035 = DIRECTION ( 'NONE',  ( 0.000000000000000000, 0.000000000000000000, -1.000000000000000000 ) ) ;
#1036 = EDGE_CURVE ( 'NONE', #2701, #3334, #3131, .T. ) ;
#1037 = DIRECTION ( 'NONE',  ( -0.000000000000000000, 0.000000000000000000, -1.000000000000000000 ) ) ;
#1038 = DIRECTION ( 'NONE',  ( 1.000000000000000000, 0.000000000000000000, -0.000000000000000000 ) ) ;
#1039 = CARTESIAN_POINT ( 'NONE',  ( 1.000000000000000000, 1.000000000000000000, 0.6049999999999999822 ) ) ;
#1040 = PRESENTATION_STYLE_ASSIGNMENT (( #2132 ) ) ;
#1041 = EDGE_CURVE ( 'NONE', #2526, #964, #408, .T. ) ;
#1042 = EDGE_LOOP ( 'NONE', ( #3999, #2827, #3821, #356 ) ) ;
#1043 = DIRECTION ( 'NONE',  ( 0.000000000000000000, 0.000000000000000000, -1.000000000000000000 ) ) ;
#1044 = ORIENTED_EDGE ( 'NONE', *, *, #331, .T. ) ;
#1045 = VECTOR ( 'NONE', #2914, 1000.000000000000000 ) ;
#1046 = FACE_OUTER_BOUND ( 'NONE', #3741, .T. ) ;
#1047 = STYLED_ITEM ( 'NONE', ( #4056 ), #2735 ) ;
#1048 = MECHANICAL_DESIGN_GEOMETRIC_PRESENTATION_REPRESENTATION (  '', ( #620 ), #2191 ) ;
#1049 =( GEOMETRIC_REPRESENTATION_CONTEXT ( 3 ) GLOBAL_UNCERTAINTY_ASSIGNED_CONTEXT ( ( #4017 ) ) GLOBAL_UNIT_ASSIGNED_CONTEXT ( ( #3470, #2813, #1182 ) ) REPRESENTATION_CONTEXT ( 'NONE', 'WORKASPACE' ) );
#1050 = AXIS2_PLACEMENT_3D ( 'NONE', #3676, #3929, #1038 ) ;
#1051 = VERTEX_POINT ( 'NONE', #382 ) ;
#1052 = CARTESIAN_POINT ( 'NONE',  ( -0.5249999999999999112, -1.000000000000000000, -0.05000000000000000278 ) ) ;
#1053 = SURFACE_SIDE_STYLE ('',( #4097 ) ) ;
#1054 = DIRECTION ( 'NONE',  ( -0.000000000000000000, -0.000000000000000000, -1.000000000000000000 ) ) ;
#1055 = PRESENTATION_LAYER_ASSIGNMENT (  '', '', ( #628 ) ) ;
#1056 = CARTESIAN_POINT ( 'NONE',  ( -0.7749999999999999112, -1.000000000000000000, 0.1300000000000000044 ) ) ;
#1057 = DIRECTION ( 'NONE',  ( 1.000000000000000000, 0.000000000000000000, 0.000000000000000000 ) ) ;
#1058 = DIRECTION ( 'NONE',  ( 0.000000000000000000, -0.000000000000000000, 1.000000000000000000 ) ) ;
#1059 = SURFACE_STYLE_USAGE ( .BOTH. , #4054 ) ;
#1060 = SURFACE_STYLE_USAGE ( .BOTH. , #1082 ) ;
#1061 = EDGE_CURVE ( 'NONE', #1766, #3532, #75, .T. ) ;
#1062 = UNCERTAINTY_MEASURE_WITH_UNIT (LENGTH_MEASURE( 1.000000000000000082E-05 ), #1308, 'distance_accuracy_value', 'NONE');
#1063 = DIRECTION ( 'NONE',  ( 0.000000000000000000, -1.000000000000000000, 0.000000000000000000 ) ) ;
#1064 = EDGE_CURVE ( 'NONE', #1800, #250, #2666, .T. ) ;
#1065 = EDGE_CURVE ( 'NONE', #4311, #2287, #2368, .T. ) ;
#1066 = ORIENTED_EDGE ( 'NONE', *, *, #3513, .F. ) ;
#1067 =( LENGTH_UNIT ( ) NAMED_UNIT ( * ) SI_UNIT ( .MILLI., .METRE. ) );
#1068 = ORIENTED_EDGE ( 'NONE', *, *, #3586, .T. ) ;
#1069 = DIRECTION ( 'NONE',  ( -6.776263578034403945E-17, -1.000000000000000000, 0.000000000000000000 ) ) ;
#1070 = EDGE_CURVE ( 'NONE', #838, #2024, #895, .T. ) ;
#1071 = ORIENTED_EDGE ( 'NONE', *, *, #1671, .T. ) ;
#1072 = LINE ( 'NONE', #2433, #754 ) ;
#1073 = CARTESIAN_POINT ( 'NONE',  ( -1.000000000000000000, 1.000000000000000000, 0.6049999999999999822 ) ) ;
#1074 = CARTESIAN_POINT ( 'NONE',  ( -0.8249999999999997335, -0.3750961623601626327, -0.05000000000000000278 ) ) ;
#1075 = COLOUR_RGB ( '',1.000000000000000000, 1.000000000000000000, 1.000000000000000000 ) ;
#1076 = ORIENTED_EDGE ( 'NONE', *, *, #1986, .F. ) ;
#1077 = DIRECTION ( 'NONE',  ( -0.000000000000000000, 0.000000000000000000, -1.000000000000000000 ) ) ;
#1078 =( LENGTH_UNIT ( ) NAMED_UNIT ( * ) SI_UNIT ( .MILLI., .METRE. ) );
#1079 = CARTESIAN_POINT ( 'NONE',  ( 0.3250000000000000111, 0.4000000000000000222, -0.05000000000000000278 ) ) ;
#1080 = FACE_OUTER_BOUND ( 'NONE', #2768, .T. ) ;
#1082 = SURFACE_SIDE_STYLE ('',( #3737 ) ) ;
#1081 = FACE_OUTER_BOUND ( 'NONE', #1924, .T. ) ;
#1083 = SURFACE_STYLE_FILL_AREA ( #4169 ) ;
#1084 = COLOUR_RGB ( '',0.2941176470588235392, 0.2941176470588235392, 0.2941176470588235392 ) ;
#1085 = DIRECTION ( 'NONE',  ( -1.000000000000000000, 0.000000000000000000, 0.000000000000000000 ) ) ;
#1086 = VERTEX_POINT ( 'NONE', #4074 ) ;
#1087 = STYLED_ITEM ( 'NONE', ( #2458 ), #1540 ) ;
#1088 = VECTOR ( 'NONE', #2895, 1000.000000000000000 ) ;
#1089 = ORIENTED_EDGE ( 'NONE', *, *, #649, .T. ) ;
#1090 = CARTESIAN_POINT ( 'NONE',  ( -1.000000000000000000, -1.000000000000000000, 0.000000000000000000 ) ) ;
#1091 = AXIS2_PLACEMENT_3D ( 'NONE', #213, #1589, #1316 ) ;
#1092 = LINE ( 'NONE', #2431, #1319 ) ;
#1093 = ORIENTED_EDGE ( 'NONE', *, *, #2157, .F. ) ;
#1094 = DIRECTION ( 'NONE',  ( -0.000000000000000000, -1.000000000000000000, -0.000000000000000000 ) ) ;
#1095 = DIRECTION ( 'NONE',  ( -0.000000000000000000, -0.000000000000000000, -1.000000000000000000 ) ) ;
#1096 = CARTESIAN_POINT ( 'NONE',  ( -0.5249999999999999112, -1.000000000000000000, -0.05000000000000000278 ) ) ;
#1097 = AXIS2_PLACEMENT_3D ( 'NONE', #888, #1234, #3177 ) ;
#1098 = COLOUR_RGB ( '',1.000000000000000000, 1.000000000000000000, 1.000000000000000000 ) ;
#1099 = ORIENTED_EDGE ( 'NONE', *, *, #1534, .T. ) ;
#1100 = VECTOR ( 'NONE', #881, 1000.000000000000000 ) ;
#1101 = EDGE_LOOP ( 'NONE', ( #733, #300, #212, #800 ) ) ;
#1102 = LINE ( 'NONE', #497, #1196 ) ;
#1103 = CARTESIAN_POINT ( 'NONE',  ( -0.1249999999999998890, 1.000000000000000000, 0.1300000000000000044 ) ) ;
#1104 =( NAMED_UNIT ( * ) SI_UNIT ( $, .STERADIAN. ) SOLID_ANGLE_UNIT ( ) );
#1105 = CARTESIAN_POINT ( 'NONE',  ( -0.3250000000000000111, 0.4000000000000000222, 0.1300000000000000044 ) ) ;
#1106 = UNCERTAINTY_MEASURE_WITH_UNIT (LENGTH_MEASURE( 1.000000000000000082E-05 ), #3436, 'distance_accuracy_value', 'NONE');
#1107 = DIRECTION ( 'NONE',  ( 1.000000000000000000, 0.000000000000000000, -0.000000000000000000 ) ) ;
#1108 = DIRECTION ( 'NONE',  ( 0.000000000000000000, 0.000000000000000000, -1.000000000000000000 ) ) ;
#1109 = ORIENTED_EDGE ( 'NONE', *, *, #2592, .F. ) ;
#1110 =( LENGTH_UNIT ( ) NAMED_UNIT ( * ) SI_UNIT ( .MILLI., .METRE. ) );
#1111 = VERTEX_POINT ( 'NONE', #1096 ) ;
#1112 = EDGE_CURVE ( 'NONE', #1707, #4161, #760, .T. ) ;
#1113 = COLOUR_RGB ( '',0.7921568627450980005, 0.8196078431372548767, 0.9333333333333333481 ) ;
#1114 = CARTESIAN_POINT ( 'NONE',  ( -1.000000000000000000, -1.000000000000000000, 0.000000000000000000 ) ) ;
#1115 = ORIENTED_EDGE ( 'NONE', *, *, #2312, .F. ) ;
#1116 = CARTESIAN_POINT ( 'NONE',  ( 0.5250000000000000222, -1.000000000000000000, -0.05000000000000000278 ) ) ;
#1117 = EDGE_CURVE ( 'NONE', #3722, #1545, #648, .T. ) ;
#1118 = CARTESIAN_POINT ( 'NONE',  ( 0.3250000000000000111, 0.4000000000000000222, 0.1300000000000000044 ) ) ;
#1119 = CARTESIAN_POINT ( 'NONE',  ( 0.7249999999999997558, 0.5000000000000000000, -0.05000000000000000278 ) ) ;
#1120 = EDGE_CURVE ( 'NONE', #922, #816, #3553, .T. ) ;
#1121 = MECHANICAL_DESIGN_GEOMETRIC_PRESENTATION_REPRESENTATION (  '', ( #968 ), #4030 ) ;
#1122 = PRESENTATION_LAYER_ASSIGNMENT (  '', '', ( #543 ) ) ;
#1123 = ORIENTED_EDGE ( 'NONE', *, *, #2635, .F. ) ;
#1124 = CARTESIAN_POINT ( 'NONE',  ( 0.3250000000000000111, -0.5000000000000000000, -0.05000000000000000278 ) ) ;
#1125 = SURFACE_STYLE_USAGE ( .BOTH. , #105 ) ;
#1126 = CARTESIAN_POINT ( 'NONE',  ( -0.3250000000000000111, 0.4000000000000000222, 0.1300000000000000044 ) ) ;
#1127 = PRESENTATION_STYLE_ASSIGNMENT (( #834 ) ) ;
#1128 = DIRECTION ( 'NONE',  ( -1.000000000000000000, 0.000000000000000000, -0.000000000000000000 ) ) ;
#1129 = CYLINDRICAL_SURFACE ( 'NONE', #3105, 0.09999999999999999167 ) ;
#1130 = DIRECTION ( 'NONE',  ( -0.000000000000000000, -0.000000000000000000, -1.000000000000000000 ) ) ;
#1131 = ORIENTED_EDGE ( 'NONE', *, *, #1194, .T. ) ;
#1132 = SURFACE_SIDE_STYLE ('',( #791 ) ) ;
#1133 = ORIENTED_EDGE ( 'NONE', *, *, #1673, .F. ) ;
#1134 = VERTEX_POINT ( 'NONE', #345 ) ;
#1135 = CARTESIAN_POINT ( 'NONE',  ( -0.1249999999999998890, 0.7000000000000000666, 0.1300000000000000044 ) ) ;
#1136 = CARTESIAN_POINT ( 'NONE',  ( -0.7749999999999999112, 1.000000000000000000, 0.1300000000000000044 ) ) ;
#1137 = CARTESIAN_POINT ( 'NONE',  ( -0.1249999999999998890, -0.7000000000000000666, 0.1300000000000000044 ) ) ;
#1138 = VERTEX_POINT ( 'NONE', #4323 ) ;
#1139 = EDGE_CURVE ( 'NONE', #1134, #1549, #4254, .T. ) ;
#1140 = CARTESIAN_POINT ( 'NONE',  ( -0.3250000000000000111, 0.4000000000000000222, 0.1300000000000000044 ) ) ;
#1141 = LINE ( 'NONE', #3406, #1908 ) ;
#1142 = SURFACE_STYLE_FILL_AREA ( #1559 ) ;
#1143 = AXIS2_PLACEMENT_3D ( 'NONE', #867, #241, #1236 ) ;
#1144 = EDGE_CURVE ( 'NONE', #2314, #4301, #1712, .T. ) ;
#1146 =( NAMED_UNIT ( * ) SI_UNIT ( $, .STERADIAN. ) SOLID_ANGLE_UNIT ( ) );
#1145 = DIRECTION ( 'NONE',  ( -0.000000000000000000, -0.000000000000000000, -1.000000000000000000 ) ) ;
#1147 = UNCERTAINTY_MEASURE_WITH_UNIT (LENGTH_MEASURE( 1.000000000000000082E-05 ), #2298, 'distance_accuracy_value', 'NONE');
#1148 = FILL_AREA_STYLE_COLOUR ( '', #501 ) ;
#1149 = STYLED_ITEM ( 'NONE', ( #877 ), #54 ) ;
#1150 = ORIENTED_EDGE ( 'NONE', *, *, #3512, .F. ) ;
#1151 = VERTEX_POINT ( 'NONE', #2522 ) ;
#1152 = ORIENTED_EDGE ( 'NONE', *, *, #1781, .F. ) ;
#1153 = ORIENTED_EDGE ( 'NONE', *, *, #3826, .T. ) ;
#1154 = STYLED_ITEM ( 'NONE', ( #3340 ), #1488 ) ;
#1155 = PRESENTATION_LAYER_ASSIGNMENT (  '', '', ( #2844 ) ) ;
#1156 = CIRCLE ( 'NONE', #3594, 0.1250000000000000000 ) ;
#1157 = CARTESIAN_POINT ( 'NONE',  ( -1.000000000000000000, 1.000000000000000000, 0.6049999999999999822 ) ) ;
#1158 = ORIENTED_EDGE ( 'NONE', *, *, #3127, .T. ) ;
#1159 = CARTESIAN_POINT ( 'NONE',  ( -0.5249999999999999112, 1.000000000000000000, 0.1300000000000000044 ) ) ;
#1160 = DIRECTION ( 'NONE',  ( 1.000000000000000000, 0.000000000000000000, 0.000000000000000000 ) ) ;
#1161 = LINE ( 'NONE', #3831, #2081 ) ;
#1162 = VERTEX_POINT ( 'NONE', #1119 ) ;
#1163 = COLOUR_RGB ( '',1.000000000000000000, 1.000000000000000000, 1.000000000000000000 ) ;
#1164 = DIRECTION ( 'NONE',  ( 1.000000000000000000, 0.000000000000000000, 0.000000000000000000 ) ) ;
#1165 = VECTOR ( 'NONE', #1164, 1000.000000000000000 ) ;
#1166 = DIRECTION ( 'NONE',  ( -1.000000000000000000, 0.000000000000000000, 0.000000000000000000 ) ) ;
#1167 = CARTESIAN_POINT ( 'NONE',  ( 0.1250000000000001110, 1.000000000000000000, 0.1300000000000000044 ) ) ;
#1168 = PRESENTATION_LAYER_ASSIGNMENT (  '', '', ( #455 ) ) ;
#1169 = EDGE_CURVE ( 'NONE', #2000, #490, #1795, .T. ) ;
#1170 = DIRECTION ( 'NONE',  ( -6.776263578034403945E-17, 1.000000000000000000, 0.000000000000000000 ) ) ;
#1172 = SURFACE_STYLE_USAGE ( .BOTH. , #2841 ) ;
#1171 = CARTESIAN_POINT ( 'NONE',  ( -0.5249999999999999112, 1.000000000000000000, -0.05000000000000000278 ) ) ;
#1173 =( NAMED_UNIT ( * ) SI_UNIT ( $, .STERADIAN. ) SOLID_ANGLE_UNIT ( ) );
#1174 = EDGE_CURVE ( 'NONE', #4311, #1579, #1341, .T. ) ;
#1175 = VECTOR ( 'NONE', #4196, 1000.000000000000000 ) ;
#1176 = LINE ( 'NONE', #2514, #1734 ) ;
#1177 = VERTEX_POINT ( 'NONE', #2122 ) ;
#1178 = SURFACE_SIDE_STYLE ('',( #118 ) ) ;
#1179 = CARTESIAN_POINT ( 'NONE',  ( -0.7749999999999999112, -1.000000000000000000, 0.1300000000000000044 ) ) ;
#1180 = ORIENTED_EDGE ( 'NONE', *, *, #1117, .T. ) ;
#1181 = CARTESIAN_POINT ( 'NONE',  ( -0.1249999999999998890, -1.000000000000000000, 0.000000000000000000 ) ) ;
#1182 =( NAMED_UNIT ( * ) SI_UNIT ( $, .STERADIAN. ) SOLID_ANGLE_UNIT ( ) );
#1183 = EDGE_LOOP ( 'NONE', ( #2070, #1880, #2964, #2832 ) ) ;
#1184 = VECTOR ( 'NONE', #4253, 1000.000000000000000 ) ;
#1185 = CARTESIAN_POINT ( 'NONE',  ( 1.000000000000000000, -1.000000000000000000, 0.000000000000000000 ) ) ;
#1186 = DIRECTION ( 'NONE',  ( 1.000000000000000000, 0.000000000000000000, -0.000000000000000000 ) ) ;
#1187 = STYLED_ITEM ( 'NONE', ( #264 ), #4149 ) ;
#1188 = AXIS2_PLACEMENT_3D ( 'NONE', #3053, #1446, #2034 ) ;
#1189 = COLOUR_RGB ( '',1.000000000000000000, 1.000000000000000000, 1.000000000000000000 ) ;
#1190 = LINE ( 'NONE', #1804, #3161 ) ;
#1192 = LINE ( 'NONE', #1582, #969 ) ;
#1191 = PRESENTATION_STYLE_ASSIGNMENT (( #2145 ) ) ;
#1193 = UNCERTAINTY_MEASURE_WITH_UNIT (LENGTH_MEASURE( 1.000000000000000082E-05 ), #621, 'distance_accuracy_value', 'NONE');
#1194 = EDGE_CURVE ( 'NONE', #3885, #2495, #3490, .T. ) ;
#1195 = CARTESIAN_POINT ( 'NONE',  ( 0.5250000000000000222, 0.7000000000000000666, 0.1300000000000000044 ) ) ;
#1196 = VECTOR ( 'NONE', #130, 1000.000000000000000 ) ;
#1197 = EDGE_CURVE ( 'NONE', #2874, #1709, #1883, .T. ) ;
#1198 = ORIENTED_EDGE ( 'NONE', *, *, #539, .F. ) ;
#1199 = FILL_AREA_STYLE ('',( #190 ) ) ;
#1200 = ORIENTED_EDGE ( 'NONE', *, *, #1907, .T. ) ;
#1201 = ADVANCED_FACE ( 'NONE', ( #3425 ), #2459, .F. ) ;
#1202 =( LENGTH_UNIT ( ) NAMED_UNIT ( * ) SI_UNIT ( .MILLI., .METRE. ) );
#1203 = EDGE_CURVE ( 'NONE', #3980, #3459, #2209, .T. ) ;
#1204 = DIRECTION ( 'NONE',  ( -1.000000000000000000, 0.000000000000000000, 0.000000000000000000 ) ) ;
#1205 = VERTEX_POINT ( 'NONE', #2854 ) ;
#1206 = SURFACE_STYLE_FILL_AREA ( #3192 ) ;
#1207 = SURFACE_STYLE_USAGE ( .BOTH. , #2267 ) ;
#1208 =( LENGTH_UNIT ( ) NAMED_UNIT ( * ) SI_UNIT ( .MILLI., .METRE. ) );
#1209 = FILL_AREA_STYLE ('',( #1528 ) ) ;
#1210 = ORIENTED_EDGE ( 'NONE', *, *, #157, .F. ) ;
#1211 = EDGE_LOOP ( 'NONE', ( #836, #1321, #4043, #2471 ) ) ;
#1212 = PLANE ( 'NONE',  #4300 ) ;
#1213 = FACE_OUTER_BOUND ( 'NONE', #1511, .T. ) ;
#1214 = DIRECTION ( 'NONE',  ( -1.000000000000000000, 0.000000000000000000, 0.000000000000000000 ) ) ;
#1215 = CARTESIAN_POINT ( 'NONE',  ( -0.1249999999999998890, -1.000000000000000000, 0.000000000000000000 ) ) ;
#1217 = SURFACE_STYLE_FILL_AREA ( #1912 ) ;
#1216 = SURFACE_STYLE_USAGE ( .BOTH. , #4198 ) ;
#1218 = PRESENTATION_LAYER_ASSIGNMENT (  '', '', ( #3435 ) ) ;
#1219 = VECTOR ( 'NONE', #1558, 1000.000000000000000 ) ;
#1220 =( NAMED_UNIT ( * ) PLANE_ANGLE_UNIT ( ) SI_UNIT ( $, .RADIAN. ) );
#1221 = CARTESIAN_POINT ( 'NONE',  ( -0.2249999999999999778, -0.4000000000000000222, 0.000000000000000000 ) ) ;
#1222 = EDGE_LOOP ( 'NONE', ( #2499, #2027, #4024, #3537, #4271, #2310, #3271, #2184 ) ) ;
#1223 = CIRCLE ( 'NONE', #3650, 0.09999999999999993616 ) ;
#1224 =( NAMED_UNIT ( * ) SI_UNIT ( $, .STERADIAN. ) SOLID_ANGLE_UNIT ( ) );
#1225 = DIRECTION ( 'NONE',  ( -1.000000000000000000, -0.000000000000000000, -0.000000000000000000 ) ) ;
#1226 = ORIENTED_EDGE ( 'NONE', *, *, #3261, .T. ) ;
#1227 = FACE_OUTER_BOUND ( 'NONE', #1593, .T. ) ;
#1228 = CARTESIAN_POINT ( 'NONE',  ( 0.3250000000000000111, 0.4000000000000000222, 0.1300000000000000044 ) ) ;
#1229 = ORIENTED_EDGE ( 'NONE', *, *, #2350, .T. ) ;
#1230 = VERTEX_POINT ( 'NONE', #3109 ) ;
#1231 = EDGE_CURVE ( 'NONE', #2474, #2929, #4034, .T. ) ;
#1232 = COLOUR_RGB ( '',1.000000000000000000, 1.000000000000000000, 1.000000000000000000 ) ;
#1233 = AXIS2_PLACEMENT_3D ( 'NONE', #1990, #1265, #3900 ) ;
#1234 = DIRECTION ( 'NONE',  ( -0.000000000000000000, 0.000000000000000000, -1.000000000000000000 ) ) ;
#1235 = DIRECTION ( 'NONE',  ( 0.000000000000000000, 0.000000000000000000, 1.000000000000000000 ) ) ;
#1236 = DIRECTION ( 'NONE',  ( 0.000000000000000000, -0.000000000000000000, -1.000000000000000000 ) ) ;
#1237 =( NAMED_UNIT ( * ) PLANE_ANGLE_UNIT ( ) SI_UNIT ( $, .RADIAN. ) );
#1238 = PRESENTATION_LAYER_ASSIGNMENT (  '', '', ( #801 ) ) ;
#1239 = ADVANCED_FACE ( 'NONE', ( #3195, #846 ), #3832, .T. ) ;
#1240 = CYLINDRICAL_SURFACE ( 'NONE', #2286, 0.09999999999999999167 ) ;
#1242 = DIRECTION ( 'NONE',  ( 0.000000000000000000, 0.000000000000000000, 1.000000000000000000 ) ) ;
#1241 = PRESENTATION_STYLE_ASSIGNMENT (( #1216 ) ) ;
#1243 = SURFACE_STYLE_FILL_AREA ( #206 ) ;
#1244 = MECHANICAL_DESIGN_GEOMETRIC_PRESENTATION_REPRESENTATION (  '', ( #2228 ), #3190 ) ;
#1245 = VECTOR ( 'NONE', #22, 1000.000000000000000 ) ;
#1246 = STYLED_ITEM ( 'NONE', ( #2447 ), #2496 ) ;
#1247 = CARTESIAN_POINT ( 'NONE',  ( -0.2250000000000000333, 0.4000000000000000222, -0.05000000000000000278 ) ) ;
#1248 = CARTESIAN_POINT ( 'NONE',  ( 0.5250000000000000222, 0.7000000000000000666, 0.1300000000000000044 ) ) ;
#1249 = ORIENTED_EDGE ( 'NONE', *, *, #4313, .F. ) ;
#1250 =( LENGTH_UNIT ( ) NAMED_UNIT ( * ) SI_UNIT ( .MILLI., .METRE. ) );
#1251 = AXIS2_PLACEMENT_3D ( 'NONE', #736, #670, #3380 ) ;
#1252 = LINE ( 'NONE', #4232, #3940 ) ;
#1253 = VERTEX_POINT ( 'NONE', #126 ) ;
#1254 = CARTESIAN_POINT ( 'NONE',  ( -1.000000000000000000, -1.000000000000000000, 0.6049999999999999822 ) ) ;
#1255 =( NAMED_UNIT ( * ) SI_UNIT ( $, .STERADIAN. ) SOLID_ANGLE_UNIT ( ) );
#1256 = ORIENTED_EDGE ( 'NONE', *, *, #3822, .F. ) ;
#1257 = EDGE_CURVE ( 'NONE', #237, #3730, #2189, .T. ) ;
#1258 = ADVANCED_FACE ( 'NONE', ( #3174 ), #177, .F. ) ;
#1259 = DIRECTION ( 'NONE',  ( -1.000000000000000000, 0.000000000000000000, 0.000000000000000000 ) ) ;
#1260 = EDGE_CURVE ( 'NONE', #819, #3630, #861, .T. ) ;
#1261 = DIRECTION ( 'NONE',  ( -0.000000000000000000, -0.000000000000000000, -1.000000000000000000 ) ) ;
#1262 = PLANE ( 'NONE',  #393 ) ;
#1263 = EDGE_CURVE ( 'NONE', #3338, #819, #904, .T. ) ;
#1264 = ADVANCED_BREP_SHAPE_REPRESENTATION ( 'DMN3032LFDB-7', ( #4187, #1293, #2704, #2622, #4122, #4086, #4144, #1304, #2629, #4177, #280 ), #3011 ) ;
#1265 = DIRECTION ( 'NONE',  ( -0.000000000000000000, 1.000000000000000000, 0.000000000000000000 ) ) ;
#1266 = VECTOR ( 'NONE', #4071, 1000.000000000000000 ) ;
#1267 = LINE ( 'NONE', #4199, #687 ) ;
#1268 = PRESENTATION_LAYER_ASSIGNMENT (  '', '', ( #338 ) ) ;
#1269 = MECHANICAL_DESIGN_GEOMETRIC_PRESENTATION_REPRESENTATION (  '', ( #3153 ), #1049 ) ;
#1270 = COLOUR_RGB ( '',1.000000000000000000, 1.000000000000000000, 1.000000000000000000 ) ;
#1271 = CARTESIAN_POINT ( 'NONE',  ( -0.5249999999999999112, 1.000000000000000000, 0.1300000000000000044 ) ) ;
#1272 = LINE ( 'NONE', #1934, #2505 ) ;
#1273 = ORIENTED_EDGE ( 'NONE', *, *, #4008, .T. ) ;
#1274 = FILL_AREA_STYLE_COLOUR ( '', #940 ) ;
#1275 = CARTESIAN_POINT ( 'NONE',  ( -0.7249999999999997558, 0.5000000000000000000, -0.05000000000000000278 ) ) ;
#1276 = VERTEX_POINT ( 'NONE', #1660 ) ;
#1277 = LINE ( 'NONE', #275, #3277 ) ;
#1278 = FILL_AREA_STYLE ('',( #4273 ) ) ;
#1279 = DIRECTION ( 'NONE',  ( 0.000000000000000000, 0.000000000000000000, -1.000000000000000000 ) ) ;
#1280 = ORIENTED_EDGE ( 'NONE', *, *, #3202, .T. ) ;
#1281 = ORIENTED_EDGE ( 'NONE', *, *, #2762, .T. ) ;
#1282 =( GEOMETRIC_REPRESENTATION_CONTEXT ( 3 ) GLOBAL_UNCERTAINTY_ASSIGNED_CONTEXT ( ( #437 ) ) GLOBAL_UNIT_ASSIGNED_CONTEXT ( ( #3651, #1404, #3029 ) ) REPRESENTATION_CONTEXT ( 'NONE', 'WORKASPACE' ) );
#1283 = CARTESIAN_POINT ( 'NONE',  ( 0.000000000000000000, 0.000000000000000000, 0.000000000000000000 ) ) ;
#1284 = LINE ( 'NONE', #2544, #925 ) ;
#1285 = CARTESIAN_POINT ( 'NONE',  ( 0.3250000000000000111, 0.5000000000000000000, 0.1300000000000000044 ) ) ;
#1286 = EDGE_CURVE ( 'NONE', #556, #3107, #1906, .T. ) ;
#1287 = DIRECTION ( 'NONE',  ( -0.000000000000000000, -0.000000000000000000, -1.000000000000000000 ) ) ;
#1288 = UNCERTAINTY_MEASURE_WITH_UNIT (LENGTH_MEASURE( 1.000000000000000082E-05 ), #652, 'distance_accuracy_value', 'NONE');
#1289 = CARTESIAN_POINT ( 'NONE',  ( -0.1249999999999998890, -0.7000000000000000666, 0.1300000000000000044 ) ) ;
#1290 = LINE ( 'NONE', #1609, #2604 ) ;
#1291 = ORIENTED_EDGE ( 'NONE', *, *, #3176, .T. ) ;
#1292 =( NAMED_UNIT ( * ) PLANE_ANGLE_UNIT ( ) SI_UNIT ( $, .RADIAN. ) );
#1293 = MANIFOLD_SOLID_BREP ( 'Boss-Extrude2[2]', #3921 ) ;
#1294 = DIRECTION ( 'NONE',  ( 0.000000000000000000, 0.000000000000000000, -1.000000000000000000 ) ) ;
#1295 = LINE ( 'NONE', #2892, #1100 ) ;
#1296 = VERTEX_POINT ( 'NONE', #885 ) ;
#1297 = LINE ( 'NONE', #1871, #2871 ) ;
#1298 = CARTESIAN_POINT ( 'NONE',  ( -0.7500000000000000000, -0.7500000000000000000, 0.5549999999999999378 ) ) ;
#1299 = DIRECTION ( 'NONE',  ( -1.000000000000000000, -0.000000000000000000, -0.000000000000000000 ) ) ;
#1300 = ORIENTED_EDGE ( 'NONE', *, *, #3022, .T. ) ;
#1301 = ORIENTED_EDGE ( 'NONE', *, *, #2351, .T. ) ;
#1302 = AXIS2_PLACEMENT_3D ( 'NONE', #4298, #3040, #339 ) ;
#1303 = AXIS2_PLACEMENT_3D ( 'NONE', #538, #2272, #1910 ) ;
#1304 = MANIFOLD_SOLID_BREP ( 'Boss-Extrude2[8]', #3305 ) ;
#1305 = STYLED_ITEM ( 'NONE', ( #3489 ), #1703 ) ;
#1306 = LINE ( 'NONE', #3241, #721 ) ;
#1308 =( LENGTH_UNIT ( ) NAMED_UNIT ( * ) SI_UNIT ( .MILLI., .METRE. ) );
#1307 = CARTESIAN_POINT ( 'NONE',  ( 0.5250000000000000222, -1.000000000000000000, 0.1300000000000000044 ) ) ;
#1309 = CYLINDRICAL_SURFACE ( 'NONE', #2834, 0.1000000000000000472 ) ;
#1310 = EDGE_CURVE ( 'NONE', #3730, #1797, #601, .T. ) ;
#1311 = STYLED_ITEM ( 'NONE', ( #3149 ), #3250 ) ;
#1312 = DIRECTION ( 'NONE',  ( -0.000000000000000000, -1.000000000000000000, -0.000000000000000000 ) ) ;
#1313 = ORIENTED_EDGE ( 'NONE', *, *, #290, .F. ) ;
#1314 = EDGE_CURVE ( 'NONE', #2563, #976, #243, .T. ) ;
#1315 = MECHANICAL_DESIGN_GEOMETRIC_PRESENTATION_REPRESENTATION (  '', ( #454 ), #1385 ) ;
#1316 = DIRECTION ( 'NONE',  ( 0.000000000000000000, -0.000000000000000000, 1.000000000000000000 ) ) ;
#1317 = ADVANCED_FACE ( 'NONE', ( #2746, #2068, #3959 ), #2344, .F. ) ;
#1318 = EDGE_CURVE ( 'NONE', #843, #3254, #4023, .T. ) ;
#1319 = VECTOR ( 'NONE', #3743, 1000.000000000000000 ) ;
#1320 = SURFACE_SIDE_STYLE ('',( #4314 ) ) ;
#1321 = ORIENTED_EDGE ( 'NONE', *, *, #3818, .F. ) ;
#1322 = DIRECTION ( 'NONE',  ( 0.000000000000000000, 0.000000000000000000, -1.000000000000000000 ) ) ;
#1323 = LINE ( 'NONE', #375, #4147 ) ;
#1324 = ORIENTED_EDGE ( 'NONE', *, *, #3055, .F. ) ;
#1325 = DIRECTION ( 'NONE',  ( -0.000000000000000000, -0.000000000000000000, -1.000000000000000000 ) ) ;
#1326 = VERTEX_POINT ( 'NONE', #1024 ) ;
#1327 = VERTEX_POINT ( 'NONE', #1413 ) ;
#1328 = EDGE_LOOP ( 'NONE', ( #1645, #399, #1023, #3872 ) ) ;
#1329 = LINE ( 'NONE', #1370, #1677 ) ;
#1330 = FACE_OUTER_BOUND ( 'NONE', #1598, .T. ) ;
#1331 = DIRECTION ( 'NONE',  ( 0.000000000000000000, 0.000000000000000000, -1.000000000000000000 ) ) ;
#1332 = DIRECTION ( 'NONE',  ( 0.000000000000000000, 0.000000000000000000, -1.000000000000000000 ) ) ;
#1333 = CARTESIAN_POINT ( 'NONE',  ( -0.3250000000000000111, 0.5000000000000000000, 0.000000000000000000 ) ) ;
#1334 = PRODUCT_DEFINITION_CONTEXT ( 'detailed design', #4206, 'design' ) ;
#1335 = VECTOR ( 'NONE', #3043, 1000.000000000000000 ) ;
#1336 =( NAMED_UNIT ( * ) SI_UNIT ( $, .STERADIAN. ) SOLID_ANGLE_UNIT ( ) );
#1337 = EDGE_CURVE ( 'NONE', #2797, #825, #642, .T. ) ;
#1338 = PRESENTATION_STYLE_ASSIGNMENT (( #4310 ) ) ;
#1339 = EDGE_LOOP ( 'NONE', ( #258, #4095, #2926, #1661 ) ) ;
#1340 = VECTOR ( 'NONE', #1950, 1000.000000000000000 ) ;
#1341 = CIRCLE ( 'NONE', #1700, 0.09999999999999999167 ) ;
#1342 = AXIS2_PLACEMENT_3D ( 'NONE', #1806, #3057, #3142 ) ;
#1343 =( NAMED_UNIT ( * ) SI_UNIT ( $, .STERADIAN. ) SOLID_ANGLE_UNIT ( ) );
#1344 = VERTEX_POINT ( 'NONE', #4045 ) ;
#1345 = FACE_OUTER_BOUND ( 'NONE', #3175, .T. ) ;
#1347 = VERTEX_POINT ( 'NONE', #2677 ) ;
#1346 = EDGE_CURVE ( 'NONE', #3276, #3730, #2001, .T. ) ;
#1348 =( NAMED_UNIT ( * ) PLANE_ANGLE_UNIT ( ) SI_UNIT ( $, .RADIAN. ) );
#1349 = ADVANCED_FACE ( 'NONE', ( #1046 ), #2365, .F. ) ;
#1350 = ORIENTED_EDGE ( 'NONE', *, *, #1286, .F. ) ;
#1351 = CARTESIAN_POINT ( 'NONE',  ( 0.7750000000000001332, 1.000000000000000000, -0.05000000000000000278 ) ) ;
#1352 = CARTESIAN_POINT ( 'NONE',  ( -0.3250000000000000111, -0.4000000000000000222, 0.1300000000000000044 ) ) ;
#1353 = DIRECTION ( 'NONE',  ( 0.000000000000000000, 0.000000000000000000, -1.000000000000000000 ) ) ;
#1355 = CYLINDRICAL_SURFACE ( 'NONE', #2521, 0.09999999999999999167 ) ;
#1354 = FACE_OUTER_BOUND ( 'NONE', #855, .T. ) ;
#1356 = DIRECTION ( 'NONE',  ( -0.000000000000000000, -0.000000000000000000, -1.000000000000000000 ) ) ;
#1357 = DIRECTION ( 'NONE',  ( 0.000000000000000000, 0.000000000000000000, -1.000000000000000000 ) ) ;
#1358 = DIRECTION ( 'NONE',  ( 1.000000000000000000, 0.000000000000000000, 0.000000000000000000 ) ) ;
#1359 = ORIENTED_EDGE ( 'NONE', *, *, #516, .T. ) ;
#1360 = PRESENTATION_STYLE_ASSIGNMENT (( #2671 ) ) ;
#1361 = ORIENTED_EDGE ( 'NONE', *, *, #3046, .F. ) ;
#1362 = FACE_OUTER_BOUND ( 'NONE', #3197, .T. ) ;
#1363 = LINE ( 'NONE', #3680, #665 ) ;
#1364 = EDGE_LOOP ( 'NONE', ( #324, #2438, #723, #821 ) ) ;
#1365 = DIRECTION ( 'NONE',  ( -0.000000000000000000, -0.000000000000000000, -1.000000000000000000 ) ) ;
#1366 = ORIENTED_EDGE ( 'NONE', *, *, #4279, .F. ) ;
#1367 = VECTOR ( 'NONE', #1063, 1000.000000000000000 ) ;
#1368 = COLOUR_RGB ( '',1.000000000000000000, 1.000000000000000000, 1.000000000000000000 ) ;
#1369 = ORIENTED_EDGE ( 'NONE', *, *, #609, .T. ) ;
#1370 = CARTESIAN_POINT ( 'NONE',  ( -0.8249999999999997335, -0.3750961623601626327, 0.1300000000000000044 ) ) ;
#1371 = AXIS2_PLACEMENT_3D ( 'NONE', #527, #3208, #3863 ) ;
#1372 = DIRECTION ( 'NONE',  ( 0.000000000000000000, -1.000000000000000000, 0.000000000000000000 ) ) ;
#1373 = CARTESIAN_POINT ( 'NONE',  ( -0.7249999999999997558, 0.5000000000000000000, 0.1300000000000000044 ) ) ;
#1374 = ADVANCED_FACE ( 'NONE', ( #359 ), #3021, .T. ) ;
#1375 = DIRECTION ( 'NONE',  ( -1.000000000000000000, 0.000000000000000000, -0.000000000000000000 ) ) ;
#1376 =( NAMED_UNIT ( * ) SI_UNIT ( $, .STERADIAN. ) SOLID_ANGLE_UNIT ( ) );
#1377 = UNCERTAINTY_MEASURE_WITH_UNIT (LENGTH_MEASURE( 1.000000000000000082E-05 ), #1110, 'distance_accuracy_value', 'NONE');
#1378 = DIRECTION ( 'NONE',  ( -0.000000000000000000, 1.000000000000000000, 0.000000000000000000 ) ) ;
#1379 = EDGE_CURVE ( 'NONE', #2024, #3491, #3003, .T. ) ;
#1380 = VECTOR ( 'NONE', #4067, 1000.000000000000000 ) ;
#1381 = VECTOR ( 'NONE', #585, 1000.000000000000000 ) ;
#1382 = UNCERTAINTY_MEASURE_WITH_UNIT (LENGTH_MEASURE( 1.000000000000000082E-05 ), #525, 'distance_accuracy_value', 'NONE');
#1383 = SURFACE_STYLE_FILL_AREA ( #2419 ) ;
#1384 = VECTOR ( 'NONE', #230, 1000.000000000000000 ) ;
#1385 =( GEOMETRIC_REPRESENTATION_CONTEXT ( 3 ) GLOBAL_UNCERTAINTY_ASSIGNED_CONTEXT ( ( #226 ) ) GLOBAL_UNIT_ASSIGNED_CONTEXT ( ( #2506, #496, #1531 ) ) REPRESENTATION_CONTEXT ( 'NONE', 'WORKASPACE' ) );
#1386 =( LENGTH_UNIT ( ) NAMED_UNIT ( * ) SI_UNIT ( .MILLI., .METRE. ) );
#1387 = VERTEX_POINT ( 'NONE', #2092 ) ;
#1388 = CARTESIAN_POINT ( 'NONE',  ( 0.000000000000000000, 0.000000000000000000, -0.05000000000000000278 ) ) ;
#1389 = EDGE_LOOP ( 'NONE', ( #1751, #1256, #3426, #314 ) ) ;
#1390 = CARTESIAN_POINT ( 'NONE',  ( -0.7749999999999999112, -0.7000000000000000666, 0.000000000000000000 ) ) ;
#1391 =( GEOMETRIC_REPRESENTATION_CONTEXT ( 3 ) GLOBAL_UNCERTAINTY_ASSIGNED_CONTEXT ( ( #654 ) ) GLOBAL_UNIT_ASSIGNED_CONTEXT ( ( #3444, #1482, #3402 ) ) REPRESENTATION_CONTEXT ( 'NONE', 'WORKASPACE' ) );
#1392 = EDGE_LOOP ( 'NONE', ( #2332, #1089 ) ) ;
#1393 = DIRECTION ( 'NONE',  ( 0.000000000000000000, -1.000000000000000000, 0.000000000000000000 ) ) ;
#1394 = VECTOR ( 'NONE', #3209, 1000.000000000000000 ) ;
#1395 = CARTESIAN_POINT ( 'NONE',  ( -0.7749999999999999112, -1.000000000000000000, 0.1300000000000000044 ) ) ;
#1396 = SURFACE_STYLE_FILL_AREA ( #364 ) ;
#1397 = AXIS2_PLACEMENT_3D ( 'NONE', #1643, #2966, #302 ) ;
#1398 = EDGE_CURVE ( 'NONE', #410, #3852, #1727, .T. ) ;
#1399 = EDGE_CURVE ( 'NONE', #838, #964, #3400, .T. ) ;
#1400 = EDGE_CURVE ( 'NONE', #1134, #1653, #2426, .T. ) ;
#1401 =( NAMED_UNIT ( * ) PLANE_ANGLE_UNIT ( ) SI_UNIT ( $, .RADIAN. ) );
#1402 = CARTESIAN_POINT ( 'NONE',  ( 0.3250000000000000111, 0.5000000000000000000, -0.05000000000000000278 ) ) ;
#1403 = EDGE_CURVE ( 'NONE', #3780, #3276, #2766, .T. ) ;
#1404 =( NAMED_UNIT ( * ) PLANE_ANGLE_UNIT ( ) SI_UNIT ( $, .RADIAN. ) );
#1405 = FILL_AREA_STYLE ('',( #3476 ) ) ;
#1406 = CARTESIAN_POINT ( 'NONE',  ( -0.7749999999999999112, -1.000000000000000000, 0.1300000000000000044 ) ) ;
#1407 = EDGE_CURVE ( 'NONE', #2817, #3023, #3083, .T. ) ;
#1408 = DIRECTION ( 'NONE',  ( -1.000000000000000000, -0.000000000000000000, -0.000000000000000000 ) ) ;
#1409 = EDGE_LOOP ( 'NONE', ( #2327, #1281, #2890, #2052 ) ) ;
#1410 = DIRECTION ( 'NONE',  ( 0.000000000000000000, 0.000000000000000000, 1.000000000000000000 ) ) ;
#1411 = VERTEX_POINT ( 'NONE', #3044 ) ;
#1412 = COLOUR_RGB ( '',0.7921568627450980005, 0.8196078431372548767, 0.9333333333333333481 ) ;
#1413 = CARTESIAN_POINT ( 'NONE',  ( -0.1249999999999998890, 1.000000000000000000, 0.000000000000000000 ) ) ;
#1414 = AXIS2_PLACEMENT_3D ( 'NONE', #851, #2594, #1911 ) ;
#1415 =( GEOMETRIC_REPRESENTATION_CONTEXT ( 3 ) GLOBAL_UNCERTAINTY_ASSIGNED_CONTEXT ( ( #1516 ) ) GLOBAL_UNIT_ASSIGNED_CONTEXT ( ( #2583, #3599, #2962 ) ) REPRESENTATION_CONTEXT ( 'NONE', 'WORKASPACE' ) );
#1416 = VECTOR ( 'NONE', #1356, 1000.000000000000000 ) ;
#1417 = CIRCLE ( 'NONE', #1971, 0.1000000000000000472 ) ;
#1418 = EDGE_LOOP ( 'NONE', ( #2959, #531, #573, #4183 ) ) ;
#1419 = FACE_OUTER_BOUND ( 'NONE', #2657, .T. ) ;
#1420 = DIRECTION ( 'NONE',  ( 0.000000000000000000, 0.000000000000000000, -1.000000000000000000 ) ) ;
#1421 = VECTOR ( 'NONE', #3771, 1000.000000000000000 ) ;
#1422 = ORIENTED_EDGE ( 'NONE', *, *, #1144, .F. ) ;
#1423 = CARTESIAN_POINT ( 'NONE',  ( -0.1249999999999998890, -0.7000000000000000666, 0.1300000000000000044 ) ) ;
#1424 = LINE ( 'NONE', #651, #2842 ) ;
#1425 = LINE ( 'NONE', #1445, #3219 ) ;
#1426 = AXIS2_PLACEMENT_3D ( 'NONE', #1126, #810, #3181 ) ;
#1427 = CARTESIAN_POINT ( 'NONE',  ( 0.5250000000000000222, 0.7000000000000000666, -0.05000000000000000278 ) ) ;
#1429 = PLANE ( 'NONE',  #3963 ) ;
#1428 = CARTESIAN_POINT ( 'NONE',  ( 0.5250000000000000222, -0.7000000000000000666, -0.05000000000000000278 ) ) ;
#1430 = UNCERTAINTY_MEASURE_WITH_UNIT (LENGTH_MEASURE( 1.000000000000000082E-05 ), #2740, 'distance_accuracy_value', 'NONE');
#1431 = DIRECTION ( 'NONE',  ( -0.000000000000000000, -0.000000000000000000, -1.000000000000000000 ) ) ;
#1432 = CARTESIAN_POINT ( 'NONE',  ( 0.7249999999999997558, -0.4000000000000000777, 0.1300000000000000044 ) ) ;
#1433 = ORIENTED_EDGE ( 'NONE', *, *, #3374, .F. ) ;
#1434 = DIRECTION ( 'NONE',  ( -1.000000000000000000, -0.000000000000000000, -0.000000000000000000 ) ) ;
#1435 = ORIENTED_EDGE ( 'NONE', *, *, #864, .T. ) ;
#1436 = CARTESIAN_POINT ( 'NONE',  ( -0.2250000000000000056, -0.4000000000000000222, 0.1300000000000000044 ) ) ;
#1437 = FILL_AREA_STYLE_COLOUR ( '', #1098 ) ;
#1438 = ORIENTED_EDGE ( 'NONE', *, *, #2485, .T. ) ;
#1439 = DIRECTION ( 'NONE',  ( -0.000000000000000000, 1.000000000000000000, -0.000000000000000000 ) ) ;
#1440 =( NAMED_UNIT ( * ) PLANE_ANGLE_UNIT ( ) SI_UNIT ( $, .RADIAN. ) );
#1441 = PRESENTATION_LAYER_ASSIGNMENT (  '', '', ( #3506 ) ) ;
#1442 = EDGE_LOOP ( 'NONE', ( #3590, #1366, #3977, #862 ) ) ;
#1443 = SURFACE_STYLE_USAGE ( .BOTH. , #3097 ) ;
#1444 = ORIENTED_EDGE ( 'NONE', *, *, #3229, .F. ) ;
#1445 = CARTESIAN_POINT ( 'NONE',  ( -0.7749999999999999112, -1.000000000000000000, 0.1300000000000000044 ) ) ;
#1446 = DIRECTION ( 'NONE',  ( 0.000000000000000000, -1.000000000000000000, 0.000000000000000000 ) ) ;
#1447 = CARTESIAN_POINT ( 'NONE',  ( -0.1249999999999998890, 1.000000000000000000, 0.1300000000000000044 ) ) ;
#1448 =( NAMED_UNIT ( * ) PLANE_ANGLE_UNIT ( ) SI_UNIT ( $, .RADIAN. ) );
#1449 = ADVANCED_FACE ( 'NONE', ( #1330 ), #3024, .F. ) ;
#1450 = VECTOR ( 'NONE', #2749, 1000.000000000000000 ) ;
#1451 = PRODUCT_DEFINITION ( 'UNKNOWN', '', #3827, #1334 ) ;
#1452 = LINE ( 'NONE', #680, #2380 ) ;
#1453 = CYLINDRICAL_SURFACE ( 'NONE', #668, 0.1000000000000000472 ) ;
#1454 = EDGE_LOOP ( 'NONE', ( #972, #3556, #1460, #1044 ) ) ;
#1455 = MECHANICAL_DESIGN_GEOMETRIC_PRESENTATION_REPRESENTATION (  '', ( #1087 ), #3861 ) ;
#1456 = MECHANICAL_DESIGN_GEOMETRIC_PRESENTATION_REPRESENTATION (  '', ( #3729 ), #1600 ) ;
#1457 = DIRECTION ( 'NONE',  ( 0.000000000000000000, 0.000000000000000000, 1.000000000000000000 ) ) ;
#1458 = ORIENTED_EDGE ( 'NONE', *, *, #3559, .T. ) ;
#1459 = DIRECTION ( 'NONE',  ( -1.000000000000000000, 0.000000000000000000, -0.000000000000000000 ) ) ;
#1460 = ORIENTED_EDGE ( 'NONE', *, *, #979, .F. ) ;
#1461 = FILL_AREA_STYLE_COLOUR ( '', #1740 ) ;
#1462 = VECTOR ( 'NONE', #4239, 1000.000000000000000 ) ;
#1463 = AXIS2_PLACEMENT_3D ( 'NONE', #2850, #4165, #1459 ) ;
#1464 = EDGE_LOOP ( 'NONE', ( #1994, #3016, #170, #1997 ) ) ;
#1465 = ORIENTED_EDGE ( 'NONE', *, *, #1, .T. ) ;
#1466 = VECTOR ( 'NONE', #4182, 1000.000000000000000 ) ;
#1467 = DIRECTION ( 'NONE',  ( 1.000000000000000000, 0.000000000000000000, -0.000000000000000000 ) ) ;
#1468 = EDGE_LOOP ( 'NONE', ( #1359, #906, #602, #358 ) ) ;
#1469 = CARTESIAN_POINT ( 'NONE',  ( 0.1250000000000001110, -0.7000000000000000666, 0.1300000000000000044 ) ) ;
#1470 = SURFACE_STYLE_FILL_AREA ( #109 ) ;
#1471 =( NAMED_UNIT ( * ) SI_UNIT ( $, .STERADIAN. ) SOLID_ANGLE_UNIT ( ) );
#1472 = UNCERTAINTY_MEASURE_WITH_UNIT (LENGTH_MEASURE( 1.000000000000000082E-05 ), #3251, 'distance_accuracy_value', 'NONE');
#1473 = VERTEX_POINT ( 'NONE', #4322 ) ;
#1474 = CARTESIAN_POINT ( 'NONE',  ( 0.5250000000000000222, 0.7000000000000000666, 0.1300000000000000044 ) ) ;
#1475 = EDGE_LOOP ( 'NONE', ( #2658, #1575, #2366, #2584, #2190, #1123, #1133, #3770 ) ) ;
#1476 = VERTEX_POINT ( 'NONE', #363 ) ;
#1477 = ADVANCED_FACE ( 'NONE', ( #1003 ), #2346, .F. ) ;
#1478 = ADVANCED_FACE ( 'NONE', ( #669 ), #1735, .F. ) ;
#1479 = COLOUR_RGB ( '',1.000000000000000000, 1.000000000000000000, 1.000000000000000000 ) ;
#1480 = PRESENTATION_STYLE_ASSIGNMENT (( #3106 ) ) ;
#1481 = ORIENTED_EDGE ( 'NONE', *, *, #4283, .T. ) ;
#1482 =( NAMED_UNIT ( * ) PLANE_ANGLE_UNIT ( ) SI_UNIT ( $, .RADIAN. ) );
#1483 = CARTESIAN_POINT ( 'NONE',  ( -0.5249999999999999112, 1.000000000000000000, 0.1300000000000000044 ) ) ;
#1484 =( LENGTH_UNIT ( ) NAMED_UNIT ( * ) SI_UNIT ( .MILLI., .METRE. ) );
#1485 = DIRECTION ( 'NONE',  ( 0.000000000000000000, 0.000000000000000000, 1.000000000000000000 ) ) ;
#1486 = ORIENTED_EDGE ( 'NONE', *, *, #236, .T. ) ;
#1487 = COLOUR_RGB ( '',0.2941176470588235392, 0.2941176470588235392, 0.2941176470588235392 ) ;
#1488 = ADVANCED_FACE ( 'NONE', ( #2029 ), #10, .T. ) ;
#1489 = CARTESIAN_POINT ( 'NONE',  ( -0.6250000000000000000, -0.7500000000000000000, 0.5549999999999999378 ) ) ;
#1490 = VECTOR ( 'NONE', #740, 1000.000000000000000 ) ;
#1491 =( NAMED_UNIT ( * ) SI_UNIT ( $, .STERADIAN. ) SOLID_ANGLE_UNIT ( ) );
#1492 = PRESENTATION_STYLE_ASSIGNMENT (( #1125 ) ) ;
#1493 = FACE_OUTER_BOUND ( 'NONE', #3614, .T. ) ;
#1494 = DIRECTION ( 'NONE',  ( -1.000000000000000000, 0.000000000000000000, -0.000000000000000000 ) ) ;
#1495 = PRESENTATION_STYLE_ASSIGNMENT (( #3143 ) ) ;
#1496 = EDGE_LOOP ( 'NONE', ( #2407, #2469, #1676, #727 ) ) ;
#1497 = CARTESIAN_POINT ( 'NONE',  ( -0.1249999999999998890, -0.7000000000000000666, 0.1300000000000000044 ) ) ;
#1498 = ORIENTED_EDGE ( 'NONE', *, *, #2022, .T. ) ;
#1499 = ORIENTED_EDGE ( 'NONE', *, *, #2896, .T. ) ;
#1500 = LINE ( 'NONE', #1818, #3196 ) ;
#1501 = ORIENTED_EDGE ( 'NONE', *, *, #1588, .T. ) ;
#1502 = SURFACE_STYLE_USAGE ( .BOTH. , #3505 ) ;
#1503 = FILL_AREA_STYLE_COLOUR ( '', #3248 ) ;
#1504 = LINE ( 'NONE', #98, #2007 ) ;
#1505 = DIRECTION ( 'NONE',  ( -0.000000000000000000, -0.000000000000000000, 1.000000000000000000 ) ) ;
#1506 = VERTEX_POINT ( 'NONE', #2367 ) ;
#1507 = FACE_OUTER_BOUND ( 'NONE', #1339, .T. ) ;
#1508 = ADVANCED_FACE ( 'NONE', ( #2727 ), #2682, .T. ) ;
#1509 = SURFACE_STYLE_FILL_AREA ( #518 ) ;
#1510 = PRESENTATION_LAYER_ASSIGNMENT (  '', '', ( #644 ) ) ;
#1511 = EDGE_LOOP ( 'NONE', ( #1919, #2869, #1525, #2364 ) ) ;
#1512 = VECTOR ( 'NONE', #3918, 1000.000000000000000 ) ;
#1513 = PRESENTATION_STYLE_ASSIGNMENT (( #786 ) ) ;
#1515 = DIRECTION ( 'NONE',  ( -0.000000000000000000, -0.000000000000000000, 1.000000000000000000 ) ) ;
#1514 = CARTESIAN_POINT ( 'NONE',  ( -0.5249999999999999112, 1.000000000000000000, 0.000000000000000000 ) ) ;
#1516 = UNCERTAINTY_MEASURE_WITH_UNIT (LENGTH_MEASURE( 1.000000000000000082E-05 ), #2583, 'distance_accuracy_value', 'NONE');
#1517 =( NAMED_UNIT ( * ) PLANE_ANGLE_UNIT ( ) SI_UNIT ( $, .RADIAN. ) );
#1518 = EDGE_LOOP ( 'NONE', ( #3639, #1749, #638, #425 ) ) ;
#1519 = LINE ( 'NONE', #2846, #647 ) ;
#1520 =( LENGTH_UNIT ( ) NAMED_UNIT ( * ) SI_UNIT ( .MILLI., .METRE. ) );
#1521 = VERTEX_POINT ( 'NONE', #2139 ) ;
#1522 =( GEOMETRIC_REPRESENTATION_CONTEXT ( 3 ) GLOBAL_UNCERTAINTY_ASSIGNED_CONTEXT ( ( #3118 ) ) GLOBAL_UNIT_ASSIGNED_CONTEXT ( ( #1753, #2770, #3592 ) ) REPRESENTATION_CONTEXT ( 'NONE', 'WORKASPACE' ) );
#1523 = AXIS2_PLACEMENT_3D ( 'NONE', #3193, #3488, #1160 ) ;
#1524 = SURFACE_STYLE_FILL_AREA ( #2183 ) ;
#1525 = ORIENTED_EDGE ( 'NONE', *, *, #4150, .F. ) ;
#1526 =( NAMED_UNIT ( * ) PLANE_ANGLE_UNIT ( ) SI_UNIT ( $, .RADIAN. ) );
#1527 = DIRECTION ( 'NONE',  ( 1.000000000000000000, 0.000000000000000000, 0.000000000000000000 ) ) ;
#1528 = FILL_AREA_STYLE_COLOUR ( '', #831 ) ;
#1529 = ORIENTED_EDGE ( 'NONE', *, *, #2896, .F. ) ;
#1530 = ORIENTED_EDGE ( 'NONE', *, *, #539, .T. ) ;
#1531 =( NAMED_UNIT ( * ) SI_UNIT ( $, .STERADIAN. ) SOLID_ANGLE_UNIT ( ) );
#1532 = PRESENTATION_LAYER_ASSIGNMENT (  '', '', ( #383 ) ) ;
#1533 = SURFACE_SIDE_STYLE ('',( #3259 ) ) ;
#1534 = EDGE_CURVE ( 'NONE', #3930, #922, #2121, .T. ) ;
#1535 = VECTOR ( 'NONE', #2928, 1000.000000000000000 ) ;
#1536 = EDGE_CURVE ( 'NONE', #2653, #1327, #125, .T. ) ;
#1537 = EDGE_CURVE ( 'NONE', #978, #818, #94, .T. ) ;
#1538 = EDGE_LOOP ( 'NONE', ( #773, #3870, #3148, #4133 ) ) ;
#1539 = DIRECTION ( 'NONE',  ( -0.000000000000000000, -0.000000000000000000, -1.000000000000000000 ) ) ;
#1540 = ADVANCED_FACE ( 'NONE', ( #448 ), #2098, .F. ) ;
#1541 = LINE ( 'NONE', #1514, #4179 ) ;
#1542 = SURFACE_STYLE_FILL_AREA ( #812 ) ;
#1543 = LINE ( 'NONE', #189, #929 ) ;
#1544 = DIRECTION ( 'NONE',  ( 1.000000000000000000, 0.000000000000000000, 0.000000000000000000 ) ) ;
#1545 = VERTEX_POINT ( 'NONE', #1073 ) ;
#1546 = SURFACE_STYLE_FILL_AREA ( #1875 ) ;
#1547 = EDGE_CURVE ( 'NONE', #2804, #2206, #4117, .T. ) ;
#1548 = CARTESIAN_POINT ( 'NONE',  ( 0.3250000000000000111, -0.5000000000000000000, 0.1300000000000000044 ) ) ;
#1549 = VERTEX_POINT ( 'NONE', #1846 ) ;
#1550 = PRESENTATION_STYLE_ASSIGNMENT (( #1502 ) ) ;
#1551 = DIRECTION ( 'NONE',  ( 0.000000000000000000, -0.000000000000000000, 1.000000000000000000 ) ) ;
#1552 = CARTESIAN_POINT ( 'NONE',  ( 0.1250000000000001110, 0.7000000000000000666, 0.1300000000000000044 ) ) ;
#1553 = DIRECTION ( 'NONE',  ( 0.000000000000000000, 0.000000000000000000, -1.000000000000000000 ) ) ;
#1554 = ORIENTED_EDGE ( 'NONE', *, *, #514, .T. ) ;
#1555 = ORIENTED_EDGE ( 'NONE', *, *, #1731, .T. ) ;
#1556 = VECTOR ( 'NONE', #3936, 1000.000000000000000 ) ;
#1557 = DIRECTION ( 'NONE',  ( -0.000000000000000000, -1.000000000000000000, -0.000000000000000000 ) ) ;
#1558 = DIRECTION ( 'NONE',  ( -0.000000000000000000, -0.000000000000000000, -1.000000000000000000 ) ) ;
#1559 = FILL_AREA_STYLE ('',( #203 ) ) ;
#1560 = VECTOR ( 'NONE', #2355, 1000.000000000000000 ) ;
#1561 = VECTOR ( 'NONE', #3901, 1000.000000000000000 ) ;
#1562 = STYLED_ITEM ( 'NONE', ( #139 ), #2704 ) ;
#1563 =( GEOMETRIC_REPRESENTATION_CONTEXT ( 3 ) GLOBAL_UNCERTAINTY_ASSIGNED_CONTEXT ( ( #2990 ) ) GLOBAL_UNIT_ASSIGNED_CONTEXT ( ( #1621, #2938, #3237 ) ) REPRESENTATION_CONTEXT ( 'NONE', 'WORKASPACE' ) );
#1564 = CARTESIAN_POINT ( 'NONE',  ( -0.7500000000000000000, -0.7500000000000000000, 0.6049999999999999822 ) ) ;
#1565 = CARTESIAN_POINT ( 'NONE',  ( -0.3250000000000000111, 0.5000000000000000000, 0.1300000000000000044 ) ) ;
#1566 = UNCERTAINTY_MEASURE_WITH_UNIT (LENGTH_MEASURE( 1.000000000000000082E-05 ), #368, 'distance_accuracy_value', 'NONE');
#1567 = CARTESIAN_POINT ( 'NONE',  ( 0.000000000000000000, 0.000000000000000000, 0.1300000000000000044 ) ) ;
#1568 = FILL_AREA_STYLE_COLOUR ( '', #2214 ) ;
#1569 = ORIENTED_EDGE ( 'NONE', *, *, #3697, .F. ) ;
#1570 = PRESENTATION_STYLE_ASSIGNMENT (( #2578 ) ) ;
#1571 = LINE ( 'NONE', #4270, #2991 ) ;
#1572 = ORIENTED_EDGE ( 'NONE', *, *, #1963, .T. ) ;
#1573 = LINE ( 'NONE', #2582, #3547 ) ;
#1574 = CARTESIAN_POINT ( 'NONE',  ( 0.5250000000000000222, -1.000000000000000000, 0.1300000000000000044 ) ) ;
#1575 = ORIENTED_EDGE ( 'NONE', *, *, #2260, .F. ) ;
#1576 = SURFACE_STYLE_USAGE ( .BOTH. , #1903 ) ;
#1577 = DIRECTION ( 'NONE',  ( 1.000000000000000000, -0.000000000000000000, 0.000000000000000000 ) ) ;
#1578 = LINE ( 'NONE', #1665, #3805 ) ;
#1579 = VERTEX_POINT ( 'NONE', #2390 ) ;
#1580 = DIRECTION ( 'NONE',  ( -1.000000000000000000, 0.000000000000000000, -0.000000000000000000 ) ) ;
#1582 = CARTESIAN_POINT ( 'NONE',  ( 0.1250000000000001110, -1.000000000000000000, 0.1300000000000000044 ) ) ;
#1581 = CARTESIAN_POINT ( 'NONE',  ( 0.5250000000000000222, 0.7000000000000000666, 0.1300000000000000044 ) ) ;
#1583 = MECHANICAL_DESIGN_GEOMETRIC_PRESENTATION_REPRESENTATION (  '', ( #232 ), #2138 ) ;
#1584 = PRESENTATION_STYLE_ASSIGNMENT (( #266 ) ) ;
#1585 = DIRECTION ( 'NONE',  ( 0.000000000000000000, 0.000000000000000000, -1.000000000000000000 ) ) ;
#1586 = VERTEX_POINT ( 'NONE', #2162 ) ;
#1587 = STYLED_ITEM ( 'NONE', ( #837 ), #27 ) ;
#1588 = EDGE_CURVE ( 'NONE', #4001, #1162, #1504, .T. ) ;
#1589 = DIRECTION ( 'NONE',  ( -0.000000000000000000, 1.000000000000000000, 0.000000000000000000 ) ) ;
#1590 = PRODUCT_RELATED_PRODUCT_CATEGORY ( 'part', '', ( #421 ) ) ;
#1591 = EDGE_CURVE ( 'NONE', #1347, #4330, #3403, .T. ) ;
#1592 = SURFACE_STYLE_USAGE ( .BOTH. , #215 ) ;
#1593 = EDGE_LOOP ( 'NONE', ( #3039, #93, #2246, #2764 ) ) ;
#1594 = DIRECTION ( 'NONE',  ( 0.000000000000000000, 0.000000000000000000, -1.000000000000000000 ) ) ;
#1595 = CARTESIAN_POINT ( 'NONE',  ( -0.7749999999999999112, 1.000000000000000000, 0.1300000000000000044 ) ) ;
#1596 =( NAMED_UNIT ( * ) SI_UNIT ( $, .STERADIAN. ) SOLID_ANGLE_UNIT ( ) );
#1597 = ORIENTED_EDGE ( 'NONE', *, *, #3428, .T. ) ;
#1598 = EDGE_LOOP ( 'NONE', ( #3014, #2065, #1350, #1300 ) ) ;
#1599 =( GEOMETRIC_REPRESENTATION_CONTEXT ( 3 ) GLOBAL_UNCERTAINTY_ASSIGNED_CONTEXT ( ( #3413 ) ) GLOBAL_UNIT_ASSIGNED_CONTEXT ( ( #4318, #1348, #977 ) ) REPRESENTATION_CONTEXT ( 'NONE', 'WORKASPACE' ) );
#1600 =( GEOMETRIC_REPRESENTATION_CONTEXT ( 3 ) GLOBAL_UNCERTAINTY_ASSIGNED_CONTEXT ( ( #351 ) ) GLOBAL_UNIT_ASSIGNED_CONTEXT ( ( #570, #3849, #2961 ) ) REPRESENTATION_CONTEXT ( 'NONE', 'WORKASPACE' ) );
#1601 = VECTOR ( 'NONE', #4010, 1000.000000000000000 ) ;
#1602 = VECTOR ( 'NONE', #3070, 1000.000000000000000 ) ;
#1603 = LINE ( 'NONE', #3942, #1877 ) ;
#1605 = DIRECTION ( 'NONE',  ( -0.000000000000000000, 1.000000000000000000, -0.000000000000000000 ) ) ;
#1604 =( NAMED_UNIT ( * ) SI_UNIT ( $, .STERADIAN. ) SOLID_ANGLE_UNIT ( ) );
#1606 = DIRECTION ( 'NONE',  ( 0.000000000000000000, 0.000000000000000000, -1.000000000000000000 ) ) ;
#1607 = VECTOR ( 'NONE', #3485, 1000.000000000000000 ) ;
#1608 = VECTOR ( 'NONE', #1765, 1000.000000000000000 ) ;
#1609 = CARTESIAN_POINT ( 'NONE',  ( 0.7249999999999997558, -0.5000000000000000000, 0.1300000000000000044 ) ) ;
#1610 = LINE ( 'NONE', #1248, #1466 ) ;
#1611 = VERTEX_POINT ( 'NONE', #471 ) ;
#1612 =( NAMED_UNIT ( * ) SI_UNIT ( $, .STERADIAN. ) SOLID_ANGLE_UNIT ( ) );
#1613 = VECTOR ( 'NONE', #1214, 1000.000000000000000 ) ;
#1614 = DIRECTION ( 'NONE',  ( -0.000000000000000000, -0.000000000000000000, 1.000000000000000000 ) ) ;
#1615 = ORIENTED_EDGE ( 'NONE', *, *, #4060, .T. ) ;
#1616 = ADVANCED_FACE ( 'NONE', ( #2830 ), #3727, .T. ) ;
#1617 = LINE ( 'NONE', #1959, #2109 ) ;
#1618 = PLANE ( 'NONE',  #2415 ) ;
#1619 = VERTEX_POINT ( 'NONE', #2301 ) ;
#1620 = CARTESIAN_POINT ( 'NONE',  ( -0.1249999999999998890, -1.000000000000000000, -0.05000000000000000278 ) ) ;
#1621 =( LENGTH_UNIT ( ) NAMED_UNIT ( * ) SI_UNIT ( .MILLI., .METRE. ) );
#1622 = CARTESIAN_POINT ( 'NONE',  ( -0.5249999999999999112, -1.000000000000000000, 0.1300000000000000044 ) ) ;
#1623 = FACE_OUTER_BOUND ( 'NONE', #4078, .T. ) ;
#1624 = VECTOR ( 'NONE', #3017, 1000.000000000000000 ) ;
#1625 = CARTESIAN_POINT ( 'NONE',  ( 0.5250000000000000222, -1.000000000000000000, 0.1300000000000000044 ) ) ;
#1626 = FILL_AREA_STYLE_COLOUR ( '', #12 ) ;
#1627 = PRESENTATION_LAYER_ASSIGNMENT (  '', '', ( #3968 ) ) ;
#1628 =( GEOMETRIC_REPRESENTATION_CONTEXT ( 3 ) GLOBAL_UNCERTAINTY_ASSIGNED_CONTEXT ( ( #2465 ) ) GLOBAL_UNIT_ASSIGNED_CONTEXT ( ( #3013, #1694, #3287 ) ) REPRESENTATION_CONTEXT ( 'NONE', 'WORKASPACE' ) );
#1629 = PLANE ( 'NONE',  #907 ) ;
#1630 = FACE_OUTER_BOUND ( 'NONE', #2954, .T. ) ;
#1631 = ORIENTED_EDGE ( 'NONE', *, *, #464, .T. ) ;
#1632 = FILL_AREA_STYLE_COLOUR ( '', #102 ) ;
#1633 = DIRECTION ( 'NONE',  ( 6.776263578034402713E-17, 1.000000000000000000, 0.000000000000000000 ) ) ;
#1634 = FILL_AREA_STYLE ('',( #921 ) ) ;
#1635 = ORIENTED_EDGE ( 'NONE', *, *, #3698, .T. ) ;
#1636 = DIRECTION ( 'NONE',  ( -1.000000000000000000, 0.000000000000000000, 0.000000000000000000 ) ) ;
#1637 = CYLINDRICAL_SURFACE ( 'NONE', #4224, 0.09999999999999999167 ) ;
#1638 = PRESENTATION_STYLE_ASSIGNMENT (( #572 ) ) ;
#1639 = ORIENTED_EDGE ( 'NONE', *, *, #1403, .F. ) ;
#1640 = ORIENTED_EDGE ( 'NONE', *, *, #1399, .F. ) ;
#1641 =( GEOMETRIC_REPRESENTATION_CONTEXT ( 3 ) GLOBAL_UNCERTAINTY_ASSIGNED_CONTEXT ( ( #41 ) ) GLOBAL_UNIT_ASSIGNED_CONTEXT ( ( #521, #161, #1104 ) ) REPRESENTATION_CONTEXT ( 'NONE', 'WORKASPACE' ) );
#1642 = SURFACE_SIDE_STYLE ('',( #956 ) ) ;
#1643 = CARTESIAN_POINT ( 'NONE',  ( 0.7750000000000001332, -1.000000000000000000, 0.1300000000000000044 ) ) ;
#1644 = EDGE_CURVE ( 'NONE', #3107, #2526, #1161, .T. ) ;
#1645 = ORIENTED_EDGE ( 'NONE', *, *, #3198, .T. ) ;
#1646 = EDGE_CURVE ( 'NONE', #472, #3459, #196, .T. ) ;
#1647 = EDGE_CURVE ( 'NONE', #1344, #2696, #3950, .T. ) ;
#1648 = CARTESIAN_POINT ( 'NONE',  ( 0.3250000000000000111, 0.4000000000000000222, 0.1300000000000000044 ) ) ;
#1650 = DIRECTION ( 'NONE',  ( 1.000000000000000000, 0.000000000000000000, 0.000000000000000000 ) ) ;
#1649 = DIRECTION ( 'NONE',  ( -0.000000000000000000, -0.000000000000000000, -1.000000000000000000 ) ) ;
#1651 = DIRECTION ( 'NONE',  ( 0.000000000000000000, 0.000000000000000000, -1.000000000000000000 ) ) ;
#1652 = DIRECTION ( 'NONE',  ( 0.000000000000000000, 1.000000000000000000, 0.000000000000000000 ) ) ;
#1653 = VERTEX_POINT ( 'NONE', #592 ) ;
#1654 = CARTESIAN_POINT ( 'NONE',  ( -0.5249999999999999112, 0.7000000000000000666, 0.000000000000000000 ) ) ;
#1655 = CARTESIAN_POINT ( 'NONE',  ( 0.7750000000000001332, 1.000000000000000000, 0.000000000000000000 ) ) ;
#1656 = VECTOR ( 'NONE', #2512, 1000.000000000000000 ) ;
#1657 = ORIENTED_EDGE ( 'NONE', *, *, #1671, .F. ) ;
#1658 = PRESENTATION_STYLE_ASSIGNMENT (( #297 ) ) ;
#1659 = PLANE ( 'NONE',  #2983 ) ;
#1660 = CARTESIAN_POINT ( 'NONE',  ( -0.7749999999999999112, 0.7000000000000000666, -0.05000000000000000278 ) ) ;
#1661 = ORIENTED_EDGE ( 'NONE', *, *, #1257, .T. ) ;
#1662 = ORIENTED_EDGE ( 'NONE', *, *, #1006, .F. ) ;
#1663 = VERTEX_POINT ( 'NONE', #966 ) ;
#1664 = DIRECTION ( 'NONE',  ( 0.000000000000000000, 0.000000000000000000, 1.000000000000000000 ) ) ;
#1665 = CARTESIAN_POINT ( 'NONE',  ( -0.7749999999999999112, 0.7000000000000000666, 0.1300000000000000044 ) ) ;
#1666 = STYLED_ITEM ( 'NONE', ( #3284 ), #460 ) ;
#1667 = EDGE_CURVE ( 'NONE', #2299, #2337, #2956, .T. ) ;
#1668 = CARTESIAN_POINT ( 'NONE',  ( 0.1250000000000001110, 1.000000000000000000, -0.05000000000000000278 ) ) ;
#1669 = FILL_AREA_STYLE ('',( #985 ) ) ;
#1670 =( NAMED_UNIT ( * ) SI_UNIT ( $, .STERADIAN. ) SOLID_ANGLE_UNIT ( ) );
#1671 = EDGE_CURVE ( 'NONE', #4172, #645, #919, .T. ) ;
#1672 = VECTOR ( 'NONE', #965, 1000.000000000000000 ) ;
#1673 = EDGE_CURVE ( 'NONE', #3491, #3551, #845, .T. ) ;
#1674 = CARTESIAN_POINT ( 'NONE',  ( -0.5249999999999999112, 1.000000000000000000, -0.05000000000000000278 ) ) ;
#1675 = SURFACE_SIDE_STYLE ('',( #308 ) ) ;
#1676 = ORIENTED_EDGE ( 'NONE', *, *, #1667, .F. ) ;
#1677 = VECTOR ( 'NONE', #3939, 1000.000000000000000 ) ;
#1678 = VECTOR ( 'NONE', #4188, 1000.000000000000000 ) ;
#1679 = DIRECTION ( 'NONE',  ( 1.000000000000000000, 0.000000000000000000, 0.000000000000000000 ) ) ;
#1680 = CIRCLE ( 'NONE', #876, 0.09999999999999999167 ) ;
#1681 = SURFACE_STYLE_FILL_AREA ( #3613 ) ;
#1682 = ORIENTED_EDGE ( 'NONE', *, *, #384, .T. ) ;
#1683 = LINE ( 'NONE', #3018, #3188 ) ;
#1684 = ORIENTED_EDGE ( 'NONE', *, *, #783, .T. ) ;
#1685 = DIRECTION ( 'NONE',  ( 0.000000000000000000, 0.000000000000000000, -1.000000000000000000 ) ) ;
#1686 = ORIENTED_EDGE ( 'NONE', *, *, #1379, .F. ) ;
#1687 = CARTESIAN_POINT ( 'NONE',  ( -0.5249999999999999112, 0.7000000000000000666, -0.05000000000000000278 ) ) ;
#1688 = DIRECTION ( 'NONE',  ( 0.000000000000000000, -0.000000000000000000, 1.000000000000000000 ) ) ;
#1689 = DIRECTION ( 'NONE',  ( 1.000000000000000000, 0.000000000000000000, 0.000000000000000000 ) ) ;
#1690 =( NAMED_UNIT ( * ) SI_UNIT ( $, .STERADIAN. ) SOLID_ANGLE_UNIT ( ) );
#1691 =( LENGTH_UNIT ( ) NAMED_UNIT ( * ) SI_UNIT ( .MILLI., .METRE. ) );
#1692 = CIRCLE ( 'NONE', #2801, 0.09999999999999999167 ) ;
#1693 = DIRECTION ( 'NONE',  ( -0.000000000000000000, -1.000000000000000000, -0.000000000000000000 ) ) ;
#1694 =( NAMED_UNIT ( * ) PLANE_ANGLE_UNIT ( ) SI_UNIT ( $, .RADIAN. ) );
#1695 = ORIENTED_EDGE ( 'NONE', *, *, #2867, .F. ) ;
#1696 = UNCERTAINTY_MEASURE_WITH_UNIT (LENGTH_MEASURE( 1.000000000000000082E-05 ), #1484, 'distance_accuracy_value', 'NONE');
#1697 =( LENGTH_UNIT ( ) NAMED_UNIT ( * ) SI_UNIT ( .MILLI., .METRE. ) );
#1698 = ORIENTED_EDGE ( 'NONE', *, *, #595, .T. ) ;
#1699 = VECTOR ( 'NONE', #2297, 1000.000000000000000 ) ;
#1700 = AXIS2_PLACEMENT_3D ( 'NONE', #3787, #4170, #758 ) ;
#1701 = AXIS2_PLACEMENT_3D ( 'NONE', #2906, #1515, #1929 ) ;
#1702 =( NAMED_UNIT ( * ) PLANE_ANGLE_UNIT ( ) SI_UNIT ( $, .RADIAN. ) );
#1703 = ADVANCED_FACE ( 'NONE', ( #3194 ), #310, .T. ) ;
#1704 = ORIENTED_EDGE ( 'NONE', *, *, #3673, .T. ) ;
#1705 = LINE ( 'NONE', #3912, #1184 ) ;
#1706 = DIRECTION ( 'NONE',  ( -0.000000000000000000, 1.000000000000000000, -0.000000000000000000 ) ) ;
#1707 = VERTEX_POINT ( 'NONE', #295 ) ;
#1708 = CARTESIAN_POINT ( 'NONE',  ( 0.2249999999999999778, -0.4000000000000000222, 0.1300000000000000044 ) ) ;
#1709 = VERTEX_POINT ( 'NONE', #1655 ) ;
#1710 = FILL_AREA_STYLE ('',( #2003 ) ) ;
#1711 =( LENGTH_UNIT ( ) NAMED_UNIT ( * ) SI_UNIT ( .MILLI., .METRE. ) );
#1712 = LINE ( 'NONE', #154, #2806 ) ;
#1713 = ADVANCED_FACE ( 'NONE', ( #823 ), #2974, .T. ) ;
#1714 = CIRCLE ( 'NONE', #4267, 0.1000000000000000472 ) ;
#1715 = PLANE ( 'NONE',  #3693 ) ;
#1717 = CARTESIAN_POINT ( 'NONE',  ( -0.7957106781186544797, -0.4707106781186548017, 0.1300000000000000044 ) ) ;
#1716 = DIRECTION ( 'NONE',  ( 1.000000000000000000, -0.000000000000000000, -0.000000000000000000 ) ) ;
#1718 = FACE_OUTER_BOUND ( 'NONE', #3383, .T. ) ;
#1719 = PRESENTATION_LAYER_ASSIGNMENT (  '', '', ( #774 ) ) ;
#1720 = ORIENTED_EDGE ( 'NONE', *, *, #3512, .T. ) ;
#1721 = SURFACE_SIDE_STYLE ('',( #1083 ) ) ;
#1722 = FILL_AREA_STYLE_COLOUR ( '', #3080 ) ;
#1723 = CARTESIAN_POINT ( 'NONE',  ( 0.3250000000000000111, -0.5000000000000000000, 0.1300000000000000044 ) ) ;
#1724 = ORIENTED_EDGE ( 'NONE', *, *, #4150, .T. ) ;
#1725 = CARTESIAN_POINT ( 'NONE',  ( -0.7500000000000000000, -0.7500000000000000000, 0.6049999999999999822 ) ) ;
#1726 = ORIENTED_EDGE ( 'NONE', *, *, #262, .F. ) ;
#1727 = LINE ( 'NONE', #3314, #2839 ) ;
#1728 = ADVANCED_FACE ( 'NONE', ( #4138 ), #2188, .T. ) ;
#1729 = EDGE_CURVE ( 'NONE', #2388, #1961, #1762, .T. ) ;
#1730 = STYLED_ITEM ( 'NONE', ( #2940 ), #1956 ) ;
#1731 = EDGE_CURVE ( 'NONE', #410, #2299, #420, .T. ) ;
#1732 = EDGE_LOOP ( 'NONE', ( #4189, #3764, #1150, #2648 ) ) ;
#1733 = PRESENTATION_STYLE_ASSIGNMENT (( #2681 ) ) ;
#1734 = VECTOR ( 'NONE', #2490, 1000.000000000000000 ) ;
#1735 = CYLINDRICAL_SURFACE ( 'NONE', #580, 0.09999999999999999167 ) ;
#1736 = FILL_AREA_STYLE_COLOUR ( '', #1755 ) ;
#1737 = PRESENTATION_STYLE_ASSIGNMENT (( #493 ) ) ;
#1738 = ADVANCED_FACE ( 'NONE', ( #2085 ), #657, .F. ) ;
#1739 = PRESENTATION_LAYER_ASSIGNMENT (  '', '', ( #3315 ) ) ;
#1740 = COLOUR_RGB ( '',1.000000000000000000, 1.000000000000000000, 1.000000000000000000 ) ;
#1741 = VECTOR ( 'NONE', #2284, 1000.000000000000000 ) ;
#1742 = CARTESIAN_POINT ( 'NONE',  ( -0.3250000000000000111, -0.4000000000000000222, -0.05000000000000000278 ) ) ;
#1743 = UNCERTAINTY_MEASURE_WITH_UNIT (LENGTH_MEASURE( 1.000000000000000082E-05 ), #3883, 'distance_accuracy_value', 'NONE');
#1744 = CARTESIAN_POINT ( 'NONE',  ( -1.000000000000000000, -1.000000000000000000, 0.000000000000000000 ) ) ;
#1745 = VECTOR ( 'NONE', #2900, 1000.000000000000000 ) ;
#1746 =( LENGTH_UNIT ( ) NAMED_UNIT ( * ) SI_UNIT ( .MILLI., .METRE. ) );
#1747 = ORIENTED_EDGE ( 'NONE', *, *, #3952, .F. ) ;
#1748 = LINE ( 'NONE', #2025, #2289 ) ;
#1749 = ORIENTED_EDGE ( 'NONE', *, *, #4093, .F. ) ;
#1750 = CARTESIAN_POINT ( 'NONE',  ( 0.000000000000000000, 0.000000000000000000, 0.000000000000000000 ) ) ;
#1751 = ORIENTED_EDGE ( 'NONE', *, *, #2729, .T. ) ;
#1752 = CARTESIAN_POINT ( 'NONE',  ( -0.6250000000000000000, -0.7500000000000000000, 0.6049999999999999822 ) ) ;
#1753 =( LENGTH_UNIT ( ) NAMED_UNIT ( * ) SI_UNIT ( .MILLI., .METRE. ) );
#1754 = DIRECTION ( 'NONE',  ( -1.000000000000000000, 0.000000000000000000, 0.000000000000000000 ) ) ;
#1755 = COLOUR_RGB ( '',0.2941176470588235392, 0.2941176470588235392, 0.2941176470588235392 ) ;
#1756 = EDGE_LOOP ( 'NONE', ( #1071, #1529, #2676, #790 ) ) ;
#1757 = LINE ( 'NONE', #388, #3927 ) ;
#1758 = CARTESIAN_POINT ( 'NONE',  ( -1.000000000000000000, -1.000000000000000000, 0.6049999999999999822 ) ) ;
#1759 = PRESENTATION_STYLE_ASSIGNMENT (( #2734 ) ) ;
#1760 = LINE ( 'NONE', #1447, #1560 ) ;
#1761 =( LENGTH_UNIT ( ) NAMED_UNIT ( * ) SI_UNIT ( .MILLI., .METRE. ) );
#1762 = LINE ( 'NONE', #1744, #2767 ) ;
#1763 = VECTOR ( 'NONE', #973, 1000.000000000000000 ) ;
#1764 = CARTESIAN_POINT ( 'NONE',  ( -0.7749999999999999112, 0.7000000000000000666, 0.1300000000000000044 ) ) ;
#1765 = DIRECTION ( 'NONE',  ( 0.000000000000000000, 0.000000000000000000, -1.000000000000000000 ) ) ;
#1766 = VERTEX_POINT ( 'NONE', #64 ) ;
#1767 = FILL_AREA_STYLE ('',( #726 ) ) ;
#1768 = VECTOR ( 'NONE', #3098, 1000.000000000000000 ) ;
#1769 = ORIENTED_EDGE ( 'NONE', *, *, #1117, .F. ) ;
#1770 = COLOUR_RGB ( '',1.000000000000000000, 1.000000000000000000, 1.000000000000000000 ) ;
#1771 = CARTESIAN_POINT ( 'NONE',  ( -0.7749999999999999112, -1.000000000000000000, 0.000000000000000000 ) ) ;
#1772 = PRESENTATION_LAYER_ASSIGNMENT (  '', '', ( #4180 ) ) ;
#1773 = VECTOR ( 'NONE', #2381, 1000.000000000000000 ) ;
#1774 = DIRECTION ( 'NONE',  ( -1.000000000000000000, -0.000000000000000000, -0.000000000000000000 ) ) ;
#1775 = ORIENTED_EDGE ( 'NONE', *, *, #3462, .F. ) ;
#1776 = SURFACE_STYLE_FILL_AREA ( #1793 ) ;
#1777 = DIRECTION ( 'NONE',  ( -0.000000000000000000, -0.000000000000000000, 1.000000000000000000 ) ) ;
#1778 = DIRECTION ( 'NONE',  ( -1.000000000000000000, -0.000000000000000000, -0.000000000000000000 ) ) ;
#1779 = ORIENTED_EDGE ( 'NONE', *, *, #3991, .T. ) ;
#1780 = CARTESIAN_POINT ( 'NONE',  ( 0.5250000000000000222, 0.7000000000000000666, 0.000000000000000000 ) ) ;
#1781 = EDGE_CURVE ( 'NONE', #490, #4252, #678, .T. ) ;
#1782 = FILL_AREA_STYLE ('',( #2730 ) ) ;
#1783 = DIRECTION ( 'NONE',  ( 1.000000000000000000, 0.000000000000000000, 0.000000000000000000 ) ) ;
#1784 = ADVANCED_FACE ( 'NONE', ( #3654 ), #42, .F. ) ;
#1785 = CARTESIAN_POINT ( 'NONE',  ( 0.7249999999999997558, 0.3999999999999999667, 0.000000000000000000 ) ) ;
#1786 = UNCERTAINTY_MEASURE_WITH_UNIT (LENGTH_MEASURE( 1.000000000000000082E-05 ), #1965, 'distance_accuracy_value', 'NONE');
#1787 = DIRECTION ( 'NONE',  ( -0.000000000000000000, 1.000000000000000000, 0.000000000000000000 ) ) ;
#1788 = ORIENTED_EDGE ( 'NONE', *, *, #2308, .T. ) ;
#1789 = DIRECTION ( 'NONE',  ( -1.000000000000000000, 0.000000000000000000, 0.000000000000000000 ) ) ;
#1790 = EDGE_LOOP ( 'NONE', ( #1229, #69, #2765, #3369 ) ) ;
#1791 = SURFACE_SIDE_STYLE ('',( #1524 ) ) ;
#1792 = VERTEX_POINT ( 'NONE', #4058 ) ;
#1793 = FILL_AREA_STYLE ('',( #2726 ) ) ;
#1794 =( GEOMETRIC_REPRESENTATION_CONTEXT ( 3 ) GLOBAL_UNCERTAINTY_ASSIGNED_CONTEXT ( ( #2084 ) ) GLOBAL_UNIT_ASSIGNED_CONTEXT ( ( #3795, #3500, #1173 ) ) REPRESENTATION_CONTEXT ( 'NONE', 'WORKASPACE' ) );
#1795 = LINE ( 'NONE', #2140, #1969 ) ;
#1796 =( GEOMETRIC_REPRESENTATION_CONTEXT ( 3 ) GLOBAL_UNCERTAINTY_ASSIGNED_CONTEXT ( ( #2172 ) ) GLOBAL_UNIT_ASSIGNED_CONTEXT ( ( #1930, #3304, #1670 ) ) REPRESENTATION_CONTEXT ( 'NONE', 'WORKASPACE' ) );
#1797 = VERTEX_POINT ( 'NONE', #1018 ) ;
#1798 = COLOUR_RGB ( '',1.000000000000000000, 1.000000000000000000, 1.000000000000000000 ) ;
#1799 = DIRECTION ( 'NONE',  ( 1.000000000000000000, 0.000000000000000000, 0.000000000000000000 ) ) ;
#1800 = VERTEX_POINT ( 'NONE', #3679 ) ;
#1801 = CARTESIAN_POINT ( 'NONE',  ( -0.5249999999999999112, -1.000000000000000000, 0.1300000000000000044 ) ) ;
#1802 = PLANE ( 'NONE',  #2807 ) ;
#1803 = EDGE_CURVE ( 'NONE', #254, #3276, #3351, .T. ) ;
#1804 = CARTESIAN_POINT ( 'NONE',  ( -0.7749999999999999112, 0.7000000000000000666, 0.1300000000000000044 ) ) ;
#1806 = CARTESIAN_POINT ( 'NONE',  ( 0.7249999999999997558, -0.4000000000000000777, -0.05000000000000000278 ) ) ;
#1805 = CARTESIAN_POINT ( 'NONE',  ( 0.7750000000000001332, 0.7000000000000000666, 0.000000000000000000 ) ) ;
#1807 = CARTESIAN_POINT ( 'NONE',  ( -0.5249999999999999112, -1.000000000000000000, 0.1300000000000000044 ) ) ;
#1808 = ADVANCED_FACE ( 'NONE', ( #2397 ), #4085, .T. ) ;
#1809 = COLOUR_RGB ( '',1.000000000000000000, 1.000000000000000000, 1.000000000000000000 ) ;
#1810 =( NAMED_UNIT ( * ) SI_UNIT ( $, .STERADIAN. ) SOLID_ANGLE_UNIT ( ) );
#1811 = DIRECTION ( 'NONE',  ( -0.000000000000000000, 0.000000000000000000, 1.000000000000000000 ) ) ;
#1812 = ORIENTED_EDGE ( 'NONE', *, *, #2147, .T. ) ;
#1813 = COLOUR_RGB ( '',1.000000000000000000, 1.000000000000000000, 1.000000000000000000 ) ;
#1814 =( LENGTH_UNIT ( ) NAMED_UNIT ( * ) SI_UNIT ( .MILLI., .METRE. ) );
#1815 = VERTEX_POINT ( 'NONE', #3099 ) ;
#1816 = EDGE_CURVE ( 'NONE', #1709, #4119, #2800, .T. ) ;
#1817 = AXIS2_PLACEMENT_3D ( 'NONE', #1388, #315, #2722 ) ;
#1818 = CARTESIAN_POINT ( 'NONE',  ( 0.5250000000000000222, -1.000000000000000000, -0.05000000000000000278 ) ) ;
#1819 = ORIENTED_EDGE ( 'NONE', *, *, #3483, .F. ) ;
#1820 = DIRECTION ( 'NONE',  ( 0.000000000000000000, 0.000000000000000000, -1.000000000000000000 ) ) ;
#1821 = FILL_AREA_STYLE_COLOUR ( '', #1813 ) ;
#1822 = FILL_AREA_STYLE ('',( #777 ) ) ;
#1823 = CIRCLE ( 'NONE', #3528, 0.1000000000000000472 ) ;
#1824 = VECTOR ( 'NONE', #2818, 1000.000000000000000 ) ;
#1825 = ORIENTED_EDGE ( 'NONE', *, *, #1257, .F. ) ;
#1826 = MECHANICAL_DESIGN_GEOMETRIC_PRESENTATION_REPRESENTATION (  '', ( #1246 ), #458 ) ;
#1827 = CARTESIAN_POINT ( 'NONE',  ( 0.5250000000000000222, -1.000000000000000000, 0.1300000000000000044 ) ) ;
#1828 =( LENGTH_UNIT ( ) NAMED_UNIT ( * ) SI_UNIT ( .MILLI., .METRE. ) );
#1829 = CARTESIAN_POINT ( 'NONE',  ( -0.7500000000000000000, -0.7500000000000000000, 0.5549999999999999378 ) ) ;
#1830 = DIRECTION ( 'NONE',  ( 0.000000000000000000, -1.000000000000000000, 0.000000000000000000 ) ) ;
#1832 =( NAMED_UNIT ( * ) SI_UNIT ( $, .STERADIAN. ) SOLID_ANGLE_UNIT ( ) );
#1831 = CARTESIAN_POINT ( 'NONE',  ( 1.000000000000000000, -1.000000000000000000, 0.6049999999999999822 ) ) ;
#1833 = UNCERTAINTY_MEASURE_WITH_UNIT (LENGTH_MEASURE( 1.000000000000000082E-05 ), #2866, 'distance_accuracy_value', 'NONE');
#1834 = DIRECTION ( 'NONE',  ( -0.000000000000000000, -0.000000000000000000, -1.000000000000000000 ) ) ;
#1835 = FACE_OUTER_BOUND ( 'NONE', #712, .T. ) ;
#1836 = CARTESIAN_POINT ( 'NONE',  ( -0.7000961623601622552, -0.5000000000000000000, 0.000000000000000000 ) ) ;
#1837 = ORIENTED_EDGE ( 'NONE', *, *, #207, .F. ) ;
#1838 = ORIENTED_EDGE ( 'NONE', *, *, #3586, .F. ) ;
#1839 = ORIENTED_EDGE ( 'NONE', *, *, #649, .F. ) ;
#1840 = EDGE_CURVE ( 'NONE', #3133, #2153, #3850, .T. ) ;
#1841 = VECTOR ( 'NONE', #903, 1000.000000000000000 ) ;
#1842 =( NAMED_UNIT ( * ) SI_UNIT ( $, .STERADIAN. ) SOLID_ANGLE_UNIT ( ) );
#1843 = ORIENTED_EDGE ( 'NONE', *, *, #2195, .T. ) ;
#1844 =( NAMED_UNIT ( * ) PLANE_ANGLE_UNIT ( ) SI_UNIT ( $, .RADIAN. ) );
#1845 = DIRECTION ( 'NONE',  ( 1.000000000000000000, -0.000000000000000000, -0.000000000000000000 ) ) ;
#1846 = CARTESIAN_POINT ( 'NONE',  ( -0.3250000000000000111, -0.5000000000000000000, 0.1300000000000000044 ) ) ;
#1847 = ORIENTED_EDGE ( 'NONE', *, *, #1139, .F. ) ;
#1848 = PRESENTATION_LAYER_ASSIGNMENT (  '', '', ( #830 ) ) ;
#1849 = MECHANICAL_DESIGN_GEOMETRIC_PRESENTATION_REPRESENTATION (  '', ( #1047 ), #3891 ) ;
#1850 = VERTEX_POINT ( 'NONE', #4109 ) ;
#1851 = DIRECTION ( 'NONE',  ( 1.000000000000000000, 0.000000000000000000, 0.000000000000000000 ) ) ;
#1852 = EDGE_CURVE ( 'NONE', #2674, #2474, #3456, .T. ) ;
#1853 = DIRECTION ( 'NONE',  ( -1.000000000000000000, -0.000000000000000000, -0.000000000000000000 ) ) ;
#1854 = VECTOR ( 'NONE', #1830, 1000.000000000000000 ) ;
#1855 = EDGE_LOOP ( 'NONE', ( #1819, #423, #995, #4210 ) ) ;
#1856 = EDGE_LOOP ( 'NONE', ( #2391, #3309, #3210, #219, #2984, #3618, #1226, #1076, #1769, #2680, #2611, #3960, #2133, #4274, #2560, #3331 ) ) ;
#1857 = SURFACE_STYLE_USAGE ( .BOTH. , #1178 ) ;
#1858 = CARTESIAN_POINT ( 'NONE',  ( 0.7750000000000001332, 1.000000000000000000, 0.1300000000000000044 ) ) ;
#1859 = ORIENTED_EDGE ( 'NONE', *, *, #780, .T. ) ;
#1860 = ADVANCED_FACE ( 'NONE', ( #165 ), #3843, .T. ) ;
#1861 = DIRECTION ( 'NONE',  ( 0.000000000000000000, 0.000000000000000000, 1.000000000000000000 ) ) ;
#1862 = CARTESIAN_POINT ( 'NONE',  ( 0.1250000000000001110, -1.000000000000000000, 0.000000000000000000 ) ) ;
#1863 = ORIENTED_EDGE ( 'NONE', *, *, #120, .T. ) ;
#1864 = ADVANCED_FACE ( 'NONE', ( #3520 ), #2444, .F. ) ;
#1865 = EDGE_CURVE ( 'NONE', #1151, #3338, #3434, .T. ) ;
#1866 = LINE ( 'NONE', #1801, #2382 ) ;
#1867 = FILL_AREA_STYLE_COLOUR ( '', #1932 ) ;
#1868 = AXIS2_PLACEMENT_3D ( 'NONE', #2359, #2019, #2041 ) ;
#1869 = ORIENTED_EDGE ( 'NONE', *, *, #131, .T. ) ;
#1870 = ADVANCED_FACE ( 'NONE', ( #2619 ), #247, .T. ) ;
#1871 = CARTESIAN_POINT ( 'NONE',  ( 0.7750000000000001332, 1.000000000000000000, -0.05000000000000000278 ) ) ;
#1872 = UNCERTAINTY_MEASURE_WITH_UNIT (LENGTH_MEASURE( 1.000000000000000082E-05 ), #547, 'distance_accuracy_value', 'NONE');
#1873 = DIRECTION ( 'NONE',  ( -0.000000000000000000, -0.000000000000000000, 1.000000000000000000 ) ) ;
#1874 = EDGE_LOOP ( 'NONE', ( #3137, #1901, #1724, #1369 ) ) ;
#1875 = FILL_AREA_STYLE ('',( #1632 ) ) ;
#1876 = VECTOR ( 'NONE', #3660, 1000.000000000000000 ) ;
#1877 = VECTOR ( 'NONE', #2572, 1000.000000000000000 ) ;
#1878 = PRESENTATION_LAYER_ASSIGNMENT (  '', '', ( #3729 ) ) ;
#1879 =( NAMED_UNIT ( * ) SI_UNIT ( $, .STERADIAN. ) SOLID_ANGLE_UNIT ( ) );
#1880 = ORIENTED_EDGE ( 'NONE', *, *, #353, .F. ) ;
#1881 = DIRECTION ( 'NONE',  ( 0.000000000000000000, 0.000000000000000000, -1.000000000000000000 ) ) ;
#1882 = CARTESIAN_POINT ( 'NONE',  ( 0.2249999999999999778, -0.4000000000000000222, -0.05000000000000000278 ) ) ;
#1883 = LINE ( 'NONE', #2478, #2114 ) ;
#1884 = EDGE_LOOP ( 'NONE', ( #3180, #3486, #3396, #3111 ) ) ;
#1885 = EDGE_LOOP ( 'NONE', ( #2226, #1109, #3847, #3159 ) ) ;
#1886 = PRESENTATION_LAYER_ASSIGNMENT (  '', '', ( #3732 ) ) ;
#1887 = LINE ( 'NONE', #908, #3602 ) ;
#1888 = CARTESIAN_POINT ( 'NONE',  ( 0.5250000000000000222, 1.000000000000000000, 0.1300000000000000044 ) ) ;
#1889 =( NAMED_UNIT ( * ) PLANE_ANGLE_UNIT ( ) SI_UNIT ( $, .RADIAN. ) );
#1890 =( GEOMETRIC_REPRESENTATION_CONTEXT ( 3 ) GLOBAL_UNCERTAINTY_ASSIGNED_CONTEXT ( ( #1472 ) ) GLOBAL_UNIT_ASSIGNED_CONTEXT ( ( #3251, #2222, #1879 ) ) REPRESENTATION_CONTEXT ( 'NONE', 'WORKASPACE' ) );
#1891 = SURFACE_SIDE_STYLE ('',( #850 ) ) ;
#1893 =( LENGTH_UNIT ( ) NAMED_UNIT ( * ) SI_UNIT ( .MILLI., .METRE. ) );
#1892 = CARTESIAN_POINT ( 'NONE',  ( 0.5250000000000000222, 1.000000000000000000, 0.1300000000000000044 ) ) ;
#1894 = ORIENTED_EDGE ( 'NONE', *, *, #3203, .F. ) ;
#1895 =( NAMED_UNIT ( * ) PLANE_ANGLE_UNIT ( ) SI_UNIT ( $, .RADIAN. ) );
#1896 = ORIENTED_EDGE ( 'NONE', *, *, #1070, .F. ) ;
#1897 = CARTESIAN_POINT ( 'NONE',  ( 0.1250000000000001110, 1.000000000000000000, 0.1300000000000000044 ) ) ;
#1898 = ORIENTED_EDGE ( 'NONE', *, *, #82, .T. ) ;
#1899 = LINE ( 'NONE', #3534, #2349 ) ;
#1900 = ORIENTED_EDGE ( 'NONE', *, *, #331, .F. ) ;
#1901 = ORIENTED_EDGE ( 'NONE', *, *, #1781, .T. ) ;
#1902 = AXIS2_PLACEMENT_3D ( 'NONE', #217, #1594, #195 ) ;
#1903 = SURFACE_SIDE_STYLE ('',( #3257 ) ) ;
#1904 = DIRECTION ( 'NONE',  ( -0.000000000000000000, -0.000000000000000000, -1.000000000000000000 ) ) ;
#1905 = AXIS2_PLACEMENT_3D ( 'NONE', #3412, #4037, #1015 ) ;
#1906 = CIRCLE ( 'NONE', #4319, 0.09999999999999999167 ) ;
#1907 = EDGE_CURVE ( 'NONE', #4301, #1344, #2069, .T. ) ;
#1908 = VECTOR ( 'NONE', #56, 1000.000000000000000 ) ;
#1909 =( GEOMETRIC_REPRESENTATION_CONTEXT ( 3 ) GLOBAL_UNCERTAINTY_ASSIGNED_CONTEXT ( ( #1872 ) ) GLOBAL_UNIT_ASSIGNED_CONTEXT ( ( #547, #228, #4226 ) ) REPRESENTATION_CONTEXT ( 'NONE', 'WORKASPACE' ) );
#1910 = DIRECTION ( 'NONE',  ( -1.000000000000000000, 0.000000000000000000, 0.000000000000000000 ) ) ;
#1912 = FILL_AREA_STYLE ('',( #560 ) ) ;
#1911 = DIRECTION ( 'NONE',  ( -1.000000000000000000, 0.000000000000000000, 0.000000000000000000 ) ) ;
#1913 = FILL_AREA_STYLE_COLOUR ( '', #3028 ) ;
#1914 = EDGE_CURVE ( 'NONE', #2612, #3471, #542, .T. ) ;
#1915 = ADVANCED_FACE ( 'NONE', ( #2574 ), #586, .F. ) ;
#1916 = CARTESIAN_POINT ( 'NONE',  ( 0.5250000000000000222, 0.7000000000000000666, 0.1300000000000000044 ) ) ;
#1917 = ORIENTED_EDGE ( 'NONE', *, *, #2094, .F. ) ;
#1918 = CARTESIAN_POINT ( 'NONE',  ( 0.1250000000000001110, 0.7000000000000000666, 0.1300000000000000044 ) ) ;
#1919 = ORIENTED_EDGE ( 'NONE', *, *, #3390, .T. ) ;
#1920 = FACE_OUTER_BOUND ( 'NONE', #23, .T. ) ;
#1921 = DIRECTION ( 'NONE',  ( -0.000000000000000000, -0.000000000000000000, -1.000000000000000000 ) ) ;
#1922 =( NAMED_UNIT ( * ) SI_UNIT ( $, .STERADIAN. ) SOLID_ANGLE_UNIT ( ) );
#1923 = ORIENTED_EDGE ( 'NONE', *, *, #3352, .F. ) ;
#1924 = EDGE_LOOP ( 'NONE', ( #3377, #4171, #3707, #2655 ) ) ;
#1925 = CARTESIAN_POINT ( 'NONE',  ( 0.3250000000000000111, -0.5000000000000000000, -0.05000000000000000278 ) ) ;
#1926 = CARTESIAN_POINT ( 'NONE',  ( -0.8249999999999997335, 0.3999999999999999667, 0.1300000000000000044 ) ) ;
#1927 = DIRECTION ( 'NONE',  ( 0.000000000000000000, 0.000000000000000000, -1.000000000000000000 ) ) ;
#1929 = DIRECTION ( 'NONE',  ( 1.000000000000000000, 0.000000000000000000, 0.000000000000000000 ) ) ;
#1928 = PRESENTATION_STYLE_ASSIGNMENT (( #3562 ) ) ;
#1930 =( LENGTH_UNIT ( ) NAMED_UNIT ( * ) SI_UNIT ( .MILLI., .METRE. ) );
#1931 = ADVANCED_FACE ( 'NONE', ( #2550 ), #1309, .T. ) ;
#1932 = COLOUR_RGB ( '',1.000000000000000000, 1.000000000000000000, 1.000000000000000000 ) ;
#1933 = CARTESIAN_POINT ( 'NONE',  ( -0.7957106781186544797, -0.4707106781186548017, 0.1300000000000000044 ) ) ;
#1934 = CARTESIAN_POINT ( 'NONE',  ( -0.7749999999999999112, 1.000000000000000000, 0.1300000000000000044 ) ) ;
#1935 = ORIENTED_EDGE ( 'NONE', *, *, #4261, .T. ) ;
#1936 = CARTESIAN_POINT ( 'NONE',  ( -0.3250000000000000111, 0.4000000000000000222, 0.1300000000000000044 ) ) ;
#1937 = EDGE_LOOP ( 'NONE', ( #3571, #2980, #2329, #3218 ) ) ;
#1938 = DIRECTION ( 'NONE',  ( -0.000000000000000000, -0.000000000000000000, -1.000000000000000000 ) ) ;
#1939 = SURFACE_STYLE_FILL_AREA ( #1278 ) ;
#1940 = EDGE_CURVE ( 'NONE', #1586, #1230, #517, .T. ) ;
#1941 = ORIENTED_EDGE ( 'NONE', *, *, #1816, .T. ) ;
#1942 = DIRECTION ( 'NONE',  ( -0.000000000000000000, 1.000000000000000000, -0.000000000000000000 ) ) ;
#1943 =( LENGTH_UNIT ( ) NAMED_UNIT ( * ) SI_UNIT ( .MILLI., .METRE. ) );
#1944 = PRESENTATION_STYLE_ASSIGNMENT (( #2986 ) ) ;
#1945 =( NAMED_UNIT ( * ) PLANE_ANGLE_UNIT ( ) SI_UNIT ( $, .RADIAN. ) );
#1947 = CARTESIAN_POINT ( 'NONE',  ( -0.5249999999999999112, -0.7000000000000000666, 0.1300000000000000044 ) ) ;
#1946 = SURFACE_STYLE_FILL_AREA ( #2616 ) ;
#1948 = DIRECTION ( 'NONE',  ( -1.000000000000000000, 0.000000000000000000, -0.000000000000000000 ) ) ;
#1949 = VECTOR ( 'NONE', #174, 1000.000000000000000 ) ;
#1950 = DIRECTION ( 'NONE',  ( 1.000000000000000000, -0.000000000000000000, -0.000000000000000000 ) ) ;
#1951 = SURFACE_STYLE_USAGE ( .BOTH. , #2576 ) ;
#1952 = ORIENTED_EDGE ( 'NONE', *, *, #1537, .F. ) ;
#1953 = CARTESIAN_POINT ( 'NONE',  ( -0.8249999999999997335, -0.3750961623601626327, 0.1300000000000000044 ) ) ;
#1954 = CARTESIAN_POINT ( 'NONE',  ( -0.7749999999999999112, 1.000000000000000000, 0.1300000000000000044 ) ) ;
#1955 = VECTOR ( 'NONE', #1331, 1000.000000000000000 ) ;
#1956 = ADVANCED_FACE ( 'NONE', ( #184 ), #2249, .T. ) ;
#1957 = LINE ( 'NONE', #2559, #2296 ) ;
#1958 = ORIENTED_EDGE ( 'NONE', *, *, #1907, .F. ) ;
#1959 = CARTESIAN_POINT ( 'NONE',  ( -0.1249999999999998890, 0.7000000000000000666, -0.05000000000000000278 ) ) ;
#1960 =( LENGTH_UNIT ( ) NAMED_UNIT ( * ) SI_UNIT ( .MILLI., .METRE. ) );
#1961 = VERTEX_POINT ( 'NONE', #1185 ) ;
#1962 = ORIENTED_EDGE ( 'NONE', *, *, #3822, .T. ) ;
#1963 = EDGE_CURVE ( 'NONE', #3975, #4076, #3897, .T. ) ;
#1964 = DIRECTION ( 'NONE',  ( 0.000000000000000000, 1.000000000000000000, 0.000000000000000000 ) ) ;
#1965 =( LENGTH_UNIT ( ) NAMED_UNIT ( * ) SI_UNIT ( .MILLI., .METRE. ) );
#1966 = PLANE ( 'NONE',  #655 ) ;
#1967 = SURFACE_STYLE_USAGE ( .BOTH. , #3607 ) ;
#1968 = SURFACE_STYLE_FILL_AREA ( #4223 ) ;
#1969 = VECTOR ( 'NONE', #2795, 1000.000000000000000 ) ;
#1970 = AXIS2_PLACEMENT_3D ( 'NONE', #2088, #2783, #2446 ) ;
#1971 = AXIS2_PLACEMENT_3D ( 'NONE', #3307, #18, #1358 ) ;
#1972 = DIRECTION ( 'NONE',  ( -1.000000000000000000, 0.000000000000000000, 0.000000000000000000 ) ) ;
#1973 = DIRECTION ( 'NONE',  ( 0.000000000000000000, 0.000000000000000000, -1.000000000000000000 ) ) ;
#1974 = ORIENTED_EDGE ( 'NONE', *, *, #3643, .T. ) ;
#1975 = FILL_AREA_STYLE ('',( #2973 ) ) ;
#1976 = DIRECTION ( 'NONE',  ( 0.000000000000000000, -1.000000000000000000, 0.000000000000000000 ) ) ;
#1977 = ORIENTED_EDGE ( 'NONE', *, *, #3899, .F. ) ;
#1978 = DIRECTION ( 'NONE',  ( 6.776263578034402713E-17, 1.000000000000000000, 0.000000000000000000 ) ) ;
#1979 = LINE ( 'NONE', #298, #2910 ) ;
#1980 =( NAMED_UNIT ( * ) PLANE_ANGLE_UNIT ( ) SI_UNIT ( $, .RADIAN. ) );
#1981 = ORIENTED_EDGE ( 'NONE', *, *, #2312, .T. ) ;
#1982 = EDGE_CURVE ( 'NONE', #1815, #2701, #3836, .T. ) ;
#1983 = VECTOR ( 'NONE', #2756, 1000.000000000000000 ) ;
#1984 = EDGE_CURVE ( 'NONE', #490, #1709, #1284, .T. ) ;
#1985 = SURFACE_STYLE_USAGE ( .BOTH. , #2985 ) ;
#1986 = EDGE_CURVE ( 'NONE', #1545, #2504, #2613, .T. ) ;
#1987 = FILL_AREA_STYLE_COLOUR ( '', #2236 ) ;
#1988 = EDGE_CURVE ( 'NONE', #1653, #1411, #3648, .T. ) ;
#1989 = EDGE_CURVE ( 'NONE', #441, #3187, #848, .T. ) ;
#1990 = CARTESIAN_POINT ( 'NONE',  ( 0.5250000000000000222, -0.7000000000000000666, 0.1300000000000000044 ) ) ;
#1991 = SURFACE_STYLE_FILL_AREA ( #633 ) ;
#1992 = UNCERTAINTY_MEASURE_WITH_UNIT (LENGTH_MEASURE( 1.000000000000000082E-05 ), #1828, 'distance_accuracy_value', 'NONE');
#1993 = DIRECTION ( 'NONE',  ( 0.000000000000000000, 0.000000000000000000, -1.000000000000000000 ) ) ;
#1994 = ORIENTED_EDGE ( 'NONE', *, *, #979, .T. ) ;
#1995 = DIRECTION ( 'NONE',  ( -0.000000000000000000, -0.000000000000000000, -1.000000000000000000 ) ) ;
#1996 = VECTOR ( 'NONE', #1834, 1000.000000000000000 ) ;
#1997 = ORIENTED_EDGE ( 'NONE', *, *, #60, .T. ) ;
#1998 = DIRECTION ( 'NONE',  ( 0.000000000000000000, 0.000000000000000000, 1.000000000000000000 ) ) ;
#1999 = CARTESIAN_POINT ( 'NONE',  ( 1.000000000000000000, 1.000000000000000000, 0.6049999999999999822 ) ) ;
#2000 = VERTEX_POINT ( 'NONE', #1888 ) ;
#2001 = LINE ( 'NONE', #1771, #1876 ) ;
#2002 = ORIENTED_EDGE ( 'NONE', *, *, #1537, .T. ) ;
#2003 = FILL_AREA_STYLE_COLOUR ( '', #2782 ) ;
#2004 = DIRECTION ( 'NONE',  ( 0.000000000000000000, 0.000000000000000000, -1.000000000000000000 ) ) ;
#2005 = PRESENTATION_LAYER_ASSIGNMENT (  '', '', ( #1154 ) ) ;
#2006 =( GEOMETRIC_REPRESENTATION_CONTEXT ( 3 ) GLOBAL_UNCERTAINTY_ASSIGNED_CONTEXT ( ( #2549 ) ) GLOBAL_UNIT_ASSIGNED_CONTEXT ( ( #4152, #2509, #3858 ) ) REPRESENTATION_CONTEXT ( 'NONE', 'WORKASPACE' ) );
#2007 = VECTOR ( 'NONE', #1420, 1000.000000000000000 ) ;
#2008 = AXIS2_PLACEMENT_3D ( 'NONE', #4032, #3808, #692 ) ;
#2009 = DIRECTION ( 'NONE',  ( 1.000000000000000000, 0.000000000000000000, 0.000000000000000000 ) ) ;
#2010 =( NAMED_UNIT ( * ) PLANE_ANGLE_UNIT ( ) SI_UNIT ( $, .RADIAN. ) );
#2011 = AXIS2_PLACEMENT_3D ( 'NONE', #1953, #3189, #4205 ) ;
#2012 = EDGE_CURVE ( 'NONE', #3267, #3801, #3878, .T. ) ;
#2013 = DIRECTION ( 'NONE',  ( -0.000000000000000000, -0.000000000000000000, -1.000000000000000000 ) ) ;
#2014 = FILL_AREA_STYLE_COLOUR ( '', #1189 ) ;
#2015 = ORIENTED_EDGE ( 'NONE', *, *, #609, .F. ) ;
#2016 = CIRCLE ( 'NONE', #106, 0.09999999999999999167 ) ;
#2017 = STYLED_ITEM ( 'NONE', ( #1733 ), #3706 ) ;
#2018 = VECTOR ( 'NONE', #193, 1000.000000000000000 ) ;
#2019 = DIRECTION ( 'NONE',  ( -1.000000000000000000, 0.000000000000000000, 0.000000000000000000 ) ) ;
#2020 = ORIENTED_EDGE ( 'NONE', *, *, #3122, .T. ) ;
#2021 = STYLED_ITEM ( 'NONE', ( #2533 ), #2622 ) ;
#2022 = EDGE_CURVE ( 'NONE', #1111, #2369, #2901, .T. ) ;
#2023 = PLANE ( 'NONE',  #2567 ) ;
#2024 = VERTEX_POINT ( 'NONE', #2884 ) ;
#2025 = CARTESIAN_POINT ( 'NONE',  ( 0.7750000000000001332, 1.000000000000000000, 0.1300000000000000044 ) ) ;
#2026 = EDGE_LOOP ( 'NONE', ( #400, #1027, #2015, #296 ) ) ;
#2027 = ORIENTED_EDGE ( 'NONE', *, *, #1120, .F. ) ;
#2028 = DIRECTION ( 'NONE',  ( 1.000000000000000000, 0.000000000000000000, 0.000000000000000000 ) ) ;
#2029 = FACE_OUTER_BOUND ( 'NONE', #1937, .T. ) ;
#2030 = DIRECTION ( 'NONE',  ( 1.000000000000000000, 0.000000000000000000, 0.000000000000000000 ) ) ;
#2031 = CARTESIAN_POINT ( 'NONE',  ( -0.5249999999999999112, -1.000000000000000000, 0.1300000000000000044 ) ) ;
#2033 = CARTESIAN_POINT ( 'NONE',  ( -0.7500000000000000000, -0.7500000000000000000, 0.5549999999999999378 ) ) ;
#2032 =( NAMED_UNIT ( * ) SI_UNIT ( $, .STERADIAN. ) SOLID_ANGLE_UNIT ( ) );
#2034 = DIRECTION ( 'NONE',  ( 0.000000000000000000, -0.000000000000000000, -1.000000000000000000 ) ) ;
#2035 = ADVANCED_FACE ( 'NONE', ( #1213 ), #3855, .F. ) ;
#2036 = VECTOR ( 'NONE', #97, 1000.000000000000000 ) ;
#2037 = PLANE ( 'NONE',  #3838 ) ;
#2038 = ORIENTED_EDGE ( 'NONE', *, *, #4033, .F. ) ;
#2039 = EDGE_CURVE ( 'NONE', #1327, #1253, #2568, .T. ) ;
#2040 = UNCERTAINTY_MEASURE_WITH_UNIT (LENGTH_MEASURE( 1.000000000000000082E-05 ), #403, 'distance_accuracy_value', 'NONE');
#2041 = DIRECTION ( 'NONE',  ( 0.000000000000000000, 0.000000000000000000, 1.000000000000000000 ) ) ;
#2042 = EDGE_CURVE ( 'NONE', #4070, #751, #2158, .T. ) ;
#2043 = MECHANICAL_DESIGN_GEOMETRIC_PRESENTATION_REPRESENTATION (  '', ( #1187 ), #2872 ) ;
#2044 = VECTOR ( 'NONE', #1054, 1000.000000000000000 ) ;
#2045 = VECTOR ( 'NONE', #1783, 1000.000000000000000 ) ;
#2046 = MECHANICAL_DESIGN_GEOMETRIC_PRESENTATION_REPRESENTATION (  '', ( #2737 ), #829 ) ;
#2047 = LINE ( 'NONE', #2340, #2232 ) ;
#2048 = ORIENTED_EDGE ( 'NONE', *, *, #7, .F. ) ;
#2049 = LINE ( 'NONE', #1999, #3121 ) ;
#2050 = ORIENTED_EDGE ( 'NONE', *, *, #1803, .F. ) ;
#2051 = DIRECTION ( 'NONE',  ( -1.000000000000000000, 0.000000000000000000, -0.000000000000000000 ) ) ;
#2052 = ORIENTED_EDGE ( 'NONE', *, *, #6, .F. ) ;
#2053 = DIRECTION ( 'NONE',  ( 1.000000000000000000, 0.000000000000000000, 0.000000000000000000 ) ) ;
#2054 = CARTESIAN_POINT ( 'NONE',  ( 0.3250000000000000111, 0.5000000000000000000, 0.1300000000000000044 ) ) ;
#2055 = DIRECTION ( 'NONE',  ( -0.000000000000000000, -1.000000000000000000, -0.000000000000000000 ) ) ;
#2057 = SURFACE_STYLE_FILL_AREA ( #2501 ) ;
#2056 = FILL_AREA_STYLE ('',( #389 ) ) ;
#2058 = FILL_AREA_STYLE_COLOUR ( '', #4035 ) ;
#2059 = CARTESIAN_POINT ( 'NONE',  ( -0.7500000000000000000, -0.7500000000000000000, 0.6049999999999999822 ) ) ;
#2060 = CARTESIAN_POINT ( 'NONE',  ( -0.1249999999999998890, 1.000000000000000000, 0.1300000000000000044 ) ) ;
#2061 = CARTESIAN_POINT ( 'NONE',  ( 0.1250000000000001110, 1.000000000000000000, 0.1300000000000000044 ) ) ;
#2062 = ADVANCED_FACE ( 'NONE', ( #2498 ), #3132, .F. ) ;
#2063 = FACE_OUTER_BOUND ( 'NONE', #3297, .T. ) ;
#2064 = DIRECTION ( 'NONE',  ( -1.000000000000000000, -0.000000000000000000, -0.000000000000000000 ) ) ;
#2065 = ORIENTED_EDGE ( 'NONE', *, *, #1644, .F. ) ;
#2066 = PLANE ( 'NONE',  #3998 ) ;
#2067 = EDGE_LOOP ( 'NONE', ( #2020, #4191, #242, #1438 ) ) ;
#2068 = FACE_BOUND ( 'NONE', #1475, .T. ) ;
#2069 = CIRCLE ( 'NONE', #997, 0.09999999999999999167 ) ;
#2070 = ORIENTED_EDGE ( 'NONE', *, *, #2508, .T. ) ;
#2071 = CARTESIAN_POINT ( 'NONE',  ( 0.3250000000000000111, -0.5000000000000000000, 0.1300000000000000044 ) ) ;
#2072 =( NAMED_UNIT ( * ) SI_UNIT ( $, .STERADIAN. ) SOLID_ANGLE_UNIT ( ) );
#2073 = VERTEX_POINT ( 'NONE', #72 ) ;
#2074 = DIRECTION ( 'NONE',  ( 1.000000000000000000, 0.000000000000000000, 0.000000000000000000 ) ) ;
#2075 = CARTESIAN_POINT ( 'NONE',  ( -0.7749999999999999112, 1.000000000000000000, 0.1300000000000000044 ) ) ;
#2077 = FACE_OUTER_BOUND ( 'NONE', #3653, .T. ) ;
#2076 = LINE ( 'NONE', #347, #900 ) ;
#2078 = UNCERTAINTY_MEASURE_WITH_UNIT (LENGTH_MEASURE( 1.000000000000000082E-05 ), #4259, 'distance_accuracy_value', 'NONE');
#2079 = PLANE ( 'NONE',  #58 ) ;
#2080 = VECTOR ( 'NONE', #1332, 1000.000000000000000 ) ;
#2081 = VECTOR ( 'NONE', #1995, 1000.000000000000000 ) ;
#2082 = VECTOR ( 'NONE', #1527, 1000.000000000000000 ) ;
#2083 = CARTESIAN_POINT ( 'NONE',  ( 0.2250000000000000333, 0.4000000000000000222, -0.05000000000000000278 ) ) ;
#2084 = UNCERTAINTY_MEASURE_WITH_UNIT (LENGTH_MEASURE( 1.000000000000000082E-05 ), #3795, 'distance_accuracy_value', 'NONE');
#2085 = FACE_OUTER_BOUND ( 'NONE', #2516, .T. ) ;
#2086 =( GEOMETRIC_REPRESENTATION_CONTEXT ( 3 ) GLOBAL_UNCERTAINTY_ASSIGNED_CONTEXT ( ( #561 ) ) GLOBAL_UNIT_ASSIGNED_CONTEXT ( ( #1202, #2554, #1612 ) ) REPRESENTATION_CONTEXT ( 'NONE', 'WORKASPACE' ) );
#2087 = AXIS2_PLACEMENT_3D ( 'NONE', #1140, #762, #1851 ) ;
#2088 = CARTESIAN_POINT ( 'NONE',  ( 0.8249999999999997335, -0.4000000000000000777, 0.1300000000000000044 ) ) ;
#2089 = EDGE_LOOP ( 'NONE', ( #2174, #4317, #76, #1099 ) ) ;
#2090 = DIRECTION ( 'NONE',  ( 6.776263578034402713E-17, -1.000000000000000000, -0.000000000000000000 ) ) ;
#2091 = ORIENTED_EDGE ( 'NONE', *, *, #545, .F. ) ;
#2092 = CARTESIAN_POINT ( 'NONE',  ( 0.7249999999999997558, -0.5000000000000000000, -0.05000000000000000278 ) ) ;
#2093 = AXIS2_PLACEMENT_3D ( 'NONE', #1936, #3550, #2873 ) ;
#2094 = EDGE_CURVE ( 'NONE', #4330, #254, #3421, .T. ) ;
#2095 = ORIENTED_EDGE ( 'NONE', *, *, #1318, .T. ) ;
#2096 = SURFACE_SIDE_STYLE ('',( #1776 ) ) ;
#2097 = ADVANCED_FACE ( 'NONE', ( #2117 ), #95, .F. ) ;
#2098 = PLANE ( 'NONE',  #3047 ) ;
#2099 = CARTESIAN_POINT ( 'NONE',  ( -1.000000000000000000, 1.000000000000000000, 0.6049999999999999822 ) ) ;
#2100 = EDGE_CURVE ( 'NONE', #976, #1296, #445, .T. ) ;
#2101 = AXIS2_PLACEMENT_3D ( 'NONE', #1829, #2234, #3540 ) ;
#2102 = ADVANCED_FACE ( 'NONE', ( #489 ), #3442, .T. ) ;
#2103 = DIRECTION ( 'NONE',  ( 0.000000000000000000, 0.000000000000000000, -1.000000000000000000 ) ) ;
#2104 = SURFACE_SIDE_STYLE ('',( #559 ) ) ;
#2105 = CARTESIAN_POINT ( 'NONE',  ( 0.7750000000000001332, -1.000000000000000000, 0.1300000000000000044 ) ) ;
#2106 = PLANE ( 'NONE',  #341 ) ;
#2107 = DIRECTION ( 'NONE',  ( 0.000000000000000000, 0.000000000000000000, -1.000000000000000000 ) ) ;
#2108 =( NAMED_UNIT ( * ) PLANE_ANGLE_UNIT ( ) SI_UNIT ( $, .RADIAN. ) );
#2109 = VECTOR ( 'NONE', #2930, 1000.000000000000000 ) ;
#2110 = ORIENTED_EDGE ( 'NONE', *, *, #207, .T. ) ;
#2111 = PRESENTATION_STYLE_ASSIGNMENT (( #2849 ) ) ;
#2112 = ORIENTED_EDGE ( 'NONE', *, *, #3873, .F. ) ;
#2113 = PRESENTATION_LAYER_ASSIGNMENT (  '', '', ( #2451 ) ) ;
#2114 = VECTOR ( 'NONE', #3446, 1000.000000000000000 ) ;
#2115 = VECTOR ( 'NONE', #2199, 1000.000000000000000 ) ;
#2116 = STYLED_ITEM ( 'NONE', ( #1492 ), #860 ) ;
#2117 = FACE_OUTER_BOUND ( 'NONE', #2581, .T. ) ;
#2118 = EDGE_LOOP ( 'NONE', ( #2916, #3064, #5, #564 ) ) ;
#2119 = PLANE ( 'NONE',  #828 ) ;
#2120 = EDGE_CURVE ( 'NONE', #3440, #795, #3465, .T. ) ;
#2121 = LINE ( 'NONE', #2434, #1450 ) ;
#2122 = CARTESIAN_POINT ( 'NONE',  ( 0.1250000000000001110, 0.7000000000000000666, 0.1300000000000000044 ) ) ;
#2123 = DIRECTION ( 'NONE',  ( -1.000000000000000000, 0.000000000000000000, 0.000000000000000000 ) ) ;
#2124 = ORIENTED_EDGE ( 'NONE', *, *, #329, .F. ) ;
#2125 = FILL_AREA_STYLE_COLOUR ( '', #3084 ) ;
#2126 =( NAMED_UNIT ( * ) PLANE_ANGLE_UNIT ( ) SI_UNIT ( $, .RADIAN. ) );
#2127 = EDGE_CURVE ( 'NONE', #3801, #3975, #1500, .T. ) ;
#2128 = EDGE_CURVE ( 'NONE', #2206, #3630, #3828, .T. ) ;
#2129 = DIRECTION ( 'NONE',  ( 1.000000000000000000, 0.000000000000000000, 0.000000000000000000 ) ) ;
#2130 = UNCERTAINTY_MEASURE_WITH_UNIT (LENGTH_MEASURE( 1.000000000000000082E-05 ), #1746, 'distance_accuracy_value', 'NONE');
#2131 = DIRECTION ( 'NONE',  ( 0.000000000000000000, 0.000000000000000000, -1.000000000000000000 ) ) ;
#2132 = SURFACE_STYLE_USAGE ( .BOTH. , #769 ) ;
#2133 = ORIENTED_EDGE ( 'NONE', *, *, #1169, .F. ) ;
#2134 =( NAMED_UNIT ( * ) PLANE_ANGLE_UNIT ( ) SI_UNIT ( $, .RADIAN. ) );
#2135 = ORIENTED_EDGE ( 'NONE', *, *, #2711, .F. ) ;
#2136 = DIRECTION ( 'NONE',  ( 0.000000000000000000, -1.000000000000000000, 0.000000000000000000 ) ) ;
#2137 = EDGE_LOOP ( 'NONE', ( #1501, #361, #3255, #3062 ) ) ;
#2138 =( GEOMETRIC_REPRESENTATION_CONTEXT ( 3 ) GLOBAL_UNCERTAINTY_ASSIGNED_CONTEXT ( ( #3499 ) ) GLOBAL_UNIT_ASSIGNED_CONTEXT ( ( #1697, #3366, #3033 ) ) REPRESENTATION_CONTEXT ( 'NONE', 'WORKASPACE' ) );
#2139 = CARTESIAN_POINT ( 'NONE',  ( 1.000000000000000000, -1.000000000000000000, 0.6049999999999999822 ) ) ;
#2140 = CARTESIAN_POINT ( 'NONE',  ( 0.5250000000000000222, 1.000000000000000000, 0.1300000000000000044 ) ) ;
#2141 = VECTOR ( 'NONE', #202, 1000.000000000000000 ) ;
#2142 = DIRECTION ( 'NONE',  ( 0.000000000000000000, 0.000000000000000000, -1.000000000000000000 ) ) ;
#2143 = CARTESIAN_POINT ( 'NONE',  ( 0.5250000000000000222, -1.000000000000000000, 0.1300000000000000044 ) ) ;
#2144 = PLANE ( 'NONE',  #1426 ) ;
#2146 = LINE ( 'NONE', #2443, #3554 ) ;
#2145 = SURFACE_STYLE_USAGE ( .BOTH. , #4176 ) ;
#2147 = EDGE_CURVE ( 'NONE', #1545, #4237, #842, .T. ) ;
#2148 = AXIS2_PLACEMENT_3D ( 'NONE', #1750, #3063, #3637 ) ;
#2149 = VECTOR ( 'NONE', #3336, 1000.000000000000000 ) ;
#2150 = CIRCLE ( 'NONE', #372, 0.1250000000000000000 ) ;
#2151 = ORIENTED_EDGE ( 'NONE', *, *, #2012, .F. ) ;
#2152 = CARTESIAN_POINT ( 'NONE',  ( -0.7749999999999999112, 1.000000000000000000, -0.05000000000000000278 ) ) ;
#2153 = VERTEX_POINT ( 'NONE', #4069 ) ;
#2154 = VECTOR ( 'NONE', #4113, 1000.000000000000000 ) ;
#2155 = SURFACE_SIDE_STYLE ('',( #2470 ) ) ;
#2156 = ORIENTED_EDGE ( 'NONE', *, *, #2936, .F. ) ;
#2157 = EDGE_CURVE ( 'NONE', #3459, #3885, #1092, .T. ) ;
#2158 = LINE ( 'NONE', #3169, #311 ) ;
#2159 = ORIENTED_EDGE ( 'NONE', *, *, #285, .T. ) ;
#2160 = DIRECTION ( 'NONE',  ( 0.000000000000000000, 0.000000000000000000, 1.000000000000000000 ) ) ;
#2161 = PRESENTATION_STYLE_ASSIGNMENT (( #797 ) ) ;
#2162 = CARTESIAN_POINT ( 'NONE',  ( -0.3250000000000000111, -0.5000000000000000000, 0.1300000000000000044 ) ) ;
#2163 = DIRECTION ( 'NONE',  ( -1.000000000000000000, 0.000000000000000000, 0.000000000000000000 ) ) ;
#2164 = COLOUR_RGB ( '',1.000000000000000000, 1.000000000000000000, 1.000000000000000000 ) ;
#2165 = MECHANICAL_DESIGN_GEOMETRIC_PRESENTATION_REPRESENTATION (  '', ( #188 ), #1890 ) ;
#2166 = ORIENTED_EDGE ( 'NONE', *, *, #2868, .F. ) ;
#2167 = ORIENTED_EDGE ( 'NONE', *, *, #3899, .T. ) ;
#2168 =( GEOMETRIC_REPRESENTATION_CONTEXT ( 3 ) GLOBAL_UNCERTAINTY_ASSIGNED_CONTEXT ( ( #1193 ) ) GLOBAL_UNIT_ASSIGNED_CONTEXT ( ( #621, #3292, #1343 ) ) REPRESENTATION_CONTEXT ( 'NONE', 'WORKASPACE' ) );
#2169 =( NAMED_UNIT ( * ) SI_UNIT ( $, .STERADIAN. ) SOLID_ANGLE_UNIT ( ) );
#2170 = AXIS2_PLACEMENT_3D ( 'NONE', #2838, #475, #160 ) ;
#2171 = CARTESIAN_POINT ( 'NONE',  ( 0.5250000000000000222, -1.000000000000000000, 0.000000000000000000 ) ) ;
#2172 = UNCERTAINTY_MEASURE_WITH_UNIT (LENGTH_MEASURE( 1.000000000000000082E-05 ), #1930, 'distance_accuracy_value', 'NONE');
#2173 = CARTESIAN_POINT ( 'NONE',  ( -0.7957106781186544797, -0.4707106781186548017, -0.05000000000000000278 ) ) ;
#2174 = ORIENTED_EDGE ( 'NONE', *, *, #1120, .T. ) ;
#2175 = EDGE_CURVE ( 'NONE', #4296, #472, #4094, .T. ) ;
#2176 = FILL_AREA_STYLE_COLOUR ( '', #2278 ) ;
#2177 = FACE_OUTER_BOUND ( 'NONE', #2847, .T. ) ;
#2178 = ORIENTED_EDGE ( 'NONE', *, *, #1286, .T. ) ;
#2179 = EDGE_CURVE ( 'NONE', #3930, #1086, #3738, .T. ) ;
#2180 = CARTESIAN_POINT ( 'NONE',  ( 0.000000000000000000, 0.000000000000000000, -0.05000000000000000278 ) ) ;
#2181 = ORIENTED_EDGE ( 'NONE', *, *, #3068, .F. ) ;
#2182 = EDGE_CURVE ( 'NONE', #3088, #1476, #530, .T. ) ;
#2183 = FILL_AREA_STYLE ('',( #1437 ) ) ;
#2184 = ORIENTED_EDGE ( 'NONE', *, *, #1988, .F. ) ;
#2185 = SURFACE_SIDE_STYLE ('',( #1206 ) ) ;
#2186 =( GEOMETRIC_REPRESENTATION_CONTEXT ( 3 ) GLOBAL_UNCERTAINTY_ASSIGNED_CONTEXT ( ( #524 ) ) GLOBAL_UNIT_ASSIGNED_CONTEXT ( ( #3183, #3518, #2686 ) ) REPRESENTATION_CONTEXT ( 'NONE', 'WORKASPACE' ) );
#2187 =( LENGTH_UNIT ( ) NAMED_UNIT ( * ) SI_UNIT ( .MILLI., .METRE. ) );
#2188 = CYLINDRICAL_SURFACE ( 'NONE', #643, 0.1000000000000000472 ) ;
#2189 = LINE ( 'NONE', #494, #2741 ) ;
#2190 = ORIENTED_EDGE ( 'NONE', *, *, #566, .F. ) ;
#2191 =( GEOMETRIC_REPRESENTATION_CONTEXT ( 3 ) GLOBAL_UNCERTAINTY_ASSIGNED_CONTEXT ( ( #1288 ) ) GLOBAL_UNIT_ASSIGNED_CONTEXT ( ( #652, #4031, #4326 ) ) REPRESENTATION_CONTEXT ( 'NONE', 'WORKASPACE' ) );
#2192 = AXIS2_PLACEMENT_3D ( 'NONE', #824, #4190, #3136 ) ;
#2193 = MECHANICAL_DESIGN_GEOMETRIC_PRESENTATION_REPRESENTATION (  '', ( #3968 ), #2880 ) ;
#2194 = STYLED_ITEM ( 'NONE', ( #3993 ), #2629 ) ;
#2195 = EDGE_CURVE ( 'NONE', #250, #293, #1957, .T. ) ;
#2196 = LINE ( 'NONE', #181, #1165 ) ;
#2197 =( NAMED_UNIT ( * ) PLANE_ANGLE_UNIT ( ) SI_UNIT ( $, .RADIAN. ) );
#2199 = DIRECTION ( 'NONE',  ( 0.000000000000000000, 0.000000000000000000, -1.000000000000000000 ) ) ;
#2198 = CYLINDRICAL_SURFACE ( 'NONE', #2247, 0.09999999999999999167 ) ;
#2200 = SURFACE_STYLE_FILL_AREA ( #4126 ) ;
#2201 = AXIS2_PLACEMENT_3D ( 'NONE', #1564, #2441, #3774 ) ;
#2202 = FACE_OUTER_BOUND ( 'NONE', #2934, .T. ) ;
#2203 = ORIENTED_EDGE ( 'NONE', *, *, #3452, .T. ) ;
#2204 = PLANE ( 'NONE',  #2848 ) ;
#2205 = DIRECTION ( 'NONE',  ( 0.000000000000000000, -1.000000000000000000, 0.000000000000000000 ) ) ;
#2206 = VERTEX_POINT ( 'NONE', #3531 ) ;
#2207 = CARTESIAN_POINT ( 'NONE',  ( -0.3250000000000000111, 0.5000000000000000000, 0.1300000000000000044 ) ) ;
#2208 = DIRECTION ( 'NONE',  ( 0.000000000000000000, -0.000000000000000000, -1.000000000000000000 ) ) ;
#2209 = LINE ( 'NONE', #1137, #340 ) ;
#2210 = ORIENTED_EDGE ( 'NONE', *, *, #1646, .F. ) ;
#2211 = DIRECTION ( 'NONE',  ( 0.000000000000000000, 0.000000000000000000, -1.000000000000000000 ) ) ;
#2212 = CARTESIAN_POINT ( 'NONE',  ( 0.5250000000000000222, -1.000000000000000000, 0.1300000000000000044 ) ) ;
#2213 =( NAMED_UNIT ( * ) SI_UNIT ( $, .STERADIAN. ) SOLID_ANGLE_UNIT ( ) );
#2214 = COLOUR_RGB ( '',1.000000000000000000, 1.000000000000000000, 1.000000000000000000 ) ;
#2215 = SURFACE_STYLE_USAGE ( .BOTH. , #1891 ) ;
#2216 = LINE ( 'NONE', #3902, #2115 ) ;
#2217 = DIRECTION ( 'NONE',  ( 0.000000000000000000, 0.000000000000000000, -1.000000000000000000 ) ) ;
#2218 = PLANE ( 'NONE',  #3463 ) ;
#2219 = VERTEX_POINT ( 'NONE', #1275 ) ;
#2220 = COLOUR_RGB ( '',1.000000000000000000, 1.000000000000000000, 1.000000000000000000 ) ;
#2221 = VECTOR ( 'NONE', #3469, 1000.000000000000000 ) ;
#2222 =( NAMED_UNIT ( * ) PLANE_ANGLE_UNIT ( ) SI_UNIT ( $, .RADIAN. ) );
#2223 = ORIENTED_EDGE ( 'NONE', *, *, #2833, .T. ) ;
#2224 = LINE ( 'NONE', #1574, #1088 ) ;
#2225 = SURFACE_STYLE_FILL_AREA ( #2540 ) ;
#2226 = ORIENTED_EDGE ( 'NONE', *, *, #4313, .T. ) ;
#2227 = ADVANCED_FACE ( 'NONE', ( #3596 ), #2280, .F. ) ;
#2228 = STYLED_ITEM ( 'NONE', ( #3789 ), #3360 ) ;
#2229 = EDGE_CURVE ( 'NONE', #2299, #3401, #1252, .T. ) ;
#2230 = CARTESIAN_POINT ( 'NONE',  ( 0.5250000000000000222, -0.7000000000000000666, 0.1300000000000000044 ) ) ;
#2231 = AXIS2_PLACEMENT_3D ( 'NONE', #3640, #4276, #646 ) ;
#2232 = VECTOR ( 'NONE', #3059, 1000.000000000000000 ) ;
#2233 = DIRECTION ( 'NONE',  ( 1.000000000000000000, 0.000000000000000000, 0.000000000000000000 ) ) ;
#2234 = DIRECTION ( 'NONE',  ( 0.000000000000000000, 0.000000000000000000, 1.000000000000000000 ) ) ;
#2235 = AXIS2_PLACEMENT_3D ( 'NONE', #3906, #4202, #2261 ) ;
#2236 = COLOUR_RGB ( '',1.000000000000000000, 1.000000000000000000, 1.000000000000000000 ) ;
#2237 = CARTESIAN_POINT ( 'NONE',  ( -0.7749999999999999112, -1.000000000000000000, 0.1300000000000000044 ) ) ;
#2238 = CARTESIAN_POINT ( 'NONE',  ( 0.3250000000000000111, -0.5000000000000000000, 0.1300000000000000044 ) ) ;
#2239 = CARTESIAN_POINT ( 'NONE',  ( 0.5250000000000000222, 0.7000000000000000666, 0.1300000000000000044 ) ) ;
#2240 = FILL_AREA_STYLE_COLOUR ( '', #3326 ) ;
#2241 = ORIENTED_EDGE ( 'NONE', *, *, #840, .F. ) ;
#2242 = CARTESIAN_POINT ( 'NONE',  ( 0.1250000000000001110, 0.7000000000000000666, -0.05000000000000000278 ) ) ;
#2243 = EDGE_LOOP ( 'NONE', ( #3601, #429, #2691, #3724 ) ) ;
#2244 = SURFACE_STYLE_FILL_AREA ( #3572 ) ;
#2245 = DIRECTION ( 'NONE',  ( -0.000000000000000000, 1.000000000000000000, 0.000000000000000000 ) ) ;
#2246 = ORIENTED_EDGE ( 'NONE', *, *, #1547, .F. ) ;
#2247 = AXIS2_PLACEMENT_3D ( 'NONE', #1105, #480, #2840 ) ;
#2248 = PRESENTATION_STYLE_ASSIGNMENT (( #1576 ) ) ;
#2249 = PLANE ( 'NONE',  #571 ) ;
#2250 =( NAMED_UNIT ( * ) SI_UNIT ( $, .STERADIAN. ) SOLID_ANGLE_UNIT ( ) );
#2251 = VECTOR ( 'NONE', #4281, 1000.000000000000000 ) ;
#2252 = AXIS2_PLACEMENT_3D ( 'NONE', #3687, #2435, #3983 ) ;
#2253 = STYLED_ITEM ( 'NONE', ( #1040 ), #732 ) ;
#2254 = MECHANICAL_DESIGN_GEOMETRIC_PRESENTATION_REPRESENTATION (  '', ( #628 ), #2527 ) ;
#2255 = PLANE ( 'NONE',  #2911 ) ;
#2256 = EDGE_CURVE ( 'NONE', #1051, #216, #3270, .T. ) ;
#2258 = LINE ( 'NONE', #2510, #3817 ) ;
#2257 =( NAMED_UNIT ( * ) PLANE_ANGLE_UNIT ( ) SI_UNIT ( $, .RADIAN. ) );
#2259 = SURFACE_STYLE_USAGE ( .BOTH. , #289 ) ;
#2260 = EDGE_CURVE ( 'NONE', #3935, #2526, #35, .T. ) ;
#2261 = DIRECTION ( 'NONE',  ( -1.000000000000000000, 0.000000000000000000, 0.000000000000000000 ) ) ;
#2262 = ORIENTED_EDGE ( 'NONE', *, *, #2302, .T. ) ;
#2263 = LINE ( 'NONE', #4249, #1384 ) ;
#2264 = DIRECTION ( 'NONE',  ( 0.000000000000000000, 0.000000000000000000, -1.000000000000000000 ) ) ;
#2265 = ORIENTED_EDGE ( 'NONE', *, *, #3249, .F. ) ;
#2266 = FILL_AREA_STYLE_COLOUR ( '', #1479 ) ;
#2267 = SURFACE_SIDE_STYLE ('',( #1939 ) ) ;
#2268 = ORIENTED_EDGE ( 'NONE', *, *, #3202, .F. ) ;
#2269 = ORIENTED_EDGE ( 'NONE', *, *, #2175, .T. ) ;
#2270 = CARTESIAN_POINT ( 'NONE',  ( 0.7249999999999997558, 0.3999999999999999667, 0.1300000000000000044 ) ) ;
#2271 = APPLICATION_PROTOCOL_DEFINITION ( 'draft international standard', 'automotive_design', 1998, #3972 ) ;
#2272 = DIRECTION ( 'NONE',  ( 0.000000000000000000, 0.000000000000000000, -1.000000000000000000 ) ) ;
#2273 = PLANE ( 'NONE',  #4102 ) ;
#2274 = VECTOR ( 'NONE', #2716, 1000.000000000000000 ) ;
#2275 = PRESENTATION_LAYER_ASSIGNMENT (  '', '', ( #1730 ) ) ;
#2276 = CARTESIAN_POINT ( 'NONE',  ( -0.3250000000000000111, 0.4000000000000000222, -0.05000000000000000278 ) ) ;
#2277 = ORIENTED_EDGE ( 'NONE', *, *, #3452, .F. ) ;
#2278 = COLOUR_RGB ( '',1.000000000000000000, 1.000000000000000000, 1.000000000000000000 ) ;
#2279 = ADVANCED_FACE ( 'NONE', ( #596 ), #3846, .T. ) ;
#2280 = PLANE ( 'NONE',  #3603 ) ;
#2281 = ORIENTED_EDGE ( 'NONE', *, *, #1260, .F. ) ;
#2282 = COLOUR_RGB ( '',1.000000000000000000, 1.000000000000000000, 1.000000000000000000 ) ;
#2283 = DIRECTION ( 'NONE',  ( 0.000000000000000000, -0.000000000000000000, -1.000000000000000000 ) ) ;
#2284 = DIRECTION ( 'NONE',  ( 0.000000000000000000, 0.000000000000000000, -1.000000000000000000 ) ) ;
#2285 = SURFACE_STYLE_USAGE ( .BOTH. , #3535 ) ;
#2286 = AXIS2_PLACEMENT_3D ( 'NONE', #4280, #2615, #3301 ) ;
#2287 = VERTEX_POINT ( 'NONE', #3869 ) ;
#2288 = ORIENTED_EDGE ( 'NONE', *, *, #1012, .T. ) ;
#2289 = VECTOR ( 'NONE', #2744, 1000.000000000000000 ) ;
#2290 = CARTESIAN_POINT ( 'NONE',  ( -0.5249999999999999112, -0.7000000000000000666, 0.1300000000000000044 ) ) ;
#2291 = FILL_AREA_STYLE ('',( #1987 ) ) ;
#2292 = VECTOR ( 'NONE', #3096, 1000.000000000000000 ) ;
#2293 = DIRECTION ( 'NONE',  ( 1.000000000000000000, 0.000000000000000000, 0.000000000000000000 ) ) ;
#2295 = FILL_AREA_STYLE_COLOUR ( '', #3048 ) ;
#2294 = FACE_OUTER_BOUND ( 'NONE', #529, .T. ) ;
#2296 = VECTOR ( 'NONE', #1614, 1000.000000000000000 ) ;
#2297 = DIRECTION ( 'NONE',  ( 0.000000000000000000, 0.000000000000000000, -1.000000000000000000 ) ) ;
#2298 =( LENGTH_UNIT ( ) NAMED_UNIT ( * ) SI_UNIT ( .MILLI., .METRE. ) );
#2299 = VERTEX_POINT ( 'NONE', #1918 ) ;
#2300 =( NAMED_UNIT ( * ) SI_UNIT ( $, .STERADIAN. ) SOLID_ANGLE_UNIT ( ) );
#2301 = CARTESIAN_POINT ( 'NONE',  ( 0.1250000000000001110, -0.7000000000000000666, 0.1300000000000000044 ) ) ;
#2302 = EDGE_CURVE ( 'NONE', #1549, #2674, #1571, .T. ) ;
#2303 = EDGE_CURVE ( 'NONE', #992, #3659, #1295, .T. ) ;
#2304 =( LENGTH_UNIT ( ) NAMED_UNIT ( * ) SI_UNIT ( .MILLI., .METRE. ) );
#2305 = ORIENTED_EDGE ( 'NONE', *, *, #593, .F. ) ;
#2306 = FILL_AREA_STYLE ('',( #3311 ) ) ;
#2307 = DIRECTION ( 'NONE',  ( 6.776263578034402713E-17, -1.000000000000000000, -0.000000000000000000 ) ) ;
#2308 = EDGE_CURVE ( 'NONE', #279, #1792, #2630, .T. ) ;
#2309 = ORIENTED_EDGE ( 'NONE', *, *, #2127, .F. ) ;
#2310 = ORIENTED_EDGE ( 'NONE', *, *, #1231, .F. ) ;
#2311 = FACE_OUTER_BOUND ( 'NONE', #1409, .T. ) ;
#2312 = EDGE_CURVE ( 'NONE', #3600, #1506, #947, .T. ) ;
#2313 = AXIS2_PLACEMENT_3D ( 'NONE', #3273, #1636, #1998 ) ;
#2314 = VERTEX_POINT ( 'NONE', #1548 ) ;
#2315 = FILL_AREA_STYLE_COLOUR ( '', #2220 ) ;
#2316 = MECHANICAL_DESIGN_GEOMETRIC_PRESENTATION_REPRESENTATION (  '', ( #338 ), #55 ) ;
#2317 = SURFACE_SIDE_STYLE ('',( #3265 ) ) ;
#2318 = VECTOR ( 'NONE', #2775, 1000.000000000000000 ) ;
#2319 = DIRECTION ( 'NONE',  ( -0.000000000000000000, -0.000000000000000000, -1.000000000000000000 ) ) ;
#2320 = FILL_AREA_STYLE_COLOUR ( '', #833 ) ;
#2321 = ORIENTED_EDGE ( 'NONE', *, *, #4009, .T. ) ;
#2322 = LINE ( 'NONE', #3289, #1672 ) ;
#2323 = DIRECTION ( 'NONE',  ( 0.000000000000000000, 0.000000000000000000, -1.000000000000000000 ) ) ;
#2324 = LINE ( 'NONE', #3700, #3798 ) ;
#2325 = ORIENTED_EDGE ( 'NONE', *, *, #2592, .T. ) ;
#2326 = CARTESIAN_POINT ( 'NONE',  ( -0.7749999999999999112, -1.000000000000000000, -0.05000000000000000278 ) ) ;
#2327 = ORIENTED_EDGE ( 'NONE', *, *, #3804, .T. ) ;
#2328 = SURFACE_STYLE_USAGE ( .BOTH. , #3705 ) ;
#2329 = ORIENTED_EDGE ( 'NONE', *, *, #2729, .F. ) ;
#2330 = DIRECTION ( 'NONE',  ( -0.000000000000000000, 1.000000000000000000, 0.000000000000000000 ) ) ;
#2331 = SURFACE_STYLE_FILL_AREA ( #3665 ) ;
#2332 = ORIENTED_EDGE ( 'NONE', *, *, #1064, .T. ) ;
#2333 = CARTESIAN_POINT ( 'NONE',  ( -0.2250000000000000333, 0.4000000000000000222, 0.1300000000000000044 ) ) ;
#2335 = CYLINDRICAL_SURFACE ( 'NONE', #4292, 0.09999999999999993616 ) ;
#2334 = SURFACE_SIDE_STYLE ('',( #37 ) ) ;
#2336 = DIRECTION ( 'NONE',  ( -1.000000000000000000, -0.000000000000000000, -0.000000000000000000 ) ) ;
#2337 = VERTEX_POINT ( 'NONE', #2242 ) ;
#2338 = DIRECTION ( 'NONE',  ( -1.000000000000000000, 0.000000000000000000, 0.000000000000000000 ) ) ;
#2339 = AXIS2_PLACEMENT_3D ( 'NONE', #932, #3494, #2233 ) ;
#2340 = CARTESIAN_POINT ( 'NONE',  ( -0.1249999999999998890, 1.000000000000000000, 0.1300000000000000044 ) ) ;
#2341 = EDGE_LOOP ( 'NONE', ( #155, #2223, #2529, #3231 ) ) ;
#2342 = CARTESIAN_POINT ( 'NONE',  ( 0.7249999999999997558, -0.5000000000000000000, 0.1300000000000000044 ) ) ;
#2343 = EDGE_LOOP ( 'NONE', ( #990, #616, #887, #2785 ) ) ;
#2344 = PLANE ( 'NONE',  #2148 ) ;
#2345 = ORIENTED_EDGE ( 'NONE', *, *, #157, .T. ) ;
#2346 = PLANE ( 'NONE',  #3926 ) ;
#2347 = DIRECTION ( 'NONE',  ( 0.000000000000000000, -0.000000000000000000, -1.000000000000000000 ) ) ;
#2348 = EDGE_CURVE ( 'NONE', #1506, #4258, #313, .T. ) ;
#2349 = VECTOR ( 'NONE', #2307, 1000.000000000000000 ) ;
#2350 = EDGE_CURVE ( 'NONE', #825, #3358, #971, .T. ) ;
#2351 = EDGE_CURVE ( 'NONE', #1230, #3133, #2324, .T. ) ;
#2353 = CARTESIAN_POINT ( 'NONE',  ( 0.8249999999999997335, -0.4000000000000000777, -0.05000000000000000278 ) ) ;
#2352 = DIRECTION ( 'NONE',  ( -1.000000000000000000, 0.000000000000000000, 0.000000000000000000 ) ) ;
#2354 = VECTOR ( 'NONE', #1434, 1000.000000000000000 ) ;
#2355 = DIRECTION ( 'NONE',  ( -0.000000000000000000, 1.000000000000000000, -0.000000000000000000 ) ) ;
#2356 = ORIENTED_EDGE ( 'NONE', *, *, #290, .T. ) ;
#2357 = VECTOR ( 'NONE', #3492, 1000.000000000000000 ) ;
#2358 = VECTOR ( 'NONE', #2580, 1000.000000000000000 ) ;
#2359 = CARTESIAN_POINT ( 'NONE',  ( -0.7749999999999999112, -1.000000000000000000, 0.1300000000000000044 ) ) ;
#2360 = DIRECTION ( 'NONE',  ( -1.000000000000000000, 0.000000000000000000, 0.000000000000000000 ) ) ;
#2361 = ORIENTED_EDGE ( 'NONE', *, *, #2157, .T. ) ;
#2362 = MECHANICAL_DESIGN_GEOMETRIC_PRESENTATION_REPRESENTATION (  '', ( #39 ), #3605 ) ;
#2363 = PRESENTATION_STYLE_ASSIGNMENT (( #3312 ) ) ;
#2364 = ORIENTED_EDGE ( 'NONE', *, *, #545, .T. ) ;
#2365 = PLANE ( 'NONE',  #306 ) ;
#2366 = ORIENTED_EDGE ( 'NONE', *, *, #4163, .F. ) ;
#2367 = CARTESIAN_POINT ( 'NONE',  ( 0.1250000000000001110, 0.7000000000000000666, 0.000000000000000000 ) ) ;
#2368 = LINE ( 'NONE', #3006, #2044 ) ;
#2369 = VERTEX_POINT ( 'NONE', #1021 ) ;
#2370 = PLANE ( 'NONE',  #3379 ) ;
#2372 = DIRECTION ( 'NONE',  ( 0.000000000000000000, -0.000000000000000000, 1.000000000000000000 ) ) ;
#2371 = SURFACE_SIDE_STYLE ('',( #1033 ) ) ;
#2373 = EDGE_CURVE ( 'NONE', #1797, #4296, #3632, .T. ) ;
#2374 = CARTESIAN_POINT ( 'NONE',  ( -0.7749999999999999112, -0.7000000000000000666, 0.1300000000000000044 ) ) ;
#2375 = MECHANICAL_DESIGN_GEOMETRIC_PRESENTATION_REPRESENTATION (  '', ( #2517 ), #3074 ) ;
#2376 = LINE ( 'NONE', #418, #3867 ) ;
#2377 = SURFACE_SIDE_STYLE ('',( #2994 ) ) ;
#2378 = UNCERTAINTY_MEASURE_WITH_UNIT (LENGTH_MEASURE( 1.000000000000000082E-05 ), #2304, 'distance_accuracy_value', 'NONE');
#2379 =( GEOMETRIC_REPRESENTATION_CONTEXT ( 3 ) GLOBAL_UNCERTAINTY_ASSIGNED_CONTEXT ( ( #3629 ) ) GLOBAL_UNIT_ASSIGNED_CONTEXT ( ( #1691, #3302, #2032 ) ) REPRESENTATION_CONTEXT ( 'NONE', 'WORKASPACE' ) );
#2380 = VECTOR ( 'NONE', #1431, 1000.000000000000000 ) ;
#2381 = DIRECTION ( 'NONE',  ( 0.000000000000000000, 0.000000000000000000, -1.000000000000000000 ) ) ;
#2382 = VECTOR ( 'NONE', #3790, 1000.000000000000000 ) ;
#2383 =( NAMED_UNIT ( * ) PLANE_ANGLE_UNIT ( ) SI_UNIT ( $, .RADIAN. ) );
#2384 = ORIENTED_EDGE ( 'NONE', *, *, #4204, .T. ) ;
#2385 = CARTESIAN_POINT ( 'NONE',  ( 0.5250000000000000222, -0.7000000000000000666, 0.000000000000000000 ) ) ;
#2386 = ORIENTED_EDGE ( 'NONE', *, *, #3952, .T. ) ;
#2387 = CARTESIAN_POINT ( 'NONE',  ( -0.7749999999999999112, 1.000000000000000000, 0.1300000000000000044 ) ) ;
#2388 = VERTEX_POINT ( 'NONE', #3976 ) ;
#2389 = CARTESIAN_POINT ( 'NONE',  ( 0.1250000000000001110, -1.000000000000000000, 0.1300000000000000044 ) ) ;
#2390 = CARTESIAN_POINT ( 'NONE',  ( 0.2249999999999999778, -0.4000000000000000222, 0.1300000000000000044 ) ) ;
#2391 = ORIENTED_EDGE ( 'NONE', *, *, #3507, .F. ) ;
#2392 = VECTOR ( 'NONE', #1993, 1000.000000000000000 ) ;
#2393 = PLANE ( 'NONE',  #4080 ) ;
#2394 = DIRECTION ( 'NONE',  ( -0.000000000000000000, -0.000000000000000000, -1.000000000000000000 ) ) ;
#2395 = PLANE ( 'NONE',  #2008 ) ;
#2396 = CARTESIAN_POINT ( 'NONE',  ( -0.2250000000000000056, -0.4000000000000000222, -0.05000000000000000278 ) ) ;
#2397 = FACE_OUTER_BOUND ( 'NONE', #1183, .T. ) ;
#2398 = EDGE_CURVE ( 'NONE', #4294, #3560, #2047, .T. ) ;
#2399 =( NAMED_UNIT ( * ) SI_UNIT ( $, .STERADIAN. ) SOLID_ANGLE_UNIT ( ) );
#2400 = ADVANCED_FACE ( 'NONE', ( #4040 ), #2023, .F. ) ;
#2401 = CARTESIAN_POINT ( 'NONE',  ( 0.1250000000000001110, -1.000000000000000000, 0.1300000000000000044 ) ) ;
#2402 = ORIENTED_EDGE ( 'NONE', *, *, #3620, .F. ) ;
#2403 =( NAMED_UNIT ( * ) PLANE_ANGLE_UNIT ( ) SI_UNIT ( $, .RADIAN. ) );
#2404 = EDGE_LOOP ( 'NONE', ( #2814, #1958, #1422, #3610 ) ) ;
#2405 = CARTESIAN_POINT ( 'NONE',  ( 0.000000000000000000, 0.000000000000000000, 0.1300000000000000044 ) ) ;
#2406 = AXIS2_PLACEMENT_3D ( 'NONE', #2650, #1861, #1679 ) ;
#2407 = ORIENTED_EDGE ( 'NONE', *, *, #3873, .T. ) ;
#2408 = LINE ( 'NONE', #3066, #114 ) ;
#2409 = DIRECTION ( 'NONE',  ( 0.000000000000000000, 1.000000000000000000, 0.000000000000000000 ) ) ;
#2410 = CARTESIAN_POINT ( 'NONE',  ( -0.7500000000000000000, -0.7500000000000000000, 0.5549999999999999378 ) ) ;
#2411 = SURFACE_STYLE_USAGE ( .BOTH. , #4145 ) ;
#2412 = COLOUR_RGB ( '',0.7921568627450980005, 0.8196078431372548767, 0.9333333333333333481 ) ;
#2413 = DIRECTION ( 'NONE',  ( 0.000000000000000000, 0.000000000000000000, 1.000000000000000000 ) ) ;
#2414 = PRESENTATION_LAYER_ASSIGNMENT (  '', '', ( #1305 ) ) ;
#2415 = AXIS2_PLACEMENT_3D ( 'NONE', #1298, #2931, #3937 ) ;
#2416 = CARTESIAN_POINT ( 'NONE',  ( 0.000000000000000000, 0.000000000000000000, 0.1300000000000000044 ) ) ;
#2417 = LINE ( 'NONE', #3634, #4028 ) ;
#2418 = UNCERTAINTY_MEASURE_WITH_UNIT (LENGTH_MEASURE( 1.000000000000000082E-05 ), #1020, 'distance_accuracy_value', 'NONE');
#2419 = FILL_AREA_STYLE ('',( #19 ) ) ;
#2420 = EDGE_CURVE ( 'NONE', #4161, #2314, #2998, .T. ) ;
#2421 = CIRCLE ( 'NONE', #3323, 0.1000000000000000472 ) ;
#2422 =( NAMED_UNIT ( * ) SI_UNIT ( $, .STERADIAN. ) SOLID_ANGLE_UNIT ( ) );
#2423 = SURFACE_STYLE_USAGE ( .BOTH. , #398 ) ;
#2424 = ORIENTED_EDGE ( 'NONE', *, *, #1840, .F. ) ;
#2425 = ORIENTED_EDGE ( 'NONE', *, *, #3620, .T. ) ;
#2426 = LINE ( 'NONE', #1436, #1380 ) ;
#2427 = EDGE_CURVE ( 'NONE', #1086, #816, #1363, .T. ) ;
#2428 = VECTOR ( 'NONE', #2205, 1000.000000000000000 ) ;
#2429 = ADVANCED_FACE ( 'NONE', ( #991 ), #2652, .T. ) ;
#2430 = EDGE_CURVE ( 'NONE', #1276, #3964, #3395, .T. ) ;
#2431 = CARTESIAN_POINT ( 'NONE',  ( -0.1249999999999998890, -0.7000000000000000666, 0.000000000000000000 ) ) ;
#2432 = EDGE_LOOP ( 'NONE', ( #2203, #2151, #2523, #299 ) ) ;
#2433 = CARTESIAN_POINT ( 'NONE',  ( 0.7750000000000001332, 1.000000000000000000, 0.1300000000000000044 ) ) ;
#2434 = CARTESIAN_POINT ( 'NONE',  ( -0.3250000000000000111, 0.5000000000000000000, 0.1300000000000000044 ) ) ;
#2435 = DIRECTION ( 'NONE',  ( -0.000000000000000000, 0.000000000000000000, -1.000000000000000000 ) ) ;
#2436 = ORIENTED_EDGE ( 'NONE', *, *, #2485, .F. ) ;
#2437 = CYLINDRICAL_SURFACE ( 'NONE', #2644, 0.1000000000000000472 ) ;
#2438 = ORIENTED_EDGE ( 'NONE', *, *, #914, .T. ) ;
#2439 = DIRECTION ( 'NONE',  ( -1.000000000000000000, 0.000000000000000000, -0.000000000000000000 ) ) ;
#2440 = DIRECTION ( 'NONE',  ( -0.000000000000000000, -0.000000000000000000, 1.000000000000000000 ) ) ;
#2441 = DIRECTION ( 'NONE',  ( 0.000000000000000000, 0.000000000000000000, 1.000000000000000000 ) ) ;
#2443 = CARTESIAN_POINT ( 'NONE',  ( -1.000000000000000000, -1.000000000000000000, 0.6049999999999999822 ) ) ;
#2442 = FILL_AREA_STYLE ('',( #3793 ) ) ;
#2444 = PLANE ( 'NONE',  #920 ) ;
#2445 = STYLED_ITEM ( 'NONE', ( #1550 ), #3951 ) ;
#2446 = DIRECTION ( 'NONE',  ( 0.000000000000000000, 0.000000000000000000, -1.000000000000000000 ) ) ;
#2447 = PRESENTATION_STYLE_ASSIGNMENT (( #2423 ) ) ;
#2448 = ORIENTED_EDGE ( 'NONE', *, *, #4241, .T. ) ;
#2449 = CARTESIAN_POINT ( 'NONE',  ( 0.7750000000000001332, -1.000000000000000000, -0.05000000000000000278 ) ) ;
#2450 = ORIENTED_EDGE ( 'NONE', *, *, #2700, .F. ) ;
#2451 = STYLED_ITEM ( 'NONE', ( #1241 ), #4177 ) ;
#2452 = COLOUR_RGB ( '',0.7921568627450980005, 0.8196078431372548767, 0.9333333333333333481 ) ;
#2453 = VECTOR ( 'NONE', #3077, 1000.000000000000000 ) ;
#2454 =( GEOMETRIC_REPRESENTATION_CONTEXT ( 3 ) GLOBAL_UNCERTAINTY_ASSIGNED_CONTEXT ( ( #1147 ) ) GLOBAL_UNIT_ASSIGNED_CONTEXT ( ( #2298, #3364, #2953 ) ) REPRESENTATION_CONTEXT ( 'NONE', 'WORKASPACE' ) );
#2455 = DIRECTION ( 'NONE',  ( 1.000000000000000000, 0.000000000000000000, 0.000000000000000000 ) ) ;
#2456 = ORIENTED_EDGE ( 'NONE', *, *, #2923, .F. ) ;
#2457 = CARTESIAN_POINT ( 'NONE',  ( 0.7750000000000001332, 0.7000000000000000666, 0.1300000000000000044 ) ) ;
#2458 = PRESENTATION_STYLE_ASSIGNMENT (( #2477 ) ) ;
#2459 = PLANE ( 'NONE',  #3824 ) ;
#2460 = ORIENTED_EDGE ( 'NONE', *, *, #3931, .F. ) ;
#2461 = EDGE_CURVE ( 'NONE', #8, #2495, #2763, .T. ) ;
#2462 = CARTESIAN_POINT ( 'NONE',  ( 0.5250000000000000222, -1.000000000000000000, 0.000000000000000000 ) ) ;
#2463 = FILL_AREA_STYLE_COLOUR ( '', #260 ) ;
#2464 = DIRECTION ( 'NONE',  ( 0.000000000000000000, 1.000000000000000000, -0.000000000000000000 ) ) ;
#2465 = UNCERTAINTY_MEASURE_WITH_UNIT (LENGTH_MEASURE( 1.000000000000000082E-05 ), #3013, 'distance_accuracy_value', 'NONE');
#2466 = DIRECTION ( 'NONE',  ( -1.000000000000000000, 0.000000000000000000, 0.000000000000000000 ) ) ;
#2467 = ADVANCED_FACE ( 'NONE', ( #3800 ), #3417, .F. ) ;
#2468 = LINE ( 'NONE', #789, #2788 ) ;
#2469 = ORIENTED_EDGE ( 'NONE', *, *, #4060, .F. ) ;
#2470 = SURFACE_STYLE_FILL_AREA ( #994 ) ;
#2471 = ORIENTED_EDGE ( 'NONE', *, *, #1852, .T. ) ;
#2472 = ORIENTED_EDGE ( 'NONE', *, *, #2127, .T. ) ;
#2473 = CARTESIAN_POINT ( 'NONE',  ( -1.000000000000000000, 1.000000000000000000, 0.000000000000000000 ) ) ;
#2474 = VERTEX_POINT ( 'NONE', #1836 ) ;
#2475 = CARTESIAN_POINT ( 'NONE',  ( -0.8750000000000000000, -0.7500000000000000000, 0.5549999999999999378 ) ) ;
#2476 =( NAMED_UNIT ( * ) PLANE_ANGLE_UNIT ( ) SI_UNIT ( $, .RADIAN. ) );
#2477 = SURFACE_STYLE_USAGE ( .BOTH. , #3157 ) ;
#2478 = CARTESIAN_POINT ( 'NONE',  ( -1.000000000000000000, 1.000000000000000000, 0.000000000000000000 ) ) ;
#2479 = EDGE_LOOP ( 'NONE', ( #3597, #1313, #3086, #1486 ) ) ;
#2480 = PRESENTATION_LAYER_ASSIGNMENT (  '', '', ( #1587 ) ) ;
#2481 = LINE ( 'NONE', #1827, #1019 ) ;
#2482 = FACE_OUTER_BOUND ( 'NONE', #2787, .T. ) ;
#2483 = PRESENTATION_STYLE_ASSIGNMENT (( #3837 ) ) ;
#2484 = ADVANCED_FACE ( 'NONE', ( #3147 ), #90, .T. ) ;
#2485 = EDGE_CURVE ( 'NONE', #216, #4299, #3719, .T. ) ;
#2486 = ADVANCED_FACE ( 'NONE', ( #4130 ), #1453, .F. ) ;
#2487 = COLOUR_RGB ( '',0.2941176470588235392, 0.2941176470588235392, 0.2941176470588235392 ) ;
#2488 = CARTESIAN_POINT ( 'NONE',  ( -0.5249999999999999112, -1.000000000000000000, 0.1300000000000000044 ) ) ;
#2489 = EDGE_LOOP ( 'NONE', ( #1839, #1843, #2384, #2963 ) ) ;
#2490 = DIRECTION ( 'NONE',  ( -0.000000000000000000, 1.000000000000000000, -0.000000000000000000 ) ) ;
#2491 = DIRECTION ( 'NONE',  ( -0.000000000000000000, 1.000000000000000000, -0.000000000000000000 ) ) ;
#2492 = EDGE_LOOP ( 'NONE', ( #1291, #3288 ) ) ;
#2493 = STYLED_ITEM ( 'NONE', ( #2363 ), #3201 ) ;
#2494 = DIRECTION ( 'NONE',  ( -0.000000000000000000, 0.000000000000000000, 1.000000000000000000 ) ) ;
#2495 = VERTEX_POINT ( 'NONE', #4111 ) ;
#2496 = ADVANCED_FACE ( 'NONE', ( #2177 ), #3125, .T. ) ;
#2497 = VECTOR ( 'NONE', #1557, 1000.000000000000000 ) ;
#2498 = FACE_OUTER_BOUND ( 'NONE', #2725, .T. ) ;
#2499 = ORIENTED_EDGE ( 'NONE', *, *, #2601, .F. ) ;
#2500 =( LENGTH_UNIT ( ) NAMED_UNIT ( * ) SI_UNIT ( .MILLI., .METRE. ) );
#2501 = FILL_AREA_STYLE ('',( #1503 ) ) ;
#2502 = SURFACE_STYLE_USAGE ( .BOTH. , #2878 ) ;
#2503 = VECTOR ( 'NONE', #1408, 1000.000000000000000 ) ;
#2504 = VERTEX_POINT ( 'NONE', #116 ) ;
#2505 = VECTOR ( 'NONE', #1544, 1000.000000000000000 ) ;
#2506 =( LENGTH_UNIT ( ) NAMED_UNIT ( * ) SI_UNIT ( .MILLI., .METRE. ) );
#2507 = PRESENTATION_LAYER_ASSIGNMENT (  '', '', ( #813 ) ) ;
#2508 = EDGE_CURVE ( 'NONE', #119, #1611, #3478, .T. ) ;
#2509 =( NAMED_UNIT ( * ) PLANE_ANGLE_UNIT ( ) SI_UNIT ( $, .RADIAN. ) );
#2510 = CARTESIAN_POINT ( 'NONE',  ( -0.1249999999999998890, 1.000000000000000000, 0.000000000000000000 ) ) ;
#2511 = UNCERTAINTY_MEASURE_WITH_UNIT (LENGTH_MEASURE( 1.000000000000000082E-05 ), #223, 'distance_accuracy_value', 'NONE');
#2512 = DIRECTION ( 'NONE',  ( 0.000000000000000000, -1.000000000000000000, 0.000000000000000000 ) ) ;
#2513 = ORIENTED_EDGE ( 'NONE', *, *, #3068, .T. ) ;
#2514 = CARTESIAN_POINT ( 'NONE',  ( -0.1249999999999998890, 1.000000000000000000, 0.1300000000000000044 ) ) ;
#2515 = CYLINDRICAL_SURFACE ( 'NONE', #2235, 0.1000000000000000472 ) ;
#2516 = EDGE_LOOP ( 'NONE', ( #1280, #763, #1894, #2805 ) ) ;
#2517 = STYLED_ITEM ( 'NONE', ( #1658 ), #4086 ) ;
#2518 = DIRECTION ( 'NONE',  ( 0.000000000000000000, 1.000000000000000000, 0.000000000000000000 ) ) ;
#2519 = ORIENTED_EDGE ( 'NONE', *, *, #1982, .F. ) ;
#2520 = DIRECTION ( 'NONE',  ( 0.000000000000000000, 0.000000000000000000, 1.000000000000000000 ) ) ;
#2521 = AXIS2_PLACEMENT_3D ( 'NONE', #3671, #4266, #2989 ) ;
#2522 = CARTESIAN_POINT ( 'NONE',  ( -0.5249999999999999112, 0.7000000000000000666, 0.1300000000000000044 ) ) ;
#2523 = ORIENTED_EDGE ( 'NONE', *, *, #4285, .F. ) ;
#2524 = AXIS2_PLACEMENT_3D ( 'NONE', #2897, #256, #3275 ) ;
#2525 = MECHANICAL_DESIGN_GEOMETRIC_PRESENTATION_REPRESENTATION (  '', ( #2194 ), #1628 ) ;
#2526 = VERTEX_POINT ( 'NONE', #3085 ) ;
#2527 =( GEOMETRIC_REPRESENTATION_CONTEXT ( 3 ) GLOBAL_UNCERTAINTY_ASSIGNED_CONTEXT ( ( #1992 ) ) GLOBAL_UNIT_ASSIGNED_CONTEXT ( ( #1828, #2197, #1491 ) ) REPRESENTATION_CONTEXT ( 'NONE', 'WORKASPACE' ) );
#2528 = FACE_OUTER_BOUND ( 'NONE', #504, .T. ) ;
#2529 = ORIENTED_EDGE ( 'NONE', *, *, #6, .T. ) ;
#2530 = FACE_OUTER_BOUND ( 'NONE', #2747, .T. ) ;
#2531 = SURFACE_STYLE_USAGE ( .BOTH. , #3840 ) ;
#2532 =( LENGTH_UNIT ( ) NAMED_UNIT ( * ) SI_UNIT ( .MILLI., .METRE. ) );
#2533 = PRESENTATION_STYLE_ASSIGNMENT (( #1951 ) ) ;
#2534 = EDGE_LOOP ( 'NONE', ( #450, #178, #688, #506 ) ) ;
#2535 = EDGE_CURVE ( 'NONE', #4330, #4296, #66, .T. ) ;
#2536 = EDGE_CURVE ( 'NONE', #1792, #1766, #2468, .T. ) ;
#2537 = CARTESIAN_POINT ( 'NONE',  ( -0.1249999999999998890, -1.000000000000000000, 0.1300000000000000044 ) ) ;
#2538 = ORIENTED_EDGE ( 'NONE', *, *, #2351, .F. ) ;
#2539 = DIRECTION ( 'NONE',  ( -1.000000000000000000, 0.000000000000000000, 0.000000000000000000 ) ) ;
#2540 = FILL_AREA_STYLE ('',( #278 ) ) ;
#2541 = ORIENTED_EDGE ( 'NONE', *, *, #783, .F. ) ;
#2542 = ORIENTED_EDGE ( 'NONE', *, *, #3431, .T. ) ;
#2543 = LINE ( 'NONE', #3854, #944 ) ;
#2544 = CARTESIAN_POINT ( 'NONE',  ( 0.7750000000000001332, 1.000000000000000000, 0.1300000000000000044 ) ) ;
#2545 = FACE_OUTER_BOUND ( 'NONE', #3569, .T. ) ;
#2546 = COLOUR_RGB ( '',1.000000000000000000, 1.000000000000000000, 1.000000000000000000 ) ;
#2548 = SURFACE_SIDE_STYLE ('',( #1217 ) ) ;
#2547 = FILL_AREA_STYLE ('',( #522 ) ) ;
#2549 = UNCERTAINTY_MEASURE_WITH_UNIT (LENGTH_MEASURE( 1.000000000000000082E-05 ), #4152, 'distance_accuracy_value', 'NONE');
#2550 = FACE_OUTER_BOUND ( 'NONE', #3907, .T. ) ;
#2551 =( NAMED_UNIT ( * ) SI_UNIT ( $, .STERADIAN. ) SOLID_ANGLE_UNIT ( ) );
#2552 = CARTESIAN_POINT ( 'NONE',  ( -0.1249999999999998890, -0.7000000000000000666, 0.1300000000000000044 ) ) ;
#2553 = ORIENTED_EDGE ( 'NONE', *, *, #4163, .T. ) ;
#2554 =( NAMED_UNIT ( * ) PLANE_ANGLE_UNIT ( ) SI_UNIT ( $, .RADIAN. ) );
#2555 = AXIS2_PLACEMENT_3D ( 'NONE', #798, #1777, #2794 ) ;
#2556 = PRESENTATION_LAYER_ASSIGNMENT (  '', '', ( #1666 ) ) ;
#2557 = EDGE_CURVE ( 'NONE', #2206, #2909, #1272, .T. ) ;
#2558 = AXIS2_PLACEMENT_3D ( 'NONE', #390, #2732, #1551 ) ;
#2559 = CARTESIAN_POINT ( 'NONE',  ( -0.8750000000000000000, -0.7500000000000000000, 0.5549999999999999378 ) ) ;
#2560 = ORIENTED_EDGE ( 'NONE', *, *, #459, .T. ) ;
#2561 = LINE ( 'NONE', #884, #1013 ) ;
#2562 = SURFACE_STYLE_USAGE ( .BOTH. , #2915 ) ;
#2563 = VERTEX_POINT ( 'NONE', #2598 ) ;
#2564 = ORIENTED_EDGE ( 'NONE', *, *, #4284, .T. ) ;
#2565 = ADVANCED_FACE ( 'NONE', ( #1630 ), #2515, .F. ) ;
#2566 = MECHANICAL_DESIGN_GEOMETRIC_PRESENTATION_REPRESENTATION (  '', ( #2017 ), #4006 ) ;
#2567 = AXIS2_PLACEMENT_3D ( 'NONE', #3995, #2742, #355 ) ;
#2568 = LINE ( 'NONE', #2473, #3581 ) ;
#2569 = EDGE_CURVE ( 'NONE', #1326, #119, #1610, .T. ) ;
#2570 = MECHANICAL_DESIGN_GEOMETRIC_PRESENTATION_REPRESENTATION (  '', ( #2021 ), #3625 ) ;
#2571 = PRESENTATION_LAYER_ASSIGNMENT (  '', '', ( #2721 ) ) ;
#2572 = DIRECTION ( 'NONE',  ( -1.000000000000000000, -0.000000000000000000, -0.000000000000000000 ) ) ;
#2573 = SURFACE_STYLE_USAGE ( .BOTH. , #2548 ) ;
#2574 = FACE_OUTER_BOUND ( 'NONE', #3575, .T. ) ;
#2575 = LINE ( 'NONE', #2624, #1340 ) ;
#2576 = SURFACE_SIDE_STYLE ('',( #3589 ) ) ;
#2577 = ORIENTED_EDGE ( 'NONE', *, *, #3352, .T. ) ;
#2578 = SURFACE_STYLE_USAGE ( .BOTH. , #3228 ) ;
#2579 = ORIENTED_EDGE ( 'NONE', *, *, #1139, .T. ) ;
#2580 = DIRECTION ( 'NONE',  ( 1.000000000000000000, 0.000000000000000000, 0.000000000000000000 ) ) ;
#2581 = EDGE_LOOP ( 'NONE', ( #1435, #44, #753, #2933 ) ) ;
#2582 = CARTESIAN_POINT ( 'NONE',  ( 0.5250000000000000222, -1.000000000000000000, 0.1300000000000000044 ) ) ;
#2583 =( LENGTH_UNIT ( ) NAMED_UNIT ( * ) SI_UNIT ( .MILLI., .METRE. ) );
#2584 = ORIENTED_EDGE ( 'NONE', *, *, #516, .F. ) ;
#2585 = EDGE_LOOP ( 'NONE', ( #2472, #1572, #2792, #3663 ) ) ;
#2586 = VECTOR ( 'NONE', #1094, 1000.000000000000000 ) ;
#2587 = PRESENTATION_STYLE_ASSIGNMENT (( #931 ) ) ;
#2588 =( NAMED_UNIT ( * ) PLANE_ANGLE_UNIT ( ) SI_UNIT ( $, .RADIAN. ) );
#2589 = DIRECTION ( 'NONE',  ( 1.000000000000000000, 0.000000000000000000, 0.000000000000000000 ) ) ;
#2590 = MECHANICAL_DESIGN_GEOMETRIC_PRESENTATION_REPRESENTATION (  '', ( #2451 ), #3151 ) ;
#2591 = VECTOR ( 'NONE', #3319, 1000.000000000000000 ) ;
#2592 = EDGE_CURVE ( 'NONE', #3187, #3088, #3524, .T. ) ;
#2593 = CARTESIAN_POINT ( 'NONE',  ( 0.7750000000000001332, 1.000000000000000000, 0.1300000000000000044 ) ) ;
#2594 = DIRECTION ( 'NONE',  ( 0.000000000000000000, 0.000000000000000000, -1.000000000000000000 ) ) ;
#2595 = UNCERTAINTY_MEASURE_WITH_UNIT (LENGTH_MEASURE( 1.000000000000000082E-05 ), #3859, 'distance_accuracy_value', 'NONE');
#2596 = PRESENTATION_STYLE_ASSIGNMENT (( #2259 ) ) ;
#2597 = CARTESIAN_POINT ( 'NONE',  ( 0.7750000000000001332, -1.000000000000000000, -0.05000000000000000278 ) ) ;
#2598 = CARTESIAN_POINT ( 'NONE',  ( 0.2250000000000000333, 0.4000000000000000222, 0.1300000000000000044 ) ) ;
#2599 = VERTEX_POINT ( 'NONE', #589 ) ;
#2600 = FILL_AREA_STYLE ('',( #1274 ) ) ;
#2601 = EDGE_CURVE ( 'NONE', #816, #1653, #4247, .T. ) ;
#2602 =( NAMED_UNIT ( * ) SI_UNIT ( $, .STERADIAN. ) SOLID_ANGLE_UNIT ( ) );
#2603 = AXIS2_PLACEMENT_3D ( 'NONE', #17, #744, #3391 ) ;
#2604 = VECTOR ( 'NONE', #941, 1000.000000000000000 ) ;
#2605 = DIRECTION ( 'NONE',  ( 1.000000000000000000, 0.000000000000000000, -0.000000000000000000 ) ) ;
#2606 = ORIENTED_EDGE ( 'NONE', *, *, #2120, .T. ) ;
#2607 = PLANE ( 'NONE',  #2313 ) ;
#2608 = CARTESIAN_POINT ( 'NONE',  ( -0.5249999999999999112, -0.7000000000000000666, -0.05000000000000000278 ) ) ;
#2609 = CARTESIAN_POINT ( 'NONE',  ( -0.7749999999999999112, 1.000000000000000000, 0.000000000000000000 ) ) ;
#2610 = ORIENTED_EDGE ( 'NONE', *, *, #2182, .T. ) ;
#2611 = ORIENTED_EDGE ( 'NONE', *, *, #1197, .T. ) ;
#2612 = VERTEX_POINT ( 'NONE', #3568 ) ;
#2613 = LINE ( 'NONE', #578, #1512 ) ;
#2614 = LINE ( 'NONE', #933, #1955 ) ;
#2615 = DIRECTION ( 'NONE',  ( 0.000000000000000000, 0.000000000000000000, -1.000000000000000000 ) ) ;
#2617 = PLANE ( 'NONE',  #3382 ) ;
#2616 = FILL_AREA_STYLE ('',( #3880 ) ) ;
#2618 = STYLED_ITEM ( 'NONE', ( #2596 ), #1915 ) ;
#2619 = FACE_OUTER_BOUND ( 'NONE', #2067, .T. ) ;
#2620 = ADVANCED_FACE ( 'NONE', ( #2889 ), #2218, .F. ) ;
#2621 = EDGE_CURVE ( 'NONE', #645, #144, #1680, .T. ) ;
#2622 = MANIFOLD_SOLID_BREP ( 'Boss-Extrude2[4]', #2693 ) ;
#2623 = ADVANCED_FACE ( 'NONE', ( #503 ), #3186, .T. ) ;
#2624 = CARTESIAN_POINT ( 'NONE',  ( -0.3250000000000000111, 0.5000000000000000000, 0.1300000000000000044 ) ) ;
#2625 = FACE_OUTER_BOUND ( 'NONE', #1454, .T. ) ;
#2626 = VERTEX_POINT ( 'NONE', #3652 ) ;
#2627 = CLOSED_SHELL ( 'NONE', ( #460, #3706, #2861, #2735, #3360, #701, #1931, #3638, #1540, #4262 ) ) ;
#2628 = LINE ( 'NONE', #899, #3049 ) ;
#2629 = MANIFOLD_SOLID_BREP ( 'Cut-Extrude2', #438 ) ;
#2630 = LINE ( 'NONE', #3934, #2358 ) ;
#2631 = ORIENTED_EDGE ( 'NONE', *, *, #3272, .T. ) ;
#2632 =( GEOMETRIC_REPRESENTATION_CONTEXT ( 3 ) GLOBAL_UNCERTAINTY_ASSIGNED_CONTEXT ( ( #87 ) ) GLOBAL_UNIT_ASSIGNED_CONTEXT ( ( #4277, #3623, #3298 ) ) REPRESENTATION_CONTEXT ( 'NONE', 'WORKASPACE' ) );
#2633 = CARTESIAN_POINT ( 'NONE',  ( -0.1249999999999998890, 0.7000000000000000666, 0.1300000000000000044 ) ) ;
#2634 =( NAMED_UNIT ( * ) PLANE_ANGLE_UNIT ( ) SI_UNIT ( $, .RADIAN. ) );
#2635 = EDGE_CURVE ( 'NONE', #3551, #3961, #1417, .T. ) ;
#2636 = FILL_AREA_STYLE_COLOUR ( '', #2452 ) ;
#2637 = STYLED_ITEM ( 'NONE', ( #2772 ), #679 ) ;
#2638 = ORIENTED_EDGE ( 'NONE', *, *, #2256, .F. ) ;
#2639 = ORIENTED_EDGE ( 'NONE', *, *, #1112, .F. ) ;
#2640 = MECHANICAL_DESIGN_GEOMETRIC_PRESENTATION_REPRESENTATION (  '', ( #185 ), #794 ) ;
#2641 = SURFACE_SIDE_STYLE ('',( #2331 ) ) ;
#2642 = CARTESIAN_POINT ( 'NONE',  ( 0.5250000000000000222, 0.7000000000000000666, 0.000000000000000000 ) ) ;
#2643 = AXIS2_PLACEMENT_3D ( 'NONE', #2180, #2494, #171 ) ;
#2644 = AXIS2_PLACEMENT_3D ( 'NONE', #158, #2103, #2123 ) ;
#2645 = UNCERTAINTY_MEASURE_WITH_UNIT (LENGTH_MEASURE( 1.000000000000000082E-05 ), #3454, 'distance_accuracy_value', 'NONE');
#2646 = PRESENTATION_STYLE_ASSIGNMENT (( #3882 ) ) ;
#2647 = DIRECTION ( 'NONE',  ( 1.000000000000000000, 0.000000000000000000, 0.000000000000000000 ) ) ;
#2648 = ORIENTED_EDGE ( 'NONE', *, *, #3376, .T. ) ;
#2649 = SURFACE_STYLE_FILL_AREA ( #1975 ) ;
#2650 = CARTESIAN_POINT ( 'NONE',  ( -0.7500000000000000000, -0.7500000000000000000, 0.5549999999999999378 ) ) ;
#2651 =( GEOMETRIC_REPRESENTATION_CONTEXT ( 3 ) GLOBAL_UNCERTAINTY_ASSIGNED_CONTEXT ( ( #697 ) ) GLOBAL_UNIT_ASSIGNED_CONTEXT ( ( #910, #3260, #222 ) ) REPRESENTATION_CONTEXT ( 'NONE', 'WORKASPACE' ) );
#2652 = PLANE ( 'NONE',  #3130 ) ;
#2653 = VERTEX_POINT ( 'NONE', #2060 ) ;
#2654 = CARTESIAN_POINT ( 'NONE',  ( -0.3250000000000000111, -0.5000000000000000000, 0.1300000000000000044 ) ) ;
#2655 = ORIENTED_EDGE ( 'NONE', *, *, #1865, .T. ) ;
#2656 = FILL_AREA_STYLE ('',( #2724 ) ) ;
#2657 = EDGE_LOOP ( 'NONE', ( #3681, #380, #4233, #332 ) ) ;
#2658 = ORIENTED_EDGE ( 'NONE', *, *, #1041, .F. ) ;
#2659 = DIRECTION ( 'NONE',  ( -0.000000000000000000, -0.000000000000000000, -1.000000000000000000 ) ) ;
#2660 = CARTESIAN_POINT ( 'NONE',  ( 0.3250000000000000111, -0.4000000000000000222, 0.1300000000000000044 ) ) ;
#2661 = SURFACE_STYLE_USAGE ( .BOTH. , #558 ) ;
#2662 = AXIS2_PLACEMENT_3D ( 'NONE', #2793, #447, #3092 ) ;
#2663 = LINE ( 'NONE', #2075, #1014 ) ;
#2664 = STYLED_ITEM ( 'NONE', ( #1191 ), #4144 ) ;
#2665 =( NAMED_UNIT ( * ) PLANE_ANGLE_UNIT ( ) SI_UNIT ( $, .RADIAN. ) );
#2666 = CIRCLE ( 'NONE', #3890, 0.1250000000000000000 ) ;
#2667 = MECHANICAL_DESIGN_GEOMETRIC_PRESENTATION_REPRESENTATION (  '', ( #3755 ), #2186 ) ;
#2668 = MECHANICAL_DESIGN_GEOMETRIC_PRESENTATION_REPRESENTATION (  '', ( #2116 ), #3674 ) ;
#2669 = LINE ( 'NONE', #2952, #492 ) ;
#2670 = ORIENTED_EDGE ( 'NONE', *, *, #593, .T. ) ;
#2671 = SURFACE_STYLE_USAGE ( .BOTH. , #3015 ) ;
#2672 = EDGE_CURVE ( 'NONE', #1138, #3980, #3974, .T. ) ;
#2673 = SURFACE_STYLE_USAGE ( .BOTH. , #373 ) ;
#2674 = VERTEX_POINT ( 'NONE', #292 ) ;
#2675 = PLANE ( 'NONE',  #2643 ) ;
#2676 = ORIENTED_EDGE ( 'NONE', *, *, #1, .F. ) ;
#2677 = CARTESIAN_POINT ( 'NONE',  ( -0.5249999999999999112, -0.7000000000000000666, 0.1300000000000000044 ) ) ;
#2678 = ADVANCED_FACE ( 'NONE', ( #2625 ), #676, .T. ) ;
#2679 = ADVANCED_FACE ( 'NONE', ( #3947 ), #963, .F. ) ;
#2680 = ORIENTED_EDGE ( 'NONE', *, *, #3328, .T. ) ;
#2681 = SURFACE_STYLE_USAGE ( .BOTH. , #3318 ) ;
#2682 = PLANE ( 'NONE',  #3310 ) ;
#2683 = DIRECTION ( 'NONE',  ( -0.000000000000000000, 0.000000000000000000, -1.000000000000000000 ) ) ;
#2684 = LINE ( 'NONE', #3711, #4000 ) ;
#2686 =( NAMED_UNIT ( * ) SI_UNIT ( $, .STERADIAN. ) SOLID_ANGLE_UNIT ( ) );
#2685 =( LENGTH_UNIT ( ) NAMED_UNIT ( * ) SI_UNIT ( .MILLI., .METRE. ) );
#2687 = LINE ( 'NONE', #57, #2045 ) ;
#2688 = VECTOR ( 'NONE', #4038, 1000.000000000000000 ) ;
#2689 = DIRECTION ( 'NONE',  ( -1.000000000000000000, 0.000000000000000000, -0.000000000000000000 ) ) ;
#2690 = FILL_AREA_STYLE ('',( #2014 ) ) ;
#2691 = ORIENTED_EDGE ( 'NONE', *, *, #2672, .F. ) ;
#2692 = UNCERTAINTY_MEASURE_WITH_UNIT (LENGTH_MEASURE( 1.000000000000000082E-05 ), #265, 'distance_accuracy_value', 'NONE');
#2693 = CLOSED_SHELL ( 'NONE', ( #4208, #784, #2678, #444, #2400, #2279 ) ) ;
#2694 = SURFACE_STYLE_USAGE ( .BOTH. , #2718 ) ;
#2695 = FILL_AREA_STYLE ('',( #333 ) ) ;
#2696 = VERTEX_POINT ( 'NONE', #2083 ) ;
#2697 = SURFACE_STYLE_FILL_AREA ( #1767 ) ;
#2698 = ORIENTED_EDGE ( 'NONE', *, *, #3022, .F. ) ;
#2699 = PRESENTATION_STYLE_ASSIGNMENT (( #2328 ) ) ;
#2700 = EDGE_CURVE ( 'NONE', #4237, #1521, #2146, .T. ) ;
#2701 = VERTEX_POINT ( 'NONE', #111 ) ;
#2702 =( NAMED_UNIT ( * ) PLANE_ANGLE_UNIT ( ) SI_UNIT ( $, .RADIAN. ) );
#2703 = DIRECTION ( 'NONE',  ( 1.000000000000000000, 0.000000000000000000, 0.000000000000000000 ) ) ;
#2704 = MANIFOLD_SOLID_BREP ( 'Boss-Extrude2[3]', #173 ) ;
#2705 = AXIS2_PLACEMENT_3D ( 'NONE', #1135, #151, #4168 ) ;
#2706 =( GEOMETRIC_REPRESENTATION_CONTEXT ( 3 ) GLOBAL_UNCERTAINTY_ASSIGNED_CONTEXT ( ( #3407 ) ) GLOBAL_UNIT_ASSIGNED_CONTEXT ( ( #1250, #192, #1224 ) ) REPRESENTATION_CONTEXT ( 'NONE', 'WORKASPACE' ) );
#2707 = DIRECTION ( 'NONE',  ( -1.000000000000000000, 0.000000000000000000, 0.000000000000000000 ) ) ;
#2709 = LINE ( 'NONE', #4011, #1381 ) ;
#2708 = CARTESIAN_POINT ( 'NONE',  ( 0.7750000000000001332, 0.7000000000000000666, 0.1300000000000000044 ) ) ;
#2710 = CARTESIAN_POINT ( 'NONE',  ( 0.7249999999999997558, 0.5000000000000000000, 0.1300000000000000044 ) ) ;
#2711 = EDGE_CURVE ( 'NONE', #2828, #1387, #3278, .T. ) ;
#2712 = CARTESIAN_POINT ( 'NONE',  ( -0.7749999999999999112, -0.7000000000000000666, 0.1300000000000000044 ) ) ;
#2713 = FILL_AREA_STYLE_COLOUR ( '', #4324 ) ;
#2714 = STYLED_ITEM ( 'NONE', ( #3725 ), #3742 ) ;
#2715 = AXIS2_PLACEMENT_3D ( 'NONE', #121, #2136, #2791 ) ;
#2716 = DIRECTION ( 'NONE',  ( 0.000000000000000000, -1.000000000000000000, 0.000000000000000000 ) ) ;
#2717 = VECTOR ( 'NONE', #486, 1000.000000000000000 ) ;
#2718 = SURFACE_SIDE_STYLE ('',( #4088 ) ) ;
#2719 = SURFACE_STYLE_USAGE ( .BOTH. , #1320 ) ;
#2720 = ORIENTED_EDGE ( 'NONE', *, *, #3511, .T. ) ;
#2721 = STYLED_ITEM ( 'NONE', ( #2483 ), #890 ) ;
#2722 = DIRECTION ( 'NONE',  ( -1.000000000000000000, 0.000000000000000000, -0.000000000000000000 ) ) ;
#2723 = EDGE_LOOP ( 'NONE', ( #2564, #2424, #3833, #2002 ) ) ;
#2724 = FILL_AREA_STYLE_COLOUR ( '', #2487 ) ;
#2725 = EDGE_LOOP ( 'NONE', ( #1941, #2091, #1152, #510 ) ) ;
#2726 = FILL_AREA_STYLE_COLOUR ( '', #2164 ) ;
#2727 = FACE_OUTER_BOUND ( 'NONE', #775, .T. ) ;
#2728 =( NAMED_UNIT ( * ) SI_UNIT ( $, .STERADIAN. ) SOLID_ANGLE_UNIT ( ) );
#2729 = EDGE_CURVE ( 'NONE', #568, #1111, #86, .T. ) ;
#2730 = FILL_AREA_STYLE_COLOUR ( '', #1084 ) ;
#2732 = DIRECTION ( 'NONE',  ( 0.000000000000000000, 1.000000000000000000, 0.000000000000000000 ) ) ;
#2731 = PRESENTATION_STYLE_ASSIGNMENT (( #325 ) ) ;
#2733 = UNCERTAINTY_MEASURE_WITH_UNIT (LENGTH_MEASURE( 1.000000000000000082E-05 ), #3000, 'distance_accuracy_value', 'NONE');
#2734 = SURFACE_STYLE_USAGE ( .BOTH. , #3362 ) ;
#2735 = ADVANCED_FACE ( 'NONE', ( #811 ), #1429, .T. ) ;
#2736 = MECHANICAL_DESIGN_GEOMETRIC_PRESENTATION_REPRESENTATION (  '', ( #2445 ), #3886 ) ;
#2737 = STYLED_ITEM ( 'NONE', ( #1009 ), #2861 ) ;
#2738 =( LENGTH_UNIT ( ) NAMED_UNIT ( * ) SI_UNIT ( .MILLI., .METRE. ) );
#2739 = UNCERTAINTY_MEASURE_WITH_UNIT (LENGTH_MEASURE( 1.000000000000000082E-05 ), #1761, 'distance_accuracy_value', 'NONE');
#2740 =( LENGTH_UNIT ( ) NAMED_UNIT ( * ) SI_UNIT ( .MILLI., .METRE. ) );
#2741 = VECTOR ( 'NONE', #4118, 1000.000000000000000 ) ;
#2742 = DIRECTION ( 'NONE',  ( 0.000000000000000000, 0.000000000000000000, -1.000000000000000000 ) ) ;
#2743 = ORIENTED_EDGE ( 'NONE', *, *, #3946, .T. ) ;
#2744 = DIRECTION ( 'NONE',  ( 0.000000000000000000, 0.000000000000000000, -1.000000000000000000 ) ) ;
#2745 = ORIENTED_EDGE ( 'NONE', *, *, #856, .F. ) ;
#2746 = FACE_BOUND ( 'NONE', #1222, .T. ) ;
#2747 = EDGE_LOOP ( 'NONE', ( #2606, #3953, #2745, #980 ) ) ;
#2748 = CARTESIAN_POINT ( 'NONE',  ( 0.3250000000000000111, -0.4000000000000000222, 0.1300000000000000044 ) ) ;
#2749 = DIRECTION ( 'NONE',  ( -0.000000000000000000, -0.000000000000000000, -1.000000000000000000 ) ) ;
#2750 = DIRECTION ( 'NONE',  ( 0.000000000000000000, 1.000000000000000000, 0.000000000000000000 ) ) ;
#2751 = CIRCLE ( 'NONE', #2201, 0.1250000000000000000 ) ;
#2752 = DIRECTION ( 'NONE',  ( 0.000000000000000000, -0.000000000000000000, 1.000000000000000000 ) ) ;
#2753 = LINE ( 'NONE', #4050, #935 ) ;
#2754 = FILL_AREA_STYLE ('',( #2125 ) ) ;
#2755 = DIRECTION ( 'NONE',  ( 1.000000000000000000, 6.776263578034403945E-17, -0.000000000000000000 ) ) ;
#2756 = DIRECTION ( 'NONE',  ( -1.000000000000000000, -0.000000000000000000, -0.000000000000000000 ) ) ;
#2758 = DIRECTION ( 'NONE',  ( -0.000000000000000000, -0.000000000000000000, 1.000000000000000000 ) ) ;
#2757 = CARTESIAN_POINT ( 'NONE',  ( -0.3250000000000000111, -0.5000000000000000000, 0.1300000000000000044 ) ) ;
#2759 = EDGE_CURVE ( 'NONE', #4258, #1327, #2258, .T. ) ;
#2760 = EDGE_CURVE ( 'NONE', #2929, #2701, #1267, .T. ) ;
#2761 = ADVANCED_FACE ( 'NONE', ( #164 ), #3544, .T. ) ;
#2762 = EDGE_CURVE ( 'NONE', #3744, #2599, #523, .T. ) ;
#2763 = LINE ( 'NONE', #2401, #2717 ) ;
#2764 = ORIENTED_EDGE ( 'NONE', *, *, #970, .T. ) ;
#2765 = ORIENTED_EDGE ( 'NONE', *, *, #650, .F. ) ;
#2766 = LINE ( 'NONE', #1090, #3791 ) ;
#2767 = VECTOR ( 'NONE', #2997, 1000.000000000000000 ) ;
#2768 = EDGE_LOOP ( 'NONE', ( #4090, #3749, #426, #1682 ) ) ;
#2769 = DIRECTION ( 'NONE',  ( -1.000000000000000000, 0.000000000000000000, 0.000000000000000000 ) ) ;
#2770 =( NAMED_UNIT ( * ) PLANE_ANGLE_UNIT ( ) SI_UNIT ( $, .RADIAN. ) );
#2771 = CARTESIAN_POINT ( 'NONE',  ( 0.7249999999999997558, 0.3999999999999999667, 0.1300000000000000044 ) ) ;
#2772 = PRESENTATION_STYLE_ASSIGNMENT (( #1443 ) ) ;
#2773 = ORIENTED_EDGE ( 'NONE', *, *, #1399, .T. ) ;
#2774 = VECTOR ( 'NONE', #3356, 1000.000000000000000 ) ;
#2775 = DIRECTION ( 'NONE',  ( 1.000000000000000000, -0.000000000000000000, -0.000000000000000000 ) ) ;
#2776 = PRESENTATION_LAYER_ASSIGNMENT (  '', '', ( #307 ) ) ;
#2777 = VECTOR ( 'NONE', #2323, 1000.000000000000000 ) ;
#2778 = STYLED_ITEM ( 'NONE', ( #2161 ), #2992 ) ;
#2779 = DIRECTION ( 'NONE',  ( -1.000000000000000000, 0.000000000000000000, 0.000000000000000000 ) ) ;
#2780 =( NAMED_UNIT ( * ) PLANE_ANGLE_UNIT ( ) SI_UNIT ( $, .RADIAN. ) );
#2781 = VECTOR ( 'NONE', #3460, 1000.000000000000000 ) ;
#2782 = COLOUR_RGB ( '',1.000000000000000000, 1.000000000000000000, 1.000000000000000000 ) ;
#2783 = DIRECTION ( 'NONE',  ( 1.000000000000000000, -0.000000000000000000, 0.000000000000000000 ) ) ;
#2784 = FILL_AREA_STYLE ('',( #722 ) ) ;
#2785 = ORIENTED_EDGE ( 'NONE', *, *, #329, .T. ) ;
#2786 = LINE ( 'NONE', #68, #2354 ) ;
#2787 = EDGE_LOOP ( 'NONE', ( #1481, #886, #3313, #3317, #167, #3037, #1200, #3233 ) ) ;
#2788 = VECTOR ( 'NONE', #2925, 1000.000000000000000 ) ;
#2789 = ADVANCED_FACE ( 'NONE', ( #2864 ), #3224, .F. ) ;
#2790 = PRESENTATION_LAYER_ASSIGNMENT (  '', '', ( #323 ) ) ;
#2791 = DIRECTION ( 'NONE',  ( 0.000000000000000000, -0.000000000000000000, -1.000000000000000000 ) ) ;
#2792 = ORIENTED_EDGE ( 'NONE', *, *, #204, .T. ) ;
#2793 = CARTESIAN_POINT ( 'NONE',  ( 0.000000000000000000, 0.000000000000000000, 0.1300000000000000044 ) ) ;
#2794 = DIRECTION ( 'NONE',  ( -1.000000000000000000, 0.000000000000000000, 0.000000000000000000 ) ) ;
#2795 = DIRECTION ( 'NONE',  ( 1.000000000000000000, 0.000000000000000000, 0.000000000000000000 ) ) ;
#2796 = LINE ( 'NONE', #779, #3256 ) ;
#2797 = VERTEX_POINT ( 'NONE', #4155 ) ;
#2798 = SURFACE_SIDE_STYLE ('',( #1142 ) ) ;
#2799 = SURFACE_SIDE_STYLE ('',( #1470 ) ) ;
#2800 = LINE ( 'NONE', #3815, #1656 ) ;
#2801 = AXIS2_PLACEMENT_3D ( 'NONE', #2748, #1820, #2769 ) ;
#2802 = ORIENTED_EDGE ( 'NONE', *, *, #1112, .T. ) ;
#2803 = CARTESIAN_POINT ( 'NONE',  ( -0.5249999999999999112, -1.000000000000000000, 0.1300000000000000044 ) ) ;
#2804 = VERTEX_POINT ( 'NONE', #872 ) ;
#2805 = ORIENTED_EDGE ( 'NONE', *, *, #4087, .T. ) ;
#2806 = VECTOR ( 'NONE', #1553, 1000.000000000000000 ) ;
#2807 = AXIS2_PLACEMENT_3D ( 'NONE', #392, #2755, #4328 ) ;
#2808 =( GEOMETRIC_REPRESENTATION_CONTEXT ( 3 ) GLOBAL_UNCERTAINTY_ASSIGNED_CONTEXT ( ( #3794 ) ) GLOBAL_UNIT_ASSIGNED_CONTEXT ( ( #1893, #852, #892 ) ) REPRESENTATION_CONTEXT ( 'NONE', 'WORKASPACE' ) );
#2809 = EDGE_CURVE ( 'NONE', #4120, #4131, #2216, .T. ) ;
#2810 = ORIENTED_EDGE ( 'NONE', *, *, #1988, .T. ) ;
#2811 = SURFACE_STYLE_USAGE ( .BOTH. , #2096 ) ;
#2812 = SURFACE_SIDE_STYLE ('',( #124 ) ) ;
#2813 =( NAMED_UNIT ( * ) PLANE_ANGLE_UNIT ( ) SI_UNIT ( $, .RADIAN. ) );
#2814 = ORIENTED_EDGE ( 'NONE', *, *, #4234, .T. ) ;
#2815 = EDGE_CURVE ( 'NONE', #1850, #1766, #1192, .T. ) ;
#2816 = ADVANCED_FACE ( 'NONE', ( #246 ), #3242, .F. ) ;
#2817 = VERTEX_POINT ( 'NONE', #1947 ) ;
#2818 = DIRECTION ( 'NONE',  ( -1.000000000000000000, -0.000000000000000000, -0.000000000000000000 ) ) ;
#2819 = CARTESIAN_POINT ( 'NONE',  ( 0.3250000000000000111, -0.5000000000000000000, 0.1300000000000000044 ) ) ;
#2820 =( LENGTH_UNIT ( ) NAMED_UNIT ( * ) SI_UNIT ( .MILLI., .METRE. ) );
#2821 =( NAMED_UNIT ( * ) PLANE_ANGLE_UNIT ( ) SI_UNIT ( $, .RADIAN. ) );
#2822 = UNCERTAINTY_MEASURE_WITH_UNIT (LENGTH_MEASURE( 1.000000000000000082E-05 ), #1386, 'distance_accuracy_value', 'NONE');
#2823 = FILL_AREA_STYLE_COLOUR ( '', #2546 ) ;
#2824 = DIRECTION ( 'NONE',  ( 0.000000000000000000, 0.000000000000000000, 1.000000000000000000 ) ) ;
#2825 = DIRECTION ( 'NONE',  ( -0.000000000000000000, -0.000000000000000000, -1.000000000000000000 ) ) ;
#2826 = ORIENTED_EDGE ( 'NONE', *, *, #2759, .F. ) ;
#2827 = ORIENTED_EDGE ( 'NONE', *, *, #162, .F. ) ;
#2828 = VERTEX_POINT ( 'NONE', #2353 ) ;
#2829 = DIRECTION ( 'NONE',  ( -0.000000000000000000, -0.000000000000000000, -1.000000000000000000 ) ) ;
#2830 = FACE_OUTER_BOUND ( 'NONE', #1496, .T. ) ;
#2831 = SURFACE_STYLE_FILL_AREA ( #197 ) ;
#2832 = ORIENTED_EDGE ( 'NONE', *, *, #2569, .T. ) ;
#2833 = EDGE_CURVE ( 'NONE', #3744, #3371, #544, .T. ) ;
#2834 = AXIS2_PLACEMENT_3D ( 'NONE', #909, #498, #2858 ) ;
#2835 = CLOSED_SHELL ( 'NONE', ( #3877, #998, #4148, #1870, #1915, #2102 ) ) ;
#2836 = CARTESIAN_POINT ( 'NONE',  ( 0.8249999999999997335, -0.4000000000000000777, 0.1300000000000000044 ) ) ;
#2837 = LINE ( 'NONE', #805, #1490 ) ;
#2838 = CARTESIAN_POINT ( 'NONE',  ( -0.1249999999999998890, 1.000000000000000000, 0.1300000000000000044 ) ) ;
#2839 = VECTOR ( 'NONE', #1685, 1000.000000000000000 ) ;
#2841 = SURFACE_SIDE_STYLE ('',( #3164 ) ) ;
#2840 = DIRECTION ( 'NONE',  ( -1.000000000000000000, 0.000000000000000000, 0.000000000000000000 ) ) ;
#2842 = VECTOR ( 'NONE', #2055, 1000.000000000000000 ) ;
#2843 = DIRECTION ( 'NONE',  ( 0.000000000000000000, -1.000000000000000000, 0.000000000000000000 ) ) ;
#2844 = STYLED_ITEM ( 'NONE', ( #4073 ), #1616 ) ;
#2845 = MECHANICAL_DESIGN_GEOMETRIC_PRESENTATION_REPRESENTATION (  '', ( #936 ), #3115 ) ;
#2846 = CARTESIAN_POINT ( 'NONE',  ( 0.5250000000000000222, -0.7000000000000000666, 0.1300000000000000044 ) ) ;
#2847 = EDGE_LOOP ( 'NONE', ( #3418, #1444, #3525, #334 ) ) ;
#2848 = AXIS2_PLACEMENT_3D ( 'NONE', #3502, #1789, #1457 ) ;
#2849 = SURFACE_STYLE_USAGE ( .BOTH. , #2155 ) ;
#2850 = CARTESIAN_POINT ( 'NONE',  ( 0.000000000000000000, 0.000000000000000000, -0.05000000000000000278 ) ) ;
#2851 = ORIENTED_EDGE ( 'NONE', *, *, #1203, .T. ) ;
#2852 = FACE_OUTER_BOUND ( 'NONE', #33, .T. ) ;
#2853 = FILL_AREA_STYLE_COLOUR ( '', #1075 ) ;
#2854 = CARTESIAN_POINT ( 'NONE',  ( 0.7750000000000001332, 0.7000000000000000666, -0.05000000000000000278 ) ) ;
#2855 = PRESENTATION_LAYER_ASSIGNMENT (  '', '', ( #4231 ) ) ;
#2856 = ORIENTED_EDGE ( 'NONE', *, *, #1914, .F. ) ;
#2857 = ORIENTED_EDGE ( 'NONE', *, *, #673, .T. ) ;
#2858 = DIRECTION ( 'NONE',  ( -1.000000000000000000, 0.000000000000000000, 0.000000000000000000 ) ) ;
#2859 = CARTESIAN_POINT ( 'NONE',  ( -0.3250000000000000111, 0.4000000000000000222, -0.05000000000000000278 ) ) ;
#2860 = MECHANICAL_DESIGN_GEOMETRIC_PRESENTATION_REPRESENTATION (  '', ( #813 ), #2651 ) ;
#2861 = ADVANCED_FACE ( 'NONE', ( #3264 ), #1355, .T. ) ;
#2862 = DIRECTION ( 'NONE',  ( 0.000000000000000000, 0.000000000000000000, 1.000000000000000000 ) ) ;
#2864 = FACE_OUTER_BOUND ( 'NONE', #2343, .T. ) ;
#2863 = LINE ( 'NONE', #1831, #613 ) ;
#2865 = UNCERTAINTY_MEASURE_WITH_UNIT (LENGTH_MEASURE( 1.000000000000000082E-05 ), #1078, 'distance_accuracy_value', 'NONE');
#2866 =( LENGTH_UNIT ( ) NAMED_UNIT ( * ) SI_UNIT ( .MILLI., .METRE. ) );
#2867 = EDGE_CURVE ( 'NONE', #1663, #495, #3583, .T. ) ;
#2868 = EDGE_CURVE ( 'NONE', #2563, #2696, #2709, .T. ) ;
#2869 = ORIENTED_EDGE ( 'NONE', *, *, #3152, .F. ) ;
#2870 = ORIENTED_EDGE ( 'NONE', *, *, #1644, .T. ) ;
#2871 = VECTOR ( 'NONE', #3163, 1000.000000000000000 ) ;
#2872 =( GEOMETRIC_REPRESENTATION_CONTEXT ( 3 ) GLOBAL_UNCERTAINTY_ASSIGNED_CONTEXT ( ( #1010 ) ) GLOBAL_UNIT_ASSIGNED_CONTEXT ( ( #2905, #611, #1604 ) ) REPRESENTATION_CONTEXT ( 'NONE', 'WORKASPACE' ) );
#2873 = DIRECTION ( 'NONE',  ( 1.000000000000000000, 0.000000000000000000, 0.000000000000000000 ) ) ;
#2874 = VERTEX_POINT ( 'NONE', #2949 ) ;
#2875 = FACE_OUTER_BOUND ( 'NONE', #3031, .T. ) ;
#2876 = AXIS2_PLACEMENT_3D ( 'NONE', #2924, #3205, #541 ) ;
#2877 =( LENGTH_UNIT ( ) NAMED_UNIT ( * ) SI_UNIT ( .MILLI., .METRE. ) );
#2878 = SURFACE_SIDE_STYLE ('',( #3173 ) ) ;
#2879 = EDGE_LOOP ( 'NONE', ( #2159, #1686, #1896, #2773 ) ) ;
#2880 =( GEOMETRIC_REPRESENTATION_CONTEXT ( 3 ) GLOBAL_UNCERTAINTY_ASSIGNED_CONTEXT ( ( #1566 ) ) GLOBAL_UNIT_ASSIGNED_CONTEXT ( ( #368, #2126, #3989 ) ) REPRESENTATION_CONTEXT ( 'NONE', 'WORKASPACE' ) );
#2881 = MECHANICAL_DESIGN_GEOMETRIC_PRESENTATION_REPRESENTATION (  '', ( #416 ), #3477 ) ;
#2882 = LINE ( 'NONE', #200, #2497 ) ;
#2883 = FILL_AREA_STYLE ('',( #182 ) ) ;
#2884 = CARTESIAN_POINT ( 'NONE',  ( 0.8249999999999997335, 0.3999999999999999667, 0.1300000000000000044 ) ) ;
#2885 = CARTESIAN_POINT ( 'NONE',  ( -1.000000000000000000, 1.000000000000000000, 0.000000000000000000 ) ) ;
#2886 = CYLINDRICAL_SURFACE ( 'NONE', #1414, 0.09999999999999999167 ) ;
#2887 = ADVANCED_FACE ( 'NONE', ( #3345 ), #2335, .T. ) ;
#2888 = SURFACE_STYLE_USAGE ( .BOTH. , #142 ) ;
#2889 = FACE_OUTER_BOUND ( 'NONE', #802, .T. ) ;
#2890 = ORIENTED_EDGE ( 'NONE', *, *, #3176, .F. ) ;
#2891 = ADVANCED_FACE ( 'NONE', ( #1034 ), #2617, .T. ) ;
#2892 = CARTESIAN_POINT ( 'NONE',  ( -0.5249999999999999112, 0.7000000000000000666, 0.1300000000000000044 ) ) ;
#2893 = EDGE_LOOP ( 'NONE', ( #1684, #3781, #430, #2513, #2972, #3996, #2450, #4315, #2917, #2050, #1917, #376, #2269, #2913, #2975, #656 ) ) ;
#2894 =( LENGTH_UNIT ( ) NAMED_UNIT ( * ) SI_UNIT ( .MILLI., .METRE. ) );
#2895 = DIRECTION ( 'NONE',  ( -1.000000000000000000, -0.000000000000000000, -0.000000000000000000 ) ) ;
#2896 = EDGE_CURVE ( 'NONE', #2219, #645, #3468, .T. ) ;
#2897 = CARTESIAN_POINT ( 'NONE',  ( 0.000000000000000000, 0.000000000000000000, 0.1300000000000000044 ) ) ;
#2898 = EDGE_LOOP ( 'NONE', ( #2577, #1788, #26, #3677 ) ) ;
#2899 =( GEOMETRIC_REPRESENTATION_CONTEXT ( 3 ) GLOBAL_UNCERTAINTY_ASSIGNED_CONTEXT ( ( #3332 ) ) GLOBAL_UNIT_ASSIGNED_CONTEXT ( ( #939, #4245, #4200 ) ) REPRESENTATION_CONTEXT ( 'NONE', 'WORKASPACE' ) );
#2900 = DIRECTION ( 'NONE',  ( 1.000000000000000000, 0.000000000000000000, 0.000000000000000000 ) ) ;
#2901 = LINE ( 'NONE', #4218, #2141 ) ;
#2902 = AXIS2_PLACEMENT_3D ( 'NONE', #1567, #1651, #1948 ) ;
#2903 = CLOSED_SHELL ( 'NONE', ( #3695, #1713, #913, #2623 ) ) ;
#2904 = FACE_OUTER_BOUND ( 'NONE', #1855, .T. ) ;
#2906 = CARTESIAN_POINT ( 'NONE',  ( -0.7500000000000000000, -0.7500000000000000000, 0.5549999999999999378 ) ) ;
#2905 =( LENGTH_UNIT ( ) NAMED_UNIT ( * ) SI_UNIT ( .MILLI., .METRE. ) );
#2907 = UNCERTAINTY_MEASURE_WITH_UNIT (LENGTH_MEASURE( 1.000000000000000082E-05 ), #2685, 'distance_accuracy_value', 'NONE');
#2908 = DIRECTION ( 'NONE',  ( 0.000000000000000000, -0.000000000000000000, 1.000000000000000000 ) ) ;
#2909 = VERTEX_POINT ( 'NONE', #1483 ) ;
#2910 = VECTOR ( 'NONE', #1921, 1000.000000000000000 ) ;
#2911 = AXIS2_PLACEMENT_3D ( 'NONE', #739, #1353, #1375 ) ;
#2912 = MECHANICAL_DESIGN_GEOMETRIC_PRESENTATION_REPRESENTATION (  '', ( #2493 ), #871 ) ;
#2913 = ORIENTED_EDGE ( 'NONE', *, *, #699, .F. ) ;
#2914 = DIRECTION ( 'NONE',  ( -0.000000000000000000, -0.000000000000000000, -1.000000000000000000 ) ) ;
#2915 = SURFACE_SIDE_STYLE ('',( #927 ) ) ;
#2916 = ORIENTED_EDGE ( 'NONE', *, *, #2601, .T. ) ;
#2917 = ORIENTED_EDGE ( 'NONE', *, *, #1403, .T. ) ;
#2918 = ADVANCED_FACE ( 'NONE', ( #3785 ), #4116, .F. ) ;
#2919 = FACE_OUTER_BOUND ( 'NONE', #2243, .T. ) ;
#2920 = VECTOR ( 'NONE', #3236, 1000.000000000000000 ) ;
#2921 = DIRECTION ( 'NONE',  ( 0.000000000000000000, 0.000000000000000000, -1.000000000000000000 ) ) ;
#2922 = CARTESIAN_POINT ( 'NONE',  ( -0.1249999999999998890, -1.000000000000000000, 0.1300000000000000044 ) ) ;
#2923 = EDGE_CURVE ( 'NONE', #1815, #3501, #3450, .T. ) ;
#2924 = CARTESIAN_POINT ( 'NONE',  ( 0.000000000000000000, 0.000000000000000000, 0.1300000000000000044 ) ) ;
#2925 = DIRECTION ( 'NONE',  ( -0.000000000000000000, -1.000000000000000000, -0.000000000000000000 ) ) ;
#2926 = ORIENTED_EDGE ( 'NONE', *, *, #3797, .F. ) ;
#2927 = FACE_OUTER_BOUND ( 'NONE', #2893, .T. ) ;
#2928 = DIRECTION ( 'NONE',  ( 1.000000000000000000, 0.000000000000000000, 0.000000000000000000 ) ) ;
#2929 = VERTEX_POINT ( 'NONE', #844 ) ;
#2930 = DIRECTION ( 'NONE',  ( -1.000000000000000000, -0.000000000000000000, -0.000000000000000000 ) ) ;
#2931 = DIRECTION ( 'NONE',  ( 0.000000000000000000, 0.000000000000000000, 1.000000000000000000 ) ) ;
#2932 =( LENGTH_UNIT ( ) NAMED_UNIT ( * ) SI_UNIT ( .MILLI., .METRE. ) );
#2933 = ORIENTED_EDGE ( 'NONE', *, *, #3956, .T. ) ;
#2934 = EDGE_LOOP ( 'NONE', ( #462, #2241, #198, #2995, #1952, #1726, #548, #1361 ) ) ;
#2935 = VECTOR ( 'NONE', #1439, 1000.000000000000000 ) ;
#2936 = EDGE_CURVE ( 'NONE', #4294, #410, #3712, .T. ) ;
#2937 = FACE_OUTER_BOUND ( 'NONE', #2137, .T. ) ;
#2938 =( NAMED_UNIT ( * ) PLANE_ANGLE_UNIT ( ) SI_UNIT ( $, .RADIAN. ) );
#2939 = ADVANCED_FACE ( 'NONE', ( #2852 ), #3156, .F. ) ;
#2940 = PRESENTATION_STYLE_ASSIGNMENT (( #3539 ) ) ;
#2941 = PLANE ( 'NONE',  #1397 ) ;
#2942 = COLOUR_RGB ( '',0.7921568627450980005, 0.8196078431372548767, 0.9333333333333333481 ) ;
#2943 = PRESENTATION_LAYER_ASSIGNMENT (  '', '', ( #3282 ) ) ;
#2944 = VECTOR ( 'NONE', #700, 1000.000000000000000 ) ;
#2945 = VECTOR ( 'NONE', #1242, 1000.000000000000000 ) ;
#2946 = ADVANCED_FACE ( 'NONE', ( #715 ), #2395, .T. ) ;
#2947 = AXIS2_PLACEMENT_3D ( 'NONE', #1079, #3112, #1166 ) ;
#2948 = LINE ( 'NONE', #2885, #4142 ) ;
#2949 = CARTESIAN_POINT ( 'NONE',  ( 1.000000000000000000, 1.000000000000000000, 0.000000000000000000 ) ) ;
#2950 = UNCERTAINTY_MEASURE_WITH_UNIT (LENGTH_MEASURE( 1.000000000000000082E-05 ), #387, 'distance_accuracy_value', 'NONE');
#2951 = EDGE_CURVE ( 'NONE', #1296, #1162, #3052, .T. ) ;
#2952 = CARTESIAN_POINT ( 'NONE',  ( -0.7749999999999999112, 0.7000000000000000666, -0.05000000000000000278 ) ) ;
#2953 =( NAMED_UNIT ( * ) SI_UNIT ( $, .STERADIAN. ) SOLID_ANGLE_UNIT ( ) );
#2954 = EDGE_LOOP ( 'NONE', ( #385, #3042, #2456, #3095 ) ) ;
#2955 = FACE_OUTER_BOUND ( 'NONE', #1328, .T. ) ;
#2956 = LINE ( 'NONE', #1552, #724 ) ;
#2957 = STYLED_ITEM ( 'NONE', ( #3839 ), #417 ) ;
#2958 = DIRECTION ( 'NONE',  ( -1.000000000000000000, 0.000000000000000000, -0.000000000000000000 ) ) ;
#2959 = ORIENTED_EDGE ( 'NONE', *, *, #1144, .T. ) ;
#2960 = CARTESIAN_POINT ( 'NONE',  ( 0.5250000000000000222, 1.000000000000000000, 0.1300000000000000044 ) ) ;
#2961 =( NAMED_UNIT ( * ) SI_UNIT ( $, .STERADIAN. ) SOLID_ANGLE_UNIT ( ) );
#2962 =( NAMED_UNIT ( * ) SI_UNIT ( $, .STERADIAN. ) SOLID_ANGLE_UNIT ( ) );
#2963 = ORIENTED_EDGE ( 'NONE', *, *, #809, .F. ) ;
#2964 = ORIENTED_EDGE ( 'NONE', *, *, #3773, .F. ) ;
#2965 =( NAMED_UNIT ( * ) SI_UNIT ( $, .STERADIAN. ) SOLID_ANGLE_UNIT ( ) );
#2966 = DIRECTION ( 'NONE',  ( 1.000000000000000000, 0.000000000000000000, 0.000000000000000000 ) ) ;
#2967 = CARTESIAN_POINT ( 'NONE',  ( 0.5250000000000000222, -1.000000000000000000, 0.1300000000000000044 ) ) ;
#2969 =( NAMED_UNIT ( * ) SI_UNIT ( $, .STERADIAN. ) SOLID_ANGLE_UNIT ( ) );
#2968 = CARTESIAN_POINT ( 'NONE',  ( 0.7249999999999997558, -0.5000000000000000000, 0.1300000000000000044 ) ) ;
#2970 = PRESENTATION_LAYER_ASSIGNMENT (  '', '', ( #232 ) ) ;
#2971 = DIRECTION ( 'NONE',  ( 1.000000000000000000, 0.000000000000000000, 0.000000000000000000 ) ) ;
#2972 = ORIENTED_EDGE ( 'NONE', *, *, #1729, .T. ) ;
#2973 = FILL_AREA_STYLE_COLOUR ( '', #3526 ) ;
#2974 = CYLINDRICAL_SURFACE ( 'NONE', #2406, 0.1250000000000000000 ) ;
#2975 = ORIENTED_EDGE ( 'NONE', *, *, #3272, .F. ) ;
#2976 = MECHANICAL_DESIGN_GEOMETRIC_PRESENTATION_REPRESENTATION (  '', ( #371 ), #2632 ) ;
#2977 = CARTESIAN_POINT ( 'NONE',  ( -0.1249999999999998890, -0.7000000000000000666, 0.1300000000000000044 ) ) ;
#2978 = CARTESIAN_POINT ( 'NONE',  ( -0.7749999999999999112, 1.000000000000000000, 0.1300000000000000044 ) ) ;
#2979 = MECHANICAL_DESIGN_GEOMETRIC_PRESENTATION_REPRESENTATION (  '', ( #3315 ), #2006 ) ;
#2980 = ORIENTED_EDGE ( 'NONE', *, *, #2022, .F. ) ;
#2981 = EDGE_LOOP ( 'NONE', ( #3353, #905, #2166, #309 ) ) ;
#2982 =( GEOMETRIC_REPRESENTATION_CONTEXT ( 3 ) GLOBAL_UNCERTAINTY_ASSIGNED_CONTEXT ( ( #835 ) ) GLOBAL_UNIT_ASSIGNED_CONTEXT ( ( #1208, #618, #2602 ) ) REPRESENTATION_CONTEXT ( 'NONE', 'WORKASPACE' ) );
#2983 = AXIS2_PLACEMENT_3D ( 'NONE', #2978, #2539, #859 ) ;
#2984 = ORIENTED_EDGE ( 'NONE', *, *, #2557, .F. ) ;
#2985 = SURFACE_SIDE_STYLE ('',( #3005 ) ) ;
#2986 = SURFACE_STYLE_USAGE ( .BOTH. , #132 ) ;
#2987 =( GEOMETRIC_REPRESENTATION_CONTEXT ( 3 ) GLOBAL_UNCERTAINTY_ASSIGNED_CONTEXT ( ( #4244 ) ) GLOBAL_UNIT_ASSIGNED_CONTEXT ( ( #3591, #1292, #2300 ) ) REPRESENTATION_CONTEXT ( 'NONE', 'WORKASPACE' ) );
#2988 = DIRECTION ( 'NONE',  ( 0.000000000000000000, 0.000000000000000000, -1.000000000000000000 ) ) ;
#2989 = DIRECTION ( 'NONE',  ( -1.000000000000000000, 0.000000000000000000, 0.000000000000000000 ) ) ;
#2990 = UNCERTAINTY_MEASURE_WITH_UNIT (LENGTH_MEASURE( 1.000000000000000082E-05 ), #1621, 'distance_accuracy_value', 'NONE');
#2991 = VECTOR ( 'NONE', #1204, 1000.000000000000000 ) ;
#2992 = ADVANCED_FACE ( 'NONE', ( #2077 ), #3388, .T. ) ;
#2993 = DIRECTION ( 'NONE',  ( 1.000000000000000000, 0.000000000000000000, 0.000000000000000000 ) ) ;
#2994 = SURFACE_STYLE_FILL_AREA ( #942 ) ;
#2995 = ORIENTED_EDGE ( 'NONE', *, *, #4008, .F. ) ;
#2996 = ADVANCED_FACE ( 'NONE', ( #3573 ), #1637, .F. ) ;
#2997 = DIRECTION ( 'NONE',  ( 1.000000000000000000, 0.000000000000000000, 0.000000000000000000 ) ) ;
#2998 = LINE ( 'NONE', #1723, #3324 ) ;
#2999 = ORIENTED_EDGE ( 'NONE', *, *, #514, .F. ) ;
#3000 =( LENGTH_UNIT ( ) NAMED_UNIT ( * ) SI_UNIT ( .MILLI., .METRE. ) );
#3001 = DIRECTION ( 'NONE',  ( -0.000000000000000000, 1.000000000000000000, -0.000000000000000000 ) ) ;
#3002 = VERTEX_POINT ( 'NONE', #3871 ) ;
#3003 = LINE ( 'NONE', #728, #2774 ) ;
#3004 = ORIENTED_EDGE ( 'NONE', *, *, #1667, .T. ) ;
#3005 = SURFACE_STYLE_FILL_AREA ( #3916 ) ;
#3006 = CARTESIAN_POINT ( 'NONE',  ( 0.3250000000000000111, -0.5000000000000000000, 0.1300000000000000044 ) ) ;
#3007 = FACE_OUTER_BOUND ( 'NONE', #1885, .T. ) ;
#3008 =( GEOMETRIC_REPRESENTATION_CONTEXT ( 3 ) GLOBAL_UNCERTAINTY_ASSIGNED_CONTEXT ( ( #2645 ) ) GLOBAL_UNIT_ASSIGNED_CONTEXT ( ( #3454, #3757, #138 ) ) REPRESENTATION_CONTEXT ( 'NONE', 'WORKASPACE' ) );
#3009 = MECHANICAL_DESIGN_GEOMETRIC_PRESENTATION_REPRESENTATION (  '', ( #3282 ), #1415 ) ;
#3010 = AXIS2_PLACEMENT_3D ( 'NONE', #2033, #3988, #1650 ) ;
#3011 =( GEOMETRIC_REPRESENTATION_CONTEXT ( 3 ) GLOBAL_UNCERTAINTY_ASSIGNED_CONTEXT ( ( #305 ) ) GLOBAL_UNIT_ASSIGNED_CONTEXT ( ( #4124, #159, #827 ) ) REPRESENTATION_CONTEXT ( 'NONE', 'WORKASPACE' ) );
#3012 = CARTESIAN_POINT ( 'NONE',  ( -0.1249999999999998890, -0.7000000000000000666, -0.05000000000000000278 ) ) ;
#3013 =( LENGTH_UNIT ( ) NAMED_UNIT ( * ) SI_UNIT ( .MILLI., .METRE. ) );
#3014 = ORIENTED_EDGE ( 'NONE', *, *, #2260, .T. ) ;
#3015 = SURFACE_SIDE_STYLE ('',( #1383 ) ) ;
#3016 = ORIENTED_EDGE ( 'NONE', *, *, #1963, .F. ) ;
#3017 = DIRECTION ( 'NONE',  ( -0.000000000000000000, -1.000000000000000000, -0.000000000000000000 ) ) ;
#3018 = CARTESIAN_POINT ( 'NONE',  ( 0.5250000000000000222, 1.000000000000000000, -0.05000000000000000278 ) ) ;
#3020 = ORIENTED_EDGE ( 'NONE', *, *, #1940, .F. ) ;
#3019 = ADVANCED_FACE ( 'NONE', ( #3555 ), #1618, .T. ) ;
#3021 = PLANE ( 'NONE',  #512 ) ;
#3022 = EDGE_CURVE ( 'NONE', #556, #3935, #950, .T. ) ;
#3023 = VERTEX_POINT ( 'NONE', #2608 ) ;
#3024 = CYLINDRICAL_SURFACE ( 'NONE', #24, 0.09999999999999999167 ) ;
#3025 = SURFACE_SIDE_STYLE ('',( #1396 ) ) ;
#3026 = DIRECTION ( 'NONE',  ( -1.000000000000000000, 0.000000000000000000, 0.000000000000000000 ) ) ;
#3027 = PLANE ( 'NONE',  #2170 ) ;
#3028 = COLOUR_RGB ( '',1.000000000000000000, 1.000000000000000000, 1.000000000000000000 ) ;
#3029 =( NAMED_UNIT ( * ) SI_UNIT ( $, .STERADIAN. ) SOLID_ANGLE_UNIT ( ) );
#3030 = SURFACE_STYLE_USAGE ( .BOTH. , #3330 ) ;
#3031 = EDGE_LOOP ( 'NONE', ( #2720, #2538, #3020, #3829 ) ) ;
#3032 = UNCERTAINTY_MEASURE_WITH_UNIT (LENGTH_MEASURE( 1.000000000000000082E-05 ), #1067, 'distance_accuracy_value', 'NONE');
#3033 =( NAMED_UNIT ( * ) SI_UNIT ( $, .STERADIAN. ) SOLID_ANGLE_UNIT ( ) );
#3034 = VECTOR ( 'NONE', #4195, 1000.000000000000000 ) ;
#3035 = FILL_AREA_STYLE ('',( #1722 ) ) ;
#3036 = DIRECTION ( 'NONE',  ( -0.000000000000000000, -0.000000000000000000, -1.000000000000000000 ) ) ;
#3037 = ORIENTED_EDGE ( 'NONE', *, *, #3612, .T. ) ;
#3038 = CARTESIAN_POINT ( 'NONE',  ( 0.5250000000000000222, -0.7000000000000000666, 0.1300000000000000044 ) ) ;
#3039 = ORIENTED_EDGE ( 'NONE', *, *, #1260, .T. ) ;
#3040 = DIRECTION ( 'NONE',  ( 0.000000000000000000, 0.000000000000000000, -1.000000000000000000 ) ) ;
#3041 = MECHANICAL_DESIGN_GEOMETRIC_PRESENTATION_REPRESENTATION (  '', ( #543 ), #3656 ) ;
#3042 = ORIENTED_EDGE ( 'NONE', *, *, #208, .F. ) ;
#3043 = DIRECTION ( 'NONE',  ( -0.000000000000000000, -0.000000000000000000, -1.000000000000000000 ) ) ;
#3044 = CARTESIAN_POINT ( 'NONE',  ( -0.3250000000000000111, -0.5000000000000000000, 0.000000000000000000 ) ) ;
#3045 = CARTESIAN_POINT ( 'NONE',  ( -0.7500000000000000000, -0.7500000000000000000, 0.5549999999999999378 ) ) ;
#3046 = EDGE_CURVE ( 'NONE', #663, #3440, #1899, .T. ) ;
#3047 = AXIS2_PLACEMENT_3D ( 'NONE', #1118, #4048, #3768 ) ;
#3048 = COLOUR_RGB ( '',1.000000000000000000, 1.000000000000000000, 1.000000000000000000 ) ;
#3049 = VECTOR ( 'NONE', #3527, 1000.000000000000000 ) ;
#3050 = CARTESIAN_POINT ( 'NONE',  ( 0.8249999999999997335, 0.3999999999999999667, 0.1300000000000000044 ) ) ;
#3052 = LINE ( 'NONE', #1402, #725 ) ;
#3051 = PRESENTATION_STYLE_ASSIGNMENT (( #1008 ) ) ;
#3053 = CARTESIAN_POINT ( 'NONE',  ( 0.5250000000000000222, -1.000000000000000000, 0.1300000000000000044 ) ) ;
#3054 = CIRCLE ( 'NONE', #2087, 0.09999999999999999167 ) ;
#3055 = EDGE_CURVE ( 'NONE', #1707, #2828, #3913, .T. ) ;
#3056 = CARTESIAN_POINT ( 'NONE',  ( 0.5250000000000000222, -0.7000000000000000666, 0.1300000000000000044 ) ) ;
#3057 = DIRECTION ( 'NONE',  ( -0.000000000000000000, 0.000000000000000000, -1.000000000000000000 ) ) ;
#3058 = STYLED_ITEM ( 'NONE', ( #2 ), #2400 ) ;
#3059 = DIRECTION ( 'NONE',  ( 0.000000000000000000, 0.000000000000000000, -1.000000000000000000 ) ) ;
#3060 = EDGE_LOOP ( 'NONE', ( #509, #1695, #1900, #707 ) ) ;
#3061 = CARTESIAN_POINT ( 'NONE',  ( -0.7000961623601622552, -0.5000000000000000000, -0.05000000000000000278 ) ) ;
#3062 = ORIENTED_EDGE ( 'NONE', *, *, #3480, .T. ) ;
#3063 = DIRECTION ( 'NONE',  ( -0.000000000000000000, 0.000000000000000000, 1.000000000000000000 ) ) ;
#3064 = ORIENTED_EDGE ( 'NONE', *, *, #1400, .F. ) ;
#3065 = CARTESIAN_POINT ( 'NONE',  ( -0.8249999999999997335, -0.3750961623601626327, 0.1300000000000000044 ) ) ;
#3066 = CARTESIAN_POINT ( 'NONE',  ( 0.8249999999999997335, -0.4000000000000000777, 0.1300000000000000044 ) ) ;
#3067 = ORIENTED_EDGE ( 'NONE', *, *, #4127, .F. ) ;
#3068 = EDGE_CURVE ( 'NONE', #3422, #2388, #1979, .T. ) ;
#3069 = ADVANCED_FACE ( 'NONE', ( #1227 ), #1659, .F. ) ;
#3070 = DIRECTION ( 'NONE',  ( 1.000000000000000000, 0.000000000000000000, 0.000000000000000000 ) ) ;
#3071 = CARTESIAN_POINT ( 'NONE',  ( 0.5250000000000000222, -1.000000000000000000, 0.1300000000000000044 ) ) ;
#3072 = DIRECTION ( 'NONE',  ( 1.000000000000000000, 0.000000000000000000, 0.000000000000000000 ) ) ;
#3073 = EDGE_CURVE ( 'NONE', #3422, #441, #2224, .T. ) ;
#3074 =( GEOMETRIC_REPRESENTATION_CONTEXT ( 3 ) GLOBAL_UNCERTAINTY_ASSIGNED_CONTEXT ( ( #2733 ) ) GLOBAL_UNIT_ASSIGNED_CONTEXT ( ( #3000, #2780, #4107 ) ) REPRESENTATION_CONTEXT ( 'NONE', 'WORKASPACE' ) );
#3075 = COLOUR_RGB ( '',1.000000000000000000, 1.000000000000000000, 1.000000000000000000 ) ;
#3076 = CARTESIAN_POINT ( 'NONE',  ( 0.8249999999999997335, 0.3999999999999999667, -0.05000000000000000278 ) ) ;
#3077 = DIRECTION ( 'NONE',  ( 0.000000000000000000, 0.000000000000000000, -1.000000000000000000 ) ) ;
#3078 = DIRECTION ( 'NONE',  ( 0.000000000000000000, 0.000000000000000000, 1.000000000000000000 ) ) ;
#3079 = MECHANICAL_DESIGN_GEOMETRIC_PRESENTATION_REPRESENTATION (  '', ( #830 ), #2379 ) ;
#3080 = COLOUR_RGB ( '',1.000000000000000000, 1.000000000000000000, 1.000000000000000000 ) ;
#3081 = PRESENTATION_LAYER_ASSIGNMENT (  '', '', ( #4036 ) ) ;
#3082 = EDGE_CURVE ( 'NONE', #144, #795, #2561, .T. ) ;
#3083 = LINE ( 'NONE', #2290, #4068 ) ;
#3084 = COLOUR_RGB ( '',1.000000000000000000, 1.000000000000000000, 1.000000000000000000 ) ;
#3085 = CARTESIAN_POINT ( 'NONE',  ( 0.3250000000000000111, 0.5000000000000000000, 0.000000000000000000 ) ) ;
#3086 = ORIENTED_EDGE ( 'NONE', *, *, #2120, .F. ) ;
#3087 = CARTESIAN_POINT ( 'NONE',  ( -1.000000000000000000, 1.000000000000000000, 0.000000000000000000 ) ) ;
#3088 = VERTEX_POINT ( 'NONE', #2385 ) ;
#3089 = CARTESIAN_POINT ( 'NONE',  ( 0.7249999999999997558, 0.5000000000000000000, 0.1300000000000000044 ) ) ;
#3090 = DIRECTION ( 'NONE',  ( 1.000000000000000000, 0.000000000000000000, -0.000000000000000000 ) ) ;
#3091 = EDGE_LOOP ( 'NONE', ( #682, #1180, #1812, #4213 ) ) ;
#3092 = DIRECTION ( 'NONE',  ( 1.000000000000000000, 0.000000000000000000, 0.000000000000000000 ) ) ;
#3093 = FILL_AREA_STYLE ('',( #1461 ) ) ;
#3094 = DIRECTION ( 'NONE',  ( 0.000000000000000000, 0.000000000000000000, 1.000000000000000000 ) ) ;
#3095 = ORIENTED_EDGE ( 'NONE', *, *, #1982, .T. ) ;
#3096 = DIRECTION ( 'NONE',  ( 1.000000000000000000, 0.000000000000000000, 0.000000000000000000 ) ) ;
#3097 = SURFACE_SIDE_STYLE ('',( #78 ) ) ;
#3098 = DIRECTION ( 'NONE',  ( -1.000000000000000000, 0.000000000000000000, 0.000000000000000000 ) ) ;
#3099 = CARTESIAN_POINT ( 'NONE',  ( -0.8249999999999997335, 0.3999999999999999667, 0.1300000000000000044 ) ) ;
#3100 = CARTESIAN_POINT ( 'NONE',  ( -0.1249999999999998890, 1.000000000000000000, 0.1300000000000000044 ) ) ;
#3101 = ORIENTED_EDGE ( 'NONE', *, *, #1591, .T. ) ;
#3102 = FACE_OUTER_BOUND ( 'NONE', #1790, .T. ) ;
#3103 = ORIENTED_EDGE ( 'NONE', *, *, #3797, .T. ) ;
#3104 = PRESENTATION_LAYER_ASSIGNMENT (  '', '', ( #3367 ) ) ;
#3105 = AXIS2_PLACEMENT_3D ( 'NONE', #788, #3779, #4129 ) ;
#3106 = SURFACE_STYLE_USAGE ( .BOTH. , #1791 ) ;
#3107 = VERTEX_POINT ( 'NONE', #3354 ) ;
#3108 = CARTESIAN_POINT ( 'NONE',  ( -0.7749999999999999112, -0.7000000000000000666, 0.1300000000000000044 ) ) ;
#3109 = CARTESIAN_POINT ( 'NONE',  ( -0.3250000000000000111, -0.5000000000000000000, -0.05000000000000000278 ) ) ;
#3110 = CARTESIAN_POINT ( 'NONE',  ( 0.5250000000000000222, 1.000000000000000000, 0.1300000000000000044 ) ) ;
#3111 = ORIENTED_EDGE ( 'NONE', *, *, #411, .T. ) ;
#3112 = DIRECTION ( 'NONE',  ( 0.000000000000000000, 0.000000000000000000, -1.000000000000000000 ) ) ;
#3113 = FACE_OUTER_BOUND ( 'NONE', #1518, .T. ) ;
#3114 =( GEOMETRIC_REPRESENTATION_CONTEXT ( 3 ) GLOBAL_UNCERTAINTY_ASSIGNED_CONTEXT ( ( #2511 ) ) GLOBAL_UNIT_ASSIGNED_CONTEXT ( ( #223, #1945, #3561 ) ) REPRESENTATION_CONTEXT ( 'NONE', 'WORKASPACE' ) );
#3115 =( GEOMETRIC_REPRESENTATION_CONTEXT ( 3 ) GLOBAL_UNCERTAINTY_ASSIGNED_CONTEXT ( ( #1062 ) ) GLOBAL_UNIT_ASSIGNED_CONTEXT ( ( #1308, #2010, #4327 ) ) REPRESENTATION_CONTEXT ( 'NONE', 'WORKASPACE' ) );
#3116 = CARTESIAN_POINT ( 'NONE',  ( -0.2249999999999999778, -0.4000000000000000222, 0.1300000000000000044 ) ) ;
#3117 = SURFACE_SIDE_STYLE ('',( #745 ) ) ;
#3118 = UNCERTAINTY_MEASURE_WITH_UNIT (LENGTH_MEASURE( 1.000000000000000082E-05 ), #1753, 'distance_accuracy_value', 'NONE');
#3119 = CARTESIAN_POINT ( 'NONE',  ( -0.5249999999999999112, 0.7000000000000000666, 0.1300000000000000044 ) ) ;
#3120 = ADVANCED_FACE ( 'NONE', ( #4 ), #2066, .F. ) ;
#3121 = VECTOR ( 'NONE', #1706, 1000.000000000000000 ) ;
#3122 = EDGE_CURVE ( 'NONE', #4299, #1792, #3702, .T. ) ;
#3123 = MECHANICAL_DESIGN_GEOMETRIC_PRESENTATION_REPRESENTATION (  '', ( #383 ), #3796 ) ;
#3124 = AXIS2_PLACEMENT_3D ( 'NONE', #233, #2264, #273 ) ;
#3125 = PLANE ( 'NONE',  #1028 ) ;
#3126 = ORIENTED_EDGE ( 'NONE', *, *, #1803, .T. ) ;
#3127 = EDGE_CURVE ( 'NONE', #825, #2817, #3370, .T. ) ;
#3128 = PRESENTATION_STYLE_ASSIGNMENT (( #3439 ) ) ;
#3129 = ORIENTED_EDGE ( 'NONE', *, *, #3178, .T. ) ;
#3130 = AXIS2_PLACEMENT_3D ( 'NONE', #3100, #1787, #3762 ) ;
#3131 = CIRCLE ( 'NONE', #1251, 0.1000000000000000472 ) ;
#3132 = PLANE ( 'NONE',  #3393 ) ;
#3133 = VERTEX_POINT ( 'NONE', #3061 ) ;
#3134 = FILL_AREA_STYLE ('',( #1821 ) ) ;
#3135 = SURFACE_STYLE_FILL_AREA ( #1822 ) ;
#3136 = DIRECTION ( 'NONE',  ( 1.000000000000000000, 0.000000000000000000, 0.000000000000000000 ) ) ;
#3137 = ORIENTED_EDGE ( 'NONE', *, *, #1169, .T. ) ;
#3138 = PLANE ( 'NONE',  #3668 ) ;
#3139 = DIRECTION ( 'NONE',  ( 0.000000000000000000, 0.000000000000000000, -1.000000000000000000 ) ) ;
#3140 = SURFACE_STYLE_FILL_AREA ( #3772 ) ;
#3142 = DIRECTION ( 'NONE',  ( 1.000000000000000000, 0.000000000000000000, 0.000000000000000000 ) ) ;
#3141 = FACE_OUTER_BOUND ( 'NONE', #2089, .T. ) ;
#3143 = SURFACE_STYLE_USAGE ( .BOTH. , #500 ) ;
#3144 = VECTOR ( 'NONE', #3253, 1000.000000000000000 ) ;
#3145 = EDGE_LOOP ( 'NONE', ( #3004, #2305, #3911, #1555 ) ) ;
#3146 = SURFACE_STYLE_FILL_AREA ( #485 ) ;
#3147 = FACE_OUTER_BOUND ( 'NONE', #3809, .T. ) ;
#3148 = ORIENTED_EDGE ( 'NONE', *, *, #3946, .F. ) ;
#3149 = PRESENTATION_STYLE_ASSIGNMENT (( #1857 ) ) ;
#3150 = EDGE_LOOP ( 'NONE', ( #660, #2038, #4203, #4092, #2639, #4115, #2402, #3167 ) ) ;
#3151 =( GEOMETRIC_REPRESENTATION_CONTEXT ( 3 ) GLOBAL_UNCERTAINTY_ASSIGNED_CONTEXT ( ( #2907 ) ) GLOBAL_UNIT_ASSIGNED_CONTEXT ( ( #2685, #3987, #1376 ) ) REPRESENTATION_CONTEXT ( 'NONE', 'WORKASPACE' ) );
#3152 = EDGE_CURVE ( 'NONE', #194, #1000, #357, .T. ) ;
#3153 = STYLED_ITEM ( 'NONE', ( #778 ), #1239 ) ;
#3154 = DIRECTION ( 'NONE',  ( 0.000000000000000000, 0.000000000000000000, -1.000000000000000000 ) ) ;
#3155 = ORIENTED_EDGE ( 'NONE', *, *, #1840, .T. ) ;
#3156 = PLANE ( 'NONE',  #2705 ) ;
#3157 = SURFACE_SIDE_STYLE ('',( #3135 ) ) ;
#3158 = CARTESIAN_POINT ( 'NONE',  ( 0.5250000000000000222, 1.000000000000000000, 0.1300000000000000044 ) ) ;
#3159 = ORIENTED_EDGE ( 'NONE', *, *, #3875, .T. ) ;
#3160 = SURFACE_SIDE_STYLE ('',( #2649 ) ) ;
#3161 = VECTOR ( 'NONE', #1853, 1000.000000000000000 ) ;
#3162 = PLANE ( 'NONE',  #841 ) ;
#3164 = SURFACE_STYLE_FILL_AREA ( #481 ) ;
#3163 = DIRECTION ( 'NONE',  ( 0.000000000000000000, -1.000000000000000000, 0.000000000000000000 ) ) ;
#3165 = UNCERTAINTY_MEASURE_WITH_UNIT (LENGTH_MEASURE( 1.000000000000000082E-05 ), #1960, 'distance_accuracy_value', 'NONE');
#3166 = DIRECTION ( 'NONE',  ( 0.000000000000000000, -0.000000000000000000, -1.000000000000000000 ) ) ;
#3167 = ORIENTED_EDGE ( 'NONE', *, *, #3480, .F. ) ;
#3168 = EDGE_LOOP ( 'NONE', ( #1131, #705, #4022, #3129 ) ) ;
#3169 = CARTESIAN_POINT ( 'NONE',  ( 0.5250000000000000222, 1.000000000000000000, 0.1300000000000000044 ) ) ;
#3170 = ORIENTED_EDGE ( 'NONE', *, *, #730, .F. ) ;
#3171 = SURFACE_SIDE_STYLE ('',( #2057 ) ) ;
#3172 = MECHANICAL_DESIGN_GEOMETRIC_PRESENTATION_REPRESENTATION (  '', ( #3506 ), #4128 ) ;
#3173 = SURFACE_STYLE_FILL_AREA ( #3631 ) ;
#3174 = FACE_OUTER_BOUND ( 'NONE', #1442, .T. ) ;
#3175 = EDGE_LOOP ( 'NONE', ( #918, #1597, #1869, #4020 ) ) ;
#3176 = EDGE_CURVE ( 'NONE', #574, #2599, #1156, .T. ) ;
#3177 = DIRECTION ( 'NONE',  ( 1.000000000000000000, 0.000000000000000000, 0.000000000000000000 ) ) ;
#3178 = EDGE_CURVE ( 'NONE', #1619, #3885, #1323, .T. ) ;
#3179 = STYLED_ITEM ( 'NONE', ( #533 ), #1304 ) ;
#3180 = ORIENTED_EDGE ( 'NONE', *, *, #2303, .T. ) ;
#3181 = DIRECTION ( 'NONE',  ( 1.000000000000000000, 0.000000000000000000, -0.000000000000000000 ) ) ;
#3183 =( LENGTH_UNIT ( ) NAMED_UNIT ( * ) SI_UNIT ( .MILLI., .METRE. ) );
#3182 = DIRECTION ( 'NONE',  ( 0.000000000000000000, 0.000000000000000000, -1.000000000000000000 ) ) ;
#3184 = VECTOR ( 'NONE', #3611, 1000.000000000000000 ) ;
#3185 = MECHANICAL_DESIGN_GEOMETRIC_PRESENTATION_REPRESENTATION (  '', ( #2778 ), #100 ) ;
#3186 = PLANE ( 'NONE',  #1050 ) ;
#3187 = VERTEX_POINT ( 'NONE', #3038 ) ;
#3188 = VECTOR ( 'NONE', #3001, 1000.000000000000000 ) ;
#3189 = DIRECTION ( 'NONE',  ( -1.000000000000000000, 0.000000000000000000, 0.000000000000000000 ) ) ;
#3190 =( GEOMETRIC_REPRESENTATION_CONTEXT ( 3 ) GLOBAL_UNCERTAINTY_ASSIGNED_CONTEXT ( ( #2950 ) ) GLOBAL_UNIT_ASSIGNED_CONTEXT ( ( #387, #77, #803 ) ) REPRESENTATION_CONTEXT ( 'NONE', 'WORKASPACE' ) );
#3191 = EDGE_LOOP ( 'NONE', ( #2610, #466, #1210, #2325 ) ) ;
#3192 = FILL_AREA_STYLE ('',( #4137 ) ) ;
#3193 = CARTESIAN_POINT ( 'NONE',  ( -0.7249999999999997558, 0.3999999999999999667, 0.1300000000000000044 ) ) ;
#3194 = FACE_OUTER_BOUND ( 'NONE', #3420, .T. ) ;
#3195 = FACE_BOUND ( 'NONE', #3466, .T. ) ;
#3196 = VECTOR ( 'NONE', #2518, 1000.000000000000000 ) ;
#3197 = EDGE_LOOP ( 'NONE', ( #3802, #1066, #52, #2288 ) ) ;
#3198 = EDGE_CURVE ( 'NONE', #2626, #3701, #1748, .T. ) ;
#3199 = LINE ( 'NONE', #3810, #2357 ) ;
#3200 = CARTESIAN_POINT ( 'NONE',  ( 0.5250000000000000222, -1.000000000000000000, -0.05000000000000000278 ) ) ;
#3201 = ADVANCED_FACE ( 'NONE', ( #4042 ), #3398, .T. ) ;
#3202 = EDGE_CURVE ( 'NONE', #1961, #2874, #3635, .T. ) ;
#3203 = EDGE_CURVE ( 'NONE', #1521, #3722, #2049, .T. ) ;
#3205 = DIRECTION ( 'NONE',  ( 0.000000000000000000, 0.000000000000000000, -1.000000000000000000 ) ) ;
#3204 = SURFACE_STYLE_FILL_AREA ( #2547 ) ;
#3206 = UNCERTAINTY_MEASURE_WITH_UNIT (LENGTH_MEASURE( 1.000000000000000082E-05 ), #2877, 'distance_accuracy_value', 'NONE');
#3207 = CARTESIAN_POINT ( 'NONE',  ( -0.8249999999999997335, 0.3999999999999999667, 0.1300000000000000044 ) ) ;
#3208 = DIRECTION ( 'NONE',  ( 0.000000000000000000, -0.000000000000000000, 1.000000000000000000 ) ) ;
#3209 = DIRECTION ( 'NONE',  ( -0.000000000000000000, -0.000000000000000000, -1.000000000000000000 ) ) ;
#3210 = ORIENTED_EDGE ( 'NONE', *, *, #2039, .T. ) ;
#3211 = PLANE ( 'NONE',  #1091 ) ;
#3212 = VECTOR ( 'NONE', #1881, 1000.000000000000000 ) ;
#3213 = SURFACE_STYLE_FILL_AREA ( #1634 ) ;
#3214 = ORIENTED_EDGE ( 'NONE', *, *, #1379, .T. ) ;
#3215 =( NAMED_UNIT ( * ) SI_UNIT ( $, .STERADIAN. ) SOLID_ANGLE_UNIT ( ) );
#3216 = PRESENTATION_LAYER_ASSIGNMENT (  '', '', ( #3153 ) ) ;
#3217 = PRESENTATION_STYLE_ASSIGNMENT (( #1207 ) ) ;
#3218 = ORIENTED_EDGE ( 'NONE', *, *, #4279, .T. ) ;
#3219 = VECTOR ( 'NONE', #4051, 1000.000000000000000 ) ;
#3220 = AXIS2_PLACEMENT_3D ( 'NONE', #3609, #615, #1973 ) ;
#3221 = LINE ( 'NONE', #220, #1745 ) ;
#3222 = CARTESIAN_POINT ( 'NONE',  ( -0.3250000000000000111, -0.5000000000000000000, 0.1300000000000000044 ) ) ;
#3223 = CARTESIAN_POINT ( 'NONE',  ( -0.7000961623601622552, -0.5000000000000000000, 0.1300000000000000044 ) ) ;
#3224 = CYLINDRICAL_SURFACE ( 'NONE', #1701, 0.1250000000000000000 ) ;
#3225 = CARTESIAN_POINT ( 'NONE',  ( 0.7750000000000001332, -0.7000000000000000666, 0.1300000000000000044 ) ) ;
#3226 = DIRECTION ( 'NONE',  ( 6.776263578034402713E-17, -1.000000000000000000, -0.000000000000000000 ) ) ;
#3227 = ORIENTED_EDGE ( 'NONE', *, *, #1197, .F. ) ;
#3228 = SURFACE_SIDE_STYLE ('',( #1546 ) ) ;
#3229 = EDGE_CURVE ( 'NONE', #1611, #751, #1683, .T. ) ;
#3230 = CARTESIAN_POINT ( 'NONE',  ( 0.5250000000000000222, -0.7000000000000000666, 0.000000000000000000 ) ) ;
#3231 = ORIENTED_EDGE ( 'NONE', *, *, #439, .F. ) ;
#3232 = LINE ( 'NONE', #553, #3212 ) ;
#3233 = ORIENTED_EDGE ( 'NONE', *, *, #1647, .T. ) ;
#3234 = ADVANCED_FACE ( 'NONE', ( #1345 ), #2675, .F. ) ;
#3235 = VECTOR ( 'NONE', #4282, 1000.000000000000000 ) ;
#3236 = DIRECTION ( 'NONE',  ( -1.000000000000000000, -0.000000000000000000, -0.000000000000000000 ) ) ;
#3237 =( NAMED_UNIT ( * ) SI_UNIT ( $, .STERADIAN. ) SOLID_ANGLE_UNIT ( ) );
#3238 = DIRECTION ( 'NONE',  ( 1.000000000000000000, 0.000000000000000000, 0.000000000000000000 ) ) ;
#3239 = PLANE ( 'NONE',  #1031 ) ;
#3240 =( GEOMETRIC_REPRESENTATION_CONTEXT ( 3 ) GLOBAL_UNCERTAINTY_ASSIGNED_CONTEXT ( ( #1382 ) ) GLOBAL_UNIT_ASSIGNED_CONTEXT ( ( #525, #612, #3944 ) ) REPRESENTATION_CONTEXT ( 'NONE', 'WORKASPACE' ) );
#3241 = CARTESIAN_POINT ( 'NONE',  ( 0.1250000000000001110, 1.000000000000000000, 0.1300000000000000044 ) ) ;
#3242 = CYLINDRICAL_SURFACE ( 'NONE', #4320, 0.09999999999999993616 ) ;
#3243 = CARTESIAN_POINT ( 'NONE',  ( 0.7750000000000001332, -0.7000000000000000666, 0.1300000000000000044 ) ) ;
#3244 = DIRECTION ( 'NONE',  ( 1.000000000000000000, 0.000000000000000000, 0.000000000000000000 ) ) ;
#3245 = ORIENTED_EDGE ( 'NONE', *, *, #1816, .F. ) ;
#3246 = SURFACE_SIDE_STYLE ('',( #3570 ) ) ;
#3247 = VECTOR ( 'NONE', #47, 1000.000000000000000 ) ;
#3248 = COLOUR_RGB ( '',1.000000000000000000, 1.000000000000000000, 1.000000000000000000 ) ;
#3249 = EDGE_CURVE ( 'NONE', #3254, #4120, #3481, .T. ) ;
#3250 = ADVANCED_FACE ( 'NONE', ( #3102 ), #2204, .T. ) ;
#3251 =( LENGTH_UNIT ( ) NAMED_UNIT ( * ) SI_UNIT ( .MILLI., .METRE. ) );
#3252 = ORIENTED_EDGE ( 'NONE', *, *, #459, .F. ) ;
#3253 = DIRECTION ( 'NONE',  ( 0.000000000000000000, 0.000000000000000000, -1.000000000000000000 ) ) ;
#3254 = VERTEX_POINT ( 'NONE', #505 ) ;
#3255 = ORIENTED_EDGE ( 'NONE', *, *, #2100, .F. ) ;
#3256 = VECTOR ( 'NONE', #2074, 1000.000000000000000 ) ;
#3257 = SURFACE_STYLE_FILL_AREA ( #826 ) ;
#3258 = AXIS2_PLACEMENT_3D ( 'NONE', #3767, #734, #123 ) ;
#3259 = SURFACE_STYLE_FILL_AREA ( #4174 ) ;
#3260 =( NAMED_UNIT ( * ) PLANE_ANGLE_UNIT ( ) SI_UNIT ( $, .RADIAN. ) );
#3261 = EDGE_CURVE ( 'NONE', #3630, #2504, #442, .T. ) ;
#3262 = PRESENTATION_LAYER_ASSIGNMENT (  '', '', ( #1246 ) ) ;
#3264 = FACE_OUTER_BOUND ( 'NONE', #2404, .T. ) ;
#3263 = SURFACE_SIDE_STYLE ('',( #938 ) ) ;
#3265 = SURFACE_STYLE_FILL_AREA ( #960 ) ;
#3266 = LINE ( 'NONE', #3567, #3409 ) ;
#3267 = VERTEX_POINT ( 'NONE', #2449 ) ;
#3268 = DIRECTION ( 'NONE',  ( 0.000000000000000000, 1.000000000000000000, 0.000000000000000000 ) ) ;
#3269 = FILL_AREA_STYLE_COLOUR ( '', #4075 ) ;
#3270 = LINE ( 'NONE', #2537, #1678 ) ;
#3271 = ORIENTED_EDGE ( 'NONE', *, *, #864, .F. ) ;
#3272 = EDGE_CURVE ( 'NONE', #8, #1138, #2786, .T. ) ;
#3273 = CARTESIAN_POINT ( 'NONE',  ( -0.8249999999999997335, -0.3750961623601626327, 0.1300000000000000044 ) ) ;
#3274 = DIRECTION ( 'NONE',  ( 0.000000000000000000, -0.000000000000000000, 1.000000000000000000 ) ) ;
#3275 = DIRECTION ( 'NONE',  ( -1.000000000000000000, 0.000000000000000000, -0.000000000000000000 ) ) ;
#3276 = VERTEX_POINT ( 'NONE', #3419 ) ;
#3277 = VECTOR ( 'NONE', #949, 1000.000000000000000 ) ;
#3278 = CIRCLE ( 'NONE', #1342, 0.1000000000000000472 ) ;
#3279 = DIRECTION ( 'NONE',  ( 0.000000000000000000, -0.000000000000000000, -1.000000000000000000 ) ) ;
#3280 = DIRECTION ( 'NONE',  ( 0.000000000000000000, -1.000000000000000000, 0.000000000000000000 ) ) ;
#3281 = COLOUR_RGB ( '',0.7921568627450980005, 0.8196078431372548767, 0.9333333333333333481 ) ;
#3282 = STYLED_ITEM ( 'NONE', ( #1638 ), #1258 ) ;
#3283 =( GEOMETRIC_REPRESENTATION_CONTEXT ( 3 ) GLOBAL_UNCERTAINTY_ASSIGNED_CONTEXT ( ( #2130 ) ) GLOBAL_UNIT_ASSIGNED_CONTEXT ( ( #1746, #749, #4018 ) ) REPRESENTATION_CONTEXT ( 'NONE', 'WORKASPACE' ) );
#3284 = PRESENTATION_STYLE_ASSIGNMENT (( #3627 ) ) ;
#3285 = DIRECTION ( 'NONE',  ( 1.000000000000000000, -0.000000000000000000, 0.000000000000000000 ) ) ;
#3286 = DIRECTION ( 'NONE',  ( 0.000000000000000000, -1.000000000000000000, 0.000000000000000000 ) ) ;
#3287 =( NAMED_UNIT ( * ) SI_UNIT ( $, .STERADIAN. ) SOLID_ANGLE_UNIT ( ) );
#3288 = ORIENTED_EDGE ( 'NONE', *, *, #439, .T. ) ;
#3289 = CARTESIAN_POINT ( 'NONE',  ( -0.1249999999999998890, -1.000000000000000000, -0.05000000000000000278 ) ) ;
#3290 = CARTESIAN_POINT ( 'NONE',  ( 0.8249999999999997335, -0.4000000000000000777, 0.000000000000000000 ) ) ;
#3291 = COLOUR_RGB ( '',1.000000000000000000, 1.000000000000000000, 1.000000000000000000 ) ;
#3292 =( NAMED_UNIT ( * ) PLANE_ANGLE_UNIT ( ) SI_UNIT ( $, .RADIAN. ) );
#3293 = ORIENTED_EDGE ( 'NONE', *, *, #3321, .T. ) ;
#3294 = SURFACE_SIDE_STYLE ('',( #3615 ) ) ;
#3295 = CARTESIAN_POINT ( 'NONE',  ( -0.3250000000000000111, -0.4000000000000000222, 0.1300000000000000044 ) ) ;
#3296 = FILL_AREA_STYLE ('',( #2636 ) ) ;
#3297 = EDGE_LOOP ( 'NONE', ( #28, #1838, #3888, #1158 ) ) ;
#3298 =( NAMED_UNIT ( * ) SI_UNIT ( $, .STERADIAN. ) SOLID_ANGLE_UNIT ( ) );
#3299 = ADVANCED_FACE ( 'NONE', ( #772 ), #424, .T. ) ;
#3300 = ADVANCED_FACE ( 'NONE', ( #2927 ), #4184, .F. ) ;
#3301 = DIRECTION ( 'NONE',  ( -1.000000000000000000, 0.000000000000000000, 0.000000000000000000 ) ) ;
#3302 =( NAMED_UNIT ( * ) PLANE_ANGLE_UNIT ( ) SI_UNIT ( $, .RADIAN. ) );
#3303 = PRESENTATION_LAYER_ASSIGNMENT (  '', '', ( #4207 ) ) ;
#3304 =( NAMED_UNIT ( * ) PLANE_ANGLE_UNIT ( ) SI_UNIT ( $, .RADIAN. ) );
#3305 = CLOSED_SHELL ( 'NONE', ( #54, #2891, #1728, #3299, #2816, #3951, #4149, #417, #27, #890 ) ) ;
#3306 = CARTESIAN_POINT ( 'NONE',  ( -0.1249999999999998890, -0.7000000000000000666, 0.1300000000000000044 ) ) ;
#3307 = CARTESIAN_POINT ( 'NONE',  ( 0.7249999999999997558, -0.4000000000000000777, 0.000000000000000000 ) ) ;
#3308 = EDGE_LOOP ( 'NONE', ( #4136, #328, #4227, #3479 ) ) ;
#3309 = ORIENTED_EDGE ( 'NONE', *, *, #1536, .T. ) ;
#3310 = AXIS2_PLACEMENT_3D ( 'NONE', #735, #153, #3445 ) ;
#3311 = FILL_AREA_STYLE_COLOUR ( '', #1412 ) ;
#3312 = SURFACE_STYLE_USAGE ( .BOTH. , #975 ) ;
#3313 = ORIENTED_EDGE ( 'NONE', *, *, #3931, .T. ) ;
#3314 = CARTESIAN_POINT ( 'NONE',  ( 0.1250000000000001110, 1.000000000000000000, 0.1300000000000000044 ) ) ;
#3315 = STYLED_ITEM ( 'NONE', ( #1513 ), #444 ) ;
#3316 = COLOUR_RGB ( '',1.000000000000000000, 1.000000000000000000, 1.000000000000000000 ) ;
#3317 = ORIENTED_EDGE ( 'NONE', *, *, #3513, .T. ) ;
#3318 = SURFACE_SIDE_STYLE ('',( #362 ) ) ;
#3319 = DIRECTION ( 'NONE',  ( -1.000000000000000000, -0.000000000000000000, -0.000000000000000000 ) ) ;
#3320 = MECHANICAL_DESIGN_GEOMETRIC_PRESENTATION_REPRESENTATION (  '', ( #3732 ), #2706 ) ;
#3321 = EDGE_CURVE ( 'NONE', #1086, #1134, #2263, .T. ) ;
#3322 = ORIENTED_EDGE ( 'NONE', *, *, #2809, .T. ) ;
#3323 = AXIS2_PLACEMENT_3D ( 'NONE', #2270, #3577, #577 ) ;
#3324 = VECTOR ( 'NONE', #2064, 1000.000000000000000 ) ;
#3325 = SURFACE_STYLE_FILL_AREA ( #3647 ) ;
#3326 = COLOUR_RGB ( '',0.7921568627450980005, 0.8196078431372548767, 0.9333333333333333481 ) ;
#3327 = MECHANICAL_DESIGN_GEOMETRIC_PRESENTATION_REPRESENTATION (  '', ( #323 ), #672 ) ;
#3328 = EDGE_CURVE ( 'NONE', #3722, #2874, #2628, .T. ) ;
#3329 = FILL_AREA_STYLE_COLOUR ( '', #4229 ) ;
#3330 = SURFACE_SIDE_STYLE ('',( #3349 ) ) ;
#3331 = ORIENTED_EDGE ( 'NONE', *, *, #464, .F. ) ;
#3332 = UNCERTAINTY_MEASURE_WITH_UNIT (LENGTH_MEASURE( 1.000000000000000082E-05 ), #939, 'distance_accuracy_value', 'NONE');
#3333 = ADVANCED_FACE ( 'NONE', ( #2955 ), #3211, .T. ) ;
#3334 = VERTEX_POINT ( 'NONE', #3949 ) ;
#3335 = CARTESIAN_POINT ( 'NONE',  ( -0.7749999999999999112, 1.000000000000000000, -0.05000000000000000278 ) ) ;
#3336 = DIRECTION ( 'NONE',  ( 0.000000000000000000, 0.000000000000000000, -1.000000000000000000 ) ) ;
#3337 = EDGE_LOOP ( 'NONE', ( #641, #953, #1747, #3214 ) ) ;
#3338 = VERTEX_POINT ( 'NONE', #1654 ) ;
#3339 = PLANE ( 'NONE',  #4157 ) ;
#3340 = PRESENTATION_STYLE_ASSIGNMENT (( #1029 ) ) ;
#3341 = LINE ( 'NONE', #1074, #3874 ) ;
#3342 = STYLED_ITEM ( 'NONE', ( #3848 ), #3877 ) ;
#3343 = DIRECTION ( 'NONE',  ( 0.000000000000000000, 0.000000000000000000, 1.000000000000000000 ) ) ;
#3345 = FACE_OUTER_BOUND ( 'NONE', #1211, .T. ) ;
#3344 = PLANE ( 'NONE',  #3760 ) ;
#3346 = AXIS2_PLACEMENT_3D ( 'NONE', #2771, #2004, #1754 ) ;
#3347 =( GEOMETRIC_REPRESENTATION_CONTEXT ( 3 ) GLOBAL_UNCERTAINTY_ASSIGNED_CONTEXT ( ( #2739 ) ) GLOBAL_UNIT_ASSIGNED_CONTEXT ( ( #1761, #2821, #1146 ) ) REPRESENTATION_CONTEXT ( 'NONE', 'WORKASPACE' ) );
#3348 = CARTESIAN_POINT ( 'NONE',  ( 0.2249999999999999778, -0.4000000000000000222, 0.1300000000000000044 ) ) ;
#3349 = SURFACE_STYLE_FILL_AREA ( #2690 ) ;
#3350 = ORIENTED_EDGE ( 'NONE', *, *, #2039, .F. ) ;
#3351 = LINE ( 'NONE', #1406, #2688 ) ;
#3352 = EDGE_CURVE ( 'NONE', #3532, #279, #2322, .T. ) ;
#3353 = ORIENTED_EDGE ( 'NONE', *, *, #2100, .T. ) ;
#3354 = CARTESIAN_POINT ( 'NONE',  ( 0.3250000000000000111, 0.5000000000000000000, 0.1300000000000000044 ) ) ;
#3355 = ORIENTED_EDGE ( 'NONE', *, *, #1729, .F. ) ;
#3356 = DIRECTION ( 'NONE',  ( -0.000000000000000000, -0.000000000000000000, -1.000000000000000000 ) ) ;
#3357 =( GEOMETRIC_REPRESENTATION_CONTEXT ( 3 ) GLOBAL_UNCERTAINTY_ASSIGNED_CONTEXT ( ( #1743 ) ) GLOBAL_UNIT_ASSIGNED_CONTEXT ( ( #3883, #614, #1336 ) ) REPRESENTATION_CONTEXT ( 'NONE', 'WORKASPACE' ) );
#3358 = VERTEX_POINT ( 'NONE', #617 ) ;
#3359 = FACE_OUTER_BOUND ( 'NONE', #3633, .T. ) ;
#3360 = ADVANCED_FACE ( 'NONE', ( #294 ), #2437, .T. ) ;
#3361 = CARTESIAN_POINT ( 'NONE',  ( -0.3250000000000000111, 0.5000000000000000000, 0.1300000000000000044 ) ) ;
#3362 = SURFACE_SIDE_STYLE ('',( #693 ) ) ;
#3363 = AXIS2_PLACEMENT_3D ( 'NONE', #853, #2217, #1128 ) ;
#3364 =( NAMED_UNIT ( * ) PLANE_ANGLE_UNIT ( ) SI_UNIT ( $, .RADIAN. ) );
#3365 = UNCERTAINTY_MEASURE_WITH_UNIT (LENGTH_MEASURE( 1.000000000000000082E-05 ), #1520, 'distance_accuracy_value', 'NONE');
#3366 =( NAMED_UNIT ( * ) PLANE_ANGLE_UNIT ( ) SI_UNIT ( $, .RADIAN. ) );
#3367 = STYLED_ITEM ( 'NONE', ( #1584 ), #1931 ) ;
#3368 = CARTESIAN_POINT ( 'NONE',  ( -0.5249999999999999112, -1.000000000000000000, 0.000000000000000000 ) ) ;
#3369 = ORIENTED_EDGE ( 'NONE', *, *, #1337, .T. ) ;
#3370 = LINE ( 'NONE', #45, #244 ) ;
#3371 = VERTEX_POINT ( 'NONE', #1489 ) ;
#3372 = SURFACE_STYLE_FILL_AREA ( #2656 ) ;
#3373 = ADVANCED_FACE ( 'NONE', ( #1507 ), #2393, .F. ) ;
#3374 = EDGE_CURVE ( 'NONE', #3980, #1619, #3472, .T. ) ;
#3375 = MECHANICAL_DESIGN_GEOMETRIC_PRESENTATION_REPRESENTATION (  '', ( #793 ), #1599 ) ;
#3376 = EDGE_CURVE ( 'NONE', #1473, #3551, #3448, .T. ) ;
#3377 = ORIENTED_EDGE ( 'NONE', *, *, #1263, .T. ) ;
#3378 = CARTESIAN_POINT ( 'NONE',  ( 1.000000000000000000, 1.000000000000000000, 0.6049999999999999822 ) ) ;
#3379 = AXIS2_PLACEMENT_3D ( 'NONE', #3071, #2707, #3970 ) ;
#3380 = DIRECTION ( 'NONE',  ( 1.000000000000000000, 0.000000000000000000, 0.000000000000000000 ) ) ;
#3381 = PRESENTATION_LAYER_ASSIGNMENT (  '', '', ( #1087 ) ) ;
#3382 = AXIS2_PLACEMENT_3D ( 'NONE', #3361, #470, #2372 ) ;
#3383 = EDGE_LOOP ( 'NONE', ( #96, #1977, #2112, #631 ) ) ;
#3384 = FACE_OUTER_BOUND ( 'NONE', #1538, .T. ) ;
#3385 = MECHANICAL_DESIGN_GEOMETRIC_PRESENTATION_REPRESENTATION (  '', ( #4151 ), #452 ) ;
#3386 = SURFACE_STYLE_USAGE ( .BOTH. , #2104 ) ;
#3388 = PLANE ( 'NONE',  #3662 ) ;
#3387 = DIRECTION ( 'NONE',  ( 0.000000000000000000, 0.000000000000000000, 1.000000000000000000 ) ) ;
#3389 = FACE_OUTER_BOUND ( 'NONE', #2118, .T. ) ;
#3390 = EDGE_CURVE ( 'NONE', #4119, #1000, #451, .T. ) ;
#3391 = DIRECTION ( 'NONE',  ( 0.000000000000000000, -0.000000000000000000, -1.000000000000000000 ) ) ;
#3392 = FILL_AREA_STYLE_COLOUR ( '', #3622 ) ;
#3393 = AXIS2_PLACEMENT_3D ( 'NONE', #1858, #3090, #755 ) ;
#3394 = LINE ( 'NONE', #1764, #1773 ) ;
#3395 = LINE ( 'NONE', #2152, #3803 ) ;
#3396 = ORIENTED_EDGE ( 'NONE', *, *, #2809, .F. ) ;
#3397 = MECHANICAL_DESIGN_GEOMETRIC_PRESENTATION_REPRESENTATION (  '', ( #2721 ), #880 ) ;
#3398 = PLANE ( 'NONE',  #1817 ) ;
#3399 = ORIENTED_EDGE ( 'NONE', *, *, #2672, .T. ) ;
#3400 = LINE ( 'NONE', #3089, #863 ) ;
#3401 = VERTEX_POINT ( 'NONE', #4121 ) ;
#3402 =( NAMED_UNIT ( * ) SI_UNIT ( $, .STERADIAN. ) SOLID_ANGLE_UNIT ( ) );
#3403 = LINE ( 'NONE', #407, #2221 ) ;
#3404 = CARTESIAN_POINT ( 'NONE',  ( -0.1249999999999998890, -0.7000000000000000666, 0.000000000000000000 ) ) ;
#3405 = LINE ( 'NONE', #1668, #513 ) ;
#3406 = CARTESIAN_POINT ( 'NONE',  ( 0.7750000000000001332, -1.000000000000000000, 0.000000000000000000 ) ) ;
#3407 = UNCERTAINTY_MEASURE_WITH_UNIT (LENGTH_MEASURE( 1.000000000000000082E-05 ), #1250, 'distance_accuracy_value', 'NONE');
#3408 = CARTESIAN_POINT ( 'NONE',  ( 0.5250000000000000222, 1.000000000000000000, -0.05000000000000000278 ) ) ;
#3409 = VECTOR ( 'NONE', #2319, 1000.000000000000000 ) ;
#3410 = PRESENTATION_LAYER_ASSIGNMENT (  '', '', ( #968 ) ) ;
#3411 = COLOUR_RGB ( '',1.000000000000000000, 1.000000000000000000, 1.000000000000000000 ) ;
#3412 = CARTESIAN_POINT ( 'NONE',  ( -0.3250000000000000111, -0.4000000000000000222, 0.1300000000000000044 ) ) ;
#3413 = UNCERTAINTY_MEASURE_WITH_UNIT (LENGTH_MEASURE( 1.000000000000000082E-05 ), #4318, 'distance_accuracy_value', 'NONE');
#3414 = COLOUR_RGB ( '',1.000000000000000000, 1.000000000000000000, 1.000000000000000000 ) ;
#3415 = PRESENTATION_LAYER_ASSIGNMENT (  '', '', ( #2194 ) ) ;
#3416 = LINE ( 'NONE', #3699, #2944 ) ;
#3417 = CYLINDRICAL_SURFACE ( 'NONE', #3672, 0.1000000000000000472 ) ;
#3418 = ORIENTED_EDGE ( 'NONE', *, *, #2042, .T. ) ;
#3419 = CARTESIAN_POINT ( 'NONE',  ( -0.7749999999999999112, -1.000000000000000000, 0.000000000000000000 ) ) ;
#3420 = EDGE_LOOP ( 'NONE', ( #1530, #898, #3170, #2095 ) ) ;
#3421 = LINE ( 'NONE', #1179, #1949 ) ;
#3422 = VERTEX_POINT ( 'NONE', #3748 ) ;
#3423 = PRODUCT_DEFINITION_SHAPE ( 'NONE', 'NONE',  #1451 ) ;
#3424 = LINE ( 'NONE', #3108, #2036 ) ;
#3425 = FACE_OUTER_BOUND ( 'NONE', #2026, .T. ) ;
#3426 = ORIENTED_EDGE ( 'NONE', *, *, #1407, .F. ) ;
#3427 = LINE ( 'NONE', #431, #2292 ) ;
#3428 = EDGE_CURVE ( 'NONE', #3964, #4131, #2796, .T. ) ;
#3429 = EDGE_LOOP ( 'NONE', ( #3994, #1662, #122, #1273 ) ) ;
#3430 = LINE ( 'NONE', #2105, #4110 ) ;
#3431 = EDGE_CURVE ( 'NONE', #4172, #663, #3054, .T. ) ;
#3432 = PLANE ( 'NONE',  #4044 ) ;
#3433 =( LENGTH_UNIT ( ) NAMED_UNIT ( * ) SI_UNIT ( .MILLI., .METRE. ) );
#3434 = LINE ( 'NONE', #3119, #3915 ) ;
#3435 = STYLED_ITEM ( 'NONE', ( #2646 ), #1870 ) ;
#3436 =( LENGTH_UNIT ( ) NAMED_UNIT ( * ) SI_UNIT ( .MILLI., .METRE. ) );
#3437 = CARTESIAN_POINT ( 'NONE',  ( 0.5250000000000000222, 1.000000000000000000, 0.1300000000000000044 ) ) ;
#3438 = EDGE_LOOP ( 'NONE', ( #2156, #2048, #902, #432 ) ) ;
#3439 = SURFACE_STYLE_USAGE ( .BOTH. , #1132 ) ;
#3440 = VERTEX_POINT ( 'NONE', #101 ) ;
#3441 = VECTOR ( 'NONE', #2824, 1000.000000000000000 ) ;
#3442 = PLANE ( 'NONE',  #1463 ) ;
#3443 = EDGE_LOOP ( 'NONE', ( #1465, #48, #2856, #1635 ) ) ;
#3444 =( LENGTH_UNIT ( ) NAMED_UNIT ( * ) SI_UNIT ( .MILLI., .METRE. ) );
#3445 = DIRECTION ( 'NONE',  ( -1.000000000000000000, 0.000000000000000000, -0.000000000000000000 ) ) ;
#3446 = DIRECTION ( 'NONE',  ( -1.000000000000000000, -0.000000000000000000, -0.000000000000000000 ) ) ;
#3447 = ORIENTED_EDGE ( 'NONE', *, *, #1194, .F. ) ;
#3448 = LINE ( 'NONE', #2836, #664 ) ;
#3449 = PRESENTATION_LAYER_ASSIGNMENT (  '', '', ( #793 ) ) ;
#3450 = CIRCLE ( 'NONE', #1523, 0.1000000000000000472 ) ;
#3451 = PRESENTATION_LAYER_ASSIGNMENT (  '', '', ( #4151 ) ) ;
#3452 = EDGE_CURVE ( 'NONE', #495, #3801, #2481, .T. ) ;
#3453 = FACE_OUTER_BOUND ( 'NONE', #3684, .T. ) ;
#3455 = FILL_AREA_STYLE ('',( #3392 ) ) ;
#3454 =( LENGTH_UNIT ( ) NAMED_UNIT ( * ) SI_UNIT ( .MILLI., .METRE. ) );
#3456 = LINE ( 'NONE', #140, #1996 ) ;
#3457 = VECTOR ( 'NONE', #4302, 1000.000000000000000 ) ;
#3458 = PRESENTATION_LAYER_ASSIGNMENT (  '', '', ( #454 ) ) ;
#3459 = VERTEX_POINT ( 'NONE', #3404 ) ;
#3460 = DIRECTION ( 'NONE',  ( 1.000000000000000000, 0.000000000000000000, 0.000000000000000000 ) ) ;
#3461 = ORIENTED_EDGE ( 'NONE', *, *, #901, .T. ) ;
#3462 = EDGE_CURVE ( 'NONE', #3107, #838, #3427, .T. ) ;
#3463 = AXIS2_PLACEMENT_3D ( 'NONE', #2552, #563, #4160 ) ;
#3464 = VECTOR ( 'NONE', #537, 1000.000000000000000 ) ;
#3465 = LINE ( 'NONE', #820, #4007 ) ;
#3466 = EDGE_LOOP ( 'NONE', ( #2124, #3510 ) ) ;
#3467 = DIRECTION ( 'NONE',  ( 1.000000000000000000, 0.000000000000000000, 0.000000000000000000 ) ) ;
#3468 = LINE ( 'NONE', #3691, #3933 ) ;
#3469 = DIRECTION ( 'NONE',  ( -0.000000000000000000, -1.000000000000000000, -0.000000000000000000 ) ) ;
#3470 =( LENGTH_UNIT ( ) NAMED_UNIT ( * ) SI_UNIT ( .MILLI., .METRE. ) );
#3471 = VERTEX_POINT ( 'NONE', #4049 ) ;
#3472 = LINE ( 'NONE', #1423, #1602 ) ;
#3473 = LINE ( 'NONE', #2462, #1421 ) ;
#3474 = LINE ( 'NONE', #479, #70 ) ;
#3476 = FILL_AREA_STYLE_COLOUR ( '', #761 ) ;
#3475 = CARTESIAN_POINT ( 'NONE',  ( -0.5249999999999999112, 1.000000000000000000, 0.1300000000000000044 ) ) ;
#3477 =( GEOMETRIC_REPRESENTATION_CONTEXT ( 3 ) GLOBAL_UNCERTAINTY_ASSIGNED_CONTEXT ( ( #4057 ) ) GLOBAL_UNIT_ASSIGNED_CONTEXT ( ( #2738, #3715, #1832 ) ) REPRESENTATION_CONTEXT ( 'NONE', 'WORKASPACE' ) );
#3478 = LINE ( 'NONE', #1474, #1608 ) ;
#3479 = ORIENTED_EDGE ( 'NONE', *, *, #3566, .T. ) ;
#3480 = EDGE_CURVE ( 'NONE', #976, #4001, #473, .T. ) ;
#3481 = LINE ( 'NONE', #4162, #2781 ) ;
#3482 =( GEOMETRIC_REPRESENTATION_CONTEXT ( 3 ) GLOBAL_UNCERTAINTY_ASSIGNED_CONTEXT ( ( #2822 ) ) GLOBAL_UNIT_ASSIGNED_CONTEXT ( ( #1386, #1702, #2422 ) ) REPRESENTATION_CONTEXT ( 'NONE', 'WORKASPACE' ) );
#3483 = EDGE_CURVE ( 'NONE', #4070, #2626, #53, .T. ) ;
#3484 = CIRCLE ( 'NONE', #2947, 0.09999999999999999167 ) ;
#3485 = DIRECTION ( 'NONE',  ( 0.000000000000000000, 0.000000000000000000, -1.000000000000000000 ) ) ;
#3486 = ORIENTED_EDGE ( 'NONE', *, *, #131, .F. ) ;
#3487 = CARTESIAN_POINT ( 'NONE',  ( 0.1250000000000001110, -0.7000000000000000666, 0.000000000000000000 ) ) ;
#3488 = DIRECTION ( 'NONE',  ( -0.000000000000000000, 0.000000000000000000, -1.000000000000000000 ) ) ;
#3489 = PRESENTATION_STYLE_ASSIGNMENT (( #2502 ) ) ;
#3490 = LINE ( 'NONE', #1862, #210 ) ;
#3491 = VERTEX_POINT ( 'NONE', #413 ) ;
#3492 = DIRECTION ( 'NONE',  ( 0.000000000000000000, 0.000000000000000000, -1.000000000000000000 ) ) ;
#3493 = PLANE ( 'NONE',  #3895 ) ;
#3494 = DIRECTION ( 'NONE',  ( -0.000000000000000000, 0.000000000000000000, -1.000000000000000000 ) ) ;
#3495 =( LENGTH_UNIT ( ) NAMED_UNIT ( * ) SI_UNIT ( .MILLI., .METRE. ) );
#3496 = AXIS2_PLACEMENT_3D ( 'NONE', #2059, #675, #370 ) ;
#3497 = DIRECTION ( 'NONE',  ( 1.000000000000000000, 6.776263578034403945E-17, 0.000000000000000000 ) ) ;
#3498 = PRESENTATION_STYLE_ASSIGNMENT (( #1172 ) ) ;
#3499 = UNCERTAINTY_MEASURE_WITH_UNIT (LENGTH_MEASURE( 1.000000000000000082E-05 ), #1697, 'distance_accuracy_value', 'NONE');
#3500 =( NAMED_UNIT ( * ) PLANE_ANGLE_UNIT ( ) SI_UNIT ( $, .RADIAN. ) );
#3501 = VERTEX_POINT ( 'NONE', #713 ) ;
#3502 = CARTESIAN_POINT ( 'NONE',  ( -0.7749999999999999112, -1.000000000000000000, 0.1300000000000000044 ) ) ;
#3503 = ADVANCED_FACE ( 'NONE', ( #3384 ), #3138, .F. ) ;
#3504 = ORIENTED_EDGE ( 'NONE', *, *, #2398, .F. ) ;
#3505 = SURFACE_SIDE_STYLE ('',( #2244 ) ) ;
#3506 = STYLED_ITEM ( 'NONE', ( #1360 ), #1738 ) ;
#3507 = EDGE_CURVE ( 'NONE', #2653, #465, #2196, .T. ) ;
#3508 = DIRECTION ( 'NONE',  ( 0.000000000000000000, 1.000000000000000000, 0.000000000000000000 ) ) ;
#3509 = DIRECTION ( 'NONE',  ( -1.000000000000000000, 0.000000000000000000, 0.000000000000000000 ) ) ;
#3510 = ORIENTED_EDGE ( 'NONE', *, *, #4204, .F. ) ;
#3511 = EDGE_CURVE ( 'NONE', #978, #3133, #3199, .T. ) ;
#3512 = EDGE_CURVE ( 'NONE', #1473, #2073, #3735, .T. ) ;
#3513 = EDGE_CURVE ( 'NONE', #350, #2828, #2882, .T. ) ;
#3514 = CARTESIAN_POINT ( 'NONE',  ( 0.8249999999999997335, -0.4000000000000000777, 0.000000000000000000 ) ) ;
#3515 = DIRECTION ( 'NONE',  ( 0.000000000000000000, 1.000000000000000000, 0.000000000000000000 ) ) ;
#3516 = FILL_AREA_STYLE_COLOUR ( '', #3414 ) ;
#3517 = FILL_AREA_STYLE_COLOUR ( '', #3704 ) ;
#3518 =( NAMED_UNIT ( * ) PLANE_ANGLE_UNIT ( ) SI_UNIT ( $, .RADIAN. ) );
#3519 = PRESENTATION_LAYER_ASSIGNMENT (  '', '', ( #2637 ) ) ;
#3520 = FACE_OUTER_BOUND ( 'NONE', #1101, .T. ) ;
#3521 = AXIS2_PLACEMENT_3D ( 'NONE', #1954, #269, #945 ) ;
#3522 = COLOUR_RGB ( '',1.000000000000000000, 1.000000000000000000, 1.000000000000000000 ) ;
#3523 = SURFACE_STYLE_FILL_AREA ( #3819 ) ;
#3524 = LINE ( 'NONE', #917, #1394 ) ;
#3525 = ORIENTED_EDGE ( 'NONE', *, *, #2508, .F. ) ;
#3526 = COLOUR_RGB ( '',1.000000000000000000, 1.000000000000000000, 1.000000000000000000 ) ;
#3527 = DIRECTION ( 'NONE',  ( -0.000000000000000000, -0.000000000000000000, -1.000000000000000000 ) ) ;
#3528 = AXIS2_PLACEMENT_3D ( 'NONE', #1785, #2107, #2779 ) ;
#3529 = AXIS2_PLACEMENT_3D ( 'NONE', #3965, #1664, #2053 ) ;
#3530 =( GEOMETRIC_REPRESENTATION_CONTEXT ( 3 ) GLOBAL_UNCERTAINTY_ASSIGNED_CONTEXT ( ( #2040 ) ) GLOBAL_UNIT_ASSIGNED_CONTEXT ( ( #403, #467, #1842 ) ) REPRESENTATION_CONTEXT ( 'NONE', 'WORKASPACE' ) );
#3531 = CARTESIAN_POINT ( 'NONE',  ( -0.7749999999999999112, 1.000000000000000000, 0.1300000000000000044 ) ) ;
#3532 = VERTEX_POINT ( 'NONE', #1620 ) ;
#3533 = DIRECTION ( 'NONE',  ( -0.000000000000000000, 1.000000000000000000, -0.000000000000000000 ) ) ;
#3534 = CARTESIAN_POINT ( 'NONE',  ( -0.2249999999999999778, -0.4000000000000000222, 0.1300000000000000044 ) ) ;
#3535 = SURFACE_SIDE_STYLE ('',( #2225 ) ) ;
#3536 = ORIENTED_EDGE ( 'NONE', *, *, #1989, .T. ) ;
#3537 = ORIENTED_EDGE ( 'NONE', *, *, #1036, .F. ) ;
#3538 = CARTESIAN_POINT ( 'NONE',  ( -0.1249999999999998890, -1.000000000000000000, 0.1300000000000000044 ) ) ;
#3539 = SURFACE_STYLE_USAGE ( .BOTH. , #1533 ) ;
#3540 = DIRECTION ( 'NONE',  ( 1.000000000000000000, 0.000000000000000000, -0.000000000000000000 ) ) ;
#3541 = ADVANCED_FACE ( 'NONE', ( #3876 ), #3896, .F. ) ;
#3542 = DIRECTION ( 'NONE',  ( 0.000000000000000000, 1.000000000000000000, 0.000000000000000000 ) ) ;
#3544 = PLANE ( 'NONE',  #2876 ) ;
#3543 = FILL_AREA_STYLE ('',( #3813 ) ) ;
#3545 = DIRECTION ( 'NONE',  ( -1.000000000000000000, -0.000000000000000000, -0.000000000000000000 ) ) ;
#3546 = ORIENTED_EDGE ( 'NONE', *, *, #3826, .F. ) ;
#3547 = VECTOR ( 'NONE', #2829, 1000.000000000000000 ) ;
#3548 = VECTOR ( 'NONE', #1312, 1000.000000000000000 ) ;
#3549 = PRESENTATION_LAYER_ASSIGNMENT (  '', '', ( #620 ) ) ;
#3550 = DIRECTION ( 'NONE',  ( -0.000000000000000000, 0.000000000000000000, -1.000000000000000000 ) ) ;
#3551 = VERTEX_POINT ( 'NONE', #3514 ) ;
#3552 = LINE ( 'NONE', #822, #133 ) ;
#3553 = CIRCLE ( 'NONE', #134, 0.09999999999999999167 ) ;
#3554 = VECTOR ( 'NONE', #2129, 1000.000000000000000 ) ;
#3555 = FACE_OUTER_BOUND ( 'NONE', #1392, .T. ) ;
#3556 = ORIENTED_EDGE ( 'NONE', *, *, #204, .F. ) ;
#3557 = DIRECTION ( 'NONE',  ( 0.000000000000000000, 0.000000000000000000, -1.000000000000000000 ) ) ;
#3558 = CARTESIAN_POINT ( 'NONE',  ( 0.7249999999999997558, 0.5000000000000000000, 0.000000000000000000 ) ) ;
#3559 = EDGE_CURVE ( 'NONE', #316, #3975, #515, .T. ) ;
#3560 = VERTEX_POINT ( 'NONE', #4193 ) ;
#3561 =( NAMED_UNIT ( * ) SI_UNIT ( $, .STERADIAN. ) SOLID_ANGLE_UNIT ( ) );
#3563 = CARTESIAN_POINT ( 'NONE',  ( -0.8750000000000000000, -0.7500000000000000000, 0.5549999999999999378 ) ) ;
#3562 = SURFACE_STYLE_USAGE ( .BOTH. , #3263 ) ;
#3564 = EDGE_CURVE ( 'NONE', #119, #4070, #1887, .T. ) ;
#3565 = ADVANCED_FACE ( 'NONE', ( #2919 ), #1212, .F. ) ;
#3566 = EDGE_CURVE ( 'NONE', #1850, #1051, #2543, .T. ) ;
#3567 = CARTESIAN_POINT ( 'NONE',  ( -0.7249999999999997558, 0.5000000000000000000, 0.1300000000000000044 ) ) ;
#3568 = CARTESIAN_POINT ( 'NONE',  ( -0.8249999999999997335, 0.3999999999999999667, 0.1300000000000000044 ) ) ;
#3569 = EDGE_LOOP ( 'NONE', ( #3740, #4140, #2356, #1301, #3155, #343, #1863, #1499 ) ) ;
#3570 = SURFACE_STYLE_FILL_AREA ( #2600 ) ;
#3571 = ORIENTED_EDGE ( 'NONE', *, *, #650, .T. ) ;
#3572 = FILL_AREA_STYLE ('',( #2266 ) ) ;
#3573 = FACE_OUTER_BOUND ( 'NONE', #3645, .T. ) ;
#3574 = ORIENTED_EDGE ( 'NONE', *, *, #3462, .T. ) ;
#3575 = EDGE_LOOP ( 'NONE', ( #2638, #128, #3546, #2436 ) ) ;
#3576 = AXIS2_PLACEMENT_3D ( 'NONE', #1195, #2843, #3166 ) ;
#3577 = DIRECTION ( 'NONE',  ( 0.000000000000000000, 0.000000000000000000, -1.000000000000000000 ) ) ;
#3578 = SURFACE_STYLE_FILL_AREA ( #2883 ) ;
#3579 =( NAMED_UNIT ( * ) SI_UNIT ( $, .STERADIAN. ) SOLID_ANGLE_UNIT ( ) );
#3580 = DIRECTION ( 'NONE',  ( 0.000000000000000000, 0.000000000000000000, -1.000000000000000000 ) ) ;
#3581 = VECTOR ( 'NONE', #1774, 1000.000000000000000 ) ;
#3582 = MECHANICAL_DESIGN_GEOMETRIC_PRESENTATION_REPRESENTATION (  '', ( #1149 ), #3853 ) ;
#3583 = LINE ( 'NONE', #1625, #51 ) ;
#3584 = DIRECTION ( 'NONE',  ( -1.000000000000000000, 0.000000000000000000, 0.000000000000000000 ) ) ;
#3585 = MECHANICAL_DESIGN_GEOMETRIC_PRESENTATION_REPRESENTATION (  '', ( #1154 ), #720 ) ;
#3586 = EDGE_CURVE ( 'NONE', #3358, #3023, #3221, .T. ) ;
#3587 = CIRCLE ( 'NONE', #1303, 0.09999999999999999167 ) ;
#3588 = CARTESIAN_POINT ( 'NONE',  ( 0.5250000000000000222, -0.7000000000000000666, 0.1300000000000000044 ) ) ;
#3589 = SURFACE_STYLE_FILL_AREA ( #249 ) ;
#3590 = ORIENTED_EDGE ( 'NONE', *, *, #1337, .F. ) ;
#3591 =( LENGTH_UNIT ( ) NAMED_UNIT ( * ) SI_UNIT ( .MILLI., .METRE. ) );
#3592 =( NAMED_UNIT ( * ) SI_UNIT ( $, .STERADIAN. ) SOLID_ANGLE_UNIT ( ) );
#3593 = MECHANICAL_DESIGN_GEOMETRIC_PRESENTATION_REPRESENTATION (  '', ( #2844 ), #1522 ) ;
#3594 = AXIS2_PLACEMENT_3D ( 'NONE', #1725, #1410, #662 ) ;
#3595 = PRESENTATION_LAYER_ASSIGNMENT (  '', '', ( #520 ) ) ;
#3596 = FACE_OUTER_BOUND ( 'NONE', #238, .T. ) ;
#3597 = ORIENTED_EDGE ( 'NONE', *, *, #1940, .T. ) ;
#3598 = FACE_OUTER_BOUND ( 'NONE', #4041, .T. ) ;
#3599 =( NAMED_UNIT ( * ) PLANE_ANGLE_UNIT ( ) SI_UNIT ( $, .RADIAN. ) );
#3600 = VERTEX_POINT ( 'NONE', #557 ) ;
#3601 = ORIENTED_EDGE ( 'NONE', *, *, #1646, .T. ) ;
#3602 = VECTOR ( 'NONE', #1942, 1000.000000000000000 ) ;
#3603 = AXIS2_PLACEMENT_3D ( 'NONE', #1897, #2605, #551 ) ;
#3604 = FILL_AREA_STYLE ('',( #4003 ) ) ;
#3605 =( GEOMETRIC_REPRESENTATION_CONTEXT ( 3 ) GLOBAL_UNCERTAINTY_ASSIGNED_CONTEXT ( ( #1786 ) ) GLOBAL_UNIT_ASSIGNED_CONTEXT ( ( #1965, #1237, #2250 ) ) REPRESENTATION_CONTEXT ( 'NONE', 'WORKASPACE' ) );
#3606 = CARTESIAN_POINT ( 'NONE',  ( 0.1250000000000001110, 1.000000000000000000, 0.1300000000000000044 ) ) ;
#3607 = SURFACE_SIDE_STYLE ('',( #1991 ) ) ;
#3608 = CARTESIAN_POINT ( 'NONE',  ( -0.1249999999999998890, -1.000000000000000000, 0.1300000000000000044 ) ) ;
#3609 = CARTESIAN_POINT ( 'NONE',  ( 0.7750000000000001332, -1.000000000000000000, 0.1300000000000000044 ) ) ;
#3610 = ORIENTED_EDGE ( 'NONE', *, *, #3745, .T. ) ;
#3611 = DIRECTION ( 'NONE',  ( -0.000000000000000000, -1.000000000000000000, -0.000000000000000000 ) ) ;
#3612 = EDGE_CURVE ( 'NONE', #1387, #4301, #4216, .T. ) ;
#3613 = FILL_AREA_STYLE ('',( #637 ) ) ;
#3614 = EDGE_LOOP ( 'NONE', ( #943, #3293, #2579, #2262, #1898, #1974, #1017, #2110 ) ) ;
#3615 = SURFACE_STYLE_FILL_AREA ( #2306 ) ;
#3616 = DIRECTION ( 'NONE',  ( -0.000000000000000000, -0.000000000000000000, -1.000000000000000000 ) ) ;
#3617 = AXIS2_PLACEMENT_3D ( 'NONE', #532, #3830, #2520 ) ;
#3618 = ORIENTED_EDGE ( 'NONE', *, *, #2128, .T. ) ;
#3619 = ORIENTED_EDGE ( 'NONE', *, *, #2760, .T. ) ;
#3620 = EDGE_CURVE ( 'NONE', #4001, #626, #2421, .T. ) ;
#3621 = COLOUR_RGB ( '',1.000000000000000000, 1.000000000000000000, 1.000000000000000000 ) ;
#3622 = COLOUR_RGB ( '',0.7921568627450980005, 0.8196078431372548767, 0.9333333333333333481 ) ;
#3623 =( NAMED_UNIT ( * ) PLANE_ANGLE_UNIT ( ) SI_UNIT ( $, .RADIAN. ) );
#3624 = PRESENTATION_LAYER_ASSIGNMENT (  '', '', ( #2253 ) ) ;
#3625 =( GEOMETRIC_REPRESENTATION_CONTEXT ( 3 ) GLOBAL_UNCERTAINTY_ASSIGNED_CONTEXT ( ( #3716 ) ) GLOBAL_UNIT_ASSIGNED_CONTEXT ( ( #3844, #1895, #3820 ) ) REPRESENTATION_CONTEXT ( 'NONE', 'WORKASPACE' ) );
#3626 = MECHANICAL_DESIGN_GEOMETRIC_PRESENTATION_REPRESENTATION (  '', ( #764 ), #1563 ) ;
#3627 = SURFACE_STYLE_USAGE ( .BOTH. , #263 ) ;
#3628 = DIRECTION ( 'NONE',  ( -1.000000000000000000, 0.000000000000000000, 0.000000000000000000 ) ) ;
#3629 = UNCERTAINTY_MEASURE_WITH_UNIT (LENGTH_MEASURE( 1.000000000000000082E-05 ), #1691, 'distance_accuracy_value', 'NONE');
#3630 = VERTEX_POINT ( 'NONE', #261 ) ;
#3631 = FILL_AREA_STYLE ('',( #3269 ) ) ;
#3632 = LINE ( 'NONE', #3368, #1245 ) ;
#3633 = EDGE_LOOP ( 'NONE', ( #3981, #268, #117, #552 ) ) ;
#3634 = CARTESIAN_POINT ( 'NONE',  ( 0.2249999999999999778, -0.4000000000000000222, 0.1300000000000000044 ) ) ;
#3635 = LINE ( 'NONE', #336, #3866 ) ;
#3636 = ORIENTED_EDGE ( 'NONE', *, *, #2182, .F. ) ;
#3637 = DIRECTION ( 'NONE',  ( 1.000000000000000000, 0.000000000000000000, 0.000000000000000000 ) ) ;
#3638 = ADVANCED_FACE ( 'NONE', ( #2937 ), #3339, .T. ) ;
#3639 = ORIENTED_EDGE ( 'NONE', *, *, #3773, .T. ) ;
#3640 = CARTESIAN_POINT ( 'NONE',  ( -0.7249999999999997558, 0.3999999999999999667, 0.1300000000000000044 ) ) ;
#3641 =( NAMED_UNIT ( * ) SI_UNIT ( $, .STERADIAN. ) SOLID_ANGLE_UNIT ( ) );
#3642 = DIRECTION ( 'NONE',  ( 1.000000000000000000, 0.000000000000000000, 0.000000000000000000 ) ) ;
#3643 = EDGE_CURVE ( 'NONE', #4290, #1815, #1329, .T. ) ;
#3644 = MECHANICAL_DESIGN_GEOMETRIC_PRESENTATION_REPRESENTATION (  '', ( #3435 ), #2899 ) ;
#3645 = EDGE_LOOP ( 'NONE', ( #2810, #446, #1847, #948 ) ) ;
#3646 = CARTESIAN_POINT ( 'NONE',  ( 0.2249999999999999778, -0.4000000000000000222, 0.1300000000000000044 ) ) ;
#3647 = FILL_AREA_STYLE ('',( #4308 ) ) ;
#3648 = CIRCLE ( 'NONE', #2339, 0.09999999999999999167 ) ;
#3649 = EDGE_CURVE ( 'NONE', #2909, #1253, #319, .T. ) ;
#3650 = AXIS2_PLACEMENT_3D ( 'NONE', #1933, #4289, #1972 ) ;
#3651 =( LENGTH_UNIT ( ) NAMED_UNIT ( * ) SI_UNIT ( .MILLI., .METRE. ) );
#3652 = CARTESIAN_POINT ( 'NONE',  ( 0.7750000000000001332, 1.000000000000000000, 0.1300000000000000044 ) ) ;
#3653 = EDGE_LOOP ( 'NONE', ( #3322, #3682, #1198, #191 ) ) ;
#3654 = FACE_OUTER_BOUND ( 'NONE', #318, .T. ) ;
#3655 = ORIENTED_EDGE ( 'NONE', *, *, #1534, .F. ) ;
#3656 =( GEOMETRIC_REPRESENTATION_CONTEXT ( 3 ) GLOBAL_UNCERTAINTY_ASSIGNED_CONTEXT ( ( #3165 ) ) GLOBAL_UNIT_ASSIGNED_CONTEXT ( ( #1960, #1980, #1596 ) ) REPRESENTATION_CONTEXT ( 'NONE', 'WORKASPACE' ) );
#3657 = CARTESIAN_POINT ( 'NONE',  ( 0.8249999999999997335, 0.3999999999999999667, 0.1300000000000000044 ) ) ;
#3658 = CARTESIAN_POINT ( 'NONE',  ( 0.1250000000000001110, -0.7000000000000000666, 0.1300000000000000044 ) ) ;
#3659 = VERTEX_POINT ( 'NONE', #1687 ) ;
#3660 = DIRECTION ( 'NONE',  ( 0.000000000000000000, 1.000000000000000000, 0.000000000000000000 ) ) ;
#3661 = AXIS2_PLACEMENT_3D ( 'NONE', #911, #2293, #1927 ) ;
#3662 = AXIS2_PLACEMENT_3D ( 'NONE', #1595, #2245, #3274 ) ;
#3663 = ORIENTED_EDGE ( 'NONE', *, *, #2012, .T. ) ;
#3664 =( NAMED_UNIT ( * ) PLANE_ANGLE_UNIT ( ) SI_UNIT ( $, .RADIAN. ) );
#3665 = FILL_AREA_STYLE ('',( #30 ) ) ;
#3666 = CARTESIAN_POINT ( 'NONE',  ( -0.3250000000000000111, 0.4000000000000000222, 0.000000000000000000 ) ) ;
#3667 = MECHANICAL_DESIGN_GEOMETRIC_PRESENTATION_REPRESENTATION (  '', ( #801 ), #2086 ) ;
#3668 = AXIS2_PLACEMENT_3D ( 'NONE', #129, #1467, #1077 ) ;
#3669 = MECHANICAL_DESIGN_GEOMETRIC_PRESENTATION_REPRESENTATION (  '', ( #4231 ), #3530 ) ;
#3670 = DIRECTION ( 'NONE',  ( -0.000000000000000000, -0.000000000000000000, -1.000000000000000000 ) ) ;
#3671 = CARTESIAN_POINT ( 'NONE',  ( 0.3250000000000000111, -0.4000000000000000222, 0.1300000000000000044 ) ) ;
#3672 = AXIS2_PLACEMENT_3D ( 'NONE', #1432, #169, #461 ) ;
#3673 = EDGE_CURVE ( 'NONE', #67, #1476, #667, .T. ) ;
#3674 =( GEOMETRIC_REPRESENTATION_CONTEXT ( 3 ) GLOBAL_UNCERTAINTY_ASSIGNED_CONTEXT ( ( #4108 ) ) GLOBAL_UNIT_ASSIGNED_CONTEXT ( ( #2820, #1889, #2213 ) ) REPRESENTATION_CONTEXT ( 'NONE', 'WORKASPACE' ) );
#3675 = CARTESIAN_POINT ( 'NONE',  ( -0.3250000000000000111, -0.5000000000000000000, 0.1300000000000000044 ) ) ;
#3676 = CARTESIAN_POINT ( 'NONE',  ( -0.7500000000000000000, -0.7500000000000000000, 0.6049999999999999822 ) ) ;
#3677 = ORIENTED_EDGE ( 'NONE', *, *, #1061, .T. ) ;
#3678 = UNCERTAINTY_MEASURE_WITH_UNIT (LENGTH_MEASURE( 1.000000000000000082E-05 ), #2932, 'distance_accuracy_value', 'NONE');
#3679 = CARTESIAN_POINT ( 'NONE',  ( -0.6250000000000000000, -0.7500000000000000000, 0.5549999999999999378 ) ) ;
#3680 = CARTESIAN_POINT ( 'NONE',  ( -0.2250000000000000333, 0.4000000000000000222, 0.1300000000000000044 ) ) ;
#3681 = ORIENTED_EDGE ( 'NONE', *, *, #566, .T. ) ;
#3682 = ORIENTED_EDGE ( 'NONE', *, *, #3428, .F. ) ;
#3683 = DIRECTION ( 'NONE',  ( -1.000000000000000000, 6.776263578034403945E-17, 0.000000000000000000 ) ) ;
#3684 = EDGE_LOOP ( 'NONE', ( #2448, #3655, #1837, #3948 ) ) ;
#3685 =( LENGTH_UNIT ( ) NAMED_UNIT ( * ) SI_UNIT ( .MILLI., .METRE. ) );
#3686 = DIRECTION ( 'NONE',  ( -0.000000000000000000, -0.000000000000000000, -1.000000000000000000 ) ) ;
#3687 = CARTESIAN_POINT ( 'NONE',  ( 0.7249999999999997558, -0.4000000000000000777, 0.1300000000000000044 ) ) ;
#3688 = VECTOR ( 'NONE', #623, 1000.000000000000000 ) ;
#3689 = DIRECTION ( 'NONE',  ( 0.000000000000000000, -1.000000000000000000, 0.000000000000000000 ) ) ;
#3690 = CIRCLE ( 'NONE', #894, 0.1250000000000000000 ) ;
#3691 = CARTESIAN_POINT ( 'NONE',  ( -0.3250000000000000111, 0.5000000000000000000, -0.05000000000000000278 ) ) ;
#3692 = CARTESIAN_POINT ( 'NONE',  ( -0.6250000000000000000, -0.7500000000000000000, 0.5549999999999999378 ) ) ;
#3693 = AXIS2_PLACEMENT_3D ( 'NONE', #4039, #1107, #3718 ) ;
#3694 = CARTESIAN_POINT ( 'NONE',  ( -0.7749999999999999112, -1.000000000000000000, 0.1300000000000000044 ) ) ;
#3695 = ADVANCED_FACE ( 'NONE', ( #2311 ), #301, .T. ) ;
#3696 = DIRECTION ( 'NONE',  ( 0.000000000000000000, 0.000000000000000000, -1.000000000000000000 ) ) ;
#3697 = EDGE_CURVE ( 'NONE', #3560, #3852, #981, .T. ) ;
#3698 = EDGE_CURVE ( 'NONE', #2612, #1022, #804, .T. ) ;
#3699 = CARTESIAN_POINT ( 'NONE',  ( 0.3250000000000000111, -0.5000000000000000000, 0.1300000000000000044 ) ) ;
#3700 = CARTESIAN_POINT ( 'NONE',  ( -0.3250000000000000111, -0.5000000000000000000, -0.05000000000000000278 ) ) ;
#3701 = VERTEX_POINT ( 'NONE', #1351 ) ;
#3702 = LINE ( 'NONE', #3658, #2149 ) ;
#3703 = ORIENTED_EDGE ( 'NONE', *, *, #856, .T. ) ;
#3704 = COLOUR_RGB ( '',1.000000000000000000, 1.000000000000000000, 1.000000000000000000 ) ;
#3705 = SURFACE_SIDE_STYLE ('',( #3372 ) ) ;
#3706 = ADVANCED_FACE ( 'NONE', ( #3359 ), #344, .T. ) ;
#3707 = ORIENTED_EDGE ( 'NONE', *, *, #511, .F. ) ;
#3708 =( NAMED_UNIT ( * ) PLANE_ANGLE_UNIT ( ) SI_UNIT ( $, .RADIAN. ) );
#3709 = DIRECTION ( 'NONE',  ( -0.000000000000000000, -1.000000000000000000, -0.000000000000000000 ) ) ;
#3710 = CARTESIAN_POINT ( 'NONE',  ( -0.7749999999999999112, -0.7000000000000000666, 0.1300000000000000044 ) ) ;
#3711 = CARTESIAN_POINT ( 'NONE',  ( -0.5249999999999999112, -0.7000000000000000666, 0.1300000000000000044 ) ) ;
#3712 = LINE ( 'NONE', #367, #2082 ) ;
#3713 = CARTESIAN_POINT ( 'NONE',  ( -0.7749999999999999112, -0.7000000000000000666, 0.1300000000000000044 ) ) ;
#3714 = LINE ( 'NONE', #327, #694 ) ;
#3715 =( NAMED_UNIT ( * ) PLANE_ANGLE_UNIT ( ) SI_UNIT ( $, .RADIAN. ) );
#3716 = UNCERTAINTY_MEASURE_WITH_UNIT (LENGTH_MEASURE( 1.000000000000000082E-05 ), #3844, 'distance_accuracy_value', 'NONE');
#3717 = CARTESIAN_POINT ( 'NONE',  ( -0.7249999999999997558, 0.3999999999999999667, 0.1300000000000000044 ) ) ;
#3718 = DIRECTION ( 'NONE',  ( -0.000000000000000000, 0.000000000000000000, -1.000000000000000000 ) ) ;
#3719 = LINE ( 'NONE', #1497, #4236 ) ;
#3720 = ORIENTED_EDGE ( 'NONE', *, *, #2621, .F. ) ;
#3721 =( NAMED_UNIT ( * ) SI_UNIT ( $, .STERADIAN. ) SOLID_ANGLE_UNIT ( ) );
#3722 = VERTEX_POINT ( 'NONE', #3378 ) ;
#3723 = VECTOR ( 'NONE', #996, 1000.000000000000000 ) ;
#3724 = ORIENTED_EDGE ( 'NONE', *, *, #699, .T. ) ;
#3725 = PRESENTATION_STYLE_ASSIGNMENT (( #2811 ) ) ;
#3726 =( GEOMETRIC_REPRESENTATION_CONTEXT ( 3 ) GLOBAL_UNCERTAINTY_ASSIGNED_CONTEXT ( ( #2865 ) ) GLOBAL_UNIT_ASSIGNED_CONTEXT ( ( #1078, #1401, #1690 ) ) REPRESENTATION_CONTEXT ( 'NONE', 'WORKASPACE' ) );
#3727 = PLANE ( 'NONE',  #3932 ) ;
#3728 = MECHANICAL_DESIGN_GEOMETRIC_PRESENTATION_REPRESENTATION (  '', ( #1305 ), #2982 ) ;
#3729 = STYLED_ITEM ( 'NONE', ( #3217 ), #3019 ) ;
#3730 = VERTEX_POINT ( 'NONE', #4025 ) ;
#3731 = CARTESIAN_POINT ( 'NONE',  ( 0.3250000000000000111, 0.5000000000000000000, 0.1300000000000000044 ) ) ;
#3732 = STYLED_ITEM ( 'NONE', ( #3128 ), #3299 ) ;
#3733 = SURFACE_STYLE_FILL_AREA ( #2754 ) ;
#3734 = LINE ( 'NONE', #741, #974 ) ;
#3735 = CIRCLE ( 'NONE', #1097, 0.1000000000000000472 ) ;
#3736 = DIRECTION ( 'NONE',  ( 1.000000000000000000, 0.000000000000000000, 0.000000000000000000 ) ) ;
#3737 = SURFACE_STYLE_FILL_AREA ( #1405 ) ;
#3738 = CIRCLE ( 'NONE', #2093, 0.09999999999999999167 ) ;
#3739 =( NAMED_UNIT ( * ) PLANE_ANGLE_UNIT ( ) SI_UNIT ( $, .RADIAN. ) );
#3740 = ORIENTED_EDGE ( 'NONE', *, *, #2621, .T. ) ;
#3741 = EDGE_LOOP ( 'NONE', ( #2553, #2698, #257, #4166 ) ) ;
#3742 = ADVANCED_FACE ( 'NONE', ( #708 ), #757, .T. ) ;
#3743 = DIRECTION ( 'NONE',  ( 1.000000000000000000, 0.000000000000000000, 0.000000000000000000 ) ) ;
#3744 = VERTEX_POINT ( 'NONE', #2475 ) ;
#3745 = EDGE_CURVE ( 'NONE', #2314, #671, #1692, .T. ) ;
#3746 = SURFACE_SIDE_STYLE ('',( #428 ) ) ;
#3747 = EDGE_CURVE ( 'NONE', #1000, #622, #4096, .T. ) ;
#3748 = CARTESIAN_POINT ( 'NONE',  ( 0.7750000000000001332, -1.000000000000000000, 0.1300000000000000044 ) ) ;
#3749 = ORIENTED_EDGE ( 'NONE', *, *, #1536, .F. ) ;
#3750 = CARTESIAN_POINT ( 'NONE',  ( -0.1249999999999998890, 1.000000000000000000, 0.1300000000000000044 ) ) ;
#3751 = FACE_OUTER_BOUND ( 'NONE', #2432, .T. ) ;
#3752 = CIRCLE ( 'NONE', #1902, 0.1000000000000000472 ) ;
#3753 = MECHANICAL_DESIGN_GEOMETRIC_PRESENTATION_REPRESENTATION (  '', ( #2664 ), #3008 ) ;
#3754 = VECTOR ( 'NONE', #1299, 1000.000000000000000 ) ;
#3755 = STYLED_ITEM ( 'NONE', ( #3498 ), #2816 ) ;
#3756 = PLANE ( 'NONE',  #1233 ) ;
#3758 = SURFACE_SIDE_STYLE ('',( #457 ) ) ;
#3757 =( NAMED_UNIT ( * ) PLANE_ANGLE_UNIT ( ) SI_UNIT ( $, .RADIAN. ) );
#3759 = DIRECTION ( 'NONE',  ( 1.000000000000000000, 0.000000000000000000, 0.000000000000000000 ) ) ;
#3760 = AXIS2_PLACEMENT_3D ( 'NONE', #1307, #2352, #3943 ) ;
#3761 = FILL_AREA_STYLE_COLOUR ( '', #1270 ) ;
#3762 = DIRECTION ( 'NONE',  ( 0.000000000000000000, -0.000000000000000000, 1.000000000000000000 ) ) ;
#3763 = ORIENTED_EDGE ( 'NONE', *, *, #1070, .T. ) ;
#3764 = ORIENTED_EDGE ( 'NONE', *, *, #3984, .F. ) ;
#3765 = CARTESIAN_POINT ( 'NONE',  ( -0.7749999999999999112, 1.000000000000000000, 0.1300000000000000044 ) ) ;
#3766 = EDGE_LOOP ( 'NONE', ( #79, #2135, #1324, #2802 ) ) ;
#3767 = CARTESIAN_POINT ( 'NONE',  ( 0.2249999999999999778, -0.4000000000000000222, 0.1300000000000000044 ) ) ;
#3768 = DIRECTION ( 'NONE',  ( -1.000000000000000000, 0.000000000000000000, -0.000000000000000000 ) ) ;
#3769 = FILL_AREA_STYLE_COLOUR ( '', #1487 ) ;
#3770 = ORIENTED_EDGE ( 'NONE', *, *, #285, .F. ) ;
#3771 = DIRECTION ( 'NONE',  ( 0.000000000000000000, 1.000000000000000000, 0.000000000000000000 ) ) ;
#3772 = FILL_AREA_STYLE ('',( #2463 ) ) ;
#3773 = EDGE_CURVE ( 'NONE', #1326, #1205, #796, .T. ) ;
#3774 = DIRECTION ( 'NONE',  ( 1.000000000000000000, 0.000000000000000000, 0.000000000000000000 ) ) ;
#3775 = ADVANCED_FACE ( 'NONE', ( #1419 ), #2119, .F. ) ;
#3777 = DIRECTION ( 'NONE',  ( 1.000000000000000000, 0.000000000000000000, 0.000000000000000000 ) ) ;
#3776 = SURFACE_STYLE_FILL_AREA ( #110 ) ;
#3778 = SURFACE_STYLE_USAGE ( .BOTH. , #768 ) ;
#3779 = DIRECTION ( 'NONE',  ( 0.000000000000000000, 0.000000000000000000, -1.000000000000000000 ) ) ;
#3780 = VERTEX_POINT ( 'NONE', #381 ) ;
#3781 = ORIENTED_EDGE ( 'NONE', *, *, #3875, .F. ) ;
#3782 = MECHANICAL_DESIGN_GEOMETRIC_PRESENTATION_REPRESENTATION (  '', ( #1730 ), #172 ) ;
#3783 = ORIENTED_EDGE ( 'NONE', *, *, #3804, .F. ) ;
#3784 = DIRECTION ( 'NONE',  ( 0.000000000000000000, -0.000000000000000000, -1.000000000000000000 ) ) ;
#3785 = FACE_OUTER_BOUND ( 'NONE', #3191, .T. ) ;
#3786 = DIRECTION ( 'NONE',  ( -0.000000000000000000, 1.000000000000000000, -0.000000000000000000 ) ) ;
#3787 = CARTESIAN_POINT ( 'NONE',  ( 0.3250000000000000111, -0.4000000000000000222, 0.1300000000000000044 ) ) ;
#3788 = ORIENTED_EDGE ( 'NONE', *, *, #3261, .F. ) ;
#3789 = PRESENTATION_STYLE_ASSIGNMENT (( #738 ) ) ;
#3790 = DIRECTION ( 'NONE',  ( -0.000000000000000000, -1.000000000000000000, -0.000000000000000000 ) ) ;
#3791 = VECTOR ( 'NONE', #71, 1000.000000000000000 ) ;
#3792 = LINE ( 'NONE', #2143, #1175 ) ;
#3793 = FILL_AREA_STYLE_COLOUR ( '', #1113 ) ;
#3794 = UNCERTAINTY_MEASURE_WITH_UNIT (LENGTH_MEASURE( 1.000000000000000082E-05 ), #1893, 'distance_accuracy_value', 'NONE');
#3795 =( LENGTH_UNIT ( ) NAMED_UNIT ( * ) SI_UNIT ( .MILLI., .METRE. ) );
#3796 =( GEOMETRIC_REPRESENTATION_CONTEXT ( 3 ) GLOBAL_UNCERTAINTY_ASSIGNED_CONTEXT ( ( #873 ) ) GLOBAL_UNIT_ASSIGNED_CONTEXT ( ( #3685, #629, #2965 ) ) REPRESENTATION_CONTEXT ( 'NONE', 'WORKASPACE' ) );
#3797 = EDGE_CURVE ( 'NONE', #237, #1347, #3424, .T. ) ;
#3798 = VECTOR ( 'NONE', #2360, 1000.000000000000000 ) ;
#3799 = CARTESIAN_POINT ( 'NONE',  ( 0.1250000000000001110, -1.000000000000000000, 0.1300000000000000044 ) ) ;
#3800 = FACE_OUTER_BOUND ( 'NONE', #1732, .T. ) ;
#3801 = VERTEX_POINT ( 'NONE', #1116 ) ;
#3802 = ORIENTED_EDGE ( 'NONE', *, *, #3055, .T. ) ;
#3803 = VECTOR ( 'NONE', #2491, 1000.000000000000000 ) ;
#3804 = EDGE_CURVE ( 'NONE', #3371, #3744, #3816, .T. ) ;
#3805 = VECTOR ( 'NONE', #1904, 1000.000000000000000 ) ;
#3806 = CARTESIAN_POINT ( 'NONE',  ( 0.3250000000000000111, 0.5000000000000000000, 0.1300000000000000044 ) ) ;
#3807 = VERTEX_POINT ( 'NONE', #1752 ) ;
#3808 = DIRECTION ( 'NONE',  ( 1.000000000000000000, 0.000000000000000000, 0.000000000000000000 ) ) ;
#3809 = EDGE_LOOP ( 'NONE', ( #3536, #2345, #1698, #103 ) ) ;
#3810 = CARTESIAN_POINT ( 'NONE',  ( -0.7000961623601622552, -0.5000000000000000000, 0.1300000000000000044 ) ) ;
#3811 = CARTESIAN_POINT ( 'NONE',  ( -0.8249999999999997335, -0.3750961623601626327, 0.1300000000000000044 ) ) ;
#3812 = LINE ( 'NONE', #499, #1854 ) ;
#3814 = DIRECTION ( 'NONE',  ( 0.000000000000000000, 1.000000000000000000, 0.000000000000000000 ) ) ;
#3813 = FILL_AREA_STYLE_COLOUR ( '', #1770 ) ;
#3815 = CARTESIAN_POINT ( 'NONE',  ( 0.7750000000000001332, 1.000000000000000000, 0.000000000000000000 ) ) ;
#3816 = CIRCLE ( 'NONE', #50, 0.1250000000000000000 ) ;
#3817 = VECTOR ( 'NONE', #1605, 1000.000000000000000 ) ;
#3818 = EDGE_CURVE ( 'NONE', #4290, #2929, #469, .T. ) ;
#3819 = FILL_AREA_STYLE ('',( #2176 ) ) ;
#3820 =( NAMED_UNIT ( * ) SI_UNIT ( $, .STERADIAN. ) SOLID_ANGLE_UNIT ( ) );
#3821 = ORIENTED_EDGE ( 'NONE', *, *, #2303, .F. ) ;
#3822 = EDGE_CURVE ( 'NONE', #3023, #1111, #29, .T. ) ;
#3823 = COLOUR_RGB ( '',0.7921568627450980005, 0.8196078431372548767, 0.9333333333333333481 ) ;
#3824 = AXIS2_PLACEMENT_3D ( 'NONE', #3158, #3509, #1485 ) ;
#3825 = PRESENTATION_LAYER_ASSIGNMENT (  '', '', ( #625 ) ) ;
#3826 = EDGE_CURVE ( 'NONE', #4299, #1850, #49, .T. ) ;
#3827 = PRODUCT_DEFINITION_FORMATION_WITH_SPECIFIED_SOURCE ( 'ANY', '', #421, .NOT_KNOWN. ) ;
#3828 = LINE ( 'NONE', #3765, #4158 ) ;
#3829 = ORIENTED_EDGE ( 'NONE', *, *, #262, .T. ) ;
#3830 = DIRECTION ( 'NONE',  ( -1.000000000000000000, 0.000000000000000000, 0.000000000000000000 ) ) ;
#3831 = CARTESIAN_POINT ( 'NONE',  ( 0.3250000000000000111, 0.5000000000000000000, 0.1300000000000000044 ) ) ;
#3832 = PLANE ( 'NONE',  #2192 ) ;
#3833 = ORIENTED_EDGE ( 'NONE', *, *, #3511, .F. ) ;
#3834 = EDGE_CURVE ( 'NONE', #2626, #1326, #1072, .T. ) ;
#3835 = FILL_AREA_STYLE_COLOUR ( '', #875 ) ;
#3836 = LINE ( 'NONE', #1926, #1219 ) ;
#3837 = SURFACE_STYLE_USAGE ( .BOTH. , #2798 ) ;
#3838 = AXIS2_PLACEMENT_3D ( 'NONE', #2416, #1357, #2689 ) ;
#3839 = PRESENTATION_STYLE_ASSIGNMENT (( #2215 ) ) ;
#3841 = DIRECTION ( 'NONE',  ( 0.000000000000000000, -1.000000000000000000, 0.000000000000000000 ) ) ;
#3840 = SURFACE_SIDE_STYLE ('',( #1946 ) ) ;
#3842 = UNCERTAINTY_MEASURE_WITH_UNIT (LENGTH_MEASURE( 1.000000000000000082E-05 ), #719, 'distance_accuracy_value', 'NONE');
#3843 = PLANE ( 'NONE',  #3363 ) ;
#3844 =( LENGTH_UNIT ( ) NAMED_UNIT ( * ) SI_UNIT ( .MILLI., .METRE. ) );
#3845 = ORIENTED_EDGE ( 'NONE', *, *, #3390, .F. ) ;
#3846 = PLANE ( 'NONE',  #4303 ) ;
#3847 = ORIENTED_EDGE ( 'NONE', *, *, #1989, .F. ) ;
#3848 = PRESENTATION_STYLE_ASSIGNMENT (( #507 ) ) ;
#3849 =( NAMED_UNIT ( * ) PLANE_ANGLE_UNIT ( ) SI_UNIT ( $, .RADIAN. ) );
#3850 = CIRCLE ( 'NONE', #4053, 0.09999999999999993616 ) ;
#3851 = CARTESIAN_POINT ( 'NONE',  ( -0.7749999999999999112, 0.7000000000000000666, 0.000000000000000000 ) ) ;
#3852 = VERTEX_POINT ( 'NONE', #3889 ) ;
#3853 =( GEOMETRIC_REPRESENTATION_CONTEXT ( 3 ) GLOBAL_UNCERTAINTY_ASSIGNED_CONTEXT ( ( #1106 ) ) GLOBAL_UNIT_ASSIGNED_CONTEXT ( ( #3436, #115, #1810 ) ) REPRESENTATION_CONTEXT ( 'NONE', 'WORKASPACE' ) );
#3854 = CARTESIAN_POINT ( 'NONE',  ( -0.1249999999999998890, -1.000000000000000000, 0.1300000000000000044 ) ) ;
#3855 = PLANE ( 'NONE',  #1143 ) ;
#3856 = DIRECTION ( 'NONE',  ( 0.000000000000000000, -0.000000000000000000, 1.000000000000000000 ) ) ;
#3857 = VECTOR ( 'NONE', #1095, 1000.000000000000000 ) ;
#3858 =( NAMED_UNIT ( * ) SI_UNIT ( $, .STERADIAN. ) SOLID_ANGLE_UNIT ( ) );
#3859 =( LENGTH_UNIT ( ) NAMED_UNIT ( * ) SI_UNIT ( .MILLI., .METRE. ) );
#3860 = MECHANICAL_DESIGN_GEOMETRIC_PRESENTATION_REPRESENTATION (  '', ( #1666 ), #3114 ) ;
#3861 =( GEOMETRIC_REPRESENTATION_CONTEXT ( 3 ) GLOBAL_UNCERTAINTY_ASSIGNED_CONTEXT ( ( #1696 ) ) GLOBAL_UNIT_ASSIGNED_CONTEXT ( ( #1484, #3708, #2072 ) ) REPRESENTATION_CONTEXT ( 'NONE', 'WORKASPACE' ) );
#3862 = PRESENTATION_LAYER_ASSIGNMENT (  '', '', ( #936 ) ) ;
#3863 = DIRECTION ( 'NONE',  ( 1.000000000000000000, 0.000000000000000000, -0.000000000000000000 ) ) ;
#3864 = DIRECTION ( 'NONE',  ( -0.000000000000000000, 0.000000000000000000, -1.000000000000000000 ) ) ;
#3865 = ORIENTED_EDGE ( 'NONE', *, *, #2348, .T. ) ;
#3866 = VECTOR ( 'NONE', #640, 1000.000000000000000 ) ;
#3867 = VECTOR ( 'NONE', #2336, 1000.000000000000000 ) ;
#3868 = VECTOR ( 'NONE', #2028, 1000.000000000000000 ) ;
#3869 = CARTESIAN_POINT ( 'NONE',  ( 0.3250000000000000111, -0.5000000000000000000, 0.000000000000000000 ) ) ;
#3870 = ORIENTED_EDGE ( 'NONE', *, *, #1865, .F. ) ;
#3871 = CARTESIAN_POINT ( 'NONE',  ( 0.2249999999999999778, -0.4000000000000000222, 0.000000000000000000 ) ) ;
#3872 = ORIENTED_EDGE ( 'NONE', *, *, #3483, .T. ) ;
#3873 = EDGE_CURVE ( 'NONE', #3401, #149, #3232, .T. ) ;
#3874 = VECTOR ( 'NONE', #2750, 1000.000000000000000 ) ;
#3875 = EDGE_CURVE ( 'NONE', #441, #374, #1573, .T. ) ;
#3876 = FACE_OUTER_BOUND ( 'NONE', #3438, .T. ) ;
#3877 = ADVANCED_FACE ( 'NONE', ( #1920 ), #4211, .T. ) ;
#3878 = LINE ( 'NONE', #3200, #3034 ) ;
#3879 = FILL_AREA_STYLE ('',( #4220 ) ) ;
#3881 = PRESENTATION_STYLE_ASSIGNMENT (( #2573 ) ) ;
#3880 = FILL_AREA_STYLE_COLOUR ( '', #3621 ) ;
#3882 = SURFACE_STYLE_USAGE ( .BOTH. , #3924 ) ;
#3883 =( LENGTH_UNIT ( ) NAMED_UNIT ( * ) SI_UNIT ( .MILLI., .METRE. ) );
#3884 = SURFACE_STYLE_FILL_AREA ( #1199 ) ;
#3885 = VERTEX_POINT ( 'NONE', #3487 ) ;
#3886 =( GEOMETRIC_REPRESENTATION_CONTEXT ( 3 ) GLOBAL_UNCERTAINTY_ASSIGNED_CONTEXT ( ( #959 ) ) GLOBAL_UNIT_ASSIGNED_CONTEXT ( ( #2500, #1526, #3215 ) ) REPRESENTATION_CONTEXT ( 'NONE', 'WORKASPACE' ) );
#3887 = COLOUR_RGB ( '',1.000000000000000000, 1.000000000000000000, 1.000000000000000000 ) ;
#3888 = ORIENTED_EDGE ( 'NONE', *, *, #2350, .F. ) ;
#3889 = CARTESIAN_POINT ( 'NONE',  ( 0.1250000000000001110, 1.000000000000000000, -0.05000000000000000278 ) ) ;
#3890 = AXIS2_PLACEMENT_3D ( 'NONE', #3045, #3094, #31 ) ;
#3891 =( GEOMETRIC_REPRESENTATION_CONTEXT ( 3 ) GLOBAL_UNCERTAINTY_ASSIGNED_CONTEXT ( ( #3842 ) ) GLOBAL_UNIT_ASSIGNED_CONTEXT ( ( #719, #1448, #1471 ) ) REPRESENTATION_CONTEXT ( 'NONE', 'WORKASPACE' ) );
#3892 = DIRECTION ( 'NONE',  ( -1.000000000000000000, 0.000000000000000000, 0.000000000000000000 ) ) ;
#3893 = DIRECTION ( 'NONE',  ( -1.000000000000000000, 0.000000000000000000, 0.000000000000000000 ) ) ;
#3894 = ORIENTED_EDGE ( 'NONE', *, *, #3697, .T. ) ;
#3895 = AXIS2_PLACEMENT_3D ( 'NONE', #474, #3139, #2439 ) ;
#3896 = PLANE ( 'NONE',  #591 ) ;
#3897 = LINE ( 'NONE', #4260, #999 ) ;
#3898 = DIRECTION ( 'NONE',  ( -0.000000000000000000, 0.000000000000000000, 1.000000000000000000 ) ) ;
#3899 = EDGE_CURVE ( 'NONE', #149, #3560, #3552, .T. ) ;
#3900 = DIRECTION ( 'NONE',  ( 0.000000000000000000, -0.000000000000000000, 1.000000000000000000 ) ) ;
#3902 = CARTESIAN_POINT ( 'NONE',  ( -0.5249999999999999112, 1.000000000000000000, 0.1300000000000000044 ) ) ;
#3901 = DIRECTION ( 'NONE',  ( -1.000000000000000000, -0.000000000000000000, -0.000000000000000000 ) ) ;
#3903 = MECHANICAL_DESIGN_GEOMETRIC_PRESENTATION_REPRESENTATION (  '', ( #4215 ), #3357 ) ;
#3904 = CARTESIAN_POINT ( 'NONE',  ( 0.3250000000000000111, -0.4000000000000000222, -0.05000000000000000278 ) ) ;
#3905 = CARTESIAN_POINT ( 'NONE',  ( -0.1249999999999998890, -0.7000000000000000666, 0.1300000000000000044 ) ) ;
#3906 = CARTESIAN_POINT ( 'NONE',  ( -0.7249999999999997558, 0.3999999999999999667, 0.1300000000000000044 ) ) ;
#3907 = EDGE_LOOP ( 'NONE', ( #1779, #2460, #73, #2425 ) ) ;
#3908 = SURFACE_STYLE_USAGE ( .BOTH. , #3246 ) ;
#3909 = CARTESIAN_POINT ( 'NONE',  ( -0.3250000000000000111, 0.5000000000000000000, 0.1300000000000000044 ) ) ;
#3910 = DIRECTION ( 'NONE',  ( 0.000000000000000000, 0.000000000000000000, -1.000000000000000000 ) ) ;
#3911 = ORIENTED_EDGE ( 'NONE', *, *, #1398, .F. ) ;
#3912 = CARTESIAN_POINT ( 'NONE',  ( -0.8249999999999997335, -0.3750961623601626327, 0.1300000000000000044 ) ) ;
#3913 = LINE ( 'NONE', #924, #1741 ) ;
#3914 = ORIENTED_EDGE ( 'NONE', *, *, #231, .T. ) ;
#3915 = VECTOR ( 'NONE', #113, 1000.000000000000000 ) ;
#3916 = FILL_AREA_STYLE ('',( #1001 ) ) ;
#3917 = SURFACE_SIDE_STYLE ('',( #3578 ) ) ;
#3918 = DIRECTION ( 'NONE',  ( -0.000000000000000000, -0.000000000000000000, -1.000000000000000000 ) ) ;
#3919 = CARTESIAN_POINT ( 'NONE',  ( 0.7750000000000001332, 1.000000000000000000, 0.1300000000000000044 ) ) ;
#3920 = VECTOR ( 'NONE', #3515, 1000.000000000000000 ) ;
#3921 = CLOSED_SHELL ( 'NONE', ( #2429, #860, #1616, #2946, #3541, #1508 ) ) ;
#3922 = FACE_OUTER_BOUND ( 'NONE', #3168, .T. ) ;
#3923 = DIRECTION ( 'NONE',  ( -1.000000000000000000, -0.000000000000000000, -0.000000000000000000 ) ) ;
#3924 = SURFACE_SIDE_STYLE ('',( #1968 ) ) ;
#3925 = EDGE_CURVE ( 'NONE', #4237, #3780, #235, .T. ) ;
#3926 = AXIS2_PLACEMENT_3D ( 'NONE', #2054, #1964, #1688 ) ;
#3927 = VECTOR ( 'NONE', #3670, 1000.000000000000000 ) ;
#3928 = LINE ( 'NONE', #1674, #150 ) ;
#3929 = DIRECTION ( 'NONE',  ( 0.000000000000000000, 0.000000000000000000, 1.000000000000000000 ) ) ;
#3930 = VERTEX_POINT ( 'NONE', #2207 ) ;
#3931 = EDGE_CURVE ( 'NONE', #1162, #350, #3752, .T. ) ;
#3932 = AXIS2_PLACEMENT_3D ( 'NONE', #4291, #1976, #2208 ) ;
#3933 = VECTOR ( 'NONE', #1845, 1000.000000000000000 ) ;
#3934 = CARTESIAN_POINT ( 'NONE',  ( -0.1249999999999998890, -0.7000000000000000666, -0.05000000000000000278 ) ) ;
#3935 = VERTEX_POINT ( 'NONE', #491 ) ;
#3936 = DIRECTION ( 'NONE',  ( 0.000000000000000000, 1.000000000000000000, 0.000000000000000000 ) ) ;
#3937 = DIRECTION ( 'NONE',  ( 1.000000000000000000, 0.000000000000000000, -0.000000000000000000 ) ) ;
#3938 = ORIENTED_EDGE ( 'NONE', *, *, #2936, .T. ) ;
#3939 = DIRECTION ( 'NONE',  ( 0.000000000000000000, 1.000000000000000000, 0.000000000000000000 ) ) ;
#3940 = VECTOR ( 'NONE', #1225, 1000.000000000000000 ) ;
#3941 = EDGE_LOOP ( 'NONE', ( #3350, #2826, #4114, #1115, #3252, #627, #3845, #3245, #3227, #2268, #3355, #91, #3636, #1249, #2541, #3447, #1093, #2210, #443, #404, #636, #4248, #1639, #870, #3788, #2281, #703, #3067 ) ) ;
#3942 = CARTESIAN_POINT ( 'NONE',  ( -0.7749999999999999112, 0.7000000000000000666, 0.1300000000000000044 ) ) ;
#3943 = DIRECTION ( 'NONE',  ( 0.000000000000000000, 0.000000000000000000, 1.000000000000000000 ) ) ;
#3944 =( NAMED_UNIT ( * ) SI_UNIT ( $, .STERADIAN. ) SOLID_ANGLE_UNIT ( ) );
#3945 = SURFACE_STYLE_FILL_AREA ( #227 ) ;
#3946 = EDGE_CURVE ( 'NONE', #2909, #1151, #4235, .T. ) ;
#3947 = FACE_OUTER_BOUND ( 'NONE', #2489, .T. ) ;
#3948 = ORIENTED_EDGE ( 'NONE', *, *, #208, .T. ) ;
#3949 = CARTESIAN_POINT ( 'NONE',  ( -0.7249999999999997558, 0.5000000000000000000, 0.000000000000000000 ) ) ;
#3950 = LINE ( 'NONE', #1882, #866 ) ;
#3951 = ADVANCED_FACE ( 'NONE', ( #2875 ), #883, .T. ) ;
#3952 = EDGE_CURVE ( 'NONE', #2024, #1473, #4055, .T. ) ;
#3953 = ORIENTED_EDGE ( 'NONE', *, *, #3082, .F. ) ;
#3954 = LINE ( 'NONE', #2326, #1556 ) ;
#3955 = DIRECTION ( 'NONE',  ( -0.000000000000000000, -0.000000000000000000, -1.000000000000000000 ) ) ;
#3957 = VERTEX_POINT ( 'NONE', #2633 ) ;
#3956 = EDGE_CURVE ( 'NONE', #1549, #1411, #923, .T. ) ;
#3958 = VECTOR ( 'NONE', #1938, 1000.000000000000000 ) ;
#3959 = FACE_OUTER_BOUND ( 'NONE', #3941, .T. ) ;
#3960 = ORIENTED_EDGE ( 'NONE', *, *, #1984, .F. ) ;
#3961 = VERTEX_POINT ( 'NONE', #335 ) ;
#3962 = VECTOR ( 'NONE', #554, 1000.000000000000000 ) ;
#3963 = AXIS2_PLACEMENT_3D ( 'NONE', #2238, #3841, #225 ) ;
#3964 = VERTEX_POINT ( 'NONE', #3335 ) ;
#3965 = CARTESIAN_POINT ( 'NONE',  ( -0.7500000000000000000, -0.7500000000000000000, 0.5549999999999999378 ) ) ;
#3966 = DIRECTION ( 'NONE',  ( -0.000000000000000000, -0.000000000000000000, -1.000000000000000000 ) ) ;
#3967 = SURFACE_STYLE_FILL_AREA ( #2291 ) ;
#3968 = STYLED_ITEM ( 'NONE', ( #1759 ), #784 ) ;
#3969 = MECHANICAL_DESIGN_GEOMETRIC_PRESENTATION_REPRESENTATION (  '', ( #4036 ), #1909 ) ;
#3970 = DIRECTION ( 'NONE',  ( 0.000000000000000000, 0.000000000000000000, 1.000000000000000000 ) ) ;
#3971 = CARTESIAN_POINT ( 'NONE',  ( -0.7957106781186544797, -0.4707106781186548017, 0.1300000000000000044 ) ) ;
#3972 = APPLICATION_CONTEXT ( 'automotive_design' ) ;
#3973 = DIRECTION ( 'NONE',  ( 1.000000000000000000, 0.000000000000000000, 0.000000000000000000 ) ) ;
#3974 = LINE ( 'NONE', #989, #277 ) ;
#3975 = VERTEX_POINT ( 'NONE', #1428 ) ;
#3976 = CARTESIAN_POINT ( 'NONE',  ( 0.7750000000000001332, -1.000000000000000000, 0.000000000000000000 ) ) ;
#3977 = ORIENTED_EDGE ( 'NONE', *, *, #4297, .F. ) ;
#3978 = CARTESIAN_POINT ( 'NONE',  ( 0.7249999999999997558, 0.5000000000000000000, 0.1300000000000000044 ) ) ;
#3979 = FILL_AREA_STYLE_COLOUR ( '', #1163 ) ;
#3980 = VERTEX_POINT ( 'NONE', #2977 ) ;
#3981 = ORIENTED_EDGE ( 'NONE', *, *, #2868, .T. ) ;
#3982 = CARTESIAN_POINT ( 'NONE',  ( -0.5249999999999999112, 1.000000000000000000, 0.1300000000000000044 ) ) ;
#3983 = DIRECTION ( 'NONE',  ( 1.000000000000000000, 0.000000000000000000, 0.000000000000000000 ) ) ;
#3984 = EDGE_CURVE ( 'NONE', #2073, #3961, #639, .T. ) ;
#3985 =( GEOMETRIC_REPRESENTATION_CONTEXT ( 3 ) GLOBAL_UNCERTAINTY_ASSIGNED_CONTEXT ( ( #1833 ) ) GLOBAL_UNIT_ASSIGNED_CONTEXT ( ( #2866, #1517, #483 ) ) REPRESENTATION_CONTEXT ( 'NONE', 'WORKASPACE' ) );
#3986 = CARTESIAN_POINT ( 'NONE',  ( 0.5250000000000000222, 1.000000000000000000, 0.000000000000000000 ) ) ;
#3988 = DIRECTION ( 'NONE',  ( 0.000000000000000000, 0.000000000000000000, 1.000000000000000000 ) ) ;
#3987 =( NAMED_UNIT ( * ) PLANE_ANGLE_UNIT ( ) SI_UNIT ( $, .RADIAN. ) );
#3989 =( NAMED_UNIT ( * ) SI_UNIT ( $, .STERADIAN. ) SOLID_ANGLE_UNIT ( ) );
#3990 = MECHANICAL_DESIGN_GEOMETRIC_PRESENTATION_REPRESENTATION (  '', ( #3367 ), #1796 ) ;
#3991 = EDGE_CURVE ( 'NONE', #626, #350, #4295, .T. ) ;
#3992 = CARTESIAN_POINT ( 'NONE',  ( -0.8750000000000000000, -0.7500000000000000000, 0.6049999999999999822 ) ) ;
#3993 = PRESENTATION_STYLE_ASSIGNMENT (( #1016 ) ) ;
#3994 = ORIENTED_EDGE ( 'NONE', *, *, #1914, .T. ) ;
#3995 = CARTESIAN_POINT ( 'NONE',  ( 0.000000000000000000, 0.000000000000000000, 0.1300000000000000044 ) ) ;
#3996 = ORIENTED_EDGE ( 'NONE', *, *, #4087, .F. ) ;
#3997 = PRESENTATION_LAYER_ASSIGNMENT (  '', '', ( #3179 ) ) ;
#3998 = AXIS2_PLACEMENT_3D ( 'NONE', #4021, #683, #1043 ) ;
#3999 = ORIENTED_EDGE ( 'NONE', *, *, #730, .T. ) ;
#4000 = VECTOR ( 'NONE', #2394, 1000.000000000000000 ) ;
#4001 = VERTEX_POINT ( 'NONE', #3978 ) ;
#4002 = PRESENTATION_STYLE_ASSIGNMENT (( #1985 ) ) ;
#4003 = FILL_AREA_STYLE_COLOUR ( '', #2282 ) ;
#4004 =( LENGTH_UNIT ( ) NAMED_UNIT ( * ) SI_UNIT ( .MILLI., .METRE. ) );
#4005 = ADVANCED_FACE ( 'NONE', ( #1081 ), #569, .F. ) ;
#4006 =( GEOMETRIC_REPRESENTATION_CONTEXT ( 3 ) GLOBAL_UNCERTAINTY_ASSIGNED_CONTEXT ( ( #2078 ) ) GLOBAL_UNIT_ASSIGNED_CONTEXT ( ( #4259, #3664, #606 ) ) REPRESENTATION_CONTEXT ( 'NONE', 'WORKASPACE' ) );
#4007 = VECTOR ( 'NONE', #3154, 1000.000000000000000 ) ;
#4008 = EDGE_CURVE ( 'NONE', #818, #2612, #1705, .T. ) ;
#4009 = EDGE_CURVE ( 'NONE', #2369, #3358, #3954, .T. ) ;
#4010 = DIRECTION ( 'NONE',  ( -1.000000000000000000, -0.000000000000000000, -0.000000000000000000 ) ) ;
#4011 = CARTESIAN_POINT ( 'NONE',  ( 0.2250000000000000333, 0.4000000000000000222, 0.1300000000000000044 ) ) ;
#4012 = UNCERTAINTY_MEASURE_WITH_UNIT (LENGTH_MEASURE( 1.000000000000000082E-05 ), #2894, 'distance_accuracy_value', 'NONE');
#4013 = CARTESIAN_POINT ( 'NONE',  ( -0.3250000000000000111, 0.5000000000000000000, 0.1300000000000000044 ) ) ;
#4014 = PRESENTATION_LAYER_ASSIGNMENT (  '', '', ( #2021 ) ) ;
#4015 = CARTESIAN_POINT ( 'NONE',  ( -0.8750000000000000000, -0.7500000000000000000, 0.5549999999999999378 ) ) ;
#4016 = PRESENTATION_STYLE_ASSIGNMENT (( #3030 ) ) ;
#4017 = UNCERTAINTY_MEASURE_WITH_UNIT (LENGTH_MEASURE( 1.000000000000000082E-05 ), #3470, 'distance_accuracy_value', 'NONE');
#4018 =( NAMED_UNIT ( * ) SI_UNIT ( $, .STERADIAN. ) SOLID_ANGLE_UNIT ( ) );
#4019 = PRESENTATION_STYLE_ASSIGNMENT (( #2719 ) ) ;
#4020 = ORIENTED_EDGE ( 'NONE', *, *, #162, .T. ) ;
#4021 = CARTESIAN_POINT ( 'NONE',  ( 0.8249999999999997335, -0.4000000000000000777, 0.1300000000000000044 ) ) ;
#4022 = ORIENTED_EDGE ( 'NONE', *, *, #4059, .F. ) ;
#4023 = LINE ( 'NONE', #2387, #3247 ) ;
#4024 = ORIENTED_EDGE ( 'NONE', *, *, #4241, .F. ) ;
#4025 = CARTESIAN_POINT ( 'NONE',  ( -0.7749999999999999112, -0.7000000000000000666, 0.000000000000000000 ) ) ;
#4026 = SURFACE_STYLE_USAGE ( .BOTH. , #1642 ) ;
#4027 = CARTESIAN_POINT ( 'NONE',  ( 0.3250000000000000111, 0.5000000000000000000, 0.000000000000000000 ) ) ;
#4028 = VECTOR ( 'NONE', #1978, 1000.000000000000000 ) ;
#4029 = CARTESIAN_POINT ( 'NONE',  ( -0.6250000000000000000, -0.7500000000000000000, 0.6049999999999999822 ) ) ;
#4030 =( GEOMETRIC_REPRESENTATION_CONTEXT ( 3 ) GLOBAL_UNCERTAINTY_ASSIGNED_CONTEXT ( ( #2595 ) ) GLOBAL_UNIT_ASSIGNED_CONTEXT ( ( #3859, #2257, #4243 ) ) REPRESENTATION_CONTEXT ( 'NONE', 'WORKASPACE' ) );
#4032 = CARTESIAN_POINT ( 'NONE',  ( 0.1250000000000001110, 1.000000000000000000, 0.1300000000000000044 ) ) ;
#4031 =( NAMED_UNIT ( * ) PLANE_ANGLE_UNIT ( ) SI_UNIT ( $, .RADIAN. ) );
#4033 = EDGE_CURVE ( 'NONE', #671, #2563, #1277, .T. ) ;
#4034 = CIRCLE ( 'NONE', #276, 0.09999999999999993616 ) ;
#4035 = COLOUR_RGB ( '',1.000000000000000000, 1.000000000000000000, 1.000000000000000000 ) ;
#4036 = STYLED_ITEM ( 'NONE', ( #528 ), #2623 ) ;
#4037 = DIRECTION ( 'NONE',  ( -0.000000000000000000, 0.000000000000000000, -1.000000000000000000 ) ) ;
#4038 = DIRECTION ( 'NONE',  ( -0.000000000000000000, -0.000000000000000000, -1.000000000000000000 ) ) ;
#4039 = CARTESIAN_POINT ( 'NONE',  ( -1.000000000000000000, 1.000000000000000000, 0.6049999999999999822 ) ) ;
#4040 = FACE_OUTER_BOUND ( 'NONE', #3060, .T. ) ;
#4041 = EDGE_LOOP ( 'NONE', ( #3619, #2519, #590, #146 ) ) ;
#4042 = FACE_OUTER_BOUND ( 'NONE', #2534, .T. ) ;
#4043 = ORIENTED_EDGE ( 'NONE', *, *, #82, .F. ) ;
#4044 = AXIS2_PLACEMENT_3D ( 'NONE', #3116, #3497, #1170 ) ;
#4045 = CARTESIAN_POINT ( 'NONE',  ( 0.2249999999999999778, -0.4000000000000000222, -0.05000000000000000278 ) ) ;
#4046 = ORIENTED_EDGE ( 'NONE', *, *, #411, .F. ) ;
#4047 = DIRECTION ( 'NONE',  ( -0.000000000000000000, -1.000000000000000000, -0.000000000000000000 ) ) ;
#4048 = DIRECTION ( 'NONE',  ( 0.000000000000000000, 0.000000000000000000, -1.000000000000000000 ) ) ;
#4049 = CARTESIAN_POINT ( 'NONE',  ( -0.8249999999999997335, 0.3999999999999999667, -0.05000000000000000278 ) ) ;
#4050 = CARTESIAN_POINT ( 'NONE',  ( 0.5250000000000000222, 1.000000000000000000, 0.1300000000000000044 ) ) ;
#4051 = DIRECTION ( 'NONE',  ( -1.000000000000000000, -0.000000000000000000, -0.000000000000000000 ) ) ;
#4052 = LINE ( 'NONE', #4013, #2318 ) ;
#4053 = AXIS2_PLACEMENT_3D ( 'NONE', #2173, #1873, #2466 ) ;
#4054 = SURFACE_SIDE_STYLE ('',( #988 ) ) ;
#4056 = PRESENTATION_STYLE_ASSIGNMENT (( #1060 ) ) ;
#4055 = LINE ( 'NONE', #4316, #3688 ) ;
#4057 = UNCERTAINTY_MEASURE_WITH_UNIT (LENGTH_MEASURE( 1.000000000000000082E-05 ), #2738, 'distance_accuracy_value', 'NONE');
#4058 = CARTESIAN_POINT ( 'NONE',  ( 0.1250000000000001110, -0.7000000000000000666, -0.05000000000000000278 ) ) ;
#4059 = EDGE_CURVE ( 'NONE', #1619, #8, #661, .T. ) ;
#4060 = EDGE_CURVE ( 'NONE', #2337, #149, #1617, .T. ) ;
#4061 = EDGE_CURVE ( 'NONE', #1579, #556, #2417, .T. ) ;
#4062 = DIRECTION ( 'NONE',  ( 1.000000000000000000, 0.000000000000000000, 0.000000000000000000 ) ) ;
#4063 = ORIENTED_EDGE ( 'NONE', *, *, #2815, .T. ) ;
#4064 = ADVANCED_FACE ( 'NONE', ( #3598 ), #2607, .F. ) ;
#4065 = FILL_AREA_STYLE ('',( #817 ) ) ;
#4066 = EDGE_LOOP ( 'NONE', ( #2178, #3574, #3763, #2386, #1720, #229, #4192, #882 ) ) ;
#4067 = DIRECTION ( 'NONE',  ( -0.000000000000000000, -0.000000000000000000, -1.000000000000000000 ) ) ;
#4068 = VECTOR ( 'NONE', #321, 1000.000000000000000 ) ;
#4069 = CARTESIAN_POINT ( 'NONE',  ( -0.8249999999999997335, -0.3750961623601626327, -0.05000000000000000278 ) ) ;
#4070 = VERTEX_POINT ( 'NONE', #2960 ) ;
#4071 = DIRECTION ( 'NONE',  ( 0.000000000000000000, 0.000000000000000000, -1.000000000000000000 ) ) ;
#4072 = MECHANICAL_DESIGN_GEOMETRIC_PRESENTATION_REPRESENTATION (  '', ( #307 ), #3726 ) ;
#4073 = PRESENTATION_STYLE_ASSIGNMENT (( #709 ) ) ;
#4074 = CARTESIAN_POINT ( 'NONE',  ( -0.2250000000000000333, 0.4000000000000000222, 0.1300000000000000044 ) ) ;
#4075 = COLOUR_RGB ( '',1.000000000000000000, 1.000000000000000000, 1.000000000000000000 ) ;
#4076 = VERTEX_POINT ( 'NONE', #4272 ) ;
#4077 = DIRECTION ( 'NONE',  ( -0.000000000000000000, -0.000000000000000000, -1.000000000000000000 ) ) ;
#4078 = EDGE_LOOP ( 'NONE', ( #1935, #2181, #4321, #1704 ) ) ;
#4079 = FILL_AREA_STYLE ('',( #2058 ) ) ;
#4080 = AXIS2_PLACEMENT_3D ( 'NONE', #3710, #2409, #2752 ) ;
#4081 = VECTOR ( 'NONE', #702, 1000.000000000000000 ) ;
#4082 = FACE_OUTER_BOUND ( 'NONE', #1464, .T. ) ;
#4083 = SURFACE_STYLE_USAGE ( .BOTH. , #3758 ) ;
#4084 = VECTOR ( 'NONE', #1130, 1000.000000000000000 ) ;
#4085 = PLANE ( 'NONE',  #3576 ) ;
#4086 = MANIFOLD_SOLID_BREP ( 'Boss-Extrude2[6]', #239 ) ;
#4087 = EDGE_CURVE ( 'NONE', #1521, #1961, #2863, .T. ) ;
#4088 = SURFACE_STYLE_FILL_AREA ( #3035 ) ;
#4089 = SURFACE_STYLE_FILL_AREA ( #2784 ) ;
#4090 = ORIENTED_EDGE ( 'NONE', *, *, #2759, .T. ) ;
#4091 = FILL_AREA_STYLE ('',( #92 ) ) ;
#4092 = ORIENTED_EDGE ( 'NONE', *, *, #2420, .F. ) ;
#4093 = EDGE_CURVE ( 'NONE', #3701, #1205, #1297, .T. ) ;
#4094 = LINE ( 'NONE', #1114, #946 ) ;
#4095 = ORIENTED_EDGE ( 'NONE', *, *, #600, .F. ) ;
#4096 = LINE ( 'NONE', #405, #2935 ) ;
#4097 = SURFACE_STYLE_FILL_AREA ( #3093 ) ;
#4098 = DIRECTION ( 'NONE',  ( -0.000000000000000000, -0.000000000000000000, -1.000000000000000000 ) ) ;
#4099 = ADVANCED_FACE ( 'NONE', ( #3141 ), #2198, .F. ) ;
#4100 = ORIENTED_EDGE ( 'NONE', *, *, #1318, .F. ) ;
#4101 = PLANE ( 'NONE',  #954 ) ;
#4102 = AXIS2_PLACEMENT_3D ( 'NONE', #4265, #3285, #584 ) ;
#4103 = VECTOR ( 'NONE', #1778, 1000.000000000000000 ) ;
#4104 = PRESENTATION_LAYER_ASSIGNMENT (  '', '', ( #135 ) ) ;
#4105 = PRESENTATION_LAYER_ASSIGNMENT (  '', '', ( #1562 ) ) ;
#4106 = FILL_AREA_STYLE ('',( #3517 ) ) ;
#4107 =( NAMED_UNIT ( * ) SI_UNIT ( $, .STERADIAN. ) SOLID_ANGLE_UNIT ( ) );
#4108 = UNCERTAINTY_MEASURE_WITH_UNIT (LENGTH_MEASURE( 1.000000000000000082E-05 ), #2820, 'distance_accuracy_value', 'NONE');
#4109 = CARTESIAN_POINT ( 'NONE',  ( 0.1250000000000001110, -1.000000000000000000, 0.1300000000000000044 ) ) ;
#4110 = VECTOR ( 'NONE', #80, 1000.000000000000000 ) ;
#4111 = CARTESIAN_POINT ( 'NONE',  ( 0.1250000000000001110, -1.000000000000000000, 0.000000000000000000 ) ) ;
#4112 = EDGE_LOOP ( 'NONE', ( #487, #597, #2743, #756 ) ) ;
#4113 = DIRECTION ( 'NONE',  ( -1.000000000000000000, -0.000000000000000000, -0.000000000000000000 ) ) ;
#4114 = ORIENTED_EDGE ( 'NONE', *, *, #2348, .F. ) ;
#4115 = ORIENTED_EDGE ( 'NONE', *, *, #1012, .F. ) ;
#4116 = PLANE ( 'NONE',  #2558 ) ;
#4117 = LINE ( 'NONE', #1136, #581 ) ;
#4118 = DIRECTION ( 'NONE',  ( -0.000000000000000000, -0.000000000000000000, -1.000000000000000000 ) ) ;
#4119 = VERTEX_POINT ( 'NONE', #1805 ) ;
#4120 = VERTEX_POINT ( 'NONE', #3475 ) ;
#4121 = CARTESIAN_POINT ( 'NONE',  ( -0.1249999999999998890, 0.7000000000000000666, 0.1300000000000000044 ) ) ;
#4122 = MANIFOLD_SOLID_BREP ( 'Boss-Extrude2[5]', #2835 ) ;
#4123 = ADVANCED_FACE ( 'NONE', ( #436 ), #163, .T. ) ;
#4124 =( LENGTH_UNIT ( ) NAMED_UNIT ( * ) SI_UNIT ( .MILLI., .METRE. ) );
#4125 = CARTESIAN_POINT ( 'NONE',  ( -0.3250000000000000111, -0.5000000000000000000, 0.000000000000000000 ) ) ;
#4126 = FILL_AREA_STYLE ('',( #2823 ) ) ;
#4127 = EDGE_CURVE ( 'NONE', #1253, #3338, #1541, .T. ) ;
#4128 =( GEOMETRIC_REPRESENTATION_CONTEXT ( 3 ) GLOBAL_UNCERTAINTY_ASSIGNED_CONTEXT ( ( #1430 ) ) GLOBAL_UNIT_ASSIGNED_CONTEXT ( ( #2740, #396, #698 ) ) REPRESENTATION_CONTEXT ( 'NONE', 'WORKASPACE' ) );
#4129 = DIRECTION ( 'NONE',  ( -1.000000000000000000, 0.000000000000000000, 0.000000000000000000 ) ) ;
#4130 = FACE_OUTER_BOUND ( 'NONE', #2879, .T. ) ;
#4131 = VERTEX_POINT ( 'NONE', #1171 ) ;
#4132 =( NAMED_UNIT ( * ) SI_UNIT ( $, .STERADIAN. ) SOLID_ANGLE_UNIT ( ) );
#4133 = ORIENTED_EDGE ( 'NONE', *, *, #3649, .T. ) ;
#4134 = VECTOR ( 'NONE', #2921, 1000.000000000000000 ) ;
#4135 = DIRECTION ( 'NONE',  ( -0.000000000000000000, -0.000000000000000000, -1.000000000000000000 ) ) ;
#4136 = ORIENTED_EDGE ( 'NONE', *, *, #152, .T. ) ;
#4137 = FILL_AREA_STYLE_COLOUR ( '', #961 ) ;
#4138 = FACE_OUTER_BOUND ( 'NONE', #3443, .T. ) ;
#4139 = SURFACE_SIDE_STYLE ('',( #2831 ) ) ;
#4140 = ORIENTED_EDGE ( 'NONE', *, *, #3082, .T. ) ;
#4141 = VECTOR ( 'NONE', #377, 1000.000000000000000 ) ;
#4142 = VECTOR ( 'NONE', #4263, 1000.000000000000000 ) ;
#4143 = DIRECTION ( 'NONE',  ( 1.000000000000000000, 0.000000000000000000, 0.000000000000000000 ) ) ;
#4144 = MANIFOLD_SOLID_BREP ( 'Boss-Extrude2[7]', #2627 ) ;
#4145 = SURFACE_SIDE_STYLE ('',( #3733 ) ) ;
#4146 = LINE ( 'NONE', #4125, #1613 ) ;
#4147 = VECTOR ( 'NONE', #1365, 1000.000000000000000 ) ;
#4148 = ADVANCED_FACE ( 'NONE', ( #2294 ), #2273, .T. ) ;
#4149 = ADVANCED_FACE ( 'NONE', ( #245 ), #2886, .T. ) ;
#4150 = EDGE_CURVE ( 'NONE', #4252, #194, #224, .T. ) ;
#4151 = STYLED_ITEM ( 'NONE', ( #2111 ), #3234 ) ;
#4152 =( LENGTH_UNIT ( ) NAMED_UNIT ( * ) SI_UNIT ( .MILLI., .METRE. ) );
#4153 = EDGE_CURVE ( 'NONE', #2000, #622, #288, .T. ) ;
#4155 = CARTESIAN_POINT ( 'NONE',  ( -0.7749999999999999112, -1.000000000000000000, 0.1300000000000000044 ) ) ;
#4154 = DIRECTION ( 'NONE',  ( 0.000000000000000000, -1.000000000000000000, 0.000000000000000000 ) ) ;
#4156 = UNCERTAINTY_MEASURE_WITH_UNIT (LENGTH_MEASURE( 1.000000000000000082E-05 ), #1711, 'distance_accuracy_value', 'NONE');
#4157 = AXIS2_PLACEMENT_3D ( 'NONE', #930, #2330, #9 ) ;
#4158 = VECTOR ( 'NONE', #4135, 1000.000000000000000 ) ;
#4159 = LINE ( 'NONE', #4181, #3441 ) ;
#4160 = DIRECTION ( 'NONE',  ( 0.000000000000000000, -0.000000000000000000, 1.000000000000000000 ) ) ;
#4161 = VERTEX_POINT ( 'NONE', #2968 ) ;
#4162 = CARTESIAN_POINT ( 'NONE',  ( -0.7749999999999999112, 1.000000000000000000, 0.1300000000000000044 ) ) ;
#4163 = EDGE_CURVE ( 'NONE', #3002, #3935, #205, .T. ) ;
#4164 = COLOUR_RGB ( '',1.000000000000000000, 1.000000000000000000, 1.000000000000000000 ) ;
#4165 = DIRECTION ( 'NONE',  ( 0.000000000000000000, 0.000000000000000000, -1.000000000000000000 ) ) ;
#4166 = ORIENTED_EDGE ( 'NONE', *, *, #259, .T. ) ;
#4167 =( NAMED_UNIT ( * ) SI_UNIT ( $, .STERADIAN. ) SOLID_ANGLE_UNIT ( ) );
#4168 = DIRECTION ( 'NONE',  ( 0.000000000000000000, -0.000000000000000000, -1.000000000000000000 ) ) ;
#4169 = FILL_AREA_STYLE ('',( #2853 ) ) ;
#4170 = DIRECTION ( 'NONE',  ( 0.000000000000000000, 0.000000000000000000, -1.000000000000000000 ) ) ;
#4171 = ORIENTED_EDGE ( 'NONE', *, *, #970, .F. ) ;
#4172 = VERTEX_POINT ( 'NONE', #1565 ) ;
#4173 = CARTESIAN_POINT ( 'NONE',  ( 0.000000000000000000, 0.000000000000000000, 0.1300000000000000044 ) ) ;
#4174 = FILL_AREA_STYLE ('',( #1867 ) ) ;
#4175 = PRESENTATION_LAYER_ASSIGNMENT (  '', '', ( #2445 ) ) ;
#4176 = SURFACE_SIDE_STYLE ('',( #3776 ) ) ;
#4177 = MANIFOLD_SOLID_BREP ( 'Boss-Extrude3', #2903 ) ;
#4178 = CIRCLE ( 'NONE', #1905, 0.09999999999999999167 ) ;
#4179 = VECTOR ( 'NONE', #4154, 1000.000000000000000 ) ;
#4180 = STYLED_ITEM ( 'NONE', ( #3881 ), #2789 ) ;
#4181 = CARTESIAN_POINT ( 'NONE',  ( -0.6250000000000000000, -0.7500000000000000000, 0.5549999999999999378 ) ) ;
#4182 = DIRECTION ( 'NONE',  ( -1.000000000000000000, -0.000000000000000000, -0.000000000000000000 ) ) ;
#4183 = ORIENTED_EDGE ( 'NONE', *, *, #2420, .T. ) ;
#4184 = PLANE ( 'NONE',  #587 ) ;
#4185 = VECTOR ( 'NONE', #2440, 1000.000000000000000 ) ;
#4186 = MECHANICAL_DESIGN_GEOMETRIC_PRESENTATION_REPRESENTATION (  '', ( #625 ), #2454 ) ;
#4187 = MANIFOLD_SOLID_BREP ( 'Boss-Extrude2[1]', #1002 ) ;
#4188 = DIRECTION ( 'NONE',  ( 0.000000000000000000, 1.000000000000000000, 0.000000000000000000 ) ) ;
#4189 = ORIENTED_EDGE ( 'NONE', *, *, #2635, .T. ) ;
#4190 = DIRECTION ( 'NONE',  ( -0.000000000000000000, 0.000000000000000000, 1.000000000000000000 ) ) ;
#4191 = ORIENTED_EDGE ( 'NONE', *, *, #2308, .F. ) ;
#4192 = ORIENTED_EDGE ( 'NONE', *, *, #1174, .T. ) ;
#4193 = CARTESIAN_POINT ( 'NONE',  ( -0.1249999999999998890, 1.000000000000000000, -0.05000000000000000278 ) ) ;
#4194 = PRODUCT_CONTEXT ( 'NONE', #3972, 'mechanical' ) ;
#4195 = DIRECTION ( 'NONE',  ( -1.000000000000000000, -0.000000000000000000, -0.000000000000000000 ) ) ;
#4196 = DIRECTION ( 'NONE',  ( 0.000000000000000000, 1.000000000000000000, 0.000000000000000000 ) ) ;
#4197 = LINE ( 'NONE', #2237, #4288 ) ;
#4199 = CARTESIAN_POINT ( 'NONE',  ( -0.8249999999999997335, -0.3750961623601626327, 0.000000000000000000 ) ) ;
#4198 = SURFACE_SIDE_STYLE ('',( #3204 ) ) ;
#4200 =( NAMED_UNIT ( * ) SI_UNIT ( $, .STERADIAN. ) SOLID_ANGLE_UNIT ( ) );
#4201 = SURFACE_STYLE_USAGE ( .BOTH. , #814 ) ;
#4202 = DIRECTION ( 'NONE',  ( -0.000000000000000000, -0.000000000000000000, -1.000000000000000000 ) ) ;
#4203 = ORIENTED_EDGE ( 'NONE', *, *, #3745, .F. ) ;
#4204 = EDGE_CURVE ( 'NONE', #293, #3807, #3690, .T. ) ;
#4205 = DIRECTION ( 'NONE',  ( 0.000000000000000000, 0.000000000000000000, 1.000000000000000000 ) ) ;
#4206 = APPLICATION_CONTEXT ( 'automotive_design' ) ;
#4207 = STYLED_ITEM ( 'NONE', ( #88 ), #1808 ) ;
#4208 = ADVANCED_FACE ( 'NONE', ( #1354 ), #3344, .T. ) ;
#4209 = PRESENTATION_STYLE_ASSIGNMENT (( #1592 ) ) ;
#4210 = ORIENTED_EDGE ( 'NONE', *, *, #3834, .F. ) ;
#4211 = PLANE ( 'NONE',  #3617 ) ;
#4212 = DIRECTION ( 'NONE',  ( -0.000000000000000000, -0.000000000000000000, -1.000000000000000000 ) ) ;
#4213 = ORIENTED_EDGE ( 'NONE', *, *, #2700, .T. ) ;
#4214 = ORIENTED_EDGE ( 'NONE', *, *, #1041, .T. ) ;
#4215 = STYLED_ITEM ( 'NONE', ( #546 ), #89 ) ;
#4216 = LINE ( 'NONE', #1925, #2920 ) ;
#4217 = APPLICATION_PROTOCOL_DEFINITION ( 'draft international standard', 'automotive_design', 1998, #4206 ) ;
#4218 = CARTESIAN_POINT ( 'NONE',  ( -0.7749999999999999112, -1.000000000000000000, -0.05000000000000000278 ) ) ;
#4219 =( GEOMETRIC_REPRESENTATION_CONTEXT ( 3 ) GLOBAL_UNCERTAINTY_ASSIGNED_CONTEXT ( ( #3678 ) ) GLOBAL_UNIT_ASSIGNED_CONTEXT ( ( #2932, #218, #1922 ) ) REPRESENTATION_CONTEXT ( 'NONE', 'WORKASPACE' ) );
#4220 = FILL_AREA_STYLE_COLOUR ( '', #1809 ) ;
#4222 = DIRECTION ( 'NONE',  ( 0.000000000000000000, 0.000000000000000000, -1.000000000000000000 ) ) ;
#4221 = CARTESIAN_POINT ( 'NONE',  ( 0.2249999999999999778, -0.4000000000000000222, 0.000000000000000000 ) ) ;
#4223 = FILL_AREA_STYLE ('',( #1626 ) ) ;
#4224 = AXIS2_PLACEMENT_3D ( 'NONE', #3295, #4212, #3892 ) ;
#4225 = CARTESIAN_POINT ( 'NONE',  ( -0.7249999999999997558, 0.3999999999999999667, -0.05000000000000000278 ) ) ;
#4226 =( NAMED_UNIT ( * ) SI_UNIT ( $, .STERADIAN. ) SOLID_ANGLE_UNIT ( ) );
#4227 = ORIENTED_EDGE ( 'NONE', *, *, #2815, .F. ) ;
#4228 =( GEOMETRIC_REPRESENTATION_CONTEXT ( 3 ) GLOBAL_UNCERTAINTY_ASSIGNED_CONTEXT ( ( #1377 ) ) GLOBAL_UNIT_ASSIGNED_CONTEXT ( ( #1110, #145, #752 ) ) REPRESENTATION_CONTEXT ( 'NONE', 'WORKASPACE' ) );
#4229 = COLOUR_RGB ( '',1.000000000000000000, 1.000000000000000000, 1.000000000000000000 ) ;
#4230 = VECTOR ( 'NONE', #4143, 1000.000000000000000 ) ;
#4231 = STYLED_ITEM ( 'NONE', ( #1480 ), #2102 ) ;
#4232 = CARTESIAN_POINT ( 'NONE',  ( -0.1249999999999998890, 0.7000000000000000666, 0.1300000000000000044 ) ) ;
#4233 = ORIENTED_EDGE ( 'NONE', *, *, #729, .F. ) ;
#4234 = EDGE_CURVE ( 'NONE', #671, #1344, #2076, .T. ) ;
#4235 = LINE ( 'NONE', #1159, #1841 ) ;
#4236 = VECTOR ( 'NONE', #4062, 1000.000000000000000 ) ;
#4237 = VERTEX_POINT ( 'NONE', #1758 ) ;
#4238 = AXIS2_PLACEMENT_3D ( 'NONE', #2859, #3856, #1186 ) ;
#4239 = DIRECTION ( 'NONE',  ( 0.000000000000000000, 0.000000000000000000, -1.000000000000000000 ) ) ;
#4240 = DIRECTION ( 'NONE',  ( 0.000000000000000000, -0.000000000000000000, -1.000000000000000000 ) ) ;
#4241 = EDGE_CURVE ( 'NONE', #3334, #922, #4307, .T. ) ;
#4242 = SURFACE_STYLE_FILL_AREA ( #583 ) ;
#4243 =( NAMED_UNIT ( * ) SI_UNIT ( $, .STERADIAN. ) SOLID_ANGLE_UNIT ( ) );
#4244 = UNCERTAINTY_MEASURE_WITH_UNIT (LENGTH_MEASURE( 1.000000000000000082E-05 ), #3591, 'distance_accuracy_value', 'NONE');
#4245 =( NAMED_UNIT ( * ) PLANE_ANGLE_UNIT ( ) SI_UNIT ( $, .RADIAN. ) );
#4246 = LINE ( 'NONE', #2597, #3548 ) ;
#4247 = LINE ( 'NONE', #1221, #603 ) ;
#4248 = ORIENTED_EDGE ( 'NONE', *, *, #1346, .F. ) ;
#4249 = CARTESIAN_POINT ( 'NONE',  ( -0.2249999999999999778, -0.4000000000000000222, 0.1300000000000000044 ) ) ;
#4250 = AXIS2_PLACEMENT_3D ( 'NONE', #255, #598, #2283 ) ;
#4251 = CARTESIAN_POINT ( 'NONE',  ( 0.000000000000000000, 0.000000000000000000, -0.05000000000000000278 ) ) ;
#4252 = VERTEX_POINT ( 'NONE', #2708 ) ;
#4253 = DIRECTION ( 'NONE',  ( 0.000000000000000000, 1.000000000000000000, 0.000000000000000000 ) ) ;
#4254 = CIRCLE ( 'NONE', #478, 0.09999999999999999167 ) ;
#4255 = PRESENTATION_LAYER_ASSIGNMENT (  '', '', ( #1047 ) ) ;
#4256 = ORIENTED_EDGE ( 'NONE', *, *, #384, .F. ) ;
#4257 = ORIENTED_EDGE ( 'NONE', *, *, #3178, .F. ) ;
#4258 = VERTEX_POINT ( 'NONE', #453 ) ;
#4259 =( LENGTH_UNIT ( ) NAMED_UNIT ( * ) SI_UNIT ( .MILLI., .METRE. ) );
#4260 = CARTESIAN_POINT ( 'NONE',  ( 0.5250000000000000222, -0.7000000000000000666, -0.05000000000000000278 ) ) ;
#4261 = EDGE_CURVE ( 'NONE', #1476, #2388, #1141, .T. ) ;
#4262 = ADVANCED_FACE ( 'NONE', ( #2482 ), #3493, .T. ) ;
#4263 = DIRECTION ( 'NONE',  ( -1.000000000000000000, -0.000000000000000000, -0.000000000000000000 ) ) ;
#4264 = PRESENTATION_LAYER_ASSIGNMENT (  '', '', ( #2957 ) ) ;
#4266 = DIRECTION ( 'NONE',  ( 0.000000000000000000, 0.000000000000000000, -1.000000000000000000 ) ) ;
#4265 = CARTESIAN_POINT ( 'NONE',  ( 0.1250000000000001110, -1.000000000000000000, 0.1300000000000000044 ) ) ;
#4267 = AXIS2_PLACEMENT_3D ( 'NONE', #4225, #4268, #3973 ) ;
#4268 = DIRECTION ( 'NONE',  ( -0.000000000000000000, 0.000000000000000000, -1.000000000000000000 ) ) ;
#4269 = ORIENTED_EDGE ( 'NONE', *, *, #282, .F. ) ;
#4270 = CARTESIAN_POINT ( 'NONE',  ( -0.3250000000000000111, -0.5000000000000000000, 0.1300000000000000044 ) ) ;
#4271 = ORIENTED_EDGE ( 'NONE', *, *, #2760, .F. ) ;
#4272 = CARTESIAN_POINT ( 'NONE',  ( 0.7750000000000001332, -0.7000000000000000666, -0.05000000000000000278 ) ) ;
#4273 = FILL_AREA_STYLE_COLOUR ( '', #3316 ) ;
#4274 = ORIENTED_EDGE ( 'NONE', *, *, #4153, .T. ) ;
#4275 = MECHANICAL_DESIGN_GEOMETRIC_PRESENTATION_REPRESENTATION (  '', ( #4207 ), #3985 ) ;
#4276 = DIRECTION ( 'NONE',  ( -0.000000000000000000, 0.000000000000000000, -1.000000000000000000 ) ) ;
#4277 =( LENGTH_UNIT ( ) NAMED_UNIT ( * ) SI_UNIT ( .MILLI., .METRE. ) );
#4278 = FACE_OUTER_BOUND ( 'NONE', #3308, .T. ) ;
#4279 = EDGE_CURVE ( 'NONE', #568, #2797, #1425, .T. ) ;
#4280 = CARTESIAN_POINT ( 'NONE',  ( 0.3250000000000000111, 0.4000000000000000222, 0.1300000000000000044 ) ) ;
#4281 = DIRECTION ( 'NONE',  ( 6.776263578034402713E-17, 1.000000000000000000, 0.000000000000000000 ) ) ;
#4282 = DIRECTION ( 'NONE',  ( 0.000000000000000000, 0.000000000000000000, -1.000000000000000000 ) ) ;
#4283 = EDGE_CURVE ( 'NONE', #2696, #1296, #3484, .T. ) ;
#4284 = EDGE_CURVE ( 'NONE', #818, #2153, #2837, .T. ) ;
#4285 = EDGE_CURVE ( 'NONE', #1663, #3267, #3430, .T. ) ;
#4286 = AXIS2_PLACEMENT_3D ( 'NONE', #1395, #1372, #3279 ) ;
#4287 = EDGE_CURVE ( 'NONE', #751, #3701, #1102, .T. ) ;
#4288 = VECTOR ( 'NONE', #3542, 1000.000000000000000 ) ;
#4289 = DIRECTION ( 'NONE',  ( -0.000000000000000000, -0.000000000000000000, 1.000000000000000000 ) ) ;
#4290 = VERTEX_POINT ( 'NONE', #3811 ) ;
#4291 = CARTESIAN_POINT ( 'NONE',  ( -0.1249999999999998890, 0.7000000000000000666, 0.1300000000000000044 ) ) ;
#4292 = AXIS2_PLACEMENT_3D ( 'NONE', #1717, #1287, #3026 ) ;
#4293 = MECHANICAL_DESIGN_GEOMETRIC_PRESENTATION_REPRESENTATION (  '', ( #520 ), #2987 ) ;
#4294 = VERTEX_POINT ( 'NONE', #3750 ) ;
#4295 = LINE ( 'NONE', #3657, #3144 ) ;
#4296 = VERTEX_POINT ( 'NONE', #433 ) ;
#4297 = EDGE_CURVE ( 'NONE', #2817, #568, #1866, .T. ) ;
#4298 = CARTESIAN_POINT ( 'NONE',  ( 0.3250000000000000111, 0.4000000000000000222, 0.1300000000000000044 ) ) ;
#4299 = VERTEX_POINT ( 'NONE', #1469 ) ;
#4300 = AXIS2_PLACEMENT_3D ( 'NONE', #3538, #1259, #865 ) ;
#4301 = VERTEX_POINT ( 'NONE', #1124 ) ;
#4302 = DIRECTION ( 'NONE',  ( -0.000000000000000000, -0.000000000000000000, -1.000000000000000000 ) ) ;
#4303 = AXIS2_PLACEMENT_3D ( 'NONE', #4251, #3910, #2958 ) ;
#4304 = CARTESIAN_POINT ( 'NONE',  ( 0.3250000000000000111, 0.4000000000000000222, 0.1300000000000000044 ) ) ;
#4305 = PLANE ( 'NONE',  #743 ) ;
#4306 = CARTESIAN_POINT ( 'NONE',  ( -0.3250000000000000111, 0.5000000000000000000, -0.05000000000000000278 ) ) ;
#4308 = FILL_AREA_STYLE_COLOUR ( '', #3075 ) ;
#4307 = LINE ( 'NONE', #1333, #550 ) ;
#4309 = FACE_OUTER_BOUND ( 'NONE', #1884, .T. ) ;
#4310 = SURFACE_STYLE_USAGE ( .BOTH. , #1675 ) ;
#4311 = VERTEX_POINT ( 'NONE', #2819 ) ;
#4312 = PRESENTATION_STYLE_ASSIGNMENT (( #330 ) ) ;
#4313 = EDGE_CURVE ( 'NONE', #374, #3088, #3473, .T. ) ;
#4314 = SURFACE_STYLE_FILL_AREA ( #2695 ) ;
#4315 = ORIENTED_EDGE ( 'NONE', *, *, #3925, .T. ) ;
#4316 = CARTESIAN_POINT ( 'NONE',  ( 0.8249999999999997335, -0.4000000000000000777, 0.1300000000000000044 ) ) ;
#4317 = ORIENTED_EDGE ( 'NONE', *, *, #2427, .F. ) ;
#4318 =( LENGTH_UNIT ( ) NAMED_UNIT ( * ) SI_UNIT ( .MILLI., .METRE. ) );
#4319 = AXIS2_PLACEMENT_3D ( 'NONE', #1228, #1279, #3893 ) ;
#4320 = AXIS2_PLACEMENT_3D ( 'NONE', #3971, #15, #3628 ) ;
#4321 = ORIENTED_EDGE ( 'NONE', *, *, #595, .F. ) ;
#4322 = CARTESIAN_POINT ( 'NONE',  ( 0.8249999999999997335, -0.4000000000000000777, 0.1300000000000000044 ) ) ;
#4323 = CARTESIAN_POINT ( 'NONE',  ( -0.1249999999999998890, -1.000000000000000000, 0.1300000000000000044 ) ) ;
#4324 = COLOUR_RGB ( '',0.7921568627450980005, 0.8196078431372548767, 0.9333333333333333481 ) ;
#4325 = DIRECTION ( 'NONE',  ( 0.000000000000000000, -1.000000000000000000, 0.000000000000000000 ) ) ;
#4327 =( NAMED_UNIT ( * ) SI_UNIT ( $, .STERADIAN. ) SOLID_ANGLE_UNIT ( ) );
#4326 =( NAMED_UNIT ( * ) SI_UNIT ( $, .STERADIAN. ) SOLID_ANGLE_UNIT ( ) );
#4328 = DIRECTION ( 'NONE',  ( -6.776263578034403945E-17, 1.000000000000000000, 0.000000000000000000 ) ) ;
#4329 = FACE_OUTER_BOUND ( 'NONE', #1874, .T. ) ;
#4330 = VERTEX_POINT ( 'NONE', #781 ) ;
#4331 = UNCERTAINTY_MEASURE_WITH_UNIT (LENGTH_MEASURE( 1.000000000000000082E-05 ), #1943, 'distance_accuracy_value', 'NONE');
ENDSEC;
END-ISO-10303-21;
