method,received_at,east_m,north_m,error_to_rtk_m
FlexTDOA,1785765492.370663,0.188242,3.350076,0.203991
FlexTDOA,1785765492.371297,0.265558,3.427619,0.109389
FlexTDOA,1785765492.413232,0.493562,3.350617,0.144224
FlexTDOA,1785765492.413276,0.374205,3.389280,0.043226
FlexTDOA,1785765492.476025,0.354642,3.376338,0.059685
FlexTDOA,1785765492.600670,0.386204,3.336310,0.096861
FlexTDOA,1785765492.645199,0.423477,3.470792,0.061902
FlexTDOA,1785765492.741375,0.457799,3.477924,0.094581
FlexTDOA,1785765492.784471,0.286396,3.463832,0.093828
FlexTDOA,1785765492.784622,0.391116,3.330586,0.103207
FlexTDOA,1785765492.827361,0.361590,3.353065,0.080533
FlexTDOA,1785765492.924067,0.344012,3.360896,0.077959
FlexTDOA,1785765493.015651,0.535196,3.408419,0.162156
FlexTDOA,1785765493.015696,0.355357,3.281277,0.152474
FlexTDOA,1785765493.218657,0.387520,3.439050,0.014272
FlexTDOA,1785765493.219157,0.348531,3.412617,0.032977
FlexTDOA,1785765493.219215,0.295353,3.294990,0.158832
FlexTDOA,1785765493.219462,0.396956,3.414804,0.028326
FlexTDOA,1785765493.221375,0.410413,3.274763,0.161700
FlexTDOA,1785765493.256828,0.447218,3.412902,0.074986
FlexTDOA,1785765493.350481,0.259220,3.439476,0.115829
FlexTDOA,1785765493.442286,0.300154,3.403465,0.080130
FlexTDOA,1785765493.598345,0.347697,3.242560,0.191871
FlexTDOA,1785765493.641643,0.447993,3.274716,0.173919
FlexTDOA,1785765493.677856,0.312025,3.357009,0.098207
FlexTDOA,1785765493.688018,0.390958,3.314592,0.119006
FlexTDOA,1785765493.715367,0.330486,3.444085,0.045840
FlexTDOA,1785765493.733729,0.364365,3.461743,0.031061
FlexTDOA,1785765493.784312,0.319763,3.371061,0.082512
FlexTDOA,1785765493.786111,0.417652,3.280829,0.157599
FlexTDOA,1785765493.929719,0.462889,3.345373,0.123872
FlexTDOA,1785765493.930284,0.338667,3.355253,0.085298
FlexTDOA,1785765493.936250,0.326381,3.327413,0.115722
FlexTDOA,1785765493.993532,0.445007,3.348784,0.109235
FlexTDOA,1785765494.035542,0.385776,3.260341,0.172508
FlexTDOA,1785765494.091937,0.451046,3.438342,0.076431
FlexTDOA,1785765494.091987,0.422859,3.619231,0.192805
FlexTDOA,1785765494.092030,0.398142,3.269773,0.164388
FlexTDOA,1785765494.141376,0.398855,3.397214,0.042685
FlexTDOA,1785765494.251729,0.299541,3.313253,0.141032
FlexTDOA,1785765494.301630,0.328139,3.275583,0.163720
FlexTDOA,1785765494.433615,0.407243,3.372540,0.068158
FlexTDOA,1785765494.433664,0.383384,3.475294,0.043637
FlexTDOA,1785765494.433711,0.233022,3.311381,0.186500
FlexTDOA,1785765494.506678,0.242956,3.428123,0.131955
FlexTDOA,1785765494.594922,0.289638,3.302626,0.155328
FlexTDOA,1785765494.741079,0.362590,3.317746,0.115408
FlexTDOA,1785765494.833506,0.323105,3.281988,0.159156
FlexTDOA,1785765494.833546,0.319888,3.383504,0.073622
FlexTDOA,1785765494.879018,0.335198,3.261581,0.175457
FlexTDOA,1785765494.884626,0.342888,3.382533,0.059310
FlexTDOA,1785765494.923906,0.328317,3.265316,0.173537
FlexTDOA,1785765495.012508,0.380598,3.287011,0.145605
FlexTDOA,1785765495.012552,0.333805,3.426993,0.041401
FlexTDOA,1785765495.109503,0.414041,3.270778,0.166407
FlexTDOA,1785765495.113002,0.383698,3.393462,0.040032
FlexTDOA,1785765495.151981,0.313618,3.417063,0.063138
FlexTDOA,1785765495.305675,0.342649,3.342525,0.095561
FlexTDOA,1785765495.306348,0.439317,3.454391,0.068093
FlexTDOA,1785765495.312440,0.332052,3.335299,0.106202
FlexTDOA,1785765495.355948,0.445484,3.372608,0.092618
FlexTDOA,1785765495.356004,0.447686,3.399238,0.080082
FlexTDOA,1785765495.474993,0.392522,3.265729,0.167708
FlexTDOA,1785765495.475137,0.333085,3.375319,0.070804
FlexTDOA,1785765495.518884,0.407561,3.311026,0.125806
FlexTDOA,1785765495.565602,0.378955,3.428141,0.005996
FlexTDOA,1785765495.565645,0.304437,3.270606,0.176541
FlexTDOA,1785765495.656343,0.345883,3.452421,0.035145
FlexTDOA,1785765495.708350,0.378503,3.342277,0.090298
FlexTDOA,1785765495.750353,0.351977,3.343351,0.092035
FlexTDOA,1785765495.750610,0.365413,3.240917,0.191816
FlexTDOA,1785765495.750654,0.302100,3.463715,0.079153
FlexTDOA,1785765495.799448,0.185655,3.415940,0.189907
FlexTDOA,1785765495.801013,0.300206,3.328575,0.127948
FlexTDOA,1785765495.801198,0.354058,3.512463,0.082617
FlexTDOA,1785765495.937680,0.364406,3.456822,0.026464
FlexTDOA,1785765495.986644,0.405051,3.234550,0.200244
FlexTDOA,1785765495.986702,0.323348,3.475132,0.066848
FlexTDOA,1785765496.043665,0.411643,3.312801,0.125231
FlexTDOA,1785765496.095236,0.403077,3.168597,0.265411
FlexTDOA,1785765496.138783,0.331127,3.396292,0.056761
FlexTDOA,1785765496.138827,0.266959,3.465835,0.112912
FlexTDOA,1785765496.138996,0.294107,3.426389,0.080963
FlexTDOA,1785765496.188322,0.313913,3.308159,0.138466
FlexTDOA,1785765496.245230,0.371480,3.466982,0.034644
FlexTDOA,1785765496.245296,0.419160,3.348160,0.095278
FlexTDOA,1785765496.346789,0.437708,3.275630,0.169001
FlexTDOA,1785765496.398735,0.334502,3.397446,0.053442
FlexTDOA,1785765496.398780,0.417856,3.472058,0.058440
FlexTDOA,1785765496.465919,0.298616,3.323858,0.132715
FlexTDOA,1785765496.505159,0.404494,3.298507,0.137237
FlexTDOA,1785765496.562415,0.398850,3.406002,0.035760
FlexTDOA,1785765496.610827,0.386574,3.246428,0.186443
FlexTDOA,1785765496.654374,0.293534,3.369811,0.102667
FlexTDOA,1785765496.654465,0.275288,3.353715,0.126955
FlexTDOA,1785765496.799900,0.342184,3.446562,0.035553
FlexTDOA,1785765496.897475,0.295355,3.349201,0.115137
FlexTDOA,1785765497.047128,0.337736,3.255335,0.181010
FlexTDOA,1785765497.144591,0.429120,3.246837,0.193437
FlexTDOA,1785765497.204020,0.258517,3.409407,0.118592
FlexTDOA,1785765497.204175,0.302662,3.382080,0.088045
FlexTDOA,1785765497.204478,0.408438,3.334408,0.103688
FlexTDOA,1785765497.250188,0.343594,3.263068,0.172291
FlexTDOA,1785765497.250234,0.253542,3.369302,0.136774
FlexTDOA,1785765497.250434,0.354310,3.289418,0.144549
FlexTDOA,1785765497.396966,0.314036,3.409622,0.064965
FlexTDOA,1785765497.397275,0.384824,3.400224,0.033786
FlexTDOA,1785765497.517509,0.343978,3.369600,0.070064
FlexTDOA,1785765497.560728,0.360509,3.330694,0.102810
FlexTDOA,1785765497.560932,0.404841,3.309702,0.126412
FlexTDOA,1785765497.561176,0.495891,3.569484,0.182805
FlexTDOA,1785765497.561218,0.440546,3.549268,0.133984
FlexTDOA,1785765497.609034,0.482450,3.393306,0.114527
FlexTDOA,1785765497.609699,0.437926,3.122478,0.316378
FlexTDOA,1785765497.660360,0.375154,3.390797,0.041706
FlexTDOA,1785765497.708651,0.224147,3.296311,0.203115
FlexTDOA,1785765497.801218,0.392111,3.361735,0.072844
FlexTDOA,1785765497.907021,0.403270,3.424223,0.029612
FlexTDOA,1785765497.977039,0.296510,3.266178,0.183845
FlexTDOA,1785765498.194350,0.485898,3.314244,0.162231
FlexTDOA,1785765498.194390,0.302072,3.401867,0.078952
FlexTDOA,1785765498.340845,0.309264,3.391336,0.077425
FlexTDOA,1785765498.343075,0.321029,3.268633,0.172477
FlexTDOA,1785765498.346709,0.354785,3.232296,0.201207
FlexTDOA,1785765498.392480,0.298774,3.271210,0.178328
FlexTDOA,1785765498.447913,0.314213,3.317445,0.130052
FlexTDOA,1785765498.448019,0.361190,3.464888,0.035145
FlexTDOA,1785765498.468150,0.423571,3.430811,0.048762
FlexTDOA,1785765498.513411,0.247473,3.395139,0.132733
FlexTDOA,1785765498.513494,0.410582,3.397042,0.050348
FlexTDOA,1785765498.559813,0.378378,3.334022,0.098543
FlexTDOA,1785765498.666322,0.293069,3.499031,0.105416
FlexTDOA,1785765498.668546,0.287521,3.352090,0.118702
FlexTDOA,1785765498.722769,0.353525,3.459957,0.034757
FlexTDOA,1785765498.727124,0.280184,3.383874,0.106415
FlexTDOA,1785765498.840007,0.207735,3.469168,0.171079
FlexTDOA,1785765498.888737,0.481715,3.385418,0.116788
FlexTDOA,1785765498.888788,0.434013,3.288236,0.155930
FlexTDOA,1785765498.889328,0.378683,3.441373,0.009669
FlexTDOA,1785765499.085855,0.283028,3.178551,0.270037
FlexTDOA,1785765499.123029,0.481204,3.427948,0.106463
FlexTDOA,1785765499.167579,0.357763,3.472753,0.043723
FlexTDOA,1785765499.167708,0.307200,3.343199,0.112026
FlexTDOA,1785765499.167990,0.475362,3.350439,0.129765
FlexTDOA,1785765499.255233,0.419634,3.249366,0.188534
FlexTDOA,1785765499.366190,0.408589,3.266691,0.169211
FlexTDOA,1785765499.371109,0.203273,3.478326,0.177580
FlexTDOA,1785765499.426819,0.183965,3.316682,0.223264
FlexTDOA,1785765499.448842,0.299968,3.355391,0.107478
FlexTDOA,1785765499.491921,0.419548,3.322480,0.118759
FlexTDOA,1785765499.491981,0.396391,3.335252,0.099609
FlexTDOA,1785765499.545725,0.378561,3.355785,0.076807
FlexTDOA,1785765499.545765,0.438765,3.416836,0.065818
FlexTDOA,1785765499.597710,0.503510,3.335115,0.161371
FlexTDOA,1785765499.701289,0.390835,3.249029,0.184168
FlexTDOA,1785765499.753401,0.421615,3.495985,0.078855
FlexTDOA,1785765499.943316,0.369681,3.392356,0.040476
FlexTDOA,1785765499.950846,0.232777,3.506159,0.160022
FlexTDOA,1785765499.990585,0.332464,3.350231,0.092542
FlexTDOA,1785765500.041239,0.396285,3.298025,0.136176
FlexTDOA,1785765500.041315,0.456194,3.405312,0.085779
FlexTDOA,1785765500.137573,0.422445,3.372679,0.076453
FlexTDOA,1785765500.188673,0.294500,3.400841,0.086353
FlexTDOA,1785765500.237319,0.377038,3.360742,0.071793
FlexTDOA,1785765500.237363,0.365258,3.361802,0.071346
FlexTDOA,1785765500.287023,0.318403,3.360533,0.091457
FlexTDOA,1785765500.287391,0.279914,3.354423,0.122910
FlexTDOA,1785765500.343088,0.295205,3.461262,0.084668
FlexTDOA,1785765500.344697,0.353591,3.415594,0.027154
FlexTDOA,1785765500.436431,0.315748,3.366549,0.088552
FlexTDOA,1785765500.504654,0.355398,3.379623,0.056338
FlexTDOA,1785765500.555490,0.306684,3.424760,0.068593
FlexTDOA,1785765500.555533,0.251528,3.300874,0.180364
FlexTDOA,1785765500.704918,0.361150,3.237543,0.195438
FlexTDOA,1785765501.089754,0.324509,3.362316,0.086366
FlexTDOA,1785765501.091226,0.235590,3.333818,0.170671
FlexTDOA,1785765501.378376,0.353648,3.521845,0.091822
FlexTDOA,1785765501.379436,0.426353,3.509387,0.092548
FlexTDOA,1785765501.379473,0.381131,3.285171,0.147465
FlexTDOA,1785765501.501406,0.304591,3.348648,0.109390
FlexTDOA,1785765501.501450,0.233301,3.459720,0.144131
FlexTDOA,1785765501.595476,0.434685,3.381752,0.078467
FlexTDOA,1785765501.645852,0.270800,3.349799,0.132905
FlexTDOA,1785765501.769036,0.257441,3.315793,0.165538
FlexTDOA,1785765501.840515,0.274780,3.342791,0.134387
FlexTDOA,1785765501.895910,0.158909,3.154533,0.351983
FlexTDOA,1785765501.941259,0.404551,3.386151,0.055056
FlexTDOA,1785765502.094000,0.387677,3.058458,0.374264
FlexTDOA,1785765502.094060,0.296451,3.404764,0.083150
FlexTDOA,1785765502.140515,0.393986,3.458069,0.031942
FlexTDOA,1785765502.190617,0.385429,3.451573,0.021814
FlexTDOA,1785765502.233726,0.471337,3.361459,0.119829
FlexTDOA,1785765502.304773,0.309684,3.336840,0.115742
FlexTDOA,1785765502.349589,0.340793,3.456227,0.041497
FlexTDOA,1785765502.349642,0.431140,3.258890,0.182513
FlexTDOA,1785765502.482225,0.349813,3.416996,0.029439
FlexTDOA,1785765502.527867,0.418464,3.271736,0.166579
FlexTDOA,1785765502.645769,0.350899,3.412491,0.031202
FlexTDOA,1785765502.692731,0.252634,3.276253,0.198362
FlexTDOA,1785765502.724003,0.430362,3.348937,0.100329
FlexTDOA,1785765502.740855,0.176550,3.331840,0.222376
FlexTDOA,1785765502.740896,0.238114,3.124004,0.337438
FlexTDOA,1785765502.801260,0.319006,3.402080,0.063582
FlexTDOA,1785765502.851047,0.441873,3.257757,0.187161
FlexTDOA,1785765502.991121,0.439531,3.324965,0.125496
FlexTDOA,1785765502.991161,0.290568,3.489255,0.101600
FlexTDOA,1785765503.085973,0.317721,3.454028,0.061040
FlexTDOA,1785765503.130570,0.340557,3.351211,0.088223
FlexTDOA,1785765503.180495,0.397094,3.249876,0.183976
FlexTDOA,1785765503.229422,0.282044,3.300072,0.161705
FlexTDOA,1785765503.278619,0.390580,3.119700,0.313198
FlexTDOA,1785765503.323908,0.331183,3.351873,0.091689
FlexTDOA,1785765503.471027,0.367693,3.340363,0.092415
FlexTDOA,1785765503.471105,0.404512,3.431747,0.029683
FlexTDOA,1785765503.472019,0.336052,3.340443,0.099896
FlexTDOA,1785765503.628664,0.399405,3.458346,0.035657
FlexTDOA,1785765503.659517,0.251428,3.339576,0.154484
FlexTDOA,1785765503.676923,0.350195,3.356084,0.080293
FlexTDOA,1785765503.812119,0.375018,3.391360,0.041142
FlexTDOA,1785765503.857160,0.287599,3.349905,0.120137
FlexTDOA,1785765504.002254,0.218663,3.256073,0.235622
FlexTDOA,1785765504.002307,0.450705,3.332424,0.125584
FlexTDOA,1785765504.055285,0.385325,3.425634,0.012535
FlexTDOA,1785765504.055554,0.394623,3.446964,0.024507
FlexTDOA,1785765504.100353,0.321657,3.387726,0.069521
FlexTDOA,1785765504.245653,0.346050,3.419973,0.031397
FlexTDOA,1785765504.370786,0.274018,3.282364,0.180848
FlexTDOA,1785765504.452387,0.349049,3.324478,0.111059
FlexTDOA,1785765504.475119,0.410327,3.379161,0.064068
FlexTDOA,1785765504.604110,0.436192,3.409881,0.065391
FlexTDOA,1785765504.617359,0.466602,3.507972,0.118812
FlexTDOA,1785765504.815114,0.345182,3.446066,0.032611
FlexTDOA,1785765504.867459,0.338946,3.362424,0.078734
FlexTDOA,1785765505.109791,0.258799,3.400555,0.120356
FlexTDOA,1785765505.158398,0.405442,3.312799,0.123552
FlexTDOA,1785765505.208260,0.316259,3.419992,0.059900
FlexTDOA,1785765505.253213,0.454222,3.386791,0.091604
FlexTDOA,1785765505.253872,0.345012,3.324325,0.112213
FlexTDOA,1785765505.305172,0.295986,3.419571,0.079906
FlexTDOA,1785765505.456259,0.436365,3.481399,0.078591
FlexTDOA,1785765505.457005,0.343348,3.332572,0.104774
FlexTDOA,1785765505.536473,0.216077,3.424113,0.158983
FlexTDOA,1785765505.587916,0.416259,3.266396,0.171192
FlexTDOA,1785765505.639644,0.363156,3.314091,0.118986
FlexTDOA,1785765505.741392,0.276340,3.334603,0.138874
FlexTDOA,1785765505.741451,0.384735,3.447884,0.018291
FlexTDOA,1785765505.843000,0.186365,3.273479,0.246598
FlexTDOA,1785765505.929712,0.386000,3.394936,0.039188
FlexTDOA,1785765505.940978,0.445025,3.311441,0.139935
FlexTDOA,1785765505.993760,0.316880,3.287344,0.156301
FlexTDOA,1785765506.095515,0.358785,3.256278,0.176953
FlexTDOA,1785765506.143896,0.287027,3.283991,0.172529
FlexTDOA,1785765506.149149,0.462939,3.344110,0.124799
FlexTDOA,1785765506.289787,0.360949,3.375307,0.058856
FlexTDOA,1785765506.292428,0.264235,3.373831,0.125201
FlexTDOA,1785765506.445958,0.301995,3.393796,0.082488
FlexTDOA,1785765506.490897,0.282936,3.390663,0.100978
FlexTDOA,1785765506.635181,0.521163,3.324891,0.181634
FlexTDOA,1785765506.741024,0.457083,3.486455,0.098362
FlexTDOA,1785765506.831953,0.249376,3.378966,0.136407
FlexTDOA,1785765507.040186,0.330968,3.374827,0.072463
FlexTDOA,1785765507.040351,0.315656,3.465546,0.067783
FlexTDOA,1785765507.047659,0.248925,3.547573,0.170574
FlexTDOA,1785765507.082767,0.380571,3.330909,0.101754
FlexTDOA,1785765507.108320,0.442743,3.272298,0.174000
FlexTDOA,1785765507.111318,0.244263,3.405991,0.133239
FlexTDOA,1785765507.111318,0.336490,3.427169,0.038717
FlexTDOA,1785765507.111318,0.355705,3.285935,0.147810
FlexTDOA,1785765507.166796,0.333638,3.314435,0.125049
FlexTDOA,1785765507.232461,0.290289,3.315905,0.144026
FlexTDOA,1785765507.357380,0.315268,3.456135,0.064087
FlexTDOA,1785765507.357444,0.461803,3.324053,0.139010
FlexTDOA,1785765507.358912,0.414953,3.381885,0.064584
FlexTDOA,1785765507.474867,0.285286,3.275537,0.180714
FlexTDOA,1785765507.474910,0.510970,3.394778,0.141262
FlexTDOA,1785765507.474951,0.410797,3.506224,0.082025
FlexTDOA,1785765507.619053,0.272408,3.260344,0.200325
FlexTDOA,1785765507.619090,0.329600,3.431664,0.045246
FlexTDOA,1785765507.619345,0.349670,3.379495,0.058679
FlexTDOA,1785765507.619345,0.473668,3.282594,0.179554
FlexTDOA,1785765507.667924,0.320844,3.487107,0.076793
FlexTDOA,1785765507.668126,0.496104,3.270948,0.202002
FlexTDOA,1785765507.726217,0.272282,3.260908,0.199905
FlexTDOA,1785765507.726268,0.439062,3.416566,0.066171
FlexTDOA,1785765507.728736,0.459852,3.264868,0.187959
FlexTDOA,1785765507.795326,0.202305,3.475896,0.177907
FlexTDOA,1785765507.863645,0.425016,3.419193,0.051912
FlexTDOA,1785765507.864060,0.318450,3.293715,0.149804
FlexTDOA,1785765508.020258,0.293178,3.209672,0.237321
FlexTDOA,1785765508.072802,0.491983,3.522671,0.147829
FlexTDOA,1785765508.132871,0.443293,3.444228,0.069452
FlexTDOA,1785765508.196747,0.270265,3.328998,0.147135
FlexTDOA,1785765508.259246,0.333263,3.404556,0.050095
FlexTDOA,1785765508.317127,0.227798,3.505269,0.164061
FlexTDOA,1785765508.317174,0.406654,3.399384,0.045924
FlexTDOA,1785765508.317225,0.350498,3.374758,0.062664
FlexTDOA,1785765508.515550,0.365141,3.213589,0.219128
FlexTDOA,1785765508.862263,0.305091,3.314599,0.136988
FlexTDOA,1785765508.904777,0.300041,3.373937,0.094997
FlexTDOA,1785765508.955434,0.319624,3.216488,0.222958
FlexTDOA,1785765509.004869,0.272028,3.312647,0.157909
FlexTDOA,1785765509.122363,0.305711,3.323523,0.129054
FlexTDOA,1785765509.162862,0.375403,3.276230,0.156272
FlexTDOA,1785765509.265002,0.375795,3.435792,0.003427
FlexTDOA,1785765509.365860,0.263102,3.310887,0.165152
FlexTDOA,1785765509.415457,0.485577,3.373114,0.125657
FlexTDOA,1785765509.484640,0.280386,3.316251,0.149785
FlexTDOA,1785765509.613008,0.249864,3.476041,0.132342
FlexTDOA,1785765509.756853,0.424244,3.460601,0.056838
FlexTDOA,1785765509.807595,0.306698,3.263849,0.181898
FlexTDOA,1785765509.810710,0.506707,3.017091,0.435838
FlexTDOA,1785765509.853906,0.292952,3.400605,0.087879
FlexTDOA,1785765509.864530,0.256898,3.243007,0.223199
FlexTDOA,1785765510.151422,0.386914,3.441362,0.014977
FlexTDOA,1785765510.255510,0.378038,3.330939,0.101613
FlexTDOA,1785765510.300878,0.451835,3.513744,0.111932
FlexTDOA,1785765510.447225,0.366927,3.482706,0.050824
FlexTDOA,1785765510.472946,0.273568,3.285642,0.178391
FlexTDOA,1785765510.472984,0.348620,3.398740,0.042746
FlexTDOA,1785765510.514996,0.372373,3.364874,0.067673
FlexTDOA,1785765510.636286,0.339724,3.296413,0.140545
FlexTDOA,1785765510.636621,0.446099,3.395290,0.080391
FlexTDOA,1785765510.925441,0.301895,3.299076,0.152063
FlexTDOA,1785765510.975377,0.326123,3.376306,0.074372
FlexTDOA,1785765511.019687,0.459788,3.625336,0.210717
FlexTDOA,1785765511.019738,0.477688,3.274012,0.188936
FlexTDOA,1785765511.372437,0.351498,3.394425,0.044661
FlexTDOA,1785765511.411561,0.231892,3.394900,0.147810
FlexTDOA,1785765511.411617,0.359805,3.373245,0.061134
FlexTDOA,1785765511.414140,0.279428,3.437522,0.095542
FlexTDOA,1785765511.415406,0.399981,3.204897,0.228989
FlexTDOA,1785765511.533754,0.332565,3.344553,0.097580
FlexTDOA,1785765511.575575,0.419058,3.365696,0.080114
FlexTDOA,1785765511.576435,0.315992,3.297061,0.147672
FlexTDOA,1785765511.576492,0.329912,3.295035,0.144621
FlexTDOA,1785765511.685230,0.312812,3.525723,0.111971
FlexTDOA,1785765511.689003,0.308083,3.328336,0.123720
FlexTDOA,1785765511.703005,0.298229,3.330665,0.127436
FlexTDOA,1785765511.703005,0.461278,3.247165,0.204503
FlexTDOA,1785765511.724000,0.320263,3.194246,0.244427
FlexTDOA,1785765511.724000,0.387926,3.473139,0.042693
FlexTDOA,1785765511.724000,0.425441,3.279106,0.161526
FlexTDOA,1785765511.724000,0.496247,3.475517,0.128804
FlexTDOA,1785765511.785779,0.329550,3.399804,0.055859
FlexTDOA,1785765511.843249,0.515771,3.635471,0.247101
FlexTDOA,1785765511.843306,0.300470,3.353511,0.108490
FlexTDOA,1785765511.937804,0.362055,3.311072,0.122101
FlexTDOA,1785765512.039124,0.388486,3.240274,0.192711
FlexTDOA,1785765512.094295,0.296231,3.263052,0.186795
FlexTDOA,1785765512.094971,0.368002,3.391282,0.041782
FlexTDOA,1785765512.095047,0.576776,3.406021,0.203666
FlexTDOA,1785765512.236497,0.412343,3.359083,0.082443
FlexTDOA,1785765512.283873,0.317334,3.309818,0.135492
FlexTDOA,1785765512.329567,0.374181,3.444604,0.012121
FlexTDOA,1785765512.329615,0.313312,3.446341,0.063064
FlexTDOA,1785765512.341289,0.164851,3.267848,0.266844
FlexTDOA,1785765512.433928,0.333180,3.313239,0.126329
FlexTDOA,1785765512.434274,0.354324,3.256800,0.176895
FlexTDOA,1785765512.505138,0.334722,3.285423,0.152451
FlexTDOA,1785765512.555025,0.496312,3.389408,0.128891
FlexTDOA,1785765512.555091,0.380237,3.272975,0.159617
FlexTDOA,1785765512.613771,0.448680,3.344617,0.114788
FlexTDOA,1785765512.695191,0.390594,3.338435,0.095377
FlexTDOA,1785765512.725410,0.325285,3.247036,0.191971
FlexTDOA,1785765512.725453,0.413067,3.492702,0.071313
FlexTDOA,1785765512.728374,0.430052,3.434001,0.055234
FlexTDOA,1785765512.824154,0.277199,3.420451,0.098380
FlexTDOA,1785765512.871824,0.338812,3.508049,0.083698
FlexTDOA,1785765512.912890,0.219976,3.313395,0.195369
FlexTDOA,1785765513.061999,0.308444,3.275495,0.170468
FlexTDOA,1785765513.477802,0.304730,3.290234,0.158604
FlexTDOA,1785765513.519050,0.276075,3.458314,0.102081
FlexTDOA,1785765513.620214,0.279535,3.277103,0.182295
FlexTDOA,1785765513.665686,0.299320,3.274431,0.175184
FlexTDOA,1785765513.665720,0.294389,3.306006,0.149911
FlexTDOA,1785765513.665757,0.432328,3.323072,0.123612
FlexTDOA,1785765513.674611,0.300740,3.316111,0.137976
FlexTDOA,1785765513.781820,0.399902,3.340584,0.095273
FlexTDOA,1785765513.877829,0.311404,3.360184,0.096197
FlexTDOA,1785765513.877869,0.349412,3.293659,0.141152
FlexTDOA,1785765513.924441,0.323218,3.499597,0.084655
FlexTDOA,1785765513.924903,0.484968,3.302825,0.170131
FlexTDOA,1785765514.014864,0.524088,3.595639,0.221109
FlexTDOA,1785765514.068875,0.347848,3.344125,0.092406
FlexTDOA,1785765514.068914,0.287167,3.299333,0.159437
FlexTDOA,1785765514.171546,0.436942,3.307218,0.139831
FlexTDOA,1785765514.231598,0.515750,3.321635,0.179297
FlexTDOA,1785765514.231898,0.404357,3.358216,0.079935
FlexTDOA,1785765514.233273,0.314208,3.279192,0.164863
FlexTDOA,1785765514.327869,0.293412,3.301549,0.154203
FlexTDOA,1785765514.424248,0.419654,3.383709,0.066250
FlexTDOA,1785765514.430726,0.285385,3.490082,0.106383
FlexTDOA,1785765514.624650,0.325447,3.459198,0.056145
FlexTDOA,1785765514.624703,0.462857,3.387547,0.098834
FlexTDOA,1785765514.748560,0.108472,3.469425,0.268914
FlexTDOA,1785765514.809377,0.365949,3.252922,0.179799
FlexTDOA,1785765514.816297,0.334915,3.445937,0.042124
FlexTDOA,1785765514.854465,0.314934,3.482212,0.077843
FlexTDOA,1785765514.905728,0.336209,3.312563,0.126006
FlexTDOA,1785765514.950461,0.474791,3.473540,0.108049
FlexTDOA,1785765514.950498,0.291478,3.447018,0.084615
FlexTDOA,1785765514.950534,0.413285,3.304873,0.133294
FlexTDOA,1785765514.958323,0.426363,3.503680,0.087870
FlexTDOA,1785765515.105439,0.409251,3.276112,0.160131
FlexTDOA,1785765515.105487,0.268986,3.359064,0.128833
FlexTDOA,1785765515.151541,0.458611,3.357377,0.112524
FlexTDOA,1785765515.151682,0.358718,3.395865,0.040026
FlexTDOA,1785765515.199251,0.418951,3.306419,0.133577
FlexTDOA,1785765515.250450,0.243434,3.284230,0.198120
FlexTDOA,1785765515.298647,0.414339,3.271944,0.165345
FlexTDOA,1785765515.349473,0.263729,3.318430,0.159241
FlexTDOA,1785765515.394221,0.190374,3.320248,0.215936
FlexTDOA,1785765515.394264,0.392650,3.189309,0.243843
FlexTDOA,1785765515.653986,0.278505,3.374665,0.112362
FlexTDOA,1785765515.658900,0.292542,3.287771,0.166492
FlexTDOA,1785765515.754585,0.429724,3.251579,0.189064
FlexTDOA,1785765515.919872,0.389554,3.375785,0.058595
FlexTDOA,1785765515.921499,0.286680,3.329975,0.135217
FlexTDOA,1785765515.921791,0.251202,3.350111,0.148574
FlexTDOA,1785765515.921844,0.345651,3.189827,0.244423
FlexTDOA,1785765516.121387,0.341911,3.261854,0.173795
FlexTDOA,1785765516.218797,0.409400,3.279398,0.156956
FlexTDOA,1785765516.218836,0.405762,3.416102,0.035003
FlexTDOA,1785765516.231756,0.376284,3.256703,0.175804
FlexTDOA,1785765516.270409,0.231406,3.446268,0.144092
FlexTDOA,1785765516.270453,0.386319,3.330911,0.102237
FlexTDOA,1785765516.417078,0.351559,3.343071,0.092411
FlexTDOA,1785765516.516460,0.384763,3.287653,0.145188
FlexTDOA,1785765516.548546,0.253645,3.478810,0.129740
FlexTDOA,1785765516.548579,0.399756,3.279807,0.154714
FlexTDOA,1785765516.647982,0.448372,3.304737,0.147414
FlexTDOA,1785765516.694618,0.458558,3.415541,0.085421
FlexTDOA,1785765516.811896,0.357488,3.170201,0.262874
FlexTDOA,1785765516.860457,0.378525,3.275668,0.156877
FlexTDOA,1785765516.908578,0.239557,3.356809,0.155018
FlexTDOA,1785765516.908651,0.442574,3.295428,0.152896
FlexTDOA,1785765516.914216,0.353813,3.261862,0.171929
FlexTDOA,1785765516.957465,0.338710,3.393105,0.053454
FlexTDOA,1785765517.059143,0.500092,3.336548,0.157783
FlexTDOA,1785765517.163029,0.474214,3.298290,0.166997
FlexTDOA,1785765517.211051,0.339437,3.347616,0.091972
FlexTDOA,1785765517.211104,0.473295,3.376786,0.113128
FlexTDOA,1785765517.222993,0.426286,3.487451,0.075275
FlexTDOA,1785765517.411599,0.421701,3.283687,0.156019
FlexTDOA,1785765517.439643,0.313992,3.430672,0.060874
FlexTDOA,1785765517.485446,0.356058,3.261975,0.171557
FlexTDOA,1785765517.485487,0.297945,3.377846,0.094339
FlexTDOA,1785765517.628586,0.396066,3.300865,0.133337
FlexTDOA,1785765517.988470,0.395629,3.341988,0.092871
FlexTDOA,1785765517.989069,0.227183,3.431860,0.147657
FlexTDOA,1785765518.033833,0.351724,3.409485,0.032620
FlexTDOA,1785765518.088176,0.387393,3.311400,0.121750
FlexTDOA,1785765518.088566,0.290382,3.416775,0.085908
FlexTDOA,1785765518.189347,0.230324,3.327941,0.178374
FlexTDOA,1785765518.245528,0.286914,3.396355,0.095065
FlexTDOA,1785765518.347930,0.223090,3.429008,0.151789
FlexTDOA,1785765518.396756,0.402245,3.310021,0.125510
FlexTDOA,1785765518.608269,0.386216,3.334857,0.098305
FlexTDOA,1785765518.658590,0.338277,3.356070,0.084726
FlexTDOA,1785765518.658850,0.296792,3.233106,0.214126
FlexTDOA,1785765518.760270,0.382178,3.433216,0.007374
FlexTDOA,1785765519.098431,0.461786,3.331431,0.133323
FlexTDOA,1785765519.291885,0.409623,3.394202,0.051738
FlexTDOA,1785765519.336782,0.402589,3.281051,0.153972
FlexTDOA,1785765519.336859,0.342619,3.413314,0.037500
FlexTDOA,1785765519.392434,0.299434,3.328562,0.128411
FlexTDOA,1785765519.445408,0.370627,3.240830,0.191717
FlexTDOA,1785765519.446972,0.241895,3.519723,0.159001
FlexTDOA,1785765519.447643,0.535091,3.291100,0.213717
FlexTDOA,1785765519.517143,0.417977,3.307418,0.132313
FlexTDOA,1785765519.572118,0.436889,3.375554,0.084221
FlexTDOA,1785765519.723620,0.348544,3.518422,0.089854
FlexTDOA,1785765519.856307,0.301031,3.392819,0.083799
FlexTDOA,1785765519.906189,0.291838,3.459190,0.087186
FlexTDOA,1785765519.949847,0.325305,3.390881,0.064698
FlexTDOA,1785765520.111633,0.232839,3.198880,0.273392
FlexTDOA,1785765520.111672,0.396230,3.387093,0.050195
FlexTDOA,1785765520.111895,0.436236,3.338195,0.112532
FlexTDOA,1785765520.115125,0.383646,3.297111,0.135677
FlexTDOA,1785765520.216802,0.285984,3.335879,0.131267
FlexTDOA,1785765520.450283,0.302956,3.328801,0.126178
FlexTDOA,1785765520.668039,0.534099,3.356267,0.176566
FlexTDOA,1785765520.767234,0.419554,3.327901,0.113758
FlexTDOA,1785765520.769723,0.290623,3.395231,0.092094
FlexTDOA,1785765520.812745,0.352490,3.393575,0.044886
FlexTDOA,1785765520.865102,0.252995,3.255874,0.214577
FlexTDOA,1785765520.918428,0.328073,3.402649,0.055481
FlexTDOA,1785765520.931224,0.494839,3.278284,0.195405
FlexTDOA,1785765520.931339,0.391482,3.466300,0.037674
FlexTDOA,1785765520.967237,0.238796,3.374268,0.147982
FlexTDOA,1785765521.029727,0.410597,3.445098,0.037912
FlexTDOA,1785765521.131098,0.398211,3.392761,0.046104
FlexTDOA,1785765521.179283,0.286453,3.487844,0.104282
FlexTDOA,1785765521.179336,0.261292,3.288387,0.183472
FlexTDOA,1785765521.179535,0.370654,3.368384,0.064254
FlexTDOA,1785765521.230474,0.318793,3.335956,0.111634
FlexTDOA,1785765521.276059,0.398827,3.301401,0.133277
FlexTDOA,1785765521.276173,0.317112,3.362961,0.090379
FlexTDOA,1785765521.320294,0.349853,3.465159,0.041119
FlexTDOA,1785765521.321206,0.327599,3.248574,0.189897
FlexTDOA,1785765521.456105,0.437852,3.305760,0.141542
FlexTDOA,1785765521.458692,0.349732,3.350171,0.086074
FlexTDOA,1785765521.482010,0.323641,3.347433,0.099287
FlexTDOA,1785765521.578478,0.352839,3.338689,0.096358
FlexTDOA,1785765521.578519,0.288921,3.359829,0.112530
FlexTDOA,1785765521.675295,0.223937,3.381998,0.159128
FlexTDOA,1785765521.677574,0.427561,3.344925,0.102222
FlexTDOA,1785765521.793684,0.304588,3.237942,0.206854
FlexTDOA,1785765521.837537,0.356168,3.317498,0.116509
FlexTDOA,1785765521.837584,0.248191,3.373925,0.139538
FlexTDOA,1785765521.981132,0.378548,3.358504,0.074091
FlexTDOA,1785765522.023526,0.270584,3.295858,0.171873
FlexTDOA,1785765522.193384,0.334427,3.316006,0.123305
FlexTDOA,1785765522.246908,-0.026308,3.211395,0.458047
FlexTDOA,1785765522.293658,0.402419,3.338588,0.097879
FlexTDOA,1785765522.303992,0.451069,3.257070,0.191278
FlexTDOA,1785765522.364917,0.424137,3.276911,0.163213
FlexTDOA,1785765522.391091,0.334277,3.383203,0.063841
FlexTDOA,1785765522.441094,0.320491,3.405274,0.060787
FlexTDOA,1785765522.667764,0.306192,3.193268,0.248887
FlexTDOA,1785765522.667857,0.347095,3.301883,0.133533
FlexTDOA,1785765522.812312,0.363501,3.243961,0.188881
FlexTDOA,1785765522.909117,0.287655,3.386694,0.098485
FlexTDOA,1785765522.909436,0.385826,3.301802,0.131161
FlexTDOA,1785765523.125465,0.367892,3.393999,0.039124
FlexTDOA,1785765523.170680,0.315356,3.297703,0.147339
FlexTDOA,1785765523.211219,0.260915,3.295446,0.178221
FlexTDOA,1785765523.265552,0.300253,3.395917,0.083075
FlexTDOA,1785765523.313819,0.240549,3.349558,0.157840
FlexTDOA,1785765523.314220,0.444793,3.386227,0.083875
FlexTDOA,1785765523.410764,0.391569,3.364823,0.069716
FlexTDOA,1785765523.461785,0.339605,3.230340,0.205209
FlexTDOA,1785765523.528183,0.348627,3.358013,0.078965
FlexTDOA,1785765523.528326,0.261871,3.557560,0.168527
FlexTDOA,1785765523.582185,0.430461,3.379136,0.077083
FlexTDOA,1785765523.768266,0.350267,3.302217,0.132581
FlexTDOA,1785765523.768302,0.403394,3.436188,0.028792
FlexTDOA,1785765523.774858,0.317874,3.202613,0.236841
FlexTDOA,1785765523.811994,0.403008,3.371678,0.067030
FlexTDOA,1785765523.812056,0.249751,3.357579,0.145809
FlexTDOA,1785765523.812104,0.273240,3.351441,0.129973
FlexTDOA,1785765523.854224,0.477769,3.319708,0.152699
FlexTDOA,1785765523.962185,0.272079,3.374962,0.117772
FlexTDOA,1785765524.055717,0.252287,3.328676,0.160620
FlexTDOA,1785765524.055763,0.377192,3.315117,0.117409
FlexTDOA,1785765524.160579,0.244820,3.312339,0.177042
FlexTDOA,1785765524.306001,0.301841,3.406630,0.077447
FlexTDOA,1785765524.306745,0.289225,3.385614,0.097612
FlexTDOA,1785765524.307478,0.473072,3.391259,0.106540
FlexTDOA,1785765524.350104,0.465707,3.312624,0.150425
FlexTDOA,1785765524.351161,0.216238,3.325519,0.191310
FlexTDOA,1785765524.399765,0.333834,3.345805,0.095904
FlexTDOA,1785765524.400074,0.337465,3.315211,0.123101
FlexTDOA,1785765524.449741,0.496940,3.323524,0.163661
FlexTDOA,1785765524.451757,0.380219,3.333994,0.098654
FlexTDOA,1785765524.469580,0.328433,3.311421,0.129669
FlexTDOA,1785765524.515970,0.266549,3.440560,0.108589
FlexTDOA,1785765524.665254,0.488205,3.406238,0.116369
FlexTDOA,1785765524.665317,0.249924,3.385785,0.133365
FlexTDOA,1785765524.716932,0.248796,3.163117,0.297413
FlexTDOA,1785765524.716970,0.339229,3.298014,0.139122
FlexTDOA,1785765524.831801,0.297155,3.457330,0.081555
FlexTDOA,1785765524.870063,0.295281,3.281378,0.170785
FlexTDOA,1785765524.870114,0.478731,3.494114,0.120788
FlexTDOA,1785765525.226736,0.365070,3.340675,0.092345
FlexTDOA,1785765525.276466,0.477176,3.236642,0.220984
FlexTDOA,1785765525.320909,0.326054,3.416088,0.051472
FlexTDOA,1785765525.320957,0.541540,3.344211,0.188639
FlexTDOA,1785765525.372786,0.324488,3.363081,0.085758
FlexTDOA,1785765525.466012,0.210706,3.211384,0.275377
FlexTDOA,1785765525.537834,0.364820,3.353108,0.080023
FlexTDOA,1785765525.537877,0.189454,3.316634,0.218616
FlexTDOA,1785765525.539397,0.257917,3.373249,0.131079
FlexTDOA,1785765525.742322,0.367146,3.329928,0.102861
FlexTDOA,1785765525.793324,0.332994,3.292444,0.146175
FlexTDOA,1785765525.843928,0.421129,3.481951,0.067736
FlexTDOA,1785765525.943333,0.226124,3.454728,0.150366
FlexTDOA,1785765526.041157,0.250575,3.409603,0.126356
FlexTDOA,1785765526.100796,0.428210,3.252521,0.187727
FlexTDOA,1785765526.190371,0.351165,3.354829,0.081200
FlexTDOA,1785765526.235819,0.353101,3.266541,0.167378
FlexTDOA,1785765526.239689,0.318903,3.358349,0.092884
FlexTDOA,1785765526.336831,0.375232,3.209941,0.222561
FlexTDOA,1785765526.396873,0.447044,3.392412,0.082588
FlexTDOA,1785765526.399932,0.086657,3.175055,0.386429
FlexTDOA,1785765526.399971,0.326505,3.333894,0.109816
FlexTDOA,1785765526.400247,0.366824,3.221908,0.210746
FlexTDOA,1785765526.447580,0.401556,3.310411,0.124980
FlexTDOA,1785765526.447692,0.288043,3.321026,0.141281
FlexTDOA,1785765526.449851,0.405547,3.343379,0.094265
FlexTDOA,1785765526.517229,0.432384,3.284074,0.159192
FlexTDOA,1785765526.572221,0.351573,3.298023,0.136476
FlexTDOA,1785765526.572272,0.431488,3.333952,0.113671
FlexTDOA,1785765526.624287,0.238127,3.221015,0.251827
FlexTDOA,1785765526.875479,0.352593,3.356350,0.079334
FlexTDOA,1785765526.879529,0.423764,3.361561,0.086175
FlexTDOA,1785765526.880690,0.205416,3.453047,0.170663
FlexTDOA,1785765527.025832,0.381877,3.328677,0.104063
FlexTDOA,1785765527.073805,0.376239,3.268242,0.164265
FlexTDOA,1785765527.121459,0.313627,3.431274,0.061224
FlexTDOA,1785765527.218045,0.308696,3.275020,0.170808
FlexTDOA,1785765527.218451,0.299292,3.392247,0.085602
FlexTDOA,1785765527.274144,0.419529,3.377383,0.070960
FlexTDOA,1785765527.274205,0.447600,3.390751,0.083889
FlexTDOA,1785765527.339342,0.306148,3.345347,0.110970
FlexTDOA,1785765527.393755,0.497488,3.339493,0.153926
FlexTDOA,1785765527.444521,0.354725,3.481606,0.053064
FlexTDOA,1785765527.515902,0.474315,3.234585,0.221510
FlexTDOA,1785765527.562284,0.420252,3.425801,0.045906
FlexTDOA,1785765527.652980,0.459486,3.268189,0.184835
FlexTDOA,1785765527.706432,0.330405,3.447304,0.046835
FlexTDOA,1785765527.767707,0.324622,3.295160,0.146234
FlexTDOA,1785765527.909285,0.371173,3.414470,0.018401
FlexTDOA,1785765528.050616,0.340614,3.485984,0.063496
FlexTDOA,1785765528.292920,0.338037,3.353924,0.086769
FlexTDOA,1785765528.338831,0.471061,3.260339,0.197227
FlexTDOA,1785765528.339185,0.313602,3.463620,0.068690
FlexTDOA,1785765528.487045,0.277749,3.348613,0.128311
FlexTDOA,1785765528.487098,0.374554,3.400307,0.032196
FlexTDOA,1785765528.488142,0.428524,3.198863,0.239727
FlexTDOA,1785765528.590961,0.319174,3.343540,0.104941
FlexTDOA,1785765528.637895,0.260392,3.459676,0.117629
FlexTDOA,1785765528.640716,0.383243,3.354621,0.078332
FlexTDOA,1785765528.740437,0.377031,3.229636,0.202878
FlexTDOA,1785765528.740486,0.281410,3.227783,0.225030
FlexTDOA,1785765528.839761,0.254472,3.679834,0.275066
FlexTDOA,1785765528.929773,0.331760,3.258064,0.179678
FlexTDOA,1785765528.978411,0.483093,3.392612,0.115370
FlexTDOA,1785765528.991295,0.358237,3.145511,0.287470
FlexTDOA,1785765529.025086,0.484503,3.337684,0.144971
FlexTDOA,1785765529.029859,0.318811,3.266866,0.174855
FlexTDOA,1785765529.075399,0.381059,3.486876,0.054729
FlexTDOA,1785765529.076349,0.432634,3.371081,0.084337
FlexTDOA,1785765529.076399,0.235996,3.425686,0.139010
FlexTDOA,1785765529.133724,0.369072,3.340977,0.091706
FlexTDOA,1785765529.181944,0.325309,3.345744,0.099900
FlexTDOA,1785765529.181992,0.389928,3.408940,0.027979
FlexTDOA,1785765529.227495,0.416067,3.306027,0.133025
FlexTDOA,1785765529.428123,0.353028,3.260846,0.173036
FlexTDOA,1785765529.431254,0.256837,3.312655,0.168189
FlexTDOA,1785765529.454028,0.291790,3.312501,0.145935
FlexTDOA,1785765529.495408,0.416237,3.381930,0.065355
FlexTDOA,1785765529.496571,0.282810,3.401516,0.097105
FlexTDOA,1785765529.648245,0.367613,3.485714,0.053701
FlexTDOA,1785765529.768815,0.448142,3.403785,0.078728
FlexTDOA,1785765529.950769,0.287334,3.458020,0.091150
FlexTDOA,1785765530.025162,0.338148,3.352307,0.088190
FlexTDOA,1785765530.025856,0.289032,3.424476,0.086181
FlexTDOA,1785765530.026494,0.287725,3.302554,0.156445
FlexTDOA,1785765530.077078,0.466830,3.417740,0.093168
FlexTDOA,1785765530.181414,0.322462,3.317199,0.126641
FlexTDOA,1785765530.227218,0.179502,3.455683,0.196708
FlexTDOA,1785765530.373263,0.367389,3.371743,0.061213
FlexTDOA,1785765530.373651,0.291484,3.328650,0.133166
FlexTDOA,1785765530.374337,0.295216,3.435395,0.079675
FlexTDOA,1785765530.418861,0.314217,3.327361,0.121365
FlexTDOA,1785765530.588145,0.246251,3.400203,0.132582
FlexTDOA,1785765530.665553,0.371297,3.399833,0.032860
FlexTDOA,1785765530.872223,0.431154,3.511683,0.097166
FlexTDOA,1785765530.917919,0.287060,3.464848,0.093549
FlexTDOA,1785765530.933776,0.367560,3.402810,0.030571
FlexTDOA,1785765531.025628,0.232054,3.366137,0.157453
FlexTDOA,1785765531.085375,0.431676,3.287238,0.155987
FlexTDOA,1785765531.145590,0.324491,3.372017,0.078697
FlexTDOA,1785765531.393670,0.442068,3.459848,0.072578
FlexTDOA,1785765531.394713,0.261802,3.241546,0.221903
FlexTDOA,1785765531.504820,0.451832,3.279109,0.171631
FlexTDOA,1785765531.505152,0.338955,3.426491,0.036384
FlexTDOA,1785765531.561817,0.339328,3.263082,0.173101
FlexTDOA,1785765531.564138,0.291265,3.298856,0.157625
FlexTDOA,1785765531.723781,0.403699,3.367174,0.071418
FlexTDOA,1785765531.782823,0.363769,3.274341,0.158548
FlexTDOA,1785765531.838304,0.452286,3.422047,0.078149
FlexTDOA,1785765531.943436,0.387716,3.507751,0.076343
FlexTDOA,1785765531.994037,0.324663,3.324115,0.119437
FlexTDOA,1785765532.047118,0.461483,3.121507,0.322839
FlexTDOA,1785765532.047154,0.471099,3.501620,0.118505
FlexTDOA,1785765532.104963,0.382265,3.321343,0.111407
FlexTDOA,1785765532.329808,0.438573,3.437920,0.063965
FlexTDOA,1785765532.425556,0.468713,3.432701,0.093875
FlexTDOA,1785765532.427814,0.229627,3.368166,0.158825
FlexTDOA,1785765532.428075,0.263024,3.287143,0.183389
FlexTDOA,1785765532.509184,0.305255,3.370503,0.093197
FlexTDOA,1785765532.555124,0.229709,3.298146,0.197773
FlexTDOA,1785765532.555188,0.253017,3.422900,0.122200
FlexTDOA,1785765532.877908,0.394401,3.435628,0.019811
FlexTDOA,1785765533.249786,0.369328,3.361943,0.070774
FlexTDOA,1785765533.249832,0.298123,3.388987,0.088197
FlexTDOA,1785765533.296453,0.316524,3.440835,0.058907
FlexTDOA,1785765533.339458,0.264356,3.348338,0.138888
FlexTDOA,1785765533.756307,0.356725,3.319836,0.114113
FlexTDOA,1785765534.135380,0.298160,3.281752,0.169130
FlexTDOA,1785765534.138040,0.385650,3.397847,0.036302
FlexTDOA,1785765534.138270,0.306198,3.408504,0.072715
FlexTDOA,1785765534.399375,0.247257,3.261546,0.213314
FlexTDOA,1785765534.399491,0.356314,3.444935,0.022310
FlexTDOA,1785765534.455504,0.388930,3.267658,0.165445
FlexTDOA,1785765534.499540,0.421279,3.202254,0.234884
FlexTDOA,1785765534.499982,0.467179,3.477227,0.102602
FlexTDOA,1785765534.548486,0.364212,3.525168,0.093274
FlexTDOA,1785765534.601265,0.379689,3.400865,0.032006
FlexTDOA,1785765534.771367,0.328274,3.432080,0.046567
FlexTDOA,1785765534.965196,0.308408,3.337799,0.115679
FlexTDOA,1785765535.221991,0.454290,3.409708,0.082656
FlexTDOA,1785765535.274171,0.285680,3.355322,0.117924
FlexTDOA,1785765535.276149,0.489906,3.337843,0.148999
FlexTDOA,1785765535.317123,0.407497,3.393445,0.050911
FlexTDOA,1785765535.368187,0.422342,3.433721,0.047519
FlexTDOA,1785765535.415533,0.456341,3.297995,0.157272
FlexTDOA,1785765535.416072,0.374876,3.404022,0.028479
FlexTDOA,1785765535.419306,0.476656,3.390310,0.110213
FlexTDOA,1785765535.534274,0.418733,3.307656,0.132337
FlexTDOA,1785765535.582335,0.391763,3.300159,0.133420
FlexTDOA,1785765535.971644,0.399658,3.294778,0.139943
FlexTDOA,1785765535.971953,0.328428,3.437327,0.046661
FlexTDOA,1785765536.081935,0.439137,3.398166,0.072892
FlexTDOA,1785765536.128081,0.294026,3.432730,0.080813
FlexTDOA,1785765536.226774,0.440333,3.361841,0.096345
FlexTDOA,1785765536.278539,0.315354,3.324193,0.123568
FlexTDOA,1785765536.374424,0.356751,3.301747,0.132000
FlexTDOA,1785765536.450085,0.345519,3.275737,0.159482
FlexTDOA,1785765536.552914,0.324046,3.349577,0.097244
FlexTDOA,1785765536.566088,0.370249,3.274117,0.158451
FlexTDOA,1785765536.600530,0.311837,3.313163,0.134948
FlexTDOA,1785765536.697901,0.411794,3.480578,0.060639
FlexTDOA,1785765536.753681,0.325231,3.427381,0.049871
FlexTDOA,1785765536.754113,0.371745,3.172585,0.259935
FlexTDOA,1785765536.806112,0.252935,3.354092,0.144943
FlexTDOA,1785765536.848265,0.312511,3.394246,0.073132
FlexTDOA,1785765536.961762,0.310243,3.310305,0.138219
FlexTDOA,1785765537.017275,0.226424,3.431693,0.148417
FlexTDOA,1785765537.017309,0.376789,3.236487,0.196024
FlexTDOA,1785765537.066176,0.401385,3.331176,0.104746
FlexTDOA,1785765537.066513,0.446704,3.338564,0.118274
FlexTDOA,1785765537.075015,0.434301,3.251708,0.190321
FlexTDOA,1785765537.112020,0.216591,3.325079,0.191264
FlexTDOA,1785765537.112061,0.333897,3.329268,0.111056
FlexTDOA,1785765537.118874,0.524712,3.330593,0.181238
FlexTDOA,1785765537.159008,0.528006,3.531323,0.182281
FlexTDOA,1785765537.532069,0.334263,3.431123,0.040599
FlexTDOA,1785765537.639732,0.407385,3.411945,0.038495
FlexTDOA,1785765537.641737,0.394445,3.329776,0.104579
FlexTDOA,1785765537.689148,0.457059,3.395106,0.090325
FlexTDOA,1785765537.689254,0.350910,3.234797,0.199147
FlexTDOA,1785765537.695748,0.278095,3.441739,0.097184
FlexTDOA,1785765537.785024,0.431885,3.406062,0.062875
FlexTDOA,1785765537.883605,0.265534,3.326016,0.152599
FlexTDOA,1785765537.883676,0.443713,3.369838,0.093115
FlexTDOA,1785765537.884462,0.427360,3.392152,0.066231
FlexTDOA,1785765537.884632,0.262182,3.203975,0.254786
FlexTDOA,1785765537.957764,0.310031,3.402253,0.071519
FlexTDOA,1785765538.011293,0.262684,3.323642,0.156298
FlexTDOA,1785765538.011293,0.426563,3.367417,0.083135
FlexTDOA,1785765538.011293,0.456242,3.283287,0.169975
FlexTDOA,1785765538.054090,0.488116,3.378686,0.125411
FlexTDOA,1785765538.136738,0.368961,3.344941,0.087758
FlexTDOA,1785765538.348250,0.323545,3.305404,0.137058
FlexTDOA,1785765538.441686,0.411516,3.220365,0.215283
FlexTDOA,1785765538.441727,0.406081,3.206909,0.227746
FlexTDOA,1785765538.465437,0.453244,3.333074,0.126623
FlexTDOA,1785765538.514778,0.311676,3.238546,0.203981
FlexTDOA,1785765538.558362,0.271873,3.264154,0.197340
FlexTDOA,1785765538.561335,0.254831,3.410102,0.122080
FlexTDOA,1785765538.659190,0.414840,3.450990,0.044068
FlexTDOA,1785765538.940881,0.320377,3.352268,0.096971
FlexTDOA,1785765538.989196,0.481314,3.313981,0.159324
FlexTDOA,1785765539.044097,0.371075,3.358201,0.074396
FlexTDOA,1785765539.044194,0.223064,3.445515,0.152332
FlexTDOA,1785765539.099525,0.299443,3.390202,0.086451
FlexTDOA,1785765539.141709,0.437418,3.270825,0.173365
FlexTDOA,1785765539.141751,0.292047,3.269409,0.182903
FlexTDOA,1785765539.141789,0.414881,3.280502,0.157186
FlexTDOA,1785765539.197543,0.427437,3.191448,0.246725
FlexTDOA,1785765539.243097,0.361281,3.337924,0.095545
FlexTDOA,1785765539.293459,0.364457,3.462729,0.031960
FlexTDOA,1785765539.395942,0.312262,3.271341,0.172883
FlexTDOA,1785765539.459185,0.253834,3.343772,0.150050
FlexTDOA,1785765539.508468,0.435402,3.388044,0.075129
FlexTDOA,1785765539.556036,0.305538,3.305813,0.144404
FlexTDOA,1785765539.608534,0.493767,3.419226,0.119667
FlexTDOA,1785765539.655021,0.553667,3.357081,0.194082
FlexTDOA,1785765539.755040,0.283052,3.362849,0.115223
FlexTDOA,1785765539.837894,0.349243,3.329046,0.106575
FlexTDOA,1785765539.852035,0.330456,3.282462,0.156466
FlexTDOA,1785765539.857182,0.425651,3.380544,0.072674
FlexTDOA,1785765539.896950,0.303736,3.454802,0.074517
FlexTDOA,1785765539.968197,0.402008,3.375322,0.063306
FlexTDOA,1785765539.969203,0.441405,3.487977,0.086653
FlexTDOA,1785765540.083617,0.314680,3.380781,0.079335
FlexTDOA,1785765540.094679,0.406738,3.326383,0.110810
FlexTDOA,1785765540.095639,0.483122,3.472290,0.115362
FlexTDOA,1785765540.199149,0.391252,3.321337,0.112370
FlexTDOA,1785765540.444647,0.335380,3.216193,0.219878
FlexTDOA,1785765540.465030,0.400270,3.269318,0.165153
FlexTDOA,1785765540.514884,0.402764,3.336401,0.100076
FlexTDOA,1785765540.562579,0.156692,3.318690,0.246051
FlexTDOA,1785765540.614062,0.351469,3.453377,0.031336
FlexTDOA,1785765540.614108,0.441297,3.327120,0.124587
FlexTDOA,1785765540.665764,0.391351,3.360136,0.074225
FlexTDOA,1785765540.711032,0.280702,3.419507,0.095029
FlexTDOA,1785765540.753814,0.310614,3.508137,0.099225
FlexTDOA,1785765540.808026,0.355224,3.393209,0.043916
FlexTDOA,1785765540.856872,0.366687,3.337866,0.094986
FlexTDOA,1785765540.940791,0.312833,3.472955,0.074035
FlexTDOA,1785765540.983038,0.386349,3.327447,0.105683
FlexTDOA,1785765541.030174,0.387778,3.449688,0.021513
FlexTDOA,1785765541.030294,0.374034,3.261120,0.171384
FlexTDOA,1785765541.030663,0.332409,3.296267,0.142689
FlexTDOA,1785765541.082199,0.268743,3.403957,0.109869
FlexTDOA,1785765541.082252,0.436751,3.189107,0.251146
FlexTDOA,1785765541.133118,0.687737,3.200406,0.389582
FlexTDOA,1785765541.279079,0.437967,3.450639,0.065682
FlexTDOA,1785765541.327634,0.300499,3.375347,0.093771
FlexTDOA,1785765541.382313,0.106781,3.363155,0.276882
FlexTDOA,1785765541.382361,0.251603,3.405257,0.126211
FlexTDOA,1785765541.429275,0.283736,3.277874,0.179470
FlexTDOA,1785765541.429312,0.321084,3.514895,0.098378
FlexTDOA,1785765541.749062,0.492121,3.579856,0.188331
FlexTDOA,1785765541.749101,0.344327,3.396292,0.047351
FlexTDOA,1785765541.749141,0.374093,3.356351,0.076155
FlexTDOA,1785765541.916591,0.403749,3.360134,0.077928
FlexTDOA,1785765542.079937,0.341736,3.374338,0.066924
FlexTDOA,1785765542.134843,0.388541,3.402293,0.033171
FlexTDOA,1785765542.234679,0.366214,3.342974,0.089942
FlexTDOA,1785765542.460442,0.400200,3.335501,0.100262
FlexTDOA,1785765542.503457,0.378742,3.357347,0.075256
FlexTDOA,1785765542.754310,0.295788,3.272853,0.178147
FlexTDOA,1785765542.861332,0.513834,3.485033,0.148591
FlexTDOA,1785765542.861537,0.356101,3.229138,0.204225
FlexTDOA,1785765543.019512,0.393981,3.447462,0.024295
FlexTDOA,1785765543.019827,0.294931,3.281313,0.171006
FlexTDOA,1785765543.118174,0.313312,3.417643,0.063296
FlexTDOA,1785765543.167472,0.295999,3.385011,0.092039
FlexTDOA,1785765543.167654,0.319246,3.263558,0.177855
FlexTDOA,1785765543.312041,0.396293,3.384251,0.052806
FlexTDOA,1785765543.482807,0.375668,3.337556,0.094949
FlexTDOA,1785765543.634409,0.369403,3.385630,0.047185
FlexTDOA,1785765543.682688,0.485959,3.242918,0.219749
FlexTDOA,1785765543.888248,0.363175,3.366289,0.067232
FlexTDOA,1785765543.888294,0.272819,3.617576,0.211331
FlexTDOA,1785765544.056310,0.298126,3.416677,0.078328
FlexTDOA,1785765544.172026,0.399407,3.354460,0.081817
FlexTDOA,1785765544.172396,0.331584,3.324113,0.116701
FlexTDOA,1785765544.225466,0.329960,3.403089,0.053658
FlexTDOA,1785765544.286505,0.232484,3.419686,0.142930
FlexTDOA,1785765544.327195,0.362323,3.206230,0.226617
FlexTDOA,1785765544.380842,0.313414,3.413898,0.064180
FlexTDOA,1785765544.543008,0.493751,3.374161,0.132453
FlexTDOA,1785765544.543050,0.291864,3.393925,0.091504
FlexTDOA,1785765544.642081,0.339481,3.320978,0.116995
FlexTDOA,1785765544.692872,0.289067,3.401442,0.091222
FlexTDOA,1785765544.741210,0.299382,3.474556,0.086385
FlexTDOA,1785765544.790240,0.179715,3.415577,0.195856
FlexTDOA,1785765544.935930,0.392246,3.256424,0.176936
FlexTDOA,1785765545.070648,0.467929,3.339765,0.131400
FlexTDOA,1785765545.143688,0.423743,3.316891,0.125528
FlexTDOA,1785765545.157646,0.322258,3.408353,0.057861
FlexTDOA,1785765545.163321,0.369513,3.291664,0.140938
FlexTDOA,1785765545.212836,0.266989,3.405388,0.111206
FlexTDOA,1785765545.223248,0.463777,3.199919,0.249008
FlexTDOA,1785765545.260643,0.311972,3.271307,0.173020
FlexTDOA,1785765545.260692,0.423632,3.355398,0.091246
FlexTDOA,1785765545.355581,0.391466,3.515108,0.084264
FlexTDOA,1785765545.407291,0.440051,3.373178,0.088159
FlexTDOA,1785765545.505311,0.279749,3.399964,0.100503
FlexTDOA,1785765545.505311,0.378350,3.323537,0.109021
FlexTDOA,1785765545.505550,0.430883,3.361969,0.090088
FlexTDOA,1785765545.553599,0.364063,3.337418,0.095692
FlexTDOA,1785765545.602029,0.389352,3.538096,0.106587
FlexTDOA,1785765545.648818,0.260068,3.400591,0.119124
FlexTDOA,1785765545.750022,0.430231,3.352250,0.097512
FlexTDOA,1785765545.750272,0.290549,3.484005,0.098779
FlexTDOA,1785765545.856135,0.341919,3.646705,0.216718
FlexTDOA,1785765545.907171,0.378598,3.337250,0.095326
FlexTDOA,1785765545.907746,0.297340,3.291024,0.161313
FlexTDOA,1785765546.000084,0.328903,3.444182,0.047398
FlexTDOA,1785765546.054432,0.420534,3.371633,0.076113
FlexTDOA,1785765546.220706,0.430067,3.508654,0.094072
FlexTDOA,1785765546.266167,0.302526,3.480563,0.086828
FlexTDOA,1785765546.315551,0.383846,3.370278,0.062873
FlexTDOA,1785765546.370312,0.338372,3.214900,0.220636
FlexTDOA,1785765546.582781,0.315518,3.316438,0.130344
FlexTDOA,1785765546.635906,0.454325,3.225145,0.222070
FlexTDOA,1785765546.685255,0.369533,3.243318,0.189258
FlexTDOA,1785765546.688542,0.378398,3.366420,0.066178
FlexTDOA,1785765546.787691,0.325100,3.371852,0.078436
FlexTDOA,1785765546.907341,0.376185,3.358675,0.073839
FlexTDOA,1785765546.956966,0.331179,3.298402,0.141028
FlexTDOA,1785765547.001822,0.522252,3.313789,0.189270
FlexTDOA,1785765547.100928,0.439490,3.410035,0.068444
FlexTDOA,1785765547.270057,0.509368,3.290097,0.195901
FlexTDOA,1785765547.305787,0.346061,3.338840,0.097983
FlexTDOA,1785765547.368355,0.335063,3.266467,0.170733
FlexTDOA,1785765547.368388,0.273206,3.276640,0.186070
FlexTDOA,1785765547.413434,0.419072,3.368097,0.078131
FlexTDOA,1785765547.436724,0.323780,3.465404,0.060741
FlexTDOA,1785765547.483251,0.332829,3.380253,0.067043
FlexTDOA,1785765547.483290,0.234220,3.342991,0.166691
FlexTDOA,1785765547.680354,0.388998,3.448695,0.021511
FlexTDOA,1785765547.729212,0.309492,3.373060,0.088337
FlexTDOA,1785765547.778713,0.440693,3.440700,0.066363
FlexTDOA,1785765548.078982,0.340207,3.388417,0.056060
FlexTDOA,1785765548.140251,0.387860,3.306640,0.126533
FlexTDOA,1785765548.180183,0.285605,3.341182,0.127679
FlexTDOA,1785765548.344962,0.244186,3.291424,0.192283
FlexTDOA,1785765548.345242,0.287817,3.291651,0.165564
FlexTDOA,1785765548.345677,0.482801,3.418999,0.108804
FlexTDOA,1785765548.345814,0.289371,3.398448,0.092002
FlexTDOA,1785765548.439306,0.541400,3.491865,0.176824
FlexTDOA,1785765548.439464,0.413515,3.373914,0.070202
FlexTDOA,1785765548.464327,0.322731,3.442784,0.053113
FlexTDOA,1785765548.464327,0.384595,3.331823,0.101150
FlexTDOA,1785765548.556878,0.413258,3.264370,0.172465
FlexTDOA,1785765548.653989,0.038123,3.465846,0.338362
FlexTDOA,1785765548.654047,0.335359,3.321791,0.117539
FlexTDOA,1785765548.698820,0.164122,3.376816,0.217950
FlexTDOA,1785765548.698889,0.312162,3.512238,0.101421
FlexTDOA,1785765548.746348,0.353174,3.306152,0.128193
FlexTDOA,1785765548.748748,0.209976,3.219602,0.269269
FlexTDOA,1785765548.949972,0.262999,3.311356,0.164876
FlexTDOA,1785765549.005679,0.399272,3.405150,0.036675
FlexTDOA,1785765549.049399,0.494937,3.338440,0.152549
FlexTDOA,1785765549.202999,0.373658,3.409303,0.023228
FlexTDOA,1785765549.268044,0.267820,3.416135,0.108263
FlexTDOA,1785765549.311574,0.489077,3.257072,0.209346
FlexTDOA,1785765549.311617,0.404885,3.409026,0.038130
FlexTDOA,1785765549.632358,0.336718,3.389929,0.057145
FlexTDOA,1785765549.701338,0.339406,3.408447,0.042827
FlexTDOA,1785765549.816863,0.384669,3.379022,0.054375
FlexTDOA,1785765549.897366,0.399437,3.329878,0.105530
FlexTDOA,1785765549.897410,0.219193,3.152452,0.320396
FlexTDOA,1785765549.952107,0.449108,3.344258,0.115338
FlexTDOA,1785765549.952462,0.421497,3.371680,0.076657
FlexTDOA,1785765550.039871,0.434523,2.939384,0.496716
FlexTDOA,1785765550.115027,0.357937,3.274038,0.159362
FlexTDOA,1785765550.115536,0.426600,3.206805,0.231556
FlexTDOA,1785765550.123072,0.366479,3.437893,0.009947
FlexTDOA,1785765550.215569,0.414840,3.490223,0.070227
FlexTDOA,1785765550.283856,0.469661,3.471585,0.102561
FlexTDOA,1785765550.283903,0.365167,3.453617,0.023225
FlexTDOA,1785765550.404715,0.318116,3.241084,0.199645
FlexTDOA,1785765550.405306,0.229453,3.457028,0.147440
FlexTDOA,1785765550.405644,0.291585,3.400017,0.089366
FlexTDOA,1785765550.406082,0.422305,3.524362,0.103399
FlexTDOA,1785765550.460375,0.374843,3.362893,0.069609
FlexTDOA,1785765550.460934,0.519728,3.450787,0.146039
FlexTDOA,1785765550.601684,0.270768,3.298271,0.169849
FlexTDOA,1785765550.674045,0.405914,3.432771,0.031076
FlexTDOA,1785765550.685273,0.320211,3.419117,0.056243
FlexTDOA,1785765550.685979,0.374174,3.275260,0.157243
FlexTDOA,1785765550.746887,0.203243,3.387944,0.177286
FlexTDOA,1785765550.746977,0.361413,3.345482,0.088049
FlexTDOA,1785765550.815426,0.463507,3.258746,0.195072
FlexTDOA,1785765550.857080,0.315507,3.362084,0.092080
FlexTDOA,1785765550.911015,0.369439,3.348150,0.084524
FlexTDOA,1785765551.079830,0.312803,3.287021,0.158155
FlexTDOA,1785765551.198656,0.320575,3.328025,0.117728
FlexTDOA,1785765551.413377,0.236675,3.295931,0.194270
FlexTDOA,1785765551.499576,0.479145,3.323121,0.151142
FlexTDOA,1785765551.499625,0.186799,3.462850,0.190473
FlexTDOA,1785765551.546516,0.389076,3.337053,0.096504
FlexTDOA,1785765551.547021,0.243142,3.433624,0.131701
FlexTDOA,1785765551.617356,0.334196,3.351142,0.090946
FlexTDOA,1785765551.617552,0.437222,3.326942,0.122616
FlexTDOA,1785765551.882986,0.386275,3.388649,0.045319
FlexTDOA,1785765552.030839,0.311616,3.294810,0.151513
FlexTDOA,1785765552.082786,0.315131,3.389250,0.073727
FlexTDOA,1785765552.128536,0.390987,3.346771,0.087238
FlexTDOA,1785765552.182759,0.435282,3.435042,0.060497
FlexTDOA,1785765552.182848,0.361214,3.438348,0.014826
FlexTDOA,1785765552.182905,0.396699,3.319952,0.114653
FlexTDOA,1785765552.233961,0.453837,3.258673,0.190938
FlexTDOA,1785765552.233995,0.338677,3.373995,0.068780
FlexTDOA,1785765552.285545,0.248280,3.298375,0.184410
FlexTDOA,1785765552.383302,0.279588,3.271027,0.187474
FlexTDOA,1785765552.383343,0.432635,3.347191,0.103045
FlexTDOA,1785765552.383384,0.390397,3.448111,0.022039
FlexTDOA,1785765552.526711,0.377724,3.490664,0.058234
FlexTDOA,1785765552.561762,0.356386,3.450467,0.025754
FlexTDOA,1785765552.567849,0.406006,3.396457,0.047651
FlexTDOA,1785765552.621892,0.418220,3.268428,0.169711
FlexTDOA,1785765552.675596,0.387480,3.293342,0.139732
FlexTDOA,1785765552.725323,0.414852,3.360712,0.082188
FlexTDOA,1785765552.893405,0.527152,3.333443,0.181692
FlexTDOA,1785765552.918877,0.326310,3.321965,0.120720
FlexTDOA,1785765553.023304,0.226337,3.222389,0.257294
FlexTDOA,1785765553.025696,0.230656,3.435021,0.144205
FlexTDOA,1785765553.088557,0.340719,3.467074,0.048573
FlexTDOA,1785765553.249980,0.391544,3.334251,0.099660
FlexTDOA,1785765553.416359,0.274539,3.479981,0.110970
FlexTDOA,1785765553.500873,0.371856,3.304808,0.127728
FlexTDOA,1785765553.544162,0.488352,3.288356,0.183475
FlexTDOA,1785765553.602221,0.371119,3.428338,0.005583
FlexTDOA,1785765553.641279,0.334438,3.550616,0.124833
FlexTDOA,1785765553.801967,0.382245,3.312465,0.120265
FlexTDOA,1785765553.851486,0.308780,3.521274,0.110654
FlexTDOA,1785765553.907652,0.397095,3.364946,0.071128
FlexTDOA,1785765553.950044,0.413458,3.368670,0.074605
FlexTDOA,1785765553.950106,0.359514,3.386892,0.048115
FlexTDOA,1785765553.952192,0.485869,3.331483,0.150109
FlexTDOA,1785765554.059769,0.424997,3.449736,0.053037
FlexTDOA,1785765554.109590,0.401345,3.409847,0.034869
FlexTDOA,1785765554.154377,0.446263,3.450466,0.073649
FlexTDOA,1785765554.410998,0.355587,3.339419,0.095053
FlexTDOA,1785765554.460837,0.338907,3.352887,0.087347
FlexTDOA,1785765554.594099,0.500272,3.343098,0.154034
FlexTDOA,1785765554.594872,0.319984,3.380781,0.075392
FlexTDOA,1785765554.594933,0.408983,3.284216,0.152166
FlexTDOA,1785765554.657539,0.345711,3.510003,0.082795
FlexTDOA,1785765554.657580,0.335117,3.335848,0.104498
FlexTDOA,1785765554.708697,0.200254,3.437495,0.174656
FlexTDOA,1785765554.856345,0.328705,3.387232,0.064635
FlexTDOA,1785765554.896998,0.353071,3.216198,0.217396
FlexTDOA,1785765554.940331,0.412071,3.335421,0.103975
FlexTDOA,1785765555.042791,0.282967,3.439508,0.092139
FlexTDOA,1785765555.106718,0.401046,3.306625,0.128576
FlexTDOA,1785765555.159178,0.410704,3.277209,0.159380
FlexTDOA,1785765555.214279,0.267595,3.193179,0.262253
FlexTDOA,1785765555.214348,0.265754,3.204136,0.253082
FlexTDOA,1785765555.214397,0.449573,3.365013,0.100698
FlexTDOA,1785765555.263959,0.450922,3.354395,0.109038
FlexTDOA,1785765555.315543,0.440135,3.468390,0.074509
FlexTDOA,1785765555.362695,0.203436,3.260627,0.242734
FlexTDOA,1785765555.363661,0.255960,3.243633,0.223167
FlexTDOA,1785765555.363964,0.354558,3.267743,0.166002
FlexTDOA,1785765555.412229,0.412216,3.362732,0.079151
FlexTDOA,1785765555.445546,0.282336,3.404355,0.096690
FlexTDOA,1785765555.656166,0.360939,3.464759,0.035124
FlexTDOA,1785765555.683160,0.442380,3.425175,0.067938
FlexTDOA,1785765555.729918,0.364449,3.297975,0.134927
FlexTDOA,1785765555.782174,0.338612,3.379546,0.064161
FlexTDOA,1785765555.826637,0.298215,3.323146,0.133529
FlexTDOA,1785765555.965128,0.202595,3.382152,0.179451
FlexTDOA,1785765555.965571,0.367731,3.269427,0.163229
FlexTDOA,1785765556.018072,0.215208,3.462946,0.162508
FlexTDOA,1785765556.071219,0.245713,3.241734,0.230360
FlexTDOA,1785765556.071270,0.352898,3.515731,0.086073
FlexTDOA,1785765556.177410,0.382014,3.433288,0.007218
FlexTDOA,1785765556.223881,0.269776,3.502613,0.126308
FlexTDOA,1785765556.274130,-0.048477,3.316188,0.439004
FlexTDOA,1785765556.319093,0.317616,3.314075,0.131526
FlexTDOA,1785765556.364177,0.267847,3.494061,0.123438
FlexTDOA,1785765556.373485,0.398293,3.306029,0.128629
FlexTDOA,1785765556.484273,0.335245,3.384755,0.062027
FlexTDOA,1785765556.528316,0.322722,3.328455,0.116369
FlexTDOA,1785765556.576140,0.268003,3.410203,0.109138
FlexTDOA,1785765556.578421,0.444161,3.514684,0.107516
FlexTDOA,1785765556.578468,0.391810,3.504717,0.074183
FlexTDOA,1785765556.685570,0.312381,3.476234,0.076246
FlexTDOA,1785765556.685625,0.454235,3.390545,0.089801
FlexTDOA,1785765556.686953,0.377328,3.339915,0.092620
FlexTDOA,1785765556.687362,0.442671,3.368727,0.093104
FlexTDOA,1785765556.687459,0.235090,3.236114,0.241034
FlexTDOA,1785765556.734587,0.322518,3.306840,0.136119
FlexTDOA,1785765556.831897,0.331929,3.235730,0.201396
FlexTDOA,1785765556.831945,0.454677,3.333595,0.127109
FlexTDOA,1785765556.839032,0.283663,3.323007,0.142485
FlexTDOA,1785765556.974032,0.271267,3.418393,0.104528
FlexTDOA,1785765557.117491,0.323715,3.157538,0.279676
FlexTDOA,1785765557.117533,0.419245,3.304803,0.135199
FlexTDOA,1785765557.170488,0.277335,3.287767,0.174514
FlexTDOA,1785765557.172002,0.338643,3.408321,0.043530
FlexTDOA,1785765557.320492,0.339008,3.367689,0.074057
FlexTDOA,1785765557.413485,0.332312,3.368927,0.076486
FlexTDOA,1785765557.438275,0.464127,3.448014,0.090626
FlexTDOA,1785765557.446222,0.231106,3.447362,0.144499
FlexTDOA,1785765557.480277,0.384233,3.210391,0.222309
FlexTDOA,1785765557.482625,0.331783,3.282861,0.155711
FlexTDOA,1785765557.698858,0.298459,3.337117,0.122197
FlexTDOA,1785765557.737610,0.473694,3.327377,0.144304
FlexTDOA,1785765557.781440,0.321006,3.389160,0.069112
FlexTDOA,1785765557.796490,0.373654,3.337055,0.095454
FlexTDOA,1785765557.905524,0.408331,3.303950,0.132843
FlexTDOA,1785765557.905570,0.290505,3.349152,0.118572
FlexTDOA,1785765557.952611,0.316854,3.269295,0.173201
FlexTDOA,1785765557.964714,0.321158,3.391512,0.067541
FlexTDOA,1785765558.064061,0.316712,3.492979,0.083882
FlexTDOA,1785765558.064365,0.414576,3.300651,0.137709
FlexTDOA,1785765558.217195,0.349533,3.333583,0.102104
FlexTDOA,1785765558.217366,0.234205,3.508611,0.159908
FlexTDOA,1785765558.266647,0.341402,3.319558,0.117789
FlexTDOA,1785765558.415704,0.332435,3.514985,0.092745
FlexTDOA,1785765558.418365,0.382523,3.304623,0.128109
FlexTDOA,1785765558.481474,0.360928,3.414219,0.022973
FlexTDOA,1785765558.788183,0.456398,3.198271,0.248024
FlexTDOA,1785765558.788491,0.364467,3.282855,0.150005
FlexTDOA,1785765558.788772,0.386443,3.238264,0.194584
FlexTDOA,1785765558.830897,0.445028,3.264581,0.181999
FlexTDOA,1785765558.931929,0.289132,3.475722,0.095988
FlexTDOA,1785765558.931997,0.420846,3.329657,0.112667
FlexTDOA,1785765558.984104,0.406822,3.463783,0.044738
FlexTDOA,1785765559.035089,0.354597,3.288913,0.145008
FlexTDOA,1785765559.035245,0.320801,3.296524,0.146321
FlexTDOA,1785765559.094319,0.352340,3.374719,0.062008
FlexTDOA,1785765559.143737,0.247781,3.339962,0.157185
FlexTDOA,1785765559.194312,0.322526,3.312042,0.131328
FlexTDOA,1785765559.239298,0.384790,3.306214,0.126679
FlexTDOA,1785765559.289668,0.296255,3.384309,0.092184
FlexTDOA,1785765559.289715,0.394563,3.336673,0.097837
FlexTDOA,1785765559.334619,0.420509,3.348886,0.095275
FlexTDOA,1785765559.509358,0.333413,3.347103,0.094916
FlexTDOA,1785765559.557190,0.433972,3.501102,0.090569
FlexTDOA,1785765559.606998,0.326898,3.358142,0.088474
FlexTDOA,1785765559.763205,0.362556,3.487920,0.056763
FlexTDOA,1785765559.764656,0.472832,3.374621,0.113810
FlexTDOA,1785765559.814725,0.276232,3.263362,0.195784
FlexTDOA,1785765559.863296,0.344183,3.361146,0.077662
FlexTDOA,1785765559.863849,0.259019,3.441543,0.116172
FlexTDOA,1785765559.915557,0.501780,3.421938,0.127380
FlexTDOA,1785765559.915940,0.268904,3.436724,0.106018
FlexTDOA,1785765559.962864,0.442505,3.344004,0.111403
FlexTDOA,1785765560.204399,0.341812,3.314881,0.122170
FlexTDOA,1785765560.251185,0.293181,3.399073,0.088235
FlexTDOA,1785765560.305623,0.270299,3.457908,0.107582
FlexTDOA,1785765560.406325,0.325385,3.322104,0.120968
FlexTDOA,1785765560.454784,0.386954,3.180334,0.252458
FlexTDOA,1785765560.454833,0.293863,3.403389,0.086050
FlexTDOA,1785765560.567900,0.455788,3.293059,0.161236
FlexTDOA,1785765560.567937,0.231796,3.294949,0.198448
FlexTDOA,1785765560.568130,0.379019,3.335283,0.097308
FlexTDOA,1785765560.568355,0.415335,3.284729,0.153221
FlexTDOA,1785765560.627056,0.278418,3.308723,0.156902
FlexTDOA,1785765560.671184,0.259700,3.148761,0.306212
FlexTDOA,1785765560.712920,0.398350,3.416789,0.028278
FlexTDOA,1785765560.763305,0.345062,3.370570,0.068718
FlexTDOA,1785765560.764239,0.283500,3.312259,0.151000
FlexTDOA,1785765560.835735,0.289134,3.397575,0.092548
FlexTDOA,1785765560.878861,0.441475,3.466620,0.074864
FlexTDOA,1785765560.879172,0.426560,3.456991,0.057226
FlexTDOA,1785765560.879215,0.518314,3.362301,0.159729
FlexTDOA,1785765560.879572,0.327572,3.366602,0.081098
FlexTDOA,1785765560.928864,0.422044,3.333427,0.109746
FlexTDOA,1785765560.991612,0.408586,3.281470,0.154756
FlexTDOA,1785765561.034528,0.302834,3.305725,0.145797
FlexTDOA,1785765561.129455,0.349009,3.308962,0.126211
FlexTDOA,1785765561.285996,0.410020,3.376591,0.066058
FlexTDOA,1785765561.334725,0.249574,3.328640,0.162722
FlexTDOA,1785765561.491916,0.405199,3.380994,0.059789
FlexTDOA,1785765561.631370,0.425093,3.199872,0.237996
FlexTDOA,1785765561.681813,0.355974,3.211793,0.221513
FlexTDOA,1785765561.734887,0.298266,3.218776,0.227028
FlexTDOA,1785765561.736405,0.425476,3.396074,0.062378
FlexTDOA,1785765561.852714,0.522900,3.327555,0.181483
FlexTDOA,1785765561.852750,0.338983,3.272372,0.164095
FlexTDOA,1785765561.899785,0.413503,3.520750,0.096348
FlexTDOA,1785765561.950123,0.400575,3.405195,0.037524
FlexTDOA,1785765562.002053,0.263997,3.357216,0.133991
FlexTDOA,1785765562.002105,0.374947,3.466361,0.033860
FlexTDOA,1785765562.152467,0.376823,3.419748,0.012907
FlexTDOA,1785765562.152863,0.420054,3.345870,0.097721
FlexTDOA,1785765562.257790,0.312065,3.397505,0.071870
FlexTDOA,1785765562.304195,0.399345,3.255099,0.179088
FlexTDOA,1785765562.304250,0.312159,3.374046,0.085707
FlexTDOA,1785765562.351678,0.471232,3.371937,0.113841
FlexTDOA,1785765562.355182,0.201096,3.310167,0.212490
FlexTDOA,1785765562.401179,0.322806,3.245728,0.193886
FlexTDOA,1785765562.448533,0.370804,3.425555,0.008033
FlexTDOA,1785765562.448588,0.293464,3.335834,0.126358
FlexTDOA,1785765562.473355,0.355903,3.343375,0.091116
FlexTDOA,1785765562.689062,0.328592,3.434441,0.046287
FlexTDOA,1785765562.689108,0.340709,3.238106,0.197369
FlexTDOA,1785765562.797579,0.241035,3.299073,0.188962
FlexTDOA,1785765562.797621,0.311979,3.362858,0.093817
FlexTDOA,1785765562.954991,0.340704,3.360156,0.079994
FlexTDOA,1785765562.955471,0.442671,3.259553,0.185775
FlexTDOA,1785765563.008757,0.483746,3.305206,0.167526
FlexTDOA,1785765563.008796,0.253581,3.402533,0.124906
FlexTDOA,1785765563.008976,0.453921,3.355709,0.110232
FlexTDOA,1785765563.009012,0.267786,3.342757,0.139694
FlexTDOA,1785765563.051797,0.429927,3.362995,0.088689
FlexTDOA,1785765563.113631,0.244419,3.425972,0.130583
FlexTDOA,1785765563.232136,0.458422,3.445287,0.084556
FlexTDOA,1785765563.277465,0.375787,3.351332,0.081175
FlexTDOA,1785765563.298947,0.268154,3.442484,0.107150
FlexTDOA,1785765563.336903,0.342305,3.368587,0.071718
FlexTDOA,1785765563.339721,-0.034177,3.474039,0.411119
FlexTDOA,1785765563.495780,0.453232,3.328379,0.130334
FlexTDOA,1785765563.591261,0.431494,3.421831,0.057652
FlexTDOA,1785765563.591303,0.332875,3.448953,0.045074
FlexTDOA,1785765563.642310,0.369864,3.298862,0.133732
FlexTDOA,1785765563.784999,0.380531,3.365253,0.067489
FlexTDOA,1785765563.786758,0.321951,3.439818,0.053391
FlexTDOA,1785765564.047114,0.409634,3.488294,0.065754
FlexTDOA,1785765564.094992,0.411123,3.326428,0.112108
FlexTDOA,1785765564.095299,0.304639,3.262476,0.183947
FlexTDOA,1785765564.120973,0.274224,3.295908,0.169649
FlexTDOA,1785765564.147060,0.361861,3.516551,0.085046
FlexTDOA,1785765564.199040,0.380806,3.381657,0.051193
FlexTDOA,1785765564.245192,0.268883,3.334573,0.144279
FlexTDOA,1785765564.245363,0.407882,3.416161,0.036863
FlexTDOA,1785765564.255852,0.329882,3.238187,0.199448
FlexTDOA,1785765564.555347,0.428250,3.261098,0.179532
FlexTDOA,1785765564.890654,0.374264,3.353095,0.079408
FlexTDOA,1785765564.944298,0.289647,3.365165,0.108590
FlexTDOA,1785765565.092956,0.379068,3.224425,0.208119
FlexTDOA,1785765565.093540,0.334915,3.284785,0.153017
FlexTDOA,1785765565.297688,0.324848,3.318356,0.124612
FlexTDOA,1785765565.333102,0.158624,3.606253,0.277377
FlexTDOA,1785765565.462167,0.385153,3.307083,0.125842
FlexTDOA,1785765565.556893,0.394317,3.389618,0.047100
FlexTDOA,1785765565.604045,0.333115,3.329903,0.110758
FlexTDOA,1785765565.604094,0.339774,3.402377,0.046228
FlexTDOA,1785765565.647735,0.287390,3.314458,0.146907
FlexTDOA,1785765565.801514,0.407254,3.388776,0.054430
FlexTDOA,1785765565.801555,0.266665,3.365686,0.127145
FlexTDOA,1785765565.868220,0.334472,3.454122,0.045792
FlexTDOA,1785765565.911639,0.324416,3.511114,0.093393
FlexTDOA,1785765566.038076,0.256804,3.431173,0.118042
FlexTDOA,1785765566.038941,0.259650,3.519079,0.144098
FlexTDOA,1785765566.282718,0.263848,3.344176,0.141846
FlexTDOA,1785765566.381379,0.381739,3.285127,0.147536
FlexTDOA,1785765566.381425,0.320285,3.444461,0.055849
FlexTDOA,1785765566.545671,0.427937,3.435522,0.053184
FlexTDOA,1785765566.545913,0.509177,3.381166,0.143813
FlexTDOA,1785765566.592462,0.338691,3.430343,0.036212
FlexTDOA,1785765566.592982,0.303240,3.374674,0.092035
FlexTDOA,1785765566.641939,0.278568,3.356656,0.122559
FlexTDOA,1785765566.740926,0.346311,3.278715,0.156410
FlexTDOA,1785765566.932866,0.442155,3.280415,0.166319
FlexTDOA,1785765566.978712,0.242291,3.492756,0.145600
FlexTDOA,1785765566.978949,0.386992,3.226787,0.206074
FlexTDOA,1785765566.978989,0.250089,3.421374,0.125245
FlexTDOA,1785765567.177111,0.455311,3.483071,0.095043
FlexTDOA,1785765567.178813,0.416729,3.460693,0.050493
FlexTDOA,1785765567.178886,0.303606,3.361732,0.100411
FlexTDOA,1785765567.317236,0.417458,3.396200,0.055984
FlexTDOA,1785765567.445732,0.300154,3.390208,0.085829
FlexTDOA,1785765567.445783,0.394309,3.283257,0.150509
FlexTDOA,1785765567.491879,0.387633,3.178540,0.254284
FlexTDOA,1785765567.538983,0.329450,3.328719,0.113274
FlexTDOA,1785765567.582744,0.481620,3.228812,0.229981
FlexTDOA,1785765567.739672,0.492822,3.324197,0.160156
FlexTDOA,1785765567.739763,0.371621,3.362559,0.070016
FlexTDOA,1785765567.838437,0.471210,3.357748,0.121965
FlexTDOA,1785765568.017925,0.430509,3.273727,0.168252
FlexTDOA,1785765568.128583,0.243311,3.394876,0.136803
FlexTDOA,1785765568.128754,0.367381,3.383970,0.049101
FlexTDOA,1785765568.133561,0.414772,3.272055,0.165341
FlexTDOA,1785765568.175191,0.358813,3.402141,0.034330
FlexTDOA,1785765568.178119,0.299953,3.485668,0.091840
FlexTDOA,1785765568.440604,0.300730,3.405971,0.078715
FlexTDOA,1785765568.481228,0.330880,3.434985,0.044029
FlexTDOA,1785765568.582021,0.463373,3.536443,0.136536
FlexTDOA,1785765568.626362,0.258490,3.234148,0.229959
FlexTDOA,1785765568.679904,0.429693,3.412051,0.058542
FlexTDOA,1785765568.679948,0.358943,3.289249,0.144132
FlexTDOA,1785765568.725390,0.352448,3.274215,0.159862
FlexTDOA,1785765568.778372,0.307044,3.352448,0.104903
FlexTDOA,1785765568.873217,0.326465,3.304997,0.136372
FlexTDOA,1785765569.172942,0.363383,3.312981,0.120069
FlexTDOA,1785765569.173447,0.304740,3.392207,0.080855
FlexTDOA,1785765569.173840,0.280466,3.413601,0.096246
FlexTDOA,1785765569.334191,0.278323,3.302056,0.162269
FlexTDOA,1785765569.382260,0.328040,3.392996,0.061244
FlexTDOA,1785765569.555520,0.188428,3.300998,0.228127
FlexTDOA,1785765569.706933,0.415383,3.427519,0.040850
FlexTDOA,1785765569.751717,0.383912,3.292540,0.140255
FlexTDOA,1785765569.809120,0.257396,3.407307,0.120114
FlexTDOA,1785765569.809177,0.369066,3.310590,0.122048
FlexTDOA,1785765569.908253,0.407755,3.367422,0.072931
FlexTDOA,1785765569.908298,0.392619,3.384705,0.050996
FlexTDOA,1785765570.081777,0.294697,3.428006,0.080268
FlexTDOA,1785765570.124252,0.297939,3.296158,0.156535
FlexTDOA,1785765570.124640,0.330065,3.334748,0.107520
FlexTDOA,1785765570.330341,0.399251,3.289802,0.144773
FlexTDOA,1785765570.356932,0.368906,3.381879,0.050969
FlexTDOA,1785765570.433929,0.504543,3.456723,0.131947
FlexTDOA,1785765570.458112,0.275784,3.343713,0.133023
FlexTDOA,1785765570.501112,0.467896,3.323608,0.143239
FlexTDOA,1785765570.543461,0.379366,3.424534,0.009164
FlexTDOA,1785765570.595283,0.306745,3.287601,0.160103
FlexTDOA,1785765570.596325,0.440406,3.357438,0.099667
FlexTDOA,1785765570.596591,0.342882,3.473189,0.051736
FlexTDOA,1785765570.643211,0.415116,3.500872,0.079352
FlexTDOA,1785765570.644997,0.349144,3.315832,0.119465
FlexTDOA,1785765570.645046,0.331914,3.328340,0.112659
FlexTDOA,1785765570.792612,0.336123,3.418502,0.041169
FlexTDOA,1785765570.792993,0.431450,3.475122,0.070861
FlexTDOA,1785765570.835193,0.362058,3.405673,0.029717
FlexTDOA,1785765570.835240,0.322170,3.358751,0.090626
FlexTDOA,1785765570.835289,0.351285,3.334524,0.100769
FlexTDOA,1785765570.837754,0.451928,3.382069,0.092120
FlexTDOA,1785765570.891529,0.245578,3.363642,0.146457
FlexTDOA,1785765571.037503,0.445565,3.220453,0.223533
FlexTDOA,1785765571.193558,0.172472,3.409449,0.203675
FlexTDOA,1785765571.194044,0.342294,3.301812,0.134680
FlexTDOA,1785765571.194207,0.294022,3.425692,0.081103
FlexTDOA,1785765571.234382,0.274302,3.429236,0.100590
FlexTDOA,1785765571.235298,0.420252,3.272275,0.166538
FlexTDOA,1785765571.381381,0.354417,3.394245,0.043366
FlexTDOA,1785765571.460324,0.247258,3.465679,0.131824
FlexTDOA,1785765571.509439,0.338137,3.293689,0.143583
FlexTDOA,1785765571.555909,0.488224,3.300516,0.174001
FlexTDOA,1785765571.748269,0.395839,3.338562,0.096259
FlexTDOA,1785765571.750390,0.247708,3.566962,0.185045
FlexTDOA,1785765571.758221,0.410029,3.380208,0.063032
FlexTDOA,1785765571.845169,0.342652,3.342866,0.095239
FlexTDOA,1785765571.941197,0.352573,3.359087,0.076716
FlexTDOA,1785765571.943586,0.393816,3.329582,0.104654
FlexTDOA,1785765571.945621,0.471153,3.373293,0.113058
FlexTDOA,1785765571.999750,0.359759,3.249001,0.184119
FlexTDOA,1785765572.041662,0.351344,3.353965,0.081976
FlexTDOA,1785765572.050710,0.355872,3.451542,0.026875
FlexTDOA,1785765572.083369,0.257832,3.327724,0.157064
FlexTDOA,1785765572.170932,0.303142,3.410956,0.074864
FlexTDOA,1785765572.172398,0.321239,3.383363,0.072715
FlexTDOA,1785765572.172471,0.393958,2.999719,0.433204
FlexTDOA,1785765572.401310,0.372670,3.272787,0.159730
FlexTDOA,1785765572.401349,0.362889,3.569314,0.137334
FlexTDOA,1785765572.401888,0.505042,3.261708,0.214764
FlexTDOA,1785765572.402035,0.346406,3.423223,0.029908
FlexTDOA,1785765572.402035,0.379205,3.350333,0.082285
FlexTDOA,1785765572.402035,0.383056,3.421476,0.013751
FlexTDOA,1785765572.402340,0.268832,3.330249,0.147285
FlexTDOA,1785765572.402340,0.343545,3.382294,0.059161
FlexTDOA,1785765572.405732,0.281312,3.239082,0.214845
FlexTDOA,1785765572.405925,0.308747,3.348893,0.106577
FlexTDOA,1785765572.405925,0.473968,3.476462,0.108440
FlexTDOA,1785765572.453865,0.328267,3.427476,0.046842
FlexTDOA,1785765572.457605,0.363227,3.240145,0.192706
FlexTDOA,1785765572.457643,0.338615,3.307568,0.130079
FlexTDOA,1785765572.457789,0.316912,3.435336,0.057996
FlexTDOA,1785765572.507769,0.382479,3.431397,0.007719
FlexTDOA,1785765572.630295,0.476479,3.258819,0.201237
FlexTDOA,1785765572.775855,0.346597,3.461835,0.040720
FlexTDOA,1785765572.824529,0.450772,3.295462,0.156671
FlexTDOA,1785765572.874669,0.370299,3.296372,0.136205
FlexTDOA,1785765572.923825,0.303954,3.383279,0.086299
FlexTDOA,1785765573.072530,0.453844,3.441960,0.079570
FlexTDOA,1785765573.173862,0.386739,3.331951,0.101252
FlexTDOA,1785765573.280834,0.305470,3.298790,0.150634
FlexTDOA,1785765573.281508,0.284190,3.396918,0.097383
FlexTDOA,1785765573.281538,0.250251,3.431797,0.124590
FlexTDOA,1785765573.434720,0.313131,3.362969,0.092966
FlexTDOA,1785765573.497955,0.367591,3.433878,0.007377
FlexTDOA,1785765573.548771,0.356454,3.340068,0.094244
FlexTDOA,1785765573.548818,0.348538,3.399113,0.042504
FlexTDOA,1785765573.599067,0.320630,3.268459,0.172767
FlexTDOA,1785765573.651171,0.503844,3.341539,0.157849
FlexTDOA,1785765573.703180,0.348128,3.255030,0.179470
FlexTDOA,1785765573.703793,0.165268,3.316527,0.239520
FlexTDOA,1785765573.703851,0.407247,3.343579,0.094644
FlexTDOA,1785765573.809290,0.268557,3.336075,0.143506
FlexTDOA,1785765573.907231,0.422430,3.328166,0.114677
FlexTDOA,1785765573.957440,0.420212,3.441305,0.046219
FlexTDOA,1785765574.008774,0.294851,3.345295,0.118334
FlexTDOA,1785765574.175525,0.390096,3.392154,0.043136
FlexTDOA,1785765574.384996,0.362455,3.397539,0.037090
FlexTDOA,1785765574.496869,0.645694,3.296939,0.302885
FlexTDOA,1785765574.542965,0.545942,3.304184,0.213873
FlexTDOA,1785765574.593975,0.403719,3.336435,0.100314
FlexTDOA,1785765574.640456,0.385211,3.329727,0.103297
FlexTDOA,1785765574.640514,0.458643,3.531700,0.129860
FlexTDOA,1785765574.735147,0.325823,3.230804,0.207568
FlexTDOA,1785765574.785585,0.275028,3.313761,0.155118
FlexTDOA,1785765574.827963,0.448180,3.375490,0.092894
FlexTDOA,1785765574.882222,0.405269,3.519158,0.091845
FlexTDOA,1785765574.945235,0.555888,3.487119,0.189109
FlexTDOA,1785765575.110739,0.336654,3.296707,0.141061
FlexTDOA,1785765575.110928,0.270327,3.442131,0.104955
FlexTDOA,1785765575.209532,0.268225,3.408848,0.109206
FlexTDOA,1785765575.332129,0.286597,3.290656,0.167053
FlexTDOA,1785765575.402698,0.359947,3.329556,0.104017
FlexTDOA,1785765575.481723,0.357803,3.374855,0.060111
FlexTDOA,1785765575.490506,0.446113,3.305261,0.145843
FlexTDOA,1785765575.490506,0.460133,3.345545,0.121806
FlexTDOA,1785765575.520997,0.231364,3.562937,0.193903
FlexTDOA,1785765575.601917,0.392735,3.231397,0.201899
FlexTDOA,1785765575.682883,0.342321,3.466210,0.046837
FlexTDOA,1785765575.759613,0.240991,3.354665,0.154835
FlexTDOA,1785765575.759647,0.305704,3.233632,0.210544
FlexTDOA,1785765575.770297,0.309366,3.338622,0.114455
FlexTDOA,1785765575.770297,0.376361,3.334438,0.098075
FlexTDOA,1785765575.815435,0.357805,3.428368,0.017528
FlexTDOA,1785765575.815492,0.368853,3.257274,0.175330
FlexTDOA,1785765575.817601,0.387769,3.360219,0.073430
FlexTDOA,1785765576.181649,0.333803,3.289907,0.148382
FlexTDOA,1785765576.187597,0.361903,3.404869,0.030511
FlexTDOA,1785765576.188250,0.320405,3.507481,0.092655
FlexTDOA,1785765576.188312,0.299583,3.217920,0.227395
FlexTDOA,1785765576.248281,0.440269,3.292803,0.154262
FlexTDOA,1785765576.249296,0.320003,3.455416,0.059431
FlexTDOA,1785765576.345443,0.429551,3.314344,0.130210
FlexTDOA,1785765576.345509,0.215285,3.340948,0.183955
FlexTDOA,1785765576.348014,0.212515,3.274143,0.226774
FlexTDOA,1785765576.411863,0.314555,3.355425,0.097851
FlexTDOA,1785765576.411992,0.319671,3.336076,0.111091
FlexTDOA,1785765576.453121,0.360660,3.378163,0.056157
FlexTDOA,1785765576.456567,0.350981,3.402723,0.038157
FlexTDOA,1785765576.517382,0.304390,3.373165,0.092108
FlexTDOA,1785765576.633827,0.300383,3.321677,0.133513
FlexTDOA,1785765576.718202,0.296259,3.226162,0.220796
FlexTDOA,1785765576.718245,0.443966,3.309452,0.141138
FlexTDOA,1785765576.718288,0.287240,3.305540,0.154249
FlexTDOA,1785765576.721433,0.235920,3.263190,0.219009
FlexTDOA,1785765576.938896,0.320869,3.355375,0.094134
FlexTDOA,1785765576.990863,0.278283,3.311306,0.154956
FlexTDOA,1785765576.991990,0.416904,3.322249,0.118005
FlexTDOA,1785765577.163627,0.315609,3.208421,0.231776
FlexTDOA,1785765577.193217,0.443411,3.455424,0.072302
FlexTDOA,1785765577.245254,0.494403,3.247634,0.220163
FlexTDOA,1785765577.310309,0.344510,3.460984,0.041606
FlexTDOA,1785765577.509010,0.414665,3.322081,0.117383
FlexTDOA,1785765577.510000,0.331535,3.383047,0.065734
FlexTDOA,1785765577.510060,0.376940,3.340480,0.092045
FlexTDOA,1785765577.598537,0.353045,3.265474,0.168443
FlexTDOA,1785765577.598631,0.296260,3.344546,0.117944
FlexTDOA,1785765577.684399,0.427003,3.277776,0.163282
FlexTDOA,1785765577.741450,0.299559,3.314240,0.140188
FlexTDOA,1785765577.919942,0.362540,3.295403,0.137649
FlexTDOA,1785765578.118721,0.400276,3.323616,0.111817
FlexTDOA,1785765578.136325,0.345272,3.288687,0.146822
FlexTDOA,1785765578.181449,0.257891,3.292666,0.182293
FlexTDOA,1785765578.181490,0.386085,3.391800,0.042226
FlexTDOA,1785765578.227492,0.374115,3.483187,0.050691
FlexTDOA,1785765578.227572,0.245516,3.183449,0.280627
FlexTDOA,1785765578.441346,0.235236,3.313251,0.183601
FlexTDOA,1785765578.508270,0.432625,3.397741,0.067436
FlexTDOA,1785765578.510039,0.355196,3.210575,0.222794
FlexTDOA,1785765578.559200,0.338489,3.393233,0.053510
FlexTDOA,1785765578.559247,0.361529,3.370131,0.063775
FlexTDOA,1785765578.559488,0.467927,3.291677,0.168810
FlexTDOA,1785765578.616005,0.354535,3.335873,0.098739
FlexTDOA,1785765578.810512,0.358057,3.328324,0.105521
FlexTDOA,1785765578.813042,0.323333,3.260768,0.179291
FlexTDOA,1785765578.813467,0.173067,3.323212,0.229469
FlexTDOA,1785765578.908632,0.355638,3.282055,0.151667
FlexTDOA,1785765578.908672,0.258161,3.362477,0.136078
FlexTDOA,1785765579.008143,0.436426,3.432600,0.061588
FlexTDOA,1785765579.114932,0.430163,3.238174,0.202049
FlexTDOA,1785765579.166343,0.233311,3.387526,0.148502
FlexTDOA,1785765579.254617,0.399883,3.350247,0.085983
FlexTDOA,1785765579.256922,0.297898,3.422832,0.077546
FlexTDOA,1785765579.312397,0.462622,3.277845,0.177833
FlexTDOA,1785765579.351601,0.345953,3.226237,0.208277
FlexTDOA,1785765579.451717,0.416781,3.500996,0.080316
FlexTDOA,1785765579.587592,0.448511,3.363684,0.100814
FlexTDOA,1785765579.588463,0.322624,3.273763,0.167105
FlexTDOA,1785765579.588839,0.427421,3.372693,0.079637
FlexTDOA,1785765579.634112,0.388331,3.304831,0.128381
FlexTDOA,1785765579.635731,0.287234,3.233041,0.217851
FlexTDOA,1785765579.777885,0.392444,3.296246,0.137388
FlexTDOA,1785765579.925472,0.261770,3.402541,0.116971
FlexTDOA,1785765579.925650,0.436170,3.275809,0.168268
FlexTDOA,1785765580.019530,0.482628,3.471240,0.114539
FlexTDOA,1785765580.019578,0.318362,3.343636,0.105293
FlexTDOA,1785765580.123147,0.409729,3.402609,0.045944
FlexTDOA,1785765580.124161,0.304364,3.277354,0.170404
FlexTDOA,1785765580.182021,0.290547,3.346138,0.120680
FlexTDOA,1785765580.234484,0.391478,3.476132,0.046696
FlexTDOA,1785765580.235486,0.327641,3.341761,0.102282
FlexTDOA,1785765580.277142,0.466363,3.418464,0.092595
FlexTDOA,1785765580.278016,0.420088,3.383807,0.066473
FlexTDOA,1785765580.278145,0.273162,3.489904,0.116761
FlexTDOA,1785765580.384676,0.407249,3.535640,0.108111
FlexTDOA,1785765580.464551,0.374643,3.281985,0.150517
FlexTDOA,1785765580.516376,0.377820,3.295191,0.137343
FlexTDOA,1785765580.516419,0.405196,3.244476,0.190460
FlexTDOA,1785765580.516613,0.423242,3.249590,0.189207
FlexTDOA,1785765580.621706,0.407481,3.252676,0.182764
FlexTDOA,1785765580.621767,0.316719,3.390718,0.071580
FlexTDOA,1785765580.673899,0.342514,3.309253,0.127416
FlexTDOA,1785765580.728384,0.544855,3.495124,0.181183
FlexTDOA,1785765580.773700,0.354300,3.375783,0.060323
FlexTDOA,1785765580.773779,0.447364,3.364647,0.099319
FlexTDOA,1785765580.821645,0.314605,3.427072,0.060478
FlexTDOA,1785765580.821694,0.453737,3.414265,0.080978
FlexTDOA,1785765580.877940,0.382223,3.401877,0.031502
FlexTDOA,1785765580.886999,0.239327,3.301046,0.188796
FlexTDOA,1785765580.942102,0.390700,3.377849,0.056908
FlexTDOA,1785765581.044048,0.344661,3.293594,0.142148
FlexTDOA,1785765581.100949,0.450241,3.485141,0.091959
FlexTDOA,1785765581.101002,0.235829,3.346042,0.163704
FlexTDOA,1785765581.101055,0.455474,3.277777,0.174476
FlexTDOA,1785765581.148941,0.361256,3.291928,0.141228
FlexTDOA,1785765581.200567,0.308929,3.379766,0.084411
FlexTDOA,1785765581.200620,0.334600,3.373226,0.071643
FlexTDOA,1785765581.201682,0.356950,3.364280,0.070528
FlexTDOA,1785765581.271493,0.424070,3.439734,0.049760
FlexTDOA,1785765581.310410,0.335047,3.296633,0.141576
FlexTDOA,1785765581.310453,0.330948,3.225026,0.212067
FlexTDOA,1785765581.485950,0.275442,3.314929,0.153957
FlexTDOA,1785765581.515189,0.352580,3.339209,0.095911
FlexTDOA,1785765581.515264,0.411888,3.340078,0.099573
FlexTDOA,1785765581.584184,0.455968,3.372151,0.101114
FlexTDOA,1785765581.633414,0.291933,3.315949,0.143031
FlexTDOA,1785765581.640346,0.330213,3.311984,0.128514
FlexTDOA,1785765581.679726,0.414209,3.263069,0.173947
FlexTDOA,1785765581.780983,0.279909,3.342249,0.130985
FlexTDOA,1785765581.781050,0.398380,3.363105,0.073280
FlexTDOA,1785765581.878250,0.351267,3.491155,0.063212
FlexTDOA,1785765581.926292,0.327164,3.352980,0.092718
FlexTDOA,1785765581.984475,0.271082,3.335776,0.141849
FlexTDOA,1785765582.032842,0.310755,3.388044,0.077995
FlexTDOA,1785765582.084575,0.364977,3.381564,0.051883
FlexTDOA,1785765582.134677,0.366873,3.238438,0.194227
FlexTDOA,1785765582.136031,0.273958,3.362722,0.122662
FlexTDOA,1785765582.189337,0.429653,3.365188,0.086809
FlexTDOA,1785765582.291913,0.267057,3.430940,0.107792
FlexTDOA,1785765582.292080,0.139442,3.363103,0.245414
FlexTDOA,1785765582.341961,0.420966,3.259072,0.179459
FlexTDOA,1785765582.389656,0.457024,3.355006,0.112960
FlexTDOA,1785765582.389760,0.367215,3.399783,0.033595
FlexTDOA,1785765582.389815,0.325149,3.400012,0.059369
FlexTDOA,1785765582.436756,0.367620,3.408718,0.024854
FlexTDOA,1785765582.436821,0.407588,3.395597,0.049340
FlexTDOA,1785765582.581886,0.237889,3.322264,0.175806
FlexTDOA,1785765582.585504,0.395621,3.321290,0.113136
FlexTDOA,1785765582.632014,0.241885,3.327881,0.169180
FlexTDOA,1785765582.732790,0.369359,3.252651,0.179934
FlexTDOA,1785765582.779480,0.374791,3.331943,0.100559
FlexTDOA,1785765582.828547,0.298124,3.380999,0.092399
FlexTDOA,1785765582.930296,0.305778,3.570469,0.154287
FlexTDOA,1785765582.978119,0.325660,3.274097,0.165863
FlexTDOA,1785765583.017426,0.338309,3.330694,0.108163
FlexTDOA,1785765583.067978,0.367641,3.441780,0.011743
FlexTDOA,1785765583.069354,0.385463,3.269877,0.162971
FlexTDOA,1785765583.164229,0.349883,3.270307,0.164103
FlexTDOA,1785765583.257162,0.359550,3.411927,0.025633
FlexTDOA,1785765583.317982,0.348697,3.510032,0.081819
FlexTDOA,1785765583.355352,0.409669,3.267237,0.168895
FlexTDOA,1785765583.355398,0.272877,3.423806,0.102332
FlexTDOA,1785765583.407609,0.413391,3.376852,0.067699
FlexTDOA,1785765583.455036,0.397553,3.272274,0.161830
FlexTDOA,1785765583.531829,0.401233,3.215476,0.218625
FlexTDOA,1785765583.678220,0.427658,3.327635,0.117417
FlexTDOA,1785765583.720857,0.369514,3.253417,0.179164
FlexTDOA,1785765583.720914,0.325971,3.402253,0.057472
FlexTDOA,1785765583.826691,0.252598,3.290239,0.187567
FlexTDOA,1785765583.827147,0.387915,3.380463,0.053656
FlexTDOA,1785765583.877924,0.423418,3.267708,0.171805
FlexTDOA,1785765583.877962,0.279262,3.416698,0.096875
FlexTDOA,1785765583.935267,0.295828,3.488411,0.096791
FlexTDOA,1785765584.032620,0.337122,3.336271,0.103358
FlexTDOA,1785765584.062512,0.356811,3.441958,0.020358
FlexTDOA,1785765584.126765,0.453166,3.369973,0.100225
FlexTDOA,1785765584.126809,0.202148,3.416389,0.173441
FlexTDOA,1785765584.179893,0.322793,3.478854,0.069694
FlexTDOA,1785765584.179934,0.345293,3.099914,0.333898
FlexTDOA,1785765584.226721,0.365290,3.423650,0.013020
FlexTDOA,1785765584.226801,0.274023,3.330925,0.143114
FlexTDOA,1785765584.280801,0.280550,3.332860,0.137181
FlexTDOA,1785765584.292672,0.347994,3.159777,0.274043
FlexTDOA,1785765584.610670,0.382581,3.300887,0.131842
FlexTDOA,1785765584.610713,0.268595,3.361056,0.128032
FlexTDOA,1785765584.758864,0.385937,3.417642,0.018547
FlexTDOA,1785765584.758911,0.346580,3.191861,0.242294
FlexTDOA,1785765584.766256,0.471661,3.357822,0.122276
FlexTDOA,1785765584.862282,0.276836,3.280499,0.180857
FlexTDOA,1785765584.918081,0.380989,3.439751,0.009507
FlexTDOA,1785765584.931442,0.244538,3.401070,0.134038
FlexTDOA,1785765585.026483,0.356428,3.309494,0.124377
FlexTDOA,1785765585.068802,0.449227,3.525946,0.119438
FlexTDOA,1785765585.118078,0.294604,3.382798,0.094383
FlexTDOA,1785765585.172142,0.097319,3.364011,0.285847
FlexTDOA,1785765585.172498,0.453722,3.366142,0.103083
FlexTDOA,1785765585.172546,0.351980,3.453542,0.031068
FlexTDOA,1785765585.175732,0.429912,3.294346,0.148728
FlexTDOA,1785765585.224050,0.368776,3.262023,0.170586
FlexTDOA,1785765585.224472,0.312967,3.354350,0.099679
FlexTDOA,1785765585.277283,0.370722,3.279651,0.152906
FlexTDOA,1785765585.370139,0.395007,3.316685,0.117559
FlexTDOA,1785765585.370272,0.541471,3.405806,0.168757
FlexTDOA,1785765585.415342,0.247585,3.189857,0.273989
FlexTDOA,1785765585.481268,0.463002,3.384358,0.100452
FlexTDOA,1785765585.495677,0.257383,3.194538,0.265372
FlexTDOA,1785765585.694144,0.299505,3.271444,0.177806
FlexTDOA,1785765585.746513,0.345537,3.307604,0.128289
FlexTDOA,1785765585.847250,0.310101,3.265997,0.178647
FlexTDOA,1785765586.028729,0.362877,3.291378,0.141630
FlexTDOA,1785765586.064812,0.377384,3.290851,0.141673
FlexTDOA,1785765586.081682,0.362042,3.421446,0.016911
FlexTDOA,1785765586.081739,-0.044402,3.405232,0.420126
FlexTDOA,1785765586.138044,0.450671,3.477360,0.088107
FlexTDOA,1785765586.182442,0.318974,3.364669,0.087876
FlexTDOA,1785765586.182500,0.301222,3.399787,0.080559
FlexTDOA,1785765586.182678,0.332716,3.386428,0.062426
FlexTDOA,1785765586.491775,0.432129,3.414270,0.060121
FlexTDOA,1785765586.587958,0.204245,3.270708,0.235115
FlexTDOA,1785765586.647014,0.357317,3.412514,0.026580
FlexTDOA,1785765586.647374,0.339813,3.309795,0.127608
FlexTDOA,1785765586.647980,0.331835,3.438158,0.043374
FlexTDOA,1785765586.739049,0.360589,3.544226,0.112630
FlexTDOA,1785765586.787121,0.442262,3.294214,0.153848
FlexTDOA,1785765586.841218,0.443058,3.372093,0.091122
FlexTDOA,1785765586.841702,0.399021,3.364783,0.071907
FlexTDOA,1785765586.841743,0.376002,3.325709,0.106798
FlexTDOA,1785765586.895287,0.282029,3.263848,0.192504
FlexTDOA,1785765586.913625,0.322387,3.499965,0.085455
FlexTDOA,1785765586.951208,0.456311,3.338946,0.124058
FlexTDOA,1785765586.951324,0.267553,3.324073,0.152535
FlexTDOA,1785765587.191996,0.433020,3.287525,0.156215
FlexTDOA,1785765587.292700,0.491870,3.316302,0.164920
FlexTDOA,1785765587.334648,0.279208,3.315440,0.151158
FlexTDOA,1785765587.505867,0.299764,3.447034,0.076468
FlexTDOA,1785765587.557433,0.425459,3.254164,0.185382
FlexTDOA,1785765587.557473,0.363071,3.430388,0.011956
FlexTDOA,1785765587.701164,0.371449,3.368734,0.063858
FlexTDOA,1785765587.708866,0.336624,3.454191,0.043941
FlexTDOA,1785765587.748405,0.338251,3.231343,0.204459
FlexTDOA,1785765587.800770,0.393689,3.499784,0.069873
FlexTDOA,1785765587.800802,0.328984,3.331807,0.110644
FlexTDOA,1785765587.806280,0.292094,3.425894,0.083008
FlexTDOA,1785765587.896107,0.313081,3.306255,0.140542
FlexTDOA,1785765587.896154,0.433842,3.340743,0.109092
FlexTDOA,1785765587.943380,0.409510,3.388596,0.055945
FlexTDOA,1785765588.187037,0.411393,3.316336,0.121781
FlexTDOA,1785765588.240570,0.419103,3.368083,0.078161
FlexTDOA,1785765588.299312,0.330915,3.426918,0.044277
FlexTDOA,1785765588.299363,0.300139,3.280980,0.168935
FlexTDOA,1785765588.299600,0.449222,3.329930,0.126704
FlexTDOA,1785765588.347570,0.267955,3.334117,0.145271
FlexTDOA,1785765588.347966,0.259585,3.375207,0.128709
FlexTDOA,1785765588.468843,0.276978,3.448421,0.099147
FlexTDOA,1785765588.516371,0.296812,3.405177,0.082673
FlexTDOA,1785765588.554927,0.438007,3.311000,0.136941
FlexTDOA,1785765588.639430,0.295310,3.408018,0.083212
FlexTDOA,1785765588.639487,0.603618,3.255877,0.289026
FlexTDOA,1785765588.768868,0.296319,3.378577,0.095253
FlexTDOA,1785765588.774154,0.214561,3.278028,0.222600
FlexTDOA,1785765588.813326,0.449336,3.466890,0.082051
FlexTDOA,1785765588.975012,0.314351,3.378853,0.080851
FlexTDOA,1785765588.975050,0.445063,3.363634,0.098357
FlexTDOA,1785765589.124442,0.382082,3.308434,0.124279
FlexTDOA,1785765589.124490,0.309112,3.518669,0.108373
FlexTDOA,1785765589.124730,0.491369,3.310485,0.168723
FlexTDOA,1785765589.174348,0.249628,3.314468,0.172075
FlexTDOA,1785765589.175467,0.426796,3.464628,0.061088
FlexTDOA,1785765589.178478,0.267828,3.275644,0.189883
FlexTDOA,1785765589.227725,0.439625,3.335082,0.116995
FlexTDOA,1785765589.278394,0.387069,3.391037,0.043230
FlexTDOA,1785765589.288153,0.345714,3.278857,0.156381
FlexTDOA,1785765589.324786,0.428220,3.224853,0.214400
FlexTDOA,1785765589.324830,0.374476,3.386899,0.045604
FlexTDOA,1785765589.374176,0.483490,3.411887,0.110590
FlexTDOA,1785765589.421196,0.330159,3.606787,0.179921
FlexTDOA,1785765589.548464,0.355465,3.303953,0.130000
FlexTDOA,1785765589.649127,0.296541,3.416357,0.079945
FlexTDOA,1785765589.683023,0.406223,3.491842,0.067129
FlexTDOA,1785765589.793182,0.338573,3.302773,0.134702
FlexTDOA,1785765589.793498,0.358932,3.384234,0.050821
FlexTDOA,1785765589.793816,0.425266,3.338352,0.106803
FlexTDOA,1785765589.793858,0.307765,3.456652,0.071289
FlexTDOA,1785765589.847950,0.301563,3.441191,0.073789
FlexTDOA,1785765589.898497,0.295091,3.494355,0.100924
FlexTDOA,1785765590.053458,0.429892,3.365660,0.086595
FlexTDOA,1785765590.053503,0.484141,3.394919,0.115584
FlexTDOA,1785765590.053941,0.319539,3.103259,0.333854
FlexTDOA,1785765590.076398,0.371864,3.434351,0.003503
FlexTDOA,1785765590.107147,0.363545,3.445989,0.017591
FlexTDOA,1785765590.157882,0.288024,3.360843,0.112568
FlexTDOA,1785765590.159945,0.264623,3.348180,0.138771
FlexTDOA,1785765590.160006,0.561179,3.465913,0.189312
FlexTDOA,1785765590.160406,0.320372,3.483594,0.074680
FlexTDOA,1785765590.208420,0.429240,3.405558,0.060708
FlexTDOA,1785765590.266268,0.451767,3.275903,0.174474
FlexTDOA,1785765590.305912,0.333928,3.203791,0.232340
FlexTDOA,1785765590.347564,0.385677,3.404495,0.030031
FlexTDOA,1785765590.347637,0.394658,3.130546,0.302605
FlexTDOA,1785765590.397461,0.425227,3.283974,0.156842
FlexTDOA,1785765590.610020,0.305548,3.257724,0.188012
FlexTDOA,1785765590.610058,0.317149,3.345047,0.104768
FlexTDOA,1785765590.659544,0.335803,3.310521,0.128075
FlexTDOA,1785765590.728773,0.304380,3.331919,0.122806
FlexTDOA,1785765590.728822,0.481190,3.342433,0.139366
FlexTDOA,1785765590.772456,0.325183,3.447625,0.051907
FlexTDOA,1785765590.821752,0.501978,3.270217,0.206157
FlexTDOA,1785765590.821800,0.392110,3.353101,0.081257
FlexTDOA,1785765590.866272,0.345097,3.458982,0.039822
FlexTDOA,1785765590.868824,0.316904,3.362008,0.091246
FlexTDOA,1785765590.920005,0.270654,3.250126,0.210036
FlexTDOA,1785765590.963344,0.469186,3.314128,0.151373
FlexTDOA,1785765590.963392,0.364048,3.318074,0.114936
FlexTDOA,1785765591.060918,0.377244,3.298060,0.134463
FlexTDOA,1785765591.151521,0.502875,3.452714,0.129622
FlexTDOA,1785765591.153408,0.467250,3.400666,0.097741
FlexTDOA,1785765591.153452,0.397294,3.338004,0.097129
FlexTDOA,1785765591.153491,0.319663,3.523787,0.106665
FlexTDOA,1785765591.165881,0.240608,3.412041,0.135781
FlexTDOA,1785765591.206907,0.394982,3.230971,0.202535
FlexTDOA,1785765591.206946,0.310752,3.110070,0.328739
FlexTDOA,1785765591.304871,0.270689,3.319259,0.153853
FlexTDOA,1785765591.305797,0.381476,3.379951,0.052968
FlexTDOA,1785765591.305960,0.326684,3.367741,0.080702
FlexTDOA,1785765591.358091,0.186720,3.137990,0.349465
FlexTDOA,1785765591.358130,0.356244,3.194651,0.238576
FlexTDOA,1785765591.482372,0.313302,3.439180,0.061898
FlexTDOA,1785765591.526469,0.440822,3.435352,0.066045
FlexTDOA,1785765591.526542,0.380531,3.450408,0.018789
FlexTDOA,1785765591.577121,0.362647,3.259481,0.173450
FlexTDOA,1785765591.623959,0.239528,3.435659,0.135348
FlexTDOA,1785765591.624004,0.387243,3.351271,0.082172
FlexTDOA,1785765591.791743,0.393350,3.359771,0.075049
FlexTDOA,1785765591.791998,0.387609,3.326005,0.107259
FlexTDOA,1785765591.861993,0.225235,3.566531,0.200861
FlexTDOA,1785765591.910943,0.416879,3.485168,0.067388
FlexTDOA,1785765592.150904,0.271540,3.319180,0.153338
FlexTDOA,1785765592.150957,0.380947,3.294456,0.138181
FlexTDOA,1785765592.151023,0.398265,3.435312,0.023594
FlexTDOA,1785765592.219941,0.310861,3.433859,0.063992
FlexTDOA,1785765592.226088,0.358945,3.325519,0.108157
FlexTDOA,1785765592.404389,0.422696,3.315561,0.126354
FlexTDOA,1785765592.477331,0.332340,3.335814,0.105616
FlexTDOA,1785765592.524573,0.394971,3.338277,0.096351
FlexTDOA,1785765592.610798,0.423730,3.414556,0.052081
FlexTDOA,1785765592.610840,0.300706,3.396063,0.082604
FlexTDOA,1785765592.610972,0.506885,3.385757,0.140076
FlexTDOA,1785765592.676355,0.271317,3.291269,0.175109
FlexTDOA,1785765592.776064,0.223198,3.340245,0.177500
FlexTDOA,1785765592.845977,0.340783,3.332463,0.105676
FlexTDOA,1785765592.846012,0.313425,3.397345,0.070764
FlexTDOA,1785765592.931428,0.399404,3.323096,0.112130
FlexTDOA,1785765592.931540,0.304657,3.419952,0.071295
FlexTDOA,1785765592.976810,0.481635,3.242071,0.218333
FlexTDOA,1785765593.091649,0.307792,3.316618,0.133882
FlexTDOA,1785765593.091699,0.275922,3.378952,0.112481
FlexTDOA,1785765593.092448,0.354953,3.534336,0.103758
FlexTDOA,1785765593.098951,0.503971,3.460341,0.132099
FlexTDOA,1785765593.144951,0.281680,3.402719,0.097804
FlexTDOA,1785765593.212508,0.405645,3.408533,0.039033
FlexTDOA,1785765593.319003,0.357056,3.262801,0.170630
FlexTDOA,1785765593.319642,0.380041,3.259424,0.173155
FlexTDOA,1785765593.378379,0.361313,3.368639,0.065280
FlexTDOA,1785765593.378455,0.415951,3.315832,0.123701
FlexTDOA,1785765593.432432,0.273479,3.389158,0.110238
FlexTDOA,1785765593.647523,0.307434,3.397355,0.076018
FlexTDOA,1785765593.754677,0.385091,3.398289,0.035715
FlexTDOA,1785765593.871780,0.355924,3.239700,0.193727
FlexTDOA,1785765593.873398,0.377864,3.280779,0.151753
FlexTDOA,1785765593.917500,0.319588,3.195521,0.243336
FlexTDOA,1785765593.918688,0.311016,3.490188,0.086030
FlexTDOA,1785765593.968761,0.258186,3.298367,0.177763
FlexTDOA,1785765593.968791,0.259762,3.310418,0.167770
FlexTDOA,1785765594.016563,0.281204,3.459766,0.097523
FlexTDOA,1785765594.068314,0.349647,3.452052,0.031888
FlexTDOA,1785765594.111786,0.191508,3.431603,0.183333
FlexTDOA,1785765594.169957,0.299239,3.398024,0.083090
FlexTDOA,1785765594.170001,0.314521,3.290741,0.154059
FlexTDOA,1785765594.212651,0.399353,3.306621,0.128246
FlexTDOA,1785765594.364805,0.370432,3.436712,0.006095
FlexTDOA,1785765594.376088,0.247257,3.384793,0.136210
FlexTDOA,1785765594.414304,0.225154,3.341633,0.175107
FlexTDOA,1785765594.480545,0.418561,3.385700,0.064047
FlexTDOA,1785765594.481592,0.274916,3.273408,0.187871
FlexTDOA,1785765594.529253,0.332026,3.401195,0.053038
FlexTDOA,1785765594.675625,0.473920,3.499054,0.119358
FlexTDOA,1785765594.675669,0.301154,3.392486,0.083849
FlexTDOA,1785765594.723898,0.400738,3.327795,0.107862
FlexTDOA,1785765594.770742,0.363777,3.246154,0.186675
FlexTDOA,1785765594.770799,0.355046,3.357390,0.077676
FlexTDOA,1785765594.814772,0.501414,3.290174,0.190469
FlexTDOA,1785765594.939404,0.270103,3.342259,0.138251
FlexTDOA,1785765594.988327,0.458216,3.244879,0.205315
FlexTDOA,1785765594.990586,0.240755,3.525974,0.163448
FlexTDOA,1785765595.093650,0.395896,3.331941,0.102741
FlexTDOA,1785765595.140566,0.343417,3.318489,0.118263
FlexTDOA,1785765595.192513,0.300057,3.467703,0.082652
FlexTDOA,1785765595.235462,0.381784,3.381918,0.051058
FlexTDOA,1785765595.235511,0.290146,3.387817,0.095758
FlexTDOA,1785765595.286067,0.394308,3.466398,0.039090
FlexTDOA,1785765595.338538,0.243992,3.300595,0.185796
FlexTDOA,1785765595.338616,0.336719,3.422901,0.039310
FlexTDOA,1785765595.500148,0.396410,3.175069,0.258335
FlexTDOA,1785765595.547653,0.249472,3.300089,0.182345
FlexTDOA,1785765595.653988,0.279273,3.473644,0.104045
FlexTDOA,1785765595.754059,0.359830,3.412014,0.025397
FlexTDOA,1785765595.754724,0.379927,3.249461,0.183111
FlexTDOA,1785765595.979470,0.319078,3.358881,0.092354
FlexTDOA,1785765596.074419,0.390623,3.224964,0.208137
FlexTDOA,1785765596.074498,0.370469,3.352434,0.080187
FlexTDOA,1785765596.128899,0.363782,3.255484,0.177362
FlexTDOA,1785765596.128939,0.314099,3.438437,0.061029
FlexTDOA,1785765596.224644,0.405149,3.166930,0.267296
FlexTDOA,1785765596.276587,0.325632,3.401235,0.058300
FlexTDOA,1785765596.276628,0.327328,3.381292,0.069854
FlexTDOA,1785765596.323155,0.293989,3.278051,0.174332
FlexTDOA,1785765596.375946,0.291521,3.434288,0.083337
FlexTDOA,1785765596.376571,0.313000,3.345462,0.106770
FlexTDOA,1785765596.426758,0.361131,3.421411,0.017632
FlexTDOA,1785765596.426804,0.460540,3.214929,0.233843
FlexTDOA,1785765596.594196,0.466520,3.377196,0.107071
FlexTDOA,1785765596.694823,0.369216,3.259151,0.173441
FlexTDOA,1785765596.797509,0.280767,3.396266,0.100809
FlexTDOA,1785765596.928044,0.352601,3.261210,0.172729
FlexTDOA,1785765596.959853,0.324616,3.324436,0.119165
FlexTDOA,1785765596.959934,0.402998,3.483031,0.057846
FlexTDOA,1785765597.226200,0.327250,3.540702,0.118203
FlexTDOA,1785765597.263438,0.384951,3.286449,0.146402
FlexTDOA,1785765597.359771,0.372818,3.229095,0.203417
FlexTDOA,1785765597.359815,0.417604,3.388314,0.061493
FlexTDOA,1785765597.493593,0.361695,3.317132,0.116116
FlexTDOA,1785765597.537569,0.381625,3.336019,0.096721
FlexTDOA,1785765597.537614,0.419198,3.352081,0.091843
FlexTDOA,1785765597.593551,0.315113,3.299285,0.145992
FlexTDOA,1785765597.641372,0.356780,3.425578,0.019340
FlexTDOA,1785765597.675269,0.323995,3.201626,0.236408
FlexTDOA,1785765597.689308,0.279105,3.277660,0.182046
FlexTDOA,1785765597.691410,0.409706,3.418152,0.037705
FlexTDOA,1785765597.744615,0.320991,3.460680,0.060775
FlexTDOA,1785765597.855716,0.375590,3.493089,0.060592
FlexTDOA,1785765597.954048,0.507561,3.323107,0.171996
FlexTDOA,1785765598.109647,0.249459,3.301306,0.181472
FlexTDOA,1785765598.110278,0.333462,3.428435,0.041576
FlexTDOA,1785765598.111173,0.379239,3.414275,0.018750
FlexTDOA,1785765598.211717,0.391832,3.435367,0.017233
FlexTDOA,1785765598.310860,0.298733,3.421773,0.076858
FlexTDOA,1785765598.522485,0.397901,3.483202,0.055699
FlexTDOA,1785765598.574227,0.394291,3.298399,0.135506
FlexTDOA,1785765598.617125,0.302250,3.274775,0.173629
FlexTDOA,1785765598.710853,0.547129,3.315232,0.208414
FlexTDOA,1785765598.766595,0.290283,3.443707,0.085295
FlexTDOA,1785765598.810740,0.312627,3.288796,0.156594
FlexTDOA,1785765598.966577,0.320148,3.286966,0.155472
FlexTDOA,1785765598.970628,0.351891,3.334826,0.100334
FlexTDOA,1785765599.000820,0.304106,3.485908,0.088630
FlexTDOA,1785765599.045322,0.294395,3.511401,0.112678
FlexTDOA,1785765599.174296,0.370533,3.170031,0.262506
FlexTDOA,1785765599.226434,0.306085,3.276565,0.170420
FlexTDOA,1785765599.226648,0.350716,3.386713,0.051754
FlexTDOA,1785765599.280352,0.413297,3.343589,0.096874
FlexTDOA,1785765599.332546,0.297810,3.412046,0.079698
FlexTDOA,1785765599.335619,0.418321,3.457503,0.050158
FlexTDOA,1785765599.420151,0.549795,3.513355,0.192736
FlexTDOA,1785765599.420315,0.348814,3.310120,0.125118
FlexTDOA,1785765599.420355,0.260343,3.369755,0.130562
FlexTDOA,1785765599.446205,0.451219,3.454754,0.079556
FlexTDOA,1785765599.541451,0.472517,3.355119,0.124616
FlexTDOA,1785765599.735339,0.204139,3.271199,0.234855
FlexTDOA,1785765599.790319,0.352391,3.241995,0.191825
FlexTDOA,1785765599.831432,0.376187,3.365869,0.066646
FlexTDOA,1785765599.931715,0.394214,3.478128,0.049570
FlexTDOA,1785765599.978744,0.284059,3.294592,0.165105
FlexTDOA,1785765600.081219,0.261295,3.220683,0.240332
FlexTDOA,1785765600.081270,0.412922,3.271045,0.165887
FlexTDOA,1785765600.187969,0.357043,3.440204,0.019391
FlexTDOA,1785765600.193149,0.308396,3.286241,0.160645
FlexTDOA,1785765600.193202,0.417348,3.425733,0.043045
FlexTDOA,1785765600.252154,0.369410,3.467957,0.035868
FlexTDOA,1785765600.426872,0.280177,3.338294,0.133551
FlexTDOA,1785765600.557602,0.581972,3.365813,0.217604
FlexTDOA,1785765600.603267,0.449309,3.160232,0.282271
FlexTDOA,1785765600.607431,0.350393,3.362315,0.074322
FlexTDOA,1785765600.607484,0.310538,3.414140,0.066871
FlexTDOA,1785765600.925964,0.318338,3.293585,0.149967
FlexTDOA,1785765601.157040,0.286746,3.356774,0.116168
FlexTDOA,1785765601.359025,0.484537,3.285223,0.183643
FlexTDOA,1785765601.359539,0.273357,3.316798,0.153902
FlexTDOA,1785765601.359539,0.318631,3.406890,0.061768
FlexTDOA,1785765601.359861,0.342141,3.434349,0.032749
FlexTDOA,1785765601.360001,0.268679,3.467052,0.111640
FlexTDOA,1785765601.360170,0.307665,3.345179,0.110170
FlexTDOA,1785765601.360170,0.335253,3.290540,0.147377
FlexTDOA,1785765601.360170,0.355343,3.309903,0.124139
FlexTDOA,1785765601.360344,0.341275,3.287914,0.148432
FlexTDOA,1785765601.360344,0.464457,3.400137,0.095283
FlexTDOA,1785765601.360506,0.344888,3.376167,0.063802
FlexTDOA,1785765601.360506,0.422033,3.461158,0.055213
FlexTDOA,1785765601.360506,0.445150,3.450425,0.072560
FlexTDOA,1785765601.360721,0.317124,3.309407,0.135953
FlexTDOA,1785765601.360721,0.418245,3.462062,0.052516
FlexTDOA,1785765601.360905,0.322325,3.303645,0.139146
FlexTDOA,1785765601.360905,0.324229,3.440147,0.051184
FlexTDOA,1785765601.360905,0.488875,3.314969,0.163763
FlexTDOA,1785765601.361147,0.374671,3.485585,0.053084
FlexTDOA,1785765601.494582,0.272433,3.445780,0.103263
FlexTDOA,1785765601.546440,0.423981,3.349385,0.096558
FlexTDOA,1785765601.596989,0.481208,3.290168,0.177689
FlexTDOA,1785765601.643066,0.411727,3.389147,0.056924
FlexTDOA,1785765601.692812,0.292899,3.331924,0.129730
FlexTDOA,1785765601.693861,0.262599,3.319587,0.159209
FlexTDOA,1785765601.695784,0.415696,3.398985,0.052846
FlexTDOA,1785765601.884046,0.452542,3.360092,0.106212
FlexTDOA,1785765601.884319,0.453704,3.240998,0.207107
FlexTDOA,1785765601.884370,0.307907,3.544808,0.130739
FlexTDOA,1785765601.930047,0.396611,3.419287,0.025469
FlexTDOA,1785765601.997331,0.380735,3.336908,0.095775
FlexTDOA,1785765601.997855,0.308668,3.339467,0.114166
FlexTDOA,1785765601.997892,0.457305,3.327275,0.133691
FlexTDOA,1785765602.052462,0.463400,3.354880,0.117763
FlexTDOA,1785765602.101620,0.477317,3.315402,0.155609
FlexTDOA,1785765602.147638,0.356124,3.479892,0.050952
FlexTDOA,1785765602.305696,0.284183,3.373795,0.108004
FlexTDOA,1785765602.305762,0.362397,3.479096,0.048227
FlexTDOA,1785765602.305810,0.394444,3.309094,0.124955
FlexTDOA,1785765602.306232,0.337360,3.329587,0.109526
FlexTDOA,1785765602.546376,0.260608,3.435835,0.114279
FlexTDOA,1785765602.602984,0.298823,3.314915,0.140018
FlexTDOA,1785765602.737203,0.392609,3.364060,0.070711
FlexTDOA,1785765602.737327,0.342698,3.385867,0.056637
FlexTDOA,1785765602.739534,0.305050,3.375492,0.090113
FlexTDOA,1785765602.784267,0.240969,3.375800,0.145383
FlexTDOA,1785765602.784315,0.466759,3.381399,0.105170
FlexTDOA,1785765602.883648,0.377394,3.369669,0.062884
FlexTDOA,1785765602.883691,0.335171,3.300990,0.137364
FlexTDOA,1785765602.929371,0.295355,3.280523,0.171508
FlexTDOA,1785765603.255796,0.337741,3.357448,0.083721
FlexTDOA,1785765603.256885,0.318987,3.406612,0.061560
FlexTDOA,1785765603.302708,0.401915,3.384931,0.054737
FlexTDOA,1785765603.302751,0.380389,3.410572,0.022621
FlexTDOA,1785765603.363975,0.497678,3.325367,0.162995
FlexTDOA,1785765603.370978,0.268896,3.259478,0.202882
FlexTDOA,1785765603.591514,0.425408,3.263971,0.175954
FlexTDOA,1785765603.591558,0.269567,3.226349,0.231476
FlexTDOA,1785765603.648921,0.542725,3.392725,0.172534
FlexTDOA,1785765603.693258,0.280363,3.385331,0.105597
FlexTDOA,1785765603.739778,0.337958,3.353982,0.086750
FlexTDOA,1785765603.739818,0.388952,3.337601,0.095944
FlexTDOA,1785765603.840446,0.453185,3.416807,0.079903
FlexTDOA,1785765603.891154,0.449730,3.470912,0.084167
FlexTDOA,1785765603.990382,0.405402,3.322069,0.114584
FlexTDOA,1785765604.036874,0.472733,3.340367,0.134432
FlexTDOA,1785765604.385087,0.391343,3.290426,0.143030
FlexTDOA,1785765604.385298,0.366034,3.419395,0.015790
FlexTDOA,1785765604.385442,0.443267,3.385437,0.083051
FlexTDOA,1785765604.386345,0.386133,3.305783,0.127221
FlexTDOA,1785765604.386397,0.415912,3.315692,0.123820
FlexTDOA,1785765604.386727,0.395950,3.389313,0.048072
FlexTDOA,1785765604.457441,0.344663,3.328651,0.108146
FlexTDOA,1785765604.626896,0.421132,3.359397,0.086530
FlexTDOA,1785765604.770467,0.356164,3.432450,0.018674
FlexTDOA,1785765604.770931,0.271358,3.463194,0.107936
FlexTDOA,1785765604.914633,0.298881,3.418303,0.077273
FlexTDOA,1785765604.914682,0.399595,3.363490,0.073318
FlexTDOA,1785765605.017220,0.331642,3.250806,0.186760
FlexTDOA,1785765605.068867,0.329162,3.351753,0.092772
FlexTDOA,1785765605.119176,0.292814,3.421873,0.082710
FlexTDOA,1785765605.170728,0.253996,3.450384,0.122159
FlexTDOA,1785765605.265037,0.308671,3.392458,0.077341
FlexTDOA,1785765605.267676,0.525889,3.252429,0.235037
FlexTDOA,1785765605.381829,0.367784,3.434669,0.007380
FlexTDOA,1785765605.381868,0.475077,3.211487,0.242683
FlexTDOA,1785765605.550471,0.301169,3.261332,0.186350
FlexTDOA,1785765605.607234,0.278736,3.442132,0.096584
FlexTDOA,1785765605.796396,0.269462,3.303247,0.166766
FlexTDOA,1785765605.848729,0.354990,3.274918,0.158829
FlexTDOA,1785765605.848775,0.361249,3.342912,0.090614
FlexTDOA,1785765606.004177,0.400946,3.430031,0.026224
FlexTDOA,1785765606.106605,0.401431,3.260196,0.174345
FlexTDOA,1785765606.357007,0.431663,3.402556,0.064232
FlexTDOA,1785765606.357050,0.341587,3.488650,0.065256
FlexTDOA,1785765606.485499,0.395327,3.330746,0.103798
FlexTDOA,1785765606.485881,0.341832,3.269737,0.166077
FlexTDOA,1785765606.658540,0.404550,3.286000,0.149483
FlexTDOA,1785765606.658636,0.330525,3.465162,0.055050
FlexTDOA,1785765606.753460,0.332566,3.530587,0.106807
FlexTDOA,1785765606.753815,0.396885,3.232187,0.201525
FlexTDOA,1785765606.756080,0.410578,3.337979,0.101054
FlexTDOA,1785765606.804635,0.278602,3.338709,0.134382
FlexTDOA,1785765606.809709,0.417556,3.291520,0.147311
FlexTDOA,1785765606.950852,0.358073,3.383238,0.052038
FlexTDOA,1785765606.950899,0.344666,3.291478,0.144216
FlexTDOA,1785765606.953494,0.449138,3.417371,0.075825
FlexTDOA,1785765607.007852,0.292114,3.343569,0.121460
FlexTDOA,1785765607.048584,0.293296,3.362404,0.107531
FlexTDOA,1785765607.048627,0.282050,3.317504,0.147763
FlexTDOA,1785765607.048673,0.262617,3.364814,0.131055
FlexTDOA,1785765607.146257,0.415674,3.367148,0.077063
FlexTDOA,1785765607.147263,0.353119,3.388056,0.049469
FlexTDOA,1785765607.312198,0.333382,3.228201,0.208464
FlexTDOA,1785765607.364302,0.375576,3.217307,0.215196
FlexTDOA,1785765607.469594,0.344679,3.319392,0.117062
FlexTDOA,1785765607.521799,0.314797,3.451909,0.063101
FlexTDOA,1785765607.566184,0.307821,3.462758,0.073531
FlexTDOA,1785765607.609643,0.348108,3.382259,0.056911
FlexTDOA,1785765607.609740,0.390863,3.330074,0.103673
FlexTDOA,1785765607.609836,0.349662,3.392047,0.047649
FlexTDOA,1785765607.758523,0.323688,3.365621,0.084198
FlexTDOA,1785765607.807923,0.437605,3.475066,0.075838
FlexTDOA,1785765607.955547,0.466171,3.228961,0.223093
FlexTDOA,1785765608.168880,0.330795,3.323175,0.117865
FlexTDOA,1785765608.274355,0.313599,3.324108,0.124497
FlexTDOA,1785765608.275371,0.362869,3.446257,0.018234
FlexTDOA,1785765608.275434,0.317545,3.349723,0.100672
FlexTDOA,1785765608.378259,0.386711,3.361330,0.072155
FlexTDOA,1785765608.790706,0.292725,3.209274,0.237851
FlexTDOA,1785765608.836861,0.475227,3.559993,0.162271
FlexTDOA,1785765608.841102,0.497941,3.337782,0.155325
FlexTDOA,1785765608.841167,0.199031,3.274707,0.236236
FlexTDOA,1785765608.945286,0.385483,3.411502,0.023543
FlexTDOA,1785765609.007488,0.321462,3.287765,0.154265
FlexTDOA,1785765609.062054,0.266837,3.321710,0.154723
FlexTDOA,1785765609.156625,0.368192,3.301960,0.130711
FlexTDOA,1785765609.409472,0.285931,3.411644,0.091322
FlexTDOA,1785765609.409513,0.419413,3.375377,0.072458
FlexTDOA,1785765609.551387,0.323487,3.419000,0.053097
FlexTDOA,1785765609.695301,0.293548,3.314567,0.143236
FlexTDOA,1785765609.695341,0.364679,3.370339,0.062987
FlexTDOA,1785765609.740619,0.294180,3.255703,0.194328
FlexTDOA,1785765609.740656,0.263994,3.343980,0.141854
FlexTDOA,1785765609.835346,0.340793,3.343789,0.095021
FlexTDOA,1785765609.887830,0.288238,3.475195,0.096553
FlexTDOA,1785765609.934995,0.382350,3.463693,0.032083
FlexTDOA,1785765610.030115,0.265894,3.331743,0.148395
FlexTDOA,1785765610.135583,0.415109,3.324201,0.115545
FlexTDOA,1785765610.135618,0.461514,3.364659,0.110069
FlexTDOA,1785765610.289813,0.294121,3.361530,0.107481
FlexTDOA,1785765610.391038,0.217525,3.320855,0.192906
FlexTDOA,1785765610.433610,0.468641,3.338247,0.132977
FlexTDOA,1785765610.433652,0.365447,3.416516,0.018540
FlexTDOA,1785765610.660921,0.432834,3.391933,0.070777
FlexTDOA,1785765610.661419,0.462900,3.339405,0.128148
FlexTDOA,1785765610.661679,0.438649,3.429741,0.063870
FlexTDOA,1785765610.661790,0.390631,3.471717,0.042276
FlexTDOA,1785765610.661830,0.325806,3.313119,0.129059
FlexTDOA,1785765610.756938,0.346527,3.438172,0.028874
FlexTDOA,1785765610.757005,0.441946,3.477020,0.080532
FlexTDOA,1785765610.757281,0.160537,3.403203,0.216295
FlexTDOA,1785765610.757515,0.392366,3.334160,0.099891
FlexTDOA,1785765610.812624,0.383678,3.330369,0.102515
FlexTDOA,1785765610.864753,0.281900,3.339537,0.131453
FlexTDOA,1785765610.911676,0.495010,3.352819,0.144189
FlexTDOA,1785765611.102384,0.375052,3.392154,0.040348
FlexTDOA,1785765611.145078,0.437285,3.452851,0.065679
FlexTDOA,1785765611.160326,0.246290,3.216361,0.251479
FlexTDOA,1785765611.166976,0.504335,3.359774,0.148522
FlexTDOA,1785765611.167031,0.384005,3.325048,0.107844
FlexTDOA,1785765611.229997,0.315222,3.396811,0.069483
FlexTDOA,1785765611.285079,0.273165,3.297131,0.169301
FlexTDOA,1785765611.287737,0.384684,3.289919,0.142922
FlexTDOA,1785765611.289938,0.307135,3.259564,0.185718
FlexTDOA,1785765611.345896,0.248553,3.329650,0.162870
FlexTDOA,1785765611.450662,0.407876,3.367094,0.073278
FlexTDOA,1785765611.635185,0.231766,3.405691,0.145563
FlexTDOA,1785765611.636477,0.347942,3.448232,0.031159
FlexTDOA,1785765611.637577,0.360508,3.540517,0.108962
FlexTDOA,1785765611.867702,0.363947,3.436389,0.011564
FlexTDOA,1785765611.934539,0.333021,3.400804,0.052473
FlexTDOA,1785765612.005389,0.353473,3.387910,0.049446
FlexTDOA,1785765612.005990,0.606453,3.338653,0.249906
FlexTDOA,1785765612.087393,0.348613,3.350186,0.086392
FlexTDOA,1785765612.088105,0.303948,3.480268,0.085482
FlexTDOA,1785765612.088146,0.370155,3.363722,0.068938
FlexTDOA,1785765612.088541,0.428320,3.266718,0.174196
FlexTDOA,1785765612.268939,0.319721,3.259926,0.181163
FlexTDOA,1785765612.313552,0.326979,3.425219,0.048410
FlexTDOA,1785765612.375432,0.346370,3.442501,0.030173
FlexTDOA,1785765612.557788,0.499906,3.304030,0.179295
FlexTDOA,1785765612.632018,0.295987,3.195553,0.249724
FlexTDOA,1785765612.684486,0.333988,3.270799,0.166783
FlexTDOA,1785765612.684550,0.501917,3.423565,0.127393
FlexTDOA,1785765612.684832,0.314344,3.449962,0.062964
FlexTDOA,1785765612.759127,0.440731,3.402440,0.072426
FlexTDOA,1785765612.809251,0.406248,3.317157,0.119545
FlexTDOA,1785765612.809291,0.290322,3.402967,0.089529
FlexTDOA,1785765612.866614,0.349839,3.269753,0.164658
FlexTDOA,1785765612.977536,0.426618,3.340726,0.105375
FlexTDOA,1785765612.977578,0.456124,3.430484,0.081310
FlexTDOA,1785765613.036211,0.381182,3.416740,0.016990
FlexTDOA,1785765613.036256,0.298038,3.346733,0.115128
FlexTDOA,1785765613.080733,0.279312,3.270312,0.188231
FlexTDOA,1785765613.080733,0.372074,3.206397,0.226121
FlexTDOA,1785765613.080733,0.399474,3.370989,0.066262
FlexTDOA,1785765613.080733,0.401034,3.311004,0.124289
FlexTDOA,1785765613.082944,0.382661,3.508346,0.076246
FlexTDOA,1785765613.135745,0.414753,3.336883,0.103615
FlexTDOA,1785765613.182435,0.397088,3.347986,0.087395
FlexTDOA,1785765613.292072,0.335527,3.315099,0.123810
FlexTDOA,1785765613.332623,0.283287,3.461596,0.096064
FlexTDOA,1785765613.332699,0.430885,3.306964,0.137480
FlexTDOA,1785765613.388589,0.241863,3.356045,0.153389
FlexTDOA,1785765613.439096,0.306777,3.408351,0.072219
FlexTDOA,1785765613.465238,0.327816,3.261449,0.177398
FlexTDOA,1785765613.465288,0.250095,3.341299,0.154528
FlexTDOA,1785765613.513620,0.137973,3.342160,0.253509
FlexTDOA,1785765613.557850,0.443806,3.444961,0.070084
FlexTDOA,1785765613.570744,0.297820,3.554433,0.144220
FlexTDOA,1785765613.612569,0.259177,3.313825,0.165715
FlexTDOA,1785765613.662166,0.380517,3.282740,0.149869
FlexTDOA,1785765613.736848,0.374642,3.380058,0.052444
FlexTDOA,1785765613.780168,0.336229,3.340678,0.099611
FlexTDOA,1785765613.829046,0.427486,3.259688,0.180655
FlexTDOA,1785765613.829089,0.274767,3.324916,0.146931
FlexTDOA,1785765614.031575,0.355267,3.431184,0.019616
FlexTDOA,1785765614.081042,0.294982,3.370941,0.100830
FlexTDOA,1785765614.081081,0.335295,3.257107,0.179796
FlexTDOA,1785765614.127776,0.295339,3.466628,0.086515
FlexTDOA,1785765614.184839,0.315357,3.361584,0.092560
FlexTDOA,1785765614.330632,0.447910,3.260278,0.187084
FlexTDOA,1785765614.330689,0.381537,3.420584,0.013671
FlexTDOA,1785765614.384429,0.337907,3.366175,0.075916
FlexTDOA,1785765614.388913,0.324527,3.209601,0.228508
FlexTDOA,1785765614.436966,0.417339,3.381118,0.066682
FlexTDOA,1785765614.456812,0.373016,3.309070,0.123445
FlexTDOA,1785765614.457016,0.456899,3.392599,0.091247
FlexTDOA,1785765614.508408,0.457526,3.331760,0.130331
FlexTDOA,1785765614.508494,0.344785,3.423755,0.031301
FlexTDOA,1785765614.900044,0.321013,3.192427,0.246035
FlexTDOA,1785765615.001553,0.372760,3.390839,0.041714
FlexTDOA,1785765615.115660,0.384454,3.274923,0.157871
FlexTDOA,1785765615.217703,0.299808,3.302543,0.150062
FlexTDOA,1785765615.317763,0.413158,3.317252,0.121453
FlexTDOA,1785765615.379128,0.476895,3.372825,0.118223
FlexTDOA,1785765615.379223,0.204250,3.233501,0.262110
FlexTDOA,1785765615.433542,0.286631,3.377438,0.103984
FlexTDOA,1785765615.665236,0.454154,3.357484,0.109172
FlexTDOA,1785765615.713179,0.195081,3.341221,0.201606
FlexTDOA,1785765615.829238,0.453035,3.233295,0.214005
FlexTDOA,1785765615.829283,0.300808,3.357699,0.105242
FlexTDOA,1785765616.060077,0.244820,3.340912,0.159039
FlexTDOA,1785765616.110923,0.419478,3.282362,0.156635
FlexTDOA,1785765616.163063,0.308616,3.417290,0.067947
FlexTDOA,1785765616.215033,0.346861,3.395207,0.046622
FlexTDOA,1785765616.257638,0.393355,3.436990,0.019053
FlexTDOA,1785765616.358881,0.356145,3.376718,0.058832
FlexTDOA,1785765616.410719,0.369664,3.391294,0.041531
FlexTDOA,1785765616.410805,0.308902,3.387988,0.079555
FlexTDOA,1785765616.478391,0.379736,3.434472,0.005279
FlexTDOA,1785765616.526769,0.362790,3.268795,0.164149
FlexTDOA,1785765616.526811,0.223863,3.427672,0.151053
FlexTDOA,1785765616.528674,0.395257,3.320609,0.113740
FlexTDOA,1785765616.592299,0.344566,3.319023,0.117447
FlexTDOA,1785765616.637284,0.349704,3.258601,0.175708
FlexTDOA,1785765616.637359,0.445367,3.309774,0.141550
FlexTDOA,1785765616.795386,0.388516,3.230358,0.202606
FlexTDOA,1785765616.960970,0.412126,3.399207,0.049988
FlexTDOA,1785765617.000261,0.390892,3.359999,0.074258
FlexTDOA,1785765617.002221,0.365073,3.257486,0.175288
FlexTDOA,1785765617.057208,0.383074,3.323021,0.109790
FlexTDOA,1785765617.101929,0.370387,3.150339,0.282198
FlexTDOA,1785765617.101971,0.219873,3.302028,0.202578
FlexTDOA,1785765617.250996,0.358607,3.225781,0.207357
FlexTDOA,1785765617.251141,0.433139,3.260153,0.181942
FlexTDOA,1785765617.304530,0.096690,3.347592,0.290820
FlexTDOA,1785765617.304578,0.328644,3.309309,0.131569
FlexTDOA,1785765617.451385,0.467672,3.380732,0.106292
FlexTDOA,1785765617.458615,0.470225,3.415733,0.096849
FlexTDOA,1785765617.524529,0.300924,3.386195,0.087222
FlexTDOA,1785765617.524575,0.417380,3.457901,0.049547
FlexTDOA,1785765617.667564,0.310938,3.326738,0.123569
FlexTDOA,1785765617.951594,0.379824,3.278638,0.153944
FlexTDOA,1785765617.951768,0.435857,3.429016,0.061118
FlexTDOA,1785765617.951907,0.522384,3.415954,0.148470
FlexTDOA,1785765617.992217,0.345801,3.332046,0.104568
FlexTDOA,1785765617.999338,0.436360,3.467513,0.070786
FlexTDOA,1785765618.046273,0.410946,3.425354,0.036808
FlexTDOA,1785765618.046320,0.315630,3.311549,0.134667
FlexTDOA,1785765618.150988,0.390676,3.496854,0.066272
FlexTDOA,1785765618.151021,0.223617,3.279885,0.214848
FlexTDOA,1785765618.213281,0.169290,3.313882,0.237320
FlexTDOA,1785765618.259081,0.482423,3.377842,0.120673
FlexTDOA,1785765618.308483,0.400287,3.319611,0.115723
FlexTDOA,1785765618.354478,0.565647,3.228960,0.278993
FlexTDOA,1785765618.354835,0.473655,3.425366,0.099074
FlexTDOA,1785765618.410952,0.292226,3.318534,0.140760
FlexTDOA,1785765618.583749,0.342904,3.290609,0.145442
FlexTDOA,1785765618.680734,0.377725,3.323031,0.109509
FlexTDOA,1785765618.833889,0.483618,3.277527,0.189341
FlexTDOA,1785765619.096836,0.403989,3.417334,0.032860
FlexTDOA,1785765619.096888,0.432513,3.249267,0.192097
FlexTDOA,1785765619.097737,0.250634,3.540488,0.164584
FlexTDOA,1785765619.097912,0.367352,3.254577,0.178081
FlexTDOA,1785765619.143147,0.414399,3.221466,0.214712
FlexTDOA,1785765619.193325,0.371800,3.341775,0.090777
FlexTDOA,1785765619.240062,0.303463,3.421645,0.072197
FlexTDOA,1785765619.284774,0.431632,3.354870,0.096188
FlexTDOA,1785765619.427331,0.412961,3.350886,0.090080
FlexTDOA,1785765619.427485,0.458456,3.267738,0.184767
FlexTDOA,1785765619.496501,0.385154,3.400237,0.033873
FlexTDOA,1785765619.596808,0.375172,3.427447,0.005066
FlexTDOA,1785765619.596848,0.394276,3.350847,0.083936
FlexTDOA,1785765619.641199,0.328971,3.257719,0.180701
FlexTDOA,1785765619.641241,0.507260,3.428925,0.132470
FlexTDOA,1785765619.694001,0.531160,3.265850,0.228494
FlexTDOA,1785765619.762352,0.516270,3.318170,0.181865
FlexTDOA,1785765619.841980,0.374189,3.402616,0.029893
FlexTDOA,1785765620.044790,0.285125,3.294750,0.164390
FlexTDOA,1785765620.044830,0.413147,3.320559,0.118316
FlexTDOA,1785765620.203568,0.277130,3.320039,0.148979
FlexTDOA,1785765620.208834,0.329807,3.190088,0.246561
FlexTDOA,1785765620.349572,0.456563,3.274390,0.177983
FlexTDOA,1785765620.349943,0.334711,3.383437,0.063384
FlexTDOA,1785765620.407898,0.412477,3.254322,0.182111
FlexTDOA,1785765620.408089,0.292833,3.576296,0.165535
FlexTDOA,1785765620.452516,0.394115,3.247545,0.185959
FlexTDOA,1785765620.582305,0.259834,3.295218,0.179089
FlexTDOA,1785765620.632600,0.376154,3.378703,0.053815
FlexTDOA,1785765620.680209,0.305701,3.401677,0.075698
FlexTDOA,1785765620.680254,0.348149,3.425788,0.027521
FlexTDOA,1785765620.731486,0.286824,3.277191,0.178515
FlexTDOA,1785765620.762315,0.400859,3.215383,0.218673
FlexTDOA,1785765621.038415,0.349707,3.281968,0.152617
FlexTDOA,1785765621.039566,0.366595,3.342900,0.089980
FlexTDOA,1785765621.201709,0.271584,3.409157,0.105861
FlexTDOA,1785765621.250812,0.449814,3.625149,0.206722
FlexTDOA,1785765621.310683,0.285217,3.294262,0.164749
FlexTDOA,1785765621.310737,0.305456,3.474552,0.081130
FlexTDOA,1785765621.363456,0.240229,3.311934,0.180710
FlexTDOA,1785765621.405782,0.376958,3.321152,0.111370
FlexTDOA,1785765621.405978,0.389620,3.280000,0.153216
FlexTDOA,1785765621.527935,0.399745,3.262339,0.171975
FlexTDOA,1785765621.529174,0.341635,3.428175,0.033484
FlexTDOA,1785765621.529221,0.433730,3.385187,0.075544
FlexTDOA,1785765621.690742,0.335533,3.255594,0.181221
FlexTDOA,1785765621.741074,0.456931,3.330523,0.130915
FlexTDOA,1785765621.744750,0.467686,3.478892,0.103791
FlexTDOA,1785765621.790177,0.350648,3.477365,0.050969
FlexTDOA,1785765621.865133,0.349391,3.308082,0.126995
FlexTDOA,1785765621.933435,0.426545,3.289125,0.152416
FlexTDOA,1785765622.028493,0.275705,3.325584,0.145804
FlexTDOA,1785765622.148065,0.338528,3.517854,0.092755
FlexTDOA,1785765622.245061,0.378020,3.325820,0.106729
FlexTDOA,1785765622.245135,0.265670,3.431107,0.109177
FlexTDOA,1785765622.298614,0.356414,3.275026,0.158550
FlexTDOA,1785765622.439981,0.351209,3.478425,0.051646
FlexTDOA,1785765622.440260,0.470042,3.338286,0.133942
FlexTDOA,1785765622.464939,0.337472,3.552839,0.126006
FlexTDOA,1785765622.505386,0.268533,3.481342,0.116988
FlexTDOA,1785765622.625424,0.407725,3.335561,0.102367
FlexTDOA,1785765622.668039,0.420012,3.325449,0.116194
FlexTDOA,1785765622.739923,0.354905,3.329956,0.104465
FlexTDOA,1785765622.740231,0.439886,3.435859,0.065134
FlexTDOA,1785765622.740316,0.339106,3.458667,0.044288
FlexTDOA,1785765622.784310,0.402316,3.356424,0.080888
FlexTDOA,1785765622.784377,0.296106,3.390867,0.089063
FlexTDOA,1785765622.787058,0.303015,3.481986,0.087221
FlexTDOA,1785765623.083320,0.311250,3.361803,0.095088
FlexTDOA,1785765623.251253,0.420858,3.462698,0.055041
FlexTDOA,1785765623.277513,0.349515,3.382777,0.055802
FlexTDOA,1785765623.277781,0.387828,3.353681,0.079883
FlexTDOA,1785765623.277819,0.308824,3.362777,0.096018
FlexTDOA,1785765623.280897,0.365774,3.356790,0.076252
FlexTDOA,1785765623.281224,0.489775,3.402855,0.118699
FlexTDOA,1785765623.440309,0.433238,3.346343,0.104086
FlexTDOA,1785765623.440351,0.438381,3.310469,0.137585
FlexTDOA,1785765623.511306,0.381607,3.305646,0.127036
FlexTDOA,1785765623.523562,0.602308,3.347125,0.242964
FlexTDOA,1785765623.558208,0.312750,3.315401,0.132543
FlexTDOA,1785765623.614098,0.478800,3.242418,0.216656
FlexTDOA,1785765623.657703,0.419394,3.298620,0.141101
FlexTDOA,1785765623.657788,0.442093,3.342374,0.112455
FlexTDOA,1785765623.813455,0.444214,3.379967,0.087022
FlexTDOA,1785765624.028064,0.285106,3.280796,0.176257
FlexTDOA,1785765624.235451,0.419674,3.228625,0.208748
FlexTDOA,1785765624.344439,0.421509,3.361664,0.084830
FlexTDOA,1785765624.397707,0.258670,3.426512,0.116323
FlexTDOA,1785765624.398331,0.407160,3.368075,0.072079
FlexTDOA,1785765624.481350,0.648071,3.361612,0.282278
FlexTDOA,1785765624.481520,0.299326,3.408903,0.079114
FlexTDOA,1785765624.481560,0.335739,3.297000,0.141030
FlexTDOA,1785765624.581800,0.542681,3.368957,0.179468
FlexTDOA,1785765624.581841,0.371208,3.227786,0.204748
FlexTDOA,1785765624.631990,0.082392,3.434444,0.292453
FlexTDOA,1785765624.732445,0.424977,3.318783,0.124281
FlexTDOA,1785765624.732492,0.356984,3.366104,0.068756
FlexTDOA,1785765624.732537,0.421433,3.343670,0.100310
FlexTDOA,1785765624.883647,0.298859,3.329760,0.127784
FlexTDOA,1785765624.925912,0.263244,3.563447,0.172047
FlexTDOA,1785765624.925954,0.369622,3.299590,0.133014
FlexTDOA,1785765625.028716,0.377191,3.315821,0.116704
FlexTDOA,1785765625.028766,0.311396,3.370104,0.088985
FlexTDOA,1785765625.261588,0.353423,3.324406,0.110196
FlexTDOA,1785765625.263770,0.328089,3.488361,0.072841
FlexTDOA,1785765625.263813,0.441860,3.464599,0.074311
FlexTDOA,1785765625.484568,0.285456,3.290164,0.168075
FlexTDOA,1785765625.515996,0.327828,3.243586,0.194676
FlexTDOA,1785765625.551439,0.210504,3.362840,0.178489
FlexTDOA,1785765625.558505,0.440509,3.527936,0.115847
FlexTDOA,1785765625.608525,0.464664,3.159308,0.287581
FlexTDOA,1785765625.608793,0.485079,3.187311,0.268833
FlexTDOA,1785765625.608845,0.411445,3.401890,0.047719
FlexTDOA,1785765625.646211,0.336413,3.280893,0.156403
FlexTDOA,1785765625.646264,0.276420,3.280746,0.180875
FlexTDOA,1785765625.656540,0.373663,3.269907,0.162599
FlexTDOA,1785765625.691863,0.229492,3.187803,0.284610
FlexTDOA,1785765625.792186,0.279498,3.314087,0.152026
FlexTDOA,1785765625.893058,0.454967,3.496304,0.102427
FlexTDOA,1785765625.893126,0.298147,3.335238,0.123863
FlexTDOA,1785765625.945972,0.297432,3.239531,0.207917
FlexTDOA,1785765625.946021,0.321340,3.425169,0.053998
FlexTDOA,1785765626.045851,0.297294,3.293420,0.159239
FlexTDOA,1785765626.045891,0.475479,3.376602,0.115123
FlexTDOA,1785765626.092592,0.409467,3.440746,0.035596
FlexTDOA,1785765626.092650,0.310603,3.348887,0.105440
FlexTDOA,1785765626.139085,0.536559,3.272272,0.227655
FlexTDOA,1785765626.408357,0.435151,3.309418,0.137067
FlexTDOA,1785765626.408556,0.249474,3.378213,0.136614
FlexTDOA,1785765626.408966,0.291235,3.281404,0.172684
FlexTDOA,1785765626.409466,0.445204,3.362416,0.099314
FlexTDOA,1785765626.409629,0.333777,3.438211,0.041457
FlexTDOA,1785765626.410600,0.370803,3.352024,0.080579
FlexTDOA,1785765626.450372,0.401993,3.305813,0.129566
FlexTDOA,1785765626.453835,0.486133,3.312063,0.163987
FlexTDOA,1785765626.524942,0.416917,3.324313,0.116083
FlexTDOA,1785765626.624376,0.381329,3.321471,0.111220
FlexTDOA,1785765626.624688,0.378913,3.427317,0.006594
FlexTDOA,1785765626.678853,0.359577,3.373800,0.060653
FlexTDOA,1785765626.722320,0.389559,3.268281,0.164879
FlexTDOA,1785765626.722381,0.319914,3.393919,0.067121
FlexTDOA,1785765626.876497,0.294004,3.439193,0.081111
FlexTDOA,1785765627.128400,0.395881,3.614976,0.183683
FlexTDOA,1785765627.176229,0.386449,3.379957,0.053812
FlexTDOA,1785765627.223378,0.274320,3.344648,0.133499
FlexTDOA,1785765627.223420,0.441868,3.288020,0.159273
FlexTDOA,1785765627.223462,0.364456,3.391991,0.041820
FlexTDOA,1785765627.235487,0.389355,3.354787,0.079059
FlexTDOA,1785765627.270476,0.343592,3.350991,0.087295
FlexTDOA,1785765627.336703,0.396405,3.359358,0.076257
FlexTDOA,1785765627.382311,0.401397,3.296476,0.138594
FlexTDOA,1785765627.439072,0.411388,3.380668,0.063423
FlexTDOA,1785765627.439309,0.367589,3.326796,0.105953
FlexTDOA,1785765627.439438,0.356427,3.370035,0.065123
FlexTDOA,1785765627.467598,0.303031,3.367472,0.096877
FlexTDOA,1785765627.512473,0.365654,3.320721,0.112158
FlexTDOA,1785765627.512533,0.258180,3.365683,0.134439
FlexTDOA,1785765627.613132,0.302111,3.347524,0.111850
FlexTDOA,1785765627.758784,0.396036,3.317143,0.117290
FlexTDOA,1785765627.758917,0.300369,3.034946,0.404471
FlexTDOA,1785765627.856480,0.196759,3.284143,0.231781
FlexTDOA,1785765627.898919,0.457366,3.343894,0.121087
FlexTDOA,1785765627.949306,0.554639,3.236049,0.266311
FlexTDOA,1785765628.000589,0.447138,3.348949,0.110491
FlexTDOA,1785765628.052057,0.400451,3.409957,0.034121
FlexTDOA,1785765628.052117,0.416243,3.227213,0.209422
FlexTDOA,1785765628.101980,0.266141,3.449662,0.110044
FlexTDOA,1785765628.151597,0.318925,3.417227,0.057962
FlexTDOA,1785765628.151638,0.362236,3.322012,0.111206
FlexTDOA,1785765628.151675,0.333203,3.334066,0.106879
FlexTDOA,1785765628.212130,0.305422,3.414434,0.071730
FlexTDOA,1785765628.482402,0.430818,3.368172,0.085276
FlexTDOA,1785765628.662291,0.377878,3.385766,0.046834
FlexTDOA,1785765628.711968,0.307624,3.364030,0.095949
FlexTDOA,1785765628.714878,0.447831,3.365816,0.098868
FlexTDOA,1785765628.749931,0.330765,3.344444,0.098471
FlexTDOA,1785765628.749988,0.234317,3.257488,0.224446
FlexTDOA,1785765628.857610,0.267693,3.253943,0.208239
FlexTDOA,1785765628.915526,0.418111,3.403668,0.051999
FlexTDOA,1785765628.915806,0.409020,3.330502,0.107574
FlexTDOA,1785765628.916029,0.322534,3.350084,0.097614
FlexTDOA,1785765628.964396,0.295904,3.309486,0.146162
FlexTDOA,1785765629.111536,0.278932,3.280646,0.179606
FlexTDOA,1785765629.111610,0.290564,3.504374,0.110761
FlexTDOA,1785765629.212468,0.374694,3.533821,0.101320
FlexTDOA,1785765629.216224,0.297222,3.424721,0.078005
FlexTDOA,1785765629.306709,0.659833,3.365784,0.292699
FlexTDOA,1785765629.307137,0.422593,3.294698,0.145843
FlexTDOA,1785765629.450727,0.290662,3.420452,0.085034
FlexTDOA,1785765629.491482,0.172167,3.429025,0.202701
FlexTDOA,1785765629.494112,0.391441,3.390418,0.045240
FlexTDOA,1785765629.591855,0.200093,3.316507,0.209740
FlexTDOA,1785765629.591897,0.416832,3.482666,0.065421
FlexTDOA,1785765629.636384,0.424444,3.320055,0.122902
FlexTDOA,1785765629.689115,0.356086,3.278189,0.155447
FlexTDOA,1785765629.744805,0.410319,3.473113,0.053927
FlexTDOA,1785765629.760965,0.357405,3.234974,0.198296
FlexTDOA,1785765629.760965,0.504754,3.340555,0.159161
FlexTDOA,1785765629.799697,0.236406,3.429947,0.138456
FlexTDOA,1785765629.906607,0.393843,3.335914,0.098439
FlexTDOA,1785765630.153599,0.162749,3.462890,0.214256
FlexTDOA,1785765630.153894,0.319082,3.409873,0.060174
FlexTDOA,1785765630.153894,0.436440,3.446559,0.063185
FlexTDOA,1785765630.155911,0.257528,3.431868,0.117312
FlexTDOA,1785765630.155911,0.291116,3.301937,0.155102
FlexTDOA,1785765630.155911,0.291265,3.384632,0.096312
FlexTDOA,1785765630.155911,0.300093,3.418980,0.075959
FlexTDOA,1785765630.155911,0.353633,3.341734,0.093211
FlexTDOA,1785765630.155911,0.363276,3.282834,0.150113
FlexTDOA,1785765630.155911,0.476397,3.496162,0.119861
FlexTDOA,1785765630.156289,0.426302,3.344878,0.101619
FlexTDOA,1785765630.156459,0.307822,3.455306,0.070790
FlexTDOA,1785765630.156459,0.370269,3.424790,0.008964
FlexTDOA,1785765630.156459,0.396111,3.366160,0.069669
FlexTDOA,1785765630.156586,0.268930,3.363649,0.126322
FlexTDOA,1785765630.166659,0.460160,3.360513,0.111634
FlexTDOA,1785765630.305369,0.196350,3.482096,0.185250
FlexTDOA,1785765630.305461,0.221503,3.404577,0.155857
FlexTDOA,1785765630.305520,0.267981,3.367518,0.125065
FlexTDOA,1785765630.348953,0.348895,3.435935,0.026170
FlexTDOA,1785765630.349025,0.443926,3.324290,0.128385
FlexTDOA,1785765630.406593,0.437278,3.393110,0.073827
FlexTDOA,1785765630.442273,0.459263,3.232034,0.217519
FlexTDOA,1785765630.476311,0.478478,3.321692,0.151723
FlexTDOA,1785765630.536756,0.109310,3.405850,0.266863
FlexTDOA,1785765630.587334,0.394615,3.443378,0.022570
FlexTDOA,1785765630.642656,0.395843,3.358539,0.076887
FlexTDOA,1785765630.642697,0.291686,3.453995,0.085886
FlexTDOA,1785765630.688948,0.330391,3.338832,0.103680
FlexTDOA,1785765630.837903,0.390689,3.409998,0.027526
FlexTDOA,1785765630.848997,0.274639,3.437008,0.100300
FlexTDOA,1785765630.931806,0.341847,3.332909,0.104914
FlexTDOA,1785765630.932068,0.341713,3.450227,0.037570
FlexTDOA,1785765631.081615,0.317542,3.280422,0.162515
FlexTDOA,1785765631.132534,0.429947,3.271706,0.169977
FlexTDOA,1785765631.235320,0.422617,3.356051,0.090152
FlexTDOA,1785765631.280661,0.265196,3.388306,0.118215
FlexTDOA,1785765631.280779,0.400138,3.272028,0.162456
FlexTDOA,1785765631.330051,0.336762,3.331266,0.108159
FlexTDOA,1785765631.330126,0.449010,3.429239,0.074243
FlexTDOA,1785765631.384832,0.388349,3.199483,0.233409
FlexTDOA,1785765631.521610,0.297655,3.305244,0.148835
FlexTDOA,1785765631.521820,0.166551,3.404215,0.210199
FlexTDOA,1785765631.521867,0.330920,3.256974,0.180939
FlexTDOA,1785765631.611618,0.393163,3.380225,0.055395
FlexTDOA,1785765631.660930,0.350547,3.535587,0.105909
FlexTDOA,1785765631.715412,0.280648,3.291207,0.169811
FlexTDOA,1785765631.718378,0.233692,3.406044,0.143605
FlexTDOA,1785765631.768824,0.263778,3.426128,0.111243
FlexTDOA,1785765631.775540,0.278768,3.556069,0.156520
FlexTDOA,1785765631.912242,0.291011,3.357647,0.112385
FlexTDOA,1785765631.913696,0.384459,3.234390,0.198345
FlexTDOA,1785765632.122619,0.329673,3.425221,0.045748
FlexTDOA,1785765632.175293,0.281409,3.339622,0.131740
FlexTDOA,1785765632.280095,0.347364,3.302045,0.133319
FlexTDOA,1785765632.280141,0.365846,3.488064,0.056285
FlexTDOA,1785765632.341570,0.368863,3.422700,0.011479
FlexTDOA,1785765632.421488,0.397082,3.417401,0.026885
FlexTDOA,1785765632.422309,0.268722,3.433225,0.106119
FlexTDOA,1785765632.422371,0.223996,3.318600,0.189016
FlexTDOA,1785765632.511894,0.369262,3.351175,0.081517
FlexTDOA,1785765632.512660,0.369070,3.316821,0.115824
FlexTDOA,1785765632.529842,0.299177,3.342050,0.117924
FlexTDOA,1785765632.716830,0.301818,3.382320,0.088602
FlexTDOA,1785765632.717230,0.384265,3.354440,0.078629
FlexTDOA,1785765632.717280,0.326483,3.308240,0.133339
FlexTDOA,1785765632.718768,0.316204,3.285412,0.158345
FlexTDOA,1785765632.718949,0.258717,3.227359,0.235728
FlexTDOA,1785765632.777819,0.430296,3.394726,0.067101
FlexTDOA,1785765632.778375,0.266420,3.414513,0.109901
FlexTDOA,1785765632.778421,0.275845,3.329863,0.142599
FlexTDOA,1785765632.842090,0.434458,3.337793,0.111911
FlexTDOA,1785765632.847147,0.472657,3.259639,0.198620
FlexTDOA,1785765632.908576,0.428545,3.252375,0.187963
FlexTDOA,1785765633.047096,0.564280,3.487088,0.197149
FlexTDOA,1785765633.099727,0.464831,3.429178,0.090054
FlexTDOA,1785765633.159857,0.426572,3.290827,0.150824
FlexTDOA,1785765633.221987,0.467221,3.201256,0.249016
FlexTDOA,1785765633.222034,0.435354,3.527991,0.113050
FlexTDOA,1785765633.411482,0.390224,3.484903,0.054613
FlexTDOA,1785765633.411668,0.325369,3.273819,0.166215
FlexTDOA,1785765633.412052,0.360842,3.359188,0.074638
FlexTDOA,1785765633.492228,0.350772,3.314817,0.120120
FlexTDOA,1785765633.493586,0.303299,3.451636,0.074054
FlexTDOA,1785765633.608439,0.242388,3.433587,0.132455
FlexTDOA,1785765633.611594,0.347045,3.477107,0.052556
FlexTDOA,1785765633.700092,0.301154,3.343577,0.115486
FlexTDOA,1785765633.700633,0.417805,3.415427,0.046235
FlexTDOA,1785765633.700861,0.339429,3.447074,0.038291
FlexTDOA,1785765633.701168,0.239447,3.283580,0.201267
FlexTDOA,1785765633.762421,0.193840,3.417524,0.181617
FlexTDOA,1785765633.780223,0.315161,3.433115,0.059681
FlexTDOA,1785765633.837650,0.472116,3.397239,0.103471
FlexTDOA,1785765633.897201,0.511624,3.251666,0.226742
FlexTDOA,1785765633.947085,0.328804,3.273130,0.165887
FlexTDOA,1785765634.064746,0.341360,3.391205,0.053162
FlexTDOA,1785765634.064914,0.357461,3.437941,0.018209
FlexTDOA,1785765634.164148,0.353636,3.334956,0.099823
FlexTDOA,1785765634.168787,0.357192,3.270497,0.162963
FlexTDOA,1785765634.170998,0.310333,3.415696,0.066659
FlexTDOA,1785765634.247150,0.440054,3.359865,0.097617
FlexTDOA,1785765634.295281,0.298456,3.479735,0.089807
FlexTDOA,1785765634.297320,0.452835,3.357195,0.108418
FlexTDOA,1785765634.350020,0.346912,3.384621,0.055429
FlexTDOA,1785765634.397398,0.243649,3.375042,0.143221
FlexTDOA,1785765634.398489,0.360516,3.295736,0.137513
FlexTDOA,1785765634.446040,0.539686,3.341961,0.188075
FlexTDOA,1785765634.446328,0.332280,3.369346,0.076157
FlexTDOA,1785765634.514790,0.262726,3.542510,0.157070
FlexTDOA,1785765634.610061,0.423006,3.341763,0.102731
FlexTDOA,1785765634.610120,0.275700,3.467564,0.105157
FlexTDOA,1785765634.718348,0.157877,3.373130,0.224938
FlexTDOA,1785765634.720016,0.358076,3.294872,0.138646
FlexTDOA,1785765634.720069,0.319850,3.425889,0.055385
FlexTDOA,1785765634.821792,0.391369,3.164974,0.268038
FlexTDOA,1785765634.874417,0.446648,3.349411,0.109820
FlexTDOA,1785765634.935847,0.453973,3.238066,0.209923
FlexTDOA,1785765634.943052,0.401428,3.373299,0.064900
FlexTDOA,1785765634.973400,0.399443,3.294930,0.139754
FlexTDOA,1785765634.976269,0.465757,3.404791,0.095047
FlexTDOA,1785765634.979780,0.340139,3.378956,0.063806
FlexTDOA,1785765635.022271,0.306602,3.394582,0.078065
FlexTDOA,1785765635.081651,0.410655,3.373011,0.069440
FlexTDOA,1785765635.082166,0.301806,3.285906,0.163780
FlexTDOA,1785765635.082214,0.346888,3.484111,0.058692
FlexTDOA,1785765635.082710,0.308231,3.329264,0.122859
FlexTDOA,1785765635.189971,0.396966,3.515091,0.085503
FlexTDOA,1785765635.190624,0.357698,3.212377,0.220791
FlexTDOA,1785765635.190848,0.299590,3.424584,0.075664
FlexTDOA,1785765635.234981,0.387768,3.429523,0.013268
FlexTDOA,1785765635.237593,0.306604,3.508797,0.102357
FlexTDOA,1785765635.335482,0.457241,3.378448,0.098549
FlexTDOA,1785765635.393562,0.370651,3.303696,0.128873
FlexTDOA,1785765635.393647,0.292266,3.548410,0.142313
FlexTDOA,1785765635.510617,0.332849,3.432790,0.041991
FlexTDOA,1785765635.565907,0.289529,3.218721,0.230173
FlexTDOA,1785765635.608236,0.286575,3.430877,0.088279
FlexTDOA,1785765635.608488,0.253961,3.322526,0.163420
FlexTDOA,1785765635.678001,0.402270,3.410188,0.035361
FlexTDOA,1785765635.727419,0.294809,3.401300,0.085897
FlexTDOA,1785765635.776024,0.320689,3.362535,0.088473
FlexTDOA,1785765635.776065,0.339155,3.324228,0.114002
FlexTDOA,1785765635.776107,0.317866,3.264339,0.177551
FlexTDOA,1785765635.841620,0.373157,3.259341,0.173169
FlexTDOA,1785765635.886893,0.340646,3.219870,0.215363
FlexTDOA,1785765635.886944,0.376669,3.263033,0.169478
FlexTDOA,1785765635.934152,0.246778,3.310856,0.176627
FlexTDOA,1785765636.224552,0.292905,3.210851,0.236309
FlexTDOA,1785765636.227211,0.333569,3.393637,0.056689
FlexTDOA,1785765636.227706,0.385617,3.369547,0.063870
FlexTDOA,1785765636.291139,0.348950,3.467908,0.043861
FlexTDOA,1785765636.291180,0.456115,3.422279,0.081917
FlexTDOA,1785765636.337293,0.287387,3.327533,0.136624
FlexTDOA,1785765636.337659,0.459304,3.395220,0.092327
FlexTDOA,1785765636.386808,0.382360,3.479859,0.047951
FlexTDOA,1785765636.461437,0.270670,3.300480,0.168168
FlexTDOA,1785765636.558089,0.639944,3.533590,0.283724
FlexTDOA,1785765636.558255,0.344153,3.331411,0.105645
FlexTDOA,1785765636.603713,0.361478,3.386352,0.048045
FlexTDOA,1785765636.603798,0.376151,3.298793,0.133715
FlexTDOA,1785765636.608645,0.304947,3.310045,0.140997
FlexTDOA,1785765636.661445,0.386174,3.350386,0.082894
FlexTDOA,1785765636.661484,0.320182,3.444476,0.055953
FlexTDOA,1785765636.661716,0.327022,3.420900,0.049204
FlexTDOA,1785765636.715010,0.288741,3.289698,0.166750
FlexTDOA,1785765636.837771,0.241863,3.319971,0.174200
FlexTDOA,1785765636.878983,0.503154,3.400333,0.132286
FlexTDOA,1785765636.879483,0.417374,3.441465,0.043469
FlexTDOA,1785765636.944377,0.254734,3.441512,0.120442
FlexTDOA,1785765636.997970,0.388074,3.363957,0.069810
FlexTDOA,1785765637.043306,0.254282,3.319186,0.165451
FlexTDOA,1785765637.188794,0.450766,3.334463,0.124002
FlexTDOA,1785765637.235585,0.326549,3.439841,0.048844
FlexTDOA,1785765637.349296,0.316335,3.352690,0.098957
FlexTDOA,1785765637.394753,0.446443,3.335870,0.120270
FlexTDOA,1785765637.394805,0.383194,3.207380,0.225277
FlexTDOA,1785765637.394848,0.321574,3.304084,0.139026
FlexTDOA,1785765637.511485,0.377721,3.251018,0.181506
FlexTDOA,1785765637.511771,0.230281,3.303220,0.193935
FlexTDOA,1785765637.733449,0.420432,3.387264,0.064228
FlexTDOA,1785765637.760331,0.541685,3.406118,0.168919
FlexTDOA,1785765637.760388,0.338095,3.357875,0.083182
FlexTDOA,1785765637.807199,0.212577,3.392205,0.167190
FlexTDOA,1785765637.807478,0.343586,3.345081,0.092839
FlexTDOA,1785765637.853247,0.409014,3.503681,0.078959
FlexTDOA,1785765637.949596,0.381773,3.412829,0.020859
FlexTDOA,1785765638.045780,0.454897,3.380460,0.095487
FlexTDOA,1785765638.098115,0.327100,3.338018,0.105859
FlexTDOA,1785765638.098153,0.440058,3.315863,0.133634
FlexTDOA,1785765638.149488,0.369223,3.234242,0.198339
FlexTDOA,1785765638.245078,0.373721,3.420023,0.012528
FlexTDOA,1785765638.245132,0.666267,3.101453,0.441048
FlexTDOA,1785765638.447425,0.432063,3.378965,0.078363
FlexTDOA,1785765638.512889,0.446474,3.317575,0.135424
FlexTDOA,1785765638.611680,0.381583,3.358144,0.074663
FlexTDOA,1785765638.767987,0.442601,3.491135,0.089608
FlexTDOA,1785765639.012112,0.396221,3.399101,0.039659
FlexTDOA,1785765639.156363,0.277836,3.341187,0.133221
FlexTDOA,1785765639.166382,0.445219,3.323367,0.129861
FlexTDOA,1785765639.271261,0.444908,3.339907,0.116118
FlexTDOA,1785765639.412149,0.238120,3.246554,0.230799
FlexTDOA,1785765639.537011,0.339328,3.366320,0.075107
FlexTDOA,1785765639.584219,0.361041,3.376341,0.057830
FlexTDOA,1785765639.636065,0.368000,3.270606,0.162040
FlexTDOA,1785765639.636310,0.313643,3.429713,0.061259
FlexTDOA,1785765639.684332,0.260090,3.389698,0.122472
FlexTDOA,1785765639.687850,0.345449,3.282621,0.152735
FlexTDOA,1785765639.733300,0.248775,3.278976,0.198650
FlexTDOA,1785765639.733342,0.428910,3.428866,0.054194
FlexTDOA,1785765639.784207,0.226640,3.320127,0.185986
FlexTDOA,1785765639.784239,0.430169,3.383354,0.074006
FlexTDOA,1785765639.785378,0.319232,3.459136,0.061656
FlexTDOA,1785765639.897305,0.432610,3.316483,0.129607
FlexTDOA,1785765640.047801,0.450414,3.408280,0.079362
FlexTDOA,1785765640.156237,0.660316,3.274919,0.326082
FlexTDOA,1785765640.258049,0.324078,3.429184,0.050868
FlexTDOA,1785765640.410764,0.359565,3.261862,0.171322
FlexTDOA,1785765640.418098,0.271893,3.251521,0.208211
FlexTDOA,1785765640.440165,0.450074,3.334403,0.123627
FlexTDOA,1785765640.524965,0.376109,3.315902,0.116606
FlexTDOA,1785765640.575245,0.186555,3.343373,0.208314
FlexTDOA,1785765640.575292,0.291467,3.339259,0.125080
FlexTDOA,1785765640.580438,0.356346,3.321902,0.112134
FlexTDOA,1785765640.775868,0.333314,3.434076,0.041554
FlexTDOA,1785765640.775915,0.354754,3.394177,0.043268
FlexTDOA,1785765640.829918,0.292326,3.265366,0.186394
FlexTDOA,1785765640.983736,0.266039,3.436583,0.108876
FlexTDOA,1785765640.984413,0.361003,3.387482,0.047097
FlexTDOA,1785765640.984503,0.333695,3.386424,0.061773
FlexTDOA,1785765641.027685,0.250436,3.373814,0.137551
FlexTDOA,1785765641.027727,0.440892,3.410905,0.069494
FlexTDOA,1785765641.072306,0.499329,3.248084,0.222503
FlexTDOA,1785765641.128911,0.326739,3.271419,0.168111
FlexTDOA,1785765641.178340,0.320949,3.334136,0.112160
FlexTDOA,1785765641.327627,0.347461,3.460675,0.039285
FlexTDOA,1785765641.496070,0.394832,3.448707,0.025737
FlexTDOA,1785765641.543461,0.365629,3.394504,0.039098
FlexTDOA,1785765641.642972,0.381812,3.296874,0.135807
FlexTDOA,1785765641.689397,0.352993,3.304176,0.130171
FlexTDOA,1785765641.689462,0.252435,3.467087,0.127196
FlexTDOA,1785765641.787787,0.316667,3.354638,0.097194
FlexTDOA,1785765641.896535,0.320930,3.275694,0.165815
FlexTDOA,1785765641.962827,0.298719,3.516812,0.113589
FlexTDOA,1785765642.060074,0.399097,3.283884,0.150584
FlexTDOA,1785765642.060121,0.403754,3.521723,0.093791
FlexTDOA,1785765642.217211,0.389230,3.281843,0.151344
FlexTDOA,1785765642.364382,0.365371,3.376812,0.056488
FlexTDOA,1785765642.409936,0.416521,3.462362,0.051274
FlexTDOA,1785765642.456223,0.254530,3.333171,0.156015
FlexTDOA,1785765642.632920,0.365726,3.268241,0.164513
FlexTDOA,1785765642.633577,0.289414,3.387436,0.096583
FlexTDOA,1785765642.727746,0.234601,3.319993,0.179791
FlexTDOA,1785765642.877901,0.477777,3.278268,0.185430
FlexTDOA,1785765642.924803,0.422707,3.412745,0.051785
FlexTDOA,1785765642.924840,0.362105,3.196712,0.236133
FlexTDOA,1785765643.087780,0.357448,3.395992,0.040440
FlexTDOA,1785765643.088199,0.445447,3.429621,0.070667
FlexTDOA,1785765643.088243,0.277348,3.278643,0.182145
FlexTDOA,1785765643.196810,0.316133,3.497328,0.087458
FlexTDOA,1785765643.303860,0.315495,3.303045,0.142410
FlexTDOA,1785765643.372304,0.278678,3.393625,0.103722
FlexTDOA,1785765643.439008,0.320137,3.237860,0.202182
FlexTDOA,1785765643.484014,0.424305,3.387721,0.066725
FlexTDOA,1785765643.584418,0.339818,3.279118,0.157331
FlexTDOA,1785765643.786925,0.293460,3.410464,0.084310
FlexTDOA,1785765643.787045,0.380669,3.267132,0.165472
FlexTDOA,1785765643.787097,0.389994,3.427881,0.015844
FlexTDOA,1785765643.788643,0.441754,3.430362,0.066949
FlexTDOA,1785765643.838428,0.242807,3.364119,0.148690
FlexTDOA,1785765644.068973,0.400047,3.328106,0.107396
FlexTDOA,1785765644.122941,0.341021,3.234571,0.200799
FlexTDOA,1785765644.327126,0.275733,3.214649,0.239336
FlexTDOA,1785765644.374330,0.299896,3.427168,0.075132
FlexTDOA,1785765644.608409,0.385623,3.424367,0.013508
FlexTDOA,1785765644.608604,0.343415,3.480821,0.057639
FlexTDOA,1785765644.762876,0.218753,3.518104,0.178018
FlexTDOA,1785765644.762921,0.414302,3.284164,0.153497
FlexTDOA,1785765644.766862,0.357909,3.372231,0.062603
FlexTDOA,1785765644.809592,0.385424,3.360860,0.072419
FlexTDOA,1785765644.809644,0.457182,3.324425,0.135872
FlexTDOA,1785765644.914872,0.394394,3.351992,0.082850
FlexTDOA,1785765644.924732,0.324259,3.527653,0.107759
FlexTDOA,1785765644.962969,0.383109,3.220978,0.211685
FlexTDOA,1785765645.008887,0.292738,3.390842,0.092065
FlexTDOA,1785765645.069080,0.337894,3.328151,0.110698
FlexTDOA,1785765645.230840,0.314675,3.211870,0.228688
FlexTDOA,1785765645.382045,0.417379,3.386150,0.062914
FlexTDOA,1785765645.382162,0.206325,3.335363,0.194506
FlexTDOA,1785765645.382374,0.390445,3.400451,0.035648
FlexTDOA,1785765645.382446,0.416949,3.397076,0.055030
FlexTDOA,1785765645.462751,0.467052,3.385251,0.103614
FlexTDOA,1785765645.556582,0.370143,3.252988,0.179574
FlexTDOA,1785765645.622781,0.392317,3.324670,0.109239
FlexTDOA,1785765645.647947,0.323309,3.370001,0.081004
FlexTDOA,1785765645.657251,0.472293,3.277990,0.182678
FlexTDOA,1785765645.709506,0.321126,3.264072,0.176787
FlexTDOA,1785765645.759447,0.246932,3.331769,0.162810
FlexTDOA,1785765645.808658,0.523889,3.413779,0.150222
FlexTDOA,1785765645.856830,0.398880,3.243894,0.190134
FlexTDOA,1785765646.055163,0.445549,3.214649,0.229041
FlexTDOA,1785765646.055759,0.340934,3.458767,0.042888
FlexTDOA,1785765646.132496,0.340037,3.271282,0.164933
FlexTDOA,1785765646.133895,0.268308,3.279597,0.186356
FlexTDOA,1785765646.133964,0.533394,3.302897,0.204786
FlexTDOA,1785765646.182428,0.355807,3.387171,0.049163
FlexTDOA,1785765646.182473,0.314388,3.284955,0.159450
FlexTDOA,1785765646.280451,0.424773,3.362948,0.085622
FlexTDOA,1785765646.391771,0.382113,3.389192,0.043916
FlexTDOA,1785765646.392200,0.369426,3.361839,0.070869
FlexTDOA,1785765646.400231,0.348487,3.271032,0.163605
FlexTDOA,1785765646.465657,0.451522,3.318865,0.137090
FlexTDOA,1785765646.466789,0.365238,3.379330,0.054031
FlexTDOA,1785765646.506634,0.311821,3.257410,0.186087
FlexTDOA,1785765646.506702,0.321108,3.259333,0.181313
FlexTDOA,1785765646.506770,0.406260,3.512486,0.085935
FlexTDOA,1785765646.509612,0.335049,3.349273,0.092251
FlexTDOA,1785765646.602035,0.430413,3.181540,0.257041
FlexTDOA,1785765646.650427,0.393298,3.291453,0.142251
FlexTDOA,1785765646.742435,0.431356,3.544625,0.125563
FlexTDOA,1785765646.896357,0.398030,3.429939,0.023332
FlexTDOA,1785765646.942239,0.288210,3.303308,0.155549
FlexTDOA,1785765646.942704,0.398645,3.356170,0.079958
FlexTDOA,1785765646.942742,0.422363,3.296658,0.143917
FlexTDOA,1785765646.995370,0.509880,3.300937,0.188535
FlexTDOA,1785765647.096477,0.416062,3.379385,0.067237
FlexTDOA,1785765647.140064,0.241232,3.347518,0.158344
FlexTDOA,1785765647.299378,0.380403,3.328923,0.103728
FlexTDOA,1785765647.299823,0.427333,3.397866,0.062891
FlexTDOA,1785765647.345266,0.416050,3.151675,0.283834
FlexTDOA,1785765647.526207,0.427474,3.296982,0.145382
FlexTDOA,1785765647.526251,0.314599,3.316136,0.131033
FlexTDOA,1785765647.580979,0.467954,3.363713,0.115768
FlexTDOA,1785765647.630058,0.236506,3.315502,0.181176
FlexTDOA,1785765647.630103,0.292556,3.433502,0.082289
FlexTDOA,1785765647.630146,0.424708,3.413498,0.053368
FlexTDOA,1785765647.733103,0.297843,3.490668,0.096497
FlexTDOA,1785765647.877022,0.386066,3.423118,0.014632
FlexTDOA,1785765647.984476,0.300499,3.397999,0.081956
FlexTDOA,1785765648.039192,0.241701,3.370962,0.146673
FlexTDOA,1785765648.039536,0.296214,3.169923,0.274097
FlexTDOA,1785765648.039961,0.301033,3.316146,0.137789
FlexTDOA,1785765648.088563,0.308345,3.425891,0.066822
FlexTDOA,1785765648.088811,0.275543,3.369490,0.117601
FlexTDOA,1785765648.089246,0.381817,3.369849,0.063040
FlexTDOA,1785765648.089299,0.126814,3.158541,0.369554
FlexTDOA,1785765648.096316,0.440687,3.301394,0.146715
FlexTDOA,1785765648.151213,0.369471,3.461668,0.029657
FlexTDOA,1785765648.151437,0.276015,3.341421,0.134394
FlexTDOA,1785765648.165504,0.326817,3.397417,0.059473
FlexTDOA,1785765648.311216,0.365899,3.318114,0.114736
FlexTDOA,1785765648.364644,0.374664,3.221998,0.210504
FlexTDOA,1785765648.440045,0.349130,3.510353,0.081987
FlexTDOA,1785765648.496800,0.337241,3.472412,0.054831
FlexTDOA,1785765648.542041,0.471423,3.352316,0.125532
FlexTDOA,1785765648.590432,0.327299,3.237089,0.201112
FlexTDOA,1785765648.642845,0.322353,3.437040,0.052682
FlexTDOA,1785765648.643008,0.438888,3.465548,0.072072
FlexTDOA,1785765648.848767,0.239962,3.015467,0.438303
FlexTDOA,1785765649.109627,0.287143,3.299402,0.159393
FlexTDOA,1785765649.247682,0.428944,3.340638,0.106613
FlexTDOA,1785765649.368071,0.313367,3.500337,0.091544
FlexTDOA,1785765649.368128,0.394162,3.345246,0.089369
FlexTDOA,1785765649.369027,0.357005,3.219727,0.213521
FlexTDOA,1785765649.369075,0.303953,3.395328,0.080041
FlexTDOA,1785765649.412875,0.398603,3.393798,0.045417
FlexTDOA,1785765649.462845,0.382911,3.405255,0.028417
FlexTDOA,1785765649.526032,0.345054,3.541515,0.113009
FlexTDOA,1785765649.577875,0.273475,3.308766,0.159954
FlexTDOA,1785765649.626486,0.338192,3.339619,0.099850
FlexTDOA,1785765649.809721,0.307832,3.267867,0.177748
FlexTDOA,1785765649.809875,0.374055,3.239047,0.193456
FlexTDOA,1785765649.860943,0.271332,3.317958,0.154382
FlexTDOA,1785765649.860983,0.298951,3.409288,0.079359
FlexTDOA,1785765650.055161,0.354422,3.469751,0.042478
FlexTDOA,1785765650.055584,0.466923,3.347984,0.124991
FlexTDOA,1785765650.105459,0.241939,3.484789,0.142815
FlexTDOA,1785765650.106277,0.368154,3.256353,0.176275
FlexTDOA,1785765650.167119,0.386496,3.309650,0.123403
FlexTDOA,1785765650.217299,0.304625,3.246743,0.198585
FlexTDOA,1785765650.252080,0.403759,3.336108,0.100638
FlexTDOA,1785765650.262766,0.418096,3.234156,0.203008
FlexTDOA,1785765650.284774,0.369924,3.368174,0.064515
FlexTDOA,1785765650.295459,0.381933,3.224351,0.208272
FlexTDOA,1785765650.423122,0.438113,3.350831,0.103314
FlexTDOA,1785765650.424661,0.313731,3.458818,0.066533
FlexTDOA,1785765650.534213,0.303971,3.323147,0.130309
FlexTDOA,1785765650.619543,0.413808,3.362135,0.080436
FlexTDOA,1785765650.632702,0.322468,3.357549,0.091436
FlexTDOA,1785765650.689924,0.406329,3.381726,0.059747
FlexTDOA,1785765650.724329,0.282867,3.091595,0.353095
FlexTDOA,1785765650.725150,0.402084,3.340689,0.095770
FlexTDOA,1785765650.823936,0.328464,3.267884,0.171025
FlexTDOA,1785765650.963770,0.286940,3.336116,0.130447
FlexTDOA,1785765651.014184,0.386397,3.239181,0.193666
FlexTDOA,1785765651.021667,0.344913,3.351597,0.086261
FlexTDOA,1785765651.067235,0.353363,3.278125,0.155863
FlexTDOA,1785765651.377847,0.458797,3.228028,0.221039
FlexTDOA,1785765651.378685,0.263451,3.310529,0.165180
FlexTDOA,1785765651.515744,0.483631,3.442969,0.109295
FlexTDOA,1785765651.545637,0.307421,3.260328,0.184902
FlexTDOA,1785765651.547960,0.284490,3.414327,0.092158
FlexTDOA,1785765651.548712,0.468182,3.439285,0.093590
FlexTDOA,1785765651.549157,0.333384,3.396558,0.054867
FlexTDOA,1785765651.561763,0.305822,3.381005,0.086111
FlexTDOA,1785765651.627813,0.355094,3.430692,0.019827
FlexTDOA,1785765651.692710,0.430017,3.284429,0.158019
FlexTDOA,1785765651.755202,0.324689,3.335455,0.109238
FlexTDOA,1785765651.811414,0.418170,3.405829,0.050882
FlexTDOA,1785765652.122957,0.409423,3.388500,0.055966
FlexTDOA,1785765652.123297,0.244319,3.419531,0.131162
FlexTDOA,1785765652.211916,0.444388,3.436248,0.069650
FlexTDOA,1785765652.212635,0.324185,3.233823,0.205034
FlexTDOA,1785765652.265082,0.265420,3.445867,0.110232
FlexTDOA,1785765652.265702,0.424568,3.508382,0.090724
FlexTDOA,1785765652.340765,0.405080,3.458427,0.039833
FlexTDOA,1785765652.341558,0.360571,3.415548,0.022158
FlexTDOA,1785765652.341596,0.366735,3.246658,0.186021
FlexTDOA,1785765652.341633,0.271729,3.491758,0.118924
FlexTDOA,1785765652.389627,0.198106,3.142144,0.339915
FlexTDOA,1785765652.415555,0.447839,3.340219,0.117666
FlexTDOA,1785765652.458913,0.246894,3.416171,0.128982
FlexTDOA,1785765652.595853,0.222362,3.506549,0.169506
FlexTDOA,1785765652.649789,0.337975,3.423192,0.038021
FlexTDOA,1785765652.649823,0.457708,3.324895,0.135817
FlexTDOA,1785765652.649917,0.392461,3.534005,0.103022
FlexTDOA,1785765652.711129,0.376539,3.398271,0.034273
FlexTDOA,1785765652.974782,0.439420,3.359458,0.097499
FlexTDOA,1785765653.037046,0.415233,3.175096,0.260556
FlexTDOA,1785765653.188859,0.353249,3.378860,0.057823
FlexTDOA,1785765653.189295,0.257099,3.254118,0.213736
FlexTDOA,1785765653.292477,0.309830,3.318605,0.131143
FlexTDOA,1785765653.292520,0.325665,3.168237,0.268800
FlexTDOA,1785765653.348746,0.308197,3.336058,0.117228
FlexTDOA,1785765653.387879,0.351087,3.293515,0.141001
FlexTDOA,1785765653.387932,0.312213,3.322802,0.126317
FlexTDOA,1785765653.467780,0.353942,3.255624,0.178108
FlexTDOA,1785765653.567225,0.355260,3.391063,0.045831
FlexTDOA,1785765653.659966,0.457261,3.432964,0.082424
FlexTDOA,1785765653.737482,0.446914,3.284093,0.164985
FlexTDOA,1785765653.784498,0.286005,3.529885,0.131814
FlexTDOA,1785765653.881426,0.418794,3.183098,0.253248
FlexTDOA,1785765654.046173,0.354660,3.234169,0.199356
FlexTDOA,1785765654.058401,0.333237,3.368293,0.076507
FlexTDOA,1785765654.099146,0.394260,3.427031,0.020177
FlexTDOA,1785765654.149653,0.299591,3.314136,0.140259
FlexTDOA,1785765654.345840,0.326933,3.433801,0.047923
FlexTDOA,1785765654.396764,0.281186,3.357838,0.119772
FlexTDOA,1785765654.495133,0.494830,3.362906,0.138714
FlexTDOA,1785765654.532956,0.377697,3.534078,0.101617
FlexTDOA,1785765654.533000,0.360953,3.393606,0.041300
FlexTDOA,1785765654.584898,0.394997,3.304242,0.129834
FlexTDOA,1785765654.636216,0.282745,3.359227,0.117687
FlexTDOA,1785765654.637718,0.367442,3.265299,0.167366
FlexTDOA,1785765654.687133,0.474061,3.357312,0.124493
FlexTDOA,1785765654.781075,0.290411,3.275151,0.178570
FlexTDOA,1785765654.888108,0.432230,3.239993,0.200881
FlexTDOA,1785765654.982213,0.334334,3.317950,0.121501
FlexTDOA,1785765654.982269,0.485771,3.344544,0.141572
FlexTDOA,1785765654.982312,0.394708,3.441289,0.021726
FlexTDOA,1785765654.982357,0.423506,3.319208,0.123305
FlexTDOA,1785765655.039169,0.445615,3.198799,0.244185
FlexTDOA,1785765655.039210,0.323404,3.303942,0.138467
FlexTDOA,1785765655.132496,0.385323,3.317339,0.115638
FlexTDOA,1785765655.185503,0.344127,3.504150,0.077954
FlexTDOA,1785765655.185713,0.346544,3.493133,0.066908
FlexTDOA,1785765655.186331,0.277063,3.360535,0.121405
FlexTDOA,1785765655.231767,0.405873,3.452591,0.036970
FlexTDOA,1785765655.288683,0.427903,3.390613,0.067606
FlexTDOA,1785765655.288741,0.560203,3.381708,0.192198
FlexTDOA,1785765655.336033,0.296844,3.322439,0.134896
FlexTDOA,1785765655.384364,0.434491,3.247391,0.194485
FlexTDOA,1785765655.437284,0.301065,3.331891,0.124760
FlexTDOA,1785765655.468000,0.284471,3.308513,0.153425
FlexTDOA,1785765655.513513,0.408535,3.293402,0.143122
FlexTDOA,1785765655.672892,0.272535,3.274181,0.188498
FlexTDOA,1785765655.673399,0.416511,3.361226,0.082564
FlexTDOA,1785765655.673446,0.423833,3.481917,0.069587
FlexTDOA,1785765655.723645,0.496702,3.309569,0.173099
FlexTDOA,1785765655.862683,0.278696,3.303604,0.160804
FlexTDOA,1785765655.909619,0.386659,3.222306,0.210527
FlexTDOA,1785765655.963372,0.474529,3.366738,0.119428
FlexTDOA,1785765656.011678,0.435530,3.488400,0.082511
FlexTDOA,1785765656.058504,0.361634,3.363111,0.070635
FlexTDOA,1785765656.111683,0.513270,3.402998,0.141541
FlexTDOA,1785765656.158217,0.312387,3.291885,0.153861
FlexTDOA,1785765656.208640,0.330519,3.473342,0.060268
FlexTDOA,1785765656.306877,0.434146,3.356544,0.096368
FlexTDOA,1785765656.359839,0.540609,3.281149,0.224472
FlexTDOA,1785765656.359880,0.295099,3.367587,0.102822
FlexTDOA,1785765656.416290,0.235541,3.411773,0.140832
FlexTDOA,1785765656.440923,0.348606,3.325644,0.110030
FlexTDOA,1785765656.541650,0.266237,3.448778,0.109815
FlexTDOA,1785765656.613701,0.236340,3.418316,0.139223
FlexTDOA,1785765656.649805,0.327087,3.371473,0.077490
FlexTDOA,1785765656.851712,0.373081,3.450715,0.018298
FlexTDOA,1785765656.904313,0.363193,3.335991,0.097211
FlexTDOA,1785765656.957937,0.389182,3.349700,0.084034
FlexTDOA,1785765657.249791,0.294874,3.307025,0.148791
FlexTDOA,1785765657.444625,0.269507,3.273322,0.190874
FlexTDOA,1785765657.445642,0.426632,3.271473,0.169153
FlexTDOA,1785765657.512168,0.376804,3.250216,0.182296
FlexTDOA,1785765657.514999,0.276245,3.271399,0.188877
FlexTDOA,1785765657.551002,0.399114,3.360621,0.075869
FlexTDOA,1785765657.614986,0.325209,3.251632,0.187555
FlexTDOA,1785765657.653486,0.431525,3.477255,0.072224
FlexTDOA,1785765657.653700,0.377248,3.413441,0.019213
FlexTDOA,1785765657.806692,0.393762,3.315111,0.118906
FlexTDOA,1785765657.807887,0.425702,3.345695,0.100611
FlexTDOA,1785765657.916339,0.373834,3.357846,0.074663
FlexTDOA,1785765657.916390,0.362089,3.349178,0.084293
FlexTDOA,1785765658.011359,0.395104,3.500496,0.070950
FlexTDOA,1785765658.116619,0.469035,3.389713,0.103459
FlexTDOA,1785765658.165883,0.375376,3.215373,0.217129
FlexTDOA,1785765658.165931,0.291616,3.407054,0.087026
FlexTDOA,1785765658.166928,0.266831,3.450781,0.109543
FlexTDOA,1785765658.168256,0.289861,3.351304,0.117534
FlexTDOA,1785765658.260076,0.269573,3.264798,0.198003
FlexTDOA,1785765658.273094,0.545989,3.491736,0.181111
FlexTDOA,1785765658.370447,0.389432,3.283010,0.150202
FlexTDOA,1785765658.418915,0.455299,3.267861,0.183249
FlexTDOA,1785765658.531760,0.386799,3.452286,0.023118
FlexTDOA,1785765658.531813,0.307897,3.289197,0.158168
FlexTDOA,1785765658.533993,0.253436,3.493078,0.135676
FlexTDOA,1785765658.581015,0.305861,3.364510,0.096854
FlexTDOA,1785765658.581089,0.433340,3.235347,0.205651
FlexTDOA,1785765658.588765,0.292603,3.472160,0.091299
FlexTDOA,1785765658.631450,0.445674,3.353336,0.106230
FlexTDOA,1785765658.683017,0.248018,3.368911,0.141870
FlexTDOA,1785765658.684014,0.291380,3.323583,0.137217
FlexTDOA,1785765658.943051,0.194993,3.392948,0.184144
FlexTDOA,1785765658.957503,0.380700,3.306370,0.126267
FlexTDOA,1785765659.089843,0.376842,3.252410,0.180102
FlexTDOA,1785765659.090103,0.266085,3.314847,0.160218
FlexTDOA,1785765659.141882,0.371102,3.297380,0.135173
FlexTDOA,1785765659.141926,0.371987,3.407060,0.025600
FlexTDOA,1785765659.242400,0.406322,3.337424,0.100155
FlexTDOA,1785765659.294084,0.352098,3.384325,0.053274
FlexTDOA,1785765659.348808,0.254697,3.265014,0.206121
FlexTDOA,1785765659.400036,0.300153,3.368641,0.098265
FlexTDOA,1785765659.400112,0.349645,3.354572,0.081901
FlexTDOA,1785765659.525857,0.309797,3.232822,0.210006
FlexTDOA,1785765659.576710,0.305786,3.296182,0.152811
FlexTDOA,1785765659.623593,0.261005,3.267634,0.200348
FlexTDOA,1785765659.714301,0.278675,3.252628,0.203966
FlexTDOA,1785765659.862452,0.344793,3.457918,0.039354
FlexTDOA,1785765659.862639,0.290144,3.370704,0.104843
FlexTDOA,1785765659.862639,0.458457,3.366601,0.106465
FlexTDOA,1785765659.862804,0.319863,3.232994,0.206944
FlexTDOA,1785765659.862804,0.411703,3.517983,0.093092
FlexTDOA,1785765659.862956,0.356259,3.414220,0.026066
FlexTDOA,1785765659.862956,0.480053,3.388996,0.113855
FlexTDOA,1785765659.977698,0.483025,3.310153,0.163320
FlexTDOA,1785765660.080323,0.368785,3.266561,0.166051
FlexTDOA,1785765660.135292,0.397291,3.432112,0.022456
FlexTDOA,1785765660.135359,0.349815,3.416943,0.029467
FlexTDOA,1785765660.136275,0.288315,3.397252,0.093428
FlexTDOA,1785765660.193290,0.329001,3.297100,0.142950
FlexTDOA,1785765660.294967,0.252651,3.269509,0.203707
FlexTDOA,1785765660.295040,0.451840,3.318632,0.137461
FlexTDOA,1785765660.450733,0.450136,3.338350,0.120558
FlexTDOA,1785765660.624926,0.441291,3.537028,0.123862
FlexTDOA,1785765660.832315,0.370223,3.284036,0.148538
FlexTDOA,1785765661.038013,0.395515,3.424993,0.021997
FlexTDOA,1785765661.145045,0.160854,3.339442,0.233344
FlexTDOA,1785765661.243337,0.339236,3.395185,0.051575
FlexTDOA,1785765661.291514,0.329584,3.386951,0.064209
FlexTDOA,1785765661.343258,0.313898,3.381754,0.079304
FlexTDOA,1785765661.390127,0.259726,3.338288,0.148752
FlexTDOA,1785765661.439894,0.283707,3.377357,0.106517
FlexTDOA,1785765661.439938,0.387445,3.372947,0.060874
FlexTDOA,1785765661.559475,0.394486,3.288921,0.144919
FlexTDOA,1785765661.655071,0.352716,3.295901,0.138380
FlexTDOA,1785765661.655119,0.383860,3.322629,0.110242
FlexTDOA,1785765661.753062,0.389216,3.435973,0.014790
FlexTDOA,1785765661.755286,0.365830,3.334487,0.098428
FlexTDOA,1785765661.808951,0.441473,3.233544,0.209819
FlexTDOA,1785765661.957863,0.384311,3.369338,0.063870
FlexTDOA,1785765662.071525,0.336777,3.206977,0.228714
FlexTDOA,1785765662.210521,0.263671,3.407569,0.113929
FlexTDOA,1785765662.415576,0.481251,3.373925,0.121470
FlexTDOA,1785765662.418171,0.374433,3.424903,0.007609
FlexTDOA,1785765662.486018,0.301531,3.217786,0.226885
FlexTDOA,1785765662.598389,0.390914,3.371265,0.063311
FlexTDOA,1785765662.598433,0.369750,3.349100,0.083557
FlexTDOA,1785765662.749366,0.410955,3.286049,0.150840
FlexTDOA,1785765662.796734,0.370504,3.333033,0.099563
FlexTDOA,1785765662.961524,0.399759,3.377002,0.060838
FlexTDOA,1785765663.020850,0.412739,3.354622,0.086612
FlexTDOA,1785765663.044672,0.423247,3.262074,0.177170
FlexTDOA,1785765663.075173,0.276290,3.373467,0.114878
FlexTDOA,1785765663.119072,0.291786,3.282101,0.171808
FlexTDOA,1785765663.171108,0.458149,3.418456,0.084486
FlexTDOA,1785765663.274149,0.495657,3.322921,0.163110
FlexTDOA,1785765663.310362,0.240393,3.526953,0.164306
FlexTDOA,1785765663.494796,0.353983,3.340695,0.094145
FlexTDOA,1785765663.537204,0.243525,3.349229,0.155491
FlexTDOA,1785765663.679584,0.405268,3.509156,0.082473
FlexTDOA,1785765663.775554,0.371467,3.421187,0.011806
FlexTDOA,1785765663.972035,0.305644,3.379603,0.087098
FlexTDOA,1785765664.093634,0.276749,3.414120,0.099797
FlexTDOA,1785765664.131339,0.508081,3.491234,0.145613
FlexTDOA,1785765664.152420,0.358571,3.376459,0.058355
FlexTDOA,1785765664.219033,0.234676,3.549057,0.182293
FlexTDOA,1785765664.219398,0.418841,3.299466,0.140124
FlexTDOA,1785765664.278224,0.415575,3.348803,0.093085
FlexTDOA,1785765664.342227,0.418137,3.428227,0.043509
FlexTDOA,1785765664.342288,0.373646,3.383642,0.048874
FlexTDOA,1785765664.342350,0.336628,3.292414,0.145205
FlexTDOA,1785765664.391943,0.405689,3.327293,0.109639
FlexTDOA,1785765664.433663,0.264561,3.392234,0.117400
FlexTDOA,1785765664.485411,0.319626,3.379785,0.076338
FlexTDOA,1785765664.539287,0.305400,3.416493,0.071260
FlexTDOA,1785765664.595819,0.407699,3.409316,0.040217
FlexTDOA,1785765664.655516,0.484830,3.349435,0.137834
FlexTDOA,1785765664.655551,0.241403,3.341154,0.161708
FlexTDOA,1785765664.708709,0.328565,3.270437,0.168542
FlexTDOA,1785765664.806941,0.269977,3.355582,0.130048
FlexTDOA,1785765665.015145,0.566425,3.373851,0.200362
FlexTDOA,1785765665.127400,0.460340,3.483380,0.099495
FlexTDOA,1785765665.178248,0.354841,3.279203,0.154598
FlexTDOA,1785765665.228055,0.424795,3.352353,0.094443
FlexTDOA,1785765665.281283,0.404905,3.312715,0.123502
FlexTDOA,1785765665.281327,0.296589,3.325233,0.132776
FlexTDOA,1785765665.450013,0.429823,3.306811,0.137191
FlexTDOA,1785765665.523553,0.484464,3.243061,0.218874
FlexTDOA,1785765665.627836,0.535754,3.262655,0.233970
FlexTDOA,1785765665.679537,0.351565,3.328984,0.106102
FlexTDOA,1785765665.827083,0.333320,3.261930,0.175551
FlexTDOA,1785765665.827130,0.302530,3.426101,0.072592
FlexTDOA,1785765666.074091,0.367929,3.205820,0.226787
FlexTDOA,1785765666.074636,0.403604,3.151514,0.282456
FlexTDOA,1785765666.133989,0.212813,3.385082,0.168822
FlexTDOA,1785765666.238450,0.502167,3.322108,0.168521
FlexTDOA,1785765666.238496,0.248276,3.289514,0.190954
FlexTDOA,1785765666.340718,0.391245,3.348128,0.085954
FlexTDOA,1785765666.391638,0.428831,3.462869,0.061947
FlexTDOA,1785765666.392146,0.331719,3.335734,0.105940
FlexTDOA,1785765666.408914,0.382634,3.363268,0.069671
FlexTDOA,1785765666.510097,0.397571,3.444523,0.025716
FlexTDOA,1785765666.557729,0.364786,3.251192,0.181588
FlexTDOA,1785765666.610862,0.361516,3.286045,0.147061
FlexTDOA,1785765666.708431,0.298826,3.373637,0.096140
FlexTDOA,1785765666.752056,0.464921,3.332199,0.134816
FlexTDOA,1785765666.752090,0.253481,3.351780,0.145751
FlexTDOA,1785765666.847139,0.316959,3.290878,0.152995
FlexTDOA,1785765666.849941,0.235894,3.306098,0.187839
FlexTDOA,1785765666.894307,0.270128,3.313040,0.158857
FlexTDOA,1785765666.894366,0.441780,3.360055,0.098639
FlexTDOA,1785765666.942061,0.327638,3.364891,0.082456
FlexTDOA,1785765667.009352,0.311699,3.299174,0.147523
FlexTDOA,1785765667.149439,0.309990,3.266497,0.178221
FlexTDOA,1785765667.149610,0.233900,3.437703,0.141034
FlexTDOA,1785765667.198570,0.432160,3.283739,0.159425
FlexTDOA,1785765667.198611,0.278061,3.262255,0.195831
FlexTDOA,1785765667.244637,0.502401,3.402873,0.130958
FlexTDOA,1785765667.295485,0.376997,3.295270,0.137249
FlexTDOA,1785765667.295818,0.293450,3.368283,0.103673
FlexTDOA,1785765667.341145,0.434305,3.315817,0.130964
FlexTDOA,1785765667.341185,0.512760,3.224511,0.249564
FlexTDOA,1785765667.390951,0.368548,3.268726,0.163896
FlexTDOA,1785765667.517432,0.414328,3.399010,0.051779
FlexTDOA,1785765667.517466,0.466954,3.376449,0.107829
FlexTDOA,1785765667.656633,0.336262,3.394389,0.054229
FlexTDOA,1785765667.659883,0.462212,3.282477,0.173613
FlexTDOA,1785765667.752222,0.365659,3.313581,0.119274
FlexTDOA,1785765668.122162,0.266926,3.410513,0.110129
FlexTDOA,1785765668.122285,0.397852,3.346604,0.088927
FlexTDOA,1785765668.122393,0.333545,3.357295,0.085797
FlexTDOA,1785765668.238143,0.412905,3.253005,0.183488
FlexTDOA,1785765668.297024,0.406682,3.297529,0.138678
FlexTDOA,1785765668.334267,0.341957,3.278418,0.157553
FlexTDOA,1785765668.334332,0.267758,3.348967,0.135810
FlexTDOA,1785765668.335958,0.322676,3.327631,0.117127
FlexTDOA,1785765668.393228,0.297806,3.404415,0.081993
FlexTDOA,1785765668.455703,0.310970,3.404170,0.069871
FlexTDOA,1785765668.534834,0.428851,3.366390,0.085370
FlexTDOA,1785765668.581706,0.474160,3.409079,0.102046
FlexTDOA,1785765668.621881,0.385513,3.308701,0.124260
FlexTDOA,1785765668.624804,0.408181,3.460508,0.043544
FlexTDOA,1785765668.673194,0.397038,3.269363,0.164642
FlexTDOA,1785765668.673518,0.305981,3.274041,0.172775
FlexTDOA,1785765668.675768,0.303440,3.283552,0.165178
FlexTDOA,1785765668.914707,0.411160,3.484953,0.063800
FlexTDOA,1785765669.046710,0.330261,3.532491,0.109476
FlexTDOA,1785765669.227889,0.390667,3.331437,0.102297
FlexTDOA,1785765669.288079,0.303860,3.383441,0.086284
FlexTDOA,1785765669.371004,0.420990,3.286028,0.153573
FlexTDOA,1785765669.588578,0.401531,3.050703,0.382731
FlexTDOA,1785765669.637829,0.418457,3.449984,0.046991
FlexTDOA,1785765669.648497,0.297709,3.217330,0.228578
FlexTDOA,1785765669.685258,0.507166,3.429026,0.132374
FlexTDOA,1785765669.734140,0.311063,3.405649,0.069198
FlexTDOA,1785765669.884584,0.274041,3.410032,0.103271
FlexTDOA,1785765669.885219,0.338871,3.338330,0.100806
FlexTDOA,1785765669.932373,0.480000,3.422447,0.105641
FlexTDOA,1785765669.981351,0.440450,3.423188,0.066269
FlexTDOA,1785765670.186790,0.367128,3.370675,0.062305
FlexTDOA,1785765670.187128,0.297388,3.297370,0.155753
FlexTDOA,1785765670.187128,0.412816,3.414554,0.042004
FlexTDOA,1785765670.187128,0.480846,3.205778,0.250282
FlexTDOA,1785765670.187377,0.335656,3.294385,0.143567
FlexTDOA,1785765670.187377,0.352531,3.440707,0.023769
FlexTDOA,1785765670.187377,0.468131,3.423516,0.093724
FlexTDOA,1785765670.187856,0.311589,3.411589,0.066617
FlexTDOA,1785765670.187900,0.376506,3.445485,0.013090
FlexTDOA,1785765670.187936,0.387090,3.391473,0.042819
FlexTDOA,1785765670.295577,0.468832,3.316270,0.149481
FlexTDOA,1785765670.348275,0.186039,3.154605,0.335964
FlexTDOA,1785765670.526965,0.414688,3.317191,0.122002
FlexTDOA,1785765670.619653,0.318707,3.406851,0.061715
FlexTDOA,1785765670.673754,0.491478,3.341739,0.147792
FlexTDOA,1785765670.673792,0.228563,3.502043,0.161965
FlexTDOA,1785765670.770677,0.468639,3.396821,0.100357
FlexTDOA,1785765670.770729,0.296259,3.442316,0.079190
FlexTDOA,1785765670.916952,0.429923,3.298111,0.145241
FlexTDOA,1785765670.963426,0.389311,3.340300,0.093330
FlexTDOA,1785765671.058586,0.251610,3.389564,0.130495
FlexTDOA,1785765671.120035,0.542549,3.343350,0.189934
FlexTDOA,1785765671.122511,0.355965,3.383842,0.052191
FlexTDOA,1785765671.164379,0.390082,3.369689,0.064636
FlexTDOA,1785765671.164424,0.302005,3.468252,0.081134
FlexTDOA,1785765671.213410,0.329411,3.315097,0.125887
FlexTDOA,1785765671.262309,0.301250,3.311866,0.141308
FlexTDOA,1785765671.311014,0.422623,3.491413,0.075854
FlexTDOA,1785765671.359468,0.299532,3.255505,0.192350
FlexTDOA,1785765671.457952,0.391560,3.345780,0.088319
FlexTDOA,1785765671.458015,0.285880,3.393879,0.096980
FlexTDOA,1785765671.639165,0.252247,3.319665,0.166616
FlexTDOA,1785765671.784666,0.315901,3.423074,0.059686
FlexTDOA,1785765671.937856,0.244449,3.368245,0.145362
FlexTDOA,1785765672.043036,0.296976,3.361039,0.105686
FlexTDOA,1785765672.093442,0.374435,3.313348,0.119154
FlexTDOA,1785765672.093746,0.421220,3.329385,0.113067
FlexTDOA,1785765672.116135,0.286691,3.263555,0.190560
FlexTDOA,1785765672.143292,0.262943,3.469453,0.117839
FlexTDOA,1785765672.305401,0.393015,3.527369,0.096593
FlexTDOA,1785765672.365204,0.238105,3.251250,0.227042
FlexTDOA,1785765672.418650,0.229187,3.254940,0.229657
FlexTDOA,1785765672.491612,0.363424,3.437333,0.012395
FlexTDOA,1785765672.661380,0.286509,3.150431,0.295577
FlexTDOA,1785765672.661380,0.300843,3.431610,0.074001
FlexTDOA,1785765672.813315,0.299633,3.328117,0.128655
FlexTDOA,1785765672.813419,0.391255,3.375345,0.059468
FlexTDOA,1785765672.859667,0.445318,3.400255,0.077507
FlexTDOA,1785765672.908632,0.198181,3.160743,0.324130
FlexTDOA,1785765672.958178,0.369245,3.367401,0.065340
FlexTDOA,1785765672.972541,0.359689,3.410774,0.026488
FlexTDOA,1785765673.118256,0.423354,3.342123,0.102577
FlexTDOA,1785765673.247306,0.464482,3.318037,0.145390
FlexTDOA,1785765673.285580,0.333193,3.502734,0.081652
FlexTDOA,1785765673.331835,0.293865,3.434834,0.081008
FlexTDOA,1785765673.377476,-0.027483,3.411052,0.402893
FlexTDOA,1785765673.694436,0.319330,3.293686,0.149503
FlexTDOA,1785765673.706820,0.432909,3.423102,0.058827
FlexTDOA,1785765673.743034,0.405353,3.398180,0.045925
FlexTDOA,1785765673.743246,0.310112,3.364310,0.094019
FlexTDOA,1785765673.797555,0.307387,3.363889,0.096215
FlexTDOA,1785765673.895964,0.400227,3.356825,0.079821
FlexTDOA,1785765673.945885,0.447595,3.294376,0.156116
FlexTDOA,1785765674.242626,0.435205,3.293147,0.151868
FlexTDOA,1785765674.244680,0.262844,3.371939,0.127321
FlexTDOA,1785765674.555829,0.290915,3.191127,0.255548
FlexTDOA,1785765674.607671,0.310669,3.104739,0.333985
FlexTDOA,1785765674.709355,0.434502,3.252980,0.189176
FlexTDOA,1785765674.849617,0.299544,3.375010,0.094734
FlexTDOA,1785765674.890791,0.349605,3.468084,0.043621
FlexTDOA,1785765674.894480,0.418379,3.315203,0.125119
FlexTDOA,1785765674.991117,0.518203,3.382773,0.151744
FlexTDOA,1785765675.129382,0.348072,3.277899,0.156902
FlexTDOA,1785765675.250761,0.307036,3.206610,0.235848
FlexTDOA,1785765675.256954,0.528713,3.573990,0.209037
FlexTDOA,1785765675.292761,0.470780,3.277039,0.182684
FlexTDOA,1785765675.292860,0.412757,3.441048,0.038870
FlexTDOA,1785765675.311354,0.400774,3.416198,0.030634
FlexTDOA,1785765675.358720,0.238614,3.294864,0.193653
FlexTDOA,1785765675.395906,0.389949,3.394111,0.041257
FlexTDOA,1785765675.442735,0.343145,3.449663,0.036042
FlexTDOA,1785765675.442883,0.239974,3.348374,0.158952
FlexTDOA,1785765675.655871,0.282668,3.475097,0.101537
FlexTDOA,1785765675.655922,0.337338,3.336778,0.102808
FlexTDOA,1785765675.655967,0.262962,3.393486,0.118484
FlexTDOA,1785765675.702096,0.387041,3.184393,0.248408
FlexTDOA,1785765675.751073,0.399755,3.373515,0.064033
FlexTDOA,1785765675.751693,0.387666,3.330465,0.102839
FlexTDOA,1785765675.799419,0.359964,3.320914,0.112575
FlexTDOA,1785765675.941931,0.415042,3.474527,0.058159
FlexTDOA,1785765676.037330,0.303419,3.512038,0.106896
FlexTDOA,1785765676.093422,0.437627,3.420058,0.064010
FlexTDOA,1785765676.200570,0.246365,3.472798,0.134644
FlexTDOA,1785765676.202914,0.360239,3.292062,0.141197
FlexTDOA,1785765676.294473,0.379431,3.642524,0.210073
FlexTDOA,1785765676.503092,0.323284,3.480524,0.070456
FlexTDOA,1785765676.503270,0.377433,3.298219,0.134308
FlexTDOA,1785765676.504319,0.448844,3.406435,0.078462
FlexTDOA,1785765676.504655,0.357298,3.380846,0.054553
FlexTDOA,1785765676.504709,0.329701,3.503227,0.083902
FlexTDOA,1785765676.531772,0.323062,3.370785,0.080559
FlexTDOA,1785765676.588601,0.415612,3.408007,0.047565
FlexTDOA,1785765676.629171,0.247010,3.428631,0.127887
FlexTDOA,1785765676.681382,0.309779,3.323317,0.127098
FlexTDOA,1785765676.681982,0.409685,3.311232,0.126177
FlexTDOA,1785765676.738042,0.405088,3.428835,0.030471
FlexTDOA,1785765676.743055,0.366088,3.216251,0.216427
FlexTDOA,1785765676.824459,0.328017,3.462311,0.055506
FlexTDOA,1785765677.047481,0.363928,3.450241,0.020826
FlexTDOA,1785765677.048617,0.273226,3.222908,0.232926
FlexTDOA,1785765677.115526,0.290138,3.311633,0.147592
FlexTDOA,1785765677.178372,0.386367,3.361606,0.071826
FlexTDOA,1785765677.178616,0.449293,3.263174,0.184974
FlexTDOA,1785765677.242303,0.313699,3.288368,0.156565
FlexTDOA,1785765677.303496,0.395958,3.425545,0.022236
FlexTDOA,1785765677.303556,0.330334,3.293383,0.146064
FlexTDOA,1785765677.363980,0.375432,3.355939,0.076565
FlexTDOA,1785765677.394246,0.381340,3.348550,0.084202
FlexTDOA,1785765677.395450,0.281035,3.299823,0.162489
FlexTDOA,1785765677.448057,0.398996,3.439884,0.025260
FlexTDOA,1785765677.466301,0.404263,3.437148,0.029789
FlexTDOA,1785765677.466301,0.411044,3.278061,0.158628
FlexTDOA,1785765677.518284,0.375364,3.365921,0.066582
FlexTDOA,1785765677.593735,0.471975,3.295952,0.167575
FlexTDOA,1785765677.593782,0.350487,3.578610,0.148124
FlexTDOA,1785765677.647723,0.308797,3.526218,0.114649
FlexTDOA,1785765677.647798,0.320932,3.286559,0.155580
FlexTDOA,1785765677.756977,0.431863,3.458774,0.062785
FlexTDOA,1785765677.758831,0.291786,3.269538,0.182907
FlexTDOA,1785765677.812385,0.246996,3.485550,0.138412
FlexTDOA,1785765677.813244,0.275121,3.396300,0.106086
FlexTDOA,1785765677.927557,0.313542,3.432896,0.061298
FlexTDOA,1785765677.927864,0.419272,3.333214,0.108777
FlexTDOA,1785765677.927909,0.424995,3.250499,0.188787
FlexTDOA,1785765677.984237,0.370832,3.405613,0.027185
FlexTDOA,1785765677.997626,0.434642,3.254239,0.188027
FlexTDOA,1785765678.104323,0.463428,3.520065,0.124561
FlexTDOA,1785765678.116894,0.296565,3.298062,0.155566
FlexTDOA,1785765678.165113,0.424042,3.263085,0.176417
FlexTDOA,1785765678.260645,0.309004,3.402059,0.072532
FlexTDOA,1785765678.262018,0.331032,3.372571,0.074234
FlexTDOA,1785765678.262075,0.391201,3.444870,0.020512
FlexTDOA,1785765678.262145,0.342000,3.345849,0.092666
FlexTDOA,1785765678.548248,0.342048,3.487847,0.064330
FlexTDOA,1785765678.548467,0.408629,3.433308,0.033800
FlexTDOA,1785765678.702091,0.335331,3.277544,0.159914
FlexTDOA,1785765678.702737,0.364781,3.301342,0.131545
FlexTDOA,1785765678.750164,0.381082,3.400431,0.032672
FlexTDOA,1785765678.960267,0.441293,3.340094,0.113821
FlexTDOA,1785765679.052330,0.490617,3.227564,0.235381
FlexTDOA,1785765679.101988,0.322774,3.386675,0.069359
FlexTDOA,1785765679.104163,0.335476,3.214915,0.221118
FlexTDOA,1785765679.188733,0.310073,3.399034,0.072902
FlexTDOA,1785765679.252903,0.381991,3.311184,0.121528
FlexTDOA,1785765679.406271,0.390696,3.418857,0.020920
FlexTDOA,1785765679.406325,0.409804,3.353673,0.086235
FlexTDOA,1785765679.463391,0.411830,3.396052,0.051932
FlexTDOA,1785765679.559565,0.255554,3.316702,0.166248
FlexTDOA,1785765679.625843,0.427073,3.409269,0.057168
FlexTDOA,1785765679.626293,0.231283,3.252129,0.230527
FlexTDOA,1785765679.743556,0.256350,3.302566,0.175849
FlexTDOA,1785765679.743556,0.315453,3.440227,0.059886
FlexTDOA,1785765679.743556,0.322708,3.327253,0.117451
FlexTDOA,1785765679.743556,0.343138,3.328974,0.108272
FlexTDOA,1785765679.743556,0.365663,3.226095,0.206610
FlexTDOA,1785765679.743556,0.423182,3.568832,0.144648
FlexTDOA,1785765679.795865,0.265154,3.214235,0.244276
FlexTDOA,1785765679.798785,0.261028,3.265653,0.201969
FlexTDOA,1785765679.949603,0.399913,3.401085,0.040196
FlexTDOA,1785765680.050514,0.300105,3.424983,0.075111
FlexTDOA,1785765680.156381,0.312873,3.363991,0.092376
FlexTDOA,1785765680.214945,0.465542,3.405553,0.094622
FlexTDOA,1785765680.215012,0.388427,3.311048,0.122212
FlexTDOA,1785765680.273781,0.431390,3.232470,0.207872
FlexTDOA,1785765680.273826,0.316458,3.334216,0.114317
FlexTDOA,1785765680.274153,0.387856,3.229752,0.203167
FlexTDOA,1785765680.274477,0.337585,3.483232,0.062940
FlexTDOA,1785765680.323661,0.274998,3.373616,0.115913
FlexTDOA,1785765680.323754,0.415931,3.391979,0.057712
FlexTDOA,1785765680.324491,0.286223,3.510677,0.118170
FlexTDOA,1785765680.370971,0.350986,3.370511,0.066421
FlexTDOA,1785765680.424022,0.226856,3.359291,0.165102
FlexTDOA,1785765680.699183,0.284836,3.274551,0.181793
FlexTDOA,1785765680.699832,0.310721,3.308066,0.139983
FlexTDOA,1785765680.700120,0.278517,3.323635,0.145360
FlexTDOA,1785765680.700171,0.385063,3.384679,0.048903
FlexTDOA,1785765680.807191,0.297635,3.372314,0.097892
FlexTDOA,1785765681.036702,0.363975,3.511155,0.079400
FlexTDOA,1785765681.078134,0.470986,3.337722,0.135009
FlexTDOA,1785765681.131642,0.300584,3.276648,0.172638
FlexTDOA,1785765681.131700,0.298574,3.511745,0.109981
FlexTDOA,1785765681.290300,0.425053,3.368936,0.081006
FlexTDOA,1785765681.290339,0.275986,3.260044,0.198779
FlexTDOA,1785765681.512223,0.238860,3.248180,0.229051
FlexTDOA,1785765681.512291,0.480395,3.248048,0.212521
FlexTDOA,1785765681.736962,0.226766,3.329939,0.180124
FlexTDOA,1785765681.785043,0.311916,3.248265,0.194685
FlexTDOA,1785765681.932812,0.345809,3.386472,0.054419
FlexTDOA,1785765681.985204,0.236738,3.543946,0.177459
FlexTDOA,1785765682.028659,0.361128,3.328451,0.104950
FlexTDOA,1785765682.281859,0.408972,3.342869,0.095912
FlexTDOA,1785765682.281927,0.423821,3.546901,0.124445
FlexTDOA,1785765682.324592,0.176113,3.412766,0.199703
FlexTDOA,1785765682.380688,0.326677,3.333148,0.110412
FlexTDOA,1785765682.427537,0.409345,3.254762,0.181059
FlexTDOA,1785765682.492720,0.371750,3.215565,0.216958
FlexTDOA,1785765682.642680,0.291161,3.366606,0.106509
FlexTDOA,1785765682.792310,0.357537,3.334310,0.099704
FlexTDOA,1785765682.792351,0.298458,3.298306,0.154410
FlexTDOA,1785765682.841123,0.173527,3.255469,0.268081
FlexTDOA,1785765682.841164,0.389459,3.378111,0.056321
FlexTDOA,1785765682.950438,0.361715,3.295096,0.138030
FlexTDOA,1785765683.003929,0.404850,3.306464,0.129561
FlexTDOA,1785765683.247181,0.366276,3.250387,0.182316
FlexTDOA,1785765683.247230,0.242229,3.437158,0.132692
FlexTDOA,1785765683.247324,0.407945,3.421127,0.035006
FlexTDOA,1785765683.295053,0.456848,3.233816,0.214945
FlexTDOA,1785765683.295816,0.308794,3.398211,0.074416
FlexTDOA,1785765683.301620,0.351384,3.428082,0.023867
FlexTDOA,1785765683.575461,0.303439,3.253896,0.192349
FlexTDOA,1785765683.731766,0.324740,3.430248,0.050149
FlexTDOA,1785765683.732360,0.417405,3.395595,0.056338
FlexTDOA,1785765683.732402,0.193324,3.409084,0.183019
FlexTDOA,1785765683.840235,0.328655,3.259599,0.178964
FlexTDOA,1785765683.892943,0.497236,3.297431,0.182278
FlexTDOA,1785765683.984616,0.405132,3.313348,0.122944
FlexTDOA,1785765683.984647,0.287727,3.331267,0.133555
FlexTDOA,1785765684.032820,0.356137,3.386444,0.049710
FlexTDOA,1785765684.092312,0.314955,3.419836,0.061208
FlexTDOA,1785765684.092355,0.439462,3.308547,0.139789
FlexTDOA,1785765684.192705,0.371306,3.317051,0.115505
FlexTDOA,1785765684.251484,0.332365,3.416201,0.045493
FlexTDOA,1785765684.308962,0.283815,3.390541,0.100229
FlexTDOA,1785765684.403983,0.266325,3.309826,0.163782
FlexTDOA,1785765684.458252,0.417094,3.529041,0.105382
FlexTDOA,1785765684.458502,0.350285,3.333732,0.101775
FlexTDOA,1785765684.458921,0.335451,3.278385,0.159070
FlexTDOA,1785765684.529287,0.426731,3.303389,0.139151
FlexTDOA,1785765684.580036,0.270662,3.277673,0.186613
FlexTDOA,1785765684.746876,0.360075,3.351968,0.081876
FlexTDOA,1785765684.877167,0.326834,3.500802,0.083483
FlexTDOA,1785765684.925066,0.352107,3.339943,0.095309
FlexTDOA,1785765684.987453,0.229278,3.332411,0.176652
FlexTDOA,1785765685.034874,0.377879,3.259176,0.173352
FlexTDOA,1785765685.137382,0.289561,3.320230,0.140986
FlexTDOA,1785765685.233573,0.361477,3.312675,0.120570
FlexTDOA,1785765685.234152,0.384086,3.295653,0.137160
FlexTDOA,1785765685.291899,0.304677,3.404218,0.075648
FlexTDOA,1785765685.335541,0.345551,3.418149,0.032616
FlexTDOA,1785765685.392320,0.402275,3.258899,0.175757
FlexTDOA,1785765685.447029,0.377214,3.315457,0.117069
FlexTDOA,1785765685.512264,0.475694,3.260982,0.198975
FlexTDOA,1785765685.568473,0.395935,3.350810,0.084371
FlexTDOA,1785765685.617842,0.319555,3.333073,0.113764
FlexTDOA,1785765685.668375,0.349524,3.365392,0.071725
FlexTDOA,1785765685.716754,0.397421,3.510034,0.080754
FlexTDOA,1785765685.766040,0.312259,3.471752,0.073870
FlexTDOA,1785765685.876764,0.396726,3.416450,0.027142
FlexTDOA,1785765685.877623,0.373174,3.310438,0.122075
FlexTDOA,1785765685.920745,0.279984,3.314111,0.151703
FlexTDOA,1785765685.974089,0.495921,3.285191,0.190686
FlexTDOA,1785765686.016634,0.190807,3.428934,0.184066
FlexTDOA,1785765686.072335,0.380962,3.519154,0.086868
FlexTDOA,1785765686.266464,0.494164,3.237080,0.228972
FlexTDOA,1785765686.271223,0.288390,3.262403,0.190806
FlexTDOA,1785765686.363177,0.489421,3.447249,0.115527
FlexTDOA,1785765686.524012,0.325822,3.282350,0.157950
FlexTDOA,1785765686.574953,0.449915,3.242223,0.204554
FlexTDOA,1785765686.579163,0.423134,3.230508,0.207687
FlexTDOA,1785765686.666977,0.349037,3.373529,0.064370
FlexTDOA,1785765686.719228,0.429282,3.460405,0.061178
FlexTDOA,1785765686.885492,0.346337,3.471326,0.048163
FlexTDOA,1785765686.886402,0.279311,3.227390,0.226265
FlexTDOA,1785765686.941817,0.372557,3.320574,0.111950
FlexTDOA,1785765686.989760,0.335958,3.338183,0.102018
FlexTDOA,1785765687.031059,0.294621,3.375821,0.098222
FlexTDOA,1785765687.277307,0.414166,3.280940,0.156581
FlexTDOA,1785765687.280392,0.354272,3.453096,0.029105
FlexTDOA,1785765687.326757,0.396048,3.370690,0.065349
FlexTDOA,1785765687.327729,0.245183,3.333193,0.163318
FlexTDOA,1785765687.377237,0.426345,3.417145,0.053747
FlexTDOA,1785765687.377805,0.426807,3.395207,0.063965
FlexTDOA,1785765687.542270,0.455368,3.403936,0.085446
FlexTDOA,1785765687.542318,0.285935,3.280261,0.176298
FlexTDOA,1785765687.601051,0.363826,3.477430,0.046258
FlexTDOA,1785765687.852360,0.213852,3.194905,0.286999
FlexTDOA,1785765687.853119,0.242972,3.361725,0.149660
FlexTDOA,1785765687.853168,0.162923,3.265687,0.269695
FlexTDOA,1785765687.896303,0.289257,3.349810,0.119005
FlexTDOA,1785765687.945613,0.420526,3.497573,0.079509
FlexTDOA,1785765688.005543,0.393080,3.405437,0.032639
FlexTDOA,1785765688.053015,0.424508,3.414453,0.052846
FlexTDOA,1785765688.058474,0.429809,3.286443,0.156060
FlexTDOA,1785765688.060083,0.307592,3.305233,0.143943
FlexTDOA,1785765688.198537,0.384768,3.452997,0.022774
FlexTDOA,1785765688.246972,0.308026,3.357560,0.100400
FlexTDOA,1785765688.247200,0.327993,3.280186,0.159357
FlexTDOA,1785765688.247517,0.302493,3.274716,0.173581
FlexTDOA,1785765688.301023,0.199254,3.362265,0.189111
FlexTDOA,1785765688.301066,0.422624,3.441327,0.048594
FlexTDOA,1785765688.301238,0.399819,3.243159,0.190984
FlexTDOA,1785765688.401551,0.303800,3.413243,0.073603
FlexTDOA,1785765688.447207,0.335515,3.266962,0.170146
FlexTDOA,1785765688.447240,0.385295,3.362044,0.071229
FlexTDOA,1785765688.529110,0.429714,3.589012,0.165852
FlexTDOA,1785765688.579927,0.406567,3.312032,0.124578
FlexTDOA,1785765688.579981,0.517410,3.453223,0.144069
FlexTDOA,1785765688.627505,0.369157,3.272203,0.160400
FlexTDOA,1785765688.683104,0.347544,3.311596,0.123948
FlexTDOA,1785765688.731683,0.382424,3.446802,0.016188
FlexTDOA,1785765688.976361,0.398616,3.293371,0.141148
FlexTDOA,1785765688.976848,0.324056,3.311633,0.131104
FlexTDOA,1785765688.977269,0.391955,3.379956,0.055263
FlexTDOA,1785765688.982923,0.378668,3.266807,0.165739
FlexTDOA,1785765688.982923,0.381335,3.471331,0.039369
FlexTDOA,1785765689.342206,0.307693,3.256319,0.188544
FlexTDOA,1785765689.342206,0.423643,3.355583,0.091096
FlexTDOA,1785765689.429511,0.411462,3.347196,0.092835
FlexTDOA,1785765689.544933,0.306633,3.310793,0.139517
FlexTDOA,1785765689.545350,0.407906,3.348473,0.090301
FlexTDOA,1785765689.597136,0.394987,3.322500,0.111832
FlexTDOA,1785765689.597239,0.269593,3.388768,0.113970
FlexTDOA,1785765689.599816,0.330761,3.493425,0.075196
FlexTDOA,1785765689.646591,0.492583,3.311661,0.168720
FlexTDOA,1785765689.697839,0.236618,3.473004,0.144032
FlexTDOA,1785765689.829041,0.294352,3.434506,0.080512
FlexTDOA,1785765689.839345,0.481442,3.306021,0.165413
FlexTDOA,1785765689.958994,0.376892,3.358572,0.073958
FlexTDOA,1785765690.008441,0.426703,3.412327,0.055650
FlexTDOA,1785765690.008504,0.227539,3.308299,0.192674
FlexTDOA,1785765690.057163,0.295594,3.267992,0.182600
FlexTDOA,1785765690.157554,0.436613,3.359148,0.095900
FlexTDOA,1785765690.210643,0.270125,3.316998,0.155904
FlexTDOA,1785765690.210918,0.347589,3.344085,0.092520
FlexTDOA,1785765690.265874,0.339833,3.495755,0.072294
FlexTDOA,1785765690.405252,0.390030,3.285022,0.148260
FlexTDOA,1785765690.454919,0.314612,3.265877,0.177175
FlexTDOA,1785765690.454966,0.280309,3.365424,0.115910
FlexTDOA,1785765690.575039,0.475231,3.311138,0.157505
FlexTDOA,1785765690.623217,0.320941,3.168469,0.269477
FlexTDOA,1785765690.623253,0.403910,3.509425,0.082234
FlexTDOA,1785765690.669245,0.403080,3.393231,0.048371
FlexTDOA,1785765690.816857,0.361721,3.384429,0.049830
FlexTDOA,1785765690.916263,0.309794,3.458374,0.070001
FlexTDOA,1785765690.962835,0.368929,3.374278,0.058522
FlexTDOA,1785765690.963095,0.274033,3.305313,0.162292
FlexTDOA,1785765691.083719,0.350225,3.377321,0.060421
FlexTDOA,1785765691.083915,0.408416,3.374212,0.067269
FlexTDOA,1785765691.084620,0.340069,3.202475,0.232640
FlexTDOA,1785765691.084657,0.309129,3.420871,0.066731
FlexTDOA,1785765691.128369,0.352164,3.222220,0.211501
FlexTDOA,1785765691.342543,0.357183,3.304806,0.128910
FlexTDOA,1785765691.398041,0.469060,3.280194,0.179096
FlexTDOA,1785765691.468525,0.449851,3.273486,0.175820
FlexTDOA,1785765691.559911,0.303137,3.364042,0.099136
FlexTDOA,1785765691.605115,0.361334,3.403962,0.031574
FlexTDOA,1785765691.652736,0.378209,3.517353,0.084918
FlexTDOA,1785765691.667534,0.409553,3.350786,0.088783
FlexTDOA,1785765691.704551,0.433290,3.382068,0.077202
FlexTDOA,1785765691.717123,0.130745,3.424192,0.244235
FlexTDOA,1785765691.805817,0.348294,3.304849,0.130383
FlexTDOA,1785765691.908863,0.413503,3.415226,0.042348
FlexTDOA,1785765692.023399,0.225584,3.495408,0.161970
FlexTDOA,1785765692.069187,0.507405,3.251589,0.224284
FlexTDOA,1785765692.125336,0.430695,3.372848,0.081722
FlexTDOA,1785765692.125740,0.269158,3.549234,0.157463
FlexTDOA,1785765692.174202,0.384870,3.359143,0.074041
FlexTDOA,1785765692.376023,0.406604,3.289692,0.146300
FlexTDOA,1785765692.378933,0.272081,3.441379,0.103140
FlexTDOA,1785765692.431052,0.424487,3.322825,0.120391
FlexTDOA,1785765692.431770,0.150585,3.451609,0.225066
FlexTDOA,1785765692.512918,0.374108,3.402171,0.030340
FlexTDOA,1785765692.519675,0.316554,3.392981,0.070420
FlexTDOA,1785765692.656718,0.394273,3.317379,0.116751
FlexTDOA,1785765692.816547,0.434902,3.351246,0.101045
FlexTDOA,1785765692.816995,0.311464,3.321428,0.127882
FlexTDOA,1785765692.827759,0.361046,3.304294,0.128948
FlexTDOA,1785765692.827759,0.401620,3.385449,0.054140
FlexTDOA,1785765693.013600,0.359099,3.281323,0.151995
FlexTDOA,1785765693.072345,0.404831,3.216625,0.217950
FlexTDOA,1785765693.177631,0.428073,3.271219,0.169841
FlexTDOA,1785765693.177673,0.385510,3.278896,0.153976
FlexTDOA,1785765693.228061,0.233988,3.160548,0.306264
FlexTDOA,1785765693.279053,0.296116,3.208004,0.237900
FlexTDOA,1785765693.448093,0.279695,3.416111,0.096545
FlexTDOA,1785765693.492471,0.360464,3.253376,0.179701
FlexTDOA,1785765693.492830,0.186292,3.330020,0.214598
FlexTDOA,1785765693.536403,0.314267,3.268129,0.175178
FlexTDOA,1785765693.591717,0.483311,3.533026,0.147891
FlexTDOA,1785765693.595082,0.383365,3.227271,0.205407
FlexTDOA,1785765693.650213,0.297937,3.306022,0.148023
FlexTDOA,1785765693.701134,0.332517,3.273995,0.164059
FlexTDOA,1785765693.747323,0.442500,3.394737,0.077487
FlexTDOA,1785765693.890822,0.347056,3.513506,0.085636
FlexTDOA,1785765693.939217,0.349544,3.278704,0.155863
FlexTDOA,1785765693.939258,0.456813,3.335263,0.127182
FlexTDOA,1785765693.939358,0.326494,3.266524,0.172874
FlexTDOA,1785765693.985748,0.514970,3.317686,0.181161
FlexTDOA,1785765694.030362,0.304281,3.239649,0.205355
FlexTDOA,1785765694.081967,0.486229,3.278373,0.190166
FlexTDOA,1785765694.082009,0.370336,3.318663,0.113928
FlexTDOA,1785765694.324283,0.245209,3.398944,0.133903
FlexTDOA,1785765694.374877,0.329937,3.379281,0.069631
FlexTDOA,1785765694.422744,0.210314,3.232272,0.259153
FlexTDOA,1785765694.538162,0.390443,3.470615,0.041184
FlexTDOA,1785765694.588997,0.441730,3.453664,0.070160
FlexTDOA,1785765694.689031,0.107203,3.473401,0.270742
FlexTDOA,1785765694.731509,0.258390,3.341928,0.147525
FlexTDOA,1785765694.780958,0.388711,3.203846,0.229076
FlexTDOA,1785765694.976643,0.271295,3.428566,0.103619
FlexTDOA,1785765694.978157,0.351359,3.411544,0.031473
FlexTDOA,1785765694.979419,0.270199,3.200153,0.254824
FlexTDOA,1785765695.026500,0.319305,3.346406,0.102452
FlexTDOA,1785765695.026843,0.382619,3.245450,0.187213
FlexTDOA,1785765695.176695,0.428466,3.460214,0.060365
FlexTDOA,1785765695.225097,0.431189,3.277049,0.165351
FlexTDOA,1785765695.225161,0.329653,3.355880,0.088953
FlexTDOA,1785765695.368732,0.322352,3.300639,0.141924
FlexTDOA,1785765695.490360,0.477285,3.465977,0.107776
FlexTDOA,1785765695.490615,0.320807,3.395590,0.065436
FlexTDOA,1785765695.490750,0.511141,3.250157,0.227657
FlexTDOA,1785765695.490894,0.416772,3.348994,0.093445
FlexTDOA,1785765695.641646,0.410448,3.394965,0.051740
FlexTDOA,1785765695.829354,0.364355,3.262619,0.170206
FlexTDOA,1785765695.829394,0.290886,3.410932,0.086679
FlexTDOA,1785765695.829620,0.426507,3.325873,0.118488
FlexTDOA,1785765695.829658,0.439999,3.246093,0.197470
FlexTDOA,1785765695.829878,0.344997,3.406669,0.039469
FlexTDOA,1785765695.858627,0.047929,3.494679,0.332770
FlexTDOA,1785765695.976061,0.269452,3.335062,0.143530
FlexTDOA,1785765695.976351,0.389610,3.350798,0.083028
FlexTDOA,1785765696.066763,0.379402,3.454206,0.022179
FlexTDOA,1785765696.079835,0.360876,3.360599,0.073246
FlexTDOA,1785765696.079835,0.369591,3.304793,0.127817
FlexTDOA,1785765696.080137,0.498175,3.415106,0.124557
FlexTDOA,1785765696.141942,0.439909,3.430443,0.065103
FlexTDOA,1785765696.143606,0.310019,3.320156,0.129704
FlexTDOA,1785765696.201327,0.285169,3.352668,0.120058
FlexTDOA,1785765696.201669,0.240581,3.454551,0.136056
FlexTDOA,1785765696.264795,0.277875,3.428917,0.097030
FlexTDOA,1785765696.265798,0.352828,3.344597,0.090618
FlexTDOA,1785765696.265833,0.349210,3.407390,0.035880
FlexTDOA,1785765696.381999,0.279738,3.416000,0.096521
FlexTDOA,1785765696.431459,0.426560,3.392643,0.065297
FlexTDOA,1785765696.431520,0.407165,3.418960,0.035048
FlexTDOA,1785765696.463520,0.415584,3.474947,0.058838
FlexTDOA,1785765696.511298,0.449064,3.399502,0.081231
FlexTDOA,1785765696.568713,0.445921,3.375645,0.091024
FlexTDOA,1785765696.568755,0.253911,3.463247,0.124774
FlexTDOA,1785765696.650261,0.334369,3.263645,0.173638
FlexTDOA,1785765696.717093,0.434516,3.293239,0.151511
FlexTDOA,1785765696.899516,0.655187,3.380922,0.285054
FlexTDOA,1785765697.023768,0.456166,3.401203,0.087142
FlexTDOA,1785765697.078253,0.358217,3.303980,0.129591
FlexTDOA,1785765697.129828,0.271250,3.344504,0.135919
FlexTDOA,1785765697.130164,0.465081,3.409093,0.093229
FlexTDOA,1785765697.130457,0.429960,3.637120,0.211913
FlexTDOA,1785765697.185461,0.404397,3.379559,0.060635
FlexTDOA,1785765697.295239,0.456958,3.371723,0.102164
FlexTDOA,1785765697.297416,0.393498,3.499331,0.069386
FlexTDOA,1785765697.300245,0.357070,3.257349,0.176051
FlexTDOA,1785765697.301144,0.321822,3.360726,0.089233
FlexTDOA,1785765697.361940,0.482040,3.492917,0.123053
FlexTDOA,1785765697.368347,0.425244,3.296940,0.144629
FlexTDOA,1785765697.408882,0.208099,3.293614,0.217007
FlexTDOA,1785765697.487478,0.278649,3.524180,0.132881
FlexTDOA,1785765697.488630,0.277734,3.230223,0.224379
FlexTDOA,1785765697.517626,0.328685,3.398825,0.057133
FlexTDOA,1785765697.546866,0.197590,3.318636,0.210671
FlexTDOA,1785765697.639090,0.400770,3.350596,0.085912
FlexTDOA,1785765697.725322,0.314402,3.358828,0.095290
FlexTDOA,1785765697.739877,0.332207,3.451748,0.046775
FlexTDOA,1785765697.777284,0.395153,3.274290,0.159511
FlexTDOA,1785765697.824838,0.477149,3.405052,0.105929
FlexTDOA,1785765697.969537,0.274808,3.390272,0.108579
FlexTDOA,1785765698.018712,0.354926,3.404937,0.034004
FlexTDOA,1785765698.071983,0.301033,3.399645,0.080788
FlexTDOA,1785765698.115998,0.386317,3.384438,0.049415
FlexTDOA,1785765698.174446,0.299488,3.260096,0.188152
FlexTDOA,1785765698.241421,0.475091,3.164314,0.286313
FlexTDOA,1785765698.286273,0.285995,3.408603,0.092002
FlexTDOA,1785765698.286319,0.461209,3.274308,0.180236
FlexTDOA,1785765698.442043,0.333810,3.258813,0.178468
FlexTDOA,1785765698.464204,0.416527,3.408701,0.048004
FlexTDOA,1785765698.555339,0.323470,3.385728,0.069473
FlexTDOA,1785765698.569939,0.323955,3.384375,0.070038
FlexTDOA,1785765698.607868,0.165799,3.513885,0.224323
FlexTDOA,1785765698.657566,0.478146,3.545682,0.153240
FlexTDOA,1785765698.757074,0.453386,3.234737,0.212792
FlexTDOA,1785765698.757439,0.371696,3.318662,0.113883
FlexTDOA,1785765698.807433,0.326294,3.282793,0.157383
FlexTDOA,1785765698.807634,0.247312,3.448486,0.128525
FlexTDOA,1785765698.809954,0.401445,3.332472,0.103508
FlexTDOA,1785765698.810156,0.400110,3.277856,0.156697
FlexTDOA,1785765698.861763,0.290225,3.323786,0.137763
FlexTDOA,1785765698.935364,0.515231,3.432286,0.140393
FlexTDOA,1785765698.935395,0.455534,3.295080,0.159362
FlexTDOA,1785765698.987860,0.356489,3.253770,0.179671
FlexTDOA,1785765698.987905,0.280772,3.262068,0.194669
FlexTDOA,1785765699.037088,0.304061,3.302992,0.147588
FlexTDOA,1785765699.129631,0.485469,3.337231,0.145998
FlexTDOA,1785765699.191026,0.404882,3.344017,0.093446
FlexTDOA,1785765699.306029,0.399887,3.454709,0.033476
FlexTDOA,1785765699.306398,0.331069,3.407330,0.050491
FlexTDOA,1785765699.356642,0.337080,3.286161,0.151133
FlexTDOA,1785765699.408417,0.363995,3.494407,0.062848
FlexTDOA,1785765699.408508,0.307014,3.433151,0.067828
FlexTDOA,1785765699.581168,0.358962,3.392227,0.043291
FlexTDOA,1785765699.643843,0.207912,3.278009,0.227447
FlexTDOA,1785765699.643905,0.331095,3.332353,0.109285
FlexTDOA,1785765699.710489,0.255575,3.374456,0.132639
FlexTDOA,1785765699.758619,0.266178,3.429614,0.108699
FlexTDOA,1785765699.798093,0.169654,3.460782,0.207124
FlexTDOA,1785765700.048491,0.336754,3.321309,0.117534
FlexTDOA,1785765700.099695,0.447442,3.530102,0.121644
FlexTDOA,1785765700.236727,0.221413,3.295621,0.205610
FlexTDOA,1785765700.276945,0.479910,3.422337,0.105562
FlexTDOA,1785765700.277004,0.356968,3.337527,0.096641
FlexTDOA,1785765700.277054,0.342998,3.320391,0.116544
FlexTDOA,1785765700.414320,0.302944,3.469152,0.080698
FlexTDOA,1785765700.499122,0.204936,3.359713,0.184838
FlexTDOA,1785765700.553889,0.278878,3.380965,0.108924
FlexTDOA,1785765700.614105,0.254284,3.227206,0.238075
FlexTDOA,1785765700.743744,0.402188,3.226284,0.208023
FlexTDOA,1785765700.756969,0.212923,3.331806,0.190674
FlexTDOA,1785765700.799378,0.563514,3.429294,0.188703
FlexTDOA,1785765700.864994,0.417820,3.277235,0.161105
FlexTDOA,1785765700.865050,0.301951,3.541343,0.130993
FlexTDOA,1785765700.865402,0.291041,3.371371,0.103725
FlexTDOA,1785765701.014518,0.504435,3.377089,0.140947
FlexTDOA,1785765701.191707,0.405541,3.332480,0.104628
FlexTDOA,1785765701.264242,0.487823,3.405396,0.116190
FlexTDOA,1785765701.333760,0.360272,3.225764,0.207250
FlexTDOA,1785765701.665973,0.467818,3.235522,0.217821
FlexTDOA,1785765701.725177,0.298083,3.198835,0.245950
FlexTDOA,1785765701.725255,0.406829,3.508983,0.082903
FlexTDOA,1785765701.726162,0.443071,3.358164,0.100905
FlexTDOA,1785765701.794379,0.354598,3.394894,0.042708
FlexTDOA,1785765701.857124,0.263223,3.353876,0.136529
FlexTDOA,1785765701.858198,0.276639,3.377376,0.112614
FlexTDOA,1785765701.920660,0.391830,3.302081,0.131522
FlexTDOA,1785765701.920781,0.255280,3.345533,0.147844
FlexTDOA,1785765701.996480,0.375227,3.330559,0.101944
FlexTDOA,1785765701.996527,0.200325,3.322372,0.206358
FlexTDOA,1785765702.066882,0.376285,3.376718,0.055802
FlexTDOA,1785765702.119208,0.322835,3.387107,0.069029
FlexTDOA,1785765702.249812,0.423560,3.297633,0.143399
FlexTDOA,1785765702.360160,0.233051,3.310208,0.187242
FlexTDOA,1785765702.382087,0.293778,3.255296,0.194865
FlexTDOA,1785765702.382087,0.466382,3.311568,0.151675
FlexTDOA,1785765702.406761,0.317593,3.317991,0.128022
FlexTDOA,1785765702.406761,0.407040,3.387462,0.055367
FlexTDOA,1785765702.406912,0.365905,3.421742,0.013985
FlexTDOA,1785765702.407092,0.380516,3.414604,0.018776
FlexTDOA,1785765702.408366,0.271047,3.216724,0.239442
FlexTDOA,1785765702.433939,0.374424,3.326137,0.106365
FlexTDOA,1785765702.525626,0.340895,3.417639,0.037055
FlexTDOA,1785765702.637616,0.346387,3.435852,0.028648
FlexTDOA,1785765702.686067,0.377504,3.436609,0.004896
FlexTDOA,1785765702.689176,0.294781,3.335233,0.125978
FlexTDOA,1785765702.735159,0.468510,3.223960,0.228613
FlexTDOA,1785765702.781631,0.325144,3.353647,0.093207
FlexTDOA,1785765702.829882,0.374218,3.189286,0.243217
FlexTDOA,1785765702.977038,0.285547,3.437086,0.089409
FlexTDOA,1785765702.978636,0.416657,3.285508,0.152826
FlexTDOA,1785765703.035496,0.375862,3.375646,0.056865
FlexTDOA,1785765703.080046,0.377047,3.422550,0.010194
FlexTDOA,1785765703.287983,0.269081,3.339303,0.140963
FlexTDOA,1785765703.435484,0.257564,3.331438,0.154813
FlexTDOA,1785765703.515466,0.438850,3.524072,0.111726
FlexTDOA,1785765703.515512,0.554743,3.427025,0.179988
FlexTDOA,1785765703.515690,0.257460,3.252001,0.215309
FlexTDOA,1785765703.563194,0.453358,3.232013,0.215316
FlexTDOA,1785765703.563745,0.323369,3.235818,0.203306
FlexTDOA,1785765703.565451,0.443148,3.411530,0.071456
FlexTDOA,1785765703.615248,0.344832,3.500101,0.073960
FlexTDOA,1785765703.711464,0.353014,3.398415,0.040475
FlexTDOA,1785765703.759567,0.278752,3.485791,0.109875
FlexTDOA,1785765703.814177,0.277912,3.430178,0.096955
FlexTDOA,1785765703.861643,0.274574,3.440676,0.100598
FlexTDOA,1785765703.911049,0.280184,3.449778,0.096219
FlexTDOA,1785765703.955098,0.320163,3.339144,0.108190
FlexTDOA,1785765703.957178,0.429808,3.305570,0.138323
FlexTDOA,1785765703.961419,0.360001,3.263486,0.169666
FlexTDOA,1785765704.208358,0.415628,3.340927,0.100248
FlexTDOA,1785765704.313842,0.274233,3.511146,0.127696
FlexTDOA,1785765704.374435,0.097725,3.307837,0.303864
FlexTDOA,1785765704.374485,0.276731,3.367096,0.117911
FlexTDOA,1785765704.518151,0.475831,3.160115,0.290506
FlexTDOA,1785765704.566744,0.424037,3.387653,0.066572
FlexTDOA,1785765704.566957,0.422295,3.431802,0.047462
FlexTDOA,1785765704.567386,0.315024,3.320039,0.127380
FlexTDOA,1785765704.723696,0.237859,3.365462,0.152504
FlexTDOA,1785765704.765393,0.436709,3.198376,0.242163
FlexTDOA,1785765704.766035,0.429536,3.447203,0.056638
FlexTDOA,1785765704.814641,0.369396,3.267804,0.164787
FlexTDOA,1785765704.825406,0.428296,3.264353,0.176442
FlexTDOA,1785765704.913413,0.260957,3.463015,0.117898
FlexTDOA,1785765704.965608,0.364775,3.362238,0.070980
FlexTDOA,1785765704.966803,0.188863,3.277074,0.242373
FlexTDOA,1785765704.967586,0.367142,3.426117,0.010000
FlexTDOA,1785765705.018926,0.304013,3.276689,0.171154
FlexTDOA,1785765705.018961,0.265000,3.365570,0.128625
FlexTDOA,1785765705.229455,0.433191,3.306901,0.138494
FlexTDOA,1785765705.229498,0.324954,3.376613,0.074913
FlexTDOA,1785765705.323645,0.289352,3.217377,0.231488
FlexTDOA,1785765705.323699,0.396592,3.357442,0.078148
FlexTDOA,1785765705.376473,0.317439,3.393222,0.069553
FlexTDOA,1785765705.421570,0.305605,3.241043,0.203592
FlexTDOA,1785765705.495822,0.459572,3.591908,0.180527
FlexTDOA,1785765705.612347,0.322444,3.493040,0.080063
FlexTDOA,1785765705.665411,0.383825,3.314622,0.118221
FlexTDOA,1785765705.713380,0.284523,3.304563,0.156605
FlexTDOA,1785765705.775222,0.407629,3.474049,0.052928
FlexTDOA,1785765705.859969,0.421989,3.400699,0.056873
FlexTDOA,1785765706.008668,0.375401,3.367101,0.065403
FlexTDOA,1785765706.009240,0.432751,3.320530,0.126062
FlexTDOA,1785765706.057928,0.422040,3.349900,0.095136
FlexTDOA,1785765706.067655,0.203443,3.250288,0.250156
FlexTDOA,1785765706.151800,0.402647,3.384357,0.055599
FlexTDOA,1785765706.299195,0.410463,3.415407,0.039514
FlexTDOA,1785765706.299234,0.425724,3.346018,0.100343
FlexTDOA,1785765706.397482,0.479098,3.415915,0.105570
FlexTDOA,1785765706.446706,0.394625,3.267555,0.166129
FlexTDOA,1785765706.516320,0.417794,3.290156,0.148685
FlexTDOA,1785765706.585834,0.296095,3.266839,0.183425
FlexTDOA,1785765706.633431,0.427743,3.489879,0.078045
FlexTDOA,1785765706.688047,0.467603,3.471473,0.100618
FlexTDOA,1785765706.734369,0.332327,3.306721,0.132770
FlexTDOA,1785765706.788065,0.345667,3.325769,0.110647
FlexTDOA,1785765706.788108,0.284116,3.426357,0.090931
FlexTDOA,1785765706.788154,0.395653,3.397659,0.040586
FlexTDOA,1785765706.981537,0.269037,3.448523,0.107008
FlexTDOA,1785765707.133028,0.366297,3.522363,0.090266
FlexTDOA,1785765707.133097,0.434496,3.239065,0.202427
FlexTDOA,1785765707.278817,0.321688,3.445573,0.054735
FlexTDOA,1785765707.327321,0.465357,3.373037,0.108303
FlexTDOA,1785765707.372930,0.311019,3.436008,0.063916
FlexTDOA,1785765707.692842,0.215976,3.328825,0.189700
FlexTDOA,1785765707.792513,0.381032,3.399434,0.033642
FlexTDOA,1785765707.792578,0.311954,3.439746,0.063301
FlexTDOA,1785765707.793204,0.355509,3.674781,0.243049
FlexTDOA,1785765707.835229,0.464062,3.233519,0.218071
FlexTDOA,1785765707.840100,0.429054,3.407375,0.059755
FlexTDOA,1785765707.884455,0.202961,3.315572,0.207881
FlexTDOA,1785765707.927138,0.378327,3.241522,0.191012
FlexTDOA,1785765708.034224,0.310593,3.315699,0.133306
FlexTDOA,1785765708.083001,0.254143,3.384030,0.130065
FlexTDOA,1785765708.130924,0.333623,3.302029,0.136828
FlexTDOA,1785765708.227919,0.407116,3.434562,0.032343
FlexTDOA,1785765708.231206,0.381267,3.320654,0.112032
FlexTDOA,1785765708.276656,0.424521,3.405900,0.056356
FlexTDOA,1785765708.276817,0.162746,3.356289,0.225370
FlexTDOA,1785765708.326078,0.288318,3.374701,0.104052
FlexTDOA,1785765708.326146,0.388477,3.329298,0.104101
FlexTDOA,1785765708.418842,0.353821,3.420075,0.024416
FlexTDOA,1785765708.418893,0.334725,3.370841,0.073560
FlexTDOA,1785765708.487763,0.280303,3.292027,0.169322
FlexTDOA,1785765708.584362,0.447340,3.415421,0.074487
FlexTDOA,1785765708.643568,0.328637,3.263846,0.174869
FlexTDOA,1785765708.643605,0.293306,3.426683,0.081740
FlexTDOA,1785765708.693498,0.325270,3.260457,0.179042
FlexTDOA,1785765708.693544,0.275624,3.484303,0.111923
FlexTDOA,1785765708.844903,0.407337,3.378582,0.062956
FlexTDOA,1785765709.010526,0.331462,3.395612,0.056942
FlexTDOA,1785765709.014478,0.147216,3.220147,0.311298
FlexTDOA,1785765709.052107,0.377008,3.283977,0.148540
FlexTDOA,1785765709.105172,0.323975,3.345378,0.100884
FlexTDOA,1785765709.107580,0.344562,3.338678,0.098588
FlexTDOA,1785765709.247106,0.354885,3.248622,0.184959
FlexTDOA,1785765709.429256,0.275449,3.418136,0.100422
FlexTDOA,1785765709.441165,0.394527,3.296718,0.137203
FlexTDOA,1785765709.512174,0.283497,3.362144,0.115297
FlexTDOA,1785765709.659708,0.469139,3.407995,0.097433
FlexTDOA,1785765709.659748,0.355355,3.321151,0.113042
FlexTDOA,1785765709.766326,0.370706,3.351622,0.080985
FlexTDOA,1785765709.767273,0.418172,3.317091,0.123277
FlexTDOA,1785765709.770712,0.333165,3.480408,0.063496
FlexTDOA,1785765709.827976,0.464268,3.351885,0.120402
FlexTDOA,1785765709.873664,0.402841,3.309523,0.126126
FlexTDOA,1785765709.912158,0.344110,3.439484,0.031511
FlexTDOA,1785765710.060241,0.329479,3.419656,0.047143
FlexTDOA,1785765710.072650,0.377723,3.423207,0.009731
FlexTDOA,1785765710.155216,0.345384,3.600398,0.170461
FlexTDOA,1785765710.158207,0.409736,3.464470,0.047326
FlexTDOA,1785765710.158252,0.391846,3.316502,0.117240
FlexTDOA,1785765710.351228,0.358677,3.316404,0.117217
FlexTDOA,1785765710.447083,0.368801,3.270448,0.162166
FlexTDOA,1785765710.586724,0.381926,3.280855,0.151812
FlexTDOA,1785765710.623160,0.271231,3.312887,0.158247
FlexTDOA,1785765710.692679,0.361646,3.181566,0.251282
FlexTDOA,1785765710.693148,0.275081,3.281053,0.181351
FlexTDOA,1785765710.693377,0.203871,3.301626,0.215310
FlexTDOA,1785765710.742856,0.392991,3.257371,0.176069
FlexTDOA,1785765710.793472,0.283454,3.235150,0.217483
FlexTDOA,1785765710.803590,0.272831,3.428497,0.102087
FlexTDOA,1785765710.898944,0.414112,3.276761,0.160616
FlexTDOA,1785765710.938253,0.300543,3.339038,0.119396
FlexTDOA,1785765710.986431,0.283838,3.392985,0.099210
FlexTDOA,1785765710.988103,0.355504,3.363363,0.071791
FlexTDOA,1785765710.988404,0.381409,3.410400,0.023058
FlexTDOA,1785765710.988650,0.239884,3.271014,0.210454
FlexTDOA,1785765711.200339,0.261501,3.497479,0.130643
FlexTDOA,1785765711.200378,0.433206,3.264848,0.177523
FlexTDOA,1785765711.401334,0.327172,3.257684,0.181199
FlexTDOA,1785765711.450006,0.453572,3.135995,0.306781
FlexTDOA,1785765711.450140,0.339635,3.251494,0.184399
FlexTDOA,1785765711.473879,0.325149,3.389055,0.066005
FlexTDOA,1785765711.529105,0.317292,3.310943,0.134492
FlexTDOA,1785765711.561828,0.330065,3.478197,0.063974
FlexTDOA,1785765711.561869,0.276865,3.317642,0.150969
FlexTDOA,1785765711.652040,0.322358,3.314698,0.128965
FlexTDOA,1785765711.684018,0.367476,3.279228,0.153450
FlexTDOA,1785765711.816846,0.337775,3.214893,0.220742
FlexTDOA,1785765711.817288,0.426110,3.291395,0.150132
FlexTDOA,1785765711.817713,0.480707,3.384763,0.116134
FlexTDOA,1785765711.817955,0.437667,3.397465,0.071937
FlexTDOA,1785765711.912060,0.386594,3.362138,0.071338
FlexTDOA,1785765711.962824,0.370706,3.331591,0.100995
FlexTDOA,1785765712.108169,0.258252,3.326305,0.157702
FlexTDOA,1785765712.108216,0.322498,3.199526,0.238783
FlexTDOA,1785765712.207761,0.304371,3.335968,0.119517
FlexTDOA,1785765712.305636,0.398730,3.272573,0.161703
FlexTDOA,1785765712.348922,0.401241,3.373941,0.064238
FlexTDOA,1785765712.349134,0.321392,3.378081,0.076277
FlexTDOA,1785765712.450598,0.322523,3.258360,0.181830
FlexTDOA,1785765712.521223,0.366029,3.356264,0.076745
FlexTDOA,1785765712.576815,0.338926,3.504280,0.080261
FlexTDOA,1785765712.576851,0.444878,3.264797,0.181743
FlexTDOA,1785765712.577210,0.363515,3.179354,0.253400
FlexTDOA,1785765712.729777,0.392799,3.318502,0.115405
FlexTDOA,1785765712.735890,0.508080,3.339596,0.162434
FlexTDOA,1785765712.813344,0.362627,3.342900,0.090430
FlexTDOA,1785765712.813394,0.359672,3.348303,0.085554
FlexTDOA,1785765712.813644,0.455831,3.348496,0.116691
FlexTDOA,1785765712.898228,0.406385,3.319260,0.117554
FlexTDOA,1785765712.949708,0.272477,3.326563,0.147312
FlexTDOA,1785765712.949749,0.238050,3.362530,0.153646
FlexTDOA,1785765713.053155,0.388528,3.425883,0.015206
FlexTDOA,1785765713.053881,0.480017,3.260846,0.201316
FlexTDOA,1785765713.254882,0.448546,3.401774,0.079856
FlexTDOA,1785765713.298507,0.442268,3.418495,0.068869
FlexTDOA,1785765713.307649,0.377109,3.288122,0.144397
FlexTDOA,1785765713.308824,0.291722,3.156449,0.288294
FlexTDOA,1785765713.353200,0.218881,3.424161,0.156181
FlexTDOA,1785765713.385237,0.367999,3.375773,0.057139
FlexTDOA,1785765713.681528,0.438454,3.275365,0.169525
FlexTDOA,1785765713.681583,0.279392,3.506993,0.121075
FlexTDOA,1785765713.681820,0.289512,3.293345,0.163233
FlexTDOA,1785765713.781726,0.388697,3.254068,0.178971
FlexTDOA,1785765713.781849,0.249117,3.067251,0.386282
FlexTDOA,1785765713.946350,0.335035,3.443530,0.041303
FlexTDOA,1785765713.966886,0.467306,3.261155,0.194704
FlexTDOA,1785765714.010785,0.406741,3.239475,0.195646
FlexTDOA,1785765714.065573,0.435569,3.336627,0.113490
FlexTDOA,1785765714.207513,0.422228,3.386755,0.065867
FlexTDOA,1785765714.216833,0.392318,3.321117,0.112747
FlexTDOA,1785765714.488273,0.516172,3.165287,0.302289
FlexTDOA,1785765714.488565,0.397403,3.411371,0.030913
FlexTDOA,1785765714.663844,0.337050,3.298848,0.138893
FlexTDOA,1785765714.727829,0.227082,3.386625,0.154715
FlexTDOA,1785765714.737455,0.314814,3.592360,0.170757
FlexTDOA,1785765714.778761,0.322064,3.350585,0.097445
FlexTDOA,1785765714.834628,0.303978,3.306844,0.144260
FlexTDOA,1785765714.926024,0.265049,3.427214,0.109917
FlexTDOA,1785765714.927081,0.291789,3.350364,0.116807
FlexTDOA,1785765714.991822,0.273349,3.388320,0.110689
FlexTDOA,1785765714.991890,0.569615,3.173455,0.324103
FlexTDOA,1785765714.991933,0.336348,3.357904,0.083943
FlexTDOA,1785765715.108660,0.354985,3.218083,0.215336
FlexTDOA,1785765715.338405,0.400713,3.275132,0.159483
FlexTDOA,1785765715.412296,0.366058,3.358828,0.074195
FlexTDOA,1785765715.413559,0.260844,3.345265,0.143544
FlexTDOA,1785765715.413600,0.315669,3.401467,0.066814
FlexTDOA,1785765715.491786,0.296745,3.288843,0.163512
FlexTDOA,1785765715.540684,0.383177,3.380164,0.052997
FlexTDOA,1785765715.540730,0.332154,3.240055,0.197123
FlexTDOA,1785765715.692614,0.408100,3.417744,0.036388
FlexTDOA,1785765715.694623,0.427877,3.328635,0.116625
FlexTDOA,1785765715.767318,0.379877,3.314107,0.118502
FlexTDOA,1785765715.837891,0.421868,3.419213,0.048871
FlexTDOA,1785765716.004365,0.349788,3.219572,0.214398
FlexTDOA,1785765716.060184,0.353719,3.416398,0.026559
FlexTDOA,1785765716.064562,0.214047,3.319149,0.196730
FlexTDOA,1785765716.171400,0.271740,3.412234,0.105071
FlexTDOA,1785765716.216304,0.429494,3.432648,0.054656
FlexTDOA,1785765716.287625,0.221197,3.467303,0.157534
FlexTDOA,1785765716.389380,0.440867,3.310953,0.138325
FlexTDOA,1785765716.433732,0.414689,3.423018,0.040963
FlexTDOA,1785765716.436365,0.266369,3.296788,0.173735
FlexTDOA,1785765716.713971,0.418583,3.275261,0.163212
FlexTDOA,1785765716.714039,0.379384,3.369457,0.063208
FlexTDOA,1785765716.816494,0.322525,3.375139,0.077635
FlexTDOA,1785765716.873534,0.287162,3.273498,0.181574
FlexTDOA,1785765716.884348,0.244207,3.312164,0.177612
FlexTDOA,1785765717.114811,0.163025,3.482642,0.217667
FlexTDOA,1785765717.269299,0.399778,3.335641,0.100020
FlexTDOA,1785765717.368685,0.428003,3.437514,0.053400
FlexTDOA,1785765717.421313,0.317343,3.454970,0.061730
FlexTDOA,1785765717.446768,0.266606,3.371278,0.124349
FlexTDOA,1785765717.529054,0.299198,3.421501,0.076436
FlexTDOA,1785765717.546086,0.241290,3.381804,0.142848
FlexTDOA,1785765717.553702,0.432977,3.356373,0.095790
FlexTDOA,1785765717.601488,0.451549,3.406481,0.081003
FlexTDOA,1785765717.700545,0.299274,3.236579,0.209990
FlexTDOA,1785765717.745856,0.342861,3.420421,0.034183
FlexTDOA,1785765717.800403,0.371683,3.458865,0.026551
FlexTDOA,1785765717.858016,0.367373,3.406687,0.026873
FlexTDOA,1785765717.906762,0.303667,3.406761,0.075683
FlexTDOA,1785765717.942515,0.693673,3.314155,0.340090
FlexTDOA,1785765717.961548,0.393353,3.258435,0.175049
FlexTDOA,1785765718.175608,0.403728,3.395848,0.046670
FlexTDOA,1785765718.175643,0.363835,3.318446,0.114585
FlexTDOA,1785765718.175676,0.284270,3.224500,0.226864
FlexTDOA,1785765718.176955,0.435813,3.424180,0.061539
FlexTDOA,1785765718.177226,0.326777,3.288818,0.151509
FlexTDOA,1785765718.177257,0.246974,3.294371,0.188227
FlexTDOA,1785765718.227920,0.334014,3.557697,0.131683
FlexTDOA,1785765718.638846,0.297535,3.418391,0.078581
FlexTDOA,1785765718.784389,0.336202,3.287676,0.149891
FlexTDOA,1785765718.881787,0.415599,3.358197,0.084750
FlexTDOA,1785765718.881837,0.328007,3.342098,0.101813
FlexTDOA,1785765719.029703,0.258309,3.284815,0.188123
FlexTDOA,1785765719.029752,0.340460,3.271457,0.164673
FlexTDOA,1785765719.096424,0.466748,3.368031,0.112267
FlexTDOA,1785765719.096632,0.342279,3.329057,0.108448
FlexTDOA,1785765719.096632,0.513607,3.323693,0.176341
FlexTDOA,1785765719.096723,0.353235,3.260216,0.173635
FlexTDOA,1785765719.154947,0.524560,3.398237,0.153592
FlexTDOA,1785765719.288566,0.285943,3.223417,0.227198
FlexTDOA,1785765719.295581,0.282103,3.258799,0.196907
FlexTDOA,1785765719.298776,0.431163,3.357790,0.093564
FlexTDOA,1785765719.403604,0.416315,3.463333,0.051680
FlexTDOA,1785765719.445934,0.336299,3.319203,0.119674
FlexTDOA,1785765719.512681,0.584734,3.349487,0.225716
FlexTDOA,1785765719.808970,0.351694,3.294258,0.140168
FlexTDOA,1785765719.811406,0.499747,3.437876,0.125024
FlexTDOA,1785765720.009123,0.351041,3.353074,0.082916
FlexTDOA,1785765720.009185,0.256218,3.297293,0.179868
FlexTDOA,1785765720.009237,0.538318,3.303598,0.208186
FlexTDOA,1785765720.110264,0.510909,3.249636,0.227937
FlexTDOA,1785765720.223737,0.263152,3.345923,0.141314
FlexTDOA,1785765720.223783,0.204047,3.213017,0.278106
FlexTDOA,1785765720.225447,0.265316,3.482827,0.120531
FlexTDOA,1785765720.273959,0.292292,3.427407,0.082704
FlexTDOA,1785765720.278469,0.304922,3.436479,0.070030
FlexTDOA,1785765720.279927,0.386688,3.249758,0.183127
FlexTDOA,1785765720.371362,0.144873,3.328382,0.252438
FlexTDOA,1785765720.374666,0.426133,3.299702,0.142361
FlexTDOA,1785765720.419986,0.401651,3.280561,0.154288
FlexTDOA,1785765720.420038,0.425428,3.452102,0.054254
FlexTDOA,1785765720.491654,0.438367,3.391406,0.075662
FlexTDOA,1785765720.546652,0.338263,3.371977,0.070717
FlexTDOA,1785765720.597076,0.339360,3.285208,0.151506
FlexTDOA,1785765720.597742,0.426033,3.431557,0.051203
FlexTDOA,1785765720.651492,0.395683,3.447813,0.025864
FlexTDOA,1785765720.651538,0.280377,3.282023,0.177671
FlexTDOA,1785765720.651581,0.351953,3.397817,0.041555
FlexTDOA,1785765720.798458,0.505669,3.370625,0.144725
FlexTDOA,1785765720.919576,0.412204,3.420870,0.039134
FlexTDOA,1785765720.922653,0.290363,3.253099,0.198296
FlexTDOA,1785765720.939223,0.323952,3.429760,0.050961
FlexTDOA,1785765721.011175,0.292289,3.352909,0.114671
FlexTDOA,1785765721.024985,0.360430,3.250282,0.182789
FlexTDOA,1785765721.025224,0.456062,3.376207,0.098825
FlexTDOA,1785765721.199817,0.298772,3.319221,0.136450
FlexTDOA,1785765721.201374,0.464215,3.316652,0.146319
FlexTDOA,1785765721.201531,0.395213,3.340506,0.094224
FlexTDOA,1785765721.241649,0.259352,3.488964,0.128550
FlexTDOA,1785765721.295609,0.263383,3.442411,0.111895
FlexTDOA,1785765721.518294,0.384885,3.296885,0.135988
FlexTDOA,1785765721.566788,0.405260,3.214688,0.219928
FlexTDOA,1785765721.566836,0.219152,3.376506,0.165450
FlexTDOA,1785765721.567167,0.460891,3.468745,0.093373
FlexTDOA,1785765721.661815,0.422930,3.525933,0.105082
FlexTDOA,1785765721.661886,0.368546,3.276498,0.156131
FlexTDOA,1785765721.755748,0.459689,3.415453,0.086546
FlexTDOA,1785765721.803858,0.299050,3.370251,0.098077
FlexTDOA,1785765721.913131,0.317963,3.227282,0.212955
FlexTDOA,1785765721.965565,0.390308,3.402153,0.034064
FlexTDOA,1785765721.965662,0.372577,3.276968,0.155550
FlexTDOA,1785765722.018611,0.267672,3.415486,0.108509
FlexTDOA,1785765722.067950,0.254520,3.268797,0.203164
FlexTDOA,1785765722.068097,0.298469,3.284219,0.166794
FlexTDOA,1785765722.113581,0.299198,3.395934,0.084016
FlexTDOA,1785765722.113634,0.255951,3.420782,0.119464
FlexTDOA,1785765722.338354,0.394333,3.352887,0.081966
FlexTDOA,1785765722.339667,0.318824,3.317349,0.128054
FlexTDOA,1785765722.403940,0.415959,2.977548,0.456808
FlexTDOA,1785765722.405447,0.282602,3.404334,0.096442
FlexTDOA,1785765722.408173,0.464083,3.426946,0.089417
FlexTDOA,1785765722.470334,0.301707,3.301278,0.150226
FlexTDOA,1785765722.472421,0.277091,3.392915,0.105460
FlexTDOA,1785765722.472767,0.373023,3.172591,0.259917
FlexTDOA,1785765722.537940,0.453563,3.542755,0.135474
FlexTDOA,1785765722.595070,0.428112,3.380851,0.074201
FlexTDOA,1785765722.598055,0.287540,3.309341,0.150962
FlexTDOA,1785765722.753935,0.311442,3.317319,0.131477
FlexTDOA,1785765722.806813,0.322539,3.346756,0.100437
FlexTDOA,1785765722.807083,0.344675,3.369091,0.070219
FlexTDOA,1785765722.854291,0.471998,3.323225,0.146223
FlexTDOA,1785765722.901453,0.371258,3.403106,0.029612
FlexTDOA,1785765722.947941,0.252245,3.298687,0.181481
FlexTDOA,1785765723.012504,0.313590,3.430167,0.061293
FlexTDOA,1785765723.059279,0.350496,3.325811,0.109433
FlexTDOA,1785765723.112703,0.323498,3.444955,0.052829
FlexTDOA,1785765723.156949,0.394427,3.238026,0.195460
FlexTDOA,1785765723.157004,0.246025,3.294433,0.188827
FlexTDOA,1785765723.157387,0.391459,3.267942,0.165397
FlexTDOA,1785765723.286258,0.318806,3.449259,0.058484
FlexTDOA,1785765723.286963,0.496076,3.319708,0.165592
FlexTDOA,1785765723.331964,0.457355,3.296172,0.159357
FlexTDOA,1785765723.501616,0.335436,3.158433,0.276887
FlexTDOA,1785765723.548818,0.273827,3.415762,0.102390
FlexTDOA,1785765723.557077,0.262991,3.293475,0.178433
FlexTDOA,1785765723.644057,0.354305,3.328503,0.106006
FlexTDOA,1785765723.748348,0.290428,3.424843,0.084757
FlexTDOA,1785765723.801683,0.201061,3.357920,0.189106
FlexTDOA,1785765723.850118,0.257965,3.387424,0.125265
FlexTDOA,1785765723.907505,0.332064,3.263132,0.174688
FlexTDOA,1785765723.907545,0.319365,3.443632,0.056580
FlexTDOA,1785765723.955752,0.320233,3.502607,0.088863
FlexTDOA,1785765724.003375,0.285957,3.253802,0.199584
FlexTDOA,1785765724.003960,0.441351,3.266154,0.179152
FlexTDOA,1785765724.059276,0.405878,3.399537,0.045278
FlexTDOA,1785765724.214484,0.333942,3.302154,0.136613
FlexTDOA,1785765724.259468,0.399486,3.314867,0.120189
FlexTDOA,1785765724.259514,0.403206,3.415814,0.032912
FlexTDOA,1785765724.374484,0.332401,3.336110,0.105320
FlexTDOA,1785765724.374871,0.372059,3.270101,0.162425
FlexTDOA,1785765724.374923,0.335714,3.329843,0.109861
FlexTDOA,1785765724.419223,0.478014,3.506686,0.127077
FlexTDOA,1785765724.419293,0.104121,3.437140,0.270757
FlexTDOA,1785765724.448054,0.466295,3.354938,0.119919
FlexTDOA,1785765724.596838,0.497282,3.352729,0.146137
FlexTDOA,1785765724.661224,0.364653,3.433447,0.010229
FlexTDOA,1785765724.661267,0.343406,3.341464,0.096311
FlexTDOA,1785765724.907230,0.399276,3.258211,0.175995
FlexTDOA,1785765724.959812,0.294272,3.270037,0.181343
FlexTDOA,1785765725.059947,0.399636,3.399727,0.041099
FlexTDOA,1785765725.060013,0.322535,3.372629,0.079501
FlexTDOA,1785765725.174522,0.451237,3.429634,0.076452
FlexTDOA,1785765725.277395,0.168298,3.413787,0.207387
FlexTDOA,1785765725.359922,0.363056,3.424164,0.014434
FlexTDOA,1785765725.360107,0.382076,3.347633,0.085177
FlexTDOA,1785765725.416000,0.327464,3.460859,0.055213
FlexTDOA,1785765725.589293,0.272256,3.404645,0.106297
FlexTDOA,1785765725.642537,0.359921,3.375484,0.058937
FlexTDOA,1785765725.838678,0.322317,3.409013,0.057535
FlexTDOA,1785765725.888500,0.461845,3.388084,0.097688
FlexTDOA,1785765725.994686,0.426175,3.353764,0.093995
FlexTDOA,1785765726.049420,0.404339,3.522749,0.094947
FlexTDOA,1785765726.049930,0.401897,3.513100,0.085020
FlexTDOA,1785765726.139142,0.414008,3.412501,0.043980
FlexTDOA,1785765726.187272,0.285149,3.390865,0.098883
FlexTDOA,1785765726.187686,0.409553,3.305565,0.131598
FlexTDOA,1785765726.285100,0.196698,3.416274,0.178878
FlexTDOA,1785765726.285144,0.418773,3.309289,0.130811
FlexTDOA,1785765726.377572,0.339155,3.469485,0.051391
FlexTDOA,1785765726.505888,0.274051,3.373986,0.116543
FlexTDOA,1785765726.506114,0.369155,3.337854,0.094817
FlexTDOA,1785765726.506114,0.650535,3.467821,0.277950
FlexTDOA,1785765726.547170,0.309945,3.495676,0.090566
FlexTDOA,1785765726.607836,0.401012,3.333602,0.102304
FlexTDOA,1785765726.652137,0.285121,3.230967,0.220602
FlexTDOA,1785765726.746767,0.319576,3.238296,0.201915
FlexTDOA,1785765726.757349,0.329639,3.339310,0.103574
FlexTDOA,1785765726.990906,0.316118,3.298438,0.146360
FlexTDOA,1785765726.990945,0.322139,3.459690,0.059300
FlexTDOA,1785765727.287775,0.378049,3.363715,0.068861
FlexTDOA,1785765727.458756,0.417000,3.510303,0.088491
FlexTDOA,1785765727.526540,0.354280,3.389456,0.047703
FlexTDOA,1785765727.526742,0.380860,3.241610,0.190987
FlexTDOA,1785765727.591527,0.398144,3.504079,0.075276
FlexTDOA,1785765727.667273,0.397032,3.310883,0.123626
FlexTDOA,1785765727.667315,0.393983,3.309720,0.124265
FlexTDOA,1785765727.779019,0.392626,3.459291,0.032157
FlexTDOA,1785765727.824805,0.308872,3.368051,0.092225
FlexTDOA,1785765727.824846,0.371434,3.031512,0.401004
FlexTDOA,1785765727.825647,0.294600,3.397687,0.087466
FlexTDOA,1785765727.826142,0.263340,3.263617,0.202371
FlexTDOA,1785765728.066196,0.378784,3.317472,0.115097
FlexTDOA,1785765728.120790,0.282143,3.337400,0.132803
FlexTDOA,1785765728.120835,0.409095,3.397959,0.048648
FlexTDOA,1785765728.308858,0.413887,3.403954,0.048371
FlexTDOA,1785765728.406906,0.356350,3.353485,0.081150
FlexTDOA,1785765728.599993,0.281500,3.371505,0.111502
FlexTDOA,1785765728.661321,0.423852,3.314050,0.128192
FlexTDOA,1785765728.811908,0.421842,3.297284,0.143154
FlexTDOA,1785765728.813909,0.410033,3.372217,0.069806
FlexTDOA,1785765728.972727,0.320294,3.356631,0.093442
FlexTDOA,1785765728.972774,0.504122,3.451027,0.130604
FlexTDOA,1785765728.975935,0.324848,3.353391,0.093582
FlexTDOA,1785765729.030747,0.446267,3.331085,0.124046
FlexTDOA,1785765729.030818,0.413358,3.296667,0.141190
FlexTDOA,1785765729.030856,0.292896,3.330272,0.131017
FlexTDOA,1785765729.145539,0.393394,3.348412,0.086113
FlexTDOA,1785765729.145752,0.327675,3.405134,0.054529
FlexTDOA,1785765729.145752,0.334606,3.447018,0.042771
FlexTDOA,1785765729.145752,0.337724,3.301304,0.136346
FlexTDOA,1785765729.145752,0.373645,3.492258,0.059768
FlexTDOA,1785765729.146663,0.428638,3.267822,0.173245
FlexTDOA,1785765729.396982,0.396615,3.391418,0.046498
FlexTDOA,1785765729.454804,0.380958,3.476016,0.043943
FlexTDOA,1785765729.714442,0.446429,3.414061,0.073927
FlexTDOA,1785765729.761011,0.304922,3.289473,0.159202
FlexTDOA,1785765729.761256,0.228877,3.334141,0.176010
FlexTDOA,1785765729.761522,0.348983,3.531564,0.102381
FlexTDOA,1785765729.812371,0.491178,3.255432,0.211869
FlexTDOA,1785765729.904036,0.449075,3.292383,0.158570
FlexTDOA,1785765729.907616,0.397795,3.205327,0.228332
FlexTDOA,1785765730.000929,0.511615,3.353146,0.158130
FlexTDOA,1785765730.000973,0.533471,3.340043,0.183610
FlexTDOA,1785765730.052366,0.181335,3.346970,0.211564
FlexTDOA,1785765730.052402,0.348506,3.467864,0.044090
FlexTDOA,1785765730.104941,0.390178,3.334462,0.099233
FlexTDOA,1785765730.201227,0.521863,3.301426,0.196970
FlexTDOA,1785765730.343301,0.457127,3.327263,0.133591
FlexTDOA,1785765730.343343,0.266812,3.225605,0.233400
FlexTDOA,1785765730.392494,0.432602,3.242999,0.198111
FlexTDOA,1785765730.392536,0.448247,3.385077,0.087395
FlexTDOA,1785765730.621890,0.219063,3.369030,0.168210
FlexTDOA,1785765730.621949,0.263237,3.455249,0.113896
FlexTDOA,1785765730.621999,0.504134,3.376223,0.141012
FlexTDOA,1785765730.622275,0.394492,3.281217,0.152556
FlexTDOA,1785765730.676097,0.466766,3.504287,0.116636
FlexTDOA,1785765730.676153,0.337396,3.304853,0.133027
FlexTDOA,1785765730.677160,0.377096,3.342756,0.089774
FlexTDOA,1785765730.731791,0.307069,3.458772,0.072683
FlexTDOA,1785765730.785241,0.236126,3.335709,0.169145
FlexTDOA,1785765730.788723,0.339483,3.340542,0.098522
FlexTDOA,1785765730.791408,0.389890,3.377813,0.056722
FlexTDOA,1785765730.791449,0.332994,3.326194,0.114247
FlexTDOA,1785765731.126107,0.547284,3.344245,0.193718
FlexTDOA,1785765731.126195,0.321023,3.260879,0.179862
FlexTDOA,1785765731.223784,0.411531,3.240359,0.195615
FlexTDOA,1785765731.273893,0.347449,3.279567,0.155368
FlexTDOA,1785765731.401938,0.251514,3.361859,0.142125
FlexTDOA,1785765731.423857,0.337009,3.350009,0.090753
FlexTDOA,1785765731.423918,0.288386,3.290765,0.166022
FlexTDOA,1785765731.487602,0.374095,3.258531,0.173972
FlexTDOA,1785765731.535640,0.392403,3.311951,0.121824
FlexTDOA,1785765731.535673,0.290562,3.453638,0.086887
FlexTDOA,1785765731.636157,0.386360,3.301313,0.131693
FlexTDOA,1785765731.636583,0.271237,3.325041,0.149268
FlexTDOA,1785765731.790120,0.366468,3.323591,0.109232
FlexTDOA,1785765731.841399,0.314477,3.393664,0.071777
FlexTDOA,1785765731.841463,0.404516,3.474696,0.051586
FlexTDOA,1785765731.894687,0.453204,3.251376,0.197352
FlexTDOA,1785765731.940536,0.119718,3.318525,0.279423
FlexTDOA,1785765732.101713,0.448963,3.457702,0.078291
FlexTDOA,1785765732.201360,0.369533,3.407724,0.025339
FlexTDOA,1785765732.201407,0.313698,3.455018,0.065155
FlexTDOA,1785765732.250388,0.381860,3.564441,0.132126
FlexTDOA,1785765732.305531,0.480194,3.257287,0.204450
FlexTDOA,1785765732.305586,0.279987,3.382654,0.107152
FlexTDOA,1785765732.460676,0.484269,3.474036,0.117048
FlexTDOA,1785765732.485845,0.354901,3.370004,0.065600
FlexTDOA,1785765732.536474,0.312149,3.281177,0.163796
FlexTDOA,1785765732.691002,0.300369,3.314302,0.139702
FlexTDOA,1785765732.691447,0.311897,3.381219,0.081188
FlexTDOA,1785765732.742320,0.312013,3.493317,0.087439
FlexTDOA,1785765732.742361,0.480056,3.487583,0.118764
FlexTDOA,1785765732.755176,0.396606,3.359379,0.076293
FlexTDOA,1785765732.798753,0.287906,3.405882,0.090917
FlexTDOA,1785765732.945995,0.507848,3.359240,0.151851
FlexTDOA,1785765732.946053,0.323573,3.272586,0.167932
FlexTDOA,1785765733.054038,0.330505,3.317179,0.123551
FlexTDOA,1785765733.055152,0.309510,3.471153,0.075907
FlexTDOA,1785765733.132899,0.285535,3.262059,0.192421
FlexTDOA,1785765733.213837,0.294251,3.264714,0.186137
FlexTDOA,1785765733.223069,0.455268,3.243794,0.205133
FlexTDOA,1785765733.223289,0.336025,3.423693,0.039800
FlexTDOA,1785765733.343623,0.325160,3.341984,0.103254
FlexTDOA,1785765733.352159,0.455465,3.352690,0.113449
FlexTDOA,1785765733.401125,0.403443,3.259608,0.175243
FlexTDOA,1785765733.401169,0.300753,3.209564,0.234925
FlexTDOA,1785765733.459028,0.507663,3.256910,0.220169
FlexTDOA,1785765733.459100,0.337049,3.418427,0.040326
FlexTDOA,1785765733.534984,0.414150,3.287371,0.150361
FlexTDOA,1785765733.582076,0.461249,3.547834,0.144112
FlexTDOA,1785765733.582305,0.390429,3.279898,0.153398
FlexTDOA,1785765733.653104,0.398335,3.344381,0.091199
FlexTDOA,1785765733.704490,0.313556,3.362285,0.093199
FlexTDOA,1785765733.752633,0.361215,3.403055,0.032445
FlexTDOA,1785765733.754243,0.420019,3.336118,0.106448
FlexTDOA,1785765733.811112,0.404122,3.413093,0.035132
FlexTDOA,1785765733.881654,0.394433,3.366598,0.068755
FlexTDOA,1785765733.937189,0.438511,3.264631,0.179541
FlexTDOA,1785765734.061842,0.403483,3.473401,0.049933
FlexTDOA,1785765734.133768,0.423443,3.383721,0.068862
FlexTDOA,1785765734.192547,0.304145,3.403061,0.076579
FlexTDOA,1785765734.239687,0.269715,3.350402,0.133384
FlexTDOA,1785765734.291163,0.275444,3.459431,0.102978
FlexTDOA,1785765734.388481,0.296458,3.290448,0.162243
FlexTDOA,1785765734.537924,0.279975,3.160396,0.288167
FlexTDOA,1785765734.763089,0.320347,3.456013,0.059348
FlexTDOA,1785765734.763935,0.301998,3.386827,0.085976
FlexTDOA,1785765734.913223,0.390304,3.319500,0.114055
FlexTDOA,1785765734.913737,0.459218,3.213421,0.234768
FlexTDOA,1785765735.016727,0.414035,3.286052,0.151604
FlexTDOA,1785765735.074525,0.263845,3.341612,0.143459
FlexTDOA,1785765735.140286,0.291004,3.317323,0.142458
FlexTDOA,1785765735.140286,0.347700,3.251139,0.183381
FlexTDOA,1785765735.275655,0.450675,3.313015,0.141521
FlexTDOA,1785765735.275904,0.352368,3.314932,0.119698
FlexTDOA,1785765735.367452,0.482763,3.384145,0.118262
FlexTDOA,1785765735.413644,0.354794,3.368377,0.067185
FlexTDOA,1785765735.414179,0.259328,3.489449,0.128786
FlexTDOA,1785765735.527919,0.369127,3.343028,0.089656
FlexTDOA,1785765735.583948,0.237083,3.314299,0.181517
FlexTDOA,1785765735.669787,0.249660,3.098597,0.356598
FlexTDOA,1785765735.941906,0.325726,3.431314,0.049127
FlexTDOA,1785765735.941949,0.396999,3.285941,0.148226
FlexTDOA,1785765735.997734,0.326953,3.294100,0.146451
FlexTDOA,1785765736.097172,0.252767,3.531716,0.157305
FlexTDOA,1785765736.154930,0.389507,3.453895,0.025939
FlexTDOA,1785765736.430914,0.318435,3.390582,0.070275
FlexTDOA,1785765736.654430,0.430467,3.279096,0.163180
FlexTDOA,1785765736.655020,0.279725,3.299812,0.163258
FlexTDOA,1785765736.754599,0.263776,3.360483,0.132369
FlexTDOA,1785765736.928221,0.374040,3.264197,0.168306
FlexTDOA,1785765736.947384,0.275167,3.269012,0.191477
FlexTDOA,1785765736.997848,0.449415,3.336478,0.121582
FlexTDOA,1785765737.055604,0.264120,3.257036,0.207477
FlexTDOA,1785765737.160949,0.366511,3.385596,0.047639
FlexTDOA,1785765737.269648,0.445528,3.454549,0.074048
FlexTDOA,1785765737.269703,0.287733,3.411733,0.089547
FlexTDOA,1785765737.429960,0.255125,3.458927,0.122596
FlexTDOA,1785765737.501313,0.442311,3.344530,0.110867
FlexTDOA,1785765737.548477,0.363182,3.523920,0.092159
FlexTDOA,1785765737.646788,0.380170,3.424757,0.009402
FlexTDOA,1785765737.692963,0.341254,3.381116,0.061387
FlexTDOA,1785765737.744534,0.373650,3.352567,0.079943
FlexTDOA,1785765737.951728,0.342520,3.493785,0.069283
FlexTDOA,1785765737.951937,0.298612,3.426084,0.076496
FlexTDOA,1785765738.001533,0.328332,3.183230,0.253573
FlexTDOA,1785765738.001570,0.312675,3.378089,0.082614
FlexTDOA,1785765738.051755,0.294381,3.378815,0.096725
FlexTDOA,1785765738.051794,0.486733,3.379356,0.123874
FlexTDOA,1785765738.051834,0.320194,3.426107,0.055017
FlexTDOA,1785765738.100709,0.441856,3.442187,0.067714
FlexTDOA,1785765738.102672,0.296740,3.278294,0.172857
FlexTDOA,1785765738.147684,0.296587,3.339230,0.121749
FlexTDOA,1785765738.309133,0.260677,3.465806,0.118920
FlexTDOA,1785765738.354638,0.365451,3.478593,0.047038
FlexTDOA,1785765738.396932,0.137705,3.341941,0.253838
FlexTDOA,1785765738.396984,0.289095,3.173271,0.273043
FlexTDOA,1785765738.457288,0.364591,3.322631,0.110347
FlexTDOA,1785765738.526887,0.186514,3.429891,0.188343
FlexTDOA,1785765738.571599,0.334672,3.387083,0.060631
FlexTDOA,1785765738.675174,0.369678,3.315041,0.117573
FlexTDOA,1785765738.721332,0.382878,3.353763,0.079148
FlexTDOA,1785765738.721332,0.398220,3.321907,0.113039
FlexTDOA,1785765738.780695,0.369607,3.329561,0.103074
FlexTDOA,1785765738.882469,0.277465,3.479682,0.108201
FlexTDOA,1785765738.989831,0.405009,3.354385,0.083740
FlexTDOA,1785765738.990117,0.293669,3.262743,0.188166
FlexTDOA,1785765738.990164,0.401610,3.429356,0.026956
FlexTDOA,1785765739.099770,0.409979,3.318058,0.119717
FlexTDOA,1785765739.099823,0.278714,3.419037,0.097063
FlexTDOA,1785765739.202754,0.369125,3.457823,0.025958
FlexTDOA,1785765739.250688,0.299473,3.437639,0.075541
FlexTDOA,1785765739.297203,0.304216,3.311132,0.140421
FlexTDOA,1785765739.343457,0.346791,3.249157,0.185478
FlexTDOA,1785765739.344129,0.266885,3.346697,0.137900
FlexTDOA,1785765739.568248,0.398096,3.263242,0.170850
FlexTDOA,1785765739.568316,0.299798,3.385552,0.088517
FlexTDOA,1785765739.717169,0.439177,3.305935,0.141980
FlexTDOA,1785765739.747255,0.324322,3.370135,0.080259
FlexTDOA,1785765739.874271,0.341037,3.313915,0.123309
FlexTDOA,1785765739.877355,0.383812,3.395357,0.038213
FlexTDOA,1785765739.993123,0.346939,3.177356,0.256667
FlexTDOA,1785765739.998325,0.349550,3.280111,0.154474
FlexTDOA,1785765740.144445,0.316588,3.346929,0.103517
FlexTDOA,1785765740.242429,0.286741,3.274359,0.181026
FlexTDOA,1785765740.242514,0.352002,3.320400,0.114404
FlexTDOA,1785765740.344991,0.457578,3.288922,0.165714
FlexTDOA,1785765740.345042,0.291275,3.370143,0.104266
FlexTDOA,1785765740.357611,0.283546,3.332592,0.135338
FlexTDOA,1785765740.394667,0.354713,3.378811,0.057338
FlexTDOA,1785765740.448992,0.336460,3.263563,0.173242
FlexTDOA,1785765740.514578,0.320565,3.304079,0.139420
FlexTDOA,1785765740.621730,0.445372,3.307314,0.143690
FlexTDOA,1785765740.679199,0.328061,3.470673,0.060376
FlexTDOA,1785765740.679240,0.348595,3.285615,0.149212
FlexTDOA,1785765740.730163,0.284016,3.274006,0.182673
FlexTDOA,1785765740.792341,0.429689,3.311713,0.132659
FlexTDOA,1785765740.840225,0.299278,3.363603,0.102257
FlexTDOA,1785765740.845859,0.338249,3.325302,0.113272
FlexTDOA,1785765741.056898,0.359265,3.517758,0.086668
FlexTDOA,1785765741.056957,0.344297,3.426012,0.031224
FlexTDOA,1785765741.057325,0.257780,3.368690,0.133321
FlexTDOA,1785765741.057640,0.366220,3.295615,0.137157
FlexTDOA,1785765741.057995,0.293491,3.286497,0.167137
FlexTDOA,1785765741.126197,0.276730,3.340358,0.134595
FlexTDOA,1785765741.227230,0.268907,3.317734,0.156183
FlexTDOA,1785765741.327682,0.428218,3.283214,0.158544
FlexTDOA,1785765741.433242,0.452858,3.518371,0.116020
FlexTDOA,1785765741.433317,0.386470,3.402647,0.032040
FlexTDOA,1785765741.470441,0.244351,3.452332,0.131986
FlexTDOA,1785765741.551740,0.465548,3.459074,0.094521
FlexTDOA,1785765741.551776,0.447325,3.306370,0.145476
FlexTDOA,1785765741.551813,0.369086,3.426145,0.008573
FlexTDOA,1785765741.568207,0.381359,3.304520,0.128148
FlexTDOA,1785765741.611758,0.341112,3.433813,0.033752
FlexTDOA,1785765741.666030,0.529787,3.417801,0.155644
FlexTDOA,1785765741.709203,0.366093,3.490194,0.058352
FlexTDOA,1785765741.760428,0.288757,3.262095,0.190915
FlexTDOA,1785765741.908001,0.417660,3.377223,0.069924
FlexTDOA,1785765741.956983,0.394515,3.348674,0.086106
FlexTDOA,1785765741.957030,0.415031,3.427837,0.040462
FlexTDOA,1785765741.958212,0.345022,3.355939,0.082163
FlexTDOA,1785765741.989215,0.296820,3.269350,0.180846
FlexTDOA,1785765742.037845,0.225415,3.267488,0.222614
FlexTDOA,1785765742.077961,0.428708,3.419978,0.055306
FlexTDOA,1785765742.123537,0.516182,3.628132,0.241349
FlexTDOA,1785765742.123786,0.286994,3.348845,0.121306
FlexTDOA,1785765742.124022,0.292336,3.353156,0.114465
FlexTDOA,1785765742.124082,0.375890,3.399121,0.033397
FlexTDOA,1785765742.172502,0.283140,3.339489,0.130613
FlexTDOA,1785765742.310150,0.211983,3.376228,0.172304
FlexTDOA,1785765742.359175,0.405844,3.356740,0.081861
FlexTDOA,1785765742.521948,0.403196,3.351858,0.085484
FlexTDOA,1785765742.521993,0.297822,3.366772,0.101251
FlexTDOA,1785765742.575747,0.274211,3.357841,0.125300
FlexTDOA,1785765742.627049,0.438964,3.399483,0.072127
FlexTDOA,1785765742.795995,0.318821,3.409978,0.060376
FlexTDOA,1785765742.796040,0.395138,3.295622,0.138376
FlexTDOA,1785765742.805915,0.397261,3.347604,0.087809
FlexTDOA,1785765742.844995,0.296212,3.270379,0.180183
FlexTDOA,1785765742.895985,0.293077,3.381966,0.096119
FlexTDOA,1785765742.954628,0.470827,3.370827,0.114095
FlexTDOA,1785765743.001872,0.362361,3.415996,0.020691
FlexTDOA,1785765743.115906,0.318987,3.372504,0.081970
FlexTDOA,1785765743.115946,0.527408,3.175851,0.298575
FlexTDOA,1785765743.159907,0.297661,3.372742,0.097610
FlexTDOA,1785765743.218424,0.447653,3.501255,0.100145
FlexTDOA,1785765743.317221,0.363288,3.324378,0.108738
FlexTDOA,1785765743.317254,0.328973,3.369125,0.078232
FlexTDOA,1785765743.318840,0.340569,3.386231,0.057580
FlexTDOA,1785765743.365148,0.415539,3.343845,0.097553
FlexTDOA,1785765743.365213,0.201123,3.383909,0.180384
FlexTDOA,1785765743.403952,0.402783,3.349723,0.087368
FlexTDOA,1785765743.484896,0.342713,3.397834,0.047265
FlexTDOA,1785765743.582693,0.429394,3.456274,0.059510
FlexTDOA,1785765743.681295,0.462673,3.479022,0.099393
FlexTDOA,1785765743.838411,0.358077,3.175970,0.257078
FlexTDOA,1785765743.980909,0.404520,3.383612,0.057194
FlexTDOA,1785765744.045886,0.288800,3.298322,0.159395
FlexTDOA,1785765744.046115,0.440770,3.523906,0.112702
FlexTDOA,1785765744.092594,0.386098,3.278692,0.154221
FlexTDOA,1785765744.092765,0.350460,3.441082,0.025845
FlexTDOA,1785765744.093504,0.299556,3.394833,0.084180
FlexTDOA,1785765744.144765,0.379667,3.257851,0.174718
FlexTDOA,1785765744.189470,0.463078,3.390408,0.097765
FlexTDOA,1785765744.189552,0.200241,3.312938,0.211612
FlexTDOA,1785765744.189618,0.359776,3.451673,0.024381
FlexTDOA,1785765744.258626,0.291815,3.331623,0.130650
FlexTDOA,1785765744.296312,0.326664,3.272417,0.167176
FlexTDOA,1785765744.296361,0.484507,3.435920,0.109721
FlexTDOA,1785765744.296406,0.433178,3.560463,0.140633
FlexTDOA,1785765744.548404,0.361907,3.322975,0.110288
FlexTDOA,1785765744.548848,0.448831,3.363670,0.101058
FlexTDOA,1785765744.603884,0.353073,3.365025,0.070900
FlexTDOA,1785765744.656338,0.398220,3.356746,0.079281
FlexTDOA,1785765744.700449,0.386183,3.343513,0.089709
FlexTDOA,1785765744.751846,0.347604,3.347951,0.088829
FlexTDOA,1785765744.809549,0.367070,3.445528,0.015167
FlexTDOA,1785765744.809592,0.357310,3.258579,0.174804
FlexTDOA,1785765744.809634,0.290256,3.359300,0.111860
FlexTDOA,1785765744.910260,0.286165,3.445931,0.089685
FlexTDOA,1785765745.064782,0.407329,3.477907,0.055833
FlexTDOA,1785765745.231221,0.357948,3.481739,0.052054
FlexTDOA,1785765745.231508,0.368290,3.293289,0.139367
FlexTDOA,1785765745.283762,0.246442,3.440879,0.128669
FlexTDOA,1785765745.379298,0.357958,3.385784,0.049674
FlexTDOA,1785765745.641471,0.390675,3.412387,0.025601
FlexTDOA,1785765745.641532,0.355140,3.339490,0.095074
FlexTDOA,1785765745.694704,0.305863,3.395231,0.078401
FlexTDOA,1785765745.792959,0.373954,3.364106,0.068401
FlexTDOA,1785765745.792998,0.422796,3.377258,0.073155
FlexTDOA,1785765745.839621,0.481855,3.386037,0.116668
FlexTDOA,1785765745.992933,0.454653,3.272888,0.178457
FlexTDOA,1785765746.133489,0.379155,3.390269,0.042453
FlexTDOA,1785765746.151247,0.236385,3.279621,0.206256
FlexTDOA,1785765746.193932,0.293473,3.271988,0.179958
FlexTDOA,1785765746.215851,0.454902,3.340411,0.122028
FlexTDOA,1785765746.241770,0.363370,3.358619,0.074767
FlexTDOA,1785765746.242050,0.199529,3.301983,0.218560
FlexTDOA,1785765746.441989,0.414054,3.362761,0.080010
FlexTDOA,1785765746.442283,0.306641,3.398322,0.076284
FlexTDOA,1785765746.505770,0.388921,3.324450,0.108966
FlexTDOA,1785765746.658302,0.336938,3.473471,0.055811
FlexTDOA,1785765746.693703,0.208518,3.412838,0.167479
FlexTDOA,1785765746.742439,0.558434,3.486328,0.191323
FlexTDOA,1785765746.792643,0.266488,3.264921,0.199558
FlexTDOA,1785765746.792968,0.464151,3.298476,0.161058
FlexTDOA,1785765746.839819,0.435963,3.333158,0.116642
FlexTDOA,1785765746.885196,0.363077,3.473458,0.042612
FlexTDOA,1785765747.055225,0.499677,3.316547,0.170382
FlexTDOA,1785765747.307540,0.121201,3.411933,0.254470
FlexTDOA,1785765747.309880,0.425183,3.425865,0.050780
FlexTDOA,1785765747.311117,0.309677,3.345779,0.108475
FlexTDOA,1785765747.311117,0.314054,3.276871,0.167079
FlexTDOA,1785765747.311117,0.355456,3.462369,0.035606
FlexTDOA,1785765747.365498,0.292927,3.334210,0.127948
FlexTDOA,1785765747.365542,0.364457,3.321881,0.111107
FlexTDOA,1785765747.546869,0.487440,3.275264,0.193398
FlexTDOA,1785765747.644135,0.253322,3.291809,0.185905
FlexTDOA,1785765747.696824,0.443543,3.275271,0.171586
FlexTDOA,1785765747.838853,0.449508,3.242110,0.204511
FlexTDOA,1785765747.899284,0.253313,3.285712,0.190567
FlexTDOA,1785765747.995345,0.322677,3.447266,0.054211
FlexTDOA,1785765748.099991,0.342528,3.372290,0.068333
FlexTDOA,1785765748.250780,0.376800,3.071409,0.361098
FlexTDOA,1785765748.257408,0.467063,3.515952,0.124376
FlexTDOA,1785765748.402882,0.418150,3.372366,0.074109
FlexTDOA,1785765748.403926,0.331209,3.324653,0.116339
FlexTDOA,1785765748.693024,0.305364,3.391636,0.080602
FlexTDOA,1785765748.746062,0.284594,3.441661,0.090708
FlexTDOA,1785765748.801382,0.382057,3.394478,0.038703
FlexTDOA,1785765748.861806,0.287398,3.396581,0.094532
FlexTDOA,1785765748.862139,0.445365,3.513285,0.107237
FlexTDOA,1785765748.963418,0.354891,3.231620,0.201869
FlexTDOA,1785765749.069123,0.525455,3.392290,0.155892
FlexTDOA,1785765749.070056,0.363295,3.243186,0.189667
FlexTDOA,1785765749.124457,0.353483,3.551616,0.121014
FlexTDOA,1785765749.173821,0.270339,3.524000,0.138896
FlexTDOA,1785765749.178297,0.256102,3.564339,0.177425
FlexTDOA,1785765749.274434,0.396861,3.384106,0.053171
FlexTDOA,1785765749.288857,0.315716,3.350738,0.100899
FlexTDOA,1785765749.380747,0.452606,3.286046,0.165823
FlexTDOA,1785765749.429404,0.421195,3.409474,0.051761
FlexTDOA,1785765749.495373,0.412790,3.372005,0.071415
FlexTDOA,1785765749.544486,0.450883,3.308724,0.145270
FlexTDOA,1785765749.595423,0.369858,3.244845,0.187722
FlexTDOA,1785765749.598777,0.292481,3.372441,0.101932
FlexTDOA,1785765749.698269,0.399177,3.264347,0.169906
FlexTDOA,1785765749.743366,0.411533,3.316287,0.121870
FlexTDOA,1785765749.743411,0.393246,3.409338,0.029587
FlexTDOA,1785765749.793269,0.313308,3.292026,0.153360
FlexTDOA,1785765749.838237,0.438578,3.217719,0.224041
FlexTDOA,1785765749.841684,0.446083,3.206447,0.237016
FlexTDOA,1785765749.896550,0.271163,3.454142,0.105910
FlexTDOA,1785765750.095820,0.395916,3.369742,0.066204
FlexTDOA,1785765750.145498,0.333640,3.422791,0.042327
FlexTDOA,1785765750.246762,0.519153,3.345353,0.168587
FlexTDOA,1785765750.351199,0.243972,3.354340,0.152431
FlexTDOA,1785765750.352118,0.424973,3.326129,0.117595
FlexTDOA,1785765750.352149,0.286284,3.371001,0.107815
FlexTDOA,1785765750.352336,0.235191,3.276258,0.209555
FlexTDOA,1785765750.474082,0.382574,3.345388,0.087456
FlexTDOA,1785765750.615217,0.312103,3.487951,0.083729
FlexTDOA,1785765750.646129,0.300868,3.230838,0.214802
FlexTDOA,1785765750.804437,0.331274,3.333142,0.108490
FlexTDOA,1785765750.858333,0.476903,3.235704,0.221690
FlexTDOA,1785765750.858488,0.280316,3.354990,0.122240
FlexTDOA,1785765750.957740,0.433842,3.447449,0.060867
FlexTDOA,1785765751.006400,0.389620,3.313943,0.119477
FlexTDOA,1785765751.018434,0.311673,3.457798,0.068042
FlexTDOA,1785765751.059546,0.427164,3.349251,0.098330
FlexTDOA,1785765751.069542,0.371155,3.445144,0.013168
FlexTDOA,1785765751.069768,0.388849,3.331093,0.102372
FlexTDOA,1785765751.109371,0.482951,3.360644,0.129814
FlexTDOA,1785765751.461468,0.300652,3.306614,0.146121
FlexTDOA,1785765751.486037,0.455680,3.428295,0.080950
FlexTDOA,1785765751.580222,0.315960,3.350278,0.101131
FlexTDOA,1785765751.624658,0.415276,3.342921,0.098284
FlexTDOA,1785765751.671245,0.359321,3.475233,0.045462
FlexTDOA,1785765751.727906,0.355559,3.206391,0.226931
FlexTDOA,1785765751.774963,0.331360,3.426559,0.043883
FlexTDOA,1785765751.775010,0.503233,3.268720,0.208109
FlexTDOA,1785765751.825174,0.446670,3.377264,0.090615
FlexTDOA,1785765751.827963,0.279410,3.481239,0.107154
FlexTDOA,1785765751.832838,0.327135,3.279568,0.160201
FlexTDOA,1785765751.920740,0.306481,3.474366,0.080159
FlexTDOA,1785765751.967978,0.416703,3.298924,0.139984
FlexTDOA,1785765751.968038,0.267646,3.183571,0.271029
FlexTDOA,1785765752.013972,0.282355,3.356073,0.119977
FlexTDOA,1785765752.026243,0.459813,3.581887,0.171863
FlexTDOA,1785765752.076308,0.400015,3.480614,0.054302
FlexTDOA,1785765752.111466,0.350754,3.420249,0.027022
FlexTDOA,1785765752.118063,0.348135,3.337203,0.098969
FlexTDOA,1785765752.163028,0.334855,3.457849,0.047341
FlexTDOA,1785765752.258816,0.381857,3.216552,0.216064
FlexTDOA,1785765752.259384,0.452811,3.353280,0.111157
FlexTDOA,1785765752.302819,0.373213,3.323765,0.108749
FlexTDOA,1785765752.368585,0.326720,3.364913,0.082967
FlexTDOA,1785765752.380342,0.319469,3.455775,0.060063
FlexTDOA,1785765752.493009,0.317344,3.348540,0.101760
FlexTDOA,1785765752.493051,0.352826,3.258685,0.175205
FlexTDOA,1785765752.543805,0.385856,3.294667,0.138274
FlexTDOA,1785765752.544270,0.322419,3.406691,0.058430
FlexTDOA,1785765752.544326,0.384572,3.322143,0.110787
FlexTDOA,1785765752.596232,0.390140,3.367812,0.066474
FlexTDOA,1785765752.649228,0.329773,3.328760,0.113107
FlexTDOA,1785765752.649268,0.239937,3.322179,0.174269
FlexTDOA,1785765752.694198,0.297354,3.336483,0.123383
FlexTDOA,1785765752.745983,0.277020,3.258090,0.199969
FlexTDOA,1785765752.808731,0.420426,3.315700,0.125383
FlexTDOA,1785765752.907618,0.210506,3.332949,0.192135
FlexTDOA,1785765753.013280,0.456620,3.340715,0.122935
FlexTDOA,1785765753.013333,0.325541,3.277921,0.162251
FlexTDOA,1785765753.134430,0.344207,3.356511,0.081932
FlexTDOA,1785765753.186323,0.250110,3.436356,0.124788
FlexTDOA,1785765753.294945,0.404086,3.340137,0.096885
FlexTDOA,1785765753.341703,0.242450,3.196816,0.270323
FlexTDOA,1785765753.510803,0.223946,3.289666,0.207775
FlexTDOA,1785765753.511189,0.271172,3.356555,0.128509
FlexTDOA,1785765753.511237,0.456932,3.429408,0.082152
FlexTDOA,1785765753.638298,0.327597,3.394667,0.060525
FlexTDOA,1785765753.732605,0.427292,3.273539,0.167393
FlexTDOA,1785765753.732713,0.491030,3.444570,0.116816
FlexTDOA,1785765753.798427,0.494800,3.267945,0.203641
FlexTDOA,1785765753.863383,0.362857,3.328199,0.104988
FlexTDOA,1785765753.997239,0.336489,3.334830,0.104931
FlexTDOA,1785765754.045431,0.359444,3.340052,0.093723
FlexTDOA,1785765754.045842,0.363275,3.239004,0.193843
FlexTDOA,1785765754.045888,0.231166,3.237977,0.241830
FlexTDOA,1785765754.111072,0.330326,3.423872,0.045341
FlexTDOA,1785765754.172934,0.428456,3.320635,0.124052
FlexTDOA,1785765754.173555,0.286517,3.292741,0.165329
FlexTDOA,1785765754.227308,0.269021,3.350104,0.134115
FlexTDOA,1785765754.230054,0.353411,3.273514,0.160425
FlexTDOA,1785765754.609355,0.467773,3.315831,0.149160
FlexTDOA,1785765754.635151,0.436471,3.360071,0.095103
FlexTDOA,1785765754.640204,0.396216,3.366042,0.069813
FlexTDOA,1785765754.692655,0.285436,3.239821,0.212412
FlexTDOA,1785765754.952144,0.364887,3.358700,0.074469
FlexTDOA,1785765755.006484,0.332997,3.324968,0.115387
FlexTDOA,1785765755.061165,0.345901,3.372302,0.066793
FlexTDOA,1785765755.117771,0.289847,3.229966,0.219646
FlexTDOA,1785765755.159782,0.409210,3.277884,0.158392
FlexTDOA,1785765755.159903,0.399886,3.410257,0.033499
FlexTDOA,1785765755.259810,0.409157,3.446518,0.037071
FlexTDOA,1785765755.417092,0.344383,3.356004,0.082337
FlexTDOA,1785765755.427476,0.342166,3.189615,0.245074
FlexTDOA,1785765755.448345,0.426345,3.392974,0.064926
FlexTDOA,1785765755.632887,0.433398,3.462434,0.065766
FlexTDOA,1785765755.632971,0.351458,3.315553,0.119263
FlexTDOA,1785765755.633875,0.403028,3.256547,0.178198
FlexTDOA,1785765755.646956,0.354836,3.369965,0.065658
FlexTDOA,1785765755.815052,0.435762,3.300502,0.145381
FlexTDOA,1785765755.868524,0.353266,3.340739,0.094264
FlexTDOA,1785765755.917930,0.373176,3.442849,0.010480
FlexTDOA,1785765755.967800,0.232123,3.407221,0.144937
FlexTDOA,1785765756.019676,0.359274,3.295288,0.138094
FlexTDOA,1785765756.019741,0.305974,3.471202,0.078994
FlexTDOA,1785765756.131310,0.316120,3.345303,0.105126
FlexTDOA,1785765756.131451,0.305624,3.388841,0.081835
FlexTDOA,1785765756.348069,0.383874,3.341899,0.091052
FlexTDOA,1785765756.839505,0.245096,3.338832,0.160023
FlexTDOA,1785765756.891680,0.398740,3.475081,0.048829
FlexTDOA,1785765756.892015,0.374100,3.397504,0.035005
FlexTDOA,1785765756.945736,0.369165,3.330081,0.102578
FlexTDOA,1785765756.946028,0.365796,3.148230,0.284416
FlexTDOA,1785765756.995295,0.353846,3.269787,0.164063
FlexTDOA,1785765757.047331,0.442176,3.573066,0.155861
FlexTDOA,1785765757.057873,0.399947,3.424508,0.026351
FlexTDOA,1785765757.109690,0.275721,3.297740,0.167287
FlexTDOA,1785765757.109746,0.342904,3.338709,0.099081
FlexTDOA,1785765757.161308,0.315326,3.433200,0.059517
FlexTDOA,1785765757.161575,0.281280,3.403319,0.098004
FlexTDOA,1785765757.359133,0.323467,3.272072,0.168453
FlexTDOA,1785765757.458341,0.358170,3.330118,0.103732
FlexTDOA,1785765757.485285,0.320433,3.133582,0.303830
FlexTDOA,1785765757.485285,0.352256,3.275308,0.158808
FlexTDOA,1785765757.485422,0.479596,3.386137,0.114560
FlexTDOA,1785765757.485490,0.331168,3.293494,0.145706
FlexTDOA,1785765757.485589,0.357471,3.480275,0.050832
FlexTDOA,1785765757.485589,0.379981,3.271265,0.161318
FlexTDOA,1785765757.530142,0.335173,3.429237,0.039799
FlexTDOA,1785765757.681504,0.261348,3.395737,0.119297
FlexTDOA,1785765757.689172,0.298180,3.367347,0.100606
FlexTDOA,1785765757.827752,0.323923,3.284000,0.156988
FlexTDOA,1785765757.879303,0.438235,3.358792,0.097222
FlexTDOA,1785765757.879341,0.372226,3.284032,0.148493
FlexTDOA,1785765758.029953,0.434600,3.322110,0.125529
FlexTDOA,1785765758.030000,0.268134,3.495017,0.123669
FlexTDOA,1785765758.190637,0.225361,3.406906,0.151653
FlexTDOA,1785765758.385086,0.390468,3.367338,0.067011
FlexTDOA,1785765758.426546,0.357624,3.359467,0.075036
FlexTDOA,1785765758.543917,0.243424,3.361134,0.149543
FlexTDOA,1785765758.654973,0.390130,3.396639,0.038987
FlexTDOA,1785765758.655026,0.155177,3.392891,0.223204
FlexTDOA,1785765758.655077,0.299475,3.438200,0.075578
FlexTDOA,1785765758.658862,0.392288,3.332120,0.101887
FlexTDOA,1785765758.658921,0.342209,3.431318,0.032651
FlexTDOA,1785765758.845017,0.349668,3.309209,0.125835
FlexTDOA,1785765758.896730,0.373109,3.377457,0.055072
FlexTDOA,1785765758.896780,0.411282,3.389815,0.056127
FlexTDOA,1785765758.986965,0.360981,3.272578,0.160522
FlexTDOA,1785765759.036870,0.279507,3.347136,0.127966
FlexTDOA,1785765759.210107,0.334466,3.401148,0.051118
FlexTDOA,1785765759.411660,0.341132,3.286927,0.149426
FlexTDOA,1785765759.411733,0.400202,3.418443,0.028999
FlexTDOA,1785765759.417633,0.314595,3.613471,0.190733
FlexTDOA,1785765759.502088,0.480988,3.353159,0.132526
FlexTDOA,1785765759.558516,0.358021,3.311457,0.122207
FlexTDOA,1785765759.611044,0.326106,3.406500,0.055235
FlexTDOA,1785765759.611091,0.399418,3.200616,0.233184
FlexTDOA,1785765759.611511,0.315207,3.291582,0.153018
FlexTDOA,1785765759.611544,0.309749,3.338518,0.114322
FlexTDOA,1785765759.718905,0.339402,3.284661,0.152028
FlexTDOA,1785765759.776318,0.468259,3.460375,0.097490
FlexTDOA,1785765759.878486,0.359242,3.431885,0.015609
FlexTDOA,1785765759.941896,0.264928,3.296487,0.174872
FlexTDOA,1785765759.942501,0.487337,3.318840,0.159921
FlexTDOA,1785765759.991729,0.336266,3.325410,0.113826
FlexTDOA,1785765759.994248,0.329830,3.395706,0.058135
FlexTDOA,1785765759.994456,0.559234,3.377021,0.192562
FlexTDOA,1785765760.046532,0.290556,3.299756,0.157241
FlexTDOA,1785765760.046690,0.366057,3.335596,0.097303
FlexTDOA,1785765760.046731,0.461372,3.415516,0.088185
FlexTDOA,1785765760.242964,0.295419,3.272002,0.179074
FlexTDOA,1785765760.243253,0.394061,3.418855,0.023574
FlexTDOA,1785765760.295148,0.425759,3.336355,0.108798
FlexTDOA,1785765760.451223,0.253459,3.364330,0.139213
FlexTDOA,1785765760.581605,0.412069,3.377193,0.066672
FlexTDOA,1785765760.788859,0.413254,3.585035,0.157297
FlexTDOA,1785765760.948494,0.188591,3.467953,0.189592
FlexTDOA,1785765761.048177,0.313213,3.412549,0.064775
FlexTDOA,1785765761.090470,0.431839,3.365503,0.087965
FlexTDOA,1785765761.141051,0.328752,3.318375,0.123081
FlexTDOA,1785765761.248688,0.289764,3.628269,0.213454
FlexTDOA,1785765761.296173,0.288136,3.458781,0.090597
FlexTDOA,1785765761.344721,0.260527,3.294408,0.179268
FlexTDOA,1785765761.462655,0.219400,3.294788,0.207668
FlexTDOA,1785765761.512360,0.385784,3.417584,0.018502
FlexTDOA,1785765761.701128,0.383014,3.429786,0.008614
FlexTDOA,1785765761.808760,0.270064,3.396270,0.110862
FlexTDOA,1785765761.809533,0.276880,3.493871,0.115595
FlexTDOA,1785765761.809637,0.391169,3.242941,0.190263
FlexTDOA,1785765761.810143,0.312395,3.511294,0.100536
FlexTDOA,1785765761.964466,0.316613,3.249235,0.192293
FlexTDOA,1785765762.058997,0.413803,3.280889,0.156539
FlexTDOA,1785765762.114533,0.244408,3.459906,0.133278
FlexTDOA,1785765762.320437,0.453483,3.266886,0.183339
FlexTDOA,1785765762.320483,0.232676,3.536431,0.176101
FlexTDOA,1785765762.417178,0.328460,3.499736,0.081679
FlexTDOA,1785765762.480164,0.330405,3.263524,0.174722
FlexTDOA,1785765762.480202,0.317259,3.432501,0.057580
FlexTDOA,1785765762.692696,0.347856,3.298377,0.136812
FlexTDOA,1785765762.744639,0.347910,3.347891,0.088792
FlexTDOA,1785765762.766870,0.280428,3.380144,0.107957
FlexTDOA,1785765762.768097,0.351054,3.284479,0.149921
FlexTDOA,1785765762.813063,0.522415,3.218243,0.260165
FlexTDOA,1785765762.866908,0.346424,3.444345,0.030784
FlexTDOA,1785765763.070913,0.572655,3.397902,0.200820
FlexTDOA,1785765763.122052,0.256379,3.326551,0.158928
FlexTDOA,1785765763.281687,0.386626,3.311227,0.121846
FlexTDOA,1785765763.329620,0.292135,3.379309,0.098332
FlexTDOA,1785765763.368628,0.278258,3.301660,0.162627
FlexTDOA,1785765763.368670,0.368485,3.345836,0.086898
FlexTDOA,1785765763.484555,0.358712,3.371228,0.063360
FlexTDOA,1785765763.583899,0.354624,3.287852,0.146055
FlexTDOA,1785765763.823381,0.255463,3.394056,0.125414
FlexTDOA,1785765763.930477,0.317428,3.433978,0.057429
FlexTDOA,1785765764.035534,0.463647,3.469258,0.096114
FlexTDOA,1785765764.085644,0.471425,3.373240,0.113317
FlexTDOA,1785765764.183968,0.313030,3.338425,0.112564
FlexTDOA,1785765764.184000,0.365790,3.553572,0.121408
FlexTDOA,1785765764.234842,0.234485,3.346708,0.164498
FlexTDOA,1785765764.331987,0.383656,3.514551,0.082522
FlexTDOA,1785765764.332317,0.368677,3.265642,0.166973
FlexTDOA,1785765764.466815,0.262114,3.361904,0.133007
FlexTDOA,1785765764.466856,0.460246,3.451594,0.087516
FlexTDOA,1785765764.583086,0.289293,3.468149,0.092675
FlexTDOA,1785765764.583529,0.294544,3.348414,0.116267
FlexTDOA,1785765764.630796,0.300171,3.360232,0.103914
FlexTDOA,1785765764.743393,0.399551,3.359178,0.077376
FlexTDOA,1785765764.755600,0.327534,3.389468,0.063950
FlexTDOA,1785765764.879301,0.417822,3.423750,0.043866
FlexTDOA,1785765765.058838,0.491135,3.368887,0.132558
FlexTDOA,1785765765.062221,0.296191,3.270778,0.179833
FlexTDOA,1785765765.162665,0.318451,3.497686,0.086189
FlexTDOA,1785765765.362060,0.380254,3.342920,0.089745
FlexTDOA,1785765765.365071,0.303107,3.276439,0.171759
FlexTDOA,1785765765.603238,0.399344,3.462474,0.038715
FlexTDOA,1785765765.744260,0.336475,3.488375,0.067776
FlexTDOA,1785765765.767634,0.549140,3.285379,0.228092
FlexTDOA,1785765766.046673,0.390330,3.415192,0.023229
FlexTDOA,1785765766.096988,0.364589,3.281227,0.151621
FlexTDOA,1785765766.245903,0.405441,3.290558,0.145205
FlexTDOA,1785765766.246530,0.250813,3.246898,0.223229
FlexTDOA,1785765766.246599,0.349593,3.298799,0.136065
FlexTDOA,1785765766.350783,0.364651,3.279752,0.153089
FlexTDOA,1785765766.403772,0.388550,3.305690,0.127551
FlexTDOA,1785765766.403819,0.372933,3.325363,0.107155
FlexTDOA,1785765766.480588,0.225520,3.426924,0.149423
FlexTDOA,1785765766.480639,0.406915,3.384130,0.058041
FlexTDOA,1785765766.525574,0.315910,3.349500,0.101793
FlexTDOA,1785765766.577430,0.209988,3.328475,0.194929
FlexTDOA,1785765766.623534,0.420170,3.227153,0.210292
FlexTDOA,1785765766.673881,0.274881,3.549988,0.154255
FlexTDOA,1785765766.673924,0.315579,3.490321,0.082793
FlexTDOA,1785765766.814928,0.520366,3.311286,0.189397
FlexTDOA,1785765766.921786,0.155416,3.450102,0.220127
FlexTDOA,1785765766.970725,0.502358,3.246507,0.225511
FlexTDOA,1785765767.021819,0.337590,3.271147,0.165599
FlexTDOA,1785765767.122713,0.381007,3.415012,0.018545
FlexTDOA,1785765767.124978,0.304421,3.435787,0.070494
FlexTDOA,1785765767.178345,0.271167,3.465547,0.108811
FlexTDOA,1785765767.178523,0.317781,3.308282,0.136697
FlexTDOA,1785765767.276852,0.308222,3.487479,0.086373
FlexTDOA,1785765767.276891,0.322698,3.274911,0.165992
FlexTDOA,1785765767.325275,0.466589,3.292814,0.167125
FlexTDOA,1785765767.374938,0.445788,3.347904,0.110411
FlexTDOA,1785765767.376024,0.398500,3.298578,0.135997
FlexTDOA,1785765767.376943,0.304302,3.452385,0.073285
FlexTDOA,1785765767.541728,0.368245,3.209623,0.222976
FlexTDOA,1785765767.641777,0.340714,3.372488,0.069037
FlexTDOA,1785765767.734848,0.399672,3.356548,0.079910
FlexTDOA,1785765767.837615,0.482299,3.205906,0.250786
FlexTDOA,1785765767.926222,0.307137,3.234728,0.209040
FlexTDOA,1785765767.926535,0.343376,3.279439,0.156262
FlexTDOA,1785765767.928848,0.358236,3.425443,0.018041
FlexTDOA,1785765767.929611,0.405539,3.415210,0.035235
FlexTDOA,1785765768.081869,0.261110,3.383012,0.124030
FlexTDOA,1785765768.081903,0.096297,3.195121,0.365972
FlexTDOA,1785765768.082252,0.277173,3.525099,0.134584
FlexTDOA,1785765768.082293,0.458701,3.449771,0.085622
FlexTDOA,1785765768.082877,0.340999,3.133898,0.300515
FlexTDOA,1785765768.134387,0.363203,3.516594,0.084894
FlexTDOA,1785765768.183722,0.287516,3.327409,0.136636
FlexTDOA,1785765768.183768,0.403486,3.389718,0.051489
FlexTDOA,1785765768.183809,0.373729,3.178501,0.254003
FlexTDOA,1785765768.341429,0.471292,3.136179,0.311625
FlexTDOA,1785765768.382521,0.425577,3.279907,0.160809
FlexTDOA,1785765768.382600,0.340811,3.535512,0.108485
FlexTDOA,1785765768.438430,0.285703,3.314223,0.148104
FlexTDOA,1785765768.513409,0.306418,3.224934,0.218553
FlexTDOA,1785765768.514838,0.496723,3.408533,0.124219
FlexTDOA,1785765768.663661,0.471843,3.394004,0.104364
FlexTDOA,1785765768.665366,0.302405,3.299803,0.151180
FlexTDOA,1785765768.714548,0.336547,3.451140,0.042586
FlexTDOA,1785765768.811964,0.339791,3.357598,0.082697
FlexTDOA,1785765768.856992,0.444938,3.314819,0.136978
FlexTDOA,1785765768.857059,0.296197,3.637032,0.219128
FlexTDOA,1785765768.861830,0.171954,3.318753,0.232596
FlexTDOA,1785765768.914918,0.356362,3.387718,0.048445
FlexTDOA,1785765769.056264,0.096671,3.344723,0.291689
FlexTDOA,1785765769.059682,0.432658,3.396107,0.068320
FlexTDOA,1785765769.059880,0.375251,3.518935,0.086435
FlexTDOA,1785765769.167788,0.513936,3.381223,0.148248
FlexTDOA,1785765769.206177,0.299959,3.380488,0.091172
FlexTDOA,1785765769.396366,0.325814,3.352177,0.094103
FlexTDOA,1785765769.399010,0.397753,3.418760,0.026718
FlexTDOA,1785765769.472636,0.462978,3.365530,0.110696
FlexTDOA,1785765769.515707,0.304098,3.434247,0.070762
FlexTDOA,1785765769.563956,0.313226,3.402314,0.068610
FlexTDOA,1785765769.564002,0.409188,3.262556,0.173382
FlexTDOA,1785765769.658932,0.131445,3.440685,0.243531
FlexTDOA,1785765769.860355,0.271919,3.178168,0.274369
FlexTDOA,1785765769.860355,0.306973,3.399216,0.075589
FlexTDOA,1785765769.899765,0.344431,3.342601,0.094904
FlexTDOA,1785765770.008776,0.438523,3.430342,0.063721
FlexTDOA,1785765770.065665,0.255427,3.337617,0.152519
FlexTDOA,1785765770.118311,0.373179,3.560720,0.128229
FlexTDOA,1785765770.181305,0.387922,3.266187,0.166828
FlexTDOA,1785765770.226771,0.387775,3.241632,0.191307
FlexTDOA,1785765770.338096,0.306425,3.360496,0.099324
FlexTDOA,1785765770.424642,0.417614,3.202304,0.234138
FlexTDOA,1785765770.492047,0.315089,3.400524,0.067769
FlexTDOA,1785765770.786450,0.330771,3.403337,0.052844
FlexTDOA,1785765770.923505,0.302578,3.238655,0.206877
FlexTDOA,1785765770.925740,0.301806,3.260377,0.186978
FlexTDOA,1785765770.983327,0.384731,3.455262,0.024817
FlexTDOA,1785765770.983384,0.401946,3.383333,0.056146
FlexTDOA,1785765771.099178,0.301710,3.449805,0.075148
FlexTDOA,1785765771.248658,0.319382,3.376724,0.078655
FlexTDOA,1785765771.387666,0.436997,3.393874,0.073183
FlexTDOA,1785765771.387713,0.371801,3.383023,0.049572
FlexTDOA,1785765771.387758,0.349759,3.395415,0.044771
FlexTDOA,1785765771.388647,0.406063,3.413678,0.036460
FlexTDOA,1785765771.440119,0.390850,3.393130,0.042503
FlexTDOA,1785765771.440197,0.241134,3.320348,0.174515
FlexTDOA,1785765771.560746,0.310655,3.254095,0.189601
FlexTDOA,1785765771.581023,0.454402,3.424810,0.079934
FlexTDOA,1785765771.663791,0.366164,3.248540,0.184165
FlexTDOA,1785765771.663831,0.302287,3.514364,0.109386
FlexTDOA,1785765771.714619,0.414062,3.355078,0.086792
FlexTDOA,1785765771.715080,0.306645,3.473465,0.079551
FlexTDOA,1785765771.768512,0.473811,3.153278,0.296245
FlexTDOA,1785765771.768722,0.308784,3.313704,0.135927
FlexTDOA,1785765771.768752,0.327209,3.432102,0.047631
FlexTDOA,1785765771.768783,0.455852,3.394282,0.089576
FlexTDOA,1785765771.820637,0.431365,3.251872,0.189267
FlexTDOA,1785765771.914406,0.356184,3.356236,0.078514
FlexTDOA,1785765771.914450,0.298121,3.325421,0.131726
FlexTDOA,1785765771.951971,0.336967,3.380679,0.064185
FlexTDOA,1785765772.014172,0.325012,3.282747,0.157826
FlexTDOA,1785765772.058938,0.302239,3.325967,0.128920
FlexTDOA,1785765772.062083,0.236004,3.381929,0.147758
FlexTDOA,1785765772.062168,0.226529,3.504489,0.164857
FlexTDOA,1785765772.275233,0.372118,3.262215,0.170308
FlexTDOA,1785765772.275590,0.308040,3.362803,0.096540
FlexTDOA,1785765772.275631,0.373252,3.238295,0.194213
FlexTDOA,1785765772.507602,0.340949,3.302360,0.134482
FlexTDOA,1785765772.565180,0.433457,3.338508,0.110774
FlexTDOA,1785765772.565297,0.334076,3.466261,0.052927
FlexTDOA,1785765772.565964,0.402416,3.375650,0.063187
FlexTDOA,1785765772.566049,0.286380,3.457475,0.091916
FlexTDOA,1785765772.628162,0.350627,3.346963,0.088900
FlexTDOA,1785765772.640353,0.384378,3.373103,0.060159
FlexTDOA,1785765772.682315,0.346056,3.207755,0.226582
FlexTDOA,1785765772.682358,0.329805,3.388916,0.062671
FlexTDOA,1785765772.894002,0.391574,3.491417,0.061246
FlexTDOA,1785765772.895591,0.348301,3.454629,0.034552
FlexTDOA,1785765772.895656,0.393324,3.311789,0.122120
FlexTDOA,1785765772.950661,0.265370,3.530330,0.146812
FlexTDOA,1785765773.032886,0.649512,3.388956,0.278103
FlexTDOA,1785765773.105614,0.399449,3.468982,0.044006
FlexTDOA,1785765773.105904,0.405487,3.364053,0.074997
FlexTDOA,1785765773.105958,0.376474,3.192009,0.240498
FlexTDOA,1785765773.191336,0.291989,3.432815,0.082850
FlexTDOA,1785765773.191793,0.362301,3.314782,0.118386
FlexTDOA,1785765773.303919,0.289936,3.223406,0.225675
FlexTDOA,1785765773.358088,0.407428,3.283046,0.152967
FlexTDOA,1785765773.466709,0.486220,3.297157,0.175283
FlexTDOA,1785765773.508040,0.250929,3.393124,0.130016
FlexTDOA,1785765773.520975,0.357539,3.372932,0.062031
FlexTDOA,1785765773.625336,0.293141,3.204942,0.241780
FlexTDOA,1785765773.626380,0.269226,3.410932,0.107793
FlexTDOA,1785765773.629012,0.440826,3.595770,0.176099
FlexTDOA,1785765773.708387,0.435018,3.374254,0.083751
FlexTDOA,1785765773.762259,0.400732,3.414251,0.031679
FlexTDOA,1785765773.769647,0.391663,3.317500,0.116225
FlexTDOA,1785765773.821413,0.434341,3.334602,0.114564
FlexTDOA,1785765773.920346,0.381158,3.368425,0.064387
FlexTDOA,1785765773.920386,0.344110,3.383504,0.057836
FlexTDOA,1785765773.930417,0.467270,3.402824,0.097079
FlexTDOA,1785765773.937078,0.316482,3.358325,0.094380
FlexTDOA,1785765773.980989,0.270371,3.320285,0.153317
FlexTDOA,1785765774.208559,0.359078,3.472862,0.043329
FlexTDOA,1785765774.208615,0.325808,3.305095,0.136515
FlexTDOA,1785765774.380712,0.399531,3.329090,0.106318
FlexTDOA,1785765774.428842,0.352841,3.321652,0.113011
FlexTDOA,1785765774.428894,0.335240,3.332399,0.107650
FlexTDOA,1785765774.503220,0.350322,3.366499,0.070409
FlexTDOA,1785765774.505995,0.290112,3.398023,0.091473
FlexTDOA,1785765774.506302,0.302283,3.414847,0.074673
FlexTDOA,1785765774.506346,0.192959,3.313977,0.217090
FlexTDOA,1785765774.675279,0.363836,3.332465,0.100639
FlexTDOA,1785765774.835925,0.403753,3.384968,0.055637
FlexTDOA,1785765774.864307,0.265685,3.392910,0.116112
FlexTDOA,1785765774.865629,0.431645,3.219659,0.220293
FlexTDOA,1785765774.910031,0.412271,3.309706,0.128374
FlexTDOA,1785765774.910110,0.356065,3.384530,0.051514
FlexTDOA,1785765775.059219,0.461403,3.355649,0.115758
FlexTDOA,1785765775.067646,0.475558,3.338685,0.137644
FlexTDOA,1785765775.131020,0.394892,3.295060,0.138897
FlexTDOA,1785765775.204135,0.181197,3.311080,0.228561
FlexTDOA,1785765775.204287,0.315845,3.248156,0.193555
FlexTDOA,1785765775.356544,0.451542,3.394279,0.085699
FlexTDOA,1785765775.380441,0.325776,3.348734,0.097078
FlexTDOA,1785765775.427446,0.469281,3.197286,0.253467
FlexTDOA,1785765775.511305,0.334450,3.270181,0.167269
FlexTDOA,1785765775.515931,0.333859,3.467258,0.053734
FlexTDOA,1785765775.559507,0.353688,3.332543,0.102172
FlexTDOA,1785765775.651447,0.317646,3.322366,0.124099
FlexTDOA,1785765775.765541,0.434342,3.228529,0.212475
FlexTDOA,1785765775.863744,0.393240,3.401262,0.036256
FlexTDOA,1785765775.911750,0.467076,3.344583,0.127426
FlexTDOA,1785765775.956283,0.373893,3.272077,0.160428
FlexTDOA,1785765776.008635,0.424350,3.403416,0.057423
FlexTDOA,1785765776.163059,0.346475,3.415995,0.032817
FlexTDOA,1785765776.226016,0.313392,3.407638,0.066286
FlexTDOA,1785765776.283815,0.376535,3.143366,0.289141
FlexTDOA,1785765776.408862,0.308562,3.297591,0.150311
FlexTDOA,1785765776.410013,0.295550,3.290676,0.162484
FlexTDOA,1785765776.536651,0.317112,3.338964,0.109916
FlexTDOA,1785765776.591498,0.340125,3.279375,0.157012
FlexTDOA,1785765776.639618,0.435872,3.340524,0.110386
FlexTDOA,1785765776.684490,0.361299,3.365574,0.068283
FlexTDOA,1785765776.692178,0.470320,3.501066,0.117550
FlexTDOA,1785765776.833882,0.297757,3.448758,0.078777
FlexTDOA,1785765776.837011,0.294095,3.339255,0.123347
FlexTDOA,1785765776.893337,0.436712,3.259807,0.183444
FlexTDOA,1785765776.996979,0.312550,3.424304,0.062825
FlexTDOA,1785765777.100838,0.383818,3.343475,0.089479
FlexTDOA,1785765777.100889,0.404233,3.347143,0.090278
FlexTDOA,1785765777.101008,0.447300,3.379091,0.090018
FlexTDOA,1785765777.142189,0.316885,3.231028,0.209643
FlexTDOA,1785765777.244133,0.356794,3.259919,0.173524
FlexTDOA,1785765777.244202,0.310672,3.286005,0.159933
FlexTDOA,1785765777.296142,0.398597,3.302934,0.131728
FlexTDOA,1785765777.363640,0.392915,3.417694,0.023367
FlexTDOA,1785765777.523201,0.348258,3.421016,0.028956
FlexTDOA,1785765777.579159,0.419746,3.375844,0.072296
FlexTDOA,1785765777.627665,0.352594,3.293779,0.140495
FlexTDOA,1785765777.663017,0.263993,3.175344,0.280030
FlexTDOA,1785765777.678200,0.392588,3.337358,0.096785
FlexTDOA,1785765777.726795,0.263294,3.315059,0.161972
FlexTDOA,1785765777.726847,0.472061,3.256927,0.200695
FlexTDOA,1785765777.728502,0.345641,3.297955,0.137678
FlexTDOA,1785765777.783937,0.262739,3.352065,0.137972
FlexTDOA,1785765777.830584,0.400953,3.514185,0.085756
FlexTDOA,1785765777.990487,0.315236,3.325793,0.122226
FlexTDOA,1785765778.036022,0.350944,3.222612,0.211245
FlexTDOA,1785765778.047086,0.427936,3.396373,0.064223
FlexTDOA,1785765778.140992,0.372635,3.369226,0.063313
FlexTDOA,1785765778.189996,0.323080,3.319994,0.123842
FlexTDOA,1785765778.235419,0.539415,3.333189,0.192219
FlexTDOA,1785765778.235520,0.485157,3.342728,0.142231
FlexTDOA,1785765778.288521,0.488372,3.282537,0.188094
FlexTDOA,1785765778.335626,0.381900,3.282949,0.149720
FlexTDOA,1785765778.505448,0.399044,3.374702,0.062663
FlexTDOA,1785765778.507627,0.444003,3.311096,0.139725
FlexTDOA,1785765778.508065,0.253183,3.350831,0.146527
FlexTDOA,1785765778.508113,0.277783,3.289920,0.172479
FlexTDOA,1785765778.535454,0.373469,3.416222,0.016337
FlexTDOA,1785765778.575719,0.427644,3.398830,0.062628
FlexTDOA,1785765778.575767,0.308218,3.406018,0.071691
FlexTDOA,1785765778.685135,0.272283,3.449554,0.103964
FlexTDOA,1785765778.730407,0.335552,3.377386,0.067684
FlexTDOA,1785765778.730467,0.222083,3.214562,0.266143
FlexTDOA,1785765779.023793,0.349033,3.324758,0.110790
FlexTDOA,1785765779.075499,0.386063,3.450170,0.020933
FlexTDOA,1785765779.120457,0.159487,3.288987,0.258791
FlexTDOA,1785765779.221765,0.334161,3.305079,0.133758
FlexTDOA,1785765779.278968,0.416795,3.314210,0.125511
FlexTDOA,1785765779.371667,0.354468,3.499276,0.069812
FlexTDOA,1785765779.457250,0.301356,3.399244,0.080658
FlexTDOA,1785765779.457935,0.251882,3.462756,0.126624
FlexTDOA,1785765779.457935,0.426828,3.324611,0.119763
FlexTDOA,1785765779.504558,0.422693,3.399340,0.058221
FlexTDOA,1785765779.505747,0.436489,3.202115,0.238493
FlexTDOA,1785765779.550948,0.445627,3.362058,0.099867
FlexTDOA,1785765779.550979,0.417435,3.347306,0.095251
FlexTDOA,1785765779.598808,0.242085,3.451192,0.134063
FlexTDOA,1785765779.605185,0.304125,3.092773,0.347010
FlexTDOA,1785765779.646505,0.278970,3.445392,0.096732
FlexTDOA,1785765779.742075,0.407823,3.319733,0.117494
FlexTDOA,1785765779.791867,0.216671,3.389033,0.164032
FlexTDOA,1785765779.892020,0.255827,3.338135,0.151884
FlexTDOA,1785765779.933017,0.444803,3.278407,0.169234
FlexTDOA,1785765779.991903,0.298717,3.455312,0.079466
FlexTDOA,1785765780.046096,0.281812,3.327392,0.140363
FlexTDOA,1785765780.082383,0.422140,3.346183,0.098429
FlexTDOA,1785765780.197793,0.342465,3.308107,0.128538
FlexTDOA,1785765780.244717,0.364881,3.332298,0.100697
FlexTDOA,1785765780.247339,0.376603,3.308533,0.123981
FlexTDOA,1785765780.340633,0.339977,3.331515,0.106834
FlexTDOA,1785765780.438198,0.442195,3.324263,0.127485
FlexTDOA,1785765780.573464,0.424307,3.351160,0.095203
FlexTDOA,1785765780.573586,0.391686,3.453099,0.026610
FlexTDOA,1785765780.573637,0.400204,3.408452,0.034954
FlexTDOA,1785765780.573960,0.266987,3.295067,0.174701
FlexTDOA,1785765780.574120,0.318105,3.452491,0.060152
FlexTDOA,1785765780.577668,0.480266,3.415642,0.106767
FlexTDOA,1785765780.625094,0.311905,3.420057,0.064152
FlexTDOA,1785765780.628135,0.446791,3.282185,0.166650
FlexTDOA,1785765780.676258,0.399828,3.295563,0.139199
FlexTDOA,1785765780.723269,0.290391,3.270647,0.182560
FlexTDOA,1785765780.774990,0.362933,3.468818,0.038218
FlexTDOA,1785765780.775194,0.354997,3.329150,0.105239
FlexTDOA,1785765781.027253,0.369957,3.348608,0.084036
FlexTDOA,1785765781.027629,0.327711,3.279280,0.160306
FlexTDOA,1785765781.145557,0.221501,3.344989,0.176553
FlexTDOA,1785765781.145589,0.400013,3.360352,0.076416
FlexTDOA,1785765781.347822,0.464685,3.270877,0.184918
FlexTDOA,1785765781.347863,0.422988,3.483196,0.069916
FlexTDOA,1785765781.392395,0.321074,3.355566,0.093860
FlexTDOA,1785765781.533690,0.427257,3.395593,0.064108
FlexTDOA,1785765781.587584,0.402618,3.463315,0.041487
FlexTDOA,1785765781.628595,0.263712,3.261222,0.204171
FlexTDOA,1785765781.628638,0.198136,3.304991,0.217905
FlexTDOA,1785765781.733701,0.280692,3.401204,0.099213
FlexTDOA,1785765781.787178,0.321721,3.445604,0.054710
FlexTDOA,1785765781.787252,0.326404,3.391290,0.063594
FlexTDOA,1785765781.991363,0.397189,3.412015,0.030319
FlexTDOA,1785765782.034928,0.408559,3.415585,0.037726
FlexTDOA,1785765782.039069,0.260008,3.311101,0.167105
FlexTDOA,1785765782.087780,0.312431,3.200533,0.240216
FlexTDOA,1785765782.141928,0.206243,3.399320,0.171829
FlexTDOA,1785765782.198145,0.190638,3.402824,0.186576
FlexTDOA,1785765782.245289,0.269603,3.372864,0.120959
FlexTDOA,1785765782.397223,0.313863,3.313725,0.133513
FlexTDOA,1785765782.583105,0.439857,3.357888,0.098968
FlexTDOA,1785765782.686045,0.393624,3.573813,0.142555
FlexTDOA,1785765782.686090,0.320303,3.246020,0.194292
FlexTDOA,1785765782.686656,0.432250,3.344764,0.104852
FlexTDOA,1785765782.686782,0.459668,3.300830,0.156631
FlexTDOA,1785765782.880094,0.369333,3.280566,0.152036
FlexTDOA,1785765782.882290,0.259275,3.299281,0.176359
FlexTDOA,1785765782.929451,0.400889,3.307661,0.127530
FlexTDOA,1785765782.929523,0.182744,3.355466,0.206965
FlexTDOA,1785765782.984343,0.384857,3.424007,0.013135
FlexTDOA,1785765782.984374,0.312798,3.418986,0.063495
FlexTDOA,1785765782.984421,0.416158,3.349160,0.093022
FlexTDOA,1785765782.999517,0.416228,3.265379,0.172172
FlexTDOA,1785765783.031774,0.249742,3.382136,0.134855
FlexTDOA,1785765783.082897,0.314658,3.450537,0.062826
FlexTDOA,1785765783.184072,0.396951,3.437129,0.022592
FlexTDOA,1785765783.228293,0.472421,3.206919,0.245784
FlexTDOA,1785765783.280388,0.329861,3.292546,0.147005
FlexTDOA,1785765783.377906,0.256594,3.246986,0.219995
FlexTDOA,1785765783.377956,0.227686,3.357591,0.165123
FlexTDOA,1785765783.714650,0.344694,3.366102,0.072921
FlexTDOA,1785765783.714872,0.404469,3.339161,0.097930
FlexTDOA,1785765783.736390,0.367631,3.343140,0.089651
FlexTDOA,1785765783.781354,0.301366,3.410688,0.076642
FlexTDOA,1785765783.781536,0.460345,3.443340,0.086190
FlexTDOA,1785765783.834024,0.323066,3.386739,0.069098
FlexTDOA,1785765783.884356,0.403250,3.311849,0.123952
FlexTDOA,1785765784.042340,0.410107,3.234629,0.200991
FlexTDOA,1785765784.094686,0.314320,3.391875,0.072890
FlexTDOA,1785765784.099520,0.397644,3.361907,0.074187
FlexTDOA,1785765784.156746,0.384252,3.264751,0.168014
FlexTDOA,1785765784.204038,0.192896,3.366829,0.193432
FlexTDOA,1785765784.206802,0.399188,3.255377,0.178790
FlexTDOA,1785765784.257324,0.502372,3.389924,0.134453
FlexTDOA,1785765784.258327,0.283913,3.499860,0.113157
FlexTDOA,1785765784.319433,0.521517,3.314511,0.188246
FlexTDOA,1785765784.319503,0.459402,3.241873,0.208543
FlexTDOA,1785765784.320154,0.486710,3.318323,0.159850
FlexTDOA,1785765784.376413,0.328619,3.296319,0.143812
FlexTDOA,1785765784.376453,0.272287,3.391166,0.110569
FlexTDOA,1785765784.436739,0.352149,3.427043,0.023337
FlexTDOA,1785765784.559043,0.340990,3.313224,0.123988
FlexTDOA,1785765784.658656,0.391695,3.343454,0.090629
FlexTDOA,1785765784.658702,0.305080,3.464557,0.076771
FlexTDOA,1785765784.711765,0.258978,3.406038,0.118844
FlexTDOA,1785765784.777537,0.585177,3.451126,0.211161
FlexTDOA,1785765784.790819,0.293050,3.442650,0.082416
FlexTDOA,1785765784.921837,0.404397,3.151998,0.282056
FlexTDOA,1785765784.933781,0.354550,3.325795,0.108618
FlexTDOA,1785765785.078176,0.370115,3.343944,0.088684
FlexTDOA,1785765785.079093,0.352197,3.414153,0.029142
FlexTDOA,1785765785.087216,0.351575,3.156919,0.276562
FlexTDOA,1785765785.138246,0.309249,3.374208,0.087750
FlexTDOA,1785765785.179395,0.418078,3.426098,0.043711
FlexTDOA,1785765785.179438,0.264246,3.187145,0.269129
FlexTDOA,1785765785.226306,0.290627,3.268743,0.184143
FlexTDOA,1785765785.226355,0.313324,3.294051,0.151501
FlexTDOA,1785765785.331388,0.294007,3.470263,0.089217
FlexTDOA,1785765785.378818,0.280159,3.395066,0.101812
FlexTDOA,1785765785.501270,0.432650,3.426345,0.058139
FlexTDOA,1785765785.553918,0.382979,3.357825,0.075119
FlexTDOA,1785765785.556857,0.376924,3.288769,0.143748
FlexTDOA,1785765785.559221,0.409147,3.138563,0.295934
FlexTDOA,1785765785.602540,0.362608,3.473011,0.042316
FlexTDOA,1785765785.651858,0.290375,3.340579,0.124835
FlexTDOA,1785765785.814497,0.263096,3.387746,0.120373
FlexTDOA,1785765785.861193,0.388801,3.464361,0.034784
FlexTDOA,1785765786.012336,0.408135,3.171819,0.262800
FlexTDOA,1785765786.058490,0.259116,3.302224,0.174253
FlexTDOA,1785765786.058530,0.283957,3.432450,0.090881
FlexTDOA,1785765786.058794,0.371086,3.234637,0.197900
FlexTDOA,1785765786.058829,0.202218,3.391190,0.177495
FlexTDOA,1785765786.110725,0.345185,3.399869,0.044093
FlexTDOA,1785765786.119259,0.158227,3.417963,0.217099
FlexTDOA,1785765786.167876,0.262854,3.369003,0.128735
FlexTDOA,1785765786.327189,0.472006,3.341954,0.132817
FlexTDOA,1785765786.532736,0.290060,3.190254,0.256654
FlexTDOA,1785765786.586666,0.319445,3.387599,0.071307
FlexTDOA,1785765786.693256,0.362130,3.387579,0.046686
FlexTDOA,1785765786.743041,0.394126,3.355108,0.079760
FlexTDOA,1785765786.798628,0.388809,3.521911,0.090495
FlexTDOA,1785765787.011914,0.256180,3.541108,0.160858
FlexTDOA,1785765787.064616,0.133003,3.241871,0.307935
FlexTDOA,1785765787.067950,0.393267,3.394388,0.042335
FlexTDOA,1785765787.120148,0.448905,3.262617,0.185328
FlexTDOA,1785765787.125825,0.296014,3.409388,0.082143
FlexTDOA,1785765787.319533,0.452950,3.354150,0.110636
FlexTDOA,1785765787.319637,0.347836,3.511564,0.083547
FlexTDOA,1785765787.369872,0.302084,3.337136,0.119949
FlexTDOA,1785765787.414676,0.308297,3.410393,0.070119
FlexTDOA,1785765787.416955,0.484995,3.322953,0.155356
FlexTDOA,1785765787.445172,0.355751,3.390561,0.046080
FlexTDOA,1785765787.486529,0.321599,3.495398,0.082404
FlexTDOA,1785765787.486617,0.326075,3.388392,0.065754
FlexTDOA,1785765787.534050,0.399085,3.312966,0.121970
FlexTDOA,1785765787.584046,0.277542,3.383856,0.108780
FlexTDOA,1785765787.633540,0.267885,3.431842,0.106956
FlexTDOA,1785765787.636071,0.350580,3.428683,0.024557
FlexTDOA,1785765787.743175,0.263526,3.369325,0.127992
FlexTDOA,1785765787.843199,0.426960,3.202061,0.236261
FlexTDOA,1785765787.845544,0.090821,3.377804,0.289236
FlexTDOA,1785765787.845636,0.387159,3.221017,0.211843
FlexTDOA,1785765787.889161,0.339803,3.398132,0.049079
FlexTDOA,1785765788.131734,0.395221,3.305892,0.128240
FlexTDOA,1785765788.234592,0.374140,3.334038,0.098466
FlexTDOA,1785765788.240417,0.326103,3.393378,0.062497
FlexTDOA,1785765788.292332,0.332288,3.254254,0.183256
FlexTDOA,1785765788.389817,0.265973,3.288209,0.180754
FlexTDOA,1785765788.389889,0.381239,3.248947,0.183666
FlexTDOA,1785765788.509894,0.329311,3.411512,0.050133
FlexTDOA,1785765788.558648,0.415337,3.384359,0.062911
FlexTDOA,1785765788.571385,0.436929,3.286002,0.159114
FlexTDOA,1785765788.572164,0.354270,3.277652,0.156210
FlexTDOA,1785765788.619942,0.339923,3.407589,0.042892
FlexTDOA,1785765788.715288,0.278176,3.251594,0.205112
FlexTDOA,1785765788.775172,0.391102,3.301458,0.132049
FlexTDOA,1785765788.775243,0.492055,3.355636,0.140172
FlexTDOA,1785765788.775291,0.287150,3.295087,0.163009
FlexTDOA,1785765788.891382,0.236161,3.346575,0.163141
FlexTDOA,1785765789.002025,0.307580,3.388461,0.080395
FlexTDOA,1785765789.063430,0.221389,3.398549,0.157160
FlexTDOA,1785765789.082529,0.526718,3.365725,0.165911
FlexTDOA,1785765789.129348,0.221863,3.314071,0.193462
FlexTDOA,1785765789.232418,0.372475,3.338302,0.094229
FlexTDOA,1785765789.279205,0.254767,3.289631,0.186626
FlexTDOA,1785765789.279248,0.289498,3.434897,0.085374
FlexTDOA,1785765789.280291,0.469787,3.279107,0.180402
FlexTDOA,1785765789.632385,0.413215,3.499794,0.077466
FlexTDOA,1785765789.731864,0.325378,3.419419,0.051161
FlexTDOA,1785765789.740909,0.365521,3.225260,0.207450
FlexTDOA,1785765789.778806,0.466290,3.398268,0.097649
FlexTDOA,1785765789.825773,0.420528,3.310502,0.130274
FlexTDOA,1785765789.910171,0.251591,3.372748,0.136969
FlexTDOA,1785765789.925429,0.323500,3.363231,0.086220
FlexTDOA,1785765789.996306,0.293128,3.420656,0.082565
FlexTDOA,1785765789.997180,0.448019,3.273503,0.175031
FlexTDOA,1785765790.050692,0.300749,3.171336,0.271471
FlexTDOA,1785765790.098711,0.295647,3.318285,0.138984
FlexTDOA,1785765790.144928,0.359199,3.357075,0.077031
FlexTDOA,1785765790.145105,0.245789,3.235053,0.235881
FlexTDOA,1785765790.162529,0.369154,3.279530,0.153077
FlexTDOA,1785765790.197168,0.323515,3.348576,0.098375
FlexTDOA,1785765790.344301,0.487430,3.453199,0.114478
FlexTDOA,1785765790.391225,0.490462,3.351554,0.141142
FlexTDOA,1785765790.391264,0.436108,3.332007,0.117700
FlexTDOA,1785765790.457369,0.368542,3.281878,0.150755
FlexTDOA,1785765790.460762,0.396477,3.246098,0.187655
FlexTDOA,1785765790.573374,0.480290,3.372434,0.121360
FlexTDOA,1785765790.574941,0.565870,3.332744,0.215510
FlexTDOA,1785765790.628159,0.451770,3.409031,0.080432
FlexTDOA,1785765790.678526,0.259574,3.335657,0.150548
FlexTDOA,1785765790.678602,0.317178,3.300907,0.143673
FlexTDOA,1785765790.729872,0.604447,3.315669,0.257624
FlexTDOA,1785765790.774200,0.435228,3.493280,0.085679
FlexTDOA,1785765790.960192,0.279380,3.383339,0.107375
FlexTDOA,1785765791.179962,0.490383,3.217138,0.244401
FlexTDOA,1785765791.420920,0.430644,3.292857,0.150383
FlexTDOA,1785765791.421185,0.420933,3.302132,0.138279
FlexTDOA,1785765791.493721,0.354777,3.412454,0.028361
FlexTDOA,1785765791.538486,0.460367,3.374538,0.103320
FlexTDOA,1785765791.538529,0.247855,3.318522,0.170635
FlexTDOA,1785765791.594483,0.466649,3.385657,0.103070
FlexTDOA,1785765791.632297,0.310878,3.229414,0.212922
FlexTDOA,1785765791.632403,0.308027,3.435970,0.066901
FlexTDOA,1785765791.632454,0.438207,3.235825,0.206633
FlexTDOA,1785765791.690840,0.409484,3.210803,0.224390
FlexTDOA,1785765791.793351,0.371845,3.376868,0.055714
FlexTDOA,1785765792.166281,0.468353,3.415665,0.095018
FlexTDOA,1785765792.219952,0.286215,3.359018,0.115126
FlexTDOA,1785765792.273689,0.371226,3.410589,0.022208
Native DS-TWR,1785765810.039433,0.355260,3.340037,0.094515
Native DS-TWR,1785765810.438376,0.340809,3.323130,0.114543
Native DS-TWR,1785765810.857038,0.338843,3.322571,0.115674
Native DS-TWR,1785765811.269307,0.349696,3.302039,0.132863
Native DS-TWR,1785765811.674603,0.329149,3.330126,0.112108
Native DS-TWR,1785765812.095743,0.351353,3.326179,0.108885
Native DS-TWR,1785765812.490602,0.325446,3.321460,0.121531
Native DS-TWR,1785765812.907167,0.335883,3.317798,0.121138
Native DS-TWR,1785765813.323375,0.346682,3.305791,0.129801
Native DS-TWR,1785765813.730438,0.339941,3.321653,0.116212
Native DS-TWR,1785765814.141445,0.346032,3.306875,0.128887
Native DS-TWR,1785765814.542022,0.353614,3.318453,0.116007
Native DS-TWR,1785765815.370760,0.333640,3.322277,0.117672
Native DS-TWR,1785765816.189160,0.344156,3.313991,0.122418
Native DS-TWR,1785765816.590163,0.336563,3.332748,0.106845
Native DS-TWR,1785765817.020168,0.342140,3.314874,0.122087
Native DS-TWR,1785765817.421229,0.350322,3.313588,0.121415
Native DS-TWR,1785765817.841239,0.341052,3.305050,0.131854
Native DS-TWR,1785765818.249654,0.340780,3.329992,0.108020
Native DS-TWR,1785765818.638019,0.332620,3.321361,0.118889
Native DS-TWR,1785765819.053115,0.311648,3.349785,0.104092
Native DS-TWR,1785765819.465779,0.343121,3.311896,0.124707
Native DS-TWR,1785765819.880558,0.344049,3.323774,0.113003
Native DS-TWR,1785765820.305686,0.353217,3.345355,0.089789
Native DS-TWR,1785765820.690373,0.350346,3.335585,0.099964
Native DS-TWR,1785765821.109673,0.341402,3.326309,0.111332
Native DS-TWR,1785765821.923693,0.338165,3.312531,0.125450
Native DS-TWR,1785765822.740130,0.334981,3.313158,0.125823
Native DS-TWR,1785765823.156271,0.335075,3.328430,0.111409
Native DS-TWR,1785765823.565092,0.346268,3.330341,0.106081
Native DS-TWR,1785765823.989058,0.345475,3.331989,0.104714
Native DS-TWR,1785765824.382697,0.340642,3.323471,0.114267
Native DS-TWR,1785765824.785141,0.337924,3.332270,0.106813
Native DS-TWR,1785765825.203340,0.343278,3.335827,0.101696
Native DS-TWR,1785765825.612713,0.338499,3.320033,0.118193
Native DS-TWR,1785765826.028220,0.345533,3.373610,0.065780
Native DS-TWR,1785765826.434568,0.307155,3.331015,0.121986
Native DS-TWR,1785765827.254249,0.356444,3.316297,0.117651
Native DS-TWR,1785765827.663829,0.334232,3.306848,0.132052
Native DS-TWR,1785765828.074106,0.340895,3.336095,0.102207
Native DS-TWR,1785765828.487375,0.316433,3.331082,0.117035
Native DS-TWR,1785765828.884496,0.350967,3.308867,0.125918
Native DS-TWR,1785765829.303493,0.339886,3.306367,0.130887
Native DS-TWR,1785765829.713140,0.350874,3.331761,0.103551
Native DS-TWR,1785765830.123867,0.349120,3.351708,0.084789
Native DS-TWR,1785765830.933884,0.343991,3.304704,0.131468
Native DS-TWR,1785765831.353886,0.345585,3.312494,0.123521
Native DS-TWR,1785765831.764103,0.351917,3.325073,0.109846
Native DS-TWR,1785765832.174240,0.337502,3.300474,0.137205
Native DS-TWR,1785765832.585750,0.347141,3.331360,0.104865
Native DS-TWR,1785765832.988337,0.343563,3.323921,0.112995
Native DS-TWR,1785765833.402981,0.329508,3.306718,0.133702
Native DS-TWR,1785765833.814075,0.335919,3.323474,0.115766
Native DS-TWR,1785765834.223048,0.348797,3.316370,0.119016
Native DS-TWR,1785765834.640634,0.350091,3.320055,0.115137
Native DS-TWR,1785765835.036908,0.335516,3.322564,0.116758
Native DS-TWR,1785765835.452692,0.342853,3.323488,0.113609
Native DS-TWR,1785765835.865293,0.339480,3.322762,0.115295
Native DS-TWR,1785765836.279915,0.321385,3.320436,0.124161
Native DS-TWR,1785765837.086324,0.349030,3.322563,0.112927
Native DS-TWR,1785765837.505558,0.317762,3.328557,0.118584
Native DS-TWR,1785765837.914187,0.336870,3.333235,0.106280
Native DS-TWR,1785765838.326389,0.334420,3.322849,0.116865
Native DS-TWR,1785765838.742871,0.354254,3.333217,0.101396
Native DS-TWR,1785765839.133775,0.342660,3.295896,0.140344
Native DS-TWR,1785765839.555367,0.365520,3.304126,0.128713
Native DS-TWR,1785765839.964651,0.349830,3.336806,0.098909
Native DS-TWR,1785765840.374866,0.360633,3.336262,0.097282
Native DS-TWR,1785765840.786047,0.353465,3.316960,0.117502
Native DS-TWR,1785765841.188719,0.341486,3.332008,0.105884
Native DS-TWR,1785765841.603547,0.343025,3.316541,0.120245
Native DS-TWR,1785765842.013473,0.361929,3.315219,0.117991
Native DS-TWR,1785765842.423482,0.348803,3.323235,0.112325
Native DS-TWR,1785765842.835105,0.356200,3.355807,0.078927
Native DS-TWR,1785765843.234348,0.352812,3.348233,0.087100
Native DS-TWR,1785765843.655194,0.329639,3.332180,0.110034
Native DS-TWR,1785765844.067226,0.347575,3.307061,0.128369
Native DS-TWR,1785765844.473495,0.335668,3.316095,0.122820
Native DS-TWR,1785765844.886858,0.336007,3.332817,0.106981
Native DS-TWR,1785765845.285975,0.354340,3.347660,0.087283
Native DS-TWR,1785765845.713486,0.353501,3.376138,0.060267
Native DS-TWR,1785765846.115359,0.351075,3.301874,0.132772
Native DS-TWR,1785765846.943075,0.350380,3.331728,0.103699
Native DS-TWR,1785765847.336268,0.342207,3.338810,0.099211
Native DS-TWR,1785765847.773332,0.338029,3.308542,0.129309
Native DS-TWR,1785765848.165279,0.337733,3.355758,0.085243
Native DS-TWR,1785765848.572089,0.341583,3.301086,0.135558
Native DS-TWR,1785765848.986599,0.322024,3.325358,0.119454
Native DS-TWR,1785765849.385402,0.337831,3.313167,0.124941
Native DS-TWR,1785765849.816550,0.354139,3.315066,0.119246
Native DS-TWR,1785765850.218686,0.343383,3.327559,0.109556
Native DS-TWR,1785765850.623636,0.351089,3.325049,0.110046
Native DS-TWR,1785765851.042517,0.359252,3.323429,0.110181
Native DS-TWR,1785765851.435862,0.350136,3.344123,0.091766
Native DS-TWR,1785765851.855139,0.345203,3.321225,0.115156
Native DS-TWR,1785765852.267931,0.352517,3.359705,0.076142
Native DS-TWR,1785765852.679848,0.340510,3.345302,0.093713
Native DS-TWR,1785765853.086474,0.347098,3.312282,0.123378
Native DS-TWR,1785765853.485761,0.354427,3.333615,0.100971
Native DS-TWR,1785765854.324597,0.352020,3.330930,0.104103
Native DS-TWR,1785765854.725079,0.347789,3.339887,0.096483
Native DS-TWR,1785765855.133229,0.341346,3.316197,0.121031
Native DS-TWR,1785765855.538358,0.337148,3.332779,0.106608
Native DS-TWR,1785765855.956066,0.342831,3.346395,0.091863
Native DS-TWR,1785765856.365624,0.354299,3.324785,0.109657
Native DS-TWR,1785765856.774471,0.354748,3.308347,0.125769
Native DS-TWR,1785765857.186171,0.355385,3.359634,0.075419
Native DS-TWR,1785765857.584613,0.350068,3.343762,0.092132
Native DS-TWR,1785765858.003185,0.362470,3.341664,0.091676
Native DS-TWR,1785765858.417380,0.339263,3.324475,0.113734
Native DS-TWR,1785765858.827903,0.347565,3.344949,0.091702
Native DS-TWR,1785765859.245639,0.352994,3.344514,0.090659
Native DS-TWR,1785765859.646845,0.351806,3.318857,0.115955
Native DS-TWR,1785765860.056864,0.348273,3.328953,0.106902
Native DS-TWR,1785765860.465127,0.348791,3.303262,0.131838
Native DS-TWR,1785765860.877799,0.334550,3.321224,0.118347
Native DS-TWR,1785765861.284930,0.343513,3.315123,0.121487
Native DS-TWR,1785765861.700188,0.346768,3.349766,0.087368
Native DS-TWR,1785765862.129599,0.357938,3.343368,0.090722
Native DS-TWR,1785765862.536565,0.343805,3.309232,0.127116
Native DS-TWR,1785765862.937060,0.342403,3.322643,0.114547
Native DS-TWR,1785765863.348881,0.341625,3.309605,0.127306
Native DS-TWR,1785765863.735011,0.325810,3.321760,0.121110
Native DS-TWR,1785765864.152241,0.360336,3.331034,0.102499
Native DS-TWR,1785765864.564768,0.348694,3.314566,0.120799
Native DS-TWR,1785765864.985245,0.341310,3.306120,0.130753
Native DS-TWR,1785765865.399744,0.328348,3.356673,0.088946
Native DS-TWR,1785765865.795002,0.351349,3.327260,0.107832
Native DS-TWR,1785765866.218961,0.354582,3.327535,0.106903
Native DS-TWR,1785765866.628457,0.350265,3.324865,0.110406
Native DS-TWR,1785765867.037297,0.342415,3.315955,0.120972
Native DS-TWR,1785765867.446859,0.343863,3.341686,0.095953
Native DS-TWR,1785765867.833743,0.352670,3.295916,0.138373
Native DS-TWR,1785765868.254240,0.342003,3.321421,0.115832
Native DS-TWR,1785765868.664213,0.351052,3.322114,0.112921
Native DS-TWR,1785765869.074849,0.338473,3.316594,0.121479
Native DS-TWR,1785765869.484052,0.347935,3.324583,0.111221
Native DS-TWR,1785765869.887280,0.328771,3.304417,0.136117
Native DS-TWR,1785765870.306763,0.348467,3.319785,0.115760
Native DS-TWR,1785765871.124913,0.337632,3.308695,0.129277
Native DS-TWR,1785765871.543018,0.342552,3.325234,0.112021
Native DS-TWR,1785765871.933698,0.336534,3.316233,0.122416
Native DS-TWR,1785765872.353751,0.331381,3.315052,0.125232
Native DS-TWR,1785765872.765125,0.363931,3.304883,0.128084
Native DS-TWR,1785765873.174883,0.349908,3.317298,0.117870
Native DS-TWR,1785765873.585115,0.357790,3.309468,0.124209
Native DS-TWR,1785765873.995875,0.351078,3.324360,0.110721
Native DS-TWR,1785765874.420003,0.355042,3.300146,0.133828
Native DS-TWR,1785765874.816264,0.329739,3.337104,0.105521
Native DS-TWR,1785765875.230624,0.347135,3.335296,0.101076
Native DS-TWR,1785765875.633100,0.347765,3.332345,0.103751
Native DS-TWR,1785765876.033999,0.333608,3.321786,0.118143
Native DS-TWR,1785765876.457418,0.339047,3.301088,0.136200
Native DS-TWR,1785765876.863533,0.351922,3.327304,0.107665
Native DS-TWR,1785765877.282113,0.343773,3.336354,0.101041
Native DS-TWR,1785765877.689134,0.330510,3.348982,0.094555
Native DS-TWR,1785765878.090021,0.348774,3.318274,0.117163
Native DS-TWR,1785765878.509053,0.346333,3.339164,0.097593
Native DS-TWR,1785765878.917207,0.365349,3.332709,0.100243
Native DS-TWR,1785765879.325379,0.331351,3.307749,0.132115
Native DS-TWR,1785765879.741462,0.340332,3.308763,0.128459
Native DS-TWR,1785765880.140413,0.343739,3.318092,0.118561
Native DS-TWR,1785765880.553859,0.325993,3.349142,0.096616
Native DS-TWR,1785765880.963643,0.356278,3.334373,0.099869
Native DS-TWR,1785765881.377104,0.329903,3.339654,0.103149
Native DS-TWR,1785765881.786279,0.344195,3.321097,0.115542
Native DS-TWR,1785765882.185964,0.345124,3.342147,0.095116
Native DS-TWR,1785765882.605117,0.355353,3.325265,0.108992
Native DS-TWR,1785765883.015975,0.337830,3.319904,0.118524
Native DS-TWR,1785765883.430086,0.353855,3.320555,0.113896
Native DS-TWR,1785765883.842113,0.328640,3.318514,0.122994
Native DS-TWR,1785765884.240148,0.342876,3.357815,0.081239
Native DS-TWR,1785765884.651059,0.360299,3.319787,0.113648
Native DS-TWR,1785765885.061385,0.366560,3.334592,0.098259
Native DS-TWR,1785765885.474528,0.349319,3.316545,0.118731
Native DS-TWR,1785765885.882271,0.324191,3.326135,0.117809
Native DS-TWR,1785765886.289047,0.349786,3.337413,0.098333
Native DS-TWR,1785765886.707325,0.353070,3.335248,0.099660
Native DS-TWR,1785765887.113299,0.348898,3.314036,0.121273
Native DS-TWR,1785765887.526093,0.345243,3.348385,0.089171
Native DS-TWR,1785765887.937092,0.351826,3.305831,0.128744
Native DS-TWR,1785765888.338320,0.339365,3.313477,0.124198
Native DS-TWR,1785765888.751706,0.337327,3.324626,0.114212
Native DS-TWR,1785765889.161396,0.343129,3.332044,0.105344
Native DS-TWR,1785765889.575239,0.336207,3.306050,0.132221
Native DS-TWR,1785765889.984937,0.351154,3.325882,0.109218
Native DS-TWR,1785765890.391876,0.339790,3.346515,0.092855
Native DS-TWR,1785765890.806157,0.329115,3.339380,0.103741
Native DS-TWR,1785765891.216434,0.342979,3.311497,0.125129
Native DS-TWR,1785765891.625047,0.350066,3.305955,0.128949
Native DS-TWR,1785765892.036639,0.352911,3.329312,0.105494
Native DS-TWR,1785765892.438398,0.344906,3.326150,0.110484
Native DS-TWR,1785765892.852717,0.353529,3.356515,0.078918
Native DS-TWR,1785765893.265049,0.329688,3.302310,0.137798
Native DS-TWR,1785765893.672218,0.348185,3.337081,0.099073
Native DS-TWR,1785765894.089472,0.358530,3.350488,0.083619
Native DS-TWR,1785765894.493427,0.335093,3.326302,0.113393
Native DS-TWR,1785765894.902487,0.335460,3.320753,0.118484
Native DS-TWR,1785765895.316563,0.332449,3.303553,0.135737
Native DS-TWR,1785765896.139169,0.347672,3.310008,0.125470
Native DS-TWR,1785765896.540211,0.330319,3.297789,0.141879
Native DS-TWR,1785765896.956807,0.349441,3.343573,0.092484
Native DS-TWR,1785765897.365240,0.357432,3.330203,0.103768
Native DS-TWR,1785765897.778299,0.337478,3.312354,0.125822
Native DS-TWR,1785765898.182509,0.359424,3.330669,0.102992
Native DS-TWR,1785765898.585592,0.334992,3.321504,0.117933
Native DS-TWR,1785765899.005110,0.338585,3.330923,0.107854
Native DS-TWR,1785765899.420325,0.350645,3.322814,0.112324
Native DS-TWR,1785765899.824398,0.329470,3.317447,0.123676
Native DS-TWR,1785765900.233654,0.349990,3.307719,0.127232
Native DS-TWR,1785765900.637577,0.339030,3.331279,0.107370
Native DS-TWR,1785765901.052489,0.335751,3.306911,0.131533
Native DS-TWR,1785765901.464485,0.325829,3.345465,0.099887
Native DS-TWR,1785765901.874735,0.346383,3.342745,0.094159
Native DS-TWR,1785765902.282274,0.324493,3.355153,0.092290
Native DS-TWR,1785765902.685410,0.336098,3.312900,0.125720
Native DS-TWR,1785765903.516789,0.343479,3.346200,0.091822
Native DS-TWR,1785765903.931487,0.353500,3.320954,0.113570
Native DS-TWR,1785765904.341470,0.332395,3.324330,0.116200
Native DS-TWR,1785765904.743723,0.349995,3.293282,0.141419
Native DS-TWR,1785765905.170472,0.333612,3.323342,0.116685
Native DS-TWR,1785765905.579046,0.336433,3.293728,0.143990
Native DS-TWR,1785765905.985680,0.353265,3.324775,0.109865
Native DS-TWR,1785765906.394948,0.352268,3.336231,0.098881
Native DS-TWR,1785765906.794091,0.351203,3.320431,0.114536
Native DS-TWR,1785765907.622092,0.323194,3.303103,0.139324
Native DS-TWR,1785765908.029125,0.357657,3.326136,0.107744
Native DS-TWR,1785765908.436506,0.329752,3.342622,0.100554
Native DS-TWR,1785765908.834676,0.349670,3.321438,0.113880
Native DS-TWR,1785765909.255713,0.352346,3.319994,0.114734
Native DS-TWR,1785765909.662828,0.341863,3.312527,0.124424
Native DS-TWR,1785765910.072939,0.336513,3.322356,0.116623
Native DS-TWR,1785765910.486700,0.343535,3.302932,0.133297
Native DS-TWR,1785765910.883775,0.362961,3.329019,0.104162
Native DS-TWR,1785765911.716977,0.356738,3.354070,0.080493
Native DS-TWR,1785765912.128327,0.364393,3.321231,0.111759
Native DS-TWR,1785765912.533833,0.353806,3.303602,0.130604
Native DS-TWR,1785765912.934731,0.322881,3.326629,0.117935
Native DS-TWR,1785765913.358347,0.349191,3.309872,0.125283
Native DS-TWR,1785765913.762182,0.332340,3.338749,0.102935
Native DS-TWR,1785765914.586782,0.314997,3.347096,0.104284
Native DS-TWR,1785765914.986954,0.330343,3.323967,0.117302
Native DS-TWR,1785765915.405435,0.339300,3.326530,0.111772
Native DS-TWR,1785765915.817519,0.346295,3.313804,0.122081
Native DS-TWR,1785765916.225016,0.345046,3.327007,0.109621
Native DS-TWR,1785765916.635181,0.335310,3.325006,0.114533
Native DS-TWR,1785765917.036016,0.361161,3.314269,0.119021
Native DS-TWR,1785765917.452878,0.329830,3.305219,0.135005
Native DS-TWR,1785765917.858102,0.346759,3.339521,0.097127
Native DS-TWR,1785765918.679258,0.355347,3.321869,0.112336
Native DS-TWR,1785765919.078007,0.343248,3.329709,0.107537
Native DS-TWR,1785765919.497195,0.359743,3.331002,0.102616
Native DS-TWR,1785765920.313172,0.353461,3.340468,0.094484
Native DS-TWR,1785765920.723993,0.347485,3.301399,0.133926
Native DS-TWR,1785765921.126604,0.325207,3.314597,0.127925
Native DS-TWR,1785765921.546484,0.345260,3.322049,0.114345
Native DS-TWR,1785765921.956441,0.344752,3.314893,0.121396
Native DS-TWR,1785765922.370050,0.341325,3.322916,0.114596
Native DS-TWR,1785765922.772790,0.342769,3.352827,0.085886
Native DS-TWR,1785765923.175960,0.347063,3.323187,0.112788
Native DS-TWR,1785765923.596481,0.340891,3.306986,0.130025
Native DS-TWR,1785765924.003200,0.349267,3.322274,0.113155
Native DS-TWR,1785765924.415822,0.342017,3.330206,0.107432
Native DS-TWR,1785765924.825091,0.331959,3.353880,0.089555
Native DS-TWR,1785765925.225741,0.336028,3.333394,0.106436
Native DS-TWR,1785765925.644771,0.343843,3.312023,0.124402
Native DS-TWR,1785765926.055673,0.356260,3.302805,0.131021
Native DS-TWR,1785765926.465200,0.347519,3.323804,0.112078
Native DS-TWR,1785765926.873334,0.338958,3.306607,0.130908
Native DS-TWR,1785765927.275104,0.340041,3.336425,0.102184
Native DS-TWR,1785765927.697942,0.329448,3.314983,0.125980
Native DS-TWR,1785765928.105784,0.352309,3.295172,0.139165
Native DS-TWR,1785765928.514645,0.333852,3.333299,0.107336
Native DS-TWR,1785765928.923948,0.324905,3.333913,0.110513
Native DS-TWR,1785765929.324282,0.355112,3.327565,0.106774
Native DS-TWR,1785765929.743371,0.359423,3.341748,0.092053
Native DS-TWR,1785765930.152670,0.345139,3.301494,0.134331
Native DS-TWR,1785765930.566504,0.323799,3.327459,0.116786
Native DS-TWR,1785765930.975121,0.363583,3.341321,0.091873
Native DS-TWR,1785765931.373644,0.340340,3.342541,0.096348
Native DS-TWR,1785765931.795705,0.341011,3.326275,0.111483
Native DS-TWR,1785765932.207056,0.337850,3.325009,0.113678
Native DS-TWR,1785765932.613894,0.348422,3.315510,0.119937
Native DS-TWR,1785765933.025455,0.354140,3.310958,0.123293
Native DS-TWR,1785765933.424086,0.321980,3.306476,0.136662
Native DS-TWR,1785765933.848194,0.347652,3.309775,0.125702
Native DS-TWR,1785765934.251617,0.338417,3.308691,0.129057
Native DS-TWR,1785765934.665980,0.323938,3.316945,0.126270
Native DS-TWR,1785765935.074322,0.340739,3.281662,0.154646
Native DS-TWR,1785765935.481709,0.341335,3.330478,0.107384
Native DS-TWR,1785765935.900178,0.347193,3.317119,0.118648
Native DS-TWR,1785765936.305376,0.362930,3.332984,0.100227
Native DS-TWR,1785765936.713439,0.332664,3.298635,0.140353
Native DS-TWR,1785765937.129295,0.322928,3.317524,0.126153
Native DS-TWR,1785765937.525925,0.342187,3.324297,0.113024
Native DS-TWR,1785765937.943863,0.353428,3.314943,0.119492
Native DS-TWR,1785765938.354894,0.341008,3.323800,0.113844
Native DS-TWR,1785765938.764992,0.338932,3.310468,0.127207
Native DS-TWR,1785765939.177694,0.344330,3.324018,0.112692
Native DS-TWR,1785765939.577858,0.348142,3.330263,0.105666
Native DS-TWR,1785765939.997989,0.360255,3.308916,0.124443
Native DS-TWR,1785765940.404113,0.361255,3.330507,0.102895
Native DS-TWR,1785765940.811581,0.337254,3.323435,0.115360
Native DS-TWR,1785765941.224459,0.345900,3.325874,0.110485
Native DS-TWR,1785765941.631401,0.329395,3.325196,0.116531
Native DS-TWR,1785765942.054508,0.341626,3.333042,0.104858
Native DS-TWR,1785765942.455980,0.356722,3.327551,0.106503
Native DS-TWR,1785765942.866122,0.327694,3.330791,0.112105
Native DS-TWR,1785765943.273638,0.355146,3.317999,0.116184
Native DS-TWR,1785765943.680867,0.345501,3.327827,0.108709
Native DS-TWR,1785765944.099000,0.359229,3.339853,0.093954
Native DS-TWR,1785765944.505232,0.341120,3.309796,0.127254
Native DS-TWR,1785765945.337532,0.351442,3.324046,0.110950
Native DS-TWR,1785765945.724984,0.339958,3.322192,0.115693
Native DS-TWR,1785765946.146804,0.341977,3.299179,0.137312
Native DS-TWR,1785765946.553412,0.337139,3.314453,0.123922
Native DS-TWR,1785765946.962541,0.344648,3.298577,0.137285
Native DS-TWR,1785765947.373053,0.340937,3.316097,0.121240
Native DS-TWR,1785765947.773678,0.353156,3.299919,0.134343
Native DS-TWR,1785765948.193174,0.325093,3.347713,0.098304
Native DS-TWR,1785765948.602793,0.326342,3.311863,0.130022
Native DS-TWR,1785765949.014059,0.335242,3.319386,0.119845
Native DS-TWR,1785765949.423273,0.355266,3.334461,0.099975
Native DS-TWR,1785765949.823889,0.354414,3.325812,0.108627
Native DS-TWR,1785765950.243035,0.354304,3.329651,0.104880
Native DS-TWR,1785765950.658036,0.356503,3.327041,0.107042
Native DS-TWR,1785765951.066417,0.350648,3.327937,0.107326
Native DS-TWR,1785765951.475408,0.328909,3.327974,0.114173
Native DS-TWR,1785765951.872959,0.329681,3.309264,0.131251
Native DS-TWR,1785765952.704310,0.333406,3.296416,0.142253
Native DS-TWR,1785765953.112581,0.341235,3.317344,0.119961
Native DS-TWR,1785765953.523400,0.332041,3.324360,0.116302
Native DS-TWR,1785765953.923820,0.344237,3.333467,0.103654
Native DS-TWR,1785765954.343648,0.357769,3.318363,0.115407
Native DS-TWR,1785765954.771999,0.357778,3.317550,0.116211
Native DS-TWR,1785765955.163659,0.342571,3.294873,0.141360
Native DS-TWR,1785765955.573574,0.327913,3.327466,0.115042
Native DS-TWR,1785765955.976574,0.361123,3.327396,0.105996
Native DS-TWR,1785765956.399340,0.346754,3.305195,0.130367
Native DS-TWR,1785765956.806286,0.347485,3.320895,0.114909
Native DS-TWR,1785765957.215024,0.333363,3.330851,0.109786
Native DS-TWR,1785765957.634956,0.347945,3.322632,0.113113
Native DS-TWR,1785765958.026655,0.340985,3.320089,0.117399
Native DS-TWR,1785765958.853993,0.354414,3.340759,0.093988
Native DS-TWR,1785765959.264571,0.339192,3.335398,0.103440
Native DS-TWR,1785765959.683555,0.352070,3.320418,0.114372
Native DS-TWR,1785765960.076854,0.342157,3.315091,0.121874
Native DS-TWR,1785765960.506459,0.360466,3.309929,0.123413
Native DS-TWR,1785765961.316392,0.338173,3.307607,0.130166
Native DS-TWR,1785765961.736299,0.339770,3.333251,0.105264
Native DS-TWR,1785765962.126676,0.355093,3.324374,0.109916
Native DS-TWR,1785765962.543139,0.343784,3.316584,0.120005
Native DS-TWR,1785765962.953661,0.355083,3.315817,0.118345
Native DS-TWR,1785765963.364575,0.334029,3.305389,0.133503
Native DS-TWR,1785765963.775898,0.346706,3.300692,0.134778
Native DS-TWR,1785765964.177494,0.332289,3.310131,0.129557
Native DS-TWR,1785765964.597098,0.332838,3.331083,0.109771
Native DS-TWR,1785765965.007799,0.356979,3.326901,0.107100
Native DS-TWR,1785765965.413862,0.342571,3.336361,0.101411
Native DS-TWR,1785765965.830205,0.347326,3.313561,0.122081
Native DS-TWR,1785765966.227703,0.347214,3.342706,0.093949
Native DS-TWR,1785765966.646467,0.328948,3.340585,0.102735
Native DS-TWR,1785765967.061153,0.355617,3.301639,0.132267
Native DS-TWR,1785765967.465451,0.336530,3.314466,0.124096
Native DS-TWR,1785765967.875701,0.333753,3.313754,0.125654
Native DS-TWR,1785765968.276562,0.355267,3.332841,0.101564
Native DS-TWR,1785765968.697744,0.352177,3.312912,0.121718
Native DS-TWR,1785765969.515482,0.349618,3.299820,0.135057
Native DS-TWR,1785765969.926746,0.349330,3.327581,0.107977
Native DS-TWR,1785765970.331205,0.350238,3.335324,0.100243
Native DS-TWR,1785765970.742146,0.338268,3.317311,0.120856
Native DS-TWR,1785765971.559682,0.348565,3.317032,0.118421
Native DS-TWR,1785765971.969187,0.324219,3.316042,0.126984
Native DS-TWR,1785765972.367666,0.335675,3.322749,0.116531
Native DS-TWR,1785765972.792301,0.351612,3.322061,0.112857
Native DS-TWR,1785765973.193886,0.344042,3.306484,0.129726
Native DS-TWR,1785765973.611134,0.341023,3.323743,0.113894
Native DS-TWR,1785765974.022188,0.359192,3.332509,0.101210
Native DS-TWR,1785765974.417031,0.358676,3.317372,0.116258
Native DS-TWR,1785765974.836818,0.353992,3.332960,0.101701
Native DS-TWR,1785765975.245440,0.344118,3.304607,0.131532
Native DS-TWR,1785765975.655414,0.337480,3.317831,0.120603
Native DS-TWR,1785765976.063746,0.351665,3.304092,0.130484
Native DS-TWR,1785765976.467788,0.343409,3.314900,0.121729
Native DS-TWR,1785765976.888133,0.361733,3.332360,0.100995
Native DS-TWR,1785765977.309797,0.340930,3.299894,0.136874
Native DS-TWR,1785765977.705563,0.341852,3.330697,0.107015
Native DS-TWR,1785765978.116857,0.344399,3.343547,0.094019
Native DS-TWR,1785765978.519446,0.364704,3.344988,0.088098
Native DS-TWR,1785765978.936547,0.344010,3.303757,0.132384
Native DS-TWR,1785765979.345089,0.340948,3.318371,0.119056
Native DS-TWR,1785765979.754126,0.340275,3.318118,0.119491
Native DS-TWR,1785765980.167793,0.351172,3.344843,0.090797
Native DS-TWR,1785765980.565100,0.348574,3.323511,0.112110
Native DS-TWR,1785765981.011889,0.357421,3.337739,0.096350
Native DS-TWR,1785765981.408797,0.353752,3.313517,0.120839
Native DS-TWR,1785765981.809948,0.345633,3.331720,0.104928
Native DS-TWR,1785765982.216986,0.355276,3.343684,0.090946
Native DS-TWR,1785765982.615958,0.338106,3.321917,0.116526
Native DS-TWR,1785765983.033659,0.354434,3.315399,0.118866
Native DS-TWR,1785765983.443260,0.361159,3.327647,0.105743
Native DS-TWR,1785765983.854868,0.350140,3.329017,0.106391
Native DS-TWR,1785765984.263271,0.346288,3.324447,0.111763
Native DS-TWR,1785765984.666674,0.324975,3.322390,0.120876
Native DS-TWR,1785765985.094948,0.340500,3.320830,0.116832
Native DS-TWR,1785765985.494161,0.353777,3.347277,0.087789
Native DS-TWR,1785765985.904485,0.344137,3.331272,0.105783
Native DS-TWR,1785765986.313990,0.351014,3.332294,0.103000
Native DS-TWR,1785765986.716649,0.326716,3.324568,0.118175
Native DS-TWR,1785765987.135281,0.350706,3.302195,0.132523
Native DS-TWR,1785765987.543508,0.351733,3.306217,0.128380
Native DS-TWR,1785765987.957770,0.355865,3.353735,0.081019
Native DS-TWR,1785765988.362194,0.339597,3.322791,0.115232
Native DS-TWR,1785765988.765285,0.348774,3.303516,0.131593
Native DS-TWR,1785765989.183037,0.344859,3.318100,0.118265
Native DS-TWR,1785765989.594204,0.345596,3.297175,0.138450
Native DS-TWR,1785765990.005882,0.319594,3.354109,0.095903
Native DS-TWR,1785765990.414773,0.335531,3.314731,0.124157
Native DS-TWR,1785765991.247760,0.328025,3.323051,0.119041
Native DS-TWR,1785765991.652421,0.348824,3.340603,0.095509
Native DS-TWR,1785765992.063839,0.337232,3.317939,0.120577
Native DS-TWR,1785765992.473267,0.338359,3.311584,0.126301
Native DS-TWR,1785765992.874142,0.351130,3.342724,0.092855
Native DS-TWR,1785765993.283521,0.338878,3.309472,0.128178
Native DS-TWR,1785765993.695926,0.341707,3.306750,0.130043
Native DS-TWR,1785765994.517296,0.363993,3.327572,0.105489
Native DS-TWR,1785765994.928010,0.346628,3.311874,0.123882
Native DS-TWR,1785765995.334944,0.349252,3.325797,0.109730
Native DS-TWR,1785765995.757536,0.347609,3.306092,0.129309
Native DS-TWR,1785765996.175712,0.343972,3.321190,0.115512
Native DS-TWR,1785765996.993072,0.354304,3.349074,0.085917
Native DS-TWR,1785765997.412924,0.346875,3.336525,0.099967
Native DS-TWR,1785765997.812466,0.356066,3.313899,0.120079
Native DS-TWR,1785765998.212198,0.338475,3.305557,0.132050
Native DS-TWR,1785765998.623528,0.333228,3.309461,0.129886
Native DS-TWR,1785765999.034046,0.349794,3.324130,0.111227
Native DS-TWR,1785765999.434259,0.340061,3.309172,0.128139
Native DS-TWR,1785765999.855852,0.348774,3.318601,0.116845
Native DS-TWR,1785766000.261988,0.341192,3.297990,0.138655
Native DS-TWR,1785766000.664300,0.342957,3.319694,0.117226
Native DS-TWR,1785766001.072133,0.347556,3.346014,0.090689
Native DS-TWR,1785766001.893054,0.335885,3.319437,0.119587
Native DS-TWR,1785766002.302953,0.318167,3.334015,0.113628
Native DS-TWR,1785766002.723689,0.348598,3.319238,0.116263
Native DS-TWR,1785766003.132243,0.356764,3.322720,0.111260
Native DS-TWR,1785766003.548686,0.351300,3.317009,0.117867
Native DS-TWR,1785766003.955243,0.334032,3.329611,0.110687
Native DS-TWR,1785766004.359770,0.341887,3.312588,0.124359
Native DS-TWR,1785766004.769219,0.339979,3.339416,0.099399
Native DS-TWR,1785766005.174241,0.339513,3.331632,0.106876
Native DS-TWR,1785766005.582745,0.329479,3.321541,0.119874
Native DS-TWR,1785766005.994282,0.339195,3.318689,0.119263
Native DS-TWR,1785766006.405797,0.333030,3.355135,0.087940
Native DS-TWR,1785766006.815196,0.351747,3.330127,0.104946
Native DS-TWR,1785766007.216643,0.327042,3.330605,0.112550
Native DS-TWR,1785766007.636227,0.346911,3.304383,0.131127
Native DS-TWR,1785766008.048248,0.339460,3.310921,0.126623
Native DS-TWR,1785766008.455541,0.360582,3.322674,0.110749
Native DS-TWR,1785766008.872088,0.338388,3.310781,0.127061
Native DS-TWR,1785766009.271636,0.349255,3.328942,0.106673
Native DS-TWR,1785766009.695196,0.347235,3.331989,0.104234
Native DS-TWR,1785766010.521008,0.346179,3.319802,0.116287
Native DS-TWR,1785766010.925492,0.343376,3.325134,0.111882
Native DS-TWR,1785766011.331854,0.319497,3.315495,0.129434
Native DS-TWR,1785766011.752303,0.351493,3.320553,0.114357
Native DS-TWR,1785766012.155118,0.363686,3.330936,0.102176
Native DS-TWR,1785766012.563257,0.342140,3.324349,0.112987
Native DS-TWR,1785766012.978225,0.344306,3.328644,0.108253
Native DS-TWR,1785766013.368043,0.348421,3.351643,0.085064
Native DS-TWR,1785766013.785981,0.341831,3.318997,0.118207
Native DS-TWR,1785766014.193763,0.359153,3.338815,0.094991
Native DS-TWR,1785766015.426714,0.349769,3.335610,0.100082
Native DS-TWR,1785766015.844886,0.330175,3.312264,0.128264
Native DS-TWR,1785766016.255483,0.332333,3.338331,0.103319
Native DS-TWR,1785766016.674790,0.337827,3.334170,0.105066
Native DS-TWR,1785766017.077484,0.348722,3.305250,0.129904
Native DS-TWR,1785766017.477143,0.343935,3.333405,0.103803
Native DS-TWR,1785766017.890640,0.354674,3.335294,0.099277
Native DS-TWR,1785766018.713160,0.338025,3.298549,0.138919
Native DS-TWR,1785766019.516912,0.344849,3.305470,0.130524
Native DS-TWR,1785766019.937553,0.351232,3.331625,0.103602
Native DS-TWR,1785766020.345076,0.346534,3.335111,0.101421
Native DS-TWR,1785766020.755179,0.346213,3.336182,0.100483
Native DS-TWR,1785766021.163802,0.340734,3.325149,0.112639
Native DS-TWR,1785766021.567630,0.345122,3.326112,0.110462
Native DS-TWR,1785766021.984108,0.345503,3.327134,0.109375
Native DS-TWR,1785766022.393532,0.345925,3.312798,0.123146
Native DS-TWR,1785766022.811579,0.340939,3.331439,0.106596
Native DS-TWR,1785766023.214046,0.293075,3.337478,0.125359
Native DS-TWR,1785766023.617247,0.355114,3.316536,0.117631
Native DS-TWR,1785766024.035012,0.352650,3.335411,0.099594
Native DS-TWR,1785766024.443821,0.351763,3.335802,0.099415
Native DS-TWR,1785766024.859289,0.332204,3.315397,0.124624
Native DS-TWR,1785766025.263203,0.348469,3.325111,0.110580
Native DS-TWR,1785766025.666086,0.332657,3.328378,0.112343
Native DS-TWR,1785766026.083794,0.342014,3.339397,0.098722
Native DS-TWR,1785766026.495096,0.353816,3.332491,0.102196
Native DS-TWR,1785766026.911951,0.344279,3.295472,0.140396
Native DS-TWR,1785766027.319299,0.323898,3.333334,0.111486
Native DS-TWR,1785766027.719580,0.350907,3.311267,0.123574
Native DS-TWR,1785766028.138506,0.351871,3.317869,0.116911
Native DS-TWR,1785766028.547718,0.316193,3.329941,0.118144
Native DS-TWR,1785766028.960730,0.352478,3.315630,0.118992
Native DS-TWR,1785766029.374327,0.335615,3.344535,0.096315
Native DS-TWR,1785766029.778443,0.348460,3.309923,0.125385
Native DS-TWR,1785766030.193180,0.349756,3.321198,0.114094
Native DS-TWR,1785766030.593544,0.352548,3.308335,0.126151
Native DS-TWR,1785766031.004651,0.350629,3.317545,0.117478
Native DS-TWR,1785766031.418056,0.353552,3.332826,0.101923
Native DS-TWR,1785766031.815544,0.342717,3.337693,0.100102
Native DS-TWR,1785766032.237388,0.337237,3.304330,0.133573
Native DS-TWR,1785766032.644300,0.338261,3.328303,0.110432
Native DS-TWR,1785766033.055983,0.344529,3.327770,0.109029
Native DS-TWR,1785766033.467572,0.343740,3.367420,0.072130
Native DS-TWR,1785766033.867804,0.352551,3.325558,0.109241
Native DS-TWR,1785766034.284570,0.351557,3.302350,0.132218
Native DS-TWR,1785766034.697816,0.339939,3.312121,0.125338
Native DS-TWR,1785766035.122730,0.345778,3.302856,0.132863
Native DS-TWR,1785766035.519942,0.327477,3.308894,0.132370
Native DS-TWR,1785766035.920416,0.353100,3.323243,0.111400
Native DS-TWR,1785766036.336195,0.348324,3.318019,0.117513
Native DS-TWR,1785766036.746164,0.347245,3.313049,0.122598
Native DS-TWR,1785766037.154596,0.334271,3.299699,0.138861
Native DS-TWR,1785766037.566060,0.348282,3.321458,0.114175
Native DS-TWR,1785766037.965487,0.349424,3.297717,0.137159
Native DS-TWR,1785766038.383197,0.345547,3.310762,0.125214
Native DS-TWR,1785766038.797141,0.354527,3.312778,0.121434
Native DS-TWR,1785766039.203387,0.334452,3.326963,0.113002
Native DS-TWR,1785766039.614575,0.347260,3.329727,0.106411
Native DS-TWR,1785766040.015745,0.350560,3.317615,0.117424
Native DS-TWR,1785766040.435421,0.333041,3.336055,0.105114
Native DS-TWR,1785766040.844327,0.338541,3.311083,0.126727
Native DS-TWR,1785766041.255254,0.352371,3.324651,0.110166
Native DS-TWR,1785766041.663983,0.340407,3.341168,0.097608
Native DS-TWR,1785766042.065636,0.344842,3.342225,0.095129
Native DS-TWR,1785766042.485542,0.351283,3.317808,0.117088
Native DS-TWR,1785766042.893113,0.361867,3.300473,0.132664
Native DS-TWR,1785766043.714859,0.353195,3.331277,0.103513
Native DS-TWR,1785766044.115679,0.365280,3.341568,0.091435
Native DS-TWR,1785766044.534479,0.352610,3.325367,0.109417
Native DS-TWR,1785766044.945676,0.348641,3.304923,0.130241
Native DS-TWR,1785766045.355326,0.347678,3.321996,0.113794
Native DS-TWR,1785766045.765424,0.332978,3.316862,0.122983
Native DS-TWR,1785766046.163262,0.349215,3.296096,0.138791
Native DS-TWR,1785766046.583190,0.350950,3.311791,0.123052
Native DS-TWR,1785766046.992891,0.355997,3.312075,0.121892
Native DS-TWR,1785766047.404182,0.352732,3.313096,0.121435
Native DS-TWR,1785766047.827721,0.337820,3.332119,0.106991
Native DS-TWR,1785766048.215537,0.316119,3.321305,0.125748
Native DS-TWR,1785766048.634820,0.336001,3.311328,0.127246
Native DS-TWR,1785766049.045878,0.349673,3.324632,0.110766
Native DS-TWR,1785766049.459685,0.330845,3.338621,0.103677
Native DS-TWR,1785766049.864870,0.337115,3.324250,0.114637
Native DS-TWR,1785766050.265566,0.358902,3.360878,0.073375
Native DS-TWR,1785766051.095708,0.337129,3.304500,0.133441
Native DS-TWR,1785766051.516422,0.336601,3.306804,0.131385
Native DS-TWR,1785766051.916537,0.348520,3.331854,0.104032
Native DS-TWR,1785766052.315813,0.351120,3.342653,0.092927
Native DS-TWR,1785766052.735315,0.344042,3.340598,0.096926
Native DS-TWR,1785766053.148916,0.352433,3.336084,0.098986
Native DS-TWR,1785766053.555835,0.332516,3.330883,0.110080
Native DS-TWR,1785766053.966295,0.353682,3.310201,0.124117
Native DS-TWR,1785766054.369846,0.354994,3.325316,0.109007
Native DS-TWR,1785766054.784610,0.352483,3.303003,0.131414
Native DS-TWR,1785766055.193516,0.348542,3.329419,0.106384
Native DS-TWR,1785766055.603635,0.352300,3.341340,0.093906
Native DS-TWR,1785766056.012394,0.347171,3.303984,0.131462
Native DS-TWR,1785766056.416576,0.348008,3.353007,0.083901
Native DS-TWR,1785766056.835952,0.344884,3.310610,0.125518
Native DS-TWR,1785766057.242873,0.348389,3.328483,0.107329
Native DS-TWR,1785766057.654479,0.342246,3.307013,0.129652
Native DS-TWR,1785766058.081537,0.345354,3.315302,0.120851
Native DS-TWR,1785766058.470791,0.349348,3.338269,0.097619
Native DS-TWR,1785766058.886945,0.344339,3.300447,0.135531
Native DS-TWR,1785766059.714010,0.341366,3.337854,0.100392
Native DS-TWR,1785766060.125013,0.349759,3.318008,0.117208
Native DS-TWR,1785766060.515007,0.344884,3.321993,0.114496
Native DS-TWR,1785766060.934531,0.327417,3.331779,0.111328
Native DS-TWR,1785766061.348181,0.335534,3.316063,0.122894
Native DS-TWR,1785766061.755003,0.335188,3.305070,0.133458
Native DS-TWR,1785766062.170109,0.315147,3.313870,0.132802
Native DS-TWR,1785766062.566563,0.343615,3.316773,0.119866
Native DS-TWR,1785766062.984796,0.342735,3.304601,0.131868
Native DS-TWR,1785766063.406236,0.350099,3.324074,0.111214
Native DS-TWR,1785766063.815100,0.347811,3.299570,0.135651
Native DS-TWR,1785766064.217654,0.347286,3.320612,0.115232
Native DS-TWR,1785766064.621641,0.325213,3.311935,0.130380
Native DS-TWR,1785766065.033387,0.359048,3.316369,0.117201
Native DS-TWR,1785766065.445346,0.330020,3.317932,0.123024
Native DS-TWR,1785766065.858368,0.332156,3.335460,0.106014
Native DS-TWR,1785766066.265002,0.342806,3.299039,0.137253
Native DS-TWR,1785766066.663423,0.343161,3.310862,0.125697
Native DS-TWR,1785766067.084882,0.332312,3.309504,0.130142
Native DS-TWR,1785766067.904757,0.328900,3.328383,0.113803
Native DS-TWR,1785766068.314415,0.359551,3.312815,0.120658
Native DS-TWR,1785766068.715730,0.339086,3.311472,0.126200
Native DS-TWR,1785766069.132713,0.351100,3.317655,0.117275
Native DS-TWR,1785766069.545446,0.354875,3.325762,0.108590
Native DS-TWR,1785766069.970449,0.340504,3.332967,0.105290
Native DS-TWR,1785766070.373534,0.332125,3.312115,0.127739
Native DS-TWR,1785766070.765376,0.351331,3.317459,0.117420
Native DS-TWR,1785766071.182209,0.345341,3.322669,0.113725
Native DS-TWR,1785766071.596579,0.339669,3.322441,0.115543
Native DS-TWR,1785766072.004747,0.340183,3.332996,0.105367
Native DS-TWR,1785766072.415873,0.341971,3.323181,0.114154
Native DS-TWR,1785766072.818271,0.363593,3.319786,0.113275
Native DS-TWR,1785766073.237241,0.343579,3.301380,0.134796
Native DS-TWR,1785766073.643523,0.341392,3.323923,0.113614
Native DS-TWR,1785766074.054989,0.348783,3.312956,0.122352
Native DS-TWR,1785766074.465564,0.356855,3.311170,0.122657
Native DS-TWR,1785766074.865220,0.353935,3.309176,0.125084
Native DS-TWR,1785766075.281024,0.329094,3.334293,0.108340
Native DS-TWR,1785766075.691931,0.341818,3.327166,0.110390
Native DS-TWR,1785766076.105393,0.323328,3.302680,0.139668
Native DS-TWR,1785766076.515381,0.334586,3.327190,0.112742
Native DS-TWR,1785766076.915939,0.347827,3.338260,0.098037
Native DS-TWR,1785766077.334541,0.338760,3.323377,0.114934
Native DS-TWR,1785766077.743937,0.344534,3.312262,0.123999
Native DS-TWR,1785766078.154695,0.318921,3.315494,0.129682
Native DS-TWR,1785766078.569506,0.354397,3.322766,0.111623
Native DS-TWR,1785766078.967422,0.361842,3.326683,0.106614
Native DS-TWR,1785766079.383378,0.355749,3.303100,0.130802
Native DS-TWR,1785766079.792905,0.320126,3.342709,0.105149
Native DS-TWR,1785766080.208717,0.341566,3.324281,0.113220
Native DS-TWR,1785766080.613340,0.330080,3.323515,0.117819
Native DS-TWR,1785766081.020252,0.330822,3.327875,0.113508
Native DS-TWR,1785766081.434482,0.336208,3.317513,0.121304
Native DS-TWR,1785766081.842733,0.351021,3.307213,0.127532
Native DS-TWR,1785766082.263419,0.330136,3.323256,0.118037
Native DS-TWR,1785766082.669881,0.336596,3.327472,0.111775
Native DS-TWR,1785766083.069631,0.358686,3.310648,0.122920
Native DS-TWR,1785766083.487910,0.329920,3.319302,0.121786
Native DS-TWR,1785766083.895051,0.339651,3.325760,0.112392
Native DS-TWR,1785766084.305312,0.337566,3.331136,0.108001
Native DS-TWR,1785766084.713474,0.340286,3.316270,0.121259
Native DS-TWR,1785766085.124098,0.342844,3.333338,0.104198
Native DS-TWR,1785766085.535102,0.328646,3.303557,0.136969
Native DS-TWR,1785766085.945029,0.361590,3.313697,0.119541
Native DS-TWR,1785766086.353604,0.354851,3.321172,0.113110
Native DS-TWR,1785766086.779867,0.350941,3.339478,0.096044
Native DS-TWR,1785766087.171891,0.324729,3.327095,0.116711
Native DS-TWR,1785766087.584427,0.351380,3.312027,0.122737
Native DS-TWR,1785766087.996153,0.363083,3.311687,0.121385
Native DS-TWR,1785766088.403858,0.351204,3.345446,0.090207
Native DS-TWR,1785766088.813590,0.345418,3.338387,0.098606
Native DS-TWR,1785766089.219476,0.348302,3.314396,0.121050
Native DS-TWR,1785766089.635305,0.346610,3.307551,0.128099
Native DS-TWR,1785766090.048404,0.350834,3.324737,0.110405
Native DS-TWR,1785766090.455586,0.337690,3.325813,0.112971
Native DS-TWR,1785766090.864875,0.358787,3.303162,0.130332
Native DS-TWR,1785766091.268205,0.341477,3.346019,0.092694
Native DS-TWR,1785766091.683384,0.342036,3.318359,0.118762
Native DS-TWR,1785766092.094575,0.344149,3.301690,0.134364
Native DS-TWR,1785766092.927878,0.340054,3.331827,0.106515
Native DS-TWR,1785766093.333250,0.359726,3.310842,0.122595
Native DS-TWR,1785766093.766815,0.343072,3.344013,0.094017
Native DS-TWR,1785766094.181954,0.342439,3.310626,0.126109
Native DS-TWR,1785766094.590920,0.353942,3.346731,0.088279
Native DS-TWR,1785766095.003204,0.313489,3.321295,0.127006
Native DS-TWR,1785766095.412106,0.349034,3.309618,0.125564
Native DS-TWR,1785766095.830411,0.351585,3.312820,0.121920
Native DS-TWR,1785766096.232976,0.336445,3.306605,0.131621
Native DS-TWR,1785766096.626862,0.353791,3.321699,0.112784
Native DS-TWR,1785766097.043776,0.356143,3.326225,0.107908
Native DS-TWR,1785766097.454517,0.342872,3.323111,0.113965
Native DS-TWR,1785766097.859918,0.348691,3.311803,0.123498
Native DS-TWR,1785766098.267784,0.337825,3.314791,0.123392
Native DS-TWR,1785766098.652208,0.338951,3.308435,0.129153
Native DS-TWR,1785766099.087716,0.343063,3.322177,0.114810
Native DS-TWR,1785766099.478212,0.348143,3.290271,0.144714
Native DS-TWR,1785766100.289852,0.360498,3.315323,0.118052
Native DS-TWR,1785766101.108612,0.343046,3.329909,0.107406
Native DS-TWR,1785766101.924006,0.345523,3.314799,0.121298
Native DS-TWR,1785766102.733463,0.349809,3.307923,0.127068
Native DS-TWR,1785766103.144428,0.336383,3.326849,0.112434
Native DS-TWR,1785766103.547459,0.342946,3.324676,0.112443
Native DS-TWR,1785766103.967001,0.353777,3.306185,0.128061
Native DS-TWR,1785766104.380681,0.342717,3.328770,0.108590
Native DS-TWR,1785766104.785070,0.351014,3.319614,0.115374
Native DS-TWR,1785766105.194717,0.352173,3.322589,0.112225
Native DS-TWR,1785766105.600118,0.365701,3.350820,0.082191
Native DS-TWR,1785766106.026403,0.342657,3.335111,0.102570
Native DS-TWR,1785766106.420900,0.347488,3.330118,0.105974
Native DS-TWR,1785766106.832908,0.348945,3.312857,0.122414
Native DS-TWR,1785766107.243271,0.342877,3.305667,0.130800
Native DS-TWR,1785766107.647741,0.341092,3.323105,0.114484
Native DS-TWR,1785766108.067262,0.349467,3.324863,0.110588
Native DS-TWR,1785766108.477657,0.340092,3.303865,0.133246
Passive DS-TWR,1785766137.860034,0.282851,3.366788,0.113048
Passive DS-TWR,1785766137.901796,0.395653,3.272720,0.161131
Passive DS-TWR,1785766137.918897,0.317895,3.362534,0.090211
Passive DS-TWR,1785766137.952973,0.404644,3.324317,0.112215
Passive DS-TWR,1785766137.977584,0.354912,3.245384,0.188175
Passive DS-TWR,1785766137.994048,0.264573,3.349832,0.137814
Passive DS-TWR,1785766137.994488,0.419352,3.299789,0.139978
Passive DS-TWR,1785766138.037103,0.368022,3.285607,0.147053
Passive DS-TWR,1785766138.079300,0.275672,3.409137,0.101882
Passive DS-TWR,1785766138.079433,0.367754,3.440520,0.010700
Passive DS-TWR,1785766138.234688,0.353715,3.287947,0.146089
Passive DS-TWR,1785766138.305204,0.292293,3.449940,0.084368
Passive DS-TWR,1785766138.345067,0.418325,3.316958,0.123456
Passive DS-TWR,1785766138.349889,0.248599,3.351419,0.150036
Passive DS-TWR,1785766138.382141,0.292819,3.384632,0.094966
Passive DS-TWR,1785766138.382227,0.419363,3.410030,0.049874
Passive DS-TWR,1785766138.392741,0.323387,3.470054,0.063698
Passive DS-TWR,1785766138.422417,0.404981,3.262983,0.172178
Passive DS-TWR,1785766138.445814,0.272330,3.380179,0.115090
Passive DS-TWR,1785766138.466290,0.358383,3.425538,0.017868
Passive DS-TWR,1785766138.506304,0.326033,3.302332,0.139018
Passive DS-TWR,1785766138.506655,0.432974,3.380690,0.077873
Passive DS-TWR,1785766138.593680,0.266266,3.427636,0.108681
Passive DS-TWR,1785766138.719814,0.393937,3.332698,0.101615
Passive DS-TWR,1785766138.720069,0.339989,3.405115,0.044323
Passive DS-TWR,1785766138.756857,0.327176,3.277799,0.161878
Passive DS-TWR,1785766138.757493,0.287106,3.388685,0.098065
Passive DS-TWR,1785766138.794730,0.402276,3.337655,0.098735
Passive DS-TWR,1785766138.841195,0.367071,3.424173,0.011388
Passive DS-TWR,1785766138.929165,0.387105,3.416029,0.020538
Passive DS-TWR,1785766138.971376,0.283256,3.383585,0.103828
Passive DS-TWR,1785766139.013206,0.331301,3.317091,0.123350
Passive DS-TWR,1785766139.015180,0.285498,3.351130,0.120843
Passive DS-TWR,1785766139.054430,0.379855,3.402549,0.030370
Passive DS-TWR,1785766139.054843,0.416945,3.498739,0.078488
Passive DS-TWR,1785766139.090671,0.297418,3.422033,0.078125
Passive DS-TWR,1785766139.090903,0.392583,3.341186,0.093024
Passive DS-TWR,1785766139.131482,0.375888,3.384542,0.047971
Passive DS-TWR,1785766139.414922,0.429279,3.379816,0.075760
Passive DS-TWR,1785766139.457662,0.293286,3.409401,0.084761
Passive DS-TWR,1785766139.464998,0.430784,3.360208,0.091413
Passive DS-TWR,1785766139.499818,0.328383,3.450440,0.049798
Passive DS-TWR,1785766139.504855,0.320270,3.345114,0.103026
Passive DS-TWR,1785766139.702402,0.288885,3.355294,0.115538
Passive DS-TWR,1785766139.710418,0.277048,3.423672,0.098188
Passive DS-TWR,1785766139.727576,0.401504,3.313749,0.121709
Passive DS-TWR,1785766139.796691,0.364173,3.396675,0.037381
Passive DS-TWR,1785766139.797884,0.398881,3.287543,0.146939
Passive DS-TWR,1785766139.797978,0.252962,3.419486,0.122569
Passive DS-TWR,1785766139.798093,0.390426,3.330965,0.102726
Passive DS-TWR,1785766139.804493,0.355106,3.451517,0.027403
Passive DS-TWR,1785766139.891297,0.362951,3.285354,0.147627
Passive DS-TWR,1785766139.901928,0.285800,3.467653,0.095726
Passive DS-TWR,1785766139.929743,0.369198,3.428824,0.006733
Passive DS-TWR,1785766139.964232,0.389179,3.273149,0.159997
Passive DS-TWR,1785766139.966704,0.277816,3.350316,0.127153
Passive DS-TWR,1785766139.977099,0.410318,3.330317,0.108169
Passive DS-TWR,1785766140.016166,0.380796,3.393214,0.039737
Passive DS-TWR,1785766140.030868,0.293576,3.348138,0.117136
Passive DS-TWR,1785766140.074719,0.387092,3.303705,0.129378
Passive DS-TWR,1785766140.074927,0.333447,3.407786,0.048209
Passive DS-TWR,1785766140.079038,0.350577,3.299062,0.135628
Passive DS-TWR,1785766140.094357,0.294046,3.348966,0.116214
Passive DS-TWR,1785766140.115729,0.405221,3.356736,0.081631
Passive DS-TWR,1785766140.195075,0.430033,3.330348,0.116111
Passive DS-TWR,1785766140.205070,0.347592,3.441169,0.028592
Passive DS-TWR,1785766140.246976,0.279597,3.368838,0.114560
Passive DS-TWR,1785766140.382472,0.420612,3.314174,0.126873
Passive DS-TWR,1785766140.423763,0.378117,3.292085,0.140454
Passive DS-TWR,1785766140.423918,0.283840,3.329869,0.137165
Passive DS-TWR,1785766140.425399,0.429266,3.313589,0.130776
Passive DS-TWR,1785766140.477296,0.425291,3.427841,0.050667
Passive DS-TWR,1785766140.499751,0.415641,3.362680,0.080870
Passive DS-TWR,1785766140.537486,0.338125,3.256769,0.179526
Passive DS-TWR,1785766140.592658,0.318877,3.300921,0.142987
Passive DS-TWR,1785766140.606443,0.279377,3.340611,0.132502
Passive DS-TWR,1785766140.654988,0.371803,3.264596,0.167933
Passive DS-TWR,1785766140.698179,0.291072,3.341412,0.123750
Passive DS-TWR,1785766140.698847,0.391694,3.322766,0.111022
Passive DS-TWR,1785766140.752634,0.278112,3.316205,0.151264
Passive DS-TWR,1785766140.798079,0.396586,3.256910,0.176933
Passive DS-TWR,1785766140.904111,0.418960,3.310366,0.129860
Passive DS-TWR,1785766140.910161,0.342298,3.329203,0.108303
Passive DS-TWR,1785766140.936246,0.290643,3.329062,0.133374
Passive DS-TWR,1785766140.993213,0.340434,3.271525,0.164612
Passive DS-TWR,1785766140.993402,0.286548,3.418359,0.089416
Passive DS-TWR,1785766141.001072,0.406801,3.415313,0.036291
Passive DS-TWR,1785766141.041181,0.340830,3.398873,0.047827
Passive DS-TWR,1785766141.041385,0.311150,3.282984,0.162516
Passive DS-TWR,1785766141.066242,0.269943,3.352885,0.131688
Passive DS-TWR,1785766141.123864,0.263074,3.356538,0.135136
Passive DS-TWR,1785766141.211462,0.370095,3.268427,0.164143
Passive DS-TWR,1785766141.343561,0.374725,3.324867,0.107634
Passive DS-TWR,1785766141.352781,0.291204,3.439844,0.083956
Passive DS-TWR,1785766141.522740,0.370126,3.269066,0.163504
Passive DS-TWR,1785766141.526000,0.289639,3.355686,0.114715
Passive DS-TWR,1785766141.526479,0.391955,3.367137,0.067569
Passive DS-TWR,1785766141.526610,0.306374,3.464864,0.075728
Passive DS-TWR,1785766141.526732,0.352425,3.267788,0.166232
Passive DS-TWR,1785766141.801697,0.296995,3.405191,0.082495
Passive DS-TWR,1785766141.818132,0.341882,3.313740,0.123250
Passive DS-TWR,1785766141.821611,0.236970,3.325468,0.174539
Passive DS-TWR,1785766141.858438,0.412523,3.388105,0.058234
Passive DS-TWR,1785766141.916536,0.337453,3.429677,0.037492
Passive DS-TWR,1785766141.939950,0.333235,3.282831,0.155345
Passive DS-TWR,1785766141.956216,0.279833,3.391404,0.103513
Passive DS-TWR,1785766142.006779,0.361910,3.426636,0.014196
Passive DS-TWR,1785766142.042869,0.385745,3.303722,0.129240
Passive DS-TWR,1785766142.081678,0.363925,3.286651,0.146259
Passive DS-TWR,1785766142.082216,0.302136,3.386331,0.086124
Passive DS-TWR,1785766142.196649,0.336729,3.289164,0.148317
Passive DS-TWR,1785766142.333982,0.299929,3.403621,0.080284
Passive DS-TWR,1785766142.356791,0.401875,3.357939,0.079313
Passive DS-TWR,1785766142.365891,0.395253,3.394555,0.043089
Passive DS-TWR,1785766142.430345,0.279038,3.340678,0.132700
Passive DS-TWR,1785766142.446247,0.404316,3.348651,0.088881
Passive DS-TWR,1785766142.466517,0.341407,3.467805,0.048621
Passive DS-TWR,1785766142.468328,0.347566,3.295292,0.139894
Passive DS-TWR,1785766142.511045,0.328526,3.401527,0.055716
Passive DS-TWR,1785766142.552069,0.431726,3.394119,0.068625
Passive DS-TWR,1785766142.554666,0.325705,3.419878,0.050729
Passive DS-TWR,1785766142.594583,0.338169,3.329213,0.109605
Passive DS-TWR,1785766142.605877,0.284168,3.360053,0.116060
Passive DS-TWR,1785766142.634753,0.310041,3.411754,0.068038
Passive DS-TWR,1785766142.637942,0.329013,3.285644,0.153841
Passive DS-TWR,1785766142.716036,0.336308,3.305470,0.132747
Passive DS-TWR,1785766142.719103,0.302534,3.376519,0.091444
Passive DS-TWR,1785766142.755774,0.404298,3.287152,0.148305
Passive DS-TWR,1785766142.795016,0.292785,3.419819,0.083028
Passive DS-TWR,1785766142.795440,0.409393,3.366425,0.074567
Passive DS-TWR,1785766142.846160,0.216556,3.328575,0.189352
Passive DS-TWR,1785766142.944353,0.361519,3.413273,0.023391
Passive DS-TWR,1785766143.011380,0.311020,3.413682,0.066535
Passive DS-TWR,1785766143.030162,0.351527,3.282001,0.152295
Passive DS-TWR,1785766143.038461,0.323344,3.316492,0.126925
Passive DS-TWR,1785766143.074930,0.398337,3.358099,0.078025
Passive DS-TWR,1785766143.085842,0.353236,3.276627,0.157365
Passive DS-TWR,1785766143.117707,0.268762,3.349166,0.134897
Passive DS-TWR,1785766143.117899,0.391188,3.342514,0.091460
Passive DS-TWR,1785766143.129172,0.346059,3.421402,0.030846
Passive DS-TWR,1785766143.159276,0.321957,3.348888,0.098933
Passive DS-TWR,1785766143.166313,0.268259,3.461313,0.110406
Passive DS-TWR,1785766143.187337,0.432019,3.339706,0.108998
Passive DS-TWR,1785766143.205594,0.383310,3.397584,0.035931
Passive DS-TWR,1785766143.295063,0.266419,3.348536,0.137131
Passive DS-TWR,1785766143.342398,0.351533,3.285569,0.148769
Passive DS-TWR,1785766143.374143,0.245999,3.424291,0.129101
Passive DS-TWR,1785766143.374311,0.401954,3.335619,0.100605
Passive DS-TWR,1785766143.386839,0.381745,3.428044,0.008220
Passive DS-TWR,1785766143.428008,0.361576,3.291023,0.142098
Passive DS-TWR,1785766143.599473,0.425828,3.416034,0.053583
Passive DS-TWR,1785766143.637189,0.286418,3.302391,0.157311
Passive DS-TWR,1785766143.678268,0.391397,3.299267,0.134259
Passive DS-TWR,1785766143.678466,0.277000,3.310110,0.156691
Passive DS-TWR,1785766143.695055,0.440781,3.384846,0.081360
Passive DS-TWR,1785766143.722108,0.391682,3.421664,0.020028
Passive DS-TWR,1785766143.727066,0.358116,3.285721,0.147730
Passive DS-TWR,1785766143.906816,0.396807,3.415487,0.027786
Passive DS-TWR,1785766143.951413,0.360107,3.293154,0.140124
Passive DS-TWR,1785766143.979553,0.407250,3.395826,0.048945
Passive DS-TWR,1785766143.982857,0.344309,3.294817,0.141029
Passive DS-TWR,1785766144.023201,0.271258,3.432002,0.103582
Passive DS-TWR,1785766144.025901,0.360652,3.422656,0.017268
Passive DS-TWR,1785766144.064543,0.373331,3.291400,0.141110
Passive DS-TWR,1785766144.065030,0.289318,3.356705,0.114275
Passive DS-TWR,1785766144.074694,0.407040,3.371001,0.069421
Passive DS-TWR,1785766144.115440,0.320148,3.284458,0.157823
Passive DS-TWR,1785766144.136325,0.278747,3.325156,0.144071
Passive DS-TWR,1785766144.157278,0.385625,3.306712,0.126251
Passive DS-TWR,1785766144.207165,0.404245,3.314973,0.121152
Passive DS-TWR,1785766144.241344,0.375832,3.414714,0.017815
Passive DS-TWR,1785766144.255271,0.334604,3.280391,0.157342
Passive DS-TWR,1785766144.285825,0.428529,3.375564,0.078259
Passive DS-TWR,1785766144.365990,0.395169,3.434816,0.020461
Passive DS-TWR,1785766144.368000,0.328052,3.320455,0.121422
Passive DS-TWR,1785766144.392914,0.287220,3.320879,0.141904
Passive DS-TWR,1785766144.413320,0.344267,3.423670,0.031821
Passive DS-TWR,1785766144.494419,0.401821,3.317709,0.117921
Passive DS-TWR,1785766144.528027,0.411281,3.327752,0.110908
Passive DS-TWR,1785766144.596266,0.278239,3.367971,0.116171
Passive DS-TWR,1785766144.596572,0.396046,3.333290,0.101453
Passive DS-TWR,1785766144.635286,0.315424,3.277007,0.166459
Passive DS-TWR,1785766144.640818,0.306345,3.383619,0.084148
Passive DS-TWR,1785766144.663837,0.345352,3.349836,0.087767
Passive DS-TWR,1785766144.684921,0.422898,3.393056,0.062175
Passive DS-TWR,1785766144.686841,0.329687,3.292407,0.147191
Passive DS-TWR,1785766144.705433,0.277773,3.325832,0.144222
Passive DS-TWR,1785766144.741769,0.399147,3.345505,0.090329
Passive DS-TWR,1785766144.744768,0.315323,3.418044,0.061246
Passive DS-TWR,1785766144.833632,0.354289,3.297163,0.136890
Passive DS-TWR,1785766144.833778,0.264909,3.366315,0.128317
Passive DS-TWR,1785766144.841435,0.440914,3.387553,0.079914
Passive DS-TWR,1785766144.875053,0.309839,3.427201,0.065215
Passive DS-TWR,1785766144.878219,0.354787,3.350603,0.084317
Passive DS-TWR,1785766144.944214,0.350229,3.393018,0.046525
Passive DS-TWR,1785766144.989615,0.416658,3.407653,0.048645
Passive DS-TWR,1785766145.006078,0.332055,3.283429,0.155091
Passive DS-TWR,1785766145.074825,0.370901,3.434512,0.004421
Passive DS-TWR,1785766145.085996,0.277815,3.315902,0.151687
Passive DS-TWR,1785766145.121622,0.390362,3.369112,0.065262
Passive DS-TWR,1785766145.213983,0.284952,3.358418,0.116481
Passive DS-TWR,1785766145.246796,0.390262,3.342479,0.091334
Passive DS-TWR,1785766145.247059,0.348337,3.453341,0.033714
Passive DS-TWR,1785766145.278122,0.287197,3.301328,0.157758
Passive DS-TWR,1785766145.287694,0.283144,3.358014,0.118137
Passive DS-TWR,1785766145.492844,0.267772,3.439082,0.107268
Passive DS-TWR,1785766145.493582,0.396613,3.302462,0.131850
Passive DS-TWR,1785766145.497481,0.410619,3.412352,0.041063
Passive DS-TWR,1785766145.538030,0.284704,3.338549,0.130197
Passive DS-TWR,1785766145.580630,0.386588,3.331571,0.101612
Passive DS-TWR,1785766145.633505,0.312301,3.278903,0.165842
Passive DS-TWR,1785766145.751464,0.389323,3.378450,0.055958
Passive DS-TWR,1785766145.756425,0.366271,3.389696,0.043655
Passive DS-TWR,1785766145.791065,0.365715,3.292015,0.140783
Passive DS-TWR,1785766145.793211,0.284159,3.332087,0.135300
Passive DS-TWR,1785766145.801812,0.400258,3.346528,0.089653
Passive DS-TWR,1785766145.876190,0.313796,3.331566,0.117958
Passive DS-TWR,1785766145.877164,0.373318,3.350562,0.081953
Passive DS-TWR,1785766145.955738,0.408102,3.320476,0.116860
Passive DS-TWR,1785766146.144032,0.390824,3.311930,0.121627
Passive DS-TWR,1785766146.153059,0.391359,3.386568,0.048814
Passive DS-TWR,1785766146.187738,0.429168,3.326153,0.119423
Passive DS-TWR,1785766146.277552,0.289858,3.353478,0.116045
Passive DS-TWR,1785766146.352733,0.336918,3.401236,0.049148
Passive DS-TWR,1785766146.395416,0.404160,3.345620,0.091696
Passive DS-TWR,1785766146.456852,0.339315,3.296650,0.140419
Passive DS-TWR,1785766146.457014,0.264022,3.381153,0.122135
Passive DS-TWR,1785766146.457176,0.404766,3.335716,0.101307
Passive DS-TWR,1785766146.459478,0.324751,3.451966,0.053736
Passive DS-TWR,1785766146.538355,0.409238,3.435648,0.034543
Passive DS-TWR,1785766146.797954,0.353507,3.285276,0.148763
Passive DS-TWR,1785766146.829845,0.301700,3.345925,0.113335
Passive DS-TWR,1785766146.830021,0.410123,3.353751,0.086294
Passive DS-TWR,1785766146.895007,0.399193,3.347177,0.088733
Passive DS-TWR,1785766146.931014,0.355780,3.285444,0.148287
Passive DS-TWR,1785766146.947641,0.265771,3.402757,0.113051
Passive DS-TWR,1785766146.968731,0.394311,3.316116,0.118003
Passive DS-TWR,1785766146.970483,0.378042,3.379680,0.052918
Passive DS-TWR,1785766147.058823,0.333982,3.432791,0.040857
Passive DS-TWR,1785766147.081246,0.266669,3.334300,0.146096
Passive DS-TWR,1785766147.100241,0.342516,3.430504,0.032384
Passive DS-TWR,1785766147.139295,0.371065,3.264000,0.168544
Passive DS-TWR,1785766147.140018,0.271006,3.338101,0.140331
Passive DS-TWR,1785766147.145248,0.392556,3.333518,0.100556
Passive DS-TWR,1785766147.228009,0.379077,3.317328,0.115251
Passive DS-TWR,1785766147.228120,0.346015,3.410086,0.036514
Passive DS-TWR,1785766147.267638,0.321064,3.294189,0.148398
Passive DS-TWR,1785766147.346834,0.271089,3.369268,0.121501
Passive DS-TWR,1785766147.353025,0.375616,3.384812,0.047696
Passive DS-TWR,1785766147.412555,0.422278,3.352436,0.093064
Passive DS-TWR,1785766147.429999,0.396018,3.393927,0.044006
Passive DS-TWR,1785766147.438879,0.322096,3.261040,0.179390
Passive DS-TWR,1785766147.466916,0.273956,3.340467,0.136557
Passive DS-TWR,1785766147.680417,0.428960,3.419315,0.055705
Passive DS-TWR,1785766147.738503,0.325260,3.308615,0.133439
Passive DS-TWR,1785766147.740199,0.267425,3.391840,0.114852
Passive DS-TWR,1785766147.740900,0.418007,3.306935,0.132780
Passive DS-TWR,1785766147.741351,0.322435,3.460184,0.059266
Passive DS-TWR,1785766147.791404,0.275712,3.359407,0.123162
Passive DS-TWR,1785766147.795024,0.406195,3.299165,0.136973
Passive DS-TWR,1785766147.844954,0.286193,3.354446,0.118113
Passive DS-TWR,1785766147.849342,0.432946,3.382635,0.076571
Passive DS-TWR,1785766147.906718,0.340060,3.293824,0.142972
Passive DS-TWR,1785766147.928634,0.282267,3.361211,0.116841
Passive DS-TWR,1785766147.945801,0.334666,3.493158,0.072753
Passive DS-TWR,1785766147.950406,0.352799,3.314206,0.120331
Passive DS-TWR,1785766148.046173,0.372697,3.266050,0.166465
Passive DS-TWR,1785766148.067194,0.296986,3.464882,0.084318
Passive DS-TWR,1785766148.078730,0.338143,3.295802,0.141539
Passive DS-TWR,1785766148.094326,0.288053,3.330043,0.134274
Passive DS-TWR,1785766148.162902,0.358355,3.440792,0.018451
Passive DS-TWR,1785766148.185247,0.369967,3.394016,0.038792
Passive DS-TWR,1785766148.217435,0.424089,3.267304,0.172383
Passive DS-TWR,1785766148.257299,0.330438,3.411038,0.049316
Passive DS-TWR,1785766148.350222,0.354542,3.303377,0.130710
Passive DS-TWR,1785766148.351878,0.286200,3.348408,0.122182
Passive DS-TWR,1785766148.362367,0.438339,3.417724,0.065197
Passive DS-TWR,1785766148.443814,0.282899,3.450645,0.093712
Passive DS-TWR,1785766148.489438,0.400496,3.304014,0.131024
Passive DS-TWR,1785766148.518466,0.293045,3.438938,0.082047
Passive DS-TWR,1785766148.709625,0.278974,3.368002,0.115543
Passive DS-TWR,1785766148.709830,0.324639,3.423272,0.051041
Passive DS-TWR,1785766148.728665,0.353274,3.343531,0.091547
Passive DS-TWR,1785766148.750037,0.290162,3.384276,0.097447
Passive DS-TWR,1785766148.788844,0.319442,3.427431,0.055628
Passive DS-TWR,1785766148.789075,0.355135,3.272511,0.161199
Passive DS-TWR,1785766148.798894,0.295820,3.369038,0.101348
Passive DS-TWR,1785766148.812896,0.396085,3.306126,0.128149
Passive DS-TWR,1785766148.841981,0.360735,3.401124,0.034401
Passive DS-TWR,1785766148.881692,0.273436,3.365933,0.121300
Passive DS-TWR,1785766148.881902,0.416742,3.304765,0.134434
Passive DS-TWR,1785766148.953334,0.365395,3.418521,0.016871
Passive DS-TWR,1785766148.995276,0.332923,3.293179,0.145491
Passive DS-TWR,1785766148.995386,0.295505,3.429572,0.079388
Passive DS-TWR,1785766149.002822,0.389862,3.303348,0.130024
Passive DS-TWR,1785766149.210495,0.371565,3.426492,0.006843
Passive DS-TWR,1785766149.298157,0.360162,3.268787,0.164371
Passive DS-TWR,1785766149.328468,0.423251,3.256699,0.182346
Passive DS-TWR,1785766149.375641,0.285949,3.438385,0.089084
Passive DS-TWR,1785766149.409222,0.391716,3.374517,0.060390
Passive DS-TWR,1785766149.432763,0.335560,3.341750,0.098887
Passive DS-TWR,1785766149.451006,0.296691,3.355402,0.109779
Passive DS-TWR,1785766149.743023,0.267535,3.338349,0.142754
Passive DS-TWR,1785766149.743194,0.404008,3.313749,0.122282
Passive DS-TWR,1785766149.744561,0.365203,3.410645,0.023886
Passive DS-TWR,1785766149.744695,0.330934,3.338180,0.104040
Passive DS-TWR,1785766149.785913,0.289370,3.374325,0.103389
Passive DS-TWR,1785766149.824486,0.310288,3.304499,0.143358
Passive DS-TWR,1785766149.868472,0.318205,3.438482,0.056948
Passive DS-TWR,1785766149.870549,0.350435,3.274533,0.159842
Passive DS-TWR,1785766149.890891,0.264771,3.406971,0.112990
Passive DS-TWR,1785766149.937417,0.362582,3.263864,0.169082
Passive DS-TWR,1785766149.967510,0.276930,3.342577,0.132938
Passive DS-TWR,1785766149.967703,0.429304,3.326969,0.118758
Passive DS-TWR,1785766149.977340,0.335715,3.404410,0.048164
Passive DS-TWR,1785766150.013077,0.394123,3.276671,0.157019
Passive DS-TWR,1785766150.016024,0.282391,3.366495,0.113593
Passive DS-TWR,1785766150.026753,0.383388,3.321634,0.111196
Passive DS-TWR,1785766150.101881,0.431702,3.376541,0.079781
Passive DS-TWR,1785766150.143091,0.305957,3.301358,0.148133
Passive DS-TWR,1785766150.349121,0.356087,3.320218,0.113838
Passive DS-TWR,1785766150.351529,0.404613,3.332645,0.104201
Passive DS-TWR,1785766150.377041,0.353696,3.430697,0.021219
Passive DS-TWR,1785766150.396947,0.358547,3.292186,0.141258
Passive DS-TWR,1785766150.404457,0.271789,3.331635,0.144199
Passive DS-TWR,1785766150.440384,0.298550,3.406450,0.080614
Passive DS-TWR,1785766150.528469,0.389068,3.288944,0.144261
Passive DS-TWR,1785766150.528585,0.288481,3.359466,0.113101
Passive DS-TWR,1785766150.609716,0.407672,3.378514,0.063188
Passive DS-TWR,1785766150.654425,0.299462,3.341034,0.118524
Passive DS-TWR,1785766150.691044,0.429053,3.395102,0.065863
Passive DS-TWR,1785766150.691175,0.374403,3.417227,0.015281
Passive DS-TWR,1785766150.712334,0.359276,3.300974,0.132445
Passive DS-TWR,1785766150.718661,0.298524,3.348686,0.113353
Passive DS-TWR,1785766150.754910,0.400231,3.362555,0.074413
Passive DS-TWR,1785766150.755938,0.401068,3.403506,0.039099
Passive DS-TWR,1785766150.789985,0.272408,3.328307,0.146111
Passive DS-TWR,1785766150.878245,0.370343,3.413664,0.019367
Passive DS-TWR,1785766150.902690,0.357838,3.287960,0.145538
Passive DS-TWR,1785766150.936975,0.292699,3.325523,0.134875
Passive DS-TWR,1785766150.938060,0.403942,3.382189,0.058123
Passive DS-TWR,1785766150.977791,0.390742,3.301837,0.131629
Passive DS-TWR,1785766150.988273,0.396158,3.328391,0.106271
Passive DS-TWR,1785766151.021111,0.354778,3.436745,0.020504
Passive DS-TWR,1785766151.024268,0.311755,3.295271,0.151035
Passive DS-TWR,1785766151.067441,0.393107,3.428460,0.018710
Passive DS-TWR,1785766151.386356,0.426656,3.395023,0.063950
Passive DS-TWR,1785766151.470300,0.334615,3.277916,0.159733
Passive DS-TWR,1785766151.514195,0.406768,3.406847,0.040959
Passive DS-TWR,1785766151.549506,0.363906,3.308817,0.124167
Passive DS-TWR,1785766151.551816,0.304500,3.376472,0.089927
Passive DS-TWR,1785766151.588147,0.408587,3.345444,0.093370
Passive DS-TWR,1785766151.598908,0.350993,3.297424,0.137167
Passive DS-TWR,1785766151.629522,0.282240,3.442976,0.093190
Passive DS-TWR,1785766151.629794,0.410731,3.347922,0.091880
Passive DS-TWR,1785766151.641578,0.305151,3.438731,0.069966
Passive DS-TWR,1785766151.670776,0.346126,3.279216,0.155951
Passive DS-TWR,1785766151.777611,0.284038,3.340561,0.129220
Passive DS-TWR,1785766151.822715,0.319657,3.287598,0.155055
Passive DS-TWR,1785766151.855505,0.368103,3.444853,0.014068
Passive DS-TWR,1785766151.859017,0.299701,3.298614,0.153531
Passive DS-TWR,1785766151.882132,0.288578,3.383681,0.099118
Passive DS-TWR,1785766151.919115,0.270844,3.430957,0.104006
Passive DS-TWR,1785766151.919247,0.313446,3.296161,0.149525
Passive DS-TWR,1785766151.945342,0.283829,3.335964,0.132674
Passive DS-TWR,1785766151.959035,0.433422,3.371695,0.084436
Passive DS-TWR,1785766152.038903,0.397071,3.318660,0.115992
Passive DS-TWR,1785766152.139352,0.422540,3.398369,0.058655
Passive DS-TWR,1785766152.176423,0.326680,3.442669,0.049220
Passive DS-TWR,1785766152.176629,0.328316,3.300762,0.139713
Passive DS-TWR,1785766152.209910,0.284634,3.361741,0.114647
Passive DS-TWR,1785766152.256718,0.406270,3.295312,0.140744
Passive DS-TWR,1785766152.256865,0.286374,3.352131,0.119522
Passive DS-TWR,1785766152.267832,0.376193,3.294369,0.138139
Passive DS-TWR,1785766152.299533,0.268922,3.405541,0.109294
Passive DS-TWR,1785766152.496943,0.319487,3.278514,0.163634
Passive DS-TWR,1785766152.528374,0.289601,3.380455,0.099871
Passive DS-TWR,1785766152.528589,0.372459,3.394846,0.037730
Passive DS-TWR,1785766152.574229,0.395405,3.296937,0.137115
Passive DS-TWR,1785766152.576889,0.259999,3.397207,0.120141
Passive DS-TWR,1785766152.585765,0.400844,3.320472,0.115008
Passive DS-TWR,1785766152.621674,0.364071,3.426495,0.012330
Passive DS-TWR,1785766152.625786,0.302327,3.293106,0.157128
Passive DS-TWR,1785766152.773763,0.361633,3.312166,0.121058
Passive DS-TWR,1785766152.773964,0.276231,3.369870,0.116817
Passive DS-TWR,1785766152.778345,0.400760,3.354889,0.081827
Passive DS-TWR,1785766152.800745,0.384193,3.424950,0.012022
Passive DS-TWR,1785766152.819657,0.368348,3.287957,0.144690
Passive DS-TWR,1785766152.830390,0.310666,3.390539,0.076674
Passive DS-TWR,1785766152.863328,0.411672,3.384194,0.060748
Passive DS-TWR,1785766152.863509,0.372400,3.445798,0.013518
Passive DS-TWR,1785766152.883408,0.396080,3.337961,0.096897
Passive DS-TWR,1785766152.918270,0.296299,3.338910,0.122180
Passive DS-TWR,1785766152.918960,0.395427,3.347446,0.087512
Passive DS-TWR,1785766152.921077,0.286537,3.421651,0.088966
Passive DS-TWR,1785766152.964108,0.355419,3.275476,0.158221
Passive DS-TWR,1785766152.982898,0.410613,3.388120,0.057004
Passive DS-TWR,1785766153.050202,0.359955,3.287969,0.145297
Passive DS-TWR,1785766153.050370,0.372052,3.388836,0.043755
Passive DS-TWR,1785766153.098717,0.406404,3.345397,0.092647
Passive DS-TWR,1785766153.129632,0.357364,3.442124,0.019949
Passive DS-TWR,1785766153.182942,0.361901,3.440439,0.015178
Passive DS-TWR,1785766153.235294,0.278323,3.330924,0.140119
Passive DS-TWR,1785766153.278253,0.361567,3.289650,0.143467
Passive DS-TWR,1785766153.285911,0.299990,3.388514,0.086816
Passive DS-TWR,1785766153.319530,0.374195,3.424087,0.008440
Passive DS-TWR,1785766153.328962,0.353659,3.301709,0.132496
Passive DS-TWR,1785766153.361911,0.284607,3.326890,0.138908
Passive DS-TWR,1785766153.370273,0.384563,3.397158,0.036656
Passive DS-TWR,1785766153.407992,0.293499,3.378573,0.097593
Passive DS-TWR,1785766153.486908,0.286188,3.369174,0.108946
Passive DS-TWR,1785766153.487902,0.381748,3.303197,0.129489
Passive DS-TWR,1785766153.498025,0.349930,3.405516,0.036724
Passive DS-TWR,1785766153.668725,0.287808,3.340401,0.126716
Passive DS-TWR,1785766153.739094,0.273837,3.336883,0.139083
Passive DS-TWR,1785766153.739300,0.385504,3.330488,0.102570
Passive DS-TWR,1785766153.769651,0.369110,3.428416,0.007037
Passive DS-TWR,1785766153.841985,0.345304,3.334133,0.102707
Passive DS-TWR,1785766153.842158,0.302283,3.356082,0.105377
Passive DS-TWR,1785766153.842342,0.435140,3.360568,0.093865
Passive DS-TWR,1785766153.843127,0.317169,3.324097,0.122789
Passive DS-TWR,1785766153.873912,0.280084,3.317885,0.148712
Passive DS-TWR,1785766153.874075,0.371588,3.336986,0.095571
Passive DS-TWR,1785766153.881889,0.324944,3.454474,0.054518
Passive DS-TWR,1785766154.046367,0.390233,3.270875,0.162358
Passive DS-TWR,1785766154.065091,0.278905,3.414384,0.097630
Passive DS-TWR,1785766154.065303,0.394170,3.406494,0.032405
Passive DS-TWR,1785766154.074137,0.388018,3.422309,0.016661
Passive DS-TWR,1785766154.110630,0.287149,3.400097,0.093485
Passive DS-TWR,1785766154.315254,0.395711,3.351353,0.083790
Passive DS-TWR,1785766154.339957,0.417587,3.440106,0.043420
Passive DS-TWR,1785766154.358374,0.344702,3.288287,0.147330
Passive DS-TWR,1785766154.397695,0.410711,3.349909,0.090047
Passive DS-TWR,1785766154.397893,0.305152,3.451897,0.072335
Passive DS-TWR,1785766154.424829,0.364873,3.258078,0.174708
Passive DS-TWR,1785766154.444545,0.313457,3.329527,0.119880
Passive DS-TWR,1785766154.444695,0.433795,3.403808,0.065568
Passive DS-TWR,1785766154.517149,0.424260,3.365579,0.083193
Passive DS-TWR,1785766154.555200,0.293468,3.291189,0.163065
Passive DS-TWR,1785766154.564509,0.259544,3.362973,0.134636
Passive DS-TWR,1785766154.623130,0.296276,3.403303,0.083813
Passive DS-TWR,1785766154.660565,0.406062,3.383659,0.057970
Passive DS-TWR,1785766154.661154,0.372336,3.412134,0.020520
Passive DS-TWR,1785766154.670766,0.350727,3.323038,0.112087
Passive DS-TWR,1785766154.715595,0.386691,3.388073,0.045982
Passive DS-TWR,1785766154.773210,0.364174,3.330303,0.102753
Passive DS-TWR,1785766154.793941,0.302197,3.318482,0.135193
Passive DS-TWR,1785766154.794104,0.398939,3.334771,0.100658
Passive DS-TWR,1785766154.832494,0.342743,3.330419,0.107009
Passive DS-TWR,1785766154.837822,0.289096,3.373874,0.103870
Passive DS-TWR,1785766154.968590,0.314334,3.447749,0.062397
Passive DS-TWR,1785766155.001627,0.347317,3.297182,0.138090
Passive DS-TWR,1785766155.023673,0.272759,3.368010,0.120745
Passive DS-TWR,1785766155.162104,0.372995,3.370078,0.062451
Passive DS-TWR,1785766155.258795,0.309528,3.434759,0.065350
Passive DS-TWR,1785766155.270990,0.316500,3.408790,0.062973
Passive DS-TWR,1785766155.359402,0.408294,3.341324,0.097122
Passive DS-TWR,1785766155.359594,0.348689,3.430103,0.026260
Passive DS-TWR,1785766155.385792,0.369988,3.305726,0.126868
Passive DS-TWR,1785766155.412192,0.271410,3.338641,0.139669
Passive DS-TWR,1785766155.412284,0.419424,3.322130,0.119037
Passive DS-TWR,1785766155.492466,0.374359,3.442054,0.009565
Passive DS-TWR,1785766155.492618,0.365597,3.427219,0.010645
Passive DS-TWR,1785766155.546227,0.349103,3.435171,0.025874
Passive DS-TWR,1785766155.612207,0.279763,3.425185,0.095357
Passive DS-TWR,1785766155.626972,0.331004,3.420675,0.045402
Passive DS-TWR,1785766155.682420,0.260347,3.389721,0.122223
Passive DS-TWR,1785766155.719553,0.255272,3.419140,0.120310
Passive DS-TWR,1785766155.744798,0.382094,3.367554,0.065351
Passive DS-TWR,1785766155.758846,0.323629,3.273613,0.166937
Passive DS-TWR,1785766155.790524,0.297232,3.398778,0.084617
Passive DS-TWR,1785766155.809108,0.392471,3.339758,0.094405
Passive DS-TWR,1785766155.839264,0.310345,3.318181,0.131257
Passive DS-TWR,1785766155.842540,0.305949,3.442921,0.069673
Passive DS-TWR,1785766155.850039,0.410495,3.418256,0.038397
Passive DS-TWR,1785766155.966892,0.371740,3.421429,0.011498
Passive DS-TWR,1785766155.977576,0.437992,3.388563,0.076935
Passive DS-TWR,1785766156.079928,0.357132,3.293603,0.140023
Passive DS-TWR,1785766156.104927,0.282835,3.317911,0.146954
Passive DS-TWR,1785766156.124900,0.430559,3.351622,0.098216
Passive DS-TWR,1785766156.125033,0.270608,3.431294,0.104237
Passive DS-TWR,1785766156.164238,0.259374,3.323674,0.158668
Passive DS-TWR,1785766156.198313,0.279306,3.387223,0.105719
Passive DS-TWR,1785766156.198467,0.406580,3.312198,0.124420
Passive DS-TWR,1785766156.199935,0.331838,3.440753,0.043785
Passive DS-TWR,1785766156.397276,0.349888,3.429290,0.025156
Passive DS-TWR,1785766156.435507,0.420237,3.318476,0.122730
Passive DS-TWR,1785766156.441496,0.344720,3.394004,0.048880
Passive DS-TWR,1785766156.488798,0.276497,3.293891,0.169952
Passive DS-TWR,1785766156.491556,0.419955,3.375145,0.072974
Passive DS-TWR,1785766156.547705,0.299413,3.448090,0.077020
Passive DS-TWR,1785766156.582212,0.394681,3.388488,0.048280
Passive DS-TWR,1785766156.591776,0.384539,3.313829,0.119068
Passive DS-TWR,1785766156.628208,0.274550,3.361057,0.123134
Passive DS-TWR,1785766156.767070,0.374235,3.414840,0.017672
Passive DS-TWR,1785766156.793487,0.356684,3.279418,0.154156
Passive DS-TWR,1785766156.815336,0.299734,3.390073,0.086260
Passive DS-TWR,1785766156.826650,0.326871,3.447041,0.050122
Passive DS-TWR,1785766156.856647,0.329692,3.335052,0.107399
Passive DS-TWR,1785766156.862837,0.270144,3.405440,0.108136
Passive DS-TWR,1785766156.902966,0.379036,3.319343,0.113236
Passive DS-TWR,1785766156.911727,0.329803,3.327591,0.114168
Passive DS-TWR,1785766156.994239,0.361881,3.319837,0.113407
Passive DS-TWR,1785766157.003057,0.385441,3.286520,0.146366
Passive DS-TWR,1785766157.055388,0.255254,3.391477,0.126425
Passive DS-TWR,1785766157.091066,0.416440,3.371745,0.073635
Passive DS-TWR,1785766157.118318,0.340784,3.275121,0.161023
Passive DS-TWR,1785766157.128674,0.288902,3.349770,0.119288
Passive DS-TWR,1785766157.131794,0.394873,3.334715,0.099817
Passive DS-TWR,1785766157.171621,0.353979,3.326548,0.107987
Passive DS-TWR,1785766157.188772,0.273048,3.368097,0.120454
Passive DS-TWR,1785766157.217932,0.361294,3.405719,0.030012
Passive DS-TWR,1785766157.260926,0.257724,3.430800,0.117127
Passive DS-TWR,1785766157.307029,0.375869,3.307338,0.125168
Passive DS-TWR,1785766157.347446,0.414875,3.345417,0.095847
Passive DS-TWR,1785766157.390657,0.304401,3.329374,0.124887
Passive DS-TWR,1785766157.433689,0.372547,3.289722,0.142798
Passive DS-TWR,1785766157.438153,0.288353,3.337814,0.128239
Passive DS-TWR,1785766157.474410,0.301653,3.413716,0.075558
Passive DS-TWR,1785766157.487979,0.300455,3.316074,0.138160
Passive DS-TWR,1785766157.529571,0.312789,3.447356,0.063803
Passive DS-TWR,1785766157.567190,0.358084,3.276936,0.156465
Passive DS-TWR,1785766157.658270,0.331628,3.403536,0.052021
Passive DS-TWR,1785766157.700917,0.297298,3.306888,0.147619
Passive DS-TWR,1785766157.701070,0.300480,3.364154,0.100998
Passive DS-TWR,1785766157.744336,0.338507,3.351459,0.088814
Passive DS-TWR,1785766157.789345,0.288731,3.418440,0.087248
Passive DS-TWR,1785766157.824932,0.275327,3.300660,0.165181
Passive DS-TWR,1785766158.077292,0.384569,3.410722,0.023854
Passive DS-TWR,1785766158.077527,0.342867,3.289222,0.146803
Passive DS-TWR,1785766158.079413,0.280554,3.371211,0.112455
Passive DS-TWR,1785766158.147422,0.373571,3.303532,0.128976
Passive DS-TWR,1785766158.163699,0.269921,3.376027,0.119152
Passive DS-TWR,1785766158.174672,0.389854,3.316324,0.117144
Passive DS-TWR,1785766158.203329,0.338005,3.280434,0.156465
Passive DS-TWR,1785766158.207895,0.289638,3.352778,0.116683
Passive DS-TWR,1785766158.334458,0.265393,3.418294,0.110364
Passive DS-TWR,1785766158.450787,0.370169,3.283814,0.148761
Passive DS-TWR,1785766158.521946,0.328324,3.281080,0.158405
Passive DS-TWR,1785766158.533722,0.270556,3.334177,0.143327
Passive DS-TWR,1785766158.577521,0.359844,3.304209,0.129166
Passive DS-TWR,1785766158.608083,0.284373,3.318512,0.145525
Passive DS-TWR,1785766158.658395,0.313419,3.286073,0.158788
Passive DS-TWR,1785766158.665756,0.420529,3.337404,0.105505
Passive DS-TWR,1785766158.703397,0.353217,3.324268,0.110372
Passive DS-TWR,1785766158.730399,0.272848,3.369758,0.119745
Passive DS-TWR,1785766158.739922,0.379694,3.349720,0.082923
Passive DS-TWR,1785766158.746823,0.274201,3.436819,0.100730
Passive DS-TWR,1785766158.927254,0.298700,3.352575,0.110387
Passive DS-TWR,1785766158.992352,0.368341,3.326957,0.105745
Passive DS-TWR,1785766158.993197,0.281058,3.349949,0.124939
Passive DS-TWR,1785766158.993419,0.371404,3.282396,0.150145
Passive DS-TWR,1785766159.016236,0.370879,3.416055,0.016917
Passive DS-TWR,1785766159.034545,0.312300,3.300750,0.145841
Passive DS-TWR,1785766159.039089,0.290422,3.416073,0.086001
Passive DS-TWR,1785766159.073271,0.387904,3.326978,0.106329
Passive DS-TWR,1785766159.116038,0.381969,3.277753,0.154913
Passive DS-TWR,1785766159.158235,0.335897,3.285702,0.151877
Passive DS-TWR,1785766159.166918,0.286611,3.339114,0.128474
Passive DS-TWR,1785766159.214811,0.332934,3.303028,0.136086
Passive DS-TWR,1785766159.259275,0.399145,3.417714,0.028451
Passive DS-TWR,1785766159.294477,0.295867,3.424061,0.079422
Passive DS-TWR,1785766159.332114,0.396320,3.367632,0.068334
Passive DS-TWR,1785766159.333283,0.361178,3.432420,0.013661
Passive DS-TWR,1785766159.342664,0.337808,3.286851,0.150284
Passive DS-TWR,1785766159.420550,0.292043,3.333352,0.129173
Passive DS-TWR,1785766159.461106,0.300480,3.437160,0.074504
Passive DS-TWR,1785766159.471895,0.351365,3.307063,0.127615
Passive DS-TWR,1785766159.504997,0.286519,3.388276,0.098774
Passive DS-TWR,1785766159.505654,0.375884,3.346616,0.085891
Passive DS-TWR,1785766159.513666,0.371149,3.393929,0.038749
Passive DS-TWR,1785766159.550853,0.267431,3.320484,0.155191
Passive DS-TWR,1785766159.577363,0.406723,3.349228,0.089169
Passive DS-TWR,1785766159.726942,0.318117,3.309463,0.135484
Passive DS-TWR,1785766159.770550,0.368797,3.420360,0.013562
Passive DS-TWR,1785766159.802418,0.363917,3.282431,0.150467
Passive DS-TWR,1785766159.806723,0.287101,3.368257,0.108744
Passive DS-TWR,1785766159.861079,0.322902,3.311918,0.131292
Passive DS-TWR,1785766159.884973,0.255440,3.367277,0.136052
Passive DS-TWR,1785766159.885071,0.390801,3.338787,0.095065
Passive DS-TWR,1785766159.913641,0.418836,3.408689,0.050028
Passive DS-TWR,1785766159.945292,0.273887,3.404075,0.104877
Passive DS-TWR,1785766159.948773,0.387619,3.328905,0.104382
Passive DS-TWR,1785766159.991501,0.347389,3.296438,0.138805
Passive DS-TWR,1785766160.057307,0.332688,3.305682,0.133641
Passive DS-TWR,1785766160.135180,0.382376,3.410891,0.022887
Passive DS-TWR,1785766160.135315,0.312727,3.309203,0.138059
Passive DS-TWR,1785766160.135409,0.290917,3.376450,0.100919
Passive DS-TWR,1785766160.192840,0.283479,3.370365,0.110487
Passive DS-TWR,1785766160.224837,0.371397,3.382575,0.050045
Passive DS-TWR,1785766160.289869,0.392734,3.389568,0.046514
Passive DS-TWR,1785766160.291239,0.327385,3.418989,0.049340
Passive DS-TWR,1785766160.381029,0.407546,3.346073,0.092410
Passive DS-TWR,1785766160.388376,0.279403,3.368218,0.115067
Passive DS-TWR,1785766160.573776,0.343707,3.322619,0.114207
Passive DS-TWR,1785766160.575434,0.285246,3.352189,0.120320
Passive DS-TWR,1785766160.618025,0.411547,3.342627,0.097083
Passive DS-TWR,1785766160.660550,0.363757,3.287827,0.145099
Passive DS-TWR,1785766160.670854,0.393290,3.349026,0.085490
Passive DS-TWR,1785766160.714353,0.331012,3.280085,0.158592
Passive DS-TWR,1785766160.730308,0.296591,3.337062,0.123415
Passive DS-TWR,1785766160.759115,0.258596,3.285697,0.187254
Passive DS-TWR,1785766160.767579,0.292451,3.329290,0.132062
Passive DS-TWR,1785766160.843683,0.294866,3.380473,0.095407
Passive DS-TWR,1785766160.845979,0.441853,3.389997,0.079358
Passive DS-TWR,1785766160.906782,0.287496,3.426042,0.087581
Passive DS-TWR,1785766160.959111,0.311605,3.436935,0.063389
Passive DS-TWR,1785766160.970115,0.393678,3.372884,0.062523
Passive DS-TWR,1785766161.005954,0.341453,3.430051,0.033476
Passive DS-TWR,1785766161.026529,0.275588,3.361248,0.122179
Passive DS-TWR,1785766161.070784,0.382179,3.405869,0.027626
Passive DS-TWR,1785766161.070927,0.365891,3.417823,0.017191
Passive DS-TWR,1785766161.077640,0.370460,3.302676,0.129899
Passive DS-TWR,1785766161.112068,0.271773,3.343547,0.136145
Passive DS-TWR,1785766161.112305,0.385671,3.366127,0.067253
Passive DS-TWR,1785766161.166034,0.276379,3.419534,0.099310
Passive DS-TWR,1785766161.166229,0.378498,3.306170,0.126385
Passive DS-TWR,1785766161.262878,0.385728,3.328945,0.104128
Passive DS-TWR,1785766161.298335,0.301201,3.391741,0.084166
Passive DS-TWR,1785766161.298526,0.406060,3.325247,0.111707
Passive DS-TWR,1785766161.343490,0.254839,3.413044,0.121567
Passive DS-TWR,1785766161.467428,0.407311,3.383563,0.058732
Passive DS-TWR,1785766161.471051,0.290826,3.326642,0.135146
Passive DS-TWR,1785766161.565802,0.351171,3.397892,0.041928
Passive DS-TWR,1785766161.597323,0.288249,3.302901,0.155866
Passive DS-TWR,1785766161.642267,0.413396,3.358937,0.083056
Passive DS-TWR,1785766161.643289,0.325069,3.413719,0.053196
Passive DS-TWR,1785766161.646963,0.325259,3.283341,0.157184
Passive DS-TWR,1785766161.692366,0.358193,3.426852,0.017579
Passive DS-TWR,1785766161.727350,0.275055,3.336770,0.138279
Passive DS-TWR,1785766161.748323,0.396392,3.345012,0.090105
Passive DS-TWR,1785766161.768521,0.337911,3.414414,0.041119
Passive DS-TWR,1785766161.812797,0.322243,3.264834,0.175724
Passive DS-TWR,1785766161.898792,0.339581,3.433466,0.035270
Passive DS-TWR,1785766162.175843,0.329540,3.282230,0.156951
Passive DS-TWR,1785766162.211423,0.285893,3.287471,0.170133
Passive DS-TWR,1785766162.211524,0.285730,3.315196,0.147312
Passive DS-TWR,1785766162.211636,0.410540,3.322928,0.115243
Passive DS-TWR,1785766162.228506,0.349528,3.310873,0.124234
Passive DS-TWR,1785766162.251076,0.294822,3.431326,0.080025
Passive DS-TWR,1785766162.290578,0.288875,3.282502,0.172886
Passive DS-TWR,1785766162.304146,0.290274,3.334691,0.129298
Passive DS-TWR,1785766162.462189,0.279867,3.410245,0.097545
Passive DS-TWR,1785766162.475886,0.335675,3.418609,0.041555
Passive DS-TWR,1785766162.482236,0.361851,3.277499,0.155546
Passive DS-TWR,1785766162.559924,0.253636,3.418370,0.122023
Passive DS-TWR,1785766162.605815,0.339766,3.427829,0.035383
Passive DS-TWR,1785766162.622074,0.384492,3.287764,0.145059
Passive DS-TWR,1785766162.658782,0.393360,3.385953,0.050098
Passive DS-TWR,1785766162.699911,0.400432,3.341709,0.094331
Passive DS-TWR,1785766162.790455,0.354308,3.427894,0.021041
Passive DS-TWR,1785766162.832726,0.401613,3.392532,0.048109
Passive DS-TWR,1785766162.872571,0.336395,3.417802,0.041158
Passive DS-TWR,1785766162.878874,0.295961,3.376132,0.096950
Passive DS-TWR,1785766162.906314,0.392273,3.408539,0.029634
Passive DS-TWR,1785766162.935816,0.374895,3.271140,0.161361
Passive DS-TWR,1785766162.944753,0.281457,3.335292,0.134795
Passive DS-TWR,1785766162.980104,0.413264,3.384767,0.061279
Passive DS-TWR,1785766162.980389,0.313995,3.438842,0.061173
Passive DS-TWR,1785766163.135460,0.300947,3.357238,0.105473
Passive DS-TWR,1785766163.165482,0.375597,3.350077,0.082428
Passive DS-TWR,1785766163.165579,0.358053,3.398936,0.037529
Passive DS-TWR,1785766163.212358,0.359844,3.307322,0.126075
Passive DS-TWR,1785766163.273292,0.270850,3.381107,0.115996
Passive DS-TWR,1785766163.292252,0.368478,3.327344,0.105349
Passive DS-TWR,1785766163.292379,0.357282,3.424002,0.019505
Passive DS-TWR,1785766163.340599,0.390077,3.290255,0.143061
Passive DS-TWR,1785766163.340774,0.299995,3.442366,0.075490
Passive DS-TWR,1785766163.364281,0.403793,3.327816,0.108615
Passive DS-TWR,1785766163.543252,0.274116,3.338599,0.137706
Passive DS-TWR,1785766163.546681,0.373599,3.414092,0.018452
Passive DS-TWR,1785766163.578431,0.365953,3.328231,0.104648
Passive DS-TWR,1785766163.594923,0.377977,3.340552,0.092003
Passive DS-TWR,1785766163.631200,0.389585,3.421455,0.018425
Passive DS-TWR,1785766163.633705,0.342462,3.293641,0.142585
Passive DS-TWR,1785766163.645923,0.266797,3.397604,0.113538
Passive DS-TWR,1785766163.677012,0.402990,3.373471,0.065400
Passive DS-TWR,1785766163.738389,0.366921,3.409788,0.024054
Passive DS-TWR,1785766163.775335,0.294386,3.420963,0.081275
Passive DS-TWR,1785766163.787138,0.422190,3.359065,0.087379
Passive DS-TWR,1785766163.823031,0.370784,3.309916,0.122652
Passive DS-TWR,1785766163.858548,0.265076,3.319505,0.157531
Passive DS-TWR,1785766163.919596,0.283298,3.465528,0.097316
Passive DS-TWR,1785766163.919733,0.384722,3.380420,0.053011
Passive DS-TWR,1785766164.006111,0.358296,3.400683,0.035862
Passive DS-TWR,1785766164.086500,0.363061,3.420972,0.016481
Passive DS-TWR,1785766164.096588,0.256418,3.429585,0.118457
Passive DS-TWR,1785766164.118131,0.389365,3.398906,0.036602
Passive DS-TWR,1785766164.142689,0.338465,3.416937,0.039564
Passive DS-TWR,1785766164.145263,0.301923,3.284482,0.165005
Passive DS-TWR,1785766164.230804,0.371516,3.398690,0.033974
Passive DS-TWR,1785766164.443460,0.346405,3.416884,0.032440
Passive DS-TWR,1785766164.478974,0.335644,3.303410,0.134911
Passive DS-TWR,1785766164.482152,0.269922,3.353903,0.131093
Passive DS-TWR,1785766164.490391,0.395896,3.321947,0.112542
Passive DS-TWR,1785766164.530163,0.349155,3.387377,0.051922
Passive DS-TWR,1785766164.530349,0.370123,3.294811,0.137772
Passive DS-TWR,1785766164.576601,0.319003,3.446050,0.057456
Passive DS-TWR,1785766164.602610,0.325025,3.300315,0.141261
Passive DS-TWR,1785766164.670853,0.277392,3.329494,0.141797
Passive DS-TWR,1785766164.687350,0.410542,3.334889,0.103938
Passive DS-TWR,1785766164.713668,0.350420,3.405480,0.036421
Passive DS-TWR,1785766164.719331,0.391895,3.301940,0.131671
Passive DS-TWR,1785766164.752186,0.291489,3.342515,0.122657
Passive DS-TWR,1785766164.752362,0.415890,3.427491,0.041356
Passive DS-TWR,1785766164.761870,0.352378,3.438109,0.023150
Passive DS-TWR,1785766164.799899,0.409695,3.281138,0.155325
Passive DS-TWR,1785766164.806901,0.281766,3.353689,0.121959
Passive DS-TWR,1785766164.810783,0.420818,3.355667,0.089542
Passive DS-TWR,1785766164.846880,0.360469,3.407030,0.029246
Passive DS-TWR,1785766164.849086,0.374624,3.327082,0.105419
Passive DS-TWR,1785766164.894489,0.297998,3.358602,0.106610
Passive DS-TWR,1785766164.974910,0.331042,3.301795,0.137849
Passive DS-TWR,1785766165.007273,0.290735,3.380818,0.098715
Passive DS-TWR,1785766165.008425,0.393722,3.355944,0.078852
Passive DS-TWR,1785766165.053543,0.422458,3.406388,0.054310
Passive DS-TWR,1785766165.220712,0.413115,3.354521,0.086868
Passive DS-TWR,1785766165.257088,0.305807,3.363634,0.097509
Passive DS-TWR,1785766165.302107,0.368723,3.292654,0.139981
Passive DS-TWR,1785766165.311033,0.294707,3.330412,0.129782
Passive DS-TWR,1785766165.333228,0.422884,3.310269,0.131336
Passive DS-TWR,1785766165.342409,0.384792,3.412290,0.022529
Passive DS-TWR,1785766165.386688,0.392319,3.355161,0.079291
Passive DS-TWR,1785766165.514695,0.394128,3.249715,0.183801
Passive DS-TWR,1785766165.553391,0.335735,3.416086,0.042410
Passive DS-TWR,1785766165.557011,0.330431,3.306025,0.134046
Passive DS-TWR,1785766165.567707,0.286916,3.301390,0.157863
Passive DS-TWR,1785766165.615418,0.346828,3.292846,0.142437
Passive DS-TWR,1785766165.645365,0.383031,3.321947,0.110858
Passive DS-TWR,1785766165.659828,0.363843,3.418407,0.017876
Passive DS-TWR,1785766165.731822,0.404314,3.305573,0.130306
Passive DS-TWR,1785766165.734363,0.354604,3.405604,0.033658
Passive DS-TWR,1785766165.742845,0.353108,3.304783,0.129554
Passive DS-TWR,1785766165.790881,0.304325,3.374258,0.091458
Passive DS-TWR,1785766165.860426,0.382436,3.417884,0.016474
Passive DS-TWR,1785766165.881207,0.382887,3.276331,0.156378
Passive DS-TWR,1785766165.887117,0.309851,3.349510,0.105409
Passive DS-TWR,1785766165.920548,0.421142,3.349536,0.095013
Passive DS-TWR,1785766165.920679,0.347323,3.458005,0.037517
Passive DS-TWR,1785766165.952475,0.261507,3.337427,0.147930
Passive DS-TWR,1785766165.962339,0.285366,3.367364,0.110672
Passive DS-TWR,1785766165.965672,0.395934,3.352547,0.082691
Passive DS-TWR,1785766165.977933,0.365317,3.413179,0.021541
Passive DS-TWR,1785766166.009550,0.347644,3.291026,0.144065
Passive DS-TWR,1785766166.048691,0.389652,3.313505,0.119915
Passive DS-TWR,1785766166.076878,0.377462,3.290015,0.142511
Passive DS-TWR,1785766166.117199,0.355947,3.410259,0.029183
Passive DS-TWR,1785766166.191392,0.355782,3.289717,0.144050
Passive DS-TWR,1785766166.224900,0.283831,3.396921,0.097716
Passive DS-TWR,1785766166.321378,0.384683,3.356073,0.077060
Passive DS-TWR,1785766166.321723,0.370629,3.315999,0.116579
Passive DS-TWR,1785766166.363432,0.299272,3.417042,0.077131
Passive DS-TWR,1785766166.364865,0.420972,3.377063,0.072123
Passive DS-TWR,1785766166.364956,0.348919,3.415401,0.031052
Passive DS-TWR,1785766166.394870,0.341777,3.280629,0.155430
Passive DS-TWR,1785766166.451729,0.351875,3.437189,0.023437
Passive DS-TWR,1785766166.462997,0.288638,3.382813,0.099496
Passive DS-TWR,1785766166.511175,0.323596,3.281726,0.159246
Passive DS-TWR,1785766166.539235,0.273396,3.342256,0.135775
Passive DS-TWR,1785766166.539352,0.385408,3.402118,0.032169
Passive DS-TWR,1785766166.559405,0.255727,3.414023,0.120536
Passive DS-TWR,1785766166.584609,0.349664,3.319546,0.115727
Passive DS-TWR,1785766166.591117,0.299218,3.428229,0.075741
Passive DS-TWR,1785766166.625231,0.355610,3.418257,0.023930
Passive DS-TWR,1785766166.671264,0.389162,3.359533,0.074361
Passive DS-TWR,1785766166.694034,0.350889,3.426161,0.024774
Passive DS-TWR,1785766166.887980,0.381615,3.435321,0.007339
Passive DS-TWR,1785766166.894939,0.312494,3.307289,0.139875
Passive DS-TWR,1785766166.914371,0.298772,3.351685,0.110984
Passive DS-TWR,1785766166.992126,0.286991,3.375313,0.104823
Passive DS-TWR,1785766167.036817,0.319754,3.331742,0.114834
Passive DS-TWR,1785766167.079110,0.406399,3.306344,0.130045
Passive DS-TWR,1785766167.090394,0.328611,3.287613,0.152084
Passive DS-TWR,1785766167.266512,0.293140,3.371437,0.101998
Passive DS-TWR,1785766167.296627,0.360224,3.269271,0.163883
Passive DS-TWR,1785766167.300881,0.282222,3.425346,0.092892
Passive DS-TWR,1785766167.427378,0.299278,3.384807,0.089354
Passive DS-TWR,1785766167.434502,0.403774,3.355790,0.081987
Passive DS-TWR,1785766167.461547,0.324819,3.428926,0.050147
Passive DS-TWR,1785766167.486881,0.271802,3.351880,0.130830
Passive DS-TWR,1785766167.523342,0.395503,3.351042,0.084040
Passive DS-TWR,1785766167.525511,0.380133,3.424036,0.009985
Passive DS-TWR,1785766167.534827,0.390713,3.288839,0.144537
Passive DS-TWR,1785766167.564522,0.277791,3.333971,0.138299
Passive DS-TWR,1785766167.616502,0.320349,3.394988,0.066154
Passive DS-TWR,1785766167.662824,0.340464,3.291136,0.145485
Passive DS-TWR,1785766167.697780,0.420004,3.389038,0.062681
Passive DS-TWR,1785766167.706038,0.359520,3.419600,0.020028
Passive DS-TWR,1785766167.744556,0.377519,3.295238,0.137290
Passive DS-TWR,1785766167.744745,0.281271,3.455715,0.096404
Passive DS-TWR,1785766167.788075,0.382071,3.358462,0.074391
Passive DS-TWR,1785766167.791250,0.345087,3.289500,0.146063
Passive DS-TWR,1785766167.818640,0.279804,3.383809,0.106783
Passive DS-TWR,1785766167.878023,0.303854,3.286359,0.162470
Passive DS-TWR,1785766167.878165,0.267149,3.347733,0.137050
Passive DS-TWR,1785766167.882325,0.430246,3.414041,0.058402
Passive DS-TWR,1785766167.943108,0.279857,3.320648,0.146740
Passive DS-TWR,1785766167.948837,0.408884,3.413064,0.039204
Passive DS-TWR,1785766167.989071,0.356971,3.448237,0.023809
Passive DS-TWR,1785766167.999875,0.256628,3.420818,0.118787
Passive DS-TWR,1785766168.027356,0.410444,3.296856,0.140241
Passive DS-TWR,1785766168.046811,0.319554,3.408252,0.060369
Passive DS-TWR,1785766168.050205,0.307485,3.332334,0.120706
Passive DS-TWR,1785766168.084329,0.277203,3.355204,0.124530
Passive DS-TWR,1785766168.090719,0.374935,3.420907,0.011595
Passive DS-TWR,1785766168.142445,0.305659,3.285390,0.162566
Passive DS-TWR,1785766168.142714,0.296754,3.356341,0.109076
Passive DS-TWR,1785766168.142861,0.392536,3.379727,0.055663
Passive DS-TWR,1785766168.281002,0.425279,3.407540,0.056279
Passive DS-TWR,1785766168.325828,0.269536,3.343274,0.138023
Passive DS-TWR,1785766168.470291,0.396202,3.344510,0.090548
Passive DS-TWR,1785766168.540111,0.221008,3.423591,0.154088
Passive DS-TWR,1785766168.593277,0.298799,3.402713,0.081666
Passive DS-TWR,1785766168.719809,0.375588,3.296200,0.136304
Passive DS-TWR,1785766168.732482,0.394820,3.430528,0.020079
Passive DS-TWR,1785766168.764219,0.326868,3.297990,0.142810
Passive DS-TWR,1785766168.807433,0.278597,3.383615,0.107946
Passive DS-TWR,1785766168.808668,0.312674,3.418707,0.063677
Passive DS-TWR,1785766168.815171,0.301707,3.263166,0.184453
Passive DS-TWR,1785766168.854702,0.278908,3.349268,0.127006
Passive DS-TWR,1785766168.922222,0.342351,3.419004,0.035180
Passive DS-TWR,1785766168.964460,0.382396,3.258415,0.174250
Passive DS-TWR,1785766169.009797,0.349100,3.403074,0.039095
Passive DS-TWR,1785766169.010626,0.350534,3.312766,0.122178
Passive DS-TWR,1785766169.023214,0.301912,3.386204,0.086381
Passive DS-TWR,1785766169.058793,0.324952,3.431737,0.049892
Passive DS-TWR,1785766169.078427,0.389419,3.304971,0.128361
Passive DS-TWR,1785766169.105811,0.282955,3.424068,0.092270
Passive DS-TWR,1785766169.105942,0.383506,3.314721,0.118099
Passive DS-TWR,1785766169.279564,0.284762,3.437547,0.090217
Passive DS-TWR,1785766169.321307,0.358235,3.414246,0.024677
Passive DS-TWR,1785766169.373520,0.298258,3.341749,0.118746
Passive DS-TWR,1785766169.380222,0.423734,3.355221,0.091450
Passive DS-TWR,1785766169.418817,0.408610,3.316961,0.120375
Passive DS-TWR,1785766169.459233,0.324788,3.431569,0.050059
Passive DS-TWR,1785766169.459450,0.325436,3.300758,0.140702
Passive DS-TWR,1785766169.548095,0.406888,3.315478,0.121333
Passive DS-TWR,1785766169.616954,0.275957,3.458558,0.102257
Passive DS-TWR,1785766169.626688,0.421557,3.438080,0.047050
Passive DS-TWR,1785766169.721376,0.355659,3.298578,0.135290
Passive DS-TWR,1785766169.807894,0.321569,3.296514,0.146049
Passive DS-TWR,1785766169.839608,0.381448,3.371996,0.060866
Passive DS-TWR,1785766169.855493,0.289008,3.388204,0.096588
Passive DS-TWR,1785766169.953358,0.390554,3.360755,0.073448
Passive DS-TWR,1785766169.953513,0.389173,3.414134,0.023299
Passive DS-TWR,1785766169.997788,0.293852,3.362791,0.106857
Passive DS-TWR,1785766169.997938,0.398333,3.274621,0.159619
Passive DS-TWR,1785766170.047356,0.282561,3.375250,0.108595
Passive DS-TWR,1785766170.092895,0.365900,3.439863,0.011579
Passive DS-TWR,1785766170.122974,0.376406,3.298578,0.133932
Passive DS-TWR,1785766170.135533,0.403490,3.356128,0.081571
Passive DS-TWR,1785766170.139616,0.376316,3.428661,0.004115
Passive DS-TWR,1785766170.181494,0.371517,3.329703,0.102852
Passive DS-TWR,1785766170.181625,0.234445,3.409422,0.142278
Passive DS-TWR,1785766170.186496,0.401647,3.351663,0.085167
Passive DS-TWR,1785766170.266984,0.381211,3.406602,0.026672
Passive DS-TWR,1785766170.351463,0.358445,3.323903,0.109829
Passive DS-TWR,1785766170.372642,0.281781,3.368737,0.112807
Passive DS-TWR,1785766170.526426,0.310883,3.384059,0.080231
Passive DS-TWR,1785766170.526995,0.329909,3.420536,0.046495
Passive DS-TWR,1785766170.527128,0.274494,3.369175,0.118656
Passive DS-TWR,1785766170.527244,0.393265,3.366853,0.068186
Passive DS-TWR,1785766170.563454,0.280246,3.396561,0.101191
Passive DS-TWR,1785766170.655059,0.283144,3.365877,0.113343
Passive DS-TWR,1785766170.658953,0.324556,3.461017,0.057805
Passive DS-TWR,1785766170.684747,0.308353,3.299444,0.148744
Passive DS-TWR,1785766170.740579,0.368174,3.315496,0.117195
Passive DS-TWR,1785766170.782679,0.369052,3.308664,0.123973
Passive DS-TWR,1785766170.782871,0.357106,3.410729,0.028080
Passive DS-TWR,1785766170.826541,0.322713,3.306193,0.136641
Passive DS-TWR,1785766170.829134,0.386601,3.302644,0.130389
Passive DS-TWR,1785766171.013672,0.270104,3.358138,0.128450
Passive DS-TWR,1785766171.050695,0.362813,3.394193,0.040152
Passive DS-TWR,1785766171.092686,0.284193,3.342052,0.128053
Passive DS-TWR,1785766171.095748,0.423569,3.380915,0.070963
Passive DS-TWR,1785766171.101500,0.354030,3.410598,0.030212
Passive DS-TWR,1785766171.142985,0.306447,3.293541,0.154879
Passive DS-TWR,1785766171.143127,0.279610,3.394187,0.102647
Passive DS-TWR,1785766171.146608,0.406690,3.297048,0.139148
Passive DS-TWR,1785766171.182254,0.327646,3.460264,0.054753
Passive DS-TWR,1785766171.186284,0.326836,3.309643,0.131903
Passive DS-TWR,1785766171.227438,0.333359,3.397985,0.053962
Passive DS-TWR,1785766171.429087,0.395406,3.292176,0.141825
Passive DS-TWR,1785766171.483152,0.284492,3.324313,0.140951
Passive DS-TWR,1785766171.483363,0.395404,3.375262,0.060822
Passive DS-TWR,1785766171.483438,0.388137,3.406141,0.029525
Passive DS-TWR,1785766171.513376,0.304682,3.299949,0.149974
Passive DS-TWR,1785766171.528230,0.267162,3.349274,0.136092
Passive DS-TWR,1785766171.583750,0.271837,3.401168,0.107662
Passive DS-TWR,1785766171.619132,0.411514,3.382563,0.061959
Passive DS-TWR,1785766171.619249,0.321647,3.454884,0.057709
Passive DS-TWR,1785766171.631080,0.323062,3.322507,0.121571
Passive DS-TWR,1785766171.661752,0.292353,3.371193,0.102775
Passive DS-TWR,1785766171.674078,0.346069,3.419652,0.031508
Passive DS-TWR,1785766171.749570,0.335359,3.440949,0.040374
Passive DS-TWR,1785766171.759999,0.386950,3.288072,0.144936
Passive DS-TWR,1785766171.789646,0.428560,3.377135,0.077146
Passive DS-TWR,1785766171.802137,0.396515,3.405665,0.034497
Passive DS-TWR,1785766171.876060,0.398105,3.332093,0.103069
Passive DS-TWR,1785766171.878127,0.379929,3.404526,0.028434
Passive DS-TWR,1785766172.029733,0.348945,3.295644,0.139286
Passive DS-TWR,1785766172.030947,0.272656,3.352698,0.129653
Passive DS-TWR,1785766172.042509,0.404902,3.322624,0.113916
Passive DS-TWR,1785766172.079781,0.340478,3.314453,0.122948
Passive DS-TWR,1785766172.105555,0.301664,3.360632,0.102566
Passive DS-TWR,1785766172.123910,0.404702,3.307214,0.128798
Passive DS-TWR,1785766172.123996,0.382985,3.426670,0.010019
Passive DS-TWR,1785766172.168468,0.370811,3.305665,0.126900
Passive DS-TWR,1785766172.170345,0.284790,3.357126,0.117432
Passive DS-TWR,1785766172.172203,0.383553,3.344841,0.088093
Passive DS-TWR,1785766172.254807,0.361706,3.416468,0.020725
Passive DS-TWR,1785766172.271815,0.401847,3.267235,0.167458
Passive DS-TWR,1785766172.309195,0.292884,3.371564,0.102127
Passive DS-TWR,1785766172.309948,0.396032,3.339298,0.095582
Passive DS-TWR,1785766172.314691,0.381851,3.401586,0.031701
Passive DS-TWR,1785766172.350497,0.350613,3.290945,0.143615
Passive DS-TWR,1785766172.351060,0.305979,3.340636,0.114808
Passive DS-TWR,1785766172.579894,0.301759,3.344907,0.114077
Passive DS-TWR,1785766172.580139,0.385602,3.341801,0.091337
Passive DS-TWR,1785766172.580256,0.366346,3.417095,0.017592
Passive DS-TWR,1785766172.623797,0.271508,3.345298,0.135210
Passive DS-TWR,1785766172.672951,0.279889,3.319975,0.147233
Passive DS-TWR,1785766172.673407,0.286991,3.355762,0.116646
Passive DS-TWR,1785766172.723413,0.381373,3.328636,0.104071
Passive DS-TWR,1785766172.723846,0.346459,3.278613,0.156484
Passive DS-TWR,1785766172.735286,0.288089,3.397148,0.093677
Passive DS-TWR,1785766172.772113,0.329886,3.396446,0.057626
Passive DS-TWR,1785766172.802698,0.353342,3.289194,0.144911
Passive DS-TWR,1785766172.938523,0.391424,3.354833,0.079419
Passive DS-TWR,1785766172.976691,0.292506,3.439933,0.082667
Passive DS-TWR,1785766172.981118,0.351873,3.298035,0.136414
Passive DS-TWR,1785766173.018751,0.284171,3.384423,0.102626
Passive DS-TWR,1785766173.082352,0.345260,3.401762,0.042659
Passive DS-TWR,1785766173.119692,0.314012,3.341568,0.109402
Passive DS-TWR,1785766173.145464,0.280392,3.321572,0.145690
Passive DS-TWR,1785766173.167500,0.351819,3.428572,0.023352
Passive DS-TWR,1785766173.167691,0.319522,3.308093,0.136152
Passive DS-TWR,1785766173.255040,0.341314,3.302367,0.134383
Passive DS-TWR,1785766173.255225,0.283322,3.393927,0.099314
Passive DS-TWR,1785766173.300879,0.387641,3.304348,0.128791
Passive DS-TWR,1785766173.311794,0.290709,3.385783,0.096231
Passive DS-TWR,1785766173.346959,0.421428,3.347754,0.096709
Passive DS-TWR,1785766173.389201,0.302825,3.276628,0.171705
Passive DS-TWR,1785766173.417372,0.406035,3.361608,0.077454
Passive DS-TWR,1785766173.433656,0.317163,3.309278,0.136053
Passive DS-TWR,1785766173.490121,0.414040,3.310266,0.128368
Passive DS-TWR,1785766173.553671,0.368405,3.289570,0.143076
Passive DS-TWR,1785766173.566672,0.287507,3.338657,0.128193
Passive DS-TWR,1785766173.625554,0.358286,3.423395,0.018892
Passive DS-TWR,1785766173.681790,0.281992,3.369935,0.111960
Passive DS-TWR,1785766173.682646,0.393332,3.426218,0.019532
Passive DS-TWR,1785766173.682836,0.331161,3.314426,0.125895
Passive DS-TWR,1785766173.739751,0.364797,3.416140,0.019197
Passive DS-TWR,1785766173.746237,0.334575,3.328985,0.111071
Passive DS-TWR,1785766173.787606,0.364798,3.403668,0.030532
Passive DS-TWR,1785766173.839141,0.333050,3.342530,0.099202
Passive DS-TWR,1785766173.840567,0.398013,3.330646,0.104459
Passive DS-TWR,1785766173.851390,0.349066,3.415027,0.031138
Passive DS-TWR,1785766173.902004,0.389002,3.342178,0.091428
Passive DS-TWR,1785766173.935322,0.383329,3.284816,0.147930
Passive DS-TWR,1785766173.970658,0.271833,3.393496,0.110144
Passive DS-TWR,1785766173.970958,0.405459,3.335290,0.101919
Passive DS-TWR,1785766173.979349,0.360674,3.408380,0.027973
Passive DS-TWR,1785766174.144358,0.271487,3.375885,0.117843
Passive DS-TWR,1785766174.203978,0.370733,3.283163,0.149395
Passive DS-TWR,1785766174.208809,0.302032,3.340862,0.117041
Passive DS-TWR,1785766174.258383,0.370411,3.332367,0.100232
Passive DS-TWR,1785766174.272273,0.272302,3.403933,0.106442
Passive DS-TWR,1785766174.314411,0.390476,3.347071,0.086850
Passive DS-TWR,1785766174.314480,0.396942,3.392178,0.045984
Passive DS-TWR,1785766174.474589,0.393403,3.339980,0.094365
Passive DS-TWR,1785766174.513758,0.361699,3.297635,0.135505
Passive DS-TWR,1785766174.532571,0.257114,3.340095,0.149660
Passive DS-TWR,1785766174.662979,0.377286,3.285939,0.146583
Passive DS-TWR,1785766174.666001,0.249598,3.370858,0.139589
Passive DS-TWR,1785766174.721205,0.410104,3.357762,0.082642
Passive DS-TWR,1785766174.831907,0.353358,3.326981,0.107684
Passive DS-TWR,1785766174.891647,0.435403,3.375252,0.083340
Passive DS-TWR,1785766174.891799,0.389480,3.464910,0.035562
Passive DS-TWR,1785766174.895267,0.364105,3.323316,0.109711
Passive DS-TWR,1785766174.913218,0.302289,3.376769,0.091485
Passive DS-TWR,1785766174.963291,0.407012,3.415803,0.036249
Passive DS-TWR,1785766174.963457,0.394947,3.286007,0.147868
Passive DS-TWR,1785766174.975203,0.300858,3.326381,0.129363
Passive DS-TWR,1785766175.017712,0.343916,3.453311,0.037272
Passive DS-TWR,1785766175.066097,0.351915,3.444021,0.025655
Passive DS-TWR,1785766175.109830,0.268620,3.407293,0.109169
Passive DS-TWR,1785766175.114397,0.404519,3.331231,0.105530
Passive DS-TWR,1785766175.155857,0.348085,3.412035,0.033685
Passive DS-TWR,1785766175.156784,0.317391,3.263425,0.178570
Passive DS-TWR,1785766175.172513,0.289127,3.395698,0.093280
Passive DS-TWR,1785766175.194383,0.417829,3.318185,0.122133
Passive DS-TWR,1785766175.198031,0.342393,3.439839,0.033265
Passive DS-TWR,1785766175.225884,0.351511,3.310220,0.124486
Passive DS-TWR,1785766175.253470,0.313491,3.372865,0.085557
Passive DS-TWR,1785766175.253981,0.410678,3.395669,0.051392
Passive DS-TWR,1785766175.307096,0.413460,3.318064,0.120779
Passive DS-TWR,1785766175.345959,0.334847,3.433408,0.040002
Passive DS-TWR,1785766175.347631,0.326945,3.286325,0.153823
Passive DS-TWR,1785766175.363330,0.293216,3.363871,0.106641
Passive DS-TWR,1785766175.398766,0.419804,3.386945,0.064010
Passive DS-TWR,1785766175.439485,0.370687,3.318778,0.113799
Passive DS-TWR,1785766175.641028,0.400765,3.337230,0.098737
Passive DS-TWR,1785766175.643453,0.329852,3.416134,0.047872
Passive DS-TWR,1785766175.697882,0.414766,3.327810,0.112046
Passive DS-TWR,1785766175.748263,0.357581,3.290547,0.143000
Passive DS-TWR,1785766175.790666,0.371208,3.431650,0.003729
Passive DS-TWR,1785766175.791305,0.356735,3.337073,0.097131
Passive DS-TWR,1785766175.807646,0.279593,3.352741,0.124232
Passive DS-TWR,1785766175.929466,0.398135,3.293201,0.141235
Passive DS-TWR,1785766175.946173,0.302891,3.375356,0.091881
Passive DS-TWR,1785766175.947958,0.400658,3.370261,0.067384
Passive DS-TWR,1785766175.992246,0.286543,3.359177,0.114772
Passive DS-TWR,1785766176.001016,0.261228,3.359013,0.135307
Passive DS-TWR,1785766176.038902,0.404919,3.292203,0.143487
Passive DS-TWR,1785766176.040539,0.342894,3.429420,0.032092
Passive DS-TWR,1785766176.049092,0.346414,3.301150,0.134392
Passive DS-TWR,1785766176.134729,0.271137,3.345775,0.135187
Passive DS-TWR,1785766176.135425,0.301949,3.358718,0.103715
Passive DS-TWR,1785766176.282338,0.359012,3.409925,0.027572
Passive DS-TWR,1785766176.316992,0.319735,3.302579,0.141125
Passive DS-TWR,1785766176.320581,0.284969,3.445568,0.090815
Passive DS-TWR,1785766176.356479,0.414506,3.400665,0.050864
Passive DS-TWR,1785766176.357471,0.363430,3.440624,0.014005
Passive DS-TWR,1785766176.470993,0.410500,3.364764,0.076552
Passive DS-TWR,1785766176.516865,0.308668,3.422088,0.066985
Passive DS-TWR,1785766176.575628,0.300332,3.356596,0.106362
Passive DS-TWR,1785766176.609215,0.394032,3.355758,0.079107
Passive DS-TWR,1785766176.609324,0.335907,3.453619,0.044290
Passive DS-TWR,1785766176.633631,0.345774,3.287062,0.148316
Passive DS-TWR,1785766176.651439,0.280011,3.370208,0.113458
Passive DS-TWR,1785766176.656289,0.401819,3.309620,0.125808
Passive DS-TWR,1785766176.677489,0.344139,3.434473,0.030763
Passive DS-TWR,1785766176.754503,0.287399,3.403757,0.092043
Passive DS-TWR,1785766176.755317,0.401632,3.361895,0.075520
Passive DS-TWR,1785766176.755529,0.358824,3.415703,0.023209
Passive DS-TWR,1785766176.755977,0.336183,3.340000,0.100254
Passive DS-TWR,1785766176.795811,0.339109,3.425108,0.036486
Passive DS-TWR,1785766176.907785,0.406971,3.341698,0.096321
Passive DS-TWR,1785766176.944051,0.347418,3.409901,0.035534
Passive DS-TWR,1785766176.944273,0.323453,3.302839,0.139473
Passive DS-TWR,1785766176.970030,0.307910,3.384867,0.082149
Passive DS-TWR,1785766176.985818,0.399119,3.396467,0.043451
Passive DS-TWR,1785766176.987544,0.341339,3.423722,0.034631
Passive DS-TWR,1785766177.037038,0.359887,3.304182,0.129188
Passive DS-TWR,1785766177.040276,0.260919,3.434867,0.113944
Passive DS-TWR,1785766177.040521,0.373666,3.390091,0.042426
Passive DS-TWR,1785766177.050400,0.384521,3.419719,0.016036
Passive DS-TWR,1785766177.135323,0.333996,3.320394,0.119316
Passive DS-TWR,1785766177.228853,0.392568,3.349331,0.085039
Passive DS-TWR,1785766177.263952,0.380159,3.442550,0.011370
Passive DS-TWR,1785766177.310979,0.368317,3.419970,0.014127
Passive DS-TWR,1785766177.344891,0.328828,3.334639,0.108139
Passive DS-TWR,1785766177.418493,0.237006,3.335082,0.168785
Passive DS-TWR,1785766177.448441,0.329236,3.439728,0.046172
Passive DS-TWR,1785766177.454669,0.367635,3.301300,0.131399
Passive DS-TWR,1785766177.486460,0.282113,3.365850,0.114195
Passive DS-TWR,1785766177.493785,0.385861,3.371290,0.062196
Passive DS-TWR,1785766177.754837,0.356150,3.393350,0.043384
Passive DS-TWR,1785766177.795173,0.383374,3.286119,0.146631
Passive DS-TWR,1785766177.806804,0.279306,3.387223,0.105719
Passive DS-TWR,1785766177.868472,0.279091,3.320782,0.147135
Passive DS-TWR,1785766177.884230,0.355780,3.459042,0.032674
Passive DS-TWR,1785766177.945084,0.393040,3.380016,0.055552
Passive DS-TWR,1785766177.992138,0.358016,3.296352,0.137185
Passive DS-TWR,1785766177.992325,0.280016,3.354460,0.122808
Passive DS-TWR,1785766178.130383,0.320377,3.277026,0.164739
Passive DS-TWR,1785766178.201168,0.423448,3.411057,0.053130
Passive DS-TWR,1785766178.217293,0.338177,3.468165,0.051146
Passive DS-TWR,1785766178.223862,0.353632,3.300654,0.133542
Passive DS-TWR,1785766178.257878,0.303780,3.421156,0.071959
Passive DS-TWR,1785766178.261843,0.391872,3.319479,0.114299
Passive DS-TWR,1785766178.303788,0.394517,3.420599,0.022999
Passive DS-TWR,1785766178.355927,0.365181,3.300765,0.132090
Passive DS-TWR,1785766178.369144,0.303834,3.377086,0.090070
Passive DS-TWR,1785766178.390369,0.388306,3.368310,0.065589
Passive DS-TWR,1785766178.395084,0.412280,3.416510,0.040714
Passive DS-TWR,1785766178.435110,0.325294,3.318975,0.123867
Passive DS-TWR,1785766178.435477,0.246043,3.356171,0.149715
Passive DS-TWR,1785766178.443293,0.409420,3.412829,0.039786
Passive DS-TWR,1785766178.479754,0.367904,3.424204,0.010814
Passive DS-TWR,1785766178.480167,0.351014,3.331403,0.103868
Passive DS-TWR,1785766178.495445,0.278595,3.433372,0.096247
Passive DS-TWR,1785766178.528256,0.378329,3.407821,0.024926
Passive DS-TWR,1785766178.573359,0.313854,3.395848,0.071152
Passive DS-TWR,1785766178.573632,0.393202,3.375094,0.060274
Passive DS-TWR,1785766178.659577,0.406462,3.421965,0.033333
Passive DS-TWR,1785766178.677413,0.318730,3.304818,0.139468
Passive DS-TWR,1785766178.715555,0.334037,3.437159,0.041067
Passive DS-TWR,1785766178.841610,0.404723,3.319600,0.116790
Passive DS-TWR,1785766178.842731,0.316331,3.428710,0.058630
Passive DS-TWR,1785766178.888635,0.350782,3.296478,0.138135
Passive DS-TWR,1785766178.888861,0.308836,3.417668,0.067649
Passive DS-TWR,1785766178.997857,0.354137,3.329835,0.104733
Passive DS-TWR,1785766179.011697,0.316764,3.370149,0.085208
Passive DS-TWR,1785766179.040349,0.369482,3.324636,0.107998
Passive DS-TWR,1785766179.073930,0.422527,3.279707,0.160063
Passive DS-TWR,1785766179.083709,0.271492,3.343477,0.136403
Passive DS-TWR,1785766179.094813,0.386547,3.331823,0.101357
Passive DS-TWR,1785766179.128771,0.335737,3.275271,0.162020
Passive DS-TWR,1785766179.135534,0.302350,3.323114,0.131226
Passive DS-TWR,1785766179.169996,0.397118,3.306116,0.128334
Passive DS-TWR,1785766179.252950,0.342331,3.294067,0.142200
Passive DS-TWR,1785766179.263411,0.280155,3.348226,0.126757
Passive DS-TWR,1785766179.293065,0.376606,3.433086,0.001862
Passive DS-TWR,1785766179.322053,0.361562,3.266643,0.166389
Passive DS-TWR,1785766179.381238,0.323697,3.295291,0.146431
Passive DS-TWR,1785766179.391450,0.293477,3.332609,0.128834
Passive DS-TWR,1785766179.424344,0.390830,3.346283,0.087689
Passive DS-TWR,1785766179.434952,0.355660,3.425485,0.020422
Passive DS-TWR,1785766179.463814,0.250951,3.372102,0.137827
Passive DS-TWR,1785766179.466952,0.367049,3.367395,0.065570
Passive DS-TWR,1785766179.548753,0.283270,3.389976,0.100961
Passive DS-TWR,1785766179.593590,0.331917,3.297899,0.141280
Passive DS-TWR,1785766179.641723,0.286086,3.442392,0.089302
Passive DS-TWR,1785766179.641942,0.355640,3.305623,0.128323
Passive DS-TWR,1785766179.689137,0.261463,3.320452,0.159402
Passive DS-TWR,1785766179.800958,0.394864,3.393221,0.044091
Passive DS-TWR,1785766179.855289,0.399394,3.410608,0.032898
Passive DS-TWR,1785766179.885297,0.351460,3.432221,0.023380
Passive DS-TWR,1785766179.943233,0.384465,3.431706,0.009660
Passive DS-TWR,1785766179.983721,0.387721,3.338498,0.094883
Passive DS-TWR,1785766179.996623,0.350288,3.420227,0.027448
Passive DS-TWR,1785766180.027488,0.341027,3.294037,0.142533
Passive DS-TWR,1785766180.032039,0.270743,3.322889,0.151165
Passive DS-TWR,1785766180.069552,0.424087,3.398593,0.059792
Passive DS-TWR,1785766180.074916,0.381639,3.425717,0.009606
Passive DS-TWR,1785766180.124511,0.288244,3.343667,0.124057
Passive DS-TWR,1785766180.132591,0.414650,3.370880,0.073363
Passive DS-TWR,1785766180.304601,0.398249,3.377271,0.059988
Passive DS-TWR,1785766180.352649,0.276991,3.354013,0.125437
Passive DS-TWR,1785766180.368076,0.398444,3.344091,0.091507
Passive DS-TWR,1785766180.400589,0.358530,3.292580,0.140869
Passive DS-TWR,1785766180.429977,0.307975,3.362310,0.096941
Passive DS-TWR,1785766180.571479,0.367570,3.432280,0.007272
Passive DS-TWR,1785766180.640575,0.288446,3.418297,0.087553
Passive DS-TWR,1785766180.713147,0.342921,3.416046,0.035909
Passive DS-TWR,1785766180.726102,0.328218,3.295875,0.144362
Passive DS-TWR,1785766180.773733,0.269168,3.353885,0.131708
Passive DS-TWR,1785766180.828082,0.354073,3.418440,0.025079
Passive DS-TWR,1785766180.829564,0.279991,3.457512,0.098089
Passive DS-TWR,1785766180.829775,0.390779,3.411313,0.026515
Passive DS-TWR,1785766180.864381,0.343153,3.304868,0.131508
Passive DS-TWR,1785766181.096624,0.394313,3.324164,0.110074
Passive DS-TWR,1785766181.269809,0.384847,3.318246,0.114693
Passive DS-TWR,1785766181.275160,0.316383,3.429804,0.058518
Passive DS-TWR,1785766181.323426,0.322889,3.305295,0.137406
Passive DS-TWR,1785766181.325466,0.315166,3.381816,0.078293
Passive DS-TWR,1785766181.380402,0.233423,3.418920,0.142066
Passive DS-TWR,1785766181.428698,0.287808,3.337104,0.129132
Passive DS-TWR,1785766181.460175,0.266327,3.329998,0.149271
Passive DS-TWR,1785766181.460340,0.397883,3.378646,0.058579
Passive DS-TWR,1785766181.467655,0.355899,3.412608,0.027467
Passive DS-TWR,1785766181.516359,0.403860,3.294614,0.140909
Passive DS-TWR,1785766181.516611,0.288166,3.357186,0.114824
Passive DS-TWR,1785766181.516713,0.377570,3.316595,0.115939
Passive DS-TWR,1785766181.546273,0.350841,3.440880,0.025418
Passive DS-TWR,1785766181.559611,0.333779,3.328794,0.111540
Passive DS-TWR,1785766181.579251,0.395709,3.397725,0.040558
Passive DS-TWR,1785766181.608952,0.396236,3.424058,0.023003
Passive DS-TWR,1785766181.615765,0.342758,3.268907,0.166710
Passive DS-TWR,1785766181.652902,0.252799,3.422459,0.122452
Passive DS-TWR,1785766181.653876,0.431014,3.363012,0.089356
Passive DS-TWR,1785766181.830334,0.388617,3.362920,0.070932
Passive DS-TWR,1785766181.874439,0.363063,3.281443,0.151516
Passive DS-TWR,1785766181.938640,0.338070,3.353364,0.087262
Passive DS-TWR,1785766181.976923,0.282410,3.344132,0.127875
Passive DS-TWR,1785766182.191254,0.357201,3.408949,0.029424
Passive DS-TWR,1785766182.192519,0.366614,3.331198,0.101637
Passive DS-TWR,1785766182.217527,0.303695,3.400844,0.077869
Passive DS-TWR,1785766182.236472,0.386643,3.343041,0.090236
Passive DS-TWR,1785766182.236571,0.394089,3.415480,0.025696
Passive DS-TWR,1785766182.304890,0.354042,3.327252,0.107284
Passive DS-TWR,1785766182.371653,0.385441,3.354687,0.078533
Passive DS-TWR,1785766182.372899,0.321656,3.428246,0.053353
Passive DS-TWR,1785766182.411450,0.359608,3.275020,0.158217
Passive DS-TWR,1785766182.454368,0.292504,3.364415,0.106840
Passive DS-TWR,1785766182.463649,0.297072,3.346007,0.116314
Passive DS-TWR,1785766182.498509,0.423589,3.354113,0.092311
Passive DS-TWR,1785766182.634634,0.319881,3.295815,0.147321
Passive DS-TWR,1785766182.752133,0.352185,3.427163,0.023274
Passive DS-TWR,1785766182.781022,0.324235,3.314604,0.128298
Passive DS-TWR,1785766182.801578,0.289002,3.406505,0.089687
Passive DS-TWR,1785766182.811119,0.397350,3.396986,0.042049
Passive DS-TWR,1785766182.843780,0.346993,3.318481,0.117372
Passive DS-TWR,1785766182.962339,0.258975,3.323448,0.159114
Passive DS-TWR,1785766182.963142,0.415675,3.432359,0.040837
Passive DS-TWR,1785766182.963242,0.316158,3.433623,0.058692
Passive DS-TWR,1785766182.975702,0.309457,3.352041,0.103675
Passive DS-TWR,1785766183.142938,0.348070,3.440357,0.027898
Passive DS-TWR,1785766183.178173,0.315776,3.293448,0.151077
Passive DS-TWR,1785766183.312587,0.268369,3.415185,0.107869
Passive DS-TWR,1785766183.345379,0.407983,3.475372,0.054189
Passive DS-TWR,1785766183.348242,0.306753,3.314353,0.136363
Passive DS-TWR,1785766183.387605,0.382882,3.420533,0.014420
Passive DS-TWR,1785766183.555633,0.320973,3.324831,0.120392
Passive DS-TWR,1785766183.558240,0.293575,3.457983,0.085165
Passive DS-TWR,1785766183.687168,0.306296,3.344845,0.111273
Passive DS-TWR,1785766183.690832,0.408907,3.423908,0.035135
Passive DS-TWR,1785766183.730505,0.328961,3.281120,0.158181
Passive DS-TWR,1785766183.754719,0.253149,3.318083,0.167032
Passive DS-TWR,1785766183.791870,0.371509,3.274677,0.157859
Passive DS-TWR,1785766183.819670,0.265299,3.335172,0.146533
Passive DS-TWR,1785766183.872339,0.256070,3.426378,0.118927
Passive DS-TWR,1785766183.907742,0.399849,3.342986,0.092944
Passive DS-TWR,1785766183.907986,0.311659,3.436780,0.063324
Passive DS-TWR,1785766183.944148,0.304182,3.370345,0.094105
Passive DS-TWR,1785766183.947426,0.394422,3.337529,0.096971
Passive DS-TWR,1785766183.986036,0.347163,3.425158,0.028633
Passive DS-TWR,1785766183.986165,0.259400,3.328269,0.155533
Passive DS-TWR,1785766184.033063,0.360570,3.440351,0.016285
Passive DS-TWR,1785766184.112855,0.398281,3.296123,0.138379
Passive DS-TWR,1785766184.133549,0.376160,3.260674,0.171832
Passive DS-TWR,1785766184.133861,0.275755,3.390114,0.107769
Passive DS-TWR,1785766184.177512,0.355943,3.321133,0.112960
Passive DS-TWR,1785766184.196525,0.273599,3.396779,0.107357
Passive DS-TWR,1785766184.224580,0.366586,3.359076,0.073887
Passive DS-TWR,1785766184.224684,0.330378,3.427626,0.044727
Passive DS-TWR,1785766184.320610,0.391569,3.333565,0.100341
Passive DS-TWR,1785766184.321874,0.294474,3.337099,0.124740
Passive DS-TWR,1785766184.332495,0.422066,3.353824,0.091763
Passive DS-TWR,1785766184.373358,0.343434,3.337348,0.100202
Passive DS-TWR,1785766184.538264,0.364163,3.319700,0.113305
Passive DS-TWR,1785766184.538923,0.265030,3.371574,0.125578
Passive DS-TWR,1785766184.539309,0.374746,3.312494,0.120008
Passive DS-TWR,1785766184.539444,0.347203,3.410788,0.035145
Passive DS-TWR,1785766184.581894,0.350165,3.313468,0.121564
Passive DS-TWR,1785766184.582478,0.269986,3.388681,0.113641
Passive DS-TWR,1785766184.587361,0.377986,3.382351,0.050249
Passive DS-TWR,1785766184.640165,0.278564,3.333870,0.137830
Passive DS-TWR,1785766184.687828,0.379870,3.367130,0.065565
Passive DS-TWR,1785766184.769028,0.281284,3.347957,0.126097
Passive DS-TWR,1785766184.842352,0.315840,3.329975,0.118290
Passive DS-TWR,1785766184.858361,0.429937,3.407836,0.060367
Passive DS-TWR,1785766184.895735,0.283921,3.403721,0.095364
Passive DS-TWR,1785766184.929718,0.425332,3.405711,0.057161
Passive DS-TWR,1785766185.030160,0.278134,3.367948,0.116270
Passive DS-TWR,1785766185.035043,0.390769,3.305318,0.128178
Passive DS-TWR,1785766185.089130,0.383162,3.392611,0.040750
Passive DS-TWR,1785766185.089274,0.354226,3.309115,0.125097
Passive DS-TWR,1785766185.184977,0.405787,3.339229,0.098273
Passive DS-TWR,1785766185.185183,0.360733,3.427211,0.015065
Passive DS-TWR,1785766185.356513,0.416294,3.356354,0.086700
Passive DS-TWR,1785766185.400135,0.358235,3.287808,0.145643
Passive DS-TWR,1785766185.407874,0.267406,3.375386,0.121672
Passive DS-TWR,1785766185.607984,0.398705,3.368368,0.068430
Passive DS-TWR,1785766185.608635,0.290846,3.320172,0.140259
Passive DS-TWR,1785766185.611608,0.426224,3.375602,0.076668
Passive DS-TWR,1785766185.648280,0.324098,3.449270,0.053440
Passive DS-TWR,1785766185.650979,0.322938,3.297528,0.144608
Passive DS-TWR,1785766185.673949,0.261210,3.441482,0.113982
Passive DS-TWR,1785766185.691864,0.408290,3.343331,0.095238
Passive DS-TWR,1785766185.693288,0.363688,3.464492,0.033879
Passive DS-TWR,1785766185.736947,0.372375,3.286503,0.146019
Passive DS-TWR,1785766185.738702,0.400484,3.372396,0.065348
Passive DS-TWR,1785766185.784232,0.365771,3.275211,0.157551
Passive DS-TWR,1785766185.792200,0.288971,3.385393,0.097941
Passive DS-TWR,1785766185.829148,0.399035,3.366029,0.070739
Passive DS-TWR,1785766185.975496,0.419214,3.415648,0.047468
Passive DS-TWR,1785766185.995625,0.293354,3.329735,0.131152
Passive DS-TWR,1785766185.995859,0.285270,3.309282,0.152334
Passive DS-TWR,1785766185.996974,0.390718,3.339027,0.094814
Passive DS-TWR,1785766186.021061,0.398520,3.413587,0.030308
Passive DS-TWR,1785766186.038881,0.261928,3.362192,0.133012
Passive DS-TWR,1785766186.047835,0.297881,3.394571,0.085797
Passive DS-TWR,1785766186.197681,0.393700,3.356225,0.078574
Passive DS-TWR,1785766186.246262,0.338351,3.414144,0.040845
Passive DS-TWR,1785766186.253808,0.402008,3.304840,0.130521
Passive DS-TWR,1785766186.288316,0.351767,3.448902,0.028307
Passive DS-TWR,1785766186.314545,0.312440,3.379803,0.081675
Passive DS-TWR,1785766186.331552,0.356489,3.437973,0.019148
Passive DS-TWR,1785766186.373219,0.350756,3.301064,0.133626
Passive DS-TWR,1785766186.373660,0.260520,3.349247,0.141422
Passive DS-TWR,1785766186.405782,0.384648,3.428314,0.010666
Passive DS-TWR,1785766186.427787,0.294768,3.304397,0.151070
Passive DS-TWR,1785766186.433662,0.307407,3.335308,0.118295
Passive DS-TWR,1785766186.509460,0.271102,3.414996,0.105203
Passive DS-TWR,1785766186.518915,0.368335,3.378327,0.054564
Passive DS-TWR,1785766186.592539,0.379204,3.406808,0.026062
Passive DS-TWR,1785766186.618095,0.329216,3.333656,0.108866
Passive DS-TWR,1785766186.634403,0.261788,3.398369,0.118091
Passive DS-TWR,1785766186.635932,0.413012,3.401334,0.049281
Passive DS-TWR,1785766186.674817,0.373401,3.450222,0.017778
Passive DS-TWR,1785766186.675285,0.343700,3.323949,0.112930
Passive DS-TWR,1785766186.688339,0.304511,3.298649,0.151203
Passive DS-TWR,1785766186.718357,0.405098,3.341602,0.095803
Passive DS-TWR,1785766186.718527,0.344483,3.428575,0.030608
Passive DS-TWR,1785766186.759163,0.343060,3.325875,0.111261
Passive DS-TWR,1785766186.760040,0.282752,3.321236,0.144430
Passive DS-TWR,1785766186.763926,0.381438,3.387692,0.045293
Passive DS-TWR,1785766186.808726,0.290366,3.309212,0.149452
Passive DS-TWR,1785766186.850288,0.275509,3.394921,0.106201
Passive DS-TWR,1785766186.850447,0.363271,3.447678,0.019082
Passive DS-TWR,1785766186.863714,0.322677,3.322315,0.121909
Passive DS-TWR,1785766186.893691,0.299556,3.480973,0.089537
Passive DS-TWR,1785766186.893877,0.404920,3.349165,0.088600
Passive DS-TWR,1785766186.919324,0.356470,3.443265,0.021290
Passive DS-TWR,1785766186.954300,0.256250,3.352684,0.142948
Passive DS-TWR,1785766186.956227,0.401980,3.351695,0.085243
Passive DS-TWR,1785766186.999510,0.342963,3.320147,0.116789
Passive DS-TWR,1785766187.009081,0.267653,3.393553,0.114043
Passive DS-TWR,1785766187.042535,0.345086,3.416457,0.033803
Passive DS-TWR,1785766187.061333,0.357991,3.294932,0.138597
Passive DS-TWR,1785766187.149769,0.286831,3.416006,0.089540
Passive DS-TWR,1785766187.211525,0.401058,3.353989,0.082775
Passive DS-TWR,1785766187.368673,0.390036,3.364050,0.070119
Passive DS-TWR,1785766187.375763,0.342177,3.284290,0.151768
Passive DS-TWR,1785766187.397359,0.293410,3.336613,0.125798
Passive DS-TWR,1785766187.503874,0.309281,3.306076,0.142413
Passive DS-TWR,1785766187.530494,0.272780,3.387780,0.111427
Passive DS-TWR,1785766187.545109,0.375404,3.359506,0.072998
Passive DS-TWR,1785766187.547820,0.409333,3.408014,0.042303
Passive DS-TWR,1785766187.594147,0.328901,3.321782,0.119871
Passive DS-TWR,1785766187.647822,0.286061,3.380575,0.102848
Passive DS-TWR,1785766187.804358,0.387156,3.319570,0.113601
Passive DS-TWR,1785766187.856375,0.293723,3.347348,0.117604
Passive DS-TWR,1785766187.884993,0.363126,3.401444,0.033193
Passive DS-TWR,1785766187.888226,0.345962,3.304211,0.131500
Passive DS-TWR,1785766187.993980,0.313484,3.413386,0.064263
Passive DS-TWR,1785766188.073868,0.369197,3.386266,0.046578
Passive DS-TWR,1785766188.099310,0.329543,3.287472,0.151938
Passive DS-TWR,1785766188.103417,0.292221,3.366301,0.105868
Passive DS-TWR,1785766188.146276,0.359324,3.298490,0.134906
Passive DS-TWR,1785766188.192747,0.375857,3.446197,0.013733
Passive DS-TWR,1785766188.218396,0.346615,3.301404,0.134102
Passive DS-TWR,1785766188.234442,0.257114,3.354498,0.141222
Passive DS-TWR,1785766188.237391,0.425322,3.381001,0.072117
Passive DS-TWR,1785766188.303158,0.311162,3.314346,0.134221
Passive DS-TWR,1785766188.315608,0.374287,3.410027,0.022481
Passive DS-TWR,1785766188.346192,0.282807,3.326520,0.140363
Passive DS-TWR,1785766188.390753,0.342862,3.457230,0.040423
Passive DS-TWR,1785766188.400050,0.377226,3.322846,0.109681
Passive DS-TWR,1785766188.421350,0.315760,3.368686,0.086964
Passive DS-TWR,1785766188.434951,0.376852,3.336948,0.095575
Passive DS-TWR,1785766188.443152,0.370980,3.437966,0.006689
Passive DS-TWR,1785766188.489441,0.374406,3.284097,0.148406
Passive DS-TWR,1785766188.489758,0.261935,3.366901,0.130578
Passive DS-TWR,1785766188.492882,0.386139,3.364315,0.069117
Passive DS-TWR,1785766188.507339,0.400091,3.403017,0.038821
Passive DS-TWR,1785766188.594369,0.386849,3.283802,0.149184
Passive DS-TWR,1785766188.626485,0.278815,3.354729,0.123568
Passive DS-TWR,1785766188.671492,0.388391,3.351984,0.081650
Passive DS-TWR,1785766188.707791,0.359916,3.398540,0.037095
Passive DS-TWR,1785766188.721597,0.365891,3.297649,0.135149
Passive DS-TWR,1785766188.759427,0.295627,3.355081,0.110762
Passive DS-TWR,1785766188.760142,0.405816,3.393540,0.049775
Passive DS-TWR,1785766188.763214,0.370821,3.433772,0.004214
Passive DS-TWR,1785766188.794254,0.355037,3.330003,0.104394
Passive DS-TWR,1785766188.812431,0.286240,3.384455,0.100787
Passive DS-TWR,1785766188.812521,0.395473,3.312671,0.121594
Passive DS-TWR,1785766188.929611,0.383627,3.267171,0.165564
Passive DS-TWR,1785766188.965101,0.290235,3.372938,0.103468
Passive DS-TWR,1785766188.979568,0.368890,3.397603,0.035402
Passive DS-TWR,1785766188.992157,0.281770,3.406696,0.096580
Passive DS-TWR,1785766189.030637,0.391019,3.419185,0.020955
Passive DS-TWR,1785766189.030891,0.344466,3.410792,0.037333
Passive DS-TWR,1785766189.040471,0.363327,3.280937,0.152001
Passive DS-TWR,1785766189.072196,0.272969,3.405957,0.105271
Passive DS-TWR,1785766189.072416,0.399482,3.374675,0.062858
Passive DS-TWR,1785766189.207719,0.346234,3.295617,0.139841
Passive DS-TWR,1785766189.210819,0.399394,3.446779,0.028405
Passive DS-TWR,1785766189.251644,0.270874,3.447371,0.105022
Passive DS-TWR,1785766189.285142,0.390386,3.403654,0.032771
Passive DS-TWR,1785766189.340487,0.345675,3.410295,0.036655
Passive DS-TWR,1785766189.423485,0.392401,3.352769,0.081643
Passive DS-TWR,1785766189.450176,0.306077,3.409850,0.072397
Passive DS-TWR,1785766189.517677,0.364692,3.319802,0.113155
Passive DS-TWR,1785766189.562930,0.424047,3.449030,0.051911
Passive DS-TWR,1785766189.599484,0.368460,3.350133,0.082615
Passive DS-TWR,1785766189.599979,0.366970,3.411168,0.022738
Passive DS-TWR,1785766189.628768,0.330376,3.289187,0.150053
Passive DS-TWR,1785766189.643108,0.271490,3.352232,0.130859
Passive DS-TWR,1785766189.685272,0.416874,3.357201,0.086239
Passive DS-TWR,1785766189.685459,0.374079,3.302615,0.129889
Passive DS-TWR,1785766189.696120,0.271683,3.415727,0.104511
Passive DS-TWR,1785766189.731169,0.415651,3.366354,0.077725
Passive DS-TWR,1785766189.731394,0.344572,3.429604,0.030405
Passive DS-TWR,1785766189.743987,0.345369,3.292175,0.143387
Passive DS-TWR,1785766189.778309,0.300654,3.381368,0.090100
Passive DS-TWR,1785766189.791981,0.388327,3.389049,0.045498
Passive DS-TWR,1785766189.850568,0.256773,3.381967,0.128425
Passive DS-TWR,1785766189.872020,0.294871,3.305308,0.150243
Passive DS-TWR,1785766189.914930,0.281949,3.352047,0.122888
Passive DS-TWR,1785766189.931050,0.366802,3.394015,0.039317
Passive DS-TWR,1785766189.935754,0.364142,3.302374,0.130566
Passive DS-TWR,1785766189.959055,0.285699,3.331903,0.134410
Passive DS-TWR,1785766189.984262,0.404883,3.361241,0.077335
Passive DS-TWR,1785766190.022962,0.262087,3.341976,0.144595
Passive DS-TWR,1785766190.028411,0.384373,3.337762,0.095218
Passive DS-TWR,1785766190.257050,0.345966,3.276020,0.159123
Passive DS-TWR,1785766190.296445,0.295123,3.367318,0.102973
Passive DS-TWR,1785766190.304367,0.440457,3.315397,0.134235
Passive DS-TWR,1785766190.338319,0.334393,3.326839,0.113139
Passive DS-TWR,1785766190.338644,0.280553,3.398610,0.100192
Passive DS-TWR,1785766190.347410,0.413233,3.387520,0.059140
Passive DS-TWR,1785766190.390229,0.354075,3.314271,0.120040
Passive DS-TWR,1785766190.427726,0.308829,3.442330,0.066737
Passive DS-TWR,1785766190.512296,0.338993,3.279914,0.156741
Passive DS-TWR,1785766190.731504,0.406166,3.352923,0.085522
Passive DS-TWR,1785766190.762075,0.345183,3.433305,0.029666
Passive DS-TWR,1785766190.768041,0.345385,3.308359,0.127589
Passive DS-TWR,1785766190.810939,0.426863,3.382877,0.071897
Passive DS-TWR,1785766190.853392,0.288694,3.370688,0.106027
Passive DS-TWR,1785766190.859556,0.390768,3.395361,0.040412
Passive DS-TWR,1785766190.958529,0.390632,3.347786,0.086175
Passive DS-TWR,1785766190.961099,0.325815,3.306831,0.134894
Passive DS-TWR,1785766191.000359,0.323094,3.397740,0.062337
Passive DS-TWR,1785766191.000515,0.399175,3.351160,0.084905
Passive DS-TWR,1785766191.002906,0.409787,3.391991,0.053502
Passive DS-TWR,1785766191.087799,0.384556,3.307811,0.125069
Passive DS-TWR,1785766191.298412,0.373097,3.331693,0.100823
Passive DS-TWR,1785766191.298742,0.399913,3.299711,0.135137
Passive DS-TWR,1785766191.301099,0.280370,3.443607,0.095119
Passive DS-TWR,1785766191.301305,0.353575,3.274695,0.159233
Passive DS-TWR,1785766191.301393,0.304447,3.433283,0.070396
Passive DS-TWR,1785766191.365986,0.288005,3.451031,0.088788
Passive DS-TWR,1785766191.397606,0.388533,3.421216,0.017746
Passive DS-TWR,1785766191.407665,0.352496,3.302297,0.132108
Passive DS-TWR,1785766191.439502,0.280847,3.345797,0.127875
Passive DS-TWR,1785766191.731567,0.303726,3.302273,0.148379
Passive DS-TWR,1785766191.744065,0.266423,3.389902,0.116485
Passive DS-TWR,1785766191.775176,0.358497,3.383284,0.051859
Passive DS-TWR,1785766191.815954,0.364157,3.290766,0.142138
Passive DS-TWR,1785766191.816590,0.279546,3.377961,0.109796
Passive DS-TWR,1785766191.862021,0.355170,3.288291,0.145545
Passive DS-TWR,1785766191.872019,0.269198,3.368816,0.123352
Passive DS-TWR,1785766191.891267,0.395663,3.359857,0.075571
Passive DS-TWR,1785766191.984631,0.294642,3.320139,0.138047
Passive DS-TWR,1785766192.014050,0.319890,3.360899,0.090257
Passive DS-TWR,1785766192.014302,0.401650,3.353679,0.083258
Passive DS-TWR,1785766192.056703,0.355142,3.429068,0.019994
Passive DS-TWR,1785766192.197593,0.311910,3.353616,0.100911
Passive DS-TWR,1785766192.267309,0.411424,3.357542,0.083411
Passive DS-TWR,1785766192.302240,0.347472,3.443853,0.029627
Passive DS-TWR,1785766192.390250,0.323166,3.305405,0.137199
Passive DS-TWR,1785766192.624494,0.295630,3.293999,0.159552
Passive DS-TWR,1785766192.661051,0.292930,3.396167,0.089606
Passive DS-TWR,1785766192.661560,0.377040,3.309801,0.122721
Passive DS-TWR,1785766192.668476,0.342443,3.414927,0.036856
Passive DS-TWR,1785766192.741401,0.342305,3.438127,0.033017
Passive DS-TWR,1785766192.759171,0.403270,3.320098,0.115943
Passive DS-TWR,1785766192.803567,0.395808,3.346844,0.088186
Passive DS-TWR,1785766192.804638,0.344722,3.398679,0.045287
Passive DS-TWR,1785766192.816143,0.355764,3.304508,0.129407
Passive DS-TWR,1785766192.859246,0.273680,3.365000,0.121612
Passive DS-TWR,1785766192.897599,0.250907,3.422028,0.124374
Passive DS-TWR,1785766192.907130,0.430099,3.389104,0.070264
Passive DS-TWR,1785766192.966804,0.382871,3.299886,0.132858
Passive DS-TWR,1785766192.966943,0.276169,3.356409,0.124603
Passive DS-TWR,1785766192.971725,0.386033,3.366701,0.066746
Passive DS-TWR,1785766193.008321,0.396038,3.399584,0.039153
Passive DS-TWR,1785766193.008519,0.310910,3.299261,0.147783
Passive DS-TWR,1785766193.030157,0.255889,3.378638,0.130576
Passive DS-TWR,1785766193.166601,0.287604,3.373327,0.105411
Passive DS-TWR,1785766193.201922,0.409146,3.397849,0.048763
Passive DS-TWR,1785766193.203661,0.359150,3.305257,0.128208
Passive DS-TWR,1785766193.216492,0.293744,3.396274,0.088818
Passive DS-TWR,1785766193.248196,0.342797,3.468071,0.047873
Passive DS-TWR,1785766193.291297,0.386609,3.362790,0.070698
Passive DS-TWR,1785766193.344719,0.287036,3.437692,0.087956
Passive DS-TWR,1785766193.388551,0.402275,3.335592,0.100719
Passive DS-TWR,1785766193.389892,0.343170,3.441328,0.032875
Passive DS-TWR,1785766193.392152,0.329569,3.364953,0.081315
Passive DS-TWR,1785766193.426591,0.278475,3.362987,0.118820
Passive DS-TWR,1785766193.426884,0.395560,3.321966,0.112461
Passive DS-TWR,1785766193.435462,0.363042,3.410354,0.025094
Passive DS-TWR,1785766193.469704,0.366638,3.287679,0.145054
Passive DS-TWR,1785766193.519598,0.257137,3.401218,0.121788
Passive DS-TWR,1785766193.521448,0.341510,3.291650,0.144741
Passive DS-TWR,1785766193.546214,0.273001,3.448587,0.103100
Passive DS-TWR,1785766193.561409,0.402919,3.392891,0.048554
Passive DS-TWR,1785766193.566657,0.400960,3.434228,0.026178
Passive DS-TWR,1785766193.605470,0.361600,3.287870,0.145236
Passive DS-TWR,1785766193.606098,0.269573,3.399932,0.110189
Passive DS-TWR,1785766193.645732,0.404581,3.346883,0.090638
Passive DS-TWR,1785766193.648997,0.366351,3.292429,0.140329
Passive DS-TWR,1785766193.732549,0.325724,3.303871,0.137688
Passive DS-TWR,1785766193.732862,0.291248,3.397282,0.090707
Passive DS-TWR,1785766193.739496,0.417328,3.331873,0.109231
Passive DS-TWR,1785766193.904713,0.335798,3.316913,0.122004
Passive DS-TWR,1785766193.933383,0.297700,3.347656,0.114670
Passive DS-TWR,1785766193.933563,0.398804,3.325489,0.109663
Passive DS-TWR,1785766194.010774,0.424379,3.417193,0.051851
Passive DS-TWR,1785766194.025236,0.364907,3.430024,0.010236
Passive DS-TWR,1785766194.066126,0.330047,3.304174,0.135920
Passive DS-TWR,1785766194.066294,0.387913,3.373479,0.060453
Passive DS-TWR,1785766194.078862,0.399252,3.450212,0.030161
Passive DS-TWR,1785766194.111994,0.298067,3.387181,0.089151
Passive DS-TWR,1785766194.134738,0.407440,3.330615,0.106975
Passive DS-TWR,1785766194.196263,0.395576,3.363538,0.072014
Passive DS-TWR,1785766194.234933,0.369978,3.451921,0.020018
Passive DS-TWR,1785766194.340237,0.376498,3.393955,0.038582
Passive DS-TWR,1785766194.372502,0.362626,3.321852,0.111322
Passive DS-TWR,1785766194.432454,0.370816,3.326198,0.106379
Passive DS-TWR,1785766194.601404,0.403071,3.348633,0.088493
Passive DS-TWR,1785766194.608763,0.306360,3.300458,0.148744
Passive DS-TWR,1785766194.653519,0.381742,3.450527,0.019303
Passive DS-TWR,1785766194.690441,0.241388,3.399775,0.137405
Passive DS-TWR,1785766194.732850,0.406151,3.368844,0.070942
Passive DS-TWR,1785766194.740066,0.376414,3.349447,0.083069
Passive DS-TWR,1785766194.762356,0.288851,3.414162,0.087922
Passive DS-TWR,1785766194.776442,0.425717,3.342573,0.103324
Passive DS-TWR,1785766194.780181,0.385530,3.382234,0.051392
Passive DS-TWR,1785766194.865795,0.344796,3.309429,0.126686
Passive DS-TWR,1785766194.931305,0.406207,3.428211,0.031661
Passive DS-TWR,1785766194.959135,0.308370,3.350775,0.105344
Passive DS-TWR,1785766194.975168,0.391260,3.313366,0.120262
Passive DS-TWR,1785766195.019099,0.294769,3.323806,0.135003
Passive DS-TWR,1785766195.064398,0.334628,3.296547,0.141776
Passive DS-TWR,1785766195.072498,0.286461,3.399412,0.094369
Passive DS-TWR,1785766195.107361,0.391088,3.312211,0.121383
Passive DS-TWR,1785766195.146819,0.317103,3.390508,0.071392
Passive DS-TWR,1785766195.152347,0.398356,3.385976,0.052131
Passive DS-TWR,1785766195.211614,0.396860,3.303516,0.130851
Passive DS-TWR,1785766195.242742,0.388308,3.401903,0.033432
Passive DS-TWR,1785766195.259714,0.317948,3.303507,0.140983
Passive DS-TWR,1785766195.265253,0.300384,3.362707,0.102053
Passive DS-TWR,1785766195.309891,0.354196,3.441207,0.022403
Passive DS-TWR,1785766195.312278,0.309226,3.299099,0.148665
Passive DS-TWR,1785766195.411975,0.410879,3.300490,0.136843
Passive DS-TWR,1785766195.439090,0.305188,3.455143,0.073238
Passive DS-TWR,1785766195.492166,0.385476,3.332409,0.100656
Passive DS-TWR,1785766195.492362,0.333970,3.461043,0.049848
Passive DS-TWR,1785766195.525965,0.277010,3.346447,0.130291
Passive DS-TWR,1785766195.546138,0.409022,3.414592,0.038591
Passive DS-TWR,1785766195.698679,0.335770,3.273451,0.163779
Passive DS-TWR,1785766195.713188,0.304152,3.334217,0.121064
Passive DS-TWR,1785766195.757758,0.436693,3.427998,0.062018
Passive DS-TWR,1785766195.762896,0.369399,3.429682,0.006127
Passive DS-TWR,1785766195.763599,0.360228,3.345176,0.088539
Passive DS-TWR,1785766195.792290,0.298762,3.403559,0.081396
Passive DS-TWR,1785766195.810437,0.386209,3.373742,0.059850
Passive DS-TWR,1785766195.868385,0.347281,3.302806,0.132591
Passive DS-TWR,1785766195.868576,0.386820,3.337882,0.095375
Passive DS-TWR,1785766195.868751,0.407897,3.410450,0.039738
Passive DS-TWR,1785766195.888787,0.345311,3.344125,0.093179
Passive DS-TWR,1785766196.000956,0.289958,3.376911,0.101464
Passive DS-TWR,1785766196.002103,0.400713,3.268312,0.166216
Passive DS-TWR,1785766196.048398,0.432546,3.381809,0.076811
Passive DS-TWR,1785766196.162182,0.280631,3.363058,0.117036
Passive DS-TWR,1785766196.260256,0.274126,3.304409,0.162944
Passive DS-TWR,1785766196.284920,0.353586,3.288712,0.145352
Passive DS-TWR,1785766196.369777,0.285447,3.369981,0.109085
Passive DS-TWR,1785766196.397411,0.377813,3.438267,0.006487
Passive DS-TWR,1785766196.400936,0.338590,3.338631,0.100627
Passive DS-TWR,1785766196.447491,0.310973,3.414828,0.066266
Passive DS-TWR,1785766196.447967,0.404868,3.414469,0.035028
Passive DS-TWR,1785766196.448515,0.369312,3.410586,0.022601
Passive DS-TWR,1785766196.469840,0.334297,3.311799,0.127329
Passive DS-TWR,1785766196.494865,0.290772,3.434087,0.084081
Passive DS-TWR,1785766196.494993,0.430915,3.386153,0.072751
Passive DS-TWR,1785766196.563884,0.330205,3.343671,0.099414
Passive DS-TWR,1785766196.650088,0.416309,3.358171,0.085117
Passive DS-TWR,1785766196.651142,0.323768,3.450231,0.054060
Passive DS-TWR,1785766196.656513,0.388186,3.278472,0.154606
Passive DS-TWR,1785766196.699876,0.319697,3.420333,0.056468
Passive DS-TWR,1785766196.736938,0.357495,3.293093,0.140483
Passive DS-TWR,1785766196.746778,0.298055,3.386230,0.089648
Passive DS-TWR,1785766196.747580,0.391724,3.361208,0.073265
Passive DS-TWR,1785766196.785600,0.376115,3.419113,0.013449
Passive DS-TWR,1785766196.841164,0.408456,3.372598,0.068692
Passive DS-TWR,1785766196.843525,0.338995,3.437347,0.036170
Passive DS-TWR,1785766196.891245,0.283052,3.409368,0.094657
Passive DS-TWR,1785766196.960705,0.408616,3.321327,0.116192
Passive DS-TWR,1785766196.960877,0.363957,3.419872,0.016670
Passive DS-TWR,1785766196.976279,0.325008,3.342421,0.102944
Passive DS-TWR,1785766197.009916,0.304745,3.335704,0.119511
Passive DS-TWR,1785766197.010139,0.429381,3.391794,0.068058
Passive DS-TWR,1785766197.058358,0.405235,3.341027,0.096393
Passive DS-TWR,1785766197.058589,0.284979,3.437853,0.090019
Passive DS-TWR,1785766197.067882,0.372442,3.370825,0.061723
Passive DS-TWR,1785766197.121335,0.263773,3.351535,0.137445
Passive DS-TWR,1785766197.165606,0.324993,3.409882,0.054738
Passive DS-TWR,1785766197.214982,0.411087,3.347674,0.092248
Passive DS-TWR,1785766197.215075,0.328985,3.443474,0.047148
Passive DS-TWR,1785766197.405650,0.386814,3.392714,0.041551
Passive DS-TWR,1785766197.454377,0.359456,3.291346,0.141991
Passive DS-TWR,1785766197.502600,0.331624,3.450876,0.046958
Passive DS-TWR,1785766197.502970,0.361377,3.321548,0.111767
Passive DS-TWR,1785766197.504949,0.289090,3.401488,0.091185
Passive DS-TWR,1785766197.557684,0.355243,3.294205,0.139678
Passive DS-TWR,1785766197.616659,0.375971,3.327782,0.104726
Passive DS-TWR,1785766197.632245,0.315616,3.386602,0.074927
Passive DS-TWR,1785766197.744763,0.293573,3.301621,0.154058
Passive DS-TWR,1785766197.800078,0.357160,3.447113,0.022935
Passive DS-TWR,1785766197.979645,0.260149,3.423180,0.115068
Passive DS-TWR,1785766197.982486,0.385131,3.369906,0.063436
Passive DS-TWR,1785766198.027777,0.405857,3.372146,0.067859
Passive DS-TWR,1785766198.160148,0.289458,3.378543,0.101001
Passive DS-TWR,1785766198.160356,0.433636,3.345738,0.104809
Passive DS-TWR,1785766198.171628,0.386005,3.434230,0.011300
Passive DS-TWR,1785766198.245493,0.371889,3.383581,0.049010
Passive DS-TWR,1785766198.248866,0.310723,3.429569,0.064182
Passive DS-TWR,1785766198.256425,0.335103,3.313509,0.125451
Passive DS-TWR,1785766198.331755,0.311684,3.302345,0.144670
Passive DS-TWR,1785766198.336859,0.294019,3.353326,0.113140
Passive DS-TWR,1785766198.420028,0.355347,3.446047,0.023736
Passive DS-TWR,1785766198.474502,0.405499,3.328802,0.108137
Passive DS-TWR,1785766198.509351,0.371077,3.292824,0.139728
Passive DS-TWR,1785766198.509429,0.313418,3.400454,0.069279
Passive DS-TWR,1785766198.509604,0.366911,3.452316,0.021342
Passive DS-TWR,1785766198.557228,0.340201,3.425249,0.035388
Passive DS-TWR,1785766198.599458,0.379523,3.310726,0.121866
Passive DS-TWR,1785766198.600343,0.276937,3.408228,0.100866
Passive DS-TWR,1785766198.817336,0.396429,3.343004,0.092065
Passive DS-TWR,1785766198.817510,0.353750,3.445820,0.024943
Passive DS-TWR,1785766198.837292,0.315306,3.313003,0.133506
Passive DS-TWR,1785766198.884845,0.376772,3.432092,0.001976
Passive DS-TWR,1785766198.919088,0.368591,3.302578,0.130073
Passive DS-TWR,1785766198.919793,0.276782,3.306290,0.159826
Passive DS-TWR,1785766198.923423,0.408635,3.376619,0.065308
Passive DS-TWR,1785766198.961531,0.330463,3.278959,0.159827
Passive DS-TWR,1785766198.976306,0.264264,3.437932,0.110708
Passive DS-TWR,1785766199.010134,0.414000,3.395615,0.053798
Passive DS-TWR,1785766199.052133,0.380720,3.277418,0.155195
Passive DS-TWR,1785766199.052250,0.400175,3.396146,0.044314
Passive DS-TWR,1785766199.094001,0.334740,3.286982,0.150943
Passive DS-TWR,1785766199.136552,0.414472,3.432424,0.039633
Passive DS-TWR,1785766199.168301,0.379905,3.310549,0.122057
Passive DS-TWR,1785766199.182702,0.268219,3.386662,0.116057
Passive DS-TWR,1785766199.233364,0.256816,3.430406,0.118041
Passive DS-TWR,1785766199.401786,0.391556,3.335636,0.098297
Passive DS-TWR,1785766199.408247,0.343257,3.346070,0.092020
Passive DS-TWR,1785766199.498925,0.343460,3.462298,0.043272
Passive DS-TWR,1785766199.499409,0.374376,3.314790,0.117712
Passive DS-TWR,1785766199.499629,0.298743,3.399946,0.082767
Passive DS-TWR,1785766199.525683,0.366367,3.420916,0.014352
Passive DS-TWR,1785766199.541309,0.322172,3.334365,0.111375
Passive DS-TWR,1785766199.552199,0.280483,3.388497,0.104113
Passive DS-TWR,1785766199.682532,0.292569,3.307181,0.149912
Passive DS-TWR,1785766199.682755,0.305755,3.477321,0.082349
Passive DS-TWR,1785766199.692973,0.408331,3.325297,0.112315
Passive DS-TWR,1785766199.728222,0.384530,3.423461,0.013253
Passive DS-TWR,1785766199.768315,0.286180,3.324243,0.139929
Passive DS-TWR,1785766199.769177,0.377115,3.381529,0.051023
Passive DS-TWR,1785766199.859178,0.346964,3.307902,0.127680
Passive DS-TWR,1785766199.960295,0.299493,3.394074,0.084579
Passive DS-TWR,1785766199.961165,0.379388,3.365642,0.067014
Passive DS-TWR,1785766199.995470,0.357736,3.297523,0.136058
Passive DS-TWR,1785766200.005434,0.296088,3.355121,0.110405
Passive DS-TWR,1785766200.013859,0.401860,3.332156,0.103920
Passive DS-TWR,1785766200.113286,0.368338,3.339433,0.093295
Passive DS-TWR,1785766200.147953,0.283359,3.352950,0.121231
Passive DS-TWR,1785766200.192226,0.356221,3.288096,0.145601
Passive DS-TWR,1785766200.203411,0.432457,3.345200,0.104601
Passive DS-TWR,1785766200.278965,0.444470,3.351210,0.107037
Passive DS-TWR,1785766200.285564,0.379968,3.433648,0.005256
Passive DS-TWR,1785766200.323538,0.291620,3.387789,0.094470
Passive DS-TWR,1785766200.461105,0.411682,3.337729,0.101682
Passive DS-TWR,1785766200.498711,0.322368,3.419698,0.054010
Passive DS-TWR,1785766200.553603,0.353182,3.407588,0.033010
Passive DS-TWR,1785766200.562241,0.325112,3.355405,0.091742
Passive DS-TWR,1785766200.593052,0.307814,3.414202,0.069478
Passive DS-TWR,1785766200.603847,0.362392,3.439771,0.014414
Passive DS-TWR,1785766200.640137,0.381243,3.300326,0.132331
Passive DS-TWR,1785766200.651395,0.414503,3.335723,0.104591
Passive DS-TWR,1785766200.684780,0.355254,3.417459,0.024695
Passive DS-TWR,1785766200.733460,0.402039,3.367205,0.070735
Passive DS-TWR,1785766200.733647,0.350097,3.435693,0.024947
Passive DS-TWR,1785766200.767344,0.348236,3.299162,0.135968
Passive DS-TWR,1785766200.768381,0.263784,3.362008,0.131539
Passive DS-TWR,1785766200.817742,0.410163,3.325111,0.113051
Passive DS-TWR,1785766200.817999,0.331914,3.354245,0.089256
Passive DS-TWR,1785766200.841702,0.300403,3.375802,0.093571
Passive DS-TWR,1785766200.865886,0.420977,3.435819,0.046258
Passive DS-TWR,1785766200.896611,0.291457,3.397375,0.090479
Passive DS-TWR,1785766200.925952,0.385128,3.318452,0.114513
Passive DS-TWR,1785766200.926162,0.339833,3.424041,0.036014
Passive DS-TWR,1785766200.972888,0.360756,3.302333,0.130928
Passive DS-TWR,1785766200.973094,0.434070,3.432184,0.059232
Passive DS-TWR,1785766201.024415,0.289964,3.416570,0.086357
Passive DS-TWR,1785766201.051095,0.387956,3.349482,0.084049
Passive DS-TWR,1785766201.068302,0.311401,3.418853,0.064889
Passive DS-TWR,1785766201.079382,0.310278,3.304225,0.143607
Passive DS-TWR,1785766201.160519,0.298655,3.308909,0.145186
Passive DS-TWR,1785766201.163655,0.376989,3.356321,0.076211
Passive DS-TWR,1785766201.204114,0.323585,3.454723,0.055864
Passive DS-TWR,1785766201.204758,0.309688,3.289370,0.157262
Passive DS-TWR,1785766201.216614,0.267205,3.372599,0.123180
Passive DS-TWR,1785766201.250351,0.410230,3.345001,0.094387
Passive DS-TWR,1785766201.250605,0.332343,3.462181,0.051834
Passive DS-TWR,1785766201.291374,0.298474,3.406834,0.080563
Passive DS-TWR,1785766201.294035,0.388503,3.343349,0.090193
Passive DS-TWR,1785766201.345594,0.293749,3.353860,0.112960
Passive DS-TWR,1785766201.410056,0.354516,3.349021,0.085918
Passive DS-TWR,1785766201.467864,0.324435,3.285836,0.155085
Passive DS-TWR,1785766201.472799,0.298614,3.454056,0.079213
Passive DS-TWR,1785766201.495900,0.385180,3.372330,0.061054
Passive DS-TWR,1785766201.654969,0.343989,3.317424,0.119141
Passive DS-TWR,1785766201.699889,0.360408,3.420373,0.018851
Passive DS-TWR,1785766201.751105,0.292902,3.318774,0.140170
Passive DS-TWR,1785766201.784117,0.340545,3.304821,0.132206
Passive DS-TWR,1785766201.792331,0.277511,3.347885,0.128967
Passive DS-TWR,1785766201.834898,0.347852,3.408946,0.035821
Passive DS-TWR,1785766201.843038,0.348504,3.347776,0.088723
Passive DS-TWR,1785766201.906975,0.360762,3.328496,0.104954
Passive DS-TWR,1785766202.065035,0.291601,3.356775,0.112530
Passive DS-TWR,1785766202.112728,0.294141,3.391640,0.090453
Passive DS-TWR,1785766202.143660,0.392001,3.330877,0.103064
Passive DS-TWR,1785766202.162229,0.351466,3.320571,0.114345
Passive DS-TWR,1785766202.227311,0.357778,3.295029,0.138527
Passive DS-TWR,1785766202.240820,0.282163,3.363755,0.115390
Passive DS-TWR,1785766202.267255,0.393632,3.410003,0.029315
Passive DS-TWR,1785766202.269863,0.352660,3.414381,0.028639
Passive DS-TWR,1785766202.352390,0.364294,3.368651,0.064716
Passive DS-TWR,1785766202.352683,0.339251,3.281216,0.155415
Passive DS-TWR,1785766202.379015,0.269483,3.363068,0.126178
Passive DS-TWR,1785766202.391653,0.401376,3.367157,0.070528
Passive DS-TWR,1785766202.395603,0.320333,3.474538,0.068833
Passive DS-TWR,1785766202.463634,0.337111,3.321866,0.116891
Passive DS-TWR,1785766202.509784,0.369377,3.333619,0.099033
Passive DS-TWR,1785766202.535552,0.392715,3.303990,0.129749
Passive DS-TWR,1785766202.555197,0.336800,3.294017,0.143614
Passive DS-TWR,1785766202.562209,0.309143,3.397430,0.074471
Passive DS-TWR,1785766202.587166,0.406692,3.425101,0.032701
Passive DS-TWR,1785766202.725878,0.360243,3.433281,0.014616
Passive DS-TWR,1785766202.741717,0.342799,3.334857,0.102766
Passive DS-TWR,1785766202.752494,0.277444,3.388974,0.106679
Passive DS-TWR,1785766202.782511,0.430751,3.438347,0.056217
Passive DS-TWR,1785766202.800697,0.354241,3.308070,0.126125
Passive DS-TWR,1785766202.827404,0.227656,3.369571,0.160071
Passive DS-TWR,1785766202.831965,0.425288,3.371706,0.079001
Passive DS-TWR,1785766202.860416,0.395479,3.398433,0.039833
Passive DS-TWR,1785766202.869632,0.349811,3.296266,0.138515
Passive DS-TWR,1785766202.880960,0.295315,3.346970,0.116789
Passive DS-TWR,1785766202.915067,0.365140,3.424902,0.012321
Passive DS-TWR,1785766202.930692,0.337696,3.339166,0.100454
Passive DS-TWR,1785766202.975772,0.416035,3.439188,0.041736
Passive DS-TWR,1785766203.002769,0.295618,3.327282,0.131709
Passive DS-TWR,1785766203.017725,0.304233,3.396076,0.079448
Passive DS-TWR,1785766203.019298,0.392076,3.340588,0.093516
Passive DS-TWR,1785766203.061574,0.414360,3.391952,0.056623
Passive DS-TWR,1785766203.308496,0.360262,3.436698,0.015169
Passive DS-TWR,1785766203.398133,0.321487,3.306635,0.136707
Passive DS-TWR,1785766203.399000,0.271820,3.315611,0.155808
Passive DS-TWR,1785766203.408851,0.421682,3.409922,0.052002
Passive DS-TWR,1785766203.440860,0.368780,3.419888,0.013993
Passive DS-TWR,1785766203.443195,0.361657,3.329181,0.104158
Passive DS-TWR,1785766203.528651,0.356214,3.338958,0.095380
Passive DS-TWR,1785766203.535622,0.273916,3.362803,0.122651
Passive DS-TWR,1785766203.629353,0.296237,3.423087,0.079164
Passive DS-TWR,1785766203.629500,0.321479,3.440098,0.053898
Passive DS-TWR,1785766203.638787,0.319809,3.278344,0.163685
Passive DS-TWR,1785766203.669787,0.382365,3.366426,0.066503
Passive DS-TWR,1785766203.675653,0.332582,3.439082,0.042766
Passive DS-TWR,1785766203.714815,0.343799,3.316979,0.119620
Passive DS-TWR,1785766203.715067,0.292786,3.411861,0.084609
Passive DS-TWR,1785766203.723753,0.394161,3.394479,0.042650
Passive DS-TWR,1785766203.759397,0.328493,3.410448,0.051325
Passive DS-TWR,1785766203.793993,0.279508,3.300739,0.162632
Passive DS-TWR,1785766203.807014,0.384141,3.378805,0.054496
Passive DS-TWR,1785766203.811135,0.334236,3.425888,0.041138
Passive DS-TWR,1785766203.891178,0.389832,3.278375,0.154854
Passive DS-TWR,1785766203.915155,0.275492,3.333149,0.140501
Passive DS-TWR,1785766203.955013,0.329538,3.287865,0.151565
Passive DS-TWR,1785766203.978834,0.283665,3.378767,0.105830
Passive DS-TWR,1785766203.993456,0.387528,3.349321,0.084143
Passive DS-TWR,1785766203.996304,0.358689,3.413643,0.024829
Passive DS-TWR,1785766204.037014,0.271535,3.407007,0.106403
Passive DS-TWR,1785766204.081944,0.290086,3.344551,0.122141
Passive DS-TWR,1785766204.097389,0.292396,3.387982,0.093695
Passive DS-TWR,1785766204.129081,0.390840,3.340418,0.093464
Passive DS-TWR,1785766204.129333,0.290065,3.440532,0.085153
Passive DS-TWR,1785766204.145051,0.326715,3.287134,0.153126
Passive DS-TWR,1785766204.177096,0.279588,3.371862,0.112915
Passive DS-TWR,1785766204.259101,0.369564,3.438959,0.008338
Passive DS-TWR,1785766204.310061,0.282469,3.407402,0.095719
Passive DS-TWR,1785766204.310529,0.426566,3.314329,0.128998
Passive DS-TWR,1785766204.353181,0.356075,3.415811,0.025113
Passive DS-TWR,1785766204.366196,0.383689,3.343757,0.089185
Passive DS-TWR,1785766204.398758,0.330948,3.431268,0.043907
Passive DS-TWR,1785766204.401377,0.388173,3.340648,0.092817
Passive DS-TWR,1785766204.432952,0.292098,3.405904,0.086910
Passive DS-TWR,1785766204.445872,0.407311,3.434879,0.032560
Passive DS-TWR,1785766204.446277,0.332192,3.438386,0.043050
Passive DS-TWR,1785766204.514869,0.377866,3.408390,0.024301
Passive DS-TWR,1785766204.539114,0.383841,3.288694,0.144089
Passive DS-TWR,1785766204.636484,0.385748,3.465065,0.034342
Passive DS-TWR,1785766204.747416,0.426824,3.375674,0.077019
Passive DS-TWR,1785766204.748727,0.383969,3.347928,0.085065
Passive DS-TWR,1785766204.804526,0.348875,3.417262,0.030106
Passive DS-TWR,1785766204.850913,0.378292,3.300116,0.132430
Passive DS-TWR,1785766204.898427,0.419099,3.453101,0.048820
Passive DS-TWR,1785766204.925793,0.360112,3.297725,0.135579
Passive DS-TWR,1785766204.953869,0.313350,3.429100,0.061583
Passive DS-TWR,1785766204.972750,0.382383,3.407286,0.026320
Passive DS-TWR,1785766204.980144,0.317308,3.320647,0.125783
Passive DS-TWR,1785766205.003850,0.317545,3.353364,0.097700
Passive DS-TWR,1785766205.023326,0.400058,3.414758,0.030837
Passive DS-TWR,1785766205.023449,0.429314,3.424458,0.055066
Passive DS-TWR,1785766205.041231,0.344927,3.290291,0.145322
Passive DS-TWR,1785766205.073279,0.300968,3.375678,0.093197
Passive DS-TWR,1785766205.073503,0.380776,3.384421,0.048445
Passive DS-TWR,1785766205.083563,0.333300,3.408875,0.047788
Passive DS-TWR,1785766205.136472,0.300377,3.352476,0.109310
Passive DS-TWR,1785766205.170240,0.337187,3.301887,0.135933
Passive DS-TWR,1785766205.296218,0.363472,3.448926,0.019974
Passive DS-TWR,1785766205.322989,0.290846,3.319969,0.140422
Passive DS-TWR,1785766205.384564,0.302081,3.368277,0.097049
Passive DS-TWR,1785766205.553893,0.316958,3.311654,0.133993
Passive DS-TWR,1785766205.574117,0.287401,3.457415,0.090918
Passive DS-TWR,1785766205.590910,0.377599,3.331055,0.101484
Passive DS-TWR,1785766205.595814,0.347008,3.432917,0.027833
Passive DS-TWR,1785766205.635140,0.356490,3.284062,0.149569
Passive DS-TWR,1785766205.643430,0.416639,3.331883,0.108956
Passive DS-TWR,1785766205.693795,0.374009,3.322749,0.109755
Passive DS-TWR,1785766205.697530,0.301772,3.378978,0.090573
Passive DS-TWR,1785766205.708156,0.411406,3.306852,0.130862
Passive DS-TWR,1785766205.740680,0.333501,3.433470,0.041349
Passive DS-TWR,1785766205.805026,0.344770,3.428895,0.030284
Passive DS-TWR,1785766205.826477,0.269807,3.361990,0.126505
Passive DS-TWR,1785766205.874132,0.381448,3.286140,0.146510
Passive DS-TWR,1785766205.902708,0.404155,3.319386,0.116852
Passive DS-TWR,1785766205.934762,0.337816,3.460718,0.046549
Passive DS-TWR,1785766206.030061,0.401159,3.364574,0.072849
Passive DS-TWR,1785766206.059883,0.333420,3.406157,0.049087
Passive DS-TWR,1785766206.069071,0.314201,3.292481,0.152587
Passive DS-TWR,1785766206.113851,0.408194,3.421938,0.034988
Passive DS-TWR,1785766206.128577,0.336590,3.295877,0.141877
Passive DS-TWR,1785766206.156731,0.310107,3.338591,0.114058
Passive DS-TWR,1785766206.156929,0.376059,3.303371,0.129136
Passive DS-TWR,1785766206.171820,0.357439,3.450740,0.025206
Passive DS-TWR,1785766206.203579,0.347134,3.299363,0.135990
Passive DS-TWR,1785766206.209326,0.273290,3.325708,0.147367
Passive DS-TWR,1785766206.243011,0.376362,3.324653,0.107859
Passive DS-TWR,1785766206.283662,0.282346,3.360325,0.117321
Passive DS-TWR,1785766206.285707,0.415476,3.300543,0.138074
Passive DS-TWR,1785766206.409290,0.283719,3.379798,0.105264
Passive DS-TWR,1785766206.412712,0.396866,3.376006,0.060638
Passive DS-TWR,1785766206.475274,0.278142,3.357461,0.122398
Passive DS-TWR,1785766206.491545,0.413460,3.309064,0.129338
Passive DS-TWR,1785766206.493902,0.403663,3.384305,0.056158
Passive DS-TWR,1785766206.574048,0.358533,3.407159,0.030135
Passive DS-TWR,1785766206.616736,0.291521,3.324307,0.136557
Passive DS-TWR,1785766206.650953,0.360348,3.295173,0.138091
Passive DS-TWR,1785766206.659278,0.255143,3.355350,0.142406
Passive DS-TWR,1785766206.671584,0.409174,3.296749,0.140028
Passive DS-TWR,1785766206.706914,0.332605,3.283495,0.154876
Passive DS-TWR,1785766206.745839,0.407021,3.329280,0.108122
Passive DS-TWR,1785766206.783202,0.313081,3.423990,0.062342
Passive DS-TWR,1785766206.835797,0.383220,3.317688,0.115119
Passive DS-TWR,1785766206.835927,0.283825,3.400565,0.096454
Passive DS-TWR,1785766206.836056,0.417491,3.346795,0.095733
Passive DS-TWR,1785766206.836148,0.356827,3.445410,0.022160
Passive DS-TWR,1785766206.854351,0.291008,3.378113,0.099928
Passive DS-TWR,1785766206.981542,0.410082,3.377161,0.065610
Passive DS-TWR,1785766206.981680,0.284157,3.351970,0.121279
Passive DS-TWR,1785766206.987949,0.401168,3.301941,0.133189
Passive DS-TWR,1785766207.028084,0.330599,3.292233,0.147079
Passive DS-TWR,1785766207.056906,0.291131,3.358431,0.111774
Passive DS-TWR,1785766207.072293,0.356988,3.460477,0.033185
Passive DS-TWR,1785766207.088926,0.328406,3.309882,0.131117
Passive DS-TWR,1785766207.118753,0.282897,3.461990,0.096555
Passive DS-TWR,1785766207.118901,0.399346,3.328071,0.107267
Passive DS-TWR,1785766207.162286,0.263715,3.368730,0.128122
Passive DS-TWR,1785766207.219679,0.361375,3.454665,0.025932
Passive DS-TWR,1785766207.238240,0.349489,3.325203,0.110252
Passive DS-TWR,1785766207.372764,0.420753,3.346055,0.097883
Passive DS-TWR,1785766207.421592,0.352250,3.439326,0.023597
Passive DS-TWR,1785766207.732053,0.306847,3.318132,0.133053
Passive DS-TWR,1785766207.745288,0.311351,3.360738,0.095815
Passive DS-TWR,1785766207.783772,0.326635,3.425609,0.048694
Passive DS-TWR,1785766207.809306,0.283731,3.345463,0.126001
Passive DS-TWR,1785766207.856799,0.331908,3.305589,0.133977
Passive DS-TWR,1785766207.883775,0.314145,3.364260,0.091327
Passive DS-TWR,1785766207.894816,0.398371,3.324245,0.110785
Passive DS-TWR,1785766207.902192,0.345555,3.401076,0.042955
Passive DS-TWR,1785766207.966347,0.407111,3.322498,0.114640
Passive DS-TWR,1785766207.966625,0.343437,3.417624,0.034747
Passive DS-TWR,1785766208.014810,0.346439,3.314458,0.121412
Passive DS-TWR,1785766208.028314,0.371803,3.416365,0.016419
Passive DS-TWR,1785766208.068707,0.279744,3.416192,0.096483
Passive DS-TWR,1785766208.076631,0.403320,3.338974,0.097768
Passive DS-TWR,1785766208.115405,0.358106,3.432350,0.016734
Passive DS-TWR,1785766208.115586,0.346146,3.299206,0.136349
Passive DS-TWR,1785766208.141293,0.298903,3.336464,0.122431
Passive DS-TWR,1785766208.196881,0.328366,3.317019,0.124483
Passive DS-TWR,1785766208.201823,0.282296,3.383958,0.104502
Passive DS-TWR,1785766208.243352,0.423142,3.410089,0.053250
Passive DS-TWR,1785766208.247030,0.390092,3.286016,0.147277
Passive DS-TWR,1785766208.256851,0.284892,3.384418,0.101992
Passive DS-TWR,1785766208.286297,0.392888,3.314535,0.119340
Passive DS-TWR,1785766208.305675,0.341735,3.309855,0.127036
Passive DS-TWR,1785766208.337480,0.315693,3.391611,0.071904
Passive DS-TWR,1785766208.337682,0.401146,3.322379,0.113222
Passive DS-TWR,1785766208.384690,0.308252,3.426963,0.066817
Passive DS-TWR,1785766208.387597,0.350807,3.355148,0.081001
Passive DS-TWR,1785766208.481331,0.385880,3.395992,0.038143
Passive DS-TWR,1785766208.496864,0.365909,3.293413,0.139375
Passive DS-TWR,1785766208.520443,0.280178,3.416469,0.096009
Passive DS-TWR,1785766208.531535,0.378800,3.304484,0.128079
Passive DS-TWR,1785766208.543243,0.335763,3.421556,0.040579
Passive DS-TWR,1785766208.577771,0.355082,3.279820,0.153955
Passive DS-TWR,1785766208.619073,0.320635,3.467942,0.064762
Passive DS-TWR,1785766208.666386,0.417719,3.318251,0.122032
Passive DS-TWR,1785766208.713180,0.327713,3.295377,0.144997
Passive DS-TWR,1785766208.745056,0.294517,3.349929,0.115194
Passive DS-TWR,1785766208.772959,0.290493,3.399529,0.090561
Passive DS-TWR,1785766208.894933,0.367236,3.275717,0.156969
Passive DS-TWR,1785766208.916269,0.361900,3.335325,0.098034
Passive DS-TWR,1785766208.916421,0.321984,3.424810,0.053411
Passive DS-TWR,1785766208.916516,0.316799,3.316444,0.129761
Passive DS-TWR,1785766208.917130,0.287336,3.380333,0.101874
Passive DS-TWR,1785766208.917313,0.424521,3.424495,0.050323
Passive DS-TWR,1785766208.954894,0.341590,3.300086,0.136526
Passive DS-TWR,1785766208.961326,0.277435,3.377201,0.112008
Passive DS-TWR,1785766208.995028,0.409880,3.388395,0.056331
Passive DS-TWR,1785766209.041263,0.292681,3.351602,0.115302
Passive DS-TWR,1785766209.041393,0.375770,3.359549,0.072959
Passive DS-TWR,1785766209.085144,0.340777,3.444507,0.036116
Passive DS-TWR,1785766209.089285,0.285449,3.361332,0.114261
Passive DS-TWR,1785766209.115134,0.391447,3.367777,0.066822
Passive DS-TWR,1785766209.182170,0.403168,3.329758,0.106578
Passive DS-TWR,1785766209.182392,0.343866,3.407339,0.039905
Passive DS-TWR,1785766209.209403,0.356122,3.308963,0.124949
Passive DS-TWR,1785766209.230695,0.274057,3.370687,0.118229
Passive DS-TWR,1785766209.230815,0.412584,3.317888,0.120669
Passive DS-TWR,1785766209.440066,0.385891,3.400544,0.033815
Passive DS-TWR,1785766209.658794,0.374415,3.413851,0.018656
Passive DS-TWR,1785766209.857055,0.274982,3.366580,0.119654
Passive DS-TWR,1785766209.892079,0.432238,3.413614,0.060427
Passive DS-TWR,1785766209.953886,0.432821,3.407394,0.063185
Passive DS-TWR,1785766210.022517,0.376784,3.437825,0.005668
Passive DS-TWR,1785766210.087605,0.339178,3.442201,0.036956
Passive DS-TWR,1785766210.127934,0.401547,3.346216,0.090325
Passive DS-TWR,1785766210.141020,0.411531,3.419886,0.038801
Passive DS-TWR,1785766210.217679,0.408609,3.378721,0.063504
Passive DS-TWR,1785766210.370336,0.284249,3.336489,0.132003
Passive DS-TWR,1785766210.400132,0.368142,3.365740,0.067097
Passive DS-TWR,1785766210.427207,0.347566,3.338184,0.098182
Passive DS-TWR,1785766210.442527,0.288454,3.382112,0.100007
Passive DS-TWR,1785766210.497102,0.276112,3.413755,0.100490
Passive DS-TWR,1785766210.531599,0.415173,3.345540,0.095860
Passive DS-TWR,1785766210.531733,0.381445,3.431552,0.006675
Passive DS-TWR,1785766210.569695,0.325514,3.326955,0.116503
Passive DS-TWR,1785766210.715485,0.386223,3.420511,0.016534
Passive DS-TWR,1785766210.756620,0.370786,3.292586,0.139974
Passive DS-TWR,1785766210.759535,0.291932,3.421582,0.083623
Passive DS-TWR,1785766210.803748,0.357879,3.463153,0.035031
Passive DS-TWR,1785766210.807223,0.338198,3.288059,0.149017
Passive DS-TWR,1785766210.816343,0.301118,3.398732,0.081087
Passive DS-TWR,1785766210.847729,0.285871,3.491162,0.106566
Passive DS-TWR,1785766211.012316,0.304364,3.300397,0.149727
Passive DS-TWR,1785766211.021852,0.401139,3.415675,0.031222
Passive DS-TWR,1785766211.051852,0.428193,3.419422,0.054934
Passive DS-TWR,1785766211.097859,0.386101,3.289989,0.142957
Passive DS-TWR,1785766211.098329,0.396105,3.310490,0.123851
Passive DS-TWR,1785766211.101522,0.351750,3.431789,0.023100
Passive DS-TWR,1785766211.144980,0.391607,3.316894,0.116817
Passive DS-TWR,1785766211.145272,0.270395,3.327832,0.147865
Passive DS-TWR,1785766211.149090,0.392913,3.371594,0.063532
Passive DS-TWR,1785766211.176768,0.374790,3.425542,0.006960
Passive DS-TWR,1785766211.191002,0.330909,3.306885,0.133076
Passive DS-TWR,1785766211.234010,0.297309,3.403604,0.082739
Passive DS-TWR,1785766211.234788,0.271105,3.398164,0.109269
Passive DS-TWR,1785766211.277965,0.408733,3.368005,0.072860
Passive DS-TWR,1785766211.326645,0.366919,3.269321,0.163372
Passive DS-TWR,1785766211.329546,0.287613,3.451335,0.089236
Passive DS-TWR,1785766211.382015,0.320463,3.317694,0.127034
Passive DS-TWR,1785766211.398269,0.298580,3.367435,0.100245
Passive DS-TWR,1785766211.417272,0.397071,3.340774,0.094383
Passive DS-TWR,1785766211.553700,0.288942,3.370712,0.105812
Passive DS-TWR,1785766211.563850,0.388433,3.465105,0.035325
Passive DS-TWR,1785766211.612174,0.340455,3.426677,0.034873
Passive DS-TWR,1785766211.683220,0.367177,3.415206,0.018916
Passive DS-TWR,1785766211.697244,0.407372,3.314732,0.122181
Passive DS-TWR,1785766211.725896,0.288111,3.362907,0.111198
Passive DS-TWR,1785766211.726934,0.413815,3.316003,0.122846
Passive DS-TWR,1785766211.741191,0.322508,3.436271,0.052466
Passive DS-TWR,1785766211.819520,0.381018,3.312513,0.120147
Passive DS-TWR,1785766211.850049,0.298026,3.364740,0.102429
Passive DS-TWR,1785766211.944088,0.396892,3.364166,0.071806
Passive DS-TWR,1785766211.944225,0.349444,3.433210,0.025405
Passive DS-TWR,1785766211.952992,0.372081,3.334043,0.098497
Passive DS-TWR,1785766211.983804,0.279804,3.288262,0.172732
Passive DS-TWR,1785766212.032510,0.365369,3.331465,0.101479
Passive DS-TWR,1785766212.033404,0.318531,3.361796,0.090387
Passive DS-TWR,1785766212.128907,0.423355,3.381430,0.070443
Passive DS-TWR,1785766212.129053,0.323484,3.437614,0.051609
Passive DS-TWR,1785766212.169393,0.334071,3.337475,0.103402
Passive DS-TWR,1785766212.169544,0.255845,3.399728,0.123424
Passive DS-TWR,1785766212.172988,0.405169,3.372632,0.067114
Passive DS-TWR,1785766212.188663,0.326424,3.410853,0.053034
Passive DS-TWR,1785766212.222660,0.333871,3.322382,0.117493
Passive DS-TWR,1785766212.231990,0.276870,3.397149,0.104152
Passive DS-TWR,1785766212.277425,0.349635,3.316884,0.118332
Passive DS-TWR,1785766212.289990,0.284967,3.379638,0.104267
Passive DS-TWR,1785766212.315245,0.399140,3.333447,0.101992
Passive DS-TWR,1785766212.318142,0.324079,3.433628,0.050772
Passive DS-TWR,1785766212.366847,0.406242,3.368074,0.071673
Passive DS-TWR,1785766212.461766,0.344793,3.416967,0.033824
Passive DS-TWR,1785766212.465240,0.325941,3.306514,0.135144
Passive DS-TWR,1785766212.497503,0.297651,3.366839,0.101339
Passive DS-TWR,1785766212.498096,0.399429,3.335628,0.099946
Passive DS-TWR,1785766212.511769,0.335130,3.427145,0.040069
Passive DS-TWR,1785766212.604239,0.401932,3.329757,0.106257
Passive DS-TWR,1785766212.609096,0.372638,3.426902,0.006016
Passive DS-TWR,1785766212.609471,0.343329,3.329179,0.108020
Passive DS-TWR,1785766212.610068,0.287981,3.396887,0.093876
Passive DS-TWR,1785766212.638247,0.364349,3.339176,0.093913
Passive DS-TWR,1785766212.748523,0.370620,3.298019,0.134549
Passive DS-TWR,1785766212.750112,0.244660,3.366916,0.145767
Passive DS-TWR,1785766212.793285,0.322720,3.313004,0.130369
Passive DS-TWR,1785766212.803407,0.268267,3.350226,0.134636
Passive DS-TWR,1785766212.840781,0.381665,3.334658,0.098082
Passive DS-TWR,1785766212.841062,0.318003,3.406829,0.062365
Passive DS-TWR,1785766212.848972,0.333573,3.290758,0.147628
Passive DS-TWR,1785766213.066874,0.281425,3.374943,0.109722
Passive DS-TWR,1785766213.067017,0.366761,3.300702,0.132047
Passive DS-TWR,1785766213.067321,0.289654,3.329447,0.133704
Passive DS-TWR,1785766213.087863,0.394001,3.404622,0.033830
Passive DS-TWR,1785766213.105467,0.372315,3.386703,0.045868
Passive DS-TWR,1785766213.109776,0.312805,3.332582,0.117609
Passive DS-TWR,1785766213.155195,0.289211,3.384730,0.098052
Passive DS-TWR,1785766213.197937,0.378297,3.316667,0.115886
Passive DS-TWR,1785766213.214637,0.351418,3.449520,0.028951
Passive DS-TWR,1785766213.250100,0.264158,3.321943,0.156440
Passive DS-TWR,1785766213.463674,0.392572,3.319211,0.114670
Passive DS-TWR,1785766213.507672,0.352069,3.300039,0.134405
Passive DS-TWR,1785766213.518166,0.384039,3.351880,0.081145
Passive DS-TWR,1785766213.607249,0.286810,3.356454,0.116328
Passive DS-TWR,1785766213.635797,0.289329,3.349092,0.119454
Passive DS-TWR,1785766213.678425,0.331871,3.408155,0.049385
Passive DS-TWR,1785766213.683003,0.340707,3.313784,0.123527
Passive DS-TWR,1785766213.858878,0.377086,3.321502,0.111022
Passive DS-TWR,1785766213.862191,0.392925,3.414190,0.025738
Passive DS-TWR,1785766213.891022,0.378616,3.303846,0.128710
Passive DS-TWR,1785766213.977072,0.338179,3.325723,0.112896
Passive DS-TWR,1785766213.977924,0.388185,3.381963,0.052271
Passive DS-TWR,1785766214.001996,0.337302,3.430552,0.037587
Passive DS-TWR,1785766214.039681,0.391401,3.348993,0.085135
Passive DS-TWR,1785766214.047663,0.358895,3.436753,0.016500
Passive DS-TWR,1785766214.084969,0.349524,3.349074,0.087183
Passive DS-TWR,1785766214.094091,0.406080,3.401090,0.044303
Passive DS-TWR,1785766214.225971,0.304835,3.299187,0.150576
Passive DS-TWR,1785766214.230381,0.394223,3.328747,0.105550
Passive DS-TWR,1785766214.392576,0.369786,3.433614,0.005174
Passive DS-TWR,1785766214.401522,0.270139,3.349503,0.133607
Passive DS-TWR,1785766214.427568,0.394651,3.365604,0.069770
Passive DS-TWR,1785766214.480305,0.293331,3.374279,0.100167
Passive DS-TWR,1785766214.495639,0.380760,3.348572,0.084138
Passive DS-TWR,1785766214.495774,0.323866,3.457265,0.056669
Passive DS-TWR,1785766214.541674,0.336539,3.300507,0.137439
Passive DS-TWR,1785766214.546387,0.281709,3.352211,0.122962
Passive DS-TWR,1785766214.599219,0.298333,3.405014,0.081294
Passive DS-TWR,1785766214.642159,0.405108,3.433410,0.030283
Passive DS-TWR,1785766214.642491,0.309742,3.326164,0.124681
Passive DS-TWR,1785766214.663212,0.294125,3.387711,0.092309
Passive DS-TWR,1785766214.678443,0.428680,3.371621,0.081273
Passive DS-TWR,1785766214.782780,0.335573,3.322986,0.116342
Passive DS-TWR,1785766214.913759,0.290436,3.359903,0.111330
Passive DS-TWR,1785766214.951312,0.420192,3.385575,0.065261
Passive DS-TWR,1785766214.961859,0.379451,3.336993,0.095620
Passive DS-TWR,1785766215.007679,0.304909,3.351747,0.106825
Passive DS-TWR,1785766215.010647,0.377742,3.351754,0.080799
Passive DS-TWR,1785766215.034497,0.337971,3.312180,0.125843
Passive DS-TWR,1785766215.165553,0.364588,3.333699,0.099333
Passive DS-TWR,1785766215.184302,0.295995,3.359897,0.107181
Passive DS-TWR,1785766215.185029,0.276077,3.382845,0.110542
Passive DS-TWR,1785766215.185140,0.405763,3.349446,0.088626
Passive DS-TWR,1785766215.198401,0.351417,3.415242,0.029094
Passive DS-TWR,1785766215.230019,0.309365,3.315645,0.133948
Passive DS-TWR,1785766215.233085,0.323089,3.376695,0.076108
Passive DS-TWR,1785766215.243804,0.416045,3.308459,0.130708
Passive DS-TWR,1785766215.284705,0.370963,3.430825,0.004222
Passive DS-TWR,1785766215.284990,0.306930,3.321026,0.130531
Passive DS-TWR,1785766215.297681,0.293010,3.398904,0.088457
Passive DS-TWR,1785766215.334849,0.396166,3.350101,0.085116
Passive DS-TWR,1785766215.482671,0.330138,3.300298,0.139557
Passive DS-TWR,1785766215.488592,0.301290,3.399687,0.080537
Passive DS-TWR,1785766215.538807,0.371055,3.285141,0.147409
Passive DS-TWR,1785766215.586895,0.377652,3.443861,0.011703
Passive DS-TWR,1785766215.647602,0.291375,3.428457,0.083561
Passive DS-TWR,1785766215.663096,0.420088,3.319802,0.121444
Passive DS-TWR,1785766215.663793,0.367376,3.433447,0.007522
Passive DS-TWR,1785766215.665062,0.346964,3.307902,0.127680
Passive DS-TWR,1785766215.681660,0.292975,3.350929,0.115567
Passive DS-TWR,1785766215.731036,0.396287,3.365488,0.070362
Passive DS-TWR,1785766215.951418,0.239937,3.364579,0.151035
Passive DS-TWR,1785766215.967139,0.403333,3.326710,0.109561
Passive DS-TWR,1785766216.023862,0.423839,3.377136,0.073935
Passive DS-TWR,1785766216.177225,0.379486,3.300890,0.131694
Passive DS-TWR,1785766216.194926,0.282111,3.373524,0.109894
Passive DS-TWR,1785766216.217288,0.418010,3.353463,0.090060
Passive DS-TWR,1785766216.221225,0.361312,3.420343,0.018188
Passive DS-TWR,1785766216.264302,0.357038,3.301755,0.131953
Passive DS-TWR,1785766216.264455,0.235763,3.380146,0.148604
Passive DS-TWR,1785766216.289305,0.381714,3.396498,0.036654
Passive DS-TWR,1785766216.318099,0.316081,3.303523,0.141732
Passive DS-TWR,1785766216.367431,0.380093,3.452151,0.020339
Passive DS-TWR,1785766216.370834,0.327880,3.332088,0.110851
Passive DS-TWR,1785766216.412566,0.406869,3.420568,0.034181
Passive DS-TWR,1785766216.459354,0.353914,3.293144,0.140920
Passive DS-TWR,1785766216.460285,0.293738,3.331372,0.129632
Passive DS-TWR,1785766216.462442,0.412125,3.388069,0.058005
Passive DS-TWR,1785766216.513601,0.291159,3.368811,0.105161
Passive DS-TWR,1785766216.563086,0.368024,3.341083,0.091672
Passive DS-TWR,1785766216.614547,0.389705,3.376788,0.057663
Passive DS-TWR,1785766216.614737,0.403373,3.418214,0.031912
Passive DS-TWR,1785766216.656914,0.286554,3.437929,0.088451
Passive DS-TWR,1785766216.657093,0.412837,3.324626,0.114372
Passive DS-TWR,1785766216.699994,0.359564,3.448392,0.022041
Passive DS-TWR,1785766216.712437,0.294890,3.423836,0.080417
Passive DS-TWR,1785766216.833461,0.340655,3.289985,0.146559
Passive DS-TWR,1785766216.866811,0.320329,3.417150,0.056630
Passive DS-TWR,1785766216.893877,0.357767,3.307368,0.126293
Passive DS-TWR,1785766216.899251,0.255182,3.385510,0.128554
Passive DS-TWR,1785766216.945609,0.359737,3.340029,0.093697
Passive DS-TWR,1785766216.975215,0.294121,3.332048,0.128865
Passive DS-TWR,1785766216.975411,0.417140,3.373045,0.072969
Passive DS-TWR,1785766216.988235,0.364685,3.419568,0.016443
Passive DS-TWR,1785766217.025512,0.312219,3.376225,0.084191
Passive DS-TWR,1785766217.066020,0.421938,3.407719,0.053222
Passive DS-TWR,1785766217.074379,0.337001,3.332985,0.106467
Passive DS-TWR,1785766217.101880,0.286237,3.365144,0.111298
Passive DS-TWR,1785766217.117018,0.295809,3.441361,0.079525
Passive DS-TWR,1785766217.160747,0.342975,3.348727,0.089630
Passive DS-TWR,1785766217.214854,0.285408,3.351262,0.120821
Passive DS-TWR,1785766217.215447,0.338933,3.437990,0.036323
Passive DS-TWR,1785766217.252286,0.385043,3.355032,0.078139
Passive DS-TWR,1785766217.293649,0.333418,3.312214,0.127219
Passive DS-TWR,1785766217.296278,0.271340,3.381187,0.115521
Passive DS-TWR,1785766217.308966,0.390607,3.448620,0.022549
Passive DS-TWR,1785766217.345472,0.292738,3.437301,0.082241
Passive DS-TWR,1785766217.381065,0.388000,3.307960,0.125235
Passive DS-TWR,1785766217.473620,0.337696,3.339815,0.099852
Passive DS-TWR,1785766217.479212,0.286682,3.398279,0.094566
Passive DS-TWR,1785766217.522718,0.331248,3.295778,0.143504
Passive DS-TWR,1785766217.548714,0.270767,3.321716,0.152001
Passive DS-TWR,1785766217.697109,0.408282,3.366753,0.073765
Passive DS-TWR,1785766217.732262,0.297445,3.368695,0.100305
Passive DS-TWR,1785766217.772192,0.406013,3.341887,0.095827
Passive DS-TWR,1785766217.781275,0.345795,3.330160,0.106383
Passive DS-TWR,1785766217.822827,0.327551,3.431913,0.047292
Passive DS-TWR,1785766217.859783,0.337896,3.334678,0.104567
Passive DS-TWR,1785766217.864249,0.269288,3.301926,0.167901
Passive DS-TWR,1785766217.925620,0.273860,3.335192,0.140235
Passive DS-TWR,1785766217.933955,0.398164,3.357902,0.078161
Passive DS-TWR,1785766217.975129,0.339771,3.425628,0.035735
Passive DS-TWR,1785766217.975330,0.312490,3.285558,0.159624
Passive DS-TWR,1785766217.993367,0.293501,3.414714,0.083259
Passive DS-TWR,1785766218.028858,0.356123,3.420511,0.022226
Passive DS-TWR,1785766218.077375,0.374587,3.352924,0.079577
Passive DS-TWR,1785766218.124674,0.294989,3.367240,0.103126
Passive DS-TWR,1785766218.124828,0.408448,3.323730,0.113845
Passive DS-TWR,1785766218.279874,0.339431,3.402478,0.046423
Passive DS-TWR,1785766218.312161,0.275414,3.354400,0.126432
Passive DS-TWR,1785766218.378719,0.260164,3.408436,0.117173
Passive DS-TWR,1785766218.395693,0.391971,3.329053,0.104858
Passive DS-TWR,1785766218.398345,0.355690,3.433174,0.019160
Passive DS-TWR,1785766218.439217,0.335658,3.286873,0.150807
Passive DS-TWR,1785766218.441964,0.291499,3.340774,0.123933
Passive DS-TWR,1785766218.563007,0.282377,3.378667,0.106992
Passive DS-TWR,1785766218.572249,0.400422,3.370357,0.067204
Passive DS-TWR,1785766218.607640,0.334207,3.397958,0.053331
Passive DS-TWR,1785766218.609827,0.358576,3.287624,0.145787
Passive DS-TWR,1785766218.652233,0.324741,3.449212,0.052811
Passive DS-TWR,1785766218.690428,0.341822,3.285881,0.150292
Passive DS-TWR,1785766218.704763,0.392871,3.359287,0.075402
Passive DS-TWR,1785766218.779873,0.285923,3.407079,0.092479
Passive DS-TWR,1785766218.816112,0.331038,3.299411,0.140113
Passive DS-TWR,1785766219.003053,0.377327,3.308021,0.124505
Passive DS-TWR,1785766219.009185,0.307655,3.359371,0.099306
Passive DS-TWR,1785766219.057433,0.348571,3.333297,0.102623
Passive DS-TWR,1785766219.090887,0.289545,3.355892,0.114648
Passive DS-TWR,1785766219.110226,0.389837,3.417133,0.021474
Passive DS-TWR,1785766219.134000,0.355394,3.304339,0.129629
Passive DS-TWR,1785766219.154434,0.274595,3.413855,0.101963
Passive DS-TWR,1785766219.179029,0.352067,3.438859,0.023643
Passive DS-TWR,1785766219.185337,0.307054,3.305765,0.143725
Passive DS-TWR,1785766219.223595,0.288107,3.412831,0.088934
Passive DS-TWR,1785766219.316267,0.401105,3.370841,0.067022
Passive DS-TWR,1785766219.316605,0.390602,3.432955,0.015770
Passive DS-TWR,1785766219.316779,0.360336,3.339735,0.093893
Passive DS-TWR,1785766219.316896,0.294065,3.338464,0.123966
Passive DS-TWR,1785766219.317063,0.409466,3.311273,0.126077
Passive DS-TWR,1785766219.318069,0.324625,3.308953,0.133363
Passive DS-TWR,1785766219.334329,0.266710,3.337027,0.144247
Passive DS-TWR,1785766219.524570,0.294179,3.358813,0.109252
Passive DS-TWR,1785766219.563718,0.388690,3.403157,0.032450
Passive DS-TWR,1785766219.608769,0.299837,3.341404,0.118000
Passive DS-TWR,1785766219.609627,0.381905,3.392754,0.040371
Passive DS-TWR,1785766219.612651,0.380053,3.408801,0.024268
Passive DS-TWR,1785766219.652627,0.325635,3.303858,0.137732
Passive DS-TWR,1785766219.652789,0.286191,3.368126,0.109556
Passive DS-TWR,1785766219.660812,0.417967,3.321420,0.119160
Passive DS-TWR,1785766219.788308,0.293461,3.393836,0.090096
Passive DS-TWR,1785766219.790988,0.401949,3.329570,0.106442
Passive DS-TWR,1785766219.804587,0.388000,3.424824,0.015237
Passive DS-TWR,1785766219.835740,0.353427,3.315200,0.119240
Passive DS-TWR,1785766219.873867,0.328204,3.449704,0.049707
Passive DS-TWR,1785766219.986296,0.412202,3.348451,0.091981
Passive DS-TWR,1785766220.073655,0.400310,3.397607,0.043202
Passive DS-TWR,1785766220.081742,0.285904,3.308970,0.152215
Passive DS-TWR,1785766220.209895,0.323058,3.316955,0.126619
Passive DS-TWR,1785766220.252682,0.329256,3.444505,0.047137
Passive DS-TWR,1785766220.313293,0.365186,3.289200,0.143626
Passive DS-TWR,1785766220.318020,0.346650,3.413396,0.034053
Passive DS-TWR,1785766220.354792,0.290752,3.353689,0.115247
Passive DS-TWR,1785766220.364171,0.396930,3.355844,0.079777
Passive DS-TWR,1785766220.396392,0.360159,3.391236,0.043799
Passive DS-TWR,1785766220.401846,0.331261,3.306727,0.133110
Passive DS-TWR,1785766220.426727,0.288684,3.453147,0.088593
Passive DS-TWR,1785766220.447387,0.407508,3.364706,0.075256
Passive DS-TWR,1785766220.447546,0.333483,3.456027,0.047579
Passive DS-TWR,1785766220.489333,0.328772,3.302698,0.137735
Passive DS-TWR,1785766220.489744,0.269025,3.316779,0.156806
Passive DS-TWR,1785766220.540522,0.349718,3.294903,0.139873
Passive DS-TWR,1785766220.545887,0.257409,3.390133,0.124839
Passive DS-TWR,1785766220.574334,0.400212,3.342801,0.093221
Passive DS-TWR,1785766220.593624,0.348251,3.299148,0.135978
Passive DS-TWR,1785766220.680421,0.362270,3.346188,0.087223
Passive DS-TWR,1785766220.681442,0.274656,3.401430,0.104890
Passive DS-TWR,1785766220.684243,0.396228,3.293337,0.140799
Passive DS-TWR,1785766220.818511,0.298110,3.392738,0.086420
Passive DS-TWR,1785766220.892343,0.366437,3.409577,0.024415
Passive DS-TWR,1785766220.986042,0.354844,3.438533,0.020885
Passive DS-TWR,1785766220.993396,0.331096,3.297334,0.142069
Passive DS-TWR,1785766221.071364,0.275636,3.352593,0.127383
Passive DS-TWR,1785766221.128104,0.282205,3.371535,0.110895
Passive DS-TWR,1785766221.135062,0.407159,3.307772,0.128849
Passive DS-TWR,1785766221.171767,0.356365,3.470935,0.042643
Passive DS-TWR,1785766221.174700,0.395056,3.283137,0.150726
Passive DS-TWR,1785766221.201524,0.296658,3.410178,0.081305
Passive DS-TWR,1785766221.256598,0.283542,3.406174,0.095017
Passive DS-TWR,1785766221.262660,0.418719,3.361216,0.083709
Passive DS-TWR,1785766221.286599,0.360250,3.432721,0.014590
Passive DS-TWR,1785766221.401086,0.386967,3.330274,0.102944
Passive DS-TWR,1785766221.401785,0.355352,3.280799,0.152949
Passive DS-TWR,1785766221.401893,0.283606,3.384745,0.102976
Passive DS-TWR,1785766221.402050,0.402377,3.344776,0.091946
Passive DS-TWR,1785766221.407207,0.352871,3.437420,0.022511
Passive DS-TWR,1785766221.435768,0.336045,3.325544,0.113775
Passive DS-TWR,1785766221.457805,0.289558,3.393891,0.093613
Passive DS-TWR,1785766221.474615,0.364322,3.432537,0.010516
Passive DS-TWR,1785766221.496159,0.288937,3.321518,0.140343
Passive DS-TWR,1785766221.505720,0.297697,3.403031,0.082579
Passive DS-TWR,1785766221.543810,0.423949,3.357823,0.089379
Passive DS-TWR,1785766221.589031,0.431711,3.378746,0.078257
Passive DS-TWR,1785766221.633090,0.283943,3.311748,0.151140
Passive DS-TWR,1785766221.635445,0.284428,3.389640,0.100055
Passive DS-TWR,1785766221.682258,0.316164,3.309005,0.136727
Passive DS-TWR,1785766221.708660,0.274554,3.361542,0.122850
Passive DS-TWR,1785766221.722717,0.391402,3.320546,0.113174
Passive DS-TWR,1785766221.793618,0.382922,3.384645,0.048534
Passive DS-TWR,1785766222.004636,0.332089,3.310095,0.129657
Passive DS-TWR,1785766222.083850,0.368109,3.285970,0.146686
Passive DS-TWR,1785766222.084012,0.282754,3.323522,0.142675
Passive DS-TWR,1785766222.114698,0.391570,3.357321,0.077020
Passive DS-TWR,1785766222.145629,0.307848,3.375484,0.087970
Passive DS-TWR,1785766222.176987,0.410373,3.457503,0.043449
Passive DS-TWR,1785766222.177229,0.331593,3.437857,0.043576
Passive DS-TWR,1785766222.193444,0.368411,3.342712,0.090019
Passive DS-TWR,1785766222.274043,0.351243,3.288860,0.145567
Passive DS-TWR,1785766222.304250,0.406814,3.427828,0.032315
Passive DS-TWR,1785766222.304798,0.402330,3.400676,0.042056
Passive DS-TWR,1785766222.399907,0.272216,3.374337,0.117959
Passive DS-TWR,1785766222.402150,0.412145,3.330838,0.108293
Passive DS-TWR,1785766222.402308,0.361699,3.280391,0.152677
Passive DS-TWR,1785766222.442544,0.410756,3.413418,0.040672
Passive DS-TWR,1785766222.483861,0.309310,3.362447,0.095925
Passive DS-TWR,1785766222.527318,0.310525,3.290692,0.155712
Passive DS-TWR,1785766222.530179,0.314052,3.393162,0.072405
Passive DS-TWR,1785766222.552254,0.404316,3.363075,0.075426
Passive DS-TWR,1785766222.613415,0.362519,3.279658,0.153339
Passive DS-TWR,1785766222.613969,0.412795,3.377035,0.067210
Passive DS-TWR,1785766222.662511,0.367064,3.300878,0.131853
Passive DS-TWR,1785766222.662725,0.290377,3.333071,0.130461
Passive DS-TWR,1785766222.765019,0.345303,3.402438,0.042145
Passive DS-TWR,1785766222.809380,0.290189,3.391360,0.094117
Passive DS-TWR,1785766222.850888,0.296896,3.367455,0.101519
Passive DS-TWR,1785766222.899534,0.281871,3.369360,0.112382
Passive DS-TWR,1785766222.924837,0.368163,3.339469,0.093272
Passive DS-TWR,1785766223.217851,0.344147,3.291735,0.144074
Passive DS-TWR,1785766223.250601,0.261023,3.379401,0.125593
Passive DS-TWR,1785766223.251218,0.396817,3.348243,0.087078
Passive DS-TWR,1785766223.262795,0.321077,3.421711,0.054834
Passive DS-TWR,1785766223.293493,0.349847,3.339131,0.096657
Passive DS-TWR,1785766223.297311,0.279386,3.448864,0.096845
Passive DS-TWR,1785766223.324291,0.378360,3.356270,0.076313
Passive DS-TWR,1785766223.354339,0.355822,3.327871,0.106345
Passive DS-TWR,1785766223.454365,0.430941,3.420254,0.057424
Passive DS-TWR,1785766223.455367,0.317719,3.296926,0.147117
Passive DS-TWR,1785766223.455493,0.279685,3.421215,0.095821
Passive DS-TWR,1785766223.455696,0.398176,3.333560,0.101656
Passive DS-TWR,1785766223.455798,0.392950,3.445773,0.022454
Passive DS-TWR,1785766223.506006,0.326073,3.323104,0.119775
Passive DS-TWR,1785766223.506267,0.278045,3.374811,0.112681
Passive DS-TWR,1785766223.506383,0.399802,3.351421,0.084837
Passive DS-TWR,1785766223.545419,0.337918,3.442792,0.038328
Passive DS-TWR,1785766223.546360,0.345457,3.314298,0.121800
Passive DS-TWR,1785766223.553810,0.273345,3.373387,0.117454
Passive DS-TWR,1785766223.595031,0.388160,3.372438,0.061523
Passive DS-TWR,1785766223.602405,0.354341,3.297140,0.136904
Passive DS-TWR,1785766223.631752,0.286027,3.369960,0.108623
Passive DS-TWR,1785766223.685309,0.283332,3.335905,0.133058
Passive DS-TWR,1785766223.693984,0.388813,3.298312,0.134915
Passive DS-TWR,1785766223.727174,0.370985,3.424686,0.008714
Passive DS-TWR,1785766223.731579,0.354173,3.301449,0.132672
Passive DS-TWR,1785766223.769502,0.263873,3.319350,0.158483
Passive DS-TWR,1785766223.772601,0.323922,3.453229,0.054974
Passive DS-TWR,1785766223.826148,0.308108,3.391940,0.078091
Passive DS-TWR,1785766223.858930,0.339071,3.417187,0.038908
Passive DS-TWR,1785766223.884143,0.283243,3.435368,0.091641
Passive DS-TWR,1785766223.906664,0.393520,3.384106,0.051876
Passive DS-TWR,1785766224.009024,0.283051,3.454147,0.094306
Passive DS-TWR,1785766224.050841,0.376662,3.435302,0.003342
Passive DS-TWR,1785766224.142792,0.319130,3.355772,0.094820
Passive DS-TWR,1785766224.143031,0.293592,3.383979,0.094633
Passive DS-TWR,1785766224.162116,0.352204,3.406004,0.034848
Passive DS-TWR,1785766224.190348,0.320961,3.349034,0.099346
Passive DS-TWR,1785766224.193974,0.267882,3.360863,0.128731
Passive DS-TWR,1785766224.243293,0.418242,3.385666,0.063854
Passive DS-TWR,1785766224.275375,0.286993,3.451688,0.089917
Passive DS-TWR,1785766224.276609,0.436261,3.353385,0.100161
Passive DS-TWR,1785766224.286122,0.397487,3.422288,0.024845
Passive DS-TWR,1785766224.323918,0.264117,3.441668,0.111101
Passive DS-TWR,1785766224.363633,0.353379,3.430201,0.021582
Passive DS-TWR,1785766224.414830,0.395118,3.431360,0.020312
Passive DS-TWR,1785766224.457963,0.321304,3.293381,0.149066
Passive DS-TWR,1785766224.458247,0.288021,3.324886,0.138269
Passive DS-TWR,1785766224.461123,0.384737,3.351359,0.081744
Passive DS-TWR,1785766224.517224,0.355234,3.408364,0.031095
Passive DS-TWR,1785766224.518681,0.298818,3.376470,0.094439
Passive DS-TWR,1785766224.607572,0.398783,3.337786,0.097696
Passive DS-TWR,1785766224.653357,0.310013,3.301865,0.145837
Passive DS-TWR,1785766224.673676,0.393893,3.367538,0.067701
Passive DS-TWR,1785766224.706000,0.297010,3.368175,0.100971
Passive DS-TWR,1785766224.746831,0.421238,3.341074,0.102527
Passive DS-TWR,1785766224.843421,0.332015,3.346638,0.095950
Passive DS-TWR,1785766225.003659,0.288131,3.474358,0.096281
Passive DS-TWR,1785766225.053561,0.339187,3.442400,0.037000
Passive DS-TWR,1785766225.086287,0.354260,3.350045,0.084986
Passive DS-TWR,1785766225.093470,0.285499,3.387371,0.100092
Passive DS-TWR,1785766225.140192,0.398628,3.318373,0.116581
Passive DS-TWR,1785766225.162278,0.291871,3.388032,0.094134
Passive DS-TWR,1785766225.229485,0.412102,3.314966,0.123301
Passive DS-TWR,1785766225.281839,0.280683,3.384611,0.105635
Passive DS-TWR,1785766225.313841,0.389236,3.326497,0.106978
Passive DS-TWR,1785766225.314722,0.393362,3.448295,0.024343
Passive DS-TWR,1785766225.358689,0.348320,3.291741,0.143236
Passive DS-TWR,1785766225.358817,0.404270,3.334866,0.101976
Passive DS-TWR,1785766225.403890,0.317407,3.324848,0.122015
Passive DS-TWR,1785766225.411910,0.287438,3.364862,0.110516
Passive DS-TWR,1785766225.549549,0.408501,3.422067,0.035243
Passive DS-TWR,1785766225.549778,0.320658,3.317530,0.127098
Passive DS-TWR,1785766225.549890,0.273612,3.443709,0.101845
Passive DS-TWR,1785766225.550017,0.416240,3.276430,0.161470
Passive DS-TWR,1785766225.598743,0.391185,3.386116,0.049182
Passive DS-TWR,1785766225.601525,0.278919,3.422738,0.096415
Passive DS-TWR,1785766225.684023,0.436203,3.395827,0.071488
Passive DS-TWR,1785766225.729645,0.294692,3.348609,0.116023
Passive DS-TWR,1785766225.825231,0.400712,3.353552,0.083081
Passive DS-TWR,1785766225.830729,0.373330,3.405774,0.026770
Passive DS-TWR,1785766225.929419,0.299840,3.376076,0.093854
Passive DS-TWR,1785766225.933721,0.373791,3.316694,0.115812
Passive DS-TWR,1785766225.973153,0.357164,3.425738,0.018925
Passive DS-TWR,1785766225.973360,0.370759,3.296154,0.136409
Passive DS-TWR,1785766226.019589,0.436058,3.411351,0.064770
Passive DS-TWR,1785766226.019702,0.389610,3.428823,0.015222
Passive DS-TWR,1785766226.109152,0.381890,3.305645,0.127053
Passive DS-TWR,1785766226.152939,0.341831,3.430197,0.033088
Passive DS-TWR,1785766226.196788,0.278593,3.399232,0.101833
Passive DS-TWR,1785766226.196983,0.421221,3.406501,0.053172
Passive DS-TWR,1785766226.204647,0.385371,3.427163,0.011808
Passive DS-TWR,1785766226.241265,0.337080,3.310777,0.127446
Passive DS-TWR,1785766226.289367,0.342550,3.290780,0.145353
Passive DS-TWR,1785766226.332323,0.401596,3.437114,0.027152
Passive DS-TWR,1785766226.459961,0.400165,3.385693,0.053221
Passive DS-TWR,1785766226.525032,0.415722,3.414391,0.044716
Passive DS-TWR,1785766226.555871,0.321194,3.346306,0.101525
Passive DS-TWR,1785766226.562096,0.288366,3.341652,0.125424
Passive DS-TWR,1785766226.578349,0.374459,3.365252,0.067251
Passive DS-TWR,1785766226.732653,0.322039,3.382779,0.072526
Passive DS-TWR,1785766226.769131,0.307167,3.320046,0.131246
Passive DS-TWR,1785766226.796004,0.364999,3.441205,0.013137
Passive DS-TWR,1785766226.818155,0.292647,3.426869,0.082384
Passive DS-TWR,1785766226.850868,0.403516,3.377848,0.061720
Passive DS-TWR,1785766226.859973,0.374369,3.424792,0.007723
Passive DS-TWR,1785766226.894892,0.380979,3.339146,0.093557
Passive DS-TWR,1785766226.972021,0.271972,3.374021,0.118328
Passive DS-TWR,1785766226.972955,0.402403,3.353208,0.083948
Passive DS-TWR,1785766226.973315,0.391821,3.431276,0.017026
Passive DS-TWR,1785766227.017254,0.326417,3.322050,0.120599
Passive DS-TWR,1785766227.146623,0.287372,3.383916,0.100055
Passive DS-TWR,1785766227.189744,0.387044,3.341209,0.092105
Passive DS-TWR,1785766227.192468,0.322322,3.334598,0.111099
Passive DS-TWR,1785766227.202154,0.290559,3.362289,0.109694
Passive DS-TWR,1785766227.234923,0.429292,3.382265,0.074087
Passive DS-TWR,1785766227.411407,0.287458,3.371622,0.106497
Passive DS-TWR,1785766227.412846,0.400818,3.328724,0.106980
Passive DS-TWR,1785766227.421108,0.358683,3.402996,0.033639
Passive DS-TWR,1785766227.468671,0.407974,3.339321,0.098896
Passive DS-TWR,1785766227.532275,0.279244,3.360755,0.119523
Passive DS-TWR,1785766227.552212,0.408645,3.355138,0.084427
Passive DS-TWR,1785766227.552321,0.338248,3.443208,0.038125
Passive DS-TWR,1785766227.641376,0.283647,3.353038,0.120956
Passive DS-TWR,1785766227.641667,0.352263,3.442889,0.024851
Passive DS-TWR,1785766227.727676,0.402092,3.304290,0.131076
Passive DS-TWR,1785766227.778037,0.274710,3.389443,0.108994
Passive DS-TWR,1785766227.814654,0.398916,3.351060,0.084926
Passive DS-TWR,1785766227.825605,0.361653,3.306807,0.126385
Passive DS-TWR,1785766227.860078,0.295913,3.380903,0.094295
Passive DS-TWR,1785766227.860246,0.372965,3.336360,0.096159
Passive DS-TWR,1785766227.887635,0.308380,3.432886,0.066460
Passive DS-TWR,1785766228.023588,0.308888,3.448854,0.067947
Passive DS-TWR,1785766228.025769,0.338877,3.268735,0.167668
Passive DS-TWR,1785766228.068793,0.435334,3.449846,0.062933
Passive DS-TWR,1785766228.071313,0.407661,3.418465,0.035698
Passive DS-TWR,1785766228.276202,0.308651,3.454661,0.069799
Passive DS-TWR,1785766228.276417,0.373597,3.335003,0.097506
Passive DS-TWR,1785766228.289775,0.295483,3.374810,0.098110
Passive DS-TWR,1785766228.348548,0.338728,3.290249,0.146764
Passive DS-TWR,1785766228.366692,0.278401,3.352344,0.125401
Passive DS-TWR,1785766228.366925,0.382631,3.397166,0.036184
Passive DS-TWR,1785766228.380393,0.394451,3.424705,0.021105
Passive DS-TWR,1785766228.415623,0.314604,3.316816,0.130427
Passive DS-TWR,1785766228.449930,0.288935,3.360477,0.112103
Passive DS-TWR,1785766228.466675,0.365946,3.436650,0.009812
Passive DS-TWR,1785766228.490743,0.281354,3.339659,0.131754
Passive DS-TWR,1785766228.515491,0.391090,3.398779,0.037434
Passive DS-TWR,1785766228.563711,0.326779,3.456893,0.053895
Passive DS-TWR,1785766228.577644,0.405641,3.418011,0.034041
Passive DS-TWR,1785766228.611247,0.349561,3.299205,0.135672
Passive DS-TWR,1785766228.624371,0.393366,3.326155,0.107948
Passive DS-TWR,1785766228.663459,0.318582,3.433147,0.056260
Passive DS-TWR,1785766228.664720,0.350813,3.314056,0.120858
Passive DS-TWR,1785766228.674192,0.270371,3.360201,0.127047
Passive DS-TWR,1785766228.713011,0.407825,3.332064,0.105715
Passive DS-TWR,1785766228.713845,0.345202,3.438505,0.030238
Passive DS-TWR,1785766228.722211,0.322338,3.326674,0.118134
Passive DS-TWR,1785766228.760646,0.382063,3.368729,0.064181
Passive DS-TWR,1785766228.814341,0.400739,3.386695,0.052622
Passive DS-TWR,1785766228.859434,0.315578,3.442595,0.060114
Passive DS-TWR,1785766228.886857,0.288981,3.439300,0.086127
Passive DS-TWR,1785766228.893533,0.341416,3.428277,0.033688
Passive DS-TWR,1785766228.930191,0.339487,3.316644,0.121131
Passive DS-TWR,1785766228.930486,0.282556,3.413820,0.094155
Passive DS-TWR,1785766229.004917,0.251711,3.425130,0.123348
Passive DS-TWR,1785766229.071556,0.272611,3.409785,0.104721
Passive DS-TWR,1785766229.169789,0.343283,3.303422,0.132880
Passive DS-TWR,1785766229.202588,0.279382,3.322989,0.145276
Passive DS-TWR,1785766229.249902,0.285772,3.339083,0.129073
Passive DS-TWR,1785766229.260560,0.402172,3.334207,0.102024
Passive DS-TWR,1785766229.297635,0.357723,3.287348,0.146160
Passive DS-TWR,1785766229.390090,0.348625,3.401521,0.040583
Passive DS-TWR,1785766229.431011,0.276522,3.429489,0.098363
Passive DS-TWR,1785766229.486593,0.348807,3.426797,0.026649
Passive DS-TWR,1785766229.516992,0.274447,3.394782,0.107244
Passive DS-TWR,1785766229.602291,0.399356,3.332109,0.103343
Passive DS-TWR,1785766229.603877,0.285972,3.386213,0.100199
Passive DS-TWR,1785766229.744092,0.353890,3.439030,0.021942
Passive DS-TWR,1785766229.744264,0.326255,3.310909,0.130939
Passive DS-TWR,1785766229.744350,0.286526,3.383441,0.101025
Passive DS-TWR,1785766229.916775,0.395442,3.391215,0.046142
Passive DS-TWR,1785766229.937768,0.316132,3.305018,0.140352
Passive DS-TWR,1785766229.966833,0.282291,3.416748,0.093879
Passive DS-TWR,1785766230.144977,0.287853,3.414758,0.088776
Passive DS-TWR,1785766230.186026,0.280713,3.457892,0.097490
Passive DS-TWR,1785766230.270715,0.358936,3.311015,0.122523
Passive DS-TWR,1785766230.274447,0.284572,3.410317,0.092952
Passive DS-TWR,1785766230.318163,0.416298,3.374108,0.071614
Passive DS-TWR,1785766230.321798,0.340865,3.352575,0.086847
Passive DS-TWR,1785766230.444701,0.425963,3.363194,0.086124
Passive DS-TWR,1785766230.611199,0.300596,3.348368,0.112207
Passive DS-TWR,1785766230.611820,0.416953,3.425555,0.042683
Passive DS-TWR,1785766230.622192,0.395344,3.444985,0.024006
Passive DS-TWR,1785766230.677119,0.339374,3.324408,0.113763
Passive DS-TWR,1785766230.711583,0.344610,3.304838,0.131193
Passive DS-TWR,1785766230.721959,0.296465,3.384471,0.091920
Passive DS-TWR,1785766230.856558,0.283285,3.383158,0.104004
Passive DS-TWR,1785766230.916840,0.321511,3.318265,0.126071
Passive DS-TWR,1785766230.918365,0.290596,3.402621,0.089384
Passive DS-TWR,1785766230.924647,0.402152,3.411817,0.034262
Passive DS-TWR,1785766230.965463,0.364679,3.459678,0.029013
Passive DS-TWR,1785766231.096402,0.269553,3.417060,0.106412
Passive DS-TWR,1785766231.132124,0.413798,3.385282,0.061216
Passive DS-TWR,1785766231.134422,0.354022,3.431938,0.020824
Passive DS-TWR,1785766231.221978,0.348695,3.289105,0.145760
Passive DS-TWR,1785766231.234028,0.273732,3.346590,0.132678
Passive DS-TWR,1785766231.267011,0.400015,3.346174,0.089924
Passive DS-TWR,1785766231.310006,0.395469,3.310332,0.123899
Passive DS-TWR,1785766231.362191,0.292231,3.374109,0.101162
Passive DS-TWR,1785766231.390588,0.398940,3.378227,0.059385
Passive DS-TWR,1785766231.390749,0.351825,3.446754,0.027070
Passive DS-TWR,1785766231.434443,0.327720,3.287702,0.152273
Passive DS-TWR,1785766231.478234,0.332398,3.340287,0.101512
Passive DS-TWR,1785766231.489848,0.293556,3.394922,0.089549
Passive DS-TWR,1785766231.560904,0.339930,3.291057,0.145688
Passive DS-TWR,1785766231.561731,0.272630,3.340350,0.137617
Passive DS-TWR,1785766231.690237,0.329388,3.344732,0.098840
Passive DS-TWR,1785766231.690448,0.251590,3.447004,0.124099
Passive DS-TWR,1785766231.793720,0.333429,3.426574,0.041832
Passive DS-TWR,1785766231.833540,0.385160,3.393150,0.040683
Passive DS-TWR,1785766231.938256,0.280531,3.362635,0.117368
Passive DS-TWR,1785766231.970374,0.406023,3.385223,0.056636
Passive DS-TWR,1785766231.971604,0.327224,3.411517,0.052033
Passive DS-TWR,1785766231.985861,0.308221,3.333392,0.119418
Passive DS-TWR,1785766232.016263,0.224903,3.375619,0.160363
Passive DS-TWR,1785766232.028578,0.376093,3.433155,0.001414
Passive DS-TWR,1785766232.065276,0.286831,3.429099,0.088073
Passive DS-TWR,1785766232.124572,0.340414,3.292210,0.144454
Passive DS-TWR,1785766232.316371,0.334315,3.309025,0.129956
Passive DS-TWR,1785766232.332061,0.277759,3.429441,0.097128
Passive DS-TWR,1785766232.374174,0.368606,3.288441,0.144196
Passive DS-TWR,1785766232.552225,0.280289,3.365464,0.115904
Passive DS-TWR,1785766232.562742,0.413208,3.296700,0.141118
Passive DS-TWR,1785766232.597073,0.305483,3.372519,0.091696
Passive DS-TWR,1785766232.642465,0.355362,3.313253,0.120828
Passive DS-TWR,1785766232.796380,0.342050,3.415019,0.037158
Passive DS-TWR,1785766232.797820,0.286576,3.335622,0.131057
Passive DS-TWR,1785766232.804231,0.402499,3.407147,0.037523
Passive DS-TWR,1785766232.845431,0.399802,3.355487,0.080959
Passive DS-TWR,1785766232.907330,0.291407,3.362791,0.108722
Passive DS-TWR,1785766232.909037,0.406224,3.372409,0.067795
Passive DS-TWR,1785766232.943008,0.384398,3.408213,0.026102
Passive DS-TWR,1785766232.946243,0.328774,3.304098,0.136416
Passive DS-TWR,1785766232.967731,0.281259,3.351518,0.123756
Passive DS-TWR,1785766232.990336,0.377982,3.416059,0.016740
Passive DS-TWR,1785766233.035028,0.377263,3.288960,0.143562
Passive DS-TWR,1785766233.035218,0.290611,3.428440,0.084325
Passive DS-TWR,1785766233.037929,0.403212,3.405435,0.039213
Passive DS-TWR,1785766233.077001,0.381312,3.450810,0.019420
Passive DS-TWR,1785766233.090114,0.326556,3.316774,0.125396
Passive DS-TWR,1785766233.140165,0.352575,3.349763,0.085682
Passive DS-TWR,1785766233.173364,0.422211,3.362796,0.084279
Passive DS-TWR,1785766233.420345,0.243632,3.398455,0.135552
Passive DS-TWR,1785766233.433361,0.396335,3.313076,0.121345
Passive DS-TWR,1785766233.487630,0.393180,3.321155,0.112847
Passive DS-TWR,1785766233.548048,0.281977,3.414646,0.094562
Passive DS-TWR,1785766233.563408,0.389686,3.360325,0.073688
Passive DS-TWR,1785766233.566485,0.384604,3.375002,0.058323
Passive DS-TWR,1785766233.607458,0.344905,3.327699,0.108994
Passive DS-TWR,1785766233.634428,0.414064,3.318376,0.120679
Passive DS-TWR,1785766233.653421,0.324548,3.338164,0.106905
Passive DS-TWR,1785766233.685563,0.304511,3.348071,0.109884
Passive DS-TWR,1785766233.696911,0.356129,3.397091,0.040050
Passive DS-TWR,1785766233.742969,0.412371,3.339319,0.100458
Passive DS-TWR,1785766233.762943,0.291292,3.414925,0.085375
Passive DS-TWR,1785766233.785244,0.356392,3.327269,0.106837
Passive DS-TWR,1785766233.797290,0.280129,3.350896,0.125018
Passive DS-TWR,1785766233.816340,0.407202,3.332147,0.105444
Passive DS-TWR,1785766233.922199,0.318252,3.439694,0.057042
Passive DS-TWR,1785766233.923259,0.271730,3.330905,0.144752
Passive DS-TWR,1785766233.923479,0.347732,3.293445,0.141674
Passive DS-TWR,1785766233.923867,0.257626,3.435674,0.117256
Passive DS-TWR,1785766233.933405,0.394961,3.330058,0.104401
Passive DS-TWR,1785766233.948804,0.359530,3.403917,0.032426
Passive DS-TWR,1785766233.970344,0.377075,3.329948,0.102578
Passive DS-TWR,1785766234.027482,0.299806,3.376291,0.093752
Passive DS-TWR,1785766234.030765,0.358361,3.449544,0.023706
Passive DS-TWR,1785766234.040123,0.315510,3.316055,0.130689
Passive DS-TWR,1785766234.072756,0.398387,3.334343,0.100944
Passive DS-TWR,1785766234.077318,0.395246,3.395699,0.042082
Passive DS-TWR,1785766234.116792,0.358453,3.285536,0.147876
Passive DS-TWR,1785766234.117042,0.288304,3.396056,0.093896
Passive DS-TWR,1785766234.125085,0.373446,3.354214,0.078300
Passive DS-TWR,1785766234.161935,0.378599,3.428491,0.005498
Passive DS-TWR,1785766234.204225,0.403554,3.333388,0.103189
Passive DS-TWR,1785766234.206726,0.368616,3.429994,0.006709
Passive DS-TWR,1785766234.248755,0.297946,3.425381,0.077221
Passive DS-TWR,1785766234.451280,0.400462,3.314037,0.121204
Passive DS-TWR,1785766234.451423,0.399368,3.391165,0.048067
Passive DS-TWR,1785766234.501402,0.304694,3.340206,0.115925
Passive DS-TWR,1785766234.501638,0.286259,3.333704,0.132692
Passive DS-TWR,1785766234.546435,0.363066,3.303268,0.129769
Passive DS-TWR,1785766234.567771,0.279486,3.368984,0.114571
Passive DS-TWR,1785766234.628605,0.343784,3.429266,0.031222
Passive DS-TWR,1785766234.675519,0.317623,3.300482,0.143884
Passive DS-TWR,1785766234.840673,0.289461,3.452589,0.087708
Passive DS-TWR,1785766234.863554,0.313696,3.430424,0.061178
Passive DS-TWR,1785766234.870661,0.294455,3.306127,0.149773
Passive DS-TWR,1785766234.888237,0.285323,3.310332,0.151455
Passive DS-TWR,1785766235.050579,0.381756,3.373430,0.059475
Passive DS-TWR,1785766235.091451,0.306409,3.446120,0.069771
Passive DS-TWR,1785766235.092313,0.431889,3.414639,0.059782
Passive DS-TWR,1785766235.138407,0.291525,3.377737,0.099701
Passive DS-TWR,1785766235.190245,0.333692,3.309329,0.129863
Passive DS-TWR,1785766235.226191,0.398634,3.352803,0.083175
Passive DS-TWR,1785766235.257286,0.373930,3.433417,0.001290
Passive DS-TWR,1785766235.269042,0.299733,3.461276,0.080429
Passive DS-TWR,1785766235.310501,0.383961,3.421624,0.014197
Passive DS-TWR,1785766235.313857,0.388006,3.318394,0.114865
Passive DS-TWR,1785766235.349870,0.287256,3.379722,0.102256
Passive DS-TWR,1785766235.350988,0.426108,3.342004,0.104011
Passive DS-TWR,1785766235.440720,0.282977,3.393220,0.099908
Passive DS-TWR,1785766235.444208,0.366039,3.303521,0.129280
Passive DS-TWR,1785766235.463976,0.280552,3.357916,0.120220
Passive DS-TWR,1785766235.481285,0.438441,3.391941,0.075435
Passive DS-TWR,1785766235.484909,0.385820,3.448616,0.019500
Passive DS-TWR,1785766235.538243,0.346938,3.296291,0.139038
Passive DS-TWR,1785766235.571743,0.325316,3.444330,0.050915
Passive DS-TWR,1785766235.572813,0.257615,3.328249,0.156876
Passive DS-TWR,1785766235.585931,0.279491,3.362385,0.118353
Passive DS-TWR,1785766235.931434,0.260376,3.389390,0.122313
Passive DS-TWR,1785766236.029304,0.385992,3.327053,0.106037
Passive DS-TWR,1785766236.029536,0.351622,3.294292,0.140146
Passive DS-TWR,1785766236.033826,0.304099,3.360358,0.101039
Passive DS-TWR,1785766236.045719,0.397161,3.342234,0.092987
Passive DS-TWR,1785766236.105444,0.374512,3.433899,0.001435
Passive DS-TWR,1785766236.112458,0.425437,3.425571,0.051071
Passive DS-TWR,1785766236.165337,0.333254,3.309873,0.129487
Passive DS-TWR,1785766236.177633,0.413647,3.364775,0.078057
Passive DS-TWR,1785766236.267639,0.375264,3.414528,0.017979
Passive DS-TWR,1785766236.318052,0.365878,3.434100,0.009102
Passive DS-TWR,1785766236.367181,0.396678,3.385937,0.051432
Passive DS-TWR,1785766236.409305,0.396099,3.431882,0.021269
Passive DS-TWR,1785766236.409463,0.344796,3.315722,0.120582
Passive DS-TWR,1785766236.418136,0.285240,3.389768,0.099267
Passive DS-TWR,1785766236.439125,0.405330,3.321993,0.114638
Passive DS-TWR,1785766236.589398,0.344881,3.432059,0.029961
Passive DS-TWR,1785766236.610308,0.267303,3.327696,0.150160
Passive DS-TWR,1785766236.641722,0.419268,3.408904,0.050308
Passive DS-TWR,1785766236.700777,0.336355,3.415312,0.042148
Passive DS-TWR,1785766236.823284,0.393944,3.350599,0.084101
Passive DS-TWR,1785766236.843593,0.327932,3.439264,0.047391
Passive DS-TWR,1785766236.849995,0.316105,3.296251,0.148370
Passive DS-TWR,1785766236.936523,0.316104,3.310113,0.135753
Passive DS-TWR,1785766236.937640,0.295564,3.338091,0.123279
Passive DS-TWR,1785766236.941517,0.368753,3.322682,0.109988
Passive DS-TWR,1785766236.982133,0.306840,3.320215,0.131271
Passive DS-TWR,1785766237.029012,0.288884,3.388245,0.096679
Passive DS-TWR,1785766237.029189,0.378734,3.431802,0.003958
Passive DS-TWR,1785766237.042514,0.376201,3.301154,0.131354
Passive DS-TWR,1785766237.084553,0.296802,3.369852,0.100073
Passive DS-TWR,1785766237.131006,0.283446,3.349849,0.123224
Passive DS-TWR,1785766237.134406,0.384359,3.369189,0.064025
Passive DS-TWR,1785766237.180549,0.369960,3.309280,0.123318
Passive DS-TWR,1785766237.185982,0.283051,3.363738,0.114688
Passive DS-TWR,1785766237.197346,0.387712,3.328256,0.105037
Passive DS-TWR,1785766237.231810,0.387190,3.421040,0.016850
Passive DS-TWR,1785766237.283727,0.384534,3.407820,0.026517
Passive DS-TWR,1785766237.341019,0.385910,3.426979,0.012373
Passive DS-TWR,1785766237.378013,0.358411,3.295417,0.138065
Passive DS-TWR,1785766237.378707,0.285094,3.395586,0.097040
Passive DS-TWR,1785766237.409209,0.405662,3.323749,0.113037
Passive DS-TWR,1785766237.429302,0.358244,3.430315,0.016738
Passive DS-TWR,1785766237.566136,0.303238,3.311216,0.140843
Passive DS-TWR,1785766237.577410,0.299892,3.363741,0.101711
Passive DS-TWR,1785766237.647895,0.298653,3.422419,0.076850
Passive DS-TWR,1785766237.648930,0.327241,3.285139,0.154859
Passive DS-TWR,1785766237.649030,0.275134,3.330504,0.142634
Passive DS-TWR,1785766237.652239,0.399394,3.339958,0.095746
Passive DS-TWR,1785766237.745555,0.275234,3.408361,0.102488
Passive DS-TWR,1785766237.748491,0.319231,3.317629,0.127624
Passive DS-TWR,1785766237.793217,0.288041,3.393604,0.095114
Passive DS-TWR,1785766237.926196,0.320342,3.470752,0.066581
Passive DS-TWR,1785766237.957847,0.324148,3.348733,0.097912
Passive DS-TWR,1785766237.958358,0.304912,3.389475,0.082104
Passive DS-TWR,1785766237.970050,0.398714,3.394338,0.045017
Passive DS-TWR,1785766238.126891,0.280160,3.394267,0.102108
Passive DS-TWR,1785766238.127660,0.396110,3.328727,0.105932
Passive DS-TWR,1785766238.127733,0.315187,3.436365,0.059776
Passive DS-TWR,1785766238.127922,0.306863,3.457404,0.072393
Passive DS-TWR,1785766238.167869,0.275329,3.352626,0.127602
Passive DS-TWR,1785766238.178520,0.399327,3.360044,0.076484
Passive DS-TWR,1785766238.214970,0.315613,3.315453,0.131179
Passive DS-TWR,1785766238.216428,0.272300,3.382922,0.113896
Passive DS-TWR,1785766238.302728,0.361587,3.276975,0.156090
Passive DS-TWR,1785766238.304980,0.321622,3.425995,0.053612
Passive DS-TWR,1785766238.354224,0.254287,3.381400,0.130935
Passive DS-TWR,1785766238.403282,0.288348,3.327412,0.136104
Passive DS-TWR,1785766238.450601,0.363795,3.289178,0.143748
Passive DS-TWR,1785766238.483155,0.284513,3.353177,0.120212
Passive DS-TWR,1785766238.493785,0.359806,3.477709,0.047642
Passive DS-TWR,1785766238.527850,0.349540,3.306661,0.128359
Passive DS-TWR,1785766238.531367,0.304946,3.333887,0.120871
Passive DS-TWR,1785766238.541596,0.437096,3.370212,0.088068
Passive DS-TWR,1785766238.575602,0.353216,3.442773,0.023938
Passive DS-TWR,1785766238.581960,0.335145,3.303250,0.135209
Passive DS-TWR,1785766238.615905,0.306283,3.363286,0.097420
Passive DS-TWR,1785766238.621416,0.372148,3.418390,0.014365
Passive DS-TWR,1785766238.674134,0.276921,3.336804,0.136916
Passive DS-TWR,1785766238.743653,0.275350,3.363690,0.120967
Passive DS-TWR,1785766238.785314,0.369461,3.346745,0.085925
Passive DS-TWR,1785766238.786548,0.297328,3.365242,0.102624
Passive DS-TWR,1785766238.935241,0.289644,3.405641,0.089329
Passive DS-TWR,1785766238.936190,0.402489,3.330113,0.106056
Passive DS-TWR,1785766238.980323,0.315518,3.372089,0.084667
Passive DS-TWR,1785766238.989941,0.373439,3.360714,0.071801
Passive DS-TWR,1785766239.137211,0.425649,3.413035,0.054412
Passive DS-TWR,1785766239.164511,0.344810,3.302619,0.133308
Passive DS-TWR,1785766239.182265,0.267103,3.361426,0.129069
Passive DS-TWR,1785766239.233926,0.263304,3.369552,0.128073
Passive DS-TWR,1785766239.271616,0.420465,3.345894,0.097891
Passive DS-TWR,1785766239.436698,0.288159,3.360485,0.112693
Passive DS-TWR,1785766239.452183,0.440554,3.407511,0.070307
Passive DS-TWR,1785766239.492361,0.366447,3.294229,0.138527
Passive DS-TWR,1785766239.493157,0.284175,3.390018,0.100123
Passive DS-TWR,1785766239.522613,0.414631,3.446916,0.042323
Passive DS-TWR,1785766239.592504,0.360014,3.407180,0.029342
Passive DS-TWR,1785766239.630827,0.394415,3.311081,0.122988
Passive DS-TWR,1785766239.667516,0.390289,3.415204,0.023193
Passive DS-TWR,1785766239.668774,0.348099,3.323052,0.112668
Passive DS-TWR,1785766239.712985,0.411945,3.353800,0.087010
Passive DS-TWR,1785766239.713314,0.376889,3.466799,0.034359
Passive DS-TWR,1785766239.783349,0.358579,3.409473,0.028190
Passive DS-TWR,1785766239.885027,0.385505,3.290090,0.142811
Passive DS-TWR,1785766239.917209,0.372735,3.414699,0.017926
Passive DS-TWR,1785766239.946001,0.279914,3.457212,0.098088
Passive DS-TWR,1785766239.956300,0.386252,3.349827,0.083459
Passive DS-TWR,1785766239.995395,0.329594,3.353816,0.090766
Passive DS-TWR,1785766240.002816,0.269370,3.416659,0.106652
Passive DS-TWR,1785766240.029724,0.399319,3.322000,0.113181
Passive DS-TWR,1785766240.084816,0.330673,3.292186,0.147102
Passive DS-TWR,1785766240.085010,0.415224,3.322902,0.116804
Passive DS-TWR,1785766240.178907,0.361276,3.269269,0.163795
Passive DS-TWR,1785766240.212992,0.284108,3.404748,0.094881
Passive DS-TWR,1785766240.213123,0.397745,3.364000,0.072230
Passive DS-TWR,1785766240.213197,0.362738,3.421091,0.016631
Passive DS-TWR,1785766240.213293,0.328858,3.314502,0.126642
Passive DS-TWR,1785766240.213461,0.287001,3.371131,0.107153
Passive DS-TWR,1785766240.344484,0.344252,3.459012,0.040476
Passive DS-TWR,1785766240.389526,0.284522,3.322498,0.142330
Passive DS-TWR,1785766240.574480,0.337080,3.299536,0.138223
Passive DS-TWR,1785766240.578529,0.281189,3.375555,0.109604
Passive DS-TWR,1785766240.589397,0.395299,3.354157,0.080972
Passive DS-TWR,1785766240.632386,0.352932,3.302438,0.131895
Passive DS-TWR,1785766240.642665,0.288516,3.333833,0.131099
Passive DS-TWR,1785766240.732681,0.284958,3.299887,0.160204
Passive DS-TWR,1785766240.733522,0.425664,3.424717,0.051418
Passive DS-TWR,1785766240.868938,0.409012,3.417251,0.037422
Passive DS-TWR,1785766240.894050,0.394242,3.297561,0.136328
Passive DS-TWR,1785766240.898947,0.303548,3.437505,0.071466
Passive DS-TWR,1785766240.941709,0.351808,3.432059,0.023035
Passive DS-TWR,1785766240.947061,0.358522,3.272740,0.160592
Passive DS-TWR,1785766240.985436,0.288876,3.350346,0.118908
Passive DS-TWR,1785766240.993195,0.419018,3.353026,0.090930
Passive DS-TWR,1785766240.994366,0.394849,3.407780,0.031806
Passive DS-TWR,1785766241.038166,0.279733,3.322750,0.145225
Passive DS-TWR,1785766241.038402,0.386946,3.402162,0.032666
Passive DS-TWR,1785766241.092050,0.303720,3.429080,0.071201
Passive DS-TWR,1785766241.126493,0.399906,3.296794,0.138003
Passive DS-TWR,1785766241.138206,0.377406,3.274477,0.158045
Passive DS-TWR,1785766241.166805,0.282954,3.357418,0.118660
Passive DS-TWR,1785766241.213692,0.355668,3.426356,0.020131
Passive DS-TWR,1785766241.218138,0.314868,3.383810,0.077249
Passive DS-TWR,1785766241.302845,0.422111,3.327512,0.115141
Passive DS-TWR,1785766241.426648,0.294958,3.348276,0.116081
Passive DS-TWR,1785766241.480040,0.320625,3.306691,0.136994
Passive DS-TWR,1785766241.480189,0.272946,3.397680,0.107679
Passive DS-TWR,1785766241.487688,0.371423,3.342315,0.090251
Passive DS-TWR,1785766241.525319,0.339944,3.328045,0.110131
Passive DS-TWR,1785766241.555295,0.271908,3.357887,0.127130
Passive DS-TWR,1785766241.565283,0.332651,3.405570,0.050051
Passive DS-TWR,1785766241.613029,0.347476,3.328201,0.107830
Passive DS-TWR,1785766241.613208,0.275125,3.382540,0.111530
Passive DS-TWR,1785766241.616017,0.406882,3.336241,0.101454
Passive DS-TWR,1785766241.705501,0.394042,3.384638,0.051573
Passive DS-TWR,1785766241.729697,0.282011,3.295697,0.165325
Passive DS-TWR,1785766241.745192,0.413311,3.390469,0.056981
Passive DS-TWR,1785766241.780830,0.348870,3.302017,0.133043
Passive DS-TWR,1785766241.794227,0.255821,3.377521,0.131103
Passive DS-TWR,1785766241.826874,0.409186,3.327392,0.110579
Passive DS-TWR,1785766241.864836,0.312333,3.329117,0.120811
Passive DS-TWR,1785766241.927959,0.305652,3.398554,0.077066
Passive DS-TWR,1785766241.986666,0.266918,3.354984,0.132875
Passive DS-TWR,1785766242.019025,0.410551,3.386488,0.058246
Passive DS-TWR,1785766242.059808,0.276997,3.341854,0.133379
Passive DS-TWR,1785766242.104895,0.379230,3.292569,0.140001
Passive DS-TWR,1785766242.114218,0.286602,3.395923,0.095518
Passive DS-TWR,1785766242.148176,0.404363,3.326173,0.110352
Passive DS-TWR,1785766242.190106,0.294825,3.442803,0.080674
Passive DS-TWR,1785766242.190325,0.408238,3.405963,0.042659
Passive DS-TWR,1785766242.289352,0.401379,3.376767,0.061731
Passive DS-TWR,1785766242.334135,0.405335,3.375613,0.064547
Passive DS-TWR,1785766242.334257,0.366658,3.447444,0.017035
Passive DS-TWR,1785766242.375189,0.340322,3.304539,0.132536
Passive DS-TWR,1785766242.407989,0.404238,3.361353,0.076983
Passive DS-TWR,1785766242.676868,0.383193,3.401746,0.031870
Passive DS-TWR,1785766242.677860,0.350053,3.304223,0.130651
Passive DS-TWR,1785766242.691253,0.288332,3.434265,0.086525
Passive DS-TWR,1785766242.767423,0.414824,3.353855,0.088227
Passive DS-TWR,1785766242.824282,0.302620,3.381421,0.088457
Passive DS-TWR,1785766243.038063,0.348013,3.342099,0.094299
Passive DS-TWR,1785766243.051399,0.384567,3.425197,0.012165
Passive DS-TWR,1785766243.058527,0.288217,3.307629,0.151975
Passive DS-TWR,1785766243.082912,0.282378,3.348425,0.124972
Passive DS-TWR,1785766243.093556,0.409508,3.325309,0.112660
Passive DS-TWR,1785766243.151839,0.450307,3.396075,0.083799
Passive DS-TWR,1785766243.183603,0.419076,3.438232,0.044607
Passive DS-TWR,1785766243.186175,0.354399,3.291830,0.142149
Passive DS-TWR,1785766243.218849,0.276099,3.376809,0.113363
Passive DS-TWR,1785766243.249479,0.376714,3.388303,0.044238
Passive DS-TWR,1785766243.252901,0.352816,3.293689,0.140548
Passive DS-TWR,1785766243.294167,0.384105,3.425416,0.011665
Passive DS-TWR,1785766243.342409,0.393103,3.394833,0.041862
Passive DS-TWR,1785766243.423041,0.390383,3.327203,0.106439
Passive DS-TWR,1785766243.592883,0.279889,3.360022,0.119452
Passive DS-TWR,1785766243.597328,0.406296,3.389367,0.053386
Passive DS-TWR,1785766243.635365,0.355308,3.351854,0.082978
Passive DS-TWR,1785766243.674010,0.317081,3.379864,0.078145
Passive DS-TWR,1785766243.677708,0.347309,3.398124,0.044042
Passive DS-TWR,1785766243.730949,0.397109,3.340488,0.094671
Passive DS-TWR,1785766243.848427,0.276469,3.354459,0.125568
Passive DS-TWR,1785766243.892211,0.364851,3.285498,0.147342
Passive DS-TWR,1785766244.008395,0.346443,3.443547,0.030468
Passive DS-TWR,1785766244.018377,0.362649,3.276748,0.156230
Passive DS-TWR,1785766244.054248,0.285801,3.410472,0.091723
Passive DS-TWR,1785766244.054457,0.406357,3.367635,0.072118
Passive DS-TWR,1785766244.061218,0.382867,3.412613,0.021448
Passive DS-TWR,1785766244.107807,0.356258,3.314906,0.119054
Passive DS-TWR,1785766244.108055,0.281933,3.347189,0.126133
Passive DS-TWR,1785766244.177910,0.283798,3.381807,0.104204
Passive DS-TWR,1785766244.193236,0.387467,3.375656,0.058231
Passive DS-TWR,1785766244.193407,0.323227,3.415122,0.054459
Passive DS-TWR,1785766244.220748,0.338693,3.290278,0.146745
Passive DS-TWR,1785766244.236303,0.271715,3.412566,0.105033
Passive DS-TWR,1785766244.240471,0.430462,3.370567,0.083246
Passive DS-TWR,1785766244.323498,0.331261,3.432021,0.043580
Passive DS-TWR,1785766244.327824,0.375587,3.281505,0.150998
Passive DS-TWR,1785766244.327989,0.282537,3.396253,0.099164
Passive DS-TWR,1785766244.328094,0.408834,3.335753,0.102548
Passive DS-TWR,1785766244.368319,0.411095,3.395506,0.051800
Passive DS-TWR,1785766244.456769,0.373631,3.421197,0.011369
Passive DS-TWR,1785766244.467695,0.350074,3.363553,0.073261
Passive DS-TWR,1785766244.502923,0.285809,3.418394,0.090140
Passive DS-TWR,1785766244.625908,0.292970,3.431983,0.081870
Passive DS-TWR,1785766244.636925,0.438870,3.366802,0.091741
Passive DS-TWR,1785766244.639878,0.342682,3.453542,0.038429
Passive DS-TWR,1785766244.724376,0.391905,3.411572,0.027006
Passive DS-TWR,1785766244.791601,0.318752,3.313265,0.131769
Passive DS-TWR,1785766244.812696,0.292305,3.337854,0.125578
Passive DS-TWR,1785766244.815027,0.401646,3.385279,0.054301
Passive DS-TWR,1785766244.920140,0.355556,3.288779,0.145010
Passive DS-TWR,1785766244.947045,0.290219,3.412170,0.087028
Passive DS-TWR,1785766244.963151,0.418741,3.393687,0.058600
Passive DS-TWR,1785766244.978398,0.329866,3.329309,0.112567
Passive DS-TWR,1785766245.009724,0.291107,3.347043,0.119642
Passive DS-TWR,1785766245.074148,0.359987,3.358874,0.075111
Passive DS-TWR,1785766245.075100,0.330953,3.293466,0.145797
Passive DS-TWR,1785766245.078967,0.282033,3.345934,0.126913
Passive DS-TWR,1785766245.111957,0.359178,3.403324,0.033115
Passive DS-TWR,1785766245.262748,0.278555,3.410237,0.098824
Passive DS-TWR,1785766245.325776,0.367868,3.324124,0.108602
Passive DS-TWR,1785766245.340405,0.288619,3.389509,0.096344
Passive DS-TWR,1785766245.340886,0.428168,3.338851,0.107770
Passive DS-TWR,1785766245.347368,0.334632,3.451748,0.044576
Passive DS-TWR,1785766245.430291,0.397990,3.380438,0.056979
Passive DS-TWR,1785766245.487273,0.395494,3.322580,0.111845
Passive DS-TWR,1785766245.517662,0.272658,3.418991,0.103070
Passive DS-TWR,1785766245.545447,0.353270,3.427522,0.022136
Passive DS-TWR,1785766245.556596,0.374540,3.279782,0.152720
Passive DS-TWR,1785766245.598609,0.291698,3.370346,0.103806
Passive DS-TWR,1785766245.608901,0.417435,3.305938,0.133539
Passive DS-TWR,1785766245.645358,0.411752,3.318700,0.119639
Passive DS-TWR,1785766245.684089,0.329551,3.427494,0.045563
Passive DS-TWR,1785766245.686518,0.341280,3.326557,0.111132
Passive DS-TWR,1785766245.698711,0.268440,3.429300,0.106447
Passive DS-TWR,1785766245.729371,0.404867,3.322624,0.113907
Passive DS-TWR,1785766245.729545,0.333511,3.425618,0.041897
Passive DS-TWR,1785766245.756724,0.346189,3.278758,0.156390
Passive DS-TWR,1785766245.769683,0.286601,3.367806,0.109414
Passive DS-TWR,1785766245.812551,0.407486,3.364030,0.075857
Passive DS-TWR,1785766245.812704,0.369170,3.294512,0.138106
Passive DS-TWR,1785766245.880806,0.295268,3.388482,0.090935
Passive DS-TWR,1785766246.050151,0.399936,3.348488,0.087682
Passive DS-TWR,1785766246.050407,0.375967,3.442361,0.009923
Passive DS-TWR,1785766246.082527,0.349746,3.334692,0.100977
Passive DS-TWR,1785766246.092177,0.287109,3.351872,0.119153
Passive DS-TWR,1785766246.180720,0.380892,3.304945,0.127700
Passive DS-TWR,1785766246.226660,0.286006,3.359125,0.115219
Passive DS-TWR,1785766246.248052,0.361360,3.437796,0.014481
Passive DS-TWR,1785766246.264068,0.359057,3.307435,0.126058
Passive DS-TWR,1785766246.274864,0.304511,3.376960,0.089615
Passive DS-TWR,1785766246.322930,0.370447,3.285105,0.147462
Passive DS-TWR,1785766246.357447,0.268877,3.437036,0.106059
Passive DS-TWR,1785766246.404469,0.427267,3.439553,0.052901
Passive DS-TWR,1785766246.406164,0.270521,3.378909,0.117279
Passive DS-TWR,1785766246.452602,0.326881,3.337396,0.106513
Passive DS-TWR,1785766246.598056,0.287708,3.410693,0.089818
Passive DS-TWR,1785766246.608217,0.408064,3.367827,0.072710
Passive DS-TWR,1785766246.640951,0.357162,3.434333,0.017771
Passive DS-TWR,1785766246.680753,0.303257,3.409194,0.075281
Passive DS-TWR,1785766246.681544,0.404491,3.314699,0.121477
Passive DS-TWR,1785766246.770298,0.411589,3.360249,0.081062
Passive DS-TWR,1785766246.770593,0.361521,3.320690,0.112602
Passive DS-TWR,1785766246.862582,0.388726,3.357979,0.075805
Passive DS-TWR,1785766246.916445,0.338575,3.308934,0.128779
Passive DS-TWR,1785766246.916628,0.295783,3.340522,0.121285
Passive DS-TWR,1785766246.958323,0.390809,3.385029,0.050087
Passive DS-TWR,1785766246.963567,0.332168,3.311864,0.127962
Passive DS-TWR,1785766247.044551,0.301021,3.374507,0.093875
Passive DS-TWR,1785766247.090546,0.341923,3.310819,0.126056
Passive DS-TWR,1785766247.168036,0.299041,3.425659,0.076106
Passive DS-TWR,1785766247.181505,0.391727,3.305932,0.127691
Passive DS-TWR,1785766247.256191,0.302211,3.406947,0.076992
Passive DS-TWR,1785766247.256938,0.379450,3.294514,0.138065
Passive DS-TWR,1785766247.340303,0.390551,3.381392,0.053470
Passive DS-TWR,1785766247.403015,0.414847,3.347654,0.093807
Passive DS-TWR,1785766247.403139,0.378153,3.403202,0.029486
Passive DS-TWR,1785766247.445132,0.344141,3.335314,0.101920
Passive DS-TWR,1785766247.485982,0.351095,3.282604,0.151766
Passive DS-TWR,1785766247.538586,0.293634,3.320341,0.138471
Passive DS-TWR,1785766247.611462,0.350115,3.309860,0.125109
Passive DS-TWR,1785766247.619012,0.265133,3.358083,0.132564
Passive DS-TWR,1785766247.651766,0.407720,3.400063,0.046189
Passive DS-TWR,1785766247.651904,0.353056,3.420221,0.025006
Passive DS-TWR,1785766247.693497,0.284182,3.379058,0.105237
Passive DS-TWR,1785766247.696089,0.385863,3.317765,0.115265
Passive DS-TWR,1785766247.736406,0.350390,3.440003,0.025574
Passive DS-TWR,1785766247.779782,0.266049,3.363533,0.128809
Passive DS-TWR,1785766247.779933,0.377613,3.415241,0.017482
Passive DS-TWR,1785766247.833431,0.302720,3.374402,0.092611
Passive DS-TWR,1785766247.914085,0.381726,3.405038,0.028314
Passive DS-TWR,1785766247.950958,0.292232,3.441572,0.083103
Passive DS-TWR,1785766247.951268,0.396321,3.335590,0.099264
Passive DS-TWR,1785766248.008806,0.282996,3.433810,0.091851
Passive DS-TWR,1785766248.066529,0.284159,3.362966,0.114271
Passive DS-TWR,1785766248.093284,0.407989,3.386857,0.056413
Passive DS-TWR,1785766248.109203,0.345931,3.385277,0.055370
Passive DS-TWR,1785766248.115956,0.302974,3.341435,0.116007
Passive DS-TWR,1785766248.135880,0.276585,3.416950,0.099477
Passive DS-TWR,1785766248.198801,0.331035,3.322066,0.118806
Passive DS-TWR,1785766248.198926,0.290460,3.406920,0.088171
Passive DS-TWR,1785766248.206926,0.406762,3.337019,0.100678
Passive DS-TWR,1785766248.248689,0.351075,3.296676,0.137889
Passive DS-TWR,1785766248.292463,0.268197,3.388327,0.115429
Passive DS-TWR,1785766248.293277,0.347437,3.443661,0.029587
Passive DS-TWR,1785766248.307401,0.334854,3.280957,0.156731
Passive DS-TWR,1785766248.340080,0.284283,3.403172,0.095187
Passive DS-TWR,1785766248.382349,0.372328,3.426116,0.006862
Passive DS-TWR,1785766248.435816,0.325355,3.295559,0.145609
Passive DS-TWR,1785766248.521618,0.331211,3.291536,0.147562
Passive DS-TWR,1785766248.560999,0.401861,3.298728,0.136476
Passive DS-TWR,1785766248.754909,0.342730,3.296310,0.139926
Passive DS-TWR,1785766248.792657,0.418459,3.356484,0.087643
Passive DS-TWR,1785766248.991459,0.279232,3.326330,0.142874
Passive DS-TWR,1785766248.991829,0.366791,3.428861,0.008832
Passive DS-TWR,1785766249.034357,0.366686,3.298626,0.134124
Passive DS-TWR,1785766249.034513,0.270558,3.316272,0.156153
Passive DS-TWR,1785766249.038431,0.367096,3.348105,0.084750
Passive DS-TWR,1785766249.110646,0.369469,3.404935,0.028085
Passive DS-TWR,1785766249.131129,0.315675,3.421743,0.060134
Passive DS-TWR,1785766249.138745,0.311358,3.305474,0.142006
Passive DS-TWR,1785766249.169694,0.290223,3.388881,0.095198
Passive DS-TWR,1785766249.181664,0.374929,3.436225,0.003724
Passive DS-TWR,1785766249.212612,0.378729,3.327760,0.104814
Passive DS-TWR,1785766249.218381,0.287476,3.369405,0.107766
Passive DS-TWR,1785766249.424016,0.393847,3.396906,0.040353
Passive DS-TWR,1785766249.484568,0.319625,3.335563,0.111560
Passive DS-TWR,1785766249.484705,0.302405,3.370223,0.095526
Passive DS-TWR,1785766249.486040,0.435625,3.334940,0.114949
Passive DS-TWR,1785766249.531180,0.384371,3.419155,0.016401
Passive DS-TWR,1785766249.531457,0.364102,3.288988,0.143915
Passive DS-TWR,1785766249.623123,0.255612,3.334435,0.154376
Passive DS-TWR,1785766249.674117,0.277170,3.332557,0.139743
Passive DS-TWR,1785766249.677981,0.415168,3.351658,0.090344
Passive DS-TWR,1785766249.694066,0.342260,3.428001,0.032888
Passive DS-TWR,1785766249.743964,0.301620,3.396813,0.081453
Passive DS-TWR,1785766249.790845,0.322961,3.293646,0.148230
Passive DS-TWR,1785766249.795009,0.307219,3.401267,0.074485
Passive DS-TWR,1785766249.827699,0.373676,3.345461,0.087048
Passive DS-TWR,1785766249.865302,0.371384,3.291382,0.141162
Passive DS-TWR,1785766249.871330,0.413567,3.364120,0.078587
Passive DS-TWR,1785766249.895269,0.370035,3.418208,0.015079
Passive DS-TWR,1785766249.929124,0.349980,3.283500,0.151061
Passive DS-TWR,1785766249.931110,0.286307,3.321473,0.142004
Passive DS-TWR,1785766249.972808,0.402949,3.316843,0.119025
Passive DS-TWR,1785766249.973680,0.321955,3.301385,0.141380
Passive DS-TWR,1785766250.015549,0.395001,3.401131,0.037291
Passive DS-TWR,1785766250.055807,0.327561,3.353773,0.091834
Passive DS-TWR,1785766250.055981,0.273149,3.340299,0.137266
Passive DS-TWR,1785766250.062347,0.440723,3.412609,0.068822
Passive DS-TWR,1785766250.115669,0.302953,3.351059,0.108630
Passive DS-TWR,1785766250.144350,0.405184,3.374596,0.065375
Passive DS-TWR,1785766250.229557,0.347481,3.448049,0.031466
Passive DS-TWR,1785766250.269745,0.273865,3.403741,0.104990
Passive DS-TWR,1785766250.315142,0.374650,3.296391,0.136110
Passive DS-TWR,1785766250.370527,0.274880,3.361354,0.122694
Passive DS-TWR,1785766250.442963,0.357347,3.326309,0.107624
Passive DS-TWR,1785766250.482465,0.385356,3.396694,0.037320
Passive DS-TWR,1785766250.676994,0.396939,3.294503,0.139757
Passive DS-TWR,1785766250.690710,0.236293,3.355154,0.158674
Passive DS-TWR,1785766250.719664,0.407552,3.388132,0.055126
Passive DS-TWR,1785766250.720595,0.400169,3.423217,0.026978
Passive DS-TWR,1785766250.765203,0.275067,3.353181,0.127460
Passive DS-TWR,1785766250.920707,0.305348,3.443402,0.070340
Passive DS-TWR,1785766250.965333,0.353496,3.316197,0.118246
Passive DS-TWR,1785766250.978505,0.397767,3.334300,0.100842
Passive DS-TWR,1785766251.012109,0.282668,3.360005,0.117266
Passive DS-TWR,1785766251.055249,0.398898,3.326992,0.108217
Passive DS-TWR,1785766251.059847,0.312333,3.290812,0.154864
Passive DS-TWR,1785766251.084826,0.281371,3.398696,0.099393
Passive DS-TWR,1785766251.234469,0.397237,3.351331,0.084205
Passive DS-TWR,1785766251.306026,0.356732,3.424152,0.019939
Passive DS-TWR,1785766251.316177,0.330160,3.297352,0.142343
Passive DS-TWR,1785766251.336034,0.276751,3.362409,0.120557
Passive DS-TWR,1785766251.349113,0.400318,3.357789,0.078937
Passive DS-TWR,1785766251.485819,0.287440,3.336370,0.129922
Passive DS-TWR,1785766251.486774,0.405373,3.368297,0.071095
Passive DS-TWR,1785766251.533350,0.279205,3.442696,0.096175
Passive DS-TWR,1785766251.553555,0.400377,3.329540,0.106081
Passive DS-TWR,1785766251.596669,0.317107,3.311555,0.134019
Passive DS-TWR,1785766251.628920,0.373318,3.423375,0.009253
Passive DS-TWR,1785766251.641492,0.331213,3.302785,0.136856
Passive DS-TWR,1785766251.650753,0.280209,3.438669,0.094830
Passive DS-TWR,1785766251.727354,0.410951,3.320313,0.117858
Passive DS-TWR,1785766251.778742,0.311347,3.338020,0.113833
Passive DS-TWR,1785766251.851319,0.376354,3.301070,0.131440
Passive DS-TWR,1785766251.854914,0.269427,3.391127,0.113241
Passive DS-TWR,1785766251.855266,0.389707,3.343813,0.089927
Passive DS-TWR,1785766251.893478,0.317360,3.316959,0.129050
Passive DS-TWR,1785766251.954684,0.407368,3.417037,0.036018
Passive DS-TWR,1785766251.955283,0.363173,3.329434,0.103726
Passive DS-TWR,1785766251.999161,0.283599,3.389986,0.100659
Passive DS-TWR,1785766251.999283,0.414941,3.428651,0.040287
Passive DS-TWR,1785766252.041716,0.349620,3.323117,0.112254
Passive DS-TWR,1785766252.045853,0.394216,3.354814,0.080068
Passive DS-TWR,1785766252.081949,0.392205,3.396346,0.040110
Passive DS-TWR,1785766252.342039,0.371803,3.337425,0.095125
Passive DS-TWR,1785766252.354714,0.267290,3.378359,0.120408
Passive DS-TWR,1785766252.405098,0.328832,3.356948,0.088459
Passive DS-TWR,1785766252.438850,0.269301,3.376288,0.119575
Passive DS-TWR,1785766252.483450,0.266921,3.388409,0.116578
Passive DS-TWR,1785766252.494107,0.405855,3.346761,0.091178
Passive DS-TWR,1785766252.525743,0.398558,3.444999,0.026811
Passive DS-TWR,1785766252.530643,0.325953,3.365939,0.082585
Passive DS-TWR,1785766252.573403,0.337904,3.414027,0.041297
Passive DS-TWR,1785766252.671427,0.228720,3.334065,0.176183
Passive DS-TWR,1785766252.723280,0.332832,3.309417,0.130055
Passive DS-TWR,1785766252.749149,0.280322,3.351855,0.124247
Passive DS-TWR,1785766252.767550,0.392977,3.358272,0.076414
Passive DS-TWR,1785766252.979447,0.290662,3.329918,0.132699
Passive DS-TWR,1785766253.000339,0.274783,3.305940,0.161335
Passive DS-TWR,1785766253.026973,0.340940,3.425400,0.034634
Passive DS-TWR,1785766253.072349,0.432643,3.425177,0.058266
Passive DS-TWR,1785766253.152872,0.387526,3.333183,0.100125
Passive DS-TWR,1785766253.156778,0.308038,3.452216,0.069649
Passive DS-TWR,1785766253.181169,0.312887,3.301289,0.145103
Passive DS-TWR,1785766253.210057,0.283070,3.343744,0.127669
Passive DS-TWR,1785766253.252564,0.287820,3.367815,0.108428
Passive DS-TWR,1785766253.299020,0.346370,3.333862,0.102666
Passive DS-TWR,1785766253.322638,0.289707,3.372631,0.104076
Passive DS-TWR,1785766253.340936,0.392134,3.338150,0.095924
Passive DS-TWR,1785766253.343519,0.376898,3.419184,0.013476
Passive DS-TWR,1785766253.385203,0.347336,3.338878,0.097579
Passive DS-TWR,1785766253.385346,0.291060,3.380626,0.098538
Passive DS-TWR,1785766253.522256,0.320052,3.289817,0.152841
Passive DS-TWR,1785766253.707649,0.298039,3.378586,0.093835
Passive DS-TWR,1785766253.748118,0.369676,3.423334,0.010521
Passive DS-TWR,1785766253.748293,0.325116,3.318617,0.124266
Passive DS-TWR,1785766253.791173,0.271235,3.429925,0.103635
Passive DS-TWR,1785766253.794043,0.335377,3.452963,0.044451
Passive DS-TWR,1785766253.864252,0.278760,3.314510,0.152161
Passive DS-TWR,1785766253.883642,0.343501,3.304050,0.132219
Passive DS-TWR,1785766253.907350,0.290654,3.335877,0.128153
Passive DS-TWR,1785766253.917787,0.375513,3.422992,0.009533
Passive DS-TWR,1785766253.955117,0.280449,3.415002,0.095998
Passive DS-TWR,1785766253.998309,0.404371,3.352052,0.085699
Passive DS-TWR,1785766254.006001,0.363179,3.309907,0.123147
Passive DS-TWR,1785766254.029264,0.282242,3.353073,0.121995
Passive DS-TWR,1785766254.047413,0.435262,3.393852,0.071728
Passive DS-TWR,1785766254.047585,0.297547,3.446574,0.078563
Passive DS-TWR,1785766254.073492,0.362240,3.307917,0.125220
Passive DS-TWR,1785766254.139075,0.323946,3.288891,0.152362
Passive DS-TWR,1785766254.147502,0.290337,3.388389,0.095323
Passive DS-TWR,1785766254.225526,0.279529,3.432578,0.095310
Passive DS-TWR,1785766254.225715,0.395089,3.357065,0.078107
Passive DS-TWR,1785766254.238254,0.301355,3.427652,0.073644
Passive DS-TWR,1785766254.269506,0.360986,3.298681,0.134536
Passive DS-TWR,1785766254.301407,0.282623,3.414620,0.093933
Passive DS-TWR,1785766254.347243,0.281320,3.367019,0.114165
Passive DS-TWR,1785766254.402965,0.349332,3.295097,0.139752
Passive DS-TWR,1785766254.409104,0.290653,3.354801,0.114562
Passive DS-TWR,1785766254.444583,0.394728,3.434919,0.020036
Passive DS-TWR,1785766254.453568,0.321757,3.291456,0.150703
Passive DS-TWR,1785766254.533760,0.284481,3.454007,0.092881
Passive DS-TWR,1785766254.542707,0.399677,3.342148,0.093705
Passive DS-TWR,1785766254.576600,0.370408,3.456939,0.024836
Passive DS-TWR,1785766254.579479,0.299514,3.290643,0.160616
Passive DS-TWR,1785766254.604967,0.267198,3.373188,0.122901
Passive DS-TWR,1785766254.620462,0.425285,3.379326,0.073297
Passive DS-TWR,1785766254.621801,0.360390,3.424694,0.016423
Passive DS-TWR,1785766254.735666,0.295473,3.344835,0.118255
Passive DS-TWR,1785766254.766448,0.350001,3.413094,0.031521
Passive DS-TWR,1785766254.850878,0.282991,3.360889,0.116466
Passive DS-TWR,1785766254.981420,0.386765,3.324159,0.108997
Passive DS-TWR,1785766254.981841,0.384971,3.408362,0.026180
Passive DS-TWR,1785766254.982192,0.291273,3.281666,0.172437
Passive DS-TWR,1785766254.982275,0.277020,3.367961,0.117192
Passive DS-TWR,1785766254.982391,0.381509,3.380779,0.052151
Passive DS-TWR,1785766254.982485,0.434859,3.394025,0.071294
Passive DS-TWR,1785766254.990320,0.400863,3.352420,0.084204
Passive DS-TWR,1785766255.034869,0.282882,3.421510,0.092611
Passive DS-TWR,1785766255.044485,0.337837,3.303387,0.134312
Passive DS-TWR,1785766255.107361,0.296147,3.330287,0.128996
Passive DS-TWR,1785766255.118489,0.383676,3.354916,0.078087
Passive DS-TWR,1785766255.163297,0.384951,3.396480,0.037414
Passive DS-TWR,1785766255.164209,0.362099,3.292520,0.140560
Passive DS-TWR,1785766255.170592,0.283422,3.353447,0.120858
Passive DS-TWR,1785766255.214369,0.264236,3.466799,0.115799
Passive DS-TWR,1785766255.219225,0.345910,3.291903,0.143543
Passive DS-TWR,1785766255.234454,0.298203,3.383076,0.091192
Passive DS-TWR,1785766255.410286,0.285276,3.347989,0.123141
Passive DS-TWR,1785766255.419465,0.301187,3.302753,0.149196
Passive DS-TWR,1785766255.432715,0.283397,3.370665,0.110387
Passive DS-TWR,1785766255.501414,0.296122,3.392984,0.088080
Passive DS-TWR,1785766255.522057,0.407333,3.331323,0.106268
Passive DS-TWR,1785766255.566383,0.392011,3.343069,0.091066
Passive DS-TWR,1785766255.582134,0.379918,3.416073,0.017196
Passive DS-TWR,1785766255.793334,0.408312,3.382184,0.060435
Passive DS-TWR,1785766255.811375,0.288602,3.339621,0.126742
Passive DS-TWR,1785766255.858830,0.297859,3.313327,0.141874
Passive DS-TWR,1785766255.893233,0.289282,3.335368,0.129441
Passive DS-TWR,1785766255.893453,0.430280,3.347465,0.101513
Passive DS-TWR,1785766256.025494,0.273724,3.376963,0.115363
Passive DS-TWR,1785766256.027541,0.407072,3.343125,0.095011
Passive DS-TWR,1785766256.062515,0.334901,3.300289,0.138112
Passive DS-TWR,1785766256.067034,0.270431,3.390464,0.112553
Passive DS-TWR,1785766256.079622,0.396396,3.369960,0.066153
Passive DS-TWR,1785766256.114751,0.317794,3.313550,0.131922
Passive DS-TWR,1785766256.141214,0.281735,3.343049,0.129112
Passive DS-TWR,1785766256.162213,0.381673,3.316449,0.116253
Passive DS-TWR,1785766256.189847,0.344524,3.295079,0.140726
Passive DS-TWR,1785766256.203592,0.285384,3.406244,0.093228
Passive DS-TWR,1785766256.208132,0.384154,3.348989,0.084030
Passive DS-TWR,1785766256.257478,0.399812,3.402561,0.038988
Passive DS-TWR,1785766256.271472,0.411432,3.339341,0.100090
Passive DS-TWR,1785766256.301421,0.374082,3.428038,0.004527
Passive DS-TWR,1785766256.352189,0.351936,3.317044,0.117707
Passive DS-TWR,1785766256.354731,0.426487,3.373745,0.078230
Passive DS-TWR,1785766256.355072,0.390602,3.451721,0.024857
Passive DS-TWR,1785766256.393978,0.379028,3.329362,0.103225
Passive DS-TWR,1785766256.394974,0.232338,3.403005,0.145521
Passive DS-TWR,1785766256.398684,0.381691,3.429356,0.007540
Passive DS-TWR,1785766256.429406,0.368361,3.451469,0.020043
Passive DS-TWR,1785766256.450950,0.298447,3.408070,0.080203
Passive DS-TWR,1785766256.499751,0.345164,3.310912,0.125158
Passive DS-TWR,1785766256.534538,0.281282,3.413647,0.095437
Passive DS-TWR,1785766256.534785,0.445875,3.420066,0.072117
Passive DS-TWR,1785766256.591017,0.407010,3.323334,0.113809
Passive DS-TWR,1785766256.631809,0.382146,3.431912,0.007331
Passive DS-TWR,1785766256.632649,0.313734,3.302286,0.143839
Passive DS-TWR,1785766256.697660,0.292382,3.384587,0.095367
Passive DS-TWR,1785766256.760401,0.416123,3.339320,0.101917
Passive DS-TWR,1785766256.760835,0.346231,3.344226,0.092796
Passive DS-TWR,1785766256.761027,0.338961,3.431532,0.035891
Passive DS-TWR,1785766256.792989,0.298983,3.349375,0.112534
Passive DS-TWR,1785766256.851866,0.423338,3.374181,0.075852
Passive DS-TWR,1785766256.886227,0.330441,3.442850,0.045587
Passive DS-TWR,1785766256.887703,0.342094,3.329776,0.107818
Passive DS-TWR,1785766257.053660,0.287696,3.377862,0.102856
Passive DS-TWR,1785766257.091524,0.301414,3.408898,0.077125
Passive DS-TWR,1785766257.139466,0.342342,3.298646,0.137744
Passive DS-TWR,1785766257.178203,0.282151,3.425540,0.092949
Passive DS-TWR,1785766257.188286,0.374275,3.388321,0.044184
Passive DS-TWR,1785766257.228148,0.361369,3.297814,0.135360
Passive DS-TWR,1785766257.228356,0.285215,3.364246,0.112655
Passive DS-TWR,1785766257.230841,0.403498,3.361294,0.076759
Passive DS-TWR,1785766257.267614,0.379260,3.405059,0.027796
Passive DS-TWR,1785766257.267806,0.361695,3.300098,0.133055
Passive DS-TWR,1785766257.283599,0.283344,3.410649,0.094068
Passive DS-TWR,1785766257.311192,0.422386,3.355656,0.090366
Passive DS-TWR,1785766257.311368,0.330127,3.423576,0.045593
Passive DS-TWR,1785766257.351195,0.348305,3.307573,0.127715
Passive DS-TWR,1785766257.363523,0.280586,3.363218,0.116978
Passive DS-TWR,1785766257.392693,0.347282,3.421764,0.029574
Passive DS-TWR,1785766257.395351,0.275188,3.378975,0.113116
Passive DS-TWR,1785766257.419950,0.281319,3.395089,0.100725
Passive DS-TWR,1785766257.437523,0.395528,3.344769,0.090139
Passive DS-TWR,1785766257.477306,0.339207,3.387849,0.057126
Passive DS-TWR,1785766257.614472,0.296330,3.435826,0.078579
Passive DS-TWR,1785766257.640616,0.399018,3.342161,0.093521
Passive DS-TWR,1785766257.710384,0.381910,3.429941,0.007521
Passive DS-TWR,1785766257.716835,0.393304,3.323796,0.110263
Passive DS-TWR,1785766257.759614,0.367031,3.452100,0.021097
Passive DS-TWR,1785766257.888241,0.378808,3.367323,0.065300
Passive DS-TWR,1785766257.891773,0.394349,3.441605,0.021529
Passive DS-TWR,1785766257.916814,0.310030,3.332533,0.119138
Passive DS-TWR,1785766258.080169,0.283524,3.382396,0.104159
Passive DS-TWR,1785766258.097417,0.382441,3.414498,0.019542
Passive DS-TWR,1785766258.182626,0.283172,3.326455,0.140174
Passive DS-TWR,1785766258.194977,0.271423,3.359602,0.126528
Passive DS-TWR,1785766258.225410,0.318284,3.406177,0.062381
Passive DS-TWR,1785766258.228938,0.327959,3.312017,0.129283
Passive DS-TWR,1785766258.269127,0.271585,3.427536,0.103372
Passive DS-TWR,1785766258.269258,0.387114,3.377832,0.056031
Passive DS-TWR,1785766258.272515,0.365026,3.390931,0.042713
Passive DS-TWR,1785766258.296362,0.341223,3.298474,0.138179
Passive DS-TWR,1785766258.354944,0.366071,3.440202,0.011669
Passive DS-TWR,1785766258.400892,0.291853,3.349309,0.117506
Passive DS-TWR,1785766258.429346,0.348237,3.285821,0.149073
Passive DS-TWR,1785766258.449268,0.275165,3.426825,0.099835
Passive DS-TWR,1785766258.449432,0.392707,3.336341,0.097806
Passive DS-TWR,1785766258.618201,0.334243,3.429798,0.040686
Passive DS-TWR,1785766258.714043,0.429558,3.354055,0.095646
Passive DS-TWR,1785766258.714867,0.384327,3.444221,0.015078
Passive DS-TWR,1785766258.715015,0.329018,3.278630,0.160549
Passive DS-TWR,1785766258.715109,0.283011,3.342067,0.128883
Passive DS-TWR,1785766258.803858,0.338042,3.319117,0.119206
Passive DS-TWR,1785766258.842949,0.287163,3.344247,0.124402
Passive DS-TWR,1785766258.847278,0.325588,3.418030,0.051332
Passive DS-TWR,1785766258.885016,0.382161,3.318925,0.113812
Passive DS-TWR,1785766258.885154,0.266562,3.371354,0.124350
Passive DS-TWR,1785766258.911471,0.390334,3.375283,0.059280
Passive DS-TWR,1785766258.912373,0.399640,3.441836,0.026500
Passive DS-TWR,1785766258.996769,0.354135,3.293030,0.141000
Passive DS-TWR,1785766259.108492,0.384901,3.346400,0.086687
Passive DS-TWR,1785766259.171290,0.387649,3.365637,0.068081
Passive DS-TWR,1785766259.171722,0.294794,3.413843,0.082190
Passive DS-TWR,1785766259.187067,0.309985,3.310735,0.137961
Passive DS-TWR,1785766259.219247,0.293812,3.371894,0.101186
Passive DS-TWR,1785766259.219574,0.417981,3.322974,0.117718
Passive DS-TWR,1785766259.260625,0.340096,3.292716,0.144038
Passive DS-TWR,1785766259.267333,0.298419,3.413917,0.078647
Passive DS-TWR,1785766259.288486,0.394867,3.372199,0.063542
Passive DS-TWR,1785766259.310176,0.399210,3.393227,0.046221
Passive DS-TWR,1785766259.410884,0.293189,3.370302,0.102642
Passive DS-TWR,1785766259.411451,0.397905,3.421965,0.025359
Passive DS-TWR,1785766259.423666,0.371989,3.404633,0.028014
Passive DS-TWR,1785766259.457278,0.332445,3.311334,0.128370
Passive DS-TWR,1785766259.459791,0.314778,3.397323,0.069604
Passive DS-TWR,1785766259.470793,0.408744,3.358438,0.081456
Passive DS-TWR,1785766259.579892,0.343419,3.443245,0.033206
Passive DS-TWR,1785766259.586973,0.271020,3.398731,0.109173
Passive DS-TWR,1785766259.664192,0.342304,3.314120,0.122771
Passive DS-TWR,1785766259.664326,0.404210,3.347476,0.089955
Passive DS-TWR,1785766259.678690,0.389622,3.420417,0.019094
Passive DS-TWR,1785766259.761183,0.277255,3.397403,0.103704
Passive DS-TWR,1785766259.763384,0.332673,3.330382,0.110482
Passive DS-TWR,1785766259.801989,0.377885,3.404784,0.027884
Passive DS-TWR,1785766259.806356,0.357713,3.418686,0.022003
Passive DS-TWR,1785766259.916710,0.293837,3.336314,0.125751
Passive DS-TWR,1785766260.072455,0.377311,3.438261,0.006268
Passive DS-TWR,1785766260.099574,0.288757,3.366049,0.108747
Passive DS-TWR,1785766260.134580,0.400064,3.321520,0.113812
Passive DS-TWR,1785766260.134779,0.342021,3.453839,0.039144
Passive DS-TWR,1785766260.168523,0.334660,3.293694,0.144506
Passive DS-TWR,1785766260.213409,0.346207,3.418732,0.031771
Passive DS-TWR,1785766260.213726,0.354275,3.288731,0.145233
Passive DS-TWR,1785766260.291398,0.352712,3.305685,0.128733
Passive DS-TWR,1785766260.307380,0.287107,3.341095,0.126697
Passive DS-TWR,1785766260.353575,0.319588,3.314426,0.130362
Passive DS-TWR,1785766260.355501,0.269451,3.444105,0.106025
Passive DS-TWR,1785766260.405117,0.368635,3.447061,0.015826
Passive DS-TWR,1785766260.457707,0.346266,3.451569,0.034350
Passive DS-TWR,1785766260.510801,0.353884,3.460022,0.034590
Passive DS-TWR,1785766260.595972,0.334539,3.308796,0.130104
Passive DS-TWR,1785766260.621251,0.269406,3.345833,0.136482
Passive DS-TWR,1785766260.634904,0.400850,3.338670,0.097370
Passive DS-TWR,1785766260.676985,0.344038,3.294253,0.141638
Passive DS-TWR,1785766260.679838,0.292697,3.367609,0.104682
Passive DS-TWR,1785766260.808627,0.352549,3.291032,0.143215
Passive DS-TWR,1785766260.810222,0.312571,3.383912,0.078982
Passive DS-TWR,1785766260.960337,0.304758,3.356324,0.103510
Passive DS-TWR,1785766260.960539,0.420274,3.402546,0.054421
Passive DS-TWR,1785766260.961041,0.327167,3.418161,0.049782
Passive DS-TWR,1785766261.009457,0.413666,3.341137,0.099272
Passive DS-TWR,1785766261.038509,0.361897,3.413497,0.022992
Passive DS-TWR,1785766261.054388,0.332243,3.349833,0.092998
Passive DS-TWR,1785766261.064692,0.282903,3.364112,0.114583
Passive DS-TWR,1785766261.139288,0.285531,3.440301,0.089648
Passive DS-TWR,1785766261.154936,0.363809,3.392452,0.041541
Passive DS-TWR,1785766261.155279,0.384249,3.428984,0.010046
Passive DS-TWR,1785766261.173814,0.348093,3.302754,0.132475
Passive DS-TWR,1785766261.214122,0.337571,3.461226,0.047053
Passive DS-TWR,1785766261.246087,0.335344,3.296193,0.141915
Passive DS-TWR,1785766261.251171,0.269507,3.379434,0.117944
Passive DS-TWR,1785766261.300502,0.355174,3.299529,0.134419
Passive DS-TWR,1785766261.327080,0.296723,3.344937,0.117344
Passive DS-TWR,1785766261.329386,0.427668,3.313599,0.130111
Passive DS-TWR,1785766261.352860,0.400794,3.406158,0.036982
Passive DS-TWR,1785766261.379101,0.291228,3.318423,0.141438
Passive DS-TWR,1785766261.427374,0.362078,3.307673,0.125479
Passive DS-TWR,1785766261.506105,0.395381,3.397951,0.040197
Passive DS-TWR,1785766261.508770,0.297597,3.355454,0.109099
Passive DS-TWR,1785766261.519358,0.399639,3.405657,0.036547
Passive DS-TWR,1785766261.549593,0.300701,3.444392,0.075085
Passive DS-TWR,1785766261.562446,0.324353,3.315139,0.127760
Passive DS-TWR,1785766261.637299,0.307097,3.373294,0.089969
Passive DS-TWR,1785766261.666948,0.379995,3.345662,0.086993
Passive DS-TWR,1785766261.710760,0.284935,3.401852,0.094985
Passive DS-TWR,1785766261.719605,0.409080,3.368270,0.072789
Passive DS-TWR,1785766261.785618,0.282950,3.331689,0.136406
Passive DS-TWR,1785766261.790760,0.363241,3.399471,0.035007
Passive DS-TWR,1785766261.860953,0.395968,3.379758,0.056818
Passive DS-TWR,1785766261.861326,0.367733,3.455768,0.024327
Passive DS-TWR,1785766261.892166,0.324403,3.319873,0.123405
Passive DS-TWR,1785766261.931255,0.276350,3.365867,0.118913
Passive DS-TWR,1785766261.974948,0.397774,3.311750,0.122911
Passive DS-TWR,1785766262.016629,0.301169,3.315745,0.138055
Passive DS-TWR,1785766262.019857,0.290144,3.354555,0.115104
Passive DS-TWR,1785766262.150892,0.279432,3.356688,0.121861
Passive DS-TWR,1785766262.162418,0.423092,3.349182,0.096284
Passive DS-TWR,1785766262.197128,0.353910,3.433618,0.020958
Passive DS-TWR,1785766262.242328,0.324579,3.436554,0.050423
Passive DS-TWR,1785766262.281955,0.280239,3.378835,0.108762
Passive DS-TWR,1785766262.285877,0.418600,3.397451,0.056068
Passive DS-TWR,1785766262.349844,0.287736,3.366242,0.109440
Passive DS-TWR,1785766262.416232,0.283805,3.319264,0.145292
Passive DS-TWR,1785766262.416433,0.443210,3.420629,0.069394
Passive DS-TWR,1785766262.458865,0.334888,3.324362,0.115283
Passive DS-TWR,1785766262.467742,0.270134,3.388946,0.113403
Passive DS-TWR,1785766262.504465,0.356964,3.431308,0.017915
Passive DS-TWR,1785766262.515071,0.312857,3.356186,0.098315
Passive DS-TWR,1785766262.544596,0.291375,3.398717,0.090042
Passive DS-TWR,1785766262.564243,0.361335,3.412856,0.023839
Passive DS-TWR,1785766262.586551,0.370560,3.331246,0.101346
Passive DS-TWR,1785766262.594990,0.281114,3.441318,0.094139
Passive DS-TWR,1785766262.628840,0.393891,3.326830,0.107376
Passive DS-TWR,1785766262.670970,0.278017,3.350189,0.127082
Passive DS-TWR,1785766262.686700,0.382030,3.330420,0.102334
Passive DS-TWR,1785766262.723899,0.265835,3.424860,0.109271
Passive DS-TWR,1785766262.757979,0.385671,3.321078,0.111949
Passive DS-TWR,1785766262.761276,0.389936,3.433125,0.015110
Passive DS-TWR,1785766262.773532,0.368618,3.313481,0.119183
Passive DS-TWR,1785766262.806413,0.287626,3.363884,0.110970
Passive DS-TWR,1785766262.892667,0.307236,3.434225,0.067625
Passive DS-TWR,1785766262.892840,0.384590,3.329014,0.103945
Passive DS-TWR,1785766263.017142,0.421343,3.352287,0.092720
Passive DS-TWR,1785766263.027303,0.338598,3.312788,0.125079
Passive DS-TWR,1785766263.058866,0.308133,3.420733,0.067736
Passive DS-TWR,1785766263.059059,0.397565,3.396600,0.042490
Passive DS-TWR,1785766263.070778,0.395424,3.429758,0.020768
Passive DS-TWR,1785766263.144264,0.418272,3.394837,0.057490
Passive DS-TWR,1785766263.147459,0.384363,3.387056,0.046433
Passive DS-TWR,1785766263.204058,0.395365,3.339775,0.094971
Passive DS-TWR,1785766263.242407,0.361908,3.298941,0.134185
Passive DS-TWR,1785766263.243368,0.271759,3.412301,0.105040
Passive DS-TWR,1785766263.248715,0.393241,3.339094,0.095203
Passive DS-TWR,1785766263.277930,0.366539,3.460038,0.028760
Passive DS-TWR,1785766263.300065,0.398278,3.260562,0.173530
Passive DS-TWR,1785766263.320926,0.408488,3.344102,0.094587
Passive DS-TWR,1785766263.378280,0.296368,3.395861,0.086604
Passive DS-TWR,1785766263.378592,0.371828,3.333114,0.099433
Passive DS-TWR,1785766263.391146,0.378650,3.452112,0.019977
Passive DS-TWR,1785766263.512641,0.271681,3.416311,0.104420
Passive DS-TWR,1785766263.512833,0.407638,3.368844,0.071611
Passive DS-TWR,1785766263.555007,0.351263,3.348233,0.087504
Passive DS-TWR,1785766263.571556,0.290216,3.366357,0.107406
Passive DS-TWR,1785766263.640821,0.300270,3.379111,0.091712
Passive DS-TWR,1785766263.684705,0.337968,3.293795,0.143524
Passive DS-TWR,1785766263.684825,0.277940,3.368171,0.116309
Passive DS-TWR,1785766263.725976,0.403861,3.347472,0.089846
Passive DS-TWR,1785766263.752602,0.290650,3.374213,0.102397
Passive DS-TWR,1785766263.772164,0.403830,3.353669,0.083995
Passive DS-TWR,1785766263.774718,0.307996,3.438681,0.067128
Passive DS-TWR,1785766263.842620,0.344758,3.270694,0.164580
Passive DS-TWR,1785766263.843093,0.274721,3.349561,0.130010
Passive DS-TWR,1785766263.843217,0.417610,3.428815,0.042930
Passive DS-TWR,1785766263.947121,0.286632,3.346270,0.123355
Passive DS-TWR,1785766263.991380,0.413194,3.425085,0.039066
Passive DS-TWR,1785766263.991634,0.326996,3.308554,0.132860
Passive DS-TWR,1785766264.039902,0.396162,3.433177,0.021334
Passive DS-TWR,1785766264.051297,0.359963,3.309056,0.124338
Passive DS-TWR,1785766264.176957,0.387648,3.415054,0.021645
Passive DS-TWR,1785766264.266644,0.388873,3.288708,0.144476
Passive DS-TWR,1785766264.274997,0.285968,3.361193,0.113942
Passive DS-TWR,1785766264.333909,0.287307,3.402292,0.092597
Passive DS-TWR,1785766264.352543,0.382108,3.357205,0.075647
Passive DS-TWR,1785766264.352713,0.385247,3.426189,0.012173
Passive DS-TWR,1785766264.397061,0.281145,3.355362,0.121363
Passive DS-TWR,1785766264.400284,0.416961,3.434957,0.042194
Passive DS-TWR,1785766264.414790,0.316620,3.430439,0.058255
Passive DS-TWR,1785766264.453927,0.285132,3.303147,0.157416
Passive DS-TWR,1785766264.454504,0.297403,3.320657,0.136035
Passive DS-TWR,1785766264.499700,0.324657,3.306845,0.135306
Passive DS-TWR,1785766264.541325,0.281199,3.389162,0.103183
Passive DS-TWR,1785766264.541554,0.412590,3.354013,0.087095
Passive DS-TWR,1785766264.542978,0.365079,3.446685,0.017217
Passive DS-TWR,1785766264.575353,0.369371,3.265917,0.166674
Passive DS-TWR,1785766264.590133,0.318665,3.377679,0.078491
Passive DS-TWR,1785766264.590664,0.421662,3.399649,0.057199
Passive DS-TWR,1785766264.606194,0.379948,3.387497,0.045294
Passive DS-TWR,1785766264.818175,0.360079,3.286546,0.146700
Passive DS-TWR,1785766264.927186,0.378518,3.425721,0.007714
Passive DS-TWR,1785766264.947763,0.324455,3.292482,0.148808
Passive DS-TWR,1785766264.979429,0.279988,3.362693,0.117771
Passive DS-TWR,1785766265.044013,0.293003,3.390443,0.092011
Passive DS-TWR,1785766265.044294,0.411524,3.380238,0.063854
Passive DS-TWR,1785766265.095432,0.299823,3.369787,0.097777
Passive DS-TWR,1785766265.160533,0.289886,3.398330,0.091568
Passive DS-TWR,1785766265.188231,0.399084,3.374965,0.062436
Passive DS-TWR,1785766265.240566,0.272051,3.431775,0.102790
Passive DS-TWR,1785766265.251814,0.398799,3.311274,0.123572
Passive DS-TWR,1785766265.284932,0.281165,3.349307,0.125284
Passive DS-TWR,1785766265.309804,0.405291,3.336377,0.100833
Passive DS-TWR,1785766265.326319,0.387754,3.447587,0.019859
Passive DS-TWR,1785766265.367605,0.399328,3.303626,0.131181
Passive DS-TWR,1785766265.415442,0.298167,3.360866,0.104929
Passive DS-TWR,1785766265.452168,0.420425,3.378171,0.070922
Passive DS-TWR,1785766265.480792,0.294727,3.381972,0.094716
Passive DS-TWR,1785766265.494502,0.382816,3.377380,0.055695
Passive DS-TWR,1785766265.542144,0.355017,3.325040,0.109274
Passive DS-TWR,1785766265.559057,0.397714,3.362318,0.073818
Passive DS-TWR,1785766265.718203,0.365749,3.437262,0.010261
Passive DS-TWR,1785766265.807427,0.286639,3.329956,0.135258
Passive DS-TWR,1785766265.807610,0.390873,3.348733,0.085289
Passive DS-TWR,1785766265.836065,0.305720,3.410342,0.072584
Passive DS-TWR,1785766265.846060,0.372833,3.319821,0.112698
Passive DS-TWR,1785766265.871614,0.295491,3.374993,0.097996
Passive DS-TWR,1785766266.092622,0.335150,3.400859,0.050758
Passive DS-TWR,1785766266.142249,0.385251,3.410162,0.024647
Passive DS-TWR,1785766266.190423,0.336339,3.292865,0.144847
Passive DS-TWR,1785766266.195620,0.300217,3.351941,0.109810
Passive DS-TWR,1785766266.206727,0.378532,3.436502,0.005445
Passive DS-TWR,1785766266.299123,0.359726,3.312005,0.121440
Passive DS-TWR,1785766266.534465,0.347194,3.424628,0.028744
Passive DS-TWR,1785766266.586530,0.423409,3.279157,0.160853
Passive DS-TWR,1785766266.591590,0.327674,3.482298,0.068587
Passive DS-TWR,1785766266.700298,0.302607,3.358369,0.103504
Passive DS-TWR,1785766266.745415,0.354003,3.286054,0.147922
Passive DS-TWR,1785766266.756606,0.276498,3.427030,0.098493
Passive DS-TWR,1785766266.766703,0.391215,3.383809,0.051372
Passive DS-TWR,1785766266.817666,0.372154,3.277757,0.154768
Passive DS-TWR,1785766266.819883,0.282809,3.377929,0.106993
Passive DS-TWR,1785766266.882441,0.332835,3.287934,0.150546
Passive DS-TWR,1785766266.933470,0.296446,3.448722,0.080053
Passive DS-TWR,1785766267.062938,0.361728,3.303952,0.129216
Passive DS-TWR,1785766267.063163,0.296683,3.356447,0.109053
Passive DS-TWR,1785766267.063370,0.376065,3.405152,0.027377
Passive DS-TWR,1785766267.063485,0.325001,3.282045,0.158495
Passive DS-TWR,1785766267.075577,0.308246,3.354626,0.102466
Passive DS-TWR,1785766267.087062,0.403220,3.337619,0.099037
Passive DS-TWR,1785766267.334731,0.288014,3.363103,0.111151
Passive DS-TWR,1785766267.379512,0.404436,3.359793,0.078502
Passive DS-TWR,1785766267.380875,0.364378,3.293764,0.139132
Passive DS-TWR,1785766267.407800,0.292859,3.422836,0.082548
Passive DS-TWR,1785766267.440166,0.402005,3.384284,0.055343
Passive DS-TWR,1785766267.491161,0.289252,3.375627,0.102761
Passive DS-TWR,1785766267.571985,0.369961,3.340836,0.091795
Passive DS-TWR,1785766267.616390,0.291198,3.350728,0.116973
Passive DS-TWR,1785766267.617830,0.311808,3.374240,0.085833
Passive DS-TWR,1785766267.679403,0.334928,3.432622,0.039910
Passive DS-TWR,1785766267.717982,0.319438,3.317029,0.128075
Passive DS-TWR,1785766267.718680,0.243580,3.367306,0.146557
Passive DS-TWR,1785766267.728746,0.370908,3.465451,0.033183
Passive DS-TWR,1785766267.757348,0.409295,3.439601,0.035180
Passive DS-TWR,1785766267.763985,0.392873,3.280290,0.153276
Passive DS-TWR,1785766267.797254,0.314262,3.370236,0.086871
Passive DS-TWR,1785766267.813930,0.404971,3.370231,0.069178
Passive DS-TWR,1785766267.829706,0.375060,3.270378,0.162123
Passive DS-TWR,1785766268.005399,0.398943,3.328680,0.106583
Passive DS-TWR,1785766268.005630,0.341552,3.440212,0.034168
Passive DS-TWR,1785766268.066357,0.321714,3.417908,0.055092
Passive DS-TWR,1785766268.141232,0.399607,3.340516,0.095261
Passive DS-TWR,1785766268.143946,0.334431,3.381639,0.064959
Passive DS-TWR,1785766268.195883,0.382040,3.328396,0.104354
Passive DS-TWR,1785766268.276006,0.326310,3.358963,0.088107
Passive DS-TWR,1785766268.319057,0.396009,3.245487,0.188209
Passive DS-TWR,1785766268.371804,0.280108,3.426746,0.094905
Passive DS-TWR,1785766268.430606,0.437681,3.400349,0.070590
Passive DS-TWR,1785766268.475620,0.348493,3.448273,0.030706
Passive DS-TWR,1785766268.532190,0.351447,3.396535,0.042904
Passive DS-TWR,1785766268.532474,0.364912,3.296372,0.136491
Passive DS-TWR,1785766268.575458,0.370739,3.422213,0.011075
Passive DS-TWR,1785766268.679056,0.349781,3.314945,0.120198
Passive DS-TWR,1785766268.679182,0.281934,3.328267,0.139629
Passive DS-TWR,1785766268.688842,0.421749,3.386300,0.065842
Passive DS-TWR,1785766268.731163,0.355560,3.296865,0.136999
Passive DS-TWR,1785766268.739743,0.281057,3.404337,0.097919
Passive DS-TWR,1785766268.751312,0.421106,3.459018,0.053327
Passive DS-TWR,1785766268.780977,0.369549,3.443292,0.012018
Passive DS-TWR,1785766268.818861,0.332782,3.306942,0.132416
Passive DS-TWR,1785766268.960874,0.436260,3.403275,0.068021
Passive DS-TWR,1785766268.961080,0.342109,3.403181,0.043942
Passive DS-TWR,1785766268.998101,0.339781,3.326882,0.111286
Passive DS-TWR,1785766269.008080,0.396680,3.353209,0.082245
Passive DS-TWR,1785766269.067808,0.286886,3.431384,0.087959
Passive DS-TWR,1785766269.149524,0.275329,3.364426,0.120567
Passive DS-TWR,1785766269.149637,0.404035,3.356474,0.081441
Passive DS-TWR,1785766269.150694,0.373510,3.442533,0.010120
Passive DS-TWR,1785766269.300063,0.407421,3.355036,0.084039
Passive DS-TWR,1785766269.348795,0.413491,3.324050,0.115133
Passive DS-TWR,1785766269.388024,0.348180,3.301300,0.133882
Passive DS-TWR,1785766269.391094,0.396131,3.340616,0.094321
Passive DS-TWR,1785766269.459776,0.300448,3.395528,0.083072
Passive DS-TWR,1785766269.621416,0.289947,3.433292,0.084896
Passive DS-TWR,1785766269.645635,0.286287,3.407624,0.091980
Passive DS-TWR,1785766269.647015,0.404879,3.337002,0.100113
Passive DS-TWR,1785766269.730387,0.392308,3.445471,0.021758
Passive DS-TWR,1785766269.771564,0.330892,3.305444,0.134443
Passive DS-TWR,1785766269.772420,0.284389,3.431906,0.090452
Passive DS-TWR,1785766269.774925,0.411921,3.368850,0.073666
Passive DS-TWR,1785766269.806956,0.368932,3.426456,0.008452
Passive DS-TWR,1785766269.894280,0.307895,3.383925,0.082711
Passive DS-TWR,1785766269.998334,0.313315,3.301263,0.144944
Passive DS-TWR,1785766269.998415,0.283028,3.356935,0.118909
Passive DS-TWR,1785766270.095242,0.314165,3.398586,0.069509
Passive DS-TWR,1785766270.140726,0.346065,3.275332,0.159781
Passive DS-TWR,1785766270.195718,0.411671,3.392689,0.054237
Passive DS-TWR,1785766270.213541,0.288387,3.397145,0.093402
Passive DS-TWR,1785766270.302738,0.420481,3.401525,0.055161
Passive DS-TWR,1785766270.339792,0.281840,3.383225,0.105247
Passive DS-TWR,1785766270.375304,0.390991,3.411778,0.026275
Passive DS-TWR,1785766270.388254,0.339648,3.345011,0.094303
Passive DS-TWR,1785766270.425442,0.412548,3.301436,0.136382
Passive DS-TWR,1785766270.430500,0.376109,3.426714,0.005925
Passive DS-TWR,1785766270.478897,0.399255,3.412661,0.031461
Passive DS-TWR,1785766270.494380,0.323191,3.450445,0.054676
Passive DS-TWR,1785766270.523832,0.317291,3.328465,0.118893
Passive DS-TWR,1785766270.533936,0.301360,3.395055,0.082470
Passive DS-TWR,1785766270.664053,0.280222,3.399058,0.100353
Passive DS-TWR,1785766270.673269,0.370107,3.347740,0.084893
Passive DS-TWR,1785766270.712133,0.377037,3.288773,0.143745
Passive DS-TWR,1785766270.734872,0.272790,3.434851,0.102075
Passive DS-TWR,1785766270.751587,0.437587,3.459507,0.068313
Passive DS-TWR,1785766270.751672,0.302177,3.433011,0.072663
Passive DS-TWR,1785766270.799278,0.291243,3.323317,0.137512
Passive DS-TWR,1785766270.799438,0.243896,3.402829,0.134262
Passive DS-TWR,1785766270.962775,0.411156,3.360643,0.080515
Passive DS-TWR,1785766271.007788,0.411094,3.375325,0.067702
Passive DS-TWR,1785766271.008034,0.318138,3.428451,0.056845
Passive DS-TWR,1785766271.048727,0.299260,3.308266,0.145419
Passive DS-TWR,1785766271.085265,0.406898,3.299408,0.136900
Passive DS-TWR,1785766271.099388,0.304892,3.307244,0.143464
Passive DS-TWR,1785766271.159623,0.325663,3.434201,0.049205
Passive DS-TWR,1785766271.159991,0.313258,3.285815,0.159088
Passive DS-TWR,1785766271.171977,0.293472,3.369879,0.102675
Passive DS-TWR,1785766271.238716,0.310148,3.357264,0.099225
Passive DS-TWR,1785766271.259147,0.285479,3.414739,0.091108
Passive DS-TWR,1785766271.259383,0.394092,3.323486,0.110703
Passive DS-TWR,1785766271.262416,0.356226,3.419154,0.022904
Passive DS-TWR,1785766271.301939,0.335799,3.309578,0.128974
Passive DS-TWR,1785766271.316028,0.290288,3.369880,0.105215
Passive DS-TWR,1785766271.360105,0.411086,3.388474,0.057029
Passive DS-TWR,1785766271.689773,0.274566,3.451603,0.102076
Passive DS-TWR,1785766271.736196,0.370673,3.430800,0.004500
Passive DS-TWR,1785766271.748161,0.273453,3.333000,0.142055
Passive DS-TWR,1785766271.797704,0.343991,3.437572,0.031262
Passive DS-TWR,1785766271.797955,0.249606,3.347516,0.151347
Passive DS-TWR,1785766272.005547,0.292686,3.375108,0.100216
Passive DS-TWR,1785766272.008073,0.337755,3.286528,0.150610
Passive DS-TWR,1785766272.191687,0.345236,3.306357,0.129571
Passive DS-TWR,1785766272.353971,0.346805,3.438177,0.028602
Passive DS-TWR,1785766272.399457,0.302708,3.407055,0.076487
Passive DS-TWR,1785766272.414249,0.349295,3.439286,0.026429
Passive DS-TWR,1785766272.445021,0.306887,3.347269,0.109005
Passive DS-TWR,1785766272.451528,0.266416,3.343285,0.140410
Passive DS-TWR,1785766272.487719,0.400306,3.352408,0.084045
Passive DS-TWR,1785766272.500357,0.296425,3.316708,0.139846
Passive DS-TWR,1785766272.540001,0.376827,3.410350,0.022241
Passive DS-TWR,1785766272.581933,0.296986,3.386886,0.090232
Passive DS-TWR,1785766272.591129,0.389384,3.309008,0.124347
Passive DS-TWR,1785766272.624544,0.428527,3.403517,0.061013
Passive DS-TWR,1785766272.666805,0.426645,3.431311,0.051820
Passive DS-TWR,1785766272.776873,0.270397,3.308283,0.162291
Passive DS-TWR,1785766272.818630,0.407856,3.350128,0.088744
Passive DS-TWR,1785766272.821321,0.344036,3.316063,0.120444
Passive DS-TWR,1785766272.835652,0.256620,3.456998,0.120730
Passive DS-TWR,1785766272.867504,0.394282,3.426193,0.020441
Passive DS-TWR,1785766272.867626,0.372100,3.474138,0.041727
Passive DS-TWR,1785766272.929387,0.271717,3.318302,0.153869
Passive DS-TWR,1785766272.971311,0.272647,3.396459,0.108361
Passive DS-TWR,1785766272.974918,0.419561,3.403116,0.053512
Passive DS-TWR,1785766273.090762,0.290030,3.430326,0.084836
Passive DS-TWR,1785766273.090980,0.332122,3.405260,0.050663
Passive DS-TWR,1785766273.233519,0.397576,3.365963,0.070316
Passive DS-TWR,1785766273.268357,0.355216,3.422033,0.022240
Passive DS-TWR,1785766273.268633,0.354533,3.285461,0.148436
Passive DS-TWR,1785766273.311250,0.289635,3.377093,0.101635
Passive DS-TWR,1785766273.311408,0.312597,3.413304,0.065135
Passive DS-TWR,1785766273.352371,0.345188,3.353185,0.084678
Passive DS-TWR,1785766273.352473,0.276525,3.432368,0.098314
Passive DS-TWR,1785766273.394120,0.409431,3.353977,0.085807
Passive DS-TWR,1785766273.440120,0.383616,3.308021,0.124789
Passive DS-TWR,1785766273.716014,0.359397,3.293179,0.140175
Passive DS-TWR,1785766273.746841,0.292786,3.375097,0.100140
Passive DS-TWR,1785766273.757584,0.433927,3.402104,0.066449
Passive DS-TWR,1785766273.791387,0.361298,3.291467,0.141683
Passive DS-TWR,1785766273.872947,0.284117,3.349202,0.123164
Passive DS-TWR,1785766273.873131,0.418298,3.371528,0.074877
Passive DS-TWR,1785766273.898530,0.331543,3.443014,0.044554
Passive DS-TWR,1785766273.979049,0.372384,3.290465,0.142057
Passive DS-TWR,1785766273.992834,0.290733,3.426909,0.084291
Passive DS-TWR,1785766274.191147,0.244335,3.471399,0.136177
Passive DS-TWR,1785766274.208610,0.329917,3.438063,0.045265
Passive DS-TWR,1785766274.241328,0.354820,3.324777,0.109569
Passive DS-TWR,1785766274.285487,0.356290,3.441226,0.020498
Passive DS-TWR,1785766274.327493,0.287958,3.352372,0.118191
Passive DS-TWR,1785766274.335923,0.344450,3.436416,0.030639
Passive DS-TWR,1785766274.368516,0.328714,3.328715,0.113574
Passive DS-TWR,1785766274.371621,0.283685,3.366018,0.112823
Passive DS-TWR,1785766274.382928,0.394492,3.349512,0.085285
Passive DS-TWR,1785766274.441122,0.260497,3.396460,0.119887
Passive DS-TWR,1785766274.548970,0.423154,3.366795,0.081558
Passive DS-TWR,1785766274.581316,0.291796,3.391635,0.092554
Passive DS-TWR,1785766274.623879,0.434884,3.440492,0.060575
Passive DS-TWR,1785766274.634082,0.272756,3.393842,0.109158
Passive DS-TWR,1785766274.665518,0.330552,3.425161,0.044890
Passive DS-TWR,1785766274.718716,0.386879,3.397648,0.036874
Passive DS-TWR,1785766274.751443,0.370631,3.304025,0.128546
Passive DS-TWR,1785766274.755874,0.285387,3.344010,0.125827
Passive DS-TWR,1785766274.792807,0.405745,3.378794,0.061965
Passive DS-TWR,1785766274.792959,0.326117,3.454586,0.053493
Passive DS-TWR,1785766274.841856,0.373205,3.342995,0.089521
Passive DS-TWR,1785766274.905638,0.414589,3.335328,0.104989
Passive DS-TWR,1785766274.911253,0.365206,3.465069,0.033962
Passive DS-TWR,1785766274.940754,0.296725,3.324734,0.133100
Passive DS-TWR,1785766274.981584,0.396751,3.419354,0.025554
Passive DS-TWR,1785766275.025537,0.267813,3.326840,0.150395
Passive DS-TWR,1785766275.061063,0.432475,3.424558,0.058182
Passive DS-TWR,1785766275.124852,0.322671,3.289168,0.152531
Passive DS-TWR,1785766275.125060,0.283471,3.367358,0.112213
Passive DS-TWR,1785766275.125229,0.398925,3.351161,0.084832
Passive DS-TWR,1785766275.125421,0.390505,3.453273,0.026017
Passive DS-TWR,1785766275.218216,0.283655,3.344438,0.126766
Passive DS-TWR,1785766275.258580,0.377328,3.428610,0.004619
Passive DS-TWR,1785766275.259424,0.288301,3.322732,0.139779
Passive DS-TWR,1785766275.316514,0.313412,3.300204,0.145862
Passive DS-TWR,1785766275.345295,0.276730,3.406757,0.101430
Passive DS-TWR,1785766275.388927,0.373614,3.305664,0.126844
Passive DS-TWR,1785766275.395572,0.305136,3.359791,0.100724
Passive DS-TWR,1785766275.482878,0.381297,3.365138,0.067673
Passive DS-TWR,1785766275.606861,0.293623,3.357089,0.110829
Passive DS-TWR,1785766275.646450,0.339560,3.297925,0.139124
Passive DS-TWR,1785766275.652094,0.280528,3.343107,0.129946
Passive DS-TWR,1785766275.688615,0.399746,3.278257,0.156243
Passive DS-TWR,1785766275.688853,0.306564,3.413732,0.070808
Passive DS-TWR,1785766275.700119,0.330981,3.330960,0.110608
Passive DS-TWR,1785766275.763816,0.345253,3.436966,0.029921
Passive DS-TWR,1785766275.774292,0.395767,3.296555,0.137548
Passive DS-TWR,1785766275.828261,0.360781,3.303730,0.129537
Passive DS-TWR,1785766275.858588,0.445130,3.381070,0.087098
Passive DS-TWR,1785766275.902640,0.350511,3.289931,0.144631
Passive DS-TWR,1785766275.919765,0.252239,3.393558,0.128636
Passive DS-TWR,1785766275.930289,0.375312,3.290408,0.142095
Passive DS-TWR,1785766275.974708,0.328786,3.301856,0.138524
Passive DS-TWR,1785766275.974854,0.313312,3.355486,0.098574
Passive DS-TWR,1785766276.019723,0.312469,3.339133,0.112283
Passive DS-TWR,1785766276.060156,0.273279,3.348468,0.131818
Passive DS-TWR,1785766276.061465,0.394769,3.327240,0.107132
Passive DS-TWR,1785766276.083991,0.391960,3.440751,0.019006
Passive DS-TWR,1785766276.121573,0.265649,3.397521,0.114656
Passive DS-TWR,1785766276.121915,0.408244,3.357585,0.082027
Passive DS-TWR,1785766276.163581,0.369615,3.269993,0.162592
Passive DS-TWR,1785766276.332462,0.408189,3.323745,0.113755
Passive DS-TWR,1785766276.374165,0.343859,3.307668,0.128621
Passive DS-TWR,1785766276.374296,0.399116,3.343646,0.092113
Passive DS-TWR,1785766276.403151,0.352361,3.425151,0.023648
Passive DS-TWR,1785766276.422545,0.280355,3.407702,0.097684
Passive DS-TWR,1785766276.431230,0.396326,3.402096,0.037232
Passive DS-TWR,1785766276.464618,0.354936,3.396776,0.040895
Passive DS-TWR,1785766276.494332,0.299259,3.366462,0.100367
Passive DS-TWR,1785766276.560875,0.419293,3.304002,0.135972
Passive DS-TWR,1785766276.683945,0.285553,3.428126,0.089392
Passive DS-TWR,1785766276.684143,0.389642,3.339837,0.093839
Passive DS-TWR,1785766276.684264,0.315927,3.344914,0.105557
Passive DS-TWR,1785766276.720293,0.290494,3.412184,0.086757
Passive DS-TWR,1785766276.721606,0.422749,3.411647,0.052253
Passive DS-TWR,1785766276.768428,0.349787,3.435000,0.025176
Passive DS-TWR,1785766276.806496,0.322559,3.292014,0.149900
Passive DS-TWR,1785766276.806687,0.263731,3.338613,0.145465
Passive DS-TWR,1785766276.853273,0.353652,3.347134,0.087957
Passive DS-TWR,1785766276.886576,0.265529,3.394440,0.115746
Passive DS-TWR,1785766276.916706,0.326809,3.307998,0.133446
Passive DS-TWR,1785766276.951427,0.300594,3.388802,0.086151
Passive DS-TWR,1785766276.991829,0.382282,3.276075,0.156604
Passive DS-TWR,1785766277.040087,0.386735,3.316174,0.116934
Passive DS-TWR,1785766277.044324,0.340882,3.315678,0.121659
Passive DS-TWR,1785766277.081012,0.275690,3.420899,0.099825
Passive DS-TWR,1785766277.083032,0.385582,3.366167,0.067199
Passive DS-TWR,1785766277.130586,0.298968,3.384575,0.089740
Passive DS-TWR,1785766277.220106,0.366213,3.322479,0.110360
Passive DS-TWR,1785766277.221092,0.414970,3.389549,0.058783
Passive DS-TWR,1785766277.266248,0.345974,3.303803,0.131896
Passive DS-TWR,1785766277.308250,0.271383,3.342000,0.137454
Passive DS-TWR,1785766277.316913,0.274832,3.366068,0.120062
Passive DS-TWR,1785766277.349772,0.408160,3.319968,0.117363
Passive DS-TWR,1785766277.350544,0.322164,3.400434,0.061668
Passive DS-TWR,1785766277.363970,0.314639,3.358523,0.095377
Passive DS-TWR,1785766277.408605,0.334526,3.433908,0.040337
Passive DS-TWR,1785766277.465167,0.395667,3.347520,0.087497
Passive DS-TWR,1785766277.479610,0.372220,3.418579,0.014166
Passive DS-TWR,1785766277.523961,0.280677,3.376297,0.109660
Passive DS-TWR,1785766277.609115,0.395540,3.309677,0.124557
Passive DS-TWR,1785766277.630149,0.366530,3.308205,0.124574
Passive DS-TWR,1785766277.648073,0.371310,3.403902,0.028816
Passive DS-TWR,1785766277.679305,0.411807,3.447042,0.039725
Passive DS-TWR,1785766277.688858,0.381270,3.291867,0.140782
Passive DS-TWR,1785766277.700168,0.282404,3.366122,0.113800
Passive DS-TWR,1785766277.733298,0.410911,3.436115,0.036253
Passive DS-TWR,1785766277.734323,0.324392,3.442920,0.051511
Passive DS-TWR,1785766277.754615,0.320937,3.273208,0.168166
Passive DS-TWR,1785766277.778662,0.299732,3.384188,0.089304
Passive DS-TWR,1785766277.779031,0.412901,3.335914,0.103816
Passive DS-TWR,1785766277.923671,0.392516,3.405553,0.032229
Passive DS-TWR,1785766277.936512,0.327234,3.450075,0.050744
Passive DS-TWR,1785766277.967845,0.294840,3.301704,0.153323
Passive DS-TWR,1785766277.968602,0.420121,3.393962,0.059463
Passive DS-TWR,1785766278.026145,0.290842,3.365501,0.107445
Passive DS-TWR,1785766278.215909,0.351840,3.352486,0.083255
Passive DS-TWR,1785766278.259968,0.331172,3.313757,0.126519
Passive DS-TWR,1785766278.292169,0.283451,3.392996,0.099561
Passive DS-TWR,1785766278.387795,0.331790,3.316142,0.124067
Passive DS-TWR,1785766278.422975,0.294788,3.377871,0.096916
Passive DS-TWR,1785766278.423764,0.394137,3.317143,0.116962
Passive DS-TWR,1785766278.432799,0.335343,3.428676,0.039680
Passive DS-TWR,1785766278.507131,0.397966,3.348841,0.086798
Passive DS-TWR,1785766278.545980,0.302434,3.353486,0.107172
Passive DS-TWR,1785766278.546145,0.402991,3.347223,0.089806
Passive DS-TWR,1785766278.589223,0.374900,3.302186,0.130316
Passive DS-TWR,1785766278.595815,0.302310,3.358285,0.103771
Passive DS-TWR,1785766278.608696,0.419439,3.456100,0.050459
Passive DS-TWR,1785766278.631447,0.316304,3.445099,0.059875
Passive DS-TWR,1785766278.654329,0.350257,3.287959,0.146618
Passive DS-TWR,1785766278.675169,0.277134,3.394362,0.104884
Passive DS-TWR,1785766278.675622,0.433414,3.420316,0.059829
Passive DS-TWR,1785766278.694695,0.374151,3.419200,0.013319
Passive DS-TWR,1785766278.716134,0.364413,3.303642,0.129281
Passive DS-TWR,1785766278.724652,0.295149,3.361708,0.106593
Passive DS-TWR,1785766278.799796,0.337126,3.293510,0.144017
Passive DS-TWR,1785766278.815301,0.354915,3.433161,0.019934
Passive DS-TWR,1785766278.906541,0.345289,3.303142,0.132692
Passive DS-TWR,1785766278.918097,0.274370,3.371395,0.117592
Passive DS-TWR,1785766278.965648,0.308738,3.317841,0.132349
Passive DS-TWR,1785766279.038667,0.336343,3.423897,0.039445
Passive DS-TWR,1785766279.223948,0.339537,3.304976,0.132322
Passive DS-TWR,1785766279.325330,0.281654,3.376187,0.108879
Passive DS-TWR,1785766279.369451,0.284871,3.375295,0.106615
Passive DS-TWR,1785766279.379675,0.395339,3.349757,0.085246
Passive DS-TWR,1785766279.418792,0.364635,3.402642,0.031555
Passive DS-TWR,1785766279.429028,0.319127,3.305026,0.139118
Passive DS-TWR,1785766279.464474,0.394666,3.320130,0.114107
Passive DS-TWR,1785766279.518935,0.373018,3.438763,0.006521
Passive DS-TWR,1785766279.555842,0.278626,3.450302,0.097846
Passive DS-TWR,1785766279.592694,0.409045,3.315496,0.121903
Passive DS-TWR,1785766279.595876,0.394296,3.436693,0.019904
Passive DS-TWR,1785766279.640140,0.233639,3.369375,0.154668
Passive DS-TWR,1785766279.640368,0.397018,3.378782,0.058118
Passive DS-TWR,1785766279.647031,0.365225,3.450579,0.020475
Passive DS-TWR,1785766279.680473,0.364420,3.305754,0.127175
Passive DS-TWR,1785766279.710192,0.274483,3.320548,0.150349
Passive DS-TWR,1785766279.727109,0.351258,3.434283,0.023648
Passive DS-TWR,1785766279.763054,0.290504,3.450563,0.086247
Passive DS-TWR,1785766279.763271,0.421188,3.395917,0.059048
Passive DS-TWR,1785766279.775241,0.357894,3.454460,0.027736
Passive DS-TWR,1785766279.806340,0.312180,3.300300,0.146299
Passive DS-TWR,1785766279.812808,0.307369,3.375105,0.088580
Passive DS-TWR,1785766279.875318,0.372552,3.326079,0.106447
Passive DS-TWR,1785766279.888001,0.269425,3.343922,0.137689
Passive DS-TWR,1785766279.893477,0.410768,3.304843,0.132619
Passive DS-TWR,1785766279.913524,0.340728,3.404195,0.044326
Passive DS-TWR,1785766279.934855,0.371412,3.279236,0.153304
Passive DS-TWR,1785766279.949634,0.261265,3.390946,0.120937
Passive DS-TWR,1785766279.952035,0.432676,3.352045,0.099088
Passive DS-TWR,1785766279.990360,0.393466,3.421839,0.021463
Passive DS-TWR,1785766280.062370,0.347697,3.315613,0.119998
Passive DS-TWR,1785766280.179311,0.293190,3.428773,0.081734
Passive DS-TWR,1785766280.206358,0.308036,3.311576,0.138151
Passive DS-TWR,1785766280.232662,0.390580,3.398531,0.037441
Passive DS-TWR,1785766280.289371,0.409099,3.415330,0.038323
Passive DS-TWR,1785766280.332409,0.270739,3.334299,0.143109
Passive DS-TWR,1785766280.377692,0.394091,3.406513,0.032343
Passive DS-TWR,1785766280.378287,0.374838,3.308564,0.123937
Passive DS-TWR,1785766280.393827,0.295892,3.392933,0.088308
Passive DS-TWR,1785766280.422235,0.425794,3.409672,0.055836
Passive DS-TWR,1785766280.468957,0.359843,3.287342,0.145932
Passive DS-TWR,1785766280.469090,0.391706,3.378320,0.056746
Passive DS-TWR,1785766280.527640,0.380218,3.427738,0.007186
Passive DS-TWR,1785766280.569153,0.360148,3.426501,0.015868
Passive DS-TWR,1785766280.580266,0.266644,3.336128,0.144893
Passive DS-TWR,1785766280.625446,0.416722,3.343711,0.098173
Passive DS-TWR,1785766280.711250,0.363649,3.294841,0.138115
Passive DS-TWR,1785766280.757330,0.351287,3.409201,0.033130
Passive DS-TWR,1785766280.757723,0.342127,3.342372,0.095882
Passive DS-TWR,1785766280.810401,0.281158,3.343381,0.129300
Passive DS-TWR,1785766280.819019,0.361349,3.285870,0.147251
Passive DS-TWR,1785766280.852342,0.270630,3.364272,0.124558
Passive DS-TWR,1785766280.852849,0.407039,3.333278,0.104318
Passive DS-TWR,1785766280.927732,0.354291,3.407615,0.032273
Passive DS-TWR,1785766280.958313,0.345478,3.302664,0.133116
Passive DS-TWR,1785766281.045999,0.379951,3.304903,0.127700
Passive DS-TWR,1785766281.046170,0.290053,3.345827,0.121248
Passive DS-TWR,1785766281.205464,0.412069,3.436554,0.037451
Passive DS-TWR,1785766281.228942,0.284041,3.456234,0.093848
Passive DS-TWR,1785766281.266530,0.376477,3.415102,0.017477
Passive DS-TWR,1785766281.273445,0.375104,3.300304,0.132198
Passive DS-TWR,1785766281.403647,0.365324,3.322894,0.110020
Passive DS-TWR,1785766281.403913,0.294646,3.389295,0.091091
Passive DS-TWR,1785766281.405003,0.380817,3.438927,0.008777
Passive DS-TWR,1785766281.460140,0.352641,3.312781,0.121761
Passive DS-TWR,1785766281.490375,0.272341,3.394814,0.109207
Passive DS-TWR,1785766281.575793,0.382836,3.423328,0.012170
Passive DS-TWR,1785766281.623189,0.239824,3.386679,0.142579
Passive DS-TWR,1785766281.623440,0.394310,3.334242,0.100170
Passive DS-TWR,1785766281.663539,0.408652,3.436003,0.033995
Passive DS-TWR,1785766281.680097,0.386428,3.351496,0.081831
Passive DS-TWR,1785766281.707735,0.378638,3.412596,0.020265
Passive DS-TWR,1785766281.719573,0.346704,3.304532,0.131025
Passive DS-TWR,1785766281.750447,0.297131,3.333106,0.126166
Passive DS-TWR,1785766281.758793,0.399579,3.445509,0.027951
Passive DS-TWR,1785766281.824604,0.390599,3.319639,0.113958
Passive DS-TWR,1785766281.874618,0.277946,3.412432,0.098949
Passive DS-TWR,1785766281.874744,0.433210,3.373138,0.083254
Passive DS-TWR,1785766281.899103,0.361664,3.424787,0.015267
Passive DS-TWR,1785766281.973139,0.394434,3.368035,0.067379
Passive DS-TWR,1785766281.983063,0.329890,3.334787,0.107556
Passive DS-TWR,1785766282.026838,0.291829,3.344576,0.120919
Passive DS-TWR,1785766282.027326,0.350063,3.414234,0.030782
Passive DS-TWR,1785766282.039078,0.316084,3.311709,0.134324
Passive DS-TWR,1785766282.201809,0.407710,3.346967,0.091634
Passive DS-TWR,1785766282.207044,0.309722,3.429976,0.065165
Passive DS-TWR,1785766282.245727,0.337883,3.298075,0.139414
Passive DS-TWR,1785766282.245850,0.275269,3.396904,0.105742
Passive DS-TWR,1785766282.285801,0.309548,3.439862,0.065704
Passive DS-TWR,1785766282.293247,0.370305,3.290066,0.142508
Passive DS-TWR,1785766282.321180,0.405863,3.381645,0.059572
Passive DS-TWR,1785766282.356153,0.336256,3.268306,0.168668
Passive DS-TWR,1785766282.701801,0.286654,3.369224,0.108538
Passive DS-TWR,1785766282.868144,0.312357,3.310556,0.137021
Passive DS-TWR,1785766282.890060,0.303886,3.403016,0.076836
Passive DS-TWR,1785766283.453952,0.293975,3.346732,0.117879
Passive DS-TWR,1785766283.454309,0.372842,3.423000,0.009709
Passive DS-TWR,1785766283.594141,0.305578,3.374323,0.090453
Passive DS-TWR,1785766283.615833,0.414113,3.315866,0.123070
Passive DS-TWR,1785766283.641503,0.355516,3.420680,0.022652
Passive DS-TWR,1785766283.701678,0.380411,3.372075,0.060683
Passive DS-TWR,1785766283.739653,0.286465,3.342781,0.125935
Passive DS-TWR,1785766283.740090,0.401042,3.341515,0.094685
Passive DS-TWR,1785766283.746151,0.356296,3.424092,0.020360
Passive DS-TWR,1785766283.832333,0.396780,3.434201,0.022007
Passive DS-TWR,1785766283.834532,0.327437,3.340259,0.103709
Passive DS-TWR,1785766283.878188,0.420327,3.342744,0.100626
Passive DS-TWR,1785766283.964264,0.327905,3.461138,0.054980
Passive DS-TWR,1785766283.972871,0.369919,3.276264,0.156315
Passive DS-TWR,1785766284.017332,0.377477,3.295120,0.137407
Passive DS-TWR,1785766284.020816,0.346406,3.313798,0.122061
Passive DS-TWR,1785766284.036330,0.295858,3.395768,0.087105
Passive DS-TWR,1785766284.068808,0.388564,3.337124,0.096360
Passive DS-TWR,1785766284.069009,0.372255,3.426307,0.006712
Passive DS-TWR,1785766284.111065,0.330417,3.311642,0.128764
Passive DS-TWR,1785766284.275557,0.384709,3.343659,0.089389
Passive DS-TWR,1785766284.279826,0.327834,3.318290,0.123506
Passive DS-TWR,1785766284.291791,0.276021,3.395870,0.105389
Passive DS-TWR,1785766284.336692,0.389395,3.436101,0.014995
Passive DS-TWR,1785766284.340672,0.382934,3.288978,0.143752
Passive DS-TWR,1785766284.570720,0.281177,3.355939,0.120972
Passive DS-TWR,1785766284.624931,0.327849,3.313643,0.127810
Passive DS-TWR,1785766284.625084,0.267537,3.385154,0.117284
Passive DS-TWR,1785766284.774670,0.424130,3.360645,0.087138
Passive DS-TWR,1785766284.897083,0.430698,3.433676,0.055872
Passive DS-TWR,1785766284.940827,0.286272,3.385862,0.100096
Passive DS-TWR,1785766284.986762,0.402382,3.388700,0.051742
Passive DS-TWR,1785766284.986990,0.334445,3.306446,0.132369
Passive DS-TWR,1785766285.026502,0.288217,3.343540,0.124168
Passive DS-TWR,1785766285.060198,0.287206,3.411132,0.090200
Passive DS-TWR,1785766285.099115,0.379599,3.391890,0.040889
Passive DS-TWR,1785766285.109614,0.378045,3.316442,0.116103
Passive DS-TWR,1785766285.142710,0.266546,3.409951,0.110615
Passive DS-TWR,1785766285.143017,0.412091,3.355528,0.085515
Passive DS-TWR,1785766285.188377,0.293398,3.343694,0.120496
Passive DS-TWR,1785766285.267406,0.289379,3.341745,0.124660
Passive DS-TWR,1785766285.310823,0.347866,3.333810,0.102311
Passive DS-TWR,1785766285.330350,0.290879,3.370513,0.104364
Passive DS-TWR,1785766285.330472,0.404507,3.374308,0.065320
Passive DS-TWR,1785766285.529907,0.317138,3.328312,0.119100
Passive DS-TWR,1785766285.530064,0.286132,3.396992,0.095550
Passive DS-TWR,1785766285.530257,0.404833,3.314942,0.121326
Passive DS-TWR,1785766285.535041,0.385910,3.428152,0.011895
Passive DS-TWR,1785766285.579316,0.375034,3.298964,0.133537
Passive DS-TWR,1785766285.579551,0.279473,3.414196,0.097106
Passive DS-TWR,1785766285.583692,0.398249,3.325011,0.110010
Passive DS-TWR,1785766285.602938,0.307521,3.432688,0.067318
Passive DS-TWR,1785766285.669072,0.330832,3.440128,0.044662
Passive DS-TWR,1785766285.745507,0.389807,3.428291,0.015549
Passive DS-TWR,1785766285.879375,0.312611,3.318496,0.129883
Passive DS-TWR,1785766285.901227,0.302523,3.370592,0.095197
Passive DS-TWR,1785766285.904013,0.435447,3.394783,0.071387
Passive DS-TWR,1785766285.937701,0.353675,3.456982,0.032360
Passive DS-TWR,1785766285.940611,0.364448,3.281802,0.151057
Passive DS-TWR,1785766285.980803,0.394683,3.346128,0.088624
Passive DS-TWR,1785766286.159357,0.412150,3.417508,0.040211
Passive DS-TWR,1785766286.205949,0.341860,3.449092,0.036916
Passive DS-TWR,1785766286.206154,0.347034,3.308586,0.126996
Passive DS-TWR,1785766286.215353,0.269138,3.353276,0.132096
Passive DS-TWR,1785766286.245680,0.417836,3.364931,0.080091
Passive DS-TWR,1785766286.375247,0.366342,3.470366,0.038806
Passive DS-TWR,1785766286.426957,0.404448,3.341788,0.095424
Passive DS-TWR,1785766286.595837,0.336902,3.313329,0.125065
Passive DS-TWR,1785766286.606853,0.276557,3.370387,0.116265
Passive DS-TWR,1785766286.686621,0.336069,3.398556,0.051530
Passive DS-TWR,1785766286.688726,0.359365,3.419367,0.020296
Passive DS-TWR,1785766286.728124,0.292699,3.309991,0.147498
Passive DS-TWR,1785766286.729023,0.281781,3.422415,0.093603
Passive DS-TWR,1785766286.738604,0.406776,3.324815,0.112323
Passive DS-TWR,1785766286.769586,0.358036,3.399295,0.037215
Passive DS-TWR,1785766286.773979,0.326695,3.309642,0.131956
Passive DS-TWR,1785766286.815587,0.328374,3.410954,0.051217
Passive DS-TWR,1785766286.902141,0.369912,3.318110,0.114497
Passive DS-TWR,1785766286.924201,0.271793,3.377293,0.116903
Passive DS-TWR,1785766286.927727,0.399886,3.344808,0.091200
Passive DS-TWR,1785766287.002702,0.364900,3.416932,0.018471
Passive DS-TWR,1785766287.007516,0.336562,3.417124,0.041250
Passive DS-TWR,1785766287.048613,0.316475,3.293671,0.150599
Passive DS-TWR,1785766287.049005,0.290241,3.353445,0.115787
Passive DS-TWR,1785766287.055600,0.393832,3.327214,0.106987
Passive DS-TWR,1785766287.096031,0.326154,3.425471,0.049189
Passive DS-TWR,1785766287.096825,0.308661,3.317114,0.133018
Passive DS-TWR,1785766287.109136,0.290280,3.390941,0.094220
Passive DS-TWR,1785766287.141478,0.374250,3.317826,0.114677
Passive DS-TWR,1785766287.141593,0.327200,3.474994,0.063836
Passive DS-TWR,1785766287.169847,0.308725,3.295539,0.152085
Passive DS-TWR,1785766287.199482,0.388808,3.425333,0.015702
Passive DS-TWR,1785766287.262602,0.293579,3.372024,0.101295
Passive DS-TWR,1785766287.305655,0.282958,3.335787,0.133401
Passive DS-TWR,1785766287.319205,0.418280,3.365566,0.079797
Passive DS-TWR,1785766287.327956,0.375378,3.412394,0.020115
Passive DS-TWR,1785766287.360919,0.317766,3.307799,0.137142
Passive DS-TWR,1785766287.365033,0.286625,3.398353,0.094593
Passive DS-TWR,1785766287.426176,0.400718,3.388648,0.050920
Passive DS-TWR,1785766287.426396,0.356361,3.305620,0.128220
Passive DS-TWR,1785766287.482273,0.339981,3.312844,0.124631
Passive DS-TWR,1785766287.601273,0.345049,3.338548,0.098563
Passive DS-TWR,1785766287.620731,0.285309,3.423674,0.089963
Passive DS-TWR,1785766287.620890,0.340604,3.413109,0.039346
Passive DS-TWR,1785766287.621019,0.342314,3.342593,0.095610
Passive DS-TWR,1785766287.621412,0.308134,3.360001,0.098518
Passive DS-TWR,1785766287.657897,0.415019,3.402210,0.050319
Passive DS-TWR,1785766287.658183,0.344895,3.451410,0.035414
Passive DS-TWR,1785766287.828341,0.289092,3.329511,0.134013
Passive DS-TWR,1785766287.894219,0.244199,3.340253,0.159926
Passive DS-TWR,1785766287.986969,0.374440,3.414547,0.017959
Passive DS-TWR,1785766288.044317,0.355110,3.402542,0.035872
Passive DS-TWR,1785766288.337315,0.375085,3.359050,0.073452
Passive DS-TWR,1785766288.452364,0.330811,3.292459,0.146801
Passive DS-TWR,1785766288.487340,0.410765,3.367322,0.074425
Passive DS-TWR,1785766288.500396,0.335856,3.285381,0.152197
Passive DS-TWR,1785766288.535034,0.300761,3.386612,0.087140
Passive DS-TWR,1785766288.721841,0.290013,3.365733,0.107951
Passive DS-TWR,1785766288.766954,0.339166,3.318531,0.119423
Passive DS-TWR,1785766288.820952,0.363814,3.330113,0.102980
Passive DS-TWR,1785766288.848657,0.298982,3.354581,0.108747
Passive DS-TWR,1785766288.900705,0.289961,3.356306,0.114061
Passive DS-TWR,1785766288.918285,0.387098,3.341830,0.091496
Passive DS-TWR,1785766288.953431,0.345896,3.290850,0.144578
Passive DS-TWR,1785766288.964641,0.293945,3.381761,0.095490
Passive DS-TWR,1785766289.001830,0.408344,3.334937,0.103157
Passive DS-TWR,1785766289.002001,0.389920,3.434995,0.015286
Passive DS-TWR,1785766289.012899,0.361183,3.316943,0.116363
Passive DS-TWR,1785766289.056181,0.296391,3.368616,0.101170
Passive DS-TWR,1785766289.096752,0.354636,3.304041,0.130040
Passive DS-TWR,1785766289.142182,0.294533,3.395258,0.088522
Passive DS-TWR,1785766289.180445,0.273225,3.360436,0.124574
Passive DS-TWR,1785766289.183527,0.384495,3.434675,0.009898
Passive DS-TWR,1785766289.230512,0.329867,3.315535,0.125314
Passive DS-TWR,1785766289.257481,0.325645,3.427645,0.049433
Passive DS-TWR,1785766289.317504,0.399544,3.349133,0.086952
Passive DS-TWR,1785766289.317643,0.364862,3.433589,0.010035
Passive DS-TWR,1785766289.357731,0.359491,3.335224,0.098481
Passive DS-TWR,1785766289.357904,0.286201,3.385499,0.100329
Passive DS-TWR,1785766289.407115,0.322496,3.307878,0.135169
Passive DS-TWR,1785766289.734365,0.281980,3.436533,0.092946
Passive DS-TWR,1785766289.744405,0.300718,3.391635,0.084640
Passive DS-TWR,1785766289.777246,0.407207,3.386201,0.056493
Passive DS-TWR,1785766289.780556,0.326010,3.303265,0.138153
Passive DS-TWR,1785766289.811542,0.286169,3.423199,0.089157
Passive DS-TWR,1785766289.825621,0.367786,3.327478,0.105260
Passive DS-TWR,1785766289.825772,0.411681,3.435120,0.036935
Passive DS-TWR,1785766289.865826,0.321661,3.303797,0.139257
Passive DS-TWR,1785766289.865998,0.296888,3.363247,0.104271
Passive DS-TWR,1785766289.874074,0.372031,3.305699,0.126834
Passive DS-TWR,1785766289.891813,0.337560,3.435852,0.037429
Passive DS-TWR,1785766289.926288,0.295058,3.394934,0.088183
Passive DS-TWR,1785766290.051883,0.292967,3.381883,0.096256
Passive DS-TWR,1785766290.100488,0.334177,3.304102,0.134684
Passive DS-TWR,1785766290.133801,0.290984,3.411950,0.086336
Passive DS-TWR,1785766290.133967,0.378138,3.366698,0.065886
Passive DS-TWR,1785766290.180274,0.281362,3.407264,0.096823
Passive DS-TWR,1785766290.219734,0.408324,3.364968,0.075379
Passive DS-TWR,1785766290.230619,0.336440,3.357078,0.084636
Passive DS-TWR,1785766290.310511,0.298510,3.462726,0.082095
Passive DS-TWR,1785766290.334803,0.297658,3.385131,0.090559
Passive DS-TWR,1785766290.394547,0.289227,3.357877,0.113570
Passive DS-TWR,1785766290.477389,0.388787,3.431964,0.013959
Passive DS-TWR,1785766290.692919,0.363477,3.323851,0.109243
Passive DS-TWR,1785766290.695439,0.279740,3.370303,0.113633
Passive DS-TWR,1785766290.741044,0.325366,3.321217,0.121786
Passive DS-TWR,1785766290.761811,0.305072,3.394883,0.079262
Passive DS-TWR,1785766290.775541,0.400331,3.329877,0.105743
Passive DS-TWR,1785766290.820585,0.291022,3.410189,0.086736
Passive DS-TWR,1785766290.881904,0.360950,3.303643,0.129604
Passive DS-TWR,1785766290.966211,0.301074,3.343080,0.115919
Passive DS-TWR,1785766290.966472,0.397343,3.345046,0.090305
Passive DS-TWR,1785766290.975640,0.345130,3.422005,0.031508
Passive DS-TWR,1785766291.012598,0.320808,3.331378,0.114653
Passive DS-TWR,1785766291.015088,0.279436,3.346283,0.128589
Passive DS-TWR,1785766291.024159,0.403973,3.392251,0.049688
Passive DS-TWR,1785766291.061060,0.326140,3.317451,0.124933
Passive DS-TWR,1785766291.086646,0.299833,3.364527,0.101225
Passive DS-TWR,1785766291.103245,0.414291,3.389685,0.058222
Passive DS-TWR,1785766291.144372,0.277009,3.394523,0.104942
Passive DS-TWR,1785766291.192528,0.412044,3.343459,0.096503
Passive DS-TWR,1785766291.192671,0.325920,3.306786,0.134898
Passive DS-TWR,1785766291.204330,0.302224,3.362073,0.101159
Passive DS-TWR,1785766291.373901,0.339987,3.435033,0.034943
Passive DS-TWR,1785766291.407444,0.294506,3.407310,0.084190
Passive DS-TWR,1785766291.407593,0.442772,3.419202,0.069223
Passive DS-TWR,1785766291.433685,0.329849,3.401622,0.054567
Passive DS-TWR,1785766291.450522,0.343819,3.290147,0.145695
Passive DS-TWR,1785766291.460466,0.292755,3.359897,0.109586
Passive DS-TWR,1785766291.493199,0.353067,3.331057,0.103755
Passive DS-TWR,1785766291.535144,0.346680,3.327566,0.108648
Passive DS-TWR,1785766291.588456,0.292824,3.385278,0.094639
Passive DS-TWR,1785766291.621307,0.418197,3.413643,0.047282
Passive DS-TWR,1785766291.661917,0.403819,3.307556,0.128262
Passive DS-TWR,1785766291.689930,0.314734,3.428048,0.060269
Passive DS-TWR,1785766291.716394,0.297847,3.346119,0.115714
Passive DS-TWR,1785766291.734769,0.428552,3.344416,0.103170
Passive DS-TWR,1785766291.808335,0.357178,3.438152,0.018542
Passive DS-TWR,1785766291.810362,0.390876,3.403861,0.032825
Passive DS-TWR,1785766292.168445,0.288668,3.343206,0.124093
Passive DS-TWR,1785766292.179338,0.400538,3.342725,0.093382
Passive DS-TWR,1785766292.290049,0.345727,3.302216,0.133498
Passive DS-TWR,1785766292.319638,0.317904,3.399367,0.065874
Passive DS-TWR,1785766292.430844,0.288090,3.433128,0.086751
Passive DS-TWR,1785766292.492576,0.279912,3.367258,0.115186
Passive DS-TWR,1785766292.500483,0.401824,3.342320,0.094133
Passive DS-TWR,1785766292.517787,0.283349,3.452765,0.093706
Passive DS-TWR,1785766292.542227,0.362945,3.295959,0.137059
Passive DS-TWR,1785766292.583574,0.409629,3.328529,0.109639
Passive DS-TWR,1785766292.597818,0.319690,3.299486,0.143995
Passive DS-TWR,1785766292.628676,0.289592,3.371987,0.104541
Passive DS-TWR,1785766292.670702,0.339419,3.346024,0.093450
Passive DS-TWR,1785766292.681992,0.295786,3.408130,0.082724
Passive DS-TWR,1785766292.743883,0.353640,3.426379,0.022065
Passive DS-TWR,1785766292.774866,0.357344,3.348268,0.086031
Passive DS-TWR,1785766292.775049,0.394273,3.389953,0.046777
Passive DS-TWR,1785766292.843985,0.335046,3.427545,0.040100
Passive DS-TWR,1785766292.860358,0.336517,3.330060,0.109375
Passive DS-TWR,1785766292.884602,0.295550,3.407578,0.083114
Passive DS-TWR,1785766292.932571,0.304545,3.344077,0.112961
Passive DS-TWR,1785766293.072072,0.398118,3.331987,0.103175
Passive DS-TWR,1785766293.106320,0.339418,3.431561,0.035433
Passive DS-TWR,1785766293.158509,0.292182,3.441512,0.083146
Passive DS-TWR,1785766293.173071,0.336076,3.291583,0.146153
Passive DS-TWR,1785766293.339202,0.357524,3.419363,0.021736
Passive DS-TWR,1785766293.378224,0.336030,3.275098,0.162118
Passive DS-TWR,1785766293.396509,0.278999,3.422853,0.096324
Passive DS-TWR,1785766293.468046,0.417055,3.413709,0.046210
Passive DS-TWR,1785766293.472106,0.378313,3.426610,0.006839
Passive DS-TWR,1785766293.511421,0.336755,3.326912,0.112247
Passive DS-TWR,1785766293.554169,0.333927,3.423942,0.041797
Passive DS-TWR,1785766293.558289,0.314870,3.303697,0.142080
Passive DS-TWR,1785766293.641752,0.302725,3.377616,0.090625
Passive DS-TWR,1785766293.684890,0.359660,3.445205,0.019793
Passive DS-TWR,1785766293.729091,0.333690,3.419512,0.043150
Passive DS-TWR,1785766293.904897,0.395596,3.359919,0.075492
Passive DS-TWR,1785766293.905193,0.351606,3.318270,0.116570
Passive DS-TWR,1785766293.905310,0.284060,3.357701,0.117626
Passive DS-TWR,1785766293.978588,0.312244,3.364043,0.092761
Passive DS-TWR,1785766293.978794,0.418867,3.346028,0.097037
Passive DS-TWR,1785766294.067343,0.399543,3.354931,0.081410
Passive DS-TWR,1785766294.069579,0.305862,3.283495,0.164197
Passive DS-TWR,1785766294.153285,0.312197,3.302887,0.143958
Passive DS-TWR,1785766294.164870,0.301090,3.372034,0.095368
Passive DS-TWR,1785766294.197389,0.294746,3.446440,0.081296
Passive DS-TWR,1785766294.197725,0.337480,3.334741,0.104655
Passive DS-TWR,1785766294.212528,0.293584,3.395223,0.089398
Passive DS-TWR,1785766294.246468,0.407874,3.387472,0.055848
Passive DS-TWR,1785766294.246646,0.334691,3.480172,0.062324
Passive DS-TWR,1785766294.269287,0.331373,3.309099,0.130834
Passive DS-TWR,1785766294.417223,0.403294,3.331030,0.105386
Passive DS-TWR,1785766294.458375,0.322380,3.435508,0.052545
Passive DS-TWR,1785766294.507827,0.408934,3.425191,0.034870
Passive DS-TWR,1785766294.517933,0.310664,3.312810,0.135811
Passive DS-TWR,1785766294.719163,0.364400,3.341585,0.091514
Passive DS-TWR,1785766294.863939,0.300457,3.380069,0.091004
Passive DS-TWR,1785766294.891606,0.389309,3.359921,0.074009
Passive DS-TWR,1785766294.926244,0.337056,3.294623,0.142962
Passive DS-TWR,1785766294.953817,0.257785,3.410674,0.119072
Passive DS-TWR,1785766294.969115,0.346318,3.294163,0.141248
Passive DS-TWR,1785766295.009605,0.379271,3.451027,0.019048
Passive DS-TWR,1785766295.057624,0.398343,3.391456,0.047299
Passive DS-TWR,1785766295.081925,0.374742,3.433833,0.001335
Passive DS-TWR,1785766295.108907,0.285085,3.433855,0.089763
Passive DS-TWR,1785766295.142341,0.383576,3.322419,0.110429
Passive DS-TWR,1785766295.190723,0.288376,3.389753,0.096453
Passive DS-TWR,1785766295.313910,0.285140,3.368492,0.110196
Passive DS-TWR,1785766295.380987,0.298587,3.381582,0.091690
Passive DS-TWR,1785766295.563662,0.334910,3.328682,0.111233
Passive DS-TWR,1785766295.563775,0.276196,3.353397,0.126443
Passive DS-TWR,1785766295.568275,0.398903,3.451812,0.030854
Passive DS-TWR,1785766295.593747,0.341453,3.437437,0.033748
Passive DS-TWR,1785766295.611396,0.325896,3.307462,0.134277
Passive DS-TWR,1785766295.654111,0.397036,3.340961,0.094194
Passive DS-TWR,1785766295.695436,0.433071,3.345510,0.104683
Passive DS-TWR,1785766295.736735,0.326925,3.440895,0.048643
Passive DS-TWR,1785766295.750682,0.289944,3.353535,0.115943
Passive DS-TWR,1785766295.823942,0.341703,3.290505,0.145811
Passive DS-TWR,1785766295.849767,0.262982,3.405931,0.114969
Passive DS-TWR,1785766295.880839,0.304151,3.339683,0.116670
Passive DS-TWR,1785766295.938149,0.389436,3.435535,0.014909
Passive DS-TWR,1785766295.980712,0.386195,3.392504,0.041579
Passive DS-TWR,1785766296.036691,0.392291,3.362316,0.072323
Passive DS-TWR,1785766296.074587,0.291580,3.332110,0.130424
Passive DS-TWR,1785766296.161126,0.399762,3.347451,0.088627
Passive DS-TWR,1785766296.191658,0.363060,3.301539,0.131491
Passive DS-TWR,1785766296.234390,0.358354,3.467667,0.038838
Passive DS-TWR,1785766296.247544,0.317725,3.292054,0.151616
Passive DS-TWR,1785766296.270890,0.288105,3.465163,0.092680
Passive DS-TWR,1785766296.286546,0.398704,3.313946,0.120934
Passive DS-TWR,1785766296.289086,0.341906,3.426888,0.033408
Passive DS-TWR,1785766296.332041,0.366357,3.280860,0.151878
Passive DS-TWR,1785766296.332500,0.293860,3.372069,0.101042
Passive DS-TWR,1785766296.336643,0.431972,3.398062,0.066710
Passive DS-TWR,1785766296.372803,0.409792,3.413791,0.039647
Passive DS-TWR,1785766296.373774,0.327297,3.306502,0.134670
Passive DS-TWR,1785766296.425945,0.289805,3.396014,0.092531
Passive DS-TWR,1785766296.436588,0.336060,3.277891,0.159400
Passive DS-TWR,1785766296.471626,0.309608,3.390217,0.077737
Passive DS-TWR,1785766296.532811,0.300248,3.401120,0.080923
Passive DS-TWR,1785766296.543753,0.368641,3.425180,0.009592
Passive DS-TWR,1785766296.629807,0.351697,3.412817,0.030381
Passive DS-TWR,1785766296.630774,0.343500,3.307243,0.129119
Passive DS-TWR,1785766296.735257,0.406612,3.354039,0.084652
Passive DS-TWR,1785766296.774101,0.279333,3.344474,0.129885
Passive DS-TWR,1785766296.813663,0.416656,3.311905,0.127641
Passive DS-TWR,1785766296.821276,0.378973,3.327330,0.105253
Passive DS-TWR,1785766296.853274,0.274473,3.370847,0.117790
Passive DS-TWR,1785766296.855803,0.379953,3.385620,0.047160
Passive DS-TWR,1785766296.982707,0.386481,3.342062,0.091186
Passive DS-TWR,1785766297.172436,0.375536,3.293092,0.139411
Passive DS-TWR,1785766297.220652,0.301941,3.369504,0.096347
Passive DS-TWR,1785766297.237135,0.415306,3.340658,0.100363
Passive DS-TWR,1785766297.257730,0.367785,3.415368,0.018528
Passive DS-TWR,1785766297.269341,0.333351,3.304631,0.134432
Passive DS-TWR,1785766297.307986,0.273821,3.333086,0.141732
Passive DS-TWR,1785766297.308177,0.428960,3.448970,0.056572
Passive DS-TWR,1785766297.312255,0.340958,3.418978,0.036480
Passive DS-TWR,1785766297.399086,0.368009,3.316283,0.116419
Passive DS-TWR,1785766297.440406,0.352956,3.404014,0.035922
Passive DS-TWR,1785766297.478625,0.323676,3.309428,0.133284
Passive DS-TWR,1785766297.615248,0.395923,3.347920,0.087170
Passive DS-TWR,1785766297.686647,0.307613,3.283007,0.163915
Passive DS-TWR,1785766297.733292,0.310940,3.329874,0.120894
Passive DS-TWR,1785766297.734890,0.287396,3.407827,0.090857
Passive DS-TWR,1785766297.780758,0.345196,3.303848,0.132024
Passive DS-TWR,1785766297.824060,0.370519,3.413144,0.019833
Passive DS-TWR,1785766297.859316,0.340464,3.291136,0.145485
Passive DS-TWR,1785766297.882267,0.388132,3.335621,0.097788
Passive DS-TWR,1785766297.926819,0.341837,3.317557,0.119588
Passive DS-TWR,1785766297.980089,0.269357,3.406599,0.108615
Passive DS-TWR,1785766298.042073,0.386632,3.376332,0.057394
Passive DS-TWR,1785766298.042738,0.334520,3.340810,0.100164
Passive DS-TWR,1785766298.131800,0.299109,3.357882,0.106316
Passive DS-TWR,1785766298.144085,0.393519,3.416114,0.024850
Passive DS-TWR,1785766298.217645,0.430076,3.402029,0.063085
Passive DS-TWR,1785766298.303425,0.366308,3.319943,0.112882
Passive DS-TWR,1785766298.331983,0.298102,3.344324,0.116892
Passive DS-TWR,1785766298.341977,0.358310,3.439532,0.017962
Passive DS-TWR,1785766298.371438,0.325171,3.312103,0.130241
Passive DS-TWR,1785766298.381102,0.303961,3.335262,0.120329
Passive DS-TWR,1785766298.437897,0.371074,3.292115,0.140437
Passive DS-TWR,1785766298.438116,0.296825,3.359076,0.107132
Passive DS-TWR,1785766298.448288,0.401095,3.341018,0.095177
Passive DS-TWR,1785766298.529846,0.291649,3.399959,0.089328
Passive DS-TWR,1785766298.530205,0.428610,3.390225,0.068401
Passive DS-TWR,1785766298.784212,0.385548,3.408906,0.025912
Passive DS-TWR,1785766298.823696,0.264678,3.339009,0.144485
Passive DS-TWR,1785766298.855155,0.391431,3.367868,0.066729
Passive DS-TWR,1785766298.882757,0.379867,3.414798,0.018404
Passive DS-TWR,1785766298.919899,0.319039,3.443067,0.056791
Passive DS-TWR,1785766298.933075,0.338345,3.317776,0.120390
Passive DS-TWR,1785766299.017973,0.290417,3.373365,0.103073
Passive DS-TWR,1785766299.060848,0.335963,3.328242,0.111272
Passive DS-TWR,1785766299.147929,0.292194,3.394345,0.091027
Passive DS-TWR,1785766299.359252,0.382054,3.315790,0.116935
Passive DS-TWR,1785766299.390902,0.352622,3.302592,0.131795
Passive DS-TWR,1785766299.409781,0.267205,3.384663,0.117786
Passive DS-TWR,1785766299.419568,0.389993,3.367049,0.067184
Passive DS-TWR,1785766299.500533,0.269616,3.432229,0.105222
Passive DS-TWR,1785766299.502005,0.395662,3.425262,0.022046
Passive DS-TWR,1785766299.509213,0.358474,3.267623,0.165688
Passive DS-TWR,1785766299.631419,0.327065,3.416852,0.050272
Passive DS-TWR,1785766299.673698,0.343461,3.299820,0.136341
Passive DS-TWR,1785766299.930206,0.380764,3.389233,0.043672
Passive DS-TWR,1785766299.945792,0.406736,3.429285,0.032059
Passive DS-TWR,1785766299.956875,0.321929,3.311706,0.131875
Passive DS-TWR,1785766300.234755,0.271418,3.331692,0.144424
Passive DS-TWR,1785766300.278804,0.376029,3.268865,0.163641
Passive DS-TWR,1785766300.314913,0.285818,3.402705,0.093875
Passive DS-TWR,1785766300.359693,0.332560,3.321380,0.118892
Passive DS-TWR,1785766300.359831,0.264443,3.420019,0.111099
Passive DS-TWR,1785766300.401855,0.367259,3.337288,0.095514
Passive DS-TWR,1785766300.444292,0.288164,3.373943,0.104602
Passive DS-TWR,1785766300.445511,0.395723,3.331160,0.103471
Passive DS-TWR,1785766300.448696,0.387769,3.427007,0.014049
Passive DS-TWR,1785766300.486010,0.337415,3.297258,0.140326
Passive DS-TWR,1785766300.486290,0.292275,3.385783,0.094865
Passive DS-TWR,1785766300.607167,0.330133,3.312209,0.128331
Passive DS-TWR,1785766300.619952,0.276545,3.384120,0.109555
Passive DS-TWR,1785766300.725756,0.358955,3.370944,0.063573
Passive DS-TWR,1785766300.758613,0.272214,3.378858,0.115799
Passive DS-TWR,1785766300.838373,0.404280,3.338884,0.098138
Passive DS-TWR,1785766300.852934,0.359869,3.301374,0.131980
Passive DS-TWR,1785766300.896189,0.339775,3.431121,0.035091
Passive DS-TWR,1785766301.003314,0.316318,3.320163,0.126667
Passive DS-TWR,1785766301.273133,0.302683,3.353392,0.107074
Passive DS-TWR,1785766301.285185,0.396546,3.331984,0.102835
Passive DS-TWR,1785766301.328300,0.386729,3.344674,0.088629
Passive DS-TWR,1785766301.425049,0.410378,3.324135,0.114046
Passive DS-TWR,1785766301.428796,0.377392,3.275613,0.156909
Passive DS-TWR,1785766301.472279,0.352418,3.458595,0.034403
Passive DS-TWR,1785766301.511621,0.361606,3.282241,0.150842
Passive DS-TWR,1785766301.637043,0.286030,3.323194,0.140837
Passive DS-TWR,1785766301.648131,0.407774,3.328642,0.108956
Passive DS-TWR,1785766301.676404,0.230146,3.467187,0.148791
Passive DS-TWR,1785766301.765636,0.292488,3.356864,0.111815
Passive DS-TWR,1785766301.841019,0.277587,3.368606,0.116364
Passive DS-TWR,1785766301.885034,0.392578,3.425250,0.019165
Passive DS-TWR,1785766301.911945,0.398554,3.323183,0.111861
Passive DS-TWR,1785766301.990518,0.427786,3.420575,0.054274
Passive DS-TWR,1785766302.034997,0.288139,3.370717,0.106462
Passive DS-TWR,1785766302.035226,0.390623,3.377944,0.056795
Passive DS-TWR,1785766302.048130,0.353136,3.402086,0.037364
Passive DS-TWR,1785766302.085043,0.274422,3.414866,0.101953
Passive DS-TWR,1785766302.123294,0.396222,3.352161,0.083137
Passive DS-TWR,1785766302.227916,0.315059,3.452041,0.062892
Passive DS-TWR,1785766302.227996,0.261962,3.336015,0.148495
Passive DS-TWR,1785766302.228082,0.254127,3.445051,0.121362
Passive DS-TWR,1785766302.228165,0.403552,3.376935,0.062546
Passive DS-TWR,1785766302.247530,0.363542,3.412776,0.022732
Passive DS-TWR,1785766302.276878,0.283497,3.357574,0.118141
Passive DS-TWR,1785766302.311534,0.408287,3.392661,0.052020
Passive DS-TWR,1785766302.348330,0.299710,3.401050,0.081446
Passive DS-TWR,1785766302.352800,0.407025,3.407146,0.040974
Passive DS-TWR,1785766302.378044,0.359024,3.428158,0.016400
Passive DS-TWR,1785766302.391398,0.339299,3.305417,0.131961
Passive DS-TWR,1785766302.463178,0.338638,3.309580,0.128141
Passive DS-TWR,1785766302.612774,0.275475,3.376100,0.114256
Passive DS-TWR,1785766302.684268,0.298183,3.343323,0.117597
Passive DS-TWR,1785766302.685525,0.400400,3.304717,0.130316
Passive DS-TWR,1785766302.688391,0.335462,3.484953,0.065587
Passive DS-TWR,1785766302.731397,0.377420,3.316056,0.116474
Passive DS-TWR,1785766302.736143,0.424962,3.415904,0.052801
Passive DS-TWR,1785766302.772452,0.311679,3.422314,0.063976
Passive DS-TWR,1785766302.777874,0.356981,3.312399,0.121423
Passive DS-TWR,1785766302.837439,0.323550,3.332699,0.112210
Passive DS-TWR,1785766302.859143,0.275352,3.373270,0.115784
Passive DS-TWR,1785766302.915467,0.321104,3.323737,0.121314
Passive DS-TWR,1785766302.917483,0.286038,3.385667,0.100394
Passive DS-TWR,1785766302.960571,0.396326,3.315309,0.119146
Passive DS-TWR,1785766303.016975,0.392854,3.335527,0.098633
Passive DS-TWR,1785766303.078819,0.390297,3.335908,0.097822
Passive DS-TWR,1785766303.160249,0.368918,3.440679,0.010096
Passive DS-TWR,1785766303.197240,0.284243,3.462690,0.095493
Passive DS-TWR,1785766303.197516,0.420656,3.407174,0.052352
Passive DS-TWR,1785766303.200943,0.262289,3.397020,0.118010
Passive DS-TWR,1785766303.248751,0.392808,3.378937,0.056498
Passive DS-TWR,1785766303.301168,0.290151,3.382810,0.098189
Passive DS-TWR,1785766303.338061,0.342823,3.409762,0.039269
Passive DS-TWR,1785766303.401149,0.382852,3.350903,0.081991
Passive DS-TWR,1785766303.401792,0.357565,3.410708,0.027809
Passive DS-TWR,1785766303.412561,0.318943,3.361762,0.090158
Passive DS-TWR,1785766303.456534,0.338369,3.415087,0.040414
Passive DS-TWR,1785766303.494131,0.306100,3.349596,0.107695
Passive DS-TWR,1785766303.502146,0.277512,3.440451,0.097650
Passive DS-TWR,1785766303.605081,0.371445,3.407264,0.025464
Passive DS-TWR,1785766303.621971,0.230319,3.371545,0.156849
Passive DS-TWR,1785766303.722540,0.380875,3.352397,0.080332
Passive DS-TWR,1785766303.951467,0.301748,3.383207,0.088160
Passive DS-TWR,1785766303.975954,0.451043,3.377328,0.094081
Passive DS-TWR,1785766303.976057,0.378579,3.473317,0.040987
Passive DS-TWR,1785766303.991135,0.430386,3.292643,0.150485
Passive DS-TWR,1785766304.314395,0.388067,3.397755,0.037179
Passive DS-TWR,1785766304.315721,0.299486,3.329758,0.127414
Passive DS-TWR,1785766304.315850,0.406016,3.347744,0.090310
Passive DS-TWR,1785766304.315943,0.296153,3.417353,0.080130
Passive DS-TWR,1785766304.372904,0.336050,3.304684,0.133573
Passive DS-TWR,1785766304.549770,0.268327,3.370944,0.123020
Passive DS-TWR,1785766304.550186,0.367328,3.403948,0.029525
Passive DS-TWR,1785766304.586912,0.344688,3.314370,0.121918
Passive DS-TWR,1785766304.602314,0.268583,3.454390,0.108487
Passive DS-TWR,1785766304.659248,0.389295,3.336175,0.097405
Passive DS-TWR,1785766304.695074,0.386781,3.416826,0.019706
Passive DS-TWR,1785766304.695657,0.341654,3.300418,0.136188
Passive DS-TWR,1785766304.741558,0.287692,3.413742,0.089143
Passive DS-TWR,1785766305.059395,0.309272,3.377673,0.085470
Passive DS-TWR,1785766305.061699,0.338813,3.428317,0.036268
Passive DS-TWR,1785766305.106621,0.381402,3.328540,0.104168
Passive DS-TWR,1785766305.106967,0.287955,3.332513,0.132463
Passive DS-TWR,1785766305.107168,0.384983,3.335569,0.097462
Passive DS-TWR,1785766305.162809,0.275968,3.363436,0.120605
Passive DS-TWR,1785766305.212522,0.397664,3.358497,0.077445
Passive DS-TWR,1785766305.214231,0.366167,3.303131,0.129661
Passive DS-TWR,1785766305.221360,0.293587,3.399730,0.087611
Passive DS-TWR,1785766305.259617,0.392547,3.363853,0.070896
Passive DS-TWR,1785766305.260175,0.306259,3.446708,0.070035
Passive DS-TWR,1785766305.305867,0.345317,3.287282,0.148190
Passive DS-TWR,1785766305.349343,0.292791,3.372572,0.101604
Passive DS-TWR,1785766305.428263,0.287160,3.299437,0.159354
Passive DS-TWR,1785766305.445796,0.390681,3.331356,0.102378
Passive DS-TWR,1785766305.445953,0.366190,3.411634,0.022589
Passive DS-TWR,1785766305.489500,0.393400,3.317037,0.116946
Passive DS-TWR,1785766305.490813,0.286200,3.357093,0.116375
Passive DS-TWR,1785766305.505109,0.419120,3.397866,0.056218
Passive DS-TWR,1785766305.548475,0.307663,3.323415,0.128111
Passive DS-TWR,1785766305.552931,0.399051,3.337997,0.097557
Passive DS-TWR,1785766305.583413,0.335052,3.443161,0.041189
Passive DS-TWR,1785766305.613538,0.376022,3.281598,0.150908
Passive DS-TWR,1785766305.613777,0.290110,3.351791,0.117017
Passive DS-TWR,1785766305.616276,0.408092,3.350426,0.088556
Passive DS-TWR,1785766305.682036,0.362898,3.433384,0.011973
Passive DS-TWR,1785766305.682268,0.327757,3.291895,0.148280
Passive DS-TWR,1785766305.696575,0.316488,3.438330,0.058641
Passive DS-TWR,1785766305.728211,0.359905,3.320472,0.113020
Passive DS-TWR,1785766305.734010,0.290393,3.355712,0.114139
Passive DS-TWR,1785766305.770721,0.398137,3.363478,0.072850
Passive DS-TWR,1785766305.771474,0.418070,3.423546,0.044150
Passive DS-TWR,1785766305.780937,0.336328,3.303425,0.134699
Passive DS-TWR,1785766305.816772,0.293904,3.393139,0.089999
Passive DS-TWR,1785766305.861556,0.291595,3.371466,0.103222
Passive DS-TWR,1785766305.921664,0.326432,3.312923,0.129004
Passive DS-TWR,1785766305.946991,0.419399,3.370267,0.076542
Passive DS-TWR,1785766305.961679,0.330016,3.433725,0.044839
Passive DS-TWR,1785766305.974034,0.378572,3.278138,0.154409
Passive DS-TWR,1785766306.015999,0.381096,3.438780,0.008865
Passive DS-TWR,1785766306.048304,0.346472,3.333074,0.103395
Passive DS-TWR,1785766306.101214,0.348334,3.319786,0.115790
Passive DS-TWR,1785766306.124563,0.286467,3.378924,0.103344
Passive DS-TWR,1785766306.151308,0.402405,3.280457,0.154523
Passive DS-TWR,1785766306.195779,0.395860,3.336360,0.098413
Passive DS-TWR,1785766306.208230,0.399633,3.421751,0.027025
Passive DS-TWR,1785766306.241184,0.373417,3.304346,0.128163
Passive DS-TWR,1785766306.245798,0.306917,3.324122,0.127904
Passive DS-TWR,1785766306.284248,0.399295,3.299909,0.134829
Passive DS-TWR,1785766306.284739,0.381151,3.409640,0.023717
Passive DS-TWR,1785766306.295842,0.331070,3.301908,0.137733
Passive DS-TWR,1785766306.350453,0.297573,3.367060,0.101255
Passive DS-TWR,1785766306.391854,0.315023,3.427718,0.060006
Passive DS-TWR,1785766306.392134,0.285734,3.380377,0.103231
Passive DS-TWR,1785766306.438035,0.272217,3.376945,0.116695
Passive DS-TWR,1785766306.448019,0.407748,3.387216,0.055981
Passive DS-TWR,1785766306.482510,0.375837,3.405385,0.027134
Passive DS-TWR,1785766306.529686,0.396469,3.395347,0.042992
Passive DS-TWR,1785766306.569525,0.334112,3.308391,0.130622
Passive DS-TWR,1785766306.569632,0.271975,3.345724,0.134578
Passive DS-TWR,1785766306.576801,0.388387,3.377963,0.056196
Passive DS-TWR,1785766306.612741,0.373792,3.424674,0.007897
Passive DS-TWR,1785766306.614834,0.338959,3.309156,0.128458
Passive DS-TWR,1785766306.667121,0.424750,3.418433,0.051856
Passive DS-TWR,1785766306.751133,0.373822,3.433297,0.001291
Passive DS-TWR,1785766306.840815,0.405131,3.319148,0.117331
Passive DS-TWR,1785766306.848730,0.375516,3.430044,0.002549
Passive DS-TWR,1785766306.881506,0.335426,3.337721,0.102648
Passive DS-TWR,1785766306.885499,0.267485,3.358451,0.130415
Passive DS-TWR,1785766306.945472,0.339040,3.352113,0.087999
Passive DS-TWR,1785766306.952090,0.300749,3.397607,0.081895
Passive DS-TWR,1785766306.960168,0.412320,3.323400,0.115360
Passive DS-TWR,1785766306.997101,0.367504,3.303114,0.129595
Passive DS-TWR,1785766307.020231,0.282514,3.369533,0.111753
Passive DS-TWR,1785766307.086658,0.326153,3.297659,0.143363
Passive DS-TWR,1785766307.178305,0.406214,3.356611,0.082120
Passive DS-TWR,1785766307.180260,0.290733,3.456559,0.087479
Passive DS-TWR,1785766307.189474,0.314519,3.292245,0.152677
Passive DS-TWR,1785766307.233347,0.346977,3.423424,0.029304
Passive DS-TWR,1785766307.450859,0.336108,3.466301,0.051405
Passive DS-TWR,1785766307.453495,0.354722,3.303617,0.130445
Passive DS-TWR,1785766307.462194,0.287822,3.388645,0.097444
Passive DS-TWR,1785766307.492433,0.375136,3.330379,0.102123
Passive DS-TWR,1785766307.492615,0.370057,3.417242,0.015991
Passive DS-TWR,1785766307.577972,0.313750,3.308813,0.137951
Passive DS-TWR,1785766307.626156,0.380691,3.431746,0.005901
Passive DS-TWR,1785766307.670207,0.355900,3.292830,0.140950
Passive DS-TWR,1785766307.711118,0.369643,3.304505,0.128102
Passive DS-TWR,1785766307.717575,0.252353,3.348837,0.148332
Passive DS-TWR,1785766307.757637,0.396597,3.367741,0.068318
Passive DS-TWR,1785766307.797163,0.283222,3.362449,0.115330
Passive DS-TWR,1785766307.797386,0.407965,3.351172,0.087817
Passive DS-TWR,1785766307.840779,0.380378,3.458087,0.026179
Passive DS-TWR,1785766307.879866,0.361191,3.407635,0.028366
Passive DS-TWR,1785766307.905101,0.364452,3.319832,0.113148
Passive DS-TWR,1785766307.909456,0.289806,3.390757,0.094727
Passive DS-TWR,1785766307.991561,0.296177,3.387606,0.090572
Passive DS-TWR,1785766308.038414,0.409928,3.332936,0.105568
Passive DS-TWR,1785766308.039499,0.293549,3.361152,0.108161
Passive DS-TWR,1785766308.048252,0.381888,3.337118,0.095644
Passive DS-TWR,1785766308.076045,0.382949,3.398352,0.035100
Passive DS-TWR,1785766308.101136,0.346606,3.314080,0.121741
Passive DS-TWR,1785766308.132666,0.414518,3.327192,0.112537
Passive DS-TWR,1785766308.135807,0.368592,3.412552,0.020904
Passive DS-TWR,1785766308.168236,0.332735,3.299950,0.139077
Passive DS-TWR,1785766308.309573,0.296806,3.394844,0.086643
Passive DS-TWR,1785766308.345431,0.319883,3.436830,0.055126
Passive DS-TWR,1785766308.345572,0.379703,3.304685,0.127909
Passive DS-TWR,1785766308.357709,0.288190,3.382546,0.100018
Passive DS-TWR,1785766308.380922,0.392673,3.358652,0.075972
Passive DS-TWR,1785766308.459538,0.379830,3.408980,0.024045
Passive DS-TWR,1785766308.459803,0.291302,3.339160,0.125264
Passive DS-TWR,1785766308.459985,0.398997,3.418339,0.028004
Passive DS-TWR,1785766308.469500,0.341168,3.323922,0.113681
Passive DS-TWR,1785766308.512118,0.405483,3.382709,0.058467
Passive DS-TWR,1785766308.513080,0.361584,3.402178,0.033094
Passive DS-TWR,1785766308.548724,0.301427,3.307868,0.144647
Passive DS-TWR,1785766308.565070,0.302692,3.372244,0.094001
Passive DS-TWR,1785766308.565295,0.405379,3.351946,0.086151
Passive DS-TWR,1785766308.617285,0.354188,3.317608,0.116735
Passive DS-TWR,1785766308.629070,0.293143,3.371781,0.101790
Passive DS-TWR,1785766308.661261,0.386218,3.409289,0.025852
Passive DS-TWR,1785766308.663804,0.332046,3.338045,0.103698
Passive DS-TWR,1785766308.742878,0.330481,3.328223,0.113321
Passive DS-TWR,1785766308.743016,0.274800,3.360834,0.123061
Passive DS-TWR,1785766308.778608,0.425021,3.395047,0.062619
Passive DS-TWR,1785766308.795594,0.316565,3.306042,0.139240
Passive DS-TWR,1785766308.922421,0.390873,3.278900,0.154437
Passive DS-TWR,1785766308.944248,0.255596,3.453969,0.121160
Passive DS-TWR,1785766308.990795,0.304427,3.346822,0.110900
Passive DS-TWR,1785766308.997224,0.273076,3.398764,0.107209
Passive DS-TWR,1785766309.008591,0.401817,3.354339,0.082687
Passive DS-TWR,1785766309.047116,0.352802,3.298978,0.135330
Passive DS-TWR,1785766309.066795,0.278548,3.353015,0.124860
Passive DS-TWR,1785766309.095873,0.388288,3.396279,0.038639
Passive DS-TWR,1785766309.109205,0.332918,3.280533,0.157644
Passive DS-TWR,1785766309.236875,0.344463,3.446030,0.033252
Passive DS-TWR,1785766309.237969,0.359144,3.299282,0.134141
Passive DS-TWR,1785766309.279164,0.279810,3.333615,0.137146
Passive DS-TWR,1785766309.323006,0.320977,3.285474,0.156583
Passive DS-TWR,1785766309.325544,0.289295,3.401631,0.090943
Passive DS-TWR,1785766309.328230,0.394091,3.412248,0.027944
Passive DS-TWR,1785766309.386564,0.298313,3.338010,0.121593
Passive DS-TWR,1785766309.393218,0.412520,3.322448,0.116326
Passive DS-TWR,1785766309.431260,0.296384,3.436106,0.078537
Passive DS-TWR,1785766309.594232,0.269008,3.339891,0.140630
Passive DS-TWR,1785766309.600654,0.342273,3.438706,0.033151
Passive DS-TWR,1785766309.632938,0.342970,3.317756,0.119089
Passive DS-TWR,1785766309.674878,0.312283,3.343807,0.108535
Passive DS-TWR,1785766309.722637,0.405596,3.318228,0.118341
Passive DS-TWR,1785766309.777756,0.396181,3.295048,0.139101
Passive DS-TWR,1785766309.809546,0.365233,3.438084,0.011110
Passive DS-TWR,1785766309.957902,0.268849,3.358863,0.129060
Passive DS-TWR,1785766310.005991,0.351278,3.299042,0.135523
Passive DS-TWR,1785766310.048080,0.362090,3.422796,0.016022
Passive DS-TWR,1785766310.085117,0.279784,3.398806,0.100850
Passive DS-TWR,1785766310.167566,0.405720,3.321534,0.115185
Passive DS-TWR,1785766310.215480,0.313320,3.341872,0.109536
Passive DS-TWR,1785766310.262863,0.336869,3.291890,0.145648
Passive DS-TWR,1785766310.298502,0.278960,3.336401,0.135750
Passive DS-TWR,1785766310.505772,0.419330,3.374749,0.072903
Passive DS-TWR,1785766310.536355,0.357024,3.416690,0.023820
Passive DS-TWR,1785766310.536539,0.308273,3.327925,0.123965
Passive DS-TWR,1785766310.559941,0.373804,3.330815,0.101692
Passive DS-TWR,1785766310.584840,0.363619,3.402803,0.031747
Passive DS-TWR,1785766310.584927,0.331232,3.303846,0.135844
Passive DS-TWR,1785766310.597006,0.287552,3.472806,0.096143
Passive DS-TWR,1785766310.627632,0.338666,3.465548,0.048996
Passive DS-TWR,1785766310.646806,0.334056,3.303171,0.135608
Passive DS-TWR,1785766310.661625,0.278891,3.395584,0.102805
Passive DS-TWR,1785766310.705289,0.350909,3.413639,0.030470
Passive DS-TWR,1785766310.710797,0.314772,3.302343,0.143350
Passive DS-TWR,1785766310.818362,0.396820,3.326167,0.108583
Passive DS-TWR,1785766310.842968,0.345583,3.414314,0.034448
Passive DS-TWR,1785766310.868211,0.386357,3.332804,0.100361
Passive DS-TWR,1785766310.962721,0.347292,3.427992,0.027913
Passive DS-TWR,1785766310.966439,0.358426,3.306673,0.126895
Passive DS-TWR,1785766310.989255,0.287051,3.371456,0.106926
Passive DS-TWR,1785766311.056763,0.405787,3.364625,0.074599
Passive DS-TWR,1785766311.095763,0.380325,3.415246,0.018107
Passive DS-TWR,1785766311.098188,0.329419,3.299906,0.140159
Passive DS-TWR,1785766311.109256,0.294148,3.358902,0.109214
Passive DS-TWR,1785766311.140002,0.408133,3.350120,0.088855
Passive DS-TWR,1785766311.226722,0.337313,3.302527,0.135283
Passive DS-TWR,1785766311.237340,0.281584,3.373197,0.110514
Passive DS-TWR,1785766311.268026,0.396396,3.310311,0.124078
Passive DS-TWR,1785766311.269086,0.317457,3.456628,0.062247
Passive DS-TWR,1785766311.355262,0.348066,3.343932,0.092528
Passive DS-TWR,1785766311.368902,0.278527,3.336482,0.135999
Passive DS-TWR,1785766311.413369,0.342966,3.310319,0.126271
Passive DS-TWR,1785766311.460928,0.385256,3.430275,0.010653
Passive DS-TWR,1785766311.507270,0.297749,3.385967,0.090046
Passive DS-TWR,1785766311.530911,0.358314,3.433483,0.016553
Passive DS-TWR,1785766311.548394,0.322763,3.313150,0.130217
Passive DS-TWR,1785766311.560516,0.288066,3.376286,0.103391
Passive DS-TWR,1785766311.593136,0.397729,3.310539,0.124092
Passive DS-TWR,1785766311.593662,0.364810,3.421822,0.014650
Passive DS-TWR,1785766311.606345,0.331113,3.307013,0.132888
Passive DS-TWR,1785766311.648871,0.301846,3.411207,0.076035
Passive DS-TWR,1785766311.694504,0.350048,3.308078,0.126869
Passive DS-TWR,1785766311.694698,0.280522,3.399836,0.099813
Passive DS-TWR,1785766311.696322,0.383294,3.328374,0.104470
Passive DS-TWR,1785766311.712970,0.315093,3.459050,0.065378
Passive DS-TWR,1785766311.745132,0.317038,3.299024,0.145455
Passive DS-TWR,1785766311.776725,0.282099,3.388765,0.102535
Passive DS-TWR,1785766311.790867,0.388828,3.424376,0.016178
Passive DS-TWR,1785766311.841174,0.375965,3.444242,0.011795
Passive DS-TWR,1785766311.941935,0.303675,3.375531,0.091159
Passive DS-TWR,1785766311.980854,0.395915,3.382780,0.054005
Passive DS-TWR,1785766311.991863,0.344841,3.285390,0.150139
Passive DS-TWR,1785766312.024449,0.257525,3.386584,0.125979
Passive DS-TWR,1785766312.069283,0.279978,3.337560,0.134211
Passive DS-TWR,1785766312.112704,0.399889,3.389660,0.049627
Passive DS-TWR,1785766312.117256,0.349164,3.287801,0.146960
Passive DS-TWR,1785766312.144150,0.300304,3.347566,0.113002
Passive DS-TWR,1785766312.158412,0.394296,3.340592,0.093946
Passive DS-TWR,1785766312.211290,0.389938,3.291672,0.141637
Passive DS-TWR,1785766312.261296,0.281354,3.435131,0.093522
Passive DS-TWR,1785766312.297462,0.395153,3.316359,0.117906
Passive DS-TWR,1785766312.346736,0.414329,3.377035,0.068088
Passive DS-TWR,1785766312.353016,0.355795,3.466600,0.039056
Passive DS-TWR,1785766312.386998,0.359182,3.330407,0.103288
Passive DS-TWR,1785766312.389864,0.318174,3.381156,0.076467
Passive DS-TWR,1785766312.400465,0.385932,3.365766,0.067652
Passive DS-TWR,1785766312.437818,0.368358,3.441533,0.011116
Passive DS-TWR,1785766312.440603,0.378459,3.299669,0.132882
Passive DS-TWR,1785766312.633963,0.277125,3.409754,0.100326
Passive DS-TWR,1785766312.645563,0.278482,3.326403,0.143323
Passive DS-TWR,1785766312.686059,0.358006,3.417930,0.022264
Passive DS-TWR,1785766312.710892,0.321633,3.296723,0.145830
Passive DS-TWR,1785766312.735770,0.403743,3.387374,0.053591
Passive DS-TWR,1785766312.740090,0.384388,3.429692,0.009954
Passive DS-TWR,1785766312.786389,0.334850,3.285181,0.152652
Passive DS-TWR,1785766312.790095,0.240990,3.374345,0.145937
Passive DS-TWR,1785766312.802416,0.339274,3.412475,0.040816
Passive DS-TWR,1785766312.993439,0.364050,3.304186,0.128768
Passive DS-TWR,1785766312.993904,0.328418,3.428838,0.046564
Passive DS-TWR,1785766313.036016,0.355426,3.332676,0.101696
Passive DS-TWR,1785766313.038426,0.321189,3.370552,0.081951
Passive DS-TWR,1785766313.258748,0.390922,3.364103,0.070264
Passive DS-TWR,1785766313.277864,0.305672,3.313789,0.137392
Passive DS-TWR,1785766313.289854,0.251564,3.351830,0.147325
Passive DS-TWR,1785766313.306892,0.432252,3.416582,0.059579
Passive DS-TWR,1785766313.327799,0.362443,3.407023,0.028334
Passive DS-TWR,1785766313.333384,0.323766,3.302273,0.139885
Passive DS-TWR,1785766313.413696,0.392771,3.342132,0.092131
Passive DS-TWR,1785766313.414451,0.289726,3.375503,0.102435
Passive DS-TWR,1785766313.428674,0.373729,3.349307,0.083202
Passive DS-TWR,1785766313.608614,0.297085,3.353331,0.110966
Passive DS-TWR,1785766313.616683,0.391621,3.452932,0.026439
Passive DS-TWR,1785766313.651736,0.325993,3.428137,0.049041
Passive DS-TWR,1785766313.655131,0.330387,3.302506,0.137386
Passive DS-TWR,1785766313.697343,0.382549,3.419722,0.014926
Passive DS-TWR,1785766313.740641,0.310700,3.304808,0.142896
Passive DS-TWR,1785766313.784278,0.345218,3.356175,0.081873
Passive DS-TWR,1785766313.797462,0.305054,3.370440,0.093389
Passive DS-TWR,1785766313.829411,0.390723,3.335125,0.098664
Passive DS-TWR,1785766313.829538,0.344169,3.420946,0.032774
Passive DS-TWR,1785766313.873651,0.340848,3.307462,0.129577
Passive DS-TWR,1785766313.919653,0.377318,3.301322,0.131203
Passive DS-TWR,1785766313.937306,0.309559,3.386767,0.079706
Passive DS-TWR,1785766313.939299,0.395024,3.321605,0.112719
Passive DS-TWR,1785766313.962937,0.384598,3.466801,0.035661
Passive DS-TWR,1785766313.978787,0.385538,3.283089,0.149795
Passive DS-TWR,1785766314.005846,0.286810,3.346119,0.123333
Passive DS-TWR,1785766314.067995,0.287270,3.439881,0.087878
Passive DS-TWR,1785766314.117402,0.286147,3.354589,0.118053
Passive DS-TWR,1785766314.138887,0.398074,3.334219,0.100992
Passive DS-TWR,1785766314.155150,0.399558,3.419573,0.027896
Passive DS-TWR,1785766314.165637,0.377755,3.313762,0.118776
Passive DS-TWR,1785766314.202427,0.404979,3.397791,0.045971
Passive DS-TWR,1785766314.246685,0.354437,3.305523,0.128607
Passive DS-TWR,1785766314.257618,0.420422,3.386636,0.064665
Passive DS-TWR,1785766314.290470,0.330390,3.420792,0.045965
Passive DS-TWR,1785766314.294086,0.332357,3.298744,0.140342
Passive DS-TWR,1785766314.337115,0.419063,3.421515,0.045569
Passive DS-TWR,1785766314.423619,0.346156,3.413553,0.034376
Passive DS-TWR,1785766314.423859,0.380349,3.305074,0.127547
Passive DS-TWR,1785766314.445762,0.306783,3.393311,0.078533
Passive DS-TWR,1785766314.465694,0.367121,3.432880,0.007727
Passive DS-TWR,1785766314.508315,0.328106,3.346151,0.098185
Passive DS-TWR,1785766314.508539,0.299315,3.394646,0.084480
Passive DS-TWR,1785766314.512261,0.437208,3.395555,0.072491
Passive DS-TWR,1785766314.551448,0.313042,3.304966,0.141719
Passive DS-TWR,1785766314.566372,0.284230,3.365902,0.112452
Passive DS-TWR,1785766314.594400,0.381280,3.375941,0.056926
Passive DS-TWR,1785766314.595409,0.341193,3.448766,0.037371
Passive DS-TWR,1785766314.745631,0.287554,3.394243,0.095301
Passive DS-TWR,1785766314.746955,0.304014,3.353192,0.106331
Passive DS-TWR,1785766314.747173,0.403958,3.324836,0.111534
Passive DS-TWR,1785766314.747348,0.322132,3.300338,0.142285
Passive DS-TWR,1785766314.778919,0.409799,3.347679,0.091745
Passive DS-TWR,1785766314.805771,0.335836,3.323953,0.115342
Passive DS-TWR,1785766314.840310,0.291300,3.423716,0.083999
Passive DS-TWR,1785766314.850407,0.364105,3.435167,0.011060
Passive DS-TWR,1785766314.889559,0.294083,3.379341,0.096682
Passive DS-TWR,1785766314.991788,0.402525,3.352342,0.084806
Passive DS-TWR,1785766315.005731,0.325542,3.324923,0.118335
Passive DS-TWR,1785766315.051051,0.360981,3.422624,0.017017
Passive DS-TWR,1785766315.062166,0.352355,3.300249,0.134150
Passive DS-TWR,1785766315.095607,0.307983,3.435581,0.066926
Passive DS-TWR,1785766315.411672,0.400142,3.352870,0.083555
Passive DS-TWR,1785766315.466963,0.286581,3.473432,0.097287
Passive DS-TWR,1785766315.526293,0.338766,3.321709,0.116517
Passive DS-TWR,1785766315.715035,0.343711,3.294415,0.141551
Passive DS-TWR,1785766315.717474,0.299206,3.358987,0.105474
Passive DS-TWR,1785766315.759403,0.393157,3.337604,0.096650
Passive DS-TWR,1785766315.759699,0.361838,3.399714,0.035271
Passive DS-TWR,1785766315.766149,0.366715,3.301790,0.130964
Passive DS-TWR,1785766315.825933,0.286415,3.385727,0.100032
Passive DS-TWR,1785766315.826158,0.397566,3.367341,0.069010
Passive DS-TWR,1785766315.826321,0.371582,3.422395,0.010618
Passive DS-TWR,1785766315.830003,0.296675,3.302805,0.151429
Passive DS-TWR,1785766315.972249,0.289752,3.348080,0.119862
Passive DS-TWR,1785766316.016164,0.392188,3.343731,0.090450
Passive DS-TWR,1785766316.054352,0.290853,3.360007,0.110946
Passive DS-TWR,1785766316.115058,0.358663,3.274956,0.158374
Passive DS-TWR,1785766316.118642,0.267222,3.361542,0.128905
Passive DS-TWR,1785766316.165985,0.339085,3.318185,0.119777
Passive DS-TWR,1785766316.182027,0.288775,3.357194,0.114360
Passive DS-TWR,1785766316.221529,0.404067,3.457048,0.038168
Passive DS-TWR,1785766316.229354,0.279253,3.461875,0.099997
Passive DS-TWR,1785766316.267168,0.410489,3.388689,0.056485
Passive DS-TWR,1785766316.277395,0.315715,3.311900,0.134314
Passive DS-TWR,1785766316.341789,0.412151,3.435714,0.037451
Passive DS-TWR,1785766316.364283,0.338065,3.306764,0.131004
Passive DS-TWR,1785766316.364430,0.298367,3.415918,0.078249
Passive DS-TWR,1785766316.368728,0.415378,3.352301,0.089864
Passive DS-TWR,1785766316.409868,0.386300,3.415103,0.020834
Passive DS-TWR,1785766316.557976,0.310801,3.326637,0.123726
Passive DS-TWR,1785766316.566921,0.293360,3.359921,0.109118
Passive DS-TWR,1785766316.576542,0.351922,3.440708,0.024342
Passive DS-TWR,1785766316.652037,0.384660,3.374991,0.058343
Passive DS-TWR,1785766316.655391,0.385396,3.428071,0.011449
Passive DS-TWR,1785766316.661384,0.376862,3.294820,0.137696
Passive DS-TWR,1785766316.755357,0.369162,3.302639,0.129986
Passive DS-TWR,1785766316.811624,0.282430,3.413869,0.094268
Passive DS-TWR,1785766316.811764,0.406321,3.383790,0.057999
Passive DS-TWR,1785766316.811844,0.271073,3.446885,0.104757
Passive DS-TWR,1785766316.813779,0.337383,3.320588,0.118015
Passive DS-TWR,1785766316.937749,0.304649,3.351926,0.106860
Passive DS-TWR,1785766316.979914,0.402951,3.397273,0.045071
Passive DS-TWR,1785766316.980389,0.340367,3.412103,0.040055
Passive DS-TWR,1785766317.007960,0.279239,3.372307,0.112972
Passive DS-TWR,1785766317.026735,0.410653,3.317884,0.120082
Passive DS-TWR,1785766317.026862,0.359282,3.411247,0.026340
Passive DS-TWR,1785766317.066868,0.315489,3.324415,0.123309
Passive DS-TWR,1785766317.076089,0.395992,3.372048,0.064048
Passive DS-TWR,1785766317.126645,0.370996,3.293623,0.138932
Passive DS-TWR,1785766317.270185,0.277613,3.382975,0.109114
Passive DS-TWR,1785766317.284556,0.347211,3.415210,0.032593
Passive DS-TWR,1785766317.326817,0.311491,3.301797,0.145247
Passive DS-TWR,1785766317.329310,0.406037,3.349748,0.088439
Passive DS-TWR,1785766317.504809,0.426223,3.433720,0.051399
Passive DS-TWR,1785766317.546690,0.425127,3.447866,0.052583
Passive DS-TWR,1785766317.547322,0.353805,3.451340,0.028237
Passive DS-TWR,1785766317.557538,0.347106,3.303928,0.131531
Passive DS-TWR,1785766317.590172,0.290628,3.343584,0.122465
Passive DS-TWR,1785766317.622530,0.384405,3.260186,0.172581
Passive DS-TWR,1785766317.633621,0.349179,3.303262,0.131762
Passive DS-TWR,1785766317.664033,0.287267,3.363988,0.111189
Passive DS-TWR,1785766317.707700,0.282171,3.408700,0.095676
Passive DS-TWR,1785766317.776990,0.343707,3.299009,0.137075
Passive DS-TWR,1785766317.779868,0.281871,3.385317,0.104256
Passive DS-TWR,1785766317.779986,0.391943,3.361323,0.073204
Passive DS-TWR,1785766317.823857,0.365625,3.312529,0.120326
Passive DS-TWR,1785766317.829553,0.307043,3.348472,0.107968
Passive DS-TWR,1785766318.027636,0.298536,3.375514,0.095234
Passive DS-TWR,1785766318.032690,0.409696,3.371882,0.069927
Passive DS-TWR,1785766318.073036,0.327651,3.415286,0.050230
Passive DS-TWR,1785766318.073258,0.315380,3.336404,0.113004
Passive DS-TWR,1785766318.118281,0.305811,3.364614,0.096817
Passive DS-TWR,1785766318.156678,0.336380,3.305129,0.133051
Passive DS-TWR,1785766318.157220,0.283223,3.386488,0.102522
Passive DS-TWR,1785766318.236202,0.381731,3.324271,0.108450
Passive DS-TWR,1785766318.332173,0.342462,3.485951,0.062490
Passive DS-TWR,1785766318.377955,0.426281,3.359053,0.089672
Passive DS-TWR,1785766318.378121,0.327553,3.438253,0.047634
Passive DS-TWR,1785766318.389537,0.361792,3.312065,0.121141
Passive DS-TWR,1785766318.426424,0.287653,3.338514,0.128199
Passive DS-TWR,1785766318.433879,0.343809,3.450453,0.035848
Passive DS-TWR,1785766318.517556,0.318847,3.289012,0.154027
Passive DS-TWR,1785766318.584440,0.356719,3.420160,0.021923
Passive DS-TWR,1785766318.646350,0.352980,3.311218,0.123237
Passive DS-TWR,1785766318.686902,0.273938,3.340945,0.136248
Passive DS-TWR,1785766318.689826,0.364118,3.412601,0.022604
Passive DS-TWR,1785766318.742051,0.282003,3.334702,0.134844
Passive DS-TWR,1785766318.774334,0.351732,3.419766,0.026384
Passive DS-TWR,1785766318.821588,0.381862,3.377516,0.055432
Passive DS-TWR,1785766318.874441,0.311979,3.322563,0.126640
Passive DS-TWR,1785766318.912179,0.268074,3.385568,0.116625
Passive DS-TWR,1785766318.935040,0.413211,3.307139,0.131104
Passive DS-TWR,1785766318.936473,0.336490,3.438196,0.038769
Passive DS-TWR,1785766319.081583,0.369275,3.449551,0.017934
Passive DS-TWR,1785766319.136846,0.350407,3.401650,0.039354
Passive DS-TWR,1785766319.179630,0.332588,3.331610,0.109381
Passive DS-TWR,1785766319.179748,0.280569,3.354296,0.122486
Passive DS-TWR,1785766319.249709,0.284278,3.324927,0.140618
Passive DS-TWR,1785766319.269248,0.433157,3.436329,0.058444
Passive DS-TWR,1785766319.414356,0.441017,3.398615,0.074350
Passive DS-TWR,1785766319.456764,0.332891,3.417797,0.044450
Passive DS-TWR,1785766319.486628,0.337618,3.342827,0.097092
Passive DS-TWR,1785766319.493755,0.287573,3.357442,0.115105
Passive DS-TWR,1785766319.657234,0.413388,3.312461,0.126078
Passive DS-TWR,1785766319.669460,0.338297,3.298578,0.138819
Passive DS-TWR,1785766319.705190,0.361888,3.354082,0.079481
Passive DS-TWR,1785766319.713367,0.395813,3.425696,0.022052
Passive DS-TWR,1785766319.755465,0.310532,3.358361,0.098144
Passive DS-TWR,1785766319.789922,0.343890,3.433075,0.030954
Passive DS-TWR,1785766319.927694,0.353070,3.306604,0.127765
Passive DS-TWR,1785766320.005596,0.341547,3.310709,0.126260
Passive DS-TWR,1785766320.010099,0.276517,3.470739,0.105495
Passive DS-TWR,1785766320.017941,0.396202,3.364672,0.071114
Passive DS-TWR,1785766320.147882,0.361076,3.452021,0.023883
Passive DS-TWR,1785766320.148058,0.395710,3.345420,0.089548
Passive DS-TWR,1785766320.193897,0.351127,3.287179,0.147244
Passive DS-TWR,1785766320.197851,0.291824,3.367772,0.105268
Passive DS-TWR,1785766320.276511,0.293971,3.369055,0.102786
Passive DS-TWR,1785766320.416990,0.320965,3.424883,0.054410
Passive DS-TWR,1785766320.463204,0.361741,3.303593,0.129572
Passive DS-TWR,1785766320.464007,0.285489,3.365838,0.111478
Passive DS-TWR,1785766320.466689,0.407566,3.357988,0.081384
Passive DS-TWR,1785766320.480607,0.383547,3.417084,0.017707
Passive DS-TWR,1785766320.528559,0.327319,3.290366,0.149869
Passive DS-TWR,1785766320.534147,0.293782,3.353547,0.113155
Passive DS-TWR,1785766320.581721,0.282466,3.405348,0.096281
Passive DS-TWR,1785766320.599671,0.395743,3.304315,0.129880
Passive DS-TWR,1785766320.634968,0.406990,3.431699,0.032162
Passive DS-TWR,1785766320.635076,0.311208,3.289336,0.156669
Passive DS-TWR,1785766320.645952,0.298540,3.400222,0.082845
Passive DS-TWR,1785766320.693649,0.338792,3.302522,0.134885
Passive DS-TWR,1785766320.857420,0.281186,3.428603,0.093734
Passive DS-TWR,1785766320.922230,0.276811,3.372297,0.115039
Passive DS-TWR,1785766320.934505,0.372495,3.265570,0.166948
Passive DS-TWR,1785766321.025406,0.238012,3.381198,0.146128
Passive DS-TWR,1785766321.026438,0.266174,3.387436,0.117639
Passive DS-TWR,1785766321.026603,0.390780,3.336855,0.096966
Passive DS-TWR,1785766321.026734,0.374396,3.457289,0.024791
Passive DS-TWR,1785766321.026810,0.354376,3.329132,0.105376
Passive DS-TWR,1785766321.061618,0.272196,3.344524,0.135187
Passive DS-TWR,1785766321.104708,0.313038,3.316452,0.131480
Passive DS-TWR,1785766321.191883,0.364134,3.387001,0.046743
Passive DS-TWR,1785766321.206988,0.326422,3.309823,0.131887
Passive DS-TWR,1785766321.238435,0.269707,3.315996,0.156928
Passive DS-TWR,1785766321.279916,0.322429,3.289616,0.152194
Passive DS-TWR,1785766321.286398,0.282291,3.328149,0.139480
Passive DS-TWR,1785766321.411766,0.358924,3.301853,0.131614
Passive DS-TWR,1785766321.454784,0.371587,3.408862,0.023862
Passive DS-TWR,1785766321.461672,0.364629,3.282763,0.150086
Passive DS-TWR,1785766321.494085,0.243591,3.373800,0.143777
Passive DS-TWR,1785766321.494301,0.387678,3.368361,0.065413
Passive DS-TWR,1785766321.538215,0.342755,3.329585,0.107802
Passive DS-TWR,1785766321.541717,0.293968,3.343432,0.120306
Passive DS-TWR,1785766321.591131,0.330227,3.310301,0.130089
Passive DS-TWR,1785766321.626393,0.268896,3.437294,0.106051
Passive DS-TWR,1785766321.718284,0.321794,3.302774,0.140153
Passive DS-TWR,1785766321.758692,0.295313,3.322427,0.135797
Passive DS-TWR,1785766321.759601,0.398892,3.333110,0.102261
Passive DS-TWR,1785766321.809766,0.395413,3.390951,0.046365
Passive DS-TWR,1785766321.861706,0.301103,3.391891,0.084179
Passive DS-TWR,1785766321.893303,0.405581,3.336529,0.100776
Passive DS-TWR,1785766321.919797,0.384794,3.409935,0.024665
Passive DS-TWR,1785766322.103699,0.333376,3.431480,0.041475
Passive DS-TWR,1785766322.106781,0.326856,3.286773,0.153424
Passive DS-TWR,1785766322.122790,0.270624,3.375431,0.118818
Passive DS-TWR,1785766322.147022,0.421800,3.408949,0.052536
Passive DS-TWR,1785766322.147157,0.337701,3.422654,0.038421
Passive DS-TWR,1785766322.176554,0.337185,3.287162,0.150137
Passive DS-TWR,1785766322.202614,0.286963,3.359077,0.114513
Passive DS-TWR,1785766322.202846,0.381564,3.321230,0.111475
Passive DS-TWR,1785766322.244826,0.351296,3.422041,0.025762
Passive DS-TWR,1785766322.251714,0.305991,3.377597,0.088060
Passive DS-TWR,1785766322.294223,0.252380,3.326468,0.161985
Passive DS-TWR,1785766322.333074,0.307722,3.378679,0.086032
Passive DS-TWR,1785766322.333465,0.412566,3.406339,0.045911
Passive DS-TWR,1785766322.338501,0.362897,3.421493,0.016241
Passive DS-TWR,1785766322.376923,0.318849,3.314615,0.130507
Passive DS-TWR,1785766322.377089,0.315750,3.385119,0.075740
Passive DS-TWR,1785766322.405222,0.389785,3.306543,0.126842
Passive DS-TWR,1785766322.426435,0.346723,3.299256,0.136179
Passive DS-TWR,1785766322.467652,0.376482,3.354114,0.078404
Passive DS-TWR,1785766322.515352,0.387775,3.354003,0.079557
Passive DS-TWR,1785766322.552696,0.381511,3.322089,0.110613
Passive DS-TWR,1785766322.565511,0.259575,3.440690,0.115554
Passive DS-TWR,1785766322.598480,0.404159,3.415299,0.033995
Passive DS-TWR,1785766322.625256,0.331637,3.330343,0.110918
Passive DS-TWR,1785766322.688326,0.336527,3.302668,0.135368
Passive DS-TWR,1785766322.695768,0.297461,3.384073,0.091283
Passive DS-TWR,1785766322.809119,0.381187,3.433551,0.006435
Passive DS-TWR,1785766322.822068,0.281143,3.382501,0.106202
Passive DS-TWR,1785766322.864071,0.378389,3.357279,0.075306
Passive DS-TWR,1785766322.864233,0.340831,3.429299,0.034158
Passive DS-TWR,1785766322.899140,0.419719,3.416562,0.047627
Passive DS-TWR,1785766322.943671,0.308612,3.455099,0.069975
Passive DS-TWR,1785766322.949846,0.293628,3.364583,0.105868
Passive DS-TWR,1785766322.961005,0.357825,3.295815,0.137741
Passive DS-TWR,1785766322.994652,0.328551,3.421077,0.047676
Passive DS-TWR,1785766322.997595,0.341080,3.304904,0.131988
Passive DS-TWR,1785766323.119336,0.376994,3.283502,0.149015
Passive DS-TWR,1785766323.119465,0.291034,3.370218,0.104415
Passive DS-TWR,1785766323.238583,0.413075,3.318741,0.120014
Passive DS-TWR,1785766323.289572,0.345845,3.290530,0.144902
Passive DS-TWR,1785766323.289737,0.294717,3.386867,0.092206
Passive DS-TWR,1785766323.338982,0.295137,3.298732,0.155713
Passive DS-TWR,1785766323.339149,0.311505,3.372469,0.087264
Passive DS-TWR,1785766323.398177,0.273647,3.337928,0.138506
Passive DS-TWR,1785766323.574737,0.394049,3.294871,0.138964
Passive DS-TWR,1785766323.605490,0.306087,3.403214,0.074730
Passive DS-TWR,1785766323.637755,0.412856,3.412059,0.043165
Passive DS-TWR,1785766323.654697,0.338947,3.283114,0.153638
Passive DS-TWR,1785766323.851206,0.353797,3.311517,0.122800
Passive DS-TWR,1785766323.865567,0.387031,3.356743,0.076734
Passive DS-TWR,1785766323.873261,0.341745,3.431735,0.033102
Passive DS-TWR,1785766323.951200,0.263890,3.410132,0.113181
Passive DS-TWR,1785766323.957848,0.358196,3.348541,0.085594
Passive DS-TWR,1785766324.002873,0.289910,3.339198,0.126168
Passive DS-TWR,1785766324.006289,0.413680,3.425714,0.039430
Passive DS-TWR,1785766324.062738,0.347699,3.284667,0.150305
Passive DS-TWR,1785766324.077458,0.266142,3.416187,0.109914
Passive DS-TWR,1785766324.079120,0.407967,3.385472,0.057526
Passive DS-TWR,1785766324.113127,0.236706,3.396923,0.142641
Passive DS-TWR,1785766324.210969,0.423447,3.415429,0.051519
Passive DS-TWR,1785766324.257683,0.354974,3.446424,0.024257
Passive DS-TWR,1785766324.302327,0.354993,3.313679,0.120469
Passive DS-TWR,1785766324.303691,0.296979,3.388922,0.089226
Passive DS-TWR,1785766324.395983,0.412246,3.350443,0.090182
Passive DS-TWR,1785766324.440776,0.291571,3.348934,0.117970
Passive DS-TWR,1785766324.441001,0.393071,3.360337,0.074432
Passive DS-TWR,1785766324.480094,0.379299,3.438646,0.007593
Passive DS-TWR,1785766324.530071,0.395390,3.407959,0.032011
Passive DS-TWR,1785766324.533732,0.292301,3.301833,0.154553
Passive DS-TWR,1785766324.638315,0.282336,3.374917,0.108962
Passive DS-TWR,1785766324.681636,0.306278,3.446203,0.069916
Passive DS-TWR,1785766324.722699,0.407119,3.437369,0.032646
Passive DS-TWR,1785766324.760157,0.300765,3.371130,0.096194
Passive DS-TWR,1785766324.774665,0.353109,3.361193,0.074546
Passive DS-TWR,1785766324.809240,0.355981,3.314600,0.119400
Passive DS-TWR,1785766324.809365,0.289241,3.346434,0.121386
Passive DS-TWR,1785766324.856718,0.329910,3.457165,0.051253
Passive DS-TWR,1785766324.878236,0.281603,3.442759,0.093798
Passive DS-TWR,1785766324.928784,0.401367,3.405720,0.037696
Passive DS-TWR,1785766324.929313,0.371137,3.284451,0.148096
Passive DS-TWR,1785766325.018631,0.367081,3.282537,0.150165
Passive DS-TWR,1785766325.019042,0.410417,3.363817,0.077352
Passive DS-TWR,1785766325.025360,0.351850,3.435946,0.023246
Passive DS-TWR,1785766325.064442,0.358262,3.300078,0.133457
Passive DS-TWR,1785766325.064691,0.290668,3.483448,0.098388
Passive DS-TWR,1785766325.073375,0.436418,3.414806,0.064071
Passive DS-TWR,1785766325.111707,0.352004,3.273405,0.160727
Passive DS-TWR,1785766325.227978,0.373868,3.417178,0.015354
Passive DS-TWR,1785766325.228166,0.352332,3.337681,0.097455
Passive DS-TWR,1785766325.228264,0.265680,3.403593,0.112921
Passive DS-TWR,1785766325.228466,0.413646,3.363600,0.079079
Passive DS-TWR,1785766325.228631,0.383355,3.401488,0.032161
Passive DS-TWR,1785766325.277143,0.334670,3.288788,0.149222
Passive DS-TWR,1785766325.448472,0.251999,3.368134,0.138682
Passive DS-TWR,1785766325.491559,0.396984,3.389348,0.048504
Passive DS-TWR,1785766325.577544,0.284473,3.418166,0.091496
Passive DS-TWR,1785766325.706478,0.311430,3.377485,0.083950
Passive DS-TWR,1785766325.746269,0.389535,3.404398,0.031714
Passive DS-TWR,1785766325.750085,0.344289,3.325587,0.111193
Passive DS-TWR,1785766325.772016,0.278470,3.446039,0.097315
Passive DS-TWR,1785766325.797803,0.415744,3.391670,0.057796
Passive DS-TWR,1785766325.835304,0.280050,3.409076,0.097641
Passive DS-TWR,1785766325.849142,0.386120,3.354852,0.078465
Passive DS-TWR,1785766325.878138,0.355031,3.425698,0.020944
Passive DS-TWR,1785766325.943200,0.364884,3.336735,0.096283
Passive DS-TWR,1785766325.981302,0.282713,3.341029,0.129824
Passive DS-TWR,1785766325.984857,0.361899,3.443303,0.016856
Passive DS-TWR,1785766326.030664,0.367227,3.313172,0.119572
Passive DS-TWR,1785766326.030828,0.257484,3.347153,0.145108
Passive DS-TWR,1785766326.033932,0.384554,3.322212,0.110716
Passive DS-TWR,1785766326.073643,0.346059,3.443648,0.030863
Passive DS-TWR,1785766326.073909,0.331694,3.294853,0.144252
Passive DS-TWR,1785766326.089852,0.283260,3.409464,0.094432
Passive DS-TWR,1785766326.118724,0.431979,3.380965,0.076949
Passive DS-TWR,1785766326.118815,0.364824,3.409709,0.024896
Passive DS-TWR,1785766326.144455,0.332358,3.361037,0.083137
Passive DS-TWR,1785766326.182527,0.279574,3.402841,0.099776
Passive DS-TWR,1785766326.189268,0.401799,3.358613,0.078654
Passive DS-TWR,1785766326.286047,0.348543,3.303962,0.131201
Passive DS-TWR,1785766326.286196,0.268267,3.408655,0.109207
Passive DS-TWR,1785766326.329570,0.327194,3.315994,0.125873
Passive DS-TWR,1785766326.341226,0.268062,3.394213,0.113434
Passive DS-TWR,1785766326.385733,0.360484,3.409956,0.026727
Passive DS-TWR,1785766326.416742,0.268427,3.351832,0.133533
Passive DS-TWR,1785766326.582634,0.335570,3.331610,0.108265
Passive DS-TWR,1785766326.608107,0.287978,3.364820,0.110116
Passive DS-TWR,1785766326.625399,0.391771,3.344244,0.089867
Passive DS-TWR,1785766326.625473,0.370170,3.446106,0.014383
Passive DS-TWR,1785766326.667619,0.301528,3.323925,0.131009
Passive DS-TWR,1785766326.668964,0.279346,3.410616,0.097969
Passive DS-TWR,1785766326.673723,0.417416,3.345276,0.097062
Passive DS-TWR,1785766326.712949,0.412380,3.431939,0.037545
Passive DS-TWR,1785766326.714113,0.369680,3.302031,0.130573
Passive DS-TWR,1785766326.726646,0.291029,3.368125,0.105681
Passive DS-TWR,1785766326.784501,0.318931,3.330503,0.116316
Passive DS-TWR,1785766326.806474,0.293721,3.341318,0.122043
Passive DS-TWR,1785766326.852930,0.277403,3.413156,0.099338
Passive DS-TWR,1785766326.891127,0.390134,3.334925,0.098768
Passive DS-TWR,1785766326.918152,0.291125,3.370850,0.103966
Passive DS-TWR,1785766326.955081,0.380490,3.330125,0.102533
Passive DS-TWR,1785766326.995989,0.406488,3.338779,0.098922
Passive DS-TWR,1785766327.009190,0.378972,3.421722,0.011545
Passive DS-TWR,1785766327.048323,0.391340,3.315665,0.117996
Passive DS-TWR,1785766327.048521,0.285588,3.338247,0.129806
Passive DS-TWR,1785766327.057111,0.396873,3.375441,0.061167
Passive DS-TWR,1785766327.111784,0.294782,3.351878,0.113619
Passive DS-TWR,1785766327.133240,0.410663,3.387912,0.057198
Passive DS-TWR,1785766327.137561,0.310151,3.440268,0.065152
Passive DS-TWR,1785766327.184995,0.403337,3.357642,0.080101
Passive DS-TWR,1785766327.185254,0.307119,3.357220,0.101258
Passive DS-TWR,1785766327.189112,0.398587,3.328979,0.106211
Passive DS-TWR,1785766327.246512,0.282475,3.326326,0.140728
Passive DS-TWR,1785766327.327849,0.280015,3.395668,0.101726
Passive DS-TWR,1785766327.328035,0.401076,3.379059,0.059535
Passive DS-TWR,1785766327.329922,0.326847,3.411293,0.052469
Passive DS-TWR,1785766327.410460,0.366091,3.299273,0.133515
Passive DS-TWR,1785766327.410714,0.287668,3.383816,0.099845
Passive DS-TWR,1785766327.410986,0.364947,3.408157,0.026278
Passive DS-TWR,1785766327.546312,0.359095,3.293328,0.140061
Passive DS-TWR,1785766327.586991,0.380503,3.426024,0.008604
Passive DS-TWR,1785766327.631357,0.279397,3.334389,0.136876
Passive DS-TWR,1785766327.800442,0.421157,3.353506,0.091574
Passive DS-TWR,1785766327.806156,0.338900,3.283135,0.153629
Passive DS-TWR,1785766327.871020,0.354260,3.284150,0.149772
Passive DS-TWR,1785766327.886655,0.283791,3.391319,0.099929
Passive DS-TWR,1785766327.953019,0.398339,3.324418,0.110609
Passive DS-TWR,1785766327.994086,0.378961,3.421351,0.011888
Passive DS-TWR,1785766327.994279,0.305742,3.328869,0.124555
Passive DS-TWR,1785766328.097683,0.400715,3.430699,0.025939
Passive DS-TWR,1785766328.141562,0.341811,3.319861,0.117383
Passive DS-TWR,1785766328.141809,0.296760,3.398620,0.085113
Passive DS-TWR,1785766328.145002,0.413709,3.306421,0.131936
Passive DS-TWR,1785766328.183427,0.357446,3.456181,0.029381
Passive DS-TWR,1785766328.183840,0.346118,3.296384,0.139114
Passive DS-TWR,1785766328.198055,0.284145,3.423004,0.091189
Passive DS-TWR,1785766328.234697,0.398152,3.369706,0.066984
Passive DS-TWR,1785766328.235828,0.358370,3.427716,0.017150
Passive DS-TWR,1785766328.291538,0.360514,3.288725,0.144489
Passive DS-TWR,1785766328.292638,0.270403,3.433426,0.104440
Passive DS-TWR,1785766328.292769,0.415759,3.383752,0.063647
Passive DS-TWR,1785766328.292839,0.325890,3.453371,0.053211
Passive DS-TWR,1785766328.335554,0.331899,3.304989,0.134548
Passive DS-TWR,1785766328.430675,0.375892,3.379750,0.052762
Passive DS-TWR,1785766328.438211,0.332538,3.309171,0.130383
Passive DS-TWR,1785766328.475697,0.287224,3.353261,0.118132
Passive DS-TWR,1785766328.520301,0.357253,3.308338,0.125402
Passive DS-TWR,1785766328.521125,0.280732,3.424600,0.094437
Passive DS-TWR,1785766328.530349,0.387218,3.352797,0.080661
Passive DS-TWR,1785766328.567011,0.335048,3.297049,0.141176
Passive DS-TWR,1785766328.614083,0.366668,3.363477,0.069507
Passive DS-TWR,1785766328.655163,0.341257,3.287222,0.149111
Passive DS-TWR,1785766328.783612,0.280260,3.390759,0.103381
Passive DS-TWR,1785766328.787211,0.401926,3.351552,0.085362
Passive DS-TWR,1785766328.864930,0.395252,3.336374,0.098271
Passive DS-TWR,1785766328.879639,0.368327,3.413918,0.019691
Passive DS-TWR,1785766329.027669,0.341189,3.291121,0.145330
Passive DS-TWR,1785766329.035984,0.296858,3.336585,0.123616
Passive DS-TWR,1785766329.076478,0.324338,3.444759,0.051966
Passive DS-TWR,1785766329.079425,0.341621,3.329487,0.108238
Passive DS-TWR,1785766329.094714,0.302976,3.421403,0.072714
Passive DS-TWR,1785766329.173395,0.401586,3.373816,0.064494
Passive DS-TWR,1785766329.228229,0.287341,3.377015,0.103608
Passive DS-TWR,1785766329.404778,0.381694,3.326644,0.106079
Passive DS-TWR,1785766329.405104,0.348411,3.350781,0.085888
Passive DS-TWR,1785766329.406103,0.353477,3.425553,0.022463
Passive DS-TWR,1785766329.406312,0.379211,3.349233,0.083383
Passive DS-TWR,1785766329.414041,0.307212,3.398441,0.075720
Passive DS-TWR,1785766329.485565,0.338591,3.273093,0.163478
Passive DS-TWR,1785766329.486323,0.276185,3.356024,0.124825
Passive DS-TWR,1785766329.501315,0.404008,3.346697,0.090627
Passive DS-TWR,1785766329.541922,0.281830,3.368609,0.112840
Passive DS-TWR,1785766329.704649,0.368584,3.359057,0.073711
Passive DS-TWR,1785766329.718300,0.355041,3.307315,0.126742
Passive DS-TWR,1785766329.749165,0.311979,3.438965,0.063191
Passive DS-TWR,1785766329.792566,0.360592,3.356630,0.077198
Passive DS-TWR,1785766329.798243,0.305701,3.358258,0.101450
Passive DS-TWR,1785766329.885607,0.276897,3.365641,0.118587
Passive DS-TWR,1785766329.951001,0.393035,3.340759,0.093530
Passive DS-TWR,1785766329.953070,0.339709,3.428351,0.035374
Passive DS-TWR,1785766329.993446,0.283554,3.409883,0.094045
Passive DS-TWR,1785766330.041665,0.411464,3.389617,0.056396
Passive DS-TWR,1785766330.042384,0.333557,3.303442,0.135501
Passive DS-TWR,1785766330.063810,0.272434,3.358406,0.126400
Passive DS-TWR,1785766330.155428,0.394088,3.428459,0.019670
Passive DS-TWR,1785766330.184008,0.400395,3.306391,0.128674
Passive DS-TWR,1785766330.221322,0.401140,3.322845,0.112766
Passive DS-TWR,1785766330.231961,0.352602,3.313481,0.121080
Passive DS-TWR,1785766330.286639,0.271645,3.425397,0.103438
Passive DS-TWR,1785766330.294362,0.352591,3.307505,0.126961
Passive DS-TWR,1785766330.337743,0.342239,3.434813,0.032681
Passive DS-TWR,1785766330.383880,0.342199,3.316262,0.120735
Passive DS-TWR,1785766330.384019,0.265587,3.341810,0.141989
Passive DS-TWR,1785766330.386446,0.392707,3.326369,0.107626
Passive DS-TWR,1785766330.606153,0.358520,3.416280,0.023010
Passive DS-TWR,1785766330.838044,0.265654,3.349201,0.137332
Passive DS-TWR,1785766330.860335,0.397219,3.360012,0.075866
Passive DS-TWR,1785766330.870016,0.348217,3.302704,0.132499
Passive DS-TWR,1785766330.907502,0.411838,3.307926,0.129954
Passive DS-TWR,1785766330.924700,0.367688,3.408155,0.025375
Passive DS-TWR,1785766330.933145,0.311135,3.293584,0.152827
Passive DS-TWR,1785766330.968806,0.284133,3.373352,0.108287
Passive DS-TWR,1785766330.968958,0.401866,3.330131,0.105879
Passive DS-TWR,1785766330.977308,0.409243,3.405275,0.043874
Passive DS-TWR,1785766331.046166,0.400056,3.343639,0.092372
Passive DS-TWR,1785766331.062502,0.326693,3.359837,0.087167
Passive DS-TWR,1785766331.103761,0.290020,3.346803,0.120575
Passive DS-TWR,1785766331.115136,0.388894,3.407444,0.028731
Passive DS-TWR,1785766331.150514,0.305798,3.457877,0.073557
Passive DS-TWR,1785766331.192151,0.329156,3.301078,0.139137
Passive DS-TWR,1785766331.206350,0.303834,3.347621,0.110663
Passive DS-TWR,1785766331.235668,0.403555,3.317077,0.118943
Passive DS-TWR,1785766331.280365,0.350810,3.338091,0.097420
Passive DS-TWR,1785766331.280551,0.276414,3.452353,0.100407
Passive DS-TWR,1785766331.281631,0.391014,3.323090,0.110600
Passive DS-TWR,1785766331.313194,0.243858,3.419222,0.131652
Passive DS-TWR,1785766331.331501,0.411600,3.285573,0.151457
Passive DS-TWR,1785766331.334631,0.291707,3.385348,0.095573
Passive DS-TWR,1785766331.437529,0.288217,3.362459,0.111397
Passive DS-TWR,1785766331.438429,0.299648,3.374582,0.094912
Passive DS-TWR,1785766331.830718,0.382342,3.293405,0.139298
Passive DS-TWR,1785766331.861282,0.258814,3.377633,0.128344
Passive DS-TWR,1785766331.861511,0.422474,3.411998,0.051860
Passive DS-TWR,1785766331.886429,0.387097,3.425450,0.014142
Passive DS-TWR,1785766331.894505,0.338152,3.323490,0.115019
Passive DS-TWR,1785766331.925496,0.297042,3.448149,0.079354
Passive DS-TWR,1785766331.933047,0.420551,3.333057,0.109447
Passive DS-TWR,1785766331.968175,0.343429,3.352001,0.086411
Passive DS-TWR,1785766331.974208,0.290482,3.406166,0.088372
Passive DS-TWR,1785766332.027421,0.360186,3.411327,0.025749
Passive DS-TWR,1785766332.061569,0.299385,3.347817,0.113423
Passive DS-TWR,1785766332.065812,0.323232,3.407587,0.057306
Passive DS-TWR,1785766332.139702,0.352122,3.434833,0.022836
Passive DS-TWR,1785766332.157646,0.318299,3.328159,0.118676
Passive DS-TWR,1785766332.166481,0.269147,3.428681,0.105760
Passive DS-TWR,1785766332.201472,0.426987,3.360335,0.089036
Passive DS-TWR,1785766332.214025,0.323097,3.324979,0.119324
Passive DS-TWR,1785766332.247193,0.304332,3.362502,0.099353
Passive DS-TWR,1785766332.247436,0.431457,3.333773,0.113811
Passive DS-TWR,1785766332.259954,0.391619,3.407341,0.030243
Passive DS-TWR,1785766332.293229,0.381832,3.291926,0.140749
Passive DS-TWR,1785766332.299267,0.303639,3.380704,0.088047
Passive DS-TWR,1785766332.375171,0.273681,3.364059,0.122136
Passive DS-TWR,1785766332.413471,0.424897,3.408825,0.055375
Passive DS-TWR,1785766332.413585,0.403066,3.432226,0.028229
Passive DS-TWR,1785766332.413649,0.384519,3.282742,0.150072
Passive DS-TWR,1785766332.422626,0.288791,3.365722,0.108920
Passive DS-TWR,1785766332.496366,0.290792,3.306867,0.151155
Passive DS-TWR,1785766332.544613,0.347472,3.304127,0.131259
Passive DS-TWR,1785766332.686968,0.318998,3.296350,0.147157
Passive DS-TWR,1785766332.690988,0.397710,3.350309,0.085316
Passive DS-TWR,1785766332.705550,0.390011,3.401089,0.034885
Passive DS-TWR,1785766332.783000,0.315599,3.436340,0.059364
Passive DS-TWR,1785766332.790658,0.343091,3.310154,0.126399
Passive DS-TWR,1785766332.828166,0.288943,3.358808,0.113175
Passive DS-TWR,1785766332.828856,0.401145,3.388777,0.051028
Passive DS-TWR,1785766332.833499,0.354767,3.450163,0.026736
Passive DS-TWR,1785766332.876003,0.318433,3.321005,0.124952
Passive DS-TWR,1785766332.986533,0.333872,3.291991,0.146361
Passive DS-TWR,1785766333.040165,0.289303,3.406069,0.089526
Passive DS-TWR,1785766333.040327,0.378424,3.401464,0.031243
Passive DS-TWR,1785766333.082177,0.288342,3.400065,0.092378
Passive DS-TWR,1785766333.082328,0.402735,3.350420,0.086692
Passive DS-TWR,1785766333.135333,0.388007,3.311283,0.121932
Passive DS-TWR,1785766333.142699,0.288389,3.376814,0.102833
Passive DS-TWR,1785766333.192931,0.293536,3.377207,0.098324
Passive DS-TWR,1785766333.369892,0.412023,3.413251,0.041872
Passive DS-TWR,1785766333.376854,0.343718,3.307788,0.128537
Passive DS-TWR,1785766333.393357,0.295850,3.341193,0.120733
Passive DS-TWR,1785766333.430120,0.391471,3.316012,0.117671
Passive DS-TWR,1785766333.430930,0.322735,3.414210,0.055221
Passive DS-TWR,1785766333.433028,0.358262,3.276863,0.156518
Passive DS-TWR,1785766333.474902,0.296760,3.378702,0.094819
Passive DS-TWR,1785766333.475108,0.353734,3.408352,0.032072
Passive DS-TWR,1785766333.517615,0.315992,3.318119,0.128632
Passive DS-TWR,1785766333.697929,0.299340,3.287900,0.163125
Passive DS-TWR,1785766333.750157,0.358342,3.282455,0.150950
Passive DS-TWR,1785766333.780679,0.292471,3.359187,0.110270
Passive DS-TWR,1785766333.780849,0.389474,3.345204,0.088516
Passive DS-TWR,1785766333.837266,0.277449,3.419323,0.098277
Passive DS-TWR,1785766333.932674,0.412017,3.353644,0.087182
Passive DS-TWR,1785766333.935363,0.366897,3.441014,0.011642
Passive DS-TWR,1785766333.945028,0.348382,3.295574,0.139460
Passive DS-TWR,1785766333.985229,0.358350,3.411524,0.026682
Passive DS-TWR,1785766334.053964,0.295544,3.407225,0.083226
Passive DS-TWR,1785766334.113915,0.427974,3.398880,0.062879
Passive DS-TWR,1785766334.114642,0.342260,3.428404,0.032836
Passive DS-TWR,1785766334.157302,0.284111,3.331356,0.135874
Passive DS-TWR,1785766334.162421,0.408885,3.370801,0.070471
Passive DS-TWR,1785766334.205384,0.405547,3.281930,0.153671
Passive DS-TWR,1785766334.244684,0.392324,3.350735,0.083615
Passive DS-TWR,1785766334.244886,0.348715,3.437773,0.026650
Passive DS-TWR,1785766334.273852,0.312540,3.338853,0.112478
Passive DS-TWR,1785766334.288049,0.301301,3.318268,0.135857
Passive DS-TWR,1785766334.345640,0.294836,3.419003,0.081133
Passive DS-TWR,1785766334.401091,0.411444,3.380491,0.063600
Passive DS-TWR,1785766334.401479,0.371665,3.311934,0.120609
Passive DS-TWR,1785766334.417147,0.404403,3.371616,0.067684
Passive DS-TWR,1785766334.477639,0.267231,3.346206,0.137936
Passive DS-TWR,1785766334.492577,0.407369,3.390838,0.052860
Passive DS-TWR,1785766334.497260,0.324650,3.406703,0.056431
Passive DS-TWR,1785766334.534431,0.354430,3.305843,0.128292
Passive DS-TWR,1785766334.534575,0.304946,3.374941,0.090544
Passive DS-TWR,1785766334.660831,0.335221,3.287812,0.150015
Passive DS-TWR,1785766334.663579,0.297396,3.383681,0.091547
Passive DS-TWR,1785766334.673031,0.386089,3.328552,0.104557
Passive DS-TWR,1785766334.708262,0.379281,3.418957,0.014255
Passive DS-TWR,1785766334.904496,0.302546,3.295739,0.154694
Passive DS-TWR,1785766334.940075,0.288920,3.363478,0.110210
Passive DS-TWR,1785766334.945658,0.307011,3.416094,0.069784
Passive DS-TWR,1785766334.981102,0.386979,3.321753,0.111412
Passive DS-TWR,1785766334.983865,0.295339,3.368612,0.101990
Passive DS-TWR,1785766335.028771,0.409863,3.394199,0.051902
Passive DS-TWR,1785766335.036104,0.323414,3.319055,0.124557
Passive DS-TWR,1785766335.076769,0.392209,3.391096,0.044901
Passive DS-TWR,1785766335.079481,0.367834,3.417684,0.016390
Passive DS-TWR,1785766335.121216,0.286771,3.345179,0.124020
Passive DS-TWR,1785766335.126404,0.375001,3.333349,0.099152
Passive DS-TWR,1785766335.153030,0.325479,3.432228,0.049360
Passive DS-TWR,1785766335.169804,0.358503,3.282764,0.150626
Passive DS-TWR,1785766335.174430,0.282069,3.343599,0.128490
Passive DS-TWR,1785766335.222959,0.352766,3.298290,0.136015
Passive DS-TWR,1785766335.262240,0.297010,3.420281,0.078782
Passive DS-TWR,1785766335.262402,0.403643,3.304335,0.131363
Passive DS-TWR,1785766335.306109,0.268401,3.379647,0.118839
Passive DS-TWR,1785766335.315243,0.409597,3.308127,0.129140
Passive DS-TWR,1785766335.346483,0.360297,3.399473,0.036087
Passive DS-TWR,1785766335.448449,0.391096,3.361256,0.073077
Passive DS-TWR,1785766335.448636,0.336779,3.452890,0.043177
Passive DS-TWR,1785766335.449074,0.354736,3.303616,0.130444
Passive DS-TWR,1785766335.449212,0.283172,3.361586,0.115895
Passive DS-TWR,1785766335.449378,0.398717,3.354630,0.081450
Passive DS-TWR,1785766335.467644,0.389816,3.422905,0.017788
Passive DS-TWR,1785766335.493515,0.312657,3.320553,0.128059
Passive DS-TWR,1785766335.494497,0.270944,3.394310,0.110691
Passive DS-TWR,1785766335.544080,0.360692,3.298835,0.134413
Passive DS-TWR,1785766335.620762,0.296002,3.314048,0.142290
Passive DS-TWR,1785766335.623218,0.272603,3.383282,0.113466
Passive DS-TWR,1785766335.663109,0.410384,3.377679,0.065337
Passive DS-TWR,1785766335.699132,0.273455,3.344892,0.133993
Passive DS-TWR,1785766335.711479,0.394877,3.342974,0.091743
Passive DS-TWR,1785766335.713421,0.382518,3.427749,0.009031
Passive DS-TWR,1785766335.762011,0.421828,3.380675,0.069957
Passive DS-TWR,1785766335.801007,0.391467,3.384038,0.051237
Passive DS-TWR,1785766335.801156,0.340973,3.299317,0.137423
Passive DS-TWR,1785766335.814332,0.288928,3.360809,0.111895
Passive DS-TWR,1785766335.883550,0.362323,3.256550,0.176396
Passive DS-TWR,1785766335.884379,0.297731,3.370280,0.099082
Passive DS-TWR,1785766335.908591,0.335871,3.414999,0.042718
Passive DS-TWR,1785766335.944551,0.386415,3.292746,0.140234
Passive DS-TWR,1785766335.969060,0.277920,3.412669,0.098927
Passive DS-TWR,1785766335.991750,0.339088,3.432340,0.035751
Passive DS-TWR,1785766335.991922,0.333479,3.307924,0.131263
Passive DS-TWR,1785766336.036774,0.367220,3.395289,0.037984
Passive DS-TWR,1785766336.040313,0.372599,3.446836,0.014509
Passive DS-TWR,1785766336.079271,0.283157,3.364908,0.113905
Passive DS-TWR,1785766336.134315,0.239598,3.390993,0.141467
Passive DS-TWR,1785766336.171550,0.393032,3.354218,0.080370
Passive DS-TWR,1785766336.171837,0.326974,3.434573,0.047909
Passive DS-TWR,1785766336.204420,0.359195,3.312962,0.120559
Passive DS-TWR,1785766336.219049,0.281557,3.343773,0.128741
Passive DS-TWR,1785766336.219371,0.411185,3.384668,0.060076
Passive DS-TWR,1785766336.311382,0.261986,3.328490,0.153473
Passive DS-TWR,1785766336.341072,0.275408,3.360027,0.123040
Passive DS-TWR,1785766336.359782,0.396110,3.322676,0.111866
Passive DS-TWR,1785766336.359874,0.316087,3.401458,0.066449
Passive DS-TWR,1785766336.427236,0.430654,3.409119,0.060515
Passive DS-TWR,1785766336.452876,0.338930,3.331216,0.107463
Passive DS-TWR,1785766336.455538,0.248594,3.428423,0.126311
Passive DS-TWR,1785766336.501112,0.408685,3.306488,0.130480
Passive DS-TWR,1785766336.502800,0.351684,3.354347,0.081512
Passive DS-TWR,1785766336.584736,0.289467,3.363956,0.109485
Passive DS-TWR,1785766336.634713,0.343200,3.306997,0.129431
Passive DS-TWR,1785766336.681866,0.404248,3.372149,0.067137
Passive DS-TWR,1785766336.734201,0.297712,3.379162,0.093774
Passive DS-TWR,1785766336.734868,0.404065,3.364694,0.073838
Passive DS-TWR,1785766336.737257,0.336066,3.405239,0.047398
Passive DS-TWR,1785766336.781961,0.338393,3.323699,0.114744
Passive DS-TWR,1785766336.787105,0.380857,3.331771,0.100910
Passive DS-TWR,1785766336.826870,0.337452,3.415598,0.041030
Passive DS-TWR,1785766336.829524,0.320719,3.326271,0.119222
Passive DS-TWR,1785766336.981039,0.401279,3.333882,0.102103
Passive DS-TWR,1785766337.022330,0.327990,3.428369,0.047030
Passive DS-TWR,1785766337.073598,0.367422,3.414178,0.019768
Passive DS-TWR,1785766337.081394,0.344315,3.287785,0.147901
Passive DS-TWR,1785766337.124751,0.405628,3.413831,0.036008
Passive DS-TWR,1785766337.170473,0.407887,3.304574,0.132127
Passive DS-TWR,1785766337.186205,0.350513,3.437696,0.024874
Passive DS-TWR,1785766337.215917,0.361104,3.319035,0.114295
Passive DS-TWR,1785766337.222456,0.299784,3.330305,0.126796
Passive DS-TWR,1785766337.257992,0.406461,3.412997,0.037154
Passive DS-TWR,1785766337.263069,0.344284,3.436175,0.030774
Passive DS-TWR,1785766337.271006,0.350839,3.342013,0.093617
Passive DS-TWR,1785766337.305303,0.257923,3.352797,0.141499
Passive DS-TWR,1785766337.305503,0.402723,3.342822,0.093915
Passive DS-TWR,1785766337.314153,0.349433,3.452913,0.032590
Passive DS-TWR,1785766337.349582,0.316546,3.330468,0.117511
Passive DS-TWR,1785766337.352283,0.292108,3.371208,0.102962
Passive DS-TWR,1785766337.395110,0.411520,3.312000,0.125961
Passive DS-TWR,1785766337.398757,0.362148,3.281826,0.151209
Passive DS-TWR,1785766337.441593,0.273236,3.363626,0.122748
Passive DS-TWR,1785766337.541410,0.367646,3.444858,0.014297
Passive DS-TWR,1785766337.581243,0.368563,3.393317,0.039684
Passive DS-TWR,1785766337.621442,0.285907,3.338176,0.129638
Passive DS-TWR,1785766337.670377,0.287563,3.366673,0.109318
Passive DS-TWR,1785766337.719396,0.347292,3.294722,0.140506
Passive DS-TWR,1785766337.846726,0.275060,3.440620,0.100108
Passive DS-TWR,1785766337.847417,0.423436,3.288976,0.151530
Passive DS-TWR,1785766337.991729,0.388164,3.310594,0.122633
Passive DS-TWR,1785766338.129799,0.295224,3.371671,0.100194
Passive DS-TWR,1785766338.138978,0.402019,3.372646,0.065738
Passive DS-TWR,1785766338.146730,0.363479,3.458727,0.028580
Passive DS-TWR,1785766338.408832,0.368090,3.401524,0.031704
Passive DS-TWR,1785766338.434154,0.334720,3.301738,0.136779
Passive DS-TWR,1785766338.509640,0.286542,3.461736,0.093010
Passive DS-TWR,1785766338.553524,0.345113,3.439445,0.030525
Passive DS-TWR,1785766338.553789,0.357240,3.302355,0.131331
Passive DS-TWR,1785766338.567115,0.307007,3.354187,0.103606
Passive DS-TWR,1785766338.595335,0.401737,3.414437,0.032402
Passive DS-TWR,1785766338.596072,0.364381,3.413930,0.021314
Passive DS-TWR,1785766338.743045,0.315695,3.311214,0.134939
Passive DS-TWR,1785766338.777852,0.280712,3.396325,0.100839
Passive DS-TWR,1785766338.778086,0.404757,3.368992,0.070204
Passive DS-TWR,1785766338.786169,0.366814,3.456960,0.025741
Passive DS-TWR,1785766338.865741,0.313735,3.454796,0.065043
Passive DS-TWR,1785766338.870288,0.341073,3.299584,0.137139
Passive DS-TWR,1785766338.889202,0.302484,3.378605,0.090222
Passive DS-TWR,1785766338.926442,0.358961,3.445068,0.020248
Passive DS-TWR,1785766338.934640,0.323766,3.334642,0.110385
Passive DS-TWR,1785766338.977589,0.300621,3.347374,0.112937
Passive DS-TWR,1785766339.014086,0.311415,3.307270,0.140376
Passive DS-TWR,1785766339.014533,0.300561,3.320903,0.134057
Passive DS-TWR,1785766339.186018,0.401758,3.353030,0.083907
Passive DS-TWR,1785766339.228738,0.272025,3.446791,0.103802
Passive DS-TWR,1785766339.230114,0.401515,3.305331,0.129938
Passive DS-TWR,1785766339.234860,0.332349,3.433623,0.042505
Passive DS-TWR,1785766339.411340,0.409219,3.407650,0.042421
Passive DS-TWR,1785766339.443053,0.341597,3.429332,0.033393
Passive DS-TWR,1785766339.447386,0.284286,3.344830,0.126039
Passive DS-TWR,1785766339.480524,0.231877,3.377098,0.153322
Passive DS-TWR,1785766339.480895,0.395555,3.362520,0.072983
Passive DS-TWR,1785766339.489966,0.327285,3.430863,0.047582
Passive DS-TWR,1785766339.531887,0.264946,3.319705,0.157479
Passive DS-TWR,1785766339.532042,0.269097,3.366487,0.124656
Passive DS-TWR,1785766339.540955,0.394919,3.328312,0.106107
Passive DS-TWR,1785766339.633065,0.372127,3.402262,0.030361
Passive DS-TWR,1785766339.639862,0.376268,3.277530,0.154978
Passive DS-TWR,1785766339.727712,0.327182,3.321082,0.121183
Passive DS-TWR,1785766339.728550,0.266737,3.374365,0.122743
Passive DS-TWR,1785766339.731953,0.438181,3.389467,0.076579
Passive DS-TWR,1785766339.815669,0.383127,3.375027,0.058069
Passive DS-TWR,1785766339.815813,0.341212,3.407086,0.042151
Passive DS-TWR,1785766339.840993,0.334234,3.318550,0.120970
Passive DS-TWR,1785766339.858622,0.389608,3.386106,0.048690
Passive DS-TWR,1785766339.961866,0.434974,3.435681,0.060220
Passive DS-TWR,1785766339.962994,0.337106,3.316095,0.122370
Passive DS-TWR,1785766339.974720,0.289070,3.325254,0.137325
Passive DS-TWR,1785766340.059089,0.385561,3.404278,0.030192
Passive DS-TWR,1785766340.086261,0.377561,3.407301,0.025347
Passive DS-TWR,1785766340.103285,0.284327,3.428488,0.090601
Passive DS-TWR,1785766340.153709,0.337174,3.311058,0.127150
Passive DS-TWR,1785766340.186955,0.277463,3.373302,0.113959
Passive DS-TWR,1785766340.299198,0.285621,3.407024,0.092784
Passive DS-TWR,1785766340.324291,0.339335,3.444742,0.037554
Passive DS-TWR,1785766340.354904,0.352414,3.310449,0.124096
Passive DS-TWR,1785766340.369175,0.272460,3.411933,0.104424
Passive DS-TWR,1785766340.373732,0.423076,3.378842,0.072154
Passive DS-TWR,1785766340.385370,0.328118,3.450527,0.050077
Passive DS-TWR,1785766340.421680,0.358081,3.308268,0.125359
Passive DS-TWR,1785766340.426149,0.291619,3.370621,0.103704
Passive DS-TWR,1785766340.436545,0.398074,3.307837,0.126811
Passive DS-TWR,1785766340.470735,0.318833,3.448380,0.058213
Passive DS-TWR,1785766340.530129,0.353674,3.320085,0.114391
Passive DS-TWR,1785766340.573963,0.272443,3.325450,0.148138
Passive DS-TWR,1785766340.616655,0.334937,3.276340,0.161179
Passive DS-TWR,1785766340.617350,0.296972,3.365622,0.102645
Passive DS-TWR,1785766340.694794,0.286616,3.372551,0.106665
Passive DS-TWR,1785766340.712737,0.338826,3.432612,0.036012
Passive DS-TWR,1785766340.756789,0.334747,3.316617,0.122623
Passive DS-TWR,1785766340.756927,0.387054,3.344314,0.089029
Passive DS-TWR,1785766340.897249,0.377700,3.352124,0.080428
Passive DS-TWR,1785766340.899747,0.421795,3.456251,0.052621
Passive DS-TWR,1785766340.930216,0.340926,3.311620,0.125549
Passive DS-TWR,1785766340.934947,0.282531,3.365185,0.114247
Passive DS-TWR,1785766340.965460,0.369237,3.326377,0.106272
Passive DS-TWR,1785766340.965597,0.369861,3.412873,0.020250
Passive DS-TWR,1785766341.012012,0.356464,3.305211,0.128610
Passive DS-TWR,1785766341.064877,0.363637,3.478021,0.046878
Passive DS-TWR,1785766341.065096,0.244317,3.383815,0.139307
Passive DS-TWR,1785766341.121341,0.355999,3.398404,0.038956
Passive DS-TWR,1785766341.172894,0.397335,3.335124,0.099943
Passive DS-TWR,1785766341.173042,0.372956,3.386385,0.046155
Passive DS-TWR,1785766341.224226,0.392866,3.337488,0.096709
Passive DS-TWR,1785766341.271003,0.280073,3.410773,0.097225
Passive DS-TWR,1785766341.271152,0.426269,3.372642,0.078919
Passive DS-TWR,1785766341.282093,0.355033,3.452955,0.028471
Passive DS-TWR,1785766341.317652,0.264414,3.350794,0.137367
Passive DS-TWR,1785766341.320092,0.272280,3.374226,0.117958
Passive DS-TWR,1785766341.330442,0.393795,3.371446,0.063930
Passive DS-TWR,1785766341.363709,0.373431,3.446155,0.013726
Passive DS-TWR,1785766341.367819,0.369855,3.311094,0.121509
Passive DS-TWR,1785766341.389486,0.299913,3.414713,0.077008
Passive DS-TWR,1785766341.412310,0.381883,3.296422,0.136262
Passive DS-TWR,1785766341.458372,0.332342,3.451827,0.046685
Passive DS-TWR,1785766341.458632,0.437675,3.458436,0.067978
Passive DS-TWR,1785766341.474182,0.317520,3.457621,0.062581
Passive DS-TWR,1785766341.502813,0.372746,3.323751,0.108770
Passive DS-TWR,1785766341.510909,0.308822,3.414132,0.068525
Passive DS-TWR,1785766341.532923,0.402135,3.322275,0.113556
Passive DS-TWR,1785766341.549509,0.326601,3.433339,0.048245
Passive DS-TWR,1785766341.559012,0.384400,3.284659,0.148152
Passive DS-TWR,1785766341.594257,0.421488,3.406562,0.053376
Passive DS-TWR,1785766341.604972,0.346745,3.411627,0.035000
Passive DS-TWR,1785766341.642661,0.305823,3.312473,0.138456
Passive DS-TWR,1785766341.642811,0.293985,3.335650,0.126165
Passive DS-TWR,1785766341.649862,0.420096,3.336206,0.106400
Passive DS-TWR,1785766341.743391,0.376238,3.408286,0.024256
Passive DS-TWR,1785766341.743773,0.323928,3.305769,0.136576
Passive DS-TWR,1785766341.743867,0.279419,3.363886,0.117528
Passive DS-TWR,1785766341.767036,0.376323,3.293708,0.138802
Passive DS-TWR,1785766341.818866,0.330312,3.311052,0.129355
Passive DS-TWR,1785766341.878940,0.326575,3.344536,0.100336
Passive DS-TWR,1785766341.907246,0.409290,3.366837,0.074153
Passive DS-TWR,1785766341.933136,0.346705,3.450179,0.033227
Passive DS-TWR,1785766341.960501,0.293985,3.316710,0.141227
Passive DS-TWR,1785766341.960632,0.293725,3.348989,0.116421
Passive DS-TWR,1785766342.018978,0.396330,3.365789,0.070088
Passive DS-TWR,1785766342.058079,0.344979,3.314416,0.121803
Passive DS-TWR,1785766342.109607,0.304550,3.359446,0.101379
Passive DS-TWR,1785766342.110442,0.397962,3.357264,0.078711
Passive DS-TWR,1785766342.114644,0.346082,3.430371,0.028835
Passive DS-TWR,1785766342.153357,0.398134,3.291288,0.143122
Passive DS-TWR,1785766342.154838,0.282694,3.373026,0.109672
Passive DS-TWR,1785766342.215949,0.293227,3.322047,0.137335
Passive DS-TWR,1785766342.283471,0.267870,3.351700,0.134056
Passive DS-TWR,1785766342.417463,0.306020,3.299873,0.149420
Passive DS-TWR,1785766342.417661,0.277717,3.350532,0.127089
Passive DS-TWR,1785766342.418639,0.395567,3.363630,0.071923
Passive DS-TWR,1785766342.434220,0.375708,3.440457,0.008003
Passive DS-TWR,1785766342.475231,0.315250,3.304515,0.141178
Passive DS-TWR,1785766342.513774,0.344242,3.414264,0.035619
Passive DS-TWR,1785766342.527236,0.358096,3.284357,0.149087
Passive DS-TWR,1785766342.534045,0.313583,3.386602,0.076544
Passive DS-TWR,1785766342.586150,0.325171,3.420946,0.050994
Passive DS-TWR,1785766342.586306,0.354857,3.308136,0.125961
Passive DS-TWR,1785766342.598238,0.285303,3.420379,0.090353
Passive DS-TWR,1785766342.719452,0.356678,3.312502,0.121366
Passive DS-TWR,1785766342.726944,0.301384,3.401990,0.079539
Passive DS-TWR,1785766342.774992,0.342099,3.284341,0.151735
Passive DS-TWR,1785766342.861926,0.372062,3.281106,0.151421
Passive DS-TWR,1785766342.862061,0.282708,3.381496,0.105307
Passive DS-TWR,1785766342.918514,0.357765,3.305611,0.128034
Passive DS-TWR,1785766342.934768,0.427320,3.451022,0.055654
Passive DS-TWR,1785766342.982365,0.393298,3.449305,0.024962
Passive DS-TWR,1785766343.024874,0.297938,3.385165,0.090302
Passive DS-TWR,1785766343.030641,0.324278,3.339766,0.105623
Passive DS-TWR,1785766343.078997,0.398260,3.322791,0.112182
Passive DS-TWR,1785766343.079107,0.371793,3.435125,0.004019
Passive DS-TWR,1785766343.094550,0.361159,3.317306,0.116005
Passive DS-TWR,1785766343.138390,0.353820,3.435730,0.021265
Passive DS-TWR,1785766343.177553,0.374544,3.338444,0.094058
Passive DS-TWR,1785766343.177703,0.288751,3.371427,0.105552
Passive DS-TWR,1785766343.186668,0.391322,3.361340,0.073046
Passive DS-TWR,1785766343.244025,0.337979,3.303580,0.134087
Passive DS-TWR,1785766343.244140,0.279400,3.342514,0.131173
Passive DS-TWR,1785766343.251001,0.378157,3.349698,0.082870
Passive DS-TWR,1785766343.366862,0.327001,3.302546,0.138481
Passive DS-TWR,1785766343.524002,0.262337,3.405745,0.115640
Passive DS-TWR,1785766343.541766,0.366146,3.395596,0.037915
Passive DS-TWR,1785766343.545593,0.331808,3.303563,0.135929
Passive DS-TWR,1785766343.605170,0.303140,3.396793,0.080098
Passive DS-TWR,1785766343.623292,0.276940,3.396233,0.104401
Passive DS-TWR,1785766343.683143,0.415157,3.433518,0.040331
Passive DS-TWR,1785766343.683699,0.345577,3.440375,0.030302
Passive DS-TWR,1785766343.683831,0.344810,3.289300,0.146316
Passive DS-TWR,1785766343.686932,0.281211,3.392035,0.101998
Passive DS-TWR,1785766343.829835,0.377494,3.279417,0.153107
Passive DS-TWR,1785766343.830051,0.296273,3.392362,0.088226
Passive DS-TWR,1785766343.830626,0.341875,3.316142,0.120939
Passive DS-TWR,1785766343.830805,0.416517,3.366804,0.077803
Passive DS-TWR,1785766343.899294,0.294957,3.350229,0.114673
Passive DS-TWR,1785766343.906206,0.369287,3.459511,0.027574
Passive DS-TWR,1785766343.937480,0.375352,3.300912,0.131591
Passive DS-TWR,1785766343.991004,0.362236,3.342839,0.090544
Passive DS-TWR,1785766344.025018,0.288496,3.357777,0.114187
Passive DS-TWR,1785766344.025204,0.426283,3.408279,0.056861
Passive DS-TWR,1785766344.069824,0.401763,3.437352,0.027358
Passive DS-TWR,1785766344.135676,0.287874,3.371072,0.106473
Passive DS-TWR,1785766344.217112,0.300590,3.339709,0.118841
Passive DS-TWR,1785766344.217401,0.418597,3.401232,0.053783
Passive DS-TWR,1785766344.263398,0.277997,3.375055,0.112598
Passive DS-TWR,1785766344.274082,0.380346,3.338781,0.093882
Passive DS-TWR,1785766344.354548,0.396563,3.375455,0.061043
Passive DS-TWR,1785766344.509191,0.324544,3.306517,0.135653
Passive DS-TWR,1785766344.550141,0.285182,3.378903,0.104456
Passive DS-TWR,1785766344.551162,0.376218,3.377693,0.054826
Passive DS-TWR,1785766344.641098,0.347138,3.299024,0.136322
Passive DS-TWR,1785766344.647132,0.290162,3.407288,0.088351
Passive DS-TWR,1785766344.657720,0.395925,3.349922,0.085229
Passive DS-TWR,1785766344.694935,0.367073,3.308280,0.124464
Passive DS-TWR,1785766344.803794,0.334924,3.333669,0.106588
Passive DS-TWR,1785766344.804650,0.291557,3.316912,0.142466
Passive DS-TWR,1785766344.804870,0.368614,3.409747,0.023591
Passive DS-TWR,1785766344.851907,0.308030,3.342636,0.111979
Passive DS-TWR,1785766344.852078,0.411281,3.368325,0.073802
Passive DS-TWR,1785766344.897393,0.326673,3.317073,0.125074
Passive DS-TWR,1785766344.904849,0.310638,3.430310,0.064238
Passive DS-TWR,1785766344.966199,0.329549,3.318500,0.122668
Passive DS-TWR,1785766345.014411,0.384540,3.462504,0.031532
Passive DS-TWR,1785766345.014641,0.328440,3.328282,0.114081
Passive DS-TWR,1785766345.060668,0.261785,3.416601,0.114166
Passive DS-TWR,1785766345.064956,0.358756,3.421148,0.019687
Passive DS-TWR,1785766345.154505,0.335458,3.306291,0.132211
Passive DS-TWR,1785766345.167571,0.303466,3.433634,0.071381
Passive DS-TWR,1785766345.207991,0.358434,3.454876,0.027744
Passive DS-TWR,1785766345.208160,0.351432,3.307771,0.126908
Passive DS-TWR,1785766345.249919,0.276519,3.430281,0.098345
Passive DS-TWR,1785766345.254806,0.396996,3.318815,0.115825
Passive DS-TWR,1785766345.285315,0.340522,3.315692,0.121746
Passive DS-TWR,1785766345.350690,0.267742,3.389354,0.115462
Passive DS-TWR,1785766345.520085,0.386452,3.328214,0.104932
Passive DS-TWR,1785766345.526831,0.337848,3.299830,0.137732
Passive DS-TWR,1785766345.562694,0.282763,3.461864,0.096645
Passive DS-TWR,1785766345.563887,0.394918,3.362169,0.073143
Passive DS-TWR,1785766345.569928,0.373451,3.453729,0.021273
Passive DS-TWR,1785766345.609165,0.347888,3.353130,0.083822
Passive DS-TWR,1785766345.609311,0.281087,3.352215,0.123431
Passive DS-TWR,1785766345.618328,0.391839,3.333994,0.099964
Passive DS-TWR,1785766345.681060,0.291696,3.357560,0.111933
Passive DS-TWR,1785766345.700979,0.398772,3.348082,0.087747
Passive DS-TWR,1785766345.802033,0.403021,3.366774,0.071515
Passive DS-TWR,1785766345.802207,0.371921,3.449814,0.017556
Passive DS-TWR,1785766345.806263,0.361945,3.286601,0.146469
Passive DS-TWR,1785766345.806400,0.284419,3.363539,0.113717
Passive DS-TWR,1785766345.850855,0.348185,3.311130,0.124264
Passive DS-TWR,1785766345.864293,0.279113,3.347938,0.127728
Passive DS-TWR,1785766345.889629,0.397825,3.317463,0.117312
Passive DS-TWR,1785766345.916901,0.329626,3.294500,0.145219
Passive DS-TWR,1785766345.943104,0.290319,3.383414,0.097740
Passive DS-TWR,1785766346.042776,0.339728,3.433916,0.035139
Passive DS-TWR,1785766346.054820,0.269074,3.343616,0.138155
Passive DS-TWR,1785766346.257962,0.342362,3.294755,0.141523
Passive DS-TWR,1785766346.290365,0.375686,3.420472,0.012059
Passive DS-TWR,1785766346.386935,0.399492,3.316863,0.118237
Passive DS-TWR,1785766346.411985,0.348049,3.412156,0.033640
Passive DS-TWR,1785766346.428219,0.367745,3.287183,0.145492
Passive DS-TWR,1785766346.439049,0.303447,3.373958,0.092326
Passive DS-TWR,1785766346.470086,0.415072,3.359988,0.082928
Passive DS-TWR,1785766346.517044,0.266995,3.383893,0.118292
Passive DS-TWR,1785766346.517341,0.407589,3.343813,0.094542
Passive DS-TWR,1785766346.540922,0.403073,3.393796,0.047909
Passive DS-TWR,1785766346.563278,0.353923,3.303683,0.130505
Passive DS-TWR,1785766346.654260,0.285148,3.406113,0.093492
Passive DS-TWR,1785766346.658244,0.285197,3.405912,0.093502
Passive DS-TWR,1785766346.694769,0.364516,3.354999,0.078187
Passive DS-TWR,1785766346.695072,0.295417,3.362106,0.106129
Passive DS-TWR,1785766346.736195,0.420645,3.348765,0.095446
Passive DS-TWR,1785766346.742973,0.347050,3.326212,0.109862
Passive DS-TWR,1785766346.841255,0.298220,3.414035,0.078812
Passive DS-TWR,1785766346.902247,0.294217,3.498392,0.104122
Passive DS-TWR,1785766346.952231,0.283976,3.406484,0.094515
Passive DS-TWR,1785766346.985640,0.419307,3.367671,0.078616
Passive DS-TWR,1785766346.985859,0.344160,3.427100,0.031150
Passive DS-TWR,1785766347.028944,0.424832,3.346193,0.099742
Passive DS-TWR,1785766347.059757,0.368457,3.444426,0.013525
Passive DS-TWR,1785766347.074255,0.345876,3.318278,0.117838
Passive DS-TWR,1785766347.105564,0.282751,3.446840,0.093197
Passive DS-TWR,1785766347.127621,0.369111,3.409122,0.024071
Passive DS-TWR,1785766347.127895,0.322258,3.308742,0.134466
Passive DS-TWR,1785766347.153715,0.252229,3.391978,0.129133
Passive DS-TWR,1785766347.172905,0.389748,3.393603,0.041658
Passive DS-TWR,1785766347.227350,0.286324,3.368336,0.109325
Passive DS-TWR,1785766347.271053,0.282578,3.384758,0.103882
Passive DS-TWR,1785766347.282164,0.410158,3.375621,0.066954
Passive DS-TWR,1785766347.318385,0.371076,3.415318,0.017590
Passive DS-TWR,1785766347.319982,0.349228,3.314258,0.120985
Passive DS-TWR,1785766347.353311,0.317285,3.384185,0.075145
Passive DS-TWR,1785766347.410138,0.410319,3.446406,0.038108
Passive DS-TWR,1785766347.438320,0.380642,3.453038,0.021341
Passive DS-TWR,1785766347.478209,0.353801,3.294251,0.139842
Passive DS-TWR,1785766347.492246,0.385330,3.327396,0.105627
Passive DS-TWR,1785766347.492394,0.369296,3.460947,0.028980
Passive DS-TWR,1785766347.706799,0.388529,3.424139,0.016042
Passive DS-TWR,1785766347.718665,0.274263,3.321291,0.149944
Passive DS-TWR,1785766347.741042,0.386462,3.352859,0.080486
Passive DS-TWR,1785766347.750972,0.389711,3.453564,0.025784
Passive DS-TWR,1785766347.777567,0.302085,3.311120,0.141515
Passive DS-TWR,1785766347.794069,0.307219,3.409257,0.071503
Passive DS-TWR,1785766347.796914,0.403738,3.315843,0.120185
Passive DS-TWR,1785766347.976402,0.322435,3.459811,0.059092
Passive DS-TWR,1785766348.005117,0.406153,3.344910,0.093021
Passive DS-TWR,1785766348.005267,0.347125,3.417331,0.031594
Passive DS-TWR,1785766348.051867,0.395286,3.382839,0.053707
Passive DS-TWR,1785766348.071145,0.392063,3.430303,0.017365
Passive DS-TWR,1785766348.098181,0.353352,3.312746,0.121667
Passive DS-TWR,1785766348.106632,0.308607,3.429503,0.066299
Passive DS-TWR,1785766348.114794,0.370404,3.367047,0.065604
Passive DS-TWR,1785766348.155398,0.393541,3.311642,0.122298
Passive DS-TWR,1785766348.190992,0.292540,3.433251,0.082302
Passive DS-TWR,1785766348.193884,0.305887,3.457361,0.073296
Passive DS-TWR,1785766348.242164,0.293671,3.378232,0.097639
Passive DS-TWR,1785766348.244396,0.402058,3.369175,0.068928
Passive DS-TWR,1785766348.286401,0.311413,3.274113,0.170615
Passive DS-TWR,1785766348.294873,0.297836,3.334630,0.124532
Passive DS-TWR,1785766348.376929,0.277610,3.384422,0.108467
Passive DS-TWR,1785766348.389411,0.366222,3.421907,0.013656
Passive DS-TWR,1785766348.428526,0.287202,3.381685,0.101304
Passive DS-TWR,1785766348.433635,0.397416,3.403563,0.036703
Passive DS-TWR,1785766348.488161,0.279253,3.357090,0.121752
Passive DS-TWR,1785766348.520228,0.424814,3.402063,0.058516
Passive DS-TWR,1785766348.520417,0.343720,3.417597,0.034503
Passive DS-TWR,1785766348.569196,0.327973,3.323850,0.118328
Passive DS-TWR,1785766348.578313,0.385986,3.392401,0.041621
Passive DS-TWR,1785766348.625112,0.284900,3.331816,0.135006
Passive DS-TWR,1785766348.626041,0.413547,3.417128,0.041650
Passive DS-TWR,1785766348.667145,0.372026,3.442771,0.010647
Passive DS-TWR,1785766348.668145,0.357712,3.277883,0.155564
Passive DS-TWR,1785766348.679029,0.295810,3.402736,0.084448
Passive DS-TWR,1785766348.719339,0.390882,3.344282,0.089666
Passive DS-TWR,1785766348.727902,0.397373,3.310486,0.124079
Passive DS-TWR,1785766348.888604,0.389334,3.419679,0.019353
Passive DS-TWR,1785766348.898988,0.371620,3.279195,0.153340
Passive DS-TWR,1785766348.904679,0.412482,3.394940,0.053178
Passive DS-TWR,1785766348.938800,0.244995,3.361312,0.148079
Passive DS-TWR,1785766348.939003,0.289148,3.383211,0.098856
Passive DS-TWR,1785766348.966868,0.393843,3.341545,0.092920
Passive DS-TWR,1785766348.985694,0.285916,3.310739,0.150776
Passive DS-TWR,1785766348.998913,0.287913,3.358706,0.114025
Passive DS-TWR,1785766349.040018,0.390863,3.292883,0.140535
Passive DS-TWR,1785766349.090978,0.353732,3.424915,0.022429
Passive DS-TWR,1785766349.106369,0.384196,3.412225,0.022331
Passive DS-TWR,1785766349.142234,0.415578,3.346934,0.094770
Passive DS-TWR,1785766349.166252,0.347767,3.419051,0.030229
Passive DS-TWR,1785766349.190992,0.350376,3.294219,0.140429
Passive DS-TWR,1785766349.191713,0.286632,3.357812,0.115581
Passive DS-TWR,1785766349.201991,0.418041,3.381261,0.067023
Passive DS-TWR,1785766349.240108,0.350323,3.305811,0.129041
Passive DS-TWR,1785766349.265218,0.299733,3.330449,0.126711
Passive DS-TWR,1785766349.283017,0.398112,3.359757,0.076377
Passive DS-TWR,1785766349.283147,0.370556,3.438069,0.007024
Passive DS-TWR,1785766349.312553,0.371209,3.306871,0.125683
Passive DS-TWR,1785766349.331001,0.298184,3.361805,0.104278
Passive DS-TWR,1785766349.331113,0.408796,3.362266,0.078013
Passive DS-TWR,1785766349.356071,0.328206,3.432513,0.046632
Passive DS-TWR,1785766349.383138,0.372990,3.307716,0.124799
Passive DS-TWR,1785766349.417641,0.415960,3.364671,0.079322
Passive DS-TWR,1785766349.518977,0.295569,3.358144,0.108687
Passive DS-TWR,1785766349.818395,0.362544,3.302824,0.130259
Passive DS-TWR,1785766349.830092,0.291272,3.398050,0.090389
Passive DS-TWR,1785766349.860019,0.427208,3.342929,0.103758
Passive DS-TWR,1785766349.980700,0.401317,3.335638,0.100417
Passive DS-TWR,1785766350.026388,0.352509,3.292088,0.142178
Passive DS-TWR,1785766350.026506,0.288905,3.358889,0.113152
Passive DS-TWR,1785766350.065464,0.394259,3.356659,0.078290
Passive DS-TWR,1785766350.188627,0.298579,3.441321,0.076768
Passive DS-TWR,1785766350.206900,0.366800,3.281025,0.151690
Passive DS-TWR,1785766350.273288,0.300022,3.312335,0.141554
Passive DS-TWR,1785766350.342154,0.261367,3.355354,0.137213
Passive DS-TWR,1785766350.378214,0.399588,3.348667,0.087411
Passive DS-TWR,1785766350.378731,0.371889,3.451474,0.019201
Passive DS-TWR,1785766350.419427,0.391002,3.372809,0.061842
Passive DS-TWR,1785766350.450430,0.343912,3.394933,0.048660
Passive DS-TWR,1785766350.471182,0.290699,3.386754,0.095772
Passive DS-TWR,1785766350.508325,0.448338,3.390614,0.084597
Passive DS-TWR,1785766350.508631,0.358655,3.462821,0.034368
Passive DS-TWR,1785766350.518829,0.366055,3.282097,0.150661
Passive DS-TWR,1785766350.553356,0.277345,3.344141,0.131577
Passive DS-TWR,1785766350.610458,0.406242,3.295622,0.140435
Passive DS-TWR,1785766350.678747,0.335314,3.361730,0.081061
Passive DS-TWR,1785766350.722391,0.378821,3.318601,0.113970
Passive DS-TWR,1785766350.722550,0.318843,3.313652,0.131380
Passive DS-TWR,1785766350.727022,0.267139,3.380496,0.119599
Passive DS-TWR,1785766350.771925,0.368045,3.437242,0.008284
Passive DS-TWR,1785766350.775149,0.350599,3.296915,0.137736
Passive DS-TWR,1785766350.818047,0.361078,3.479516,0.048987
Passive DS-TWR,1785766350.938135,0.367009,3.307256,0.125490
Passive DS-TWR,1785766350.938330,0.419230,3.382674,0.066734
Passive DS-TWR,1785766350.978715,0.407624,3.418476,0.035660
Passive DS-TWR,1785766351.158074,0.329809,3.427561,0.045300
Passive DS-TWR,1785766351.160021,0.359416,3.277710,0.155558
Passive DS-TWR,1785766351.205896,0.287233,3.407251,0.091172
Passive DS-TWR,1785766351.230137,0.344680,3.293579,0.142158
Passive DS-TWR,1785766351.294249,0.318466,3.436736,0.056531
Passive DS-TWR,1785766351.335735,0.368572,3.432324,0.006269
Passive DS-TWR,1785766351.379332,0.326456,3.300973,0.140145
Passive DS-TWR,1785766351.380127,0.279638,3.340143,0.132640
Passive DS-TWR,1785766351.430374,0.338261,3.352049,0.088377
Passive DS-TWR,1785766351.433039,0.273207,3.347309,0.132615
Passive DS-TWR,1785766351.442295,0.420198,3.377879,0.071001
Passive DS-TWR,1785766351.479072,0.397040,3.423685,0.023888
Passive DS-TWR,1785766351.573257,0.437229,3.414396,0.064964
Passive DS-TWR,1785766351.581497,0.300526,3.428289,0.074432
Passive DS-TWR,1785766351.581796,0.384295,3.367630,0.065557
Passive DS-TWR,1785766351.586740,0.340073,3.437460,0.035117
Passive DS-TWR,1785766351.633795,0.345315,3.277787,0.157506
Passive DS-TWR,1785766351.633963,0.307529,3.411740,0.070439
Passive DS-TWR,1785766351.634508,0.397774,3.417628,0.027335
Passive DS-TWR,1785766351.674909,0.359231,3.425310,0.017184
Passive DS-TWR,1785766351.675287,0.356666,3.318527,0.115415
Passive DS-TWR,1785766351.687753,0.297093,3.377375,0.095307
Passive DS-TWR,1785766351.862650,0.399871,3.314242,0.120879
Passive DS-TWR,1785766351.865381,0.337406,3.334324,0.105072
Passive DS-TWR,1785766351.889630,0.304879,3.384514,0.084836
Passive DS-TWR,1785766351.890198,0.389406,3.364943,0.069112
Passive DS-TWR,1785766351.927114,0.359986,3.421506,0.018480
Passive DS-TWR,1785766351.929706,0.352414,3.301252,0.133151
Passive DS-TWR,1785766351.973379,0.384494,3.438985,0.011630
Passive DS-TWR,1785766352.039827,0.307107,3.343726,0.111663
Passive DS-TWR,1785766352.079062,0.266768,3.361718,0.129188
Passive DS-TWR,1785766352.079842,0.321117,3.315484,0.128759
Passive DS-TWR,1785766352.166189,0.401393,3.354842,0.082074
Passive DS-TWR,1785766352.193829,0.364733,3.314032,0.118899
Passive DS-TWR,1785766352.210026,0.285449,3.448805,0.090864
Passive DS-TWR,1785766352.210784,0.368238,3.368929,0.063915
Passive DS-TWR,1785766352.262847,0.294400,3.393770,0.089278
Passive DS-TWR,1785766352.350699,0.277145,3.395548,0.104449
Passive DS-TWR,1785766352.355241,0.437564,3.435372,0.062791
Passive DS-TWR,1785766352.355808,0.320590,3.417974,0.056160
Passive DS-TWR,1785766352.402639,0.362698,3.289705,0.143311
Passive DS-TWR,1785766352.423079,0.274798,3.407554,0.103105
Passive DS-TWR,1785766352.465535,0.322731,3.313347,0.130050
Passive DS-TWR,1785766352.490320,0.388359,3.427415,0.014445
Passive DS-TWR,1785766352.532894,0.288649,3.326943,0.136276
Passive DS-TWR,1785766352.533112,0.410634,3.340399,0.098814
Passive DS-TWR,1785766352.842149,0.292871,3.320517,0.138778
Passive DS-TWR,1785766352.842286,0.282581,3.363524,0.115193
Passive DS-TWR,1785766352.849911,0.409245,3.292342,0.144320
Passive DS-TWR,1785766352.889436,0.356624,3.385024,0.050851
Passive DS-TWR,1785766352.889623,0.338808,3.302465,0.134936
Passive DS-TWR,1785766352.918840,0.394118,3.376379,0.059342
Passive DS-TWR,1785766352.940344,0.345110,3.449982,0.034487
Passive DS-TWR,1785766352.970104,0.274002,3.372581,0.117297
Passive DS-TWR,1785766353.035932,0.333704,3.305826,0.133187
Passive DS-TWR,1785766353.288237,0.281217,3.391633,0.102153
Passive DS-TWR,1785766353.316170,0.374395,3.396769,0.035735
Passive DS-TWR,1785766353.318804,0.310165,3.429778,0.064731
Passive DS-TWR,1785766353.407054,0.278301,3.305537,0.159498
Passive DS-TWR,1785766353.446874,0.387740,3.323961,0.109304
Passive DS-TWR,1785766353.471129,0.355128,3.313616,0.120509
Passive DS-TWR,1785766353.490914,0.295321,3.406609,0.083627
Passive DS-TWR,1785766353.491019,0.396464,3.288091,0.146020
Passive DS-TWR,1785766353.543595,0.269902,3.404814,0.108528
Passive DS-TWR,1785766353.577684,0.392595,3.356939,0.077621
Passive DS-TWR,1785766353.580329,0.340538,3.416647,0.037787
Passive DS-TWR,1785766353.629851,0.352227,3.305237,0.129257
Passive DS-TWR,1785766353.630070,0.382566,3.356874,0.076022
Passive DS-TWR,1785766353.674533,0.382898,3.411786,0.022228
Passive DS-TWR,1785766353.681950,0.420845,3.428099,0.046216
Passive DS-TWR,1785766353.722338,0.350215,3.440248,0.025813
Passive DS-TWR,1785766353.735093,0.267821,3.376863,0.120617
Passive DS-TWR,1785766353.768889,0.402807,3.358107,0.079478
Passive DS-TWR,1785766353.768999,0.333354,3.428556,0.041672
Passive DS-TWR,1785766353.783499,0.362409,3.290622,0.142423
Passive DS-TWR,1785766353.826389,0.366999,3.408591,0.025162
Passive DS-TWR,1785766353.856946,0.363358,3.298568,0.134425
Passive DS-TWR,1785766353.863104,0.282505,3.355100,0.120484
Passive DS-TWR,1785766353.882542,0.406405,3.361006,0.078154
Passive DS-TWR,1785766353.890332,0.295983,3.445652,0.079944
Passive DS-TWR,1785766353.928105,0.350830,3.300676,0.133994
Passive DS-TWR,1785766353.938342,0.390183,3.400711,0.035300
Passive DS-TWR,1785766353.996878,0.281024,3.455842,0.096674
Passive DS-TWR,1785766354.015577,0.389882,3.384132,0.050655
Passive DS-TWR,1785766354.093171,0.344565,3.298190,0.137681
Passive DS-TWR,1785766354.120736,0.248627,3.370818,0.140479
Passive DS-TWR,1785766354.140289,0.396161,3.358310,0.077195
Passive DS-TWR,1785766354.167507,0.360693,3.311889,0.121440
Passive DS-TWR,1785766354.202309,0.282594,3.433670,0.092252
Passive DS-TWR,1785766354.209796,0.327643,3.404391,0.054933
Passive DS-TWR,1785766354.295142,0.310419,3.292831,0.153810
Passive DS-TWR,1785766354.386642,0.410173,3.353170,0.086845
Passive DS-TWR,1785766354.550707,0.386515,3.454104,0.024556
Passive DS-TWR,1785766354.591552,0.390107,3.324894,0.108685
Passive DS-TWR,1785766354.594895,0.347070,3.428958,0.027994
Passive DS-TWR,1785766354.636571,0.331501,3.290748,0.148231
Passive DS-TWR,1785766354.639122,0.278452,3.437392,0.096511
Passive DS-TWR,1785766354.796613,0.380666,3.407099,0.026063
Passive DS-TWR,1785766354.809121,0.382556,3.319430,0.113335
Passive DS-TWR,1785766354.833679,0.295383,3.384267,0.092950
Passive DS-TWR,1785766354.850159,0.402443,3.354772,0.082486
Passive DS-TWR,1785766354.852040,0.372683,3.408864,0.023736
Passive DS-TWR,1785766354.895005,0.319140,3.299653,0.144053
Passive DS-TWR,1785766354.957230,0.290334,3.347699,0.119718
Passive DS-TWR,1785766354.962688,0.387527,3.339846,0.093521
Passive DS-TWR,1785766355.001033,0.393544,3.424383,0.020391
Passive DS-TWR,1785766355.002283,0.315452,3.309305,0.136763
Passive DS-TWR,1785766355.015140,0.302428,3.371466,0.094703
Passive DS-TWR,1785766355.073281,0.394091,3.355886,0.078998
Passive DS-TWR,1785766355.278156,0.288803,3.345995,0.122006
Passive DS-TWR,1785766355.334998,0.264776,3.413352,0.111716
Passive DS-TWR,1785766355.367917,0.425934,3.423263,0.051924
Passive DS-TWR,1785766355.368014,0.368030,3.408751,0.024707
Passive DS-TWR,1785766355.424420,0.269932,3.399810,0.109882
Passive DS-TWR,1785766355.485942,0.400059,3.317255,0.117973
Passive DS-TWR,1785766355.516085,0.316337,3.305343,0.139970
Passive DS-TWR,1785766355.527732,0.287568,3.418184,0.088438
Passive DS-TWR,1785766355.600543,0.300954,3.408974,0.077540
Passive DS-TWR,1785766355.602027,0.415197,3.347473,0.094120
Passive DS-TWR,1785766355.643472,0.378211,3.400026,0.032650
Passive DS-TWR,1785766355.644414,0.359490,3.308264,0.125182
Passive DS-TWR,1785766355.718799,0.319710,3.346212,0.102396
Passive DS-TWR,1785766355.730838,0.245924,3.389246,0.135978
Passive DS-TWR,1785766355.730998,0.412595,3.386442,0.059557
Passive DS-TWR,1785766355.804698,0.286471,3.394469,0.096205
Passive DS-TWR,1785766355.831713,0.351053,3.312138,0.122691
Passive DS-TWR,1785766355.864451,0.421401,3.406129,0.053512
Passive DS-TWR,1785766355.874651,0.331653,3.414172,0.046914
Passive DS-TWR,1785766355.895580,0.371104,3.289939,0.142612
Passive DS-TWR,1785766355.976425,0.346630,3.348497,0.088614
Passive DS-TWR,1785766355.976539,0.281718,3.365323,0.114823
Passive DS-TWR,1785766355.986982,0.402348,3.414340,0.032964
Passive DS-TWR,1785766356.022241,0.339191,3.479496,0.058985
Passive DS-TWR,1785766356.023783,0.316147,3.300460,0.144498
Passive DS-TWR,1785766356.045358,0.279962,3.353606,0.123394
Passive DS-TWR,1785766356.205281,0.358304,3.314859,0.118799
Passive DS-TWR,1785766356.205896,0.309906,3.370696,0.089644
Passive DS-TWR,1785766356.206285,0.382528,3.321105,0.111661
Passive DS-TWR,1785766356.206387,0.388748,3.414147,0.023030
Passive DS-TWR,1785766356.259564,0.372230,3.434877,0.003528
Passive DS-TWR,1785766356.300054,0.349631,3.297050,0.137777
Passive DS-TWR,1785766356.306901,0.387393,3.364715,0.068939
Passive DS-TWR,1785766356.347115,0.407763,3.434430,0.032981
Passive DS-TWR,1785766356.347424,0.373660,3.290446,0.142061
Passive DS-TWR,1785766356.375812,0.291699,3.433279,0.083143
Passive DS-TWR,1785766356.392844,0.436670,3.439157,0.062189
Passive DS-TWR,1785766356.437046,0.335648,3.397632,0.052457
Passive DS-TWR,1785766356.444546,0.398619,3.416020,0.028933
Passive DS-TWR,1785766356.479952,0.333572,3.306960,0.132150
Passive DS-TWR,1785766356.489142,0.310492,3.361580,0.095761
Passive DS-TWR,1785766356.513876,0.427574,3.360780,0.089022
Passive DS-TWR,1785766356.525266,0.391432,3.428599,0.017046
Passive DS-TWR,1785766356.534703,0.301820,3.314650,0.138639
Passive DS-TWR,1785766356.661901,0.344650,3.411913,0.036541
Passive DS-TWR,1785766356.663604,0.306984,3.314471,0.136145
Passive DS-TWR,1785766356.682469,0.300619,3.465025,0.081032
Passive DS-TWR,1785766356.714259,0.412960,3.357394,0.084228
Passive DS-TWR,1785766356.755404,0.314286,3.444426,0.061715
Passive DS-TWR,1785766356.770362,0.389697,3.387353,0.047531
Passive DS-TWR,1785766356.805209,0.362880,3.303010,0.130042
Passive DS-TWR,1785766356.808419,0.279144,3.345524,0.129315
Passive DS-TWR,1785766356.845084,0.439307,3.366044,0.092589
Passive DS-TWR,1785766357.078109,0.399166,3.329274,0.106055
Passive DS-TWR,1785766357.095715,0.406647,3.373556,0.066981
Passive DS-TWR,1785766357.176130,0.346185,3.306260,0.129453
Passive DS-TWR,1785766357.217278,0.299227,3.373022,0.096203
Passive DS-TWR,1785766357.217442,0.385340,3.375653,0.057810
Passive DS-TWR,1785766357.256671,0.447031,3.423358,0.072769
Passive DS-TWR,1785766357.257304,0.369663,3.328917,0.103714
Passive DS-TWR,1785766357.257460,0.299334,3.346885,0.114154
Passive DS-TWR,1785766357.266242,0.422357,3.355815,0.090216
Passive DS-TWR,1785766357.303042,0.289639,3.327430,0.135274
Passive DS-TWR,1785766357.346104,0.321582,3.405172,0.059859
Passive DS-TWR,1785766357.434969,0.407806,3.344478,0.093995
Passive DS-TWR,1785766357.435077,0.331632,3.306535,0.133171
Passive DS-TWR,1785766357.474490,0.271558,3.362965,0.124508
Passive DS-TWR,1785766357.517214,0.349210,3.286377,0.148355
Passive DS-TWR,1785766357.517559,0.287378,3.431885,0.087463
Passive DS-TWR,1785766357.534314,0.441956,3.417021,0.068880
Passive DS-TWR,1785766357.566276,0.375406,3.285435,0.147068
Passive DS-TWR,1785766357.576461,0.275522,3.366496,0.119250
Passive DS-TWR,1785766357.783531,0.270205,3.338980,0.140337
Passive DS-TWR,1785766357.783716,0.385284,3.341973,0.091129
Passive DS-TWR,1785766357.797172,0.353138,3.438049,0.022399
Passive DS-TWR,1785766357.828471,0.345618,3.301917,0.133814
Passive DS-TWR,1785766357.868871,0.399925,3.420275,0.027907
Passive DS-TWR,1785766357.898929,0.340084,3.307833,0.129422
Passive DS-TWR,1785766357.933150,0.379406,3.381268,0.051436
Passive DS-TWR,1785766357.943741,0.328281,3.301780,0.138765
Passive DS-TWR,1785766357.977461,0.282906,3.312249,0.151369
Passive DS-TWR,1785766358.074788,0.354094,3.337957,0.096793
Passive DS-TWR,1785766358.116055,0.387354,3.378606,0.055330
Passive DS-TWR,1785766358.162404,0.301332,3.379569,0.090582
Passive DS-TWR,1785766358.298432,0.389945,3.340324,0.093407
Passive DS-TWR,1785766358.298607,0.383957,3.419060,0.016243
Passive DS-TWR,1785766358.299231,0.312278,3.305639,0.141449
Passive DS-TWR,1785766358.299357,0.302411,3.361021,0.101760
Passive DS-TWR,1785766358.299492,0.419255,3.387126,0.063496
Passive DS-TWR,1785766358.307143,0.381240,3.441951,0.011413
Passive DS-TWR,1785766358.355213,0.407933,3.375389,0.066008
Passive DS-TWR,1785766358.383360,0.337454,3.423683,0.038410
Passive DS-TWR,1785766358.419158,0.241026,3.401941,0.137258
Passive DS-TWR,1785766358.434725,0.371124,3.413545,0.019317
Passive DS-TWR,1785766358.473963,0.353122,3.295285,0.138924
Passive DS-TWR,1785766358.474096,0.290979,3.360375,0.110611
Passive DS-TWR,1785766358.484485,0.399777,3.337429,0.098289
Passive DS-TWR,1785766358.545579,0.371732,3.290399,0.142136
Passive DS-TWR,1785766358.562507,0.407507,3.268248,0.167471
Passive DS-TWR,1785766358.564738,0.286327,3.471269,0.096629
Passive DS-TWR,1785766358.607156,0.390545,3.291698,0.141677
Passive DS-TWR,1785766358.608021,0.279524,3.322844,0.145291
Passive DS-TWR,1785766358.610979,0.365100,3.347516,0.085542
Passive DS-TWR,1785766358.636912,0.422123,3.449669,0.050305
Passive DS-TWR,1785766358.698099,0.417184,3.358593,0.085180
Passive DS-TWR,1785766358.741376,0.265040,3.429422,0.109842
Passive DS-TWR,1785766358.741587,0.408871,3.363083,0.077312
Passive DS-TWR,1785766358.755326,0.394433,3.428455,0.020008
Passive DS-TWR,1785766358.808120,0.332377,3.303914,0.135416
Passive DS-TWR,1785766358.808266,0.284086,3.434739,0.090780
Passive DS-TWR,1785766358.808410,0.381882,3.393512,0.039621
Passive DS-TWR,1785766358.818789,0.405768,3.421117,0.032958
Passive DS-TWR,1785766358.884444,0.354509,3.405669,0.033664
Passive DS-TWR,1785766358.919223,0.349933,3.332561,0.102997
Passive DS-TWR,1785766358.921845,0.274406,3.337605,0.138174
Passive DS-TWR,1785766358.931287,0.397469,3.301069,0.133367
Passive DS-TWR,1785766358.993292,0.231172,3.363490,0.159383
Passive DS-TWR,1785766359.010723,0.322380,3.391627,0.066502
Passive DS-TWR,1785766359.054378,0.353256,3.337299,0.097618
Passive DS-TWR,1785766359.055134,0.270846,3.374830,0.118914
Passive DS-TWR,1785766359.058691,0.425753,3.332265,0.112426
Passive DS-TWR,1785766359.097538,0.300978,3.411652,0.076747
Passive DS-TWR,1785766359.100975,0.342089,3.333494,0.104284
Passive DS-TWR,1785766359.145812,0.260570,3.377936,0.126628
Passive DS-TWR,1785766359.159321,0.328147,3.296292,0.143990
Passive DS-TWR,1785766359.258886,0.401754,3.469907,0.046082
Passive DS-TWR,1785766359.267628,0.361056,3.448686,0.021258
Passive DS-TWR,1785766359.346838,0.357267,3.456189,0.029493
Passive DS-TWR,1785766359.351642,0.351662,3.313311,0.121423
Passive DS-TWR,1785766359.436213,0.356191,3.316197,0.117790
Passive DS-TWR,1785766359.479978,0.337688,3.284100,0.152981
Passive DS-TWR,1785766359.505561,0.285131,3.435653,0.089763
Passive DS-TWR,1785766359.523659,0.398276,3.390898,0.047752
Passive DS-TWR,1785766359.566854,0.302867,3.357416,0.104008
Passive DS-TWR,1785766359.571428,0.396222,3.416160,0.026913
Passive DS-TWR,1785766359.596590,0.400750,3.413397,0.032193
Passive DS-TWR,1785766359.656182,0.403867,3.351350,0.086187
Passive DS-TWR,1785766359.656331,0.319422,3.426392,0.055753
Passive DS-TWR,1785766359.702375,0.282604,3.320259,0.145277
Passive DS-TWR,1785766359.702641,0.416389,3.337846,0.103373
Passive DS-TWR,1785766359.751864,0.300211,3.334161,0.123451
Passive DS-TWR,1785766359.831767,0.287599,3.353486,0.117704
Passive DS-TWR,1785766359.831964,0.397307,3.406374,0.034459
Passive DS-TWR,1785766359.991662,0.338568,3.299811,0.137558
Passive DS-TWR,1785766360.023847,0.300177,3.377480,0.092745
Passive DS-TWR,1785766360.035518,0.373316,3.437308,0.005042
Passive DS-TWR,1785766360.068253,0.344362,3.291629,0.144131
Passive DS-TWR,1785766360.071982,0.280229,3.375972,0.110211
Passive DS-TWR,1785766360.084277,0.399908,3.365069,0.071942
Passive DS-TWR,1785766360.116795,0.354340,3.409805,0.030583
Passive DS-TWR,1785766360.120518,0.358752,3.281896,0.151462
Passive DS-TWR,1785766360.156441,0.293070,3.374047,0.100514
Passive DS-TWR,1785766360.157685,0.415600,3.358952,0.084089
Passive DS-TWR,1785766360.163566,0.350531,3.406379,0.035683
Passive DS-TWR,1785766360.206018,0.302923,3.358669,0.103068
Passive DS-TWR,1785766360.251353,0.348135,3.325640,0.110147
Passive DS-TWR,1785766360.349391,0.282155,3.331029,0.137430
Passive DS-TWR,1785766360.396827,0.279244,3.357735,0.121360
Passive DS-TWR,1785766360.397034,0.404441,3.341824,0.095387
Passive DS-TWR,1785766360.397250,0.345389,3.418920,0.032431
Passive DS-TWR,1785766360.606390,0.326542,3.311898,0.129915
Passive DS-TWR,1785766360.606661,0.399712,3.400041,0.040894
Passive DS-TWR,1785766360.693908,0.284416,3.324034,0.141214
Passive DS-TWR,1785766360.722789,0.272918,3.444594,0.102636
Passive DS-TWR,1785766360.775871,0.316322,3.306293,0.139114
Passive DS-TWR,1785766360.792370,0.289637,3.349510,0.118940
Passive DS-TWR,1785766360.792453,0.402311,3.329196,0.106896
Passive DS-TWR,1785766360.844887,0.249132,3.381113,0.135805
Passive DS-TWR,1785766360.876034,0.357262,3.453651,0.027500
Passive DS-TWR,1785766360.952001,0.403936,3.281811,0.153474
Passive DS-TWR,1785766360.978053,0.284510,3.320945,0.143541
Passive DS-TWR,1785766361.040670,0.348757,3.340603,0.095528
Passive DS-TWR,1785766361.043785,0.292394,3.358690,0.110658
Passive DS-TWR,1785766361.044104,0.425550,3.370171,0.080354
Passive DS-TWR,1785766361.068623,0.339152,3.433223,0.035693
Passive DS-TWR,1785766361.086606,0.327316,3.313940,0.127731
Passive DS-TWR,1785766361.095446,0.306812,3.382452,0.084455
Passive DS-TWR,1785766361.161868,0.272820,3.320222,0.151706
Passive DS-TWR,1785766361.173350,0.293875,3.336752,0.125391
Passive DS-TWR,1785766361.186761,0.346871,3.454122,0.035351
Passive DS-TWR,1785766361.324394,0.403113,3.332162,0.104247
Passive DS-TWR,1785766361.336670,0.325913,3.328148,0.115254
Passive DS-TWR,1785766361.367920,0.287618,3.356710,0.115550
Passive DS-TWR,1785766361.368193,0.377614,3.320444,0.112092
Passive DS-TWR,1785766361.378853,0.351051,3.431904,0.023795
Passive DS-TWR,1785766361.463756,0.330105,3.310124,0.130297
Passive DS-TWR,1785766361.491178,0.302191,3.351991,0.108441
Passive DS-TWR,1785766361.500641,0.416827,3.320377,0.119729
Passive DS-TWR,1785766361.693296,0.397310,3.331141,0.103822
Passive DS-TWR,1785766361.778037,0.363760,3.423223,0.014451
Passive DS-TWR,1785766361.784620,0.288029,3.325087,0.138108
Passive DS-TWR,1785766361.805058,0.285789,3.395843,0.096299
Passive DS-TWR,1785766361.831806,0.395898,3.348307,0.086788
Passive DS-TWR,1785766361.864748,0.317441,3.322353,0.124206
Passive DS-TWR,1785766361.866879,0.300997,3.398074,0.081473
Passive DS-TWR,1785766361.950713,0.389358,3.355886,0.077979
Passive DS-TWR,1785766361.967909,0.316564,3.442778,0.059174
Passive DS-TWR,1785766361.976050,0.369383,3.307099,0.125521
Passive DS-TWR,1785766362.081836,0.278537,3.368689,0.115525
Passive DS-TWR,1785766362.099532,0.356465,3.444602,0.022000
Passive DS-TWR,1785766362.106708,0.300740,3.326813,0.129076
Passive DS-TWR,1785766362.158674,0.282990,3.340454,0.130034
Passive DS-TWR,1785766362.168244,0.310055,3.299406,0.148024
Passive DS-TWR,1785766362.193798,0.295670,3.393261,0.088360
Passive DS-TWR,1785766362.206229,0.431945,3.319016,0.127044
Passive DS-TWR,1785766362.252196,0.333329,3.319556,0.120331
Passive DS-TWR,1785766362.252383,0.291021,3.396339,0.091286
Passive DS-TWR,1785766362.311656,0.279196,3.375864,0.111154
Passive DS-TWR,1785766362.345721,0.406959,3.323749,0.113396
Passive DS-TWR,1785766362.369986,0.325171,3.308048,0.133998
Passive DS-TWR,1785766362.441463,0.310125,3.383060,0.081439
Passive DS-TWR,1785766362.442338,0.380072,3.408209,0.024850
Passive DS-TWR,1785766362.442797,0.361611,3.427889,0.014008
Passive DS-TWR,1785766362.617673,0.353304,3.314964,0.119494
Passive DS-TWR,1785766362.658934,0.389653,3.431381,0.014857
Passive DS-TWR,1785766362.693319,0.348263,3.311793,0.123599
Passive DS-TWR,1785766362.695728,0.300149,3.356068,0.106867
Passive DS-TWR,1785766362.777058,0.372568,3.268804,0.163713
Passive DS-TWR,1785766362.820283,0.398852,3.430504,0.024096
Passive DS-TWR,1785766362.824928,0.285969,3.358243,0.115811
Passive DS-TWR,1785766362.867963,0.379234,3.366941,0.065707
Passive DS-TWR,1785766362.875297,0.356699,3.316793,0.117122
Passive DS-TWR,1785766362.934185,0.391472,3.426850,0.017568
Passive DS-TWR,1785766362.935579,0.334824,3.286591,0.151298
Passive DS-TWR,1785766362.978584,0.328143,3.431558,0.046705
Passive DS-TWR,1785766363.024383,0.371764,3.314008,0.118533
Passive DS-TWR,1785766363.026759,0.308759,3.423614,0.066675
Passive DS-TWR,1785766363.027137,0.376503,3.357656,0.074864
Passive DS-TWR,1785766363.415045,0.380400,3.310994,0.121635
Passive DS-TWR,1785766363.452939,0.283630,3.331554,0.136049
Passive DS-TWR,1785766363.453152,0.334933,3.326923,0.112868
Passive DS-TWR,1785766363.493277,0.393458,3.361213,0.073680
Passive DS-TWR,1785766363.494096,0.357362,3.432265,0.017478
Passive DS-TWR,1785766363.540590,0.346865,3.312167,0.123543
Passive DS-TWR,1785766363.572645,0.355538,3.419848,0.023078
Passive DS-TWR,1785766363.588425,0.353150,3.324617,0.110043
Passive DS-TWR,1785766363.594007,0.281395,3.384343,0.105124
Passive DS-TWR,1785766363.731006,0.417724,3.337321,0.104395
Passive DS-TWR,1785766363.798683,0.299501,3.365206,0.101017
Passive DS-TWR,1785766363.853834,0.366893,3.284036,0.148678
Passive DS-TWR,1785766363.854091,0.297357,3.371455,0.098641
Passive DS-TWR,1785766363.858957,0.401259,3.336042,0.100013
Passive DS-TWR,1785766363.894428,0.347898,3.432141,0.026943
Passive DS-TWR,1785766363.897167,0.326528,3.287243,0.153081
Passive DS-TWR,1785766363.961633,0.345461,3.327112,0.109408
Passive DS-TWR,1785766363.981217,0.258060,3.446887,0.117661
Passive DS-TWR,1785766364.005734,0.367700,3.321977,0.110755
Passive DS-TWR,1785766364.034043,0.344320,3.333523,0.103576
Passive DS-TWR,1785766364.051705,0.272775,3.346260,0.133622
Passive DS-TWR,1785766364.051865,0.386652,3.357016,0.076405
Passive DS-TWR,1785766364.107255,0.270746,3.382806,0.115347
Passive DS-TWR,1785766364.116570,0.437688,3.368271,0.089865
Passive DS-TWR,1785766364.157451,0.342401,3.429142,0.032611
Passive DS-TWR,1785766364.173374,0.291537,3.363157,0.108388
Passive DS-TWR,1785766364.216397,0.310047,3.453120,0.067993
Passive DS-TWR,1785766364.216656,0.362345,3.297616,0.135463
Passive DS-TWR,1785766364.232497,0.278290,3.396407,0.103075
Passive DS-TWR,1785766364.261812,0.400180,3.330886,0.104727
Passive DS-TWR,1785766364.286791,0.359410,3.463705,0.034810
Passive DS-TWR,1785766364.286987,0.349884,3.331694,0.103850
Passive DS-TWR,1785766364.296024,0.288845,3.390910,0.095524
Passive DS-TWR,1785766364.360016,0.308413,3.393168,0.077198
Passive DS-TWR,1785766364.396785,0.399034,3.388897,0.049867
Passive DS-TWR,1785766364.408136,0.320770,3.336689,0.110016
Passive DS-TWR,1785766364.434664,0.274528,3.354977,0.126777
Passive DS-TWR,1785766364.590920,0.415979,3.340396,0.100876
Passive DS-TWR,1785766364.592029,0.386275,3.287471,0.145480
Passive DS-TWR,1785766364.592187,0.289636,3.406799,0.088995
Passive DS-TWR,1785766364.592310,0.427747,3.369597,0.082196
Passive DS-TWR,1785766364.623860,0.333538,3.310502,0.128801
Passive DS-TWR,1785766364.659641,0.327645,3.431046,0.047216
Passive DS-TWR,1785766364.663168,0.383032,3.311464,0.121315
Passive DS-TWR,1785766364.679783,0.279128,3.388346,0.105405
Passive DS-TWR,1785766364.728272,0.410368,3.357844,0.082681
Passive DS-TWR,1785766364.892689,0.296104,3.381687,0.093708
Passive DS-TWR,1785766364.892874,0.421435,3.361889,0.084601
Passive DS-TWR,1785766364.963306,0.327120,3.318393,0.123684
Passive DS-TWR,1785766364.963459,0.336376,3.427808,0.038748
Passive DS-TWR,1785766364.989300,0.339351,3.311104,0.126478
Passive DS-TWR,1785766365.039447,0.258018,3.460099,0.120037
Passive DS-TWR,1785766365.049274,0.350134,3.287319,0.147269
Passive DS-TWR,1785766365.077141,0.294249,3.399637,0.087033
Passive DS-TWR,1785766365.093908,0.399270,3.412175,0.031781
Passive DS-TWR,1785766365.149889,0.431354,3.376521,0.079547
Passive DS-TWR,1785766365.156036,0.338910,3.441827,0.037119
Passive DS-TWR,1785766365.175418,0.346310,3.307158,0.128549
Passive DS-TWR,1785766365.225565,0.277167,3.374017,0.113842
Passive DS-TWR,1785766365.261257,0.327319,3.307974,0.133287
Passive DS-TWR,1785766365.261354,0.291299,3.395178,0.091498
Passive DS-TWR,1785766365.267866,0.392003,3.334897,0.099102
Passive DS-TWR,1785766365.310906,0.374599,3.385527,0.046975
Passive DS-TWR,1785766365.312150,0.333778,3.294149,0.144317
Passive DS-TWR,1785766365.319598,0.315875,3.390934,0.072143
Passive DS-TWR,1785766365.421324,0.415404,3.373992,0.071197
Passive DS-TWR,1785766365.421849,0.349708,3.436269,0.025411
Passive DS-TWR,1785766365.431565,0.354306,3.301372,0.132728
Passive DS-TWR,1785766365.534570,0.404880,3.318581,0.117815
Passive DS-TWR,1785766365.669287,0.278504,3.386051,0.106949
Passive DS-TWR,1785766365.774259,0.369399,3.293696,0.138912
Passive DS-TWR,1785766365.774740,0.293415,3.382520,0.095540
Passive DS-TWR,1785766366.014439,0.349388,3.444056,0.027951
Passive DS-TWR,1785766366.099526,0.414380,3.424241,0.040395
Passive DS-TWR,1785766366.134924,0.434781,3.408174,0.064691
Passive DS-TWR,1785766366.153602,0.235622,3.331203,0.172171
Passive DS-TWR,1785766366.194464,0.412614,3.331541,0.107796
Passive DS-TWR,1785766366.238297,0.276732,3.341441,0.133854
Passive DS-TWR,1785766366.241521,0.377617,3.298270,0.134260
Passive DS-TWR,1785766366.327754,0.346847,3.305811,0.129746
Passive DS-TWR,1785766366.403589,0.374445,3.286172,0.146330
Passive DS-TWR,1785766366.508088,0.300833,3.374645,0.093938
Passive DS-TWR,1785766366.517173,0.324644,3.419527,0.051844
Passive DS-TWR,1785766366.643275,0.416088,3.349795,0.092423
Passive DS-TWR,1785766366.643533,0.385102,3.451107,0.021249
Passive DS-TWR,1785766366.692754,0.403870,3.380943,0.059170
Passive DS-TWR,1785766366.692928,0.356056,3.433776,0.018826
Passive DS-TWR,1785766366.719116,0.323792,3.305217,0.137139
Passive DS-TWR,1785766366.739687,0.306216,3.347629,0.109143
Passive DS-TWR,1785766366.765735,0.377397,3.418918,0.013822
Passive DS-TWR,1785766366.779609,0.319232,3.325864,0.120265
Passive DS-TWR,1785766366.791738,0.306784,3.372370,0.090814
Passive DS-TWR,1785766366.823365,0.379355,3.377431,0.055256
Passive DS-TWR,1785766366.823548,0.386815,3.453914,0.024535
Passive DS-TWR,1785766366.866701,0.265377,3.389072,0.117763
Passive DS-TWR,1785766366.868802,0.395364,3.407981,0.031978
Passive DS-TWR,1785766366.891165,0.376839,3.410901,0.021693
Passive DS-TWR,1785766366.913987,0.328973,3.284613,0.154837
Passive DS-TWR,1785766366.969213,0.272451,3.420566,0.103081
Passive DS-TWR,1785766366.971678,0.373258,3.270280,0.162229
Passive DS-TWR,1785766366.983827,0.291860,3.322588,0.137718
Passive DS-TWR,1785766367.018788,0.389823,3.352476,0.081416
Passive DS-TWR,1785766367.048290,0.330222,3.311821,0.128664
Passive DS-TWR,1785766367.090933,0.400397,3.448201,0.029995
Passive DS-TWR,1785766367.160051,0.365974,3.332738,0.100156
Passive DS-TWR,1785766367.193200,0.276753,3.346636,0.130360
Passive DS-TWR,1785766367.193384,0.393841,3.327166,0.107036
Passive DS-TWR,1785766367.202976,0.416300,3.417555,0.044073
Passive DS-TWR,1785766367.239986,0.359543,3.307540,0.125894
Passive DS-TWR,1785766367.240213,0.307960,3.348610,0.107287
Passive DS-TWR,1785766367.280048,0.409072,3.382472,0.060621
Passive DS-TWR,1785766367.289012,0.311934,3.364326,0.092763
Passive DS-TWR,1785766367.314127,0.272147,3.450128,0.104194
Passive DS-TWR,1785766367.328022,0.399516,3.355212,0.081134
Passive DS-TWR,1785766367.373466,0.404411,3.443829,0.031668
Passive DS-TWR,1785766367.501127,0.402592,3.293253,0.141987
Passive DS-TWR,1785766367.502122,0.284662,3.357734,0.117141
Passive DS-TWR,1785766367.547253,0.349813,3.313900,0.121213
Passive DS-TWR,1785766367.879671,0.300915,3.409928,0.077293
Passive DS-TWR,1785766367.907466,0.363993,3.452455,0.022710
Passive DS-TWR,1785766367.943395,0.390098,3.335370,0.098323
Passive DS-TWR,1785766367.974765,0.241201,3.378902,0.143986
Passive DS-TWR,1785766368.055759,0.381898,3.326456,0.106280
Passive DS-TWR,1785766368.106287,0.337596,3.420751,0.039052
Passive DS-TWR,1785766368.299114,0.378098,3.323497,0.109053
Passive DS-TWR,1785766368.344532,0.296980,3.395890,0.086037
Passive DS-TWR,1785766368.355569,0.383293,3.407400,0.026487
Passive DS-TWR,1785766368.444305,0.305382,3.314878,0.136600
Passive DS-TWR,1785766368.489689,0.294043,3.351027,0.114743
Passive DS-TWR,1785766368.530996,0.312101,3.294874,0.151253
Passive DS-TWR,1785766368.531129,0.287656,3.403428,0.091902
Passive DS-TWR,1785766368.605404,0.399376,3.359660,0.076864
Passive DS-TWR,1785766368.631857,0.359027,3.282827,0.150507
Passive DS-TWR,1785766368.726357,0.278647,3.420407,0.096949
Passive DS-TWR,1785766368.726755,0.357943,3.410945,0.027389
Passive DS-TWR,1785766368.726927,0.338463,3.297737,0.139587
Passive DS-TWR,1785766368.727011,0.262304,3.417389,0.113545
Passive DS-TWR,1785766368.762793,0.319577,3.446708,0.057058
Passive DS-TWR,1785766368.763265,0.300940,3.335210,0.122175
Passive DS-TWR,1785766368.792490,0.314910,3.444842,0.061186
Passive DS-TWR,1785766368.811754,0.375109,3.404077,0.028426
Passive DS-TWR,1785766368.853138,0.328941,3.302808,0.137575
Passive DS-TWR,1785766368.853278,0.399662,3.326153,0.109208
Passive DS-TWR,1785766368.885773,0.345398,3.447198,0.032905
Passive DS-TWR,1785766369.062014,0.340192,3.424165,0.035635
Passive DS-TWR,1785766369.093625,0.344028,3.312569,0.123827
Passive DS-TWR,1785766369.107759,0.285639,3.363555,0.112739
Passive DS-TWR,1785766369.107941,0.416776,3.396428,0.055318
Passive DS-TWR,1785766369.193529,0.319946,3.428345,0.055050
Passive DS-TWR,1785766369.237932,0.304489,3.374298,0.091305
Passive DS-TWR,1785766369.238264,0.412901,3.361804,0.080293
Passive DS-TWR,1785766369.250044,0.334329,3.434513,0.040559
Passive DS-TWR,1785766369.279012,0.324358,3.280969,0.159719
Passive DS-TWR,1785766369.293657,0.311431,3.373395,0.086684
Passive DS-TWR,1785766369.367024,0.291287,3.325228,0.135972
Passive DS-TWR,1785766369.367234,0.401456,3.360965,0.076328
Passive DS-TWR,1785766369.380680,0.354118,3.406366,0.033352
Passive DS-TWR,1785766369.546049,0.314762,3.401015,0.067828
Passive DS-TWR,1785766369.685761,0.371460,3.426042,0.007290
Passive DS-TWR,1785766369.685892,0.347263,3.323422,0.112512
Passive DS-TWR,1785766369.685957,0.298294,3.361571,0.104356
Passive DS-TWR,1785766369.686041,0.422811,3.426541,0.048341
Passive DS-TWR,1785766369.698751,0.389076,3.412298,0.024716
Passive DS-TWR,1785766369.732640,0.298463,3.366578,0.100892
Passive DS-TWR,1785766369.735932,0.295874,3.365071,0.103838
Passive DS-TWR,1785766369.818267,0.300579,3.354392,0.107776
Passive DS-TWR,1785766369.844547,0.402560,3.429739,0.027859
Passive DS-TWR,1785766369.869845,0.279434,3.332128,0.138480
Passive DS-TWR,1785766369.967592,0.268434,3.446521,0.107324
Passive DS-TWR,1785766369.977387,0.287393,3.307894,0.152230
Passive DS-TWR,1785766370.058207,0.359448,3.300882,0.132516
Passive DS-TWR,1785766370.061496,0.287848,3.383363,0.099910
Passive DS-TWR,1785766370.146214,0.276569,3.422144,0.098813
Passive DS-TWR,1785766370.149003,0.411527,3.342719,0.096989
Passive DS-TWR,1785766370.149760,0.353669,3.452785,0.029319
Passive DS-TWR,1785766370.192549,0.379587,3.351361,0.081280
Passive DS-TWR,1785766370.192832,0.283949,3.393073,0.099074
Passive DS-TWR,1785766370.238374,0.318687,3.290208,0.152971
Passive DS-TWR,1785766370.265422,0.279910,3.447686,0.096136
Passive DS-TWR,1785766370.327209,0.409131,3.339967,0.098684
Passive DS-TWR,1785766370.368956,0.370125,3.421279,0.012172
Passive DS-TWR,1785766370.375801,0.276048,3.356660,0.124546
Passive DS-TWR,1785766370.424608,0.333028,3.308604,0.130762
Passive DS-TWR,1785766370.458821,0.294050,3.392172,0.090295
Passive DS-TWR,1785766370.511283,0.294936,3.403999,0.084834
Passive DS-TWR,1785766370.583652,0.308044,3.391735,0.078252
Passive DS-TWR,1785766370.594953,0.440444,3.396473,0.074847
Passive DS-TWR,1785766370.595234,0.347742,3.425003,0.028115
Passive DS-TWR,1785766370.641386,0.350207,3.286204,0.148356
Passive DS-TWR,1785766370.696008,0.319338,3.314413,0.130481
Passive DS-TWR,1785766370.822318,0.366327,3.267449,0.165272
Passive DS-TWR,1785766370.827126,0.408567,3.349673,0.089433
Passive DS-TWR,1785766370.827273,0.389284,3.464265,0.034894
Passive DS-TWR,1785766370.827349,0.321683,3.304457,0.138639
Passive DS-TWR,1785766370.827644,0.283618,3.329083,0.137900
Passive DS-TWR,1785766370.867570,0.371288,3.458028,0.025772
Passive DS-TWR,1785766370.871935,0.312003,3.323837,0.125524
Passive DS-TWR,1785766370.914255,0.265219,3.373630,0.124428
Passive DS-TWR,1785766370.934383,0.344804,3.436112,0.030251
Passive DS-TWR,1785766370.979698,0.297845,3.357661,0.107373
Passive DS-TWR,1785766371.017570,0.338649,3.338713,0.100529
Passive DS-TWR,1785766371.017812,0.272912,3.426831,0.102084
Passive DS-TWR,1785766371.028961,0.387999,3.328372,0.104958
Passive DS-TWR,1785766371.064274,0.316789,3.330318,0.117521
Passive DS-TWR,1785766371.079739,0.298665,3.430604,0.076197
Passive DS-TWR,1785766371.159165,0.285419,3.392261,0.098057
Passive DS-TWR,1785766371.161350,0.442021,3.402443,0.073600
Passive DS-TWR,1785766371.171668,0.316962,3.432441,0.057876
Passive DS-TWR,1785766371.210324,0.309237,3.288548,0.158196
Passive DS-TWR,1785766371.210467,0.289860,3.373823,0.103269
Passive DS-TWR,1785766371.256054,0.318800,3.336339,0.111299
Passive DS-TWR,1785766371.340966,0.366968,3.305520,0.127225
Passive DS-TWR,1785766371.341151,0.261757,3.375379,0.126690
Passive DS-TWR,1785766371.385399,0.310502,3.304060,0.143653
Passive DS-TWR,1785766371.399990,0.300700,3.374182,0.094328
Passive DS-TWR,1785766371.430769,0.386787,3.380439,0.053416
Passive DS-TWR,1785766371.431287,0.382815,3.467969,0.036353
Passive DS-TWR,1785766371.473940,0.348079,3.292918,0.142126
Passive DS-TWR,1785766371.528646,0.297102,3.392515,0.087417
Passive DS-TWR,1785766371.565474,0.415786,3.337580,0.103377
Passive DS-TWR,1785766371.567838,0.316336,3.484868,0.078516
Passive DS-TWR,1785766371.576366,0.278289,3.341406,0.132741
Passive DS-TWR,1785766371.609977,0.278143,3.416356,0.098035
Passive DS-TWR,1785766371.734886,0.432757,3.381748,0.077009
Passive DS-TWR,1785766371.790146,0.388387,3.426622,0.014770
Passive DS-TWR,1785766371.790692,0.346030,3.301666,0.133970
Passive DS-TWR,1785766371.790797,0.292908,3.368492,0.103970
Passive DS-TWR,1785766371.795419,0.407006,3.365687,0.074155
Passive DS-TWR,1785766371.877227,0.318536,3.386116,0.072950
Passive DS-TWR,1785766371.878575,0.416818,3.309788,0.129695
Passive DS-TWR,1785766371.905930,0.428953,3.430013,0.054172
Passive DS-TWR,1785766371.911868,0.294617,3.356270,0.110665
Passive DS-TWR,1785766371.935045,0.391285,3.382695,0.052452
Passive DS-TWR,1785766371.944057,0.415187,3.430669,0.040390
Passive DS-TWR,1785766371.989126,0.413988,3.362972,0.079794
Passive DS-TWR,1785766372.077590,0.363569,3.422355,0.015164
Passive DS-TWR,1785766372.260436,0.343006,3.327998,0.109244
Passive DS-TWR,1785766372.260655,0.412763,3.334899,0.104712
Passive DS-TWR,1785766372.260812,0.355772,3.453712,0.028521
Passive DS-TWR,1785766372.307449,0.382561,3.337239,0.095575
Passive DS-TWR,1785766372.359936,0.298612,3.365136,0.101729
Passive DS-TWR,1785766372.381261,0.393378,3.338101,0.096204
Passive DS-TWR,1785766372.398639,0.371185,3.389866,0.042792
Passive DS-TWR,1785766372.453002,0.368273,3.431342,0.006667
Passive DS-TWR,1785766372.577411,0.407662,3.343294,0.095055
Passive DS-TWR,1785766372.579297,0.377787,3.407452,0.025223
Passive DS-TWR,1785766372.627251,0.377415,3.333493,0.099042
Passive DS-TWR,1785766372.702653,0.410007,3.376635,0.066014
Passive DS-TWR,1785766372.723829,0.331653,3.451712,0.047265
Passive DS-TWR,1785766372.766720,0.296084,3.335054,0.125292
Passive DS-TWR,1785766372.767402,0.381332,3.302253,0.130410
Passive DS-TWR,1785766372.774056,0.377524,3.419127,0.013641
Passive DS-TWR,1785766372.812089,0.300141,3.431633,0.074703
Passive DS-TWR,1785766372.918825,0.394419,3.317589,0.116569
Passive DS-TWR,1785766372.919134,0.306615,3.326920,0.125705
Passive DS-TWR,1785766372.919283,0.295431,3.380766,0.094774
Passive DS-TWR,1785766372.919388,0.390105,3.304269,0.129138
Passive DS-TWR,1785766372.919626,0.309551,3.424372,0.065791
Passive DS-TWR,1785766372.921378,0.357290,3.285076,0.148467
Passive DS-TWR,1785766372.944450,0.294954,3.369278,0.101876
Passive DS-TWR,1785766372.999956,0.279051,3.354559,0.123492
Passive DS-TWR,1785766373.038578,0.396164,3.420708,0.024370
Passive DS-TWR,1785766373.042016,0.361852,3.416426,0.020666
Passive DS-TWR,1785766373.048399,0.350919,3.299221,0.135410
Passive DS-TWR,1785766373.075895,0.287805,3.318187,0.143676
Passive DS-TWR,1785766373.132683,0.375822,3.300672,0.131833
Passive DS-TWR,1785766373.176136,0.383489,3.408605,0.025414
Passive DS-TWR,1785766373.192196,0.265032,3.382813,0.120526
Passive DS-TWR,1785766373.227066,0.419998,3.320014,0.121214
Passive DS-TWR,1785766373.270638,0.304042,3.353364,0.106184
Passive DS-TWR,1785766373.270959,0.431594,3.379219,0.077847
Passive DS-TWR,1785766373.321533,0.297815,3.365212,0.102276
Passive DS-TWR,1785766373.467284,0.403838,3.349716,0.087718
Passive DS-TWR,1785766373.514986,0.282870,3.363489,0.114982
Passive DS-TWR,1785766373.600322,0.269458,3.338969,0.140902
Passive DS-TWR,1785766373.601361,0.398836,3.369225,0.067674
Passive DS-TWR,1785766373.603794,0.362496,3.440846,0.014898
Passive DS-TWR,1785766373.651631,0.309289,3.361429,0.096685
Passive DS-TWR,1785766373.651804,0.269014,3.370446,0.122677
Passive DS-TWR,1785766373.653124,0.399040,3.385768,0.052629
Passive DS-TWR,1785766373.752908,0.333940,3.343068,0.098341
Passive DS-TWR,1785766373.789443,0.286550,3.406303,0.092094
Passive DS-TWR,1785766373.790403,0.401299,3.371719,0.066293
Passive DS-TWR,1785766373.795484,0.340925,3.417938,0.036909
Passive DS-TWR,1785766373.855577,0.298414,3.416489,0.078084
Passive DS-TWR,1785766373.855811,0.409375,3.385789,0.058093
Passive DS-TWR,1785766373.890729,0.382153,3.319993,0.112746
Passive DS-TWR,1785766373.895909,0.277442,3.410951,0.099753
Passive DS-TWR,1785766373.952948,0.333436,3.304154,0.134860
Passive DS-TWR,1785766373.960223,0.269276,3.439220,0.105776
Passive DS-TWR,1785766373.994470,0.411566,3.388234,0.057519
Passive DS-TWR,1785766374.051347,0.318155,3.435474,0.056761
Passive DS-TWR,1785766374.084818,0.363736,3.310323,0.122681
Passive DS-TWR,1785766374.135972,0.292862,3.379469,0.097635
Passive DS-TWR,1785766374.176523,0.306660,3.382928,0.084296
Passive DS-TWR,1785766374.176733,0.441230,3.357722,0.099999
Passive DS-TWR,1785766374.180256,0.375865,3.420478,0.012068
Passive DS-TWR,1785766374.230132,0.329080,3.285975,0.153505
Passive DS-TWR,1785766374.230514,0.293871,3.342307,0.121205
Passive DS-TWR,1785766374.230722,0.416981,3.475877,0.060477
Passive DS-TWR,1785766374.248150,0.353329,3.430368,0.021615
Passive DS-TWR,1785766374.277032,0.304912,3.308668,0.142213
Passive DS-TWR,1785766374.286994,0.282982,3.364987,0.113999
Passive DS-TWR,1785766374.362784,0.293754,3.358761,0.109601
Passive DS-TWR,1785766374.362958,0.404611,3.370646,0.068648
Passive DS-TWR,1785766374.408873,0.290270,3.382856,0.098064
Passive DS-TWR,1785766374.418989,0.376741,3.394573,0.037977
Passive DS-TWR,1785766374.492092,0.274434,3.360414,0.123603
Passive DS-TWR,1785766374.492319,0.415798,3.319508,0.120189
Passive DS-TWR,1785766374.537956,0.301636,3.363961,0.100281
Passive DS-TWR,1785766374.584905,0.361653,3.326151,0.107164
Passive DS-TWR,1785766374.617041,0.286754,3.353938,0.118030
Passive DS-TWR,1785766374.626652,0.405071,3.311697,0.124530
Passive DS-TWR,1785766374.760396,0.404676,3.350317,0.087433
Passive DS-TWR,1785766374.760540,0.372932,3.402037,0.030524
Passive DS-TWR,1785766374.776109,0.329045,3.303577,0.136816
Passive DS-TWR,1785766374.848870,0.306895,3.368177,0.093563
Passive DS-TWR,1785766374.856331,0.292767,3.325757,0.134648
Passive DS-TWR,1785766374.922687,0.321142,3.302895,0.140290
Passive DS-TWR,1785766374.963576,0.281446,3.379212,0.107526
Passive DS-TWR,1785766374.963897,0.412148,3.380203,0.064242
Passive DS-TWR,1785766375.008309,0.406884,3.323945,0.113188
Passive DS-TWR,1785766375.027578,0.401506,3.407084,0.036840
Passive DS-TWR,1785766375.075792,0.366751,3.422681,0.012722
Passive DS-TWR,1785766375.123889,0.350984,3.296374,0.138201
Passive DS-TWR,1785766375.125894,0.291064,3.363493,0.108537
Passive DS-TWR,1785766375.126174,0.406410,3.327112,0.110016
Passive DS-TWR,1785766375.139165,0.356565,3.427067,0.019065
Passive DS-TWR,1785766375.296414,0.341892,3.418657,0.035737
Passive DS-TWR,1785766375.383414,0.381921,3.325002,0.107733
Passive DS-TWR,1785766375.396645,0.381046,3.415498,0.018101
Passive DS-TWR,1785766375.428061,0.366868,3.323889,0.108904
Passive DS-TWR,1785766375.432941,0.229679,3.368397,0.158685
Passive DS-TWR,1785766375.473001,0.386256,3.343832,0.089402
Passive DS-TWR,1785766375.487781,0.316982,3.336730,0.111891
Passive DS-TWR,1785766375.522885,0.275240,3.334875,0.139466
Passive DS-TWR,1785766375.523815,0.315723,3.440712,0.059683
Passive DS-TWR,1785766375.565398,0.372232,3.291967,0.140559
Passive DS-TWR,1785766375.611982,0.367341,3.350254,0.082589
Passive DS-TWR,1785766375.623639,0.234122,3.359243,0.158644
Passive DS-TWR,1785766375.658459,0.365689,3.424275,0.012304
Passive DS-TWR,1785766375.672134,0.348481,3.315537,0.119898
Passive DS-TWR,1785766375.700607,0.301960,3.402789,0.078703
Passive DS-TWR,1785766375.700872,0.412438,3.377209,0.066865
Passive DS-TWR,1785766375.715258,0.349965,3.435511,0.025055
Passive DS-TWR,1785766375.745421,0.303754,3.315526,0.136881
Passive DS-TWR,1785766375.785895,0.402081,3.322225,0.113591
Passive DS-TWR,1785766375.800063,0.321771,3.357148,0.092164
Passive DS-TWR,1785766375.830060,0.287651,3.452475,0.089446
Passive DS-TWR,1785766375.830245,0.413330,3.295815,0.142003
Passive DS-TWR,1785766375.843415,0.352935,3.447194,0.026375
Passive DS-TWR,1785766375.899706,0.289735,3.363974,0.109264
Passive DS-TWR,1785766375.907326,0.351391,3.411394,0.031549
Passive DS-TWR,1785766375.995987,0.403833,3.376294,0.063245
Passive DS-TWR,1785766375.998315,0.372917,3.397968,0.034587
Passive DS-TWR,1785766376.042937,0.338814,3.430461,0.036082
Passive DS-TWR,1785766376.087985,0.284003,3.361096,0.115542
Passive DS-TWR,1785766376.088260,0.402363,3.415970,0.032108
Passive DS-TWR,1785766376.200583,0.346191,3.302672,0.132952
Passive DS-TWR,1785766376.234761,0.384671,3.363354,0.069843
Passive DS-TWR,1785766376.289101,0.388821,3.355562,0.078200
Passive DS-TWR,1785766376.291346,0.384192,3.398088,0.035662
Passive DS-TWR,1785766376.337406,0.341825,3.307672,0.129122
Passive DS-TWR,1785766376.345147,0.395122,3.366577,0.068974
Passive DS-TWR,1785766376.383711,0.367390,3.297935,0.134773
Passive DS-TWR,1785766376.392464,0.290789,3.371257,0.103996
Passive DS-TWR,1785766376.440182,0.399429,3.359631,0.076908
Passive DS-TWR,1785766376.713514,0.321168,3.318627,0.125889
Passive DS-TWR,1785766376.918730,0.392116,3.354342,0.080046
Passive DS-TWR,1785766376.960913,0.392293,3.418925,0.022113
Passive DS-TWR,1785766376.964252,0.355987,3.314313,0.119682
Passive DS-TWR,1785766376.993523,0.313391,3.414886,0.063922
Passive DS-TWR,1785766377.120589,0.280352,3.422446,0.095020
Passive DS-TWR,1785766377.120678,0.400529,3.312387,0.122831
Passive DS-TWR,1785766377.120773,0.371499,3.428516,0.005199
Passive DS-TWR,1785766377.227499,0.273695,3.367680,0.120133
Passive DS-TWR,1785766377.277117,0.314323,3.307524,0.138857
Passive DS-TWR,1785766377.289836,0.315092,3.391802,0.072292
Passive DS-TWR,1785766377.325280,0.311540,3.441900,0.063993
Passive DS-TWR,1785766377.362507,0.316083,3.292845,0.151513
Passive DS-TWR,1785766377.363350,0.294112,3.369824,0.102202
Passive DS-TWR,1785766377.407580,0.381134,3.340456,0.092260
Passive DS-TWR,1785766377.408805,0.339724,3.296413,0.140545
Passive DS-TWR,1785766377.416084,0.292824,3.337046,0.125849
Passive DS-TWR,1785766377.464401,0.286705,3.308017,0.152525
Passive DS-TWR,1785766377.493356,0.288907,3.362152,0.111055
Passive DS-TWR,1785766377.522640,0.392796,3.354270,0.080266
Passive DS-TWR,1785766377.540815,0.334068,3.297817,0.140720
Passive DS-TWR,1785766377.547016,0.295688,3.397227,0.086655
Passive DS-TWR,1785766377.565703,0.432007,3.408580,0.061971
Passive DS-TWR,1785766377.763669,0.358957,3.296563,0.136863
Passive DS-TWR,1785766377.811426,0.398175,3.367596,0.068973
Passive DS-TWR,1785766377.886058,0.376347,3.374730,0.057792
Passive DS-TWR,1785766377.890821,0.289023,3.400308,0.091655
Passive DS-TWR,1785766377.913674,0.337084,3.318449,0.120139
Passive DS-TWR,1785766377.935530,0.285591,3.324125,0.140395
Passive DS-TWR,1785766378.023764,0.282946,3.353211,0.121372
Passive DS-TWR,1785766378.023891,0.418190,3.368307,0.077461
Passive DS-TWR,1785766378.024028,0.345114,3.418396,0.032901
Passive DS-TWR,1785766378.066157,0.307139,3.368328,0.093281
Passive DS-TWR,1785766378.068496,0.405681,3.361978,0.076972
Passive DS-TWR,1785766378.200616,0.334056,3.322496,0.117322
Passive DS-TWR,1785766378.263963,0.289028,3.376757,0.102327
Passive DS-TWR,1785766378.335314,0.287138,3.359667,0.114002
Passive DS-TWR,1785766378.336183,0.407480,3.358535,0.080848
Passive DS-TWR,1785766378.339811,0.324495,3.443135,0.051454
Passive DS-TWR,1785766378.369039,0.289712,3.310014,0.149163
Passive DS-TWR,1785766378.390106,0.268829,3.333594,0.144985
Passive DS-TWR,1785766378.390280,0.419171,3.340048,0.102533
Passive DS-TWR,1785766378.432736,0.299328,3.305764,0.147527
Passive DS-TWR,1785766378.440719,0.311049,3.380312,0.082419
Passive DS-TWR,1785766378.467817,0.397246,3.363557,0.072494
Passive DS-TWR,1785766378.488627,0.325769,3.362963,0.085108
Passive DS-TWR,1785766378.522729,0.288409,3.370079,0.106615
Passive DS-TWR,1785766378.609491,0.395381,3.436634,0.020954
Passive DS-TWR,1785766378.616827,0.346765,3.292176,0.143107
Passive DS-TWR,1785766378.698987,0.367278,3.281457,0.151234
Passive DS-TWR,1785766378.707092,0.276989,3.354995,0.124827
Passive DS-TWR,1785766378.782835,0.368754,3.346475,0.086242
Passive DS-TWR,1785766378.827168,0.334794,3.285914,0.151959
Passive DS-TWR,1785766378.901004,0.303360,3.375405,0.091483
Passive DS-TWR,1785766378.939766,0.396803,3.352184,0.083266
Passive DS-TWR,1785766379.090289,0.282691,3.397669,0.098511
Passive DS-TWR,1785766379.092929,0.410588,3.336674,0.102279
Passive DS-TWR,1785766379.311101,0.393305,3.338660,0.095641
Passive DS-TWR,1785766379.321079,0.380594,3.310212,0.122425
Passive DS-TWR,1785766379.363032,0.307557,3.350475,0.106090
Passive DS-TWR,1785766379.365446,0.387153,3.355851,0.077633
Passive DS-TWR,1785766379.365724,0.302553,3.444308,0.073243
Passive DS-TWR,1785766379.384152,0.364167,3.307987,0.124971
Passive DS-TWR,1785766379.411949,0.273807,3.355169,0.127231
Passive DS-TWR,1785766379.412307,0.414944,3.366894,0.076894
Passive DS-TWR,1785766379.464348,0.280402,3.346518,0.127716
Passive DS-TWR,1785766379.540764,0.414415,3.360565,0.082104
Passive DS-TWR,1785766379.541101,0.373377,3.334372,0.098141
Passive DS-TWR,1785766379.555792,0.373901,3.414706,0.017820
Passive DS-TWR,1785766379.591538,0.325579,3.301113,0.140319
Passive DS-TWR,1785766379.679308,0.404221,3.347222,0.090199
Passive DS-TWR,1785766379.686325,0.360411,3.425560,0.016010
Passive DS-TWR,1785766379.853515,0.339455,3.305364,0.131970
Passive DS-TWR,1785766379.923797,0.403279,3.355215,0.082353
Passive DS-TWR,1785766379.958021,0.338650,3.414861,0.040259
Passive DS-TWR,1785766379.960924,0.299042,3.295759,0.156345
Passive DS-TWR,1785766379.989180,0.288946,3.331840,0.132327
Passive DS-TWR,1785766380.068050,0.374212,3.324440,0.108063
Passive DS-TWR,1785766380.070842,0.298486,3.355552,0.108401
Passive DS-TWR,1785766380.071028,0.397349,3.306431,0.128065
Passive DS-TWR,1785766380.071124,0.370018,3.442329,0.010946
Passive DS-TWR,1785766380.119227,0.341474,3.299755,0.136875
Passive DS-TWR,1785766380.131264,0.355689,3.430454,0.019259
Passive DS-TWR,1785766380.199649,0.313500,3.352364,0.100918
Passive DS-TWR,1785766380.259198,0.300554,3.416223,0.076047
Passive DS-TWR,1785766380.302233,0.353937,3.332532,0.102131
Passive DS-TWR,1785766380.302399,0.305814,3.334221,0.120098
Passive DS-TWR,1785766380.352779,0.392684,3.404878,0.032886
Passive DS-TWR,1785766380.490007,0.340471,3.305223,0.131836
Passive DS-TWR,1785766380.490142,0.297982,3.324120,0.132866
Passive DS-TWR,1785766380.561887,0.300299,3.424532,0.074965
Passive DS-TWR,1785766380.581878,0.387488,3.394668,0.039892
Passive DS-TWR,1785766380.581961,0.334383,3.422636,0.041641
Passive DS-TWR,1785766380.631265,0.391823,3.367831,0.066863
Passive DS-TWR,1785766380.692423,0.409609,3.310441,0.126917
Passive DS-TWR,1785766380.728456,0.404807,3.402267,0.042571
Passive DS-TWR,1785766380.765373,0.412424,3.422467,0.038902
Passive DS-TWR,1785766380.771789,0.357854,3.433184,0.016998
Passive DS-TWR,1785766380.815046,0.356254,3.284563,0.149101
Passive DS-TWR,1785766380.815208,0.268538,3.425923,0.106503
Passive DS-TWR,1785766380.880466,0.341888,3.299228,0.137286
Passive DS-TWR,1785766380.924633,0.368023,3.319811,0.112896
Passive DS-TWR,1785766380.959901,0.299537,3.367772,0.099299
Passive DS-TWR,1785766380.976075,0.328110,3.453877,0.051385
Passive DS-TWR,1785766380.984222,0.320766,3.317792,0.126816
Passive DS-TWR,1785766381.019960,0.297356,3.329042,0.129257
Passive DS-TWR,1785766381.020537,0.377464,3.400801,0.031809
Passive DS-TWR,1785766381.122370,0.334891,3.448692,0.043104
Passive DS-TWR,1785766381.124380,0.293174,3.375684,0.099485
Passive DS-TWR,1785766381.124498,0.417076,3.392589,0.058112
Passive DS-TWR,1785766381.124639,0.355247,3.431538,0.019616
Passive DS-TWR,1785766381.124850,0.330959,3.291722,0.147460
Passive DS-TWR,1785766381.163651,0.381421,3.475078,0.043083
Passive DS-TWR,1785766381.197674,0.259435,3.438964,0.115584
Passive DS-TWR,1785766381.222616,0.372477,3.302507,0.130016
Passive DS-TWR,1785766381.222766,0.396495,3.410558,0.030830
Passive DS-TWR,1785766381.256094,0.379266,3.288393,0.144176
Passive DS-TWR,1785766381.270088,0.316285,3.384715,0.075578
Passive DS-TWR,1785766381.270262,0.405969,3.359874,0.079018
Passive DS-TWR,1785766381.497797,0.337933,3.349100,0.091202
Passive DS-TWR,1785766381.544212,0.380010,3.381810,0.050954
Passive DS-TWR,1785766381.567491,0.368581,3.318788,0.113886
Passive DS-TWR,1785766381.586319,0.297134,3.349930,0.113384
Passive DS-TWR,1785766381.589764,0.402465,3.344390,0.092341
Passive DS-TWR,1785766381.630870,0.383412,3.419808,0.015318
Passive DS-TWR,1785766381.675633,0.279058,3.333378,0.137838
Passive DS-TWR,1785766381.716397,0.330446,3.311568,0.128824
Passive DS-TWR,1785766381.757279,0.345117,3.270494,0.164711
Passive DS-TWR,1785766381.785179,0.309292,3.399632,0.073327
Passive DS-TWR,1785766381.802464,0.413337,3.446646,0.041014
Passive DS-TWR,1785766381.826549,0.380592,3.296167,0.136456
Passive DS-TWR,1785766381.845038,0.277454,3.330726,0.140862
Passive DS-TWR,1785766381.960702,0.289194,3.393192,0.094235
Passive DS-TWR,1785766381.992003,0.403774,3.342120,0.094900
Passive DS-TWR,1785766381.992268,0.397318,3.418371,0.026551
Passive DS-TWR,1785766382.041436,0.309338,3.371221,0.089697
Passive DS-TWR,1785766382.041545,0.389985,3.319614,0.113899
Passive DS-TWR,1785766382.051710,0.361538,3.463487,0.033720
Passive DS-TWR,1785766382.102886,0.359219,3.290072,0.143284
Passive DS-TWR,1785766382.103009,0.276417,3.417425,0.099569
Passive DS-TWR,1785766382.103070,0.421472,3.333288,0.109627
Passive DS-TWR,1785766382.115686,0.325498,3.416594,0.051842
Passive DS-TWR,1785766382.145964,0.338315,3.295028,0.142242
Passive DS-TWR,1785766382.152277,0.280507,3.390094,0.103426
Passive DS-TWR,1785766382.167423,0.378591,3.322189,0.110376
Passive DS-TWR,1785766382.193723,0.377163,3.422951,0.009830
Passive DS-TWR,1785766382.279628,0.342863,3.346859,0.091417
Passive DS-TWR,1785766382.283282,0.291183,3.370740,0.103984
Passive DS-TWR,1785766382.291959,0.407183,3.350274,0.088361
Passive DS-TWR,1785766382.327567,0.371381,3.398440,0.034237
Passive DS-TWR,1785766382.473035,0.301135,3.370055,0.096601
Passive DS-TWR,1785766382.509652,0.431185,3.336766,0.111086
Passive DS-TWR,1785766382.512080,0.385752,3.386208,0.047563
Passive DS-TWR,1785766382.521142,0.402401,3.308638,0.126893
Passive DS-TWR,1785766382.552349,0.272270,3.387538,0.111991
Passive DS-TWR,1785766382.595031,0.396379,3.295620,0.138566
Passive DS-TWR,1785766382.600442,0.289115,3.417889,0.086960
Passive DS-TWR,1785766382.621610,0.391337,3.355773,0.078482
Passive DS-TWR,1785766382.683675,0.389273,3.369403,0.064728
Passive DS-TWR,1785766382.691455,0.399444,3.454798,0.033205
Passive DS-TWR,1785766382.734415,0.345738,3.316244,0.119844
Passive DS-TWR,1785766382.734574,0.272331,3.330420,0.144667
Passive DS-TWR,1785766382.740119,0.392130,3.383785,0.051694
Passive DS-TWR,1785766382.961251,0.393547,3.343531,0.090916
Passive DS-TWR,1785766382.968792,0.333174,3.307814,0.131465
Passive DS-TWR,1785766382.995710,0.296281,3.372684,0.098739
Passive DS-TWR,1785766383.005715,0.417162,3.348917,0.093689
Passive DS-TWR,1785766383.011728,0.350114,3.435681,0.024928
Passive DS-TWR,1785766383.056184,0.307987,3.303705,0.145112
Passive DS-TWR,1785766383.056434,0.299180,3.441626,0.076206
Passive DS-TWR,1785766383.060671,0.394024,3.412353,0.027821
Passive DS-TWR,1785766383.102209,0.351104,3.429456,0.023930
Passive DS-TWR,1785766383.102731,0.336430,3.291761,0.145888
Passive DS-TWR,1785766383.141240,0.303605,3.396886,0.079641
Passive DS-TWR,1785766383.233398,0.369518,3.325068,0.107565
Passive DS-TWR,1785766383.233555,0.291283,3.407044,0.087348
Passive DS-TWR,1785766383.233710,0.447577,3.393908,0.082343
Passive DS-TWR,1785766383.233794,0.383057,3.433721,0.008309
Passive DS-TWR,1785766383.252169,0.362622,3.311672,0.121445
Passive DS-TWR,1785766383.305941,0.291919,3.317969,0.141398
Passive DS-TWR,1785766383.317012,0.417834,3.450088,0.046453
Passive DS-TWR,1785766383.339062,0.309593,3.424844,0.065693
Passive DS-TWR,1785766383.374641,0.314033,3.349733,0.102703
Passive DS-TWR,1785766383.374811,0.296085,3.355692,0.110008
Passive DS-TWR,1785766383.432633,0.271710,3.444408,0.103814
Passive DS-TWR,1785766383.478882,0.419574,3.421693,0.046023
Passive DS-TWR,1785766383.483992,0.336139,3.346573,0.094241
Passive DS-TWR,1785766383.496305,0.286995,3.353449,0.118176
Passive DS-TWR,1785766383.544973,0.341716,3.298609,0.137929
Passive DS-TWR,1785766383.571150,0.297350,3.433336,0.077493
Passive DS-TWR,1785766383.596715,0.405244,3.366328,0.072825
Passive DS-TWR,1785766383.608972,0.340938,3.337302,0.101056
Passive DS-TWR,1785766383.641732,0.245372,3.437883,0.129578
Passive DS-TWR,1785766383.651458,0.302501,3.413332,0.074834
Passive DS-TWR,1785766383.700655,0.291492,3.370269,0.104017
Passive DS-TWR,1785766383.802757,0.341214,3.287592,0.148760
Passive DS-TWR,1785766383.826603,0.295652,3.387579,0.091041
Passive DS-TWR,1785766383.854962,0.353637,3.408261,0.032204
Passive DS-TWR,1785766383.864454,0.342489,3.307618,0.129005
Passive DS-TWR,1785766383.975257,0.408149,3.342199,0.096251
Passive DS-TWR,1785766383.975367,0.370409,3.406644,0.026234
Passive DS-TWR,1785766384.042920,0.357263,3.292854,0.140749
Passive DS-TWR,1785766384.209935,0.389313,3.325928,0.107552
Passive DS-TWR,1785766384.216625,0.290545,3.404765,0.088740
Passive DS-TWR,1785766384.216856,0.422815,3.391165,0.063328
Passive DS-TWR,1785766384.261054,0.392051,3.418526,0.022172
Passive DS-TWR,1785766384.301712,0.426097,3.342199,0.103836
Passive DS-TWR,1785766384.301963,0.373384,3.451798,0.019352
Passive DS-TWR,1785766384.347791,0.341773,3.299951,0.136613
Passive DS-TWR,1785766384.348064,0.388949,3.334410,0.099101
Passive DS-TWR,1785766384.385270,0.361017,3.396104,0.038933
Passive DS-TWR,1785766384.441428,0.356232,3.289819,0.143890
Passive DS-TWR,1785766384.466866,0.301590,3.354303,0.107146
Passive DS-TWR,1785766384.483701,0.366265,3.430098,0.008904
Passive DS-TWR,1785766384.509835,0.309732,3.298757,0.148749
Passive DS-TWR,1785766384.527799,0.300404,3.375596,0.093695
Passive DS-TWR,1785766384.534274,0.400942,3.349908,0.086620
Passive DS-TWR,1785766384.584440,0.288219,3.497149,0.108084
Passive DS-TWR,1785766384.632510,0.365357,3.306336,0.126521
Passive DS-TWR,1785766384.676641,0.281505,3.400910,0.098535
Passive DS-TWR,1785766384.730146,0.334048,3.289808,0.148409
Passive DS-TWR,1785766384.742353,0.285844,3.331517,0.134602
Passive DS-TWR,1785766384.742619,0.387563,3.347635,0.085816
Passive DS-TWR,1785766384.743026,0.361032,3.402895,0.032668
Passive DS-TWR,1785766384.780749,0.319748,3.315594,0.129237
Passive DS-TWR,1785766384.780862,0.229370,3.424195,0.145705
Passive DS-TWR,1785766384.791204,0.421028,3.422915,0.047174
Passive DS-TWR,1785766384.827788,0.372592,3.324575,0.107949
Passive DS-TWR,1785766384.870732,0.305307,3.445838,0.070799
Passive DS-TWR,1785766384.902122,0.344529,3.314067,0.122251
Passive DS-TWR,1785766384.906076,0.292499,3.368591,0.104232
Passive DS-TWR,1785766384.954260,0.348584,3.302887,0.132247
Passive DS-TWR,1785766385.142037,0.362904,3.435330,0.012265
Passive DS-TWR,1785766385.146059,0.346308,3.314915,0.120999
Passive DS-TWR,1785766385.183153,0.270084,3.393870,0.111650
Passive DS-TWR,1785766385.186178,0.428999,3.381300,0.074532
Passive DS-TWR,1785766385.187804,0.336752,3.451086,0.042379
Passive DS-TWR,1785766385.302644,0.439427,3.432774,0.064589
Passive DS-TWR,1785766385.307184,0.355715,3.444728,0.022698
Passive DS-TWR,1785766385.337565,0.380538,3.416570,0.016921
Passive DS-TWR,1785766385.352154,0.286714,3.384872,0.100172
Passive DS-TWR,1785766385.400944,0.360534,3.301391,0.131888
Passive DS-TWR,1785766385.489045,0.258941,3.412487,0.117613
Passive DS-TWR,1785766385.492168,0.378330,3.321877,0.110679
Passive DS-TWR,1785766385.568334,0.283300,3.370131,0.110767
Passive DS-TWR,1785766385.598969,0.362271,3.461455,0.031564
Passive DS-TWR,1785766385.697393,0.283016,3.352702,0.121653
Passive DS-TWR,1785766385.697601,0.429211,3.415230,0.057050
Passive DS-TWR,1785766385.700294,0.341314,3.462485,0.044977
Passive DS-TWR,1785766385.746309,0.316303,3.303011,0.142106
Passive DS-TWR,1785766385.747398,0.273676,3.407452,0.104218
Passive DS-TWR,1785766385.747666,0.392203,3.367095,0.067672
Passive DS-TWR,1785766385.802443,0.286788,3.371317,0.107222
Passive DS-TWR,1785766385.835902,0.431427,3.336048,0.111829
Passive DS-TWR,1785766385.849460,0.343560,3.306392,0.129931
Passive DS-TWR,1785766385.912672,0.313945,3.297119,0.148447
Passive DS-TWR,1785766385.947160,0.288456,3.366037,0.108993
Passive DS-TWR,1785766385.986698,0.339987,3.317412,0.120251
Passive DS-TWR,1785766386.032390,0.409951,3.356741,0.083501
Passive DS-TWR,1785766386.035494,0.328750,3.428675,0.046247
Passive DS-TWR,1785766386.041150,0.354377,3.275685,0.158146
Passive DS-TWR,1785766386.075053,0.297280,3.353596,0.110641
Passive DS-TWR,1785766386.075233,0.391634,3.347611,0.086537
Passive DS-TWR,1785766386.125012,0.310311,3.320092,0.129613
Passive DS-TWR,1785766386.125137,0.292604,3.423712,0.082703
Passive DS-TWR,1785766386.171934,0.390215,3.302888,0.130522
Passive DS-TWR,1785766386.215897,0.272020,3.352095,0.130526
Passive DS-TWR,1785766386.361990,0.349545,3.397787,0.042952
Passive DS-TWR,1785766386.362310,0.313436,3.288915,0.156165
Passive DS-TWR,1785766386.376530,0.281918,3.461544,0.097353
Passive DS-TWR,1785766386.395492,0.382796,3.389698,0.043537
Passive DS-TWR,1785766386.405362,0.375993,3.396538,0.035982
Passive DS-TWR,1785766386.585043,0.273752,3.362181,0.123141
Passive DS-TWR,1785766386.610737,0.354623,3.413692,0.027613
Passive DS-TWR,1785766386.624000,0.329466,3.289294,0.150223
Passive DS-TWR,1785766386.632471,0.270531,3.354252,0.130396
Passive DS-TWR,1785766386.663960,0.386954,3.405423,0.029666
Passive DS-TWR,1785766386.664350,0.325262,3.478263,0.067468
Passive DS-TWR,1785766386.707898,0.353870,3.270277,0.163574
Passive DS-TWR,1785766386.709831,0.428954,3.349862,0.098781
Passive DS-TWR,1785766386.740937,0.344248,3.415791,0.034857
Passive DS-TWR,1785766386.751386,0.355033,3.290447,0.143429
Passive DS-TWR,1785766386.851713,0.381929,3.394728,0.038434
Passive DS-TWR,1785766386.880395,0.332238,3.322262,0.118184
Passive DS-TWR,1785766386.890357,0.277741,3.404589,0.101030
Passive DS-TWR,1785766386.908296,0.396706,3.346775,0.088472
Passive DS-TWR,1785766387.001018,0.368611,3.284359,0.148274
Passive DS-TWR,1785766387.082237,0.280589,3.360475,0.118620
Passive DS-TWR,1785766387.096775,0.412030,3.353578,0.087247
Passive DS-TWR,1785766387.129338,0.372691,3.469072,0.036634
Passive DS-TWR,1785766387.173984,0.297764,3.353600,0.110300
Passive DS-TWR,1785766387.174201,0.338062,3.418643,0.039301
Passive DS-TWR,1785766387.411908,0.270324,3.409802,0.106951
Passive DS-TWR,1785766387.412745,0.411425,3.409439,0.043249
Passive DS-TWR,1785766387.412916,0.329607,3.418840,0.047249
Passive DS-TWR,1785766387.460601,0.375474,3.434488,0.002086
Passive DS-TWR,1785766387.475994,0.399080,3.304927,0.129857
Passive DS-TWR,1785766387.504941,0.378358,3.445380,0.013351
Passive DS-TWR,1785766387.556087,0.360741,3.421645,0.017793
Passive DS-TWR,1785766387.590653,0.337389,3.298687,0.138956
Passive DS-TWR,1785766387.593022,0.293790,3.388919,0.092023
Passive DS-TWR,1785766387.603829,0.373949,3.343959,0.088547
Passive DS-TWR,1785766387.669554,0.272037,3.407956,0.105692
Passive DS-TWR,1785766387.725594,0.330454,3.303918,0.136028
Passive DS-TWR,1785766387.725747,0.308720,3.356590,0.100669
Passive DS-TWR,1785766387.813755,0.394385,3.300180,0.133757
Passive DS-TWR,1785766387.856259,0.352779,3.310931,0.123556
Passive DS-TWR,1785766387.862090,0.393277,3.380798,0.054893
Passive DS-TWR,1785766387.884165,0.316770,3.459067,0.063857
Passive DS-TWR,1785766387.956429,0.352591,3.479141,0.051674
Passive DS-TWR,1785766387.968973,0.267299,3.342367,0.140318
Passive DS-TWR,1785766387.977561,0.306518,3.381003,0.085556
Passive DS-TWR,1785766388.085942,0.400848,3.371405,0.066402
Passive DS-TWR,1785766388.120580,0.367063,3.289993,0.142720
Passive DS-TWR,1785766388.265170,0.399271,3.342734,0.093033
Passive DS-TWR,1785766388.265352,0.367160,3.414030,0.020003
Passive DS-TWR,1785766388.295980,0.271075,3.323083,0.150795
Passive DS-TWR,1785766388.316717,0.295265,3.386672,0.091827
Passive DS-TWR,1785766388.377200,0.280425,3.374364,0.110877
Passive DS-TWR,1785766388.377388,0.395255,3.303428,0.130678
Passive DS-TWR,1785766388.388240,0.379464,3.415504,0.017615
Passive DS-TWR,1785766388.427912,0.342182,3.347357,0.091192
Passive DS-TWR,1785766388.428096,0.315215,3.369176,0.086978
Passive DS-TWR,1785766388.436338,0.394222,3.330812,0.103521
Passive DS-TWR,1785766388.517528,0.425157,3.348087,0.098274
Passive DS-TWR,1785766388.561676,0.272225,3.429062,0.102671
Passive DS-TWR,1785766388.658419,0.436328,3.385155,0.077605
Passive DS-TWR,1785766388.661549,0.350204,3.424206,0.025993
Passive DS-TWR,1785766388.665940,0.401968,3.335273,0.100943
Passive DS-TWR,1785766388.700883,0.407336,3.384087,0.058309
Passive DS-TWR,1785766388.751227,0.314108,3.329371,0.119683
Passive DS-TWR,1785766388.751415,0.277541,3.374263,0.113396
Passive DS-TWR,1785766388.782338,0.424868,3.378355,0.073721
Passive DS-TWR,1785766388.794394,0.289630,3.308855,0.150163
Passive DS-TWR,1785766388.809029,0.282762,3.444890,0.092906
Passive DS-TWR,1785766388.833505,0.406152,3.313892,0.122673
Passive DS-TWR,1785766388.835746,0.384786,3.427929,0.010949
Passive DS-TWR,1785766388.956126,0.397789,3.364053,0.072194
Passive DS-TWR,1785766389.099718,0.397193,3.375667,0.061072
Passive DS-TWR,1785766389.102171,0.351476,3.403533,0.037216
Passive DS-TWR,1785766389.162731,0.374003,3.347416,0.085089
Passive DS-TWR,1785766389.162901,0.363843,3.476473,0.045326
Passive DS-TWR,1785766389.177508,0.359466,3.339009,0.094748
Passive DS-TWR,1785766389.402199,0.383202,3.367212,0.065823
Passive DS-TWR,1785766389.501644,0.375449,3.338454,0.094049
Passive DS-TWR,1785766389.577123,0.276713,3.468739,0.104603
Passive DS-TWR,1785766389.625028,0.315173,3.366066,0.089295
Passive DS-TWR,1785766389.665751,0.313151,3.394782,0.072305
Passive DS-TWR,1785766389.726076,0.419302,3.396879,0.056974
Passive DS-TWR,1785766389.771071,0.322510,3.311666,0.131680
Passive DS-TWR,1785766389.771660,0.270687,3.404071,0.107962
Passive DS-TWR,1785766389.782652,0.398133,3.392942,0.045908
Passive DS-TWR,1785766389.846167,0.339410,3.288150,0.148636
Passive DS-TWR,1785766389.902527,0.302831,3.344512,0.113698
Passive DS-TWR,1785766389.946809,0.373778,3.333540,0.098967
Passive DS-TWR,1785766390.011585,0.335494,3.336381,0.103861
Passive DS-TWR,1785766390.072990,0.361884,3.283877,0.149188
Passive DS-TWR,1785766390.177970,0.389442,3.402734,0.033157
Passive DS-TWR,1785766390.178115,0.406712,3.324930,0.112195
Passive DS-TWR,1785766390.213645,0.345337,3.293249,0.142344
Passive DS-TWR,1785766390.230317,0.397419,3.334412,0.100655
Passive DS-TWR,1785766390.244587,0.378407,3.417686,0.015240
Passive DS-TWR,1785766390.286291,0.319956,3.320073,0.125109
Passive DS-TWR,1785766390.286520,0.290628,3.380626,0.098907
Passive DS-TWR,1785766390.291796,0.428371,3.439965,0.054050
Passive DS-TWR,1785766390.307921,0.341090,3.470769,0.051023
Passive DS-TWR,1785766390.360176,0.338175,3.305274,0.132405
Passive DS-TWR,1785766390.360433,0.297692,3.328065,0.129841
Passive DS-TWR,1785766390.362659,0.416939,3.364622,0.079875
Passive DS-TWR,1785766390.471940,0.405554,3.424659,0.031701
Passive DS-TWR,1785766390.472357,0.312013,3.311516,0.136326
Passive DS-TWR,1785766390.523905,0.349586,3.307247,0.127775
Passive DS-TWR,1785766390.590978,0.385983,3.292294,0.140649
Passive DS-TWR,1785766390.602759,0.282021,3.319874,0.145946
Passive DS-TWR,1785766390.799805,0.293147,3.375184,0.099794
Passive DS-TWR,1785766390.851938,0.350895,3.440664,0.025296
Passive DS-TWR,1785766390.857462,0.347647,3.286456,0.148555
Passive DS-TWR,1785766390.857615,0.265849,3.430810,0.109002
Passive DS-TWR,1785766390.932088,0.359827,3.323530,0.110001
Passive DS-TWR,1785766390.932451,0.283322,3.376450,0.107317
Passive DS-TWR,1785766390.932634,0.393467,3.309204,0.124697
Passive DS-TWR,1785766390.948021,0.334842,3.423430,0.041012
Passive DS-TWR,1785766391.027304,0.414246,3.417383,0.042208
Passive DS-TWR,1785766391.027483,0.369476,3.412521,0.020687
Passive DS-TWR,1785766391.034837,0.340770,3.310410,0.126756
Passive DS-TWR,1785766391.049331,0.264798,3.418648,0.110909
Passive DS-TWR,1785766391.168149,0.374856,3.288811,0.143691
Passive DS-TWR,1785766391.177699,0.310139,3.385929,0.079719
Passive DS-TWR,1785766391.190321,0.411217,3.395817,0.051664
Passive DS-TWR,1785766391.239594,0.415009,3.420615,0.041892
Passive DS-TWR,1785766391.240393,0.381842,3.324037,0.108691
Passive DS-TWR,1785766391.246868,0.286157,3.415059,0.090380
Passive DS-TWR,1785766391.289755,0.368288,3.445997,0.015001
Passive DS-TWR,1785766391.290169,0.366319,3.306550,0.126239
Passive DS-TWR,1785766391.305449,0.268943,3.444073,0.106526
Passive DS-TWR,1785766391.335581,0.403048,3.356724,0.080858
Passive DS-TWR,1785766391.335764,0.311543,3.444372,0.064399
Passive DS-TWR,1785766391.573313,0.397503,3.398413,0.040935
Passive DS-TWR,1785766391.573513,0.354318,3.406305,0.033277
Passive DS-TWR,1785766391.573667,0.337522,3.352600,0.088187
Passive DS-TWR,1785766391.573779,0.269980,3.416613,0.106056
Passive DS-TWR,1785766391.590198,0.368770,3.415181,0.018352
Passive DS-TWR,1785766391.698957,0.276902,3.382872,0.109794
Passive DS-TWR,1785766391.716116,0.353061,3.443250,0.024285
Passive DS-TWR,1785766391.755261,0.341611,3.332548,0.105332
Passive DS-TWR,1785766391.791720,0.299317,3.412676,0.078081
Passive DS-TWR,1785766391.801247,0.241490,3.333984,0.165794
Passive DS-TWR,1785766391.914315,0.392964,3.372676,0.062511
Passive DS-TWR,1785766391.914484,0.409004,3.396787,0.049425
Passive DS-TWR,1785766392.041016,0.407493,3.406067,0.042013
Passive DS-TWR,1785766392.078417,0.318133,3.305075,0.139474
Passive DS-TWR,1785766392.079100,0.296324,3.353033,0.111713
Passive DS-TWR,1785766392.308689,0.373306,3.385463,0.047064
Passive DS-TWR,1785766392.344207,0.270486,3.403171,0.108396
Passive DS-TWR,1785766392.344444,0.400444,3.394151,0.046113
Passive DS-TWR,1785766392.356168,0.355994,3.417023,0.024387
Passive DS-TWR,1785766392.393191,0.298166,3.336489,0.122870
Passive DS-TWR,1785766392.409187,0.424897,3.363989,0.084852
Passive DS-TWR,1785766392.435890,0.362738,3.401812,0.032989
Passive DS-TWR,1785766392.462299,0.270958,3.375753,0.118370
Passive DS-TWR,1785766392.553303,0.356885,3.340035,0.094194
Passive DS-TWR,1785766392.553519,0.285039,3.379145,0.104455
Passive DS-TWR,1785766392.595057,0.402893,3.311272,0.124434
Passive DS-TWR,1785766392.685304,0.380703,3.419549,0.014219
Passive DS-TWR,1785766392.740407,0.337329,3.444663,0.039432
Passive DS-TWR,1785766392.780681,0.346913,3.301240,0.134199
Passive DS-TWR,1785766392.780912,0.297182,3.385532,0.090756
Passive DS-TWR,1785766392.826490,0.348012,3.281309,0.153554
Passive DS-TWR,1785766392.864080,0.296596,3.344476,0.117772
Passive DS-TWR,1785766392.865688,0.381004,3.328870,0.103814
Passive DS-TWR,1785766392.887459,0.347769,3.474886,0.050291
Passive DS-TWR,1785766392.900878,0.318500,3.358778,0.092786
Passive DS-TWR,1785766392.929318,0.559869,3.912261,0.514204
Passive DS-TWR,1785766392.931146,0.412390,3.373756,0.069722
Passive DS-TWR,1785766392.978804,0.305618,3.362061,0.098759
Passive DS-TWR,1785766392.980179,0.412659,3.363346,0.078821
Passive DS-TWR,1785766393.019128,0.360535,3.400454,0.035095
Passive DS-TWR,1785766393.019268,0.370179,3.298582,0.134000
Passive DS-TWR,1785766393.065102,0.304810,3.395709,0.079106
Passive DS-TWR,1785766393.068243,0.320361,3.437768,0.054732
Passive DS-TWR,1785766393.081374,0.321496,3.312732,0.131111
Passive DS-TWR,1785766393.118242,0.300774,3.338410,0.119745
Passive DS-TWR,1785766393.301964,0.388035,3.423338,0.016066
Passive DS-TWR,1785766393.346433,0.333112,3.304324,0.134798
Passive DS-TWR,1785766393.353024,0.295892,3.414944,0.080875
Passive DS-TWR,1785766393.379884,0.414352,3.379769,0.065894
Passive DS-TWR,1785766393.397605,0.415661,3.446333,0.043102
Passive DS-TWR,1785766393.401047,0.333494,3.316211,0.123421
Passive DS-TWR,1785766393.432972,0.281324,3.374009,0.110301
Passive DS-TWR,1785766393.444576,0.390609,3.344100,0.089797
Passive DS-TWR,1785766393.449231,0.364254,3.439361,0.012613
Passive DS-TWR,1785766393.508196,0.280458,3.430230,0.094408
Passive DS-TWR,1785766393.537345,0.342280,3.302566,0.133952
Passive DS-TWR,1785766393.545078,0.289320,3.357027,0.114061
Passive DS-TWR,1785766393.576882,0.375345,3.425615,0.006905
Passive DS-TWR,1785766393.749424,0.334435,3.290651,0.147493
Passive DS-TWR,1785766393.752857,0.277873,3.433494,0.096970
Passive DS-TWR,1785766393.752945,0.417539,3.447915,0.045397
Passive DS-TWR,1785766393.791357,0.419398,3.421069,0.046003
Passive DS-TWR,1785766393.791507,0.283512,3.326025,0.140278
Passive DS-TWR,1785766393.802692,0.298524,3.353901,0.109553
Passive DS-TWR,1785766393.849264,0.315544,3.290257,0.154108
Passive DS-TWR,1785766393.883950,0.283494,3.319489,0.145312
Passive DS-TWR,1785766393.884133,0.414795,3.425287,0.040603
Passive DS-TWR,1785766393.946651,0.360912,3.344657,0.088942
Passive DS-TWR,1785766393.947599,0.413392,3.399766,0.050577
Passive DS-TWR,1785766393.991821,0.366245,3.301324,0.131459
Passive DS-TWR,1785766393.994255,0.275125,3.374401,0.115406
Passive DS-TWR,1785766394.041610,0.329843,3.323174,0.118224
Passive DS-TWR,1785766394.077896,0.274346,3.376558,0.115015
Passive DS-TWR,1785766394.080723,0.382414,3.348128,0.084713
Passive DS-TWR,1785766394.084332,0.351656,3.415996,0.028458
Passive DS-TWR,1785766394.260607,0.415139,3.365715,0.078004
Passive DS-TWR,1785766394.297184,0.321862,3.298714,0.143894
Passive DS-TWR,1785766394.343740,0.362437,3.438353,0.013713
Passive DS-TWR,1785766394.379446,0.344783,3.315404,0.120893
Passive DS-TWR,1785766394.451174,0.293568,3.369694,0.102712
Passive DS-TWR,1785766394.464767,0.408760,3.383499,0.059598
Passive DS-TWR,1785766394.468447,0.338911,3.425377,0.036628
Passive DS-TWR,1785766394.543876,0.282382,3.336959,0.132953
Passive DS-TWR,1785766394.554093,0.319348,3.348285,0.100854
Passive DS-TWR,1785766394.606538,0.300668,3.376233,0.093099
Passive DS-TWR,1785766394.739507,0.399522,3.357575,0.078888
Passive DS-TWR,1785766394.757118,0.376357,3.295081,0.137429
Passive DS-TWR,1785766394.809484,0.341936,3.294977,0.141406
Passive DS-TWR,1785766394.843332,0.290371,3.434918,0.084502
Passive DS-TWR,1785766394.843608,0.393680,3.363984,0.071061
Passive DS-TWR,1785766394.891502,0.307987,3.392833,0.077735
Passive DS-TWR,1785766394.947036,0.386893,3.293212,0.139810
Passive DS-TWR,1785766394.952854,0.288289,3.346028,0.122346
Passive DS-TWR,1785766394.989079,0.380712,3.342389,0.090304
Passive DS-TWR,1785766394.990739,0.364275,3.399663,0.034496
Passive DS-TWR,1785766395.083848,0.272818,3.311707,0.158112
Passive DS-TWR,1785766395.093408,0.403585,3.341082,0.095832
Passive DS-TWR,1785766395.129199,0.350526,3.300123,0.134592
Passive DS-TWR,1785766395.166754,0.289606,3.413729,0.087276
Passive DS-TWR,1785766395.207978,0.381609,3.278453,0.154197
Passive DS-TWR,1785766395.212271,0.280269,3.371012,0.112803
Passive DS-TWR,1785766395.250697,0.396453,3.429556,0.021814
Passive DS-TWR,1785766395.256849,0.327710,3.354211,0.091381
Passive DS-TWR,1785766395.428844,0.278630,3.339904,0.133531
Passive DS-TWR,1785766395.466764,0.292161,3.410970,0.085435
Passive DS-TWR,1785766395.496871,0.389295,3.434559,0.014602
Passive DS-TWR,1785766395.539482,0.305080,3.338068,0.117404
Passive DS-TWR,1785766395.558098,0.396257,3.378623,0.057980
Passive DS-TWR,1785766395.558774,0.334029,3.449578,0.044239
Passive DS-TWR,1785766395.602103,0.354155,3.288465,0.145514
Passive DS-TWR,1785766395.667364,0.284898,3.355601,0.118334
Passive DS-TWR,1785766395.737859,0.403497,3.355787,0.081893
Passive DS-TWR,1785766395.740398,0.383858,3.471213,0.039748
Passive DS-TWR,1785766395.873654,0.324923,3.308506,0.133666
Passive DS-TWR,1785766395.878183,0.367288,3.440949,0.011331
Passive DS-TWR,1785766395.941686,0.337586,3.437947,0.037649
Passive DS-TWR,1785766395.980499,0.333563,3.317931,0.121779
Passive DS-TWR,1785766395.988372,0.406863,3.354329,0.084478
Passive DS-TWR,1785766396.027575,0.379563,3.448466,0.016649
Passive DS-TWR,1785766396.027876,0.349558,3.317922,0.117336
Passive DS-TWR,1785766396.068326,0.288637,3.362700,0.110919
Passive DS-TWR,1785766396.069626,0.347103,3.426052,0.028476
Passive DS-TWR,1785766396.113842,0.359259,3.288297,0.145044
Passive DS-TWR,1785766396.114577,0.295932,3.392873,0.088299
Passive DS-TWR,1785766396.117458,0.402824,3.307291,0.128300
Passive DS-TWR,1785766396.153137,0.355612,3.429134,0.019519
Passive DS-TWR,1785766396.155456,0.367415,3.317288,0.115452
Passive DS-TWR,1785766396.185168,0.289129,3.354804,0.115685
Passive DS-TWR,1785766396.255366,0.279088,3.347603,0.127968
Passive DS-TWR,1785766396.259969,0.358165,3.426596,0.017689
Passive DS-TWR,1785766396.303168,0.355253,3.299139,0.134793
Passive DS-TWR,1785766396.303330,0.291734,3.391727,0.092568
Passive DS-TWR,1785766396.313848,0.382620,3.371504,0.061492
Passive DS-TWR,1785766396.355525,0.355910,3.405376,0.033077
Passive DS-TWR,1785766396.355794,0.360997,3.306086,0.127171
Passive DS-TWR,1785766396.409092,0.331395,3.324108,0.116776
Passive DS-TWR,1785766396.432304,0.291395,3.440957,0.083870
Passive DS-TWR,1785766396.553781,0.335134,3.431734,0.039712
Passive DS-TWR,1785766396.706931,0.294355,3.378462,0.096942
Passive DS-TWR,1785766396.707195,0.407063,3.337114,0.100684
Passive DS-TWR,1785766396.709436,0.381982,3.426979,0.009029
Passive DS-TWR,1785766396.745350,0.344130,3.297739,0.138217
Passive DS-TWR,1785766396.835933,0.385999,3.419508,0.017128
Passive DS-TWR,1785766396.873638,0.292984,3.341829,0.122155
Passive DS-TWR,1785766396.935011,0.338665,3.320035,0.118140
Passive DS-TWR,1785766396.936606,0.282426,3.376427,0.108095
Passive DS-TWR,1785766396.988783,0.350642,3.310752,0.124131
Passive DS-TWR,1785766397.028576,0.288732,3.407896,0.089554
Passive DS-TWR,1785766397.257012,0.298566,3.421318,0.077089
Passive DS-TWR,1785766397.305529,0.347887,3.349356,0.087405
Passive DS-TWR,1785766397.340422,0.289494,3.336462,0.128480
Passive DS-TWR,1785766397.341465,0.396220,3.387117,0.050169
Passive DS-TWR,1785766397.348012,0.414116,3.426596,0.039719
Passive DS-TWR,1785766397.384025,0.355571,3.321955,0.112213
Passive DS-TWR,1785766397.481172,0.354730,3.417054,0.025357
Passive DS-TWR,1785766397.497754,0.353617,3.293291,0.140818
Passive DS-TWR,1785766397.540555,0.370862,3.405450,0.027342
Passive DS-TWR,1785766397.576962,0.274883,3.367951,0.118986
Passive DS-TWR,1785766397.612149,0.413269,3.297660,0.140211
Passive DS-TWR,1785766397.669968,0.344932,3.440385,0.030928
Passive DS-TWR,1785766397.713174,0.285579,3.348513,0.122561
Passive DS-TWR,1785766397.897336,0.293658,3.370109,0.102387
Passive DS-TWR,1785766397.957931,0.275609,3.339801,0.135794
Passive DS-TWR,1785766397.960703,0.293553,3.450197,0.083190
Passive DS-TWR,1785766398.009951,0.389173,3.435049,0.014559
Passive DS-TWR,1785766398.010670,0.333769,3.339988,0.101219
Passive DS-TWR,1785766398.102862,0.407701,3.337037,0.100962
Passive DS-TWR,1785766398.129322,0.321588,3.410908,0.057462
Passive DS-TWR,1785766398.164339,0.286842,3.381782,0.101567
Passive DS-TWR,1785766398.191499,0.368923,3.427110,0.008004
Passive DS-TWR,1785766398.201428,0.344520,3.309459,0.126722
Passive DS-TWR,1785766398.235321,0.280043,3.453635,0.097123
Passive DS-TWR,1785766398.275629,0.359228,3.292552,0.140817
Passive DS-TWR,1785766398.310946,0.275341,3.340730,0.135358
Passive DS-TWR,1785766398.321178,0.332653,3.451104,0.046105
Passive DS-TWR,1785766398.533200,0.371369,3.309973,0.122578
Passive DS-TWR,1785766398.537402,0.290225,3.364006,0.108863
Passive DS-TWR,1785766398.572863,0.409603,3.398512,0.048620
Passive DS-TWR,1785766398.618902,0.298398,3.363643,0.102882
Passive DS-TWR,1785766398.619092,0.364453,3.356491,0.076717
Passive DS-TWR,1785766398.667414,0.300770,3.372062,0.095599
Passive DS-TWR,1785766398.703532,0.390296,3.356441,0.077615
Passive DS-TWR,1785766398.713107,0.359302,3.304826,0.128617
Passive DS-TWR,1785766398.749681,0.406248,3.326131,0.110911
Passive DS-TWR,1785766398.756063,0.324133,3.437517,0.050953
Passive DS-TWR,1785766398.810498,0.356591,3.337973,0.096274
Passive DS-TWR,1785766398.810977,0.279876,3.342424,0.130888
Passive DS-TWR,1785766398.811181,0.391425,3.344536,0.089515
Passive DS-TWR,1785766398.851621,0.313393,3.350189,0.102718
Passive DS-TWR,1785766398.857225,0.298135,3.389073,0.088144
Passive DS-TWR,1785766398.905115,0.328255,3.320822,0.121005
Passive DS-TWR,1785766398.924001,0.298454,3.372168,0.097338
Passive DS-TWR,1785766398.942543,0.406167,3.374147,0.066232
Passive DS-TWR,1785766399.001343,0.297510,3.310134,0.144754
Passive DS-TWR,1785766399.002228,0.376447,3.446224,0.013816
Passive DS-TWR,1785766399.088365,0.409152,3.398528,0.048286
Passive DS-TWR,1785766399.097660,0.374092,3.313168,0.119336
Passive DS-TWR,1785766399.130941,0.252578,3.400129,0.126474
Passive DS-TWR,1785766399.178603,0.320368,3.307149,0.136675
Passive DS-TWR,1785766399.179278,0.286101,3.381256,0.102471
Passive DS-TWR,1785766399.290045,0.320279,3.338794,0.108433
Passive DS-TWR,1785766399.348120,0.412401,3.347308,0.093106
Passive DS-TWR,1785766399.354301,0.385158,3.303002,0.129910
Passive DS-TWR,1785766399.373817,0.267981,3.432489,0.106858
Passive DS-TWR,1785766399.397120,0.410884,3.420662,0.037940
Passive DS-TWR,1785766399.444421,0.392802,3.368889,0.066100
Passive DS-TWR,1785766399.483129,0.307792,3.429474,0.067115
Passive DS-TWR,1785766399.483423,0.356228,3.292305,0.141426
Passive DS-TWR,1785766399.497152,0.301385,3.376949,0.092095
Passive DS-TWR,1785766399.598902,0.366267,3.436918,0.009642
Passive DS-TWR,1785766399.700234,0.403220,3.339573,0.097166
Passive DS-TWR,1785766399.734376,0.366443,3.434167,0.008559
Passive DS-TWR,1785766399.737450,0.383055,3.320942,0.111862
Passive DS-TWR,1785766399.822490,0.341917,3.300958,0.135601
Passive DS-TWR,1785766399.825103,0.294019,3.372915,0.100411
Passive DS-TWR,1785766399.915547,0.397094,3.385801,0.051732
Passive DS-TWR,1785766399.915987,0.372836,3.287368,0.145148
Passive DS-TWR,1785766399.944031,0.294062,3.320817,0.137834
Passive DS-TWR,1785766399.947316,0.284060,3.357701,0.117626
Passive DS-TWR,1785766399.983931,0.395165,3.320261,0.114067
Passive DS-TWR,1785766399.992800,0.359806,3.311234,0.122196
Passive DS-TWR,1785766400.022061,0.290514,3.361381,0.110312
Passive DS-TWR,1785766400.032268,0.377360,3.342260,0.090277
Passive DS-TWR,1785766400.077034,0.324670,3.318106,0.124913
Passive DS-TWR,1785766400.080432,0.308028,3.379557,0.085245
Passive DS-TWR,1785766400.228189,0.356038,3.454157,0.028677
Passive DS-TWR,1785766400.404713,0.293164,3.349879,0.116178
Passive DS-TWR,1785766400.408505,0.405207,3.301701,0.134280
Passive DS-TWR,1785766400.523895,0.289252,3.413483,0.087674
Passive DS-TWR,1785766400.570010,0.352344,3.314046,0.120572
Passive DS-TWR,1785766400.604915,0.287074,3.378629,0.102980
Passive DS-TWR,1785766400.605273,0.406635,3.304821,0.131580
Passive DS-TWR,1785766400.612693,0.386722,3.420106,0.017172
Passive DS-TWR,1785766400.652376,0.293973,3.372294,0.100817
Passive DS-TWR,1785766400.660704,0.418069,3.405182,0.051139
Passive DS-TWR,1785766400.690113,0.309918,3.451413,0.067619
Passive DS-TWR,1785766400.697261,0.376652,3.313977,0.118538
Passive DS-TWR,1785766400.889699,0.343486,3.324292,0.112660
Passive DS-TWR,1785766400.954915,0.338571,3.320251,0.117964
Passive DS-TWR,1785766400.986002,0.277087,3.338807,0.135404
Passive DS-TWR,1785766401.002791,0.402840,3.345989,0.090931
Passive DS-TWR,1785766401.034921,0.379357,3.313632,0.118955
Passive DS-TWR,1785766401.035058,0.294077,3.380198,0.096219
Passive DS-TWR,1785766401.044914,0.392671,3.352765,0.081706
Passive DS-TWR,1785766401.079551,0.359966,3.429600,0.015153
Passive DS-TWR,1785766401.097556,0.322502,3.303342,0.139361
Passive DS-TWR,1785766401.133443,0.416622,3.352340,0.090398
Passive DS-TWR,1785766401.182709,0.392594,3.404510,0.033148
Passive DS-TWR,1785766401.188830,0.352346,3.422969,0.024429
Passive DS-TWR,1785766401.234053,0.294099,3.363286,0.106347
Passive DS-TWR,1785766401.236903,0.394178,3.421260,0.022369
Passive DS-TWR,1785766401.277631,0.392076,3.458097,0.030859
Passive DS-TWR,1785766401.277900,0.326006,3.319438,0.123158
Passive DS-TWR,1785766401.289497,0.283814,3.395708,0.098180
Passive DS-TWR,1785766401.365215,0.398080,3.293068,0.141357
Passive DS-TWR,1785766401.453197,0.345279,3.419048,0.032477
Passive DS-TWR,1785766401.538486,0.345685,3.307500,0.128356
Passive DS-TWR,1785766401.545500,0.289365,3.398234,0.092087
Passive DS-TWR,1785766401.580375,0.406530,3.374945,0.065705
Passive DS-TWR,1785766401.627693,0.414874,3.331397,0.108743
Passive DS-TWR,1785766401.636685,0.328096,3.438673,0.047148
Passive DS-TWR,1785766401.674214,0.303573,3.343378,0.114113
Passive DS-TWR,1785766401.844397,0.388946,3.393056,0.041892
Passive DS-TWR,1785766401.873769,0.321205,3.300003,0.142942
Passive DS-TWR,1785766401.964352,0.385160,3.299922,0.132980
Passive DS-TWR,1785766401.964481,0.391751,3.401769,0.035078
Passive DS-TWR,1785766401.964626,0.343140,3.315468,0.121251
Passive DS-TWR,1785766401.965256,0.301990,3.330549,0.125304
Passive DS-TWR,1785766402.051965,0.331833,3.346010,0.096593
Passive DS-TWR,1785766402.057534,0.270897,3.388257,0.112966
Passive DS-TWR,1785766402.107015,0.354336,3.304499,0.129634
Passive DS-TWR,1785766402.132137,0.278559,3.367024,0.116435
Passive DS-TWR,1785766402.149140,0.405018,3.411547,0.036741
Passive DS-TWR,1785766402.232113,0.430522,3.392025,0.068841
Passive DS-TWR,1785766402.235193,0.311258,3.307685,0.140077
Passive DS-TWR,1785766402.272962,0.302894,3.362614,0.100301
Passive DS-TWR,1785766402.274708,0.410678,3.419655,0.038072
Passive DS-TWR,1785766402.473779,0.369317,3.419340,0.014273
Passive DS-TWR,1785766402.500746,0.324560,3.356090,0.091469
Passive DS-TWR,1785766402.517345,0.409920,3.338933,0.099929
Passive DS-TWR,1785766402.570294,0.305157,3.327689,0.125862
Passive DS-TWR,1785766402.609513,0.389792,3.430954,0.015033
Passive DS-TWR,1785766402.612211,0.344504,3.475641,0.052737
Passive DS-TWR,1785766402.651377,0.363960,3.320396,0.112632
Passive DS-TWR,1785766402.651826,0.398650,3.382278,0.055582
Passive DS-TWR,1785766402.692161,0.329497,3.432041,0.045343
Passive DS-TWR,1785766402.697358,0.283134,3.351115,0.122612
Passive DS-TWR,1785766402.734307,0.426477,3.373975,0.078050
Passive DS-TWR,1785766402.745248,0.354215,3.295075,0.138965
Passive DS-TWR,1785766402.774626,0.287799,3.397952,0.093646
Passive DS-TWR,1785766402.803408,0.389015,3.393947,0.041079
Passive DS-TWR,1785766402.817962,0.340525,3.312199,0.125100
Passive DS-TWR,1785766402.860070,0.394343,3.385568,0.050825
Passive DS-TWR,1785766402.899981,0.335471,3.286621,0.151099
Passive DS-TWR,1785766402.958259,0.400009,3.402355,0.039273
Passive DS-TWR,1785766402.958545,0.288202,3.380776,0.100903
Passive DS-TWR,1785766403.017674,0.279785,3.382488,0.107408
Passive DS-TWR,1785766403.077547,0.334952,3.293584,0.144531
Passive DS-TWR,1785766403.082666,0.299852,3.356283,0.106922
Passive DS-TWR,1785766403.127759,0.412446,3.365663,0.076692
Passive DS-TWR,1785766403.277195,0.395824,3.305248,0.128972
Passive DS-TWR,1785766403.279065,0.286488,3.398129,0.094801
Passive DS-TWR,1785766403.295871,0.397860,3.370397,0.066234
Passive DS-TWR,1785766403.386012,0.356883,3.327658,0.106370
Passive DS-TWR,1785766403.478821,0.288211,3.307775,0.151859
Passive DS-TWR,1785766403.479024,0.401715,3.331051,0.104951
Passive DS-TWR,1785766403.766699,0.370087,3.409659,0.023332
Passive DS-TWR,1785766403.829145,0.366824,3.406764,0.026956
Passive DS-TWR,1785766403.833658,0.324792,3.310592,0.131783
Passive DS-TWR,1785766404.032812,0.410330,3.428483,0.035718
Passive DS-TWR,1785766404.033171,0.389686,3.417245,0.021289
Passive DS-TWR,1785766404.033366,0.352725,3.364270,0.071725
Passive DS-TWR,1785766404.097248,0.360826,3.439800,0.015799
Passive DS-TWR,1785766404.097778,0.327091,3.304956,0.136190
Passive DS-TWR,1785766404.105955,0.291757,3.336564,0.126912
Passive DS-TWR,1785766404.310206,0.285715,3.341512,0.127366
Passive DS-TWR,1785766404.310376,0.374033,3.372922,0.059585
Passive DS-TWR,1785766404.325592,0.376804,3.426484,0.006330
Passive DS-TWR,1785766404.361489,0.342897,3.299040,0.137230
Passive DS-TWR,1785766404.496675,0.280006,3.332288,0.137971
Passive DS-TWR,1785766404.498822,0.289947,3.375651,0.102169
Passive DS-TWR,1785766404.500914,0.386226,3.409217,0.025920
Passive DS-TWR,1785766404.542153,0.299379,3.313819,0.140640
Passive DS-TWR,1785766404.602587,0.341907,3.303035,0.133589
Passive DS-TWR,1785766404.684573,0.342303,3.302122,0.134378
Passive DS-TWR,1785766404.684941,0.277231,3.353505,0.125570
Passive DS-TWR,1785766404.693355,0.416405,3.327683,0.112759
Passive DS-TWR,1785766404.884218,0.292933,3.335944,0.126617
Passive DS-TWR,1785766404.885455,0.412750,3.359050,0.082659
Passive DS-TWR,1785766404.976667,0.348452,3.422104,0.028361
Passive DS-TWR,1785766404.995612,0.307976,3.304719,0.144219
Passive DS-TWR,1785766405.008638,0.298353,3.412176,0.079140
Passive DS-TWR,1785766405.016153,0.393846,3.368504,0.066760
Passive DS-TWR,1785766405.106688,0.303916,3.434106,0.070940
Passive DS-TWR,1785766405.113147,0.361643,3.291678,0.141440
Passive DS-TWR,1785766405.193675,0.305304,3.361453,0.099413
Passive DS-TWR,1785766405.274280,0.306730,3.386583,0.082142
Passive DS-TWR,1785766405.274412,0.406720,3.413767,0.036979
Passive DS-TWR,1785766405.284319,0.347970,3.463394,0.040942
Passive DS-TWR,1785766405.317862,0.374468,3.309092,0.123410
Passive DS-TWR,1785766405.322019,0.295392,3.421369,0.080223
Passive DS-TWR,1785766405.343054,0.394438,3.361224,0.073923
Passive DS-TWR,1785766405.364501,0.392667,3.428707,0.018228
Passive DS-TWR,1785766405.451160,0.338944,3.323968,0.114315
Passive DS-TWR,1785766405.451618,0.309619,3.341772,0.111738
Passive DS-TWR,1785766405.495496,0.422076,3.429854,0.047311
Passive DS-TWR,1785766405.497003,0.361368,3.297063,0.136106
Passive DS-TWR,1785766405.540797,0.357683,3.462977,0.034972
Passive DS-TWR,1785766405.590084,0.319756,3.310716,0.133663
Passive DS-TWR,1785766405.590479,0.413598,3.349662,0.091458
Passive DS-TWR,1785766405.605932,0.353461,3.437545,0.021965
Passive DS-TWR,1785766405.656023,0.336425,3.316203,0.122478
Passive DS-TWR,1785766405.656872,0.284066,3.405951,0.094576
Passive DS-TWR,1785766405.657023,0.379808,3.407228,0.025758
Passive DS-TWR,1785766405.708237,0.332623,3.447190,0.044698
Passive DS-TWR,1785766405.727749,0.398963,3.348675,0.087228
Passive DS-TWR,1785766405.771791,0.296075,3.384879,0.092042
Passive DS-TWR,1785766405.802507,0.392213,3.355597,0.078843
Passive DS-TWR,1785766405.802692,0.364422,3.443074,0.014842
Passive DS-TWR,1785766405.824146,0.362555,3.308112,0.124995
Passive DS-TWR,1785766406.055644,0.337033,3.310074,0.128132
Passive DS-TWR,1785766406.055875,0.286555,3.329050,0.136001
Passive DS-TWR,1785766406.056063,0.386723,3.429312,0.012305
Passive DS-TWR,1785766406.056492,0.300535,3.442091,0.074920
Passive DS-TWR,1785766406.104339,0.352703,3.292340,0.141899
Passive DS-TWR,1785766406.107070,0.283583,3.356416,0.118813
Passive DS-TWR,1785766406.188580,0.304778,3.369362,0.094314
Passive DS-TWR,1785766406.189932,0.366647,3.395227,0.038164
Passive DS-TWR,1785766406.201925,0.339779,3.342572,0.096521
Passive DS-TWR,1785766406.228425,0.282697,3.359275,0.117695
Passive DS-TWR,1785766406.242017,0.407308,3.319094,0.117964
Passive DS-TWR,1785766406.287229,0.283828,3.386399,0.102021
Passive DS-TWR,1785766406.327930,0.376718,3.334601,0.097918
Passive DS-TWR,1785766406.330371,0.347856,3.306034,0.129314
Passive DS-TWR,1785766406.370181,0.275938,3.350671,0.128365
Passive DS-TWR,1785766406.465564,0.293563,3.360349,0.108682
Passive DS-TWR,1785766406.813403,0.389065,3.335823,0.097719
Passive DS-TWR,1785766406.962822,0.422698,3.390328,0.063790
Passive DS-TWR,1785766407.048949,0.340817,3.296928,0.139777
Passive DS-TWR,1785766407.063492,0.260819,3.362752,0.133662
Passive DS-TWR,1785766407.115927,0.298881,3.368462,0.099351
Passive DS-TWR,1785766407.148007,0.375924,3.333401,0.099107
Passive DS-TWR,1785766407.150344,0.351536,3.469047,0.043343
Passive DS-TWR,1785766407.161513,0.341378,3.306166,0.130691
Passive DS-TWR,1785766407.290115,0.401540,3.297698,0.137422
Passive DS-TWR,1785766407.305788,0.290923,3.356609,0.113144
Passive DS-TWR,1785766407.369976,0.261441,3.329331,0.153307
Passive DS-TWR,1785766407.380650,0.414026,3.381117,0.064622
Passive DS-TWR,1785766407.402550,0.347093,3.447216,0.031406
Passive DS-TWR,1785766407.417071,0.298862,3.325032,0.131613
Passive DS-TWR,1785766407.499703,0.301991,3.296292,0.154466
Passive DS-TWR,1785766407.544286,0.295932,3.384617,0.092299
Passive DS-TWR,1785766407.546480,0.323816,3.341793,0.104073
Passive DS-TWR,1785766407.571704,0.275936,3.373142,0.115348
Passive DS-TWR,1785766407.591470,0.405137,3.349455,0.088401
Passive DS-TWR,1785766407.591605,0.353550,3.430701,0.021365
Passive DS-TWR,1785766407.632829,0.346866,3.273834,0.161114
Passive DS-TWR,1785766407.636714,0.416843,3.336754,0.104556
Passive DS-TWR,1785766407.689963,0.278394,3.397881,0.102470
Passive DS-TWR,1785766407.765812,0.317320,3.395123,0.068597
Passive DS-TWR,1785766407.766022,0.411494,3.297406,0.139980
Passive DS-TWR,1785766407.780259,0.294369,3.450654,0.082492
Passive DS-TWR,1785766407.817867,0.274582,3.408970,0.102981
Passive DS-TWR,1785766407.850405,0.404179,3.345598,0.091723
Passive DS-TWR,1785766407.895109,0.401829,3.374024,0.064406
Passive DS-TWR,1785766407.957647,0.388194,3.297426,0.135734
Passive DS-TWR,1785766407.960018,0.395059,3.337541,0.097090
Passive DS-TWR,1785766407.972711,0.366180,3.420021,0.015190
Passive DS-TWR,1785766408.006134,0.333844,3.294842,0.143634
Passive DS-TWR,1785766408.020202,0.292384,3.395675,0.090304
Passive DS-TWR,1785766408.074459,0.268062,3.341545,0.140266
Passive DS-TWR,1785766408.155624,0.324593,3.327520,0.116386
Passive DS-TWR,1785766408.165073,0.323834,3.447206,0.053081
Passive DS-TWR,1785766408.202369,0.310393,3.404607,0.070223
Passive DS-TWR,1785766408.213735,0.434565,3.390294,0.073134
Passive DS-TWR,1785766408.246219,0.412312,3.417562,0.040341
Passive DS-TWR,1785766408.249258,0.336984,3.353894,0.087247
Passive DS-TWR,1785766408.276043,0.284047,3.378032,0.105878
Passive DS-TWR,1785766408.332471,0.316292,3.322750,0.124391
Passive DS-TWR,1785766408.360057,0.269440,3.373351,0.120862
Passive DS-TWR,1785766408.378505,0.370748,3.428054,0.006043
Passive DS-TWR,1785766408.425907,0.286872,3.418168,0.089127
Passive DS-TWR,1785766408.438756,0.338939,3.437963,0.036313
Passive DS-TWR,1785766408.467268,0.285249,3.443147,0.090220
Passive DS-TWR,1785766408.523396,0.290076,3.416011,0.086352
Passive DS-TWR,1785766408.557146,0.390338,3.480300,0.050248
Passive DS-TWR,1785766408.570125,0.337928,3.306044,0.131734
Passive DS-TWR,1785766408.604157,0.293938,3.413478,0.083107
Passive DS-TWR,1785766408.604341,0.400706,3.376084,0.062065
Passive DS-TWR,1785766408.612887,0.354398,3.428914,0.020753
Passive DS-TWR,1785766408.651018,0.332738,3.325120,0.115340
Passive DS-TWR,1785766408.838974,0.325937,3.299179,0.142008
Passive DS-TWR,1785766408.890600,0.327896,3.313096,0.128302
Passive DS-TWR,1785766408.910611,0.300509,3.383902,0.088808
Passive DS-TWR,1785766408.917284,0.379680,3.383911,0.048831
Passive DS-TWR,1785766408.952124,0.354273,3.411587,0.029332
Passive DS-TWR,1785766408.953959,0.307795,3.281527,0.165192
Passive DS-TWR,1785766408.974991,0.285120,3.399175,0.095709
Passive DS-TWR,1785766408.993979,0.416157,3.322803,0.117222
Passive DS-TWR,1785766409.065795,0.332693,3.432561,0.042145
Passive DS-TWR,1785766409.151054,0.416928,3.319998,0.120119
Passive DS-TWR,1785766409.168526,0.268543,3.381610,0.117850
Passive DS-TWR,1785766409.245936,0.278553,3.426198,0.096492
Passive DS-TWR,1785766409.290846,0.361766,3.348453,0.085059
Passive DS-TWR,1785766409.291092,0.274125,3.408736,0.103479
Passive DS-TWR,1785766409.322809,0.400464,3.343127,0.092975
Passive DS-TWR,1785766409.342093,0.333952,3.303465,0.135359
Passive DS-TWR,1785766409.384018,0.338356,3.421647,0.038063
Passive DS-TWR,1785766409.429458,0.394784,3.302335,0.131685
Passive DS-TWR,1785766409.466529,0.388818,3.414942,0.022444
Passive DS-TWR,1785766409.467333,0.336690,3.299384,0.138476
Passive DS-TWR,1785766409.482506,0.295763,3.410982,0.081951
Passive DS-TWR,1785766409.572917,0.360937,3.430257,0.014082
Passive DS-TWR,1785766409.738816,0.286710,3.401045,0.093574
Passive DS-TWR,1785766409.787631,0.336059,3.348656,0.092380
Passive DS-TWR,1785766409.829326,0.385999,3.403628,0.030955
Passive DS-TWR,1785766409.865618,0.298662,3.353374,0.109836
Passive DS-TWR,1785766409.919689,0.341268,3.281231,0.154951
Passive DS-TWR,1785766409.930188,0.248822,3.443503,0.126496
Passive DS-TWR,1785766409.955963,0.389712,3.393339,0.041892
Passive DS-TWR,1785766409.966811,0.373486,3.422061,0.010528
Passive DS-TWR,1785766410.012532,0.290645,3.393245,0.092895
Passive DS-TWR,1785766410.074440,0.261498,3.365231,0.131801
Passive DS-TWR,1785766410.094827,0.330164,3.454797,0.049928
Passive DS-TWR,1785766410.212849,0.388521,3.302321,0.130898
Passive DS-TWR,1785766410.213004,0.283645,3.397577,0.097652
Passive DS-TWR,1785766410.213156,0.410701,3.376111,0.066828
Passive DS-TWR,1785766410.213243,0.323596,3.443536,0.052418
Passive DS-TWR,1785766410.255723,0.315891,3.270121,0.172749
Passive DS-TWR,1785766410.255963,0.295879,3.368328,0.101749
Passive DS-TWR,1785766410.261546,0.402572,3.304129,0.131334
Passive DS-TWR,1785766410.314383,0.361369,3.319943,0.113362
Passive DS-TWR,1785766410.344870,0.400468,3.397878,0.043078
Passive DS-TWR,1785766410.345584,0.378879,3.412993,0.019923
Passive DS-TWR,1785766410.369715,0.344120,3.304734,0.131409
Passive DS-TWR,1785766410.389941,0.284066,3.351172,0.121878
Passive DS-TWR,1785766410.390893,0.416796,3.335077,0.106076
Passive DS-TWR,1785766410.438502,0.319693,3.312947,0.131660
Passive DS-TWR,1785766410.442024,0.313140,3.367052,0.089947
Passive DS-TWR,1785766410.479188,0.423517,3.421779,0.049846
Passive DS-TWR,1785766410.490841,0.373849,3.305549,0.126956
Passive DS-TWR,1785766410.597812,0.303967,3.346803,0.111207
Passive DS-TWR,1785766410.644158,0.273418,3.392525,0.109015
Passive DS-TWR,1785766410.654825,0.355979,3.337911,0.096452
Passive DS-TWR,1785766410.767293,0.309457,3.390075,0.077941
Passive DS-TWR,1785766410.793477,0.407278,3.406473,0.041591
Passive DS-TWR,1785766410.830574,0.427926,3.307899,0.135440
Passive DS-TWR,1785766410.979286,0.444841,3.391017,0.081372
Passive DS-TWR,1785766411.024130,0.308120,3.296095,0.151849
Passive DS-TWR,1785766411.029098,0.402264,3.359988,0.077526
Passive DS-TWR,1785766411.062596,0.346343,3.422630,0.030157
Passive DS-TWR,1785766411.121365,0.382663,3.314090,0.118669
Passive DS-TWR,1785766411.121845,0.393368,3.438031,0.019337
Passive DS-TWR,1785766411.129452,0.333788,3.316300,0.123239
Passive DS-TWR,1785766411.194874,0.394054,3.348063,0.086597
Passive DS-TWR,1785766411.232593,0.411012,3.349971,0.090110
Passive DS-TWR,1785766411.273641,0.328290,3.292665,0.147380
Passive DS-TWR,1785766411.285003,0.422656,3.452408,0.051795
Passive DS-TWR,1785766411.319149,0.399115,3.411213,0.032288
Passive DS-TWR,1785766411.321748,0.292382,3.305659,0.151288
Passive DS-TWR,1785766411.406060,0.344003,3.296042,0.139900
Passive DS-TWR,1785766411.406346,0.305536,3.372765,0.091495
Passive DS-TWR,1785766411.412939,0.402525,3.321688,0.114220
Passive DS-TWR,1785766411.448782,0.353830,3.402461,0.036658
Passive DS-TWR,1785766411.451311,0.371875,3.323480,0.109062
Passive DS-TWR,1785766411.476635,0.291861,3.381335,0.097485
Passive DS-TWR,1785766411.497535,0.429028,3.389874,0.068946
Passive DS-TWR,1785766411.716358,0.335313,3.346369,0.094768
Passive DS-TWR,1785766411.759917,0.418537,3.408990,0.049622
Passive DS-TWR,1785766411.769793,0.310181,3.310879,0.137741
Passive DS-TWR,1785766411.793426,0.286063,3.397903,0.095279
Passive DS-TWR,1785766411.818194,0.395149,3.316638,0.117630
Passive DS-TWR,1785766411.928372,0.279076,3.410929,0.098162
Passive DS-TWR,1785766411.928721,0.390299,3.416048,0.022577
Passive DS-TWR,1785766411.940795,0.397559,3.426616,0.023470
Passive DS-TWR,1785766411.974676,0.359325,3.315685,0.117842
Passive DS-TWR,1785766411.978767,0.263500,3.356914,0.134573
Passive DS-TWR,1785766412.018049,0.418855,3.301992,0.137732
Passive DS-TWR,1785766412.025699,0.330185,3.326344,0.115167
Passive DS-TWR,1785766412.055636,0.307174,3.382872,0.083914
Passive DS-TWR,1785766412.065298,0.387617,3.316384,0.116818
Passive DS-TWR,1785766412.068792,0.378627,3.448810,0.016743
Passive DS-TWR,1785766412.122300,0.308795,3.337712,0.115529
Passive DS-TWR,1785766412.142786,0.350890,3.412004,0.031522
Passive DS-TWR,1785766412.301491,0.342023,3.294553,0.141798
Passive DS-TWR,1785766412.301573,0.290137,3.373119,0.103444
Passive DS-TWR,1785766412.339876,0.365330,3.422884,0.013524
Passive DS-TWR,1785766412.396830,0.428637,3.380129,0.075081
Passive DS-TWR,1785766412.429644,0.354975,3.313788,0.120364
Passive DS-TWR,1785766412.437260,0.392256,3.366914,0.067861
Passive DS-TWR,1785766412.476439,0.402692,3.451159,0.033525
Passive DS-TWR,1785766412.476609,0.307701,3.334788,0.118555
Passive DS-TWR,1785766412.492015,0.292450,3.329167,0.132159
Passive DS-TWR,1785766412.531831,0.392660,3.314432,0.119407
Passive DS-TWR,1785766412.537889,0.324255,3.307310,0.135025
Passive DS-TWR,1785766412.569695,0.301333,3.366623,0.098707
Passive DS-TWR,1785766412.629997,0.344443,3.307765,0.128387
Passive DS-TWR,1785766412.672547,0.345058,3.358593,0.079683
Passive DS-TWR,1785766412.714641,0.429443,3.447742,0.056692
Passive DS-TWR,1785766412.773578,0.400449,3.411148,0.033345
Passive DS-TWR,1785766412.807698,0.329502,3.324919,0.116745
Passive DS-TWR,1785766412.850785,0.301603,3.404907,0.078262
Passive DS-TWR,1785766412.858210,0.342534,3.314743,0.122109
Passive DS-TWR,1785766412.900703,0.372220,3.416955,0.015765
Passive DS-TWR,1785766412.963544,0.282571,3.376333,0.108020
Passive DS-TWR,1785766412.966774,0.355218,3.426992,0.020380
Passive DS-TWR,1785766413.014070,0.404011,3.357947,0.080059
Passive DS-TWR,1785766413.056559,0.368912,3.419105,0.014649
Passive DS-TWR,1785766413.140105,0.290643,3.334002,0.129580
Passive DS-TWR,1785766413.156001,0.418284,3.345753,0.097020
Passive DS-TWR,1785766413.158729,0.401760,3.430475,0.026997
Passive DS-TWR,1785766413.188012,0.344441,3.329022,0.107852
Passive DS-TWR,1785766413.207035,0.275310,3.420937,0.100198
Passive DS-TWR,1785766413.234281,0.310581,3.425225,0.064668
Passive DS-TWR,1785766413.265013,0.255402,3.342152,0.149760
Passive DS-TWR,1785766413.267139,0.280014,3.325137,0.143244
Passive DS-TWR,1785766413.308972,0.390991,3.381461,0.053536
Passive DS-TWR,1785766413.444677,0.301648,3.314670,0.138712
Passive DS-TWR,1785766413.483893,0.377426,3.325719,0.106814
Passive DS-TWR,1785766413.508106,0.307766,3.312509,0.137466
Passive DS-TWR,1785766413.569704,0.365582,3.303409,0.129424
Passive DS-TWR,1785766413.578433,0.290617,3.327235,0.134812
Passive DS-TWR,1785766413.661133,0.391516,3.327967,0.105857
Passive DS-TWR,1785766413.674703,0.342079,3.413715,0.037763
Passive DS-TWR,1785766413.708916,0.335711,3.340114,0.100332
Passive DS-TWR,1785766413.709034,0.308297,3.359698,0.098631
Passive DS-TWR,1785766413.717226,0.409246,3.343341,0.095569
Passive DS-TWR,1785766413.752343,0.391463,3.438298,0.017606
Passive DS-TWR,1785766413.753509,0.317513,3.354773,0.096582
Passive DS-TWR,1785766413.797472,0.352012,3.449886,0.028692
Passive DS-TWR,1785766413.880833,0.338074,3.420859,0.038564
Passive DS-TWR,1785766413.983286,0.442245,3.397124,0.076126
Passive DS-TWR,1785766413.984107,0.406981,3.323426,0.113713
Passive DS-TWR,1785766413.990405,0.355179,3.440653,0.021282
Passive DS-TWR,1785766414.027990,0.308970,3.330087,0.121768
Passive DS-TWR,1785766414.028239,0.281720,3.308016,0.155460
Passive DS-TWR,1785766414.037598,0.408146,3.332267,0.105623
Passive DS-TWR,1785766414.116774,0.402854,3.361206,0.076602
Passive DS-TWR,1785766414.170368,0.295504,3.356682,0.109739
Passive DS-TWR,1785766414.202439,0.413388,3.456976,0.045663
Passive DS-TWR,1785766414.290339,0.289434,3.376943,0.101885
Passive DS-TWR,1785766414.295977,0.397717,3.332568,0.102519
Passive DS-TWR,1785766414.350903,0.309014,3.440284,0.066283
Passive DS-TWR,1785766414.397169,0.360314,3.306431,0.126904
Passive DS-TWR,1785766414.397458,0.317031,3.429150,0.057905
Passive DS-TWR,1785766414.486642,0.273056,3.356765,0.126869
Passive DS-TWR,1785766414.486882,0.395556,3.398391,0.039909
Passive DS-TWR,1785766414.534079,0.383883,3.418960,0.016284
Passive DS-TWR,1785766414.667167,0.306448,3.377873,0.087530
Passive DS-TWR,1785766414.839453,0.430734,3.412913,0.059228
Passive DS-TWR,1785766414.885295,0.316184,3.397789,0.068157
Passive DS-TWR,1785766414.908297,0.333485,3.292207,0.146263
Passive DS-TWR,1785766414.944953,0.298750,3.395512,0.084603
Passive DS-TWR,1785766414.945619,0.397016,3.345351,0.089928
Passive DS-TWR,1785766414.948595,0.356961,3.424527,0.019575
Passive DS-TWR,1785766414.989863,0.289129,3.354804,0.115685
Passive DS-TWR,1785766414.999094,0.406814,3.397024,0.047761
Passive DS-TWR,1785766415.052959,0.283583,3.322552,0.142887
Passive DS-TWR,1785766415.083433,0.424379,3.386947,0.067301
Passive DS-TWR,1785766415.098796,0.316876,3.300838,0.143857
Passive DS-TWR,1785766415.130540,0.290483,3.382128,0.098252
Passive DS-TWR,1785766415.140917,0.377076,3.423483,0.009292
Passive DS-TWR,1785766415.177769,0.250690,3.380061,0.134769
Passive DS-TWR,1785766415.199600,0.390382,3.357333,0.076758
Passive DS-TWR,1785766415.218771,0.318528,3.468852,0.067024
Passive DS-TWR,1785766415.228334,0.302730,3.309815,0.142308
Passive DS-TWR,1785766415.268656,0.386936,3.411188,0.024507
Passive DS-TWR,1785766415.307702,0.295394,3.378045,0.096317
Passive DS-TWR,1785766415.369221,0.354994,3.334422,0.100067
Passive DS-TWR,1785766415.370054,0.282539,3.416926,0.093604
Passive DS-TWR,1785766415.408506,0.383602,3.334535,0.098357
Passive DS-TWR,1785766415.411212,0.386307,3.428308,0.012211
Passive DS-TWR,1785766415.457506,0.389735,3.372945,0.061391
Passive DS-TWR,1785766415.501103,0.282205,3.431448,0.092640
Passive DS-TWR,1785766415.555297,0.339293,3.345554,0.093933
Passive DS-TWR,1785766415.562526,0.273005,3.383805,0.112878
Passive DS-TWR,1785766415.584025,0.397215,3.367967,0.068304
Passive DS-TWR,1785766415.600105,0.304933,3.445629,0.071127
Passive DS-TWR,1785766415.610345,0.285643,3.315014,0.147510
Passive DS-TWR,1785766415.727394,0.289395,3.382307,0.099097
Passive DS-TWR,1785766415.857954,0.366406,3.414252,0.020104
Passive DS-TWR,1785766415.866486,0.341762,3.313716,0.123305
Passive DS-TWR,1785766415.885472,0.306961,3.417850,0.069441
Passive DS-TWR,1785766415.898700,0.424071,3.381556,0.070847
Passive DS-TWR,1785766415.924471,0.325308,3.439926,0.050084
Passive DS-TWR,1785766416.084251,0.370378,3.293633,0.138940
Passive DS-TWR,1785766416.101247,0.384807,3.320575,0.112370
Passive DS-TWR,1785766416.104511,0.369552,3.461747,0.029719
Passive DS-TWR,1785766416.132302,0.344716,3.336433,0.100681
Passive DS-TWR,1785766416.149180,0.275981,3.397569,0.104848
Passive DS-TWR,1785766416.175810,0.413076,3.350971,0.090052
Passive DS-TWR,1785766416.194453,0.292826,3.306824,0.150070
Passive DS-TWR,1785766416.252178,0.315143,3.356808,0.096401
Passive DS-TWR,1785766416.271370,0.223590,3.398918,0.154932
Passive DS-TWR,1785766416.289608,0.407079,3.324791,0.112432
Passive DS-TWR,1785766416.292223,0.322455,3.412989,0.055900
Passive DS-TWR,1785766416.332893,0.301137,3.317195,0.136848
Passive DS-TWR,1785766416.341353,0.389961,3.315511,0.117964
Passive DS-TWR,1785766416.385143,0.355726,3.430038,0.019270
Passive DS-TWR,1785766416.394080,0.360026,3.307634,0.125743
Passive DS-TWR,1785766416.441469,0.372791,3.320923,0.111598
Passive DS-TWR,1785766416.530679,0.377185,3.440309,0.008152
Passive DS-TWR,1785766416.530793,0.329262,3.354218,0.090585
Passive DS-TWR,1785766416.530916,0.378249,3.332999,0.099561
Passive DS-TWR,1785766416.530977,0.380102,3.387528,0.045280
Passive DS-TWR,1785766416.531904,0.334606,3.332655,0.107647
Passive DS-TWR,1785766416.532094,0.244350,3.380610,0.140428
Passive DS-TWR,1785766416.533677,0.396465,3.403133,0.036472
Passive DS-TWR,1785766416.549014,0.366408,3.453454,0.022585
Passive DS-TWR,1785766416.584430,0.359797,3.298251,0.135090
Passive DS-TWR,1785766416.589003,0.282592,3.324855,0.141765
Passive DS-TWR,1785766416.597790,0.409757,3.355915,0.084171
Passive DS-TWR,1785766416.633337,0.347261,3.415792,0.032245
Passive DS-TWR,1785766416.906817,0.291390,3.405589,0.087681
Passive DS-TWR,1785766416.950218,0.376127,3.377665,0.054852
Passive DS-TWR,1785766416.953590,0.363130,3.453035,0.023637
Passive DS-TWR,1785766416.956844,0.326490,3.301632,0.139515
Passive DS-TWR,1785766416.981678,0.269267,3.393779,0.112449
Passive DS-TWR,1785766417.002302,0.404541,3.347183,0.090341
Passive DS-TWR,1785766417.144612,0.416449,3.316607,0.123138
Passive DS-TWR,1785766417.146439,0.328651,3.309805,0.131102
Passive DS-TWR,1785766417.192098,0.348700,3.461693,0.039184
Passive DS-TWR,1785766417.229073,0.323213,3.303643,0.138816
Passive DS-TWR,1785766417.242343,0.286174,3.354488,0.118100
Passive DS-TWR,1785766417.242530,0.391759,3.399355,0.037215
Passive DS-TWR,1785766417.269122,0.363458,3.426704,0.012772
Passive DS-TWR,1785766417.359369,0.276129,3.317408,0.151625
Passive DS-TWR,1785766417.422247,0.328174,3.332706,0.110167
Passive DS-TWR,1785766417.473627,0.278039,3.374289,0.112955
Passive DS-TWR,1785766417.473813,0.430442,3.384608,0.073386
Passive DS-TWR,1785766417.474344,0.344044,3.416404,0.034749
Passive DS-TWR,1785766417.474627,0.307955,3.303405,0.145393
Passive DS-TWR,1785766417.481860,0.289080,3.373383,0.104161
Passive DS-TWR,1785766417.605632,0.378684,3.431623,0.003944
Passive DS-TWR,1785766417.741656,0.286428,3.346153,0.123582
Passive DS-TWR,1785766417.783464,0.371016,3.345367,0.087218
Passive DS-TWR,1785766417.818930,0.285919,3.348864,0.122074
Passive DS-TWR,1785766417.830681,0.401683,3.363528,0.074013
Passive DS-TWR,1785766417.989493,0.351964,3.292360,0.141996
Passive DS-TWR,1785766418.016988,0.423079,3.343293,0.101416
Passive DS-TWR,1785766418.037182,0.321937,3.445270,0.054420
Passive DS-TWR,1785766418.081522,0.409757,3.354022,0.085897
Passive DS-TWR,1785766418.085627,0.407719,3.419728,0.035275
Passive DS-TWR,1785766418.134145,0.402065,3.403118,0.040058
Passive DS-TWR,1785766418.173986,0.332163,3.306870,0.132682
Passive DS-TWR,1785766418.202390,0.297082,3.353651,0.110741
Passive DS-TWR,1785766418.219480,0.334170,3.466142,0.052778
Passive DS-TWR,1785766418.257557,0.352418,3.274611,0.159474
Passive DS-TWR,1785766418.447929,0.278922,3.335639,0.136317
Passive DS-TWR,1785766418.637870,0.343573,3.413405,0.036637
Passive DS-TWR,1785766418.638052,0.354898,3.309531,0.124576
Passive DS-TWR,1785766418.638178,0.278989,3.376905,0.110806
Passive DS-TWR,1785766418.638294,0.364169,3.406518,0.028089
Passive DS-TWR,1785766418.638419,0.334875,3.293230,0.144891
Passive DS-TWR,1785766418.638502,0.311796,3.390937,0.075511
Passive DS-TWR,1785766418.688123,0.408478,3.379495,0.062780
Passive DS-TWR,1785766418.863662,0.317604,3.309154,0.135980
Passive DS-TWR,1785766418.864110,0.372424,3.422893,0.009907
Passive DS-TWR,1785766418.925069,0.399684,3.342111,0.093743
Passive DS-TWR,1785766418.927186,0.367636,3.418686,0.015580
Passive DS-TWR,1785766418.948709,0.334700,3.314856,0.124304
Passive DS-TWR,1785766418.990148,0.357021,3.412517,0.026774
Passive DS-TWR,1785766419.015158,0.326420,3.296116,0.144725
Passive DS-TWR,1785766419.018317,0.293431,3.390314,0.091689
Passive DS-TWR,1785766419.057495,0.391888,3.331583,0.102349
Passive DS-TWR,1785766419.092226,0.309852,3.380462,0.083255
Passive DS-TWR,1785766419.196283,0.417840,3.413947,0.046833
Passive DS-TWR,1785766419.196603,0.349183,3.307888,0.127227
Passive DS-TWR,1785766419.209770,0.294685,3.397020,0.087656
Passive DS-TWR,1785766419.242702,0.323952,3.431080,0.050906
Passive DS-TWR,1785766419.291164,0.330550,3.302169,0.137652
Passive DS-TWR,1785766419.291356,0.421192,3.392378,0.061307
Passive DS-TWR,1785766419.331202,0.358755,3.409301,0.028231
Passive DS-TWR,1785766419.339099,0.295578,3.435319,0.079311
Passive DS-TWR,1785766419.423919,0.306910,3.291455,0.156552
Passive DS-TWR,1785766419.468444,0.277694,3.360048,0.121188
Passive DS-TWR,1785766419.542426,0.273719,3.355048,0.127374
Passive DS-TWR,1785766419.565066,0.437817,3.421788,0.063883
Passive DS-TWR,1785766419.565176,0.376588,3.408896,0.023670
Passive DS-TWR,1785766419.578382,0.376207,3.283892,0.148616
Passive DS-TWR,1785766419.701756,0.393784,3.410328,0.029165
Passive DS-TWR,1785766419.708236,0.387073,3.303061,0.130017
Passive DS-TWR,1785766419.744402,0.276969,3.402345,0.102411
Passive DS-TWR,1785766419.785303,0.361866,3.292617,0.140484
Passive DS-TWR,1785766419.788234,0.270540,3.403576,0.108235
Passive DS-TWR,1785766419.799869,0.402389,3.386335,0.053762
Passive DS-TWR,1785766419.834407,0.361201,3.302113,0.131100
Passive DS-TWR,1785766419.877060,0.374945,3.409247,0.023255
Passive DS-TWR,1785766419.902040,0.407169,3.286460,0.149577
Passive DS-TWR,1785766419.942652,0.322910,3.413367,0.055342
Passive DS-TWR,1785766420.100591,0.345312,3.347317,0.090157
Passive DS-TWR,1785766420.159223,0.392298,3.424030,0.019406
Passive DS-TWR,1785766420.172866,0.291864,3.337928,0.125813
Passive DS-TWR,1785766420.182801,0.395358,3.400945,0.037641
Passive DS-TWR,1785766420.218482,0.313318,3.456957,0.066203
Passive DS-TWR,1785766420.243747,0.294176,3.364433,0.105545
Passive DS-TWR,1785766420.265581,0.341329,3.429538,0.033640
Passive DS-TWR,1785766420.314888,0.410260,3.336732,0.102110
Passive DS-TWR,1785766420.357552,0.353978,3.330497,0.104116
Passive DS-TWR,1785766420.384385,0.294150,3.344638,0.119292
Passive DS-TWR,1785766420.405392,0.371798,3.450570,0.018322
Passive DS-TWR,1785766420.431623,0.279005,3.419441,0.096719
Passive DS-TWR,1785766420.447971,0.387014,3.314163,0.118963
Passive DS-TWR,1785766420.495562,0.360056,3.299874,0.133449
Passive DS-TWR,1785766420.495931,0.284899,3.408810,0.093007
Passive DS-TWR,1785766420.554157,0.300889,3.397409,0.081854
Passive DS-TWR,1785766420.586709,0.406723,3.339289,0.098515
Passive DS-TWR,1785766420.810346,0.338033,3.352828,0.087764
Passive DS-TWR,1785766420.822140,0.394898,3.312023,0.122137
Passive DS-TWR,1785766420.887036,0.276229,3.385859,0.109084
Passive DS-TWR,1785766420.888002,0.399991,3.374024,0.063658
Passive DS-TWR,1785766420.931814,0.391723,3.405901,0.031507
Passive DS-TWR,1785766420.976510,0.396454,3.466063,0.039920
Passive DS-TWR,1785766420.988682,0.296435,3.302943,0.151435
Passive DS-TWR,1785766421.015477,0.292058,3.373154,0.101857
Passive DS-TWR,1785766421.015810,0.388681,3.338258,0.095254
Passive DS-TWR,1785766421.061409,0.322236,3.410352,0.057075
Passive DS-TWR,1785766421.061606,0.310547,3.320347,0.129275
Passive DS-TWR,1785766421.066305,0.298693,3.370197,0.098387
Passive DS-TWR,1785766421.114223,0.405224,3.314241,0.122102
Passive DS-TWR,1785766421.114446,0.348478,3.314624,0.120788
Passive DS-TWR,1785766421.136169,0.297898,3.425691,0.077241
Passive DS-TWR,1785766421.165118,0.302119,3.425145,0.073091
Passive DS-TWR,1785766421.342030,0.288129,3.391818,0.095779
Passive DS-TWR,1785766421.349294,0.363421,3.432703,0.011419
Passive DS-TWR,1785766421.387872,0.278117,3.423992,0.097095
Passive DS-TWR,1785766421.397511,0.401399,3.351500,0.085244
Passive DS-TWR,1785766421.474704,0.401565,3.370311,0.067690
Passive DS-TWR,1785766421.478154,0.394189,3.419065,0.023558
Passive DS-TWR,1785766421.573123,0.315776,3.313304,0.133028
Passive DS-TWR,1785766421.612573,0.350414,3.415198,0.029933
Passive DS-TWR,1785766421.637443,0.315060,3.297565,0.147585
Passive DS-TWR,1785766421.714196,0.280698,3.318749,0.147655
Passive DS-TWR,1785766421.728512,0.400625,3.342247,0.093866
Passive DS-TWR,1785766421.734061,0.334850,3.460431,0.048777
Passive DS-TWR,1785766421.768980,0.350062,3.287709,0.146897
Passive DS-TWR,1785766421.773321,0.289412,3.350333,0.118530
Passive DS-TWR,1785766421.951848,0.365839,3.435081,0.009362
Passive DS-TWR,1785766421.973529,0.381526,3.337742,0.094995
Passive DS-TWR,1785766421.999448,0.396385,3.406761,0.033568
Passive DS-TWR,1785766422.175591,0.279458,3.350116,0.126035
Passive DS-TWR,1785766422.181830,0.390357,3.314967,0.118554
Passive DS-TWR,1785766422.182828,0.310674,3.444778,0.065329
Passive DS-TWR,1785766422.271036,0.328397,3.294774,0.145347
Passive DS-TWR,1785766422.304589,0.399672,3.346116,0.089884
Passive DS-TWR,1785766422.368644,0.296311,3.407529,0.082403
Passive DS-TWR,1785766422.369019,0.423943,3.428269,0.049287
Passive DS-TWR,1785766422.416446,0.291036,3.300513,0.156345
Passive DS-TWR,1785766422.607779,0.357818,3.326859,0.107005
Passive DS-TWR,1785766422.607923,0.286152,3.405586,0.092681
Passive DS-TWR,1785766422.614098,0.405276,3.360887,0.077814
Passive DS-TWR,1785766422.660519,0.394626,3.416601,0.025384
Passive DS-TWR,1785766422.660975,0.334493,3.318056,0.121349
Passive DS-TWR,1785766422.685727,0.270467,3.406042,0.107673
Passive DS-TWR,1785766422.831775,0.320180,3.331871,0.114517
Passive DS-TWR,1785766422.831951,0.302310,3.353771,0.107046
Passive DS-TWR,1785766422.832065,0.325605,3.432338,0.049234
Passive DS-TWR,1785766422.832272,0.329297,3.437111,0.045774
Passive DS-TWR,1785766422.852709,0.315385,3.336297,0.113093
Passive DS-TWR,1785766422.907763,0.343125,3.302122,0.134181
Passive DS-TWR,1785766422.928888,0.298757,3.394593,0.085003
Passive DS-TWR,1785766423.044090,0.397512,3.444445,0.025626
Passive DS-TWR,1785766423.055418,0.293922,3.400897,0.086870
Passive DS-TWR,1785766423.172786,0.350073,3.282418,0.152113
Passive DS-TWR,1785766423.201129,0.302776,3.369673,0.095606
Passive DS-TWR,1785766423.241536,0.343413,3.407826,0.039955
Passive DS-TWR,1785766423.403154,0.428360,3.401818,0.061693
Passive DS-TWR,1785766423.445873,0.312773,3.293775,0.151977
Passive DS-TWR,1785766423.446048,0.283876,3.353850,0.120251
Passive DS-TWR,1785766423.446196,0.387907,3.346997,0.086498
Passive DS-TWR,1785766423.477414,0.323517,3.441083,0.052034
Passive DS-TWR,1785766423.501009,0.298434,3.303392,0.150023
Passive DS-TWR,1785766423.505955,0.279535,3.411718,0.097543
Passive DS-TWR,1785766423.557654,0.389197,3.391246,0.043683
Passive DS-TWR,1785766423.568521,0.282726,3.417630,0.093305
Passive DS-TWR,1785766423.629997,0.444687,3.432763,0.069849
Passive DS-TWR,1785766423.630298,0.331897,3.312013,0.127912
Passive DS-TWR,1785766423.630465,0.269691,3.442278,0.105601
Passive DS-TWR,1785766423.697258,0.338897,3.291583,0.145429
Passive DS-TWR,1785766423.771972,0.272418,3.414628,0.103968
Passive DS-TWR,1785766423.804320,0.328947,3.409856,0.051174
Passive DS-TWR,1785766423.888444,0.263788,3.371009,0.126939
Passive DS-TWR,1785766423.939116,0.411481,3.387621,0.057939
Passive DS-TWR,1785766423.957983,0.403486,3.341975,0.094951
Passive DS-TWR,1785766424.044246,0.362535,3.421185,0.016716
Passive DS-TWR,1785766424.068915,0.322727,3.306793,0.136081
Passive DS-TWR,1785766424.086131,0.285709,3.343694,0.125820
Passive DS-TWR,1785766424.086289,0.408851,3.303413,0.133495
Passive DS-TWR,1785766424.101662,0.399228,3.430886,0.024443
Passive DS-TWR,1785766424.135150,0.355076,3.332125,0.102303
Passive DS-TWR,1785766424.138983,0.277986,3.426263,0.097053
Passive DS-TWR,1785766424.186383,0.364570,3.372338,0.061034
Passive DS-TWR,1785766424.226413,0.300515,3.332678,0.124454
Passive DS-TWR,1785766424.234422,0.409113,3.325511,0.112346
Passive DS-TWR,1785766424.277250,0.308380,3.389593,0.079107
Passive DS-TWR,1785766424.281013,0.377196,3.374352,0.058198
Passive DS-TWR,1785766424.321992,0.350347,3.420907,0.027097
Passive DS-TWR,1785766424.333339,0.271620,3.335893,0.141376
Passive DS-TWR,1785766424.366171,0.390323,3.349165,0.084762
Passive DS-TWR,1785766424.368608,0.372706,3.421957,0.010758
Passive DS-TWR,1785766424.378646,0.325765,3.331944,0.111893
Passive DS-TWR,1785766424.427566,0.383718,3.417972,0.017028
Passive DS-TWR,1785766424.461341,0.284386,3.406829,0.094026
Passive DS-TWR,1785766424.522005,0.283862,3.347971,0.124186
Passive DS-TWR,1785766424.559807,0.384669,3.319436,0.113492
Passive DS-TWR,1785766424.571126,0.389122,3.323482,0.109951
Passive DS-TWR,1785766424.608969,0.284560,3.434065,0.090292
Passive DS-TWR,1785766424.613298,0.399607,3.430953,0.024817
Passive DS-TWR,1785766424.696313,0.327557,3.422001,0.048434
Passive DS-TWR,1785766424.698663,0.341622,3.296512,0.139987
Passive DS-TWR,1785766424.742742,0.390598,3.432204,0.015762
Passive DS-TWR,1785766424.846854,0.308905,3.288698,0.158198
Passive DS-TWR,1785766424.847869,0.312329,3.410004,0.066435
Passive DS-TWR,1785766424.849025,0.342951,3.425296,0.032692
Passive DS-TWR,1785766424.849564,0.404325,3.307155,0.128768
Passive DS-TWR,1785766424.849695,0.297290,3.415728,0.079342
Passive DS-TWR,1785766424.914705,0.354434,3.291819,0.142154
Passive DS-TWR,1785766424.920239,0.414985,3.457873,0.047491
Passive DS-TWR,1785766424.972988,0.282773,3.397966,0.098330
Passive DS-TWR,1785766425.033621,0.325604,3.321902,0.121064
Passive DS-TWR,1785766425.047336,0.368947,3.349408,0.083302
Passive DS-TWR,1785766425.095105,0.317040,3.312780,0.132943
Passive DS-TWR,1785766425.171533,0.270136,3.370071,0.121902
Passive DS-TWR,1785766425.192942,0.387891,3.355578,0.078023
Passive DS-TWR,1785766425.226768,0.352258,3.337451,0.097696
Passive DS-TWR,1785766425.239226,0.286215,3.413796,0.090576
Passive DS-TWR,1785766425.239653,0.410327,3.319738,0.118216
Passive DS-TWR,1785766425.291253,0.279936,3.388026,0.104807
Passive DS-TWR,1785766425.325331,0.352017,3.456824,0.033353
Passive DS-TWR,1785766425.418759,0.271586,3.439916,0.103519
Passive DS-TWR,1785766425.502024,0.301430,3.339554,0.118440
Passive DS-TWR,1785766425.502150,0.399025,3.334303,0.101133
Passive DS-TWR,1785766425.557237,0.409039,3.370675,0.070655
Passive DS-TWR,1785766425.594690,0.334594,3.318012,0.121356
Passive DS-TWR,1785766425.674678,0.318168,3.357709,0.093837
Passive DS-TWR,1785766425.722784,0.345191,3.302812,0.133035
Passive DS-TWR,1785766425.913824,0.288139,3.421563,0.087387
Passive DS-TWR,1785766426.000438,0.314674,3.315310,0.131733
Passive DS-TWR,1785766426.007376,0.400106,3.319049,0.116232
Passive DS-TWR,1785766426.091145,0.397176,3.322027,0.112710
Passive DS-TWR,1785766426.116628,0.346225,3.362415,0.075702
Passive DS-TWR,1785766426.130622,0.272344,3.331734,0.143733
Passive DS-TWR,1785766426.173946,0.401556,3.400237,0.041891
Passive DS-TWR,1785766426.174844,0.318192,3.323889,0.122497
Passive DS-TWR,1785766426.186866,0.266352,3.353616,0.134136
Passive DS-TWR,1785766426.218206,0.379386,3.359276,0.073367
Passive DS-TWR,1785766426.260864,0.336117,3.314082,0.124589
Passive DS-TWR,1785766426.261038,0.293298,3.408199,0.085085
Passive DS-TWR,1785766426.263735,0.396773,3.356875,0.078743
Passive DS-TWR,1785766426.277538,0.379171,3.451621,0.019604
Passive DS-TWR,1785766426.319203,0.317137,3.409867,0.061982
Passive DS-TWR,1785766426.350641,0.358378,3.302498,0.131041
Passive DS-TWR,1785766426.375436,0.370297,3.293947,0.138629
Passive DS-TWR,1785766426.445171,0.305132,3.381639,0.086290
Passive DS-TWR,1785766426.485183,0.417655,3.321374,0.119091
Passive DS-TWR,1785766426.490502,0.352055,3.308837,0.125746
Passive DS-TWR,1785766426.519915,0.292312,3.328543,0.132733
Passive DS-TWR,1785766426.534283,0.419859,3.427510,0.045296
Passive DS-TWR,1785766426.574583,0.285761,3.430809,0.089094
Passive DS-TWR,1785766426.581089,0.399569,3.324407,0.110887
Passive DS-TWR,1785766426.615480,0.360132,3.422729,0.017658
Passive DS-TWR,1785766426.618957,0.328361,3.323036,0.118923
Passive DS-TWR,1785766426.740425,0.382568,3.420642,0.014156
Passive DS-TWR,1785766426.740574,0.281180,3.385544,0.104770
Passive DS-TWR,1785766426.740694,0.417007,3.429569,0.042270
Passive DS-TWR,1785766426.747721,0.361325,3.322146,0.111180
Passive DS-TWR,1785766426.837080,0.410273,3.368852,0.072848
Passive DS-TWR,1785766426.837238,0.292345,3.407524,0.086192
Passive DS-TWR,1785766426.838019,0.407341,3.323214,0.114018
Passive DS-TWR,1785766426.853791,0.336968,3.435312,0.037974
Passive DS-TWR,1785766426.883015,0.364552,3.330836,0.102184
Passive DS-TWR,1785766426.891245,0.313473,3.388532,0.075492
Passive DS-TWR,1785766426.910158,0.392031,3.400571,0.036265
Passive DS-TWR,1785766426.960522,0.294053,3.395857,0.088708
Passive DS-TWR,1785766427.039135,0.322762,3.354084,0.094135
Passive DS-TWR,1785766427.050711,0.398917,3.411407,0.032012
Passive DS-TWR,1785766427.082515,0.372406,3.285943,0.146578
Passive DS-TWR,1785766427.094657,0.391891,3.357225,0.077184
Passive DS-TWR,1785766427.127498,0.368245,3.422935,0.011619
Passive DS-TWR,1785766427.130356,0.344831,3.332355,0.104546
Passive DS-TWR,1785766427.156960,0.287498,3.420023,0.088227
Passive DS-TWR,1785766427.170273,0.402891,3.343695,0.093132
Passive DS-TWR,1785766427.217644,0.288865,3.428319,0.086075
Passive DS-TWR,1785766427.221497,0.386970,3.374475,0.059281
Passive DS-TWR,1785766427.261171,0.302906,3.331942,0.123639
Passive DS-TWR,1785766427.308587,0.270672,3.329290,0.146640
Passive DS-TWR,1785766427.450861,0.372626,3.338754,0.093773
Passive DS-TWR,1785766427.493937,0.301790,3.434437,0.073074
Passive DS-TWR,1785766427.524034,0.299423,3.321588,0.134124
Passive DS-TWR,1785766427.534652,0.283416,3.357427,0.118297
Passive DS-TWR,1785766427.541698,0.408194,3.292232,0.144181
Passive DS-TWR,1785766427.579091,0.320085,3.424903,0.055278
Passive DS-TWR,1785766427.594441,0.284335,3.374441,0.107526
Passive DS-TWR,1785766427.625342,0.406449,3.306164,0.130232
Passive DS-TWR,1785766427.625462,0.341046,3.420003,0.036030
Passive DS-TWR,1785766427.667597,0.318687,3.305500,0.138860
Passive DS-TWR,1785766427.669888,0.393508,3.364599,0.070422
Passive DS-TWR,1785766427.696168,0.368424,3.430416,0.006745
Passive DS-TWR,1785766427.716894,0.379806,3.303213,0.129383
Passive DS-TWR,1785766427.722707,0.305569,3.370714,0.092822
Passive DS-TWR,1785766427.741269,0.396221,3.362548,0.073148
Passive DS-TWR,1785766427.763298,0.338109,3.434948,0.036811
Passive DS-TWR,1785766427.770741,0.335972,3.343507,0.097111
Passive DS-TWR,1785766427.820492,0.288175,3.380688,0.100972
Passive DS-TWR,1785766427.826780,0.409406,3.346245,0.092925
Passive DS-TWR,1785766427.864140,0.320642,3.307064,0.136645
Passive DS-TWR,1785766427.888535,0.347229,3.419425,0.030550
Passive DS-TWR,1785766427.928360,0.350798,3.329782,0.105496
Passive DS-TWR,1785766428.133825,0.341951,3.400100,0.046167
Passive DS-TWR,1785766428.171552,0.369612,3.300644,0.131962
Passive DS-TWR,1785766428.200017,0.304132,3.401052,0.077386
Passive DS-TWR,1785766428.306262,0.283951,3.353369,0.120510
Passive DS-TWR,1785766428.309711,0.399442,3.365444,0.071429
Passive DS-TWR,1785766428.330604,0.338136,3.400982,0.048379
Passive DS-TWR,1785766428.388527,0.284183,3.379196,0.105166
Passive DS-TWR,1785766428.448666,0.301511,3.389428,0.085043
Passive DS-TWR,1785766428.453005,0.375351,3.453362,0.020867
Passive DS-TWR,1785766428.507130,0.340563,3.300629,0.136254
Passive DS-TWR,1785766428.533892,0.393772,3.415687,0.025322
Passive DS-TWR,1785766428.550107,0.361040,3.331915,0.101529
Passive DS-TWR,1785766428.554793,0.290716,3.383490,0.097359
Passive DS-TWR,1785766428.565350,0.396673,3.371304,0.064976
Passive DS-TWR,1785766428.638942,0.281426,3.392857,0.101477
Passive DS-TWR,1785766428.639168,0.399543,3.328805,0.106599
Passive DS-TWR,1785766428.683345,0.322238,3.303430,0.139378
Passive DS-TWR,1785766428.683463,0.289710,3.375350,0.102534
Passive DS-TWR,1785766428.733921,0.403422,3.416532,0.032742
Passive DS-TWR,1785766428.734456,0.365048,3.300883,0.131983
Passive DS-TWR,1785766428.757110,0.267099,3.333431,0.146365
Passive DS-TWR,1785766428.776421,0.406944,3.356108,0.082865
Passive DS-TWR,1785766428.776619,0.362304,3.399809,0.035013
Passive DS-TWR,1785766428.794639,0.357867,3.296759,0.136799
Passive DS-TWR,1785766428.913147,0.307085,3.391363,0.079265
Passive DS-TWR,1785766429.018436,0.241538,3.422925,0.133644
Passive DS-TWR,1785766429.067070,0.270349,3.439098,0.104697
Passive DS-TWR,1785766429.118274,0.408512,3.341906,0.096651
Passive DS-TWR,1785766429.151773,0.406157,3.299139,0.136990
Passive DS-TWR,1785766429.284609,0.400958,3.354469,0.082288
Passive DS-TWR,1785766429.328387,0.281127,3.339632,0.131934
Passive DS-TWR,1785766429.334043,0.392759,3.336196,0.097958
Passive DS-TWR,1785766429.414930,0.296219,3.356471,0.109370
Passive DS-TWR,1785766429.459670,0.364608,3.301790,0.131111
Passive DS-TWR,1785766429.463415,0.430927,3.325061,0.121200
Passive DS-TWR,1785766429.488306,0.354664,3.402812,0.035895
Passive DS-TWR,1785766429.544334,0.419603,3.302111,0.137861
Passive DS-TWR,1785766429.572751,0.345011,3.345119,0.092333
Passive DS-TWR,1785766429.589017,0.276336,3.384063,0.109768
Passive DS-TWR,1785766429.592299,0.398376,3.328285,0.106841
Passive DS-TWR,1785766429.642882,0.280595,3.429345,0.094296
Passive DS-TWR,1785766429.680001,0.431058,3.397260,0.066352
Passive DS-TWR,1785766429.725680,0.298493,3.346829,0.114753
Passive DS-TWR,1785766429.725848,0.409284,3.320834,0.116859
Passive DS-TWR,1785766429.765663,0.362522,3.407350,0.028005
Passive DS-TWR,1785766429.773122,0.304038,3.359847,0.101446
Passive DS-TWR,1785766429.781608,0.414450,3.362602,0.080343
Passive DS-TWR,1785766429.811000,0.384524,3.429524,0.010133
Passive DS-TWR,1785766429.892206,0.367590,3.292904,0.139785
Passive DS-TWR,1785766429.930521,0.400085,3.329461,0.106088
Passive DS-TWR,1785766429.930755,0.382183,3.426139,0.009718
Passive DS-TWR,1785766429.946865,0.342338,3.342418,0.095767
Passive DS-TWR,1785766429.978245,0.278853,3.412055,0.098139
Passive DS-TWR,1785766430.138740,0.329535,3.321767,0.119643
Passive DS-TWR,1785766430.233221,0.387446,3.406997,0.028451
Passive DS-TWR,1785766430.264374,0.346576,3.436770,0.028583
Passive DS-TWR,1785766430.309617,0.400169,3.383967,0.054747
Passive DS-TWR,1785766430.352011,0.307747,3.294922,0.153067
Passive DS-TWR,1785766430.397081,0.281997,3.433938,0.092853
Passive DS-TWR,1785766430.441087,0.304597,3.400003,0.077396
Passive DS-TWR,1785766430.441224,0.377957,3.405336,0.027344
Passive DS-TWR,1785766430.472533,0.335713,3.309964,0.128632
Passive DS-TWR,1785766430.486706,0.285691,3.366043,0.111194
Passive DS-TWR,1785766430.512014,0.372994,3.414391,0.018204
Passive DS-TWR,1785766430.538904,0.273962,3.316979,0.153367
Passive DS-TWR,1785766430.586455,0.337837,3.301935,0.135709
Passive DS-TWR,1785766430.624104,0.302068,3.352281,0.108309
Passive DS-TWR,1785766430.633554,0.414642,3.380329,0.065622
Passive DS-TWR,1785766430.668630,0.367300,3.313461,0.119279
Passive DS-TWR,1785766430.668722,0.289840,3.417880,0.086247
Passive DS-TWR,1785766430.712355,0.336166,3.457617,0.046112
Passive DS-TWR,1785766430.714936,0.300345,3.340765,0.118173
Passive DS-TWR,1785766430.758647,0.361637,3.433911,0.013276
Passive DS-TWR,1785766430.803724,0.355749,3.336661,0.097723
Passive DS-TWR,1785766430.803849,0.271426,3.363457,0.124343
Passive DS-TWR,1785766430.831711,0.343905,3.422249,0.032588
Passive DS-TWR,1785766430.886923,0.404531,3.382824,0.057875
Passive DS-TWR,1785766430.968875,0.373397,3.305426,0.127084
Passive DS-TWR,1785766431.011914,0.301841,3.399339,0.080177
Passive DS-TWR,1785766431.054639,0.281968,3.395781,0.099867
Passive DS-TWR,1785766431.062431,0.384480,3.337215,0.095773
Passive DS-TWR,1785766431.099509,0.365744,3.306844,0.125987
Passive DS-TWR,1785766431.140918,0.328616,3.449654,0.049302
Passive DS-TWR,1785766431.190825,0.407297,3.345584,0.092781
Passive DS-TWR,1785766431.380105,0.280079,3.425148,0.095044
Passive DS-TWR,1785766431.382883,0.402405,3.374401,0.064308
Passive DS-TWR,1785766431.437203,0.299576,3.387552,0.087664
Passive DS-TWR,1785766431.469197,0.399653,3.399593,0.041216
Passive DS-TWR,1785766431.472071,0.389581,3.417862,0.020776
Passive DS-TWR,1785766431.527816,0.322716,3.447266,0.054173
Passive DS-TWR,1785766431.570765,0.344203,3.300143,0.135858
Passive DS-TWR,1785766431.609174,0.361982,3.426097,0.014363
Passive DS-TWR,1785766431.643486,0.393717,3.394452,0.042475
Passive DS-TWR,1785766431.662200,0.395376,3.418943,0.024610
Passive DS-TWR,1785766431.676019,0.345332,3.329820,0.106837
Passive DS-TWR,1785766431.708510,0.421072,3.408266,0.052201
Passive DS-TWR,1785766431.719998,0.397616,3.416419,0.027883
Passive DS-TWR,1785766431.750396,0.358419,3.294723,0.138754
Passive DS-TWR,1785766431.802580,0.326862,3.316721,0.125327
Passive DS-TWR,1785766431.846000,0.291846,3.349745,0.117203
Passive DS-TWR,1785766431.878738,0.360772,3.325004,0.108414
Passive DS-TWR,1785766431.883044,0.287531,3.331743,0.133322
Passive DS-TWR,1785766431.904653,0.444138,3.389519,0.081547
Passive DS-TWR,1785766431.924378,0.373576,3.445036,0.012598
Passive DS-TWR,1785766431.973491,0.324687,3.436477,0.050309
Passive DS-TWR,1785766432.007635,0.310971,3.297493,0.149353
Passive DS-TWR,1785766432.011009,0.292768,3.346800,0.118661
Passive DS-TWR,1785766432.079961,0.297087,3.337120,0.123057
Passive DS-TWR,1785766432.129826,0.400484,3.339031,0.096924
Passive DS-TWR,1785766432.188689,0.354952,3.309481,0.124617
Passive DS-TWR,1785766432.236410,0.387079,3.449761,0.021159
Passive DS-TWR,1785766432.253787,0.320740,3.351537,0.097375
Passive DS-TWR,1785766432.278990,0.315328,3.314529,0.132133
Passive DS-TWR,1785766432.279127,0.393112,3.290951,0.142725
Passive DS-TWR,1785766432.324758,0.333444,3.289792,0.148592
Passive DS-TWR,1785766432.330818,0.288564,3.387656,0.097234
Passive DS-TWR,1785766432.365825,0.413683,3.335027,0.104929
Passive DS-TWR,1785766432.378588,0.360586,3.310848,0.122486
Passive DS-TWR,1785766432.410986,0.255043,3.358793,0.140655
Passive DS-TWR,1785766432.411175,0.364107,3.347563,0.085613
Passive DS-TWR,1785766432.534892,0.284848,3.326740,0.138866
Passive DS-TWR,1785766432.571952,0.291192,3.313748,0.145256
Passive DS-TWR,1785766432.658155,0.383579,3.312573,0.120247
Passive DS-TWR,1785766432.658303,0.279534,3.361694,0.118729
Passive DS-TWR,1785766432.662584,0.369952,3.314952,0.117651
Passive DS-TWR,1785766432.699646,0.339961,3.435387,0.034997
Passive DS-TWR,1785766432.701940,0.367609,3.333735,0.099031
Passive DS-TWR,1785766432.910349,0.397388,3.449617,0.028309
Passive DS-TWR,1785766432.957053,0.308537,3.311761,0.137747
Passive DS-TWR,1785766432.980471,0.312580,3.354547,0.099765
Passive DS-TWR,1785766433.060598,0.402193,3.360474,0.077047
Passive DS-TWR,1785766433.060764,0.387806,3.399804,0.035175
Passive DS-TWR,1785766433.060929,0.357937,3.279118,0.154312
Passive DS-TWR,1785766433.211817,0.340629,3.305500,0.131528
Passive DS-TWR,1785766433.257627,0.401803,3.359135,0.078165
Passive DS-TWR,1785766433.257757,0.369102,3.437743,0.007770
Passive DS-TWR,1785766433.299346,0.359141,3.290128,0.143236
Passive DS-TWR,1785766433.299559,0.294303,3.397125,0.087963
Passive DS-TWR,1785766433.302302,0.412224,3.401820,0.048364
Passive DS-TWR,1785766433.354930,0.284725,3.354344,0.119286
Passive DS-TWR,1785766433.392078,0.371198,3.379987,0.052640
Passive DS-TWR,1785766433.392278,0.353285,3.432030,0.021558
Passive DS-TWR,1785766433.403465,0.321376,3.314141,0.129875
Passive DS-TWR,1785766433.433088,0.292894,3.385754,0.094341
Passive DS-TWR,1785766433.433347,0.381809,3.354851,0.077963
Passive DS-TWR,1785766433.446915,0.359552,3.440333,0.017175
Passive DS-TWR,1785766433.523654,0.405564,3.314764,0.121680
Passive DS-TWR,1785766433.532994,0.358983,3.322236,0.111400
Passive DS-TWR,1785766433.565665,0.257024,3.428615,0.117879
Passive DS-TWR,1785766433.574520,0.391106,3.414849,0.024005
Passive DS-TWR,1785766433.612387,0.357409,3.307910,0.125805
Passive DS-TWR,1785766433.787269,0.342449,3.321035,0.116077
Passive DS-TWR,1785766433.972696,0.287499,3.447817,0.088672
Passive DS-TWR,1785766434.043409,0.361308,3.303461,0.129748
Passive DS-TWR,1785766434.083435,0.281068,3.404377,0.097898
Passive DS-TWR,1785766434.129469,0.345592,3.319509,0.116716
Passive DS-TWR,1785766434.133468,0.377364,3.376171,0.056387
Passive DS-TWR,1785766434.177759,0.346615,3.310068,0.125644
Passive DS-TWR,1785766434.188769,0.277030,3.340147,0.134521
Passive DS-TWR,1785766434.222833,0.373081,3.419587,0.013034
Passive DS-TWR,1785766434.263558,0.325296,3.368226,0.081153
Passive DS-TWR,1785766434.315223,0.285904,3.366918,0.110501
Passive DS-TWR,1785766434.343754,0.421243,3.415098,0.049561
Passive DS-TWR,1785766434.355484,0.323805,3.460299,0.058113
Passive DS-TWR,1785766434.363628,0.321498,3.319051,0.125364
Passive DS-TWR,1785766434.396979,0.294498,3.389137,0.091297
Passive DS-TWR,1785766434.397243,0.399942,3.373165,0.064428
Passive DS-TWR,1785766434.408884,0.327538,3.451238,0.050876
Passive DS-TWR,1785766434.443786,0.315463,3.305503,0.140193
Passive DS-TWR,1785766434.443917,0.300458,3.355763,0.106871
Passive DS-TWR,1785766434.489429,0.318911,3.413499,0.059068
Passive DS-TWR,1785766434.506854,0.290049,3.321152,0.139957
Passive DS-TWR,1785766434.545959,0.392759,3.366237,0.068645
Passive DS-TWR,1785766434.546259,0.310897,3.464065,0.071308
Passive DS-TWR,1785766434.579682,0.364200,3.290370,0.142529
Passive DS-TWR,1785766434.730598,0.402546,3.327660,0.108441
Passive DS-TWR,1785766434.769127,0.295529,3.361872,0.106200
Passive DS-TWR,1785766434.845603,0.408851,3.343765,0.095031
Passive DS-TWR,1785766434.918133,0.400352,3.393788,0.046364
Passive DS-TWR,1785766434.950018,0.339611,3.308397,0.129007
Passive DS-TWR,1785766434.956486,0.285428,3.339737,0.128839
Passive DS-TWR,1785766434.976089,0.382530,3.374996,0.058017
Passive DS-TWR,1785766435.037065,0.298667,3.428024,0.076303
Passive DS-TWR,1785766435.083074,0.308196,3.391499,0.078245
Passive DS-TWR,1785766435.186228,0.429363,3.367295,0.084999
Passive DS-TWR,1785766435.194791,0.318437,3.312005,0.133044
Passive DS-TWR,1785766435.229079,0.272067,3.346138,0.134241
Passive DS-TWR,1785766435.311947,0.410742,3.373691,0.068904
Passive DS-TWR,1785766435.395754,0.362503,3.304615,0.128480
Passive DS-TWR,1785766435.532192,0.256450,3.384387,0.127792
Passive DS-TWR,1785766435.542153,0.396484,3.342323,0.092740
Passive DS-TWR,1785766435.576848,0.311245,3.439801,0.064011
Passive DS-TWR,1785766435.579494,0.324621,3.313521,0.129144
Passive DS-TWR,1785766435.605051,0.286990,3.380270,0.102203
Passive DS-TWR,1785766435.793052,0.303284,3.394442,0.081047
Passive DS-TWR,1785766435.866628,0.298148,3.355617,0.108594
Passive DS-TWR,1785766435.880141,0.383107,3.359628,0.073341
Passive DS-TWR,1785766435.943262,0.334463,3.444880,0.042231
Passive DS-TWR,1785766435.982428,0.335844,3.306884,0.131531
Passive DS-TWR,1785766435.997164,0.245643,3.372093,0.142621
Passive DS-TWR,1785766436.028197,0.418620,3.444292,0.045341
Passive DS-TWR,1785766436.029040,0.301780,3.345235,0.113812
Passive DS-TWR,1785766436.043156,0.281216,3.352929,0.122870
Passive DS-TWR,1785766436.084991,0.394869,3.283059,0.150779
Passive DS-TWR,1785766436.085123,0.351136,3.415167,0.029365
Passive DS-TWR,1785766436.156760,0.359780,3.333306,0.100332
Passive DS-TWR,1785766436.183573,0.289712,3.353878,0.115880
Passive DS-TWR,1785766436.275599,0.305473,3.446795,0.070823
Passive DS-TWR,1785766436.304030,0.359463,3.295570,0.137792
Passive DS-TWR,1785766436.323169,0.392662,3.360090,0.074573
Passive DS-TWR,1785766436.366664,0.279753,3.405523,0.098839
Passive DS-TWR,1785766436.555000,0.284202,3.386670,0.101565
Passive DS-TWR,1785766436.595879,0.401015,3.327564,0.108153
Passive DS-TWR,1785766436.603170,0.343918,3.309037,0.127277
Passive DS-TWR,1785766436.896997,0.378528,3.379736,0.052894
Passive DS-TWR,1785766436.903005,0.366524,3.428533,0.009213
Passive DS-TWR,1785766436.979378,0.401539,3.338350,0.097864
Passive DS-TWR,1785766437.029800,0.318183,3.435129,0.056716
Passive DS-TWR,1785766437.079109,0.323117,3.329395,0.115352
Passive DS-TWR,1785766437.104186,0.428717,3.437584,0.054117
Passive DS-TWR,1785766437.129419,0.316215,3.323178,0.124050
Passive DS-TWR,1785766437.165146,0.310630,3.364857,0.093266
Passive DS-TWR,1785766437.226798,0.340977,3.296149,0.140494
Passive DS-TWR,1785766437.226946,0.226594,3.439083,0.148390
Passive DS-TWR,1785766437.227110,0.411653,3.354123,0.086594
Passive DS-TWR,1785766437.267470,0.297853,3.388485,0.088680
Passive DS-TWR,1785766437.271272,0.408135,3.385563,0.057549
Passive DS-TWR,1785766437.354396,0.397420,3.421031,0.025328
Passive DS-TWR,1785766437.380165,0.314614,3.300577,0.145020
Passive DS-TWR,1785766437.451417,0.277458,3.345405,0.130647
Passive DS-TWR,1785766437.484461,0.396581,3.367094,0.068927
Passive DS-TWR,1785766437.484602,0.422401,3.437007,0.047776
Passive DS-TWR,1785766437.506661,0.350112,3.288738,0.145875
Passive DS-TWR,1785766437.543993,0.385925,3.428234,0.011879
Passive DS-TWR,1785766437.629685,0.371665,3.435434,0.004321
Passive DS-TWR,1785766437.673524,0.287069,3.368435,0.108665
Passive DS-TWR,1785766437.676575,0.394172,3.360847,0.074217
Passive DS-TWR,1785766437.763373,0.326213,3.303575,0.137792
Passive DS-TWR,1785766437.774359,0.289525,3.341586,0.124675
Passive DS-TWR,1785766437.783099,0.386005,3.314963,0.118068
Passive DS-TWR,1785766437.815113,0.400425,3.408557,0.035043
