capture_id,protocol,motion,alignment_index,geometry_time,snapshot_time,geometry_version,dynamic,all_rtk_fixed,source_geometry_fit_rms_m,anchor_ids,reflected,scale,yaw_deg,translation_east_m,translation_north_m,fit_rmse_m,fit_p95_m,fit_max_m
flextdoa_final_dynamic_20260813,flextdoa,dynamic,0,1786642673.607153,1786642674.4476101,104,False,False,0.0,"2,3,4,5",True,1.0,123.99029432950624,-0.8714442287347024,-4.997963137030659,0.4105392102617656,0.5593220043085785,0.5884403817546693
flextdoa_final_dynamic_20260813,flextdoa,dynamic,1,1786642674.6442018,1786642675.0648549,104,False,False,0.0,"2,3,4,5",True,1.0,123.99029432950624,-0.8714442287347024,-4.997963137030659,0.4105392102617656,0.5593220043085785,0.5884403817546693
flextdoa_final_dynamic_20260813,flextdoa,dynamic,2,1786642675.688854,1786642675.984326,104,False,False,0.0,"2,3,4,5",True,1.0,123.99029432950624,-0.8714442287347024,-4.997963137030659,0.4105392102617656,0.5593220043085785,0.5884403817546693
flextdoa_final_dynamic_20260813,flextdoa,dynamic,3,1786642676.7198145,1786642677.5251083,104,False,False,0.0,"2,3,4,5",True,1.0,123.99029432950624,-0.8714442287347024,-4.997963137030659,0.4105392102617656,0.5593220043085785,0.5884403817546693
flextdoa_final_dynamic_20260813,flextdoa,dynamic,4,1786642677.7369542,1786642678.0675359,104,False,False,0.0,"2,3,4,5",True,1.0,123.99029432950624,-0.8714442287347024,-4.997963137030659,0.4105392102617656,0.5593220043085785,0.5884403817546693
flextdoa_final_dynamic_20260813,flextdoa,dynamic,5,1786642678.786803,1786642679.25705,104,False,False,0.0,"2,3,4,5",True,1.0,123.99029432950624,-0.8714442287347024,-4.997963137030659,0.4105392102617656,0.5593220043085785,0.5884403817546693
flextdoa_final_dynamic_20260813,flextdoa,dynamic,6,1786642680.7985504,1786642681.1074936,104,False,False,0.0,"2,3,4,5",True,1.0,123.99029432950624,-0.8714442287347024,-4.997963137030659,0.4105392102617656,0.5593220043085785,0.5884403817546693
flextdoa_final_dynamic_20260813,flextdoa,dynamic,7,1786642681.8315234,1786642682.5738134,104,False,False,0.0,"2,3,4,5",True,1.0,123.99029432950624,-0.8714442287347024,-4.997963137030659,0.4105392102617656,0.5593220043085785,0.5884403817546693
flextdoa_final_dynamic_20260813,flextdoa,dynamic,8,1786642682.8387704,1786642683.1865249,104,False,False,0.0,"2,3,4,5",True,1.0,123.99029432950624,-0.8714442287347024,-4.997963137030659,0.4105392102617656,0.5593220043085785,0.5884403817546693
flextdoa_final_dynamic_20260813,flextdoa,dynamic,9,1786642683.8841121,1786642684.1883945,104,False,False,0.0,"2,3,4,5",True,1.0,123.99029432950624,-0.8714442287347024,-4.997963137030659,0.4105392102617656,0.5593220043085785,0.5884403817546693
flextdoa_final_dynamic_20260813,flextdoa,dynamic,10,1786642684.8771813,1786642685.0203474,104,False,False,0.0,"2,3,4,5",True,1.0,123.99029432950624,-0.8714442287347024,-4.997963137030659,0.4105392102617656,0.5593220043085785,0.5884403817546693
flextdoa_final_dynamic_20260813,flextdoa,dynamic,11,1786642685.898592,1786642686.984315,104,False,False,0.0,"2,3,4,5",True,1.0,123.99029432950624,-0.8714442287347024,-4.997963137030659,0.4105392102617656,0.5593220043085785,0.5884403817546693
flextdoa_final_dynamic_20260813,flextdoa,dynamic,12,1786642686.970669,1786642687.8927453,104,False,False,0.0,"2,3,4,5",True,1.0,123.99029432950624,-0.8714442287347024,-4.997963137030659,0.4105392102617656,0.5593220043085785,0.5884403817546693
flextdoa_final_dynamic_20260813,flextdoa,dynamic,13,1786642687.9397416,1786642688.434292,104,False,False,0.0,"2,3,4,5",True,1.0,123.99029432950624,-0.8714442287347024,-4.997963137030659,0.4105392102617656,0.5593220043085785,0.5884403817546693
flextdoa_final_dynamic_20260813,flextdoa,dynamic,14,1786642688.9575994,1786642689.6446087,104,False,False,0.0,"2,3,4,5",True,1.0,123.99029432950624,-0.8714442287347024,-4.997963137030659,0.4105392102617656,0.5593220043085785,0.5884403817546693
flextdoa_final_dynamic_20260813,flextdoa,dynamic,15,1786642690.0408158,1786642690.4292219,104,False,False,0.0,"2,3,4,5",True,1.0,123.99029432950624,-0.8714442287347024,-4.997963137030659,0.4105392102617656,0.5593220043085785,0.5884403817546693
flextdoa_final_dynamic_20260813,flextdoa,dynamic,16,1786642691.0424387,1786642691.1215012,104,False,False,0.0,"2,3,4,5",True,1.0,123.99029432950624,-0.8714442287347024,-4.997963137030659,0.4105392102617656,0.5593220043085785,0.5884403817546693
flextdoa_final_dynamic_20260813,flextdoa,dynamic,17,1786642692.0486817,1786642692.4470506,104,False,False,0.0,"2,3,4,5",True,1.0,123.99029432950624,-0.8714442287347024,-4.997963137030659,0.4105392102617656,0.5593220043085785,0.5884403817546693
flextdoa_final_dynamic_20260813,flextdoa,dynamic,18,1786642693.1007724,1786642693.9674757,104,False,False,0.0,"2,3,4,5",True,1.0,123.99029432950624,-0.8714442287347024,-4.997963137030659,0.4105392102617656,0.5593220043085785,0.5884403817546693
flextdoa_final_dynamic_20260813,flextdoa,dynamic,19,1786642694.0617933,1786642694.684711,104,False,False,0.0,"2,3,4,5",True,1.0,123.99029432950624,-0.8714442287347024,-4.997963137030659,0.4105392102617656,0.5593220043085785,0.5884403817546693
flextdoa_final_dynamic_20260813,flextdoa,dynamic,20,1786642696.102753,1786642696.7272172,104,False,False,0.0,"2,3,4,5",True,1.0,123.99029432950624,-0.8714442287347024,-4.997963137030659,0.4105392102617656,0.5593220043085785,0.5884403817546693
flextdoa_final_dynamic_20260813,flextdoa,dynamic,21,1786642697.1857524,1786642697.7272744,104,False,False,0.0,"2,3,4,5",True,1.0,123.99029432950624,-0.8714442287347024,-4.997963137030659,0.4105392102617656,0.5593220043085785,0.5884403817546693
flextdoa_final_dynamic_20260813,flextdoa,dynamic,22,1786642698.1886353,1786642698.4259155,104,False,False,0.0,"2,3,4,5",True,1.0,123.99029432950624,-0.8714442287347024,-4.997963137030659,0.4105392102617656,0.5593220043085785,0.5884403817546693
flextdoa_final_dynamic_20260813,flextdoa,dynamic,23,1786642699.229749,1786642699.717621,104,False,False,0.0,"2,3,4,5",True,1.0,123.99029432950624,-0.8714442287347024,-4.997963137030659,0.4105392102617656,0.5593220043085785,0.5884403817546693
flextdoa_final_dynamic_20260813,flextdoa,dynamic,24,1786642700.2489717,1786642700.4349244,104,False,False,0.0,"2,3,4,5",True,1.0,123.99029432950624,-0.8714442287347024,-4.997963137030659,0.4105392102617656,0.5593220043085785,0.5884403817546693
flextdoa_final_dynamic_20260813,flextdoa,dynamic,25,1786642701.2817032,1786642701.679435,104,False,False,0.0,"2,3,4,5",True,1.0,123.99029432950624,-0.8714442287347024,-4.997963137030659,0.4105392102617656,0.5593220043085785,0.5884403817546693
flextdoa_final_dynamic_20260813,flextdoa,dynamic,26,1786642702.3176637,1786642702.6639907,104,False,False,0.0,"2,3,4,5",True,1.0,123.99029432950624,-0.8714442287347024,-4.997963137030659,0.4105392102617656,0.5593220043085785,0.5884403817546693
flextdoa_final_dynamic_20260813,flextdoa,dynamic,27,1786642703.3260717,1786642703.3897588,104,False,False,0.0,"2,3,4,5",True,1.0,123.99029432950624,-0.8714442287347024,-4.997963137030659,0.4105392102617656,0.5593220043085785,0.5884403817546693
flextdoa_final_dynamic_20260813,flextdoa,dynamic,28,1786642704.3275106,1786642704.7193363,104,False,False,0.0,"2,3,4,5",True,1.0,123.99029432950624,-0.8714442287347024,-4.997963137030659,0.4105392102617656,0.5593220043085785,0.5884403817546693
flextdoa_final_dynamic_20260813,flextdoa,dynamic,29,1786642705.3812397,1786642705.8548996,104,False,False,0.0,"2,3,4,5",True,1.0,123.99029432950624,-0.8714442287347024,-4.997963137030659,0.4105392102617656,0.5593220043085785,0.5884403817546693
flextdoa_final_dynamic_20260813,flextdoa,dynamic,30,1786642706.4065928,1786642706.4890528,104,False,False,0.0,"2,3,4,5",True,1.0,123.99029432950624,-0.8714442287347024,-4.997963137030659,0.4105392102617656,0.5593220043085785,0.5884403817546693
flextdoa_final_dynamic_20260813,flextdoa,dynamic,31,1786642707.466694,1786642707.747683,104,False,False,0.0,"2,3,4,5",True,1.0,123.99029432950624,-0.8714442287347024,-4.997963137030659,0.4105392102617656,0.5593220043085785,0.5884403817546693
flextdoa_final_dynamic_20260813,flextdoa,dynamic,32,1786642708.4415243,1786642709.103239,104,False,False,0.0,"2,3,4,5",True,1.0,123.99029432950624,-0.8714442287347024,-4.997963137030659,0.4105392102617656,0.5593220043085785,0.5884403817546693
flextdoa_final_dynamic_20260813,flextdoa,dynamic,33,1786642709.4853125,1786642709.722655,104,False,False,0.0,"2,3,4,5",True,1.0,123.99029432950624,-0.8714442287347024,-4.997963137030659,0.4105392102617656,0.5593220043085785,0.5884403817546693
flextdoa_final_dynamic_20260813,flextdoa,dynamic,34,1786642710.4886818,1786642710.934217,104,False,False,0.0,"2,3,4,5",True,1.0,123.99029432950624,-0.8714442287347024,-4.997963137030659,0.4105392102617656,0.5593220043085785,0.5884403817546693
flextdoa_final_dynamic_20260813,flextdoa,dynamic,35,1786642711.5012765,1786642711.6185756,104,False,False,0.0,"2,3,4,5",True,1.0,123.99029432950624,-0.8714442287347024,-4.997963137030659,0.4105392102617656,0.5593220043085785,0.5884403817546693
flextdoa_final_dynamic_20260813,flextdoa,dynamic,36,1786642712.5730078,1786642713.0121682,104,False,False,0.0,"2,3,4,5",True,1.0,123.99029432950624,-0.8714442287347024,-4.997963137030659,0.4105392102617656,0.5593220043085785,0.5884403817546693
flextdoa_final_dynamic_20260813,flextdoa,dynamic,37,1786642713.544291,1786642713.6583354,104,False,False,0.0,"2,3,4,5",True,1.0,123.99029432950624,-0.8714442287347024,-4.997963137030659,0.4105392102617656,0.5593220043085785,0.5884403817546693
flextdoa_final_dynamic_20260813,flextdoa,dynamic,38,1786642714.5651166,1786642715.2876883,104,False,False,0.0,"2,3,4,5",True,1.0,123.99029432950624,-0.8714442287347024,-4.997963137030659,0.4105392102617656,0.5593220043085785,0.5884403817546693
flextdoa_final_dynamic_20260813,flextdoa,dynamic,39,1786642715.6368537,1786642715.9235291,104,False,False,0.0,"2,3,4,5",True,1.0,123.99029432950624,-0.8714442287347024,-4.997963137030659,0.4105392102617656,0.5593220043085785,0.5884403817546693
flextdoa_final_dynamic_20260813,flextdoa,dynamic,40,1786642716.600316,1786642717.3665845,104,False,False,0.0,"2,3,4,5",True,1.0,123.99029432950624,-0.8714442287347024,-4.997963137030659,0.4105392102617656,0.5593220043085785,0.5884403817546693
flextdoa_final_dynamic_20260813,flextdoa,dynamic,41,1786642717.6634388,1786642718.0985866,104,False,False,0.0,"2,3,4,5",True,1.0,123.99029432950624,-0.8714442287347024,-4.997963137030659,0.4105392102617656,0.5593220043085785,0.5884403817546693
flextdoa_final_dynamic_20260813,flextdoa,dynamic,42,1786642718.6477222,1786642718.7531676,104,False,False,0.0,"2,3,4,5",True,1.0,123.99029432950624,-0.8714442287347024,-4.997963137030659,0.4105392102617656,0.5593220043085785,0.5884403817546693
flextdoa_final_dynamic_20260813,flextdoa,dynamic,43,1786642719.6619174,1786642720.1997383,104,False,False,0.0,"2,3,4,5",True,1.0,123.99029432950624,-0.8714442287347024,-4.997963137030659,0.4105392102617656,0.5593220043085785,0.5884403817546693
flextdoa_final_dynamic_20260813,flextdoa,dynamic,44,1786642720.6804416,1786642720.9073253,104,False,False,0.0,"2,3,4,5",True,1.0,123.99029432950624,-0.8714442287347024,-4.997963137030659,0.4105392102617656,0.5593220043085785,0.5884403817546693
flextdoa_final_dynamic_20260813,flextdoa,dynamic,45,1786642721.701443,1786642722.3209643,104,False,False,0.0,"2,3,4,5",True,1.0,123.99029432950624,-0.8714442287347024,-4.997963137030659,0.4105392102617656,0.5593220043085785,0.5884403817546693
flextdoa_final_dynamic_20260813,flextdoa,dynamic,46,1786642722.7449064,1786642723.015563,104,False,False,0.0,"2,3,4,5",True,1.0,123.99029432950624,-0.8714442287347024,-4.997963137030659,0.4105392102617656,0.5593220043085785,0.5884403817546693
flextdoa_final_dynamic_20260813,flextdoa,dynamic,47,1786642723.7416937,1786642724.4552298,104,False,False,0.0,"2,3,4,5",True,1.0,123.99029432950624,-0.8714442287347024,-4.997963137030659,0.4105392102617656,0.5593220043085785,0.5884403817546693
flextdoa_final_dynamic_20260813,flextdoa,dynamic,48,1786642724.7617419,1786642725.6342943,104,False,False,0.0,"2,3,4,5",True,1.0,123.99029432950624,-0.8714442287347024,-4.997963137030659,0.4105392102617656,0.5593220043085785,0.5884403817546693
flextdoa_final_dynamic_20260813,flextdoa,dynamic,49,1786642725.7826777,1786642725.9890122,104,False,False,0.0,"2,3,4,5",True,1.0,123.99029432950624,-0.8714442287347024,-4.997963137030659,0.4105392102617656,0.5593220043085785,0.5884403817546693
flextdoa_final_dynamic_20260813,flextdoa,dynamic,50,1786642726.8016171,1786642727.274351,104,False,False,0.0,"2,3,4,5",True,1.0,123.99029432950624,-0.8714442287347024,-4.997963137030659,0.4105392102617656,0.5593220043085785,0.5884403817546693
flextdoa_final_dynamic_20260813,flextdoa,dynamic,51,1786642727.8357422,1786642727.9152138,104,False,False,0.0,"2,3,4,5",True,1.0,123.99029432950624,-0.8714442287347024,-4.997963137030659,0.4105392102617656,0.5593220043085785,0.5884403817546693
flextdoa_final_dynamic_20260813,flextdoa,dynamic,52,1786642728.8421483,1786642729.1696854,104,False,False,0.0,"2,3,4,5",True,1.0,123.99029432950624,-0.8714442287347024,-4.997963137030659,0.4105392102617656,0.5593220043085785,0.5884403817546693
flextdoa_final_dynamic_20260813,flextdoa,dynamic,53,1786642729.8616762,1786642730.581995,104,False,False,0.0,"2,3,4,5",True,1.0,123.99029432950624,-0.8714442287347024,-4.997963137030659,0.4105392102617656,0.5593220043085785,0.5884403817546693
flextdoa_final_dynamic_20260813,flextdoa,dynamic,54,1786642730.9011962,1786642731.195161,104,False,False,0.0,"2,3,4,5",True,1.0,123.99029432950624,-0.8714442287347024,-4.997963137030659,0.4105392102617656,0.5593220043085785,0.5884403817546693
flextdoa_final_dynamic_20260813,flextdoa,dynamic,55,1786642731.918412,1786642732.4521935,104,False,False,0.0,"2,3,4,5",True,1.0,123.99029432950624,-0.8714442287347024,-4.997963137030659,0.4105392102617656,0.5593220043085785,0.5884403817546693
flextdoa_final_dynamic_20260813,flextdoa,dynamic,56,1786642732.9245956,1786642733.3022623,104,False,False,0.0,"2,3,4,5",True,1.0,123.99029432950624,-0.8714442287347024,-4.997963137030659,0.4105392102617656,0.5593220043085785,0.5884403817546693
flextdoa_final_dynamic_20260813,flextdoa,dynamic,57,1786642733.945612,1786642734.5315678,104,False,False,0.0,"2,3,4,5",True,1.0,123.99029432950624,-0.8714442287347024,-4.997963137030659,0.4105392102617656,0.5593220043085785,0.5884403817546693
flextdoa_final_dynamic_20260813,flextdoa,dynamic,58,1786642734.9656036,1786642735.220637,104,False,False,0.0,"2,3,4,5",True,1.0,123.99029432950624,-0.8714442287347024,-4.997963137030659,0.4105392102617656,0.5593220043085785,0.5884403817546693
flextdoa_final_dynamic_20260813,flextdoa,dynamic,59,1786642736.0183485,1786642736.4442868,104,False,False,0.0,"2,3,4,5",True,1.0,123.99029432950624,-0.8714442287347024,-4.997963137030659,0.4105392102617656,0.5593220043085785,0.5884403817546693
flextdoa_final_dynamic_20260813,flextdoa,dynamic,60,1786642737.0320594,1786642737.6234937,104,False,False,0.0,"2,3,4,5",True,1.0,123.99029432950624,-0.8714442287347024,-4.997963137030659,0.4105392102617656,0.5593220043085785,0.5884403817546693
flextdoa_final_dynamic_20260813,flextdoa,dynamic,61,1786642738.0321662,1786642738.2905042,104,False,False,0.0,"2,3,4,5",True,1.0,123.99029432950624,-0.8714442287347024,-4.997963137030659,0.4105392102617656,0.5593220043085785,0.5884403817546693
flextdoa_final_dynamic_20260813,flextdoa,dynamic,62,1786642739.0750098,1786642739.6333292,104,False,False,0.0,"2,3,4,5",True,1.0,123.99029432950624,-0.8714442287347024,-4.997963137030659,0.4105392102617656,0.5593220043085785,0.5884403817546693
flextdoa_final_dynamic_20260813,flextdoa,dynamic,63,1786642740.0637233,1786642740.3004365,104,False,False,0.0,"2,3,4,5",True,1.0,123.99029432950624,-0.8714442287347024,-4.997963137030659,0.4105392102617656,0.5593220043085785,0.5884403817546693
flextdoa_final_dynamic_20260813,flextdoa,dynamic,64,1786642741.1161637,1786642741.6748703,104,False,False,0.0,"2,3,4,5",True,1.0,123.99029432950624,-0.8714442287347024,-4.997963137030659,0.4105392102617656,0.5593220043085785,0.5884403817546693
flextdoa_final_dynamic_20260813,flextdoa,dynamic,65,1786642742.102385,1786642742.3462293,104,False,False,0.0,"2,3,4,5",True,1.0,123.99029432950624,-0.8714442287347024,-4.997963137030659,0.4105392102617656,0.5593220043085785,0.5884403817546693
flextdoa_final_dynamic_20260813,flextdoa,dynamic,66,1786642743.1216586,1786642743.9332433,104,False,False,0.0,"2,3,4,5",True,1.0,123.99029432950624,-0.8714442287347024,-4.997963137030659,0.4105392102617656,0.5593220043085785,0.5884403817546693
flextdoa_final_dynamic_20260813,flextdoa,dynamic,67,1786642744.2153783,1786642744.6066132,104,False,False,0.0,"2,3,4,5",True,1.0,123.99029432950624,-0.8714442287347024,-4.997963137030659,0.4105392102617656,0.5593220043085785,0.5884403817546693
flextdoa_final_dynamic_20260813,flextdoa,dynamic,68,1786642746.181861,1786642746.5921304,104,False,False,0.0,"2,3,4,5",True,1.0,123.99029432950624,-0.8714442287347024,-4.997963137030659,0.4105392102617656,0.5593220043085785,0.5884403817546693
flextdoa_final_dynamic_20260813,flextdoa,dynamic,69,1786642747.2226067,1786642747.4248674,104,False,False,0.0,"2,3,4,5",True,1.0,123.99029432950624,-0.8714442287347024,-4.997963137030659,0.4105392102617656,0.5593220043085785,0.5884403817546693
flextdoa_final_dynamic_20260813,flextdoa,dynamic,70,1786642748.2234225,1786642748.3398485,104,False,False,0.0,"2,3,4,5",True,1.0,123.99029432950624,-0.8714442287347024,-4.997963137030659,0.4105392102617656,0.5593220043085785,0.5884403817546693
flextdoa_final_dynamic_20260813,flextdoa,dynamic,71,1786642749.3039773,1786642749.6160674,104,False,False,0.0,"2,3,4,5",True,1.0,123.99029432950624,-0.8714442287347024,-4.997963137030659,0.4105392102617656,0.5593220043085785,0.5884403817546693
flextdoa_final_dynamic_20260813,flextdoa,dynamic,72,1786642750.263954,1786642750.3233523,104,False,False,0.0,"2,3,4,5",True,1.0,123.99029432950624,-0.8714442287347024,-4.997963137030659,0.4105392102617656,0.5593220043085785,0.5884403817546693
flextdoa_final_dynamic_20260813,flextdoa,dynamic,73,1786642751.3640177,1786642751.579758,104,False,False,0.0,"2,3,4,5",True,1.0,123.99029432950624,-0.8714442287347024,-4.997963137030659,0.4105392102617656,0.5593220043085785,0.5884403817546693
flextdoa_final_dynamic_20260813,flextdoa,dynamic,74,1786642752.302093,1786642752.8093023,104,False,False,0.0,"2,3,4,5",True,1.0,123.99029432950624,-0.8714442287347024,-4.997963137030659,0.4105392102617656,0.5593220043085785,0.5884403817546693
flextdoa_final_dynamic_20260813,flextdoa,dynamic,75,1786642753.3331916,1786642753.9948995,104,False,False,0.0,"2,3,4,5",True,1.0,123.99029432950624,-0.8714442287347024,-4.997963137030659,0.4105392102617656,0.5593220043085785,0.5884403817546693
flextdoa_final_dynamic_20260813,flextdoa,dynamic,76,1786642754.3408747,1786642754.5704634,104,False,False,0.0,"2,3,4,5",True,1.0,123.99029432950624,-0.8714442287347024,-4.997963137030659,0.4105392102617656,0.5593220043085785,0.5884403817546693
flextdoa_final_dynamic_20260813,flextdoa,dynamic,77,1786642755.3643978,1786642755.7189345,104,False,False,0.0,"2,3,4,5",True,1.0,123.99029432950624,-0.8714442287347024,-4.997963137030659,0.4105392102617656,0.5593220043085785,0.5884403817546693
flextdoa_final_dynamic_20260813,flextdoa,dynamic,78,1786642756.3827064,1786642757.0018842,104,False,False,0.0,"2,3,4,5",True,1.0,123.99029432950624,-0.8714442287347024,-4.997963137030659,0.4105392102617656,0.5593220043085785,0.5884403817546693
flextdoa_final_dynamic_20260813,flextdoa,dynamic,79,1786642757.5078669,1786642757.6028745,104,False,False,0.0,"2,3,4,5",True,1.0,123.99029432950624,-0.8714442287347024,-4.997963137030659,0.4105392102617656,0.5593220043085785,0.5884403817546693
flextdoa_final_dynamic_20260813,flextdoa,dynamic,80,1786642758.5166543,1786642759.8078833,104,False,False,0.0,"2,3,4,5",True,1.0,123.99029432950624,-0.8714442287347024,-4.997963137030659,0.4105392102617656,0.5593220043085785,0.5884403817546693
flextdoa_final_dynamic_20260813,flextdoa,dynamic,81,1786642759.5462642,1786642760.4794514,104,False,False,0.0,"2,3,4,5",True,1.0,123.99029432950624,-0.8714442287347024,-4.997963137030659,0.4105392102617656,0.5593220043085785,0.5884403817546693
flextdoa_final_dynamic_20260813,flextdoa,dynamic,82,1786642760.5641706,1786642760.9944525,104,False,False,0.0,"2,3,4,5",True,1.0,123.99029432950624,-0.8714442287347024,-4.997963137030659,0.4105392102617656,0.5593220043085785,0.5884403817546693
flextdoa_final_dynamic_20260813,flextdoa,dynamic,83,1786642761.6177537,1786642762.195214,104,False,False,0.0,"2,3,4,5",True,1.0,123.99029432950624,-0.8714442287347024,-4.997963137030659,0.4105392102617656,0.5593220043085785,0.5884403817546693
flextdoa_final_dynamic_20260813,flextdoa,dynamic,84,1786642762.6122684,1786642763.1005669,104,False,False,0.0,"2,3,4,5",True,1.0,123.99029432950624,-0.8714442287347024,-4.997963137030659,0.4105392102617656,0.5593220043085785,0.5884403817546693
flextdoa_final_dynamic_20260813,flextdoa,dynamic,85,1786642763.6234956,1786642764.205713,104,False,False,0.0,"2,3,4,5",True,1.0,123.99029432950624,-0.8714442287347024,-4.997963137030659,0.4105392102617656,0.5593220043085785,0.5884403817546693
flextdoa_final_dynamic_20260813,flextdoa,dynamic,86,1786642764.6656396,1786642764.8968525,104,False,False,0.0,"2,3,4,5",True,1.0,123.99029432950624,-0.8714442287347024,-4.997963137030659,0.4105392102617656,0.5593220043085785,0.5884403817546693
flextdoa_final_dynamic_20260813,flextdoa,dynamic,87,1786642765.7179618,1786642766.228928,104,False,False,0.0,"2,3,4,5",True,1.0,123.99029432950624,-0.8714442287347024,-4.997963137030659,0.4105392102617656,0.5593220043085785,0.5884403817546693
flextdoa_final_dynamic_20260813,flextdoa,dynamic,88,1786642766.73583,1786642766.9184248,104,False,False,0.0,"2,3,4,5",True,1.0,123.99029432950624,-0.8714442287347024,-4.997963137030659,0.4105392102617656,0.5593220043085785,0.5884403817546693
flextdoa_final_dynamic_20260813,flextdoa,dynamic,89,1786642767.7946148,1786642768.2664673,104,False,False,0.0,"2,3,4,5",True,1.0,123.99029432950624,-0.8714442287347024,-4.997963137030659,0.4105392102617656,0.5593220043085785,0.5884403817546693
flextdoa_final_dynamic_20260813,flextdoa,dynamic,90,1786642768.7756658,1786642769.1066263,104,False,False,0.0,"2,3,4,5",True,1.0,123.99029432950624,-0.8714442287347024,-4.997963137030659,0.4105392102617656,0.5593220043085785,0.5884403817546693
flextdoa_final_dynamic_20260813,flextdoa,dynamic,91,1786642769.7953534,1786642769.878016,104,False,False,0.0,"2,3,4,5",True,1.0,123.99029432950624,-0.8714442287347024,-4.997963137030659,0.4105392102617656,0.5593220043085785,0.5884403817546693
flextdoa_final_dynamic_20260813,flextdoa,dynamic,92,1786642770.8351505,1786642770.8943353,104,False,False,0.0,"2,3,4,5",True,1.0,123.99029432950624,-0.8714442287347024,-4.997963137030659,0.4105392102617656,0.5593220043085785,0.5884403817546693
flextdoa_final_dynamic_20260813,flextdoa,dynamic,93,1786642772.8663385,1786642773.42412,104,False,False,0.0,"2,3,4,5",True,1.0,123.99029432950624,-0.8714442287347024,-4.997963137030659,0.4105392102617656,0.5593220043085785,0.5884403817546693
flextdoa_final_dynamic_20260813,flextdoa,dynamic,94,1786642773.8743017,1786642774.309156,104,False,False,0.0,"2,3,4,5",True,1.0,123.99029432950624,-0.8714442287347024,-4.997963137030659,0.4105392102617656,0.5593220043085785,0.5884403817546693
flextdoa_final_dynamic_20260813,flextdoa,dynamic,95,1786642774.8965147,1786642775.4093273,104,False,False,0.0,"2,3,4,5",True,1.0,123.99029432950624,-0.8714442287347024,-4.997963137030659,0.4105392102617656,0.5593220043085785,0.5884403817546693
flextdoa_final_dynamic_20260813,flextdoa,dynamic,96,1786642775.9583478,1786642776.4799204,104,False,False,0.0,"2,3,4,5",True,1.0,123.99029432950624,-0.8714442287347024,-4.997963137030659,0.4105392102617656,0.5593220043085785,0.5884403817546693
flextdoa_final_dynamic_20260813,flextdoa,dynamic,97,1786642776.9343512,1786642777.068876,104,False,False,0.0,"2,3,4,5",True,1.0,123.99029432950624,-0.8714442287347024,-4.997963137030659,0.4105392102617656,0.5593220043085785,0.5884403817546693
flextdoa_final_dynamic_20260813,flextdoa,dynamic,98,1786642777.9583886,1786642778.2308435,104,False,False,0.0,"2,3,4,5",True,1.0,123.99029432950624,-0.8714442287347024,-4.997963137030659,0.4105392102617656,0.5593220043085785,0.5884403817546693
flextdoa_final_dynamic_20260813,flextdoa,dynamic,99,1786642778.9823847,1786642779.5030632,104,False,False,0.0,"2,3,4,5",True,1.0,123.99029432950624,-0.8714442287347024,-4.997963137030659,0.4105392102617656,0.5593220043085785,0.5884403817546693
flextdoa_final_dynamic_20260813,flextdoa,dynamic,100,1786642779.997758,1786642780.2027287,104,False,False,0.0,"2,3,4,5",True,1.0,123.99029432950624,-0.8714442287347024,-4.997963137030659,0.4105392102617656,0.5593220043085785,0.5884403817546693
flextdoa_final_dynamic_20260813,flextdoa,dynamic,101,1786642781.0157719,1786642781.598995,104,False,False,0.0,"2,3,4,5",True,1.0,123.99029432950624,-0.8714442287347024,-4.997963137030659,0.4105392102617656,0.5593220043085785,0.5884403817546693
flextdoa_final_dynamic_20260813,flextdoa,dynamic,102,1786642782.045832,1786642782.320601,104,False,False,0.0,"2,3,4,5",True,1.0,123.99029432950624,-0.8714442287347024,-4.997963137030659,0.4105392102617656,0.5593220043085785,0.5884403817546693
flextdoa_final_dynamic_20260813,flextdoa,dynamic,103,1786642783.0717971,1786642783.8736815,104,False,False,0.0,"2,3,4,5",True,1.0,123.99029432950624,-0.8714442287347024,-4.997963137030659,0.4105392102617656,0.5593220043085785,0.5884403817546693
flextdoa_final_dynamic_20260813,flextdoa,dynamic,104,1786642784.1206315,1786642784.7275975,104,False,False,0.0,"2,3,4,5",True,1.0,123.99029432950624,-0.8714442287347024,-4.997963137030659,0.4105392102617656,0.5593220043085785,0.5884403817546693
flextdoa_final_dynamic_20260813,flextdoa,dynamic,105,1786642785.104251,1786642785.567413,104,False,False,0.0,"2,3,4,5",True,1.0,123.99029432950624,-0.8714442287347024,-4.997963137030659,0.4105392102617656,0.5593220043085785,0.5884403817546693
flextdoa_final_dynamic_20260813,flextdoa,dynamic,106,1786642786.1162138,1786642786.3044114,104,False,False,0.0,"2,3,4,5",True,1.0,123.99029432950624,-0.8714442287347024,-4.997963137030659,0.4105392102617656,0.5593220043085785,0.5884403817546693
flextdoa_final_dynamic_20260813,flextdoa,dynamic,107,1786642787.1365054,1786642787.8765266,104,False,False,0.0,"2,3,4,5",True,1.0,123.99029432950624,-0.8714442287347024,-4.997963137030659,0.4105392102617656,0.5593220043085785,0.5884403817546693
flextdoa_final_dynamic_20260813,flextdoa,dynamic,108,1786642788.1791158,1786642789.012459,104,False,False,0.0,"2,3,4,5",True,1.0,123.99029432950624,-0.8714442287347024,-4.997963137030659,0.4105392102617656,0.5593220043085785,0.5884403817546693
flextdoa_final_dynamic_20260813,flextdoa,dynamic,109,1786642789.1758914,1786642789.9498756,104,False,False,0.0,"2,3,4,5",True,1.0,123.99029432950624,-0.8714442287347024,-4.997963137030659,0.4105392102617656,0.5593220043085785,0.5884403817546693
flextdoa_final_dynamic_20260813,flextdoa,dynamic,110,1786642790.2163618,1786642790.9638143,104,False,False,0.0,"2,3,4,5",True,1.0,123.99029432950624,-0.8714442287347024,-4.997963137030659,0.4105392102617656,0.5593220043085785,0.5884403817546693
flextdoa_final_dynamic_20260813,flextdoa,dynamic,111,1786642791.2308354,1786642791.7942631,104,False,False,0.0,"2,3,4,5",True,1.0,123.99029432950624,-0.8714442287347024,-4.997963137030659,0.4105392102617656,0.5593220043085785,0.5884403817546693
flextdoa_final_dynamic_20260813,flextdoa,dynamic,112,1786642792.2580876,1786642792.8930569,104,False,False,0.0,"2,3,4,5",True,1.0,123.99029432950624,-0.8714442287347024,-4.997963137030659,0.4105392102617656,0.5593220043085785,0.5884403817546693
flextdoa_final_dynamic_20260813,flextdoa,dynamic,113,1786642793.255025,1786642793.42394,104,False,False,0.0,"2,3,4,5",True,1.0,123.99029432950624,-0.8714442287347024,-4.997963137030659,0.4105392102617656,0.5593220043085785,0.5884403817546693
flextdoa_final_dynamic_20260813,flextdoa,dynamic,114,1786642794.2770786,1786642794.5734873,104,False,False,0.0,"2,3,4,5",True,1.0,123.99029432950624,-0.8714442287347024,-4.997963137030659,0.4105392102617656,0.5593220043085785,0.5884403817546693
flextdoa_final_dynamic_20260813,flextdoa,dynamic,115,1786642795.2970903,1786642795.8351192,104,False,False,0.0,"2,3,4,5",True,1.0,123.99029432950624,-0.8714442287347024,-4.997963137030659,0.4105392102617656,0.5593220043085785,0.5884403817546693
flextdoa_final_dynamic_20260813,flextdoa,dynamic,116,1786642796.3329332,1786642796.3854365,104,False,False,0.0,"2,3,4,5",True,1.0,123.99029432950624,-0.8714442287347024,-4.997963137030659,0.4105392102617656,0.5593220043085785,0.5884403817546693
flextdoa_final_dynamic_20260813,flextdoa,dynamic,117,1786642797.3455665,1786642797.6859381,104,False,False,0.0,"2,3,4,5",True,1.0,123.99029432950624,-0.8714442287347024,-4.997963137030659,0.4105392102617656,0.5593220043085785,0.5884403817546693
flextdoa_final_dynamic_20260813,flextdoa,dynamic,118,1786642798.3573124,1786642798.6306345,104,False,False,0.0,"2,3,4,5",True,1.0,123.99029432950624,-0.8714442287347024,-4.997963137030659,0.4105392102617656,0.5593220043085785,0.5884403817546693
flextdoa_final_dynamic_20260813,flextdoa,dynamic,119,1786642799.409276,1786642799.9320931,104,False,False,0.0,"2,3,4,5",True,1.0,123.99029432950624,-0.8714442287347024,-4.997963137030659,0.4105392102617656,0.5593220043085785,0.5884403817546693
flextdoa_final_dynamic_20260813,flextdoa,dynamic,120,1786642800.4487586,1786642801.0650086,104,False,False,0.0,"2,3,4,5",True,1.0,123.99029432950624,-0.8714442287347024,-4.997963137030659,0.4105392102617656,0.5593220043085785,0.5884403817546693
flextdoa_final_dynamic_20260813,flextdoa,dynamic,121,1786642801.5339806,1786642801.739188,104,False,False,0.0,"2,3,4,5",True,1.0,123.99029432950624,-0.8714442287347024,-4.997963137030659,0.4105392102617656,0.5593220043085785,0.5884403817546693
flextdoa_final_dynamic_20260813,flextdoa,dynamic,122,1786642802.5697546,1786642803.2249117,104,False,False,0.0,"2,3,4,5",True,1.0,123.99029432950624,-0.8714442287347024,-4.997963137030659,0.4105392102617656,0.5593220043085785,0.5884403817546693
flextdoa_final_dynamic_20260813,flextdoa,dynamic,123,1786642803.6095557,1786642803.8858263,104,False,False,0.0,"2,3,4,5",True,1.0,123.99029432950624,-0.8714442287347024,-4.997963137030659,0.4105392102617656,0.5593220043085785,0.5884403817546693
flextdoa_final_dynamic_20260813,flextdoa,dynamic,124,1786642804.6295717,1786642805.40618,104,False,False,0.0,"2,3,4,5",True,1.0,123.99029432950624,-0.8714442287347024,-4.997963137030659,0.4105392102617656,0.5593220043085785,0.5884403817546693
flextdoa_final_dynamic_20260813,flextdoa,dynamic,125,1786642805.6508238,1786642806.070083,104,False,False,0.0,"2,3,4,5",True,1.0,123.99029432950624,-0.8714442287347024,-4.997963137030659,0.4105392102617656,0.5593220043085785,0.5884403817546693
flextdoa_final_dynamic_20260813,flextdoa,dynamic,126,1786642806.669798,1786642806.854549,104,False,False,0.0,"2,3,4,5",True,1.0,123.99029432950624,-0.8714442287347024,-4.997963137030659,0.4105392102617656,0.5593220043085785,0.5884403817546693
flextdoa_final_dynamic_20260813,flextdoa,dynamic,127,1786642807.6895504,1786642808.5341337,104,False,False,0.0,"2,3,4,5",True,1.0,123.99029432950624,-0.8714442287347024,-4.997963137030659,0.4105392102617656,0.5593220043085785,0.5884403817546693
flextdoa_final_dynamic_20260813,flextdoa,dynamic,128,1786642808.7100878,1786642809.5665753,104,False,False,0.0,"2,3,4,5",True,1.0,123.99029432950624,-0.8714442287347024,-4.997963137030659,0.4105392102617656,0.5593220043085785,0.5884403817546693
flextdoa_final_dynamic_20260813,flextdoa,dynamic,129,1786642809.7315848,1786642810.0782557,104,False,False,0.0,"2,3,4,5",True,1.0,123.99029432950624,-0.8714442287347024,-4.997963137030659,0.4105392102617656,0.5593220043085785,0.5884403817546693
flextdoa_final_dynamic_20260813,flextdoa,dynamic,130,1786642810.7552016,1786642811.529026,104,False,False,0.0,"2,3,4,5",True,1.0,123.99029432950624,-0.8714442287347024,-4.997963137030659,0.4105392102617656,0.5593220043085785,0.5884403817546693
flextdoa_final_dynamic_20260813,flextdoa,dynamic,131,1786642811.8201852,1786642812.2988544,104,False,False,0.0,"2,3,4,5",True,1.0,123.99029432950624,-0.8714442287347024,-4.997963137030659,0.4105392102617656,0.5593220043085785,0.5884403817546693
flextdoa_final_dynamic_20260813,flextdoa,dynamic,132,1786642812.83988,1786642813.2277617,104,False,False,0.0,"2,3,4,5",True,1.0,123.99029432950624,-0.8714442287347024,-4.997963137030659,0.4105392102617656,0.5593220043085785,0.5884403817546693
flextdoa_final_dynamic_20260813,flextdoa,dynamic,133,1786642813.8635736,1786642814.474865,104,False,False,0.0,"2,3,4,5",True,1.0,123.99029432950624,-0.8714442287347024,-4.997963137030659,0.4105392102617656,0.5593220043085785,0.5884403817546693
flextdoa_final_dynamic_20260813,flextdoa,dynamic,134,1786642814.896163,1786642815.0802734,104,False,False,0.0,"2,3,4,5",True,1.0,123.99029432950624,-0.8714442287347024,-4.997963137030659,0.4105392102617656,0.5593220043085785,0.5884403817546693
flextdoa_final_dynamic_20260813,flextdoa,dynamic,135,1786642815.900516,1786642816.2154584,104,False,False,0.0,"2,3,4,5",True,1.0,123.99029432950624,-0.8714442287347024,-4.997963137030659,0.4105392102617656,0.5593220043085785,0.5884403817546693
flextdoa_final_dynamic_20260813,flextdoa,dynamic,136,1786642816.9307308,1786642817.6585531,104,False,False,0.0,"2,3,4,5",True,1.0,123.99029432950624,-0.8714442287347024,-4.997963137030659,0.4105392102617656,0.5593220043085785,0.5884403817546693
flextdoa_final_dynamic_20260813,flextdoa,dynamic,137,1786642817.9461863,1786642818.4060419,104,False,False,0.0,"2,3,4,5",True,1.0,123.99029432950624,-0.8714442287347024,-4.997963137030659,0.4105392102617656,0.5593220043085785,0.5884403817546693
flextdoa_final_dynamic_20260813,flextdoa,dynamic,138,1786642818.97285,1786642819.8724363,104,False,False,0.0,"2,3,4,5",True,1.0,123.99029432950624,-0.8714442287347024,-4.997963137030659,0.4105392102617656,0.5593220043085785,0.5884403817546693
flextdoa_final_dynamic_20260813,flextdoa,dynamic,139,1786642819.9841294,1786642820.367875,104,False,False,0.0,"2,3,4,5",True,1.0,123.99029432950624,-0.8714442287347024,-4.997963137030659,0.4105392102617656,0.5593220043085785,0.5884403817546693
flextdoa_final_dynamic_20260813,flextdoa,dynamic,140,1786642821.017904,1786642821.3927343,104,False,False,0.0,"2,3,4,5",True,1.0,123.99029432950624,-0.8714442287347024,-4.997963137030659,0.4105392102617656,0.5593220043085785,0.5884403817546693
flextdoa_final_dynamic_20260813,flextdoa,dynamic,141,1786642822.0243752,1786642822.1181505,104,False,False,0.0,"2,3,4,5",True,1.0,123.99029432950624,-0.8714442287347024,-4.997963137030659,0.4105392102617656,0.5593220043085785,0.5884403817546693
flextdoa_final_dynamic_20260813,flextdoa,dynamic,142,1786642823.0604706,1786642823.616371,104,False,False,0.0,"2,3,4,5",True,1.0,123.99029432950624,-0.8714442287347024,-4.997963137030659,0.4105392102617656,0.5593220043085785,0.5884403817546693
flextdoa_final_dynamic_20260813,flextdoa,dynamic,143,1786642824.0749385,1786642824.2986012,104,False,False,0.0,"2,3,4,5",True,1.0,123.99029432950624,-0.8714442287347024,-4.997963137030659,0.4105392102617656,0.5593220043085785,0.5884403817546693
flextdoa_final_dynamic_20260813,flextdoa,dynamic,144,1786642825.0808332,1786642825.6969497,104,False,False,0.0,"2,3,4,5",True,1.0,123.99029432950624,-0.8714442287347024,-4.997963137030659,0.4105392102617656,0.5593220043085785,0.5884403817546693
flextdoa_final_dynamic_20260813,flextdoa,dynamic,145,1786642826.100987,1786642826.3639975,104,False,False,0.0,"2,3,4,5",True,1.0,123.99029432950624,-0.8714442287347024,-4.997963137030659,0.4105392102617656,0.5593220043085785,0.5884403817546693
flextdoa_final_dynamic_20260813,flextdoa,dynamic,146,1786642827.121049,1786642827.8139124,104,False,False,0.0,"2,3,4,5",True,1.0,123.99029432950624,-0.8714442287347024,-4.997963137030659,0.4105392102617656,0.5593220043085785,0.5884403817546693
flextdoa_final_dynamic_20260813,flextdoa,dynamic,147,1786642828.1407886,1786642828.6885474,104,False,False,0.0,"2,3,4,5",True,1.0,123.99029432950624,-0.8714442287347024,-4.997963137030659,0.4105392102617656,0.5593220043085785,0.5884403817546693
flextdoa_final_dynamic_20260813,flextdoa,dynamic,148,1786642829.160636,1786642829.2885847,104,False,False,0.0,"2,3,4,5",True,1.0,123.99029432950624,-0.8714442287347024,-4.997963137030659,0.4105392102617656,0.5593220043085785,0.5884403817546693
flextdoa_final_dynamic_20260813,flextdoa,dynamic,149,1786642830.1799903,1786642830.699354,104,False,False,0.0,"2,3,4,5",True,1.0,123.99029432950624,-0.8714442287347024,-4.997963137030659,0.4105392102617656,0.5593220043085785,0.5884403817546693
flextdoa_final_dynamic_20260813,flextdoa,dynamic,150,1786642831.199723,1786642831.4501793,104,False,False,0.0,"2,3,4,5",True,1.0,123.99029432950624,-0.8714442287347024,-4.997963137030659,0.4105392102617656,0.5593220043085785,0.5884403817546693
flextdoa_final_dynamic_20260813,flextdoa,dynamic,151,1786642832.2466528,1786642832.9446049,104,False,False,0.0,"2,3,4,5",True,1.0,123.99029432950624,-0.8714442287347024,-4.997963137030659,0.4105392102617656,0.5593220043085785,0.5884403817546693
flextdoa_final_dynamic_20260813,flextdoa,dynamic,152,1786642833.2431777,1786642833.586208,104,False,False,0.0,"2,3,4,5",True,1.0,123.99029432950624,-0.8714442287347024,-4.997963137030659,0.4105392102617656,0.5593220043085785,0.5884403817546693
flextdoa_final_dynamic_20260813,flextdoa,dynamic,153,1786642834.3227634,1786642834.9498675,104,False,False,0.0,"2,3,4,5",True,1.0,123.99029432950624,-0.8714442287347024,-4.997963137030659,0.4105392102617656,0.5593220043085785,0.5884403817546693
flextdoa_final_dynamic_20260813,flextdoa,dynamic,154,1786642835.331728,1786642835.6522965,104,False,False,0.0,"2,3,4,5",True,1.0,123.99029432950624,-0.8714442287347024,-4.997963137030659,0.4105392102617656,0.5593220043085785,0.5884403817546693
flextdoa_final_dynamic_20260813,flextdoa,dynamic,155,1786642836.3569894,1786642837.0873578,104,False,False,0.0,"2,3,4,5",True,1.0,123.99029432950624,-0.8714442287347024,-4.997963137030659,0.4105392102617656,0.5593220043085785,0.5884403817546693
flextdoa_final_dynamic_20260813,flextdoa,dynamic,156,1786642837.3724184,1786642837.857397,104,False,False,0.0,"2,3,4,5",True,1.0,123.99029432950624,-0.8714442287347024,-4.997963137030659,0.4105392102617656,0.5593220043085785,0.5884403817546693
flextdoa_final_dynamic_20260813,flextdoa,dynamic,157,1786642838.3923566,1786642838.957302,104,False,False,0.0,"2,3,4,5",True,1.0,123.99029432950624,-0.8714442287347024,-4.997963137030659,0.4105392102617656,0.5593220043085785,0.5884403817546693
flextdoa_final_dynamic_20260813,flextdoa,dynamic,158,1786642839.429527,1786642839.510196,104,False,False,0.0,"2,3,4,5",True,1.0,123.99029432950624,-0.8714442287347024,-4.997963137030659,0.4105392102617656,0.5593220043085785,0.5884403817546693
flextdoa_final_dynamic_20260813,flextdoa,dynamic,159,1786642840.450998,1786642840.8786623,104,False,False,0.0,"2,3,4,5",True,1.0,123.99029432950624,-0.8714442287347024,-4.997963137030659,0.4105392102617656,0.5593220043085785,0.5884403817546693
flextdoa_final_dynamic_20260813,flextdoa,dynamic,160,1786642842.4810927,1786642842.6536758,104,False,False,0.0,"2,3,4,5",True,1.0,123.99029432950624,-0.8714442287347024,-4.997963137030659,0.4105392102617656,0.5593220043085785,0.5884403817546693
flextdoa_final_dynamic_20260813,flextdoa,dynamic,161,1786642843.5539207,1786642843.9631214,104,False,False,0.0,"2,3,4,5",True,1.0,123.99029432950624,-0.8714442287347024,-4.997963137030659,0.4105392102617656,0.5593220043085785,0.5884403817546693
flextdoa_final_dynamic_20260813,flextdoa,dynamic,162,1786642844.5499454,1786642844.7285175,104,False,False,0.0,"2,3,4,5",True,1.0,123.99029432950624,-0.8714442287347024,-4.997963137030659,0.4105392102617656,0.5593220043085785,0.5884403817546693
flextdoa_final_dynamic_20260813,flextdoa,dynamic,163,1786642845.56078,1786642846.0724447,104,False,False,0.0,"2,3,4,5",True,1.0,123.99029432950624,-0.8714442287347024,-4.997963137030659,0.4105392102617656,0.5593220043085785,0.5884403817546693
flextdoa_final_dynamic_20260813,flextdoa,dynamic,164,1786642846.5510318,1786642846.7023854,104,False,False,0.0,"2,3,4,5",True,1.0,123.99029432950624,-0.8714442287347024,-4.997963137030659,0.4105392102617656,0.5593220043085785,0.5884403817546693
flextdoa_final_dynamic_20260813,flextdoa,dynamic,165,1786642847.5809846,1786642847.9158556,104,False,False,0.0,"2,3,4,5",True,1.0,123.99029432950624,-0.8714442287347024,-4.997963137030659,0.4105392102617656,0.5593220043085785,0.5884403817546693
flextdoa_final_dynamic_20260813,flextdoa,dynamic,166,1786642848.592546,1786642849.188516,104,False,False,0.0,"2,3,4,5",True,1.0,123.99029432950624,-0.8714442287347024,-4.997963137030659,0.4105392102617656,0.5593220043085785,0.5884403817546693
flextdoa_final_dynamic_20260813,flextdoa,dynamic,167,1786642849.6112907,1786642849.7891097,104,False,False,0.0,"2,3,4,5",True,1.0,123.99029432950624,-0.8714442287347024,-4.997963137030659,0.4105392102617656,0.5593220043085785,0.5884403817546693
flextdoa_final_dynamic_20260813,flextdoa,dynamic,168,1786642850.631804,1786642851.1692398,104,False,False,0.0,"2,3,4,5",True,1.0,123.99029432950624,-0.8714442287347024,-4.997963137030659,0.4105392102617656,0.5593220043085785,0.5884403817546693
flextdoa_final_dynamic_20260813,flextdoa,dynamic,169,1786642851.6565216,1786642851.9146554,104,False,False,0.0,"2,3,4,5",True,1.0,123.99029432950624,-0.8714442287347024,-4.997963137030659,0.4105392102617656,0.5593220043085785,0.5884403817546693
flextdoa_final_dynamic_20260813,flextdoa,dynamic,170,1786642852.6732934,1786642853.599656,104,False,False,0.0,"2,3,4,5",True,1.0,123.99029432950624,-0.8714442287347024,-4.997963137030659,0.4105392102617656,0.5593220043085785,0.5884403817546693
flextdoa_final_dynamic_20260813,flextdoa,dynamic,171,1786642853.6927335,1786642854.2408519,104,False,False,0.0,"2,3,4,5",True,1.0,123.99029432950624,-0.8714442287347024,-4.997963137030659,0.4105392102617656,0.5593220043085785,0.5884403817546693
flextdoa_final_dynamic_20260813,flextdoa,dynamic,172,1786642854.737826,1786642854.8333192,104,False,False,0.0,"2,3,4,5",True,1.0,123.99029432950624,-0.8714442287347024,-4.997963137030659,0.4105392102617656,0.5593220043085785,0.5884403817546693
flextdoa_final_dynamic_20260813,flextdoa,dynamic,173,1786642855.7352579,1786642856.0047758,104,False,False,0.0,"2,3,4,5",True,1.0,123.99029432950624,-0.8714442287347024,-4.997963137030659,0.4105392102617656,0.5593220043085785,0.5884403817546693
flextdoa_final_dynamic_20260813,flextdoa,dynamic,174,1786642856.753089,1786642857.2912927,104,False,False,0.0,"2,3,4,5",True,1.0,123.99029432950624,-0.8714442287347024,-4.997963137030659,0.4105392102617656,0.5593220043085785,0.5884403817546693
flextdoa_final_dynamic_20260813,flextdoa,dynamic,175,1786642857.7716434,1786642857.9210591,104,False,False,0.0,"2,3,4,5",True,1.0,123.99029432950624,-0.8714442287347024,-4.997963137030659,0.4105392102617656,0.5593220043085785,0.5884403817546693
flextdoa_final_dynamic_20260813,flextdoa,dynamic,176,1786642858.7935312,1786642859.2709916,104,False,False,0.0,"2,3,4,5",True,1.0,123.99029432950624,-0.8714442287347024,-4.997963137030659,0.4105392102617656,0.5593220043085785,0.5884403817546693
flextdoa_final_dynamic_20260813,flextdoa,dynamic,177,1786642859.8237069,1786642859.9644866,104,False,False,0.0,"2,3,4,5",True,1.0,123.99029432950624,-0.8714442287347024,-4.997963137030659,0.4105392102617656,0.5593220043085785,0.5884403817546693
flextdoa_final_dynamic_20260813,flextdoa,dynamic,178,1786642860.8453178,1786642861.3676002,104,False,False,0.0,"2,3,4,5",True,1.0,123.99029432950624,-0.8714442287347024,-4.997963137030659,0.4105392102617656,0.5593220043085785,0.5884403817546693
flextdoa_final_dynamic_20260813,flextdoa,dynamic,179,1786642861.8532906,1786642861.994562,104,False,False,0.0,"2,3,4,5",True,1.0,123.99029432950624,-0.8714442287347024,-4.997963137030659,0.4105392102617656,0.5593220043085785,0.5884403817546693
flextdoa_final_dynamic_20260813,flextdoa,dynamic,180,1786642862.8792706,1786642863.2837667,104,False,False,0.0,"2,3,4,5",True,1.0,123.99029432950624,-0.8714442287347024,-4.997963137030659,0.4105392102617656,0.5593220043085785,0.5884403817546693
flextdoa_final_dynamic_20260813,flextdoa,dynamic,181,1786642863.9042723,1786642863.9772043,104,False,False,0.0,"2,3,4,5",True,1.0,123.99029432950624,-0.8714442287347024,-4.997963137030659,0.4105392102617656,0.5593220043085785,0.5884403817546693
flextdoa_final_dynamic_20260813,flextdoa,dynamic,182,1786642864.9585738,1786642865.5542006,104,False,False,0.0,"2,3,4,5",True,1.0,123.99029432950624,-0.8714442287347024,-4.997963137030659,0.4105392102617656,0.5593220043085785,0.5884403817546693
flextdoa_final_dynamic_20260813,flextdoa,dynamic,183,1786642865.9326751,1786642866.2267494,104,False,False,0.0,"2,3,4,5",True,1.0,123.99029432950624,-0.8714442287347024,-4.997963137030659,0.4105392102617656,0.5593220043085785,0.5884403817546693
flextdoa_final_dynamic_20260813,flextdoa,dynamic,184,1786642867.0329685,1786642867.5436237,104,False,False,0.0,"2,3,4,5",True,1.0,123.99029432950624,-0.8714442287347024,-4.997963137030659,0.4105392102617656,0.5593220043085785,0.5884403817546693
flextdoa_final_dynamic_20260813,flextdoa,dynamic,185,1786642867.9717646,1786642868.2997348,104,False,False,0.0,"2,3,4,5",True,1.0,123.99029432950624,-0.8714442287347024,-4.997963137030659,0.4105392102617656,0.5593220043085785,0.5884403817546693
flextdoa_final_dynamic_20260813,flextdoa,dynamic,186,1786642869.0105054,1786642869.8915002,104,False,False,0.0,"2,3,4,5",True,1.0,123.99029432950624,-0.8714442287347024,-4.997963137030659,0.4105392102617656,0.5593220043085785,0.5884403817546693
flextdoa_final_dynamic_20260813,flextdoa,dynamic,187,1786642870.0506985,1786642871.046819,104,False,False,0.0,"2,3,4,5",True,1.0,123.99029432950624,-0.8714442287347024,-4.997963137030659,0.4105392102617656,0.5593220043085785,0.5884403817546693
flextdoa_final_dynamic_20260813,flextdoa,dynamic,188,1786642871.0329342,1786642871.8203154,104,False,False,0.0,"2,3,4,5",True,1.0,123.99029432950624,-0.8714442287347024,-4.997963137030659,0.4105392102617656,0.5593220043085785,0.5884403817546693
flextdoa_final_dynamic_20260813,flextdoa,dynamic,189,1786642872.0528753,1786642872.6171608,104,False,False,0.0,"2,3,4,5",True,1.0,123.99029432950624,-0.8714442287347024,-4.997963137030659,0.4105392102617656,0.5593220043085785,0.5884403817546693
flextdoa_final_dynamic_20260813,flextdoa,dynamic,190,1786642873.0730202,1786642873.3456042,104,False,False,0.0,"2,3,4,5",True,1.0,123.99029432950624,-0.8714442287347024,-4.997963137030659,0.4105392102617656,0.5593220043085785,0.5884403817546693
flextdoa_final_dynamic_20260813,flextdoa,dynamic,191,1786642874.09182,1786642874.8902946,104,False,False,0.0,"2,3,4,5",True,1.0,123.99029432950624,-0.8714442287347024,-4.997963137030659,0.4105392102617656,0.5593220043085785,0.5884403817546693
flextdoa_final_dynamic_20260813,flextdoa,dynamic,192,1786642876.2015278,1786642876.3025482,104,False,False,0.0,"2,3,4,5",True,1.0,123.99029432950624,-0.8714442287347024,-4.997963137030659,0.4105392102617656,0.5593220043085785,0.5884403817546693
flextdoa_final_dynamic_20260813,flextdoa,dynamic,193,1786642877.1556654,1786642877.8968987,104,False,False,0.0,"2,3,4,5",True,1.0,123.99029432950624,-0.8714442287347024,-4.997963137030659,0.4105392102617656,0.5593220043085785,0.5884403817546693
flextdoa_final_dynamic_20260813,flextdoa,dynamic,194,1786642878.1719217,1786642878.460611,104,False,False,0.0,"2,3,4,5",True,1.0,123.99029432950624,-0.8714442287347024,-4.997963137030659,0.4105392102617656,0.5593220043085785,0.5884403817546693
flextdoa_final_dynamic_20260813,flextdoa,dynamic,195,1786642879.1951663,1786642879.8267965,104,False,False,0.0,"2,3,4,5",True,1.0,123.99029432950624,-0.8714442287347024,-4.997963137030659,0.4105392102617656,0.5593220043085785,0.5884403817546693
flextdoa_final_dynamic_20260813,flextdoa,dynamic,196,1786642880.213369,1786642881.2376986,104,False,False,0.0,"2,3,4,5",True,1.0,123.99029432950624,-0.8714442287347024,-4.997963137030659,0.4105392102617656,0.5593220043085785,0.5884403817546693
flextdoa_final_dynamic_20260813,flextdoa,dynamic,197,1786642882.3088102,1786642882.734612,104,False,False,0.0,"2,3,4,5",True,1.0,123.99029432950624,-0.8714442287347024,-4.997963137030659,0.4105392102617656,0.5593220043085785,0.5884403817546693
flextdoa_final_dynamic_20260813,flextdoa,dynamic,198,1786642883.3481672,1786642883.4945803,104,False,False,0.0,"2,3,4,5",True,1.0,123.99029432950624,-0.8714442287347024,-4.997963137030659,0.4105392102617656,0.5593220043085785,0.5884403817546693
flextdoa_final_dynamic_20260813,flextdoa,dynamic,199,1786642884.3443143,1786642884.538603,104,False,False,0.0,"2,3,4,5",True,1.0,123.99029432950624,-0.8714442287347024,-4.997963137030659,0.4105392102617656,0.5593220043085785,0.5884403817546693
flextdoa_final_dynamic_20260813,flextdoa,dynamic,200,1786642885.3643384,1786642886.0660882,104,False,False,0.0,"2,3,4,5",True,1.0,123.99029432950624,-0.8714442287347024,-4.997963137030659,0.4105392102617656,0.5593220043085785,0.5884403817546693
flextdoa_final_dynamic_20260813,flextdoa,dynamic,201,1786642886.3914788,1786642886.629831,104,False,False,0.0,"2,3,4,5",True,1.0,123.99029432950624,-0.8714442287347024,-4.997963137030659,0.4105392102617656,0.5593220043085785,0.5884403817546693
flextdoa_final_dynamic_20260813,flextdoa,dynamic,202,1786642887.4422877,1786642888.2286403,104,False,False,0.0,"2,3,4,5",True,1.0,123.99029432950624,-0.8714442287347024,-4.997963137030659,0.4105392102617656,0.5593220043085785,0.5884403817546693
flextdoa_final_dynamic_20260813,flextdoa,dynamic,203,1786642888.4258845,1786642888.9647865,104,False,False,0.0,"2,3,4,5",True,1.0,123.99029432950624,-0.8714442287347024,-4.997963137030659,0.4105392102617656,0.5593220043085785,0.5884403817546693
flextdoa_final_dynamic_20260813,flextdoa,dynamic,204,1786642889.4431994,1786642890.0282345,104,False,False,0.0,"2,3,4,5",True,1.0,123.99029432950624,-0.8714442287347024,-4.997963137030659,0.4105392102617656,0.5593220043085785,0.5884403817546693
flextdoa_final_dynamic_20260813,flextdoa,dynamic,205,1786642890.472145,1786642891.0994544,104,False,False,0.0,"2,3,4,5",True,1.0,123.99029432950624,-0.8714442287347024,-4.997963137030659,0.4105392102617656,0.5593220043085785,0.5884403817546693
flextdoa_final_dynamic_20260813,flextdoa,dynamic,206,1786642891.4939494,1786642891.5586438,104,False,False,0.0,"2,3,4,5",True,1.0,123.99029432950624,-0.8714442287347024,-4.997963137030659,0.4105392102617656,0.5593220043085785,0.5884403817546693
flextdoa_final_dynamic_20260813,flextdoa,dynamic,207,1786642892.5074658,1786642893.1984448,104,False,False,0.0,"2,3,4,5",True,1.0,123.99029432950624,-0.8714442287347024,-4.997963137030659,0.4105392102617656,0.5593220043085785,0.5884403817546693
flextdoa_final_dynamic_20260813,flextdoa,dynamic,208,1786642893.523267,1786642893.7199013,104,False,False,0.0,"2,3,4,5",True,1.0,123.99029432950624,-0.8714442287347024,-4.997963137030659,0.4105392102617656,0.5593220043085785,0.5884403817546693
flextdoa_final_dynamic_20260813,flextdoa,dynamic,209,1786642894.5838952,1786642895.1811957,104,False,False,0.0,"2,3,4,5",True,1.0,123.99029432950624,-0.8714442287347024,-4.997963137030659,0.4105392102617656,0.5593220043085785,0.5884403817546693
flextdoa_final_dynamic_20260813,flextdoa,dynamic,210,1786642895.6543136,1786642896.6005354,104,False,False,0.0,"2,3,4,5",True,1.0,123.99029432950624,-0.8714442287347024,-4.997963137030659,0.4105392102617656,0.5593220043085785,0.5884403817546693
flextdoa_final_dynamic_20260813,flextdoa,dynamic,211,1786642898.6755292,1786642899.43268,104,False,False,0.0,"2,3,4,5",True,1.0,123.99029432950624,-0.8714442287347024,-4.997963137030659,0.4105392102617656,0.5593220043085785,0.5884403817546693
flextdoa_final_dynamic_20260813,flextdoa,dynamic,212,1786642899.700636,1786642900.5373611,104,False,False,0.0,"2,3,4,5",True,1.0,123.99029432950624,-0.8714442287347024,-4.997963137030659,0.4105392102617656,0.5593220043085785,0.5884403817546693
flextdoa_final_dynamic_20260813,flextdoa,dynamic,213,1786642900.7154276,1786642901.2958465,104,False,False,0.0,"2,3,4,5",True,1.0,123.99029432950624,-0.8714442287347024,-4.997963137030659,0.4105392102617656,0.5593220043085785,0.5884403817546693
flextdoa_final_dynamic_20260813,flextdoa,dynamic,214,1786642901.7459726,1786642902.1581392,104,False,False,0.0,"2,3,4,5",True,1.0,123.99029432950624,-0.8714442287347024,-4.997963137030659,0.4105392102617656,0.5593220043085785,0.5884403817546693
flextdoa_final_dynamic_20260813,flextdoa,dynamic,215,1786642902.7560167,1786642902.8505554,104,False,False,0.0,"2,3,4,5",True,1.0,123.99029432950624,-0.8714442287347024,-4.997963137030659,0.4105392102617656,0.5593220043085785,0.5884403817546693
flextdoa_final_dynamic_20260813,flextdoa,dynamic,216,1786642903.8282273,1786642904.7149866,104,False,False,0.0,"2,3,4,5",True,1.0,123.99029432950624,-0.8714442287347024,-4.997963137030659,0.4105392102617656,0.5593220043085785,0.5884403817546693
flextdoa_final_dynamic_20260813,flextdoa,dynamic,217,1786642904.8733635,1786642905.5029743,104,False,False,0.0,"2,3,4,5",True,1.0,123.99029432950624,-0.8714442287347024,-4.997963137030659,0.4105392102617656,0.5593220043085785,0.5884403817546693
flextdoa_final_dynamic_20260813,flextdoa,dynamic,218,1786642905.900064,1786642906.5163937,104,False,False,0.0,"2,3,4,5",True,1.0,123.99029432950624,-0.8714442287347024,-4.997963137030659,0.4105392102617656,0.5593220043085785,0.5884403817546693
flextdoa_final_dynamic_20260813,flextdoa,dynamic,219,1786642906.8868098,1786642907.3075113,104,False,False,0.0,"2,3,4,5",True,1.0,123.99029432950624,-0.8714442287347024,-4.997963137030659,0.4105392102617656,0.5593220043085785,0.5884403817546693
flextdoa_final_dynamic_20260813,flextdoa,dynamic,220,1786642907.907662,1786642908.7241604,104,False,False,0.0,"2,3,4,5",True,1.0,123.99029432950624,-0.8714442287347024,-4.997963137030659,0.4105392102617656,0.5593220043085785,0.5884403817546693
flextdoa_final_dynamic_20260813,flextdoa,dynamic,221,1786642908.977723,1786642909.4670763,104,False,False,0.0,"2,3,4,5",True,1.0,123.99029432950624,-0.8714442287347024,-4.997963137030659,0.4105392102617656,0.5593220043085785,0.5884403817546693
flextdoa_final_dynamic_20260813,flextdoa,dynamic,222,1786642909.9966075,1786642910.594145,104,False,False,0.0,"2,3,4,5",True,1.0,123.99029432950624,-0.8714442287347024,-4.997963137030659,0.4105392102617656,0.5593220043085785,0.5884403817546693
flextdoa_final_dynamic_20260813,flextdoa,dynamic,223,1786642911.0227563,1786642911.4038537,104,False,False,0.0,"2,3,4,5",True,1.0,123.99029432950624,-0.8714442287347024,-4.997963137030659,0.4105392102617656,0.5593220043085785,0.5884403817546693
flextdoa_final_dynamic_20260813,flextdoa,dynamic,224,1786642912.0376282,1786642912.30027,104,False,False,0.0,"2,3,4,5",True,1.0,123.99029432950624,-0.8714442287347024,-4.997963137030659,0.4105392102617656,0.5593220043085785,0.5884403817546693
flextdoa_final_dynamic_20260813,flextdoa,dynamic,225,1786642913.0570376,1786642913.8590899,104,False,False,0.0,"2,3,4,5",True,1.0,123.99029432950624,-0.8714442287347024,-4.997963137030659,0.4105392102617656,0.5593220043085785,0.5884403817546693
flextdoa_final_dynamic_20260813,flextdoa,dynamic,226,1786642914.0873878,1786642914.741495,104,False,False,0.0,"2,3,4,5",True,1.0,123.99029432950624,-0.8714442287347024,-4.997963137030659,0.4105392102617656,0.5593220043085785,0.5884403817546693
flextdoa_final_dynamic_20260813,flextdoa,dynamic,227,1786642915.105852,1786642915.250911,104,False,False,0.0,"2,3,4,5",True,1.0,123.99029432950624,-0.8714442287347024,-4.997963137030659,0.4105392102617656,0.5593220043085785,0.5884403817546693
flextdoa_final_dynamic_20260813,flextdoa,dynamic,228,1786642916.1180959,1786642916.7938075,104,False,False,0.0,"2,3,4,5",True,1.0,123.99029432950624,-0.8714442287347024,-4.997963137030659,0.4105392102617656,0.5593220043085785,0.5884403817546693
flextdoa_final_dynamic_20260813,flextdoa,dynamic,229,1786642917.1436546,1786642917.7373908,104,False,False,0.0,"2,3,4,5",True,1.0,123.99029432950624,-0.8714442287347024,-4.997963137030659,0.4105392102617656,0.5593220043085785,0.5884403817546693
flextdoa_final_dynamic_20260813,flextdoa,dynamic,230,1786642918.1669905,1786642918.4138975,104,False,False,0.0,"2,3,4,5",True,1.0,123.99029432950624,-0.8714442287347024,-4.997963137030659,0.4105392102617656,0.5593220043085785,0.5884403817546693
flextdoa_final_dynamic_20260813,flextdoa,dynamic,231,1786642920.2149913,1786642920.3154347,104,False,False,0.0,"2,3,4,5",True,1.0,123.99029432950624,-0.8714442287347024,-4.997963137030659,0.4105392102617656,0.5593220043085785,0.5884403817546693
flextdoa_final_dynamic_20260813,flextdoa,dynamic,232,1786642921.217,1786642921.7673423,104,False,False,0.0,"2,3,4,5",True,1.0,123.99029432950624,-0.8714442287347024,-4.997963137030659,0.4105392102617656,0.5593220043085785,0.5884403817546693
flextdoa_final_dynamic_20260813,flextdoa,dynamic,233,1786642922.239958,1786642922.5754457,104,False,False,0.0,"2,3,4,5",True,1.0,123.99029432950624,-0.8714442287347024,-4.997963137030659,0.4105392102617656,0.5593220043085785,0.5884403817546693
flextdoa_final_dynamic_20260813,flextdoa,dynamic,234,1786642923.261469,1786642923.9163387,104,False,False,0.0,"2,3,4,5",True,1.0,123.99029432950624,-0.8714442287347024,-4.997963137030659,0.4105392102617656,0.5593220043085785,0.5884403817546693
flextdoa_final_dynamic_20260813,flextdoa,dynamic,235,1786642924.3085582,1786642924.609435,104,False,False,0.0,"2,3,4,5",True,1.0,123.99029432950624,-0.8714442287347024,-4.997963137030659,0.4105392102617656,0.5593220043085785,0.5884403817546693
flextdoa_final_dynamic_20260813,flextdoa,dynamic,236,1786642925.3495975,1786642925.9729545,104,False,False,0.0,"2,3,4,5",True,1.0,123.99029432950624,-0.8714442287347024,-4.997963137030659,0.4105392102617656,0.5593220043085785,0.5884403817546693
flextdoa_final_dynamic_20260813,flextdoa,dynamic,237,1786642926.370518,1786642926.6518147,104,False,False,0.0,"2,3,4,5",True,1.0,123.99029432950624,-0.8714442287347024,-4.997963137030659,0.4105392102617656,0.5593220043085785,0.5884403817546693
flextdoa_final_dynamic_20260813,flextdoa,dynamic,238,1786642927.3974328,1786642927.978584,104,False,False,0.0,"2,3,4,5",True,1.0,123.99029432950624,-0.8714442287347024,-4.997963137030659,0.4105392102617656,0.5593220043085785,0.5884403817546693
flextdoa_final_dynamic_20260813,flextdoa,dynamic,239,1786642928.4103582,1786642928.798422,104,False,False,0.0,"2,3,4,5",True,1.0,123.99029432950624,-0.8714442287347024,-4.997963137030659,0.4105392102617656,0.5593220043085785,0.5884403817546693
flextdoa_final_dynamic_20260813,flextdoa,dynamic,240,1786642929.4395967,1786642929.522854,104,False,False,0.0,"2,3,4,5",True,1.0,123.99029432950624,-0.8714442287347024,-4.997963137030659,0.4105392102617656,0.5593220043085785,0.5884403817546693
flextdoa_final_dynamic_20260813,flextdoa,dynamic,241,1786642930.459596,1786642930.7277076,104,False,False,0.0,"2,3,4,5",True,1.0,123.99029432950624,-0.8714442287347024,-4.997963137030659,0.4105392102617656,0.5593220043085785,0.5884403817546693
flextdoa_final_dynamic_20260813,flextdoa,dynamic,242,1786642931.497308,1786642931.9580712,104,False,False,0.0,"2,3,4,5",True,1.0,123.99029432950624,-0.8714442287347024,-4.997963137030659,0.4105392102617656,0.5593220043085785,0.5884403817546693
flextdoa_final_dynamic_20260813,flextdoa,dynamic,243,1786642932.4891505,1786642932.7497933,104,False,False,0.0,"2,3,4,5",True,1.0,123.99029432950624,-0.8714442287347024,-4.997963137030659,0.4105392102617656,0.5593220043085785,0.5884403817546693
flextdoa_final_dynamic_20260813,flextdoa,dynamic,244,1786642933.5340445,1786642934.3840542,104,False,False,0.0,"2,3,4,5",True,1.0,123.99029432950624,-0.8714442287347024,-4.997963137030659,0.4105392102617656,0.5593220043085785,0.5884403817546693
flextdoa_final_dynamic_20260813,flextdoa,dynamic,245,1786642934.598353,1786642935.1693883,104,False,False,0.0,"2,3,4,5",True,1.0,123.99029432950624,-0.8714442287347024,-4.997963137030659,0.4105392102617656,0.5593220043085785,0.5884403817546693
flextdoa_final_dynamic_20260813,flextdoa,dynamic,246,1786642935.570963,1786642935.9160786,104,False,False,0.0,"2,3,4,5",True,1.0,123.99029432950624,-0.8714442287347024,-4.997963137030659,0.4105392102617656,0.5593220043085785,0.5884403817546693
flextdoa_final_dynamic_20260813,flextdoa,dynamic,247,1786642936.6027002,1786642937.305242,104,False,False,0.0,"2,3,4,5",True,1.0,123.99029432950624,-0.8714442287347024,-4.997963137030659,0.4105392102617656,0.5593220043085785,0.5884403817546693
flextdoa_final_dynamic_20260813,flextdoa,dynamic,248,1786642937.6138897,1786642938.061856,104,False,False,0.0,"2,3,4,5",True,1.0,123.99029432950624,-0.8714442287347024,-4.997963137030659,0.4105392102617656,0.5593220043085785,0.5884403817546693
flextdoa_final_dynamic_20260813,flextdoa,dynamic,249,1786642938.6798089,1786642938.7749417,104,False,False,0.0,"2,3,4,5",True,1.0,123.99029432950624,-0.8714442287347024,-4.997963137030659,0.4105392102617656,0.5593220043085785,0.5884403817546693
flextdoa_final_dynamic_20260813,flextdoa,dynamic,250,1786642940.6964204,1786642941.0453348,104,False,False,0.0,"2,3,4,5",True,1.0,123.99029432950624,-0.8714442287347024,-4.997963137030659,0.4105392102617656,0.5593220043085785,0.5884403817546693
flextdoa_final_dynamic_20260813,flextdoa,dynamic,251,1786642941.6704392,1786642941.8284817,104,False,False,0.0,"2,3,4,5",True,1.0,123.99029432950624,-0.8714442287347024,-4.997963137030659,0.4105392102617656,0.5593220043085785,0.5884403817546693
flextdoa_final_dynamic_20260813,flextdoa,dynamic,252,1786642942.6907732,1786642943.1244538,104,False,False,0.0,"2,3,4,5",True,1.0,123.99029432950624,-0.8714442287347024,-4.997963137030659,0.4105392102617656,0.5593220043085785,0.5884403817546693
flextdoa_final_dynamic_20260813,flextdoa,dynamic,253,1786642943.7204938,1786642943.8187997,104,False,False,0.0,"2,3,4,5",True,1.0,123.99029432950624,-0.8714442287347024,-4.997963137030659,0.4105392102617656,0.5593220043085785,0.5884403817546693
flextdoa_final_dynamic_20260813,flextdoa,dynamic,254,1786642944.7358108,1786642945.2698805,104,False,False,0.0,"2,3,4,5",True,1.0,123.99029432950624,-0.8714442287347024,-4.997963137030659,0.4105392102617656,0.5593220043085785,0.5884403817546693
flextdoa_final_dynamic_20260813,flextdoa,dynamic,255,1786642945.7525315,1786642945.905539,104,False,False,0.0,"2,3,4,5",True,1.0,123.99029432950624,-0.8714442287347024,-4.997963137030659,0.4105392102617656,0.5593220043085785,0.5884403817546693
flextdoa_final_dynamic_20260813,flextdoa,dynamic,256,1786642946.7963848,1786642947.111941,104,False,False,0.0,"2,3,4,5",True,1.0,123.99029432950624,-0.8714442287347024,-4.997963137030659,0.4105392102617656,0.5593220043085785,0.5884403817546693
flextdoa_final_dynamic_20260813,flextdoa,dynamic,257,1786642947.7895877,1786642948.5889843,104,False,False,0.0,"2,3,4,5",True,1.0,123.99029432950624,-0.8714442287347024,-4.997963137030659,0.4105392102617656,0.5593220043085785,0.5884403817546693
flextdoa_final_dynamic_20260813,flextdoa,dynamic,258,1786642948.8111758,1786642949.1883833,104,False,False,0.0,"2,3,4,5",True,1.0,123.99029432950624,-0.8714442287347024,-4.997963137030659,0.4105392102617656,0.5593220043085785,0.5884403817546693
flextdoa_final_dynamic_20260813,flextdoa,dynamic,259,1786642949.8310282,1786642949.8886197,104,False,False,0.0,"2,3,4,5",True,1.0,123.99029432950624,-0.8714442287347024,-4.997963137030659,0.4105392102617656,0.5593220043085785,0.5884403817546693
flextdoa_final_dynamic_20260813,flextdoa,dynamic,260,1786642950.8553445,1786642951.4217937,104,False,False,0.0,"2,3,4,5",True,1.0,123.99029432950624,-0.8714442287347024,-4.997963137030659,0.4105392102617656,0.5593220043085785,0.5884403817546693
flextdoa_final_dynamic_20260813,flextdoa,dynamic,261,1786642951.872591,1786642951.9456172,104,False,False,0.0,"2,3,4,5",True,1.0,123.99029432950624,-0.8714442287347024,-4.997963137030659,0.4105392102617656,0.5593220043085785,0.5884403817546693
flextdoa_final_dynamic_20260813,flextdoa,dynamic,262,1786642952.9001544,1786642953.3570554,104,False,False,0.0,"2,3,4,5",True,1.0,123.99029432950624,-0.8714442287347024,-4.997963137030659,0.4105392102617656,0.5593220043085785,0.5884403817546693
flextdoa_final_dynamic_20260813,flextdoa,dynamic,263,1786642953.9110646,1786642954.1582103,104,False,False,0.0,"2,3,4,5",True,1.0,123.99029432950624,-0.8714442287347024,-4.997963137030659,0.4105392102617656,0.5593220043085785,0.5884403817546693
flextdoa_final_dynamic_20260813,flextdoa,dynamic,264,1786642954.9301112,1786642955.5018291,104,False,False,0.0,"2,3,4,5",True,1.0,123.99029432950624,-0.8714442287347024,-4.997963137030659,0.4105392102617656,0.5593220043085785,0.5884403817546693
flextdoa_final_dynamic_20260813,flextdoa,dynamic,265,1786642955.94883,1786642956.158903,104,False,False,0.0,"2,3,4,5",True,1.0,123.99029432950624,-0.8714442287347024,-4.997963137030659,0.4105392102617656,0.5593220043085785,0.5884403817546693
flextdoa_final_dynamic_20260813,flextdoa,dynamic,266,1786642956.9790175,1786642957.4232445,104,False,False,0.0,"2,3,4,5",True,1.0,123.99029432950624,-0.8714442287347024,-4.997963137030659,0.4105392102617656,0.5593220043085785,0.5884403817546693
flextdoa_final_dynamic_20260813,flextdoa,dynamic,267,1786642958.0325038,1786642958.1596956,104,False,False,0.0,"2,3,4,5",True,1.0,123.99029432950624,-0.8714442287347024,-4.997963137030659,0.4105392102617656,0.5593220043085785,0.5884403817546693
flextdoa_final_dynamic_20260813,flextdoa,dynamic,268,1786642959.0264163,1786642959.5499213,104,False,False,0.0,"2,3,4,5",True,1.0,123.99029432950624,-0.8714442287347024,-4.997963137030659,0.4105392102617656,0.5593220043085785,0.5884403817546693
flextdoa_final_dynamic_20260813,flextdoa,dynamic,269,1786642960.0887468,1786642960.2332318,104,False,False,0.0,"2,3,4,5",True,1.0,123.99029432950624,-0.8714442287347024,-4.997963137030659,0.4105392102617656,0.5593220043085785,0.5884403817546693
flextdoa_final_dynamic_20260813,flextdoa,dynamic,270,1786642961.0518591,1786642961.4146595,104,False,False,0.0,"2,3,4,5",True,1.0,123.99029432950624,-0.8714442287347024,-4.997963137030659,0.4105392102617656,0.5593220043085785,0.5884403817546693
flextdoa_final_dynamic_20260813,flextdoa,dynamic,271,1786642962.1188672,1786642962.7433617,104,False,False,0.0,"2,3,4,5",True,1.0,123.99029432950624,-0.8714442287347024,-4.997963137030659,0.4105392102617656,0.5593220043085785,0.5884403817546693
flextdoa_final_dynamic_20260813,flextdoa,dynamic,272,1786642963.0900352,1786642963.367969,104,False,False,0.0,"2,3,4,5",True,1.0,123.99029432950624,-0.8714442287347024,-4.997963137030659,0.4105392102617656,0.5593220043085785,0.5884403817546693
flextdoa_final_dynamic_20260813,flextdoa,dynamic,273,1786642964.1101067,1786642964.2035675,104,False,False,0.0,"2,3,4,5",True,1.0,123.99029432950624,-0.8714442287347024,-4.997963137030659,0.4105392102617656,0.5593220043085785,0.5884403817546693
flextdoa_final_dynamic_20260813,flextdoa,dynamic,274,1786642965.1300843,1786642965.5790062,104,False,False,0.0,"2,3,4,5",True,1.0,123.99029432950624,-0.8714442287347024,-4.997963137030659,0.4105392102617656,0.5593220043085785,0.5884403817546693
flextdoa_final_dynamic_20260813,flextdoa,dynamic,275,1786642966.2150965,1786642966.8414402,104,False,False,0.0,"2,3,4,5",True,1.0,123.99029432950624,-0.8714442287347024,-4.997963137030659,0.4105392102617656,0.5593220043085785,0.5884403817546693
flextdoa_final_dynamic_20260813,flextdoa,dynamic,276,1786642967.269091,1786642967.8665566,104,False,False,0.0,"2,3,4,5",True,1.0,123.99029432950624,-0.8714442287347024,-4.997963137030659,0.4105392102617656,0.5593220043085785,0.5884403817546693
flextdoa_final_dynamic_20260813,flextdoa,dynamic,277,1786642968.2379003,1786642968.5029166,104,False,False,0.0,"2,3,4,5",True,1.0,123.99029432950624,-0.8714442287347024,-4.997963137030659,0.4105392102617656,0.5593220043085785,0.5884403817546693
flextdoa_final_dynamic_20260813,flextdoa,dynamic,278,1786642969.2104704,1786642969.8734164,104,False,False,0.0,"2,3,4,5",True,1.0,123.99029432950624,-0.8714442287347024,-4.997963137030659,0.4105392102617656,0.5593220043085785,0.5884403817546693
flextdoa_final_dynamic_20260813,flextdoa,dynamic,279,1786642970.251981,1786642970.607845,104,False,False,0.0,"2,3,4,5",True,1.0,123.99029432950624,-0.8714442287347024,-4.997963137030659,0.4105392102617656,0.5593220043085785,0.5884403817546693
flextdoa_final_dynamic_20260813,flextdoa,dynamic,280,1786642971.2557435,1786642971.2905343,104,False,False,0.0,"2,3,4,5",True,1.0,123.99029432950624,-0.8714442287347024,-4.997963137030659,0.4105392102617656,0.5593220043085785,0.5884403817546693
flextdoa_final_dynamic_20260813,flextdoa,dynamic,281,1786642972.4261694,1786642972.5422947,104,False,False,0.0,"2,3,4,5",True,1.0,123.99029432950624,-0.8714442287347024,-4.997963137030659,0.4105392102617656,0.5593220043085785,0.5884403817546693
flextdoa_final_dynamic_20260813,flextdoa,dynamic,282,1786642973.4535635,1786642973.9806366,104,False,False,0.0,"2,3,4,5",True,1.0,123.99029432950624,-0.8714442287347024,-4.997963137030659,0.4105392102617656,0.5593220043085785,0.5884403817546693
flextdoa_final_dynamic_20260813,flextdoa,dynamic,283,1786642974.8208313,1786642975.2284403,104,False,False,0.0,"2,3,4,5",True,1.0,123.99029432950624,-0.8714442287347024,-4.997963137030659,0.4105392102617656,0.5593220043085785,0.5884403817546693
flextdoa_final_dynamic_20260813,flextdoa,dynamic,284,1786642975.8428776,1786642976.43346,104,False,False,0.0,"2,3,4,5",True,1.0,123.99029432950624,-0.8714442287347024,-4.997963137030659,0.4105392102617656,0.5593220043085785,0.5884403817546693
flextdoa_final_dynamic_20260813,flextdoa,dynamic,285,1786642977.06629,1786642977.7057512,104,False,False,0.0,"2,3,4,5",True,1.0,123.99029432950624,-0.8714442287347024,-4.997963137030659,0.4105392102617656,0.5593220043085785,0.5884403817546693
flextdoa_final_dynamic_20260813,flextdoa,dynamic,286,1786642978.0858438,1786642978.3454778,104,False,False,0.0,"2,3,4,5",True,1.0,123.99029432950624,-0.8714442287347024,-4.997963137030659,0.4105392102617656,0.5593220043085785,0.5884403817546693
flextdoa_final_dynamic_20260813,flextdoa,dynamic,287,1786642979.1039999,1786642979.5953066,104,False,False,0.0,"2,3,4,5",True,1.0,123.99029432950624,-0.8714442287347024,-4.997963137030659,0.4105392102617656,0.5593220043085785,0.5884403817546693
flextdoa_final_dynamic_20260813,flextdoa,dynamic,288,1786642980.1398778,1786642980.2380817,104,False,False,0.0,"2,3,4,5",True,1.0,123.99029432950624,-0.8714442287347024,-4.997963137030659,0.4105392102617656,0.5593220043085785,0.5884403817546693
flextdoa_final_dynamic_20260813,flextdoa,dynamic,289,1786642981.2394023,1786642981.723286,104,False,False,0.0,"2,3,4,5",True,1.0,123.99029432950624,-0.8714442287347024,-4.997963137030659,0.4105392102617656,0.5593220043085785,0.5884403817546693
flextdoa_final_dynamic_20260813,flextdoa,dynamic,290,1786642982.218429,1786642982.3157594,104,False,False,0.0,"2,3,4,5",True,1.0,123.99029432950624,-0.8714442287347024,-4.997963137030659,0.4105392102617656,0.5593220043085785,0.5884403817546693
flextdoa_final_dynamic_20260813,flextdoa,dynamic,291,1786642983.235473,1786642983.8381574,104,False,False,0.0,"2,3,4,5",True,1.0,123.99029432950624,-0.8714442287347024,-4.997963137030659,0.4105392102617656,0.5593220043085785,0.5884403817546693
flextdoa_final_dynamic_20260813,flextdoa,dynamic,292,1786642984.2554057,1786642984.387424,104,False,False,0.0,"2,3,4,5",True,1.0,123.99029432950624,-0.8714442287347024,-4.997963137030659,0.4105392102617656,0.5593220043085785,0.5884403817546693
flextdoa_final_dynamic_20260813,flextdoa,dynamic,293,1786642986.9602084,1786642987.4447427,104,False,False,0.0,"2,3,4,5",True,1.0,123.99029432950624,-0.8714442287347024,-4.997963137030659,0.4105392102617656,0.5593220043085785,0.5884403817546693
flextdoa_final_dynamic_20260813,flextdoa,dynamic,294,1786642987.9803755,1786642988.0592005,104,False,False,0.0,"2,3,4,5",True,1.0,123.99029432950624,-0.8714442287347024,-4.997963137030659,0.4105392102617656,0.5593220043085785,0.5884403817546693
flextdoa_final_dynamic_20260813,flextdoa,dynamic,295,1786642988.9978166,1786642989.3132958,104,False,False,0.0,"2,3,4,5",True,1.0,123.99029432950624,-0.8714442287347024,-4.997963137030659,0.4105392102617656,0.5593220043085785,0.5884403817546693
flextdoa_final_dynamic_20260813,flextdoa,dynamic,296,1786642990.0594077,1786642990.557187,104,False,False,0.0,"2,3,4,5",True,1.0,123.99029432950624,-0.8714442287347024,-4.997963137030659,0.4105392102617656,0.5593220043085785,0.5884403817546693
flextdoa_final_dynamic_20260813,flextdoa,dynamic,297,1786642991.0757532,1786642991.2099335,104,False,False,0.0,"2,3,4,5",True,1.0,123.99029432950624,-0.8714442287347024,-4.997963137030659,0.4105392102617656,0.5593220043085785,0.5884403817546693
flextdoa_final_dynamic_20260813,flextdoa,dynamic,298,1786642992.396592,1786642992.5020404,104,False,False,0.0,"2,3,4,5",True,1.0,123.99029432950624,-0.8714442287347024,-4.997963137030659,0.4105392102617656,0.5593220043085785,0.5884403817546693
flextdoa_final_dynamic_20260813,flextdoa,dynamic,299,1786642993.4517422,1786642993.7806563,104,False,False,0.0,"2,3,4,5",True,1.0,123.99029432950624,-0.8714442287347024,-4.997963137030659,0.4105392102617656,0.5593220043085785,0.5884403817546693
flextdoa_final_dynamic_20260813,flextdoa,dynamic,300,1786642994.468995,1786642995.0468395,104,False,False,0.0,"2,3,4,5",True,1.0,123.99029432950624,-0.8714442287347024,-4.997963137030659,0.4105392102617656,0.5593220043085785,0.5884403817546693
flextdoa_final_dynamic_20260813,flextdoa,dynamic,301,1786642995.5973709,1786642995.6759727,104,False,False,0.0,"2,3,4,5",True,1.0,123.99029432950624,-0.8714442287347024,-4.997963137030659,0.4105392102617656,0.5593220043085785,0.5884403817546693
flextdoa_final_dynamic_20260813,flextdoa,dynamic,302,1786642997.4260957,1786642997.9988933,104,False,False,0.0,"2,3,4,5",True,1.0,123.99029432950624,-0.8714442287347024,-4.997963137030659,0.4105392102617656,0.5593220043085785,0.5884403817546693
flextdoa_final_dynamic_20260813,flextdoa,dynamic,303,1786642998.4517891,1786642998.6535535,104,False,False,0.0,"2,3,4,5",True,1.0,123.99029432950624,-0.8714442287347024,-4.997963137030659,0.4105392102617656,0.5593220043085785,0.5884403817546693
flextdoa_final_dynamic_20260813,flextdoa,dynamic,304,1786642999.5050428,1786642999.840574,104,False,False,0.0,"2,3,4,5",True,1.0,123.99029432950624,-0.8714442287347024,-4.997963137030659,0.4105392102617656,0.5593220043085785,0.5884403817546693
flextdoa_final_dynamic_20260813,flextdoa,dynamic,305,1786643000.5255098,1786643001.1691806,104,False,False,0.0,"2,3,4,5",True,1.0,123.99029432950624,-0.8714442287347024,-4.997963137030659,0.4105392102617656,0.5593220043085785,0.5884403817546693
flextdoa_final_dynamic_20260813,flextdoa,dynamic,306,1786643001.5631456,1786643001.7766778,104,False,False,0.0,"2,3,4,5",True,1.0,123.99029432950624,-0.8714442287347024,-4.997963137030659,0.4105392102617656,0.5593220043085785,0.5884403817546693
flextdoa_final_dynamic_20260813,flextdoa,dynamic,307,1786643002.7279944,1786643003.1279297,104,False,False,0.0,"2,3,4,5",True,1.0,123.99029432950624,-0.8714442287347024,-4.997963137030659,0.4105392102617656,0.5593220043085785,0.5884403817546693
flextdoa_final_dynamic_20260813,flextdoa,dynamic,308,1786643003.68713,1786643003.7181768,104,False,False,0.0,"2,3,4,5",True,1.0,123.99029432950624,-0.8714442287347024,-4.997963137030659,0.4105392102617656,0.5593220043085785,0.5884403817546693
flextdoa_final_dynamic_20260813,flextdoa,dynamic,309,1786643004.709499,1786643005.6256127,104,False,False,0.0,"2,3,4,5",True,1.0,123.99029432950624,-0.8714442287347024,-4.997963137030659,0.4105392102617656,0.5593220043085785,0.5884403817546693
flextdoa_final_dynamic_20260813,flextdoa,dynamic,310,1786643005.727509,1786643006.3435159,104,False,False,0.0,"2,3,4,5",True,1.0,123.99029432950624,-0.8714442287347024,-4.997963137030659,0.4105392102617656,0.5593220043085785,0.5884403817546693
flextdoa_final_dynamic_20260813,flextdoa,dynamic,311,1786643006.7515192,1786643007.3474908,104,False,False,0.0,"2,3,4,5",True,1.0,123.99029432950624,-0.8714442287347024,-4.997963137030659,0.4105392102617656,0.5593220043085785,0.5884403817546693
flextdoa_final_dynamic_20260813,flextdoa,dynamic,312,1786643007.7881448,1786643008.0379524,104,False,False,0.0,"2,3,4,5",True,1.0,123.99029432950624,-0.8714442287347024,-4.997963137030659,0.4105392102617656,0.5593220043085785,0.5884403817546693
flextdoa_final_dynamic_20260813,flextdoa,dynamic,313,1786643008.7875276,1786643009.3436904,104,False,False,0.0,"2,3,4,5",True,1.0,123.99029432950624,-0.8714442287347024,-4.997963137030659,0.4105392102617656,0.5593220043085785,0.5884403817546693
flextdoa_final_dynamic_20260813,flextdoa,dynamic,314,1786643009.8128328,1786643010.1785192,104,False,False,0.0,"2,3,4,5",True,1.0,123.99029432950624,-0.8714442287347024,-4.997963137030659,0.4105392102617656,0.5593220043085785,0.5884403817546693
flextdoa_final_dynamic_20260813,flextdoa,dynamic,315,1786643011.2868724,1786643011.728014,104,False,False,0.0,"2,3,4,5",True,1.0,123.99029432950624,-0.8714442287347024,-4.997963137030659,0.4105392102617656,0.5593220043085785,0.5884403817546693
flextdoa_final_dynamic_20260813,flextdoa,dynamic,316,1786643012.3050408,1786643012.540851,104,False,False,0.0,"2,3,4,5",True,1.0,123.99029432950624,-0.8714442287347024,-4.997963137030659,0.4105392102617656,0.5593220043085785,0.5884403817546693
flextdoa_final_dynamic_20260813,flextdoa,dynamic,317,1786643013.6370006,1786643013.9028718,104,False,False,0.0,"2,3,4,5",True,1.0,123.99029432950624,-0.8714442287347024,-4.997963137030659,0.4105392102617656,0.5593220043085785,0.5884403817546693
flextdoa_final_dynamic_20260813,flextdoa,dynamic,318,1786643014.7038746,1786643015.3178406,104,False,False,0.0,"2,3,4,5",True,1.0,123.99029432950624,-0.8714442287347024,-4.997963137030659,0.4105392102617656,0.5593220043085785,0.5884403817546693
flextdoa_final_dynamic_20260813,flextdoa,dynamic,319,1786643015.7747219,1786643016.0597866,104,False,False,0.0,"2,3,4,5",True,1.0,123.99029432950624,-0.8714442287347024,-4.997963137030659,0.4105392102617656,0.5593220043085785,0.5884403817546693
flextdoa_final_dynamic_20260813,flextdoa,dynamic,320,1786643016.7948568,1786643017.4767385,104,False,False,0.0,"2,3,4,5",True,1.0,123.99029432950624,-0.8714442287347024,-4.997963137030659,0.4105392102617656,0.5593220043085785,0.5884403817546693
flextdoa_final_dynamic_20260813,flextdoa,dynamic,321,1786643017.8653045,1786643018.0467794,104,False,False,0.0,"2,3,4,5",True,1.0,123.99029432950624,-0.8714442287347024,-4.997963137030659,0.4105392102617656,0.5593220043085785,0.5884403817546693
flextdoa_final_dynamic_20260813,flextdoa,dynamic,322,1786643019.0384033,1786643019.3959446,104,False,False,0.0,"2,3,4,5",True,1.0,123.99029432950624,-0.8714442287347024,-4.997963137030659,0.4105392102617656,0.5593220043085785,0.5884403817546693
flextdoa_final_dynamic_20260813,flextdoa,dynamic,323,1786643020.1606917,1786643020.8734782,104,False,False,0.0,"2,3,4,5",True,1.0,123.99029432950624,-0.8714442287347024,-4.997963137030659,0.4105392102617656,0.5593220043085785,0.5884403817546693
flextdoa_final_dynamic_20260813,flextdoa,dynamic,324,1786643021.1814985,1786643021.6619616,104,False,False,0.0,"2,3,4,5",True,1.0,123.99029432950624,-0.8714442287347024,-4.997963137030659,0.4105392102617656,0.5593220043085785,0.5884403817546693
flextdoa_final_dynamic_20260813,flextdoa,dynamic,325,1786643022.3034337,1786643022.350695,104,False,False,0.0,"2,3,4,5",True,1.0,123.99029432950624,-0.8714442287347024,-4.997963137030659,0.4105392102617656,0.5593220043085785,0.5884403817546693
flextdoa_final_dynamic_20260813,flextdoa,dynamic,326,1786643023.394133,1786643023.5056045,104,False,False,0.0,"2,3,4,5",True,1.0,123.99029432950624,-0.8714442287347024,-4.997963137030659,0.4105392102617656,0.5593220043085785,0.5884403817546693
flextdoa_final_dynamic_20260813,flextdoa,dynamic,327,1786643024.4446237,1786643024.770888,104,False,False,0.0,"2,3,4,5",True,1.0,123.99029432950624,-0.8714442287347024,-4.997963137030659,0.4105392102617656,0.5593220043085785,0.5884403817546693
flextdoa_final_dynamic_20260813,flextdoa,dynamic,328,1786643025.456084,1786643026.0906482,104,False,False,0.0,"2,3,4,5",True,1.0,123.99029432950624,-0.8714442287347024,-4.997963137030659,0.4105392102617656,0.5593220043085785,0.5884403817546693
flextdoa_final_dynamic_20260813,flextdoa,dynamic,329,1786643026.5096776,1786643026.756024,104,False,False,0.0,"2,3,4,5",True,1.0,123.99029432950624,-0.8714442287347024,-4.997963137030659,0.4105392102617656,0.5593220043085785,0.5884403817546693
flextdoa_final_dynamic_20260813,flextdoa,dynamic,330,1786643027.5135818,1786643028.1376014,104,False,False,0.0,"2,3,4,5",True,1.0,123.99029432950624,-0.8714442287347024,-4.997963137030659,0.4105392102617656,0.5593220043085785,0.5884403817546693
flextdoa_final_dynamic_20260813,flextdoa,dynamic,331,1786643028.5575483,1786643028.784058,104,False,False,0.0,"2,3,4,5",True,1.0,123.99029432950624,-0.8714442287347024,-4.997963137030659,0.4105392102617656,0.5593220043085785,0.5884403817546693
flextdoa_final_dynamic_20260813,flextdoa,dynamic,332,1786643029.5479548,1786643029.9586298,104,False,False,0.0,"2,3,4,5",True,1.0,123.99029432950624,-0.8714442287347024,-4.997963137030659,0.4105392102617656,0.5593220043085785,0.5884403817546693
flextdoa_final_dynamic_20260813,flextdoa,dynamic,333,1786643030.565092,1786643031.4537663,104,False,False,0.0,"2,3,4,5",True,1.0,123.99029432950624,-0.8714442287347024,-4.997963137030659,0.4105392102617656,0.5593220043085785,0.5884403817546693
flextdoa_final_dynamic_20260813,flextdoa,dynamic,334,1786643031.604584,1786643032.08672,104,False,False,0.0,"2,3,4,5",True,1.0,123.99029432950624,-0.8714442287347024,-4.997963137030659,0.4105392102617656,0.5593220043085785,0.5884403817546693
flextdoa_final_dynamic_20260813,flextdoa,dynamic,335,1786643032.6055822,1786643032.6473913,104,False,False,0.0,"2,3,4,5",True,1.0,123.99029432950624,-0.8714442287347024,-4.997963137030659,0.4105392102617656,0.5593220043085785,0.5884403817546693
flextdoa_final_dynamic_20260813,flextdoa,dynamic,336,1786643033.6850972,1786643034.0554924,104,False,False,0.0,"2,3,4,5",True,1.0,123.99029432950624,-0.8714442287347024,-4.997963137030659,0.4105392102617656,0.5593220043085785,0.5884403817546693
flextdoa_final_dynamic_20260813,flextdoa,dynamic,337,1786643034.6448553,1786643035.0483117,104,False,False,0.0,"2,3,4,5",True,1.0,123.99029432950624,-0.8714442287347024,-4.997963137030659,0.4105392102617656,0.5593220043085785,0.5884403817546693
flextdoa_final_dynamic_20260813,flextdoa,dynamic,338,1786643035.6651998,1786643035.6937604,104,False,False,0.0,"2,3,4,5",True,1.0,123.99029432950624,-0.8714442287347024,-4.997963137030659,0.4105392102617656,0.5593220043085785,0.5884403817546693
flextdoa_final_dynamic_20260813,flextdoa,dynamic,339,1786643036.684976,1786643037.097216,104,False,False,0.0,"2,3,4,5",True,1.0,123.99029432950624,-0.8714442287347024,-4.997963137030659,0.4105392102617656,0.5593220043085785,0.5884403817546693
flextdoa_final_dynamic_20260813,flextdoa,dynamic,340,1786643037.704855,1786643038.3452115,104,False,False,0.0,"2,3,4,5",True,1.0,123.99029432950624,-0.8714442287347024,-4.997963137030659,0.4105392102617656,0.5593220043085785,0.5884403817546693
flextdoa_final_dynamic_20260813,flextdoa,dynamic,341,1786643039.7446487,1786643040.1116967,104,False,False,0.0,"2,3,4,5",True,1.0,123.99029432950624,-0.8714442287347024,-4.997963137030659,0.4105392102617656,0.5593220043085785,0.5884403817546693
flextdoa_final_dynamic_20260813,flextdoa,dynamic,342,1786643040.7691393,1786643041.4707394,104,False,False,0.0,"2,3,4,5",True,1.0,123.99029432950624,-0.8714442287347024,-4.997963137030659,0.4105392102617656,0.5593220043085785,0.5884403817546693
flextdoa_final_dynamic_20260813,flextdoa,dynamic,343,1786643041.7858672,1786643042.122883,104,False,False,0.0,"2,3,4,5",True,1.0,123.99029432950624,-0.8714442287347024,-4.997963137030659,0.4105392102617656,0.5593220043085785,0.5884403817546693
flextdoa_final_dynamic_20260813,flextdoa,dynamic,344,1786643042.82697,1786643043.0008063,104,False,False,0.0,"2,3,4,5",True,1.0,123.99029432950624,-0.8714442287347024,-4.997963137030659,0.4105392102617656,0.5593220043085785,0.5884403817546693
flextdoa_final_dynamic_20260813,flextdoa,dynamic,345,1786643043.837691,1786643044.5488112,104,False,False,0.0,"2,3,4,5",True,1.0,123.99029432950624,-0.8714442287347024,-4.997963137030659,0.4105392102617656,0.5593220043085785,0.5884403817546693
flextdoa_final_dynamic_20260813,flextdoa,dynamic,346,1786643044.8962924,1786643045.2656257,104,False,False,0.0,"2,3,4,5",True,1.0,123.99029432950624,-0.8714442287347024,-4.997963137030659,0.4105392102617656,0.5593220043085785,0.5884403817546693
flextdoa_final_dynamic_20260813,flextdoa,dynamic,347,1786643045.9160762,1786643046.490606,104,False,False,0.0,"2,3,4,5",True,1.0,123.99029432950624,-0.8714442287347024,-4.997963137030659,0.4105392102617656,0.5593220043085785,0.5884403817546693
flextdoa_final_dynamic_20260813,flextdoa,dynamic,348,1786643046.9366047,1786643047.1639078,104,False,False,0.0,"2,3,4,5",True,1.0,123.99029432950624,-0.8714442287347024,-4.997963137030659,0.4105392102617656,0.5593220043085785,0.5884403817546693
flextdoa_final_dynamic_20260813,flextdoa,dynamic,349,1786643047.956723,1786643048.5571585,104,False,False,0.0,"2,3,4,5",True,1.0,123.99029432950624,-0.8714442287347024,-4.997963137030659,0.4105392102617656,0.5593220043085785,0.5884403817546693
flextdoa_final_dynamic_20260813,flextdoa,dynamic,350,1786643048.9778228,1786643049.2478895,104,False,False,0.0,"2,3,4,5",True,1.0,123.99029432950624,-0.8714442287347024,-4.997963137030659,0.4105392102617656,0.5593220043085785,0.5884403817546693
flextdoa_final_dynamic_20260813,flextdoa,dynamic,351,1786643049.9961755,1786643050.265066,104,False,False,0.0,"2,3,4,5",True,1.0,123.99029432950624,-0.8714442287347024,-4.997963137030659,0.4105392102617656,0.5593220043085785,0.5884403817546693
flextdoa_final_dynamic_20260813,flextdoa,dynamic,352,1786643051.0162234,1786643051.6559272,104,False,False,0.0,"2,3,4,5",True,1.0,123.99029432950624,-0.8714442287347024,-4.997963137030659,0.4105392102617656,0.5593220043085785,0.5884403817546693
flextdoa_final_dynamic_20260813,flextdoa,dynamic,353,1786643052.0464764,1786643052.3843298,104,False,False,0.0,"2,3,4,5",True,1.0,123.99029432950624,-0.8714442287347024,-4.997963137030659,0.4105392102617656,0.5593220043085785,0.5884403817546693
flextdoa_final_dynamic_20260813,flextdoa,dynamic,354,1786643053.0675714,1786643053.7763534,104,False,False,0.0,"2,3,4,5",True,1.0,123.99029432950624,-0.8714442287347024,-4.997963137030659,0.4105392102617656,0.5593220043085785,0.5884403817546693
flextdoa_final_dynamic_20260813,flextdoa,dynamic,355,1786643054.110667,1786643054.4177988,104,False,False,0.0,"2,3,4,5",True,1.0,123.99029432950624,-0.8714442287347024,-4.997963137030659,0.4105392102617656,0.5593220043085785,0.5884403817546693
flextdoa_final_dynamic_20260813,flextdoa,dynamic,356,1786643055.0952215,1786643055.7714655,104,False,False,0.0,"2,3,4,5",True,1.0,123.99029432950624,-0.8714442287347024,-4.997963137030659,0.4105392102617656,0.5593220043085785,0.5884403817546693
flextdoa_final_dynamic_20260813,flextdoa,dynamic,357,1786643056.1449757,1786643056.4309254,104,False,False,0.0,"2,3,4,5",True,1.0,123.99029432950624,-0.8714442287347024,-4.997963137030659,0.4105392102617656,0.5593220043085785,0.5884403817546693
flextdoa_final_dynamic_20260813,flextdoa,dynamic,358,1786643057.1365232,1786643057.3470337,104,False,False,0.0,"2,3,4,5",True,1.0,123.99029432950624,-0.8714442287347024,-4.997963137030659,0.4105392102617656,0.5593220043085785,0.5884403817546693
flextdoa_final_dynamic_20260813,flextdoa,dynamic,359,1786643058.1555452,1786643058.3071089,104,False,False,0.0,"2,3,4,5",True,1.0,123.99029432950624,-0.8714442287347024,-4.997963137030659,0.4105392102617656,0.5593220043085785,0.5884403817546693
flextdoa_final_dynamic_20260813,flextdoa,dynamic,360,1786643059.188976,1786643059.7116654,104,False,False,0.0,"2,3,4,5",True,1.0,123.99029432950624,-0.8714442287347024,-4.997963137030659,0.4105392102617656,0.5593220043085785,0.5884403817546693
flextdoa_final_dynamic_20260813,flextdoa,dynamic,361,1786643060.2188447,1786643060.372453,104,False,False,0.0,"2,3,4,5",True,1.0,123.99029432950624,-0.8714442287347024,-4.997963137030659,0.4105392102617656,0.5593220043085785,0.5884403817546693
flextdoa_final_dynamic_20260813,flextdoa,dynamic,362,1786643061.2172737,1786643061.7382529,104,False,False,0.0,"2,3,4,5",True,1.0,123.99029432950624,-0.8714442287347024,-4.997963137030659,0.4105392102617656,0.5593220043085785,0.5884403817546693
flextdoa_final_dynamic_20260813,flextdoa,dynamic,363,1786643062.2696714,1786643062.3976076,104,False,False,0.0,"2,3,4,5",True,1.0,123.99029432950624,-0.8714442287347024,-4.997963137030659,0.4105392102617656,0.5593220043085785,0.5884403817546693
flextdoa_final_dynamic_20260813,flextdoa,dynamic,364,1786643063.2685049,1786643063.7564125,104,False,False,0.0,"2,3,4,5",True,1.0,123.99029432950624,-0.8714442287347024,-4.997963137030659,0.4105392102617656,0.5593220043085785,0.5884403817546693
flextdoa_final_dynamic_20260813,flextdoa,dynamic,365,1786643064.2921913,1786643064.5800807,104,False,False,0.0,"2,3,4,5",True,1.0,123.99029432950624,-0.8714442287347024,-4.997963137030659,0.4105392102617656,0.5593220043085785,0.5884403817546693
flextdoa_final_dynamic_20260813,flextdoa,dynamic,366,1786643065.296751,1786643066.02903,104,False,False,0.0,"2,3,4,5",True,1.0,123.99029432950624,-0.8714442287347024,-4.997963137030659,0.4105392102617656,0.5593220043085785,0.5884403817546693
flextdoa_final_dynamic_20260813,flextdoa,dynamic,367,1786643066.3377693,1786643066.7875845,104,False,False,0.0,"2,3,4,5",True,1.0,123.99029432950624,-0.8714442287347024,-4.997963137030659,0.4105392102617656,0.5593220043085785,0.5884403817546693
flextdoa_final_dynamic_20260813,flextdoa,dynamic,368,1786643067.3713882,1786643067.4677372,104,False,False,0.0,"2,3,4,5",True,1.0,123.99029432950624,-0.8714442287347024,-4.997963137030659,0.4105392102617656,0.5593220043085785,0.5884403817546693
flextdoa_final_dynamic_20260813,flextdoa,dynamic,369,1786643068.3623207,1786643068.827036,104,False,False,0.0,"2,3,4,5",True,1.0,123.99029432950624,-0.8714442287347024,-4.997963137030659,0.4105392102617656,0.5593220043085785,0.5884403817546693
flextdoa_final_dynamic_20260813,flextdoa,dynamic,370,1786643069.3825955,1786643069.4669132,104,False,False,0.0,"2,3,4,5",True,1.0,123.99029432950624,-0.8714442287347024,-4.997963137030659,0.4105392102617656,0.5593220043085785,0.5884403817546693
flextdoa_final_dynamic_20260813,flextdoa,dynamic,371,1786643070.4069111,1786643070.8494267,104,False,False,0.0,"2,3,4,5",True,1.0,123.99029432950624,-0.8714442287347024,-4.997963137030659,0.4105392102617656,0.5593220043085785,0.5884403817546693
flextdoa_final_dynamic_20260813,flextdoa,dynamic,372,1786643071.4167447,1786643071.46986,104,False,False,0.0,"2,3,4,5",True,1.0,123.99029432950624,-0.8714442287347024,-4.997963137030659,0.4105392102617656,0.5593220043085785,0.5884403817546693
flextdoa_final_dynamic_20260813,flextdoa,dynamic,373,1786643072.5079877,1786643073.274535,104,False,False,0.0,"2,3,4,5",True,1.0,123.99029432950624,-0.8714442287347024,-4.997963137030659,0.4105392102617656,0.5593220043085785,0.5884403817546693
flextdoa_final_dynamic_20260813,flextdoa,dynamic,374,1786643073.520193,1786643073.9915543,104,False,False,0.0,"2,3,4,5",True,1.0,123.99029432950624,-0.8714442287347024,-4.997963137030659,0.4105392102617656,0.5593220043085785,0.5884403817546693
flextdoa_final_dynamic_20260813,flextdoa,dynamic,375,1786643074.5281813,1786643074.7578921,104,False,False,0.0,"2,3,4,5",True,1.0,123.99029432950624,-0.8714442287347024,-4.997963137030659,0.4105392102617656,0.5593220043085785,0.5884403817546693
flextdoa_final_dynamic_20260813,flextdoa,dynamic,376,1786643075.559857,1786643076.378616,104,False,False,0.0,"2,3,4,5",True,1.0,123.99029432950624,-0.8714442287347024,-4.997963137030659,0.4105392102617656,0.5593220043085785,0.5884403817546693
flextdoa_final_dynamic_20260813,flextdoa,dynamic,377,1786643076.5965207,1786643077.2929761,104,False,False,0.0,"2,3,4,5",True,1.0,123.99029432950624,-0.8714442287347024,-4.997963137030659,0.4105392102617656,0.5593220043085785,0.5884403817546693
flextdoa_final_dynamic_20260813,flextdoa,dynamic,378,1786643077.638853,1786643077.9965734,104,False,False,0.0,"2,3,4,5",True,1.0,123.99029432950624,-0.8714442287347024,-4.997963137030659,0.4105392102617656,0.5593220043085785,0.5884403817546693
flextdoa_final_dynamic_20260813,flextdoa,dynamic,379,1786643078.6591818,1786643079.2452364,104,False,False,0.0,"2,3,4,5",True,1.0,123.99029432950624,-0.8714442287347024,-4.997963137030659,0.4105392102617656,0.5593220043085785,0.5884403817546693
flextdoa_final_dynamic_20260813,flextdoa,dynamic,380,1786643079.6791286,1786643079.9002576,104,False,False,0.0,"2,3,4,5",True,1.0,123.99029432950624,-0.8714442287347024,-4.997963137030659,0.4105392102617656,0.5593220043085785,0.5884403817546693
flextdoa_final_dynamic_20260813,flextdoa,dynamic,381,1786643080.7198317,1786643081.2165406,104,False,False,0.0,"2,3,4,5",True,1.0,123.99029432950624,-0.8714442287347024,-4.997963137030659,0.4105392102617656,0.5593220043085785,0.5884403817546693
flextdoa_final_dynamic_20260813,flextdoa,dynamic,382,1786643081.7224457,1786643081.8460252,104,False,False,0.0,"2,3,4,5",True,1.0,123.99029432950624,-0.8714442287347024,-4.997963137030659,0.4105392102617656,0.5593220043085785,0.5884403817546693
flextdoa_final_dynamic_20260813,flextdoa,dynamic,383,1786643082.7606816,1786643083.27303,104,False,False,0.0,"2,3,4,5",True,1.0,123.99029432950624,-0.8714442287347024,-4.997963137030659,0.4105392102617656,0.5593220043085785,0.5884403817546693
flextdoa_final_dynamic_20260813,flextdoa,dynamic,384,1786643083.7594516,1786643084.0732036,104,False,False,0.0,"2,3,4,5",True,1.0,123.99029432950624,-0.8714442287347024,-4.997963137030659,0.4105392102617656,0.5593220043085785,0.5884403817546693
flextdoa_final_dynamic_20260813,flextdoa,dynamic,385,1786643084.7797606,1786643085.5080721,104,False,False,0.0,"2,3,4,5",True,1.0,123.99029432950624,-0.8714442287347024,-4.997963137030659,0.4105392102617656,0.5593220043085785,0.5884403817546693
flextdoa_final_dynamic_20260813,flextdoa,dynamic,386,1786643085.7991457,1786643086.2142992,104,False,False,0.0,"2,3,4,5",True,1.0,123.99029432950624,-0.8714442287347024,-4.997963137030659,0.4105392102617656,0.5593220043085785,0.5884403817546693
flextdoa_final_dynamic_20260813,flextdoa,dynamic,387,1786643086.820438,1786643087.3688052,104,False,False,0.0,"2,3,4,5",True,1.0,123.99029432950624,-0.8714442287347024,-4.997963137030659,0.4105392102617656,0.5593220043085785,0.5884403817546693
flextdoa_final_dynamic_20260813,flextdoa,dynamic,388,1786643087.8395438,1786643088.1868691,104,False,False,0.0,"2,3,4,5",True,1.0,123.99029432950624,-0.8714442287347024,-4.997963137030659,0.4105392102617656,0.5593220043085785,0.5884403817546693
flextdoa_final_dynamic_20260813,flextdoa,dynamic,389,1786643089.8796608,1786643089.9547508,104,False,False,0.0,"2,3,4,5",True,1.0,123.99029432950624,-0.8714442287347024,-4.997963137030659,0.4105392102617656,0.5593220043085785,0.5884403817546693
flextdoa_final_dynamic_20260813,flextdoa,dynamic,390,1786643090.9005103,1786643091.487911,104,False,False,0.0,"2,3,4,5",True,1.0,123.99029432950624,-0.8714442287347024,-4.997963137030659,0.4105392102617656,0.5593220043085785,0.5884403817546693
flextdoa_final_dynamic_20260813,flextdoa,dynamic,391,1786643091.9194772,1786643092.0760536,104,False,False,0.0,"2,3,4,5",True,1.0,123.99029432950624,-0.8714442287347024,-4.997963137030659,0.4105392102617656,0.5593220043085785,0.5884403817546693
flextdoa_final_dynamic_20260813,flextdoa,dynamic,392,1786643092.939305,1786643093.515453,104,False,False,0.0,"2,3,4,5",True,1.0,123.99029432950624,-0.8714442287347024,-4.997963137030659,0.4105392102617656,0.5593220043085785,0.5884403817546693
flextdoa_final_dynamic_20260813,flextdoa,dynamic,393,1786643093.9595733,1786643094.2310076,104,False,False,0.0,"2,3,4,5",True,1.0,123.99029432950624,-0.8714442287347024,-4.997963137030659,0.4105392102617656,0.5593220043085785,0.5884403817546693
flextdoa_final_dynamic_20260813,flextdoa,dynamic,394,1786643094.996706,1786643095.1934392,104,False,False,0.0,"2,3,4,5",True,1.0,123.99029432950624,-0.8714442287347024,-4.997963137030659,0.4105392102617656,0.5593220043085785,0.5884403817546693
flextdoa_final_dynamic_20260813,flextdoa,dynamic,395,1786643095.9993985,1786643096.4405377,104,False,False,0.0,"2,3,4,5",True,1.0,123.99029432950624,-0.8714442287347024,-4.997963137030659,0.4105392102617656,0.5593220043085785,0.5884403817546693
flextdoa_final_dynamic_20260813,flextdoa,dynamic,396,1786643097.0370142,1786643097.7188487,104,False,False,0.0,"2,3,4,5",True,1.0,123.99029432950624,-0.8714442287347024,-4.997963137030659,0.4105392102617656,0.5593220043085785,0.5884403817546693
flextdoa_final_dynamic_20260813,flextdoa,dynamic,397,1786643098.0394995,1786643098.3216124,104,False,False,0.0,"2,3,4,5",True,1.0,123.99029432950624,-0.8714442287347024,-4.997963137030659,0.4105392102617656,0.5593220043085785,0.5884403817546693
flextdoa_final_dynamic_20260813,flextdoa,dynamic,398,1786643099.1269147,1786643099.5507479,104,False,False,0.0,"2,3,4,5",True,1.0,123.99029432950624,-0.8714442287347024,-4.997963137030659,0.4105392102617656,0.5593220043085785,0.5884403817546693
flextdoa_final_dynamic_20260813,flextdoa,dynamic,399,1786643100.089917,1786643100.2011728,104,False,False,0.0,"2,3,4,5",True,1.0,123.99029432950624,-0.8714442287347024,-4.997963137030659,0.4105392102617656,0.5593220043085785,0.5884403817546693
flextdoa_final_dynamic_20260813,flextdoa,dynamic,400,1786643101.1003363,1786643101.7279365,104,False,False,0.0,"2,3,4,5",True,1.0,123.99029432950624,-0.8714442287347024,-4.997963137030659,0.4105392102617656,0.5593220043085785,0.5884403817546693
flextdoa_final_dynamic_20260813,flextdoa,dynamic,401,1786643102.1253939,1786643102.3210003,104,False,False,0.0,"2,3,4,5",True,1.0,123.99029432950624,-0.8714442287347024,-4.997963137030659,0.4105392102617656,0.5593220043085785,0.5884403817546693
flextdoa_final_dynamic_20260813,flextdoa,dynamic,402,1786643103.1550968,1786643103.947809,104,False,False,0.0,"2,3,4,5",True,1.0,123.99029432950624,-0.8714442287347024,-4.997963137030659,0.4105392102617656,0.5593220043085785,0.5884403817546693
flextdoa_final_dynamic_20260813,flextdoa,dynamic,403,1786643104.160061,1786643104.8173006,104,False,False,0.0,"2,3,4,5",True,1.0,123.99029432950624,-0.8714442287347024,-4.997963137030659,0.4105392102617656,0.5593220043085785,0.5884403817546693
flextdoa_final_dynamic_20260813,flextdoa,dynamic,404,1786643105.182537,1786643105.639996,104,False,False,0.0,"2,3,4,5",True,1.0,123.99029432950624,-0.8714442287347024,-4.997963137030659,0.4105392102617656,0.5593220043085785,0.5884403817546693
flextdoa_final_dynamic_20260813,flextdoa,dynamic,405,1786643106.1998374,1786643106.3134882,104,False,False,0.0,"2,3,4,5",True,1.0,123.99029432950624,-0.8714442287347024,-4.997963137030659,0.4105392102617656,0.5593220043085785,0.5884403817546693
flextdoa_final_dynamic_20260813,flextdoa,dynamic,406,1786643107.2331448,1786643107.7815127,104,False,False,0.0,"2,3,4,5",True,1.0,123.99029432950624,-0.8714442287347024,-4.997963137030659,0.4105392102617656,0.5593220043085785,0.5884403817546693
flextdoa_final_dynamic_20260813,flextdoa,dynamic,407,1786643108.2629635,1786643108.6561408,104,False,False,0.0,"2,3,4,5",True,1.0,123.99029432950624,-0.8714442287347024,-4.997963137030659,0.4105392102617656,0.5593220043085785,0.5884403817546693
flextdoa_final_dynamic_20260813,flextdoa,dynamic,408,1786643109.2599802,1786643109.3312638,104,False,False,0.0,"2,3,4,5",True,1.0,123.99029432950624,-0.8714442287347024,-4.997963137030659,0.4105392102617656,0.5593220043085785,0.5884403817546693
flextdoa_final_dynamic_20260813,flextdoa,dynamic,409,1786643110.305956,1786643110.8135073,104,False,False,0.0,"2,3,4,5",True,1.0,123.99029432950624,-0.8714442287347024,-4.997963137030659,0.4105392102617656,0.5593220043085785,0.5884403817546693
flextdoa_final_dynamic_20260813,flextdoa,dynamic,410,1786643111.3519027,1786643111.410016,104,False,False,0.0,"2,3,4,5",True,1.0,123.99029432950624,-0.8714442287347024,-4.997963137030659,0.4105392102617656,0.5593220043085785,0.5884403817546693
flextdoa_final_dynamic_20260813,flextdoa,dynamic,411,1786643112.371122,1786643112.6501353,104,False,False,0.0,"2,3,4,5",True,1.0,123.99029432950624,-0.8714442287347024,-4.997963137030659,0.4105392102617656,0.5593220043085785,0.5884403817546693
flextdoa_final_dynamic_20260813,flextdoa,dynamic,412,1786643113.4407928,1786643114.081636,104,False,False,0.0,"2,3,4,5",True,1.0,123.99029432950624,-0.8714442287347024,-4.997963137030659,0.4105392102617656,0.5593220043085785,0.5884403817546693
flextdoa_final_dynamic_20260813,flextdoa,dynamic,413,1786643114.479583,1786643114.813143,104,False,False,0.0,"2,3,4,5",True,1.0,123.99029432950624,-0.8714442287347024,-4.997963137030659,0.4105392102617656,0.5593220043085785,0.5884403817546693
flextdoa_final_dynamic_20260813,flextdoa,dynamic,414,1786643115.4905307,1786643116.1158528,104,False,False,0.0,"2,3,4,5",True,1.0,123.99029432950624,-0.8714442287347024,-4.997963137030659,0.4105392102617656,0.5593220043085785,0.5884403817546693
flextdoa_final_dynamic_20260813,flextdoa,dynamic,415,1786643116.501839,1786643116.80435,104,False,False,0.0,"2,3,4,5",True,1.0,123.99029432950624,-0.8714442287347024,-4.997963137030659,0.4105392102617656,0.5593220043085785,0.5884403817546693
flextdoa_final_dynamic_20260813,flextdoa,dynamic,416,1786643117.5234258,1786643118.1791167,104,False,False,0.0,"2,3,4,5",True,1.0,123.99029432950624,-0.8714442287347024,-4.997963137030659,0.4105392102617656,0.5593220043085785,0.5884403817546693
flextdoa_final_dynamic_20260813,flextdoa,dynamic,417,1786643118.5418675,1786643118.871573,104,False,False,0.0,"2,3,4,5",True,1.0,123.99029432950624,-0.8714442287347024,-4.997963137030659,0.4105392102617656,0.5593220043085785,0.5884403817546693
flextdoa_final_dynamic_20260813,flextdoa,dynamic,418,1786643120.5821674,1786643120.8907173,104,False,False,0.0,"2,3,4,5",True,1.0,123.99029432950624,-0.8714442287347024,-4.997963137030659,0.4105392102617656,0.5593220043085785,0.5884403817546693
flextdoa_final_dynamic_20260813,flextdoa,dynamic,419,1786643121.6022666,1786643121.6513026,104,False,False,0.0,"2,3,4,5",True,1.0,123.99029432950624,-0.8714442287347024,-4.997963137030659,0.4105392102617656,0.5593220043085785,0.5884403817546693
flextdoa_final_dynamic_20260813,flextdoa,dynamic,420,1786643122.666292,1786643123.0020614,104,False,False,0.0,"2,3,4,5",True,1.0,123.99029432950624,-0.8714442287347024,-4.997963137030659,0.4105392102617656,0.5593220043085785,0.5884403817546693
flextdoa_final_dynamic_20260813,flextdoa,dynamic,421,1786643123.666453,1786643124.3942811,104,False,False,0.0,"2,3,4,5",True,1.0,123.99029432950624,-0.8714442287347024,-4.997963137030659,0.4105392102617656,0.5593220043085785,0.5884403817546693
flextdoa_final_dynamic_20260813,flextdoa,dynamic,422,1786643124.6619902,1786643125.1693459,104,False,False,0.0,"2,3,4,5",True,1.0,123.99029432950624,-0.8714442287347024,-4.997963137030659,0.4105392102617656,0.5593220043085785,0.5884403817546693
flextdoa_final_dynamic_20260813,flextdoa,dynamic,423,1786643125.7002294,1786643125.8069625,104,False,False,0.0,"2,3,4,5",True,1.0,123.99029432950624,-0.8714442287347024,-4.997963137030659,0.4105392102617656,0.5593220043085785,0.5884403817546693
flextdoa_final_dynamic_20260813,flextdoa,dynamic,424,1786643126.7012172,1786643127.1166265,104,False,False,0.0,"2,3,4,5",True,1.0,123.99029432950624,-0.8714442287347024,-4.997963137030659,0.4105392102617656,0.5593220043085785,0.5884403817546693
flextdoa_final_dynamic_20260813,flextdoa,dynamic,425,1786643127.7501702,1786643128.305342,104,False,False,0.0,"2,3,4,5",True,1.0,123.99029432950624,-0.8714442287347024,-4.997963137030659,0.4105392102617656,0.5593220043085785,0.5884403817546693
flextdoa_final_dynamic_20260813,flextdoa,dynamic,426,1786643128.7423134,1786643128.9556696,104,False,False,0.0,"2,3,4,5",True,1.0,123.99029432950624,-0.8714442287347024,-4.997963137030659,0.4105392102617656,0.5593220043085785,0.5884403817546693
flextdoa_final_dynamic_20260813,flextdoa,dynamic,427,1786643129.7711825,1786643130.354714,104,False,False,0.0,"2,3,4,5",True,1.0,123.99029432950624,-0.8714442287347024,-4.997963137030659,0.4105392102617656,0.5593220043085785,0.5884403817546693
flextdoa_final_dynamic_20260813,flextdoa,dynamic,428,1786643130.7822282,1786643131.0962713,104,False,False,0.0,"2,3,4,5",True,1.0,123.99029432950624,-0.8714442287347024,-4.997963137030659,0.4105392102617656,0.5593220043085785,0.5884403817546693
flextdoa_final_dynamic_20260813,flextdoa,dynamic,429,1786643131.8024912,1786643132.516277,104,False,False,0.0,"2,3,4,5",True,1.0,123.99029432950624,-0.8714442287347024,-4.997963137030659,0.4105392102617656,0.5593220043085785,0.5884403817546693
flextdoa_final_dynamic_20260813,flextdoa,dynamic,430,1786643132.8229194,1786643133.1255937,104,False,False,0.0,"2,3,4,5",True,1.0,123.99029432950624,-0.8714442287347024,-4.997963137030659,0.4105392102617656,0.5593220043085785,0.5884403817546693
flextdoa_final_dynamic_20260813,flextdoa,dynamic,431,1786643133.853204,1786643134.3372877,104,False,False,0.0,"2,3,4,5",True,1.0,123.99029432950624,-0.8714442287347024,-4.997963137030659,0.4105392102617656,0.5593220043085785,0.5884403817546693
flextdoa_final_dynamic_20260813,flextdoa,dynamic,432,1786643135.8926413,1786643136.0957599,104,False,False,0.0,"2,3,4,5",True,1.0,123.99029432950624,-0.8714442287347024,-4.997963137030659,0.4105392102617656,0.5593220043085785,0.5884403817546693
flextdoa_final_dynamic_20260813,flextdoa,dynamic,433,1786643136.927521,1786643137.3745167,104,False,False,0.0,"2,3,4,5",True,1.0,123.99029432950624,-0.8714442287347024,-4.997963137030659,0.4105392102617656,0.5593220043085785,0.5884403817546693
flextdoa_final_dynamic_20260813,flextdoa,dynamic,434,1786643137.9365065,1786643138.5700865,104,False,False,0.0,"2,3,4,5",True,1.0,123.99029432950624,-0.8714442287347024,-4.997963137030659,0.4105392102617656,0.5593220043085785,0.5884403817546693
flextdoa_final_dynamic_20260813,flextdoa,dynamic,435,1786643138.9627082,1786643139.152071,104,False,False,0.0,"2,3,4,5",True,1.0,123.99029432950624,-0.8714442287347024,-4.997963137030659,0.4105392102617656,0.5593220043085785,0.5884403817546693
native_ds_final_dynamic_20260813,native_ds,dynamic,0,1786640577.8414907,1786640578.0014553,104,False,False,0.0,"2,3,4,5",True,1.0,127.95626631454655,-0.8612529172414632,-4.720026993950295,1.0555762736565966,1.6264195017428233,1.7400305472881017
native_ds_final_dynamic_20260813,native_ds,dynamic,1,1786640579.332516,1786640580.2800274,104,False,False,0.0,"2,3,4,5",True,1.0,127.95626631454655,-0.8612529172414632,-4.720026993950295,1.0555762736565966,1.6264195017428233,1.7400305472881017
native_ds_final_dynamic_20260813,native_ds,dynamic,2,1786640580.7382784,1786640581.3285754,104,False,False,0.0,"2,3,4,5",True,1.0,127.95626631454655,-0.8612529172414632,-4.720026993950295,1.0555762736565966,1.6264195017428233,1.7400305472881017
native_ds_final_dynamic_20260813,native_ds,dynamic,3,1786640582.0535808,1786640582.3479679,104,False,False,0.0,"2,3,4,5",True,1.0,127.95626631454655,-0.8612529172414632,-4.720026993950295,1.0555762736565966,1.6264195017428233,1.7400305472881017
native_ds_final_dynamic_20260813,native_ds,dynamic,4,1786640584.121183,1786640584.6399114,104,False,False,0.0,"2,3,4,5",True,1.0,127.95626631454655,-0.8612529172414632,-4.720026993950295,1.0555762736565966,1.6264195017428233,1.7400305472881017
native_ds_final_dynamic_20260813,native_ds,dynamic,5,1786640586.3490238,1786640587.1979353,104,False,False,0.0,"2,3,4,5",True,1.0,127.95626631454655,-0.8612529172414632,-4.720026993950295,1.0555762736565966,1.6264195017428233,1.7400305472881017
native_ds_final_dynamic_20260813,native_ds,dynamic,6,1786640587.783983,1786640588.2203376,104,False,False,0.0,"2,3,4,5",True,1.0,127.95626631454655,-0.8612529172414632,-4.720026993950295,1.0555762736565966,1.6264195017428233,1.7400305472881017
native_ds_final_dynamic_20260813,native_ds,dynamic,7,1786640589.123162,1786640589.253526,104,False,False,0.0,"2,3,4,5",True,1.0,127.95626631454655,-0.8612529172414632,-4.720026993950295,1.0555762736565966,1.6264195017428233,1.7400305472881017
native_ds_final_dynamic_20260813,native_ds,dynamic,8,1786640590.4855547,1786640591.6184673,104,False,False,0.0,"2,3,4,5",True,1.0,127.95626631454655,-0.8612529172414632,-4.720026993950295,1.0555762736565966,1.6264195017428233,1.7400305472881017
native_ds_final_dynamic_20260813,native_ds,dynamic,9,1786640591.9958997,1786640592.6195083,104,False,False,0.0,"2,3,4,5",True,1.0,127.95626631454655,-0.8612529172414632,-4.720026993950295,1.0555762736565966,1.6264195017428233,1.7400305472881017
native_ds_final_dynamic_20260813,native_ds,dynamic,10,1786640593.5334854,1786640593.608683,104,False,False,0.0,"2,3,4,5",True,1.0,127.95626631454655,-0.8612529172414632,-4.720026993950295,1.0555762736565966,1.6264195017428233,1.7400305472881017
native_ds_final_dynamic_20260813,native_ds,dynamic,11,1786640595.0141778,1786640595.8054605,104,False,False,0.0,"2,3,4,5",True,1.0,127.95626631454655,-0.8612529172414632,-4.720026993950295,1.0555762736565966,1.6264195017428233,1.7400305472881017
native_ds_final_dynamic_20260813,native_ds,dynamic,12,1786640596.5600574,1786640596.8680668,104,False,False,0.0,"2,3,4,5",True,1.0,127.95626631454655,-0.8612529172414632,-4.720026993950295,1.0555762736565966,1.6264195017428233,1.7400305472881017
native_ds_final_dynamic_20260813,native_ds,dynamic,13,1786640598.1616998,1786640599.31273,104,False,False,0.0,"2,3,4,5",True,1.0,127.95626631454655,-0.8612529172414632,-4.720026993950295,1.0555762736565966,1.6264195017428233,1.7400305472881017
native_ds_final_dynamic_20260813,native_ds,dynamic,14,1786640599.6605546,1786640600.3158514,104,False,False,0.0,"2,3,4,5",True,1.0,127.95626631454655,-0.8612529172414632,-4.720026993950295,1.0555762736565966,1.6264195017428233,1.7400305472881017
native_ds_final_dynamic_20260813,native_ds,dynamic,15,1786640601.548707,1786640602.3268042,104,False,False,0.0,"2,3,4,5",True,1.0,127.95626631454655,-0.8612529172414632,-4.720026993950295,1.0555762736565966,1.6264195017428233,1.7400305472881017
native_ds_final_dynamic_20260813,native_ds,dynamic,16,1786640604.2782629,1786640604.6588216,104,False,False,0.0,"2,3,4,5",True,1.0,127.95626631454655,-0.8612529172414632,-4.720026993950295,1.0555762736565966,1.6264195017428233,1.7400305472881017
native_ds_final_dynamic_20260813,native_ds,dynamic,17,1786640606.099349,1786640606.7033217,104,False,False,0.0,"2,3,4,5",True,1.0,127.95626631454655,-0.8612529172414632,-4.720026993950295,1.0555762736565966,1.6264195017428233,1.7400305472881017
native_ds_final_dynamic_20260813,native_ds,dynamic,18,1786640607.389824,1786640607.719414,104,False,False,0.0,"2,3,4,5",True,1.0,127.95626631454655,-0.8612529172414632,-4.720026993950295,1.0555762736565966,1.6264195017428233,1.7400305472881017
native_ds_final_dynamic_20260813,native_ds,dynamic,19,1786640608.7119467,1786640608.927999,104,False,False,0.0,"2,3,4,5",True,1.0,127.95626631454655,-0.8612529172414632,-4.720026993950295,1.0555762736565966,1.6264195017428233,1.7400305472881017
native_ds_final_dynamic_20260813,native_ds,dynamic,20,1786640610.2299984,1786640610.9644837,104,False,False,0.0,"2,3,4,5",True,1.0,127.95626631454655,-0.8612529172414632,-4.720026993950295,1.0555762736565966,1.6264195017428233,1.7400305472881017
native_ds_final_dynamic_20260813,native_ds,dynamic,21,1786640611.541004,1786640612.230373,104,False,False,0.0,"2,3,4,5",True,1.0,127.95626631454655,-0.8612529172414632,-4.720026993950295,1.0555762736565966,1.6264195017428233,1.7400305472881017
native_ds_final_dynamic_20260813,native_ds,dynamic,22,1786640612.8739145,1786640613.347293,104,False,False,0.0,"2,3,4,5",True,1.0,127.95626631454655,-0.8612529172414632,-4.720026993950295,1.0555762736565966,1.6264195017428233,1.7400305472881017
native_ds_final_dynamic_20260813,native_ds,dynamic,23,1786640614.2222183,1786640614.6210756,104,False,False,0.0,"2,3,4,5",True,1.0,127.95626631454655,-0.8612529172414632,-4.720026993950295,1.0555762736565966,1.6264195017428233,1.7400305472881017
native_ds_final_dynamic_20260813,native_ds,dynamic,24,1786640615.610888,1786640616.8598742,104,False,False,0.0,"2,3,4,5",True,1.0,127.95626631454655,-0.8612529172414632,-4.720026993950295,1.0555762736565966,1.6264195017428233,1.7400305472881017
native_ds_final_dynamic_20260813,native_ds,dynamic,25,1786640616.9543815,1786640617.8859065,104,False,False,0.0,"2,3,4,5",True,1.0,127.95626631454655,-0.8612529172414632,-4.720026993950295,1.0555762736565966,1.6264195017428233,1.7400305472881017
native_ds_final_dynamic_20260813,native_ds,dynamic,26,1786640618.373759,1786640619.0966372,104,False,False,0.0,"2,3,4,5",True,1.0,127.95626631454655,-0.8612529172414632,-4.720026993950295,1.0555762736565966,1.6264195017428233,1.7400305472881017
native_ds_final_dynamic_20260813,native_ds,dynamic,27,1786640620.0010197,1786640620.1618342,104,False,False,0.0,"2,3,4,5",True,1.0,127.95626631454655,-0.8612529172414632,-4.720026993950295,1.0555762736565966,1.6264195017428233,1.7400305472881017
native_ds_final_dynamic_20260813,native_ds,dynamic,28,1786640621.6001344,1786640622.27797,104,False,False,0.0,"2,3,4,5",True,1.0,127.95626631454655,-0.8612529172414632,-4.720026993950295,1.0555762736565966,1.6264195017428233,1.7400305472881017
native_ds_final_dynamic_20260813,native_ds,dynamic,29,1786640622.933016,1786640623.5406349,104,False,False,0.0,"2,3,4,5",True,1.0,127.95626631454655,-0.8612529172414632,-4.720026993950295,1.0555762736565966,1.6264195017428233,1.7400305472881017
native_ds_final_dynamic_20260813,native_ds,dynamic,30,1786640624.261461,1786640624.7723205,104,False,False,0.0,"2,3,4,5",True,1.0,127.95626631454655,-0.8612529172414632,-4.720026993950295,1.0555762736565966,1.6264195017428233,1.7400305472881017
native_ds_final_dynamic_20260813,native_ds,dynamic,31,1786640625.7769685,1786640625.8104823,104,False,False,0.0,"2,3,4,5",True,1.0,127.95626631454655,-0.8612529172414632,-4.720026993950295,1.0555762736565966,1.6264195017428233,1.7400305472881017
native_ds_final_dynamic_20260813,native_ds,dynamic,32,1786640627.123497,1786640628.2257597,104,False,False,0.0,"2,3,4,5",True,1.0,127.95626631454655,-0.8612529172414632,-4.720026993950295,1.0555762736565966,1.6264195017428233,1.7400305472881017
native_ds_final_dynamic_20260813,native_ds,dynamic,33,1786640628.4867837,1786640629.4259927,104,False,False,0.0,"2,3,4,5",True,1.0,127.95626631454655,-0.8612529172414632,-4.720026993950295,1.0555762736565966,1.6264195017428233,1.7400305472881017
native_ds_final_dynamic_20260813,native_ds,dynamic,34,1786640629.8522959,1786640630.6169996,104,False,False,0.0,"2,3,4,5",True,1.0,127.95626631454655,-0.8612529172414632,-4.720026993950295,1.0555762736565966,1.6264195017428233,1.7400305472881017
native_ds_final_dynamic_20260813,native_ds,dynamic,35,1786640631.2193828,1786640631.6342537,104,False,False,0.0,"2,3,4,5",True,1.0,127.95626631454655,-0.8612529172414632,-4.720026993950295,1.0555762736565966,1.6264195017428233,1.7400305472881017
native_ds_final_dynamic_20260813,native_ds,dynamic,36,1786640632.7377303,1786640632.8198662,104,False,False,0.0,"2,3,4,5",True,1.0,127.95626631454655,-0.8612529172414632,-4.720026993950295,1.0555762736565966,1.6264195017428233,1.7400305472881017
native_ds_final_dynamic_20260813,native_ds,dynamic,37,1786640634.2080803,1786640635.0662446,104,False,False,0.0,"2,3,4,5",True,1.0,127.95626631454655,-0.8612529172414632,-4.720026993950295,1.0555762736565966,1.6264195017428233,1.7400305472881017
native_ds_final_dynamic_20260813,native_ds,dynamic,38,1786640635.6483965,1786640636.4031858,104,False,False,0.0,"2,3,4,5",True,1.0,127.95626631454655,-0.8612529172414632,-4.720026993950295,1.0555762736565966,1.6264195017428233,1.7400305472881017
native_ds_final_dynamic_20260813,native_ds,dynamic,39,1786640637.1119454,1786640637.587603,104,False,False,0.0,"2,3,4,5",True,1.0,127.95626631454655,-0.8612529172414632,-4.720026993950295,1.0555762736565966,1.6264195017428233,1.7400305472881017
native_ds_final_dynamic_20260813,native_ds,dynamic,40,1786640638.4983985,1786640638.7717526,104,False,False,0.0,"2,3,4,5",True,1.0,127.95626631454655,-0.8612529172414632,-4.720026993950295,1.0555762736565966,1.6264195017428233,1.7400305472881017
native_ds_final_dynamic_20260813,native_ds,dynamic,41,1786640639.8919857,1786640640.0209496,104,False,False,0.0,"2,3,4,5",True,1.0,127.95626631454655,-0.8612529172414632,-4.720026993950295,1.0555762736565966,1.6264195017428233,1.7400305472881017
native_ds_final_dynamic_20260813,native_ds,dynamic,42,1786640641.3161478,1786640641.361889,104,False,False,0.0,"2,3,4,5",True,1.0,127.95626631454655,-0.8612529172414632,-4.720026993950295,1.0555762736565966,1.6264195017428233,1.7400305472881017
native_ds_final_dynamic_20260813,native_ds,dynamic,43,1786640642.7786376,1786640643.5544844,104,False,False,0.0,"2,3,4,5",True,1.0,127.95626631454655,-0.8612529172414632,-4.720026993950295,1.0555762736565966,1.6264195017428233,1.7400305472881017
native_ds_final_dynamic_20260813,native_ds,dynamic,44,1786640644.122155,1786640644.7774143,104,False,False,0.0,"2,3,4,5",True,1.0,127.95626631454655,-0.8612529172414632,-4.720026993950295,1.0555762736565966,1.6264195017428233,1.7400305472881017
native_ds_final_dynamic_20260813,native_ds,dynamic,45,1786640645.6115406,1786640645.9946747,104,False,False,0.0,"2,3,4,5",True,1.0,127.95626631454655,-0.8612529172414632,-4.720026993950295,1.0555762736565966,1.6264195017428233,1.7400305472881017
native_ds_final_dynamic_20260813,native_ds,dynamic,46,1786640647.0513556,1786640648.041436,104,False,False,0.0,"2,3,4,5",True,1.0,127.95626631454655,-0.8612529172414632,-4.720026993950295,1.0555762736565966,1.6264195017428233,1.7400305472881017
native_ds_final_dynamic_20260813,native_ds,dynamic,47,1786640648.4593418,1786640649.1447725,104,False,False,0.0,"2,3,4,5",True,1.0,127.95626631454655,-0.8612529172414632,-4.720026993950295,1.0555762736565966,1.6264195017428233,1.7400305472881017
native_ds_final_dynamic_20260813,native_ds,dynamic,48,1786640649.8051267,1786640650.164732,104,False,False,0.0,"2,3,4,5",True,1.0,127.95626631454655,-0.8612529172414632,-4.720026993950295,1.0555762736565966,1.6264195017428233,1.7400305472881017
passive_ds_final_dynamic_20260813,passive_ds,dynamic,0,1786643148.5920184,1786643165.0936406,104,False,False,0.0,"2,3,4,5",True,1.0,123.99984227627343,-0.8692059873850848,-5.0071888670208775,0.40962769698918866,0.5565302537924994,0.5854960120917102
static_flextdoa_20260813,flextdoa,static,0,1786643513.9373603,1786643516.4869306,104,False,False,0.0,"3,4,5",True,1.0,123.26576749320662,-0.9973717643498424,-5.136230595491733,0.38975556902630654,0.523128101261421,0.5462179556305257
static_flextdoa_20260813,flextdoa,static,1,1786643516.2259195,1786643516.2259195,104,False,False,,"3,4,5",True,1.0,123.26576749320662,-0.9973717643498424,-5.136230595491733,0.38975556902630654,0.523128101261421,0.5462179556305257
static_flextdoa_20260813,flextdoa,static,2,1786643523.7492714,1786643524.2033758,104,False,False,0.0,"3,4,5",True,1.0,123.26576749320662,-0.9973717643498424,-5.136230595491733,0.38975556902630654,0.523128101261421,0.5462179556305257
static_flextdoa_20260813,flextdoa,static,3,1786643524.7694366,1786643525.0208087,104,False,False,0.0,"3,4,5",True,1.0,123.26576749320662,-0.9973717643498424,-5.136230595491733,0.38975556902630654,0.523128101261421,0.5462179556305257
static_flextdoa_20260813,flextdoa,static,4,1786643525.7971537,1786643526.342866,104,False,False,0.0,"3,4,5",True,1.0,123.26576749320662,-0.9973717643498424,-5.136230595491733,0.38975556902630654,0.523128101261421,0.5462179556305257
static_flextdoa_20260813,flextdoa,static,5,1786643526.8425376,1786643527.3836322,104,False,False,0.0,"3,4,5",True,1.0,123.26576749320662,-0.9973717643498424,-5.136230595491733,0.38975556902630654,0.523128101261421,0.5462179556305257
static_flextdoa_20260813,flextdoa,static,6,1786643527.8314934,1786643528.2131763,104,False,False,0.0,"3,4,5",True,1.0,123.26576749320662,-0.9973717643498424,-5.136230595491733,0.38975556902630654,0.523128101261421,0.5462179556305257
static_flextdoa_20260813,flextdoa,static,7,1786643528.8781064,1786643528.9773495,104,False,False,0.0,"3,4,5",True,1.0,123.26576749320662,-0.9973717643498424,-5.136230595491733,0.38975556902630654,0.523128101261421,0.5462179556305257
static_flextdoa_20260813,flextdoa,static,8,1786643529.868926,1786643530.8612428,104,False,False,0.0,"3,4,5",True,1.0,123.26576749320662,-0.9973717643498424,-5.136230595491733,0.38975556902630654,0.523128101261421,0.5462179556305257
static_flextdoa_20260813,flextdoa,static,9,1786643530.8891108,1786643531.5292068,104,False,False,0.0,"3,4,5",True,1.0,123.26576749320662,-0.9973717643498424,-5.136230595491733,0.38975556902630654,0.523128101261421,0.5462179556305257
static_flextdoa_20260813,flextdoa,static,10,1786643531.9123924,1786643532.198546,104,False,False,0.0,"3,4,5",True,1.0,123.26576749320662,-0.9973717643498424,-5.136230595491733,0.38975556902630654,0.523128101261421,0.5462179556305257
static_flextdoa_20260813,flextdoa,static,11,1786643533.0267136,1786643533.580454,104,False,False,0.0,"3,4,5",True,1.0,123.26576749320662,-0.9973717643498424,-5.136230595491733,0.38975556902630654,0.523128101261421,0.5462179556305257
static_flextdoa_20260813,flextdoa,static,12,1786643533.9527602,1786643534.3675656,104,False,False,0.0,"3,4,5",True,1.0,123.26576749320662,-0.9973717643498424,-5.136230595491733,0.38975556902630654,0.523128101261421,0.5462179556305257
static_flextdoa_20260813,flextdoa,static,13,1786643534.9700844,1786643535.0556433,104,False,False,0.0,"3,4,5",True,1.0,123.26576749320662,-0.9973717643498424,-5.136230595491733,0.38975556902630654,0.523128101261421,0.5462179556305257
static_flextdoa_20260813,flextdoa,static,14,1786643535.9921868,1786643536.4829507,104,False,False,0.0,"3,4,5",True,1.0,123.26576749320662,-0.9973717643498424,-5.136230595491733,0.38975556902630654,0.523128101261421,0.5462179556305257
static_flextdoa_20260813,flextdoa,static,15,1786643537.0115623,1786643537.347132,104,False,False,0.0,"3,4,5",True,1.0,123.26576749320662,-0.9973717643498424,-5.136230595491733,0.38975556902630654,0.523128101261421,0.5462179556305257
static_flextdoa_20260813,flextdoa,static,16,1786643538.0313978,1786643538.7371824,104,False,False,0.0,"3,4,5",True,1.0,123.26576749320662,-0.9973717643498424,-5.136230595491733,0.38975556902630654,0.523128101261421,0.5462179556305257
static_flextdoa_20260813,flextdoa,static,17,1786643539.0515459,1786643539.4744444,104,False,False,0.0,"3,4,5",True,1.0,123.26576749320662,-0.9973717643498424,-5.136230595491733,0.38975556902630654,0.523128101261421,0.5462179556305257
static_flextdoa_20260813,flextdoa,static,18,1786643540.0717802,1786643541.1044946,104,False,False,0.0,"3,4,5",True,1.0,123.26576749320662,-0.9973717643498424,-5.136230595491733,0.38975556902630654,0.523128101261421,0.5462179556305257
static_flextdoa_20260813,flextdoa,static,19,1786643541.1036706,1786643541.5158677,104,False,False,0.0,"3,4,5",True,1.0,123.26576749320662,-0.9973717643498424,-5.136230595491733,0.38975556902630654,0.523128101261421,0.5462179556305257
static_flextdoa_20260813,flextdoa,static,20,1786643542.130002,1786643542.1505864,104,False,False,0.0,"3,4,5",True,1.0,123.26576749320662,-0.9973717643498424,-5.136230595491733,0.38975556902630654,0.523128101261421,0.5462179556305257
static_flextdoa_20260813,flextdoa,static,21,1786643543.1391425,1786643543.1699264,104,False,False,0.0,"3,4,5",True,1.0,123.26576749320662,-0.9973717643498424,-5.136230595491733,0.38975556902630654,0.523128101261421,0.5462179556305257
static_flextdoa_20260813,flextdoa,static,22,1786643544.1577423,1786643544.6284966,104,False,False,0.0,"3,4,5",True,1.0,123.26576749320662,-0.9973717643498424,-5.136230595491733,0.38975556902630654,0.523128101261421,0.5462179556305257
static_flextdoa_20260813,flextdoa,static,23,1786643545.194125,1786643545.4107287,104,False,False,0.0,"3,4,5",True,1.0,123.26576749320662,-0.9973717643498424,-5.136230595491733,0.38975556902630654,0.523128101261421,0.5462179556305257
static_flextdoa_20260813,flextdoa,static,24,1786643547.2107577,1786643547.7849674,104,False,False,0.0,"3,4,5",True,1.0,123.26576749320662,-0.9973717643498424,-5.136230595491733,0.38975556902630654,0.523128101261421,0.5462179556305257
static_passive_ds_20260813,passive_ds,static,0,1786643409.4663703,1786643453.3987346,104,False,False,0.0,"3,4,5",True,1.0,123.27967645102966,-0.9966131127477126,-5.11824770661545,0.39087598567902365,0.5242453560985442,0.5471392987643935
