block,frame_key,received_at,x_m,y_m,truth_x_m,truth_y_m,error_m,range_a2_m,range_a3_m,range_a4_m,range_a5_m
ds_1,60014,1785085605.6824217,1.519961277777778,1.503359111111111,1.5,1.5,0.02024194254458806,2.141,2.177,2.154,2.066
ds_1,60018,1785085605.7474139,1.5525248888888887,1.481957388888889,1.5,1.5,0.055537372718709795,2.162,2.231,2.134,2.067
ds_1,60022,1785085605.8118615,1.5256991111111111,1.5004349444444443,1.5,1.5,0.02570279145483984,2.158,2.183,2.148,2.095
ds_1,60026,1785085605.8684883,1.5100137777777782,1.484749611111111,1.5,1.5,0.018244180075987975,2.128,2.183,2.148,2.101
ds_1,60030,1785085605.9407482,1.5110802777777779,1.5002127777777778,1.5,1.5,0.011082320606056935,2.146,2.181,2.166,2.094
ds_1,60034,1785085606.0036092,1.520688166666667,1.4896206666666665,1.5,1.5,0.02314585925111094,2.141,2.189,2.146,2.092
ds_1,60038,1785085606.071709,1.5254027222222224,1.4855368888888885,1.5,1.5,0.029231487805305933,2.136,2.202,2.147,2.073
ds_1,60042,1785085606.130277,1.5370836111111108,1.5066756111111113,1.5,1.5,0.037679676176247755,2.159,2.193,2.151,2.052
ds_1,60046,1785085606.1875992,1.5296377777777777,1.4756424444444443,1.5,1.5,0.03836259094804358,2.138,2.226,2.152,2.074
ds_1,60050,1785085606.2632928,1.546658166666667,1.4991973333333326,1.5,1.5,0.04666507034680495,2.181,2.223,2.158,2.074
ds_1,60054,1785085606.3273666,1.5029444444444438,1.4752424444444447,1.5,1.5,0.02493203381541146,2.118,2.206,2.168,2.094
ds_1,60058,1785085606.3947527,1.5351233333333338,1.4955773333333326,1.5,1.5,0.03540068537315246,2.182,2.224,2.17,2.102
ds_1,60062,1785085606.4520338,1.5404705555555558,1.4993640555555547,1.5,1.5,0.04047555178514245,2.166,2.192,2.135,2.084
ds_1,60066,1785085606.5097926,1.50822,1.4987884999999996,1.5,1.5,0.00830879848413711,2.126,2.183,2.17,2.059
ds_1,60070,1785085606.5846958,1.5286776666666666,1.4779276666666665,1.5,1.5,0.03618834707778492,2.141,2.21,2.14,2.092
ds_1,60074,1785085606.6446679,1.5401969444444445,1.482750777777778,1.5,1.5,0.04374162788398895,2.146,2.221,2.142,2.06
ds_1,60078,1785085606.7130032,1.5309141666666668,1.4946808333333332,1.5,1.5,0.03136844329453139,2.17,2.199,2.149,2.112
ds_1,60082,1785085606.7728198,1.521571555555556,1.506385055555555,1.5,1.5,0.022496687390235078,2.145,2.18,2.159,2.06
ds_1,60086,1785085606.8334107,1.5299800000000003,1.4789266666666665,1.5,1.5,0.03664540595733393,2.135,2.223,2.153,2.061
ds_1,60090,1785085606.9042792,1.5216448333333337,1.500750333333333,1.5,1.5,0.021657834844205984,2.155,2.176,2.147,2.101
ds_1,60094,1785085606.9762793,1.512653111111111,1.492213111111111,1.5,1.5,0.014857215733710804,2.136,2.204,2.176,2.07
ds_1,60098,1785085607.0383825,1.5211613333333331,1.4671166666666666,1.5,1.5,0.03910390823889027,2.124,2.228,2.154,2.08
ds_1,60106,1785085607.1506433,1.5322092222222223,1.4958592222222225,1.5,1.5,0.032474298095038746,2.151,2.206,2.156,2.06
ds_1,60110,1785085607.2263975,1.5197816666666664,1.505268333333334,1.5,1.5,0.02047119127511192,2.152,2.187,2.167,2.073
ds_1,60114,1785085607.2882538,1.5016680555555564,1.4833888888888882,1.5,1.5,0.016694652487611844,2.136,2.206,2.181,2.109
ds_1,60118,1785085607.3568647,1.5297404444444447,1.4692472777777772,1.5,1.5,0.04278111686048293,2.135,2.228,2.145,2.084
ds_1,60122,1785085607.4179385,1.521401,1.4975034999999999,1.5,1.5,0.021546120607896003,2.153,2.189,2.156,2.093
ds_1,60126,1785085607.4740274,1.5344250555555554,1.5004205555555552,1.5,1.5,0.03442762432957559,2.159,2.194,2.147,2.073
ds_1,60130,1785085607.5472279,1.5422481666666663,1.486205,1.5,1.5,0.04444333033982056,2.159,2.222,2.145,2.073
ds_1,60134,1785085607.612592,1.5333217222222222,1.4985697222222223,1.5,1.5,0.033352404206841525,2.176,2.196,2.148,2.113
ds_1,60138,1785085607.6764388,1.5271896666666667,1.4945271666666664,1.5,1.5,0.027734993746869527,2.158,2.2,2.155,2.092
ds_1,60142,1785085607.7384517,1.5220416666666667,1.4810123333333327,1.5,1.5,0.029092379670438026,2.147,2.226,2.17,2.088
ds_1,60146,1785085607.7959852,1.516659555555555,1.477383555555556,1.5,1.5,0.02808993326117478,2.121,2.209,2.155,2.071
ds_1,60150,1785085607.87097,1.5277251666666662,1.4957958333333337,1.5,1.5,0.02804210912280903,2.149,2.199,2.155,2.07
ds_1,60154,1785085607.9335914,1.5444467777777773,1.4795806111111112,1.5,1.5,0.04891285615687141,2.155,2.231,2.142,2.071
ds_1,60158,1785085608.001072,1.5515765000000004,1.5091456666666665,1.5,1.5,0.05238108982283408,2.16,2.187,2.128,2.032
ds_1,60162,1785085608.0589263,1.5221568333333335,1.4952886666666665,1.5,1.5,0.022652194709098246,2.155,2.197,2.16,2.094
ds_1,60166,1785085608.1212912,1.5296929999999997,1.4994670000000003,1.5,1.5,0.029697783385296363,2.141,2.18,2.138,2.06
ds_1,60170,1785085608.193372,1.5145447777777776,1.5029341111111114,1.5,1.5,0.014837775056162612,2.146,2.185,2.169,2.077
ds_1,60174,1785085608.2575953,1.5306579444444444,1.4952227777777778,1.5,1.5,0.031027913396152355,2.153,2.194,2.145,2.081
ds_1,60178,1785085608.31899,1.5374060555555553,1.4692560555555554,1.5,1.5,0.048419036671833816,2.129,2.222,2.128,2.067
ds_1,60182,1785085608.3836155,1.5427640000000002,1.5064473333333332,1.5,1.5,0.0432472866560566,2.172,2.204,2.154,2.06
ds_1,60186,1785085608.4463086,1.5400454444444445,1.496094944444444,1.5,1.5,0.04023539585545378,2.166,2.192,2.131,2.094
ds_1,60190,1785085608.5167642,1.5150091666666663,1.5106571666666673,1.5,1.5,0.018407886499782932,2.143,2.179,2.173,2.054
ds_1,60194,1785085608.57668,1.5250186666666667,1.4696906666666663,1.5,1.5,0.039301264214894126,2.138,2.222,2.146,2.102
ds_1,60198,1785085608.6452093,1.538378388888889,1.480218388888889,1.5,1.5,0.04317653149406544,2.146,2.221,2.141,2.07
ds_1,60202,1785085608.7055497,1.517436277777778,1.4846687777777776,1.5,1.5,0.023217884433578286,2.142,2.207,2.162,2.094
ds_1,60206,1785085608.7635243,1.5423110555555555,1.5053955555555554,1.5,1.5,0.04265369200876269,2.181,2.197,2.146,2.09
ds_1,60214,1785085608.8975878,1.5187237777777776,1.4660299444444445,1.5,1.5,0.03878845870512422,2.119,2.202,2.129,2.104
ds_1,60218,1785085608.9693286,1.5194063333333332,1.4961956666666665,1.5,1.5,0.019775710494329943,2.145,2.192,2.16,2.08
ds_1,60222,1785085609.0283742,1.535674611111111,1.4788906111111115,1.5,1.5,0.041452191464280086,2.152,2.223,2.145,2.088
ds_1,60226,1785085609.0782485,1.5169080555555556,1.489244055555556,1.5,1.5,0.02003927851899171,2.145,2.203,2.165,2.092
ds_1,60230,1785085609.1692393,1.5395229444444445,1.4989416111111113,1.5,1.5,0.03953711325575968,2.155,2.202,2.146,2.053
ds_1,60234,1785085609.228154,1.5136494999999999,1.4867196666666669,1.5,1.5,0.019044056912707313,2.147,2.202,2.165,2.109
ds_1,60238,1785085609.2876644,1.5347953333333335,1.4942139999999997,1.5,1.5,0.03527312032947742,2.16,2.202,2.146,2.084
ds_1,60242,1785085609.3572261,1.5177068888888887,1.4863383888888888,1.5,1.5,0.022364559738002613,2.149,2.21,2.167,2.1
ds_1,60246,1785085609.4114199,1.535510611111111,1.4829266111111112,1.5,1.5,0.03940182876004347,2.148,2.227,2.155,2.064
ds_1,60250,1785085609.4832482,1.531514388888889,1.4887098888888888,1.5,1.5,0.03347571232911052,2.141,2.206,2.147,2.061
ds_1,60254,1785085609.5400176,1.527084111111111,1.4982574444444448,1.5,1.5,0.027140110068737885,2.153,2.182,2.142,2.09
ds_1,60258,1785085609.6086748,1.5250541666666664,1.4830814999999997,1.5,1.5,0.030231554865919583,2.142,2.2,2.142,2.095
ds_1,60262,1785085609.6697114,1.5045974444444445,1.505321611111111,1.5,1.5,0.007032498861546555,2.146,2.172,2.173,2.098
ds_1,60266,1785085609.7242284,1.5206498333333334,1.4959204999999998,1.5,1.5,0.021048941468502586,2.151,2.199,2.165,2.084
ds_1,60270,1785085609.7989876,1.5263534444444447,1.4717659444444442,1.5,1.5,0.03862209118109275,2.133,2.221,2.146,2.085
ds_1,60274,1785085609.859959,1.5419767777777775,1.5013581111111114,1.5,1.5,0.04199874210491359,2.173,2.204,2.148,2.078
ds_1,60278,1785085609.9258976,1.538113944444444,1.489862777777778,1.5,1.5,0.039439016664933206,2.143,2.194,2.127,2.065
ds_1,60282,1785085609.9891644,1.521292388888889,1.4841048888888886,1.5,1.5,0.026571044048555176,2.147,2.213,2.162,2.094
ds_1,60286,1785085610.0451834,1.5265917222222225,1.476302222222222,1.5,1.5,0.03561887648914256,2.141,2.221,2.152,2.088
ds_1,60290,1785085610.1109543,1.516009277777778,1.4809852777777772,1.5,1.5,0.024856722152253926,2.136,2.213,2.165,2.088
ds_1,60294,1785085610.1898162,1.5226824999999997,1.4798386666666672,1.5,1.5,0.030347572687576575,2.136,2.208,2.149,2.087
ds_1,60298,1785085610.2518969,1.5285733333333331,1.4822586666666666,1.5,1.5,0.03363317240793993,2.139,2.203,2.139,2.083
ds_1,60302,1785085610.3096569,1.520968555555555,1.489528388888889,1.5,1.5,0.023437895838763732,2.151,2.215,2.172,2.085
ds_1,60306,1785085610.3676631,1.5247617777777773,1.496064277777778,1.5,1.5,0.02507260553126698,2.166,2.227,2.188,2.079
ds_1,60310,1785085610.440779,1.5278537777777779,1.4832729444444441,1.5,1.5,0.03249041895778638,2.158,2.223,2.162,2.099
ds_1,60314,1785085610.5014691,1.5315297777777772,1.484852444444445,1.5,1.5,0.034979641593713286,2.152,2.22,2.156,2.08
ds_1,60318,1785085610.5696592,1.5323977777777777,1.509261777777778,1.5,1.5,0.0336956456021132,2.151,2.185,2.153,2.043
ds_1,60322,1785085610.631668,1.5309315555555556,1.5018515555555556,1.5,1.5,0.030986922839509757,2.165,2.201,2.161,2.079
ds_1,60326,1785085610.6888921,1.5453119444444443,1.4924721111111114,1.5,1.5,0.045933010139330724,2.155,2.208,2.135,2.057
ds_1,60330,1785085610.7618403,1.5387144444444443,1.4849657777777778,1.5,1.5,0.04153114549912055,2.158,2.216,2.142,2.086
ds_1,60334,1785085610.8227797,1.5124968888888886,1.480596888888889,1.5,1.5,0.02307927539355053,2.139,2.197,2.153,2.117
ds_1,60338,1785085610.8931227,1.5166856111111118,1.508723444444444,1.5,1.5,0.018828385515666412,2.152,2.177,2.166,2.078
ds_1,60342,1785085610.9531164,1.5326997222222225,1.513111222222222,1.5,1.5,0.035230327582510525,2.161,2.19,2.163,2.047
ds_1,60346,1785085611.0089338,1.5298071666666662,1.4985963333333336,1.5,1.5,0.029840198806400816,2.14,2.199,2.156,2.04
ds_1,60350,1785085611.0836494,1.543219388888889,1.475623888888889,1.5,1.5,0.04961965708094169,2.148,2.227,2.134,2.074
ds_1,60354,1785085611.140006,1.5428733333333333,1.4936186666666662,1.5,1.5,0.04334563560754678,2.163,2.207,2.139,2.075
ds_1,60358,1785085611.214779,1.5498566666666669,1.490024,1.5,1.5,0.05084493865775759,2.158,2.23,2.148,2.04
ds_1,60362,1785085611.2729945,1.5002596666666668,1.4643834999999998,1.5,1.5,0.03561744655401043,2.115,2.221,2.172,2.107
ds_1,60366,1785085611.3312395,1.535920888888889,1.4969328888888889,1.5,1.5,0.036051593988834986,2.147,2.193,2.139,2.057
ds_1,60370,1785085611.4067879,1.5340000000000005,1.4918919999999996,1.5,1.5,0.0349533927394758,2.141,2.207,2.149,2.047
ds_1,60378,1785085611.5388253,1.5341133333333328,1.496222666666667,1.5,1.5,0.034321826265835305,2.154,2.212,2.16,2.056
ds_1,60382,1785085611.5950592,1.5214902777777777,1.4725244444444445,1.5,1.5,0.03488177449689824,2.146,2.226,2.159,2.111
ds_1,60386,1785085611.654677,1.5028017777777776,1.4844059444444446,1.5,1.5,0.01584375357627717,2.143,2.22,2.195,2.104
ds_1,60390,1785085611.7295141,1.5290590555555554,1.5050405555555555,1.5,1.5,0.029492980691844264,2.159,2.2,2.167,2.061
ds_1,60394,1785085611.7870393,1.5229108333333337,1.504086833333333,1.5,1.5,0.02327248355294799,2.152,2.185,2.159,2.074
ds_1,60398,1785085611.860476,1.535193888888889,1.4851803888888886,1.5,1.5,0.038186786832725785,2.145,2.209,2.14,2.071
ds_1,60402,1785085611.920068,1.515688888888889,1.4806328888888889,1.5,1.5,0.024924410271018067,2.129,2.215,2.167,2.073
ds_1,60406,1785085611.980393,1.510619555555555,1.4807510555555556,1.5,1.5,0.021984012882611436,2.145,2.206,2.165,2.122
ds_1,60410,1785085612.0524354,1.525955388888889,1.5063488888888883,1.5,1.5,0.026720602584839173,2.146,2.192,2.165,2.043
ds_1,60418,1785085612.1739178,1.5256029999999994,1.4949850000000002,1.5,1.5,0.026089534951776464,2.151,2.208,2.166,2.07
ds_1,60422,1785085612.2424302,1.5377796111111113,1.493198777777778,1.5,1.5,0.03838692016068558,2.158,2.223,2.162,2.056
ds_1,60426,1785085612.2940636,1.536988,1.4899604999999998,1.5,1.5,0.038326279551373174,2.146,2.203,2.138,2.063
ds_1,60430,1785085612.3769965,1.525798722222222,1.4885942222222224,1.5,1.5,0.02820754925574744,2.14,2.214,2.163,2.059
ds_1,60434,1785085612.43649,1.5201119444444446,1.503548111111111,1.5,1.5,0.020422521925394465,2.149,2.172,2.149,2.087
ds_1,60438,1785085612.4993553,1.5136498888888887,1.4919798888888889,1.5,1.5,0.015831666018255194,2.127,2.182,2.152,2.074
ds_1,60442,1785085612.5610561,1.5247678888888885,1.4899358888888892,1.5,1.5,0.026734521736307717,2.148,2.201,2.153,2.087
ds_1,60446,1785085612.6156054,1.5233086111111112,1.4723952777777776,1.5,1.5,0.0361291024092085,2.138,2.217,2.147,2.102
ds_1,60450,1785085612.6951523,1.528141277777778,1.485612111111111,1.5,1.5,0.031606057356859375,2.129,2.192,2.133,2.065
ds_1,60454,1785085612.7585096,1.542689611111111,1.487488277777778,1.5,1.5,0.044485346910909176,2.159,2.217,2.141,2.074
ds_1,60458,1785085612.8261714,1.5457281111111112,1.4939336111111112,1.5,1.5,0.04612874613450233,2.166,2.224,2.153,2.058
ds_1,60462,1785085612.8859305,1.5085961111111112,1.4816539444444443,1.5,1.5,0.020260080964352188,2.129,2.203,2.166,2.093
ds_1,60466,1785085612.9531503,1.5259991666666668,1.5057085,1.5,1.5,0.026618483044890378,2.145,2.188,2.16,2.047
ds_1,60470,1785085613.0263262,1.5278123333333333,1.478172333333333,1.5,1.5,0.03535495605365068,2.147,2.224,2.156,2.09
ds_1,60474,1785085613.0786912,1.529846055555556,1.5146595555555555,1.5,1.5,0.033251911242991025,2.18,2.18,2.159,2.097
ds_1,60486,1785085613.263987,1.5187509444444447,1.483662944444444,1.5,1.5,0.024869605983689685,2.135,2.217,2.169,2.07
ds_1,60490,1785085613.3370109,1.5358724999999998,1.4881105,1.5,1.5,0.03779148669343381,2.147,2.204,2.138,2.071
ds_1,60494,1785085613.3980105,1.5350484999999998,1.4884564999999998,1.5,1.5,0.036900538539430434,2.155,2.216,2.152,2.075
ds_1,60502,1785085613.5291343,1.5326303888888893,1.4996828888888885,1.5,1.5,0.03263192973909047,2.169,2.219,2.174,2.072
ds_1,60506,1785085613.6027217,1.5278874999999998,1.5055209999999999,1.5,1.5,0.028428754760804947,2.167,2.18,2.149,2.099
ds_1,60510,1785085613.6592839,1.5292727222222222,1.4921022222222222,1.5,1.5,0.030319418861952857,2.154,2.212,2.161,2.075
ds_1,60514,1785085613.7240338,1.5171988333333337,1.4938921666666665,1.5,1.5,0.018251177936110623,2.14,2.201,2.169,2.07
ds_1,60518,1785085613.7844753,1.5322996666666664,1.4896131666666672,1.5,1.5,0.03392867184951679,2.146,2.2,2.141,2.074
ds_1,60522,1785085613.8495114,1.5211899999999998,1.5001408333333335,1.5,1.5,0.02119046799926255,2.145,2.192,2.163,2.066
ds_1,60526,1785085613.9149065,1.5190816666666667,1.4868883333333331,1.5,1.5,0.023152231113989,2.148,2.217,2.173,2.087
ds_1,60530,1785085613.9823155,1.5136092222222224,1.468349222222222,1.5,1.5,0.03445261475464688,2.134,2.221,2.159,2.115
ds_1,60534,1785085614.0400732,1.514489333333333,1.4756845000000003,1.5,1.5,0.028305199534615865,2.142,2.223,2.17,2.107
ds_1,60538,1785085614.105395,1.537518388888889,1.4779043888888892,1.5,1.5,0.043541308377118795,2.148,2.222,2.14,2.081
ds_1,60542,1785085614.1658473,1.5290663333333332,1.503662166666667,1.5,1.5,0.029296129405416052,2.145,2.195,2.16,2.041
ds_1,60546,1785085614.2177687,1.530737777777778,1.498180277777778,1.5,1.5,0.0307915957962901,2.148,2.193,2.148,2.063
ds_1,60550,1785085614.298832,1.5366590555555555,1.5111965555555558,1.5,1.5,0.0383307867194759,2.169,2.2,2.165,2.053
ds_1,60554,1785085614.358808,1.5376587777777777,1.4970401111111107,1.5,1.5,0.037774918741813525,2.165,2.204,2.148,2.08
ds_1,60558,1785085614.4261582,1.5329035000000002,1.5039301666666662,1.5,1.5,0.03313738858567143,2.158,2.193,2.153,2.064
ds_1,60562,1785085614.4892652,1.5003048888888888,1.4937513888888891,1.5,1.5,0.006256044920911767,2.132,2.189,2.18,2.091
ds_1,60566,1785085614.5442452,1.5209825555555554,1.490686555555556,1.5,1.5,0.02295665230519716,2.148,2.185,2.143,2.107
ds_1,60570,1785085614.6199937,1.5307355000000002,1.4916934999999998,1.5,1.5,0.03183816738601672,2.154,2.196,2.142,2.091
ds_1,60574,1785085614.6833448,1.5264926111111115,1.487935111111111,1.5,1.5,0.02911047899615916,2.151,2.209,2.156,2.088
ds_1,60578,1785085614.7489743,1.520747777777778,1.4535552777777776,1.5,1.5,0.05086828584703301,2.109,2.214,2.121,2.104
ds_1,60582,1785085614.810761,1.505967888888889,1.490711388888889,1.5,1.5,0.011040561315602557,2.12,2.19,2.169,2.066
ds_1,60586,1785085614.8664284,1.516450388888889,1.4966458888888887,1.5,1.5,0.016788846176594777,2.165,2.214,2.187,2.101
ds_1,60590,1785085614.9409404,1.5149720000000002,1.4697946666666664,1.5,1.5,0.03371235598082404,2.127,2.217,2.155,2.099
ds_1,60594,1785085615.0060768,1.5273996111111112,1.5150604444444442,1.5,1.5,0.031265886776234576,2.158,2.186,2.169,2.047
ds_1,60598,1785085615.0696793,1.536460277777778,1.500927111111111,1.5,1.5,0.03647206315311874,2.168,2.2,2.151,2.081
ds_1,60602,1785085615.135445,1.5276545000000001,1.5015904999999996,1.5,1.5,0.027700199647295077,2.151,2.19,2.154,2.067
ds_1,60606,1785085615.1871254,1.5474347777777782,1.5087006111111112,1.5,1.5,0.048226121309244724,2.177,2.219,2.166,2.041
ds_1,60610,1785085615.2618105,1.5158755555555554,1.4786880555555557,1.5,1.5,0.026575030389457813,2.142,2.213,2.162,2.107
ds_1,60614,1785085615.3252213,1.5071750555555556,1.493377888888889,1.5,1.5,0.00976390177097307,2.127,2.188,2.169,2.073
ds_1,60618,1785085615.390337,1.5345638888888886,1.5013825555555556,1.5,1.5,0.034591528948394804,2.154,2.187,2.141,2.067
ds_1,60622,1785085615.4529834,1.5060895555555562,1.4915295555555552,1.5,1.5,0.010432215294491926,2.136,2.194,2.174,2.092
ds_1,60626,1785085615.510674,1.5315524444444446,1.4755862777777775,1.5,1.5,0.039894693671760455,2.14,2.219,2.142,2.083
ds_1,60630,1785085615.5851083,1.5302629999999997,1.4954309999999997,1.5,1.5,0.030605962327624737,2.146,2.201,2.153,2.059
ds_1,60634,1785085615.6455128,1.5177006111111113,1.5008224444444442,1.5,1.5,0.01771970791438151,2.161,2.213,2.19,2.08
ds_1,60638,1785085615.7131333,1.5252824444444446,1.4850866111111107,1.5,1.5,0.02935321388260021,2.147,2.22,2.165,2.078
ds_1,60642,1785085615.7726722,1.5223915,1.4970806666666663,1.5,1.5,0.02258100483506234,2.139,2.187,2.152,2.066
ds_1,60646,1785085615.830044,1.537349666666667,1.473315,1.5,1.5,0.04590301542503656,2.146,2.227,2.139,2.085
ds_1,60650,1785085615.9053617,1.5143721666666659,1.5107263333333338,1.5,1.5,0.01793358306285193,2.143,2.19,2.185,2.043
ds_1,60654,1785085615.9681845,1.536495611111111,1.4785756111111108,1.5,1.5,0.042319428985228606,2.145,2.212,2.132,2.085
ds_1,60658,1785085616.0349145,1.499209888888888,1.5064998888888894,1.5,1.5,0.006547734809520818,2.147,2.182,2.192,2.094
ds_1,60662,1785085616.0946307,1.5122750555555557,1.479672555555555,1.5,1.5,0.023746199412410785,2.141,2.196,2.151,2.125
ds_1,60666,1785085616.1531649,1.5251297777777777,1.4878742777777778,1.5,1.5,0.027902309412860125,2.142,2.217,2.166,2.063
ds_1,60670,1785085616.2259054,1.5168482777777774,1.4900294444444446,1.5,1.5,0.01957744728414725,2.138,2.193,2.156,2.086
ds_1,60674,1785085616.2907712,1.539542722222222,1.4983792222222225,1.5,1.5,0.03957592451666475,2.154,2.195,2.138,2.06
ds_1,60678,1785085616.3589768,1.5251916111111112,1.5201084444444444,1.5,1.5,0.03223300805616455,2.17,2.182,2.175,2.065
ds_1,60682,1785085616.4194572,1.5285327777777784,1.4950141111111108,1.5,1.5,0.028965125508591084,2.156,2.209,2.163,2.075
ds_1,60686,1785085616.4736538,1.524848166666666,1.4847440000000005,1.5,1.5,0.029157793515531934,2.133,2.215,2.16,2.056
ds_1,60690,1785085616.5484383,1.5155517777777778,1.4881031111111112,1.5,1.5,0.01958044323512497,2.122,2.186,2.148,2.068
ds_1,60694,1785085616.6093488,1.5170153888888886,1.509745388888889,1.5,1.5,0.019608571177824156,2.151,2.186,2.176,2.063
ds_1,60698,1785085616.6772845,1.528517166666667,1.4739296666666666,1.5,1.5,0.03863794863609585,2.14,2.221,2.146,2.09
ds_1,60702,1785085616.7395728,1.5108453333333338,1.475821333333333,1.5,1.5,0.0264996071081991,2.107,2.213,2.165,2.051
ds_1,60706,1785085616.796415,1.5344385555555555,1.4777325555555554,1.5,1.5,0.041010403446436756,2.147,2.22,2.142,2.086
ds_1,60710,1785085616.871505,1.5327590000000002,1.5071798333333337,1.5,1.5,0.03353657835400719,2.172,2.21,2.175,2.066
ds_1,60714,1785085616.9326649,1.5263281111111109,1.4994599444444447,1.5,1.5,0.02633364947518833,2.143,2.197,2.16,2.051
ds_1,60718,1785085617.002204,1.5333346111111108,1.4976054444444447,1.5,1.5,0.033420505595182615,2.153,2.212,2.163,2.051
ds_1,60726,1785085617.119013,1.5240232777777785,1.4837724444444438,1.5,1.5,0.02899054043126771,2.141,2.223,2.168,2.068
ds_1,60730,1785085617.1954591,1.5141260555555556,1.4820500555555554,1.5,1.5,0.022841758932212106,2.139,2.209,2.165,2.098
ds_1,60734,1785085617.257844,1.522569611111111,1.4935962777777774,1.5,1.5,0.023460498801308082,2.147,2.193,2.153,2.086
ds_1,60738,1785085617.3228765,1.5128011666666663,1.4967338333333333,1.5,1.5,0.013211272184093898,2.139,2.202,2.18,2.065
ds_1,60742,1785085617.3952277,1.5020001666666667,1.5005495,1.5,1.5,0.002074275040693621,2.142,2.177,2.175,2.102
ds_1,60746,1785085617.4407117,1.5191085555555555,1.481921055555555,1.5,1.5,0.02630561019336132,2.139,2.213,2.162,2.087
ds_1,60750,1785085617.5152721,1.5238088888888885,1.490504888888889,1.5,1.5,0.02563240771242109,2.147,2.195,2.149,2.091
ds_1,60754,1785085617.5783207,1.5212919999999999,1.4797485,1.5,1.5,0.02938490286269461,2.122,2.215,2.158,2.053
ds_1,60758,1785085617.643703,1.527264388888889,1.4696338888888885,1.5,1.5,0.040809895926073474,2.149,2.228,2.149,2.115
ds_1,60762,1785085617.7092257,1.524463,1.4672538333333334,1.5,1.5,0.04087480642597716,2.128,2.212,2.133,2.1
ds_1,60766,1785085617.7647521,1.5289425555555554,1.4899185555555559,1.5,1.5,0.03064811648654485,2.142,2.195,2.141,2.075
ds_1,60774,1785085617.8997056,1.5124961111111115,1.4782722777777773,1.5,1.5,0.025064850006878477,2.134,2.208,2.161,2.102
ds_1,60778,1785085617.9646916,1.5439957777777782,1.505844611111111,1.5,1.5,0.044382293105604216,2.161,2.186,2.133,2.056
ds_1,60782,1785085618.0283413,1.5280564999999995,1.483679,1.5,1.5,0.03245831531749564,2.156,2.213,2.152,2.104
ds_1,60786,1785085618.0850456,1.5091910555555557,1.4983285555555557,1.5,1.5,0.009341800081150015,2.143,2.18,2.165,2.097
ds_1,60790,1785085618.1586924,1.5348141666666664,1.4883075000000003,1.5,1.5,0.03672520601636451,2.142,2.212,2.148,2.053
ds_1,60794,1785085618.2186348,1.5346715555555557,1.5006513888888886,1.5,1.5,0.034677673972262776,2.16,2.195,2.148,2.073
ds_1,60798,1785085618.286567,1.489972,1.4804971666666664,1.5,1.5,0.021929917738737325,2.108,2.193,2.18,2.091
ds_1,60802,1785085618.3423378,1.5169636666666668,1.4944938333333333,1.5,1.5,0.017834905610596724,2.136,2.19,2.159,2.072
ds_1,60806,1785085618.40953,1.5274327777777779,1.495342111111111,1.5,1.5,0.027825406115745716,2.149,2.21,2.166,2.06
ds_1,60810,1785085618.479615,1.5196543333333328,1.4869768333333333,1.5,1.5,0.023577440251340568,2.153,2.201,2.156,2.113
ds_1,60814,1785085618.54544,1.5388193888888895,1.4802968888888883,1.5,1.5,0.04353340718532892,2.146,2.208,2.127,2.083
ds_1,60818,1785085618.6123278,1.5427259444444443,1.4780159444444443,1.5,1.5,0.04805002629905111,2.126,2.202,2.112,2.049
ds_1,60822,1785085618.6726437,1.5370826666666668,1.51241,1.5,1.5,0.039104120845649036,2.176,2.194,2.16,2.07
ds_1,60826,1785085618.7253788,1.512974333333333,1.4746994999999998,1.5,1.5,0.028433231010464566,2.127,2.193,2.14,2.113
ds_1,60830,1785085618.800315,1.5232135,1.4723935000000006,1.5,1.5,0.03606917554505464,2.128,2.213,2.143,2.086
ds_1,60834,1785085618.8616219,1.5248325000000005,1.5088091666666663,1.5,1.5,0.02634870914506304,2.165,2.196,2.174,2.073
ds_1,60838,1785085618.9299378,1.5255378333333334,1.486135833333333,1.5,1.5,0.029058493572830538,2.149,2.216,2.162,2.083
ds_1,60842,1785085618.9928901,1.5210523888888892,1.5000418888888887,1.5,1.5,0.021052430562954867,2.149,2.188,2.159,2.079
ds_1,60846,1785085619.0493731,1.5162065000000005,1.5059631666666666,1.5,1.5,0.017268757886555096,2.161,2.202,2.188,2.079
ds_1,60850,1785085619.1215763,1.5178830000000003,1.495933,1.5,1.5,0.018339634074866697,2.147,2.21,2.18,2.068
ds_1,60854,1785085619.1847277,1.5217227777777773,1.500586611111111,1.5,1.5,0.021730696882023243,2.153,2.201,2.172,2.071
ds_1,60858,1785085619.2505367,1.5229920555555554,1.486458722222222,1.5,1.5,0.026683343540956174,2.139,2.217,2.167,2.064
ds_1,60862,1785085619.3119764,1.5232915,1.512414,1.5,1.5,0.02639320685801555,2.159,2.183,2.168,2.066
ds_1,60866,1785085619.3676224,1.5270666666666668,1.4862426666666668,1.5,1.5,0.030362290178589813,2.141,2.215,2.159,2.065
ds_1,60870,1785085619.445651,1.5183738333333332,1.4790258333333333,1.5,1.5,0.027883927605741276,2.131,2.213,2.159,2.08
ds_1,60874,1785085619.5087714,1.502452777777778,1.4813649444444443,1.5,1.5,0.01879578182427664,2.134,2.196,2.167,2.12
ds_1,60878,1785085619.5750113,1.5291116666666666,1.4991884999999996,1.5,1.5,0.029122974922921433,2.146,2.21,2.169,2.04
ds_1,60882,1785085619.6422954,1.5269401111111112,1.4971672777777776,1.5,1.5,0.02708863049080348,2.147,2.199,2.158,2.063
ds_1,60886,1785085619.6930404,1.516710111111111,1.497764777777778,1.5,1.5,0.016858945154676477,2.162,2.199,2.173,2.107
ds_1,60890,1785085619.768649,1.5324621111111105,1.4802861111111114,1.5,1.5,0.03797928478675619,2.145,2.21,2.138,2.088
ds_1,60894,1785085619.8314905,1.530872611111111,1.490067277777778,1.5,1.5,0.03243111295595207,2.162,2.214,2.158,2.093
ds_1,60898,1785085619.8946006,1.5031641666666669,1.4755254999999998,1.5,1.5,0.024678190795608464,2.112,2.201,2.163,2.086
ds_1,60902,1785085619.9626489,1.5189320000000004,1.5058219999999995,1.5,1.5,0.019806976245757696,2.162,2.194,2.176,2.086
ds_1,60906,1785085620.01924,1.5231802222222224,1.489922222222222,1.5,1.5,0.025276160847919327,2.134,2.192,2.146,2.07
ds_1,60910,1785085620.0931325,1.5101391666666666,1.4919183333333335,1.5,1.5,0.012965956841110954,2.14,2.199,2.174,2.088
ds_1,60914,1785085620.1503947,1.5212759444444441,1.4944201111111108,1.5,1.5,0.02199547617159997,2.159,2.196,2.159,2.107
ds_1,60918,1785085620.2196915,1.5104970000000006,1.4804781666666658,1.5,1.5,0.022165039717864106,2.133,2.217,2.176,2.087
ds_1,60922,1785085620.2811654,1.5243501111111113,1.4814669444444444,1.5,1.5,0.030600687236543835,2.14,2.21,2.151,2.086
ds_1,60926,1785085620.340917,1.5219506666666662,1.4870706666666669,1.5,1.5,0.02547546717050604,2.146,2.204,2.156,2.092
ds_1,60930,1785085620.412416,1.5174085000000004,1.492577166666666,1.5,1.5,0.018924965705238852,2.155,2.208,2.174,2.097
ds_1,60934,1785085620.4855332,1.5311607222222223,1.493304722222222,1.5,1.5,0.031871889713854566,2.155,2.21,2.158,2.073
ds_1,60938,1785085620.547004,1.5423038888888891,1.5083620555555555,1.5,1.5,0.0431224186269471,2.172,2.19,2.143,2.07
ds_1,60942,1785085620.6016364,1.5350628333333336,1.4856494999999996,1.5,1.5,0.03788586981463063,2.152,2.214,2.146,2.079
ds_1,60946,1785085620.6574173,1.5188710555555558,1.4693897222222223,1.5,1.5,0.03595978091442694,2.112,2.217,2.149,2.064
ds_1,60950,1785085620.7324111,1.5038881666666664,1.4908261666666671,1.5,1.5,0.009963787334921639,2.122,2.186,2.168,2.077
ds_1,60954,1785085620.7942193,1.51758,1.5052578333333335,1.5,1.5,0.01834941991892688,2.134,2.183,2.166,2.043
ds_1,60958,1785085620.862482,1.5261971111111112,1.504447111111111,1.5,1.5,0.026571891686563733,2.166,2.19,2.16,2.092
ds_1,60962,1785085620.9233756,1.506570166666667,1.4963968333333335,1.5,1.5,0.007493323698837517,2.124,2.187,2.173,2.06
ds_1,60966,1785085620.982372,1.5166083333333331,1.4955978333333333,1.5,1.5,0.01718184528716911,2.146,2.188,2.159,2.092
ds_1,60974,1785085621.1163907,1.515258388888889,1.4692578888888883,1.5,1.5,0.03432048698740318,2.133,2.222,2.159,2.107
ds_1,60978,1785085621.1877074,1.5248302222222225,1.490684722222222,1.5,1.5,0.02652007420204777,2.154,2.203,2.156,2.095
ds_1,60982,1785085621.2446146,1.5280345,1.4922563333333334,1.5,1.5,0.02908431817482475,2.166,2.215,2.166,2.098
ds_1,60986,1785085621.301628,1.5230410000000005,1.4671774999999998,1.5,1.5,0.04010242121431121,2.125,2.215,2.138,2.093
ds_1,60990,1785085621.3776438,1.5252196666666666,1.4904036666666662,1.5,1.5,0.026983721022539296,2.147,2.2,2.152,2.084
ds_1,60994,1785085621.4310782,1.5141836666666668,1.4902311666666666,1.5,1.5,0.017222267702180282,2.134,2.194,2.161,2.08
ds_1,60998,1785085621.498566,1.537301833333333,1.4983858333333337,1.5,1.5,0.0373367420117976,2.159,2.189,2.135,2.08
ds_1,61002,1785085621.5632238,1.519637444444445,1.5072812777777775,1.5,1.5,0.020943882887034533,2.149,2.189,2.172,2.059
ds_1,61006,1785085621.619752,1.526125055555556,1.5044150555555553,1.5,1.5,0.026495494774386324,2.148,2.186,2.156,2.059
ds_1,61010,1785085621.6947265,1.5467030555555552,1.5119670555555558,1.5,1.5,0.04821188460219154,2.174,2.195,2.147,2.052
ds_1,61014,1785085621.7594573,1.5298876666666668,1.4915068333333332,1.5,1.5,0.031070991274910472,2.145,2.199,2.146,2.071
ds_1,61018,1785085621.8228142,1.5287412777777778,1.483584611111111,1.5,1.5,0.0330987317079196,2.138,2.216,2.154,2.063
ds_1,61022,1785085621.88551,1.509048222222222,1.4836557222222222,1.5,1.5,0.018681695358287793,2.127,2.194,2.159,2.092
ds_1,61026,1785085621.9447672,1.5139596111111113,1.4980022777777777,1.5,1.5,0.014101830960929275,2.147,2.187,2.165,2.092
ds_1,61030,1785085622.0235338,1.5319247777777778,1.494190111111111,1.5,1.5,0.032449133194304744,2.158,2.203,2.151,2.083
ds_1,61038,1785085622.1445034,1.5245435,1.4905233333333334,1.5,1.5,0.02630951545279981,2.149,2.195,2.148,2.094
ds_1,61042,1785085622.2060473,1.5202026666666668,1.4744541666666664,1.5,1.5,0.03256896285021844,2.141,2.21,2.147,2.114
ds_1,61046,1785085622.2637198,1.526609722222222,1.5012755555555557,1.5,1.5,0.026640277001546354,2.145,2.189,2.154,2.058
ds_1,61050,1785085622.3402765,1.5341806111111105,1.4754151111111116,1.5,1.5,0.042103811438015434,2.143,2.217,2.136,2.088
ds_1,61054,1785085622.3971312,1.5354689444444443,1.4943434444444443,1.5,1.5,0.0359171635956427,2.158,2.193,2.136,2.088
ds_1,61058,1785085622.4655359,1.531829333333333,1.4970933333333336,1.5,1.5,0.031961776727139804,2.155,2.195,2.147,2.077
ds_1,61062,1785085622.52496,1.528818166666667,1.4910661666666662,1.5,1.5,0.030171180090536362,2.152,2.204,2.152,2.083
ds_1,61066,1785085622.5855832,1.5578723333333335,1.5202070000000005,1.5,1.5,0.06129869341547573,2.188,2.199,2.147,2.037
ds_1,61070,1785085622.659172,1.5278025000000006,1.5010453333333325,1.5,1.5,0.027822144561981742,2.158,2.188,2.151,2.085
ds_1,61074,1785085622.7195415,1.5278274444444444,1.508184944444445,1.5,1.5,0.029006205885418586,2.16,2.196,2.169,2.06
ds_1,61078,1785085622.7878506,1.5360281666666669,1.5179156666666664,1.5,1.5,0.04023679790281812,2.167,2.186,2.161,2.045
ds_1,61082,1785085622.848347,1.5341560000000003,1.490476,1.5,1.5,0.035458975055689665,2.148,2.214,2.154,2.058
ds_1,61086,1785085622.9078803,1.5151196666666664,1.486760166666667,1.5,1.5,0.02009720146700877,2.129,2.201,2.162,2.071
ds_1,61090,1785085622.9792325,1.535205333333333,1.509081333333334,1.5,1.5,0.03635775172122468,2.173,2.195,2.159,2.075
ds_1,61094,1785085623.0401444,1.521514611111111,1.4781946111111113,1.5,1.5,0.030632555816614716,2.112,2.196,2.136,2.057
ds_1,61098,1785085623.1086264,1.5364845,1.4942798333333331,1.5,1.5,0.036930191536796136,2.163,2.212,2.154,2.077
ds_1,61102,1785085623.1693087,1.5121960555555554,1.5107380555555556,1.5,1.5,0.0162496033252628,2.151,2.188,2.186,2.065
ds_1,61106,1785085623.2265759,1.5154419444444447,1.4878032777777777,1.5,1.5,0.01967774583613094,2.138,2.201,2.163,2.086
ds_1,61110,1785085623.301596,1.5309766666666667,1.4851021666666664,1.5,1.5,0.034372944532081666,2.147,2.216,2.153,2.074
ds_1,61114,1785085623.362399,1.5505560555555553,1.502948055555556,1.5,1.5,0.05064193701760469,2.169,2.197,2.131,2.06
ds_1,61118,1785085623.431765,1.5345980555555556,1.4916755555555556,1.5,1.5,0.03558541588254876,2.16,2.212,2.153,2.081
ds_1,61122,1785085623.4908535,1.5169256111111111,1.482013611111111,1.5,1.5,0.024697904703575878,2.133,2.206,2.158,2.085
ds_1,61126,1785085623.545431,1.532942944444445,1.4933337777777773,1.5,1.5,0.03361065467059276,2.146,2.188,2.133,2.075
ds_1,61130,1785085623.6210446,1.5172553888888891,1.4910353888888888,1.5,1.5,0.01944512016111644,2.139,2.203,2.167,2.074
ds_1,61134,1785085623.6829586,1.5247530555555553,1.5051645555555557,1.5,1.5,0.025286090908300324,2.153,2.19,2.163,2.065
ds_1,61138,1785085623.7518926,1.5311982777777773,1.5057941111111117,1.5,1.5,0.03173175475556403,2.17,2.195,2.16,2.084
ds_1,61142,1785085623.811605,1.5440549999999997,1.4946643333333334,1.5,1.5,0.044376935042629455,2.176,2.213,2.145,2.091
ds_1,61146,1785085623.8693633,1.5062587777777776,1.5069929444444448,1.5,1.5,0.0093847520625051,2.156,2.202,2.203,2.08
ds_1,61150,1785085623.9442322,1.5297724444444445,1.4986189444444444,1.5,1.5,0.029804458771215164,2.148,2.195,2.152,2.061
ds_1,61154,1785085624.0064366,1.5087255000000006,1.4840641666666659,1.5,1.5,0.018168245217351463,2.118,2.193,2.159,2.074
ds_1,61158,1785085624.0746698,1.5437675,1.486374,1.5,1.5,0.045839523691351705,2.165,2.219,2.14,2.086
ds_1,61162,1785085624.1334758,1.5319002222222222,1.4845910555555555,1.5,1.5,0.03542682241916621,2.145,2.216,2.151,2.07
ds_1,61166,1785085624.1907237,1.5014470000000002,1.4818045,1.5,1.5,0.01825294576910811,2.124,2.196,2.169,2.1
ds_1,61170,1785085624.264903,1.5325244999999996,1.4957450000000005,1.5,1.5,0.032801648209350255,2.152,2.189,2.138,2.08
ds_1,61174,1785085624.3318596,1.525700888888889,1.497341388888889,1.5,1.5,0.025838032098423076,2.158,2.201,2.162,2.085
ds_1,61178,1785085624.3946683,1.5141049999999998,1.4927754999999998,1.5,1.5,0.015847536882746083,2.149,2.221,2.192,2.075
ds_1,61182,1785085624.4591613,1.5142416666666663,1.483525666666667,1.5,1.5,0.021776793341128094,2.134,2.215,2.173,2.077
ds_1,61186,1785085624.511321,1.5432997222222224,1.4869317222222218,1.5,1.5,0.04522881635195416,2.142,2.207,2.129,2.05
ds_1,61190,1785085624.588924,1.5413772222222222,1.4890812222222223,1.5,1.5,0.04279362367208051,2.154,2.215,2.143,2.063
ds_1,61194,1785085624.6483207,1.523823222222222,1.4894897222222225,1.5,1.5,0.026038660795352362,2.151,2.215,2.168,2.081
ds_1,61198,1785085624.715954,1.5184537777777778,1.4951897777777776,1.5,1.5,0.019070399893519996,2.145,2.197,2.165,2.079
ds_1,61202,1785085624.7766817,1.542432777777777,1.488270277777778,1.5,1.5,0.04402416397103641,2.16,2.204,2.129,2.088
ds_1,61206,1785085624.8337555,1.5248301666666666,1.4972168333333336,1.5,1.5,0.02498565975492511,2.148,2.199,2.161,2.068
ds_1,61210,1785085624.9090714,1.525741,1.4914858333333332,1.5,1.5,0.02711254534395067,2.154,2.21,2.163,2.084
ds_1,61214,1785085624.9688182,1.5280667777777774,1.4945941111111112,1.5,1.5,0.02858264595005426,2.155,2.206,2.16,2.078
ds_1,61218,1785085625.035827,1.5389306666666671,1.4859934999999995,1.5,1.5,0.04137364921494307,2.145,2.212,2.139,2.06
ds_1,61222,1785085625.0980148,1.5433970555555558,1.4903868888888887,1.5,1.5,0.044449030767009665,2.175,2.215,2.142,2.1
ds_1,61226,1785085625.1549234,1.5308368333333333,1.4799701666666667,1.5,1.5,0.03677097378896684,2.146,2.215,2.145,2.088
ds_1,61230,1785085625.2294617,1.5333093333333334,1.4911626666666666,1.5,1.5,0.03446172003187829,2.153,2.209,2.151,2.073
ds_1,61234,1785085625.2913728,1.5370813333333333,1.4862613333333332,1.5,1.5,0.03954461080293441,2.147,2.213,2.143,2.065
ds_1,61238,1785085625.3587465,1.5135088888888892,1.4670448888888887,1.5,1.5,0.03561642075445039,2.112,2.21,2.146,2.086
ds_1,61242,1785085625.4219766,1.531812444444444,1.4859589444444448,1.5,1.5,0.034773306754535584,2.142,2.215,2.152,2.061
ds_1,61246,1785085625.4773035,1.5368935000000001,1.4933534999999998,1.5,1.5,0.03748741528166503,2.158,2.207,2.147,2.074
ds_1,61250,1785085625.552135,1.5290581111111115,1.4806282777777773,1.5,1.5,0.03492330802201671,2.138,2.202,2.135,2.086
ds_1,61254,1785085625.609409,1.5311808333333328,1.4992368333333332,1.5,1.5,0.031190171380134916,2.162,2.2,2.156,2.081
ds_1,61258,1785085625.6850252,1.4947987777777776,1.4742654444444447,1.5,1.5,0.02625490548920145,2.117,2.214,2.186,2.098
ds_1,61262,1785085625.7441368,1.5039186111111105,1.4892719444444447,1.5,1.5,0.011421326063255535,2.138,2.207,2.187,2.092
ds_1,61266,1785085625.7993662,1.5298011666666662,1.4806371666666671,1.5,1.5,0.03553911717233342,2.141,2.203,2.135,2.09
ds_1,61270,1785085625.8739352,1.5177171666666662,1.488026333333334,1.5,1.5,0.021383794989170184,2.128,2.193,2.152,2.07
ds_1,61274,1785085625.9374256,1.5328250000000008,1.507490833333333,1.5,1.5,0.03366887596917698,2.169,2.189,2.154,2.081
ds_1,61278,1785085626.0017557,1.5312096666666664,1.502383,1.5,1.5,0.031300510897498544,2.151,2.182,2.142,2.068
ds_1,61282,1785085626.0657842,1.5353659444444445,1.4891792777777775,1.5,1.5,0.03698429471894843,2.146,2.197,2.133,2.074
ds_1,61286,1785085626.121984,1.5364797777777777,1.4896039444444444,1.5,1.5,0.037932204758361183,2.143,2.196,2.131,2.066
ds_1,61290,1785085626.196473,1.511788888888889,1.490048888888889,1.5,1.5,0.015427330085930275,2.129,2.189,2.159,2.079
ds_1,61294,1785085626.255893,1.5275109444444446,1.4833164444444442,1.5,1.5,0.032174416703347274,2.118,2.204,2.143,2.037
ds_1,61298,1785085626.3212986,1.5215463888888894,1.4933948888888884,1.5,1.5,0.02253606813402431,2.139,2.185,2.146,2.08
ds_1,61302,1785085626.3851304,1.5389728333333335,1.4789223333333332,1.5,1.5,0.044307445989798404,2.155,2.212,2.129,2.101
ds_1,61306,1785085626.4407492,1.537782166666667,1.493669,1.5,1.5,0.038308924273957316,2.155,2.2,2.139,2.073
ds_1,61310,1785085626.5312905,1.5183615,1.4851494999999997,1.5,1.5,0.023615292344157136,2.138,2.189,2.143,2.102
ds_1,61314,1785085626.5876868,1.5374901111111108,1.4819089444444442,1.5,1.5,0.041626850976714994,2.138,2.204,2.127,2.068
ds_1,61318,1785085626.6501956,1.5433961111111114,1.491124111111111,1.5,1.5,0.044294512788107615,2.163,2.214,2.142,2.074
ds_1,61322,1785085626.7143853,1.527931611111111,1.4880657777777777,1.5,1.5,0.030374340475337443,2.152,2.202,2.147,2.095
ds_1,61326,1785085626.7687397,1.521391666666667,1.4806609999999998,1.5,1.5,0.02883748123151183,2.129,2.21,2.154,2.07
ds_1,61330,1785085626.8428354,1.5239583888888888,1.4919263888888892,1.5,1.5,0.025282159609587986,2.146,2.206,2.162,2.073
ds_1,61334,1785085626.9021099,1.552080388888889,1.493800888888889,1.5,1.5,0.05244803032894384,2.167,2.199,2.118,2.078
ds_1,61338,1785085626.9688542,1.531419888888889,1.487999888888889,1.5,1.5,0.03363349646511854,2.148,2.201,2.141,2.083
ds_1,61342,1785085627.0328548,1.5246799444444445,1.4761161111111112,1.5,1.5,0.03434442904224287,2.141,2.208,2.141,2.105
ds_1,61346,1785085627.0933638,1.529792333333333,1.487645666666667,1.5,1.5,0.03225232825015155,2.136,2.209,2.151,2.053
ds_1,61350,1785085627.1655352,1.512587055555556,1.4879370555555547,1.5,1.5,0.017434121607595526,2.134,2.192,2.158,2.091
ds_1,61354,1785085627.221579,1.5499220000000005,1.490362666666666,1.5,1.5,0.05084372407463714,2.16,2.22,2.138,2.054
ds_1,61358,1785085627.2935746,1.5363631111111111,1.4971051111111113,1.5,1.5,0.03647816101941029,2.172,2.208,2.154,2.092
ds_1,61362,1785085627.34952,1.5334000555555556,1.4944120555555556,1.5,1.5,0.033864270761798446,2.147,2.193,2.139,2.068
ds_1,61366,1785085627.4108224,1.5471117222222222,1.4877437222222223,1.5,1.5,0.04867987998865515,2.17,2.213,2.131,2.094
ds_1,61370,1785085627.4834824,1.5270099999999998,1.4879680000000006,1.5,1.5,0.029568718673624865,2.136,2.196,2.142,2.07
ds_1,61374,1785085627.543916,1.5201965555555557,1.4699990555555553,1.5,1.5,0.03616569540140632,2.129,2.217,2.148,2.095
ds_1,61378,1785085627.610778,1.516799722222222,1.481823722222222,1.5,1.5,0.024750913934616037,2.124,2.21,2.162,2.063
ds_1,61382,1785085627.6708717,1.5380916111111105,1.5041497777777781,1.5,1.5,0.03831698699852347,2.158,2.19,2.143,2.059
ds_1,61386,1785085627.737134,1.5299701111111115,1.4849581111111105,1.5,1.5,0.03353305803767476,2.142,2.209,2.147,2.073
ds_1,61390,1785085627.8073983,1.5311939444444442,1.4972677777777776,1.5,1.5,0.031313371078098236,2.159,2.189,2.142,2.092
ds_1,61394,1785085627.8687549,1.5337328888888888,1.499493388888889,1.5,1.5,0.03373669289672625,2.162,2.209,2.162,2.067
ds_1,61398,1785085627.932173,1.5210319444444438,1.4905259444444448,1.5,1.5,0.023067301874816593,2.136,2.2,2.158,2.067
ds_1,61402,1785085627.999298,1.5266618888888885,1.489542388888889,1.5,1.5,0.028639447433123952,2.149,2.209,2.158,2.079
ds_1,61406,1785085628.0540872,1.5104992222222224,1.485106722222222,1.5,1.5,0.018222057793719774,2.134,2.194,2.159,2.1
ds_1,61410,1785085628.1266642,1.5331539444444444,1.4912972777777773,1.5,1.5,0.03427712657593217,2.158,2.194,2.136,2.099
ds_1,61414,1785085628.1855145,1.4943330555555563,1.4855210555555554,1.5,1.5,0.015548443380664374,2.128,2.209,2.197,2.094
ds_1,61418,1785085628.2514281,1.503076722222222,1.4790582222222224,1.5,1.5,0.02116658395033397,2.112,2.2,2.167,2.077
ds_1,61422,1785085628.312009,1.5167495555555561,1.4803662222222222,1.5,1.5,0.025807612077366253,2.136,2.208,2.158,2.094
ds_1,61426,1785085628.3702288,1.5019631666666668,1.4924536666666663,1.5,1.5,0.007797510509059571,2.138,2.201,2.188,2.092
ds_1,61430,1785085628.4469795,1.5208378333333332,1.4867080000000004,1.5,1.5,0.024716240855513678,2.152,2.202,2.155,2.109
ds_1,61434,1785085628.5073884,1.5331453888888888,1.4896853888888888,1.5,1.5,0.03471322524585025,2.155,2.203,2.143,2.088
ds_1,61438,1785085628.5744023,1.5249048333333333,1.485075666666667,1.5,1.5,0.029034228917013537,2.133,2.2,2.145,2.071
ds_1,61442,1785085628.6342173,1.5311533333333331,1.4885258333333338,1.5,1.5,0.033199196955230714,2.132,2.197,2.138,2.053
ds_1,61446,1785085628.6906657,1.5229298333333336,1.4997191666666663,1.5,1.5,0.02293155302319427,2.149,2.192,2.16,2.073
ds_1,61450,1785085628.7680128,1.5541872777777772,1.498657444444445,1.5,1.5,0.054203906947615316,2.161,2.202,2.125,2.045
ds_1,61454,1785085628.8328137,1.5284133333333336,1.4943775000000001,1.5,1.5,0.02896428865622503,2.145,2.196,2.149,2.068
ds_1,61458,1785085628.8952854,1.5348288888888892,1.4926048888888888,1.5,1.5,0.03560532501719755,2.161,2.213,2.155,2.079
ds_1,61462,1785085628.961045,1.5258178333333332,1.4909858333333332,1.5,1.5,0.02734621945941006,2.141,2.201,2.153,2.068
ds_1,61466,1785085629.0129867,1.5216305555555554,1.4982385555555557,1.5,1.5,0.021702157039631593,2.148,2.209,2.177,2.059
ds_1,61470,1785085629.0881567,1.532675277777778,1.4842231111111108,1.5,1.5,0.036284762654140386,2.149,2.203,2.136,2.092
ds_1,61474,1785085629.1485946,1.5255941666666666,1.4814809999999998,1.5,1.5,0.03159137110606492,2.147,2.2,2.139,2.109
ds_1,61478,1785085629.2173011,1.5284185,1.4869319999999997,1.5,1.5,0.03127912668617847,2.152,2.212,2.155,2.087
ds_1,61482,1785085629.2785017,1.5441338888888891,1.4855843888888887,1.5,1.5,0.04642854716834901,2.147,2.209,2.128,2.061
ds_1,61486,1785085629.3339233,1.5230586666666666,1.4916471666666666,1.5,1.5,0.024524924732583473,2.138,2.213,2.17,2.051
ds_1,61490,1785085629.4088714,1.5025857777777776,1.4669056111111112,1.5,1.5,0.03319525301372256,2.104,2.209,2.16,2.087
ds_1,61494,1785085629.4709413,1.5290210000000002,1.4868163333333333,1.5,1.5,0.03187518639596935,2.145,2.212,2.154,2.072
ds_1,61498,1785085629.5358455,1.499171888888889,1.4699318888888886,1.5,1.5,0.030079512526011567,2.106,2.213,2.173,2.083
ds_1,61502,1785085629.5984309,1.5417563888888888,1.4823063888888888,1.5,1.5,0.04535041220530804,2.154,2.216,2.134,2.081
ds_1,61506,1785085629.6564507,1.529463111111111,1.5003164444444448,1.5,1.5,0.0294648104258638,2.162,2.206,2.166,2.074
ds_1,61514,1785085629.7924945,1.5305271111111114,1.4677566111111109,1.5,1.5,0.04440203418572485,2.125,2.208,2.121,2.088
ds_1,61518,1785085629.8619468,1.5392522777777777,1.4970862777777774,1.5,1.5,0.03936027296567057,2.163,2.21,2.152,2.067
ds_1,61522,1785085629.9254806,1.5099975,1.4916516666666666,1.5,1.5,0.013024771617746227,2.139,2.214,2.189,2.071
ds_1,61526,1785085629.9787765,1.5271953333333332,1.5016861666666668,1.5,1.5,0.02724755609479287,2.169,2.204,2.169,2.09
ds_1,61530,1785085630.0543845,1.5287789444444442,1.4889497777777778,1.5,1.5,0.03082750483735097,2.146,2.2,2.145,2.081
ds_1,61534,1785085630.1157923,1.5338122777777778,1.4968967777777775,1.5,1.5,0.033954382878828834,2.148,2.197,2.146,2.058
ds_1,61542,1785085630.2415302,1.519311111111111,1.5069549444444448,1.5,1.5,0.02052535662469693,2.156,2.189,2.172,2.075
ds_1,61546,1785085630.2993195,1.536499888888889,1.4871998888888887,1.5,1.5,0.03867925456052687,2.142,2.209,2.141,2.057
ds_1,61550,1785085630.3735182,1.540291722222222,1.4835597222222225,1.5,1.5,0.04351672796802616,2.152,2.221,2.143,2.07
ds_1,61554,1785085630.4395342,1.5289122777777775,1.486823611111111,1.5,1.5,0.031773212466645585,2.153,2.206,2.148,2.095
ds_1,61558,1785085630.5027199,1.518559555555556,1.4879555555555553,1.5,1.5,0.022125228685712726,2.143,2.207,2.165,2.085
ds_1,61562,1785085630.5657442,1.5433191111111109,1.4834069444444447,1.5,1.5,0.046388305424174686,2.152,2.207,2.124,2.081
ds_1,61566,1785085630.6197224,1.5219226666666663,1.4885880000000005,1.5,1.5,0.024715118000482046,2.145,2.197,2.151,2.093
ds_1,61570,1785085630.6942308,1.5362235000000002,1.5043528333333334,1.5,1.5,0.036484093935272556,2.16,2.195,2.151,2.06
ds_1,61574,1785085630.7573028,1.5093551666666665,1.4845691666666667,1.5,1.5,0.018045214344036397,2.143,2.204,2.17,2.111
ds_1,61578,1785085630.8215034,1.5271506666666668,1.4981773333333328,1.5,1.5,0.027211777123558645,2.159,2.193,2.153,2.091
ds_1,61582,1785085630.8850913,1.5219181666666672,1.5080956666666658,1.5,1.5,0.023365484133772343,2.159,2.192,2.173,2.071
ds_1,61586,1785085630.9411054,1.5122170555555559,1.5049337222222219,1.5,1.5,0.013175661706858757,2.142,2.19,2.18,2.061
ds_1,61590,1785085631.020643,1.5231608333333333,1.4823181666666663,1.5,1.5,0.02913883029090623,2.142,2.216,2.16,2.083
ds_1,61594,1785085631.07889,1.532143277777778,1.4895157777777779,1.5,1.5,0.03380989828296335,2.151,2.197,2.138,2.088
ds_1,61598,1785085631.1452427,1.5437516666666666,1.4895891666666667,1.5,1.5,0.04497325635091983,2.156,2.204,2.129,2.074
ds_1,61602,1785085631.206925,1.526956111111111,1.4994314444444445,1.5,1.5,0.02696210640239951,2.149,2.192,2.154,2.068
ds_1,61606,1785085631.262905,1.5153582222222222,1.484075722222222,1.5,1.5,0.0221236889458108,2.147,2.204,2.161,2.112
ds_1,61610,1785085631.3378541,1.5233532777777776,1.4623692777777775,1.5,1.5,0.04428822459674935,2.124,2.22,2.136,2.099
ds_1,61614,1785085631.4008965,1.516217333333334,1.4727573333333326,1.5,1.5,0.031704333892318526,2.111,2.203,2.143,2.071
ds_1,61618,1785085631.465608,1.538679111111111,1.4743469444444441,1.5,1.5,0.04641285269924823,2.146,2.213,2.124,2.095
ds_1,61622,1785085631.5266628,1.5287719444444448,1.4915164444444446,1.5,1.5,0.029996591506009637,2.153,2.217,2.166,2.07
ds_1,61626,1785085631.5848393,1.5202757222222218,1.4898117222222227,1.5,1.5,0.022691538416551926,2.148,2.197,2.155,2.098
ds_1,61630,1785085631.6676812,1.529932,1.4972545,1.5,1.5,0.03005765117653082,2.156,2.201,2.156,2.075
ds_1,61634,1785085631.713336,1.5192876111111109,1.4806417777777776,1.5,1.5,0.027326776428594584,2.132,2.214,2.161,2.075
ds_1,61638,1785085631.7914016,1.538176444444445,1.495817111111111,1.5,1.5,0.038404914657848,2.168,2.22,2.162,2.072
ds_1,61642,1785085631.8503754,1.5415496666666668,1.4863989999999998,1.5,1.5,0.04371912626198206,2.16,2.215,2.139,2.083
ds_1,61646,1785085631.9059706,1.5069386666666664,1.4908933333333334,1.5,1.5,0.011448863388515224,2.129,2.199,2.177,2.073
ds_1,61650,1785085631.991041,1.5259808888888886,1.499211388888889,1.5,1.5,0.02599285469011327,2.146,2.189,2.152,2.067
ds_1,61654,1785085632.0484502,1.5322481666666665,1.4771228333333335,1.5,1.5,0.03953870266024846,2.142,2.214,2.138,2.087
ds_1,61658,1785085632.1156662,1.5181443333333335,1.4832803333333335,1.5,1.5,0.024673145027652155,2.138,2.203,2.155,2.093
ds_1,61662,1785085632.1758742,1.5293790000000003,1.5004056666666663,1.5,1.5,0.02938180059908616,2.154,2.193,2.153,2.071
ds_1,61666,1785085632.2292166,1.5141696111111111,1.4748936111111113,1.5,1.5,0.028828954925217795,2.127,2.209,2.155,2.094
ds_1,61670,1785085632.326764,1.5431971666666666,1.4791918333333332,1.5,1.5,0.047947627762544826,2.151,2.226,2.138,2.071
ds_1,61674,1785085632.3714395,1.5330183888888889,1.5033138888888886,1.5,1.5,0.033184271340287085,2.163,2.194,2.153,2.075
ds_1,61678,1785085632.436101,1.542724888888889,1.490860888888889,1.5,1.5,0.04369141199903176,2.153,2.197,2.125,2.073
ds_1,61682,1785085632.4995246,1.5172953888888894,1.4918328888888883,1.5,1.5,0.019126739939654167,2.142,2.2,2.165,2.081
ds_1,61686,1785085632.5544257,1.511078666666667,1.4762146666666662,1.5,1.5,0.02623888215776188,2.129,2.203,2.155,2.105
ds_1,61690,1785085632.632952,1.5244972222222217,1.4997452222222227,1.5,1.5,0.02449854706550907,2.148,2.201,2.167,2.059
ds_1,61694,1785085632.6867201,1.5224183888888887,1.4848223888888887,1.5,1.5,0.02707293924592556,2.122,2.195,2.143,2.058
ds_1,61698,1785085632.7636077,1.5274694444444439,1.4949119444444445,1.5,1.5,0.027936690702780237,2.145,2.193,2.148,2.071
ds_1,61702,1785085632.8278809,1.5177633333333336,1.4792234999999998,1.5,1.5,0.027334940339447018,2.141,2.208,2.155,2.106
ds_1,61706,1785085632.872445,1.5133641111111111,1.4865822777777777,1.5,1.5,0.01893765390492817,2.138,2.19,2.153,2.104
ds_1,61710,1785085632.9478374,1.5388158333333335,1.4842225000000002,1.5,1.5,0.04189986185670684,2.155,2.193,2.117,2.106
ds_1,61714,1785085633.0116978,1.53824,1.4859440000000002,1.5,1.5,0.040741486668996255,2.159,2.215,2.143,2.087
ds_1,61718,1785085633.077497,1.5205231111111106,1.4832676111111114,1.5,1.5,0.026479632316329372,2.142,2.217,2.166,2.083
ds_1,61722,1785085633.1385202,1.5345262222222222,1.487006222222222,1.5,1.5,0.03689035486243728,2.135,2.193,2.127,2.063
ds_1,61726,1785085633.1978471,1.5150595000000004,1.4844414999999997,1.5,1.5,0.021653070509745756,2.142,2.208,2.166,2.097
ds_1,61730,1785085633.2722373,1.5160395,1.4899514999999999,1.5,1.5,0.01892717391741308,2.152,2.192,2.156,2.117
ds_1,61734,1785085633.3332148,1.5116071666666664,1.4845416666666666,1.5,1.5,0.01933096964645634,2.134,2.213,2.176,2.08
ds_1,61738,1785085633.3961012,1.5398408333333335,1.4875928333333333,1.5,1.5,0.041728045549592994,2.158,2.213,2.141,2.08
ds_1,61742,1785085633.4660478,1.5209432777777776,1.4948312777777784,1.5,1.5,0.02157166135205263,2.136,2.194,2.158,2.061
ds_1,61746,1785085633.518879,1.5402848333333332,1.4975983333333331,1.5,1.5,0.04035636008700752,2.167,2.2,2.141,2.083
ds_1,61750,1785085633.5888195,1.5294275555555557,1.4828995555555555,1.5,1.5,0.034035367284236055,2.135,2.213,2.149,2.061
ds_1,61754,1785085633.6533499,1.5272824999999999,1.484576333333333,1.5,1.5,0.0313404578730823,2.134,2.201,2.142,2.07
ds_1,61758,1785085633.7178202,1.5282096111111108,1.5057087777777782,1.5,1.5,0.02878145762042218,2.162,2.193,2.162,2.074
ds_1,61762,1785085633.7802975,1.5244804999999997,1.5027105000000003,1.5,1.5,0.02463009724909721,2.161,2.192,2.162,2.087
ds_1,61766,1785085633.8422296,1.5392191666666666,1.4950856666666665,1.5,1.5,0.03952586123209567,2.158,2.201,2.14,2.072
ds_1,61770,1785085633.9089746,1.5178686111111108,1.4880684444444447,1.5,1.5,0.021486025249343222,2.143,2.201,2.16,2.092
ds_1,61774,1785085633.973509,1.5142856666666669,1.4779023333333337,1.5,1.5,0.026313250354568777,2.121,2.208,2.158,2.074
ds_1,61778,1785085634.0496707,1.5059088333333333,1.4833769999999997,1.5,1.5,0.017641951149493622,2.121,2.196,2.165,2.083
ds_1,61782,1785085634.1072145,1.5068249444444446,1.4886791111111106,1.5,1.5,0.013219016298663608,2.128,2.19,2.165,2.087
ds_1,61786,1785085634.156134,1.5242842222222224,1.4916817222222223,1.5,1.5,0.025669382425889203,2.149,2.196,2.151,2.09
ds_1,61790,1785085634.2458532,1.5074863333333337,1.4950735,1.5,1.5,0.008961896508428553,2.145,2.199,2.182,2.093
ds_1,61794,1785085634.2976751,1.5307095000000004,1.4860075,1.5,1.5,0.03374705093041503,2.146,2.194,2.132,2.093
ds_1,61798,1785085634.3619747,1.5172123888888884,1.4931938888888887,1.5,1.5,0.01850917285345627,2.139,2.2,2.167,2.071
ds_1,61802,1785085634.4235525,1.5160616666666666,1.4853876666666666,1.5,1.5,0.021713991377808873,2.131,2.212,2.17,2.066
ds_1,61806,1785085634.4795742,1.5390605,1.4929591666666662,1.5,1.5,0.03968999866815039,2.147,2.193,2.129,2.064
ds_1,61810,1785085634.5577154,1.5426682777777778,1.5014097777777775,1.5,1.5,0.042691561249318624,2.172,2.2,2.143,2.079
ds_1,61814,1785085634.6162157,1.5268683333333337,1.4906683333333335,1.5,1.5,0.02844270273530465,2.132,2.197,2.147,2.053
ds_1,61818,1785085634.687098,1.5289608888888886,1.4913995555555555,1.5,1.5,0.030210937255843742,2.145,2.193,2.141,2.079
ds_1,61822,1785085634.747098,1.5341189999999998,1.4936870000000004,1.5,1.5,0.034698128623889504,2.147,2.194,2.138,2.068
ds_1,61826,1785085634.801497,1.5281772222222219,1.4884580555555555,1.5,1.5,0.03044950465474135,2.154,2.194,2.139,2.106
ds_1,61830,1785085634.872884,1.5251736666666666,1.489705833333333,1.5,1.5,0.027197120450620508,2.142,2.196,2.147,2.08
ds_1,61834,1785085634.9403095,1.5415023333333329,1.5038196666666668,1.5,1.5,0.04167773417012395,2.175,2.2,2.148,2.08
ds_1,61838,1785085635.0028937,1.5221822777777774,1.4821881111111115,1.5,1.5,0.02844849439250847,2.138,2.209,2.154,2.084
ds_1,61842,1785085635.065794,1.5272730000000005,1.4693529999999995,1.5,1.5,0.04102505500301081,2.129,2.212,2.132,2.092
ds_1,61846,1785085635.1211941,1.5475236666666667,1.501733166666667,1.5,1.5,0.047555260068039756,2.17,2.212,2.149,2.054
ds_1,61850,1785085635.19552,1.5307515,1.482009,1.5,1.5,0.03562766948945729,2.143,2.216,2.149,2.075
ds_1,61854,1785085635.2584293,1.5291016111111113,1.495521611111111,1.5,1.5,0.029444180007303356,2.151,2.213,2.167,2.058
ds_1,61858,1785085635.3239615,1.5176613888888895,1.493697888888889,1.5,1.5,0.018752100200814227,2.136,2.195,2.162,2.068
ds_1,61862,1785085635.386264,1.5467811666666667,1.497639833333333,1.5,1.5,0.04684066546697313,2.163,2.202,2.134,2.063
ds_1,61866,1785085635.4407692,1.5293372777777776,1.490815111111111,1.5,1.5,0.030741471196280137,2.155,2.207,2.154,2.086
ds_1,61870,1785085635.516264,1.5115367222222222,1.4875182222222225,1.5,1.5,0.016996786052855293,2.128,2.2,2.167,2.073
ds_1,61874,1785085635.5770087,1.5150684444444444,1.487990611111111,1.5,1.5,0.019268716601265373,2.135,2.214,2.177,2.066
ds_1,61878,1785085635.6451497,1.5252970555555556,1.5034970555555556,1.5,1.5,0.02553762748063158,2.156,2.195,2.165,2.07
ds_1,61882,1785085635.7078266,1.519907,1.4923569999999997,1.5,1.5,0.021323791829784878,2.141,2.194,2.156,2.08
ds_1,61886,1785085635.7636762,1.5160692222222225,1.4913852222222221,1.5,1.5,0.01823278089013481,2.136,2.195,2.161,2.077
ds_1,61890,1785085635.8390985,1.5156666666666667,1.4836786666666668,1.5,1.5,0.022623668275110007,2.129,2.203,2.159,2.077
ds_1,61894,1785085635.9034283,1.5532770555555553,1.5034245555555554,1.5,1.5,0.05338700431212459,2.185,2.202,2.133,2.083
ds_1,61898,1785085635.9660017,1.5393721111111105,1.4885754444444446,1.5,1.5,0.04099614131827047,2.147,2.212,2.142,2.056
ds_1,61902,1785085636.0309339,1.5297061666666667,1.4984236666666666,1.5,1.5,0.029747960683138563,2.159,2.204,2.161,2.075
ds_1,61906,1785085636.0912447,1.5336498888888885,1.4903298888888887,1.5,1.5,0.03501179902741049,2.143,2.196,2.136,2.068
ds_1,61910,1785085636.166882,1.5384360000000001,1.4908279999999996,1.5,1.5,0.03951520821152304,2.149,2.197,2.131,2.071
ds_1,61914,1785085636.2281246,1.5385315555555554,1.4909675555555553,1.5,1.5,0.03957607643732303,2.155,2.195,2.129,2.085
ds_1,61918,1785085636.2967196,1.5133034444444444,1.4827694444444444,1.5,1.5,0.021768639802236346,2.127,2.202,2.16,2.08
ds_1,61922,1785085636.3532538,1.5267146666666664,1.4847613333333334,1.5,1.5,0.030755330869442384,2.145,2.199,2.141,2.095
ds_1,61926,1785085636.4138448,1.5419711111111114,1.4986511111111107,1.5,1.5,0.041992781155048876,2.17,2.196,2.136,2.088
ds_1,61930,1785085636.4875302,1.524070111111111,1.4879034444444448,1.5,1.5,0.02693876213209998,2.128,2.195,2.145,2.059
ds_1,61934,1785085636.5423222,1.5453790555555555,1.478403555555556,1.5,1.5,0.05025599561998704,2.145,2.207,2.114,2.078
ds_1,61938,1785085636.6137154,1.5477692777777776,1.4967084444444445,1.5,1.5,0.04788254627090947,2.165,2.193,2.122,2.078
ds_1,61942,1785085636.6714063,1.5205278888888891,1.4792313888888893,1.5,1.5,0.02920153129065545,2.132,2.202,2.145,2.09
ds_1,61946,1785085636.729241,1.5357684999999999,1.487338666666667,1.5,1.5,0.03794331237553937,2.14,2.202,2.135,2.061
ds_1,61950,1785085636.8066092,1.5230953333333335,1.5078108333333329,1.5,1.5,0.024380392514044724,2.159,2.194,2.173,2.068
ds_1,61954,1785085636.8601549,1.5187602777777776,1.4925522777777778,1.5,1.5,0.020184563126279382,2.147,2.202,2.166,2.085
ds_1,61958,1785085636.9374886,1.533028722222222,1.5047212222222226,1.5,1.5,0.033364448607826794,2.166,2.197,2.158,2.074
ds_1,61962,1785085636.9945145,1.547363722222222,1.4844192222222221,1.5,1.5,0.04986063396011236,2.155,2.214,2.127,2.071
ds_1,61966,1785085637.0643961,1.5442766666666672,1.5007566666666663,1.5,1.5,0.04428313172705382,2.17,2.206,2.146,2.068
ds_1,61970,1785085637.126157,1.538269611111111,1.4956027777777778,1.5,1.5,0.03852140570990718,2.158,2.199,2.14,2.074
ds_1,61974,1785085637.1870012,1.5202944999999997,1.4855585,1.5,1.5,0.024908304890136262,2.143,2.195,2.147,2.102
ds_1,61978,1785085637.258666,1.542772,1.4936759999999996,1.5,1.5,0.04323698601891682,2.158,2.2,2.132,2.072
ds_1,61982,1785085637.3161,1.552749277777778,1.505960111111111,1.5,1.5,0.05308492470121792,2.185,2.192,2.127,2.087
ds_1,61986,1785085637.3747725,1.546750611111111,1.4970361111111115,1.5,1.5,0.046844469007642754,2.161,2.196,2.127,2.067
ds_1,61990,1785085637.4444625,1.5312396666666663,1.4828768333333335,1.5,1.5,0.035624705053359546,2.129,2.199,2.132,2.061
ds_1,61994,1785085637.5068173,1.5316660555555557,1.4917085555555556,1.5,1.5,0.03273357795021569,2.154,2.207,2.152,2.078
ds_1,61998,1785085637.5759544,1.5104561111111114,1.486415611111111,1.5,1.5,0.017142516765413316,2.136,2.202,2.169,2.092
ds_1,62002,1785085637.6370177,1.5327778888888888,1.4978338888888887,1.5,1.5,0.03284938412448577,2.159,2.208,2.16,2.068
ds_1,62006,1785085637.6914508,1.5328226666666664,1.4980866666666668,1.5,1.5,0.03287838638916972,2.159,2.195,2.147,2.081
ds_1,62010,1785085637.7695842,1.534387666666666,1.5017701666666672,1.5,1.5,0.0344331977719978,2.149,2.197,2.152,2.045
ds_1,62014,1785085637.8283417,1.526116,1.4932585,1.5,1.5,0.026972083313122123,2.152,2.213,2.168,2.071
ds_1,62018,1785085637.8977098,1.5275018333333334,1.4826138333333336,1.5,1.5,0.03253658906608914,2.149,2.203,2.141,2.104
ds_1,62022,1785085637.9571004,1.5227905555555554,1.4834425555555555,1.5,1.5,0.028170168424447247,2.134,2.213,2.159,2.067
ds_1,62026,1785085638.0178692,1.5175540000000003,1.4950428333333332,1.5,1.5,0.01824051581949158,2.147,2.194,2.163,2.088
ds_1,62030,1785085638.0890522,1.5184070000000003,1.4929211666666666,1.5,1.5,0.01972124565946893,2.14,2.202,2.167,2.07
ds_1,62034,1785085638.1601183,1.5280031111111114,1.4882289444444443,1.5,1.5,0.03037650376184248,2.14,2.197,2.142,2.075
ds_1,62042,1785085638.2916763,1.538483888888889,1.4845213888888886,1.5,1.5,0.04148008083335149,2.146,2.196,2.121,2.084
ds_1,62046,1785085638.3423786,1.526565777777778,1.4844771111111112,1.5,1.5,0.030768500587371243,2.134,2.206,2.148,2.066
ds_1,62050,1785085638.413669,1.529406333333333,1.489448833333333,1.5,1.5,0.031241951893869767,2.143,2.207,2.152,2.065
ds_1,62054,1785085638.471755,1.535691666666667,1.4887075,1.5,1.5,0.03743548618215689,2.151,2.201,2.136,2.081
ds_1,62058,1785085638.5430803,1.5109719444444447,1.4906066111111107,1.5,1.5,0.01444366019088964,2.126,2.196,2.168,2.065
ds_1,62062,1785085638.5989428,1.5444876111111112,1.5004964444444444,1.5,1.5,0.044490380976789645,2.168,2.194,2.133,2.077
ds_1,62066,1785085638.65516,1.535227,1.495933,1.5,1.5,0.03546099290770061,2.161,2.21,2.156,2.072
ds_1,62070,1785085638.7309914,1.5248958333333331,1.4930984999999999,1.5,1.5,0.025834728944022268,2.143,2.19,2.146,2.079
ds_1,62074,1785085638.7933211,1.519102111111111,1.4986714444444444,1.5,1.5,0.019148256024124632,2.138,2.203,2.175,2.047
ds_1,62078,1785085638.860801,1.5331514999999998,1.4959130000000003,1.5,1.5,0.03340247777111727,2.165,2.216,2.165,2.077
ds_1,62082,1785085638.9156232,1.5230061666666663,1.5098901666666673,1.5,1.5,0.025041946837034975,2.17,2.195,2.177,2.084
ds_1,62086,1785085638.9775844,1.5312333333333332,1.498036666666667,1.5,1.5,0.031294980250654914,2.148,2.188,2.142,2.068
ds_1,62090,1785085639.0558186,1.514239388888889,1.4649167222222221,1.5,1.5,0.037862865390270416,2.109,2.21,2.142,2.085
ds_1,62094,1785085639.1144102,1.5085341666666667,1.4976116666666666,1.5,1.5,0.008862061656609998,2.135,2.192,2.177,2.071
ds_1,62098,1785085639.184083,1.5173175,1.4868955000000001,1.5,1.5,0.02171689956002006,2.132,2.194,2.152,2.081
ds_1,62102,1785085639.244283,1.5112636111111113,1.4822502777777773,1.5,1.5,0.02102193079211366,2.135,2.196,2.156,2.107
ds_1,62106,1785085639.2986758,1.5406751666666665,1.4786118333333331,1.5,1.5,0.04595566185707933,2.143,2.208,2.122,2.079
ds_1,62110,1785085639.3733997,1.5222627777777775,1.5055379444444448,1.5,1.5,0.022941231506884308,2.161,2.193,2.17,2.081
ds_1,62114,1785085639.4380417,1.5236335,1.4858988333333334,1.5,1.5,0.027520632689150035,2.146,2.203,2.151,2.094
ds_1,62118,1785085639.5008621,1.5194635555555556,1.4831635555555558,1.5,1.5,0.025735109410978892,2.129,2.203,2.153,2.073
ds_1,62122,1785085639.5640845,1.512789333333333,1.4946018333333337,1.5,1.5,0.013881903704903437,2.146,2.195,2.17,2.093
ds_1,62126,1785085639.6191807,1.5028768888888888,1.476548888888889,1.5,1.5,0.023626914780069994,2.118,2.212,2.176,2.084
ds_1,62130,1785085639.696418,1.541377777777778,1.4864297777777775,1.5,1.5,0.043546198743262036,2.151,2.207,2.131,2.073
ds_1,62134,1785085639.7575555,1.523916277777778,1.499186944444445,1.5,1.5,0.023930094067517865,2.153,2.199,2.165,2.074
ds_1,62138,1785085639.8223648,1.5310568333333336,1.4846141666666666,1.5,1.5,0.03465906467369796,2.136,2.209,2.145,2.06
ds_1,62142,1785085639.8921733,1.531007222222222,1.4795677222222225,1.5,1.5,0.03713389025036986,2.141,2.209,2.138,2.085
ds_1,62146,1785085639.945483,1.5445719444444446,1.5025992777777777,1.5,1.5,0.04464767044902457,2.174,2.2,2.142,2.077
ds_1,62150,1785085640.0182836,1.5323194444444443,1.4930614444444446,1.5,1.5,0.0330558624512363,2.153,2.208,2.154,2.07
ds_1,62154,1785085640.0790255,1.5152988333333333,1.4891508333333336,1.5,1.5,0.018755231769354737,2.128,2.197,2.161,2.066
ds_1,62158,1785085640.1456447,1.5397105000000002,1.4711679999999996,1.5,1.5,0.04907349625052244,2.132,2.212,2.117,2.075
ds_1,62162,1785085640.206614,1.5280840000000002,1.4810998333333334,1.5,1.5,0.03385154879806518,2.136,2.201,2.136,2.083
ds_1,62166,1785085640.2613788,1.539016333333333,1.4943143333333333,1.5,1.5,0.039428429745834465,2.159,2.194,2.132,2.084
ds_1,62170,1785085640.3384953,1.508970555555555,1.4929545555555557,1.5,1.5,0.011406539983494153,2.142,2.195,2.173,2.095
ds_1,62174,1785085640.401986,1.5019915555555559,1.4743148888888886,1.5,1.5,0.02576220538542853,2.112,2.204,2.166,2.088
ds_1,62178,1785085640.4661074,1.5209244444444439,1.4925909444444447,1.5,1.5,0.022197443085497974,2.148,2.199,2.16,2.087
ds_1,62182,1785085640.5297303,1.5300938333333332,1.503201,1.5,1.5,0.030263595386114214,2.16,2.199,2.162,2.068
ds_1,62186,1785085640.5842597,1.5231203888888885,1.4875872222222222,1.5,1.5,0.02624174983750001,2.145,2.2,2.151,2.091
ds_1,62190,1785085640.659751,1.5124761666666666,1.490526166666667,1.5,1.5,0.015665511569119474,2.14,2.21,2.18,2.077
ds_1,62194,1785085640.719654,1.5329242777777778,1.503950944444444,1.5,1.5,0.03316048897696413,2.159,2.193,2.153,2.066
ds_1,62198,1785085640.788819,1.5136801111111111,1.489672611111111,1.5,1.5,0.017140606794238504,2.133,2.199,2.166,2.075
ds_1,62202,1785085640.8489661,1.5230785000000002,1.4969545000000004,1.5,1.5,0.02327857883333963,2.155,2.195,2.159,2.09
ds_1,62206,1785085640.907944,1.5167433333333338,1.4689813333333333,1.5,1.5,0.035249069390395384,2.108,2.204,2.138,2.074
ds_1,62210,1785085640.9832318,1.5140742777777774,1.483624277777778,1.5,1.5,0.0215928130002882,2.133,2.196,2.154,2.095
ds_1,62214,1785085641.041737,1.5138277777777778,1.4746777777777782,1.5,1.5,0.028851730910695608,2.112,2.202,2.148,2.072
ds_1,62218,1785085641.1087456,1.5137466666666661,1.496991166666667,1.5,1.5,0.014072097301831198,2.152,2.197,2.174,2.095
ds_1,62222,1785085641.1721592,1.5357443333333334,1.4959885000000004,1.5,1.5,0.035968729442314815,2.162,2.196,2.141,2.088
ds_1,62226,1785085641.2275841,1.5292501666666667,1.4842588333333335,1.5,1.5,0.033216811678057706,2.14,2.208,2.146,2.073
ds_1,62230,1785085641.3014846,1.5209937777777776,1.4948577777777778,1.5,1.5,0.021614373799983707,2.156,2.196,2.16,2.1
ds_1,62234,1785085641.3624096,1.5251078333333332,1.4757851666666666,1.5,1.5,0.03488210784995014,2.135,2.21,2.142,2.091
ds_1,62238,1785085641.4302716,1.5087502222222227,1.4760277222222218,1.5,1.5,0.02551933562601579,2.145,2.204,2.159,2.14
ds_1,62242,1785085641.493405,1.5233935555555551,1.5131875555555558,1.5,1.5,0.026854609717173607,2.182,2.194,2.18,2.1
ds_1,62246,1785085641.55085,1.526952833333333,1.467013,1.5,1.5,0.04259809143253296,2.117,2.208,2.125,2.079
ds_1,62250,1785085641.6233306,1.5205648333333335,1.5037633333333333,1.5,1.5,0.020906339895007005,2.161,2.203,2.18,2.078
ds_1,62254,1785085641.690618,1.5243553333333335,1.4828688333333333,1.5,1.5,0.029776822079243082,2.143,2.212,2.155,2.086
ds_1,62258,1785085641.752802,1.5221124999999995,1.4873605000000003,1.5,1.5,0.025469974803677596,2.139,2.196,2.148,2.085
ds_1,62262,1785085641.812674,1.5135301111111117,1.4684354444444443,1.5,1.5,0.0343421763157024,2.12,2.213,2.151,2.095
ds_1,62266,1785085641.8700464,1.5325716111111112,1.478584111111111,1.5,1.5,0.03898140771284044,2.136,2.197,2.122,2.088
ds_1,62274,1785085642.009348,1.502235166666667,1.4730618333333334,1.5,1.5,0.027030737936447207,2.111,2.208,2.168,2.085
ds_1,62278,1785085642.0786798,1.5348045555555563,1.485617888888888,1.5,1.5,0.03765902557730583,2.151,2.204,2.136,2.088
ds_1,62286,1785085642.1935,1.5375986666666668,1.5049811666666666,1.5,1.5,0.037927190200069266,2.17,2.197,2.152,2.075
ds_1,62290,1785085642.267714,1.5136581111111114,1.491818111111111,1.5,1.5,0.015921284650228074,2.136,2.199,2.169,2.075
ds_1,62294,1785085642.3310766,1.5472878888888888,1.4821878888888889,1.5,1.5,0.050531334217517564,2.162,2.215,2.125,2.091
ds_1,62298,1785085642.3970299,1.5124336111111116,1.4884591111111107,1.5,1.5,0.016964280167694894,2.124,2.196,2.163,2.065
ds_1,62302,1785085642.4669504,1.5162524999999996,1.4858025000000001,1.5,1.5,0.021580379109273816,2.121,2.196,2.154,2.061
ds_1,62306,1785085642.5180683,1.510509722222222,1.5017337222222222,1.5,1.5,0.010651762949488323,2.154,2.2,2.188,2.087
ds_1,62310,1785085642.5902123,1.515231555555556,1.4803675555555553,1.5,1.5,0.02484820233952942,2.125,2.203,2.155,2.079
ds_1,62314,1785085642.6569033,1.529444111111111,1.492256611111111,1.5,1.5,0.030445291107296362,2.151,2.213,2.162,2.067
ds_1,62322,1785085642.7893891,1.5239153333333337,1.520998,1.5,1.5,0.03182544850342987,2.172,2.19,2.186,2.06
ds_1,62326,1785085642.8379245,1.5011663888888889,1.5018978888888892,1.5,1.5,0.0022276546578616015,2.133,2.194,2.195,2.063
ds_1,62330,1785085642.9206843,1.523896111111111,1.488460944444445,1.5,1.5,0.026536275724915556,2.152,2.194,2.145,2.108
ds_1,62334,1785085642.980793,1.5233061111111108,1.4835502777777778,1.5,1.5,0.028526622238037803,2.134,2.196,2.141,2.084
ds_1,62338,1785085643.037714,1.5238022222222223,1.476128222222222,1.5,1.5,0.033710644564998525,2.124,2.2,2.134,2.08
ds_1,62342,1785085643.1070783,1.5244374444444446,1.4836694444444438,1.5,1.5,0.0293917630592046,2.151,2.212,2.156,2.1
ds_1,62346,1785085643.1633878,1.520533777777778,1.4855737777777775,1.5,1.5,0.025094858386373063,2.145,2.209,2.161,2.091
ds_1,62350,1785085643.2326486,1.5467465000000005,1.490064,1.5,1.5,0.04779078737842726,2.156,2.192,2.113,2.081
ds_1,62354,1785085643.2983427,1.5443995555555556,1.4770520555555555,1.5,1.5,0.04997928258544916,2.152,2.219,2.126,2.085
ds_1,62358,1785085643.3641014,1.5336348888888889,1.4903548888888891,1.5,1.5,0.03499048326207535,2.142,2.194,2.134,2.068
ds_1,62362,1785085643.4262748,1.524790777777778,1.4905669444444438,1.5,1.5,0.02652480348544327,2.152,2.208,2.161,2.086
ds_1,62366,1785085643.476798,1.5370709999999999,1.494847,1.5,1.5,0.03742742911288443,2.158,2.213,2.155,2.063
ds_1,62370,1785085643.552003,1.5140286666666667,1.4668494999999997,1.5,1.5,0.03599665454864473,2.121,2.21,2.145,2.104
ds_1,62374,1785085643.6159005,1.5001345555555554,1.4928212222222224,1.5,1.5,0.007180038689327863,2.124,2.199,2.189,2.067
ds_1,62378,1785085643.6834366,1.5117705,1.4767945,1.5,1.5,0.02601999040161232,2.129,2.21,2.162,2.095
ds_1,62382,1785085643.74512,1.5311025,1.4868063333333335,1.5,1.5,0.03378517938921015,2.142,2.209,2.148,2.066
ds_1,62386,1785085643.7998843,1.5235534999999996,1.4820480000000003,1.5,1.5,0.029614889266211517,2.135,2.213,2.156,2.072
ds_1,62390,1785085643.8735962,1.5172936111111113,1.4875617777777779,1.5,1.5,0.021302074014323855,2.132,2.196,2.155,2.077
ds_1,62394,1785085643.9431164,1.5333999444444444,1.5087159444444447,1.5,1.5,0.03451845848891021,2.166,2.195,2.161,2.064
ds_1,62398,1785085644.0024834,1.5101186666666668,1.4976831666666668,1.5,1.5,0.01038051693344596,2.138,2.203,2.186,2.063
ds_1,62402,1785085644.0634232,1.517204,1.479573333333333,1.5,1.5,0.02670629751783512,2.131,2.197,2.145,2.097
ds_1,62406,1785085644.1204596,1.5234941666666673,1.4966383333333333,1.5,1.5,0.023733450447394222,2.151,2.196,2.159,2.081
ds_1,62410,1785085644.1958795,1.5188466111111112,1.4962734444444439,1.5,1.5,0.019211506101347336,2.159,2.2,2.169,2.101
ds_1,62414,1785085644.2614257,1.5444780000000002,1.49235,1.5,1.5,0.04513108666983347,2.172,2.208,2.136,2.094
ds_1,62418,1785085644.3251321,1.5112992222222221,1.4871927222222228,1.5,1.5,0.017079191634978074,2.132,2.208,2.175,2.074
ds_1,62422,1785085644.3878484,1.5225418888888889,1.484685888888889,1.5,1.5,0.027251766067586617,2.153,2.21,2.158,2.106
ds_1,62426,1785085644.4434397,1.528825555555556,1.4968228888888886,1.5,1.5,0.029000115311819,2.148,2.204,2.16,2.058
ds_1,62430,1785085644.516308,1.5240979999999997,1.4942841666666666,1.5,1.5,0.024766597559907816,2.143,2.202,2.161,2.064
ds_1,62434,1785085644.5792382,1.5259253888888893,1.489792055555555,1.5,1.5,0.027862661732523306,2.145,2.193,2.143,2.088
ds_1,62438,1785085644.6453977,1.5334388333333335,1.4909489999999999,1.5,1.5,0.03464211563537164,2.145,2.19,2.131,2.077
ds_1,62442,1785085644.7060735,1.5272368888888888,1.4860733888888893,1.5,1.5,0.0305908256407993,2.152,2.195,2.138,2.109
ds_1,62446,1785085644.763439,1.5201818333333335,1.475417833333333,1.5,1.5,0.03180549189561835,2.113,2.197,2.135,2.068
ds_1,62450,1785085644.8375804,1.5628453333333332,1.4979253333333329,1.5,1.5,0.06287956872908354,2.179,2.209,2.119,2.065
ds_1,62454,1785085644.901381,1.5390493888888892,1.5000073888888887,1.5,1.5,0.03904938958794852,2.155,2.196,2.142,2.057
ds_1,62458,1785085644.970489,1.5117299999999998,1.4964454999999999,1.5,1.5,0.012256727550614646,2.141,2.194,2.173,2.08
ds_1,62462,1785085645.0284402,1.5229177222222219,1.4931858888888887,1.5,1.5,0.023909289033542863,2.139,2.196,2.155,2.067
ds_1,62466,1785085645.0912294,1.533323111111111,1.492083611111111,1.5,1.5,0.03425053207124776,2.154,2.199,2.142,2.083
ds_1,62470,1785085645.1620739,1.5215854999999991,1.4825615000000003,1.5,1.5,0.027749506166776235,2.126,2.195,2.141,2.074
ds_1,62474,1785085645.2238111,1.5048549999999998,1.4770390000000002,1.5,1.5,0.023468671585754244,2.132,2.215,2.177,2.105
ds_1,62478,1785085645.289793,1.5125414444444443,1.4979414444444445,1.5,1.5,0.012709267474106849,2.139,2.2,2.18,2.064
ds_1,62482,1785085645.3502603,1.5124745555555557,1.4805305555555555,1.5,1.5,0.023123014580368986,2.135,2.2,2.156,2.106
ds_1,62486,1785085645.4088604,1.5356570555555558,1.4958828888888887,1.5,1.5,0.035893957914852836,2.145,2.197,2.142,2.052
ds_1,62490,1785085645.4915419,1.5191121666666667,1.4979663333333335,1.5,1.5,0.019220060218572584,2.149,2.202,2.173,2.073
ds_1,62494,1785085645.5419912,1.5502227222222227,1.4888102222222224,1.5,1.5,0.05145418305761531,2.162,2.21,2.125,2.073
ds_1,62498,1785085645.6097581,1.5229094444444444,1.4916269444444445,1.5,1.5,0.02439161134672131,2.154,2.204,2.161,2.094
ds_1,62502,1785085645.6698234,1.5216767222222223,1.495528722222222,1.5,1.5,0.022133066015928217,2.155,2.197,2.161,2.094
ds_1,62506,1785085645.7300653,1.531275,1.4834249999999998,1.5,1.5,0.03539570948575553,2.133,2.208,2.142,2.058
ds_1,62510,1785085645.8021061,1.5433071111111116,1.5093182777777774,1.5,1.5,0.04429826377561527,2.176,2.193,2.146,2.071
ds_1,62514,1785085645.863093,1.5313590000000004,1.5022923333333331,1.5,1.5,0.03144267280482263,2.163,2.2,2.16,2.074
ds_1,62518,1785085645.931521,1.530890777777778,1.4904961111111106,1.5,1.5,0.03231971620742394,2.147,2.192,2.136,2.084
ds_1,62522,1785085645.991774,1.5249241111111111,1.4676622777777775,1.5,1.5,0.04082817156328016,2.126,2.214,2.135,2.092
ds_1,62526,1785085646.0537715,1.5138120555555556,1.4985205555555556,1.5,1.5,0.013891063117485029,2.142,2.195,2.174,2.072
ds_1,62530,1785085646.1164498,1.5261027777777778,1.4881774444444444,1.5,1.5,0.028655328083626065,2.143,2.214,2.162,2.066
ds_1,62534,1785085646.193037,1.5380307777777775,1.4939989444444448,1.5,1.5,0.03850133408290623,2.156,2.196,2.135,2.078
ds_1,62538,1785085646.2571268,1.521592277777778,1.4889897777777779,1.5,1.5,0.024237397818566202,2.138,2.196,2.151,2.079
ds_1,62542,1785085646.314538,1.5206408888888892,1.5023783888888884,1.5,1.5,0.020777464422548183,2.151,2.204,2.179,2.06
ds_1,62546,1785085646.3733468,1.5125719444444443,1.4805252777777778,1.5,1.5,0.02318013357914296,2.122,2.207,2.163,2.072
ds_1,62550,1785085646.4456306,1.5395528888888887,1.473623388888889,1.5,1.5,0.04754110466915513,2.138,2.219,2.128,2.073
ds_1,62554,1785085646.5073168,1.5193756666666667,1.4910941666666668,1.5,1.5,0.021324406817984094,2.135,2.195,2.156,2.071
ds_1,62558,1785085646.5773046,1.5213642777777783,1.4885817777777772,1.5,1.5,0.02422412358955701,2.16,2.208,2.163,2.113
ds_1,62562,1785085646.63617,1.526100666666667,1.4757706666666663,1.5,1.5,0.03561327553346161,2.12,2.192,2.122,2.078
ds_1,62566,1785085646.6931252,1.520322666666667,1.4941266666666664,1.5,1.5,0.021154357113580716,2.143,2.201,2.165,2.071
ds_1,62570,1785085646.7668786,1.5285137777777777,1.4899739444444442,1.5,1.5,0.03022511063939359,2.147,2.208,2.155,2.072
ds_1,62574,1785085646.8292713,1.5088688888888881,1.4877713888888893,1.5,1.5,0.015106161651135094,2.122,2.197,2.168,2.067
ds_1,62578,1785085646.8960285,1.5292738333333336,1.4785704999999996,1.5,1.5,0.036279206003960576,2.133,2.208,2.138,2.075
ds_1,62582,1785085646.9593039,1.5178698333333334,1.4777839999999998,1.5,1.5,0.028511078537318133,2.126,2.214,2.159,2.073
ds_1,62586,1785085647.015684,1.5176041111111114,1.4819239444444443,1.5,1.5,0.025231894745735818,2.131,2.209,2.16,2.077
ds_1,62590,1785085647.093489,1.5350458333333337,1.483037833333333,1.5,1.5,0.03893488836577796,2.149,2.203,2.131,2.092
ds_1,62598,1785085647.2213745,1.537695444444444,1.499960777777778,1.5,1.5,0.037695464849857946,2.17,2.203,2.151,2.083
ds_1,62602,1785085647.2782328,1.537778055555556,1.4901700555555555,1.5,1.5,0.03903599991468827,2.151,2.197,2.131,2.078
ds_1,62606,1785085647.336902,1.512401333333333,1.4854098333333339,1.5,1.5,0.019148525577848876,2.14,2.207,2.17,2.095
ds_1,62610,1785085647.4096487,1.5335221666666667,1.4959261666666668,1.5,1.5,0.03376879885420208,2.156,2.195,2.143,2.08
ds_1,62614,1785085647.4735286,1.5451147222222221,1.4886947222222222,1.5,1.5,0.046509649179723764,2.165,2.209,2.131,2.088
ds_1,62618,1785085647.5395527,1.5150264999999996,1.4867190000000001,1.5,1.5,0.020054442481654406,2.14,2.197,2.158,2.098
ds_1,62622,1785085647.603529,1.5294634444444446,1.4873747777777773,1.5,1.5,0.03205449726156035,2.143,2.206,2.148,2.072
ds_1,62626,1785085647.658665,1.5241513333333334,1.4928401666666669,1.5,1.5,0.025190278187008773,2.145,2.206,2.163,2.068
ds_1,62630,1785085647.7331755,1.5016513888888892,1.4812393888888886,1.5,1.5,0.018833152007157548,2.121,2.201,2.173,2.09
ds_1,62634,1785085647.7965448,1.5087806111111113,1.484817111111111,1.5,1.5,0.017539077698012485,2.127,2.195,2.162,2.088
ds_1,62638,1785085647.8600082,1.5142217222222223,1.4777050555555555,1.5,1.5,0.02644469570153751,2.142,2.216,2.166,2.109
ds_1,62642,1785085647.9231389,1.5300674444444446,1.4763434444444443,1.5,1.5,0.0382581211793373,2.136,2.215,2.141,2.079
ds_1,62646,1785085647.9801803,1.5113822222222222,1.4786597222222226,1.5,1.5,0.024185996740857026,2.115,2.204,2.159,2.068
ds_1,62650,1785085648.051908,1.5223987222222224,1.497006222222222,1.5,1.5,0.022597908367169656,2.142,2.194,2.159,2.065
ds_1,62654,1785085648.116527,1.5114666666666667,1.4823199999999999,1.5,1.5,0.021072893594484148,2.134,2.206,2.166,2.094
ds_1,62658,1785085648.1855614,1.5236300555555553,1.495231555555556,1.5,1.5,0.024106380648666013,2.16,2.204,2.165,2.095
ds_1,62662,1785085648.244705,1.5375145555555556,1.4963320555555557,1.5,1.5,0.037693443660382075,2.156,2.196,2.139,2.072
ds_1,62666,1785085648.2993982,1.5170942222222217,1.4866582222222227,1.5,1.5,0.021684452210150265,2.133,2.195,2.153,2.083
ds_1,62670,1785085648.3760571,1.5201782777777777,1.4846124444444444,1.5,1.5,0.02537596815990411,2.132,2.202,2.153,2.075
ds_1,62674,1785085648.4372125,1.5006305555555555,1.4722320555555555,1.5,1.5,0.02777510286170691,2.118,2.204,2.165,2.108
ds_1,62678,1785085648.5039973,1.500868944444445,1.471802277777777,1.5,1.5,0.028211107794079576,2.111,2.2,2.16,2.099
ds_1,62682,1785085648.565986,1.5519768333333335,1.5020783333333332,1.5,1.5,0.05201836860961298,2.189,2.204,2.135,2.095
ds_1,62686,1785085648.6219532,1.5238194444444446,1.4802594444444443,1.5,1.5,0.030936313084851636,2.133,2.208,2.148,2.078
ds_1,62690,1785085648.6959393,1.5166125555555554,1.4933165555555554,1.5,1.5,0.01790657509766711,2.147,2.2,2.168,2.088
ds_1,62694,1785085648.7582905,1.5188076111111113,1.4826242777777776,1.5,1.5,0.02560550640879086,2.131,2.196,2.146,2.087
ds_1,62698,1785085648.8271928,1.5434719999999997,1.4861838333333333,1.5,1.5,0.04561470426694762,2.162,2.215,2.136,2.085
ds_1,62702,1785085648.887272,1.5108265555555556,1.4939867222222218,1.5,1.5,0.012384418227363433,2.148,2.208,2.185,2.088
ds_1,62706,1785085648.9425943,1.5100033333333331,1.4830488333333331,1.5,1.5,0.019682701266312285,2.131,2.204,2.167,2.09
ds_1,62710,1785085649.016273,1.5160547222222223,1.4811907222222223,1.5,1.5,0.024729396194697537,2.139,2.203,2.155,2.104
ds_1,62714,1785085649.0971463,1.5215673888888892,1.4939793888888886,1.5,1.5,0.022391963326957726,2.145,2.197,2.159,2.078
ds_1,62718,1785085649.1514654,1.542013166666667,1.4915198333333333,1.5,1.5,0.0428604643005134,2.153,2.199,2.129,2.07
ds_1,62722,1785085649.2170138,1.5052822777777775,1.4972394444444446,1.5,1.5,0.005960127976554656,2.146,2.199,2.188,2.092
ds_1,62726,1785085649.2708662,1.511847555555556,1.4842595555555553,1.5,1.5,0.019700917845385617,2.125,2.197,2.159,2.079
ds_1,62730,1785085649.338972,1.5347586111111116,1.5085866111111108,1.5,1.5,0.03580350453163684,2.186,2.199,2.163,2.1
ds_1,62734,1785085649.4032805,1.5363516666666668,1.5066198333333334,1.5,1.5,0.0369495042294963,2.18,2.196,2.155,2.094
ds_1,62738,1785085649.4740038,1.5157117777777782,1.477383944444444,1.5,1.5,0.027538081447883698,2.117,2.196,2.143,2.078
ds_1,62742,1785085649.532378,1.5379191666666663,1.4959658333333339,1.5,1.5,0.038133157506150143,2.165,2.199,2.141,2.088
ds_1,62746,1785085649.5942004,1.5510194444444445,1.499745611111111,1.5,1.5,0.05102007864680874,2.176,2.202,2.131,2.078
ds_1,62750,1785085649.66256,1.5279603888888886,1.473897888888889,1.5,1.5,0.03825053661420547,2.141,2.2,2.125,2.115
ds_1,62754,1785085649.7364423,1.535221777777778,1.5076084444444449,1.5,1.5,0.03603417900676208,2.173,2.199,2.161,2.075
ds_1,62758,1785085649.797678,1.506105444444444,1.4922386111111117,1.5,1.5,0.009874999207531647,2.143,2.199,2.18,2.099
ds_1,62762,1785085649.8639853,1.5093488333333336,1.4760754999999999,1.5,1.5,0.025686229480880514,2.114,2.193,2.147,2.088
ds_1,62766,1785085649.9155645,1.5273043333333334,1.495404333333333,1.5,1.5,0.027688386931869022,2.138,2.197,2.153,2.051
ds_1,62770,1785085649.986594,1.5216595555555557,1.5004943888888889,1.5,1.5,0.021665197142829294,2.151,2.204,2.175,2.064
ds_1,62774,1785085650.0484395,1.545870611111111,1.4961561111111108,1.5,1.5,0.046031385439685574,2.163,2.196,2.127,2.075
ds_1,62778,1785085650.1117496,1.5235262777777776,1.4871429444444444,1.5,1.5,0.026810252211342506,2.141,2.208,2.158,2.075
ds_1,62782,1785085650.1711469,1.5167388888888889,1.479670388888889,1.5,1.5,0.026334074678324628,2.133,2.206,2.155,2.092
ds_1,62786,1785085650.2364457,1.5233411666666667,1.5001091666666666,1.5,1.5,0.02334142195159125,2.147,2.194,2.162,2.065
ds_1,62790,1785085650.3027449,1.5170413333333337,1.4807413333333332,1.5,1.5,0.02571581776952798,2.119,2.203,2.153,2.063
ds_1,62794,1785085650.36345,1.5194257777777778,1.488243611111111,1.5,1.5,0.022706244118708765,2.134,2.197,2.154,2.075
ds_1,62798,1785085650.4350219,1.5203173888888888,1.4782673888888889,1.5,1.5,0.02975067523551579,2.133,2.204,2.146,2.093
ds_1,62802,1785085650.492923,1.534048833333333,1.4970823333333332,1.5,1.5,0.034173613068255934,2.161,2.2,2.149,2.081
ds_1,62806,1785085650.550675,1.5238181111111109,1.4787027777777777,1.5,1.5,0.03195112034473819,2.131,2.214,2.152,2.072
ds_1,62810,1785085650.6266465,1.5195183333333333,1.4905050000000002,1.5,1.5,0.02170530721070555,2.145,2.196,2.156,2.092
ds_1,62814,1785085650.6861396,1.5318238888888889,1.484601388888889,1.5,1.5,0.03535360134644812,2.14,2.212,2.147,2.064
ds_1,62818,1785085650.7549372,1.524616888888889,1.4934633888888886,1.5,1.5,0.02546995295217105,2.142,2.195,2.152,2.071
ds_1,62822,1785085650.8198826,1.545443722222222,1.5143762222222223,1.5,1.5,0.047663483452148006,2.181,2.189,2.146,2.068
ds_1,62826,1785085650.8743591,1.5512536666666663,1.5008770000000002,1.5,1.5,0.05126116927829233,2.167,2.194,2.124,2.064
ds_1,62830,1785085650.9506106,1.5163744444444445,1.4916337777777782,1.5,1.5,0.018387933683146587,2.128,2.2,2.166,2.054
ds_1,62834,1785085651.0089655,1.5427272222222221,1.4927597222222226,1.5,1.5,0.043336325884026326,2.155,2.207,2.138,2.061
ds_1,62838,1785085651.074,1.508867277777778,1.4834631111111105,1.5,1.5,0.018764256161962655,2.135,2.195,2.16,2.108
ds_1,62842,1785085651.1379273,1.5288466666666665,1.4875311666666668,1.5,1.5,0.03142613534102159,2.134,2.203,2.146,2.057
ds_1,62846,1785085651.1963148,1.5169373888888886,1.487937388888889,1.5,1.5,0.020793790640269226,2.143,2.195,2.155,2.1
ds_1,62850,1785085651.2725127,1.5257367777777775,1.4764594444444448,1.5,1.5,0.03487892610512663,2.129,2.208,2.14,2.078
ds_1,62854,1785085651.3299985,1.5417445555555553,1.5048970555555554,1.5,1.5,0.04203081098010176,2.165,2.193,2.142,2.063
ds_1,62858,1785085651.3969536,1.5395622777777775,1.4954694444444445,1.5,1.5,0.0398208457545543,2.152,2.199,2.138,2.06
ds_1,62862,1785085651.4578543,1.5185442222222223,1.4793222222222222,1.5,1.5,0.02777514485388554,2.124,2.206,2.152,2.072
ds_1,62866,1785085651.5155284,1.5163270000000004,1.5003109999999995,1.5,1.5,0.0163299617268386,2.14,2.195,2.173,2.059
ds_1,62870,1785085651.5888758,1.5481034444444446,1.4919434444444442,1.5,1.5,0.04877345030689878,2.166,2.199,2.121,2.087
ds_1,62874,1785085651.6514165,1.5174736666666668,1.4941883333333332,1.5,1.5,0.018414790148742647,2.142,2.199,2.167,2.075
ds_1,62878,1785085651.7186842,1.5416089999999998,1.4926036666666667,1.5,1.5,0.04226126628223248,2.173,2.196,2.128,2.112
ds_1,62882,1785085651.784161,1.553439555555555,1.4954928888888892,1.5,1.5,0.05362928443064608,2.175,2.213,2.133,2.073
ds_1,62886,1785085651.8359594,1.5189564444444446,1.4921376111111113,1.5,1.5,0.020522279235392765,2.14,2.193,2.156,2.081
ds_1,62890,1785085651.9114978,1.5300061666666664,1.4921848333333336,1.5,1.5,0.031007206711594286,2.142,2.208,2.156,2.053
ds_1,62894,1785085651.978702,1.5338036666666668,1.5047903333333328,1.5,1.5,0.03414139970117743,2.169,2.196,2.156,2.08
ds_1,62898,1785085652.0397856,1.5087507222222223,1.4811627222222226,1.5,1.5,0.020770608404368965,2.115,2.197,2.159,2.072
ds_1,62902,1785085652.1045303,1.534049388888889,1.4993133888888888,1.5,1.5,0.03405631099406841,2.163,2.195,2.147,2.084
ds_1,62906,1785085652.160271,1.513309777777778,1.4814244444444444,1.5,1.5,0.02285172747718132,2.122,2.196,2.152,2.08
ds_1,62910,1785085652.2380273,1.5158185555555557,1.4785800555555557,1.5,1.5,0.026627818533768038,2.136,2.216,2.165,2.092
ds_1,62914,1785085652.2905486,1.5353126111111113,1.492724444444444,1.5,1.5,0.036054323071256805,2.147,2.195,2.136,2.068
ds_1,62918,1785085652.367353,1.522953666666667,1.4938069999999994,1.5,1.5,0.023774441369766523,2.161,2.206,2.166,2.1
ds_1,62922,1785085652.4212456,1.5243936111111114,1.5004191111111107,1.5,1.5,0.024397211257920298,2.154,2.196,2.163,2.075
ds_1,62926,1785085652.4813678,1.5225572222222226,1.4797527222222224,1.5,1.5,0.030311392772243522,2.148,2.206,2.147,2.114
ds_1,62930,1785085652.556298,1.5343786666666661,1.4937040000000004,1.5,1.5,0.034950426861166305,2.163,2.207,2.151,2.087
ds_1,62934,1785085652.6162047,1.5124986111111107,1.4906886111111113,1.5,1.5,0.015585802601948374,2.134,2.196,2.166,2.079
ds_1,62938,1785085652.6849825,1.5287967222222225,1.4847852222222218,1.5,1.5,0.03256901400980722,2.142,2.195,2.134,2.09
ds_1,62942,1785085652.7478557,1.5293843333333332,1.4815783333333334,1.5,1.5,0.03468136168350678,2.129,2.206,2.14,2.06
ds_1,62946,1785085652.8050408,1.5323861111111108,1.4875187777777783,1.5,1.5,0.034707940029072515,2.149,2.202,2.14,2.084
ds_1,62950,1785085652.8761613,1.5211833333333333,1.4986721666666663,1.5,1.5,0.021224908774179062,2.143,2.194,2.163,2.064
ds_1,62954,1785085652.9359474,1.5415508888888887,1.4980308888888887,1.5,1.5,0.041597521152403734,2.172,2.206,2.146,2.084
ds_1,62958,1785085653.0130477,1.5108528333333338,1.4725249999999996,1.5,1.5,0.02954081272343637,2.121,2.196,2.143,2.107
ds_1,62962,1785085653.0682378,1.5278941666666668,1.489478,1.5,1.5,0.029812698939005542,2.151,2.201,2.148,2.09
ds_1,62966,1785085653.1248772,1.535070611111111,1.4909574444444442,1.5,1.5,0.03621761414950043,2.159,2.2,2.139,2.093
ds_1,62970,1785085653.195875,1.5148694444444446,1.4757194444444446,1.5,1.5,0.028471841460868622,2.127,2.202,2.148,2.098
ds_1,62974,1785085653.2582839,1.5473462222222218,1.5082142222222226,1.5,1.5,0.04805349316576339,2.187,2.201,2.147,2.083
ds_1,62978,1785085653.327074,1.550554722222222,1.4942647222222223,1.5,1.5,0.050879006969027016,2.161,2.204,2.126,2.061
ds_1,62982,1785085653.3880727,1.5172968888888891,1.4674443888888886,1.5,1.5,0.036865297775177344,2.119,2.202,2.133,2.102
ds_1,62986,1785085653.442188,1.5277355,1.5038049999999996,1.5,1.5,0.027995285053915638,2.159,2.192,2.159,2.075
ds_1,62990,1785085653.5165591,1.5248573888888883,1.5030073888888889,1.5,1.5,0.02503865352415024,2.159,2.2,2.17,2.073
ds_1,62994,1785085653.591086,1.534324055555555,1.4823880555555555,1.5,1.5,0.038578768473021906,2.131,2.2,2.128,2.061
ds_1,62998,1785085653.647131,1.5145680000000001,1.497088,1.5,1.5,0.014856189551833408,2.143,2.197,2.173,2.075
ds_1,63002,1785085653.7200031,1.5290298333333332,1.4919103333333337,1.5,1.5,0.03013592424563872,2.168,2.209,2.158,2.108
ds_1,63006,1785085653.7654963,1.5429394444444446,1.4763927777777777,1.5,1.5,0.04900098805378251,2.149,2.216,2.124,2.086
ds_1,63010,1785085653.840897,1.5137771666666664,1.4970216666666665,1.5,1.5,0.014095417368973125,2.138,2.197,2.174,2.066
ds_1,63014,1785085653.9024112,1.5278725,1.5031658333333333,1.5,1.5,0.02805171575758678,2.167,2.197,2.163,2.088
ds_1,63018,1785085653.9672728,1.5303644444444444,1.5020309444444446,1.5,1.5,0.030432289131055716,2.16,2.199,2.16,2.071
ds_1,63022,1785085654.0293858,1.5553857777777775,1.5091991111111114,1.5,1.5,0.05614452800838145,2.189,2.197,2.133,2.077
ds_1,63026,1785085654.0855033,1.5002700555555557,1.4806275555555555,1.5,1.5,0.019374326665878638,2.122,2.196,2.169,2.101
ds_1,63030,1785085654.159167,1.5073629999999998,1.4667630000000003,1.5,1.5,0.034042795684255715,2.114,2.203,2.147,2.107
ds_1,63034,1785085654.2250175,1.5219004444444442,1.4941857777777774,1.5,1.5,0.02265909633929766,2.155,2.207,2.169,2.087
ds_1,63038,1785085654.2893858,1.5274955555555556,1.4940075555555554,1.5,1.5,0.02814098373775159,2.149,2.207,2.161,2.067
ds_1,63042,1785085654.3523128,1.5403580000000003,1.5083846666666665,1.5,1.5,0.04121978650006736,2.172,2.202,2.158,2.06
ds_1,63046,1785085654.409263,1.5288456111111115,1.493377777777778,1.5,1.5,0.029595998167555884,2.156,2.196,2.147,2.093
ds_1,63050,1785085654.4815373,1.5246032222222226,1.499140722222222,1.5,1.5,0.024618222966238827,2.152,2.2,2.165,2.07
ds_1,63054,1785085654.544451,1.5089632222222222,1.4848677222222224,1.5,1.5,0.017587642916228427,2.129,2.207,2.174,2.079
ds_1,63058,1785085654.6103272,1.5297105,1.499937666666667,1.5,1.5,0.029710565388333537,2.16,2.199,2.158,2.078
ds_1,63062,1785085654.6706612,1.5366179444444448,1.4766227777777776,1.5,1.5,0.04344385312289429,2.155,2.21,2.127,2.113
ds_1,63066,1785085654.7306018,1.5187971666666669,1.479665166666667,1.5,1.5,0.02769185658977899,2.125,2.201,2.147,2.078
ds_1,63070,1785085654.804951,1.4968732777777787,1.4786441111111106,1.5,1.5,0.021583567408783984,2.107,2.2,2.175,2.077
ds_1,63074,1785085654.86685,1.5325252777777782,1.4835426111111107,1.5,1.5,0.036451877092432035,2.138,2.195,2.127,2.08
ds_1,63078,1785085654.9320261,1.4976648888888884,1.4758248888888896,1.5,1.5,0.024287625267526033,2.105,2.199,2.169,2.081
ds_1,63082,1785085654.9924073,1.502521777777778,1.4727216111111106,1.5,1.5,0.027394705027322015,2.114,2.201,2.16,2.099
ds_1,63086,1785085655.0500338,1.5451811111111113,1.4807599444444446,1.5,1.5,0.04910715364400025,2.147,2.216,2.127,2.066
ds_1,63090,1785085655.1253293,1.5215040000000006,1.4814364999999996,1.5,1.5,0.028408195089622328,2.14,2.213,2.158,2.087
ds_1,63094,1785085655.188903,1.543849722222222,1.4961977222222222,1.5,1.5,0.04401426422496935,2.156,2.199,2.133,2.06
ds_1,63102,1785085655.3046722,1.534848611111111,1.4950011111111112,1.5,1.5,0.03520532042883444,2.151,2.201,2.146,2.064
ds_1,63106,1785085655.372338,1.519385111111111,1.4889351111111109,1.5,1.5,0.022320714569958995,2.132,2.196,2.154,2.07
ds_1,63110,1785085655.4460852,1.5100298888888892,1.4838218888888888,1.5,1.5,0.019034966515518857,2.135,2.202,2.166,2.098
ds_1,63114,1785085655.5128493,1.5294196666666668,1.4982518333333332,1.5,1.5,0.029471560418006932,2.154,2.196,2.153,2.074
ds_1,63118,1785085655.574571,1.5239622222222229,1.474548888888889,1.5,1.5,0.03495636066036215,2.136,2.214,2.146,2.094
ds_1,63122,1785085655.636398,1.5357120555555561,1.4966160555555552,1.5,1.5,0.03587202241310372,2.149,2.199,2.145,2.056
ds_1,63126,1785085655.6934717,1.507113333333333,1.4918078333333336,1.5,1.5,0.010849474909208665,2.146,2.197,2.176,2.107
ds_1,63130,1785085655.7688413,1.5223742222222219,1.4739220555555559,1.5,1.5,0.03436080625504704,2.118,2.203,2.136,2.073
ds_1,63134,1785085655.8299413,1.5279208888888889,1.491420888888889,1.5,1.5,0.029209196904442077,2.145,2.215,2.165,2.057
ds_1,63138,1785085655.8968623,1.548321944444444,1.497945277777778,1.5,1.5,0.04836560966536481,2.17,2.194,2.124,2.083
ds_1,63142,1785085655.9623978,1.553551666666667,1.5022778333333329,1.5,1.5,0.05360008887560045,2.186,2.202,2.131,2.088
ds_1,63146,1785085656.015564,1.5222557222222222,1.4981602222222223,1.5,1.5,0.022331635719407522,2.169,2.207,2.174,2.104
ds_1,63150,1785085656.0887265,1.5221225000000003,1.4837946666666662,1.5,1.5,0.027422943581870873,2.134,2.196,2.143,2.085
ds_1,63154,1785085656.1512785,1.5250977777777779,1.4889644444444443,1.5,1.5,0.027416818484325957,2.135,2.193,2.143,2.071
ds_1,63158,1785085656.2206526,1.5130521666666668,1.4796408333333333,1.5,1.5,0.02418376980653677,2.118,2.202,2.156,2.071
ds_1,63162,1785085656.2909954,1.5315358888888884,1.496559888888889,1.5,1.5,0.03172296727087651,2.167,2.21,2.162,2.088
ds_1,63166,1785085656.3382702,1.5392125,1.4785644999999994,1.5,1.5,0.04468893393783335,2.139,2.208,2.124,2.073
ds_1,63170,1785085656.4098432,1.5236543888888894,1.4885983888888885,1.5,1.5,0.02625884326538079,2.154,2.215,2.167,2.09
ds_1,63174,1785085656.4747171,1.507367833333333,1.4782878333333336,1.5,1.5,0.022928217318162178,2.113,2.201,2.161,2.074
ds_1,63178,1785085656.5402615,1.5431975555555557,1.4898435555555554,1.5,1.5,0.04437546810714691,2.152,2.2,2.126,2.07
ds_1,63182,1785085656.604382,1.5143758333333337,1.4860943333333332,1.5,1.5,0.02000080372065675,2.122,2.195,2.156,2.066
ds_1,63186,1785085656.660374,1.5123365555555557,1.4897943888888883,1.5,1.5,0.01601078077816816,2.139,2.197,2.166,2.091
ds_1,63190,1785085656.7455335,1.5383170555555554,1.4746637222222223,1.5,1.5,0.04593608296405161,2.136,2.214,2.126,2.073
ds_1,63194,1785085656.7955108,1.5250020555555557,1.4750345555555555,1.5,1.5,0.03533236757297389,2.124,2.207,2.138,2.074
ds_1,63198,1785085656.860294,1.5396486111111112,1.4854361111111112,1.5,1.5,0.04223883547883426,2.145,2.206,2.131,2.067
ds_1,63202,1785085656.923985,1.510269777777778,1.492048944444444,1.5,1.5,0.01298797982953782,2.132,2.199,2.174,2.071
ds_1,63206,1785085656.9818525,1.5404482222222222,1.505472222222222,1.5,1.5,0.0408167110015941,2.174,2.21,2.162,2.064
ds_1,63210,1785085657.0541992,1.5139961666666668,1.482685,1.5,1.5,0.02226436404573717,2.127,2.206,2.163,2.075
ds_1,63214,1785085657.1160684,1.5314163888888892,1.4915688888888885,1.5,1.5,0.03252803599029349,2.139,2.201,2.146,2.054
ds_1,63218,1785085657.184997,1.534064944444444,1.509233611111111,1.5,1.5,0.03529419235730286,2.179,2.208,2.174,2.075
ds_1,63222,1785085657.2462335,1.525322222222222,1.4740247222222225,1.5,1.5,0.036275749391353695,2.132,2.203,2.132,2.097
ds_1,63226,1785085657.2948802,1.512143166666667,1.4810039999999995,1.5,1.5,0.02254560961017617,2.122,2.194,2.151,2.085
ds_1,63230,1785085657.3747134,1.539045055555556,1.4872770555555554,1.5,1.5,0.0410656751883233,2.14,2.193,2.121,2.066
ds_1,63234,1785085657.4363945,1.5575057777777779,1.5069191111111107,1.5,1.5,0.05792053674125497,2.179,2.203,2.133,2.053
ds_1,63238,1785085657.5071816,1.552593388888889,1.5157968888888886,1.5,1.5,0.054914535902489466,2.186,2.19,2.139,2.063
ds_1,63242,1785085657.5667856,1.5154925555555556,1.4612050555555556,1.5,1.5,0.04177399899566124,2.119,2.209,2.134,2.115
ds_1,63246,1785085657.626428,1.4966751111111114,1.4791791111111114,1.5,1.5,0.02108469350611713,2.115,2.199,2.175,2.093
ds_1,63250,1785085657.696385,1.5258309444444442,1.4859467777777784,1.5,1.5,0.02940630452333491,2.134,2.203,2.148,2.066
ds_1,63254,1785085657.7582698,1.5362676111111107,1.4979751111111113,1.5,1.5,0.03632409380451358,2.154,2.194,2.141,2.067
ds_1,63258,1785085657.8261669,1.529909666666667,1.5066669999999995,1.5,1.5,0.03064371141214983,2.166,2.195,2.163,2.075
ds_1,63262,1785085657.888567,1.5302372777777782,1.4908352777777778,1.5,1.5,0.03159565003004388,2.154,2.216,2.162,2.073
ds_1,63266,1785085657.9452534,1.5385671666666667,1.4987013333333334,1.5,1.5,0.038589025380353394,2.154,2.202,2.147,2.053
ds_1,63270,1785085658.016606,1.5420897222222216,1.4881272222222222,1.5,1.5,0.04373222574834572,2.155,2.196,2.121,2.087
ds_1,63274,1785085658.0798044,1.5119113888888889,1.4702728888888887,1.5,1.5,0.03202471421066393,2.134,2.22,2.163,2.113
ds_1,63278,1785085658.1481528,1.5244871666666662,1.490341666666667,1.5,1.5,0.02632308367457848,2.146,2.203,2.156,2.08
ds_1,63282,1785085658.2070782,1.4982062222222219,1.4756227222222222,1.5,1.5,0.024443185360566,2.126,2.201,2.17,2.121
ds_1,63286,1785085658.2673945,1.5158183888888883,1.4837863888888894,1.5,1.5,0.02265176841446238,2.124,2.206,2.162,2.063
ds_1,63290,1785085658.3441448,1.5171889999999997,1.4758165,1.5,1.5,0.02966990719988832,2.122,2.206,2.149,2.08
ds_1,63294,1785085658.399708,1.5285756666666672,1.4888198333333327,1.5,1.5,0.030684928745867004,2.148,2.196,2.141,2.09
ds_1,63298,1785085658.4667318,1.512338111111111,1.5006527777777778,1.5,1.5,0.012355367441613372,2.162,2.199,2.183,2.105
ds_1,63302,1785085658.5282207,1.5061754444444442,1.488029611111111,1.5,1.5,0.013469458943760563,2.134,2.19,2.165,2.102
ds_1,63306,1785085658.5867476,1.5186008333333332,1.48739,1.5,1.5,0.022472274043684116,2.125,2.199,2.156,2.058
ds_1,63310,1785085658.6600978,1.5294552222222224,1.496612722222222,1.5,1.5,0.02964934682087167,2.158,2.212,2.167,2.07
ds_1,63314,1785085658.7270336,1.5214123333333336,1.470185833333333,1.5,1.5,0.036706573700164134,2.108,2.2,2.129,2.068
ds_1,63318,1785085658.7931654,1.544875666666667,1.4947931666666667,1.5,1.5,0.04517672600066229,2.17,2.212,2.143,2.078
ds_1,63322,1785085658.849502,1.5576342222222221,1.5115328888888886,1.5,1.5,0.058776790464297506,2.187,2.193,2.129,2.067
ds_1,63326,1785085658.9077744,1.5131213333333329,1.5043453333333332,1.5,1.5,0.013822131175119452,2.158,2.2,2.188,2.084
ds_1,63330,1785085658.9823527,1.5234002222222227,1.4776517222222223,1.5,1.5,0.032357625371496564,2.133,2.21,2.147,2.084
ds_1,63334,1785085659.0429559,1.5271555555555558,1.4835755555555554,1.5,1.5,0.03173620287368237,2.141,2.209,2.149,2.079
ds_1,63338,1785085659.109765,1.518441,1.4894276666666666,1.5,1.5,0.02125663927132203,2.133,2.196,2.156,2.072
ds_1,63342,1785085659.1756506,1.5294444999999994,1.5002178333333334,1.5,1.5,0.029445305765284174,2.175,2.212,2.172,2.095
ds_1,63346,1785085659.2306635,1.5489786111111112,1.4939039444444437,1.5,1.5,0.04935652175457563,2.174,2.212,2.136,2.083
ds_1,63350,1785085659.308727,1.5032947777777774,1.4850739444444447,1.5,1.5,0.015285375201559759,2.129,2.199,2.174,2.095
ds_1,63354,1785085659.368309,1.534997277777778,1.5103019444444443,1.5,1.5,0.03648204368167133,2.176,2.196,2.162,2.077
ds_1,63358,1785085659.4326704,1.5359135000000002,1.4953134999999997,1.5,1.5,0.03621798951488077,2.158,2.203,2.147,2.074
ds_1,63362,1785085659.492014,1.533355,1.4957243333333332,1.5,1.5,0.03362792515818434,2.16,2.197,2.145,2.087
ds_1,63366,1785085659.5531325,1.5049846111111107,1.4758912777777782,1.5,1.5,0.024618627807358816,2.104,2.202,2.162,2.065
ds_1,63370,1785085659.624957,1.5392453333333338,1.4822468333333325,1.5,1.5,0.04307401902700692,2.165,2.204,2.125,2.12
ds_1,63374,1785085659.6872873,1.524502277777778,1.4926169444444444,1.5,1.5,0.025590449891235018,2.149,2.196,2.152,2.087
ds_1,63378,1785085659.7535417,1.531727277777778,1.511352611111111,1.5,1.5,0.033697209591127944,2.18,2.197,2.169,2.086
ds_1,63382,1785085659.8184843,1.5275526111111106,1.5005611111111115,1.5,1.5,0.027558324054976737,2.151,2.207,2.17,2.052
ds_1,63386,1785085659.8748634,1.5232475000000003,1.460448,1.5,1.5,0.04587817520619163,2.111,2.209,2.122,2.09
ds_1,63390,1785085659.9481804,1.5227506111111109,1.4812071111111114,1.5,1.5,0.02950869327366286,2.145,2.215,2.158,2.094
ds_1,63394,1785085660.0147913,1.525488,1.4885215,1.5,1.5,0.027953427450851113,2.131,2.2,2.149,2.056
ds_1,63398,1785085660.077303,1.5387936666666673,1.4924789999999992,1.5,1.5,0.03951599694357342,2.172,2.203,2.139,2.107
ds_1,63402,1785085660.137195,1.5180577777777777,1.4832577777777776,1.5,1.5,0.024624892755297067,2.129,2.199,2.151,2.079
ds_1,63406,1785085660.1941607,1.5197931666666675,1.4784586666666661,1.5,1.5,0.02925403371284512,2.128,2.204,2.147,2.083
ds_1,63410,1785085660.2687383,1.5155983888888893,1.4879597222222216,1.5,1.5,0.0197047716275802,2.154,2.201,2.163,2.118
ds_1,63414,1785085660.3206182,1.5382877222222222,1.4883202222222223,1.5,1.5,0.04002957509022946,2.151,2.207,2.138,2.072
ds_1,63418,1785085660.3983252,1.5080068888888891,1.4825910555555555,1.5,1.5,0.019161983622495132,2.115,2.196,2.161,2.07
ds_1,63422,1785085660.4586573,1.5180261111111113,1.486096777777778,1.5,1.5,0.02276489116931194,2.132,2.199,2.155,2.077
ds_1,63426,1785085660.5236185,1.5311730000000001,1.5071984999999999,1.5,1.5,0.03199334823443782,2.16,2.196,2.163,2.058
ds_1,63430,1785085660.5927644,1.5248648333333334,1.4886315000000006,1.5,1.5,0.027340496135667282,2.136,2.199,2.149,2.068
ds_1,63434,1785085660.6537824,1.5280233333333333,1.4909548333333333,1.5,1.5,0.029446939588671797,2.147,2.206,2.155,2.072
ds_1,63438,1785085660.7223718,1.5491401666666667,1.4999988333333336,1.5,1.5,0.04914016668051593,2.166,2.202,2.134,2.059
ds_1,63442,1785085660.7841625,1.5326045555555556,1.4970060555555553,1.5,1.5,0.0327417279066291,2.174,2.204,2.155,2.106
ds_1,63446,1785085660.8395424,1.5347085555555555,1.4812065555555554,1.5,1.5,0.039469955445116875,2.139,2.206,2.132,2.074
ds_1,63450,1785085660.911296,1.5246071111111115,1.4918246111111104,1.5,1.5,0.025929652923229896,2.143,2.208,2.163,2.064
ds_1,63454,1785085660.981193,1.508507055555556,1.4953430555555554,1.5,1.5,0.009698305304740598,2.136,2.203,2.185,2.068
ds_1,63458,1785085661.0438414,1.5352407777777781,1.4946594444444443,1.5,1.5,0.03564314733612503,2.159,2.202,2.146,2.08
ds_1,63462,1785085661.1116357,1.5114176666666663,1.4823243333333336,1.5,1.5,0.02104263063930472,2.127,2.202,2.162,2.084
ds_1,63466,1785085661.1627636,1.546459444444445,1.4920469444444446,1.5,1.5,0.047135242343242775,2.176,2.214,2.139,2.094
ds_1,63470,1785085661.2338338,1.5457297777777779,1.5057906111111112,1.5,1.5,0.046094942809868755,2.177,2.206,2.151,2.066
ds_1,63474,1785085661.3033123,1.5195079444444453,1.5034772777777774,1.5,1.5,0.019815432298877233,2.152,2.197,2.175,2.068
ds_1,63478,1785085661.3656914,1.5208795000000004,1.5012729999999992,1.5,1.5,0.020918270704100135,2.143,2.192,2.165,2.059
ds_1,63482,1785085661.4343853,1.5058402777777773,1.4847234444444448,1.5,1.5,0.016354876770051284,2.12,2.199,2.17,2.074
ds_1,63486,1785085661.4878855,1.5045163888888888,1.477611222222222,1.5,1.5,0.022839770992249597,2.109,2.2,2.163,2.073
ds_1,63490,1785085661.5552726,1.5453645000000005,1.4970909999999993,1.5,1.5,0.04545767417334555,2.162,2.195,2.128,2.072
ds_1,63498,1785085661.6987863,1.5354328333333336,1.5027103333333327,1.5,1.5,0.03553634174764715,2.167,2.204,2.159,2.071
ds_1,63502,1785085661.7589235,1.5111686111111111,1.482796111111111,1.5,1.5,0.020511257081234042,2.127,2.202,2.163,2.083
ds_1,63506,1785085661.8279712,1.5484839999999995,1.4979206666666673,1.5,1.5,0.04852856770100538,2.166,2.202,2.132,2.066
ds_1,63510,1785085661.876359,1.5324815000000003,1.4990855,1.5,1.5,0.03249437108946744,2.156,2.201,2.155,2.066
ds_1,63514,1785085661.9392073,1.5138229999999993,1.4941085000000005,1.5,1.5,0.015026147252372226,2.156,2.204,2.177,2.104
ds_1,63518,1785085662.0085754,1.5363301666666669,1.4922779999999998,1.5,1.5,0.03714175943635139,2.151,2.197,2.136,2.074
ds_1,63522,1785085662.0705304,1.4980068333333336,1.4725326666666665,1.5,1.5,0.027539555439504905,2.117,2.201,2.166,2.112
ds_1,63526,1785085662.1286416,1.5387433888888886,1.4790248888888886,1.5,1.5,0.044056843608219674,2.142,2.2,2.117,2.087
ds_1,63530,1785085662.2158222,1.5110254999999995,1.4899280000000004,1.5,1.5,0.014933413348929336,2.129,2.197,2.168,2.072
ds_1,63534,1785085662.2650862,1.5316120555555557,1.4904105555555553,1.5,1.5,0.0330345198421383,2.148,2.197,2.14,2.08
ds_1,63538,1785085662.3306496,1.5591179444444438,1.4905121111111113,1.5,1.5,0.059874463595962574,2.185,2.214,2.119,2.099
ds_1,63542,1785085662.3886929,1.5204355555555553,1.4841355555555555,1.5,1.5,0.025870688595301294,2.133,2.203,2.153,2.077
ds_1,63546,1785085662.4474175,1.5311177777777778,1.4884509444444447,1.5,1.5,0.03319181793834837,2.162,2.199,2.14,2.113
ds_1,63550,1785085662.5241923,1.526302166666667,1.5001061666666664,1.5,1.5,0.0263023809325741,2.156,2.201,2.165,2.072
ds_1,63554,1785085662.5842185,1.5260661111111111,1.4949269444444446,1.5,1.5,0.02655518859143241,2.146,2.194,2.151,2.074
ds_1,63558,1785085662.6492984,1.5203350555555553,1.4640710555555558,1.5,1.5,0.041284422405302876,2.106,2.203,2.125,2.08
ds_1,63562,1785085662.712017,1.532709277777777,1.4986734444444447,1.5,1.5,0.032736166580492554,2.167,2.196,2.149,2.095
ds_1,63566,1785085662.7686543,1.5164178888888886,1.4989458888888887,1.5,1.5,0.01645169370619514,2.143,2.196,2.172,2.068
ds_1,63570,1785085662.8587112,1.5182363888888886,1.4913805555555555,1.5,1.5,0.020170788339518207,2.139,2.196,2.159,2.079
ds_1,63574,1785085662.9066038,1.5205621111111112,1.4701154444444444,1.5,1.5,0.036275157809426126,2.122,2.197,2.127,2.101
ds_1,63578,1785085662.9735491,1.5408950555555558,1.5021410555555552,1.5,1.5,0.04095106455006966,2.154,2.18,2.126,2.063
ds_1,63582,1785085663.0346067,1.5185543333333333,1.4835783333333334,1.5,1.5,0.024777700086076434,2.135,2.21,2.162,2.078
ds_1,63586,1785085663.0911598,1.5246162777777779,1.482759611111111,1.5,1.5,0.030053155253198422,2.147,2.194,2.136,2.113
ds_1,63590,1785085663.1664772,1.5342165555555554,1.4886990555555553,1.5,1.5,0.03603448375407691,2.147,2.199,2.136,2.077
ds_1,63594,1785085663.2320533,1.5336722222222223,1.505403722222222,1.5,1.5,0.034103060907162856,2.163,2.194,2.155,2.068
ds_1,63598,1785085663.2955122,1.5186277777777772,1.502545777777778,1.5,1.5,0.018800933206415044,2.172,2.204,2.182,2.106
ds_1,63602,1785085663.35261,1.5228613333333336,1.4858268333333329,1.5,1.5,0.02689831249611981,2.141,2.204,2.153,2.084
ds_1,63606,1785085663.4118574,1.5457119999999998,1.5085075000000001,1.5,1.5,0.04649693000887241,2.181,2.214,2.163,2.058
ds_1,63610,1785085663.4827561,1.5315550555555562,1.4923870555555552,1.5,1.5,0.03246041364844938,2.148,2.203,2.149,2.068
ds_1,63614,1785085663.5497732,1.5472305555555554,1.4968072222222226,1.5,1.5,0.047338348175920524,2.151,2.196,2.126,2.046
ds_1,63618,1785085663.6107109,1.5250016111111115,1.4807257777777774,1.5,1.5,0.031568595160742854,2.134,2.208,2.147,2.077
ds_1,63622,1785085663.675646,1.5326251666666664,1.480617166666667,1.5,1.5,0.03794859322893965,2.141,2.203,2.131,2.086
ds_1,63626,1785085663.7360837,1.5468659444444441,1.4899991111111113,1.5,1.5,0.047921128192454136,2.161,2.199,2.12,2.084
ds_1,63630,1785085663.822794,1.5201438333333335,1.4902616666666668,1.5,1.5,0.02237429680397185,2.142,2.207,2.166,2.074
ds_1,63634,1785085663.8763528,1.5178211111111108,1.480650611111111,1.5,1.5,0.026305718990516428,2.151,2.212,2.161,2.118
ds_1,63638,1785085663.9338222,1.5091005,1.490913,1.5,1.5,0.012860508125653527,2.128,2.195,2.17,2.072
ds_1,63642,1785085663.9942813,1.535565555555556,1.5008135555555553,1.5,1.5,0.035574859305657416,2.158,2.196,2.148,2.066
ds_1,63646,1785085664.0528567,1.5359743333333338,1.5032068333333328,1.5,1.5,0.036116982692434095,2.183,2.207,2.162,2.099
ds_1,63650,1785085664.1306157,1.5277043888888884,1.495041888888889,1.5,1.5,0.028144555947765174,2.147,2.2,2.155,2.067
ds_1,63654,1785085664.1940584,1.5216791111111112,1.4970177777777778,1.5,1.5,0.021883270047015856,2.141,2.193,2.159,2.065
ds_1,63658,1785085664.2656574,1.5338372222222225,1.5061732222222222,1.5,1.5,0.034395730553674925,2.174,2.203,2.165,2.079
ds_1,63662,1785085664.3172622,1.535082222222222,1.4882713888888888,1.5,1.5,0.036990845281570005,2.142,2.193,2.128,2.073
ds_1,63666,1785085664.3831103,1.5325276111111112,1.5020776111111112,1.5,1.5,0.0325938944056199,2.161,2.196,2.154,2.073
ds_1,63674,1785085664.5104342,1.505907388888889,1.4840673888888887,1.5,1.5,0.016992508358169994,2.125,2.199,2.169,2.086
ds_1,63678,1785085664.5784016,1.5321686111111108,1.4789881111111116,1.5,1.5,0.03842289702113666,2.139,2.222,2.149,2.067
ds_1,63682,1785085664.6426015,1.5176748888888894,1.471926388888889,1.5,1.5,0.03317422701514661,2.115,2.21,2.147,2.072
ds_1,63686,1785085664.6967053,1.5237959999999995,1.481842666666667,1.5,1.5,0.02993222961587957,2.133,2.199,2.141,2.083
ds_1,63690,1785085664.7690282,1.5402407222222225,1.500338222222222,1.5,1.5,0.04024214357160511,2.168,2.204,2.149,2.073
ds_1,63694,1785085664.829285,1.5179484444444447,1.4924392777777775,1.5,1.5,0.01947591277699007,2.141,2.204,2.169,2.072
ds_1,63698,1785085664.896397,1.5230545,1.4940545,1.5,1.5,0.023808799644249146,2.149,2.195,2.155,2.086
ds_1,63702,1785085664.9630885,1.522220888888889,1.4960728888888888,1.5,1.5,0.022565241073194117,2.145,2.197,2.161,2.071
ds_1,63706,1785085665.020532,1.5256252222222224,1.503775222222222,1.5,1.5,0.025901820722980855,2.163,2.2,2.17,2.078
ds_1,63710,1785085665.0919452,1.5030279444444443,1.4834124444444448,1.5,1.5,0.01686165611282809,2.115,2.193,2.166,2.078
ds_1,63714,1785085665.1531518,1.5355969444444444,1.5144511111111114,1.5,1.5,0.03841844695099671,2.188,2.202,2.173,2.083
ds_1,63718,1785085665.2196457,1.5026155555555558,1.4873240555555551,1.5,1.5,0.012942978730680644,2.112,2.195,2.174,2.059
ds_1,63722,1785085665.280252,1.5435175000000003,1.5008899999999996,1.5,1.5,0.04352659998495204,2.167,2.197,2.138,2.072
ds_1,63726,1785085665.336257,1.5291971666666666,1.4771171666666665,1.5,1.5,0.037095803033796525,2.125,2.206,2.134,2.065
ds_1,63730,1785085665.4139237,1.524271055555555,1.4718550555555556,1.5,1.5,0.03716479564805512,2.138,2.22,2.148,2.099
ds_1,63734,1785085665.4745262,1.5313430000000008,1.4821563333333325,1.5,1.5,0.03606632902183406,2.135,2.204,2.136,2.07
ds_1,63738,1785085665.5401213,1.5155775000000002,1.4750894999999997,1.5,1.5,0.02938012111105095,2.126,2.197,2.141,2.102
ds_1,63742,1785085665.6040292,1.5147221111111109,1.4856687777777775,1.5,1.5,0.020545668301386995,2.132,2.199,2.159,2.083
ds_1,63746,1785085665.6584,1.5193278333333335,1.4807879999999993,1.5,1.5,0.027251900582549195,2.134,2.208,2.155,2.085
ds_1,63750,1785085665.7334538,1.5095768333333333,1.4898983333333333,1.5,1.5,0.013919748781457502,2.129,2.2,2.173,2.071
ds_1,63754,1785085665.7972772,1.5244827222222226,1.4774552222222224,1.5,1.5,0.033281687043476144,2.124,2.203,2.138,2.072
ds_1,63758,1785085665.8627338,1.5209645555555555,1.4854803888888883,1.5,1.5,0.02550160184105877,2.139,2.197,2.148,2.091
ds_1,63762,1785085665.9288232,1.547155111111111,1.4875684444444441,1.5,1.5,0.048766259621095605,2.159,2.221,2.139,2.063
ds_1,63766,1785085665.9823012,1.5418485555555554,1.5021110555555552,1.5,1.5,0.041901767953692014,2.167,2.195,2.14,2.073
ds_1,63770,1785085666.0545895,1.5444040555555556,1.4961305555555557,1.5,1.5,0.044572331665389785,2.16,2.195,2.128,2.072
ds_1,63774,1785085666.1163354,1.5292587222222225,1.4707902222222224,1.5,1.5,0.041343487321515625,2.12,2.206,2.125,2.073
ds_1,63778,1785085666.1840339,1.5331154999999996,1.4960810000000002,1.5,1.5,0.033346587550302266,2.161,2.204,2.153,2.081
ds_1,63782,1785085666.2474897,1.5217336111111115,1.4710769444444443,1.5,1.5,0.03617862621215451,2.119,2.206,2.136,2.081
ds_1,63786,1785085666.3034725,1.5254376111111112,1.4842551111111113,1.5,1.5,0.029916109124743795,2.136,2.196,2.139,2.083
ds_1,63790,1785085666.3759017,1.545862055555556,1.4967887222222218,1.5,1.5,0.045974345506455634,2.163,2.199,2.131,2.07
ds_1,63794,1785085666.4364529,1.532656833333333,1.479719666666667,1.5,1.5,0.03844165297528436,2.141,2.212,2.139,2.079
ds_1,63798,1785085666.5050871,1.5240087222222218,1.4840512222222226,1.5,1.5,0.028823293624232707,2.136,2.207,2.152,2.074
ds_1,63802,1785085666.567598,1.5174067222222216,1.4854627222222223,1.5,1.5,0.022678765921228007,2.139,2.2,2.156,2.093
ds_1,63806,1785085666.6222882,1.5426560000000002,1.4906480000000002,1.5,1.5,0.04366914517139095,2.149,2.203,2.131,2.059
ds_1,63810,1785085666.696702,1.5224869444444444,1.4862202777777775,1.5,1.5,0.026373157091428054,2.131,2.201,2.151,2.066
ds_1,63814,1785085666.7577713,1.5206878333333333,1.4917145000000003,1.5,1.5,0.022285330562452375,2.145,2.193,2.153,2.09
ds_1,63818,1785085666.825961,1.5218045555555555,1.4963770555555558,1.5,1.5,0.022103492244956117,2.149,2.197,2.162,2.079
ds_1,63822,1785085666.886268,1.5310662777777782,1.478567111111111,1.5,1.5,0.03774231499377769,2.128,2.194,2.121,2.077
ds_1,63826,1785085666.945589,1.5566423333333335,1.506219,1.5,1.5,0.056982715681550826,2.181,2.196,2.126,2.068
ds_1,63830,1785085667.0186899,1.5200426666666669,1.4800668333333333,1.5,1.5,0.028267288877291196,2.133,2.208,2.153,2.084
ds_1,63834,1785085667.0814774,1.5150199444444448,1.490324611111111,1.5,1.5,0.017866501651566915,2.146,2.196,2.162,2.101
ds_1,63838,1785085667.1518996,1.5187333888888885,1.4947808888888892,1.5,1.5,0.019446824420775055,2.146,2.194,2.161,2.085
ds_1,63846,1785085667.264985,1.5389219444444437,1.4861307777777781,1.5,1.5,0.0413191612255832,2.159,2.206,2.133,2.095
ds_1,63850,1785085667.34115,1.5446280000000001,1.4921045000000004,1.5,1.5,0.04532104703391134,2.156,2.195,2.122,2.075
ds_1,63854,1785085667.401031,1.5351474999999994,1.492323333333334,1.5,1.5,0.03597607492989005,2.165,2.207,2.148,2.094
ds_1,63858,1785085667.4693584,1.5241003333333336,1.4978083333333334,1.5,1.5,0.024199782427856014,2.152,2.209,2.173,2.065
ds_1,63862,1785085667.5391428,1.5396101666666668,1.4854726666666664,1.5,1.5,0.042190149527335276,2.143,2.203,2.128,2.066
ds_1,63866,1785085667.588582,1.5593038888888884,1.4989078888888887,1.5,1.5,0.0593139439257299,2.17,2.199,2.115,2.059
ds_1,63870,1785085667.6609778,1.5291699444444442,1.480187277777778,1.5,1.5,0.035262297439998,2.128,2.195,2.127,2.074
ds_1,63874,1785085667.7251074,1.5366737777777775,1.5068736111111114,1.5,1.5,0.03731236398568977,2.174,2.201,2.16,2.075
ds_1,63878,1785085667.792335,1.5197153888888886,1.4899288888888884,1.5,1.5,0.022138740660942444,2.142,2.2,2.159,2.083
ds_1,63882,1785085667.8504088,1.5513685555555556,1.5059980555555559,1.5,1.5,0.0517175518592261,2.176,2.192,2.129,2.07
ds_1,63886,1785085667.9068573,1.555974555555555,1.516734555555556,1.5,1.5,0.05842256601077972,2.2,2.207,2.153,2.067
ds_1,63890,1785085667.984147,1.5056556666666667,1.4816041666666666,1.5,1.5,0.019245603380310655,2.119,2.203,2.17,2.077
ds_1,63894,1785085668.0536027,1.520801,1.504106833333333,1.5,1.5,0.021202539494781694,2.155,2.189,2.166,2.079
ds_1,63898,1785085668.1106768,1.5162546666666672,1.4763704999999998,1.5,1.5,0.028680436863731184,2.124,2.203,2.148,2.087
ds_1,63902,1785085668.1730213,1.5191698333333332,1.49224,1.5,1.5,0.020680911731057055,2.142,2.202,2.165,2.075
ds_1,63906,1785085668.231462,1.5131182222222226,1.496362722222222,1.5,1.5,0.013613138650007652,2.14,2.197,2.174,2.073
ds_1,63910,1785085668.312555,1.5301491666666667,1.4974266666666665,1.5,1.5,0.03025878872557344,2.156,2.204,2.159,2.071
ds_1,63914,1785085668.3690426,1.5493380555555554,1.510332055555556,1.5,1.5,0.050408284021638376,2.183,2.194,2.14,2.073
ds_1,63918,1785085668.431878,1.5030501666666667,1.4877446666666665,1.5,1.5,0.012629200758779628,2.135,2.197,2.176,2.102
ds_1,63922,1785085668.4962227,1.5234052222222225,1.479088722222222,1.5,1.5,0.03138607916849461,2.136,2.21,2.149,2.086
ds_1,63926,1785085668.5517783,1.5170853333333332,1.4829555000000003,1.5,1.5,0.024133453863073452,2.127,2.202,2.155,2.074
ds_1,63930,1785085668.6267722,1.5349961666666667,1.4857415000000003,1.5,1.5,0.03778937024628893,2.148,2.207,2.139,2.078
ds_1,63934,1785085668.6871986,1.5170707222222217,1.5024907222222221,1.5,1.5,0.01725147107862184,2.147,2.197,2.177,2.064
ds_1,63938,1785085668.7548065,1.518098222222223,1.4729208888888885,1.5,1.5,0.03257029177291614,2.115,2.217,2.155,2.061
ds_1,63942,1785085668.8162282,1.5075689999999997,1.4879445000000004,1.5,1.5,0.014234635269299488,2.132,2.194,2.167,2.092
ds_1,63946,1785085668.8700812,1.5349288333333333,1.4819916666666666,1.5,1.5,0.03929788120843441,2.139,2.212,2.139,2.065
ds_1,63950,1785085668.9484985,1.5369080555555554,1.4979380555555555,1.5,1.5,0.03696560806728251,2.163,2.192,2.138,2.087
ds_1,63954,1785085669.0093455,1.5305268333333328,1.5094100000000001,1.5,1.5,0.03194425853515907,2.167,2.199,2.17,2.064
ds_1,63958,1785085669.078216,1.5198743888888886,1.476574388888889,1.5,1.5,0.030720523915385774,2.138,2.195,2.135,2.118
ds_1,63962,1785085669.1386666,1.5425599444444442,1.4921132777777781,1.5,1.5,0.04328451522801967,2.158,2.197,2.127,2.08
ds_1,63966,1785085669.1946383,1.521795666666667,1.4933971666666663,1.5,1.5,0.02277385548106075,2.146,2.204,2.165,2.074
ds_1,63970,1785085669.2727485,1.5382998333333333,1.4907358333333331,1.5,1.5,0.039404340083154424,2.155,2.195,2.129,2.086
ds_1,63974,1785085669.3321075,1.5447338333333334,1.509086333333334,1.5,1.5,0.04564731424891177,2.188,2.207,2.158,2.08
ds_1,63978,1785085669.400256,1.545269,1.5061550000000001,1.5,1.5,0.04568551615118299,2.177,2.2,2.146,2.072
ds_1,63982,1785085669.4600816,1.5118740555555552,1.4690302222222227,1.5,1.5,0.033168061911141584,2.124,2.208,2.149,2.109
ds_1,63986,1785085669.517505,1.5268374999999998,1.4914023333333333,1.5,1.5,0.028181044664119602,2.145,2.194,2.145,2.081
ds_1,63990,1785085669.5914412,1.5248795000000004,1.4980236666666664,1.5,1.5,0.02495787277983572,2.151,2.196,2.159,2.075
ds_1,63994,1785085669.6541984,1.5290419999999998,1.468936166666667,1.5,1.5,0.042525280779332694,2.117,2.214,2.131,2.064
ds_1,63998,1785085669.7198253,1.5154995000000002,1.4843173333333335,1.5,1.5,0.022049501899765893,2.135,2.197,2.154,2.094
ds_1,64002,1785085669.7819695,1.5231249444444448,1.4803991111111103,1.5,1.5,0.03031431841215066,2.134,2.202,2.143,2.087
ds_1,64006,1785085669.8390236,1.5320750555555551,1.497323055555556,1.5,1.5,0.03218656894498989,2.156,2.196,2.148,2.077
ds_1,64010,1785085669.911535,1.528895444444445,1.478308777777778,1.5,1.5,0.03613109230477019,2.122,2.203,2.133,2.059
ds_1,64014,1785085669.9659288,1.5296447222222225,1.4835007222222218,1.5,1.5,0.03392691737869822,2.133,2.195,2.131,2.074
ds_1,64018,1785085670.0401263,1.5394666666666665,1.5023811666666669,1.5,1.5,0.03953843361176835,2.168,2.207,2.156,2.065
ds_1,64022,1785085670.1054795,1.524287888888889,1.4852638888888887,1.5,1.5,0.02840870495742529,2.14,2.195,2.141,2.091
ds_1,64026,1785085670.1594412,1.5329173888888887,1.4901915555555558,1.5,1.5,0.03434763563452488,2.142,2.202,2.143,2.061
ds_1,64030,1785085670.233411,1.5501607222222222,1.4901102222222224,1.5,1.5,0.05112637047892958,2.16,2.212,2.129,2.063
ds_1,64034,1785085670.3002625,1.4984598888888885,1.485319888888889,1.5,1.5,0.014760677642612956,2.122,2.199,2.181,2.087
ds_1,64038,1785085670.3648963,1.5213376666666671,1.4793456666666667,1.5,1.5,0.029696759153521154,2.12,2.201,2.143,2.065
ds_1,64042,1785085670.426187,1.5229568333333332,1.484346333333333,1.5,1.5,0.027785850298408306,2.131,2.212,2.159,2.059
ds_1,64046,1785085670.4823396,1.5437145555555551,1.4828145555555556,1.5,1.5,0.04697128769975123,2.146,2.217,2.133,2.059
ds_1,64050,1785085670.55532,1.540927222222222,1.485551388888889,1.5,1.5,0.04340276352799734,2.154,2.196,2.119,2.094
ds_1,64054,1785085670.618017,1.5308691666666667,1.5040256666666665,1.5,1.5,0.031130554810435963,2.176,2.195,2.158,2.102
ds_1,64058,1785085670.6835117,1.5073720555555554,1.4797967222222226,1.5,1.5,0.021506269692353214,2.115,2.196,2.158,2.079
ds_1,64062,1785085670.7502859,1.5008990555555561,1.4704350555555556,1.5,1.5,0.02957861120632707,2.112,2.197,2.155,2.108
ds_1,64066,1785085670.802969,1.5372479444444447,1.507557111111111,1.5,1.5,0.03800683219741044,2.167,2.193,2.152,2.066
ds_1,64070,1785085670.8761652,1.5250786666666658,1.5162986666666671,1.5,1.5,0.029909631507072446,2.179,2.201,2.189,2.075
ds_1,64074,1785085670.93752,1.5255442777777777,1.4719436111111115,1.5,1.5,0.03794299783455194,2.125,2.21,2.136,2.081
ds_1,64082,1785085671.068194,1.5303641111111108,1.4733919444444445,1.5,1.5,0.04037286048839503,2.119,2.203,2.124,2.065
ds_1,64086,1785085671.1259053,1.5546977222222218,1.5007352222222223,1.5,1.5,0.054702663262544964,2.185,2.196,2.121,2.095
ds_1,64090,1785085671.1980937,1.5234843888888885,1.4951508888888894,1.5,1.5,0.0239797914930978,2.149,2.199,2.16,2.078
ds_1,64094,1785085671.2604442,1.5368702777777774,1.4975402777777778,1.5,1.5,0.03695223426020354,2.163,2.212,2.158,2.067
ds_1,64098,1785085671.3279529,1.5269247222222222,1.503692722222222,1.5,1.5,0.027176770671923447,2.167,2.194,2.162,2.091
ds_1,64102,1785085671.3875442,1.537499444444444,1.493508277777778,1.5,1.5,0.038057204193850606,2.152,2.194,2.133,2.074
ds_1,64106,1785085671.4461837,1.5384368888888886,1.4799413888888888,1.5,1.5,0.04335599505447388,2.136,2.207,2.126,2.065
ds_1,64110,1785085671.5207796,1.5296214444444445,1.4682372777777775,1.5,1.5,0.043431561035051226,2.129,2.209,2.124,2.095
ds_1,64114,1785085671.5857458,1.549075166666667,1.486159666666666,1.5,1.5,0.05098947744524283,2.174,2.213,2.126,2.104
ds_1,64118,1785085671.6483216,1.5344606111111112,1.4926039444444443,1.5,1.5,0.035245359353141895,2.152,2.194,2.136,2.081
ds_1,64122,1785085671.7097676,1.5131594999999993,1.4783275,1.5,1.5,0.025354875201822263,2.126,2.201,2.153,2.092
ds_1,64126,1785085671.7682745,1.5370743333333332,1.504456833333333,1.5,1.5,0.03734125808636086,2.167,2.197,2.152,2.071
ds_1,64130,1785085671.8399956,1.5223702222222222,1.486170222222222,1.5,1.5,0.026299992312818776,2.139,2.197,2.147,2.087
ds_1,64134,1785085671.910706,1.5260155555555557,1.4998195555555551,1.5,1.5,0.0260161813312741,2.153,2.201,2.165,2.067
ds_1,64138,1785085671.9741697,1.5286580555555558,1.4923080555555552,1.5,1.5,0.029672380382465887,2.145,2.206,2.156,2.063
ds_1,64146,1785085672.0903032,1.5129305555555557,1.4781625555555555,1.5,1.5,0.025378598204776993,2.126,2.197,2.149,2.097
ds_1,64150,1785085672.1669023,1.5303475555555555,1.5035040555555559,1.5,1.5,0.030549182207285797,2.16,2.195,2.158,2.071
ds_1,64158,1785085672.291772,1.5308009444444444,1.5030229444444443,1.5,1.5,0.03094893167435582,2.175,2.212,2.174,2.085
ds_1,64162,1785085672.3544784,1.5366621111111114,1.4875887777777774,1.5,1.5,0.03870592755861651,2.152,2.199,2.131,2.087
ds_1,64166,1785085672.4085195,1.5340853333333333,1.5007506666666666,1.5,1.5,0.03409359835642003,2.155,2.197,2.151,2.061
ds_1,64170,1785085672.4843836,1.5380494444444446,1.4981836111111106,1.5,1.5,0.03809277478901419,2.162,2.202,2.147,2.072
ds_1,64174,1785085672.5483043,1.5156583333333336,1.4821549999999994,1.5,1.5,0.023740838817906253,2.127,2.208,2.162,2.072
ds_1,64178,1785085672.6129696,1.5157893333333334,1.490361833333333,1.5,1.5,0.018498575723702733,2.152,2.197,2.162,2.111
ds_1,64182,1785085672.6748638,1.5479531666666668,1.4923976666666665,1.5,1.5,0.04855205109438982,2.17,2.203,2.126,2.09
ds_1,64186,1785085672.7314687,1.5360257777777782,1.496251611111111,1.5,1.5,0.03622025791951516,2.152,2.197,2.142,2.065
ds_1,64190,1785085672.807712,1.5380000000000005,1.5004386666666665,1.5,1.5,0.03800253186887001,2.161,2.193,2.141,2.073
ds_1,64194,1785085672.8656173,1.5362355555555554,1.5231195555555557,1.5,1.5,0.04298289584830417,2.193,2.195,2.177,2.075
ds_1,64198,1785085672.9328358,1.5380127777777777,1.4902507777777778,1.5,1.5,0.03924307083194407,2.151,2.204,2.138,2.07
ds_1,64202,1785085672.996539,1.5303208888888886,1.5077580555555554,1.5,1.5,0.03129766331558018,2.166,2.199,2.168,2.067
ds_1,64206,1785085673.0512166,1.520140611111111,1.4860577777777775,1.5,1.5,0.024495505228977157,2.131,2.199,2.152,2.072
ds_1,64210,1785085673.1356,1.5218978333333333,1.505104,1.5,1.5,0.022484793098768826,2.158,2.202,2.179,2.067
ds_1,64214,1785085673.1879807,1.5329500555555557,1.4824100555555555,1.5,1.5,0.0373512022118814,2.133,2.201,2.131,2.066
ds_1,64218,1785085673.2570548,1.5259513888888891,1.492647388888889,1.5,1.5,0.026972865539530523,2.151,2.195,2.149,2.09
ds_1,64222,1785085673.3164377,1.535227,1.481725,1.5,1.5,0.03968522589075177,2.143,2.206,2.132,2.08
ds_1,64226,1785085673.3727522,1.5153247222222224,1.4892007222222219,1.5,1.5,0.018747573488584815,2.129,2.195,2.159,2.07
ds_1,64230,1785085673.4485478,1.5387935,1.4909875000000001,1.5,1.5,0.03982663428536225,2.156,2.206,2.14,2.075
ds_1,64234,1785085673.5086737,1.5230853333333343,1.500543166666666,1.5,1.5,0.0230917224376817,2.148,2.197,2.166,2.063
ds_1,64238,1785085673.5805082,1.5294200000000002,1.4767991666666669,1.5,1.5,0.03746752016561964,2.124,2.199,2.126,2.071
ds_1,64242,1785085673.641555,1.5587156666666664,1.5124650000000002,1.5,1.5,0.06002420959172293,2.193,2.2,2.136,2.068
ds_1,64246,1785085673.696193,1.5089651111111109,1.485647777777778,1.5,1.5,0.01692216002614942,2.128,2.202,2.17,2.08
ds_1,64250,1785085673.7708402,1.5502111111111119,1.480160944444444,1.5,1.5,0.053988367305826755,2.168,2.215,2.118,2.105
ds_1,64254,1785085673.8304343,1.5140102777777775,1.481831611111111,1.5,1.5,0.022942934385740504,2.131,2.216,2.172,2.075
ds_1,64258,1785085673.897637,1.5533876666666666,1.4990751666666666,1.5,1.5,0.053395676499184364,2.176,2.21,2.135,2.068
ds_1,64262,1785085673.9585915,1.5233741111111114,1.4843861111111107,1.5,1.5,0.02810947520799992,2.142,2.193,2.139,2.101
ds_1,64266,1785085674.0196903,1.5089472777777773,1.4899759444444447,1.5,1.5,0.013436348812589151,2.12,2.202,2.176,2.051
ds_1,64270,1785085674.0920968,1.5202026111111109,1.4976604444444441,1.5,1.5,0.02033762562110713,2.155,2.197,2.166,2.09
ds_1,64274,1785085674.158617,1.5132710555555553,1.4705845555555555,1.5,1.5,0.03227056379152429,2.129,2.2,2.141,2.121
ds_1,64278,1785085674.2229292,1.521616777777778,1.4968874444444444,1.5,1.5,0.02183971345004916,2.14,2.199,2.165,2.057
ds_1,64282,1785085674.2791994,1.511908833333333,1.4667728333333334,1.5,1.5,0.035296811698162525,2.122,2.215,2.153,2.104
ds_1,64286,1785085674.3425145,1.5075911111111115,1.4988191111111107,1.5,1.5,0.007682412802573388,2.163,2.199,2.187,2.119
ds_1,64290,1785085674.4124672,1.5275401111111109,1.4905226111111114,1.5,1.5,0.029125223092082264,2.145,2.203,2.152,2.073
ds_1,64294,1785085674.473915,1.552568777777778,1.4949421111111107,1.5,1.5,0.0528115388628446,2.158,2.201,2.121,2.053
ds_1,64298,1785085674.5431416,1.5323097777777779,1.4787584444444442,1.5,1.5,0.03866685172688817,2.132,2.208,2.134,2.068
ds_1,64302,1785085674.6034765,1.5272035555555556,1.4881795555555553,1.5,1.5,0.02966068680473207,2.151,2.195,2.141,2.101
ds_1,64306,1785085674.6586814,1.5243008888888885,1.4830993888888888,1.5,1.5,0.029600065147210718,2.138,2.197,2.14,2.091
ds_1,64310,1785085674.7338011,1.518760055555555,1.490218555555556,1.5,1.5,0.021156945428564375,2.148,2.215,2.176,2.08
ds_1,64314,1785085674.796031,1.5072153333333334,1.4795893333333334,1.5,1.5,0.02164847220680678,2.128,2.2,2.162,2.102
ds_1,64318,1785085674.8629324,1.503733833333334,1.471863166666666,1.5,1.5,0.028383496990133813,2.115,2.195,2.151,2.108
ds_1,64322,1785085674.9238553,1.5359517222222219,1.4882337222222226,1.5,1.5,0.03782818556959374,2.152,2.202,2.136,2.083
ds_1,64326,1785085674.9827833,1.533111833333333,1.4909458333333332,1.5,1.5,0.034327415293351114,2.155,2.21,2.152,2.077
ds_1,64330,1785085675.055317,1.5264070000000003,1.491591,1.5,1.5,0.02771355137834228,2.135,2.2,2.152,2.054
ds_1,64334,1785085675.1025734,1.5500661666666669,1.5017703333333332,1.5,1.5,0.05009745627080854,2.167,2.196,2.129,2.061
ds_1,64338,1785085675.1891966,1.5365664444444447,1.4871531111111107,1.5,1.5,0.038757546535250736,2.146,2.214,2.146,2.06
ds_1,64342,1785085675.2531774,1.5322186666666666,1.5111211666666662,1.5,1.5,0.03408405536032268,2.17,2.197,2.168,2.065
ds_1,64346,1785085675.302561,1.5361854444444447,1.5092802777777778,1.5,1.5,0.03735652480189655,2.176,2.2,2.163,2.074
ds_1,64350,1785085675.378716,1.550638555555555,1.510150555555556,1.5,1.5,0.051645881605791845,2.188,2.197,2.141,2.079
ds_1,64354,1785085675.4368362,1.5272230555555555,1.4965910555555553,1.5,1.5,0.027435663943235836,2.152,2.209,2.167,2.064
ds_1,64358,1785085675.504738,1.5258426111111112,1.495392611111111,1.5,1.5,0.026250115836193647,2.148,2.196,2.154,2.075
ds_1,64362,1785085675.5685408,1.5254028333333336,1.4835461666666665,1.5,1.5,0.030266030012577487,2.132,2.194,2.136,2.079
ds_1,64366,1785085675.6269124,1.5283280000000001,1.5000725,1.5,1.5,0.028328092774664648,2.148,2.193,2.154,2.061
ds_1,64370,1785085675.6980784,1.533665,1.4896534999999995,1.5,1.5,0.03521906141920897,2.143,2.195,2.134,2.071
ds_1,64374,1785085675.7602544,1.5458189444444446,1.501199611111111,1.5,1.5,0.04583464559501904,2.165,2.19,2.128,2.071
ds_1,64378,1785085675.8266888,1.5101423333333337,1.4718674999999999,1.5,1.5,0.029904924037597192,2.121,2.193,2.14,2.113
ds_1,64382,1785085675.887241,1.538377611111111,1.473307611111111,1.5,1.5,0.04674745617882701,2.139,2.214,2.124,2.083
ds_1,64386,1785085675.9440012,1.5421617222222221,1.5030477222222223,1.5,1.5,0.0422717332444229,2.172,2.2,2.146,2.075
ds_1,64390,1785085676.023419,1.5488165555555558,1.490483055555556,1.5,1.5,0.04973558412110283,2.153,2.201,2.12,2.061
ds_1,64394,1785085676.0801566,1.5318586666666671,1.4819831666666663,1.5,1.5,0.036600285861437376,2.138,2.203,2.134,2.077
ds_1,64398,1785085676.1508126,1.5080402222222224,1.4797717222222222,1.5,1.5,0.021767599666423006,2.109,2.194,2.155,2.068
ds_1,64402,1785085676.2142673,1.524681777777778,1.4891159444444446,1.5,1.5,0.02697504067852406,2.141,2.202,2.153,2.074
ds_1,64406,1785085676.2668116,1.5247207222222223,1.502850722222222,1.5,1.5,0.024884547903800607,2.153,2.202,2.172,2.059
ds_1,64410,1785085676.3424556,1.5262185555555552,1.4928532222222222,1.5,1.5,0.027175155712979328,2.154,2.199,2.153,2.091
ds_1,64414,1785085676.4037702,1.5378691666666668,1.5131398333333332,1.5,1.5,0.04008402429965792,2.203,2.199,2.165,2.118
ds_1,64418,1785085676.4688988,1.5345943333333338,1.499874333333333,1.5,1.5,0.034594561579660524,2.155,2.194,2.146,2.066
ds_1,64422,1785085676.5333414,1.5130643888888888,1.4796223888888889,1.5,1.5,0.024205893737596264,2.12,2.204,2.158,2.073
ds_1,64426,1785085676.5881257,1.5451951111111109,1.5045017777777778,1.5,1.5,0.045418763429954254,2.194,2.208,2.152,2.104
ds_1,64430,1785085676.6662717,1.5324167777777782,1.494526111111111,1.5,1.5,0.032875689210444786,2.161,2.212,2.16,2.078
ds_1,64434,1785085676.72565,1.5333287777777773,1.5099474444444445,1.5,1.5,0.03478159109551737,2.179,2.208,2.176,2.074
ds_1,64438,1785085676.792446,1.5231455555555558,1.4882975555555555,1.5,1.5,0.025935765806133944,2.132,2.202,2.154,2.06
ds_1,64442,1785085676.8539422,1.5144022222222215,1.4731627222222226,1.5,1.5,0.03045756857432712,2.122,2.199,2.142,2.099
ds_1,64446,1785085676.909019,1.5424937222222226,1.497667722222222,1.5,1.5,0.042557677896381166,2.16,2.2,2.138,2.065
ds_1,64450,1785085676.9867902,1.5371677222222226,1.4995890555555556,1.5,1.5,0.03716999395378916,2.154,2.194,2.142,2.061
ds_1,64454,1785085677.0448196,1.5384519444444447,1.5130361111111108,1.5,1.5,0.04060162834739372,2.185,2.196,2.161,2.083
ds_1,64458,1785085677.1163955,1.501511,1.4767816666666667,1.5,1.5,0.02326744772805514,2.118,2.199,2.165,2.099
ds_1,64462,1785085677.1781569,1.5105050000000002,1.4764064999999995,1.5,1.5,0.02582650319439369,2.114,2.2,2.153,2.078
ds_1,64466,1785085677.232481,1.5596305555555556,1.4989545555555555,1.5,1.5,0.0596397192309842,2.182,2.209,2.125,2.073
ds_1,64470,1785085677.306065,1.5419706111111113,1.4935854444444439,1.5,1.5,0.04245796415297674,2.153,2.2,2.133,2.063
ds_1,64474,1785085677.367793,1.5161040000000001,1.493530833333333,1.5,1.5,0.017354795687680072,2.145,2.2,2.169,2.084
ds_1,64478,1785085677.43339,1.5117329444444447,1.4811149444444442,1.5,1.5,0.022233022931505593,2.135,2.208,2.166,2.097
ds_1,64482,1785085677.499178,1.5220339444444446,1.480119277777778,1.5,1.5,0.029677227361362798,2.12,2.197,2.139,2.066
ds_1,64486,1785085677.551842,1.5264147222222224,1.493662222222222,1.5,1.5,0.027164406440002824,2.154,2.206,2.161,2.081
ds_1,64490,1785085677.626199,1.5275142222222222,1.4889920555555556,1.5,1.5,0.02963456200765926,2.142,2.207,2.154,2.067
ds_1,64494,1785085677.6873522,1.532865611111111,1.5066576111111114,1.5,1.5,0.033533150454640774,2.163,2.202,2.166,2.057
ds_1,64498,1785085677.7579272,1.5081818333333332,1.4884493333333337,1.5,1.5,0.014154868319376122,2.132,2.206,2.179,2.077
ds_1,64502,1785085677.8186402,1.5276591111111113,1.4855704444444442,1.5,1.5,0.031196770682038102,2.146,2.206,2.148,2.086
ds_1,64506,1785085677.8775907,1.5411722777777774,1.4900641111111113,1.5,1.5,0.042354201036294004,2.158,2.195,2.124,2.09
ds_1,64510,1785085677.9516113,1.5311808333333328,1.4992368333333332,1.5,1.5,0.031190171380134916,2.162,2.2,2.156,2.081
ds_1,64514,1785085678.0094438,1.518332833333333,1.4813663333333333,1.5,1.5,0.026140128375205247,2.129,2.2,2.149,2.083
ds_1,64518,1785085678.0822902,1.5250659999999998,1.501706,1.5,1.5,0.025123988377643992,2.158,2.206,2.174,2.068
ds_1,64522,1785085678.1403422,1.5466728888888892,1.4970043888888886,1.5,1.5,0.046768923904272286,2.169,2.194,2.125,2.086
ds_1,64526,1785085678.1972082,1.5191347222222218,1.4929867222222222,1.5,1.5,0.020379491154340942,2.139,2.197,2.161,2.072
ds_1,64530,1785085678.2802172,1.5140029444444445,1.4806682777777778,1.5,1.5,0.023870440657670317,2.119,2.197,2.151,2.074
ds_1,64534,1785085678.329119,1.546331388888889,1.4988113888888885,1.5,1.5,0.046346633024923437,2.165,2.193,2.127,2.074
ds_1,64538,1785085678.397599,1.540966555555556,1.4918025555555554,1.5,1.5,0.04177866404645099,2.16,2.203,2.135,2.081
ds_1,64542,1785085678.4588826,1.536065777777778,1.4920339444444441,1.5,1.5,0.036935056082673896,2.149,2.196,2.135,2.072
ds_1,64546,1785085678.5177896,1.5139645000000002,1.491453333333333,1.5,1.5,0.016372317226376963,2.138,2.194,2.163,2.085
ds_1,64550,1785085678.5897973,1.506758666666666,1.473270666666667,1.5,1.5,0.027570579166124244,2.113,2.207,2.161,2.083
ds_1,64554,1785085678.6586466,1.5130608333333333,1.4861680000000002,1.5,1.5,0.01902392155579669,2.133,2.199,2.162,2.086
ds_1,64558,1785085678.718811,1.5177124999999996,1.4886058333333336,1.5,1.5,0.021060856826771224,2.133,2.203,2.163,2.068
ds_1,64562,1785085678.7849247,1.5448553888888894,1.4842633888888883,1.5,1.5,0.047535742779890026,2.147,2.206,2.122,2.067
ds_1,64566,1785085678.8369603,1.5136452777777774,1.4780957777777783,1.5,1.5,0.025806754092546656,2.127,2.201,2.152,2.094
ds_1,64570,1785085678.9115527,1.5140858888888888,1.4900783888888893,1.5,1.5,0.017229353813484616,2.129,2.199,2.166,2.065
ds_1,64574,1785085678.9750056,1.5050489999999996,1.4919390000000003,1.5,1.5,0.00951168344721326,2.129,2.194,2.176,2.078
ds_1,64578,1785085679.0414033,1.5323680000000002,1.5112898333333333,1.5,1.5,0.0342804282454939,2.176,2.195,2.166,2.079
ds_1,64582,1785085679.1012473,1.5198453333333337,1.4929154999999998,1.5,1.5,0.021071957558829898,2.141,2.202,2.165,2.07
ds_1,64586,1785085679.1586025,1.5259369999999999,1.5018414999999994,1.5,1.5,0.026002290115487738,2.155,2.207,2.174,2.059
ds_1,64590,1785085679.2415345,1.5207292777777777,1.4866934444444446,1.5,1.5,0.02463264861807087,2.141,2.196,2.149,2.093
ds_1,64594,1785085679.2996278,1.5049439444444446,1.4824017777777778,1.5,1.5,0.018279497040467742,2.117,2.197,2.166,2.078
ds_1,64598,1785085679.3625278,1.5320130555555558,1.5015770555555554,1.5,1.5,0.032051877171679184,2.158,2.195,2.153,2.07
ds_1,64602,1785085679.4220147,1.5107421111111115,1.4983802777777775,1.5,1.5,0.010863537692695945,2.14,2.19,2.173,2.078
ds_1,64606,1785085679.4830928,1.5380853333333335,1.5111554999999997,1.5,1.5,0.039685485953445475,2.179,2.202,2.165,2.07
ds_1,64610,1785085679.555519,1.5164176666666664,1.4946176666666668,1.5,1.5,0.017277421418975678,2.134,2.195,2.165,2.063
ds_1,64614,1785085679.620835,1.5079657222222216,1.4796192222222224,1.5,1.5,0.021882157876881046,2.135,2.2,2.161,2.115
ds_1,64618,1785085679.6841798,1.5292262777777779,1.497355611111111,1.5,1.5,0.029345665869758546,2.155,2.195,2.151,2.08
ds_1,64622,1785085679.7460892,1.521282055555556,1.4799475555555552,1.5,1.5,0.02924083474983766,2.138,2.204,2.147,2.097
ds_1,64626,1785085679.8011227,1.530667666666667,1.4935991666666664,1.5,1.5,0.03132852448071744,2.168,2.206,2.155,2.104
ds_1,64630,1785085679.8753982,1.5234419444444447,1.492259777777778,1.5,1.5,0.024686753520578832,2.141,2.197,2.154,2.072
ds_1,64634,1785085679.940198,1.5138826111111108,1.4869774444444446,1.5,1.5,0.019034543452887537,2.125,2.2,2.163,2.065
ds_1,64638,1785085680.004214,1.5305601666666666,1.5043641666666667,1.5,1.5,0.030870207925909506,2.162,2.201,2.165,2.066
ds_1,64642,1785085680.0684576,1.5221971666666672,1.4793533333333324,1.5,1.5,0.030314997154416528,2.134,2.208,2.149,2.085
ds_1,64646,1785085680.1247416,1.5057039999999995,1.47804,1.5,1.5,0.022688702386870725,2.113,2.203,2.165,2.075
ds_1,64650,1785085680.1989305,1.5405422222222223,1.507054222222222,1.5,1.5,0.04115135275876777,2.179,2.207,2.161,2.073
ds_1,64654,1785085680.256954,1.5324201111111106,1.5084566111111115,1.5,1.5,0.03350489331338536,2.175,2.195,2.162,2.085
ds_1,64658,1785085680.3245435,1.5198392222222226,1.495875722222222,1.5,1.5,0.020263375966778147,2.143,2.195,2.162,2.073
ds_1,64662,1785085680.387872,1.5432131666666666,1.5133720000000002,1.5,1.5,0.045234811344374064,2.188,2.204,2.163,2.073
ds_1,64666,1785085680.4441814,1.5272164999999998,1.4939125000000002,1.5,1.5,0.027888985791885375,2.143,2.195,2.149,2.068
ds_1,64670,1785085680.524106,1.5455532222222228,1.4806632222222216,1.5,1.5,0.04948744315131262,2.143,2.208,2.118,2.066
ds_1,64674,1785085680.5808575,1.5209363333333332,1.4991363333333336,1.5,1.5,0.020954139771308927,2.158,2.195,2.165,2.093
ds_1,64678,1785085680.648174,1.5294698333333336,1.5076498333333328,1.5,1.5,0.03044652733436495,2.159,2.197,2.167,2.056
ds_1,64682,1785085680.7117057,1.4961937777777778,1.4779729444444445,1.5,1.5,0.02235348975109852,2.108,2.199,2.174,2.083
ds_1,64686,1785085680.7681005,1.5060782222222224,1.482136722222222,1.5,1.5,0.018869061406142557,2.108,2.193,2.16,2.063
ds_1,64690,1785085680.8432834,1.5308349999999997,1.4925425000000003,1.5,1.5,0.031723989838133196,2.146,2.194,2.141,2.074
ds_1,64694,1785085680.9051933,1.5261283333333338,1.478520333333333,1.5,1.5,0.033824042970776354,2.126,2.197,2.131,2.077
ds_1,64698,1785085680.9729753,1.5163981666666664,1.4873848333333333,1.5,1.5,0.02068918316549853,2.136,2.196,2.156,2.087
ds_1,64702,1785085681.0323095,1.5623917222222221,1.4994472222222222,1.5,1.5,0.062394170922663354,2.189,2.214,2.127,2.077
ds_1,64706,1785085681.0874896,1.5166621111111112,1.484059611111111,1.5,1.5,0.02305909678647513,2.132,2.196,2.151,2.088
ds_1,64710,1785085681.1665258,1.5080918888888888,1.483407888888889,1.5,1.5,0.01846014130264371,2.126,2.195,2.161,2.091
ds_1,64714,1785085681.2303364,1.5266534444444437,1.4881136111111115,1.5,1.5,0.029183768460754687,2.146,2.208,2.155,2.078
ds_1,64718,1785085681.3011217,1.509155166666666,1.480717666666667,1.5,1.5,0.021345384875241683,2.114,2.207,2.168,2.06
ds_1,64722,1785085681.355716,1.5373542777777773,1.5104861111111116,1.5,1.5,0.03879820349621782,2.176,2.197,2.16,2.072
ds_1,64726,1785085681.4087646,1.5109565555555557,1.4839650555555552,1.5,1.5,0.019420750577112338,2.135,2.207,2.17,2.091
ds_1,64730,1785085681.4850001,1.5149275,1.490953,1.5,1.5,0.017455041256038323,2.139,2.196,2.163,2.085
ds_1,64734,1785085681.5530016,1.531035722222222,1.4854552222222224,1.5,1.5,0.034274868554961015,2.135,2.202,2.139,2.063
ds_1,64738,1785085681.61282,1.537384611111111,1.498950777777778,1.5,1.5,0.03739933174804868,2.165,2.202,2.149,2.077
ds_1,64742,1785085681.675573,1.5315328333333333,1.488292833333333,1.5,1.5,0.03363595292821207,2.14,2.192,2.132,2.075
ds_1,64746,1785085681.7307208,1.5282435,1.4818008333333332,1.5,1.5,0.033599180936610934,2.132,2.209,2.145,2.064
ds_1,64750,1785085681.8046,1.4988803888888889,1.4777635555555555,1.5,1.5,0.0222646129670154,2.121,2.199,2.17,2.106
ds_1,64754,1785085681.8714564,1.5216820555555552,1.481250055555556,1.5,1.5,0.028664820770134335,2.133,2.194,2.138,2.093
ds_1,64758,1785085681.9352643,1.5095408888888895,1.4748208888888887,1.5,1.5,0.026926124807254044,2.104,2.194,2.146,2.07
ds_1,64762,1785085681.998169,1.5478258333333335,1.4927511666666666,1.5,1.5,0.04837205720994544,2.163,2.212,2.136,2.065
ds_1,64766,1785085682.053292,1.5084102222222229,1.4866702222222221,1.5,1.5,0.015761180584972452,2.115,2.189,2.159,2.065
ds_1,64770,1785085682.1262522,1.5273891666666666,1.4939931666666664,1.5,1.5,0.02804012299168617,2.155,2.201,2.155,2.086
ds_1,64774,1785085682.1918666,1.5299995555555557,1.503779555555556,1.5,1.5,0.03023670573538733,2.169,2.203,2.167,2.081
ds_1,64778,1785085682.2565913,1.5480073888888892,1.4935448888888887,1.5,1.5,0.0484394245154279,2.172,2.216,2.141,2.077
ds_1,64782,1785085682.317372,1.521282611111111,1.4742984444444442,1.5,1.5,0.033369439517050736,2.129,2.201,2.136,2.098
ds_1,64786,1785085682.3745127,1.5171942222222223,1.4996902222222224,1.5,1.5,0.01719701253412258,2.166,2.2,2.176,2.108
ds_1,64790,1785085682.4527493,1.5398613333333333,1.5058724999999997,1.5,1.5,0.040291589089549516,2.166,2.193,2.146,2.065
ds_1,64794,1785085682.5089498,1.5297920555555558,1.478636555555555,1.5,1.5,0.0366601054656995,2.14,2.197,2.126,2.1
ds_1,64798,1785085682.5780435,1.5281978888888892,1.5114730555555551,1.5,1.5,0.030442600768840273,2.181,2.193,2.17,2.097
ds_1,64802,1785085682.6375318,1.519712944444444,1.4818916111111118,1.5,1.5,0.026767777771435252,2.129,2.208,2.156,2.071
ds_1,64806,1785085682.6967678,1.5061595555555558,1.479266722222222,1.5,1.5,0.02162889114246224,2.112,2.199,2.162,2.073
ds_1,64810,1785085682.772975,1.5334060555555553,1.4814940555555556,1.5,1.5,0.03818945571177614,2.131,2.199,2.127,2.066
ds_1,64814,1785085682.833374,1.539060555555555,1.506203055555556,1.5,1.5,0.03955003032279382,2.177,2.213,2.168,2.067
ds_1,64818,1785085682.8979442,1.5227515,1.4865681666666664,1.5,1.5,0.026420539338636796,2.154,2.196,2.146,2.117
ds_1,64822,1785085682.958801,1.5317363888888886,1.4794403888888887,1.5,1.5,0.037813965525277875,2.142,2.215,2.143,2.08
ds_1,64826,1785085683.016201,1.5239800555555558,1.4920800555555556,1.5,1.5,0.025254080550489857,2.145,2.197,2.153,2.08
ds_1,64830,1785085683.0919738,1.5214826111111115,1.491764444444444,1.5,1.5,0.023007106629472127,2.135,2.195,2.154,2.066
ds_1,64834,1785085683.1530654,1.5412329999999999,1.4928701666666664,1.5,1.5,0.04184488991933308,2.179,2.199,2.132,2.121
ds_1,64838,1785085683.2191544,1.5342266666666666,1.5045084999999998,1.5,1.5,0.034522330213372136,2.166,2.195,2.154,2.075
ds_1,64842,1785085683.2792456,1.5045282777777778,1.4826582777777781,1.5,1.5,0.017923186917103196,2.129,2.202,2.172,2.097
ds_1,64846,1785085683.3400745,1.5136221666666667,1.4772388333333335,1.5,1.5,0.0265261028559081,2.124,2.208,2.158,2.083
ds_1,64850,1785085683.414246,1.5271845000000002,1.4931643333333335,1.5,1.5,0.028030757731959087,2.14,2.195,2.148,2.064
ds_1,64854,1785085683.4715455,1.5305706666666663,1.499331166666667,1.5,1.5,0.030577982249850942,2.168,2.201,2.158,2.093
ds_1,64858,1785085683.5491762,1.5446863333333334,1.494856833333333,1.5,1.5,0.04498133557531276,2.161,2.201,2.132,2.071
ds_1,64862,1785085683.6095648,1.5027572777777778,1.4730391111111112,1.5,1.5,0.027101514910108537,2.111,2.195,2.154,2.098
ds_1,64866,1785085683.6618114,1.5163221666666669,1.4858161666666663,1.5,1.5,0.021623927782025164,2.128,2.2,2.158,2.071
ds_1,64870,1785085683.7352033,1.5162351666666662,1.495166666666667,1.5,1.5,0.01693935499969048,2.138,2.194,2.165,2.071
ds_1,64874,1785085683.794845,1.5382475555555555,1.5035115555555558,1.5,1.5,0.03840841741591364,2.155,2.195,2.147,2.049
ds_1,64878,1785085683.8634825,1.5130023333333336,1.4729348333333332,1.5,1.5,0.030026387042159586,2.125,2.213,2.158,2.093
ds_1,64882,1785085683.9242945,1.5228773333333334,1.4730478333333337,1.5,1.5,0.03535239268383695,2.12,2.201,2.132,2.081
ds_1,64886,1785085683.981396,1.5218312222222214,1.4876230555555559,1.5,1.5,0.025095637419616828,2.139,2.207,2.16,2.073
ds_1,64890,1785085684.0551682,1.5041046111111112,1.475680111111111,1.5,1.5,0.024663836440046383,2.115,2.206,2.167,2.085
ds_1,64894,1785085684.1173015,1.5248896666666665,1.470119,1.5,1.5,0.038889197314649876,2.139,2.2,2.124,2.126
ds_1,64898,1785085684.1842766,1.5308167777777777,1.5082436111111113,1.5,1.5,0.03190032784715809,2.168,2.2,2.169,2.068
ds_1,64902,1785085684.2451537,1.5430577222222224,1.4894077222222226,1.5,1.5,0.04434144552771886,2.156,2.212,2.138,2.067
ds_1,64906,1785085684.301396,1.5266418888888884,1.4967323888888886,1.5,1.5,0.026841526147768392,2.159,2.209,2.168,2.079
ds_1,64910,1785085684.3760343,1.5424895,1.4989694999999998,1.5,1.5,0.042501994547315146,2.162,2.206,2.146,2.059
ds_1,64914,1785085684.4356275,1.519610388888889,1.4954488888888888,1.5,1.5,0.020131566375201422,2.151,2.213,2.18,2.072
ds_1,64918,1785085684.5049765,1.5156424444444447,1.4865757777777775,1.5,1.5,0.020613001005898014,2.132,2.2,2.16,2.078
ds_1,64922,1785085684.573235,1.5174969444444442,1.4934564444444445,1.5,1.5,0.018680502782329148,2.162,2.202,2.169,2.115
ds_1,64926,1785085684.6238143,1.544577055555555,1.497035055555556,1.5,1.5,0.044675550109222695,2.17,2.194,2.128,2.091
ds_1,64930,1785085684.7020674,1.549842833333334,1.4980508333333333,1.5,1.5,0.04988093107981206,2.176,2.194,2.122,2.093
ds_1,64934,1785085684.7604804,1.5142031111111105,1.482992277777778,1.5,1.5,0.022158316281315586,2.122,2.199,2.156,2.071
ds_1,64938,1785085684.8298156,1.5098218333333333,1.4770693333333331,1.5,1.5,0.024945618529224018,2.122,2.206,2.161,2.087
ds_1,64942,1785085684.889537,1.5402942777777782,1.506913611111111,1.5,1.5,0.04088308745958926,2.177,2.2,2.154,2.077
ds_1,64946,1785085684.9437556,1.5307006111111112,1.5125214444444446,1.5,1.5,0.03315590586262118,2.177,2.194,2.169,2.081
ds_1,64950,1785085685.0196273,1.5208211666666667,1.4940023333333334,1.5,1.5,0.021667786846043008,2.16,2.193,2.156,2.114
ds_1,64954,1785085685.0865517,1.526945,1.4957341666666668,1.5,1.5,0.02728058575301814,2.145,2.199,2.156,2.063
ds_1,64958,1785085685.1485436,1.5250686111111107,1.4682017777777778,1.5,1.5,0.040491507745870944,2.125,2.199,2.12,2.104
ds_1,64962,1785085685.2103062,1.526680888888889,1.4716822222222221,1.5,1.5,0.03890715063035136,2.121,2.209,2.133,2.073
ds_1,64966,1785085685.2663045,1.5240686666666663,1.483487333333334,1.5,1.5,0.029188505880834565,2.122,2.202,2.146,2.052
ds_1,64970,1785085685.342256,1.5405495,1.4999681666666669,1.5,1.5,0.04054951249535699,2.16,2.202,2.146,2.059
ds_1,64978,1785085685.4679067,1.5503547777777782,1.5049422777777777,1.5,1.5,0.050596736601110345,2.172,2.194,2.131,2.064
ds_1,64982,1785085685.5344012,1.532723611111111,1.4936816111111106,1.5,1.5,0.033328017677360815,2.163,2.196,2.142,2.101
ds_1,64986,1785085685.5899236,1.5366791666666668,1.4854763333333336,1.5,1.5,0.03944994500383439,2.136,2.199,2.128,2.06
ds_1,64990,1785085685.6623735,1.5195153333333329,1.4911688333333337,1.5,1.5,0.02142049812225503,2.147,2.2,2.161,2.09
ds_1,64994,1785085685.7252605,1.5109543333333337,1.4818609999999997,1.5,1.5,0.02119010948008054,2.127,2.202,2.162,2.086
ds_1,64998,1785085685.7980251,1.5218525555555553,1.4832950555555555,1.5,1.5,0.02750616936617326,2.133,2.209,2.156,2.071
ds_1,65002,1785085685.855511,1.536799611111111,1.5062516111111113,1.5,1.5,0.03732685386439071,2.169,2.203,2.161,2.064
ds_1,65006,1785085685.9090211,1.5327825555555559,1.5044360555555552,1.5,1.5,0.03308133216249126,2.166,2.2,2.161,2.072
ds_1,65010,1785085685.9847262,1.5400180555555556,1.5089075555555558,1.5,1.5,0.04099743060757402,2.166,2.192,2.149,2.057
ds_1,65014,1785085686.047287,1.5284570000000002,1.4731068333333337,1.5,1.5,0.039154096367571826,2.117,2.195,2.118,2.073
ds_1,65018,1785085686.1135645,1.5258987222222222,1.4674302222222222,1.5,1.5,0.041611707934638496,2.106,2.206,2.125,2.059
ds_1,65022,1785085686.1785564,1.5161829999999994,1.4826950000000005,1.5,1.5,0.023692878972382432,2.132,2.207,2.161,2.081
ds_1,65026,1785085686.2333426,1.5234743888888884,1.4738058888888892,1.5,1.5,0.03517354674479085,2.111,2.194,2.125,2.067
ds_1,65030,1785085686.3033884,1.5221008333333332,1.4758715,1.5,1.5,0.03272050345391668,2.118,2.199,2.135,2.072
ds_1,65034,1785085686.3774323,1.553608833333333,1.4988381666666666,1.5,1.5,0.05362142172728667,2.176,2.2,2.124,2.079
ds_1,65038,1785085686.4375453,1.5205425,1.5095999999999998,1.5,1.5,0.022674970920598617,2.166,2.196,2.181,2.079
ds_1,65042,1785085686.5110855,1.5548841111111111,1.5107912777777774,1.5,1.5,0.05593493835282154,2.189,2.199,2.138,2.071
ds_1,65046,1785085686.5686007,1.5385600000000004,1.4936719999999999,1.5,1.5,0.039075787695195985,2.159,2.203,2.141,2.077
ds_1,65050,1785085686.6318936,1.5407183333333336,1.512475833333333,1.5,1.5,0.04258672430236414,2.17,2.192,2.153,2.054
ds_1,65054,1785085686.6931145,1.527977333333333,1.485349833333333,1.5,1.5,0.03158098421211014,2.134,2.197,2.138,2.071
ds_1,65058,1785085686.7572558,1.5188535555555556,1.4559090555555556,1.5,1.5,0.04795276779383544,2.111,2.214,2.127,2.104
ds_1,65062,1785085686.8251204,1.5301000555555553,1.4852120555555555,1.5,1.5,0.03353649721332704,2.135,2.203,2.141,2.064
ds_1,65066,1785085686.875755,1.5317961111111111,1.4934152777777774,1.5,1.5,0.03247077529924343,2.149,2.199,2.146,2.071
ds_1,65070,1785085686.9517293,1.5164652777777774,1.477996111111111,1.5,1.5,0.027482294273476152,2.125,2.204,2.151,2.083
ds_1,65074,1785085687.0124521,1.5308491111111113,1.4761797777777776,1.5,1.5,0.03897525680559075,2.126,2.196,2.12,2.078
ds_1,65078,1785085687.076344,1.5014425,1.491954666666667,1.5,1.5,0.008173628000737456,2.128,2.196,2.183,2.079
ds_1,65082,1785085687.1426163,1.5297472777777783,1.4993392777777774,1.5,1.5,0.029754614584014384,2.16,2.193,2.151,2.086
ds_1,65086,1785085687.197023,1.5354408888888893,1.505736388888889,1.5,1.5,0.03590212755143025,2.181,2.194,2.153,2.102
ds_1,65090,1785085687.2792382,1.5264764444444447,1.4953372777777776,1.5,1.5,0.02688388158249057,2.143,2.194,2.151,2.066
ds_1,65094,1785085687.3380623,1.526387277777778,1.492273111111111,1.5,1.5,0.027495331247738345,2.149,2.201,2.154,2.08
ds_1,65098,1785085687.4001327,1.526154555555556,1.4835860555555556,1.5,1.5,0.03087844472336608,2.136,2.194,2.135,2.086
ds_1,65102,1785085687.461688,1.5494920555555556,1.4968225555555554,1.5,1.5,0.0495939483839685,2.158,2.201,2.128,2.052
ds_1,65106,1785085687.5236275,1.5423071666666666,1.4946991666666667,1.5,1.5,0.04263795475147559,2.173,2.197,2.131,2.104
ds_1,65110,1785085687.6142974,1.5274314444444448,1.481330111111111,1.5,1.5,0.033182056829439026,2.122,2.193,2.129,2.063
ds_1,65114,1785085687.65867,1.511665388888889,1.4815918888888886,1.5,1.5,0.021793114798211746,2.136,2.221,2.18,2.084
ds_1,65118,1785085687.7235553,1.5126398333333329,1.4762898333333339,1.5,1.5,0.026868892609400903,2.117,2.206,2.156,2.075
ds_1,65122,1785085687.7857113,1.5287643888888893,1.5054683888888885,1.5,1.5,0.029279572148366143,2.168,2.2,2.168,2.079
ds_1,65126,1785085687.8394938,1.5427933333333332,1.5030925000000004,1.5,1.5,0.04290492901786195,2.168,2.193,2.138,2.073
ds_1,65130,1785085687.9198086,1.520770777777778,1.4982286111111112,1.5,1.5,0.020846175382777332,2.147,2.197,2.166,2.071
ds_1,65134,1785085687.9783525,1.525146388888889,1.485924388888889,1.5,1.5,0.028817767129020833,2.154,2.206,2.152,2.105
ds_1,65138,1785085688.048842,1.5375931111111112,1.4861299444444445,1.5,1.5,0.04007019396167866,2.149,2.21,2.139,2.072
ds_1,65142,1785085688.1115942,1.5137754444444442,1.4804101111111112,1.5,1.5,0.023948415737183495,2.12,2.199,2.153,2.075
ds_1,65146,1785085688.1662812,1.527966,1.4839341666666666,1.5,1.5,0.03225225816426572,2.131,2.196,2.135,2.07
ds_1,65150,1785085688.2385705,1.5379063888888893,1.4836188888888886,1.5,1.5,0.04129449260894591,2.151,2.209,2.134,2.084
ds_1,65158,1785085688.37203,1.532922722222222,1.4929102222222226,1.5,1.5,0.033677449242183584,2.148,2.21,2.155,2.057
ds_1,65162,1785085688.430103,1.5351297777777781,1.4960877777777775,1.5,1.5,0.035346948516556946,2.154,2.196,2.142,2.072
ds_1,65166,1785085688.4835663,1.5276062222222222,1.4855562222222223,1.5,1.5,0.03115647961302015,2.142,2.204,2.146,2.08
ds_1,65170,1785085688.5610306,1.5346029999999997,1.4782350000000004,1.5,1.5,0.04087888004825918,2.128,2.207,2.129,2.059
ds_1,65174,1785085688.626226,1.5521797222222224,1.5067042222222224,1.5,1.5,0.05260864954352313,2.181,2.197,2.134,2.072
ds_1,65178,1785085688.6862774,1.5484030555555557,1.5157555555555555,1.5,1.5,0.05090278300818538,2.189,2.199,2.154,2.066
ds_1,65182,1785085688.7471142,1.5249603888888892,1.4859183888888887,1.5,1.5,0.028658555179372797,2.138,2.196,2.142,2.083
ds_1,65186,1785085688.8055408,1.5420669999999996,1.4913403333333337,1.5,1.5,0.042949066529759876,2.168,2.209,2.139,2.091
ds_1,65190,1785085688.8859205,1.5484174444444452,1.5044059444444438,1.5,1.5,0.048617499657823415,2.169,2.195,2.134,2.061
ds_1,65194,1785085688.9411407,1.5264525555555555,1.4849470555555555,1.5,1.5,0.030435650672645087,2.163,2.213,2.156,2.117
ds_1,65198,1785085689.0079062,1.5163691666666668,1.4843371666666663,1.5,1.5,0.022655550432265043,2.131,2.206,2.162,2.075
ds_1,65202,1785085689.072021,1.5000339444444446,1.4883592777777779,1.5,1.5,0.011640771713260448,2.12,2.197,2.181,2.074
ds_1,65206,1785085689.1340294,1.517080833333333,1.475765333333334,1.5,1.5,0.029649181030940965,2.141,2.203,2.146,2.122
ds_1,65210,1785085689.2016277,1.5250811111111113,1.4939992777777773,1.5,1.5,0.025788966667088267,2.141,2.19,2.147,2.072
ds_1,65214,1785085689.2648797,1.539589333333333,1.4757893333333338,1.5,1.5,0.046405513618773514,2.143,2.219,2.131,2.077
ds_1,65218,1785085689.3345206,1.515859611111111,1.4940196111111113,1.5,1.5,0.01694969958017003,2.145,2.199,2.169,2.084
ds_1,65222,1785085689.400586,1.536930333333333,1.4742178333333333,1.5,1.5,0.04503964518220441,2.122,2.206,2.119,2.056
ds_1,65226,1785085689.4506612,1.5082358333333332,1.4790891666666666,1.5,1.5,0.022474249740289245,2.111,2.206,2.166,2.061
ds_1,65230,1785085689.5276427,1.5448022222222222,1.4951107222222222,1.5,1.5,0.04506821666360509,2.168,2.195,2.126,2.091
ds_1,65234,1785085689.5827193,1.5242813888888889,1.486529388888889,1.5,1.5,0.02776766482944219,2.127,2.204,2.152,2.051
ds_1,65238,1785085689.6529202,1.5078374999999995,1.4787575000000002,1.5,1.5,0.022642221898479507,2.114,2.201,2.161,2.074
ds_1,65242,1785085689.7122402,1.5079035000000003,1.4810353333333333,1.5,1.5,0.020545653896330122,2.127,2.197,2.16,2.098
ds_1,65246,1785085689.7676125,1.5221305555555553,1.5061145555555557,1.5,1.5,0.022959731680476974,2.156,2.195,2.173,2.067
ds_1,65250,1785085689.8400967,1.5361169444444445,1.4909602777777777,1.5,1.5,0.03723103885010499,2.165,2.216,2.154,2.087
ds_1,65254,1785085689.9039595,1.5238035555555556,1.4776168888888885,1.5,1.5,0.03267434651372208,2.127,2.197,2.133,2.085
ds_1,65258,1785085689.969097,1.5096782777777775,1.4856377777777785,1.5,1.5,0.017318847764914824,2.128,2.202,2.169,2.079
ds_1,65262,1785085690.0349004,1.5233309999999995,1.4771443333333334,1.5,1.5,0.03266063471180182,2.126,2.197,2.133,2.085
ds_1,65266,1785085690.0877085,1.5365812222222222,1.501701222222222,1.5,1.5,0.036620758816837504,2.189,2.204,2.156,2.118
ds_1,65270,1785085690.1639771,1.5246401111111112,1.4949082777777778,1.5,1.5,0.02516069773985167,2.146,2.196,2.155,2.074
ds_1,65274,1785085690.2254,1.534015166666667,1.4798026666666664,1.5,1.5,0.03955962382453764,2.138,2.206,2.131,2.077
ds_1,65278,1785085690.291067,1.5339054444444444,1.4917007777777773,1.5,1.5,0.034906392716365614,2.161,2.212,2.154,2.084
ds_1,65282,1785085690.3556724,1.5472741666666663,1.496166,1.5,1.5,0.04742938319257105,2.163,2.195,2.124,2.074
ds_1,65286,1785085690.409043,1.5320878333333334,1.4899411666666666,1.5,1.5,0.033627506241997215,2.149,2.209,2.151,2.07
ds_1,65290,1785085690.4863746,1.5160683888888888,1.4834058888888886,1.5,1.5,0.02309886674822983,2.145,2.2,2.155,2.113
ds_1,65294,1785085690.5456517,1.5385332222222228,1.505810722222222,1.5,1.5,0.038968881271740745,2.172,2.204,2.159,2.068
ds_1,65306,1785085690.7344327,1.5212727222222222,1.4828742222222222,1.5,1.5,0.02730972308972858,2.142,2.2,2.147,2.101
ds_1,65310,1785085690.8084464,1.5153919999999996,1.4740574999999998,1.5,1.5,0.030164995777390704,2.131,2.204,2.147,2.108
ds_1,65314,1785085690.8674884,1.5327627777777775,1.501551944444445,1.5,1.5,0.03279951431461559,2.161,2.199,2.156,2.071
ds_1,65318,1785085690.9399526,1.5166140000000006,1.4802973333333327,1.5,1.5,0.025772467281535587,2.122,2.204,2.154,2.07
ds_1,65322,1785085691.0056856,1.5062256111111119,1.4938467777777773,1.5,1.5,0.008753306656507283,2.132,2.193,2.176,2.078
ds_1,65326,1785085691.052007,1.5131957222222219,1.4781397222222223,1.5,1.5,0.025534267749196177,2.134,2.215,2.167,2.094
ds_1,65330,1785085691.1306608,1.5222225000000005,1.4866893333333326,1.5,1.5,0.025903925443089715,2.148,2.2,2.151,2.101
ds_1,65334,1785085691.1977072,1.5213058333333334,1.4714763333333336,1.5,1.5,0.0356025012343076,2.128,2.201,2.132,2.104
ds_1,65338,1785085691.2538214,1.5067408333333336,1.4936428333333327,1.5,1.5,0.009265657130261607,2.134,2.192,2.174,2.083
ds_1,65342,1785085691.3193395,1.511947666666667,1.4768756666666665,1.5,1.5,0.02602847538541018,2.125,2.216,2.168,2.08
ds_1,65346,1785085691.3743186,1.5161083333333334,1.4841349999999995,1.5,1.5,0.022609215549810532,2.127,2.202,2.158,2.072
ds_1,65350,1785085691.4477959,1.511394333333333,1.4859201666666666,1.5,1.5,0.018112772808312683,2.133,2.201,2.166,2.087
ds_1,65354,1785085691.5136433,1.5262274999999998,1.5036129999999999,1.5,1.5,0.02647518697289957,2.159,2.204,2.173,2.065
ds_1,65358,1785085691.5762513,1.529290277777778,1.4907681111111113,1.5,1.5,0.030710717099347883,2.152,2.207,2.154,2.08
ds_1,65362,1785085691.6403253,1.5262972222222217,1.5088012222222227,1.5,1.5,0.027730946778100812,2.18,2.199,2.175,2.099
ds_1,65366,1785085691.6952007,1.522198,1.4938515,1.5,1.5,0.023033785104710776,2.141,2.2,2.161,2.066
ds_1,65370,1785085691.7717628,1.5358628333333335,1.5095588333333332,1.5,1.5,0.03711487719754571,2.176,2.21,2.174,2.063
ds_1,65374,1785085691.8320024,1.5228132222222226,1.4966772222222222,1.5,1.5,0.02305393589652328,2.153,2.196,2.16,2.086
ds_1,65378,1785085691.8982828,1.5213089444444443,1.4779089444444444,1.5,1.5,0.030693417028657084,2.139,2.2,2.14,2.109
ds_1,65382,1785085691.9589567,1.552750277777778,1.4991989444444442,1.5,1.5,0.05275635976482667,2.179,2.208,2.134,2.077
ds_1,65386,1785085692.0163176,1.5634542222222225,1.5051207222222218,1.5,1.5,0.06366050670474085,2.19,2.201,2.12,2.075
ds_1,65390,1785085692.0940266,1.5334311666666673,1.4965156666666664,1.5,1.5,0.03361225198454084,2.152,2.197,2.146,2.068
ds_1,65394,1785085692.1511798,1.5195109444444443,1.4991642777777778,1.5,1.5,0.01952883470017885,2.143,2.194,2.166,2.065
ds_1,65398,1785085692.2259078,1.5342230000000001,1.4791989999999997,1.5,1.5,0.04004866202509168,2.135,2.21,2.134,2.068
ds_1,65406,1785085692.34294,1.5354342777777774,1.471956944444445,1.5,1.5,0.045188505247735725,2.129,2.208,2.12,2.077
ds_1,65410,1785085692.421859,1.5066134444444448,1.4811392777777777,1.5,1.5,0.019986607770294325,2.117,2.201,2.166,2.075
ds_1,65414,1785085692.4748504,1.5157496666666672,1.4767256666666662,1.5,1.5,0.028102430361487653,2.12,2.195,2.141,2.087
ds_1,65418,1785085692.5397944,1.5132240000000001,1.4892714999999999,1.5,1.5,0.01702864904359727,2.131,2.194,2.161,2.078
ds_1,65422,1785085692.609646,1.5032198333333335,1.4711878333333333,1.5,1.5,0.028991520738350866,2.107,2.206,2.162,2.083
ds_1,65426,1785085692.6650136,1.523375,1.4743016666666666,1.5,1.5,0.03473895451954635,2.126,2.199,2.131,2.091
ds_1,65430,1785085692.7373118,1.5357150000000004,1.5009149999999996,1.5,1.5,0.03572671899293338,2.166,2.199,2.151,2.079
ds_1,65434,1785085692.8031468,1.516781,1.4754654999999999,1.5,1.5,0.02972446216923031,2.129,2.203,2.146,2.099
ds_1,65438,1785085692.8631942,1.506755166666666,1.487103666666667,1.5,1.5,0.014558423339732614,2.122,2.197,2.17,2.072
ds_1,65442,1785085692.9243429,1.5211541666666668,1.472746666666667,1.5,1.5,0.034499897755484316,2.111,2.201,2.134,2.066
ds_1,65446,1785085692.9815652,1.520508222222222,1.4862217222222223,1.5,1.5,0.024706843530439924,2.145,2.212,2.165,2.086
ds_1,65450,1785085693.0564928,1.5602897222222218,1.5076202222222226,1.5,1.5,0.060769386967030735,2.187,2.201,2.128,2.066
ds_1,65454,1785085693.1186142,1.5470182777777775,1.4997741111111116,1.5,1.5,0.0470188203911834,2.176,2.213,2.148,2.072
ds_1,65458,1785085693.1839988,1.546555111111111,1.502462277777778,1.5,1.5,0.0466201799913175,2.168,2.199,2.138,2.063
ds_1,65462,1785085693.2461877,1.5488863888888886,1.494498888888889,1.5,1.5,0.04919493106055178,2.195,2.213,2.138,2.124
ds_1,65466,1785085693.3072011,1.5155783333333337,1.482136333333333,1.5,1.5,0.023702216272370888,2.119,2.204,2.158,2.06
ds_1,65470,1785085693.3754778,1.5084361666666666,1.4844836666666665,1.5,1.5,0.017661412971189238,2.147,2.194,2.161,2.131
ds_1,65474,1785085693.4395766,1.5263155,1.4894169999999995,1.5,1.5,0.0283638049148912,2.139,2.196,2.145,2.073
ds_1,65478,1785085693.5055969,1.525155222222222,1.4903072222222224,1.5,1.5,0.026958025634284673,2.143,2.202,2.154,2.074
ds_1,65482,1785085693.5699644,1.5281366111111112,1.5048939444444445,1.5,1.5,0.02855905420428372,2.158,2.195,2.163,2.066
ds_1,65486,1785085693.6297572,1.5247175,1.503639333333333,1.5,1.5,0.024983985938218642,2.151,2.195,2.166,2.06
ds_1,65490,1785085693.7002604,1.5303663333333337,1.4963774999999992,1.5,1.5,0.03058164002078927,2.151,2.193,2.146,2.075
ds_1,65494,1785085693.7633033,1.537361277777778,1.5141186111111116,1.5,1.5,0.039939958148389416,2.18,2.195,2.163,2.072
ds_1,65498,1785085693.8265681,1.5267903888888892,1.4820263888888894,1.5,1.5,0.0322610544339666,2.128,2.197,2.135,2.07
ds_1,65502,1785085693.89218,1.5208418888888882,1.491096388888889,1.5,1.5,0.022664038106097902,2.139,2.197,2.156,2.075
ds_1,65506,1785085693.947439,1.5456325000000002,1.5173640000000004,1.5,1.5,0.04882451794180901,2.192,2.194,2.155,2.077
ds_1,65510,1785085694.0221088,1.5210563888888893,1.4890683888888887,1.5,1.5,0.023724915901320108,2.136,2.203,2.159,2.068
ds_1,65514,1785085694.082169,1.5273770555555553,1.4832435555555552,1.5,1.5,0.03209799995812392,2.139,2.201,2.14,2.084
ds_1,65518,1785085694.1495435,1.5389257222222221,1.5104752222222222,1.5,1.5,0.04031057096006623,2.185,2.208,2.169,2.077
ds_1,65522,1785085694.210933,1.5345419444444441,1.5221801111111115,1.5,1.5,0.04105000919493585,2.189,2.19,2.173,2.077
ds_1,65526,1785085694.267115,1.5315612777777776,1.4881812777777776,1.5,1.5,0.03370157933883948,2.142,2.199,2.139,2.072
ds_1,65530,1785085694.3398752,1.5244176111111114,1.4918151111111106,1.5,1.5,0.025752905437968265,2.142,2.196,2.151,2.075
ds_1,65534,1785085694.4142714,1.511266555555556,1.4937865555555552,1.5,1.5,0.012866319052107797,2.138,2.197,2.173,2.079
ds_1,2,1785085694.4646966,1.5308388888888889,1.5126097222222223,1.5,1.5,0.033317295244704975,2.175,2.2,2.175,2.07
ds_1,6,1785085694.522558,1.5302448333333334,1.503389,1.5,1.5,0.030434113497210903,2.167,2.196,2.159,2.085
ds_1,10,1785085694.599457,1.5179613333333335,1.4789013333333336,1.5,1.5,0.027708540745088252,2.111,2.197,2.143,2.057
ds_1,14,1785085694.6651433,1.526591444444444,1.4933027777777776,1.5,1.5,0.0274218471867921,2.147,2.194,2.148,2.08
ds_1,18,1785085694.7310317,1.5359428333333334,1.5039548333333335,1.5,1.5,0.036159756286820104,2.17,2.203,2.159,2.074
ds_1,22,1785085694.790647,1.533999055555555,1.476921555555556,1.5,1.5,0.04109197460143528,2.133,2.207,2.128,2.074
ds_1,26,1785085694.851047,1.5397459444444448,1.5048819444444441,1.5,1.5,0.04004464360360235,2.172,2.203,2.155,2.07
ds_1,30,1785085694.9266367,1.5016079444444448,1.4542987777777774,1.5,1.5,0.04572950030277387,2.105,2.216,2.151,2.119
ds_1,34,1785085694.984504,1.529370777777778,1.4968582777777775,1.5,1.5,0.029538331127422036,2.148,2.19,2.145,2.072
ds_1,38,1785085695.0473876,1.5035435000000001,1.4889701666666664,1.5,1.5,0.01158506001758811,2.14,2.196,2.176,2.109
ds_1,42,1785085695.1149268,1.5343492222222221,1.4995972222222222,1.5,1.5,0.03435158362011671,2.167,2.196,2.148,2.09
ds_1,46,1785085695.166363,1.5064663888888894,1.4803423888888887,1.5,1.5,0.020693860438739768,2.122,2.195,2.159,2.094
ds_1,54,1785085695.301813,1.539835388888889,1.4923153888888885,1.5,1.5,0.040569834308979306,2.165,2.193,2.127,2.102
ds_1,58,1785085695.3689005,1.5247751111111114,1.4856611111111109,1.5,1.5,0.028625336070268664,2.142,2.2,2.146,2.088
ds_1,62,1785085695.4325016,1.5411630555555558,1.4990550555555555,1.5,1.5,0.04117390026063668,2.166,2.207,2.149,2.068
ds_1,66,1785085695.4877524,1.535135388888889,1.4850528888888888,1.5,1.5,0.03818260969265158,2.156,2.212,2.143,2.091
ds_1,70,1785085695.5660586,1.4912138888888893,1.4634865555555556,1.5,1.5,0.03755565701268331,2.109,2.208,2.17,2.124
ds_1,74,1785085695.6250343,1.5105607777777783,1.4754247777777774,1.5,1.5,0.026748300404759204,2.127,2.22,2.172,2.086
ds_1,78,1785085695.6879478,1.511660833333333,1.4790433333333337,1.5,1.5,0.02398242923069997,2.117,2.197,2.152,2.078
ds_1,82,1785085695.7570717,1.5300826111111114,1.4902534444444444,1.5,1.5,0.03162212574226939,2.141,2.2,2.145,2.065
ds_1,86,1785085695.8088493,1.5364158333333333,1.4873424999999998,1.5,1.5,0.03855288865456277,2.151,2.199,2.131,2.086
ds_1,90,1785085695.8866107,1.5142195555555555,1.4816170555555555,1.5,1.5,0.02324066278411752,2.119,2.196,2.151,2.072
ds_1,94,1785085695.9453146,1.5372491111111108,1.4997744444444445,1.5,1.5,0.037249794011195866,2.146,2.188,2.136,2.05
ds_1,98,1785085696.0131197,1.525903055555555,1.4889365555555552,1.5,1.5,0.02816679055358436,2.143,2.2,2.149,2.079
ds_1,102,1785085696.0755076,1.517132555555556,1.480013055555555,1.5,1.5,0.026324938900015294,2.127,2.209,2.158,2.075
ds_1,106,1785085696.1300745,1.511984722222222,1.4596887222222228,1.5,1.5,0.04205511482353766,2.121,2.215,2.143,2.122
ds_1,110,1785085696.2059855,1.546596388888889,1.511844388888889,1.5,1.5,0.04807819678020186,2.188,2.196,2.148,2.081
ds_1,114,1785085696.268131,1.5226191666666664,1.4767656666666664,1.5,1.5,0.032426238544408584,2.126,2.215,2.152,2.068
ds_1,118,1785085696.3355205,1.5223148888888889,1.4939423888888888,1.5,1.5,0.02312247647845955,2.149,2.202,2.163,2.08
ds_1,122,1785085696.3963058,1.5352648888888887,1.4797350555555557,1.5,1.5,0.040672845507562866,2.145,2.202,2.125,2.094
ds_1,126,1785085696.4509392,1.5433183333333333,1.5040963333333333,1.5,1.5,0.043511584084649876,2.173,2.206,2.152,2.066
ds_1,130,1785085696.5261865,1.5374715555555554,1.4869315555555558,1.5,1.5,0.039685031384019305,2.143,2.201,2.131,2.067
ds_1,134,1785085696.5916965,1.5126782777777783,1.476544944444444,1.5,1.5,0.026662302198510963,2.119,2.193,2.143,2.092
ds_1,138,1785085696.6560612,1.5197462222222222,1.4935742222222221,1.5,1.5,0.02076544996138457,2.135,2.199,2.163,2.059
ds_1,142,1785085696.718725,1.5440633888888893,1.4953208888888885,1.5,1.5,0.04431113089465917,2.166,2.216,2.149,2.065
ds_1,146,1785085696.7731485,1.5350030000000001,1.4898669999999998,1.5,1.5,0.03644019344076005,2.168,2.215,2.153,2.099
ds_1,150,1785085696.8478093,1.5248921666666668,1.4915575,1.5,1.5,0.02628489618794637,2.142,2.197,2.151,2.074
ds_1,154,1785085696.9100218,1.5330110000000001,1.4859184999999997,1.5,1.5,0.03588892257020287,2.158,2.206,2.141,2.102
ds_1,158,1785085696.9757998,1.5196660555555555,1.4795252222222224,1.5,1.5,0.028389615463467792,2.124,2.217,2.162,2.058
ds_1,162,1785085697.037209,1.5306919444444442,1.4800819444444446,1.5,1.5,0.03658858279429583,2.136,2.204,2.134,2.079
ds_1,166,1785085697.0940688,1.5114556666666665,1.4817375000000004,1.5,1.5,0.021558089085718175,2.127,2.195,2.154,2.093
ds_1,170,1785085697.1733885,1.543932611111111,1.5155991111111111,1.5,1.5,0.04661980894959669,2.181,2.199,2.16,2.056
ds_1,174,1785085697.2342772,1.5181806111111111,1.4884624444444443,1.5,1.5,0.02153252907976654,2.129,2.195,2.154,2.068
ds_1,178,1785085697.2977602,1.5064730555555557,1.4781655555555555,1.5,1.5,0.022773743926347352,2.117,2.197,2.158,2.088
ds_1,182,1785085697.3611896,1.5350338333333329,1.4931385,1.5,1.5,0.03569943501342489,2.159,2.196,2.138,2.091
ds_1,186,1785085697.4157653,1.5337998888888897,1.4951893888888883,1.5,1.5,0.034140510660557545,2.16,2.212,2.159,2.072
ds_1,190,1785085697.489808,1.519039388888889,1.499369888888889,1.5,1.5,0.019049812840936042,2.146,2.199,2.172,2.066
ds_1,194,1785085697.551896,1.5285308333333336,1.5002623333333331,1.5,1.5,0.028532039350040127,2.147,2.194,2.155,2.057
ds_1,198,1785085697.6182258,1.5290524444444442,1.469629777777778,1.5,1.5,0.04202850135354177,2.119,2.215,2.133,2.065
ds_1,202,1785085697.6795857,1.5180943333333337,1.4709801666666666,1.5,1.5,0.03419876643202552,2.107,2.207,2.142,2.061
ds_1,206,1785085697.7391825,1.5374408333333331,1.5127454999999999,1.5,1.5,0.039550774593482066,2.182,2.196,2.162,2.079
ds_1,210,1785085697.820159,1.5364718333333331,1.4913358333333335,1.5,1.5,0.037486829830251124,2.159,2.215,2.153,2.074
ds_1,214,1785085697.8732843,1.5385026666666666,1.4853213333333333,1.5,1.5,0.041205807789139993,2.149,2.193,2.119,2.091
ds_1,218,1785085697.9396808,1.5081102777777775,1.4986094444444442,1.5,1.5,0.008228623845200286,2.146,2.199,2.186,2.084
ds_1,222,1785085698.0010815,1.5283521666666662,1.4649335,1.5,1.5,0.045094398509619896,2.114,2.206,2.118,2.079
ds_1,226,1785085698.0591636,1.5242588888888888,1.4959903888888892,1.5,1.5,0.02458801885849685,2.153,2.194,2.155,2.088
ds_1,230,1785085698.1337986,1.4996215555555552,1.4755810555555555,1.5,1.5,0.024421876831611386,2.119,2.202,2.169,2.104
ds_1,234,1785085698.1945977,1.5218505000000007,1.5094546666666662,1.5,1.5,0.02380829838581072,2.16,2.196,2.179,2.065
ds_1,238,1785085698.2641032,1.5315134444444445,1.4671516111111107,1.5,1.5,0.04552047707734174,2.126,2.214,2.125,2.084
ds_1,242,1785085698.3221192,1.531069277777778,1.481882611111111,1.5,1.5,0.03596581434896148,2.132,2.204,2.136,2.065
ds_1,246,1785085698.3848872,1.5501085,1.4996851666666664,1.5,1.5,0.05010948904426952,2.167,2.196,2.126,2.067
ds_1,250,1785085698.4567432,1.5172911666666669,1.4809744999999996,1.5,1.5,0.025709027499002463,2.121,2.204,2.154,2.065
ds_1,254,1785085698.5150585,1.5111890000000001,1.4886571666666666,1.5,1.5,0.01593278346767388,2.12,2.196,2.165,2.058
ds_1,258,1785085698.5833886,1.526830833333333,1.4911833333333335,1.5,1.5,0.028242295028417862,2.147,2.207,2.158,2.072
ds_1,262,1785085698.6492593,1.549617388888889,1.5169698888888887,1.5,1.5,0.0524391305138869,2.2,2.199,2.154,2.084
ds_1,266,1785085698.7022996,1.5244026666666666,1.4704813333333338,1.5,1.5,0.03829937104212278,2.125,2.223,2.149,2.073
ds_1,270,1785085698.7914891,1.5181420555555554,1.4932427222222222,1.5,1.5,0.01935962248461749,2.145,2.214,2.18,2.067
ds_1,274,1785085698.8591826,1.5161934444444445,1.485054277777778,1.5,1.5,0.022036384815099112,2.134,2.194,2.151,2.092
ds_1,278,1785085698.9158862,1.527433388888889,1.4969833888888888,1.5,1.5,0.027598745778109064,2.161,2.196,2.154,2.095
ds_1,282,1785085698.9784293,1.5532240000000002,1.502021166666667,1.5,1.5,0.05326236279676731,2.172,2.199,2.128,2.063
ds_1,286,1785085699.0349128,1.5156071111111111,1.4858069444444444,1.5,1.5,0.021095609572554578,2.128,2.201,2.16,2.071
ds_1,290,1785085699.1091876,1.5348674444444448,1.473341611111111,1.5,1.5,0.04389086898476357,2.14,2.214,2.129,2.09
ds_1,294,1785085699.1725483,1.504846611111111,1.4946359444444448,1.5,1.5,0.007229296733806593,2.14,2.195,2.181,2.092
ds_1,298,1785085699.240056,1.535036388888889,1.4959763888888888,1.5,1.5,0.035266669714433166,2.162,2.197,2.143,2.088
ds_1,302,1785085699.2983203,1.5355975555555554,1.490017055555556,1.5,1.5,0.03697086882008197,2.147,2.202,2.139,2.068
ds_1,306,1785085699.3601465,1.538534777777778,1.4893934444444443,1.5,1.5,0.03996783855971979,2.153,2.202,2.134,2.078
ds_1,310,1785085699.4333053,1.5165882222222227,1.4962415555555553,1.5,1.5,0.01700867487889105,2.148,2.194,2.166,2.088
ds_1,314,1785085699.4915786,1.5299661666666662,1.4735981666666667,1.5,1.5,0.03993780099173623,2.152,2.207,2.129,2.128
ds_1,318,1785085699.5586085,1.517271111111111,1.4903782777777779,1.5,1.5,0.019770402563780674,2.158,2.199,2.162,2.119
ds_1,322,1785085699.6209583,1.5348504444444442,1.4920066111111117,1.5,1.5,0.03575538762066906,2.161,2.208,2.149,2.086
ds_1,326,1785085699.6796904,1.5145075000000006,1.4756094999999994,1.5,1.5,0.02837893666965075,2.108,2.188,2.134,2.075
ds_1,330,1785085699.7523904,1.5218483888888885,1.5130723888888888,1.5,1.5,0.025460546897159368,2.168,2.2,2.188,2.067
ds_1,334,1785085699.8138194,1.5010719444444443,1.4864252777777778,1.5,1.5,0.01361698014621703,2.132,2.207,2.187,2.092
ds_1,338,1785085699.8794267,1.5291441666666663,1.4844421666666672,1.5,1.5,0.03303677691183245,2.132,2.194,2.132,2.071
ds_1,342,1785085699.954313,1.531512555555555,1.4858900555555559,1.5,1.5,0.03452726009788854,2.152,2.204,2.141,2.094
ds_1,346,1785085700.000373,1.5102134444444442,1.4963276111111115,1.5,1.5,0.01085361172932676,2.14,2.202,2.183,2.072
ds_1,350,1785085700.0761635,1.5557026111111114,1.5188551111111106,1.5,1.5,0.05880727930799077,2.199,2.193,2.142,2.074
ds_1,354,1785085700.1403575,1.5254818888888888,1.4928193888888894,1.5,1.5,0.02647428634117791,2.138,2.2,2.155,2.058
ds_1,358,1785085700.2074056,1.5276387777777771,1.4964996111111113,1.5,1.5,0.027859554185643426,2.158,2.194,2.151,2.092
ds_1,362,1785085700.265777,1.522532611111111,1.4934792777777777,1.5,1.5,0.023457160565250625,2.146,2.199,2.159,2.078
ds_1,366,1785085700.3227284,1.5273424999999998,1.5004866666666665,1.5,1.5,0.027346830724865264,2.16,2.196,2.159,2.083
ds_1,370,1785085700.395444,1.547600388888889,1.4915183888888888,1.5,1.5,0.04835012667422484,2.152,2.196,2.118,2.063
ds_1,374,1785085700.4567766,1.5402750000000003,1.506756333333333,1.5,1.5,0.04083777252876469,2.188,2.209,2.163,2.091
ds_1,378,1785085700.5233877,1.5235728333333332,1.4702188333333328,1.5,1.5,0.0379815265542199,2.114,2.2,2.126,2.077
ds_1,382,1785085700.5886621,1.5473583333333334,1.5006125000000003,1.5,1.5,0.04736229399386306,2.16,2.19,2.125,2.06
ds_1,386,1785085700.6455393,1.523716111111111,1.4881502777777778,1.5,1.5,0.02651169257098446,2.138,2.202,2.153,2.072
ds_1,390,1785085700.718551,1.5359463888888891,1.487538888888889,1.5,1.5,0.03804500183039431,2.151,2.201,2.134,2.084
ds_1,394,1785085700.7779293,1.538075444444444,1.5004967777777778,1.5,1.5,0.038078685084997815,2.165,2.194,2.142,2.08
ds_1,398,1785085700.849751,1.511277444444445,1.4974296111111105,1.5,1.5,0.011566661239859586,2.146,2.196,2.177,2.086
ds_1,402,1785085700.9069545,1.5100360000000002,1.4809826666666668,1.5,1.5,0.021503029161285856,2.127,2.199,2.159,2.093
ds_1,406,1785085700.9636657,1.5469327222222224,1.4998185555555554,1.5,1.5,0.04693307295793354,2.172,2.207,2.142,2.07
ds_1,410,1785085701.039248,1.5292986666666668,1.4859986666666662,1.5,1.5,0.032472283620890836,2.129,2.195,2.135,2.059
ds_1,414,1785085701.100552,1.5129001111111111,1.4730526111111113,1.5,1.5,0.029875987592178684,2.109,2.201,2.146,2.073
ds_1,418,1785085701.167795,1.5243547222222222,1.5061755555555558,1.5,1.5,0.02512548469067536,2.16,2.194,2.169,2.073
ds_1,422,1785085701.2318895,1.5237444444444448,1.4847204444444444,1.5,1.5,0.02823585415656192,2.133,2.195,2.141,2.079
ds_1,426,1785085701.2880187,1.5282756111111109,1.4876009444444442,1.5,1.5,0.030874694530902407,2.143,2.207,2.151,2.072
ds_1,430,1785085701.360505,1.5453985000000003,1.5042919999999993,1.5,1.5,0.045600932734430166,2.17,2.192,2.135,2.071
ds_1,434,1785085701.4265513,1.5476933333333331,1.5106248333333334,1.5,1.5,0.048862471568736056,2.185,2.206,2.155,2.066
ds_1,438,1785085701.4910493,1.529293,1.4995748333333332,1.5,1.5,0.029296085330542804,2.149,2.195,2.154,2.061
ds_1,442,1785085701.54958,1.5168268888888885,1.477604888888889,1.5,1.5,0.02801223288775822,2.14,2.206,2.152,2.112
ds_1,446,1785085701.6068265,1.5273252777777777,1.4854106111111112,1.5,1.5,0.030976137166921658,2.138,2.197,2.139,2.08
ds_1,450,1785085701.6879,1.5246352777777779,1.4846961111111112,1.5,1.5,0.029001826258215686,2.149,2.206,2.151,2.099
ds_1,454,1785085701.7481713,1.5191884999999998,1.4809843333333337,1.5,1.5,0.027014701757149904,2.118,2.189,2.136,2.072
ds_1,458,1785085701.8088658,1.5164551111111113,1.4799884444444447,1.5,1.5,0.025908165458636716,2.161,2.213,2.163,2.141
ds_1,462,1785085701.8723814,1.5389916111111106,1.4857362777777776,1.5,1.5,0.04151866458200221,2.135,2.196,2.122,2.057
ds_1,466,1785085701.9281602,1.510554333333333,1.4717495000000005,1.5,1.5,0.03015766407335089,2.117,2.223,2.17,2.073
ds_1,470,1785085702.0025434,1.5230761666666663,1.477642666666667,1.5,1.5,0.03213035670212083,2.125,2.195,2.132,2.084
ds_1,478,1785085702.1323507,1.5288796111111114,1.4725896111111108,1.5,1.5,0.039816596501574195,2.133,2.204,2.126,2.097
ds_1,482,1785085702.1950703,1.5484466666666665,1.4991693333333331,1.5,1.5,0.04845378744971552,2.166,2.208,2.14,2.056
ds_1,486,1785085702.2614202,1.5367746111111116,1.509287944444444,1.5,1.5,0.03792938088575359,2.168,2.189,2.151,2.068
ds_1,490,1785085702.3290033,1.5567857222222221,1.4991857222222225,1.5,1.5,0.056791560082451974,2.172,2.2,2.12,2.065
ds_1,494,1785085702.3851283,1.5222734444444446,1.4874254444444444,1.5,1.5,0.025577837571607063,2.135,2.202,2.154,2.07
ds_1,498,1785085702.4543679,1.5330213888888886,1.478250722222222,1.5,1.5,0.03954039969456759,2.133,2.2,2.124,2.079
ds_1,502,1785085702.5149555,1.521877222222222,1.4727812222222223,1.5,1.5,0.03492097816322638,2.113,2.2,2.132,2.07
ds_1,506,1785085702.5715995,1.534835611111111,1.4922474444444445,1.5,1.5,0.03568783993360393,2.146,2.195,2.136,2.068
ds_1,510,1785085702.650129,1.5353315555555553,1.510624888888889,1.5,1.5,0.03689454000087992,2.181,2.197,2.163,2.085
ds_1,514,1785085702.7090697,1.5204656666666667,1.4718125000000002,1.5,1.5,0.03483358535036413,2.112,2.212,2.145,2.06
ds_1,518,1785085702.7735295,1.5349826111111113,1.5117719444444446,1.5,1.5,0.036910184992144664,2.176,2.192,2.16,2.077
ds_1,522,1785085702.8362012,1.532571166666667,1.4910656666666664,1.5,1.5,0.033774298070262214,2.152,2.213,2.156,2.068
ds_1,526,1785085702.8979406,1.5255751111111109,1.4872826111111113,1.5,1.5,0.028562532949598464,2.133,2.194,2.141,2.07
ds_1,534,1785085703.0267131,1.5467951111111107,1.5041282777777782,1.5,1.5,0.046976857082096195,2.18,2.199,2.14,2.083
ds_1,538,1785085703.0979035,1.5098461111111112,1.4959476111111107,1.5,1.5,0.010647429723606584,2.148,2.204,2.185,2.088
ds_1,542,1785085703.1569529,1.5215746111111106,1.483943944444445,1.5,1.5,0.02689350785224422,2.128,2.197,2.145,2.072
ds_1,546,1785085703.2138805,1.5309494444444445,1.4758747777777776,1.5,1.5,0.03924148899686868,2.131,2.212,2.136,2.072
ds_1,550,1785085703.290731,1.5244163888888886,1.498280388888889,1.5,1.5,0.024476868850956027,2.152,2.196,2.16,2.077
ds_1,554,1785085703.3488035,1.519932,1.4950439999999996,1.5,1.5,0.020538903573462886,2.155,2.213,2.179,2.081
ds_1,558,1785085703.4183245,1.5486876111111112,1.4982409444444444,1.5,1.5,0.048719377583814935,2.165,2.197,2.127,2.068
ds_1,562,1785085703.478664,1.5393398333333335,1.4843158333333333,1.5,1.5,0.042351098813634504,2.153,2.21,2.134,2.083
ds_1,566,1785085703.5351639,1.5275155555555553,1.4868035555555557,1.5,1.5,0.030516420882963254,2.139,2.209,2.153,2.065
ds_1,570,1785085703.6120362,1.518194944444444,1.4878289444444446,1.5,1.5,0.021890422487307572,2.127,2.19,2.148,2.071
ds_1,574,1785085703.6705627,1.526297666666667,1.4769976666666664,1.5,1.5,0.034938154085310764,2.138,2.209,2.141,2.093
ds_1,578,1785085703.7379303,1.5483624444444444,1.5119791111111112,1.5,1.5,0.04982394139020232,2.194,2.208,2.158,2.078
ds_1,582,1785085703.8007948,1.517133388888889,1.4996853888888886,1.5,1.5,0.01713627716189072,2.143,2.193,2.169,2.068
ds_1,586,1785085703.8568487,1.5215405000000002,1.4872853333333331,1.5,1.5,0.025013114334173938,2.136,2.21,2.163,2.065
ds_1,590,1785085703.9327729,1.5126816666666665,1.5010069999999998,1.5,1.5,0.01272158474579481,2.152,2.197,2.181,2.085
ds_1,594,1785085703.9954677,1.546050555555556,1.4918880555555554,1.5,1.5,0.046759569177282835,2.156,2.204,2.129,2.064
ds_1,598,1785085704.0612764,1.528443888888889,1.4891678888888884,1.5,1.5,0.030436646435619788,2.142,2.209,2.155,2.063
ds_1,602,1785085704.1265283,1.5431975555555557,1.4998775555555552,1.5,1.5,0.04319772909097534,2.162,2.196,2.136,2.066
ds_1,606,1785085704.1827688,1.5200578333333337,1.4996924999999997,1.5,1.5,0.020060190285184017,2.149,2.196,2.168,2.073
ds_1,610,1785085704.257667,1.5343302222222228,1.4736262222222218,1.5,1.5,0.043291342230275406,2.136,2.21,2.126,2.086
ds_1,614,1785085704.3144436,1.5374430000000003,1.504108333333333,1.5,1.5,0.037667713652115915,2.162,2.197,2.151,2.061
ds_1,618,1785085704.3866172,1.5365107222222223,1.4907832222222221,1.5,1.5,0.03765609950317765,2.16,2.209,2.146,2.084
ds_1,622,1785085704.442093,1.506029111111111,1.486350611111111,1.5,1.5,0.014921662033106303,2.121,2.2,2.173,2.07
ds_1,626,1785085704.499562,1.5352537777777777,1.4818504444444445,1.5,1.5,0.03965142134235708,2.146,2.202,2.128,2.09
ds_1,630,1785085704.5737946,1.5301851666666668,1.5040371666666665,1.5,1.5,0.030453948863635026,2.165,2.197,2.161,2.078
ds_1,634,1785085704.6347106,1.5560325555555559,1.5018700555555553,1.5,1.5,0.05606375290566372,2.172,2.204,2.129,2.054
ds_1,638,1785085704.704851,1.5270889999999993,1.4901395,1.5,1.5,0.0288278230404233,2.145,2.199,2.148,2.079
ds_1,642,1785085704.7640414,1.5279048333333336,1.4809423333333327,1.5,1.5,0.03379163183598756,2.141,2.2,2.135,2.095
ds_1,646,1785085704.8191354,1.535751944444444,1.502417277777778,1.5,1.5,0.03583357034142083,2.158,2.197,2.151,2.06
ds_1,650,1785085704.8942502,1.5176524444444448,1.4721769444444441,1.5,1.5,0.03295043573781321,2.112,2.197,2.134,2.079
ds_1,654,1785085704.9570227,1.5303413333333329,1.4733428333333338,1.5,1.5,0.04038812997823538,2.117,2.204,2.125,2.06
ds_1,658,1785085705.0289237,1.5229760000000003,1.5032794999999997,1.5,1.5,0.023208871067977713,2.175,2.202,2.175,2.106
ds_1,662,1785085705.0891793,1.5311638333333337,1.5100759999999995,1.5,1.5,0.03275225616698478,2.174,2.196,2.167,2.079
ds_1,666,1785085705.1431727,1.5075923333333332,1.4829196666666664,1.5,1.5,0.018691744493819426,2.121,2.194,2.16,2.084
ds_1,670,1785085705.2196455,1.5246598888888887,1.5085998888888887,1.5,1.5,0.026116435608895188,2.17,2.201,2.179,2.079
ds_1,674,1785085705.2825117,1.555080277777778,1.5037591111111106,1.5,1.5,0.05520840440026183,2.182,2.204,2.133,2.071
ds_1,678,1785085705.3486476,1.510932111111111,1.4789587777777784,1.5,1.5,0.023711686695606176,2.117,2.202,2.158,2.074
ds_1,682,1785085705.4089777,1.5143764999999996,1.5041938333333338,1.5,1.5,0.014975713347876595,2.155,2.189,2.175,2.088
ds_1,686,1785085705.4637117,1.5000817777777773,1.4775706111111118,1.5,1.5,0.022429537969693474,2.117,2.194,2.163,2.102
ds_1,690,1785085705.5377781,1.529891,1.4879763333333333,1.5,1.5,0.032218634997639245,2.14,2.197,2.139,2.073
ds_1,694,1785085705.599729,1.523899555555555,1.4802595555555562,1.5,1.5,0.030997966104524207,2.14,2.212,2.152,2.088
ds_1,698,1785085705.667073,1.5334484999999998,1.4823876666666669,1.5,1.5,0.0378020692250361,2.136,2.193,2.122,2.08
ds_1,702,1785085705.72797,1.5272789444444441,1.4932431111111113,1.5,1.5,0.028103315773407526,2.146,2.196,2.149,2.075
ds_1,706,1785085705.7850034,1.5254647222222224,1.4820247222222216,1.5,1.5,0.031169900369478913,2.135,2.202,2.142,2.081
ds_1,710,1785085705.8581536,1.5115066666666668,1.4772984999999998,1.5,1.5,0.025451158716800835,2.126,2.207,2.16,2.091
ds_1,714,1785085705.9252067,1.5324808888888886,1.4809703888888888,1.5,1.5,0.037644843498843936,2.147,2.212,2.141,2.088
ds_1,718,1785085705.989698,1.5028439999999998,1.4772764999999999,1.5,1.5,0.022900781389507314,2.114,2.209,2.174,2.077
ds_1,722,1785085706.048956,1.5112813333333335,1.4851333333333332,1.5,1.5,0.018662429090436295,2.119,2.197,2.161,2.065
ds_1,726,1785085706.1077173,1.5400014444444443,1.4957459444444443,1.5,1.5,0.04022701264463618,2.163,2.207,2.146,2.073
ds_1,730,1785085706.1842043,1.511158944444445,1.4785564444444443,1.5,1.5,0.024173293445006912,2.112,2.196,2.151,2.071
ds_1,734,1785085706.245225,1.5101681666666673,1.4883681666666666,1.5,1.5,0.015449633007148427,2.132,2.195,2.165,2.086
ds_1,738,1785085706.3095977,1.5256515555555556,1.4906915555555553,1.5,1.5,0.02728826561720387,2.147,2.209,2.161,2.073
ds_1,742,1785085706.3745914,1.5198212777777778,1.4836379444444443,1.5,1.5,0.025702138330242437,2.14,2.196,2.146,2.101
ds_1,746,1785085706.4280236,1.4923831111111117,1.4799872777777774,1.5,1.5,0.02141322131510141,2.117,2.196,2.179,2.104
ds_1,750,1785085706.5045466,1.5256041111111112,1.4872056111111114,1.5,1.5,0.028622838657796374,2.136,2.2,2.147,2.07
ds_1,754,1785085706.5664012,1.5343743333333335,1.4902408333333328,1.5,1.5,0.035732843801451225,2.159,2.201,2.14,2.095
ds_1,758,1785085706.632884,1.5232734444444447,1.4890652777777778,1.5,1.5,0.025714224981239743,2.143,2.207,2.16,2.075
ds_1,762,1785085706.695531,1.5357626666666666,1.4779226666666663,1.5,1.5,0.042028287785992845,2.143,2.209,2.129,2.087
ds_1,766,1785085706.7492394,1.5062548888888885,1.477054888888889,1.5,1.5,0.023782383373277975,2.124,2.21,2.17,2.092
ds_1,770,1785085706.828002,1.5200882777777776,1.4917547777777778,1.5,1.5,0.02171457099670585,2.138,2.199,2.16,2.07
ds_1,774,1785085706.8847928,1.5266769999999994,1.4681005000000005,1.5,1.5,0.041584136750087014,2.114,2.21,2.129,2.068
ds_1,778,1785085706.9520097,1.5392177777777778,1.5066452777777777,1.5,1.5,0.03977679990359943,2.181,2.194,2.149,2.094
ds_1,782,1785085707.014049,1.539995111111111,1.5080951111111114,1.5,1.5,0.04080612376459387,2.175,2.197,2.153,2.073
ds_1,786,1785085707.0663853,1.5108042222222222,1.4853417222222225,1.5,1.5,0.01820978652367035,2.121,2.2,2.165,2.066
ds_1,790,1785085707.1529737,1.532019166666667,1.4944231666666663,1.5,1.5,0.03250120157864285,2.149,2.195,2.143,2.072
ds_1,794,1785085707.2074387,1.5004541111111107,1.4786341111111114,1.5,1.5,0.021370714188196107,2.106,2.197,2.167,2.073
ds_1,798,1785085707.2821412,1.5113039999999998,1.4945025000000003,1.5,1.5,0.012569921330302405,2.146,2.203,2.18,2.087
ds_1,806,1785085707.3940172,1.5180263333333337,1.4825585,1.5,1.5,0.025082954684296294,2.124,2.196,2.147,2.074
ds_1,810,1785085707.466987,1.5379555555555557,1.4961375555555552,1.5,1.5,0.03815157499523841,2.154,2.192,2.134,2.072
ds_1,814,1785085707.5291817,1.521980388888889,1.4850818888888888,1.5,1.5,0.02656477996954338,2.125,2.196,2.145,2.063
ds_1,818,1785085707.5951715,1.544737388888889,1.5084373888888885,1.5,1.5,0.04552607490063269,2.187,2.203,2.153,2.084
ds_1,822,1785085707.662568,1.5149151666666667,1.4837759999999995,1.5,1.5,0.02203815719824279,2.122,2.194,2.151,2.073
ds_1,826,1785085707.718261,1.509541833333334,1.4877218333333329,1.5,1.5,0.015549918329546893,2.119,2.197,2.167,2.06
ds_1,830,1785085707.790328,1.539139388888889,1.5001333888888888,1.5,1.5,0.03913961618605066,2.159,2.194,2.14,2.067
ds_1,834,1785085707.8535714,1.5200599999999997,1.472945833333334,1.5,1.5,0.03367983868767379,2.12,2.207,2.142,2.079
ds_1,838,1785085707.9178565,1.522496166666666,1.4920601666666673,1.5,1.5,0.023856203974134692,2.14,2.195,2.153,2.074
ds_1,842,1785085707.9800138,1.5385737777777782,1.4893191111111104,1.5,1.5,0.04002521354729063,2.155,2.207,2.139,2.077
ds_1,846,1785085708.0353746,1.5210970555555556,1.4942535555555556,1.5,1.5,0.021865666622979656,2.145,2.195,2.158,2.08
ds_1,850,1785085708.1048331,1.524066055555556,1.482902555555555,1.5,1.5,0.029521138808216607,2.138,2.195,2.138,2.094
ds_1,854,1785085708.1724162,1.522430555555555,1.4805158888888892,1.5,1.5,0.02971128419171669,2.136,2.197,2.139,2.097
ds_1,858,1785085708.23852,1.5328847777777777,1.4901982777777778,1.5,1.5,0.03431446295682658,2.154,2.2,2.141,2.088
ds_1,862,1785085708.2987065,1.5256675555555552,1.506025055555555,1.5,1.5,0.02636521766731763,2.167,2.196,2.169,2.084
ds_1,866,1785085708.3577979,1.5305945000000005,1.493645,1.5,1.5,0.031247551188053658,2.148,2.199,2.148,2.07
ds_1,870,1785085708.4357054,1.525642333333333,1.4873498333333337,1.5,1.5,0.028592935761691224,2.138,2.194,2.141,2.08
ds_1,874,1785085708.4979854,1.534423,1.5082989999999996,1.5,1.5,0.03540926898426456,2.18,2.195,2.159,2.093
ds_1,878,1785085708.5590925,1.5241015555555557,1.4936515555555556,1.5,1.5,0.024923637917882994,2.14,2.196,2.154,2.066
ds_1,882,1785085708.6425257,1.524746111111111,1.5058614444444445,1.5,1.5,0.025430818824779433,2.167,2.192,2.166,2.09
ds_1,886,1785085708.6915617,1.5442464444444446,1.4914552777777774,1.5,1.5,0.04506395592744012,2.159,2.206,2.133,2.072
ds_1,890,1785085708.7581346,1.522598388888889,1.4699288888888888,1.5,1.5,0.03761593949152745,2.109,2.201,2.128,2.068
ds_1,894,1785085708.8192549,1.5425623888888886,1.4765418888888886,1.5,1.5,0.048598764643046626,2.139,2.222,2.131,2.059
ds_1,902,1785085708.9535165,1.5185882222222225,1.481689722222222,1.5,1.5,0.026091919777626812,2.131,2.196,2.145,2.09
ds_1,906,1785085709.0042305,1.5166088333333332,1.4688468333333333,1.5,1.5,0.035304010226255476,2.126,2.204,2.138,2.111
ds_1,910,1785085709.082757,1.533093,1.5033611666666669,1.5,1.5,0.03326325435613772,2.156,2.196,2.155,2.058
ds_1,914,1785085709.1394527,1.5412437222222224,1.4925458888888883,1.5,1.5,0.04191191233051339,2.163,2.214,2.147,2.073
ds_1,918,1785085709.2117,1.5208595555555555,1.4874635555555553,1.5,1.5,0.02433687525718853,2.135,2.201,2.155,2.073
ds_1,922,1785085709.2726214,1.5228551111111108,1.474402944444445,1.5,1.5,0.034315672177816746,2.12,2.203,2.136,2.075
ds_1,926,1785085709.3217905,1.526989611111111,1.4943871111111109,1.5,1.5,0.027567075100707,2.16,2.196,2.151,2.101
ds_1,930,1785085709.398804,1.5130461111111115,1.473143611111111,1.5,1.5,0.02985743859199434,2.136,2.204,2.149,2.124
ds_1,934,1785085709.458991,1.5059522777777778,1.4827949444444446,1.5,1.5,0.018205591103108293,2.119,2.187,2.155,2.09
ds_1,938,1785085709.5290136,1.5391391666666667,1.5180706666666668,1.5,1.5,0.043109434711428286,2.18,2.194,2.165,2.059
ds_1,942,1785085709.5885768,1.5115107222222217,1.4977072222222223,1.5,1.5,0.011736846084677947,2.142,2.189,2.17,2.084
ds_1,946,1785085709.6504154,1.5178742222222217,1.490336888888889,1.5,1.5,0.020319043688004596,2.127,2.193,2.155,2.061
ds_1,950,1785085709.7200367,1.5501041111111116,1.5035121111111107,1.5,1.5,0.05022705321528829,2.181,2.216,2.152,2.064
ds_1,954,1785085709.780708,1.5276256111111106,1.5021631111111116,1.5,1.5,0.02771016851160116,2.154,2.2,2.165,2.061
ds_1,958,1785085709.85791,1.5188647777777775,1.4841127777777783,1.5,1.5,0.024663407520924267,2.119,2.196,2.148,2.058
ds_1,962,1785085709.913822,1.541807611111111,1.4989834444444439,1.5,1.5,0.041819968101559114,2.174,2.207,2.148,2.084
ds_1,966,1785085709.9663372,1.511324333333334,1.482311,1.5,1.5,0.021003362741343595,2.115,2.196,2.156,2.066
ds_1,970,1785085710.0463493,1.5307517222222224,1.513303722222222,1.5,1.5,0.033506080710801966,2.18,2.193,2.169,2.086
ds_1,974,1785085710.1134992,1.508790277777778,1.4804177777777776,1.5,1.5,0.021464678207953586,2.12,2.202,2.163,2.079
ds_1,978,1785085710.182744,1.529144888888889,1.4880193888888884,1.5,1.5,0.03151126133529688,2.156,2.193,2.136,2.111
ds_1,982,1785085710.2386591,1.5201466666666668,1.4786981666666668,1.5,1.5,0.02931989565361529,2.141,2.21,2.153,2.102
ds_1,986,1785085710.2963135,1.529292166666667,1.4810633333333334,1.5,1.5,0.03488020029289166,2.141,2.193,2.126,2.1
ds_1,990,1785085710.3737078,1.4984338333333334,1.4736478333333336,1.5,1.5,0.02639866599007498,2.111,2.204,2.17,2.093
ds_1,994,1785085710.433835,1.5381660555555559,1.4898925555555556,1.5,1.5,0.039481745527107925,2.146,2.195,2.128,2.07
ds_1,998,1785085710.5025003,1.4906397222222219,1.4818757222222227,1.5,1.5,0.02039863341116747,2.114,2.197,2.185,2.094
ds_1,1002,1785085710.5598788,1.5420565000000002,1.502044,1.5,1.5,0.04210614121776078,2.168,2.21,2.155,2.059
ds_1,1006,1785085710.6190774,1.543242277777778,1.508490277777778,1.5,1.5,0.04406789539057129,2.183,2.196,2.148,2.085
ds_1,1010,1785085710.693327,1.5331474999999999,1.470174,1.5,1.5,0.04459088508036129,2.129,2.215,2.128,2.078
ds_1,1018,1785085710.8203452,1.5100154444444442,1.4781741111111113,1.5,1.5,0.02401413236429466,2.114,2.193,2.149,2.081
ds_1,1022,1785085710.8858337,1.5099723333333332,1.4788045000000003,1.5,1.5,0.023424274852406782,2.112,2.196,2.153,2.072
ds_1,1026,1785085710.938971,1.5402684999999998,1.4982185,1.5,1.5,0.04030788799354273,2.167,2.204,2.146,2.077
ds_1,1030,1785085711.0176616,1.521276388888889,1.474876388888889,1.5,1.5,0.03292234134161147,2.128,2.207,2.143,2.088
ds_1,1034,1785085711.0756242,1.5091805,1.4836363333333336,1.5,1.5,0.018763026595615406,2.124,2.207,2.172,2.072
ds_1,1038,1785085711.146322,1.532274333333333,1.5025288333333333,1.5,1.5,0.03237325424079068,2.161,2.197,2.156,2.071
ds_1,1042,1785085711.1993113,1.5247395555555558,1.4698675555555556,1.5,1.5,0.03898730328304284,2.112,2.204,2.128,2.068
ds_1,1046,1785085711.2627702,1.5304121111111113,1.5006119444444446,1.5,1.5,0.03041826718006248,2.161,2.201,2.16,2.075
ds_1,1050,1785085711.3376498,1.544500944444445,1.5191551111111108,1.5,1.5,0.048448450317080186,2.186,2.19,2.155,2.065
ds_1,1054,1785085711.3977432,1.5253166666666669,1.4681601666666666,1.5,1.5,0.040678109565287945,2.119,2.21,2.131,2.08
ds_1,1058,1785085711.4666593,1.5497076111111112,1.4998551111111114,1.5,1.5,0.04970782227339667,2.17,2.202,2.133,2.067
ds_1,1062,1785085711.5266535,1.5333257222222223,1.475127222222222,1.5,1.5,0.041584358069055805,2.117,2.196,2.115,2.059
ds_1,1066,1785085711.5833488,1.5294558333333337,1.5084453333333332,1.5,1.5,0.03064261366907595,2.156,2.188,2.159,2.057
ds_1,1070,1785085711.6574943,1.5331662777777773,1.5047937777777782,1.5,1.5,0.03351092787458147,2.174,2.202,2.163,2.085
ds_1,1074,1785085711.7178774,1.5466520000000001,1.5069144999999997,1.5,1.5,0.047161630742055656,2.176,2.195,2.14,2.071
ds_1,1078,1785085711.7853,1.5229101666666665,1.4860796666666665,1.5,1.5,0.026807674587803237,2.125,2.192,2.141,2.063
ds_1,1082,1785085711.8495288,1.5328983888888883,1.4916018888888893,1.5,1.5,0.03395338365640587,2.143,2.202,2.145,2.059
ds_1,1086,1785085711.9044304,1.540863666666667,1.4982754999999999,1.5,1.5,0.040900038553704055,2.161,2.195,2.136,2.073
ds_1,1090,1785085711.9818265,1.529008555555555,1.4855685555555558,1.5,1.5,0.032400044508808984,2.141,2.202,2.142,2.078
ds_1,1094,1785085712.042196,1.5101393333333337,1.4757901666666662,1.5,1.5,0.026247325777538816,2.133,2.216,2.169,2.102
ds_1,1098,1785085712.104876,1.518906222222222,1.4899062222222221,1.5,1.5,0.021431975843192924,2.133,2.195,2.155,2.071
ds_1,1102,1785085712.16769,1.5510006666666663,1.5069688333333338,1.5,1.5,0.051474582450683225,2.181,2.196,2.135,2.074
ds_1,1106,1785085712.230232,1.522868722222222,1.4953187222222224,1.5,1.5,0.023342939354542753,2.139,2.194,2.156,2.063
ds_1,1110,1785085712.3059418,1.5181638888888889,1.480255888888889,1.5,1.5,0.026828283268517123,2.136,2.213,2.161,2.087
ds_1,1114,1785085712.362886,1.529553722222222,1.5077537222222226,1.5,1.5,0.030553931097121446,2.162,2.195,2.165,2.064
ds_1,1118,1785085712.4298694,1.5056683333333334,1.4824576666666667,1.5,1.5,0.018435386124395547,2.115,2.192,2.16,2.078
ds_1,1122,1785085712.4948802,1.5361428333333331,1.4997261666666666,1.5,1.5,0.036143870656800726,2.176,2.21,2.16,2.091
ds_1,1126,1785085712.5480738,1.5094400000000003,1.4825471666666665,1.5,1.5,0.01984225267859278,2.118,2.199,2.162,2.071
ds_1,1130,1785085712.6214657,1.5287877222222226,1.4983797222222217,1.5,1.5,0.0288332837328843,2.158,2.193,2.151,2.086
ds_1,1134,1785085712.6841881,1.5070511111111107,1.4816236111111116,1.5,1.5,0.019682729396526502,2.112,2.197,2.162,2.067
ds_1,1138,1785085712.7570696,1.5309731111111111,1.499575944444444,1.5,1.5,0.030976013865819354,2.167,2.212,2.169,2.078
ds_1,1142,1785085712.8127112,1.5269051111111107,1.4949611111111114,1.5,1.5,0.0273728954466965,2.142,2.2,2.156,2.058
ds_1,1146,1785085712.867775,1.5469504444444446,1.5029592777777778,1.5,1.5,0.047043613365651785,2.165,2.194,2.133,2.06
ds_1,1150,1785085712.944176,1.5294524444444442,1.4869626111111112,1.5,1.5,0.03220900484015599,2.141,2.19,2.131,2.086
ds_1,1154,1785085713.0054283,1.5369100000000004,1.4939874999999998,1.5,1.5,0.03739650058829081,2.173,2.212,2.153,2.098
ds_1,1158,1785085713.0717847,1.5216997222222222,1.4752357222222217,1.5,1.5,0.0329263936436496,2.124,2.21,2.146,2.075
ds_1,1162,1785085713.1359856,1.539423888888889,1.509719388888889,1.5,1.5,0.04060430439617106,2.172,2.194,2.153,2.066
ds_1,1166,1785085713.1883836,1.5326271666666664,1.4992924999999997,1.5,1.5,0.03263483661586847,2.163,2.197,2.151,2.084
ds_1,1170,1785085713.2725887,1.529724722222222,1.4910612222222224,1.5,1.5,0.031039665902660038,2.152,2.215,2.162,2.07
ds_1,1174,1785085713.3258686,1.5085089999999999,1.4800455,1.5,1.5,0.021692974698044567,2.119,2.209,2.17,2.071
ds_1,1178,1785085713.3971696,1.5373028333333336,1.4908388333333331,1.5,1.5,0.03841130496857552,2.152,2.21,2.146,2.065
ds_1,1182,1785085713.4548836,1.5194396666666672,1.480469666666666,1.5,1.5,0.02755602584231391,2.119,2.192,2.138,2.072
ds_1,1186,1785085713.5134058,1.535753111111111,1.4872339444444445,1.5,1.5,0.03796389243176959,2.153,2.206,2.139,2.084
ds_1,1190,1785085713.5947359,1.539897166666667,1.4906651666666662,1.5,1.5,0.04097466316382508,2.165,2.206,2.138,2.093
ds_1,1194,1785085713.6466537,1.5514011666666665,1.4981705000000005,1.5,1.5,0.05143371467184171,2.161,2.195,2.121,2.058
ds_1,1198,1785085713.718016,1.5365896666666667,1.5061536666666664,1.5,1.5,0.037103521668734145,2.168,2.195,2.153,2.071
ds_1,1202,1785085713.7773466,1.5386419999999998,1.4987028333333332,1.5,1.5,0.038663766052482514,2.169,2.206,2.151,2.08
ds_1,1206,1785085713.832809,1.5287994444444448,1.4882367777777776,1.5,1.5,0.03110918509633529,2.132,2.201,2.145,2.053
ds_1,1210,1785085713.9090304,1.5002381666666662,1.4805866666666672,1.5,1.5,0.019414794216581405,2.117,2.197,2.17,2.09
ds_1,1214,1785085713.9674416,1.5466819444444444,1.5082481111111112,1.5,1.5,0.04740501317387677,2.189,2.202,2.149,2.087
ds_1,1218,1785085714.036539,1.506798166666667,1.4813823333333327,1.5,1.5,0.019820004594825837,2.109,2.196,2.161,2.063
ds_1,1222,1785085714.0980926,1.5354050000000006,1.497130166666666,1.5,1.5,0.03552112003247019,2.145,2.193,2.14,2.053
ds_1,1226,1785085714.1536403,1.5350988333333333,1.4902315000000002,1.5,1.5,0.03643283812182501,2.16,2.202,2.14,2.095
ds_1,1230,1785085714.2340517,1.5115049444444448,1.4866622777777778,1.5,1.5,0.017614158530765,2.129,2.209,2.175,2.068
ds_1,1234,1785085714.2920702,1.513077888888889,1.4714583888888884,1.5,1.5,0.03139513883721581,2.133,2.219,2.162,2.107
ds_1,1238,1785085714.3621316,1.5384910555555558,1.4992510555555554,1.5,1.5,0.03849834120532656,2.174,2.207,2.153,2.088
ds_1,1242,1785085714.4196377,1.5155827222222222,1.473014222222222,1.5,1.5,0.03116173028133315,2.124,2.194,2.135,2.107
ds_1,1246,1785085714.4768531,1.5174740555555555,1.4906305555555555,1.5,1.5,0.01982748362138201,2.154,2.195,2.158,2.114
ds_1,1250,1785085714.5512938,1.5139527222222224,1.4841662222222223,1.5,1.5,0.021104193330391652,2.124,2.2,2.159,2.071
ds_1,1254,1785085714.6144695,1.5084682777777783,1.4715697777777772,1.5,1.5,0.02966461299472124,2.112,2.196,2.145,2.095
ds_1,1258,1785085714.6781573,1.511987222222222,1.4908897222222222,1.5,1.5,0.0150562497918042,2.155,2.197,2.168,2.121
ds_1,1262,1785085714.7391531,1.5328125555555554,1.4912690555555552,1.5,1.5,0.033954280922711216,2.153,2.215,2.158,2.067
ds_1,1266,1785085714.795053,1.5466711666666668,1.4910386666666668,1.5,1.5,0.04752371295615379,2.176,2.206,2.129,2.105
ds_1,1270,1785085714.8700008,1.512697722222222,1.4779617222222226,1.5,1.5,0.025434579553104263,2.126,2.195,2.147,2.1
ds_1,1274,1785085714.940311,1.5271556666666666,1.4730181666666666,1.5,1.5,0.03828119070952321,2.125,2.203,2.128,2.083
ds_1,1278,1785085715.003067,1.5270132777777778,1.490629944444444,1.5,1.5,0.028592221274563345,2.158,2.208,2.158,2.095
ds_1,1282,1785085715.0609844,1.5226001666666664,1.4828260000000002,1.5,1.5,0.028385098368001002,2.133,2.197,2.142,2.084
ds_1,1286,1785085715.1181123,1.518640666666667,1.4808539999999997,1.5,1.5,0.026721597440606013,2.136,2.206,2.154,2.092
ds_1,1290,1785085715.193621,1.5343086111111113,1.4901547777777775,1.5,1.5,0.03569326542890706,2.141,2.202,2.141,2.057
ds_1,1294,1785085715.248387,1.5296520555555553,1.5049567222222222,1.5,1.5,0.03006349104575196,2.163,2.196,2.162,2.073
ds_1,1298,1785085715.3253818,1.5023043333333328,1.4891883333333331,1.5,1.5,0.011054505335935412,2.134,2.195,2.177,2.099
ds_1,1302,1785085715.3878393,1.5226273888888888,1.4850660555555557,1.5,1.5,0.027111278549687725,2.139,2.193,2.141,2.094
ds_1,1306,1785085715.4451983,1.5378370000000003,1.4850214999999998,1.5,1.5,0.04069390656167128,2.165,2.207,2.134,2.111
ds_1,1310,1785085715.5168304,1.5175551111111114,1.4885817777777774,1.5,1.5,0.020941769859291363,2.135,2.193,2.153,2.083
ds_1,1314,1785085715.5788832,1.519047111111111,1.4899537777777778,1.5,1.5,0.02153413621711536,2.146,2.202,2.162,2.09
ds_1,1318,1785085715.64304,1.5350536666666668,1.4818731666666662,1.5,1.5,0.03946316806177938,2.162,2.222,2.149,2.102
ds_1,1322,1785085715.7074828,1.552739555555556,1.5072220555555556,1.5,1.5,0.05323174622953035,2.176,2.199,2.136,2.057
ds_1,1326,1785085715.7612991,1.5399129444444442,1.480490277777778,1.5,1.5,0.044426032857025954,2.155,2.215,2.133,2.092
ds_1,1330,1785085715.837823,1.5193635,1.4932754999999998,1.5,1.5,0.020497903124466334,2.156,2.192,2.156,2.111
ds_1,1334,1785085715.8964872,1.543632555555556,1.487948722222222,1.5,1.5,0.04526624791592336,2.148,2.208,2.131,2.058
ds_1,1338,1785085715.9633942,1.5269750000000004,1.4972431666666663,1.5,1.5,0.027115507648351377,2.148,2.196,2.155,2.068
ds_1,1342,1785085716.0251591,1.5250493333333335,1.4902813333333331,1.5,1.5,0.02686859844171693,2.135,2.197,2.149,2.063
ds_1,1346,1785085716.08458,1.5436186666666663,1.4981851666666668,1.5,1.5,0.04365640504903626,2.158,2.195,2.132,2.063
ds_1,1350,1785085716.1594481,1.5389074999999997,1.489834166666667,1.5,1.5,0.040213650960974394,2.136,2.199,2.131,2.044
ds_1,1358,1785085716.2776637,1.5142383333333336,1.4770508333333332,1.5,1.5,0.0270073024718421,2.117,2.213,2.162,2.063
ds_1,1362,1785085716.3474069,1.5419768888888883,1.4839768888888893,1.5,1.5,0.044931050404693085,2.155,2.215,2.135,2.079
ds_1,1366,1785085716.405426,1.5221338333333334,1.4745258333333335,1.5,1.5,0.033746699770331345,2.119,2.197,2.131,2.08
ds_1,1370,1785085716.4805863,1.5182536666666668,1.4999911666666668,1.5,1.5,0.01825366880398463,2.146,2.204,2.179,2.06
ds_1,1374,1785085716.5421693,1.5044908333333333,1.4820209999999998,1.5,1.5,0.018531379469100096,2.113,2.19,2.159,2.079
ds_1,1378,1785085716.6054332,1.5456378888888886,1.4913253888888887,1.5,1.5,0.04645498660169392,2.158,2.21,2.135,2.064
ds_1,1382,1785085716.6711068,1.5195613888888884,1.4912798888888894,1.5,1.5,0.02141700896606339,2.132,2.195,2.156,2.064
ds_1,1386,1785085716.746245,1.532553,1.4814921666666663,1.5,1.5,0.03744646450193212,2.121,2.193,2.122,2.053
ds_1,1390,1785085716.8008876,1.5119111666666665,1.4958658333333332,1.5,1.5,0.012608220548074384,2.139,2.199,2.177,2.072
ds_1,1394,1785085716.8608825,1.524495722222222,1.4939617222222226,1.5,1.5,0.02522897551843633,2.152,2.202,2.16,2.083
ds_1,1398,1785085716.931746,1.5314049999999995,1.4845075000000003,1.5,1.5,0.03501844629977116,2.143,2.197,2.132,2.087
ds_1,1402,1785085716.9971929,1.5445277222222218,1.5119102222222225,1.5,1.5,0.046093073662775694,2.181,2.197,2.152,2.068
ds_1,1406,1785085717.0479934,1.5310103333333334,1.489846833333333,1.5,1.5,0.03263016345048801,2.155,2.195,2.138,2.099
ds_1,1410,1785085717.121986,1.5392386111111112,1.4877991111111109,1.5,1.5,0.04109173020947201,2.151,2.209,2.138,2.07
ds_1,1414,1785085717.184926,1.5304403888888893,1.4911643888888881,1.5,1.5,0.031696771119683796,2.166,2.209,2.155,2.104
ds_1,1418,1785085717.250623,1.5263236111111111,1.501582944444444,1.5,1.5,0.026371162565256963,2.159,2.2,2.166,2.075
ds_1,1422,1785085717.3123462,1.5536420555555557,1.4884220555555554,1.5,1.5,0.05487730789482997,2.167,2.219,2.129,2.07
ds_1,1426,1785085717.3729105,1.5503657777777786,1.5062729444444436,1.5,1.5,0.050754915064096545,2.174,2.199,2.138,2.059
ds_1,1430,1785085717.445091,1.533109722222222,1.4926217222222224,1.5,1.5,0.03392186151435019,2.156,2.197,2.141,2.088
ds_1,1434,1785085717.5084393,1.5116070555555559,1.4804248888888891,1.5,1.5,0.022757607819849972,2.115,2.197,2.154,2.07
ds_1,1438,1785085717.5705185,1.5216672777777782,1.480992611111111,1.5,1.5,0.028822764591080883,2.132,2.207,2.151,2.078
ds_1,1442,1785085717.6341922,1.5180119999999997,1.4818453333333335,1.5,1.5,0.02557389422394959,2.121,2.195,2.145,2.071
ds_1,1446,1785085717.689402,1.511858111111111,1.484396777777778,1.5,1.5,0.019597840259566717,2.122,2.187,2.149,2.083
ds_1,1450,1785085717.7678928,1.5204768888888893,1.4778493888888886,1.5,1.5,0.030165419790939594,2.124,2.197,2.138,2.083
ds_1,1454,1785085717.8281825,1.5295805555555553,1.502712388888889,1.5,1.5,0.0297046514953443,2.169,2.197,2.16,2.091
ds_1,1458,1785085717.89537,1.5278328333333329,1.4893636666666663,1.5,1.5,0.02979594264558298,2.147,2.204,2.151,2.079
ds_1,1462,1785085717.955981,1.533663333333333,1.4980975000000005,1.5,1.5,0.03371705084020668,2.155,2.202,2.153,2.064
ds_1,1466,1785085718.0109625,1.5234714999999999,1.49519,1.5,1.5,0.023959286555529855,2.147,2.195,2.156,2.078
ds_1,1470,1785085718.0857682,1.5391608333333335,1.4950273333333335,1.5,1.5,0.03947528696715077,2.155,2.201,2.14,2.066
ds_1,1474,1785085718.1464689,1.5369030000000006,1.4964336666666662,1.5,1.5,0.03707492606121407,2.149,2.196,2.14,2.058
ds_1,1478,1785085718.2210498,1.5398343888888886,1.4940018888888889,1.5,1.5,0.04028344418061152,2.165,2.214,2.151,2.075
ds_1,1482,1785085718.2768362,1.5363804999999997,1.4814071666666666,1.5,1.5,0.04085626306468926,2.141,2.208,2.132,2.073
ds_1,1486,1785085718.3324366,1.516383833333333,1.4760265000000001,1.5,1.5,0.02903719505986122,2.109,2.19,2.134,2.071
ds_1,1494,1785085718.4674191,1.5020937222222224,1.4868442222222222,1.5,1.5,0.013321342337846404,2.125,2.189,2.168,2.094
ds_1,1498,1785085718.536852,1.525239333333333,1.474676,1.5,1.5,0.03575372600318863,2.124,2.202,2.132,2.08
ds_1,1502,1785085718.599667,1.5363465000000003,1.499448,1.5,1.5,0.03635069141364467,2.16,2.196,2.145,2.073
ds_1,1506,1785085718.6560447,1.5093160555555558,1.4810475555555553,1.5,1.5,0.021118334250929065,2.124,2.194,2.155,2.093
ds_1,1510,1785085718.7285006,1.5022227777777777,1.4963934444444444,1.5,1.5,0.004236506110545688,2.141,2.19,2.182,2.098
ds_1,1514,1785085718.7894235,1.533358722222222,1.5030067222222223,1.5,1.5,0.03349395060038417,2.155,2.189,2.147,2.064
ds_1,1518,1785085718.8588347,1.520090666666667,1.4845248333333336,1.5,1.5,0.02535972536271289,2.145,2.202,2.153,2.102
ds_1,1522,1785085718.9241946,1.5326812777777776,1.4970174444444446,1.5,1.5,0.03281709241889409,2.165,2.208,2.159,2.083
ds_1,1526,1785085718.9749098,1.5149281666666665,1.4901194999999998,1.5,1.5,0.01790179991726466,2.142,2.206,2.172,2.083
ds_1,1530,1785085719.049821,1.5243879444444444,1.4867572777777776,1.5,1.5,0.027751423856808663,2.132,2.197,2.145,2.068
ds_1,1534,1785085719.1106088,1.518766944444444,1.4837269444444443,1.5,1.5,0.02483969687607019,2.135,2.214,2.166,2.073
ds_1,1538,1785085719.1799212,1.5447399999999998,1.4921678333333337,1.5,1.5,0.04542037466483978,2.162,2.197,2.124,2.085
ds_1,1542,1785085719.2397912,1.538031166666667,1.4975058333333335,1.5,1.5,0.03811286535264592,2.173,2.199,2.143,2.1
ds_1,1546,1785085719.2970526,1.518140777777778,1.4875227777777775,1.5,1.5,0.022017467900861048,2.147,2.208,2.166,2.094
ds_1,1554,1785085719.4335723,1.5268654999999995,1.4727280000000005,1.5,1.5,0.03828207249157168,2.119,2.203,2.128,2.072
ds_1,1558,1785085719.4995155,1.5370197222222222,1.5021717222222226,1.5,1.5,0.03708336838558473,2.174,2.202,2.154,2.087
ds_1,1562,1785085719.5612059,1.5279792777777779,1.4924134444444446,1.5,1.5,0.02898958106222964,2.161,2.202,2.153,2.101
ds_1,1566,1785085719.6184106,1.542940444444445,1.4827792777777773,1.5,1.5,0.04626483592256026,2.155,2.216,2.133,2.08
ds_1,1570,1785085719.6920388,1.5292097222222225,1.496487222222222,1.5,1.5,0.0294201883069339,2.155,2.204,2.159,2.073
ds_1,1574,1785085719.7586021,1.5413864444444445,1.4971919444444441,1.5,1.5,0.041481597844781476,2.163,2.204,2.143,2.07
ds_1,1578,1785085719.8243322,1.5175229444444445,1.5029629444444448,1.5,1.5,0.017771680330907185,2.145,2.194,2.174,2.061
ds_1,1582,1785085719.8845646,1.5138980555555557,1.4819980555555552,1.5,1.5,0.022742602137974213,2.113,2.197,2.153,2.058
ds_1,1586,1785085719.9436436,1.5154487222222226,1.475546222222222,1.5,1.5,0.028924907362070228,2.112,2.204,2.149,2.065
ds_1,1590,1785085720.0200772,1.5187082222222223,1.4815377222222224,1.5,1.5,0.026284087951836496,2.145,2.212,2.161,2.102
ds_1,1594,1785085720.0754757,1.5305047222222221,1.5014247222222221,1.5,1.5,0.030537974904459943,2.181,2.201,2.161,2.114
ds_1,1598,1785085720.143292,1.5435715555555556,1.4903655555555557,1.5,1.5,0.0446240178971364,2.148,2.194,2.12,2.066
ds_1,1602,1785085720.2073474,1.5337521111111116,1.4954772777777772,1.5,1.5,0.034053781298942626,2.155,2.193,2.14,2.081
ds_1,1606,1785085720.2632914,1.5354127222222225,1.4884502222222218,1.5,1.5,0.037248600804652365,2.148,2.2,2.135,2.077
ds_1,1610,1785085720.3375063,1.5166513888888886,1.490443388888889,1.5,1.5,0.01919889496450284,2.129,2.202,2.166,2.057
ds_1,1614,1785085720.402605,1.5264178333333336,1.4920999999999995,1.5,1.5,0.02757375415187055,2.154,2.214,2.167,2.077
ds_1,1618,1785085720.4666567,1.5435395,1.4944434999999998,1.5,1.5,0.043892627541536035,2.162,2.2,2.132,2.077
ds_1,1622,1785085720.525581,1.5431236111111113,1.496872944444444,1.5,1.5,0.04323683975165039,2.167,2.2,2.136,2.081
ds_1,1626,1785085720.5870392,1.5349180555555557,1.5000860555555555,1.5,1.5,0.03491816159736245,2.161,2.201,2.153,2.07
ds_1,1630,1785085720.6610756,1.526389833333334,1.4885684999999995,1.5,1.5,0.028759389694691915,2.145,2.208,2.156,2.075
ds_1,1634,1785085720.7199705,1.5205557777777774,1.4678619444444445,1.5,1.5,0.03814963453221194,2.113,2.202,2.129,2.084
ds_1,1638,1785085720.7857254,1.5080575555555558,1.481103055555555,1.5,1.5,0.020543093994510767,2.121,2.204,2.167,2.078
ds_1,1642,1785085720.8468723,1.5053222777777782,1.4900657777777775,1.5,1.5,0.011270111441522254,2.124,2.19,2.169,2.077
ds_1,1646,1785085720.9060488,1.5392291666666664,1.4908439999999998,1.5,1.5,0.04028349355953497,2.154,2.2,2.133,2.077
ds_1,1650,1785085720.9798853,1.529629388888889,1.497802722222222,1.5,1.5,0.029710750841433396,2.151,2.192,2.148,2.073
ds_1,1654,1785085721.0424047,1.5260356666666663,1.4786696666666668,1.5,1.5,0.03365767459122611,2.119,2.186,2.12,2.074
ds_1,1658,1785085721.1061704,1.524845277777778,1.497989444444444,1.5,1.5,0.02492649517073994,2.149,2.196,2.159,2.071
ds_1,1662,1785085721.170036,1.5323075555555556,1.509011555555555,1.5,1.5,0.03354081512882728,2.172,2.2,2.168,2.072
ds_1,1666,1785085721.2259846,1.5465976666666668,1.4873116666666668,1.5,1.5,0.048294268206025864,2.155,2.21,2.128,2.068
ds_1,1670,1785085721.3009486,1.535939555555556,1.5089850555555553,1.5,1.5,0.03704568634628474,2.167,2.204,2.167,2.052
ds_1,1674,1785085721.3556895,1.5431429444444447,1.493729611111111,1.5,1.5,0.04359623185728719,2.165,2.214,2.146,2.071
ds_1,1678,1785085721.4288363,1.5443446111111112,1.4910152777777776,1.5,1.5,0.045245660211849975,2.152,2.199,2.125,2.066
ds_1,1682,1785085721.49226,1.5448563888888889,1.492920388888889,1.5,1.5,0.045411634166101104,2.156,2.2,2.128,2.067
ds_1,1686,1785085721.5499074,1.5275370555555554,1.5122525555555553,1.5,1.5,0.030139916162984153,2.163,2.194,2.173,2.057
ds_1,1690,1785085721.6211197,1.5270817777777779,1.4844542777777776,1.5,1.5,0.031226465810517884,2.136,2.197,2.138,2.079
ds_1,1694,1785085721.6859777,1.5216645,1.4860986666666667,1.5,1.5,0.025740971790016845,2.14,2.202,2.153,2.085
ds_1,1698,1785085721.7528267,1.5235745000000005,1.4736759999999995,1.5,1.5,0.03533709136658035,2.12,2.204,2.135,2.075
ds_1,1702,1785085721.8113887,1.5455277222222221,1.4875277222222223,1.5,1.5,0.04720520314234296,2.16,2.215,2.135,2.074
ds_1,1706,1785085721.868935,1.5089357777777777,1.4862799444444441,1.5,1.5,0.016373394545462005,2.131,2.208,2.177,2.078
ds_1,1710,1785085721.943423,1.5340030555555557,1.5099075555555552,1.5,1.5,0.03541705019055966,2.177,2.207,2.174,2.07
ds_1,1714,1785085722.0051818,1.5053578888888892,1.4740037222222218,1.5,1.5,0.02654267190101798,2.121,2.209,2.166,2.097
ds_1,1718,1785085722.0734332,1.5366737777777775,1.508418277777778,1.5,1.5,0.03762756140434342,2.174,2.193,2.154,2.079
ds_1,1722,1785085722.134385,1.5288739444444441,1.4970326111111112,1.5,1.5,0.029026023919902413,2.162,2.193,2.149,2.098
ds_1,1726,1785085722.1895807,1.5144127777777776,1.4723627777777777,1.5,1.5,0.031169604030723566,2.121,2.204,2.146,2.094
ds_1,1730,1785085722.2687294,1.5189493333333337,1.4849134999999993,1.5,1.5,0.024221472210165344,2.127,2.196,2.149,2.072
ds_1,1738,1785085722.392375,1.510571111111111,1.471583111111111,1.5,1.5,0.030319432122764365,2.107,2.193,2.139,2.085
ds_1,1742,1785085722.4535408,1.542535277777778,1.501804611111111,1.5,1.5,0.042573541982023164,2.168,2.21,2.154,2.059
ds_1,1746,1785085722.5103827,1.5356175,1.4870089999999998,1.5,1.5,0.03791269427579647,2.159,2.21,2.143,2.093
ds_1,1750,1785085722.5882232,1.536180777777778,1.4913134444444442,1.5,1.5,0.03720893613132086,2.155,2.202,2.14,2.08
ds_1,1754,1785085722.648589,1.5084488333333328,1.4712783333333337,1.5,1.5,0.029938552416667145,2.113,2.212,2.161,2.081
ds_1,1758,1785085722.7281165,1.5076788333333335,1.4960041666666668,1.5,1.5,0.008656278957432617,2.142,2.197,2.181,2.086
ds_1,1762,1785085722.7811198,1.5382106111111111,1.5128764444444442,1.5,1.5,0.04032187524180179,2.173,2.189,2.154,2.066
ds_1,1766,1785085722.8353057,1.5467033888888893,1.5034033888888887,1.5,1.5,0.0468272312830455,2.165,2.195,2.135,2.058
ds_1,1770,1785085722.9068284,1.5260604444444448,1.4828004444444436,1.5,1.5,0.03122453323831541,2.127,2.193,2.133,2.071
ds_1,1774,1785085722.9669843,1.5062495000000005,1.486634,1.5,1.5,0.014754870594146378,2.115,2.193,2.166,2.064
ds_1,1778,1785085723.0356994,1.5139448888888885,1.500804888888889,1.5,1.5,0.013968098376189276,2.143,2.199,2.181,2.063
ds_1,1782,1785085723.0971498,1.5048545000000002,1.4881066666666667,1.5,1.5,0.012845915616559967,2.124,2.196,2.173,2.077
ds_1,1786,1785085723.1539135,1.5122681666666666,1.4703148333333336,1.5,1.5,0.03212035232354829,2.112,2.199,2.141,2.09
ds_1,1790,1785085723.2316556,1.5307965555555556,1.4860945555555558,1.5,1.5,0.033790371694965814,2.135,2.194,2.132,2.07
ds_1,1794,1785085723.2917447,1.5163301666666666,1.4917821666666669,1.5,1.5,0.01828133277569094,2.134,2.183,2.149,2.084
ds_1,1798,1785085723.3596804,1.5144990555555558,1.4776515555555558,1.5,1.5,0.026639736881011036,2.113,2.193,2.142,2.074
ds_1,1802,1785085723.4167902,1.5081252777777776,1.490677277777778,1.5,1.5,0.012366619934273067,2.124,2.193,2.169,2.068
ds_1,1806,1785085723.481893,1.5142572222222221,1.5040372222222225,1.5,1.5,0.014817811875085735,2.14,2.197,2.183,2.049
ds_1,1810,1785085723.5515618,1.5211729444444442,1.4870587777777777,1.5,1.5,0.02481468938053545,2.14,2.201,2.154,2.084
ds_1,1814,1785085723.6175013,1.5147571666666664,1.4682931666666665,1.5,1.5,0.03497280726586808,2.131,2.21,2.146,2.119
ds_1,1818,1785085723.6814647,1.5229863333333336,1.4874205000000003,1.5,1.5,0.026203345976441916,2.154,2.202,2.153,2.108
ds_1,1822,1785085723.7402318,1.5275137777777779,1.4791286111111113,1.5,1.5,0.0345343718888323,2.125,2.2,2.133,2.068
ds_1,1826,1785085723.805475,1.530626277777778,1.497429611111111,1.5,1.5,0.030733951740082803,2.153,2.188,2.142,2.081
ds_1,1830,1785085723.8727627,1.532672,1.490564,1.5,1.5,0.03400731803597576,2.143,2.207,2.149,2.057
ds_1,1834,1785085723.9340758,1.5313413888888894,1.4870858888888885,1.5,1.5,0.033897742156001075,2.158,2.207,2.146,2.1
ds_1,1838,1785085724.0005004,1.5529881111111108,1.4992394444444443,1.5,1.5,0.05299356908037531,2.179,2.216,2.142,2.068
ds_1,1842,1785085724.0637727,1.5190171666666668,1.4900171666666668,1.5,1.5,0.021478118851260896,2.125,2.195,2.155,2.054
ds_1,1846,1785085724.1214795,1.5322080555555553,1.4951905555555558,1.5,1.5,0.03256515927389164,2.162,2.203,2.152,2.088
ds_1,1850,1785085724.1938133,1.527709388888889,1.4738218888888883,1.5,1.5,0.03811959776730859,2.114,2.193,2.118,2.068
ds_1,1854,1785085724.2588882,1.5168283888888887,1.4754938888888889,1.5,1.5,0.029727834673682455,2.109,2.204,2.147,2.057
ds_1,1858,1785085724.324774,1.518747611111111,1.4874364444444443,1.5,1.5,0.022568027174987675,2.138,2.206,2.163,2.077
ds_1,1862,1785085724.3817034,1.5286266666666668,1.4881013333333326,1.5,1.5,0.031001037287305626,2.151,2.199,2.143,2.095
ds_1,1866,1785085724.4398384,1.5037617777777779,1.4877531111111109,1.5,1.5,0.012811606437374654,2.132,2.194,2.172,2.098
ds_1,1870,1785085724.5141895,1.5475774444444446,1.503179611111111,1.5,1.5,0.04768357313249616,2.174,2.214,2.153,2.056
ds_1,1874,1785085724.5775213,1.5287647777777775,1.494791611111111,1.5,1.5,0.029232511958824647,2.138,2.192,2.145,2.056
ds_1,1878,1785085724.6431239,1.5456910555555554,1.486083222222222,1.5,1.5,0.047763472041895225,2.145,2.196,2.113,2.067
ds_1,1882,1785085724.7090616,1.5352970000000001,1.4881828333333331,1.5,1.5,0.03722262265112162,2.155,2.207,2.142,2.085
ds_1,1886,1785085724.7641547,1.5168847777777776,1.5009054444444447,1.5,1.5,0.016909037531654764,2.143,2.19,2.168,2.068
ds_1,1894,1785085724.8994956,1.5136474999999994,1.4703275000000002,1.5,1.5,0.0326605497886972,2.106,2.196,2.136,2.079
ds_1,1898,1785085724.964424,1.5286026111111113,1.4974347777777774,1.5,1.5,0.028717411572473785,2.147,2.196,2.153,2.063
ds_1,1902,1785085725.0269935,1.5186018888888895,1.4730423888888888,1.5,1.5,0.03275275663287739,2.115,2.201,2.138,2.077
ds_1,1906,1785085725.0839498,1.5239126111111112,1.5014427777777783,1.5,1.5,0.02395609688299181,2.153,2.19,2.159,2.077
ds_1,1910,1785085725.1574428,1.546326888888889,1.4893283888888886,1.5,1.5,0.04754012955209804,2.169,2.204,2.125,2.098
ds_1,1914,1785085725.217846,1.5118822222222223,1.4841675555555556,1.5,1.5,0.019795289894939498,2.133,2.207,2.169,2.085
ds_1,1918,1785085725.2868557,1.5318210555555551,1.4948035555555557,1.5,1.5,0.03224255901031932,2.167,2.203,2.152,2.1
ds_1,1922,1785085725.3466506,1.5054388333333326,1.4800580000000003,1.5,1.5,0.020670371840577937,2.109,2.193,2.158,2.072
ds_1,1926,1785085725.4048216,1.534694222222222,1.483538722222222,1.5,1.5,0.03840133749860916,2.142,2.197,2.126,2.083
ds_1,1930,1785085725.4815826,1.5354602777777775,1.502048944444444,1.5,1.5,0.03551942388909987,2.167,2.202,2.156,2.075
ds_1,1934,1785085725.543043,1.5338978888888892,1.4939037222222218,1.5,1.5,0.03444171125056524,2.163,2.209,2.154,2.085
ds_1,1938,1785085725.6082213,1.5191848333333333,1.4807156666666663,1.5,1.5,0.027201899605338257,2.121,2.204,2.151,2.063
ds_2,42053,1785085906.6520026,1.5392981666666665,1.500970333333333,1.5,1.5,0.03931014436680279,2.147,2.196,2.143,2.037
ds_2,42057,1785085906.715435,1.5306951111111111,1.479571777777778,1.5,1.5,0.03687142673241632,2.152,2.226,2.156,2.09
ds_2,42061,1785085906.77444,1.5221929999999997,1.5113454999999998,1.5,1.5,0.024924879523279167,2.159,2.177,2.162,2.077
ds_2,42065,1785085906.8390927,1.5085591666666662,1.4671866666666673,1.5,1.5,0.03391126919583183,2.12,2.206,2.149,2.113
ds_2,42069,1785085906.908415,1.5011750555555552,1.4853057222222226,1.5,1.5,0.014741185670397235,2.112,2.175,2.153,2.088
ds_2,42073,1785085906.9681695,1.5198211666666661,1.5032036666666673,1.5,1.5,0.020078399541269987,2.134,2.179,2.156,2.05
ds_2,42077,1785085907.0380013,1.5421416111111113,1.483821611111111,1.5,1.5,0.045140399356676714,2.151,2.227,2.147,2.058
ds_2,42081,1785085907.0933204,1.5462209444444448,1.4855617777777776,1.5,1.5,0.04842352699127489,2.168,2.234,2.151,2.075
ds_2,42085,1785085907.162208,1.522401944444444,1.5122846111111117,1.5,1.5,0.025549144507071235,2.158,2.175,2.161,2.074
ds_2,42089,1785085907.2232811,1.5289279444444452,1.4882346111111107,1.5,1.5,0.0312289984707757,2.156,2.208,2.152,2.095
ds_2,42093,1785085907.2928162,1.5182806111111113,1.5003014444444442,1.5,1.5,0.018283096328269285,2.149,2.17,2.145,2.101
ds_2,42097,1785085907.3591263,1.5053129999999997,1.4799088333333332,1.5,1.5,0.02078179364318149,2.127,2.195,2.16,2.107
ds_2,42101,1785085907.4132433,1.5327249444444446,1.4722871111111107,1.5,1.5,0.04288270280031231,2.134,2.226,2.143,2.071
ds_2,42105,1785085907.486047,1.548673333333334,1.494628666666666,1.5,1.5,0.04896881251935388,2.172,2.228,2.154,2.06
ds_2,42113,1785085907.612823,1.5230148333333335,1.4992823333333332,1.5,1.5,0.023026020038329795,2.149,2.174,2.141,2.093
ds_2,42117,1785085907.6793919,1.5272402777777785,1.5004831111111105,1.5,1.5,0.027244561471167248,2.152,2.188,2.151,2.075
ds_2,42121,1785085907.735116,1.5290471111111112,1.5095396111111106,1.5,1.5,0.030573499048235656,2.17,2.181,2.154,2.091
ds_2,42125,1785085907.8059115,1.5356532222222226,1.477093222222222,1.5,1.5,0.04237773853083351,2.163,2.236,2.156,2.102
ds_2,42129,1785085907.8764782,1.5469716666666666,1.4850491666666668,1.5,1.5,0.049293659701888135,2.17,2.228,2.143,2.086
ds_2,42133,1785085907.9346032,1.5197817777777776,1.5016609444444444,1.5,1.5,0.019851384548612853,2.146,2.187,2.162,2.071
ds_2,42137,1785085908.0010424,1.514051277777778,1.4878312777777776,1.5,1.5,0.018588066271398047,2.142,2.203,2.167,2.094
ds_2,42141,1785085908.0582561,1.5208285555555558,1.5143140555555554,1.5,1.5,0.025272928460675144,2.166,2.176,2.167,2.086
ds_2,42145,1785085908.1317682,1.5265528333333334,1.4880129999999998,1.5,1.5,0.029133161981284898,2.127,2.208,2.155,2.039
ds_2,42149,1785085908.1941447,1.536711222222222,1.4683105555555558,1.5,1.5,0.04849674964620696,2.127,2.23,2.136,2.058
ds_2,42153,1785085908.26067,1.5190844444444447,1.4849702777777776,1.5,1.5,0.024292150374766376,2.14,2.201,2.154,2.093
ds_2,42157,1785085908.3197181,1.5285106111111115,1.4738481111111108,1.5,1.5,0.038688192493134675,2.139,2.224,2.149,2.085
ds_2,42161,1785085908.3782034,1.516195,1.484471,1.5,1.5,0.022437198265380546,2.132,2.185,2.141,2.099
ds_2,42165,1785085908.449356,1.522020611111111,1.4910534444444448,1.5,1.5,0.023768638371085133,2.135,2.182,2.139,2.081
ds_2,42169,1785085908.5167804,1.530176,1.4712485000000002,1.5,1.5,0.041680207871962305,2.136,2.223,2.142,2.085
ds_2,42173,1785085908.5767074,1.5312569444444448,1.4964249444444442,1.5,1.5,0.031460731050444786,2.139,2.201,2.153,2.04
ds_2,42177,1785085908.6447494,1.5252847222222226,1.4727007222222221,1.5,1.5,0.03720978023374004,2.145,2.227,2.155,2.102
ds_2,42181,1785085908.6992376,1.517048111111111,1.491818944444444,1.5,1.5,0.018909462246713322,2.134,2.18,2.145,2.086
ds_2,42185,1785085908.7707238,1.5214372777777776,1.4664747777777771,1.5,1.5,0.03979318287811398,2.127,2.236,2.161,2.079
ds_2,42189,1785085908.8363073,1.5187667222222223,1.4978818888888892,1.5,1.5,0.01888587455335505,2.148,2.175,2.146,2.1
ds_2,42193,1785085908.8978164,1.535095222222222,1.5040707222222225,1.5,1.5,0.035330516586056945,2.16,2.186,2.143,2.072
ds_2,42197,1785085908.9648075,1.5094588333333332,1.473778666666666,1.5,1.5,0.027875219278161615,2.131,2.209,2.16,2.112
ds_2,42201,1785085909.0202582,1.5241550000000006,1.4835549999999995,1.5,1.5,0.0292216024543495,2.128,2.203,2.147,2.063
ds_2,42205,1785085909.0926833,1.5299474999999998,1.4773395000000002,1.5,1.5,0.037554640412337546,2.146,2.228,2.156,2.083
ds_2,42209,1785085909.1618605,1.5446653888888893,1.5323658888888885,1.5,1.5,0.055159294123144714,2.202,2.179,2.162,2.072
ds_2,42213,1785085909.2208343,1.5182026666666668,1.4853901666666665,1.5,1.5,0.023340614897760664,2.149,2.21,2.165,2.102
ds_2,42217,1785085909.2925959,1.527053,1.4863223333333329,1.5,1.5,0.030314078815699762,2.139,2.21,2.154,2.066
ds_2,42221,1785085909.3460722,1.5218586111111114,1.5030866111111114,1.5,1.5,0.02207546257404452,2.142,2.179,2.153,2.064
ds_2,42225,1785085909.4217885,1.5119621111111112,1.4779262777777777,1.5,1.5,0.025106599032493418,2.122,2.196,2.149,2.092
ds_2,42229,1785085909.4886756,1.5325478888888895,1.4786758888888882,1.5,1.5,0.038911216709356905,2.148,2.221,2.147,2.087
ds_2,42233,1785085909.547657,1.5233990555555554,1.5125615555555563,1.5,1.5,0.026557644452535625,2.161,2.175,2.16,2.078
ds_2,42237,1785085909.630032,1.5312560555555554,1.4863473888888885,1.5,1.5,0.03410769413260317,2.151,2.204,2.142,2.091
ds_2,42241,1785085909.6663666,1.5331552777777775,1.4894752777777778,1.5,1.5,0.03478566116054896,2.156,2.214,2.154,2.079
ds_2,42245,1785085909.7370064,1.5230092222222222,1.4660172222222223,1.5,1.5,0.04103965756150296,2.118,2.231,2.153,2.065
ds_2,42249,1785085909.8115966,1.550003888888889,1.4887678888888887,1.5,1.5,0.05124987047812612,2.162,2.229,2.145,2.053
ds_2,42253,1785085909.8683705,1.5340330000000002,1.4970155,1.5,1.5,0.034163611185734064,2.149,2.203,2.152,2.053
ds_2,42257,1785085909.932589,1.516757,1.4784468333333334,1.5,1.5,0.027300843253663543,2.133,2.195,2.142,2.107
ds_2,42261,1785085909.9930353,1.5204044444444444,1.4987444444444444,1.5,1.5,0.020443037270413276,2.149,2.181,2.151,2.091
ds_2,42265,1785085910.0594592,1.5150435555555555,1.490540888888889,1.5,1.5,0.017770293941447034,2.121,2.179,2.145,2.067
ds_2,42269,1785085910.1343262,1.5425383333333327,1.4981608333333332,1.5,1.5,0.04257807342759299,2.155,2.213,2.152,2.039
ds_2,42277,1785085910.2595375,1.5204521111111113,1.4951412777777777,1.5,1.5,0.02102132323461015,2.149,2.187,2.152,2.095
ds_2,42281,1785085910.3095589,1.5139126111111105,1.4893192777777775,1.5,1.5,0.017539628705228443,2.126,2.187,2.153,2.074
ds_2,42285,1785085910.3801327,1.523609277777777,1.4873426111111114,1.5,1.5,0.02678819685370395,2.146,2.201,2.151,2.092
ds_2,42289,1785085910.4528983,1.5403064999999996,1.4774978333333333,1.5,1.5,0.04616233797095217,2.145,2.234,2.148,2.059
ds_2,42293,1785085910.5091932,1.5268185555555558,1.4831785555555554,1.5,1.5,0.03165747803101136,2.151,2.212,2.152,2.098
ds_2,42297,1785085910.578505,1.5142147777777775,1.4551252777777781,1.5,1.5,0.047072291231606424,2.111,2.229,2.148,2.097
ds_2,42301,1785085910.641789,1.5168449444444445,1.495844111111111,1.5,1.5,0.017350030714474645,2.146,2.187,2.158,2.092
ds_2,42305,1785085910.7019632,1.5315311111111114,1.4754622777777777,1.5,1.5,0.03995385813355443,2.138,2.223,2.146,2.075
ds_2,42309,1785085910.7665286,1.5081107777777778,1.4842352777777776,1.5,1.5,0.01772882350592745,2.127,2.187,2.154,2.099
ds_2,42313,1785085910.8290431,1.533708277777778,1.4947202777777773,1.5,1.5,0.03411925347201594,2.139,2.193,2.139,2.05
ds_2,42317,1785085910.8950574,1.5308834999999996,1.472118,1.5,1.5,0.04160764949201017,2.139,2.217,2.136,2.094
ds_2,42321,1785085910.9635177,1.5369699444444442,1.4854357777777778,1.5,1.5,0.03973529112971949,2.153,2.213,2.142,2.08
ds_2,42325,1785085911.0246828,1.5422248333333333,1.5046808333333332,1.5,1.5,0.04248348797735675,2.176,2.192,2.14,2.087
ds_2,42329,1785085911.088402,1.5366265000000001,1.481864,1.5,1.5,0.0408707107627211,2.156,2.228,2.153,2.081
ds_2,42333,1785085911.1522338,1.556748111111111,1.5059514444444444,1.5,1.5,0.05705933583257264,2.185,2.212,2.142,2.06
ds_2,42337,1785085911.2173028,1.5161404444444446,1.491513111111111,1.5,1.5,0.01823571303449771,2.14,2.19,2.156,2.09
ds_2,42341,1785085911.2774982,1.5219932222222219,1.484085222222222,1.5,1.5,0.027147411947220482,2.146,2.213,2.161,2.091
ds_2,42345,1785085911.339136,1.518017444444444,1.5000132777777777,1.5,1.5,0.018017449336907035,2.147,2.173,2.148,2.095
ds_2,42349,1785085911.4082947,1.5424717777777779,1.4926051111111114,1.5,1.5,0.04311074447610428,2.168,2.234,2.166,2.06
ds_2,42353,1785085911.472736,1.5272712222222218,1.4858417222222224,1.5,1.5,0.030727453378477577,2.153,2.209,2.152,2.097
ds_2,42357,1785085911.5384479,1.530408166666667,1.5008129999999997,1.5,1.5,0.030419033006126143,2.145,2.186,2.145,2.057
ds_2,42361,1785085911.591679,1.5581357777777776,1.489086611111111,1.5,1.5,0.05915125285965854,2.189,2.228,2.133,2.098
ds_2,42365,1785085911.661315,1.538440888888889,1.4838533888888892,1.5,1.5,0.04169430403474022,2.142,2.221,2.146,2.051
ds_2,42369,1785085911.7308316,1.5298832777777773,1.4917321111111115,1.5,1.5,0.031005939389459024,2.129,2.186,2.133,2.051
ds_2,42373,1785085911.7900443,1.521583722222222,1.4948142222222223,1.5,1.5,0.02219795837743936,2.145,2.189,2.152,2.084
ds_2,42377,1785085911.8576217,1.5299487777777776,1.4936821111111112,1.5,1.5,0.030607923980483398,2.152,2.201,2.151,2.077
ds_2,42381,1785085911.911177,1.5548585000000004,1.5017266666666664,1.5,1.5,0.05488566661732202,2.19,2.22,2.147,2.077
ds_2,42385,1785085911.9839444,1.5403573333333336,1.4866333333333333,1.5,1.5,0.04251331710835533,2.147,2.215,2.141,2.057
ds_2,42389,1785085912.0525126,1.5176225555555556,1.4872985555555553,1.5,1.5,0.02172282567448252,2.138,2.187,2.145,2.099
ds_2,42393,1785085912.1160707,1.5256283888888893,1.469431222222222,1.5,1.5,0.03989065669887263,2.127,2.228,2.151,2.073
ds_2,42397,1785085912.1845984,1.5277552222222228,1.4937663888888884,1.5,1.5,0.028446621382679983,2.133,2.193,2.146,2.049
ds_2,42405,1785085912.3050873,1.5116017222222224,1.4885297222222218,1.5,1.5,0.01631463241452294,2.126,2.179,2.147,2.088
ds_2,42409,1785085912.3735733,1.522793833333333,1.5112524999999999,1.5,1.5,0.025420023490897156,2.151,2.172,2.156,2.065
ds_2,42413,1785085912.441073,1.5329496666666669,1.4853805,1.5,1.5,0.036047334349358744,2.154,2.228,2.163,2.072
ds_2,42417,1785085912.5065641,1.5443536666666666,1.4962176666666664,1.5,1.5,0.044514646940329874,2.17,2.221,2.155,2.065
ds_2,42421,1785085912.5555015,1.528031333333333,1.4902793333333333,1.5,1.5,0.02966895699024277,2.146,2.204,2.152,2.074
ds_2,42425,1785085912.6260562,1.532697666666667,1.4924284999999997,1.5,1.5,0.033562851751519386,2.152,2.224,2.169,2.052
ds_2,42429,1785085912.7052045,1.5407164444444446,1.4809111111111108,1.5,1.5,0.04496903965185265,2.159,2.229,2.147,2.083
ds_2,42433,1785085912.7591245,1.5357449444444444,1.4937722777777775,1.5,1.5,0.03628340636452953,2.147,2.2,2.142,2.059
ds_2,42437,1785085912.8259096,1.5183457777777778,1.4930816111111112,1.5,1.5,0.019606929058103573,2.128,2.183,2.148,2.065
ds_2,42441,1785085912.8845344,1.5249266666666665,1.475445333333333,1.5,1.5,0.03498957510776931,2.139,2.217,2.149,2.093
ds_2,42445,1785085912.9513457,1.5289694999999999,1.4817903333333335,1.5,1.5,0.034217303961023814,2.151,2.21,2.145,2.101
ds_2,42449,1785085913.0163832,1.5091817222222221,1.4918377222222226,1.5,1.5,0.012285226961177695,2.128,2.18,2.156,2.085
ds_2,42453,1785085913.0835595,1.5275848333333337,1.4809075000000003,1.5,1.5,0.03354767631711307,2.152,2.22,2.156,2.097
ds_2,42457,1785085913.1532621,1.530037000000001,1.4752494999999994,1.5,1.5,0.038920542381242415,2.133,2.229,2.154,2.061
ds_2,42461,1785085913.2013795,1.53068,1.4988973333333335,1.5,1.5,0.030699809018588046,2.145,2.189,2.145,2.059
ds_2,42465,1785085913.2777796,1.5293736111111111,1.514866944444445,1.5,1.5,0.032921650426748106,2.161,2.186,2.166,2.051
ds_2,42469,1785085913.3407454,1.5305528333333331,1.4728433333333335,1.5,1.5,0.04087737967554755,2.149,2.231,2.152,2.098
ds_2,42473,1785085913.4089813,1.5404622222222222,1.4831213888888888,1.5,1.5,0.04384152073321154,2.148,2.217,2.138,2.067
ds_2,42481,1785085913.5196896,1.5211691666666665,1.4923825000000004,1.5,1.5,0.022497998213421043,2.145,2.179,2.139,2.102
ds_2,42485,1785085913.5946217,1.538677,1.5032254999999999,1.5,1.5,0.038811263561626085,2.153,2.195,2.146,2.045
ds_2,42493,1785085913.72896,1.5151632222222224,1.495646722222222,1.5,1.5,0.015775751505744368,2.142,2.182,2.155,2.092
ds_2,42497,1785085913.7909818,1.5378939444444446,1.4871439444444439,1.5,1.5,0.040015361925218165,2.154,2.21,2.14,2.079
ds_2,42501,1785085913.8479776,1.5348860555555557,1.4771765555555558,1.5,1.5,0.04168868537785699,2.16,2.231,2.152,2.102
ds_2,42505,1785085913.9235752,1.5267535555555554,1.5137515555555556,1.5,1.5,0.03008085795089163,2.154,2.176,2.158,2.054
ds_2,42513,1785085914.0499828,1.5337508333333336,1.473202333333333,1.5,1.5,0.04309563422752073,2.141,2.23,2.147,2.077
ds_2,42517,1785085914.1276236,1.5129395,1.4999315,1.5,1.5,0.012939681313695585,2.14,2.177,2.159,2.084
ds_2,42521,1785085914.1765823,1.5252857777777777,1.478715111111111,1.5,1.5,0.03305173297785624,2.135,2.215,2.151,2.077
ds_2,42525,1785085914.2498538,1.5309396666666666,1.4879581666666661,1.5,1.5,0.03320043257959496,2.149,2.215,2.156,2.071
ds_2,42529,1785085914.3074749,1.5350491666666666,1.5076638333333339,1.5,1.5,0.03587726892321781,2.173,2.181,2.143,2.094
ds_2,42533,1785085914.3708825,1.523309277777778,1.467930611111111,1.5,1.5,0.039645531075121296,2.128,2.224,2.148,2.087
ds_2,42537,1785085914.4380379,1.5301876666666665,1.509235166666667,1.5,1.5,0.03156871112571569,2.156,2.182,2.153,2.06
ds_2,42541,1785085914.486971,1.5311711111111115,1.4772497777777778,1.5,1.5,0.0385902938452372,2.149,2.223,2.149,2.093
ds_2,42545,1785085914.5702467,1.5198802777777778,1.479886111111111,1.5,1.5,0.028280628896051395,2.14,2.209,2.154,2.098
ds_2,42549,1785085914.6336195,1.5118947777777774,1.4915854444444447,1.5,1.5,0.014570191610964905,2.143,2.19,2.162,2.102
ds_2,42553,1785085914.694828,1.5166679444444446,1.4699052777777777,1.5,1.5,0.03440221908010898,2.132,2.224,2.16,2.099
ds_2,42557,1785085914.7647426,1.5124958888888882,1.480610555555556,1.5,1.5,0.023067245067142726,2.139,2.196,2.152,2.118
ds_2,42561,1785085914.8177292,1.5197589444444446,1.4856447777777775,1.5,1.5,0.024423109765303007,2.138,2.201,2.154,2.086
ds_2,42565,1785085914.8942227,1.5391716666666668,1.4772774999999998,1.5,1.5,0.045285002767963545,2.147,2.227,2.142,2.073
ds_2,42569,1785085914.9642127,1.5374263888888884,1.4783098888888893,1.5,1.5,0.043257317361050464,2.143,2.23,2.149,2.061
ds_2,42573,1785085915.0098982,1.5453968333333337,1.5090134999999996,1.5,1.5,0.046282995354065694,2.196,2.208,2.158,2.095
ds_2,42577,1785085915.0786095,1.5250293333333331,1.474670833333333,1.5,1.5,0.03560946799853796,2.147,2.224,2.155,2.104
ds_2,42581,1785085915.1354,1.5156555555555555,1.485415555555555,1.5,1.5,0.02139631836335838,2.125,2.181,2.139,2.087
ds_2,42585,1785085915.2051926,1.5147608333333336,1.4945821666666668,1.5,1.5,0.015723711989292722,2.124,2.176,2.148,2.065
ds_2,42593,1785085915.3387468,1.5214999999999994,1.4821520000000001,1.5,1.5,0.027942818469151778,2.141,2.213,2.159,2.087
ds_2,42601,1785085915.4648745,1.519588333333333,1.506568333333334,1.5,1.5,0.020660246986799417,2.14,2.179,2.161,2.053
ds_2,42609,1785085915.5970762,1.5280516666666661,1.4984975,1.5,1.5,0.028091876210530123,2.155,2.183,2.142,2.091
ds_2,42613,1785085915.658292,1.531753333333333,1.4733266666666667,1.5,1.5,0.04146975872716011,2.151,2.231,2.151,2.099
ds_2,42617,1785085915.720827,1.5321342222222218,1.4911982222222229,1.5,1.5,0.033317856021606605,2.145,2.221,2.165,2.045
ds_2,42621,1785085915.776758,1.5449257777777778,1.489572444444444,1.5,1.5,0.04612005446443535,2.167,2.223,2.147,2.075
ds_2,42625,1785085915.8458524,1.544022777777777,1.4997266111111114,1.5,1.5,0.04402362666519094,2.159,2.209,2.148,2.045
ds_2,42629,1785085915.9164605,1.526166333333333,1.4906821666666665,1.5,1.5,0.027775871149954553,2.147,2.197,2.148,2.085
ds_2,42633,1785085915.9762924,1.536002,1.4754535000000002,1.5,1.5,0.043573784162613156,2.153,2.23,2.147,2.092
ds_2,42637,1785085916.0476758,1.5450065000000002,1.4845133333333336,1.5,1.5,0.04759644825713839,2.154,2.228,2.145,2.057
ds_2,42641,1785085916.0985322,1.5052574999999997,1.5008975000000002,1.5,1.5,0.005333555333921001,2.14,2.183,2.177,2.086
ds_2,42645,1785085916.171254,1.523881666666667,1.483263,1.5,1.5,0.029162667432486262,2.143,2.204,2.148,2.094
ds_2,42649,1785085916.2359655,1.518578,1.4845735,1.5,1.5,0.02414785676307526,2.135,2.194,2.147,2.092
ds_2,42653,1785085916.2973576,1.5238875,1.4670775,1.5,1.5,0.0406755904997088,2.14,2.224,2.146,2.113
ds_2,42657,1785085916.3636434,1.5361483333333332,1.492628333333333,1.5,1.5,0.03689232267318255,2.155,2.206,2.146,2.072
ds_2,42661,1785085916.4197655,1.521691444444444,1.5086234444444453,1.5,1.5,0.02334271955391738,2.158,2.187,2.169,2.073
ds_2,42665,1785085916.4903307,1.5259274999999999,1.4918289999999998,1.5,1.5,0.027184563583953235,2.149,2.2,2.153,2.083
ds_2,42669,1785085916.558814,1.5261492777777776,1.4821892777777774,1.5,1.5,0.03163868762095781,2.154,2.228,2.168,2.091
ds_2,42673,1785085916.619625,1.5349913333333334,1.4823833333333332,1.5,1.5,0.039175762314074984,2.158,2.228,2.156,2.086
ds_2,42677,1785085916.6857557,1.5313546666666666,1.484218833333333,1.5,1.5,0.03510214157482271,2.139,2.208,2.143,2.068
ds_2,42681,1785085916.7496629,1.536328333333333,1.4964258333333331,1.5,1.5,0.03650373227683536,2.146,2.204,2.149,2.044
ds_2,42685,1785085916.8311362,1.5192586666666665,1.4738333333333329,1.5,1.5,0.032489855127750884,2.139,2.229,2.167,2.093
ds_2,42689,1785085916.8849459,1.5082229444444442,1.4829937777777782,1.5,1.5,0.01888990231864649,2.104,2.18,2.145,2.063
ds_2,42693,1785085916.9567208,1.5153289999999997,1.4768245,1.5,1.5,0.027786364304276865,2.128,2.206,2.153,2.092
ds_2,42697,1785085917.017651,1.5268971666666673,1.4972746666666663,1.5,1.5,0.027034885175865987,2.156,2.188,2.147,2.093
ds_2,42701,1785085917.0651555,1.5329783333333333,1.469656833333333,1.5,1.5,0.04481381743174276,2.131,2.227,2.14,2.071
ds_2,42705,1785085917.1328182,1.5163745555555552,1.504795888888889,1.5,1.5,0.017062432999913404,2.142,2.179,2.163,2.067
ds_2,42709,1785085917.2042704,1.5067264999999999,1.4609990000000004,1.5,1.5,0.03957680890685817,2.104,2.209,2.146,2.098
ds_2,42717,1785085917.3284545,1.5243909444444448,1.484970944444444,1.5,1.5,0.028649444702890443,2.135,2.217,2.163,2.058
ds_2,42721,1785085917.3847177,1.5212463888888883,1.4805157222222227,1.5,1.5,0.028827870565469482,2.136,2.21,2.154,2.085
ds_2,42725,1785085917.4565413,1.512703055555556,1.4885965555555551,1.5,1.5,0.017070622883922075,2.119,2.208,2.175,2.041
ds_2,42729,1785085917.520576,1.5229311111111108,1.485109777777778,1.5,1.5,0.02734144426721572,2.146,2.208,2.156,2.092
ds_2,42733,1785085917.5881264,1.5254388888888888,1.4793963888888888,1.5,1.5,0.03273600248532393,2.149,2.224,2.161,2.094
ds_2,42737,1785085917.6515138,1.5215807222222228,1.499255555555555,1.5,1.5,0.02159355851089876,2.148,2.176,2.145,2.091
ds_2,42741,1785085917.7118325,1.5286228333333332,1.4843063333333333,1.5,1.5,0.032642882248236194,2.131,2.21,2.149,2.053
ds_2,42745,1785085917.7777975,1.5169309999999996,1.4708885000000003,1.5,1.5,0.03367696829065779,2.138,2.224,2.161,2.108
ds_2,42749,1785085917.8446577,1.5356608333333335,1.5024488333333332,1.5,1.5,0.035744815270500864,2.152,2.189,2.143,2.056
ds_2,42753,1785085917.9080045,1.5391207777777778,1.477968777777778,1.5,1.5,0.04489777284613575,2.145,2.226,2.142,2.068
ds_2,42757,1785085917.9724765,1.5228002777777776,1.4960431111111112,1.5,1.5,0.02314108114204759,2.134,2.188,2.151,2.057
ds_2,42761,1785085918.0268652,1.514038166666666,1.4873920000000005,1.5,1.5,0.018868804608694226,2.133,2.179,2.142,2.102
ds_2,42765,1785085918.0967078,1.516715055555556,1.5001205555555552,1.5,1.5,0.016715490296946054,2.139,2.176,2.153,2.077
ds_2,42769,1785085918.1655085,1.5227092222222223,1.4879412222222221,1.5,1.5,0.025712310192437065,2.132,2.197,2.149,2.067
ds_2,42773,1785085918.229849,1.5314704999999993,1.4926085000000004,1.5,1.5,0.03232687183288771,2.141,2.186,2.132,2.071
ds_2,42777,1785085918.3023186,1.5212776111111113,1.481301777777778,1.5,1.5,0.02832596421778585,2.14,2.208,2.153,2.093
ds_2,42781,1785085918.3512273,1.5261338888888887,1.4932763888888896,1.5,1.5,0.026984942001609464,2.153,2.213,2.168,2.073
ds_2,42785,1785085918.4183946,1.5264095,1.4777116666666668,1.5,1.5,0.03455765462278614,2.129,2.214,2.147,2.067
ds_2,42789,1785085918.486938,1.5331653888888892,1.4806533888888886,1.5,1.5,0.03839575994346033,2.145,2.224,2.152,2.071
ds_2,42793,1785085918.5497704,1.5067453333333336,1.4770271666666668,1.5,1.5,0.023942652174286944,2.118,2.195,2.154,2.095
ds_2,42797,1785085918.6142368,1.5135025000000004,1.4961024999999994,1.5,1.5,0.014053754391621322,2.145,2.187,2.163,2.094
ds_2,42801,1785085918.6701477,1.5154511666666666,1.4916306666666663,1.5,1.5,0.01757225915485992,2.14,2.182,2.149,2.099
ds_2,42805,1785085918.7392337,1.5243810555555553,1.4959175555555553,1.5,1.5,0.024720481844920605,2.151,2.209,2.17,2.068
ds_2,42809,1785085918.809595,1.534382222222222,1.4840467222222227,1.5,1.5,0.037903090596852214,2.152,2.223,2.154,2.075
ds_2,42813,1785085918.8697224,1.520714333333333,1.4796850000000004,1.5,1.5,0.029013493937208222,2.153,2.226,2.17,2.106
ds_2,42817,1785085918.936251,1.5176961666666668,1.4936666666666667,1.5,1.5,0.01879535649583592,2.141,2.201,2.168,2.072
ds_2,42821,1785085918.9894238,1.5291918333333336,1.5003118333333332,1.5,1.5,0.02919349882060913,2.155,2.186,2.146,2.081
ds_2,42825,1785085919.060019,1.5276141666666667,1.4979916666666664,1.5,1.5,0.027687101752841992,2.143,2.188,2.147,2.063
ds_2,42829,1785085919.132012,1.5365755,1.4807633333333337,1.5,1.5,0.04132573707381925,2.153,2.213,2.136,2.094
ds_2,42833,1785085919.188796,1.543440333333333,1.487985666666667,1.5,1.5,0.04507113006743367,2.162,2.227,2.151,2.067
ds_2,42837,1785085919.2588634,1.552799555555555,1.489420055555556,1.5,1.5,0.05384912526041306,2.162,2.229,2.142,2.047
ds_2,42841,1785085919.3123608,1.5401216666666662,1.4820150000000003,1.5,1.5,0.043968265386651995,2.154,2.219,2.139,2.081
ds_2,42845,1785085919.3894,1.5270472222222224,1.5011512222222216,1.5,1.5,0.027071711112214916,2.153,2.176,2.14,2.088
ds_2,42849,1785085919.4531896,1.543265111111111,1.4864031111111111,1.5,1.5,0.04535135308801247,2.152,2.226,2.148,2.052
ds_2,42853,1785085919.5103679,1.5251736111111112,1.473379111111111,1.5,1.5,0.03663853738358062,2.136,2.224,2.153,2.085
ds_2,42857,1785085919.578808,1.528274388888889,1.4848343888888889,1.5,1.5,0.032084837967700376,2.138,2.202,2.142,2.075
ds_2,42861,1785085919.6321518,1.5036556666666672,1.4601356666666663,1.5,1.5,0.04003159965438458,2.099,2.206,2.146,2.098
ds_2,42865,1785085919.705537,1.5416080555555558,1.4851100555555554,1.5,1.5,0.044192089028160506,2.149,2.212,2.134,2.067
ds_2,42869,1785085919.7703161,1.5383565555555558,1.4764340555555553,1.5,1.5,0.04501754204357559,2.154,2.228,2.143,2.09
ds_2,42873,1785085919.831584,1.5140145000000003,1.4772811666666665,1.5,1.5,0.026693662136877943,2.127,2.229,2.179,2.066
ds_2,42877,1785085919.8999872,1.5315596111111112,1.5041869444444442,1.5,1.5,0.03183613602913258,2.159,2.18,2.142,2.081
ds_2,42881,1785085919.9540768,1.541921166666667,1.4850331666666667,1.5,1.5,0.04451281068099664,2.143,2.227,2.149,2.038
ds_2,42885,1785085920.0289788,1.5227011666666668,1.4959440000000002,1.5,1.5,0.023060661396147798,2.16,2.188,2.151,2.111
ds_2,42889,1785085920.0914884,1.5081502222222227,1.4842967222222216,1.5,1.5,0.017692344537615153,2.134,2.185,2.152,2.115
ds_2,42893,1785085920.1544964,1.5450228333333333,1.4790933333333334,1.5,1.5,0.0496401473856819,2.149,2.219,2.128,2.072
ds_2,42897,1785085920.2218273,1.5329688888888886,1.5016863888888885,1.5,1.5,0.033011990882896615,2.151,2.204,2.161,2.044
ds_2,42901,1785085920.2768095,1.5245004999999998,1.4885338333333331,1.5,1.5,0.02705083137867991,2.143,2.183,2.133,2.1
ds_2,42905,1785085920.349444,1.5115085555555556,1.4790410555555558,1.5,1.5,0.023910754969272936,2.129,2.187,2.142,2.113
ds_2,42909,1785085920.4135962,1.5569115555555557,1.502324055555556,1.5,1.5,0.05695898866709639,2.188,2.221,2.146,2.067
ds_2,42913,1785085920.475121,1.5289322777777778,1.4978791111111112,1.5,1.5,0.02900990980836566,2.138,2.188,2.145,2.051
ds_2,42917,1785085920.5445812,1.5369661666666672,1.480234166666666,1.5,1.5,0.04191879823407335,2.146,2.221,2.143,2.072
ds_2,42921,1785085920.6023767,1.5161493333333331,1.4890961666666664,1.5,1.5,0.019485752448191996,2.145,2.212,2.175,2.084
ds_2,42925,1785085920.6750128,1.524537388888889,1.4852073888888884,1.5,1.5,0.02865143621128183,2.143,2.212,2.158,2.079
ds_2,42929,1785085920.7364783,1.5389608888888884,1.500562388888889,1.5,1.5,0.03896494763597985,2.163,2.2,2.147,2.068
ds_2,42933,1785085920.796885,1.528208111111111,1.4793539444444446,1.5,1.5,0.03495650357887448,2.143,2.221,2.154,2.081
ds_2,42937,1785085920.8637552,1.5102452222222218,1.4896558888888893,1.5,1.5,0.014559025141186838,2.139,2.22,2.192,2.07
ds_2,42941,1785085920.9188206,1.5199630555555552,1.5033992222222223,1.5,1.5,0.020250390090816382,2.139,2.172,2.149,2.067
ds_2,42945,1785085920.9889157,1.5153562777777776,1.4959027777777782,1.5,1.5,0.0158934734128992,2.136,2.175,2.148,2.086
ds_2,42949,1785085921.0569391,1.525840833333333,1.5027581666666667,1.5,1.5,0.025987615333504726,2.154,2.18,2.148,2.083
ds_2,42953,1785085921.1196992,1.5261551666666666,1.497261833333333,1.5,1.5,0.02629810449548703,2.139,2.187,2.147,2.06
ds_2,42957,1785085921.1865616,1.5256749999999997,1.4808489999999999,1.5,1.5,0.03203071066960564,2.131,2.2,2.138,2.078
ds_2,42961,1785085921.2399535,1.5189116666666669,1.4950251666666663,1.5,1.5,0.01955505312714766,2.14,2.188,2.155,2.078
ds_2,42965,1785085921.3124907,1.510560722222222,1.497570722222222,1.5,1.5,0.010836523629676523,2.133,2.174,2.156,2.083
ds_2,42969,1785085921.386014,1.53091,1.5028235000000003,1.5,1.5,0.031038689602655607,2.161,2.18,2.141,2.09
ds_2,42973,1785085921.4429305,1.530978888888889,1.5048428888888885,1.5,1.5,0.03135514518512461,2.17,2.196,2.16,2.086
ds_2,42977,1785085921.50849,1.500425,1.4844163333333336,1.5,1.5,0.015589460920050143,2.121,2.194,2.172,2.09
ds_2,42981,1785085921.5662196,1.5125666666666666,1.5132938333333332,1.5,1.5,0.018293362616138988,2.158,2.181,2.182,2.079
ds_2,42985,1785085921.6349447,1.536362611111111,1.4851361111111108,1.5,1.5,0.039283262080931386,2.145,2.2,2.129,2.079
ds_2,42989,1785085921.7082691,1.5189043888888893,1.4831098888888885,1.5,1.5,0.025350577362420267,2.145,2.216,2.167,2.093
ds_2,42993,1785085921.769448,1.5320004444444444,1.4819869444444445,1.5,1.5,0.0367219091972286,2.148,2.209,2.14,2.091
ds_2,42997,1785085921.8348045,1.5292661111111105,1.4759882777777782,1.5,1.5,0.037855885455831156,2.146,2.226,2.153,2.09
ds_2,43001,1785085921.8815925,1.5119521111111114,1.505341611111111,1.5,1.5,0.01309143877786921,2.154,2.208,2.199,2.066
ds_2,43005,1785085921.9552789,1.5167168333333338,1.5065388333333334,1.5,1.5,0.017950177103738373,2.156,2.188,2.174,2.081
ds_2,43009,1785085922.0227423,1.5104888888888885,1.4908823888888894,1.5,1.5,0.013897756023793839,2.145,2.192,2.165,2.108
ds_2,43013,1785085922.084551,1.5204365000000002,1.5029404999999998,1.5,1.5,0.020646962791171165,2.151,2.199,2.175,2.064
ds_2,43017,1785085922.1510997,1.5172110000000005,1.4835236666666662,1.5,1.5,0.02382620576405617,2.145,2.22,2.174,2.09
ds_2,43025,1785085922.277237,1.5146986666666666,1.4886946666666663,1.5,1.5,0.01854349922629393,2.131,2.185,2.149,2.087
ds_2,43029,1785085922.342001,1.5460418333333332,1.5019083333333338,1.5,1.5,0.046081364485066494,2.176,2.201,2.14,2.08
ds_2,43033,1785085922.4121547,1.5300778888888886,1.5235603888888893,1.5,1.5,0.03820695387763895,2.169,2.177,2.168,2.051
ds_2,43037,1785085922.4800436,1.5330389444444446,1.4975057777777776,1.5,1.5,0.03313295933805071,2.158,2.2,2.151,2.075
ds_2,43041,1785085922.5276752,1.5395403888888894,1.4877458888888886,1.5,1.5,0.04139571949620004,2.145,2.224,2.153,2.041
ds_2,43045,1785085922.5988457,1.5322229999999997,1.4915109999999998,1.5,1.5,0.03332243763592306,2.146,2.209,2.153,2.059
ds_2,43049,1785085922.6657515,1.5179838333333333,1.4844651666666666,1.5,1.5,0.023764454718245828,2.149,2.209,2.163,2.106
ds_2,43053,1785085922.7283258,1.523432222222222,1.4754502222222223,1.5,1.5,0.033937599019522056,2.132,2.214,2.148,2.084
ds_2,43057,1785085922.795741,1.5303807777777778,1.494264111111111,1.5,1.5,0.03091750442271171,2.149,2.192,2.142,2.078
ds_2,43061,1785085922.8505988,1.5223163333333334,1.4970871666666665,1.5,1.5,0.022505628884175292,2.148,2.18,2.145,2.092
ds_2,43065,1785085922.9177809,1.5408681666666668,1.4855148333333337,1.5,1.5,0.043359279284318805,2.16,2.223,2.147,2.078
ds_2,43069,1785085922.9848506,1.5091282777777777,1.4996577777777778,1.5,1.5,0.009134690538691105,2.148,2.192,2.179,2.091
ds_2,43073,1785085923.0475914,1.5185146666666671,1.500393833333333,1.5,1.5,0.01851885489095476,2.154,2.187,2.162,2.093
ds_2,43077,1785085923.1142588,1.5458292777777782,1.4891492777777777,1.5,1.5,0.04709629363736159,2.154,2.219,2.141,2.052
ds_2,43081,1785085923.171091,1.5055406666666669,1.5186866666666667,1.5,1.5,0.019490779825913254,2.152,2.182,2.2,2.06
ds_2,43085,1785085923.2383578,1.5463406666666673,1.4781906666666664,1.5,1.5,0.051216251400855374,2.156,2.222,2.128,2.084
ds_2,43089,1785085923.305799,1.510042388888889,1.4984477222222217,1.5,1.5,0.010161650500537066,2.136,2.182,2.166,2.079
ds_2,43093,1785085923.3693619,1.5389759999999997,1.495696,1.5,1.5,0.03921291868759549,2.158,2.194,2.134,2.078
ds_2,43097,1785085923.4379284,1.524903333333333,1.5060013333333335,1.5,1.5,0.02561624509737673,2.152,2.194,2.168,2.056
ds_2,43101,1785085923.4908466,1.5268912777777772,1.4807227777777783,1.5,1.5,0.033087038506437745,2.139,2.23,2.167,2.061
ds_2,43105,1785085923.5641394,1.5092934999999998,1.4933655,1.5,1.5,0.011418657210898242,2.146,2.183,2.161,2.114
ds_2,43113,1785085923.694178,1.5083257777777779,1.4989289444444445,1.5,1.5,0.008394387149043477,2.128,2.175,2.162,2.071
ds_2,43117,1785085923.7696679,1.5269101666666662,1.501272666666667,1.5,1.5,0.02694024406853434,2.149,2.215,2.18,2.038
ds_2,43121,1785085923.820776,1.5286238333333337,1.5141371666666668,1.5,1.5,0.03192465060193426,2.167,2.183,2.163,2.07
ds_2,43133,1785085924.0124784,1.5258093888888888,1.5017688888888885,1.5,1.5,0.02586993472583825,2.158,2.202,2.169,2.071
ds_2,43137,1785085924.0825748,1.5277591111111113,1.492991111111111,1.5,1.5,0.028630277210250948,2.163,2.197,2.149,2.109
ds_2,43141,1785085924.1348135,1.5181728888888886,1.4829728888888891,1.5,1.5,0.02490334120872148,2.146,2.224,2.176,2.088
ds_2,43145,1785085924.205052,1.4966681111111109,1.4835701111111106,1.5,1.5,0.016764329168480155,2.127,2.192,2.174,2.112
ds_2,43149,1785085924.278938,1.5255016111111113,1.5017581111111113,1.5,1.5,0.02556214239732982,2.132,2.175,2.142,2.046
ds_2,43153,1785085924.3447049,1.5523594444444446,1.4885007777777772,1.5,1.5,0.053607308589845706,2.162,2.221,2.133,2.059
ds_2,43157,1785085924.4084377,1.5249591666666669,1.4946631666666665,1.5,1.5,0.025523357747801,2.149,2.185,2.143,2.092
ds_2,43161,1785085924.4688475,1.5044884444444444,1.4700922777777785,1.5,1.5,0.030242651703387798,2.128,2.219,2.172,2.113
ds_2,43165,1785085924.5327272,1.539644722222222,1.4916847222222223,1.5,1.5,0.04050738012509264,2.153,2.213,2.147,2.058
ds_2,43169,1785085924.599978,1.522504611111111,1.5044337777777776,1.5,1.5,0.02293721662811448,2.155,2.181,2.156,2.084
ds_2,43173,1785085924.654688,1.530254333333333,1.4827068333333333,1.5,1.5,0.03484793105487803,2.159,2.227,2.162,2.095
ds_2,43177,1785085924.7200963,1.5223656666666667,1.5020843333333336,1.5,1.5,0.022462579791486387,2.16,2.187,2.159,2.095
ds_2,43181,1785085924.7760694,1.5145790555555556,1.5029790555555558,1.5,1.5,0.01488031024189565,2.166,2.183,2.167,2.12
ds_2,43189,1785085924.9149203,1.5411923888888888,1.491665722222222,1.5,1.5,0.042027051864847835,2.16,2.219,2.151,2.064
ds_2,43193,1785085924.9759293,1.5385539444444447,1.508945111111111,1.5,1.5,0.039578044987283664,2.185,2.187,2.146,2.104
ds_2,43197,1785085925.04353,1.5274236111111112,1.4836236111111114,1.5,1.5,0.031941204727022714,2.145,2.22,2.16,2.075
ds_2,43201,1785085925.1015873,1.522722944444445,1.4897004444444442,1.5,1.5,0.024948207327728282,2.16,2.224,2.179,2.091
ds_2,43205,1785085925.16707,1.5002725000000006,1.4843591666666662,1.5,1.5,0.015643206947781683,2.125,2.181,2.159,2.112
ds_2,43209,1785085925.2379785,1.5347981111111115,1.486750111111111,1.5,1.5,0.037235307068280876,2.152,2.217,2.151,2.073
ds_2,43213,1785085925.2963705,1.5324672777777777,1.4984471111111113,1.5,1.5,0.032504393398440946,2.153,2.195,2.148,2.068
ds_2,43217,1785085925.3681421,1.521443166666667,1.4790645,1.5,1.5,0.029968392631979097,2.153,2.221,2.163,2.112
ds_2,43221,1785085925.4193082,1.5074686111111115,1.4736677777777776,1.5,1.5,0.02737089839755946,2.105,2.181,2.134,2.092
ds_2,43225,1785085925.4910402,1.5596466666666666,1.4999004999999996,1.5,1.5,0.059646749657415864,2.166,2.201,2.118,2.045
ds_2,43229,1785085925.5587807,1.5369028333333332,1.4945628333333336,1.5,1.5,0.037301231740907395,2.162,2.219,2.161,2.066
ds_2,43233,1785085925.620531,1.5255219444444443,1.508121944444445,1.5,1.5,0.026783122106728945,2.172,2.187,2.163,2.098
ds_2,43237,1785085925.6855078,1.5034328333333333,1.5048848333333336,1.5,1.5,0.005970422211945406,2.152,2.177,2.179,2.108
ds_2,43241,1785085925.7410188,1.5144786666666663,1.4723899999999999,1.5,1.5,0.031176014633760383,2.134,2.206,2.148,2.118
ds_2,43245,1785085925.8122182,1.507129888888889,1.4767638888888888,1.5,1.5,0.02430539395146294,2.101,2.19,2.148,2.066
ds_2,43249,1785085925.8850863,1.5219231111111111,1.5029777777777775,1.5,1.5,0.022124420021414105,2.143,2.199,2.173,2.045
ds_2,43253,1785085925.9438436,1.5279224444444446,1.495773111111111,1.5,1.5,0.028240564679767072,2.152,2.214,2.17,2.06
ds_2,43257,1785085926.0092573,1.5191788333333334,1.5133841666666663,1.5,1.5,0.023387252198342597,2.166,2.177,2.169,2.09
ds_2,43261,1785085926.061321,1.5077583888888888,1.490366388888889,1.5,1.5,0.012369278927704537,2.128,2.186,2.162,2.085
ds_2,43265,1785085926.136658,1.5360644444444447,1.4956137777777776,1.5,1.5,0.03633019540917932,2.153,2.195,2.139,2.071
ds_2,43273,1785085926.2650697,1.5155341666666662,1.479805,1.5,1.5,0.02547839003994878,2.133,2.212,2.163,2.087
ds_2,43277,1785085926.3295727,1.5206844444444445,1.4785377777777777,1.5,1.5,0.02980726798435849,2.149,2.209,2.151,2.119
ds_2,43281,1785085926.3831997,1.5239359444444445,1.4914534444444438,1.5,1.5,0.025415999848751574,2.139,2.188,2.143,2.079
ds_2,43285,1785085926.4577396,1.5394898333333336,1.4777656666666668,1.5,1.5,0.04531900832401605,2.154,2.221,2.136,2.092
ds_2,43289,1785085926.5219884,1.510079222222222,1.474879222222222,1.5,1.5,0.027067400997610326,2.127,2.224,2.176,2.084
ds_2,43293,1785085926.587003,1.5387959999999996,1.5149205000000001,1.5,1.5,0.04156622350238199,2.19,2.187,2.154,2.097
ds_2,43297,1785085926.6544259,1.503892166666667,1.4936908333333332,1.5,1.5,0.007413133304405949,2.136,2.193,2.179,2.09
ds_2,43301,1785085926.7078042,1.5275867777777776,1.4934569444444448,1.5,1.5,0.028352105462620722,2.152,2.202,2.155,2.08
ds_2,43305,1785085926.7758865,1.5246231666666663,1.4766191666666668,1.5,1.5,0.03395531923065267,2.135,2.215,2.149,2.084
ds_2,43309,1785085926.8435311,1.5448018888888893,1.5060323888888885,1.5,1.5,0.04520618280411611,2.181,2.221,2.168,2.059
ds_2,43313,1785085926.9086714,1.5193470555555557,1.4736195555555553,1.5,1.5,0.03271446786600983,2.121,2.209,2.146,2.078
ds_2,43317,1785085926.9700356,1.5112766111111111,1.4819032777777779,1.5,1.5,0.021322600998459434,2.146,2.223,2.183,2.102
ds_2,43321,1785085927.0276842,1.5233827777777775,1.4868661111111114,1.5,1.5,0.02681889882061896,2.149,2.216,2.166,2.084
ds_2,43325,1785085927.0980048,1.5281191666666671,1.5107511666666664,1.5,1.5,0.030104403643358285,2.161,2.183,2.159,2.068
ds_2,43329,1785085927.16784,1.5133094444444444,1.4907672777777776,1.5,1.5,0.01619828605292764,2.143,2.197,2.166,2.095
ds_2,43333,1785085927.2305017,1.5247673888888889,1.5008918888888894,1.5,1.5,0.024783442419558654,2.146,2.187,2.154,2.066
ds_2,43337,1785085927.294835,1.5296253333333334,1.4916479999999999,1.5,1.5,0.030780127990492775,2.161,2.217,2.165,2.085
ds_2,43341,1785085927.3490539,1.521546055555555,1.4923060555555556,1.5,1.5,0.022878577121780624,2.147,2.213,2.173,2.07
ds_2,43345,1785085927.4178712,1.5237372222222223,1.5006012222222218,1.5,1.5,0.023744834953893814,2.154,2.185,2.153,2.087
ds_2,43349,1785085927.4968474,1.5244728333333333,1.4841341666666668,1.5,1.5,0.029165805984443783,2.134,2.189,2.133,2.088
ds_2,43353,1785085927.5509305,1.528103833333333,1.4978078333333336,1.5,1.5,0.028189200817373347,2.143,2.185,2.143,2.066
ds_2,43357,1785085927.629043,1.5119356666666668,1.4856316666666667,1.5,1.5,0.018679109763464586,2.143,2.21,2.174,2.098
ds_2,43361,1785085927.673286,1.5354781666666666,1.4999449999999996,1.5,1.5,0.03547820929849437,2.165,2.2,2.151,2.079
ds_2,43365,1785085927.7451794,1.5256113888888887,1.476288722222222,1.5,1.5,0.03490226260105263,2.139,2.21,2.142,2.097
ds_2,43369,1785085927.8151276,1.5128282222222222,1.493185722222222,1.5,1.5,0.014525758741471492,2.147,2.196,2.169,2.098
ds_2,43373,1785085927.873295,1.520285444444444,1.4964099444444445,1.5,1.5,0.020600673658902505,2.139,2.187,2.154,2.071
ds_2,43377,1785085927.9381785,1.5183795555555553,1.466679722222222,1.5,1.5,0.038053238674362826,2.133,2.22,2.149,2.112
ds_2,43381,1785085927.9963775,1.541559277777778,1.495180611111111,1.5,1.5,0.0418377829081903,2.158,2.206,2.142,2.063
ds_2,43385,1785085928.0724118,1.5086045555555552,1.4802450555555557,1.5,1.5,0.021547533648000515,2.125,2.201,2.162,2.091
ds_2,43389,1785085928.13296,1.5091648888888893,1.5004488888888883,1.5,1.5,0.00917587541220207,2.131,2.185,2.173,2.061
ds_2,43393,1785085928.1937408,1.538458388888889,1.5045948888888887,1.5,1.5,0.038731907774214425,2.153,2.185,2.138,2.052
ds_2,43401,1785085928.3133326,1.522545333333333,1.4936653333333338,1.5,1.5,0.023418370073275085,2.128,2.186,2.146,2.054
ds_2,43405,1785085928.3844304,1.508354666666666,1.496722666666667,1.5,1.5,0.008974484324398594,2.135,2.189,2.173,2.077
ds_2,43409,1785085928.4533536,1.5187851666666672,1.4823184999999999,1.5,1.5,0.025797634173397924,2.133,2.213,2.163,2.074
ds_2,43413,1785085928.510987,1.5332927222222221,1.4749993888888886,1.5,1.5,0.04163455186374738,2.145,2.226,2.146,2.085
ds_2,43417,1785085928.5787911,1.5195800555555559,1.495704555555555,1.5,1.5,0.020045683289276202,2.138,2.187,2.154,2.072
ds_2,43421,1785085928.6354117,1.5206484999999998,1.4873445000000003,1.5,1.5,0.02421822108454678,2.135,2.195,2.149,2.08
ds_2,43425,1785085928.7037208,1.5164070555555555,1.4838495555555555,1.5,1.5,0.02302234409777105,2.129,2.193,2.148,2.086
ds_2,43429,1785085928.7713802,1.528715111111111,1.474719777777778,1.5,1.5,0.03825764291913938,2.138,2.226,2.152,2.078
ds_2,43433,1785085928.8348284,1.5231741666666665,1.4942141666666666,1.5,1.5,0.023885515863291462,2.158,2.192,2.152,2.107
ds_2,43437,1785085928.9035585,1.5156523333333336,1.4973898333333335,1.5,1.5,0.015868475314458,2.156,2.204,2.179,2.092
ds_2,43441,1785085928.9573197,1.5211184999999998,1.49838,1.5,1.5,0.021180543955479334,2.162,2.216,2.185,2.081
ds_2,43445,1785085929.0276077,1.5239347777777772,1.4823532777777777,1.5,1.5,0.029736852430273304,2.147,2.217,2.16,2.091
ds_2,43449,1785085929.0958383,1.5221048333333331,1.495249,1.5,1.5,0.022609636390142036,2.151,2.196,2.159,2.087
ds_2,43453,1785085929.1552143,1.5162488333333333,1.4602826666666668,1.5,1.5,0.04291259898684231,2.115,2.219,2.142,2.098
ds_2,43457,1785085929.2213562,1.5184018333333338,1.4865604999999995,1.5,1.5,0.022787005733044603,2.145,2.193,2.149,2.108
ds_2,43461,1785085929.2768118,1.5393592777777776,1.499493444444445,1.5,1.5,0.039362537338427775,2.149,2.202,2.147,2.039
ds_2,43465,1785085929.3470945,1.522060611111111,1.4906204444444446,1.5,1.5,0.023971788106343348,2.147,2.215,2.172,2.072
ds_2,43469,1785085929.4138336,1.5154926666666668,1.4971801666666666,1.5,1.5,0.01574719595585916,2.149,2.21,2.185,2.072
ds_2,43473,1785085929.4777288,1.5315758888888888,1.4972893888888892,1.5,1.5,0.03169202063168475,2.148,2.212,2.165,2.044
ds_2,43477,1785085929.543398,1.5244370555555553,1.4949102222222224,1.5,1.5,0.024961480766422003,2.145,2.181,2.14,2.088
ds_2,43481,1785085929.5986085,1.497298444444445,1.4943731111111112,1.5,1.5,0.006241817122252993,2.128,2.196,2.192,2.078
ds_2,43485,1785085929.6748307,1.528633944444445,1.4982819444444444,1.5,1.5,0.028685440372069212,2.148,2.189,2.147,2.07
ds_2,43489,1785085929.7364821,1.488022888888889,1.4814723888888894,1.5,1.5,0.022061812347412637,2.095,2.188,2.179,2.07
ds_2,43493,1785085929.7970643,1.5097759444444445,1.4800851111111109,1.5,1.5,0.02218494735710829,2.119,2.193,2.152,2.086
ds_2,43497,1785085929.8665223,1.5322738333333332,1.4983320000000002,1.5,1.5,0.032316907989901666,2.142,2.19,2.143,2.051
ds_2,43501,1785085929.9216735,1.5208453888888889,1.507741388888889,1.5,1.5,0.02223644170855641,2.153,2.193,2.175,2.06
ds_2,43505,1785085929.9935784,1.518691722222222,1.494739222222222,1.5,1.5,0.0194179366169496,2.143,2.194,2.161,2.079
ds_2,43509,1785085930.0561886,1.522376777777778,1.4831367777777775,1.5,1.5,0.028019429819896642,2.136,2.207,2.153,2.079
ds_2,43513,1785085930.1265678,1.5116642777777773,1.4861084444444448,1.5,1.5,0.01813920317517358,2.14,2.208,2.173,2.093
ds_2,43517,1785085930.1879418,1.537074333333333,1.4957018333333334,1.5,1.5,0.0373226530247453,2.158,2.206,2.149,2.068
ds_2,43521,1785085930.2428257,1.5305656666666667,1.4915596666666664,1.5,1.5,0.03170960746454555,2.159,2.194,2.14,2.104
ds_2,43525,1785085930.3148994,1.516399611111111,1.4996977777777778,1.5,1.5,0.016402395644151607,2.156,2.19,2.167,2.099
ds_2,43529,1785085930.3803642,1.5192671666666664,1.4850120000000002,1.5,1.5,0.024410322721363065,2.138,2.21,2.163,2.079
ds_2,43533,1785085930.444209,1.5364601111111107,1.5039026111111113,1.5,1.5,0.03666837978039263,2.159,2.193,2.148,2.061
ds_2,43537,1785085930.5076375,1.5103285555555555,1.4994060555555555,1.5,1.5,0.010345618873092217,2.148,2.192,2.177,2.09
ds_2,43545,1785085930.6367373,1.512829,1.4962268333333335,1.5,1.5,0.013372360587960624,2.145,2.177,2.154,2.105
ds_2,43549,1785085930.7042272,1.5484934999999995,1.4942560000000003,1.5,1.5,0.04883250022525931,2.153,2.207,2.132,2.044
ds_2,43553,1785085930.763908,1.5320363333333333,1.4726136666666665,1.5,1.5,0.042146623908551666,2.138,2.215,2.133,2.091
ds_2,43557,1785085930.830749,1.5325102222222224,1.494654222222222,1.5,1.5,0.0329468039267494,2.166,2.21,2.158,2.09
ds_2,43561,1785085930.8873174,1.5134123888888888,1.5003443888888885,1.5,1.5,0.013416809584009863,2.146,2.187,2.169,2.084
ds_2,43565,1785085930.9551091,1.5303819444444446,1.4904427777777773,1.5,1.5,0.03184969457985849,2.161,2.206,2.151,2.099
ds_2,43569,1785085931.0243435,1.521432944444444,1.4696857777777779,1.5,1.5,0.037125775096244026,2.134,2.222,2.151,2.099
ds_2,43573,1785085931.0879865,1.5485117777777786,1.512782611111111,1.5,1.5,0.05016759641420415,2.201,2.212,2.163,2.086
ds_2,43577,1785085931.1511037,1.5198537222222221,1.4847817222222217,1.5,1.5,0.02501532059756137,2.148,2.216,2.168,2.093
ds_2,43581,1785085931.2075515,1.5127709444444442,1.4777309444444444,1.5,1.5,0.025671148344776087,2.139,2.214,2.166,2.107
ds_2,43585,1785085931.2775126,1.5176248888888886,1.487824722222222,1.5,1.5,0.021421346766992064,2.142,2.201,2.16,2.091
ds_2,43589,1785085931.3424697,1.4982083333333331,1.5055016666666665,1.5,1.5,0.005786052674799511,2.142,2.183,2.193,2.087
ds_2,43593,1785085931.4096615,1.5198956666666665,1.4974671666666663,1.5,1.5,0.020056240844324537,2.146,2.186,2.155,2.084
ds_2,43597,1785085931.472066,1.5067746666666668,1.503872,1.5,1.5,0.007803107870870891,2.133,2.179,2.175,2.065
ds_2,43601,1785085931.5265863,1.5226941666666671,1.4899866666666661,1.5,1.5,0.024805081034717878,2.153,2.203,2.158,2.098
ds_2,43605,1785085931.5979047,1.5250775,1.4837810000000002,1.5,1.5,0.029865313781207735,2.145,2.202,2.145,2.097
ds_2,43609,1785085931.664424,1.5326571666666668,1.4822066666666665,1.5,1.5,0.03718996162683655,2.146,2.228,2.159,2.065
ds_2,43613,1785085931.727313,1.531486222222222,1.4941967222222223,1.5,1.5,0.03201656169536635,2.142,2.219,2.168,2.033
ds_2,43617,1785085931.7956805,1.5299216111111111,1.505260277777778,1.5,1.5,0.030380476194160514,2.153,2.193,2.159,2.054
ds_2,43621,1785085931.8492968,1.527311666666667,1.4768841666666663,1.5,1.5,0.035780845250016007,2.143,2.227,2.158,2.083
ds_2,43625,1785085931.9191914,1.5163505,1.4989265,1.5,1.5,0.016385702685573107,2.151,2.19,2.166,2.091
ds_2,43629,1785085931.9860477,1.5252424999999996,1.4910029999999999,1.5,1.5,0.026797944235518945,2.138,2.209,2.162,2.054
ds_2,43633,1785085932.051055,1.5447367777777778,1.4983581111111106,1.5,1.5,0.044766897201634785,2.167,2.206,2.142,2.068
ds_2,43637,1785085932.1160316,1.5051151111111116,1.4963911111111112,1.5,1.5,0.0062600671475122735,2.141,2.187,2.175,2.097
ds_2,43645,1785085932.240209,1.5099840000000004,1.4881439999999995,1.5,1.5,0.015499838450771717,2.139,2.199,2.169,2.097
ds_2,43649,1785085932.3093324,1.532949555555556,1.4848355555555557,1.5,1.5,0.03627166368692374,2.152,2.22,2.154,2.078
ds_2,43653,1785085932.3684125,1.5278075000000002,1.5147334999999997,1.5,1.5,0.03146955796480153,2.156,2.188,2.17,2.041
ds_2,43657,1785085932.4433725,1.518586777777777,1.4827432777777778,1.5,1.5,0.025362625455883,2.139,2.219,2.17,2.079
ds_2,43661,1785085932.5011804,1.528589611111111,1.5104687777777779,1.5,1.5,0.030446037043350305,2.162,2.187,2.162,2.066
ds_2,43665,1785085932.5663803,1.5241200555555556,1.4847180555555552,1.5,1.5,0.028553719652721007,2.147,2.216,2.162,2.085
ds_2,43669,1785085932.6337433,1.5286329444444442,1.4995662777777776,1.5,1.5,0.028636229195281235,2.153,2.2,2.16,2.065
ds_2,43673,1785085932.6929514,1.5421296666666664,1.5088563333333334,1.5,1.5,0.04305047564842383,2.166,2.193,2.147,2.053
ds_2,43677,1785085932.7579849,1.5193079444444446,1.4849587777777777,1.5,1.5,0.024475193249656527,2.143,2.216,2.169,2.083
ds_2,43681,1785085932.8119028,1.521385666666667,1.5025616666666664,1.5,1.5,0.021538543936136915,2.158,2.185,2.159,2.093
ds_2,43685,1785085932.8833897,1.554612611111111,1.5007159444444442,1.5,1.5,0.054617303749095555,2.18,2.222,2.148,2.057
ds_2,43689,1785085932.950288,1.5216600555555553,1.4998400555555558,1.5,1.5,0.021660646086741037,2.135,2.197,2.167,2.04
ds_2,43693,1785085933.0133648,1.5328395000000001,1.504246,1.5,1.5,0.033112856660970955,2.165,2.219,2.18,2.05
ds_2,43697,1785085933.083248,1.515319333333333,1.5123993333333332,1.5,1.5,0.019708511889254248,2.158,2.192,2.188,2.066
ds_2,43701,1785085933.135649,1.541839666666667,1.5003341666666663,1.5,1.5,0.04184100111301009,2.189,2.213,2.156,2.105
ds_2,43705,1785085933.2040448,1.5327081111111107,1.4900019444444446,1.5,1.5,0.03420207080497813,2.143,2.201,2.142,2.065
ds_2,43709,1785085933.2746058,1.5555208888888898,1.5066443888888883,1.5,1.5,0.05591705470354491,2.193,2.222,2.155,2.066
ds_2,43713,1785085933.3337898,1.5107731111111113,1.4866666111111104,1.5,1.5,0.017141738017911565,2.127,2.208,2.175,2.066
ds_2,43717,1785085933.4007463,1.514904111111111,1.4761699444444443,1.5,1.5,0.02810701115012436,2.135,2.219,2.166,2.095
ds_2,43721,1785085933.4555507,1.4979125000000002,1.4775565,1.5,1.5,0.022540371525332094,2.111,2.195,2.167,2.092
ds_2,43725,1785085933.5317771,1.532389666666667,1.4933296666666662,1.5,1.5,0.03306937939477519,2.156,2.197,2.143,2.087
ds_2,43729,1785085933.5934913,1.5310284444444442,1.4805351111111114,1.5,1.5,0.03662848978730546,2.147,2.199,2.129,2.105
ds_2,43733,1785085933.6547604,1.5432921666666668,1.5130241666666668,1.5,1.5,0.045208855460579525,2.168,2.183,2.141,2.054
ds_2,43737,1785085933.722171,1.5241273888888887,1.5038460555555562,1.5,1.5,0.02443200847110389,2.169,2.187,2.159,2.106
ds_2,43741,1785085933.7767503,1.523115888888889,1.4976533888888885,1.5,1.5,0.023234691795465046,2.146,2.2,2.165,2.064
ds_2,43745,1785085933.8509483,1.5260612222222225,1.493248722222222,1.5,1.5,0.02692149801457535,2.148,2.21,2.165,2.066
ds_2,43749,1785085933.9224198,1.5145979444444446,1.482624611111111,1.5,1.5,0.022693702233069404,2.138,2.202,2.158,2.101
ds_2,43753,1785085933.9908352,1.5045244444444446,1.4943371111111112,1.5,1.5,0.007248372789720814,2.128,2.19,2.176,2.074
ds_2,43757,1785085934.0512233,1.5164305000000002,1.4982429999999995,1.5,1.5,0.01652417559970873,2.158,2.195,2.17,2.102
ds_2,43761,1785085934.0916483,1.5307367222222223,1.5004687222222217,1.5,1.5,0.030740295923879155,2.163,2.183,2.141,2.098
ds_2,43765,1785085934.1741471,1.511094833333333,1.4848748333333335,1.5,1.5,0.01875809141114511,2.126,2.203,2.167,2.074
ds_2,43769,1785085934.2402134,1.5278004999999997,1.4908850000000002,1.5,1.5,0.0292566407034365,2.146,2.197,2.146,2.08
ds_2,43773,1785085934.3147883,1.534444333333333,1.4967096666666664,1.5,1.5,0.03460113281703659,2.17,2.203,2.151,2.097
ds_2,43777,1785085934.3713932,1.5116634444444448,1.5015087777777776,1.5,1.5,0.011760626968464109,2.14,2.183,2.169,2.075
ds_2,43781,1785085934.4292276,1.5271138333333336,1.4995385,1.5,1.5,0.027117760605879553,2.175,2.196,2.158,2.117
ds_2,43785,1785085934.4988248,1.5194966666666672,1.4984474999999993,1.5,1.5,0.019558381000510567,2.155,2.192,2.163,2.094
ds_2,43789,1785085934.5644877,1.5034592777777782,1.4888659444444443,1.5,1.5,0.011659064964997436,2.132,2.199,2.179,2.09
ds_2,43793,1785085934.6262932,1.532013333333333,1.487595166666667,1.5,1.5,0.03433268706551909,2.156,2.215,2.154,2.085
ds_2,43797,1785085934.6879506,1.5087599444444444,1.4862281111111109,1.5,1.5,0.016321812100304926,2.129,2.196,2.165,2.087
ds_2,43801,1785085934.7422187,1.5014802777777774,1.4935034444444448,1.5,1.5,0.006663066590226777,2.122,2.181,2.17,2.078
ds_2,43805,1785085934.815967,1.5085396666666666,1.4903605,1.5,1.5,0.012878115818231225,2.14,2.194,2.169,2.1
ds_2,43809,1785085934.8810406,1.5344086111111106,1.506769944444445,1.5,1.5,0.035068285763300636,2.168,2.201,2.163,2.066
ds_2,43813,1785085934.9439082,1.5155730555555555,1.4769095555555558,1.5,1.5,0.027851188196886378,2.131,2.215,2.162,2.088
ds_2,43817,1785085935.009956,1.5321518888888888,1.4942438888888885,1.5,1.5,0.03266307968099318,2.148,2.213,2.161,2.051
ds_2,43821,1785085935.0666077,1.5413806666666663,1.4739401666666667,1.5,1.5,0.048902704292695866,2.135,2.222,2.129,2.06
ds_2,43825,1785085935.1367497,1.5361119999999997,1.4819745,1.5,1.5,0.04036081260641291,2.14,2.203,2.128,2.075
ds_2,43833,1785085935.2644515,1.5254568888888889,1.492614388888889,1.5,1.5,0.02650661131464752,2.141,2.212,2.167,2.052
ds_2,43837,1785085935.3293705,1.5303949444444445,1.4912449444444442,1.5,1.5,0.03163073893480412,2.163,2.202,2.148,2.105
ds_2,43841,1785085935.3840249,1.5359023888888887,1.502085888888889,1.5,1.5,0.03596293175459689,2.163,2.182,2.135,2.087
ds_2,43845,1785085935.4580762,1.5210856666666663,1.4845690000000002,1.5,1.5,0.02612893223569911,2.151,2.216,2.166,2.098
ds_2,43849,1785085935.5280447,1.5271523333333334,1.4812778333333332,1.5,1.5,0.032981339119855346,2.138,2.216,2.153,2.072
ds_2,43853,1785085935.586693,1.538303388888888,1.4875533888888894,1.5,1.5,0.04027490196790808,2.151,2.21,2.14,2.071
ds_2,43857,1785085935.653373,1.525394666666667,1.4830933333333325,1.5,1.5,0.030507777252512667,2.151,2.217,2.159,2.095
ds_2,43861,1785085935.7047696,1.5136080000000003,1.469067833333333,1.5,1.5,0.033793144255817316,2.136,2.221,2.16,2.117
ds_2,43865,1785085935.7764988,1.5392934999999996,1.499354333333333,1.5,1.5,0.03929880440540675,2.167,2.206,2.151,2.073
ds_2,43869,1785085935.8441477,1.5106491666666673,1.4903678333333332,1.5,1.5,0.014359087205978787,2.133,2.187,2.159,2.09
ds_2,43873,1785085935.9078507,1.5228363333333337,1.4910389999999998,1.5,1.5,0.02453156417987102,2.145,2.19,2.146,2.092
ds_2,43877,1785085935.9727805,1.5235935000000003,1.5004788333333332,1.5,1.5,0.023598358493995372,2.16,2.183,2.151,2.102
ds_2,43881,1785085936.027869,1.5105608333333336,1.4878533333333333,1.5,1.5,0.01609573582678228,2.135,2.213,2.182,2.074
ds_2,43885,1785085936.0996418,1.4966175,1.4705535,1.5,1.5,0.029640136107987027,2.094,2.19,2.154,2.085
ds_2,43889,1785085936.1657436,1.4936902222222221,1.4885907222222219,1.5,1.5,0.013037826314821073,2.124,2.189,2.182,2.099
ds_2,43893,1785085936.2225025,1.5220509444444446,1.5061302777777776,1.5,1.5,0.022887211637171848,2.159,2.182,2.16,2.087
ds_2,43897,1785085936.2947168,1.5172462777777782,1.4569191111111106,1.5,1.5,0.046404709724823405,2.114,2.222,2.139,2.101
ds_2,43901,1785085936.3488216,1.5285137777777775,1.5031329444444446,1.5,1.5,0.028685377181631333,2.162,2.193,2.158,2.081
ds_2,43905,1785085936.4252405,1.5324119999999997,1.481452,1.5,1.5,0.03734388903154007,2.143,2.219,2.149,2.071
ds_2,43909,1785085936.4874747,1.516572222222222,1.4904602222222225,1.5,1.5,0.019121869925090625,2.136,2.194,2.158,2.08
ds_2,43913,1785085936.550847,1.5215662777777779,1.5005654444444443,1.5,1.5,0.021573689174733846,2.152,2.187,2.158,2.084
ds_2,43917,1785085936.6168227,1.5327803888888885,1.4832537222222224,1.5,1.5,0.03681021210367103,2.154,2.219,2.151,2.088
ds_2,43921,1785085936.6697433,1.5285972777777779,1.5032631111111117,1.5,1.5,0.028782845419152856,2.153,2.189,2.154,2.066
ds_2,43925,1785085936.7401452,1.5205293333333332,1.4819718333333332,1.5,1.5,0.027321572437768334,2.138,2.209,2.156,2.087
ds_2,43929,1785085936.810792,1.514331166666667,1.5004516666666665,1.5,1.5,0.014338282351996181,2.152,2.201,2.182,2.08
ds_2,43933,1785085936.8690605,1.520442388888889,1.5008988888888888,1.5,1.5,0.020462142231915448,2.141,2.185,2.158,2.064
ds_2,43937,1785085936.9387681,1.5278506111111103,1.476150777777778,1.5,1.5,0.036666632513325075,2.129,2.22,2.149,2.063
ds_2,43941,1785085936.990222,1.519091666666667,1.4835585,1.5,1.5,0.025195528539030926,2.138,2.2,2.151,2.094
ds_2,43945,1785085937.0607467,1.5264064999999998,1.4908733333333335,1.5,1.5,0.027939206980414275,2.148,2.2,2.151,2.083
ds_2,43949,1785085937.13295,1.519413555555555,1.4895450555555556,1.5,1.5,0.022049761963455292,2.139,2.206,2.165,2.072
ds_2,43953,1785085937.1904607,1.5134591666666666,1.4916891666666665,1.5,1.5,0.01581831590453155,2.135,2.192,2.162,2.081
ds_2,43957,1785085937.2535644,1.5307100555555557,1.4807195555555555,1.5,1.5,0.0362607646113624,2.138,2.208,2.139,2.077
ds_2,43961,1785085937.3151102,1.5248692777777775,1.495589277777778,1.5,1.5,0.025257384023486283,2.154,2.216,2.176,2.067
ds_2,43965,1785085937.3827705,1.5144916666666668,1.4702361666666666,1.5,1.5,0.033104292432737964,2.131,2.207,2.146,2.117
ds_2,43969,1785085937.4507113,1.520263777777778,1.4970744444444442,1.5,1.5,0.020473875186095506,2.14,2.19,2.158,2.068
ds_2,43973,1785085937.517448,1.5255356111111111,1.4846369444444445,1.5,1.5,0.029800854196163358,2.147,2.219,2.163,2.08
ds_2,43977,1785085937.5810418,1.5397233333333329,1.4767208333333335,1.5,1.5,0.04604196794019032,2.155,2.216,2.129,2.102
ds_2,43981,1785085937.6337779,1.5251198888888886,1.4961198888888894,1.5,1.5,0.02541779062044287,2.148,2.195,2.155,2.075
ds_2,43985,1785085937.7065275,1.5111250000000005,1.498751833333333,1.5,1.5,0.01119479991012746,2.136,2.192,2.175,2.066
ds_2,43989,1785085937.7775989,1.5351688888888892,1.4848103888888882,1.5,1.5,0.038308941924645346,2.145,2.224,2.155,2.056
ds_2,43993,1785085937.8383737,1.5278159444444441,1.490358611111111,1.5,1.5,0.02943948275773874,2.146,2.187,2.135,2.092
ds_2,43997,1785085937.9038627,1.508405777777778,1.4923897777777777,1.5,1.5,0.011338985065736341,2.133,2.195,2.173,2.079
ds_2,44001,1785085937.9566483,1.533133888888889,1.4847710555555556,1.5,1.5,0.03646608481580136,2.133,2.199,2.132,2.061
ds_2,44005,1785085938.030426,1.5239141111111107,1.4919847777777782,1.5,1.5,0.0252215879259445,2.158,2.199,2.155,2.105
ds_2,44009,1785085938.0955245,1.5121258333333327,1.487521166666667,1.5,1.5,0.01739991710867801,2.133,2.188,2.154,2.095
ds_2,44013,1785085938.1568234,1.5138759999999998,1.4847160000000004,1.5,1.5,0.02064325633227429,2.143,2.207,2.167,2.101
ds_2,44017,1785085938.2316108,1.5288326111111112,1.476488611111111,1.5,1.5,0.03720355992333456,2.132,2.217,2.145,2.07
ds_2,44021,1785085938.279586,1.5300563333333337,1.502164333333333,1.5,1.5,0.030134158561709364,2.156,2.221,2.183,2.039
ds_2,44025,1785085938.3536484,1.5306098888888888,1.4891043888888882,1.5,1.5,0.03249122403472517,2.159,2.213,2.156,2.091
ds_2,44029,1785085938.4169462,1.5027853333333332,1.4860145000000002,1.5,1.5,0.014260164516153744,2.128,2.199,2.176,2.091
ds_2,44033,1785085938.47758,1.5343943333333332,1.4770008333333333,1.5,1.5,0.041375497976526475,2.143,2.219,2.14,2.081
ds_2,44037,1785085938.5442123,1.5260899999999995,1.487444166666667,1.5,1.5,0.02895405067852187,2.141,2.214,2.161,2.064
ds_2,44041,1785085938.6000302,1.5230287777777778,1.4806887777777782,1.5,1.5,0.030054083077916478,2.148,2.219,2.161,2.097
ds_2,44045,1785085938.6721497,1.5334475,1.4930528333333333,1.5,1.5,0.03416135800790786,2.148,2.192,2.136,2.075
ds_2,44049,1785085938.7398877,1.531753111111111,1.490456611111111,1.5,1.5,0.03315624129359544,2.143,2.202,2.145,2.064
ds_2,44053,1785085938.7998514,1.5402116111111108,1.5017777777777783,1.5,1.5,0.04025089020106728,2.168,2.202,2.149,2.071
ds_2,44057,1785085938.86588,1.5160262777777778,1.4718724444444444,1.5,1.5,0.03237284295426274,2.114,2.202,2.141,2.081
ds_2,44061,1785085938.9239802,1.518884777777778,1.4913981111111112,1.5,1.5,0.02075156196947231,2.132,2.189,2.151,2.071
ds_2,44065,1785085938.9930453,1.5200561111111115,1.4932496111111104,1.5,1.5,0.021161647928563922,2.154,2.192,2.155,2.106
ds_2,44069,1785085939.0631566,1.5085341666666665,1.4656116666666672,1.5,1.5,0.035431475698012485,2.105,2.212,2.153,2.081
ds_2,44073,1785085939.1215081,1.529013,1.4896829999999996,1.5,1.5,0.030792769573391814,2.149,2.212,2.158,2.072
ds_2,44077,1785085939.1900406,1.5385873333333335,1.49191,1.5,1.5,0.03942626527808323,2.16,2.22,2.156,2.066
ds_2,44081,1785085939.2415783,1.5226617222222225,1.488312555555555,1.5,1.5,0.025498039370099864,2.151,2.216,2.169,2.085
ds_2,44085,1785085939.3190467,1.526941666666667,1.4893109999999996,1.5,1.5,0.02898461874473785,2.134,2.197,2.145,2.061
ds_2,44089,1785085939.3807402,1.5147372222222226,1.501705222222222,1.5,1.5,0.014835548579487452,2.156,2.181,2.163,2.105
ds_2,44093,1785085939.4416296,1.518069777777778,1.493408444444444,1.5,1.5,0.019234486569187744,2.147,2.193,2.159,2.093
ds_2,44097,1785085939.5096273,1.5221618888888886,1.4968510555555556,1.5,1.5,0.022384485034006047,2.139,2.187,2.152,2.067
ds_2,44101,1785085939.572458,1.5248952777777782,1.474168611111111,1.5,1.5,0.03587527710780445,2.114,2.209,2.139,2.054
ds_2,44105,1785085939.637977,1.515698,1.4873254999999999,1.5,1.5,0.020175979635447774,2.139,2.202,2.163,2.088
ds_2,44109,1785085939.7008736,1.5159044444444445,1.4984004444444445,1.5,1.5,0.01598467800932286,2.142,2.2,2.176,2.064
ds_2,44113,1785085939.7658625,1.5086821666666668,1.4882141666666666,1.5,1.5,0.014638506938512952,2.134,2.207,2.179,2.08
ds_2,44121,1785085939.8857574,1.5149593888888895,1.4865608888888884,1.5,1.5,0.02010952568773898,2.136,2.204,2.165,2.083
ds_2,44125,1785085939.9594479,1.5251526666666664,1.4931500000000004,1.5,1.5,0.02606873875822197,2.148,2.204,2.16,2.074
ds_2,44129,1785085940.02793,1.5116252777777779,1.484720111111111,1.5,1.5,0.019199533532544204,2.129,2.2,2.163,2.083
ds_2,44133,1785085940.093717,1.508519111111111,1.4831732777777782,1.5,1.5,0.018860377378707643,2.117,2.19,2.155,2.078
ds_2,44137,1785085940.1584466,1.5237755555555552,1.4858675555555563,1.5,1.5,0.027658688109716643,2.141,2.213,2.161,2.073
ds_2,44141,1785085940.2109187,1.5125597222222225,1.492971222222222,1.5,1.5,0.014392718275182572,2.141,2.19,2.163,2.093
ds_2,44145,1785085940.2786252,1.5316210555555556,1.478045055555555,1.5,1.5,0.03849559377391387,2.132,2.209,2.135,2.07
ds_2,44153,1785085940.4144416,1.5317953333333327,1.4866800000000002,1.5,1.5,0.03447267935304324,2.142,2.214,2.152,2.06
ds_2,44157,1785085940.4821284,1.5180468333333332,1.4969299999999992,1.5,1.5,0.018306094432213343,2.139,2.199,2.17,2.06
ds_2,44161,1785085940.5309436,1.5228026666666663,1.4931118333333335,1.5,1.5,0.023820336839324285,2.146,2.193,2.152,2.085
ds_2,44165,1785085940.6062515,1.547618722222222,1.4924427222222216,1.5,1.5,0.04821467778060576,2.175,2.216,2.14,2.087
ds_2,44169,1785085940.6663566,1.511681166666667,1.4769451666666666,1.5,1.5,0.02584521222049125,2.113,2.195,2.147,2.078
ds_2,44173,1785085940.7283525,1.5377344999999996,1.4926398333333335,1.5,1.5,0.03844560499733455,2.153,2.213,2.151,2.058
ds_2,44177,1785085940.7950463,1.5105525,1.493797,1.5,1.5,0.012240607225542315,2.138,2.197,2.174,2.08
ds_2,44181,1785085940.8513498,1.5458333888888889,1.4981593888888887,1.5,1.5,0.04587033231079179,2.163,2.2,2.134,2.065
ds_2,44185,1785085940.921085,1.5274671666666668,1.5028624999999995,1.5,1.5,0.02761592205493871,2.143,2.188,2.154,2.049
ds_2,44189,1785085940.9885144,1.507747555555555,1.477213555555556,1.5,1.5,0.024067543861103692,2.132,2.202,2.16,2.114
ds_2,44193,1785085941.0515862,1.521744,1.4927573333333335,1.5,1.5,0.022918502491315648,2.138,2.194,2.154,2.07
ds_2,44197,1785085941.1168745,1.5259166666666666,1.5005708333333332,1.5,1.5,0.025922952412978567,2.145,2.19,2.155,2.06
ds_2,44201,1785085941.1706681,1.5249297222222222,1.4880142222222221,1.5,1.5,0.02766134340583325,2.139,2.197,2.146,2.078
ds_2,44205,1785085941.2402549,1.5361892222222229,1.4781625555555549,1.5,1.5,0.04226740806950028,2.139,2.216,2.136,2.07
ds_2,44209,1785085941.313904,1.5149404444444445,1.5011052777777778,1.5,1.5,0.01498127228120439,2.143,2.194,2.175,2.066
ds_2,44213,1785085941.3708577,1.5215762222222222,1.4821742222222218,1.5,1.5,0.02798734926293388,2.148,2.216,2.162,2.098
ds_2,44217,1785085941.438795,1.518778722222222,1.4866587222222225,1.5,1.5,0.02303540972162626,2.141,2.212,2.168,2.079
ds_2,44221,1785085941.500677,1.5109371666666669,1.4884776666666666,1.5,1.5,0.015886654151799726,2.114,2.189,2.158,2.054
ds_2,44225,1785085941.5625503,1.5284497777777772,1.4972389444444447,1.5,1.5,0.02858344421838926,2.152,2.199,2.156,2.071
ds_2,44229,1785085941.6305413,1.5192761666666668,1.4900895,1.5,1.5,0.02167460753072852,2.148,2.209,2.169,2.086
ds_2,44233,1785085941.6935112,1.524021277777778,1.4928391111111106,1.5,1.5,0.02506591541827646,2.149,2.197,2.154,2.086
ds_2,44237,1785085941.759608,1.5146127777777783,1.482566111111111,1.5,1.5,0.022748049502602553,2.12,2.207,2.163,2.059
ds_2,44241,1785085941.8139405,1.5294679444444446,1.4785779444444445,1.5,1.5,0.03643163754219921,2.148,2.216,2.146,2.097
ds_2,44245,1785085941.8851788,1.5390929444444443,1.4921954444444443,1.5,1.5,0.03986438752516043,2.148,2.197,2.132,2.064
ds_2,44249,1785085941.9558265,1.5326702222222226,1.488231722222222,1.5,1.5,0.03472514624741483,2.169,2.216,2.155,2.108
ds_2,44253,1785085942.0123425,1.5302116666666672,1.4946784999999994,1.5,1.5,0.03067675284360808,2.142,2.2,2.151,2.054
ds_2,44257,1785085942.0850074,1.5329963333333334,1.4881496666666667,1.5,1.5,0.03505978342140122,2.16,2.201,2.139,2.105
ds_2,44265,1785085942.206716,1.5194361111111108,1.5026959444444448,1.5,1.5,0.01962219487139438,2.159,2.195,2.172,2.087
ds_2,44269,1785085942.278351,1.549279166666667,1.5131624999999995,1.5,1.5,0.05100674145258771,2.183,2.192,2.142,2.067
ds_2,44277,1785085942.4003854,1.5366166111111117,1.5118872777777774,1.5,1.5,0.03849783866957247,2.168,2.199,2.165,2.05
ds_2,44281,1785085942.4597201,1.520191944444444,1.4782386111111117,1.5,1.5,0.029686236993275994,2.12,2.199,2.141,2.072
ds_2,44285,1785085942.528472,1.5250118888888895,1.4944638888888884,1.5,1.5,0.025617242475034812,2.142,2.203,2.161,2.059
ds_2,44289,1785085942.6024585,1.5604644444444449,1.4966351111111105,1.5,1.5,0.060558001281498165,2.194,2.22,2.132,2.092
ds_2,44293,1785085942.657292,1.5348233888888885,1.4979928888888892,1.5,1.5,0.03488118273108161,2.152,2.192,2.141,2.067
ds_2,44297,1785085942.725617,1.5025883333333336,1.4923590000000002,1.5,1.5,0.0080674872447648,2.128,2.199,2.185,2.073
ds_2,44301,1785085942.78091,1.5343925555555558,1.489483888888889,1.5,1.5,0.03596437780002902,2.133,2.204,2.142,2.04
ds_2,44305,1785085942.8510454,1.5280297777777776,1.4835709444444445,1.5,1.5,0.03248972620258787,2.138,2.217,2.156,2.063
ds_2,44309,1785085942.9244444,1.5219091666666669,1.4660969999999995,1.5,1.5,0.04036613671170202,2.134,2.213,2.136,2.118
ds_2,44313,1785085942.984386,1.5188657222222222,1.487583222222222,1.5,1.5,0.022585212979929305,2.147,2.204,2.161,2.097
ds_2,44317,1785085943.056359,1.530851111111111,1.4856737777777778,1.5,1.5,0.034015168674440044,2.141,2.217,2.155,2.059
ds_2,44321,1785085943.1086218,1.5289817777777774,1.487028444444445,1.5,1.5,0.031752239239009945,2.141,2.199,2.141,2.077
ds_2,44325,1785085943.179728,1.5312415000000001,1.4720375,1.5,1.5,0.04192770836213211,2.132,2.207,2.125,2.09
ds_2,44329,1785085943.2428033,1.5399937777777781,1.5001279444444442,1.5,1.5,0.03999398243135039,2.167,2.202,2.147,2.074
ds_2,44333,1785085943.3047278,1.5452252222222222,1.5046252222222218,1.5,1.5,0.04546111971404048,2.174,2.203,2.147,2.067
ds_2,44337,1785085943.3669202,1.518431666666667,1.4914401666666663,1.5,1.5,0.020322329659898147,2.141,2.207,2.17,2.071
ds_2,44341,1785085943.427069,1.5206911111111112,1.5032671111111113,1.5,1.5,0.020947460323979542,2.148,2.19,2.166,2.066
ds_2,44345,1785085943.51463,1.531207055555556,1.5028085555555553,1.5,1.5,0.03133318210390055,2.169,2.204,2.165,2.081
ds_2,44353,1785085943.6259665,1.5176597222222226,1.4937182222222218,1.5,1.5,0.018743706170750996,2.135,2.193,2.16,2.068
ds_2,44357,1785085943.6884203,1.542011388888889,1.496577888888889,1.5,1.5,0.04215053547501201,2.158,2.195,2.132,2.07
ds_2,44361,1785085943.7428937,1.5221191666666665,1.499608,1.5,1.5,0.022122639942551363,2.158,2.194,2.163,2.091
ds_2,44365,1785085943.815691,1.5356951111111115,1.4930282777777777,1.5,1.5,0.03636957338185892,2.156,2.199,2.14,2.081
ds_2,44369,1785085943.879824,1.516915611111111,1.485088944444444,1.5,1.5,0.022549445160429626,2.135,2.192,2.148,2.095
ds_2,44373,1785085943.9470406,1.521644,1.4741831666666665,1.5,1.5,0.03368933984751141,2.14,2.223,2.158,2.097
ds_2,44377,1785085944.009514,1.5227916666666668,1.4971425,1.5,1.5,0.0229700974245746,2.16,2.216,2.181,2.078
ds_2,44381,1785085944.0686586,1.5316714444444448,1.4930256111111107,1.5,1.5,0.03243027125342952,2.146,2.214,2.161,2.05
ds_2,44385,1785085944.1362088,1.528776611111111,1.4947564444444446,1.5,1.5,0.029250439687367288,2.153,2.195,2.148,2.084
ds_2,44389,1785085944.2021587,1.5356699999999999,1.4974835000000002,1.5,1.5,0.03575865870317271,2.159,2.188,2.135,2.086
ds_2,44393,1785085944.2657259,1.5550005000000005,1.4979229999999994,1.5,1.5,0.055039703208230074,2.174,2.207,2.128,2.068
ds_2,44397,1785085944.3316936,1.514986777777778,1.4866142777777775,1.5,1.5,0.020094304356483645,2.12,2.202,2.163,2.052
ds_2,44401,1785085944.3861177,1.5335494444444446,1.501664111111111,1.5,1.5,0.033590690500806916,2.153,2.196,2.152,2.056
ds_2,44405,1785085944.458247,1.5202706111111113,1.4782399444444443,1.5,1.5,0.029738824667407068,2.128,2.203,2.145,2.084
ds_2,44409,1785085944.5254982,1.5374693888888888,1.480841388888889,1.5,1.5,0.042083339736926476,2.149,2.217,2.139,2.08
ds_2,44413,1785085944.5851054,1.5138705555555556,1.4842480555555553,1.5,1.5,0.020988474580126766,2.138,2.188,2.147,2.112
ds_2,44417,1785085944.6525412,1.5219023888888885,1.4893298888888893,1.5,1.5,0.02436320812544102,2.127,2.194,2.149,2.057
ds_2,44421,1785085944.7093654,1.5326158333333333,1.509469166666667,1.5,1.5,0.03396259267766367,2.151,2.186,2.154,2.041
ds_2,44425,1785085944.7776303,1.5252292222222223,1.4912247222222224,1.5,1.5,0.026711779312045766,2.148,2.194,2.147,2.09
ds_2,44429,1785085944.844532,1.5363893333333338,1.4978318333333331,1.5,1.5,0.036453868479750205,2.152,2.209,2.156,2.047
ds_2,44433,1785085944.906365,1.5160773888888892,1.4726973888888886,1.5,1.5,0.0316846178289902,2.125,2.199,2.139,2.104
ds_2,44437,1785085944.9763012,1.5030577222222223,1.4921102222222222,1.5,1.5,0.008461575418974193,2.149,2.197,2.182,2.118
ds_2,44441,1785085945.0309618,1.521387,1.4974125,1.5,1.5,0.021542955350879828,2.154,2.196,2.163,2.088
ds_2,44445,1785085945.0984359,1.5274840555555556,1.4840240555555555,1.5,1.5,0.031790000167864756,2.149,2.203,2.143,2.1
ds_2,44449,1785085945.165411,1.5253875555555554,1.4862195555555557,1.5,1.5,0.02888647825839671,2.155,2.203,2.149,2.109
ds_2,44453,1785085945.228141,1.5174976666666666,1.4757376666666666,1.5,1.5,0.02991369515047509,2.102,2.189,2.131,2.057
ds_2,44457,1785085945.2978482,1.5263313888888888,1.4959233888888892,1.5,1.5,0.02664508958455809,2.149,2.193,2.151,2.078
ds_2,44461,1785085945.349007,1.5360330000000006,1.4977051666666665,1.5,1.5,0.03610600156522216,2.154,2.196,2.143,2.066
ds_2,44465,1785085945.4229882,1.5030946111111112,1.484209944444444,1.5,1.5,0.016090446618305995,2.126,2.192,2.166,2.099
ds_2,44469,1785085945.4888835,1.5134873888888887,1.496031388888889,1.5,1.5,0.014059144113044418,2.147,2.194,2.17,2.091
ds_2,44473,1785085945.5481787,1.5045923888888888,1.479942388888889,1.5,1.5,0.02057663235788,2.124,2.192,2.158,2.105
ds_2,44477,1785085945.6122031,1.5263776666666664,1.5089216666666665,1.5,1.5,0.027845599919715722,2.159,2.194,2.17,2.06
ds_2,44481,1785085945.6734695,1.5404593888888887,1.480408888888889,1.5,1.5,0.04495301751640506,2.162,2.212,2.129,2.109
ds_2,44485,1785085945.742957,1.5332653333333333,1.4845451666666667,1.5,1.5,0.036680161874491274,2.142,2.215,2.148,2.063
ds_2,44489,1785085945.808551,1.5254320555555556,1.4970595555555555,1.5,1.5,0.02560147775640562,2.156,2.202,2.163,2.081
ds_2,44493,1785085945.8744657,1.539228833333333,1.4840781666666667,1.5,1.5,0.04233681779950951,2.146,2.215,2.139,2.064
ds_2,44497,1785085945.9385655,1.5280727777777776,1.4969336111111111,1.5,1.5,0.02823975199923657,2.156,2.194,2.151,2.086
ds_2,44501,1785085945.9914267,1.5140337222222224,1.4936963888888888,1.5,1.5,0.015384436045907713,2.148,2.193,2.165,2.1
ds_2,44505,1785085946.0629501,1.5370846111111112,1.4960161111111112,1.5,1.5,0.0372979858965784,2.145,2.19,2.133,2.057
ds_2,44509,1785085946.131097,1.5196307777777776,1.4743914444444446,1.5,1.5,0.03226709707740151,2.129,2.22,2.158,2.08
ds_2,44513,1785085946.19175,1.5357584444444445,1.4822564444444444,1.5,1.5,0.03991866872579189,2.148,2.206,2.132,2.088
ds_2,44517,1785085946.2599115,1.5374111666666672,1.4835391666666664,1.5,1.5,0.040872416436870215,2.149,2.221,2.147,2.068
ds_2,44521,1785085946.3148127,1.5309437222222217,1.5062143888888895,1.5,1.5,0.031561567993817624,2.16,2.199,2.165,2.058
ds_2,44525,1785085946.3839483,1.5366364444444447,1.490321777777778,1.5,1.5,0.037893232204624545,2.153,2.203,2.139,2.077
ds_2,44529,1785085946.4557555,1.5067195555555557,1.4775195555555554,1.5,1.5,0.02346322248294043,2.124,2.21,2.17,2.09
ds_2,44533,1785085946.5140574,1.5245233888888887,1.4780593888888889,1.5,1.5,0.03290572926596041,2.129,2.21,2.146,2.073
ds_2,44541,1785085946.6321476,1.5017996666666664,1.4893868333333335,1.5,1.5,0.01076466937743794,2.135,2.199,2.182,2.097
ds_2,44545,1785085946.7222543,1.5363835555555556,1.4859835555555554,1.5,1.5,0.038990047829265406,2.133,2.195,2.125,2.057
ds_2,44549,1785085946.7784355,1.5113503333333334,1.4800105000000001,1.5,1.5,0.022987174185353308,2.118,2.208,2.165,2.066
ds_2,44553,1785085946.84067,1.5330419444444445,1.4924606111111114,1.5,1.5,0.03389118583773155,2.152,2.202,2.146,2.075
ds_2,44557,1785085946.909191,1.5276342222222223,1.4880067222222222,1.5,1.5,0.03012455725288101,2.148,2.189,2.134,2.101
ds_2,44561,1785085946.963033,1.5208168333333332,1.4924183333333332,1.5,1.5,0.02215450788151743,2.159,2.204,2.165,2.105
ds_2,44565,1785085947.0379827,1.5427428333333333,1.4997809999999996,1.5,1.5,0.04274339437107338,2.175,2.214,2.155,2.075
ds_2,44569,1785085947.1084514,1.5187394999999995,1.4867955000000002,1.5,1.5,0.022924390515343604,2.134,2.2,2.156,2.077
ds_2,44573,1785085947.1636019,1.5339644444444442,1.4681562777777781,1.5,1.5,0.0465575571887719,2.138,2.215,2.124,2.101
ds_2,44577,1785085947.2307074,1.5248471111111113,1.492800444444444,1.5,1.5,0.025869142443564794,2.159,2.207,2.163,2.095
ds_2,44585,1785085947.3490965,1.5327365555555559,1.5066245555555553,1.5,1.5,0.03340010188533315,2.165,2.194,2.158,2.07
ds_2,44589,1785085947.4164238,1.5219608888888887,1.475432888888889,1.5,1.5,0.03295183741668722,2.127,2.213,2.149,2.077
ds_2,44593,1785085947.481967,1.5409849444444443,1.4931349444444442,1.5,1.5,0.04155592206767956,2.151,2.208,2.142,2.053
ds_2,44597,1785085947.5503724,1.5460039999999997,1.4968399999999997,1.5,1.5,0.04611240197604084,2.159,2.203,2.135,2.057
ds_2,44601,1785085947.6013196,1.5144246111111106,1.493307777777778,1.5,1.5,0.015901422702965247,2.143,2.199,2.17,2.084
ds_2,44605,1785085947.6757674,1.5216580555555554,1.4919125555555557,1.5,1.5,0.02311878301488855,2.148,2.197,2.156,2.09
ds_2,44609,1785085947.737084,1.5129786666666671,1.4787704999999995,1.5,1.5,0.024882472921606405,2.136,2.207,2.16,2.105
ds_2,44613,1785085947.7997005,1.5231589444444442,1.4765882777777777,1.5,1.5,0.0329309192885858,2.131,2.215,2.151,2.078
ds_2,44617,1785085947.8663542,1.5288633888888887,1.5027993888888889,1.5,1.5,0.02899882405033797,2.143,2.19,2.154,2.045
ds_2,44621,1785085947.9208782,1.500335666666667,1.4601948333333332,1.5,1.5,0.03980658193656209,2.109,2.217,2.162,2.111
ds_2,44625,1785085947.9954708,1.504992388888889,1.481061888888889,1.5,1.5,0.019585096356022652,2.115,2.192,2.159,2.083
ds_2,44629,1785085948.0596805,1.5255339444444445,1.4847286111111113,1.5,1.5,0.029752271131590083,2.146,2.214,2.158,2.083
ds_2,44633,1785085948.1226988,1.511250111111111,1.495182777777778,1.5,1.5,0.01223808113842248,2.143,2.202,2.18,2.08
ds_2,44637,1785085948.1888108,1.5253571666666665,1.4877784999999997,1.5,1.5,0.02814872934274499,2.135,2.194,2.142,2.073
ds_2,44641,1785085948.244775,1.5095685555555558,1.4739210555555555,1.5,1.5,0.02777892364286599,2.111,2.207,2.158,2.073
ds_2,44645,1785085948.314897,1.5158197222222216,1.494673888888889,1.5,1.5,0.016692245827214246,2.145,2.202,2.173,2.079
ds_2,44649,1785085948.3810704,1.5088390555555558,1.4862968888888883,1.5,1.5,0.016306567917182112,2.139,2.197,2.166,2.106
ds_2,44653,1785085948.446141,1.5389958888888893,1.4969458888888887,1.5,1.5,0.039115303206208325,2.161,2.204,2.146,2.07
ds_2,44657,1785085948.5122743,1.5186453333333332,1.4781199999999997,1.5,1.5,0.0287468755712881,2.131,2.199,2.143,2.097
ds_2,44661,1785085948.5676146,1.517980388888889,1.4944817222222222,1.5,1.5,0.01880813053518075,2.142,2.219,2.187,2.052
ds_2,44665,1785085948.637023,1.523186388888889,1.494106388888889,1.5,1.5,0.02392369707289839,2.16,2.201,2.161,2.102
ds_2,44669,1785085948.7088354,1.5119798333333334,1.4923733333333329,1.5,1.5,0.014201494679747536,2.132,2.192,2.165,2.075
ds_2,44673,1785085948.7703319,1.5068413333333333,1.4704246666666667,1.5,1.5,0.030356287380961983,2.118,2.21,2.16,2.098
ds_2,44677,1785085948.8336585,1.536320611111111,1.4852124444444448,1.5,1.5,0.039215540169595886,2.143,2.195,2.124,2.08
ds_2,44681,1785085948.890313,1.5347831111111114,1.5014484444444443,1.5,1.5,0.03481325623776904,2.167,2.197,2.151,2.083
ds_2,44685,1785085948.964684,1.513155277777778,1.482621277777778,1.5,1.5,0.02179636023485682,2.136,2.202,2.16,2.099
ds_2,44689,1785085949.024696,1.5041795000000002,1.4748995,1.5,1.5,0.02544608654587185,2.132,2.216,2.176,2.111
ds_2,44693,1785085949.0869148,1.5470002777777783,1.4976776111111108,1.5,1.5,0.04705762001354885,2.173,2.21,2.142,2.075
ds_2,44697,1785085949.1543486,1.5385450555555558,1.493069555555555,1.5,1.5,0.03916315063906909,2.145,2.197,2.134,2.056
ds_2,44701,1785085949.208284,1.515277333333333,1.4870348333333336,1.5,1.5,0.02003727677286017,2.141,2.192,2.153,2.104
ds_2,44705,1785085949.2817311,1.5194701111111113,1.4961847777777775,1.5,1.5,0.019840391812763182,2.152,2.199,2.167,2.087
ds_2,44709,1785085949.3477077,1.535977277777778,1.4898119444444446,1.5,1.5,0.03739199101816435,2.156,2.196,2.132,2.093
ds_2,44713,1785085949.408003,1.5336675000000004,1.4821569999999997,1.5,1.5,0.038103453980578156,2.149,2.212,2.141,2.087
ds_2,44717,1785085949.4748201,1.5248955000000002,1.4823466666666667,1.5,1.5,0.030519274205455568,2.127,2.193,2.134,2.074
ds_2,44721,1785085949.5285935,1.5196331666666667,1.4841490000000004,1.5,1.5,0.025233220847943695,2.124,2.197,2.148,2.066
ds_2,44725,1785085949.5984237,1.5176243888888887,1.4915363888888893,1.5,1.5,0.019551260745714106,2.128,2.192,2.156,2.061
ds_2,44729,1785085949.6670403,1.526510777777778,1.4895102777777776,1.5,1.5,0.028510622769103357,2.138,2.202,2.151,2.064
ds_2,44733,1785085949.7370532,1.5321025555555554,1.4705200555555555,1.5,1.5,0.04358487349580188,2.142,2.216,2.131,2.104
ds_2,44737,1785085949.801682,1.5217202777777779,1.4766256111111111,1.5,1.5,0.031908188959463714,2.129,2.213,2.151,2.078
ds_2,44741,1785085949.850502,1.519918666666667,1.481255166666667,1.5,1.5,0.027351820021202063,2.128,2.215,2.162,2.063
ds_2,44745,1785085949.9210894,1.5350770555555548,1.4700070555555558,1.5,1.5,0.04615166890693119,2.134,2.214,2.124,2.087
ds_2,44749,1785085949.989602,1.5239118333333335,1.4861251666666668,1.5,1.5,0.027645736984006967,2.133,2.206,2.154,2.063
ds_2,44753,1785085950.0496418,1.5349072222222222,1.4906517222222222,1.5,1.5,0.03613730012995019,2.163,2.207,2.146,2.095
ds_2,44757,1785085950.122303,1.527455111111111,1.496287277777778,1.5,1.5,0.02770500735287451,2.147,2.196,2.153,2.068
ds_2,44761,1785085950.1720874,1.5282228333333334,1.5049908333333333,1.5,1.5,0.028660717693774287,2.162,2.194,2.162,2.075
ds_2,44765,1785085950.2455637,1.5416660555555557,1.5084540555555555,1.5,1.5,0.042515070750206586,2.175,2.189,2.143,2.078
ds_2,44769,1785085950.311248,1.5229752222222221,1.485855722222222,1.5,1.5,0.026980019088492808,2.151,2.209,2.158,2.099
ds_2,44773,1785085950.3731952,1.5180214444444446,1.4797466111111108,1.5,1.5,0.027110371103118158,2.117,2.193,2.14,2.071
ds_2,44777,1785085950.439727,1.5204948888888892,1.4957088888888888,1.5,1.5,0.02093929571728274,2.158,2.204,2.17,2.094
ds_2,44781,1785085950.498344,1.521852888888889,1.4897768888888887,1.5,1.5,0.024125935289232875,2.145,2.209,2.165,2.077
ds_2,44785,1785085950.5657072,1.5162614444444442,1.4793119444444442,1.5,1.5,0.026314068824290684,2.131,2.199,2.148,2.097
ds_2,44789,1785085950.6308558,1.5209315555555554,1.4854473888888895,1.5,1.5,0.025493303201557026,2.136,2.197,2.148,2.085
ds_2,44793,1785085950.6918893,1.5257270000000003,1.492208333333333,1.5,1.5,0.026881008136683884,2.154,2.209,2.163,2.083
ds_2,44797,1785085950.761353,1.5148354999999996,1.4966480000000004,1.5,1.5,0.015209469558468632,2.143,2.195,2.17,2.078
ds_2,44801,1785085950.8152552,1.5358927222222227,1.4932652222222218,1.5,1.5,0.03651910103271569,2.154,2.197,2.138,2.078
ds_2,44805,1785085950.8860908,1.503997,1.5003594999999998,1.5,1.5,0.0040131345915630735,2.135,2.185,2.18,2.077
ds_2,44809,1785085950.9540617,1.5441411111111114,1.4954879444444442,1.5,1.5,0.04437112051165606,2.159,2.212,2.145,2.054
ds_2,44813,1785085951.0203323,1.5164508333333335,1.493981,1.5,1.5,0.01751737076050848,2.151,2.19,2.159,2.105
ds_2,44817,1785085951.0827658,1.5350188333333337,1.4890393333333332,1.5,1.5,0.036694071752881044,2.155,2.221,2.158,2.068
ds_2,44821,1785085951.1365454,1.5442790555555552,1.4841455555555558,1.5,1.5,0.04703188460538141,2.141,2.215,2.132,2.046
ds_2,44825,1785085951.2076237,1.5236102777777776,1.493796444444445,1.5,1.5,0.024411663570405764,2.156,2.202,2.161,2.093
ds_2,44829,1785085951.2764988,1.520522555555556,1.489354722222222,1.5,1.5,0.023119196039156114,2.148,2.196,2.153,2.1
ds_2,44833,1785085951.3365777,1.5097359444444443,1.4842267777777778,1.5,1.5,0.018535996156044857,2.131,2.204,2.169,2.087
ds_2,44837,1785085951.4044204,1.5295959444444447,1.496993444444444,1.5,1.5,0.029748265560655827,2.149,2.196,2.151,2.067
ds_2,44841,1785085951.459908,1.542223166666667,1.4886471666666665,1.5,1.5,0.04372279300382799,2.161,2.209,2.135,2.084
ds_2,44845,1785085951.5314672,1.520981833333333,1.4917418333333334,1.5,1.5,0.022548495442539028,2.141,2.213,2.173,2.06
ds_2,44849,1785085951.6000986,1.5216062777777781,1.4983956111111107,1.5,1.5,0.02166576338644222,2.153,2.192,2.16,2.087
ds_2,44853,1785085951.65796,1.5224738888888887,1.4755763888888886,1.5,1.5,0.03319018622269113,2.135,2.197,2.132,2.109
ds_2,44857,1785085951.7257137,1.5103918333333337,1.4698291666666665,1.5,1.5,0.03191033349959809,2.113,2.201,2.145,2.094
ds_2,44861,1785085951.7835212,1.5246179444444443,1.4803827777777774,1.5,1.5,0.03147822416188391,2.141,2.206,2.145,2.095
ds_2,44865,1785085951.8519144,1.5188522777777773,1.5014042777777783,1.5,1.5,0.018904506697812518,2.165,2.193,2.169,2.106
ds_2,44869,1785085951.9190564,1.5359164999999992,1.4923765000000004,1.5,1.5,0.036716654592976454,2.155,2.207,2.147,2.072
ds_2,44873,1785085951.977879,1.5412993333333336,1.4821226666666665,1.5,1.5,0.04500259971256011,2.142,2.206,2.124,2.068
ds_2,44877,1785085952.0491126,1.5375861111111115,1.5043127777777778,1.5,1.5,0.037832734511495686,2.168,2.193,2.147,2.077
ds_2,44881,1785085952.1072268,1.540789,1.4995874999999996,1.5,1.5,0.04079108575718471,2.159,2.197,2.14,2.063
ds_2,44885,1785085952.1782231,1.5190525000000004,1.5052236666666663,1.5,1.5,0.019755618180519036,2.154,2.193,2.174,2.072
ds_2,44889,1785085952.2447584,1.5242955555555555,1.4913180555555556,1.5,1.5,0.02580019726842225,2.156,2.221,2.176,2.079
ds_2,44893,1785085952.3149123,1.5217292777777776,1.4786691111111112,1.5,1.5,0.030449438969116272,2.135,2.219,2.16,2.078
ds_2,44897,1785085952.37579,1.5475631666666665,1.505841833333333,1.5,1.5,0.04792057846119488,2.185,2.187,2.129,2.1
ds_2,44901,1785085952.4276605,1.5538319444444446,1.4966227777777774,1.5,1.5,0.05393777778707652,2.183,2.212,2.133,2.087
ds_2,44909,1785085952.5689707,1.5242226666666667,1.4921466666666665,1.5,1.5,0.025463943624051917,2.149,2.209,2.165,2.075
ds_2,44913,1785085952.6378496,1.5213703333333324,1.4871621666666668,1.5,1.5,0.02492992401657451,2.139,2.207,2.16,2.075
ds_2,44921,1785085952.7463562,1.5329504999999999,1.4823871666666668,1.5,1.5,0.03736237878237633,2.133,2.202,2.132,2.065
ds_2,44925,1785085952.8284483,1.5229067777777776,1.4713726111111112,1.5,1.5,0.03666398590928381,2.119,2.213,2.142,2.071
ds_2,44929,1785085952.8948123,1.536471444444444,1.5053036111111118,1.5,1.5,0.036855047831770314,2.162,2.196,2.153,2.06
ds_2,44933,1785085952.9530592,1.532271555555555,1.4746182222222226,1.5,1.5,0.04105713021066804,2.124,2.202,2.122,2.07
ds_2,44937,1785085953.015432,1.508453944444445,1.4735899444444442,1.5,1.5,0.027730131826540286,2.118,2.203,2.155,2.094
ds_2,44941,1785085953.0687537,1.5224189444444445,1.4912511111111109,1.5,1.5,0.024065579710308576,2.134,2.196,2.153,2.063
ds_2,44945,1785085953.1360226,1.5194677777777779,1.4874651111111112,1.5,1.5,0.023154217997197152,2.138,2.204,2.16,2.078
ds_2,44949,1785085953.2050805,1.521368611111111,1.476191277777778,1.5,1.5,0.0319917613562122,2.14,2.217,2.155,2.098
ds_2,44953,1785085953.2667623,1.5436675555555557,1.4792760555555557,1.5,1.5,0.048335672970736154,2.172,2.215,2.126,2.125
ds_2,44957,1785085953.3319051,1.517012444444444,1.4959632777777776,1.5,1.5,0.017484804610709143,2.143,2.192,2.163,2.08
ds_2,44961,1785085953.3889272,1.5325568333333335,1.4881793333333333,1.5,1.5,0.03463633290547513,2.147,2.213,2.152,2.066
ds_2,44965,1785085953.4576597,1.5254141111111117,1.479665611111111,1.5,1.5,0.03254787881033879,2.148,2.21,2.147,2.106
ds_2,44969,1785085953.5244195,1.5372142777777777,1.5031001111111113,1.5,1.5,0.03734318089588565,2.162,2.201,2.154,2.06
ds_2,44973,1785085953.5911791,1.5173075555555555,1.4693035555555554,1.5,1.5,0.03523951164303383,2.121,2.215,2.149,2.087
ds_2,44977,1785085953.65831,1.5360458888888886,1.4862163888888889,1.5,1.5,0.038591372624622325,2.141,2.201,2.132,2.067
ds_2,44981,1785085953.7095656,1.511793888888889,1.4818843888888884,1.5,1.5,0.02161645625565143,2.121,2.209,2.168,2.065
ds_2,44985,1785085953.7782416,1.519706222222222,1.4741047222222223,1.5,1.5,0.032540752994665946,2.142,2.203,2.14,2.125
ds_2,44989,1785085953.8390088,1.5215011666666667,1.4960270000000002,1.5,1.5,0.021865152572707484,2.146,2.201,2.166,2.07
ds_2,44993,1785085953.9107606,1.535271,1.483047,1.5,1.5,0.039133715003817404,2.147,2.212,2.14,2.078
ds_2,44997,1785085953.9749882,1.5179453333333335,1.486045333333333,1.5,1.5,0.022732525381537284,2.125,2.197,2.153,2.065
ds_2,45001,1785085954.0303059,1.531577333333333,1.4713331666666671,1.5,1.5,0.04264874340242045,2.136,2.219,2.136,2.087
ds_2,45005,1785085954.0994499,1.5289293888888889,1.478319388888889,1.5,1.5,0.03615188016736881,2.145,2.204,2.134,2.105
ds_2,45009,1785085954.1678717,1.5420682222222226,1.4987882222222222,1.5,1.5,0.042085671270885305,2.152,2.194,2.134,2.052
ds_2,45013,1785085954.230433,1.5204217777777778,1.4927831111111107,1.5,1.5,0.021659466587141775,2.147,2.201,2.163,2.083
ds_2,45017,1785085954.2985137,1.5187711666666672,1.4976929999999997,1.5,1.5,0.018912401937030636,2.154,2.195,2.166,2.092
ds_2,45021,1785085954.3535144,1.5270088888888884,1.481533388888889,1.5,1.5,0.03271843218953691,2.126,2.197,2.134,2.067
ds_2,45025,1785085954.42143,1.526038055555555,1.506359555555556,1.5,1.5,0.026803437913416526,2.176,2.2,2.173,2.097
ds_2,45029,1785085954.4891782,1.5146190000000002,1.4847231666666663,1.5,1.5,0.021144663574870645,2.126,2.208,2.167,2.064
ds_2,45033,1785085954.550582,1.526435388888889,1.4894688888888885,1.5,1.5,0.028455826941794823,2.148,2.2,2.149,2.087
ds_2,45037,1785085954.6214066,1.525416,1.4667585,1.5,1.5,0.04184459795780096,2.128,2.213,2.132,2.099
ds_2,45041,1785085954.671593,1.535039444444444,1.4843361111111115,1.5,1.5,0.038381246489642806,2.135,2.208,2.138,2.054
ds_2,45045,1785085954.74227,1.517496555555555,1.499309055555556,1.5,1.5,0.017510193046735182,2.151,2.195,2.17,2.083
ds_2,45049,1785085954.810986,1.5293319999999997,1.5060680000000004,1.5,1.5,0.029953077437885858,2.161,2.197,2.165,2.065
ds_2,45053,1785085954.8710775,1.5053437777777774,1.4768932777777781,1.5,1.5,0.023716588557235414,2.129,2.208,2.169,2.106
ds_2,45057,1785085954.9413888,1.510836888888889,1.4898553888888884,1.5,1.5,0.014844234415617932,2.126,2.185,2.156,2.079
ds_2,45061,1785085954.9933407,1.514404388888889,1.4925643888888886,1.5,1.5,0.016210327938016248,2.14,2.199,2.169,2.08
ds_2,45065,1785085955.0660262,1.5299298888888884,1.4928443888888894,1.5,1.5,0.03077338166784166,2.151,2.207,2.156,2.071
ds_2,45069,1785085955.1313198,1.5413788888888889,1.489202888888889,1.5,1.5,0.042764354946902734,2.154,2.21,2.138,2.068
ds_2,45073,1785085955.1950421,1.5502400000000005,1.5011666666666665,1.5,1.5,0.05025354426417267,2.185,2.199,2.131,2.097
ds_2,45077,1785085955.2605503,1.5116300555555555,1.4824833888888886,1.5,1.5,0.021025932964870254,2.127,2.206,2.166,2.079
ds_2,45081,1785085955.3177686,1.5292806111111106,1.5060912777777782,1.5,1.5,0.029907488226297883,2.168,2.19,2.158,2.087
ds_2,45085,1785085955.3892128,1.5194249444444439,1.4947296111111108,1.5,1.5,0.020127231943559885,2.131,2.196,2.162,2.051
ds_2,45089,1785085955.4565182,1.5279763333333334,1.484436333333333,1.5,1.5,0.03201410543633698,2.134,2.207,2.147,2.063
ds_2,45093,1785085955.521252,1.5342105555555554,1.4822745555555554,1.5,1.5,0.03852990386923946,2.139,2.2,2.128,2.078
ds_2,45097,1785085955.5823116,1.522183222222222,1.4938757222222219,1.5,1.5,0.023013085982976553,2.139,2.197,2.158,2.065
ds_2,45101,1785085955.6405673,1.5382202777777776,1.4816702777777775,1.5,1.5,0.042388304402916584,2.139,2.214,2.136,2.059
ds_2,45105,1785085955.7067454,1.5204852222222223,1.4834507222222222,1.5,1.5,0.02633482341805009,2.136,2.204,2.153,2.084
ds_2,45109,1785085955.7770135,1.5450098333333335,1.4770478333333326,1.5,1.5,0.05052412345987748,2.147,2.216,2.122,2.077
ds_2,45113,1785085955.8225055,1.5279407777777778,1.4879649444444443,1.5,1.5,0.030422518387741595,2.138,2.208,2.153,2.06
ds_2,45117,1785085955.9041448,1.5356805555555555,1.4966385555555557,1.5,1.5,0.035838545638825346,2.159,2.196,2.142,2.08
ds_2,45121,1785085955.9640388,1.5309161111111111,1.498268611111111,1.5,1.5,0.030964554473125207,2.159,2.199,2.154,2.079
ds_2,45125,1785085956.0373926,1.5332382222222225,1.4967882222222217,1.5,1.5,0.03339303719321853,2.158,2.212,2.162,2.064
ds_2,45129,1785085956.0990891,1.534743444444444,1.4842501111111113,1.5,1.5,0.03814663722894214,2.146,2.199,2.129,2.087
ds_2,45133,1785085956.1631966,1.5360596666666668,1.4745904999999997,1.5,1.5,0.04411283543778543,2.126,2.212,2.127,2.058
ds_2,45137,1785085956.2275903,1.529029777777778,1.4756511111111108,1.5,1.5,0.03788926481142965,2.129,2.201,2.127,2.083
ds_2,45141,1785085956.285307,1.5179012777777776,1.4777971111111112,1.5,1.5,0.028520589423949413,2.129,2.215,2.16,2.078
ds_2,45145,1785085956.3510213,1.5243023333333334,1.4908296666666665,1.5,1.5,0.02597495753391902,2.151,2.206,2.16,2.086
ds_2,45149,1785085956.4186125,1.5429682777777778,1.4805896111111114,1.5,1.5,0.04714908368151136,2.141,2.219,2.133,2.054
ds_2,45153,1785085956.480072,1.5348417222222217,1.5043777222222225,1.5,1.5,0.035115666863458524,2.162,2.197,2.155,2.064
ds_2,45157,1785085956.5472918,1.5288859444444443,1.4947561111111116,1.5,1.5,0.029358068007389843,2.161,2.202,2.155,2.093
ds_2,45161,1785085956.6013722,1.5371715555555556,1.4870430555555556,1.5,1.5,0.039365047335881316,2.153,2.214,2.145,2.074
ds_2,45165,1785085956.6767554,1.524274277777778,1.4697867777777782,1.5,1.5,0.038756668570480664,2.136,2.217,2.142,2.104
ds_2,45173,1785085956.8034797,1.516716111111111,1.4905081111111114,1.5,1.5,0.019223015511568776,2.151,2.202,2.166,2.102
ds_2,45177,1785085956.8731234,1.5060406111111106,1.4869219444444448,1.5,1.5,0.014405711357300666,2.122,2.219,2.193,2.05
ds_2,45181,1785085956.931189,1.514972888888889,1.4958888888888886,1.5,1.5,0.01552702921511121,2.147,2.215,2.189,2.067
ds_2,45185,1785085956.9993126,1.5165226666666662,1.4947226666666669,1.5,1.5,0.017344992386532566,2.141,2.195,2.165,2.077
ds_2,45189,1785085957.0610902,1.5328765555555552,1.4830010555555557,1.5,1.5,0.037011241770883795,2.145,2.203,2.134,2.087
ds_2,45193,1785085957.125432,1.5348996666666668,1.4870936666666665,1.5,1.5,0.037209678493042186,2.159,2.206,2.14,2.098
ds_2,45201,1785085957.2601197,1.5391084444444443,1.4861712777777782,1.5,1.5,0.041481369133185016,2.155,2.212,2.139,2.08
ds_2,45205,1785085957.3251166,1.5310954999999995,1.4912113333333334,1.5,1.5,0.032313631520269344,2.147,2.203,2.148,2.07
ds_2,45209,1785085957.3872232,1.5482333888888888,1.4933613888888886,1.5,1.5,0.04868809876336677,2.161,2.204,2.128,2.067
ds_2,45213,1785085957.4471016,1.534499388888889,1.4869573888888887,1.5,1.5,0.03688248281098326,2.149,2.194,2.128,2.091
ds_2,45217,1785085957.515003,1.5318527777777775,1.4884727777777775,1.5,1.5,0.033874419616001926,2.146,2.199,2.139,2.079
ds_2,45221,1785085957.577955,1.530440833333334,1.4766921666666661,1.5,1.5,0.038339267451560445,2.148,2.216,2.142,2.101
ds_2,45225,1785085957.6462688,1.516438611111111,1.4887239444444442,1.5,1.5,0.019934326277913743,2.146,2.207,2.169,2.092
ds_2,45229,1785085957.7121673,1.519385722222222,1.4821982222222223,1.5,1.5,0.026319375336936325,2.143,2.213,2.162,2.094
ds_2,45233,1785085957.771093,1.5235034999999995,1.4837660000000004,1.5,1.5,0.028564965749147374,2.131,2.195,2.14,2.078
ds_2,45237,1785085957.8371425,1.5300700000000003,1.4756075,1.5,1.5,0.03871949065070482,2.135,2.216,2.141,2.078
ds_2,45241,1785085957.890881,1.5181098888888886,1.475541388888889,1.5,1.5,0.030433398315870854,2.118,2.194,2.135,2.084
ds_2,45245,1785085957.9692419,1.5190263333333331,1.481855833333334,1.5,1.5,0.026290913718219382,2.132,2.212,2.161,2.074
ds_2,45249,1785085958.0356448,1.523708888888889,1.4931748888888892,1.5,1.5,0.024671715668446996,2.146,2.202,2.16,2.074
ds_2,45253,1785085958.0880978,1.5318764999999999,1.492139,1.5,1.5,0.0328314875272198,2.138,2.195,2.14,2.056
ds_2,45257,1785085958.1541126,1.5215206666666665,1.4816181666666666,1.5,1.5,0.028302489121492823,2.141,2.204,2.149,2.098
ds_2,45261,1785085958.2090843,1.5394404999999995,1.4772338333333335,1.5,1.5,0.04553955846233473,2.153,2.213,2.127,2.1
ds_2,45265,1785085958.279479,1.5342925000000003,1.4987429999999997,1.5,1.5,0.0343155300884311,2.152,2.201,2.152,2.056
ds_2,45269,1785085958.348474,1.5404085555555556,1.5013665555555558,1.5,1.5,0.040431656361975085,2.165,2.196,2.142,2.072
ds_2,45273,1785085958.4083693,1.5183454444444446,1.5016052777777773,1.5,1.5,0.018415543668543435,2.149,2.195,2.172,2.071
ds_2,45277,1785085958.4770596,1.5170386666666662,1.4837500000000006,1.5,1.5,0.023545247116514692,2.122,2.194,2.148,2.07
ds_2,45281,1785085958.5299366,1.5168172777777775,1.495007277777778,1.5,1.5,0.01754275084025303,2.146,2.196,2.166,2.085
ds_2,45285,1785085958.6007776,1.52578,1.4778200000000001,1.5,1.5,0.03400824605886034,2.135,2.213,2.147,2.081
ds_2,45289,1785085958.6700425,1.5255912222222217,1.5015397222222224,1.5,1.5,0.025637499865406865,2.159,2.203,2.17,2.073
ds_2,45293,1785085958.7298722,1.5168165,1.4892411666666665,1.5,1.5,0.01996364613352101,2.135,2.196,2.158,2.079
ds_2,45297,1785085958.7982445,1.5254629444444445,1.4811871111111112,1.5,1.5,0.031658905984359956,2.134,2.208,2.147,2.075
ds_2,45301,1785085958.852944,1.517431944444444,1.4790157777777784,1.5,1.5,0.02728021754652555,2.129,2.201,2.148,2.09
ds_2,45305,1785085958.9209807,1.5142466666666663,1.4938906666666667,1.5,1.5,0.015501337519352256,2.147,2.195,2.167,2.095
ds_2,45309,1785085958.995792,1.5277245,1.482249,1.5,1.5,0.03292029619019244,2.128,2.197,2.134,2.068
ds_2,45313,1785085959.0503366,1.523548777777778,1.480128777777778,1.5,1.5,0.030812504075977038,2.112,2.201,2.141,2.043
ds_2,45317,1785085959.1178284,1.5253347777777782,1.4874094444444446,1.5,1.5,0.028290865208524987,2.153,2.214,2.162,2.09
ds_2,45321,1785085959.1734738,1.5402637777777781,1.4894671111111106,1.5,1.5,0.04161866827859811,2.146,2.212,2.142,2.05
ds_2,45325,1785085959.243877,1.5670948888888887,1.5040923888888893,1.5,1.5,0.06721957870910994,2.185,2.216,2.129,2.046
ds_2,45329,1785085959.3105812,1.5324923333333331,1.5120616666666669,1.5,1.5,0.03465884487720578,2.166,2.203,2.175,2.047
ds_2,45333,1785085959.3741484,1.536372166666667,1.4943801666666665,1.5,1.5,0.036803763866243996,2.156,2.201,2.143,2.074
ds_2,45337,1785085959.4414892,1.523096277777778,1.482514944444444,1.5,1.5,0.028968348502618396,2.135,2.202,2.146,2.083
ds_2,45341,1785085959.4959226,1.5385388333333339,1.5181828333333336,1.5,1.5,0.04261287484695526,2.176,2.195,2.167,2.05
ds_2,45345,1785085959.5667129,1.5253172222222224,1.488452722222222,1.5,1.5,0.02782627113226925,2.152,2.194,2.143,2.106
ds_2,45349,1785085959.6333168,1.5151275555555561,1.4962342222222216,1.5,1.5,0.015589227670351296,2.145,2.193,2.167,2.085
ds_2,45353,1785085959.6946542,1.516482444444445,1.5011839444444444,1.5,1.5,0.016524911476668902,2.151,2.196,2.175,2.078
ds_2,45357,1785085959.7602801,1.5307539444444442,1.4802139444444447,1.5,1.5,0.03656901821678407,2.142,2.201,2.131,2.094
ds_2,45361,1785085959.81479,1.5139712777777776,1.488625444444444,1.5,1.5,0.018016023890699433,2.131,2.19,2.155,2.083
ds_2,45365,1785085959.8870401,1.5344891666666676,1.4859253333333327,1.5,1.5,0.037250488038936755,2.146,2.208,2.141,2.073
ds_2,45369,1785085959.9584265,1.5215133333333337,1.4744858333333335,1.5,1.5,0.03337358554014782,2.128,2.203,2.138,2.093
ds_2,45373,1785085960.0071912,1.5382116666666668,1.4966491666666668,1.5,1.5,0.03835830488267473,2.17,2.216,2.159,2.078
ds_2,45377,1785085960.077129,1.5264026111111109,1.4759559444444441,1.5,1.5,0.03571014535175141,2.126,2.197,2.127,2.084
ds_2,45381,1785085960.1364682,1.5234453888888888,1.488693388888889,1.5,1.5,0.026029324135849772,2.135,2.196,2.148,2.071
ds_2,45385,1785085960.2083101,1.5214283333333336,1.490117166666667,1.5,1.5,0.02359753936619013,2.148,2.206,2.163,2.086
ds_2,45389,1785085960.27602,1.518398277777778,1.4790682777777775,1.5,1.5,0.027868147056748574,2.133,2.212,2.158,2.085
ds_2,45393,1785085960.337291,1.5529053333333334,1.5081826666666671,1.5,1.5,0.053534384547586786,2.183,2.195,2.133,2.073
ds_2,45397,1785085960.4054177,1.5280574444444448,1.4861621111111105,1.5,1.5,0.03128429889983724,2.141,2.196,2.138,2.084
ds_2,45401,1785085960.4624052,1.5279851666666668,1.4894453333333333,1.5,1.5,0.02990937213994246,2.158,2.208,2.155,2.097
ds_2,45405,1785085960.5302007,1.5079621666666667,1.4743974999999998,1.5,1.5,0.02681201417793502,2.122,2.212,2.166,2.091
ds_2,45413,1785085960.664894,1.5293876666666666,1.4853558333333332,1.5,1.5,0.032834228626118525,2.134,2.196,2.135,2.07
ds_2,45417,1785085960.7336717,1.5286426666666673,1.4887401666666664,1.5,1.5,0.030776390309330656,2.153,2.204,2.149,2.092
ds_2,45421,1785085960.7863169,1.5040280555555554,1.4786355555555553,1.5,1.5,0.02174085366259583,2.106,2.194,2.159,2.071
ds_2,45425,1785085960.8527684,1.525824777777778,1.4837167777777778,1.5,1.5,0.030529698216816517,2.148,2.207,2.149,2.097
ds_2,45429,1785085960.9308925,1.5287493333333335,1.4862005,1.5,1.5,0.031889659254390294,2.124,2.193,2.134,2.051
ds_2,45433,1785085960.989264,1.526735611111111,1.4898711111111111,1.5,1.5,0.028589985862326306,2.136,2.194,2.143,2.067
ds_2,45437,1785085961.0431776,1.5210213333333333,1.4796868333333333,1.5,1.5,0.029232194497486687,2.135,2.204,2.147,2.092
ds_2,45441,1785085961.1077197,1.527950944444445,1.4746216111111108,1.5,1.5,0.037753382867395435,2.141,2.199,2.125,2.114
ds_2,45445,1785085961.1773698,1.5343356111111113,1.489592277777778,1.5,1.5,0.035878334301196364,2.141,2.196,2.134,2.065
ds_2,45449,1785085961.2414494,1.535051722222222,1.4765022222222222,1.5,1.5,0.042199156285850546,2.141,2.209,2.128,2.088
ds_2,45453,1785085961.3067133,1.535659055555555,1.4899525555555557,1.5,1.5,0.03704752870271305,2.165,2.208,2.145,2.099
ds_2,45457,1785085961.3789797,1.5276261666666668,1.5001015000000004,1.5,1.5,0.027626353124226406,2.148,2.192,2.154,2.063
ds_2,45461,1785085961.4291544,1.5232646666666672,1.484724833333333,1.5,1.5,0.02783119529962,2.135,2.208,2.155,2.07
ds_2,45465,1785085961.5010781,1.5261496666666674,1.489013166666666,1.5,1.5,0.028363983737695886,2.146,2.21,2.159,2.074
ds_2,45469,1785085961.5634687,1.527347055555555,1.5135498888888892,1.5,1.5,0.030519844961268357,2.175,2.188,2.169,2.085
ds_2,45473,1785085961.6306558,1.5219725,1.4784125000000004,1.5,1.5,0.030802774428612477,2.115,2.208,2.148,2.049
ds_2,45477,1785085961.6909728,1.5562013333333333,1.4978678333333335,1.5,1.5,0.05624176386937813,2.176,2.201,2.12,2.077
ds_2,45481,1785085961.7442484,1.4995972777777782,1.4617066111111108,1.5,1.5,0.0382955064959843,2.102,2.212,2.16,2.099
ds_2,45485,1785085961.816974,1.5078791666666664,1.4809493333333335,1.5,1.5,0.020615750478834075,2.126,2.202,2.165,2.091
ds_2,45489,1785085961.8841815,1.5241481111111113,1.4855906111111112,1.5,1.5,0.02812048645357697,2.133,2.209,2.156,2.061
ds_2,45493,1785085961.9456296,1.5171435555555561,1.4864975555555553,1.5,1.5,0.021822408278229864,2.142,2.21,2.168,2.086
ds_2,45501,1785085962.0694103,1.520472111111111,1.491458777777778,1.5,1.5,0.022182421202273116,2.147,2.196,2.156,2.092
ds_2,45505,1785085962.1431422,1.5110074444444443,1.4841022777777775,1.5,1.5,0.019336530326107538,2.138,2.2,2.163,2.104
ds_2,45509,1785085962.2043529,1.528026555555556,1.4842065555555553,1.5,1.5,0.032170183458109715,2.14,2.221,2.161,2.061
ds_2,45513,1785085962.2676592,1.5072339999999993,1.4774201666666673,1.5,1.5,0.023710327483210177,2.125,2.202,2.161,2.1
ds_2,45517,1785085962.331636,1.5202323888888887,1.4766723888888884,1.5,1.5,0.03087923250831346,2.122,2.208,2.148,2.071
ds_2,45521,1785085962.3874993,1.5325226666666663,1.5057038333333335,1.5,1.5,0.03301904846911144,2.154,2.193,2.156,2.051
ds_2,45525,1785085962.460012,1.536558111111112,1.4772994444444438,1.5,1.5,0.04303267026972995,2.132,2.209,2.127,2.065
ds_2,45529,1785085962.5258818,1.5392428333333332,1.4901241666666667,1.5,1.5,0.04046643117517959,2.154,2.201,2.133,2.078
ds_2,45533,1785085962.5924659,1.5261134999999997,1.4801760000000006,1.5,1.5,0.03278575694184838,2.147,2.219,2.156,2.092
ds_2,45537,1785085962.6551366,1.5274190555555558,1.479958222222222,1.5,1.5,0.03396288362392817,2.139,2.223,2.158,2.07
ds_2,45541,1785085962.7129989,1.5283769999999999,1.5087614999999996,1.5,1.5,0.029698788043453668,2.163,2.193,2.166,2.067
ds_2,45545,1785085962.7792726,1.5129630555555555,1.4881770555555558,1.5,1.5,0.017544880298048023,2.132,2.204,2.17,2.073
ds_2,45549,1785085962.84623,1.52476,1.4919925,1.5,1.5,0.026022637380749742,2.152,2.207,2.162,2.083
ds_2,45553,1785085962.9087546,1.5240582777777774,1.4743207777777783,1.5,1.5,0.03518839558108529,2.124,2.197,2.128,2.088
ds_2,45557,1785085962.9765177,1.5308095,1.4813961666666666,1.5,1.5,0.03599066413591783,2.146,2.214,2.146,2.085
ds_2,45561,1785085963.0297265,1.541407388888889,1.4971518888888888,1.5,1.5,0.04150522366518374,2.176,2.207,2.146,2.094
ds_2,45565,1785085963.0933924,1.5164753888888887,1.477091388888889,1.5,1.5,0.02821777634896544,2.127,2.215,2.161,2.078
ds_2,45569,1785085963.1705337,1.5302408888888885,1.489248388888889,1.5,1.5,0.03209530343016978,2.133,2.186,2.129,2.066
ds_2,45573,1785085963.2290902,1.5392591666666662,1.507007166666667,1.5,1.5,0.039879600700803416,2.179,2.221,2.177,2.06
ds_2,45577,1785085963.2958894,1.5599693333333333,1.5131585,1.5,1.5,0.061395985721335596,2.188,2.193,2.128,2.061
ds_2,45581,1785085963.3515236,1.5464196666666667,1.4895001666666667,1.5,1.5,0.04759235183800259,2.149,2.201,2.122,2.059
ds_2,45585,1785085963.4216607,1.5102736111111112,1.4789194444444438,1.5,1.5,0.023450733630171156,2.126,2.209,2.166,2.086
ds_2,45589,1785085963.489948,1.5516537222222222,1.507276222222222,1.5,1.5,0.05216368880013806,2.181,2.213,2.152,2.054
ds_2,45593,1785085963.5535288,1.5433797222222216,1.4870117222222223,1.5,1.5,0.045282399005682365,2.146,2.207,2.129,2.058
ds_2,45597,1785085963.6196318,1.5267156666666668,1.4782858333333333,1.5,1.5,0.034427196799510576,2.136,2.202,2.135,2.092
ds_2,45601,1785085963.6740236,1.533743222222222,1.494521222222222,1.5,1.5,0.034185114478037563,2.155,2.206,2.152,2.07
ds_2,45605,1785085963.7433383,1.5143772777777778,1.4918454444444442,1.5,1.5,0.01652885031113863,2.135,2.196,2.165,2.075
ds_2,45613,1785085963.8772573,1.514505722222222,1.4925357222222224,1.5,1.5,0.016313534869306832,2.154,2.212,2.182,2.095
ds_2,45617,1785085963.9415205,1.519647666666667,1.4856274999999997,1.5,1.5,0.024343367920122833,2.151,2.195,2.148,2.119
ds_2,45621,1785085963.994454,1.5159602777777774,1.4819714444444452,1.5,1.5,0.02407819100687472,2.128,2.193,2.146,2.09
ds_2,45625,1785085964.0723033,1.4945416111111116,1.479243111111111,1.5,1.5,0.021462582454309202,2.114,2.196,2.175,2.097
ds_2,45629,1785085964.1199634,1.521018555555556,1.4918585555555552,1.5,1.5,0.02254024834122228,2.156,2.207,2.167,2.097
ds_2,45633,1785085964.1978858,1.5133693333333336,1.478441333333333,1.5,1.5,0.025367601034040264,2.125,2.207,2.159,2.083
ds_2,45637,1785085964.2621198,1.521105722222222,1.492105722222222,1.5,1.5,0.022533777582871287,2.142,2.195,2.155,2.08
ds_2,45641,1785085964.3160155,1.5451314999999999,1.4896273333333334,1.5,1.5,0.04630814729642901,2.169,2.201,2.124,2.102
ds_2,45645,1785085964.385447,1.5196687222222223,1.4870662222222222,1.5,1.5,0.023540204787976665,2.132,2.196,2.151,2.075
ds_2,45649,1785085964.4559965,1.5316091111111112,1.501959277777778,1.5,1.5,0.031669775411977075,2.149,2.19,2.149,2.056
ds_2,45653,1785085964.516711,1.5174382777777777,1.4869182777777776,1.5,1.5,0.02179965568889388,2.145,2.201,2.159,2.1
ds_2,45657,1785085964.5837917,1.5231269444444442,1.5085669444444445,1.5,1.5,0.024662686318619193,2.151,2.194,2.174,2.049
ds_2,45661,1785085964.6393206,1.5361093333333333,1.4812626666666664,1.5,1.5,0.040681342335550236,2.139,2.203,2.127,2.075
ds_2,45665,1785085964.719255,1.5373801666666667,1.4891066666666668,1.5,1.5,0.0389350943383843,2.155,2.195,2.128,2.092
ds_2,45673,1785085964.8411498,1.5234478888888892,1.4791313888888886,1.5,1.5,0.031389527283036504,2.14,2.21,2.149,2.094
ds_2,45677,1785085964.9109106,1.5346257777777774,1.4970644444444443,1.5,1.5,0.03474999241921901,2.153,2.193,2.141,2.071
ds_2,45681,1785085964.9621525,1.5056554444444443,1.486736111111111,1.5,1.5,0.014419251031901354,2.129,2.196,2.17,2.09
ds_2,45685,1785085965.0332115,1.5263990555555556,1.4873390555555555,1.5,1.5,0.02927814284497259,2.142,2.197,2.143,2.084
ds_2,45689,1785085965.0996842,1.5217604444444444,1.4934269444444446,1.5,1.5,0.022731520005405875,2.142,2.199,2.16,2.071
ds_2,45693,1785085965.1650023,1.5289986111111116,1.4731094444444437,1.5,1.5,0.039547710736020404,2.141,2.216,2.139,2.099
ds_2,45697,1785085965.2321665,1.5414775555555558,1.4851355555555554,1.5,1.5,0.04406063235481527,2.156,2.206,2.128,2.088
ds_2,45701,1785085965.2866437,1.528710611111111,1.4946747777777774,1.5,1.5,0.029200294212379227,2.149,2.196,2.149,2.075
ds_2,45705,1785085965.3545418,1.5318727777777776,1.4871501111111114,1.5,1.5,0.03436558755104267,2.146,2.195,2.133,2.087
ds_2,45713,1785085965.4814634,1.5192192222222218,1.4777707222222225,1.5,1.5,0.0293856987895258,2.142,2.21,2.153,2.108
ds_2,45717,1785085965.5482745,1.518780333333333,1.4984056666666667,1.5,1.5,0.01884788632417106,2.142,2.197,2.169,2.063
ds_2,45721,1785085965.6024842,1.5345359444444446,1.4947801111111108,1.5,1.5,0.03492819346433645,2.159,2.196,2.141,2.087
ds_2,45725,1785085965.6744313,1.512038777777778,1.498203611111111,1.5,1.5,0.01217206570072821,2.134,2.194,2.175,2.06
ds_2,45729,1785085965.740187,1.5182001111111112,1.468485611111111,1.5,1.5,0.03639231720427978,2.118,2.196,2.127,2.102
ds_2,45733,1785085965.8031096,1.5327107777777775,1.498596611111111,1.5,1.5,0.03274086869954127,2.155,2.201,2.154,2.065
ds_2,45737,1785085965.8693333,1.5207624999999998,1.486523,1.5,1.5,0.024752998510281343,2.146,2.209,2.162,2.09
ds_2,45741,1785085965.9249134,1.5145340555555555,1.5013280555555557,1.5,1.5,0.014594605251620103,2.145,2.21,2.192,2.053
ds_2,45745,1785085965.9965396,1.535622777777778,1.4872152777777776,1.5,1.5,0.03784747572698001,2.145,2.201,2.134,2.073
ds_2,45749,1785085966.0626316,1.5123741666666668,1.4665206666666668,1.5,1.5,0.03569293713241995,2.119,2.215,2.152,2.098
ds_2,45753,1785085966.1269615,1.5194905555555558,1.4948745555555556,1.5,1.5,0.020153211570796668,2.148,2.189,2.155,2.093
ds_2,45757,1785085966.1913855,1.5074076111111114,1.483400111111111,1.5,1.5,0.018177706497160776,2.132,2.199,2.166,2.1
ds_2,45761,1785085966.2428513,1.5387229444444444,1.494670777777778,1.5,1.5,0.039087939776117,2.156,2.197,2.136,2.074
ds_2,45765,1785085966.3172235,1.5152503333333338,1.4825278333333334,1.5,1.5,0.02319157766961033,2.132,2.204,2.159,2.086
ds_2,45769,1785085966.386704,1.5061313333333333,1.4879021666666667,1.5,1.5,0.013562847039082641,2.135,2.2,2.175,2.094
ds_2,45773,1785085966.4468334,1.5437994444444452,1.492886111111111,1.5,1.5,0.044373401365744976,2.162,2.217,2.147,2.063
ds_2,45777,1785085966.513261,1.5235738333333335,1.4806119999999998,1.5,1.5,0.0305224534077422,2.134,2.214,2.155,2.073
ds_2,45781,1785085966.5687566,1.520948277777778,1.4693431111111106,1.5,1.5,0.03713051545832163,2.134,2.216,2.145,2.107
ds_2,45785,1785085966.6396453,1.5139939444444444,1.4805826111111116,1.5,1.5,0.023934608256174224,2.12,2.202,2.156,2.071
ds_2,45789,1785085966.7076697,1.5271985555555554,1.512631888888889,1.5,1.5,0.029988765249837655,2.16,2.195,2.175,2.049
ds_2,45793,1785085966.7679558,1.5078677222222225,1.4860877222222215,1.5,1.5,0.01598288227861681,2.134,2.193,2.163,2.102
ds_2,45797,1785085966.8355489,1.5422402222222225,1.4881277222222227,1.5,1.5,0.04387695697077729,2.149,2.202,2.127,2.068
ds_2,45801,1785085966.8924828,1.5379083888888887,1.4923908888888888,1.5,1.5,0.03866451241193216,2.161,2.199,2.136,2.09
ds_2,45805,1785085966.9585962,1.540501666666667,1.5057336666666663,1.5,1.5,0.04090550007300062,2.174,2.197,2.149,2.077
ds_2,45809,1785085967.025878,1.5211048333333332,1.4862408333333332,1.5,1.5,0.02519382180989791,2.134,2.203,2.155,2.072
ds_2,45813,1785085967.0884423,1.5308966666666668,1.4867021666666664,1.5,1.5,0.033636830743579815,2.143,2.204,2.143,2.074
ds_2,45817,1785085967.1571903,1.5177311111111111,1.502453611111111,1.5,1.5,0.017900070075816375,2.142,2.193,2.172,2.057
ds_2,45821,1785085967.208846,1.5157729444444445,1.4909982777777777,1.5,1.5,0.018160858443740612,2.135,2.203,2.169,2.068
ds_2,45825,1785085967.284676,1.5141879999999999,1.484415166666667,1.5,1.5,0.02107572950167479,2.124,2.199,2.158,2.071
ds_2,45829,1785085967.3515964,1.5336481666666666,1.4765969999999997,1.5,1.5,0.04098657742514964,2.143,2.206,2.127,2.097
ds_2,45837,1785085967.477605,1.5375531111111111,1.515041944444444,1.5,1.5,0.04045363082336617,2.179,2.194,2.163,2.068
ds_2,45841,1785085967.530278,1.5414483333333338,1.506584333333333,1.5,1.5,0.04196805668071357,2.176,2.203,2.155,2.071
ds_2,45845,1785085967.604079,1.5382138333333335,1.4991538333333327,1.5,1.5,0.03822320049466776,2.159,2.197,2.143,2.068
ds_2,45849,1785085967.6699438,1.526838388888889,1.494747722222222,1.5,1.5,0.027347496046369234,2.154,2.21,2.166,2.073
ds_2,45853,1785085967.7305999,1.520197277777778,1.4968586111111108,1.5,1.5,0.02044011628596955,2.156,2.204,2.172,2.087
ds_2,45857,1785085967.7982678,1.5261534999999997,1.5014808333333336,1.5,1.5,0.02619538947240711,2.148,2.194,2.16,2.059
ds_2,45861,1785085967.8529701,1.5177602777777772,1.5053814444444449,1.5,1.5,0.018557677954217606,2.162,2.193,2.176,2.09
ds_2,45865,1785085967.9237025,1.5276773333333333,1.4754533333333335,1.5,1.5,0.03699423772547395,2.132,2.212,2.14,2.08
ds_2,45869,1785085967.990862,1.5394125555555551,1.4796110555555555,1.5,1.5,0.044374075663368616,2.139,2.203,2.12,2.075
ds_2,45873,1785085968.0511582,1.5158009444444442,1.4908902777777775,1.5,1.5,0.018238883855720665,2.143,2.215,2.181,2.072
ds_2,45877,1785085968.119451,1.5146262777777777,1.4724216111111113,1.5,1.5,0.03121691104737136,2.119,2.212,2.154,2.081
ds_2,45881,1785085968.1743176,1.5182540555555555,1.4970888888888887,1.5,1.5,0.018484726455280362,2.154,2.204,2.175,2.085
ds_2,45885,1785085968.2467442,1.5351075555555556,1.4789995555555553,1.5,1.5,0.04090915696944424,2.133,2.197,2.119,2.077
ds_2,45893,1785085968.3776672,1.5224264444444444,1.484098611111111,1.5,1.5,0.027491809307781754,2.141,2.196,2.143,2.098
ds_2,45897,1785085968.4444716,1.5070317222222225,1.4712698888888887,1.5,1.5,0.02957810679991708,2.115,2.214,2.165,2.085
ds_2,45901,1785085968.4950047,1.5477661666666667,1.4859321666666665,1.5,1.5,0.049794684583017765,2.156,2.2,2.114,2.083
ds_2,45905,1785085968.5655665,1.50456,1.4987306666666667,1.5,1.5,0.0047333716430373604,2.142,2.19,2.182,2.09
ds_2,45909,1785085968.6346583,1.5306226111111114,1.496586777777777,1.5,1.5,0.030812244273999926,2.153,2.196,2.149,2.075
ds_2,45913,1785085968.6988235,1.549210166666666,1.4983901666666675,1.5,1.5,0.04923649121050518,2.168,2.213,2.143,2.056
ds_2,45917,1785085968.7637439,1.5218674444444447,1.4870194444444442,1.5,1.5,0.025429902655372937,2.139,2.202,2.154,2.08
ds_2,45921,1785085968.8178608,1.5114299444444446,1.491796444444444,1.5,1.5,0.0140691845448193,2.127,2.195,2.168,2.064
ds_2,45925,1785085968.887011,1.524642666666667,1.5049911666666664,1.5,1.5,0.025143046059276603,2.162,2.197,2.17,2.077
ds_2,45929,1785085968.9573474,1.5329043888888887,1.4846308888888888,1.5,1.5,0.036316778278048044,2.133,2.195,2.128,2.066
ds_2,45933,1785085969.0167813,1.5224062777777778,1.4917882777777773,1.5,1.5,0.023863647368118007,2.139,2.208,2.166,2.059
ds_2,45937,1785085969.0848184,1.5314648888888889,1.4794568888888888,1.5,1.5,0.037577368813071284,2.141,2.203,2.131,2.091
ds_2,45941,1785085969.1392133,1.5172462222222225,1.4801267222222223,1.5,1.5,0.026313102260489808,2.138,2.209,2.158,2.097
ds_2,45945,1785085969.2113743,1.5348757777777775,1.4906406111111112,1.5,1.5,0.0361098052608758,2.161,2.206,2.145,2.092
ds_2,45949,1785085969.2802923,1.533139277777778,1.482482611111111,1.5,1.5,0.03748427196995162,2.146,2.206,2.136,2.087
ds_2,45953,1785085969.3334036,1.5261255000000002,1.4803769999999996,1.5,1.5,0.03267420816561632,2.149,2.21,2.147,2.105
ds_2,45957,1785085969.4060261,1.5489910555555562,1.4904685555555548,1.5,1.5,0.049909637923402486,2.173,2.208,2.127,2.095
ds_2,45961,1785085969.46057,1.5248976666666667,1.495791,1.5,1.5,0.025250930407500743,2.166,2.203,2.163,2.105
ds_2,45965,1785085969.5288925,1.530727277777778,1.496519111111111,1.5,1.5,0.030923812622144848,2.161,2.207,2.16,2.08
ds_2,45969,1785085969.5986435,1.5280579999999997,1.4760259999999998,1.5,1.5,0.03690533890916043,2.126,2.204,2.132,2.074
ds_2,45973,1785085969.6656706,1.5226435000000005,1.4921235000000002,1.5,1.5,0.02397430592321745,2.152,2.201,2.159,2.092
ds_2,45977,1785085969.7266493,1.4988732222222225,1.488667222222222,1.5,1.5,0.01138865577322424,2.121,2.194,2.18,2.08
ds_2,45981,1785085969.7819037,1.517733611111111,1.4835097777777777,1.5,1.5,0.02421587066323231,2.126,2.208,2.161,2.063
ds_2,45985,1785085969.8552325,1.5406178333333334,1.4856698333333336,1.5,1.5,0.04307159227830895,2.147,2.207,2.131,2.068
ds_2,45993,1785085969.9844913,1.5163239444444447,1.4892707777777774,1.5,1.5,0.019534261483843043,2.141,2.212,2.175,2.075
ds_2,45997,1785085970.0483394,1.5351996666666672,1.488172166666667,1.5,1.5,0.0371337336502214,2.149,2.203,2.138,2.077
ds_2,46001,1785085970.1059752,1.533675388888889,1.4921888888888888,1.5,1.5,0.03456942686259107,2.162,2.212,2.155,2.085
ds_2,46005,1785085970.173887,1.5305561666666665,1.4906169999999999,1.5,1.5,0.03196435530964301,2.143,2.206,2.151,2.061
ds_2,46009,1785085970.24577,1.534986611111111,1.4866237777777775,1.5,1.5,0.03745645842813218,2.149,2.199,2.132,2.086
ds_2,46013,1785085970.3059688,1.556135,1.499715,1.5,1.5,0.05613572347445079,2.174,2.209,2.131,2.059
ds_2,46017,1785085970.360063,1.5280562777777777,1.4981604444444445,1.5,1.5,0.02811651983062272,2.174,2.208,2.167,2.105
ds_2,46021,1785085970.432584,1.5192383888888892,1.484390388888889,1.5,1.5,0.024774494264873614,2.132,2.202,2.154,2.077
ds_2,46025,1785085970.4970515,1.5295725,1.4776365,1.5,1.5,0.037076392603650095,2.119,2.2,2.128,2.057
ds_2,46029,1785085970.5700166,1.5226816666666667,1.4851203333333334,1.5,1.5,0.0271267853401189,2.124,2.193,2.141,2.063
ds_2,46033,1785085970.6284132,1.5157447777777773,1.4824101111111114,1.5,1.5,0.023607249276335326,2.132,2.197,2.151,2.093
ds_2,46041,1785085970.7567005,1.5346184999999999,1.5099571666666665,1.5,1.5,0.03602201702122975,2.159,2.193,2.159,2.046
ds_2,46045,1785085970.8270395,1.5299127777777777,1.5008327777777777,1.5,1.5,0.02992436788321301,2.16,2.201,2.161,2.073
ds_2,46049,1785085970.8856912,1.5300463333333327,1.5074835000000002,1.5,1.5,0.03096425227625793,2.175,2.199,2.168,2.087
ds_2,46053,1785085970.9457564,1.5462573333333332,1.4962898333333332,1.5,1.5,0.04640588565910082,2.17,2.207,2.138,2.077
ds_2,46061,1785085971.0795212,1.5220380555555557,1.495926055555555,1.5,1.5,0.022411446093596573,2.147,2.194,2.158,2.079
ds_2,46065,1785085971.140936,1.5311418333333335,1.5004678333333332,1.5,1.5,0.03114534718684159,2.165,2.212,2.17,2.071
ds_2,46069,1785085971.2089057,1.5224360555555552,1.4891320555555556,1.5,1.5,0.024929677200868198,2.131,2.195,2.149,2.064
ds_2,46073,1785085971.2705755,1.5277911111111113,1.500114444444444,1.5,1.5,0.027791346752559495,2.174,2.204,2.166,2.104
ds_2,46077,1785085971.3389668,1.536905277777778,1.486458611111111,1.5,1.5,0.0393111783198505,2.152,2.197,2.127,2.092
ds_2,46081,1785085971.3918517,1.5220308333333334,1.4821466666666667,1.5,1.5,0.028356641699471836,2.125,2.203,2.148,2.064
ds_2,46085,1785085971.45979,1.5347182222222222,1.4854635555555558,1.5,1.5,0.03763858620296487,2.145,2.207,2.139,2.073
ds_2,46089,1785085971.5315595,1.5390657777777779,1.5028824444444444,1.5,1.5,0.03917197313587907,2.17,2.196,2.146,2.08
ds_2,46093,1785085971.587865,1.5270775000000003,1.4916423333333328,1.5,1.5,0.028337988608246985,2.165,2.194,2.145,2.121
ds_2,46097,1785085971.6572514,1.5404128888888886,1.5041462222222224,1.5,1.5,0.04062502611767416,2.169,2.201,2.151,2.067
ds_2,46101,1785085971.713715,1.5151516666666667,1.4852694999999998,1.5,1.5,0.02113198128495726,2.131,2.207,2.166,2.073
ds_2,46105,1785085971.782179,1.5303657777777777,1.4753924444444446,1.5,1.5,0.0390846805087252,2.122,2.208,2.132,2.06
ds_2,46109,1785085971.848559,1.5344684444444447,1.500369944444444,1.5,1.5,0.03447042966531965,2.175,2.2,2.153,2.1
ds_2,46113,1785085971.9087472,1.5301625,1.497485,1.5,1.5,0.03026717084978386,2.156,2.201,2.156,2.074
ds_2,46117,1785085971.9780254,1.525415055555556,1.5166670555555555,1.5,1.5,0.03039269303276637,2.18,2.193,2.181,2.084
ds_2,46121,1785085972.029879,1.5207639999999996,1.4989640000000002,1.5,1.5,0.020789829051725783,2.147,2.195,2.165,2.071
ds_2,46125,1785085972.1011333,1.5090373333333336,1.4843306666666662,1.5,1.5,0.01808870921013731,2.129,2.197,2.163,2.091
ds_2,46129,1785085972.1699183,1.5305228333333332,1.5130668333333335,1.5,1.5,0.03320219101287668,2.17,2.194,2.17,2.065
ds_2,46133,1785085972.23055,1.522101,1.5002509999999998,1.5,1.5,0.02210242525154189,2.147,2.2,2.17,2.06
ds_2,46137,1785085972.2961278,1.5139280555555554,1.4978240555555555,1.5,1.5,0.014097002014043526,2.155,2.207,2.185,2.088
ds_2,46145,1785085972.4286885,1.5081563333333334,1.4789963333333331,1.5,1.5,0.022531750639683965,2.128,2.207,2.167,2.095
ds_2,46149,1785085972.4927135,1.5213233333333334,1.4944675000000003,1.5,1.5,0.022029369048941063,2.145,2.196,2.159,2.078
ds_2,46153,1785085972.5512486,1.521118944444444,1.479879444444445,1.5,1.5,0.029169274422098445,2.122,2.199,2.142,2.07
ds_2,46157,1785085972.621722,1.5002444999999998,1.4820070000000005,1.5,1.5,0.017994661131846335,2.128,2.201,2.176,2.104
ds_2,46161,1785085972.675119,1.5187745000000004,1.4736798333333327,1.5,1.5,0.03233006377369453,2.113,2.213,2.151,2.058
ds_2,46165,1785085972.7502594,1.5372128888888885,1.504565388888889,1.5,1.5,0.037491890792057336,2.174,2.199,2.154,2.083
ds_2,46169,1785085972.8119745,1.5366056666666665,1.4996391666666662,1.5,1.5,0.03660744504613162,2.162,2.2,2.149,2.072
ds_2,46173,1785085972.8753936,1.515475277777778,1.4784747777777776,1.5,1.5,0.02651074148369766,2.121,2.202,2.151,2.077
ds_2,46177,1785085972.9472783,1.5568739444444444,1.4985134444444446,1.5,1.5,0.056893368718063254,2.175,2.202,2.121,2.071
ds_2,46181,1785085972.9951272,1.517448611111111,1.4876757777777774,1.5,1.5,0.021362127307211487,2.147,2.199,2.158,2.104
ds_2,46185,1785085973.06616,1.5241926666666663,1.4780273333333336,1.5,1.5,0.032681542204872474,2.12,2.196,2.132,2.07
ds_2,46189,1785085973.1334429,1.5234015,1.495029,1.5,1.5,0.02392365029108234,2.145,2.202,2.163,2.067
ds_2,46193,1785085973.199745,1.5341349999999998,1.4822709999999997,1.5,1.5,0.038464472776836525,2.134,2.197,2.125,2.071
ds_2,46197,1785085973.2636657,1.536834388888889,1.486981888888889,1.5,1.5,0.03906716551938639,2.147,2.202,2.133,2.075
ds_2,46201,1785085973.3163695,1.513370777777778,1.4893962777777774,1.5,1.5,0.017065070270842173,2.146,2.196,2.163,2.106
ds_2,46205,1785085973.3867362,1.5218245000000004,1.4676119999999997,1.5,1.5,0.03905497848226312,2.126,2.206,2.131,2.105
ds_2,46209,1785085973.4584217,1.5139613333333337,1.4732866666666664,1.5,1.5,0.03014168220624467,2.127,2.207,2.151,2.101
ds_2,46213,1785085973.5185833,1.5421786111111113,1.4883559444444443,1.5,1.5,0.043756362566411196,2.158,2.219,2.145,2.068
ds_2,46217,1785085973.5836647,1.5185330000000004,1.4930355,1.5,1.5,0.0197983925925822,2.149,2.203,2.168,2.087
ds_2,46221,1785085973.639636,1.5412165555555557,1.4850305555555552,1.5,1.5,0.04385075505438338,2.141,2.2,2.122,2.064
ds_2,46225,1785085973.708053,1.5445915,1.5097595,1.5,1.5,0.04564701208732056,2.182,2.201,2.153,2.072
ds_2,46229,1785085973.7846186,1.5149053333333338,1.4737038333333332,1.5,1.5,0.030226765343630606,2.132,2.197,2.14,2.119
ds_2,46233,1785085973.8489175,1.5215890000000003,1.4822589999999998,1.5,1.5,0.027943299769354748,2.149,2.212,2.158,2.104
ds_2,46237,1785085973.9131029,1.5322977777777775,1.489037777777778,1.5,1.5,0.03410742976877736,2.145,2.193,2.133,2.081
ds_2,46241,1785085973.9705548,1.5250480555555557,1.5140505555555555,1.5,1.5,0.028719735349302115,2.168,2.207,2.192,2.052
ds_2,46245,1785085974.0377111,1.5299814444444444,1.4730619444444444,1.5,1.5,0.040305655286690306,2.127,2.201,2.122,2.085
ds_2,46249,1785085974.108797,1.5470433888888888,1.4977207222222222,1.5,1.5,0.04709857264651976,2.175,2.21,2.142,2.079
ds_2,46253,1785085974.1686687,1.529438222222223,1.4917382222222215,1.5,1.5,0.030575576849086163,2.147,2.201,2.149,2.073
ds_2,46257,1785085974.2355356,1.528029333333333,1.4825958333333338,1.5,1.5,0.03299315905566166,2.134,2.195,2.132,2.081
ds_2,46261,1785085974.2878754,1.548875444444444,1.499552777777778,1.5,1.5,0.04887749049775339,2.185,2.21,2.142,2.092
ds_2,46265,1785085974.3626852,1.5511483333333331,1.4925718333333335,1.5,1.5,0.05168490749537559,2.176,2.21,2.129,2.09
ds_2,46273,1785085974.4920495,1.5023478333333333,1.4913853333333331,1.5,1.5,0.00892887468491369,2.126,2.2,2.185,2.071
ds_2,46277,1785085974.5569265,1.5433275555555555,1.4984395555555552,1.5,1.5,0.04335564619843583,2.167,2.203,2.141,2.073
ds_2,46281,1785085974.6128356,1.524721666666667,1.4897936666666665,1.5,1.5,0.026745654654334195,2.146,2.207,2.159,2.077
ds_2,46285,1785085974.680211,1.543589277777778,1.4857759444444445,1.5,1.5,0.04585137831773239,2.156,2.208,2.128,2.081
ds_2,46289,1785085974.7480912,1.532275444444444,1.491806111111111,1.5,1.5,0.03329931124227419,2.147,2.196,2.14,2.074
ds_2,46293,1785085974.8108182,1.5334783888888885,1.4774743888888888,1.5,1.5,0.04035103069965712,2.134,2.193,2.115,2.09
ds_2,46297,1785085974.8827097,1.5189395555555558,1.4863370555555557,1.5,1.5,0.023353432628501446,2.129,2.196,2.151,2.072
ds_2,46301,1785085974.930945,1.5528356666666663,1.4937683333333338,1.5,1.5,0.05320189227419932,2.169,2.202,2.12,2.078
ds_2,46305,1785085975.002634,1.518052888888889,1.4874348888888889,1.5,1.5,0.021995199805165143,2.14,2.208,2.166,2.08
ds_2,46309,1785085975.0695133,1.515628833333333,1.4726080000000004,1.5,1.5,0.03153699566162066,2.127,2.217,2.158,2.09
ds_2,46313,1785085975.1316118,1.5338031111111112,1.489750944444444,1.5,1.5,0.035322704604418484,2.152,2.197,2.136,2.087
ds_2,46317,1785085975.1988258,1.5152088888888886,1.4919448888888893,1.5,1.5,0.01721032005068174,2.145,2.197,2.165,2.093
ds_2,46321,1785085975.254126,1.5446421111111113,1.4769307777777778,1.5,1.5,0.050250443763165654,2.141,2.208,2.114,2.074
ds_2,46325,1785085975.3225179,1.5318487222222223,1.474986722222222,1.5,1.5,0.04049697732395056,2.143,2.226,2.148,2.083
ds_2,46329,1785085975.390022,1.517416611111111,1.476177111111111,1.5,1.5,0.029510479115189253,2.121,2.199,2.142,2.084
ds_2,46333,1785085975.4541342,1.5441523333333331,1.4908230000000002,1.5,1.5,0.04509596287671165,2.154,2.199,2.125,2.071
ds_2,46337,1785085975.5207415,1.5291379444444444,1.5044539444444447,1.5,1.5,0.02947638762741676,2.16,2.195,2.161,2.07
ds_2,46341,1785085975.5747097,1.5523972222222227,1.4989692222222217,1.5,1.5,0.052407360164695806,2.174,2.203,2.129,2.073
ds_2,46345,1785085975.6463625,1.5422785555555556,1.4837560555555556,1.5,1.5,0.045291743077280636,2.146,2.208,2.127,2.068
ds_2,46349,1785085975.7126129,1.5084641666666667,1.4771529999999995,1.5,1.5,0.02436447262637004,2.133,2.206,2.163,2.111
ds_2,46353,1785085975.7747111,1.5042784999999996,1.4962613333333332,1.5,1.5,0.005681829872007971,2.134,2.192,2.181,2.079
ds_2,46357,1785085975.84203,1.5377159999999994,1.5043813333333336,1.5,1.5,0.03796962914985786,2.175,2.197,2.151,2.087
ds_2,46361,1785085975.8986282,1.5458551666666664,1.4757403333333337,1.5,1.5,0.051877044410852086,2.14,2.217,2.12,2.064
ds_2,46365,1785085975.9686937,1.5115493333333339,1.4731155,1.5,1.5,0.029260270687306626,2.119,2.202,2.149,2.094
ds_2,46369,1785085976.0338225,1.5340969444444443,1.5071671111111113,1.5,1.5,0.03484205938411992,2.176,2.202,2.165,2.081
ds_2,46373,1785085976.0976999,1.5172722777777772,1.4888217777777781,1.5,1.5,0.020573872549475708,2.138,2.208,2.169,2.073
ds_2,46377,1785085976.163532,1.5295849999999998,1.495470833333334,1.5,1.5,0.02992967717324101,2.161,2.201,2.154,2.091
ds_2,46381,1785085976.223297,1.5329508333333333,1.4925001666666668,1.5,1.5,0.033793563253804434,2.146,2.195,2.139,2.07
ds_2,46385,1785085976.2903945,1.5059888333333333,1.4741181666666667,1.5,1.5,0.026565681270934605,2.1,2.195,2.151,2.068
ds_2,46389,1785085976.3548963,1.5220821666666666,1.4836836666666662,1.5,1.5,0.027456234595058786,2.131,2.2,2.147,2.075
ds_2,46393,1785085976.4228723,1.5395741111111114,1.495914111111111,1.5,1.5,0.03978447886107017,2.166,2.213,2.153,2.073
ds_2,46405,1785085976.609436,1.5358707777777776,1.491574611111111,1.5,1.5,0.03684697920198773,2.165,2.209,2.148,2.093
ds_2,46409,1785085976.679501,1.541045166666667,1.4775091666666664,1.5,1.5,0.046803240173328306,2.135,2.21,2.122,2.063
ds_2,46413,1785085976.7374592,1.5304324444444444,1.4999824444444443,1.5,1.5,0.030432449508078118,2.16,2.196,2.154,2.08
ds_2,46417,1785085976.803917,1.5203235000000002,1.4683155,1.5,1.5,0.0376424254332794,2.114,2.203,2.131,2.084
ds_2,46421,1785085976.8609185,1.533898111111111,1.4932234444444443,1.5,1.5,0.03456882471387705,2.162,2.207,2.151,2.087
ds_2,46425,1785085976.9323244,1.528141,1.4866355,1.5,1.5,0.031153262128547604,2.149,2.213,2.156,2.081
ds_2,46429,1785085977.0017262,1.543876333333333,1.4801350000000004,1.5,1.5,0.04816379191651887,2.152,2.217,2.129,2.079
ds_2,46433,1785085977.0611331,1.5274866666666669,1.4848198333333331,1.5,1.5,0.031399909306751836,2.132,2.199,2.14,2.067
ds_2,46437,1785085977.1279013,1.534296888888889,1.4909968888888885,1.5,1.5,0.03545888601092567,2.155,2.195,2.135,2.091
ds_2,46441,1785085977.183077,1.5152355555555557,1.489854722222222,1.5,1.5,0.018304338673513953,2.142,2.193,2.158,2.097
ds_2,46445,1785085977.2522235,1.5045511666666662,1.4819883333333337,1.5,1.5,0.018577762355538735,2.128,2.199,2.168,2.1
ds_2,46449,1785085977.322222,1.5454162777777776,1.4886021111111116,1.5,1.5,0.04682467467384795,2.158,2.197,2.118,2.086
ds_2,46453,1785085977.3849726,1.527492,1.5049498333333333,1.5,1.5,0.02793404578695649,2.162,2.197,2.166,2.073
ds_2,46457,1785085977.4522805,1.5332106111111108,1.5020427777777778,1.5,1.5,0.0332733772169706,2.149,2.196,2.153,2.047
ds_2,46461,1785085977.505281,1.5139278333333335,1.4907064999999997,1.5,1.5,0.01674376551469592,2.133,2.193,2.161,2.078
ds_2,46465,1785085977.557153,1.5242356111111113,1.5132981111111112,1.5,1.5,0.027644250849905128,2.166,2.195,2.18,2.064
ds_2,46469,1785085977.646384,1.530576444444444,1.4829244444444445,1.5,1.5,0.03502132996325293,2.151,2.199,2.133,2.107
ds_2,46473,1785085977.7086372,1.5221188333333333,1.4836143333333336,1.5,1.5,0.027526947890001888,2.135,2.206,2.153,2.077
ds_2,46477,1785085977.7697072,1.5240243888888891,1.476460388888889,1.5,1.5,0.033634573770852536,2.124,2.195,2.129,2.084
ds_2,46481,1785085977.823768,1.529550833333333,1.5171380000000008,1.5,1.5,0.03416083714861873,2.177,2.199,2.182,2.064
ds_2,46485,1785085977.8968105,1.5041733333333331,1.4874178333333332,1.5,1.5,0.013256229823705163,2.126,2.197,2.174,2.083
ds_2,46489,1785085977.9636445,1.5222828333333336,1.4794783333333335,1.5,1.5,0.030292960636736966,2.143,2.206,2.147,2.105
ds_2,46493,1785085978.030034,1.5269833888888895,1.4744598888888887,1.5,1.5,0.03715374209278196,2.142,2.195,2.122,2.122
ds_2,46497,1785085978.0916643,1.5009683888888892,1.484857055555555,1.5,1.5,0.015173877009112543,2.118,2.208,2.186,2.067
ds_2,46501,1785085978.1526783,1.5452554999999997,1.4962501666666672,1.5,1.5,0.045410588305787716,2.156,2.196,2.128,2.061
ds_2,46505,1785085978.2175965,1.5325614444444449,1.5035747777777775,1.5,1.5,0.03275708626342033,2.153,2.194,2.154,2.054
ds_2,46509,1785085978.2835064,1.5166312222222218,1.4868857222222225,1.5,1.5,0.02117975057071337,2.135,2.197,2.156,2.085
ds_2,46513,1785085978.346381,1.5308015555555554,1.4893150555555552,1.5,1.5,0.03260220640421194,2.143,2.212,2.155,2.058
ds_2,46517,1785085978.4185097,1.5369056666666665,1.503601666666667,1.5,1.5,0.03708099560271918,2.158,2.195,2.149,2.057
ds_2,46521,1785085978.472674,1.5169496111111118,1.491475444444444,1.5,1.5,0.018972542376752922,2.152,2.201,2.166,2.102
ds_2,46525,1785085978.547068,1.5344952777777776,1.4861324444444441,1.5,1.5,0.03717839811036062,2.147,2.199,2.132,2.084
ds_2,46529,1785085978.6180158,1.5510637777777778,1.490527777777778,1.5,1.5,0.05193488610525139,2.172,2.204,2.12,2.094
ds_2,46533,1785085978.6816797,1.5313833888888888,1.4972848888888888,1.5,1.5,0.03150061787484349,2.172,2.2,2.153,2.107
ds_2,46537,1785085978.7472188,1.5376808333333334,1.4872341666666666,1.5,1.5,0.03978456612040521,2.142,2.197,2.127,2.068
ds_2,46541,1785085978.7929714,1.523460777777778,1.4678796111111108,1.5,1.5,0.039775966063840124,2.126,2.204,2.127,2.104
ds_2,46545,1785085978.8614118,1.519377666666667,1.4939851666666666,1.5,1.5,0.020289706391967196,2.14,2.194,2.159,2.074
ds_2,46549,1785085978.9350436,1.5559963888888886,1.5033512222222223,1.5,1.5,0.05609657974403039,2.181,2.2,2.127,2.073
ds_2,46553,1785085978.9959798,1.5347422777777775,1.4710009444444447,1.5,1.5,0.045254514562664716,2.147,2.217,2.129,2.108
ds_2,46557,1785085979.06149,1.4956206111111114,1.4715801111111109,1.5,1.5,0.02875533222720483,2.107,2.202,2.169,2.097
ds_2,46561,1785085979.114878,1.5238799999999997,1.4833173333333332,1.5,1.5,0.02913015219855711,2.143,2.201,2.145,2.097
ds_2,46565,1785085979.1960306,1.5534774999999998,1.5022746666666666,1.5,1.5,0.053525854637683536,2.173,2.199,2.128,2.064
ds_2,46569,1785085979.2645886,1.5193814999999997,1.4697130000000005,1.5,1.5,0.03595754317594515,2.125,2.194,2.125,2.113
ds_2,46573,1785085979.3192635,1.523329,1.4791548333333335,1.5,1.5,0.031285191614581806,2.129,2.203,2.142,2.079
ds_2,46577,1785085979.38136,1.5213676666666665,1.4814834999999997,1.5,1.5,0.028274333785746016,2.127,2.203,2.148,2.071
ds_2,46581,1785085979.4459822,1.516993888888889,1.4886213888888888,1.5,1.5,0.020451529292104455,2.132,2.202,2.163,2.068
ds_2,46585,1785085979.5079765,1.5115799444444444,1.4933757777777776,1.5,1.5,0.013340743359565992,2.143,2.197,2.172,2.09
ds_2,46589,1785085979.5823555,1.4942708333333332,1.4674026666666669,1.5,1.5,0.033096971026649526,2.111,2.197,2.16,2.124
ds_2,46593,1785085979.6315775,1.5083062777777774,1.481413444444445,1.5,1.5,0.020358150651307562,2.12,2.199,2.162,2.08
ds_2,46597,1785085979.7046964,1.5447951666666666,1.4979626666666668,1.5,1.5,0.044841472810396736,2.158,2.194,2.129,2.063
ds_2,46601,1785085979.761367,1.5437075555555553,1.484776888888889,1.5,1.5,0.046282756233214775,2.151,2.197,2.115,2.085
ds_2,46605,1785085979.8334022,1.5510930555555558,1.4911255555555558,1.5,1.5,0.05185803785528945,2.161,2.209,2.126,2.064
ds_2,46609,1785085979.8907166,1.5292724999999996,1.4915898333333335,1.5,1.5,0.0304566931824695,2.151,2.2,2.148,2.083
ds_2,46613,1785085979.961533,1.5208493888888885,1.4773893888888885,1.5,1.5,0.030756084794037557,2.139,2.203,2.143,2.108
ds_2,46617,1785085980.0237331,1.5150408888888889,1.4895783888888885,1.5,1.5,0.01829858783401451,2.129,2.2,2.165,2.064
ds_2,46621,1785085980.0786476,1.5030383888888885,1.4877538888888893,1.5,1.5,0.012617410367654333,2.131,2.194,2.173,2.097
ds_2,46625,1785085980.148881,1.4979849444444446,1.4702702777777779,1.5,1.5,0.029797933356232337,2.101,2.207,2.169,2.08
ds_2,46629,1785085980.214233,1.519837,1.5074524999999999,1.5,1.5,0.02119071318408142,2.162,2.194,2.177,2.08
ds_2,46633,1785085980.2773516,1.529150388888889,1.5052088888888886,1.5,1.5,0.02961212075874094,2.161,2.193,2.16,2.072
ds_2,46637,1785085980.3411822,1.518699222222222,1.4646617222222222,1.5,1.5,0.039980680184501884,2.113,2.199,2.124,2.099
ds_2,46641,1785085980.3986604,1.5469981666666668,1.4884486666666663,1.5,1.5,0.04839691076717165,2.165,2.209,2.128,2.086
ds_2,46645,1785085980.4672413,1.523427388888889,1.4823208888888888,1.5,1.5,0.029349506296192672,2.122,2.192,2.135,2.067
ds_2,46649,1785085980.5346246,1.536410833333333,1.4876906666666665,1.5,1.5,0.038435250371746936,2.151,2.215,2.148,2.068
ds_2,46653,1785085980.594215,1.5150644999999996,1.4975924999999997,1.5,1.5,0.015255661785055061,2.163,2.196,2.172,2.115
ds_2,46657,1785085980.6678872,1.5497153888888886,1.495991388888889,1.5,1.5,0.04987673661551597,2.167,2.215,2.141,2.058
ds_2,46661,1785085980.7233489,1.529055444444444,1.4964529444444445,1.5,1.5,0.029271153974149474,2.158,2.196,2.151,2.088
ds_2,46665,1785085980.786563,1.5525094444444443,1.492569611111111,1.5,1.5,0.05303256013907214,2.174,2.208,2.125,2.086
ds_2,46669,1785085980.8554301,1.5311621666666668,1.4892475000000005,1.5,1.5,0.03296508588811972,2.148,2.197,2.139,2.084
ds_2,46673,1785085980.9174461,1.5248003333333338,1.4943363333333333,1.5,1.5,0.025438821780019164,2.156,2.197,2.155,2.095
ds_2,46681,1785085981.0438266,1.515338611111111,1.4855384444444448,1.5,1.5,0.021081024166399114,2.125,2.201,2.16,2.066
ds_2,46685,1785085981.1104748,1.5193145555555556,1.496029222222222,1.5,1.5,0.01971849721629769,2.142,2.199,2.167,2.067
ds_2,46689,1785085981.1779897,1.5403611111111113,1.5091072777777779,1.5,1.5,0.04137586009553249,2.173,2.202,2.159,2.06
ds_2,46693,1785085981.2410026,1.5099306666666668,1.4823173333333337,1.5,1.5,0.02028040534330804,2.119,2.199,2.161,2.073
ds_2,46697,1785085981.3071368,1.5344001111111114,1.4701569444444444,1.5,1.5,0.045540922359442675,2.14,2.21,2.121,2.104
ds_2,46701,1785085981.3609233,1.548404277777778,1.5086484444444437,1.5,1.5,0.049170821617061905,2.182,2.196,2.141,2.075
ds_2,46705,1785085981.431711,1.5225256666666669,1.4904790000000003,1.5,1.5,0.024455165094061038,2.16,2.207,2.163,2.107
ds_2,46713,1785085981.5589113,1.513993388888889,1.4951433888888885,1.5,1.5,0.01481221131635158,2.145,2.188,2.162,2.095
ds_2,46717,1785085981.6269753,1.5264687777777777,1.4845541111111111,1.5,1.5,0.03064590805666032,2.126,2.197,2.139,2.059
ds_2,46721,1785085981.6818666,1.543220277777778,1.4817511111111108,1.5,1.5,0.046914969432658785,2.158,2.212,2.127,2.093
ds_2,46725,1785085981.7541015,1.5177118333333335,1.4814451666666664,1.5,1.5,0.025651332909920527,2.117,2.201,2.151,2.058
ds_2,46729,1785085981.820815,1.5158742777777774,1.4809942777777778,1.5,1.5,0.024763080829216452,2.121,2.204,2.156,2.067
ds_2,46733,1785085981.884704,1.542247444444444,1.5060807777777778,1.5,1.5,0.04268281176854571,2.168,2.195,2.145,2.063
ds_2,46741,1785085982.0136445,1.5165502222222225,1.4953947222222226,1.5,1.5,0.017179011584355978,2.148,2.203,2.174,2.081
ds_2,46745,1785085982.075368,1.5005177777777776,1.4801804444444446,1.5,1.5,0.01982631776823185,2.119,2.193,2.165,2.099
ds_2,46749,1785085982.1420326,1.515163722222222,1.493383722222222,1.5,1.5,0.01654429216574197,2.126,2.193,2.163,2.054
ds_2,46757,1785085982.2810574,1.5540478333333339,1.5134664999999992,1.5,1.5,0.05570022361066256,2.187,2.202,2.146,2.057
ds_2,46761,1785085982.3307142,1.523335888888889,1.484347888888889,1.5,1.5,0.028098973156845765,2.138,2.193,2.139,2.093
ds_2,46765,1785085982.3981562,1.5248123888888885,1.490076388888889,1.5,1.5,0.02672326140009863,2.134,2.195,2.147,2.064
ds_2,46769,1785085982.4683325,1.5143922777777783,1.4947497777777774,1.5,1.5,0.015320003035752015,2.142,2.196,2.169,2.081
ds_2,46773,1785085982.530282,1.537642111111111,1.5028421111111108,1.5,1.5,0.037749253296841784,2.17,2.199,2.151,2.079
ds_2,46777,1785085982.5920067,1.5334248333333338,1.5122596666666663,1.5,1.5,0.0356022318140157,2.175,2.204,2.175,2.063
ds_2,46781,1785085982.6461682,1.5537702777777782,1.504674277777777,1.5,1.5,0.0539730640694342,2.187,2.2,2.132,2.085
ds_2,46785,1785085982.7202654,1.5353093333333339,1.475480166666666,1.5,1.5,0.042988036093068525,2.145,2.204,2.121,2.104
ds_2,46789,1785085982.7852454,1.5335908888888885,1.5197177222222222,1.5,1.5,0.038950434990874874,2.181,2.2,2.181,2.058
ds_2,46793,1785085982.8483062,1.520010833333333,1.4858026666666668,1.5,1.5,0.024535641920932248,2.125,2.207,2.16,2.052
ds_2,46797,1785085982.9130635,1.5284609999999994,1.503045166666667,1.5,1.5,0.02862344425515117,2.16,2.196,2.161,2.074
ds_2,46801,1785085982.9677043,1.514911333333333,1.4850975000000004,1.5,1.5,0.02108156464847326,2.153,2.202,2.161,2.124
ds_2,46805,1785085983.0384197,1.5184955555555553,1.487863555555555,1.5,1.5,0.022121909028420896,2.139,2.209,2.167,2.075
ds_2,46809,1785085983.1083832,1.5267965000000001,1.4855949999999996,1.5,1.5,0.030422959048225715,2.134,2.197,2.14,2.072
ds_2,46813,1785085983.1716363,1.515097666666667,1.4830510000000003,1.5,1.5,0.022698196839788246,2.122,2.207,2.163,2.061
ds_2,46817,1785085983.2350914,1.5226195555555557,1.4776075555555555,1.5,1.5,0.03182869557063889,2.153,2.209,2.147,2.127
ds_2,46821,1785085983.2899225,1.531971777777778,1.4884517777777777,1.5,1.5,0.03399347011950153,2.154,2.206,2.146,2.088
ds_2,46825,1785085983.3586743,1.5209432222222221,1.4797417222222224,1.5,1.5,0.02913788557138239,2.127,2.197,2.14,2.083
ds_2,46833,1785085983.487816,1.5409901111111108,1.491712777777778,1.5,1.5,0.041819460315285044,2.161,2.208,2.14,2.078
ds_2,46837,1785085983.5550194,1.5434848333333335,1.4973195,1.5,1.5,0.04356737093603188,2.162,2.196,2.132,2.073
ds_2,46841,1785085983.6100233,1.5344190000000002,1.4925236666666666,1.5,1.5,0.03522162859822252,2.165,2.196,2.138,2.106
ds_2,46845,1785085983.6794994,1.512598444444444,1.4878577777777782,1.5,1.5,0.017497267298454355,2.12,2.2,2.166,2.054
ds_2,46853,1785085983.8215835,1.5210386666666666,1.4833386666666668,1.5,1.5,0.026837017784313334,2.143,2.201,2.149,2.101
ds_2,46857,1785085983.8817718,1.5351911111111114,1.5134111111111113,1.5,1.5,0.037659954892022375,2.177,2.193,2.163,2.073
ds_2,46861,1785085983.932743,1.5176389444444442,1.4941616111111111,1.5,1.5,0.01858007389468868,2.147,2.217,2.185,2.066
ds_2,46865,1785085984.0011477,1.529931333333334,1.489955499999999,1.5,1.5,0.03157177054523816,2.147,2.208,2.153,2.07
ds_2,46869,1785085984.0743747,1.5380982777777783,1.4842107777777773,1.5,1.5,0.04124049354718595,2.136,2.193,2.118,2.068
ds_2,46873,1785085984.1306071,1.5324528333333336,1.4891528333333337,1.5,1.5,0.03421764772826392,2.14,2.195,2.135,2.068
ds_2,46877,1785085984.1984875,1.547116277777778,1.5079662777777778,1.5,1.5,0.04778498941367946,2.169,2.202,2.148,2.045
ds_2,46881,1785085984.2557771,1.5237066666666663,1.4860413333333333,1.5,1.5,0.02751091455323758,2.133,2.199,2.147,2.071
ds_2,46885,1785085984.3222733,1.5474332222222218,1.4883932222222225,1.5,1.5,0.04883265158442029,2.152,2.201,2.119,2.067
ds_2,46889,1785085984.3908818,1.5326617222222223,1.4992197222222217,1.5,1.5,0.03267104118224739,2.166,2.204,2.158,2.083
ds_2,46893,1785085984.4523337,1.5145442777777776,1.4833764444444446,1.5,1.5,0.022087974451854807,2.132,2.196,2.153,2.093
ds_2,46897,1785085984.5213828,1.5260651111111112,1.504841944444444,1.5,1.5,0.02651102493751714,2.167,2.21,2.181,2.072
ds_2,46901,1785085984.5748994,1.5109932777777777,1.4956947777777778,1.5,1.5,0.01180623118027496,2.139,2.196,2.175,2.077
ds_2,46905,1785085984.6502564,1.5001841666666662,1.4804426666666668,1.5,1.5,0.01955820044053688,2.119,2.207,2.18,2.084
ds_2,46909,1785085984.7116604,1.524995833333333,1.4981523333333335,1.5,1.5,0.025064029128192396,2.158,2.195,2.158,2.09
ds_2,46913,1785085984.7743745,1.524658666666666,1.5078878333333343,1.5,1.5,0.025889529861938435,2.168,2.199,2.176,2.079
ds_2,46917,1785085984.8452895,1.5452941666666669,1.4896103333333333,1.5,1.5,0.04647049286883281,2.151,2.208,2.131,2.057
ds_2,46921,1785085984.9046078,1.5415874999999999,1.4983475000000002,1.5,1.5,0.0416203185055087,2.162,2.192,2.132,2.077
ds_2,46925,1785085984.977489,1.5318296666666669,1.4832211666666666,1.5,1.5,0.035981341388821295,2.138,2.21,2.143,2.066
ds_2,46929,1785085985.035567,1.519255833333333,1.4814518333333333,1.5,1.5,0.026736147891114476,2.129,2.207,2.155,2.074
ds_2,46933,1785085985.1129737,1.531559055555555,1.4874255555555562,1.5,1.5,0.03397190958196206,2.141,2.201,2.14,2.07
ds_2,46937,1785085985.179792,1.556892611111111,1.5036619444444448,1.5,1.5,0.057010341484280816,2.18,2.195,2.121,2.074
ds_2,46941,1785085985.2403555,1.5468460555555557,1.4904780555555557,1.5,1.5,0.047803978360773394,2.159,2.207,2.129,2.07
ds_2,46945,1785085985.3061304,1.502263555555556,1.4847675555555553,1.5,1.5,0.015399709331873205,2.119,2.199,2.175,2.077
ds_2,46949,1785085985.3740287,1.5126159444444445,1.480730611111111,1.5,1.5,0.023031964796268487,2.122,2.196,2.152,2.083
ds_2,46953,1785085985.4345944,1.5185863333333338,1.4738429999999998,1.5,1.5,0.03208801077938311,2.115,2.196,2.134,2.08
ds_2,46961,1785085985.5595336,1.5356252222222224,1.4965652222222223,1.5,1.5,0.03579041990205543,2.156,2.197,2.143,2.073
ds_2,46965,1785085985.6254754,1.5384864444444446,1.4814352777777777,1.5,1.5,0.04273002828414222,2.141,2.206,2.127,2.072
ds_2,46969,1785085985.6967578,1.532310222222222,1.5037687222222225,1.5,1.5,0.03252927492640503,2.17,2.215,2.176,2.067
ds_2,46973,1785085985.7539284,1.509318833333333,1.4787708333333338,1.5,1.5,0.023184438144055335,2.122,2.203,2.161,2.086
ds_2,46977,1785085985.8248909,1.5051731666666668,1.4927773333333332,1.5,1.5,0.008884175096141022,2.124,2.196,2.179,2.063
ds_2,46981,1785085985.875677,1.5217666666666663,1.4984813333333333,1.5,1.5,0.021819581256802452,2.151,2.199,2.167,2.075
ds_2,46985,1785085985.9471445,1.519209944444444,1.4751984444444448,1.5,1.5,0.03137099175247598,2.109,2.195,2.134,2.064
ds_2,46989,1785085986.0150535,1.5389654444444443,1.4905356111111117,1.5,1.5,0.040098385476140884,2.152,2.202,2.135,2.072
ds_2,46993,1785085986.078626,1.5281608888888893,1.4876355555555552,1.5,1.5,0.030755733602568065,2.151,2.199,2.143,2.097
ds_2,46997,1785085986.1558619,1.5512853333333332,1.4812028333333334,1.5,1.5,0.054621597283542885,2.149,2.216,2.119,2.06
ds_2,47001,1785085986.2086024,1.5340382222222224,1.497037722222222,1.5,1.5,0.034166879601188534,2.149,2.202,2.151,2.054
ds_2,47005,1785085986.2706573,1.5070909999999995,1.485311,1.5,1.5,0.016311008613816368,2.124,2.193,2.163,2.085
ds_2,47009,1785085986.3403895,1.5278475,1.4758395000000002,1.5,1.5,0.03686750624194688,2.128,2.203,2.131,2.08
ds_2,47013,1785085986.4001184,1.5412337777777776,1.5028529444444447,1.5,1.5,0.04133235683856212,2.162,2.199,2.146,2.057
ds_2,47017,1785085986.4664824,1.522139,1.4996071666666664,1.5,1.5,0.022142484933443535,2.146,2.196,2.165,2.064
ds_2,47021,1785085986.521398,1.4976864444444438,1.4773211111111113,1.5,1.5,0.022796590546465587,2.114,2.196,2.168,2.098
ds_2,47025,1785085986.5969417,1.5394137777777779,1.4953616111111108,1.5,1.5,0.03968577239012274,2.156,2.197,2.136,2.071
ds_2,47029,1785085986.6670556,1.5261752222222222,1.5035917222222221,1.5,1.5,0.026420498233461105,2.167,2.201,2.17,2.085
ds_2,47033,1785085986.7321725,1.5187819444444446,1.493401111111111,1.5,1.5,0.019907455178452774,2.147,2.193,2.158,2.092
ds_2,47037,1785085986.7938275,1.5403983333333335,1.4999289999999998,1.5,1.5,0.04039839572447311,2.163,2.196,2.14,2.072
ds_2,47041,1785085986.847223,1.5236893333333332,1.4858679999999997,1.5,1.5,0.02758437850990629,2.134,2.208,2.156,2.064
ds_2,47045,1785085986.9137785,1.5172861666666664,1.491777,1.5,1.5,0.019142342777930015,2.143,2.204,2.169,2.079
ds_2,47049,1785085986.9827452,1.5461428333333334,1.5020499999999999,1.5,1.5,0.04618834883417872,2.181,2.199,2.138,2.092
ds_2,47053,1785085987.0421433,1.527974,1.4959420000000003,1.5,1.5,0.028266801021693173,2.152,2.206,2.162,2.068
ds_2,47057,1785085987.1082764,1.5232690000000002,1.491295666666667,1.5,1.5,0.024843747297414318,2.145,2.202,2.158,2.078
ds_2,47061,1785085987.164668,1.5226256666666667,1.505169666666667,1.5,1.5,0.023208753640718366,2.155,2.194,2.17,2.068
ds_2,47065,1785085987.2459226,1.5122838888888892,1.4874978888888888,1.5,1.5,0.01752702794170039,2.133,2.204,2.17,2.078
ds_2,47069,1785085987.3069315,1.5305309999999999,1.471245,1.5,1.5,0.041940338410651826,2.129,2.21,2.128,2.084
ds_2,47073,1785085987.368781,1.5220261666666663,1.4885381666666668,1.5,1.5,0.024829934381485407,2.138,2.207,2.161,2.068
ds_2,47077,1785085987.4373598,1.5168246111111112,1.4834132777777778,1.5,1.5,0.023625979199120788,2.126,2.202,2.156,2.071
ds_2,47081,1785085987.4924464,1.519962333333333,1.4802065,1.5,1.5,0.028111872836243005,2.124,2.196,2.141,2.078
ds_2,47085,1785085987.5596137,1.5526853888888887,1.488973388888889,1.5,1.5,0.05382691106657634,2.167,2.216,2.128,2.073
ds_2,47089,1785085987.6249547,1.517930055555556,1.4874660555555552,1.5,1.5,0.021876623495451723,2.147,2.197,2.155,2.106
ds_2,47093,1785085987.696097,1.5391708333333338,1.470533333333333,1.5,1.5,0.049016717846794663,2.125,2.215,2.12,2.06
ds_2,47097,1785085987.764974,1.5407604444444443,1.5060564444444444,1.5,1.5,0.041207940383101764,2.187,2.193,2.145,2.107
ds_2,47101,1785085987.8103662,1.5372489444444448,1.4839936111111105,1.5,1.5,0.04054242651208363,2.141,2.196,2.122,2.077
ds_2,47105,1785085987.877437,1.5376850555555555,1.5049325555555553,1.5,1.5,0.03800649308386582,2.187,2.206,2.161,2.101
ds_2,47109,1785085987.9539828,1.5284608333333336,1.489130833333333,1.5,1.5,0.030465682629075893,2.158,2.212,2.158,2.093
ds_2,47113,1785085988.0066867,1.5199338888888891,1.4830183888888888,1.5,1.5,0.02618654315032041,2.127,2.197,2.146,2.075
ds_2,47117,1785085988.076416,1.5229373333333336,1.4749773333333334,1.5,1.5,0.0339448833781406,2.129,2.213,2.147,2.081
ds_2,47121,1785085988.1309047,1.5300846111111106,1.4909886111111117,1.5,1.5,0.031405237706687385,2.142,2.199,2.145,2.066
ds_2,47125,1785085988.1986468,1.5333238888888885,1.4957278888888892,1.5,1.5,0.033596614472661705,2.158,2.195,2.143,2.085
ds_2,47129,1785085988.2689636,1.5147192222222217,1.483508388888889,1.5,1.5,0.022104948311798118,2.127,2.199,2.156,2.079
ds_2,47133,1785085988.3308113,1.5345412222222226,1.495409222222222,1.5,1.5,0.03484496051382326,2.148,2.201,2.147,2.057
ds_2,47137,1785085988.39529,1.5423963888888892,1.4848763888888887,1.5,1.5,0.04501308036402369,2.142,2.197,2.117,2.068
ds_2,47141,1785085988.4521961,1.5159551111111111,1.4970357777777779,1.5,1.5,0.016228129403927545,2.14,2.196,2.17,2.068
ds_2,47145,1785085988.5203853,1.531909666666667,1.4926336666666664,1.5,1.5,0.03274888843236633,2.156,2.209,2.155,2.077
ds_2,47149,1785085988.5862522,1.5106395000000001,1.4873434999999995,1.5,1.5,0.01653438697079562,2.132,2.2,2.168,2.083
ds_2,47153,1785085988.6489017,1.5336754444444447,1.514660777777778,1.5,1.5,0.036728380900609724,2.18,2.207,2.181,2.063
ds_2,47157,1785085988.7154365,1.535110666666666,1.5110591666666668,1.5,1.5,0.03681119505176178,2.174,2.203,2.17,2.063
ds_2,47161,1785085988.770299,1.5312253333333334,1.4957738333333332,1.5,1.5,0.031510028982408594,2.146,2.195,2.146,2.063
ds_2,47165,1785085988.839609,1.5262243888888891,1.4829643888888886,1.5,1.5,0.03127188223508002,2.122,2.193,2.133,2.06
ds_2,47169,1785085988.9091225,1.5178275000000003,1.4842628333333332,1.5,1.5,0.023779784922165727,2.136,2.212,2.166,2.077
ds_2,47173,1785085988.968705,1.5254362777777775,1.4856804444444445,1.5,1.5,0.02918996229009035,2.138,2.196,2.141,2.083
ds_2,47177,1785085989.0392802,1.5053108888888886,1.4746368888888892,1.5,1.5,0.02591318093219495,2.118,2.212,2.17,2.086
ds_2,47181,1785085989.0912943,1.5357933888888888,1.4823653888888886,1.5,1.5,0.03990170669522,2.135,2.203,2.129,2.064
ds_2,47185,1785085989.1624975,1.532476611111111,1.5077132777777782,1.5,1.5,0.03338000783911689,2.168,2.202,2.168,2.065
ds_2,47189,1785085989.2337751,1.5198554999999998,1.4791621666666666,1.5,1.5,0.02878291469392519,2.136,2.208,2.152,2.093
ds_2,47193,1785085989.2914393,1.536817055555555,1.501267555555556,1.5,1.5,0.036838869104075904,2.163,2.201,2.152,2.068
ds_2,47197,1785085989.3589482,1.5246781111111112,1.5013394444444448,1.5,1.5,0.024714434637112436,2.161,2.204,2.172,2.078
ds_2,47201,1785085989.4121451,1.5080391111111109,1.4487804444444448,1.5,1.5,0.051846602384007734,2.095,2.209,2.127,2.113
ds_2,47205,1785085989.4836044,1.5316761666666665,1.4938201666666668,1.5,1.5,0.03227336168920446,2.158,2.21,2.158,2.077
ds_2,47209,1785085989.5547514,1.5289345000000005,1.4687733333333328,1.5,1.5,0.042571234435486764,2.128,2.216,2.133,2.085
ds_2,47213,1785085989.6115062,1.5414223333333334,1.5081336666666663,1.5,1.5,0.04221334187460435,2.175,2.194,2.148,2.074
ds_2,47217,1785085989.684569,1.5314763333333334,1.4822896666666665,1.5,1.5,0.036116692358089786,2.145,2.204,2.136,2.09
ds_2,47221,1785085989.7348487,1.5079431666666665,1.4729831666666662,1.5,1.5,0.028160312144143208,2.113,2.209,2.161,2.08
ds_2,47225,1785085989.805982,1.5196722222222223,1.4704402222222221,1.5,1.5,0.03550741879427603,2.126,2.206,2.138,2.1
ds_2,47229,1785085989.8715653,1.5124411666666668,1.4912373333333333,1.5,1.5,0.01521732417801808,2.138,2.208,2.179,2.073
ds_2,47233,1785085989.9305043,1.5249101666666665,1.485136,1.5,1.5,0.02900784203213159,2.133,2.197,2.142,2.074
ds_2,47241,1785085990.058075,1.5237554999999998,1.4989695,1.5,1.5,0.023777840745113743,2.174,2.204,2.17,2.113
ds_2,47245,1785085990.1279871,1.5541079444444443,1.4941681111111111,1.5,1.5,0.05442132468082176,2.173,2.208,2.125,2.077
ds_2,47249,1785085990.1939018,1.5192261666666669,1.4871061666666663,1.5,1.5,0.02314943676900672,2.14,2.212,2.168,2.075
ds_2,47253,1785085990.2600427,1.527695222222222,1.4949127222222223,1.5,1.5,0.028158581802472393,2.162,2.208,2.163,2.09
ds_2,47257,1785085990.3323805,1.5449266666666663,1.5033071666666666,1.5,1.5,0.0450482267035991,2.182,2.219,2.162,2.071
ds_2,47261,1785085990.3883133,1.5404783333333336,1.481982833333333,1.5,1.5,0.044307039667968416,2.149,2.207,2.126,2.083
ds_2,47265,1785085990.452817,1.5068484444444443,1.468432277777778,1.5,1.5,0.03230204757609035,2.108,2.201,2.148,2.093
ds_2,47269,1785085990.5185933,1.5229533333333327,1.4638860000000005,1.5,1.5,0.042791079760985805,2.114,2.202,2.12,2.094
ds_2,47273,1785085990.5812373,1.5124810555555552,1.4986142222222225,1.5,1.5,0.012557751702842273,2.151,2.199,2.18,2.088
ds_2,47277,1785085990.6499083,1.5453176111111113,1.5184247777777782,1.5,1.5,0.04891991734435402,2.2,2.199,2.162,2.086
ds_2,47281,1785085990.708824,1.5425956111111108,1.4935222777777781,1.5,1.5,0.04308534520132396,2.161,2.199,2.131,2.08
ds_2,47285,1785085990.7729979,1.5222134999999999,1.4852130000000003,1.5,1.5,0.02668510729320729,2.145,2.202,2.151,2.097
ds_2,47289,1785085990.8459282,1.5327561111111108,1.496439444444445,1.5,1.5,0.03294905720938957,2.155,2.204,2.154,2.068
ds_2,47293,1785085990.902503,1.537773444444444,1.5009259444444447,1.5,1.5,0.037784791627210185,2.151,2.193,2.142,2.051
ds_2,47297,1785085990.9633884,1.5426302222222226,1.4843237222222219,1.5,1.5,0.04542115731332855,2.141,2.2,2.119,2.064
ds_2,47301,1785085991.0277357,1.5088546111111114,1.4819494444444439,1.5,1.5,0.020105389670265924,2.131,2.2,2.163,2.099
ds_2,47305,1785085991.1014814,1.525100833333333,1.4832055000000002,1.5,1.5,0.030201110315313747,2.148,2.196,2.138,2.111
ds_2,47309,1785085991.1591282,1.5206128333333335,1.492331333333333,1.5,1.5,0.021993120435086857,2.141,2.195,2.156,2.078
ds_2,47313,1785085991.2210884,1.5322346666666669,1.4780971666666662,1.5,1.5,0.038971885291052055,2.126,2.203,2.128,2.063
ds_2,47317,1785085991.2895477,1.5257869444444445,1.4923142777777774,1.5,1.5,0.026907932470891082,2.143,2.206,2.16,2.063
ds_2,47321,1785085991.345901,1.5333856666666668,1.492916333333333,1.5,1.5,0.0341288891149746,2.159,2.196,2.14,2.094
ds_2,47325,1785085991.4273243,1.5187247222222218,1.4911747222222222,1.5,1.5,0.020700259663934253,2.139,2.194,2.156,2.081
ds_2,47329,1785085991.4791524,1.5145577222222224,1.472739722222222,1.5,1.5,0.03090388358800561,2.108,2.192,2.134,2.079
ds_2,47333,1785085991.5461497,1.5169297777777775,1.4942842777777778,1.5,1.5,0.017868599724839458,2.142,2.207,2.176,2.067
ds_2,47337,1785085991.6095028,1.5331100555555557,1.5018275555555556,1.5,1.5,0.03316045443296316,2.168,2.204,2.161,2.079
ds_2,47341,1785085991.6620424,1.5414673333333337,1.4972728333333332,1.5,1.5,0.04155691484946387,2.167,2.204,2.143,2.078
ds_2,47345,1785085991.733592,1.5304474444444447,1.4825094444444442,1.5,1.5,0.035113621386002464,2.139,2.212,2.146,2.07
ds_2,47349,1785085991.8001394,1.5371856666666666,1.4920909999999998,1.5,1.5,0.03801744450176049,2.16,2.213,2.151,2.075
ds_2,47353,1785085991.8659673,1.5256201111111116,1.5002042777777778,1.5,1.5,0.02562092548594213,2.156,2.196,2.161,2.078
ds_2,47357,1785085991.9307787,1.5307415000000002,1.4942748333333336,1.5,1.5,0.0312700712441005,2.16,2.213,2.163,2.078
ds_2,47361,1785085991.9874454,1.523010666666667,1.4745808333333335,1.5,1.5,0.034287385646506054,2.141,2.202,2.135,2.118
ds_2,47365,1785085992.0582802,1.5202355000000003,1.4903259999999998,1.5,1.5,0.02242903779144383,2.149,2.209,2.168,2.086
ds_2,47369,1785085992.12417,1.5238524444444448,1.4834017777777775,1.5,1.5,0.0290592513137143,2.141,2.195,2.139,2.099
ds_2,47377,1785085992.252967,1.4947685555555557,1.4794770555555559,1.5,1.5,0.021179217635338848,2.111,2.195,2.174,2.091
ds_2,47381,1785085992.3027382,1.5393616666666667,1.5103883333333334,1.5,1.5,0.04070943713959001,2.17,2.193,2.153,2.061
ds_2,47385,1785085992.3695254,1.5407018333333335,1.4977399999999998,1.5,1.5,0.0407645291484455,2.166,2.214,2.155,2.065
ds_2,47389,1785085992.4508545,1.5329983888888885,1.4852803888888892,1.5,1.5,0.03613254240327762,2.14,2.202,2.136,2.071
ds_2,47393,1785085992.5089393,1.528979333333333,1.4846221666666668,1.5,1.5,0.03280669929255609,2.139,2.212,2.151,2.066
ds_2,47397,1785085992.5740774,1.5317728888888895,1.4769768888888883,1.5,1.5,0.039237483527620784,2.125,2.201,2.125,2.067
ds_2,47401,1785085992.6298795,1.5222121666666666,1.4860121666666664,1.5,1.5,0.02624956817528422,2.146,2.197,2.147,2.102
ds_2,47405,1785085992.70158,1.516362166666667,1.4815461666666665,1.5,1.5,0.024663018118677934,2.122,2.2,2.152,2.071
ds_2,47409,1785085992.7701678,1.5435211666666666,1.4952253333333332,1.5,1.5,0.04378229539215083,2.162,2.196,2.129,2.079
ds_2,47413,1785085992.8282747,1.520382388888889,1.4925410555555554,1.5,1.5,0.021704322819273043,2.166,2.217,2.179,2.106
ds_2,47417,1785085992.8965435,1.528868388888889,1.496265888888889,1.5,1.5,0.029108889756056522,2.161,2.196,2.151,2.095
ds_2,47421,1785085992.950838,1.5246808333333335,1.4970674999999998,1.5,1.5,0.024854438039871,2.14,2.199,2.161,2.052
ds_2,47425,1785085993.0265496,1.5453283333333336,1.4867518333333332,1.5,1.5,0.04722469399377393,2.162,2.21,2.129,2.086
ds_2,47429,1785085993.0873203,1.5420994444444445,1.5130861111111111,1.5,1.5,0.04408638708879661,2.189,2.196,2.156,2.086
ds_2,47433,1785085993.1475463,1.5360471111111111,1.506993777777778,1.5,1.5,0.036719302104774997,2.167,2.199,2.159,2.063
ds_2,47437,1785085993.2161987,1.5174390000000002,1.5021545000000003,1.5,1.5,0.01757158476774387,2.152,2.194,2.173,2.078
ds_2,47441,1785085993.269848,1.524971111111111,1.4966376111111113,1.5,1.5,0.025196468982053348,2.142,2.199,2.16,2.057
ds_2,47445,1785085993.342387,1.536525333333333,1.5016933333333338,1.5,1.5,0.036564564169272847,2.161,2.201,2.153,2.063
ds_2,47449,1785085993.4083889,1.525084833333333,1.4746615,1.5,1.5,0.03565513210760949,2.138,2.196,2.126,2.115
ds_2,47453,1785085993.4699879,1.5264035000000002,1.4951210000000001,1.5,1.5,0.026850501918027743,2.155,2.204,2.161,2.081
ds_2,47457,1785085993.538848,1.528814166666667,1.4818299999999993,1.5,1.5,0.03406471929569493,2.139,2.201,2.136,2.086
ds_2,47461,1785085993.5932665,1.5402133333333337,1.5054773333333333,1.5,1.5,0.040584644364861054,2.161,2.195,2.147,2.053
ds_2,47469,1785085993.7297907,1.5261461111111108,1.4985074444444446,1.5,1.5,0.02618867786508072,2.158,2.201,2.163,2.081
ds_2,47473,1785085993.7906404,1.5144070000000003,1.4696429999999998,1.5,1.5,0.033602218646988466,2.114,2.197,2.135,2.095
ds_2,47477,1785085993.8598506,1.5164751111111112,1.499027111111111,1.5,1.5,0.016503811648027975,2.145,2.193,2.169,2.075
ds_2,47481,1785085993.916749,1.524222944444444,1.503801611111111,1.5,1.5,0.024519447069596422,2.179,2.202,2.174,2.111
ds_2,47485,1785085993.9857464,1.5444558888888889,1.505323888888889,1.5,1.5,0.04477353961663592,2.182,2.201,2.147,2.085
ds_2,47489,1785085994.0498822,1.5514961111111112,1.500293277777778,1.5,1.5,0.051496946233954954,2.177,2.199,2.128,2.081
ds_2,47493,1785085994.1184602,1.5334742777777777,1.4742429444444445,1.5,1.5,0.04223686995547603,2.125,2.208,2.126,2.065
ds_2,47497,1785085994.1804109,1.5093751111111111,1.4867709444444444,1.5,1.5,0.01621421041055212,2.126,2.203,2.172,2.071
ds_2,47501,1785085994.237151,1.5182429444444439,1.4848316111111117,1.5,1.5,0.023725198492059327,2.129,2.202,2.156,2.071
ds_2,47505,1785085994.305273,1.526436277777778,1.4950964444444441,1.5,1.5,0.026887202156979123,2.158,2.208,2.165,2.083
ds_2,47509,1785085994.375185,1.5104279444444446,1.4649944444444445,1.5,1.5,0.03652575728290252,2.115,2.195,2.132,2.118
ds_2,47513,1785085994.4351053,1.5055153888888888,1.4779653888888886,1.5,1.5,0.022714391944615008,2.113,2.194,2.156,2.085
ds_2,47517,1785085994.5041878,1.5216026111111112,1.484568111111111,1.5,1.5,0.026548370976331427,2.133,2.204,2.153,2.073
ds_2,47521,1785085994.5560231,1.5234494999999997,1.4958361666666673,1.5,1.5,0.02381630866187616,2.148,2.199,2.161,2.074
ds_2,47525,1785085994.6270845,1.521682388888889,1.4762698888888888,1.5,1.5,0.032144115499959006,2.125,2.194,2.131,2.091
ds_2,47529,1785085994.6964269,1.5279772222222219,1.4931772222222224,1.5,1.5,0.028797139786383676,2.146,2.199,2.151,2.071
ds_2,47533,1785085994.7567906,1.5547147222222224,1.496570222222222,1.5,1.5,0.054822114182689986,2.162,2.194,2.113,2.061
ds_2,47537,1785085994.8258514,1.5388573888888886,1.4821513888888886,1.5,1.5,0.0427606079219883,2.149,2.22,2.142,2.071
ds_2,47541,1785085994.877591,1.5306933333333337,1.5081924999999996,1.5,1.5,0.03176787319543325,2.16,2.193,2.162,2.059
ds_2,47545,1785085994.9571218,1.5180365555555555,1.4781890555555557,1.5,1.5,0.02830255525332079,2.117,2.201,2.146,2.067
ds_2,47549,1785085995.017015,1.524720333333333,1.488487,1.5,1.5,0.02726983771699233,2.142,2.199,2.149,2.081
ds_2,47553,1785085995.0763881,1.5314271111111109,1.5088849444444448,1.5,1.5,0.03265892757839695,2.174,2.197,2.166,2.081
ds_2,47557,1785085995.1448584,1.5506133333333327,1.5122148333333336,1.5,1.5,0.052066415898083175,2.189,2.2,2.147,2.072
ds_2,47561,1785085995.2004058,1.5273885,1.4839884999999995,1.5,1.5,0.03172535365445149,2.141,2.2,2.14,2.087
ds_2,47565,1785085995.2694418,1.5392268333333334,1.4800501666666666,1.5,1.5,0.04400841173445028,2.142,2.206,2.124,2.077
ds_2,47569,1785085995.3381596,1.5485515555555558,1.4812040555555557,1.5,1.5,0.05206285695601864,2.152,2.219,2.126,2.067
ds_2,47573,1785085995.3991184,1.5374630555555557,1.4828755555555553,1.5,1.5,0.04119134774548569,2.151,2.221,2.146,2.074
ds_2,47577,1785085995.4687595,1.506505333333333,1.4897498333333339,1.5,1.5,0.012140233872220319,2.128,2.197,2.174,2.077
ds_2,47581,1785085995.5200481,1.5358978333333333,1.4875349999999998,1.5,1.5,0.038000403458750005,2.148,2.199,2.132,2.08
ds_2,47585,1785085995.5930636,1.5206505000000003,1.4781016666666662,1.5,1.5,0.030099504199036443,2.118,2.193,2.134,2.074
ds_2,47589,1785085995.6617894,1.5174538888888889,1.509418388888889,1.5,1.5,0.01983290918166134,2.167,2.197,2.186,2.085
ds_2,47593,1785085995.7226386,1.5264665,1.4722039999999998,1.5,1.5,0.03838089678798563,2.124,2.208,2.133,2.079
ds_2,47597,1785085995.7923822,1.5431228333333338,1.491162833333333,1.5,1.5,0.04401902167687205,2.162,2.201,2.129,2.086
ds_2,47601,1785085995.8441226,1.5366246666666667,1.491716,1.5,1.5,0.037549845065518575,2.154,2.204,2.142,2.074
ds_2,47605,1785085995.9160447,1.5120425,1.482146666666666,1.5,1.5,0.02153516466993303,2.122,2.208,2.167,2.067
ds_2,47609,1785085995.980001,1.5287273888888888,1.4961248888888887,1.5,1.5,0.028987572483685328,2.152,2.196,2.151,2.077
ds_2,47613,1785085996.047327,1.5259106111111111,1.4853852777777778,1.5,1.5,0.02974810706219726,2.138,2.199,2.143,2.08
ds_2,47617,1785085996.0981116,1.5081972222222222,1.4739107222222225,1.5,1.5,0.027346752405478184,2.12,2.212,2.165,2.088
ds_2,47621,1785085996.1674664,1.5075672222222223,1.4864987222222223,1.5,1.5,0.015477317396538957,2.128,2.194,2.165,2.088
ds_2,47625,1785085996.2356288,1.5350709444444446,1.4995377777777774,1.5,1.5,0.03507399027210954,2.168,2.2,2.151,2.087
ds_2,47629,1785085996.3051026,1.5266972222222224,1.4703552222222218,1.5,1.5,0.039894291870850085,2.121,2.206,2.128,2.08
ds_2,47633,1785085996.369228,1.5111021666666673,1.4878061666666664,1.5,1.5,0.01649083612360439,2.132,2.2,2.168,2.081
ds_2,47637,1785085996.4306576,1.532140888888889,1.483112888888889,1.5,1.5,0.036307179183281635,2.127,2.197,2.129,2.057
ds_2,47641,1785085996.4864438,1.5420100555555556,1.4964925555555555,1.5,1.5,0.04215622058856477,2.158,2.199,2.136,2.066
ds_2,47645,1785085996.5570354,1.531732055555556,1.507025388888888,1.5,1.5,0.032500452901782856,2.175,2.197,2.163,2.088
ds_2,47649,1785085996.6226344,1.5149366111111104,1.4815252777777783,1.5,1.5,0.023757476984578974,2.122,2.202,2.156,2.071
ds_2,47653,1785085996.6903722,1.5416488333333334,1.4969261666666664,1.5,1.5,0.04176210925454906,2.142,2.195,2.133,2.036
ds_2,47657,1785085996.75337,1.549939,1.4956765,1.5,1.5,0.050125805462356364,2.166,2.208,2.133,2.064
ds_2,47661,1785085996.8057222,1.5291200555555555,1.5008385555555557,1.5,1.5,0.029132126784331993,2.154,2.195,2.156,2.068
ds_2,47665,1785085996.8772018,1.497828444444444,1.4934364444444441,1.5,1.5,0.0069134589795365265,2.133,2.199,2.193,2.087
ds_2,47669,1785085996.9459753,1.519664388888889,1.502885888888889,1.5,1.5,0.019875023145960704,2.161,2.2,2.177,2.085
ds_2,47673,1785085997.006918,1.5205950000000004,1.472075833333333,1.5,1.5,0.034697451045110066,2.126,2.206,2.139,2.094
ds_2,47677,1785085997.0744135,1.508409333333334,1.4901718333333331,1.5,1.5,0.012934826907960648,2.132,2.201,2.176,2.077
ds_2,47681,1785085997.128481,1.5343586111111112,1.4832977777777774,1.5,1.5,0.03820312009044652,2.135,2.193,2.122,2.074
ds_2,47685,1785085997.1978421,1.5297347222222222,1.502804888888889,1.5,1.5,0.029866722406580306,2.166,2.202,2.165,2.079
ds_2,47689,1785085997.2722068,1.5438901111111112,1.4904867777777777,1.5,1.5,0.044909277999040126,2.165,2.202,2.128,2.092
ds_2,47693,1785085997.3265562,1.5454488888888886,1.5001475555555557,1.5,1.5,0.04544912841712723,2.181,2.223,2.161,2.073
ds_2,47697,1785085997.3965943,1.504290944444445,1.4977164444444437,1.5,1.5,0.004860743790884813,2.142,2.196,2.187,2.087
ds_2,47701,1785085997.4489112,1.5290183333333331,1.4769383333333332,1.5,1.5,0.03706621290189871,2.129,2.206,2.134,2.074
ds_2,47705,1785085997.519682,1.5230063888888896,1.4976138888888886,1.5,1.5,0.023129795847378183,2.151,2.194,2.159,2.081
ds_2,47709,1785085997.5901136,1.5293685555555554,1.489594388888889,1.5,1.5,0.031157483820350794,2.139,2.197,2.142,2.067
ds_2,47713,1785085997.655504,1.5225772222222222,1.4921272222222222,1.5,1.5,0.02391049127914102,2.131,2.196,2.154,2.054
ds_2,47717,1785085997.7243824,1.530046277777778,1.4838169444444447,1.5,1.5,0.03412726322771254,2.129,2.199,2.135,2.06
ds_2,47721,1785085997.7705455,1.534014166666667,1.4875715,1.5,1.5,0.03621368727812445,2.148,2.209,2.145,2.072
ds_2,47725,1785085997.8412895,1.5083359999999997,1.4893300000000003,1.5,1.5,0.013540228801611476,2.128,2.206,2.18,2.066
ds_2,47729,1785085997.9117138,1.5292630555555553,1.4752255555555558,1.5,1.5,0.03834187681867398,2.129,2.199,2.124,2.086
ds_2,47733,1785085997.9787421,1.523606222222222,1.4989222222222223,1.5,1.5,0.023630813201055905,2.147,2.195,2.161,2.067
ds_2,47737,1785085998.0353189,1.516469666666667,1.4989096666666666,1.5,1.5,0.01650571861170854,2.152,2.207,2.183,2.075
ds_2,47741,1785085998.08989,1.523758666666666,1.478870666666667,1.5,1.5,0.0317950148433499,2.125,2.203,2.141,2.071
ds_2,47745,1785085998.1704302,1.5432465,1.4908545000000002,1.5,1.5,0.04420294031509661,2.167,2.219,2.147,2.078
ds_2,47749,1785085998.2353134,1.5195353888888894,1.4890013888888887,1.5,1.5,0.022418761460294923,2.129,2.202,2.16,2.057
ds_2,47753,1785085998.2965236,1.5338258888888885,1.4789538888888891,1.5,1.5,0.039838794560386165,2.141,2.204,2.128,2.088
ds_2,47761,1785085998.4243407,1.505082055555556,1.4789580555555555,1.5,1.5,0.02164695624499774,2.125,2.195,2.159,2.106
ds_2,47765,1785085998.4885054,1.520434944444444,1.4848527777777778,1.5,1.5,0.02543669191339347,2.158,2.203,2.154,2.126
ds_2,47769,1785085998.5552163,1.519560666666667,1.4739381666666669,1.5,1.5,0.032585868672461236,2.119,2.204,2.141,2.078
ds_2,47773,1785085998.6181998,1.5355129444444442,1.506539611111111,1.5,1.5,0.036110050354419956,2.173,2.193,2.153,2.084
ds_2,47777,1785085998.687341,1.5229795,1.499768833333333,1.5,1.5,0.022980662703189714,2.152,2.192,2.16,2.079
ds_2,47781,1785085998.737476,1.534248888888889,1.475780388888889,1.5,1.5,0.04194729970447344,2.133,2.206,2.125,2.078
ds_2,47785,1785085998.8067505,1.5392447222222216,1.500094722222223,1.5,1.5,0.03924483653423364,2.165,2.202,2.148,2.071
ds_2,47789,1785085998.8739932,1.5121124999999997,1.4844485,1.5,1.5,0.01971197119772632,2.131,2.203,2.165,2.084
ds_2,47793,1785085998.9353828,1.5253901666666665,1.5042346666666666,1.5,1.5,0.02574088120362004,2.165,2.203,2.174,2.078
ds_2,47797,1785085999.001072,1.5270166666666667,1.4907333333333335,1.5,1.5,0.028561711939043284,2.142,2.202,2.152,2.068
ds_2,47801,1785085999.065536,1.5021737777777784,1.4861431111111105,1.5,1.5,0.014026356601277172,2.113,2.197,2.175,2.063
ds_2,47805,1785085999.128553,1.5117884444444438,1.4900084444444444,1.5,1.5,0.015453109875992382,2.131,2.193,2.163,2.079
ds_2,47809,1785085999.1897216,1.5182751666666667,1.478281,1.5,1.5,0.028384796594206004,2.12,2.209,2.154,2.064
ds_2,47813,1785085999.2571197,1.514985388888889,1.4845353888888888,1.5,1.5,0.021534067822154238,2.131,2.196,2.154,2.087
ds_2,47817,1785085999.3240588,1.5363257777777775,1.5013657777777778,1.5,1.5,0.03635144398918346,2.175,2.209,2.161,2.085
ds_2,47821,1785085999.376242,1.5180342222222225,1.482484722222222,1.5,1.5,0.025139970699927836,2.126,2.201,2.152,2.073
ds_2,47825,1785085999.4489446,1.5367700000000004,1.5060959999999997,1.5,1.5,0.03727189445144996,2.18,2.212,2.17,2.078
ds_2,47833,1785085999.580227,1.5055591666666663,1.4742480000000004,1.5,1.5,0.026345205218934072,2.114,2.206,2.163,2.085
ds_2,47837,1785085999.6463332,1.5163689444444446,1.4895007777777776,1.5,1.5,0.01944674804425981,2.138,2.197,2.16,2.084
ds_2,47841,1785085999.705598,1.524266166666667,1.4670569999999996,1.5,1.5,0.040915621633973595,2.135,2.212,2.133,2.115
ds_2,47845,1785085999.7705452,1.5462779999999998,1.5049434999999998,1.5,1.5,0.04654128786625893,2.179,2.204,2.147,2.074
ds_2,47849,1785085999.8387697,1.5183992777777775,1.4900657777777777,1.5,1.5,0.02090985877294039,2.151,2.199,2.16,2.104
ds_2,47853,1785085999.9009855,1.5257266666666667,1.4899485,1.5,1.5,0.02762053638197094,2.152,2.215,2.166,2.079
ds_2,47857,1785085999.9657013,1.5141610555555554,1.4801565555555554,1.5,1.5,0.024378223517460947,2.139,2.194,2.147,2.119
ds_2,47861,1785086000.0221648,1.561570333333333,1.5132968333333334,1.5,1.5,0.06298977475330572,2.195,2.195,2.128,2.071
ds_2,47865,1785086000.097486,1.5165001666666664,1.4737743333333335,1.5,1.5,0.03098452988410299,2.119,2.202,2.143,2.085
ds_2,47873,1785086000.22538,1.5086853333333334,1.4731195000000001,1.5,1.5,0.028248828212177324,2.115,2.202,2.153,2.09
ds_2,47877,1785086000.2876904,1.5668998333333335,1.5114470000000004,1.5,1.5,0.06787209668949243,2.192,2.199,2.122,2.058
ds_2,47881,1785086000.341537,1.5254766111111107,1.4820366111111118,1.5,1.5,0.03117276141249276,2.136,2.202,2.142,2.083
ds_2,47885,1785086000.4147878,1.545456611111111,1.4972277777777776,1.5,1.5,0.045541066190375505,2.167,2.193,2.126,2.084
ds_2,47889,1785086000.4798088,1.5172235555555555,1.4737635555555553,1.5,1.5,0.031384739652604146,2.121,2.203,2.143,2.087
ds_2,47893,1785086000.5444393,1.5200039444444442,1.4923906111111112,1.5,1.5,0.021402350165314905,2.134,2.199,2.161,2.06
ds_2,47901,1785086000.665192,1.5329124444444444,1.466861611111111,1.5,1.5,0.046705265414724716,2.122,2.223,2.132,2.065
ds_2,47905,1785086000.7343037,1.5358785000000001,1.4804769999999998,1.5,1.5,0.04084622738087347,2.14,2.197,2.12,2.086
ds_2,47909,1785086000.80436,1.543799555555556,1.4904455555555556,1.5,1.5,0.04482954913342543,2.16,2.2,2.126,2.084
ds_2,47913,1785086000.868112,1.5323205000000002,1.4714484999999995,1.5,1.5,0.043125431852910664,2.141,2.216,2.132,2.099
ds_2,47917,1785086000.9309802,1.5354149444444445,1.4891856111111113,1.5,1.5,0.037029303221141084,2.149,2.199,2.135,2.078
ds_2,47921,1785086000.9887547,1.5267602777777778,1.4934716111111108,1.5,1.5,0.027545096264642084,2.143,2.194,2.148,2.071
ds_2,47925,1785086001.0560133,1.5442578888888885,1.5095058888888895,1.5,1.5,0.04526723597116474,2.177,2.196,2.148,2.068
ds_2,47929,1785086001.1232228,1.5320524999999998,1.517479166666667,1.5,1.5,0.03650868422185479,2.181,2.196,2.176,2.071
ds_2,47933,1785086001.188593,1.5233263333333331,1.4792741666666667,1.5,1.5,0.03120381377554479,2.129,2.197,2.136,2.085
ds_2,47937,1785086001.2532892,1.5413731666666664,1.4886306666666667,1.5,1.5,0.04290688360242673,2.168,2.204,2.131,2.105
ds_2,47941,1785086001.3069854,1.5246871111111118,1.4764582777777775,1.5,1.5,0.03411255106556329,2.12,2.193,2.126,2.077
ds_2,47945,1785086001.3783507,1.5167700555555552,1.4935380555555557,1.5,1.5,0.01797196398114275,2.139,2.194,2.162,2.077
ds_2,47949,1785086001.4466455,1.5418302777777784,1.5099009444444442,1.5,1.5,0.042986054015902296,2.185,2.199,2.155,2.084
ds_2,47953,1785086001.507922,1.501717,1.4995215,1.5,1.5,0.0017824284698130073,2.153,2.197,2.194,2.107
ds_2,47957,1785086001.5736012,1.5244950555555559,1.4768210555555557,1.5,1.5,0.033723451961927116,2.124,2.2,2.134,2.077
ds_2,47961,1785086001.6290205,1.5403216111111109,1.4869922777777782,1.5,1.5,0.04236783166514594,2.161,2.199,2.125,2.102
ds_2,47965,1785086001.699216,1.5340562777777775,1.4843187777777784,1.5,1.5,0.03749307651366902,2.148,2.197,2.128,2.094
ds_2,47969,1785086001.76838,1.5047271111111118,1.482907111111111,1.5,1.5,0.01773449830202995,2.121,2.197,2.167,2.085
ds_2,47973,1785086001.8276396,1.5163253888888883,1.4836478888888895,1.5,1.5,0.023106489568161175,2.124,2.201,2.156,2.068
ds_2,47977,1785086001.8953612,1.5132343888888884,1.4727090555555564,1.5,1.5,0.030330590134912284,2.124,2.199,2.143,2.106
ds_2,47981,1785086001.95048,1.5231346666666663,1.4969146666666668,1.5,1.5,0.02333949621469019,2.147,2.203,2.167,2.065
ds_2,47985,1785086002.0222766,1.5286690555555553,1.4930215555555553,1.5,1.5,0.02950615924365147,2.147,2.207,2.158,2.064
ds_2,47989,1785086002.0925176,1.5445848888888891,1.5011648888888884,1.5,1.5,0.04460010407339925,2.163,2.201,2.141,2.057
ds_2,47993,1785086002.1557212,1.5508092222222225,1.503201222222222,1.5,1.5,0.050909968439817724,2.17,2.197,2.131,2.061
ds_2,47997,1785086002.2096436,1.5241451111111115,1.4930059444444443,1.5,1.5,0.02513768493083878,2.141,2.194,2.151,2.072
ds_2,48001,1785086002.275573,1.5285461111111107,1.4952421111111112,1.5,1.5,0.028939902664779138,2.154,2.195,2.149,2.085
ds_2,48005,1785086002.3403392,1.5250191666666664,1.4988711666666668,1.5,1.5,0.025044619489800076,2.161,2.197,2.161,2.092
ds_2,48009,1785086002.4129577,1.5170187222222222,1.468477222222222,1.5,1.5,0.03582348984820345,2.112,2.207,2.14,2.08
ds_2,48017,1785086002.537445,1.5331734999999997,1.496756833333333,1.5,1.5,0.03333165510858654,2.166,2.21,2.16,2.083
ds_2,48021,1785086002.594122,1.525431277777778,1.4741574444444445,1.5,1.5,0.036257241580855006,2.119,2.202,2.131,2.071
ds_2,48025,1785086002.6620991,1.5034065555555554,1.4728865555555557,1.5,1.5,0.02732660773669232,2.102,2.201,2.159,2.073
ds_2,48029,1785086002.7299762,1.5163896111111108,1.4864937777777782,1.5,1.5,0.02123764090216905,2.138,2.208,2.167,2.081
ds_2,48033,1785086002.8007073,1.5197259444444449,1.4792752777777778,1.5,1.5,0.028611658382792084,2.122,2.195,2.139,2.078
ds_2,48037,1785086002.8617086,1.5153702777777776,1.4892342777777778,1.5,1.5,0.0187655592491162,2.133,2.196,2.16,2.077
ds_2,48041,1785086002.9137273,1.5140200555555554,1.4843155555555558,1.5,1.5,0.02103719932195623,2.128,2.194,2.153,2.085
ds_2,48045,1785086002.9852905,1.5294627777777778,1.5069309444444443,1.5,1.5,0.030267032647332527,2.168,2.196,2.165,2.078
ds_2,48049,1785086003.0543954,1.5430928333333338,1.4918663333333326,1.5,1.5,0.0438537206875191,2.161,2.2,2.129,2.083
ds_2,48053,1785086003.1139512,1.5257680555555555,1.495899555555556,1.5,1.5,0.02609226574592873,2.148,2.206,2.165,2.063
ds_2,48057,1785086003.1813111,1.5353500555555553,1.5027025555555558,1.5,1.5,0.035453211904025124,2.162,2.199,2.154,2.066
ds_2,48061,1785086003.2456994,1.541952111111111,1.4905599444444446,1.5,1.5,0.04300109621359637,2.161,2.207,2.136,2.081
ds_2,48065,1785086003.3115544,1.534875611111111,1.4948631111111115,1.5,1.5,0.03525189183335042,2.154,2.21,2.155,2.061
ds_2,48069,1785086003.372906,1.5033891666666663,1.4931505,1.5,1.5,0.007642126729153445,2.139,2.201,2.187,2.09
ds_2,48073,1785086003.4353766,1.5227146666666669,1.479988833333334,1.5,1.5,0.030272146820780204,2.119,2.202,2.143,2.058
ds_2,48077,1785086003.5007153,1.535332333333333,1.4788083333333333,1.5,1.5,0.041200248966345734,2.146,2.213,2.135,2.087
ds_2,48081,1785086003.5591526,1.5208608888888886,1.4859968888888893,1.5,1.5,0.02512496380145987,2.133,2.203,2.155,2.071
ds_2,48085,1785086003.6281524,1.511390388888889,1.4982623888888886,1.5,1.5,0.011522163486671504,2.14,2.197,2.179,2.07
ds_2,48089,1785086003.6969984,1.5296063333333334,1.4913491666666665,1.5,1.5,0.030844316993662906,2.158,2.192,2.139,2.106
ds_2,48093,1785086003.7582247,1.5440599999999998,1.5150866666666665,1.5,1.5,0.046571355049118815,2.175,2.193,2.153,2.051
ds_2,48097,1785086003.822913,1.5325266111111107,1.4857374444444449,1.5,1.5,0.03551620646055436,2.141,2.192,2.127,2.083
ds_2,48101,1785086003.8793874,1.5129671111111107,1.4991002777777778,1.5,1.5,0.01299828721967057,2.138,2.199,2.18,2.059
ds_2,48105,1785086003.949923,1.5368263888888887,1.4810912222222223,1.5,1.5,0.04139715927023304,2.139,2.21,2.133,2.067
ds_2,48109,1785086004.0161917,1.5295663333333336,1.4997251666666664,1.5,1.5,0.029567610659958707,2.166,2.204,2.163,2.086
ds_2,48113,1785086004.076346,1.536139333333333,1.4998226666666667,1.5,1.5,0.03613976841221967,2.19,2.204,2.154,2.126
ds_2,48117,1785086004.1497204,1.545024611111111,1.5066437777777781,1.5,1.5,0.0455121455093833,2.177,2.199,2.146,2.072
ds_2,48121,1785086004.2016442,1.5345031666666664,1.4911031666666665,1.5,1.5,0.03563175765225277,2.153,2.2,2.14,2.081
ds_2,48125,1785086004.2699363,1.5255710000000005,1.500921,1.5,1.5,0.025587580620293572,2.153,2.192,2.158,2.074
ds_2,48129,1785086004.3411143,1.550604944444445,1.5078987777777775,1.5,1.5,0.051217683397514896,2.176,2.201,2.142,2.056
ds_2,48133,1785086004.3984537,1.5271297222222222,1.4949363888888894,1.5,1.5,0.0275982243149718,2.148,2.217,2.173,2.052
ds_2,48137,1785086004.466731,1.5285457777777776,1.4950731111111113,1.5,1.5,0.028967838425773402,2.156,2.206,2.16,2.078
ds_2,48141,1785086004.5212927,1.5265635555555555,1.479021555555556,1.5,1.5,0.03384845070400871,2.124,2.194,2.128,2.074
ds_2,48145,1785086004.593159,1.537474,1.4804228333333331,1.5,1.5,0.04227961838397377,2.135,2.206,2.127,2.064
ds_2,48149,1785086004.6568415,1.5306118333333336,1.4877876666666663,1.5,1.5,0.03295793418089563,2.142,2.207,2.148,2.066
ds_2,48153,1785086004.723289,1.5231346111111108,1.4804284444444449,1.5,1.5,0.030302739449206775,2.135,2.201,2.142,2.09
ds_2,48157,1785086004.7882257,1.5319677777777778,1.4862612777777777,1.5,1.5,0.03479498964432623,2.151,2.208,2.145,2.086
ds_2,48161,1785086004.8414948,1.5473822777777777,1.5125822777777775,1.5,1.5,0.04902442209233722,2.183,2.199,2.151,2.064
ds_2,48165,1785086004.913958,1.5314303888888887,1.5132428888888894,1.5,1.5,0.03410635500651233,2.169,2.195,2.17,2.06
ds_2,48169,1785086004.9812808,1.5316333888888887,1.4768627222222221,1.5,1.5,0.0391918985960328,2.133,2.2,2.124,2.085
ds_2,48173,1785086005.0455127,1.5234639444444444,1.492253111111111,1.5,1.5,0.02470973444512843,2.143,2.199,2.156,2.074
ds_2,48177,1785086005.109299,1.5301070000000003,1.4975044999999996,1.5,1.5,0.030210246097144292,2.166,2.196,2.151,2.1
ds_2,48181,1785086005.1620195,1.5394735000000002,1.4982339999999996,1.5,1.5,0.03951298467909017,2.175,2.199,2.142,2.1
ds_2,48185,1785086005.23408,1.5372645555555553,1.5044070555555555,1.5,1.5,0.03752424868565419,2.179,2.213,2.168,2.079
ds_2,48193,1785086005.3635037,1.5199240000000003,1.4886844999999997,1.5,1.5,0.022913016306239927,2.138,2.201,2.158,2.077
ds_2,48197,1785086005.4306808,1.5142866666666668,1.4793266666666665,1.5,1.5,0.025129575315861737,2.125,2.209,2.161,2.077
ds_2,48201,1785086005.4881415,1.5382537222222221,1.4976537222222224,1.5,1.5,0.03832560871356675,2.16,2.203,2.147,2.068
ds_2,48205,1785086005.557239,1.5217093888888893,1.5020848888888885,1.5,1.5,0.02180927159737437,2.166,2.194,2.167,2.101
ds_2,48209,1785086005.6238055,1.5493212777777774,1.500578777777778,1.5,1.5,0.04932467359596744,2.175,2.216,2.149,2.061
ds_2,48213,1785086005.6857562,1.5191537222222222,1.4907552222222218,1.5,1.5,0.021268074457424475,2.139,2.204,2.165,2.071
ds_2,48217,1785086005.7510335,1.5124582222222225,1.4816582222222219,1.5,1.5,0.022172688447449792,2.143,2.221,2.179,2.097
ds_2,48221,1785086005.8082948,1.526522833333333,1.4801441666666666,1.5,1.5,0.03313177938760414,2.142,2.206,2.142,2.095
ds_2,48225,1785086005.8786268,1.517045666666667,1.4894323333333332,1.5,1.5,0.020055680763536816,2.136,2.199,2.161,2.077
ds_2,48229,1785086005.9468222,1.5147650555555556,1.4605525555555556,1.5,1.5,0.04212015834201207,2.121,2.206,2.131,2.125
ds_2,48233,1785086006.0089264,1.524035222222222,1.4934732222222225,1.5,1.5,0.02490563661969082,2.139,2.204,2.162,2.056
ds_2,48237,1785086006.0755968,1.5194485555555557,1.4815925555555554,1.5,1.5,0.026778355516589365,2.127,2.21,2.158,2.066
ds_2,48241,1785086006.12771,1.5403886111111114,1.4892331111111106,1.5,1.5,0.041799112476585895,2.139,2.197,2.126,2.052
ds_2,48245,1785086006.1970956,1.5296064999999999,1.5033865000000002,1.5,1.5,0.029799550743257748,2.161,2.203,2.167,2.066
ds_2,48249,1785086006.268797,1.5272449999999997,1.4803474999999997,1.5,1.5,0.03359331453206125,2.147,2.197,2.132,2.113
ds_2,48253,1785086006.3281925,1.5129460555555554,1.4882393888888894,1.5,1.5,0.017490349572101316,2.127,2.197,2.163,2.07
ds_2,48257,1785086006.3942757,1.5243100000000003,1.4686261666666665,1.5,1.5,0.039689967473252034,2.113,2.208,2.131,2.07
ds_2,48261,1785086006.4482028,1.5315831666666666,1.5010631666666665,1.5,1.5,0.03160105599589279,2.161,2.201,2.159,2.072
ds_2,48265,1785086006.5224953,1.5527957777777779,1.4892011111111108,1.5,1.5,0.05388886853882795,2.162,2.212,2.124,2.066
ds_2,48269,1785086006.5886953,1.5131764444444442,1.4957044444444443,1.5,1.5,0.013858949661803031,2.142,2.196,2.172,2.08
ds_2,48273,1785086006.6481323,1.5284097777777779,1.4759106111111113,1.5,1.5,0.03724800840881072,2.117,2.194,2.121,2.066
ds_2,48277,1785086006.7131448,1.5455431666666668,1.4934391666666664,1.5,1.5,0.04601330855367359,2.167,2.207,2.135,2.08
ds_2,48281,1785086006.7692177,1.5232664999999999,1.5014864999999997,1.5,1.5,0.02331393798782163,2.145,2.193,2.163,2.058
ds_2,48285,1785086006.8391726,1.5253203333333338,1.476577833333333,1.5,1.5,0.03449227698300392,2.134,2.216,2.149,2.08
ds_2,48289,1785086006.909601,1.5421939444444444,1.4981824444444445,1.5,1.5,0.04223307301130699,2.169,2.195,2.134,2.088
ds_2,48293,1785086006.9704986,1.5270655555555557,1.4901670555555553,1.5,1.5,0.02879637293095099,2.143,2.196,2.145,2.078
ds_2,48297,1785086007.0396903,1.5225986666666669,1.4876866666666666,1.5,1.5,0.02573553793665289,2.128,2.206,2.158,2.05
ds_2,48301,1785086007.0914865,1.546030611111111,1.4936146111111108,1.5,1.5,0.046471392818858905,2.168,2.22,2.148,2.067
ds_2,48305,1785086007.1632304,1.5494635555555551,1.499016888888889,1.5,1.5,0.04947332448556778,2.169,2.197,2.127,2.073
ds_2,48309,1785086007.2323225,1.5344896666666672,1.4968069999999996,1.5,1.5,0.03463715282435635,2.173,2.2,2.148,2.106
ds_2,48313,1785086007.29111,1.5340368888888887,1.492455388888889,1.5,1.5,0.03486303145242039,2.17,2.217,2.16,2.095
ds_2,48317,1785086007.3640761,1.5215984999999999,1.4776276666666663,1.5,1.5,0.031096888928440834,2.118,2.193,2.132,2.074
ds_2,48325,1785086007.4844544,1.5221995,1.4781473333333335,1.5,1.5,0.031150551210122026,2.133,2.197,2.136,2.098
ds_2,48329,1785086007.5521383,1.541360333333333,1.4934883333333335,1.5,1.5,0.041869785958638384,2.158,2.209,2.143,2.065
ds_2,48333,1785086007.6149442,1.5426881666666663,1.5093995,1.5,1.5,0.043710755811482836,2.18,2.194,2.148,2.079
ds_2,48337,1785086007.6804674,1.5316780555555554,1.492672055555556,1.5,1.5,0.03251458093781481,2.155,2.194,2.14,2.091
ds_2,48341,1785086007.7357242,1.5232777777777775,1.491231111111111,1.5,1.5,0.02487465277380318,2.147,2.207,2.163,2.077
ds_2,48345,1785086007.8072228,1.5043393333333337,1.4729421666666667,1.5,1.5,0.027403579300380187,2.109,2.212,2.169,2.074
ds_2,48349,1785086007.8741307,1.530574166666667,1.503767666666666,1.5,1.5,0.030805437498471564,2.159,2.192,2.155,2.071
ds_2,48353,1785086007.934745,1.5109957777777776,1.473791277777778,1.5,1.5,0.028421897358548442,2.115,2.214,2.163,2.072
ds_2,48357,1785086008.0004487,1.535550888888889,1.483470888888889,1.5,1.5,0.03920557632421156,2.136,2.206,2.134,2.06
ds_2,48361,1785086008.0564592,1.5353675555555557,1.4804955555555557,1.5,1.5,0.04038919829684336,2.154,2.204,2.128,2.108
ds_2,48365,1785086008.1337757,1.5274396111111113,1.4854089444444443,1.5,1.5,0.031077824250650726,2.147,2.203,2.145,2.092
ds_2,48369,1785086008.197974,1.528648888888889,1.487409388888889,1.5,1.5,0.03129348690573063,2.152,2.199,2.142,2.099
ds_2,48373,1785086008.254273,1.5408255000000002,1.4881316666666664,1.5,1.5,0.04251562990667235,2.163,2.202,2.129,2.099
ds_2,48377,1785086008.3236825,1.522512111111111,1.482407944444444,1.5,1.5,0.028570536665396724,2.147,2.215,2.16,2.095
ds_2,48381,1785086008.3754616,1.5316518333333333,1.5061426666666669,1.5,1.5,0.032242377504441116,2.172,2.204,2.169,2.077
ds_2,48385,1785086008.452025,1.5199773333333335,1.480129833333333,1.5,1.5,0.028176539362956575,2.126,2.201,2.146,2.077
ds_2,48389,1785086008.520635,1.5297339444444444,1.4950139444444444,1.5,1.5,0.030149099525995725,2.154,2.194,2.146,2.085
ds_2,48393,1785086008.5770385,1.5318067222222223,1.491318722222222,1.5,1.5,0.03297017079689685,2.163,2.197,2.141,2.108
ds_2,48397,1785086008.6432688,1.5241740000000001,1.4973675,1.5,1.5,0.0243169145298084,2.149,2.192,2.155,2.078
ds_2,48401,1785086008.6988575,1.5316860000000003,1.491856833333333,1.5,1.5,0.03271565006783658,2.141,2.2,2.145,2.058
ds_2,48405,1785086008.781399,1.5244864999999996,1.4922345000000001,1.5,1.5,0.025688356749702383,2.155,2.221,2.177,2.074
ds_2,48409,1785086008.8501544,1.5069753888888886,1.4741928888888889,1.5,1.5,0.026733182265724843,2.114,2.208,2.163,2.081
ds_2,48413,1785086008.911296,1.5203752222222218,1.4935317222222224,1.5,1.5,0.02137728462680448,2.143,2.195,2.158,2.079
ds_2,48417,1785086008.980919,1.505810833333333,1.481682333333333,1.5,1.5,0.01921724996296022,2.117,2.21,2.177,2.065
ds_2,48421,1785086009.0338464,1.515592,1.4930498333333333,1.5,1.5,0.01707088986240748,2.14,2.197,2.166,2.079
ds_2,48425,1785086009.1024413,1.5278569444444445,1.4807644444444443,1.5,1.5,0.03385285735815719,2.136,2.206,2.141,2.079
ds_2,48429,1785086009.172093,1.5295568888888889,1.470845388888889,1.5,1.5,0.041516274276845164,2.124,2.215,2.134,2.071
ds_2,48433,1785086009.2340147,1.5487075,1.4982841666666664,1.5,1.5,0.048737712710772235,2.166,2.196,2.126,2.071
ds_2,48437,1785086009.3000507,1.5254209444444442,1.494109777777778,1.5,1.5,0.026094427264737492,2.152,2.206,2.163,2.077
ds_2,48441,1785086009.3552878,1.5240651666666665,1.484897166666667,1.5,1.5,0.028411754986076943,2.141,2.203,2.149,2.086
ds_2,48445,1785086009.4258304,1.5448654444444447,1.5151336111111116,1.5,1.5,0.04734906852790154,2.188,2.196,2.155,2.074
ds_2,48449,1785086009.4872882,1.5298689444444447,1.4810147777777776,1.5,1.5,0.035391983626980976,2.146,2.221,2.154,2.08
ds_2,48453,1785086009.5508654,1.5085312222222218,1.4802497222222226,1.5,1.5,0.021514070393681854,2.113,2.195,2.156,2.073
ds_2,48457,1785086009.619667,1.522046111111111,1.4769514444444443,1.5,1.5,0.03189462224766098,2.138,2.213,2.151,2.095
ds_2,48461,1785086009.6751573,1.5258989444444444,1.493808277777778,1.5,1.5,0.026628795455551055,2.153,2.21,2.166,2.075
ds_2,48465,1785086009.7456777,1.5110776666666668,1.4726084999999998,1.5,1.5,0.029546725216642755,2.118,2.204,2.151,2.092
ds_2,48469,1785086009.8177266,1.5223025555555556,1.4754700555555558,1.5,1.5,0.0331530113075142,2.114,2.194,2.129,2.07
ds_2,48473,1785086009.8753164,1.548766722222222,1.4860542222222222,1.5,1.5,0.05072157247292825,2.158,2.206,2.119,2.079
ds_2,48477,1785086009.941988,1.5140060555555555,1.4828382222222223,1.5,1.5,0.022151663791217375,2.124,2.196,2.153,2.079
ds_2,48481,1785086009.9981065,1.5334001111111109,1.4934059444444447,1.5,1.5,0.034044808574939876,2.161,2.209,2.154,2.083
ds_2,48485,1785086010.0694964,1.5348308888888893,1.4949283888888887,1.5,1.5,0.035198182624284736,2.163,2.204,2.149,2.086
ds_2,48489,1785086010.1350853,1.5277066111111115,1.4813919444444443,1.5,1.5,0.03337538060938052,2.126,2.203,2.139,2.06
ds_2,48493,1785086010.2002993,1.5365896666666667,1.5061536666666664,1.5,1.5,0.037103521668734145,2.168,2.195,2.153,2.071
ds_2,48497,1785086010.2639692,1.5154336111111106,1.4842657777777781,1.5,1.5,0.022040011362684415,2.128,2.196,2.153,2.081
ds_2,48501,1785086010.3191838,1.5237591111111115,1.4809939444444442,1.5,1.5,0.03042573760110041,2.129,2.204,2.145,2.072
ds_2,48505,1785086010.3930016,1.5323528888888895,1.4859102222222218,1.5,1.5,0.03528783440909919,2.145,2.209,2.145,2.073
ds_2,48509,1785086010.4557302,1.5363901666666664,1.472206333333333,1.5,1.5,0.045790087757128735,2.131,2.208,2.119,2.079
ds_2,48513,1785086010.5221877,1.5170831666666666,1.4662865,1.5,1.5,0.03779463805371216,2.115,2.212,2.142,2.087
ds_2,48517,1785086010.5839972,1.5405144444444447,1.4919506111111114,1.5,1.5,0.04130632966176689,2.161,2.208,2.141,2.078
ds_2,48521,1785086010.639871,1.5292926111111114,1.4737627777777778,1.5,1.5,0.03932491443913232,2.129,2.202,2.125,2.087
ds_2,48525,1785086010.7173266,1.5496785000000002,1.4926009999999998,1.5,1.5,0.05022647273350997,2.162,2.207,2.128,2.066
ds_2,48529,1785086010.7770464,1.5173900000000002,1.5093581666666662,1.5,1.5,0.01974809822137593,2.163,2.196,2.185,2.078
ds_2,48533,1785086010.8405037,1.5409409444444444,1.4808351111111113,1.5,1.5,0.0452045782872325,2.162,2.214,2.131,2.105
ds_2,48537,1785086010.9082797,1.5258479999999996,1.4910960000000004,1.5,1.5,0.027338623227953055,2.16,2.196,2.148,2.112
ds_2,48541,1785086010.9620671,1.5393436666666667,1.485256166666667,1.5,1.5,0.042015529606787984,2.141,2.201,2.126,2.065
ds_2,48545,1785086011.034112,1.5527545,1.5106658333333327,1.5,1.5,0.05382190326386122,2.189,2.206,2.148,2.067
ds_2,48549,1785086011.1039948,1.512894055555555,1.4932155555555557,1.5,1.5,0.01457001561733856,2.136,2.2,2.173,2.071
ds_2,48553,1785086011.1615856,1.511422111111111,1.4824087777777777,1.5,1.5,0.020974167957422626,2.125,2.196,2.156,2.086
ds_2,48557,1785086011.2298906,1.5451147222222223,1.510234722222222,1.5,1.5,0.046261081917248,2.185,2.204,2.156,2.073
ds_2,48561,1785086011.284092,1.5111016666666663,1.469615166666667,1.5,1.5,0.03234942193412725,2.114,2.212,2.155,2.084
ds_2,48565,1785086011.3538895,1.5133754444444443,1.4857621111111112,1.5,1.5,0.019535096470167674,2.14,2.199,2.161,2.101
ds_2,48569,1785086011.42146,1.5173876111111113,1.4760911111111108,1.5,1.5,0.029562881930767358,2.118,2.202,2.145,2.075
ds_2,48573,1785086011.4824631,1.5088451666666667,1.4819893333333336,1.5,1.5,0.02006542018346188,2.128,2.196,2.159,2.097
ds_2,48577,1785086011.5465665,1.548571722222222,1.4833517222222226,1.5,1.5,0.05134566537302567,2.168,2.219,2.129,2.094
ds_2,48581,1785086011.6065614,1.5378646111111114,1.4958339444444444,1.5,1.5,0.038093106902531274,2.162,2.203,2.145,2.078
ds_2,48585,1785086011.6749701,1.5153206111111113,1.488427777777778,1.5,1.5,0.019199933645156094,2.129,2.199,2.162,2.068
ds_2,48589,1785086011.743318,1.5268819999999999,1.5014895000000001,1.5,1.5,0.026923234097150965,2.149,2.194,2.159,2.06
ds_2,48593,1785086011.8065524,1.5247217777777782,1.4870391111111108,1.5,1.5,0.027913275287647265,2.14,2.2,2.148,2.08
ds_2,48597,1785086011.870961,1.5034537777777779,1.4736536111111112,1.5,1.5,0.02657180438778741,2.114,2.201,2.16,2.095
ds_2,48601,1785086011.9267,1.5281851666666668,1.5034784999999995,1.5,1.5,0.028399006712872595,2.159,2.197,2.163,2.07
ds_2,48605,1785086011.9980326,1.5104608333333334,1.4980423333333335,1.5,1.5,0.010642438292306685,2.143,2.2,2.183,2.075
ds_2,48609,1785086012.0641057,1.5072930000000002,1.4703434999999996,1.5,1.5,0.03054006943754431,2.109,2.199,2.148,2.091
ds_2,48613,1785086012.1277337,1.530189055555555,1.4759015555555557,1.5,1.5,0.03862789277165348,2.127,2.209,2.134,2.068
ds_2,48617,1785086012.1911163,1.5212162777777778,1.4734982777777776,1.5,1.5,0.03394807392898251,2.119,2.202,2.136,2.079
ds_2,48621,1785086012.250604,1.5263538333333335,1.4995103333333333,1.5,1.5,0.02635838205970855,2.156,2.195,2.158,2.08
ds_2,48625,1785086012.3196352,1.5078925,1.4817564999999997,1.5,1.5,0.0198775463400293,2.127,2.196,2.16,2.097
ds_2,48629,1785086012.3893337,1.5442684444444443,1.4973709444444443,1.5,1.5,0.04434644412627751,2.166,2.197,2.132,2.079
ds_2,48633,1785086012.4574718,1.5293781111111113,1.4803047777777778,1.5,1.5,0.035369127651661385,2.126,2.199,2.131,2.065
ds_2,48637,1785086012.5182786,1.5451863333333333,1.4974243333333335,1.5,1.5,0.04525968160392744,2.165,2.204,2.138,2.068
ds_2,48641,1785086012.5638816,1.5184622777777779,1.4700324444444444,1.5,1.5,0.03519815459252294,2.122,2.202,2.135,2.099
ds_2,48645,1785086012.6399407,1.5511478888888885,1.5106225555555557,1.5,1.5,0.052239307272598436,2.19,2.199,2.143,2.079
ds_2,48649,1785086012.7106133,1.5195235555555549,1.4883413888888894,1.5,1.5,0.022739666544849487,2.142,2.197,2.154,2.091
ds_2,48653,1785086012.7751713,1.535364277777778,1.5084714444444443,1.5,1.5,0.03636478397734755,2.17,2.199,2.162,2.066
ds_2,48657,1785086012.8361053,1.5313838888888889,1.5052478888888892,1.5,1.5,0.03181962946956248,2.167,2.196,2.16,2.078
ds_2,48661,1785086012.891223,1.5288165000000002,1.4701590000000002,1.5,1.5,0.041483441916625015,2.12,2.213,2.132,2.068
ds_2,48665,1785086012.9608073,1.5277120555555557,1.4971920555555553,1.5,1.5,0.027853950799075013,2.151,2.201,2.159,2.068
ds_2,48669,1785086013.0281494,1.5253698888888885,1.4701938888888888,1.5,1.5,0.03914122534876052,2.127,2.216,2.14,2.084
ds_2,48673,1785086013.0897439,1.5240136111111109,1.4949202777777781,1.5,1.5,0.024545001455502154,2.153,2.202,2.162,2.083
ds_2,48677,1785086013.1582193,1.504188277777778,1.4730204444444441,1.5,1.5,0.02730271211288641,2.114,2.196,2.153,2.101
ds_2,48681,1785086013.2153459,1.532294222222222,1.4922817222222224,1.5,1.5,0.033203743776766985,2.151,2.21,2.155,2.066
ds_2,48685,1785086013.2835562,1.536479333333334,1.4942359999999997,1.5,1.5,0.03693190296267571,2.152,2.214,2.156,2.052
ds_2,48689,1785086013.3513067,1.5328148888888886,1.4723348888888892,1.5,1.5,0.0429205697257179,2.128,2.202,2.118,2.084
ds_2,48693,1785086013.4113271,1.5451324444444443,1.4901337777777772,1.5,1.5,0.04619826709378973,2.155,2.209,2.133,2.063
ds_2,48697,1785086013.478446,1.520135666666667,1.4669795,1.5,1.5,0.03867555419591447,2.115,2.221,2.148,2.071
ds_2,48701,1785086013.5288558,1.5193146666666666,1.5032693333333336,1.5,1.5,0.0195894075686042,2.155,2.199,2.177,2.073
ds_2,48705,1785086013.609364,1.5157759444444443,1.4990051111111113,1.5,1.5,0.015807283986043495,2.149,2.199,2.176,2.078
ds_2,48709,1785086013.6706703,1.5287483333333334,1.4824123333333332,1.5,1.5,0.0337015235296897,2.155,2.204,2.14,2.114
ds_2,48713,1785086013.7330663,1.526257111111111,1.495835111111111,1.5,1.5,0.026585375366129725,2.16,2.194,2.152,2.1
ds_2,48717,1785086013.801139,1.5158713888888886,1.494051388888889,1.5,1.5,0.016949541569422133,2.145,2.197,2.167,2.086
ds_2,48721,1785086013.8539972,1.5191293333333338,1.4741379999999997,1.5,1.5,0.032167910062324674,2.124,2.208,2.146,2.084
ds_2,48725,1785086013.9260235,1.5338129999999999,1.491763,1.5,1.5,0.03480182664746194,2.155,2.204,2.146,2.08
ds_2,48729,1785086013.9937005,1.5238341666666673,1.498453333333333,1.5,1.5,0.02388429773872893,2.145,2.193,2.158,2.066
ds_2,48733,1785086014.0551898,1.5246386666666663,1.4841133333333336,1.5,1.5,0.029316378918428167,2.129,2.199,2.143,2.067
ds_2,48737,1785086014.1203508,1.5419882777777776,1.4976311111111114,1.5,1.5,0.04205504851158432,2.182,2.212,2.151,2.099
ds_2,48741,1785086014.1753688,1.5297291666666668,1.4805651666666668,1.5,1.5,0.03551810942869695,2.135,2.203,2.135,2.078
ds_2,48745,1785086014.2459981,1.5275351666666668,1.4789266666666665,1.5,1.5,0.034673776562971936,2.146,2.21,2.143,2.101
ds_2,48749,1785086014.3149304,1.5323772222222223,1.501703222222222,1.5,1.5,0.03242199075882656,2.169,2.212,2.17,2.074
ds_2,48753,1785086014.376286,1.5460069444444449,1.4946857777777776,1.5,1.5,0.04631284805473961,2.168,2.204,2.133,2.081
ds_2,48757,1785086014.4429502,1.5152507777777775,1.4783012777777775,1.5,1.5,0.026522080780065564,2.121,2.199,2.148,2.081
ds_2,48761,1785086014.499326,1.5371418888888895,1.4959783888888885,1.5,1.5,0.037358978387579435,2.161,2.195,2.138,2.085
ds_2,48765,1785086014.5679128,1.5155966111111112,1.4679886111111113,1.5,1.5,0.03560875309171752,2.112,2.197,2.131,2.094
ds_2,48769,1785086014.6428957,1.5258868333333335,1.4953668333333334,1.5,1.5,0.026298181940752063,2.152,2.201,2.159,2.078
ds_2,48773,1785086014.697514,1.5066623333333333,1.4811998333333336,1.5,1.5,0.01994575022752663,2.122,2.2,2.165,2.086
ds_2,48777,1785086014.7643542,1.5266069999999998,1.491791,1.5,1.5,0.027844570925047295,2.147,2.2,2.152,2.078
ds_2,48781,1785086014.8209891,1.5362195555555553,1.497591388888889,1.5,1.5,0.036299553883298995,2.166,2.213,2.16,2.073
ds_2,48785,1785086014.888396,1.5297113888888887,1.4762093888888888,1.5,1.5,0.0380625775105537,2.127,2.206,2.132,2.071
ds_2,48789,1785086014.956835,1.5329549999999998,1.4800178333333331,1.5,1.5,0.03853983665889675,2.146,2.212,2.139,2.088
ds_2,48793,1785086015.0227807,1.5350711111111115,1.4804017777777778,1.5,1.5,0.04017552922911572,2.132,2.196,2.12,2.072
ds_2,48797,1785086015.0858004,1.5435071666666667,1.485907166666667,1.5,1.5,0.045732718077129544,2.153,2.2,2.12,2.083
ds_2,48801,1785086015.140382,1.5162609999999996,1.4722088333333339,1.5,1.5,0.032198898516787866,2.115,2.197,2.136,2.087
ds_2,48805,1785086015.2086186,1.500305166666666,1.499573000000001,1.5,1.5,0.0005248387318436542,2.136,2.197,2.196,2.074
ds_2,48809,1785086015.279641,1.508259388888889,1.4798608888888884,1.5,1.5,0.02176697730884106,2.114,2.204,2.165,2.067
ds_2,48813,1785086015.3407097,1.5441911111111113,1.4784436111111108,1.5,1.5,0.04916840655505943,2.142,2.213,2.122,2.067
ds_2,48817,1785086015.4062462,1.5399503888888888,1.4965703888888888,1.5,1.5,0.04009732914729991,2.174,2.199,2.139,2.102
ds_2,48821,1785086015.4611113,1.532045277777778,1.4764897777777777,1.5,1.5,0.039744564116281716,2.127,2.203,2.126,2.07
ds_2,48825,1785086015.5334685,1.5289645555555553,1.4963170555555558,1.5,1.5,0.029197766324013778,2.153,2.199,2.154,2.075
ds_2,48829,1785086015.6036437,1.5252824444444448,1.493309111111111,1.5,1.5,0.026152819947567754,2.156,2.202,2.158,2.092
ds_2,48833,1785086015.6668692,1.5132942222222223,1.4835077222222222,1.5,1.5,0.021183285174712976,2.127,2.2,2.159,2.08
ds_2,48837,1785086015.7277718,1.5190832222222228,1.492239722222222,1.5,1.5,0.020600759247440734,2.151,2.195,2.158,2.101
ds_2,48841,1785086015.7825804,1.535007055555556,1.5306270555555552,1.5,1.5,0.04651355147344531,2.2,2.193,2.187,2.072
ds_2,48845,1785086015.855007,1.5062281111111109,1.4800201111111113,1.5,1.5,0.020928099006471666,2.125,2.202,2.166,2.094
ds_2,48849,1785086015.9217608,1.5401915000000002,1.4952828333333332,1.5,1.5,0.040467373693027386,2.16,2.204,2.142,2.071
ds_2,48853,1785086015.9857774,1.5292078333333334,1.5045465,1.5,1.5,0.029559570197785077,2.163,2.193,2.159,2.078
ds_2,48857,1785086016.050147,1.5026124999999995,1.4792311666666669,1.5,1.5,0.02093250090834266,2.121,2.208,2.176,2.087
ds_2,48861,1785086016.1064796,1.5236933333333333,1.4967635000000001,1.5,1.5,0.023913363976957404,2.151,2.202,2.165,2.074
ds_2,48865,1785086016.1791327,1.5159350555555557,1.4775365555555557,1.5,1.5,0.027541465681173934,2.117,2.2,2.147,2.073
ds_2,48869,1785086016.2474203,1.5572127777777782,1.503809444444444,1.5,1.5,0.05733946117661675,2.183,2.202,2.128,2.072
ds_2,48873,1785086016.3070378,1.528911555555555,1.4912115555555558,1.5,1.5,0.03021778946903671,2.143,2.201,2.149,2.067
ds_2,48877,1785086016.3702826,1.5462187777777778,1.4964812777777776,1.5,1.5,0.046352527712615325,2.169,2.197,2.128,2.085
ds_2,48881,1785086016.4264588,1.5362438888888894,1.4939618888888886,1.5,1.5,0.03674341121317247,2.163,2.216,2.158,2.074
ds_2,48885,1785086016.497924,1.5227670000000004,1.485067,1.5,1.5,0.027227390216471758,2.132,2.201,2.149,2.071
ds_2,48889,1785086016.5659776,1.5266301111111111,1.4887047777777775,1.5,1.5,0.02892654253172184,2.147,2.214,2.162,2.072
ds_2,48893,1785086016.6269739,1.5252612222222222,1.4933318888888887,1.5,1.5,0.026126481851765207,2.154,2.199,2.155,2.091
ds_2,48901,1785086016.7596602,1.5409271111111111,1.4990124444444446,1.5,1.5,0.04093902404645896,2.165,2.197,2.139,2.077
ds_2,48905,1785086016.8217168,1.546161444444444,1.4975752777777775,1.5,1.5,0.046225082271992034,2.167,2.209,2.142,2.065
ds_2,48909,1785086016.8845246,1.507738777777778,1.4720749444444443,1.5,1.5,0.028977532836228517,2.114,2.208,2.159,2.086
ds_2,48913,1785086016.9472895,1.5069328333333338,1.4800646666666661,1.5,1.5,0.021106437244094913,2.121,2.197,2.16,2.09
ds_2,48917,1785086017.0170996,1.5507308333333334,1.5001908333333331,1.5,1.5,0.05073119225935422,2.174,2.201,2.131,2.074
ds_2,48921,1785086017.070737,1.5452677777777777,1.4902944444444446,1.5,1.5,0.046296538894179076,2.162,2.208,2.132,2.078
ds_2,48925,1785086017.1386821,1.5299460555555553,1.5052620555555556,1.5,1.5,0.030404859348567254,2.179,2.195,2.161,2.106
ds_2,48929,1785086017.207028,1.5105942222222222,1.4742442222222223,1.5,1.5,0.02784955355893689,2.122,2.206,2.156,2.094
ds_2,48933,1785086017.2694943,1.513555833333333,1.4924390000000003,1.5,1.5,0.015521898671267551,2.148,2.199,2.17,2.098
ds_2,48937,1785086017.3351288,1.5188272222222223,1.4977587222222224,1.5,1.5,0.01896015882533957,2.142,2.194,2.165,2.068
ds_2,48941,1785086017.3942938,1.5189423333333325,1.4891968333333334,1.5,1.5,0.021806430293352826,2.135,2.197,2.156,2.075
ds_2,48945,1785086017.4649043,1.5410732777777776,1.5006786111111108,1.5,1.5,0.04107888338855623,2.162,2.192,2.136,2.071
ds_2,48949,1785086017.5296764,1.5485613333333335,1.5031278333333333,1.5,1.5,0.04866196087779688,2.174,2.195,2.132,2.075
ds_2,48953,1785086017.5892086,1.5266760000000001,1.4932646666666667,1.5,1.5,0.027513154873825694,2.154,2.202,2.156,2.086
ds_2,48957,1785086017.6586416,1.5327912222222224,1.4894712222222217,1.5,1.5,0.03444008444125843,2.147,2.196,2.136,2.08
ds_2,48961,1785086017.7143264,1.5150537222222225,1.478155222222222,1.5,1.5,0.02652939631624389,2.125,2.196,2.145,2.093
ds_2,48965,1785086017.7875817,1.5339330555555557,1.5034970555555554,1.5,1.5,0.03411277849860768,2.162,2.195,2.153,2.07
ds_2,48969,1785086017.852134,1.5055437222222217,1.4989752222222226,1.5,1.5,0.005637643618656707,2.131,2.194,2.185,2.061
ds_2,48973,1785086017.9200287,1.5155846666666666,1.4901221666666666,1.5,1.5,0.018451380069583415,2.135,2.2,2.165,2.074
ds_2,48977,1785086017.9849668,1.5243918333333333,1.4989643333333336,1.5,1.5,0.024413810411436237,2.152,2.197,2.162,2.074
ds_2,48981,1785086018.0346875,1.5407255,1.5045588333333337,1.5,1.5,0.040979864709526706,2.172,2.195,2.145,2.078
ds_2,48985,1785086018.1056077,1.5237074999999998,1.4678183333333332,1.5,1.5,0.03997130502866326,2.121,2.216,2.139,2.081
ds_2,48989,1785086018.1763568,1.548920722222222,1.4874515555555556,1.5,1.5,0.05050446040419719,2.166,2.212,2.127,2.085
ds_2,48993,1785086018.233723,1.5466575,1.4961174999999998,1.5,1.5,0.0468187581264177,2.156,2.201,2.131,2.054
ds_2,48997,1785086018.303451,1.5223255555555557,1.4939010555555554,1.5,1.5,0.02314362880363894,2.151,2.206,2.167,2.08
ds_2,49001,1785086018.358436,1.5233443333333332,1.4797643333333337,1.5,1.5,0.030894014051628213,2.132,2.209,2.149,2.077
ds_2,49005,1785086018.4261012,1.5162072777777782,1.461819777777778,1.5,1.5,0.04147776780281603,2.115,2.213,2.138,2.1
ds_2,49009,1785086018.4930134,1.5360961666666666,1.4767008333333336,1.5,1.5,0.04296259321070916,2.148,2.214,2.132,2.095
ds_2,49013,1785086018.5556319,1.534666222222222,1.4992147222222225,1.5,1.5,0.034675115347302776,2.158,2.195,2.146,2.073
ds_2,49017,1785086018.6203284,1.5203634444444443,1.5043181111111112,1.5,1.5,0.02081624253341295,2.162,2.199,2.177,2.083
ds_2,49021,1785086018.6756532,1.5253752777777776,1.5057507777777777,1.5,1.5,0.026018765676887032,2.163,2.194,2.167,2.079
ds_2,49025,1785086018.754592,1.5310446111111111,1.4998624444444444,1.5,1.5,0.031044915857044744,2.155,2.197,2.154,2.068
ds_2,49029,1785086018.8197303,1.540873888888889,1.502546055555555,1.5,1.5,0.04095310967183352,2.166,2.196,2.143,2.07
ds_2,49033,1785086018.8758364,1.5413456111111115,1.493363611111111,1.5,1.5,0.04187482794753707,2.169,2.214,2.148,2.083
ds_2,49037,1785086018.9419708,1.5298343333333333,1.5094130000000003,1.5,1.5,0.03128405367666487,2.169,2.202,2.174,2.066
ds_2,49041,1785086018.9998918,1.5353517222222217,1.5041982222222223,1.5,1.5,0.03560013109391995,2.163,2.195,2.152,2.068
ds_2,49045,1785086019.0685866,1.5298843333333338,1.4944491666666664,1.5,1.5,0.03039547876695243,2.148,2.194,2.145,2.074
ds_2,49049,1785086019.1382709,1.544099944444445,1.492778777777777,1.5,1.5,0.044687259374298856,2.165,2.204,2.133,2.083
ds_2,49053,1785086019.1979673,1.5358236111111112,1.4765922777777774,1.5,1.5,0.0427931369809794,2.129,2.208,2.126,2.063
ds_2,49057,1785086019.2671406,1.5320375,1.5058654999999999,1.5,1.5,0.03257000915719851,2.166,2.199,2.163,2.07
ds_2,49061,1785086019.3210976,1.5184132777777775,1.4799971111111114,1.5,1.5,0.0271875773547923,2.135,2.201,2.148,2.098
ds_2,49065,1785086019.3930104,1.504447444444445,1.4704429444444442,1.5,1.5,0.029889785800514424,2.106,2.194,2.147,2.094
ds_2,49069,1785086019.459645,1.5277381111111112,1.490072777777778,1.5,1.5,0.029461034419411187,2.158,2.199,2.147,2.105
ds_2,49073,1785086019.5260205,1.5357786666666666,1.4874158333333332,1.5,1.5,0.03792722292943276,2.156,2.199,2.132,2.097
ds_2,49077,1785086019.5908508,1.5224242222222226,1.4891355555555554,1.5,1.5,0.024917501788061444,2.148,2.194,2.148,2.1
ds_2,49081,1785086019.641278,1.5215532777777774,1.4917804444444451,1.5,1.5,0.023067398563706425,2.141,2.199,2.158,2.074
ds_2,49085,1785086019.7132485,1.5227426666666668,1.4851466666666668,1.5,1.5,0.027163401816087455,2.129,2.195,2.143,2.071
ds_2,49089,1785086019.7791371,1.5305239444444445,1.4801239444444445,1.5,1.5,0.03642483725282878,2.124,2.195,2.125,2.064
ds_2,49093,1785086019.837355,1.5168097222222219,1.4817857222222224,1.5,1.5,0.024785614298505974,2.126,2.213,2.165,2.064
ds_2,49097,1785086019.9069865,1.5308008888888884,1.4781313888888892,1.5,1.5,0.037774739023250056,2.124,2.201,2.128,2.063
ds_2,49101,1785086019.9623413,1.5264935000000006,1.4715454999999993,1.5,1.5,0.03887883887798185,2.126,2.207,2.131,2.086
ds_2,49105,1785086020.0354302,1.5102476666666667,1.4890051666666668,1.5,1.5,0.015030004395837187,2.132,2.212,2.183,2.066
ds_2,49109,1785086020.1192677,1.5241345555555552,1.491562055555556,1.5,1.5,0.025567081927973412,2.138,2.194,2.149,2.07
ds_2,49113,1785086020.179205,1.554638666666667,1.5026786666666665,1.5,1.5,0.05470428822516798,2.173,2.201,2.129,2.059
ds_2,49117,1785086020.2469485,1.5145590000000002,1.4853723333333333,1.5,1.5,0.02063814703676467,2.124,2.209,2.169,2.057
ds_2,49121,1785086020.301383,1.5170759999999996,1.4822120000000003,1.5,1.5,0.02465771116709694,2.125,2.203,2.155,2.071
ds_2,49125,1785086020.368793,1.547939222222222,1.5024217222222227,1.5,1.5,0.04800035172572366,2.167,2.199,2.136,2.059
ds_2,49129,1785086020.4402163,1.5517428888888893,1.5055775555555557,1.5,1.5,0.05204263325911995,2.172,2.196,2.132,2.058
ds_2,49133,1785086020.501918,1.5239283333333327,1.4889683333333337,1.5,1.5,0.02634886725374577,2.156,2.209,2.161,2.099
ds_2,49137,1785086020.5686374,1.5325239444444443,1.4757361111111111,1.5,1.5,0.040577620263362445,2.129,2.196,2.117,2.083
ds_2,49141,1785086020.6231356,1.5401522777777779,1.481057611111111,1.5,1.5,0.044396165460113136,2.143,2.203,2.121,2.078
ds_2,49145,1785086020.6956813,1.5360640000000003,1.4976831666666666,1.5,1.5,0.0361383426943526,2.156,2.199,2.146,2.067
ds_2,49149,1785086020.7692235,1.4953659999999998,1.4924406666666667,1.5,1.5,0.008866649674169242,2.12,2.196,2.192,2.07
ds_2,49153,1785086020.8265514,1.521005611111111,1.4947976111111112,1.5,1.5,0.021640252962996136,2.143,2.202,2.166,2.067
ds_2,49157,1785086020.8874452,1.5168145000000002,1.487028,1.5,1.5,0.021236765155032568,2.132,2.2,2.159,2.075
ds_2,49161,1785086020.9451401,1.5216409444444443,1.4954689444444442,1.5,1.5,0.02211019992888029,2.153,2.199,2.163,2.088
ds_2,49165,1785086021.0146303,1.5297029444444445,1.4878462777777777,1.5,1.5,0.032093268336595135,2.143,2.194,2.136,2.083
ds_2,49169,1785086021.0804527,1.527100333333334,1.478027,1.5,1.5,0.034888978141783,2.128,2.199,2.131,2.079
ds_2,49173,1785086021.1477547,1.5249048333333335,1.4787608333333329,1.5,1.5,0.03273152798229229,2.122,2.195,2.131,2.072
ds_2,49177,1785086021.2118876,1.5210626111111112,1.484164111111111,1.5,1.5,0.02635164062670751,2.125,2.196,2.145,2.067
ds_2,49181,1785086021.2652617,1.5362386666666665,1.4943820000000003,1.5,1.5,0.036671554177287936,2.162,2.194,2.136,2.094
ds_2,49185,1785086021.338446,1.5337794444444448,1.4938402777777775,1.5,1.5,0.03433646814729603,2.156,2.206,2.151,2.074
ds_2,49189,1785086021.4029186,1.5349866666666667,1.4922215,1.5,1.5,0.035840925025652545,2.143,2.204,2.145,2.052
ds_2,49193,1785086021.4657547,1.5297390000000002,1.4800244999999999,1.5,1.5,0.03582497342985779,2.118,2.196,2.127,2.052
ds_2,49197,1785086021.5317535,1.5452577777777774,1.4976937777777781,1.5,1.5,0.0453164993167053,2.169,2.195,2.129,2.085
ds_2,49201,1785086021.5883036,1.5230532777777777,1.4982786111111108,1.5,1.5,0.023117456521126376,2.158,2.203,2.169,2.084
ds_2,49205,1785086021.657209,1.5275365000000003,1.480357333333333,1.5,1.5,0.03382444657385844,2.148,2.21,2.145,2.101
ds_2,49209,1785086021.724029,1.529006333333333,1.477070333333333,1.5,1.5,0.03697481557613079,2.129,2.2,2.128,2.08
ds_2,49213,1785086021.786418,1.5059769444444437,1.4783382777777783,1.5,1.5,0.02247118320259665,2.117,2.201,2.163,2.084
ds_2,49217,1785086021.8522053,1.5432965555555556,1.5069798888888886,1.5,1.5,0.0438555648906332,2.175,2.204,2.154,2.064
ds_2,49221,1785086021.9111571,1.5218067777777775,1.4934732777777777,1.5,1.5,0.02276254950605097,2.145,2.199,2.16,2.077
ds_2,49225,1785086021.9805512,1.5095998888888889,1.4746398888888883,1.5,1.5,0.02711628850427253,2.118,2.209,2.161,2.083
ds_2,49229,1785086022.0481741,1.550198611111111,1.4966472777777782,1.5,1.5,0.050310449250468216,2.168,2.208,2.134,2.065
ds_2,49233,1785086022.1071165,1.528568166666666,1.497257,1.5,1.5,0.028699550444116772,2.175,2.206,2.163,2.111
ds_2,49237,1785086022.1751928,1.5587529444444446,1.5010462777777778,1.5,1.5,0.058762259810870625,2.177,2.204,2.124,2.063
ds_2,49241,1785086022.2304893,1.524144611111111,1.4907332777777782,1.5,1.5,0.02586183261972368,2.156,2.202,2.156,2.101
ds_2,49245,1785086022.298287,1.5305212222222222,1.5000012222222219,1.5,1.5,0.03052122224669414,2.166,2.201,2.159,2.087
ds_2,49249,1785086022.366867,1.5142127777777779,1.489540111111111,1.5,1.5,0.01764687869648336,2.135,2.194,2.16,2.084
ds_2,49253,1785086022.4341989,1.5270714444444446,1.4766714444444444,1.5,1.5,0.03573632058029052,2.124,2.195,2.125,2.079
ds_2,49257,1785086022.5007446,1.5353259444444443,1.4877839444444447,1.5,1.5,0.03737852811746839,2.142,2.194,2.128,2.073
ds_2,49261,1785086022.5571878,1.519993388888889,1.4690333888888887,1.5,1.5,0.036860094994033234,2.131,2.219,2.149,2.1
ds_2,49265,1785086022.6200242,1.5235996111111112,1.4853071111111111,1.5,1.5,0.02779968756113847,2.142,2.194,2.141,2.097
ds_2,49269,1785086022.6888187,1.507622222222222,1.4792627222222225,1.5,1.5,0.02209373126562458,2.118,2.201,2.162,2.081
ds_2,49273,1785086022.7510939,1.5240073333333333,1.4885721666666665,1.5,1.5,0.026588483004342755,2.125,2.194,2.145,2.052
ds_2,49277,1785086022.8203359,1.5347585555555558,1.501393222222222,1.5,1.5,0.03478646651313058,2.166,2.199,2.153,2.079
ds_2,49281,1785086022.8668976,1.5313453888888893,1.472525888888889,1.5,1.5,0.041681652869594486,2.138,2.219,2.138,2.088
ds_2,49285,1785086022.9444182,1.5140569444444445,1.4863422777777777,1.5,1.5,0.019599261807873868,2.141,2.207,2.169,2.092
ds_2,49289,1785086023.0087705,1.5331013888888887,1.488358055555556,1.5,1.5,0.0350889842660195,2.151,2.196,2.134,2.091
ds_2,49293,1785086023.0709183,1.5307568888888892,1.490231555555555,1.5,1.5,0.032270864893703774,2.139,2.199,2.143,2.061
ds_2,49297,1785086023.1379309,1.538916,1.4811026666666667,1.5,1.5,0.04326157952630841,2.138,2.208,2.128,2.064
ds_2,49301,1785086023.1917691,1.5427766111111108,1.4926481111111114,1.5,1.5,0.043403787028158815,2.169,2.214,2.145,2.083
ds_2,49305,1785086023.2640915,1.529133166666667,1.4957371666666668,1.5,1.5,0.029443388868395794,2.149,2.201,2.155,2.066
ds_2,49309,1785086023.3321524,1.5340432222222224,1.5014857222222215,1.5,1.5,0.03407562691709755,2.153,2.193,2.148,2.059
ds_2,49313,1785086023.3916361,1.525826944444444,1.481713777777778,1.5,1.5,0.031645173131093586,2.126,2.2,2.139,2.065
ds_2,49317,1785086023.461904,1.5242833888888894,1.4950833888888886,1.5,1.5,0.024776118355120516,2.145,2.21,2.17,2.057
ds_2,49321,1785086023.5179198,1.5220071111111113,1.4763006111111108,1.5,1.5,0.032341520885134714,2.133,2.208,2.145,2.092
ds_2,49325,1785086023.5875618,1.521576388888889,1.4904228888888889,1.5,1.5,0.023606389277463367,2.139,2.195,2.152,2.078
ds_2,49329,1785086023.6537714,1.5154623333333328,1.4907896666666673,1.5,1.5,0.017997610736489252,2.125,2.194,2.16,2.058
ds_2,49333,1785086023.7146611,1.5224527222222222,1.492666222222222,1.5,1.5,0.023620098045564912,2.14,2.2,2.159,2.067
ds_2,49337,1785086023.7797692,1.5028100555555552,1.4700875555555557,1.5,1.5,0.030044146599084377,2.118,2.204,2.159,2.111
ds_2,49341,1785086023.8418527,1.5374619444444444,1.4920284444444443,1.5,1.5,0.038300691632579556,2.163,2.195,2.132,2.1
ds_2,49345,1785086023.887948,1.5307481666666667,1.4685128333333333,1.5,1.5,0.04401012858485602,2.122,2.214,2.128,2.073
ds_2,49349,1785086023.9740932,1.5271744999999994,1.4996245000000004,1.5,1.5,0.02717709422473214,2.149,2.194,2.156,2.065
ds_2,49353,1785086024.0402617,1.5217551111111114,1.502861777777777,1.5,1.5,0.02194253019836548,2.155,2.193,2.167,2.077
ds_2,49357,1785086024.1005096,1.5223209444444443,1.4969167777777779,1.5,1.5,0.02253288308591633,2.138,2.195,2.16,2.056
ds_2,49361,1785086024.1565976,1.5226947777777784,1.488658944444444,1.5,1.5,0.02537070120231113,2.132,2.196,2.149,2.066
ds_2,49365,1785086024.235023,1.5214244444444442,1.477168944444445,1.5,1.5,0.031309166669426396,2.124,2.207,2.146,2.073
ds_2,49373,1785086024.3590088,1.5108074444444444,1.4882756111111115,1.5,1.5,0.015945599713953797,2.126,2.196,2.165,2.072
ds_2,49377,1785086024.426177,1.5296785000000004,1.4790918333333332,1.5,1.5,0.03630378486619737,2.129,2.203,2.133,2.07
ds_2,49381,1785086024.4802232,1.5345693333333337,1.4926546666666665,1.5,1.5,0.03534109122379946,2.145,2.197,2.139,2.063
ds_2,49385,1785086024.5486667,1.5525374444444442,1.5012636111111113,1.5,1.5,0.05255263820012449,2.182,2.202,2.131,2.084
ds_2,49389,1785086024.6164181,1.5194007777777783,1.480931611111111,1.5,1.5,0.027202823993119515,2.12,2.204,2.151,2.06
ds_2,49393,1785086024.678226,1.5231854999999999,1.4838375000000001,1.5,1.5,0.028262940690947022,2.146,2.213,2.159,2.09
ds_2,49397,1785086024.7476447,1.5321953888888888,1.4822968888888886,1.5,1.5,0.036741573302175624,2.146,2.204,2.135,2.091
ds_2,49401,1785086024.7997723,1.5221174999999998,1.4792933333333333,1.5,1.5,0.03029768721692193,2.127,2.207,2.148,2.072
ds_2,49405,1785086024.8678176,1.5338276111111113,1.5091322777777774,1.5,1.5,0.0350386325488748,2.165,2.196,2.162,2.059
ds_2,49409,1785086024.9393353,1.5055945000000002,1.4968424999999996,1.5,1.5,0.006424035842054761,2.129,2.194,2.182,2.063
ds_2,49413,1785086025.0074148,1.5128174444444442,1.4852421111111114,1.5,1.5,0.019546922175708283,2.129,2.196,2.158,2.084
ds_2,49417,1785086025.066618,1.5167518333333336,1.487006333333333,1.5,1.5,0.021200455029839367,2.126,2.197,2.156,2.066
ds_2,49421,1785086025.1230178,1.5163661666666666,1.4887908333333337,1.5,1.5,0.019836754490647156,2.136,2.196,2.158,2.083
ds_2,49425,1785086025.1957498,1.5030336111111118,1.4818684444444443,1.5,1.5,0.018383582437535476,2.12,2.204,2.175,2.081
ds_2,49429,1785086025.2616892,1.5174437222222221,1.492771055555556,1.5,1.5,0.01888229548404811,2.154,2.194,2.16,2.109
ds_2,49433,1785086025.3229818,1.5331568333333332,1.506301,1.5,1.5,0.033750232557634825,2.153,2.196,2.159,2.043
ds_2,49437,1785086025.3883584,1.5319219444444445,1.4849377777777777,1.5,1.5,0.03529704060379297,2.131,2.201,2.136,2.056
ds_2,49441,1785086025.4448032,1.534172,1.4993559999999997,1.5,1.5,0.034178067821338386,2.158,2.2,2.152,2.068
ds_2,49445,1785086025.5135303,1.5111360000000003,1.502388,1.5,1.5,0.011389163270407796,2.145,2.193,2.181,2.073
ds_2,49449,1785086025.5797765,1.5177412777777777,1.481541277777778,1.5,1.5,0.025602292148661537,2.118,2.197,2.147,2.064
ds_2,49453,1785086025.6453173,1.536747388888889,1.487787388888889,1.5,1.5,0.03872361631230314,2.143,2.194,2.126,2.073
ds_2,49457,1785086025.7100182,1.522350833333334,1.4962388333333325,1.5,1.5,0.022665086044154435,2.138,2.194,2.158,2.059
ds_2,49461,1785086025.7648983,1.5376031666666665,1.5014031666666663,1.5,1.5,0.03762933722583409,2.179,2.197,2.147,2.104
ds_2,49465,1785086025.8372488,1.5227022777777777,1.4700084444444446,1.5,1.5,0.037614981336448194,2.122,2.202,2.129,2.093
ds_2,49469,1785086025.900735,1.530348944444444,1.4933994444444447,1.5,1.5,0.031058424984759313,2.162,2.199,2.148,2.1
ds_2,49473,1785086025.9669006,1.4980253333333335,1.4805133333333333,1.5,1.5,0.01958646180968428,2.111,2.201,2.177,2.077
ds_2,49477,1785086026.0318983,1.5324468333333334,1.485506,1.5,1.5,0.03553692487204144,2.135,2.199,2.134,2.064
ds_2,49481,1785086026.0861607,1.537884388888889,1.4987703888888886,1.5,1.5,0.03790433833968267,2.166,2.2,2.146,2.081
ds_2,49485,1785086026.1580758,1.5121943333333328,1.5012868333333333,1.5,1.5,0.012262043282920188,2.147,2.189,2.174,2.083
ds_2,49493,1785086026.2941182,1.5406885000000001,1.482661833333333,1.5,1.5,0.044228566058726486,2.147,2.216,2.136,2.067
ds_2,49497,1785086026.35186,1.5259561666666666,1.4896895000000003,1.5,1.5,0.027928999235163534,2.148,2.201,2.151,2.086
ds_2,49501,1785086026.4078147,1.5336076111111114,1.4671529444444444,1.5,1.5,0.04699362279358184,2.125,2.213,2.121,2.08
ds_2,49505,1785086026.4790664,1.5280676666666668,1.4953901666666665,1.5,1.5,0.028443707133076604,2.155,2.201,2.156,2.081
ds_2,49509,1785086026.5468578,1.5401123333333333,1.495369,1.5,1.5,0.040378774702118474,2.169,2.196,2.134,2.098
ds_2,49513,1785086026.6093066,1.5426476111111105,1.4993276111111113,1.5,1.5,0.042652911275813464,2.169,2.196,2.136,2.083
ds_3,13326,1785086207.2676663,1.5214591666666668,1.464013,1.5,1.5,0.04189940337317207,2.126,2.221,2.142,2.1
ds_3,13330,1785086207.3384068,1.5222014444444445,1.466004277777778,1.5,1.5,0.040603118905205245,2.132,2.228,2.151,2.098
ds_3,13334,1785086207.401309,1.5410205,1.5063965000000001,1.5,1.5,0.041516221317696944,2.165,2.188,2.14,2.065
ds_3,13338,1785086207.4668286,1.5137572222222222,1.490599888888889,1.5,1.5,0.016662030253628692,2.136,2.187,2.155,2.091
ds_3,13342,1785086207.5293016,1.5165864999999994,1.4744978333333336,1.5,1.5,0.030421579297341052,2.133,2.206,2.148,2.107
ds_3,13346,1785086207.5851364,1.5228680555555554,1.4688480555555556,1.5,1.5,0.03864442531027878,2.133,2.227,2.153,2.092
ds_3,13350,1785086207.6610668,1.5230984444444446,1.501488444444444,1.5,1.5,0.023146351820908885,2.142,2.176,2.146,2.07
ds_3,13354,1785086207.720756,1.5159431111111112,1.4886084444444445,1.5,1.5,0.019594650542343075,2.113,2.177,2.139,2.057
ds_3,13358,1785086207.787356,1.5371938333333337,1.467561833333333,1.5,1.5,0.049351959380781206,2.149,2.224,2.128,2.111
ds_3,13362,1785086207.8559055,1.5206639444444443,1.4936107777777776,1.5,1.5,0.021629164584144735,2.153,2.212,2.175,2.081
ds_3,13366,1785086207.909597,1.5478938888888891,1.5059212222222218,1.5,1.5,0.048258527386423535,2.169,2.2,2.142,2.052
ds_3,13370,1785086207.982242,1.5108331111111115,1.4949564444444443,1.5,1.5,0.011949633843246597,2.132,2.176,2.154,2.086
ds_3,13374,1785086208.0425918,1.5153174999999994,1.5030180000000002,1.5,1.5,0.015611986748969,2.147,2.179,2.162,2.084
ds_3,13378,1785086208.107914,1.5251555,1.4963555,1.5,1.5,0.025418134481114185,2.132,2.18,2.14,2.057
ds_3,13382,1785086208.1727612,1.517760055555555,1.5047340555555555,1.5,1.5,0.018380175606872953,2.155,2.18,2.162,2.091
ds_3,13386,1785086208.2279487,1.5273227222222223,1.5048942222222224,1.5,1.5,0.027757603657254284,2.162,2.186,2.155,2.085
ds_3,13390,1785086208.3033009,1.5260784444444442,1.500779277777778,1.5,1.5,0.026090085061128112,2.153,2.186,2.151,2.08
ds_3,13394,1785086208.3620512,1.5323315555555552,1.4896647222222228,1.5,1.5,0.03394329759150942,2.148,2.199,2.14,2.079
ds_3,13398,1785086208.4314027,1.5241779444444443,1.474583277777778,1.5,1.5,0.035079663140917205,2.134,2.222,2.154,2.081
ds_3,13402,1785086208.4942603,1.5058300555555557,1.459024722222222,1.5,1.5,0.04138795642148742,2.109,2.226,2.162,2.097
ds_3,13406,1785086208.5518365,1.530606777777778,1.474563611111111,1.5,1.5,0.03979679290652818,2.138,2.222,2.145,2.08
ds_3,13410,1785086208.6256573,1.5367721111111108,1.4791679444444443,1.5,1.5,0.042263018044593495,2.147,2.227,2.148,2.071
ds_3,13414,1785086208.6834455,1.5331978333333336,1.4808058333333332,1.5,1.5,0.038347257686248956,2.147,2.219,2.147,2.08
ds_3,13418,1785086208.7581983,1.5264790555555556,1.4806885555555551,1.5,1.5,0.03277304181251845,2.139,2.212,2.149,2.081
ds_3,13422,1785086208.8184948,1.5167338888888893,1.4853797222222218,1.5,1.5,0.022221061172794754,2.145,2.209,2.166,2.097
ds_3,13426,1785086208.880521,1.5359446111111108,1.4948761111111109,1.5,1.5,0.03630797853467846,2.159,2.19,2.133,2.091
ds_3,13430,1785086208.954514,1.5092105,1.4969053333333335,1.5,1.5,0.009716494842677411,2.142,2.18,2.163,2.099
ds_3,13434,1785086209.008938,1.5243760000000002,1.4801205,1.5,1.5,0.03145447339012387,2.14,2.207,2.146,2.093
ds_3,13438,1785086209.0794792,1.5075701111111113,1.4916934444444443,1.5,1.5,0.011238569634615598,2.131,2.176,2.154,2.098
ds_3,13442,1785086209.138007,1.5191001666666668,1.504566833333333,1.5,1.5,0.019638542038269844,2.154,2.19,2.17,2.077
ds_3,13446,1785086209.1914785,1.5135565000000002,1.4924879999999994,1.5,1.5,0.015498672080214314,2.146,2.194,2.165,2.099
ds_3,13450,1785086209.2659464,1.532210277777778,1.4826609444444443,1.5,1.5,0.03658066213288469,2.147,2.22,2.152,2.075
ds_3,13454,1785086209.329833,1.5326969444444445,1.4754351111111108,1.5,1.5,0.04089650281046731,2.138,2.214,2.135,2.083
ds_3,13458,1785086209.3956048,1.5332732777777776,1.4772044444444445,1.5,1.5,0.04033296873729432,2.147,2.223,2.146,2.086
ds_3,13462,1785086209.4583485,1.5269386111111112,1.483378611111111,1.5,1.5,0.031653741282688344,2.142,2.208,2.148,2.083
ds_3,13466,1785086209.516479,1.537173333333333,1.487850666666667,1.5,1.5,0.0391083496398854,2.154,2.21,2.142,2.078
ds_3,13470,1785086209.5890026,1.5197873333333325,1.4687573333333335,1.5,1.5,0.03698165465320403,2.134,2.222,2.152,2.104
ds_3,13474,1785086209.650323,1.5323426666666666,1.4932826666666665,1.5,1.5,0.033032872327761954,2.153,2.197,2.143,2.081
ds_3,13478,1785086209.7188945,1.556056,1.5017435000000001,1.5,1.5,0.056083107334116325,2.173,2.21,2.135,2.05
ds_3,13482,1785086209.779107,1.5327713333333333,1.5031488333333338,1.5,1.5,0.032922263588726006,2.161,2.188,2.147,2.078
ds_3,13486,1785086209.8368726,1.52284,1.4773225,1.5,1.5,0.03218593802035284,2.124,2.199,2.136,2.079
ds_3,13490,1785086209.9109578,1.5350988333333335,1.4746609999999996,1.5,1.5,0.04328964105142415,2.139,2.226,2.143,2.071
ds_3,13494,1785086209.9741774,1.5039626666666668,1.4699424999999995,1.5,1.5,0.03031758620604785,2.1,2.195,2.148,2.083
ds_3,13498,1785086210.0403073,1.5078840000000002,1.4588786666666664,1.5,1.5,0.041870293898074486,2.102,2.196,2.128,2.112
ds_3,13502,1785086210.0936778,1.5346296666666666,1.4808069999999998,1.5,1.5,0.03959274002193389,2.166,2.219,2.145,2.117
ds_3,13506,1785086210.1575415,1.5354688333333335,1.4995926666666666,1.5,1.5,0.035471172217340585,2.169,2.221,2.172,2.066
ds_3,13510,1785086210.2328324,1.5265389444444448,1.4976456111111112,1.5,1.5,0.026643173971309272,2.135,2.187,2.147,2.05
ds_3,13514,1785086210.2932413,1.5177223333333332,1.4786083333333333,1.5,1.5,0.02777920987997231,2.135,2.2,2.146,2.104
ds_3,13518,1785086210.3624907,1.5357060555555557,1.4861113888888886,1.5,1.5,0.038312085846794075,2.163,2.222,2.154,2.091
ds_3,13522,1785086210.4214435,1.515660333333333,1.4800945000000005,1.5,1.5,0.02532735616603276,2.12,2.202,2.153,2.07
ds_3,13526,1785086210.4791126,1.517651777777778,1.4923526111111112,1.5,1.5,0.019237146761772107,2.149,2.186,2.151,2.108
ds_3,13530,1785086210.554472,1.515362666666667,1.4825051666666664,1.5,1.5,0.023282627009687785,2.146,2.213,2.168,2.105
ds_3,13534,1785086210.6142364,1.5290238888888894,1.4936213888888883,1.5,1.5,0.029716540948458242,2.152,2.192,2.143,2.088
ds_3,13538,1785086210.6818035,1.5302373333333337,1.5021248333333332,1.5,1.5,0.030311899376409514,2.149,2.182,2.143,2.066
ds_3,13542,1785086210.743098,1.5239647777777778,1.4815281111111114,1.5,1.5,0.030257581745105164,2.149,2.224,2.166,2.09
ds_3,13546,1785086210.7996376,1.5252798333333337,1.503659833333333,1.5,1.5,0.02554338179233335,2.149,2.177,2.147,2.074
ds_3,13550,1785086210.8753233,1.5451376666666672,1.4869776666666665,1.5,1.5,0.04697861340605538,2.152,2.221,2.141,2.053
ds_3,13554,1785086210.9375916,1.5154641111111111,1.5052954444444444,1.5,1.5,0.01634565582413222,2.149,2.186,2.172,2.074
ds_3,13558,1785086211.0025835,1.5179502777777782,1.4879587777777779,1.5,1.5,0.021614890814073893,2.154,2.215,2.174,2.1
ds_3,13562,1785086211.0630174,1.517476777777778,1.4972514444444442,1.5,1.5,0.01769158893756611,2.14,2.181,2.153,2.081
ds_3,13566,1785086211.1173537,1.5093491666666663,1.4796036666666665,1.5,1.5,0.022436963493430963,2.126,2.197,2.156,2.098
ds_3,13570,1785086211.1981084,1.5262654999999994,1.5030335000000006,1.5,1.5,0.026440094789920314,2.156,2.194,2.162,2.071
ds_3,13574,1785086211.2583337,1.5240347777777778,1.5008667777777775,1.5,1.5,0.02405040221167232,2.145,2.188,2.156,2.064
ds_3,13578,1785086211.3250718,1.5156506666666665,1.4932325000000002,1.5,1.5,0.017051170732858865,2.14,2.185,2.154,2.091
ds_3,13582,1785086211.3888934,1.521941777777778,1.4869977777777779,1.5,1.5,0.02550488962464722,2.146,2.208,2.16,2.088
ds_3,13586,1785086211.4431772,1.5224403333333334,1.4809538333333334,1.5,1.5,0.029433399817308827,2.138,2.212,2.155,2.084
ds_3,13590,1785086211.5173533,1.5287403888888889,1.4904125555555554,1.5,1.5,0.03029734385156358,2.145,2.196,2.143,2.079
ds_3,13594,1785086211.5783548,1.5165802777777775,1.4722231111111113,1.5,1.5,0.032349052034548596,2.126,2.212,2.151,2.093
ds_3,13598,1785086211.647846,1.5257207777777775,1.4894207777777784,1.5,1.5,0.027811478787021733,2.148,2.203,2.153,2.085
ds_3,13602,1785086211.7093182,1.5331137777777777,1.473363111111111,1.5,1.5,0.042497601442846915,2.147,2.227,2.145,2.093
ds_3,13606,1785086211.7693424,1.522398666666667,1.5000631666666664,1.5,1.5,0.02239875573491154,2.158,2.177,2.146,2.107
ds_3,13610,1785086211.8404064,1.5297790555555557,1.4986685555555552,1.5,1.5,0.029808805646813766,2.161,2.192,2.149,2.091
ds_3,13614,1785086211.9026115,1.534411666666667,1.5041576666666667,1.5,1.5,0.03466192428139137,2.149,2.182,2.14,2.054
ds_3,13618,1785086211.9688425,1.525551,1.5019563333333332,1.5,1.5,0.025625784692592652,2.169,2.228,2.196,2.066
ds_3,13622,1785086212.029317,1.5452234444444448,1.5057242777777773,1.5,1.5,0.045584287682236976,2.174,2.182,2.127,2.086
ds_3,13626,1785086212.0885854,1.5344905,1.519311,1.5,1.5,0.03952858853096075,2.18,2.179,2.158,2.078
ds_3,13630,1785086212.160987,1.5306878888888884,1.508987888888889,1.5,1.5,0.031977002222468805,2.158,2.185,2.155,2.061
ds_3,13634,1785086212.2224412,1.525469,1.4986994999999996,1.5,1.5,0.02550218149982466,2.143,2.189,2.152,2.063
ds_3,13638,1785086212.297362,1.5429126111111104,1.489756444444445,1.5,1.5,0.04411827991652824,2.173,2.221,2.148,2.092
ds_3,13646,1785086212.415772,1.5262453333333332,1.5233400000000004,1.5,1.5,0.035122259633710774,2.169,2.181,2.177,2.053
ds_3,13650,1785086212.4854233,1.5113690000000002,1.4947745000000001,1.5,1.5,0.012512394305248016,2.138,2.176,2.153,2.098
ds_3,13658,1785086212.6248016,1.518982222222222,1.4861247222222222,1.5,1.5,0.02351272195864001,2.138,2.213,2.168,2.073
ds_3,13666,1785086212.7392147,1.5424057222222223,1.474779222222222,1.5,1.5,0.04933895934152174,2.155,2.228,2.135,2.091
ds_3,13670,1785086212.81087,1.537946666666667,1.4855546666666666,1.5,1.5,0.040603166948185845,2.143,2.219,2.147,2.051
ds_3,13674,1785086212.868508,1.5287047777777782,1.5099501111111113,1.5,1.5,0.0303804045133552,2.152,2.177,2.151,2.057
ds_3,13678,1785086212.9374428,1.535765611111111,1.5055256111111113,1.5,1.5,0.036189933908512044,2.159,2.181,2.139,2.07
ds_3,13682,1785086212.9962065,1.526293,1.4819968333333333,1.5,1.5,0.03186590433406485,2.145,2.209,2.148,2.093
ds_3,13686,1785086213.0542276,1.516885777777778,1.4937497777777775,1.5,1.5,0.018005409436823844,2.127,2.185,2.153,2.061
ds_3,13690,1785086213.125137,1.5339829444444448,1.5180402777777775,1.5,1.5,0.038474564785239564,2.179,2.185,2.163,2.074
ds_3,13694,1785086213.1860723,1.522521833333333,1.4937218333333335,1.5,1.5,0.023380512256767863,2.141,2.18,2.14,2.087
ds_3,13698,1785086213.2552917,1.5048362222222218,1.5033742222222224,1.5,1.5,0.0058969840586227925,2.142,2.194,2.192,2.072
ds_3,13702,1785086213.3231318,1.5499972222222227,1.508814722222222,1.5,1.5,0.05076831253639667,2.18,2.196,2.139,2.068
ds_3,13706,1785086213.371677,1.5298009999999997,1.4977983333333331,1.5,1.5,0.029882217740842074,2.151,2.204,2.16,2.06
ds_3,13710,1785086213.4440365,1.5389519999999999,1.4856011666666666,1.5,1.5,0.041528119453703924,2.172,2.229,2.156,2.099
ds_3,13714,1785086213.5075917,1.5153426666666667,1.4847386666666667,1.5,1.5,0.021640372352516438,2.147,2.207,2.165,2.107
ds_3,13718,1785086213.5742807,1.5268418888888888,1.4837620555555557,1.5,1.5,0.031371290042080065,2.154,2.22,2.161,2.094
ds_3,13722,1785086213.6372545,1.5334589444444442,1.465801444444445,1.5,1.5,0.04784393551352971,2.148,2.229,2.136,2.114
ds_3,13726,1785086213.6925611,1.5269751666666662,1.4848285,1.5,1.5,0.03094889382424543,2.147,2.209,2.151,2.088
ds_3,13730,1785086213.7669811,1.5336997222222224,1.5070782222222219,1.5,1.5,0.03443504766487344,2.151,2.177,2.14,2.056
ds_3,13734,1785086213.8295443,1.5297065555555553,1.478746555555556,1.5,1.5,0.036526543002703776,2.148,2.219,2.149,2.093
ds_3,13738,1785086213.8973827,1.520952,1.4808661666666665,1.5,1.5,0.02837410583662132,2.133,2.214,2.159,2.074
ds_3,13742,1785086213.958441,1.5227223333333337,1.4959034999999998,1.5,1.5,0.02308864968682947,2.145,2.193,2.156,2.075
ds_3,13746,1785086214.0134413,1.5202308333333334,1.4868348333333332,1.5,1.5,0.024137278859105656,2.14,2.201,2.155,2.086
ds_3,13750,1785086214.0893188,1.5056771666666668,1.5049483333333336,1.5,1.5,0.007531017470361697,2.148,2.187,2.186,2.086
ds_3,13754,1785086214.1532755,1.5318239444444446,1.4822746111111107,1.5,1.5,0.03642736404497937,2.152,2.22,2.152,2.087
ds_3,13758,1785086214.2189844,1.5116219444444439,1.487614444444445,1.5,1.5,0.01698445109767986,2.135,2.199,2.166,2.088
ds_3,13762,1785086214.2748127,1.5390244444444443,1.4867284444444444,1.5,1.5,0.041219430503849984,2.151,2.215,2.143,2.067
ds_3,13766,1785086214.335663,1.5214526666666666,1.4742735,1.5,1.5,0.03349730898685902,2.121,2.21,2.145,2.072
ds_3,13770,1785086214.4115725,1.5063315000000002,1.4969173333333337,1.5,1.5,0.0070420683060999755,2.139,2.179,2.166,2.098
ds_3,13774,1785086214.4741902,1.5244479999999996,1.4841971666666671,1.5,1.5,0.0291107238893346,2.154,2.223,2.168,2.093
ds_3,13778,1785086214.5380986,1.5241356111111113,1.484196444444444,1.5,1.5,0.02884926501497645,2.146,2.206,2.151,2.095
ds_3,13782,1785086214.6048489,1.5374940000000001,1.4956373333333333,1.5,1.5,0.03774695877079974,2.154,2.194,2.136,2.072
ds_3,13786,1785086214.6576178,1.5332142222222223,1.4921457222222223,1.5,1.5,0.0341302539873007,2.147,2.19,2.133,2.078
ds_3,13790,1785086214.7341428,1.5237914999999997,1.4670595000000002,1.5,1.5,0.04063387764538324,2.128,2.221,2.143,2.092
ds_3,13794,1785086214.7973354,1.5239366111111106,1.4964879444444446,1.5,1.5,0.024192889155903837,2.146,2.186,2.148,2.081
ds_3,13798,1785086214.8613663,1.536322277777778,1.4944076111111109,1.5,1.5,0.036750274508507305,2.153,2.197,2.139,2.072
ds_3,13802,1785086214.920445,1.526582111111111,1.4914461111111108,1.5,1.5,0.027924499033051914,2.151,2.22,2.172,2.066
ds_3,13806,1785086214.9781022,1.5394721666666666,1.492141333333333,1.5,1.5,0.04024687047633506,2.147,2.217,2.152,2.04
ds_3,13810,1785086215.054956,1.5107658333333331,1.4838976666666668,1.5,1.5,0.019369778164421012,2.136,2.197,2.16,2.104
ds_3,13814,1785086215.114892,1.509374222222222,1.4897857222222224,1.5,1.5,0.013863892411339661,2.125,2.19,2.163,2.074
ds_3,13818,1785086215.1842098,1.5162698888888888,1.4790143888888887,1.5,1.5,0.02655381626364816,2.135,2.217,2.166,2.087
ds_3,13822,1785086215.2443674,1.5418413333333327,1.486538666666667,1.5,1.5,0.043953437524523215,2.151,2.221,2.145,2.057
ds_3,13826,1785086215.3000865,1.5343426111111114,1.4905226111111107,1.5,1.5,0.035626336298871256,2.172,2.221,2.161,2.1
ds_3,13834,1785086215.4387784,1.520537166666667,1.4927338333333329,1.5,1.5,0.021784682525165248,2.145,2.214,2.176,2.065
ds_3,13838,1785086215.5024323,1.511618722222222,1.4870480555555552,1.5,1.5,0.017399642840275155,2.127,2.185,2.151,2.088
ds_3,13842,1785086215.5700626,1.508170944444444,1.5038149444444444,1.5,1.5,0.009017656803648466,2.149,2.181,2.175,2.094
ds_3,13846,1785086215.6230814,1.514855888888889,1.509039888888889,1.5,1.5,0.017390141626866463,2.148,2.185,2.177,2.063
ds_3,13850,1785086215.697474,1.5020221666666664,1.4947488333333332,1.5,1.5,0.0056270693428186426,2.138,2.187,2.177,2.1
ds_3,13854,1785086215.7620928,1.5341717222222224,1.4731037222222225,1.5,1.5,0.04348696767920358,2.138,2.223,2.139,2.078
ds_3,13858,1785086215.83558,1.5086987777777774,1.5050579444444445,1.5,1.5,0.010062382264167908,2.143,2.187,2.182,2.071
ds_3,13862,1785086215.891837,1.5389759444444444,1.492954444444444,1.5,1.5,0.039607626770899095,2.169,2.223,2.16,2.078
ds_3,13866,1785086215.9422967,1.5562026666666673,1.504928833333333,1.5,1.5,0.05641837589360659,2.181,2.202,2.131,2.066
ds_3,13870,1785086216.0175138,1.5384593888888887,1.495199388888889,1.5,1.5,0.03875784386091279,2.143,2.193,2.133,2.05
ds_3,13874,1785086216.0794559,1.519903388888889,1.4928008888888888,1.5,1.5,0.02116535116770988,2.138,2.216,2.179,2.049
ds_3,13878,1785086216.1473923,1.5214690555555557,1.4966490555555556,1.5,1.5,0.021728993881845717,2.148,2.207,2.173,2.066
ds_3,13882,1785086216.2087722,1.5134323888888888,1.500358388888889,1.5,1.5,0.013437169116224638,2.148,2.188,2.17,2.087
ds_3,13886,1785086216.2653308,1.5163187222222223,1.4615062222222222,1.5,1.5,0.0418099464550123,2.128,2.23,2.155,2.109
ds_3,13890,1785086216.3498812,1.5150331666666668,1.4839656666666665,1.5,1.5,0.021979443702519634,2.134,2.189,2.146,2.102
ds_3,13894,1785086216.4015322,1.544648888888889,1.4960403888888887,1.5,1.5,0.044824120729397336,2.161,2.21,2.143,2.058
ds_3,13898,1785086216.4702091,1.5312325555555557,1.5030680555555558,1.5,1.5,0.03138288532660517,2.154,2.186,2.147,2.068
ds_3,13902,1785086216.5290546,1.530792611111111,1.4876734444444442,1.5,1.5,0.03316819064863683,2.155,2.222,2.163,2.077
ds_3,13906,1785086216.5868244,1.5465501666666663,1.503390166666667,1.5,1.5,0.04667345334043961,2.158,2.188,2.128,2.051
ds_3,13910,1785086216.6607409,1.5148654444444447,1.4865319444444443,1.5,1.5,0.020059161472464598,2.149,2.199,2.16,2.115
ds_3,13914,1785086216.7244444,1.5076693333333329,1.485065166666667,1.5,1.5,0.01678892255245122,2.142,2.203,2.172,2.111
ds_3,13918,1785086216.7885382,1.5223283333333333,1.4941638333333334,1.5,1.5,0.023078459888076438,2.146,2.186,2.147,2.09
ds_3,13922,1785086216.8544145,1.5271872222222223,1.4877852222222219,1.5,1.5,0.029805131241465752,2.151,2.216,2.162,2.08
ds_3,13926,1785086216.9089665,1.5362536666666664,1.488249666666667,1.5,1.5,0.03811034872868782,2.156,2.215,2.149,2.077
ds_3,13930,1785086216.982452,1.5092346111111115,1.5092346111111115,1.5,1.5,0.013059712276575099,2.142,2.187,2.187,2.056
ds_3,13934,1785086217.043716,1.5280127777777774,1.4851296111111112,1.5,1.5,0.03171504665823353,2.138,2.21,2.151,2.066
ds_3,13938,1785086217.1111083,1.5375151666666669,1.4983471666666666,1.5,1.5,0.037551559062914706,2.149,2.203,2.149,2.044
ds_3,13942,1785086217.1716244,1.5231209444444447,1.4942542777777776,1.5,1.5,0.02382417670892401,2.153,2.185,2.145,2.104
ds_3,13946,1785086217.229703,1.5224251111111116,1.4911139444444441,1.5,1.5,0.02412151719279127,2.153,2.206,2.163,2.092
ds_3,13954,1785086217.3630867,1.546500555555556,1.4908167222222215,1.5,1.5,0.047398673586074004,2.154,2.208,2.131,2.058
ds_3,13958,1785086217.4333932,1.5115433888888892,1.4853233888888888,1.5,1.5,0.01867224519833976,2.125,2.203,2.167,2.07
ds_3,13962,1785086217.4925945,1.518167055555555,1.498659555555556,1.5,1.5,0.01821644034566759,2.141,2.181,2.154,2.078
ds_3,13966,1785086217.5517764,1.5358838333333333,1.4976266666666664,1.5,1.5,0.03596223304809584,2.158,2.192,2.139,2.079
ds_3,13970,1785086217.6268804,1.5257462777777782,1.4861004444444437,1.5,1.5,0.02925864767983152,2.126,2.19,2.135,2.063
ds_3,13974,1785086217.6876063,1.5244920555555557,1.4946235555555554,1.5,1.5,0.025075225626116006,2.154,2.206,2.165,2.081
ds_3,13978,1785086217.7543485,1.534370777777778,1.485650611111111,1.5,1.5,0.03724587663801147,2.153,2.215,2.148,2.081
ds_3,13982,1785086217.8196428,1.5373021111111111,1.502534111111111,1.5,1.5,0.03738808917916424,2.154,2.197,2.149,2.049
ds_3,13986,1785086217.8747754,1.5263283333333335,1.4802858333333329,1.5,1.5,0.0328911766811747,2.146,2.224,2.161,2.084
ds_3,13990,1785086217.951209,1.5315695555555555,1.5082735555555555,1.5,1.5,0.03263569456141802,2.16,2.2,2.168,2.05
ds_3,13994,1785086218.015043,1.5103942222222222,1.4930262222222221,1.5,1.5,0.01251692582460909,2.135,2.183,2.159,2.091
ds_3,13998,1785086218.0749767,1.5476400000000001,1.4920075,1.5,1.5,0.04830579319553725,2.165,2.206,2.129,2.078
ds_3,14002,1785086218.1374922,1.4991977777777774,1.5064911111111112,1.5,1.5,0.0065404956960936345,2.147,2.183,2.193,2.093
ds_3,14006,1785086218.1942167,1.5213964444444443,1.5163156111111111,1.5,1.5,0.026907378185048157,2.176,2.181,2.174,2.095
ds_3,14010,1785086218.2676167,1.5402049444444443,1.477998277777778,1.5,1.5,0.045831357589806034,2.141,2.213,2.127,2.072
ds_3,14014,1785086218.3296914,1.521030222222222,1.4829835555555555,1.5,1.5,0.027052349773114142,2.145,2.221,2.169,2.085
ds_3,14018,1785086218.400045,1.5253936666666663,1.4859016666666673,1.5,1.5,0.02904481553660685,2.156,2.221,2.167,2.093
ds_3,14022,1785086218.459989,1.528000944444444,1.4900236111111114,1.5,1.5,0.029725094197381115,2.161,2.217,2.165,2.092
ds_3,14026,1785086218.5158052,1.5334613888888884,1.4985013888888887,1.5,1.5,0.03349493068563913,2.159,2.209,2.161,2.064
ds_3,14030,1785086218.5890355,1.545154333333333,1.5141441666666666,1.5,1.5,0.0473177690669393,2.199,2.185,2.142,2.111
ds_3,14034,1785086218.6531615,1.5411094444444449,1.492411611111111,1.5,1.5,0.041803948000875626,2.168,2.214,2.147,2.084
ds_3,14038,1785086218.721375,1.5400421111111107,1.4891287777777777,1.5,1.5,0.04149161523536377,2.158,2.217,2.147,2.071
ds_3,14042,1785086218.7800908,1.5078461111111112,1.5012716111111113,1.5,1.5,0.007948487553352817,2.148,2.196,2.187,2.084
ds_3,14046,1785086218.8388896,1.5317953333333334,1.5090981666666663,1.5,1.5,0.03307143568810129,2.175,2.212,2.181,2.066
ds_3,14050,1785086218.911979,1.528854111111111,1.5041474444444443,1.5,1.5,0.02915066077179188,2.158,2.197,2.163,2.065
ds_3,14054,1785086218.9808536,1.5233364444444442,1.4959257777777777,1.5,1.5,0.02368942646044177,2.153,2.183,2.145,2.101
ds_3,14058,1785086219.0414054,1.5169590555555557,1.4901155555555554,1.5,1.5,0.019629360848273554,2.149,2.195,2.158,2.106
ds_3,14062,1785086219.1034658,1.5389804444444442,1.4998844444444446,1.5,1.5,0.038980615723367126,2.163,2.199,2.145,2.071
ds_3,14066,1785086219.1597686,1.5133315555555558,1.4822210555555553,1.5,1.5,0.022222088990225954,2.125,2.192,2.149,2.088
ds_3,14070,1785086219.2312272,1.5136026666666667,1.4646144999999997,1.5,1.5,0.037909974290342964,2.12,2.227,2.16,2.091
ds_3,14074,1785086219.2985983,1.524649166666667,1.5007626666666665,1.5,1.5,0.024660962629337372,2.14,2.188,2.155,2.053
ds_3,14078,1785086219.35858,1.529551722222222,1.5058082222222224,1.5,1.5,0.030117100319952496,2.153,2.175,2.142,2.072
ds_3,14082,1785086219.4339294,1.5487896111111115,1.503694944444444,1.5,1.5,0.04892932420155647,2.195,2.213,2.151,2.098
ds_3,14086,1785086219.4788027,1.5269166666666665,1.5045294999999999,1.5,1.5,0.02729511521672757,2.151,2.182,2.151,2.068
ds_3,14090,1785086219.5523732,1.5362435555555558,1.482346888888889,1.5,1.5,0.04031411230834541,2.148,2.222,2.148,2.07
ds_3,14094,1785086219.616226,1.5262144999999998,1.5016891666666663,1.5,1.5,0.026268865492779972,2.147,2.181,2.147,2.07
ds_3,14098,1785086219.6824188,1.5124932777777778,1.5066906111111114,1.5,1.5,0.014172024085247746,2.156,2.18,2.172,2.095
ds_3,14106,1785086219.8109052,1.5244923888888884,1.501271055555556,1.5,1.5,0.024525348024235106,2.16,2.193,2.161,2.088
ds_3,14114,1785086219.945212,1.5209813333333337,1.4870708333333327,1.5,1.5,0.024645074541151685,2.143,2.188,2.141,2.104
ds_3,14118,1785086220.0065982,1.5125156111111109,1.4950676111111112,1.5,1.5,0.013452471209253558,2.143,2.193,2.169,2.088
ds_3,14122,1785086220.0749729,1.5148872777777778,1.4980934444444447,1.5,1.5,0.01500886383838345,2.153,2.202,2.179,2.087
ds_3,14126,1785086220.125291,1.5265677222222227,1.4742717222222221,1.5,1.5,0.03698361990784142,2.136,2.215,2.143,2.09
ds_3,14130,1785086220.2014165,1.5207240000000002,1.4960286666666665,1.5,1.5,0.021101082068094374,2.14,2.196,2.162,2.064
ds_3,14134,1785086220.26053,1.517327944444445,1.478576111111111,1.5,1.5,0.02755432223432884,2.125,2.22,2.167,2.063
ds_3,14138,1785086220.3319077,1.5139776111111114,1.4850042777777777,1.5,1.5,0.02049988530064297,2.125,2.193,2.153,2.078
ds_3,14146,1785086220.4311805,1.5099682222222222,1.4814397222222222,1.5,1.5,0.02106773280303023,2.129,2.214,2.175,2.08
ds_3,14150,1785086220.5216627,1.5176758333333336,1.5003158333333328,1.5,1.5,0.01767865477694018,2.143,2.182,2.158,2.077
ds_3,14154,1785086220.579344,1.5382296666666666,1.4757936666666664,1.5,1.5,0.045248800944211715,2.146,2.221,2.135,2.083
ds_3,14158,1785086220.653048,1.513677111111111,1.4890724444444443,1.5,1.5,0.017506422786092816,2.126,2.188,2.154,2.074
ds_3,14162,1785086220.7090497,1.5306497222222217,1.4957057222222223,1.5,1.5,0.03094909197265839,2.156,2.208,2.16,2.071
ds_3,14166,1785086220.7665043,1.5182898888888887,1.5008498888888886,1.5,1.5,0.01830962442791635,2.143,2.192,2.168,2.064
ds_3,14170,1785086220.8464787,1.5187705555555555,1.489677222222222,1.5,1.5,0.02142179957224839,2.127,2.202,2.162,2.052
ds_3,14174,1785086220.901583,1.5174896666666664,1.4861211666666672,1.5,1.5,0.022327347688552993,2.132,2.21,2.167,2.066
ds_3,14178,1785086220.9704733,1.5323530555555556,1.4952165555555554,1.5,1.5,0.032704763330957655,2.147,2.21,2.159,2.049
ds_3,14182,1785086221.0306706,1.5263985,1.4965026666666668,1.5,1.5,0.026629159631772897,2.158,2.208,2.167,2.079
ds_3,14186,1785086221.0887241,1.539310666666667,1.4901919999999997,1.5,1.5,0.04051574234514042,2.145,2.201,2.133,2.059
ds_3,14190,1785086221.1616228,1.5213119444444447,1.5053472777777774,1.5,1.5,0.021972536395141344,2.146,2.188,2.166,2.057
ds_3,14194,1785086221.2240367,1.525871055555556,1.4803955555555552,1.5,1.5,0.03245991000501975,2.127,2.197,2.134,2.074
ds_3,14198,1785086221.2895744,1.506796388888889,1.4979923888888889,1.5,1.5,0.007086706167357958,2.16,2.207,2.195,2.108
ds_3,14202,1785086221.3548987,1.5249375000000003,1.4952876666666663,1.5,1.5,0.025378829596623666,2.149,2.19,2.149,2.085
ds_3,14206,1785086221.410251,1.5205635555555554,1.4849160555555554,1.5,1.5,0.025502650785545932,2.146,2.207,2.158,2.097
ds_3,14210,1785086221.4820628,1.5251696666666665,1.4849738333333335,1.5,1.5,0.029313781823666875,2.14,2.22,2.165,2.064
ds_3,14214,1785086221.5485954,1.5344515000000003,1.4950494999999997,1.5,1.5,0.03480536312840341,2.158,2.216,2.162,2.063
ds_3,14218,1785086221.6118317,1.5095381666666665,1.5088089999999994,1.5,1.5,0.012983647575357922,2.159,2.188,2.187,2.091
ds_3,14222,1785086221.6723535,1.518882555555556,1.4956398888888887,1.5,1.5,0.019379408484520314,2.142,2.195,2.163,2.073
ds_3,14226,1785086221.7291787,1.523095944444444,1.5180291111111115,1.5,1.5,0.02929968425150092,2.155,2.175,2.168,2.05
ds_3,14230,1785086221.804496,1.5322515555555558,1.5039830555555553,1.5,1.5,0.03249657777846374,2.161,2.194,2.155,2.07
ds_3,14234,1785086221.865283,1.5092280555555555,1.4895315555555555,1.5,1.5,0.013955118717618986,2.14,2.202,2.175,2.093
ds_3,14238,1785086221.9328809,1.5604800000000005,1.5060174999999993,1.5,1.5,0.06077862047011315,2.201,2.216,2.141,2.084
ds_3,14242,1785086221.9950747,1.5369095555555556,1.4736170555555557,1.5,1.5,0.045369318364587366,2.149,2.226,2.139,2.092
ds_3,14246,1785086222.051056,1.5318318333333334,1.4730123333333331,1.5,1.5,0.0417324785445609,2.14,2.219,2.138,2.09
ds_3,14250,1785086222.1271906,1.5253695,1.5050135000000004,1.5,1.5,0.02586013751896936,2.162,2.195,2.167,2.078
ds_3,14254,1785086222.1866493,1.5224596111111115,1.5173577777777774,1.5,1.5,0.028385323331698454,2.156,2.19,2.183,2.039
ds_3,14258,1785086222.2562094,1.5278010000000002,1.4863145,1.5,1.5,0.03098690870754956,2.158,2.212,2.155,2.102
ds_3,14262,1785086222.3151796,1.5387559999999998,1.508208,1.5,1.5,0.03961563832629715,2.165,2.203,2.161,2.047
ds_3,14266,1785086222.3744872,1.5307716666666664,1.5003496666666671,1.5,1.5,0.03077365328039892,2.153,2.194,2.152,2.066
ds_3,14270,1785086222.4504647,1.5162634999999995,1.4952143333333332,1.5,1.5,0.016952994947631844,2.139,2.192,2.163,2.075
ds_3,14274,1785086222.5105753,1.5190195555555557,1.5087902222222223,1.5,1.5,0.020952601276378997,2.151,2.199,2.185,2.049
ds_3,14278,1785086222.5769665,1.5208622222222223,1.4984647222222218,1.5,1.5,0.020918637477243276,2.148,2.183,2.152,2.087
ds_3,14282,1785086222.636434,1.5151551111111115,1.5064551111111106,1.5,1.5,0.016472578797714636,2.159,2.181,2.169,2.097
ds_3,14286,1785086222.69463,1.5161638888888884,1.4927718888888892,1.5,1.5,0.017706408281943958,2.152,2.209,2.177,2.091
ds_3,14290,1785086222.77383,1.539256166666667,1.4797788333333333,1.5,1.5,0.044158149901487705,2.142,2.217,2.135,2.066
ds_3,14294,1785086222.836143,1.5391361666666663,1.5079253333333338,1.5,1.5,0.03993057036664433,2.169,2.199,2.156,2.06
ds_3,14298,1785086222.906577,1.5094512777777784,1.505805444444444,1.5,1.5,0.011091881573035922,2.149,2.19,2.185,2.077
ds_3,14302,1785086222.9700747,1.5354740555555557,1.4885115555555555,1.5,1.5,0.037287973574756536,2.152,2.2,2.135,2.085
ds_3,14306,1785086223.0235078,1.5243426666666666,1.4928738333333333,1.5,1.5,0.025364299158572336,2.16,2.217,2.174,2.087
ds_3,14314,1785086223.157059,1.533283611111111,1.5043769444444446,1.5,1.5,0.033570171451236676,2.153,2.188,2.148,2.057
ds_3,14318,1785086223.2183151,1.5310394999999997,1.4957840000000002,1.5,1.5,0.03132451462113942,2.147,2.183,2.134,2.078
ds_3,14322,1785086223.28091,1.545096777777778,1.5054509444444444,1.5,1.5,0.04542501691001016,2.168,2.19,2.135,2.066
ds_3,14326,1785086223.337623,1.5145536111111109,1.4979054444444448,1.5,1.5,0.014703562811399031,2.156,2.183,2.16,2.114
ds_3,14330,1785086223.412481,1.5363068333333338,1.494450166666667,1.5,1.5,0.036728555603539,2.152,2.194,2.136,2.073
ds_3,14334,1785086223.4735236,1.5368970555555557,1.4822845555555553,1.5,1.5,0.0409295697574989,2.145,2.222,2.147,2.063
ds_3,14338,1785086223.5461202,1.5189941666666666,1.4853068333333332,1.5,1.5,0.024013902516158373,2.158,2.22,2.174,2.109
ds_3,14342,1785086223.602994,1.510442722222222,1.4951092222222224,1.5,1.5,0.01153126856343629,2.136,2.201,2.18,2.068
ds_3,14346,1785086223.6595998,1.5249321111111105,1.5039312777777782,1.5,1.5,0.025240148759918434,2.147,2.187,2.158,2.059
ds_3,14354,1785086223.7985945,1.5220272222222222,1.4833460555555558,1.5,1.5,0.027614351058567254,2.148,2.216,2.163,2.094
ds_3,14358,1785086223.862616,1.5358649999999996,1.471236166666667,1.5,1.5,0.04597451830120393,2.139,2.223,2.134,2.083
ds_3,14362,1785086223.9240527,1.5307065000000002,1.4966706666666667,1.5,1.5,0.030886463097843625,2.158,2.196,2.149,2.085
ds_3,14366,1785086223.9801233,1.5194559444444444,1.5070827777777778,1.5,1.5,0.02070506013694939,2.153,2.192,2.175,2.065
ds_3,14370,1785086224.0546603,1.551845666666667,1.4902631666666664,1.5,1.5,0.05275205280813489,2.162,2.216,2.131,2.06
ds_3,14374,1785086224.1179118,1.5283101111111108,1.4993367777777775,1.5,1.5,0.028317878713623477,2.146,2.193,2.153,2.059
ds_3,14378,1785086224.1864722,1.5107217222222227,1.497647722222222,1.5,1.5,0.010976727114870435,2.156,2.188,2.17,2.115
ds_3,14382,1785086224.2472367,1.5019613888888892,1.4975673888888887,1.5,1.5,0.0031248429066690606,2.151,2.2,2.194,2.105
ds_3,14386,1785086224.3014266,1.541768388888889,1.4859818888888887,1.5,1.5,0.044057981677522624,2.159,2.212,2.135,2.085
ds_3,14390,1785086224.3779356,1.5316637222222222,1.5005245555555558,1.5,1.5,0.03166806693653585,2.163,2.194,2.151,2.085
ds_3,14394,1785086224.4386227,1.5332056111111112,1.4895256111111106,1.5,1.5,0.034818463950295704,2.159,2.214,2.154,2.085
ds_3,14398,1785086224.503843,1.521323388888889,1.4825892222222223,1.5,1.5,0.027528568733843656,2.148,2.219,2.166,2.094
ds_3,14402,1785086224.5623734,1.5205161666666667,1.5001695000000002,1.5,1.5,0.02051686684034491,2.148,2.194,2.166,2.071
ds_3,14406,1785086224.61805,1.5270303333333335,1.489139666666666,1.5,1.5,0.02913049536520523,2.143,2.212,2.16,2.064
ds_3,14410,1785086224.6993275,1.551066166666667,1.4879114999999998,1.5,1.5,0.052477473360269665,2.16,2.197,2.109,2.084
ds_3,14414,1785086224.759757,1.5001963888888885,1.479840388888889,1.5,1.5,0.0201605676692625,2.106,2.195,2.167,2.072
ds_3,14418,1785086224.8246136,1.5276435000000002,1.5073528333333333,1.5,1.5,0.02860467182608088,2.158,2.188,2.16,2.067
ds_3,14422,1785086224.8962226,1.5105,1.4826586666666663,1.5,1.5,0.02027244044948185,2.139,2.217,2.179,2.093
ds_3,14426,1785086224.9438694,1.5118940000000003,1.4837035,1.5,1.5,0.020175310363164303,2.125,2.188,2.149,2.09
ds_3,14430,1785086225.0206752,1.5325371111111115,1.5079324444444442,1.5,1.5,0.03349010711122027,2.156,2.188,2.154,2.054
ds_3,14434,1785086225.0798225,1.501644611111111,1.4885586111111113,1.5,1.5,0.011558984618623525,2.136,2.19,2.172,2.111
ds_3,14438,1785086225.1485305,1.5283428333333329,1.4912233333333333,1.5,1.5,0.029670626537686436,2.153,2.209,2.158,2.08
ds_3,14442,1785086225.2100105,1.5325580555555558,1.4897928888888892,1.5,1.5,0.03412055243974253,2.148,2.204,2.145,2.073
ds_3,14446,1785086225.2650506,1.5178325555555554,1.5127330555555552,1.5,1.5,0.021911885848160673,2.163,2.189,2.182,2.075
ds_3,14450,1785086225.3437507,1.5300433888888887,1.504580888888889,1.5,1.5,0.030390619587980543,2.16,2.2,2.165,2.063
ds_3,14454,1785086225.4018369,1.5201832777777777,1.4904651111111111,1.5,1.5,0.022322159572460563,2.141,2.195,2.154,2.084
ds_3,14458,1785086225.4691033,1.528950166666667,1.4774159999999998,1.5,1.5,0.03671715138770709,2.143,2.213,2.142,2.094
ds_3,14462,1785086225.5307593,1.5431156111111113,1.4918417777777777,1.5,1.5,0.04388066215671482,2.162,2.202,2.131,2.083
ds_3,14466,1785086225.587311,1.519144277777778,1.4902509444444443,1.5,1.5,0.021483655551559053,2.131,2.187,2.147,2.074
ds_3,14470,1785086225.6570187,1.5207301666666668,1.4946901666666668,1.5,1.5,0.021399395787160935,2.152,2.188,2.152,2.101
ds_3,14474,1785086225.723245,1.5256471111111107,1.4924351111111112,1.5,1.5,0.0267395185492726,2.145,2.189,2.143,2.085
ds_3,14478,1785086225.788634,1.522847055555555,1.4965670555555552,1.5,1.5,0.02310352906196942,2.146,2.208,2.172,2.059
ds_3,14482,1785086225.8525553,1.5220877222222227,1.4828117222222215,1.5,1.5,0.027987575206368704,2.132,2.209,2.155,2.07
ds_3,14486,1785086225.9086995,1.5109810555555552,1.4890310555555555,1.5,1.5,0.015520996209634852,2.132,2.21,2.18,2.067
ds_3,14490,1785086225.9840093,1.521022222222222,1.492558722222222,1.5,1.5,0.022300368654498477,2.158,2.209,2.17,2.097
ds_3,14494,1785086226.0446043,1.5126213888888886,1.4789953888888887,1.5,1.5,0.024504961648890242,2.127,2.216,2.17,2.077
ds_3,14498,1785086226.1177268,1.5251269444444446,1.482709611111111,1.5,1.5,0.030501162027752642,2.149,2.223,2.165,2.086
ds_3,14502,1785086226.1778936,1.5426720555555558,1.5003900555555556,1.5,1.5,0.04267383822288378,2.173,2.216,2.158,2.067
ds_3,14506,1785086226.2366066,1.5169924444444443,1.4923651111111114,1.5,1.5,0.018628867290933163,2.134,2.19,2.156,2.074
ds_3,14510,1785086226.3062577,1.5251941666666664,1.4894650000000003,1.5,1.5,0.02730809878090672,2.163,2.212,2.163,2.107
ds_3,14514,1785086226.3656712,1.5309300555555556,1.498898055555555,1.5,1.5,0.030949678806546598,2.151,2.206,2.162,2.053
ds_3,14518,1785086226.433484,1.5172869999999996,1.4735670000000003,1.5,1.5,0.03158391771139184,2.129,2.216,2.156,2.09
ds_3,14522,1785086226.4940314,1.5121931666666661,1.4837296666666668,1.5,1.5,0.020332168112104292,2.14,2.209,2.17,2.098
ds_3,14526,1785086226.553084,1.5286907777777778,1.4845369444444445,1.5,1.5,0.03259243495978824,2.152,2.202,2.141,2.104
ds_3,14530,1785086226.6306803,1.5304368333333331,1.5144721666666665,1.5,1.5,0.03370229118901076,2.166,2.188,2.166,2.059
ds_3,14534,1785086226.687623,1.5225183888888896,1.4911498888888883,1.5,1.5,0.02419508844435762,2.145,2.21,2.167,2.071
ds_3,14538,1785086226.7586915,1.5146934444444442,1.492130611111111,1.5,1.5,0.016668071007964233,2.143,2.199,2.168,2.087
ds_3,14542,1785086226.822105,1.5236078333333332,1.484838333333333,1.5,1.5,0.028057190358365472,2.146,2.221,2.168,2.078
ds_3,14546,1785086226.8743243,1.528764888888889,1.5092393888888895,1.5,1.5,0.030212334233393194,2.156,2.183,2.156,2.061
ds_3,14550,1785086226.9484503,1.5254850555555557,1.5059235555555552,1.5,1.5,0.026164414136179495,2.143,2.187,2.16,2.044
ds_3,14554,1785086227.0116513,1.529778388888889,1.4845183888888887,1.5,1.5,0.03356237070609869,2.146,2.221,2.159,2.07
ds_3,14558,1785086227.0791087,1.5143716666666664,1.4843801666666667,1.5,1.5,0.021225550549723814,2.147,2.215,2.174,2.101
ds_3,14562,1785086227.1402578,1.5145987222222224,1.4820262222222222,1.5,1.5,0.023155547459011768,2.136,2.194,2.149,2.107
ds_3,14566,1785086227.1967602,1.5166439999999997,1.4913098333333334,1.5,1.5,0.018776094713609408,2.142,2.189,2.154,2.095
ds_3,14570,1785086227.2706149,1.5357535555555561,1.4856710555555552,1.5,1.5,0.03851798779474629,2.151,2.212,2.143,2.078
ds_3,14574,1785086227.3368466,1.5073327222222224,1.4898527222222222,1.5,1.5,0.012519427362609553,2.139,2.197,2.173,2.098
ds_3,14582,1785086227.4764118,1.5322080000000002,1.4968054999999998,1.5,1.5,0.03236603303233216,2.149,2.192,2.143,2.068
ds_3,14586,1785086227.5136979,1.5483442222222223,1.486108888888889,1.5,1.5,0.05030036570615417,2.172,2.214,2.128,2.1
ds_3,14590,1785086227.6102788,1.5181400555555558,1.4991860555555556,1.5,1.5,0.018158307220588903,2.149,2.2,2.174,2.073
ds_3,14598,1785086227.7193594,1.5189672222222217,1.5124317222222223,1.5,1.5,0.022678254699990404,2.169,2.183,2.174,2.093
ds_3,14602,1785086227.7845042,1.5207978333333334,1.4860618333333337,1.5,1.5,0.02503642069843212,2.147,2.195,2.147,2.108
ds_3,14606,1785086227.833671,1.5034768333333335,1.4925393333333332,1.5,1.5,0.008231033783121757,2.141,2.195,2.18,2.102
ds_3,14610,1785086227.9190855,1.5372818333333333,1.4974343333333335,1.5,1.5,0.03737001126757776,2.158,2.201,2.146,2.068
ds_3,14614,1785086227.9806025,1.5402343888888892,1.5013003888888883,1.5,1.5,0.040255397905432685,2.146,2.19,2.136,2.039
ds_3,14618,1785086228.0450292,1.5368821666666668,1.4904395,1.5,1.5,0.03810114667930333,2.154,2.209,2.145,2.072
ds_3,14622,1785086228.1029277,1.5271470555555557,1.5016845555555558,1.5,1.5,0.02719927118060673,2.153,2.2,2.165,2.061
ds_3,14626,1785086228.16048,1.5395447777777782,1.4886781111111107,1.5,1.5,0.04113361906647914,2.156,2.215,2.145,2.071
ds_3,14630,1785086228.234826,1.5304261111111113,1.4799327777777775,1.5,1.5,0.03644779341828182,2.134,2.199,2.129,2.081
ds_3,14634,1785086228.300682,1.511068111111111,1.4769852777777774,1.5,1.5,0.025537825328989253,2.129,2.199,2.152,2.107
ds_3,14638,1785086228.3619442,1.5342163333333334,1.4894936666666672,1.5,1.5,0.035793023159393554,2.148,2.195,2.133,2.081
ds_3,14642,1785086228.4263902,1.5112897777777778,1.4901536111111109,1.5,1.5,0.01498033565788315,2.134,2.201,2.172,2.077
ds_3,14646,1785086228.483275,1.5129654444444445,1.4722721111111112,1.5,1.5,0.030609452328921823,2.117,2.208,2.152,2.084
ds_3,14650,1785086228.5568624,1.531413666666667,1.497971666666667,1.5,1.5,0.03147908177751646,2.161,2.204,2.158,2.078
ds_3,14654,1785086228.6175818,1.5137044444444447,1.4940709444444444,1.5,1.5,0.014932029242930668,2.142,2.195,2.168,2.085
ds_3,14658,1785086228.6849265,1.5260939444444444,1.4773961111111111,1.5,1.5,0.03452288703991863,2.141,2.214,2.147,2.093
ds_3,14662,1785086228.7446537,1.5104001111111107,1.4995026111111114,1.5,1.5,0.01041199821505164,2.151,2.187,2.172,2.101
ds_3,14666,1785086228.799292,1.5150390555555555,1.475781055555556,1.5,1.5,0.02850842791186762,2.12,2.208,2.154,2.077
ds_3,14670,1785086228.8825777,1.5190527777777778,1.4915661111111107,1.5,1.5,0.020835998244372985,2.146,2.189,2.151,2.099
ds_3,14674,1785086228.9395454,1.5318766666666666,1.5022268333333333,1.5,1.5,0.03195435282511938,2.163,2.19,2.149,2.084
ds_3,14678,1785086229.0060067,1.5201691666666668,1.481912,1.5,1.5,0.02709189967550793,2.124,2.192,2.139,2.077
ds_3,14682,1785086229.0681858,1.512886666666667,1.4873191666666663,1.5,1.5,0.018079538484307937,2.146,2.209,2.174,2.099
ds_3,14686,1785086229.1242645,1.5378610555555554,1.4985670555555552,1.5,1.5,0.03788816249914633,2.166,2.21,2.156,2.071
ds_3,14690,1785086229.1968725,1.5256031111111112,1.4935711111111114,1.5,1.5,0.02639791489708199,2.148,2.206,2.162,2.07
ds_3,14694,1785086229.2642875,1.5295097777777773,1.509930277777778,1.5,1.5,0.031135789715978503,2.172,2.189,2.162,2.085
ds_3,14698,1785086229.3273478,1.5129327777777775,1.4832829444444449,1.5,1.5,0.02113567333909406,2.138,2.19,2.149,2.114
ds_3,14702,1785086229.3931532,1.5217019444444442,1.4934464444444446,1.5,1.5,0.022669880526581785,2.153,2.193,2.154,2.1
ds_3,14706,1785086229.4463694,1.5175007222222228,1.4702782222222222,1.5,1.5,0.03449143883010697,2.118,2.212,2.147,2.081
ds_3,14710,1785086229.5266812,1.5213464444444442,1.4870599444444446,1.5,1.5,0.02496228611727309,2.139,2.212,2.165,2.07
ds_3,14714,1785086229.5991964,1.5220953888888888,1.4872313888888888,1.5,1.5,0.025519475697161648,2.139,2.203,2.155,2.078
ds_3,14718,1785086229.654066,1.5184251666666666,1.479257166666667,1.5,1.5,0.027744403064201516,2.135,2.203,2.149,2.098
ds_3,14722,1785086229.714095,1.530308055555556,1.5040880555555556,1.5,1.5,0.03058251836889784,2.173,2.203,2.167,2.088
ds_3,14726,1785086229.7704318,1.509851166666667,1.480201333333333,1.5,1.5,0.022114083441830454,2.132,2.19,2.149,2.115
ds_3,14730,1785086229.865947,1.5183849999999997,1.499483,1.5,1.5,0.018392267777519643,2.147,2.194,2.168,2.074
ds_3,14734,1785086229.9149616,1.5089007777777779,1.4943874444444443,1.5,1.5,0.010522576914120601,2.134,2.187,2.167,2.083
ds_3,14738,1785086229.9764462,1.522408666666667,1.4867448333333326,1.5,1.5,0.026035510080252337,2.145,2.208,2.159,2.086
ds_3,14742,1785086230.0334506,1.5234196666666668,1.4812536666666665,1.5,1.5,0.029998429962620338,2.141,2.21,2.152,2.09
ds_3,14746,1785086230.089133,1.531224611111111,1.4739627777777773,1.5,1.5,0.040656036207302876,2.131,2.214,2.135,2.075
ds_3,14750,1785086230.1667624,1.5253401111111107,1.4810439444444448,1.5,1.5,0.03164574652854205,2.143,2.209,2.148,2.093
ds_3,14754,1785086230.2270803,1.5393467222222221,1.4827447222222219,1.5,1.5,0.04296404497741097,2.151,2.216,2.138,2.077
ds_3,14758,1785086230.291884,1.5142382222222222,1.492528222222222,1.5,1.5,0.016079627956202137,2.14,2.186,2.156,2.094
ds_3,14762,1785086230.353132,1.5071780555555554,1.5006365555555556,1.5,1.5,0.007206225401272738,2.142,2.185,2.176,2.086
ds_3,14766,1785086230.4145153,1.5197883333333335,1.4965989999999996,1.5,1.5,0.020078469491251603,2.139,2.19,2.158,2.068
ds_3,14770,1785086230.4862013,1.5189955555555557,1.4979850555555552,1.5,1.5,0.019102123755708432,2.151,2.188,2.159,2.092
ds_3,14774,1785086230.5483828,1.5205498333333338,1.4958658333333328,1.5,1.5,0.02096155967612096,2.143,2.195,2.161,2.072
ds_3,14778,1785086230.6121297,1.5174697222222222,1.4754197222222223,1.5,1.5,0.030155948835251682,2.126,2.204,2.146,2.091
ds_3,14782,1785086230.6794753,1.5301461666666663,1.491014166666667,1.5,1.5,0.03145690012364312,2.146,2.201,2.147,2.072
ds_3,14786,1785086230.729519,1.5135588333333336,1.485970833333333,1.5,1.5,0.019510496629308007,2.134,2.197,2.159,2.09
ds_3,14790,1785086230.807509,1.527466222222222,1.497830055555556,1.5,1.5,0.02755180614864391,2.148,2.189,2.148,2.073
ds_3,14794,1785086230.8673227,1.5177611666666664,1.4946145000000002,1.5,1.5,0.018559705051834716,2.141,2.186,2.154,2.085
ds_3,14798,1785086230.9339604,1.5333770555555557,1.4941550555555556,1.5,1.5,0.03388497031306495,2.148,2.206,2.152,2.057
ds_3,14802,1785086230.9974456,1.5238622222222227,1.4775262222222219,1.5,1.5,0.032779205862676,2.132,2.204,2.14,2.088
ds_3,14806,1785086231.056253,1.5198830555555551,1.4740085555555555,1.5,1.5,0.03272447222697311,2.129,2.216,2.153,2.085
ds_3,14810,1785086231.1279318,1.540306,1.48837,1.5,1.5,0.041950334158383014,2.146,2.2,2.128,2.066
ds_3,14814,1785086231.1883488,1.513942611111111,1.4943001111111114,1.5,1.5,0.015062706859703217,2.143,2.196,2.169,2.085
ds_3,14818,1785086231.2609005,1.5389952222222225,1.4902973888888884,1.5,1.5,0.040184176220671525,2.154,2.214,2.147,2.064
ds_3,14822,1785086231.3179579,1.542283888888889,1.495841222222222,1.5,1.5,0.04248791230659436,2.16,2.209,2.145,2.061
ds_3,14826,1785086231.37287,1.5266311111111115,1.4954632777777772,1.5,1.5,0.027014772394635796,2.153,2.196,2.153,2.084
ds_3,14830,1785086231.448938,1.529576722222222,1.5056132222222225,1.5,1.5,0.030104663444830895,2.16,2.195,2.162,2.066
ds_3,14834,1785086231.510878,1.5248604999999997,1.5060105000000001,1.5,1.5,0.025576758404848497,2.159,2.188,2.162,2.077
ds_3,14838,1785086231.576789,1.507687,1.4815390000000004,1.5,1.5,0.019997462088974835,2.132,2.197,2.161,2.107
ds_3,14842,1785086231.6393979,1.5193004444444447,1.4938262777777773,1.5,1.5,0.020263810150864064,2.138,2.201,2.166,2.063
ds_3,14846,1785086231.6965303,1.530444277777778,1.5050284444444444,1.5,1.5,0.0308567545756415,2.156,2.196,2.161,2.057
ds_3,14850,1785086231.7703118,1.5214911666666668,1.5048506666666666,1.5,1.5,0.022031777318354547,2.152,2.182,2.159,2.077
ds_3,14854,1785086231.832357,1.5279955,1.4873208333333334,1.5,1.5,0.030732869823872813,2.156,2.207,2.151,2.1
ds_3,14858,1785086231.9009914,1.5220325,1.5104004999999994,1.5,1.5,0.024363937623052282,2.167,2.189,2.173,2.084
ds_3,14862,1785086231.9594948,1.517601,1.4929283333333332,1.5,1.5,0.018968491517367576,2.147,2.194,2.16,2.094
ds_3,14866,1785086232.0161858,1.5250461666666666,1.4872248333333329,1.5,1.5,0.02811610478098919,2.148,2.208,2.156,2.087
ds_3,14870,1785086232.0910125,1.5200133333333337,1.4842188333333328,1.5,1.5,0.025486834492974043,2.141,2.216,2.167,2.08
ds_3,14874,1785086232.1575568,1.5172259444444443,1.500455111111111,1.5,1.5,0.017231955435368807,2.153,2.199,2.176,2.08
ds_3,14878,1785086232.220931,1.520938777777778,1.4895846111111104,1.5,1.5,0.023386165579974375,2.147,2.209,2.166,2.083
ds_3,14882,1785086232.2808754,1.5184371111111112,1.4909124444444442,1.5,1.5,0.020555065850022845,2.134,2.192,2.154,2.074
ds_3,14886,1785086232.3408048,1.517655555555556,1.4805700555555557,1.5,1.5,0.026253407075835268,2.132,2.207,2.156,2.085
ds_3,14890,1785086232.4115944,1.5117691111111116,1.496400611111111,1.5,1.5,0.01230721644886232,2.151,2.206,2.185,2.088
ds_3,14894,1785086232.4747553,1.5065426666666661,1.4891026666666667,1.5,1.5,0.012710560998196799,2.126,2.192,2.168,2.08
ds_3,14898,1785086232.5431023,1.5254311666666667,1.5029200000000003,1.5,1.5,0.02559825458947894,2.162,2.194,2.163,2.085
ds_3,14906,1785086232.6600947,1.5191784444444447,1.511117277777777,1.5,1.5,0.022167692629069626,2.165,2.204,2.193,2.066
ds_3,14910,1785086232.7369418,1.5155547222222223,1.480850722222222,1.5,1.5,0.02467071589599698,2.135,2.193,2.145,2.108
ds_3,14914,1785086232.7958956,1.5162092222222223,1.4897972222222227,1.5,1.5,0.019152951715912952,2.154,2.219,2.183,2.093
ds_3,14918,1785086232.8625073,1.5402282777777778,1.5029217777777775,1.5,1.5,0.04033424250371844,2.174,2.22,2.169,2.061
ds_3,14922,1785086232.9270358,1.5292520555555555,1.4945000555555557,1.5,1.5,0.029764612262169355,2.153,2.196,2.148,2.083
ds_3,14926,1785086232.9912076,1.525451277777778,1.4896894444444442,1.5,1.5,0.027460427825979322,2.149,2.214,2.165,2.075
ds_3,14930,1785086233.0577312,1.524456111111111,1.4947379444444444,1.5,1.5,0.025015806989756716,2.167,2.195,2.154,2.119
ds_3,14934,1785086233.1179457,1.5263022222222224,1.482762222222222,1.5,1.5,0.03144754166136403,2.147,2.207,2.147,2.097
ds_3,14938,1785086233.194718,1.5308538888888887,1.4908963888888886,1.5,1.5,0.032168901051018856,2.147,2.207,2.152,2.067
ds_3,14942,1785086233.2447338,1.546325,1.4906925,1.5,1.5,0.04725076910749703,2.146,2.206,2.129,2.044
ds_3,14946,1785086233.3023872,1.5320347777777774,1.4843167777777782,1.5,1.5,0.03566777882828106,2.155,2.202,2.136,2.106
ds_3,14950,1785086233.3764565,1.530398555555556,1.4939318888888886,1.5,1.5,0.030998292732358886,2.154,2.213,2.163,2.067
ds_3,14954,1785086233.4388406,1.504243222222222,1.4933457222222224,1.5,1.5,0.007892043307723489,2.143,2.187,2.172,2.111
ds_3,14958,1785086233.5063968,1.5142843333333336,1.4837643333333332,1.5,1.5,0.02162496360433697,2.132,2.201,2.159,2.087
ds_3,14962,1785086233.5669777,1.513934277777778,1.4841614444444444,1.5,1.5,0.02109559051732609,2.122,2.199,2.158,2.068
ds_3,14966,1785086233.6233134,1.5395751111111111,1.5092511111111109,1.5,1.5,0.04064200384143121,2.177,2.187,2.145,2.085
ds_3,14970,1785086233.6979308,1.5277725,1.4843525,1.5,1.5,0.031877202080797494,2.135,2.201,2.141,2.072
ds_3,14974,1785086233.75969,1.5197664444444443,1.4587824444444442,1.5,1.5,0.045712134187222496,2.106,2.22,2.136,2.078
ds_3,14978,1785086233.8274121,1.5333898888888888,1.4934873888888889,1.5,1.5,0.034019094395602446,2.16,2.204,2.149,2.086
ds_3,14982,1785086233.8886242,1.536569777777778,1.5026436111111108,1.5,1.5,0.036665205937275964,2.162,2.189,2.142,2.075
ds_3,14986,1785086233.9474845,1.5098466111111113,1.4801147777777772,1.5,1.5,0.022189587945715506,2.131,2.196,2.155,2.107
ds_3,14990,1785086234.0187423,1.5203305,1.484683,1.5,1.5,0.02545466006942544,2.146,2.207,2.158,2.098
ds_3,14994,1785086234.081911,1.5103417777777777,1.4900044444444447,1.5,1.5,0.014382750031517922,2.129,2.193,2.165,2.077
ds_3,14998,1785086234.1483717,1.5195987222222223,1.5086862222222222,1.5,1.5,0.021437359194584914,2.162,2.19,2.175,2.081
ds_3,15002,1785086234.2123015,1.538151111111111,1.493242444444444,1.5,1.5,0.038744958847555425,2.162,2.204,2.142,2.084
ds_3,15006,1785086234.2673328,1.5219089444444442,1.503050277777778,1.5,1.5,0.022120263135671586,2.149,2.189,2.163,2.068
ds_3,15010,1785086234.3473022,1.5388770555555555,1.485177722222222,1.5,1.5,0.04160679472383524,2.154,2.214,2.14,2.079
ds_3,15014,1785086234.4071827,1.5372897222222222,1.4781677222222223,1.5,1.5,0.04321078264017601,2.136,2.204,2.122,2.075
ds_3,15018,1785086234.4714248,1.5184252777777774,1.4782844444444445,1.5,1.5,0.028479048689776718,2.135,2.217,2.162,2.086
ds_3,15022,1785086234.5339432,1.508383,1.499655,1.5,1.5,0.00839009618538432,2.143,2.188,2.176,2.086
ds_3,15026,1785086234.5920892,1.5340886666666669,1.4867794999999995,1.5,1.5,0.036562532945094754,2.167,2.216,2.151,2.106
ds_3,15030,1785086234.6738656,1.5208675555555558,1.5012790555555553,1.5,1.5,0.020906718010687438,2.155,2.19,2.163,2.086
ds_3,15034,1785086234.7322912,1.529150888888889,1.484956388888889,1.5,1.5,0.032803727810642044,2.151,2.204,2.143,2.098
ds_3,15038,1785086234.7969356,1.5286038888888893,1.4894898888888888,1.5,1.5,0.03047367544514165,2.151,2.2,2.146,2.09
ds_3,15042,1785086234.8549674,1.5184390555555556,1.4826445555555552,1.5,1.5,0.025322129089890438,2.145,2.216,2.167,2.095
ds_3,15046,1785086234.9142776,1.5031756666666667,1.490762833333333,1.5,1.5,0.00976780972406625,2.133,2.199,2.182,2.087
ds_3,15050,1785086234.9796033,1.5381169444444442,1.4947969444444444,1.5,1.5,0.03847042033686462,2.149,2.196,2.136,2.061
ds_3,15054,1785086235.052089,1.5219413888888889,1.4956493888888887,1.5,1.5,0.022368557472791598,2.147,2.209,2.173,2.064
ds_3,15058,1785086235.1201055,1.5362248888888885,1.5064793888888888,1.5,1.5,0.03679979694761609,2.154,2.197,2.156,2.039
ds_3,15062,1785086235.1859856,1.5342073888888887,1.4725965555555556,1.5,1.5,0.04383028886529749,2.142,2.217,2.132,2.094
ds_3,15066,1785086235.2335777,1.5210903333333334,1.5087115000000002,1.5,1.5,0.0228186851584643,2.155,2.193,2.176,2.061
ds_3,15070,1785086235.315767,1.5204304999999998,1.4956671666666663,1.5,1.5,0.020884893462606868,2.139,2.202,2.168,2.057
ds_3,15074,1785086235.3766713,1.5217057777777778,1.4804092777777782,1.5,1.5,0.029239308920125467,2.115,2.202,2.145,2.05
ds_3,15078,1785086235.4414372,1.5213448333333337,1.4676208333333334,1.5,1.5,0.03878159800801881,2.12,2.215,2.141,2.084
ds_3,15082,1785086235.5057669,1.5203358333333332,1.4955724999999997,1.5,1.5,0.02081222894384714,2.163,2.202,2.168,2.107
ds_3,15086,1785086235.5726316,1.525760388888889,1.509035555555555,1.5,1.5,0.02729906408476895,2.163,2.193,2.17,2.07
ds_3,15090,1785086235.629363,1.5385162777777777,1.4965629444444446,1.5,1.5,0.03866932899271597,2.173,2.199,2.141,2.102
ds_3,15094,1785086235.692791,1.5247434444444445,1.4853594444444445,1.5,1.5,0.028750372344556196,2.142,2.215,2.161,2.073
ds_3,15098,1785086235.7603588,1.516694111111111,1.4956062777777779,1.5,1.5,0.01726262264999635,2.156,2.196,2.167,2.104
ds_3,15102,1785086235.8211567,1.5287167777777777,1.4923667777777778,1.5,1.5,0.029713959807337927,2.163,2.206,2.156,2.1
ds_3,15106,1785086235.877291,1.510472555555556,1.4922100555555553,1.5,1.5,0.013052113020953444,2.152,2.204,2.179,2.106
ds_3,15110,1785086235.9579086,1.5406959444444446,1.4805624444444445,1.5,1.5,0.04509965033346296,2.145,2.215,2.132,2.07
ds_3,15114,1785086236.018369,1.5160799444444448,1.478841444444444,1.5,1.5,0.02657534734550016,2.139,2.216,2.165,2.097
ds_3,15118,1785086236.0822337,1.5326715555555555,1.493647555555556,1.5,1.5,0.03328339064517758,2.145,2.195,2.141,2.065
ds_3,15122,1785086236.140611,1.5307811111111111,1.498178611111111,1.5,1.5,0.030834951900710634,2.151,2.196,2.151,2.066
ds_3,15126,1785086236.199331,1.535713555555556,1.496455555555555,1.5,1.5,0.035889011366148686,2.162,2.208,2.154,2.074
ds_3,15130,1785086236.2700038,1.5244633888888883,1.4918008888888887,1.5,1.5,0.02580082981109974,2.146,2.2,2.155,2.079
ds_3,15134,1785086236.33183,1.5042054999999999,1.472364166666667,1.5,1.5,0.027953989237276364,2.118,2.193,2.149,2.114
ds_3,15138,1785086236.3996115,1.5220648333333333,1.4901795,1.5,1.5,0.02415158566798,2.14,2.196,2.152,2.079
ds_3,15142,1785086236.4611816,1.5190623333333335,1.497964833333333,1.5,1.5,0.019170666536983794,2.159,2.197,2.168,2.099
ds_3,15146,1785086236.518313,1.523270222222222,1.4920307222222222,1.5,1.5,0.024597004504024085,2.146,2.201,2.158,2.079
ds_3,15150,1785086236.5913296,1.5284758888888894,1.498011888888889,1.5,1.5,0.028545206844626275,2.154,2.197,2.155,2.075
ds_3,15158,1785086236.7226424,1.5174453888888888,1.4803768888888889,1.5,1.5,0.026256581711326756,2.134,2.206,2.155,2.091
ds_3,15166,1785086236.842123,1.5193954999999995,1.480785,1.5,1.5,0.027302044708226125,2.141,2.212,2.159,2.095
ds_3,15170,1785086236.9179935,1.5292647222222222,1.4922302222222221,1.5,1.5,0.030278596623025268,2.152,2.204,2.153,2.079
ds_3,15174,1785086236.9756017,1.524389444444445,1.486637444444444,1.5,1.5,0.02781012210120612,2.151,2.204,2.152,2.1
ds_3,15178,1785086237.039424,1.5394318888888894,1.4914278888888886,1.5,1.5,0.040352880321570084,2.154,2.215,2.149,2.059
ds_3,15182,1785086237.1069338,1.5134707777777774,1.4822169444444446,1.5,1.5,0.022309166699593014,2.146,2.202,2.159,2.12
ds_3,15186,1785086237.1622686,1.519083222222222,1.4805257222222221,1.5,1.5,0.027265671921827966,2.133,2.209,2.156,2.083
ds_3,15190,1785086237.2370942,1.537677111111111,1.5019479444444448,1.5,1.5,0.03772743284716895,2.173,2.212,2.163,2.074
ds_3,15194,1785086237.300235,1.5350621666666662,1.4910303333333337,1.5,1.5,0.036191303533752155,2.159,2.196,2.135,2.097
ds_3,15198,1785086237.3687005,1.5158994444444445,1.4729376111111114,1.5,1.5,0.031387341811874025,2.132,2.214,2.155,2.102
ds_3,15202,1785086237.4281278,1.5226528333333336,1.4950775,1.5,1.5,0.02318149831822326,2.156,2.196,2.158,2.097
ds_3,15206,1785086237.4846683,1.5150389999999998,1.4860256666666671,1.5,1.5,0.020529332992357353,2.119,2.196,2.156,2.058
ds_3,15210,1785086237.55879,1.5160181666666663,1.4770481666666664,1.5,1.5,0.027988717668414615,2.126,2.192,2.138,2.101
ds_3,15214,1785086237.6256824,1.5302321666666667,1.4866921666666666,1.5,1.5,0.033031535377407065,2.146,2.207,2.147,2.078
ds_3,15218,1785086237.6923668,1.5193551666666663,1.4793426666666667,1.5,1.5,0.028308088899444833,2.134,2.21,2.155,2.087
ds_3,15226,1785086237.8058171,1.527373277777778,1.4845491111111109,1.5,1.5,0.03143288570520039,2.141,2.207,2.148,2.078
ds_3,15230,1785086237.8801455,1.5278874444444444,1.498237611111111,1.5,1.5,0.027943077358044324,2.146,2.19,2.149,2.066
ds_3,15234,1785086237.942278,1.524495388888889,1.490255888888889,1.5,1.5,0.026362317389857514,2.148,2.209,2.162,2.078
ds_3,15238,1785086238.0008984,1.5207566111111113,1.4887686111111114,1.5,1.5,0.023600444936300646,2.148,2.203,2.159,2.094
ds_3,15242,1785086238.0598068,1.529930888888889,1.495018888888889,1.5,1.5,0.03034253742817582,2.154,2.206,2.158,2.072
ds_3,15246,1785086238.128202,1.519278722222222,1.4844627222222222,1.5,1.5,0.024760374214971424,2.135,2.2,2.152,2.085
ds_3,15250,1785086238.2035444,1.5216557222222225,1.4816432222222222,1.5,1.5,0.0283891105064737,2.133,2.21,2.155,2.075
ds_3,15254,1785086238.2634385,1.5473785000000002,1.4989709999999998,1.5,1.5,0.0473896729599395,2.17,2.201,2.134,2.074
ds_3,15258,1785086238.3301978,1.520424,1.4899600000000002,1.5,1.5,0.022758325421699997,2.141,2.197,2.155,2.083
ds_3,15262,1785086238.3923807,1.5227507777777776,1.484228611111111,1.5,1.5,0.027682749086360463,2.131,2.207,2.154,2.065
ds_3,15266,1785086238.4495106,1.4981502222222223,1.4763302222222228,1.5,1.5,0.02374194722166902,2.107,2.197,2.167,2.085
ds_3,15270,1785086238.5272686,1.5171799999999995,1.4823640000000005,1.5,1.5,0.02462074117487058,2.134,2.2,2.152,2.092
ds_3,15274,1785086238.5860434,1.5311998333333334,1.4869036666666668,1.5,1.5,0.033837014448759466,2.148,2.209,2.148,2.078
ds_3,15282,1785086238.7160454,1.5298001111111112,1.5029812777777773,1.5,1.5,0.029948867080790306,2.155,2.193,2.156,2.065
ds_3,15286,1785086238.7687302,1.5314088888888888,1.4877688888888891,1.5,1.5,0.03370635519077824,2.148,2.212,2.152,2.072
ds_3,15290,1785086238.845876,1.509496111111111,1.4870572777777777,1.5,1.5,0.016052731379929408,2.129,2.187,2.156,2.093
ds_3,15294,1785086238.908524,1.5221118333333334,1.5010336666666666,1.5,1.5,0.02213598066810896,2.16,2.195,2.166,2.09
ds_3,15298,1785086238.9747765,1.5241753333333337,1.4966506666666666,1.5,1.5,0.024406244601650046,2.148,2.192,2.154,2.078
ds_3,15302,1785086239.0378773,1.5189516666666671,1.4933958333333333,1.5,1.5,0.02006939677233909,2.148,2.208,2.173,2.078
ds_3,15306,1785086239.0955207,1.5168614999999999,1.4898453333333332,1.5,1.5,0.019683176505866838,2.145,2.209,2.172,2.084
ds_3,15310,1785086239.1667693,1.5289808888888887,1.485680888888889,1.5,1.5,0.03232535945356919,2.139,2.195,2.135,2.081
ds_3,15314,1785086239.2340403,1.532615833333333,1.4862371666666665,1.5,1.5,0.03540068029556602,2.147,2.206,2.142,2.079
ds_3,15318,1785086239.2956045,1.520036444444444,1.4822844444444443,1.5,1.5,0.026745093281147377,2.136,2.204,2.152,2.088
ds_3,15322,1785086239.3579257,1.5301786111111109,1.4875117777777778,1.5,1.5,0.032660438803960815,2.143,2.199,2.14,2.078
ds_3,15326,1785086239.4126236,1.529309666666667,1.4787463333333333,1.5,1.5,0.03620462549024519,2.119,2.202,2.132,2.052
ds_3,15330,1785086239.490007,1.5254349444444444,1.4907149444444443,1.5,1.5,0.027076717961409726,2.145,2.194,2.146,2.085
ds_3,15334,1785086239.5504363,1.5258532777777778,1.4896699444444443,1.5,1.5,0.027840654080603162,2.14,2.196,2.146,2.075
ds_3,15338,1785086239.6168368,1.5180176666666658,1.481817666666667,1.5,1.5,0.02559753030187709,2.122,2.197,2.147,2.071
ds_3,15342,1785086239.677333,1.5208605555555557,1.496820055555556,1.5,1.5,0.0211015360757499,2.152,2.202,2.169,2.08
ds_3,15346,1785086239.7345443,1.5078125,1.4860324999999999,1.5,1.5,0.01600394365461225,2.127,2.193,2.163,2.088
ds_3,15350,1785086239.8069959,1.5288618333333335,1.502521833333333,1.5,1.5,0.028971797782019477,2.173,2.213,2.177,2.084
ds_3,15354,1785086239.8689184,1.5231365555555554,1.5165650555555554,1.5,1.5,0.02845525028064133,2.175,2.195,2.186,2.075
ds_3,15358,1785086239.9366877,1.5293056666666665,1.4913803333333338,1.5,1.5,0.030547025259789248,2.143,2.214,2.162,2.052
ds_3,15362,1785086240.0011263,1.5343125000000002,1.4924944999999992,1.5,1.5,0.03512378377253831,2.143,2.192,2.134,2.065
ds_3,15366,1785086240.0524745,1.5172450000000002,1.4860771666666666,1.5,1.5,0.022163828934274574,2.148,2.196,2.153,2.114
ds_3,15370,1785086240.133328,1.5359223333333338,1.4886781666666666,1.5,1.5,0.03766427939226935,2.165,2.213,2.148,2.097
ds_3,15374,1785086240.1903424,1.5402976111111115,1.4830094444444444,1.5,1.5,0.04373301315195193,2.152,2.215,2.136,2.078
ds_3,15378,1785086240.2570033,1.5199449999999994,1.488734166666667,1.5,1.5,0.02290681177498118,2.139,2.199,2.156,2.081
ds_3,15382,1785086240.318441,1.530076277777777,1.4823582777777784,1.5,1.5,0.03486850796825166,2.129,2.202,2.136,2.061
ds_3,15386,1785086240.3765779,1.5190606111111116,1.4857259444444442,1.5,1.5,0.023812928377923707,2.12,2.197,2.151,2.054
ds_3,15390,1785086240.4539514,1.540469555555555,1.4817850555555556,1.5,1.5,0.04437982793993625,2.147,2.214,2.133,2.072
ds_3,15394,1785086240.5121756,1.5539563888888892,1.5003063888888888,1.5,1.5,0.053957258789529706,2.172,2.212,2.138,2.053
ds_3,15398,1785086240.580886,1.5280669444444446,1.4932189444444444,1.5,1.5,0.028874488478500708,2.139,2.202,2.154,2.053
ds_3,15402,1785086240.642598,1.5231895,1.4840575,1.5,1.5,0.0281410059610526,2.146,2.201,2.147,2.102
ds_3,15406,1785086240.6972654,1.5260752222222227,1.4870332222222222,1.5,1.5,0.029121375995590722,2.135,2.196,2.142,2.072
ds_3,15410,1785086240.7716498,1.5079995,1.4761288333333333,1.5,1.5,0.025175873336942586,2.136,2.195,2.151,2.132
ds_3,15414,1785086240.8336554,1.5251764444444447,1.4880909444444443,1.5,1.5,0.02785101360973277,2.142,2.207,2.156,2.073
ds_3,15418,1785086240.9011078,1.5303227222222222,1.5049768888888886,1.5,1.5,0.030728438066038945,2.172,2.19,2.155,2.097
ds_3,15422,1785086240.9629495,1.530124388888889,1.498224388888889,1.5,1.5,0.030176673122577876,2.154,2.197,2.153,2.072
ds_3,15426,1785086241.0196633,1.5159891666666665,1.4811571666666665,1.5,1.5,0.024712462821868286,2.131,2.201,2.153,2.09
ds_3,15430,1785086241.0975785,1.5176427777777783,1.5001707777777775,1.5,1.5,0.017643604301997136,2.163,2.196,2.172,2.104
ds_3,15434,1785086241.15542,1.5271206111111109,1.4727081111111113,1.5,1.5,0.03847563834640765,2.143,2.214,2.139,2.109
ds_3,15438,1785086241.2257714,1.5279088333333335,1.5011393333333332,1.5,1.5,0.0279320793796708,2.165,2.189,2.152,2.098
ds_3,15442,1785086241.2827551,1.5069905,1.4800853333333337,1.5,1.5,0.021105947945885505,2.132,2.2,2.163,2.109
ds_3,15446,1785086241.343018,1.5170400000000004,1.4959908333333327,1.5,1.5,0.017505285412158504,2.145,2.192,2.163,2.084
ds_3,15450,1785086241.4157987,1.5223333333333333,1.4838111666666667,1.5,1.5,0.02758362018430904,2.134,2.207,2.154,2.073
ds_3,15454,1785086241.4787452,1.5069714444444446,1.4901776111111114,1.5,1.5,0.012044930930750129,2.132,2.202,2.179,2.078
ds_3,15458,1785086241.5429275,1.5220866666666664,1.5067531666666665,1.5,1.5,0.023096019234322748,2.158,2.201,2.18,2.063
ds_3,15462,1785086241.6067007,1.5222329444444447,1.4975829444444442,1.5,1.5,0.02236394366448831,2.163,2.192,2.158,2.109
ds_3,15466,1785086241.6622388,1.5407349999999997,1.4902416666666667,1.5,1.5,0.04188753149141667,2.146,2.199,2.129,2.061
ds_3,15470,1785086241.737847,1.5269276666666665,1.4942201666666663,1.5,1.5,0.027540982289530176,2.143,2.203,2.158,2.059
ds_3,15474,1785086241.7989614,1.5294591666666668,1.4864973333333331,1.5,1.5,0.03240624180317073,2.158,2.214,2.155,2.097
ds_3,15478,1785086241.8695068,1.532518111111111,1.497766111111111,1.5,1.5,0.032594751261552285,2.169,2.196,2.148,2.102
ds_3,15482,1785086241.931277,1.5194798888888892,1.4723873888888888,1.5,1.5,0.033792341787702906,2.108,2.206,2.141,2.058
ds_3,15486,1785086241.9853425,1.5138343333333333,1.4884068333333336,1.5,1.5,0.018049661828934138,2.143,2.197,2.162,2.101
ds_3,15490,1785086242.0629988,1.5403451111111117,1.500625944444444,1.5,1.5,0.04034996650575414,2.161,2.194,2.139,2.068
ds_3,15494,1785086242.128449,1.541550722222222,1.4960332222222221,1.5,1.5,0.04173964354335726,2.158,2.199,2.136,2.068
ds_3,15502,1785086242.25368,1.5260687222222218,1.4913487222222224,1.5,1.5,0.027466759646664347,2.127,2.194,2.146,2.045
ds_3,15506,1785086242.311074,1.5178738333333337,1.4953626666666664,1.5,1.5,0.01846561069859965,2.154,2.194,2.163,2.101
ds_3,15510,1785086242.3842547,1.521259166666667,1.4704624999999998,1.5,1.5,0.03639252771670498,2.117,2.212,2.142,2.073
ds_3,15514,1785086242.4467084,1.523554055555556,1.4908315555555551,1.5,1.5,0.025275559472444736,2.148,2.204,2.159,2.083
ds_3,15518,1785086242.517511,1.5300981111111112,1.499690111111111,1.5,1.5,0.03009970637033275,2.142,2.193,2.151,2.047
ds_3,15526,1785086242.6344337,1.5233457777777775,1.486430277777778,1.5,1.5,0.02700301281778818,2.142,2.197,2.146,2.091
ds_3,15530,1785086242.7070682,1.5246421666666667,1.4775280000000004,1.5,1.5,0.033350069895395476,2.139,2.207,2.142,2.098
ds_3,15534,1785086242.7665906,1.5248704999999998,1.4951386666666666,1.5,1.5,0.025341158853291777,2.146,2.196,2.155,2.073
ds_3,15538,1785086242.8370895,1.5300859999999998,1.476436,1.5,1.5,0.03821556609550598,2.138,2.212,2.138,2.086
ds_3,15542,1785086242.8974435,1.5302069444444446,1.4828761111111113,1.5,1.5,0.0347230048145141,2.14,2.217,2.152,2.066
ds_3,15546,1785086242.9603527,1.5084434444444448,1.4582689444444443,1.5,1.5,0.042576669102541355,2.112,2.216,2.147,2.112
ds_3,15550,1785086243.0377474,1.5292051666666668,1.4956864999999995,1.5,1.5,0.0295219925187612,2.155,2.209,2.163,2.07
ds_3,15554,1785086243.088265,1.5299628888888888,1.484130388888889,1.5,1.5,0.033906035854782406,2.141,2.214,2.151,2.068
ds_3,15558,1785086243.1453614,1.5411066111111116,1.4999811111111108,1.5,1.5,0.041106615450925726,2.163,2.193,2.136,2.074
ds_3,15562,1785086243.213992,1.5052763333333326,1.5023510000000004,1.5,1.5,0.005776408438159323,2.139,2.196,2.192,2.066
ds_3,15566,1785086243.2709427,1.5191619444444446,1.4980837777777778,1.5,1.5,0.01925751859656173,2.149,2.195,2.166,2.08
ds_3,15570,1785086243.3441029,1.5136851111111114,1.4839532777777782,1.5,1.5,0.02108979753816075,2.119,2.196,2.155,2.066
ds_3,15574,1785086243.409084,1.5222119444444446,1.478017444444444,1.5,1.5,0.03125065158930608,2.133,2.204,2.143,2.091
ds_3,15578,1785086243.4728343,1.5298200555555557,1.4850560555555552,1.5,1.5,0.03335501744708102,2.149,2.197,2.135,2.1
ds_3,15582,1785086243.5398502,1.5224099444444446,1.5049859444444447,1.5,1.5,0.022957901733524775,2.154,2.19,2.166,2.071
ds_3,15586,1785086243.5921614,1.5495800000000002,1.5063000000000004,1.5,1.5,0.0499786594458077,2.18,2.194,2.134,2.078
ds_3,15590,1785086243.6671324,1.5333245,1.4936053333333337,1.5,1.5,0.03393249271756751,2.142,2.194,2.139,2.059
ds_3,15594,1785086243.728621,1.5312399999999997,1.4986375000000003,1.5,1.5,0.03126969789188858,2.151,2.196,2.151,2.064
ds_3,15598,1785086243.7957358,1.5288430555555557,1.4874325555555552,1.5,1.5,0.031462080567646454,2.149,2.208,2.151,2.083
ds_3,15602,1785086243.8571575,1.5381335000000005,1.4859575,1.5,1.5,0.04063687523050998,2.14,2.21,2.138,2.053
ds_3,15606,1785086243.9125624,1.5301201111111113,1.4784439444444442,1.5,1.5,0.037038960898760416,2.143,2.219,2.148,2.083
ds_3,15610,1785086243.990566,1.5088372222222224,1.465117222222222,1.5,1.5,0.03598478403573914,2.119,2.216,2.156,2.106
ds_3,15614,1785086244.0476406,1.5241768888888894,1.4937128888888886,1.5,1.5,0.024980987219666913,2.145,2.197,2.155,2.075
ds_3,15618,1785086244.117227,1.5201623333333336,1.4998156666666662,1.5,1.5,0.02016317594582346,2.141,2.194,2.166,2.058
ds_3,15622,1785086244.1751661,1.5153558888888885,1.4878058888888896,1.5,1.5,0.019608663120110822,2.153,2.194,2.156,2.124
ds_3,15626,1785086244.2357674,1.5352696666666668,1.509145666666667,1.5,1.5,0.036436144219107035,2.176,2.195,2.159,2.081
ds_3,15630,1785086244.3122792,1.5338579444444442,1.5040577777777782,1.5,1.5,0.03410023405340354,2.161,2.201,2.16,2.06
ds_3,15634,1785086244.3720055,1.5267367222222221,1.4860620555555561,1.5,1.5,0.030151593830586625,2.133,2.207,2.151,2.058
ds_3,15638,1785086244.4373767,1.5408614444444446,1.4911469444444443,1.5,1.5,0.04180949933634927,2.154,2.196,2.127,2.078
ds_3,15642,1785086244.5029418,1.5145160555555552,1.4904755555555556,1.5,1.5,0.017361765776189784,2.146,2.202,2.169,2.095
ds_3,15646,1785086244.5585885,1.521693722222222,1.4897497222222225,1.5,1.5,0.023993452823145904,2.148,2.2,2.156,2.093
ds_3,15650,1785086244.6317046,1.5275248888888893,1.4934107222222222,1.5,1.5,0.028302616309776322,2.148,2.201,2.154,2.073
ds_3,15654,1785086244.6930265,1.532630833333333,1.4796206666666667,1.5,1.5,0.03847191847489363,2.139,2.215,2.142,2.072
ds_3,15658,1785086244.7601085,1.5522811666666667,1.5118491666666667,1.5,1.5,0.05360711835868654,2.189,2.194,2.138,2.077
ds_3,15662,1785086244.8222237,1.5098966666666664,1.487364833333333,1.5,1.5,0.01604965569118421,2.127,2.196,2.165,2.078
ds_3,15666,1785086244.881716,1.5242505555555552,1.4873520555555557,1.5,1.5,0.027350684514703086,2.14,2.196,2.145,2.084
ds_3,15670,1785086244.951779,1.5427405555555558,1.4973280555555555,1.5,1.5,0.04282399299822178,2.16,2.194,2.131,2.072
ds_3,15674,1785086245.0130467,1.523937277777778,1.4826787777777777,1.5,1.5,0.029546878120744198,2.127,2.2,2.143,2.067
ds_3,15678,1785086245.0829115,1.518177888888889,1.4855603888888889,1.5,1.5,0.02321503852025493,2.145,2.197,2.152,2.107
ds_3,15682,1785086245.1451511,1.5328343333333332,1.4937203333333333,1.5,1.5,0.03342944299399677,2.155,2.2,2.146,2.08
ds_3,15686,1785086245.209078,1.531744888888889,1.4797848888888885,1.5,1.5,0.03763493972098917,2.127,2.201,2.129,2.063
ds_3,15690,1785086245.276855,1.5071086111111114,1.4686747777777776,1.5,1.5,0.032121673356172394,2.119,2.202,2.149,2.113
ds_3,15694,1785086245.3434553,1.532188611111111,1.4937547777777778,1.5,1.5,0.032788862222823054,2.159,2.202,2.149,2.087
ds_3,15698,1785086245.4020894,1.523251888888889,1.4911758888888889,1.5,1.5,0.024869967306019487,2.146,2.209,2.165,2.073
ds_3,15702,1785086245.4734213,1.5270129999999997,1.4901654999999998,1.5,1.5,0.028747513966428283,2.139,2.193,2.142,2.073
ds_3,15706,1785086245.5297194,1.514266333333334,1.486023833333333,1.5,1.5,0.019971517255137277,2.132,2.192,2.153,2.09
ds_3,15710,1785086245.6020446,1.5198870555555557,1.4764670555555557,1.5,1.5,0.030810622403564997,2.136,2.201,2.141,2.108
ds_3,15714,1785086245.6638517,1.5356215555555557,1.5030490555555556,1.5,1.5,0.03575181058321948,2.163,2.194,2.149,2.072
ds_3,15718,1785086245.7296445,1.5118599999999998,1.487153333333333,1.5,1.5,0.01748417697360801,2.133,2.197,2.163,2.087
ds_3,15722,1785086245.7896624,1.528447111111111,1.4944112777777774,1.5,1.5,0.028990894202232966,2.147,2.196,2.149,2.072
ds_3,15726,1785086245.8425896,1.5225310555555558,1.4890890555555554,1.5,1.5,0.025033920450406852,2.14,2.204,2.158,2.073
ds_3,15730,1785086245.9182534,1.5139790555555555,1.4876990555555558,1.5,1.5,0.01862061299878734,2.138,2.208,2.172,2.081
ds_3,15734,1785086245.9785347,1.517301,1.4844435000000002,1.5,1.5,0.023266484333693233,2.153,2.213,2.168,2.111
ds_3,15738,1785086246.0486622,1.516997,1.490128833333333,1.5,1.5,0.019655481178569943,2.133,2.197,2.16,2.071
ds_3,15742,1785086246.1082444,1.5489637222222226,1.504647222222222,1.5,1.5,0.04918376529138132,2.183,2.21,2.149,2.073
ds_3,15746,1785086246.1616306,1.533369833333333,1.5078840000000004,1.5,1.5,0.03428852917076538,2.166,2.202,2.167,2.059
ds_3,15750,1785086246.2368617,1.5334142222222222,1.4984702222222221,1.5,1.5,0.03344922221465595,2.168,2.208,2.16,2.084
ds_3,15754,1785086246.2981138,1.535869722222222,1.5103722222222222,1.5,1.5,0.037339255029077964,2.175,2.203,2.168,2.066
ds_3,15758,1785086246.3686295,1.5412728888888891,1.500109388888889,1.5,1.5,0.04127303384976201,2.16,2.195,2.138,2.065
ds_3,15770,1785086246.5847354,1.5465684444444443,1.4889151111111112,1.5,1.5,0.04786956005285933,2.156,2.202,2.122,2.074
ds_3,15778,1785086246.6917775,1.5360951111111114,1.4955697777777772,1.5,1.5,0.03636597193891227,2.155,2.199,2.143,2.071
ds_3,15782,1785086246.7518072,1.5068462222222223,1.4691462222222222,1.5,1.5,0.03160421430563562,2.111,2.201,2.149,2.097
ds_3,15786,1785086246.8064053,1.518116388888889,1.4919803888888885,1.5,1.5,0.019812059679571926,2.132,2.196,2.16,2.063
ds_3,15790,1785086246.8816423,1.5165572222222223,1.491873222222222,1.5,1.5,0.01844413524038034,2.138,2.195,2.161,2.079
ds_3,15794,1785086246.9587443,1.5338924444444444,1.4968069444444447,1.5,1.5,0.03404252332305306,2.166,2.207,2.156,2.085
ds_3,15798,1785086247.0210032,1.5379742222222228,1.492246722222222,1.5,1.5,0.038757642726075923,2.152,2.209,2.146,2.061
ds_3,15802,1785086247.0699413,1.5266247777777782,1.485894111111111,1.5,1.5,0.030130630478995148,2.141,2.21,2.154,2.072
ds_3,15806,1785086247.1266263,1.5311166111111112,1.504944611111111,1.5,1.5,0.031507025662227336,2.166,2.199,2.163,2.074
ds_3,15810,1785086247.192051,1.5177680555555557,1.4872620555555554,1.5,1.5,0.0218622740558953,2.133,2.2,2.158,2.075
ds_3,15814,1785086247.2683592,1.5379463888888885,1.503098388888889,1.5,1.5,0.038072673184497405,2.174,2.202,2.154,2.083
ds_3,15818,1785086247.334008,1.5278125000000002,1.4871191666666663,1.5,1.5,0.030650465308231997,2.143,2.208,2.152,2.073
ds_3,15822,1785086247.3956504,1.5285285555555557,1.5001690555555556,1.5,1.5,0.028529056448948507,2.161,2.201,2.162,2.079
ds_3,15826,1785086247.4513674,1.5247334444444445,1.480335611111111,1.5,1.5,0.031597966144356227,2.132,2.214,2.153,2.068
ds_3,15830,1785086247.526597,1.5242691111111109,1.4823737777777775,1.5,1.5,0.029994557238782773,2.134,2.196,2.138,2.086
ds_3,15834,1785086247.5935187,1.5323642777777782,1.5011964444444443,1.5,1.5,0.03238638533992066,2.152,2.196,2.153,2.057
ds_3,15838,1785086247.6553445,1.5137475555555555,1.487599555555556,1.5,1.5,0.018513948962142836,2.133,2.197,2.161,2.083
ds_3,15842,1785086247.7169962,1.5400524444444448,1.4887786111111105,1.5,1.5,0.0415946856529897,2.159,2.202,2.131,2.09
ds_3,15846,1785086247.7709432,1.551327,1.5019363333333335,1.5,1.5,0.05136351152109607,2.172,2.213,2.145,2.051
ds_3,15850,1785086247.846634,1.5238862777777773,1.4927041111111115,1.5,1.5,0.024975673379433534,2.14,2.197,2.154,2.068
ds_3,15854,1785086247.9088411,1.539963,1.4779283333333333,1.5,1.5,0.0456530375598869,2.142,2.207,2.121,2.081
ds_3,15858,1785086247.9747834,1.5245366111111116,1.4926072777777777,1.5,1.5,0.0256261122036267,2.152,2.199,2.155,2.09
ds_3,15862,1785086248.0393624,1.5307118333333327,1.4929251666666667,1.5,1.5,0.031516185895327654,2.155,2.206,2.154,2.079
ds_3,15866,1785086248.091444,1.5535636111111113,1.482742277777777,1.5,1.5,0.05627512249264123,2.159,2.217,2.119,2.072
ds_3,15870,1785086248.1699393,1.5379065000000003,1.4937119999999997,1.5,1.5,0.03842449331155878,2.162,2.204,2.143,2.083
ds_3,15874,1785086248.2348456,1.532857333333333,1.5074531666666668,1.5,1.5,0.03369204723876058,2.172,2.195,2.16,2.081
ds_3,15878,1785086248.2985344,1.5373581666666665,1.4940581666666666,1.5,1.5,0.03782774114397451,2.158,2.195,2.135,2.084
ds_3,15882,1785086248.3568459,1.5257929444444451,1.4875181111111104,1.5,1.5,0.028654380700842547,2.132,2.193,2.14,2.068
ds_3,15886,1785086248.4139576,1.529171555555556,1.481211555555555,1.5,1.5,0.03469849129534153,2.147,2.213,2.147,2.091
ds_3,15890,1785086248.4889402,1.5283559999999998,1.499356,1.5,1.5,0.0283633120774001,2.149,2.195,2.155,2.063
ds_3,15894,1785086248.5497146,1.5330383888888885,1.4983183888888887,1.5,1.5,0.03308115711855387,2.158,2.194,2.146,2.079
ds_3,15898,1785086248.6174881,1.503037833333333,1.4819016666666667,1.5,1.5,0.01835151494578998,2.118,2.201,2.172,2.08
ds_3,15902,1785086248.677683,1.5186512222222224,1.479321222222222,1.5,1.5,0.02784744047063292,2.135,2.212,2.158,2.088
ds_3,15906,1785086248.7357981,1.5275163333333333,1.4999283333333335,1.5,1.5,0.027516426661581946,2.156,2.197,2.159,2.075
ds_3,15910,1785086248.8142638,1.5319578888888887,1.4819903888888888,1.5,1.5,0.03668313992296758,2.145,2.207,2.138,2.087
ds_3,15914,1785086248.876946,1.5235982777777777,1.4945849444444446,1.5,1.5,0.02421159930171709,2.155,2.196,2.156,2.095
ds_3,15918,1785086248.939139,1.5264904999999998,1.4875565000000002,1.5,1.5,0.02926751240710393,2.151,2.19,2.136,2.109
ds_3,15922,1785086249.0048034,1.5453950000000005,1.4944816666666663,1.5,1.5,0.04572918135914779,2.172,2.217,2.147,2.077
ds_3,15926,1785086249.0596457,1.5174715555555556,1.5065340555555553,1.5,1.5,0.01865339474556704,2.162,2.195,2.18,2.085
ds_3,15930,1785086249.1315496,1.5393663333333332,1.4967781666666669,1.5,1.5,0.03949795450575732,2.155,2.195,2.136,2.067
ds_3,15934,1785086249.1914754,1.515663777777778,1.4800652777777776,1.5,1.5,0.025352457165899647,2.121,2.204,2.155,2.07
ds_3,15938,1785086249.2631075,1.5197877222222218,1.486376388888889,1.5,1.5,0.024024086464433925,2.142,2.202,2.156,2.091
ds_3,15942,1785086249.3211324,1.5395196666666668,1.4946936666666664,1.5,1.5,0.03987431788618968,2.161,2.2,2.138,2.08
ds_3,15946,1785086249.3825817,1.5244219444444445,1.5025819444444448,1.5,1.5,0.024558049750778885,2.16,2.199,2.169,2.078
ds_3,15950,1785086249.451719,1.5244020555555555,1.4867713888888892,1.5,1.5,0.02775709760161216,2.133,2.197,2.145,2.07
ds_3,15954,1785086249.5127115,1.5412535,1.4941610000000005,1.5,1.5,0.04166467548475565,2.165,2.206,2.141,2.081
ds_3,15958,1785086249.5815337,1.5221974999999996,1.4814855,1.5,1.5,0.028905288728881155,2.138,2.209,2.153,2.086
ds_3,15962,1785086249.6427748,1.5242864999999994,1.5068065,1.5,1.5,0.025222262477818513,2.159,2.197,2.173,2.066
ds_3,15966,1785086249.7013056,1.531965222222222,1.5015292222222223,1.5,1.5,0.0320017804554836,2.168,2.195,2.153,2.091
ds_3,15970,1785086249.7756832,1.5140812777777781,1.4762599444444446,1.5,1.5,0.027602040171621427,2.12,2.208,2.156,2.077
ds_3,15974,1785086249.836394,1.5316360000000004,1.5112799999999995,1.5,1.5,0.03358682622696013,2.165,2.195,2.167,2.057
ds_3,15978,1785086249.9025548,1.5363541111111116,1.4826794444444442,1.5,1.5,0.040269380916921796,2.156,2.213,2.139,2.095
ds_3,15982,1785086249.9638448,1.5404463333333334,1.4929043333333332,1.5,1.5,0.041064027634360956,2.159,2.194,2.128,2.086
ds_3,15986,1785086250.024234,1.5425848333333336,1.5035248333333329,1.5,1.5,0.04273046313879101,2.17,2.197,2.143,2.072
ds_3,15990,1785086250.0983465,1.5406866666666663,1.5059186666666668,1.5,1.5,0.04111490556422973,2.183,2.197,2.149,2.095
ds_3,15994,1785086250.1617723,1.5231475000000003,1.4847489999999997,1.5,1.5,0.027720024481411004,2.143,2.2,2.147,2.095
ds_3,15998,1785086250.224886,1.5253452777777776,1.4877839444444445,1.5,1.5,0.028135655652021446,2.134,2.193,2.141,2.072
ds_3,16002,1785086250.2861722,1.5458114999999997,1.4982475000000002,1.5,1.5,0.04584500832697023,2.162,2.195,2.129,2.068
ds_3,16006,1785086250.3469844,1.5234037777777776,1.492264611111111,1.5,1.5,0.024648997049250134,2.155,2.194,2.151,2.104
ds_3,16010,1785086250.4167745,1.5211644999999996,1.4804525000000006,1.5,1.5,0.02881042895376531,2.129,2.209,2.153,2.072
ds_3,16014,1785086250.478476,1.5333386666666664,1.4849534999999998,1.5,1.5,0.03657682131297223,2.147,2.2,2.133,2.088
ds_3,16018,1785086250.5471585,1.5253350000000003,1.4890683333333332,1.5,1.5,0.027592817201422735,2.154,2.201,2.151,2.101
ds_3,16022,1785086250.610343,1.532652888888889,1.4870513888888885,1.5,1.5,0.035126595088293626,2.136,2.203,2.14,2.057
ds_3,16026,1785086250.6687934,1.5312536666666667,1.4808303333333332,1.5,1.5,0.03666425780269157,2.127,2.196,2.126,2.066
ds_3,16030,1785086250.7407594,1.5274617777777775,1.494814277777778,1.5,1.5,0.027947109934339902,2.146,2.199,2.154,2.067
ds_3,16038,1785086250.8671987,1.5203076111111116,1.4876301111111108,1.5,1.5,0.023778419210780336,2.148,2.201,2.156,2.1
ds_3,16042,1785086250.9293807,1.5256834444444445,1.4981461111111105,1.5,1.5,0.02575026645577117,2.156,2.193,2.155,2.087
ds_3,16046,1785086250.9866154,1.5210325555555555,1.4913280555555561,1.5,1.5,0.022750187112308532,2.154,2.194,2.153,2.108
ds_3,16050,1785086251.0617695,1.5344864444444446,1.4947672777777776,1.5,1.5,0.034881173034671635,2.143,2.194,2.139,2.056
ds_3,16054,1785086251.1224058,1.543127166666667,1.4973786666666664,1.5,1.5,0.04320675749392591,2.168,2.21,2.147,2.071
ds_3,16058,1785086251.189424,1.5428369999999998,1.5015975,1.5,1.5,0.04286677705694682,2.169,2.199,2.142,2.073
ds_3,16062,1785086251.2425523,1.5070721111111107,1.4910047777777784,1.5,1.5,0.01144241138899686,2.143,2.202,2.18,2.098
ds_3,16066,1785086251.3004355,1.5309645555555556,1.4876445555555557,1.5,1.5,0.03333857687683796,2.149,2.196,2.136,2.092
ds_3,16070,1785086251.3837342,1.548410777777778,1.509260777777778,1.5,1.5,0.049288593103260656,2.193,2.202,2.148,2.09
ds_3,16074,1785086251.4475336,1.5337330000000002,1.4947629999999996,1.5,1.5,0.03413709797273371,2.153,2.192,2.138,2.08
ds_3,16078,1785086251.515791,1.507741666666667,1.474345666666666,1.5,1.5,0.026796981575460864,2.12,2.201,2.155,2.099
ds_3,16082,1785086251.574663,1.5290342222222224,1.484941388888889,1.5,1.5,0.03270699968882916,2.142,2.199,2.138,2.085
ds_3,16086,1785086251.6284604,1.5278930000000002,1.5082054999999999,1.5,1.5,0.029074897751325064,2.165,2.201,2.174,2.065
ds_3,16090,1785086251.7026188,1.5400719999999999,1.4973658333333337,1.5,1.5,0.040158486251697365,2.168,2.201,2.142,2.085
ds_3,16094,1785086251.7657738,1.5084258333333331,1.4801573333333335,1.5,1.5,0.021557506530337493,2.132,2.194,2.155,2.113
ds_3,16098,1785086251.8334215,1.5208774444444442,1.4911592777777782,1.5,1.5,0.02267214272937912,2.141,2.195,2.154,2.081
ds_3,16102,1785086251.8968015,1.5488207222222226,1.5018582222222219,1.5,1.5,0.04885607340061801,2.174,2.2,2.135,2.073
ds_3,16106,1785086251.9505587,1.5391565,1.4985938333333328,1.5,1.5,0.03918174060636471,2.159,2.201,2.145,2.064
ds_3,16110,1785086252.024903,1.5409217777777777,1.4960131111111108,1.5,1.5,0.041115534527793395,2.162,2.204,2.142,2.072
ds_3,16114,1785086252.0876079,1.5324983333333337,1.4825998333333335,1.5,1.5,0.0368633621563775,2.152,2.204,2.135,2.102
ds_3,16118,1785086252.1542888,1.534603611111111,1.4739556111111116,1.5,1.5,0.04330958432638966,2.141,2.208,2.124,2.097
ds_3,16122,1785086252.2175355,1.5216027222222224,1.482272722222222,1.5,1.5,0.027945196095590378,2.131,2.212,2.158,2.067
ds_3,16126,1785086252.274056,1.5260744444444445,1.4949066111111107,1.5,1.5,0.02656725923876764,2.147,2.196,2.153,2.074
ds_3,16130,1785086252.347518,1.5456022777777776,1.490527611111111,1.5,1.5,0.046575679166104875,2.167,2.212,2.136,2.083
ds_3,16134,1785086252.4086485,1.527294,1.4846074999999999,1.5,1.5,0.0313351478734344,2.155,2.2,2.141,2.114
ds_3,16138,1785086252.4733453,1.5206627777777777,1.4967322777777774,1.5,1.5,0.020919569642213753,2.136,2.192,2.159,2.058
ds_3,16142,1785086252.5394046,1.5471441111111108,1.4957519444444443,1.5,1.5,0.04733511580697624,2.167,2.207,2.136,2.071
ds_3,16146,1785086252.5957704,1.5181696666666666,1.5014218333333331,1.5,1.5,0.018225213217012138,2.14,2.196,2.173,2.052
ds_3,16150,1785086252.6721253,1.5176232222222226,1.4779223888888888,1.5,1.5,0.028248873851311293,2.121,2.193,2.138,2.085
ds_3,16158,1785086252.7969515,1.5314970000000006,1.5002431666666662,1.5,1.5,0.031497938647279955,2.168,2.202,2.159,2.088
ds_3,16162,1785086252.8575034,1.5083436666666667,1.4901645000000001,1.5,1.5,0.012897822827688539,2.122,2.194,2.169,2.064
ds_3,16166,1785086252.9150655,1.533750444444444,1.4852312777777776,1.5,1.5,0.03684029935104587,2.143,2.206,2.139,2.072
ds_3,16170,1785086252.9902697,1.525546777777778,1.4828406111111105,1.5,1.5,0.030774705227951678,2.125,2.201,2.142,2.059
ds_3,16174,1785086253.0537045,1.5205673888888884,1.492207888888889,1.5,1.5,0.02199396465566567,2.14,2.201,2.162,2.07
ds_3,16178,1785086253.1178145,1.5199107777777778,1.4800816111111113,1.5,1.5,0.028163474353230255,2.12,2.2,2.145,2.066
ds_3,16182,1785086253.1787896,1.5405236111111105,1.507158277777778,1.5,1.5,0.041150990246023825,2.167,2.199,2.153,2.056
ds_3,16186,1785086253.2358778,1.5367321666666665,1.486994666666667,1.5,1.5,0.03896653388664261,2.141,2.197,2.128,2.068
ds_3,16190,1785086253.304274,1.5101880555555558,1.4816595555555558,1.5,1.5,0.020980190142675874,2.128,2.214,2.175,2.077
ds_3,16194,1785086253.3814125,1.5221356111111104,1.4778394444444447,1.5,1.5,0.0313221247969094,2.126,2.209,2.148,2.072
ds_3,16198,1785086253.4417844,1.5311455555555564,1.493393555555555,1.5,1.5,0.03183851031473974,2.168,2.204,2.152,2.106
ds_3,16202,1785086253.5065134,1.526992888888889,1.487932888888889,1.5,1.5,0.029567401325375383,2.135,2.197,2.143,2.067
ds_3,16206,1785086253.556811,1.5216610555555556,1.5013050555555554,1.5,1.5,0.021700334047750368,2.162,2.195,2.167,2.094
ds_3,16210,1785086253.6363218,1.5227982222222218,1.4943607222222224,1.5,1.5,0.023485322870864387,2.152,2.207,2.168,2.079
ds_3,16214,1785086253.708792,1.5095897777777783,1.4748857777777777,1.5,1.5,0.02688285691020082,2.111,2.193,2.145,2.085
ds_3,16218,1785086253.7687783,1.5320361111111112,1.495652777777778,1.5,1.5,0.03232971939520726,2.167,2.208,2.158,2.092
ds_3,16222,1785086253.8259807,1.5250658333333331,1.4851266666666665,1.5,1.5,0.029146389916057936,2.146,2.206,2.151,2.091
ds_3,16226,1785086253.886962,1.5273963333333336,1.4869269999999997,1.5,1.5,0.030355599304100936,2.129,2.196,2.14,2.058
ds_3,16230,1785086253.958605,1.5324277222222225,1.4941352222222222,1.5,1.5,0.03295379776147715,2.145,2.194,2.141,2.065
ds_3,16234,1785086254.016308,1.5167548333333332,1.4913273333333334,1.5,1.5,0.01886636125857027,2.135,2.197,2.162,2.072
ds_3,16238,1785086254.081275,1.5322790000000002,1.5004083333333336,1.5,1.5,0.03228158263021071,2.158,2.195,2.151,2.073
ds_3,16242,1785086254.1434574,1.5380924444444444,1.4953666111111115,1.5,1.5,0.038373201799546994,2.161,2.202,2.143,2.078
ds_3,16246,1785086254.2016768,1.5300457222222221,1.4916472222222223,1.5,1.5,0.031185161863615023,2.141,2.2,2.147,2.061
ds_3,16250,1785086254.2754292,1.518031555555555,1.488286055555556,1.5,1.5,0.021502406614158084,2.136,2.197,2.156,2.081
ds_3,16254,1785086254.337567,1.5118105555555559,1.4856865555555554,1.5,1.5,0.01855704487236785,2.124,2.195,2.159,2.075
ds_3,16258,1785086254.4049559,1.5255692222222226,1.490865222222222,1.5,1.5,0.02715196659726117,2.138,2.193,2.145,2.071
ds_3,16262,1785086254.4639301,1.536714222222222,1.4924587222222225,1.5,1.5,0.03748072816667663,2.16,2.207,2.146,2.081
ds_3,16266,1785086254.525445,1.5328133333333331,1.4921013333333333,1.5,1.5,0.033750611543430495,2.153,2.209,2.153,2.071
ds_3,16270,1785086254.5956101,1.5322167777777778,1.4946381111111113,1.5,1.5,0.032659923803332776,2.147,2.194,2.142,2.068
ds_3,16274,1785086254.6576712,1.5219900555555557,1.500150055555556,1.5,1.5,0.021990567523512843,2.153,2.199,2.169,2.074
ds_3,16278,1785086254.724751,1.526711222222222,1.479813722222222,1.5,1.5,0.033480967774640914,2.139,2.197,2.132,2.099
ds_3,16282,1785086254.787644,1.5455363888888887,1.4992003888888892,1.5,1.5,0.04554340886417172,2.172,2.204,2.14,2.077
ds_3,16286,1785086254.8445866,1.514481888888889,1.4643533888888889,1.5,1.5,0.038476044358755415,2.108,2.214,2.145,2.08
ds_3,16290,1785086254.9184608,1.5025957222222217,1.482174388888889,1.5,1.5,0.018013611113252684,2.124,2.202,2.174,2.091
ds_3,16294,1785086254.9797378,1.5123192222222221,1.4898080555555557,1.5,1.5,0.015988713760622848,2.136,2.194,2.163,2.088
ds_3,16298,1785086255.0460439,1.5200018888888887,1.487234388888889,1.5,1.5,0.023728387770001715,2.143,2.207,2.162,2.085
ds_3,16302,1785086255.1087122,1.5222946666666668,1.499793833333333,1.5,1.5,0.022295619894325165,2.154,2.193,2.162,2.083
ds_3,16306,1785086255.166178,1.5195673888888892,1.5028118888888886,1.5,1.5,0.01976839465036248,2.154,2.197,2.174,2.074
ds_3,16310,1785086255.2395482,1.5114323333333328,1.4750823333333336,1.5,1.5,0.027415111846489523,2.111,2.206,2.156,2.068
ds_3,16314,1785086255.3016343,1.547143333333333,1.4957748333333332,1.5,1.5,0.04733229247711194,2.167,2.206,2.135,2.072
ds_3,16318,1785086255.3654926,1.541447333333333,1.4931961666666669,1.5,1.5,0.042002066478593496,2.163,2.194,2.127,2.092
ds_3,16322,1785086255.4341004,1.5187070555555553,1.498416388888889,1.5,1.5,0.018773964730707957,2.148,2.188,2.16,2.085
ds_3,16326,1785086255.4858665,1.516014222222222,1.4898902222222221,1.5,1.5,0.018938398034119945,2.129,2.195,2.159,2.067
ds_3,16330,1785086255.5653589,1.5106380555555554,1.4975280555555552,1.5,1.5,0.010921480455483348,2.151,2.194,2.176,2.099
ds_3,16334,1785086255.6216686,1.5117872222222222,1.4878237222222224,1.5,1.5,0.016946986405778745,2.127,2.195,2.162,2.075
ds_3,16338,1785086255.6879272,1.5370173333333332,1.4821453333333332,1.5,1.5,0.04109832221501124,2.138,2.204,2.128,2.068
ds_3,16342,1785086255.7503877,1.526884388888889,1.4833243888888887,1.5,1.5,0.03163615608537225,2.138,2.208,2.148,2.075
ds_3,16346,1785086255.8072274,1.536149444444445,1.5064176111111105,1.5,1.5,0.03671468461005031,2.17,2.196,2.155,2.074
ds_3,16350,1785086255.8839135,1.5293036666666668,1.496626166666666,1.5,1.5,0.029497247862677572,2.147,2.201,2.156,2.059
ds_3,16354,1785086255.946181,1.5206141666666666,1.4830528333333335,1.5,1.5,0.0266861448206533,2.124,2.193,2.141,2.072
ds_3,16358,1785086256.010742,1.5311201666666665,1.4956849999999997,1.5,1.5,0.03141789296501443,2.153,2.194,2.145,2.079
ds_3,16362,1785086256.0737438,1.5254806111111114,1.4764072777777781,1.5,1.5,0.034725755347445174,2.128,2.199,2.131,2.086
ds_3,16366,1785086256.1281617,1.5349521666666666,1.4881413333333333,1.5,1.5,0.036909103616933704,2.149,2.193,2.128,2.088
ds_3,16370,1785086256.2039666,1.5328682222222225,1.4917617222222217,1.5,1.5,0.03388494138689394,2.155,2.192,2.135,2.094
ds_3,16374,1785086256.268501,1.5253415000000003,1.4791974999999997,1.5,1.5,0.032786210950642485,2.12,2.195,2.131,2.066
ds_3,16378,1785086256.331221,1.5245968888888886,1.4943288888888886,1.5,1.5,0.02524219570970205,2.139,2.183,2.141,2.075
ds_3,16382,1785086256.3968832,1.5390752222222217,1.5063977222222222,1.5,1.5,0.03959550279196774,2.175,2.201,2.156,2.075
ds_3,16386,1785086256.4532974,1.5330224999999997,1.4945533333333334,1.5,1.5,0.033468667198258126,2.154,2.204,2.151,2.071
ds_3,16390,1785086256.5250993,1.509636888888889,1.4761488888888887,1.5,1.5,0.025724407256365812,2.127,2.207,2.161,2.099
ds_3,16394,1785086256.5880437,1.541237611111111,1.494944277777778,1.5,1.5,0.0415463704472424,2.165,2.202,2.138,2.083
ds_3,16398,1785086256.6540778,1.5271547222222221,1.4931502222222228,1.5,1.5,0.028005327967566735,2.138,2.194,2.147,2.061
ds_3,16402,1785086256.7205973,1.5146906666666662,1.497919833333334,1.5,1.5,0.014837209322248095,2.154,2.199,2.176,2.093
ds_3,16406,1785086256.7829437,1.525306833333333,1.4933775000000005,1.5,1.5,0.026159000738007768,2.142,2.199,2.155,2.066
ds_3,16410,1785086256.8459663,1.537890055555556,1.4882445555555555,1.5,1.5,0.03967173785063537,2.158,2.193,2.124,2.102
ds_3,16414,1785086256.9111462,1.5351088888888889,1.486835388888889,1.5,1.5,0.037495880636666354,2.142,2.195,2.128,2.075
ds_3,16418,1785086256.9763827,1.5372212777777778,1.504618777777777,1.5,1.5,0.03750675442598287,2.163,2.196,2.151,2.063
ds_3,16422,1785086257.039024,1.5110712777777782,1.4935752777777778,1.5,1.5,0.012800400277547606,2.142,2.199,2.175,2.086
ds_3,16426,1785086257.093207,1.5248083333333333,1.4914276666666668,1.5,1.5,0.026247634208734934,2.153,2.2,2.154,2.094
ds_3,16430,1785086257.1670501,1.5290677222222222,1.5007992222222224,1.5,1.5,0.029078707525417368,2.151,2.194,2.155,2.063
ds_3,16434,1785086257.2304513,1.508258888888889,1.469966388888889,1.5,1.5,0.03114846773201639,2.115,2.194,2.141,2.108
ds_3,16438,1785086257.2963498,1.5150759999999992,1.4903126666666673,1.5,1.5,0.017920106113276088,2.134,2.202,2.168,2.07
ds_3,16442,1785086257.362851,1.5196315555555553,1.4941340555555556,1.5,1.5,0.020489199051113793,2.162,2.203,2.168,2.109
ds_3,16446,1785086257.4198265,1.5283169444444442,1.5094062777777781,1.5,1.5,0.029838354584367798,2.173,2.195,2.169,2.084
ds_3,16450,1785086257.490498,1.5301743888888886,1.500469888888889,1.5,1.5,0.03017804732559387,2.159,2.194,2.153,2.079
ds_3,16454,1785086257.5500016,1.531751722222223,1.5186237222222219,1.5,1.5,0.03681052693846816,2.19,2.197,2.179,2.086
ds_3,16458,1785086257.6169252,1.5193159444444446,1.4786972777777776,1.5,1.5,0.028756072121519642,2.128,2.204,2.148,2.083
ds_3,16462,1785086257.680028,1.5193738888888888,1.4859932222222219,1.5,1.5,0.023906848273979334,2.127,2.2,2.154,2.064
ds_3,16466,1785086257.7360177,1.5168627222222224,1.486426722222222,1.5,1.5,0.021646830492627642,2.133,2.195,2.153,2.084
ds_3,16470,1785086257.810382,1.5173578333333333,1.4811578333333335,1.5,1.5,0.025618774809155382,2.125,2.197,2.147,2.08
ds_3,16474,1785086257.873999,1.5401647777777783,1.4947102777777772,1.5,1.5,0.0405116098807069,2.146,2.196,2.133,2.052
ds_3,16478,1785086257.940567,1.5179972222222222,1.496177222222222,1.5,1.5,0.018398740110516325,2.148,2.197,2.167,2.083
ds_3,16482,1785086258.0043242,1.500343111111111,1.4901324444444444,1.5,1.5,0.009873519021936636,2.131,2.195,2.181,2.093
ds_3,16486,1785086258.0609875,1.5153386666666668,1.4803626666666667,1.5,1.5,0.024917856158898556,2.138,2.21,2.162,2.098
ds_3,16490,1785086258.1332297,1.5424372222222222,1.501178722222222,1.5,1.5,0.042453588965073764,2.172,2.2,2.143,2.08
ds_3,16494,1785086258.1971045,1.5386817222222224,1.484644222222222,1.5,1.5,0.04161821170158176,2.143,2.199,2.124,2.074
ds_3,16498,1785086258.2606823,1.5574419444444443,1.5119244444444444,1.5,1.5,0.05866659489749907,2.189,2.199,2.136,2.064
ds_3,16502,1785086258.3216202,1.5212680555555556,1.4822260555555558,1.5,1.5,0.027717202027412288,2.141,2.196,2.142,2.105
ds_3,16506,1785086258.3807707,1.5304941666666665,1.4943775000000004,1.5,1.5,0.03100817161563109,2.142,2.192,2.142,2.063
ds_3,16510,1785086258.4617956,1.5306728333333333,1.4901474999999997,1.5,1.5,0.03221636945629419,2.148,2.199,2.143,2.08
ds_3,16514,1785086258.5173237,1.5434801666666667,1.4906160000000002,1.5,1.5,0.044481280887145175,2.155,2.209,2.136,2.064
ds_3,16518,1785086258.5836697,1.5343385555555558,1.4910385555555552,1.5,1.5,0.03548864443977622,2.158,2.195,2.135,2.097
ds_3,16522,1785086258.644467,1.5228834999999998,1.508959666666667,1.5,1.5,0.02457499133321871,2.169,2.208,2.189,2.071
ds_3,16526,1785086258.7017534,1.5250633333333334,1.4872419999999997,1.5,1.5,0.028123606485971706,2.134,2.208,2.156,2.058
ds_3,16530,1785086258.7750316,1.518169222222222,1.4801572222222223,1.5,1.5,0.026904580764225906,2.138,2.219,2.167,2.085
ds_3,16534,1785086258.835297,1.5451533333333332,1.5001413333333335,1.5,1.5,0.04515355452477918,2.167,2.209,2.147,2.059
ds_3,16538,1785086258.9043412,1.5043711666666666,1.4941371666666665,1.5,1.5,0.007312996152208979,2.143,2.2,2.186,2.095
ds_3,16542,1785086258.9720592,1.547354944444444,1.4916711111111112,1.5,1.5,0.048081817285329835,2.162,2.208,2.131,2.071
ds_3,16546,1785086259.0249481,1.536319888888889,1.4813718888888892,1.5,1.5,0.04081838865596153,2.154,2.207,2.131,2.101
ds_3,16550,1785086259.0993767,1.5518595000000002,1.500822333333333,1.5,1.5,0.05186601943817482,2.163,2.192,2.121,2.057
ds_3,16554,1785086259.1580243,1.5463843888888889,1.4881048888888888,1.5,1.5,0.04788533388148564,2.159,2.199,2.118,2.086
ds_3,16558,1785086259.2264748,1.5380616111111107,1.5018949444444447,1.5,1.5,0.038108752994829936,2.155,2.195,2.145,2.054
ds_3,16562,1785086259.285884,1.5113316666666665,1.4931524999999999,1.5,1.5,0.013239899006202527,2.14,2.194,2.169,2.088
ds_3,16566,1785086259.3466258,1.508312222222222,1.4670157222222222,1.5,1.5,0.03401552026345045,2.125,2.202,2.145,2.128
ds_3,16570,1785086259.4178593,1.5296441666666671,1.4946681666666664,1.5,1.5,0.030119845020444357,2.152,2.21,2.162,2.065
ds_3,16574,1785086259.4786549,1.5088872777777782,1.4797406111111107,1.5,1.5,0.02212298678864685,2.132,2.206,2.166,2.101
ds_3,16578,1785086259.5487063,1.5222555000000004,1.4844341666666667,1.5,1.5,0.027158837375910044,2.148,2.208,2.156,2.099
ds_3,16582,1785086259.607462,1.5499393333333338,1.4943581666666659,1.5,1.5,0.050257012417561614,2.165,2.204,2.127,2.07
ds_3,16586,1785086259.6649566,1.5442066111111112,1.483222611111111,1.5,1.5,0.04728324485330968,2.16,2.22,2.136,2.083
ds_3,16590,1785086259.73905,1.5533330000000003,1.4845371666666667,1.5,1.5,0.05552934452786631,2.16,2.22,2.125,2.066
ds_3,16594,1785086259.8012602,1.5349758333333328,1.484319166666667,1.5,1.5,0.038330111549392025,2.145,2.206,2.136,2.077
ds_3,16598,1785086259.8698304,1.527171555555555,1.4856660555555556,1.5,1.5,0.030720602120483026,2.146,2.213,2.156,2.079
ds_3,16602,1785086259.9296372,1.5411056111111112,1.4918509444444448,1.5,1.5,0.04190558878318542,2.155,2.207,2.139,2.066
ds_3,16606,1785086259.9866626,1.5237982222222228,1.469885722222222,1.5,1.5,0.038382614645376616,2.115,2.194,2.119,2.086
ds_3,16610,1785086260.061459,1.5188745000000003,1.4832759999999994,1.5,1.5,0.025217829530909956,2.14,2.204,2.155,2.095
ds_3,16614,1785086260.128543,1.547222277777778,1.4916924444444442,1.5,1.5,0.047947460806911056,2.156,2.202,2.125,2.065
ds_3,16618,1785086260.188644,1.5291671666666666,1.4921496666666665,1.5,1.5,0.030205154275480144,2.146,2.203,2.152,2.068
ds_3,16622,1785086260.2524738,1.537841888888889,1.486331388888889,1.5,1.5,0.04023480439104689,2.138,2.212,2.141,2.046
ds_3,16626,1785086260.3055508,1.5412416111111114,1.5000591111111106,1.5,1.5,0.041241653472716154,2.17,2.196,2.139,2.085
ds_3,16630,1785086260.3824353,1.5286183333333334,1.4832058333333331,1.5,1.5,0.03318211923318894,2.146,2.194,2.131,2.104
ds_3,16634,1785086260.4506645,1.538720666666667,1.4873994999999995,1.5,1.5,0.04071931516321405,2.163,2.204,2.133,2.102
ds_3,16638,1785086260.509218,1.5178987222222216,1.4809492222222225,1.5,1.5,0.02613993862132254,2.132,2.199,2.148,2.092
ds_3,16642,1785086260.5756187,1.5284022222222224,1.4807282222222222,1.5,1.5,0.03432328139727546,2.124,2.2,2.134,2.06
ds_3,16646,1785086260.6301525,1.5420087222222219,1.4899287222222224,1.5,1.5,0.04319911317169547,2.151,2.206,2.134,2.063
ds_3,16650,1785086260.7023895,1.5254752777777778,1.4819552777777776,1.5,1.5,0.031218612684296324,2.136,2.206,2.146,2.079
ds_3,16654,1785086260.7689917,1.5164979444444442,1.4760099444444446,1.5,1.5,0.02911537285439779,2.124,2.197,2.141,2.094
ds_3,16658,1785086260.8334653,1.522297777777778,1.5019231111111107,1.5,1.5,0.02238055518017474,2.159,2.197,2.169,2.083
ds_3,16662,1785086260.8939042,1.5091471111111117,1.4828551111111108,1.5,1.5,0.019432366214421213,2.145,2.209,2.173,2.115
ds_3,16666,1785086260.951234,1.5246124444444447,1.5173057777777774,1.5,1.5,0.030087578267861466,2.179,2.197,2.187,2.077
ds_3,16670,1785086261.02602,1.5072742222222222,1.4767542222222219,1.5,1.5,0.02435734988524234,2.131,2.201,2.159,2.115
ds_3,16674,1785086261.08869,1.5235400555555558,1.4823005555555553,1.5,1.5,0.029451732533089452,2.132,2.199,2.142,2.08
ds_3,16678,1785086261.1531434,1.5275951111111108,1.4927951111111113,1.5,1.5,0.028520178490601743,2.151,2.199,2.151,2.083
ds_3,16682,1785086261.2163508,1.513809888888889,1.5014083888888887,1.5,1.5,0.013881519743378326,2.165,2.197,2.18,2.109
ds_3,16686,1785086261.2719822,1.5391321666666664,1.4985508333333333,1.5,1.5,0.03915899069250299,2.158,2.202,2.146,2.061
ds_3,16690,1785086261.3463156,1.5413047777777775,1.498736277777778,1.5,1.5,0.041324105085609804,2.16,2.194,2.135,2.07
ds_3,16694,1785086261.4070258,1.5364464999999996,1.4843664999999997,1.5,1.5,0.03965795865270905,2.149,2.206,2.134,2.083
ds_3,16698,1785086261.4779258,1.5307290555555553,1.5023955555555555,1.5,1.5,0.030822289690354856,2.167,2.199,2.16,2.084
ds_3,16702,1785086261.540778,1.5210721666666667,1.491244666666667,1.5,1.5,0.0228186780906684,2.141,2.203,2.162,2.072
ds_3,16706,1785086261.5942593,1.5232666666666665,1.4956533333333335,1.5,1.5,0.023669205497626696,2.151,2.199,2.161,2.081
ds_3,16710,1785086261.6674948,1.5377304444444448,1.508717111111111,1.5,1.5,0.0387243394275331,2.18,2.196,2.156,2.086
ds_3,16714,1785086261.728486,1.518238,1.5000088333333332,1.5,1.5,0.018238002139153754,2.143,2.2,2.175,2.058
ds_3,16718,1785086261.7996755,1.530652055555555,1.5132120555555555,1.5,1.5,0.033378240243966004,2.175,2.192,2.168,2.077
ds_3,16722,1785086261.85855,1.5131537777777784,1.4883904444444442,1.5,1.5,0.017544333843857163,2.128,2.202,2.168,2.066
ds_3,16726,1785086261.916195,1.5379693333333337,1.5088093333333328,1.5,1.5,0.038977873563799975,2.173,2.207,2.167,2.059
ds_3,16730,1785086261.9953172,1.5258592777777777,1.4882806111111107,1.5,1.5,0.02839095495254242,2.138,2.194,2.142,2.077
ds_3,16734,1785086262.051575,1.525007,1.5060443333333333,1.5,1.5,0.025727106608486785,2.16,2.201,2.175,2.065
ds_3,16738,1785086262.119914,1.550352333333333,1.4825156666666668,1.5,1.5,0.05330158894650511,2.151,2.212,2.118,2.066
ds_3,16742,1785086262.1806726,1.5363582777777778,1.4944629444444442,1.5,1.5,0.036777484242282825,2.155,2.196,2.138,2.077
ds_3,16746,1785086262.2367637,1.4948911666666669,1.4875911666666664,1.5,1.5,0.013419363722704136,2.129,2.195,2.185,2.104
ds_3,16750,1785086262.3112755,1.5199426666666667,1.4802051666666662,1.5,1.5,0.028098850162813407,2.122,2.195,2.14,2.075
ds_3,16754,1785086262.372251,1.5366143333333335,1.5017983333333331,1.5,1.5,0.036658469801973945,2.165,2.2,2.152,2.072
ds_3,16758,1785086262.4377744,1.5278999999999998,1.4834005000000001,1.5,1.5,0.03246464846952737,2.162,2.219,2.158,2.111
ds_3,16762,1785086262.503305,1.5000213333333334,1.4811106666666667,1.5,1.5,0.018889345380104842,2.121,2.195,2.169,2.099
ds_3,16766,1785086262.5676155,1.5340480555555556,1.4720993888888887,1.5,1.5,0.04401947509327736,2.133,2.204,2.118,2.091
ds_3,16770,1785086262.6373062,1.5300163333333332,1.4858218333333333,1.5,1.5,0.033196395539358624,2.146,2.204,2.143,2.084
ds_3,16778,1785086262.7637906,1.5431460555555556,1.4911380555555556,1.5,1.5,0.04404674981584352,2.163,2.203,2.131,2.086
ds_3,16786,1785086262.8814373,1.5054486111111107,1.4792766111111115,1.5,1.5,0.021427697264993863,2.112,2.199,2.163,2.074
ds_3,16790,1785086262.9534562,1.5076453333333337,1.4762768333333331,1.5,1.5,0.02492468171255627,2.117,2.21,2.167,2.078
ds_3,16794,1785086263.0152185,1.5379176666666667,1.4960803333333335,1.5,1.5,0.0381197223523759,2.152,2.193,2.135,2.067
ds_3,16798,1785086263.0823298,1.537949888888889,1.4967103888888884,1.5,1.5,0.03809219878060816,2.155,2.199,2.142,2.065
ds_3,16802,1785086263.1446269,1.5092173888888887,1.4787673888888886,1.5,1.5,0.023147009148585487,2.107,2.196,2.154,2.063
ds_3,16806,1785086263.202495,1.5131328888888889,1.498512888888889,1.5,1.5,0.01321681769658227,2.149,2.203,2.183,2.079
ds_3,16810,1785086263.2763174,1.5280904444444443,1.496263777777778,1.5,1.5,0.028337826761772628,2.156,2.192,2.148,2.09
ds_3,16814,1785086263.3357677,1.531531555555556,1.4773690555555548,1.5,1.5,0.03881235167057879,2.145,2.204,2.129,2.104
ds_3,16818,1785086263.405068,1.5151431111111113,1.4933331111111106,1.5,1.5,0.016545731219268035,2.142,2.196,2.166,2.084
ds_3,16822,1785086263.4669566,1.5353656111111111,1.4941261111111113,1.5,1.5,0.03585009093351589,2.152,2.199,2.142,2.07
ds_3,16826,1785086263.5227208,1.5246321111111112,1.487733611111111,1.5,1.5,0.027517361686098946,2.134,2.196,2.145,2.07
ds_3,16830,1785086263.596764,1.530178833333333,1.4809241666666666,1.5,1.5,0.03570223240530215,2.134,2.207,2.139,2.07
ds_3,16834,1785086263.6569738,1.5190783333333333,1.4821118333333334,1.5,1.5,0.02615280691383276,2.134,2.2,2.149,2.09
ds_3,16838,1785086263.728352,1.5400555555555553,1.4920735555555558,1.5,1.5,0.04083229178475092,2.162,2.214,2.148,2.074
ds_3,16842,1785086263.7891781,1.5408191111111116,1.5110462777777771,1.5,1.5,0.04228735135528218,2.174,2.199,2.158,2.059
ds_3,16846,1785086263.848117,1.5404625555555556,1.4946300555555558,1.5,1.5,0.04081733339431713,2.162,2.214,2.151,2.066
ds_3,16850,1785086263.9171307,1.5011811666666666,1.4777358333333332,1.5,1.5,0.022295476493126562,2.121,2.214,2.182,2.087
ds_3,16854,1785086263.9790335,1.5061019999999996,1.484192,1.5,1.5,0.01694483012602949,2.126,2.206,2.176,2.08
ds_3,16858,1785086264.0464408,1.5087078333333328,1.4905203333333334,1.5,1.5,0.012872079920207568,2.134,2.195,2.17,2.086
ds_3,16862,1785086264.108283,1.494453666666667,1.469758333333333,1.5,1.5,0.03074606017398384,2.121,2.196,2.162,2.138
ds_3,16866,1785086264.1655052,1.5271303333333328,1.4988488333333336,1.5,1.5,0.027154744916352894,2.159,2.195,2.156,2.087
ds_3,16870,1785086264.240318,1.530339,1.4941556666666662,1.5,1.5,0.03089678224526156,2.147,2.196,2.146,2.07
ds_3,16874,1785086264.3010263,1.5275852777777776,1.4985319444444445,1.5,1.5,0.02762431423929561,2.146,2.199,2.159,2.056
ds_3,16878,1785086264.3687453,1.542701611111111,1.500786944444445,1.5,1.5,0.04270886176243983,2.173,2.197,2.139,2.086
ds_3,16882,1785086264.4367256,1.5229263333333332,1.494566833333333,1.5,1.5,0.02356132551744243,2.159,2.201,2.162,2.099
ds_3,16886,1785086264.487946,1.5371301111111115,1.488011444444444,1.5,1.5,0.039017568035849416,2.152,2.201,2.133,2.083
ds_3,16890,1785086264.5607803,1.5150012777777782,1.4793374444444438,1.5,1.5,0.025533889971026867,2.125,2.208,2.159,2.077
ds_3,16894,1785086264.6266725,1.5249761666666672,1.4945121666666665,1.5,1.5,0.025571961521470853,2.152,2.197,2.155,2.086
ds_3,16898,1785086264.6883063,1.5399181666666664,1.4906408333333336,1.5,1.5,0.04100065890595165,2.166,2.208,2.14,2.093
ds_3,16902,1785086264.749876,1.5203795555555555,1.4870142222222225,1.5,1.5,0.024165196236235975,2.133,2.199,2.153,2.073
ds_3,16906,1785086264.8070564,1.5306491666666666,1.4758278333333337,1.5,1.5,0.03903415246578568,2.127,2.202,2.126,2.075
ds_3,16910,1785086264.8825629,1.5164344999999997,1.4852236666666672,1.5,1.5,0.022100516216318405,2.136,2.199,2.156,2.09
ds_3,16914,1785086264.9450603,1.5365263888888885,1.501758388888889,1.5,1.5,0.03656868902144134,2.172,2.197,2.149,2.09
ds_3,16918,1785086265.0122826,1.5374893333333335,1.5106211666666671,1.5,1.5,0.03896484691537887,2.172,2.197,2.16,2.063
ds_3,16922,1785086265.077249,1.5169707222222226,1.475522222222222,1.5,1.5,0.029785349044154665,2.124,2.21,2.153,2.081
ds_3,16926,1785086265.1306236,1.5182711666666664,1.491403,1.5,1.5,0.02019267046136049,2.142,2.197,2.16,2.084
ds_3,16930,1785086265.2027555,1.524799666666667,1.4790511666666664,1.5,1.5,0.03246347308600213,2.134,2.21,2.147,2.08
ds_3,16934,1785086265.2674208,1.5418482777777776,1.4991617777777775,1.5,1.5,0.04185667174370005,2.154,2.2,2.141,2.049
ds_3,16938,1785086265.3338494,1.5074766111111106,1.4799772777777782,1.5,1.5,0.021373093339407786,2.132,2.19,2.152,2.119
ds_3,16942,1785086265.397294,1.5216453333333335,1.5084993333333332,1.5,1.5,0.02325422805044768,2.162,2.2,2.182,2.068
ds_3,16946,1785086265.4504938,1.540960333333334,1.4989103333333327,1.5,1.5,0.040974824956578795,2.167,2.204,2.146,2.074
ds_3,16950,1785086265.5249147,1.4960218888888888,1.461173888888889,1.5,1.5,0.039029377038644675,2.107,2.202,2.154,2.126
ds_3,16954,1785086265.596715,1.524606222222222,1.500631722222222,1.5,1.5,0.024614330074479482,2.153,2.196,2.163,2.072
ds_3,16958,1785086265.6552818,1.5401416111111108,1.5031921111111117,1.5,1.5,0.04026833142733056,2.166,2.199,2.148,2.066
ds_3,16962,1785086265.7175367,1.521484,1.4743698333333337,1.5,1.5,0.03344350010631504,2.124,2.207,2.142,2.081
ds_3,16966,1785086265.7719972,1.5268731666666673,1.4799973333333332,1.5,1.5,0.03350035463203729,2.132,2.196,2.131,2.085
ds_3,16970,1785086265.846197,1.5177559999999994,1.4936605000000005,1.5,1.5,0.018853774058526684,2.134,2.207,2.174,2.051
ds_3,16974,1785086265.9082227,1.5264857222222223,1.478525722222222,1.5,1.5,0.03409747919876038,2.136,2.213,2.147,2.08
ds_3,16978,1785086265.9742541,1.5477808333333336,1.505730833333333,1.5,1.5,0.04812328422626873,2.174,2.204,2.146,2.059
ds_3,16982,1785086266.0410044,1.517690388888889,1.495890388888889,1.5,1.5,0.018161463666915637,2.142,2.195,2.165,2.074
ds_3,16986,1785086266.0926468,1.5342244444444448,1.5066364444444442,1.5,1.5,0.03486194189076514,2.169,2.197,2.159,2.073
ds_3,16990,1785086266.169981,1.5250424999999999,1.4830891666666675,1.5,1.5,0.03021759570643806,2.141,2.199,2.141,2.094
ds_3,16994,1785086266.2300239,1.5345083888888886,1.4968257222222225,1.5,1.5,0.03465407541858914,2.16,2.2,2.148,2.079
ds_3,16998,1785086266.310759,1.5197199999999995,1.5022480000000002,1.5,1.5,0.01984771785369749,2.148,2.196,2.172,2.064
ds_3,17002,1785086266.3586779,1.5130652777777776,1.4817971111111112,1.5,1.5,0.02240639746393244,2.125,2.203,2.16,2.078
ds_3,17006,1785086266.4160264,1.5271604444444447,1.4801329444444444,1.5,1.5,0.03365099759096743,2.136,2.203,2.138,2.085
ds_3,17010,1785086266.4947553,1.5478887222222217,1.5002367222222226,1.5,1.5,0.04788930729805567,2.173,2.199,2.133,2.078
ds_3,17014,1785086266.5493555,1.5179458333333333,1.481629166666666,1.5,1.5,0.025681519647188115,2.139,2.204,2.154,2.099
ds_3,17018,1785086266.6179097,1.521332555555555,1.4972810555555558,1.5,1.5,0.021505129281704293,2.153,2.203,2.17,2.079
ds_3,17022,1785086266.679776,1.557597222222222,1.5036347222222224,1.5,1.5,0.057711794404166204,2.18,2.196,2.121,2.072
ds_3,17026,1785086266.7359102,1.5199603333333331,1.501058333333333,1.5,1.5,0.01998837102472869,2.159,2.194,2.168,2.092
ds_3,17030,1785086266.8092213,1.5290401111111114,1.4896741111111107,1.5,1.5,0.030821291904970207,2.151,2.214,2.16,2.074
ds_3,17034,1785086266.8731155,1.5117355555555558,1.4964440555555552,1.5,1.5,0.012262463255378811,2.142,2.195,2.174,2.081
ds_3,17038,1785086266.9385748,1.5054370555555558,1.4843395555555554,1.5,1.5,0.016577427222332665,2.125,2.197,2.168,2.088
ds_3,17042,1785086267.0006862,1.5402210000000003,1.4934101666666664,1.5,1.5,0.04075726615416125,2.147,2.193,2.128,2.061
ds_3,17046,1785086267.0575657,1.5259128888888889,1.497631388888889,1.5,1.5,0.026020917146856656,2.142,2.195,2.156,2.057
ds_3,17050,1785086267.1331394,1.5274825555555556,1.4756425555555552,1.5,1.5,0.03672296229511464,2.117,2.196,2.124,2.066
ds_3,17054,1785086267.197468,1.5338051666666668,1.4855986666666663,1.5,1.5,0.03674490026029336,2.132,2.192,2.125,2.063
ds_3,17058,1785086267.2646441,1.5442857222222224,1.4827882222222217,1.5,1.5,0.04751284549482869,2.167,2.213,2.128,2.106
ds_3,17062,1785086267.322131,1.5315716666666666,1.4785371666666665,1.5,1.5,0.03817621446405546,2.146,2.216,2.143,2.09
ds_3,17066,1785086267.3793423,1.5234943333333335,1.467048333333333,1.5,1.5,0.04046969279459525,2.125,2.21,2.132,2.098
ds_3,17070,1785086267.4565434,1.5307146666666667,1.4755640000000003,1.5,1.5,0.03924931648378643,2.151,2.215,2.139,2.111
ds_3,17074,1785086267.5153635,1.5310988888888895,1.4875388888888883,1.5,1.5,0.03350253990740051,2.158,2.208,2.148,2.098
ds_3,17078,1785086267.5819087,1.521449722222222,1.4939123888888888,1.5,1.5,0.022296851626420543,2.136,2.193,2.155,2.064
ds_3,17082,1785086267.6426008,1.5315290000000001,1.4873548333333328,1.5,1.5,0.03397025288436633,2.155,2.203,2.142,2.097
ds_3,17086,1785086267.7088356,1.516669333333333,1.497035833333334,1.5,1.5,0.016930828621350456,2.156,2.195,2.168,2.101
ds_3,17090,1785086267.775419,1.5248308333333334,1.493677333333333,1.5,1.5,0.025623161354633037,2.141,2.195,2.152,2.068
ds_3,17094,1785086267.8347154,1.5311640555555555,1.4798665555555552,1.5,1.5,0.0371019398935863,2.136,2.203,2.132,2.08
ds_3,17098,1785086267.9096978,1.5207905555555552,1.4989805555555558,1.5,1.5,0.02081553427812833,2.149,2.196,2.166,2.074
ds_3,17102,1785086267.968299,1.5470396666666666,1.5029875000000001,1.5,1.5,0.047134439599523244,2.169,2.197,2.136,2.065
ds_3,17106,1785086268.0236242,1.5083933888888885,1.4844298888888887,1.5,1.5,0.017688339013385863,2.138,2.195,2.162,2.112
ds_3,17110,1785086268.0996819,1.5242289444444446,1.5053182777777778,1.5,1.5,0.024805761980104275,2.153,2.195,2.169,2.06
ds_3,17114,1785086268.159515,1.5281366666666665,1.5054808333333332,1.5,1.5,0.02866551142294301,2.175,2.208,2.177,2.086
ds_3,17118,1785086268.2259498,1.5322721111111113,1.4954246111111105,1.5,1.5,0.032594836079546184,2.151,2.193,2.142,2.075
ds_3,17122,1785086268.2857695,1.5406365000000002,1.4916311666666664,1.5,1.5,0.04148930589454505,2.155,2.196,2.128,2.079
ds_3,17126,1785086268.350564,1.5050184444444445,1.4969866111111112,1.5,1.5,0.005853656740675424,2.141,2.196,2.185,2.086
ds_3,17130,1785086268.4184823,1.5435472777777777,1.4949387777777774,1.5,1.5,0.04384040798438866,2.163,2.21,2.143,2.067
ds_3,17134,1785086268.4823465,1.5373849444444443,1.5032551111111114,1.5,1.5,0.03752638830822742,2.17,2.202,2.155,2.075
ds_3,17138,1785086268.5465107,1.5399772222222226,1.5007012222222218,1.5,1.5,0.039983371658852164,2.168,2.209,2.155,2.067
ds_3,17142,1785086268.6093934,1.5358153888888892,1.5022353888888889,1.5,1.5,0.03588508108876081,2.165,2.213,2.167,2.058
ds_3,17146,1785086268.6645963,1.553476166666667,1.4934809999999998,1.5,1.5,0.053872049917941194,2.165,2.21,2.127,2.061
ds_3,17150,1785086268.7499847,1.5326688333333336,1.500680833333333,1.5,1.5,0.03267592700121766,2.168,2.203,2.159,2.084
ds_3,17154,1785086268.8042748,1.5275939444444444,1.4899632777777776,1.5,1.5,0.029362587811177975,2.132,2.197,2.145,2.054
ds_3,17158,1785086268.867191,1.5228779444444445,1.4987824444444446,1.5,1.5,0.022910320458997317,2.151,2.207,2.174,2.064
ds_3,17162,1785086268.931312,1.5112106666666667,1.4995146666666666,1.5,1.5,0.011221167299151923,2.149,2.201,2.185,2.081
ds_3,17166,1785086268.991284,1.5084636111111112,1.4765929444444439,1.5,1.5,0.02489021821561664,2.131,2.195,2.151,2.12
ds_3,17170,1785086269.0603933,1.5009995000000003,1.4626009999999996,1.5,1.5,0.03741235359142794,2.107,2.2,2.147,2.117
ds_3,17174,1785086269.124074,1.5160364444444445,1.4855864444444444,1.5,1.5,0.021561960350878172,2.122,2.196,2.154,2.064
ds_3,17178,1785086269.190753,1.5265798888888888,1.4904465555555553,1.5,1.5,0.028244624162816694,2.142,2.193,2.143,2.079
ds_3,17182,1785086269.2519436,1.5115209999999997,1.4746225000000002,1.5,1.5,0.027870252012674443,2.118,2.196,2.145,2.094
ds_3,17186,1785086269.3096814,1.5287724444444448,1.4858106111111105,1.5,1.5,0.0320810273580633,2.159,2.214,2.155,2.102
ds_3,17190,1785086269.3863256,1.5389098333333333,1.4803333333333335,1.5,1.5,0.04359762502482844,2.152,2.21,2.129,2.093
ds_3,17194,1785086269.4449666,1.5139649444444445,1.4964929444444444,1.5,1.5,0.014398580207998822,2.149,2.196,2.172,2.091
ds_3,17198,1785086269.5099974,1.5201106666666668,1.4701431666666667,1.5,1.5,0.03599818621086664,2.12,2.207,2.138,2.087
ds_3,17202,1785086269.5703347,1.5117045555555557,1.4906263888888889,1.5,1.5,0.014995372820154762,2.127,2.195,2.166,2.067
ds_3,17206,1785086269.631222,1.5249949999999999,1.4960216666666668,1.5,1.5,0.02530962585877365,2.14,2.193,2.153,2.061
ds_3,17210,1785086269.7037516,1.507078,1.4809420000000002,1.5,1.5,0.02032991510065871,2.112,2.196,2.16,2.07
ds_3,17214,1785086269.7656856,1.5213438888888888,1.4778838888888888,1.5,1.5,0.030735711535284968,2.118,2.203,2.143,2.063
ds_3,17218,1785086269.832316,1.5188996666666668,1.4963161666666664,1.5,1.5,0.019255337653203954,2.147,2.201,2.17,2.075
ds_3,17222,1785086269.8962257,1.517963222222222,1.4925357222222222,1.5,1.5,0.019452321078697897,2.139,2.197,2.162,2.075
ds_3,17226,1785086269.9510741,1.5496797222222225,1.503578388888889,1.5,1.5,0.04980842967929537,2.172,2.193,2.129,2.07
ds_3,17230,1785086270.0257065,1.517558888888889,1.4818950555555555,1.5,1.5,0.025221094194121906,2.127,2.208,2.159,2.07
ds_3,17234,1785086270.0879798,1.513533444444444,1.4960614444444444,1.5,1.5,0.014094904696203088,2.135,2.196,2.172,2.064
ds_3,17238,1785086270.1538208,1.5250705,1.4952976666666664,1.5,1.5,0.025507683333219032,2.16,2.199,2.158,2.098
ds_3,17242,1785086270.21732,1.5297939444444442,1.495089944444445,1.5,1.5,0.030195823736359005,2.158,2.193,2.145,2.094
ds_3,17246,1785086270.2746425,1.5198681666666667,1.4806461666666666,1.5,1.5,0.027736526664110132,2.14,2.206,2.152,2.099
ds_3,17250,1785086270.346075,1.5202977777777777,1.4905249444444442,1.5,1.5,0.02240036741879288,2.134,2.199,2.158,2.065
ds_3,17254,1785086270.4100537,1.5288862222222224,1.5048567222222222,1.5,1.5,0.029291664087508593,2.162,2.201,2.168,2.067
ds_3,17258,1785086270.475185,1.5171169999999996,1.4815348333333336,1.5,1.5,0.025178444531538384,2.127,2.203,2.154,2.077
ds_3,17262,1785086270.5374265,1.5269890000000002,1.4929061666666665,1.5,1.5,0.027905708956432573,2.143,2.199,2.152,2.067
ds_3,17266,1785086270.5931497,1.5101877222222226,1.478199722222222,1.5,1.5,0.02406328729133755,2.112,2.203,2.159,2.066
ds_3,17270,1785086270.6675713,1.5275465555555552,1.481210555555556,1.5,1.5,0.03334450397750938,2.131,2.204,2.14,2.07
ds_3,17274,1785086270.7257478,1.5284333333333333,1.48648,1.5,1.5,0.031484041107272785,2.135,2.199,2.141,2.067
ds_3,17278,1785086270.7969575,1.521278888888889,1.4973043888888884,1.5,1.5,0.021448949429005493,2.147,2.196,2.163,2.074
ds_3,17282,1785086270.8592248,1.534916388888889,1.4852018888888887,1.5,1.5,0.03792279400963132,2.143,2.196,2.127,2.081
ds_3,17286,1785086270.9168472,1.5161636111111112,1.4936214444444444,1.5,1.5,0.01737665949273755,2.132,2.197,2.166,2.06
ds_3,17290,1785086270.996057,1.5056525555555549,1.481689055555556,1.5,1.5,0.019163561014491806,2.113,2.195,2.162,2.073
ds_3,17294,1785086271.0536127,1.5122091666666666,1.4830624999999997,1.5,1.5,0.02087923985552281,2.139,2.206,2.166,2.101
ds_3,17298,1785086271.1171205,1.5324758333333328,1.4806838333333334,1.5,1.5,0.03778616208863837,2.131,2.194,2.122,2.075
ds_3,17302,1785086271.1809201,1.5274358333333335,1.4869478333333332,1.5,1.5,0.030382297565998903,2.149,2.197,2.141,2.098
ds_3,17306,1785086271.2354865,1.5168472777777777,1.487047111111111,1.5,1.5,0.021251072892668445,2.135,2.201,2.16,2.08
ds_3,17310,1785086271.3139699,1.5133351666666666,1.4987618333333335,1.5,1.5,0.013392525031606968,2.143,2.196,2.176,2.073
ds_3,17314,1785086271.3712082,1.554128388888889,1.5029018888888885,1.5,1.5,0.05420611997579482,2.181,2.2,2.129,2.077
ds_3,17318,1785086271.4411345,1.5378657222222223,1.5051432222222225,1.5,1.5,0.03821342243554825,2.173,2.204,2.159,2.073
ds_3,17322,1785086271.4996057,1.526152777777778,1.5014234444444443,1.5,1.5,0.02619148677681841,2.162,2.199,2.165,2.083
ds_3,17326,1785086271.557905,1.5423344444444442,1.496041111111111,1.5,1.5,0.0425191484822345,2.162,2.202,2.138,2.072
ds_3,17330,1785086271.6361556,1.5219386666666666,1.4850741666666667,1.5,1.5,0.02653461128046819,2.141,2.194,2.143,2.098
ds_3,17334,1785086271.6936176,1.5222251111111111,1.499589944444444,1.5,1.5,0.022228893572552776,2.155,2.206,2.175,2.072
ds_3,17338,1785086271.7583435,1.539217333333333,1.5036678333333333,1.5,1.5,0.039388478456762736,2.158,2.201,2.152,2.047
ds_3,17342,1785086271.8223948,1.4946229444444439,1.474989444444445,1.5,1.5,0.02558203697216163,2.106,2.195,2.168,2.094
ds_3,17346,1785086271.881153,1.539315944444444,1.4964721111111112,1.5,1.5,0.039473908947188774,2.165,2.208,2.149,2.075
ds_3,17350,1785086271.9557106,1.5382838333333335,1.4984546666666665,1.5,1.5,0.038315009458508166,2.162,2.2,2.145,2.073
ds_3,17354,1785086272.0161037,1.533020277777778,1.488907111111111,1.5,1.5,0.034833761330394016,2.146,2.2,2.139,2.075
ds_3,17358,1785086272.0807881,1.5260067777777784,1.5013114444444438,1.5,1.5,0.026039822904805048,2.153,2.196,2.162,2.068
ds_3,17362,1785086272.1440465,1.5210514444444443,1.474800777777778,1.5,1.5,0.0328354094508116,2.131,2.2,2.136,2.102
ds_3,17366,1785086272.2042015,1.5430520555555551,1.4924420555555555,1.5,1.5,0.04371043367188107,2.159,2.204,2.134,2.073
ds_3,17370,1785086272.2758954,1.5409062222222223,1.5011687222222219,1.5,1.5,0.04092291446276215,2.166,2.195,2.14,2.075
ds_3,17374,1785086272.3373551,1.5374380000000007,1.5083713333333328,1.5,1.5,0.03836252162955175,2.168,2.2,2.16,2.058
ds_3,17378,1785086272.4046981,1.5219231111111111,1.487123111111111,1.5,1.5,0.0254251267105381,2.143,2.199,2.151,2.091
ds_3,17382,1785086272.4702477,1.5275887777777775,1.4913054444444445,1.5,1.5,0.02892638856788433,2.149,2.202,2.152,2.08
ds_3,17386,1785086272.5248365,1.5376014999999994,1.5252170000000007,1.5,1.5,0.045274384493331224,2.185,2.194,2.177,2.051
ds_3,17390,1785086272.5967107,1.5194251111111108,1.5011792777777775,1.5,1.5,0.01946087453729044,2.159,2.202,2.177,2.084
ds_3,17394,1785086272.660209,1.530014666666667,1.4981146666666665,1.5,1.5,0.030073820789665348,2.161,2.197,2.153,2.087
ds_3,17398,1785086272.7272916,1.525225888888889,1.471723888888889,1.5,1.5,0.037893059124362936,2.117,2.206,2.132,2.07
ds_3,17402,1785086272.7936127,1.5342234444444445,1.5066861111111112,1.5,1.5,0.034870449257675205,2.168,2.193,2.155,2.075
ds_3,17406,1785086272.8479395,1.513525,1.500427,1.5,1.5,0.013531738764844679,2.141,2.192,2.174,2.068
ds_3,17410,1785086272.9217281,1.5150208333333328,1.481000666666667,1.5,1.5,0.024219828676909708,2.127,2.195,2.148,2.09
ds_3,17414,1785086272.9829388,1.5066568888888892,1.4804368888888884,1.5,1.5,0.020664691771829446,2.121,2.203,2.167,2.083
ds_3,17418,1785086273.050572,1.509089,1.4756163333333336,1.5,1.5,0.02602255024226285,2.115,2.206,2.16,2.078
ds_3,17422,1785086273.1108909,1.5209068333333333,1.4824730000000002,1.5,1.5,0.027281704657659715,2.155,2.202,2.149,2.127
ds_3,17426,1785086273.1705534,1.5365018333333331,1.5067563333333334,1.5,1.5,0.03712185174268036,2.176,2.197,2.156,2.084
ds_3,17430,1785086273.2410321,1.511690666666667,1.4576031666666667,1.5,1.5,0.04397912190807772,2.102,2.201,2.126,2.105
ds_3,17434,1785086273.301486,1.5294207777777777,1.4829781111111109,1.5,1.5,0.0339900995349391,2.134,2.209,2.145,2.063
ds_3,17438,1785086273.3690498,1.5303501111111117,1.4983767777777772,1.5,1.5,0.030393487704433435,2.155,2.202,2.158,2.068
ds_3,17442,1785086273.4369338,1.5458837222222221,1.5017095555555557,1.5,1.5,0.04591555885714094,2.169,2.203,2.142,2.064
ds_3,17446,1785086273.485671,1.5141207222222224,1.4742182222222218,1.5,1.5,0.02939549049531075,2.118,2.204,2.149,2.083
ds_3,17450,1785086273.5644433,1.523644,1.4909664999999999,1.5,1.5,0.025310923694128636,2.138,2.201,2.156,2.065
ds_3,17454,1785086273.622571,1.5180990555555551,1.4948563888888893,1.5,1.5,0.018815752636166666,2.136,2.195,2.163,2.064
ds_3,17458,1785086273.693768,1.5378355000000006,1.4899854999999995,1.5,1.5,0.03913841170129485,2.154,2.208,2.142,2.073
ds_3,17462,1785086273.7501156,1.5283665,1.4905798333333333,1.5,1.5,0.02988976183039563,2.153,2.206,2.154,2.085
ds_3,17466,1785086273.8073828,1.5192966111111108,1.4731099444444447,1.5,1.5,0.03309734563608233,2.114,2.197,2.133,2.078
ds_3,17470,1785086273.8665,1.5336218888888886,1.4838843888888889,1.5,1.5,0.037284639383281436,2.133,2.197,2.128,2.065
ds_3,17474,1785086273.945939,1.5259431111111113,1.501935611111111,1.5,1.5,0.026015218709380873,2.152,2.199,2.166,2.061
ds_3,17478,1785086274.0114853,1.5093395000000003,1.4781286666666662,1.5,1.5,0.023781957068916833,2.121,2.199,2.156,2.09
ds_3,17482,1785086274.0728095,1.5160033888888886,1.475291388888889,1.5,1.5,0.02943847684526362,2.121,2.209,2.153,2.078
ds_3,17486,1785086274.127595,1.5281513888888891,1.4882488888888883,1.5,1.5,0.03050556193088669,2.136,2.204,2.149,2.059
ds_3,17490,1785086274.2038174,1.5385056666666663,1.4937416666666665,1.5,1.5,0.03901093566624019,2.156,2.197,2.135,2.077
ds_3,17494,1785086274.2703557,1.5005631111111108,1.4743911111111117,1.5,1.5,0.025615079235615994,2.107,2.199,2.163,2.085
ds_3,17498,1785086274.3320024,1.5280282777777776,1.4665591111111111,1.5,1.5,0.04363344365125531,2.132,2.212,2.127,2.105
ds_3,17502,1785086274.4001195,1.5216793888888884,1.4833515555555559,1.5,1.5,0.027334348446879098,2.136,2.196,2.143,2.091
ds_3,17506,1785086274.4542103,1.5204912222222218,1.478595888888889,1.5,1.5,0.02963150621580447,2.127,2.196,2.138,2.088
ds_3,17510,1785086274.5285177,1.5024978333333332,1.4827293333333333,1.5,1.5,0.01745036098400893,2.122,2.21,2.183,2.077
ds_3,17514,1785086274.6054769,1.541228944444445,1.5035462777777775,1.5,1.5,0.041381178645373114,2.173,2.2,2.148,2.077
ds_3,17518,1785086274.6644077,1.534343277777778,1.4868232777777777,1.5,1.5,0.036784327328948416,2.138,2.193,2.127,2.07
ds_3,17522,1785086274.7195835,1.5227234444444444,1.4821234444444447,1.5,1.5,0.02891238775941219,2.124,2.203,2.147,2.061
ds_3,17526,1785086274.773209,1.531564944444444,1.4825596111111115,1.5,1.5,0.03606262445214571,2.135,2.196,2.128,2.077
ds_3,17530,1785086274.8469625,1.516464166666667,1.4822559999999998,1.5,1.5,0.02420574973075187,2.135,2.207,2.16,2.088
ds_3,17534,1785086274.9148676,1.5200585555555552,1.4807825555555558,1.5,1.5,0.02777869366890017,2.136,2.209,2.155,2.087
ds_3,17538,1785086274.9776044,1.5354855555555558,1.4858170555555552,1.5,1.5,0.038214925960946756,2.135,2.194,2.125,2.064
ds_3,17542,1785086275.0387573,1.503649166666667,1.4782216666666665,1.5,1.5,0.022081943305309343,2.122,2.197,2.162,2.102
ds_3,17546,1785086275.0942833,1.542830555555555,1.4952885555555555,1.5,1.5,0.0430889103824937,2.163,2.194,2.128,2.084
ds_3,17550,1785086275.1684155,1.5191555555555556,1.4783875555555555,1.5,1.5,0.02887963059850625,2.136,2.212,2.156,2.092
ds_3,17554,1785086275.2300482,1.551296611111111,1.5085904444444445,1.5,1.5,0.05201094161075772,2.185,2.201,2.142,2.072
ds_3,17558,1785086275.3004758,1.5288981111111106,1.5019929444444444,1.5,1.5,0.02896675082484636,2.158,2.2,2.163,2.068
ds_3,17562,1785086275.3602471,1.5037446111111112,1.4696304444444448,1.5,1.5,0.03059954275827356,2.107,2.201,2.154,2.092
ds_3,17566,1785086275.419817,1.5098847222222225,1.4742862222222215,1.5,1.5,0.027548250416595865,2.122,2.204,2.155,2.097
ds_3,17570,1785086275.4956725,1.5202893888888886,1.4759728888888888,1.5,1.5,0.031447756197068216,2.126,2.21,2.149,2.079
ds_3,17574,1785086275.5494294,1.544506166666667,1.5053741666666665,1.5,1.5,0.044829460611547134,2.174,2.201,2.147,2.068
ds_3,17578,1785086275.617369,1.523109611111111,1.4984369444444443,1.5,1.5,0.02316241067714116,2.159,2.194,2.16,2.095
ds_3,17582,1785086275.6794198,1.5260313333333333,1.4891668333333334,1.5,1.5,0.02819552828267072,2.135,2.194,2.143,2.068
ds_3,17586,1785086275.7367568,1.534231111111111,1.4816102777777775,1.5,1.5,0.038858086047973805,2.14,2.199,2.126,2.083
ds_3,17590,1785086275.8123636,1.5429642777777774,1.4967349444444442,1.5,1.5,0.04308816255941864,2.159,2.199,2.135,2.066
ds_3,17594,1785086275.8707337,1.5184037777777777,1.4885352777777783,1.5,1.5,0.021682686460089036,2.133,2.206,2.165,2.064
ds_3,17598,1785086275.9430826,1.5058936111111108,1.4869829444444447,1.5,1.5,0.01428910029586964,2.129,2.195,2.169,2.09
ds_3,17602,1785086276.0002146,1.5319473888888893,1.4993448888888885,1.5,1.5,0.031954105016192,2.152,2.196,2.151,2.063
ds_3,17606,1785086276.0571003,1.5249477222222225,1.507491722222222,1.5,1.5,0.02604831560642856,2.168,2.194,2.17,2.085
ds_3,17610,1785086276.1318424,1.517712722222222,1.491600722222222,1.5,1.5,0.019603275127127878,2.135,2.194,2.158,2.073
ds_3,17614,1785086276.1926346,1.545688,1.4960425000000002,1.5,1.5,0.04585907925645689,2.166,2.193,2.124,2.085
ds_3,17618,1785086276.2608585,1.5267955,1.489829,1.5,1.5,0.028660915220034357,2.141,2.2,2.149,2.071
ds_3,17622,1785086276.3223681,1.5495141666666667,1.4987174999999993,1.5,1.5,0.049530773332792356,2.162,2.212,2.142,2.043
ds_3,17626,1785086276.3799083,1.5341799999999999,1.5123399999999996,1.5,1.5,0.03633934506839633,2.175,2.199,2.169,2.067
ds_3,17630,1785086276.455573,1.5240948333333335,1.489965,1.5,1.5,0.02610100033257576,2.151,2.202,2.155,2.093
ds_3,17634,1785086276.5147142,1.509818111111111,1.493024277777778,1.5,1.5,0.012043919889791881,2.138,2.202,2.179,2.078
ds_3,17638,1785086276.5832295,1.5164406666666668,1.4873473333333334,1.5,1.5,0.02074573436208574,2.124,2.202,2.162,2.056
ds_3,17642,1785086276.6438863,1.534483111111111,1.4881684444444445,1.5,1.5,0.036456421365315385,2.165,2.203,2.139,2.111
ds_3,17646,1785086276.714094,1.5276263333333338,1.4804905,1.5,1.5,0.033820628079538534,2.136,2.208,2.143,2.078
ds_3,17650,1785086276.7791393,1.5550406111111108,1.506454444444445,1.5,1.5,0.055417765423832824,2.183,2.209,2.142,2.06
ds_3,17654,1785086276.8417008,1.5047199999999998,1.4812640000000004,1.5,1.5,0.019321389598059065,2.129,2.215,2.183,2.087
ds_3,17658,1785086276.9112027,1.5145272222222224,1.4991937222222218,1.5,1.5,0.014549579696636259,2.147,2.201,2.18,2.073
ds_3,17662,1785086276.9782014,1.5452639444444447,1.4918852777777776,1.5,1.5,0.045985577993688485,2.152,2.201,2.127,2.06
ds_3,17666,1785086277.038917,1.5447524444444447,1.4972324444444443,1.5,1.5,0.044837937592023536,2.167,2.193,2.127,2.085
ds_3,17670,1785086277.1012437,1.5251374444444445,1.4887541111111113,1.5,1.5,0.027538357432838393,2.141,2.208,2.158,2.068
ds_3,17674,1785086277.1584115,1.5270595555555555,1.4791875555555554,1.5,1.5,0.0341376242673284,2.127,2.209,2.143,2.063
ds_3,17678,1785086277.2245457,1.5027393888888887,1.476543388888889,1.5,1.5,0.02361602964730654,2.129,2.201,2.165,2.118
ds_3,17682,1785086277.2863958,1.516563833333333,1.4775398333333338,1.5,1.5,0.027907340636270806,2.141,2.195,2.141,2.126
ds_3,17686,1785086277.344349,1.5071790555555558,1.4970010555555553,1.5,1.5,0.0077802639062323434,2.136,2.188,2.174,2.081
ds_3,17690,1785086277.4176033,1.5065237222222223,1.4739512222222222,1.5,1.5,0.026853263774609747,2.109,2.194,2.149,2.087
ds_3,17694,1785086277.4829333,1.5310275555555557,1.4860155555555554,1.5,1.5,0.03403342313333838,2.151,2.209,2.147,2.087
ds_3,17698,1785086277.5475793,1.5431888888888887,1.4862693888888887,1.5,1.5,0.045318978418995154,2.148,2.201,2.122,2.071
ds_3,17702,1785086277.609507,1.5389735,1.5039974999999999,1.5,1.5,0.03917797478813828,2.18,2.21,2.162,2.083
ds_3,17706,1785086277.6653652,1.522299,1.4774523333333331,1.5,1.5,0.031711869593436505,2.118,2.201,2.139,2.065
ds_3,17710,1785086277.7379653,1.5440197222222223,1.489632222222222,1.5,1.5,0.045224183359912615,2.185,2.213,2.138,2.124
ds_3,17714,1785086277.8044496,1.5318894444444446,1.5027961111111112,1.5,1.5,0.03201179320689487,2.167,2.202,2.162,2.078
ds_3,17718,1785086277.8690686,1.5042174444444447,1.4764901111111108,1.5,1.5,0.02388517768847223,2.105,2.208,2.17,2.06
ds_3,17722,1785086277.9352808,1.508307833333333,1.4922771666666668,1.5,1.5,0.011342938304905082,2.147,2.197,2.175,2.106
ds_3,17726,1785086277.9920106,1.533244055555556,1.4990515555555555,1.5,1.5,0.03325758224292756,2.172,2.206,2.159,2.093
ds_3,17730,1785086278.061976,1.5275413888888887,1.4645678888888891,1.5,1.5,0.04487719465072554,2.124,2.215,2.128,2.092
ds_3,17734,1785086278.1254058,1.546922333333333,1.5001114999999998,1.5,1.5,0.046922465810040496,2.161,2.193,2.128,2.061
ds_3,17738,1785086278.1937528,1.5267868333333332,1.5006388333333336,1.5,1.5,0.0267944499487403,2.156,2.197,2.161,2.074
ds_3,17742,1785086278.255373,1.5406881666666667,1.4957174999999998,1.5,1.5,0.04091291621168616,2.162,2.207,2.145,2.07
ds_3,17746,1785086278.307429,1.5270700555555554,1.4966480555555555,1.5,1.5,0.027276793054527126,2.139,2.194,2.152,2.053
ds_3,17750,1785086278.3820999,1.5434258333333328,1.5043118333333338,1.5,1.5,0.04363937336155103,2.167,2.2,2.146,2.059
ds_3,17754,1785086278.445827,1.5420480555555556,1.5029160555555554,1.5,1.5,0.042149049289470025,2.167,2.201,2.147,2.064
ds_3,17758,1785086278.5116177,1.5042457222222219,1.4932682222222224,1.5,1.5,0.007958830896409867,2.133,2.203,2.188,2.074
ds_3,17762,1785086278.5721118,1.5394289999999997,1.4881315000000002,1.5,1.5,0.04117653862638254,2.149,2.203,2.132,2.071
ds_3,17766,1785086278.628318,1.5435167222222217,1.5087487222222222,1.5,1.5,0.04438744477312935,2.175,2.197,2.149,2.066
ds_3,17770,1785086278.7031798,1.5170559999999997,1.4931255000000003,1.5,1.5,0.018389287268678646,2.141,2.192,2.159,2.084
ds_3,17774,1785086278.7688122,1.5179854444444445,1.4938789444444445,1.5,1.5,0.01899851396763433,2.148,2.208,2.175,2.078
ds_3,17778,1785086278.8321197,1.5523343333333328,1.496522166666667,1.5,1.5,0.052449764252461915,2.169,2.213,2.136,2.059
ds_3,17782,1785086278.8959253,1.5230721111111107,1.5054721111111111,1.5,1.5,0.02371215534564046,2.163,2.212,2.188,2.064
ds_3,17786,1785086278.9512062,1.5066901111111108,1.480494111111111,1.5,1.5,0.02062128240494984,2.124,2.201,2.165,2.091
ds_3,17790,1785086279.0285807,1.5185193333333333,1.4809753333333333,1.5,1.5,0.02655002163631679,2.122,2.192,2.14,2.078
ds_3,17794,1785086279.0887554,1.533211,1.482554333333333,1.5,1.5,0.03751428803062188,2.135,2.206,2.136,2.064
ds_3,17798,1785086279.153842,1.5310845,1.4876845,1.5,1.5,0.03343527598958913,2.141,2.2,2.14,2.071
ds_3,17802,1785086279.2201195,1.5454243888888888,1.507672388888889,1.5,1.5,0.04606778328931564,2.176,2.204,2.152,2.061
ds_3,17806,1785086279.2725263,1.5215317222222227,1.4882277222222218,1.5,1.5,0.024539795963539064,2.132,2.195,2.149,2.07
ds_3,17810,1785086279.3487248,1.5308644444444446,1.481927111111111,1.5,1.5,0.03576651008491511,2.135,2.193,2.125,2.083
ds_3,17814,1785086279.4096823,1.5017602777777774,1.4762861111111116,1.5,1.5,0.023779131693345747,2.12,2.201,2.166,2.102
ds_3,17818,1785086279.4766216,1.532645444444445,1.4951014444444437,1.5,1.5,0.03301092076126051,2.145,2.192,2.14,2.064
ds_3,17822,1785086279.538685,1.5214503888888888,1.5002658888888885,1.5,1.5,0.021452036742132436,2.153,2.206,2.177,2.067
ds_3,17826,1785086279.592534,1.5106284444444447,1.4743617777777778,1.5,1.5,0.027753959537779403,2.129,2.201,2.151,2.113
ds_3,17830,1785086279.66737,1.5466258888888886,1.4975298888888888,1.5,1.5,0.04669127288455759,2.193,2.2,2.132,2.128
ds_3,17834,1785086279.7287948,1.521641611111111,1.4810789444444445,1.5,1.5,0.02874657674960589,2.129,2.201,2.145,2.078
ds_3,17838,1785086279.7977357,1.5241894999999999,1.497210333333333,1.5,1.5,0.024349828548905758,2.169,2.206,2.169,2.105
ds_3,17846,1785086279.9147205,1.5323010000000004,1.4826324999999998,1.5,1.5,0.03667403246508393,2.138,2.194,2.125,2.084
ds_3,17850,1785086279.9898896,1.5285074444444446,1.4880194444444443,1.5,1.5,0.030922614704659974,2.142,2.197,2.141,2.079
ds_3,17854,1785086280.0540998,1.529156111111111,1.4942441111111109,1.5,1.5,0.029718833624903313,2.163,2.206,2.158,2.094
ds_3,17858,1785086280.1198318,1.5251460000000001,1.5040775,1.5,1.5,0.025474444493452753,2.161,2.194,2.165,2.08
ds_3,17862,1785086280.179235,1.551562611111111,1.4946694444444444,1.5,1.5,0.05183741589939188,2.165,2.2,2.121,2.071
ds_3,17866,1785086280.237349,1.5178521666666671,1.4751460000000003,1.5,1.5,0.030600999504827385,2.115,2.201,2.142,2.072
ds_3,17870,1785086280.3117232,1.5285223333333333,1.503118166666667,1.5,1.5,0.028692271819061147,2.163,2.195,2.16,2.081
ds_3,17874,1785086280.373416,1.5138412777777777,1.497101111111111,1.5,1.5,0.014141588571010184,2.141,2.195,2.172,2.074
ds_3,17878,1785086280.4451728,1.5271770555555557,1.4988695555555556,1.5,1.5,0.027200556121368864,2.149,2.197,2.158,2.064
ds_3,17882,1785086280.506579,1.5173244444444443,1.4961882777777777,1.5,1.5,0.01773881624032501,2.138,2.201,2.172,2.059
ds_3,17886,1785086280.5702326,1.5161818888888887,1.5037973888888885,1.5,1.5,0.016621482797446015,2.166,2.194,2.177,2.104
ds_3,17890,1785086280.632563,1.5196779444444448,1.482422444444444,1.5,1.5,0.026385449718875603,2.131,2.217,2.166,2.064
ds_3,17894,1785086280.6937325,1.5541711111111112,1.5037944444444444,1.5,1.5,0.054303840450324756,2.174,2.194,2.124,2.066
ds_3,17898,1785086280.761024,1.531226611111111,1.4879666111111112,1.5,1.5,0.033464962119144785,2.152,2.193,2.133,2.1
ds_3,17902,1785086280.8220496,1.535594555555556,1.4814320555555553,1.5,1.5,0.04014649357153796,2.136,2.204,2.129,2.068
ds_3,17906,1785086280.880907,1.5328645555555556,1.4851905555555553,1.5,1.5,0.036047172657745166,2.147,2.2,2.134,2.088
ds_3,17910,1785086280.9547908,1.5216773333333338,1.5020708333333332,1.5,1.5,0.02177602193098885,2.149,2.192,2.165,2.068
ds_3,17914,1785086281.0145175,1.524556,1.4968919999999997,1.5,1.5,0.024751904977193234,2.147,2.203,2.165,2.063
ds_3,17918,1785086281.0751317,1.5263,1.4973,1.5,1.5,0.026438229895361737,2.165,2.195,2.155,2.105
ds_3,17922,1785086281.1437433,1.5089058888888884,1.490718388888889,1.5,1.5,0.01286324849014137,2.131,2.195,2.17,2.079
ds_3,17926,1785086281.2056382,1.5189038333333338,1.4683404999999994,1.5,1.5,0.03687382343810444,2.113,2.202,2.132,2.085
ds_3,17930,1785086281.275497,1.5326773888888887,1.4882998888888892,1.5,1.5,0.03470885109893449,2.154,2.213,2.152,2.08
ds_3,17934,1785086281.3404694,1.518895944444444,1.472645277777778,1.5,1.5,0.03324661703545849,2.122,2.2,2.136,2.093
ds_3,17938,1785086281.402819,1.5082613888888892,1.4864213888888889,1.5,1.5,0.015894314268953293,2.129,2.199,2.169,2.084
ds_3,17942,1785086281.47049,1.5349451666666665,1.5037630000000004,1.5,1.5,0.03514718825683074,2.166,2.197,2.154,2.074
ds_3,17946,1785086281.526255,1.5470337777777774,1.5044456111111115,1.5,1.5,0.047243409172080135,2.17,2.195,2.136,2.065
ds_3,17950,1785086281.597146,1.5163109444444443,1.5002656111111112,1.5,1.5,0.016313106936819012,2.155,2.199,2.177,2.086
ds_3,17954,1785086281.659641,1.5138435000000008,1.4956143333333327,1.5,1.5,0.014521589594845955,2.141,2.2,2.175,2.073
ds_3,17958,1785086281.7256503,1.5475964444444446,1.5063569444444447,1.5,1.5,0.048019082315500915,2.176,2.199,2.142,2.067
ds_3,17962,1785086281.7856085,1.5054482777777776,1.4829061111111115,1.5,1.5,0.01794114734596122,2.122,2.197,2.166,2.086
ds_3,17966,1785086281.8451703,1.5140359444444447,1.4957401111111104,1.5,1.5,0.014668142002081328,2.159,2.208,2.183,2.101
ds_3,17970,1785086281.920046,1.5333976666666667,1.4970476666666668,1.5,1.5,0.03352790495824169,2.165,2.206,2.156,2.084
ds_3,17974,1785086281.9829385,1.547636777777778,1.4999847777777777,1.5,1.5,0.04763678020989087,2.172,2.199,2.133,2.077
ds_3,17978,1785086282.0406685,1.5190840555555554,1.4951425555555555,1.5,1.5,0.01969253520952516,2.138,2.193,2.16,2.068
ds_3,17982,1785086282.1160984,1.5404215555555563,1.495719555555555,1.5,1.5,0.04064756275809046,2.16,2.194,2.132,2.08
ds_3,17986,1785086282.166254,1.527158888888889,1.4946163888888884,1.5,1.5,0.02768733490740307,2.155,2.192,2.147,2.094
ds_3,17990,1785086282.2467535,1.5145655,1.487722,1.5,1.5,0.01905001507217253,2.143,2.195,2.158,2.104
ds_3,17994,1785086282.3079004,1.5259641111111117,1.5034632777777772,1.5,1.5,0.026194071061142857,2.153,2.193,2.162,2.065
ds_3,17998,1785086282.3679504,1.5330745000000003,1.4837744999999998,1.5,1.5,0.036840051581126076,2.143,2.209,2.141,2.074
ds_3,18002,1785086282.435497,1.5324681111111114,1.487948277777778,1.5,1.5,0.03463267601045397,2.156,2.22,2.159,2.078
ds_3,18006,1785086282.488015,1.5035488333333331,1.4787628333333336,1.5,1.5,0.021531638722018895,2.114,2.204,2.17,2.077
ds_3,18010,1785086282.5638666,1.5044558333333335,1.4847683333333326,1.5,1.5,0.015870038441633143,2.126,2.201,2.174,2.086
ds_3,18014,1785086282.6264145,1.5445055555555556,1.4988830555555555,1.5,1.5,0.044519569182558574,2.179,2.204,2.141,2.094
ds_3,18018,1785086282.691694,1.5451790000000003,1.4989496666666662,1.5,1.5,0.04519120756420589,2.166,2.199,2.135,2.071
ds_3,18022,1785086282.7568774,1.531605388888889,1.5011553888888889,1.5,1.5,0.031626500443496346,2.161,2.196,2.154,2.077
ds_3,18026,1785086282.8094625,1.529436,1.4888359999999996,1.5,1.5,0.03148194708082729,2.143,2.203,2.147,2.071
ds_3,18030,1785086282.8829913,1.5257252222222222,1.4824852222222225,1.5,1.5,0.031121608232667602,2.139,2.192,2.132,2.098
ds_3,18034,1785086282.9497414,1.5187425,1.4825424999999999,1.5,1.5,0.02561338736871811,2.125,2.197,2.147,2.074
ds_3,18038,1785086283.019192,1.5157125555555553,1.4830350555555558,1.5,1.5,0.02312344572267483,2.131,2.201,2.156,2.085
ds_3,18042,1785086283.0789745,1.529573333333333,1.4732053333333337,1.5,1.5,0.039906593518141624,2.131,2.207,2.129,2.087
ds_3,18046,1785086283.1213784,1.5136374444444445,1.4853819444444443,1.5,1.5,0.01999168425122364,2.117,2.193,2.154,2.061
ds_3,18050,1785086283.2077425,1.4895866666666668,1.4749799999999997,1.5,1.5,0.027100514960257137,2.119,2.201,2.181,2.121
ds_3,18054,1785086283.2688453,1.5379355555555554,1.5002355555555555,1.5,1.5,0.037936286873235005,2.159,2.201,2.149,2.061
ds_3,18058,1785086283.33227,1.5138725,1.4985810000000002,1.5,1.5,0.013944884985183573,2.146,2.195,2.174,2.08
ds_3,18062,1785086283.3972468,1.5379427777777779,1.498186944444445,1.5,1.5,0.03798607055147142,2.156,2.196,2.141,2.066
ds_3,18066,1785086283.4552824,1.5209466111111107,1.4982907777777779,1.5,1.5,0.02101623081442164,2.149,2.208,2.177,2.063
ds_3,18070,1785086283.527907,1.5469438333333334,1.4860998333333335,1.5,1.5,0.04895853471447947,2.159,2.215,2.131,2.074
ds_3,18074,1785086283.5908682,1.5358997222222217,1.4731872222222222,1.5,1.5,0.044807534051687935,2.131,2.206,2.119,2.079
ds_3,18078,1785086283.658056,1.5358006111111113,1.4917484444444442,1.5,1.5,0.036739242303230085,2.147,2.197,2.136,2.068
ds_3,18082,1785086283.7189484,1.5163221111111116,1.4801387777777772,1.5,1.5,0.025707575912247878,2.143,2.196,2.146,2.122
ds_3,18086,1785086283.774981,1.5372892777777778,1.495258611111111,1.5,1.5,0.03758950659138735,2.156,2.203,2.145,2.068
ds_3,18090,1785086283.8490212,1.5604776111111114,1.503663444444444,1.5,1.5,0.06058846648417792,2.174,2.197,2.118,2.054
ds_3,18094,1785086283.9100785,1.526513277777778,1.4731346111111108,1.5,1.5,0.03774523835761094,2.134,2.201,2.127,2.104
ds_3,18098,1785086283.978476,1.5198799999999997,1.4880386666666665,1.5,1.5,0.023201032199260056,2.131,2.193,2.149,2.073
ds_3,18102,1785086284.0374205,1.5177242777777775,1.4923084444444445,1.5,1.5,0.019321233128556103,2.138,2.196,2.161,2.075
ds_3,18106,1785086284.095652,1.542012722222222,1.4857747222222222,1.5,1.5,0.044355691363978565,2.147,2.202,2.124,2.071
ds_3,18110,1785086284.1697125,1.5426431111111112,1.4901196111111108,1.5,1.5,0.04377278846304242,2.148,2.195,2.122,2.067
ds_3,18114,1785086284.2308428,1.5153189999999999,1.477619,1.5,1.5,0.027121595122706094,2.128,2.201,2.149,2.095
ds_3,18118,1785086284.297947,1.5255218333333338,1.473225833333333,1.5,1.5,0.03698945765199768,2.125,2.215,2.143,2.072
ds_3,18122,1785086284.3591268,1.5277745,1.489464333333333,1.5,1.5,0.029705607591179125,2.142,2.195,2.142,2.078
ds_3,18126,1785086284.4154704,1.5376711111111112,1.4935782777777775,1.5,1.5,0.03821454080118028,2.138,2.199,2.138,2.039
ds_3,18130,1785086284.4910157,1.5210639444444445,1.4884614444444444,1.5,1.5,0.02401724421883757,2.133,2.196,2.151,2.071
ds_3,18134,1785086284.5527132,1.525825,1.5033138333333333,1.5,1.5,0.026036745502483805,2.172,2.194,2.163,2.104
ds_3,18138,1785086284.6198957,1.5147594999999996,1.5030475000000005,1.5,1.5,0.015070835958897279,2.156,2.204,2.188,2.077
ds_3,18142,1785086284.6819046,1.533809444444444,1.4838419444444446,1.5,1.5,0.03747214022414989,2.145,2.207,2.138,2.079
ds_3,18146,1785086284.7384944,1.5303928888888887,1.4862593888888893,1.5,1.5,0.03335464118708388,2.14,2.201,2.14,2.073
ds_3,18150,1785086284.8161771,1.5465573333333336,1.4875719999999997,1.5,1.5,0.04818755514768456,2.155,2.199,2.117,2.079
ds_3,18154,1785086284.8773444,1.5516733888888887,1.4962718888888886,1.5,1.5,0.05180770147110486,2.172,2.197,2.12,2.084
ds_3,18158,1785086284.941432,1.5350044999999999,1.5007493333333337,1.5,1.5,0.035012519485098995,2.168,2.21,2.163,2.073
ds_3,18162,1785086285.0029411,1.5364066111111114,1.4834451111111109,1.5,1.5,0.03999382050666286,2.145,2.213,2.14,2.07
ds_3,18166,1785086285.0577712,1.524111166666667,1.4643373333333336,1.5,1.5,0.04304850928668202,2.112,2.202,2.119,2.087
ds_3,18170,1785086285.1251872,1.548565722222222,1.501668222222222,1.5,1.5,0.048594365314805196,2.163,2.197,2.132,2.054
ds_3,18174,1785086285.1981375,1.5269986666666664,1.5008506666666661,1.5,1.5,0.027012064629634288,2.155,2.197,2.161,2.071
ds_3,18178,1785086285.2666583,1.534843222222222,1.5094157222222222,1.5,1.5,0.036093018158546784,2.179,2.197,2.162,2.085
ds_3,18182,1785086285.323216,1.5206818333333334,1.4844984999999997,1.5,1.5,0.025846367873993227,2.133,2.196,2.146,2.083
ds_3,18186,1785086285.3849735,1.519978666666667,1.4800394999999997,1.5,1.5,0.028241258506444135,2.127,2.206,2.151,2.074
ds_3,18190,1785086285.4557219,1.5326669999999998,1.5071578333333333,1.5,1.5,0.03344200154039472,2.166,2.204,2.169,2.06
ds_3,18194,1785086285.5162754,1.5250883333333332,1.4846003333333335,1.5,1.5,0.029437632426689384,2.128,2.197,2.141,2.065
ds_3,18198,1785086285.5867925,1.529349388888889,1.4857893888888887,1.5,1.5,0.03260871196938754,2.149,2.208,2.148,2.087
ds_3,18202,1785086285.6451142,1.5270453333333334,1.5030158333333332,1.5,1.5,0.027212962091723067,2.162,2.201,2.168,2.075
ds_3,18206,1785086285.7033634,1.5011265555555557,1.470676555555555,1.5,1.5,0.02934507661442046,2.107,2.196,2.154,2.098
ds_3,18210,1785086285.7766175,1.5422534444444445,1.4957467777777775,1.5,1.5,0.04246696912532564,2.159,2.212,2.148,2.056
ds_3,18214,1785086285.845625,1.5315683888888894,1.5112123888888884,1.5,1.5,0.0335004603197601,2.172,2.195,2.167,2.072
ds_3,18218,1785086285.905296,1.5151188333333334,1.4682213333333334,1.5,1.5,0.03519179984701297,2.111,2.197,2.132,2.092
ds_3,18222,1785086285.9733562,1.5367546666666665,1.5018266666666669,1.5,1.5,0.03680003033815158,2.173,2.207,2.159,2.081
ds_3,18226,1785086286.0241473,1.540353333333333,1.481258666666667,1.5,1.5,0.0444930228937323,2.141,2.203,2.121,2.073
ds_3,18230,1785086286.0984945,1.5220339444444446,1.480119277777778,1.5,1.5,0.029677227361362798,2.12,2.197,2.139,2.066
ds_3,18234,1785086286.1596954,1.5175018333333334,1.5029284999999997,1.5,1.5,0.01774514813344142,2.145,2.196,2.176,2.059
ds_3,18238,1785086286.2280104,1.5409183333333327,1.5053525000000003,1.5,1.5,0.041266926939472134,2.172,2.202,2.153,2.068
ds_3,18242,1785086286.2896616,1.509119833333333,1.4865466666666667,1.5,1.5,0.016253108558228205,2.122,2.2,2.169,2.067
ds_3,18246,1785086286.3456073,1.528682166666667,1.489658166666666,1.5,1.5,0.030489673684526757,2.14,2.195,2.141,2.072
ds_3,18250,1785086286.4204519,1.5330033333333333,1.4765053333333331,1.5,1.5,0.04051196579887102,2.146,2.212,2.134,2.098
ds_3,18254,1785086286.4796374,1.5086434444444448,1.4839141111111112,1.5,1.5,0.018261022786522134,2.14,2.199,2.165,2.113
ds_3,18258,1785086286.5502687,1.5266312222222223,1.485429722222222,1.5,1.5,0.030356465399828718,2.139,2.197,2.14,2.083
ds_3,18262,1785086286.6183434,1.5277744999999996,1.4880370000000007,1.5,1.5,0.030241299893522436,2.14,2.195,2.14,2.078
ds_3,18266,1785086286.6674318,1.504309333333333,1.4817258333333334,1.5,1.5,0.018775396697244075,2.128,2.201,2.17,2.099
ds_3,18270,1785086286.7419155,1.5220411666666664,1.4737453333333335,1.5,1.5,0.03428003135654253,2.108,2.196,2.129,2.061
ds_3,18274,1785086286.8037014,1.5175150555555557,1.4660755555555554,1.5,1.5,0.03817911866424384,2.109,2.209,2.138,2.078
ds_3,18278,1785086286.8706121,1.534926444444444,1.4862286111111114,1.5,1.5,0.03754341051982136,2.159,2.214,2.147,2.092
ds_3,18282,1785086286.9324152,1.517126111111111,1.4967701111111114,1.5,1.5,0.017428019509533616,2.154,2.195,2.167,2.097
ds_3,18286,1785086286.9887657,1.5237433888888894,1.4824088888888887,1.5,1.5,0.02954988504296591,2.152,2.204,2.147,2.115
ds_3,18290,1785086287.0625174,1.540891888888889,1.5089918888888887,1.5,1.5,0.04186885050597113,2.174,2.197,2.153,2.067
ds_3,18294,1785086287.1296706,1.5139365000000002,1.4862725,1.5,1.5,0.01956196024175501,2.129,2.203,2.165,2.072
ds_3,18298,1785086287.1955886,1.530187722222222,1.4932722222222226,1.5,1.5,0.030928329518310416,2.151,2.197,2.146,2.08
ds_3,18302,1785086287.2526474,1.5224198888888891,1.4825173888888885,1.5,1.5,0.028430496109855225,2.138,2.204,2.149,2.088
ds_3,18306,1785086287.3109572,1.5126482777777785,1.4798657777777775,1.5,1.5,0.023777422804788683,2.128,2.208,2.163,2.085
ds_3,18310,1785086287.384243,1.5243213333333332,1.4945758333333334,1.5,1.5,0.024918845060292842,2.156,2.197,2.156,2.095
ds_3,18314,1785086287.4444637,1.5459243888888887,1.4932792222222222,1.5,1.5,0.04641355781187387,2.163,2.2,2.127,2.079
ds_3,18318,1785086287.5168762,1.5332938888888894,1.5064503888888885,1.5,1.5,0.033912985037646115,2.169,2.195,2.158,2.077
ds_3,18322,1785086287.5751467,1.5393331666666668,1.4957931666666666,1.5,1.5,0.039557495455630524,2.165,2.207,2.147,2.078
ds_3,18326,1785086287.6326478,1.5312161111111116,1.496464111111111,1.5,1.5,0.031415730186259094,2.177,2.196,2.148,2.124
ds_3,18330,1785086287.7107198,1.5115441111111114,1.4844786111111103,1.5,1.5,0.01934373320705787,2.151,2.213,2.176,2.115
ds_3,18338,1785086287.8391347,1.5309552222222218,1.4868217222222218,1.5,1.5,0.033643614372053106,2.147,2.201,2.14,2.085
ds_3,18346,1785086287.9540844,1.5023189444444445,1.4710364444444446,1.5,1.5,0.02905623949784563,2.118,2.204,2.161,2.109
ds_3,18350,1785086288.0268402,1.5045230555555553,1.481259055555556,1.5,1.5,0.019279030842559875,2.12,2.197,2.165,2.088
ds_3,18354,1785086288.090122,1.5278725000000002,1.4842324999999998,1.5,1.5,0.032023277666410346,2.143,2.212,2.152,2.077
ds_3,18358,1785086288.1580477,1.5352843333333333,1.4775243333333332,1.5,1.5,0.04183467187499967,2.143,2.206,2.126,2.092
ds_3,18362,1785086288.2163095,1.5372546666666667,1.4860518333333335,1.5,1.5,0.039780165180722304,2.16,2.199,2.128,2.107
ds_3,18366,1785086288.256297,1.5120367222222226,1.4793142222222215,1.5,1.5,0.023932907974723455,2.112,2.204,2.159,2.059
ds_3,18370,1785086288.3737373,1.5236553888888886,1.5032993888888893,1.5,1.5,0.023884375447657858,2.145,2.195,2.167,2.05
ds_3,18374,1785086288.4163122,1.5205395555555556,1.4679187222222223,1.5,1.5,0.038093066643087294,2.112,2.199,2.126,2.085
ds_3,18378,1785086288.475876,1.5354587222222222,1.5223547222222222,1.5,1.5,0.04191723496684191,2.189,2.193,2.175,2.072
ds_3,18382,1785086288.5388854,1.5148154999999999,1.49511,1.5,1.5,0.015601639024474217,2.143,2.203,2.176,2.074
ds_3,18386,1785086288.5959148,1.542751,1.485151,1.5,1.5,0.04525638962621737,2.149,2.2,2.12,2.078
ds_3,18390,1785086288.6711645,1.5513133333333335,1.4892786666666666,1.5,1.5,0.05242141896421962,2.159,2.207,2.121,2.067
ds_3,18394,1785086288.7347524,1.5242290555555555,1.5242290555555555,1.5,1.5,0.03426505897015784,2.182,2.194,2.194,2.067
ds_3,18398,1785086288.798929,1.518479388888889,1.465663888888889,1.5,1.5,0.03899302937630453,2.112,2.207,2.134,2.086
ds_3,18402,1785086288.86282,1.5268256111111111,1.4842374444444446,1.5,1.5,0.031113848510374603,2.134,2.195,2.136,2.078
ds_3,18406,1785086288.9154525,1.5229747777777776,1.4917066111111112,1.5,1.5,0.024425820624916685,2.159,2.203,2.16,2.105
ds_3,18410,1785086288.9893694,1.4980692777777775,1.4682281111111113,1.5,1.5,0.03183049814041988,2.113,2.204,2.163,2.113
ds_3,18414,1785086289.052071,1.5135187777777774,1.4967786111111108,1.5,1.5,0.01389729106618941,2.135,2.195,2.172,2.063
ds_3,18418,1785086289.11861,1.5388041666666668,1.5054388333333335,1.5,1.5,0.03918346920223158,2.172,2.199,2.153,2.074
ds_3,18422,1785086289.1806655,1.5231657777777776,1.4959769444444444,1.5,1.5,0.023512512329661034,2.156,2.223,2.186,2.065
ds_3,18426,1785086289.2383943,1.5203858888888893,1.477758388888889,1.5,1.5,0.03017074295750827,2.115,2.197,2.138,2.065
ds_3,18430,1785086289.310312,1.5178678888888888,1.491647888888889,1.5,1.5,0.019723569995262463,2.134,2.203,2.167,2.061
ds_3,18434,1785086289.376996,1.5311351111111111,1.4806417777777776,1.5,1.5,0.03666245915792037,2.119,2.199,2.129,2.047
ds_3,18438,1785086289.4397135,1.516837111111111,1.4733971111111117,1.5,1.5,0.03148336080856731,2.136,2.202,2.142,2.12
ds_3,18442,1785086289.5024405,1.5233908333333335,1.4957268333333333,1.5,1.5,0.023777952758572283,2.146,2.203,2.165,2.066
ds_3,18446,1785086289.5592246,1.518883888888889,1.4884338888888888,1.5,1.5,0.022144439162066664,2.129,2.196,2.154,2.066
ds_3,18454,1785086289.6983032,1.5110374444444445,1.4682132777777774,1.5,1.5,0.03364849015181717,2.099,2.207,2.148,2.063
ds_3,18458,1785086289.763109,1.5209998888888892,1.494707888888889,1.5,1.5,0.021656448770701883,2.16,2.209,2.173,2.095
ds_3,18462,1785086289.8274808,1.5143377777777778,1.4910737777777776,1.5,1.5,0.0168893254680415,2.151,2.197,2.165,2.109
ds_3,18466,1785086289.8797767,1.5188763888888885,1.4669403888888892,1.5,1.5,0.038069094345708224,2.106,2.2,2.128,2.077
ds_3,18470,1785086289.963455,1.536066666666667,1.5149788333333334,1.5,1.5,0.03905342356916025,2.177,2.196,2.167,2.064
ds_3,18474,1785086290.0197268,1.5251082222222225,1.4924457222222218,1.5,1.5,0.02622002928877736,2.143,2.2,2.155,2.07
ds_3,18478,1785086290.0841866,1.5545859999999998,1.4969326666666667,1.5,1.5,0.054672112907567016,2.166,2.202,2.122,2.06
ds_3,18482,1785086290.1451979,1.555750722222222,1.5017132222222223,1.5,1.5,0.05577703970884501,2.17,2.199,2.124,2.056
ds_3,18486,1785086290.2019217,1.5185893888888884,1.4915608888888894,1.5,1.5,0.020415287791456627,2.138,2.21,2.173,2.061
ds_3,18490,1785086290.2773886,1.5158450000000003,1.4867516666666662,1.5,1.5,0.020653870366377645,2.153,2.202,2.162,2.118
ds_3,18494,1785086290.3328001,1.5052576666666666,1.481951,1.5,1.5,0.01879918774250038,2.128,2.201,2.169,2.097
ds_3,18498,1785086290.4048154,1.549050888888889,1.4868728888888887,1.5,1.5,0.05077706910519348,2.16,2.212,2.126,2.074
ds_3,18502,1785086290.4703946,1.5391800000000004,1.4873159999999996,1.5,1.5,0.04118198946141436,2.165,2.197,2.125,2.113
ds_3,18506,1785086290.5277715,1.5249141666666668,1.4950729999999997,1.5,1.5,0.02539667359506859,2.151,2.204,2.163,2.075
ds_3,18510,1785086290.597746,1.5514605555555556,1.4929650555555558,1.5,1.5,0.05193918772394157,2.169,2.207,2.126,2.077
ds_3,18514,1785086290.6621933,1.5029232777777777,1.4839519444444444,1.5,1.5,0.01631213168412535,2.114,2.202,2.176,2.065
ds_3,18518,1785086290.7277331,1.5186478888888886,1.479407888888889,1.5,1.5,0.027780907113063674,2.134,2.207,2.153,2.091
ds_3,18522,1785086290.7909975,1.5217572777777775,1.4784372777777777,1.5,1.5,0.03063217468499568,2.138,2.196,2.136,2.109
ds_3,18526,1785086290.8449988,1.5258676111111107,1.4988884444444448,1.5,1.5,0.025891482389943276,2.158,2.206,2.169,2.075
ds_3,18530,1785086290.91993,1.521169277777778,1.4814134444444442,1.5,1.5,0.028170878031266458,2.129,2.196,2.141,2.083
ds_3,18534,1785086290.9803085,1.5188015000000001,1.4783695000000001,1.5,1.5,0.02865963943422876,2.122,2.194,2.138,2.083
ds_3,18538,1785086291.0490365,1.5156151666666666,1.4806551666666663,1.5,1.5,0.02486073222417705,2.143,2.209,2.161,2.108
ds_3,18542,1785086291.1108804,1.5033015555555553,1.4785155555555556,1.5,1.5,0.021736642384987542,2.112,2.204,2.17,2.074
ds_3,18546,1785086291.1690507,1.5283887222222223,1.4964887222222225,1.5,1.5,0.02860504537740176,2.161,2.197,2.153,2.094
ds_3,18550,1785086291.2430267,1.516692777777778,1.4833581111111112,1.5,1.5,0.023571196315172408,2.134,2.197,2.151,2.093
ds_3,18554,1785086291.3012915,1.5406467222222224,1.501388722222222,1.5,1.5,0.04067043861112152,2.167,2.208,2.154,2.063
ds_3,18558,1785086291.3613274,1.5173092777777775,1.4761267777777776,1.5,1.5,0.029487994785333843,2.109,2.196,2.139,2.063
ds_3,18562,1785086291.4320993,1.5220109999999998,1.4942836666666668,1.5,1.5,0.022741165048822076,2.163,2.208,2.17,2.102
ds_3,18566,1785086291.4894328,1.5440059444444447,1.499913111111111,1.5,1.5,0.04400603022457908,2.167,2.199,2.138,2.072
ds_3,18570,1785086291.5660172,1.5183183888888887,1.485505888888889,1.5,1.5,0.02335899459278571,2.139,2.21,2.165,2.081
ds_3,18574,1785086291.623671,1.504133388888889,1.4794720555555552,1.5,1.5,0.02093994763176367,2.127,2.193,2.159,2.112
ds_3,18578,1785086291.6898642,1.5355951666666667,1.4936225,1.5,1.5,0.03616197445214768,2.165,2.2,2.142,2.097
ds_3,18582,1785086291.7543354,1.513272,1.4885653333333335,1.5,1.5,0.017518492679958864,2.135,2.197,2.163,2.085
ds_3,18586,1785086291.8108568,1.5439974999999992,1.4867093333333337,1.5,1.5,0.04596109035580389,2.153,2.215,2.136,2.064
ds_3,18590,1785086291.8841095,1.5082666111111116,1.487188444444444,1.5,1.5,0.015247059225157133,2.129,2.195,2.166,2.086
ds_3,18594,1785086291.9471552,1.5240333333333338,1.495725833333333,1.5,1.5,0.024410440631123003,2.14,2.197,2.158,2.059
ds_3,18598,1785086292.0127397,1.5197348333333331,1.4912713333333332,1.5,1.5,0.021579000636549824,2.149,2.209,2.17,2.084
ds_3,18602,1785086292.074861,1.5277771666666666,1.4957891666666667,1.5,1.5,0.028094520914030308,2.153,2.203,2.159,2.074
ds_3,18606,1785086292.1321366,1.5460481111111108,1.4910747777777777,1.5,1.5,0.04690509704304278,2.155,2.208,2.132,2.06
ds_3,18610,1785086292.2053103,1.5166833333333334,1.4977813333333332,1.5,1.5,0.016830213691123808,2.158,2.194,2.168,2.104
ds_3,18614,1785086292.2651703,1.5272196111111114,1.4789684444444449,1.5,1.5,0.03439816213297652,2.12,2.194,2.127,2.065
ds_3,18618,1785086292.3338013,1.5265826666666669,1.5033400000000003,1.5,1.5,0.02679167346604396,2.161,2.195,2.163,2.079
ds_3,18622,1785086292.3998647,1.5245483333333336,1.4955616666666665,1.5,1.5,0.02494633183901469,2.141,2.194,2.154,2.064
ds_3,18626,1785086292.452277,1.5319901666666667,1.4872261666666662,1.5,1.5,0.0344462128744061,2.138,2.197,2.135,2.068
ds_3,18630,1785086292.5271397,1.5296150555555557,1.5062763888888886,1.5,1.5,0.03027283556331009,2.166,2.204,2.172,2.067
ds_3,18634,1785086292.587347,1.5093982777777775,1.4802382777777774,1.5,1.5,0.021882716704663355,2.139,2.207,2.167,2.112
ds_3,18638,1785086292.6546216,1.5270813333333333,1.4894853333333333,1.5,1.5,0.02905093510065072,2.143,2.195,2.143,2.081
ds_3,18642,1785086292.715684,1.548208722222223,1.499912888888888,1.5,1.5,0.048208800925195514,2.166,2.196,2.129,2.067
ds_3,18646,1785086292.774676,1.5405166666666665,1.4884846666666667,1.5,1.5,0.04212129128547159,2.158,2.204,2.132,2.086
ds_3,18650,1785086292.8531907,1.5166269444444445,1.5137042777777776,1.5,1.5,0.021546751749837643,2.167,2.194,2.19,2.077
ds_3,18654,1785086292.9129534,1.5023642777777775,1.490710944444445,1.5,1.5,0.009585215830886555,2.119,2.193,2.177,2.066
ds_3,18658,1785086292.9772835,1.5282017222222222,1.4726462222222225,1.5,1.5,0.03928824627055034,2.113,2.203,2.126,2.058
ds_3,18662,1785086293.0398898,1.5242591111111115,1.4731036111111107,1.5,1.5,0.036220439080215765,2.118,2.197,2.126,2.079
ds_3,18666,1785086293.095204,1.5088503888888891,1.4813003888888887,1.5,1.5,0.020688277820818456,2.126,2.194,2.156,2.097
ds_3,18670,1785086293.1696737,1.5187428333333335,1.4881948333333332,1.5,1.5,0.022150750808694875,2.138,2.203,2.161,2.078
ds_3,18674,1785086293.2343428,1.5115107777777772,1.475961277777778,1.5,1.5,0.026652545302963484,2.121,2.201,2.152,2.091
ds_3,18678,1785086293.2988505,1.5164979444444437,1.4742546111111117,1.5,1.5,0.030577887761126455,2.122,2.214,2.156,2.077
ds_3,18682,1785086293.3600583,1.5152838888888889,1.4760618888888888,1.5,1.5,0.028401239816877838,2.121,2.206,2.152,2.08
ds_3,18686,1785086293.4176867,1.528195611111111,1.4890816111111111,1.5,1.5,0.030235801657274092,2.139,2.2,2.146,2.067
ds_3,18690,1785086293.4955046,1.5165111666666664,1.472459,1.5,1.5,0.032111139900265734,2.118,2.197,2.136,2.092
ds_3,18694,1785086293.5536938,1.5339631666666669,1.484799166666667,1.5,1.5,0.0372097033588762,2.141,2.203,2.135,2.072
ds_3,18698,1785086293.619621,1.5217561666666672,1.4962819999999994,1.5,1.5,0.02207157248652227,2.163,2.201,2.166,2.104
ds_3,18702,1785086293.6817627,1.5429039999999998,1.4959414999999998,1.5,1.5,0.043095529214177045,2.167,2.2,2.135,2.084
ds_3,18706,1785086293.737395,1.5369336111111112,1.501253444444444,1.5,1.5,0.03695487454561443,2.17,2.209,2.16,2.074
ds_3,18710,1785086293.813259,1.537078666666667,1.4866553333333334,1.5,1.5,0.03940694926307083,2.148,2.196,2.126,2.084
ds_3,18714,1785086293.8820658,1.5300893888888885,1.490921388888889,1.5,1.5,0.031429166444777876,2.143,2.203,2.149,2.064
ds_3,18718,1785086293.942828,1.5286425555555558,1.4766345555555551,1.5,1.5,0.03696403634398634,2.138,2.203,2.131,2.097
ds_3,18722,1785086294.0051198,1.5249180555555555,1.4965845555555557,1.5,1.5,0.02515103881399007,2.152,2.199,2.16,2.078
ds_3,18726,1785086294.059173,1.5283746666666667,1.4964893333333331,1.5,1.5,0.028591021123578114,2.146,2.196,2.152,2.064
ds_3,18730,1785086294.1377683,1.5105164999999996,1.4849490000000005,1.5,1.5,0.01836108311756079,2.122,2.209,2.174,2.06
ds_3,18734,1785086294.1998014,1.5284364444444447,1.4905284444444442,1.5,1.5,0.0299723495456057,2.145,2.213,2.161,2.061
ds_3,18738,1785086294.2636828,1.5110916666666667,1.4717976666666668,1.5,1.5,0.030305060219192496,2.119,2.21,2.156,2.09
ds_3,18742,1785086294.3251173,1.5264071666666668,1.4857884999999997,1.5,1.5,0.02998841749094346,2.141,2.204,2.148,2.079
ds_3,18746,1785086294.381105,1.529630611111111,1.4884291111111108,1.5,1.5,0.031809724684393616,2.139,2.197,2.14,2.07
ds_3,18750,1785086294.459892,1.5283288333333334,1.504365333333333,1.5,1.5,0.028663198236395192,2.167,2.195,2.162,2.086
ds_3,18754,1785086294.5078013,1.5101928333333332,1.4780581666666666,1.5,1.5,0.024193757488015187,2.118,2.213,2.169,2.068
ds_3,18758,1785086294.587226,1.5134314999999996,1.4857548333333332,1.5,1.5,0.019578814203396046,2.126,2.204,2.166,2.067
ds_3,18762,1785086294.645635,1.5426415555555555,1.4997977222222223,1.5,1.5,0.042642035323104684,2.181,2.208,2.149,2.094
ds_3,18766,1785086294.703333,1.5403382777777777,1.5069576111111107,1.5,1.5,0.04093391022673746,2.179,2.2,2.154,2.081
ds_3,18770,1785086294.7772412,1.5353952777777777,1.5113877777777776,1.5,1.5,0.037182081325311665,2.175,2.199,2.166,2.068
ds_3,18774,1785086294.839385,1.520043944444445,1.5033191111111108,1.5,1.5,0.020316894631313448,2.153,2.193,2.17,2.074
ds_3,18778,1785086294.9049182,1.515288888888889,1.4847548888888888,1.5,1.5,0.021590820647833547,2.14,2.202,2.16,2.098
ds_3,18782,1785086294.970296,1.5457778333333327,1.5122898333333332,1.5,1.5,0.04739883994419588,2.195,2.207,2.161,2.084
ds_3,18786,1785086295.0268042,1.5291496666666669,1.5087376666666663,1.5,1.5,0.030431067768902885,2.18,2.201,2.173,2.093
ds_3,18790,1785086295.0992231,1.5427989999999998,1.4850923333333332,1.5,1.5,0.04532099873617561,2.151,2.204,2.124,2.078
ds_3,18794,1785086295.1630962,1.515742722222222,1.4975552222222226,1.5,1.5,0.01593142307983675,2.142,2.195,2.17,2.072
ds_3,18798,1785086295.2278895,1.5241269999999998,1.5037523333333338,1.5,1.5,0.024417045981126335,2.158,2.197,2.169,2.073
ds_3,18802,1785086295.292519,1.5198377777777774,1.4921611111111115,1.5,1.5,0.021330391608519954,2.14,2.204,2.166,2.068
ds_3,18806,1785086295.3449845,1.5239426111111116,1.4842417777777772,1.5,1.5,0.028663045798080874,2.129,2.193,2.138,2.074
ds_3,18810,1785086295.4196074,1.5135797777777777,1.4961077777777778,1.5,1.5,0.014126562155067543,2.138,2.196,2.172,2.07
ds_3,18814,1785086295.4816518,1.522553388888888,1.4876733888888891,1.5,1.5,0.02570215344787242,2.139,2.204,2.156,2.075
ds_3,18818,1785086295.5502803,1.5274808333333332,1.4890116666666666,1.5,1.5,0.029596277977794457,2.155,2.204,2.151,2.097
ds_3,18822,1785086295.6100361,1.515963,1.484121666666667,1.5,1.5,0.02251530231741142,2.112,2.193,2.149,2.051
ds_3,18826,1785086295.6709814,1.5265191111111114,1.5024786111111108,1.5,1.5,0.026634691046895833,2.159,2.202,2.169,2.07
ds_3,18830,1785086295.7421272,1.5430568333333337,1.4847233333333332,1.5,1.5,0.0456866221244132,2.153,2.201,2.12,2.086
ds_3,18834,1785086295.802049,1.5102675000000003,1.4877046666666665,1.5,1.5,0.01601863845736552,2.143,2.199,2.168,2.106
ds_3,18838,1785086295.872692,1.512602000000001,1.496593333333333,1.5,1.5,0.013054339576470442,2.136,2.194,2.172,2.068
ds_3,18842,1785086295.9320488,1.505557166666667,1.4850611666666664,1.5,1.5,0.015938972448756927,2.153,2.21,2.182,2.129
ds_3,18846,1785086295.9919224,1.5261703333333336,1.477210333333333,1.5,1.5,0.034702381093457885,2.129,2.194,2.126,2.09
ds_3,18850,1785086296.0629373,1.507542333333333,1.4878908333333332,1.5,1.5,0.014265998369277307,2.131,2.197,2.17,2.087
ds_3,18854,1785086296.1233544,1.5230386111111112,1.4775841111111108,1.5,1.5,0.03214420129056005,2.121,2.196,2.133,2.075
ds_3,18858,1785086296.191892,1.5332721111111112,1.5078562777777775,1.5,1.5,0.03418705132519809,2.17,2.196,2.161,2.074
ds_3,18862,1785086296.2533846,1.536237277777778,1.5000039444444444,1.5,1.5,0.03623727799245527,2.156,2.199,2.149,2.06
ds_3,18866,1785086296.310105,1.5463177222222224,1.5055497222222223,1.5,1.5,0.04664901723079259,2.192,2.212,2.156,2.091
ds_3,18870,1785086296.3867848,1.5216264999999995,1.4890840000000003,1.5,1.5,0.024225287578271883,2.14,2.192,2.147,2.087
ds_3,18874,1785086296.4458241,1.5321452777777775,1.4964814444444448,1.5,1.5,0.03233727132285603,2.161,2.208,2.159,2.077
ds_3,18878,1785086296.5087543,1.526297722222222,1.4873277222222223,1.5,1.5,0.029191725165777872,2.134,2.192,2.138,2.073
ds_3,18882,1785086296.578421,1.5193713888888891,1.4672673888888887,1.5,1.5,0.038035175004669304,2.109,2.207,2.135,2.074
ds_3,18886,1785086296.6324756,1.5141916666666668,1.4916494999999994,1.5,1.5,0.016466154773589134,2.139,2.197,2.166,2.083
ds_3,18890,1785086296.7064505,1.5544997777777778,1.516817111111111,1.5,1.5,0.057035436387833656,2.182,2.2,2.148,2.038
ds_3,18894,1785086296.7658212,1.5136303888888887,1.4874343888888888,1.5,1.5,0.018538664565119607,2.146,2.201,2.165,2.106
ds_3,18898,1785086296.8360658,1.5452859999999995,1.4967221666666668,1.5,1.5,0.04540447100629039,2.169,2.208,2.141,2.074
ds_3,18902,1785086296.8951793,1.5068001666666673,1.4820935,1.5,1.5,0.019154242583418808,2.112,2.197,2.163,2.066
ds_3,18906,1785086296.9538202,1.5236883333333333,1.5004456666666666,1.5,1.5,0.023692525295731726,2.154,2.195,2.163,2.077
ds_3,18910,1785086297.027693,1.538026666666667,1.4967681666666661,1.5,1.5,0.03816375406681395,2.159,2.2,2.143,2.072
ds_3,18914,1785086297.0956845,1.5453401666666673,1.496266833333333,1.5,1.5,0.0454935956671077,2.16,2.199,2.131,2.066
ds_3,18918,1785086297.1576307,1.5128363333333332,1.4831865,1.5,1.5,0.021153374097161025,2.124,2.19,2.149,2.086
ds_3,18922,1785086297.2170463,1.5038058888888892,1.4797543888888887,1.5,1.5,0.02060023202531771,2.119,2.203,2.17,2.085
ds_3,18926,1785086297.2780435,1.5534631666666667,1.5029231666666671,1.5,1.5,0.053543020958747724,2.173,2.201,2.131,2.06
ds_3,18930,1785086297.348691,1.5085177222222224,1.5012277222222226,1.5,1.5,0.008605747713585361,2.142,2.192,2.182,2.075
ds_3,18934,1785086297.4139478,1.550630666666666,1.500617166666667,1.5,1.5,0.05063442802881744,2.18,2.209,2.14,2.077
ds_3,18938,1785086297.4789505,1.5266412222222219,1.4847845555555557,1.5,1.5,0.03068003375382401,2.139,2.194,2.136,2.088
ds_3,18942,1785086297.5460804,1.5174749444444446,1.4748081111111107,1.5,1.5,0.030659500144760564,2.126,2.199,2.14,2.098
ds_3,18946,1785086297.6008742,1.502043555555556,1.4736450555555554,1.5,1.5,0.02643405409653251,2.121,2.204,2.165,2.108
ds_3,18950,1785086297.6725502,1.5409596111111115,1.5011854444444444,1.5,1.5,0.04097676196217009,2.158,2.197,2.142,2.056
ds_3,18954,1785086297.7329884,1.5469369444444445,1.5007716111111111,1.5,1.5,0.04694328639419764,2.173,2.196,2.132,2.081
ds_3,18958,1785086297.800558,1.5339679999999996,1.5194013333333332,1.5,1.5,0.039118240746627064,2.175,2.195,2.175,2.051
ds_3,18962,1785086297.8625839,1.5237294444444442,1.4868819444444443,1.5,1.5,0.027114016950658768,2.135,2.193,2.142,2.079
ds_3,18966,1785086297.9296465,1.5321375000000004,1.4942814999999998,1.5,1.5,0.0326423061149182,2.158,2.21,2.158,2.075
ds_3,18970,1785086298.0050545,1.5340929999999995,1.4901221666666666,1.5,1.5,0.035495129811864,2.141,2.193,2.132,2.067
ds_3,18974,1785086298.069714,1.527141888888889,1.4859783888888887,1.5,1.5,0.03054975794679948,2.143,2.195,2.138,2.091
ds_3,18978,1785086298.1379743,1.5308167777777777,1.5082436111111113,1.5,1.5,0.03190032784715809,2.168,2.2,2.169,2.068
ds_3,18982,1785086298.1977067,1.5199956111111108,1.4931274444444445,1.5,1.5,0.021143710260287232,2.134,2.197,2.16,2.06
ds_3,18986,1785086298.2528167,1.5199595555555558,1.4828400555555554,1.5,1.5,0.026321997479517856,2.132,2.209,2.158,2.073
ds_3,18990,1785086298.3293583,1.535542,1.4837020000000003,1.5,1.5,0.03910062106923607,2.136,2.196,2.124,2.07
ds_3,18994,1785086298.3893275,1.5244820555555558,1.4823933888888885,1.5,1.5,0.030155659486126928,2.133,2.206,2.148,2.073
ds_3,18998,1785086298.4569225,1.5079697777777776,1.4854276111111115,1.5,1.5,0.016609391191616803,2.12,2.197,2.166,2.071
ds_3,19002,1785086298.515739,1.5189546666666665,1.5050815,1.5,1.5,0.01962399120195573,2.165,2.2,2.181,2.088
ds_3,19006,1785086298.5741696,1.5435135,1.5095246666666664,1.5,1.5,0.04454373084241041,2.175,2.193,2.146,2.068
ds_3,19010,1785086298.652829,1.5169322777777776,1.4843297777777775,1.5,1.5,0.02307071510026633,2.136,2.196,2.151,2.095
ds_3,19014,1785086298.7108805,1.5161558333333327,1.4702813333333338,1.5,1.5,0.033826174763618225,2.128,2.216,2.153,2.099
ds_3,19018,1785086298.7772663,1.5230855000000008,1.4969374999999998,1.5,1.5,0.023287748205870748,2.156,2.197,2.161,2.09
ds_3,19022,1785086298.8371334,1.5243902222222223,1.4895902222222221,1.5,1.5,0.026518793589303882,2.155,2.199,2.151,2.105
ds_3,19026,1785086298.898479,1.5223444444444443,1.4797956111111108,1.5,1.5,0.030124600045549586,2.126,2.193,2.134,2.083
ds_3,19030,1785086298.9714663,1.5424276666666665,1.4918643333333335,1.5,1.5,0.04320064780635674,2.163,2.202,2.132,2.086
ds_3,19034,1785086299.0386417,1.5489180555555557,1.4980513888888891,1.5,1.5,0.04895685084437909,2.175,2.215,2.145,2.07
ds_3,19038,1785086299.0984108,1.5235261666666666,1.4959508333333331,1.5,1.5,0.0238720813655245,2.152,2.196,2.158,2.085
ds_3,19042,1785086299.1606064,1.5305293333333334,1.4985413333333335,1.5,1.5,0.03056416042069905,2.165,2.203,2.159,2.087
ds_3,19046,1785086299.2172596,1.5278928333333337,1.488045333333333,1.5,1.5,0.030346733044468735,2.149,2.201,2.146,2.09
ds_3,19050,1785086299.2910001,1.5063208888888888,1.4772675555555557,1.5,1.5,0.02359486526270973,2.133,2.199,2.159,2.121
ds_3,19054,1785086299.3533106,1.519271277777778,1.482987944444445,1.5,1.5,0.025705878343553437,2.132,2.202,2.152,2.081
ds_3,19058,1785086299.4202147,1.5328703333333336,1.4974188333333334,1.5,1.5,0.03297152157249601,2.161,2.195,2.146,2.087
ds_3,19062,1785086299.485796,1.543687833333333,1.4819920000000002,1.5,1.5,0.04725372837524123,2.156,2.22,2.135,2.079
ds_3,19066,1785086299.5385675,1.5293566111111112,1.4852027777777779,1.5,1.5,0.03287504222693626,2.149,2.202,2.141,2.095
ds_3,19070,1785086299.616409,1.5418013888888886,1.5069853888888889,1.5,1.5,0.04238103079172466,2.181,2.2,2.152,2.083
ds_3,19074,1785086299.6837764,1.5367558888888888,1.4952693888888886,1.5,1.5,0.03705906163810561,2.166,2.212,2.155,2.08
ds_3,19078,1785086299.7453897,1.532251388888889,1.497419388888889,1.5,1.5,0.032354468608974805,2.167,2.201,2.153,2.094
ds_3,19082,1785086299.8038604,1.5131495,1.4782374999999996,1.5,1.5,0.02542667411400896,2.126,2.206,2.158,2.087
ds_3,19086,1785086299.8616438,1.5325367222222226,1.4914302222222222,1.5,1.5,0.03364638738596712,2.148,2.192,2.135,2.081
ds_3,19090,1785086299.9353237,1.5140797222222224,1.4757872222222224,1.5,1.5,0.0280088769066342,2.115,2.194,2.141,2.083
ds_3,19094,1785086299.997972,1.540104,1.5032054999999998,1.5,1.5,0.040231903338643966,2.175,2.196,2.145,2.088
ds_3,19098,1785086300.0659597,1.5468035555555564,1.4969970555555547,1.5,1.5,0.04689979198225166,2.175,2.2,2.131,2.092
ds_3,19102,1785086300.1287405,1.5041618333333333,1.4736418333333332,1.5,1.5,0.026684711104342663,2.113,2.201,2.159,2.092
ds_3,19106,1785086300.1839845,1.5210313888888891,1.4934813888888883,1.5,1.5,0.02201843794217923,2.139,2.194,2.156,2.071
ds_3,19110,1785086300.2577522,1.5383269444444445,1.4933562777777776,1.5,1.5,0.038898505310790386,2.159,2.207,2.145,2.074
ds_3,19114,1785086300.319032,1.5341126111111114,1.5057401111111106,1.5,1.5,0.03459218282192983,2.175,2.202,2.163,2.083
ds_3,19118,1785086300.3871293,1.523385333333333,1.4721825000000004,1.5,1.5,0.036341259215402405,2.124,2.199,2.128,2.093
ds_3,19122,1785086300.450682,1.5409466666666667,1.493854166666667,1.5,1.5,0.0414053230692893,2.161,2.206,2.141,2.074
ds_3,19126,1785086300.5087855,1.5043391666666674,1.4883158333333326,1.5,1.5,0.012463872514414574,2.121,2.196,2.174,2.071
ds_3,19130,1785086300.578139,1.5437982222222217,1.5040607222222226,1.5,1.5,0.04398606296081943,2.172,2.195,2.14,2.075
ds_3,19134,1785086300.63914,1.5296177222222223,1.496129722222222,1.5,1.5,0.029869524932778554,2.152,2.207,2.161,2.064
ds_3,19138,1785086300.7091746,1.545243111111111,1.5076124444444448,1.5,1.5,0.0458790629092627,2.177,2.197,2.145,2.071
ds_3,19142,1785086300.7764113,1.5165766666666674,1.4867354999999995,1.5,1.5,0.021230469566823354,2.133,2.204,2.163,2.074
ds_3,19146,1785086300.8260465,1.5317133333333335,1.5062858333333338,1.5,1.5,0.03233028320020674,2.162,2.197,2.162,2.063
ds_3,19150,1785086300.8993638,1.5160724444444444,1.4827377777777777,1.5,1.5,0.023586177869021892,2.119,2.197,2.151,2.065
ds_3,19154,1785086300.959703,1.5420127222222222,1.4923212222222222,1.5,1.5,0.04270869298728417,2.154,2.195,2.126,2.074
ds_3,19158,1785086301.0283704,1.521931444444444,1.474279444444445,1.5,1.5,0.03380140875031885,2.122,2.199,2.133,2.085
ds_3,19162,1785086301.0907774,1.5548022222222215,1.4905887222222227,1.5,1.5,0.05560445764418745,2.17,2.209,2.12,2.079
ds_3,19166,1785086301.1465797,1.5337995555555561,1.5076275555555554,1.5,1.5,0.034649524664938904,2.173,2.199,2.163,2.077
ds_3,19170,1785086301.2210698,1.5240458333333333,1.4721818333333334,1.5,1.5,0.03677026648514917,2.119,2.197,2.125,2.084
ds_3,19174,1785086301.2825727,1.515256111111111,1.4823836111111113,1.5,1.5,0.023304207425251,2.136,2.214,2.169,2.084
ds_3,19178,1785086301.3518007,1.5229307777777776,1.4746572777777778,1.5,1.5,0.03417709963011105,2.133,2.195,2.128,2.109
ds_3,19182,1785086301.4133844,1.5248838333333332,1.4823546666666665,1.5,1.5,0.030505129893274606,2.126,2.192,2.133,2.073
ds_3,19186,1785086301.4680917,1.535647777777778,1.4950664444444448,1.5,1.5,0.035987553833423974,2.156,2.202,2.146,2.072
ds_3,19190,1785086301.5448923,1.5496097777777775,1.4864912777777777,1.5,1.5,0.051416102800947806,2.163,2.22,2.133,2.072
ds_3,19194,1785086301.603275,1.530386333333333,1.4934708333333335,1.5,1.5,0.031079885308757663,2.149,2.197,2.146,2.075
ds_3,19198,1785086301.6683183,1.5220685,1.483511,1.5,1.5,0.027548245193659816,2.132,2.209,2.156,2.068
ds_3,19202,1785086301.7315564,1.5136145000000005,1.4781629999999997,1.5,1.5,0.025733425330686715,2.122,2.195,2.146,2.09
ds_3,19206,1785086301.7891622,1.5164557777777776,1.5047864444444448,1.5,1.5,0.017137755765891754,2.156,2.196,2.18,2.078
ds_3,19210,1785086301.8654778,1.5422625555555551,1.504562555555556,1.5,1.5,0.042508122932963285,2.168,2.201,2.149,2.061
ds_3,19214,1785086301.9284515,1.5236595000000004,1.476350333333333,1.5,1.5,0.03345263328490717,2.133,2.216,2.151,2.081
ds_3,19218,1785086302.0004308,1.5401589444444446,1.4983022777777777,1.5,1.5,0.04019481408883256,2.161,2.194,2.136,2.075
ds_3,19222,1785086302.0551271,1.5414862222222223,1.5087787222222222,1.5,1.5,0.042404865264808356,2.18,2.203,2.158,2.073
ds_3,19226,1785086302.1121802,1.546884611111111,1.492672111111111,1.5,1.5,0.04745381664953846,2.163,2.206,2.131,2.073
ds_3,19230,1785086302.1956532,1.5150559444444442,1.4837734444444441,1.5,1.5,0.022135549875973992,2.139,2.204,2.161,2.097
ds_3,19234,1785086302.2492843,1.5137125555555557,1.4810950555555558,1.5,1.5,0.0233544664745681,2.115,2.197,2.152,2.065
ds_3,19238,1785086302.3153386,1.5510455555555558,1.5042130555555557,1.5,1.5,0.051219123177671945,2.181,2.194,2.129,2.084
ds_3,19242,1785086302.374632,1.5312546666666673,1.5152239999999995,1.5,1.5,0.034765275267779325,2.175,2.197,2.175,2.065
ds_3,19246,1785086302.4328904,1.5249381666666664,1.4844688333333333,1.5,1.5,0.029379062182483075,2.134,2.196,2.14,2.079
ds_3,19250,1785086302.5083942,1.5287359999999997,1.4925026666666668,1.5,1.5,0.029697941058448644,2.135,2.199,2.149,2.049
ds_3,19254,1785086302.5675313,1.536263611111111,1.5043196111111117,1.5,1.5,0.0365199744108499,2.163,2.2,2.156,2.061
ds_3,19258,1785086302.6365492,1.532365055555556,1.5003330555555554,1.5,1.5,0.03236676917947336,2.154,2.206,2.162,2.053
ds_3,19262,1785086302.6960492,1.5128698333333332,1.4910998333333332,1.5,1.5,0.015647542194294373,2.125,2.192,2.162,2.063
ds_3,19266,1785086302.755447,1.522330555555555,1.4860972222222222,1.5,1.5,0.02630477031562915,2.136,2.199,2.149,2.079
ds_3,19270,1785086302.8288286,1.5498929444444443,1.4937069444444444,1.5,1.5,0.05028825363404171,2.175,2.2,2.122,2.097
ds_3,19274,1785086302.8965425,1.5202718888888893,1.4869678888888884,1.5,1.5,0.02409948960322255,2.124,2.195,2.149,2.059
ds_3,19278,1785086302.9559736,1.5222136666666666,1.490343,1.5,1.5,0.024221986619139525,2.134,2.195,2.151,2.067
ds_3,19282,1785086303.0171833,1.517998777777778,1.4939912777777777,1.5,1.5,0.01897526664470515,2.145,2.199,2.166,2.081
ds_3,19286,1785086303.0744395,1.5183415555555553,1.4901250555555556,1.5,1.5,0.02083091903825617,2.125,2.19,2.151,2.06
ds_3,19290,1785086303.1536517,1.5287601666666666,1.5048076666666665,1.5,1.5,0.029159232594020996,2.165,2.194,2.161,2.081
ds_3,19294,1785086303.2108994,1.520467333333333,1.4805648333333337,1.5,1.5,0.028224766378818097,2.129,2.204,2.149,2.078
ds_3,19298,1785086303.279614,1.5259518333333335,1.4711304999999997,1.5,1.5,0.038819398290173675,2.119,2.202,2.126,2.079
ds_3,19302,1785086303.342708,1.5010858888888887,1.4922858888888892,1.5,1.5,0.007790164626859588,2.129,2.206,2.194,2.07
ds_3,19306,1785086303.3962405,1.5285150000000003,1.5008890000000001,1.5,1.5,0.028528854621242977,2.161,2.2,2.162,2.078
ds_3,19310,1785086303.4704065,1.5477586111111112,1.490865444444444,1.5,1.5,0.048624325604165415,2.159,2.2,2.121,2.075
ds_3,19314,1785086303.5318823,1.5244223888888888,1.4782783888888889,1.5,1.5,0.03268457538813174,2.12,2.195,2.131,2.07
ds_3,19318,1785086303.598199,1.5296696111111117,1.4970071111111107,1.5,1.5,0.02982018120980886,2.154,2.2,2.155,2.073
ds_3,19322,1785086303.6607313,1.5549736111111112,1.4992897777777774,1.5,1.5,0.05497819871731547,2.174,2.208,2.131,2.063
ds_3,19326,1785086303.7175078,1.544154722222222,1.4826572222222223,1.5,1.5,0.04743850161599721,2.158,2.213,2.128,2.088
ds_3,19330,1785086303.7942646,1.5231893888888894,1.4696380555555555,1.5,1.5,0.03820465190899773,2.121,2.208,2.134,2.085
ds_3,19334,1785086303.8511386,1.5318941111111108,1.4927981111111113,1.5,1.5,0.032697118024923595,2.154,2.199,2.145,2.083
ds_3,19338,1785086303.9225233,1.5590053333333334,1.4992868333333333,1.5,1.5,0.05900964301258079,2.177,2.2,2.117,2.072
ds_3,19342,1785086303.9814892,1.5287585,1.4931109999999999,1.5,1.5,0.02957210921205988,2.152,2.207,2.158,2.074
ds_3,19346,1785086304.0410209,1.5331643888888893,1.4945538888888885,1.5,1.5,0.033608582484360376,2.163,2.212,2.159,2.081
ds_3,19350,1785086304.1183996,1.521739388888889,1.4833408888888884,1.5,1.5,0.02738844669335439,2.142,2.2,2.147,2.099
ds_3,19354,1785086304.1802309,1.538588,1.5024546666666665,1.5,1.5,0.03866599452289374,2.169,2.193,2.143,2.083
ds_3,19358,1785086304.2474074,1.5253069444444447,1.5042191111111103,1.5,1.5,0.025656233856162614,2.158,2.196,2.167,2.071
ds_3,19362,1785086304.3105936,1.5378089444444447,1.489446111111111,1.5,1.5,0.03925430996313807,2.152,2.199,2.132,2.08
ds_3,19366,1785086304.365593,1.5428893333333333,1.5045791666666668,1.5,1.5,0.043133092645194014,2.174,2.195,2.142,2.079
ds_3,19370,1785086304.4416046,1.522340055555556,1.4990440555555553,1.5,1.5,0.022360498921226945,2.145,2.2,2.168,2.059
ds_3,19374,1785086304.5010111,1.4880305555555555,1.4807238888888892,1.5,1.5,0.02268999911583368,2.112,2.197,2.187,2.097
ds_3,19378,1785086304.5701003,1.5152113888888892,1.501369888888889,1.5,1.5,0.015272948225438412,2.146,2.195,2.176,2.07
ds_3,19382,1785086304.6313696,1.5163071666666663,1.4866026666666667,1.5,1.5,0.0211047915208579,2.126,2.194,2.153,2.071
ds_3,19386,1785086304.686827,1.541257333333333,1.488026666666667,1.5,1.5,0.04295961201976637,2.147,2.195,2.121,2.073
ds_3,19390,1785086304.762867,1.5294272222222225,1.491046388888889,1.5,1.5,0.03075920284475975,2.145,2.199,2.146,2.073
ds_3,19394,1785086304.8206303,1.5372356666666667,1.507408166666666,1.5,1.5,0.03796545542295277,2.179,2.203,2.162,2.081
ds_3,19398,1785086304.8896198,1.5227074444444446,1.5023327777777777,1.5,1.5,0.022826955236255934,2.156,2.197,2.169,2.075
ds_3,19402,1785086304.9518154,1.547451444444444,1.483798111111111,1.5,1.5,0.05014120843609642,2.147,2.214,2.126,2.056
ds_3,19406,1785086305.0115426,1.5505479444444445,1.4870999444444444,1.5,1.5,0.05216805651828592,2.154,2.207,2.119,2.064
ds_3,19410,1785086305.0816495,1.5337359999999995,1.4883025000000003,1.5,1.5,0.035706430824852295,2.146,2.195,2.132,2.081
ds_3,19414,1785086305.1426744,1.5239401666666668,1.4964028333333335,1.5,1.5,0.024208907204902066,2.148,2.193,2.155,2.078
ds_3,19418,1785086305.21157,1.5313893333333333,1.499504,1.5,1.5,0.031393251872195514,2.16,2.196,2.152,2.08
ds_3,19422,1785086305.273943,1.517872888888889,1.5098483888888887,1.5,1.5,0.020406639138803837,2.163,2.194,2.183,2.078
ds_3,19426,1785086305.328839,1.536662777777778,1.4960814444444448,1.5,1.5,0.03687159275139467,2.161,2.202,2.146,2.078
ds_3,19430,1785086305.403454,1.5521577777777775,1.4967049444444445,1.5,1.5,0.05226175632171407,2.162,2.199,2.122,2.059
ds_3,19434,1785086305.4650745,1.5161694444444447,1.4850016111111115,1.5,1.5,0.022054537014054878,2.132,2.196,2.153,2.086
ds_3,19438,1785086305.5333025,1.51532,1.4741185000000003,1.5,1.5,0.030075811580903063,2.12,2.197,2.14,2.093
ds_3,19442,1785086305.5956013,1.505673,1.4801988333333336,1.5,1.5,0.020597794308155958,2.115,2.201,2.166,2.075
ds_3,19446,1785086305.6494012,1.531938111111111,1.4670181111111111,1.5,1.5,0.04591130510042905,2.124,2.209,2.119,2.085
ds_3,19450,1785086305.723763,1.5160508333333336,1.4775463333333332,1.5,1.5,0.027600659366620872,2.131,2.206,2.153,2.095
ds_3,19454,1785086305.785296,1.5233873888888894,1.4841113888888886,1.5,1.5,0.028273979593970815,2.127,2.209,2.155,2.054
ds_3,19458,1785086305.8608737,1.518873666666667,1.4841056666666665,1.5,1.5,0.024674787244383045,2.12,2.197,2.149,2.059
ds_3,19462,1785086305.91707,1.543093388888889,1.5153660555555553,1.5,1.5,0.045751019980601805,2.187,2.208,2.17,2.061
ds_3,19466,1785086305.9729881,1.5024873333333335,1.4777919999999998,1.5,1.5,0.022346858640782646,2.128,2.196,2.162,2.118
ds_3,19470,1785086306.0477228,1.516297277777778,1.4915566111111107,1.5,1.5,0.018354620096724214,2.138,2.2,2.166,2.075
ds_3,19474,1785086306.109719,1.513550166666667,1.477951666666666,1.5,1.5,0.025879258479953753,2.117,2.204,2.155,2.071
ds_3,19478,1785086306.1781895,1.5167561666666667,1.488396666666666,1.5,1.5,0.02038152265669995,2.131,2.201,2.162,2.068
ds_3,19482,1785086306.237338,1.5334230555555552,1.4771590555555558,1.5,1.5,0.040482210732418235,2.126,2.203,2.125,2.064
ds_3,19486,1785086306.2945666,1.5594085555555561,1.503827388888889,1.5,1.5,0.05953171741940921,2.196,2.204,2.127,2.094
ds_3,19490,1785086306.3740022,1.533332444444445,1.487103111111111,1.5,1.5,0.03574047559356697,2.149,2.199,2.135,2.087
ds_3,19494,1785086306.4338868,1.5129308333333333,1.4896881666666668,1.5,1.5,0.016539055516833056,2.128,2.195,2.163,2.07
ds_3,19498,1785086306.501475,1.531096333333333,1.5028278333333334,1.5,1.5,0.031224647125930264,2.174,2.194,2.155,2.102
ds_3,19502,1785086306.5617719,1.5111950555555556,1.4849630555555553,1.5,1.5,0.0187467055003617,2.136,2.204,2.168,2.093
ds_3,19506,1785086306.6172276,1.5349278888888895,1.4899158888888886,1.5,1.5,0.03635445941196009,2.138,2.209,2.147,2.043
ds_3,19510,1785086306.691813,1.508534277777778,1.4975217777777776,1.5,1.5,0.008886815097153259,2.148,2.21,2.195,2.079
ds_3,19514,1785086306.7512662,1.5309792777777775,1.4952827777777784,1.5,1.5,0.03133636604851498,2.175,2.21,2.161,2.109
ds_3,19522,1785086306.8825912,1.5279872777777779,1.4795351111111108,1.5,1.5,0.0346713050611753,2.147,2.203,2.136,2.108
ds_3,19526,1785086306.9364085,1.5367717777777778,1.4882526111111105,1.5,1.5,0.03860265258560713,2.159,2.206,2.139,2.092
ds_3,19530,1785086307.012982,1.5076782222222225,1.477850722222222,1.5,1.5,0.023442389011596176,2.122,2.203,2.162,2.091
ds_3,19534,1785086307.0739038,1.543630777777778,1.5024672777777779,1.5,1.5,0.043700483168113424,2.163,2.195,2.138,2.061
ds_3,19538,1785086307.1414552,1.518909777777778,1.4956884444444443,1.5,1.5,0.019395082029050333,2.143,2.193,2.161,2.077
ds_3,19542,1785086307.2037644,1.5446287777777774,1.5070674444444443,1.5,1.5,0.04518491536910903,2.17,2.193,2.141,2.063
ds_3,19546,1785086307.2582812,1.5123247777777782,1.4905147777777772,1.5,1.5,0.015552157016843818,2.139,2.196,2.166,2.09
ds_3,19550,1785086307.3355122,1.5244933888888885,1.4776608888888887,1.5,1.5,0.03315059553759034,2.126,2.194,2.129,2.085
ds_3,19554,1785086307.3985987,1.5452192222222225,1.4994917222222222,1.5,1.5,0.045222078730219,2.169,2.209,2.146,2.065
ds_3,19558,1785086307.462523,1.5342170000000004,1.4814744999999994,1.5,1.5,0.03891011744071264,2.138,2.204,2.131,2.074
ds_3,19562,1785086307.523367,1.5392528333333333,1.5014314999999996,1.5,1.5,0.03927892713586307,2.168,2.208,2.156,2.067
ds_3,19566,1785086307.5804455,1.5140737222222227,1.4901432222222217,1.5,1.5,0.017182133899745645,2.145,2.192,2.159,2.105
ds_3,19570,1785086307.661993,1.528068055555555,1.5004040555555556,1.5,1.5,0.028070963709172843,2.151,2.203,2.165,2.056
ds_3,19574,1785086307.719993,1.4971846111111113,1.4869412777777775,1.5,1.5,0.013358766435298024,2.122,2.202,2.188,2.081
ds_3,19578,1785086307.7862997,1.5276923888888887,1.4907768888888886,1.5,1.5,0.029187911554980305,2.139,2.197,2.146,2.066
ds_3,19582,1785086307.8463912,1.5254499444444443,1.4804172777777775,1.5,1.5,0.03211203328750804,2.132,2.21,2.148,2.071
ds_3,19586,1785086307.9033966,1.5206536666666668,1.4645591666666666,1.5,1.5,0.04101983196136835,2.114,2.224,2.147,2.072
ds_3,19590,1785086307.9769561,1.5158086111111104,1.4818197777777782,1.5,1.5,0.024092170207594254,2.113,2.193,2.146,2.06
ds_3,19594,1785086308.040021,1.524953222222222,1.5074732222222225,1.5,1.5,0.026048269609598093,2.158,2.197,2.173,2.061
ds_3,19598,1785086308.103989,1.5230703888888892,1.4808463888888885,1.5,1.5,0.029985057313273167,2.132,2.213,2.155,2.07
ds_3,19602,1785086308.1687694,1.5463448333333332,1.4921073333333332,1.5,1.5,0.04701210231212322,2.159,2.207,2.132,2.066
ds_3,19606,1785086308.2239604,1.5087571111111109,1.497055777777778,1.5,1.5,0.009238800761255089,2.14,2.202,2.186,2.072
ds_3,19610,1785086308.299902,1.5163712777777778,1.4981921111111112,1.5,1.5,0.01647079835077004,2.153,2.194,2.169,2.093
ds_3,19614,1785086308.3625753,1.522869777777778,1.4808777777777775,1.5,1.5,0.029810838940241304,2.133,2.201,2.143,2.085
ds_3,19618,1785086308.4277687,1.517588,1.4821364999999997,1.5,1.5,0.025068752985539726,2.126,2.195,2.146,2.081
ds_3,19622,1785086308.4889312,1.5183555555555555,1.4900740555555556,1.5,1.5,0.020867457748065033,2.128,2.195,2.156,2.061
ds_3,19626,1785086308.5465255,1.4996729444444443,1.4799404444444448,1.5,1.5,0.020062221572468585,2.112,2.206,2.179,2.073
ds_3,19630,1785086308.6237159,1.535640833333333,1.5130986666666668,1.5,1.5,0.03797162189239303,2.187,2.197,2.166,2.09
ds_3,19634,1785086308.6829596,1.518057333333333,1.4774386666666668,1.5,1.5,0.028897768925798904,2.118,2.204,2.148,2.068
ds_3,19638,1785086308.7477708,1.5226162777777772,1.4756321111111117,1.5,1.5,0.033245902445606504,2.122,2.201,2.136,2.078
ds_3,19642,1785086308.8107748,1.5053539444444444,1.484217777777778,1.5,1.5,0.016665631082734073,2.119,2.201,2.172,2.072
ds_3,19646,1785086308.8599517,1.5201976111111108,1.5063497777777783,1.5,1.5,0.02117222643991028,2.168,2.196,2.177,2.093
ds_3,19650,1785086308.9473283,1.515384888888889,1.4726590555555554,1.5,1.5,0.03137231341864455,2.127,2.202,2.143,2.106
ds_3,19654,1785086309.0017204,1.5375672222222223,1.4963277222222218,1.5,1.5,0.03774628206288663,2.159,2.199,2.142,2.075
ds_3,19658,1785086309.0709255,1.5351512222222221,1.4897387222222225,1.5,1.5,0.03661833209403116,2.148,2.194,2.131,2.08
ds_3,19662,1785086309.1303778,1.5284799999999998,1.483654,1.5,1.5,0.03283751080700226,2.134,2.2,2.138,2.072
ds_3,19666,1785086309.1876373,1.5216280555555557,1.4752920555555555,1.5,1.5,0.03283679804402307,2.117,2.204,2.14,2.067
ds_3,19670,1785086309.2645922,1.5179768888888892,1.4824437222222222,1.5,1.5,0.02512750332870261,2.121,2.2,2.151,2.064
ds_3,19674,1785086309.3236465,1.5199196666666668,1.4772135,1.5,1.5,0.03026578435066763,2.115,2.201,2.142,2.063
ds_3,19678,1785086309.3903055,1.533847222222222,1.483470555555556,1.5,1.5,0.0376677180859477,2.151,2.194,2.124,2.106
ds_3,19682,1785086309.4537983,1.5284756666666663,1.4785771666666667,1.5,1.5,0.03563427254959568,2.126,2.204,2.135,2.066
ds_3,19686,1785086309.511,1.5390124444444442,1.4956924444444444,1.5,1.5,0.03924953319970878,2.16,2.196,2.136,2.08
ds_3,19690,1785086309.5848656,1.5335425000000007,1.4921319999999996,1.5,1.5,0.03445293500197122,2.154,2.208,2.151,2.073
ds_3,19694,1785086309.645204,1.5287255,1.4859013333333329,1.5,1.5,0.03199885547996661,2.139,2.207,2.148,2.068
ds_3,19698,1785086309.7127438,1.5185156666666666,1.4930414999999995,1.5,1.5,0.019780056480230686,2.147,2.201,2.166,2.085
ds_3,19702,1785086309.7747223,1.5427909999999996,1.4936950000000007,1.5,1.5,0.043253008057243324,2.159,2.2,2.132,2.074
ds_3,19706,1785086309.8310866,1.5317516666666666,1.5047601666666668,1.5,1.5,0.03210650281182231,2.165,2.207,2.17,2.063
ds_3,19710,1785086309.9119039,1.5222592222222227,1.4882703888888884,1.5,1.5,0.025160619045568083,2.133,2.193,2.146,2.073
ds_3,19714,1785086309.968014,1.5326733888888888,1.4840648888888892,1.5,1.5,0.03635214034424947,2.148,2.21,2.143,2.083
ds_3,19718,1785086310.0326405,1.5164823888888888,1.488109888888889,1.5,1.5,0.02032348114175146,2.147,2.202,2.163,2.101
ds_3,19722,1785086310.0953913,1.508784277777777,1.4841116111111115,1.5,1.5,0.01815501136220251,2.125,2.194,2.16,2.087
ds_3,19726,1785086310.152112,1.528457611111111,1.492174277777778,1.5,1.5,0.029514023081420256,2.161,2.202,2.152,2.101
ds_3,19730,1785086310.227117,1.5391698333333332,1.4993956666666668,1.5,1.5,0.03917449504638038,2.16,2.197,2.142,2.068
ds_3,19734,1785086310.2918868,1.510198,1.4675115,1.5,1.5,0.034051458650841866,2.119,2.2,2.141,2.114
ds_3,19738,1785086310.3539774,1.5145820000000003,1.4891194999999997,1.5,1.5,0.01819395515686503,2.129,2.2,2.165,2.066
ds_3,19742,1785086310.4175467,1.5185967222222223,1.4982967222222223,1.5,1.5,0.018674561108598196,2.141,2.189,2.161,2.07
ds_3,19746,1785086310.472349,1.5327082222222226,1.5108982222222223,1.5,1.5,0.03447606486452934,2.17,2.196,2.166,2.066
ds_3,19750,1785086310.5497031,1.514086722222222,1.4820987222222222,1.5,1.5,0.022779189824118144,2.133,2.203,2.159,2.092
ds_3,19754,1785086310.611055,1.5191934999999999,1.5017135000000004,1.5,1.5,0.01926983457375792,2.158,2.197,2.173,2.086
ds_3,19758,1785086310.6783185,1.5469350555555557,1.5058095555555557,1.5,1.5,0.047293238161032966,2.177,2.193,2.136,2.078
ds_3,19762,1785086310.7378826,1.535259111111111,1.4715764444444441,1.5,1.5,0.04528910936158312,2.131,2.215,2.127,2.075
ds_3,19766,1785086310.7953753,1.5242691111111109,1.4823737777777775,1.5,1.5,0.029994557238782773,2.134,2.196,2.138,2.086
ds_3,19770,1785086310.8694427,1.5244802777777777,1.4939462777777779,1.5,1.5,0.025217683335726614,2.151,2.202,2.16,2.081
ds_3,19774,1785086310.927253,1.5502909999999999,1.4999143333333333,1.5,1.5,0.05029107296307928,2.165,2.194,2.124,2.064
ds_3,19778,1785086311.0022283,1.5187928888888893,1.4977437222222216,1.5,1.5,0.018927848852963603,2.139,2.192,2.163,2.064
ds_3,19782,1785086311.0663319,1.5321425,1.4996,1.5,1.5,0.032144988820187785,2.162,2.192,2.147,2.087
ds_3,19786,1785086311.1219966,1.5062783333333332,1.4735108333333335,1.5,1.5,0.027223031060829274,2.113,2.207,2.162,2.083
ds_3,19790,1785086311.1903515,1.5199857777777774,1.4816579444444449,1.5,1.5,0.027126782252706882,2.129,2.196,2.143,2.084
ds_3,19794,1785086311.2514577,1.5257458333333336,1.510412333333333,1.5,1.5,0.027771651363795932,2.168,2.201,2.18,2.068
ds_3,19798,1785086311.320037,1.5245093888888892,1.4847718888888888,1.5,1.5,0.028854904465604365,2.138,2.195,2.14,2.088
ds_3,19802,1785086311.3821368,1.5383969999999998,1.4943041666666668,1.5,1.5,0.038817162780928414,2.151,2.199,2.138,2.063
ds_3,19806,1785086311.4383826,1.5212759444444444,1.502356611111111,1.5,1.5,0.02140606054210104,2.17,2.196,2.17,2.107
ds_3,19810,1785086311.5108547,1.511853888888889,1.4798218888888888,1.5,1.5,0.02340236846565915,2.119,2.206,2.162,2.07
ds_3,19814,1785086311.577402,1.519794722222222,1.4863527222222221,1.5,1.5,0.024043278033553463,2.143,2.204,2.158,2.091
ds_3,19818,1785086311.6408393,1.5176258888888885,1.4733703888888892,1.5,1.5,0.03193443512969097,2.113,2.207,2.146,2.067
ds_3,19822,1785086311.7019858,1.5422569999999995,1.508845666666667,1.5,1.5,0.04317290664036584,2.173,2.202,2.156,2.058
ds_3,19826,1785086311.758287,1.5226268333333333,1.5030023333333333,1.5,1.5,0.022825152620275853,2.165,2.194,2.167,2.095
ds_3,19830,1785086311.8362064,1.5151253333333328,1.4889053333333333,1.5,1.5,0.01875812722232346,2.135,2.203,2.167,2.075
ds_3,19834,1785086311.8948905,1.5292358333333333,1.4735263333333333,1.5,1.5,0.03944095558518108,2.122,2.209,2.132,2.066
ds_3,19838,1785086311.967894,1.5301830555555558,1.4953670555555554,1.5,1.5,0.03053655214484892,2.154,2.2,2.152,2.077
ds_3,19846,1785086312.0805748,1.527728166666667,1.4965889999999997,1.5,1.5,0.02793718217169496,2.149,2.194,2.151,2.073
ds_3,19850,1785086312.1551466,1.5193609444444451,1.478648944444444,1.5,1.5,0.028822105112523134,2.133,2.209,2.153,2.088
ds_3,19854,1785086312.2284489,1.5232843333333341,1.487084333333333,1.5,1.5,0.026626577403456638,2.138,2.197,2.147,2.081
ds_3,19858,1785086312.2844048,1.5146831666666667,1.4719769999999999,1.5,1.5,0.031636749396249914,2.128,2.201,2.142,2.112
ds_3,19862,1785086312.3446765,1.5240210000000003,1.4993256666666666,1.5,1.5,0.024030463300661904,2.145,2.196,2.162,2.06
ds_3,19866,1785086312.402308,1.525599,1.4906869999999999,1.5,1.5,0.02724042529036576,2.143,2.206,2.158,2.068
ds_3,19870,1785086312.4781978,1.5301858888888895,1.4989320555555554,1.5,1.5,0.030204774346927397,2.148,2.202,2.159,2.052
ds_3,19874,1785086312.5399172,1.5123759999999997,1.4841075000000001,1.5,1.5,0.020142912705216908,2.129,2.194,2.155,2.09
ds_3,19878,1785086312.6070783,1.5349101111111112,1.4815314444444445,1.5,1.5,0.03949434645742057,2.158,2.201,2.127,2.117
ds_3,19882,1785086312.6683462,1.5289488888888885,1.4713222222222226,1.5,1.5,0.04074865772234456,2.115,2.201,2.121,2.067
ds_3,19886,1785086312.722636,1.5276641111111116,1.5022599444444438,1.5,1.5,0.0277562676248068,2.167,2.195,2.16,2.093
ds_3,19890,1785086312.803782,1.537921388888889,1.4903573888888888,1.5,1.5,0.03912814440147241,2.161,2.195,2.129,2.1
ds_3,19898,1785086312.925675,1.5143066666666665,1.4938666666666671,1.5,1.5,0.015565940025866656,2.156,2.204,2.176,2.104
ds_3,19902,1785086312.9790788,1.5159962777777778,1.4760021111111117,1.5,1.5,0.028840589000005825,2.122,2.209,2.154,2.078
ds_3,19906,1785086313.0448472,1.5380601111111116,1.4984142777777774,1.5,1.5,0.038093130256730195,2.162,2.19,2.135,2.084
ds_3,19910,1785086313.122504,1.5365711111111107,1.4831924444444449,1.5,1.5,0.040248479370707586,2.141,2.201,2.127,2.075
ds_3,19914,1785086313.185773,1.5121848333333334,1.4866406666666667,1.5,1.5,0.018081536175674425,2.145,2.207,2.172,2.102
ds_3,19918,1785086313.2475188,1.5416725000000004,1.4925764999999993,1.5,1.5,0.04232854366145908,2.161,2.2,2.132,2.083
ds_3,19922,1785086313.3099494,1.5238554444444445,1.4803154444444442,1.5,1.5,0.030928368160343396,2.136,2.207,2.147,2.085
ds_3,19926,1785086313.3652792,1.507528611111111,1.4720934444444445,1.5,1.5,0.02890425277078881,2.117,2.194,2.145,2.107
ds_3,19930,1785086313.442937,1.5525692222222223,1.4887692222222222,1.5,1.5,0.05375549734253433,2.172,2.219,2.131,2.081
ds_3,19934,1785086313.5026302,1.533693111111111,1.5010906111111109,1.5,1.5,0.03371075746614642,2.159,2.196,2.151,2.07
ds_3,19938,1785086313.5718603,1.515912277777778,1.4905314444444444,1.5,1.5,0.018516320595242768,2.14,2.193,2.158,2.09
ds_3,19942,1785086313.6317468,1.5306660555555551,1.4831020555555559,1.5,1.5,0.03501353295204462,2.139,2.195,2.129,2.086
ds_3,19946,1785086313.6892173,1.5065586666666662,1.4956211666666668,1.5,1.5,0.00788608203137324,2.146,2.195,2.18,2.099
ds_3,19950,1785086313.762257,1.5490662222222222,1.496396722222222,1.5,1.5,0.0491983513331933,2.17,2.201,2.128,2.079
ds_3,19954,1785086313.8225315,1.5230430555555554,1.4852910555555556,1.5,1.5,0.02733743689533026,2.136,2.204,2.152,2.075
ds_3,19958,1785086313.892527,1.5123213333333332,1.4867771666666667,1.5,1.5,0.018073698472427208,2.136,2.207,2.172,2.083
ds_3,19962,1785086313.9521542,1.5224943333333334,1.4766408333333327,1.5,1.5,0.03242908724389653,2.135,2.215,2.152,2.087
ds_3,19966,1785086314.005176,1.524304666666667,1.4722726666666666,1.5,1.5,0.03687169423223703,2.12,2.204,2.132,2.078
ds_3,19970,1785086314.0863032,1.5150675555555557,1.492453055555555,1.5,1.5,0.016851931665755597,2.139,2.204,2.173,2.072
ds_3,19974,1785086314.1443245,1.553163611111111,1.5069129444444442,1.5,1.5,0.05361117744710898,2.183,2.2,2.136,2.071
ds_3,19978,1785086314.212613,1.5283386111111112,1.478256111111111,1.5,1.5,0.03571937266693172,2.133,2.212,2.143,2.073
ds_3,19982,1785086314.272471,1.5259722777777776,1.4961994444444446,1.5,1.5,0.02624887493773591,2.158,2.199,2.158,2.09
ds_3,19986,1785086314.3324533,1.5320890555555555,1.4995315555555555,1.5,1.5,0.03209247461080338,2.159,2.193,2.148,2.08
ds_3,19990,1785086314.4061081,1.5317984444444446,1.5012924444444442,1.5,1.5,0.03182469924018769,2.16,2.2,2.158,2.07
ds_3,19994,1785086314.4652874,1.5333635555555554,1.5014635555555558,1.5,1.5,0.03339564094568073,2.167,2.197,2.153,2.085
ds_3,19998,1785086314.5333562,1.523717833333333,1.4750200000000002,1.5,1.5,0.03444613211998918,2.136,2.214,2.147,2.093
ds_3,20002,1785086314.5942383,1.5385683333333335,1.4921256666666665,1.5,1.5,0.03936396145658583,2.158,2.209,2.145,2.073
ds_3,20006,1785086314.6522088,1.533039333333333,1.5120095000000002,1.5,1.5,0.0351543117890408,2.185,2.19,2.161,2.1
ds_3,20010,1785086314.7274168,1.5103782222222224,1.4850440555555555,1.5,1.5,0.018204059182477424,2.118,2.189,2.154,2.073
ds_3,20014,1785086314.7871046,1.5415958333333337,1.5061933333333326,1.5,1.5,0.04205437823190643,2.17,2.192,2.143,2.071
ds_3,20018,1785086314.8572996,1.5124858333333329,1.487779166666667,1.5,1.5,0.01747125643417973,2.127,2.197,2.163,2.072
ds_3,20022,1785086314.9158328,1.5134921111111115,1.5061887777777776,1.5,1.5,0.014843787677587272,2.153,2.196,2.186,2.072
ds_3,20026,1785086314.9744473,1.5397645,1.5048844999999997,1.5,1.5,0.040063372305635926,2.173,2.204,2.156,2.071
ds_3,20030,1785086315.0476327,1.5325767222222226,1.473372722222222,1.5,1.5,0.04207439545137645,2.127,2.207,2.125,2.074
ds_3,20034,1785086315.1167705,1.5366866666666665,1.5076333333333334,1.5,1.5,0.037472380347248826,2.175,2.199,2.159,2.077
ds_3,20038,1785086315.1770368,1.5318707777777778,1.4767454444444439,1.5,1.5,0.03945276707972384,2.131,2.214,2.138,2.066
ds_3,20042,1785086315.2383964,1.530566944444445,1.4865554444444442,1.5,1.5,0.033393025720293915,2.136,2.195,2.134,2.07
ds_3,20046,1785086315.2978702,1.5232331111111108,1.4955057777777778,1.5,1.5,0.02366380115881505,2.152,2.208,2.17,2.074
ds_3,20050,1785086315.3699012,1.5313566111111112,1.5001744444444445,1.5,1.5,0.031357096345766146,2.173,2.197,2.154,2.104
ds_3,20054,1785086315.4332561,1.525389277777778,1.4906372777777774,1.5,1.5,0.027060598542672183,2.142,2.196,2.148,2.077
ds_3,20058,1785086315.506599,1.5210669444444445,1.4913487777777776,1.5,1.5,0.022774103586389153,2.138,2.195,2.154,2.074
ds_3,20062,1785086315.5614765,1.524178666666667,1.4964639999999996,1.5,1.5,0.024435859260066906,2.153,2.207,2.169,2.073
ds_3,20066,1785086315.6186023,1.5377898333333333,1.504485833333333,1.5,1.5,0.038055146879962906,2.167,2.195,2.149,2.072
ds_3,20070,1785086315.6916084,1.5152035555555559,1.4788535555555555,1.5,1.5,0.026044581282348343,2.12,2.206,2.156,2.07
ds_3,20074,1785086315.7524562,1.5317967222222222,1.492574722222222,1.5,1.5,0.0326522019801777,2.163,2.206,2.152,2.095
ds_3,20078,1785086315.8212807,1.5411567222222224,1.4941942222222222,1.5,1.5,0.04156420141999744,2.16,2.2,2.135,2.077
ds_3,20082,1785086315.8808587,1.5342114444444446,1.4965807777777778,1.5,1.5,0.034381884933497406,2.156,2.197,2.145,2.075
ds_3,20086,1785086315.9480603,1.5269253888888892,1.492811222222222,1.5,1.5,0.027868532303589127,2.154,2.201,2.154,2.088
ds_3,20090,1785086316.0123541,1.5245096111111107,1.4847537777777777,1.5,1.5,0.028864655356807333,2.138,2.196,2.141,2.087
ds_3,20094,1785086316.0746822,1.5058658333333335,1.483396,1.5,1.5,0.017609679630659042,2.112,2.19,2.159,2.071
ds_3,20098,1785086316.1400266,1.5193719444444445,1.4786972777777778,1.5,1.5,0.028793718162748644,2.134,2.207,2.151,2.092
ds_3,20102,1785086316.2024972,1.5225005,1.4977144999999996,1.5,1.5,0.022616277556220504,2.153,2.204,2.17,2.075
ds_3,20106,1785086316.2609406,1.536564888888889,1.4968273888888892,1.5,1.5,0.036702269149456415,2.156,2.195,2.14,2.073
ds_3,20110,1785086316.3339064,1.5268162777777778,1.4836762777777777,1.5,1.5,0.03139389528305172,2.133,2.187,2.127,2.086
ds_3,20114,1785086316.3958683,1.5337487777777783,1.504642111111111,1.5,1.5,0.03406654072637494,2.168,2.203,2.163,2.071
ds_3,20118,1785086316.4634147,1.5258721111111113,1.500479611111111,1.5,1.5,0.025876556188248676,2.172,2.194,2.159,2.112
ds_3,20122,1785086316.5245738,1.5293742222222224,1.4910817222222221,1.5,1.5,0.03069821834703297,2.141,2.194,2.141,2.07
ds_3,20126,1785086316.5835655,1.5196382777777777,1.4877529444444442,1.5,1.5,0.023144163926528624,2.131,2.196,2.152,2.071
ds_3,20130,1785086316.6567333,1.5289761666666666,1.5122206666666667,1.5,1.5,0.031447780978508116,2.165,2.197,2.174,2.056
ds_3,20134,1785086316.721002,1.5195926666666668,1.467512666666667,1.5,1.5,0.03793809977084003,2.108,2.206,2.134,2.072
ds_3,20138,1785086316.7894232,1.532401,1.4709885000000003,1.5,1.5,0.043491285716221115,2.128,2.21,2.125,2.08
ds_3,20142,1785086316.8469133,1.5283982222222223,1.5065882222222222,1.5,1.5,0.02915242181075364,2.162,2.196,2.166,2.068
ds_3,20146,1785086316.9028332,1.5354849444444447,1.5086661111111106,1.5,1.5,0.036527835468522396,2.174,2.193,2.156,2.08
ds_3,20150,1785086316.978146,1.5246872777777776,1.4934334444444448,1.5,1.5,0.02554567156958969,2.165,2.202,2.159,2.111
ds_3,20154,1785086317.0404212,1.5327483333333332,1.4800545,1.5,1.5,0.038344182170977355,2.132,2.202,2.129,2.07
ds_3,20158,1785086317.107741,1.5261408888888885,1.477112888888889,1.5,1.5,0.03474429344386731,2.125,2.197,2.129,2.079
ds_3,20162,1785086317.172903,1.5212903333333339,1.4936643333333326,1.5,1.5,0.022213035937385668,2.143,2.2,2.162,2.072
ds_3,20166,1785086317.2265453,1.5288683888888885,1.499801722222222,1.5,1.5,0.02886906979999986,2.166,2.2,2.16,2.091
ds_3,20170,1785086317.2995727,1.5279655555555554,1.4880263888888887,1.5,1.5,0.030421039768077956,2.139,2.206,2.151,2.064
ds_3,20174,1785086317.3592434,1.5358271111111108,1.495469777777778,1.5,1.5,0.036112391279872265,2.14,2.19,2.134,2.05
ds_3,20178,1785086317.427451,1.5327923333333338,1.4987878333333329,1.5,1.5,0.03281472952002273,2.158,2.194,2.147,2.078
ds_3,20182,1785086317.4899516,1.509660777777778,1.470618777777778,1.5,1.5,0.03092873819836826,2.111,2.196,2.142,2.094
ds_3,20186,1785086317.5461,1.5307478333333335,1.498877166666667,1.5,1.5,0.030768328023942092,2.163,2.195,2.151,2.09
ds_3,20190,1785086317.6236777,1.520248055555555,1.493268888888889,1.5,1.5,0.021337563370051594,2.154,2.206,2.169,2.091
ds_3,20194,1785086317.68242,1.5305228333333336,1.4858208333333331,1.5,1.5,0.033655491707232234,2.132,2.194,2.132,2.065
ds_3,20198,1785086317.7494462,1.542549444444444,1.4999612777777782,1.5,1.5,0.04254946206406524,2.177,2.195,2.136,2.099
ds_3,20202,1785086317.8109086,1.5454142777777777,1.506372277777778,1.5,1.5,0.045859159937294086,2.173,2.196,2.142,2.067
ds_3,20206,1785086317.8667893,1.5261311111111109,1.4864302777777778,1.5,1.5,0.029444393848226752,2.138,2.193,2.138,2.083
ds_3,20210,1785086317.9424329,1.5180358333333335,1.4659558333333336,1.5,1.5,0.03852656963779081,2.119,2.206,2.134,2.101
ds_3,20214,1785086318.002833,1.5572969444444447,1.5111956111111111,1.5,1.5,0.05838048947055011,2.183,2.193,2.129,2.06
ds_3,20218,1785086318.0703259,1.5437926111111113,1.4941241111111114,1.5,1.5,0.044185052429114476,2.151,2.194,2.125,2.061
ds_3,20226,1785086318.1944687,1.5338532222222225,1.505584722222222,1.5,1.5,0.034310782228427296,2.172,2.194,2.155,2.086
ds_3,20230,1785086318.2668178,1.536887166666667,1.514376,1.5,1.5,0.039589549639955104,2.18,2.194,2.163,2.073
ds_3,20234,1785086318.3236623,1.534694111111111,1.4969594444444443,1.5,1.5,0.034827091809057714,2.158,2.203,2.151,2.071
ds_3,20238,1785086318.3919535,1.5229718333333333,1.4859543333333332,1.5,1.5,0.026925561810397923,2.132,2.203,2.152,2.066
ds_3,20242,1785086318.4515402,1.5041934444444442,1.4896601111111112,1.5,1.5,0.011157879661620605,2.129,2.19,2.17,2.09
ds_3,20246,1785086318.5129673,1.5072546666666666,1.4775091666666669,1.5,1.5,0.02363192274175363,2.128,2.197,2.156,2.111
ds_3,20250,1785086318.583513,1.5474109444444444,1.496279111111111,1.5,1.5,0.04755673104028125,2.17,2.196,2.125,2.087
ds_3,20254,1785086318.644534,1.5399425555555557,1.4922905555555552,1.5,1.5,0.04067976496921576,2.156,2.199,2.133,2.077
ds_3,20258,1785086318.7131507,1.5376958888888892,1.4904733888888886,1.5,1.5,0.03888105397730148,2.16,2.212,2.147,2.08
ds_3,20262,1785086318.7737682,1.5244257222222224,1.489609722222222,1.5,1.5,0.026543808663727145,2.14,2.2,2.152,2.073
ds_3,20266,1785086318.83216,1.538702722222222,1.4910287222222225,1.5,1.5,0.039728887882453046,2.151,2.2,2.134,2.071
ds_3,20270,1785086318.9056292,1.5240556111111112,1.5036809444444446,1.5,1.5,0.02433560720286437,2.167,2.197,2.169,2.092
ds_3,20274,1785086318.9685328,1.5111828333333333,1.4784303333333337,1.5,1.5,0.024296219489299217,2.119,2.206,2.161,2.075
ds_3,20278,1785086319.0335417,1.5397847222222225,1.494772722222222,1.5,1.5,0.04012665641771636,2.163,2.209,2.147,2.074
ds_3,20282,1785086319.0982356,1.5153568333333334,1.4955703333333332,1.5,1.5,0.015982937051917518,2.153,2.212,2.185,2.083
ds_3,20286,1785086319.153649,1.5256214444444447,1.4916012777777776,1.5,1.5,0.026962880973401524,2.143,2.195,2.148,2.077
ds_3,20294,1785086319.2834802,1.5067035,1.4913980000000002,1.5,1.5,0.010905563545731866,2.129,2.197,2.176,2.074
ds_3,20298,1785086319.3562932,1.5214140000000003,1.4953020000000001,1.5,1.5,0.021923288986828826,2.152,2.194,2.158,2.092
ds_3,20302,1785086319.4195607,1.5273489444444448,1.4781622777777772,1.5,1.5,0.03499786956487911,2.129,2.204,2.136,2.075
ds_3,20306,1785086319.4736078,1.5352050000000002,1.4981364999999995,1.5,1.5,0.035254285657917,2.162,2.206,2.155,2.072
ds_3,20310,1785086319.5488224,1.5165557777777776,1.491815111111111,1.5,1.5,0.018468518726487304,2.14,2.2,2.166,2.078
ds_3,20314,1785086319.6127656,1.5397805000000007,1.5070729999999997,1.5,1.5,0.04040439962739266,2.176,2.203,2.158,2.072
ds_3,20318,1785086319.6764424,1.5162791111111107,1.4871724444444447,1.5,1.5,0.020725724115184592,2.149,2.203,2.163,2.107
ds_3,20322,1785086319.742381,1.5313648333333332,1.4965328333333332,1.5,1.5,0.03155588716423947,2.17,2.201,2.153,2.104
ds_3,20326,1785086319.7966442,1.4995143888888882,1.4958568888888886,1.5,1.5,0.004171473100746332,2.139,2.197,2.192,2.092
ds_3,20330,1785086319.87384,1.5152419444444447,1.4617152777777778,1.5,1.5,0.041207242398397105,2.122,2.207,2.133,2.122
ds_3,20334,1785086319.9312403,1.5270686666666666,1.5023959999999996,1.5,1.5,0.027174501487812197,2.16,2.194,2.16,2.08
ds_3,20338,1785086319.9991446,1.535585888888889,1.5008338888888884,1.5,1.5,0.03559565786288208,2.159,2.196,2.148,2.068
ds_3,20342,1785086320.0619276,1.5318284444444443,1.4834656111111109,1.5,1.5,0.03586691918303131,2.138,2.199,2.132,2.077
ds_3,20346,1785086320.1170256,1.5238770000000006,1.4925084999999993,1.5,1.5,0.025024661860853146,2.158,2.21,2.167,2.092
ds_3,20350,1785086320.1906316,1.5460728333333333,1.522142333333333,1.5,1.5,0.05111740307180661,2.195,2.192,2.159,2.071
ds_3,20354,1785086320.2522101,1.5272458333333336,1.4772783333333335,1.5,1.5,0.03547688783051438,2.12,2.207,2.138,2.056
ds_3,20358,1785086320.320774,1.5229866666666667,1.4724466666666662,1.5,1.5,0.03588276776145129,2.135,2.201,2.131,2.113
ds_3,20362,1785086320.3859391,1.5287406111111113,1.4810226111111113,1.5,1.5,0.03444073193299247,2.132,2.202,2.136,2.073
ds_3,20366,1785086320.44141,1.5243223333333331,1.4731195,1.5,1.5,0.03625103004092121,2.125,2.199,2.128,2.091
ds_3,20374,1785086320.575696,1.527452166666667,1.470295666666666,1.5,1.5,0.04044711205354811,2.125,2.21,2.131,2.083
ds_3,20378,1785086320.6422558,1.545935944444445,1.491165277777777,1.5,1.5,0.0467778078659846,2.162,2.2,2.124,2.083
ds_3,20382,1785086320.702664,1.5086924444444445,1.4810664444444446,1.5,1.5,0.020833581458670467,2.142,2.2,2.162,2.124
ds_3,20386,1785086320.7606547,1.5220351666666667,1.4893576666666666,1.5,1.5,0.024470550235038843,2.138,2.201,2.156,2.072
ds_3,20390,1785086320.8345256,1.5389334444444447,1.4977509444444441,1.5,1.5,0.038998350570256655,2.158,2.196,2.139,2.07
ds_3,20394,1785086320.8959937,1.537557,1.4877275000000003,1.5,1.5,0.039511295919648054,2.149,2.201,2.132,2.077
ds_3,20398,1785086320.9634888,1.5188933333333339,1.486185833333333,1.5,1.5,0.023404897887812196,2.128,2.203,2.158,2.063
ds_3,20402,1785086321.0268927,1.5116320555555551,1.4811820555555557,1.5,1.5,0.022122833217328036,2.119,2.196,2.154,2.077
ds_3,20406,1785086321.0836163,1.5182515555555556,1.4711590555555554,1.5,1.5,0.03413091496935107,2.127,2.206,2.141,2.102
ds_3,20410,1785086321.156466,1.523965944444444,1.4764239444444445,1.5,1.5,0.03361840104277443,2.118,2.194,2.128,2.073
ds_3,20414,1785086321.2208576,1.5281811111111112,1.4760051111111108,1.5,1.5,0.03701256160071788,2.136,2.21,2.138,2.088
ds_3,20418,1785086321.2897062,1.5039903333333338,1.4712678333333329,1.5,1.5,0.029007932733517074,2.122,2.204,2.159,2.114
ds_3,20422,1785086321.3470392,1.5449286666666664,1.4995581666666666,1.5,1.5,0.04493083913236948,2.155,2.192,2.129,2.054
ds_3,20426,1785086321.4050002,1.5396425,1.4681479999999996,1.5,1.5,0.05085349260621172,2.122,2.216,2.117,2.059
ds_3,20430,1785086321.4823265,1.5306030555555554,1.480888555555555,1.5,1.5,0.03608038688941009,2.131,2.196,2.127,2.075
ds_3,20434,1785086321.5406103,1.4945886666666663,1.4843733333333335,1.5,1.5,0.01653708679167986,2.108,2.196,2.182,2.07
ds_3,20438,1785086321.6049376,1.5316786111111114,1.4632627777777776,1.5,1.5,0.04850935887572605,2.117,2.208,2.113,2.083
ds_3,20442,1785086321.670107,1.512812,1.48664,1.5,1.5,0.018510454991706775,2.133,2.199,2.163,2.085
ds_3,20446,1785086321.7276645,1.5129182777777779,1.482995111111111,1.5,1.5,0.021355283816125902,2.12,2.21,2.169,2.057
ds_3,20450,1785086321.7992096,1.537851555555556,1.4995590555555551,1.5,1.5,0.03785412381733905,2.153,2.194,2.141,2.058
ds_3,20454,1785086321.8626952,1.5313596666666665,1.4872261666666664,1.5,1.5,0.033861475329232414,2.143,2.201,2.14,2.075
ds_3,20458,1785086321.928027,1.5379982222222224,1.500194222222222,1.5,1.5,0.03799871858788135,2.163,2.207,2.155,2.063
ds_3,20462,1785086321.9891803,1.5145163333333338,1.4666883333333327,1.5,1.5,0.036337185768240375,2.132,2.207,2.141,2.129
ds_3,20466,1785086322.0470555,1.5535528333333335,1.5009076666666663,1.5,1.5,0.053560524799572046,2.175,2.2,2.127,2.071
ds_3,20470,1785086322.1192706,1.5398998333333336,1.4799323333333334,1.5,1.5,0.04466215339045173,2.156,2.209,2.126,2.102
ds_3,20474,1785086322.1811166,1.545202555555555,1.4889385555555557,1.5,1.5,0.046536293169423926,2.158,2.203,2.125,2.079
ds_3,20478,1785086322.2454958,1.528840888888889,1.4877153888888888,1.5,1.5,0.031348182436187165,2.132,2.193,2.136,2.063
ds_3,20482,1785086322.3027086,1.5236198333333333,1.4795880000000001,1.5,1.5,0.031217723662920027,2.136,2.196,2.135,2.099
ds_3,20486,1785086322.367648,1.5536847222222219,1.5081672222222227,1.5,1.5,0.05430242093041792,2.186,2.199,2.136,2.074
ds_3,20490,1785086322.4415152,1.5437960555555554,1.4854625555555556,1.5,1.5,0.04614576657940146,2.142,2.201,2.12,2.06
ds_3,20494,1785086322.5042164,1.5267041111111113,1.4755722777777778,1.5,1.5,0.036191479151875317,2.134,2.196,2.125,2.102
ds_3,20498,1785086322.569588,1.5390342222222222,1.4796662222222223,1.5,1.5,0.04401287338052209,2.143,2.213,2.131,2.073
ds_3,20502,1785086322.6344452,1.514106944444445,1.4786391111111106,1.5,1.5,0.025598700273297838,2.126,2.196,2.147,2.095
ds_3,20506,1785086322.6902947,1.5314,1.4916441666666669,1.5,1.5,0.03249276766750482,2.151,2.196,2.141,2.084
ds_3,20510,1785086322.7631192,1.5250331666666668,1.4786544999999998,1.5,1.5,0.03289817325644581,2.133,2.206,2.142,2.083
ds_3,20514,1785086322.824494,1.5187320555555561,1.481867555555555,1.5,1.5,0.026070585855851567,2.122,2.194,2.143,2.073
ds_3,20518,1785086322.8945484,1.5446259444444446,1.4918347777777776,1.5,1.5,0.04536679150542748,2.167,2.206,2.133,2.087
ds_3,20526,1785086323.014063,1.5260454444444445,1.5063939444444439,1.5,1.5,0.026818793818277453,2.163,2.197,2.17,2.073
ds_3,20530,1785086323.0856926,1.5360867777777778,1.5135549444444443,1.5,1.5,0.038548567408850466,2.176,2.196,2.165,2.066
ds_3,20534,1785086323.143855,1.5246610555555555,1.4920435555555556,1.5,1.5,0.02591278968601658,2.161,2.197,2.152,2.112
ds_3,20538,1785086323.2136514,1.514077222222222,1.4965412222222223,1.5,1.5,0.014495907326203207,2.145,2.204,2.18,2.074
ds_3,20542,1785086323.2737603,1.5227343333333339,1.4930025,1.5,1.5,0.02378686440792764,2.142,2.196,2.155,2.074
ds_3,20546,1785086323.3377767,1.5345175000000009,1.4803049999999995,1.5,1.5,0.03974104718361204,2.141,2.206,2.131,2.081
ds_3,20550,1785086323.404676,1.5326151666666665,1.514436,1.5,1.5,0.03566717247966864,2.18,2.194,2.169,2.079
ds_3,20554,1785086323.467351,1.511725777777778,1.4942297777777773,1.5,1.5,0.01306863914061688,2.139,2.199,2.175,2.077
ds_3,20558,1785086323.533956,1.5274630555555557,1.4938830555555556,1.5,1.5,0.02813603436492001,2.162,2.213,2.167,2.088
ds_3,20562,1785086323.596111,1.5244858888888884,1.4962043888888892,1.5,1.5,0.02477832557671673,2.139,2.195,2.156,2.057
ds_3,20566,1785086323.6555605,1.5106510000000004,1.4673509999999998,1.5,1.5,0.03434240821491729,2.122,2.195,2.135,2.125
ds_3,20570,1785086323.7317224,1.5291731666666668,1.4929064999999997,1.5,1.5,0.030023180970895198,2.147,2.201,2.151,2.07
ds_3,20574,1785086323.7888823,1.5260353333333332,1.5028033333333337,1.5,1.5,0.026185821727712694,2.156,2.194,2.162,2.072
ds_3,20578,1785086323.8564785,1.5287456666666668,1.4821750000000002,1.5,1.5,0.03382371914960135,2.152,2.215,2.151,2.097
ds_3,20582,1785086323.9219713,1.5217399999999996,1.4956159999999998,1.5,1.5,0.022177625120828114,2.143,2.195,2.159,2.071
ds_3,20586,1785086323.974075,1.536613666666667,1.4961256666666667,1.5,1.5,0.036818080416496174,2.158,2.197,2.141,2.077
ds_3,20590,1785086324.0488374,1.5384063333333338,1.4921556666666664,1.5,1.5,0.03919923475727036,2.149,2.2,2.136,2.064
ds_3,20594,1785086324.1109486,1.5110461666666668,1.4950154999999998,1.5,1.5,0.012118706130515024,2.142,2.197,2.175,2.084
ds_3,20598,1785086324.178598,1.5133868333333333,1.4887141666666672,1.5,1.5,0.017509350094227084,2.124,2.194,2.16,2.065
ds_3,20602,1785086324.2395828,1.5099056666666668,1.4887405,1.5,1.5,0.01499661869759692,2.136,2.204,2.175,2.084
ds_3,20606,1785086324.2953331,1.5298760000000002,1.480848,1.5,1.5,0.03548766658995793,2.129,2.197,2.129,2.071
ds_3,20610,1785086324.3695424,1.5260992777777778,1.4862151111111113,1.5,1.5,0.029516020432988798,2.155,2.203,2.148,2.108
ds_3,20614,1785086324.43749,1.5087776111111115,1.4811642777777776,1.5,1.5,0.020780541101006765,2.119,2.199,2.161,2.078
ds_3,20618,1785086324.4984658,1.5253177777777778,1.4847924444444442,1.5,1.5,0.029534041673639128,2.147,2.199,2.143,2.101
ds_3,20622,1785086324.5601792,1.5329912777777779,1.5061724444444444,1.5,1.5,0.033563722675386494,2.165,2.193,2.156,2.072
ds_3,20626,1785086324.6169243,1.5183465000000005,1.4719464999999998,1.5,1.5,0.03352003765660217,2.111,2.207,2.143,2.066
ds_3,20630,1785086324.6906273,1.5151564444444447,1.4853836111111112,1.5,1.5,0.021056035532568164,2.128,2.199,2.158,2.075
ds_3,20634,1785086324.7576544,1.5111066666666668,1.4706186666666665,1.5,1.5,0.031410520417352226,2.119,2.197,2.141,2.107
ds_3,20638,1785086324.8196125,1.5086430000000004,1.4780249999999997,1.5,1.5,0.02361359934444599,2.127,2.208,2.166,2.094
ds_3,20642,1785086324.8818786,1.5463211666666665,1.490945333333333,1.5,1.5,0.04719785450426269,2.158,2.196,2.119,2.079
ds_3,20646,1785086324.938132,1.540014777777778,1.508617611111111,1.5,1.5,0.04093220812352169,2.18,2.212,2.169,2.066
ds_3,20650,1785086325.0135498,1.506664277777778,1.4957217777777778,1.5,1.5,0.007919329749549515,2.136,2.196,2.181,2.077
ds_3,20654,1785086325.0746603,1.5385718888888886,1.4885353888888888,1.5,1.5,0.04023963121582731,2.154,2.21,2.141,2.074
ds_3,20658,1785086325.1409311,1.5218933333333329,1.4686873333333337,1.5,1.5,0.03820734403517445,2.108,2.194,2.12,2.078
ds_3,20662,1785086325.2017632,1.5108524999999997,1.4722950000000006,1.5,1.5,0.02975472704042102,2.12,2.209,2.156,2.092
ds_3,20666,1785086325.2596622,1.5443133333333328,1.5017251666666669,1.5,1.5,0.044346901933943916,2.172,2.195,2.136,2.081
ds_3,20670,1785086325.3337805,1.5319366666666672,1.4882966666666666,1.5,1.5,0.03401350744761443,2.152,2.212,2.152,2.078
ds_3,20674,1785086325.3961663,1.5249166111111108,1.5024054444444443,1.5,1.5,0.025032452381611288,2.159,2.194,2.163,2.081
ds_3,20678,1785086325.4624276,1.5230183333333336,1.483134166666667,1.5,1.5,0.02853594230916897,2.115,2.203,2.148,2.039
ds_3,20682,1785086325.528492,1.5132379444444446,1.4735187777777776,1.5,1.5,0.02960571403457322,2.135,2.194,2.139,2.131
ds_3,20686,1785086325.5813422,1.5484751111111115,1.4937044444444436,1.5,1.5,0.04888220961646169,2.162,2.2,2.124,2.072
ds_3,20690,1785086325.6566973,1.523663888888889,1.4803838888888892,1.5,1.5,0.030737134747225982,2.119,2.194,2.134,2.064
ds_3,20694,1785086325.720001,1.5116037222222223,1.4955950555555557,1.5,1.5,0.012411684211626386,2.148,2.194,2.172,2.097
ds_3,20698,1785086325.78508,1.5015580555555557,1.4841020555555553,1.5,1.5,0.015974109511107278,2.113,2.194,2.17,2.073
ds_3,20702,1785086325.8496332,1.5170938888888892,1.4801953888888888,1.5,1.5,0.026161491903330714,2.12,2.196,2.145,2.074
ds_3,20706,1785086325.905279,1.536137,1.4903885000000001,1.5,1.5,0.037393364401321315,2.152,2.21,2.147,2.068
ds_3,20710,1785086325.9785771,1.5311202222222222,1.4956850555555554,1.5,1.5,0.03141794036405214,2.169,2.194,2.145,2.112
ds_3,20714,1785086326.0406656,1.5424689444444446,1.496951444444444,1.5,1.5,0.04257822134848558,2.158,2.199,2.136,2.064
ds_3,20718,1785086326.107154,1.5084295555555551,1.456349555555556,1.5,1.5,0.0444569309226547,2.098,2.206,2.134,2.1
ds_3,20722,1785086326.1687589,1.5122145000000002,1.4904645,1.5,1.5,0.015495798478942745,2.151,2.19,2.16,2.121
ds_3,20726,1785086326.2238214,1.5221008333333335,1.491594833333333,1.5,1.5,0.02364516146534491,2.146,2.2,2.158,2.083
ds_3,20730,1785086326.3014004,1.5113048888888891,1.4850488888888886,1.5,1.5,0.018743965328791204,2.126,2.206,2.17,2.07
ds_3,20734,1785086326.360446,1.5383884444444444,1.487895111111111,1.5,1.5,0.04025172048343459,2.143,2.199,2.129,2.065
ds_3,20738,1785086326.4283686,1.5307294999999999,1.4894330000000002,1.5,1.5,0.03249559445909531,2.151,2.202,2.145,2.085
ds_3,20742,1785086326.4845366,1.5041269999999993,1.4924630000000003,1.5,1.5,0.008592933026620751,2.134,2.195,2.179,2.087
ds_3,20746,1785086326.550707,1.5281419444444444,1.4955244444444442,1.5,1.5,0.02849560728682688,2.145,2.197,2.152,2.064
ds_3,20750,1785086326.6236482,1.5232932222222222,1.4775447222222224,1.5,1.5,0.032354500484028124,2.124,2.21,2.147,2.066
ds_3,20754,1785086326.6827707,1.5562245555555558,1.5036037222222216,1.5,1.5,0.056339927771294825,2.181,2.199,2.126,2.073
ds_3,20758,1785086326.7490897,1.5206557222222221,1.477195722222222,1.5,1.5,0.030768391987357046,2.118,2.203,2.143,2.066
ds_3,20762,1785086326.8107154,1.5293753888888886,1.4858553888888892,1.5,1.5,0.032603427670384544,2.151,2.206,2.146,2.093
ds_3,20766,1785086326.868057,1.5305544999999994,1.5109930000000005,1.5,1.5,0.032471888138049076,2.166,2.187,2.16,2.07
ds_3,20770,1785086326.94489,1.5458259444444444,1.503969277777778,1.5,1.5,0.04599752548020893,2.168,2.194,2.136,2.065
ds_3,20774,1785086327.003242,1.5265499444444448,1.4815172777777772,1.5,1.5,0.032349815621529505,2.146,2.21,2.148,2.095
ds_3,20778,1785086327.0707998,1.5085506666666668,1.4882039999999996,1.5,1.5,0.014569128884200852,2.136,2.194,2.166,2.098
ds_3,20782,1785086327.131687,1.5099820000000004,1.4801955000000002,1.5,1.5,0.02217788412473108,2.119,2.2,2.159,2.078
ds_3,20786,1785086327.1896913,1.5188108333333337,1.4789449999999997,1.5,1.5,0.028234030454302273,2.125,2.202,2.147,2.079
