ISO-10303-21;
HEADER;
FILE_DESCRIPTION (( 'STEP AP214' ),
    '1' );
FILE_NAME ('RF360 B39162B2651P810.STEP',
    '2025-03-28T10:12:34',
    ( '' ),
    ( '' ),
    'SwSTEP 2.0',
    'SolidWorks 2023',
    '' );
FILE_SCHEMA (( 'AUTOMOTIVE_DESIGN' ));
ENDSEC;

DATA;
#1 = SURFACE_SIDE_STYLE ('',( #2706 ) ) ;
#2 =( LENGTH_UNIT ( ) NAMED_UNIT ( * ) SI_UNIT ( .MILLI., .METRE. ) );
#3 = PRESENTATION_LAYER_ASSIGNMENT (  '', '', ( #3495 ) ) ;
#4 = ORIENTED_EDGE ( 'NONE', *, *, #3322, .T. ) ;
#5 = DIRECTION ( 'NONE',  ( -1.000000000000000000, 0.000000000000000000, -3.614007241618350743E-16 ) ) ;
#6 = STYLED_ITEM ( 'NONE', ( #3701 ), #1471 ) ;
#7 = FACE_OUTER_BOUND ( 'NONE', #1804, .T. ) ;
#8 = FILL_AREA_STYLE ('',( #2653 ) ) ;
#9 = PLANE ( 'NONE',  #2212 ) ;
#10 = VERTEX_POINT ( 'NONE', #2529 ) ;
#11 = FILL_AREA_STYLE ('',( #1773 ) ) ;
#12 = CLOSED_SHELL ( 'NONE', ( #695, #2476, #2839, #1957, #2907, #817, #2116 ) ) ;
#13 = MECHANICAL_DESIGN_GEOMETRIC_PRESENTATION_REPRESENTATION (  '', ( #3443 ), #392 ) ;
#14 = ORIENTED_EDGE ( 'NONE', *, *, #2345, .F. ) ;
#15 = PRESENTATION_STYLE_ASSIGNMENT (( #1523 ) ) ;
#16 =( NAMED_UNIT ( * ) PLANE_ANGLE_UNIT ( ) SI_UNIT ( $, .RADIAN. ) );
#17 = CARTESIAN_POINT ( 'NONE',  ( 0.3500000000000000333, 0.000000000000000000, 0.4500000000000023426 ) ) ;
#18 = DIRECTION ( 'NONE',  ( -0.7071067811865507924, -0.000000000000000000, 0.7071067811865441310 ) ) ;
#19 = ORIENTED_EDGE ( 'NONE', *, *, #1306, .T. ) ;
#20 = FILL_AREA_STYLE_COLOUR ( '', #513 ) ;
#21 = CARTESIAN_POINT ( 'NONE',  ( -0.7099999999999996314, 0.2000000000000000111, 0.5099999999999997868 ) ) ;
#22 = CARTESIAN_POINT ( 'NONE',  ( 0.3500000000000128564, 0.6422951503238740756, -0.4500000000000170530 ) ) ;
#23 = CARTESIAN_POINT ( 'NONE',  ( -0.1499999999999999667, 0.000000000000000000, -0.1250000000000039968 ) ) ;
#24 = VERTEX_POINT ( 'NONE', #1489 ) ;
#25 = EDGE_CURVE ( 'NONE', #10, #1879, #1594, .T. ) ;
#26 =( LENGTH_UNIT ( ) NAMED_UNIT ( * ) SI_UNIT ( .MILLI., .METRE. ) );
#27 = LINE ( 'NONE', #2098, #2151 ) ;
#28 = FACE_OUTER_BOUND ( 'NONE', #2106, .T. ) ;
#29 =( NAMED_UNIT ( * ) SI_UNIT ( $, .STERADIAN. ) SOLID_ANGLE_UNIT ( ) );
#30 = ORIENTED_EDGE ( 'NONE', *, *, #310, .F. ) ;
#31 = DIRECTION ( 'NONE',  ( 3.336006684570783101E-16, 0.000000000000000000, -1.000000000000000000 ) ) ;
#32 =( LENGTH_UNIT ( ) NAMED_UNIT ( * ) SI_UNIT ( .MILLI., .METRE. ) );
#33 = EDGE_LOOP ( 'NONE', ( #1454, #385, #72, #2661 ) ) ;
#34 = FACE_BOUND ( 'NONE', #767, .T. ) ;
#35 = PRESENTATION_STYLE_ASSIGNMENT (( #2735 ) ) ;
#36 = CARTESIAN_POINT ( 'NONE',  ( 0.3500000000000128564, 0.000000000000000000, -0.4500000000000170530 ) ) ;
#37 = VERTEX_POINT ( 'NONE', #2403 ) ;
#38 = AXIS2_PLACEMENT_3D ( 'NONE', #2979, #2046, #1185 ) ;
#39 = SURFACE_STYLE_USAGE ( .BOTH. , #1273 ) ;
#40 = MECHANICAL_DESIGN_GEOMETRIC_PRESENTATION_REPRESENTATION (  '', ( #175 ), #2384 ) ;
#41 = AXIS2_PLACEMENT_3D ( 'NONE', #1209, #3274, #3320 ) ;
#42 = ADVANCED_FACE ( 'NONE', ( #260 ), #892, .F. ) ;
#43 = CARTESIAN_POINT ( 'NONE',  ( -0.1500000000000001332, 0.2000000000000000111, 0.4499999999999963474 ) ) ;
#44 = EDGE_CURVE ( 'NONE', #2583, #1964, #2420, .T. ) ;
#45 = LINE ( 'NONE', #2468, #741 ) ;
#46 =( LENGTH_UNIT ( ) NAMED_UNIT ( * ) SI_UNIT ( .MILLI., .METRE. ) );
#47 = ORIENTED_EDGE ( 'NONE', *, *, #1338, .F. ) ;
#48 = STYLED_ITEM ( 'NONE', ( #249 ), #3631 ) ;
#49 = COLOUR_RGB ( '',1.000000000000000000, 1.000000000000000000, 1.000000000000000000 ) ;
#50 = CARTESIAN_POINT ( 'NONE',  ( 0.7100000000000004086, 0.2500000000000000000, 0.5099999999999993427 ) ) ;
#51 = PLANE ( 'NONE',  #3206 ) ;
#52 =( GEOMETRIC_REPRESENTATION_CONTEXT ( 3 ) GLOBAL_UNCERTAINTY_ASSIGNED_CONTEXT ( ( #1589 ) ) GLOBAL_UNIT_ASSIGNED_CONTEXT ( ( #3816, #2290, #2857 ) ) REPRESENTATION_CONTEXT ( 'NONE', 'WORKASPACE' ) );
#53 = PRESENTATION_LAYER_ASSIGNMENT (  '', '', ( #112 ) ) ;
#54 =( GEOMETRIC_REPRESENTATION_CONTEXT ( 3 ) GLOBAL_UNCERTAINTY_ASSIGNED_CONTEXT ( ( #1966 ) ) GLOBAL_UNIT_ASSIGNED_CONTEXT ( ( #1916, #144, #1327 ) ) REPRESENTATION_CONTEXT ( 'NONE', 'WORKASPACE' ) );
#55 = EDGE_LOOP ( 'NONE', ( #1134, #166, #3715, #2355 ) ) ;
#56 = VECTOR ( 'NONE', #1312, 1000.000000000000114 ) ;
#57 = CARTESIAN_POINT ( 'NONE',  ( 0.7100000000000004086, 0.2500000000000000000, 0.5099999999999993427 ) ) ;
#58 = MANIFOLD_SOLID_BREP ( 'Boss-Extrude4[4]', #2283 ) ;
#59 =( GEOMETRIC_REPRESENTATION_CONTEXT ( 3 ) GLOBAL_UNCERTAINTY_ASSIGNED_CONTEXT ( ( #1501 ) ) GLOBAL_UNIT_ASSIGNED_CONTEXT ( ( #986, #658, #351 ) ) REPRESENTATION_CONTEXT ( 'NONE', 'WORKASPACE' ) );
#60 = MECHANICAL_DESIGN_GEOMETRIC_PRESENTATION_REPRESENTATION (  '', ( #803 ), #3539 ) ;
#61 = SURFACE_STYLE_FILL_AREA ( #369 ) ;
#62 = STYLED_ITEM ( 'NONE', ( #1643 ), #2659 ) ;
#63 = ORIENTED_EDGE ( 'NONE', *, *, #1202, .T. ) ;
#64 = FILL_AREA_STYLE ('',( #678 ) ) ;
#65 = SURFACE_SIDE_STYLE ('',( #2762 ) ) ;
#66 = VERTEX_POINT ( 'NONE', #1247 ) ;
#67 = LINE ( 'NONE', #3419, #353 ) ;
#68 = EDGE_CURVE ( 'NONE', #2142, #594, #684, .T. ) ;
#69 = FILL_AREA_STYLE ('',( #3321 ) ) ;
#70 = LINE ( 'NONE', #3676, #1946 ) ;
#71 = SURFACE_STYLE_FILL_AREA ( #1604 ) ;
#72 = ORIENTED_EDGE ( 'NONE', *, *, #383, .F. ) ;
#73 = DIRECTION ( 'NONE',  ( 1.000000000000000000, -0.000000000000000000, 3.336006684570783101E-16 ) ) ;
#74 =( GEOMETRIC_REPRESENTATION_CONTEXT ( 3 ) GLOBAL_UNCERTAINTY_ASSIGNED_CONTEXT ( ( #288 ) ) GLOBAL_UNIT_ASSIGNED_CONTEXT ( ( #407, #1625, #3457 ) ) REPRESENTATION_CONTEXT ( 'NONE', 'WORKASPACE' ) );
#75 = FACE_BOUND ( 'NONE', #404, .T. ) ;
#76 = COLOUR_RGB ( '',0.2980392156862745057, 0.2980392156862745057, 0.2980392156862745057 ) ;
#77 =( NAMED_UNIT ( * ) SI_UNIT ( $, .STERADIAN. ) SOLID_ANGLE_UNIT ( ) );
#78 = ORIENTED_EDGE ( 'NONE', *, *, #3197, .F. ) ;
#79 = PLANE ( 'NONE',  #2323 ) ;
#80 = PLANE ( 'NONE',  #349 ) ;
#81 = DIRECTION ( 'NONE',  ( 1.000000000000000000, 0.000000000000000000, 1.282972570774514001E-14 ) ) ;
#82 = ORIENTED_EDGE ( 'NONE', *, *, #3916, .F. ) ;
#83 = COLOUR_RGB ( '',0.2980392156862745057, 0.2980392156862745057, 0.2980392156862745057 ) ;
#84 = LINE ( 'NONE', #2784, #1241 ) ;
#85 = LINE ( 'NONE', #1530, #3659 ) ;
#86 = ORIENTED_EDGE ( 'NONE', *, *, #290, .F. ) ;
#87 = FILL_AREA_STYLE ('',( #2158 ) ) ;
#88 = ORIENTED_EDGE ( 'NONE', *, *, #1441, .F. ) ;
#89 = FILL_AREA_STYLE ('',( #2794 ) ) ;
#90 = CARTESIAN_POINT ( 'NONE',  ( 0.3500000000000128564, 0.6422951503238740756, -0.4500000000000170530 ) ) ;
#91 = ADVANCED_FACE ( 'NONE', ( #3087 ), #1207, .F. ) ;
#92 = SURFACE_STYLE_FILL_AREA ( #3435 ) ;
#93 = ADVANCED_FACE ( 'NONE', ( #1046 ), #3500, .F. ) ;
#94 =( LENGTH_UNIT ( ) NAMED_UNIT ( * ) SI_UNIT ( .MILLI., .METRE. ) );
#95 = UNCERTAINTY_MEASURE_WITH_UNIT (LENGTH_MEASURE( 1.000000000000000082E-05 ), #3341, 'distance_accuracy_value', 'NONE');
#96 = VERTEX_POINT ( 'NONE', #3766 ) ;
#97 = CARTESIAN_POINT ( 'NONE',  ( -0.4199999999999999845, 0.4299999999999999933, 0.1749999999999999611 ) ) ;
#98 = SURFACE_STYLE_FILL_AREA ( #69 ) ;
#99 = VECTOR ( 'NONE', #114, 1000.000000000000000 ) ;
#100 = SURFACE_STYLE_FILL_AREA ( #1962 ) ;
#101 = DIRECTION ( 'NONE',  ( 3.936487887793323590E-14, 0.000000000000000000, -1.000000000000000000 ) ) ;
#102 = ORIENTED_EDGE ( 'NONE', *, *, #1036, .T. ) ;
#103 = DIRECTION ( 'NONE',  ( -3.336006684570783101E-16, 0.000000000000000000, 1.000000000000000000 ) ) ;
#104 = PLANE ( 'NONE',  #663 ) ;
#105 = STYLED_ITEM ( 'NONE', ( #2026 ), #3092 ) ;
#106 = CARTESIAN_POINT ( 'NONE',  ( 0.3500000000000000333, 0.2000000000000000111, 0.4500000000000023426 ) ) ;
#107 = VERTEX_POINT ( 'NONE', #3789 ) ;
#108 = PRESENTATION_LAYER_ASSIGNMENT (  '', '', ( #2000 ) ) ;
#109 = CARTESIAN_POINT ( 'NONE',  ( -0.1499999999999871714, 0.000000000000000000, -0.4500000000000205502 ) ) ;
#110 = STYLED_ITEM ( 'NONE', ( #2308 ), #219 ) ;
#111 = FILL_AREA_STYLE ('',( #2812 ) ) ;
#112 = STYLED_ITEM ( 'NONE', ( #3602 ), #3920 ) ;
#113 = VECTOR ( 'NONE', #548, 1000.000000000000000 ) ;
#114 = DIRECTION ( 'NONE',  ( -1.000000000000000000, -0.000000000000000000, -2.457524924300477559E-14 ) ) ;
#115 = COLOUR_RGB ( '',0.2980392156862745057, 0.2980392156862745057, 0.2980392156862745057 ) ;
#116 = MECHANICAL_DESIGN_GEOMETRIC_PRESENTATION_REPRESENTATION (  '', ( #1319 ), #1386 ) ;
#117 = CIRCLE ( 'NONE', #670, 0.07500000000000003886 ) ;
#118 =( NAMED_UNIT ( * ) SI_UNIT ( $, .STERADIAN. ) SOLID_ANGLE_UNIT ( ) );
#119 = EDGE_CURVE ( 'NONE', #1561, #3403, #2248, .T. ) ;
#120 = EDGE_CURVE ( 'NONE', #1488, #3707, #3193, .T. ) ;
#121 = CARTESIAN_POINT ( 'NONE',  ( -0.7499999999999995559, 0.2000000000000000111, -0.5500000000000001554 ) ) ;
#122 = MECHANICAL_DESIGN_GEOMETRIC_PRESENTATION_REPRESENTATION (  '', ( #3729 ), #3542 ) ;
#123 = AXIS2_PLACEMENT_3D ( 'NONE', #22, #3021, #2199 ) ;
#124 = UNCERTAINTY_MEASURE_WITH_UNIT (LENGTH_MEASURE( 1.000000000000000082E-05 ), #2329, 'distance_accuracy_value', 'NONE');
#125 = SURFACE_STYLE_FILL_AREA ( #3514 ) ;
#126 = DIRECTION ( 'NONE',  ( -3.969847954639077974E-14, 0.000000000000000000, 1.000000000000000000 ) ) ;
#127 = ORIENTED_EDGE ( 'NONE', *, *, #1908, .T. ) ;
#128 = PRESENTATION_LAYER_ASSIGNMENT (  '', '', ( #809 ) ) ;
#129 = SURFACE_STYLE_FILL_AREA ( #2504 ) ;
#130 = DIRECTION ( 'NONE',  ( 0.000000000000000000, -1.000000000000000000, 0.000000000000000000 ) ) ;
#131 = DIRECTION ( 'NONE',  ( -1.000000000000000000, 0.000000000000000000, 5.288791085295146491E-16 ) ) ;
#132 =( NAMED_UNIT ( * ) PLANE_ANGLE_UNIT ( ) SI_UNIT ( $, .RADIAN. ) );
#133 = ORIENTED_EDGE ( 'NONE', *, *, #3759, .T. ) ;
#134 =( NAMED_UNIT ( * ) PLANE_ANGLE_UNIT ( ) SI_UNIT ( $, .RADIAN. ) );
#135 = APPLICATION_PROTOCOL_DEFINITION ( 'draft international standard', 'automotive_design', 1998, #781 ) ;
#136 = PLANE ( 'NONE',  #3911 ) ;
#137 = LINE ( 'NONE', #168, #1121 ) ;
#138 = FACE_OUTER_BOUND ( 'NONE', #882, .T. ) ;
#139 = STYLED_ITEM ( 'NONE', ( #2406 ), #1283 ) ;
#140 = FILL_AREA_STYLE ('',( #1343 ) ) ;
#141 = FILL_AREA_STYLE_COLOUR ( '', #1240 ) ;
#142 = LINE ( 'NONE', #3362, #2941 ) ;
#143 =( GEOMETRIC_REPRESENTATION_CONTEXT ( 3 ) GLOBAL_UNCERTAINTY_ASSIGNED_CONTEXT ( ( #3164 ) ) GLOBAL_UNIT_ASSIGNED_CONTEXT ( ( #2594, #1105, #1089 ) ) REPRESENTATION_CONTEXT ( 'NONE', 'WORKASPACE' ) );
#144 =( NAMED_UNIT ( * ) PLANE_ANGLE_UNIT ( ) SI_UNIT ( $, .RADIAN. ) );
#145 = DIRECTION ( 'NONE',  ( -0.000000000000000000, 1.000000000000000000, 0.000000000000000000 ) ) ;
#146 = ORIENTED_EDGE ( 'NONE', *, *, #446, .T. ) ;
#147 =( NAMED_UNIT ( * ) SI_UNIT ( $, .STERADIAN. ) SOLID_ANGLE_UNIT ( ) );
#148 = SURFACE_STYLE_FILL_AREA ( #1410 ) ;
#149 = PLANE ( 'NONE',  #3596 ) ;
#150 = DIRECTION ( 'NONE',  ( 0.000000000000000000, -0.000000000000000000, 1.000000000000000000 ) ) ;
#152 = EDGE_CURVE ( 'NONE', #226, #2976, #3478, .T. ) ;
#151 = ORIENTED_EDGE ( 'NONE', *, *, #2307, .T. ) ;
#153 = VERTEX_POINT ( 'NONE', #462 ) ;
#154 = DIRECTION ( 'NONE',  ( 0.000000000000000000, 0.000000000000000000, -1.000000000000000000 ) ) ;
#155 = LINE ( 'NONE', #1965, #3343 ) ;
#156 = UNCERTAINTY_MEASURE_WITH_UNIT (LENGTH_MEASURE( 1.000000000000000082E-05 ), #2014, 'distance_accuracy_value', 'NONE');
#157 = UNCERTAINTY_MEASURE_WITH_UNIT (LENGTH_MEASURE( 1.000000000000000082E-05 ), #3182, 'distance_accuracy_value', 'NONE');
#158 = ORIENTED_EDGE ( 'NONE', *, *, #3684, .T. ) ;
#159 = CARTESIAN_POINT ( 'NONE',  ( -0.1500000000000001332, 0.2000000000000000111, 0.4499999999999963474 ) ) ;
#160 = LINE ( 'NONE', #21, #2501 ) ;
#161 = ORIENTED_EDGE ( 'NONE', *, *, #2195, .F. ) ;
#162 = DIRECTION ( 'NONE',  ( 0.000000000000000000, -1.000000000000000000, 0.000000000000000000 ) ) ;
#163 = PRESENTATION_STYLE_ASSIGNMENT (( #2249 ) ) ;
#164 = LINE ( 'NONE', #2898, #3479 ) ;
#165 = CARTESIAN_POINT ( 'NONE',  ( 0.000000000000000000, 0.000000000000000000, 0.000000000000000000 ) ) ;
#166 = ORIENTED_EDGE ( 'NONE', *, *, #1332, .F. ) ;
#167 = DIRECTION ( 'NONE',  ( -7.047314121155778821E-15, 0.000000000000000000, 1.000000000000000000 ) ) ;
#168 = CARTESIAN_POINT ( 'NONE',  ( -0.6500000000000001332, 0.2000000000000000111, 0.4499999999999928502 ) ) ;
#169 = EDGE_CURVE ( 'NONE', #1148, #107, #1672, .T. ) ;
#170 = EDGE_CURVE ( 'NONE', #504, #1977, #3813, .T. ) ;
#171 =( LENGTH_UNIT ( ) NAMED_UNIT ( * ) SI_UNIT ( .MILLI., .METRE. ) );
#172 = ORIENTED_EDGE ( 'NONE', *, *, #1662, .T. ) ;
#173 =( GEOMETRIC_REPRESENTATION_CONTEXT ( 3 ) GLOBAL_UNCERTAINTY_ASSIGNED_CONTEXT ( ( #3291 ) ) GLOBAL_UNIT_ASSIGNED_CONTEXT ( ( #544, #826, #3251 ) ) REPRESENTATION_CONTEXT ( 'NONE', 'WORKASPACE' ) );
#174 = EDGE_CURVE ( 'NONE', #1511, #3175, #3517, .T. ) ;
#175 = STYLED_ITEM ( 'NONE', ( #2848 ), #3262 ) ;
#176 = AXIS2_PLACEMENT_3D ( 'NONE', #788, #2546, #2569 ) ;
#177 = SURFACE_SIDE_STYLE ('',( #3806 ) ) ;
#178 = AXIS2_PLACEMENT_3D ( 'NONE', #495, #1768, #2342 ) ;
#179 = AXIS2_PLACEMENT_3D ( 'NONE', #1915, #3170, #1654 ) ;
#180 = PRESENTATION_LAYER_ASSIGNMENT (  '', '', ( #3838 ) ) ;
#181 =( NAMED_UNIT ( * ) SI_UNIT ( $, .STERADIAN. ) SOLID_ANGLE_UNIT ( ) );
#182 = STYLED_ITEM ( 'NONE', ( #1151 ), #286 ) ;
#183 = FACE_OUTER_BOUND ( 'NONE', #2749, .T. ) ;
#184 = VECTOR ( 'NONE', #3308, 1000.000000000000000 ) ;
#185 = AXIS2_PLACEMENT_3D ( 'NONE', #1575, #73, #934 ) ;
#186 = ORIENTED_EDGE ( 'NONE', *, *, #3469, .F. ) ;
#187 = PRESENTATION_LAYER_ASSIGNMENT (  '', '', ( #1890 ) ) ;
#188 =( GEOMETRIC_REPRESENTATION_CONTEXT ( 3 ) GLOBAL_UNCERTAINTY_ASSIGNED_CONTEXT ( ( #1968 ) ) GLOBAL_UNIT_ASSIGNED_CONTEXT ( ( #245, #1763, #1794 ) ) REPRESENTATION_CONTEXT ( 'NONE', 'WORKASPACE' ) );
#189 = DIRECTION ( 'NONE',  ( -0.000000000000000000, -1.000000000000000000, -0.000000000000000000 ) ) ;
#190 = VECTOR ( 'NONE', #3451, 1000.000000000000000 ) ;
#191 =( NAMED_UNIT ( * ) PLANE_ANGLE_UNIT ( ) SI_UNIT ( $, .RADIAN. ) );
#192 = VERTEX_POINT ( 'NONE', #2524 ) ;
#193 = PLANE ( 'NONE',  #176 ) ;
#194 = EDGE_CURVE ( 'NONE', #327, #3011, #1601, .T. ) ;
#195 = FILL_AREA_STYLE_COLOUR ( '', #304 ) ;
#196 = LINE ( 'NONE', #3738, #3834 ) ;
#197 = LINE ( 'NONE', #2002, #3099 ) ;
#198 = ORIENTED_EDGE ( 'NONE', *, *, #2069, .F. ) ;
#199 = CARTESIAN_POINT ( 'NONE',  ( 0.7500000000000000000, 0.2000000000000000111, -0.5500000000000000444 ) ) ;
#200 = ADVANCED_FACE ( 'NONE', ( #753 ), #2543, .F. ) ;
#201 = LINE ( 'NONE', #1668, #1200 ) ;
#202 = PLANE ( 'NONE',  #2831 ) ;
#203 = AXIS2_PLACEMENT_3D ( 'NONE', #3423, #970, #354 ) ;
#204 = ORIENTED_EDGE ( 'NONE', *, *, #1305, .F. ) ;
#205 = ADVANCED_FACE ( 'NONE', ( #490 ), #1678, .F. ) ;
#206 = AXIS2_PLACEMENT_3D ( 'NONE', #1539, #3353, #2655 ) ;
#207 = FILL_AREA_STYLE_COLOUR ( '', #2389 ) ;
#208 = SURFACE_SIDE_STYLE ('',( #1395 ) ) ;
#209 =( NAMED_UNIT ( * ) SI_UNIT ( $, .STERADIAN. ) SOLID_ANGLE_UNIT ( ) );
#210 = EDGE_LOOP ( 'NONE', ( #1657, #2895, #672, #1944 ) ) ;
#211 =( LENGTH_UNIT ( ) NAMED_UNIT ( * ) SI_UNIT ( .MILLI., .METRE. ) );
#212 = CARTESIAN_POINT ( 'NONE',  ( -0.6099999999999995426, 0.4500000000000000111, 0.4099999999999997535 ) ) ;
#213 = UNCERTAINTY_MEASURE_WITH_UNIT (LENGTH_MEASURE( 1.000000000000000082E-05 ), #276, 'distance_accuracy_value', 'NONE');
#214 = SURFACE_SIDE_STYLE ('',( #1402 ) ) ;
#215 = DIRECTION ( 'NONE',  ( 0.000000000000000000, -1.000000000000000000, 0.000000000000000000 ) ) ;
#216 = VECTOR ( 'NONE', #2584, 1000.000000000000000 ) ;
#217 = FILL_AREA_STYLE ('',( #2319 ) ) ;
#218 = LINE ( 'NONE', #2366, #1554 ) ;
#219 = ADVANCED_FACE ( 'NONE', ( #2566 ), #1051, .F. ) ;
#220 = EDGE_CURVE ( 'NONE', #3872, #3192, #1397, .T. ) ;
#221 = EDGE_LOOP ( 'NONE', ( #364, #3292, #933, #172 ) ) ;
#222 =( NAMED_UNIT ( * ) SI_UNIT ( $, .STERADIAN. ) SOLID_ANGLE_UNIT ( ) );
#223 = CARTESIAN_POINT ( 'NONE',  ( 0.3500000000000000333, 0.000000000000000000, -0.1250000000000004996 ) ) ;
#224 = SURFACE_STYLE_USAGE ( .BOTH. , #214 ) ;
#225 = CARTESIAN_POINT ( 'NONE',  ( -0.6500000000000001332, 0.6422951503238740756, 0.4499999999999928502 ) ) ;
#226 = VERTEX_POINT ( 'NONE', #314 ) ;
#227 = FACE_OUTER_BOUND ( 'NONE', #221, .T. ) ;
#228 = FACE_OUTER_BOUND ( 'NONE', #2636, .T. ) ;
#229 =( GEOMETRIC_REPRESENTATION_CONTEXT ( 3 ) GLOBAL_UNCERTAINTY_ASSIGNED_CONTEXT ( ( #213 ) ) GLOBAL_UNIT_ASSIGNED_CONTEXT ( ( #276, #2089, #2601 ) ) REPRESENTATION_CONTEXT ( 'NONE', 'WORKASPACE' ) );
#230 = VERTEX_POINT ( 'NONE', #1186 ) ;
#231 = VECTOR ( 'NONE', #3229, 1000.000000000000000 ) ;
#232 = SURFACE_SIDE_STYLE ('',( #838 ) ) ;
#233 = ORIENTED_EDGE ( 'NONE', *, *, #174, .F. ) ;
#234 = MECHANICAL_DESIGN_GEOMETRIC_PRESENTATION_REPRESENTATION (  '', ( #48 ), #2940 ) ;
#235 = STYLED_ITEM ( 'NONE', ( #3272 ), #2143 ) ;
#236 = DIRECTION ( 'NONE',  ( 0.000000000000000000, 0.000000000000000000, 1.000000000000000000 ) ) ;
#237 = STYLED_ITEM ( 'NONE', ( #3293 ), #200 ) ;
#238 = AXIS2_PLACEMENT_3D ( 'NONE', #1364, #2284, #2227 ) ;
#239 = VECTOR ( 'NONE', #2785, 1000.000000000000000 ) ;
#240 = PRESENTATION_STYLE_ASSIGNMENT (( #2414 ) ) ;
#241 = VERTEX_POINT ( 'NONE', #3252 ) ;
#242 = VECTOR ( 'NONE', #1010, 1000.000000000000000 ) ;
#243 =( LENGTH_UNIT ( ) NAMED_UNIT ( * ) SI_UNIT ( .MILLI., .METRE. ) );
#244 = AXIS2_PLACEMENT_3D ( 'NONE', #3873, #2058, #556 ) ;
#245 =( LENGTH_UNIT ( ) NAMED_UNIT ( * ) SI_UNIT ( .MILLI., .METRE. ) );
#246 = VECTOR ( 'NONE', #1598, 1000.000000000000000 ) ;
#247 = PLANE ( 'NONE',  #1180 ) ;
#248 = EDGE_LOOP ( 'NONE', ( #3572, #1989, #4, #2723 ) ) ;
#249 = PRESENTATION_STYLE_ASSIGNMENT (( #1419 ) ) ;
#250 = PRESENTATION_STYLE_ASSIGNMENT (( #2949 ) ) ;
#251 = EDGE_LOOP ( 'NONE', ( #1518, #2067, #1679, #3332 ) ) ;
#252 = DIRECTION ( 'NONE',  ( 1.000000000000000000, 0.000000000000000000, -2.666070915947961513E-16 ) ) ;
#253 = MECHANICAL_DESIGN_GEOMETRIC_PRESENTATION_REPRESENTATION (  '', ( #3365 ), #1642 ) ;
#254 = ORIENTED_EDGE ( 'NONE', *, *, #329, .T. ) ;
#255 = DIRECTION ( 'NONE',  ( 0.000000000000000000, -1.000000000000000000, 0.000000000000000000 ) ) ;
#256 = FILL_AREA_STYLE_COLOUR ( '', #1449 ) ;
#257 = PRESENTATION_STYLE_ASSIGNMENT (( #842 ) ) ;
#258 = STYLED_ITEM ( 'NONE', ( #3583 ), #1430 ) ;
#259 = VERTEX_POINT ( 'NONE', #1758 ) ;
#260 = FACE_OUTER_BOUND ( 'NONE', #1942, .T. ) ;
#261 = UNCERTAINTY_MEASURE_WITH_UNIT (LENGTH_MEASURE( 1.000000000000000082E-05 ), #3856, 'distance_accuracy_value', 'NONE');
#262 = DIRECTION ( 'NONE',  ( 1.000000000000000000, 0.000000000000000000, 3.614007241618350250E-16 ) ) ;
#263 = DIRECTION ( 'NONE',  ( -1.000000000000000000, 0.000000000000000000, -8.886903053159876229E-17 ) ) ;
#264 = MECHANICAL_DESIGN_GEOMETRIC_PRESENTATION_REPRESENTATION (  '', ( #3687 ), #1815 ) ;
#265 = SURFACE_STYLE_FILL_AREA ( #2080 ) ;
#266 = CARTESIAN_POINT ( 'NONE',  ( -0.7099999999999996314, 0.2000000000000000111, -0.5100000000000001199 ) ) ;
#267 = CLOSED_SHELL ( 'NONE', ( #3122, #2023, #91, #2962, #3092, #286, #2395, #3177, #1728, #2396, #1485, #1577, #1471, #1156, #2776, #2310, #1109, #1037, #1980, #1430, #2677, #2659, #1765, #3731, #93, #743, #2431, #3090, #2672, #1390, #2143, #837, #3425, #3561, #1348, #42, #219, #3567, #516, #1613, #2469, #1499, #205, #1408, #2496, #399, #3631, #3143, #2551, #2863 ) ) ;
#268 = ADVANCED_FACE ( 'NONE', ( #843 ), #3865, .T. ) ;
#269 = VERTEX_POINT ( 'NONE', #2722 ) ;
#270 =( NAMED_UNIT ( * ) SI_UNIT ( $, .STERADIAN. ) SOLID_ANGLE_UNIT ( ) );
#271 = UNCERTAINTY_MEASURE_WITH_UNIT (LENGTH_MEASURE( 1.000000000000000082E-05 ), #1566, 'distance_accuracy_value', 'NONE');
#272 = EDGE_LOOP ( 'NONE', ( #2047, #2554, #3406, #1428 ) ) ;
#273 =( LENGTH_UNIT ( ) NAMED_UNIT ( * ) SI_UNIT ( .MILLI., .METRE. ) );
#274 = CARTESIAN_POINT ( 'NONE',  ( -0.6500000000000000222, 0.2000000000000000111, 0.1249999999999928946 ) ) ;
#275 = LINE ( 'NONE', #2678, #2205 ) ;
#276 =( LENGTH_UNIT ( ) NAMED_UNIT ( * ) SI_UNIT ( .MILLI., .METRE. ) );
#277 =( NAMED_UNIT ( * ) SI_UNIT ( $, .STERADIAN. ) SOLID_ANGLE_UNIT ( ) );
#278 = EDGE_LOOP ( 'NONE', ( #3668, #589, #2133, #1873 ) ) ;
#279 =( NAMED_UNIT ( * ) SI_UNIT ( $, .STERADIAN. ) SOLID_ANGLE_UNIT ( ) );
#280 = CARTESIAN_POINT ( 'NONE',  ( -0.6500000000000000222, 0.6422951503238740756, -0.1250000000000074940 ) ) ;
#281 = FILL_AREA_STYLE ('',( #2666 ) ) ;
#282 = ORIENTED_EDGE ( 'NONE', *, *, #687, .T. ) ;
#283 = EDGE_CURVE ( 'NONE', #1515, #861, #1510, .T. ) ;
#284 = CARTESIAN_POINT ( 'NONE',  ( 0.6500000000000127898, 0.2000000000000000111, -0.4500000000000132228 ) ) ;
#285 = CARTESIAN_POINT ( 'NONE',  ( -0.1500000000000001332, 0.000000000000000000, 0.4499999999999963474 ) ) ;
#286 = ADVANCED_FACE ( 'NONE', ( #2074 ), #1487, .F. ) ;
#287 = VERTEX_POINT ( 'NONE', #2704 ) ;
#288 = UNCERTAINTY_MEASURE_WITH_UNIT (LENGTH_MEASURE( 1.000000000000000082E-05 ), #407, 'distance_accuracy_value', 'NONE');
#289 = CARTESIAN_POINT ( 'NONE',  ( -0.1500000000000001332, 0.6422951503238740756, 0.4499999999999963474 ) ) ;
#290 = EDGE_CURVE ( 'NONE', #3356, #192, #2376, .T. ) ;
#291 = ADVANCED_FACE ( 'NONE', ( #2980 ), #3898, .T. ) ;
#292 = CARTESIAN_POINT ( 'NONE',  ( -0.7499999999999995559, 0.2000000000000000111, -0.5500000000000001554 ) ) ;
#293 = COLOUR_RGB ( '',0.2980392156862745057, 0.2980392156862745057, 0.2980392156862745057 ) ;
#294 =( LENGTH_UNIT ( ) NAMED_UNIT ( * ) SI_UNIT ( .MILLI., .METRE. ) );
#295 = DIRECTION ( 'NONE',  ( -2.891205793294678326E-16, 0.000000000000000000, -1.000000000000000000 ) ) ;
#296 = ORIENTED_EDGE ( 'NONE', *, *, #220, .F. ) ;
#297 = CARTESIAN_POINT ( 'NONE',  ( 0.3500000000000000333, 0.000000000000000000, -0.1250000000000004996 ) ) ;
#298 = MECHANICAL_DESIGN_GEOMETRIC_PRESENTATION_REPRESENTATION (  '', ( #3784 ), #3597 ) ;
#299 = DIRECTION ( 'NONE',  ( 1.000000000000000000, 0.000000000000000000, -5.421010862427525128E-16 ) ) ;
#300 = FILL_AREA_STYLE ('',( #1155 ) ) ;
#301 =( GEOMETRIC_REPRESENTATION_CONTEXT ( 3 ) GLOBAL_UNCERTAINTY_ASSIGNED_CONTEXT ( ( #581 ) ) GLOBAL_UNIT_ASSIGNED_CONTEXT ( ( #1047, #2826, #1960 ) ) REPRESENTATION_CONTEXT ( 'NONE', 'WORKASPACE' ) );
#302 = ORIENTED_EDGE ( 'NONE', *, *, #496, .T. ) ;
#303 = AXIS2_PLACEMENT_3D ( 'NONE', #1615, #2244, #3472 ) ;
#304 = COLOUR_RGB ( '',0.8313725490196077761, 0.6705882352941175961, 0.1294117647058823373 ) ;
#305 = APPLICATION_PROTOCOL_DEFINITION ( 'draft international standard', 'automotive_design', 1998, #3704 ) ;
#306 = LINE ( 'NONE', #616, #1256 ) ;
#307 = CARTESIAN_POINT ( 'NONE',  ( -0.4199999999999999845, 0.4299999999999999933, 0.2500000000000000000 ) ) ;
#308 = ORIENTED_EDGE ( 'NONE', *, *, #3685, .T. ) ;
#309 = STYLED_ITEM ( 'NONE', ( #1830 ), #977 ) ;
#310 = EDGE_CURVE ( 'NONE', #3403, #3186, #3727, .T. ) ;
#311 = EDGE_CURVE ( 'NONE', #37, #427, #3084, .T. ) ;
#312 = ORIENTED_EDGE ( 'NONE', *, *, #2432, .F. ) ;
#313 = DIRECTION ( 'NONE',  ( 0.000000000000000000, 0.000000000000000000, -1.000000000000000000 ) ) ;
#314 = CARTESIAN_POINT ( 'NONE',  ( -0.1500000000000001332, 0.1999999999999999833, 0.4499999999999963474 ) ) ;
#315 = EDGE_LOOP ( 'NONE', ( #3216, #186, #2176, #2654 ) ) ;
#316 = MECHANICAL_DESIGN_GEOMETRIC_PRESENTATION_REPRESENTATION (  '', ( #758 ), #944 ) ;
#317 = CARTESIAN_POINT ( 'NONE',  ( -0.6500000000000001332, 0.2000000000000000111, 0.4499999999999928502 ) ) ;
#318 =( NAMED_UNIT ( * ) PLANE_ANGLE_UNIT ( ) SI_UNIT ( $, .RADIAN. ) );
#319 = CARTESIAN_POINT ( 'NONE',  ( -0.1499999999999999667, 0.000000000000000000, -0.1250000000000039968 ) ) ;
#320 = SURFACE_STYLE_USAGE ( .BOTH. , #2766 ) ;
#321 = CARTESIAN_POINT ( 'NONE',  ( 0.1499999999999998557, 0.2000000000000000111, -0.1250000000000041633 ) ) ;
#322 = LINE ( 'NONE', #1492, #3029 ) ;
#323 = ORIENTED_EDGE ( 'NONE', *, *, #2166, .F. ) ;
#324 = DIRECTION ( 'NONE',  ( -3.942553354492745503E-16, 0.000000000000000000, -1.000000000000000000 ) ) ;
#325 = SURFACE_SIDE_STYLE ('',( #2177 ) ) ;
#326 = PRESENTATION_STYLE_ASSIGNMENT (( #2957 ) ) ;
#327 = VERTEX_POINT ( 'NONE', #2798 ) ;
#328 = ORIENTED_EDGE ( 'NONE', *, *, #1929, .F. ) ;
#329 = EDGE_CURVE ( 'NONE', #1478, #1008, #2132, .T. ) ;
#330 = EDGE_CURVE ( 'NONE', #2858, #3600, #2192, .T. ) ;
#331 =( NAMED_UNIT ( * ) PLANE_ANGLE_UNIT ( ) SI_UNIT ( $, .RADIAN. ) );
#332 = LINE ( 'NONE', #17, #3404 ) ;
#333 = DIRECTION ( 'NONE',  ( 3.936487887793323590E-14, -0.000000000000000000, -1.000000000000000000 ) ) ;
#334 = ORIENTED_EDGE ( 'NONE', *, *, #3502, .T. ) ;
#335 = FILL_AREA_STYLE ('',( #3693 ) ) ;
#336 = SURFACE_STYLE_FILL_AREA ( #3649 ) ;
#337 = DIRECTION ( 'NONE',  ( -0.7071067811865507924, -0.000000000000000000, 0.7071067811865441310 ) ) ;
#338 = EDGE_LOOP ( 'NONE', ( #2301, #3590, #3774, #127 ) ) ;
#339 = CARTESIAN_POINT ( 'NONE',  ( 0.3500000000000000333, 0.000000000000000000, -0.1250000000000004996 ) ) ;
#340 =( NAMED_UNIT ( * ) PLANE_ANGLE_UNIT ( ) SI_UNIT ( $, .RADIAN. ) );
#341 = VERTEX_POINT ( 'NONE', #946 ) ;
#342 = CARTESIAN_POINT ( 'NONE',  ( 0.6500000000000127898, 0.1999999999999999833, -0.4500000000000132228 ) ) ;
#343 = CARTESIAN_POINT ( 'NONE',  ( 0.1500000000000127620, 0.2000000000000000111, -0.4500000000000166644 ) ) ;
#344 = ORIENTED_EDGE ( 'NONE', *, *, #356, .T. ) ;
#345 = SURFACE_SIDE_STYLE ('',( #2148 ) ) ;
#346 = SURFACE_STYLE_FILL_AREA ( #919 ) ;
#347 = PLANE ( 'NONE',  #547 ) ;
#348 = EDGE_LOOP ( 'NONE', ( #1831, #2589, #568, #494 ) ) ;
#349 = AXIS2_PLACEMENT_3D ( 'NONE', #2189, #3643, #602 ) ;
#350 = SURFACE_SIDE_STYLE ('',( #2134 ) ) ;
#351 =( NAMED_UNIT ( * ) SI_UNIT ( $, .STERADIAN. ) SOLID_ANGLE_UNIT ( ) );
#352 = COLOUR_RGB ( '',0.2980392156862745057, 0.2980392156862745057, 0.2980392156862745057 ) ;
#353 = VECTOR ( 'NONE', #3673, 1000.000000000000000 ) ;
#354 = DIRECTION ( 'NONE',  ( -1.000000000000000000, 0.000000000000000000, -3.614007241618350250E-16 ) ) ;
#356 = EDGE_CURVE ( 'NONE', #3707, #2808, #1899, .T. ) ;
#355 = ORIENTED_EDGE ( 'NONE', *, *, #2478, .T. ) ;
#357 = CARTESIAN_POINT ( 'NONE',  ( -0.6500000000000001332, 0.6422951503238740756, 0.4499999999999928502 ) ) ;
#358 = EDGE_CURVE ( 'NONE', #1555, #1605, #704, .T. ) ;
#359 = AXIS2_PLACEMENT_3D ( 'NONE', #2877, #1719, #2253 ) ;
#360 = PRESENTATION_LAYER_ASSIGNMENT (  '', '', ( #1565 ) ) ;
#361 = STYLED_ITEM ( 'NONE', ( #2235 ), #1728 ) ;
#362 = DIRECTION ( 'NONE',  ( -1.000000000000000000, 0.000000000000000000, 0.000000000000000000 ) ) ;
#364 = ORIENTED_EDGE ( 'NONE', *, *, #3201, .T. ) ;
#363 = EDGE_CURVE ( 'NONE', #2439, #1478, #3128, .T. ) ;
#365 =( GEOMETRIC_REPRESENTATION_CONTEXT ( 3 ) GLOBAL_UNCERTAINTY_ASSIGNED_CONTEXT ( ( #1861 ) ) GLOBAL_UNIT_ASSIGNED_CONTEXT ( ( #3062, #3675, #1590 ) ) REPRESENTATION_CONTEXT ( 'NONE', 'WORKASPACE' ) );
#366 = CARTESIAN_POINT ( 'NONE',  ( -0.6500000000000000222, 0.1999999999999999833, -0.1250000000000074940 ) ) ;
#367 = DIRECTION ( 'NONE',  ( 5.421010862427526114E-16, -0.000000000000000000, 1.000000000000000000 ) ) ;
#368 = MECHANICAL_DESIGN_GEOMETRIC_PRESENTATION_REPRESENTATION (  '', ( #1891 ), #188 ) ;
#369 = FILL_AREA_STYLE ('',( #1611 ) ) ;
#370 = ORIENTED_EDGE ( 'NONE', *, *, #2669, .F. ) ;
#371 = PRESENTATION_STYLE_ASSIGNMENT (( #3375 ) ) ;
#372 = DIRECTION ( 'NONE',  ( 1.000000000000000000, 0.000000000000000000, -3.054090626719730953E-16 ) ) ;
#373 = SURFACE_STYLE_FILL_AREA ( #3708 ) ;
#374 = SURFACE_STYLE_USAGE ( .BOTH. , #631 ) ;
#375 = CARTESIAN_POINT ( 'NONE',  ( -0.1499999999999871714, 0.000000000000000000, -0.4500000000000205502 ) ) ;
#376 = MECHANICAL_DESIGN_GEOMETRIC_PRESENTATION_REPRESENTATION (  '', ( #1012 ), #2896 ) ;
#377 = PRESENTATION_STYLE_ASSIGNMENT (( #1924 ) ) ;
#378 = ORIENTED_EDGE ( 'NONE', *, *, #3245, .T. ) ;
#379 = DIRECTION ( 'NONE',  ( -6.672013369141568175E-16, 0.000000000000000000, 1.000000000000000000 ) ) ;
#380 =( NAMED_UNIT ( * ) SI_UNIT ( $, .STERADIAN. ) SOLID_ANGLE_UNIT ( ) );
#381 = FILL_AREA_STYLE_COLOUR ( '', #2685 ) ;
#382 = PRESENTATION_LAYER_ASSIGNMENT (  '', '', ( #3554 ) ) ;
#383 = EDGE_CURVE ( 'NONE', #1148, #3505, #1617, .T. ) ;
#384 = PRESENTATION_STYLE_ASSIGNMENT (( #3760 ) ) ;
#385 = ORIENTED_EDGE ( 'NONE', *, *, #1637, .F. ) ;
#386 = MECHANICAL_DESIGN_GEOMETRIC_PRESENTATION_REPRESENTATION (  '', ( #2778 ), #3178 ) ;
#387 = PRESENTATION_STYLE_ASSIGNMENT (( #3446 ) ) ;
#388 = DIRECTION ( 'NONE',  ( -0.000000000000000000, -1.000000000000000000, -0.000000000000000000 ) ) ;
#389 = EDGE_CURVE ( 'NONE', #269, #1366, #3057, .T. ) ;
#390 = DIRECTION ( 'NONE',  ( -1.000000000000000000, 0.000000000000000000, -3.936487887793324221E-14 ) ) ;
#391 = FACE_OUTER_BOUND ( 'NONE', #1077, .T. ) ;
#392 =( GEOMETRIC_REPRESENTATION_CONTEXT ( 3 ) GLOBAL_UNCERTAINTY_ASSIGNED_CONTEXT ( ( #1791 ) ) GLOBAL_UNIT_ASSIGNED_CONTEXT ( ( #2464, #1658, #445 ) ) REPRESENTATION_CONTEXT ( 'NONE', 'WORKASPACE' ) );
#393 = DIRECTION ( 'NONE',  ( 0.000000000000000000, 0.000000000000000000, 1.000000000000000000 ) ) ;
#394 = CARTESIAN_POINT ( 'NONE',  ( -0.3499999999999872657, 0.2000000000000000111, -0.4500000000000202172 ) ) ;
#395 = ORIENTED_EDGE ( 'NONE', *, *, #3496, .T. ) ;
#396 = CARTESIAN_POINT ( 'NONE',  ( 0.6100000000000004308, 0.2500000000000000000, 0.4099999999999994760 ) ) ;
#397 = VERTEX_POINT ( 'NONE', #1839 ) ;
#398 = EDGE_CURVE ( 'NONE', #3044, #341, #2480, .T. ) ;
#399 = ADVANCED_FACE ( 'NONE', ( #2736 ), #347, .F. ) ;
#400 = FACE_OUTER_BOUND ( 'NONE', #2786, .T. ) ;
#401 = CARTESIAN_POINT ( 'NONE',  ( -0.1499999999999999667, 0.2000000000000000111, -0.1250000000000039968 ) ) ;
#402 = CARTESIAN_POINT ( 'NONE',  ( -0.1499999999999999667, 0.000000000000000000, -0.1250000000000039968 ) ) ;
#403 = CARTESIAN_POINT ( 'NONE',  ( -0.6499999999999871436, 0.1999999999999999833, -0.4500000000000240474 ) ) ;
#404 = EDGE_LOOP ( 'NONE', ( #3606, #3180 ) ) ;
#405 = CARTESIAN_POINT ( 'NONE',  ( -0.3499999999999872657, 0.2000000000000000111, -0.4500000000000202172 ) ) ;
#406 = SURFACE_STYLE_USAGE ( .BOTH. , #2232 ) ;
#407 =( LENGTH_UNIT ( ) NAMED_UNIT ( * ) SI_UNIT ( .MILLI., .METRE. ) );
#408 = EDGE_LOOP ( 'NONE', ( #2463, #2717, #344, #2674 ) ) ;
#409 = ORIENTED_EDGE ( 'NONE', *, *, #2195, .T. ) ;
#410 = FILL_AREA_STYLE ('',( #3521 ) ) ;
#411 = CARTESIAN_POINT ( 'NONE',  ( -0.7499999999999995559, 0.000000000000000000, 0.5499999999999998224 ) ) ;
#412 = LINE ( 'NONE', #2236, #1876 ) ;
#413 = AXIS2_PLACEMENT_3D ( 'NONE', #3780, #3527, #1068 ) ;
#414 = LINE ( 'NONE', #396, #560 ) ;
#415 = PRESENTATION_LAYER_ASSIGNMENT (  '', '', ( #862 ) ) ;
#416 = VECTOR ( 'NONE', #1153, 1000.000000000000000 ) ;
#417 = COLOUR_RGB ( '',0.2980392156862745057, 0.2980392156862745057, 0.2980392156862745057 ) ;
#418 = VECTOR ( 'NONE', #3573, 1000.000000000000000 ) ;
#419 = FACE_OUTER_BOUND ( 'NONE', #3555, .T. ) ;
#420 =( GEOMETRIC_REPRESENTATION_CONTEXT ( 3 ) GLOBAL_UNCERTAINTY_ASSIGNED_CONTEXT ( ( #156 ) ) GLOBAL_UNIT_ASSIGNED_CONTEXT ( ( #2014, #501, #2911 ) ) REPRESENTATION_CONTEXT ( 'NONE', 'WORKASPACE' ) );
#421 = AXIS2_PLACEMENT_3D ( 'NONE', #1739, #2684, #3849 ) ;
#422 = DIRECTION ( 'NONE',  ( -0.000000000000000000, -0.000000000000000000, 1.000000000000000000 ) ) ;
#423 = STYLED_ITEM ( 'NONE', ( #240 ), #742 ) ;
#424 = COLOUR_RGB ( '',0.2980392156862745057, 0.2980392156862745057, 0.2980392156862745057 ) ;
#425 = UNCERTAINTY_MEASURE_WITH_UNIT (LENGTH_MEASURE( 1.000000000000000082E-05 ), #2032, 'distance_accuracy_value', 'NONE');
#426 = DIRECTION ( 'NONE',  ( -3.942553354492745503E-16, 0.000000000000000000, -1.000000000000000000 ) ) ;
#427 = VERTEX_POINT ( 'NONE', #3150 ) ;
#428 = SURFACE_SIDE_STYLE ('',( #129 ) ) ;
#429 =( NAMED_UNIT ( * ) SI_UNIT ( $, .STERADIAN. ) SOLID_ANGLE_UNIT ( ) );
#430 = FACE_OUTER_BOUND ( 'NONE', #210, .T. ) ;
#431 = ORIENTED_EDGE ( 'NONE', *, *, #1595, .T. ) ;
#432 = CARTESIAN_POINT ( 'NONE',  ( 0.3500000000000000333, 0.2000000000000000111, 0.4500000000000023426 ) ) ;
#433 = DIRECTION ( 'NONE',  ( 0.000000000000000000, 0.000000000000000000, 1.000000000000000000 ) ) ;
#434 = CARTESIAN_POINT ( 'NONE',  ( -0.4199999999999999845, 0.4500000000000000111, 0.1749999999999999611 ) ) ;
#435 = AXIS2_PLACEMENT_3D ( 'NONE', #3232, #3832, #1300 ) ;
#436 = ORIENTED_EDGE ( 'NONE', *, *, #2698, .T. ) ;
#437 = STYLED_ITEM ( 'NONE', ( #2510 ), #1346 ) ;
#438 = SURFACE_STYLE_USAGE ( .BOTH. , #1953 ) ;
#439 = SURFACE_STYLE_USAGE ( .BOTH. , #3744 ) ;
#440 = COLOUR_RGB ( '',0.2980392156862745057, 0.2980392156862745057, 0.2980392156862745057 ) ;
#441 = CARTESIAN_POINT ( 'NONE',  ( -0.4199999999999999845, 0.4299999999999999933, 0.1749999999999999611 ) ) ;
#442 = CARTESIAN_POINT ( 'NONE',  ( 0.7500000000000004441, 0.2000000000000000111, 0.5499999999999993783 ) ) ;
#443 = EDGE_LOOP ( 'NONE', ( #2964, #1039, #2910, #151 ) ) ;
#444 = EDGE_CURVE ( 'NONE', #1301, #585, #1640, .T. ) ;
#445 =( NAMED_UNIT ( * ) SI_UNIT ( $, .STERADIAN. ) SOLID_ANGLE_UNIT ( ) );
#446 = EDGE_CURVE ( 'NONE', #3568, #1977, #3577, .T. ) ;
#447 = CARTESIAN_POINT ( 'NONE',  ( 0.3500000000000000333, 0.2000000000000000111, -0.1250000000000004996 ) ) ;
#448 = SURFACE_STYLE_FILL_AREA ( #3179 ) ;
#449 = LINE ( 'NONE', #2828, #1750 ) ;
#450 =( NAMED_UNIT ( * ) SI_UNIT ( $, .STERADIAN. ) SOLID_ANGLE_UNIT ( ) );
#451 = VERTEX_POINT ( 'NONE', #1529 ) ;
#452 = ORIENTED_EDGE ( 'NONE', *, *, #194, .T. ) ;
#453 = DIRECTION ( 'NONE',  ( 4.251773225433353119E-16, 0.000000000000000000, 1.000000000000000000 ) ) ;
#454 =( NAMED_UNIT ( * ) SI_UNIT ( $, .STERADIAN. ) SOLID_ANGLE_UNIT ( ) );
#455 = UNCERTAINTY_MEASURE_WITH_UNIT (LENGTH_MEASURE( 1.000000000000000082E-05 ), #1931, 'distance_accuracy_value', 'NONE');
#456 = UNCERTAINTY_MEASURE_WITH_UNIT (LENGTH_MEASURE( 1.000000000000000082E-05 ), #1228, 'distance_accuracy_value', 'NONE');
#457 = CARTESIAN_POINT ( 'NONE',  ( 0.7099999999999999645, 0.2500000000000000000, -0.5100000000000000089 ) ) ;
#458 = SURFACE_STYLE_FILL_AREA ( #3525 ) ;
#459 = FACE_OUTER_BOUND ( 'NONE', #2160, .T. ) ;
#460 = LINE ( 'NONE', #1107, #552 ) ;
#461 = ORIENTED_EDGE ( 'NONE', *, *, #3300, .F. ) ;
#462 = CARTESIAN_POINT ( 'NONE',  ( 0.1499999999999998557, 0.1999999999999999833, -0.1250000000000041356 ) ) ;
#463 = PLANE ( 'NONE',  #2874 ) ;
#464 = DIRECTION ( 'NONE',  ( -5.288791085295146491E-16, 0.000000000000000000, -1.000000000000000000 ) ) ;
#465 = CARTESIAN_POINT ( 'NONE',  ( -0.1499999999999871714, 0.2000000000000000111, -0.4500000000000205502 ) ) ;
#466 = ORIENTED_EDGE ( 'NONE', *, *, #3611, .F. ) ;
#467 = FILL_AREA_STYLE ('',( #731 ) ) ;
#468 = LINE ( 'NONE', #2860, #2816 ) ;
#469 = UNCERTAINTY_MEASURE_WITH_UNIT (LENGTH_MEASURE( 1.000000000000000082E-05 ), #1439, 'distance_accuracy_value', 'NONE');
#470 = STYLED_ITEM ( 'NONE', ( #1325 ), #3035 ) ;
#471 = VERTEX_POINT ( 'NONE', #2942 ) ;
#472 = AXIS2_PLACEMENT_3D ( 'NONE', #2062, #593, #1802 ) ;
#473 =( NAMED_UNIT ( * ) PLANE_ANGLE_UNIT ( ) SI_UNIT ( $, .RADIAN. ) );
#474 = LINE ( 'NONE', #109, #1619 ) ;
#475 = VECTOR ( 'NONE', #3874, 1000.000000000000000 ) ;
#476 = COLOUR_RGB ( '',0.2980392156862745057, 0.2980392156862745057, 0.2980392156862745057 ) ;
#477 =( GEOMETRIC_REPRESENTATION_CONTEXT ( 3 ) GLOBAL_UNCERTAINTY_ASSIGNED_CONTEXT ( ( #3381 ) ) GLOBAL_UNIT_ASSIGNED_CONTEXT ( ( #1163, #3571, #2660 ) ) REPRESENTATION_CONTEXT ( 'NONE', 'WORKASPACE' ) );
#478 = MECHANICAL_DESIGN_GEOMETRIC_PRESENTATION_REPRESENTATION (  '', ( #3781 ), #3144 ) ;
#479 = COLOUR_RGB ( '',0.2980392156862745057, 0.2980392156862745057, 0.2980392156862745057 ) ;
#480 = STYLED_ITEM ( 'NONE', ( #1210 ), #2677 ) ;
#481 = FILL_AREA_STYLE_COLOUR ( '', #3412 ) ;
#482 = DIRECTION ( 'NONE',  ( -0.000000000000000000, -1.000000000000000000, -0.000000000000000000 ) ) ;
#483 = AXIS2_PLACEMENT_3D ( 'NONE', #1265, #1203, #2186 ) ;
#484 = EDGE_LOOP ( 'NONE', ( #3498, #302, #3876, #82 ) ) ;
#485 = MECHANICAL_DESIGN_GEOMETRIC_PRESENTATION_REPRESENTATION (  '', ( #2202 ), #2505 ) ;
#486 = AXIS2_PLACEMENT_3D ( 'NONE', #2419, #2360, #1513 ) ;
#487 = CARTESIAN_POINT ( 'NONE',  ( 0.3500000000000000333, 0.6422951503238740756, -0.1250000000000004996 ) ) ;
#488 = DIRECTION ( 'NONE',  ( -1.000000000000000000, 0.000000000000000000, 5.421010862427525128E-16 ) ) ;
#489 = STYLED_ITEM ( 'NONE', ( #371 ), #837 ) ;
#490 = FACE_OUTER_BOUND ( 'NONE', #2377, .T. ) ;
#491 = ORIENTED_EDGE ( 'NONE', *, *, #961, .F. ) ;
#492 = SURFACE_STYLE_USAGE ( .BOTH. , #2919 ) ;
#493 = CARTESIAN_POINT ( 'NONE',  ( -0.3499999999999998113, 0.000000000000000000, 0.2999999999999975464 ) ) ;
#494 = ORIENTED_EDGE ( 'NONE', *, *, #1260, .F. ) ;
#495 = CARTESIAN_POINT ( 'NONE',  ( -0.1499999999999871714, 0.2000000000000000111, -0.4500000000000205502 ) ) ;
#496 = EDGE_CURVE ( 'NONE', #1301, #1498, #3618, .T. ) ;
#497 = DIRECTION ( 'NONE',  ( 0.000000000000000000, 0.000000000000000000, 1.000000000000000000 ) ) ;
#498 =( NAMED_UNIT ( * ) SI_UNIT ( $, .STERADIAN. ) SOLID_ANGLE_UNIT ( ) );
#499 = MECHANICAL_DESIGN_GEOMETRIC_PRESENTATION_REPRESENTATION (  '', ( #1772 ), #74 ) ;
#500 = ORIENTED_EDGE ( 'NONE', *, *, #2733, .F. ) ;
#501 =( NAMED_UNIT ( * ) PLANE_ANGLE_UNIT ( ) SI_UNIT ( $, .RADIAN. ) );
#502 =( NAMED_UNIT ( * ) SI_UNIT ( $, .STERADIAN. ) SOLID_ANGLE_UNIT ( ) );
#503 = SURFACE_SIDE_STYLE ('',( #2679 ) ) ;
#504 = VERTEX_POINT ( 'NONE', #23 ) ;
#505 = SURFACE_STYLE_FILL_AREA ( #2093 ) ;
#506 =( LENGTH_UNIT ( ) NAMED_UNIT ( * ) SI_UNIT ( .MILLI., .METRE. ) );
#507 = LINE ( 'NONE', #3183, #3154 ) ;
#508 = CARTESIAN_POINT ( 'NONE',  ( 0.1500000000000127620, 0.000000000000000000, -0.4500000000000166644 ) ) ;
#509 = STYLED_ITEM ( 'NONE', ( #3240 ), #42 ) ;
#510 = LINE ( 'NONE', #2922, #2020 ) ;
#511 = EDGE_CURVE ( 'NONE', #3613, #3044, #1477, .T. ) ;
#512 = EDGE_LOOP ( 'NONE', ( #1671, #3641, #1591, #3452 ) ) ;
#513 = COLOUR_RGB ( '',0.7921568627450980005, 0.8196078431372548767, 0.9333333333333333481 ) ;
#514 = SURFACE_STYLE_FILL_AREA ( #89 ) ;
#515 = PRESENTATION_STYLE_ASSIGNMENT (( #2635 ) ) ;
#516 = ADVANCED_FACE ( 'NONE', ( #2984 ), #2709, .F. ) ;
#517 = VERTEX_POINT ( 'NONE', #1546 ) ;
#518 = SURFACE_SIDE_STYLE ('',( #1751 ) ) ;
#519 = EDGE_CURVE ( 'NONE', #427, #613, #2173, .T. ) ;
#520 = ORIENTED_EDGE ( 'NONE', *, *, #2211, .F. ) ;
#521 = PLANE ( 'NONE',  #2122 ) ;
#522 = SURFACE_SIDE_STYLE ('',( #1486 ) ) ;
#523 = FILL_AREA_STYLE ('',( #2375 ) ) ;
#524 = ORIENTED_EDGE ( 'NONE', *, *, #961, .T. ) ;
#525 = SURFACE_STYLE_FILL_AREA ( #549 ) ;
#526 = CARTESIAN_POINT ( 'NONE',  ( 0.6500000000000001332, 0.2000000000000000111, 0.1250000000000044686 ) ) ;
#527 = DIRECTION ( 'NONE',  ( 0.000000000000000000, -1.000000000000000000, 0.000000000000000000 ) ) ;
#528 = CARTESIAN_POINT ( 'NONE',  ( 0.1499999999999998557, 0.000000000000000000, -0.1250000000000041633 ) ) ;
#529 = LINE ( 'NONE', #2627, #3892 ) ;
#530 = ORIENTED_EDGE ( 'NONE', *, *, #1226, .T. ) ;
#531 = PLANE ( 'NONE',  #1182 ) ;
#532 = DIRECTION ( 'NONE',  ( -0.000000000000000000, -1.000000000000000000, -0.000000000000000000 ) ) ;
#533 =( NAMED_UNIT ( * ) PLANE_ANGLE_UNIT ( ) SI_UNIT ( $, .RADIAN. ) );
#534 = EDGE_LOOP ( 'NONE', ( #355, #3024, #2013, #1817 ) ) ;
#535 = PRESENTATION_LAYER_ASSIGNMENT (  '', '', ( #3288 ) ) ;
#536 = FACE_OUTER_BOUND ( 'NONE', #1103, .T. ) ;
#537 = ORIENTED_EDGE ( 'NONE', *, *, #3346, .F. ) ;
#538 = PRESENTATION_LAYER_ASSIGNMENT (  '', '', ( #987 ) ) ;
#539 = AXIS2_PLACEMENT_3D ( 'NONE', #1887, #1603, #1277 ) ;
#540 = FACE_BOUND ( 'NONE', #251, .T. ) ;
#541 = COLOUR_RGB ( '',0.2980392156862745057, 0.2980392156862745057, 0.2980392156862745057 ) ;
#542 = PRESENTATION_LAYER_ASSIGNMENT (  '', '', ( #1250 ) ) ;
#543 = PRESENTATION_LAYER_ASSIGNMENT (  '', '', ( #480 ) ) ;
#544 =( LENGTH_UNIT ( ) NAMED_UNIT ( * ) SI_UNIT ( .MILLI., .METRE. ) );
#545 = SURFACE_STYLE_FILL_AREA ( #3612 ) ;
#546 = ORIENTED_EDGE ( 'NONE', *, *, #2699, .F. ) ;
#547 = AXIS2_PLACEMENT_3D ( 'NONE', #721, #1026, #1936 ) ;
#548 = DIRECTION ( 'NONE',  ( -1.000000000000000000, -0.000000000000000000, 5.421010862427525128E-16 ) ) ;
#549 = FILL_AREA_STYLE ('',( #2358 ) ) ;
#550 = AXIS2_PLACEMENT_3D ( 'NONE', #3135, #1927, #666 ) ;
#551 = SURFACE_SIDE_STYLE ('',( #2968 ) ) ;
#552 = VECTOR ( 'NONE', #1670, 1000.000000000000000 ) ;
#553 =( GEOMETRIC_REPRESENTATION_CONTEXT ( 3 ) GLOBAL_UNCERTAINTY_ASSIGNED_CONTEXT ( ( #2676 ) ) GLOBAL_UNIT_ASSIGNED_CONTEXT ( ( #2272, #1095, #2542 ) ) REPRESENTATION_CONTEXT ( 'NONE', 'WORKASPACE' ) );
#554 =( NAMED_UNIT ( * ) PLANE_ANGLE_UNIT ( ) SI_UNIT ( $, .RADIAN. ) );
#555 = LINE ( 'NONE', #3885, #608 ) ;
#556 = DIRECTION ( 'NONE',  ( 0.000000000000000000, -0.000000000000000000, 1.000000000000000000 ) ) ;
#557 = CARTESIAN_POINT ( 'NONE',  ( 0.3500000000000128564, 0.2000000000000000111, -0.4500000000000170530 ) ) ;
#558 = ORIENTED_EDGE ( 'NONE', *, *, #3261, .T. ) ;
#559 =( NAMED_UNIT ( * ) SI_UNIT ( $, .STERADIAN. ) SOLID_ANGLE_UNIT ( ) );
#560 = VECTOR ( 'NONE', #1578, 1000.000000000000000 ) ;
#561 = EDGE_LOOP ( 'NONE', ( #3520, #811, #1925, #2033 ) ) ;
#562 = MECHANICAL_DESIGN_GEOMETRIC_PRESENTATION_REPRESENTATION (  '', ( #139 ), #3433 ) ;
#563 =( NAMED_UNIT ( * ) SI_UNIT ( $, .STERADIAN. ) SOLID_ANGLE_UNIT ( ) );
#564 = CARTESIAN_POINT ( 'NONE',  ( -0.1500000000000001332, 0.6422951503238740756, 0.4499999999999963474 ) ) ;
#565 = SURFACE_STYLE_FILL_AREA ( #523 ) ;
#566 = VECTOR ( 'NONE', #580, 1000.000000000000000 ) ;
#567 = EDGE_CURVE ( 'NONE', #427, #922, #1886, .T. ) ;
#569 = EDGE_CURVE ( 'NONE', #648, #2734, #2450, .T. ) ;
#568 = ORIENTED_EDGE ( 'NONE', *, *, #1085, .F. ) ;
#570 = LINE ( 'NONE', #2049, #416 ) ;
#571 = CARTESIAN_POINT ( 'NONE',  ( -0.3499999999999872657, 0.6422951503238740756, -0.4500000000000202172 ) ) ;
#572 = PRESENTATION_STYLE_ASSIGNMENT (( #3305 ) ) ;
#574 = VERTEX_POINT ( 'NONE', #1844 ) ;
#573 = EDGE_CURVE ( 'NONE', #2993, #1572, #1922, .T. ) ;
#575 = LINE ( 'NONE', #2987, #1747 ) ;
#576 = CLOSED_SHELL ( 'NONE', ( #2965, #200, #807, #1014, #742, #976 ) ) ;
#577 = SURFACE_SIDE_STYLE ('',( #2992 ) ) ;
#578 = ORIENTED_EDGE ( 'NONE', *, *, #3209, .F. ) ;
#579 = STYLED_ITEM ( 'NONE', ( #3398 ), #58 ) ;
#580 = DIRECTION ( 'NONE',  ( -0.000000000000000000, -0.000000000000000000, 1.000000000000000000 ) ) ;
#581 = UNCERTAINTY_MEASURE_WITH_UNIT (LENGTH_MEASURE( 1.000000000000000082E-05 ), #1047, 'distance_accuracy_value', 'NONE');
#582 = DIRECTION ( 'NONE',  ( 1.000000000000000000, 0.000000000000000000, 8.886903053159876229E-17 ) ) ;
#583 = SURFACE_SIDE_STYLE ('',( #3706 ) ) ;
#584 = SURFACE_SIDE_STYLE ('',( #545 ) ) ;
#585 = VERTEX_POINT ( 'NONE', #2467 ) ;
#586 = FILL_AREA_STYLE_COLOUR ( '', #1124 ) ;
#587 = PRESENTATION_STYLE_ASSIGNMENT (( #894 ) ) ;
#588 = FACE_OUTER_BOUND ( 'NONE', #1255, .T. ) ;
#589 = ORIENTED_EDGE ( 'NONE', *, *, #1684, .F. ) ;
#590 = FILL_AREA_STYLE ('',( #3257 ) ) ;
#591 =( NAMED_UNIT ( * ) PLANE_ANGLE_UNIT ( ) SI_UNIT ( $, .RADIAN. ) );
#592 = EDGE_CURVE ( 'NONE', #2439, #2021, #3421, .T. ) ;
#593 = DIRECTION ( 'NONE',  ( -0.000000000000000000, 1.000000000000000000, 0.000000000000000000 ) ) ;
#594 = VERTEX_POINT ( 'NONE', #3132 ) ;
#595 = UNCERTAINTY_MEASURE_WITH_UNIT (LENGTH_MEASURE( 1.000000000000000082E-05 ), #728, 'distance_accuracy_value', 'NONE');
#596 = LINE ( 'NONE', #3100, #1713 ) ;
#597 = STYLED_ITEM ( 'NONE', ( #2755 ), #3090 ) ;
#598 = AXIS2_PLACEMENT_3D ( 'NONE', #2973, #1483, #2673 ) ;
#599 = ORIENTED_EDGE ( 'NONE', *, *, #2796, .F. ) ;
#600 = DIRECTION ( 'NONE',  ( 0.000000000000000000, -0.000000000000000000, 1.000000000000000000 ) ) ;
#601 = MECHANICAL_DESIGN_GEOMETRIC_PRESENTATION_REPRESENTATION (  '', ( #1807 ), #3593 ) ;
#602 = DIRECTION ( 'NONE',  ( 1.000000000000000000, 0.000000000000000000, 7.228014483236699514E-17 ) ) ;
#603 = AXIS2_PLACEMENT_3D ( 'NONE', #357, #1533, #379 ) ;
#604 = FILL_AREA_STYLE ('',( #2644 ) ) ;
#605 = ORIENTED_EDGE ( 'NONE', *, *, #3512, .T. ) ;
#606 = CARTESIAN_POINT ( 'NONE',  ( -0.7499999999999995559, 0.2000000000000000111, 0.5499999999999998224 ) ) ;
#607 = DIRECTION ( 'NONE',  ( -1.000000000000000000, -0.000000000000000000, 5.421010862427525128E-16 ) ) ;
#608 = VECTOR ( 'NONE', #324, 1000.000000000000000 ) ;
#609 = PRESENTATION_STYLE_ASSIGNMENT (( #39 ) ) ;
#610 = VECTOR ( 'NONE', #2876, 1000.000000000000000 ) ;
#611 = DIRECTION ( 'NONE',  ( 1.000000000000000000, 0.000000000000000000, 3.614007241618350250E-16 ) ) ;
#612 = VECTOR ( 'NONE', #527, 1000.000000000000000 ) ;
#613 = VERTEX_POINT ( 'NONE', #3042 ) ;
#614 = LINE ( 'NONE', #1213, #997 ) ;
#615 = SURFACE_STYLE_USAGE ( .BOTH. , #1461 ) ;
#616 = CARTESIAN_POINT ( 'NONE',  ( -0.7499999999999995559, 0.000000000000000000, -0.5500000000000001554 ) ) ;
#617 = CARTESIAN_POINT ( 'NONE',  ( 0.7100000000000004086, 0.2000000000000000111, 0.5099999999999993427 ) ) ;
#618 = PRESENTATION_LAYER_ASSIGNMENT (  '', '', ( #3729 ) ) ;
#619 = SURFACE_STYLE_USAGE ( .BOTH. , #232 ) ;
#620 = ADVANCED_FACE ( 'NONE', ( #1334 ), #2484, .F. ) ;
#621 = EDGE_CURVE ( 'NONE', #3163, #902, #2508, .T. ) ;
#622 = CARTESIAN_POINT ( 'NONE',  ( -0.7499999999999995559, 0.000000000000000000, 0.5499999999999998224 ) ) ;
#623 = DIRECTION ( 'NONE',  ( 0.000000000000000000, 0.000000000000000000, -1.000000000000000000 ) ) ;
#624 = SURFACE_SIDE_STYLE ('',( #2797 ) ) ;
#625 = SURFACE_STYLE_USAGE ( .BOTH. , #2105 ) ;
#626 = VERTEX_POINT ( 'NONE', #2875 ) ;
#627 = MECHANICAL_DESIGN_GEOMETRIC_PRESENTATION_REPRESENTATION (  '', ( #437 ), #3368 ) ;
#628 = DIRECTION ( 'NONE',  ( -0.000000000000000000, -1.000000000000000000, -0.000000000000000000 ) ) ;
#629 = LINE ( 'NONE', #657, #1574 ) ;
#630 = COLOUR_RGB ( '',0.7921568627450980005, 0.8196078431372548767, 0.9333333333333333481 ) ;
#631 = SURFACE_SIDE_STYLE ('',( #98 ) ) ;
#632 = CARTESIAN_POINT ( 'NONE',  ( -0.3499999999999998113, 0.2000000000000000111, 0.2999999999999975464 ) ) ;
#633 = CARTESIAN_POINT ( 'NONE',  ( -0.5000000000000002220, 0.2000000000000000111, 0.4499999999999965139 ) ) ;
#634 = ORIENTED_EDGE ( 'NONE', *, *, #1284, .T. ) ;
#635 = MECHANICAL_DESIGN_GEOMETRIC_PRESENTATION_REPRESENTATION (  '', ( #2592 ), #3104 ) ;
#636 = LINE ( 'NONE', #617, #2314 ) ;
#637 = CARTESIAN_POINT ( 'NONE',  ( -0.6499999999999871436, 0.1999999999999999833, -0.4500000000000240474 ) ) ;
#638 = ORIENTED_EDGE ( 'NONE', *, *, #2840, .T. ) ;
#639 = LINE ( 'NONE', #1869, #1304 ) ;
#640 = VERTEX_POINT ( 'NONE', #1992 ) ;
#641 = FILL_AREA_STYLE_COLOUR ( '', #2882 ) ;
#642 = EDGE_CURVE ( 'NONE', #3833, #3391, #2525, .T. ) ;
#643 = CARTESIAN_POINT ( 'NONE',  ( 0.3500000000000000333, 0.2000000000000000111, 0.1249999999999998890 ) ) ;
#644 = ORIENTED_EDGE ( 'NONE', *, *, #3168, .T. ) ;
#645 =( NAMED_UNIT ( * ) PLANE_ANGLE_UNIT ( ) SI_UNIT ( $, .RADIAN. ) );
#646 = FILL_AREA_STYLE ('',( #3400 ) ) ;
#647 = LINE ( 'NONE', #1570, #1380 ) ;
#648 = VERTEX_POINT ( 'NONE', #3237 ) ;
#649 = DIRECTION ( 'NONE',  ( -0.000000000000000000, -1.000000000000000000, -0.000000000000000000 ) ) ;
#650 = PRESENTATION_STYLE_ASSIGNMENT (( #3118 ) ) ;
#651 = DIRECTION ( 'NONE',  ( 0.000000000000000000, 0.000000000000000000, -1.000000000000000000 ) ) ;
#652 = ORIENTED_EDGE ( 'NONE', *, *, #3753, .T. ) ;
#653 = DIRECTION ( 'NONE',  ( 0.000000000000000000, -1.000000000000000000, 0.000000000000000000 ) ) ;
#654 = ORIENTED_EDGE ( 'NONE', *, *, #762, .F. ) ;
#655 = VECTOR ( 'NONE', #2997, 1000.000000000000000 ) ;
#656 = EDGE_CURVE ( 'NONE', #2081, #1468, #3534, .T. ) ;
#657 = CARTESIAN_POINT ( 'NONE',  ( 0.1499999999999998557, 0.2000000000000000111, 0.1249999999999965028 ) ) ;
#658 =( NAMED_UNIT ( * ) PLANE_ANGLE_UNIT ( ) SI_UNIT ( $, .RADIAN. ) );
#659 = MECHANICAL_DESIGN_GEOMETRIC_PRESENTATION_REPRESENTATION (  '', ( #3288 ), #1177 ) ;
#660 = UNCERTAINTY_MEASURE_WITH_UNIT (LENGTH_MEASURE( 1.000000000000000082E-05 ), #94, 'distance_accuracy_value', 'NONE');
#661 =( NAMED_UNIT ( * ) SI_UNIT ( $, .STERADIAN. ) SOLID_ANGLE_UNIT ( ) );
#662 = EDGE_LOOP ( 'NONE', ( #2363, #3843, #158, #1984 ) ) ;
#663 = AXIS2_PLACEMENT_3D ( 'NONE', #1986, #1998, #1167 ) ;
#664 = EDGE_CURVE ( 'NONE', #1195, #1264, #164, .T. ) ;
#665 = CIRCLE ( 'NONE', #2873, 0.07500000000000003886 ) ;
#666 = DIRECTION ( 'NONE',  ( 3.336006684570783101E-16, 0.000000000000000000, -1.000000000000000000 ) ) ;
#667 =( LENGTH_UNIT ( ) NAMED_UNIT ( * ) SI_UNIT ( .MILLI., .METRE. ) );
#668 = MECHANICAL_DESIGN_GEOMETRIC_PRESENTATION_REPRESENTATION (  '', ( #2391 ), #2692 ) ;
#669 = AXIS2_PLACEMENT_3D ( 'NONE', #1003, #367, #3389 ) ;
#670 = AXIS2_PLACEMENT_3D ( 'NONE', #3007, #3886, #1172 ) ;
#671 = FILL_AREA_STYLE ('',( #1928 ) ) ;
#672 = ORIENTED_EDGE ( 'NONE', *, *, #2991, .T. ) ;
#673 = VECTOR ( 'NONE', #2421, 1000.000000000000000 ) ;
#674 = PLANE ( 'NONE',  #890 ) ;
#675 = DIRECTION ( 'NONE',  ( 5.421010862427526114E-16, -0.000000000000000000, 1.000000000000000000 ) ) ;
#676 = PLANE ( 'NONE',  #2746 ) ;
#677 = PRESENTATION_LAYER_ASSIGNMENT (  '', '', ( #489 ) ) ;
#678 = FILL_AREA_STYLE_COLOUR ( '', #3284 ) ;
#679 = ADVANCED_FACE ( 'NONE', ( #1660 ), #2273, .T. ) ;
#680 = SURFACE_SIDE_STYLE ('',( #3106 ) ) ;
#681 = DIRECTION ( 'NONE',  ( 3.936487887793323590E-14, -0.000000000000000000, -1.000000000000000000 ) ) ;
#682 = UNCERTAINTY_MEASURE_WITH_UNIT (LENGTH_MEASURE( 1.000000000000000082E-05 ), #2424, 'distance_accuracy_value', 'NONE');
#683 = ORIENTED_EDGE ( 'NONE', *, *, #1332, .T. ) ;
#684 = LINE ( 'NONE', #948, #1219 ) ;
#685 = FACE_OUTER_BOUND ( 'NONE', #561, .T. ) ;
#686 = FILL_AREA_STYLE ('',( #1843 ) ) ;
#687 = EDGE_CURVE ( 'NONE', #1478, #1759, #3519, .T. ) ;
#688 = FILL_AREA_STYLE_COLOUR ( '', #2758 ) ;
#689 = EDGE_CURVE ( 'NONE', #902, #1052, #755, .T. ) ;
#690 = CARTESIAN_POINT ( 'NONE',  ( 0.7500000000000000000, 0.000000000000000000, -0.5500000000000000444 ) ) ;
#691 = VERTEX_POINT ( 'NONE', #1675 ) ;
#692 = LINE ( 'NONE', #1865, #3481 ) ;
#693 = CARTESIAN_POINT ( 'NONE',  ( -0.7099999999999996314, 0.2500000000000000000, -0.5100000000000001199 ) ) ;
#694 = STYLED_ITEM ( 'NONE', ( #2612 ), #1404 ) ;
#695 = ADVANCED_FACE ( 'NONE', ( #2586 ), #1716, .T. ) ;
#696 = LINE ( 'NONE', #2553, #2409 ) ;
#697 = ORIENTED_EDGE ( 'NONE', *, *, #569, .T. ) ;
#698 = STYLED_ITEM ( 'NONE', ( #1805 ), #1408 ) ;
#699 = SURFACE_STYLE_USAGE ( .BOTH. , #3827 ) ;
#700 = DIRECTION ( 'NONE',  ( 3.936487887793323590E-14, -0.000000000000000000, -1.000000000000000000 ) ) ;
#701 = CARTESIAN_POINT ( 'NONE',  ( 0.3500000000000000333, 0.1999999999999999833, 0.4500000000000023426 ) ) ;
#702 = SURFACE_STYLE_USAGE ( .BOTH. , #766 ) ;
#703 = AXIS2_PLACEMENT_3D ( 'NONE', #2076, #1474, #1114 ) ;
#704 = LINE ( 'NONE', #1328, #3411 ) ;
#705 = ORIENTED_EDGE ( 'NONE', *, *, #909, .F. ) ;
#706 = AXIS2_PLACEMENT_3D ( 'NONE', #317, #984, #2428 ) ;
#707 = DIRECTION ( 'NONE',  ( -5.421010862427524142E-16, 0.000000000000000000, 1.000000000000000000 ) ) ;
#708 = FACE_OUTER_BOUND ( 'NONE', #1600, .T. ) ;
#709 = FILL_AREA_STYLE_COLOUR ( '', #1341 ) ;
#710 = ORIENTED_EDGE ( 'NONE', *, *, #1787, .T. ) ;
#711 = LINE ( 'NONE', #3652, #3082 ) ;
#712 = SURFACE_SIDE_STYLE ('',( #3655 ) ) ;
#713 = PLANE ( 'NONE',  #2716 ) ;
#714 = DIRECTION ( 'NONE',  ( 5.004010026856174159E-16, 0.000000000000000000, -1.000000000000000000 ) ) ;
#715 = EDGE_CURVE ( 'NONE', #153, #3324, #1425, .T. ) ;
#716 = PRESENTATION_STYLE_ASSIGNMENT (( #439 ) ) ;
#717 =( NAMED_UNIT ( * ) PLANE_ANGLE_UNIT ( ) SI_UNIT ( $, .RADIAN. ) );
#718 = SURFACE_SIDE_STYLE ('',( #1043 ) ) ;
#719 = FILL_AREA_STYLE_COLOUR ( '', #1507 ) ;
#720 = CARTESIAN_POINT ( 'NONE',  ( -0.6500000000000000222, 0.2000000000000000111, -0.1250000000000074940 ) ) ;
#721 = CARTESIAN_POINT ( 'NONE',  ( 0.1500000000000127620, 0.2000000000000000111, -0.4500000000000166644 ) ) ;
#722 = EDGE_LOOP ( 'NONE', ( #1201, #3651, #1018, #2567 ) ) ;
#723 = CARTESIAN_POINT ( 'NONE',  ( -0.1500000000000001332, 0.1999999999999999833, 0.4499999999999963474 ) ) ;
#724 = FILL_AREA_STYLE ('',( #2740 ) ) ;
#725 =( LENGTH_UNIT ( ) NAMED_UNIT ( * ) SI_UNIT ( .MILLI., .METRE. ) );
#726 = PRESENTATION_LAYER_ASSIGNMENT (  '', '', ( #3893 ) ) ;
#727 = CARTESIAN_POINT ( 'NONE',  ( 0.3500000000000000333, 0.6422951503238740756, 0.1249999999999998890 ) ) ;
#728 =( LENGTH_UNIT ( ) NAMED_UNIT ( * ) SI_UNIT ( .MILLI., .METRE. ) );
#729 = ORIENTED_EDGE ( 'NONE', *, *, #1441, .T. ) ;
#730 = FILL_AREA_STYLE ('',( #1399 ) ) ;
#731 = FILL_AREA_STYLE_COLOUR ( '', #2260 ) ;
#732 = DIRECTION ( 'NONE',  ( 0.7071067811865507924, 0.000000000000000000, -0.7071067811865441310 ) ) ;
#733 = PRESENTATION_LAYER_ASSIGNMENT (  '', '', ( #3529 ) ) ;
#734 = UNCERTAINTY_MEASURE_WITH_UNIT (LENGTH_MEASURE( 1.000000000000000082E-05 ), #814, 'distance_accuracy_value', 'NONE');
#735 = SURFACE_SIDE_STYLE ('',( #999 ) ) ;
#736 = EDGE_LOOP ( 'NONE', ( #1080, #1356, #3585, #409 ) ) ;
#737 = VECTOR ( 'NONE', #628, 1000.000000000000000 ) ;
#738 = CARTESIAN_POINT ( 'NONE',  ( -0.6099999999999995426, 0.4500000000000000111, -0.4100000000000001421 ) ) ;
#739 = VECTOR ( 'NONE', #3107, 1000.000000000000000 ) ;
#740 =( LENGTH_UNIT ( ) NAMED_UNIT ( * ) SI_UNIT ( .MILLI., .METRE. ) );
#741 = VECTOR ( 'NONE', #1253, 1000.000000000000000 ) ;
#742 = ADVANCED_FACE ( 'NONE', ( #1756 ), #3570, .T. ) ;
#743 = ADVANCED_FACE ( 'NONE', ( #1204 ), #3923, .F. ) ;
#744 =( GEOMETRIC_REPRESENTATION_CONTEXT ( 3 ) GLOBAL_UNCERTAINTY_ASSIGNED_CONTEXT ( ( #2519 ) ) GLOBAL_UNIT_ASSIGNED_CONTEXT ( ( #2912, #1411, #502 ) ) REPRESENTATION_CONTEXT ( 'NONE', 'WORKASPACE' ) );
#745 = COLOUR_RGB ( '',0.8313725490196077761, 0.6705882352941175961, 0.1294117647058823373 ) ;
#746 = DIRECTION ( 'NONE',  ( -1.000000000000000000, -0.000000000000000000, 5.421010862427525128E-16 ) ) ;
#747 = LINE ( 'NONE', #780, #1883 ) ;
#748 = AXIS2_PLACEMENT_3D ( 'NONE', #2228, #2286, #1076 ) ;
#749 = AXIS2_PLACEMENT_3D ( 'NONE', #3454, #1674, #1659 ) ;
#750 = UNCERTAINTY_MEASURE_WITH_UNIT (LENGTH_MEASURE( 1.000000000000000082E-05 ), #725, 'distance_accuracy_value', 'NONE');
#751 =( NAMED_UNIT ( * ) SI_UNIT ( $, .STERADIAN. ) SOLID_ANGLE_UNIT ( ) );
#752 = ORIENTED_EDGE ( 'NONE', *, *, #3245, .F. ) ;
#753 = FACE_OUTER_BOUND ( 'NONE', #3880, .T. ) ;
#754 = FACE_OUTER_BOUND ( 'NONE', #1527, .T. ) ;
#755 = LINE ( 'NONE', #3793, #3014 ) ;
#756 = EDGE_LOOP ( 'NONE', ( #644, #2783, #370, #3256 ) ) ;
#757 = PRESENTATION_STYLE_ASSIGNMENT (( #3217 ) ) ;
#758 = STYLED_ITEM ( 'NONE', ( #384 ), #1070 ) ;
#759 = PRESENTATION_STYLE_ASSIGNMENT (( #2261 ) ) ;
#760 = DIRECTION ( 'NONE',  ( -5.004010026856174159E-16, 0.000000000000000000, 1.000000000000000000 ) ) ;
#761 = LINE ( 'NONE', #1323, #1374 ) ;
#762 = EDGE_CURVE ( 'NONE', #226, #3356, #3896, .T. ) ;
#763 = SURFACE_STYLE_FILL_AREA ( #1667 ) ;
#764 = PRESENTATION_LAYER_ASSIGNMENT (  '', '', ( #258 ) ) ;
#765 = CARTESIAN_POINT ( 'NONE',  ( 0.6500000000000127898, 0.2000000000000000111, -0.4500000000000132228 ) ) ;
#766 = SURFACE_SIDE_STYLE ('',( #1347 ) ) ;
#767 = EDGE_LOOP ( 'NONE', ( #3306, #491, #3119, #1651 ) ) ;
#768 = CLOSED_SHELL ( 'NONE', ( #3262, #1521, #1736, #977, #1795, #1283 ) ) ;
#769 =( NAMED_UNIT ( * ) PLANE_ANGLE_UNIT ( ) SI_UNIT ( $, .RADIAN. ) );
#770 = SURFACE_STYLE_USAGE ( .BOTH. , #1369 ) ;
#771 = EDGE_LOOP ( 'NONE', ( #2830, #3417 ) ) ;
#772 = PRESENTATION_STYLE_ASSIGNMENT (( #1034 ) ) ;
#773 = CARTESIAN_POINT ( 'NONE',  ( 0.3500000000000000333, 0.2000000000000000111, 0.4500000000000023426 ) ) ;
#774 = UNCERTAINTY_MEASURE_WITH_UNIT (LENGTH_MEASURE( 1.000000000000000082E-05 ), #963, 'distance_accuracy_value', 'NONE');
#775 = FILL_AREA_STYLE ('',( #972 ) ) ;
#776 = ORIENTED_EDGE ( 'NONE', *, *, #2144, .F. ) ;
#777 = SURFACE_SIDE_STYLE ('',( #458 ) ) ;
#778 = CARTESIAN_POINT ( 'NONE',  ( -0.6500000000000000222, 0.2000000000000000111, -0.1250000000000074940 ) ) ;
#779 = PRESENTATION_STYLE_ASSIGNMENT (( #2029 ) ) ;
#780 = CARTESIAN_POINT ( 'NONE',  ( 0.3500000000000000333, 0.000000000000000000, 0.1249999999999998890 ) ) ;
#781 = APPLICATION_CONTEXT ( 'automotive_design' ) ;
#782 = PRESENTATION_STYLE_ASSIGNMENT (( #1092 ) ) ;
#783 = SURFACE_SIDE_STYLE ('',( #1352 ) ) ;
#784 = DIRECTION ( 'NONE',  ( 1.000000000000000000, 0.000000000000000000, 2.457524924300477559E-14 ) ) ;
#785 = CARTESIAN_POINT ( 'NONE',  ( 0.7500000000000004441, 0.2000000000000000111, 0.5499999999999993783 ) ) ;
#787 = EDGE_CURVE ( 'NONE', #1919, #626, #275, .T. ) ;
#786 = ORIENTED_EDGE ( 'NONE', *, *, #3261, .F. ) ;
#788 = CARTESIAN_POINT ( 'NONE',  ( 0.000000000000000000, 0.2000000000000000111, 0.000000000000000000 ) ) ;
#789 = UNCERTAINTY_MEASURE_WITH_UNIT (LENGTH_MEASURE( 1.000000000000000082E-05 ), #1083, 'distance_accuracy_value', 'NONE');
#790 = SURFACE_SIDE_STYLE ('',( #2606 ) ) ;
#791 = MECHANICAL_DESIGN_GEOMETRIC_PRESENTATION_REPRESENTATION (  '', ( #983 ), #2620 ) ;
#792 = DIRECTION ( 'NONE',  ( 1.000000000000000000, -0.000000000000000000, 1.282972570774514001E-14 ) ) ;
#793 = PRESENTATION_LAYER_ASSIGNMENT (  '', '', ( #3781 ) ) ;
#794 = AXIS2_PLACEMENT_3D ( 'NONE', #2482, #1860, #393 ) ;
#795 = PRESENTATION_LAYER_ASSIGNMENT (  '', '', ( #3784 ) ) ;
#796 =( LENGTH_UNIT ( ) NAMED_UNIT ( * ) SI_UNIT ( .MILLI., .METRE. ) );
#797 =( GEOMETRIC_REPRESENTATION_CONTEXT ( 3 ) GLOBAL_UNCERTAINTY_ASSIGNED_CONTEXT ( ( #1456 ) ) GLOBAL_UNIT_ASSIGNED_CONTEXT ( ( #26, #2988, #2436 ) ) REPRESENTATION_CONTEXT ( 'NONE', 'WORKASPACE' ) );
#798 = MECHANICAL_DESIGN_GEOMETRIC_PRESENTATION_REPRESENTATION (  '', ( #2626 ), #2563 ) ;
#799 = VECTOR ( 'NONE', #611, 1000.000000000000000 ) ;
#800 = VECTOR ( 'NONE', #2352, 1000.000000000000000 ) ;
#801 =( NAMED_UNIT ( * ) SI_UNIT ( $, .STERADIAN. ) SOLID_ANGLE_UNIT ( ) );
#802 = PRESENTATION_LAYER_ASSIGNMENT (  '', '', ( #3148 ) ) ;
#803 = STYLED_ITEM ( 'NONE', ( #1371 ), #1736 ) ;
#804 = EDGE_LOOP ( 'NONE', ( #1460, #1027, #2481, #2234 ) ) ;
#805 = AXIS2_PLACEMENT_3D ( 'NONE', #3416, #1917, #1585 ) ;
#806 = STYLED_ITEM ( 'NONE', ( #1168 ), #2603 ) ;
#807 = ADVANCED_FACE ( 'NONE', ( #391 ), #79, .T. ) ;
#808 = PRESENTATION_STYLE_ASSIGNMENT (( #2913 ) ) ;
#809 = STYLED_ITEM ( 'NONE', ( #782 ), #976 ) ;
#810 = DIRECTION ( 'NONE',  ( -0.000000000000000000, 1.000000000000000000, 0.000000000000000000 ) ) ;
#811 = ORIENTED_EDGE ( 'NONE', *, *, #2719, .T. ) ;
#812 = SURFACE_STYLE_USAGE ( .BOTH. , #2356 ) ;
#813 = DIRECTION ( 'NONE',  ( -0.000000000000000000, -1.000000000000000000, -0.000000000000000000 ) ) ;
#814 =( LENGTH_UNIT ( ) NAMED_UNIT ( * ) SI_UNIT ( .MILLI., .METRE. ) );
#815 = CYLINDRICAL_SURFACE ( 'NONE', #486, 0.07500000000000003886 ) ;
#816 = EDGE_CURVE ( 'NONE', #1294, #3735, #2760, .T. ) ;
#817 = ADVANCED_FACE ( 'NONE', ( #3055 ), #2187, .T. ) ;
#818 = DIRECTION ( 'NONE',  ( -2.666070915947961513E-16, 0.000000000000000000, -1.000000000000000000 ) ) ;
#819 = ORIENTED_EDGE ( 'NONE', *, *, #3322, .F. ) ;
#820 =( NAMED_UNIT ( * ) PLANE_ANGLE_UNIT ( ) SI_UNIT ( $, .RADIAN. ) );
#821 = VERTEX_POINT ( 'NONE', #2477 ) ;
#822 = DIRECTION ( 'NONE',  ( 1.000000000000000000, -0.000000000000000000, 3.969847954639077974E-14 ) ) ;
#823 = VECTOR ( 'NONE', #3366, 1000.000000000000000 ) ;
#824 = VECTOR ( 'NONE', #3490, 1000.000000000000000 ) ;
#825 = SURFACE_STYLE_USAGE ( .BOTH. , #1162 ) ;
#826 =( NAMED_UNIT ( * ) PLANE_ANGLE_UNIT ( ) SI_UNIT ( $, .RADIAN. ) );
#827 = ORIENTED_EDGE ( 'NONE', *, *, #3200, .T. ) ;
#828 = LINE ( 'NONE', #1793, #3718 ) ;
#829 = FACE_OUTER_BOUND ( 'NONE', #3770, .T. ) ;
#830 = FILL_AREA_STYLE_COLOUR ( '', #2056 ) ;
#831 = SURFACE_STYLE_FILL_AREA ( #3559 ) ;
#832 = FACE_OUTER_BOUND ( 'NONE', #722, .T. ) ;
#833 = DIRECTION ( 'NONE',  ( 0.000000000000000000, 1.000000000000000000, 0.000000000000000000 ) ) ;
#834 = CARTESIAN_POINT ( 'NONE',  ( 0.6500000000000001332, 0.6422951503238740756, 0.4500000000000044520 ) ) ;
#835 = CARTESIAN_POINT ( 'NONE',  ( -0.1499999999999999667, 0.000000000000000000, -0.1250000000000039968 ) ) ;
#836 = ORIENTED_EDGE ( 'NONE', *, *, #2097, .F. ) ;
#837 = ADVANCED_FACE ( 'NONE', ( #964 ), #945, .F. ) ;
#838 = SURFACE_STYLE_FILL_AREA ( #2930 ) ;
#839 = ORIENTED_EDGE ( 'NONE', *, *, #642, .F. ) ;
#840 = FILL_AREA_STYLE ('',( #3234 ) ) ;
#841 = FILL_AREA_STYLE ('',( #2304 ) ) ;
#842 = SURFACE_STYLE_USAGE ( .BOTH. , #3316 ) ;
#843 = FACE_OUTER_BOUND ( 'NONE', #2164, .T. ) ;
#844 = ORIENTED_EDGE ( 'NONE', *, *, #3222, .T. ) ;
#845 = FILL_AREA_STYLE_COLOUR ( '', #1215 ) ;
#846 = SURFACE_STYLE_FILL_AREA ( #893 ) ;
#847 = CARTESIAN_POINT ( 'NONE',  ( 0.6099999999999999867, 0.4500000000000000111, -0.4100000000000000311 ) ) ;
#848 =( NAMED_UNIT ( * ) SI_UNIT ( $, .STERADIAN. ) SOLID_ANGLE_UNIT ( ) );
#849 = SURFACE_STYLE_USAGE ( .BOTH. , #3576 ) ;
#850 = CARTESIAN_POINT ( 'NONE',  ( -0.5000000000000002220, 0.2000000000000000111, 0.4499999999999965139 ) ) ;
#851 = FACE_OUTER_BOUND ( 'NONE', #534, .T. ) ;
#852 = ORIENTED_EDGE ( 'NONE', *, *, #3543, .T. ) ;
#853 = DIRECTION ( 'NONE',  ( 1.000000000000000000, -0.000000000000000000, 3.614007241618350743E-16 ) ) ;
#854 = CARTESIAN_POINT ( 'NONE',  ( 0.1499999999999998557, 0.2000000000000000111, 0.1249999999999965028 ) ) ;
#855 = LINE ( 'NONE', #835, #917 ) ;
#856 = ORIENTED_EDGE ( 'NONE', *, *, #2787, .F. ) ;
#857 = COLOUR_RGB ( '',0.2980392156862745057, 0.2980392156862745057, 0.2980392156862745057 ) ;
#858 = EDGE_CURVE ( 'NONE', #885, #3044, #3127, .T. ) ;
#859 = UNCERTAINTY_MEASURE_WITH_UNIT (LENGTH_MEASURE( 1.000000000000000082E-05 ), #2856, 'distance_accuracy_value', 'NONE');
#860 = EDGE_CURVE ( 'NONE', #3765, #1366, #3204, .T. ) ;
#861 = VERTEX_POINT ( 'NONE', #2540 ) ;
#862 = STYLED_ITEM ( 'NONE', ( #3772 ), #3561 ) ;
#863 = MECHANICAL_DESIGN_GEOMETRIC_PRESENTATION_REPRESENTATION (  '', ( #480 ), #2754 ) ;
#864 = SURFACE_STYLE_USAGE ( .BOTH. , #3264 ) ;
#865 = COLOUR_RGB ( '',0.8313725490196077761, 0.6705882352941175961, 0.1294117647058823373 ) ;
#866 = PRESENTATION_LAYER_ASSIGNMENT (  '', '', ( #2628 ) ) ;
#867 = ADVANCED_FACE ( 'NONE', ( #2245 ), #3530, .T. ) ;
#868 = COLOUR_RGB ( '',0.2980392156862745057, 0.2980392156862745057, 0.2980392156862745057 ) ;
#869 = PRESENTATION_LAYER_ASSIGNMENT (  '', '', ( #2130 ) ) ;
#870 =( NAMED_UNIT ( * ) SI_UNIT ( $, .STERADIAN. ) SOLID_ANGLE_UNIT ( ) );
#871 = DIRECTION ( 'NONE',  ( 5.004010026856174159E-16, 0.000000000000000000, -1.000000000000000000 ) ) ;
#872 = ORIENTED_EDGE ( 'NONE', *, *, #1232, .T. ) ;
#873 = PRESENTATION_LAYER_ASSIGNMENT (  '', '', ( #2697 ) ) ;
#874 = DIRECTION ( 'NONE',  ( 0.000000000000000000, -0.000000000000000000, 1.000000000000000000 ) ) ;
#875 = AXIS2_PLACEMENT_3D ( 'NONE', #401, #675, #1345 ) ;
#876 = LINE ( 'NONE', #571, #2570 ) ;
#877 =( GEOMETRIC_REPRESENTATION_CONTEXT ( 3 ) GLOBAL_UNCERTAINTY_ASSIGNED_CONTEXT ( ( #3703 ) ) GLOBAL_UNIT_ASSIGNED_CONTEXT ( ( #2506, #3025, #3736 ) ) REPRESENTATION_CONTEXT ( 'NONE', 'WORKASPACE' ) );
#878 = DIRECTION ( 'NONE',  ( 1.000000000000000000, 0.000000000000000000, 1.282972570774514001E-14 ) ) ;
#879 = CARTESIAN_POINT ( 'NONE',  ( -0.6500000000000000222, 0.000000000000000000, -0.1250000000000074940 ) ) ;
#880 = COLOUR_RGB ( '',0.2980392156862745057, 0.2980392156862745057, 0.2980392156862745057 ) ;
#881 = FILL_AREA_STYLE_COLOUR ( '', #1833 ) ;
#882 = EDGE_LOOP ( 'NONE', ( #1378, #2423, #896, #1212 ) ) ;
#883 =( NAMED_UNIT ( * ) PLANE_ANGLE_UNIT ( ) SI_UNIT ( $, .RADIAN. ) );
#884 = PLANE ( 'NONE',  #472 ) ;
#885 = VERTEX_POINT ( 'NONE', #720 ) ;
#886 = SURFACE_STYLE_USAGE ( .BOTH. , #3919 ) ;
#887 = VECTOR ( 'NONE', #337, 1000.000000000000114 ) ;
#888 = UNCERTAINTY_MEASURE_WITH_UNIT (LENGTH_MEASURE( 1.000000000000000082E-05 ), #2917, 'distance_accuracy_value', 'NONE');
#889 = FILL_AREA_STYLE ('',( #256 ) ) ;
#890 = AXIS2_PLACEMENT_3D ( 'NONE', #738, #1580, #651 ) ;
#891 = ORIENTED_EDGE ( 'NONE', *, *, #1685, .F. ) ;
#892 = PLANE ( 'NONE',  #706 ) ;
#893 = FILL_AREA_STYLE ('',( #1778 ) ) ;
#894 = SURFACE_STYLE_USAGE ( .BOTH. , #3302 ) ;
#895 = CARTESIAN_POINT ( 'NONE',  ( -0.4199999999999999845, 0.4500000000000000111, 0.1749999999999999611 ) ) ;
#896 = ORIENTED_EDGE ( 'NONE', *, *, #3518, .F. ) ;
#897 = CARTESIAN_POINT ( 'NONE',  ( 0.3500000000000000333, 0.1999999999999999833, -0.1250000000000004996 ) ) ;
#898 = CARTESIAN_POINT ( 'NONE',  ( -0.6499999999999871436, 0.2000000000000000111, -0.4500000000000240474 ) ) ;
#899 = DIRECTION ( 'NONE',  ( -0.000000000000000000, 1.000000000000000000, -0.000000000000000000 ) ) ;
#900 = EDGE_LOOP ( 'NONE', ( #3079, #3330, #3244, #2031 ) ) ;
#901 =( GEOMETRIC_REPRESENTATION_CONTEXT ( 3 ) GLOBAL_UNCERTAINTY_ASSIGNED_CONTEXT ( ( #2703 ) ) GLOBAL_UNIT_ASSIGNED_CONTEXT ( ( #2230, #3751, #147 ) ) REPRESENTATION_CONTEXT ( 'NONE', 'WORKASPACE' ) );
#902 = VERTEX_POINT ( 'NONE', #1349 ) ;
#903 = CARTESIAN_POINT ( 'NONE',  ( -0.6499999999999871436, 0.2000000000000000111, -0.4500000000000240474 ) ) ;
#904 =( NAMED_UNIT ( * ) PLANE_ANGLE_UNIT ( ) SI_UNIT ( $, .RADIAN. ) );
#905 = SURFACE_STYLE_FILL_AREA ( #604 ) ;
#906 = ORIENTED_EDGE ( 'NONE', *, *, #3230, .F. ) ;
#907 = SURFACE_STYLE_USAGE ( .BOTH. , #1 ) ;
#908 = CARTESIAN_POINT ( 'NONE',  ( 0.3500000000000128564, 0.2000000000000000111, -0.4500000000000170530 ) ) ;
#909 = EDGE_CURVE ( 'NONE', #3568, #648, #1935, .T. ) ;
#910 = EDGE_CURVE ( 'NONE', #3872, #3259, #3147, .T. ) ;
#911 = LINE ( 'NONE', #375, #3905 ) ;
#912 = DIRECTION ( 'NONE',  ( 0.000000000000000000, 0.000000000000000000, 1.000000000000000000 ) ) ;
#913 = ORIENTED_EDGE ( 'NONE', *, *, #1665, .T. ) ;
#914 = CARTESIAN_POINT ( 'NONE',  ( 0.7500000000000004441, 0.2000000000000000111, 0.5499999999999993783 ) ) ;
#915 = SURFACE_STYLE_FILL_AREA ( #8 ) ;
#916 = ORIENTED_EDGE ( 'NONE', *, *, #3013, .T. ) ;
#917 = VECTOR ( 'NONE', #3329, 1000.000000000000000 ) ;
#918 = ORIENTED_EDGE ( 'NONE', *, *, #170, .T. ) ;
#919 = FILL_AREA_STYLE ('',( #1290 ) ) ;
#920 = PLANE ( 'NONE',  #1673 ) ;
#921 = STYLED_ITEM ( 'NONE', ( #757 ), #2025 ) ;
#922 = VERTEX_POINT ( 'NONE', #1700 ) ;
#923 = DIRECTION ( 'NONE',  ( 0.000000000000000000, 0.000000000000000000, 1.000000000000000000 ) ) ;
#924 = LINE ( 'NONE', #1955, #2190 ) ;
#925 = MECHANICAL_DESIGN_GEOMETRIC_PRESENTATION_REPRESENTATION (  '', ( #3473 ), #1880 ) ;
#926 = EDGE_CURVE ( 'NONE', #1879, #2583, #2270, .T. ) ;
#927 =( GEOMETRIC_REPRESENTATION_CONTEXT ( 3 ) GLOBAL_UNCERTAINTY_ASSIGNED_CONTEXT ( ( #1681 ) ) GLOBAL_UNIT_ASSIGNED_CONTEXT ( ( #3374, #331, #3414 ) ) REPRESENTATION_CONTEXT ( 'NONE', 'WORKASPACE' ) );
#928 =( LENGTH_UNIT ( ) NAMED_UNIT ( * ) SI_UNIT ( .MILLI., .METRE. ) );
#929 =( GEOMETRIC_REPRESENTATION_CONTEXT ( 3 ) GLOBAL_UNCERTAINTY_ASSIGNED_CONTEXT ( ( #1774 ) ) GLOBAL_UNIT_ASSIGNED_CONTEXT ( ( #1733, #1150, #222 ) ) REPRESENTATION_CONTEXT ( 'NONE', 'WORKASPACE' ) );
#930 = LINE ( 'NONE', #321, #3410 ) ;
#931 = MECHANICAL_DESIGN_GEOMETRIC_PRESENTATION_REPRESENTATION (  '', ( #2697 ), #1126 ) ;
#932 = LINE ( 'NONE', #2095, #2715 ) ;
#933 = ORIENTED_EDGE ( 'NONE', *, *, #2793, .F. ) ;
#934 = DIRECTION ( 'NONE',  ( 3.336006684570783101E-16, 0.000000000000000000, -1.000000000000000000 ) ) ;
#935 =( NAMED_UNIT ( * ) PLANE_ANGLE_UNIT ( ) SI_UNIT ( $, .RADIAN. ) );
#936 =( GEOMETRIC_REPRESENTATION_CONTEXT ( 3 ) GLOBAL_UNCERTAINTY_ASSIGNED_CONTEXT ( ( #3126 ) ) GLOBAL_UNIT_ASSIGNED_CONTEXT ( ( #2780, #3726, #801 ) ) REPRESENTATION_CONTEXT ( 'NONE', 'WORKASPACE' ) );
#937 = MECHANICAL_DESIGN_GEOMETRIC_PRESENTATION_REPRESENTATION (  '', ( #2637 ), #59 ) ;
#938 = PLANE ( 'NONE',  #435 ) ;
#939 = ORIENTED_EDGE ( 'NONE', *, *, #2135, .T. ) ;
#940 =( NAMED_UNIT ( * ) PLANE_ANGLE_UNIT ( ) SI_UNIT ( $, .RADIAN. ) );
#941 = DIRECTION ( 'NONE',  ( -3.969847954639077974E-14, 0.000000000000000000, 1.000000000000000000 ) ) ;
#942 = EDGE_LOOP ( 'NONE', ( #3085, #1715, #431, #2711 ) ) ;
#943 = FILL_AREA_STYLE ('',( #3690 ) ) ;
#944 =( GEOMETRIC_REPRESENTATION_CONTEXT ( 3 ) GLOBAL_UNCERTAINTY_ASSIGNED_CONTEXT ( ( #3396 ) ) GLOBAL_UNIT_ASSIGNED_CONTEXT ( ( #2159, #2238, #2206 ) ) REPRESENTATION_CONTEXT ( 'NONE', 'WORKASPACE' ) );
#945 = PLANE ( 'NONE',  #3607 ) ;
#946 = CARTESIAN_POINT ( 'NONE',  ( -0.6499999999999871436, 0.000000000000000000, -0.4500000000000240474 ) ) ;
#947 = ORIENTED_EDGE ( 'NONE', *, *, #68, .F. ) ;
#948 = CARTESIAN_POINT ( 'NONE',  ( 0.6500000000000001332, 0.1999999999999999833, 0.4500000000000044520 ) ) ;
#949 = PLANE ( 'NONE',  #123 ) ;
#950 = AXIS2_PLACEMENT_3D ( 'NONE', #159, #3562, #760 ) ;
#951 = UNCERTAINTY_MEASURE_WITH_UNIT (LENGTH_MEASURE( 1.000000000000000082E-05 ), #1206, 'distance_accuracy_value', 'NONE');
#952 = CARTESIAN_POINT ( 'NONE',  ( 0.1500000000000127620, 0.6422951503238740756, -0.4500000000000166644 ) ) ;
#953 =( LENGTH_UNIT ( ) NAMED_UNIT ( * ) SI_UNIT ( .MILLI., .METRE. ) );
#954 = ORIENTED_EDGE ( 'NONE', *, *, #2624, .T. ) ;
#955 = DIRECTION ( 'NONE',  ( 3.936487887793323590E-14, 0.000000000000000000, -1.000000000000000000 ) ) ;
#956 = COLOUR_RGB ( '',0.2980392156862745057, 0.2980392156862745057, 0.2980392156862745057 ) ;
#957 = PLANE ( 'NONE',  #550 ) ;
#958 = LINE ( 'NONE', #3739, #3927 ) ;
#959 = EDGE_LOOP ( 'NONE', ( #3740, #3909, #282, #2442 ) ) ;
#960 =( NAMED_UNIT ( * ) PLANE_ANGLE_UNIT ( ) SI_UNIT ( $, .RADIAN. ) );
#961 = EDGE_CURVE ( 'NONE', #1366, #3175, #460, .T. ) ;
#962 = EDGE_LOOP ( 'NONE', ( #3018, #102, #1060, #776 ) ) ;
#963 =( LENGTH_UNIT ( ) NAMED_UNIT ( * ) SI_UNIT ( .MILLI., .METRE. ) );
#964 = FACE_OUTER_BOUND ( 'NONE', #272, .T. ) ;
#965 = PRESENTATION_STYLE_ASSIGNMENT (( #1269 ) ) ;
#966 = UNCERTAINTY_MEASURE_WITH_UNIT (LENGTH_MEASURE( 1.000000000000000082E-05 ), #1235, 'distance_accuracy_value', 'NONE');
#967 = SURFACE_SIDE_STYLE ('',( #3110 ) ) ;
#968 = SURFACE_STYLE_FILL_AREA ( #3041 ) ;
#969 = LINE ( 'NONE', #2174, #239 ) ;
#970 = DIRECTION ( 'NONE',  ( 3.614007241618350250E-16, 0.000000000000000000, -1.000000000000000000 ) ) ;
#971 = ORIENTED_EDGE ( 'NONE', *, *, #1330, .T. ) ;
#972 = FILL_AREA_STYLE_COLOUR ( '', #3805 ) ;
#973 = VERTEX_POINT ( 'NONE', #2868 ) ;
#974 = FACE_OUTER_BOUND ( 'NONE', #2271, .T. ) ;
#975 = DIRECTION ( 'NONE',  ( -1.000000000000000000, 0.000000000000000000, -1.282972570774514001E-14 ) ) ;
#976 = ADVANCED_FACE ( 'NONE', ( #183 ), #1392, .T. ) ;
#977 = ADVANCED_FACE ( 'NONE', ( #2350 ), #9, .T. ) ;
#978 = MECHANICAL_DESIGN_GEOMETRIC_PRESENTATION_REPRESENTATION (  '', ( #470 ), #2932 ) ;
#979 = SURFACE_SIDE_STYLE ('',( #1813 ) ) ;
#980 = SURFACE_STYLE_USAGE ( .BOTH. , #583 ) ;
#981 =( NAMED_UNIT ( * ) PLANE_ANGLE_UNIT ( ) SI_UNIT ( $, .RADIAN. ) );
#982 = ORIENTED_EDGE ( 'NONE', *, *, #3684, .F. ) ;
#983 = STYLED_ITEM ( 'NONE', ( #2865 ), #3122 ) ;
#984 = DIRECTION ( 'NONE',  ( -1.000000000000000000, 0.000000000000000000, -6.672013369141567189E-16 ) ) ;
#985 = FACE_OUTER_BOUND ( 'NONE', #1361, .T. ) ;
#986 =( LENGTH_UNIT ( ) NAMED_UNIT ( * ) SI_UNIT ( .MILLI., .METRE. ) );
#987 = STYLED_ITEM ( 'NONE', ( #2114 ), #3393 ) ;
#988 = AXIS2_PLACEMENT_3D ( 'NONE', #432, #167, #2530 ) ;
#989 = CARTESIAN_POINT ( 'NONE',  ( 0.000000000000000000, 0.000000000000000000, 0.000000000000000000 ) ) ;
#990 = CARTESIAN_POINT ( 'NONE',  ( 0.6099999999999999867, 0.2500000000000000000, -0.4100000000000000311 ) ) ;
#991 = VERTEX_POINT ( 'NONE', #2639 ) ;
#992 = PRESENTATION_LAYER_ASSIGNMENT (  '', '', ( #237 ) ) ;
#993 = PRESENTATION_LAYER_ASSIGNMENT (  '', '', ( #2688 ) ) ;
#994 = STYLED_ITEM ( 'NONE', ( #1677 ), #2839 ) ;
#995 =( NAMED_UNIT ( * ) PLANE_ANGLE_UNIT ( ) SI_UNIT ( $, .RADIAN. ) );
#996 = VECTOR ( 'NONE', #3749, 1000.000000000000000 ) ;
#997 = VECTOR ( 'NONE', #3045, 1000.000000000000000 ) ;
#998 = MECHANICAL_DESIGN_GEOMETRIC_PRESENTATION_REPRESENTATION (  '', ( #3148 ), #2695 ) ;
#999 = SURFACE_STYLE_FILL_AREA ( #671 ) ;
#1000 = VERTEX_POINT ( 'NONE', #2748 ) ;
#1001 = VECTOR ( 'NONE', #3364, 1000.000000000000000 ) ;
#1002 = DIRECTION ( 'NONE',  ( -4.251773225433353119E-16, 0.000000000000000000, -1.000000000000000000 ) ) ;
#1003 = CARTESIAN_POINT ( 'NONE',  ( -0.6500000000000000222, 0.2000000000000000111, -0.1250000000000074940 ) ) ;
#1004 = STYLED_ITEM ( 'NONE', ( #716 ), #2551 ) ;
#1005 = SURFACE_STYLE_USAGE ( .BOTH. , #1581 ) ;
#1006 = DIRECTION ( 'NONE',  ( -1.000000000000000000, 0.000000000000000000, -1.282972570774514001E-14 ) ) ;
#1007 = CARTESIAN_POINT ( 'NONE',  ( 0.3500000000000000333, 0.6422951503238740756, 0.4500000000000023426 ) ) ;
#1008 = VERTEX_POINT ( 'NONE', #637 ) ;
#1009 = SURFACE_SIDE_STYLE ('',( #2599 ) ) ;
#1010 = DIRECTION ( 'NONE',  ( -3.969847954639077974E-14, 0.000000000000000000, 1.000000000000000000 ) ) ;
#1011 = DIRECTION ( 'NONE',  ( 1.000000000000000000, 0.000000000000000000, 1.282972570774514001E-14 ) ) ;
#1012 = STYLED_ITEM ( 'NONE', ( #3800 ), #1156 ) ;
#1014 = ADVANCED_FACE ( 'NONE', ( #536 ), #938, .T. ) ;
#1013 = VERTEX_POINT ( 'NONE', #1147 ) ;
#1015 = FILL_AREA_STYLE ('',( #2531 ) ) ;
#1016 = SURFACE_STYLE_USAGE ( .BOTH. , #3798 ) ;
#1017 = SURFACE_SIDE_STYLE ('',( #1894 ) ) ;
#1018 = ORIENTED_EDGE ( 'NONE', *, *, #1383, .F. ) ;
#1019 = PRESENTATION_LAYER_ASSIGNMENT (  '', '', ( #2281 ) ) ;
#1020 = FILL_AREA_STYLE ('',( #3464 ) ) ;
#1021 = LINE ( 'NONE', #1041, #3831 ) ;
#1022 =( LENGTH_UNIT ( ) NAMED_UNIT ( * ) SI_UNIT ( .MILLI., .METRE. ) );
#1023 = DIRECTION ( 'NONE',  ( 0.000000000000000000, 1.000000000000000000, 0.000000000000000000 ) ) ;
#1024 = FILL_AREA_STYLE ('',( #2849 ) ) ;
#1025 = UNCERTAINTY_MEASURE_WITH_UNIT (LENGTH_MEASURE( 1.000000000000000082E-05 ), #2619, 'distance_accuracy_value', 'NONE');
#1026 = DIRECTION ( 'NONE',  ( 1.000000000000000000, -0.000000000000000000, 3.969847954639077974E-14 ) ) ;
#1027 = ORIENTED_EDGE ( 'NONE', *, *, #3181, .F. ) ;
#1028 = CARTESIAN_POINT ( 'NONE',  ( 0.7500000000000004441, 0.2000000000000000111, 0.5499999999999993783 ) ) ;
#1029 =( LENGTH_UNIT ( ) NAMED_UNIT ( * ) SI_UNIT ( .MILLI., .METRE. ) );
#1030 = SURFACE_STYLE_USAGE ( .BOTH. , #1078 ) ;
#1031 = DIRECTION ( 'NONE',  ( 5.288791085295146491E-16, 0.000000000000000000, 1.000000000000000000 ) ) ;
#1032 = ORIENTED_EDGE ( 'NONE', *, *, #1801, .T. ) ;
#1033 =( NAMED_UNIT ( * ) SI_UNIT ( $, .STERADIAN. ) SOLID_ANGLE_UNIT ( ) );
#1034 = SURFACE_STYLE_USAGE ( .BOTH. , #2256 ) ;
#1035 = CARTESIAN_POINT ( 'NONE',  ( -0.6500000000000001332, 0.1999999999999999833, 0.4499999999999928502 ) ) ;
#1036 = EDGE_CURVE ( 'NONE', #3755, #1488, #958, .T. ) ;
#1037 = ADVANCED_FACE ( 'NONE', ( #138 ), #1593, .F. ) ;
#1038 = DIRECTION ( 'NONE',  ( 1.000000000000000000, -0.000000000000000000, 1.282972570774514001E-14 ) ) ;
#1039 = ORIENTED_EDGE ( 'NONE', *, *, #3753, .F. ) ;
#1040 = DIRECTION ( 'NONE',  ( 0.000000000000000000, 0.000000000000000000, -1.000000000000000000 ) ) ;
#1041 = CARTESIAN_POINT ( 'NONE',  ( 0.6500000000000001332, 0.000000000000000000, 0.4500000000000044520 ) ) ;
#1042 = LINE ( 'NONE', #1610, #2886 ) ;
#1043 = SURFACE_STYLE_FILL_AREA ( #1024 ) ;
#1044 = DIRECTION ( 'NONE',  ( 1.000000000000000000, -0.000000000000000000, 1.282972570774514001E-14 ) ) ;
#1045 = ORIENTED_EDGE ( 'NONE', *, *, #3444, .T. ) ;
#1046 = FACE_OUTER_BOUND ( 'NONE', #1218, .T. ) ;
#1047 =( LENGTH_UNIT ( ) NAMED_UNIT ( * ) SI_UNIT ( .MILLI., .METRE. ) );
#1048 = PRESENTATION_STYLE_ASSIGNMENT (( #1353 ) ) ;
#1049 = VECTOR ( 'NONE', #3702, 1000.000000000000000 ) ;
#1050 =( LENGTH_UNIT ( ) NAMED_UNIT ( * ) SI_UNIT ( .MILLI., .METRE. ) );
#1051 = PLANE ( 'NONE',  #359 ) ;
#1052 = VERTEX_POINT ( 'NONE', #1320 ) ;
#1053 =( NAMED_UNIT ( * ) SI_UNIT ( $, .STERADIAN. ) SOLID_ANGLE_UNIT ( ) );
#1054 = FILL_AREA_STYLE ('',( #195 ) ) ;
#1055 = DIRECTION ( 'NONE',  ( 0.000000000000000000, 0.000000000000000000, 1.000000000000000000 ) ) ;
#1056 = UNCERTAINTY_MEASURE_WITH_UNIT (LENGTH_MEASURE( 1.000000000000000082E-05 ), #3723, 'distance_accuracy_value', 'NONE');
#1057 = PRESENTATION_LAYER_ASSIGNMENT (  '', '', ( #105 ) ) ;
#1058 = UNCERTAINTY_MEASURE_WITH_UNIT (LENGTH_MEASURE( 1.000000000000000082E-05 ), #1462, 'distance_accuracy_value', 'NONE');
#1059 = CARTESIAN_POINT ( 'NONE',  ( -0.6099999999999995426, 0.4500000000000000111, 0.4099999999999997535 ) ) ;
#1060 = ORIENTED_EDGE ( 'NONE', *, *, #120, .T. ) ;
#1061 =( GEOMETRIC_REPRESENTATION_CONTEXT ( 3 ) GLOBAL_UNCERTAINTY_ASSIGNED_CONTEXT ( ( #2370 ) ) GLOBAL_UNIT_ASSIGNED_CONTEXT ( ( #1050, #769, #2220 ) ) REPRESENTATION_CONTEXT ( 'NONE', 'WORKASPACE' ) );
#1062 = CARTESIAN_POINT ( 'NONE',  ( -0.1500000000000001332, 0.000000000000000000, 0.4499999999999963474 ) ) ;
#1063 = LINE ( 'NONE', #778, #2561 ) ;
#1064 = MECHANICAL_DESIGN_GEOMETRIC_PRESENTATION_REPRESENTATION (  '', ( #182 ), #477 ) ;
#1065 = VECTOR ( 'NONE', #2036, 1000.000000000000000 ) ;
#1066 = AXIS2_PLACEMENT_3D ( 'NONE', #3105, #653, #623 ) ;
#1067 = MECHANICAL_DESIGN_GEOMETRIC_PRESENTATION_REPRESENTATION (  '', ( #2322 ), #3787 ) ;
#1068 = DIRECTION ( 'NONE',  ( 0.000000000000000000, 0.000000000000000000, -1.000000000000000000 ) ) ;
#1069 = STYLED_ITEM ( 'NONE', ( #965 ), #399 ) ;
#1070 = ADVANCED_FACE ( 'NONE', ( #3699 ), #3462, .T. ) ;
#1071 = PRESENTATION_LAYER_ASSIGNMENT (  '', '', ( #806 ) ) ;
#1072 = COLOUR_RGB ( '',0.2980392156862745057, 0.2980392156862745057, 0.2980392156862745057 ) ;
#1073 = CARTESIAN_POINT ( 'NONE',  ( -0.3500000000000001443, 0.1999999999999999833, -0.1250000000000076050 ) ) ;
#1074 = COLOUR_RGB ( '',0.8313725490196077761, 0.6705882352941175961, 0.1294117647058823373 ) ;
#1075 = MECHANICAL_DESIGN_GEOMETRIC_PRESENTATION_REPRESENTATION (  '', ( #1261 ), #301 ) ;
#1076 = DIRECTION ( 'NONE',  ( 0.000000000000000000, 0.000000000000000000, 1.000000000000000000 ) ) ;
#1077 = EDGE_LOOP ( 'NONE', ( #3270, #3639, #697, #546 ) ) ;
#1078 = SURFACE_SIDE_STYLE ('',( #448 ) ) ;
#1079 = SURFACE_STYLE_FILL_AREA ( #2914 ) ;
#1080 = ORIENTED_EDGE ( 'NONE', *, *, #2718, .T. ) ;
#1081 = PLANE ( 'NONE',  #2819 ) ;
#1082 =( LENGTH_UNIT ( ) NAMED_UNIT ( * ) SI_UNIT ( .MILLI., .METRE. ) );
#1083 =( LENGTH_UNIT ( ) NAMED_UNIT ( * ) SI_UNIT ( .MILLI., .METRE. ) );
#1084 =( GEOMETRIC_REPRESENTATION_CONTEXT ( 3 ) GLOBAL_UNCERTAINTY_ASSIGNED_CONTEXT ( ( #1599 ) ) GLOBAL_UNIT_ASSIGNED_CONTEXT ( ( #2574, #3489, #1417 ) ) REPRESENTATION_CONTEXT ( 'NONE', 'WORKASPACE' ) );
#1085 = EDGE_CURVE ( 'NONE', #3370, #2410, #696, .T. ) ;
#1086 = DIRECTION ( 'NONE',  ( -0.7071067811865507924, -0.000000000000000000, 0.7071067811865441310 ) ) ;
#1087 = ORIENTED_EDGE ( 'NONE', *, *, #1330, .F. ) ;
#1088 = VECTOR ( 'NONE', #1254, 1000.000000000000000 ) ;
#1089 =( NAMED_UNIT ( * ) SI_UNIT ( $, .STERADIAN. ) SOLID_ANGLE_UNIT ( ) );
#1090 = LINE ( 'NONE', #1636, #2935 ) ;
#1091 = COLOUR_RGB ( '',0.2980392156862745057, 0.2980392156862745057, 0.2980392156862745057 ) ;
#1092 = SURFACE_STYLE_USAGE ( .BOTH. , #1988 ) ;
#1093 = ORIENTED_EDGE ( 'NONE', *, *, #2267, .T. ) ;
#1094 = CARTESIAN_POINT ( 'NONE',  ( -0.1499999999999871714, 0.000000000000000000, -0.4500000000000205502 ) ) ;
#1095 =( NAMED_UNIT ( * ) PLANE_ANGLE_UNIT ( ) SI_UNIT ( $, .RADIAN. ) );
#1096 = EDGE_CURVE ( 'NONE', #3619, #1262, #414, .T. ) ;
#1097 = DIRECTION ( 'NONE',  ( 1.000000000000000000, 0.000000000000000000, 3.614007241618350250E-16 ) ) ;
#1098 = CARTESIAN_POINT ( 'NONE',  ( -0.6500000000000001332, 0.6422951503238740756, 0.4499999999999928502 ) ) ;
#1099 = ORIENTED_EDGE ( 'NONE', *, *, #1157, .F. ) ;
#1100 = PLANE ( 'NONE',  #988 ) ;
#1101 = CARTESIAN_POINT ( 'NONE',  ( 0.3500000000000000333, 0.2000000000000000111, 0.1249999999999998890 ) ) ;
#1102 = LINE ( 'NONE', #1742, #1707 ) ;
#1103 = EDGE_LOOP ( 'NONE', ( #1836, #2924, #3351, #2869 ) ) ;
#1104 = CARTESIAN_POINT ( 'NONE',  ( 0.6099999999999999867, 0.4500000000000000111, -0.4100000000000000311 ) ) ;
#1105 =( NAMED_UNIT ( * ) PLANE_ANGLE_UNIT ( ) SI_UNIT ( $, .RADIAN. ) );
#1106 = EDGE_CURVE ( 'NONE', #1498, #2993, #2773, .T. ) ;
#1107 = CARTESIAN_POINT ( 'NONE',  ( 0.3500000000000000333, 0.000000000000000000, 0.4500000000000023426 ) ) ;
#1108 = ORIENTED_EDGE ( 'NONE', *, *, #1834, .F. ) ;
#1109 = ADVANCED_FACE ( 'NONE', ( #75, #1909 ), #1281, .T. ) ;
#1110 = EDGE_CURVE ( 'NONE', #691, #1555, #197, .T. ) ;
#1111 = DIRECTION ( 'NONE',  ( 0.000000000000000000, -1.000000000000000000, 0.000000000000000000 ) ) ;
#1112 = CARTESIAN_POINT ( 'NONE',  ( 0.000000000000000000, 0.2000000000000000111, 0.000000000000000000 ) ) ;
#1113 = VERTEX_POINT ( 'NONE', #3185 ) ;
#1114 = DIRECTION ( 'NONE',  ( 0.000000000000000000, 0.000000000000000000, 1.000000000000000000 ) ) ;
#1115 = UNCERTAINTY_MEASURE_WITH_UNIT (LENGTH_MEASURE( 1.000000000000000082E-05 ), #32, 'distance_accuracy_value', 'NONE');
#1116 = PRODUCT_DEFINITION ( 'UNKNOWN', '', #1506, #3867 ) ;
#1117 = ORIENTED_EDGE ( 'NONE', *, *, #1929, .T. ) ;
#1118 =( NAMED_UNIT ( * ) SI_UNIT ( $, .STERADIAN. ) SOLID_ANGLE_UNIT ( ) );
#1119 = MECHANICAL_DESIGN_GEOMETRIC_PRESENTATION_REPRESENTATION (  '', ( #1871 ), #3714 ) ;
#1120 = FACE_OUTER_BOUND ( 'NONE', #2426, .T. ) ;
#1121 = VECTOR ( 'NONE', #1948, 1000.000000000000000 ) ;
#1122 = UNCERTAINTY_MEASURE_WITH_UNIT (LENGTH_MEASURE( 1.000000000000000082E-05 ), #1237, 'distance_accuracy_value', 'NONE');
#1123 = AXIS2_PLACEMENT_3D ( 'NONE', #2948, #2364, #5 ) ;
#1124 = COLOUR_RGB ( '',0.2980392156862745057, 0.2980392156862745057, 0.2980392156862745057 ) ;
#1125 = VECTOR ( 'NONE', #1011, 1000.000000000000000 ) ;
#1126 =( GEOMETRIC_REPRESENTATION_CONTEXT ( 3 ) GLOBAL_UNCERTAINTY_ASSIGNED_CONTEXT ( ( #2483 ) ) GLOBAL_UNIT_ASSIGNED_CONTEXT ( ( #1623, #1862, #661 ) ) REPRESENTATION_CONTEXT ( 'NONE', 'WORKASPACE' ) );
#1127 =( NAMED_UNIT ( * ) SI_UNIT ( $, .STERADIAN. ) SOLID_ANGLE_UNIT ( ) );
#1128 = AXIS2_PLACEMENT_3D ( 'NONE', #2045, #1424, #1470 ) ;
#1129 = VECTOR ( 'NONE', #649, 1000.000000000000000 ) ;
#1130 = ORIENTED_EDGE ( 'NONE', *, *, #1106, .F. ) ;
#1131 =( GEOMETRIC_REPRESENTATION_CONTEXT ( 3 ) GLOBAL_UNCERTAINTY_ASSIGNED_CONTEXT ( ( #3450 ) ) GLOBAL_UNIT_ASSIGNED_CONTEXT ( ( #1524, #1244, #2167 ) ) REPRESENTATION_CONTEXT ( 'NONE', 'WORKASPACE' ) );
#1132 = COLOUR_RGB ( '',0.7921568627450980005, 0.8196078431372548767, 0.9333333333333333481 ) ;
#1133 = FILL_AREA_STYLE_COLOUR ( '', #541 ) ;
#1134 = ORIENTED_EDGE ( 'NONE', *, *, #1232, .F. ) ;
#1135 = FILL_AREA_STYLE ('',( #586 ) ) ;
#1136 = PLANE ( 'NONE',  #1123 ) ;
#1137 = SURFACE_SIDE_STYLE ('',( #2707 ) ) ;
#1138 = CARTESIAN_POINT ( 'NONE',  ( 0.1499999999999998557, 0.000000000000000000, 0.1249999999999965028 ) ) ;
#1139 = LINE ( 'NONE', #225, #3463 ) ;
#1140 = ORIENTED_EDGE ( 'NONE', *, *, #2495, .T. ) ;
#1141 = PLANE ( 'NONE',  #178 ) ;
#1142 = PRESENTATION_STYLE_ASSIGNMENT (( #2925 ) ) ;
#1143 = DIRECTION ( 'NONE',  ( 0.000000000000000000, -1.000000000000000000, 0.000000000000000000 ) ) ;
#1144 = COLOUR_RGB ( '',0.2980392156862745057, 0.2980392156862745057, 0.2980392156862745057 ) ;
#1145 = VERTEX_POINT ( 'NONE', #457 ) ;
#1146 =( GEOMETRIC_REPRESENTATION_CONTEXT ( 3 ) GLOBAL_UNCERTAINTY_ASSIGNED_CONTEXT ( ( #3860 ) ) GLOBAL_UNIT_ASSIGNED_CONTEXT ( ( #2145, #940, #559 ) ) REPRESENTATION_CONTEXT ( 'NONE', 'WORKASPACE' ) );
#1147 = CARTESIAN_POINT ( 'NONE',  ( -0.7499999999999995559, 0.000000000000000000, 0.5499999999999998224 ) ) ;
#1148 = VERTEX_POINT ( 'NONE', #1724 ) ;
#1149 = PRESENTATION_LAYER_ASSIGNMENT (  '', '', ( #6 ) ) ;
#1150 =( NAMED_UNIT ( * ) PLANE_ANGLE_UNIT ( ) SI_UNIT ( $, .RADIAN. ) );
#1151 = PRESENTATION_STYLE_ASSIGNMENT (( #2354 ) ) ;
#1152 = ORIENTED_EDGE ( 'NONE', *, *, #3512, .F. ) ;
#1153 = DIRECTION ( 'NONE',  ( 0.000000000000000000, 0.000000000000000000, 1.000000000000000000 ) ) ;
#1154 = CARTESIAN_POINT ( 'NONE',  ( -0.3499999999999872657, 0.000000000000000000, -0.4500000000000202172 ) ) ;
#1155 = FILL_AREA_STYLE_COLOUR ( '', #1132 ) ;
#1156 = ADVANCED_FACE ( 'NONE', ( #832 ), #2887, .F. ) ;
#1157 = EDGE_CURVE ( 'NONE', #991, #2425, #1102, .T. ) ;
#1158 = PLANE ( 'NONE',  #598 ) ;
#1159 = ORIENTED_EDGE ( 'NONE', *, *, #1096, .T. ) ;
#1160 = FILL_AREA_STYLE ('',( #2693 ) ) ;
#1161 = VERTEX_POINT ( 'NONE', #528 ) ;
#1162 = SURFACE_SIDE_STYLE ('',( #1776 ) ) ;
#1163 =( LENGTH_UNIT ( ) NAMED_UNIT ( * ) SI_UNIT ( .MILLI., .METRE. ) );
#1164 = ORIENTED_EDGE ( 'NONE', *, *, #3373, .T. ) ;
#1165 = DIRECTION ( 'NONE',  ( 0.000000000000000000, 1.000000000000000000, 0.000000000000000000 ) ) ;
#1166 = CARTESIAN_POINT ( 'NONE',  ( -0.6500000000000000222, 0.000000000000000000, 0.1249999999999928946 ) ) ;
#1167 = DIRECTION ( 'NONE',  ( -1.858632295689388277E-15, 0.000000000000000000, -1.000000000000000000 ) ) ;
#1168 = PRESENTATION_STYLE_ASSIGNMENT (( #2079 ) ) ;
#1169 = DIRECTION ( 'NONE',  ( -1.000000000000000000, 0.000000000000000000, -3.936487887793323590E-14 ) ) ;
#1170 = ORIENTED_EDGE ( 'NONE', *, *, #3518, .T. ) ;
#1171 = CARTESIAN_POINT ( 'NONE',  ( -0.3500000000000001443, 0.000000000000000000, -0.1250000000000076328 ) ) ;
#1172 = DIRECTION ( 'NONE',  ( 0.000000000000000000, 0.000000000000000000, 1.000000000000000000 ) ) ;
#1173 = LINE ( 'NONE', #898, #2184 ) ;
#1174 = COLOUR_RGB ( '',0.2980392156862745057, 0.2980392156862745057, 0.2980392156862745057 ) ;
#1175 = ORIENTED_EDGE ( 'NONE', *, *, #2218, .T. ) ;
#1176 = PRESENTATION_LAYER_ASSIGNMENT (  '', '', ( #983 ) ) ;
#1177 =( GEOMETRIC_REPRESENTATION_CONTEXT ( 3 ) GLOBAL_UNCERTAINTY_ASSIGNED_CONTEXT ( ( #2552 ) ) GLOBAL_UNIT_ASSIGNED_CONTEXT ( ( #2037, #2665, #848 ) ) REPRESENTATION_CONTEXT ( 'NONE', 'WORKASPACE' ) );
#1178 = UNCERTAINTY_MEASURE_WITH_UNIT (LENGTH_MEASURE( 1.000000000000000082E-05 ), #2708, 'distance_accuracy_value', 'NONE');
#1179 = VECTOR ( 'NONE', #3895, 1000.000000000000000 ) ;
#1180 = AXIS2_PLACEMENT_3D ( 'NONE', #3871, #2361, #3578 ) ;
#1181 = VECTOR ( 'NONE', #2445, 1000.000000000000000 ) ;
#1182 = AXIS2_PLACEMENT_3D ( 'NONE', #1827, #3620, #2057 ) ;
#1183 = STYLED_ITEM ( 'NONE', ( #3046 ), #1653 ) ;
#1184 = DIRECTION ( 'NONE',  ( 1.000000000000000000, 0.000000000000000000, 1.282972570774514001E-14 ) ) ;
#1185 = DIRECTION ( 'NONE',  ( 0.000000000000000000, -0.000000000000000000, 1.000000000000000000 ) ) ;
#1186 = CARTESIAN_POINT ( 'NONE',  ( -0.3500000000000001443, 0.000000000000000000, 0.1249999999999930056 ) ) ;
#1187 = VERTEX_POINT ( 'NONE', #1138 ) ;
#1188 = CARTESIAN_POINT ( 'NONE',  ( -0.5000000000000002220, 0.6422951503238740756, 0.4499999999999965139 ) ) ;
#1189 =( GEOMETRIC_REPRESENTATION_CONTEXT ( 3 ) GLOBAL_UNCERTAINTY_ASSIGNED_CONTEXT ( ( #1178 ) ) GLOBAL_UNIT_ASSIGNED_CONTEXT ( ( #2708, #1764, #3850 ) ) REPRESENTATION_CONTEXT ( 'NONE', 'WORKASPACE' ) );
#1190 = FACE_OUTER_BOUND ( 'NONE', #2254, .T. ) ;
#1191 =( NAMED_UNIT ( * ) PLANE_ANGLE_UNIT ( ) SI_UNIT ( $, .RADIAN. ) );
#1192 = STYLED_ITEM ( 'NONE', ( #35 ), #817 ) ;
#1193 = DIRECTION ( 'NONE',  ( -1.000000000000000000, -0.000000000000000000, 5.421010862427525128E-16 ) ) ;
#1194 =( NAMED_UNIT ( * ) SI_UNIT ( $, .STERADIAN. ) SOLID_ANGLE_UNIT ( ) );
#1195 = VERTEX_POINT ( 'NONE', #1459 ) ;
#1196 = CARTESIAN_POINT ( 'NONE',  ( 0.6500000000000127898, 0.000000000000000000, -0.4500000000000132228 ) ) ;
#1197 = ORIENTED_EDGE ( 'NONE', *, *, #2747, .F. ) ;
#1198 = CARTESIAN_POINT ( 'NONE',  ( 0.6500000000000001332, 0.2000000000000000111, 0.4500000000000044520 ) ) ;
#1199 = PRESENTATION_LAYER_ASSIGNMENT (  '', '', ( #1012 ) ) ;
#1200 = VECTOR ( 'NONE', #252, 1000.000000000000000 ) ;
#1201 = ORIENTED_EDGE ( 'NONE', *, *, #3012, .T. ) ;
#1202 = EDGE_CURVE ( 'NONE', #397, #1582, #3523, .T. ) ;
#1203 = DIRECTION ( 'NONE',  ( -7.635226566799329847E-17, 0.000000000000000000, 1.000000000000000000 ) ) ;
#1204 = FACE_OUTER_BOUND ( 'NONE', #2204, .T. ) ;
#1205 = PRESENTATION_LAYER_ASSIGNMENT (  '', '', ( #698 ) ) ;
#1206 =( LENGTH_UNIT ( ) NAMED_UNIT ( * ) SI_UNIT ( .MILLI., .METRE. ) );
#1207 = PLANE ( 'NONE',  #3314 ) ;
#1208 =( NAMED_UNIT ( * ) SI_UNIT ( $, .STERADIAN. ) SOLID_ANGLE_UNIT ( ) );
#1209 = CARTESIAN_POINT ( 'NONE',  ( -0.6499999999999871436, 0.2000000000000000111, -0.4500000000000240474 ) ) ;
#1210 = PRESENTATION_STYLE_ASSIGNMENT (( #1845 ) ) ;
#1211 = LINE ( 'NONE', #633, #887 ) ;
#1212 = ORIENTED_EDGE ( 'NONE', *, *, #174, .T. ) ;
#1213 = CARTESIAN_POINT ( 'NONE',  ( -0.5000000000000002220, 0.6422951503238740756, 0.4499999999999965139 ) ) ;
#1214 = SURFACE_SIDE_STYLE ('',( #3285 ) ) ;
#1215 = COLOUR_RGB ( '',0.2980392156862745057, 0.2980392156862745057, 0.2980392156862745057 ) ;
#1216 = FILL_AREA_STYLE ('',( #2713 ) ) ;
#1217 = DIRECTION ( 'NONE',  ( 1.000000000000000000, 0.000000000000000000, 3.969847954639077974E-14 ) ) ;
#1218 = EDGE_LOOP ( 'NONE', ( #1701, #3113, #1743, #1703 ) ) ;
#1219 = VECTOR ( 'NONE', #2154, 1000.000000000000000 ) ;
#1220 = EDGE_LOOP ( 'NONE', ( #3917, #1473, #3678, #1771, #19 ) ) ;
#1221 = SURFACE_STYLE_FILL_AREA ( #2165 ) ;
#1222 = FILL_AREA_STYLE_COLOUR ( '', #3851 ) ;
#1223 = PRESENTATION_STYLE_ASSIGNMENT (( #3358 ) ) ;
#1224 = SURFACE_STYLE_USAGE ( .BOTH. , #3019 ) ;
#1226 = EDGE_CURVE ( 'NONE', #3391, #1515, #3773, .T. ) ;
#1225 = ORIENTED_EDGE ( 'NONE', *, *, #1260, .T. ) ;
#1227 = LINE ( 'NONE', #606, #3594 ) ;
#1228 =( LENGTH_UNIT ( ) NAMED_UNIT ( * ) SI_UNIT ( .MILLI., .METRE. ) );
#1229 = LINE ( 'NONE', #3339, #1446 ) ;
#1230 = SURFACE_SIDE_STYLE ('',( #2434 ) ) ;
#1232 = EDGE_CURVE ( 'NONE', #3424, #3283, #510, .T. ) ;
#1231 = VERTEX_POINT ( 'NONE', #2903 ) ;
#1233 = SURFACE_STYLE_FILL_AREA ( #590 ) ;
#1234 = DIRECTION ( 'NONE',  ( -1.000000000000000000, -0.000000000000000000, -7.228014483236698281E-17 ) ) ;
#1235 =( LENGTH_UNIT ( ) NAMED_UNIT ( * ) SI_UNIT ( .MILLI., .METRE. ) );
#1236 = ORIENTED_EDGE ( 'NONE', *, *, #2550, .T. ) ;
#1237 =( LENGTH_UNIT ( ) NAMED_UNIT ( * ) SI_UNIT ( .MILLI., .METRE. ) );
#1238 =( GEOMETRIC_REPRESENTATION_CONTEXT ( 3 ) GLOBAL_UNCERTAINTY_ASSIGNED_CONTEXT ( ( #1987 ) ) GLOBAL_UNIT_ASSIGNED_CONTEXT ( ( #1303, #3051, #1287 ) ) REPRESENTATION_CONTEXT ( 'NONE', 'WORKASPACE' ) );
#1239 = CARTESIAN_POINT ( 'NONE',  ( -0.6099999999999995426, 0.4500000000000000111, 0.4099999999999997535 ) ) ;
#1240 = COLOUR_RGB ( '',0.8313725490196077761, 0.6705882352941175961, 0.1294117647058823373 ) ;
#1241 = VECTOR ( 'NONE', #3439, 1000.000000000000000 ) ;
#1242 = EDGE_LOOP ( 'NONE', ( #1159, #3249, #2287, #1164 ) ) ;
#1243 = CARTESIAN_POINT ( 'NONE',  ( 0.6500000000000127898, 0.2000000000000000111, -0.4500000000000132228 ) ) ;
#1244 =( NAMED_UNIT ( * ) PLANE_ANGLE_UNIT ( ) SI_UNIT ( $, .RADIAN. ) );
#1245 = VECTOR ( 'NONE', #2082, 1000.000000000000000 ) ;
#1246 = PRESENTATION_LAYER_ASSIGNMENT (  '', '', ( #921 ) ) ;
#1247 = CARTESIAN_POINT ( 'NONE',  ( -0.7499999999999995559, 0.000000000000000000, -0.5500000000000001554 ) ) ;
#1248 = DIRECTION ( 'NONE',  ( -0.000000000000000000, 1.000000000000000000, -0.000000000000000000 ) ) ;
#1249 = MECHANICAL_DESIGN_GEOMETRIC_PRESENTATION_REPRESENTATION (  '', ( #237 ), #52 ) ;
#1250 = STYLED_ITEM ( 'NONE', ( #15 ), #2395 ) ;
#1251 = CARTESIAN_POINT ( 'NONE',  ( 0.3500000000000128564, 0.2000000000000000111, -0.4500000000000170530 ) ) ;
#1252 = SURFACE_STYLE_USAGE ( .BOTH. , #2741 ) ;
#1253 = DIRECTION ( 'NONE',  ( -3.969847954639077974E-14, 0.000000000000000000, 1.000000000000000000 ) ) ;
#1254 = DIRECTION ( 'NONE',  ( -1.000000000000000000, 0.000000000000000000, -8.886903053159876229E-17 ) ) ;
#1255 = EDGE_LOOP ( 'NONE', ( #2511, #254, #1465, #3822 ) ) ;
#1256 = VECTOR ( 'NONE', #1234, 1000.000000000000000 ) ;
#1257 = CARTESIAN_POINT ( 'NONE',  ( -0.1499999999999871714, 0.2000000000000000111, -0.4500000000000205502 ) ) ;
#1258 = FILL_AREA_STYLE_COLOUR ( '', #2188 ) ;
#1259 = VECTOR ( 'NONE', #426, 1000.000000000000000 ) ;
#1260 = EDGE_CURVE ( 'NONE', #2645, #3370, #322, .T. ) ;
#1261 = STYLED_ITEM ( 'NONE', ( #163 ), #2672 ) ;
#1262 = VERTEX_POINT ( 'NONE', #2382 ) ;
#1263 = LINE ( 'NONE', #3141, #3775 ) ;
#1264 = VERTEX_POINT ( 'NONE', #1514 ) ;
#1265 = CARTESIAN_POINT ( 'NONE',  ( 0.7099999999999999645, 0.2500000000000000000, -0.5100000000000000089 ) ) ;
#1266 = VECTOR ( 'NONE', #1607, 1000.000000000000000 ) ;
#1267 =( LENGTH_UNIT ( ) NAMED_UNIT ( * ) SI_UNIT ( .MILLI., .METRE. ) );
#1268 = DIRECTION ( 'NONE',  ( -1.000000000000000000, 0.000000000000000000, -3.614007241618350743E-16 ) ) ;
#1269 = SURFACE_STYLE_USAGE ( .BOTH. , #65 ) ;
#1270 = ORIENTED_EDGE ( 'NONE', *, *, #2747, .T. ) ;
#1271 = VECTOR ( 'NONE', #2325, 1000.000000000000000 ) ;
#1272 = CARTESIAN_POINT ( 'NONE',  ( -0.6499999999999871436, 0.000000000000000000, -0.4500000000000240474 ) ) ;
#1273 = SURFACE_SIDE_STYLE ('',( #2728 ) ) ;
#1274 = MECHANICAL_DESIGN_GEOMETRIC_PRESENTATION_REPRESENTATION (  '', ( #2281 ), #3747 ) ;
#1275 = UNCERTAINTY_MEASURE_WITH_UNIT (LENGTH_MEASURE( 1.000000000000000082E-05 ), #3842, 'distance_accuracy_value', 'NONE');
#1276 = CARTESIAN_POINT ( 'NONE',  ( -0.5000000000000002220, 0.1999999999999999833, 0.4499999999999965139 ) ) ;
#1277 = DIRECTION ( 'NONE',  ( -1.000000000000000000, 0.000000000000000000, -1.526918059583751236E-14 ) ) ;
#1278 = FILL_AREA_STYLE_COLOUR ( '', #1901 ) ;
#1279 = ORIENTED_EDGE ( 'NONE', *, *, #3271, .F. ) ;
#1280 = PRESENTATION_STYLE_ASSIGNMENT (( #2771 ) ) ;
#1281 = PLANE ( 'NONE',  #2712 ) ;
#1282 = ORIENTED_EDGE ( 'NONE', *, *, #3168, .F. ) ;
#1283 = ADVANCED_FACE ( 'NONE', ( #588 ), #2362, .T. ) ;
#1284 = EDGE_CURVE ( 'NONE', #2743, #241, #1211, .T. ) ;
#1285 = CARTESIAN_POINT ( 'NONE',  ( -0.7099999999999996314, 0.2500000000000000000, -0.5100000000000001199 ) ) ;
#1286 = DIRECTION ( 'NONE',  ( 1.282972570774514001E-14, 0.000000000000000000, -1.000000000000000000 ) ) ;
#1287 =( NAMED_UNIT ( * ) SI_UNIT ( $, .STERADIAN. ) SOLID_ANGLE_UNIT ( ) );
#1288 = AXIS2_PLACEMENT_3D ( 'NONE', #2194, #3418, #923 ) ;
#1289 = ORIENTED_EDGE ( 'NONE', *, *, #3564, .F. ) ;
#1290 = FILL_AREA_STYLE_COLOUR ( '', #1893 ) ;
#1291 = LINE ( 'NONE', #1877, #655 ) ;
#1292 = CARTESIAN_POINT ( 'NONE',  ( 0.6500000000000001332, 0.000000000000000000, 0.4500000000000044520 ) ) ;
#1293 = UNCERTAINTY_MEASURE_WITH_UNIT (LENGTH_MEASURE( 1.000000000000000082E-05 ), #171, 'distance_accuracy_value', 'NONE');
#1294 = VERTEX_POINT ( 'NONE', #1766 ) ;
#1295 = FILL_AREA_STYLE_COLOUR ( '', #2398 ) ;
#1296 = MANIFOLD_SOLID_BREP ( 'Boss-Extrude4[6]', #768 ) ;
#1297 = PRESENTATION_STYLE_ASSIGNMENT (( #320 ) ) ;
#1298 = ORIENTED_EDGE ( 'NONE', *, *, #926, .F. ) ;
#1299 = SHAPE_DEFINITION_REPRESENTATION ( #3688, #1806 ) ;
#1300 = DIRECTION ( 'NONE',  ( 3.969847954639077974E-14, 0.000000000000000000, -1.000000000000000000 ) ) ;
#1301 = VERTEX_POINT ( 'NONE', #2110 ) ;
#1302 = SURFACE_STYLE_FILL_AREA ( #3763 ) ;
#1303 =( LENGTH_UNIT ( ) NAMED_UNIT ( * ) SI_UNIT ( .MILLI., .METRE. ) );
#1304 = VECTOR ( 'NONE', #3448, 1000.000000000000000 ) ;
#1305 = EDGE_CURVE ( 'NONE', #3633, #504, #3579, .T. ) ;
#1306 = EDGE_CURVE ( 'NONE', #230, #691, #932, .T. ) ;
#1307 =( NAMED_UNIT ( * ) SI_UNIT ( $, .STERADIAN. ) SOLID_ANGLE_UNIT ( ) );
#1308 = EDGE_LOOP ( 'NONE', ( #3926, #3052, #1853, #939 ) ) ;
#1309 = COLOUR_RGB ( '',0.2980392156862745057, 0.2980392156862745057, 0.2980392156862745057 ) ;
#1310 = CARTESIAN_POINT ( 'NONE',  ( 0.3500000000000000333, 0.6422951503238740756, -0.1250000000000004996 ) ) ;
#1311 = PRESENTATION_LAYER_ASSIGNMENT (  '', '', ( #3605 ) ) ;
#1312 = DIRECTION ( 'NONE',  ( -0.7071067811865507924, 0.000000000000000000, 0.7071067811865441310 ) ) ;
#1313 = ORIENTED_EDGE ( 'NONE', *, *, #664, .F. ) ;
#1314 = PRESENTATION_LAYER_ASSIGNMENT (  '', '', ( #3837 ) ) ;
#1315 = COLOUR_RGB ( '',0.2980392156862745057, 0.2980392156862745057, 0.2980392156862745057 ) ;
#1316 =( LENGTH_UNIT ( ) NAMED_UNIT ( * ) SI_UNIT ( .MILLI., .METRE. ) );
#1317 =( NAMED_UNIT ( * ) PLANE_ANGLE_UNIT ( ) SI_UNIT ( $, .RADIAN. ) );
#1318 = VECTOR ( 'NONE', #1193, 1000.000000000000000 ) ;
#1319 = STYLED_ITEM ( 'NONE', ( #2497 ), #2469 ) ;
#1320 = CARTESIAN_POINT ( 'NONE',  ( -0.1500000000000001332, 0.000000000000000000, 0.4499999999999963474 ) ) ;
#1321 = ORIENTED_EDGE ( 'NONE', *, *, #2719, .F. ) ;
#1322 =( NAMED_UNIT ( * ) PLANE_ANGLE_UNIT ( ) SI_UNIT ( $, .RADIAN. ) );
#1323 = CARTESIAN_POINT ( 'NONE',  ( 0.6499999999999999112, 0.2000000000000000111, -0.1250000000000006661 ) ) ;
#1324 = PRESENTATION_STYLE_ASSIGNMENT (( #699 ) ) ;
#1325 = PRESENTATION_STYLE_ASSIGNMENT (( #3432 ) ) ;
#1326 =( GEOMETRIC_REPRESENTATION_CONTEXT ( 3 ) GLOBAL_UNCERTAINTY_ASSIGNED_CONTEXT ( ( #124 ) ) GLOBAL_UNIT_ASSIGNED_CONTEXT ( ( #2329, #3550, #1127 ) ) REPRESENTATION_CONTEXT ( 'NONE', 'WORKASPACE' ) );
#1327 =( NAMED_UNIT ( * ) SI_UNIT ( $, .STERADIAN. ) SOLID_ANGLE_UNIT ( ) );
#1328 = CARTESIAN_POINT ( 'NONE',  ( -0.6500000000000001332, 0.000000000000000000, 0.4499999999999928502 ) ) ;
#1329 = ORIENTED_EDGE ( 'NONE', *, *, #2669, .T. ) ;
#1330 = EDGE_CURVE ( 'NONE', #1626, #2142, #2139, .T. ) ;
#1331 = DIRECTION ( 'NONE',  ( 3.936487887793323590E-14, -0.000000000000000000, -1.000000000000000000 ) ) ;
#1332 = EDGE_CURVE ( 'NONE', #1262, #3424, #3004, .T. ) ;
#1333 = SURFACE_STYLE_USAGE ( .BOTH. , #1009 ) ;
#1334 = FACE_OUTER_BOUND ( 'NONE', #408, .T. ) ;
#1335 = FILL_AREA_STYLE_COLOUR ( '', #3010 ) ;
#1336 = AXIS2_PLACEMENT_3D ( 'NONE', #3405, #1634, #3428 ) ;
#1337 = VERTEX_POINT ( 'NONE', #3402 ) ;
#1338 = EDGE_CURVE ( 'NONE', #1561, #3755, #1904, .T. ) ;
#1339 = FACE_OUTER_BOUND ( 'NONE', #1735, .T. ) ;
#1340 = LINE ( 'NONE', #2257, #1999 ) ;
#1341 = COLOUR_RGB ( '',0.7921568627450980005, 0.8196078431372548767, 0.9333333333333333481 ) ;
#1342 = MECHANICAL_DESIGN_GEOMETRIC_PRESENTATION_REPRESENTATION (  '', ( #3034 ), #143 ) ;
#1343 = FILL_AREA_STYLE_COLOUR ( '', #76 ) ;
#1344 = FILL_AREA_STYLE ('',( #141 ) ) ;
#1345 = DIRECTION ( 'NONE',  ( 1.000000000000000000, 0.000000000000000000, -5.421010862427526114E-16 ) ) ;
#1346 = MANIFOLD_SOLID_BREP ( 'Boss-Extrude4[3]', #12 ) ;
#1347 = SURFACE_STYLE_FILL_AREA ( #1639 ) ;
#1348 = ADVANCED_FACE ( 'NONE', ( #1888 ), #1863, .F. ) ;
#1349 = CARTESIAN_POINT ( 'NONE',  ( -0.1500000000000001332, 0.2000000000000000111, 0.4499999999999963474 ) ) ;
#1350 =( NAMED_UNIT ( * ) SI_UNIT ( $, .STERADIAN. ) SOLID_ANGLE_UNIT ( ) );
#1351 = EDGE_LOOP ( 'NONE', ( #3623, #3682, #78, #954 ) ) ;
#1352 = SURFACE_STYLE_FILL_AREA ( #724 ) ;
#1353 = SURFACE_STYLE_USAGE ( .BOTH. , #208 ) ;
#1354 = FILL_AREA_STYLE_COLOUR ( '', #1559 ) ;
#1355 =( NAMED_UNIT ( * ) PLANE_ANGLE_UNIT ( ) SI_UNIT ( $, .RADIAN. ) );
#1356 = ORIENTED_EDGE ( 'NONE', *, *, #1662, .F. ) ;
#1357 = FACE_OUTER_BOUND ( 'NONE', #2986, .T. ) ;
#1358 = CARTESIAN_POINT ( 'NONE',  ( 0.000000000000000000, 0.000000000000000000, 0.000000000000000000 ) ) ;
#1359 = FILL_AREA_STYLE ('',( #2591 ) ) ;
#1360 = MANIFOLD_SOLID_BREP ( 'Cut-Extrude2', #267 ) ;
#1361 = EDGE_LOOP ( 'NONE', ( #819, #3360, #452, #1709 ) ) ;
#1362 = CARTESIAN_POINT ( 'NONE',  ( -0.3499999999999998113, 0.000000000000000000, 0.2999999999999975464 ) ) ;
#1363 = EDGE_CURVE ( 'NONE', #24, #574, #2557, .T. ) ;
#1364 = CARTESIAN_POINT ( 'NONE',  ( -0.1499999999999999667, 0.2000000000000000111, 0.1249999999999963918 ) ) ;
#1365 = DIRECTION ( 'NONE',  ( 0.000000000000000000, 0.000000000000000000, 1.000000000000000000 ) ) ;
#1366 = VERTEX_POINT ( 'NONE', #2956 ) ;
#1367 = DIRECTION ( 'NONE',  ( 5.004010026856175145E-16, 0.000000000000000000, -1.000000000000000000 ) ) ;
#1368 = COLOUR_RGB ( '',0.8313725490196077761, 0.6705882352941175961, 0.1294117647058823373 ) ;
#1369 = SURFACE_SIDE_STYLE ('',( #1079 ) ) ;
#1370 = ORIENTED_EDGE ( 'NONE', *, *, #3224, .T. ) ;
#1371 = PRESENTATION_STYLE_ASSIGNMENT (( #1647 ) ) ;
#1372 = LINE ( 'NONE', #3461, #2562 ) ;
#1373 = UNCERTAINTY_MEASURE_WITH_UNIT (LENGTH_MEASURE( 1.000000000000000082E-05 ), #2995, 'distance_accuracy_value', 'NONE');
#1374 = VECTOR ( 'NONE', #1973, 1000.000000000000000 ) ;
#1375 = COLOUR_RGB ( '',0.2980392156862745057, 0.2980392156862745057, 0.2980392156862745057 ) ;
#1376 = UNCERTAINTY_MEASURE_WITH_UNIT (LENGTH_MEASURE( 1.000000000000000082E-05 ), #2279, 'distance_accuracy_value', 'NONE');
#1377 =( NAMED_UNIT ( * ) SI_UNIT ( $, .STERADIAN. ) SOLID_ANGLE_UNIT ( ) );
#1378 = ORIENTED_EDGE ( 'NONE', *, *, #1714, .T. ) ;
#1379 =( GEOMETRIC_REPRESENTATION_CONTEXT ( 3 ) GLOBAL_UNCERTAINTY_ASSIGNED_CONTEXT ( ( #3487 ) ) GLOBAL_UNIT_ASSIGNED_CONTEXT ( ( #2429, #318, #3648 ) ) REPRESENTATION_CONTEXT ( 'NONE', 'WORKASPACE' ) );
#1380 = VECTOR ( 'NONE', #3696, 1000.000000000000000 ) ;
#1381 = SURFACE_STYLE_USAGE ( .BOTH. , #777 ) ;
#1382 = LINE ( 'NONE', #1930, #3069 ) ;
#1383 = EDGE_CURVE ( 'NONE', #2491, #2081, #201, .T. ) ;
#1384 = VECTOR ( 'NONE', #2899, 1000.000000000000000 ) ;
#1385 = PRESENTATION_LAYER_ASSIGNMENT (  '', '', ( #2123 ) ) ;
#1386 =( GEOMETRIC_REPRESENTATION_CONTEXT ( 3 ) GLOBAL_UNCERTAINTY_ASSIGNED_CONTEXT ( ( #1056 ) ) GLOBAL_UNIT_ASSIGNED_CONTEXT ( ( #3723, #2851, #181 ) ) REPRESENTATION_CONTEXT ( 'NONE', 'WORKASPACE' ) );
#1387 = COLOUR_RGB ( '',0.8313725490196077761, 0.6705882352941175961, 0.1294117647058823373 ) ;
#1388 = MECHANICAL_DESIGN_GEOMETRIC_PRESENTATION_REPRESENTATION (  '', ( #1004 ), #1450 ) ;
#1389 = FILL_AREA_STYLE ('',( #3260 ) ) ;
#1390 = ADVANCED_FACE ( 'NONE', ( #3528 ), #2349, .F. ) ;
#1391 = CARTESIAN_POINT ( 'NONE',  ( 0.000000000000000000, 0.2000000000000000111, 0.000000000000000000 ) ) ;
#1392 = PLANE ( 'NONE',  #1823 ) ;
#1393 = ORIENTED_EDGE ( 'NONE', *, *, #119, .T. ) ;
#1394 = DIRECTION ( 'NONE',  ( 3.942553354492745996E-16, 0.000000000000000000, 1.000000000000000000 ) ) ;
#1395 = SURFACE_STYLE_FILL_AREA ( #1982 ) ;
#1396 =( NAMED_UNIT ( * ) SI_UNIT ( $, .STERADIAN. ) SOLID_ANGLE_UNIT ( ) );
#1397 = LINE ( 'NONE', #785, #1384 ) ;
#1398 = ORIENTED_EDGE ( 'NONE', *, *, #3290, .T. ) ;
#1399 = FILL_AREA_STYLE_COLOUR ( '', #1500 ) ;
#1400 = DIRECTION ( 'NONE',  ( -1.000000000000000000, -0.000000000000000000, -7.047314121155778032E-15 ) ) ;
#1401 = UNCERTAINTY_MEASURE_WITH_UNIT (LENGTH_MEASURE( 1.000000000000000082E-05 ), #2471, 'distance_accuracy_value', 'NONE');
#1402 = SURFACE_STYLE_FILL_AREA ( #1686 ) ;
#1403 =( GEOMETRIC_REPRESENTATION_CONTEXT ( 3 ) GLOBAL_UNCERTAINTY_ASSIGNED_CONTEXT ( ( #2691 ) ) GLOBAL_UNIT_ASSIGNED_CONTEXT ( ( #2299, #3566, #498 ) ) REPRESENTATION_CONTEXT ( 'NONE', 'WORKASPACE' ) );
#1404 = ADVANCED_FACE ( 'NONE', ( #459 ), #1698, .T. ) ;
#1405 = EDGE_CURVE ( 'NONE', #66, #1013, #3663, .T. ) ;
#1406 = DIRECTION ( 'NONE',  ( 1.000000000000000000, 0.000000000000000000, 1.526918059583751236E-14 ) ) ;
#1407 = SURFACE_STYLE_FILL_AREA ( #3809 ) ;
#1408 = ADVANCED_FACE ( 'NONE', ( #2120 ), #2369, .F. ) ;
#1409 = ORIENTED_EDGE ( 'NONE', *, *, #1978, .T. ) ;
#1410 = FILL_AREA_STYLE ('',( #3767 ) ) ;
#1411 =( NAMED_UNIT ( * ) PLANE_ANGLE_UNIT ( ) SI_UNIT ( $, .RADIAN. ) );
#1412 = PLANE ( 'NONE',  #38 ) ;
#1413 = VECTOR ( 'NONE', #1367, 1000.000000000000000 ) ;
#1414 = EDGE_LOOP ( 'NONE', ( #3437, #1996, #839, #88, #2291 ) ) ;
#1415 = LINE ( 'NONE', #2313, #3902 ) ;
#1416 = SURFACE_SIDE_STYLE ('',( #3408 ) ) ;
#1417 =( NAMED_UNIT ( * ) SI_UNIT ( $, .STERADIAN. ) SOLID_ANGLE_UNIT ( ) );
#1418 = ORIENTED_EDGE ( 'NONE', *, *, #2840, .F. ) ;
#1419 = SURFACE_STYLE_USAGE ( .BOTH. , #2631 ) ;
#1420 = FACE_OUTER_BOUND ( 'NONE', #1910, .T. ) ;
#1421 = DIRECTION ( 'NONE',  ( 0.000000000000000000, 1.000000000000000000, 0.000000000000000000 ) ) ;
#1422 = SURFACE_STYLE_FILL_AREA ( #3171 ) ;
#1423 = ORIENTED_EDGE ( 'NONE', *, *, #3290, .F. ) ;
#1424 = DIRECTION ( 'NONE',  ( 1.526918059583751236E-14, 0.000000000000000000, -1.000000000000000000 ) ) ;
#1425 = LINE ( 'NONE', #2332, #800 ) ;
#1426 = PLANE ( 'NONE',  #3149 ) ;
#1427 = SURFACE_SIDE_STYLE ('',( #3535 ) ) ;
#1428 = ORIENTED_EDGE ( 'NONE', *, *, #2579, .T. ) ;
#1429 = CARTESIAN_POINT ( 'NONE',  ( -0.4199999999999999845, 0.4500000000000000111, 0.2500000000000000000 ) ) ;
#1430 = ADVANCED_FACE ( 'NONE', ( #3877 ), #3033, .F. ) ;
#1431 = PRESENTATION_STYLE_ASSIGNMENT (( #2379 ) ) ;
#1432 = MECHANICAL_DESIGN_GEOMETRIC_PRESENTATION_REPRESENTATION (  '', ( #2867 ), #173 ) ;
#1433 = DIRECTION ( 'NONE',  ( 0.000000000000000000, -0.000000000000000000, 1.000000000000000000 ) ) ;
#1434 = CARTESIAN_POINT ( 'NONE',  ( 0.6100000000000004308, 0.2500000000000000000, 0.4099999999999994760 ) ) ;
#1435 = PLANE ( 'NONE',  #3870 ) ;
#1436 =( NAMED_UNIT ( * ) SI_UNIT ( $, .STERADIAN. ) SOLID_ANGLE_UNIT ( ) );
#1437 = COLOUR_RGB ( '',0.2980392156862745057, 0.2980392156862745057, 0.2980392156862745057 ) ;
#1438 = PRESENTATION_LAYER_ASSIGNMENT (  '', '', ( #2626 ) ) ;
#1439 =( LENGTH_UNIT ( ) NAMED_UNIT ( * ) SI_UNIT ( .MILLI., .METRE. ) );
#1440 = EDGE_LOOP ( 'NONE', ( #1641, #3795, #14, #705 ) ) ;
#1441 = EDGE_CURVE ( 'NONE', #1782, #3833, #3624, .T. ) ;
#1442 = VECTOR ( 'NONE', #681, 1000.000000000000000 ) ;
#1443 = VECTOR ( 'NONE', #2618, 1000.000000000000000 ) ;
#1444 = MECHANICAL_DESIGN_GEOMETRIC_PRESENTATION_REPRESENTATION (  '', ( #2318 ), #1061 ) ;
#1445 = STYLED_ITEM ( 'NONE', ( #3382 ), #620 ) ;
#1446 = VECTOR ( 'NONE', #3674, 1000.000000000000000 ) ;
#1447 = PRESENTATION_LAYER_ASSIGNMENT (  '', '', ( #2322 ) ) ;
#1448 = ORIENTED_EDGE ( 'NONE', *, *, #2908, .F. ) ;
#1449 = COLOUR_RGB ( '',0.2980392156862745057, 0.2980392156862745057, 0.2980392156862745057 ) ;
#1450 =( GEOMETRIC_REPRESENTATION_CONTEXT ( 3 ) GLOBAL_UNCERTAINTY_ASSIGNED_CONTEXT ( ( #2861 ) ) GLOBAL_UNIT_ASSIGNED_CONTEXT ( ( #740, #3635, #3002 ) ) REPRESENTATION_CONTEXT ( 'NONE', 'WORKASPACE' ) );
#1451 = SURFACE_STYLE_FILL_AREA ( #889 ) ;
#1452 = CARTESIAN_POINT ( 'NONE',  ( -0.3500000000000001443, 0.2000000000000000111, 0.1249999999999930056 ) ) ;
#1453 = EDGE_CURVE ( 'NONE', #153, #3633, #596, .T. ) ;
#1455 = EDGE_CURVE ( 'NONE', #3505, #1145, #2774, .T. ) ;
#1454 = ORIENTED_EDGE ( 'NONE', *, *, #2169, .T. ) ;
#1456 = UNCERTAINTY_MEASURE_WITH_UNIT (LENGTH_MEASURE( 1.000000000000000082E-05 ), #26, 'distance_accuracy_value', 'NONE');
#1457 = CARTESIAN_POINT ( 'NONE',  ( -0.1499999999999871714, 0.2000000000000000111, -0.4500000000000205502 ) ) ;
#1458 =( NAMED_UNIT ( * ) SI_UNIT ( $, .STERADIAN. ) SOLID_ANGLE_UNIT ( ) );
#1459 = CARTESIAN_POINT ( 'NONE',  ( 0.1499999999999998557, 0.000000000000000000, 0.1249999999999965028 ) ) ;
#1460 = ORIENTED_EDGE ( 'NONE', *, *, #3399, .T. ) ;
#1461 = SURFACE_SIDE_STYLE ('',( #1233 ) ) ;
#1462 =( LENGTH_UNIT ( ) NAMED_UNIT ( * ) SI_UNIT ( .MILLI., .METRE. ) );
#1463 = STYLED_ITEM ( 'NONE', ( #326 ), #1014 ) ;
#1464 =( NAMED_UNIT ( * ) SI_UNIT ( $, .STERADIAN. ) SOLID_ANGLE_UNIT ( ) );
#1465 = ORIENTED_EDGE ( 'NONE', *, *, #2733, .T. ) ;
#1466 = PRESENTATION_LAYER_ASSIGNMENT (  '', '', ( #1772 ) ) ;
#1467 = VECTOR ( 'NONE', #3640, 1000.000000000000000 ) ;
#1468 = VERTEX_POINT ( 'NONE', #2474 ) ;
#1469 = VECTOR ( 'NONE', #2083, 1000.000000000000000 ) ;
#1470 = DIRECTION ( 'NONE',  ( -1.000000000000000000, 0.000000000000000000, -1.526918059583751236E-14 ) ) ;
#1471 = ADVANCED_FACE ( 'NONE', ( #2208 ), #674, .F. ) ;
#1472 = PRESENTATION_STYLE_ASSIGNMENT (( #1224 ) ) ;
#1473 = ORIENTED_EDGE ( 'NONE', *, *, #358, .T. ) ;
#1474 = DIRECTION ( 'NONE',  ( -0.000000000000000000, -1.000000000000000000, -0.000000000000000000 ) ) ;
#1475 =( NAMED_UNIT ( * ) PLANE_ANGLE_UNIT ( ) SI_UNIT ( $, .RADIAN. ) );
#1476 = LINE ( 'NONE', #3883, #2444 ) ;
#1477 = LINE ( 'NONE', #879, #1318 ) ;
#1478 = VERTEX_POINT ( 'NONE', #366 ) ;
#1479 = CARTESIAN_POINT ( 'NONE',  ( -0.1499999999999999667, 0.1999999999999999833, -0.1250000000000039968 ) ) ;
#1480 = LINE ( 'NONE', #1516, #184 ) ;
#1481 =( NAMED_UNIT ( * ) SI_UNIT ( $, .STERADIAN. ) SOLID_ANGLE_UNIT ( ) );
#1482 = CARTESIAN_POINT ( 'NONE',  ( -0.3500000000000001443, 0.000000000000000000, 0.1249999999999930056 ) ) ;
#1483 = DIRECTION ( 'NONE',  ( -3.054090626719730953E-16, 0.000000000000000000, -1.000000000000000000 ) ) ;
#1484 = ORIENTED_EDGE ( 'NONE', *, *, #1383, .T. ) ;
#1485 = ADVANCED_FACE ( 'NONE', ( #400 ), #713, .F. ) ;
#1486 = SURFACE_STYLE_FILL_AREA ( #3334 ) ;
#1487 = PLANE ( 'NONE',  #1563 ) ;
#1488 = VERTEX_POINT ( 'NONE', #342 ) ;
#1489 = CARTESIAN_POINT ( 'NONE',  ( 0.3500000000000000333, 0.000000000000000000, 0.1249999999999998890 ) ) ;
#1490 = SURFACE_STYLE_USAGE ( .BOTH. , #3254 ) ;
#1491 =( LENGTH_UNIT ( ) NAMED_UNIT ( * ) SI_UNIT ( .MILLI., .METRE. ) );
#1492 = CARTESIAN_POINT ( 'NONE',  ( 0.3500000000000128564, 0.000000000000000000, -0.4500000000000170530 ) ) ;
#1493 = ORIENTED_EDGE ( 'NONE', *, *, #2267, .F. ) ;
#1494 = CARTESIAN_POINT ( 'NONE',  ( -0.5000000000000002220, 0.1999999999999999833, 0.4499999999999965139 ) ) ;
#1495 = DIRECTION ( 'NONE',  ( 3.936487887793323590E-14, -0.000000000000000000, -1.000000000000000000 ) ) ;
#1496 = CARTESIAN_POINT ( 'NONE',  ( 0.3500000000000000333, 0.000000000000000000, 0.4500000000000023426 ) ) ;
#1497 = VECTOR ( 'NONE', #3802, 1000.000000000000000 ) ;
#1498 = VERTEX_POINT ( 'NONE', #2161 ) ;
#1499 = ADVANCED_FACE ( 'NONE', ( #974 ), #3407, .F. ) ;
#1500 = COLOUR_RGB ( '',1.000000000000000000, 1.000000000000000000, 1.000000000000000000 ) ;
#1501 = UNCERTAINTY_MEASURE_WITH_UNIT (LENGTH_MEASURE( 1.000000000000000082E-05 ), #986, 'distance_accuracy_value', 'NONE');
#1502 = AXIS2_PLACEMENT_3D ( 'NONE', #165, #810, #3214 ) ;
#1503 =( GEOMETRIC_REPRESENTATION_CONTEXT ( 3 ) GLOBAL_UNCERTAINTY_ASSIGNED_CONTEXT ( ( #2938 ) ) GLOBAL_UNIT_ASSIGNED_CONTEXT ( ( #2651, #3581, #3654 ) ) REPRESENTATION_CONTEXT ( 'NONE', 'WORKASPACE' ) );
#1504 = MECHANICAL_DESIGN_GEOMETRIC_PRESENTATION_REPRESENTATION (  '', ( #3837 ), #1379 ) ;
#1505 = AXIS2_PLACEMENT_3D ( 'NONE', #2157, #3383, #3093 ) ;
#1506 = PRODUCT_DEFINITION_FORMATION_WITH_SPECIFIED_SOURCE ( 'ANY', '', #3372, .NOT_KNOWN. ) ;
#1507 = COLOUR_RGB ( '',0.8313725490196077761, 0.6705882352941175961, 0.1294117647058823373 ) ;
#1508 = CIRCLE ( 'NONE', #2009, 0.07500000000000003886 ) ;
#1509 =( NAMED_UNIT ( * ) SI_UNIT ( $, .STERADIAN. ) SOLID_ANGLE_UNIT ( ) );
#1510 = LINE ( 'NONE', #2998, #2441 ) ;
#1511 = VERTEX_POINT ( 'NONE', #3510 ) ;
#1512 = SURFACE_STYLE_USAGE ( .BOTH. , #2035 ) ;
#1513 = DIRECTION ( 'NONE',  ( 0.000000000000000000, 0.000000000000000000, 1.000000000000000000 ) ) ;
#1514 = CARTESIAN_POINT ( 'NONE',  ( 0.1499999999999997446, 0.000000000000000000, 0.4499999999999965139 ) ) ;
#1515 = VERTEX_POINT ( 'NONE', #1362 ) ;
#1516 = CARTESIAN_POINT ( 'NONE',  ( -0.1499999999999999667, 0.6422951503238740756, 0.1249999999999963918 ) ) ;
#1517 = SURFACE_STYLE_USAGE ( .BOTH. , #577 ) ;
#1518 = ORIENTED_EDGE ( 'NONE', *, *, #2718, .F. ) ;
#1519 = SURFACE_STYLE_FILL_AREA ( #1160 ) ;
#1520 = EDGE_CURVE ( 'NONE', #1264, #3356, #2609, .T. ) ;
#1521 = ADVANCED_FACE ( 'NONE', ( #1420 ), #1972, .F. ) ;
#1522 = VERTEX_POINT ( 'NONE', #1711 ) ;
#1523 = SURFACE_STYLE_USAGE ( .BOTH. , #2413 ) ;
#1524 =( LENGTH_UNIT ( ) NAMED_UNIT ( * ) SI_UNIT ( .MILLI., .METRE. ) );
#1525 = SURFACE_STYLE_FILL_AREA ( #3924 ) ;
#1526 = CARTESIAN_POINT ( 'NONE',  ( 0.000000000000000000, 0.2000000000000000111, 0.000000000000000000 ) ) ;
#1527 = EDGE_LOOP ( 'NONE', ( #3788, #2412, #3243, #558 ) ) ;
#1528 = LINE ( 'NONE', #1842, #2315 ) ;
#1529 = CARTESIAN_POINT ( 'NONE',  ( -0.1499999999999999667, 0.2000000000000000111, 0.1249999999999963918 ) ) ;
#1530 = CARTESIAN_POINT ( 'NONE',  ( -0.6500000000000001332, 0.1999999999999999833, 0.4499999999999928502 ) ) ;
#1531 =( NAMED_UNIT ( * ) SI_UNIT ( $, .STERADIAN. ) SOLID_ANGLE_UNIT ( ) );
#1532 = EDGE_LOOP ( 'NONE', ( #1170, #334, #2126, #605 ) ) ;
#1533 = DIRECTION ( 'NONE',  ( -1.000000000000000000, 0.000000000000000000, -6.672013369141568175E-16 ) ) ;
#1534 = FILL_AREA_STYLE ('',( #3027 ) ) ;
#1535 = CARTESIAN_POINT ( 'NONE',  ( -0.1500000000000001332, 0.6422951503238740756, 0.4499999999999963474 ) ) ;
#1536 = PRESENTATION_LAYER_ASSIGNMENT (  '', '', ( #509 ) ) ;
#1537 = EDGE_LOOP ( 'NONE', ( #1937, #2737, #3861, #2852 ) ) ;
#1538 = VECTOR ( 'NONE', #1331, 1000.000000000000000 ) ;
#1539 = CARTESIAN_POINT ( 'NONE',  ( -0.1499999999999871714, 0.2000000000000000111, -0.4500000000000205502 ) ) ;
#1540 = ORIENTED_EDGE ( 'NONE', *, *, #592, .T. ) ;
#1541 = FILL_AREA_STYLE ('',( #3692 ) ) ;
#1542 = ORIENTED_EDGE ( 'NONE', *, *, #119, .F. ) ;
#1543 =( NAMED_UNIT ( * ) PLANE_ANGLE_UNIT ( ) SI_UNIT ( $, .RADIAN. ) );
#1544 = ADVANCED_FACE ( 'NONE', ( #1120 ), #1435, .T. ) ;
#1545 = SURFACE_SIDE_STYLE ('',( #373 ) ) ;
#1546 = CARTESIAN_POINT ( 'NONE',  ( 0.1499999999999997446, 0.000000000000000000, 0.4499999999999965139 ) ) ;
#1547 = DIRECTION ( 'NONE',  ( 1.000000000000000000, 0.000000000000000000, 1.282972570774514001E-14 ) ) ;
#1548 = ORIENTED_EDGE ( 'NONE', *, *, #1665, .F. ) ;
#1549 =( NAMED_UNIT ( * ) SI_UNIT ( $, .STERADIAN. ) SOLID_ANGLE_UNIT ( ) );
#1550 = CARTESIAN_POINT ( 'NONE',  ( -0.6099999999999995426, 0.2500000000000000000, -0.4100000000000001421 ) ) ;
#1551 = ORIENTED_EDGE ( 'NONE', *, *, #787, .F. ) ;
#1552 = SURFACE_SIDE_STYLE ('',( #2751 ) ) ;
#1553 = FILL_AREA_STYLE_COLOUR ( '', #2180 ) ;
#1554 = VECTOR ( 'NONE', #1143, 1000.000000000000000 ) ;
#1555 = VERTEX_POINT ( 'NONE', #2971 ) ;
#1556 = SURFACE_STYLE_USAGE ( .BOTH. , #345 ) ;
#1557 = FILL_AREA_STYLE ('',( #3357 ) ) ;
#1558 = VECTOR ( 'NONE', #2846, 1000.000000000000000 ) ;
#1559 = COLOUR_RGB ( '',0.8313725490196077761, 0.6705882352941175961, 0.1294117647058823373 ) ;
#1560 = FILL_AREA_STYLE_COLOUR ( '', #115 ) ;
#1561 = VERTEX_POINT ( 'NONE', #897 ) ;
#1562 =( NAMED_UNIT ( * ) SI_UNIT ( $, .STERADIAN. ) SOLID_ANGLE_UNIT ( ) );
#1563 = AXIS2_PLACEMENT_3D ( 'NONE', #3269, #295, #2963 ) ;
#1564 = DIRECTION ( 'NONE',  ( -0.000000000000000000, -1.000000000000000000, -0.000000000000000000 ) ) ;
#1565 = STYLED_ITEM ( 'NONE', ( #1837 ), #2396 ) ;
#1566 =( LENGTH_UNIT ( ) NAMED_UNIT ( * ) SI_UNIT ( .MILLI., .METRE. ) );
#1567 = EDGE_CURVE ( 'NONE', #2976, #3239, #27, .T. ) ;
#1568 = DIRECTION ( 'NONE',  ( -0.000000000000000000, -1.000000000000000000, -0.000000000000000000 ) ) ;
#1569 = EDGE_CURVE ( 'NONE', #2425, #1970, #3258, .T. ) ;
#1570 = CARTESIAN_POINT ( 'NONE',  ( -0.1500000000000001332, 0.000000000000000000, 0.4499999999999963474 ) ) ;
#1571 = MECHANICAL_DESIGN_GEOMETRIC_PRESENTATION_REPRESENTATION (  '', ( #1445 ), #365 ) ;
#1572 = VERTEX_POINT ( 'NONE', #1494 ) ;
#1573 =( GEOMETRIC_REPRESENTATION_CONTEXT ( 3 ) GLOBAL_UNCERTAINTY_ASSIGNED_CONTEXT ( ( #455 ) ) GLOBAL_UNIT_ASSIGNED_CONTEXT ( ( #1931, #3447, #3540 ) ) REPRESENTATION_CONTEXT ( 'NONE', 'WORKASPACE' ) );
#1574 = VECTOR ( 'NONE', #1564, 1000.000000000000000 ) ;
#1575 = CARTESIAN_POINT ( 'NONE',  ( 0.1499999999999997446, 0.2000000000000000111, 0.4499999999999965139 ) ) ;
#1576 = AXIS2_PLACEMENT_3D ( 'NONE', #2374, #3553, #2960 ) ;
#1577 = ADVANCED_FACE ( 'NONE', ( #3638, #7 ), #1799, .T. ) ;
#1578 = DIRECTION ( 'NONE',  ( -5.288791085295146491E-16, 0.000000000000000000, -1.000000000000000000 ) ) ;
#1579 = ORIENTED_EDGE ( 'NONE', *, *, #2793, .T. ) ;
#1580 = DIRECTION ( 'NONE',  ( 1.000000000000000000, 0.000000000000000000, 0.000000000000000000 ) ) ;
#1581 = SURFACE_SIDE_STYLE ('',( #61 ) ) ;
#1582 = VERTEX_POINT ( 'NONE', #2670 ) ;
#1583 = FACE_OUTER_BOUND ( 'NONE', #278, .T. ) ;
#1584 = MECHANICAL_DESIGN_GEOMETRIC_PRESENTATION_REPRESENTATION (  '', ( #3492 ), #1084 ) ;
#1585 = DIRECTION ( 'NONE',  ( -1.858632295689388277E-15, 0.000000000000000000, -1.000000000000000000 ) ) ;
#1586 = CARTESIAN_POINT ( 'NONE',  ( -0.6500000000000000222, 0.1999999999999999833, -0.1250000000000074940 ) ) ;
#1587 = ORIENTED_EDGE ( 'NONE', *, *, #2241, .T. ) ;
#1588 = PRESENTATION_LAYER_ASSIGNMENT (  '', '', ( #2778 ) ) ;
#1589 = UNCERTAINTY_MEASURE_WITH_UNIT (LENGTH_MEASURE( 1.000000000000000082E-05 ), #3816, 'distance_accuracy_value', 'NONE');
#1590 =( NAMED_UNIT ( * ) SI_UNIT ( $, .STERADIAN. ) SOLID_ANGLE_UNIT ( ) );
#1591 = ORIENTED_EDGE ( 'NONE', *, *, #1284, .F. ) ;
#1592 = LINE ( 'NONE', #411, #3722 ) ;
#1593 = PLANE ( 'NONE',  #3552 ) ;
#1594 = CIRCLE ( 'NONE', #703, 0.07500000000000003886 ) ;
#1595 = EDGE_CURVE ( 'NONE', #3515, #821, #117, .T. ) ;
#1596 = DIRECTION ( 'NONE',  ( -0.000000000000000000, -1.000000000000000000, -0.000000000000000000 ) ) ;
#1597 = SURFACE_STYLE_FILL_AREA ( #2732 ) ;
#1598 = DIRECTION ( 'NONE',  ( -0.000000000000000000, -1.000000000000000000, -0.000000000000000000 ) ) ;
#1599 = UNCERTAINTY_MEASURE_WITH_UNIT (LENGTH_MEASURE( 1.000000000000000082E-05 ), #2574, 'distance_accuracy_value', 'NONE');
#1600 = EDGE_LOOP ( 'NONE', ( #1270, #1731 ) ) ;
#1601 = LINE ( 'NONE', #1938, #2458 ) ;
#1602 = CARTESIAN_POINT ( 'NONE',  ( 0.3500000000000128564, 0.000000000000000000, -0.4500000000000170530 ) ) ;
#1603 = DIRECTION ( 'NONE',  ( 1.526918059583751236E-14, 0.000000000000000000, -1.000000000000000000 ) ) ;
#1604 = FILL_AREA_STYLE ('',( #709 ) ) ;
#1605 = VERTEX_POINT ( 'NONE', #1785 ) ;
#1606 = LINE ( 'NONE', #1257, #3666 ) ;
#1607 = DIRECTION ( 'NONE',  ( 1.858632295689388277E-15, -0.000000000000000000, 1.000000000000000000 ) ) ;
#1608 = ORIENTED_EDGE ( 'NONE', *, *, #2759, .T. ) ;
#1609 = CARTESIAN_POINT ( 'NONE',  ( 0.3500000000000128564, 0.1999999999999999833, -0.4500000000000170530 ) ) ;
#1610 = CARTESIAN_POINT ( 'NONE',  ( -0.7499999999999995559, 0.2000000000000000111, -0.5500000000000001554 ) ) ;
#1611 = FILL_AREA_STYLE_COLOUR ( '', #2303 ) ;
#1612 = EDGE_CURVE ( 'NONE', #2731, #66, #306, .T. ) ;
#1613 = ADVANCED_FACE ( 'NONE', ( #2113 ), #1828, .F. ) ;
#1614 = CARTESIAN_POINT ( 'NONE',  ( -0.4199999999999999845, 0.2178679656440356549, 0.2500000000000000000 ) ) ;
#1615 = CARTESIAN_POINT ( 'NONE',  ( 0.000000000000000000, 0.000000000000000000, 0.000000000000000000 ) ) ;
#1616 = CARTESIAN_POINT ( 'NONE',  ( 0.000000000000000000, 0.2000000000000000111, 0.000000000000000000 ) ) ;
#1617 = LINE ( 'NONE', #2521, #2258 ) ;
#1618 = ORIENTED_EDGE ( 'NONE', *, *, #2088, .F. ) ;
#1619 = VECTOR ( 'NONE', #2264, 1000.000000000000000 ) ;
#1620 = DIRECTION ( 'NONE',  ( -1.000000000000000000, 0.000000000000000000, 3.942553354492745996E-16 ) ) ;
#1621 = VECTOR ( 'NONE', #1055, 1000.000000000000000 ) ;
#1622 = AXIS2_PLACEMENT_3D ( 'NONE', #2448, #2765, #3363 ) ;
#1623 =( LENGTH_UNIT ( ) NAMED_UNIT ( * ) SI_UNIT ( .MILLI., .METRE. ) );
#1624 = CARTESIAN_POINT ( 'NONE',  ( 0.3500000000000000333, 0.1999999999999999833, -0.1250000000000004996 ) ) ;
#1625 =( NAMED_UNIT ( * ) PLANE_ANGLE_UNIT ( ) SI_UNIT ( $, .RADIAN. ) );
#1626 = VERTEX_POINT ( 'NONE', #2513 ) ;
#1627 = PRESENTATION_LAYER_ASSIGNMENT (  '', '', ( #2391 ) ) ;
#1628 =( LENGTH_UNIT ( ) NAMED_UNIT ( * ) SI_UNIT ( .MILLI., .METRE. ) );
#1629 = DIRECTION ( 'NONE',  ( 1.000000000000000000, 0.000000000000000000, -2.891205793294678326E-16 ) ) ;
#1630 = DIRECTION ( 'NONE',  ( -0.000000000000000000, 1.000000000000000000, -0.000000000000000000 ) ) ;
#1631 = AXIS2_PLACEMENT_3D ( 'NONE', #989, #2200, #1903 ) ;
#1632 = AXIS2_PLACEMENT_3D ( 'NONE', #1391, #3203, #3748 ) ;
#1633 = MECHANICAL_DESIGN_GEOMETRIC_PRESENTATION_REPRESENTATION (  '', ( #1183 ), #2064 ) ;
#1634 = DIRECTION ( 'NONE',  ( 1.000000000000000000, 0.000000000000000000, 3.969847954639077974E-14 ) ) ;
#1635 = AXIS2_PLACEMENT_3D ( 'NONE', #903, #2072, #3295 ) ;
#1636 = CARTESIAN_POINT ( 'NONE',  ( -0.6499999999999871436, 0.1999999999999999833, -0.4500000000000240474 ) ) ;
#1637 = EDGE_CURVE ( 'NONE', #3505, #1231, #3115, .T. ) ;
#1638 =( NAMED_UNIT ( * ) PLANE_ANGLE_UNIT ( ) SI_UNIT ( $, .RADIAN. ) );
#1639 = FILL_AREA_STYLE ('',( #719 ) ) ;
#1640 = LINE ( 'NONE', #2837, #673 ) ;
#1641 = ORIENTED_EDGE ( 'NONE', *, *, #1978, .F. ) ;
#1642 =( GEOMETRIC_REPRESENTATION_CONTEXT ( 3 ) GLOBAL_UNCERTAINTY_ASSIGNED_CONTEXT ( ( #3108 ) ) GLOBAL_UNIT_ASSIGNED_CONTEXT ( ( #2178, #2223, #2790 ) ) REPRESENTATION_CONTEXT ( 'NONE', 'WORKASPACE' ) );
#1643 = PRESENTATION_STYLE_ASSIGNMENT (( #3814 ) ) ;
#1644 = LINE ( 'NONE', #465, #1125 ) ;
#1645 =( GEOMETRIC_REPRESENTATION_CONTEXT ( 3 ) GLOBAL_UNCERTAINTY_ASSIGNED_CONTEXT ( ( #3312 ) ) GLOBAL_UNIT_ASSIGNED_CONTEXT ( ( #2970, #2667, #1194 ) ) REPRESENTATION_CONTEXT ( 'NONE', 'WORKASPACE' ) );
#1646 = FACE_BOUND ( 'NONE', #3311, .T. ) ;
#1647 = SURFACE_STYLE_USAGE ( .BOTH. , #1705 ) ;
#1648 = LINE ( 'NONE', #3427, #1558 ) ;
#1649 = AXIS2_PLACEMENT_3D ( 'NONE', #1198, #2411, #31 ) ;
#1650 = UNCERTAINTY_MEASURE_WITH_UNIT (LENGTH_MEASURE( 1.000000000000000082E-05 ), #1628, 'distance_accuracy_value', 'NONE');
#1651 = ORIENTED_EDGE ( 'NONE', *, *, #2478, .F. ) ;
#1652 = DIRECTION ( 'NONE',  ( -3.336006684570783101E-16, -0.000000000000000000, 1.000000000000000000 ) ) ;
#1653 = ADVANCED_FACE ( 'NONE', ( #1339 ), #957, .T. ) ;
#1654 = DIRECTION ( 'NONE',  ( 0.000000000000000000, 0.000000000000000000, 1.000000000000000000 ) ) ;
#1655 = LINE ( 'NONE', #121, #2393 ) ;
#1656 = CARTESIAN_POINT ( 'NONE',  ( -0.6500000000000000222, 0.2000000000000000111, -0.1250000000000074940 ) ) ;
#1657 = ORIENTED_EDGE ( 'NONE', *, *, #3685, .F. ) ;
#1658 =( NAMED_UNIT ( * ) PLANE_ANGLE_UNIT ( ) SI_UNIT ( $, .RADIAN. ) );
#1659 = DIRECTION ( 'NONE',  ( 0.000000000000000000, -0.000000000000000000, -1.000000000000000000 ) ) ;
#1660 = FACE_OUTER_BOUND ( 'NONE', #1840, .T. ) ;
#1662 = EDGE_CURVE ( 'NONE', #3289, #1337, #1606, .T. ) ;
#1661 = ORIENTED_EDGE ( 'NONE', *, *, #762, .T. ) ;
#1663 = SURFACE_STYLE_FILL_AREA ( #1054 ) ;
#1664 = CARTESIAN_POINT ( 'NONE',  ( 0.000000000000000000, 0.4500000000000000111, 0.000000000000000000 ) ) ;
#1666 = ORIENTED_EDGE ( 'NONE', *, *, #2792, .T. ) ;
#1665 = EDGE_CURVE ( 'NONE', #3239, #96, #3426, .T. ) ;
#1667 = FILL_AREA_STYLE ('',( #1712 ) ) ;
#1668 = CARTESIAN_POINT ( 'NONE',  ( -0.6099999999999995426, 0.4500000000000000111, 0.4099999999999997535 ) ) ;
#1669 = PRESENTATION_STYLE_ASSIGNMENT (( #3493 ) ) ;
#1670 = DIRECTION ( 'NONE',  ( -1.000000000000000000, -0.000000000000000000, -7.047314121155778032E-15 ) ) ;
#1671 = ORIENTED_EDGE ( 'NONE', *, *, #283, .T. ) ;
#1672 = LINE ( 'NONE', #2871, #216 ) ;
#1673 = AXIS2_PLACEMENT_3D ( 'NONE', #3199, #833, #1433 ) ;
#1674 = DIRECTION ( 'NONE',  ( 0.000000000000000000, -1.000000000000000000, 0.000000000000000000 ) ) ;
#1675 = CARTESIAN_POINT ( 'NONE',  ( -0.3499999999999998113, 0.000000000000000000, 0.2999999999999975464 ) ) ;
#1676 = PRESENTATION_LAYER_ASSIGNMENT (  '', '', ( #2115 ) ) ;
#1677 = PRESENTATION_STYLE_ASSIGNMENT (( #1923 ) ) ;
#1678 = PLANE ( 'NONE',  #3208 ) ;
#1679 = ORIENTED_EDGE ( 'NONE', *, *, #2792, .F. ) ;
#1680 = DIRECTION ( 'NONE',  ( -0.000000000000000000, -1.000000000000000000, -0.000000000000000000 ) ) ;
#1681 = UNCERTAINTY_MEASURE_WITH_UNIT (LENGTH_MEASURE( 1.000000000000000082E-05 ), #3374, 'distance_accuracy_value', 'NONE');
#1682 = AXIS2_PLACEMENT_3D ( 'NONE', #3621, #1421, #1726 ) ;
#1683 = PRESENTATION_LAYER_ASSIGNMENT (  '', '', ( #1891 ) ) ;
#1684 = EDGE_CURVE ( 'NONE', #1013, #3192, #1592, .T. ) ;
#1685 = EDGE_CURVE ( 'NONE', #2905, #2743, #692, .T. ) ;
#1686 = FILL_AREA_STYLE ('',( #2039 ) ) ;
#1687 = PRESENTATION_LAYER_ASSIGNMENT (  '', '', ( #48 ) ) ;
#1688 = CIRCLE ( 'NONE', #179, 0.07500000000000003886 ) ;
#1689 = AXIS2_PLACEMENT_3D ( 'NONE', #2509, #131, #1031 ) ;
#1690 = CARTESIAN_POINT ( 'NONE',  ( 0.000000000000000000, 0.000000000000000000, 0.000000000000000000 ) ) ;
#1691 = CARTESIAN_POINT ( 'NONE',  ( 0.1499999999999999112, 0.1999999999999999833, 0.1249999999999965028 ) ) ;
#1692 = VECTOR ( 'NONE', #871, 1000.000000000000000 ) ;
#1693 = EDGE_CURVE ( 'NONE', #1582, #2905, #2788, .T. ) ;
#1694 =( GEOMETRIC_REPRESENTATION_CONTEXT ( 3 ) GLOBAL_UNCERTAINTY_ASSIGNED_CONTEXT ( ( #2862 ) ) GLOBAL_UNIT_ASSIGNED_CONTEXT ( ( #1082, #1985, #2590 ) ) REPRESENTATION_CONTEXT ( 'NONE', 'WORKASPACE' ) );
#1695 = FILL_AREA_STYLE ('',( #2242 ) ) ;
#1696 = VECTOR ( 'NONE', #1111, 1000.000000000000000 ) ;
#1697 = ADVANCED_FACE ( 'NONE', ( #2832 ), #136, .F. ) ;
#1698 = PLANE ( 'NONE',  #2027 ) ;
#1699 = FILL_AREA_STYLE ('',( #481 ) ) ;
#1700 = CARTESIAN_POINT ( 'NONE',  ( -0.3499999999999872657, 0.000000000000000000, -0.4500000000000202172 ) ) ;
#1701 = ORIENTED_EDGE ( 'NONE', *, *, #3810, .T. ) ;
#1702 = DIRECTION ( 'NONE',  ( 5.421010862427526114E-16, -0.000000000000000000, 1.000000000000000000 ) ) ;
#1703 = ORIENTED_EDGE ( 'NONE', *, *, #567, .T. ) ;
#1704 = UNCERTAINTY_MEASURE_WITH_UNIT (LENGTH_MEASURE( 1.000000000000000082E-05 ), #3857, 'distance_accuracy_value', 'NONE');
#1705 = SURFACE_SIDE_STYLE ('',( #1663 ) ) ;
#1706 = UNCERTAINTY_MEASURE_WITH_UNIT (LENGTH_MEASURE( 1.000000000000000082E-05 ), #3858, 'distance_accuracy_value', 'NONE');
#1707 = VECTOR ( 'NONE', #2295, 1000.000000000000000 ) ;
#1708 = DIRECTION ( 'NONE',  ( 1.858632295689388277E-15, -0.000000000000000000, 1.000000000000000000 ) ) ;
#1709 = ORIENTED_EDGE ( 'NONE', *, *, #2772, .F. ) ;
#1710 = CARTESIAN_POINT ( 'NONE',  ( 0.3500000000000000333, 0.1999999999999999833, 0.4500000000000023426 ) ) ;
#1711 = CARTESIAN_POINT ( 'NONE',  ( 0.7099999999999999645, 0.2000000000000000111, -0.5100000000000000089 ) ) ;
#1712 = FILL_AREA_STYLE_COLOUR ( '', #857 ) ;
#1713 = VECTOR ( 'NONE', #2810, 1000.000000000000000 ) ;
#1714 = EDGE_CURVE ( 'NONE', #3175, #3600, #507, .T. ) ;
#1715 = ORIENTED_EDGE ( 'NONE', *, *, #2219, .T. ) ;
#1716 = PLANE ( 'NONE',  #2320 ) ;
#1717 = SURFACE_STYLE_USAGE ( .BOTH. , #503 ) ;
#1718 = COLOUR_RGB ( '',0.2980392156862745057, 0.2980392156862745057, 0.2980392156862745057 ) ;
#1719 = DIRECTION ( 'NONE',  ( -2.457524924300477559E-14, 0.000000000000000000, 1.000000000000000000 ) ) ;
#1720 = EDGE_LOOP ( 'NONE', ( #2931, #2528, #1849, #3095 ) ) ;
#1721 = DIRECTION ( 'NONE',  ( 0.7071067811865507924, 0.000000000000000000, -0.7071067811865441310 ) ) ;
#1722 = FACE_OUTER_BOUND ( 'NONE', #2351, .T. ) ;
#1723 = DIRECTION ( 'NONE',  ( -1.000000000000000000, -0.000000000000000000, 5.421010862427525128E-16 ) ) ;
#1724 = CARTESIAN_POINT ( 'NONE',  ( -0.7099999999999996314, 0.2500000000000000000, 0.5099999999999997868 ) ) ;
#1725 = EDGE_LOOP ( 'NONE', ( #436, #2119, #599, #2623 ) ) ;
#1726 = DIRECTION ( 'NONE',  ( 0.000000000000000000, -0.000000000000000000, 1.000000000000000000 ) ) ;
#1727 = ORIENTED_EDGE ( 'NONE', *, *, #2699, .T. ) ;
#1728 = ADVANCED_FACE ( 'NONE', ( #3757 ), #3220, .F. ) ;
#1729 = EDGE_CURVE ( 'NONE', #3253, #3388, #1508, .T. ) ;
#1730 = FILL_AREA_STYLE_COLOUR ( '', #2011 ) ;
#1731 = ORIENTED_EDGE ( 'NONE', *, *, #1729, .T. ) ;
#1732 = CARTESIAN_POINT ( 'NONE',  ( 0.6499999999999999112, 0.6422951503238740756, -0.1250000000000006661 ) ) ;
#1733 =( LENGTH_UNIT ( ) NAMED_UNIT ( * ) SI_UNIT ( .MILLI., .METRE. ) );
#1734 =( NAMED_UNIT ( * ) PLANE_ANGLE_UNIT ( ) SI_UNIT ( $, .RADIAN. ) );
#1735 = EDGE_LOOP ( 'NONE', ( #1279, #913, #852, #1313 ) ) ;
#1736 = ADVANCED_FACE ( 'NONE', ( #1722 ), #3771, .T. ) ;
#1737 = PRESENTATION_STYLE_ASSIGNMENT (( #1490 ) ) ;
#1738 = SURFACE_SIDE_STYLE ('',( #525 ) ) ;
#1739 = CARTESIAN_POINT ( 'NONE',  ( -0.6499999999999871436, 0.6422951503238740756, -0.4500000000000240474 ) ) ;
#1740 =( GEOMETRIC_REPRESENTATION_CONTEXT ( 3 ) GLOBAL_UNCERTAINTY_ASSIGNED_CONTEXT ( ( #2605 ) ) GLOBAL_UNIT_ASSIGNED_CONTEXT ( ( #2781, #2721, #2415 ) ) REPRESENTATION_CONTEXT ( 'NONE', 'WORKASPACE' ) );
#1741 =( NAMED_UNIT ( * ) SI_UNIT ( $, .STERADIAN. ) SOLID_ANGLE_UNIT ( ) );
#1742 = CARTESIAN_POINT ( 'NONE',  ( 0.3500000000000128564, 0.2000000000000000111, -0.4500000000000170530 ) ) ;
#1743 = ORIENTED_EDGE ( 'NONE', *, *, #519, .F. ) ;
#1744 =( GEOMETRIC_REPRESENTATION_CONTEXT ( 3 ) GLOBAL_UNCERTAINTY_ASSIGNED_CONTEXT ( ( #3223 ) ) GLOBAL_UNIT_ASSIGNED_CONTEXT ( ( #3468, #2891, #2906 ) ) REPRESENTATION_CONTEXT ( 'NONE', 'WORKASPACE' ) );
#1745 = DIRECTION ( 'NONE',  ( 0.000000000000000000, -1.000000000000000000, 0.000000000000000000 ) ) ;
#1746 = CARTESIAN_POINT ( 'NONE',  ( -0.1499999999999871714, 0.2000000000000000111, -0.4500000000000205502 ) ) ;
#1747 = VECTOR ( 'NONE', #215, 1000.000000000000000 ) ;
#1748 = VECTOR ( 'NONE', #1248, 1000.000000000000000 ) ;
#1749 = EDGE_LOOP ( 'NONE', ( #856, #971, #1587, #1777 ) ) ;
#1750 = VECTOR ( 'NONE', #1983, 1000.000000000000000 ) ;
#1751 = SURFACE_STYLE_FILL_AREA ( #3048 ) ;
#1752 = EDGE_LOOP ( 'NONE', ( #1175, #161, #2044, #2937 ) ) ;
#1753 = VECTOR ( 'NONE', #3191, 1000.000000000000000 ) ;
#1754 = MECHANICAL_DESIGN_GEOMETRIC_PRESENTATION_REPRESENTATION (  '', ( #2447 ), #1954 ) ;
#1755 = FILL_AREA_STYLE ('',( #3862 ) ) ;
#1756 = FACE_OUTER_BOUND ( 'NONE', #2769, .T. ) ;
#1757 = FILL_AREA_STYLE_COLOUR ( '', #1368 ) ;
#1758 = CARTESIAN_POINT ( 'NONE',  ( -0.6099999999999995426, 0.4500000000000000111, -0.4100000000000001421 ) ) ;
#1759 = VERTEX_POINT ( 'NONE', #3575 ) ;
#1760 = LINE ( 'NONE', #297, #113 ) ;
#1761 = EDGE_CURVE ( 'NONE', #1113, #3289, #2336, .T. ) ;
#1762 = CARTESIAN_POINT ( 'NONE',  ( 0.6500000000000001332, 0.2000000000000000111, 0.4500000000000044520 ) ) ;
#1763 =( NAMED_UNIT ( * ) PLANE_ANGLE_UNIT ( ) SI_UNIT ( $, .RADIAN. ) );
#1764 =( NAMED_UNIT ( * ) PLANE_ANGLE_UNIT ( ) SI_UNIT ( $, .RADIAN. ) );
#1765 = ADVANCED_FACE ( 'NONE', ( #1190 ), #2051, .F. ) ;
#1766 = CARTESIAN_POINT ( 'NONE',  ( -0.7099999999999996314, 0.2500000000000000000, -0.5100000000000001199 ) ) ;
#1767 = EDGE_LOOP ( 'NONE', ( #3377, #2470, #1540, #3728 ) ) ;
#1768 = DIRECTION ( 'NONE',  ( 1.282972570774514001E-14, 0.000000000000000000, -1.000000000000000000 ) ) ;
#1769 = PRESENTATION_LAYER_ASSIGNMENT (  '', '', ( #3492 ) ) ;
#1770 =( NAMED_UNIT ( * ) SI_UNIT ( $, .STERADIAN. ) SOLID_ANGLE_UNIT ( ) );
#1771 = ORIENTED_EDGE ( 'NONE', *, *, #3916, .T. ) ;
#1772 = STYLED_ITEM ( 'NONE', ( #377 ), #1348 ) ;
#1773 = FILL_AREA_STYLE_COLOUR ( '', #2902 ) ;
#1774 = UNCERTAINTY_MEASURE_WITH_UNIT (LENGTH_MEASURE( 1.000000000000000082E-05 ), #1733, 'distance_accuracy_value', 'NONE');
#1775 = ORIENTED_EDGE ( 'NONE', *, *, #2759, .F. ) ;
#1776 = SURFACE_STYLE_FILL_AREA ( #1755 ) ;
#1777 = ORIENTED_EDGE ( 'NONE', *, *, #1363, .F. ) ;
#1778 = FILL_AREA_STYLE_COLOUR ( '', #3145 ) ;
#1779 = PLANE ( 'NONE',  #3344 ) ;
#1780 = CARTESIAN_POINT ( 'NONE',  ( 0.1499999999999998557, 0.2000000000000000111, -0.1250000000000041633 ) ) ;
#1781 =( GEOMETRIC_REPRESENTATION_CONTEXT ( 3 ) GLOBAL_UNCERTAINTY_ASSIGNED_CONTEXT ( ( #888 ) ) GLOBAL_UNIT_ASSIGNED_CONTEXT ( ( #2917, #2048, #3647 ) ) REPRESENTATION_CONTEXT ( 'NONE', 'WORKASPACE' ) );
#1782 = VERTEX_POINT ( 'NONE', #2646 ) ;
#1783 = FILL_AREA_STYLE_COLOUR ( '', #1437 ) ;
#1784 = PRODUCT_CONTEXT ( 'NONE', #3704, 'mechanical' ) ;
#1785 = CARTESIAN_POINT ( 'NONE',  ( -0.6500000000000001332, 0.000000000000000000, 0.4499999999999928502 ) ) ;
#1786 = CARTESIAN_POINT ( 'NONE',  ( 0.1499999999999997446, 0.000000000000000000, 0.4499999999999965139 ) ) ;
#1787 = EDGE_CURVE ( 'NONE', #2021, #1759, #2405, .T. ) ;
#1788 = DIRECTION ( 'NONE',  ( -1.000000000000000000, 0.000000000000000000, -7.635226566799329847E-17 ) ) ;
#1789 = VERTEX_POINT ( 'NONE', #526 ) ;
#1790 = CARTESIAN_POINT ( 'NONE',  ( 0.1500000000000127620, 0.1999999999999999833, -0.4500000000000166644 ) ) ;
#1791 = UNCERTAINTY_MEASURE_WITH_UNIT (LENGTH_MEASURE( 1.000000000000000082E-05 ), #2464, 'distance_accuracy_value', 'NONE');
#1792 = VERTEX_POINT ( 'NONE', #319 ) ;
#1793 = CARTESIAN_POINT ( 'NONE',  ( -0.3500000000000001443, 0.6422951503238740756, 0.1249999999999930056 ) ) ;
#1794 =( NAMED_UNIT ( * ) SI_UNIT ( $, .STERADIAN. ) SOLID_ANGLE_UNIT ( ) );
#1795 = ADVANCED_FACE ( 'NONE', ( #3616 ), #1779, .T. ) ;
#1796 = DIRECTION ( 'NONE',  ( -1.000000000000000000, -0.000000000000000000, 5.421010862427525128E-16 ) ) ;
#1797 = CARTESIAN_POINT ( 'NONE',  ( 0.3500000000000000333, 0.1999999999999999833, 0.1249999999999998890 ) ) ;
#1798 = EDGE_CURVE ( 'NONE', #471, #2645, #1821, .T. ) ;
#1799 = PLANE ( 'NONE',  #244 ) ;
#1800 =( NAMED_UNIT ( * ) SI_UNIT ( $, .STERADIAN. ) SOLID_ANGLE_UNIT ( ) );
#1801 = EDGE_CURVE ( 'NONE', #885, #37, #84, .T. ) ;
#1802 = DIRECTION ( 'NONE',  ( 0.000000000000000000, 0.000000000000000000, 1.000000000000000000 ) ) ;
#1803 =( GEOMETRIC_REPRESENTATION_CONTEXT ( 3 ) GLOBAL_UNCERTAINTY_ASSIGNED_CONTEXT ( ( #2294 ) ) GLOBAL_UNIT_ASSIGNED_CONTEXT ( ( #2042, #533, #1770 ) ) REPRESENTATION_CONTEXT ( 'NONE', 'WORKASPACE' ) );
#1804 = EDGE_LOOP ( 'NONE', ( #2545, #2593, #1329, #3133 ) ) ;
#1805 = PRESENTATION_STYLE_ASSIGNMENT (( #886 ) ) ;
#1806 = ADVANCED_BREP_SHAPE_REPRESENTATION ( 'RF360 B39162B2651P810', ( #2603, #2638, #1346, #58, #2610, #1296, #1360, #2656, #3786 ), #797 ) ;
#1807 = STYLED_ITEM ( 'NONE', ( #1866 ), #3425 ) ;
#1808 = VECTOR ( 'NONE', #3380, 1000.000000000000000 ) ;
#1809 = EDGE_CURVE ( 'NONE', #626, #2021, #2801, .T. ) ;
#1810 =( GEOMETRIC_REPRESENTATION_CONTEXT ( 3 ) GLOBAL_UNCERTAINTY_ASSIGNED_CONTEXT ( ( #1373 ) ) GLOBAL_UNIT_ASSIGNED_CONTEXT ( ( #2995, #3250, #563 ) ) REPRESENTATION_CONTEXT ( 'NONE', 'WORKASPACE' ) );
#1811 = VECTOR ( 'NONE', #3710, 1000.000000000000000 ) ;
#1812 = ORIENTED_EDGE ( 'NONE', *, *, #3804, .T. ) ;
#1813 = SURFACE_STYLE_FILL_AREA ( #64 ) ;
#1814 = MECHANICAL_DESIGN_GEOMETRIC_PRESENTATION_REPRESENTATION (  '', ( #1250 ), #2198 ) ;
#1815 =( GEOMETRIC_REPRESENTATION_CONTEXT ( 3 ) GLOBAL_UNCERTAINTY_ASSIGNED_CONTEXT ( ( #1058 ) ) GLOBAL_UNIT_ASSIGNED_CONTEXT ( ( #1462, #883, #3309 ) ) REPRESENTATION_CONTEXT ( 'NONE', 'WORKASPACE' ) );
#1816 = FILL_AREA_STYLE ('',( #3925 ) ) ;
#1817 = ORIENTED_EDGE ( 'NONE', *, *, #330, .T. ) ;
#1818 = MECHANICAL_DESIGN_GEOMETRIC_PRESENTATION_REPRESENTATION (  '', ( #1192 ), #2010 ) ;
#1819 = FACE_OUTER_BOUND ( 'NONE', #3700, .T. ) ;
#1820 = VECTOR ( 'NONE', #1796, 1000.000000000000000 ) ;
#1821 = LINE ( 'NONE', #1602, #3467 ) ;
#1822 =( NAMED_UNIT ( * ) PLANE_ANGLE_UNIT ( ) SI_UNIT ( $, .RADIAN. ) );
#1823 = AXIS2_PLACEMENT_3D ( 'NONE', #3660, #3248, #2030 ) ;
#1824 = DIRECTION ( 'NONE',  ( 6.672013369141568175E-16, 0.000000000000000000, -1.000000000000000000 ) ) ;
#1825 =( NAMED_UNIT ( * ) PLANE_ANGLE_UNIT ( ) SI_UNIT ( $, .RADIAN. ) );
#1826 = EDGE_LOOP ( 'NONE', ( #1666, #3070, #2330, #1140 ) ) ;
#1827 = CARTESIAN_POINT ( 'NONE',  ( 0.6500000000000001332, 0.6422951503238740756, 0.4500000000000044520 ) ) ;
#1828 = PLANE ( 'NONE',  #185 ) ;
#1829 = DIRECTION ( 'NONE',  ( -4.251773225433353119E-16, 0.000000000000000000, -1.000000000000000000 ) ) ;
#1830 = PRESENTATION_STYLE_ASSIGNMENT (( #619 ) ) ;
#1831 = ORIENTED_EDGE ( 'NONE', *, *, #1798, .F. ) ;
#1832 = SURFACE_SIDE_STYLE ('',( #3331 ) ) ;
#1833 = COLOUR_RGB ( '',0.8313725490196077761, 0.6705882352941175961, 0.1294117647058823373 ) ;
#1834 = EDGE_CURVE ( 'NONE', #1964, #2583, #2185, .T. ) ;
#1835 = AXIS2_PLACEMENT_3D ( 'NONE', #765, #822, #2929 ) ;
#1836 = ORIENTED_EDGE ( 'NONE', *, *, #569, .F. ) ;
#1837 = PRESENTATION_STYLE_ASSIGNMENT (( #2720 ) ) ;
#1838 = PRESENTATION_STYLE_ASSIGNMENT (( #980 ) ) ;
#1839 = CARTESIAN_POINT ( 'NONE',  ( -0.6500000000000001332, 0.2000000000000000111, 0.4499999999999928502 ) ) ;
#1840 = EDGE_LOOP ( 'NONE', ( #1995, #638, #1393, #198 ) ) ;
#1841 = SURFACE_STYLE_USAGE ( .BOTH. , #718 ) ;
#1842 = CARTESIAN_POINT ( 'NONE',  ( -0.4199999999999999845, 0.2178679656440356549, 0.3250000000000000666 ) ) ;
#1843 = FILL_AREA_STYLE_COLOUR ( '', #2070 ) ;
#1844 = CARTESIAN_POINT ( 'NONE',  ( 0.6500000000000001332, 0.000000000000000000, 0.1250000000000044686 ) ) ;
#1845 = SURFACE_STYLE_USAGE ( .BOTH. , #3063 ) ;
#1846 = ORIENTED_EDGE ( 'NONE', *, *, #1569, .F. ) ;
#1847 = PLANE ( 'NONE',  #2493 ) ;
#1848 = FILL_AREA_STYLE_COLOUR ( '', #1898 ) ;
#1849 = ORIENTED_EDGE ( 'NONE', *, *, #2381, .T. ) ;
#1850 =( NAMED_UNIT ( * ) SI_UNIT ( $, .STERADIAN. ) SOLID_ANGLE_UNIT ( ) );
#1851 = DIRECTION ( 'NONE',  ( 0.000000000000000000, 1.000000000000000000, 0.000000000000000000 ) ) ;
#1852 = LINE ( 'NONE', #1239, #1049 ) ;
#1853 = ORIENTED_EDGE ( 'NONE', *, *, #3036, .F. ) ;
#1854 = EDGE_CURVE ( 'NONE', #1488, #287, #3089, .T. ) ;
#1855 = ADVANCED_FACE ( 'NONE', ( #985 ), #3061, .T. ) ;
#1856 = FACE_BOUND ( 'NONE', #2756, .T. ) ;
#1857 = DIRECTION ( 'NONE',  ( -1.000000000000000000, 0.000000000000000000, -0.000000000000000000 ) ) ;
#1858 = ORIENTED_EDGE ( 'NONE', *, *, #3022, .T. ) ;
#1859 = SURFACE_STYLE_USAGE ( .BOTH. , #350 ) ;
#1860 = DIRECTION ( 'NONE',  ( 0.000000000000000000, 1.000000000000000000, 0.000000000000000000 ) ) ;
#1861 = UNCERTAINTY_MEASURE_WITH_UNIT (LENGTH_MEASURE( 1.000000000000000082E-05 ), #3062, 'distance_accuracy_value', 'NONE');
#1862 =( NAMED_UNIT ( * ) PLANE_ANGLE_UNIT ( ) SI_UNIT ( $, .RADIAN. ) );
#1863 = PLANE ( 'NONE',  #203 ) ;
#1864 = ORIENTED_EDGE ( 'NONE', *, *, #3200, .F. ) ;
#1865 = CARTESIAN_POINT ( 'NONE',  ( -0.3499999999999998113, 0.2000000000000000111, 0.2999999999999975464 ) ) ;
#1866 = PRESENTATION_STYLE_ASSIGNMENT (( #2453 ) ) ;
#1867 = CARTESIAN_POINT ( 'NONE',  ( -0.3500000000000001443, 0.2000000000000000111, 0.1249999999999930056 ) ) ;
#1868 = AXIS2_PLACEMENT_3D ( 'NONE', #2479, #2761, #1268 ) ;
#1869 = CARTESIAN_POINT ( 'NONE',  ( 0.6500000000000001332, 0.2000000000000000111, 0.4500000000000044520 ) ) ;
#1870 = EDGE_CURVE ( 'NONE', #3385, #1187, #629, .T. ) ;
#1871 = STYLED_ITEM ( 'NONE', ( #3622 ), #3143 ) ;
#1872 =( GEOMETRIC_REPRESENTATION_CONTEXT ( 3 ) GLOBAL_UNCERTAINTY_ASSIGNED_CONTEXT ( ( #1650 ) ) GLOBAL_UNIT_ASSIGNED_CONTEXT ( ( #1628, #134, #1053 ) ) REPRESENTATION_CONTEXT ( 'NONE', 'WORKASPACE' ) );
#1873 = ORIENTED_EDGE ( 'NONE', *, *, #1612, .F. ) ;
#1874 =( NAMED_UNIT ( * ) SI_UNIT ( $, .STERADIAN. ) SOLID_ANGLE_UNIT ( ) );
#1875 = CARTESIAN_POINT ( 'NONE',  ( 0.3500000000000000333, 0.000000000000000000, 0.1249999999999998890 ) ) ;
#1876 = VECTOR ( 'NONE', #2532, 1000.000000000000000 ) ;
#1877 = CARTESIAN_POINT ( 'NONE',  ( -0.6500000000000001332, 0.1999999999999999833, 0.4499999999999928502 ) ) ;
#1878 = VECTOR ( 'NONE', #488, 1000.000000000000000 ) ;
#1879 = VERTEX_POINT ( 'NONE', #97 ) ;
#1880 =( GEOMETRIC_REPRESENTATION_CONTEXT ( 3 ) GLOBAL_UNCERTAINTY_ASSIGNED_CONTEXT ( ( #1275 ) ) GLOBAL_UNIT_ASSIGNED_CONTEXT ( ( #3842, #1355, #209 ) ) REPRESENTATION_CONTEXT ( 'NONE', 'WORKASPACE' ) );
#1881 =( NAMED_UNIT ( * ) SI_UNIT ( $, .STERADIAN. ) SOLID_ANGLE_UNIT ( ) );
#1882 = COLOUR_RGB ( '',0.2980392156862745057, 0.2980392156862745057, 0.2980392156862745057 ) ;
#1883 = VECTOR ( 'NONE', #1406, 1000.000000000000000 ) ;
#1884 = CARTESIAN_POINT ( 'NONE',  ( 0.3500000000000128564, 0.000000000000000000, -0.4500000000000170530 ) ) ;
#1885 = PRESENTATION_LAYER_ASSIGNMENT (  '', '', ( #1183 ) ) ;
#1886 = LINE ( 'NONE', #2803, #3080 ) ;
#1887 = CARTESIAN_POINT ( 'NONE',  ( 0.3500000000000000333, 0.2000000000000000111, 0.1249999999999998890 ) ) ;
#1888 = FACE_OUTER_BOUND ( 'NONE', #443, .T. ) ;
#1889 = ORIENTED_EDGE ( 'NONE', *, *, #3469, .T. ) ;
#1890 = STYLED_ITEM ( 'NONE', ( #1431 ), #2610 ) ;
#1891 = STYLED_ITEM ( 'NONE', ( #587 ), #1795 ) ;
#1892 =( NAMED_UNIT ( * ) PLANE_ANGLE_UNIT ( ) SI_UNIT ( $, .RADIAN. ) );
#1893 = COLOUR_RGB ( '',0.8313725490196077761, 0.6705882352941175961, 0.1294117647058823373 ) ;
#1894 = SURFACE_STYLE_FILL_AREA ( #2490 ) ;
#1895 = ORIENTED_EDGE ( 'NONE', *, *, #3230, .T. ) ;
#1896 = DIRECTION ( 'NONE',  ( -0.000000000000000000, -1.000000000000000000, -0.000000000000000000 ) ) ;
#1897 = CARTESIAN_POINT ( 'NONE',  ( 0.6499999999999999112, 0.000000000000000000, -0.1250000000000006661 ) ) ;
#1898 = COLOUR_RGB ( '',0.8313725490196077761, 0.6705882352941175961, 0.1294117647058823373 ) ;
#1899 = LINE ( 'NONE', #2213, #2943 ) ;
#1900 = ORIENTED_EDGE ( 'NONE', *, *, #1305, .T. ) ;
#1901 = COLOUR_RGB ( '',0.2980392156862745057, 0.2980392156862745057, 0.2980392156862745057 ) ;
#1902 = FILL_AREA_STYLE ('',( #3378 ) ) ;
#1903 = DIRECTION ( 'NONE',  ( 0.000000000000000000, 0.000000000000000000, 1.000000000000000000 ) ) ;
#1904 = LINE ( 'NONE', #3697, #3103 ) ;
#1905 = ORIENTED_EDGE ( 'NONE', *, *, #715, .F. ) ;
#1906 = CARTESIAN_POINT ( 'NONE',  ( -0.6500000000000000222, 0.2000000000000000111, 0.1249999999999928946 ) ) ;
#1907 = FACE_OUTER_BOUND ( 'NONE', #2657, .T. ) ;
#1908 = EDGE_CURVE ( 'NONE', #2487, #3872, #67, .T. ) ;
#1909 = FACE_OUTER_BOUND ( 'NONE', #2805, .T. ) ;
#1910 = EDGE_LOOP ( 'NONE', ( #916, #2690, #2454, #710 ) ) ;
#1911 =( NAMED_UNIT ( * ) SI_UNIT ( $, .STERADIAN. ) SOLID_ANGLE_UNIT ( ) );
#1912 = CARTESIAN_POINT ( 'NONE',  ( -0.1500000000000001332, 0.000000000000000000, 0.4499999999999963474 ) ) ;
#1913 = PLANE ( 'NONE',  #875 ) ;
#1914 = STYLED_ITEM ( 'NONE', ( #3438 ), #93 ) ;
#1915 = CARTESIAN_POINT ( 'NONE',  ( -0.4199999999999999845, 0.4299999999999999933, 0.2500000000000000000 ) ) ;
#1916 =( LENGTH_UNIT ( ) NAMED_UNIT ( * ) SI_UNIT ( .MILLI., .METRE. ) );
#1917 = DIRECTION ( 'NONE',  ( 1.000000000000000000, 0.000000000000000000, -1.858632295689388277E-15 ) ) ;
#1918 = DIRECTION ( 'NONE',  ( -0.000000000000000000, 0.000000000000000000, 1.000000000000000000 ) ) ;
#1919 = VERTEX_POINT ( 'NONE', #1272 ) ;
#1920 = CARTESIAN_POINT ( 'NONE',  ( -0.3499999999999872657, 0.000000000000000000, -0.4500000000000202172 ) ) ;
#1921 = LINE ( 'NONE', #3501, #2578 ) ;
#1922 = LINE ( 'NONE', #1276, #56 ) ;
#1923 = SURFACE_STYLE_USAGE ( .BOTH. , #2252 ) ;
#1924 = SURFACE_STYLE_USAGE ( .BOTH. , #3094 ) ;
#1925 = ORIENTED_EDGE ( 'NONE', *, *, #444, .T. ) ;
#1926 = SURFACE_SIDE_STYLE ('',( #3756 ) ) ;
#1927 = DIRECTION ( 'NONE',  ( 1.000000000000000000, 0.000000000000000000, 3.336006684570783101E-16 ) ) ;
#1928 = FILL_AREA_STYLE_COLOUR ( '', #2455 ) ;
#1929 = EDGE_CURVE ( 'NONE', #10, #1964, #1528, .T. ) ;
#1930 = CARTESIAN_POINT ( 'NONE',  ( -0.3499999999999998113, 0.2000000000000000111, 0.2999999999999975464 ) ) ;
#1931 =( LENGTH_UNIT ( ) NAMED_UNIT ( * ) SI_UNIT ( .MILLI., .METRE. ) );
#1932 =( NAMED_UNIT ( * ) SI_UNIT ( $, .STERADIAN. ) SOLID_ANGLE_UNIT ( ) );
#1933 =( NAMED_UNIT ( * ) SI_UNIT ( $, .STERADIAN. ) SOLID_ANGLE_UNIT ( ) );
#1934 = UNCERTAINTY_MEASURE_WITH_UNIT (LENGTH_MEASURE( 1.000000000000000082E-05 ), #1267, 'distance_accuracy_value', 'NONE');
#1935 = LINE ( 'NONE', #1976, #1951 ) ;
#1936 = DIRECTION ( 'NONE',  ( 3.969847954639077974E-14, 0.000000000000000000, -1.000000000000000000 ) ) ;
#1937 = ORIENTED_EDGE ( 'NONE', *, *, #1520, .T. ) ;
#1938 = CARTESIAN_POINT ( 'NONE',  ( 0.3500000000000000333, 0.6422951503238740756, 0.4500000000000023426 ) ) ;
#1939 = AXIS2_PLACEMENT_3D ( 'NONE', #1188, #2404, #1721 ) ;
#1940 = DIRECTION ( 'NONE',  ( -3.969847954639077974E-14, 0.000000000000000000, 1.000000000000000000 ) ) ;
#1941 = PRESENTATION_STYLE_ASSIGNMENT (( #3754 ) ) ;
#1942 = EDGE_LOOP ( 'NONE', ( #729, #3109, #3582, #1889 ) ) ;
#1943 = VECTOR ( 'NONE', #81, 1000.000000000000000 ) ;
#1944 = ORIENTED_EDGE ( 'NONE', *, *, #358, .F. ) ;
#1945 = COLOUR_RGB ( '',0.2980392156862745057, 0.2980392156862745057, 0.2980392156862745057 ) ;
#1946 = VECTOR ( 'NONE', #2433, 1000.000000000000000 ) ;
#1947 = DIRECTION ( 'NONE',  ( 0.000000000000000000, 1.000000000000000000, 0.000000000000000000 ) ) ;
#1948 = DIRECTION ( 'NONE',  ( -0.000000000000000000, -1.000000000000000000, -0.000000000000000000 ) ) ;
#1949 = COLOUR_RGB ( '',0.2980392156862745057, 0.2980392156862745057, 0.2980392156862745057 ) ;
#1950 = ORIENTED_EDGE ( 'NONE', *, *, #2169, .F. ) ;
#1951 = VECTOR ( 'NONE', #1044, 1000.000000000000000 ) ;
#1952 = SURFACE_SIDE_STYLE ('',( #3742 ) ) ;
#1953 = SURFACE_SIDE_STYLE ('',( #2240 ) ) ;
#1954 =( GEOMETRIC_REPRESENTATION_CONTEXT ( 3 ) GLOBAL_UNCERTAINTY_ASSIGNED_CONTEXT ( ( #3610 ) ) GLOBAL_UNIT_ASSIGNED_CONTEXT ( ( #928, #2137, #3733 ) ) REPRESENTATION_CONTEXT ( 'NONE', 'WORKASPACE' ) );
#1955 = CARTESIAN_POINT ( 'NONE',  ( 0.6500000000000001332, 0.6422951503238740756, 0.1250000000000044686 ) ) ;
#1956 = FILL_AREA_STYLE_COLOUR ( '', #1882 ) ;
#1957 = ADVANCED_FACE ( 'NONE', ( #685 ), #3040, .T. ) ;
#1958 = EDGE_LOOP ( 'NONE', ( #1775, #1423, #2402, #2101 ) ) ;
#1959 =( GEOMETRIC_REPRESENTATION_CONTEXT ( 3 ) GLOBAL_UNCERTAINTY_ASSIGNED_CONTEXT ( ( #966 ) ) GLOBAL_UNIT_ASSIGNED_CONTEXT ( ( #1235, #340, #29 ) ) REPRESENTATION_CONTEXT ( 'NONE', 'WORKASPACE' ) );
#1960 =( NAMED_UNIT ( * ) SI_UNIT ( $, .STERADIAN. ) SOLID_ANGLE_UNIT ( ) );
#1961 = FILL_AREA_STYLE_COLOUR ( '', #3914 ) ;
#1962 = FILL_AREA_STYLE ('',( #1354 ) ) ;
#1963 = COLOUR_RGB ( '',0.2980392156862745057, 0.2980392156862745057, 0.2980392156862745057 ) ;
#1964 = VERTEX_POINT ( 'NONE', #3114 ) ;
#1965 = CARTESIAN_POINT ( 'NONE',  ( -0.1499999999999999667, 0.2000000000000000111, 0.1249999999999963918 ) ) ;
#1966 = UNCERTAINTY_MEASURE_WITH_UNIT (LENGTH_MEASURE( 1.000000000000000082E-05 ), #1916, 'distance_accuracy_value', 'NONE');
#1967 = PRESENTATION_LAYER_ASSIGNMENT (  '', '', ( #3034 ) ) ;
#1968 = UNCERTAINTY_MEASURE_WITH_UNIT (LENGTH_MEASURE( 1.000000000000000082E-05 ), #245, 'distance_accuracy_value', 'NONE');
#1969 = DIRECTION ( 'NONE',  ( -0.000000000000000000, 1.000000000000000000, 0.000000000000000000 ) ) ;
#1970 = VERTEX_POINT ( 'NONE', #2512 ) ;
#1971 = PRESENTATION_LAYER_ASSIGNMENT (  '', '', ( #3687 ) ) ;
#1972 = PLANE ( 'NONE',  #3499 ) ;
#1973 = DIRECTION ( 'NONE',  ( -0.000000000000000000, -1.000000000000000000, -0.000000000000000000 ) ) ;
#1974 = SURFACE_STYLE_USAGE ( .BOTH. , #2537 ) ;
#1975 = PRESENTATION_STYLE_ASSIGNMENT (( #702 ) ) ;
#1976 = CARTESIAN_POINT ( 'NONE',  ( -0.1499999999999871714, 0.1999999999999999833, -0.4500000000000205502 ) ) ;
#1977 = VERTEX_POINT ( 'NONE', #2770 ) ;
#1978 = EDGE_CURVE ( 'NONE', #3633, #3568, #711, .T. ) ;
#1979 = SURFACE_STYLE_USAGE ( .BOTH. , #428 ) ;
#1980 = ADVANCED_FACE ( 'NONE', ( #1357 ), #1100, .F. ) ;
#1981 = SURFACE_SIDE_STYLE ('',( #148 ) ) ;
#1982 = FILL_AREA_STYLE ('',( #2305 ) ) ;
#1983 = DIRECTION ( 'NONE',  ( 1.000000000000000000, 0.000000000000000000, 3.614007241618350250E-16 ) ) ;
#1984 = ORIENTED_EDGE ( 'NONE', *, *, #1306, .F. ) ;
#1985 =( NAMED_UNIT ( * ) PLANE_ANGLE_UNIT ( ) SI_UNIT ( $, .RADIAN. ) );
#1986 = CARTESIAN_POINT ( 'NONE',  ( -0.3499999999999998113, 0.2000000000000000111, 0.2999999999999975464 ) ) ;
#1987 = UNCERTAINTY_MEASURE_WITH_UNIT (LENGTH_MEASURE( 1.000000000000000082E-05 ), #1303, 'distance_accuracy_value', 'NONE');
#1988 = SURFACE_SIDE_STYLE ('',( #1407 ) ) ;
#1989 = ORIENTED_EDGE ( 'NONE', *, *, #68, .T. ) ;
#1990 = CARTESIAN_POINT ( 'NONE',  ( 0.3500000000000000333, 0.2000000000000000111, 0.4500000000000023426 ) ) ;
#1991 =( GEOMETRIC_REPRESENTATION_CONTEXT ( 3 ) GLOBAL_UNCERTAINTY_ASSIGNED_CONTEXT ( ( #3819 ) ) GLOBAL_UNIT_ASSIGNED_CONTEXT ( ( #294, #904, #3056 ) ) REPRESENTATION_CONTEXT ( 'NONE', 'WORKASPACE' ) );
#1992 = CARTESIAN_POINT ( 'NONE',  ( 0.1500000000000127620, 0.2000000000000000111, -0.4500000000000166644 ) ) ;
#1993 = VECTOR ( 'NONE', #1495, 1000.000000000000000 ) ;
#1994 = LINE ( 'NONE', #1624, #1878 ) ;
#1995 = ORIENTED_EDGE ( 'NONE', *, *, #2381, .F. ) ;
#1996 = ORIENTED_EDGE ( 'NONE', *, *, #1226, .F. ) ;
#1997 = SURFACE_STYLE_FILL_AREA ( #730 ) ;
#1998 = DIRECTION ( 'NONE',  ( 1.000000000000000000, 0.000000000000000000, -1.858632295689388277E-15 ) ) ;
#1999 = VECTOR ( 'NONE', #1680, 1000.000000000000000 ) ;
#2000 = STYLED_ITEM ( 'NONE', ( #3732 ), #1855 ) ;
#2001 =( GEOMETRIC_REPRESENTATION_CONTEXT ( 3 ) GLOBAL_UNCERTAINTY_ASSIGNED_CONTEXT ( ( #2172 ) ) GLOBAL_UNIT_ASSIGNED_CONTEXT ( ( #2016, #191, #450 ) ) REPRESENTATION_CONTEXT ( 'NONE', 'WORKASPACE' ) );
#2002 = CARTESIAN_POINT ( 'NONE',  ( -0.5000000000000002220, 0.000000000000000000, 0.4499999999999965139 ) ) ;
#2003 = AXIS2_PLACEMENT_3D ( 'NONE', #908, #2226, #2517 ) ;
#2004 = PRESENTATION_LAYER_ASSIGNMENT (  '', '', ( #2318 ) ) ;
#2005 = FILL_AREA_STYLE ('',( #1783 ) ) ;
#2006 = PRESENTATION_STYLE_ASSIGNMENT (( #1381 ) ) ;
#2007 = LINE ( 'NONE', #2577, #3266 ) ;
#2008 = PRESENTATION_LAYER_ASSIGNMENT (  '', '', ( #2202 ) ) ;
#2009 = AXIS2_PLACEMENT_3D ( 'NONE', #3460, #1947, #433 ) ;
#2010 =( GEOMETRIC_REPRESENTATION_CONTEXT ( 3 ) GLOBAL_UNCERTAINTY_ASSIGNED_CONTEXT ( ( #1934 ) ) GLOBAL_UNIT_ASSIGNED_CONTEXT ( ( #1267, #16, #2499 ) ) REPRESENTATION_CONTEXT ( 'NONE', 'WORKASPACE' ) );
#2011 = COLOUR_RGB ( '',0.8313725490196077761, 0.6705882352941175961, 0.1294117647058823373 ) ;
#2012 = DIRECTION ( 'NONE',  ( 3.969847954639077974E-14, 0.000000000000000000, -1.000000000000000000 ) ) ;
#2013 = ORIENTED_EDGE ( 'NONE', *, *, #3502, .F. ) ;
#2014 =( LENGTH_UNIT ( ) NAMED_UNIT ( * ) SI_UNIT ( .MILLI., .METRE. ) );
#2015 = FACE_OUTER_BOUND ( 'NONE', #3336, .T. ) ;
#2016 =( LENGTH_UNIT ( ) NAMED_UNIT ( * ) SI_UNIT ( .MILLI., .METRE. ) );
#2017 = ORIENTED_EDGE ( 'NONE', *, *, #2613, .T. ) ;
#2018 = DIRECTION ( 'NONE',  ( 0.000000000000000000, -1.000000000000000000, 0.000000000000000000 ) ) ;
#2019 = CARTESIAN_POINT ( 'NONE',  ( 0.6500000000000127898, 0.2000000000000000111, -0.4500000000000132228 ) ) ;
#2020 = VECTOR ( 'NONE', #912, 1000.000000000000000 ) ;
#2021 = VERTEX_POINT ( 'NONE', #2880 ) ;
#2022 = STYLED_ITEM ( 'NONE', ( #1941 ), #1360 ) ;
#2023 = ADVANCED_FACE ( 'NONE', ( #2255, #1646 ), #193, .F. ) ;
#2024 = SURFACE_SIDE_STYLE ('',( #514 ) ) ;
#2025 = ADVANCED_FACE ( 'NONE', ( #3459 ), #1081, .T. ) ;
#2026 = PRESENTATION_STYLE_ASSIGNMENT (( #1974 ) ) ;
#2027 = AXIS2_PLACEMENT_3D ( 'NONE', #289, #3015, #3609 ) ;
#2028 = ORIENTED_EDGE ( 'NONE', *, *, #621, .F. ) ;
#2029 = SURFACE_STYLE_USAGE ( .BOTH. , #3231 ) ;
#2030 = DIRECTION ( 'NONE',  ( -3.936487887793323590E-14, 0.000000000000000000, 1.000000000000000000 ) ) ;
#2031 = ORIENTED_EDGE ( 'NONE', *, *, #2933, .F. ) ;
#2032 =( LENGTH_UNIT ( ) NAMED_UNIT ( * ) SI_UNIT ( .MILLI., .METRE. ) );
#2033 = ORIENTED_EDGE ( 'NONE', *, *, #3803, .F. ) ;
#2034 = UNCERTAINTY_MEASURE_WITH_UNIT (LENGTH_MEASURE( 1.000000000000000082E-05 ), #243, 'distance_accuracy_value', 'NONE');
#2035 = SURFACE_SIDE_STYLE ('',( #3556 ) ) ;
#2036 = DIRECTION ( 'NONE',  ( -1.000000000000000000, -0.000000000000000000, -2.457524924300477559E-14 ) ) ;
#2037 =( LENGTH_UNIT ( ) NAMED_UNIT ( * ) SI_UNIT ( .MILLI., .METRE. ) );
#2038 = LINE ( 'NONE', #2647, #3081 ) ;
#2039 = FILL_AREA_STYLE_COLOUR ( '', #2084 ) ;
#2040 = DIRECTION ( 'NONE',  ( 1.000000000000000000, 0.000000000000000000, -2.666070915947961513E-16 ) ) ;
#2041 = DIRECTION ( 'NONE',  ( 0.000000000000000000, -1.000000000000000000, 0.000000000000000000 ) ) ;
#2042 =( LENGTH_UNIT ( ) NAMED_UNIT ( * ) SI_UNIT ( .MILLI., .METRE. ) );
#2043 = ORIENTED_EDGE ( 'NONE', *, *, #860, .T. ) ;
#2044 = ORIENTED_EDGE ( 'NONE', *, *, #3496, .F. ) ;
#2045 = CARTESIAN_POINT ( 'NONE',  ( 0.3500000000000000333, 0.6422951503238740756, 0.1249999999999998890 ) ) ;
#2046 = DIRECTION ( 'NONE',  ( 0.000000000000000000, 1.000000000000000000, 0.000000000000000000 ) ) ;
#2047 = ORIENTED_EDGE ( 'NONE', *, *, #3300, .T. ) ;
#2048 =( NAMED_UNIT ( * ) PLANE_ANGLE_UNIT ( ) SI_UNIT ( $, .RADIAN. ) );
#2049 = CARTESIAN_POINT ( 'NONE',  ( -0.6099999999999995426, 0.4500000000000000111, -0.4100000000000001421 ) ) ;
#2050 = CARTESIAN_POINT ( 'NONE',  ( -0.6500000000000001332, 0.2000000000000000111, 0.4499999999999928502 ) ) ;
#2051 = PLANE ( 'NONE',  #41 ) ;
#2052 = COLOUR_RGB ( '',0.2980392156862745057, 0.2980392156862745057, 0.2980392156862745057 ) ;
#2053 = PLANE ( 'NONE',  #539 ) ;
#2054 = ORIENTED_EDGE ( 'NONE', *, *, #1567, .T. ) ;
#2055 = VECTOR ( 'NONE', #532, 1000.000000000000000 ) ;
#2056 = COLOUR_RGB ( '',0.8313725490196077761, 0.6705882352941175961, 0.1294117647058823373 ) ;
#2057 = DIRECTION ( 'NONE',  ( 3.336006684570783101E-16, 0.000000000000000000, -1.000000000000000000 ) ) ;
#2058 = DIRECTION ( 'NONE',  ( 0.000000000000000000, 1.000000000000000000, 0.000000000000000000 ) ) ;
#2059 = DIRECTION ( 'NONE',  ( -3.336006684570783101E-16, -0.000000000000000000, 1.000000000000000000 ) ) ;
#2060 = AXIS2_PLACEMENT_3D ( 'NONE', #3894, #1851, #3050 ) ;
#2061 =( GEOMETRIC_REPRESENTATION_CONTEXT ( 3 ) GLOBAL_UNCERTAINTY_ASSIGNED_CONTEXT ( ( #157 ) ) GLOBAL_UNIT_ASSIGNED_CONTEXT ( ( #3182, #3538, #1208 ) ) REPRESENTATION_CONTEXT ( 'NONE', 'WORKASPACE' ) );
#2062 = CARTESIAN_POINT ( 'NONE',  ( 0.000000000000000000, 0.2000000000000000111, 0.000000000000000000 ) ) ;
#2063 =( NAMED_UNIT ( * ) PLANE_ANGLE_UNIT ( ) SI_UNIT ( $, .RADIAN. ) );
#2064 =( GEOMETRIC_REPRESENTATION_CONTEXT ( 3 ) GLOBAL_UNCERTAINTY_ASSIGNED_CONTEXT ( ( #2237 ) ) GLOBAL_UNIT_ASSIGNED_CONTEXT ( ( #2806, #2222, #1549 ) ) REPRESENTATION_CONTEXT ( 'NONE', 'WORKASPACE' ) );
#2065 = COLOUR_RGB ( '',0.7921568627450980005, 0.8196078431372548767, 0.9333333333333333481 ) ;
#2066 = VECTOR ( 'NONE', #2726, 1000.000000000000000 ) ;
#2067 = ORIENTED_EDGE ( 'NONE', *, *, #2218, .F. ) ;
#2068 =( GEOMETRIC_REPRESENTATION_CONTEXT ( 3 ) GLOBAL_UNCERTAINTY_ASSIGNED_CONTEXT ( ( #1025 ) ) GLOBAL_UNIT_ASSIGNED_CONTEXT ( ( #2619, #3265, #1509 ) ) REPRESENTATION_CONTEXT ( 'NONE', 'WORKASPACE' ) );
#2069 = EDGE_CURVE ( 'NONE', #2808, #3403, #1760, .T. ) ;
#2070 = COLOUR_RGB ( '',1.000000000000000000, 1.000000000000000000, 1.000000000000000000 ) ;
#2071 = FACE_BOUND ( 'NONE', #348, .T. ) ;
#2072 = DIRECTION ( 'NONE',  ( 1.282972570774514001E-14, 0.000000000000000000, -1.000000000000000000 ) ) ;
#2073 = FILL_AREA_STYLE_COLOUR ( '', #2243 ) ;
#2074 = FACE_OUTER_BOUND ( 'NONE', #3711, .T. ) ;
#2075 = ORIENTED_EDGE ( 'NONE', *, *, #220, .T. ) ;
#2076 = CARTESIAN_POINT ( 'NONE',  ( -0.4199999999999999845, 0.4299999999999999933, 0.2500000000000000000 ) ) ;
#2077 = LINE ( 'NONE', #2418, #2753 ) ;
#2078 = FILL_AREA_STYLE ('',( #830 ) ) ;
#2079 = SURFACE_STYLE_USAGE ( .BOTH. , #2338 ) ;
#2080 = FILL_AREA_STYLE ('',( #881 ) ) ;
#2081 = VERTEX_POINT ( 'NONE', #3299 ) ;
#2082 = DIRECTION ( 'NONE',  ( -0.000000000000000000, -1.000000000000000000, -0.000000000000000000 ) ) ;
#2083 = DIRECTION ( 'NONE',  ( -3.969847954639077974E-14, 0.000000000000000000, 1.000000000000000000 ) ) ;
#2084 = COLOUR_RGB ( '',0.2980392156862745057, 0.2980392156862745057, 0.2980392156862745057 ) ;
#2085 = CARTESIAN_POINT ( 'NONE',  ( 0.1499999999999997446, 0.2000000000000000111, 0.4499999999999965139 ) ) ;
#2086 = ORIENTED_EDGE ( 'NONE', *, *, #329, .F. ) ;
#2087 = UNCERTAINTY_MEASURE_WITH_UNIT (LENGTH_MEASURE( 1.000000000000000082E-05 ), #953, 'distance_accuracy_value', 'NONE');
#2088 = EDGE_CURVE ( 'NONE', #3163, #517, #2077, .T. ) ;
#2089 =( NAMED_UNIT ( * ) PLANE_ANGLE_UNIT ( ) SI_UNIT ( $, .RADIAN. ) );
#2090 = EDGE_CURVE ( 'NONE', #259, #2491, #570, .T. ) ;
#2092 = EDGE_CURVE ( 'NONE', #1498, #230, #828, .T. ) ;
#2091 = EDGE_LOOP ( 'NONE', ( #872, #2981, #3551, #1895 ) ) ;
#2093 = FILL_AREA_STYLE ('',( #845 ) ) ;
#2094 = PRESENTATION_LAYER_ASSIGNMENT (  '', '', ( #3443 ) ) ;
#2095 = CARTESIAN_POINT ( 'NONE',  ( -0.3499999999999998113, 0.000000000000000000, 0.2999999999999975464 ) ) ;
#2097 = EDGE_CURVE ( 'NONE', #192, #1195, #3319, .T. ) ;
#2096 = ORIENTED_EDGE ( 'NONE', *, *, #1684, .T. ) ;
#2098 = CARTESIAN_POINT ( 'NONE',  ( -0.1499999999999999667, 0.1999999999999999833, 0.1249999999999963918 ) ) ;
#2099 = LINE ( 'NONE', #3327, #475 ) ;
#2100 =( NAMED_UNIT ( * ) PLANE_ANGLE_UNIT ( ) SI_UNIT ( $, .RADIAN. ) );
#2101 = ORIENTED_EDGE ( 'NONE', *, *, #3759, .F. ) ;
#2102 = UNCERTAINTY_MEASURE_WITH_UNIT (LENGTH_MEASURE( 1.000000000000000082E-05 ), #46, 'distance_accuracy_value', 'NONE');
#2103 = CARTESIAN_POINT ( 'NONE',  ( -0.6500000000000001332, 0.000000000000000000, 0.4499999999999928502 ) ) ;
#2104 = SURFACE_SIDE_STYLE ('',( #1451 ) ) ;
#2105 = SURFACE_SIDE_STYLE ('',( #3632 ) ) ;
#2106 = EDGE_LOOP ( 'NONE', ( #654, #3058, #3750, #86 ) ) ;
#2107 = DIRECTION ( 'NONE',  ( 1.000000000000000000, 0.000000000000000000, 1.282972570774514001E-14 ) ) ;
#2108 = SURFACE_SIDE_STYLE ('',( #968 ) ) ;
#2109 = CARTESIAN_POINT ( 'NONE',  ( -0.1499999999999871714, 0.000000000000000000, -0.4500000000000205502 ) ) ;
#2110 = CARTESIAN_POINT ( 'NONE',  ( -0.6500000000000000222, 0.1999999999999999833, 0.1249999999999928946 ) ) ;
#2111 = EDGE_LOOP ( 'NONE', ( #2730, #3196, #312, #3032 ) ) ;
#2112 = CARTESIAN_POINT ( 'NONE',  ( -0.6500000000000000222, 0.000000000000000000, 0.1249999999999928946 ) ) ;
#2113 = FACE_OUTER_BOUND ( 'NONE', #2277, .T. ) ;
#2114 = PRESENTATION_STYLE_ASSIGNMENT (( #3656 ) ) ;
#2115 = STYLED_ITEM ( 'NONE', ( #1223 ), #2962 ) ;
#2116 = ADVANCED_FACE ( 'NONE', ( #3900 ), #2683, .T. ) ;
#2117 = CARTESIAN_POINT ( 'NONE',  ( 0.7099999999999999645, 0.2000000000000000111, -0.5100000000000000089 ) ) ;
#2118 = MECHANICAL_DESIGN_GEOMETRIC_PRESENTATION_REPRESENTATION (  '', ( #105 ), #1744 ) ;
#2119 = ORIENTED_EDGE ( 'NONE', *, *, #1870, .F. ) ;
#2120 = FACE_OUTER_BOUND ( 'NONE', #736, .T. ) ;
#2121 = COLOUR_RGB ( '',0.2980392156862745057, 0.2980392156862745057, 0.2980392156862745057 ) ;
#2122 = AXIS2_PLACEMENT_3D ( 'NONE', #3823, #2934, #582 ) ;
#2123 = STYLED_ITEM ( 'NONE', ( #3574 ), #3844 ) ;
#2124 = MECHANICAL_DESIGN_GEOMETRIC_PRESENTATION_REPRESENTATION (  '', ( #921 ), #2061 ) ;
#2125 =( GEOMETRIC_REPRESENTATION_CONTEXT ( 3 ) GLOBAL_UNCERTAINTY_ASSIGNED_CONTEXT ( ( #2994 ) ) GLOBAL_UNIT_ASSIGNED_CONTEXT ( ( #1029, #3906, #1741 ) ) REPRESENTATION_CONTEXT ( 'NONE', 'WORKASPACE' ) );
#2126 = ORIENTED_EDGE ( 'NONE', *, *, #3036, .T. ) ;
#2127 =( LENGTH_UNIT ( ) NAMED_UNIT ( * ) SI_UNIT ( .MILLI., .METRE. ) );
#2128 = MECHANICAL_DESIGN_GEOMETRIC_PRESENTATION_REPRESENTATION (  '', ( #2397 ), #744 ) ;
#2129 = COLOUR_RGB ( '',0.8313725490196077761, 0.6705882352941175961, 0.1294117647058823373 ) ;
#2130 = STYLED_ITEM ( 'NONE', ( #772 ), #1697 ) ;
#2131 = DIRECTION ( 'NONE',  ( 1.282972570774514001E-14, 0.000000000000000000, -1.000000000000000000 ) ) ;
#2132 = LINE ( 'NONE', #403, #1181 ) ;
#2133 = ORIENTED_EDGE ( 'NONE', *, *, #1405, .F. ) ;
#2134 = SURFACE_STYLE_FILL_AREA ( #2168 ) ;
#2135 = EDGE_CURVE ( 'NONE', #1789, #269, #2357, .T. ) ;
#2136 =( GEOMETRIC_REPRESENTATION_CONTEXT ( 3 ) GLOBAL_UNCERTAINTY_ASSIGNED_CONTEXT ( ( #271 ) ) GLOBAL_UNIT_ASSIGNED_CONTEXT ( ( #1566, #1822, #3694 ) ) REPRESENTATION_CONTEXT ( 'NONE', 'WORKASPACE' ) );
#2137 =( NAMED_UNIT ( * ) PLANE_ANGLE_UNIT ( ) SI_UNIT ( $, .RADIAN. ) );
#2138 = CARTESIAN_POINT ( 'NONE',  ( 0.1500000000000127620, 0.000000000000000000, -0.4500000000000166644 ) ) ;
#2139 = LINE ( 'NONE', #1797, #823 ) ;
#2140 = ORIENTED_EDGE ( 'NONE', *, *, #573, .F. ) ;
#2141 =( NAMED_UNIT ( * ) SI_UNIT ( $, .STERADIAN. ) SOLID_ANGLE_UNIT ( ) );
#2142 = VERTEX_POINT ( 'NONE', #3846 ) ;
#2143 = ADVANCED_FACE ( 'NONE', ( #2663 ), #3615, .F. ) ;
#2144 = EDGE_CURVE ( 'NONE', #3186, #3707, #142, .T. ) ;
#2145 =( LENGTH_UNIT ( ) NAMED_UNIT ( * ) SI_UNIT ( .MILLI., .METRE. ) );
#2146 = CARTESIAN_POINT ( 'NONE',  ( -0.6500000000000001332, 0.000000000000000000, 0.4499999999999928502 ) ) ;
#2147 = ORIENTED_EDGE ( 'NONE', *, *, #1036, .F. ) ;
#2148 = SURFACE_STYLE_FILL_AREA ( #943 ) ;
#2149 = PRESENTATION_STYLE_ASSIGNMENT (( #3394 ) ) ;
#2150 = CARTESIAN_POINT ( 'NONE',  ( 0.3500000000000000333, 0.2000000000000000111, -0.1250000000000004996 ) ) ;
#2151 = VECTOR ( 'NONE', #853, 1000.000000000000000 ) ;
#2152 = DIRECTION ( 'NONE',  ( -1.000000000000000000, 0.000000000000000000, 5.421010862427525128E-16 ) ) ;
#2153 = ORIENTED_EDGE ( 'NONE', *, *, #1110, .F. ) ;
#2154 = DIRECTION ( 'NONE',  ( -3.336006684570783101E-16, 0.000000000000000000, 1.000000000000000000 ) ) ;
#2155 = DIRECTION ( 'NONE',  ( 0.000000000000000000, 0.000000000000000000, 1.000000000000000000 ) ) ;
#2156 = FACE_OUTER_BOUND ( 'NONE', #3889, .T. ) ;
#2157 = CARTESIAN_POINT ( 'NONE',  ( -0.4199999999999999845, 0.4299999999999999933, 0.2500000000000000000 ) ) ;
#2158 = FILL_AREA_STYLE_COLOUR ( '', #745 ) ;
#2159 =( LENGTH_UNIT ( ) NAMED_UNIT ( * ) SI_UNIT ( .MILLI., .METRE. ) );
#2160 = EDGE_LOOP ( 'NONE', ( #3484, #2017, #1661, #3397 ) ) ;
#2161 = CARTESIAN_POINT ( 'NONE',  ( -0.3500000000000001443, 0.1999999999999999833, 0.1249999999999930056 ) ) ;
#2162 = CARTESIAN_POINT ( 'NONE',  ( -0.1499999999999871714, 0.1999999999999999833, -0.4500000000000205502 ) ) ;
#2163 = FACE_OUTER_BOUND ( 'NONE', #2640, .T. ) ;
#2164 = EDGE_LOOP ( 'NONE', ( #2459, #1548, #3098, #2598 ) ) ;
#2165 = FILL_AREA_STYLE ('',( #641 ) ) ;
#2166 = EDGE_CURVE ( 'NONE', #594, #327, #2538, .T. ) ;
#2167 =( NAMED_UNIT ( * ) SI_UNIT ( $, .STERADIAN. ) SOLID_ANGLE_UNIT ( ) );
#2168 = FILL_AREA_STYLE ('',( #20 ) ) ;
#2169 = EDGE_CURVE ( 'NONE', #107, #1231, #160, .T. ) ;
#2170 = PRESENTATION_STYLE_ASSIGNMENT (( #2739 ) ) ;
#2171 = SURFACE_STYLE_USAGE ( .BOTH. , #2108 ) ;
#2172 = UNCERTAINTY_MEASURE_WITH_UNIT (LENGTH_MEASURE( 1.000000000000000082E-05 ), #2016, 'distance_accuracy_value', 'NONE');
#2173 = LINE ( 'NONE', #394, #242 ) ;
#2174 = CARTESIAN_POINT ( 'NONE',  ( 0.3500000000000000333, 0.000000000000000000, 0.4500000000000023426 ) ) ;
#2175 = FILL_AREA_STYLE ('',( #1278 ) ) ;
#2176 = ORIENTED_EDGE ( 'NONE', *, *, #3777, .F. ) ;
#2177 = SURFACE_STYLE_FILL_AREA ( #3028 ) ;
#2178 =( LENGTH_UNIT ( ) NAMED_UNIT ( * ) SI_UNIT ( .MILLI., .METRE. ) );
#2179 = EDGE_LOOP ( 'NONE', ( #1608, #3811, #2028, #3580 ) ) ;
#2180 = COLOUR_RGB ( '',1.000000000000000000, 1.000000000000000000, 1.000000000000000000 ) ;
#2181 =( NAMED_UNIT ( * ) SI_UNIT ( $, .STERADIAN. ) SOLID_ANGLE_UNIT ( ) );
#2182 = LINE ( 'NONE', #1912, #2881 ) ;
#2183 = PRESENTATION_STYLE_ASSIGNMENT (( #849 ) ) ;
#2184 = VECTOR ( 'NONE', #2950, 1000.000000000000000 ) ;
#2185 = CIRCLE ( 'NONE', #794, 0.07500000000000003886 ) ;
#2186 = DIRECTION ( 'NONE',  ( 1.000000000000000000, 0.000000000000000000, 7.635226566799329847E-17 ) ) ;
#2187 = PLANE ( 'NONE',  #805 ) ;
#2188 = COLOUR_RGB ( '',0.2980392156862745057, 0.2980392156862745057, 0.2980392156862745057 ) ;
#2189 = CARTESIAN_POINT ( 'NONE',  ( -0.7499999999999995559, 0.2000000000000000111, -0.5500000000000001554 ) ) ;
#2190 = VECTOR ( 'NONE', #3379, 1000.000000000000000 ) ;
#2191 = MECHANICAL_DESIGN_GEOMETRIC_PRESENTATION_REPRESENTATION (  '', ( #3838 ), #929 ) ;
#2192 = LINE ( 'NONE', #643, #739 ) ;
#2193 = ORIENTED_EDGE ( 'NONE', *, *, #3197, .T. ) ;
#2194 = CARTESIAN_POINT ( 'NONE',  ( -0.4199999999999999845, 0.4500000000000000111, 0.2500000000000000000 ) ) ;
#2195 = EDGE_CURVE ( 'NONE', #1113, #1792, #2835, .T. ) ;
#2196 = COLOUR_RGB ( '',0.8313725490196077761, 0.6705882352941175961, 0.1294117647058823373 ) ;
#2197 = DIRECTION ( 'NONE',  ( 3.936487887793323590E-14, -0.000000000000000000, -1.000000000000000000 ) ) ;
#2198 =( GEOMETRIC_REPRESENTATION_CONTEXT ( 3 ) GLOBAL_UNCERTAINTY_ASSIGNED_CONTEXT ( ( #2549 ) ) GLOBAL_UNIT_ASSIGNED_CONTEXT ( ( #2127, #2702, #1874 ) ) REPRESENTATION_CONTEXT ( 'NONE', 'WORKASPACE' ) );
#2199 = DIRECTION ( 'NONE',  ( -3.936487887793323590E-14, 0.000000000000000000, 1.000000000000000000 ) ) ;
#2200 = DIRECTION ( 'NONE',  ( -0.000000000000000000, 1.000000000000000000, 0.000000000000000000 ) ) ;
#2201 =( NAMED_UNIT ( * ) SI_UNIT ( $, .STERADIAN. ) SOLID_ANGLE_UNIT ( ) );
#2202 = STYLED_ITEM ( 'NONE', ( #3455 ), #695 ) ;
#2203 =( NAMED_UNIT ( * ) SI_UNIT ( $, .STERADIAN. ) SOLID_ANGLE_UNIT ( ) );
#2204 = EDGE_LOOP ( 'NONE', ( #3859, #2207, #3825, #2974 ) ) ;
#2205 = VECTOR ( 'NONE', #1184, 1000.000000000000000 ) ;
#2206 =( NAMED_UNIT ( * ) SI_UNIT ( $, .STERADIAN. ) SOLID_ANGLE_UNIT ( ) );
#2207 = ORIENTED_EDGE ( 'NONE', *, *, #567, .F. ) ;
#2208 = FACE_OUTER_BOUND ( 'NONE', #2091, .T. ) ;
#2209 = CARTESIAN_POINT ( 'NONE',  ( -0.7099999999999996314, 0.2000000000000000111, -0.5100000000000001199 ) ) ;
#2210 = CARTESIAN_POINT ( 'NONE',  ( -0.6500000000000000222, 0.000000000000000000, -0.1250000000000074940 ) ) ;
#2211 = EDGE_CURVE ( 'NONE', #2309, #2487, #1227, .T. ) ;
#2212 = AXIS2_PLACEMENT_3D ( 'NONE', #3031, #1217, #2012 ) ;
#2213 = CARTESIAN_POINT ( 'NONE',  ( 0.6500000000000127898, 0.000000000000000000, -0.4500000000000132228 ) ) ;
#2214 = EDGE_LOOP ( 'NONE', ( #3878, #786, #1846, #2763 ) ) ;
#2215 = MECHANICAL_DESIGN_GEOMETRIC_PRESENTATION_REPRESENTATION (  '', ( #3495 ), #1645 ) ;
#2216 = PRESENTATION_STYLE_ASSIGNMENT (( #1333 ) ) ;
#2217 =( GEOMETRIC_REPRESENTATION_CONTEXT ( 3 ) GLOBAL_UNCERTAINTY_ASSIGNED_CONTEXT ( ( #2348 ) ) GLOBAL_UNIT_ASSIGNED_CONTEXT ( ( #3120, #1322, #1911 ) ) REPRESENTATION_CONTEXT ( 'NONE', 'WORKASPACE' ) );
#2218 = EDGE_CURVE ( 'NONE', #1161, #1792, #2725, .T. ) ;
#2219 = EDGE_CURVE ( 'NONE', #3253, #3515, #3764, .T. ) ;
#2220 =( NAMED_UNIT ( * ) SI_UNIT ( $, .STERADIAN. ) SOLID_ANGLE_UNIT ( ) );
#2221 = ORIENTED_EDGE ( 'NONE', *, *, #398, .F. ) ;
#2222 =( NAMED_UNIT ( * ) PLANE_ANGLE_UNIT ( ) SI_UNIT ( $, .RADIAN. ) );
#2223 =( NAMED_UNIT ( * ) PLANE_ANGLE_UNIT ( ) SI_UNIT ( $, .RADIAN. ) );
#2224 = ORIENTED_EDGE ( 'NONE', *, *, #3922, .T. ) ;
#2225 = FILL_AREA_STYLE_COLOUR ( '', #424 ) ;
#2226 = DIRECTION ( 'NONE',  ( 1.282972570774514001E-14, 0.000000000000000000, -1.000000000000000000 ) ) ;
#2227 = DIRECTION ( 'NONE',  ( -1.000000000000000000, 0.000000000000000000, -3.614007241618350250E-16 ) ) ;
#2228 = CARTESIAN_POINT ( 'NONE',  ( -0.4199999999999999845, 0.2178679656440356549, 0.2500000000000000000 ) ) ;
#2229 = ORIENTED_EDGE ( 'NONE', *, *, #519, .T. ) ;
#2230 =( LENGTH_UNIT ( ) NAMED_UNIT ( * ) SI_UNIT ( .MILLI., .METRE. ) );
#2231 = DIRECTION ( 'NONE',  ( 1.000000000000000000, 0.000000000000000000, -5.421010862427526114E-16 ) ) ;
#2232 = SURFACE_SIDE_STYLE ('',( #2526 ) ) ;
#2233 = ORIENTED_EDGE ( 'NONE', *, *, #689, .T. ) ;
#2234 = ORIENTED_EDGE ( 'NONE', *, *, #1637, .T. ) ;
#2235 = PRESENTATION_STYLE_ASSIGNMENT (( #492 ) ) ;
#2236 = CARTESIAN_POINT ( 'NONE',  ( -0.1499999999999999667, 0.2000000000000000111, -0.1250000000000039968 ) ) ;
#2237 = UNCERTAINTY_MEASURE_WITH_UNIT (LENGTH_MEASURE( 1.000000000000000082E-05 ), #2806, 'distance_accuracy_value', 'NONE');
#2238 =( NAMED_UNIT ( * ) PLANE_ANGLE_UNIT ( ) SI_UNIT ( $, .RADIAN. ) );
#2239 = ADVANCED_FACE ( 'NONE', ( #1819 ), #3470, .T. ) ;
#2240 = SURFACE_STYLE_FILL_AREA ( #1344 ) ;
#2241 = EDGE_CURVE ( 'NONE', #2142, #574, #924, .T. ) ;
#2242 = FILL_AREA_STYLE_COLOUR ( '', #2052 ) ;
#2243 = COLOUR_RGB ( '',0.8313725490196077761, 0.6705882352941175961, 0.1294117647058823373 ) ;
#2244 = DIRECTION ( 'NONE',  ( 0.000000000000000000, 1.000000000000000000, 0.000000000000000000 ) ) ;
#2245 = FACE_OUTER_BOUND ( 'NONE', #2900, .T. ) ;
#2246 = ORIENTED_EDGE ( 'NONE', *, *, #3142, .F. ) ;
#2247 = COLOUR_RGB ( '',0.8313725490196077761, 0.6705882352941175961, 0.1294117647058823373 ) ;
#2248 = LINE ( 'NONE', #1310, #3247 ) ;
#2249 = SURFACE_STYLE_USAGE ( .BOTH. , #1981 ) ;
#2250 = MECHANICAL_DESIGN_GEOMETRIC_PRESENTATION_REPRESENTATION (  '', ( #987 ), #3532 ) ;
#2251 = VECTOR ( 'NONE', #746, 1000.000000000000000 ) ;
#2252 = SURFACE_SIDE_STYLE ('',( #100 ) ) ;
#2253 = DIRECTION ( 'NONE',  ( 1.000000000000000000, 0.000000000000000000, 2.457524924300477559E-14 ) ) ;
#2254 = EDGE_LOOP ( 'NONE', ( #2473, #537, #2607, #3524 ) ) ;
#2255 = FACE_OUTER_BOUND ( 'NONE', #338, .T. ) ;
#2256 = SURFACE_SIDE_STYLE ('',( #3817 ) ) ;
#2257 = CARTESIAN_POINT ( 'NONE',  ( -0.7499999999999995559, 0.2000000000000000111, 0.5499999999999998224 ) ) ;
#2258 = VECTOR ( 'NONE', #372, 1000.000000000000000 ) ;
#2259 = VECTOR ( 'NONE', #3420, 1000.000000000000000 ) ;
#2260 = COLOUR_RGB ( '',0.2980392156862745057, 0.2980392156862745057, 0.2980392156862745057 ) ;
#2261 = SURFACE_STYLE_USAGE ( .BOTH. , #790 ) ;
#2262 = ORIENTED_EDGE ( 'NONE', *, *, #1798, .T. ) ;
#2263 =( GEOMETRIC_REPRESENTATION_CONTEXT ( 3 ) GLOBAL_UNCERTAINTY_ASSIGNED_CONTEXT ( ( #2836 ) ) GLOBAL_UNIT_ASSIGNED_CONTEXT ( ( #3174, #2817, #751 ) ) REPRESENTATION_CONTEXT ( 'NONE', 'WORKASPACE' ) );
#2264 = DIRECTION ( 'NONE',  ( 1.000000000000000000, 0.000000000000000000, 1.282972570774514001E-14 ) ) ;
#2265 = PRESENTATION_LAYER_ASSIGNMENT (  '', '', ( #62 ) ) ;
#2266 = FACE_OUTER_BOUND ( 'NONE', #942, .T. ) ;
#2267 = EDGE_CURVE ( 'NONE', #1879, #10, #1688, .T. ) ;
#2268 = EDGE_CURVE ( 'NONE', #821, #3515, #665, .T. ) ;
#2269 = FILL_AREA_STYLE_COLOUR ( '', #3808 ) ;
#2270 = LINE ( 'NONE', #3497, #1753 ) ;
#2271 = EDGE_LOOP ( 'NONE', ( #133, #3536, #1864, #2233 ) ) ;
#2272 =( LENGTH_UNIT ( ) NAMED_UNIT ( * ) SI_UNIT ( .MILLI., .METRE. ) );
#2273 = PLANE ( 'NONE',  #2951 ) ;
#2274 = PLANE ( 'NONE',  #1689 ) ;
#2275 =( GEOMETRIC_REPRESENTATION_CONTEXT ( 3 ) GLOBAL_UNCERTAINTY_ASSIGNED_CONTEXT ( ( #595 ) ) GLOBAL_UNIT_ASSIGNED_CONTEXT ( ( #728, #132, #3157 ) ) REPRESENTATION_CONTEXT ( 'NONE', 'WORKASPACE' ) );
#2276 = SURFACE_STYLE_USAGE ( .BOTH. , #1427 ) ;
#2277 = EDGE_LOOP ( 'NONE', ( #1398, #1618, #2843, #2347 ) ) ;
#2278 = SURFACE_SIDE_STYLE ('',( #1997 ) ) ;
#2279 =( LENGTH_UNIT ( ) NAMED_UNIT ( * ) SI_UNIT ( .MILLI., .METRE. ) );
#2280 = UNCERTAINTY_MEASURE_WITH_UNIT (LENGTH_MEASURE( 1.000000000000000082E-05 ), #2, 'distance_accuracy_value', 'NONE');
#2281 = STYLED_ITEM ( 'NONE', ( #1142 ), #1499 ) ;
#2282 =( NAMED_UNIT ( * ) SI_UNIT ( $, .STERADIAN. ) SOLID_ANGLE_UNIT ( ) );
#2283 = CLOSED_SHELL ( 'NONE', ( #268, #1697, #3393, #3844, #1653, #1404 ) ) ;
#2284 = DIRECTION ( 'NONE',  ( 3.614007241618350250E-16, 0.000000000000000000, -1.000000000000000000 ) ) ;
#2285 = PRESENTATION_LAYER_ASSIGNMENT (  '', '', ( #1914 ) ) ;
#2286 = DIRECTION ( 'NONE',  ( 0.000000000000000000, 1.000000000000000000, 0.000000000000000000 ) ) ;
#2287 = ORIENTED_EDGE ( 'NONE', *, *, #656, .F. ) ;
#2288 = PLANE ( 'NONE',  #749 ) ;
#2289 = DIRECTION ( 'NONE',  ( -2.457524924300477559E-14, 0.000000000000000000, 1.000000000000000000 ) ) ;
#2290 =( NAMED_UNIT ( * ) PLANE_ANGLE_UNIT ( ) SI_UNIT ( $, .RADIAN. ) );
#2291 = ORIENTED_EDGE ( 'NONE', *, *, #3030, .F. ) ;
#2292 = SURFACE_STYLE_USAGE ( .BOTH. , #1926 ) ;
#2293 = DIRECTION ( 'NONE',  ( 0.000000000000000000, -0.000000000000000000, 1.000000000000000000 ) ) ;
#2294 = UNCERTAINTY_MEASURE_WITH_UNIT (LENGTH_MEASURE( 1.000000000000000082E-05 ), #2042, 'distance_accuracy_value', 'NONE');
#2295 = DIRECTION ( 'NONE',  ( 1.000000000000000000, 0.000000000000000000, 1.282972570774514001E-14 ) ) ;
#2296 = DIRECTION ( 'NONE',  ( 0.000000000000000000, 0.000000000000000000, -1.000000000000000000 ) ) ;
#2297 = SURFACE_SIDE_STYLE ('',( #2890 ) ) ;
#2298 = CARTESIAN_POINT ( 'NONE',  ( -0.1500000000000001332, 0.2000000000000000111, 0.4499999999999963474 ) ) ;
#2299 =( LENGTH_UNIT ( ) NAMED_UNIT ( * ) SI_UNIT ( .MILLI., .METRE. ) );
#2300 = PRESENTATION_STYLE_ASSIGNMENT (( #2894 ) ) ;
#2301 = ORIENTED_EDGE ( 'NONE', *, *, #910, .T. ) ;
#2302 = SURFACE_STYLE_FILL_AREA ( #840 ) ;
#2303 = COLOUR_RGB ( '',0.2980392156862745057, 0.2980392156862745057, 0.2980392156862745057 ) ;
#2304 = FILL_AREA_STYLE_COLOUR ( '', #479 ) ;
#2305 = FILL_AREA_STYLE_COLOUR ( '', #1387 ) ;
#2306 = AXIS2_PLACEMENT_3D ( 'NONE', #307, #899, #3875 ) ;
#2307 = EDGE_CURVE ( 'NONE', #1582, #3833, #2641, .T. ) ;
#2308 = PRESENTATION_STYLE_ASSIGNMENT (( #770 ) ) ;
#2310 = ADVANCED_FACE ( 'NONE', ( #3587 ), #521, .F. ) ;
#2309 = VERTEX_POINT ( 'NONE', #292 ) ;
#2311 = SURFACE_SIDE_STYLE ('',( #2859 ) ) ;
#2312 =( NAMED_UNIT ( * ) SI_UNIT ( $, .STERADIAN. ) SOLID_ANGLE_UNIT ( ) );
#2313 = CARTESIAN_POINT ( 'NONE',  ( -0.6499999999999871436, 0.000000000000000000, -0.4500000000000240474 ) ) ;
#2314 = VECTOR ( 'NONE', #1829, 1000.000000000000000 ) ;
#2315 = VECTOR ( 'NONE', #2465, 1000.000000000000000 ) ;
#2316 = MECHANICAL_DESIGN_GEOMETRIC_PRESENTATION_REPRESENTATION (  '', ( #110 ), #2001 ) ;
#2317 = DIRECTION ( 'NONE',  ( -1.000000000000000000, 0.000000000000000000, 2.666070915947961513E-16 ) ) ;
#2318 = STYLED_ITEM ( 'NONE', ( #2804 ), #2776 ) ;
#2319 = FILL_AREA_STYLE_COLOUR ( '', #2346 ) ;
#2320 = AXIS2_PLACEMENT_3D ( 'NONE', #2642, #3863, #600 ) ;
#2321 = MECHANICAL_DESIGN_GEOMETRIC_PRESENTATION_REPRESENTATION (  '', ( #3601 ), #54 ) ;
#2322 = STYLED_ITEM ( 'NONE', ( #1280 ), #1613 ) ;
#2323 = AXIS2_PLACEMENT_3D ( 'NONE', #3691, #2131, #1006 ) ;
#2324 = PRESENTATION_LAYER_ASSIGNMENT (  '', '', ( #1004 ) ) ;
#2325 = DIRECTION ( 'NONE',  ( 1.000000000000000000, 0.000000000000000000, 1.526918059583751236E-14 ) ) ;
#2326 =( LENGTH_UNIT ( ) NAMED_UNIT ( * ) SI_UNIT ( .MILLI., .METRE. ) );
#2327 = MECHANICAL_DESIGN_GEOMETRIC_PRESENTATION_REPRESENTATION (  '', ( #809 ), #1326 ) ;
#2328 = ADVANCED_FACE ( 'NONE', ( #2331 ), #3569, .T. ) ;
#2329 =( LENGTH_UNIT ( ) NAMED_UNIT ( * ) SI_UNIT ( .MILLI., .METRE. ) );
#2330 = ORIENTED_EDGE ( 'NONE', *, *, #3022, .F. ) ;
#2331 = FACE_OUTER_BOUND ( 'NONE', #1749, .T. ) ;
#2332 = CARTESIAN_POINT ( 'NONE',  ( 0.1499999999999998557, 0.6422951503238740756, -0.1250000000000041633 ) ) ;
#2333 = FILL_AREA_STYLE_COLOUR ( '', #417 ) ;
#2334 = ORIENTED_EDGE ( 'NONE', *, *, #2796, .T. ) ;
#2335 = LINE ( 'NONE', #847, #3475 ) ;
#2336 = LINE ( 'NONE', #1457, #2634 ) ;
#2337 = PLANE ( 'NONE',  #2060 ) ;
#2338 = SURFACE_SIDE_STYLE ('',( #3904 ) ) ;
#2339 = PRESENTATION_LAYER_ASSIGNMENT (  '', '', ( #139 ) ) ;
#2340 =( NAMED_UNIT ( * ) PLANE_ANGLE_UNIT ( ) SI_UNIT ( $, .RADIAN. ) );
#2341 = DIRECTION ( 'NONE',  ( 0.000000000000000000, -1.000000000000000000, 0.000000000000000000 ) ) ;
#2342 = DIRECTION ( 'NONE',  ( -1.000000000000000000, 0.000000000000000000, -1.282972570774514001E-14 ) ) ;
#2343 = MECHANICAL_DESIGN_GEOMETRIC_PRESENTATION_REPRESENTATION (  '', ( #694 ), #3173 ) ;
#2344 = LINE ( 'NONE', #834, #3778 ) ;
#2345 = EDGE_CURVE ( 'NONE', #648, #153, #2400, .T. ) ;
#2346 = COLOUR_RGB ( '',0.8313725490196077761, 0.6705882352941175961, 0.1294117647058823373 ) ;
#2347 = ORIENTED_EDGE ( 'NONE', *, *, #1870, .T. ) ;
#2348 = UNCERTAINTY_MEASURE_WITH_UNIT (LENGTH_MEASURE( 1.000000000000000082E-05 ), #3120, 'distance_accuracy_value', 'NONE');
#2349 = PLANE ( 'NONE',  #1835 ) ;
#2350 = FACE_OUTER_BOUND ( 'NONE', #1767, .T. ) ;
#2351 = EDGE_LOOP ( 'NONE', ( #500, #378, #3698, #1551 ) ) ;
#2352 = DIRECTION ( 'NONE',  ( 0.000000000000000000, -1.000000000000000000, 0.000000000000000000 ) ) ;
#2353 = FACE_OUTER_BOUND ( 'NONE', #484, .T. ) ;
#2354 = SURFACE_STYLE_USAGE ( .BOTH. , #584 ) ;
#2355 = ORIENTED_EDGE ( 'NONE', *, *, #3012, .F. ) ;
#2356 = SURFACE_SIDE_STYLE ('',( #505 ) ) ;
#2357 = LINE ( 'NONE', #2918, #418 ) ;
#2358 = FILL_AREA_STYLE_COLOUR ( '', #3218 ) ;
#2359 = DIRECTION ( 'NONE',  ( 3.936487887793323590E-14, -0.000000000000000000, -1.000000000000000000 ) ) ;
#2360 = DIRECTION ( 'NONE',  ( -0.000000000000000000, 1.000000000000000000, -0.000000000000000000 ) ) ;
#2361 = DIRECTION ( 'NONE',  ( 0.000000000000000000, 1.000000000000000000, 0.000000000000000000 ) ) ;
#2362 = PLANE ( 'NONE',  #3681 ) ;
#2363 = ORIENTED_EDGE ( 'NONE', *, *, #2092, .F. ) ;
#2364 = DIRECTION ( 'NONE',  ( 3.614007241618350743E-16, 0.000000000000000000, -1.000000000000000000 ) ) ;
#2365 = FILL_AREA_STYLE ('',( #2437 ) ) ;
#2366 = CARTESIAN_POINT ( 'NONE',  ( 0.1499999999999998557, 0.6422951503238740756, 0.1249999999999965028 ) ) ;
#2367 = SURFACE_SIDE_STYLE ('',( #915 ) ) ;
#2368 = ORIENTED_EDGE ( 'NONE', *, *, #816, .T. ) ;
#2369 = PLANE ( 'NONE',  #206 ) ;
#2370 = UNCERTAINTY_MEASURE_WITH_UNIT (LENGTH_MEASURE( 1.000000000000000082E-05 ), #1050, 'distance_accuracy_value', 'NONE');
#2371 = ORIENTED_EDGE ( 'NONE', *, *, #3657, .F. ) ;
#2372 = SURFACE_STYLE_USAGE ( .BOTH. , #2658 ) ;
#2373 = FACE_BOUND ( 'NONE', #1414, .T. ) ;
#2374 = CARTESIAN_POINT ( 'NONE',  ( -0.1499999999999999667, 0.6422951503238740756, -0.1250000000000039968 ) ) ;
#2375 = FILL_AREA_STYLE_COLOUR ( '', #1315 ) ;
#2376 = LINE ( 'NONE', #3589, #1692 ) ;
#2377 = EDGE_LOOP ( 'NONE', ( #3228, #827, #2334, #844 ) ) ;
#2378 = CARTESIAN_POINT ( 'NONE',  ( -0.6500000000000000222, 0.000000000000000000, -0.1250000000000074940 ) ) ;
#2379 = SURFACE_STYLE_USAGE ( .BOTH. , #551 ) ;
#2380 = MECHANICAL_DESIGN_GEOMETRIC_PRESENTATION_REPRESENTATION (  '', ( #3646 ), #229 ) ;
#2381 = EDGE_CURVE ( 'NONE', #287, #2808, #3836, .T. ) ;
#2382 = CARTESIAN_POINT ( 'NONE',  ( 0.6099999999999999867, 0.2500000000000000000, -0.4100000000000000311 ) ) ;
#2383 = SURFACE_STYLE_FILL_AREA ( #2005 ) ;
#2384 =( GEOMETRIC_REPRESENTATION_CONTEXT ( 3 ) GLOBAL_UNCERTAINTY_ASSIGNED_CONTEXT ( ( #1706 ) ) GLOBAL_UNIT_ASSIGNED_CONTEXT ( ( #3858, #3913, #1436 ) ) REPRESENTATION_CONTEXT ( 'NONE', 'WORKASPACE' ) );
#2385 = DIRECTION ( 'NONE',  ( -3.969847954639077974E-14, 0.000000000000000000, 1.000000000000000000 ) ) ;
#2386 = VECTOR ( 'NONE', #2385, 1000.000000000000000 ) ;
#2387 = AXIS2_PLACEMENT_3D ( 'NONE', #1614, #2738, #2155 ) ;
#2388 = CARTESIAN_POINT ( 'NONE',  ( 0.7099999999999999645, 0.2500000000000000000, -0.5100000000000000089 ) ) ;
#2389 = COLOUR_RGB ( '',0.8313725490196077761, 0.6705882352941175961, 0.1294117647058823373 ) ;
#2390 = ORIENTED_EDGE ( 'NONE', *, *, #363, .F. ) ;
#2391 = STYLED_ITEM ( 'NONE', ( #2462 ), #291 ) ;
#2392 = VECTOR ( 'NONE', #3073, 1000.000000000000000 ) ;
#2393 = VECTOR ( 'NONE', #3783, 1000.000000000000000 ) ;
#2394 = AXIS2_PLACEMENT_3D ( 'NONE', #3797, #3160, #453 ) ;
#2395 = ADVANCED_FACE ( 'NONE', ( #540, #3879, #2373, #2071, #1856, #34, #1583 ), #2757, .T. ) ;
#2396 = ADVANCED_FACE ( 'NONE', ( #3669 ), #3333, .F. ) ;
#2397 = STYLED_ITEM ( 'NONE', ( #1048 ), #679 ) ;
#2398 = COLOUR_RGB ( '',0.8313725490196077761, 0.6705882352941175961, 0.1294117647058823373 ) ;
#2399 = COLOUR_RGB ( '',1.000000000000000000, 1.000000000000000000, 1.000000000000000000 ) ;
#2400 = LINE ( 'NONE', #1790, #1443 ) ;
#2401 = FILL_AREA_STYLE ('',( #2073 ) ) ;
#2402 = ORIENTED_EDGE ( 'NONE', *, *, #2698, .F. ) ;
#2403 = CARTESIAN_POINT ( 'NONE',  ( -0.6499999999999871436, 0.2000000000000000111, -0.4500000000000240474 ) ) ;
#2404 = DIRECTION ( 'NONE',  ( 0.7071067811865442421, 0.000000000000000000, 0.7071067811865509034 ) ) ;
#2405 = LINE ( 'NONE', #2378, #3006 ) ;
#2406 = PRESENTATION_STYLE_ASSIGNMENT (( #2710 ) ) ;
#2407 = ORIENTED_EDGE ( 'NONE', *, *, #910, .F. ) ;
#2408 = DIRECTION ( 'NONE',  ( 0.000000000000000000, 0.000000000000000000, 1.000000000000000000 ) ) ;
#2409 = VECTOR ( 'NONE', #3068, 1000.000000000000000 ) ;
#2410 = VERTEX_POINT ( 'NONE', #1897 ) ;
#2411 = DIRECTION ( 'NONE',  ( 1.000000000000000000, -0.000000000000000000, 3.336006684570783101E-16 ) ) ;
#2412 = ORIENTED_EDGE ( 'NONE', *, *, #3511, .F. ) ;
#2413 = SURFACE_SIDE_STYLE ('',( #1221 ) ) ;
#2414 = SURFACE_STYLE_USAGE ( .BOTH. , #522 ) ;
#2415 =( NAMED_UNIT ( * ) SI_UNIT ( $, .STERADIAN. ) SOLID_ANGLE_UNIT ( ) );
#2416 = EDGE_LOOP ( 'NONE', ( #2086, #2390, #3429, #752 ) ) ;
#2417 = CLOSED_SHELL ( 'NONE', ( #2675, #1544, #2328, #3920, #1855, #291 ) ) ;
#2418 = CARTESIAN_POINT ( 'NONE',  ( 0.1499999999999997446, 0.2000000000000000111, 0.4499999999999965139 ) ) ;
#2419 = CARTESIAN_POINT ( 'NONE',  ( -0.4199999999999999845, 0.4299999999999999933, 0.2500000000000000000 ) ) ;
#2420 = CIRCLE ( 'NONE', #1288, 0.07500000000000003886 ) ;
#2421 = DIRECTION ( 'NONE',  ( 0.000000000000000000, -1.000000000000000000, 0.000000000000000000 ) ) ;
#2422 = DIRECTION ( 'NONE',  ( 0.000000000000000000, -1.000000000000000000, 0.000000000000000000 ) ) ;
#2423 = ORIENTED_EDGE ( 'NONE', *, *, #330, .F. ) ;
#2424 =( LENGTH_UNIT ( ) NAMED_UNIT ( * ) SI_UNIT ( .MILLI., .METRE. ) );
#2425 = VERTEX_POINT ( 'NONE', #1243 ) ;
#2426 = EDGE_LOOP ( 'NONE', ( #2888, #3233, #1370, #2791 ) ) ;
#2427 = ORIENTED_EDGE ( 'NONE', *, *, #1693, .T. ) ;
#2428 = DIRECTION ( 'NONE',  ( -6.672013369141567189E-16, 0.000000000000000000, 1.000000000000000000 ) ) ;
#2429 =( LENGTH_UNIT ( ) NAMED_UNIT ( * ) SI_UNIT ( .MILLI., .METRE. ) );
#2430 = CARTESIAN_POINT ( 'NONE',  ( 0.6500000000000127898, 0.1999999999999999833, -0.4500000000000132228 ) ) ;
#2431 = ADVANCED_FACE ( 'NONE', ( #3053 ), #2460, .F. ) ;
#2432 = EDGE_CURVE ( 'NONE', #3259, #2309, #1655, .T. ) ;
#2433 = DIRECTION ( 'NONE',  ( 0.000000000000000000, -1.000000000000000000, 0.000000000000000000 ) ) ;
#2434 = SURFACE_STYLE_FILL_AREA ( #2985 ) ;
#2435 = ORIENTED_EDGE ( 'NONE', *, *, #3399, .F. ) ;
#2436 =( NAMED_UNIT ( * ) SI_UNIT ( $, .STERADIAN. ) SOLID_ANGLE_UNIT ( ) );
#2437 = FILL_AREA_STYLE_COLOUR ( '', #956 ) ;
#2438 = VECTOR ( 'NONE', #714, 1000.000000000000000 ) ;
#2439 = VERTEX_POINT ( 'NONE', #1073 ) ;
#2440 = VECTOR ( 'NONE', #3746, 1000.000000000000000 ) ;
#2441 = VECTOR ( 'NONE', #18, 1000.000000000000114 ) ;
#2442 = ORIENTED_EDGE ( 'NONE', *, *, #1787, .F. ) ;
#2443 = COLOUR_RGB ( '',0.2980392156862745057, 0.2980392156862745057, 0.2980392156862745057 ) ;
#2444 = VECTOR ( 'NONE', #3595, 1000.000000000000000 ) ;
#2445 = DIRECTION ( 'NONE',  ( 3.936487887793323590E-14, 0.000000000000000000, -1.000000000000000000 ) ) ;
#2446 = MECHANICAL_DESIGN_GEOMETRIC_PRESENTATION_REPRESENTATION (  '', ( #3724 ), #1131 ) ;
#2447 = STYLED_ITEM ( 'NONE', ( #1297 ), #2656 ) ;
#2448 = CARTESIAN_POINT ( 'NONE',  ( 0.3500000000000000333, 0.6422951503238740756, 0.4500000000000023426 ) ) ;
#2449 = FILL_AREA_STYLE_COLOUR ( '', #3415 ) ;
#2450 = LINE ( 'NONE', #952, #3352 ) ;
#2451 = FILL_AREA_STYLE ('',( #3280 ) ) ;
#2452 = SURFACE_STYLE_FILL_AREA ( #1015 ) ;
#2453 = SURFACE_STYLE_USAGE ( .BOTH. , #3713 ) ;
#2454 = ORIENTED_EDGE ( 'NONE', *, *, #1809, .T. ) ;
#2455 = COLOUR_RGB ( '',0.8313725490196077761, 0.6705882352941175961, 0.1294117647058823373 ) ;
#2456 = DIRECTION ( 'NONE',  ( 0.000000000000000000, -0.000000000000000000, 1.000000000000000000 ) ) ;
#2457 = PRESENTATION_LAYER_ASSIGNMENT (  '', '', ( #2022 ) ) ;
#2458 = VECTOR ( 'NONE', #2800, 1000.000000000000000 ) ;
#2459 = ORIENTED_EDGE ( 'NONE', *, *, #2613, .F. ) ;
#2460 = PLANE ( 'NONE',  #1632 ) ;
#2461 = FACE_OUTER_BOUND ( 'NONE', #2111, .T. ) ;
#2462 = PRESENTATION_STYLE_ASSIGNMENT (( #625 ) ) ;
#2463 = ORIENTED_EDGE ( 'NONE', *, *, #310, .T. ) ;
#2464 =( LENGTH_UNIT ( ) NAMED_UNIT ( * ) SI_UNIT ( .MILLI., .METRE. ) );
#2465 = DIRECTION ( 'NONE',  ( 0.000000000000000000, 1.000000000000000000, 0.000000000000000000 ) ) ;
#2466 = PRESENTATION_STYLE_ASSIGNMENT (( #2171 ) ) ;
#2467 = CARTESIAN_POINT ( 'NONE',  ( -0.6500000000000000222, 0.000000000000000000, 0.1249999999999928946 ) ) ;
#2468 = CARTESIAN_POINT ( 'NONE',  ( -0.3499999999999872657, 0.1999999999999999833, -0.4500000000000202172 ) ) ;
#2469 = ADVANCED_FACE ( 'NONE', ( #2581 ), #3807, .F. ) ;
#2470 = ORIENTED_EDGE ( 'NONE', *, *, #2744, .T. ) ;
#2471 =( LENGTH_UNIT ( ) NAMED_UNIT ( * ) SI_UNIT ( .MILLI., .METRE. ) );
#2472 = AXIS2_PLACEMENT_3D ( 'NONE', #405, #2853, #3130 ) ;
#2473 = ORIENTED_EDGE ( 'NONE', *, *, #398, .T. ) ;
#2474 = CARTESIAN_POINT ( 'NONE',  ( 0.6099999999999999867, 0.4500000000000000111, -0.4100000000000000311 ) ) ;
#2475 = SURFACE_SIDE_STYLE ('',( #1597 ) ) ;
#2476 = ADVANCED_FACE ( 'NONE', ( #3190 ), #3513, .F. ) ;
#2477 = CARTESIAN_POINT ( 'NONE',  ( -0.4199999999999999845, 0.4500000000000000111, 0.3250000000000000666 ) ) ;
#2478 = EDGE_CURVE ( 'NONE', #3600, #269, #747, .T. ) ;
#2479 = CARTESIAN_POINT ( 'NONE',  ( -0.6500000000000000222, 0.6422951503238740756, 0.1249999999999928946 ) ) ;
#2480 = LINE ( 'NONE', #3037, #2632 ) ;
#2481 = ORIENTED_EDGE ( 'NONE', *, *, #1455, .F. ) ;
#2482 = CARTESIAN_POINT ( 'NONE',  ( -0.4199999999999999845, 0.4500000000000000111, 0.2500000000000000000 ) ) ;
#2483 = UNCERTAINTY_MEASURE_WITH_UNIT (LENGTH_MEASURE( 1.000000000000000082E-05 ), #1623, 'distance_accuracy_value', 'NONE');
#2484 = PLANE ( 'NONE',  #1631 ) ;
#2485 = CARTESIAN_POINT ( 'NONE',  ( -0.1499999999999999667, 0.000000000000000000, 0.1249999999999963918 ) ) ;
#2486 = SURFACE_STYLE_USAGE ( .BOTH. , #2742 ) ;
#2487 = VERTEX_POINT ( 'NONE', #2596 ) ;
#2488 = SURFACE_STYLE_FILL_AREA ( #3386 ) ;
#2489 = ADVANCED_FACE ( 'NONE', ( #2893 ), #202, .T. ) ;
#2490 = FILL_AREA_STYLE ('',( #3387 ) ) ;
#2491 = VERTEX_POINT ( 'NONE', #212 ) ;
#2492 = DIRECTION ( 'NONE',  ( -3.936487887793324221E-14, 0.000000000000000000, 1.000000000000000000 ) ) ;
#2493 = AXIS2_PLACEMENT_3D ( 'NONE', #1535, #3047, #3680 ) ;
#2494 =( GEOMETRIC_REPRESENTATION_CONTEXT ( 3 ) GLOBAL_UNCERTAINTY_ASSIGNED_CONTEXT ( ( #3162 ) ) GLOBAL_UNIT_ASSIGNED_CONTEXT ( ( #211, #2844, #1033 ) ) REPRESENTATION_CONTEXT ( 'NONE', 'WORKASPACE' ) );
#2495 = EDGE_CURVE ( 'NONE', #640, #2575, #3139, .T. ) ;
#2496 = ADVANCED_FACE ( 'NONE', ( #2604 ), #1913, .F. ) ;
#2497 = PRESENTATION_STYLE_ASSIGNMENT (( #3172 ) ) ;
#2498 = AXIS2_PLACEMENT_3D ( 'NONE', #1526, #3317, #2680 ) ;
#2499 =( NAMED_UNIT ( * ) SI_UNIT ( $, .STERADIAN. ) SOLID_ANGLE_UNIT ( ) );
#2500 =( GEOMETRIC_REPRESENTATION_CONTEXT ( 3 ) GLOBAL_UNCERTAINTY_ASSIGNED_CONTEXT ( ( #2034 ) ) GLOBAL_UNIT_ASSIGNED_CONTEXT ( ( #243, #1475, #3868 ) ) REPRESENTATION_CONTEXT ( 'NONE', 'WORKASPACE' ) );
#2501 = VECTOR ( 'NONE', #3338, 1000.000000000000000 ) ;
#2502 = MECHANICAL_DESIGN_GEOMETRIC_PRESENTATION_REPRESENTATION (  '', ( #3278 ), #2125 ) ;
#2503 = EDGE_LOOP ( 'NONE', ( #2999, #2915, #520, #1236 ) ) ;
#2504 = FILL_AREA_STYLE ('',( #3730 ) ) ;
#2505 =( GEOMETRIC_REPRESENTATION_CONTEXT ( 3 ) GLOBAL_UNCERTAINTY_ASSIGNED_CONTEXT ( ( #750 ) ) GLOBAL_UNIT_ASSIGNED_CONTEXT ( ( #725, #3194, #429 ) ) REPRESENTATION_CONTEXT ( 'NONE', 'WORKASPACE' ) );
#2506 =( LENGTH_UNIT ( ) NAMED_UNIT ( * ) SI_UNIT ( .MILLI., .METRE. ) );
#2507 = MECHANICAL_DESIGN_GEOMETRIC_PRESENTATION_REPRESENTATION (  '', ( #3910 ), #3544 ) ;
#2508 = LINE ( 'NONE', #3768, #3720 ) ;
#2509 = CARTESIAN_POINT ( 'NONE',  ( 0.6100000000000004308, 0.4500000000000000111, 0.4099999999999994760 ) ) ;
#2510 = PRESENTATION_STYLE_ASSIGNMENT (( #2486 ) ) ;
#2511 = ORIENTED_EDGE ( 'NONE', *, *, #687, .F. ) ;
#2512 = CARTESIAN_POINT ( 'NONE',  ( 0.6499999999999999112, 0.2000000000000000111, -0.1250000000000006661 ) ) ;
#2513 = CARTESIAN_POINT ( 'NONE',  ( 0.3500000000000000333, 0.1999999999999999833, 0.1249999999999998890 ) ) ;
#2514 = CARTESIAN_POINT ( 'NONE',  ( -0.1499999999999999667, 0.000000000000000000, 0.1249999999999963918 ) ) ;
#2515 = ORIENTED_EDGE ( 'NONE', *, *, #3522, .F. ) ;
#2516 = SURFACE_STYLE_FILL_AREA ( #111 ) ;
#2517 = DIRECTION ( 'NONE',  ( -1.000000000000000000, 0.000000000000000000, -1.282972570774514001E-14 ) ) ;
#2518 = PRESENTATION_LAYER_ASSIGNMENT (  '', '', ( #1463 ) ) ;
#2519 = UNCERTAINTY_MEASURE_WITH_UNIT (LENGTH_MEASURE( 1.000000000000000082E-05 ), #2912, 'distance_accuracy_value', 'NONE');
#2520 = CARTESIAN_POINT ( 'NONE',  ( 0.6500000000000001332, 0.2000000000000000111, 0.4500000000000044520 ) ) ;
#2521 = CARTESIAN_POINT ( 'NONE',  ( -0.7099999999999996314, 0.2500000000000000000, 0.5099999999999997868 ) ) ;
#2522 = ORIENTED_EDGE ( 'NONE', *, *, #2090, .T. ) ;
#2523 = PRESENTATION_LAYER_ASSIGNMENT (  '', '', ( #694 ) ) ;
#2524 = CARTESIAN_POINT ( 'NONE',  ( -0.1499999999999999667, 0.000000000000000000, 0.1249999999999963918 ) ) ;
#2525 = LINE ( 'NONE', #3213, #3152 ) ;
#2526 = SURFACE_STYLE_FILL_AREA ( #3195 ) ;
#2527 = SURFACE_STYLE_FILL_AREA ( #2175 ) ;
#2528 = ORIENTED_EDGE ( 'NONE', *, *, #1854, .T. ) ;
#2529 = CARTESIAN_POINT ( 'NONE',  ( -0.4199999999999999845, 0.4299999999999999933, 0.3250000000000000666 ) ) ;
#2530 = DIRECTION ( 'NONE',  ( 1.000000000000000000, 0.000000000000000000, 7.047314121155778821E-15 ) ) ;
#2531 = FILL_AREA_STYLE_COLOUR ( '', #2883 ) ;
#2532 = DIRECTION ( 'NONE',  ( -1.000000000000000000, -0.000000000000000000, 5.421010862427525128E-16 ) ) ;
#2533 = DIRECTION ( 'NONE',  ( 0.000000000000000000, 0.000000000000000000, 1.000000000000000000 ) ) ;
#2534 =( LENGTH_UNIT ( ) NAMED_UNIT ( * ) SI_UNIT ( .MILLI., .METRE. ) );
#2535 = LINE ( 'NONE', #2298, #2438 ) ;
#2536 = LINE ( 'NONE', #2019, #3791 ) ;
#2537 = SURFACE_SIDE_STYLE ('',( #3491 ) ) ;
#2538 = LINE ( 'NONE', #701, #2440 ) ;
#2539 = EDGE_CURVE ( 'NONE', #2425, #3370, #2536, .T. ) ;
#2540 = CARTESIAN_POINT ( 'NONE',  ( -0.5000000000000002220, 0.000000000000000000, 0.4499999999999965139 ) ) ;
#2541 = EDGE_LOOP ( 'NONE', ( #3020, #1197, #1045, #3855 ) ) ;
#2542 =( NAMED_UNIT ( * ) SI_UNIT ( $, .STERADIAN. ) SOLID_ANGLE_UNIT ( ) );
#2543 = PLANE ( 'NONE',  #1502 ) ;
#2544 = ORIENTED_EDGE ( 'NONE', *, *, #3634, .T. ) ;
#2545 = ORIENTED_EDGE ( 'NONE', *, *, #383, .T. ) ;
#2546 = DIRECTION ( 'NONE',  ( 0.000000000000000000, -1.000000000000000000, 0.000000000000000000 ) ) ;
#2547 =( NAMED_UNIT ( * ) PLANE_ANGLE_UNIT ( ) SI_UNIT ( $, .RADIAN. ) );
#2548 = DIRECTION ( 'NONE',  ( 1.000000000000000000, 0.000000000000000000, 1.526918059583751236E-14 ) ) ;
#2549 = UNCERTAINTY_MEASURE_WITH_UNIT (LENGTH_MEASURE( 1.000000000000000082E-05 ), #2127, 'distance_accuracy_value', 'NONE');
#2550 = EDGE_CURVE ( 'NONE', #2309, #66, #1042, .T. ) ;
#2551 = ADVANCED_FACE ( 'NONE', ( #2795 ), #815, .F. ) ;
#2552 = UNCERTAINTY_MEASURE_WITH_UNIT (LENGTH_MEASURE( 1.000000000000000082E-05 ), #2037, 'distance_accuracy_value', 'NONE');
#2553 = CARTESIAN_POINT ( 'NONE',  ( 0.6500000000000127898, 0.000000000000000000, -0.4500000000000132228 ) ) ;
#2554 = ORIENTED_EDGE ( 'NONE', *, *, #1157, .T. ) ;
#2555 =( LENGTH_UNIT ( ) NAMED_UNIT ( * ) SI_UNIT ( .MILLI., .METRE. ) );
#2556 = PRODUCT_RELATED_PRODUCT_CATEGORY ( 'part', '', ( #3372 ) ) ;
#2557 = LINE ( 'NONE', #2892, #1271 ) ;
#2558 = MECHANICAL_DESIGN_GEOMETRIC_PRESENTATION_REPRESENTATION (  '', ( #3893 ), #1991 ) ;
#2559 =( NAMED_UNIT ( * ) PLANE_ANGLE_UNIT ( ) SI_UNIT ( $, .RADIAN. ) );
#2560 = EDGE_LOOP ( 'NONE', ( #982, #2799, #308, #2153 ) ) ;
#2561 = VECTOR ( 'NONE', #3465, 1000.000000000000000 ) ;
#2562 = VECTOR ( 'NONE', #3161, 1000.000000000000000 ) ;
#2563 =( GEOMETRIC_REPRESENTATION_CONTEXT ( 3 ) GLOBAL_UNCERTAINTY_ASSIGNED_CONTEXT ( ( #3799 ) ) GLOBAL_UNIT_ASSIGNED_CONTEXT ( ( #506, #3881, #279 ) ) REPRESENTATION_CONTEXT ( 'NONE', 'WORKASPACE' ) );
#2564 =( GEOMETRIC_REPRESENTATION_CONTEXT ( 3 ) GLOBAL_UNCERTAINTY_ASSIGNED_CONTEXT ( ( #859 ) ) GLOBAL_UNIT_ASSIGNED_CONTEXT ( ( #2856, #3483, #1396 ) ) REPRESENTATION_CONTEXT ( 'NONE', 'WORKASPACE' ) );
#2565 = DIRECTION ( 'NONE',  ( 1.000000000000000000, 0.000000000000000000, -5.421010862427525128E-16 ) ) ;
#2566 = FACE_OUTER_BOUND ( 'NONE', #315, .T. ) ;
#2567 = ORIENTED_EDGE ( 'NONE', *, *, #3060, .T. ) ;
#2568 = PRESENTATION_LAYER_ASSIGNMENT (  '', '', ( #3473 ) ) ;
#2569 = DIRECTION ( 'NONE',  ( 0.000000000000000000, 0.000000000000000000, -1.000000000000000000 ) ) ;
#2570 = VECTOR ( 'NONE', #3255, 1000.000000000000000 ) ;
#2571 = MECHANICAL_DESIGN_GEOMETRIC_PRESENTATION_REPRESENTATION (  '', ( #361 ), #3219 ) ;
#2572 = LINE ( 'NONE', #693, #1621 ) ;
#2573 = PRESENTATION_LAYER_ASSIGNMENT (  '', '', ( #1069 ) ) ;
#2574 =( LENGTH_UNIT ( ) NAMED_UNIT ( * ) SI_UNIT ( .MILLI., .METRE. ) );
#2575 = VERTEX_POINT ( 'NONE', #508 ) ;
#2576 = MECHANICAL_DESIGN_GEOMETRIC_PRESENTATION_REPRESENTATION (  '', ( #423 ), #2068 ) ;
#2577 = CARTESIAN_POINT ( 'NONE',  ( 0.1499999999999997446, 0.2000000000000000111, 0.4499999999999965139 ) ) ;
#2578 = VECTOR ( 'NONE', #2841, 1000.000000000000000 ) ;
#2579 = EDGE_CURVE ( 'NONE', #1970, #2958, #2038, .T. ) ;
#2580 = SURFACE_STYLE_USAGE ( .BOTH. , #177 ) ;
#2581 = FACE_OUTER_BOUND ( 'NONE', #1725, .T. ) ;
#2582 = FILL_AREA_STYLE_COLOUR ( '', #2833 ) ;
#2583 = VERTEX_POINT ( 'NONE', #895 ) ;
#2584 = DIRECTION ( 'NONE',  ( -0.000000000000000000, -1.000000000000000000, -0.000000000000000000 ) ) ;
#2585 = FACE_OUTER_BOUND ( 'NONE', #1532, .T. ) ;
#2586 = FACE_OUTER_BOUND ( 'NONE', #3038, .T. ) ;
#2587 = MECHANICAL_DESIGN_GEOMETRIC_PRESENTATION_REPRESENTATION (  '', ( #3554 ), #1403 ) ;
#2588 = DIRECTION ( 'NONE',  ( -0.000000000000000000, 1.000000000000000000, 0.000000000000000000 ) ) ;
#2589 = ORIENTED_EDGE ( 'NONE', *, *, #2616, .F. ) ;
#2590 =( NAMED_UNIT ( * ) SI_UNIT ( $, .STERADIAN. ) SOLID_ANGLE_UNIT ( ) );
#2591 = FILL_AREA_STYLE_COLOUR ( '', #2121 ) ;
#2592 = STYLED_ITEM ( 'NONE', ( #387 ), #1485 ) ;
#2593 = ORIENTED_EDGE ( 'NONE', *, *, #1455, .T. ) ;
#2594 =( LENGTH_UNIT ( ) NAMED_UNIT ( * ) SI_UNIT ( .MILLI., .METRE. ) );
#2595 = FACE_OUTER_BOUND ( 'NONE', #1351, .T. ) ;
#2596 = CARTESIAN_POINT ( 'NONE',  ( -0.7499999999999995559, 0.2000000000000000111, 0.5499999999999998224 ) ) ;
#2597 = EDGE_CURVE ( 'NONE', #241, #861, #2921, .T. ) ;
#2598 = ORIENTED_EDGE ( 'NONE', *, *, #152, .F. ) ;
#2599 = SURFACE_STYLE_FILL_AREA ( #2854 ) ;
#2600 = DIRECTION ( 'NONE',  ( -3.336006684570783101E-16, -0.000000000000000000, 1.000000000000000000 ) ) ;
#2601 =( NAMED_UNIT ( * ) SI_UNIT ( $, .STERADIAN. ) SOLID_ANGLE_UNIT ( ) );
#2602 = ORIENTED_EDGE ( 'NONE', *, *, #3584, .T. ) ;
#2603 = MANIFOLD_SOLID_BREP ( 'Boss-Extrude4[1]', #2417 ) ;
#2604 = FACE_OUTER_BOUND ( 'NONE', #1752, .T. ) ;
#2605 = UNCERTAINTY_MEASURE_WITH_UNIT (LENGTH_MEASURE( 1.000000000000000082E-05 ), #2781, 'distance_accuracy_value', 'NONE');
#2606 = SURFACE_STYLE_FILL_AREA ( #775 ) ;
#2607 = ORIENTED_EDGE ( 'NONE', *, *, #1801, .F. ) ;
#2608 = LINE ( 'NONE', #1104, #1245 ) ;
#2609 = LINE ( 'NONE', #1062, #824 ) ;
#2610 = MANIFOLD_SOLID_BREP ( 'Boss-Extrude4[5]', #576 ) ;
#2611 = CYLINDRICAL_SURFACE ( 'NONE', #2306, 0.07500000000000003886 ) ;
#2612 = PRESENTATION_STYLE_ASSIGNMENT (( #2580 ) ) ;
#2613 = EDGE_CURVE ( 'NONE', #96, #226, #1476, .T. ) ;
#2614 =( NAMED_UNIT ( * ) PLANE_ANGLE_UNIT ( ) SI_UNIT ( $, .RADIAN. ) );
#2615 = VERTEX_POINT ( 'NONE', #1780 ) ;
#2616 = EDGE_CURVE ( 'NONE', #2410, #471, #2983, .T. ) ;
#2617 = ADVANCED_FACE ( 'NONE', ( #2156 ), #949, .T. ) ;
#2618 = DIRECTION ( 'NONE',  ( -3.969847954639077974E-14, 0.000000000000000000, 1.000000000000000000 ) ) ;
#2619 =( LENGTH_UNIT ( ) NAMED_UNIT ( * ) SI_UNIT ( .MILLI., .METRE. ) );
#2620 =( GEOMETRIC_REPRESENTATION_CONTEXT ( 3 ) GLOBAL_UNCERTAINTY_ASSIGNED_CONTEXT ( ( #3541 ) ) GLOBAL_UNIT_ASSIGNED_CONTEXT ( ( #3821, #820, #2282 ) ) REPRESENTATION_CONTEXT ( 'NONE', 'WORKASPACE' ) );
#2621 = CARTESIAN_POINT ( 'NONE',  ( -0.4199999999999999845, 0.4299999999999999933, 0.2500000000000000000 ) ) ;
#2622 = FILL_AREA_STYLE ('',( #2333 ) ) ;
#2623 = ORIENTED_EDGE ( 'NONE', *, *, #3516, .T. ) ;
#2624 = EDGE_CURVE ( 'NONE', #613, #3613, #1229, .T. ) ;
#2625 =( GEOMETRIC_REPRESENTATION_CONTEXT ( 3 ) GLOBAL_UNCERTAINTY_ASSIGNED_CONTEXT ( ( #789 ) ) GLOBAL_UNIT_ASSIGNED_CONTEXT ( ( #1083, #1317, #454 ) ) REPRESENTATION_CONTEXT ( 'NONE', 'WORKASPACE' ) );
#2626 = STYLED_ITEM ( 'NONE', ( #1737 ), #2116 ) ;
#2627 = CARTESIAN_POINT ( 'NONE',  ( -0.6099999999999995426, 0.2500000000000000000, 0.4099999999999997535 ) ) ;
#2628 = STYLED_ITEM ( 'NONE', ( #1669 ), #3731 ) ;
#2629 = ORIENTED_EDGE ( 'NONE', *, *, #496, .F. ) ;
#2630 = PRESENTATION_LAYER_ASSIGNMENT (  '', '', ( #3078 ) ) ;
#2631 = SURFACE_SIDE_STYLE ('',( #2383 ) ) ;
#2632 = VECTOR ( 'NONE', #333, 1000.000000000000000 ) ;
#2633 = VECTOR ( 'NONE', #255, 1000.000000000000000 ) ;
#2634 = VECTOR ( 'NONE', #2359, 1000.000000000000000 ) ;
#2635 = SURFACE_STYLE_USAGE ( .BOTH. , #2367 ) ;
#2636 = EDGE_LOOP ( 'NONE', ( #3899, #1579, #1858, #395 ) ) ;
#2637 = STYLED_ITEM ( 'NONE', ( #609 ), #2638 ) ;
#2638 = MANIFOLD_SOLID_BREP ( 'Boss-Extrude4[2]', #3313 ) ;
#2639 = CARTESIAN_POINT ( 'NONE',  ( 0.3500000000000128564, 0.2000000000000000111, -0.4500000000000170530 ) ) ;
#2640 = EDGE_LOOP ( 'NONE', ( #2705, #1093 ) ) ;
#2641 = LINE ( 'NONE', #274, #1179 ) ;
#2642 = CARTESIAN_POINT ( 'NONE',  ( 0.000000000000000000, 0.2000000000000000111, 0.000000000000000000 ) ) ;
#2643 = SURFACE_SIDE_STYLE ('',( #565 ) ) ;
#2644 = FILL_AREA_STYLE_COLOUR ( '', #865 ) ;
#2645 = VERTEX_POINT ( 'NONE', #1884 ) ;
#2646 = CARTESIAN_POINT ( 'NONE',  ( -0.6500000000000001332, 0.000000000000000000, 0.4499999999999928502 ) ) ;
#2647 = CARTESIAN_POINT ( 'NONE',  ( 0.3500000000000000333, 0.2000000000000000111, -0.1250000000000004996 ) ) ;
#2648 = CARTESIAN_POINT ( 'NONE',  ( -0.6500000000000000222, 0.1999999999999999833, 0.1249999999999928946 ) ) ;
#2649 = EDGE_CURVE ( 'NONE', #991, #2645, #3111, .T. ) ;
#2650 = SURFACE_SIDE_STYLE ('',( #265 ) ) ;
#2651 =( LENGTH_UNIT ( ) NAMED_UNIT ( * ) SI_UNIT ( .MILLI., .METRE. ) );
#2652 = CARTESIAN_POINT ( 'NONE',  ( 0.7500000000000000000, 0.2000000000000000111, -0.5500000000000000444 ) ) ;
#2653 = FILL_AREA_STYLE_COLOUR ( '', #352 ) ;
#2654 = ORIENTED_EDGE ( 'NONE', *, *, #2597, .T. ) ;
#2655 = DIRECTION ( 'NONE',  ( -3.936487887793324221E-14, 0.000000000000000000, 1.000000000000000000 ) ) ;
#2656 = MANIFOLD_SOLID_BREP ( 'Boss-Extrude5', #3625 ) ;
#2657 = EDGE_LOOP ( 'NONE', ( #530, #578, #891, #652 ) ) ;
#2658 = SURFACE_SIDE_STYLE ('',( #2302 ) ) ;
#2659 = ADVANCED_FACE ( 'NONE', ( #2585 ), #2288, .T. ) ;
#2660 =( NAMED_UNIT ( * ) SI_UNIT ( $, .STERADIAN. ) SOLID_ANGLE_UNIT ( ) );
#2661 = ORIENTED_EDGE ( 'NONE', *, *, #169, .T. ) ;
#2662 = UNCERTAINTY_MEASURE_WITH_UNIT (LENGTH_MEASURE( 1.000000000000000082E-05 ), #2326, 'distance_accuracy_value', 'NONE');
#2663 = FACE_OUTER_BOUND ( 'NONE', #3531, .T. ) ;
#2664 = DIRECTION ( 'NONE',  ( -3.969847954639077974E-14, 0.000000000000000000, 1.000000000000000000 ) ) ;
#2665 =( NAMED_UNIT ( * ) PLANE_ANGLE_UNIT ( ) SI_UNIT ( $, .RADIAN. ) );
#2666 = FILL_AREA_STYLE_COLOUR ( '', #2065 ) ;
#2667 =( NAMED_UNIT ( * ) PLANE_ANGLE_UNIT ( ) SI_UNIT ( $, .RADIAN. ) );
#2668 = DIRECTION ( 'NONE',  ( 1.000000000000000000, 0.000000000000000000, 3.614007241618350250E-16 ) ) ;
#2669 = EDGE_CURVE ( 'NONE', #1145, #1294, #1921, .T. ) ;
#2670 = CARTESIAN_POINT ( 'NONE',  ( -0.6500000000000000222, 0.2000000000000000111, 0.1249999999999928946 ) ) ;
#2671 = LINE ( 'NONE', #3887, #2386 ) ;
#2672 = ADVANCED_FACE ( 'NONE', ( #754 ), #463, .F. ) ;
#2673 = DIRECTION ( 'NONE',  ( -1.000000000000000000, 0.000000000000000000, 3.054090626719730953E-16 ) ) ;
#2674 = ORIENTED_EDGE ( 'NONE', *, *, #2069, .T. ) ;
#2675 = ADVANCED_FACE ( 'NONE', ( #2897 ), #247, .T. ) ;
#2676 = UNCERTAINTY_MEASURE_WITH_UNIT (LENGTH_MEASURE( 1.000000000000000082E-05 ), #2272, 'distance_accuracy_value', 'NONE');
#2677 = ADVANCED_FACE ( 'NONE', ( #851 ), #2053, .F. ) ;
#2678 = CARTESIAN_POINT ( 'NONE',  ( -0.6499999999999871436, 0.000000000000000000, -0.4500000000000240474 ) ) ;
#2679 = SURFACE_STYLE_FILL_AREA ( #3267 ) ;
#2680 = DIRECTION ( 'NONE',  ( 0.000000000000000000, -0.000000000000000000, 1.000000000000000000 ) ) ;
#2681 = ORIENTED_EDGE ( 'NONE', *, *, #1453, .T. ) ;
#2682 = PRESENTATION_LAYER_ASSIGNMENT (  '', '', ( #470 ) ) ;
#2683 = PLANE ( 'NONE',  #1939 ) ;
#2684 = DIRECTION ( 'NONE',  ( 1.282972570774514001E-14, 0.000000000000000000, -1.000000000000000000 ) ) ;
#2685 = COLOUR_RGB ( '',0.8313725490196077761, 0.6705882352941175961, 0.1294117647058823373 ) ;
#2686 = STYLED_ITEM ( 'NONE', ( #3159 ), #1980 ) ;
#2687 = MECHANICAL_DESIGN_GEOMETRIC_PRESENTATION_REPRESENTATION (  '', ( #862 ), #2625 ) ;
#2688 = STYLED_ITEM ( 'NONE', ( #3294 ), #2310 ) ;
#2689 = FACE_OUTER_BOUND ( 'NONE', #33, .T. ) ;
#2690 = ORIENTED_EDGE ( 'NONE', *, *, #787, .T. ) ;
#2691 = UNCERTAINTY_MEASURE_WITH_UNIT (LENGTH_MEASURE( 1.000000000000000082E-05 ), #2299, 'distance_accuracy_value', 'NONE');
#2692 =( GEOMETRIC_REPRESENTATION_CONTEXT ( 3 ) GLOBAL_UNCERTAINTY_ASSIGNED_CONTEXT ( ( #660 ) ) GLOBAL_UNIT_ASSIGNED_CONTEXT ( ( #94, #3436, #1307 ) ) REPRESENTATION_CONTEXT ( 'NONE', 'WORKASPACE' ) );
#2693 = FILL_AREA_STYLE_COLOUR ( '', #3434 ) ;
#2694 = VECTOR ( 'NONE', #3273, 1000.000000000000000 ) ;
#2695 =( GEOMETRIC_REPRESENTATION_CONTEXT ( 3 ) GLOBAL_UNCERTAINTY_ASSIGNED_CONTEXT ( ( #774 ) ) GLOBAL_UNIT_ASSIGNED_CONTEXT ( ( #963, #2559, #1933 ) ) REPRESENTATION_CONTEXT ( 'NONE', 'WORKASPACE' ) );
#2696 = MECHANICAL_DESIGN_GEOMETRIC_PRESENTATION_REPRESENTATION (  '', ( #2130 ), #1694 ) ;
#2697 = STYLED_ITEM ( 'NONE', ( #3734 ), #516 ) ;
#2698 = EDGE_CURVE ( 'NONE', #3441, #1187, #3650, .T. ) ;
#2699 = EDGE_CURVE ( 'NONE', #1977, #2734, #911, .T. ) ;
#2700 = COLOUR_RGB ( '',0.2980392156862745057, 0.2980392156862745057, 0.2980392156862745057 ) ;
#2701 = PRESENTATION_LAYER_ASSIGNMENT (  '', '', ( #1192 ) ) ;
#2702 =( NAMED_UNIT ( * ) PLANE_ANGLE_UNIT ( ) SI_UNIT ( $, .RADIAN. ) );
#2703 = UNCERTAINTY_MEASURE_WITH_UNIT (LENGTH_MEASURE( 1.000000000000000082E-05 ), #2230, 'distance_accuracy_value', 'NONE');
#2704 = CARTESIAN_POINT ( 'NONE',  ( 0.6499999999999999112, 0.1999999999999999833, -0.1250000000000006106 ) ) ;
#2705 = ORIENTED_EDGE ( 'NONE', *, *, #25, .T. ) ;
#2706 = SURFACE_STYLE_FILL_AREA ( #1902 ) ;
#2707 = SURFACE_STYLE_FILL_AREA ( #3901 ) ;
#2708 =( LENGTH_UNIT ( ) NAMED_UNIT ( * ) SI_UNIT ( .MILLI., .METRE. ) );
#2709 = PLANE ( 'NONE',  #3790 ) ;
#2710 = SURFACE_STYLE_USAGE ( .BOTH. , #2650 ) ;
#2711 = ORIENTED_EDGE ( 'NONE', *, *, #3444, .F. ) ;
#2712 = AXIS2_PLACEMENT_3D ( 'NONE', #1664, #1969, #3853 ) ;
#2713 = FILL_AREA_STYLE_COLOUR ( '', #1309 ) ;
#2714 = ORIENTED_EDGE ( 'NONE', *, *, #3804, .F. ) ;
#2715 = VECTOR ( 'NONE', #3323, 1000.000000000000000 ) ;
#2716 = AXIS2_PLACEMENT_3D ( 'NONE', #1285, #3761, #1040 ) ;
#2717 = ORIENTED_EDGE ( 'NONE', *, *, #2144, .T. ) ;
#2718 = EDGE_CURVE ( 'NONE', #1792, #1337, #2767, .T. ) ;
#2719 = EDGE_CURVE ( 'NONE', #3458, #1301, #85, .T. ) ;
#2720 = SURFACE_STYLE_USAGE ( .BOTH. , #979 ) ;
#2721 =( NAMED_UNIT ( * ) PLANE_ANGLE_UNIT ( ) SI_UNIT ( $, .RADIAN. ) );
#2722 = CARTESIAN_POINT ( 'NONE',  ( 0.6500000000000001332, 0.000000000000000000, 0.1250000000000044686 ) ) ;
#2723 = ORIENTED_EDGE ( 'NONE', *, *, #3224, .F. ) ;
#2724 = MECHANICAL_DESIGN_GEOMETRIC_PRESENTATION_REPRESENTATION (  '', ( #509 ), #1781 ) ;
#2725 = LINE ( 'NONE', #402, #2251 ) ;
#2726 = DIRECTION ( 'NONE',  ( -3.969847954639077974E-14, 0.000000000000000000, 1.000000000000000000 ) ) ;
#2727 = EDGE_CURVE ( 'NONE', #2615, #1161, #930, .T. ) ;
#2728 = SURFACE_STYLE_FILL_AREA ( #646 ) ;
#2729 = DIRECTION ( 'NONE',  ( 1.000000000000000000, -0.000000000000000000, 3.614007241618350743E-16 ) ) ;
#2730 = ORIENTED_EDGE ( 'NONE', *, *, #1612, .T. ) ;
#2731 = VERTEX_POINT ( 'NONE', #690 ) ;
#2732 = FILL_AREA_STYLE ('',( #1553 ) ) ;
#2733 = EDGE_CURVE ( 'NONE', #1008, #1919, #70, .T. ) ;
#2734 = VERTEX_POINT ( 'NONE', #2138 ) ;
#2735 = SURFACE_STYLE_USAGE ( .BOTH. , #624 ) ;
#2736 = FACE_OUTER_BOUND ( 'NONE', #1826, .T. ) ;
#2737 = ORIENTED_EDGE ( 'NONE', *, *, #290, .T. ) ;
#2738 = DIRECTION ( 'NONE',  ( 0.000000000000000000, 1.000000000000000000, 0.000000000000000000 ) ) ;
#2739 = SURFACE_STYLE_USAGE ( .BOTH. , #967 ) ;
#2740 = FILL_AREA_STYLE_COLOUR ( '', #3485 ) ;
#2741 = SURFACE_SIDE_STYLE ('',( #336 ) ) ;
#2742 = SURFACE_SIDE_STYLE ('',( #71 ) ) ;
#2744 = EDGE_CURVE ( 'NONE', #973, #2439, #45, .T. ) ;
#2743 = VERTEX_POINT ( 'NONE', #632 ) ;
#2745 = FACE_OUTER_BOUND ( 'NONE', #512, .T. ) ;
#2746 = AXIS2_PLACEMENT_3D ( 'NONE', #3102, #390, #2492 ) ;
#2747 = EDGE_CURVE ( 'NONE', #3388, #3253, #3477, .T. ) ;
#2748 = CARTESIAN_POINT ( 'NONE',  ( 0.6500000000000001332, 0.000000000000000000, 0.4500000000000044520 ) ) ;
#2749 = EDGE_LOOP ( 'NONE', ( #204, #1409, #146, #3828 ) ) ;
#2750 = PRESENTATION_LAYER_ASSIGNMENT (  '', '', ( #3835 ) ) ;
#2751 = SURFACE_STYLE_FILL_AREA ( #1020 ) ;
#2752 = VECTOR ( 'NONE', #2548, 1000.000000000000000 ) ;
#2753 = VECTOR ( 'NONE', #813, 1000.000000000000000 ) ;
#2754 =( GEOMETRIC_REPRESENTATION_CONTEXT ( 3 ) GLOBAL_UNCERTAINTY_ASSIGNED_CONTEXT ( ( #2087 ) ) GLOBAL_UNIT_ASSIGNED_CONTEXT ( ( #953, #3636, #2201 ) ) REPRESENTATION_CONTEXT ( 'NONE', 'WORKASPACE' ) );
#2755 = PRESENTATION_STYLE_ASSIGNMENT (( #1005 ) ) ;
#2756 = EDGE_LOOP ( 'NONE', ( #2221, #3129, #3645, #1289 ) ) ;
#2757 = PLANE ( 'NONE',  #1066 ) ;
#2758 = COLOUR_RGB ( '',0.8313725490196077761, 0.6705882352941175961, 0.1294117647058823373 ) ;
#2759 = EDGE_CURVE ( 'NONE', #517, #1052, #647, .T. ) ;
#2760 = LINE ( 'NONE', #3705, #246 ) ;
#2761 = DIRECTION ( 'NONE',  ( 3.614007241618350743E-16, 0.000000000000000000, -1.000000000000000000 ) ) ;
#2762 = SURFACE_STYLE_FILL_AREA ( #3670 ) ;
#2763 = ORIENTED_EDGE ( 'NONE', *, *, #2539, .T. ) ;
#2764 = PRESENTATION_LAYER_ASSIGNMENT (  '', '', ( #2447 ) ) ;
#2765 = DIRECTION ( 'NONE',  ( -7.047314121155778032E-15, 0.000000000000000000, 1.000000000000000000 ) ) ;
#2766 = SURFACE_SIDE_STYLE ('',( #2802 ) ) ;
#2767 = LINE ( 'NONE', #2109, #1811 ) ;
#2768 =( NAMED_UNIT ( * ) PLANE_ANGLE_UNIT ( ) SI_UNIT ( $, .RADIAN. ) );
#2769 = EDGE_LOOP ( 'NONE', ( #1905, #2681, #1900, #2246 ) ) ;
#2770 = CARTESIAN_POINT ( 'NONE',  ( -0.1499999999999871714, 0.000000000000000000, -0.4500000000000205502 ) ) ;
#2771 = SURFACE_STYLE_USAGE ( .BOTH. , #712 ) ;
#2772 = EDGE_CURVE ( 'NONE', #1000, #3011, #969, .T. ) ;
#2773 = LINE ( 'NONE', #3137, #1266 ) ;
#2774 = LINE ( 'NONE', #57, #3683 ) ;
#2775 =( NAMED_UNIT ( * ) PLANE_ANGLE_UNIT ( ) SI_UNIT ( $, .RADIAN. ) );
#2776 = ADVANCED_FACE ( 'NONE', ( #3769 ), #2274, .F. ) ;
#2777 = VECTOR ( 'NONE', #2422, 1000.000000000000000 ) ;
#2778 = STYLED_ITEM ( 'NONE', ( #3165 ), #1544 ) ;
#2779 = ORIENTED_EDGE ( 'NONE', *, *, #3392, .T. ) ;
#2780 =( LENGTH_UNIT ( ) NAMED_UNIT ( * ) SI_UNIT ( .MILLI., .METRE. ) );
#2781 =( LENGTH_UNIT ( ) NAMED_UNIT ( * ) SI_UNIT ( .MILLI., .METRE. ) );
#2782 =( LENGTH_UNIT ( ) NAMED_UNIT ( * ) SI_UNIT ( .MILLI., .METRE. ) );
#2783 = ORIENTED_EDGE ( 'NONE', *, *, #816, .F. ) ;
#2784 = CARTESIAN_POINT ( 'NONE',  ( -0.6499999999999871436, 0.2000000000000000111, -0.4500000000000240474 ) ) ;
#2785 = DIRECTION ( 'NONE',  ( -1.000000000000000000, -0.000000000000000000, -7.047314121155778032E-15 ) ) ;
#2786 = EDGE_LOOP ( 'NONE', ( #3546, #3263, #2515, #2368 ) ) ;
#2787 = EDGE_CURVE ( 'NONE', #1626, #24, #3815, .T. ) ;
#2788 = LINE ( 'NONE', #1906, #2827 ) ;
#2789 = MECHANICAL_DESIGN_GEOMETRIC_PRESENTATION_REPRESENTATION (  '', ( #579 ), #3509 ) ;
#2790 =( NAMED_UNIT ( * ) SI_UNIT ( $, .STERADIAN. ) SOLID_ANGLE_UNIT ( ) );
#2791 = ORIENTED_EDGE ( 'NONE', *, *, #2772, .T. ) ;
#2792 = EDGE_CURVE ( 'NONE', #2575, #1161, #3456, .T. ) ;
#2793 = EDGE_CURVE ( 'NONE', #3289, #640, #1644, .T. ) ;
#2794 = FILL_AREA_STYLE_COLOUR ( '', #440 ) ;
#2795 = FACE_OUTER_BOUND ( 'NONE', #2541, .T. ) ;
#2796 = EDGE_CURVE ( 'NONE', #451, #3385, #449, .T. ) ;
#2797 = SURFACE_STYLE_FILL_AREA ( #1557 ) ;
#2798 = CARTESIAN_POINT ( 'NONE',  ( 0.3500000000000000333, 0.1999999999999999833, 0.4500000000000023426 ) ) ;
#2799 = ORIENTED_EDGE ( 'NONE', *, *, #573, .T. ) ;
#2800 = DIRECTION ( 'NONE',  ( 0.000000000000000000, -1.000000000000000000, 0.000000000000000000 ) ) ;
#2801 = LINE ( 'NONE', #1920, #2066 ) ;
#2802 = SURFACE_STYLE_FILL_AREA ( #686 ) ;
#2803 = CARTESIAN_POINT ( 'NONE',  ( -0.3499999999999872657, 0.2000000000000000111, -0.4500000000000202172 ) ) ;
#2804 = PRESENTATION_STYLE_ASSIGNMENT (( #406 ) ) ;
#2805 = EDGE_LOOP ( 'NONE', ( #2522, #1484, #3065, #1812 ) ) ;
#2806 =( LENGTH_UNIT ( ) NAMED_UNIT ( * ) SI_UNIT ( .MILLI., .METRE. ) );
#2807 = LINE ( 'NONE', #773, #2872 ) ;
#2808 = VERTEX_POINT ( 'NONE', #3503 ) ;
#2809 = PRESENTATION_LAYER_ASSIGNMENT (  '', '', ( #597 ) ) ;
#2810 = DIRECTION ( 'NONE',  ( -1.000000000000000000, 0.000000000000000000, 5.421010862427525128E-16 ) ) ;
#2811 = CARTESIAN_POINT ( 'NONE',  ( 0.7500000000000004441, 0.000000000000000000, 0.5499999999999993783 ) ) ;
#2812 = FILL_AREA_STYLE_COLOUR ( '', #2700 ) ;
#2813 = VECTOR ( 'NONE', #1788, 1000.000000000000000 ) ;
#2814 = LINE ( 'NONE', #343, #3067 ) ;
#2815 = DIRECTION ( 'NONE',  ( 0.000000000000000000, 1.000000000000000000, 0.000000000000000000 ) ) ;
#2816 = VECTOR ( 'NONE', #1630, 1000.000000000000000 ) ;
#2817 =( NAMED_UNIT ( * ) PLANE_ANGLE_UNIT ( ) SI_UNIT ( $, .RADIAN. ) );
#2818 = VECTOR ( 'NONE', #2668, 1000.000000000000000 ) ;
#2819 = AXIS2_PLACEMENT_3D ( 'NONE', #1429, #1165, #874 ) ;
#2820 = PRESENTATION_LAYER_ASSIGNMENT (  '', '', ( #3278 ) ) ;
#2821 = CARTESIAN_POINT ( 'NONE',  ( -0.6499999999999871436, 0.2000000000000000111, -0.4500000000000240474 ) ) ;
#2822 = ORIENTED_EDGE ( 'NONE', *, *, #1685, .T. ) ;
#2823 = CARTESIAN_POINT ( 'NONE',  ( 0.6500000000000127898, 0.6422951503238740756, -0.4500000000000132228 ) ) ;
#2824 = VECTOR ( 'NONE', #2729, 1000.000000000000000 ) ;
#2825 = PRESENTATION_LAYER_ASSIGNMENT (  '', '', ( #1319 ) ) ;
#2826 =( NAMED_UNIT ( * ) PLANE_ANGLE_UNIT ( ) SI_UNIT ( $, .RADIAN. ) );
#2827 = VECTOR ( 'NONE', #3679, 1000.000000000000000 ) ;
#2828 = CARTESIAN_POINT ( 'NONE',  ( -0.1499999999999999667, 0.2000000000000000111, 0.1249999999999963918 ) ) ;
#2829 = FILL_AREA_STYLE ('',( #3112 ) ) ;
#2830 = ORIENTED_EDGE ( 'NONE', *, *, #1834, .T. ) ;
#2831 = AXIS2_PLACEMENT_3D ( 'NONE', #90, #1286, #975 ) ;
#2832 = FACE_OUTER_BOUND ( 'NONE', #1537, .T. ) ;
#2833 = COLOUR_RGB ( '',0.8313725490196077761, 0.6705882352941175961, 0.1294117647058823373 ) ;
#2834 = PLANE ( 'NONE',  #1682 ) ;
#2835 = LINE ( 'NONE', #3039, #737 ) ;
#2836 = UNCERTAINTY_MEASURE_WITH_UNIT (LENGTH_MEASURE( 1.000000000000000082E-05 ), #3174, 'distance_accuracy_value', 'NONE');
#2837 = CARTESIAN_POINT ( 'NONE',  ( -0.6500000000000000222, 0.6422951503238740756, 0.1249999999999928946 ) ) ;
#2838 = ORIENTED_EDGE ( 'NONE', *, *, #2649, .F. ) ;
#2839 = ADVANCED_FACE ( 'NONE', ( #430 ), #149, .T. ) ;
#2840 = EDGE_CURVE ( 'NONE', #287, #1561, #1994, .T. ) ;
#2841 = DIRECTION ( 'NONE',  ( -1.000000000000000000, 0.000000000000000000, -7.635226566799329847E-17 ) ) ;
#2842 = MECHANICAL_DESIGN_GEOMETRIC_PRESENTATION_REPRESENTATION (  '', ( #258 ), #3371 ) ;
#2843 = ORIENTED_EDGE ( 'NONE', *, *, #3222, .F. ) ;
#2844 =( NAMED_UNIT ( * ) PLANE_ANGLE_UNIT ( ) SI_UNIT ( $, .RADIAN. ) );
#2845 = DIRECTION ( 'NONE',  ( -0.000000000000000000, 1.000000000000000000, 0.000000000000000000 ) ) ;
#2846 = DIRECTION ( 'NONE',  ( 0.000000000000000000, 0.000000000000000000, -1.000000000000000000 ) ) ;
#2847 =( NAMED_UNIT ( * ) SI_UNIT ( $, .STERADIAN. ) SOLID_ANGLE_UNIT ( ) );
#2848 = PRESENTATION_STYLE_ASSIGNMENT (( #438 ) ) ;
#2849 = FILL_AREA_STYLE_COLOUR ( '', #49 ) ;
#2850 = SURFACE_SIDE_STYLE ('',( #1422 ) ) ;
#2851 =( NAMED_UNIT ( * ) PLANE_ANGLE_UNIT ( ) SI_UNIT ( $, .RADIAN. ) );
#2852 = ORIENTED_EDGE ( 'NONE', *, *, #664, .T. ) ;
#2853 = DIRECTION ( 'NONE',  ( 1.000000000000000000, -0.000000000000000000, 3.969847954639077974E-14 ) ) ;
#2854 = FILL_AREA_STYLE ('',( #207 ) ) ;
#2855 = CARTESIAN_POINT ( 'NONE',  ( 0.6100000000000004308, 0.4500000000000000111, 0.4099999999999994760 ) ) ;
#2856 =( LENGTH_UNIT ( ) NAMED_UNIT ( * ) SI_UNIT ( .MILLI., .METRE. ) );
#2857 =( NAMED_UNIT ( * ) SI_UNIT ( $, .STERADIAN. ) SOLID_ANGLE_UNIT ( ) );
#2858 = VERTEX_POINT ( 'NONE', #3440 ) ;
#2859 = SURFACE_STYLE_FILL_AREA ( #410 ) ;
#2860 = CARTESIAN_POINT ( 'NONE',  ( -0.4199999999999999845, 0.4299999999999999933, 0.3250000000000000666 ) ) ;
#2861 = UNCERTAINTY_MEASURE_WITH_UNIT (LENGTH_MEASURE( 1.000000000000000082E-05 ), #740, 'distance_accuracy_value', 'NONE');
#2862 = UNCERTAINTY_MEASURE_WITH_UNIT (LENGTH_MEASURE( 1.000000000000000082E-05 ), #1082, 'distance_accuracy_value', 'NONE');
#2863 = ADVANCED_FACE ( 'NONE', ( #708 ), #1426, .T. ) ;
#2864 = ORIENTED_EDGE ( 'NONE', *, *, #3271, .T. ) ;
#2865 = PRESENTATION_STYLE_ASSIGNMENT (( #3189 ) ) ;
#2866 = SURFACE_STYLE_FILL_AREA ( #3246 ) ;
#2867 = STYLED_ITEM ( 'NONE', ( #2936 ), #2904 ) ;
#2868 = CARTESIAN_POINT ( 'NONE',  ( -0.3499999999999872657, 0.1999999999999999833, -0.4500000000000202172 ) ) ;
#2869 = ORIENTED_EDGE ( 'NONE', *, *, #3392, .F. ) ;
#2870 = MECHANICAL_DESIGN_GEOMETRIC_PRESENTATION_REPRESENTATION (  '', ( #3605 ), #1872 ) ;
#2871 = CARTESIAN_POINT ( 'NONE',  ( -0.7099999999999996314, 0.2500000000000000000, 0.5099999999999997868 ) ) ;
#2872 = VECTOR ( 'NONE', #1400, 1000.000000000000000 ) ;
#2873 = AXIS2_PLACEMENT_3D ( 'NONE', #3125, #2815, #236 ) ;
#2874 = AXIS2_PLACEMENT_3D ( 'NONE', #447, #1702, #2231 ) ;
#2875 = CARTESIAN_POINT ( 'NONE',  ( -0.3499999999999872657, 0.000000000000000000, -0.4500000000000202172 ) ) ;
#2876 = DIRECTION ( 'NONE',  ( 0.000000000000000000, -1.000000000000000000, 0.000000000000000000 ) ) ;
#2877 = CARTESIAN_POINT ( 'NONE',  ( -0.6500000000000001332, 0.2000000000000000111, 0.4499999999999928502 ) ) ;
#2878 = EDGE_LOOP ( 'NONE', ( #683, #906, #2714, #2544 ) ) ;
#2879 = PRESENTATION_LAYER_ASSIGNMENT (  '', '', ( #110 ) ) ;
#2880 = CARTESIAN_POINT ( 'NONE',  ( -0.3500000000000001443, 0.000000000000000000, -0.1250000000000076328 ) ) ;
#2881 = VECTOR ( 'NONE', #3121, 1000.000000000000000 ) ;
#2882 = COLOUR_RGB ( '',0.2980392156862745057, 0.2980392156862745057, 0.2980392156862745057 ) ;
#2883 = COLOUR_RGB ( '',0.8313725490196077761, 0.6705882352941175961, 0.1294117647058823373 ) ;
#2884 = DIRECTION ( 'NONE',  ( -0.000000000000000000, -1.000000000000000000, -0.000000000000000000 ) ) ;
#2885 = UNCERTAINTY_MEASURE_WITH_UNIT (LENGTH_MEASURE( 1.000000000000000082E-05 ), #667, 'distance_accuracy_value', 'NONE');
#2886 = VECTOR ( 'NONE', #1596, 1000.000000000000000 ) ;
#2887 = PLANE ( 'NONE',  #3430 ) ;
#2888 = ORIENTED_EDGE ( 'NONE', *, *, #2933, .T. ) ;
#2889 = STYLED_ITEM ( 'NONE', ( #2300 ), #867 ) ;
#2890 = SURFACE_STYLE_FILL_AREA ( #217 ) ;
#2891 =( NAMED_UNIT ( * ) PLANE_ANGLE_UNIT ( ) SI_UNIT ( $, .RADIAN. ) );
#2892 = CARTESIAN_POINT ( 'NONE',  ( 0.3500000000000000333, 0.000000000000000000, 0.1249999999999998890 ) ) ;
#2893 = FACE_OUTER_BOUND ( 'NONE', #962, .T. ) ;
#2894 = SURFACE_STYLE_USAGE ( .BOTH. , #3785 ) ;
#2895 = ORIENTED_EDGE ( 'NONE', *, *, #2908, .T. ) ;
#2896 =( GEOMETRIC_REPRESENTATION_CONTEXT ( 3 ) GLOBAL_UNCERTAINTY_ASSIGNED_CONTEXT ( ( #1293 ) ) GLOBAL_UNIT_ASSIGNED_CONTEXT ( ( #171, #2340, #1377 ) ) REPRESENTATION_CONTEXT ( 'NONE', 'WORKASPACE' ) );
#2897 = FACE_OUTER_BOUND ( 'NONE', #3637, .T. ) ;
#2898 = CARTESIAN_POINT ( 'NONE',  ( 0.1499999999999997446, 0.000000000000000000, 0.4499999999999965139 ) ) ;
#2899 = DIRECTION ( 'NONE',  ( -0.000000000000000000, -1.000000000000000000, -0.000000000000000000 ) ) ;
#2900 = EDGE_LOOP ( 'NONE', ( #1298, #3318, #1117, #3627 ) ) ;
#2901 = FILL_AREA_STYLE_COLOUR ( '', #1375 ) ;
#2902 = COLOUR_RGB ( '',0.2980392156862745057, 0.2980392156862745057, 0.2980392156862745057 ) ;
#2903 = CARTESIAN_POINT ( 'NONE',  ( 0.7100000000000004086, 0.2000000000000000111, 0.5099999999999993427 ) ) ;
#2904 = ADVANCED_FACE ( 'NONE', ( #2015 ), #1412, .T. ) ;
#2905 = VERTEX_POINT ( 'NONE', #1452 ) ;
#2906 =( NAMED_UNIT ( * ) SI_UNIT ( $, .STERADIAN. ) SOLID_ANGLE_UNIT ( ) );
#2907 = ADVANCED_FACE ( 'NONE', ( #2353 ), #2961, .T. ) ;
#2908 = EDGE_CURVE ( 'NONE', #1572, #3458, #1291, .T. ) ;
#2909 =( NAMED_UNIT ( * ) PLANE_ANGLE_UNIT ( ) SI_UNIT ( $, .RADIAN. ) );
#2910 = ORIENTED_EDGE ( 'NONE', *, *, #1693, .F. ) ;
#2911 =( NAMED_UNIT ( * ) SI_UNIT ( $, .STERADIAN. ) SOLID_ANGLE_UNIT ( ) );
#2912 =( LENGTH_UNIT ( ) NAMED_UNIT ( * ) SI_UNIT ( .MILLI., .METRE. ) );
#2913 = SURFACE_STYLE_USAGE ( .BOTH. , #2643 ) ;
#2914 = FILL_AREA_STYLE ('',( #1133 ) ) ;
#2915 = ORIENTED_EDGE ( 'NONE', *, *, #3445, .F. ) ;
#2916 = UNCERTAINTY_MEASURE_WITH_UNIT (LENGTH_MEASURE( 1.000000000000000082E-05 ), #2555, 'distance_accuracy_value', 'NONE');
#2917 =( LENGTH_UNIT ( ) NAMED_UNIT ( * ) SI_UNIT ( .MILLI., .METRE. ) );
#2918 = CARTESIAN_POINT ( 'NONE',  ( 0.6500000000000001332, 0.2000000000000000111, 0.1250000000000044686 ) ) ;
#2919 = SURFACE_SIDE_STYLE ('',( #3826 ) ) ;
#2920 = FACE_OUTER_BOUND ( 'NONE', #3005, .T. ) ;
#2921 = LINE ( 'NONE', #850, #3017 ) ;
#2922 = CARTESIAN_POINT ( 'NONE',  ( -0.6099999999999995426, 0.2500000000000000000, -0.4100000000000001421 ) ) ;
#2923 = CARTESIAN_POINT ( 'NONE',  ( -0.3499999999999998113, 0.1999999999999999833, 0.2999999999999975464 ) ) ;
#2924 = ORIENTED_EDGE ( 'NONE', *, *, #2345, .T. ) ;
#2925 = SURFACE_STYLE_USAGE ( .BOTH. , #2024 ) ;
#2926 = LINE ( 'NONE', #1786, #3897 ) ;
#2927 = ORIENTED_EDGE ( 'NONE', *, *, #3511, .T. ) ;
#2928 = UNCERTAINTY_MEASURE_WITH_UNIT (LENGTH_MEASURE( 1.000000000000000082E-05 ), #796, 'distance_accuracy_value', 'NONE');
#2929 = DIRECTION ( 'NONE',  ( 3.969847954639077974E-14, 0.000000000000000000, -1.000000000000000000 ) ) ;
#2930 = FILL_AREA_STYLE ('',( #1730 ) ) ;
#2931 = ORIENTED_EDGE ( 'NONE', *, *, #120, .F. ) ;
#2932 =( GEOMETRIC_REPRESENTATION_CONTEXT ( 3 ) GLOBAL_UNCERTAINTY_ASSIGNED_CONTEXT ( ( #1115 ) ) GLOBAL_UNIT_ASSIGNED_CONTEXT ( ( #32, #717, #1932 ) ) REPRESENTATION_CONTEXT ( 'NONE', 'WORKASPACE' ) );
#2933 = EDGE_CURVE ( 'NONE', #3011, #24, #332, .T. ) ;
#2934 = DIRECTION ( 'NONE',  ( -8.886903053159876229E-17, 0.000000000000000000, 1.000000000000000000 ) ) ;
#2935 = VECTOR ( 'NONE', #792, 1000.000000000000000 ) ;
#2936 = PRESENTATION_STYLE_ASSIGNMENT (( #1717 ) ) ;
#2937 = ORIENTED_EDGE ( 'NONE', *, *, #2727, .T. ) ;
#2938 = UNCERTAINTY_MEASURE_WITH_UNIT (LENGTH_MEASURE( 1.000000000000000082E-05 ), #2651, 'distance_accuracy_value', 'NONE');
#2939 = SURFACE_STYLE_FILL_AREA ( #2078 ) ;
#2940 =( GEOMETRIC_REPRESENTATION_CONTEXT ( 3 ) GLOBAL_UNCERTAINTY_ASSIGNED_CONTEXT ( ( #261 ) ) GLOBAL_UNIT_ASSIGNED_CONTEXT ( ( #3856, #554, #1118 ) ) REPRESENTATION_CONTEXT ( 'NONE', 'WORKASPACE' ) );
#2941 = VECTOR ( 'NONE', #2107, 1000.000000000000000 ) ;
#2942 = CARTESIAN_POINT ( 'NONE',  ( 0.3500000000000000333, 0.000000000000000000, -0.1250000000000004996 ) ) ;
#2943 = VECTOR ( 'NONE', #126, 1000.000000000000000 ) ;
#2944 = VECTOR ( 'NONE', #2664, 1000.000000000000000 ) ;
#2945 = MECHANICAL_DESIGN_GEOMETRIC_PRESENTATION_REPRESENTATION (  '', ( #3078 ), #420 ) ;
#2946 = VECTOR ( 'NONE', #1940, 1000.000000000000000 ) ;
#2947 = DIRECTION ( 'NONE',  ( 0.000000000000000000, 0.000000000000000000, 1.000000000000000000 ) ) ;
#2948 = CARTESIAN_POINT ( 'NONE',  ( -0.1499999999999999667, 0.6422951503238740756, 0.1249999999999963918 ) ) ;
#2949 = SURFACE_STYLE_USAGE ( .BOTH. , #1214 ) ;
#2950 = DIRECTION ( 'NONE',  ( -0.000000000000000000, -1.000000000000000000, -0.000000000000000000 ) ) ;
#2951 = AXIS2_PLACEMENT_3D ( 'NONE', #487, #3824, #2565 ) ;
#2952 = PRESENTATION_LAYER_ASSIGNMENT (  '', '', ( #3355 ) ) ;
#2953 = PRESENTATION_LAYER_ASSIGNMENT (  '', '', ( #361 ) ) ;
#2954 = ORIENTED_EDGE ( 'NONE', *, *, #3890, .F. ) ;
#2955 = MECHANICAL_DESIGN_GEOMETRIC_PRESENTATION_REPRESENTATION (  '', ( #2889 ), #2263 ) ;
#2956 = CARTESIAN_POINT ( 'NONE',  ( 0.6500000000000001332, 0.000000000000000000, 0.4500000000000044520 ) ) ;
#2957 = SURFACE_STYLE_USAGE ( .BOTH. , #518 ) ;
#2958 = VERTEX_POINT ( 'NONE', #2150 ) ;
#2959 = PRESENTATION_STYLE_ASSIGNMENT (( #825 ) ) ;
#2960 = DIRECTION ( 'NONE',  ( 1.000000000000000000, 0.000000000000000000, -5.421010862427525128E-16 ) ) ;
#2961 = PLANE ( 'NONE',  #1868 ) ;
#2962 = ADVANCED_FACE ( 'NONE', ( #2461 ), #80, .F. ) ;
#2963 = DIRECTION ( 'NONE',  ( -1.000000000000000000, 0.000000000000000000, 2.891205793294678326E-16 ) ) ;
#2965 = ADVANCED_FACE ( 'NONE', ( #3376 ), #920, .T. ) ;
#2964 = ORIENTED_EDGE ( 'NONE', *, *, #642, .T. ) ;
#2966 = PRESENTATION_LAYER_ASSIGNMENT (  '', '', ( #758 ) ) ;
#2967 = SURFACE_STYLE_USAGE ( .BOTH. , #1738 ) ;
#2968 = SURFACE_STYLE_FILL_AREA ( #300 ) ;
#2969 = MECHANICAL_DESIGN_GEOMETRIC_PRESENTATION_REPRESENTATION (  '', ( #2022 ), #2275 ) ;
#2970 =( LENGTH_UNIT ( ) NAMED_UNIT ( * ) SI_UNIT ( .MILLI., .METRE. ) );
#2971 = CARTESIAN_POINT ( 'NONE',  ( -0.5000000000000002220, 0.000000000000000000, 0.4499999999999965139 ) ) ;
#2972 = LINE ( 'NONE', #2652, #2055 ) ;
#2973 = CARTESIAN_POINT ( 'NONE',  ( -0.7099999999999996314, 0.2500000000000000000, 0.5099999999999997868 ) ) ;
#2974 = ORIENTED_EDGE ( 'NONE', *, *, #3346, .T. ) ;
#2975 =( NAMED_UNIT ( * ) SI_UNIT ( $, .STERADIAN. ) SOLID_ANGLE_UNIT ( ) );
#2976 = VERTEX_POINT ( 'NONE', #3854 ) ;
#2977 = PRESENTATION_LAYER_ASSIGNMENT (  '', '', ( #579 ) ) ;
#2978 = DIRECTION ( 'NONE',  ( 0.000000000000000000, -1.000000000000000000, 0.000000000000000000 ) ) ;
#2979 = CARTESIAN_POINT ( 'NONE',  ( 0.000000000000000000, 0.2000000000000000111, 0.000000000000000000 ) ) ;
#2980 = FACE_OUTER_BOUND ( 'NONE', #900, .T. ) ;
#2981 = ORIENTED_EDGE ( 'NONE', *, *, #3060, .F. ) ;
#2982 = SURFACE_STYLE_USAGE ( .BOTH. , #1137 ) ;
#2983 = LINE ( 'NONE', #223, #1820 ) ;
#2984 = FACE_OUTER_BOUND ( 'NONE', #2179, .T. ) ;
#2985 = FILL_AREA_STYLE ('',( #3598 ) ) ;
#2986 = EDGE_LOOP ( 'NONE', ( #524, #233, #1152, #2043 ) ) ;
#2987 = CARTESIAN_POINT ( 'NONE',  ( -0.3499999999999998113, 0.6422951503238740756, 0.2999999999999975464 ) ) ;
#2988 =( NAMED_UNIT ( * ) PLANE_ANGLE_UNIT ( ) SI_UNIT ( $, .RADIAN. ) );
#2989 = DIRECTION ( 'NONE',  ( 0.000000000000000000, -0.000000000000000000, -1.000000000000000000 ) ) ;
#2990 = CARTESIAN_POINT ( 'NONE',  ( 0.1499999999999998557, 0.000000000000000000, -0.1250000000000041633 ) ) ;
#2991 = EDGE_CURVE ( 'NONE', #3458, #1605, #1139, .T. ) ;
#2992 = SURFACE_STYLE_FILL_AREA ( #1216 ) ;
#2993 = VERTEX_POINT ( 'NONE', #2923 ) ;
#2994 = UNCERTAINTY_MEASURE_WITH_UNIT (LENGTH_MEASURE( 1.000000000000000082E-05 ), #1029, 'distance_accuracy_value', 'NONE');
#2995 =( LENGTH_UNIT ( ) NAMED_UNIT ( * ) SI_UNIT ( .MILLI., .METRE. ) );
#2996 = PRESENTATION_STYLE_ASSIGNMENT (( #3839 ) ) ;
#2997 = DIRECTION ( 'NONE',  ( -1.000000000000000000, 0.000000000000000000, -2.457524924300477559E-14 ) ) ;
#2998 = CARTESIAN_POINT ( 'NONE',  ( -0.5000000000000002220, 0.000000000000000000, 0.4499999999999965139 ) ) ;
#2999 = ORIENTED_EDGE ( 'NONE', *, *, #1405, .T. ) ;
#3000 = PRESENTATION_LAYER_ASSIGNMENT (  '', '', ( #3646 ) ) ;
#3001 = DIRECTION ( 'NONE',  ( 5.421010862427525128E-16, 0.000000000000000000, 1.000000000000000000 ) ) ;
#3002 =( NAMED_UNIT ( * ) SI_UNIT ( $, .STERADIAN. ) SOLID_ANGLE_UNIT ( ) );
#3003 = PRESENTATION_LAYER_ASSIGNMENT (  '', '', ( #1871 ) ) ;
#3004 = LINE ( 'NONE', #990, #1088 ) ;
#3005 = EDGE_LOOP ( 'NONE', ( #634, #3866, #63, #2427, #2822 ) ) ;
#3006 = VECTOR ( 'NONE', #607, 1000.000000000000000 ) ;
#3007 = CARTESIAN_POINT ( 'NONE',  ( -0.4199999999999999845, 0.4500000000000000111, 0.2500000000000000000 ) ) ;
#3008 = PRESENTATION_LAYER_ASSIGNMENT (  '', '', ( #182 ) ) ;
#3009 = LINE ( 'NONE', #2117, #2813 ) ;
#3010 = COLOUR_RGB ( '',0.2980392156862745057, 0.2980392156862745057, 0.2980392156862745057 ) ;
#3011 = VERTEX_POINT ( 'NONE', #3560 ) ;
#3012 = EDGE_CURVE ( 'NONE', #3283, #3619, #529, .T. ) ;
#3013 = EDGE_CURVE ( 'NONE', #1759, #1919, #1263, .T. ) ;
#3014 = VECTOR ( 'NONE', #189, 1000.000000000000000 ) ;
#3015 = DIRECTION ( 'NONE',  ( -5.421010862427524142E-16, 0.000000000000000000, 1.000000000000000000 ) ) ;
#3016 = PRESENTATION_LAYER_ASSIGNMENT (  '', '', ( #2889 ) ) ;
#3017 = VECTOR ( 'NONE', #3277, 1000.000000000000000 ) ;
#3018 = ORIENTED_EDGE ( 'NONE', *, *, #3584, .F. ) ;
#3019 = SURFACE_SIDE_STYLE ('',( #905 ) ) ;
#3020 = ORIENTED_EDGE ( 'NONE', *, *, #2219, .F. ) ;
#3021 = DIRECTION ( 'NONE',  ( -1.000000000000000000, 0.000000000000000000, -3.936487887793323590E-14 ) ) ;
#3022 = EDGE_CURVE ( 'NONE', #640, #2615, #2814, .T. ) ;
#3023 = CARTESIAN_POINT ( 'NONE',  ( -0.1499999999999999667, 0.6422951503238740756, -0.1250000000000039968 ) ) ;
#3024 = ORIENTED_EDGE ( 'NONE', *, *, #2135, .F. ) ;
#3025 =( NAMED_UNIT ( * ) PLANE_ANGLE_UNIT ( ) SI_UNIT ( $, .RADIAN. ) );
#3026 = LINE ( 'NONE', #2112, #2818 ) ;
#3027 = FILL_AREA_STYLE_COLOUR ( '', #1949 ) ;
#3028 = FILL_AREA_STYLE ('',( #381 ) ) ;
#3029 = VECTOR ( 'NONE', #3908, 1000.000000000000000 ) ;
#3030 = EDGE_CURVE ( 'NONE', #861, #1782, #3689, .T. ) ;
#3031 = CARTESIAN_POINT ( 'NONE',  ( -0.3499999999999872657, 0.6422951503238740756, -0.4500000000000202172 ) ) ;
#3032 = ORIENTED_EDGE ( 'NONE', *, *, #3328, .T. ) ;
#3033 = PLANE ( 'NONE',  #1649 ) ;
#3034 = STYLED_ITEM ( 'NONE', ( #2006 ), #1521 ) ;
#3035 = ADVANCED_FACE ( 'NONE', ( #2163 ), #3745, .F. ) ;
#3036 = EDGE_CURVE ( 'NONE', #1789, #3765, #639, .T. ) ;
#3037 = CARTESIAN_POINT ( 'NONE',  ( -0.6499999999999871436, 0.000000000000000000, -0.4500000000000240474 ) ) ;
#3038 = EDGE_LOOP ( 'NONE', ( #2140, #1130, #2629, #1321, #1448 ) ) ;
#3039 = CARTESIAN_POINT ( 'NONE',  ( -0.1499999999999999667, 0.2000000000000000111, -0.1250000000000039968 ) ) ;
#3040 = PLANE ( 'NONE',  #603 ) ;
#3041 = FILL_AREA_STYLE ('',( #2449 ) ) ;
#3042 = CARTESIAN_POINT ( 'NONE',  ( -0.3500000000000001443, 0.2000000000000000111, -0.1250000000000076328 ) ) ;
#3043 = DIRECTION ( 'NONE',  ( -3.936487887793323590E-14, 0.000000000000000000, 1.000000000000000000 ) ) ;
#3044 = VERTEX_POINT ( 'NONE', #2210 ) ;
#3045 = DIRECTION ( 'NONE',  ( 0.000000000000000000, -1.000000000000000000, 0.000000000000000000 ) ) ;
#3046 = PRESENTATION_STYLE_ASSIGNMENT (( #3737 ) ) ;
#3047 = DIRECTION ( 'NONE',  ( -1.000000000000000000, 0.000000000000000000, -5.004010026856175145E-16 ) ) ;
#3048 = FILL_AREA_STYLE ('',( #1848 ) ) ;
#3049 = EDGE_LOOP ( 'NONE', ( #2224, #3367, #2407, #2075 ) ) ;
#3050 = DIRECTION ( 'NONE',  ( 0.000000000000000000, -0.000000000000000000, 1.000000000000000000 ) ) ;
#3051 =( NAMED_UNIT ( * ) PLANE_ANGLE_UNIT ( ) SI_UNIT ( $, .RADIAN. ) );
#3052 = ORIENTED_EDGE ( 'NONE', *, *, #860, .F. ) ;
#3053 = FACE_OUTER_BOUND ( 'NONE', #3342, .T. ) ;
#3054 = DIRECTION ( 'NONE',  ( 0.000000000000000000, -1.000000000000000000, 0.000000000000000000 ) ) ;
#3055 = FACE_OUTER_BOUND ( 'NONE', #662, .T. ) ;
#3056 =( NAMED_UNIT ( * ) SI_UNIT ( $, .STERADIAN. ) SOLID_ANGLE_UNIT ( ) );
#3057 = LINE ( 'NONE', #1292, #996 ) ;
#3058 = ORIENTED_EDGE ( 'NONE', *, *, #152, .T. ) ;
#3059 = PRESENTATION_STYLE_ASSIGNMENT (( #907 ) ) ;
#3060 = EDGE_CURVE ( 'NONE', #2491, #3283, #1852, .T. ) ;
#3061 = PLANE ( 'NONE',  #1622 ) ;
#3062 =( LENGTH_UNIT ( ) NAMED_UNIT ( * ) SI_UNIT ( .MILLI., .METRE. ) );
#3063 = SURFACE_SIDE_STYLE ('',( #3340 ) ) ;
#3064 = SURFACE_SIDE_STYLE ('',( #3384 ) ) ;
#3065 = ORIENTED_EDGE ( 'NONE', *, *, #656, .T. ) ;
#3066 = DIRECTION ( 'NONE',  ( 1.858632295689388277E-15, -0.000000000000000000, 1.000000000000000000 ) ) ;
#3067 = VECTOR ( 'NONE', #941, 1000.000000000000000 ) ;
#3068 = DIRECTION ( 'NONE',  ( -3.969847954639077974E-14, 0.000000000000000000, 1.000000000000000000 ) ) ;
#3069 = VECTOR ( 'NONE', #3526, 1000.000000000000000 ) ;
#3070 = ORIENTED_EDGE ( 'NONE', *, *, #2727, .F. ) ;
#3071 = MECHANICAL_DESIGN_GEOMETRIC_PRESENTATION_REPRESENTATION (  '', ( #2686 ), #2494 ) ;
#3072 = SURFACE_STYLE_USAGE ( .BOTH. , #1952 ) ;
#3073 = DIRECTION ( 'NONE',  ( -0.000000000000000000, -1.000000000000000000, -0.000000000000000000 ) ) ;
#3074 = VECTOR ( 'NONE', #3054, 1000.000000000000000 ) ;
#3075 = CARTESIAN_POINT ( 'NONE',  ( -0.4199999999999999845, 0.4299999999999999933, 0.2500000000000000000 ) ) ;
#3076 = COLOUR_RGB ( '',0.2980392156862745057, 0.2980392156862745057, 0.2980392156862745057 ) ;
#3077 = MECHANICAL_DESIGN_GEOMETRIC_PRESENTATION_REPRESENTATION (  '', ( #2628 ), #3210 ) ;
#3078 = STYLED_ITEM ( 'NONE', ( #2959 ), #2328 ) ;
#3079 = ORIENTED_EDGE ( 'NONE', *, *, #194, .F. ) ;
#3080 = VECTOR ( 'NONE', #1568, 1000.000000000000000 ) ;
#3081 = VECTOR ( 'NONE', #1723, 1000.000000000000000 ) ;
#3082 = VECTOR ( 'NONE', #955, 1000.000000000000000 ) ;
#3083 = FILL_AREA_STYLE ('',( #1222 ) ) ;
#3084 = LINE ( 'NONE', #2821, #1943 ) ;
#3085 = ORIENTED_EDGE ( 'NONE', *, *, #1729, .F. ) ;
#3086 = MECHANICAL_DESIGN_GEOMETRIC_PRESENTATION_REPRESENTATION (  '', ( #489 ), #936 ) ;
#3087 = FACE_OUTER_BOUND ( 'NONE', #3049, .T. ) ;
#3088 = PRESENTATION_LAYER_ASSIGNMENT (  '', '', ( #1261 ) ) ;
#3089 = LINE ( 'NONE', #2430, #1808 ) ;
#3090 = ADVANCED_FACE ( 'NONE', ( #419 ), #676, .F. ) ;
#3091 = UNCERTAINTY_MEASURE_WITH_UNIT (LENGTH_MEASURE( 1.000000000000000082E-05 ), #2782, 'distance_accuracy_value', 'NONE');
#3092 = ADVANCED_FACE ( 'NONE', ( #3719 ), #3124, .F. ) ;
#3093 = DIRECTION ( 'NONE',  ( 0.000000000000000000, 0.000000000000000000, 1.000000000000000000 ) ) ;
#3094 = SURFACE_SIDE_STYLE ('',( #2527 ) ) ;
#3095 = ORIENTED_EDGE ( 'NONE', *, *, #356, .F. ) ;
#3096 = CARTESIAN_POINT ( 'NONE',  ( 0.6500000000000127898, 0.000000000000000000, -0.4500000000000132228 ) ) ;
#3097 = DIRECTION ( 'NONE',  ( -0.000000000000000000, -1.000000000000000000, -0.000000000000000000 ) ) ;
#3098 = ORIENTED_EDGE ( 'NONE', *, *, #1567, .F. ) ;
#3099 = VECTOR ( 'NONE', #1086, 1000.000000000000114 ) ;
#3100 = CARTESIAN_POINT ( 'NONE',  ( -0.1499999999999999667, 0.1999999999999999833, -0.1250000000000039968 ) ) ;
#3101 = SURFACE_STYLE_USAGE ( .BOTH. , #1416 ) ;
#3102 = CARTESIAN_POINT ( 'NONE',  ( 0.3500000000000128564, 0.2000000000000000111, -0.4500000000000170530 ) ) ;
#3103 = VECTOR ( 'NONE', #101, 1000.000000000000000 ) ;
#3104 =( GEOMETRIC_REPRESENTATION_CONTEXT ( 3 ) GLOBAL_UNCERTAINTY_ASSIGNED_CONTEXT ( ( #3549 ) ) GLOBAL_UNIT_ASSIGNED_CONTEXT ( ( #2534, #3686, #2181 ) ) REPRESENTATION_CONTEXT ( 'NONE', 'WORKASPACE' ) );
#3105 = CARTESIAN_POINT ( 'NONE',  ( 0.000000000000000000, 0.000000000000000000, 0.000000000000000000 ) ) ;
#3106 = SURFACE_STYLE_FILL_AREA ( #3083 ) ;
#3107 = DIRECTION ( 'NONE',  ( -0.000000000000000000, -1.000000000000000000, -0.000000000000000000 ) ) ;
#3108 = UNCERTAINTY_MEASURE_WITH_UNIT (LENGTH_MEASURE( 1.000000000000000082E-05 ), #2178, 'distance_accuracy_value', 'NONE');
#3109 = ORIENTED_EDGE ( 'NONE', *, *, #2307, .F. ) ;
#3110 = SURFACE_STYLE_FILL_AREA ( #335 ) ;
#3111 = LINE ( 'NONE', #1251, #2259 ) ;
#3112 = FILL_AREA_STYLE_COLOUR ( '', #1963 ) ;
#3113 = ORIENTED_EDGE ( 'NONE', *, *, #2624, .F. ) ;
#3114 = CARTESIAN_POINT ( 'NONE',  ( -0.4199999999999999845, 0.4500000000000000111, 0.3250000000000000666 ) ) ;
#3115 = LINE ( 'NONE', #50, #1129 ) ;
#3116 = SURFACE_STYLE_FILL_AREA ( #1359 ) ;
#3117 = VECTOR ( 'NONE', #162, 1000.000000000000000 ) ;
#3118 = SURFACE_STYLE_USAGE ( .BOTH. , #1017 ) ;
#3119 = ORIENTED_EDGE ( 'NONE', *, *, #389, .F. ) ;
#3120 =( LENGTH_UNIT ( ) NAMED_UNIT ( * ) SI_UNIT ( .MILLI., .METRE. ) );
#3121 = DIRECTION ( 'NONE',  ( 5.004010026856174159E-16, 0.000000000000000000, -1.000000000000000000 ) ) ;
#3122 = ADVANCED_FACE ( 'NONE', ( #2266 ), #2611, .F. ) ;
#3123 =( NAMED_UNIT ( * ) SI_UNIT ( $, .STERADIAN. ) SOLID_ANGLE_UNIT ( ) );
#3124 = PLANE ( 'NONE',  #413 ) ;
#3125 = CARTESIAN_POINT ( 'NONE',  ( -0.4199999999999999845, 0.4500000000000000111, 0.2500000000000000000 ) ) ;
#3126 = UNCERTAINTY_MEASURE_WITH_UNIT (LENGTH_MEASURE( 1.000000000000000082E-05 ), #2780, 'distance_accuracy_value', 'NONE');
#3127 = LINE ( 'NONE', #1656, #190 ) ;
#3128 = LINE ( 'NONE', #1586, #3907 ) ;
#3129 = ORIENTED_EDGE ( 'NONE', *, *, #511, .F. ) ;
#3130 = DIRECTION ( 'NONE',  ( 3.969847954639077974E-14, 0.000000000000000000, -1.000000000000000000 ) ) ;
#3131 = SURFACE_STYLE_USAGE ( .BOTH. , #1545 ) ;
#3132 = CARTESIAN_POINT ( 'NONE',  ( 0.6500000000000001332, 0.1999999999999999833, 0.4500000000000044520 ) ) ;
#3133 = ORIENTED_EDGE ( 'NONE', *, *, #3522, .T. ) ;
#3134 = ORIENTED_EDGE ( 'NONE', *, *, #926, .T. ) ;
#3135 = CARTESIAN_POINT ( 'NONE',  ( 0.1499999999999997446, 0.6422951503238740756, 0.4499999999999965139 ) ) ;
#3136 = DIRECTION ( 'NONE',  ( 0.7071067811865442421, -0.000000000000000000, 0.7071067811865509034 ) ) ;
#3137 = CARTESIAN_POINT ( 'NONE',  ( -0.3499999999999998113, 0.1999999999999999833, 0.2999999999999975464 ) ) ;
#3138 = CARTESIAN_POINT ( 'NONE',  ( -0.6099999999999995426, 0.4500000000000000111, -0.4100000000000001421 ) ) ;
#3139 = LINE ( 'NONE', #3167, #3287 ) ;
#3140 = MECHANICAL_DESIGN_GEOMETRIC_PRESENTATION_REPRESENTATION (  '', ( #3529 ), #1803 ) ;
#3141 = CARTESIAN_POINT ( 'NONE',  ( -0.6499999999999871436, 0.000000000000000000, -0.4500000000000240474 ) ) ;
#3142 = EDGE_CURVE ( 'NONE', #3324, #504, #855, .T. ) ;
#3143 = ADVANCED_FACE ( 'NONE', ( #228 ), #884, .F. ) ;
#3144 =( GEOMETRIC_REPRESENTATION_CONTEXT ( 3 ) GLOBAL_UNCERTAINTY_ASSIGNED_CONTEXT ( ( #3591 ) ) GLOBAL_UNIT_ASSIGNED_CONTEXT ( ( #273, #960, #3123 ) ) REPRESENTATION_CONTEXT ( 'NONE', 'WORKASPACE' ) );
#3145 = COLOUR_RGB ( '',0.8313725490196077761, 0.6705882352941175961, 0.1294117647058823373 ) ;
#3146 = FILL_AREA_STYLE_COLOUR ( '', #868 ) ;
#3147 = LINE ( 'NONE', #442, #1259 ) ;
#3148 = STYLED_ITEM ( 'NONE', ( #3628 ), #2431 ) ;
#3149 = AXIS2_PLACEMENT_3D ( 'NONE', #2621, #3840, #3238 ) ;
#3150 = CARTESIAN_POINT ( 'NONE',  ( -0.3499999999999872657, 0.2000000000000000111, -0.4500000000000202172 ) ) ;
#3151 = ORIENTED_EDGE ( 'NONE', *, *, #3445, .T. ) ;
#3152 = VECTOR ( 'NONE', #1097, 1000.000000000000000 ) ;
#3153 = MECHANICAL_DESIGN_GEOMETRIC_PRESENTATION_REPRESENTATION (  '', ( #3158 ), #1573 ) ;
#3154 = VECTOR ( 'NONE', #154, 1000.000000000000000 ) ;
#3155 = CARTESIAN_POINT ( 'NONE',  ( 0.1500000000000127620, 0.000000000000000000, -0.4500000000000166644 ) ) ;
#3156 = VECTOR ( 'NONE', #482, 1000.000000000000000 ) ;
#3157 =( NAMED_UNIT ( * ) SI_UNIT ( $, .STERADIAN. ) SOLID_ANGLE_UNIT ( ) );
#3158 = STYLED_ITEM ( 'NONE', ( #1324 ), #2496 ) ;
#3159 = PRESENTATION_STYLE_ASSIGNMENT (( #3796 ) ) ;
#3160 = DIRECTION ( 'NONE',  ( -1.000000000000000000, 0.000000000000000000, 4.251773225433353119E-16 ) ) ;
#3161 = DIRECTION ( 'NONE',  ( -0.000000000000000000, -1.000000000000000000, -0.000000000000000000 ) ) ;
#3162 = UNCERTAINTY_MEASURE_WITH_UNIT (LENGTH_MEASURE( 1.000000000000000082E-05 ), #211, 'distance_accuracy_value', 'NONE');
#3163 = VERTEX_POINT ( 'NONE', #2085 ) ;
#3164 = UNCERTAINTY_MEASURE_WITH_UNIT (LENGTH_MEASURE( 1.000000000000000082E-05 ), #2594, 'distance_accuracy_value', 'NONE');
#3165 = PRESENTATION_STYLE_ASSIGNMENT (( #3820 ) ) ;
#3166 = CARTESIAN_POINT ( 'NONE',  ( -0.4199999999999999845, 0.4299999999999999933, 0.1749999999999999611 ) ) ;
#3167 = CARTESIAN_POINT ( 'NONE',  ( 0.1500000000000127620, 0.2000000000000000111, -0.4500000000000166644 ) ) ;
#3168 = EDGE_CURVE ( 'NONE', #1522, #3735, #3009, .T. ) ;
#3169 = MECHANICAL_DESIGN_GEOMETRIC_PRESENTATION_REPRESENTATION (  '', ( #1463 ), #1959 ) ;
#3170 = DIRECTION ( 'NONE',  ( -0.000000000000000000, -1.000000000000000000, -0.000000000000000000 ) ) ;
#3171 = FILL_AREA_STYLE ('',( #1956 ) ) ;
#3172 = SURFACE_STYLE_USAGE ( .BOTH. , #3494 ) ;
#3173 =( GEOMETRIC_REPRESENTATION_CONTEXT ( 3 ) GLOBAL_UNCERTAINTY_ASSIGNED_CONTEXT ( ( #2928 ) ) GLOBAL_UNIT_ASSIGNED_CONTEXT ( ( #796, #2909, #270 ) ) REPRESENTATION_CONTEXT ( 'NONE', 'WORKASPACE' ) );
#3174 =( LENGTH_UNIT ( ) NAMED_UNIT ( * ) SI_UNIT ( .MILLI., .METRE. ) );
#3175 = VERTEX_POINT ( 'NONE', #1496 ) ;
#3176 = COLOUR_RGB ( '',0.8313725490196077761, 0.6705882352941175961, 0.1294117647058823373 ) ;
#3177 = ADVANCED_FACE ( 'NONE', ( #2689 ), #1158, .F. ) ;
#3178 =( GEOMETRIC_REPRESENTATION_CONTEXT ( 3 ) GLOBAL_UNCERTAINTY_ASSIGNED_CONTEXT ( ( #1704 ) ) GLOBAL_UNIT_ASSIGNED_CONTEXT ( ( #3857, #591, #1481 ) ) REPRESENTATION_CONTEXT ( 'NONE', 'WORKASPACE' ) );
#3179 = FILL_AREA_STYLE ('',( #1961 ) ) ;
#3180 = ORIENTED_EDGE ( 'NONE', *, *, #1595, .F. ) ;
#3181 = EDGE_CURVE ( 'NONE', #1145, #1522, #3888, .T. ) ;
#3182 =( LENGTH_UNIT ( ) NAMED_UNIT ( * ) SI_UNIT ( .MILLI., .METRE. ) );
#3183 = CARTESIAN_POINT ( 'NONE',  ( 0.3500000000000000333, 0.000000000000000000, 0.4500000000000023426 ) ) ;
#3184 = DIRECTION ( 'NONE',  ( 0.000000000000000000, -1.000000000000000000, 0.000000000000000000 ) ) ;
#3185 = CARTESIAN_POINT ( 'NONE',  ( -0.1499999999999999667, 0.2000000000000000111, -0.1250000000000039968 ) ) ;
#3186 = VERTEX_POINT ( 'NONE', #3776 ) ;
#3187 = FILL_AREA_STYLE_COLOUR ( '', #3176 ) ;
#3188 = LINE ( 'NONE', #3138, #1497 ) ;
#3189 = SURFACE_STYLE_USAGE ( .BOTH. , #3829 ) ;
#3190 = FACE_OUTER_BOUND ( 'NONE', #1220, .T. ) ;
#3191 = DIRECTION ( 'NONE',  ( 0.000000000000000000, 1.000000000000000000, 0.000000000000000000 ) ) ;
#3192 = VERTEX_POINT ( 'NONE', #2811 ) ;
#3193 = LINE ( 'NONE', #2823, #3117 ) ;
#3194 =( NAMED_UNIT ( * ) PLANE_ANGLE_UNIT ( ) SI_UNIT ( $, .RADIAN. ) );
#3195 = FILL_AREA_STYLE ('',( #1335 ) ) ;
#3197 = EDGE_CURVE ( 'NONE', #613, #885, #1063, .T. ) ;
#3196 = ORIENTED_EDGE ( 'NONE', *, *, #2550, .F. ) ;
#3198 = UNCERTAINTY_MEASURE_WITH_UNIT (LENGTH_MEASURE( 1.000000000000000082E-05 ), #1022, 'distance_accuracy_value', 'NONE');
#3199 = CARTESIAN_POINT ( 'NONE',  ( 0.000000000000000000, 0.2000000000000000111, 0.000000000000000000 ) ) ;
#3200 = EDGE_CURVE ( 'NONE', #902, #451, #2535, .T. ) ;
#3201 = EDGE_CURVE ( 'NONE', #1337, #2575, #474, .T. ) ;
#3202 = COLOUR_RGB ( '',0.8313725490196077761, 0.6705882352941175961, 0.1294117647058823373 ) ;
#3203 = DIRECTION ( 'NONE',  ( -0.000000000000000000, 1.000000000000000000, 0.000000000000000000 ) ) ;
#3204 = LINE ( 'NONE', #2520, #3156 ) ;
#3205 = ORIENTED_EDGE ( 'NONE', *, *, #311, .T. ) ;
#3206 = AXIS2_PLACEMENT_3D ( 'NONE', #3758, #3136, #732 ) ;
#3207 = DIRECTION ( 'NONE',  ( -0.000000000000000000, -1.000000000000000000, -0.000000000000000000 ) ) ;
#3208 = AXIS2_PLACEMENT_3D ( 'NONE', #1112, #2588, #150 ) ;
#3209 = EDGE_CURVE ( 'NONE', #2743, #1515, #1382, .T. ) ;
#3210 =( GEOMETRIC_REPRESENTATION_CONTEXT ( 3 ) GLOBAL_UNCERTAINTY_ASSIGNED_CONTEXT ( ( #2662 ) ) GLOBAL_UNIT_ASSIGNED_CONTEXT ( ( #2326, #3664, #1850 ) ) REPRESENTATION_CONTEXT ( 'NONE', 'WORKASPACE' ) );
#3211 = MECHANICAL_DESIGN_GEOMETRIC_PRESENTATION_REPRESENTATION (  '', ( #2688 ), #1810 ) ;
#3212 = COLOUR_RGB ( '',0.2980392156862745057, 0.2980392156862745057, 0.2980392156862745057 ) ;
#3213 = CARTESIAN_POINT ( 'NONE',  ( -0.6500000000000000222, 0.000000000000000000, 0.1249999999999928946 ) ) ;
#3214 = DIRECTION ( 'NONE',  ( 0.000000000000000000, 0.000000000000000000, 1.000000000000000000 ) ) ;
#3215 = ORIENTED_EDGE ( 'NONE', *, *, #1338, .T. ) ;
#3216 = ORIENTED_EDGE ( 'NONE', *, *, #3030, .T. ) ;
#3217 = SURFACE_STYLE_USAGE ( .BOTH. , #2278 ) ;
#3218 = COLOUR_RGB ( '',0.8313725490196077761, 0.6705882352941175961, 0.1294117647058823373 ) ;
#3219 =( GEOMETRIC_REPRESENTATION_CONTEXT ( 3 ) GLOBAL_UNCERTAINTY_ASSIGNED_CONTEXT ( ( #734 ) ) GLOBAL_UNIT_ASSIGNED_CONTEXT ( ( #814, #2547, #2312 ) ) REPRESENTATION_CONTEXT ( 'NONE', 'WORKASPACE' ) );
#3220 = PLANE ( 'NONE',  #2394 ) ;
#3221 = CARTESIAN_POINT ( 'NONE',  ( 0.3500000000000128564, 0.6422951503238740756, -0.4500000000000170530 ) ) ;
#3222 = EDGE_CURVE ( 'NONE', #3385, #3163, #2007, .T. ) ;
#3223 = UNCERTAINTY_MEASURE_WITH_UNIT (LENGTH_MEASURE( 1.000000000000000082E-05 ), #3468, 'distance_accuracy_value', 'NONE');
#3224 = EDGE_CURVE ( 'NONE', #574, #1000, #1021, .T. ) ;
#3225 = VECTOR ( 'NONE', #464, 1000.000000000000000 ) ;
#3226 = MECHANICAL_DESIGN_GEOMETRIC_PRESENTATION_REPRESENTATION (  '', ( #1890 ), #1189 ) ;
#3227 = CARTESIAN_POINT ( 'NONE',  ( -0.6500000000000001332, 0.2000000000000000111, 0.4499999999999928502 ) ) ;
#3228 = ORIENTED_EDGE ( 'NONE', *, *, #621, .T. ) ;
#3229 = DIRECTION ( 'NONE',  ( -0.000000000000000000, -1.000000000000000000, -0.000000000000000000 ) ) ;
#3230 = EDGE_CURVE ( 'NONE', #259, #3424, #3188, .T. ) ;
#3231 = SURFACE_SIDE_STYLE ('',( #2866 ) ) ;
#3232 = CARTESIAN_POINT ( 'NONE',  ( 0.1500000000000127620, 0.6422951503238740756, -0.4500000000000166644 ) ) ;
#3233 = ORIENTED_EDGE ( 'NONE', *, *, #1363, .T. ) ;
#3234 = FILL_AREA_STYLE_COLOUR ( '', #2196 ) ;
#3235 = VECTOR ( 'NONE', #3545, 1000.000000000000000 ) ;
#3236 = SURFACE_STYLE_FILL_AREA ( #841 ) ;
#3237 = CARTESIAN_POINT ( 'NONE',  ( 0.1500000000000127620, 0.1999999999999999833, -0.4500000000000166644 ) ) ;
#3238 = DIRECTION ( 'NONE',  ( 0.000000000000000000, -0.000000000000000000, 1.000000000000000000 ) ) ;
#3239 = VERTEX_POINT ( 'NONE', #1691 ) ;
#3240 = PRESENTATION_STYLE_ASSIGNMENT (( #812 ) ) ;
#3241 = CARTESIAN_POINT ( 'NONE',  ( -0.1499999999999999667, 0.000000000000000000, 0.1249999999999963918 ) ) ;
#3242 = PRESENTATION_LAYER_ASSIGNMENT (  '', '', ( #2592 ) ) ;
#3243 = ORIENTED_EDGE ( 'NONE', *, *, #2579, .F. ) ;
#3244 = ORIENTED_EDGE ( 'NONE', *, *, #2787, .T. ) ;
#3245 = EDGE_CURVE ( 'NONE', #1008, #973, #1090, .T. ) ;
#3246 = FILL_AREA_STYLE ('',( #2269 ) ) ;
#3247 = VECTOR ( 'NONE', #3453, 1000.000000000000000 ) ;
#3248 = DIRECTION ( 'NONE',  ( -1.000000000000000000, 0.000000000000000000, -3.936487887793323590E-14 ) ) ;
#3249 = ORIENTED_EDGE ( 'NONE', *, *, #3634, .F. ) ;
#3250 =( NAMED_UNIT ( * ) PLANE_ANGLE_UNIT ( ) SI_UNIT ( $, .RADIAN. ) );
#3251 =( NAMED_UNIT ( * ) SI_UNIT ( $, .STERADIAN. ) SOLID_ANGLE_UNIT ( ) );
#3252 = CARTESIAN_POINT ( 'NONE',  ( -0.5000000000000002220, 0.2000000000000000111, 0.4499999999999965139 ) ) ;
#3253 = VERTEX_POINT ( 'NONE', #3166 ) ;
#3254 = SURFACE_SIDE_STYLE ('',( #846 ) ) ;
#3255 = DIRECTION ( 'NONE',  ( 0.000000000000000000, -1.000000000000000000, 0.000000000000000000 ) ) ;
#3256 = ORIENTED_EDGE ( 'NONE', *, *, #3181, .T. ) ;
#3257 = FILL_AREA_STYLE_COLOUR ( '', #3282 ) ;
#3258 = LINE ( 'NONE', #284, #1469 ) ;
#3259 = VERTEX_POINT ( 'NONE', #199 ) ;
#3260 = FILL_AREA_STYLE_COLOUR ( '', #3617 ) ;
#3261 = EDGE_CURVE ( 'NONE', #1970, #2410, #761, .T. ) ;
#3262 = ADVANCED_FACE ( 'NONE', ( #3743 ), #2834, .T. ) ;
#3263 = ORIENTED_EDGE ( 'NONE', *, *, #169, .F. ) ;
#3264 = SURFACE_SIDE_STYLE ('',( #3236 ) ) ;
#3265 =( NAMED_UNIT ( * ) PLANE_ANGLE_UNIT ( ) SI_UNIT ( $, .RADIAN. ) );
#3266 = VECTOR ( 'NONE', #3762, 1000.000000000000000 ) ;
#3267 = FILL_AREA_STYLE ('',( #1757 ) ) ;
#3268 = PRESENTATION_LAYER_ASSIGNMENT (  '', '', ( #2686 ) ) ;
#3269 = CARTESIAN_POINT ( 'NONE',  ( -0.7499999999999995559, 0.2000000000000000111, 0.5499999999999998224 ) ) ;
#3270 = ORIENTED_EDGE ( 'NONE', *, *, #446, .F. ) ;
#3271 = EDGE_CURVE ( 'NONE', #3239, #1195, #218, .T. ) ;
#3272 = PRESENTATION_STYLE_ASSIGNMENT (( #1512 ) ) ;
#3273 = DIRECTION ( 'NONE',  ( 6.672013369141567189E-16, 0.000000000000000000, -1.000000000000000000 ) ) ;
#3274 = DIRECTION ( 'NONE',  ( -1.000000000000000000, 0.000000000000000000, -3.936487887793324221E-14 ) ) ;
#3275 = PRESENTATION_LAYER_ASSIGNMENT (  '', '', ( #1807 ) ) ;
#3276 =( GEOMETRIC_REPRESENTATION_CONTEXT ( 3 ) GLOBAL_UNCERTAINTY_ASSIGNED_CONTEXT ( ( #2280 ) ) GLOBAL_UNIT_ASSIGNED_CONTEXT ( ( #2, #1638, #118 ) ) REPRESENTATION_CONTEXT ( 'NONE', 'WORKASPACE' ) );
#3277 = DIRECTION ( 'NONE',  ( -0.000000000000000000, -1.000000000000000000, -0.000000000000000000 ) ) ;
#3278 = STYLED_ITEM ( 'NONE', ( #2216 ), #2675 ) ;
#3279 = CARTESIAN_POINT ( 'NONE',  ( -0.1499999999999871714, 0.6422951503238740756, -0.4500000000000205502 ) ) ;
#3280 = FILL_AREA_STYLE_COLOUR ( '', #3212 ) ;
#3281 = AXIS2_PLACEMENT_3D ( 'NONE', #1007, #1857, #1918 ) ;
#3282 = COLOUR_RGB ( '',0.8313725490196077761, 0.6705882352941175961, 0.1294117647058823373 ) ;
#3283 = VERTEX_POINT ( 'NONE', #3310 ) ;
#3284 = COLOUR_RGB ( '',0.2980392156862745057, 0.2980392156862745057, 0.2980392156862745057 ) ;
#3285 = SURFACE_STYLE_FILL_AREA ( #2365 ) ;
#3286 = CARTESIAN_POINT ( 'NONE',  ( -0.4199999999999999845, 0.4299999999999999933, 0.3250000000000000666 ) ) ;
#3287 = VECTOR ( 'NONE', #1896, 1000.000000000000000 ) ;
#3288 = STYLED_ITEM ( 'NONE', ( #3592 ), #1765 ) ;
#3289 = VERTEX_POINT ( 'NONE', #1746 ) ;
#3290 = EDGE_CURVE ( 'NONE', #1187, #517, #2926, .T. ) ;
#3291 = UNCERTAINTY_MEASURE_WITH_UNIT (LENGTH_MEASURE( 1.000000000000000082E-05 ), #544, 'distance_accuracy_value', 'NONE');
#3292 = ORIENTED_EDGE ( 'NONE', *, *, #2495, .F. ) ;
#3293 = PRESENTATION_STYLE_ASSIGNMENT (( #2372 ) ) ;
#3294 = PRESENTATION_STYLE_ASSIGNMENT (( #864 ) ) ;
#3295 = DIRECTION ( 'NONE',  ( -1.000000000000000000, 0.000000000000000000, -1.282972570774514001E-14 ) ) ;
#3296 = SURFACE_STYLE_FILL_AREA ( #2401 ) ;
#3297 = ORIENTED_EDGE ( 'NONE', *, *, #1908, .F. ) ;
#3298 =( GEOMETRIC_REPRESENTATION_CONTEXT ( 3 ) GLOBAL_UNCERTAINTY_ASSIGNED_CONTEXT ( ( #682 ) ) GLOBAL_UNIT_ASSIGNED_CONTEXT ( ( #2424, #2614, #3350 ) ) REPRESENTATION_CONTEXT ( 'NONE', 'WORKASPACE' ) );
#3299 = CARTESIAN_POINT ( 'NONE',  ( 0.6100000000000004308, 0.4500000000000000111, 0.4099999999999994760 ) ) ;
#3300 = EDGE_CURVE ( 'NONE', #2958, #991, #3563, .T. ) ;
#3301 = LINE ( 'NONE', #2050, #1065 ) ;
#3302 = SURFACE_SIDE_STYLE ('',( #2939 ) ) ;
#3303 = FILL_AREA_STYLE_COLOUR ( '', #293 ) ;
#3304 = PRESENTATION_LAYER_ASSIGNMENT (  '', '', ( #437 ) ) ;
#3305 = SURFACE_STYLE_USAGE ( .BOTH. , #1230 ) ;
#3306 = ORIENTED_EDGE ( 'NONE', *, *, #1714, .F. ) ;
#3307 = LINE ( 'NONE', #1710, #3471 ) ;
#3308 = DIRECTION ( 'NONE',  ( 0.000000000000000000, -1.000000000000000000, 0.000000000000000000 ) ) ;
#3309 =( NAMED_UNIT ( * ) SI_UNIT ( $, .STERADIAN. ) SOLID_ANGLE_UNIT ( ) );
#3310 = CARTESIAN_POINT ( 'NONE',  ( -0.6099999999999995426, 0.2500000000000000000, 0.4099999999999997535 ) ) ;
#3311 = EDGE_LOOP ( 'NONE', ( #1950, #466, #1282, #2435 ) ) ;
#3312 = UNCERTAINTY_MEASURE_WITH_UNIT (LENGTH_MEASURE( 1.000000000000000082E-05 ), #2970, 'distance_accuracy_value', 'NONE');
#3313 = CLOSED_SHELL ( 'NONE', ( #2904, #620, #2489, #1070, #679, #2617 ) ) ;
#3314 = AXIS2_PLACEMENT_3D ( 'NONE', #1028, #1620, #1394 ) ;
#3315 = UNCERTAINTY_MEASURE_WITH_UNIT (LENGTH_MEASURE( 1.000000000000000082E-05 ), #3361, 'distance_accuracy_value', 'NONE');
#3316 = SURFACE_SIDE_STYLE ('',( #3296 ) ) ;
#3317 = DIRECTION ( 'NONE',  ( 0.000000000000000000, 1.000000000000000000, 0.000000000000000000 ) ) ;
#3318 = ORIENTED_EDGE ( 'NONE', *, *, #25, .F. ) ;
#3319 = LINE ( 'NONE', #3241, #3653 ) ;
#3320 = DIRECTION ( 'NONE',  ( -3.936487887793324221E-14, 0.000000000000000000, 1.000000000000000000 ) ) ;
#3321 = FILL_AREA_STYLE_COLOUR ( '', #2443 ) ;
#3322 = EDGE_CURVE ( 'NONE', #594, #1000, #2344, .T. ) ;
#3323 = DIRECTION ( 'NONE',  ( 1.858632295689388277E-15, -0.000000000000000000, 1.000000000000000000 ) ) ;
#3324 = VERTEX_POINT ( 'NONE', #2990 ) ;
#3325 = DIRECTION ( 'NONE',  ( 1.000000000000000000, 0.000000000000000000, 0.000000000000000000 ) ) ;
#3326 = CARTESIAN_POINT ( 'NONE',  ( 0.000000000000000000, 0.000000000000000000, 0.000000000000000000 ) ) ;
#3327 = CARTESIAN_POINT ( 'NONE',  ( 0.6100000000000004308, 0.4500000000000000111, 0.4099999999999994760 ) ) ;
#3328 = EDGE_CURVE ( 'NONE', #3259, #2731, #2972, .T. ) ;
#3329 = DIRECTION ( 'NONE',  ( -1.000000000000000000, -0.000000000000000000, 5.421010862427525128E-16 ) ) ;
#3330 = ORIENTED_EDGE ( 'NONE', *, *, #3657, .T. ) ;
#3331 = SURFACE_STYLE_FILL_AREA ( #11 ) ;
#3332 = ORIENTED_EDGE ( 'NONE', *, *, #3201, .F. ) ;
#3333 = PLANE ( 'NONE',  #483 ) ;
#3334 = FILL_AREA_STYLE ('',( #3630 ) ) ;
#3335 = SURFACE_SIDE_STYLE ('',( #1525 ) ) ;
#3336 = EDGE_LOOP ( 'NONE', ( #47, #1418, #3671, #2147 ) ) ;
#3337 = AXIS2_PLACEMENT_3D ( 'NONE', #3075, #1023, #2456 ) ;
#3338 = DIRECTION ( 'NONE',  ( 1.000000000000000000, 0.000000000000000000, -3.054090626719730953E-16 ) ) ;
#3339 = CARTESIAN_POINT ( 'NONE',  ( -0.3500000000000001443, 0.2000000000000000111, -0.1250000000000076328 ) ) ;
#3340 = SURFACE_STYLE_FILL_AREA ( #2451 ) ;
#3341 =( LENGTH_UNIT ( ) NAMED_UNIT ( * ) SI_UNIT ( .MILLI., .METRE. ) );
#3342 = EDGE_LOOP ( 'NONE', ( #1032, #3205, #2229, #2193 ) ) ;
#3343 = VECTOR ( 'NONE', #2884, 1000.000000000000000 ) ;
#3344 = AXIS2_PLACEMENT_3D ( 'NONE', #280, #3001, #299 ) ;
#3345 = FACE_OUTER_BOUND ( 'NONE', #248, .T. ) ;
#3346 = EDGE_CURVE ( 'NONE', #37, #341, #1173, .T. ) ;
#3347 = COLOUR_RGB ( '',0.8313725490196077761, 0.6705882352941175961, 0.1294117647058823373 ) ;
#3348 = PRESENTATION_LAYER_ASSIGNMENT (  '', '', ( #235 ) ) ;
#3349 = MECHANICAL_DESIGN_GEOMETRIC_PRESENTATION_REPRESENTATION (  '', ( #994 ), #2564 ) ;
#3350 =( NAMED_UNIT ( * ) SI_UNIT ( $, .STERADIAN. ) SOLID_ANGLE_UNIT ( ) );
#3351 = ORIENTED_EDGE ( 'NONE', *, *, #715, .T. ) ;
#3352 = VECTOR ( 'NONE', #130, 1000.000000000000000 ) ;
#3353 = DIRECTION ( 'NONE',  ( -1.000000000000000000, 0.000000000000000000, -3.936487887793324221E-14 ) ) ;
#3354 = PRESENTATION_LAYER_ASSIGNMENT (  '', '', ( #423 ) ) ;
#3355 = STYLED_ITEM ( 'NONE', ( #2466 ), #2617 ) ;
#3356 = VERTEX_POINT ( 'NONE', #285 ) ;
#3357 = FILL_AREA_STYLE_COLOUR ( '', #1074 ) ;
#3358 = SURFACE_STYLE_USAGE ( .BOTH. , #3335 ) ;
#3359 = DIRECTION ( 'NONE',  ( -1.000000000000000000, -0.000000000000000000, -2.457524924300477559E-14 ) ) ;
#3360 = ORIENTED_EDGE ( 'NONE', *, *, #2166, .T. ) ;
#3361 =( LENGTH_UNIT ( ) NAMED_UNIT ( * ) SI_UNIT ( .MILLI., .METRE. ) );
#3362 = CARTESIAN_POINT ( 'NONE',  ( 0.3500000000000128564, 0.000000000000000000, -0.4500000000000170530 ) ) ;
#3363 = DIRECTION ( 'NONE',  ( 1.000000000000000000, 0.000000000000000000, 7.047314121155778032E-15 ) ) ;
#3364 = DIRECTION ( 'NONE',  ( 0.000000000000000000, -1.000000000000000000, 0.000000000000000000 ) ) ;
#3365 = STYLED_ITEM ( 'NONE', ( #650 ), #1037 ) ;
#3366 = DIRECTION ( 'NONE',  ( 1.000000000000000000, -0.000000000000000000, 1.526918059583751236E-14 ) ) ;
#3367 = ORIENTED_EDGE ( 'NONE', *, *, #3328, .F. ) ;
#3368 =( GEOMETRIC_REPRESENTATION_CONTEXT ( 3 ) GLOBAL_UNCERTAINTY_ASSIGNED_CONTEXT ( ( #2102 ) ) GLOBAL_UNIT_ASSIGNED_CONTEXT ( ( #46, #2768, #2203 ) ) REPRESENTATION_CONTEXT ( 'NONE', 'WORKASPACE' ) );
#3369 = VECTOR ( 'NONE', #3207, 1000.000000000000000 ) ;
#3370 = VERTEX_POINT ( 'NONE', #1196 ) ;
#3371 =( GEOMETRIC_REPRESENTATION_CONTEXT ( 3 ) GLOBAL_UNCERTAINTY_ASSIGNED_CONTEXT ( ( #1122 ) ) GLOBAL_UNIT_ASSIGNED_CONTEXT ( ( #1237, #2063, #2975 ) ) REPRESENTATION_CONTEXT ( 'NONE', 'WORKASPACE' ) );
#3372 = PRODUCT ( 'RF360 B39162B2651P810', 'RF360 B39162B2651P810', '', ( #1784 ) ) ;
#3373 = EDGE_CURVE ( 'NONE', #2081, #3619, #2099, .T. ) ;
#3374 =( LENGTH_UNIT ( ) NAMED_UNIT ( * ) SI_UNIT ( .MILLI., .METRE. ) );
#3375 = SURFACE_STYLE_USAGE ( .BOTH. , #680 ) ;
#3376 = FACE_OUTER_BOUND ( 'NONE', #1440, .T. ) ;
#3377 = ORIENTED_EDGE ( 'NONE', *, *, #3841, .F. ) ;
#3378 = FILL_AREA_STYLE_COLOUR ( '', #1718 ) ;
#3379 = DIRECTION ( 'NONE',  ( 0.000000000000000000, -1.000000000000000000, 0.000000000000000000 ) ) ;
#3380 = DIRECTION ( 'NONE',  ( -3.969847954639077974E-14, 0.000000000000000000, 1.000000000000000000 ) ) ;
#3381 = UNCERTAINTY_MEASURE_WITH_UNIT (LENGTH_MEASURE( 1.000000000000000082E-05 ), #1163, 'distance_accuracy_value', 'NONE');
#3382 = PRESENTATION_STYLE_ASSIGNMENT (( #1252 ) ) ;
#3383 = DIRECTION ( 'NONE',  ( 0.000000000000000000, 1.000000000000000000, 0.000000000000000000 ) ) ;
#3384 = SURFACE_STYLE_FILL_AREA ( #2829 ) ;
#3385 = VERTEX_POINT ( 'NONE', #854 ) ;
#3386 = FILL_AREA_STYLE ('',( #1258 ) ) ;
#3387 = FILL_AREA_STYLE_COLOUR ( '', #1144 ) ;
#3388 = VERTEX_POINT ( 'NONE', #3286 ) ;
#3389 = DIRECTION ( 'NONE',  ( 1.000000000000000000, 0.000000000000000000, -5.421010862427526114E-16 ) ) ;
#3390 = LINE ( 'NONE', #3221, #3074 ) ;
#3391 = VERTEX_POINT ( 'NONE', #1482 ) ;
#3392 = EDGE_CURVE ( 'NONE', #2734, #3324, #2671, .T. ) ;
#3393 = ADVANCED_FACE ( 'NONE', ( #28 ), #1847, .T. ) ;
#3394 = SURFACE_STYLE_USAGE ( .BOTH. , #3642 ) ;
#3395 = FILL_AREA_STYLE_COLOUR ( '', #1174 ) ;
#3396 = UNCERTAINTY_MEASURE_WITH_UNIT (LENGTH_MEASURE( 1.000000000000000082E-05 ), #2159, 'distance_accuracy_value', 'NONE');
#3397 = ORIENTED_EDGE ( 'NONE', *, *, #1520, .F. ) ;
#3398 = PRESENTATION_STYLE_ASSIGNMENT (( #1859 ) ) ;
#3399 = EDGE_CURVE ( 'NONE', #1231, #1522, #636, .T. ) ;
#3400 = FILL_AREA_STYLE_COLOUR ( '', #3725 ) ;
#3401 = DIRECTION ( 'NONE',  ( 1.000000000000000000, 0.000000000000000000, 5.421010862427524142E-16 ) ) ;
#3402 = CARTESIAN_POINT ( 'NONE',  ( -0.1499999999999871714, 0.000000000000000000, -0.4500000000000205502 ) ) ;
#3403 = VERTEX_POINT ( 'NONE', #339 ) ;
#3404 = VECTOR ( 'NONE', #313, 1000.000000000000000 ) ;
#3405 = CARTESIAN_POINT ( 'NONE',  ( 0.6500000000000127898, 0.6422951503238740756, -0.4500000000000132228 ) ) ;
#3406 = ORIENTED_EDGE ( 'NONE', *, *, #1569, .T. ) ;
#3407 = PLANE ( 'NONE',  #950 ) ;
#3408 = SURFACE_STYLE_FILL_AREA ( #1699 ) ;
#3409 = VECTOR ( 'NONE', #2947, 1000.000000000000000 ) ;
#3410 = VECTOR ( 'NONE', #3422, 1000.000000000000000 ) ;
#3411 = VECTOR ( 'NONE', #3359, 1000.000000000000000 ) ;
#3412 = COLOUR_RGB ( '',0.8313725490196077761, 0.6705882352941175961, 0.1294117647058823373 ) ;
#3413 = VECTOR ( 'NONE', #103, 1000.000000000000000 ) ;
#3414 =( NAMED_UNIT ( * ) SI_UNIT ( $, .STERADIAN. ) SOLID_ANGLE_UNIT ( ) );
#3415 = COLOUR_RGB ( '',0.8313725490196077761, 0.6705882352941175961, 0.1294117647058823373 ) ;
#3416 = CARTESIAN_POINT ( 'NONE',  ( -0.3499999999999998113, 0.6422951503238740756, 0.2999999999999975464 ) ) ;
#3417 = ORIENTED_EDGE ( 'NONE', *, *, #44, .T. ) ;
#3418 = DIRECTION ( 'NONE',  ( 0.000000000000000000, 1.000000000000000000, 0.000000000000000000 ) ) ;
#3419 = CARTESIAN_POINT ( 'NONE',  ( -0.7499999999999995559, 0.2000000000000000111, 0.5499999999999998224 ) ) ;
#3420 = DIRECTION ( 'NONE',  ( -0.000000000000000000, -1.000000000000000000, -0.000000000000000000 ) ) ;
#3421 = LINE ( 'NONE', #3695, #1001 ) ;
#3422 = DIRECTION ( 'NONE',  ( -0.000000000000000000, -1.000000000000000000, -0.000000000000000000 ) ) ;
#3423 = CARTESIAN_POINT ( 'NONE',  ( -0.6500000000000000222, 0.2000000000000000111, 0.1249999999999928946 ) ) ;
#3425 = ADVANCED_FACE ( 'NONE', ( #2745 ), #51, .F. ) ;
#3424 = VERTEX_POINT ( 'NONE', #1550 ) ;
#3426 = LINE ( 'NONE', #3442, #3413 ) ;
#3427 = CARTESIAN_POINT ( 'NONE',  ( 0.3500000000000000333, 0.2000000000000000111, 0.4500000000000023426 ) ) ;
#3428 = DIRECTION ( 'NONE',  ( 3.969847954639077974E-14, 0.000000000000000000, -1.000000000000000000 ) ) ;
#3429 = ORIENTED_EDGE ( 'NONE', *, *, #2744, .F. ) ;
#3430 = AXIS2_PLACEMENT_3D ( 'NONE', #1059, #818, #2317 ) ;
#3431 = LINE ( 'NONE', #1867, #2392 ) ;
#3432 = SURFACE_STYLE_USAGE ( .BOTH. , #2475 ) ;
#3433 =( GEOMETRIC_REPRESENTATION_CONTEXT ( 3 ) GLOBAL_UNCERTAINTY_ASSIGNED_CONTEXT ( ( #95 ) ) GLOBAL_UNIT_ASSIGNED_CONTEXT ( ( #3341, #1825, #1531 ) ) REPRESENTATION_CONTEXT ( 'NONE', 'WORKASPACE' ) );
#3434 = COLOUR_RGB ( '',0.2980392156862745057, 0.2980392156862745057, 0.2980392156862745057 ) ;
#3435 = FILL_AREA_STYLE ('',( #3146 ) ) ;
#3436 =( NAMED_UNIT ( * ) PLANE_ANGLE_UNIT ( ) SI_UNIT ( $, .RADIAN. ) );
#3437 = ORIENTED_EDGE ( 'NONE', *, *, #283, .F. ) ;
#3438 = PRESENTATION_STYLE_ASSIGNMENT (( #1979 ) ) ;
#3439 = DIRECTION ( 'NONE',  ( 3.936487887793323590E-14, -0.000000000000000000, -1.000000000000000000 ) ) ;
#3440 = CARTESIAN_POINT ( 'NONE',  ( 0.3500000000000000333, 0.2000000000000000111, 0.1249999999999998890 ) ) ;
#3441 = VERTEX_POINT ( 'NONE', #2514 ) ;
#3442 = CARTESIAN_POINT ( 'NONE',  ( 0.1499999999999997446, 0.1999999999999999833, 0.4499999999999965139 ) ) ;
#3443 = STYLED_ITEM ( 'NONE', ( #3059 ), #91 ) ;
#3444 = EDGE_CURVE ( 'NONE', #3388, #821, #468, .T. ) ;
#3445 = EDGE_CURVE ( 'NONE', #2487, #1013, #1340, .T. ) ;
#3446 = SURFACE_STYLE_USAGE ( .BOTH. , #1552 ) ;
#3447 =( NAMED_UNIT ( * ) PLANE_ANGLE_UNIT ( ) SI_UNIT ( $, .RADIAN. ) );
#3448 = DIRECTION ( 'NONE',  ( -3.336006684570783101E-16, -0.000000000000000000, 1.000000000000000000 ) ) ;
#3449 = PLANE ( 'NONE',  #669 ) ;
#3450 = UNCERTAINTY_MEASURE_WITH_UNIT (LENGTH_MEASURE( 1.000000000000000082E-05 ), #1524, 'distance_accuracy_value', 'NONE');
#3451 = DIRECTION ( 'NONE',  ( -0.000000000000000000, -1.000000000000000000, -0.000000000000000000 ) ) ;
#3452 = ORIENTED_EDGE ( 'NONE', *, *, #3209, .T. ) ;
#3453 = DIRECTION ( 'NONE',  ( 0.000000000000000000, -1.000000000000000000, 0.000000000000000000 ) ) ;
#3454 = CARTESIAN_POINT ( 'NONE',  ( 0.000000000000000000, 0.2000000000000000111, 0.000000000000000000 ) ) ;
#3455 = PRESENTATION_STYLE_ASSIGNMENT (( #1030 ) ) ;
#3456 = LINE ( 'NONE', #3155, #2946 ) ;
#3457 =( NAMED_UNIT ( * ) SI_UNIT ( $, .STERADIAN. ) SOLID_ANGLE_UNIT ( ) );
#3458 = VERTEX_POINT ( 'NONE', #1035 ) ;
#3459 = FACE_OUTER_BOUND ( 'NONE', #771, .T. ) ;
#3460 = CARTESIAN_POINT ( 'NONE',  ( -0.4199999999999999845, 0.4299999999999999933, 0.2500000000000000000 ) ) ;
#3461 = CARTESIAN_POINT ( 'NONE',  ( 0.3500000000000000333, 0.2000000000000000111, -0.1250000000000004996 ) ) ;
#3462 = PLANE ( 'NONE',  #1336 ) ;
#3463 = VECTOR ( 'NONE', #2341, 1000.000000000000000 ) ;
#3464 = FILL_AREA_STYLE_COLOUR ( '', #1091 ) ;
#3465 = DIRECTION ( 'NONE',  ( -1.000000000000000000, -0.000000000000000000, 5.421010862427525128E-16 ) ) ;
#3466 = PRESENTATION_LAYER_ASSIGNMENT (  '', '', ( #175 ) ) ;
#3467 = VECTOR ( 'NONE', #2197, 1000.000000000000000 ) ;
#3468 =( LENGTH_UNIT ( ) NAMED_UNIT ( * ) SI_UNIT ( .MILLI., .METRE. ) );
#3469 = EDGE_CURVE ( 'NONE', #397, #1782, #137, .T. ) ;
#3470 = CYLINDRICAL_SURFACE ( 'NONE', #2387, 0.07500000000000003886 ) ;
#3471 = VECTOR ( 'NONE', #2296, 1000.000000000000000 ) ;
#3472 = DIRECTION ( 'NONE',  ( 0.000000000000000000, -0.000000000000000000, 1.000000000000000000 ) ) ;
#3473 = STYLED_ITEM ( 'NONE', ( #3504 ), #205 ) ;
#3474 = FILL_AREA_STYLE_COLOUR ( '', #2399 ) ;
#3475 = VECTOR ( 'NONE', #263, 1000.000000000000000 ) ;
#3476 = PRESENTATION_LAYER_ASSIGNMENT (  '', '', ( #3601 ) ) ;
#3477 = CIRCLE ( 'NONE', #1505, 0.07500000000000003886 ) ;
#3478 = LINE ( 'NONE', #723, #1413 ) ;
#3479 = VECTOR ( 'NONE', #2600, 1000.000000000000000 ) ;
#3480 = MECHANICAL_DESIGN_GEOMETRIC_PRESENTATION_REPRESENTATION (  '', ( #806 ), #3604 ) ;
#3481 = VECTOR ( 'NONE', #3066, 1000.000000000000000 ) ;
#3482 = CARTESIAN_POINT ( 'NONE',  ( -0.6500000000000000222, 0.6422951503238740756, -0.1250000000000074940 ) ) ;
#3483 =( NAMED_UNIT ( * ) PLANE_ANGLE_UNIT ( ) SI_UNIT ( $, .RADIAN. ) );
#3484 = ORIENTED_EDGE ( 'NONE', *, *, #3543, .F. ) ;
#3485 = COLOUR_RGB ( '',0.2980392156862745057, 0.2980392156862745057, 0.2980392156862745057 ) ;
#3486 = FILL_AREA_STYLE ('',( #2901 ) ) ;
#3487 = UNCERTAINTY_MEASURE_WITH_UNIT (LENGTH_MEASURE( 1.000000000000000082E-05 ), #2429, 'distance_accuracy_value', 'NONE');
#3488 = UNCERTAINTY_MEASURE_WITH_UNIT (LENGTH_MEASURE( 1.000000000000000082E-05 ), #1316, 'distance_accuracy_value', 'NONE');
#3489 =( NAMED_UNIT ( * ) PLANE_ANGLE_UNIT ( ) SI_UNIT ( $, .RADIAN. ) );
#3490 = DIRECTION ( 'NONE',  ( -1.000000000000000000, -0.000000000000000000, -5.421010862427524142E-16 ) ) ;
#3491 = SURFACE_STYLE_FILL_AREA ( #1695 ) ;
#3492 = STYLED_ITEM ( 'NONE', ( #759 ), #1109 ) ;
#3493 = SURFACE_STYLE_USAGE ( .BOTH. , #2850 ) ;
#3494 = SURFACE_SIDE_STYLE ('',( #92 ) ) ;
#3495 = STYLED_ITEM ( 'NONE', ( #572 ), #1296 ) ;
#3496 = EDGE_CURVE ( 'NONE', #2615, #1113, #412, .T. ) ;
#3497 = CARTESIAN_POINT ( 'NONE',  ( -0.4199999999999999845, 0.2178679656440356549, 0.1749999999999999611 ) ) ;
#3498 = ORIENTED_EDGE ( 'NONE', *, *, #444, .F. ) ;
#3499 = AXIS2_PLACEMENT_3D ( 'NONE', #1690, #3548, #497 ) ;
#3500 = PLANE ( 'NONE',  #2472 ) ;
#3501 = CARTESIAN_POINT ( 'NONE',  ( 0.7099999999999999645, 0.2500000000000000000, -0.5100000000000000089 ) ) ;
#3502 = EDGE_CURVE ( 'NONE', #2858, #1789, #3508, .T. ) ;
#3503 = CARTESIAN_POINT ( 'NONE',  ( 0.6499999999999999112, 0.000000000000000000, -0.1250000000000006661 ) ) ;
#3504 = PRESENTATION_STYLE_ASSIGNMENT (( #2276 ) ) ;
#3505 = VERTEX_POINT ( 'NONE', #3818 ) ;
#3506 = PRESENTATION_STYLE_ASSIGNMENT (( #2292 ) ) ;
#3507 =( NAMED_UNIT ( * ) PLANE_ANGLE_UNIT ( ) SI_UNIT ( $, .RADIAN. ) );
#3508 = LINE ( 'NONE', #1101, #2752 ) ;
#3509 =( GEOMETRIC_REPRESENTATION_CONTEXT ( 3 ) GLOBAL_UNCERTAINTY_ASSIGNED_CONTEXT ( ( #3315 ) ) GLOBAL_UNIT_ASSIGNED_CONTEXT ( ( #3361, #1543, #1562 ) ) REPRESENTATION_CONTEXT ( 'NONE', 'WORKASPACE' ) );
#3510 = CARTESIAN_POINT ( 'NONE',  ( 0.3500000000000000333, 0.2000000000000000111, 0.4500000000000023426 ) ) ;
#3511 = EDGE_CURVE ( 'NONE', #2958, #471, #1372, .T. ) ;
#3512 = EDGE_CURVE ( 'NONE', #3765, #1511, #2807, .T. ) ;
#3513 = PLANE ( 'NONE',  #303 ) ;
#3514 = FILL_AREA_STYLE ('',( #3474 ) ) ;
#3515 = VERTEX_POINT ( 'NONE', #434 ) ;
#3516 = EDGE_CURVE ( 'NONE', #451, #3441, #155, .T. ) ;
#3517 = LINE ( 'NONE', #1990, #3369 ) ;
#3518 = EDGE_CURVE ( 'NONE', #1511, #2858, #1648, .T. ) ;
#3519 = LINE ( 'NONE', #3482, #1696 ) ;
#3520 = ORIENTED_EDGE ( 'NONE', *, *, #2991, .F. ) ;
#3521 = FILL_AREA_STYLE_COLOUR ( '', #476 ) ;
#3522 = EDGE_CURVE ( 'NONE', #1294, #1148, #2572, .T. ) ;
#3523 = LINE ( 'NONE', #3227, #3235 ) ;
#3524 = ORIENTED_EDGE ( 'NONE', *, *, #858, .T. ) ;
#3525 = FILL_AREA_STYLE ('',( #3187 ) ) ;
#3526 = DIRECTION ( 'NONE',  ( -0.000000000000000000, -1.000000000000000000, -0.000000000000000000 ) ) ;
#3527 = DIRECTION ( 'NONE',  ( 1.000000000000000000, -0.000000000000000000, 0.000000000000000000 ) ) ;
#3528 = FACE_OUTER_BOUND ( 'NONE', #2214, .T. ) ;
#3529 = STYLED_ITEM ( 'NONE', ( #515 ), #3177 ) ;
#3530 = CYLINDRICAL_SURFACE ( 'NONE', #748, 0.07500000000000003886 ) ;
#3531 = EDGE_LOOP ( 'NONE', ( #1225, #3565, #1099, #3661 ) ) ;
#3532 =( GEOMETRIC_REPRESENTATION_CONTEXT ( 3 ) GLOBAL_UNCERTAINTY_ASSIGNED_CONTEXT ( ( #2885 ) ) GLOBAL_UNIT_ASSIGNED_CONTEXT ( ( #667, #935, #2141 ) ) REPRESENTATION_CONTEXT ( 'NONE', 'WORKASPACE' ) );
#3533 = MECHANICAL_DESIGN_GEOMETRIC_PRESENTATION_REPRESENTATION (  '', ( #112 ), #1503 ) ;
#3534 = LINE ( 'NONE', #2855, #3225 ) ;
#3535 = SURFACE_STYLE_FILL_AREA ( #2622 ) ;
#3536 = ORIENTED_EDGE ( 'NONE', *, *, #3516, .F. ) ;
#3537 = PRESENTATION_LAYER_ASSIGNMENT (  '', '', ( #2397 ) ) ;
#3538 =( NAMED_UNIT ( * ) PLANE_ANGLE_UNIT ( ) SI_UNIT ( $, .RADIAN. ) );
#3539 =( GEOMETRIC_REPRESENTATION_CONTEXT ( 3 ) GLOBAL_UNCERTAINTY_ASSIGNED_CONTEXT ( ( #1376 ) ) GLOBAL_UNIT_ASSIGNED_CONTEXT ( ( #2279, #3507, #3869 ) ) REPRESENTATION_CONTEXT ( 'NONE', 'WORKASPACE' ) );
#3540 =( NAMED_UNIT ( * ) SI_UNIT ( $, .STERADIAN. ) SOLID_ANGLE_UNIT ( ) );
#3541 = UNCERTAINTY_MEASURE_WITH_UNIT (LENGTH_MEASURE( 1.000000000000000082E-05 ), #3821, 'distance_accuracy_value', 'NONE');
#3542 =( GEOMETRIC_REPRESENTATION_CONTEXT ( 3 ) GLOBAL_UNCERTAINTY_ASSIGNED_CONTEXT ( ( #425 ) ) GLOBAL_UNIT_ASSIGNED_CONTEXT ( ( #2032, #3588, #870 ) ) REPRESENTATION_CONTEXT ( 'NONE', 'WORKASPACE' ) );
#3543 = EDGE_CURVE ( 'NONE', #96, #1264, #196, .T. ) ;
#3544 =( GEOMETRIC_REPRESENTATION_CONTEXT ( 3 ) GLOBAL_UNCERTAINTY_ASSIGNED_CONTEXT ( ( #3198 ) ) GLOBAL_UNIT_ASSIGNED_CONTEXT ( ( #1022, #2775, #77 ) ) REPRESENTATION_CONTEXT ( 'NONE', 'WORKASPACE' ) );
#3545 = DIRECTION ( 'NONE',  ( 6.672013369141567189E-16, 0.000000000000000000, -1.000000000000000000 ) ) ;
#3546 = ORIENTED_EDGE ( 'NONE', *, *, #3611, .T. ) ;
#3547 = PRESENTATION_LAYER_ASSIGNMENT (  '', '', ( #309 ) ) ;
#3548 = DIRECTION ( 'NONE',  ( -0.000000000000000000, 1.000000000000000000, 0.000000000000000000 ) ) ;
#3549 = UNCERTAINTY_MEASURE_WITH_UNIT (LENGTH_MEASURE( 1.000000000000000082E-05 ), #2534, 'distance_accuracy_value', 'NONE');
#3550 =( NAMED_UNIT ( * ) PLANE_ANGLE_UNIT ( ) SI_UNIT ( $, .RADIAN. ) );
#3551 = ORIENTED_EDGE ( 'NONE', *, *, #2090, .F. ) ;
#3552 = AXIS2_PLACEMENT_3D ( 'NONE', #106, #362, #2533 ) ;
#3553 = DIRECTION ( 'NONE',  ( 5.421010862427525128E-16, 0.000000000000000000, 1.000000000000000000 ) ) ;
#3554 = STYLED_ITEM ( 'NONE', ( #779 ), #1390 ) ;
#3555 = EDGE_LOOP ( 'NONE', ( #2262, #2838, #461, #2927 ) ) ;
#3556 = SURFACE_STYLE_FILL_AREA ( #1135 ) ;
#3557 = LINE ( 'NONE', #1154, #2944 ) ;
#3558 = FILL_AREA_STYLE_COLOUR ( '', #1072 ) ;
#3559 = FILL_AREA_STYLE ('',( #3303 ) ) ;
#3560 = CARTESIAN_POINT ( 'NONE',  ( 0.3500000000000000333, 0.000000000000000000, 0.4500000000000023426 ) ) ;
#3561 = ADVANCED_FACE ( 'NONE', ( #1907 ), #104, .F. ) ;
#3562 = DIRECTION ( 'NONE',  ( -1.000000000000000000, 0.000000000000000000, -5.004010026856174159E-16 ) ) ;
#3563 = LINE ( 'NONE', #557, #1993 ) ;
#3564 = EDGE_CURVE ( 'NONE', #341, #922, #1415, .T. ) ;
#3565 = ORIENTED_EDGE ( 'NONE', *, *, #2539, .F. ) ;
#3566 =( NAMED_UNIT ( * ) PLANE_ANGLE_UNIT ( ) SI_UNIT ( $, .RADIAN. ) );
#3567 = ADVANCED_FACE ( 'NONE', ( #2920 ), #2337, .F. ) ;
#3568 = VERTEX_POINT ( 'NONE', #2162 ) ;
#3569 = PLANE ( 'NONE',  #1128 ) ;
#3570 = PLANE ( 'NONE',  #1576 ) ;
#3571 =( NAMED_UNIT ( * ) PLANE_ANGLE_UNIT ( ) SI_UNIT ( $, .RADIAN. ) );
#3572 = ORIENTED_EDGE ( 'NONE', *, *, #2241, .F. ) ;
#3573 = DIRECTION ( 'NONE',  ( -0.000000000000000000, -1.000000000000000000, -0.000000000000000000 ) ) ;
#3574 = PRESENTATION_STYLE_ASSIGNMENT (( #2967 ) ) ;
#3575 = CARTESIAN_POINT ( 'NONE',  ( -0.6500000000000000222, 0.000000000000000000, -0.1250000000000074940 ) ) ;
#3576 = SURFACE_SIDE_STYLE ('',( #831 ) ) ;
#3577 = LINE ( 'NONE', #3279, #612 ) ;
#3578 = DIRECTION ( 'NONE',  ( 0.000000000000000000, -0.000000000000000000, 1.000000000000000000 ) ) ;
#3579 = LINE ( 'NONE', #3023, #2777 ) ;
#3580 = ORIENTED_EDGE ( 'NONE', *, *, #2088, .T. ) ;
#3581 =( NAMED_UNIT ( * ) PLANE_ANGLE_UNIT ( ) SI_UNIT ( $, .RADIAN. ) );
#3582 = ORIENTED_EDGE ( 'NONE', *, *, #1202, .F. ) ;
#3583 = PRESENTATION_STYLE_ASSIGNMENT (( #3891 ) ) ;
#3584 = EDGE_CURVE ( 'NONE', #3755, #3186, #3390, .T. ) ;
#3585 = ORIENTED_EDGE ( 'NONE', *, *, #1761, .F. ) ;
#3586 = PRESENTATION_LAYER_ASSIGNMENT (  '', '', ( #2867 ) ) ;
#3587 = FACE_OUTER_BOUND ( 'NONE', #2878, .T. ) ;
#3588 =( NAMED_UNIT ( * ) PLANE_ANGLE_UNIT ( ) SI_UNIT ( $, .RADIAN. ) );
#3589 = CARTESIAN_POINT ( 'NONE',  ( -0.1500000000000001332, 0.000000000000000000, 0.4499999999999963474 ) ) ;
#3590 = ORIENTED_EDGE ( 'NONE', *, *, #2432, .T. ) ;
#3591 = UNCERTAINTY_MEASURE_WITH_UNIT (LENGTH_MEASURE( 1.000000000000000082E-05 ), #273, 'distance_accuracy_value', 'NONE');
#3592 = PRESENTATION_STYLE_ASSIGNMENT (( #2982 ) ) ;
#3593 =( GEOMETRIC_REPRESENTATION_CONTEXT ( 3 ) GLOBAL_UNCERTAINTY_ASSIGNED_CONTEXT ( ( #1401 ) ) GLOBAL_UNIT_ASSIGNED_CONTEXT ( ( #2471, #995, #1800 ) ) REPRESENTATION_CONTEXT ( 'NONE', 'WORKASPACE' ) );
#3594 = VECTOR ( 'NONE', #422, 1000.000000000000000 ) ;
#3595 = DIRECTION ( 'NONE',  ( -1.000000000000000000, 0.000000000000000000, -5.421010862427524142E-16 ) ) ;
#3596 = AXIS2_PLACEMENT_3D ( 'NONE', #1098, #2289, #784 ) ;
#3597 =( GEOMETRIC_REPRESENTATION_CONTEXT ( 3 ) GLOBAL_UNCERTAINTY_ASSIGNED_CONTEXT ( ( #951 ) ) GLOBAL_UNIT_ASSIGNED_CONTEXT ( ( #1206, #1734, #277 ) ) REPRESENTATION_CONTEXT ( 'NONE', 'WORKASPACE' ) );
#3598 = FILL_AREA_STYLE_COLOUR ( '', #630 ) ;
#3599 = MECHANICAL_DESIGN_GEOMETRIC_PRESENTATION_REPRESENTATION (  '', ( #2123 ), #2500 ) ;
#3600 = VERTEX_POINT ( 'NONE', #1875 ) ;
#3601 = STYLED_ITEM ( 'NONE', ( #1975 ), #2476 ) ;
#3602 = PRESENTATION_STYLE_ASSIGNMENT (( #615 ) ) ;
#3603 = PRESENTATION_LAYER_ASSIGNMENT (  '', '', ( #1445 ) ) ;
#3604 =( GEOMETRIC_REPRESENTATION_CONTEXT ( 3 ) GLOBAL_UNCERTAINTY_ASSIGNED_CONTEXT ( ( #3921 ) ) GLOBAL_UNIT_ASSIGNED_CONTEXT ( ( #1491, #1191, #1458 ) ) REPRESENTATION_CONTEXT ( 'NONE', 'WORKASPACE' ) );
#3605 = STYLED_ITEM ( 'NONE', ( #3506 ), #2023 ) ;
#3606 = ORIENTED_EDGE ( 'NONE', *, *, #2268, .F. ) ;
#3607 = AXIS2_PLACEMENT_3D ( 'NONE', #1616, #145, #1365 ) ;
#3608 = MECHANICAL_DESIGN_GEOMETRIC_PRESENTATION_REPRESENTATION (  '', ( #62 ), #553 ) ;
#3609 = DIRECTION ( 'NONE',  ( 1.000000000000000000, 0.000000000000000000, 5.421010862427524142E-16 ) ) ;
#3610 = UNCERTAINTY_MEASURE_WITH_UNIT (LENGTH_MEASURE( 1.000000000000000082E-05 ), #928, 'distance_accuracy_value', 'NONE');
#3611 = EDGE_CURVE ( 'NONE', #3735, #107, #3629, .T. ) ;
#3612 = FILL_AREA_STYLE ('',( #3644 ) ) ;
#3613 = VERTEX_POINT ( 'NONE', #1171 ) ;
#3614 = MECHANICAL_DESIGN_GEOMETRIC_PRESENTATION_REPRESENTATION (  '', ( #309 ), #3298 ) ;
#3615 = PLANE ( 'NONE',  #2003 ) ;
#3616 = FACE_OUTER_BOUND ( 'NONE', #959, .T. ) ;
#3617 = COLOUR_RGB ( '',0.8313725490196077761, 0.6705882352941175961, 0.1294117647058823373 ) ;
#3618 = LINE ( 'NONE', #2648, #2824 ) ;
#3619 = VERTEX_POINT ( 'NONE', #1434 ) ;
#3620 = DIRECTION ( 'NONE',  ( 1.000000000000000000, 0.000000000000000000, 3.336006684570783101E-16 ) ) ;
#3621 = CARTESIAN_POINT ( 'NONE',  ( 0.000000000000000000, 0.2000000000000000111, 0.000000000000000000 ) ) ;
#3622 = PRESENTATION_STYLE_ASSIGNMENT (( #1517 ) ) ;
#3623 = ORIENTED_EDGE ( 'NONE', *, *, #511, .T. ) ;
#3624 = LINE ( 'NONE', #2103, #1467 ) ;
#3625 = CLOSED_SHELL ( 'NONE', ( #2239, #867, #2025, #3035 ) ) ;
#3626 = MECHANICAL_DESIGN_GEOMETRIC_PRESENTATION_REPRESENTATION (  '', ( #1914 ), #901 ) ;
#3627 = ORIENTED_EDGE ( 'NONE', *, *, #44, .F. ) ;
#3628 = PRESENTATION_STYLE_ASSIGNMENT (( #1556 ) ) ;
#3629 = LINE ( 'NONE', #266, #3409 ) ;
#3630 = FILL_AREA_STYLE_COLOUR ( '', #3794 ) ;
#3631 = ADVANCED_FACE ( 'NONE', ( #227 ), #1141, .F. ) ;
#3632 = SURFACE_STYLE_FILL_AREA ( #1816 ) ;
#3634 = EDGE_CURVE ( 'NONE', #1468, #1262, #2608, .T. ) ;
#3633 = VERTEX_POINT ( 'NONE', #1479 ) ;
#3635 =( NAMED_UNIT ( * ) PLANE_ANGLE_UNIT ( ) SI_UNIT ( $, .RADIAN. ) );
#3636 =( NAMED_UNIT ( * ) PLANE_ANGLE_UNIT ( ) SI_UNIT ( $, .RADIAN. ) );
#3637 = EDGE_LOOP ( 'NONE', ( #2371, #323, #947, #1087 ) ) ;
#3638 = FACE_BOUND ( 'NONE', #55, .T. ) ;
#3639 = ORIENTED_EDGE ( 'NONE', *, *, #909, .T. ) ;
#3640 = DIRECTION ( 'NONE',  ( 6.672013369141567189E-16, 0.000000000000000000, -1.000000000000000000 ) ) ;
#3641 = ORIENTED_EDGE ( 'NONE', *, *, #2597, .F. ) ;
#3642 = SURFACE_SIDE_STYLE ('',( #346 ) ) ;
#3643 = DIRECTION ( 'NONE',  ( -7.228014483236699514E-17, 0.000000000000000000, 1.000000000000000000 ) ) ;
#3644 = FILL_AREA_STYLE_COLOUR ( '', #3076 ) ;
#3645 = ORIENTED_EDGE ( 'NONE', *, *, #3810, .F. ) ;
#3646 = STYLED_ITEM ( 'NONE', ( #257 ), #2907 ) ;
#3647 =( NAMED_UNIT ( * ) SI_UNIT ( $, .STERADIAN. ) SOLID_ANGLE_UNIT ( ) );
#3648 =( NAMED_UNIT ( * ) SI_UNIT ( $, .STERADIAN. ) SOLID_ANGLE_UNIT ( ) );
#3649 = FILL_AREA_STYLE ('',( #688 ) ) ;
#3650 = LINE ( 'NONE', #2485, #799 ) ;
#3651 = ORIENTED_EDGE ( 'NONE', *, *, #3373, .F. ) ;
#3652 = CARTESIAN_POINT ( 'NONE',  ( -0.1499999999999871714, 0.1999999999999999833, -0.4500000000000205502 ) ) ;
#3653 = VECTOR ( 'NONE', #262, 1000.000000000000000 ) ;
#3654 =( NAMED_UNIT ( * ) SI_UNIT ( $, .STERADIAN. ) SOLID_ANGLE_UNIT ( ) );
#3655 = SURFACE_STYLE_FILL_AREA ( #1534 ) ;
#3656 = SURFACE_STYLE_USAGE ( .BOTH. , #325 ) ;
#3657 = EDGE_CURVE ( 'NONE', #327, #1626, #3307, .T. ) ;
#3658 = MECHANICAL_DESIGN_GEOMETRIC_PRESENTATION_REPRESENTATION (  '', ( #1565 ), #927 ) ;
#3659 = VECTOR ( 'NONE', #1824, 1000.000000000000000 ) ;
#3660 = CARTESIAN_POINT ( 'NONE',  ( -0.1499999999999871714, 0.6422951503238740756, -0.4500000000000205502 ) ) ;
#3661 = ORIENTED_EDGE ( 'NONE', *, *, #2649, .T. ) ;
#3662 = MECHANICAL_DESIGN_GEOMETRIC_PRESENTATION_REPRESENTATION (  '', ( #1069 ), #3845 ) ;
#3663 = LINE ( 'NONE', #622, #566 ) ;
#3664 =( NAMED_UNIT ( * ) PLANE_ANGLE_UNIT ( ) SI_UNIT ( $, .RADIAN. ) );
#3665 = PRESENTATION_LAYER_ASSIGNMENT (  '', '', ( #2637 ) ) ;
#3666 = VECTOR ( 'NONE', #3097, 1000.000000000000000 ) ;
#3667 = PRESENTATION_LAYER_ASSIGNMENT (  '', '', ( #3724 ) ) ;
#3668 = ORIENTED_EDGE ( 'NONE', *, *, #3922, .F. ) ;
#3669 = FACE_OUTER_BOUND ( 'NONE', #756, .T. ) ;
#3670 = FILL_AREA_STYLE ('',( #1560 ) ) ;
#3671 = ORIENTED_EDGE ( 'NONE', *, *, #1854, .F. ) ;
#3672 = PRESENTATION_STYLE_ASSIGNMENT (( #1841 ) ) ;
#3673 = DIRECTION ( 'NONE',  ( 1.000000000000000000, 0.000000000000000000, -2.891205793294678326E-16 ) ) ;
#3674 = DIRECTION ( 'NONE',  ( -0.000000000000000000, -1.000000000000000000, -0.000000000000000000 ) ) ;
#3675 =( NAMED_UNIT ( * ) PLANE_ANGLE_UNIT ( ) SI_UNIT ( $, .RADIAN. ) );
#3676 = CARTESIAN_POINT ( 'NONE',  ( -0.6499999999999871436, 0.6422951503238740756, -0.4500000000000240474 ) ) ;
#3677 = PRESENTATION_LAYER_ASSIGNMENT (  '', '', ( #3365 ) ) ;
#3678 = ORIENTED_EDGE ( 'NONE', *, *, #3803, .T. ) ;
#3679 = DIRECTION ( 'NONE',  ( 1.000000000000000000, 0.000000000000000000, 3.614007241618350250E-16 ) ) ;
#3680 = DIRECTION ( 'NONE',  ( -5.004010026856175145E-16, 0.000000000000000000, 1.000000000000000000 ) ) ;
#3681 = AXIS2_PLACEMENT_3D ( 'NONE', #3884, #1169, #3043 ) ;
#3682 = ORIENTED_EDGE ( 'NONE', *, *, #858, .F. ) ;
#3683 = VECTOR ( 'NONE', #1002, 1000.000000000000000 ) ;
#3684 = EDGE_CURVE ( 'NONE', #2993, #691, #575, .T. ) ;
#3685 = EDGE_CURVE ( 'NONE', #1572, #1555, #614, .T. ) ;
#3686 =( NAMED_UNIT ( * ) PLANE_ANGLE_UNIT ( ) SI_UNIT ( $, .RADIAN. ) );
#3687 = STYLED_ITEM ( 'NONE', ( #250 ), #1577 ) ;
#3688 = PRODUCT_DEFINITION_SHAPE ( 'NONE', 'NONE',  #1116 ) ;
#3689 = LINE ( 'NONE', #2146, #99 ) ;
#3690 = FILL_AREA_STYLE_COLOUR ( '', #1945 ) ;
#3691 = CARTESIAN_POINT ( 'NONE',  ( -0.1499999999999871714, 0.6422951503238740756, -0.4500000000000205502 ) ) ;
#3692 = FILL_AREA_STYLE_COLOUR ( '', #3202 ) ;
#3693 = FILL_AREA_STYLE_COLOUR ( '', #2247 ) ;
#3694 =( NAMED_UNIT ( * ) SI_UNIT ( $, .STERADIAN. ) SOLID_ANGLE_UNIT ( ) );
#3695 = CARTESIAN_POINT ( 'NONE',  ( -0.3500000000000001443, 0.6422951503238740756, -0.1250000000000076328 ) ) ;
#3696 = DIRECTION ( 'NONE',  ( -1.000000000000000000, -0.000000000000000000, -5.421010862427524142E-16 ) ) ;
#3697 = CARTESIAN_POINT ( 'NONE',  ( 0.3500000000000128564, 0.1999999999999999833, -0.4500000000000170530 ) ) ;
#3698 = ORIENTED_EDGE ( 'NONE', *, *, #3841, .T. ) ;
#3699 = FACE_OUTER_BOUND ( 'NONE', #1720, .T. ) ;
#3700 = EDGE_LOOP ( 'NONE', ( #1493, #3134, #1108, #328 ) ) ;
#3701 = PRESENTATION_STYLE_ASSIGNMENT (( #3072 ) ) ;
#3702 = DIRECTION ( 'NONE',  ( -0.000000000000000000, -1.000000000000000000, -0.000000000000000000 ) ) ;
#3703 = UNCERTAINTY_MEASURE_WITH_UNIT (LENGTH_MEASURE( 1.000000000000000082E-05 ), #2506, 'distance_accuracy_value', 'NONE');
#3704 = APPLICATION_CONTEXT ( 'automotive_design' ) ;
#3705 = CARTESIAN_POINT ( 'NONE',  ( -0.7099999999999996314, 0.2500000000000000000, -0.5100000000000001199 ) ) ;
#3706 = SURFACE_STYLE_FILL_AREA ( #1541 ) ;
#3707 = VERTEX_POINT ( 'NONE', #3096 ) ;
#3708 = FILL_AREA_STYLE ('',( #1295 ) ) ;
#3709 = MECHANICAL_DESIGN_GEOMETRIC_PRESENTATION_REPRESENTATION (  '', ( #2115 ), #1740 ) ;
#3710 = DIRECTION ( 'NONE',  ( 3.936487887793323590E-14, -0.000000000000000000, -1.000000000000000000 ) ) ;
#3711 = EDGE_LOOP ( 'NONE', ( #2096, #296, #3297, #3151 ) ) ;
#3712 = SURFACE_SIDE_STYLE ('',( #2452 ) ) ;
#3713 = SURFACE_SIDE_STYLE ('',( #2488 ) ) ;
#3714 =( GEOMETRIC_REPRESENTATION_CONTEXT ( 3 ) GLOBAL_UNCERTAINTY_ASSIGNED_CONTEXT ( ( #469 ) ) GLOBAL_UNIT_ASSIGNED_CONTEXT ( ( #1439, #2100, #1464 ) ) REPRESENTATION_CONTEXT ( 'NONE', 'WORKASPACE' ) );
#3715 = ORIENTED_EDGE ( 'NONE', *, *, #1096, .F. ) ;
#3716 = MECHANICAL_DESIGN_GEOMETRIC_PRESENTATION_REPRESENTATION (  '', ( #2000 ), #3779 ) ;
#3717 = PRESENTATION_STYLE_ASSIGNMENT (( #3101 ) ) ;
#3718 = VECTOR ( 'NONE', #2018, 1000.000000000000000 ) ;
#3719 = FACE_OUTER_BOUND ( 'NONE', #2503, .T. ) ;
#3720 = VECTOR ( 'NONE', #3752, 1000.000000000000000 ) ;
#3721 = PRESENTATION_LAYER_ASSIGNMENT (  '', '', ( #3910 ) ) ;
#3722 = VECTOR ( 'NONE', #1629, 1000.000000000000000 ) ;
#3723 =( LENGTH_UNIT ( ) NAMED_UNIT ( * ) SI_UNIT ( .MILLI., .METRE. ) );
#3724 = STYLED_ITEM ( 'NONE', ( #2149 ), #807 ) ;
#3725 = COLOUR_RGB ( '',0.7921568627450980005, 0.8196078431372548767, 0.9333333333333333481 ) ;
#3726 =( NAMED_UNIT ( * ) PLANE_ANGLE_UNIT ( ) SI_UNIT ( $, .RADIAN. ) );
#3727 = LINE ( 'NONE', #36, #1442 ) ;
#3728 = ORIENTED_EDGE ( 'NONE', *, *, #1809, .F. ) ;
#3729 = STYLED_ITEM ( 'NONE', ( #2996 ), #743 ) ;
#3730 = FILL_AREA_STYLE_COLOUR ( '', #83 ) ;
#3731 = ADVANCED_FACE ( 'NONE', ( #2595 ), #3449, .F. ) ;
#3732 = PRESENTATION_STYLE_ASSIGNMENT (( #3131 ) ) ;
#3733 =( NAMED_UNIT ( * ) SI_UNIT ( $, .STERADIAN. ) SOLID_ANGLE_UNIT ( ) );
#3734 = PRESENTATION_STYLE_ASSIGNMENT (( #374 ) ) ;
#3735 = VERTEX_POINT ( 'NONE', #2209 ) ;
#3736 =( NAMED_UNIT ( * ) SI_UNIT ( $, .STERADIAN. ) SOLID_ANGLE_UNIT ( ) );
#3737 = SURFACE_STYLE_USAGE ( .BOTH. , #3712 ) ;
#3738 = CARTESIAN_POINT ( 'NONE',  ( 0.1499999999999997446, 0.6422951503238740756, 0.4499999999999965139 ) ) ;
#3739 = CARTESIAN_POINT ( 'NONE',  ( 0.3500000000000128564, 0.1999999999999999833, -0.4500000000000170530 ) ) ;
#3740 = ORIENTED_EDGE ( 'NONE', *, *, #592, .F. ) ;
#3741 = VECTOR ( 'NONE', #1708, 1000.000000000000000 ) ;
#3742 = SURFACE_STYLE_FILL_AREA ( #140 ) ;
#3743 = FACE_OUTER_BOUND ( 'NONE', #2416, .T. ) ;
#3744 = SURFACE_SIDE_STYLE ('',( #2516 ) ) ;
#3745 = PLANE ( 'NONE',  #3337 ) ;
#3746 = DIRECTION ( 'NONE',  ( -1.000000000000000000, 0.000000000000000000, -7.047314121155778032E-15 ) ) ;
#3747 =( GEOMETRIC_REPRESENTATION_CONTEXT ( 3 ) GLOBAL_UNCERTAINTY_ASSIGNED_CONTEXT ( ( #2916 ) ) GLOBAL_UNIT_ASSIGNED_CONTEXT ( ( #2555, #473, #2847 ) ) REPRESENTATION_CONTEXT ( 'NONE', 'WORKASPACE' ) );
#3748 = DIRECTION ( 'NONE',  ( 0.000000000000000000, 0.000000000000000000, 1.000000000000000000 ) ) ;
#3749 = DIRECTION ( 'NONE',  ( -3.336006684570783101E-16, -0.000000000000000000, 1.000000000000000000 ) ) ;
#3750 = ORIENTED_EDGE ( 'NONE', *, *, #3890, .T. ) ;
#3751 =( NAMED_UNIT ( * ) PLANE_ANGLE_UNIT ( ) SI_UNIT ( $, .RADIAN. ) );
#3752 = DIRECTION ( 'NONE',  ( -1.000000000000000000, -0.000000000000000000, -5.421010862427524142E-16 ) ) ;
#3753 = EDGE_CURVE ( 'NONE', #2905, #3391, #3431, .T. ) ;
#3754 = SURFACE_STYLE_USAGE ( .BOTH. , #3064 ) ;
#3755 = VERTEX_POINT ( 'NONE', #1609 ) ;
#3756 = SURFACE_STYLE_FILL_AREA ( #3486 ) ;
#3757 = FACE_OUTER_BOUND ( 'NONE', #804, .T. ) ;
#3758 = CARTESIAN_POINT ( 'NONE',  ( -0.5000000000000002220, 0.2000000000000000111, 0.4499999999999965139 ) ) ;
#3759 = EDGE_CURVE ( 'NONE', #1052, #3441, #2182, .T. ) ;
#3760 = SURFACE_STYLE_USAGE ( .BOTH. , #735 ) ;
#3761 = DIRECTION ( 'NONE',  ( 1.000000000000000000, 0.000000000000000000, 0.000000000000000000 ) ) ;
#3762 = DIRECTION ( 'NONE',  ( -3.336006684570783101E-16, -0.000000000000000000, 1.000000000000000000 ) ) ;
#3763 = FILL_AREA_STYLE ('',( #2225 ) ) ;
#3764 = LINE ( 'NONE', #441, #1748 ) ;
#3765 = VERTEX_POINT ( 'NONE', #1762 ) ;
#3766 = CARTESIAN_POINT ( 'NONE',  ( 0.1499999999999997446, 0.1999999999999999833, 0.4499999999999965139 ) ) ;
#3767 = FILL_AREA_STYLE_COLOUR ( '', #880 ) ;
#3768 = CARTESIAN_POINT ( 'NONE',  ( -0.1500000000000001332, 0.2000000000000000111, 0.4499999999999963474 ) ) ;
#3769 = FACE_OUTER_BOUND ( 'NONE', #1242, .T. ) ;
#3770 = EDGE_LOOP ( 'NONE', ( #2954, #2054, #2864, #836 ) ) ;
#3771 = PLANE ( 'NONE',  #421 ) ;
#3772 = PRESENTATION_STYLE_ASSIGNMENT (( #1016 ) ) ;
#3773 = LINE ( 'NONE', #493, #3741 ) ;
#3774 = ORIENTED_EDGE ( 'NONE', *, *, #2211, .T. ) ;
#3775 = VECTOR ( 'NONE', #700, 1000.000000000000000 ) ;
#3776 = CARTESIAN_POINT ( 'NONE',  ( 0.3500000000000128564, 0.000000000000000000, -0.4500000000000170530 ) ) ;
#3777 = EDGE_CURVE ( 'NONE', #241, #397, #3301, .T. ) ;
#3778 = VECTOR ( 'NONE', #2041, 1000.000000000000000 ) ;
#3779 =( GEOMETRIC_REPRESENTATION_CONTEXT ( 3 ) GLOBAL_UNCERTAINTY_ASSIGNED_CONTEXT ( ( #456 ) ) GLOBAL_UNIT_ASSIGNED_CONTEXT ( ( #1228, #645, #1881 ) ) REPRESENTATION_CONTEXT ( 'NONE', 'WORKASPACE' ) );
#3780 = CARTESIAN_POINT ( 'NONE',  ( -0.7499999999999995559, 0.2000000000000000111, 0.5499999999999998224 ) ) ;
#3781 = STYLED_ITEM ( 'NONE', ( #2183 ), #3567 ) ;
#3782 = PRESENTATION_LAYER_ASSIGNMENT (  '', '', ( #994 ) ) ;
#3783 = DIRECTION ( 'NONE',  ( -1.000000000000000000, -0.000000000000000000, -7.228014483236698281E-17 ) ) ;
#3784 = STYLED_ITEM ( 'NONE', ( #1472 ), #268 ) ;
#3785 = SURFACE_SIDE_STYLE ('',( #125 ) ) ;
#3786 = AXIS2_PLACEMENT_3D ( 'NONE', #3912, #2408, #3325 ) ;
#3787 =( GEOMETRIC_REPRESENTATION_CONTEXT ( 3 ) GLOBAL_UNCERTAINTY_ASSIGNED_CONTEXT ( ( #3488 ) ) GLOBAL_UNIT_ASSIGNED_CONTEXT ( ( #1316, #1892, #380 ) ) REPRESENTATION_CONTEXT ( 'NONE', 'WORKASPACE' ) );
#3788 = ORIENTED_EDGE ( 'NONE', *, *, #2616, .T. ) ;
#3789 = CARTESIAN_POINT ( 'NONE',  ( -0.7099999999999996314, 0.2000000000000000111, 0.5099999999999997868 ) ) ;
#3790 = AXIS2_PLACEMENT_3D ( 'NONE', #43, #707, #3401 ) ;
#3791 = VECTOR ( 'NONE', #388, 1000.000000000000000 ) ;
#3792 = MECHANICAL_DESIGN_GEOMETRIC_PRESENTATION_REPRESENTATION (  '', ( #3835 ), #877 ) ;
#3793 = CARTESIAN_POINT ( 'NONE',  ( -0.1500000000000001332, 0.2000000000000000111, 0.4499999999999963474 ) ) ;
#3794 = COLOUR_RGB ( '',0.8313725490196077761, 0.6705882352941175961, 0.1294117647058823373 ) ;
#3795 = ORIENTED_EDGE ( 'NONE', *, *, #1453, .F. ) ;
#3796 = SURFACE_STYLE_USAGE ( .BOTH. , #2311 ) ;
#3797 = CARTESIAN_POINT ( 'NONE',  ( 0.7100000000000004086, 0.2500000000000000000, 0.5099999999999993427 ) ) ;
#3798 = SURFACE_SIDE_STYLE ('',( #3116 ) ) ;
#3799 = UNCERTAINTY_MEASURE_WITH_UNIT (LENGTH_MEASURE( 1.000000000000000082E-05 ), #506, 'distance_accuracy_value', 'NONE');
#3800 = PRESENTATION_STYLE_ASSIGNMENT (( #224 ) ) ;
#3801 = ORIENTED_EDGE ( 'NONE', *, *, #3142, .T. ) ;
#3802 = DIRECTION ( 'NONE',  ( -0.000000000000000000, -1.000000000000000000, -0.000000000000000000 ) ) ;
#3803 = EDGE_CURVE ( 'NONE', #1605, #585, #3847, .T. ) ;
#3804 = EDGE_CURVE ( 'NONE', #1468, #259, #2335, .T. ) ;
#3805 = COLOUR_RGB ( '',0.2980392156862745057, 0.2980392156862745057, 0.2980392156862745057 ) ;
#3806 = SURFACE_STYLE_FILL_AREA ( #1389 ) ;
#3807 = PLANE ( 'NONE',  #238 ) ;
#3808 = COLOUR_RGB ( '',0.2980392156862745057, 0.2980392156862745057, 0.2980392156862745057 ) ;
#3809 = FILL_AREA_STYLE ('',( #2582 ) ) ;
#3810 = EDGE_CURVE ( 'NONE', #922, #3613, #3557, .T. ) ;
#3811 = ORIENTED_EDGE ( 'NONE', *, *, #689, .F. ) ;
#3812 = MECHANICAL_DESIGN_GEOMETRIC_PRESENTATION_REPRESENTATION (  '', ( #698 ), #1146 ) ;
#3813 = LINE ( 'NONE', #1094, #1538 ) ;
#3814 = SURFACE_STYLE_USAGE ( .BOTH. , #783 ) ;
#3815 = LINE ( 'NONE', #727, #610 ) ;
#3816 =( LENGTH_UNIT ( ) NAMED_UNIT ( * ) SI_UNIT ( .MILLI., .METRE. ) );
#3817 = SURFACE_STYLE_FILL_AREA ( #87 ) ;
#3818 = CARTESIAN_POINT ( 'NONE',  ( 0.7100000000000004086, 0.2500000000000000000, 0.5099999999999993427 ) ) ;
#3819 = UNCERTAINTY_MEASURE_WITH_UNIT (LENGTH_MEASURE( 1.000000000000000082E-05 ), #294, 'distance_accuracy_value', 'NONE');
#3820 = SURFACE_STYLE_USAGE ( .BOTH. , #2297 ) ;
#3821 =( LENGTH_UNIT ( ) NAMED_UNIT ( * ) SI_UNIT ( .MILLI., .METRE. ) );
#3822 = ORIENTED_EDGE ( 'NONE', *, *, #3013, .F. ) ;
#3823 = CARTESIAN_POINT ( 'NONE',  ( 0.6099999999999999867, 0.4500000000000000111, -0.4100000000000000311 ) ) ;
#3824 = DIRECTION ( 'NONE',  ( 5.421010862427525128E-16, 0.000000000000000000, 1.000000000000000000 ) ) ;
#3825 = ORIENTED_EDGE ( 'NONE', *, *, #311, .F. ) ;
#3826 = SURFACE_STYLE_FILL_AREA ( #467 ) ;
#3827 = SURFACE_SIDE_STYLE ('',( #1302 ) ) ;
#3828 = ORIENTED_EDGE ( 'NONE', *, *, #170, .F. ) ;
#3829 = SURFACE_SIDE_STYLE ('',( #763 ) ) ;
#3830 = MECHANICAL_DESIGN_GEOMETRIC_PRESENTATION_REPRESENTATION (  '', ( #597 ), #1238 ) ;
#3831 = VECTOR ( 'NONE', #1652, 1000.000000000000000 ) ;
#3832 = DIRECTION ( 'NONE',  ( 1.000000000000000000, 0.000000000000000000, 3.969847954639077974E-14 ) ) ;
#3833 = VERTEX_POINT ( 'NONE', #1166 ) ;
#3834 = VECTOR ( 'NONE', #3184, 1000.000000000000000 ) ;
#3835 = STYLED_ITEM ( 'NONE', ( #2170 ), #1957 ) ;
#3836 = LINE ( 'NONE', #1732, #2633 ) ;
#3837 = STYLED_ITEM ( 'NONE', ( #3672 ), #2239 ) ;
#3838 = STYLED_ITEM ( 'NONE', ( #808 ), #2863 ) ;
#3839 = SURFACE_STYLE_USAGE ( .BOTH. , #2104 ) ;
#3840 = DIRECTION ( 'NONE',  ( 0.000000000000000000, 1.000000000000000000, 0.000000000000000000 ) ) ;
#3841 = EDGE_CURVE ( 'NONE', #973, #626, #876, .T. ) ;
#3842 =( LENGTH_UNIT ( ) NAMED_UNIT ( * ) SI_UNIT ( .MILLI., .METRE. ) );
#3844 = ADVANCED_FACE ( 'NONE', ( #829 ), #1136, .T. ) ;
#3843 = ORIENTED_EDGE ( 'NONE', *, *, #1106, .T. ) ;
#3845 =( GEOMETRIC_REPRESENTATION_CONTEXT ( 3 ) GLOBAL_UNCERTAINTY_ASSIGNED_CONTEXT ( ( #3091 ) ) GLOBAL_UNIT_ASSIGNED_CONTEXT ( ( #2782, #981, #1350 ) ) REPRESENTATION_CONTEXT ( 'NONE', 'WORKASPACE' ) );
#3846 = CARTESIAN_POINT ( 'NONE',  ( 0.6500000000000001332, 0.1999999999999999833, 0.1250000000000044686 ) ) ;
#3847 = LINE ( 'NONE', #3882, #2694 ) ;
#3848 = PRESENTATION_LAYER_ASSIGNMENT (  '', '', ( #803 ) ) ;
#3849 = DIRECTION ( 'NONE',  ( -1.000000000000000000, 0.000000000000000000, -1.282972570774514001E-14 ) ) ;
#3850 =( NAMED_UNIT ( * ) SI_UNIT ( $, .STERADIAN. ) SOLID_ANGLE_UNIT ( ) );
#3851 = COLOUR_RGB ( '',0.2980392156862745057, 0.2980392156862745057, 0.2980392156862745057 ) ;
#3852 = MECHANICAL_DESIGN_GEOMETRIC_PRESENTATION_REPRESENTATION (  '', ( #3355 ), #2136 ) ;
#3853 = DIRECTION ( 'NONE',  ( 0.000000000000000000, -0.000000000000000000, 1.000000000000000000 ) ) ;
#3854 = CARTESIAN_POINT ( 'NONE',  ( -0.1499999999999999667, 0.1999999999999999833, 0.1249999999999963918 ) ) ;
#3855 = ORIENTED_EDGE ( 'NONE', *, *, #2268, .T. ) ;
#3856 =( LENGTH_UNIT ( ) NAMED_UNIT ( * ) SI_UNIT ( .MILLI., .METRE. ) );
#3857 =( LENGTH_UNIT ( ) NAMED_UNIT ( * ) SI_UNIT ( .MILLI., .METRE. ) );
#3858 =( LENGTH_UNIT ( ) NAMED_UNIT ( * ) SI_UNIT ( .MILLI., .METRE. ) );
#3859 = ORIENTED_EDGE ( 'NONE', *, *, #3564, .T. ) ;
#3860 = UNCERTAINTY_MEASURE_WITH_UNIT (LENGTH_MEASURE( 1.000000000000000082E-05 ), #2145, 'distance_accuracy_value', 'NONE');
#3861 = ORIENTED_EDGE ( 'NONE', *, *, #2097, .T. ) ;
#3862 = FILL_AREA_STYLE_COLOUR ( '', #2129 ) ;
#3863 = DIRECTION ( 'NONE',  ( 0.000000000000000000, 1.000000000000000000, 0.000000000000000000 ) ) ;
#3864 = MECHANICAL_DESIGN_GEOMETRIC_PRESENTATION_REPRESENTATION (  '', ( #6 ), #2217 ) ;
#3865 = PLANE ( 'NONE',  #2498 ) ;
#3866 = ORIENTED_EDGE ( 'NONE', *, *, #3777, .T. ) ;
#3867 = PRODUCT_DEFINITION_CONTEXT ( 'detailed design', #781, 'design' ) ;
#3868 =( NAMED_UNIT ( * ) SI_UNIT ( $, .STERADIAN. ) SOLID_ANGLE_UNIT ( ) );
#3869 =( NAMED_UNIT ( * ) SI_UNIT ( $, .STERADIAN. ) SOLID_ANGLE_UNIT ( ) );
#3870 = AXIS2_PLACEMENT_3D ( 'NONE', #3326, #1745, #2989 ) ;
#3871 = CARTESIAN_POINT ( 'NONE',  ( 0.000000000000000000, 0.2000000000000000111, 0.000000000000000000 ) ) ;
#3872 = VERTEX_POINT ( 'NONE', #914 ) ;
#3873 = CARTESIAN_POINT ( 'NONE',  ( 0.000000000000000000, 0.2500000000000000000, 0.000000000000000000 ) ) ;
#3874 = DIRECTION ( 'NONE',  ( -0.000000000000000000, -1.000000000000000000, -0.000000000000000000 ) ) ;
#3875 = DIRECTION ( 'NONE',  ( 0.000000000000000000, 0.000000000000000000, 1.000000000000000000 ) ) ;
#3876 = ORIENTED_EDGE ( 'NONE', *, *, #2092, .T. ) ;
#3877 = FACE_OUTER_BOUND ( 'NONE', #1308, .T. ) ;
#3878 = ORIENTED_EDGE ( 'NONE', *, *, #1085, .T. ) ;
#3879 = FACE_BOUND ( 'NONE', #1958, .T. ) ;
#3880 = EDGE_LOOP ( 'NONE', ( #918, #1727, #2779, #3801 ) ) ;
#3881 =( NAMED_UNIT ( * ) PLANE_ANGLE_UNIT ( ) SI_UNIT ( $, .RADIAN. ) );
#3882 = CARTESIAN_POINT ( 'NONE',  ( -0.6500000000000001332, 0.000000000000000000, 0.4499999999999928502 ) ) ;
#3883 = CARTESIAN_POINT ( 'NONE',  ( -0.1500000000000001332, 0.1999999999999999833, 0.4499999999999963474 ) ) ;
#3884 = CARTESIAN_POINT ( 'NONE',  ( -0.6499999999999871436, 0.6422951503238740756, -0.4500000000000240474 ) ) ;
#3885 = CARTESIAN_POINT ( 'NONE',  ( 0.7500000000000004441, 0.000000000000000000, 0.5499999999999993783 ) ) ;
#3886 = DIRECTION ( 'NONE',  ( 0.000000000000000000, 1.000000000000000000, 0.000000000000000000 ) ) ;
#3887 = CARTESIAN_POINT ( 'NONE',  ( 0.1500000000000127620, 0.000000000000000000, -0.4500000000000166644 ) ) ;
#3888 = LINE ( 'NONE', #2388, #231 ) ;
#3889 = EDGE_LOOP ( 'NONE', ( #1542, #3215, #2602, #30 ) ) ;
#3890 = EDGE_CURVE ( 'NONE', #2976, #192, #1480, .T. ) ;
#3891 = SURFACE_STYLE_USAGE ( .BOTH. , #1832 ) ;
#3892 = VECTOR ( 'NONE', #2040, 1000.000000000000000 ) ;
#3893 = STYLED_ITEM ( 'NONE', ( #1838 ), #2965 ) ;
#3894 = CARTESIAN_POINT ( 'NONE',  ( 0.000000000000000000, 0.2000000000000000111, 0.000000000000000000 ) ) ;
#3895 = DIRECTION ( 'NONE',  ( -0.000000000000000000, -1.000000000000000000, -0.000000000000000000 ) ) ;
#3896 = LINE ( 'NONE', #564, #3918 ) ;
#3897 = VECTOR ( 'NONE', #2059, 1000.000000000000000 ) ;
#3898 = PLANE ( 'NONE',  #3281 ) ;
#3899 = ORIENTED_EDGE ( 'NONE', *, *, #1761, .T. ) ;
#3900 = FACE_OUTER_BOUND ( 'NONE', #2560, .T. ) ;
#3901 = FILL_AREA_STYLE ('',( #3558 ) ) ;
#3902 = VECTOR ( 'NONE', #878, 1000.000000000000000 ) ;
#3903 = MECHANICAL_DESIGN_GEOMETRIC_PRESENTATION_REPRESENTATION (  '', ( #235 ), #3276 ) ;
#3904 = SURFACE_STYLE_FILL_AREA ( #281 ) ;
#3905 = VECTOR ( 'NONE', #1547, 1000.000000000000000 ) ;
#3906 =( NAMED_UNIT ( * ) PLANE_ANGLE_UNIT ( ) SI_UNIT ( $, .RADIAN. ) );
#3907 = VECTOR ( 'NONE', #2152, 1000.000000000000000 ) ;
#3908 = DIRECTION ( 'NONE',  ( 1.000000000000000000, 0.000000000000000000, 1.282972570774514001E-14 ) ) ;
#3909 = ORIENTED_EDGE ( 'NONE', *, *, #363, .T. ) ;
#3910 = STYLED_ITEM ( 'NONE', ( #3717 ), #2489 ) ;
#3911 = AXIS2_PLACEMENT_3D ( 'NONE', #1358, #2845, #2293 ) ;
#3912 = CARTESIAN_POINT ( 'NONE',  ( 0.000000000000000000, 0.000000000000000000, 0.000000000000000000 ) ) ;
#3913 =( NAMED_UNIT ( * ) PLANE_ANGLE_UNIT ( ) SI_UNIT ( $, .RADIAN. ) );
#3914 = COLOUR_RGB ( '',0.8313725490196077761, 0.6705882352941175961, 0.1294117647058823373 ) ;
#3915 = PRESENTATION_LAYER_ASSIGNMENT (  '', '', ( #3158 ) ) ;
#3916 = EDGE_CURVE ( 'NONE', #585, #230, #3026, .T. ) ;
#3917 = ORIENTED_EDGE ( 'NONE', *, *, #1110, .T. ) ;
#3918 = VECTOR ( 'NONE', #2978, 1000.000000000000000 ) ;
#3919 = SURFACE_SIDE_STYLE ('',( #1519 ) ) ;
#3920 = ADVANCED_FACE ( 'NONE', ( #3345 ), #531, .T. ) ;
#3921 = UNCERTAINTY_MEASURE_WITH_UNIT (LENGTH_MEASURE( 1.000000000000000082E-05 ), #1491, 'distance_accuracy_value', 'NONE');
#3922 = EDGE_CURVE ( 'NONE', #3192, #2731, #555, .T. ) ;
#3923 = PLANE ( 'NONE',  #1635 ) ;
#3924 = FILL_AREA_STYLE ('',( #3395 ) ) ;
#3925 = FILL_AREA_STYLE_COLOUR ( '', #3347 ) ;
#3926 = ORIENTED_EDGE ( 'NONE', *, *, #389, .T. ) ;
#3927 = VECTOR ( 'NONE', #1038, 1000.000000000000000 ) ;
ENDSEC;
END-ISO-10303-21;
