mode,received_at,frame_start_seq,frame_span_ms,anchors_used,x_m,y_m,reference_error_cm
rolling,1785524882.7683692,,199.99217987060547,3,1.5473386666666666,1.5560626666666668,7.337555420952928
coherent,1785524882.8683817,1443,300.0047206878662,4,1.5178515555555556,1.5265755555555556,3.2014655844464572
rolling,1785524882.8683817,,300.0047206878662,4,1.5178515555555556,1.5265755555555556,3.2014655844464572
rolling,1785524882.9786334,,308.9754581451416,4,1.5108702222222221,1.5195942222222227,2.2407482581814913
rolling,1785524883.0791886,,310.8193874359131,4,1.4961902222222223,1.5269342222222226,2.7202329558920506
rolling,1785524883.178593,,310.211181640625,4,1.4973999444444446,1.5245147777777779,2.4652274101709297
coherent,1785524883.2812529,1444,302.61945724487305,4,1.504786611111111,1.5319014444444443,3.2258546209818237
rolling,1785524883.2812529,,302.61945724487305,4,1.504786611111111,1.5319014444444443,3.2258546209818237
rolling,1785524883.3886058,,309.4172477722168,4,1.501312277777778,1.5284271111111107,2.8457384262955117
rolling,1785524883.488877,,310.2841377258301,4,1.508677277777778,1.524744611111111,2.6221955088681566
rolling,1785524883.5889368,,307.68394470214844,4,1.5152577777777778,1.511583611111111,1.9156717596955475
coherent,1785524883.688663,1445,300.05717277526855,4,1.5145236111111111,1.5108494444444442,1.8128588595361532
rolling,1785524883.688663,,300.05717277526855,4,1.5145236111111111,1.5108494444444442,1.8128588595361532
rolling,1785524883.8030896,,314.2125606536865,4,1.5194902777777781,1.5158161111111113,2.510020514924068
rolling,1785524883.9005923,,311.65552139282227,4,1.5190008333333334,1.5160608333333336,2.4879349563889983
rolling,1785524884.0051677,,316.50471687316895,4,1.5190008333333334,1.5160608333333336,2.4879349563889983
coherent,1785524884.1054354,1446,302.34575271606445,4,1.5194903888888889,1.516550388888889,2.5569329897625033
rolling,1785524884.1054354,,302.34575271606445,4,1.5194903888888889,1.516550388888889,2.5569329897625033
rolling,1785524884.208728,,308.1357479095459,4,1.5095792777777783,1.5066392777777777,1.165515217207957
rolling,1785524884.308417,,303.2493591308594,4,1.5027037222222228,1.5100770555555554,1.0433463591956942
rolling,1785524884.4085262,,303.09081077575684,4,1.5027037222222228,1.5100770555555554,1.0433463591956942
coherent,1785524884.512926,1447,304.1980266571045,4,1.4948175000000006,1.5021908333333331,0.5626549292811504
rolling,1785524884.512926,,304.1980266571045,4,1.4948175000000006,1.5021908333333331,0.5626549292811504
rolling,1785524884.6238828,,315.46568870544434,4,1.4918614999999997,1.4992348333333336,0.8174390636480601
rolling,1785524884.7184002,,309.8740577697754,4,1.5031340555555557,1.4935985555555555,0.7127467656932458
rolling,1785524884.8205016,,307.5754642486572,4,1.4999555555555557,1.4999555555555557,0.006285393610525462
coherent,1785524884.9185736,1448,294.6908473968506,4,1.4957197222222223,1.4957197222222223,0.6053226884057439
rolling,1785524884.9185736,,294.6908473968506,4,1.4957197222222223,1.4957197222222223,0.6053226884057439
rolling,1785524885.0283616,,309.96131896972656,4,1.5105797222222226,1.5105797222222226,1.4961986652807202
rolling,1785524885.130066,,309.56435203552246,4,1.5144730555555561,1.5086330555555556,1.6852269441814747
rolling,1785524885.2296765,,311.10286712646484,4,1.5169163888888895,1.5037463888888887,1.732627030687596
coherent,1785524885.3287413,1449,300.37975311279297,4,1.5241228888888891,1.510952888888889,2.649300932997306
rolling,1785524885.3287413,,300.37975311279297,4,1.5241228888888891,1.510952888888889,2.649300932997306
rolling,1785524885.4384873,,308.42137336730957,4,1.5117256666666672,1.4985556666666662,1.1814286163605876
rolling,1785524885.5384338,,308.7573051452637,4,1.506856777777778,1.5009901111111108,0.69278944496993
rolling,1785524885.6396437,,310.90235710144043,4,1.5027097222222219,1.5092842222222227,0.9671575714081794
coherent,1785524885.7385874,1450,300.10008811950684,4,1.507625277777777,1.5141997777777785,1.6117647164724482
rolling,1785524885.7385874,,300.10008811950684,4,1.507625277777777,1.5141997777777785,1.6117647164724482
rolling,1785524885.8540375,,315.60373306274414,4,1.5170344999999998,1.5236090000000004,2.911286779501489
rolling,1785524885.9530118,,313.3680820465088,4,1.4933545000000004,1.5354490000000003,3.6066525633196433
rolling,1785524886.0493746,,310.7872009277344,4,1.495790055555556,1.5305778888888888,3.086633961334795
coherent,1785524886.1530628,1451,299.025297164917,4,1.4938291666666668,1.5286170000000001,2.927476512335809
rolling,1785524886.1530628,,299.025297164917,4,1.4938291666666668,1.5286170000000001,2.927476512335809
rolling,1785524886.2590683,,306.0564994812012,4,1.4844199444444441,1.5192077777777775,2.4732101776328874
rolling,1785524886.3584428,,309.0682029724121,4,1.4918749444444446,1.5154802777777774,1.7483006831149224
rolling,1785524886.4592416,,306.1788082122803,4,1.4918749444444446,1.5154802777777774,1.7483006831149224
coherent,1785524886.5585926,1452,299.52430725097656,4,1.4928562777777774,1.5164616111111109,1.7944843481115298
rolling,1785524886.5585926,,299.52430725097656,4,1.4928562777777774,1.5164616111111109,1.7944843481115298
rolling,1785524886.6691258,,310.683012008667,4,1.4918705,1.5154758333333336,1.7481138052515832
rolling,1785524886.768498,,309.25631523132324,4,1.5041843888888884,1.5093188888888895,1.0215223957257207
rolling,1785524886.8685663,,309.97371673583984,4,1.5051617222222218,1.5073642222222225,0.8993060949290544
coherent,1785524886.9683542,1453,299.2284297943115,4,1.5063858888888888,1.508588388888889,1.0702336221966864
rolling,1785524886.9683542,,299.2284297943115,4,1.5063858888888888,1.508588388888889,1.0702336221966864
rolling,1785524887.078493,,309.995174407959,4,1.5162836666666661,1.518486166666667,2.463526249380917
rolling,1785524887.1785405,,309.97419357299805,4,1.5054547777777776,1.5239006111111113,2.451517513887089
rolling,1785524887.2784193,,310.06503105163574,4,1.501556111111111,1.5316979444444443,3.1736117654703766
coherent,1785524887.3801348,1454,301.64170265197754,4,1.4961489999999997,1.5262908333333338,2.65713778032141
rolling,1785524887.3801348,,301.64170265197754,4,1.4961489999999997,1.5262908333333338,2.65713778032141
rolling,1785524887.4887352,,310.194730758667,4,1.4818262222222216,1.5119680555555561,2.1760527394733566
rolling,1785524887.5887716,,310.3523254394531,4,1.4842967777777774,1.5107327777777784,1.902061268696885
rolling,1785524887.6886322,,308.49742889404297,4,1.4787422777777777,1.5218417777777777,3.0478746866808524
coherent,1785524887.7898083,1455,301.0730743408203,4,1.4846382777777776,1.5277377777777776,3.170752001784588
rolling,1785524887.7898083,,301.0730743408203,4,1.4846382777777776,1.5277377777777776,3.170752001784588
rolling,1785524887.906752,,317.9805278778076,4,1.4910357222222221,1.5341352222222222,3.5292657483358414
rolling,1785524888.0023146,,313.68231773376465,4,1.497433166666667,1.5309364999999997,3.10428037653027
rolling,1785524888.1031668,,313.3585453033447,4,1.5076205000000003,1.5105618333333328,1.302399107843307
coherent,1785524888.202007,1456,295.2549457550049,4,1.5041889444444443,1.5071302777777775,0.8269710801890758
rolling,1785524888.202007,,295.2549457550049,4,1.5041889444444443,1.5071302777777775,0.8269710801890758
rolling,1785524888.3103042,,307.98959732055664,4,1.5022165000000005,1.505157833333333,0.5613921708079311
rolling,1785524888.4086604,,305.4935932159424,4,1.5187707222222224,1.4968807222222222,1.9028134606386748
rolling,1785524888.511873,,309.86595153808594,4,1.5175476666666667,1.4993268333333334,1.7560573988499295
coherent,1785524888.60916,1457,298.8557815551758,4,1.5190210000000002,1.5008001666666668,1.903782308181404
rolling,1785524888.60916,,298.8557815551758,4,1.5190210000000002,1.5008001666666668,1.903782308181404
rolling,1785524888.7184117,,309.7512722015381,4,1.521981,1.5037601666666667,2.230029628415534
rolling,1785524888.8185282,,306.6551685333252,4,1.5093449999999995,1.510078166666667,1.3744033918799357
rolling,1785524888.9183238,,309.16380882263184,4,1.5076373888888883,1.513493388888889,1.5504878353179998
coherent,1785524889.0183635,1458,299.95179176330566,4,1.5125196111111108,1.5183756111111115,2.2235191613301954
rolling,1785524889.0183635,,299.95179176330566,4,1.5125196111111108,1.5183756111111115,2.2235191613301954
rolling,1785524889.1286259,,310.09769439697266,4,1.5194573888888885,1.5253133888888892,3.1927380716456866
rolling,1785524889.2284133,,310.0895881652832,4,1.518968388888889,1.525557888888889,3.1827746723526027
rolling,1785524889.3289585,,310.5950355529785,4,1.5167808888888892,1.5299328888888886,3.4315828259504286
coherent,1785524889.4286036,1459,299.97777938842773,4,1.513368,1.52652,2.9698717548069418
rolling,1785524889.4286036,,299.97777938842773,4,1.513368,1.52652,2.9698717548069418
rolling,1785524889.5383744,,309.96108055114746,4,1.5019932222222223,1.5151452222222224,1.5275820468559422
rolling,1785524889.6385489,,309.59033966064453,4,1.4961078888888886,1.5180878888888891,1.8501898641978227
rolling,1785524889.7386346,,310.0309371948242,4,1.5007365,1.5088306666666664,0.8861326425980113
coherent,1785524889.838763,1460,300.3885746002197,4,1.5058476666666663,1.5139418333333334,1.5118529099713596
rolling,1785524889.838763,,300.3885746002197,4,1.5058476666666663,1.5139418333333334,1.5118529099713596
rolling,1785524889.9527972,,314.24832344055176,4,1.502899666666667,1.5109938333333328,1.1369803786296369
rolling,1785524890.0520933,,313.4586811065674,4,1.4959930000000004,1.5144471666666661,1.4992553941688052
rolling,1785524890.1534946,,314.7315979003906,4,1.4969725555555558,1.5124880555555555,1.284978410024223
coherent,1785524890.2526572,1461,299.86000061035156,4,1.487934277777778,1.5034497777777778,1.2549207921612886
rolling,1785524890.2526572,,299.86000061035156,4,1.487934277777778,1.5034497777777778,1.2549207921612886
rolling,1785524890.3585777,,306.4844608306885,4,1.490882277777778,1.5063977777777777,1.1138420849268922
rolling,1785524890.4585335,,305.0389289855957,4,1.4913770555555557,1.506150388888889,1.05916218954673
rolling,1785524890.5593605,,306.7033290863037,4,1.485284,1.5183365000000002,2.3511441645505404
coherent,1785524890.6585994,1462,300.0216484069824,4,1.4795889444444443,1.5126414444444445,2.4008692312034743
rolling,1785524890.6585994,,300.0216484069824,4,1.4795889444444443,1.5126414444444445,2.4008692312034743
rolling,1785524890.768444,,309.91053581237793,4,1.4835320555555556,1.5165845555555557,2.337179234035384
rolling,1785524890.8683753,,309.01479721069336,4,1.4795676111111107,1.518566777777778,2.760811027137135
rolling,1785524890.9683397,,309.7403049468994,4,1.483215111111111,1.511271777777778,2.0218443789865765
coherent,1785524891.0684633,1463,300.0192642211914,4,1.4925926666666667,1.520649333333333,2.193771989570045
rolling,1785524891.0684633,,300.0192642211914,4,1.4925926666666667,1.520649333333333,2.193771989570045
rolling,1785524891.174423,,306.0476779937744,4,1.4881576666666667,1.516214333333333,2.007848261752401
rolling,1785524891.278396,,310.056209564209,4,1.4936051111111115,1.5134906111111108,1.4929540919012099
rolling,1785524891.3785577,,310.09435653686523,4,1.4914136111111116,1.5178736111111109,1.9829070787670604
coherent,1785524891.4783936,1464,303.9705753326416,4,1.4960422222222223,1.5225022222222224,2.2847625913353706
rolling,1785524891.4783936,,303.9705753326416,4,1.4960422222222223,1.5225022222222224,2.2847625913353706
rolling,1785524891.5885344,,310.138463973999,4,1.487226222222222,1.5136862222222225,1.8721166561732054
rolling,1785524891.6885953,,310.03761291503906,4,1.5009711111111108,1.5068137777777781,0.6882632083372326
rolling,1785524891.7884305,,310.03689765930176,4,1.5051181666666666,1.4985196666666663,0.5327946772027342
coherent,1785524891.8884642,1465,299.9298572540283,4,1.5053606666666668,1.4987621666666664,0.5501725045131229
rolling,1785524891.8884642,,299.9298572540283,4,1.5053606666666668,1.4987621666666664,0.5501725045131229
rolling,1785524892.0016825,,313.08722496032715,4,1.5205885555555558,1.5139900555555554,2.489197208562906
rolling,1785524892.1019797,,313.549280166626,4,1.5171686666666666,1.5156999999999998,2.326484719724382
rolling,1785524892.2020583,,313.59410285949707,4,1.515213111111111,1.5196111111111112,2.482004086804365
coherent,1785524892.303329,1466,301.64647102355957,4,1.5190780000000002,1.5234759999999996,3.0250498508288874
rolling,1785524892.303329,,301.64647102355957,4,1.5190780000000002,1.5234759999999996,3.0250498508288874
rolling,1785524892.4086144,,306.63466453552246,4,1.5146349999999997,1.519033,2.4009129805138607
rolling,1785524892.5108135,,308.75515937805176,4,1.519517222222222,1.516591888888889,2.561664966721511
rolling,1785524892.608689,,305.3600788116455,4,1.5170827777777776,1.5214607777777778,2.742966057814225
coherent,1785524892.7086651,1467,300.0507354736328,4,1.506631388888889,1.5110093888888891,1.2852313500007502
rolling,1785524892.7086651,,300.0507354736328,4,1.506631388888889,1.5110093888888891,1.2852313500007502
rolling,1785524892.8184826,,307.66916275024414,4,1.5026971666666666,1.5070751666666669,0.7571835404239278
rolling,1785524892.9185512,,309.8621368408203,4,1.4953655,1.5107410000000003,1.1698190939201158
rolling,1785524893.0185661,,309.90099906921387,4,1.4997555000000002,1.5019609999999997,0.19761835061548658
coherent,1785524893.1184256,1468,299.9429702758789,4,1.500491333333334,1.5026968333333328,0.274122572441967
rolling,1785524893.1184256,,299.9429702758789,4,1.500491333333334,1.5026968333333328,0.274122572441967
rolling,1785524893.2286038,,310.05263328552246,4,1.5163135555555554,1.5185190555555557,2.467969840848847
rolling,1785524893.3353505,,316.7843818664551,4,1.522182888888889,1.5155843888888887,2.711003018251577
rolling,1785524893.42866,,310.23430824279785,4,1.5185220555555556,1.5229060555555556,2.9457663232464455
coherent,1785524893.5284393,1469,299.8354434967041,4,1.5212115555555554,1.525595555555556,3.324248115414928
rolling,1785524893.5284393,,299.8354434967041,4,1.5212115555555554,1.525595555555556,3.324248115414928
rolling,1785524893.6385791,,303.22861671447754,4,1.5162426666666666,1.520626666666667,2.6254211056937806
rolling,1785524893.7384276,,309.7677230834961,4,1.5093920000000003,1.5240520000000002,2.5820696504936005
rolling,1785524893.838846,,310.4066848754883,4,1.5103657777777784,1.5221044444444443,2.4414254302267895
coherent,1785524893.9385397,1470,299.9606132507324,4,1.5123133333333332,1.5240520000000004,2.7020675079978913
rolling,1785524893.9385397,,299.9606132507324,4,1.5123133333333332,1.5240520000000004,2.7020675079978913
rolling,1785524894.051778,,313.3504390716553,4,1.5172822222222224,1.529020888888889,3.377702172838095
rolling,1785524894.15263,,313.784122467041,4,1.511869,1.5317275000000001,3.387487885218198
rolling,1785524894.2524943,,313.95459175109863,4,1.5140664999999998,1.5273325000000004,3.0739745908188905
coherent,1785524894.3486521,1471,296.8740463256836,4,1.5106536111111113,1.5239196111111113,2.6184866343244773
rolling,1785524894.3486521,,296.8740463256836,4,1.5106536111111113,1.5239196111111113,2.6184866343244773
rolling,1785524894.4594839,,306.8537712097168,4,1.4977807222222217,1.5110467222222224,1.1267442731599835
rolling,1785524894.558611,,306.11658096313477,4,1.5110197222222217,1.5044272222222224,1.1875797845191967
rolling,1785524894.6588342,,310.1820945739746,4,1.509553722222222,1.507359222222222,1.2059509111710338
coherent,1785524894.758528,1472,299.044132232666,4,1.5043935555555559,1.502199055555555,0.49131635181595223
rolling,1785524894.758528,,299.044132232666,4,1.5043935555555559,1.502199055555555,0.49131635181595223
rolling,1785524894.868442,,309.8311424255371,4,1.500462888888889,1.498268388888889,0.17924126655376516
rolling,1785524894.9685814,,309.74721908569336,4,1.4832701111111113,1.5068647777777777,1.8083538264754295
rolling,1785524895.068545,,310.0171089172363,4,1.4810786111111114,1.5112477777777777,2.201207537745654
coherent,1785524895.1686063,1473,300.16422271728516,4,1.4808316666666668,1.5110008333333338,2.2100754213500537
rolling,1785524895.1686063,,300.16422271728516,4,1.4808316666666668,1.5110008333333338,2.2100754213500537
rolling,1785524895.2785513,,309.9699020385742,4,1.469125,1.499294166666667,3.088306697357701
rolling,1785524895.378449,,309.9038600921631,4,1.481433333333333,1.4931400000000004,1.9793451217792235
rolling,1785524895.4784987,,309.8924160003662,4,1.485580388888889,1.4848458888888885,2.0918228131550487
coherent,1785524895.5785081,1474,299.9567985534668,4,1.489763333333333,1.4890288333333335,1.500519384987158
rolling,1785524895.5785081,,299.9567985534668,4,1.489763333333333,1.4890288333333335,1.500519384987158
rolling,1785524895.6885355,,310.0864887237549,4,1.4921916666666672,1.4914571666666667,1.157368008913092
rolling,1785524895.788474,,309.97538566589355,4,1.4823561111111117,1.4963749444444445,1.8012435784876553
rolling,1785524895.888491,,309.9827766418457,4,1.482111277777778,1.4968646111111115,1.8161416415808058
coherent,1785524895.98846,1475,299.9246120452881,4,1.4830908333333341,1.4978441666666666,1.70460416144686
rolling,1785524895.98846,,299.9246120452881,4,1.4830908333333341,1.4978441666666666,1.70460416144686
rolling,1785524896.1063645,,317.8904056549072,4,1.4908988333333335,1.505652166666667,1.0713459885686871
rolling,1785524896.2026827,,314.1918182373047,4,1.487435388888889,1.507383888888889,1.457364976582446
rolling,1785524896.3051422,,316.6821002960205,4,1.4835331666666665,1.515188333333334,2.2401831832960672
coherent,1785524896.4031656,1476,296.8010902404785,4,1.4716611666666666,1.5033163333333335,2.853221935763547
rolling,1785524896.4031656,,296.8010902404785,4,1.4716611666666666,1.5033163333333335,2.853221935763547
rolling,1785524896.513013,,310.3301525115967,4,1.4716611666666666,1.5033163333333335,2.853221935763547
rolling,1785524896.6087558,,303.61366271972656,4,1.4736416111111117,1.5023261111111108,2.646082874210677
rolling,1785524896.7087235,,305.5579662322998,4,1.4733986666666672,1.5028119999999998,2.6749547269273215
coherent,1785524896.8087196,1477,295.70674896240234,4,1.482572611111112,1.5119859444444443,2.1151282412890366
rolling,1785524896.8087196,,295.70674896240234,4,1.482572611111112,1.5119859444444443,2.1151282412890366
rolling,1785524896.9183528,,309.5970153808594,4,1.4855152777777778,1.5149286111111109,2.0800735745682664
rolling,1785524897.0185263,,309.802770614624,4,1.4830391666666665,1.5161666666666667,2.3431410082882955
rolling,1785524897.118498,,309.77845191955566,4,1.4791671666666661,1.523910666666667,3.1713197964553026
coherent,1785524897.218546,1478,300.19307136535645,4,1.4823543333333336,1.5270978333333332,3.233669932866069
rolling,1785524897.218546,,300.19307136535645,4,1.4823543333333336,1.5270978333333332,3.233669932866069
rolling,1785524897.3285637,,310.03737449645996,4,1.4991805555555553,1.5439240555555558,4.393169864283742
rolling,1785524897.428443,,309.94486808776855,4,1.4957046666666665,1.5456620000000003,4.586358176641326
rolling,1785524897.5285695,,310.02354621887207,4,1.4983636111111107,1.5403441111111114,4.03772840832736
coherent,1785524897.6284628,1479,299.8991012573242,4,1.4929589444444447,1.5349394444444446,3.564184677346068
rolling,1785524897.6284628,,299.8991012573242,4,1.4929589444444447,1.5349394444444446,3.564184677346068
rolling,1785524897.745684,,317.24095344543457,4,1.4864950555555556,1.5284755555555556,3.151572287993823
rolling,1785524897.8385162,,309.94677543640137,4,1.4954110555555553,1.5240175555555557,2.445202212452798
rolling,1785524897.9410074,,312.544584274292,4,1.502485444444444,1.5098687777777782,1.017694496956654
coherent,1785524898.0389936,1480,293.30968856811523,4,1.5069114444444442,1.5142947777777775,1.5877932359872364
rolling,1785524898.0389936,,293.30968856811523,4,1.5069114444444442,1.5142947777777775,1.5877932359872364
rolling,1785524898.152653,,314.1367435455322,4,1.495567333333334,1.5029506666666665,0.5324938267768903
rolling,1785524898.252737,,311.72966957092285,4,1.5049005555555555,1.4982840555555557,0.5192293336234474
rolling,1785524898.3537126,,314.71896171569824,4,1.5014736666666666,1.5051378333333336,0.5344999981810877
coherent,1785524898.4522507,1481,299.59774017333984,4,1.499265166666667,1.5029293333333331,0.302009499942532
rolling,1785524898.4522507,,299.59774017333984,4,1.499265166666667,1.5029293333333331,0.302009499942532
rolling,1785524898.5634432,,310.70613861083984,4,1.4929052777777776,1.4965694444444446,0.7880596096124222
rolling,1785524898.6601048,,306.3921928405762,4,1.4791230555555555,1.5034605555555556,2.11618112194942
rolling,1785524898.758666,,306.415319442749,4,1.4769315555555556,1.5078435555555556,2.4365436438518953
coherent,1785524898.8586257,1482,295.182466506958,4,1.4727353888888886,1.5036473888888893,2.7507498336761462
rolling,1785524898.8586257,,295.182466506958,4,1.4727353888888886,1.5036473888888893,2.7507498336761462
rolling,1785524898.9700441,,309.9393844604492,4,1.4919277222222223,1.522839722222222,2.4224256019739174
rolling,1785524899.068719,,310.05287170410156,4,1.5052207222222225,1.516193222222222,1.7014005597150679
rolling,1785524899.1685421,,309.91649627685547,4,1.5023127222222221,1.5220092222222228,2.213039870640259
coherent,1785524899.2684822,1483,298.43807220458984,4,1.5028080555555554,1.522504555555556,2.2679069574305637
rolling,1785524899.2684822,,298.43807220458984,4,1.5028080555555554,1.522504555555556,2.2679069574305637
rolling,1785524899.3868866,,318.16768646240234,4,1.5057907222222224,1.5254872222222218,2.6136774102016798
rolling,1785524899.474087,,305.5448532104492,4,1.516502277777778,1.520131444444444,2.603075541114163
rolling,1785524899.5787568,,310.274600982666,4,1.5265040000000003,1.5001279999999995,2.6504309083619138
coherent,1785524899.6784866,1484,291.59998893737793,4,1.5279873333333338,1.501611333333333,2.803368014054251
rolling,1785524899.6784866,,291.59998893737793,4,1.5279873333333338,1.501611333333333,2.803368014054251
rolling,1785524899.7926593,,318.5722827911377,4,1.525004666666667,1.4986286666666662,2.504224251584192
rolling,1785524899.8900807,,311.323881149292,4,1.5172251111111112,1.502518444444444,1.740824560976432
rolling,1785524899.988619,,310.1325035095215,4,1.5014553888888889,1.534057888888889,3.4088971125362613
coherent,1785524900.088661,1485,296.001672744751,4,1.4967444444444449,1.529346944444444,2.952696716902352
rolling,1785524900.088661,,296.001672744751,4,1.4967444444444449,1.529346944444444,2.952696716902352
rolling,1785524900.1973474,,307.2667121887207,4,1.4844027777777777,1.5170052777777778,2.307493907573254
rolling,1785524900.3026316,,314.0125274658203,4,1.47312,1.5226466666666667,3.5148341512952124
rolling,1785524900.4074328,,318.7718391418457,4,1.4883975000000005,1.4920916666666661,1.4041358280490819
coherent,1785524900.5146317,1486,317.28434562683105,4,1.484900611111111,1.488594777777778,1.892275452348771
rolling,1785524900.5146317,,317.28434562683105,4,1.484900611111111,1.488594777777778,1.892275452348771
rolling,1785524900.6087515,,306.1199188232422,4,1.4839192777777779,1.4876134444444442,2.029818675939155
rolling,1785524900.7087479,,301.3150691986084,4,1.4819450555555553,1.4886005555555557,2.1352478838157296
rolling,1785524900.8086588,,294.02709007263184,4,1.4792457777777774,1.4939991111111113,2.1604360844657844
coherent,1785524900.9088955,1487,300.1439571380615,4,1.4896711111111114,1.5044244444444441,1.1236621125631094
rolling,1785524900.9088955,,300.1439571380615,4,1.4896711111111114,1.5044244444444441,1.1236621125631094
rolling,1785524901.0203538,,311.60593032836914,4,1.4990296666666665,1.5137830000000005,1.3817113872940079
rolling,1785524901.1186182,,309.95941162109375,4,1.5098438888888885,1.5083758888888894,1.2925078844471483
rolling,1785524901.221846,,312.95061111450195,4,1.5054558888888885,1.5171518888888893,1.7998722622027958
coherent,1785524901.3184345,1488,298.0806827545166,4,1.5012597222222224,1.5129557222222219,1.3016821362242554
rolling,1785524901.3184345,,298.0806827545166,4,1.5012597222222224,1.5129557222222219,1.3016821362242554
rolling,1785524901.431693,,313.07482719421387,4,1.4919011666666664,1.5035971666666672,0.8861755434951771
rolling,1785524901.5286136,,306.76746368408203,4,1.4996985000000003,1.4996985000000003,0.04263853890551099
rolling,1785524901.6284826,,310.04810333251953,4,1.5038417777777782,1.4914119444444447,0.9408185516832378
coherent,1785524901.728656,1489,296.9629764556885,4,1.5109806111111113,1.4985507777777778,1.107583249344458
rolling,1785524901.728656,,296.9629764556885,4,1.5109806111111113,1.4985507777777778,1.107583249344458
rolling,1785524901.8400156,,311.4020824432373,4,1.512452944444444,1.5000231111111118,1.245296589009473
rolling,1785524901.9441445,,315.6619071960449,4,1.488393944444444,1.5120526111111117,1.6732183364831479
rolling,1785524902.038681,,310.0249767303467,4,1.4818284444444443,1.5251836111111112,3.1055107468890406
coherent,1785524902.139549,1490,299.5333671569824,4,1.4806042777777777,1.5239594444444446,3.0826109365407066
rolling,1785524902.139549,,299.5333671569824,4,1.4806042777777777,1.5239594444444446,3.0826109365407066
rolling,1785524902.2548337,,310.68921089172363,4,1.4860199444444444,1.5293751111111114,3.253212421786438
rolling,1785524902.3525789,,313.89784812927246,4,1.4894896111111104,1.5276402777777782,2.9571155375271245
rolling,1785524902.4491441,,309.59510803222656,4,1.4906993333333332,1.5252208333333332,2.6881086928772455
coherent,1785524902.5526717,1491,297.8379726409912,4,1.4879963888888892,1.5225178888888893,2.551748419651017
rolling,1785524902.5526717,,297.8379726409912,4,1.4879963888888892,1.5225178888888893,2.551748419651017
rolling,1785524902.6602244,,307.6455593109131,4,1.4845469444444446,1.5190684444444447,2.454388925036037
rolling,1785524902.758687,,309.5428943634033,4,1.494890611111111,1.5138966111111112,1.4806135727844723
rolling,1785524902.8587904,,306.1187267303467,4,1.497805277777778,1.5080672777777775,0.8360489003433823
coherent,1785524902.9587076,1492,298.48313331604004,4,1.5029537777777777,1.513215777777778,1.354184571733494
rolling,1785524902.9587076,,298.48313331604004,4,1.5029537777777777,1.513215777777778,1.354184571733494
rolling,1785524903.068608,,309.9210262298584,4,1.5133347777777781,1.5235967777777777,2.7103952108069937
rolling,1785524903.1678882,,309.0977668762207,4,1.528424888888889,1.5160517222222223,3.2644020810020735
rolling,1785524903.2684422,,309.734582901001,4,1.528424888888889,1.5160517222222223,3.2644020810020735
coherent,1785524903.368529,1493,299.92103576660156,4,1.5220433333333334,1.5096701666666668,2.4071158422592815
rolling,1785524903.368529,,299.92103576660156,4,1.5220433333333334,1.5096701666666668,2.4071158422592815
rolling,1785524903.4786532,,310.76502799987793,4,1.5116623333333334,1.4992891666666668,1.168397632681434
rolling,1785524903.5804026,,311.96045875549316,4,1.488206333333333,1.5110171666666667,1.6139037604688928
rolling,1785524903.6786015,,310.0724220275879,4,1.4923628333333332,1.5027041666666665,0.810177956103206
coherent,1785524903.778614,1494,299.9608516693115,4,1.4938421666666664,1.5041835,0.7444500225744776
rolling,1785524903.778614,,299.9608516693115,4,1.4938421666666664,1.5041835,0.7444500225744776
rolling,1785524903.8885648,,308.1622123718262,4,1.4963049444444445,1.5066462777777778,0.7604370050045223
rolling,1785524903.9907079,,312.1063709259033,4,1.5080969444444439,1.5007502777777781,0.8131631206605356
rolling,1785524904.0905452,,311.9311332702637,4,1.5105569444444442,1.4958302777777777,1.1350579695045377
coherent,1785524904.1886675,1495,300.10271072387695,4,1.5112951111111104,1.4965684444444451,1.1804876473016914
rolling,1785524904.1886675,,300.10271072387695,4,1.5112951111111104,1.4965684444444451,1.1804876473016914
rolling,1785524904.302743,,312.03508377075195,4,1.5083404444444444,1.4936137777777778,1.0504610787766837
rolling,1785524904.4063694,,315.8242702484131,4,1.5029516666666665,1.4963081666666667,0.4726729257342868
rolling,1785524904.5021706,,313.5030269622803,4,1.5002462777777774,1.5017189444444448,0.17364972637221407
coherent,1785524904.6020966,1496,299.35359954833984,4,1.4965454444444448,1.4980181111111113,0.3982692262065672
rolling,1785524904.6020966,,299.35359954833984,4,1.4965454444444448,1.4980181111111113,0.3982692262065672
rolling,1785524904.7076776,,301.30815505981445,4,1.4995001111111108,1.500972777777778,0.10937026589404643
rolling,1785524904.8063345,,304.16393280029297,4,1.5102507777777772,1.4955974444444446,1.1156206365477535
rolling,1785524904.9088066,,306.71000480651855,4,1.5082916666666664,1.4995156666666665,0.8305800075181443
coherent,1785524905.0087113,1497,301.03373527526855,4,1.4914560555555556,1.4826800555555553,1.9312676205756785
rolling,1785524905.0087113,,301.03373527526855,4,1.4914560555555556,1.4826800555555553,1.9312676205756785
rolling,1785524905.1186388,,312.3042583465576,4,1.4875182777777773,1.4787422777777777,2.4651250347799643
rolling,1785524905.218887,,310.08052825927734,4,1.4748013888888891,1.485100722222222,2.927385318382931
rolling,1785524905.3186133,,309.9019527435303,4,1.471633,1.4914375000000002,2.963111700982598
coherent,1785524905.4186482,1498,300.00948905944824,4,1.4953566111111112,1.5151611111111107,1.585624011223662
rolling,1785524905.4186482,,300.00948905944824,4,1.4953566111111112,1.5151611111111107,1.585624011223662
rolling,1785524905.528672,,309.7848892211914,4,1.5077093888888888,1.527513888888889,2.85735674851821
rolling,1785524905.6287978,,310.1844787597656,4,1.5082012777777776,1.5272679444444448,2.847458079434351
rolling,1785524905.7285829,,309.9346160888672,4,1.5055349999999998,1.5326005000000003,3.3067035325986134
coherent,1785524905.8296595,1499,300.98748207092285,4,1.5016096666666672,1.5286751666666667,2.87203100634184
rolling,1785524905.8296595,,300.98748207092285,4,1.5016096666666672,1.5286751666666667,2.87203100634184
rolling,1785524905.93863,,309.8323345184326,4,1.4882746666666666,1.5153401666666662,1.9308137018854872
rolling,1785524906.0384932,,309.9102973937988,4,1.4872906666666672,1.5158321666666659,2.0302331273497876
rolling,1785524906.1405659,,310.90641021728516,4,1.4870489444444446,1.516315611111111,2.0830962674156197
coherent,1785524906.2387636,1500,300.13346672058105,4,1.490485166666667,1.5197518333333333,2.192411853162817
rolling,1785524906.2387636,,300.13346672058105,4,1.490485166666667,1.5197518333333333,2.192411853162817
rolling,1785524906.351996,,313.5027885437012,4,1.5003473888888892,1.5296140555555555,2.9616093015245144
rolling,1785524906.4528134,,312.24751472473145,4,1.5096595000000004,1.524958,2.6762057175224947
rolling,1785524906.5519223,,313.1587505340576,4,1.5157358888888892,1.5128052222222224,2.028772819425488
coherent,1785524906.652747,1501,300.7509708404541,4,1.5152463333333328,1.5123156666666666,1.9599140939223283
rolling,1785524906.652747,,300.7509708404541,4,1.5152463333333328,1.5123156666666666,1.9599140939223283
rolling,1785524906.7604606,,307.6472282409668,4,1.5162374444444444,1.5133067777777776,2.099344985736202
rolling,1785524906.8587494,,306.8270683288574,4,1.5269196666666667,1.5079656666666663,2.807348034870069
rolling,1785524906.9597988,,307.0518970489502,4,1.5225376666666663,1.5167296666666668,2.806827685404902
coherent,1785524907.0585895,1502,298.1288433074951,4,1.5215572222222218,1.5157492222222229,2.6697412431604883
rolling,1785524907.0585895,,298.1288433074951,4,1.5215572222222218,1.5157492222222229,2.6697412431604883
rolling,1785524907.1697927,,311.04326248168945,4,1.5300175555555553,1.5242095555555564,3.8563664526707253
rolling,1785524907.2686024,,308.8035583496094,4,1.5168925555555561,1.530772055555556,3.5103815124737827
rolling,1785524907.3692205,,310.63103675842285,4,1.5220083888888896,1.520540388888889,3.010443085646025
coherent,1785524907.4685884,1503,298.7957000732422,4,1.5212718888888892,1.519803888888889,2.9063504125014026
rolling,1785524907.4685884,,298.7957000732422,4,1.5212718888888892,1.519803888888889,2.9063504125014026
rolling,1785524907.5793848,,310.78243255615234,4,1.5058924444444448,1.5044244444444443,0.7368623356695803
rolling,1785524907.6785254,,309.30495262145996,4,1.5093107777777774,1.502715277777778,0.9698624450799654
rolling,1785524907.7789652,,310.3768825531006,4,1.5152174444444442,1.4909019444444447,1.7729783707414928
coherent,1785524907.8786914,1504,299.30663108825684,4,1.5193777222222216,1.495062222222223,1.999694396412332
rolling,1785524907.8786914,,299.30663108825684,4,1.5193777222222216,1.495062222222223,1.999694396412332
rolling,1785524907.9890916,,310.5661869049072,4,1.5262968333333333,1.5019813333333332,2.637136942100064
rolling,1785524908.0886285,,309.6632957458496,4,1.5189584999999999,1.5056505,1.9782640685712192
rolling,1785524908.1887,,310.0085258483887,4,1.5204451666666665,1.5026771666666665,2.0619700807453096
coherent,1785524908.288772,1505,299.6804714202881,4,1.5189804999999994,1.5012125,1.901918863937096
rolling,1785524908.288772,,299.6804714202881,4,1.5189804999999994,1.5012125,1.901918863937096
rolling,1785524908.4021506,,313.5221004486084,4,1.5204688333333332,1.5027008333333338,2.0646249991759222
rolling,1785524908.5020306,,313.33065032958984,4,1.5282946111111113,1.4987879444444447,2.832055960956238
rolling,1785524908.6039398,,315.1676654815674,4,1.5160279444444447,1.5233212777777778,2.829800346848657
coherent,1785524908.7063093,1506,304.15868759155273,4,1.5157834444444447,1.5230767777777778,2.7958089904995527
rolling,1785524908.7063093,,304.15868759155273,4,1.5157834444444447,1.5230767777777778,2.7958089904995527
rolling,1785524908.8087697,,306.73909187316895,4,1.503441777777778,1.5107351111111111,1.1273351091823063
rolling,1785524908.9113572,,307.4173927307129,4,1.486249,1.5193315,2.3723340684861483
rolling,1785524909.008714,,302.40464210510254,4,1.4901441111111111,1.5115412777777775,1.5176944308191405
coherent,1785524909.1100392,1507,301.26953125,4,1.4869554999999999,1.508352666666667,1.5489545528983462
rolling,1785524909.1100392,,301.26953125,4,1.4869554999999999,1.508352666666667,1.5489545528983462
rolling,1785524909.2185173,,307.1601390838623,4,1.4943438333333332,1.5157410000000002,1.6726365485697114
rolling,1785524909.3186805,,309.9665641784668,4,1.5081198333333332,1.5088530000000002,1.2012797441108924
rolling,1785524909.4187498,,308.71057510375977,4,1.5086087222222224,1.5078752222222218,1.1667442879601442
coherent,1785524909.519761,1508,301.24378204345703,4,1.5051538333333339,1.504420333333333,0.6789797110780132
rolling,1785524909.519761,,301.24378204345703,4,1.5051538333333339,1.504420333333333,0.6789797110780132
rolling,1785524909.628732,,310.05144119262695,4,1.5145841666666664,1.5138506666666662,2.011315202727316
rolling,1785524909.7316537,,312.90388107299805,4,1.5184881666666663,1.5118986666666663,2.198614507226918
rolling,1785524909.8286018,,308.8407516479492,4,1.5133769999999995,1.522121,2.585116573773782
coherent,1785524909.929451,1509,300.7190227508545,4,1.5183058888888885,1.5270498888888888,3.2661935902722643
rolling,1785524909.929451,,300.7190227508545,4,1.5183058888888885,1.5270498888888888,3.2661935902722643
rolling,1785524910.0403893,,308.73560905456543,4,1.4985458888888892,1.5072898888888884,0.7433499790528962
rolling,1785524910.1395483,,310.9464645385742,4,1.4936636666666665,1.5097309999999997,1.1612126468098236
rolling,1785524910.2387033,,309.2522621154785,4,1.502701944444444,1.4916544444444446,0.8772046586271837
coherent,1785524910.3398967,1510,299.50737953186035,4,1.5024565555555556,1.4914090555555553,0.8935266736089473
rolling,1785524910.3398967,,299.50737953186035,4,1.5024565555555556,1.4914090555555553,0.8935266736089473
rolling,1785524910.4566908,,317.1424865722656,4,1.505888888888889,1.4948413888888887,0.782881095322665
rolling,1785524910.5518875,,313.1842613220215,4,1.5117448888888885,1.491913388888889,1.4259582542090115
rolling,1785524910.656088,,316.1914348602295,4,1.4986048888888883,1.5181933888888894,1.8246800658600755
coherent,1785524910.7520123,1511,295.3214645385742,4,1.5027613888888893,1.5223498888888884,2.2519831303571984
rolling,1785524910.7520123,,295.3214645385742,4,1.5027613888888893,1.5223498888888884,2.2519831303571984
rolling,1785524910.8586328,,306.7452907562256,4,1.5190890555555552,1.5386775555555554,4.313172087635905
rolling,1785524910.9610567,,304.96859550476074,4,1.5239446111111106,1.5362497777777777,4.344411111072002
rolling,1785524911.0587733,,306.7610263824463,4,1.536346111111111,1.5114467777777771,3.8106016774192453
coherent,1785524911.162803,1512,304.1701316833496,4,1.531944111111111,1.5070447777777778,3.2711697122241667
rolling,1785524911.162803,,304.1701316833496,4,1.531944111111111,1.5070447777777778,3.2711697122241667
rolling,1785524911.268664,,307.60717391967773,4,1.5156164444444442,1.490717111111111,1.81671506629375
rolling,1785524911.3687546,,309.9813461303711,4,1.507348777777778,1.4948509444444442,0.897314370448646
rolling,1785524911.471719,,308.9160919189453,4,1.5075948333333333,1.4943588333333335,0.9460668830596491
coherent,1785524911.5690637,1513,300.3997802734375,4,1.513699,1.5004629999999999,1.370682202408703
rolling,1785524911.5690637,,300.3997802734375,4,1.513699,1.5004629999999999,1.370682202408703
rolling,1785524911.6786823,,309.92770195007324,4,1.5186212222222224,1.5053852222222224,1.938428578596867
rolling,1785524911.778924,,307.2049617767334,4,1.509304888888889,1.5100433888888891,1.3691260628884026
rolling,1785524911.8802648,,311.2010955810547,4,1.506604388888889,1.515444388888889,1.6797234913726744
coherent,1785524911.9788823,1514,300.1999855041504,4,1.4995171111111114,1.508357111111111,0.8371050579375671
rolling,1785524911.9788823,,300.1999855041504,4,1.4995171111111114,1.508357111111111,0.8371050579375671
rolling,1785524912.088753,,309.8289966583252,4,1.506445555555555,1.515285555555556,1.6588954007463332
rolling,1785524912.188969,,308.704137802124,4,1.5172255555555552,1.509895555555556,1.986559296750571
rolling,1785524912.2899733,,311.09094619750977,4,1.519434055555555,1.505478555555556,2.0191510253364227
coherent,1785524912.3887722,1515,300.0192642211914,4,1.5189418333333335,1.5049863333333326,1.9587153191285611
rolling,1785524912.3887722,,300.0192642211914,4,1.5189418333333335,1.5049863333333326,1.9587153191285611
rolling,1785524912.4997103,,310.7414245605469,4,1.5189418333333335,1.5049863333333326,1.9587153191285611
rolling,1785524912.5989127,,308.93945693969727,4,1.507669277777778,1.5106226111111105,1.310182004343704
rolling,1785524912.7045274,,315.75512886047363,4,1.500342611111111,1.5252759444444446,2.5278266355351704
coherent,1785524912.7986512,1516,298.94089698791504,4,1.5062199444444446,1.5311532777777774,3.1768135374795587
rolling,1785524912.7986512,,298.94089698791504,4,1.5062199444444446,1.5311532777777774,3.1768135374795587
rolling,1785524912.908983,,310.070276260376,4,1.5037405,1.5286738333333336,2.8916778144838227
rolling,1785524913.0123236,,307.7962398529053,4,1.4933455,1.5338713333333336,3.4518829528647044
rolling,1785524913.1092012,,310.5499744415283,4,1.5028896666666665,1.5147830000000002,1.5062777381494075
coherent,1785524913.2087946,1517,299.81160163879395,4,1.5055620555555558,1.5174553888888889,1.8320127272086126
rolling,1785524913.2087946,,299.81160163879395,4,1.5055620555555558,1.5174553888888889,1.8320127272086126
rolling,1785524913.3186507,,306.32710456848145,4,1.5011130555555552,1.513006388888889,1.3053928320577144
rolling,1785524913.4185705,,309.3693256378174,4,1.5178939444444441,1.5046159444444445,1.8479723777563646
rolling,1785524913.5188236,,310.0290298461914,4,1.5078648888888888,1.5246740555555554,2.5897210173939555
coherent,1785524913.61872,1518,300.06933212280273,4,1.5017718333333332,1.5185809999999997,1.866528741705042
rolling,1785524913.61872,,300.06933212280273,4,1.5017718333333332,1.5185809999999997,1.866528741705042
rolling,1785524913.7287524,,310.1818561553955,4,1.5052306111111113,1.5220397777777777,2.26519557012083
rolling,1785524913.8286366,,309.8130226135254,4,1.5017967222222224,1.5237567222222221,2.3824568442841745
rolling,1785524913.9287124,,309.99231338500977,4,1.503495777777778,1.5203586111111111,2.0656560910399984
coherent,1785524914.030732,1519,301.97954177856445,4,1.5076466111111115,1.5245094444444445,2.567456968402556
rolling,1785524914.030732,,301.97954177856445,4,1.5076466111111115,1.5245094444444445,2.567456968402556
rolling,1785524914.1389124,,310.2757930755615,4,1.4953438333333335,1.5122066666666665,1.3064555068538781
rolling,1785524914.239513,,310.80055236816406,4,1.4923918333333333,1.5136826666666665,1.5655656075006432
rolling,1785524914.3388064,,308.0744743347168,4,1.4945843333333333,1.5092976666666666,1.0759928015042153
coherent,1785524914.440404,1520,301.49149894714355,4,1.4904334999999997,1.5051468333333338,1.0863140227904657
rolling,1785524914.440404,,301.49149894714355,4,1.4904334999999997,1.5051468333333338,1.0863140227904657
rolling,1785524914.5522416,,312.7286434173584,4,1.509188611111111,1.523901944444445,2.5607294319716214
rolling,1785524914.652652,,313.8456344604492,4,1.5238686111111108,1.516561944444445,2.905182610705088
rolling,1785524914.7521896,,311.7856979370117,4,1.519008611111111,1.5262819444444449,3.243559618928466
coherent,1785524914.8523772,1521,300.13561248779297,4,1.5163056666666668,1.523579,2.86678217945565
rolling,1785524914.8523772,,300.13561248779297,4,1.5163056666666668,1.523579,2.86678217945565
rolling,1785524914.9586427,,305.99069595336914,4,1.5113390000000004,1.518612333333333,2.179430827328798
rolling,1785524915.0587573,,306.5676689147949,4,1.4971515555555557,1.5257060555555555,2.5863389723282433
rolling,1785524915.159417,,307.039737701416,4,1.508396,1.5032171666666667,0.8991272288231104
coherent,1785524915.259572,1522,300.92930793762207,4,1.5041922777777776,1.4990134444444443,0.4306795192512187
rolling,1785524915.259572,,300.92930793762207,4,1.5041922777777776,1.4990134444444443,0.4306795192512187
rolling,1785524915.369707,,310.94980239868164,4,1.507169611111111,1.5019907777777783,0.7440868205059326
rolling,1785524915.468718,,309.30113792419434,4,1.5189242777777778,1.4961134444444448,1.9319254734510662
rolling,1785524915.5687335,,309.1614246368408,4,1.510104277777778,1.513753444444445,1.7066155498439932
coherent,1785524915.6691377,1523,299.43060874938965,4,1.510104277777778,1.513753444444445,1.7066155498439932
rolling,1785524915.6691377,,299.43060874938965,4,1.510104277777778,1.513753444444445,1.7066155498439932
rolling,1785524915.7788527,,310.1346492767334,4,1.5036634999999996,1.5073126666666665,0.8179017424347055
rolling,1785524915.8787038,,309.9703788757324,4,1.4879621666666663,1.5151633333333332,1.9360684624746476
rolling,1785524915.978647,,309.50927734375,4,1.4928443888888885,1.505398888888889,0.8963859191666901
coherent,1785524916.078873,1524,300.0202178955078,4,1.501952555555555,1.5145070555555555,1.463786644595119
rolling,1785524916.078873,,300.0202178955078,4,1.501952555555555,1.5145070555555555,1.463786644595119
rolling,1785524916.1887748,,310.0709915161133,4,1.4980076666666664,1.5105621666666669,1.0748430434512797
rolling,1785524916.2888658,,310.21881103515625,4,1.5029387777777774,1.5080966111111112,0.8613450313998847
rolling,1785524916.3888474,,309.97443199157715,4,1.4953902777777777,1.5231936111111108,2.3647264859587778
coherent,1785524916.488918,1525,300.1432418823242,4,1.486033833333333,1.513837166666667,1.9660137149120873
rolling,1785524916.488918,,300.1432418823242,4,1.486033833333333,1.513837166666667,1.9660137149120873
rolling,1785524916.6023157,,313.4498596191406,4,1.4880045,1.5158078333333334,1.9843881045411613
rolling,1785524916.696902,,308.05468559265137,4,1.4870200555555557,1.5163000555555552,2.0836764837542496
rolling,1785524916.801947,,313.02905082702637,4,1.4950592222222223,1.5002217222222223,0.4945750276066207
coherent,1785524916.9022532,1526,299.93748664855957,4,1.5014783333333335,1.5066408333333332,0.6803391566384687
rolling,1785524916.9022532,,299.93748664855957,4,1.5014783333333335,1.5066408333333332,0.6803391566384687
rolling,1785524917.00894,,312.0379447937012,4,1.5098933333333335,1.5150558333333333,1.8015442315012904
rolling,1785524917.1087968,,306.84971809387207,4,1.5123527777777785,1.5138261111111109,1.8540562755320102
rolling,1785524917.2089603,,306.70714378356934,4,1.5081962777777782,1.5221391111111116,2.3607609158926786
coherent,1785524917.3087335,1527,299.7934818267822,4,1.5096669444444444,1.5236097777777777,2.5512181827668545
rolling,1785524917.3087335,,299.7934818267822,4,1.5096669444444444,1.5236097777777777,2.5512181827668545
rolling,1785524917.4186513,,309.85450744628906,4,1.4914341666666666,1.505377,1.0113635829633423
rolling,1785524917.518596,,309.6356391906738,4,1.493397722222222,1.5043952222222223,0.7931459527581265
rolling,1785524917.6187232,,309.98969078063965,4,1.484462222222222,1.5222662222222223,2.7151559629623505
coherent,1785524917.7187376,1528,300.08625984191895,4,1.4788029444444446,1.5166069444444443,2.6927788026612256
rolling,1785524917.7187376,,300.08625984191895,4,1.4788029444444446,1.5166069444444443,2.6927788026612256
rolling,1785524917.8287127,,310.1167678833008,4,1.4930677222222222,1.5308717222222226,3.1640475789000755
rolling,1785524917.928617,,309.8938465118408,4,1.4989370555555555,1.527937055555556,2.795726960928409
rolling,1785524918.0286613,,309.9236488342285,4,1.5023001666666667,1.5212108333333334,2.1335187306159082
coherent,1785524918.1286612,1529,299.94845390319824,4,1.5059976666666666,1.524908333333334,2.5620247361977593
rolling,1785524918.1286612,,299.94845390319824,4,1.5059976666666666,1.524908333333334,2.5620247361977593
rolling,1785524918.240014,,311.3970756530762,4,1.5094688888888887,1.5283795555555555,2.9917537170044284
rolling,1785524918.3388193,,310.15801429748535,4,1.5001610000000005,1.5330334999999997,3.303389234180528
rolling,1785524918.4389179,,310.2567195892334,4,1.4953632222222226,1.5426290555555553,4.288048607139511
coherent,1785524918.5389664,1530,298.9523410797119,4,1.4879432222222218,1.5352090555555558,3.7216172338070166
rolling,1785524918.5389664,,298.9523410797119,4,1.4879432222222218,1.5352090555555558,3.7216172338070166
rolling,1785524918.651971,,313.1518363952637,4,1.4741236666666668,1.5213895,3.3572240572052485
rolling,1785524918.7524257,,313.5077953338623,4,1.4657275555555558,1.5255875555555556,4.277059091836537
rolling,1785524918.852162,,313.19546699523926,4,1.4734253333333338,1.5101919999999995,2.846207603890499
coherent,1785524918.952109,1531,300.137996673584,4,1.4764053333333338,1.5131719999999997,2.702239588028942
rolling,1785524918.952109,,300.137996673584,4,1.4764053333333338,1.5131719999999997,2.702239588028942
rolling,1785524919.0588279,,306.40220642089844,4,1.4764053333333338,1.5131719999999997,2.702239588028942
rolling,1785524919.1589031,,306.74123764038086,4,1.4901999999999997,1.5062746666666667,1.1636642203736547
rolling,1785524919.2594082,,307.2991371154785,4,1.4950688888888886,1.496536888888889,0.6025694595482498
coherent,1785524919.3644524,1532,305.62448501586914,4,1.5063440000000001,1.507812,1.0063482498618483
rolling,1785524919.3644524,,305.62448501586914,4,1.5063440000000001,1.507812,1.0063482498618483
rolling,1785524919.468778,,309.8747730255127,4,1.5127385555555555,1.514206555555556,1.9081326431751822
rolling,1785524919.5687706,,309.36241149902344,4,1.5038905555555557,1.5186305555555557,1.9032446580498081
rolling,1785524919.668645,,304.19254302978516,4,1.5051147222222225,1.516182222222222,1.6971290447690646
coherent,1785524919.7687588,1533,299.98087882995605,4,1.5029272222222225,1.513994722222222,1.4297583013063089
rolling,1785524919.7687588,,299.98087882995605,4,1.5029272222222225,1.513994722222222,1.4297583013063089
rolling,1785524919.878751,,309.9803924560547,4,1.5068810000000001,1.5179485,1.9222299894913697
rolling,1785524919.978791,,310.1460933685303,4,1.5068810000000001,1.5179485,1.9222299894913697
rolling,1785524920.0787802,,310.02140045166016,4,1.5078623333333332,1.5159858333333338,1.7814689242464168
coherent,1785524920.178826,1534,300.0750541687012,4,1.5041965,1.51232,1.3015107077930714
rolling,1785524920.178826,,300.0750541687012,4,1.5041965,1.51232,1.3015107077930714
rolling,1785524920.2888734,,310.08243560791016,4,1.4972867222222224,1.5054102222222225,0.6052468983250762
rolling,1785524920.388858,,310.0779056549072,4,1.4893613888888888,1.5093728888888893,1.4178543384174676
rolling,1785524920.490644,,311.81788444519043,4,1.4844724999999999,1.519150666666667,2.4654640334585984
coherent,1785524920.5889165,1535,300.04310607910156,4,1.4925043333333328,1.5271825000000003,2.819704461513306
rolling,1785524920.5889165,,300.04310607910156,4,1.4925043333333328,1.5271825000000003,2.819704461513306
rolling,1785524920.7018619,,313.0037784576416,4,1.5073643333333335,1.5420425,4.268261017902309
rolling,1785524920.8052487,,314.6047592163086,4,1.518739111111111,1.5363551111111111,4.090046930214616
rolling,1785524920.901907,,312.9904270172119,4,1.5226466666666667,1.5285399999999998,3.6433543762734644
coherent,1785524921.0028956,1536,301.03373527526855,4,1.510924,1.5168173333333337,2.00538394439682
rolling,1785524921.0028956,,301.03373527526855,4,1.510924,1.5168173333333337,2.00538394439682
rolling,1785524921.1087992,,303.55048179626465,4,1.4990200000000005,1.5049133333333329,0.5010114214709989
rolling,1785524921.203884,,301.97691917419434,4,1.5049080000000006,1.5019693333333328,0.5288358703584832
rolling,1785524921.3086991,,305.8035373687744,4,1.5041731666666671,1.503439,0.540759105589368
coherent,1785524921.4087942,1537,299.99494552612305,4,1.5036791666666673,1.5029449999999993,0.47126735894937627
rolling,1785524921.4087942,,299.99494552612305,4,1.5036791666666673,1.5029449999999993,0.47126735894937627
rolling,1785524921.5189023,,315.0184154510498,4,1.4987569444444444,1.498022777777778,0.23355074031666925
rolling,1785524921.618672,,309.97276306152344,4,1.4894195000000003,1.5026914999999998,1.0917470059496017
rolling,1785524921.7187438,,309.9496364593506,4,1.4794770000000002,1.5225765000000002,3.051052082888792
coherent,1785524921.8188071,1538,299.90482330322266,4,1.4812040555555557,1.5243035555555557,3.072377483644583
rolling,1785524921.8188071,,299.90482330322266,4,1.4812040555555557,1.5243035555555557,3.072377483644583
rolling,1785524921.9292707,,310.59885025024414,4,1.4812040555555557,1.5243035555555557,3.072377483644583
rolling,1785524922.05227,,333.5261344909668,4,1.4816975000000001,1.5240568333333335,3.022768162260849
rolling,1785524922.1288195,,310.0123405456543,4,1.489929277777778,1.5075932777777776,1.2612585519537562
coherent,1785524922.2287247,1539,299.4539737701416,4,1.4906677777777777,1.5083317777777778,1.251035141565624
rolling,1785524922.2287247,,299.4539737701416,4,1.4906677777777777,1.5083317777777778,1.251035141565624
rolling,1785524922.3388035,,286.5335941314697,4,1.5020221111111114,1.5196861111111108,1.9789691862802767
rolling,1785524922.438931,,310.11152267456055,4,1.5069443333333337,1.5172249999999998,1.8572140168662388
rolling,1785524922.5388668,,310.14204025268555,4,1.4994337222222223,1.5322462222222226,3.2251194057376678
coherent,1785524922.639221,1540,300.417423248291,4,1.500662333333333,1.5334748333333337,3.348138515860584
rolling,1785524922.639221,,300.417423248291,4,1.500662333333333,1.5334748333333337,3.348138515860584
rolling,1785524922.7523003,,313.3692741394043,4,1.494230222222222,1.5270427222222223,2.7651386236375486
rolling,1785524922.8519192,,313.0524158477783,4,1.4898012222222226,1.529257222222222,3.0983868711330587
rolling,1785524922.951974,,312.75296211242676,4,1.4963367222222228,1.5161862222222218,1.6595583566247438
coherent,1785524923.054059,1541,301.7587661743164,4,1.488176555555556,1.5080260555555556,1.4290255641930256
rolling,1785524923.054059,,301.7587661743164,4,1.488176555555556,1.5080260555555556,1.4290255641930256
rolling,1785524923.1591542,,307.2350025177002,4,1.4827633333333332,1.5026128333333337,1.7433576104906354
rolling,1785524923.259079,,307.10506439208984,4,1.4881741111111109,1.499907444444445,1.1826251077294767
rolling,1785524923.3588707,,304.8117160797119,4,1.4889052777777774,1.498445111111112,1.1203148693339224
coherent,1785524923.4586556,1542,299.5014190673828,4,1.4987808333333328,1.5083206666666673,0.8409510160461245
rolling,1785524923.4586556,,299.5014190673828,4,1.4987808333333328,1.5083206666666673,0.8409510160461245
rolling,1785524923.5686014,,309.5223903656006,4,1.5022225000000002,1.5117623333333334,1.19704633032497
rolling,1785524923.6687171,,309.8464012145996,4,1.506140722222222,1.5098032222222224,1.156769792779735
rolling,1785524923.769206,,310.5504512786865,4,1.5073615555555555,1.5073615555555555,1.0410811706829606
coherent,1785524923.870236,1543,301.6345500946045,4,1.5029395555555556,1.5029395555555556,0.4157159334015885
rolling,1785524923.870236,,301.6345500946045,4,1.5029395555555556,1.5029395555555556,0.4157159334015885
rolling,1785524923.978658,,309.9408149719238,4,1.5173138888888889,1.5173138888888889,2.448553648408745
rolling,1785524924.078972,,309.7660541534424,4,1.5241365555555555,1.5139025555555554,2.785416243690917
rolling,1785524924.1789877,,308.75182151794434,4,1.5275696666666667,1.5070363333333332,2.8453409407114814
coherent,1785524924.2786877,1544,300.0297546386719,4,1.5354061111111112,1.5148727777777777,3.840302361584976
rolling,1785524924.2786877,,300.0297546386719,4,1.5354061111111112,1.5148727777777777,3.840302361584976
rolling,1785524924.3889487,,309.97657775878906,4,1.5244843333333329,1.503951,2.480106811767905
rolling,1785524924.4889011,,309.91339683532715,4,1.5058643333333328,1.5132610000000002,1.449981125547651
rolling,1785524924.5889053,,310.21761894226074,4,1.4915437222222219,1.541902222222222,4.274698657233542
coherent,1785524924.6888123,1545,299.8635768890381,4,1.4859227777777777,1.536281277777778,3.8916568485442156
rolling,1785524924.6888123,,299.8635768890381,4,1.4859227777777777,1.536281277777778,3.8916568485442156
rolling,1785524924.8018725,,312.9713535308838,4,1.4874057777777774,1.5377642777777785,3.980898277348893
rolling,1785524924.9016995,,312.7942085266113,4,1.5016447777777773,1.5306447777777785,3.0688885593773163
rolling,1785524925.0031915,,314.3792152404785,4,1.5179369444444444,1.498060444444444,1.8041503589118397
coherent,1785524925.1020317,1546,300.159215927124,4,1.5147338888888888,1.4948573888888885,1.5605573710384657
rolling,1785524925.1020317,,300.159215927124,4,1.5147338888888888,1.4948573888888885,1.5605573710384657
rolling,1785524925.212304,,310.6045722961426,4,1.5132508888888885,1.4933743888888888,1.4815018695274997
rolling,1785524925.3087447,,305.5531978607178,4,1.5137385555555556,1.4931305555555552,1.5360246603762617
rolling,1785524925.4087002,,306.6685199737549,4,1.5041943888888891,1.5122188888888886,1.2918751635906651
coherent,1785524925.5120888,1547,299.78466033935547,4,1.5059214444444444,1.5139459444444447,1.5151002302032068
rolling,1785524925.5120888,,299.78466033935547,4,1.5059214444444444,1.5139459444444447,1.5151002302032068
rolling,1785524925.6304867,,321.74205780029297,4,1.510872555555556,1.5188970555555554,2.1801632346647803
rolling,1785524925.7175155,,308.81524085998535,4,1.5103848888888887,1.519140888888889,2.177658248420448
rolling,1785524925.8188157,,306.72693252563477,4,1.5128159999999997,1.514278666666667,1.918671878612338
coherent,1785524925.9187815,1548,288.29479217529297,4,1.506872,1.5083346666666664,1.0802363280525216
rolling,1785524925.9187815,,288.29479217529297,4,1.506872,1.5083346666666664,1.0802363280525216
rolling,1785524926.031389,,313.8735294342041,4,1.5019208888888886,1.5033835555555557,0.38907919914829214
rolling,1785524926.128748,,309.9322319030762,4,1.4999679999999995,1.5043600000000004,0.4360117429611638
rolling,1785524926.2287588,,309.97729301452637,4,1.4992374999999998,1.505821,0.5870728000001467
coherent,1785524926.3288333,1549,297.44434356689453,4,1.5012259444444447,1.5078094444444445,0.7905084585994662
rolling,1785524926.3288333,,297.44434356689453,4,1.5012259444444447,1.5078094444444445,0.7905084585994662
rolling,1785524926.4411094,,312.361478805542,4,1.5121477222222228,1.5187312222222218,2.232545276420036
rolling,1785524926.5450547,,316.295862197876,4,1.4978829444444444,1.525863611111111,2.5950111828893805
rolling,1785524926.6391969,,310.3635311126709,4,1.5035089999999998,1.5146115000000002,1.5026942910985082
coherent,1785524926.738907,1550,297.79767990112305,4,1.5079570000000004,1.5190595,2.065377421320392
rolling,1785524926.738907,,297.79767990112305,4,1.5079570000000004,1.5190595,2.065377421320392
rolling,1785524926.8596933,,314.638614654541,4,1.491123222222222,1.5022257222222224,0.9151558508065667
rolling,1785524926.9487529,,309.5560073852539,4,1.4965559999999996,1.4995093333333336,0.3478777052037197
rolling,1785524927.0489643,,310.0571632385254,4,1.4997619444444443,1.4930974444444443,0.6906659369410395
coherent,1785524927.1547341,1551,295.0408458709717,4,1.5066094999999997,1.4999449999999996,0.6609728833318069
rolling,1785524927.1547341,,295.0408458709717,4,1.5066094999999997,1.4999449999999996,0.6609728833318069
rolling,1785524927.260441,,311.6881847381592,4,1.5085766111111114,1.5019121111111104,0.87871740083187
rolling,1785524927.358765,,309.8006248474121,4,1.5016574999999999,1.5053716666666663,0.5621575315494202
rolling,1785524927.4589894,,304.25524711608887,4,1.4933123888888886,1.5220618888888886,2.3053222848858397
coherent,1785524927.5648284,1552,304.38733100891113,4,1.488430166666667,1.5171796666666664,2.0712363219557295
rolling,1785524927.5648284,,304.38733100891113,4,1.488430166666667,1.5171796666666664,2.0712363219557295
rolling,1785524927.669942,,311.17701530456543,4,1.4928691666666671,1.5216186666666665,2.276434783762114
rolling,1785524927.7737393,,314.74995613098145,4,1.4898905000000002,1.523108,2.5222641698481763
rolling,1785524927.868726,,303.8976192474365,4,1.4945381111111111,1.5138127777777781,1.4853452803063965
coherent,1785524927.9687524,1553,298.8104820251465,4,1.5003914444444442,1.5196661111111114,1.9670006481637592
rolling,1785524927.9687524,,298.8104820251465,4,1.5003914444444442,1.5196661111111114,1.9670006481637592
rolling,1785524928.079442,,305.70268630981445,4,1.4954603333333336,1.514735,1.541845642223761
rolling,1785524928.1825664,,313.840389251709,4,1.5083101111111112,1.5083101111111112,1.1752271838160866
rolling,1785524928.2788808,,310.12845039367676,4,1.5036625000000001,1.5176053333333333,1.7982259814266277
coherent,1785524928.3800805,1554,300.63843727111816,4,1.498054333333333,1.511997166666667,1.2153914052911674
rolling,1785524928.3800805,,300.63843727111816,4,1.498054333333333,1.511997166666667,1.2153914052911674
rolling,1785524928.4890444,,306.47802352905273,4,1.5024913333333334,1.5164341666666665,1.6621930567944005
rolling,1785524928.6008594,,321.9785690307617,4,1.5166465555555553,1.5093565555555555,1.909588813667446
rolling,1785524928.6891222,,309.04173851013184,4,1.5134897222222221,1.5156702222222223,2.0676761596694515
coherent,1785524928.7889342,1555,299.88980293273926,4,1.5132445555555556,1.515425055555555,2.0331025324763106
rolling,1785524928.7889342,,299.88980293273926,4,1.5132445555555556,1.515425055555555,2.0331025324763106
rolling,1785524928.9018962,,301.0368347167969,4,1.5206795555555552,1.522860055555556,3.082573856338893
rolling,1785524929.002492,,313.3697509765625,4,1.5104478888888888,1.5279758888888892,2.9863166967989896
rolling,1785524929.1023624,,313.4281635284424,4,1.5136047222222224,1.5216622222222222,2.558007698090004
coherent,1785524929.1992679,1556,297.37162590026855,4,1.5150740555555557,1.5231315555555553,2.7609708678501566
rolling,1785524929.1992679,,297.37162590026855,4,1.5150740555555557,1.5231315555555553,2.7609708678501566
rolling,1785524929.3090622,,306.57029151916504,4,1.5200585000000002,1.5281159999999998,3.453770227229943
rolling,1785524929.4105887,,308.2263469696045,4,1.5161349444444445,1.5300777777777776,3.413223034427557
rolling,1785524929.5120902,,312.8223419189453,4,1.5069600555555556,1.5484275555555553,4.892515212467733
coherent,1785524929.608996,1557,299.93367195129395,4,1.5050000555555558,1.5464675555555554,4.673579222466727
rolling,1785524929.608996,,299.93367195129395,4,1.5050000555555558,1.5464675555555554,4.673579222466727
rolling,1785524929.7224934,,311.9046688079834,4,1.486177388888889,1.5276448888888887,3.0907999928950654
rolling,1785524929.8203504,,308.2602024078369,4,1.4807592777777776,1.5303539444444445,3.593838247569228
rolling,1785524929.9188619,,309.86595153808594,4,1.4858097777777775,1.5202529444444448,2.47294190264516
coherent,1785524930.018817,1558,296.3235378265381,4,1.485318666666667,1.519761833333333,2.461852158718849
rolling,1785524930.018817,,296.3235378265381,4,1.485318666666667,1.519761833333333,2.461852158718849
rolling,1785524930.135028,,314.67747688293457,4,1.490240888888889,1.5246840555555563,2.6543226035069685
rolling,1785524930.2265482,,307.68632888793945,4,1.5175440000000002,1.5110325000000004,2.072457459756455
rolling,1785524930.3290699,,310.2529048919678,4,1.5226435000000007,1.5008334999999997,2.2658835241468864
coherent,1785524930.4290495,1559,294.0216064453125,4,1.5214137777777783,1.4996037777777773,2.141744314257552
rolling,1785524930.4290495,,294.0216064453125,4,1.5214137777777783,1.4996037777777773,2.141744314257552
rolling,1785524930.5446656,,318.1173801422119,4,1.5263582222222223,1.5045482222222222,2.6747751383971856
rolling,1785524930.6396582,,310.5883598327637,4,1.5191132222222223,1.508170722222222,2.0786437052769933
rolling,1785524930.7419527,,312.90316581726074,4,1.5193572777777777,1.507682611111111,2.0826106608068016
coherent,1785524930.838896,1560,294.23046112060547,4,1.5176309999999997,1.5059563333333337,1.8609945399645116
rolling,1785524930.838896,,294.23046112060547,4,1.5176309999999997,1.5059563333333337,1.8609945399645116
rolling,1785524930.952335,,312.67666816711426,4,1.5225976666666667,1.510923,2.509913280927812
rolling,1785524931.052032,,310.07933616638184,4,1.5162782222222224,1.5140827222222222,2.1524488005625733
rolling,1785524931.1522932,,313.3971691131592,4,1.510934666666667,1.524769833333333,2.707603328540233
coherent,1785524931.2543485,1561,302.013635635376,4,1.5138906666666672,1.5277258333333332,3.1010844143174014
rolling,1785524931.2543485,,302.013635635376,4,1.5138906666666672,1.5277258333333332,3.1010844143174014
rolling,1785524931.3653622,,313.33017349243164,4,1.4956250000000004,1.5094601666666665,1.0422829671500158
rolling,1785524931.4589498,,306.6565990447998,4,1.4941613333333332,1.5101920000000002,1.174593088879931
rolling,1785524931.5610938,,306.7452907562256,4,1.5056423888888888,1.487229888888889,1.3961099174619973
coherent,1785524931.6591673,1562,293.8051223754883,4,1.511020166666667,1.4926076666666668,1.32699158050165
rolling,1785524931.6591673,,293.8051223754883,4,1.511020166666667,1.4926076666666668,1.32699158050165
rolling,1785524931.7733674,,314.41760063171387,4,1.525806833333333,1.5073943333333335,2.6845275415589875
rolling,1785524931.8687563,,307.6624870300293,4,1.5164905000000002,1.5120524999999998,2.0425458293512078
rolling,1785524931.9706728,,311.5055561065674,4,1.5021174444444447,1.5407986111111107,4.085352175236496
coherent,1785524932.0876591,1563,314.29171562194824,4,1.5050281111111117,1.5437092777777774,4.399753248990895
rolling,1785524932.0876591,,314.29171562194824,4,1.5050281111111117,1.5437092777777774,4.399753248990895
rolling,1785524932.1828375,,314.08119201660156,4,1.4961321111111108,1.534813277777778,3.5027487407599347
rolling,1785524932.2853618,,314.68892097473145,4,1.493667111111111,1.5360457777777778,3.659786301526301
rolling,1785524932.3802938,,292.6347255706787,4,1.4989813333333335,1.525417333333333,2.5437738019634057
coherent,1785524932.4788702,1564,296.0326671600342,4,1.4919198333333334,1.5183558333333331,2.00555655797141
rolling,1785524932.4788702,,296.0326671600342,4,1.4919198333333334,1.5183558333333331,2.00555655797141
rolling,1785524932.5926714,,307.309627532959,4,1.5062877222222222,1.5327237222222225,3.3322326551743155
rolling,1785524932.6952055,,314.9116039276123,4,1.5053001666666668,1.5332175000000001,3.363768828181351
rolling,1785524932.7946677,,315.7975673675537,4,1.5126335000000004,1.518550833333333,2.2444124835045622
coherent,1785524932.8927069,1565,300.0354766845703,4,1.5133683333333334,1.519285666666667,2.3465917303376473
rolling,1785524932.8927069,,300.0354766845703,4,1.5133683333333334,1.519285666666667,2.3465917303376473
rolling,1785524933.00204,,306.83445930480957,4,1.5118733333333334,1.517790666666667,2.138887245482802
rolling,1785524933.104584,,309.91625785827637,4,1.519748888888889,1.513852888888889,2.4123041742566107
rolling,1785524933.2022333,,309.5264434814453,4,1.5099933333333333,1.5333640000000004,3.4828482698951104
coherent,1785524933.3019962,1566,299.9563217163086,4,1.501358055555556,1.524728722222222,2.476598509318371
rolling,1785524933.3019962,,299.9563217163086,4,1.501358055555556,1.524728722222222,2.476598509318371
rolling,1785524933.4126642,,308.08019638061523,4,1.4884851666666665,1.511855833333333,1.6527315895880266
rolling,1785524933.5089874,,306.75411224365234,4,1.4943545000000003,1.508921166666666,1.0557409007158403
rolling,1785524933.609248,,307.2516918182373,4,1.4967767222222224,1.5040767222222222,0.5197036050469118
coherent,1785524933.7116733,1567,299.0090847015381,4,1.4930342222222217,1.5003342222222225,0.6973791260370301
rolling,1785524933.7116733,,299.0090847015381,4,1.4930342222222217,1.5003342222222225,0.6973791260370301
rolling,1785524933.8194506,,310.46319007873535,4,1.4910671111111111,1.498367111111111,0.908090469197269
rolling,1785524933.9239624,,314.7144317626953,4,1.4783097777777772,1.5047457777777782,2.2203336388152626
rolling,1785524934.018927,,307.2538375854492,4,1.477824444444444,1.5057164444444446,2.290050220593372
coherent,1785524934.1210992,1568,301.6486167907715,4,1.4902022222222222,1.5180942222222216,2.0576620889005395
rolling,1785524934.1210992,,301.6486167907715,4,1.4902022222222222,1.5180942222222216,2.0576620889005395
rolling,1785524934.2310693,,307.10697174072266,4,1.5015616666666665,1.5294536666666672,2.9495038275766263
rolling,1785524934.3333263,,314.39924240112305,4,1.5138311111111111,1.5233189444444448,2.7112226108731936
rolling,1785524934.4289167,,307.8174591064453,4,1.511894222222222,1.5271927222222226,2.9680240297655236
coherent,1785524934.5306249,1569,299.55554008483887,4,1.507223388888889,1.5225218888888887,2.3651909566958347
rolling,1785524934.5306249,,299.55554008483887,4,1.507223388888889,1.5225218888888887,2.3651909566958347
rolling,1785524934.6388893,,305.56297302246094,4,1.5007883888888889,1.5160868888888892,1.6106196048837556
rolling,1785524934.7354188,,306.502103805542,4,1.4949163888888886,1.5190228888888895,1.9690439396012738
rolling,1785524934.8454359,,314.81099128723145,4,1.5019714444444445,1.5049127777777778,0.5293579005867224
coherent,1785524934.9404175,1570,301.5282154083252,4,1.5007356111111112,1.5036769444444444,0.3749805882218584
rolling,1785524934.9404175,,301.5282154083252,4,1.5007356111111112,1.5036769444444444,0.3749805882218584
rolling,1785524935.0533319,,317.9130554199219,4,1.5126449444444445,1.5155862777777778,2.0070542468232833
rolling,1785524935.153956,,308.5200786590576,4,1.5067409444444446,1.5185382777777776,1.9725822542270117
rolling,1785524935.2523944,,311.9769096374512,4,1.5055178888888892,1.5209843888888885,2.1697734324814544
coherent,1785524935.3521469,1571,298.8150119781494,4,1.511669277777778,1.5271357777777776,2.9538491489239522
rolling,1785524935.3521469,,298.8150119781494,4,1.511669277777778,1.5271357777777776,2.9538491489239522
rolling,1785524935.459841,,305.88507652282715,4,1.5141665000000002,1.5296329999999996,3.284515810968156
rolling,1785524935.5602448,,307.8503608703613,4,1.5205610555555555,1.526435722222222,3.3490363016383147
rolling,1785524935.6717284,,319.5815086364746,4,1.5205610555555555,1.526435722222222,3.3490363016383147
coherent,1785524935.7590506,1572,299.2095947265625,4,1.519091055555556,1.5249657222222217,3.1428580755459774
rolling,1785524935.7590506,,299.2095947265625,4,1.519091055555556,1.5249657222222217,3.1428580755459774
rolling,1785524935.8694963,,309.2515468597412,4,1.5165938333333333,1.5224684999999998,2.7931859890534207
rolling,1785524935.973763,,302.0346164703369,4,1.5022775,1.5296266666666667,2.971407720303255
rolling,1785524936.075824,,316.7734146118164,4,1.4964454999999999,1.541290666666667,4.144337853056636
coherent,1785524936.1696937,1573,300.1973628997803,4,1.4932467777777778,1.5380919444444443,3.868594372561366
rolling,1785524936.1696937,,300.1973628997803,4,1.4932467777777778,1.5380919444444443,3.868594372561366
rolling,1785524936.2790117,,305.2487373352051,4,1.477888,1.5227331666666666,3.171336328260433
rolling,1785524936.382745,,306.92100524902344,4,1.4970976666666669,1.5131283333333332,1.3445321672941997
rolling,1785524936.4846284,,314.93473052978516,4,1.4958907222222224,1.5155422222222223,1.6076281767245773
coherent,1785524936.5788443,1574,299.8325824737549,4,1.4990894444444438,1.5187409444444446,1.8763051726452022
rolling,1785524936.5788443,,299.8325824737549,4,1.4990894444444438,1.5187409444444446,1.8763051726452022
rolling,1785524936.702446,,319.7009563446045,4,1.5055042222222217,1.5251557222222223,2.5750860622379346
rolling,1785524936.7945883,,309.95988845825195,4,1.5035495555555551,1.5261330555555555,2.637301532460253
rolling,1785524936.8943706,,315.52624702453613,4,1.5035495555555551,1.5261330555555555,2.637301532460253
coherent,1785524936.9891205,1575,286.67449951171875,4,1.5033041666666664,1.5258876666666668,2.6097678111386817
rolling,1785524936.9891205,,286.67449951171875,4,1.5033041666666664,1.5258876666666668,2.6097678111386817
rolling,1785524937.102932,,308.34364891052246,4,1.4900231666666663,1.5126066666666667,1.6076854412650559
rolling,1785524937.202468,,308.09736251831055,4,1.4890444999999999,1.513096,1.7074196796628602
rolling,1785524937.3030465,,313.92598152160645,4,1.4943758333333335,1.502433333333333,0.6127998189095102
coherent,1785524937.4023893,1576,299.457311630249,4,1.501689166666667,1.5097466666666668,0.9891956082539608
rolling,1785524937.4023893,,299.457311630249,4,1.501689166666667,1.5097466666666668,0.9891956082539608
rolling,1785524937.5119603,,309.4923496246338,4,1.507080388888889,1.5151378888888887,1.6711899557807393
rolling,1785524937.6103587,,307.3122501373291,4,1.496750722222222,1.5203027222222223,2.0561087901905397
rolling,1785524937.7107155,,308.32624435424805,4,1.4977258333333334,1.5183524999999998,1.8492865929264963
coherent,1785524937.8123915,1577,300.4312515258789,4,1.4909031666666661,1.5115298333333331,1.4686368965435066
rolling,1785524937.8123915,,300.4312515258789,4,1.4909031666666661,1.5115298333333331,1.4686368965435066
rolling,1785524937.918915,,308.55631828308105,4,1.4987929444444446,1.519419611111111,1.9457088138284702
rolling,1785524938.020117,,309.4015121459961,4,1.5208079444444447,1.508412111111111,2.244402293147942
rolling,1785524938.1206996,,308.3081245422363,4,1.5159501666666668,1.5181276666666668,2.4145809480575107
coherent,1785524938.222063,1578,303.1480312347412,4,1.508792,1.5109694999999999,1.4058065096235515
rolling,1785524938.222063,,303.1480312347412,4,1.508792,1.5109694999999999,1.4058065096235515
rolling,1785524938.328923,,308.8059425354004,4,1.5063203333333335,1.508497833333333,1.0590551676166424
rolling,1785524938.4310765,,310.3768825531006,4,1.494145333333333,1.5145853333333332,1.5716522205062515
rolling,1785524938.5318544,,309.79132652282715,4,1.4905311666666663,1.5218136666666668,2.378013578890801
coherent,1785524938.6311445,1579,302.22153663635254,4,1.4920198333333332,1.5233023333333333,2.4630911448940673
rolling,1785524938.6311445,,302.22153663635254,4,1.4920198333333332,1.5233023333333333,2.4630911448940673
rolling,1785524938.7391207,,308.0441951751709,4,1.4905395,1.521822,2.378446434650152
rolling,1785524938.8394556,,307.6012134552002,4,1.4762425000000001,1.5289705,3.746610036419583
rolling,1785524938.9400542,,308.90965461730957,4,1.482037166666667,1.5173811666666663,2.4995366291685617
coherent,1785524939.0418122,1580,302.6914596557617,4,1.4889313888888893,1.5242753888888885,2.6679742458197993
rolling,1785524939.0418122,,302.6914596557617,4,1.4889313888888893,1.5242753888888885,2.6679742458197993
rolling,1785524939.1525261,,313.07053565979004,4,1.4913997222222226,1.526743722222222,2.80925516134491
rolling,1785524939.2467754,,306.7212104797363,4,1.518839722222222,1.5130237222222223,2.2903110573284455
rolling,1785524939.352726,,310.9138011932373,4,1.5181118888888887,1.514479388888889,2.318821299106795
coherent,1785524939.4523363,1581,299.81017112731934,4,1.5188453888888889,1.5152128888888894,2.4219427547304875
rolling,1785524939.4523363,,299.81017112731934,4,1.5188453888888889,1.5152128888888894,2.4219427547304875
rolling,1785524939.5610313,,314.255952835083,4,1.5242952777777783,1.5206627777777773,3.1893744022820734
rolling,1785524939.6592398,,306.51378631591797,4,1.503287388888889,1.531166722222222,3.1339615501533205
rolling,1785524939.7623932,,310.0569248199463,4,1.5165413888888888,1.5046587222222223,1.718491312510137
coherent,1785524939.8632925,1582,302.2611141204834,4,1.513847,1.5019643333333335,1.3985636004288233
rolling,1785524939.8632925,,302.2611141204834,4,1.513847,1.5019643333333335,1.3985636004288233
rolling,1785524939.9706378,,311.3980293273926,4,1.5113664444444446,1.4994837777777774,1.137816086594671
rolling,1785524940.068914,,306.5207004547119,4,1.5236303333333336,1.4933518333333329,2.45477244051713
rolling,1785524940.170466,,307.173490524292,4,1.5007674444444448,1.539077611111111,3.908514629787819
coherent,1785524940.2695732,1583,298.9354133605957,4,1.4985529444444445,1.5368631111111108,3.689150214576479
rolling,1785524940.2695732,,298.9354133605957,4,1.4985529444444445,1.5368631111111108,3.689150214576479
rolling,1785524940.3803568,,311.4428520202637,4,1.4965725,1.5348826666666664,3.5050651777502773
rolling,1785524940.4788818,,308.41588973999023,4,1.4877565000000006,1.5392906666666664,4.115409796558628
rolling,1785524940.5800154,,310.4422092437744,4,1.5017473888888895,1.5113088888888884,1.1443091183340157
coherent,1785524940.6812518,1584,300.89497566223145,4,1.504207388888889,1.5137688888888887,1.4397375541983661
rolling,1785524940.6812518,,300.89497566223145,4,1.504207388888889,1.5137688888888887,1.4397375541983661
rolling,1785524940.7899115,,311.02967262268066,4,1.5126488333333334,1.522210333333333,2.555957533826042
rolling,1785524940.8890076,,308.9921474456787,4,1.5136319444444442,1.5217187777777776,2.5642449522167334
rolling,1785524940.989456,,308.20417404174805,4,1.5061075555555552,1.5367675555555558,3.72713747585875
coherent,1785524941.0899699,1585,300.05836486816406,4,1.499688444444444,1.5303484444444446,3.0350043608893538
rolling,1785524941.0899699,,300.05836486816406,4,1.499688444444444,1.5303484444444446,3.0350043608893538
rolling,1785524941.2017863,,312.7787113189697,4,1.4957079999999998,1.5263680000000002,2.6715027381606977
rolling,1785524941.3033354,,313.87948989868164,4,1.5113168888888886,1.5185635555555557,2.1741149210371837
rolling,1785524941.4015527,,311.5828037261963,4,1.5208003888888888,1.4995965555555555,2.0804301126179694
coherent,1785524941.502574,1586,300.78768730163574,4,1.5257448333333332,1.504541,2.6142247882710934
rolling,1785524941.502574,,300.78768730163574,4,1.5257448333333332,1.504541,2.6142247882710934
rolling,1785524941.6107187,,307.38329887390137,4,1.5297252777777777,1.5085214444444444,3.0922599411850786
rolling,1785524941.709163,,307.61027336120605,4,1.5160799444444442,1.515344111111111,2.222625382574695
rolling,1785524941.8104687,,307.8947067260742,4,1.5107094999999997,1.5260850000000001,2.8197883169663656
coherent,1785524941.9115894,1587,300.8706569671631,4,1.5170708333333334,1.5324463333333331,3.6663031755055533
rolling,1785524941.9115894,,300.8706569671631,4,1.5170708333333334,1.5324463333333331,3.6663031755055533
rolling,1785524942.018961,,309.798002243042,4,1.506158833333333,1.521534333333334,2.2397739621196413
rolling,1785524942.120991,,310.52231788635254,4,1.4918425,1.5286925000000005,2.9829588708194197
rolling,1785524942.2190325,,307.44314193725586,4,1.4903871666666666,1.531603166666667,3.303281259680404
coherent,1785524942.3207545,1588,301.79357528686523,4,1.4842718888888886,1.525487888888889,2.995005774845544
rolling,1785524942.3207545,,301.79357528686523,4,1.4842718888888886,1.525487888888889,2.995005774845544
rolling,1785524942.428943,,307.9519271850586,4,1.481806888888889,1.523022888888889,2.934352917921368
rolling,1785524942.5306926,,311.6600513458252,4,1.4975935555555557,1.5151295555555557,1.5319739755388924
rolling,1785524942.6290133,,308.2587718963623,4,1.501727388888889,1.5068618888888894,0.7075972830425545
coherent,1785524942.7303898,1589,301.44691467285156,4,1.5054048888888887,1.5105393888888892,1.1844473059299547
rolling,1785524942.7303898,,301.44691467285156,4,1.5054048888888887,1.5105393888888892,1.1844473059299547
rolling,1785524942.8389308,,308.23826789855957,4,1.5054048888888887,1.5105393888888892,1.1844473059299547
rolling,1785524942.9411466,,312.1333122253418,4,1.5073622222222223,1.5095607222222225,1.2066885491289054
rolling,1785524943.0389328,,308.54296684265137,4,1.5112822222222222,1.5017207222222224,1.1412686942068215
coherent,1785524943.1400135,1590,301.0826110839844,4,1.5058799999999994,1.4963185000000003,0.6937423314890839
rolling,1785524943.1400135,,301.0826110839844,4,1.5058799999999994,1.4963185000000003,0.6937423314890839
rolling,1785524943.2522767,,311.1300468444824,4,1.5044036666666667,1.494842166666667,0.6782000059389062
rolling,1785524943.3518898,,312.9570484161377,4,1.4999946666666668,1.4970466666666669,0.29533381489800803
rolling,1785524943.453607,,313.59362602233887,4,1.5007328333333336,1.495570333333333,0.44898765542301483
coherent,1785524943.5520074,1591,299.7307777404785,4,1.5019653333333334,1.4968028333333334,0.375292017042132
rolling,1785524943.5520074,,299.7307777404785,4,1.5019653333333334,1.4968028333333334,0.375292017042132
rolling,1785524943.6591337,,307.24382400512695,4,1.5004909999999996,1.4953285000000005,0.4697232509680021
rolling,1785524943.7573686,,303.76148223876953,4,1.5088039999999998,1.4911720000000004,1.2467718315713983
rolling,1785524943.8592134,,307.2059154510498,4,1.509789777777778,1.4892004444444442,1.4576355824958853
coherent,1785524943.959594,1592,300.4603385925293,4,1.5053397777777773,1.4847504444444448,1.6157418462056614
rolling,1785524943.959594,,300.4603385925293,4,1.5053397777777773,1.4847504444444448,1.6157418462056614
rolling,1785524944.0707884,,313.4198188781738,4,1.5171904444444446,1.4966011111111108,1.7523236740869284
rolling,1785524944.1690037,,309.79037284851074,4,1.5118187777777783,1.499286944444444,1.1840268425412281
rolling,1785524944.268915,,309.32092666625977,4,1.4989015000000003,1.5251214999999998,2.514550585094659
coherent,1785524944.3764253,1593,305.6368827819824,4,1.501378166666667,1.5275981666666665,2.76325559209099
rolling,1785524944.3764253,,305.6368827819824,4,1.501378166666667,1.5275981666666665,2.76325559209099
rolling,1785524944.4790564,,310.05263328552246,4,1.4979085,1.5241284999999998,2.4218977775702855
rolling,1785524944.578994,,310.07909774780273,4,1.4998649444444445,1.5231502777777775,2.315067172224907
rolling,1785524944.6811075,,304.68225479125977,4,1.5127822222222223,1.4973157222222222,1.3061031817071116
coherent,1785524944.7806172,1594,301.5608787536621,4,1.5085652777777772,1.4930987777777784,1.099958415445638
rolling,1785524944.7806172,,301.5608787536621,4,1.5085652777777772,1.4930987777777784,1.099958415445638
rolling,1785524944.8890584,,310.06431579589844,4,1.5021505000000002,1.4866839999999992,1.348853239793052
rolling,1785524944.9889884,,307.8808784484863,4,1.5079985,1.4837599999999993,1.8102861714381597
rolling,1785524945.0917933,,311.176061630249,4,1.4996760555555555,1.5004048888888886,0.051853159540366914
coherent,1785524945.1903157,1595,301.2573719024658,4,1.5051271666666666,1.5058559999999999,0.7783352364359151
rolling,1785524945.1903157,,301.2573719024658,4,1.5051271666666666,1.5058559999999999,0.7783352364359151
rolling,1785524945.3024073,,313.4188652038574,4,1.4977721666666668,1.4985009999999999,0.26851894460374603
rolling,1785524945.4020755,,310.28223037719727,4,1.4899677222222223,1.5024032222222221,1.0316107524637121
rolling,1785524945.5062973,,315.9816265106201,4,1.4885123888888891,1.5053138888888886,1.265711752981584
coherent,1785524945.6028843,1596,300.4770278930664,4,1.4800652777777779,1.4968667777777773,2.017945072520527
rolling,1785524945.6028843,,300.4770278930664,4,1.4800652777777779,1.4968667777777773,2.017945072520527
rolling,1785524945.7097647,,307.6891899108887,4,1.5012833888888888,1.518084888888889,1.813036936092537
rolling,1785524945.810151,,303.85375022888184,4,1.4879843888888886,1.5247343888888891,2.7498452757932856
rolling,1785524945.9115193,,308.63499641418457,4,1.4879843888888886,1.5247343888888891,2.7498452757932856
coherent,1785524946.0090983,1597,299.3335723876953,4,1.498646,1.5353959999999998,3.5421887753195525
rolling,1785524946.0090983,,299.3335723876953,4,1.498646,1.5353959999999998,3.5421887753195525
rolling,1785524946.118989,,308.837890625,4,1.4931789999999994,1.5299289999999999,3.069643435319485
rolling,1785524946.2190201,,307.50083923339844,4,1.5005873333333335,1.5262248333333328,2.6231409489494233
rolling,1785524946.3194368,,310.33849716186523,4,1.5088871111111113,1.5096252777777774,1.3100638007387806
coherent,1785524946.4194045,1598,300.4155158996582,4,1.5130455,1.5137836666666669,1.8978264858194605
rolling,1785524946.4194045,,300.4155158996582,4,1.5130455,1.5137836666666669,1.8978264858194605
rolling,1785524946.5296757,,310.6555938720703,4,1.5175165000000004,1.5182546666666665,2.529941950640606
rolling,1785524946.629241,,309.80420112609863,4,1.514559166666667,1.5197333333333334,2.452292353028551
rolling,1785524946.7294366,,310.0321292877197,4,1.5021576666666667,1.5445363333333337,4.45885693000152
coherent,1785524946.8359964,1599,306.3206672668457,4,1.4900846111111108,1.5324632777777785,3.3943767335036825
rolling,1785524946.8359964,,306.3206672668457,4,1.4900846111111108,1.5324632777777785,3.3943767335036825
rolling,1785524946.9407544,,311.51342391967773,4,1.4806669444444445,1.5230456111111115,3.008101109668326
rolling,1785524947.0391622,,309.7255229949951,4,1.484608277777778,1.5210749444444447,2.6097095553001126
rolling,1785524947.1395776,,303.58123779296875,4,1.4786346666666672,1.5330221666666666,3.9331170333534784
coherent,1785524947.2411954,1600,300.44102668762207,4,1.4798788333333333,1.5342663333333335,3.973717337882633
rolling,1785524947.2411954,,300.44102668762207,4,1.4798788333333333,1.5342663333333335,3.973717337882633
rolling,1785524947.3523023,,313.1401538848877,4,1.4715205000000002,1.5259080000000005,3.8500732256023547
rolling,1785524947.4521708,,312.5932216644287,4,1.4910138333333331,1.516161333333334,1.8491616653831118
rolling,1785524947.552174,,310.97865104675293,4,1.5023016666666666,1.493585666666667,0.6814788445399621
coherent,1785524947.6527472,1601,300.4448413848877,4,1.5133741666666667,1.5046581666666665,1.416216264283889
rolling,1785524947.6527472,,300.4448413848877,4,1.5133741666666667,1.5046581666666665,1.416216264283889
rolling,1785524947.7590785,,306.90765380859375,4,1.5227200555555562,1.5140040555555552,2.668922060403108
rolling,1785524947.8603835,,308.2094192504883,4,1.5100898333333337,1.5203191666666662,2.2686411587604844
rolling,1785524947.9591901,,306.4429759979248,4,1.5189018333333335,1.5026951666666666,1.9093015129157267
coherent,1785524948.060462,1602,301.38349533081055,4,1.511792,1.495585333333333,1.259128848759254
rolling,1785524948.060462,,301.38349533081055,4,1.511792,1.495585333333333,1.259128848759254
rolling,1785524948.1689591,,308.5756301879883,4,1.5182327777777778,1.5020261111111108,1.83450078148905
rolling,1785524948.2689264,,309.7362518310547,4,1.5079217777777776,1.507181611111111,1.0692525488009028
rolling,1785524948.3689446,,308.4826469421387,4,1.5054595555555552,1.5121060555555559,1.328018554005927
coherent,1785524948.4698489,1603,300.8897304534912,4,1.5089035555555557,1.5155500555555554,1.7918636368644987
rolling,1785524948.4698489,,300.8897304534912,4,1.5089035555555557,1.5155500555555554,1.7918636368644987
rolling,1785524948.5790029,,310.0764751434326,4,1.5044405555555558,1.5110870555555556,1.1943254771374203
rolling,1785524948.6793752,,310.43052673339844,4,1.5088715555555556,1.5088715555555556,1.2546274186013153
rolling,1785524948.7789788,,309.1299533843994,4,1.5027646111111113,1.5210854444444446,2.126591267769713
coherent,1785524948.8815532,1604,302.5503158569336,4,1.4943628333333332,1.5126836666666668,1.3879951301747886
rolling,1785524948.8815532,,302.5503158569336,4,1.4943628333333332,1.5126836666666668,1.3879951301747886
rolling,1785524948.9892385,,309.8633289337158,4,1.4918911666666665,1.5102119999999999,1.3039866641487459
rolling,1785524949.0891318,,310.1530075073242,4,1.4943450555555555,1.5089850555555555,1.0616478700876877
rolling,1785524949.1890876,,307.53445625305176,4,1.500206388888889,1.4972623888888887,0.2745379931655484
coherent,1785524949.2891796,1605,299.9410629272461,4,1.5105663888888892,1.5076223888888889,1.302879067775276
rolling,1785524949.2891796,,299.9410629272461,4,1.5105663888888892,1.5076223888888889,1.302879067775276
rolling,1785524949.4031334,,314.00156021118164,4,1.5184952777777774,1.5155512777777784,2.4164385789809986
rolling,1785524949.5021198,,313.0321502685547,4,1.5316502777777774,1.5089737777777783,3.2897853592832127
rolling,1785524949.6023343,,313.1546974182129,4,1.5243336111111112,1.523607111111111,3.3903101992577773
coherent,1785524949.7017732,1606,298.63977432250977,4,1.5172012222222226,1.5164747222222217,2.381802926855308
rolling,1785524949.7017732,,298.63977432250977,4,1.5172012222222226,1.5164747222222217,2.381802926855308
rolling,1785524949.817863,,315.74320793151855,4,1.5127342222222226,1.5120077222222217,1.750273717368188
rolling,1785524949.9091282,,306.7939281463623,4,1.4872542222222225,1.5247477222222217,2.7837108440869556
rolling,1785524950.0091474,,307.3742389678955,4,1.4872542222222225,1.5247477222222217,2.7837108440869556
coherent,1785524950.1089332,1607,291.07022285461426,4,1.4857668888888886,1.5232603888888891,2.7269527740017785
rolling,1785524950.1089332,,291.07022285461426,4,1.4857668888888886,1.5232603888888891,2.7269527740017785
rolling,1785524950.2190642,,309.9360466003418,4,1.4818113333333334,1.5193048333333332,2.6523653314332156
rolling,1785524950.3210545,,311.9070529937744,4,1.4916824444444445,1.5143692777777775,1.6602947758596438
rolling,1785524950.4190598,,310.12654304504395,4,1.489989611111111,1.5177549444444443,2.0382490964847575
coherent,1785524950.5190446,1608,299.98040199279785,4,1.4998296111111113,1.5275949444444445,2.7595470484582023
rolling,1785524950.5190446,,299.98040199279785,4,1.4998296111111113,1.5275949444444445,2.7595470484582023
rolling,1785524950.629175,,308.1204891204834,4,1.505768277777778,1.5335336111111113,3.402610913214816
rolling,1785524950.7289853,,309.9255561828613,4,1.5111595,1.5308380000000004,3.27950710359045
rolling,1785524950.8293893,,310.3446960449219,4,1.5152801111111112,1.5225967777777778,2.7278126062949695
coherent,1785524950.9291098,1609,299.93486404418945,4,1.5061842777777779,1.5135009444444445,1.4849942509137661
rolling,1785524950.9291098,,299.93486404418945,4,1.5061842777777779,1.5135009444444445,1.4849942509137661
rolling,1785524951.0473375,,318.35222244262695,4,1.5027161666666662,1.5100328333333335,1.0394003369999267
rolling,1785524951.1392386,,309.8492622375488,4,1.4859654999999998,1.5184081666666667,2.314795434326288
rolling,1785524951.2348924,,305.7825565338135,4,1.4888935,1.5125521666666664,1.6760406626265612
coherent,1785524951.3390765,1610,291.73898696899414,4,1.4967690555555555,1.5204277222222224,2.0681654604778785
rolling,1785524951.3390765,,291.73898696899414,4,1.4967690555555555,1.5204277222222224,2.0681654604778785
rolling,1785524951.4522374,,312.99877166748047,4,1.5042140555555554,1.527872722222223,2.8189482228350937
rolling,1785524951.552842,,317.9495334625244,4,1.5229185,1.5185205000000006,2.946636323844572
rolling,1785524951.6522608,,313.1842613220215,4,1.5231632222222227,1.5180310555555554,2.935394059003995
coherent,1785524951.7535567,1611,301.3193607330322,4,1.524627222222222,1.5194950555555558,3.1409509157210747
rolling,1785524951.7535567,,301.3193607330322,4,1.524627222222222,1.5194950555555558,3.1409509157210747
rolling,1785524951.860967,,308.1250190734863,4,1.5156992222222223,1.5105670555555555,1.892427651184887
rolling,1785524951.959368,,307.10721015930176,4,1.5117881111111109,1.5125226111111112,1.719812061267223
rolling,1785524952.059156,,305.5992126464844,4,1.5110542777777773,1.5139902777777783,1.7830449503241887
coherent,1785524952.1591644,1612,298.19750785827637,4,1.509345888888889,1.5122818888888885,1.543341938140939
rolling,1785524952.1591644,,298.19750785827637,4,1.509345888888889,1.5122818888888885,1.543341938140939
rolling,1785524952.2770457,,317.67773628234863,4,1.5078648888888893,1.5108008888888886,1.3360975938332187
rolling,1785524952.3692489,,310.0929260253906,4,1.5,1.5147333333333333,1.4733333333333265
rolling,1785524952.469134,,309.9696636199951,4,1.498535333333333,1.517662666666667,1.7723290953494963
coherent,1785524952.5693073,1613,292.26160049438477,4,1.4931306666666666,1.5122580000000003,1.4051558790556058
rolling,1785524952.5693073,,292.26160049438477,4,1.4931306666666666,1.5122580000000003,1.4051558790556058
rolling,1785524952.6790733,,309.82446670532227,4,1.4882084444444446,1.5073357777777776,1.3887203391060643
rolling,1785524952.7790713,,309.9372386932373,4,1.4887016666666668,1.5070891666666664,1.3338239019408873
rolling,1785524952.8821423,,312.8349781036377,4,1.486755,1.5109825,1.7205967896343304
coherent,1785524952.9789805,1614,299.9072074890137,4,1.4894640555555556,1.5136915555555555,1.7276134372806902
rolling,1785524952.9789805,,299.9072074890137,4,1.4894640555555556,1.5136915555555555,1.7276134372806902
rolling,1785524953.0978193,,318.74799728393555,4,1.508286722222223,1.5325142222222221,3.3553605050788886
rolling,1785524953.19125,,309.10778045654297,4,1.5077935,1.5327608333333334,3.3675077474958326
rolling,1785524953.289078,,310.09745597839355,4,1.515869333333333,1.5166091666666672,2.297172518130856
coherent,1785524953.389031,1615,291.2116050720215,4,1.5200296111111113,1.5207694444444448,2.8854031673116944
rolling,1785524953.389031,,291.2116050720215,4,1.5200296111111113,1.5207694444444448,2.8854031673116944
rolling,1785524953.5019872,,310.73713302612305,4,1.5090931666666663,1.509833,1.3393041813858795
rolling,1785524953.6020064,,312.9284381866455,4,1.517447722222222,1.505655722222222,1.834148861457967
rolling,1785524953.7019796,,312.94870376586914,4,1.516216333333333,1.5081185000000001,1.8135035401889001
coherent,1785524953.8020673,1616,300.0800609588623,4,1.512547166666667,1.5044493333333333,1.3312699143007412
rolling,1785524953.8020673,,300.0800609588623,4,1.512547166666667,1.5044493333333333,1.3312699143007412
rolling,1785524953.9156876,,313.68112564086914,4,1.4992721666666669,1.4911743333333332,0.8855627220712549
rolling,1785524954.009235,,307.2552680969238,4,1.5002508333333333,1.4906849999999998,0.9318376594724778
rolling,1785524954.1106443,,308.5770606994629,4,1.4951093333333332,1.500968,0.4985543545537046
coherent,1785524954.2090437,1617,293.35618019104004,4,1.4881933333333333,1.4940520000000002,1.3220290533032082
rolling,1785524954.2090437,,293.35618019104004,4,1.4881933333333333,1.4940520000000002,1.3220290533032082
rolling,1785524954.3243182,,315.08326530456543,4,1.4881933333333333,1.4940520000000002,1.3220290533032082
rolling,1785524954.4193714,,308.7270259857178,4,1.4925863333333331,1.4918555,1.1013416077423366
rolling,1785524954.5190587,,310.0149631500244,4,1.4913693888888888,1.4942893888888886,1.0348841839239045
coherent,1785524954.6190324,1618,294.71421241760254,4,1.498285388888889,1.5012053888888888,0.20959135563762987
rolling,1785524954.6190324,,294.71421241760254,4,1.498285388888889,1.5012053888888888,0.20959135563762987
rolling,1785524954.7346673,,315.295934677124,4,1.5150285000000006,1.5179484999999997,2.3409495178239235
rolling,1785524954.8346946,,315.63591957092285,4,1.5042582777777782,1.5233336111111107,2.371898684845679
rolling,1785524954.9291313,,310.09888648986816,4,1.5013489444444448,1.5291522777777775,2.918347050552588
coherent,1785524955.029086,1619,294.4188117980957,4,1.5028196111111105,1.5306229444444446,3.075247848979716
rolling,1785524955.029086,,294.4188117980957,4,1.5028196111111105,1.5306229444444446,3.075247848979716
rolling,1785524955.1391404,,304.445743560791,4,1.5077929444444444,1.5355962777777779,3.643933279777388
rolling,1785524955.2390769,,309.94558334350586,4,1.504836944444444,1.537074277777778,3.7388475554674296
rolling,1785524955.3391433,,310.0571632385254,4,1.510671611111111,1.5254049444444442,2.755529869067076
coherent,1785524955.4392314,1620,300.091028213501,4,1.5077262777777773,1.5224596111111115,2.3751410475206294
rolling,1785524955.4392314,,300.091028213501,4,1.5077262777777773,1.5224596111111115,2.3751410475206294
rolling,1785524955.5538065,,314.7296905517578,4,1.4997796111111108,1.5145129444444447,1.4514617725241163
rolling,1785524955.6514523,,312.30902671813965,4,1.4953306111111113,1.5167374444444446,1.7376571558467624
rolling,1785524955.752236,,313.0044937133789,4,1.4936222222222224,1.5201542222222224,2.1139269683823922
coherent,1785524955.8522296,1621,298.42305183410645,4,1.495096888888889,1.5216288888888887,2.217767645935421
rolling,1785524955.8522296,,298.42305183410645,4,1.495096888888889,1.5216288888888887,2.217767645935421
rolling,1785524955.9628499,,311.3975524902344,4,1.4896665555555555,1.5161985555555562,1.9213882381571414
rolling,1785524956.0631402,,310.90426445007324,4,1.5010004444444445,1.5105316111111116,1.0579022718668691
rolling,1785524956.1593015,,307.0719242095947,4,1.4961493333333336,1.5202338333333336,2.059698145697322
coherent,1785524956.2591364,1622,296.28658294677734,4,1.4931959999999995,1.5172805000000005,1.8571755335724809
rolling,1785524956.2591364,,296.28658294677734,4,1.4931959999999995,1.5172805000000005,1.8571755335724809
rolling,1785524956.372282,,309.1418743133545,4,1.486813,1.5108975,1.710708845040563
rolling,1785524956.4691024,,309.8008632659912,4,1.4897503333333335,1.5094288333333332,1.3926900760957186
rolling,1785524956.5692267,,310.0903034210205,4,1.4943578333333336,1.5002138333333328,0.5646217263698375
coherent,1785524956.6691346,1623,296.85258865356445,4,1.5007365,1.5065925,0.663351253108034
rolling,1785524956.6691346,,296.85258865356445,4,1.5007365,1.5065925,0.663351253108034
rolling,1785524956.781827,,312.7245903015137,4,1.5085978333333332,1.5144538333333333,1.6817729812776503
rolling,1785524956.8793254,,310.09864807128906,4,1.491847166666667,1.5228291666666665,2.424127764899242
rolling,1785524956.9792676,,310.1329803466797,4,1.4838703333333336,1.538782833333333,4.200326544613956
coherent,1785524957.079427,1624,297.60003089904785,4,1.4872738888888886,1.542186388888889,4.406410456933086
rolling,1785524957.079427,,297.60003089904785,4,1.4872738888888886,1.542186388888889,4.406410456933086
rolling,1785524957.1918519,,312.5264644622803,4,1.489248111111111,1.5441606111111108,4.545066213363426
rolling,1785524957.2939827,,314.7151470184326,4,1.5050205555555554,1.5362743888888888,3.6620175687027445
rolling,1785524957.389113,,309.68594551086426,4,1.520107222222222,1.5061010555555552,2.1012454982362034
coherent,1785524957.489054,1625,297.20211029052734,4,1.5113112222222227,1.4973050555555554,1.1627831858052793
rolling,1785524957.489054,,297.20211029052734,4,1.5113112222222227,1.4973050555555554,1.1627831858052793
rolling,1785524957.6068032,,312.8204345703125,4,1.5053992222222223,1.491393055555555,1.0160270334725445
rolling,1785524957.7084112,,319.29826736450195,4,1.4945801111111112,1.4968026111111106,0.6292733211784338
rolling,1785524957.8050125,,315.95849990844727,4,1.4775778888888886,1.5308070555555557,3.810283111111459
coherent,1785524957.9073725,1626,300.5692958831787,4,1.4834578888888885,1.5366870555555556,4.024402421911585
rolling,1785524957.9073725,,300.5692958831787,4,1.4834578888888885,1.5366870555555556,4.024402421911585
rolling,1785524958.0115252,,303.1139373779297,4,1.4893698888888887,1.5425990555555558,4.390533904276221
rolling,1785524958.114579,,309.5664978027344,4,1.485904888888889,1.5443315555555555,4.651837244798944
rolling,1785524958.2097356,,302.36315727233887,4,1.506869777777778,1.5024017777777776,0.7277525898949344
coherent,1785524958.3095925,1627,298.0673313140869,4,1.4977780555555553,1.4933100555555556,0.704928321064991
rolling,1785524958.3095925,,298.0673313140869,4,1.4977780555555553,1.4933100555555556,0.704928321064991
rolling,1785524958.422023,,307.44409561157227,4,1.4928491666666668,1.488381166666667,1.3643009396349377
rolling,1785524958.522991,,313.25531005859375,4,1.5154198333333333,1.477095833333334,2.7611086735624757
rolling,1785524958.6190252,,309.4327449798584,4,1.5031309444444445,1.5016736111111113,0.355018130036103
coherent,1785524958.7241218,1628,302.09875106811523,4,1.5114911666666666,1.5100338333333334,1.5255317850579921
rolling,1785524958.7241218,,302.09875106811523,4,1.5114911666666666,1.5100338333333334,1.5255317850579921
rolling,1785524958.829917,,306.92601203918457,4,1.5060950555555555,1.5046377222222223,0.7658862163259075
rolling,1785524958.9291635,,310.1382255554199,4,1.4889644999999998,1.513203,1.7207599171587138
rolling,1785524959.029424,,305.3021430969238,4,1.492866722222222,1.5053985555555556,0.894584003553387
coherent,1785524959.1292605,1629,299.3435859680176,4,1.4845064999999995,1.4970383333333337,1.577402965936281
rolling,1785524959.1292605,,299.3435859680176,4,1.4845064999999995,1.4970383333333337,1.577402965936281
rolling,1785524959.2402463,,311.0828399658203,4,1.4953256111111115,1.5078574444444444,0.9142720857714828
rolling,1785524959.3420286,,312.6046657562256,4,1.5109985000000004,1.500021,1.0998520048170473
rolling,1785524959.4392433,,309.9827766418457,4,1.5068533333333336,1.5083113333333333,1.077248530078177
coherent,1785524959.540385,1630,300.1387119293213,4,1.512768,1.5142260000000003,1.9115462327655213
rolling,1785524959.540385,,300.1387119293213,4,1.512768,1.5142260000000003,1.9115462327655213
rolling,1785524959.652528,,310.4994297027588,4,1.5182178888888886,1.519675888888889,2.6814773523858073
rolling,1785524959.7551782,,315.9348964691162,4,1.5015578888888887,1.5280058888888888,2.804918591059118
rolling,1785524959.8542337,,313.84873390197754,4,1.5032608333333333,1.5246,2.481517749337641
coherent,1785524959.955188,1631,302.6599884033203,4,1.4993248333333329,1.5206640000000005,2.067502711069075
rolling,1785524959.955188,,302.6599884033203,4,1.4993248333333329,1.5206640000000005,2.067502711069075
rolling,1785524960.0623014,,307.12318420410156,4,1.4796359444444445,1.5009751111111111,2.0387388266984194
rolling,1785524960.161982,,307.74831771850586,4,1.475678611111111,1.502953777777778,2.450009715582907
rolling,1785524960.2566867,,301.4986515045166,4,1.4783656666666667,1.4975796666666665,2.1769299304805885
coherent,1785524960.3600094,1632,297.70803451538086,4,1.4845031666666666,1.5037171666666664,1.5936410241609915
rolling,1785524960.3600094,,297.70803451538086,4,1.4845031666666666,1.5037171666666664,1.5936410241609915
rolling,1785524960.4691854,,307.2032928466797,4,1.4947954999999997,1.5140095000000002,1.494499616928721
rolling,1785524960.5692494,,312.5627040863037,4,1.5056439444444445,1.508585277777778,1.027429332915816
rolling,1785524960.6731684,,313.1589889526367,4,1.5002832777777777,1.5193066111111115,1.9308689207066287
coherent,1785524960.7691503,1633,299.96490478515625,4,1.5032046111111117,1.5222279444444442,2.245776138885527
rolling,1785524960.7691503,,299.96490478515625,4,1.5032046111111117,1.5222279444444442,2.245776138885527
rolling,1785524960.8792198,,309.9703788757324,4,1.509625166666667,1.5286485,3.0222183667152844
rolling,1785524960.9812467,,308.0782890319824,4,1.514032166666667,1.526445,2.9937263174196835
rolling,1785524961.0802546,,311.10429763793945,4,1.521109777777778,1.512289777777778,2.442665256752007
coherent,1785524961.1792274,1634,300.00758171081543,4,1.5215951111111115,1.5127751111111112,2.5090880570487872
rolling,1785524961.1792274,,300.00758171081543,4,1.5215951111111115,1.5127751111111112,2.5090880570487872
rolling,1785524961.2923048,,311.05804443359375,4,1.5151745555555558,1.5063545555555555,1.6451368107768154
rolling,1785524961.393951,,313.69638442993164,4,1.499423444444445,1.514230111111111,1.424178635365678
rolling,1785524961.4898708,,310.64343452453613,4,1.4967278333333338,1.519621333333333,1.9892304956243956
coherent,1785524961.5892973,1635,296.99254035949707,4,1.4854527222222225,1.508346222222222,1.6771485209322732
rolling,1785524961.5892973,,296.99254035949707,4,1.4854527222222225,1.508346222222222,1.6771485209322732
rolling,1785524961.699487,,305.53603172302246,4,1.4829932777777775,1.5058867777777776,1.7996742853882592
rolling,1785524961.8038158,,313.94505500793457,4,1.4805116111111105,1.5071276111111112,2.075090700754611
rolling,1785524961.9021635,,312.8662109375,4,1.4827161111111107,1.5027186111111108,1.7496389956128862
coherent,1785524961.999569,1636,300.0819683074951,4,1.4876472222222221,1.5076497222222223,1.4529603191564597
rolling,1785524961.999569,,300.0819683074951,4,1.4876472222222221,1.5076497222222223,1.4529603191564597
rolling,1785524962.109432,,305.6161403656006,4,1.4920782222222218,1.5120807222222226,1.444639790989447
rolling,1785524962.2093406,,307.1770668029785,4,1.5049222222222218,1.5056587222222226,0.749996058611048
rolling,1785524962.3117764,,312.2074604034424,4,1.5063968888888886,1.502709388888889,0.6947011991354327
coherent,1785524962.4093378,1637,299.90577697753906,4,1.4984857777777776,1.494798277777778,0.5417636294125951
rolling,1785524962.4093378,,299.90577697753906,4,1.4984857777777776,1.494798277777778,0.5417636294125951
rolling,1785524962.519802,,310.46152114868164,4,1.504917888888889,1.5012303888888887,0.5069466238309381
rolling,1785524962.6189735,,307.19709396362305,4,1.5034435555555554,1.5019675555555556,0.39660244235751196
rolling,1785524962.7211618,,311.82408332824707,4,1.4987875,1.5112796666666666,1.1344647917018371
coherent,1785524962.8191583,1638,299.35622215270996,4,1.4997826111111112,1.5122747777777779,1.22767026282647
rolling,1785524962.8191583,,299.35622215270996,4,1.4997826111111112,1.5122747777777779,1.22767026282647
rolling,1785524962.9293215,,310.3480339050293,4,1.4982949444444444,1.510787111111111,1.0921033859987204
rolling,1785524963.0291784,,308.0165386199951,4,1.5036910555555558,1.5080890555555553,0.8891384082079642
rolling,1785524963.130729,,311.5706443786621,4,1.5036910555555558,1.5080890555555553,0.8891384082079642
coherent,1785524963.2291796,1639,299.85809326171875,4,1.5059235555555557,1.5103215555555551,1.1900547025501211
rolling,1785524963.2291796,,299.85809326171875,4,1.5059235555555557,1.5103215555555551,1.1900547025501211
rolling,1785524963.341741,,312.5627040863037,4,1.5029542222222227,1.5073522222222222,0.7923547219725059
rolling,1785524963.4392247,,308.49575996398926,4,1.4931231111111112,1.512267777777778,1.406378229336141
rolling,1785524963.5405235,,311.3439083099365,4,1.4834519999999998,1.5316100000000006,3.567952359547482
coherent,1785524963.6391995,1640,297.4584102630615,4,1.4836994999999997,1.5318575000000005,3.57855642193894
rolling,1785524963.6391995,,297.4584102630615,4,1.4836994999999997,1.5318575000000005,3.57855642193894
rolling,1785524963.7510018,,311.77711486816406,4,1.4891493888888894,1.5373073888888886,3.88532756301361
rolling,1785524963.8570242,,316.5006637573242,4,1.4955497222222223,1.534107222222222,3.4396330909203394
rolling,1785524963.9563193,,317.119836807251,4,1.4948315555555554,1.5355435555555559,3.591736570944754
coherent,1785524964.0533874,1641,302.3855686187744,4,1.4893608888888892,1.5300728888888888,3.1899362554101516
rolling,1785524964.0533874,,302.3855686187744,4,1.4893608888888892,1.5300728888888888,3.1899362554101516
rolling,1785524964.1594641,,302.43992805480957,4,1.480456888888889,1.5211688888888888,2.8810675949920928
rolling,1785524964.259179,,302.8597831726074,4,1.468115222222222,1.5273397222222223,4.200118409195815
rolling,1785524964.359713,,306.32567405700684,4,1.4717160555555553,1.5201380555555557,3.472063932152002
coherent,1785524964.4593744,1642,299.910306930542,4,1.475451888888889,1.5238738888888888,3.424284348301783
rolling,1785524964.4593744,,299.910306930542,4,1.475451888888889,1.5238738888888888,3.424284348301783
rolling,1785524964.569142,,309.9629878997803,4,1.4868420000000004,1.535264,3.7638845093865267
rolling,1785524964.6693444,,309.63134765625,4,1.5035926666666672,1.5268886666666666,2.7127617825546113
rolling,1785524964.7692413,,309.86690521240234,4,1.512336666666667,1.5094006666666664,1.5510186272970028
coherent,1785524964.86914,1643,299.99780654907227,4,1.521688888888889,1.518752888888889,2.8671915578028524
rolling,1785524964.86914,,299.99780654907227,4,1.521688888888889,1.518752888888889,2.8671915578028524
rolling,1785524964.979362,,310.01758575439453,4,1.5068555555555556,1.5039195555555556,0.7896933438265511
rolling,1785524965.0813472,,312.1058940887451,4,1.5107595555555555,1.5019675555555556,1.0937975617877536
rolling,1785524965.1793768,,310.23693084716797,4,1.5039462222222222,1.5155942222222223,1.6085783678242462
coherent,1785524965.2791822,1644,299.8201847076416,4,1.495833722222222,1.507481722222222,0.8563529525382557
rolling,1785524965.2791822,,299.8201847076416,4,1.495833722222222,1.507481722222222,0.8563529525382557
rolling,1785524965.3927767,,311.429500579834,4,1.5131587222222225,1.5248067222222224,2.8080695111270164
rolling,1785524965.4892163,,309.83948707580566,4,1.5112085,1.5257818333333337,2.811286897984261
rolling,1785524965.591497,,312.3147487640381,4,1.5119343333333333,1.524330166666667,2.7099544685084807
coherent,1785524965.6894686,1645,296.69189453125,4,1.5188254444444442,1.531221277777778,3.645772270189176
rolling,1785524965.6894686,,296.69189453125,4,1.5188254444444442,1.531221277777778,3.645772270189176
rolling,1785524965.8033054,,314.0890598297119,4,1.502974777777778,1.515370611111111,1.5655829226079614
rolling,1785524965.907145,,315.64807891845703,4,1.4892236666666667,1.5222461666666667,2.4718844865248486
rolling,1785524966.0102553,,320.786714553833,4,1.4960463333333331,1.5086008333333336,0.9466034763241429
coherent,1785524966.1056783,1646,302.37293243408203,4,1.4896503333333333,1.5022048333333338,1.0581913349621208
rolling,1785524966.1056783,,302.37293243408203,4,1.4896503333333333,1.5022048333333338,1.0581913349621208
rolling,1785524966.2093806,,302.23560333251953,4,1.505002222222222,1.5175567222222224,1.8255429941493233
rolling,1785524966.3092372,,298.9819049835205,4,1.527985222222222,1.5060652222222224,2.863493641396981
rolling,1785524966.4105196,,304.8412799835205,4,1.5270052222222221,1.5080252222222221,2.8172437221292155
coherent,1785524966.5094023,1647,300.0216484069824,4,1.5284878888888889,1.509507888888889,3.003264497957412
rolling,1785524966.5094023,,300.0216484069824,4,1.5284878888888889,1.509507888888889,3.003264497957412
rolling,1785524966.6209414,,311.704158782959,4,1.530984,1.5120040000000001,3.322806452383281
rolling,1785524966.719362,,308.84242057800293,4,1.5183306666666667,1.5183306666666667,2.5923477407340485
rolling,1785524966.8204815,,311.0792636871338,4,1.5185755000000003,1.517841,2.575559126189906
coherent,1785524966.9191728,1648,298.2313632965088,4,1.5212833333333335,1.5205488333333332,2.958436798613237
rolling,1785524966.9191728,,298.2313632965088,4,1.5212833333333335,1.5205488333333332,2.958436798613237
rolling,1785524967.0305674,,311.2053871154785,4,1.5068832222222224,1.506148722222222,0.9229600919137481
rolling,1785524967.130023,,309.5414638519287,4,1.4935842222222226,1.5127982222222218,1.431630876110159
rolling,1785524967.2309282,,311.7554187774658,4,1.4916286666666672,1.5167093333333328,1.86890621011916
coherent,1785524967.3293443,1649,298.77686500549316,4,1.4876855555555557,1.512766222222222,1.773758641423517
rolling,1785524967.3293443,,298.77686500549316,4,1.4876855555555557,1.512766222222222,1.773758641423517
rolling,1785524967.4392915,,309.2684745788574,4,1.4871923333333334,1.5122729999999995,1.7738738806477479
rolling,1785524967.5441291,,313.2009506225586,4,1.494600666666667,1.508568833333333,1.0128065221891054
rolling,1785524967.6393986,,310.0543022155762,4,1.494112888888889,1.5095443888888886,1.1213983970779833
coherent,1785524967.7431002,1650,303.80868911743164,4,1.493618,1.5090495,1.107354388847582
rolling,1785524967.7431002,,303.80868911743164,4,1.493618,1.5090495,1.107354388847582
rolling,1785524967.854079,,309.9498748779297,4,1.4926322222222226,1.508063722222222,1.0922809412411578
rolling,1785524967.9550896,,315.6909942626953,4,1.485223888888889,1.5117678888888886,1.8889591537911248
rolling,1785524968.055124,,312.0238780975342,4,1.487422388888889,1.5073708888888886,1.4578281938372812
coherent,1785524968.1586845,1651,304.60548400878906,4,1.4844437222222224,1.5043922222222221,1.6164448470293014
rolling,1785524968.1586845,,304.60548400878906,4,1.4844437222222224,1.5043922222222221,1.6164448470293014
rolling,1785524968.2615676,,306.47802352905273,4,1.4898765000000005,1.509825,1.410729872264671
rolling,1785524968.360353,,305.22894859313965,4,1.5007249444444444,1.504400777777778,0.4460088507744519
rolling,1785524968.4639132,,305.22871017456055,4,1.498039111111111,1.5097724444444445,0.9967234102514176
coherent,1785524968.5608091,1652,299.2415428161621,4,1.5039804444444445,1.5157137777777778,1.621008174022244
rolling,1785524968.5608091,,299.2415428161621,4,1.5039804444444445,1.5157137777777778,1.621008174022244
rolling,1785524968.6693594,,309.0064525604248,4,1.4941226666666667,1.5058559999999994,0.8296733279496442
rolling,1785524968.774994,,311.0806941986084,4,1.495103555555556,1.505365555555555,0.7263907668553645
rolling,1785524968.8732011,,312.391996383667,4,1.494373388888889,1.5068258888888888,0.8845988453481772
coherent,1785524968.969377,1653,300.0175952911377,4,1.4956031111111114,1.5080556111111112,0.9177445302190027
rolling,1785524968.969377,,300.0175952911377,4,1.4956031111111114,1.5080556111111112,0.9177445302190027
rolling,1785524969.0823016,,307.3077201843262,4,1.4990432222222227,1.5114957222222218,1.1535469350075591
rolling,1785524969.179307,,306.1058521270752,4,1.4891943333333335,1.5164201666666666,1.9656660588009733
rolling,1785524969.278475,,309.0980052947998,4,1.501743166666667,1.4913224999999997,0.8850855115624967
coherent,1785524969.3793986,1654,297.09696769714355,4,1.4987871666666672,1.4883664999999995,1.169655021553172
rolling,1785524969.3793986,,297.09696769714355,4,1.4987871666666672,1.4883664999999995,1.169655021553172
rolling,1785524969.4894364,,310.12940406799316,4,1.4997720555555554,1.489351388888889,1.0651050524029573
rolling,1785524969.5894375,,310.962438583374,4,1.4943172777777776,1.492078777777778,0.9748799585013774
rolling,1785524969.6897428,,310.3442192077637,4,1.4750017777777775,1.5307097777777778,3.959799951300716
coherent,1785524969.789423,1655,299.9866008758545,4,1.4796747222222222,1.5353827222222218,4.080507258416212
rolling,1785524969.789423,,299.9866008758545,4,1.4796747222222222,1.5353827222222218,4.080507258416212
rolling,1785524969.9043453,,314.9077892303467,4,1.4752497222222225,1.5309577222222222,3.9635297592744445
rolling,1785524970.0065982,,316.85543060302734,4,1.4930017222222223,1.5220817222222223,2.3164160855820404
rolling,1785524970.1038208,,314.39781188964844,4,1.5009858888888887,1.5061133888888893,0.6192374391784624
coherent,1785524970.2057087,1656,301.363468170166,4,1.491350722222222,1.4964782222222226,0.9338786044942426
rolling,1785524970.2057087,,301.363468170166,4,1.491350722222222,1.4964782222222226,0.9338786044942426
rolling,1785524970.3098025,,303.2042980194092,4,1.4972547222222226,1.5023822222222223,0.3634767226825997
rolling,1785524970.4095578,,305.7370185852051,4,1.4933347222222222,1.5043422222222225,0.795492436683727
rolling,1785524970.5096014,,303.8926124572754,4,1.4984785555555558,1.4940545555555553,0.6137027198856807
coherent,1785524970.6104379,1657,300.63533782958984,4,1.509092388888889,1.504668388888889,1.0220831205175718
rolling,1785524970.6104379,,300.63533782958984,4,1.509092388888889,1.504668388888889,1.0220831205175718
rolling,1785524970.7205727,,311.01489067077637,4,1.5130461666666668,1.508622166666667,1.5637909793902516
rolling,1785524970.815322,,305.72056770324707,4,1.4992141666666663,1.5155381666666672,1.5558025497758563
rolling,1785524970.922731,,312.29305267333984,4,1.4897003333333332,1.5345658333333336,3.606771364353784
coherent,1785524971.0193017,1658,298.72894287109375,4,1.4855287222222224,1.5303942222222222,3.3663431569218036
rolling,1785524971.0193017,,298.72894287109375,4,1.4855287222222224,1.5303942222222222,3.3663431569218036
rolling,1785524971.129357,,314.03517723083496,4,1.4761617222222223,1.521027222222222,3.1786908654243184
rolling,1785524971.2295513,,306.8203926086426,4,1.4895027222222228,1.5143567222222218,1.778505872101224
rolling,1785524971.3294866,,310.1849555969238,4,1.485888555555556,1.5215850555555552,2.5788514645962697
coherent,1785524971.4293773,1659,300.0202178955078,4,1.4816848333333335,1.5173813333333332,2.5249872840713774
rolling,1785524971.4293773,,300.0202178955078,4,1.4816848333333335,1.5173813333333332,2.5249872840713774
rolling,1785524971.5407827,,311.2313747406006,4,1.4792331666666665,1.5149296666666672,2.5576479692722467
rolling,1785524971.6394262,,309.9396228790283,4,1.4748041666666671,1.5171441666666667,3.047544040790115
rolling,1785524971.741572,,312.1945858001709,4,1.4748041666666671,1.5171441666666667,3.047544040790115
coherent,1785524971.8392746,1660,298.4919548034668,4,1.4812203888888886,1.5235603888888891,3.0129150636555746
rolling,1785524971.8392746,,298.4919548034668,4,1.4812203888888886,1.5235603888888891,3.0129150636555746
rolling,1785524971.9530513,,313.6250972747803,4,1.4945253888888892,1.5368653888888888,3.7269669501444516
rolling,1785524972.0579367,,316.3647651672363,4,1.4969881666666662,1.5356340000000002,3.576105557765028
rolling,1785524972.1495247,,310.25004386901855,4,1.5052161666666661,1.5191780000000006,1.9874709524782024
coherent,1785524972.2518256,1661,298.77424240112305,4,1.5064414444444447,1.5204032777777776,2.139593303896845
rolling,1785524972.2518256,,298.77424240112305,4,1.5064414444444447,1.5204032777777776,2.139593303896845
rolling,1785524972.3619702,,304.0335178375244,4,1.4946067777777772,1.5085686111111116,1.0124620600879013
rolling,1785524972.4591541,,309.6294403076172,4,1.477750333333333,1.5169968333333337,2.7998928731987465
rolling,1785524972.5595942,,307.7685832977295,4,1.4799498333333332,1.5125978333333334,2.3679412747269803
coherent,1785524972.6593423,1662,297.37210273742676,4,1.4767583333333332,1.5094063333333334,2.5072977011560296
rolling,1785524972.6593423,,297.37210273742676,4,1.4767583333333332,1.5094063333333334,2.5072977011560296
rolling,1785524972.7842937,,325.13952255249023,4,1.487601888888889,1.5202498888888891,2.3743865715923596
rolling,1785524972.870613,,311.0189437866211,4,1.4985383333333329,1.5147816666666671,1.4853758409537439
rolling,1785524972.9825017,,323.15945625305176,4,1.4907587777777773,1.530340777777778,3.17169195276119
coherent,1785524973.0709891,1663,286.6954803466797,4,1.493950277777778,1.5335322777777773,3.4073637785420954
rolling,1785524973.0709891,,286.6954803466797,4,1.493950277777778,1.5335322777777773,3.4073637785420954
rolling,1785524973.1861253,,315.51218032836914,4,1.4865452777777777,1.5261272777777777,2.9388164184826495
rolling,1785524973.2794704,,296.9686985015869,4,1.4909882777777783,1.5239057777777776,2.5547942159222305
rolling,1785524973.3793726,,308.3834648132324,4,1.4975447777777784,1.5107927777777774,1.1068521505647315
coherent,1785524973.4794211,1664,293.29586029052734,4,1.4948454999999998,1.5080935000000002,0.9595499596165119
rolling,1785524973.4794211,,293.29586029052734,4,1.4948454999999998,1.5080935000000002,0.9595499596165119
rolling,1785524973.5906534,,311.18297576904297,4,1.4948454999999998,1.5080935000000002,0.9595499596165119
rolling,1785524973.689524,,310.1513385772705,4,1.5100113888888889,1.5005105555555556,1.0024398957537355
rolling,1785524973.8017206,,322.2994804382324,4,1.508547388888889,1.5034385555555556,0.9213116797617658
coherent,1785524973.8893461,1665,298.6927032470703,4,1.5095305,1.5044216666666668,1.0506263196832357
rolling,1785524973.8893461,,298.6927032470703,4,1.5095305,1.5044216666666668,1.0506263196832357
rolling,1785524974.0082912,,318.7673091888428,4,1.510514944444445,1.505406111111111,1.1823286092091434
rolling,1785524974.1041422,,302.42156982421875,4,1.4923890555555552,1.5144690555555558,1.6348701600010447
rolling,1785524974.201803,,312.4568462371826,4,1.486814111111111,1.5256189444444443,2.8813156374088047
coherent,1785524974.3085136,1666,300.22239685058594,4,1.4858310000000003,1.5246358333333336,2.841979670982505
rolling,1785524974.3085136,,300.22239685058594,4,1.4858310000000003,1.5246358333333336,2.841979670982505
rolling,1785524974.4342604,,330.11817932128906,4,1.4997065555555558,1.5385113888888893,3.85125068489866
rolling,1785524974.5141675,,312.3645782470703,4,1.504143555555556,1.5362928888888892,3.6528657743520125
rolling,1785524974.611365,,302.85143852233887,4,1.5124055555555562,1.5197688888888887,2.3338954058466714
coherent,1785524974.70931,1667,275.04968643188477,4,1.5116670555555554,1.5190303888888894,2.2322094135604322
rolling,1785524974.70931,,275.04968643188477,4,1.5116670555555554,1.5190303888888894,2.2322094135604322
rolling,1785524974.824742,,310.5745315551758,4,1.4968070555555555,1.5041703888888889,0.5252336404865635
rolling,1785524974.9212515,,309.8864555358887,4,1.5036732777777777,1.5007372777777777,0.3746538155994181
rolling,1785524975.020082,,310.7719421386719,4,1.5024502222222222,1.5031833888888886,0.40171574223785395
coherent,1785524975.119248,1668,294.5058345794678,4,1.5049080000000004,1.5056411666666665,0.747738091587639
rolling,1785524975.119248,,294.5058345794678,4,1.5049080000000004,1.5056411666666665,0.747738091587639
rolling,1785524975.2297473,,308.49575996398926,4,1.500979111111111,1.5017122777777778,0.19724486700983807
rolling,1785524975.3308616,,310.7795715332031,4,1.5014678888888888,1.5014678888888888,0.20759083747233484
rolling,1785524975.4313147,,312.06679344177246,4,1.500003888888889,1.5043958888888889,0.4395890609070406
coherent,1785524975.529616,1669,299.8688220977783,4,1.5041566111111118,1.5085486111111108,0.9505586139635221
rolling,1785524975.529616,,299.8688220977783,4,1.5041566111111118,1.5085486111111108,0.9505586139635221
rolling,1785524975.6433425,,312.4809265136719,4,1.5031766111111111,1.5075686111111117,0.820821127301671
rolling,1785524975.741099,,309.7844123840332,4,1.4774655000000003,1.520424166666667,3.0412995154666587
rolling,1785524975.8393176,,309.70144271850586,4,1.4813783888888892,1.5125983888888892,2.248296695209805
coherent,1785524975.9407294,1670,297.38688468933105,4,1.4818648333333335,1.5130848333333333,2.2362851638127053
rolling,1785524975.9407294,,297.38688468933105,4,1.4818648333333335,1.5130848333333333,2.2362851638127053
rolling,1785524976.0547411,,313.6420249938965,4,1.5016337222222222,1.5328537222222223,3.2894317323123214
rolling,1785524976.1512897,,311.97214126586914,4,1.5390088333333336,1.5141661666666666,4.150143799985218
rolling,1785524976.254596,,313.86661529541016,4,1.5368043333333337,1.5185751666666663,4.122615394146735
coherent,1785524976.3537977,1671,299.0565299987793,4,1.521517888888889,1.5032887222222224,2.1767756799668403
rolling,1785524976.3537977,,299.0565299987793,4,1.521517888888889,1.5032887222222224,2.1767756799668403
rolling,1785524976.4629276,,311.63787841796875,4,1.5195250000000005,1.501295833333333,1.9567953623917729
rolling,1785524976.5598001,,305.2041530609131,4,1.496069,1.5130238333333332,1.3604153619187087
rolling,1785524976.6610277,,307.22999572753906,4,1.4912023333333335,1.5227571666666664,2.4398515804700214
coherent,1785524976.7599416,1672,297.0139980316162,4,1.4946914444444448,1.5262462777777777,2.6777749331762024
rolling,1785524976.7599416,,297.0139980316162,4,1.4946914444444448,1.5262462777777777,2.6777749331762024
rolling,1785524976.8725736,,312.7734661102295,4,1.4966843333333335,1.528239166666667,2.8433152823284336
rolling,1785524976.969523,,308.49528312683105,4,1.4897465555555556,1.5317080555555558,3.3324674193298875
rolling,1785524977.0773625,,317.42095947265625,4,1.4878123333333335,1.5355765000000001,3.760620389015331
coherent,1785524977.1693199,1673,296.74625396728516,4,1.4934971666666665,1.541261333333334,4.177061730218522
rolling,1785524977.1693199,,296.74625396728516,4,1.4934971666666665,1.541261333333334,4.177061730218522
rolling,1785524977.2823608,,312.8378391265869,4,1.4786371666666667,1.5264013333333333,3.396175863829128
rolling,1785524977.379406,,302.0434379577637,4,1.4865624999999993,1.522438666666667,2.6154543926970084
rolling,1785524977.4802845,,310.96458435058594,4,1.4868038888888884,1.5219558888888889,2.5616369870807967
coherent,1785524977.5794928,1674,297.1320152282715,4,1.4835979444444443,1.5187499444444448,2.4911600573172783
rolling,1785524977.5794928,,297.1320152282715,4,1.4835979444444443,1.5187499444444448,2.4911600573172783
rolling,1785524977.6932921,,313.8861656188965,4,1.4821229444444444,1.5172749444444442,2.4859863653991683
rolling,1785524977.7956994,,315.4149055480957,4,1.4924386111111105,1.5121171111111111,1.428282127620569
rolling,1785524977.8967202,,317.2273635864258,4,1.493163444444444,1.5106674444444446,1.2670156385756086
coherent,1785524977.9892757,1675,295.98355293273926,4,1.4963693888888887,1.5138733888888887,1.4340580751924394
rolling,1785524977.9892757,,295.98355293273926,4,1.4963693888888887,1.5138733888888887,1.4340580751924394
rolling,1785524978.106167,,310.4677200317383,4,1.5042591666666663,1.5217631666666669,2.2176021375701316
rolling,1785524978.2043948,,307.6746463775635,4,1.493449833333333,1.5271678333333336,2.794630300037749
rolling,1785524978.2950673,,305.79161643981934,4,1.4944178333333333,1.525231833333333,2.584194261381174
coherent,1785524978.4051204,1676,298.9532947540283,4,1.4941718888888889,1.5249858888888888,2.5656607778335614
rolling,1785524978.4051204,,298.9532947540283,4,1.4941718888888889,1.5249858888888888,2.5656607778335614
rolling,1785524978.5123162,,307.9214096069336,4,1.487265222222222,1.5180792222222226,2.2114086940452564
rolling,1785524978.6134691,,318.4018135070801,4,1.494646888888889,1.5143883888888892,1.5351922791162291
rolling,1785524978.715706,,310.58573722839355,4,1.494646888888889,1.5143883888888892,1.5351922791162291
coherent,1785524978.809459,1677,297.14274406433105,4,1.491686888888889,1.511428388888889,1.413208721107256
rolling,1785524978.809459,,297.14274406433105,4,1.491686888888889,1.511428388888889,1.413208721107256
rolling,1785524978.9232008,,309.73172187805176,4,1.4985935555555558,1.518335055555555,1.8388919168907054
rolling,1785524979.0244477,,308.74156951904297,4,1.499083888888889,1.5180898888888885,1.8113070959399267
rolling,1785524979.1204257,,310.96673011779785,4,1.498115888888889,1.5200258888888887,2.011432575228727
coherent,1785524979.219382,1678,296.18120193481445,4,1.503775166666667,1.5256851666666666,2.596111842844135
rolling,1785524979.219382,,296.18120193481445,4,1.503775166666667,1.5256851666666666,2.596111842844135
rolling,1785524979.3306246,,306.17690086364746,4,1.4924515,1.5143614999999997,1.6224442501978014
rolling,1785524979.432558,,312.1323585510254,4,1.4855666111111114,1.517803944444444,2.291949285212786
rolling,1785524979.535093,,315.71102142333984,4,1.4877471111111111,1.5134429444444446,1.8189173743188018
coherent,1785524979.6294138,1679,298.78926277160645,4,1.4914062777777777,1.5171021111111112,1.913986066013829
rolling,1785524979.6294138,,298.78926277160645,4,1.4914062777777777,1.5171021111111112,1.913986066013829
rolling,1785524979.739763,,307.2049617767334,4,1.5002582777777782,1.5259541111111108,2.595539618226581
rolling,1785524979.8422492,,307.1560859680176,4,1.5037061666666671,1.5242301666666664,2.451196948544829
rolling,1785524979.9394567,,310.0428581237793,4,1.5095648333333338,1.512512833333333,1.5749826498162602
coherent,1785524980.0393057,1680,299.5426654815674,4,1.5039438888888892,1.5068918888888885,0.7940553634645889
rolling,1785524980.0393057,,299.5426654815674,4,1.5039438888888892,1.5068918888888885,0.7940553634645889
rolling,1785524980.1495337,,307.2845935821533,4,1.511872777777778,1.5148207777777773,1.8989952767154519
rolling,1785524980.253005,,313.54832649230957,4,1.5103964444444442,1.5155589444444442,1.8712744569189064
rolling,1785524980.355027,,315.7212734222412,4,1.5023572777777772,1.5316372777777782,3.172497602378769
coherent,1785524980.45077,1681,301.2361526489258,4,1.5026028888888892,1.5318828888888887,3.1988961134571468
rolling,1785524980.45077,,301.2361526489258,4,1.5026028888888892,1.5318828888888887,3.1988961134571468
rolling,1785524980.5593832,,306.3781261444092,4,1.4804478888888888,1.5097278888888892,2.1838426480307884
rolling,1785524980.671698,,316.67113304138184,4,1.4936628888888892,1.5031203888888889,0.7063696203296477
rolling,1785524980.7620456,,311.2757205963135,4,1.504162055555556,1.4821220555555554,1.8356023643648438
coherent,1785524980.860972,1682,301.588773727417,4,1.5002189444444447,1.4781789444444442,2.182215393191987
rolling,1785524980.860972,,301.588773727417,4,1.5002189444444447,1.4781789444444442,2.182215393191987
rolling,1785524980.9706979,,298.9997863769531,4,1.5129647222222222,1.4909247222222224,1.5825444355316125
rolling,1785524981.070925,,308.8793754577637,4,1.511504388888889,1.4916548888888888,1.421238344415131
rolling,1785524981.1713781,,310.4062080383301,4,1.5075737222222225,1.499516222222222,0.7589157347008894
coherent,1785524981.2702613,1683,299.5634078979492,4,1.5134777222222224,1.505420222222222,1.4526796110555724
rolling,1785524981.2702613,,299.5634078979492,4,1.5134777222222224,1.505420222222222,1.4526796110555724
rolling,1785524981.379929,,309.0040683746338,4,1.5223897222222222,1.5143322222222224,2.658406016799237
rolling,1785524981.4807305,,309.3523979187012,4,1.5301550555555554,1.5104495555555557,3.1914269329992173
rolling,1785524981.5831728,,312.9115104675293,4,1.5274692222222224,1.5158212222222223,3.1699672586617904
coherent,1785524981.6801212,1684,300.19211769104004,4,1.5225536666666664,1.510905666666667,2.505197488334098
rolling,1785524981.6801212,,300.19211769104004,4,1.5225536666666664,1.510905666666667,2.505197488334098
rolling,1785524981.790301,,309.5705509185791,4,1.5210633333333332,1.509415333333333,2.3071898770774797
rolling,1785524981.8905094,,307.33656883239746,4,1.5162166666666672,1.5118386666666663,2.0078204755959432
rolling,1785524981.992884,,312.7627372741699,4,1.5196373333333337,1.504997333333333,2.0263222865302097
coherent,1785524982.128692,1685,338.3908271789551,4,1.5235733333333334,1.5089333333333337,2.520925403277337
rolling,1785524982.128692,,338.3908271789551,4,1.5235733333333334,1.5089333333333337,2.520925403277337
rolling,1785524982.2028446,,312.3352527618408,4,1.5029186666666667,1.488278666666667,1.207924957198151
rolling,1785524982.3051164,,312.23249435424805,4,1.5019466666666665,1.4887646666666672,1.1402728893655685
rolling,1785524982.4056137,,276.92174911499023,4,1.5031736111111111,1.486310777777778,1.4052281399614273
coherent,1785524982.5044982,1686,301.6536235809326,4,1.499977777777778,1.483114944444445,1.6885070178750874
rolling,1785524982.5044982,,301.6536235809326,4,1.499977777777778,1.483114944444445,1.6885070178750874
rolling,1785524982.6103406,,305.2241802215576,4,1.505349444444444,1.4884866111111117,1.2695459013795807
rolling,1785524982.7095447,,303.93099784851074,4,1.502428111111111,1.489947277777778,1.0341805821279793
rolling,1785524982.8119233,,307.42502212524414,4,1.489803666666667,1.5151961666666665,1.8299964338914514
coherent,1785524982.91962,1687,309.2794418334961,4,1.4917725555555559,1.5171650555555556,1.9034967147639736
rolling,1785524982.91962,,309.2794418334961,4,1.4917725555555559,1.5171650555555556,1.9034967147639736
rolling,1785524983.0193722,,309.8275661468506,4,1.5085458888888887,1.5339383888888891,3.4997806463758616
rolling,1785524983.1192586,,307.33537673950195,4,1.4903542222222221,1.5430342222222224,4.410198761064965
rolling,1785524983.221394,,301.7740249633789,4,1.4983310555555558,1.527080555555555,2.7131934408665885
coherent,1785524983.32412,1688,304.7478199005127,4,1.503465555555556,1.5322150555555554,3.2400924057133995
rolling,1785524983.32412,,304.7478199005127,4,1.503465555555556,1.5322150555555554,3.2400924057133995
rolling,1785524983.4296691,,310.4104995727539,4,1.4925828888888892,1.5213323888888886,2.2585047109566507
rolling,1785524983.529555,,308.16102027893066,4,1.5136958888888887,1.510775888888889,1.7426908899815408
rolling,1785524983.631335,,307.21497535705566,4,1.510781222222222,1.5166052222222222,1.9798185716229568
coherent,1785524983.7337828,1689,304.11362648010254,4,1.4979776666666664,1.5038016666666665,0.4306100504581274
rolling,1785524983.7337828,,304.11362648010254,4,1.4979776666666664,1.5038016666666665,0.4306100504581274
rolling,1785524983.8395522,,309.9970817565918,4,1.4925766666666664,1.4984006666666672,0.7593664786444729
rolling,1785524983.9395714,,308.23636054992676,4,1.4916037777777775,1.4988871111111115,0.8469655794892372
rolling,1785524984.0421624,,308.3796501159668,4,1.4937882777777778,1.4945181111111112,0.8284720801340961
coherent,1785524984.1435068,1690,303.9546012878418,4,1.5034191111111113,1.5041489444444447,0.5376249695950975
rolling,1785524984.1435068,,303.9546012878418,4,1.5034191111111113,1.5041489444444447,0.5376249695950975
rolling,1785524984.2549374,,315.3660297393799,4,1.5197027777777778,1.5204326111111113,2.838469744384119
rolling,1785524984.3551433,,312.98089027404785,4,1.5167787777777781,1.5218946111111111,2.7584440893787434
rolling,1785524984.4556916,,312.18481063842773,4,1.510252277777778,1.534947611111111,3.6420388822830794
coherent,1785524984.5539038,1691,298.9664077758789,4,1.5119630000000002,1.5366583333333332,3.856094879249958
rolling,1785524984.5539038,,298.9664077758789,4,1.5119630000000002,1.5366583333333332,3.856094879249958
rolling,1785524984.6616974,,306.55407905578613,4,1.5045313333333334,1.5292266666666667,2.9575852079394553
rolling,1785524984.759523,,303.8313388824463,4,1.495219222222222,1.5338827222222224,3.421833867020405
rolling,1785524984.8601255,,306.22172355651855,4,1.506141722222222,1.5120377222222225,1.351397455060227
coherent,1785524984.963902,1692,302.2046089172363,4,1.5019776666666669,1.5078736666666668,0.8118238246209877
rolling,1785524984.963902,,302.2046089172363,4,1.5019776666666669,1.5078736666666668,0.8118238246209877
rolling,1785524985.0710502,,311.5272521972656,4,1.5089123333333339,1.514808333333333,1.7283414638188763
rolling,1785524985.169414,,309.28850173950195,4,1.5079274444444446,1.5153007777777778,1.72324744602943
rolling,1785524985.2716496,,307.74760246276855,4,1.506213611111111,1.5187284444444447,1.9732298253086815
coherent,1785524985.3717988,1693,300.7485866546631,4,1.5067051666666669,1.5192200000000005,2.0356022696681153
rolling,1785524985.3717988,,300.7485866546631,4,1.5067051666666669,1.5192200000000005,2.0356022696681153
rolling,1785524985.482855,,313.44103813171387,4,1.5072021666666666,1.5197170000000002,2.0991219442768254
rolling,1785524985.5857012,,314.05162811279297,4,1.5209097222222219,1.5128632222222225,2.454952075598946
rolling,1785524985.6795185,,307.7197074890137,4,1.5196888888888884,1.5153048888888894,2.49377619200329
coherent,1785524985.7819133,1694,299.058198928833,4,1.5164858333333333,1.5121018333333336,2.0450845232464787
rolling,1785524985.7819133,,299.058198928833,4,1.5164858333333333,1.5121018333333336,2.0450845232464787
rolling,1785524985.8903565,,304.6553134918213,4,1.4997125000000002,1.4953284999999998,0.4680338502715523
rolling,1785524985.9900723,,310.55378913879395,4,1.4805721666666667,1.5048986666666664,2.003590884234816
rolling,1785524986.089486,,307.572603225708,4,1.4805721666666667,1.5048986666666664,2.003590884234816
coherent,1785524986.1913047,1695,300.9481430053711,4,1.481559722222222,1.5058862222222225,1.935694853459592
rolling,1785524986.1913047,,300.9481430053711,4,1.481559722222222,1.5058862222222225,1.935694853459592
rolling,1785524986.301821,,311.748743057251,4,1.4904077222222223,1.514734222222222,1.7581498726214106
rolling,1785524986.4028366,,313.3506774902344,4,1.5056493888888893,1.5071133888888886,0.9083826082795156
rolling,1785524986.5040576,,312.75296211242676,4,1.4988640555555557,1.5206840555555559,2.071522444981432
coherent,1785524986.6006875,1696,298.86651039123535,4,1.4971346666666663,1.5189546666666673,1.9170016263832
rolling,1785524986.6006875,,298.86651039123535,4,1.4971346666666663,1.5189546666666673,1.9170016263832
rolling,1785524986.7096107,,306.7741394042969,4,1.493685222222222,1.5155052222222225,1.6741813956176317
rolling,1785524986.8096647,,305.6070804595947,4,1.4990422222222226,1.5128267222222223,1.2862431389035838
rolling,1785524986.9093084,,308.6209297180176,4,1.5107275555555557,1.489456055555556,1.504178222967793
coherent,1785524987.0110748,1697,301.4640808105469,4,1.5205364444444445,1.4992649444444448,2.0549595059015315
rolling,1785524987.0110748,,301.4640808105469,4,1.5205364444444445,1.4992649444444448,2.0549595059015315
rolling,1785524987.1193202,,309.65542793273926,4,1.5185702222222222,1.4972987222222225,1.876566159279838
rolling,1785524987.2193458,,310.03737449645996,4,1.5132132222222223,1.4999772222222225,1.3213241855085762
rolling,1785524987.3197086,,308.63380432128906,4,1.5189031666666668,1.4885973333333335,2.2076016786071015
coherent,1785524987.419915,1698,300.5948066711426,4,1.513775666666666,1.4834698333333334,2.1517792687421915
rolling,1785524987.419915,,300.5948066711426,4,1.513775666666666,1.4834698333333334,2.1517792687421915
rolling,1785524987.5294197,,310.0738525390625,4,1.522156666666666,1.4918508333333336,2.3607769804427794
rolling,1785524987.6314254,,311.71679496765137,4,1.5236203333333334,1.4911189999999999,2.523474406008076
rolling,1785524987.7316434,,311.72847747802734,4,1.5098692222222223,1.5186212222222217,2.107490128852259
coherent,1785524987.8334417,1699,304.02207374572754,4,1.5120727222222223,1.5208247222222222,2.407113785195158
rolling,1785524987.8334417,,304.02207374572754,4,1.5120727222222223,1.5208247222222222,2.407113785195158
rolling,1785524987.9396713,,308.2458972930908,4,1.5071349444444442,1.515886944444445,1.7415580266134827
rolling,1785524988.0407877,,309.1442584991455,4,1.4948766111111111,1.5220161111111115,2.260438590547408
rolling,1785524988.1394176,,305.97591400146484,4,1.5076339444444444,1.4965014444444447,0.8397440012061479
coherent,1785524988.2413645,1700,301.6932010650635,4,1.502231722222222,1.4910992222222221,0.9176297135911815
rolling,1785524988.2413645,,301.6932010650635,4,1.502231722222222,1.4910992222222221,0.9176297135911815
rolling,1785524988.3528643,,312.0765686035156,4,1.5081597222222223,1.4970272222222218,0.8684381063718916
rolling,1785524988.4546056,,315.187931060791,4,1.5081597222222223,1.4970272222222218,0.8684381063718916
rolling,1785524988.5529969,,311.6323947906494,4,1.493708,1.5259306666666665,2.668311709260691
coherent,1785524988.6521065,1701,299.2422580718994,4,1.4904905,1.5227131666666671,2.4623536104260073
rolling,1785524988.6521065,,299.2422580718994,4,1.4904905,1.5227131666666671,2.4623536104260073
rolling,1785524988.759702,,305.0963878631592,4,1.4860414999999998,1.518264166666667,2.29873771073995
rolling,1785524988.8551097,,302.1128177642822,4,1.4968361666666665,1.5128668333333335,1.3250103448233674
rolling,1785524988.961505,,309.3984127044678,4,1.4973197222222223,1.5118997222222221,1.2197839068133998
coherent,1785524989.0595016,1702,299.79968070983887,4,1.5039812222222226,1.5185612222222222,1.8983390128357887
rolling,1785524989.0595016,,299.79968070983887,4,1.5039812222222226,1.5185612222222222,1.8983390128357887
rolling,1785524989.1700916,,314.98193740844727,4,1.503488,1.5180679999999998,1.8401596887226677
rolling,1785524989.2698512,,308.3462715148926,4,1.4941716666666667,1.5227261666666663,2.346163082152512
rolling,1785524989.3692753,,309.77368354797363,4,1.5004983333333333,1.510072833333333,1.0085152823443835
coherent,1785524989.4693887,1703,299.2970943450928,4,1.5036768333333332,1.513251333333333,1.375197943832866
rolling,1785524989.4693887,,299.2970943450928,4,1.5036768333333332,1.513251333333333,1.375197943832866
rolling,1785524989.5794866,,309.6354007720947,4,1.5036768333333332,1.513251333333333,1.375197943832866
rolling,1785524989.6795115,,310.23621559143066,4,1.5139691666666666,1.5081051666666665,1.6150273807448299
rolling,1785524989.7795646,,310.17589569091797,4,1.5021084444444444,1.531826611111111,3.189637460265978
coherent,1785524989.879551,1704,300.0643253326416,4,1.4999099444444446,1.5296281111111107,2.962824797411096
rolling,1785524989.879551,,300.0643253326416,4,1.4999099444444446,1.5296281111111107,2.962824797411096
rolling,1785524989.9894783,,309.9668025970459,4,1.4925382777777778,1.5222564444444444,2.3473956160610103
rolling,1785524990.0895479,,309.9832534790039,4,1.4871592777777778,1.5249459444444444,2.8056804725655753
rolling,1785524990.192522,,312.9711151123047,4,1.5022115,1.4948415,0.5612562204555137
coherent,1785524990.289722,1705,300.243616104126,4,1.5056275000000001,1.4982575000000002,0.5891100279234813
rolling,1785524990.289722,,300.243616104126,4,1.5056275000000001,1.4982575000000002,0.5891100279234813
rolling,1785524990.4023392,,312.7913475036621,4,1.5129991666666667,1.5056291666666666,1.4165657464053267
rolling,1785524990.5047328,,312.2107982635498,4,1.5164252777777776,1.5039161111111112,1.6885664816989672
rolling,1785524990.605204,,315.48213958740234,4,1.5147044444444444,1.5073577777777778,1.6442553945385514
coherent,1785524990.7021315,1706,299.7922897338867,4,1.511043611111111,1.5036969444444443,1.1645975467892822
rolling,1785524990.7021315,,299.7922897338867,4,1.511043611111111,1.5036969444444443,1.1645975467892822
rolling,1785524990.8122368,,307.50393867492676,4,1.5080889444444447,1.5007422777777775,0.8122930414862346
rolling,1785524990.911688,,306.4839839935303,4,1.5105294999999996,1.499522,1.0540344123888572
rolling,1785524991.013802,,311.67054176330566,4,1.5022486111111106,1.516083777777778,1.6240201954839002
coherent,1785524991.1096568,1707,297.4200248718262,4,1.5049356666666664,1.5187708333333332,1.9408889444587352
rolling,1785524991.1096568,,297.4200248718262,4,1.5049356666666664,1.5187708333333332,1.9408889444587352
rolling,1785524991.2195523,,307.8641891479492,4,1.5128325555555557,1.526667722222222,2.9594626042712866
rolling,1785524991.3196318,,305.8297634124756,4,1.506965888888889,1.5296010555555555,3.0409638242100643
rolling,1785524991.420058,,310.40120124816895,4,1.5157378888888888,1.512057055555556,1.9825582850165397
coherent,1785524991.524726,1708,305.1736354827881,4,1.5201058888888885,1.5164250555555563,2.5962072683347954
rolling,1785524991.524726,,305.1736354827881,4,1.5201058888888885,1.5164250555555563,2.5962072683347954
rolling,1785524991.629673,,310.0411891937256,4,1.5161503333333335,1.5124695,2.04039627775533
rolling,1785524991.7294075,,309.34953689575195,4,1.5058066666666665,1.5176413333333334,1.8572399402219306
rolling,1785524991.8298514,,305.12547492980957,4,1.5038448888888887,1.521564888888889,2.1904967549805483
coherent,1785524991.9294696,1709,299.79658126831055,4,1.491128,1.508848,1.252994365510074
rolling,1785524991.9294696,,299.79658126831055,4,1.491128,1.508848,1.252994365510074
rolling,1785524992.0437722,,314.3646717071533,4,1.4921155555555552,1.5098355555555558,1.2605658145609118
rolling,1785524992.1407125,,310.86111068725586,4,1.503439222222222,1.5041737222222225,0.5408161118356096
rolling,1785524992.2394571,,309.98754501342773,4,1.5066307222222222,1.497790722222222,0.6989090462116985
coherent,1785524992.339638,1710,295.8657741546631,4,1.510575611111111,1.5017356111111115,1.0717084319089278
rolling,1785524992.339638,,295.8657741546631,4,1.510575611111111,1.5017356111111115,1.0717084319089278
rolling,1785524992.4518569,,311.1443519592285,4,1.5046636111111111,1.495823611111111,0.626031091455649
rolling,1785524992.553934,,314.47696685791016,4,1.4972919444444444,1.4995094444444443,0.2752128202875424
rolling,1785524992.6500652,,310.427188873291,4,1.491658222222222,1.5107768888888886,1.3628154336419878
coherent,1785524992.7525325,1711,300.675630569458,4,1.4862266666666661,1.5053453333333333,1.4774210623771742
rolling,1785524992.7525325,,300.675630569458,4,1.4862266666666661,1.5053453333333333,1.4774210623771742
rolling,1785524992.8596902,,305.7560920715332,4,1.4891786666666664,1.5082973333333336,1.3636238321310066
rolling,1785524992.9598627,,309.7975254058838,4,1.4985076666666661,1.5036328333333338,0.3927408408296774
rolling,1785524993.0616508,,309.11827087402344,4,1.5002160555555553,1.5002160555555553,0.03055486968923041
coherent,1785524993.1609282,1712,301.2380599975586,4,1.5002160555555553,1.5002160555555553,0.03055486968923041
rolling,1785524993.1609282,,301.2380599975586,4,1.5002160555555553,1.5002160555555553,0.03055486968923041
rolling,1785524993.2694702,,309.60750579833984,4,1.5091200555555555,1.5091200555555555,1.2897706256262689
rolling,1785524993.3656888,,304.03804779052734,4,1.5047110555555552,1.5113245555555557,1.2265382300539762
rolling,1785524993.469463,,308.5348606109619,4,1.510609722222222,1.4995272222222222,1.0620250677826282
coherent,1785524993.5702899,1713,300.81963539123535,4,1.5170230555555553,1.5059405555555556,1.802982586594125
rolling,1785524993.5702899,,300.81963539123535,4,1.5170230555555553,1.5059405555555556,1.802982586594125
rolling,1785524993.6794076,,313.7187957763672,4,1.5229990555555557,1.5119165555555552,2.5902912051662645
rolling,1785524993.7796822,,310.21904945373535,4,1.5146218333333334,1.5161051666666663,2.175257233958503
rolling,1785524993.8795607,,309.27085876464844,4,1.5114187777777779,1.5225112777777774,2.5241753368704964
coherent,1785524993.9795053,1714,300.0977039337158,4,1.5104369999999998,1.5215295000000002,2.3925934448836155
rolling,1785524993.9795053,,300.0977039337158,4,1.5104369999999998,1.5215295000000002,2.3925934448836155
rolling,1785524994.0895636,,309.88144874572754,4,1.5004947777777773,1.5115872777777783,1.1597836494311264
rolling,1785524994.1896346,,310.0738525390625,4,1.508871999999999,1.5073986666666674,1.1552170897473772
rolling,1785524994.3011787,,321.6733932495117,4,1.5047117222222215,1.5157192222222224,1.641018810285207
coherent,1785524994.3897157,1715,300.152063369751,4,1.5064286666666666,1.517436166666667,1.8583532041538748
rolling,1785524994.3897157,,300.152063369751,4,1.5064286666666666,1.517436166666667,1.8583532041538748
rolling,1785524994.502555,,312.92033195495605,4,1.5009983333333332,1.5120058333333335,1.2047269544267107
rolling,1785524994.605636,,304.4571876525879,4,1.4960783333333334,1.5144658333333336,1.498798863998202
rolling,1785524994.7019076,,312.1919631958008,4,1.4977874999999998,1.5110475000000003,1.1266872347728445
coherent,1785524994.799837,1716,297.28221893310547,4,1.498521666666667,1.5117816666666668,1.187405317862823
rolling,1785524994.799837,,297.28221893310547,4,1.498521666666667,1.5117816666666668,1.187405317862823
rolling,1785524994.9095845,,303.94864082336426,4,1.5153932222222228,1.5286532222222218,3.2526272981987328
rolling,1785524995.0101037,,308.1960678100586,4,1.5198222222222222,1.5264387222222222,3.304431156146222
rolling,1785524995.1095893,,309.7522258758545,4,1.515438222222222,1.5352067222222225,3.8442840621049954
coherent,1785524995.209778,1717,300.19354820251465,4,1.5132327222222224,1.5330012222222225,3.555538785572459
rolling,1785524995.209778,,300.19354820251465,4,1.5132327222222224,1.5330012222222225,3.555538785572459
rolling,1785524995.3218195,,311.71584129333496,4,1.4993198333333337,1.5190883333333332,1.9100447537659462
rolling,1785524995.426809,,317.21973419189453,4,1.5071491666666665,1.5151736666666666,1.6773513172227406
rolling,1785524995.519457,,309.6790313720703,4,1.5112886666666665,1.5068946666666667,1.3227638623562126
coherent,1785524995.619414,1718,297.5945472717285,4,1.5178781666666663,1.5134841666666665,2.23931148805953
rolling,1785524995.619414,,297.5945472717285,4,1.5178781666666663,1.5134841666666665,2.23931148805953
rolling,1785524995.7295659,,302.75678634643555,4,1.5109870555555553,1.5065930555555556,1.2813421531328064
rolling,1785524995.8296335,,310.1763725280762,4,1.4977420555555558,1.513215555555555,1.3407058654162713
rolling,1785524995.929491,,310.0769519805908,4,1.4950598888888889,1.518579888888889,1.9225425064574957
coherent,1785524996.0301359,1719,300.570011138916,4,1.4923850555555556,1.5159050555555555,1.763400609950228
rolling,1785524996.0301359,,300.570011138916,4,1.4923850555555556,1.5159050555555555,1.763400609950228
rolling,1785524996.139418,,309.7844123840332,4,1.4879780555555555,1.5114980555555557,1.6635276666889416
rolling,1785524996.239363,,309.8719120025635,4,1.4855075000000002,1.5127333333333333,1.9291716720597214
rolling,1785524996.3395555,,309.4196319580078,4,1.4891683333333334,1.505411666666667,1.2108308671688663
coherent,1785524996.4394042,1720,299.9863624572754,4,1.4803203333333337,1.4965636666666666,1.997742893589852
rolling,1785524996.4394042,,299.9863624572754,4,1.4803203333333337,1.4965636666666666,1.997742893589852
rolling,1785524996.5562198,,316.85686111450195,4,1.490138111111111,1.5063814444444446,1.1746475456677448
rolling,1785524996.6519573,,312.40177154541016,4,1.5058536666666666,1.4985236666666668,0.603696724817643
rolling,1785524996.753108,,313.7037754058838,4,1.499282166666667,1.5116666666666663,1.168872943503895
coherent,1785524996.8522213,1721,296.0014343261719,4,1.5002723888888887,1.512656888888889,1.2659819590044337
rolling,1785524996.8522213,,296.0014343261719,4,1.5002723888888887,1.512656888888889,1.2659819590044337
rolling,1785524996.9596243,,307.6670169830322,4,1.4973177222222225,1.509702222222222,1.0066167598770577
rolling,1785524997.0596426,,306.5345287322998,4,1.5007251666666668,1.5079984999999998,0.8031305556660222
rolling,1785524997.1596797,,307.45840072631836,4,1.5146933333333332,1.480062166666667,2.476714037736714
coherent,1785524997.2596252,1722,300.0009059906006,4,1.518390833333333,1.4837596666666673,2.4535100926472415
rolling,1785524997.2596252,,300.0009059906006,4,1.518390833333333,1.4837596666666673,2.4535100926472415
rolling,1785524997.3693817,,309.7391128540039,4,1.5387404999999996,1.504109333333334,3.895783567774807
rolling,1785524997.4694371,,309.7574710845947,4,1.5294663888888886,1.5087463888888895,3.073706870778196
rolling,1785524997.5711217,,311.4964962005615,4,1.5196263888888888,1.528426388888889,3.454351930652471
coherent,1785524997.6735287,1723,304.14700508117676,4,1.5232988888888888,1.532098888888889,3.966329400539016
rolling,1785524997.6735287,,304.14700508117676,4,1.5232988888888888,1.532098888888889,3.966329400539016
rolling,1785524997.7794385,,310.0013732910156,4,1.4985322222222224,1.5073322222222219,0.7477690440301856
rolling,1785524997.8755028,,304.3811321258545,4,1.4975513333333332,1.5078226666666665,0.8196955667942863
rolling,1785524997.979432,,305.90343475341797,4,1.500975111111111,1.500975111111111,0.13790153581537706
coherent,1785524998.0797272,1724,300.2886772155762,4,1.4968110555555556,1.4968110555555556,0.4509848482987602
rolling,1785524998.0797272,,300.2886772155762,4,1.4968110555555556,1.4968110555555556,0.4509848482987602
rolling,1785524998.189507,,314.00418281555176,4,1.5046759444444442,1.5046759444444442,0.6612784050236102
rolling,1785524998.2893639,,309.93175506591797,4,1.5017279444444447,1.506149944444444,0.6388083333272523
rolling,1785524998.3895195,,309.79228019714355,4,1.4970866666666667,1.5154325000000002,1.5705080940928533
coherent,1785524998.489372,1725,299.8650074005127,4,1.4995399999999999,1.5178858333333334,1.789174765157891
rolling,1785524998.489372,,299.8650074005127,4,1.4995399999999999,1.5178858333333334,1.789174765157891
rolling,1785524998.6029236,,313.55977058410645,4,1.4892290000000006,1.5075748333333328,1.3167860153713529
rolling,1785524998.7019155,,312.3960494995117,4,1.4995119999999997,1.502433333333333,0.24817846625180975
rolling,1785524998.7997274,,310.35542488098145,4,1.4939472777777771,1.5135627777777783,1.4852083602942254
coherent,1785524998.902392,1726,299.4682788848877,4,1.4946811111111113,1.514296611111111,1.5253972212990397
rolling,1785524998.902392,,299.4682788848877,4,1.4946811111111113,1.514296611111111,1.5253972212990397
rolling,1785524999.0098588,,307.94334411621094,4,1.509441111111111,1.5290566111111112,3.0551943117823077
rolling,1785524999.1096647,,309.9372386932373,4,1.5021061111111111,1.532724111111111,3.279181532066624
rolling,1785524999.210632,,308.2401752471924,4,1.5128030000000003,1.511330333333333,1.7096586280437556
coherent,1785524999.3112469,1727,301.3880252838135,4,1.5123138888888894,1.510841222222222,1.640621707888553
rolling,1785524999.3112469,,301.3880252838135,4,1.5123138888888894,1.510841222222222,1.640621707888553
rolling,1785524999.419527,,309.8623752593994,4,1.5029426666666663,1.5014700000000005,0.32894052822828923
rolling,1785524999.5193799,,308.7477684020996,4,1.501469666666667,1.5022065000000002,0.26511435949629075
rolling,1785524999.619545,,308.29811096191406,4,1.494880166666667,1.5153855000000003,1.62150024240244
coherent,1785524999.7194498,1728,299.9227046966553,4,1.4914439444444445,1.5119492777777779,1.4696643360993977
rolling,1785524999.7194498,,299.9227046966553,4,1.4914439444444445,1.5119492777777779,1.4696643360993977
rolling,1785524999.8297153,,310.3353977203369,4,1.4968596111111112,1.5173649444444446,1.7646623981150134
rolling,1785524999.9331062,,313.56120109558105,4,1.511499611111111,1.5100449444444446,1.5268987019405225
rolling,1785525000.0297265,,310.27674674987793,4,1.5190722222222222,1.4948997222222224,1.974240344801808
coherent,1785525000.129736,1729,300.020694732666,4,1.518825944444445,1.4946534444444444,1.9570432814170744
rolling,1785525000.129736,,300.020694732666,4,1.518825944444445,1.4946534444444444,1.9570432814170744
rolling,1785525000.2395668,,306.4606189727783,4,1.5287415000000004,1.5045689999999998,2.910239823880538
rolling,1785525000.3412318,,311.5053176879883,4,1.5326117222222226,1.5026338888888886,3.271791247892232
rolling,1785525000.4394755,,309.7395896911621,4,1.5260102222222225,1.515836888888889,3.045223653081017
coherent,1785525000.550628,1730,311.06114387512207,4,1.538428722222222,1.5282553888888897,4.769836153260491
rolling,1785525000.550628,,311.06114387512207,4,1.538428722222222,1.5282553888888897,4.769836153260491
rolling,1785525000.6531599,,311.92803382873535,4,1.5226065000000002,1.5124331666666666,2.579995107768847
rolling,1785525000.7517743,,312.2987747192383,4,1.501144277777778,1.5231642777777779,2.3192523290896343
rolling,1785525000.8559492,,305.32121658325195,4,1.5094705000000002,1.5065118333333332,1.1493230338382323
coherent,1785525000.953851,1731,300.6911277770996,4,1.4972982777777775,1.4943396111111111,0.6272105335492033
rolling,1785525000.953851,,300.6911277770996,4,1.4972982777777775,1.4943396111111111,0.6272105335492033
rolling,1785525001.0597887,,308.0143928527832,4,1.5041925,1.5012338333333328,0.43702861398818665
rolling,1785525001.1699166,,313.9674663543701,4,1.5188725000000003,1.4938938333333327,1.9835738645463392
rolling,1785525001.2596984,,305.8474063873291,4,1.5071551666666667,1.5173284999999999,1.874762177658205
coherent,1785525001.3596501,1732,299.8614311218262,4,1.5093666666666667,1.51954,2.166901115520599
rolling,1785525001.3596501,,299.8614311218262,4,1.5093666666666667,1.51954,2.166901115520599
rolling,1785525001.4695327,,299.61609840393066,4,1.498552444444445,1.5087257777777778,0.8845033347228254
rolling,1785525001.5749106,,315.2122497558594,4,1.4804183333333334,1.5177928333333335,2.6458015561871324
rolling,1785525001.6709254,,311.2752437591553,4,1.4923825000000002,1.4938645000000002,0.9781138302876389
coherent,1785525001.7695315,1733,299.9987602233887,4,1.4869607222222219,1.4884427222222225,1.7423932810900298
rolling,1785525001.7695315,,299.9987602233887,4,1.4869607222222219,1.4884427222222225,1.7423932810900298
rolling,1785525001.879437,,304.52632904052734,4,1.4958007222222223,1.4972827222222225,0.5001752930377656
rolling,1785525001.9797268,,308.80141258239746,4,1.4943170555555554,1.4980245555555558,0.601649717956631
rolling,1785525002.0795982,,310.06669998168945,4,1.4872040000000002,1.5122506666666666,1.7714865220423555
coherent,1785525002.1798286,1734,300.39167404174805,4,1.4889349444444442,1.5139816111111113,1.7830336612355002
rolling,1785525002.1798286,,300.39167404174805,4,1.4889349444444442,1.5139816111111113,1.7830336612355002
rolling,1785525002.2912116,,311.48481369018555,4,1.4815632777777774,1.5066099444444452,1.958581353577247
rolling,1785525002.3870513,,307.4531555175781,4,1.4899442777777776,1.502419444444445,1.034269117929434
rolling,1785525002.4894156,,309.5870018005371,4,1.485093166666667,1.5121216666666666,1.9213237176632845
