ISO-10303-21;
HEADER;
/* Generated by software containing ST-Developer
 * from STEP Tools, Inc. (www.steptools.com) 
 */

FILE_DESCRIPTION(
/* description */ (''),
/* implementation_level */ '2;1');

FILE_NAME(
/* name */ 
'C:\\Users\\Julio Mora\\Desktop\\Upverter\\Per\X\EDodo 1 - 16\\BNO085\\
28-LGA (5.2x3.8).stp',
/* time_stamp */ '2019-03-16T13:41:06-04:00',
/* author */ ('Julio Mora'),
/* organization */ (''),
/* preprocessor_version */ 'ST-DEVELOPER v16.13',
/* originating_system */ 'Autodesk Inventor 2018',
/* authorisation */ '');

FILE_SCHEMA (('AUTOMOTIVE_DESIGN { 1 0 10303 214 3 1 1 }'));
ENDSEC;

DATA;
#10=MECHANICAL_DESIGN_GEOMETRIC_PRESENTATION_REPRESENTATION('',(#9807,#9803,
#10128,#10134,#10138,#10125,#10131,#10142,#10126,#10127,#10130,#10139,#10132,
#10140,#10121,#10122,#10124,#10133,#10137,#10123,#10120,#10129,#10135,#10136,
#10170,#10174,#10153,#10144,#10155,#10169,#10173,#10175,#10176,#10161,#10178,
#10167,#10177,#10166,#10160,#10157,#10150,#10172,#10151,#10165,#10147,#10168,
#10143,#10146,#10141,#10148,#10149,#10154,#10158,#10152,#10171,#10145,#10156,
#10162,#10164,#10159,#10163,#9768,#9770,#9769,#9761,#9763,#9762,#9765,#9764,
#9766,#9767,#9745,#9747,#9746,#9737,#9736,#9738,#9740,#9739,#9741,#9742,
#9743,#9744,#9775,#9774,#9771,#9772,#9773,#9528,#9529,#9527,#9532,#9531,
#9535,#9530,#9534,#9536,#9541,#9537,#9538,#9539,#9547,#9543,#9544,#9545,
#9546,#9542,#9550,#9548,#9549,#9554,#9551,#9553,#9552,#9555,#9556,#9557,
#9558,#9559,#9560,#9780,#9562,#9566,#9561,#9568,#9569,#9565,#9563,#9564,
#9567,#9570,#9571,#9781,#9533,#9572,#9526,#9540,#9778,#9779,#10104,#10111,
#10113,#10114,#10107,#10112,#10105,#10108,#10109,#10110,#10106,#10117,#10118,
#10103,#10116,#10119,#10115,#9833,#9817,#9828,#9823,#9812,#9826,#9815,#9822,
#9824,#9814,#9831,#9811,#9834,#9825,#9816,#9827,#9830,#9832,#9819,#9818,
#9821,#9820,#9813,#9829,#9837,#9846,#9836,#9838,#9843,#9844,#9835,#9840,
#9847,#9839,#9848,#9842,#9841,#9845,#9853,#9857,#9862,#9854,#9856,#9849,
#9861,#9850,#9852,#9859,#9855,#9860,#9851,#9858,#9869,#9870,#9871,#9872,
#9867,#9863,#9866,#9865,#9874,#9873,#9864,#9868,#9883,#9884,#9880,#9878,
#9885,#9877,#9882,#9875,#9879,#9876,#9881,#9890,#9888,#9892,#9887,#9891,
#9899,#9900,#9905,#9886,#9896,#9898,#9895,#9902,#9903,#9889,#9893,#9894,
#9897,#9901,#9908,#9909,#9926,#9927,#9911,#9931,#9910,#9912,#9906,#9918,
#9904,#9915,#9920,#9919,#9922,#9928,#9907,#9924,#9925,#9916,#9929,#9914,
#9921,#9930,#9913,#9923,#9917,#9936,#9935,#9933,#9942,#9948,#9946,#9941,
#9937,#9949,#9932,#9934,#9939,#9940,#9943,#9944,#9945,#9947,#9938,#9955,
#9962,#9950,#9956,#9951,#9954,#9958,#9960,#9952,#9957,#9953,#9961,#9959,
#9969,#9971,#9972,#9965,#9973,#9970,#9966,#9963,#9964,#9968,#9967,#9982,
#9980,#9981,#9986,#9985,#9987,#9988,#9976,#9989,#9984,#9974,#9990,#9978,
#9983,#9991,#9975,#9977,#9979,#9992,#10004,#9998,#10005,#10006,#9997,#9996,
#9999,#10000,#9994,#10001,#9995,#10002,#10003,#9993,#10019,#10022,#10024,
#10011,#10020,#10007,#10018,#10021,#10017,#10010,#10012,#10023,#10014,#10009,
#10015,#10016,#10008,#10013,#10036,#10029,#10025,#10043,#10044,#10030,#10040,
#10026,#10042,#10046,#10047,#10035,#10032,#10038,#10028,#10033,#10039,#10031,
#10034,#10037,#10041,#10045,#10027,#10059,#10050,#10057,#10055,#10048,#10049,
#10058,#10051,#10060,#10061,#10052,#10053,#10054,#10056,#10075,#10077,#10081,
#10065,#10082,#10064,#10085,#10079,#10078,#10080,#10084,#10068,#10070,#10074,
#10083,#10066,#10071,#10072,#10062,#10067,#10063,#10076,#10073,#10069,#10098,
#10090,#10088,#10097,#10086,#10089,#10087,#10100,#10094,#10099,#10096,#10092,
#10091,#10093,#10095,#10102,#10101,#9683,#9684,#9682,#9688,#9685,#9687,
#9686,#9673,#9675,#9674,#9676,#9677,#9808,#9681,#9678,#9679,#9680,#9752,
#9753,#9755,#9756,#9754,#9757,#9758,#9759,#9760,#9748,#9749,#9751,#9750,
#9598,#9791,#9600,#9595,#9599,#9597,#9596,#9604,#9602,#9603,#9601,#9605,
#9606,#9614,#9613,#9608,#9609,#9610,#9611,#9607,#9612,#9615,#9618,#9619,
#9620,#9621,#9616,#9617,#9622,#9628,#9792,#9630,#9623,#9624,#9627,#9625,
#9629,#9626,#9635,#9639,#9637,#9638,#9640,#9636,#9632,#9631,#9633,#9634,
#9649,#9641,#9650,#9646,#9642,#9648,#9643,#9651,#9788,#9645,#9647,#9644,
#9573,#9575,#9574,#9581,#9789,#9579,#9576,#9578,#9580,#9577,#9582,#9587,
#9583,#9584,#9586,#9588,#9589,#9790,#9585,#9594,#9593,#9590,#9591,#9592,
#9810,#9804,#9784,#9786,#9787,#9785,#9782,#9783,#9692,#9693,#9696,#9694,
#9695,#9697,#9699,#9698,#9700,#9701,#9702,#9703,#9704,#9689,#9690,#9691,
#9656,#9654,#9655,#9653,#9652,#9657,#9658,#9659,#9660,#9661,#9662,#9663,
#9664,#9665,#9666,#9667,#9669,#9668,#9671,#9805,#9672,#9670,#9795,#9794,
#9796,#9793,#9797,#9798,#9777,#9776,#9705,#9708,#9709,#9710,#9712,#9713,
#9714,#9716,#9717,#9715,#9718,#9719,#9711,#9720,#9721,#9722,#9723,#9706,
#9707,#9731,#9732,#9733,#9734,#9724,#9729,#9726,#9735,#9727,#9728,#9725,
#9730,#9806,#9799,#9800,#9802,#9809,#9801),#18601);
#11=ITEM_DEFINED_TRANSFORMATION($,$,#10919,#11306);
#12=ITEM_DEFINED_TRANSFORMATION($,$,#10932,#11307);
#13=ITEM_DEFINED_TRANSFORMATION($,$,#11101,#11308);
#14=(
REPRESENTATION_RELATIONSHIP($,$,#18618,#18617)
REPRESENTATION_RELATIONSHIP_WITH_TRANSFORMATION(#11)
SHAPE_REPRESENTATION_RELATIONSHIP()
);
#15=(
REPRESENTATION_RELATIONSHIP($,$,#18619,#18617)
REPRESENTATION_RELATIONSHIP_WITH_TRANSFORMATION(#12)
SHAPE_REPRESENTATION_RELATIONSHIP()
);
#16=(
REPRESENTATION_RELATIONSHIP($,$,#18620,#18617)
REPRESENTATION_RELATIONSHIP_WITH_TRANSFORMATION(#13)
SHAPE_REPRESENTATION_RELATIONSHIP()
);
#17=CONTEXT_DEPENDENT_SHAPE_REPRESENTATION(#14,#18614);
#18=CONTEXT_DEPENDENT_SHAPE_REPRESENTATION(#15,#18615);
#19=CONTEXT_DEPENDENT_SHAPE_REPRESENTATION(#16,#18616);
#20=NEXT_ASSEMBLY_USAGE_OCCURRENCE('body:1','body:1','body:1',#18622,#18623,
'body:1');
#21=NEXT_ASSEMBLY_USAGE_OCCURRENCE('pads:1','pads:1','pads:1',#18622,#18624,
'pads:1');
#22=NEXT_ASSEMBLY_USAGE_OCCURRENCE('txt:1','txt:1','txt:1',#18622,#18625,
'txt:1');
#23=CIRCLE('',#11208,0.2);
#24=CIRCLE('',#11209,0.2);
#25=CYLINDRICAL_SURFACE('',#11207,0.2);
#26=ELLIPSE('',#11136,0.0533027729498885,0.0150323702969382);
#27=ELLIPSE('',#11246,1.00419620055212,0.160264853039234);
#28=ELLIPSE('',#11247,1.00419620055209,0.160264853039231);
#29=ELLIPSE('',#11270,0.0533027729499025,0.0150323702969442);
#30=FACE_BOUND('',#1567,.T.);
#31=FACE_BOUND('',#1569,.T.);
#32=FACE_BOUND('',#1594,.T.);
#33=FACE_BOUND('',#1596,.T.);
#34=FACE_BOUND('',#1612,.T.);
#35=FACE_BOUND('',#1614,.T.);
#36=FACE_BOUND('',#1640,.T.);
#37=FACE_BOUND('',#1642,.T.);
#38=FACE_BOUND('',#1721,.T.);
#39=FACE_BOUND('',#1722,.T.);
#40=FACE_BOUND('',#1724,.T.);
#41=FACE_BOUND('',#1725,.T.);
#42=FACE_BOUND('',#1737,.T.);
#43=FACE_BOUND('',#1739,.T.);
#44=FACE_BOUND('',#1749,.T.);
#45=FACE_BOUND('',#1751,.T.);
#46=FACE_BOUND('',#1773,.T.);
#47=FACE_BOUND('',#1774,.T.);
#48=FACE_BOUND('',#1776,.T.);
#49=FACE_BOUND('',#1777,.T.);
#50=FACE_BOUND('',#1779,.T.);
#51=FACE_BOUND('',#1854,.T.);
#52=FACE_BOUND('',#1856,.T.);
#53=FACE_BOUND('',#1910,.T.);
#54=FACE_BOUND('',#1912,.T.);
#55=FACE_BOUND('',#1954,.T.);
#56=FACE_BOUND('',#1956,.T.);
#57=B_SPLINE_CURVE_WITH_KNOTS('',2,(#13905,#13906,#13907,#13908),
 .UNSPECIFIED.,.F.,.F.,(3,1,3),(0.,1.,2.),.UNSPECIFIED.);
#58=B_SPLINE_CURVE_WITH_KNOTS('',2,(#13910,#13911,#13912,#13913),
 .UNSPECIFIED.,.F.,.F.,(3,1,3),(-2.,-1.,0.),.UNSPECIFIED.);
#59=B_SPLINE_CURVE_WITH_KNOTS('',2,(#13922,#13923,#13924),.UNSPECIFIED.,
 .F.,.F.,(3,3),(0.,1.),.UNSPECIFIED.);
#60=B_SPLINE_CURVE_WITH_KNOTS('',2,(#13926,#13927,#13928),.UNSPECIFIED.,
 .F.,.F.,(3,3),(-1.,0.),.UNSPECIFIED.);
#61=B_SPLINE_CURVE_WITH_KNOTS('',2,(#13943,#13944,#13945),.UNSPECIFIED.,
 .F.,.F.,(3,3),(0.,1.),.UNSPECIFIED.);
#62=B_SPLINE_CURVE_WITH_KNOTS('',2,(#13947,#13948,#13949),.UNSPECIFIED.,
 .F.,.F.,(3,3),(-1.,0.),.UNSPECIFIED.);
#63=B_SPLINE_CURVE_WITH_KNOTS('',2,(#13958,#13959,#13960),.UNSPECIFIED.,
 .F.,.F.,(3,3),(0.,1.),.UNSPECIFIED.);
#64=B_SPLINE_CURVE_WITH_KNOTS('',2,(#13962,#13963,#13964),.UNSPECIFIED.,
 .F.,.F.,(3,3),(-1.,0.),.UNSPECIFIED.);
#65=B_SPLINE_CURVE_WITH_KNOTS('',2,(#13973,#13974,#13975),.UNSPECIFIED.,
 .F.,.F.,(3,3),(0.,1.),.UNSPECIFIED.);
#66=B_SPLINE_CURVE_WITH_KNOTS('',2,(#13977,#13978,#13979),.UNSPECIFIED.,
 .F.,.F.,(3,3),(-1.,0.),.UNSPECIFIED.);
#67=B_SPLINE_CURVE_WITH_KNOTS('',2,(#14014,#14015,#14016,#14017),
 .UNSPECIFIED.,.F.,.F.,(3,1,3),(0.,1.,2.),.UNSPECIFIED.);
#68=B_SPLINE_CURVE_WITH_KNOTS('',2,(#14021,#14022,#14023,#14024),
 .UNSPECIFIED.,.F.,.F.,(3,1,3),(-2.,-1.,0.),.UNSPECIFIED.);
#69=B_SPLINE_CURVE_WITH_KNOTS('',2,(#14035,#14036,#14037,#14038),
 .UNSPECIFIED.,.F.,.F.,(3,1,3),(0.,1.,2.),.UNSPECIFIED.);
#70=B_SPLINE_CURVE_WITH_KNOTS('',2,(#14041,#14042,#14043,#14044),
 .UNSPECIFIED.,.F.,.F.,(3,1,3),(-2.,-1.,0.),.UNSPECIFIED.);
#71=B_SPLINE_CURVE_WITH_KNOTS('',2,(#14054,#14055,#14056,#14057),
 .UNSPECIFIED.,.F.,.F.,(3,1,3),(0.,1.,2.),.UNSPECIFIED.);
#72=B_SPLINE_CURVE_WITH_KNOTS('',2,(#14060,#14061,#14062,#14063),
 .UNSPECIFIED.,.F.,.F.,(3,1,3),(-2.,-1.,0.),.UNSPECIFIED.);
#73=B_SPLINE_CURVE_WITH_KNOTS('',2,(#14072,#14073,#14074,#14075),
 .UNSPECIFIED.,.F.,.F.,(3,1,3),(0.,1.,2.),.UNSPECIFIED.);
#74=B_SPLINE_CURVE_WITH_KNOTS('',2,(#14076,#14077,#14078,#14079),
 .UNSPECIFIED.,.F.,.F.,(3,1,3),(-2.,-1.,0.),.UNSPECIFIED.);
#75=B_SPLINE_CURVE_WITH_KNOTS('',2,(#14088,#14089,#14090),.UNSPECIFIED.,
 .F.,.F.,(3,3),(0.,1.),.UNSPECIFIED.);
#76=B_SPLINE_CURVE_WITH_KNOTS('',2,(#14094,#14095,#14096),.UNSPECIFIED.,
 .F.,.F.,(3,3),(-1.,0.),.UNSPECIFIED.);
#77=B_SPLINE_CURVE_WITH_KNOTS('',2,(#14105,#14106,#14107),.UNSPECIFIED.,
 .F.,.F.,(3,3),(0.,1.),.UNSPECIFIED.);
#78=B_SPLINE_CURVE_WITH_KNOTS('',2,(#14109,#14110,#14111),.UNSPECIFIED.,
 .F.,.F.,(3,3),(-1.,0.),.UNSPECIFIED.);
#79=B_SPLINE_CURVE_WITH_KNOTS('',2,(#14122,#14123,#14124,#14125),
 .UNSPECIFIED.,.F.,.F.,(3,1,3),(0.,1.,2.),.UNSPECIFIED.);
#80=B_SPLINE_CURVE_WITH_KNOTS('',2,(#14127,#14128,#14129,#14130),
 .UNSPECIFIED.,.F.,.F.,(3,1,3),(-2.,-1.,0.),.UNSPECIFIED.);
#81=B_SPLINE_CURVE_WITH_KNOTS('',2,(#14139,#14140,#14141),.UNSPECIFIED.,
 .F.,.F.,(3,3),(0.,1.),.UNSPECIFIED.);
#82=B_SPLINE_CURVE_WITH_KNOTS('',2,(#14143,#14144,#14145),.UNSPECIFIED.,
 .F.,.F.,(3,3),(-1.,0.),.UNSPECIFIED.);
#83=B_SPLINE_CURVE_WITH_KNOTS('',2,(#14154,#14155,#14156),.UNSPECIFIED.,
 .F.,.F.,(3,3),(0.,1.),.UNSPECIFIED.);
#84=B_SPLINE_CURVE_WITH_KNOTS('',2,(#14158,#14159,#14160),.UNSPECIFIED.,
 .F.,.F.,(3,3),(-1.,0.),.UNSPECIFIED.);
#85=B_SPLINE_CURVE_WITH_KNOTS('',2,(#14170,#14171,#14172,#14173),
 .UNSPECIFIED.,.F.,.F.,(3,1,3),(0.,1.,2.),.UNSPECIFIED.);
#86=B_SPLINE_CURVE_WITH_KNOTS('',2,(#14174,#14175,#14176,#14177),
 .UNSPECIFIED.,.F.,.F.,(3,1,3),(-2.,-1.,0.),.UNSPECIFIED.);
#87=B_SPLINE_CURVE_WITH_KNOTS('',2,(#14198,#14199,#14200,#14201),
 .UNSPECIFIED.,.F.,.F.,(3,1,3),(0.,1.,2.),.UNSPECIFIED.);
#88=B_SPLINE_CURVE_WITH_KNOTS('',2,(#14203,#14204,#14205,#14206),
 .UNSPECIFIED.,.F.,.F.,(3,1,3),(-2.,-1.,0.),.UNSPECIFIED.);
#89=B_SPLINE_CURVE_WITH_KNOTS('',2,(#14215,#14216,#14217),.UNSPECIFIED.,
 .F.,.F.,(3,3),(0.,1.),.UNSPECIFIED.);
#90=B_SPLINE_CURVE_WITH_KNOTS('',2,(#14219,#14220,#14221),.UNSPECIFIED.,
 .F.,.F.,(3,3),(-1.,0.),.UNSPECIFIED.);
#91=B_SPLINE_CURVE_WITH_KNOTS('',2,(#14236,#14237,#14238),.UNSPECIFIED.,
 .F.,.F.,(3,3),(0.,1.),.UNSPECIFIED.);
#92=B_SPLINE_CURVE_WITH_KNOTS('',2,(#14240,#14241,#14242),.UNSPECIFIED.,
 .F.,.F.,(3,3),(-1.,0.),.UNSPECIFIED.);
#93=B_SPLINE_CURVE_WITH_KNOTS('',2,(#14251,#14252,#14253),.UNSPECIFIED.,
 .F.,.F.,(3,3),(0.,1.),.UNSPECIFIED.);
#94=B_SPLINE_CURVE_WITH_KNOTS('',2,(#14255,#14256,#14257),.UNSPECIFIED.,
 .F.,.F.,(3,3),(-1.,0.),.UNSPECIFIED.);
#95=B_SPLINE_CURVE_WITH_KNOTS('',2,(#14266,#14267,#14268),.UNSPECIFIED.,
 .F.,.F.,(3,3),(0.,1.),.UNSPECIFIED.);
#96=B_SPLINE_CURVE_WITH_KNOTS('',2,(#14270,#14271,#14272),.UNSPECIFIED.,
 .F.,.F.,(3,3),(-1.,0.),.UNSPECIFIED.);
#97=B_SPLINE_CURVE_WITH_KNOTS('',2,(#14307,#14308,#14309,#14310),
 .UNSPECIFIED.,.F.,.F.,(3,1,3),(0.,1.,2.),.UNSPECIFIED.);
#98=B_SPLINE_CURVE_WITH_KNOTS('',2,(#14314,#14315,#14316,#14317),
 .UNSPECIFIED.,.F.,.F.,(3,1,3),(-2.,-1.,0.),.UNSPECIFIED.);
#99=B_SPLINE_CURVE_WITH_KNOTS('',2,(#14328,#14329,#14330,#14331),
 .UNSPECIFIED.,.F.,.F.,(3,1,3),(0.,1.,2.),.UNSPECIFIED.);
#100=B_SPLINE_CURVE_WITH_KNOTS('',2,(#14334,#14335,#14336,#14337),
 .UNSPECIFIED.,.F.,.F.,(3,1,3),(-2.,-1.,0.),.UNSPECIFIED.);
#101=B_SPLINE_CURVE_WITH_KNOTS('',2,(#14347,#14348,#14349,#14350),
 .UNSPECIFIED.,.F.,.F.,(3,1,3),(0.,1.,2.),.UNSPECIFIED.);
#102=B_SPLINE_CURVE_WITH_KNOTS('',2,(#14353,#14354,#14355,#14356),
 .UNSPECIFIED.,.F.,.F.,(3,1,3),(-2.,-1.,0.),.UNSPECIFIED.);
#103=B_SPLINE_CURVE_WITH_KNOTS('',2,(#14365,#14366,#14367,#14368),
 .UNSPECIFIED.,.F.,.F.,(3,1,3),(0.,1.,2.),.UNSPECIFIED.);
#104=B_SPLINE_CURVE_WITH_KNOTS('',2,(#14369,#14370,#14371,#14372),
 .UNSPECIFIED.,.F.,.F.,(3,1,3),(-2.,-1.,0.),.UNSPECIFIED.);
#105=B_SPLINE_CURVE_WITH_KNOTS('',2,(#14381,#14382,#14383),
 .UNSPECIFIED.,.F.,.F.,(3,3),(0.,1.),.UNSPECIFIED.);
#106=B_SPLINE_CURVE_WITH_KNOTS('',2,(#14387,#14388,#14389),
 .UNSPECIFIED.,.F.,.F.,(3,3),(-1.,0.),.UNSPECIFIED.);
#107=B_SPLINE_CURVE_WITH_KNOTS('',2,(#14398,#14399,#14400),
 .UNSPECIFIED.,.F.,.F.,(3,3),(0.,1.),.UNSPECIFIED.);
#108=B_SPLINE_CURVE_WITH_KNOTS('',2,(#14402,#14403,#14404),
 .UNSPECIFIED.,.F.,.F.,(3,3),(-1.,0.),.UNSPECIFIED.);
#109=B_SPLINE_CURVE_WITH_KNOTS('',2,(#14415,#14416,#14417,#14418),
 .UNSPECIFIED.,.F.,.F.,(3,1,3),(0.,1.,2.),.UNSPECIFIED.);
#110=B_SPLINE_CURVE_WITH_KNOTS('',2,(#14420,#14421,#14422,#14423),
 .UNSPECIFIED.,.F.,.F.,(3,1,3),(-2.,-1.,0.),.UNSPECIFIED.);
#111=B_SPLINE_CURVE_WITH_KNOTS('',2,(#14432,#14433,#14434),
 .UNSPECIFIED.,.F.,.F.,(3,3),(0.,1.),.UNSPECIFIED.);
#112=B_SPLINE_CURVE_WITH_KNOTS('',2,(#14436,#14437,#14438),
 .UNSPECIFIED.,.F.,.F.,(3,3),(-1.,0.),.UNSPECIFIED.);
#113=B_SPLINE_CURVE_WITH_KNOTS('',2,(#14447,#14448,#14449),
 .UNSPECIFIED.,.F.,.F.,(3,3),(0.,1.),.UNSPECIFIED.);
#114=B_SPLINE_CURVE_WITH_KNOTS('',2,(#14451,#14452,#14453),
 .UNSPECIFIED.,.F.,.F.,(3,3),(-1.,0.),.UNSPECIFIED.);
#115=B_SPLINE_CURVE_WITH_KNOTS('',2,(#14463,#14464,#14465,#14466),
 .UNSPECIFIED.,.F.,.F.,(3,1,3),(0.,1.,2.),.UNSPECIFIED.);
#116=B_SPLINE_CURVE_WITH_KNOTS('',2,(#14467,#14468,#14469,#14470),
 .UNSPECIFIED.,.F.,.F.,(3,1,3),(-2.,-1.,0.),.UNSPECIFIED.);
#117=B_SPLINE_CURVE_WITH_KNOTS('',2,(#14483,#14484,#14485,#14486),
 .UNSPECIFIED.,.F.,.F.,(3,1,3),(0.,1.,2.),.UNSPECIFIED.);
#118=B_SPLINE_CURVE_WITH_KNOTS('',2,(#14490,#14491,#14492,#14493),
 .UNSPECIFIED.,.F.,.F.,(3,1,3),(-2.,-1.,0.),.UNSPECIFIED.);
#119=B_SPLINE_CURVE_WITH_KNOTS('',2,(#14504,#14505,#14506,#14507),
 .UNSPECIFIED.,.F.,.F.,(3,1,3),(0.,1.,2.),.UNSPECIFIED.);
#120=B_SPLINE_CURVE_WITH_KNOTS('',2,(#14510,#14511,#14512,#14513),
 .UNSPECIFIED.,.F.,.F.,(3,1,3),(-2.,-1.,0.),.UNSPECIFIED.);
#121=B_SPLINE_CURVE_WITH_KNOTS('',2,(#14523,#14524,#14525,#14526),
 .UNSPECIFIED.,.F.,.F.,(3,1,3),(0.,1.,2.),.UNSPECIFIED.);
#122=B_SPLINE_CURVE_WITH_KNOTS('',2,(#14529,#14530,#14531,#14532),
 .UNSPECIFIED.,.F.,.F.,(3,1,3),(-2.,-1.,0.),.UNSPECIFIED.);
#123=B_SPLINE_CURVE_WITH_KNOTS('',2,(#14541,#14542,#14543,#14544),
 .UNSPECIFIED.,.F.,.F.,(3,1,3),(0.,1.,2.),.UNSPECIFIED.);
#124=B_SPLINE_CURVE_WITH_KNOTS('',2,(#14545,#14546,#14547,#14548),
 .UNSPECIFIED.,.F.,.F.,(3,1,3),(-2.,-1.,0.),.UNSPECIFIED.);
#125=B_SPLINE_CURVE_WITH_KNOTS('',2,(#14567,#14568,#14569,#14570),
 .UNSPECIFIED.,.F.,.F.,(3,1,3),(0.,1.,2.),.UNSPECIFIED.);
#126=B_SPLINE_CURVE_WITH_KNOTS('',2,(#14572,#14573,#14574,#14575),
 .UNSPECIFIED.,.F.,.F.,(3,1,3),(-2.,-1.,0.),.UNSPECIFIED.);
#127=B_SPLINE_CURVE_WITH_KNOTS('',2,(#14586,#14587,#14588,#14589),
 .UNSPECIFIED.,.F.,.F.,(3,1,3),(0.,1.,2.),.UNSPECIFIED.);
#128=B_SPLINE_CURVE_WITH_KNOTS('',2,(#14591,#14592,#14593,#14594),
 .UNSPECIFIED.,.F.,.F.,(3,1,3),(-2.,-1.,0.),.UNSPECIFIED.);
#129=B_SPLINE_CURVE_WITH_KNOTS('',2,(#14607,#14608,#14609,#14610,#14611),
 .UNSPECIFIED.,.F.,.F.,(3,1,1,3),(0.,1.,2.,3.),.UNSPECIFIED.);
#130=B_SPLINE_CURVE_WITH_KNOTS('',2,(#14613,#14614,#14615,#14616,#14617),
 .UNSPECIFIED.,.F.,.F.,(3,1,1,3),(-3.,-2.,-1.,0.),.UNSPECIFIED.);
#131=B_SPLINE_CURVE_WITH_KNOTS('',2,(#14626,#14627,#14628),
 .UNSPECIFIED.,.F.,.F.,(3,3),(0.,1.),.UNSPECIFIED.);
#132=B_SPLINE_CURVE_WITH_KNOTS('',2,(#14630,#14631,#14632),
 .UNSPECIFIED.,.F.,.F.,(3,3),(-1.,0.),.UNSPECIFIED.);
#133=B_SPLINE_CURVE_WITH_KNOTS('',2,(#14641,#14642,#14643),
 .UNSPECIFIED.,.F.,.F.,(3,3),(0.,1.),.UNSPECIFIED.);
#134=B_SPLINE_CURVE_WITH_KNOTS('',2,(#14645,#14646,#14647),
 .UNSPECIFIED.,.F.,.F.,(3,3),(-1.,0.),.UNSPECIFIED.);
#135=B_SPLINE_CURVE_WITH_KNOTS('',2,(#14692,#14693,#14694,#14695,#14696),
 .UNSPECIFIED.,.F.,.F.,(3,1,1,3),(0.,1.,2.,3.),.UNSPECIFIED.);
#136=B_SPLINE_CURVE_WITH_KNOTS('',2,(#14699,#14700,#14701,#14702,#14703),
 .UNSPECIFIED.,.F.,.F.,(3,1,1,3),(-3.,-2.,-1.,0.),.UNSPECIFIED.);
#137=B_SPLINE_CURVE_WITH_KNOTS('',2,(#14713,#14714,#14715,#14716),
 .UNSPECIFIED.,.F.,.F.,(3,1,3),(0.,1.,2.),.UNSPECIFIED.);
#138=B_SPLINE_CURVE_WITH_KNOTS('',2,(#14719,#14720,#14721,#14722),
 .UNSPECIFIED.,.F.,.F.,(3,1,3),(-2.,-1.,0.),.UNSPECIFIED.);
#139=B_SPLINE_CURVE_WITH_KNOTS('',2,(#14730,#14731,#14732),
 .UNSPECIFIED.,.F.,.F.,(3,3),(0.,1.),.UNSPECIFIED.);
#140=B_SPLINE_CURVE_WITH_KNOTS('',2,(#14735,#14736,#14737),
 .UNSPECIFIED.,.F.,.F.,(3,3),(-1.,0.),.UNSPECIFIED.);
#141=B_SPLINE_CURVE_WITH_KNOTS('',2,(#14745,#14746,#14747),
 .UNSPECIFIED.,.F.,.F.,(3,3),(0.,1.),.UNSPECIFIED.);
#142=B_SPLINE_CURVE_WITH_KNOTS('',2,(#14750,#14751,#14752),
 .UNSPECIFIED.,.F.,.F.,(3,3),(-1.,0.),.UNSPECIFIED.);
#143=B_SPLINE_CURVE_WITH_KNOTS('',2,(#14759,#14760,#14761),
 .UNSPECIFIED.,.F.,.F.,(3,3),(0.,1.),.UNSPECIFIED.);
#144=B_SPLINE_CURVE_WITH_KNOTS('',2,(#14762,#14763,#14764),
 .UNSPECIFIED.,.F.,.F.,(3,3),(-1.,0.),.UNSPECIFIED.);
#145=B_SPLINE_CURVE_WITH_KNOTS('',2,(#14775,#14776,#14777,#14778),
 .UNSPECIFIED.,.F.,.F.,(3,1,3),(0.,1.,2.),.UNSPECIFIED.);
#146=B_SPLINE_CURVE_WITH_KNOTS('',2,(#14782,#14783,#14784,#14785),
 .UNSPECIFIED.,.F.,.F.,(3,1,3),(-2.,-1.,0.),.UNSPECIFIED.);
#147=B_SPLINE_CURVE_WITH_KNOTS('',2,(#14796,#14797,#14798,#14799),
 .UNSPECIFIED.,.F.,.F.,(3,1,3),(0.,1.,2.),.UNSPECIFIED.);
#148=B_SPLINE_CURVE_WITH_KNOTS('',2,(#14812,#14813,#14814,#14815),
 .UNSPECIFIED.,.F.,.F.,(3,1,3),(0.,1.,2.),.UNSPECIFIED.);
#149=B_SPLINE_CURVE_WITH_KNOTS('',2,(#14817,#14818,#14819,#14820),
 .UNSPECIFIED.,.F.,.F.,(3,1,3),(-2.,-1.,0.),.UNSPECIFIED.);
#150=B_SPLINE_CURVE_WITH_KNOTS('',2,(#14831,#14832,#14833,#14834),
 .UNSPECIFIED.,.F.,.F.,(3,1,3),(0.,1.,2.),.UNSPECIFIED.);
#151=B_SPLINE_CURVE_WITH_KNOTS('',2,(#14836,#14837,#14838,#14839),
 .UNSPECIFIED.,.F.,.F.,(3,1,3),(-2.,-1.,0.),.UNSPECIFIED.);
#152=B_SPLINE_CURVE_WITH_KNOTS('',2,(#14856,#14857,#14858,#14859),
 .UNSPECIFIED.,.F.,.F.,(3,1,3),(0.,1.,2.),.UNSPECIFIED.);
#153=B_SPLINE_CURVE_WITH_KNOTS('',2,(#14861,#14862,#14863,#14864),
 .UNSPECIFIED.,.F.,.F.,(3,1,3),(-2.,-1.,0.),.UNSPECIFIED.);
#154=B_SPLINE_CURVE_WITH_KNOTS('',2,(#14881,#14882,#14883,#14884),
 .UNSPECIFIED.,.F.,.F.,(3,1,3),(0.,1.,2.),.UNSPECIFIED.);
#155=B_SPLINE_CURVE_WITH_KNOTS('',2,(#14886,#14887,#14888,#14889),
 .UNSPECIFIED.,.F.,.F.,(3,1,3),(-2.,-1.,0.),.UNSPECIFIED.);
#156=B_SPLINE_CURVE_WITH_KNOTS('',2,(#14898,#14899,#14900),
 .UNSPECIFIED.,.F.,.F.,(3,3),(0.,1.),.UNSPECIFIED.);
#157=B_SPLINE_CURVE_WITH_KNOTS('',2,(#14902,#14903,#14904),
 .UNSPECIFIED.,.F.,.F.,(3,3),(-1.,0.),.UNSPECIFIED.);
#158=B_SPLINE_CURVE_WITH_KNOTS('',2,(#14913,#14914,#14915),
 .UNSPECIFIED.,.F.,.F.,(3,3),(0.,1.),.UNSPECIFIED.);
#159=B_SPLINE_CURVE_WITH_KNOTS('',2,(#14917,#14918,#14919),
 .UNSPECIFIED.,.F.,.F.,(3,3),(-1.,0.),.UNSPECIFIED.);
#160=B_SPLINE_CURVE_WITH_KNOTS('',2,(#14930,#14931,#14932,#14933),
 .UNSPECIFIED.,.F.,.F.,(3,1,3),(0.,1.,2.),.UNSPECIFIED.);
#161=B_SPLINE_CURVE_WITH_KNOTS('',2,(#14935,#14936,#14937,#14938),
 .UNSPECIFIED.,.F.,.F.,(3,1,3),(-2.,-1.,0.),.UNSPECIFIED.);
#162=B_SPLINE_CURVE_WITH_KNOTS('',2,(#14947,#14948,#14949),
 .UNSPECIFIED.,.F.,.F.,(3,3),(0.,1.),.UNSPECIFIED.);
#163=B_SPLINE_CURVE_WITH_KNOTS('',2,(#14951,#14952,#14953),
 .UNSPECIFIED.,.F.,.F.,(3,3),(-1.,0.),.UNSPECIFIED.);
#164=B_SPLINE_CURVE_WITH_KNOTS('',2,(#14962,#14963,#14964),
 .UNSPECIFIED.,.F.,.F.,(3,3),(0.,1.),.UNSPECIFIED.);
#165=B_SPLINE_CURVE_WITH_KNOTS('',2,(#14966,#14967,#14968),
 .UNSPECIFIED.,.F.,.F.,(3,3),(-1.,0.),.UNSPECIFIED.);
#166=B_SPLINE_CURVE_WITH_KNOTS('',2,(#14979,#14980,#14981,#14982),
 .UNSPECIFIED.,.F.,.F.,(3,1,3),(0.,1.,2.),.UNSPECIFIED.);
#167=B_SPLINE_CURVE_WITH_KNOTS('',2,(#14984,#14985,#14986,#14987),
 .UNSPECIFIED.,.F.,.F.,(3,1,3),(-2.,-1.,0.),.UNSPECIFIED.);
#168=B_SPLINE_CURVE_WITH_KNOTS('',2,(#14998,#14999,#15000,#15001),
 .UNSPECIFIED.,.F.,.F.,(3,1,3),(0.,1.,2.),.UNSPECIFIED.);
#169=B_SPLINE_CURVE_WITH_KNOTS('',2,(#15003,#15004,#15005,#15006),
 .UNSPECIFIED.,.F.,.F.,(3,1,3),(-2.,-1.,0.),.UNSPECIFIED.);
#170=B_SPLINE_CURVE_WITH_KNOTS('',2,(#15015,#15016,#15017),
 .UNSPECIFIED.,.F.,.F.,(3,3),(0.,1.),.UNSPECIFIED.);
#171=B_SPLINE_CURVE_WITH_KNOTS('',2,(#15019,#15020,#15021),
 .UNSPECIFIED.,.F.,.F.,(3,3),(-1.,0.),.UNSPECIFIED.);
#172=B_SPLINE_CURVE_WITH_KNOTS('',2,(#15030,#15031,#15032),
 .UNSPECIFIED.,.F.,.F.,(3,3),(0.,1.),.UNSPECIFIED.);
#173=B_SPLINE_CURVE_WITH_KNOTS('',2,(#15034,#15035,#15036),
 .UNSPECIFIED.,.F.,.F.,(3,3),(-1.,0.),.UNSPECIFIED.);
#174=B_SPLINE_CURVE_WITH_KNOTS('',2,(#15077,#15078,#15079),
 .UNSPECIFIED.,.F.,.F.,(3,3),(0.,1.),.UNSPECIFIED.);
#175=B_SPLINE_CURVE_WITH_KNOTS('',2,(#15081,#15082,#15083),
 .UNSPECIFIED.,.F.,.F.,(3,3),(-1.,0.),.UNSPECIFIED.);
#176=B_SPLINE_CURVE_WITH_KNOTS('',2,(#15092,#15093,#15094),
 .UNSPECIFIED.,.F.,.F.,(3,3),(0.,1.),.UNSPECIFIED.);
#177=B_SPLINE_CURVE_WITH_KNOTS('',2,(#15096,#15097,#15098),
 .UNSPECIFIED.,.F.,.F.,(3,3),(-1.,0.),.UNSPECIFIED.);
#178=B_SPLINE_CURVE_WITH_KNOTS('',2,(#15107,#15108,#15109),
 .UNSPECIFIED.,.F.,.F.,(3,3),(0.,1.),.UNSPECIFIED.);
#179=B_SPLINE_CURVE_WITH_KNOTS('',2,(#15111,#15112,#15113),
 .UNSPECIFIED.,.F.,.F.,(3,3),(-1.,0.),.UNSPECIFIED.);
#180=B_SPLINE_CURVE_WITH_KNOTS('',2,(#15128,#15129,#15130),
 .UNSPECIFIED.,.F.,.F.,(3,3),(0.,1.),.UNSPECIFIED.);
#181=B_SPLINE_CURVE_WITH_KNOTS('',2,(#15132,#15133,#15134),
 .UNSPECIFIED.,.F.,.F.,(3,3),(-1.,0.),.UNSPECIFIED.);
#182=B_SPLINE_CURVE_WITH_KNOTS('',2,(#15147,#15148,#15149,#15150,#15151),
 .UNSPECIFIED.,.F.,.F.,(3,1,1,3),(0.,1.,2.,3.),.UNSPECIFIED.);
#183=B_SPLINE_CURVE_WITH_KNOTS('',2,(#15153,#15154,#15155,#15156,#15157),
 .UNSPECIFIED.,.F.,.F.,(3,1,1,3),(-3.,-2.,-1.,0.),.UNSPECIFIED.);
#184=B_SPLINE_CURVE_WITH_KNOTS('',2,(#15218,#15219,#15220,#15221),
 .UNSPECIFIED.,.F.,.F.,(3,1,3),(0.,1.,2.),.UNSPECIFIED.);
#185=B_SPLINE_CURVE_WITH_KNOTS('',2,(#15223,#15224,#15225,#15226),
 .UNSPECIFIED.,.F.,.F.,(3,1,3),(-2.,-1.,0.),.UNSPECIFIED.);
#186=B_SPLINE_CURVE_WITH_KNOTS('',2,(#15235,#15236,#15237),
 .UNSPECIFIED.,.F.,.F.,(3,3),(0.,1.),.UNSPECIFIED.);
#187=B_SPLINE_CURVE_WITH_KNOTS('',2,(#15239,#15240,#15241),
 .UNSPECIFIED.,.F.,.F.,(3,3),(-1.,0.),.UNSPECIFIED.);
#188=B_SPLINE_CURVE_WITH_KNOTS('',2,(#15256,#15257,#15258),
 .UNSPECIFIED.,.F.,.F.,(3,3),(0.,1.),.UNSPECIFIED.);
#189=B_SPLINE_CURVE_WITH_KNOTS('',2,(#15260,#15261,#15262),
 .UNSPECIFIED.,.F.,.F.,(3,3),(-1.,0.),.UNSPECIFIED.);
#190=B_SPLINE_CURVE_WITH_KNOTS('',2,(#15271,#15272,#15273),
 .UNSPECIFIED.,.F.,.F.,(3,3),(0.,1.),.UNSPECIFIED.);
#191=B_SPLINE_CURVE_WITH_KNOTS('',2,(#15275,#15276,#15277),
 .UNSPECIFIED.,.F.,.F.,(3,3),(-1.,0.),.UNSPECIFIED.);
#192=B_SPLINE_CURVE_WITH_KNOTS('',2,(#15286,#15287,#15288),
 .UNSPECIFIED.,.F.,.F.,(3,3),(0.,1.),.UNSPECIFIED.);
#193=B_SPLINE_CURVE_WITH_KNOTS('',2,(#15290,#15291,#15292),
 .UNSPECIFIED.,.F.,.F.,(3,3),(-1.,0.),.UNSPECIFIED.);
#194=B_SPLINE_CURVE_WITH_KNOTS('',2,(#15453,#15454,#15455,#15456),
 .UNSPECIFIED.,.F.,.F.,(3,1,3),(0.,1.,2.),.UNSPECIFIED.);
#195=B_SPLINE_CURVE_WITH_KNOTS('',2,(#15460,#15461,#15462,#15463),
 .UNSPECIFIED.,.F.,.F.,(3,1,3),(-2.,-1.,0.),.UNSPECIFIED.);
#196=B_SPLINE_CURVE_WITH_KNOTS('',2,(#15474,#15475,#15476,#15477),
 .UNSPECIFIED.,.F.,.F.,(3,1,3),(0.,1.,2.),.UNSPECIFIED.);
#197=B_SPLINE_CURVE_WITH_KNOTS('',2,(#15480,#15481,#15482,#15483),
 .UNSPECIFIED.,.F.,.F.,(3,1,3),(-2.,-1.,0.),.UNSPECIFIED.);
#198=B_SPLINE_CURVE_WITH_KNOTS('',2,(#15493,#15494,#15495,#15496),
 .UNSPECIFIED.,.F.,.F.,(3,1,3),(0.,1.,2.),.UNSPECIFIED.);
#199=B_SPLINE_CURVE_WITH_KNOTS('',2,(#15499,#15500,#15501,#15502),
 .UNSPECIFIED.,.F.,.F.,(3,1,3),(-2.,-1.,0.),.UNSPECIFIED.);
#200=B_SPLINE_CURVE_WITH_KNOTS('',2,(#15511,#15512,#15513,#15514),
 .UNSPECIFIED.,.F.,.F.,(3,1,3),(0.,1.,2.),.UNSPECIFIED.);
#201=B_SPLINE_CURVE_WITH_KNOTS('',2,(#15515,#15516,#15517,#15518),
 .UNSPECIFIED.,.F.,.F.,(3,1,3),(-2.,-1.,0.),.UNSPECIFIED.);
#202=B_SPLINE_CURVE_WITH_KNOTS('',2,(#15529,#15530,#15531,#15532),
 .UNSPECIFIED.,.F.,.F.,(3,1,3),(0.,1.,2.),.UNSPECIFIED.);
#203=B_SPLINE_CURVE_WITH_KNOTS('',2,(#15536,#15537,#15538,#15539),
 .UNSPECIFIED.,.F.,.F.,(3,1,3),(-2.,-1.,0.),.UNSPECIFIED.);
#204=B_SPLINE_CURVE_WITH_KNOTS('',2,(#15550,#15551,#15552,#15553),
 .UNSPECIFIED.,.F.,.F.,(3,1,3),(0.,1.,2.),.UNSPECIFIED.);
#205=B_SPLINE_CURVE_WITH_KNOTS('',2,(#15556,#15557,#15558,#15559),
 .UNSPECIFIED.,.F.,.F.,(3,1,3),(-2.,-1.,0.),.UNSPECIFIED.);
#206=B_SPLINE_CURVE_WITH_KNOTS('',2,(#15569,#15570,#15571,#15572),
 .UNSPECIFIED.,.F.,.F.,(3,1,3),(0.,1.,2.),.UNSPECIFIED.);
#207=B_SPLINE_CURVE_WITH_KNOTS('',2,(#15575,#15576,#15577,#15578),
 .UNSPECIFIED.,.F.,.F.,(3,1,3),(-2.,-1.,0.),.UNSPECIFIED.);
#208=B_SPLINE_CURVE_WITH_KNOTS('',2,(#15587,#15588,#15589,#15590),
 .UNSPECIFIED.,.F.,.F.,(3,1,3),(0.,1.,2.),.UNSPECIFIED.);
#209=B_SPLINE_CURVE_WITH_KNOTS('',2,(#15591,#15592,#15593,#15594),
 .UNSPECIFIED.,.F.,.F.,(3,1,3),(-2.,-1.,0.),.UNSPECIFIED.);
#210=B_SPLINE_CURVE_WITH_KNOTS('',2,(#15603,#15604,#15605),
 .UNSPECIFIED.,.F.,.F.,(3,3),(0.,1.),.UNSPECIFIED.);
#211=B_SPLINE_CURVE_WITH_KNOTS('',2,(#15609,#15610,#15611),
 .UNSPECIFIED.,.F.,.F.,(3,3),(-1.,0.),.UNSPECIFIED.);
#212=B_SPLINE_CURVE_WITH_KNOTS('',2,(#15620,#15621,#15622),
 .UNSPECIFIED.,.F.,.F.,(3,3),(0.,1.),.UNSPECIFIED.);
#213=B_SPLINE_CURVE_WITH_KNOTS('',2,(#15624,#15625,#15626),
 .UNSPECIFIED.,.F.,.F.,(3,3),(-1.,0.),.UNSPECIFIED.);
#214=B_SPLINE_CURVE_WITH_KNOTS('',2,(#15635,#15636,#15637),
 .UNSPECIFIED.,.F.,.F.,(3,3),(0.,1.),.UNSPECIFIED.);
#215=B_SPLINE_CURVE_WITH_KNOTS('',2,(#15639,#15640,#15641),
 .UNSPECIFIED.,.F.,.F.,(3,3),(-1.,0.),.UNSPECIFIED.);
#216=B_SPLINE_CURVE_WITH_KNOTS('',2,(#15652,#15653,#15654,#15655),
 .UNSPECIFIED.,.F.,.F.,(3,1,3),(0.,1.,2.),.UNSPECIFIED.);
#217=B_SPLINE_CURVE_WITH_KNOTS('',2,(#15657,#15658,#15659,#15660),
 .UNSPECIFIED.,.F.,.F.,(3,1,3),(-2.,-1.,0.),.UNSPECIFIED.);
#218=B_SPLINE_CURVE_WITH_KNOTS('',2,(#15669,#15670,#15671),
 .UNSPECIFIED.,.F.,.F.,(3,3),(0.,1.),.UNSPECIFIED.);
#219=B_SPLINE_CURVE_WITH_KNOTS('',2,(#15673,#15674,#15675),
 .UNSPECIFIED.,.F.,.F.,(3,3),(-1.,0.),.UNSPECIFIED.);
#220=B_SPLINE_CURVE_WITH_KNOTS('',2,(#15684,#15685,#15686),
 .UNSPECIFIED.,.F.,.F.,(3,3),(0.,1.),.UNSPECIFIED.);
#221=B_SPLINE_CURVE_WITH_KNOTS('',2,(#15688,#15689,#15690),
 .UNSPECIFIED.,.F.,.F.,(3,3),(-1.,0.),.UNSPECIFIED.);
#222=B_SPLINE_CURVE_WITH_KNOTS('',2,(#15701,#15702,#15703,#15704),
 .UNSPECIFIED.,.F.,.F.,(3,1,3),(0.,1.,2.),.UNSPECIFIED.);
#223=B_SPLINE_CURVE_WITH_KNOTS('',2,(#15706,#15707,#15708,#15709),
 .UNSPECIFIED.,.F.,.F.,(3,1,3),(-2.,-1.,0.),.UNSPECIFIED.);
#224=B_SPLINE_CURVE_WITH_KNOTS('',2,(#15724,#15725,#15726,#15727,#15728,
#15729),.UNSPECIFIED.,.F.,.F.,(3,1,1,1,3),(0.,1.,2.,3.,4.),
 .UNSPECIFIED.);
#225=B_SPLINE_CURVE_WITH_KNOTS('',2,(#15731,#15732,#15733,#15734,#15735,
#15736),.UNSPECIFIED.,.F.,.F.,(3,1,1,1,3),(-4.,-3.,-2.,-1.,0.),
 .UNSPECIFIED.);
#226=B_SPLINE_CURVE_WITH_KNOTS('',2,(#15749,#15750,#15751,#15752,#15753),
 .UNSPECIFIED.,.F.,.F.,(3,1,1,3),(0.,1.,2.,3.),.UNSPECIFIED.);
#227=B_SPLINE_CURVE_WITH_KNOTS('',2,(#15755,#15756,#15757,#15758,#15759),
 .UNSPECIFIED.,.F.,.F.,(3,1,1,3),(-3.,-2.,-1.,0.),.UNSPECIFIED.);
#228=B_SPLINE_CURVE_WITH_KNOTS('',2,(#15770,#15771,#15772,#15773),
 .UNSPECIFIED.,.F.,.F.,(3,1,3),(0.,1.,2.),.UNSPECIFIED.);
#229=B_SPLINE_CURVE_WITH_KNOTS('',2,(#15775,#15776,#15777,#15778),
 .UNSPECIFIED.,.F.,.F.,(3,1,3),(-2.,-1.,0.),.UNSPECIFIED.);
#230=B_SPLINE_CURVE_WITH_KNOTS('',2,(#15786,#15787,#15788),
 .UNSPECIFIED.,.F.,.F.,(3,3),(0.,1.),.UNSPECIFIED.);
#231=B_SPLINE_CURVE_WITH_KNOTS('',2,(#15789,#15790,#15791),
 .UNSPECIFIED.,.F.,.F.,(3,3),(-1.,0.),.UNSPECIFIED.);
#232=B_SPLINE_CURVE_WITH_KNOTS('',2,(#15804,#15805,#15806,#15807),
 .UNSPECIFIED.,.F.,.F.,(3,1,3),(0.,1.,2.),.UNSPECIFIED.);
#233=B_SPLINE_CURVE_WITH_KNOTS('',2,(#15811,#15812,#15813,#15814),
 .UNSPECIFIED.,.F.,.F.,(3,1,3),(-2.,-1.,0.),.UNSPECIFIED.);
#234=B_SPLINE_CURVE_WITH_KNOTS('',2,(#15825,#15826,#15827,#15828),
 .UNSPECIFIED.,.F.,.F.,(3,1,3),(0.,1.,2.),.UNSPECIFIED.);
#235=B_SPLINE_CURVE_WITH_KNOTS('',2,(#15831,#15832,#15833,#15834),
 .UNSPECIFIED.,.F.,.F.,(3,1,3),(-2.,-1.,0.),.UNSPECIFIED.);
#236=B_SPLINE_CURVE_WITH_KNOTS('',2,(#15846,#15847,#15848,#15849,#15850),
 .UNSPECIFIED.,.F.,.F.,(3,1,1,3),(0.,1.,2.,3.),.UNSPECIFIED.);
#237=B_SPLINE_CURVE_WITH_KNOTS('',2,(#15853,#15854,#15855,#15856,#15857),
 .UNSPECIFIED.,.F.,.F.,(3,1,1,3),(-3.,-2.,-1.,0.),.UNSPECIFIED.);
#238=B_SPLINE_CURVE_WITH_KNOTS('',2,(#15866,#15867,#15868,#15869),
 .UNSPECIFIED.,.F.,.F.,(3,1,3),(0.,1.,2.),.UNSPECIFIED.);
#239=B_SPLINE_CURVE_WITH_KNOTS('',2,(#15870,#15871,#15872,#15873),
 .UNSPECIFIED.,.F.,.F.,(3,1,3),(-2.,-1.,0.),.UNSPECIFIED.);
#240=B_SPLINE_CURVE_WITH_KNOTS('',2,(#15888,#15889,#15890,#15891,#15892,
#15893),.UNSPECIFIED.,.F.,.F.,(3,1,1,1,3),(0.,1.,2.,3.,4.),
 .UNSPECIFIED.);
#241=B_SPLINE_CURVE_WITH_KNOTS('',2,(#15897,#15898,#15899,#15900,#15901,
#15902),.UNSPECIFIED.,.F.,.F.,(3,1,1,1,3),(-4.,-3.,-2.,-1.,0.),
 .UNSPECIFIED.);
#242=B_SPLINE_CURVE_WITH_KNOTS('',2,(#15911,#15912,#15913),
 .UNSPECIFIED.,.F.,.F.,(3,3),(0.,1.),.UNSPECIFIED.);
#243=B_SPLINE_CURVE_WITH_KNOTS('',2,(#15915,#15916,#15917),
 .UNSPECIFIED.,.F.,.F.,(3,3),(-1.,0.),.UNSPECIFIED.);
#244=B_SPLINE_CURVE_WITH_KNOTS('',2,(#15928,#15929,#15930,#15931),
 .UNSPECIFIED.,.F.,.F.,(3,1,3),(0.,1.,2.),.UNSPECIFIED.);
#245=B_SPLINE_CURVE_WITH_KNOTS('',2,(#15933,#15934,#15935,#15936),
 .UNSPECIFIED.,.F.,.F.,(3,1,3),(-2.,-1.,0.),.UNSPECIFIED.);
#246=B_SPLINE_CURVE_WITH_KNOTS('',2,(#15947,#15948,#15949,#15950),
 .UNSPECIFIED.,.F.,.F.,(3,1,3),(0.,1.,2.),.UNSPECIFIED.);
#247=B_SPLINE_CURVE_WITH_KNOTS('',2,(#15952,#15953,#15954,#15955),
 .UNSPECIFIED.,.F.,.F.,(3,1,3),(-2.,-1.,0.),.UNSPECIFIED.);
#248=B_SPLINE_CURVE_WITH_KNOTS('',2,(#15966,#15967,#15968,#15969),
 .UNSPECIFIED.,.F.,.F.,(3,1,3),(0.,1.,2.),.UNSPECIFIED.);
#249=B_SPLINE_CURVE_WITH_KNOTS('',2,(#15971,#15972,#15973,#15974),
 .UNSPECIFIED.,.F.,.F.,(3,1,3),(-2.,-1.,0.),.UNSPECIFIED.);
#250=B_SPLINE_CURVE_WITH_KNOTS('',2,(#15984,#15985,#15986,#15987),
 .UNSPECIFIED.,.F.,.F.,(3,1,3),(0.,1.,2.),.UNSPECIFIED.);
#251=B_SPLINE_CURVE_WITH_KNOTS('',2,(#15988,#15989,#15990,#15991),
 .UNSPECIFIED.,.F.,.F.,(3,1,3),(-2.,-1.,0.),.UNSPECIFIED.);
#252=B_SPLINE_CURVE_WITH_KNOTS('',2,(#16004,#16005,#16006,#16007),
 .UNSPECIFIED.,.F.,.F.,(3,1,3),(0.,1.,2.),.UNSPECIFIED.);
#253=B_SPLINE_CURVE_WITH_KNOTS('',2,(#16011,#16012,#16013,#16014),
 .UNSPECIFIED.,.F.,.F.,(3,1,3),(-2.,-1.,0.),.UNSPECIFIED.);
#254=B_SPLINE_CURVE_WITH_KNOTS('',2,(#16025,#16026,#16027,#16028),
 .UNSPECIFIED.,.F.,.F.,(3,1,3),(0.,1.,2.),.UNSPECIFIED.);
#255=B_SPLINE_CURVE_WITH_KNOTS('',2,(#16031,#16032,#16033,#16034),
 .UNSPECIFIED.,.F.,.F.,(3,1,3),(-2.,-1.,0.),.UNSPECIFIED.);
#256=B_SPLINE_CURVE_WITH_KNOTS('',2,(#16044,#16045,#16046,#16047),
 .UNSPECIFIED.,.F.,.F.,(3,1,3),(0.,1.,2.),.UNSPECIFIED.);
#257=B_SPLINE_CURVE_WITH_KNOTS('',2,(#16050,#16051,#16052,#16053),
 .UNSPECIFIED.,.F.,.F.,(3,1,3),(-2.,-1.,0.),.UNSPECIFIED.);
#258=B_SPLINE_CURVE_WITH_KNOTS('',2,(#16062,#16063,#16064,#16065),
 .UNSPECIFIED.,.F.,.F.,(3,1,3),(0.,1.,2.),.UNSPECIFIED.);
#259=B_SPLINE_CURVE_WITH_KNOTS('',2,(#16066,#16067,#16068,#16069),
 .UNSPECIFIED.,.F.,.F.,(3,1,3),(-2.,-1.,0.),.UNSPECIFIED.);
#260=B_SPLINE_CURVE_WITH_KNOTS('',2,(#16080,#16081,#16082,#16083),
 .UNSPECIFIED.,.F.,.F.,(3,1,3),(0.,1.,2.),.UNSPECIFIED.);
#261=B_SPLINE_CURVE_WITH_KNOTS('',2,(#16087,#16088,#16089,#16090),
 .UNSPECIFIED.,.F.,.F.,(3,1,3),(-2.,-1.,0.),.UNSPECIFIED.);
#262=B_SPLINE_CURVE_WITH_KNOTS('',2,(#16103,#16104,#16105,#16106,#16107),
 .UNSPECIFIED.,.F.,.F.,(3,1,1,3),(0.,1.,2.,3.),.UNSPECIFIED.);
#263=B_SPLINE_CURVE_WITH_KNOTS('',2,(#16109,#16110,#16111,#16112,#16113),
 .UNSPECIFIED.,.F.,.F.,(3,1,1,3),(-3.,-2.,-1.,0.),.UNSPECIFIED.);
#264=B_SPLINE_CURVE_WITH_KNOTS('',2,(#16126,#16127,#16128,#16129,#16130),
 .UNSPECIFIED.,.F.,.F.,(3,1,1,3),(0.,1.,2.,3.),.UNSPECIFIED.);
#265=B_SPLINE_CURVE_WITH_KNOTS('',2,(#16132,#16133,#16134,#16135,#16136),
 .UNSPECIFIED.,.F.,.F.,(3,1,1,3),(-3.,-2.,-1.,0.),.UNSPECIFIED.);
#266=B_SPLINE_CURVE_WITH_KNOTS('',2,(#16146,#16147,#16148,#16149),
 .UNSPECIFIED.,.F.,.F.,(3,1,3),(0.,1.,2.),.UNSPECIFIED.);
#267=B_SPLINE_CURVE_WITH_KNOTS('',2,(#16150,#16151,#16152,#16153),
 .UNSPECIFIED.,.F.,.F.,(3,1,3),(-2.,-1.,0.),.UNSPECIFIED.);
#268=B_SPLINE_CURVE_WITH_KNOTS('',2,(#16180,#16181,#16182,#16183),
 .UNSPECIFIED.,.F.,.F.,(3,1,3),(0.,1.,2.),.UNSPECIFIED.);
#269=B_SPLINE_CURVE_WITH_KNOTS('',2,(#16186,#16187,#16188,#16189),
 .UNSPECIFIED.,.F.,.F.,(3,1,3),(-2.,-1.,0.),.UNSPECIFIED.);
#270=B_SPLINE_CURVE_WITH_KNOTS('',2,(#16199,#16200,#16201,#16202),
 .UNSPECIFIED.,.F.,.F.,(3,1,3),(0.,1.,2.),.UNSPECIFIED.);
#271=B_SPLINE_CURVE_WITH_KNOTS('',2,(#16205,#16206,#16207,#16208),
 .UNSPECIFIED.,.F.,.F.,(3,1,3),(-2.,-1.,0.),.UNSPECIFIED.);
#272=B_SPLINE_CURVE_WITH_KNOTS('',2,(#16236,#16237,#16238,#16239),
 .UNSPECIFIED.,.F.,.F.,(3,1,3),(0.,1.,2.),.UNSPECIFIED.);
#273=B_SPLINE_CURVE_WITH_KNOTS('',2,(#16242,#16243,#16244,#16245),
 .UNSPECIFIED.,.F.,.F.,(3,1,3),(-2.,-1.,0.),.UNSPECIFIED.);
#274=B_SPLINE_CURVE_WITH_KNOTS('',2,(#16255,#16256,#16257,#16258),
 .UNSPECIFIED.,.F.,.F.,(3,1,3),(0.,1.,2.),.UNSPECIFIED.);
#275=B_SPLINE_CURVE_WITH_KNOTS('',2,(#16261,#16262,#16263,#16264),
 .UNSPECIFIED.,.F.,.F.,(3,1,3),(-2.,-1.,0.),.UNSPECIFIED.);
#276=B_SPLINE_CURVE_WITH_KNOTS('',2,(#16278,#16279,#16280,#16281),
 .UNSPECIFIED.,.F.,.F.,(3,1,3),(0.,1.,2.),.UNSPECIFIED.);
#277=B_SPLINE_CURVE_WITH_KNOTS('',2,(#16285,#16286,#16287,#16288),
 .UNSPECIFIED.,.F.,.F.,(3,1,3),(-2.,-1.,0.),.UNSPECIFIED.);
#278=B_SPLINE_CURVE_WITH_KNOTS('',2,(#16297,#16298,#16299),
 .UNSPECIFIED.,.F.,.F.,(3,3),(0.,1.),.UNSPECIFIED.);
#279=B_SPLINE_CURVE_WITH_KNOTS('',2,(#16301,#16302,#16303),
 .UNSPECIFIED.,.F.,.F.,(3,3),(-1.,0.),.UNSPECIFIED.);
#280=B_SPLINE_CURVE_WITH_KNOTS('',2,(#16312,#16313,#16314),
 .UNSPECIFIED.,.F.,.F.,(3,3),(0.,1.),.UNSPECIFIED.);
#281=B_SPLINE_CURVE_WITH_KNOTS('',2,(#16316,#16317,#16318),
 .UNSPECIFIED.,.F.,.F.,(3,3),(-1.,0.),.UNSPECIFIED.);
#282=B_SPLINE_CURVE_WITH_KNOTS('',2,(#16329,#16330,#16331,#16332),
 .UNSPECIFIED.,.F.,.F.,(3,1,3),(0.,1.,2.),.UNSPECIFIED.);
#283=B_SPLINE_CURVE_WITH_KNOTS('',2,(#16334,#16335,#16336,#16337),
 .UNSPECIFIED.,.F.,.F.,(3,1,3),(-2.,-1.,0.),.UNSPECIFIED.);
#284=B_SPLINE_CURVE_WITH_KNOTS('',2,(#16348,#16349,#16350,#16351),
 .UNSPECIFIED.,.F.,.F.,(3,1,3),(0.,1.,2.),.UNSPECIFIED.);
#285=B_SPLINE_CURVE_WITH_KNOTS('',2,(#16353,#16354,#16355,#16356),
 .UNSPECIFIED.,.F.,.F.,(3,1,3),(-2.,-1.,0.),.UNSPECIFIED.);
#286=B_SPLINE_CURVE_WITH_KNOTS('',2,(#16365,#16366,#16367),
 .UNSPECIFIED.,.F.,.F.,(3,3),(0.,1.),.UNSPECIFIED.);
#287=B_SPLINE_CURVE_WITH_KNOTS('',2,(#16369,#16370,#16371),
 .UNSPECIFIED.,.F.,.F.,(3,3),(-1.,0.),.UNSPECIFIED.);
#288=B_SPLINE_CURVE_WITH_KNOTS('',2,(#16380,#16381,#16382),
 .UNSPECIFIED.,.F.,.F.,(3,3),(0.,1.),.UNSPECIFIED.);
#289=B_SPLINE_CURVE_WITH_KNOTS('',2,(#16384,#16385,#16386),
 .UNSPECIFIED.,.F.,.F.,(3,3),(-1.,0.),.UNSPECIFIED.);
#290=B_SPLINE_CURVE_WITH_KNOTS('',2,(#16504,#16505,#16506,#16507),
 .UNSPECIFIED.,.F.,.F.,(3,1,3),(0.,1.,2.),.UNSPECIFIED.);
#291=B_SPLINE_CURVE_WITH_KNOTS('',2,(#16509,#16510,#16511,#16512),
 .UNSPECIFIED.,.F.,.F.,(3,1,3),(-2.,-1.,0.),.UNSPECIFIED.);
#292=B_SPLINE_CURVE_WITH_KNOTS('',2,(#16523,#16524,#16525,#16526),
 .UNSPECIFIED.,.F.,.F.,(3,1,3),(0.,1.,2.),.UNSPECIFIED.);
#293=B_SPLINE_CURVE_WITH_KNOTS('',2,(#16528,#16529,#16530,#16531),
 .UNSPECIFIED.,.F.,.F.,(3,1,3),(-2.,-1.,0.),.UNSPECIFIED.);
#294=B_SPLINE_CURVE_WITH_KNOTS('',2,(#16544,#16545,#16546,#16547,#16548),
 .UNSPECIFIED.,.F.,.F.,(3,1,1,3),(0.,1.,2.,3.),.UNSPECIFIED.);
#295=B_SPLINE_CURVE_WITH_KNOTS('',2,(#16550,#16551,#16552,#16553,#16554),
 .UNSPECIFIED.,.F.,.F.,(3,1,1,3),(-3.,-2.,-1.,0.),.UNSPECIFIED.);
#296=B_SPLINE_CURVE_WITH_KNOTS('',2,(#16569,#16570,#16571,#16572,#16573,
#16574),.UNSPECIFIED.,.F.,.F.,(3,1,1,1,3),(0.,1.,2.,3.,4.),
 .UNSPECIFIED.);
#297=B_SPLINE_CURVE_WITH_KNOTS('',2,(#16576,#16577,#16578,#16579,#16580,
#16581),.UNSPECIFIED.,.F.,.F.,(3,1,1,1,3),(-4.,-3.,-2.,-1.,0.),
 .UNSPECIFIED.);
#298=B_SPLINE_CURVE_WITH_KNOTS('',2,(#16598,#16599,#16600,#16601),
 .UNSPECIFIED.,.F.,.F.,(3,1,3),(0.,1.,2.),.UNSPECIFIED.);
#299=B_SPLINE_CURVE_WITH_KNOTS('',2,(#16603,#16604,#16605,#16606),
 .UNSPECIFIED.,.F.,.F.,(3,1,3),(-2.,-1.,0.),.UNSPECIFIED.);
#300=B_SPLINE_CURVE_WITH_KNOTS('',2,(#16617,#16618,#16619,#16620),
 .UNSPECIFIED.,.F.,.F.,(3,1,3),(0.,1.,2.),.UNSPECIFIED.);
#301=B_SPLINE_CURVE_WITH_KNOTS('',2,(#16622,#16623,#16624,#16625),
 .UNSPECIFIED.,.F.,.F.,(3,1,3),(-2.,-1.,0.),.UNSPECIFIED.);
#302=B_SPLINE_CURVE_WITH_KNOTS('',2,(#16636,#16637,#16638,#16639),
 .UNSPECIFIED.,.F.,.F.,(3,1,3),(0.,1.,2.),.UNSPECIFIED.);
#303=B_SPLINE_CURVE_WITH_KNOTS('',2,(#16641,#16642,#16643,#16644),
 .UNSPECIFIED.,.F.,.F.,(3,1,3),(-2.,-1.,0.),.UNSPECIFIED.);
#304=B_SPLINE_CURVE_WITH_KNOTS('',2,(#16653,#16654,#16655),
 .UNSPECIFIED.,.F.,.F.,(3,3),(0.,1.),.UNSPECIFIED.);
#305=B_SPLINE_CURVE_WITH_KNOTS('',2,(#16657,#16658,#16659),
 .UNSPECIFIED.,.F.,.F.,(3,3),(-1.,0.),.UNSPECIFIED.);
#306=B_SPLINE_CURVE_WITH_KNOTS('',2,(#16668,#16669,#16670),
 .UNSPECIFIED.,.F.,.F.,(3,3),(0.,1.),.UNSPECIFIED.);
#307=B_SPLINE_CURVE_WITH_KNOTS('',2,(#16672,#16673,#16674),
 .UNSPECIFIED.,.F.,.F.,(3,3),(-1.,0.),.UNSPECIFIED.);
#308=B_SPLINE_CURVE_WITH_KNOTS('',2,(#16757,#16758,#16759,#16760,#16761),
 .UNSPECIFIED.,.F.,.F.,(3,1,1,3),(0.,1.,2.,3.),.UNSPECIFIED.);
#309=B_SPLINE_CURVE_WITH_KNOTS('',2,(#16765,#16766,#16767,#16768,#16769),
 .UNSPECIFIED.,.F.,.F.,(3,1,1,3),(-3.,-2.,-1.,0.),.UNSPECIFIED.);
#310=B_SPLINE_CURVE_WITH_KNOTS('',2,(#16784,#16785,#16786,#16787,#16788,
#16789),.UNSPECIFIED.,.F.,.F.,(3,1,1,1,3),(0.,1.,2.,3.,4.),
 .UNSPECIFIED.);
#311=B_SPLINE_CURVE_WITH_KNOTS('',2,(#16791,#16792,#16793,#16794,#16795,
#16796),.UNSPECIFIED.,.F.,.F.,(3,1,1,1,3),(-4.,-3.,-2.,-1.,0.),
 .UNSPECIFIED.);
#312=B_SPLINE_CURVE_WITH_KNOTS('',2,(#16805,#16806,#16807),
 .UNSPECIFIED.,.F.,.F.,(3,3),(0.,1.),.UNSPECIFIED.);
#313=B_SPLINE_CURVE_WITH_KNOTS('',2,(#16809,#16810,#16811),
 .UNSPECIFIED.,.F.,.F.,(3,3),(-1.,0.),.UNSPECIFIED.);
#314=B_SPLINE_CURVE_WITH_KNOTS('',2,(#16822,#16823,#16824,#16825),
 .UNSPECIFIED.,.F.,.F.,(3,1,3),(0.,1.,2.),.UNSPECIFIED.);
#315=B_SPLINE_CURVE_WITH_KNOTS('',2,(#16827,#16828,#16829,#16830),
 .UNSPECIFIED.,.F.,.F.,(3,1,3),(-2.,-1.,0.),.UNSPECIFIED.);
#316=B_SPLINE_CURVE_WITH_KNOTS('',2,(#16839,#16840,#16841),
 .UNSPECIFIED.,.F.,.F.,(3,3),(0.,1.),.UNSPECIFIED.);
#317=B_SPLINE_CURVE_WITH_KNOTS('',2,(#16843,#16844,#16845),
 .UNSPECIFIED.,.F.,.F.,(3,3),(-1.,0.),.UNSPECIFIED.);
#318=B_SPLINE_CURVE_WITH_KNOTS('',2,(#16856,#16857,#16858,#16859),
 .UNSPECIFIED.,.F.,.F.,(3,1,3),(0.,1.,2.),.UNSPECIFIED.);
#319=B_SPLINE_CURVE_WITH_KNOTS('',2,(#16861,#16862,#16863,#16864),
 .UNSPECIFIED.,.F.,.F.,(3,1,3),(-2.,-1.,0.),.UNSPECIFIED.);
#320=B_SPLINE_CURVE_WITH_KNOTS('',2,(#16881,#16882,#16883,#16884),
 .UNSPECIFIED.,.F.,.F.,(3,1,3),(0.,1.,2.),.UNSPECIFIED.);
#321=B_SPLINE_CURVE_WITH_KNOTS('',2,(#16886,#16887,#16888,#16889),
 .UNSPECIFIED.,.F.,.F.,(3,1,3),(-2.,-1.,0.),.UNSPECIFIED.);
#322=B_SPLINE_CURVE_WITH_KNOTS('',2,(#16900,#16901,#16902,#16903),
 .UNSPECIFIED.,.F.,.F.,(3,1,3),(0.,1.,2.),.UNSPECIFIED.);
#323=B_SPLINE_CURVE_WITH_KNOTS('',2,(#16905,#16906,#16907,#16908),
 .UNSPECIFIED.,.F.,.F.,(3,1,3),(-2.,-1.,0.),.UNSPECIFIED.);
#324=B_SPLINE_CURVE_WITH_KNOTS('',2,(#16919,#16920,#16921,#16922),
 .UNSPECIFIED.,.F.,.F.,(3,1,3),(0.,1.,2.),.UNSPECIFIED.);
#325=B_SPLINE_CURVE_WITH_KNOTS('',2,(#16924,#16925,#16926,#16927),
 .UNSPECIFIED.,.F.,.F.,(3,1,3),(-2.,-1.,0.),.UNSPECIFIED.);
#326=B_SPLINE_CURVE_WITH_KNOTS('',2,(#16963,#16964,#16965),
 .UNSPECIFIED.,.F.,.F.,(3,3),(0.,1.),.UNSPECIFIED.);
#327=B_SPLINE_CURVE_WITH_KNOTS('',2,(#16968,#16969,#16970),
 .UNSPECIFIED.,.F.,.F.,(3,3),(-1.,0.),.UNSPECIFIED.);
#328=B_SPLINE_CURVE_WITH_KNOTS('',2,(#16978,#16979,#16980),
 .UNSPECIFIED.,.F.,.F.,(3,3),(0.,1.),.UNSPECIFIED.);
#329=B_SPLINE_CURVE_WITH_KNOTS('',2,(#16983,#16984,#16985),
 .UNSPECIFIED.,.F.,.F.,(3,3),(-1.,0.),.UNSPECIFIED.);
#330=B_SPLINE_CURVE_WITH_KNOTS('',2,(#16994,#16995,#16996,#16997),
 .UNSPECIFIED.,.F.,.F.,(3,1,3),(0.,1.,2.),.UNSPECIFIED.);
#331=B_SPLINE_CURVE_WITH_KNOTS('',2,(#16998,#16999,#17000,#17001),
 .UNSPECIFIED.,.F.,.F.,(3,1,3),(-2.,-1.,0.),.UNSPECIFIED.);
#332=B_SPLINE_CURVE_WITH_KNOTS('',2,(#17010,#17011,#17012),
 .UNSPECIFIED.,.F.,.F.,(3,3),(0.,1.),.UNSPECIFIED.);
#333=B_SPLINE_CURVE_WITH_KNOTS('',2,(#17016,#17017,#17018),
 .UNSPECIFIED.,.F.,.F.,(3,3),(-1.,0.),.UNSPECIFIED.);
#334=B_SPLINE_CURVE_WITH_KNOTS('',2,(#17027,#17028,#17029),
 .UNSPECIFIED.,.F.,.F.,(3,3),(0.,1.),.UNSPECIFIED.);
#335=B_SPLINE_CURVE_WITH_KNOTS('',2,(#17031,#17032,#17033),
 .UNSPECIFIED.,.F.,.F.,(3,3),(-1.,0.),.UNSPECIFIED.);
#336=B_SPLINE_CURVE_WITH_KNOTS('',2,(#17042,#17043,#17044),
 .UNSPECIFIED.,.F.,.F.,(3,3),(0.,1.),.UNSPECIFIED.);
#337=B_SPLINE_CURVE_WITH_KNOTS('',2,(#17046,#17047,#17048),
 .UNSPECIFIED.,.F.,.F.,(3,3),(-1.,0.),.UNSPECIFIED.);
#338=B_SPLINE_CURVE_WITH_KNOTS('',2,(#17057,#17058,#17059),
 .UNSPECIFIED.,.F.,.F.,(3,3),(0.,1.),.UNSPECIFIED.);
#339=B_SPLINE_CURVE_WITH_KNOTS('',2,(#17061,#17062,#17063),
 .UNSPECIFIED.,.F.,.F.,(3,3),(-1.,0.),.UNSPECIFIED.);
#340=B_SPLINE_CURVE_WITH_KNOTS('',2,(#17080,#17081,#17082,#17083),
 .UNSPECIFIED.,.F.,.F.,(3,1,3),(0.,1.,2.),.UNSPECIFIED.);
#341=B_SPLINE_CURVE_WITH_KNOTS('',2,(#17085,#17086,#17087,#17088),
 .UNSPECIFIED.,.F.,.F.,(3,1,3),(-2.,-1.,0.),.UNSPECIFIED.);
#342=B_SPLINE_CURVE_WITH_KNOTS('',2,(#17101,#17102,#17103,#17104,#17105),
 .UNSPECIFIED.,.F.,.F.,(3,1,1,3),(0.,1.,2.,3.),.UNSPECIFIED.);
#343=B_SPLINE_CURVE_WITH_KNOTS('',2,(#17107,#17108,#17109,#17110,#17111),
 .UNSPECIFIED.,.F.,.F.,(3,1,1,3),(-3.,-2.,-1.,0.),.UNSPECIFIED.);
#344=B_SPLINE_CURVE_WITH_KNOTS('',2,(#17122,#17123,#17124,#17125),
 .UNSPECIFIED.,.F.,.F.,(3,1,3),(0.,1.,2.),.UNSPECIFIED.);
#345=B_SPLINE_CURVE_WITH_KNOTS('',2,(#17127,#17128,#17129,#17130),
 .UNSPECIFIED.,.F.,.F.,(3,1,3),(-2.,-1.,0.),.UNSPECIFIED.);
#346=B_SPLINE_CURVE_WITH_KNOTS('',2,(#17143,#17144,#17145,#17146,#17147),
 .UNSPECIFIED.,.F.,.F.,(3,1,1,3),(0.,1.,2.,3.),.UNSPECIFIED.);
#347=B_SPLINE_CURVE_WITH_KNOTS('',2,(#17149,#17150,#17151,#17152,#17153),
 .UNSPECIFIED.,.F.,.F.,(3,1,1,3),(-3.,-2.,-1.,0.),.UNSPECIFIED.);
#348=B_SPLINE_CURVE_WITH_KNOTS('',2,(#17176,#17177,#17178,#17179),
 .UNSPECIFIED.,.F.,.F.,(3,1,3),(0.,1.,2.),.UNSPECIFIED.);
#349=B_SPLINE_CURVE_WITH_KNOTS('',2,(#17183,#17184,#17185,#17186),
 .UNSPECIFIED.,.F.,.F.,(3,1,3),(-2.,-1.,0.),.UNSPECIFIED.);
#350=B_SPLINE_CURVE_WITH_KNOTS('',2,(#17195,#17196,#17197),
 .UNSPECIFIED.,.F.,.F.,(3,3),(0.,1.),.UNSPECIFIED.);
#351=B_SPLINE_CURVE_WITH_KNOTS('',2,(#17199,#17200,#17201),
 .UNSPECIFIED.,.F.,.F.,(3,3),(-1.,0.),.UNSPECIFIED.);
#352=B_SPLINE_CURVE_WITH_KNOTS('',2,(#17210,#17211,#17212),
 .UNSPECIFIED.,.F.,.F.,(3,3),(0.,1.),.UNSPECIFIED.);
#353=B_SPLINE_CURVE_WITH_KNOTS('',2,(#17214,#17215,#17216),
 .UNSPECIFIED.,.F.,.F.,(3,3),(-1.,0.),.UNSPECIFIED.);
#354=B_SPLINE_CURVE_WITH_KNOTS('',2,(#17225,#17226,#17227),
 .UNSPECIFIED.,.F.,.F.,(3,3),(0.,1.),.UNSPECIFIED.);
#355=B_SPLINE_CURVE_WITH_KNOTS('',2,(#17229,#17230,#17231),
 .UNSPECIFIED.,.F.,.F.,(3,3),(-1.,0.),.UNSPECIFIED.);
#356=B_SPLINE_CURVE_WITH_KNOTS('',2,(#17240,#17241,#17242),
 .UNSPECIFIED.,.F.,.F.,(3,3),(0.,1.),.UNSPECIFIED.);
#357=B_SPLINE_CURVE_WITH_KNOTS('',2,(#17244,#17245,#17246),
 .UNSPECIFIED.,.F.,.F.,(3,3),(-1.,0.),.UNSPECIFIED.);
#358=B_SPLINE_CURVE_WITH_KNOTS('',2,(#17259,#17260,#17261,#17262,#17263),
 .UNSPECIFIED.,.F.,.F.,(3,1,1,3),(0.,1.,2.,3.),.UNSPECIFIED.);
#359=B_SPLINE_CURVE_WITH_KNOTS('',2,(#17265,#17266,#17267,#17268,#17269),
 .UNSPECIFIED.,.F.,.F.,(3,1,1,3),(-3.,-2.,-1.,0.),.UNSPECIFIED.);
#360=B_SPLINE_CURVE_WITH_KNOTS('',2,(#17282,#17283,#17284,#17285,#17286),
 .UNSPECIFIED.,.F.,.F.,(3,1,1,3),(0.,1.,2.,3.),.UNSPECIFIED.);
#361=B_SPLINE_CURVE_WITH_KNOTS('',2,(#17288,#17289,#17290,#17291,#17292),
 .UNSPECIFIED.,.F.,.F.,(3,1,1,3),(-3.,-2.,-1.,0.),.UNSPECIFIED.);
#362=B_SPLINE_CURVE_WITH_KNOTS('',2,(#17305,#17306,#17307,#17308,#17309),
 .UNSPECIFIED.,.F.,.F.,(3,1,1,3),(0.,1.,2.,3.),.UNSPECIFIED.);
#363=B_SPLINE_CURVE_WITH_KNOTS('',2,(#17311,#17312,#17313,#17314,#17315),
 .UNSPECIFIED.,.F.,.F.,(3,1,1,3),(-3.,-2.,-1.,0.),.UNSPECIFIED.);
#364=B_SPLINE_CURVE_WITH_KNOTS('',2,(#17330,#17331,#17332),
 .UNSPECIFIED.,.F.,.F.,(3,3),(0.,1.),.UNSPECIFIED.);
#365=B_SPLINE_CURVE_WITH_KNOTS('',2,(#17334,#17335,#17336),
 .UNSPECIFIED.,.F.,.F.,(3,3),(-1.,0.),.UNSPECIFIED.);
#366=B_SPLINE_CURVE_WITH_KNOTS('',2,(#17345,#17346,#17347),
 .UNSPECIFIED.,.F.,.F.,(3,3),(0.,1.),.UNSPECIFIED.);
#367=B_SPLINE_CURVE_WITH_KNOTS('',2,(#17349,#17350,#17351),
 .UNSPECIFIED.,.F.,.F.,(3,3),(-1.,0.),.UNSPECIFIED.);
#368=B_SPLINE_CURVE_WITH_KNOTS('',2,(#17362,#17363,#17364,#17365),
 .UNSPECIFIED.,.F.,.F.,(3,1,3),(0.,1.,2.),.UNSPECIFIED.);
#369=B_SPLINE_CURVE_WITH_KNOTS('',2,(#17367,#17368,#17369,#17370),
 .UNSPECIFIED.,.F.,.F.,(3,1,3),(-2.,-1.,0.),.UNSPECIFIED.);
#370=B_SPLINE_CURVE_WITH_KNOTS('',2,(#17379,#17380,#17381),
 .UNSPECIFIED.,.F.,.F.,(3,3),(0.,1.),.UNSPECIFIED.);
#371=B_SPLINE_CURVE_WITH_KNOTS('',2,(#17383,#17384,#17385),
 .UNSPECIFIED.,.F.,.F.,(3,3),(-1.,0.),.UNSPECIFIED.);
#372=B_SPLINE_CURVE_WITH_KNOTS('',2,(#17394,#17395,#17396),
 .UNSPECIFIED.,.F.,.F.,(3,3),(0.,1.),.UNSPECIFIED.);
#373=B_SPLINE_CURVE_WITH_KNOTS('',2,(#17398,#17399,#17400),
 .UNSPECIFIED.,.F.,.F.,(3,3),(-1.,0.),.UNSPECIFIED.);
#374=B_SPLINE_CURVE_WITH_KNOTS('',2,(#17413,#17414,#17415,#17416,#17417),
 .UNSPECIFIED.,.F.,.F.,(3,1,1,3),(0.,1.,2.,3.),.UNSPECIFIED.);
#375=B_SPLINE_CURVE_WITH_KNOTS('',2,(#17419,#17420,#17421,#17422,#17423),
 .UNSPECIFIED.,.F.,.F.,(3,1,1,3),(-3.,-2.,-1.,0.),.UNSPECIFIED.);
#376=B_SPLINE_CURVE_WITH_KNOTS('',2,(#17436,#17437,#17438,#17439,#17440),
 .UNSPECIFIED.,.F.,.F.,(3,1,1,3),(0.,1.,2.,3.),.UNSPECIFIED.);
#377=B_SPLINE_CURVE_WITH_KNOTS('',2,(#17442,#17443,#17444,#17445,#17446),
 .UNSPECIFIED.,.F.,.F.,(3,1,1,3),(-3.,-2.,-1.,0.),.UNSPECIFIED.);
#378=B_SPLINE_CURVE_WITH_KNOTS('',2,(#17457,#17458,#17459,#17460),
 .UNSPECIFIED.,.F.,.F.,(3,1,3),(0.,1.,2.),.UNSPECIFIED.);
#379=B_SPLINE_CURVE_WITH_KNOTS('',2,(#17462,#17463,#17464,#17465),
 .UNSPECIFIED.,.F.,.F.,(3,1,3),(-2.,-1.,0.),.UNSPECIFIED.);
#380=B_SPLINE_CURVE_WITH_KNOTS('',2,(#17530,#17531,#17532,#17533,#17534),
 .UNSPECIFIED.,.F.,.F.,(3,1,1,3),(0.,1.,2.,3.),.UNSPECIFIED.);
#381=B_SPLINE_CURVE_WITH_KNOTS('',2,(#17537,#17538,#17539,#17540,#17541),
 .UNSPECIFIED.,.F.,.F.,(3,1,1,3),(-3.,-2.,-1.,0.),.UNSPECIFIED.);
#382=B_SPLINE_CURVE_WITH_KNOTS('',2,(#17551,#17552,#17553,#17554),
 .UNSPECIFIED.,.F.,.F.,(3,1,3),(0.,1.,2.),.UNSPECIFIED.);
#383=B_SPLINE_CURVE_WITH_KNOTS('',2,(#17557,#17558,#17559,#17560),
 .UNSPECIFIED.,.F.,.F.,(3,1,3),(-2.,-1.,0.),.UNSPECIFIED.);
#384=B_SPLINE_CURVE_WITH_KNOTS('',2,(#17568,#17569,#17570),
 .UNSPECIFIED.,.F.,.F.,(3,3),(0.,1.),.UNSPECIFIED.);
#385=B_SPLINE_CURVE_WITH_KNOTS('',2,(#17573,#17574,#17575),
 .UNSPECIFIED.,.F.,.F.,(3,3),(-1.,0.),.UNSPECIFIED.);
#386=B_SPLINE_CURVE_WITH_KNOTS('',2,(#17583,#17584,#17585),
 .UNSPECIFIED.,.F.,.F.,(3,3),(0.,1.),.UNSPECIFIED.);
#387=B_SPLINE_CURVE_WITH_KNOTS('',2,(#17588,#17589,#17590),
 .UNSPECIFIED.,.F.,.F.,(3,3),(-1.,0.),.UNSPECIFIED.);
#388=B_SPLINE_CURVE_WITH_KNOTS('',2,(#17597,#17598,#17599),
 .UNSPECIFIED.,.F.,.F.,(3,3),(0.,1.),.UNSPECIFIED.);
#389=B_SPLINE_CURVE_WITH_KNOTS('',2,(#17600,#17601,#17602),
 .UNSPECIFIED.,.F.,.F.,(3,3),(-1.,0.),.UNSPECIFIED.);
#390=B_SPLINE_CURVE_WITH_KNOTS('',2,(#17613,#17614,#17615,#17616),
 .UNSPECIFIED.,.F.,.F.,(3,1,3),(0.,1.,2.),.UNSPECIFIED.);
#391=B_SPLINE_CURVE_WITH_KNOTS('',2,(#17620,#17621,#17622,#17623),
 .UNSPECIFIED.,.F.,.F.,(3,1,3),(-2.,-1.,0.),.UNSPECIFIED.);
#392=B_SPLINE_CURVE_WITH_KNOTS('',2,(#17634,#17635,#17636,#17637),
 .UNSPECIFIED.,.F.,.F.,(3,1,3),(0.,1.,2.),.UNSPECIFIED.);
#393=B_SPLINE_CURVE_WITH_KNOTS('',2,(#17650,#17651,#17652,#17653),
 .UNSPECIFIED.,.F.,.F.,(3,1,3),(0.,1.,2.),.UNSPECIFIED.);
#394=B_SPLINE_CURVE_WITH_KNOTS('',2,(#17655,#17656,#17657,#17658),
 .UNSPECIFIED.,.F.,.F.,(3,1,3),(-2.,-1.,0.),.UNSPECIFIED.);
#395=B_SPLINE_CURVE_WITH_KNOTS('',2,(#17669,#17670,#17671,#17672),
 .UNSPECIFIED.,.F.,.F.,(3,1,3),(0.,1.,2.),.UNSPECIFIED.);
#396=B_SPLINE_CURVE_WITH_KNOTS('',2,(#17674,#17675,#17676,#17677),
 .UNSPECIFIED.,.F.,.F.,(3,1,3),(-2.,-1.,0.),.UNSPECIFIED.);
#397=B_SPLINE_CURVE_WITH_KNOTS('',2,(#17694,#17695,#17696,#17697),
 .UNSPECIFIED.,.F.,.F.,(3,1,3),(0.,1.,2.),.UNSPECIFIED.);
#398=B_SPLINE_CURVE_WITH_KNOTS('',2,(#17699,#17700,#17701,#17702),
 .UNSPECIFIED.,.F.,.F.,(3,1,3),(-2.,-1.,0.),.UNSPECIFIED.);
#399=B_SPLINE_CURVE_WITH_KNOTS('',2,(#17719,#17720,#17721,#17722),
 .UNSPECIFIED.,.F.,.F.,(3,1,3),(0.,1.,2.),.UNSPECIFIED.);
#400=B_SPLINE_CURVE_WITH_KNOTS('',2,(#17724,#17725,#17726,#17727),
 .UNSPECIFIED.,.F.,.F.,(3,1,3),(-2.,-1.,0.),.UNSPECIFIED.);
#401=B_SPLINE_CURVE_WITH_KNOTS('',2,(#17736,#17737,#17738),
 .UNSPECIFIED.,.F.,.F.,(3,3),(0.,1.),.UNSPECIFIED.);
#402=B_SPLINE_CURVE_WITH_KNOTS('',2,(#17740,#17741,#17742),
 .UNSPECIFIED.,.F.,.F.,(3,3),(-1.,0.),.UNSPECIFIED.);
#403=B_SPLINE_CURVE_WITH_KNOTS('',2,(#17751,#17752,#17753),
 .UNSPECIFIED.,.F.,.F.,(3,3),(0.,1.),.UNSPECIFIED.);
#404=B_SPLINE_CURVE_WITH_KNOTS('',2,(#17755,#17756,#17757),
 .UNSPECIFIED.,.F.,.F.,(3,3),(-1.,0.),.UNSPECIFIED.);
#405=B_SPLINE_CURVE_WITH_KNOTS('',2,(#17768,#17769,#17770,#17771),
 .UNSPECIFIED.,.F.,.F.,(3,1,3),(0.,1.,2.),.UNSPECIFIED.);
#406=B_SPLINE_CURVE_WITH_KNOTS('',2,(#17773,#17774,#17775,#17776),
 .UNSPECIFIED.,.F.,.F.,(3,1,3),(-2.,-1.,0.),.UNSPECIFIED.);
#407=B_SPLINE_CURVE_WITH_KNOTS('',2,(#17785,#17786,#17787),
 .UNSPECIFIED.,.F.,.F.,(3,3),(0.,1.),.UNSPECIFIED.);
#408=B_SPLINE_CURVE_WITH_KNOTS('',2,(#17789,#17790,#17791),
 .UNSPECIFIED.,.F.,.F.,(3,3),(-1.,0.),.UNSPECIFIED.);
#409=B_SPLINE_CURVE_WITH_KNOTS('',2,(#17800,#17801,#17802),
 .UNSPECIFIED.,.F.,.F.,(3,3),(0.,1.),.UNSPECIFIED.);
#410=B_SPLINE_CURVE_WITH_KNOTS('',2,(#17804,#17805,#17806),
 .UNSPECIFIED.,.F.,.F.,(3,3),(-1.,0.),.UNSPECIFIED.);
#411=B_SPLINE_CURVE_WITH_KNOTS('',2,(#17817,#17818,#17819,#17820),
 .UNSPECIFIED.,.F.,.F.,(3,1,3),(0.,1.,2.),.UNSPECIFIED.);
#412=B_SPLINE_CURVE_WITH_KNOTS('',2,(#17822,#17823,#17824,#17825),
 .UNSPECIFIED.,.F.,.F.,(3,1,3),(-2.,-1.,0.),.UNSPECIFIED.);
#413=B_SPLINE_CURVE_WITH_KNOTS('',2,(#17836,#17837,#17838,#17839),
 .UNSPECIFIED.,.F.,.F.,(3,1,3),(0.,1.,2.),.UNSPECIFIED.);
#414=B_SPLINE_CURVE_WITH_KNOTS('',2,(#17841,#17842,#17843,#17844),
 .UNSPECIFIED.,.F.,.F.,(3,1,3),(-2.,-1.,0.),.UNSPECIFIED.);
#415=B_SPLINE_CURVE_WITH_KNOTS('',2,(#17853,#17854,#17855),
 .UNSPECIFIED.,.F.,.F.,(3,3),(0.,1.),.UNSPECIFIED.);
#416=B_SPLINE_CURVE_WITH_KNOTS('',2,(#17857,#17858,#17859),
 .UNSPECIFIED.,.F.,.F.,(3,3),(-1.,0.),.UNSPECIFIED.);
#417=B_SPLINE_CURVE_WITH_KNOTS('',2,(#17868,#17869,#17870),
 .UNSPECIFIED.,.F.,.F.,(3,3),(0.,1.),.UNSPECIFIED.);
#418=B_SPLINE_CURVE_WITH_KNOTS('',2,(#17872,#17873,#17874),
 .UNSPECIFIED.,.F.,.F.,(3,3),(-1.,0.),.UNSPECIFIED.);
#419=B_SPLINE_CURVE_WITH_KNOTS('',2,(#17915,#17916,#17917),
 .UNSPECIFIED.,.F.,.F.,(3,3),(0.,1.),.UNSPECIFIED.);
#420=B_SPLINE_CURVE_WITH_KNOTS('',2,(#17919,#17920,#17921),
 .UNSPECIFIED.,.F.,.F.,(3,3),(-1.,0.),.UNSPECIFIED.);
#421=B_SPLINE_CURVE_WITH_KNOTS('',2,(#17930,#17931,#17932),
 .UNSPECIFIED.,.F.,.F.,(3,3),(0.,1.),.UNSPECIFIED.);
#422=B_SPLINE_CURVE_WITH_KNOTS('',2,(#17934,#17935,#17936),
 .UNSPECIFIED.,.F.,.F.,(3,3),(-1.,0.),.UNSPECIFIED.);
#423=B_SPLINE_CURVE_WITH_KNOTS('',2,(#17945,#17946,#17947),
 .UNSPECIFIED.,.F.,.F.,(3,3),(0.,1.),.UNSPECIFIED.);
#424=B_SPLINE_CURVE_WITH_KNOTS('',2,(#17949,#17950,#17951),
 .UNSPECIFIED.,.F.,.F.,(3,3),(-1.,0.),.UNSPECIFIED.);
#425=B_SPLINE_CURVE_WITH_KNOTS('',2,(#17966,#17967,#17968),
 .UNSPECIFIED.,.F.,.F.,(3,3),(0.,1.),.UNSPECIFIED.);
#426=B_SPLINE_CURVE_WITH_KNOTS('',2,(#17970,#17971,#17972),
 .UNSPECIFIED.,.F.,.F.,(3,3),(-1.,0.),.UNSPECIFIED.);
#427=B_SPLINE_CURVE_WITH_KNOTS('',2,(#17985,#17986,#17987,#17988,#17989),
 .UNSPECIFIED.,.F.,.F.,(3,1,1,3),(0.,1.,2.,3.),.UNSPECIFIED.);
#428=B_SPLINE_CURVE_WITH_KNOTS('',2,(#17991,#17992,#17993,#17994,#17995),
 .UNSPECIFIED.,.F.,.F.,(3,1,1,3),(-3.,-2.,-1.,0.),.UNSPECIFIED.);
#429=B_SPLINE_CURVE_WITH_KNOTS('',2,(#18080,#18081,#18082),
 .UNSPECIFIED.,.F.,.F.,(3,3),(0.,1.),.UNSPECIFIED.);
#430=B_SPLINE_CURVE_WITH_KNOTS('',2,(#18085,#18086,#18087),
 .UNSPECIFIED.,.F.,.F.,(3,3),(-1.,0.),.UNSPECIFIED.);
#431=B_SPLINE_CURVE_WITH_KNOTS('',2,(#18095,#18096,#18097),
 .UNSPECIFIED.,.F.,.F.,(3,3),(0.,1.),.UNSPECIFIED.);
#432=B_SPLINE_CURVE_WITH_KNOTS('',2,(#18100,#18101,#18102),
 .UNSPECIFIED.,.F.,.F.,(3,3),(-1.,0.),.UNSPECIFIED.);
#433=B_SPLINE_CURVE_WITH_KNOTS('',2,(#18111,#18112,#18113,#18114),
 .UNSPECIFIED.,.F.,.F.,(3,1,3),(0.,1.,2.),.UNSPECIFIED.);
#434=B_SPLINE_CURVE_WITH_KNOTS('',2,(#18115,#18116,#18117,#18118),
 .UNSPECIFIED.,.F.,.F.,(3,1,3),(-2.,-1.,0.),.UNSPECIFIED.);
#435=B_SPLINE_CURVE_WITH_KNOTS('',2,(#18127,#18128,#18129),
 .UNSPECIFIED.,.F.,.F.,(3,3),(0.,1.),.UNSPECIFIED.);
#436=B_SPLINE_CURVE_WITH_KNOTS('',2,(#18133,#18134,#18135),
 .UNSPECIFIED.,.F.,.F.,(3,3),(-1.,0.),.UNSPECIFIED.);
#437=B_SPLINE_CURVE_WITH_KNOTS('',2,(#18144,#18145,#18146),
 .UNSPECIFIED.,.F.,.F.,(3,3),(0.,1.),.UNSPECIFIED.);
#438=B_SPLINE_CURVE_WITH_KNOTS('',2,(#18148,#18149,#18150),
 .UNSPECIFIED.,.F.,.F.,(3,3),(-1.,0.),.UNSPECIFIED.);
#439=B_SPLINE_CURVE_WITH_KNOTS('',2,(#18159,#18160,#18161),
 .UNSPECIFIED.,.F.,.F.,(3,3),(0.,1.),.UNSPECIFIED.);
#440=B_SPLINE_CURVE_WITH_KNOTS('',2,(#18163,#18164,#18165),
 .UNSPECIFIED.,.F.,.F.,(3,3),(-1.,0.),.UNSPECIFIED.);
#441=B_SPLINE_CURVE_WITH_KNOTS('',2,(#18174,#18175,#18176),
 .UNSPECIFIED.,.F.,.F.,(3,3),(0.,1.),.UNSPECIFIED.);
#442=B_SPLINE_CURVE_WITH_KNOTS('',2,(#18178,#18179,#18180),
 .UNSPECIFIED.,.F.,.F.,(3,3),(-1.,0.),.UNSPECIFIED.);
#443=B_SPLINE_CURVE_WITH_KNOTS('',2,(#18197,#18198,#18199,#18200),
 .UNSPECIFIED.,.F.,.F.,(3,1,3),(0.,1.,2.),.UNSPECIFIED.);
#444=B_SPLINE_CURVE_WITH_KNOTS('',2,(#18202,#18203,#18204,#18205),
 .UNSPECIFIED.,.F.,.F.,(3,1,3),(-2.,-1.,0.),.UNSPECIFIED.);
#445=B_SPLINE_CURVE_WITH_KNOTS('',2,(#18218,#18219,#18220,#18221,#18222),
 .UNSPECIFIED.,.F.,.F.,(3,1,1,3),(0.,1.,2.,3.),.UNSPECIFIED.);
#446=B_SPLINE_CURVE_WITH_KNOTS('',2,(#18224,#18225,#18226,#18227,#18228),
 .UNSPECIFIED.,.F.,.F.,(3,1,1,3),(-3.,-2.,-1.,0.),.UNSPECIFIED.);
#447=B_SPLINE_CURVE_WITH_KNOTS('',2,(#18239,#18240,#18241,#18242),
 .UNSPECIFIED.,.F.,.F.,(3,1,3),(0.,1.,2.),.UNSPECIFIED.);
#448=B_SPLINE_CURVE_WITH_KNOTS('',2,(#18244,#18245,#18246,#18247),
 .UNSPECIFIED.,.F.,.F.,(3,1,3),(-2.,-1.,0.),.UNSPECIFIED.);
#449=B_SPLINE_CURVE_WITH_KNOTS('',2,(#18260,#18261,#18262,#18263,#18264),
 .UNSPECIFIED.,.F.,.F.,(3,1,1,3),(0.,1.,2.,3.),.UNSPECIFIED.);
#450=B_SPLINE_CURVE_WITH_KNOTS('',2,(#18266,#18267,#18268,#18269,#18270),
 .UNSPECIFIED.,.F.,.F.,(3,1,1,3),(-3.,-2.,-1.,0.),.UNSPECIFIED.);
#451=B_SPLINE_CURVE_WITH_KNOTS('',2,(#18293,#18294,#18295,#18296),
 .UNSPECIFIED.,.F.,.F.,(3,1,3),(0.,1.,2.),.UNSPECIFIED.);
#452=B_SPLINE_CURVE_WITH_KNOTS('',2,(#18300,#18301,#18302,#18303),
 .UNSPECIFIED.,.F.,.F.,(3,1,3),(-2.,-1.,0.),.UNSPECIFIED.);
#453=B_SPLINE_CURVE_WITH_KNOTS('',2,(#18312,#18313,#18314),
 .UNSPECIFIED.,.F.,.F.,(3,3),(0.,1.),.UNSPECIFIED.);
#454=B_SPLINE_CURVE_WITH_KNOTS('',2,(#18316,#18317,#18318),
 .UNSPECIFIED.,.F.,.F.,(3,3),(-1.,0.),.UNSPECIFIED.);
#455=B_SPLINE_CURVE_WITH_KNOTS('',2,(#18327,#18328,#18329),
 .UNSPECIFIED.,.F.,.F.,(3,3),(0.,1.),.UNSPECIFIED.);
#456=B_SPLINE_CURVE_WITH_KNOTS('',2,(#18331,#18332,#18333),
 .UNSPECIFIED.,.F.,.F.,(3,3),(-1.,0.),.UNSPECIFIED.);
#457=B_SPLINE_CURVE_WITH_KNOTS('',2,(#18342,#18343,#18344),
 .UNSPECIFIED.,.F.,.F.,(3,3),(0.,1.),.UNSPECIFIED.);
#458=B_SPLINE_CURVE_WITH_KNOTS('',2,(#18346,#18347,#18348),
 .UNSPECIFIED.,.F.,.F.,(3,3),(-1.,0.),.UNSPECIFIED.);
#459=B_SPLINE_CURVE_WITH_KNOTS('',2,(#18357,#18358,#18359),
 .UNSPECIFIED.,.F.,.F.,(3,3),(0.,1.),.UNSPECIFIED.);
#460=B_SPLINE_CURVE_WITH_KNOTS('',2,(#18361,#18362,#18363),
 .UNSPECIFIED.,.F.,.F.,(3,3),(-1.,0.),.UNSPECIFIED.);
#461=B_SPLINE_CURVE_WITH_KNOTS('',2,(#18376,#18377,#18378,#18379,#18380),
 .UNSPECIFIED.,.F.,.F.,(3,1,1,3),(0.,1.,2.,3.),.UNSPECIFIED.);
#462=B_SPLINE_CURVE_WITH_KNOTS('',2,(#18382,#18383,#18384,#18385,#18386),
 .UNSPECIFIED.,.F.,.F.,(3,1,1,3),(-3.,-2.,-1.,0.),.UNSPECIFIED.);
#463=B_SPLINE_CURVE_WITH_KNOTS('',2,(#18399,#18400,#18401,#18402,#18403),
 .UNSPECIFIED.,.F.,.F.,(3,1,1,3),(0.,1.,2.,3.),.UNSPECIFIED.);
#464=B_SPLINE_CURVE_WITH_KNOTS('',2,(#18405,#18406,#18407,#18408,#18409),
 .UNSPECIFIED.,.F.,.F.,(3,1,1,3),(-3.,-2.,-1.,0.),.UNSPECIFIED.);
#465=B_SPLINE_CURVE_WITH_KNOTS('',2,(#18422,#18423,#18424,#18425,#18426),
 .UNSPECIFIED.,.F.,.F.,(3,1,1,3),(0.,1.,2.,3.),.UNSPECIFIED.);
#466=B_SPLINE_CURVE_WITH_KNOTS('',2,(#18428,#18429,#18430,#18431,#18432),
 .UNSPECIFIED.,.F.,.F.,(3,1,1,3),(-3.,-2.,-1.,0.),.UNSPECIFIED.);
#467=B_SPLINE_CURVE_WITH_KNOTS('',2,(#18447,#18448,#18449),
 .UNSPECIFIED.,.F.,.F.,(3,3),(0.,1.),.UNSPECIFIED.);
#468=B_SPLINE_CURVE_WITH_KNOTS('',2,(#18451,#18452,#18453),
 .UNSPECIFIED.,.F.,.F.,(3,3),(-1.,0.),.UNSPECIFIED.);
#469=B_SPLINE_CURVE_WITH_KNOTS('',2,(#18462,#18463,#18464),
 .UNSPECIFIED.,.F.,.F.,(3,3),(0.,1.),.UNSPECIFIED.);
#470=B_SPLINE_CURVE_WITH_KNOTS('',2,(#18466,#18467,#18468),
 .UNSPECIFIED.,.F.,.F.,(3,3),(-1.,0.),.UNSPECIFIED.);
#471=B_SPLINE_CURVE_WITH_KNOTS('',2,(#18479,#18480,#18481,#18482),
 .UNSPECIFIED.,.F.,.F.,(3,1,3),(0.,1.,2.),.UNSPECIFIED.);
#472=B_SPLINE_CURVE_WITH_KNOTS('',2,(#18484,#18485,#18486,#18487),
 .UNSPECIFIED.,.F.,.F.,(3,1,3),(-2.,-1.,0.),.UNSPECIFIED.);
#473=B_SPLINE_CURVE_WITH_KNOTS('',2,(#18496,#18497,#18498),
 .UNSPECIFIED.,.F.,.F.,(3,3),(0.,1.),.UNSPECIFIED.);
#474=B_SPLINE_CURVE_WITH_KNOTS('',2,(#18500,#18501,#18502),
 .UNSPECIFIED.,.F.,.F.,(3,3),(-1.,0.),.UNSPECIFIED.);
#475=B_SPLINE_CURVE_WITH_KNOTS('',2,(#18511,#18512,#18513),
 .UNSPECIFIED.,.F.,.F.,(3,3),(0.,1.),.UNSPECIFIED.);
#476=B_SPLINE_CURVE_WITH_KNOTS('',2,(#18515,#18516,#18517),
 .UNSPECIFIED.,.F.,.F.,(3,3),(-1.,0.),.UNSPECIFIED.);
#477=B_SPLINE_CURVE_WITH_KNOTS('',2,(#18530,#18531,#18532,#18533,#18534),
 .UNSPECIFIED.,.F.,.F.,(3,1,1,3),(0.,1.,2.,3.),.UNSPECIFIED.);
#478=B_SPLINE_CURVE_WITH_KNOTS('',2,(#18536,#18537,#18538,#18539,#18540),
 .UNSPECIFIED.,.F.,.F.,(3,1,1,3),(-3.,-2.,-1.,0.),.UNSPECIFIED.);
#479=B_SPLINE_CURVE_WITH_KNOTS('',2,(#18553,#18554,#18555,#18556,#18557),
 .UNSPECIFIED.,.F.,.F.,(3,1,1,3),(0.,1.,2.,3.),.UNSPECIFIED.);
#480=B_SPLINE_CURVE_WITH_KNOTS('',2,(#18559,#18560,#18561,#18562,#18563),
 .UNSPECIFIED.,.F.,.F.,(3,1,1,3),(-3.,-2.,-1.,0.),.UNSPECIFIED.);
#481=B_SPLINE_CURVE_WITH_KNOTS('',2,(#18574,#18575,#18576,#18577),
 .UNSPECIFIED.,.F.,.F.,(3,1,3),(0.,1.,2.),.UNSPECIFIED.);
#482=B_SPLINE_CURVE_WITH_KNOTS('',2,(#18579,#18580,#18581,#18582),
 .UNSPECIFIED.,.F.,.F.,(3,1,3),(-2.,-1.,0.),.UNSPECIFIED.);
#483=B_SPLINE_SURFACE_WITH_KNOTS('',2,1,((#13896,#13897),(#13898,#13899),
(#13900,#13901),(#13902,#13903)),.UNSPECIFIED.,.F.,.F.,.F.,(3,1,3),(2,2),
(-2.,-1.,0.),(0.,1.E-5),.UNSPECIFIED.);
#484=B_SPLINE_SURFACE_WITH_KNOTS('',2,1,((#13915,#13916),(#13917,#13918),
(#13919,#13920)),.UNSPECIFIED.,.F.,.F.,.F.,(3,3),(2,2),(-1.,0.),(0.,1.E-5),
 .UNSPECIFIED.);
#485=B_SPLINE_SURFACE_WITH_KNOTS('',2,1,((#13936,#13937),(#13938,#13939),
(#13940,#13941)),.UNSPECIFIED.,.F.,.F.,.F.,(3,3),(2,2),(-1.,0.),(0.,1.E-5),
 .UNSPECIFIED.);
#486=B_SPLINE_SURFACE_WITH_KNOTS('',2,1,((#13951,#13952),(#13953,#13954),
(#13955,#13956)),.UNSPECIFIED.,.F.,.F.,.F.,(3,3),(2,2),(-1.,0.),(0.,1.E-5),
 .UNSPECIFIED.);
#487=B_SPLINE_SURFACE_WITH_KNOTS('',2,1,((#13966,#13967),(#13968,#13969),
(#13970,#13971)),.UNSPECIFIED.,.F.,.F.,.F.,(3,3),(2,2),(-1.,0.),(0.,1.E-5),
 .UNSPECIFIED.);
#488=B_SPLINE_SURFACE_WITH_KNOTS('',2,1,((#14004,#14005),(#14006,#14007),
(#14008,#14009),(#14010,#14011)),.UNSPECIFIED.,.F.,.F.,.F.,(3,1,3),(2,2),
(0.,1.,2.),(0.,1.E-5),.UNSPECIFIED.);
#489=B_SPLINE_SURFACE_WITH_KNOTS('',2,1,((#14026,#14027),(#14028,#14029),
(#14030,#14031),(#14032,#14033)),.UNSPECIFIED.,.F.,.F.,.F.,(3,1,3),(2,2),
(0.,1.,2.),(0.,1.E-5),.UNSPECIFIED.);
#490=B_SPLINE_SURFACE_WITH_KNOTS('',2,1,((#14045,#14046),(#14047,#14048),
(#14049,#14050),(#14051,#14052)),.UNSPECIFIED.,.F.,.F.,.F.,(3,1,3),(2,2),
(0.,1.,2.),(0.,1.E-5),.UNSPECIFIED.);
#491=B_SPLINE_SURFACE_WITH_KNOTS('',2,1,((#14064,#14065),(#14066,#14067),
(#14068,#14069),(#14070,#14071)),.UNSPECIFIED.,.F.,.F.,.F.,(3,1,3),(2,2),
(0.,1.,2.),(0.,1.E-5),.UNSPECIFIED.);
#492=B_SPLINE_SURFACE_WITH_KNOTS('',2,1,((#14080,#14081),(#14082,#14083),
(#14084,#14085)),.UNSPECIFIED.,.F.,.F.,.F.,(3,3),(2,2),(-1.,0.),(0.,1.E-5),
 .UNSPECIFIED.);
#493=B_SPLINE_SURFACE_WITH_KNOTS('',2,1,((#14098,#14099),(#14100,#14101),
(#14102,#14103)),.UNSPECIFIED.,.F.,.F.,.F.,(3,3),(2,2),(-1.,0.),(0.,1.E-5),
 .UNSPECIFIED.);
#494=B_SPLINE_SURFACE_WITH_KNOTS('',2,1,((#14113,#14114),(#14115,#14116),
(#14117,#14118),(#14119,#14120)),.UNSPECIFIED.,.F.,.F.,.F.,(3,1,3),(2,2),
(-2.,-1.,0.),(0.,1.E-5),.UNSPECIFIED.);
#495=B_SPLINE_SURFACE_WITH_KNOTS('',2,1,((#14132,#14133),(#14134,#14135),
(#14136,#14137)),.UNSPECIFIED.,.F.,.F.,.F.,(3,3),(2,2),(-1.,0.),(0.,1.E-5),
 .UNSPECIFIED.);
#496=B_SPLINE_SURFACE_WITH_KNOTS('',2,1,((#14147,#14148),(#14149,#14150),
(#14151,#14152)),.UNSPECIFIED.,.F.,.F.,.F.,(3,3),(2,2),(-1.,0.),(0.,1.E-5),
 .UNSPECIFIED.);
#497=B_SPLINE_SURFACE_WITH_KNOTS('',2,1,((#14162,#14163),(#14164,#14165),
(#14166,#14167),(#14168,#14169)),.UNSPECIFIED.,.F.,.F.,.F.,(3,1,3),(2,2),
(-2.,-1.,0.),(0.,1.E-5),.UNSPECIFIED.);
#498=B_SPLINE_SURFACE_WITH_KNOTS('',2,1,((#14189,#14190),(#14191,#14192),
(#14193,#14194),(#14195,#14196)),.UNSPECIFIED.,.F.,.F.,.F.,(3,1,3),(2,2),
(-2.,-1.,0.),(0.,1.E-5),.UNSPECIFIED.);
#499=B_SPLINE_SURFACE_WITH_KNOTS('',2,1,((#14208,#14209),(#14210,#14211),
(#14212,#14213)),.UNSPECIFIED.,.F.,.F.,.F.,(3,3),(2,2),(-1.,0.),(0.,1.E-5),
 .UNSPECIFIED.);
#500=B_SPLINE_SURFACE_WITH_KNOTS('',2,1,((#14229,#14230),(#14231,#14232),
(#14233,#14234)),.UNSPECIFIED.,.F.,.F.,.F.,(3,3),(2,2),(-1.,0.),(0.,1.E-5),
 .UNSPECIFIED.);
#501=B_SPLINE_SURFACE_WITH_KNOTS('',2,1,((#14244,#14245),(#14246,#14247),
(#14248,#14249)),.UNSPECIFIED.,.F.,.F.,.F.,(3,3),(2,2),(-1.,0.),(0.,1.E-5),
 .UNSPECIFIED.);
#502=B_SPLINE_SURFACE_WITH_KNOTS('',2,1,((#14259,#14260),(#14261,#14262),
(#14263,#14264)),.UNSPECIFIED.,.F.,.F.,.F.,(3,3),(2,2),(-1.,0.),(0.,1.E-5),
 .UNSPECIFIED.);
#503=B_SPLINE_SURFACE_WITH_KNOTS('',2,1,((#14297,#14298),(#14299,#14300),
(#14301,#14302),(#14303,#14304)),.UNSPECIFIED.,.F.,.F.,.F.,(3,1,3),(2,2),
(0.,1.,2.),(0.,1.E-5),.UNSPECIFIED.);
#504=B_SPLINE_SURFACE_WITH_KNOTS('',2,1,((#14319,#14320),(#14321,#14322),
(#14323,#14324),(#14325,#14326)),.UNSPECIFIED.,.F.,.F.,.F.,(3,1,3),(2,2),
(0.,1.,2.),(0.,1.E-5),.UNSPECIFIED.);
#505=B_SPLINE_SURFACE_WITH_KNOTS('',2,1,((#14338,#14339),(#14340,#14341),
(#14342,#14343),(#14344,#14345)),.UNSPECIFIED.,.F.,.F.,.F.,(3,1,3),(2,2),
(0.,1.,2.),(0.,1.E-5),.UNSPECIFIED.);
#506=B_SPLINE_SURFACE_WITH_KNOTS('',2,1,((#14357,#14358),(#14359,#14360),
(#14361,#14362),(#14363,#14364)),.UNSPECIFIED.,.F.,.F.,.F.,(3,1,3),(2,2),
(0.,1.,2.),(0.,1.E-5),.UNSPECIFIED.);
#507=B_SPLINE_SURFACE_WITH_KNOTS('',2,1,((#14373,#14374),(#14375,#14376),
(#14377,#14378)),.UNSPECIFIED.,.F.,.F.,.F.,(3,3),(2,2),(-1.,0.),(0.,1.E-5),
 .UNSPECIFIED.);
#508=B_SPLINE_SURFACE_WITH_KNOTS('',2,1,((#14391,#14392),(#14393,#14394),
(#14395,#14396)),.UNSPECIFIED.,.F.,.F.,.F.,(3,3),(2,2),(-1.,0.),(0.,1.E-5),
 .UNSPECIFIED.);
#509=B_SPLINE_SURFACE_WITH_KNOTS('',2,1,((#14406,#14407),(#14408,#14409),
(#14410,#14411),(#14412,#14413)),.UNSPECIFIED.,.F.,.F.,.F.,(3,1,3),(2,2),
(-2.,-1.,0.),(0.,1.E-5),.UNSPECIFIED.);
#510=B_SPLINE_SURFACE_WITH_KNOTS('',2,1,((#14425,#14426),(#14427,#14428),
(#14429,#14430)),.UNSPECIFIED.,.F.,.F.,.F.,(3,3),(2,2),(-1.,0.),(0.,1.E-5),
 .UNSPECIFIED.);
#511=B_SPLINE_SURFACE_WITH_KNOTS('',2,1,((#14440,#14441),(#14442,#14443),
(#14444,#14445)),.UNSPECIFIED.,.F.,.F.,.F.,(3,3),(2,2),(-1.,0.),(0.,1.E-5),
 .UNSPECIFIED.);
#512=B_SPLINE_SURFACE_WITH_KNOTS('',2,1,((#14455,#14456),(#14457,#14458),
(#14459,#14460),(#14461,#14462)),.UNSPECIFIED.,.F.,.F.,.F.,(3,1,3),(2,2),
(-2.,-1.,0.),(0.,1.E-5),.UNSPECIFIED.);
#513=B_SPLINE_SURFACE_WITH_KNOTS('',2,1,((#14473,#14474),(#14475,#14476),
(#14477,#14478),(#14479,#14480)),.UNSPECIFIED.,.F.,.F.,.F.,(3,1,3),(2,2),
(0.,1.,2.),(0.,1.E-5),.UNSPECIFIED.);
#514=B_SPLINE_SURFACE_WITH_KNOTS('',2,1,((#14495,#14496),(#14497,#14498),
(#14499,#14500),(#14501,#14502)),.UNSPECIFIED.,.F.,.F.,.F.,(3,1,3),(2,2),
(0.,1.,2.),(0.,1.E-5),.UNSPECIFIED.);
#515=B_SPLINE_SURFACE_WITH_KNOTS('',2,1,((#14514,#14515),(#14516,#14517),
(#14518,#14519),(#14520,#14521)),.UNSPECIFIED.,.F.,.F.,.F.,(3,1,3),(2,2),
(0.,1.,2.),(0.,1.E-5),.UNSPECIFIED.);
#516=B_SPLINE_SURFACE_WITH_KNOTS('',2,1,((#14533,#14534),(#14535,#14536),
(#14537,#14538),(#14539,#14540)),.UNSPECIFIED.,.F.,.F.,.F.,(3,1,3),(2,2),
(0.,1.,2.),(0.,1.E-5),.UNSPECIFIED.);
#517=B_SPLINE_SURFACE_WITH_KNOTS('',2,1,((#14558,#14559),(#14560,#14561),
(#14562,#14563),(#14564,#14565)),.UNSPECIFIED.,.F.,.F.,.F.,(3,1,3),(2,2),
(-2.,-1.,0.),(0.,1.E-5),.UNSPECIFIED.);
#518=B_SPLINE_SURFACE_WITH_KNOTS('',2,1,((#14577,#14578),(#14579,#14580),
(#14581,#14582),(#14583,#14584)),.UNSPECIFIED.,.F.,.F.,.F.,(3,1,3),(2,2),
(-2.,-1.,0.),(0.,1.E-5),.UNSPECIFIED.);
#519=B_SPLINE_SURFACE_WITH_KNOTS('',2,1,((#14596,#14597),(#14598,#14599),
(#14600,#14601),(#14602,#14603),(#14604,#14605)),.UNSPECIFIED.,.F.,.F.,
 .F.,(3,1,1,3),(2,2),(-3.,-2.,-1.,0.),(0.,1.E-5),.UNSPECIFIED.);
#520=B_SPLINE_SURFACE_WITH_KNOTS('',2,1,((#14619,#14620),(#14621,#14622),
(#14623,#14624)),.UNSPECIFIED.,.F.,.F.,.F.,(3,3),(2,2),(-1.,0.),(0.,1.E-5),
 .UNSPECIFIED.);
#521=B_SPLINE_SURFACE_WITH_KNOTS('',2,1,((#14634,#14635),(#14636,#14637),
(#14638,#14639)),.UNSPECIFIED.,.F.,.F.,.F.,(3,3),(2,2),(-1.,0.),(0.,1.E-5),
 .UNSPECIFIED.);
#522=B_SPLINE_SURFACE_WITH_KNOTS('',2,1,((#14681,#14682),(#14683,#14684),
(#14685,#14686),(#14687,#14688),(#14689,#14690)),.UNSPECIFIED.,.F.,.F.,
 .F.,(3,1,1,3),(2,2),(0.,1.,2.,3.),(0.,1.E-5),.UNSPECIFIED.);
#523=B_SPLINE_SURFACE_WITH_KNOTS('',2,1,((#14704,#14705),(#14706,#14707),
(#14708,#14709),(#14710,#14711)),.UNSPECIFIED.,.F.,.F.,.F.,(3,1,3),(2,2),
(0.,1.,2.),(0.,1.E-5),.UNSPECIFIED.);
#524=B_SPLINE_SURFACE_WITH_KNOTS('',2,1,((#14723,#14724),(#14725,#14726),
(#14727,#14728)),.UNSPECIFIED.,.F.,.F.,.F.,(3,3),(2,2),(0.,1.),(0.,1.E-5),
 .UNSPECIFIED.);
#525=B_SPLINE_SURFACE_WITH_KNOTS('',2,1,((#14738,#14739),(#14740,#14741),
(#14742,#14743)),.UNSPECIFIED.,.F.,.F.,.F.,(3,3),(2,2),(0.,1.),(0.,1.E-5),
 .UNSPECIFIED.);
#526=B_SPLINE_SURFACE_WITH_KNOTS('',2,1,((#14753,#14754),(#14755,#14756),
(#14757,#14758)),.UNSPECIFIED.,.F.,.F.,.F.,(3,3),(2,2),(0.,1.),(0.,1.E-5),
 .UNSPECIFIED.);
#527=B_SPLINE_SURFACE_WITH_KNOTS('',2,1,((#14765,#14766),(#14767,#14768),
(#14769,#14770),(#14771,#14772)),.UNSPECIFIED.,.F.,.F.,.F.,(3,1,3),(2,2),
(-2.,-1.,0.),(0.,1.E-5),.UNSPECIFIED.);
#528=B_SPLINE_SURFACE_WITH_KNOTS('',2,1,((#14787,#14788),(#14789,#14790),
(#14791,#14792),(#14793,#14794)),.UNSPECIFIED.,.F.,.F.,.F.,(3,1,3),(2,2),
(-2.,-1.,0.),(0.,1.E-5),.UNSPECIFIED.);
#529=B_SPLINE_SURFACE_WITH_KNOTS('',2,1,((#14803,#14804),(#14805,#14806),
(#14807,#14808),(#14809,#14810)),.UNSPECIFIED.,.F.,.F.,.F.,(3,1,3),(2,2),
(-2.,-1.,0.),(0.,1.E-5),.UNSPECIFIED.);
#530=B_SPLINE_SURFACE_WITH_KNOTS('',2,1,((#14822,#14823),(#14824,#14825),
(#14826,#14827),(#14828,#14829)),.UNSPECIFIED.,.F.,.F.,.F.,(3,1,3),(2,2),
(-2.,-1.,0.),(0.,1.E-5),.UNSPECIFIED.);
#531=B_SPLINE_SURFACE_WITH_KNOTS('',2,1,((#14847,#14848),(#14849,#14850),
(#14851,#14852),(#14853,#14854)),.UNSPECIFIED.,.F.,.F.,.F.,(3,1,3),(2,2),
(-2.,-1.,0.),(0.,1.E-5),.UNSPECIFIED.);
#532=B_SPLINE_SURFACE_WITH_KNOTS('',2,1,((#14872,#14873),(#14874,#14875),
(#14876,#14877),(#14878,#14879)),.UNSPECIFIED.,.F.,.F.,.F.,(3,1,3),(2,2),
(-2.,-1.,0.),(0.,1.E-5),.UNSPECIFIED.);
#533=B_SPLINE_SURFACE_WITH_KNOTS('',2,1,((#14891,#14892),(#14893,#14894),
(#14895,#14896)),.UNSPECIFIED.,.F.,.F.,.F.,(3,3),(2,2),(-1.,0.),(0.,1.E-5),
 .UNSPECIFIED.);
#534=B_SPLINE_SURFACE_WITH_KNOTS('',2,1,((#14906,#14907),(#14908,#14909),
(#14910,#14911)),.UNSPECIFIED.,.F.,.F.,.F.,(3,3),(2,2),(-1.,0.),(0.,1.E-5),
 .UNSPECIFIED.);
#535=B_SPLINE_SURFACE_WITH_KNOTS('',2,1,((#14921,#14922),(#14923,#14924),
(#14925,#14926),(#14927,#14928)),.UNSPECIFIED.,.F.,.F.,.F.,(3,1,3),(2,2),
(-2.,-1.,0.),(0.,1.E-5),.UNSPECIFIED.);
#536=B_SPLINE_SURFACE_WITH_KNOTS('',2,1,((#14940,#14941),(#14942,#14943),
(#14944,#14945)),.UNSPECIFIED.,.F.,.F.,.F.,(3,3),(2,2),(-1.,0.),(0.,1.E-5),
 .UNSPECIFIED.);
#537=B_SPLINE_SURFACE_WITH_KNOTS('',2,1,((#14955,#14956),(#14957,#14958),
(#14959,#14960)),.UNSPECIFIED.,.F.,.F.,.F.,(3,3),(2,2),(-1.,0.),(0.,1.E-5),
 .UNSPECIFIED.);
#538=B_SPLINE_SURFACE_WITH_KNOTS('',2,1,((#14970,#14971),(#14972,#14973),
(#14974,#14975),(#14976,#14977)),.UNSPECIFIED.,.F.,.F.,.F.,(3,1,3),(2,2),
(-2.,-1.,0.),(0.,1.E-5),.UNSPECIFIED.);
#539=B_SPLINE_SURFACE_WITH_KNOTS('',2,1,((#14989,#14990),(#14991,#14992),
(#14993,#14994),(#14995,#14996)),.UNSPECIFIED.,.F.,.F.,.F.,(3,1,3),(2,2),
(-2.,-1.,0.),(0.,1.E-5),.UNSPECIFIED.);
#540=B_SPLINE_SURFACE_WITH_KNOTS('',2,1,((#15008,#15009),(#15010,#15011),
(#15012,#15013)),.UNSPECIFIED.,.F.,.F.,.F.,(3,3),(2,2),(-1.,0.),(0.,1.E-5),
 .UNSPECIFIED.);
#541=B_SPLINE_SURFACE_WITH_KNOTS('',2,1,((#15023,#15024),(#15025,#15026),
(#15027,#15028)),.UNSPECIFIED.,.F.,.F.,.F.,(3,3),(2,2),(-1.,0.),(0.,1.E-5),
 .UNSPECIFIED.);
#542=B_SPLINE_SURFACE_WITH_KNOTS('',2,1,((#15070,#15071),(#15072,#15073),
(#15074,#15075)),.UNSPECIFIED.,.F.,.F.,.F.,(3,3),(2,2),(-1.,0.),(0.,1.E-5),
 .UNSPECIFIED.);
#543=B_SPLINE_SURFACE_WITH_KNOTS('',2,1,((#15085,#15086),(#15087,#15088),
(#15089,#15090)),.UNSPECIFIED.,.F.,.F.,.F.,(3,3),(2,2),(-1.,0.),(0.,1.E-5),
 .UNSPECIFIED.);
#544=B_SPLINE_SURFACE_WITH_KNOTS('',2,1,((#15100,#15101),(#15102,#15103),
(#15104,#15105)),.UNSPECIFIED.,.F.,.F.,.F.,(3,3),(2,2),(-1.,0.),(0.,1.E-5),
 .UNSPECIFIED.);
#545=B_SPLINE_SURFACE_WITH_KNOTS('',2,1,((#15121,#15122),(#15123,#15124),
(#15125,#15126)),.UNSPECIFIED.,.F.,.F.,.F.,(3,3),(2,2),(-1.,0.),(0.,1.E-5),
 .UNSPECIFIED.);
#546=B_SPLINE_SURFACE_WITH_KNOTS('',2,1,((#15136,#15137),(#15138,#15139),
(#15140,#15141),(#15142,#15143),(#15144,#15145)),.UNSPECIFIED.,.F.,.F.,
 .F.,(3,1,1,3),(2,2),(-3.,-2.,-1.,0.),(0.,1.E-5),.UNSPECIFIED.);
#547=B_SPLINE_SURFACE_WITH_KNOTS('',2,1,((#15209,#15210),(#15211,#15212),
(#15213,#15214),(#15215,#15216)),.UNSPECIFIED.,.F.,.F.,.F.,(3,1,3),(2,2),
(-2.,-1.,0.),(0.,1.E-5),.UNSPECIFIED.);
#548=B_SPLINE_SURFACE_WITH_KNOTS('',2,1,((#15228,#15229),(#15230,#15231),
(#15232,#15233)),.UNSPECIFIED.,.F.,.F.,.F.,(3,3),(2,2),(-1.,0.),(0.,1.E-5),
 .UNSPECIFIED.);
#549=B_SPLINE_SURFACE_WITH_KNOTS('',2,1,((#15249,#15250),(#15251,#15252),
(#15253,#15254)),.UNSPECIFIED.,.F.,.F.,.F.,(3,3),(2,2),(-1.,0.),(0.,1.E-5),
 .UNSPECIFIED.);
#550=B_SPLINE_SURFACE_WITH_KNOTS('',2,1,((#15264,#15265),(#15266,#15267),
(#15268,#15269)),.UNSPECIFIED.,.F.,.F.,.F.,(3,3),(2,2),(-1.,0.),(0.,1.E-5),
 .UNSPECIFIED.);
#551=B_SPLINE_SURFACE_WITH_KNOTS('',2,1,((#15279,#15280),(#15281,#15282),
(#15283,#15284)),.UNSPECIFIED.,.F.,.F.,.F.,(3,3),(2,2),(-1.,0.),(0.,1.E-5),
 .UNSPECIFIED.);
#552=B_SPLINE_SURFACE_WITH_KNOTS('',2,1,((#15443,#15444),(#15445,#15446),
(#15447,#15448),(#15449,#15450)),.UNSPECIFIED.,.F.,.F.,.F.,(3,1,3),(2,2),
(0.,1.,2.),(0.,1.E-5),.UNSPECIFIED.);
#553=B_SPLINE_SURFACE_WITH_KNOTS('',2,1,((#15465,#15466),(#15467,#15468),
(#15469,#15470),(#15471,#15472)),.UNSPECIFIED.,.F.,.F.,.F.,(3,1,3),(2,2),
(0.,1.,2.),(0.,1.E-5),.UNSPECIFIED.);
#554=B_SPLINE_SURFACE_WITH_KNOTS('',2,1,((#15484,#15485),(#15486,#15487),
(#15488,#15489),(#15490,#15491)),.UNSPECIFIED.,.F.,.F.,.F.,(3,1,3),(2,2),
(0.,1.,2.),(0.,1.E-5),.UNSPECIFIED.);
#555=B_SPLINE_SURFACE_WITH_KNOTS('',2,1,((#15503,#15504),(#15505,#15506),
(#15507,#15508),(#15509,#15510)),.UNSPECIFIED.,.F.,.F.,.F.,(3,1,3),(2,2),
(0.,1.,2.),(0.,1.E-5),.UNSPECIFIED.);
#556=B_SPLINE_SURFACE_WITH_KNOTS('',2,1,((#15519,#15520),(#15521,#15522),
(#15523,#15524),(#15525,#15526)),.UNSPECIFIED.,.F.,.F.,.F.,(3,1,3),(2,2),
(0.,1.,2.),(0.,1.E-5),.UNSPECIFIED.);
#557=B_SPLINE_SURFACE_WITH_KNOTS('',2,1,((#15541,#15542),(#15543,#15544),
(#15545,#15546),(#15547,#15548)),.UNSPECIFIED.,.F.,.F.,.F.,(3,1,3),(2,2),
(0.,1.,2.),(0.,1.E-5),.UNSPECIFIED.);
#558=B_SPLINE_SURFACE_WITH_KNOTS('',2,1,((#15560,#15561),(#15562,#15563),
(#15564,#15565),(#15566,#15567)),.UNSPECIFIED.,.F.,.F.,.F.,(3,1,3),(2,2),
(0.,1.,2.),(0.,1.E-5),.UNSPECIFIED.);
#559=B_SPLINE_SURFACE_WITH_KNOTS('',2,1,((#15579,#15580),(#15581,#15582),
(#15583,#15584),(#15585,#15586)),.UNSPECIFIED.,.F.,.F.,.F.,(3,1,3),(2,2),
(0.,1.,2.),(0.,1.E-5),.UNSPECIFIED.);
#560=B_SPLINE_SURFACE_WITH_KNOTS('',2,1,((#15595,#15596),(#15597,#15598),
(#15599,#15600)),.UNSPECIFIED.,.F.,.F.,.F.,(3,3),(2,2),(-1.,0.),(0.,1.E-5),
 .UNSPECIFIED.);
#561=B_SPLINE_SURFACE_WITH_KNOTS('',2,1,((#15613,#15614),(#15615,#15616),
(#15617,#15618)),.UNSPECIFIED.,.F.,.F.,.F.,(3,3),(2,2),(-1.,0.),(0.,1.E-5),
 .UNSPECIFIED.);
#562=B_SPLINE_SURFACE_WITH_KNOTS('',2,1,((#15628,#15629),(#15630,#15631),
(#15632,#15633)),.UNSPECIFIED.,.F.,.F.,.F.,(3,3),(2,2),(-1.,0.),(0.,1.E-5),
 .UNSPECIFIED.);
#563=B_SPLINE_SURFACE_WITH_KNOTS('',2,1,((#15643,#15644),(#15645,#15646),
(#15647,#15648),(#15649,#15650)),.UNSPECIFIED.,.F.,.F.,.F.,(3,1,3),(2,2),
(-2.,-1.,0.),(0.,1.E-5),.UNSPECIFIED.);
#564=B_SPLINE_SURFACE_WITH_KNOTS('',2,1,((#15662,#15663),(#15664,#15665),
(#15666,#15667)),.UNSPECIFIED.,.F.,.F.,.F.,(3,3),(2,2),(-1.,0.),(0.,1.E-5),
 .UNSPECIFIED.);
#565=B_SPLINE_SURFACE_WITH_KNOTS('',2,1,((#15677,#15678),(#15679,#15680),
(#15681,#15682)),.UNSPECIFIED.,.F.,.F.,.F.,(3,3),(2,2),(-1.,0.),(0.,1.E-5),
 .UNSPECIFIED.);
#566=B_SPLINE_SURFACE_WITH_KNOTS('',2,1,((#15692,#15693),(#15694,#15695),
(#15696,#15697),(#15698,#15699)),.UNSPECIFIED.,.F.,.F.,.F.,(3,1,3),(2,2),
(-2.,-1.,0.),(0.,1.E-5),.UNSPECIFIED.);
#567=B_SPLINE_SURFACE_WITH_KNOTS('',2,1,((#15711,#15712),(#15713,#15714),
(#15715,#15716),(#15717,#15718),(#15719,#15720),(#15721,#15722)),
 .UNSPECIFIED.,.F.,.F.,.F.,(3,1,1,1,3),(2,2),(-4.,-3.,-2.,-1.,0.),(0.,1.E-5),
 .UNSPECIFIED.);
#568=B_SPLINE_SURFACE_WITH_KNOTS('',2,1,((#15738,#15739),(#15740,#15741),
(#15742,#15743),(#15744,#15745),(#15746,#15747)),.UNSPECIFIED.,.F.,.F.,
 .F.,(3,1,1,3),(2,2),(-3.,-2.,-1.,0.),(0.,1.E-5),.UNSPECIFIED.);
#569=B_SPLINE_SURFACE_WITH_KNOTS('',2,1,((#15761,#15762),(#15763,#15764),
(#15765,#15766),(#15767,#15768)),.UNSPECIFIED.,.F.,.F.,.F.,(3,1,3),(2,2),
(-2.,-1.,0.),(0.,1.E-5),.UNSPECIFIED.);
#570=B_SPLINE_SURFACE_WITH_KNOTS('',2,1,((#15780,#15781),(#15782,#15783),
(#15784,#15785)),.UNSPECIFIED.,.F.,.F.,.F.,(3,3),(2,2),(-1.,0.),(0.,1.E-5),
 .UNSPECIFIED.);
#571=B_SPLINE_SURFACE_WITH_KNOTS('',2,1,((#15794,#15795),(#15796,#15797),
(#15798,#15799),(#15800,#15801)),.UNSPECIFIED.,.F.,.F.,.F.,(3,1,3),(2,2),
(0.,1.,2.),(0.,1.E-5),.UNSPECIFIED.);
#572=B_SPLINE_SURFACE_WITH_KNOTS('',2,1,((#15816,#15817),(#15818,#15819),
(#15820,#15821),(#15822,#15823)),.UNSPECIFIED.,.F.,.F.,.F.,(3,1,3),(2,2),
(0.,1.,2.),(0.,1.E-5),.UNSPECIFIED.);
#573=B_SPLINE_SURFACE_WITH_KNOTS('',2,1,((#15835,#15836),(#15837,#15838),
(#15839,#15840),(#15841,#15842),(#15843,#15844)),.UNSPECIFIED.,.F.,.F.,
 .F.,(3,1,1,3),(2,2),(0.,1.,2.,3.),(0.,1.E-5),.UNSPECIFIED.);
#574=B_SPLINE_SURFACE_WITH_KNOTS('',2,1,((#15858,#15859),(#15860,#15861),
(#15862,#15863),(#15864,#15865)),.UNSPECIFIED.,.F.,.F.,.F.,(3,1,3),(2,2),
(0.,1.,2.),(0.,1.E-5),.UNSPECIFIED.);
#575=B_SPLINE_SURFACE_WITH_KNOTS('',2,1,((#15874,#15875),(#15876,#15877),
(#15878,#15879),(#15880,#15881),(#15882,#15883),(#15884,#15885)),
 .UNSPECIFIED.,.F.,.F.,.F.,(3,1,1,1,3),(2,2),(-4.,-3.,-2.,-1.,0.),(0.,1.E-5),
 .UNSPECIFIED.);
#576=B_SPLINE_SURFACE_WITH_KNOTS('',2,1,((#15904,#15905),(#15906,#15907),
(#15908,#15909)),.UNSPECIFIED.,.F.,.F.,.F.,(3,3),(2,2),(-1.,0.),(0.,1.E-5),
 .UNSPECIFIED.);
#577=B_SPLINE_SURFACE_WITH_KNOTS('',2,1,((#15919,#15920),(#15921,#15922),
(#15923,#15924),(#15925,#15926)),.UNSPECIFIED.,.F.,.F.,.F.,(3,1,3),(2,2),
(-2.,-1.,0.),(0.,1.E-5),.UNSPECIFIED.);
#578=B_SPLINE_SURFACE_WITH_KNOTS('',2,1,((#15938,#15939),(#15940,#15941),
(#15942,#15943),(#15944,#15945)),.UNSPECIFIED.,.F.,.F.,.F.,(3,1,3),(2,2),
(-2.,-1.,0.),(0.,1.E-5),.UNSPECIFIED.);
#579=B_SPLINE_SURFACE_WITH_KNOTS('',2,1,((#15957,#15958),(#15959,#15960),
(#15961,#15962),(#15963,#15964)),.UNSPECIFIED.,.F.,.F.,.F.,(3,1,3),(2,2),
(-2.,-1.,0.),(0.,1.E-5),.UNSPECIFIED.);
#580=B_SPLINE_SURFACE_WITH_KNOTS('',2,1,((#15976,#15977),(#15978,#15979),
(#15980,#15981),(#15982,#15983)),.UNSPECIFIED.,.F.,.F.,.F.,(3,1,3),(2,2),
(-2.,-1.,0.),(0.,1.E-5),.UNSPECIFIED.);
#581=B_SPLINE_SURFACE_WITH_KNOTS('',2,1,((#15994,#15995),(#15996,#15997),
(#15998,#15999),(#16000,#16001)),.UNSPECIFIED.,.F.,.F.,.F.,(3,1,3),(2,2),
(0.,1.,2.),(0.,1.E-5),.UNSPECIFIED.);
#582=B_SPLINE_SURFACE_WITH_KNOTS('',2,1,((#16016,#16017),(#16018,#16019),
(#16020,#16021),(#16022,#16023)),.UNSPECIFIED.,.F.,.F.,.F.,(3,1,3),(2,2),
(0.,1.,2.),(0.,1.E-5),.UNSPECIFIED.);
#583=B_SPLINE_SURFACE_WITH_KNOTS('',2,1,((#16035,#16036),(#16037,#16038),
(#16039,#16040),(#16041,#16042)),.UNSPECIFIED.,.F.,.F.,.F.,(3,1,3),(2,2),
(0.,1.,2.),(0.,1.E-5),.UNSPECIFIED.);
#584=B_SPLINE_SURFACE_WITH_KNOTS('',2,1,((#16054,#16055),(#16056,#16057),
(#16058,#16059),(#16060,#16061)),.UNSPECIFIED.,.F.,.F.,.F.,(3,1,3),(2,2),
(0.,1.,2.),(0.,1.E-5),.UNSPECIFIED.);
#585=B_SPLINE_SURFACE_WITH_KNOTS('',2,1,((#16070,#16071),(#16072,#16073),
(#16074,#16075),(#16076,#16077)),.UNSPECIFIED.,.F.,.F.,.F.,(3,1,3),(2,2),
(-2.,-1.,0.),(0.,1.E-5),.UNSPECIFIED.);
#586=B_SPLINE_SURFACE_WITH_KNOTS('',2,1,((#16092,#16093),(#16094,#16095),
(#16096,#16097),(#16098,#16099),(#16100,#16101)),.UNSPECIFIED.,.F.,.F.,
 .F.,(3,1,1,3),(2,2),(-3.,-2.,-1.,0.),(0.,1.E-5),.UNSPECIFIED.);
#587=B_SPLINE_SURFACE_WITH_KNOTS('',2,1,((#16115,#16116),(#16117,#16118),
(#16119,#16120),(#16121,#16122),(#16123,#16124)),.UNSPECIFIED.,.F.,.F.,
 .F.,(3,1,1,3),(2,2),(-3.,-2.,-1.,0.),(0.,1.E-5),.UNSPECIFIED.);
#588=B_SPLINE_SURFACE_WITH_KNOTS('',2,1,((#16138,#16139),(#16140,#16141),
(#16142,#16143),(#16144,#16145)),.UNSPECIFIED.,.F.,.F.,.F.,(3,1,3),(2,2),
(-2.,-1.,0.),(0.,1.E-5),.UNSPECIFIED.);
#589=B_SPLINE_SURFACE_WITH_KNOTS('',2,1,((#16171,#16172),(#16173,#16174),
(#16175,#16176),(#16177,#16178)),.UNSPECIFIED.,.F.,.F.,.F.,(3,1,3),(2,2),
(0.,1.,2.),(0.,1.E-5),.UNSPECIFIED.);
#590=B_SPLINE_SURFACE_WITH_KNOTS('',2,1,((#16190,#16191),(#16192,#16193),
(#16194,#16195),(#16196,#16197)),.UNSPECIFIED.,.F.,.F.,.F.,(3,1,3),(2,2),
(0.,1.,2.),(0.,1.E-5),.UNSPECIFIED.);
#591=B_SPLINE_SURFACE_WITH_KNOTS('',2,1,((#16227,#16228),(#16229,#16230),
(#16231,#16232),(#16233,#16234)),.UNSPECIFIED.,.F.,.F.,.F.,(3,1,3),(2,2),
(0.,1.,2.),(0.,1.E-5),.UNSPECIFIED.);
#592=B_SPLINE_SURFACE_WITH_KNOTS('',2,1,((#16246,#16247),(#16248,#16249),
(#16250,#16251),(#16252,#16253)),.UNSPECIFIED.,.F.,.F.,.F.,(3,1,3),(2,2),
(0.,1.,2.),(0.,1.E-5),.UNSPECIFIED.);
#593=B_SPLINE_SURFACE_WITH_KNOTS('',2,1,((#16268,#16269),(#16270,#16271),
(#16272,#16273),(#16274,#16275)),.UNSPECIFIED.,.F.,.F.,.F.,(3,1,3),(2,2),
(-2.,-1.,0.),(0.,1.E-5),.UNSPECIFIED.);
#594=B_SPLINE_SURFACE_WITH_KNOTS('',2,1,((#16290,#16291),(#16292,#16293),
(#16294,#16295)),.UNSPECIFIED.,.F.,.F.,.F.,(3,3),(2,2),(-1.,0.),(0.,1.E-5),
 .UNSPECIFIED.);
#595=B_SPLINE_SURFACE_WITH_KNOTS('',2,1,((#16305,#16306),(#16307,#16308),
(#16309,#16310)),.UNSPECIFIED.,.F.,.F.,.F.,(3,3),(2,2),(-1.,0.),(0.,1.E-5),
 .UNSPECIFIED.);
#596=B_SPLINE_SURFACE_WITH_KNOTS('',2,1,((#16320,#16321),(#16322,#16323),
(#16324,#16325),(#16326,#16327)),.UNSPECIFIED.,.F.,.F.,.F.,(3,1,3),(2,2),
(-2.,-1.,0.),(0.,1.E-5),.UNSPECIFIED.);
#597=B_SPLINE_SURFACE_WITH_KNOTS('',2,1,((#16339,#16340),(#16341,#16342),
(#16343,#16344),(#16345,#16346)),.UNSPECIFIED.,.F.,.F.,.F.,(3,1,3),(2,2),
(-2.,-1.,0.),(0.,1.E-5),.UNSPECIFIED.);
#598=B_SPLINE_SURFACE_WITH_KNOTS('',2,1,((#16358,#16359),(#16360,#16361),
(#16362,#16363)),.UNSPECIFIED.,.F.,.F.,.F.,(3,3),(2,2),(-1.,0.),(0.,1.E-5),
 .UNSPECIFIED.);
#599=B_SPLINE_SURFACE_WITH_KNOTS('',2,1,((#16373,#16374),(#16375,#16376),
(#16377,#16378)),.UNSPECIFIED.,.F.,.F.,.F.,(3,3),(2,2),(-1.,0.),(0.,1.E-5),
 .UNSPECIFIED.);
#600=B_SPLINE_SURFACE_WITH_KNOTS('',2,1,((#16495,#16496),(#16497,#16498),
(#16499,#16500),(#16501,#16502)),.UNSPECIFIED.,.F.,.F.,.F.,(3,1,3),(2,2),
(-2.,-1.,0.),(0.,1.E-5),.UNSPECIFIED.);
#601=B_SPLINE_SURFACE_WITH_KNOTS('',2,1,((#16514,#16515),(#16516,#16517),
(#16518,#16519),(#16520,#16521)),.UNSPECIFIED.,.F.,.F.,.F.,(3,1,3),(2,2),
(-2.,-1.,0.),(0.,1.E-5),.UNSPECIFIED.);
#602=B_SPLINE_SURFACE_WITH_KNOTS('',2,1,((#16533,#16534),(#16535,#16536),
(#16537,#16538),(#16539,#16540),(#16541,#16542)),.UNSPECIFIED.,.F.,.F.,
 .F.,(3,1,1,3),(2,2),(-3.,-2.,-1.,0.),(0.,1.E-5),.UNSPECIFIED.);
#603=B_SPLINE_SURFACE_WITH_KNOTS('',2,1,((#16556,#16557),(#16558,#16559),
(#16560,#16561),(#16562,#16563),(#16564,#16565),(#16566,#16567)),
 .UNSPECIFIED.,.F.,.F.,.F.,(3,1,1,1,3),(2,2),(-4.,-3.,-2.,-1.,0.),(0.,1.E-5),
 .UNSPECIFIED.);
#604=B_SPLINE_SURFACE_WITH_KNOTS('',2,1,((#16589,#16590),(#16591,#16592),
(#16593,#16594),(#16595,#16596)),.UNSPECIFIED.,.F.,.F.,.F.,(3,1,3),(2,2),
(-2.,-1.,0.),(0.,1.E-5),.UNSPECIFIED.);
#605=B_SPLINE_SURFACE_WITH_KNOTS('',2,1,((#16608,#16609),(#16610,#16611),
(#16612,#16613),(#16614,#16615)),.UNSPECIFIED.,.F.,.F.,.F.,(3,1,3),(2,2),
(-2.,-1.,0.),(0.,1.E-5),.UNSPECIFIED.);
#606=B_SPLINE_SURFACE_WITH_KNOTS('',2,1,((#16627,#16628),(#16629,#16630),
(#16631,#16632),(#16633,#16634)),.UNSPECIFIED.,.F.,.F.,.F.,(3,1,3),(2,2),
(-2.,-1.,0.),(0.,1.E-5),.UNSPECIFIED.);
#607=B_SPLINE_SURFACE_WITH_KNOTS('',2,1,((#16646,#16647),(#16648,#16649),
(#16650,#16651)),.UNSPECIFIED.,.F.,.F.,.F.,(3,3),(2,2),(-1.,0.),(0.,1.E-5),
 .UNSPECIFIED.);
#608=B_SPLINE_SURFACE_WITH_KNOTS('',2,1,((#16661,#16662),(#16663,#16664),
(#16665,#16666)),.UNSPECIFIED.,.F.,.F.,.F.,(3,3),(2,2),(-1.,0.),(0.,1.E-5),
 .UNSPECIFIED.);
#609=B_SPLINE_SURFACE_WITH_KNOTS('',2,1,((#16745,#16746),(#16747,#16748),
(#16749,#16750),(#16751,#16752),(#16753,#16754)),.UNSPECIFIED.,.F.,.F.,
 .F.,(3,1,1,3),(2,2),(-3.,-2.,-1.,0.),(0.,1.E-5),.UNSPECIFIED.);
#610=B_SPLINE_SURFACE_WITH_KNOTS('',2,1,((#16771,#16772),(#16773,#16774),
(#16775,#16776),(#16777,#16778),(#16779,#16780),(#16781,#16782)),
 .UNSPECIFIED.,.F.,.F.,.F.,(3,1,1,1,3),(2,2),(-4.,-3.,-2.,-1.,0.),(0.,1.E-5),
 .UNSPECIFIED.);
#611=B_SPLINE_SURFACE_WITH_KNOTS('',2,1,((#16798,#16799),(#16800,#16801),
(#16802,#16803)),.UNSPECIFIED.,.F.,.F.,.F.,(3,3),(2,2),(-1.,0.),(0.,1.E-5),
 .UNSPECIFIED.);
#612=B_SPLINE_SURFACE_WITH_KNOTS('',2,1,((#16813,#16814),(#16815,#16816),
(#16817,#16818),(#16819,#16820)),.UNSPECIFIED.,.F.,.F.,.F.,(3,1,3),(2,2),
(-2.,-1.,0.),(0.,1.E-5),.UNSPECIFIED.);
#613=B_SPLINE_SURFACE_WITH_KNOTS('',2,1,((#16832,#16833),(#16834,#16835),
(#16836,#16837)),.UNSPECIFIED.,.F.,.F.,.F.,(3,3),(2,2),(-1.,0.),(0.,1.E-5),
 .UNSPECIFIED.);
#614=B_SPLINE_SURFACE_WITH_KNOTS('',2,1,((#16847,#16848),(#16849,#16850),
(#16851,#16852),(#16853,#16854)),.UNSPECIFIED.,.F.,.F.,.F.,(3,1,3),(2,2),
(-2.,-1.,0.),(0.,1.E-5),.UNSPECIFIED.);
#615=B_SPLINE_SURFACE_WITH_KNOTS('',2,1,((#16872,#16873),(#16874,#16875),
(#16876,#16877),(#16878,#16879)),.UNSPECIFIED.,.F.,.F.,.F.,(3,1,3),(2,2),
(-2.,-1.,0.),(0.,1.E-5),.UNSPECIFIED.);
#616=B_SPLINE_SURFACE_WITH_KNOTS('',2,1,((#16891,#16892),(#16893,#16894),
(#16895,#16896),(#16897,#16898)),.UNSPECIFIED.,.F.,.F.,.F.,(3,1,3),(2,2),
(-2.,-1.,0.),(0.,1.E-5),.UNSPECIFIED.);
#617=B_SPLINE_SURFACE_WITH_KNOTS('',2,1,((#16910,#16911),(#16912,#16913),
(#16914,#16915),(#16916,#16917)),.UNSPECIFIED.,.F.,.F.,.F.,(3,1,3),(2,2),
(-2.,-1.,0.),(0.,1.E-5),.UNSPECIFIED.);
#618=B_SPLINE_SURFACE_WITH_KNOTS('',2,1,((#16929,#16930),(#16931,#16932),
(#16933,#16934),(#16935,#16936)),.UNSPECIFIED.,.F.,.F.,.F.,(3,1,3),(2,2),
(-2.,-1.,0.),(0.,1.E-5),.UNSPECIFIED.);
#619=B_SPLINE_SURFACE_WITH_KNOTS('',2,1,((#16956,#16957),(#16958,#16959),
(#16960,#16961)),.UNSPECIFIED.,.F.,.F.,.F.,(3,3),(2,2),(0.,1.),(0.,1.E-5),
 .UNSPECIFIED.);
#620=B_SPLINE_SURFACE_WITH_KNOTS('',2,1,((#16971,#16972),(#16973,#16974),
(#16975,#16976)),.UNSPECIFIED.,.F.,.F.,.F.,(3,3),(2,2),(0.,1.),(0.,1.E-5),
 .UNSPECIFIED.);
#621=B_SPLINE_SURFACE_WITH_KNOTS('',2,1,((#16986,#16987),(#16988,#16989),
(#16990,#16991),(#16992,#16993)),.UNSPECIFIED.,.F.,.F.,.F.,(3,1,3),(2,2),
(0.,1.,2.),(0.,1.E-5),.UNSPECIFIED.);
#622=B_SPLINE_SURFACE_WITH_KNOTS('',2,1,((#17002,#17003),(#17004,#17005),
(#17006,#17007)),.UNSPECIFIED.,.F.,.F.,.F.,(3,3),(2,2),(-1.,0.),(0.,1.E-5),
 .UNSPECIFIED.);
#623=B_SPLINE_SURFACE_WITH_KNOTS('',2,1,((#17020,#17021),(#17022,#17023),
(#17024,#17025)),.UNSPECIFIED.,.F.,.F.,.F.,(3,3),(2,2),(-1.,0.),(0.,1.E-5),
 .UNSPECIFIED.);
#624=B_SPLINE_SURFACE_WITH_KNOTS('',2,1,((#17035,#17036),(#17037,#17038),
(#17039,#17040)),.UNSPECIFIED.,.F.,.F.,.F.,(3,3),(2,2),(-1.,0.),(0.,1.E-5),
 .UNSPECIFIED.);
#625=B_SPLINE_SURFACE_WITH_KNOTS('',2,1,((#17050,#17051),(#17052,#17053),
(#17054,#17055)),.UNSPECIFIED.,.F.,.F.,.F.,(3,3),(2,2),(-1.,0.),(0.,1.E-5),
 .UNSPECIFIED.);
#626=B_SPLINE_SURFACE_WITH_KNOTS('',2,1,((#17071,#17072),(#17073,#17074),
(#17075,#17076),(#17077,#17078)),.UNSPECIFIED.,.F.,.F.,.F.,(3,1,3),(2,2),
(-2.,-1.,0.),(0.,1.E-5),.UNSPECIFIED.);
#627=B_SPLINE_SURFACE_WITH_KNOTS('',2,1,((#17090,#17091),(#17092,#17093),
(#17094,#17095),(#17096,#17097),(#17098,#17099)),.UNSPECIFIED.,.F.,.F.,
 .F.,(3,1,1,3),(2,2),(-3.,-2.,-1.,0.),(0.,1.E-5),.UNSPECIFIED.);
#628=B_SPLINE_SURFACE_WITH_KNOTS('',2,1,((#17113,#17114),(#17115,#17116),
(#17117,#17118),(#17119,#17120)),.UNSPECIFIED.,.F.,.F.,.F.,(3,1,3),(2,2),
(-2.,-1.,0.),(0.,1.E-5),.UNSPECIFIED.);
#629=B_SPLINE_SURFACE_WITH_KNOTS('',2,1,((#17132,#17133),(#17134,#17135),
(#17136,#17137),(#17138,#17139),(#17140,#17141)),.UNSPECIFIED.,.F.,.F.,
 .F.,(3,1,1,3),(2,2),(-3.,-2.,-1.,0.),(0.,1.E-5),.UNSPECIFIED.);
#630=B_SPLINE_SURFACE_WITH_KNOTS('',2,1,((#17166,#17167),(#17168,#17169),
(#17170,#17171),(#17172,#17173)),.UNSPECIFIED.,.F.,.F.,.F.,(3,1,3),(2,2),
(-2.,-1.,0.),(0.,1.E-5),.UNSPECIFIED.);
#631=B_SPLINE_SURFACE_WITH_KNOTS('',2,1,((#17188,#17189),(#17190,#17191),
(#17192,#17193)),.UNSPECIFIED.,.F.,.F.,.F.,(3,3),(2,2),(-1.,0.),(0.,1.E-5),
 .UNSPECIFIED.);
#632=B_SPLINE_SURFACE_WITH_KNOTS('',2,1,((#17203,#17204),(#17205,#17206),
(#17207,#17208)),.UNSPECIFIED.,.F.,.F.,.F.,(3,3),(2,2),(-1.,0.),(0.,1.E-5),
 .UNSPECIFIED.);
#633=B_SPLINE_SURFACE_WITH_KNOTS('',2,1,((#17218,#17219),(#17220,#17221),
(#17222,#17223)),.UNSPECIFIED.,.F.,.F.,.F.,(3,3),(2,2),(-1.,0.),(0.,1.E-5),
 .UNSPECIFIED.);
#634=B_SPLINE_SURFACE_WITH_KNOTS('',2,1,((#17233,#17234),(#17235,#17236),
(#17237,#17238)),.UNSPECIFIED.,.F.,.F.,.F.,(3,3),(2,2),(-1.,0.),(0.,1.E-5),
 .UNSPECIFIED.);
#635=B_SPLINE_SURFACE_WITH_KNOTS('',2,1,((#17248,#17249),(#17250,#17251),
(#17252,#17253),(#17254,#17255),(#17256,#17257)),.UNSPECIFIED.,.F.,.F.,
 .F.,(3,1,1,3),(2,2),(-3.,-2.,-1.,0.),(0.,1.E-5),.UNSPECIFIED.);
#636=B_SPLINE_SURFACE_WITH_KNOTS('',2,1,((#17271,#17272),(#17273,#17274),
(#17275,#17276),(#17277,#17278),(#17279,#17280)),.UNSPECIFIED.,.F.,.F.,
 .F.,(3,1,1,3),(2,2),(-3.,-2.,-1.,0.),(0.,1.E-5),.UNSPECIFIED.);
#637=B_SPLINE_SURFACE_WITH_KNOTS('',2,1,((#17294,#17295),(#17296,#17297),
(#17298,#17299),(#17300,#17301),(#17302,#17303)),.UNSPECIFIED.,.F.,.F.,
 .F.,(3,1,1,3),(2,2),(-3.,-2.,-1.,0.),(0.,1.E-5),.UNSPECIFIED.);
#638=B_SPLINE_SURFACE_WITH_KNOTS('',2,1,((#17323,#17324),(#17325,#17326),
(#17327,#17328)),.UNSPECIFIED.,.F.,.F.,.F.,(3,3),(2,2),(-1.,0.),(0.,1.E-5),
 .UNSPECIFIED.);
#639=B_SPLINE_SURFACE_WITH_KNOTS('',2,1,((#17338,#17339),(#17340,#17341),
(#17342,#17343)),.UNSPECIFIED.,.F.,.F.,.F.,(3,3),(2,2),(-1.,0.),(0.,1.E-5),
 .UNSPECIFIED.);
#640=B_SPLINE_SURFACE_WITH_KNOTS('',2,1,((#17353,#17354),(#17355,#17356),
(#17357,#17358),(#17359,#17360)),.UNSPECIFIED.,.F.,.F.,.F.,(3,1,3),(2,2),
(-2.,-1.,0.),(0.,1.E-5),.UNSPECIFIED.);
#641=B_SPLINE_SURFACE_WITH_KNOTS('',2,1,((#17372,#17373),(#17374,#17375),
(#17376,#17377)),.UNSPECIFIED.,.F.,.F.,.F.,(3,3),(2,2),(-1.,0.),(0.,1.E-5),
 .UNSPECIFIED.);
#642=B_SPLINE_SURFACE_WITH_KNOTS('',2,1,((#17387,#17388),(#17389,#17390),
(#17391,#17392)),.UNSPECIFIED.,.F.,.F.,.F.,(3,3),(2,2),(-1.,0.),(0.,1.E-5),
 .UNSPECIFIED.);
#643=B_SPLINE_SURFACE_WITH_KNOTS('',2,1,((#17402,#17403),(#17404,#17405),
(#17406,#17407),(#17408,#17409),(#17410,#17411)),.UNSPECIFIED.,.F.,.F.,
 .F.,(3,1,1,3),(2,2),(-3.,-2.,-1.,0.),(0.,1.E-5),.UNSPECIFIED.);
#644=B_SPLINE_SURFACE_WITH_KNOTS('',2,1,((#17425,#17426),(#17427,#17428),
(#17429,#17430),(#17431,#17432),(#17433,#17434)),.UNSPECIFIED.,.F.,.F.,
 .F.,(3,1,1,3),(2,2),(-3.,-2.,-1.,0.),(0.,1.E-5),.UNSPECIFIED.);
#645=B_SPLINE_SURFACE_WITH_KNOTS('',2,1,((#17448,#17449),(#17450,#17451),
(#17452,#17453),(#17454,#17455)),.UNSPECIFIED.,.F.,.F.,.F.,(3,1,3),(2,2),
(-2.,-1.,0.),(0.,1.E-5),.UNSPECIFIED.);
#646=B_SPLINE_SURFACE_WITH_KNOTS('',2,1,((#17519,#17520),(#17521,#17522),
(#17523,#17524),(#17525,#17526),(#17527,#17528)),.UNSPECIFIED.,.F.,.F.,
 .F.,(3,1,1,3),(2,2),(0.,1.,2.,3.),(0.,1.E-5),.UNSPECIFIED.);
#647=B_SPLINE_SURFACE_WITH_KNOTS('',2,1,((#17542,#17543),(#17544,#17545),
(#17546,#17547),(#17548,#17549)),.UNSPECIFIED.,.F.,.F.,.F.,(3,1,3),(2,2),
(0.,1.,2.),(0.,1.E-5),.UNSPECIFIED.);
#648=B_SPLINE_SURFACE_WITH_KNOTS('',2,1,((#17561,#17562),(#17563,#17564),
(#17565,#17566)),.UNSPECIFIED.,.F.,.F.,.F.,(3,3),(2,2),(0.,1.),(0.,1.E-5),
 .UNSPECIFIED.);
#649=B_SPLINE_SURFACE_WITH_KNOTS('',2,1,((#17576,#17577),(#17578,#17579),
(#17580,#17581)),.UNSPECIFIED.,.F.,.F.,.F.,(3,3),(2,2),(0.,1.),(0.,1.E-5),
 .UNSPECIFIED.);
#650=B_SPLINE_SURFACE_WITH_KNOTS('',2,1,((#17591,#17592),(#17593,#17594),
(#17595,#17596)),.UNSPECIFIED.,.F.,.F.,.F.,(3,3),(2,2),(0.,1.),(0.,1.E-5),
 .UNSPECIFIED.);
#651=B_SPLINE_SURFACE_WITH_KNOTS('',2,1,((#17603,#17604),(#17605,#17606),
(#17607,#17608),(#17609,#17610)),.UNSPECIFIED.,.F.,.F.,.F.,(3,1,3),(2,2),
(-2.,-1.,0.),(0.,1.E-5),.UNSPECIFIED.);
#652=B_SPLINE_SURFACE_WITH_KNOTS('',2,1,((#17625,#17626),(#17627,#17628),
(#17629,#17630),(#17631,#17632)),.UNSPECIFIED.,.F.,.F.,.F.,(3,1,3),(2,2),
(-2.,-1.,0.),(0.,1.E-5),.UNSPECIFIED.);
#653=B_SPLINE_SURFACE_WITH_KNOTS('',2,1,((#17641,#17642),(#17643,#17644),
(#17645,#17646),(#17647,#17648)),.UNSPECIFIED.,.F.,.F.,.F.,(3,1,3),(2,2),
(-2.,-1.,0.),(0.,1.E-5),.UNSPECIFIED.);
#654=B_SPLINE_SURFACE_WITH_KNOTS('',2,1,((#17660,#17661),(#17662,#17663),
(#17664,#17665),(#17666,#17667)),.UNSPECIFIED.,.F.,.F.,.F.,(3,1,3),(2,2),
(-2.,-1.,0.),(0.,1.E-5),.UNSPECIFIED.);
#655=B_SPLINE_SURFACE_WITH_KNOTS('',2,1,((#17685,#17686),(#17687,#17688),
(#17689,#17690),(#17691,#17692)),.UNSPECIFIED.,.F.,.F.,.F.,(3,1,3),(2,2),
(-2.,-1.,0.),(0.,1.E-5),.UNSPECIFIED.);
#656=B_SPLINE_SURFACE_WITH_KNOTS('',2,1,((#17710,#17711),(#17712,#17713),
(#17714,#17715),(#17716,#17717)),.UNSPECIFIED.,.F.,.F.,.F.,(3,1,3),(2,2),
(-2.,-1.,0.),(0.,1.E-5),.UNSPECIFIED.);
#657=B_SPLINE_SURFACE_WITH_KNOTS('',2,1,((#17729,#17730),(#17731,#17732),
(#17733,#17734)),.UNSPECIFIED.,.F.,.F.,.F.,(3,3),(2,2),(-1.,0.),(0.,1.E-5),
 .UNSPECIFIED.);
#658=B_SPLINE_SURFACE_WITH_KNOTS('',2,1,((#17744,#17745),(#17746,#17747),
(#17748,#17749)),.UNSPECIFIED.,.F.,.F.,.F.,(3,3),(2,2),(-1.,0.),(0.,1.E-5),
 .UNSPECIFIED.);
#659=B_SPLINE_SURFACE_WITH_KNOTS('',2,1,((#17759,#17760),(#17761,#17762),
(#17763,#17764),(#17765,#17766)),.UNSPECIFIED.,.F.,.F.,.F.,(3,1,3),(2,2),
(-2.,-1.,0.),(0.,1.E-5),.UNSPECIFIED.);
#660=B_SPLINE_SURFACE_WITH_KNOTS('',2,1,((#17778,#17779),(#17780,#17781),
(#17782,#17783)),.UNSPECIFIED.,.F.,.F.,.F.,(3,3),(2,2),(-1.,0.),(0.,1.E-5),
 .UNSPECIFIED.);
#661=B_SPLINE_SURFACE_WITH_KNOTS('',2,1,((#17793,#17794),(#17795,#17796),
(#17797,#17798)),.UNSPECIFIED.,.F.,.F.,.F.,(3,3),(2,2),(-1.,0.),(0.,1.E-5),
 .UNSPECIFIED.);
#662=B_SPLINE_SURFACE_WITH_KNOTS('',2,1,((#17808,#17809),(#17810,#17811),
(#17812,#17813),(#17814,#17815)),.UNSPECIFIED.,.F.,.F.,.F.,(3,1,3),(2,2),
(-2.,-1.,0.),(0.,1.E-5),.UNSPECIFIED.);
#663=B_SPLINE_SURFACE_WITH_KNOTS('',2,1,((#17827,#17828),(#17829,#17830),
(#17831,#17832),(#17833,#17834)),.UNSPECIFIED.,.F.,.F.,.F.,(3,1,3),(2,2),
(-2.,-1.,0.),(0.,1.E-5),.UNSPECIFIED.);
#664=B_SPLINE_SURFACE_WITH_KNOTS('',2,1,((#17846,#17847),(#17848,#17849),
(#17850,#17851)),.UNSPECIFIED.,.F.,.F.,.F.,(3,3),(2,2),(-1.,0.),(0.,1.E-5),
 .UNSPECIFIED.);
#665=B_SPLINE_SURFACE_WITH_KNOTS('',2,1,((#17861,#17862),(#17863,#17864),
(#17865,#17866)),.UNSPECIFIED.,.F.,.F.,.F.,(3,3),(2,2),(-1.,0.),(0.,1.E-5),
 .UNSPECIFIED.);
#666=B_SPLINE_SURFACE_WITH_KNOTS('',2,1,((#17908,#17909),(#17910,#17911),
(#17912,#17913)),.UNSPECIFIED.,.F.,.F.,.F.,(3,3),(2,2),(-1.,0.),(0.,1.E-5),
 .UNSPECIFIED.);
#667=B_SPLINE_SURFACE_WITH_KNOTS('',2,1,((#17923,#17924),(#17925,#17926),
(#17927,#17928)),.UNSPECIFIED.,.F.,.F.,.F.,(3,3),(2,2),(-1.,0.),(0.,1.E-5),
 .UNSPECIFIED.);
#668=B_SPLINE_SURFACE_WITH_KNOTS('',2,1,((#17938,#17939),(#17940,#17941),
(#17942,#17943)),.UNSPECIFIED.,.F.,.F.,.F.,(3,3),(2,2),(-1.,0.),(0.,1.E-5),
 .UNSPECIFIED.);
#669=B_SPLINE_SURFACE_WITH_KNOTS('',2,1,((#17959,#17960),(#17961,#17962),
(#17963,#17964)),.UNSPECIFIED.,.F.,.F.,.F.,(3,3),(2,2),(-1.,0.),(0.,1.E-5),
 .UNSPECIFIED.);
#670=B_SPLINE_SURFACE_WITH_KNOTS('',2,1,((#17974,#17975),(#17976,#17977),
(#17978,#17979),(#17980,#17981),(#17982,#17983)),.UNSPECIFIED.,.F.,.F.,
 .F.,(3,1,1,3),(2,2),(-3.,-2.,-1.,0.),(0.,1.E-5),.UNSPECIFIED.);
#671=B_SPLINE_SURFACE_WITH_KNOTS('',2,1,((#18073,#18074),(#18075,#18076),
(#18077,#18078)),.UNSPECIFIED.,.F.,.F.,.F.,(3,3),(2,2),(0.,1.),(0.,1.E-5),
 .UNSPECIFIED.);
#672=B_SPLINE_SURFACE_WITH_KNOTS('',2,1,((#18088,#18089),(#18090,#18091),
(#18092,#18093)),.UNSPECIFIED.,.F.,.F.,.F.,(3,3),(2,2),(0.,1.),(0.,1.E-5),
 .UNSPECIFIED.);
#673=B_SPLINE_SURFACE_WITH_KNOTS('',2,1,((#18103,#18104),(#18105,#18106),
(#18107,#18108),(#18109,#18110)),.UNSPECIFIED.,.F.,.F.,.F.,(3,1,3),(2,2),
(0.,1.,2.),(0.,1.E-5),.UNSPECIFIED.);
#674=B_SPLINE_SURFACE_WITH_KNOTS('',2,1,((#18119,#18120),(#18121,#18122),
(#18123,#18124)),.UNSPECIFIED.,.F.,.F.,.F.,(3,3),(2,2),(-1.,0.),(0.,1.E-5),
 .UNSPECIFIED.);
#675=B_SPLINE_SURFACE_WITH_KNOTS('',2,1,((#18137,#18138),(#18139,#18140),
(#18141,#18142)),.UNSPECIFIED.,.F.,.F.,.F.,(3,3),(2,2),(-1.,0.),(0.,1.E-5),
 .UNSPECIFIED.);
#676=B_SPLINE_SURFACE_WITH_KNOTS('',2,1,((#18152,#18153),(#18154,#18155),
(#18156,#18157)),.UNSPECIFIED.,.F.,.F.,.F.,(3,3),(2,2),(-1.,0.),(0.,1.E-5),
 .UNSPECIFIED.);
#677=B_SPLINE_SURFACE_WITH_KNOTS('',2,1,((#18167,#18168),(#18169,#18170),
(#18171,#18172)),.UNSPECIFIED.,.F.,.F.,.F.,(3,3),(2,2),(-1.,0.),(0.,1.E-5),
 .UNSPECIFIED.);
#678=B_SPLINE_SURFACE_WITH_KNOTS('',2,1,((#18188,#18189),(#18190,#18191),
(#18192,#18193),(#18194,#18195)),.UNSPECIFIED.,.F.,.F.,.F.,(3,1,3),(2,2),
(-2.,-1.,0.),(0.,1.E-5),.UNSPECIFIED.);
#679=B_SPLINE_SURFACE_WITH_KNOTS('',2,1,((#18207,#18208),(#18209,#18210),
(#18211,#18212),(#18213,#18214),(#18215,#18216)),.UNSPECIFIED.,.F.,.F.,
 .F.,(3,1,1,3),(2,2),(-3.,-2.,-1.,0.),(0.,1.E-5),.UNSPECIFIED.);
#680=B_SPLINE_SURFACE_WITH_KNOTS('',2,1,((#18230,#18231),(#18232,#18233),
(#18234,#18235),(#18236,#18237)),.UNSPECIFIED.,.F.,.F.,.F.,(3,1,3),(2,2),
(-2.,-1.,0.),(0.,1.E-5),.UNSPECIFIED.);
#681=B_SPLINE_SURFACE_WITH_KNOTS('',2,1,((#18249,#18250),(#18251,#18252),
(#18253,#18254),(#18255,#18256),(#18257,#18258)),.UNSPECIFIED.,.F.,.F.,
 .F.,(3,1,1,3),(2,2),(-3.,-2.,-1.,0.),(0.,1.E-5),.UNSPECIFIED.);
#682=B_SPLINE_SURFACE_WITH_KNOTS('',2,1,((#18283,#18284),(#18285,#18286),
(#18287,#18288),(#18289,#18290)),.UNSPECIFIED.,.F.,.F.,.F.,(3,1,3),(2,2),
(-2.,-1.,0.),(0.,1.E-5),.UNSPECIFIED.);
#683=B_SPLINE_SURFACE_WITH_KNOTS('',2,1,((#18305,#18306),(#18307,#18308),
(#18309,#18310)),.UNSPECIFIED.,.F.,.F.,.F.,(3,3),(2,2),(-1.,0.),(0.,1.E-5),
 .UNSPECIFIED.);
#684=B_SPLINE_SURFACE_WITH_KNOTS('',2,1,((#18320,#18321),(#18322,#18323),
(#18324,#18325)),.UNSPECIFIED.,.F.,.F.,.F.,(3,3),(2,2),(-1.,0.),(0.,1.E-5),
 .UNSPECIFIED.);
#685=B_SPLINE_SURFACE_WITH_KNOTS('',2,1,((#18335,#18336),(#18337,#18338),
(#18339,#18340)),.UNSPECIFIED.,.F.,.F.,.F.,(3,3),(2,2),(-1.,0.),(0.,1.E-5),
 .UNSPECIFIED.);
#686=B_SPLINE_SURFACE_WITH_KNOTS('',2,1,((#18350,#18351),(#18352,#18353),
(#18354,#18355)),.UNSPECIFIED.,.F.,.F.,.F.,(3,3),(2,2),(-1.,0.),(0.,1.E-5),
 .UNSPECIFIED.);
#687=B_SPLINE_SURFACE_WITH_KNOTS('',2,1,((#18365,#18366),(#18367,#18368),
(#18369,#18370),(#18371,#18372),(#18373,#18374)),.UNSPECIFIED.,.F.,.F.,
 .F.,(3,1,1,3),(2,2),(-3.,-2.,-1.,0.),(0.,1.E-5),.UNSPECIFIED.);
#688=B_SPLINE_SURFACE_WITH_KNOTS('',2,1,((#18388,#18389),(#18390,#18391),
(#18392,#18393),(#18394,#18395),(#18396,#18397)),.UNSPECIFIED.,.F.,.F.,
 .F.,(3,1,1,3),(2,2),(-3.,-2.,-1.,0.),(0.,1.E-5),.UNSPECIFIED.);
#689=B_SPLINE_SURFACE_WITH_KNOTS('',2,1,((#18411,#18412),(#18413,#18414),
(#18415,#18416),(#18417,#18418),(#18419,#18420)),.UNSPECIFIED.,.F.,.F.,
 .F.,(3,1,1,3),(2,2),(-3.,-2.,-1.,0.),(0.,1.E-5),.UNSPECIFIED.);
#690=B_SPLINE_SURFACE_WITH_KNOTS('',2,1,((#18440,#18441),(#18442,#18443),
(#18444,#18445)),.UNSPECIFIED.,.F.,.F.,.F.,(3,3),(2,2),(-1.,0.),(0.,1.E-5),
 .UNSPECIFIED.);
#691=B_SPLINE_SURFACE_WITH_KNOTS('',2,1,((#18455,#18456),(#18457,#18458),
(#18459,#18460)),.UNSPECIFIED.,.F.,.F.,.F.,(3,3),(2,2),(-1.,0.),(0.,1.E-5),
 .UNSPECIFIED.);
#692=B_SPLINE_SURFACE_WITH_KNOTS('',2,1,((#18470,#18471),(#18472,#18473),
(#18474,#18475),(#18476,#18477)),.UNSPECIFIED.,.F.,.F.,.F.,(3,1,3),(2,2),
(-2.,-1.,0.),(0.,1.E-5),.UNSPECIFIED.);
#693=B_SPLINE_SURFACE_WITH_KNOTS('',2,1,((#18489,#18490),(#18491,#18492),
(#18493,#18494)),.UNSPECIFIED.,.F.,.F.,.F.,(3,3),(2,2),(-1.,0.),(0.,1.E-5),
 .UNSPECIFIED.);
#694=B_SPLINE_SURFACE_WITH_KNOTS('',2,1,((#18504,#18505),(#18506,#18507),
(#18508,#18509)),.UNSPECIFIED.,.F.,.F.,.F.,(3,3),(2,2),(-1.,0.),(0.,1.E-5),
 .UNSPECIFIED.);
#695=B_SPLINE_SURFACE_WITH_KNOTS('',2,1,((#18519,#18520),(#18521,#18522),
(#18523,#18524),(#18525,#18526),(#18527,#18528)),.UNSPECIFIED.,.F.,.F.,
 .F.,(3,1,1,3),(2,2),(-3.,-2.,-1.,0.),(0.,1.E-5),.UNSPECIFIED.);
#696=B_SPLINE_SURFACE_WITH_KNOTS('',2,1,((#18542,#18543),(#18544,#18545),
(#18546,#18547),(#18548,#18549),(#18550,#18551)),.UNSPECIFIED.,.F.,.F.,
 .F.,(3,1,1,3),(2,2),(-3.,-2.,-1.,0.),(0.,1.E-5),.UNSPECIFIED.);
#697=B_SPLINE_SURFACE_WITH_KNOTS('',2,1,((#18565,#18566),(#18567,#18568),
(#18569,#18570),(#18571,#18572)),.UNSPECIFIED.,.F.,.F.,.F.,(3,1,3),(2,2),
(-2.,-1.,0.),(0.,1.E-5),.UNSPECIFIED.);
#698=SHAPE_REPRESENTATION_RELATIONSHIP('SRR','None',#18618,#701);
#699=SHAPE_REPRESENTATION_RELATIONSHIP('SRR','None',#18619,#702);
#700=SHAPE_REPRESENTATION_RELATIONSHIP('SRR','None',#18620,#703);
#701=ADVANCED_BREP_SHAPE_REPRESENTATION('',(#704,#705),#18598);
#702=ADVANCED_BREP_SHAPE_REPRESENTATION('',(#706,#707,#708,#709,#710,#711,
#712,#713,#714,#715,#716,#717,#718,#719,#720,#721,#722,#723,#724,#725,#726,
#727,#728,#729,#730,#731,#732,#733),#18599);
#703=ADVANCED_BREP_SHAPE_REPRESENTATION('',(#734,#735,#736,#737,#738,#739,
#740,#741,#742,#743,#744,#745,#746,#747,#748,#749,#750,#751,#752,#753,#754,
#755,#756,#757,#758,#759,#760,#761,#762,#763),#18600);
#704=MANIFOLD_SOLID_BREP('S\X\F3lido1',#10772);
#705=MANIFOLD_SOLID_BREP('S\X\F3lido2',#10773);
#706=MANIFOLD_SOLID_BREP('S\X\F3lido1',#10774);
#707=MANIFOLD_SOLID_BREP('S\X\F3lido1',#10775);
#708=MANIFOLD_SOLID_BREP('S\X\F3lido1',#10776);
#709=MANIFOLD_SOLID_BREP('S\X\F3lido1',#10777);
#710=MANIFOLD_SOLID_BREP('S\X\F3lido1',#10778);
#711=MANIFOLD_SOLID_BREP('S\X\F3lido1',#10779);
#712=MANIFOLD_SOLID_BREP('S\X\F3lido1',#10780);
#713=MANIFOLD_SOLID_BREP('S\X\F3lido1',#10781);
#714=MANIFOLD_SOLID_BREP('S\X\F3lido1',#10782);
#715=MANIFOLD_SOLID_BREP('S\X\F3lido1',#10783);
#716=MANIFOLD_SOLID_BREP('S\X\F3lido1',#10784);
#717=MANIFOLD_SOLID_BREP('S\X\F3lido1',#10785);
#718=MANIFOLD_SOLID_BREP('S\X\F3lido1',#10786);
#719=MANIFOLD_SOLID_BREP('S\X\F3lido1',#10787);
#720=MANIFOLD_SOLID_BREP('S\X\F3lido1',#10788);
#721=MANIFOLD_SOLID_BREP('S\X\F3lido1',#10789);
#722=MANIFOLD_SOLID_BREP('S\X\F3lido1',#10790);
#723=MANIFOLD_SOLID_BREP('S\X\F3lido1',#10791);
#724=MANIFOLD_SOLID_BREP('S\X\F3lido1',#10792);
#725=MANIFOLD_SOLID_BREP('S\X\F3lido1',#10793);
#726=MANIFOLD_SOLID_BREP('S\X\F3lido1',#10794);
#727=MANIFOLD_SOLID_BREP('S\X\F3lido1',#10795);
#728=MANIFOLD_SOLID_BREP('S\X\F3lido1',#10796);
#729=MANIFOLD_SOLID_BREP('S\X\F3lido1',#10797);
#730=MANIFOLD_SOLID_BREP('S\X\F3lido1',#10798);
#731=MANIFOLD_SOLID_BREP('S\X\F3lido1',#10799);
#732=MANIFOLD_SOLID_BREP('S\X\F3lido1',#10800);
#733=MANIFOLD_SOLID_BREP('S\X\F3lido1',#10801);
#734=MANIFOLD_SOLID_BREP('S\X\F3lido1',#10802);
#735=MANIFOLD_SOLID_BREP('S\X\F3lido1',#10803);
#736=MANIFOLD_SOLID_BREP('S\X\F3lido1',#10804);
#737=MANIFOLD_SOLID_BREP('S\X\F3lido1',#10805);
#738=MANIFOLD_SOLID_BREP('S\X\F3lido1',#10806);
#739=MANIFOLD_SOLID_BREP('S\X\F3lido1',#10807);
#740=MANIFOLD_SOLID_BREP('S\X\F3lido1',#10808);
#741=MANIFOLD_SOLID_BREP('S\X\F3lido1',#10809);
#742=MANIFOLD_SOLID_BREP('S\X\F3lido1',#10810);
#743=MANIFOLD_SOLID_BREP('S\X\F3lido1',#10811);
#744=MANIFOLD_SOLID_BREP('S\X\F3lido1',#10812);
#745=MANIFOLD_SOLID_BREP('S\X\F3lido1',#10813);
#746=MANIFOLD_SOLID_BREP('S\X\F3lido1',#10814);
#747=MANIFOLD_SOLID_BREP('S\X\F3lido1',#10815);
#748=MANIFOLD_SOLID_BREP('S\X\F3lido1',#10816);
#749=MANIFOLD_SOLID_BREP('S\X\F3lido1',#10817);
#750=MANIFOLD_SOLID_BREP('S\X\F3lido1',#10818);
#751=MANIFOLD_SOLID_BREP('S\X\F3lido1',#10819);
#752=MANIFOLD_SOLID_BREP('S\X\F3lido1',#10820);
#753=MANIFOLD_SOLID_BREP('S\X\F3lido1',#10821);
#754=MANIFOLD_SOLID_BREP('S\X\F3lido1',#10822);
#755=MANIFOLD_SOLID_BREP('S\X\F3lido1',#10823);
#756=MANIFOLD_SOLID_BREP('S\X\F3lido1',#10824);
#757=MANIFOLD_SOLID_BREP('S\X\F3lido1',#10825);
#758=MANIFOLD_SOLID_BREP('S\X\F3lido1',#10826);
#759=MANIFOLD_SOLID_BREP('S\X\F3lido1',#10827);
#760=MANIFOLD_SOLID_BREP('S\X\F3lido1',#10828);
#761=MANIFOLD_SOLID_BREP('S\X\F3lido1',#10829);
#762=MANIFOLD_SOLID_BREP('S\X\F3lido1',#10830);
#763=MANIFOLD_SOLID_BREP('S\X\F3lido1',#10831);
#764=FACE_OUTER_BOUND('',#1357,.T.);
#765=FACE_OUTER_BOUND('',#1358,.T.);
#766=FACE_OUTER_BOUND('',#1359,.T.);
#767=FACE_OUTER_BOUND('',#1360,.T.);
#768=FACE_OUTER_BOUND('',#1361,.T.);
#769=FACE_OUTER_BOUND('',#1362,.T.);
#770=FACE_OUTER_BOUND('',#1363,.T.);
#771=FACE_OUTER_BOUND('',#1364,.T.);
#772=FACE_OUTER_BOUND('',#1365,.T.);
#773=FACE_OUTER_BOUND('',#1366,.T.);
#774=FACE_OUTER_BOUND('',#1367,.T.);
#775=FACE_OUTER_BOUND('',#1368,.T.);
#776=FACE_OUTER_BOUND('',#1369,.T.);
#777=FACE_OUTER_BOUND('',#1370,.T.);
#778=FACE_OUTER_BOUND('',#1371,.T.);
#779=FACE_OUTER_BOUND('',#1372,.T.);
#780=FACE_OUTER_BOUND('',#1373,.T.);
#781=FACE_OUTER_BOUND('',#1374,.T.);
#782=FACE_OUTER_BOUND('',#1375,.T.);
#783=FACE_OUTER_BOUND('',#1376,.T.);
#784=FACE_OUTER_BOUND('',#1377,.T.);
#785=FACE_OUTER_BOUND('',#1378,.T.);
#786=FACE_OUTER_BOUND('',#1379,.T.);
#787=FACE_OUTER_BOUND('',#1380,.T.);
#788=FACE_OUTER_BOUND('',#1381,.T.);
#789=FACE_OUTER_BOUND('',#1382,.T.);
#790=FACE_OUTER_BOUND('',#1383,.T.);
#791=FACE_OUTER_BOUND('',#1384,.T.);
#792=FACE_OUTER_BOUND('',#1385,.T.);
#793=FACE_OUTER_BOUND('',#1386,.T.);
#794=FACE_OUTER_BOUND('',#1387,.T.);
#795=FACE_OUTER_BOUND('',#1388,.T.);
#796=FACE_OUTER_BOUND('',#1389,.T.);
#797=FACE_OUTER_BOUND('',#1390,.T.);
#798=FACE_OUTER_BOUND('',#1391,.T.);
#799=FACE_OUTER_BOUND('',#1392,.T.);
#800=FACE_OUTER_BOUND('',#1393,.T.);
#801=FACE_OUTER_BOUND('',#1394,.T.);
#802=FACE_OUTER_BOUND('',#1395,.T.);
#803=FACE_OUTER_BOUND('',#1396,.T.);
#804=FACE_OUTER_BOUND('',#1397,.T.);
#805=FACE_OUTER_BOUND('',#1398,.T.);
#806=FACE_OUTER_BOUND('',#1399,.T.);
#807=FACE_OUTER_BOUND('',#1400,.T.);
#808=FACE_OUTER_BOUND('',#1401,.T.);
#809=FACE_OUTER_BOUND('',#1402,.T.);
#810=FACE_OUTER_BOUND('',#1403,.T.);
#811=FACE_OUTER_BOUND('',#1404,.T.);
#812=FACE_OUTER_BOUND('',#1405,.T.);
#813=FACE_OUTER_BOUND('',#1406,.T.);
#814=FACE_OUTER_BOUND('',#1407,.T.);
#815=FACE_OUTER_BOUND('',#1408,.T.);
#816=FACE_OUTER_BOUND('',#1409,.T.);
#817=FACE_OUTER_BOUND('',#1410,.T.);
#818=FACE_OUTER_BOUND('',#1411,.T.);
#819=FACE_OUTER_BOUND('',#1412,.T.);
#820=FACE_OUTER_BOUND('',#1413,.T.);
#821=FACE_OUTER_BOUND('',#1414,.T.);
#822=FACE_OUTER_BOUND('',#1415,.T.);
#823=FACE_OUTER_BOUND('',#1416,.T.);
#824=FACE_OUTER_BOUND('',#1417,.T.);
#825=FACE_OUTER_BOUND('',#1418,.T.);
#826=FACE_OUTER_BOUND('',#1419,.T.);
#827=FACE_OUTER_BOUND('',#1420,.T.);
#828=FACE_OUTER_BOUND('',#1421,.T.);
#829=FACE_OUTER_BOUND('',#1422,.T.);
#830=FACE_OUTER_BOUND('',#1423,.T.);
#831=FACE_OUTER_BOUND('',#1424,.T.);
#832=FACE_OUTER_BOUND('',#1425,.T.);
#833=FACE_OUTER_BOUND('',#1426,.T.);
#834=FACE_OUTER_BOUND('',#1427,.T.);
#835=FACE_OUTER_BOUND('',#1428,.T.);
#836=FACE_OUTER_BOUND('',#1429,.T.);
#837=FACE_OUTER_BOUND('',#1430,.T.);
#838=FACE_OUTER_BOUND('',#1431,.T.);
#839=FACE_OUTER_BOUND('',#1432,.T.);
#840=FACE_OUTER_BOUND('',#1433,.T.);
#841=FACE_OUTER_BOUND('',#1434,.T.);
#842=FACE_OUTER_BOUND('',#1435,.T.);
#843=FACE_OUTER_BOUND('',#1436,.T.);
#844=FACE_OUTER_BOUND('',#1437,.T.);
#845=FACE_OUTER_BOUND('',#1438,.T.);
#846=FACE_OUTER_BOUND('',#1439,.T.);
#847=FACE_OUTER_BOUND('',#1440,.T.);
#848=FACE_OUTER_BOUND('',#1441,.T.);
#849=FACE_OUTER_BOUND('',#1442,.T.);
#850=FACE_OUTER_BOUND('',#1443,.T.);
#851=FACE_OUTER_BOUND('',#1444,.T.);
#852=FACE_OUTER_BOUND('',#1445,.T.);
#853=FACE_OUTER_BOUND('',#1446,.T.);
#854=FACE_OUTER_BOUND('',#1447,.T.);
#855=FACE_OUTER_BOUND('',#1448,.T.);
#856=FACE_OUTER_BOUND('',#1449,.T.);
#857=FACE_OUTER_BOUND('',#1450,.T.);
#858=FACE_OUTER_BOUND('',#1451,.T.);
#859=FACE_OUTER_BOUND('',#1452,.T.);
#860=FACE_OUTER_BOUND('',#1453,.T.);
#861=FACE_OUTER_BOUND('',#1454,.T.);
#862=FACE_OUTER_BOUND('',#1455,.T.);
#863=FACE_OUTER_BOUND('',#1456,.T.);
#864=FACE_OUTER_BOUND('',#1457,.T.);
#865=FACE_OUTER_BOUND('',#1458,.T.);
#866=FACE_OUTER_BOUND('',#1459,.T.);
#867=FACE_OUTER_BOUND('',#1460,.T.);
#868=FACE_OUTER_BOUND('',#1461,.T.);
#869=FACE_OUTER_BOUND('',#1462,.T.);
#870=FACE_OUTER_BOUND('',#1463,.T.);
#871=FACE_OUTER_BOUND('',#1464,.T.);
#872=FACE_OUTER_BOUND('',#1465,.T.);
#873=FACE_OUTER_BOUND('',#1466,.T.);
#874=FACE_OUTER_BOUND('',#1467,.T.);
#875=FACE_OUTER_BOUND('',#1468,.T.);
#876=FACE_OUTER_BOUND('',#1469,.T.);
#877=FACE_OUTER_BOUND('',#1470,.T.);
#878=FACE_OUTER_BOUND('',#1471,.T.);
#879=FACE_OUTER_BOUND('',#1472,.T.);
#880=FACE_OUTER_BOUND('',#1473,.T.);
#881=FACE_OUTER_BOUND('',#1474,.T.);
#882=FACE_OUTER_BOUND('',#1475,.T.);
#883=FACE_OUTER_BOUND('',#1476,.T.);
#884=FACE_OUTER_BOUND('',#1477,.T.);
#885=FACE_OUTER_BOUND('',#1478,.T.);
#886=FACE_OUTER_BOUND('',#1479,.T.);
#887=FACE_OUTER_BOUND('',#1480,.T.);
#888=FACE_OUTER_BOUND('',#1481,.T.);
#889=FACE_OUTER_BOUND('',#1482,.T.);
#890=FACE_OUTER_BOUND('',#1483,.T.);
#891=FACE_OUTER_BOUND('',#1484,.T.);
#892=FACE_OUTER_BOUND('',#1485,.T.);
#893=FACE_OUTER_BOUND('',#1486,.T.);
#894=FACE_OUTER_BOUND('',#1487,.T.);
#895=FACE_OUTER_BOUND('',#1488,.T.);
#896=FACE_OUTER_BOUND('',#1489,.T.);
#897=FACE_OUTER_BOUND('',#1490,.T.);
#898=FACE_OUTER_BOUND('',#1491,.T.);
#899=FACE_OUTER_BOUND('',#1492,.T.);
#900=FACE_OUTER_BOUND('',#1493,.T.);
#901=FACE_OUTER_BOUND('',#1494,.T.);
#902=FACE_OUTER_BOUND('',#1495,.T.);
#903=FACE_OUTER_BOUND('',#1496,.T.);
#904=FACE_OUTER_BOUND('',#1497,.T.);
#905=FACE_OUTER_BOUND('',#1498,.T.);
#906=FACE_OUTER_BOUND('',#1499,.T.);
#907=FACE_OUTER_BOUND('',#1500,.T.);
#908=FACE_OUTER_BOUND('',#1501,.T.);
#909=FACE_OUTER_BOUND('',#1502,.T.);
#910=FACE_OUTER_BOUND('',#1503,.T.);
#911=FACE_OUTER_BOUND('',#1504,.T.);
#912=FACE_OUTER_BOUND('',#1505,.T.);
#913=FACE_OUTER_BOUND('',#1506,.T.);
#914=FACE_OUTER_BOUND('',#1507,.T.);
#915=FACE_OUTER_BOUND('',#1508,.T.);
#916=FACE_OUTER_BOUND('',#1509,.T.);
#917=FACE_OUTER_BOUND('',#1510,.T.);
#918=FACE_OUTER_BOUND('',#1511,.T.);
#919=FACE_OUTER_BOUND('',#1512,.T.);
#920=FACE_OUTER_BOUND('',#1513,.T.);
#921=FACE_OUTER_BOUND('',#1514,.T.);
#922=FACE_OUTER_BOUND('',#1515,.T.);
#923=FACE_OUTER_BOUND('',#1516,.T.);
#924=FACE_OUTER_BOUND('',#1517,.T.);
#925=FACE_OUTER_BOUND('',#1518,.T.);
#926=FACE_OUTER_BOUND('',#1519,.T.);
#927=FACE_OUTER_BOUND('',#1520,.T.);
#928=FACE_OUTER_BOUND('',#1521,.T.);
#929=FACE_OUTER_BOUND('',#1522,.T.);
#930=FACE_OUTER_BOUND('',#1523,.T.);
#931=FACE_OUTER_BOUND('',#1524,.T.);
#932=FACE_OUTER_BOUND('',#1525,.T.);
#933=FACE_OUTER_BOUND('',#1526,.T.);
#934=FACE_OUTER_BOUND('',#1527,.T.);
#935=FACE_OUTER_BOUND('',#1528,.T.);
#936=FACE_OUTER_BOUND('',#1529,.T.);
#937=FACE_OUTER_BOUND('',#1530,.T.);
#938=FACE_OUTER_BOUND('',#1531,.T.);
#939=FACE_OUTER_BOUND('',#1532,.T.);
#940=FACE_OUTER_BOUND('',#1533,.T.);
#941=FACE_OUTER_BOUND('',#1534,.T.);
#942=FACE_OUTER_BOUND('',#1535,.T.);
#943=FACE_OUTER_BOUND('',#1536,.T.);
#944=FACE_OUTER_BOUND('',#1537,.T.);
#945=FACE_OUTER_BOUND('',#1538,.T.);
#946=FACE_OUTER_BOUND('',#1539,.T.);
#947=FACE_OUTER_BOUND('',#1540,.T.);
#948=FACE_OUTER_BOUND('',#1541,.T.);
#949=FACE_OUTER_BOUND('',#1542,.T.);
#950=FACE_OUTER_BOUND('',#1543,.T.);
#951=FACE_OUTER_BOUND('',#1544,.T.);
#952=FACE_OUTER_BOUND('',#1545,.T.);
#953=FACE_OUTER_BOUND('',#1546,.T.);
#954=FACE_OUTER_BOUND('',#1547,.T.);
#955=FACE_OUTER_BOUND('',#1548,.T.);
#956=FACE_OUTER_BOUND('',#1549,.T.);
#957=FACE_OUTER_BOUND('',#1550,.T.);
#958=FACE_OUTER_BOUND('',#1551,.T.);
#959=FACE_OUTER_BOUND('',#1552,.T.);
#960=FACE_OUTER_BOUND('',#1553,.T.);
#961=FACE_OUTER_BOUND('',#1554,.T.);
#962=FACE_OUTER_BOUND('',#1555,.T.);
#963=FACE_OUTER_BOUND('',#1556,.T.);
#964=FACE_OUTER_BOUND('',#1557,.T.);
#965=FACE_OUTER_BOUND('',#1558,.T.);
#966=FACE_OUTER_BOUND('',#1559,.T.);
#967=FACE_OUTER_BOUND('',#1560,.T.);
#968=FACE_OUTER_BOUND('',#1561,.T.);
#969=FACE_OUTER_BOUND('',#1562,.T.);
#970=FACE_OUTER_BOUND('',#1563,.T.);
#971=FACE_OUTER_BOUND('',#1564,.T.);
#972=FACE_OUTER_BOUND('',#1565,.T.);
#973=FACE_OUTER_BOUND('',#1566,.T.);
#974=FACE_OUTER_BOUND('',#1568,.T.);
#975=FACE_OUTER_BOUND('',#1570,.T.);
#976=FACE_OUTER_BOUND('',#1571,.T.);
#977=FACE_OUTER_BOUND('',#1572,.T.);
#978=FACE_OUTER_BOUND('',#1573,.T.);
#979=FACE_OUTER_BOUND('',#1574,.T.);
#980=FACE_OUTER_BOUND('',#1575,.T.);
#981=FACE_OUTER_BOUND('',#1576,.T.);
#982=FACE_OUTER_BOUND('',#1577,.T.);
#983=FACE_OUTER_BOUND('',#1578,.T.);
#984=FACE_OUTER_BOUND('',#1579,.T.);
#985=FACE_OUTER_BOUND('',#1580,.T.);
#986=FACE_OUTER_BOUND('',#1581,.T.);
#987=FACE_OUTER_BOUND('',#1582,.T.);
#988=FACE_OUTER_BOUND('',#1583,.T.);
#989=FACE_OUTER_BOUND('',#1584,.T.);
#990=FACE_OUTER_BOUND('',#1585,.T.);
#991=FACE_OUTER_BOUND('',#1586,.T.);
#992=FACE_OUTER_BOUND('',#1587,.T.);
#993=FACE_OUTER_BOUND('',#1588,.T.);
#994=FACE_OUTER_BOUND('',#1589,.T.);
#995=FACE_OUTER_BOUND('',#1590,.T.);
#996=FACE_OUTER_BOUND('',#1591,.T.);
#997=FACE_OUTER_BOUND('',#1592,.T.);
#998=FACE_OUTER_BOUND('',#1593,.T.);
#999=FACE_OUTER_BOUND('',#1595,.T.);
#1000=FACE_OUTER_BOUND('',#1597,.T.);
#1001=FACE_OUTER_BOUND('',#1598,.T.);
#1002=FACE_OUTER_BOUND('',#1599,.T.);
#1003=FACE_OUTER_BOUND('',#1600,.T.);
#1004=FACE_OUTER_BOUND('',#1601,.T.);
#1005=FACE_OUTER_BOUND('',#1602,.T.);
#1006=FACE_OUTER_BOUND('',#1603,.T.);
#1007=FACE_OUTER_BOUND('',#1604,.T.);
#1008=FACE_OUTER_BOUND('',#1605,.T.);
#1009=FACE_OUTER_BOUND('',#1606,.T.);
#1010=FACE_OUTER_BOUND('',#1607,.T.);
#1011=FACE_OUTER_BOUND('',#1608,.T.);
#1012=FACE_OUTER_BOUND('',#1609,.T.);
#1013=FACE_OUTER_BOUND('',#1610,.T.);
#1014=FACE_OUTER_BOUND('',#1611,.T.);
#1015=FACE_OUTER_BOUND('',#1613,.T.);
#1016=FACE_OUTER_BOUND('',#1615,.T.);
#1017=FACE_OUTER_BOUND('',#1616,.T.);
#1018=FACE_OUTER_BOUND('',#1617,.T.);
#1019=FACE_OUTER_BOUND('',#1618,.T.);
#1020=FACE_OUTER_BOUND('',#1619,.T.);
#1021=FACE_OUTER_BOUND('',#1620,.T.);
#1022=FACE_OUTER_BOUND('',#1621,.T.);
#1023=FACE_OUTER_BOUND('',#1622,.T.);
#1024=FACE_OUTER_BOUND('',#1623,.T.);
#1025=FACE_OUTER_BOUND('',#1624,.T.);
#1026=FACE_OUTER_BOUND('',#1625,.T.);
#1027=FACE_OUTER_BOUND('',#1626,.T.);
#1028=FACE_OUTER_BOUND('',#1627,.T.);
#1029=FACE_OUTER_BOUND('',#1628,.T.);
#1030=FACE_OUTER_BOUND('',#1629,.T.);
#1031=FACE_OUTER_BOUND('',#1630,.T.);
#1032=FACE_OUTER_BOUND('',#1631,.T.);
#1033=FACE_OUTER_BOUND('',#1632,.T.);
#1034=FACE_OUTER_BOUND('',#1633,.T.);
#1035=FACE_OUTER_BOUND('',#1634,.T.);
#1036=FACE_OUTER_BOUND('',#1635,.T.);
#1037=FACE_OUTER_BOUND('',#1636,.T.);
#1038=FACE_OUTER_BOUND('',#1637,.T.);
#1039=FACE_OUTER_BOUND('',#1638,.T.);
#1040=FACE_OUTER_BOUND('',#1639,.T.);
#1041=FACE_OUTER_BOUND('',#1641,.T.);
#1042=FACE_OUTER_BOUND('',#1643,.T.);
#1043=FACE_OUTER_BOUND('',#1644,.T.);
#1044=FACE_OUTER_BOUND('',#1645,.T.);
#1045=FACE_OUTER_BOUND('',#1646,.T.);
#1046=FACE_OUTER_BOUND('',#1647,.T.);
#1047=FACE_OUTER_BOUND('',#1648,.T.);
#1048=FACE_OUTER_BOUND('',#1649,.T.);
#1049=FACE_OUTER_BOUND('',#1650,.T.);
#1050=FACE_OUTER_BOUND('',#1651,.T.);
#1051=FACE_OUTER_BOUND('',#1652,.T.);
#1052=FACE_OUTER_BOUND('',#1653,.T.);
#1053=FACE_OUTER_BOUND('',#1654,.T.);
#1054=FACE_OUTER_BOUND('',#1655,.T.);
#1055=FACE_OUTER_BOUND('',#1656,.T.);
#1056=FACE_OUTER_BOUND('',#1657,.T.);
#1057=FACE_OUTER_BOUND('',#1658,.T.);
#1058=FACE_OUTER_BOUND('',#1659,.T.);
#1059=FACE_OUTER_BOUND('',#1660,.T.);
#1060=FACE_OUTER_BOUND('',#1661,.T.);
#1061=FACE_OUTER_BOUND('',#1662,.T.);
#1062=FACE_OUTER_BOUND('',#1663,.T.);
#1063=FACE_OUTER_BOUND('',#1664,.T.);
#1064=FACE_OUTER_BOUND('',#1665,.T.);
#1065=FACE_OUTER_BOUND('',#1666,.T.);
#1066=FACE_OUTER_BOUND('',#1667,.T.);
#1067=FACE_OUTER_BOUND('',#1668,.T.);
#1068=FACE_OUTER_BOUND('',#1669,.T.);
#1069=FACE_OUTER_BOUND('',#1670,.T.);
#1070=FACE_OUTER_BOUND('',#1671,.T.);
#1071=FACE_OUTER_BOUND('',#1672,.T.);
#1072=FACE_OUTER_BOUND('',#1673,.T.);
#1073=FACE_OUTER_BOUND('',#1674,.T.);
#1074=FACE_OUTER_BOUND('',#1675,.T.);
#1075=FACE_OUTER_BOUND('',#1676,.T.);
#1076=FACE_OUTER_BOUND('',#1677,.T.);
#1077=FACE_OUTER_BOUND('',#1678,.T.);
#1078=FACE_OUTER_BOUND('',#1679,.T.);
#1079=FACE_OUTER_BOUND('',#1680,.T.);
#1080=FACE_OUTER_BOUND('',#1681,.T.);
#1081=FACE_OUTER_BOUND('',#1682,.T.);
#1082=FACE_OUTER_BOUND('',#1683,.T.);
#1083=FACE_OUTER_BOUND('',#1684,.T.);
#1084=FACE_OUTER_BOUND('',#1685,.T.);
#1085=FACE_OUTER_BOUND('',#1686,.T.);
#1086=FACE_OUTER_BOUND('',#1687,.T.);
#1087=FACE_OUTER_BOUND('',#1688,.T.);
#1088=FACE_OUTER_BOUND('',#1689,.T.);
#1089=FACE_OUTER_BOUND('',#1690,.T.);
#1090=FACE_OUTER_BOUND('',#1691,.T.);
#1091=FACE_OUTER_BOUND('',#1692,.T.);
#1092=FACE_OUTER_BOUND('',#1693,.T.);
#1093=FACE_OUTER_BOUND('',#1694,.T.);
#1094=FACE_OUTER_BOUND('',#1695,.T.);
#1095=FACE_OUTER_BOUND('',#1696,.T.);
#1096=FACE_OUTER_BOUND('',#1697,.T.);
#1097=FACE_OUTER_BOUND('',#1698,.T.);
#1098=FACE_OUTER_BOUND('',#1699,.T.);
#1099=FACE_OUTER_BOUND('',#1700,.T.);
#1100=FACE_OUTER_BOUND('',#1701,.T.);
#1101=FACE_OUTER_BOUND('',#1702,.T.);
#1102=FACE_OUTER_BOUND('',#1703,.T.);
#1103=FACE_OUTER_BOUND('',#1704,.T.);
#1104=FACE_OUTER_BOUND('',#1705,.T.);
#1105=FACE_OUTER_BOUND('',#1706,.T.);
#1106=FACE_OUTER_BOUND('',#1707,.T.);
#1107=FACE_OUTER_BOUND('',#1708,.T.);
#1108=FACE_OUTER_BOUND('',#1709,.T.);
#1109=FACE_OUTER_BOUND('',#1710,.T.);
#1110=FACE_OUTER_BOUND('',#1711,.T.);
#1111=FACE_OUTER_BOUND('',#1712,.T.);
#1112=FACE_OUTER_BOUND('',#1713,.T.);
#1113=FACE_OUTER_BOUND('',#1714,.T.);
#1114=FACE_OUTER_BOUND('',#1715,.T.);
#1115=FACE_OUTER_BOUND('',#1716,.T.);
#1116=FACE_OUTER_BOUND('',#1717,.T.);
#1117=FACE_OUTER_BOUND('',#1718,.T.);
#1118=FACE_OUTER_BOUND('',#1719,.T.);
#1119=FACE_OUTER_BOUND('',#1720,.T.);
#1120=FACE_OUTER_BOUND('',#1723,.T.);
#1121=FACE_OUTER_BOUND('',#1726,.T.);
#1122=FACE_OUTER_BOUND('',#1727,.T.);
#1123=FACE_OUTER_BOUND('',#1728,.T.);
#1124=FACE_OUTER_BOUND('',#1729,.T.);
#1125=FACE_OUTER_BOUND('',#1730,.T.);
#1126=FACE_OUTER_BOUND('',#1731,.T.);
#1127=FACE_OUTER_BOUND('',#1732,.T.);
#1128=FACE_OUTER_BOUND('',#1733,.T.);
#1129=FACE_OUTER_BOUND('',#1734,.T.);
#1130=FACE_OUTER_BOUND('',#1735,.T.);
#1131=FACE_OUTER_BOUND('',#1736,.T.);
#1132=FACE_OUTER_BOUND('',#1738,.T.);
#1133=FACE_OUTER_BOUND('',#1740,.T.);
#1134=FACE_OUTER_BOUND('',#1741,.T.);
#1135=FACE_OUTER_BOUND('',#1742,.T.);
#1136=FACE_OUTER_BOUND('',#1743,.T.);
#1137=FACE_OUTER_BOUND('',#1744,.T.);
#1138=FACE_OUTER_BOUND('',#1745,.T.);
#1139=FACE_OUTER_BOUND('',#1746,.T.);
#1140=FACE_OUTER_BOUND('',#1747,.T.);
#1141=FACE_OUTER_BOUND('',#1748,.T.);
#1142=FACE_OUTER_BOUND('',#1750,.T.);
#1143=FACE_OUTER_BOUND('',#1752,.T.);
#1144=FACE_OUTER_BOUND('',#1753,.T.);
#1145=FACE_OUTER_BOUND('',#1754,.T.);
#1146=FACE_OUTER_BOUND('',#1755,.T.);
#1147=FACE_OUTER_BOUND('',#1756,.T.);
#1148=FACE_OUTER_BOUND('',#1757,.T.);
#1149=FACE_OUTER_BOUND('',#1758,.T.);
#1150=FACE_OUTER_BOUND('',#1759,.T.);
#1151=FACE_OUTER_BOUND('',#1760,.T.);
#1152=FACE_OUTER_BOUND('',#1761,.T.);
#1153=FACE_OUTER_BOUND('',#1762,.T.);
#1154=FACE_OUTER_BOUND('',#1763,.T.);
#1155=FACE_OUTER_BOUND('',#1764,.T.);
#1156=FACE_OUTER_BOUND('',#1765,.T.);
#1157=FACE_OUTER_BOUND('',#1766,.T.);
#1158=FACE_OUTER_BOUND('',#1767,.T.);
#1159=FACE_OUTER_BOUND('',#1768,.T.);
#1160=FACE_OUTER_BOUND('',#1769,.T.);
#1161=FACE_OUTER_BOUND('',#1770,.T.);
#1162=FACE_OUTER_BOUND('',#1771,.T.);
#1163=FACE_OUTER_BOUND('',#1772,.T.);
#1164=FACE_OUTER_BOUND('',#1775,.T.);
#1165=FACE_OUTER_BOUND('',#1778,.T.);
#1166=FACE_OUTER_BOUND('',#1780,.T.);
#1167=FACE_OUTER_BOUND('',#1781,.T.);
#1168=FACE_OUTER_BOUND('',#1782,.T.);
#1169=FACE_OUTER_BOUND('',#1783,.T.);
#1170=FACE_OUTER_BOUND('',#1784,.T.);
#1171=FACE_OUTER_BOUND('',#1785,.T.);
#1172=FACE_OUTER_BOUND('',#1786,.T.);
#1173=FACE_OUTER_BOUND('',#1787,.T.);
#1174=FACE_OUTER_BOUND('',#1788,.T.);
#1175=FACE_OUTER_BOUND('',#1789,.T.);
#1176=FACE_OUTER_BOUND('',#1790,.T.);
#1177=FACE_OUTER_BOUND('',#1791,.T.);
#1178=FACE_OUTER_BOUND('',#1792,.T.);
#1179=FACE_OUTER_BOUND('',#1793,.T.);
#1180=FACE_OUTER_BOUND('',#1794,.T.);
#1181=FACE_OUTER_BOUND('',#1795,.T.);
#1182=FACE_OUTER_BOUND('',#1796,.T.);
#1183=FACE_OUTER_BOUND('',#1797,.T.);
#1184=FACE_OUTER_BOUND('',#1798,.T.);
#1185=FACE_OUTER_BOUND('',#1799,.T.);
#1186=FACE_OUTER_BOUND('',#1800,.T.);
#1187=FACE_OUTER_BOUND('',#1801,.T.);
#1188=FACE_OUTER_BOUND('',#1802,.T.);
#1189=FACE_OUTER_BOUND('',#1803,.T.);
#1190=FACE_OUTER_BOUND('',#1804,.T.);
#1191=FACE_OUTER_BOUND('',#1805,.T.);
#1192=FACE_OUTER_BOUND('',#1806,.T.);
#1193=FACE_OUTER_BOUND('',#1807,.T.);
#1194=FACE_OUTER_BOUND('',#1808,.T.);
#1195=FACE_OUTER_BOUND('',#1809,.T.);
#1196=FACE_OUTER_BOUND('',#1810,.T.);
#1197=FACE_OUTER_BOUND('',#1811,.T.);
#1198=FACE_OUTER_BOUND('',#1812,.T.);
#1199=FACE_OUTER_BOUND('',#1813,.T.);
#1200=FACE_OUTER_BOUND('',#1814,.T.);
#1201=FACE_OUTER_BOUND('',#1815,.T.);
#1202=FACE_OUTER_BOUND('',#1816,.T.);
#1203=FACE_OUTER_BOUND('',#1817,.T.);
#1204=FACE_OUTER_BOUND('',#1818,.T.);
#1205=FACE_OUTER_BOUND('',#1819,.T.);
#1206=FACE_OUTER_BOUND('',#1820,.T.);
#1207=FACE_OUTER_BOUND('',#1821,.T.);
#1208=FACE_OUTER_BOUND('',#1822,.T.);
#1209=FACE_OUTER_BOUND('',#1823,.T.);
#1210=FACE_OUTER_BOUND('',#1824,.T.);
#1211=FACE_OUTER_BOUND('',#1825,.T.);
#1212=FACE_OUTER_BOUND('',#1826,.T.);
#1213=FACE_OUTER_BOUND('',#1827,.T.);
#1214=FACE_OUTER_BOUND('',#1828,.T.);
#1215=FACE_OUTER_BOUND('',#1829,.T.);
#1216=FACE_OUTER_BOUND('',#1830,.T.);
#1217=FACE_OUTER_BOUND('',#1831,.T.);
#1218=FACE_OUTER_BOUND('',#1832,.T.);
#1219=FACE_OUTER_BOUND('',#1833,.T.);
#1220=FACE_OUTER_BOUND('',#1834,.T.);
#1221=FACE_OUTER_BOUND('',#1835,.T.);
#1222=FACE_OUTER_BOUND('',#1836,.T.);
#1223=FACE_OUTER_BOUND('',#1837,.T.);
#1224=FACE_OUTER_BOUND('',#1838,.T.);
#1225=FACE_OUTER_BOUND('',#1839,.T.);
#1226=FACE_OUTER_BOUND('',#1840,.T.);
#1227=FACE_OUTER_BOUND('',#1841,.T.);
#1228=FACE_OUTER_BOUND('',#1842,.T.);
#1229=FACE_OUTER_BOUND('',#1843,.T.);
#1230=FACE_OUTER_BOUND('',#1844,.T.);
#1231=FACE_OUTER_BOUND('',#1845,.T.);
#1232=FACE_OUTER_BOUND('',#1846,.T.);
#1233=FACE_OUTER_BOUND('',#1847,.T.);
#1234=FACE_OUTER_BOUND('',#1848,.T.);
#1235=FACE_OUTER_BOUND('',#1849,.T.);
#1236=FACE_OUTER_BOUND('',#1850,.T.);
#1237=FACE_OUTER_BOUND('',#1851,.T.);
#1238=FACE_OUTER_BOUND('',#1852,.T.);
#1239=FACE_OUTER_BOUND('',#1853,.T.);
#1240=FACE_OUTER_BOUND('',#1855,.T.);
#1241=FACE_OUTER_BOUND('',#1857,.T.);
#1242=FACE_OUTER_BOUND('',#1858,.T.);
#1243=FACE_OUTER_BOUND('',#1859,.T.);
#1244=FACE_OUTER_BOUND('',#1860,.T.);
#1245=FACE_OUTER_BOUND('',#1861,.T.);
#1246=FACE_OUTER_BOUND('',#1862,.T.);
#1247=FACE_OUTER_BOUND('',#1863,.T.);
#1248=FACE_OUTER_BOUND('',#1864,.T.);
#1249=FACE_OUTER_BOUND('',#1865,.T.);
#1250=FACE_OUTER_BOUND('',#1866,.T.);
#1251=FACE_OUTER_BOUND('',#1867,.T.);
#1252=FACE_OUTER_BOUND('',#1868,.T.);
#1253=FACE_OUTER_BOUND('',#1869,.T.);
#1254=FACE_OUTER_BOUND('',#1870,.T.);
#1255=FACE_OUTER_BOUND('',#1871,.T.);
#1256=FACE_OUTER_BOUND('',#1872,.T.);
#1257=FACE_OUTER_BOUND('',#1873,.T.);
#1258=FACE_OUTER_BOUND('',#1874,.T.);
#1259=FACE_OUTER_BOUND('',#1875,.T.);
#1260=FACE_OUTER_BOUND('',#1876,.T.);
#1261=FACE_OUTER_BOUND('',#1877,.T.);
#1262=FACE_OUTER_BOUND('',#1878,.T.);
#1263=FACE_OUTER_BOUND('',#1879,.T.);
#1264=FACE_OUTER_BOUND('',#1880,.T.);
#1265=FACE_OUTER_BOUND('',#1881,.T.);
#1266=FACE_OUTER_BOUND('',#1882,.T.);
#1267=FACE_OUTER_BOUND('',#1883,.T.);
#1268=FACE_OUTER_BOUND('',#1884,.T.);
#1269=FACE_OUTER_BOUND('',#1885,.T.);
#1270=FACE_OUTER_BOUND('',#1886,.T.);
#1271=FACE_OUTER_BOUND('',#1887,.T.);
#1272=FACE_OUTER_BOUND('',#1888,.T.);
#1273=FACE_OUTER_BOUND('',#1889,.T.);
#1274=FACE_OUTER_BOUND('',#1890,.T.);
#1275=FACE_OUTER_BOUND('',#1891,.T.);
#1276=FACE_OUTER_BOUND('',#1892,.T.);
#1277=FACE_OUTER_BOUND('',#1893,.T.);
#1278=FACE_OUTER_BOUND('',#1894,.T.);
#1279=FACE_OUTER_BOUND('',#1895,.T.);
#1280=FACE_OUTER_BOUND('',#1896,.T.);
#1281=FACE_OUTER_BOUND('',#1897,.T.);
#1282=FACE_OUTER_BOUND('',#1898,.T.);
#1283=FACE_OUTER_BOUND('',#1899,.T.);
#1284=FACE_OUTER_BOUND('',#1900,.T.);
#1285=FACE_OUTER_BOUND('',#1901,.T.);
#1286=FACE_OUTER_BOUND('',#1902,.T.);
#1287=FACE_OUTER_BOUND('',#1903,.T.);
#1288=FACE_OUTER_BOUND('',#1904,.T.);
#1289=FACE_OUTER_BOUND('',#1905,.T.);
#1290=FACE_OUTER_BOUND('',#1906,.T.);
#1291=FACE_OUTER_BOUND('',#1907,.T.);
#1292=FACE_OUTER_BOUND('',#1908,.T.);
#1293=FACE_OUTER_BOUND('',#1909,.T.);
#1294=FACE_OUTER_BOUND('',#1911,.T.);
#1295=FACE_OUTER_BOUND('',#1913,.T.);
#1296=FACE_OUTER_BOUND('',#1914,.T.);
#1297=FACE_OUTER_BOUND('',#1915,.T.);
#1298=FACE_OUTER_BOUND('',#1916,.T.);
#1299=FACE_OUTER_BOUND('',#1917,.T.);
#1300=FACE_OUTER_BOUND('',#1918,.T.);
#1301=FACE_OUTER_BOUND('',#1919,.T.);
#1302=FACE_OUTER_BOUND('',#1920,.T.);
#1303=FACE_OUTER_BOUND('',#1921,.T.);
#1304=FACE_OUTER_BOUND('',#1922,.T.);
#1305=FACE_OUTER_BOUND('',#1923,.T.);
#1306=FACE_OUTER_BOUND('',#1924,.T.);
#1307=FACE_OUTER_BOUND('',#1925,.T.);
#1308=FACE_OUTER_BOUND('',#1926,.T.);
#1309=FACE_OUTER_BOUND('',#1927,.T.);
#1310=FACE_OUTER_BOUND('',#1928,.T.);
#1311=FACE_OUTER_BOUND('',#1929,.T.);
#1312=FACE_OUTER_BOUND('',#1930,.T.);
#1313=FACE_OUTER_BOUND('',#1931,.T.);
#1314=FACE_OUTER_BOUND('',#1932,.T.);
#1315=FACE_OUTER_BOUND('',#1933,.T.);
#1316=FACE_OUTER_BOUND('',#1934,.T.);
#1317=FACE_OUTER_BOUND('',#1935,.T.);
#1318=FACE_OUTER_BOUND('',#1936,.T.);
#1319=FACE_OUTER_BOUND('',#1937,.T.);
#1320=FACE_OUTER_BOUND('',#1938,.T.);
#1321=FACE_OUTER_BOUND('',#1939,.T.);
#1322=FACE_OUTER_BOUND('',#1940,.T.);
#1323=FACE_OUTER_BOUND('',#1941,.T.);
#1324=FACE_OUTER_BOUND('',#1942,.T.);
#1325=FACE_OUTER_BOUND('',#1943,.T.);
#1326=FACE_OUTER_BOUND('',#1944,.T.);
#1327=FACE_OUTER_BOUND('',#1945,.T.);
#1328=FACE_OUTER_BOUND('',#1946,.T.);
#1329=FACE_OUTER_BOUND('',#1947,.T.);
#1330=FACE_OUTER_BOUND('',#1948,.T.);
#1331=FACE_OUTER_BOUND('',#1949,.T.);
#1332=FACE_OUTER_BOUND('',#1950,.T.);
#1333=FACE_OUTER_BOUND('',#1951,.T.);
#1334=FACE_OUTER_BOUND('',#1952,.T.);
#1335=FACE_OUTER_BOUND('',#1953,.T.);
#1336=FACE_OUTER_BOUND('',#1955,.T.);
#1337=FACE_OUTER_BOUND('',#1957,.T.);
#1338=FACE_OUTER_BOUND('',#1958,.T.);
#1339=FACE_OUTER_BOUND('',#1959,.T.);
#1340=FACE_OUTER_BOUND('',#1960,.T.);
#1341=FACE_OUTER_BOUND('',#1961,.T.);
#1342=FACE_OUTER_BOUND('',#1962,.T.);
#1343=FACE_OUTER_BOUND('',#1963,.T.);
#1344=FACE_OUTER_BOUND('',#1964,.T.);
#1345=FACE_OUTER_BOUND('',#1965,.T.);
#1346=FACE_OUTER_BOUND('',#1966,.T.);
#1347=FACE_OUTER_BOUND('',#1967,.T.);
#1348=FACE_OUTER_BOUND('',#1968,.T.);
#1349=FACE_OUTER_BOUND('',#1969,.T.);
#1350=FACE_OUTER_BOUND('',#1970,.T.);
#1351=FACE_OUTER_BOUND('',#1971,.T.);
#1352=FACE_OUTER_BOUND('',#1972,.T.);
#1353=FACE_OUTER_BOUND('',#1973,.T.);
#1354=FACE_OUTER_BOUND('',#1974,.T.);
#1355=FACE_OUTER_BOUND('',#1975,.T.);
#1356=FACE_OUTER_BOUND('',#1976,.T.);
#1357=EDGE_LOOP('',(#6313,#6314,#6315,#6316));
#1358=EDGE_LOOP('',(#6317,#6318,#6319,#6320));
#1359=EDGE_LOOP('',(#6321,#6322,#6323,#6324));
#1360=EDGE_LOOP('',(#6325,#6326,#6327,#6328));
#1361=EDGE_LOOP('',(#6329,#6330,#6331,#6332));
#1362=EDGE_LOOP('',(#6333,#6334,#6335,#6336));
#1363=EDGE_LOOP('',(#6337,#6338,#6339,#6340));
#1364=EDGE_LOOP('',(#6341,#6342,#6343,#6344));
#1365=EDGE_LOOP('',(#6345,#6346,#6347,#6348));
#1366=EDGE_LOOP('',(#6349,#6350,#6351,#6352));
#1367=EDGE_LOOP('',(#6353,#6354,#6355,#6356));
#1368=EDGE_LOOP('',(#6357,#6358,#6359,#6360));
#1369=EDGE_LOOP('',(#6361,#6362,#6363,#6364));
#1370=EDGE_LOOP('',(#6365,#6366,#6367,#6368));
#1371=EDGE_LOOP('',(#6369,#6370,#6371,#6372));
#1372=EDGE_LOOP('',(#6373,#6374,#6375,#6376));
#1373=EDGE_LOOP('',(#6377,#6378,#6379,#6380));
#1374=EDGE_LOOP('',(#6381,#6382,#6383,#6384));
#1375=EDGE_LOOP('',(#6385,#6386,#6387,#6388));
#1376=EDGE_LOOP('',(#6389,#6390,#6391,#6392));
#1377=EDGE_LOOP('',(#6393,#6394,#6395,#6396));
#1378=EDGE_LOOP('',(#6397,#6398,#6399,#6400));
#1379=EDGE_LOOP('',(#6401,#6402,#6403,#6404));
#1380=EDGE_LOOP('',(#6405,#6406,#6407,#6408));
#1381=EDGE_LOOP('',(#6409,#6410,#6411,#6412));
#1382=EDGE_LOOP('',(#6413,#6414,#6415,#6416));
#1383=EDGE_LOOP('',(#6417,#6418,#6419,#6420));
#1384=EDGE_LOOP('',(#6421,#6422,#6423,#6424));
#1385=EDGE_LOOP('',(#6425,#6426,#6427,#6428));
#1386=EDGE_LOOP('',(#6429,#6430,#6431,#6432));
#1387=EDGE_LOOP('',(#6433,#6434,#6435,#6436));
#1388=EDGE_LOOP('',(#6437,#6438,#6439,#6440));
#1389=EDGE_LOOP('',(#6441,#6442,#6443,#6444));
#1390=EDGE_LOOP('',(#6445,#6446,#6447,#6448));
#1391=EDGE_LOOP('',(#6449,#6450,#6451,#6452));
#1392=EDGE_LOOP('',(#6453,#6454,#6455,#6456));
#1393=EDGE_LOOP('',(#6457,#6458,#6459,#6460));
#1394=EDGE_LOOP('',(#6461,#6462,#6463,#6464));
#1395=EDGE_LOOP('',(#6465,#6466,#6467,#6468));
#1396=EDGE_LOOP('',(#6469,#6470,#6471,#6472));
#1397=EDGE_LOOP('',(#6473,#6474,#6475,#6476));
#1398=EDGE_LOOP('',(#6477,#6478,#6479,#6480));
#1399=EDGE_LOOP('',(#6481,#6482,#6483,#6484));
#1400=EDGE_LOOP('',(#6485,#6486,#6487,#6488));
#1401=EDGE_LOOP('',(#6489,#6490,#6491,#6492));
#1402=EDGE_LOOP('',(#6493,#6494,#6495,#6496));
#1403=EDGE_LOOP('',(#6497,#6498,#6499,#6500));
#1404=EDGE_LOOP('',(#6501,#6502,#6503,#6504));
#1405=EDGE_LOOP('',(#6505,#6506,#6507,#6508));
#1406=EDGE_LOOP('',(#6509,#6510,#6511,#6512));
#1407=EDGE_LOOP('',(#6513,#6514,#6515,#6516));
#1408=EDGE_LOOP('',(#6517,#6518,#6519,#6520));
#1409=EDGE_LOOP('',(#6521,#6522,#6523,#6524));
#1410=EDGE_LOOP('',(#6525,#6526,#6527,#6528));
#1411=EDGE_LOOP('',(#6529,#6530,#6531,#6532));
#1412=EDGE_LOOP('',(#6533,#6534,#6535,#6536));
#1413=EDGE_LOOP('',(#6537,#6538,#6539,#6540));
#1414=EDGE_LOOP('',(#6541,#6542,#6543,#6544));
#1415=EDGE_LOOP('',(#6545,#6546,#6547,#6548));
#1416=EDGE_LOOP('',(#6549,#6550,#6551,#6552));
#1417=EDGE_LOOP('',(#6553,#6554,#6555,#6556));
#1418=EDGE_LOOP('',(#6557,#6558,#6559,#6560));
#1419=EDGE_LOOP('',(#6561,#6562,#6563,#6564));
#1420=EDGE_LOOP('',(#6565,#6566,#6567,#6568));
#1421=EDGE_LOOP('',(#6569,#6570,#6571,#6572));
#1422=EDGE_LOOP('',(#6573,#6574,#6575,#6576));
#1423=EDGE_LOOP('',(#6577,#6578,#6579,#6580));
#1424=EDGE_LOOP('',(#6581,#6582,#6583,#6584));
#1425=EDGE_LOOP('',(#6585,#6586,#6587,#6588));
#1426=EDGE_LOOP('',(#6589,#6590,#6591,#6592));
#1427=EDGE_LOOP('',(#6593,#6594,#6595,#6596));
#1428=EDGE_LOOP('',(#6597,#6598,#6599,#6600));
#1429=EDGE_LOOP('',(#6601,#6602,#6603,#6604));
#1430=EDGE_LOOP('',(#6605,#6606,#6607,#6608));
#1431=EDGE_LOOP('',(#6609,#6610,#6611,#6612));
#1432=EDGE_LOOP('',(#6613,#6614,#6615,#6616));
#1433=EDGE_LOOP('',(#6617,#6618,#6619,#6620));
#1434=EDGE_LOOP('',(#6621,#6622,#6623,#6624));
#1435=EDGE_LOOP('',(#6625,#6626,#6627,#6628));
#1436=EDGE_LOOP('',(#6629,#6630,#6631,#6632));
#1437=EDGE_LOOP('',(#6633,#6634,#6635,#6636));
#1438=EDGE_LOOP('',(#6637,#6638,#6639,#6640));
#1439=EDGE_LOOP('',(#6641,#6642,#6643,#6644));
#1440=EDGE_LOOP('',(#6645,#6646,#6647,#6648));
#1441=EDGE_LOOP('',(#6649,#6650,#6651,#6652));
#1442=EDGE_LOOP('',(#6653,#6654,#6655,#6656));
#1443=EDGE_LOOP('',(#6657,#6658,#6659,#6660));
#1444=EDGE_LOOP('',(#6661,#6662,#6663,#6664));
#1445=EDGE_LOOP('',(#6665,#6666,#6667,#6668));
#1446=EDGE_LOOP('',(#6669,#6670,#6671,#6672));
#1447=EDGE_LOOP('',(#6673,#6674,#6675,#6676));
#1448=EDGE_LOOP('',(#6677,#6678,#6679,#6680));
#1449=EDGE_LOOP('',(#6681,#6682,#6683,#6684));
#1450=EDGE_LOOP('',(#6685,#6686,#6687,#6688));
#1451=EDGE_LOOP('',(#6689,#6690,#6691,#6692));
#1452=EDGE_LOOP('',(#6693,#6694,#6695,#6696));
#1453=EDGE_LOOP('',(#6697,#6698,#6699,#6700));
#1454=EDGE_LOOP('',(#6701,#6702,#6703,#6704));
#1455=EDGE_LOOP('',(#6705,#6706,#6707,#6708));
#1456=EDGE_LOOP('',(#6709,#6710,#6711,#6712));
#1457=EDGE_LOOP('',(#6713,#6714,#6715,#6716));
#1458=EDGE_LOOP('',(#6717,#6718,#6719,#6720));
#1459=EDGE_LOOP('',(#6721,#6722,#6723,#6724));
#1460=EDGE_LOOP('',(#6725,#6726,#6727,#6728));
#1461=EDGE_LOOP('',(#6729,#6730,#6731,#6732));
#1462=EDGE_LOOP('',(#6733,#6734,#6735,#6736));
#1463=EDGE_LOOP('',(#6737,#6738,#6739,#6740));
#1464=EDGE_LOOP('',(#6741,#6742,#6743,#6744));
#1465=EDGE_LOOP('',(#6745,#6746,#6747,#6748));
#1466=EDGE_LOOP('',(#6749,#6750,#6751,#6752));
#1467=EDGE_LOOP('',(#6753,#6754,#6755,#6756));
#1468=EDGE_LOOP('',(#6757,#6758,#6759,#6760));
#1469=EDGE_LOOP('',(#6761,#6762,#6763,#6764));
#1470=EDGE_LOOP('',(#6765,#6766,#6767,#6768));
#1471=EDGE_LOOP('',(#6769,#6770,#6771,#6772));
#1472=EDGE_LOOP('',(#6773,#6774,#6775,#6776));
#1473=EDGE_LOOP('',(#6777,#6778,#6779,#6780));
#1474=EDGE_LOOP('',(#6781,#6782,#6783,#6784));
#1475=EDGE_LOOP('',(#6785,#6786,#6787,#6788));
#1476=EDGE_LOOP('',(#6789,#6790,#6791,#6792));
#1477=EDGE_LOOP('',(#6793,#6794,#6795,#6796));
#1478=EDGE_LOOP('',(#6797,#6798,#6799,#6800));
#1479=EDGE_LOOP('',(#6801,#6802,#6803,#6804));
#1480=EDGE_LOOP('',(#6805,#6806,#6807,#6808));
#1481=EDGE_LOOP('',(#6809,#6810,#6811,#6812));
#1482=EDGE_LOOP('',(#6813,#6814,#6815,#6816));
#1483=EDGE_LOOP('',(#6817,#6818,#6819,#6820));
#1484=EDGE_LOOP('',(#6821,#6822,#6823,#6824));
#1485=EDGE_LOOP('',(#6825,#6826,#6827,#6828));
#1486=EDGE_LOOP('',(#6829,#6830,#6831,#6832));
#1487=EDGE_LOOP('',(#6833,#6834,#6835,#6836));
#1488=EDGE_LOOP('',(#6837,#6838,#6839,#6840));
#1489=EDGE_LOOP('',(#6841,#6842,#6843,#6844));
#1490=EDGE_LOOP('',(#6845,#6846,#6847,#6848));
#1491=EDGE_LOOP('',(#6849,#6850,#6851,#6852));
#1492=EDGE_LOOP('',(#6853,#6854,#6855,#6856));
#1493=EDGE_LOOP('',(#6857,#6858,#6859,#6860));
#1494=EDGE_LOOP('',(#6861,#6862,#6863,#6864));
#1495=EDGE_LOOP('',(#6865,#6866,#6867,#6868));
#1496=EDGE_LOOP('',(#6869,#6870,#6871,#6872));
#1497=EDGE_LOOP('',(#6873,#6874,#6875,#6876));
#1498=EDGE_LOOP('',(#6877,#6878,#6879,#6880));
#1499=EDGE_LOOP('',(#6881,#6882,#6883,#6884));
#1500=EDGE_LOOP('',(#6885,#6886,#6887,#6888));
#1501=EDGE_LOOP('',(#6889,#6890,#6891,#6892));
#1502=EDGE_LOOP('',(#6893,#6894,#6895,#6896));
#1503=EDGE_LOOP('',(#6897,#6898,#6899,#6900));
#1504=EDGE_LOOP('',(#6901,#6902,#6903,#6904));
#1505=EDGE_LOOP('',(#6905,#6906,#6907,#6908));
#1506=EDGE_LOOP('',(#6909,#6910,#6911,#6912));
#1507=EDGE_LOOP('',(#6913,#6914,#6915,#6916));
#1508=EDGE_LOOP('',(#6917,#6918,#6919,#6920));
#1509=EDGE_LOOP('',(#6921,#6922,#6923,#6924));
#1510=EDGE_LOOP('',(#6925,#6926,#6927,#6928));
#1511=EDGE_LOOP('',(#6929,#6930,#6931,#6932));
#1512=EDGE_LOOP('',(#6933,#6934,#6935,#6936));
#1513=EDGE_LOOP('',(#6937,#6938,#6939,#6940));
#1514=EDGE_LOOP('',(#6941,#6942,#6943,#6944));
#1515=EDGE_LOOP('',(#6945,#6946,#6947,#6948));
#1516=EDGE_LOOP('',(#6949,#6950,#6951,#6952));
#1517=EDGE_LOOP('',(#6953,#6954,#6955,#6956));
#1518=EDGE_LOOP('',(#6957,#6958,#6959,#6960));
#1519=EDGE_LOOP('',(#6961,#6962,#6963,#6964));
#1520=EDGE_LOOP('',(#6965,#6966,#6967,#6968));
#1521=EDGE_LOOP('',(#6969,#6970,#6971,#6972));
#1522=EDGE_LOOP('',(#6973,#6974,#6975,#6976));
#1523=EDGE_LOOP('',(#6977,#6978,#6979,#6980));
#1524=EDGE_LOOP('',(#6981,#6982,#6983,#6984));
#1525=EDGE_LOOP('',(#6985,#6986,#6987,#6988));
#1526=EDGE_LOOP('',(#6989,#6990,#6991,#6992));
#1527=EDGE_LOOP('',(#6993,#6994,#6995,#6996));
#1528=EDGE_LOOP('',(#6997,#6998,#6999,#7000));
#1529=EDGE_LOOP('',(#7001,#7002,#7003,#7004));
#1530=EDGE_LOOP('',(#7005,#7006,#7007,#7008));
#1531=EDGE_LOOP('',(#7009,#7010,#7011,#7012));
#1532=EDGE_LOOP('',(#7013,#7014,#7015,#7016));
#1533=EDGE_LOOP('',(#7017,#7018,#7019,#7020));
#1534=EDGE_LOOP('',(#7021,#7022,#7023,#7024));
#1535=EDGE_LOOP('',(#7025,#7026,#7027,#7028));
#1536=EDGE_LOOP('',(#7029,#7030,#7031,#7032));
#1537=EDGE_LOOP('',(#7033,#7034,#7035,#7036));
#1538=EDGE_LOOP('',(#7037,#7038,#7039,#7040));
#1539=EDGE_LOOP('',(#7041,#7042,#7043,#7044));
#1540=EDGE_LOOP('',(#7045,#7046,#7047,#7048));
#1541=EDGE_LOOP('',(#7049,#7050,#7051,#7052));
#1542=EDGE_LOOP('',(#7053,#7054,#7055,#7056));
#1543=EDGE_LOOP('',(#7057,#7058,#7059,#7060));
#1544=EDGE_LOOP('',(#7061,#7062,#7063,#7064));
#1545=EDGE_LOOP('',(#7065,#7066,#7067,#7068));
#1546=EDGE_LOOP('',(#7069,#7070,#7071,#7072));
#1547=EDGE_LOOP('',(#7073,#7074,#7075,#7076));
#1548=EDGE_LOOP('',(#7077,#7078,#7079,#7080));
#1549=EDGE_LOOP('',(#7081,#7082,#7083,#7084));
#1550=EDGE_LOOP('',(#7085,#7086,#7087,#7088));
#1551=EDGE_LOOP('',(#7089,#7090,#7091,#7092));
#1552=EDGE_LOOP('',(#7093,#7094,#7095,#7096));
#1553=EDGE_LOOP('',(#7097,#7098,#7099,#7100));
#1554=EDGE_LOOP('',(#7101,#7102,#7103,#7104,#7105,#7106,#7107,#7108,#7109,
#7110,#7111));
#1555=EDGE_LOOP('',(#7112,#7113,#7114,#7115,#7116,#7117,#7118,#7119,#7120,
#7121,#7122));
#1556=EDGE_LOOP('',(#7123,#7124,#7125,#7126));
#1557=EDGE_LOOP('',(#7127,#7128,#7129,#7130));
#1558=EDGE_LOOP('',(#7131,#7132,#7133,#7134));
#1559=EDGE_LOOP('',(#7135,#7136,#7137,#7138));
#1560=EDGE_LOOP('',(#7139,#7140,#7141,#7142));
#1561=EDGE_LOOP('',(#7143,#7144,#7145,#7146));
#1562=EDGE_LOOP('',(#7147,#7148,#7149,#7150));
#1563=EDGE_LOOP('',(#7151,#7152,#7153,#7154));
#1564=EDGE_LOOP('',(#7155,#7156,#7157,#7158));
#1565=EDGE_LOOP('',(#7159,#7160,#7161,#7162));
#1566=EDGE_LOOP('',(#7163,#7164,#7165,#7166,#7167,#7168));
#1567=EDGE_LOOP('',(#7169,#7170,#7171,#7172));
#1568=EDGE_LOOP('',(#7173,#7174,#7175,#7176,#7177,#7178));
#1569=EDGE_LOOP('',(#7179,#7180,#7181,#7182));
#1570=EDGE_LOOP('',(#7183,#7184,#7185,#7186));
#1571=EDGE_LOOP('',(#7187,#7188,#7189,#7190));
#1572=EDGE_LOOP('',(#7191,#7192,#7193,#7194));
#1573=EDGE_LOOP('',(#7195,#7196,#7197,#7198));
#1574=EDGE_LOOP('',(#7199,#7200,#7201,#7202));
#1575=EDGE_LOOP('',(#7203,#7204,#7205,#7206));
#1576=EDGE_LOOP('',(#7207,#7208,#7209,#7210));
#1577=EDGE_LOOP('',(#7211,#7212,#7213,#7214));
#1578=EDGE_LOOP('',(#7215,#7216,#7217,#7218));
#1579=EDGE_LOOP('',(#7219,#7220,#7221,#7222));
#1580=EDGE_LOOP('',(#7223,#7224,#7225,#7226));
#1581=EDGE_LOOP('',(#7227,#7228,#7229,#7230,#7231,#7232,#7233,#7234,#7235,
#7236,#7237));
#1582=EDGE_LOOP('',(#7238,#7239,#7240,#7241,#7242,#7243,#7244,#7245,#7246,
#7247,#7248));
#1583=EDGE_LOOP('',(#7249,#7250,#7251,#7252));
#1584=EDGE_LOOP('',(#7253,#7254,#7255,#7256));
#1585=EDGE_LOOP('',(#7257,#7258,#7259,#7260));
#1586=EDGE_LOOP('',(#7261,#7262,#7263,#7264));
#1587=EDGE_LOOP('',(#7265,#7266,#7267,#7268));
#1588=EDGE_LOOP('',(#7269,#7270,#7271,#7272));
#1589=EDGE_LOOP('',(#7273,#7274,#7275,#7276));
#1590=EDGE_LOOP('',(#7277,#7278,#7279,#7280));
#1591=EDGE_LOOP('',(#7281,#7282,#7283,#7284));
#1592=EDGE_LOOP('',(#7285,#7286,#7287,#7288));
#1593=EDGE_LOOP('',(#7289,#7290,#7291,#7292,#7293,#7294));
#1594=EDGE_LOOP('',(#7295,#7296,#7297,#7298));
#1595=EDGE_LOOP('',(#7299,#7300,#7301,#7302,#7303,#7304));
#1596=EDGE_LOOP('',(#7305,#7306,#7307,#7308));
#1597=EDGE_LOOP('',(#7309,#7310,#7311,#7312));
#1598=EDGE_LOOP('',(#7313,#7314,#7315,#7316));
#1599=EDGE_LOOP('',(#7317,#7318,#7319,#7320));
#1600=EDGE_LOOP('',(#7321,#7322,#7323,#7324));
#1601=EDGE_LOOP('',(#7325,#7326,#7327,#7328));
#1602=EDGE_LOOP('',(#7329,#7330,#7331,#7332));
#1603=EDGE_LOOP('',(#7333,#7334,#7335,#7336));
#1604=EDGE_LOOP('',(#7337,#7338,#7339,#7340));
#1605=EDGE_LOOP('',(#7341,#7342,#7343,#7344));
#1606=EDGE_LOOP('',(#7345,#7346,#7347,#7348));
#1607=EDGE_LOOP('',(#7349,#7350,#7351,#7352));
#1608=EDGE_LOOP('',(#7353,#7354,#7355,#7356));
#1609=EDGE_LOOP('',(#7357,#7358,#7359,#7360));
#1610=EDGE_LOOP('',(#7361,#7362,#7363,#7364));
#1611=EDGE_LOOP('',(#7365,#7366,#7367,#7368,#7369,#7370,#7371,#7372,#7373,
#7374));
#1612=EDGE_LOOP('',(#7375,#7376,#7377,#7378));
#1613=EDGE_LOOP('',(#7379,#7380,#7381,#7382,#7383,#7384,#7385,#7386,#7387,
#7388));
#1614=EDGE_LOOP('',(#7389,#7390,#7391,#7392));
#1615=EDGE_LOOP('',(#7393,#7394,#7395,#7396));
#1616=EDGE_LOOP('',(#7397,#7398,#7399,#7400));
#1617=EDGE_LOOP('',(#7401,#7402,#7403,#7404));
#1618=EDGE_LOOP('',(#7405,#7406,#7407,#7408));
#1619=EDGE_LOOP('',(#7409,#7410,#7411,#7412));
#1620=EDGE_LOOP('',(#7413,#7414,#7415,#7416));
#1621=EDGE_LOOP('',(#7417,#7418,#7419,#7420));
#1622=EDGE_LOOP('',(#7421,#7422,#7423,#7424));
#1623=EDGE_LOOP('',(#7425,#7426,#7427,#7428));
#1624=EDGE_LOOP('',(#7429,#7430,#7431,#7432));
#1625=EDGE_LOOP('',(#7433,#7434,#7435,#7436));
#1626=EDGE_LOOP('',(#7437,#7438,#7439,#7440));
#1627=EDGE_LOOP('',(#7441,#7442,#7443,#7444));
#1628=EDGE_LOOP('',(#7445,#7446,#7447,#7448));
#1629=EDGE_LOOP('',(#7449,#7450,#7451,#7452));
#1630=EDGE_LOOP('',(#7453,#7454,#7455,#7456));
#1631=EDGE_LOOP('',(#7457,#7458,#7459,#7460));
#1632=EDGE_LOOP('',(#7461,#7462,#7463,#7464));
#1633=EDGE_LOOP('',(#7465,#7466,#7467,#7468));
#1634=EDGE_LOOP('',(#7469,#7470,#7471,#7472));
#1635=EDGE_LOOP('',(#7473,#7474,#7475,#7476));
#1636=EDGE_LOOP('',(#7477,#7478,#7479,#7480));
#1637=EDGE_LOOP('',(#7481,#7482,#7483,#7484));
#1638=EDGE_LOOP('',(#7485,#7486,#7487,#7488));
#1639=EDGE_LOOP('',(#7489,#7490,#7491,#7492,#7493,#7494,#7495,#7496,#7497,
#7498,#7499,#7500,#7501,#7502,#7503,#7504,#7505,#7506));
#1640=EDGE_LOOP('',(#7507,#7508,#7509,#7510,#7511,#7512));
#1641=EDGE_LOOP('',(#7513,#7514,#7515,#7516,#7517,#7518,#7519,#7520,#7521,
#7522,#7523,#7524,#7525,#7526,#7527,#7528,#7529,#7530));
#1642=EDGE_LOOP('',(#7531,#7532,#7533,#7534,#7535,#7536));
#1643=EDGE_LOOP('',(#7537,#7538,#7539,#7540));
#1644=EDGE_LOOP('',(#7541,#7542,#7543,#7544));
#1645=EDGE_LOOP('',(#7545,#7546,#7547,#7548));
#1646=EDGE_LOOP('',(#7549,#7550,#7551,#7552));
#1647=EDGE_LOOP('',(#7553,#7554,#7555,#7556));
#1648=EDGE_LOOP('',(#7557,#7558,#7559,#7560));
#1649=EDGE_LOOP('',(#7561,#7562,#7563,#7564));
#1650=EDGE_LOOP('',(#7565,#7566,#7567,#7568));
#1651=EDGE_LOOP('',(#7569,#7570,#7571,#7572));
#1652=EDGE_LOOP('',(#7573,#7574,#7575,#7576));
#1653=EDGE_LOOP('',(#7577,#7578,#7579,#7580));
#1654=EDGE_LOOP('',(#7581,#7582,#7583,#7584));
#1655=EDGE_LOOP('',(#7585,#7586,#7587,#7588));
#1656=EDGE_LOOP('',(#7589,#7590,#7591,#7592));
#1657=EDGE_LOOP('',(#7593,#7594,#7595,#7596));
#1658=EDGE_LOOP('',(#7597,#7598,#7599,#7600));
#1659=EDGE_LOOP('',(#7601,#7602,#7603,#7604));
#1660=EDGE_LOOP('',(#7605,#7606,#7607,#7608,#7609,#7610,#7611,#7612,#7613,
#7614,#7615,#7616,#7617,#7618,#7619,#7620,#7621));
#1661=EDGE_LOOP('',(#7622,#7623,#7624,#7625,#7626,#7627,#7628,#7629,#7630,
#7631,#7632,#7633,#7634,#7635,#7636,#7637,#7638));
#1662=EDGE_LOOP('',(#7639,#7640,#7641,#7642));
#1663=EDGE_LOOP('',(#7643,#7644,#7645,#7646));
#1664=EDGE_LOOP('',(#7647,#7648,#7649,#7650));
#1665=EDGE_LOOP('',(#7651,#7652,#7653,#7654));
#1666=EDGE_LOOP('',(#7655,#7656,#7657,#7658));
#1667=EDGE_LOOP('',(#7659,#7660,#7661,#7662));
#1668=EDGE_LOOP('',(#7663,#7664,#7665,#7666));
#1669=EDGE_LOOP('',(#7667,#7668,#7669,#7670));
#1670=EDGE_LOOP('',(#7671,#7672,#7673,#7674));
#1671=EDGE_LOOP('',(#7675,#7676,#7677,#7678));
#1672=EDGE_LOOP('',(#7679,#7680,#7681,#7682));
#1673=EDGE_LOOP('',(#7683,#7684,#7685,#7686,#7687,#7688,#7689,#7690,#7691,
#7692,#7693));
#1674=EDGE_LOOP('',(#7694,#7695,#7696,#7697,#7698,#7699,#7700,#7701,#7702,
#7703,#7704));
#1675=EDGE_LOOP('',(#7705,#7706,#7707,#7708));
#1676=EDGE_LOOP('',(#7709,#7710,#7711,#7712));
#1677=EDGE_LOOP('',(#7713,#7714,#7715,#7716));
#1678=EDGE_LOOP('',(#7717,#7718,#7719,#7720));
#1679=EDGE_LOOP('',(#7721,#7722,#7723,#7724));
#1680=EDGE_LOOP('',(#7725,#7726,#7727,#7728));
#1681=EDGE_LOOP('',(#7729,#7730,#7731,#7732));
#1682=EDGE_LOOP('',(#7733,#7734,#7735,#7736));
#1683=EDGE_LOOP('',(#7737,#7738,#7739,#7740));
#1684=EDGE_LOOP('',(#7741,#7742,#7743,#7744));
#1685=EDGE_LOOP('',(#7745,#7746,#7747,#7748));
#1686=EDGE_LOOP('',(#7749,#7750,#7751,#7752));
#1687=EDGE_LOOP('',(#7753,#7754,#7755,#7756));
#1688=EDGE_LOOP('',(#7757,#7758,#7759,#7760));
#1689=EDGE_LOOP('',(#7761,#7762,#7763,#7764));
#1690=EDGE_LOOP('',(#7765,#7766,#7767,#7768));
#1691=EDGE_LOOP('',(#7769,#7770,#7771,#7772));
#1692=EDGE_LOOP('',(#7773,#7774,#7775,#7776));
#1693=EDGE_LOOP('',(#7777,#7778,#7779,#7780));
#1694=EDGE_LOOP('',(#7781,#7782,#7783,#7784));
#1695=EDGE_LOOP('',(#7785,#7786,#7787,#7788));
#1696=EDGE_LOOP('',(#7789,#7790,#7791,#7792));
#1697=EDGE_LOOP('',(#7793,#7794,#7795,#7796));
#1698=EDGE_LOOP('',(#7797,#7798,#7799,#7800));
#1699=EDGE_LOOP('',(#7801,#7802,#7803,#7804,#7805,#7806,#7807,#7808,#7809,
#7810,#7811,#7812));
#1700=EDGE_LOOP('',(#7813,#7814,#7815,#7816,#7817,#7818,#7819,#7820,#7821,
#7822,#7823,#7824));
#1701=EDGE_LOOP('',(#7825,#7826,#7827,#7828));
#1702=EDGE_LOOP('',(#7829,#7830,#7831,#7832));
#1703=EDGE_LOOP('',(#7833,#7834,#7835,#7836));
#1704=EDGE_LOOP('',(#7837,#7838,#7839,#7840));
#1705=EDGE_LOOP('',(#7841,#7842,#7843,#7844));
#1706=EDGE_LOOP('',(#7845,#7846,#7847,#7848));
#1707=EDGE_LOOP('',(#7849,#7850,#7851,#7852));
#1708=EDGE_LOOP('',(#7853,#7854,#7855,#7856));
#1709=EDGE_LOOP('',(#7857,#7858,#7859,#7860));
#1710=EDGE_LOOP('',(#7861,#7862,#7863,#7864));
#1711=EDGE_LOOP('',(#7865,#7866,#7867,#7868));
#1712=EDGE_LOOP('',(#7869,#7870,#7871,#7872));
#1713=EDGE_LOOP('',(#7873,#7874,#7875,#7876));
#1714=EDGE_LOOP('',(#7877,#7878,#7879,#7880));
#1715=EDGE_LOOP('',(#7881,#7882,#7883,#7884));
#1716=EDGE_LOOP('',(#7885,#7886,#7887,#7888));
#1717=EDGE_LOOP('',(#7889,#7890,#7891,#7892));
#1718=EDGE_LOOP('',(#7893,#7894,#7895,#7896));
#1719=EDGE_LOOP('',(#7897,#7898,#7899,#7900));
#1720=EDGE_LOOP('',(#7901,#7902,#7903,#7904,#7905,#7906,#7907,#7908,#7909,
#7910,#7911));
#1721=EDGE_LOOP('',(#7912,#7913,#7914,#7915));
#1722=EDGE_LOOP('',(#7916,#7917,#7918,#7919));
#1723=EDGE_LOOP('',(#7920,#7921,#7922,#7923,#7924,#7925,#7926,#7927,#7928,
#7929,#7930));
#1724=EDGE_LOOP('',(#7931,#7932,#7933,#7934));
#1725=EDGE_LOOP('',(#7935,#7936,#7937,#7938));
#1726=EDGE_LOOP('',(#7939,#7940,#7941,#7942));
#1727=EDGE_LOOP('',(#7943,#7944,#7945,#7946));
#1728=EDGE_LOOP('',(#7947,#7948,#7949,#7950));
#1729=EDGE_LOOP('',(#7951,#7952,#7953,#7954));
#1730=EDGE_LOOP('',(#7955,#7956,#7957,#7958));
#1731=EDGE_LOOP('',(#7959,#7960,#7961,#7962));
#1732=EDGE_LOOP('',(#7963,#7964,#7965,#7966));
#1733=EDGE_LOOP('',(#7967,#7968,#7969,#7970));
#1734=EDGE_LOOP('',(#7971,#7972,#7973,#7974));
#1735=EDGE_LOOP('',(#7975,#7976,#7977,#7978));
#1736=EDGE_LOOP('',(#7979,#7980,#7981,#7982,#7983,#7984));
#1737=EDGE_LOOP('',(#7985,#7986,#7987,#7988));
#1738=EDGE_LOOP('',(#7989,#7990,#7991,#7992,#7993,#7994));
#1739=EDGE_LOOP('',(#7995,#7996,#7997,#7998));
#1740=EDGE_LOOP('',(#7999,#8000,#8001,#8002));
#1741=EDGE_LOOP('',(#8003,#8004,#8005,#8006));
#1742=EDGE_LOOP('',(#8007,#8008,#8009,#8010));
#1743=EDGE_LOOP('',(#8011,#8012,#8013,#8014));
#1744=EDGE_LOOP('',(#8015,#8016,#8017,#8018));
#1745=EDGE_LOOP('',(#8019,#8020,#8021,#8022));
#1746=EDGE_LOOP('',(#8023,#8024,#8025,#8026));
#1747=EDGE_LOOP('',(#8027,#8028,#8029,#8030));
#1748=EDGE_LOOP('',(#8031,#8032,#8033,#8034));
#1749=EDGE_LOOP('',(#8035,#8036,#8037,#8038));
#1750=EDGE_LOOP('',(#8039,#8040,#8041,#8042));
#1751=EDGE_LOOP('',(#8043,#8044,#8045,#8046));
#1752=EDGE_LOOP('',(#8047,#8048,#8049,#8050));
#1753=EDGE_LOOP('',(#8051,#8052,#8053,#8054));
#1754=EDGE_LOOP('',(#8055,#8056,#8057,#8058));
#1755=EDGE_LOOP('',(#8059,#8060,#8061,#8062));
#1756=EDGE_LOOP('',(#8063,#8064,#8065,#8066));
#1757=EDGE_LOOP('',(#8067,#8068,#8069,#8070));
#1758=EDGE_LOOP('',(#8071,#8072,#8073,#8074));
#1759=EDGE_LOOP('',(#8075,#8076,#8077,#8078));
#1760=EDGE_LOOP('',(#8079,#8080,#8081,#8082));
#1761=EDGE_LOOP('',(#8083,#8084,#8085,#8086));
#1762=EDGE_LOOP('',(#8087,#8088,#8089,#8090));
#1763=EDGE_LOOP('',(#8091,#8092,#8093,#8094));
#1764=EDGE_LOOP('',(#8095,#8096,#8097,#8098));
#1765=EDGE_LOOP('',(#8099,#8100,#8101,#8102));
#1766=EDGE_LOOP('',(#8103,#8104,#8105,#8106));
#1767=EDGE_LOOP('',(#8107,#8108,#8109,#8110));
#1768=EDGE_LOOP('',(#8111,#8112,#8113,#8114));
#1769=EDGE_LOOP('',(#8115,#8116,#8117,#8118));
#1770=EDGE_LOOP('',(#8119,#8120,#8121,#8122));
#1771=EDGE_LOOP('',(#8123,#8124,#8125,#8126));
#1772=EDGE_LOOP('',(#8127,#8128,#8129,#8130,#8131,#8132,#8133,#8134,#8135,
#8136));
#1773=EDGE_LOOP('',(#8137,#8138,#8139,#8140,#8141));
#1774=EDGE_LOOP('',(#8142,#8143,#8144,#8145,#8146));
#1775=EDGE_LOOP('',(#8147,#8148,#8149,#8150,#8151,#8152,#8153,#8154,#8155,
#8156));
#1776=EDGE_LOOP('',(#8157,#8158,#8159,#8160,#8161));
#1777=EDGE_LOOP('',(#8162,#8163,#8164,#8165,#8166));
#1778=EDGE_LOOP('',(#8167));
#1779=EDGE_LOOP('',(#8168));
#1780=EDGE_LOOP('',(#8169));
#1781=EDGE_LOOP('',(#8170));
#1782=EDGE_LOOP('',(#8171,#8172,#8173,#8174));
#1783=EDGE_LOOP('',(#8175,#8176,#8177,#8178));
#1784=EDGE_LOOP('',(#8179,#8180,#8181,#8182));
#1785=EDGE_LOOP('',(#8183,#8184,#8185,#8186));
#1786=EDGE_LOOP('',(#8187,#8188,#8189,#8190));
#1787=EDGE_LOOP('',(#8191,#8192,#8193,#8194));
#1788=EDGE_LOOP('',(#8195,#8196,#8197,#8198));
#1789=EDGE_LOOP('',(#8199,#8200,#8201,#8202));
#1790=EDGE_LOOP('',(#8203,#8204,#8205,#8206));
#1791=EDGE_LOOP('',(#8207,#8208,#8209,#8210));
#1792=EDGE_LOOP('',(#8211,#8212,#8213,#8214,#8215,#8216,#8217,#8218,#8219,
#8220));
#1793=EDGE_LOOP('',(#8221,#8222,#8223,#8224,#8225,#8226,#8227,#8228,#8229,
#8230));
#1794=EDGE_LOOP('',(#8231,#8232,#8233,#8234));
#1795=EDGE_LOOP('',(#8235,#8236,#8237,#8238));
#1796=EDGE_LOOP('',(#8239,#8240,#8241,#8242));
#1797=EDGE_LOOP('',(#8243,#8244,#8245,#8246));
#1798=EDGE_LOOP('',(#8247,#8248,#8249,#8250));
#1799=EDGE_LOOP('',(#8251,#8252,#8253,#8254));
#1800=EDGE_LOOP('',(#8255,#8256,#8257,#8258));
#1801=EDGE_LOOP('',(#8259,#8260,#8261,#8262));
#1802=EDGE_LOOP('',(#8263,#8264,#8265,#8266));
#1803=EDGE_LOOP('',(#8267,#8268,#8269,#8270));
#1804=EDGE_LOOP('',(#8271,#8272,#8273,#8274));
#1805=EDGE_LOOP('',(#8275,#8276,#8277,#8278));
#1806=EDGE_LOOP('',(#8279,#8280,#8281,#8282));
#1807=EDGE_LOOP('',(#8283,#8284,#8285,#8286));
#1808=EDGE_LOOP('',(#8287,#8288,#8289,#8290));
#1809=EDGE_LOOP('',(#8291,#8292,#8293,#8294));
#1810=EDGE_LOOP('',(#8295,#8296,#8297,#8298,#8299,#8300,#8301,#8302,#8303,
#8304,#8305,#8306,#8307,#8308,#8309,#8310));
#1811=EDGE_LOOP('',(#8311,#8312,#8313,#8314,#8315,#8316,#8317,#8318,#8319,
#8320,#8321,#8322,#8323,#8324,#8325,#8326));
#1812=EDGE_LOOP('',(#8327,#8328,#8329,#8330));
#1813=EDGE_LOOP('',(#8331,#8332,#8333,#8334));
#1814=EDGE_LOOP('',(#8335,#8336,#8337,#8338));
#1815=EDGE_LOOP('',(#8339,#8340,#8341,#8342));
#1816=EDGE_LOOP('',(#8343,#8344,#8345,#8346));
#1817=EDGE_LOOP('',(#8347,#8348,#8349,#8350));
#1818=EDGE_LOOP('',(#8351,#8352,#8353,#8354));
#1819=EDGE_LOOP('',(#8355,#8356,#8357,#8358));
#1820=EDGE_LOOP('',(#8359,#8360,#8361,#8362));
#1821=EDGE_LOOP('',(#8363,#8364,#8365,#8366));
#1822=EDGE_LOOP('',(#8367,#8368,#8369,#8370));
#1823=EDGE_LOOP('',(#8371,#8372,#8373,#8374));
#1824=EDGE_LOOP('',(#8375,#8376,#8377,#8378));
#1825=EDGE_LOOP('',(#8379,#8380,#8381,#8382));
#1826=EDGE_LOOP('',(#8383,#8384,#8385,#8386));
#1827=EDGE_LOOP('',(#8387,#8388,#8389,#8390));
#1828=EDGE_LOOP('',(#8391,#8392,#8393,#8394));
#1829=EDGE_LOOP('',(#8395,#8396,#8397,#8398));
#1830=EDGE_LOOP('',(#8399,#8400,#8401,#8402));
#1831=EDGE_LOOP('',(#8403,#8404,#8405,#8406));
#1832=EDGE_LOOP('',(#8407,#8408,#8409,#8410));
#1833=EDGE_LOOP('',(#8411,#8412,#8413,#8414));
#1834=EDGE_LOOP('',(#8415,#8416,#8417,#8418));
#1835=EDGE_LOOP('',(#8419,#8420,#8421,#8422));
#1836=EDGE_LOOP('',(#8423,#8424,#8425,#8426,#8427,#8428,#8429,#8430,#8431,
#8432,#8433,#8434));
#1837=EDGE_LOOP('',(#8435,#8436,#8437,#8438,#8439,#8440,#8441,#8442,#8443,
#8444,#8445,#8446));
#1838=EDGE_LOOP('',(#8447,#8448,#8449,#8450));
#1839=EDGE_LOOP('',(#8451,#8452,#8453,#8454));
#1840=EDGE_LOOP('',(#8455,#8456,#8457,#8458));
#1841=EDGE_LOOP('',(#8459,#8460,#8461,#8462));
#1842=EDGE_LOOP('',(#8463,#8464,#8465,#8466));
#1843=EDGE_LOOP('',(#8467,#8468,#8469,#8470));
#1844=EDGE_LOOP('',(#8471,#8472,#8473,#8474));
#1845=EDGE_LOOP('',(#8475,#8476,#8477,#8478));
#1846=EDGE_LOOP('',(#8479,#8480,#8481,#8482));
#1847=EDGE_LOOP('',(#8483,#8484,#8485,#8486));
#1848=EDGE_LOOP('',(#8487,#8488,#8489,#8490));
#1849=EDGE_LOOP('',(#8491,#8492,#8493,#8494));
#1850=EDGE_LOOP('',(#8495,#8496,#8497,#8498));
#1851=EDGE_LOOP('',(#8499,#8500,#8501,#8502));
#1852=EDGE_LOOP('',(#8503,#8504,#8505,#8506));
#1853=EDGE_LOOP('',(#8507,#8508,#8509,#8510,#8511,#8512,#8513,#8514,#8515,
#8516,#8517));
#1854=EDGE_LOOP('',(#8518,#8519,#8520,#8521));
#1855=EDGE_LOOP('',(#8522,#8523,#8524,#8525,#8526,#8527,#8528,#8529,#8530,
#8531,#8532));
#1856=EDGE_LOOP('',(#8533,#8534,#8535,#8536));
#1857=EDGE_LOOP('',(#8537,#8538,#8539,#8540));
#1858=EDGE_LOOP('',(#8541,#8542,#8543,#8544));
#1859=EDGE_LOOP('',(#8545,#8546,#8547,#8548));
#1860=EDGE_LOOP('',(#8549,#8550,#8551,#8552));
#1861=EDGE_LOOP('',(#8553,#8554,#8555,#8556));
#1862=EDGE_LOOP('',(#8557,#8558,#8559,#8560));
#1863=EDGE_LOOP('',(#8561,#8562,#8563,#8564));
#1864=EDGE_LOOP('',(#8565,#8566,#8567,#8568));
#1865=EDGE_LOOP('',(#8569,#8570,#8571,#8572));
#1866=EDGE_LOOP('',(#8573,#8574,#8575,#8576));
#1867=EDGE_LOOP('',(#8577,#8578,#8579,#8580));
#1868=EDGE_LOOP('',(#8581,#8582,#8583,#8584));
#1869=EDGE_LOOP('',(#8585,#8586,#8587,#8588));
#1870=EDGE_LOOP('',(#8589,#8590,#8591,#8592));
#1871=EDGE_LOOP('',(#8593,#8594,#8595,#8596));
#1872=EDGE_LOOP('',(#8597,#8598,#8599,#8600));
#1873=EDGE_LOOP('',(#8601,#8602,#8603,#8604));
#1874=EDGE_LOOP('',(#8605,#8606,#8607,#8608));
#1875=EDGE_LOOP('',(#8609,#8610,#8611,#8612,#8613,#8614,#8615,#8616,#8617,
#8618,#8619,#8620,#8621,#8622,#8623,#8624,#8625,#8626));
#1876=EDGE_LOOP('',(#8627,#8628,#8629,#8630,#8631,#8632,#8633,#8634,#8635,
#8636,#8637,#8638,#8639,#8640,#8641,#8642,#8643,#8644));
#1877=EDGE_LOOP('',(#8645,#8646,#8647,#8648));
#1878=EDGE_LOOP('',(#8649,#8650,#8651,#8652));
#1879=EDGE_LOOP('',(#8653,#8654,#8655,#8656));
#1880=EDGE_LOOP('',(#8657,#8658,#8659,#8660));
#1881=EDGE_LOOP('',(#8661,#8662,#8663,#8664));
#1882=EDGE_LOOP('',(#8665,#8666,#8667,#8668));
#1883=EDGE_LOOP('',(#8669,#8670,#8671,#8672,#8673,#8674));
#1884=EDGE_LOOP('',(#8675,#8676,#8677,#8678,#8679,#8680));
#1885=EDGE_LOOP('',(#8681,#8682,#8683,#8684));
#1886=EDGE_LOOP('',(#8685,#8686,#8687,#8688));
#1887=EDGE_LOOP('',(#8689,#8690,#8691,#8692));
#1888=EDGE_LOOP('',(#8693,#8694,#8695,#8696));
#1889=EDGE_LOOP('',(#8697,#8698,#8699,#8700));
#1890=EDGE_LOOP('',(#8701,#8702,#8703,#8704));
#1891=EDGE_LOOP('',(#8705,#8706,#8707,#8708));
#1892=EDGE_LOOP('',(#8709,#8710,#8711,#8712));
#1893=EDGE_LOOP('',(#8713,#8714,#8715,#8716));
#1894=EDGE_LOOP('',(#8717,#8718,#8719,#8720));
#1895=EDGE_LOOP('',(#8721,#8722,#8723,#8724));
#1896=EDGE_LOOP('',(#8725,#8726,#8727,#8728));
#1897=EDGE_LOOP('',(#8729,#8730,#8731,#8732));
#1898=EDGE_LOOP('',(#8733,#8734,#8735,#8736));
#1899=EDGE_LOOP('',(#8737,#8738,#8739,#8740));
#1900=EDGE_LOOP('',(#8741,#8742,#8743,#8744));
#1901=EDGE_LOOP('',(#8745,#8746,#8747,#8748));
#1902=EDGE_LOOP('',(#8749,#8750,#8751,#8752));
#1903=EDGE_LOOP('',(#8753,#8754,#8755,#8756));
#1904=EDGE_LOOP('',(#8757,#8758,#8759,#8760));
#1905=EDGE_LOOP('',(#8761,#8762,#8763,#8764));
#1906=EDGE_LOOP('',(#8765,#8766,#8767,#8768));
#1907=EDGE_LOOP('',(#8769,#8770,#8771,#8772));
#1908=EDGE_LOOP('',(#8773,#8774,#8775,#8776));
#1909=EDGE_LOOP('',(#8777,#8778,#8779,#8780,#8781,#8782,#8783,#8784,#8785,
#8786,#8787,#8788,#8789,#8790,#8791,#8792,#8793,#8794));
#1910=EDGE_LOOP('',(#8795,#8796,#8797,#8798,#8799,#8800));
#1911=EDGE_LOOP('',(#8801,#8802,#8803,#8804,#8805,#8806,#8807,#8808,#8809,
#8810,#8811,#8812,#8813,#8814,#8815,#8816,#8817,#8818));
#1912=EDGE_LOOP('',(#8819,#8820,#8821,#8822,#8823,#8824));
#1913=EDGE_LOOP('',(#8825,#8826,#8827,#8828));
#1914=EDGE_LOOP('',(#8829,#8830,#8831,#8832));
#1915=EDGE_LOOP('',(#8833,#8834,#8835,#8836));
#1916=EDGE_LOOP('',(#8837,#8838,#8839,#8840));
#1917=EDGE_LOOP('',(#8841,#8842,#8843,#8844));
#1918=EDGE_LOOP('',(#8845,#8846,#8847,#8848));
#1919=EDGE_LOOP('',(#8849,#8850,#8851,#8852));
#1920=EDGE_LOOP('',(#8853,#8854,#8855,#8856));
#1921=EDGE_LOOP('',(#8857,#8858,#8859,#8860));
#1922=EDGE_LOOP('',(#8861,#8862,#8863,#8864));
#1923=EDGE_LOOP('',(#8865,#8866,#8867,#8868));
#1924=EDGE_LOOP('',(#8869,#8870,#8871,#8872));
#1925=EDGE_LOOP('',(#8873,#8874,#8875,#8876));
#1926=EDGE_LOOP('',(#8877,#8878,#8879,#8880));
#1927=EDGE_LOOP('',(#8881,#8882,#8883,#8884));
#1928=EDGE_LOOP('',(#8885,#8886,#8887,#8888));
#1929=EDGE_LOOP('',(#8889,#8890,#8891,#8892));
#1930=EDGE_LOOP('',(#8893,#8894,#8895,#8896,#8897,#8898,#8899,#8900,#8901,
#8902,#8903,#8904,#8905,#8906,#8907,#8908,#8909));
#1931=EDGE_LOOP('',(#8910,#8911,#8912,#8913,#8914,#8915,#8916,#8917,#8918,
#8919,#8920,#8921,#8922,#8923,#8924,#8925,#8926));
#1932=EDGE_LOOP('',(#8927,#8928,#8929,#8930));
#1933=EDGE_LOOP('',(#8931,#8932,#8933,#8934));
#1934=EDGE_LOOP('',(#8935,#8936,#8937,#8938));
#1935=EDGE_LOOP('',(#8939,#8940,#8941,#8942));
#1936=EDGE_LOOP('',(#8943,#8944,#8945,#8946));
#1937=EDGE_LOOP('',(#8947,#8948,#8949,#8950));
#1938=EDGE_LOOP('',(#8951,#8952,#8953,#8954));
#1939=EDGE_LOOP('',(#8955,#8956,#8957,#8958));
#1940=EDGE_LOOP('',(#8959,#8960,#8961,#8962));
#1941=EDGE_LOOP('',(#8963,#8964,#8965,#8966));
#1942=EDGE_LOOP('',(#8967,#8968,#8969,#8970));
#1943=EDGE_LOOP('',(#8971,#8972,#8973,#8974));
#1944=EDGE_LOOP('',(#8975,#8976,#8977,#8978));
#1945=EDGE_LOOP('',(#8979,#8980,#8981,#8982));
#1946=EDGE_LOOP('',(#8983,#8984,#8985,#8986));
#1947=EDGE_LOOP('',(#8987,#8988,#8989,#8990));
#1948=EDGE_LOOP('',(#8991,#8992,#8993,#8994));
#1949=EDGE_LOOP('',(#8995,#8996,#8997,#8998));
#1950=EDGE_LOOP('',(#8999,#9000,#9001,#9002));
#1951=EDGE_LOOP('',(#9003,#9004,#9005,#9006));
#1952=EDGE_LOOP('',(#9007,#9008,#9009,#9010));
#1953=EDGE_LOOP('',(#9011,#9012,#9013,#9014,#9015,#9016,#9017,#9018,#9019,
#9020,#9021));
#1954=EDGE_LOOP('',(#9022,#9023,#9024,#9025));
#1955=EDGE_LOOP('',(#9026,#9027,#9028,#9029,#9030,#9031,#9032,#9033,#9034,
#9035,#9036));
#1956=EDGE_LOOP('',(#9037,#9038,#9039,#9040));
#1957=EDGE_LOOP('',(#9041,#9042,#9043,#9044));
#1958=EDGE_LOOP('',(#9045,#9046,#9047,#9048));
#1959=EDGE_LOOP('',(#9049,#9050,#9051,#9052));
#1960=EDGE_LOOP('',(#9053,#9054,#9055,#9056));
#1961=EDGE_LOOP('',(#9057,#9058,#9059,#9060));
#1962=EDGE_LOOP('',(#9061,#9062,#9063,#9064));
#1963=EDGE_LOOP('',(#9065,#9066,#9067,#9068));
#1964=EDGE_LOOP('',(#9069,#9070,#9071,#9072));
#1965=EDGE_LOOP('',(#9073,#9074,#9075,#9076));
#1966=EDGE_LOOP('',(#9077,#9078,#9079,#9080));
#1967=EDGE_LOOP('',(#9081,#9082,#9083,#9084));
#1968=EDGE_LOOP('',(#9085,#9086,#9087,#9088));
#1969=EDGE_LOOP('',(#9089,#9090,#9091,#9092));
#1970=EDGE_LOOP('',(#9093,#9094,#9095,#9096));
#1971=EDGE_LOOP('',(#9097,#9098,#9099,#9100));
#1972=EDGE_LOOP('',(#9101,#9102,#9103,#9104));
#1973=EDGE_LOOP('',(#9105,#9106,#9107,#9108));
#1974=EDGE_LOOP('',(#9109,#9110,#9111,#9112));
#1975=EDGE_LOOP('',(#9113,#9114,#9115,#9116,#9117,#9118,#9119,#9120,#9121,
#9122,#9123,#9124,#9125,#9126,#9127,#9128,#9129,#9130));
#1976=EDGE_LOOP('',(#9131,#9132,#9133,#9134,#9135,#9136,#9137,#9138,#9139,
#9140,#9141,#9142,#9143,#9144,#9145,#9146,#9147,#9148));
#1977=LINE('',#13082,#2963);
#1978=LINE('',#13084,#2964);
#1979=LINE('',#13086,#2965);
#1980=LINE('',#13087,#2966);
#1981=LINE('',#13090,#2967);
#1982=LINE('',#13092,#2968);
#1983=LINE('',#13093,#2969);
#1984=LINE('',#13096,#2970);
#1985=LINE('',#13098,#2971);
#1986=LINE('',#13099,#2972);
#1987=LINE('',#13101,#2973);
#1988=LINE('',#13102,#2974);
#1989=LINE('',#13108,#2975);
#1990=LINE('',#13110,#2976);
#1991=LINE('',#13112,#2977);
#1992=LINE('',#13113,#2978);
#1993=LINE('',#13116,#2979);
#1994=LINE('',#13118,#2980);
#1995=LINE('',#13119,#2981);
#1996=LINE('',#13122,#2982);
#1997=LINE('',#13124,#2983);
#1998=LINE('',#13125,#2984);
#1999=LINE('',#13127,#2985);
#2000=LINE('',#13128,#2986);
#2001=LINE('',#13135,#2987);
#2002=LINE('',#13137,#2988);
#2003=LINE('',#13139,#2989);
#2004=LINE('',#13140,#2990);
#2005=LINE('',#13143,#2991);
#2006=LINE('',#13145,#2992);
#2007=LINE('',#13146,#2993);
#2008=LINE('',#13149,#2994);
#2009=LINE('',#13151,#2995);
#2010=LINE('',#13152,#2996);
#2011=LINE('',#13154,#2997);
#2012=LINE('',#13155,#2998);
#2013=LINE('',#13161,#2999);
#2014=LINE('',#13163,#3000);
#2015=LINE('',#13165,#3001);
#2016=LINE('',#13166,#3002);
#2017=LINE('',#13169,#3003);
#2018=LINE('',#13171,#3004);
#2019=LINE('',#13172,#3005);
#2020=LINE('',#13175,#3006);
#2021=LINE('',#13177,#3007);
#2022=LINE('',#13178,#3008);
#2023=LINE('',#13180,#3009);
#2024=LINE('',#13181,#3010);
#2025=LINE('',#13187,#3011);
#2026=LINE('',#13189,#3012);
#2027=LINE('',#13191,#3013);
#2028=LINE('',#13192,#3014);
#2029=LINE('',#13195,#3015);
#2030=LINE('',#13197,#3016);
#2031=LINE('',#13198,#3017);
#2032=LINE('',#13201,#3018);
#2033=LINE('',#13203,#3019);
#2034=LINE('',#13204,#3020);
#2035=LINE('',#13206,#3021);
#2036=LINE('',#13207,#3022);
#2037=LINE('',#13213,#3023);
#2038=LINE('',#13215,#3024);
#2039=LINE('',#13217,#3025);
#2040=LINE('',#13218,#3026);
#2041=LINE('',#13221,#3027);
#2042=LINE('',#13223,#3028);
#2043=LINE('',#13224,#3029);
#2044=LINE('',#13227,#3030);
#2045=LINE('',#13229,#3031);
#2046=LINE('',#13230,#3032);
#2047=LINE('',#13232,#3033);
#2048=LINE('',#13233,#3034);
#2049=LINE('',#13239,#3035);
#2050=LINE('',#13241,#3036);
#2051=LINE('',#13243,#3037);
#2052=LINE('',#13244,#3038);
#2053=LINE('',#13247,#3039);
#2054=LINE('',#13249,#3040);
#2055=LINE('',#13250,#3041);
#2056=LINE('',#13253,#3042);
#2057=LINE('',#13255,#3043);
#2058=LINE('',#13256,#3044);
#2059=LINE('',#13258,#3045);
#2060=LINE('',#13259,#3046);
#2061=LINE('',#13265,#3047);
#2062=LINE('',#13267,#3048);
#2063=LINE('',#13269,#3049);
#2064=LINE('',#13270,#3050);
#2065=LINE('',#13273,#3051);
#2066=LINE('',#13275,#3052);
#2067=LINE('',#13276,#3053);
#2068=LINE('',#13279,#3054);
#2069=LINE('',#13281,#3055);
#2070=LINE('',#13282,#3056);
#2071=LINE('',#13284,#3057);
#2072=LINE('',#13285,#3058);
#2073=LINE('',#13291,#3059);
#2074=LINE('',#13293,#3060);
#2075=LINE('',#13295,#3061);
#2076=LINE('',#13296,#3062);
#2077=LINE('',#13299,#3063);
#2078=LINE('',#13301,#3064);
#2079=LINE('',#13302,#3065);
#2080=LINE('',#13305,#3066);
#2081=LINE('',#13307,#3067);
#2082=LINE('',#13308,#3068);
#2083=LINE('',#13310,#3069);
#2084=LINE('',#13311,#3070);
#2085=LINE('',#13317,#3071);
#2086=LINE('',#13319,#3072);
#2087=LINE('',#13321,#3073);
#2088=LINE('',#13322,#3074);
#2089=LINE('',#13325,#3075);
#2090=LINE('',#13327,#3076);
#2091=LINE('',#13328,#3077);
#2092=LINE('',#13331,#3078);
#2093=LINE('',#13333,#3079);
#2094=LINE('',#13334,#3080);
#2095=LINE('',#13336,#3081);
#2096=LINE('',#13337,#3082);
#2097=LINE('',#13343,#3083);
#2098=LINE('',#13345,#3084);
#2099=LINE('',#13347,#3085);
#2100=LINE('',#13348,#3086);
#2101=LINE('',#13351,#3087);
#2102=LINE('',#13353,#3088);
#2103=LINE('',#13354,#3089);
#2104=LINE('',#13357,#3090);
#2105=LINE('',#13359,#3091);
#2106=LINE('',#13360,#3092);
#2107=LINE('',#13362,#3093);
#2108=LINE('',#13363,#3094);
#2109=LINE('',#13369,#3095);
#2110=LINE('',#13371,#3096);
#2111=LINE('',#13373,#3097);
#2112=LINE('',#13374,#3098);
#2113=LINE('',#13377,#3099);
#2114=LINE('',#13379,#3100);
#2115=LINE('',#13380,#3101);
#2116=LINE('',#13383,#3102);
#2117=LINE('',#13385,#3103);
#2118=LINE('',#13386,#3104);
#2119=LINE('',#13388,#3105);
#2120=LINE('',#13389,#3106);
#2121=LINE('',#13395,#3107);
#2122=LINE('',#13397,#3108);
#2123=LINE('',#13399,#3109);
#2124=LINE('',#13400,#3110);
#2125=LINE('',#13403,#3111);
#2126=LINE('',#13405,#3112);
#2127=LINE('',#13406,#3113);
#2128=LINE('',#13409,#3114);
#2129=LINE('',#13411,#3115);
#2130=LINE('',#13412,#3116);
#2131=LINE('',#13414,#3117);
#2132=LINE('',#13415,#3118);
#2133=LINE('',#13421,#3119);
#2134=LINE('',#13423,#3120);
#2135=LINE('',#13425,#3121);
#2136=LINE('',#13426,#3122);
#2137=LINE('',#13429,#3123);
#2138=LINE('',#13431,#3124);
#2139=LINE('',#13432,#3125);
#2140=LINE('',#13435,#3126);
#2141=LINE('',#13437,#3127);
#2142=LINE('',#13438,#3128);
#2143=LINE('',#13440,#3129);
#2144=LINE('',#13441,#3130);
#2145=LINE('',#13447,#3131);
#2146=LINE('',#13449,#3132);
#2147=LINE('',#13451,#3133);
#2148=LINE('',#13452,#3134);
#2149=LINE('',#13455,#3135);
#2150=LINE('',#13457,#3136);
#2151=LINE('',#13458,#3137);
#2152=LINE('',#13461,#3138);
#2153=LINE('',#13463,#3139);
#2154=LINE('',#13464,#3140);
#2155=LINE('',#13466,#3141);
#2156=LINE('',#13467,#3142);
#2157=LINE('',#13473,#3143);
#2158=LINE('',#13475,#3144);
#2159=LINE('',#13477,#3145);
#2160=LINE('',#13478,#3146);
#2161=LINE('',#13481,#3147);
#2162=LINE('',#13483,#3148);
#2163=LINE('',#13484,#3149);
#2164=LINE('',#13487,#3150);
#2165=LINE('',#13489,#3151);
#2166=LINE('',#13490,#3152);
#2167=LINE('',#13492,#3153);
#2168=LINE('',#13493,#3154);
#2169=LINE('',#13499,#3155);
#2170=LINE('',#13501,#3156);
#2171=LINE('',#13503,#3157);
#2172=LINE('',#13504,#3158);
#2173=LINE('',#13507,#3159);
#2174=LINE('',#13509,#3160);
#2175=LINE('',#13510,#3161);
#2176=LINE('',#13513,#3162);
#2177=LINE('',#13515,#3163);
#2178=LINE('',#13516,#3164);
#2179=LINE('',#13518,#3165);
#2180=LINE('',#13519,#3166);
#2181=LINE('',#13525,#3167);
#2182=LINE('',#13527,#3168);
#2183=LINE('',#13529,#3169);
#2184=LINE('',#13530,#3170);
#2185=LINE('',#13533,#3171);
#2186=LINE('',#13535,#3172);
#2187=LINE('',#13536,#3173);
#2188=LINE('',#13539,#3174);
#2189=LINE('',#13541,#3175);
#2190=LINE('',#13542,#3176);
#2191=LINE('',#13544,#3177);
#2192=LINE('',#13545,#3178);
#2193=LINE('',#13551,#3179);
#2194=LINE('',#13553,#3180);
#2195=LINE('',#13555,#3181);
#2196=LINE('',#13556,#3182);
#2197=LINE('',#13559,#3183);
#2198=LINE('',#13561,#3184);
#2199=LINE('',#13562,#3185);
#2200=LINE('',#13565,#3186);
#2201=LINE('',#13567,#3187);
#2202=LINE('',#13568,#3188);
#2203=LINE('',#13570,#3189);
#2204=LINE('',#13571,#3190);
#2205=LINE('',#13577,#3191);
#2206=LINE('',#13579,#3192);
#2207=LINE('',#13581,#3193);
#2208=LINE('',#13582,#3194);
#2209=LINE('',#13585,#3195);
#2210=LINE('',#13587,#3196);
#2211=LINE('',#13588,#3197);
#2212=LINE('',#13591,#3198);
#2213=LINE('',#13593,#3199);
#2214=LINE('',#13594,#3200);
#2215=LINE('',#13596,#3201);
#2216=LINE('',#13597,#3202);
#2217=LINE('',#13603,#3203);
#2218=LINE('',#13605,#3204);
#2219=LINE('',#13607,#3205);
#2220=LINE('',#13608,#3206);
#2221=LINE('',#13611,#3207);
#2222=LINE('',#13613,#3208);
#2223=LINE('',#13614,#3209);
#2224=LINE('',#13617,#3210);
#2225=LINE('',#13619,#3211);
#2226=LINE('',#13620,#3212);
#2227=LINE('',#13622,#3213);
#2228=LINE('',#13623,#3214);
#2229=LINE('',#13629,#3215);
#2230=LINE('',#13631,#3216);
#2231=LINE('',#13633,#3217);
#2232=LINE('',#13634,#3218);
#2233=LINE('',#13637,#3219);
#2234=LINE('',#13639,#3220);
#2235=LINE('',#13640,#3221);
#2236=LINE('',#13643,#3222);
#2237=LINE('',#13645,#3223);
#2238=LINE('',#13646,#3224);
#2239=LINE('',#13648,#3225);
#2240=LINE('',#13649,#3226);
#2241=LINE('',#13655,#3227);
#2242=LINE('',#13657,#3228);
#2243=LINE('',#13659,#3229);
#2244=LINE('',#13660,#3230);
#2245=LINE('',#13663,#3231);
#2246=LINE('',#13665,#3232);
#2247=LINE('',#13666,#3233);
#2248=LINE('',#13669,#3234);
#2249=LINE('',#13671,#3235);
#2250=LINE('',#13672,#3236);
#2251=LINE('',#13674,#3237);
#2252=LINE('',#13675,#3238);
#2253=LINE('',#13681,#3239);
#2254=LINE('',#13683,#3240);
#2255=LINE('',#13685,#3241);
#2256=LINE('',#13686,#3242);
#2257=LINE('',#13689,#3243);
#2258=LINE('',#13691,#3244);
#2259=LINE('',#13692,#3245);
#2260=LINE('',#13695,#3246);
#2261=LINE('',#13697,#3247);
#2262=LINE('',#13698,#3248);
#2263=LINE('',#13700,#3249);
#2264=LINE('',#13701,#3250);
#2265=LINE('',#13707,#3251);
#2266=LINE('',#13709,#3252);
#2267=LINE('',#13711,#3253);
#2268=LINE('',#13712,#3254);
#2269=LINE('',#13715,#3255);
#2270=LINE('',#13717,#3256);
#2271=LINE('',#13718,#3257);
#2272=LINE('',#13721,#3258);
#2273=LINE('',#13723,#3259);
#2274=LINE('',#13724,#3260);
#2275=LINE('',#13726,#3261);
#2276=LINE('',#13727,#3262);
#2277=LINE('',#13733,#3263);
#2278=LINE('',#13735,#3264);
#2279=LINE('',#13737,#3265);
#2280=LINE('',#13738,#3266);
#2281=LINE('',#13741,#3267);
#2282=LINE('',#13743,#3268);
#2283=LINE('',#13744,#3269);
#2284=LINE('',#13747,#3270);
#2285=LINE('',#13749,#3271);
#2286=LINE('',#13750,#3272);
#2287=LINE('',#13752,#3273);
#2288=LINE('',#13753,#3274);
#2289=LINE('',#13759,#3275);
#2290=LINE('',#13761,#3276);
#2291=LINE('',#13763,#3277);
#2292=LINE('',#13764,#3278);
#2293=LINE('',#13767,#3279);
#2294=LINE('',#13769,#3280);
#2295=LINE('',#13770,#3281);
#2296=LINE('',#13773,#3282);
#2297=LINE('',#13775,#3283);
#2298=LINE('',#13776,#3284);
#2299=LINE('',#13778,#3285);
#2300=LINE('',#13779,#3286);
#2301=LINE('',#13785,#3287);
#2302=LINE('',#13787,#3288);
#2303=LINE('',#13789,#3289);
#2304=LINE('',#13790,#3290);
#2305=LINE('',#13793,#3291);
#2306=LINE('',#13795,#3292);
#2307=LINE('',#13796,#3293);
#2308=LINE('',#13799,#3294);
#2309=LINE('',#13801,#3295);
#2310=LINE('',#13802,#3296);
#2311=LINE('',#13804,#3297);
#2312=LINE('',#13805,#3298);
#2313=LINE('',#13811,#3299);
#2314=LINE('',#13813,#3300);
#2315=LINE('',#13815,#3301);
#2316=LINE('',#13816,#3302);
#2317=LINE('',#13819,#3303);
#2318=LINE('',#13821,#3304);
#2319=LINE('',#13822,#3305);
#2320=LINE('',#13825,#3306);
#2321=LINE('',#13827,#3307);
#2322=LINE('',#13828,#3308);
#2323=LINE('',#13830,#3309);
#2324=LINE('',#13831,#3310);
#2325=LINE('',#13837,#3311);
#2326=LINE('',#13839,#3312);
#2327=LINE('',#13841,#3313);
#2328=LINE('',#13842,#3314);
#2329=LINE('',#13845,#3315);
#2330=LINE('',#13847,#3316);
#2331=LINE('',#13848,#3317);
#2332=LINE('',#13851,#3318);
#2333=LINE('',#13853,#3319);
#2334=LINE('',#13854,#3320);
#2335=LINE('',#13856,#3321);
#2336=LINE('',#13857,#3322);
#2337=LINE('',#13864,#3323);
#2338=LINE('',#13866,#3324);
#2339=LINE('',#13868,#3325);
#2340=LINE('',#13869,#3326);
#2341=LINE('',#13872,#3327);
#2342=LINE('',#13874,#3328);
#2343=LINE('',#13875,#3329);
#2344=LINE('',#13878,#3330);
#2345=LINE('',#13880,#3331);
#2346=LINE('',#13881,#3332);
#2347=LINE('',#13883,#3333);
#2348=LINE('',#13884,#3334);
#2349=LINE('',#13890,#3335);
#2350=LINE('',#13892,#3336);
#2351=LINE('',#13894,#3337);
#2352=LINE('',#13895,#3338);
#2353=LINE('',#13914,#3339);
#2354=LINE('',#13929,#3340);
#2355=LINE('',#13932,#3341);
#2356=LINE('',#13934,#3342);
#2357=LINE('',#13935,#3343);
#2358=LINE('',#13950,#3344);
#2359=LINE('',#13965,#3345);
#2360=LINE('',#13980,#3346);
#2361=LINE('',#13983,#3347);
#2362=LINE('',#13985,#3348);
#2363=LINE('',#13986,#3349);
#2364=LINE('',#13989,#3350);
#2365=LINE('',#13991,#3351);
#2366=LINE('',#13992,#3352);
#2367=LINE('',#13995,#3353);
#2368=LINE('',#13997,#3354);
#2369=LINE('',#13998,#3355);
#2370=LINE('',#14000,#3356);
#2371=LINE('',#14001,#3357);
#2372=LINE('',#14019,#3358);
#2373=LINE('',#14025,#3359);
#2374=LINE('',#14040,#3360);
#2375=LINE('',#14059,#3361);
#2376=LINE('',#14092,#3362);
#2377=LINE('',#14097,#3363);
#2378=LINE('',#14112,#3364);
#2379=LINE('',#14131,#3365);
#2380=LINE('',#14146,#3366);
#2381=LINE('',#14161,#3367);
#2382=LINE('',#14183,#3368);
#2383=LINE('',#14185,#3369);
#2384=LINE('',#14187,#3370);
#2385=LINE('',#14188,#3371);
#2386=LINE('',#14207,#3372);
#2387=LINE('',#14222,#3373);
#2388=LINE('',#14225,#3374);
#2389=LINE('',#14227,#3375);
#2390=LINE('',#14228,#3376);
#2391=LINE('',#14243,#3377);
#2392=LINE('',#14258,#3378);
#2393=LINE('',#14273,#3379);
#2394=LINE('',#14276,#3380);
#2395=LINE('',#14278,#3381);
#2396=LINE('',#14279,#3382);
#2397=LINE('',#14282,#3383);
#2398=LINE('',#14284,#3384);
#2399=LINE('',#14285,#3385);
#2400=LINE('',#14288,#3386);
#2401=LINE('',#14290,#3387);
#2402=LINE('',#14291,#3388);
#2403=LINE('',#14293,#3389);
#2404=LINE('',#14294,#3390);
#2405=LINE('',#14312,#3391);
#2406=LINE('',#14318,#3392);
#2407=LINE('',#14333,#3393);
#2408=LINE('',#14352,#3394);
#2409=LINE('',#14385,#3395);
#2410=LINE('',#14390,#3396);
#2411=LINE('',#14405,#3397);
#2412=LINE('',#14424,#3398);
#2413=LINE('',#14439,#3399);
#2414=LINE('',#14454,#3400);
#2415=LINE('',#14488,#3401);
#2416=LINE('',#14494,#3402);
#2417=LINE('',#14509,#3403);
#2418=LINE('',#14528,#3404);
#2419=LINE('',#14552,#3405);
#2420=LINE('',#14554,#3406);
#2421=LINE('',#14556,#3407);
#2422=LINE('',#14557,#3408);
#2423=LINE('',#14576,#3409);
#2424=LINE('',#14595,#3410);
#2425=LINE('',#14618,#3411);
#2426=LINE('',#14633,#3412);
#2427=LINE('',#14648,#3413);
#2428=LINE('',#14651,#3414);
#2429=LINE('',#14653,#3415);
#2430=LINE('',#14654,#3416);
#2431=LINE('',#14657,#3417);
#2432=LINE('',#14659,#3418);
#2433=LINE('',#14660,#3419);
#2434=LINE('',#14663,#3420);
#2435=LINE('',#14665,#3421);
#2436=LINE('',#14666,#3422);
#2437=LINE('',#14668,#3423);
#2438=LINE('',#14669,#3424);
#2439=LINE('',#14675,#3425);
#2440=LINE('',#14677,#3426);
#2441=LINE('',#14679,#3427);
#2442=LINE('',#14680,#3428);
#2443=LINE('',#14698,#3429);
#2444=LINE('',#14718,#3430);
#2445=LINE('',#14734,#3431);
#2446=LINE('',#14749,#3432);
#2447=LINE('',#14780,#3433);
#2448=LINE('',#14786,#3434);
#2449=LINE('',#14802,#3435);
#2450=LINE('',#14821,#3436);
#2451=LINE('',#14840,#3437);
#2452=LINE('',#14843,#3438);
#2453=LINE('',#14845,#3439);
#2454=LINE('',#14846,#3440);
#2455=LINE('',#14865,#3441);
#2456=LINE('',#14868,#3442);
#2457=LINE('',#14870,#3443);
#2458=LINE('',#14871,#3444);
#2459=LINE('',#14890,#3445);
#2460=LINE('',#14905,#3446);
#2461=LINE('',#14920,#3447);
#2462=LINE('',#14939,#3448);
#2463=LINE('',#14954,#3449);
#2464=LINE('',#14969,#3450);
#2465=LINE('',#14988,#3451);
#2466=LINE('',#15007,#3452);
#2467=LINE('',#15022,#3453);
#2468=LINE('',#15037,#3454);
#2469=LINE('',#15039,#3455);
#2470=LINE('',#15040,#3456);
#2471=LINE('',#15046,#3457);
#2472=LINE('',#15048,#3458);
#2473=LINE('',#15050,#3459);
#2474=LINE('',#15051,#3460);
#2475=LINE('',#15054,#3461);
#2476=LINE('',#15056,#3462);
#2477=LINE('',#15057,#3463);
#2478=LINE('',#15060,#3464);
#2479=LINE('',#15062,#3465);
#2480=LINE('',#15063,#3466);
#2481=LINE('',#15066,#3467);
#2482=LINE('',#15068,#3468);
#2483=LINE('',#15069,#3469);
#2484=LINE('',#15084,#3470);
#2485=LINE('',#15099,#3471);
#2486=LINE('',#15114,#3472);
#2487=LINE('',#15117,#3473);
#2488=LINE('',#15119,#3474);
#2489=LINE('',#15120,#3475);
#2490=LINE('',#15135,#3476);
#2491=LINE('',#15158,#3477);
#2492=LINE('',#15161,#3478);
#2493=LINE('',#15163,#3479);
#2494=LINE('',#15164,#3480);
#2495=LINE('',#15167,#3481);
#2496=LINE('',#15169,#3482);
#2497=LINE('',#15170,#3483);
#2498=LINE('',#15173,#3484);
#2499=LINE('',#15175,#3485);
#2500=LINE('',#15176,#3486);
#2501=LINE('',#15179,#3487);
#2502=LINE('',#15181,#3488);
#2503=LINE('',#15182,#3489);
#2504=LINE('',#15185,#3490);
#2505=LINE('',#15187,#3491);
#2506=LINE('',#15188,#3492);
#2507=LINE('',#15191,#3493);
#2508=LINE('',#15193,#3494);
#2509=LINE('',#15194,#3495);
#2510=LINE('',#15196,#3496);
#2511=LINE('',#15197,#3497);
#2512=LINE('',#15203,#3498);
#2513=LINE('',#15205,#3499);
#2514=LINE('',#15207,#3500);
#2515=LINE('',#15208,#3501);
#2516=LINE('',#15227,#3502);
#2517=LINE('',#15242,#3503);
#2518=LINE('',#15245,#3504);
#2519=LINE('',#15247,#3505);
#2520=LINE('',#15248,#3506);
#2521=LINE('',#15263,#3507);
#2522=LINE('',#15278,#3508);
#2523=LINE('',#15293,#3509);
#2524=LINE('',#15296,#3510);
#2525=LINE('',#15298,#3511);
#2526=LINE('',#15299,#3512);
#2527=LINE('',#15302,#3513);
#2528=LINE('',#15304,#3514);
#2529=LINE('',#15305,#3515);
#2530=LINE('',#15308,#3516);
#2531=LINE('',#15310,#3517);
#2532=LINE('',#15311,#3518);
#2533=LINE('',#15313,#3519);
#2534=LINE('',#15314,#3520);
#2535=LINE('',#15320,#3521);
#2536=LINE('',#15322,#3522);
#2537=LINE('',#15324,#3523);
#2538=LINE('',#15325,#3524);
#2539=LINE('',#15328,#3525);
#2540=LINE('',#15330,#3526);
#2541=LINE('',#15331,#3527);
#2542=LINE('',#15334,#3528);
#2543=LINE('',#15336,#3529);
#2544=LINE('',#15337,#3530);
#2545=LINE('',#15339,#3531);
#2546=LINE('',#15340,#3532);
#2547=LINE('',#15346,#3533);
#2548=LINE('',#15348,#3534);
#2549=LINE('',#15350,#3535);
#2550=LINE('',#15351,#3536);
#2551=LINE('',#15354,#3537);
#2552=LINE('',#15356,#3538);
#2553=LINE('',#15357,#3539);
#2554=LINE('',#15360,#3540);
#2555=LINE('',#15362,#3541);
#2556=LINE('',#15363,#3542);
#2557=LINE('',#15365,#3543);
#2558=LINE('',#15366,#3544);
#2559=LINE('',#15372,#3545);
#2560=LINE('',#15374,#3546);
#2561=LINE('',#15376,#3547);
#2562=LINE('',#15377,#3548);
#2563=LINE('',#15380,#3549);
#2564=LINE('',#15382,#3550);
#2565=LINE('',#15383,#3551);
#2566=LINE('',#15386,#3552);
#2567=LINE('',#15388,#3553);
#2568=LINE('',#15389,#3554);
#2569=LINE('',#15392,#3555);
#2570=LINE('',#15394,#3556);
#2571=LINE('',#15395,#3557);
#2572=LINE('',#15398,#3558);
#2573=LINE('',#15400,#3559);
#2574=LINE('',#15401,#3560);
#2575=LINE('',#15404,#3561);
#2576=LINE('',#15406,#3562);
#2577=LINE('',#15407,#3563);
#2578=LINE('',#15410,#3564);
#2579=LINE('',#15412,#3565);
#2580=LINE('',#15413,#3566);
#2581=LINE('',#15416,#3567);
#2582=LINE('',#15418,#3568);
#2583=LINE('',#15419,#3569);
#2584=LINE('',#15422,#3570);
#2585=LINE('',#15424,#3571);
#2586=LINE('',#15425,#3572);
#2587=LINE('',#15428,#3573);
#2588=LINE('',#15430,#3574);
#2589=LINE('',#15431,#3575);
#2590=LINE('',#15434,#3576);
#2591=LINE('',#15436,#3577);
#2592=LINE('',#15437,#3578);
#2593=LINE('',#15439,#3579);
#2594=LINE('',#15440,#3580);
#2595=LINE('',#15458,#3581);
#2596=LINE('',#15464,#3582);
#2597=LINE('',#15479,#3583);
#2598=LINE('',#15498,#3584);
#2599=LINE('',#15534,#3585);
#2600=LINE('',#15540,#3586);
#2601=LINE('',#15555,#3587);
#2602=LINE('',#15574,#3588);
#2603=LINE('',#15607,#3589);
#2604=LINE('',#15612,#3590);
#2605=LINE('',#15627,#3591);
#2606=LINE('',#15642,#3592);
#2607=LINE('',#15661,#3593);
#2608=LINE('',#15676,#3594);
#2609=LINE('',#15691,#3595);
#2610=LINE('',#15710,#3596);
#2611=LINE('',#15737,#3597);
#2612=LINE('',#15760,#3598);
#2613=LINE('',#15779,#3599);
#2614=LINE('',#15809,#3600);
#2615=LINE('',#15815,#3601);
#2616=LINE('',#15830,#3602);
#2617=LINE('',#15852,#3603);
#2618=LINE('',#15895,#3604);
#2619=LINE('',#15903,#3605);
#2620=LINE('',#15918,#3606);
#2621=LINE('',#15937,#3607);
#2622=LINE('',#15956,#3608);
#2623=LINE('',#15975,#3609);
#2624=LINE('',#16009,#3610);
#2625=LINE('',#16015,#3611);
#2626=LINE('',#16030,#3612);
#2627=LINE('',#16049,#3613);
#2628=LINE('',#16085,#3614);
#2629=LINE('',#16091,#3615);
#2630=LINE('',#16114,#3616);
#2631=LINE('',#16137,#3617);
#2632=LINE('',#16159,#3618);
#2633=LINE('',#16161,#3619);
#2634=LINE('',#16163,#3620);
#2635=LINE('',#16164,#3621);
#2636=LINE('',#16167,#3622);
#2637=LINE('',#16169,#3623);
#2638=LINE('',#16170,#3624);
#2639=LINE('',#16185,#3625);
#2640=LINE('',#16204,#3626);
#2641=LINE('',#16210,#3627);
#2642=LINE('',#16211,#3628);
#2643=LINE('',#16215,#3629);
#2644=LINE('',#16217,#3630);
#2645=LINE('',#16219,#3631);
#2646=LINE('',#16220,#3632);
#2647=LINE('',#16223,#3633);
#2648=LINE('',#16225,#3634);
#2649=LINE('',#16226,#3635);
#2650=LINE('',#16241,#3636);
#2651=LINE('',#16260,#3637);
#2652=LINE('',#16266,#3638);
#2653=LINE('',#16267,#3639);
#2654=LINE('',#16283,#3640);
#2655=LINE('',#16289,#3641);
#2656=LINE('',#16304,#3642);
#2657=LINE('',#16319,#3643);
#2658=LINE('',#16338,#3644);
#2659=LINE('',#16357,#3645);
#2660=LINE('',#16372,#3646);
#2661=LINE('',#16387,#3647);
#2662=LINE('',#16390,#3648);
#2663=LINE('',#16392,#3649);
#2664=LINE('',#16393,#3650);
#2665=LINE('',#16396,#3651);
#2666=LINE('',#16398,#3652);
#2667=LINE('',#16399,#3653);
#2668=LINE('',#16401,#3654);
#2669=LINE('',#16402,#3655);
#2670=LINE('',#16415,#3656);
#2671=LINE('',#16417,#3657);
#2672=LINE('',#16419,#3658);
#2673=LINE('',#16420,#3659);
#2674=LINE('',#16423,#3660);
#2675=LINE('',#16425,#3661);
#2676=LINE('',#16426,#3662);
#2677=LINE('',#16429,#3663);
#2678=LINE('',#16431,#3664);
#2679=LINE('',#16432,#3665);
#2680=LINE('',#16435,#3666);
#2681=LINE('',#16437,#3667);
#2682=LINE('',#16438,#3668);
#2683=LINE('',#16441,#3669);
#2684=LINE('',#16443,#3670);
#2685=LINE('',#16444,#3671);
#2686=LINE('',#16447,#3672);
#2687=LINE('',#16449,#3673);
#2688=LINE('',#16450,#3674);
#2689=LINE('',#16453,#3675);
#2690=LINE('',#16455,#3676);
#2691=LINE('',#16456,#3677);
#2692=LINE('',#16459,#3678);
#2693=LINE('',#16461,#3679);
#2694=LINE('',#16462,#3680);
#2695=LINE('',#16465,#3681);
#2696=LINE('',#16467,#3682);
#2697=LINE('',#16468,#3683);
#2698=LINE('',#16470,#3684);
#2699=LINE('',#16471,#3685);
#2700=LINE('',#16477,#3686);
#2701=LINE('',#16479,#3687);
#2702=LINE('',#16481,#3688);
#2703=LINE('',#16482,#3689);
#2704=LINE('',#16485,#3690);
#2705=LINE('',#16487,#3691);
#2706=LINE('',#16488,#3692);
#2707=LINE('',#16491,#3693);
#2708=LINE('',#16493,#3694);
#2709=LINE('',#16494,#3695);
#2710=LINE('',#16513,#3696);
#2711=LINE('',#16532,#3697);
#2712=LINE('',#16555,#3698);
#2713=LINE('',#16582,#3699);
#2714=LINE('',#16585,#3700);
#2715=LINE('',#16587,#3701);
#2716=LINE('',#16588,#3702);
#2717=LINE('',#16607,#3703);
#2718=LINE('',#16626,#3704);
#2719=LINE('',#16645,#3705);
#2720=LINE('',#16660,#3706);
#2721=LINE('',#16675,#3707);
#2722=LINE('',#16678,#3708);
#2723=LINE('',#16680,#3709);
#2724=LINE('',#16681,#3710);
#2725=LINE('',#16684,#3711);
#2726=LINE('',#16686,#3712);
#2727=LINE('',#16687,#3713);
#2728=LINE('',#16689,#3714);
#2729=LINE('',#16690,#3715);
#2730=LINE('',#16696,#3716);
#2731=LINE('',#16698,#3717);
#2732=LINE('',#16700,#3718);
#2733=LINE('',#16701,#3719);
#2734=LINE('',#16704,#3720);
#2735=LINE('',#16706,#3721);
#2736=LINE('',#16707,#3722);
#2737=LINE('',#16710,#3723);
#2738=LINE('',#16712,#3724);
#2739=LINE('',#16713,#3725);
#2740=LINE('',#16715,#3726);
#2741=LINE('',#16716,#3727);
#2742=LINE('',#16722,#3728);
#2743=LINE('',#16724,#3729);
#2744=LINE('',#16726,#3730);
#2745=LINE('',#16727,#3731);
#2746=LINE('',#16730,#3732);
#2747=LINE('',#16732,#3733);
#2748=LINE('',#16733,#3734);
#2749=LINE('',#16736,#3735);
#2750=LINE('',#16738,#3736);
#2751=LINE('',#16739,#3737);
#2752=LINE('',#16741,#3738);
#2753=LINE('',#16742,#3739);
#2754=LINE('',#16763,#3740);
#2755=LINE('',#16770,#3741);
#2756=LINE('',#16797,#3742);
#2757=LINE('',#16812,#3743);
#2758=LINE('',#16831,#3744);
#2759=LINE('',#16846,#3745);
#2760=LINE('',#16865,#3746);
#2761=LINE('',#16868,#3747);
#2762=LINE('',#16870,#3748);
#2763=LINE('',#16871,#3749);
#2764=LINE('',#16890,#3750);
#2765=LINE('',#16909,#3751);
#2766=LINE('',#16928,#3752);
#2767=LINE('',#16941,#3753);
#2768=LINE('',#16943,#3754);
#2769=LINE('',#16944,#3755);
#2770=LINE('',#16950,#3756);
#2771=LINE('',#16952,#3757);
#2772=LINE('',#16954,#3758);
#2773=LINE('',#16955,#3759);
#2774=LINE('',#16967,#3760);
#2775=LINE('',#16982,#3761);
#2776=LINE('',#17014,#3762);
#2777=LINE('',#17019,#3763);
#2778=LINE('',#17034,#3764);
#2779=LINE('',#17049,#3765);
#2780=LINE('',#17064,#3766);
#2781=LINE('',#17067,#3767);
#2782=LINE('',#17069,#3768);
#2783=LINE('',#17070,#3769);
#2784=LINE('',#17089,#3770);
#2785=LINE('',#17112,#3771);
#2786=LINE('',#17131,#3772);
#2787=LINE('',#17154,#3773);
#2788=LINE('',#17157,#3774);
#2789=LINE('',#17159,#3775);
#2790=LINE('',#17160,#3776);
#2791=LINE('',#17162,#3777);
#2792=LINE('',#17163,#3778);
#2793=LINE('',#17181,#3779);
#2794=LINE('',#17187,#3780);
#2795=LINE('',#17202,#3781);
#2796=LINE('',#17217,#3782);
#2797=LINE('',#17232,#3783);
#2798=LINE('',#17247,#3784);
#2799=LINE('',#17270,#3785);
#2800=LINE('',#17293,#3786);
#2801=LINE('',#17316,#3787);
#2802=LINE('',#17319,#3788);
#2803=LINE('',#17321,#3789);
#2804=LINE('',#17322,#3790);
#2805=LINE('',#17337,#3791);
#2806=LINE('',#17352,#3792);
#2807=LINE('',#17371,#3793);
#2808=LINE('',#17386,#3794);
#2809=LINE('',#17401,#3795);
#2810=LINE('',#17424,#3796);
#2811=LINE('',#17447,#3797);
#2812=LINE('',#17466,#3798);
#2813=LINE('',#17468,#3799);
#2814=LINE('',#17469,#3800);
#2815=LINE('',#17475,#3801);
#2816=LINE('',#17477,#3802);
#2817=LINE('',#17479,#3803);
#2818=LINE('',#17480,#3804);
#2819=LINE('',#17483,#3805);
#2820=LINE('',#17485,#3806);
#2821=LINE('',#17486,#3807);
#2822=LINE('',#17489,#3808);
#2823=LINE('',#17491,#3809);
#2824=LINE('',#17492,#3810);
#2825=LINE('',#17495,#3811);
#2826=LINE('',#17497,#3812);
#2827=LINE('',#17498,#3813);
#2828=LINE('',#17501,#3814);
#2829=LINE('',#17503,#3815);
#2830=LINE('',#17504,#3816);
#2831=LINE('',#17506,#3817);
#2832=LINE('',#17507,#3818);
#2833=LINE('',#17513,#3819);
#2834=LINE('',#17515,#3820);
#2835=LINE('',#17517,#3821);
#2836=LINE('',#17518,#3822);
#2837=LINE('',#17536,#3823);
#2838=LINE('',#17556,#3824);
#2839=LINE('',#17572,#3825);
#2840=LINE('',#17587,#3826);
#2841=LINE('',#17618,#3827);
#2842=LINE('',#17624,#3828);
#2843=LINE('',#17640,#3829);
#2844=LINE('',#17659,#3830);
#2845=LINE('',#17678,#3831);
#2846=LINE('',#17681,#3832);
#2847=LINE('',#17683,#3833);
#2848=LINE('',#17684,#3834);
#2849=LINE('',#17703,#3835);
#2850=LINE('',#17706,#3836);
#2851=LINE('',#17708,#3837);
#2852=LINE('',#17709,#3838);
#2853=LINE('',#17728,#3839);
#2854=LINE('',#17743,#3840);
#2855=LINE('',#17758,#3841);
#2856=LINE('',#17777,#3842);
#2857=LINE('',#17792,#3843);
#2858=LINE('',#17807,#3844);
#2859=LINE('',#17826,#3845);
#2860=LINE('',#17845,#3846);
#2861=LINE('',#17860,#3847);
#2862=LINE('',#17875,#3848);
#2863=LINE('',#17877,#3849);
#2864=LINE('',#17878,#3850);
#2865=LINE('',#17884,#3851);
#2866=LINE('',#17886,#3852);
#2867=LINE('',#17888,#3853);
#2868=LINE('',#17889,#3854);
#2869=LINE('',#17892,#3855);
#2870=LINE('',#17894,#3856);
#2871=LINE('',#17895,#3857);
#2872=LINE('',#17898,#3858);
#2873=LINE('',#17900,#3859);
#2874=LINE('',#17901,#3860);
#2875=LINE('',#17904,#3861);
#2876=LINE('',#17906,#3862);
#2877=LINE('',#17907,#3863);
#2878=LINE('',#17922,#3864);
#2879=LINE('',#17937,#3865);
#2880=LINE('',#17952,#3866);
#2881=LINE('',#17955,#3867);
#2882=LINE('',#17957,#3868);
#2883=LINE('',#17958,#3869);
#2884=LINE('',#17973,#3870);
#2885=LINE('',#17996,#3871);
#2886=LINE('',#17999,#3872);
#2887=LINE('',#18001,#3873);
#2888=LINE('',#18002,#3874);
#2889=LINE('',#18005,#3875);
#2890=LINE('',#18007,#3876);
#2891=LINE('',#18008,#3877);
#2892=LINE('',#18011,#3878);
#2893=LINE('',#18013,#3879);
#2894=LINE('',#18014,#3880);
#2895=LINE('',#18017,#3881);
#2896=LINE('',#18019,#3882);
#2897=LINE('',#18020,#3883);
#2898=LINE('',#18023,#3884);
#2899=LINE('',#18025,#3885);
#2900=LINE('',#18026,#3886);
#2901=LINE('',#18029,#3887);
#2902=LINE('',#18031,#3888);
#2903=LINE('',#18032,#3889);
#2904=LINE('',#18034,#3890);
#2905=LINE('',#18035,#3891);
#2906=LINE('',#18041,#3892);
#2907=LINE('',#18043,#3893);
#2908=LINE('',#18045,#3894);
#2909=LINE('',#18046,#3895);
#2910=LINE('',#18049,#3896);
#2911=LINE('',#18051,#3897);
#2912=LINE('',#18052,#3898);
#2913=LINE('',#18055,#3899);
#2914=LINE('',#18057,#3900);
#2915=LINE('',#18058,#3901);
#2916=LINE('',#18060,#3902);
#2917=LINE('',#18061,#3903);
#2918=LINE('',#18067,#3904);
#2919=LINE('',#18069,#3905);
#2920=LINE('',#18071,#3906);
#2921=LINE('',#18072,#3907);
#2922=LINE('',#18084,#3908);
#2923=LINE('',#18099,#3909);
#2924=LINE('',#18131,#3910);
#2925=LINE('',#18136,#3911);
#2926=LINE('',#18151,#3912);
#2927=LINE('',#18166,#3913);
#2928=LINE('',#18181,#3914);
#2929=LINE('',#18184,#3915);
#2930=LINE('',#18186,#3916);
#2931=LINE('',#18187,#3917);
#2932=LINE('',#18206,#3918);
#2933=LINE('',#18229,#3919);
#2934=LINE('',#18248,#3920);
#2935=LINE('',#18271,#3921);
#2936=LINE('',#18274,#3922);
#2937=LINE('',#18276,#3923);
#2938=LINE('',#18277,#3924);
#2939=LINE('',#18279,#3925);
#2940=LINE('',#18280,#3926);
#2941=LINE('',#18298,#3927);
#2942=LINE('',#18304,#3928);
#2943=LINE('',#18319,#3929);
#2944=LINE('',#18334,#3930);
#2945=LINE('',#18349,#3931);
#2946=LINE('',#18364,#3932);
#2947=LINE('',#18387,#3933);
#2948=LINE('',#18410,#3934);
#2949=LINE('',#18433,#3935);
#2950=LINE('',#18436,#3936);
#2951=LINE('',#18438,#3937);
#2952=LINE('',#18439,#3938);
#2953=LINE('',#18454,#3939);
#2954=LINE('',#18469,#3940);
#2955=LINE('',#18488,#3941);
#2956=LINE('',#18503,#3942);
#2957=LINE('',#18518,#3943);
#2958=LINE('',#18541,#3944);
#2959=LINE('',#18564,#3945);
#2960=LINE('',#18583,#3946);
#2961=LINE('',#18585,#3947);
#2962=LINE('',#18586,#3948);
#2963=VECTOR('',#11315,10.);
#2964=VECTOR('',#11316,10.);
#2965=VECTOR('',#11317,10.);
#2966=VECTOR('',#11318,10.);
#2967=VECTOR('',#11321,10.);
#2968=VECTOR('',#11322,10.);
#2969=VECTOR('',#11323,10.);
#2970=VECTOR('',#11326,10.);
#2971=VECTOR('',#11327,10.);
#2972=VECTOR('',#11328,10.);
#2973=VECTOR('',#11331,10.);
#2974=VECTOR('',#11332,10.);
#2975=VECTOR('',#11339,10.);
#2976=VECTOR('',#11340,10.);
#2977=VECTOR('',#11341,10.);
#2978=VECTOR('',#11342,10.);
#2979=VECTOR('',#11345,10.);
#2980=VECTOR('',#11346,10.);
#2981=VECTOR('',#11347,10.);
#2982=VECTOR('',#11350,10.);
#2983=VECTOR('',#11351,10.);
#2984=VECTOR('',#11352,10.);
#2985=VECTOR('',#11355,10.);
#2986=VECTOR('',#11356,10.);
#2987=VECTOR('',#11365,10.);
#2988=VECTOR('',#11366,10.);
#2989=VECTOR('',#11367,10.);
#2990=VECTOR('',#11368,10.);
#2991=VECTOR('',#11371,10.);
#2992=VECTOR('',#11372,10.);
#2993=VECTOR('',#11373,10.);
#2994=VECTOR('',#11376,10.);
#2995=VECTOR('',#11377,10.);
#2996=VECTOR('',#11378,10.);
#2997=VECTOR('',#11381,10.);
#2998=VECTOR('',#11382,10.);
#2999=VECTOR('',#11389,10.);
#3000=VECTOR('',#11390,10.);
#3001=VECTOR('',#11391,10.);
#3002=VECTOR('',#11392,10.);
#3003=VECTOR('',#11395,10.);
#3004=VECTOR('',#11396,10.);
#3005=VECTOR('',#11397,10.);
#3006=VECTOR('',#11400,10.);
#3007=VECTOR('',#11401,10.);
#3008=VECTOR('',#11402,10.);
#3009=VECTOR('',#11405,10.);
#3010=VECTOR('',#11406,10.);
#3011=VECTOR('',#11413,10.);
#3012=VECTOR('',#11414,10.);
#3013=VECTOR('',#11415,10.);
#3014=VECTOR('',#11416,10.);
#3015=VECTOR('',#11419,10.);
#3016=VECTOR('',#11420,10.);
#3017=VECTOR('',#11421,10.);
#3018=VECTOR('',#11424,10.);
#3019=VECTOR('',#11425,10.);
#3020=VECTOR('',#11426,10.);
#3021=VECTOR('',#11429,10.);
#3022=VECTOR('',#11430,10.);
#3023=VECTOR('',#11437,10.);
#3024=VECTOR('',#11438,10.);
#3025=VECTOR('',#11439,10.);
#3026=VECTOR('',#11440,10.);
#3027=VECTOR('',#11443,10.);
#3028=VECTOR('',#11444,10.);
#3029=VECTOR('',#11445,10.);
#3030=VECTOR('',#11448,10.);
#3031=VECTOR('',#11449,10.);
#3032=VECTOR('',#11450,10.);
#3033=VECTOR('',#11453,10.);
#3034=VECTOR('',#11454,10.);
#3035=VECTOR('',#11461,10.);
#3036=VECTOR('',#11462,10.);
#3037=VECTOR('',#11463,10.);
#3038=VECTOR('',#11464,10.);
#3039=VECTOR('',#11467,10.);
#3040=VECTOR('',#11468,10.);
#3041=VECTOR('',#11469,10.);
#3042=VECTOR('',#11472,10.);
#3043=VECTOR('',#11473,10.);
#3044=VECTOR('',#11474,10.);
#3045=VECTOR('',#11477,10.);
#3046=VECTOR('',#11478,10.);
#3047=VECTOR('',#11485,10.);
#3048=VECTOR('',#11486,10.);
#3049=VECTOR('',#11487,10.);
#3050=VECTOR('',#11488,10.);
#3051=VECTOR('',#11491,10.);
#3052=VECTOR('',#11492,10.);
#3053=VECTOR('',#11493,10.);
#3054=VECTOR('',#11496,10.);
#3055=VECTOR('',#11497,10.);
#3056=VECTOR('',#11498,10.);
#3057=VECTOR('',#11501,10.);
#3058=VECTOR('',#11502,10.);
#3059=VECTOR('',#11509,10.);
#3060=VECTOR('',#11510,10.);
#3061=VECTOR('',#11511,10.);
#3062=VECTOR('',#11512,10.);
#3063=VECTOR('',#11515,10.);
#3064=VECTOR('',#11516,10.);
#3065=VECTOR('',#11517,10.);
#3066=VECTOR('',#11520,10.);
#3067=VECTOR('',#11521,10.);
#3068=VECTOR('',#11522,10.);
#3069=VECTOR('',#11525,10.);
#3070=VECTOR('',#11526,10.);
#3071=VECTOR('',#11533,10.);
#3072=VECTOR('',#11534,10.);
#3073=VECTOR('',#11535,10.);
#3074=VECTOR('',#11536,10.);
#3075=VECTOR('',#11539,10.);
#3076=VECTOR('',#11540,10.);
#3077=VECTOR('',#11541,10.);
#3078=VECTOR('',#11544,10.);
#3079=VECTOR('',#11545,10.);
#3080=VECTOR('',#11546,10.);
#3081=VECTOR('',#11549,10.);
#3082=VECTOR('',#11550,10.);
#3083=VECTOR('',#11557,10.);
#3084=VECTOR('',#11558,10.);
#3085=VECTOR('',#11559,10.);
#3086=VECTOR('',#11560,10.);
#3087=VECTOR('',#11563,10.);
#3088=VECTOR('',#11564,10.);
#3089=VECTOR('',#11565,10.);
#3090=VECTOR('',#11568,10.);
#3091=VECTOR('',#11569,10.);
#3092=VECTOR('',#11570,10.);
#3093=VECTOR('',#11573,10.);
#3094=VECTOR('',#11574,10.);
#3095=VECTOR('',#11581,10.);
#3096=VECTOR('',#11582,10.);
#3097=VECTOR('',#11583,10.);
#3098=VECTOR('',#11584,10.);
#3099=VECTOR('',#11587,10.);
#3100=VECTOR('',#11588,10.);
#3101=VECTOR('',#11589,10.);
#3102=VECTOR('',#11592,10.);
#3103=VECTOR('',#11593,10.);
#3104=VECTOR('',#11594,10.);
#3105=VECTOR('',#11597,10.);
#3106=VECTOR('',#11598,10.);
#3107=VECTOR('',#11605,10.);
#3108=VECTOR('',#11606,10.);
#3109=VECTOR('',#11607,10.);
#3110=VECTOR('',#11608,10.);
#3111=VECTOR('',#11611,10.);
#3112=VECTOR('',#11612,10.);
#3113=VECTOR('',#11613,10.);
#3114=VECTOR('',#11616,10.);
#3115=VECTOR('',#11617,10.);
#3116=VECTOR('',#11618,10.);
#3117=VECTOR('',#11621,10.);
#3118=VECTOR('',#11622,10.);
#3119=VECTOR('',#11629,10.);
#3120=VECTOR('',#11630,10.);
#3121=VECTOR('',#11631,10.);
#3122=VECTOR('',#11632,10.);
#3123=VECTOR('',#11635,10.);
#3124=VECTOR('',#11636,10.);
#3125=VECTOR('',#11637,10.);
#3126=VECTOR('',#11640,10.);
#3127=VECTOR('',#11641,10.);
#3128=VECTOR('',#11642,10.);
#3129=VECTOR('',#11645,10.);
#3130=VECTOR('',#11646,10.);
#3131=VECTOR('',#11653,10.);
#3132=VECTOR('',#11654,10.);
#3133=VECTOR('',#11655,10.);
#3134=VECTOR('',#11656,10.);
#3135=VECTOR('',#11659,10.);
#3136=VECTOR('',#11660,10.);
#3137=VECTOR('',#11661,10.);
#3138=VECTOR('',#11664,10.);
#3139=VECTOR('',#11665,10.);
#3140=VECTOR('',#11666,10.);
#3141=VECTOR('',#11669,10.);
#3142=VECTOR('',#11670,10.);
#3143=VECTOR('',#11677,10.);
#3144=VECTOR('',#11678,10.);
#3145=VECTOR('',#11679,10.);
#3146=VECTOR('',#11680,10.);
#3147=VECTOR('',#11683,10.);
#3148=VECTOR('',#11684,10.);
#3149=VECTOR('',#11685,10.);
#3150=VECTOR('',#11688,10.);
#3151=VECTOR('',#11689,10.);
#3152=VECTOR('',#11690,10.);
#3153=VECTOR('',#11693,10.);
#3154=VECTOR('',#11694,10.);
#3155=VECTOR('',#11701,10.);
#3156=VECTOR('',#11702,10.);
#3157=VECTOR('',#11703,10.);
#3158=VECTOR('',#11704,10.);
#3159=VECTOR('',#11707,10.);
#3160=VECTOR('',#11708,10.);
#3161=VECTOR('',#11709,10.);
#3162=VECTOR('',#11712,10.);
#3163=VECTOR('',#11713,10.);
#3164=VECTOR('',#11714,10.);
#3165=VECTOR('',#11717,10.);
#3166=VECTOR('',#11718,10.);
#3167=VECTOR('',#11725,10.);
#3168=VECTOR('',#11726,10.);
#3169=VECTOR('',#11727,10.);
#3170=VECTOR('',#11728,10.);
#3171=VECTOR('',#11731,10.);
#3172=VECTOR('',#11732,10.);
#3173=VECTOR('',#11733,10.);
#3174=VECTOR('',#11736,10.);
#3175=VECTOR('',#11737,10.);
#3176=VECTOR('',#11738,10.);
#3177=VECTOR('',#11741,10.);
#3178=VECTOR('',#11742,10.);
#3179=VECTOR('',#11749,10.);
#3180=VECTOR('',#11750,10.);
#3181=VECTOR('',#11751,10.);
#3182=VECTOR('',#11752,10.);
#3183=VECTOR('',#11755,10.);
#3184=VECTOR('',#11756,10.);
#3185=VECTOR('',#11757,10.);
#3186=VECTOR('',#11760,10.);
#3187=VECTOR('',#11761,10.);
#3188=VECTOR('',#11762,10.);
#3189=VECTOR('',#11765,10.);
#3190=VECTOR('',#11766,10.);
#3191=VECTOR('',#11773,10.);
#3192=VECTOR('',#11774,10.);
#3193=VECTOR('',#11775,10.);
#3194=VECTOR('',#11776,10.);
#3195=VECTOR('',#11779,10.);
#3196=VECTOR('',#11780,10.);
#3197=VECTOR('',#11781,10.);
#3198=VECTOR('',#11784,10.);
#3199=VECTOR('',#11785,10.);
#3200=VECTOR('',#11786,10.);
#3201=VECTOR('',#11789,10.);
#3202=VECTOR('',#11790,10.);
#3203=VECTOR('',#11797,10.);
#3204=VECTOR('',#11798,10.);
#3205=VECTOR('',#11799,10.);
#3206=VECTOR('',#11800,10.);
#3207=VECTOR('',#11803,10.);
#3208=VECTOR('',#11804,10.);
#3209=VECTOR('',#11805,10.);
#3210=VECTOR('',#11808,10.);
#3211=VECTOR('',#11809,10.);
#3212=VECTOR('',#11810,10.);
#3213=VECTOR('',#11813,10.);
#3214=VECTOR('',#11814,10.);
#3215=VECTOR('',#11821,10.);
#3216=VECTOR('',#11822,10.);
#3217=VECTOR('',#11823,10.);
#3218=VECTOR('',#11824,10.);
#3219=VECTOR('',#11827,10.);
#3220=VECTOR('',#11828,10.);
#3221=VECTOR('',#11829,10.);
#3222=VECTOR('',#11832,10.);
#3223=VECTOR('',#11833,10.);
#3224=VECTOR('',#11834,10.);
#3225=VECTOR('',#11837,10.);
#3226=VECTOR('',#11838,10.);
#3227=VECTOR('',#11845,10.);
#3228=VECTOR('',#11846,10.);
#3229=VECTOR('',#11847,10.);
#3230=VECTOR('',#11848,10.);
#3231=VECTOR('',#11851,10.);
#3232=VECTOR('',#11852,10.);
#3233=VECTOR('',#11853,10.);
#3234=VECTOR('',#11856,10.);
#3235=VECTOR('',#11857,10.);
#3236=VECTOR('',#11858,10.);
#3237=VECTOR('',#11861,10.);
#3238=VECTOR('',#11862,10.);
#3239=VECTOR('',#11869,10.);
#3240=VECTOR('',#11870,10.);
#3241=VECTOR('',#11871,10.);
#3242=VECTOR('',#11872,10.);
#3243=VECTOR('',#11875,10.);
#3244=VECTOR('',#11876,10.);
#3245=VECTOR('',#11877,10.);
#3246=VECTOR('',#11880,10.);
#3247=VECTOR('',#11881,10.);
#3248=VECTOR('',#11882,10.);
#3249=VECTOR('',#11885,10.);
#3250=VECTOR('',#11886,10.);
#3251=VECTOR('',#11893,10.);
#3252=VECTOR('',#11894,10.);
#3253=VECTOR('',#11895,10.);
#3254=VECTOR('',#11896,10.);
#3255=VECTOR('',#11899,10.);
#3256=VECTOR('',#11900,10.);
#3257=VECTOR('',#11901,10.);
#3258=VECTOR('',#11904,10.);
#3259=VECTOR('',#11905,10.);
#3260=VECTOR('',#11906,10.);
#3261=VECTOR('',#11909,10.);
#3262=VECTOR('',#11910,10.);
#3263=VECTOR('',#11917,10.);
#3264=VECTOR('',#11918,10.);
#3265=VECTOR('',#11919,10.);
#3266=VECTOR('',#11920,10.);
#3267=VECTOR('',#11923,10.);
#3268=VECTOR('',#11924,10.);
#3269=VECTOR('',#11925,10.);
#3270=VECTOR('',#11928,10.);
#3271=VECTOR('',#11929,10.);
#3272=VECTOR('',#11930,10.);
#3273=VECTOR('',#11933,10.);
#3274=VECTOR('',#11934,10.);
#3275=VECTOR('',#11941,10.);
#3276=VECTOR('',#11942,10.);
#3277=VECTOR('',#11943,10.);
#3278=VECTOR('',#11944,10.);
#3279=VECTOR('',#11947,10.);
#3280=VECTOR('',#11948,10.);
#3281=VECTOR('',#11949,10.);
#3282=VECTOR('',#11952,10.);
#3283=VECTOR('',#11953,10.);
#3284=VECTOR('',#11954,10.);
#3285=VECTOR('',#11957,10.);
#3286=VECTOR('',#11958,10.);
#3287=VECTOR('',#11965,10.);
#3288=VECTOR('',#11966,10.);
#3289=VECTOR('',#11967,10.);
#3290=VECTOR('',#11968,10.);
#3291=VECTOR('',#11971,10.);
#3292=VECTOR('',#11972,10.);
#3293=VECTOR('',#11973,10.);
#3294=VECTOR('',#11976,10.);
#3295=VECTOR('',#11977,10.);
#3296=VECTOR('',#11978,10.);
#3297=VECTOR('',#11981,10.);
#3298=VECTOR('',#11982,10.);
#3299=VECTOR('',#11989,10.);
#3300=VECTOR('',#11990,10.);
#3301=VECTOR('',#11991,10.);
#3302=VECTOR('',#11992,10.);
#3303=VECTOR('',#11995,10.);
#3304=VECTOR('',#11996,10.);
#3305=VECTOR('',#11997,10.);
#3306=VECTOR('',#12000,10.);
#3307=VECTOR('',#12001,10.);
#3308=VECTOR('',#12002,10.);
#3309=VECTOR('',#12005,10.);
#3310=VECTOR('',#12006,10.);
#3311=VECTOR('',#12013,10.);
#3312=VECTOR('',#12014,10.);
#3313=VECTOR('',#12015,10.);
#3314=VECTOR('',#12016,10.);
#3315=VECTOR('',#12019,10.);
#3316=VECTOR('',#12020,10.);
#3317=VECTOR('',#12021,10.);
#3318=VECTOR('',#12024,10.);
#3319=VECTOR('',#12025,10.);
#3320=VECTOR('',#12026,10.);
#3321=VECTOR('',#12029,10.);
#3322=VECTOR('',#12030,10.);
#3323=VECTOR('',#12039,10.);
#3324=VECTOR('',#12040,10.);
#3325=VECTOR('',#12041,10.);
#3326=VECTOR('',#12042,10.);
#3327=VECTOR('',#12045,10.);
#3328=VECTOR('',#12046,10.);
#3329=VECTOR('',#12047,10.);
#3330=VECTOR('',#12050,10.);
#3331=VECTOR('',#12051,10.);
#3332=VECTOR('',#12052,10.);
#3333=VECTOR('',#12055,10.);
#3334=VECTOR('',#12056,10.);
#3335=VECTOR('',#12063,10.);
#3336=VECTOR('',#12064,10.);
#3337=VECTOR('',#12065,10.);
#3338=VECTOR('',#12066,10.);
#3339=VECTOR('',#12067,10.);
#3340=VECTOR('',#12068,10.);
#3341=VECTOR('',#12071,10.);
#3342=VECTOR('',#12072,10.);
#3343=VECTOR('',#12073,10.);
#3344=VECTOR('',#12074,10.);
#3345=VECTOR('',#12075,10.);
#3346=VECTOR('',#12076,10.);
#3347=VECTOR('',#12079,10.);
#3348=VECTOR('',#12080,10.);
#3349=VECTOR('',#12081,10.);
#3350=VECTOR('',#12084,10.);
#3351=VECTOR('',#12085,10.);
#3352=VECTOR('',#12086,10.);
#3353=VECTOR('',#12089,10.);
#3354=VECTOR('',#12090,10.);
#3355=VECTOR('',#12091,10.);
#3356=VECTOR('',#12094,10.);
#3357=VECTOR('',#12095,10.);
#3358=VECTOR('',#12100,10.);
#3359=VECTOR('',#12101,10.);
#3360=VECTOR('',#12102,10.);
#3361=VECTOR('',#12103,10.);
#3362=VECTOR('',#12104,10.);
#3363=VECTOR('',#12105,10.);
#3364=VECTOR('',#12106,10.);
#3365=VECTOR('',#12107,10.);
#3366=VECTOR('',#12108,10.);
#3367=VECTOR('',#12109,10.);
#3368=VECTOR('',#12116,10.);
#3369=VECTOR('',#12117,10.);
#3370=VECTOR('',#12118,10.);
#3371=VECTOR('',#12119,10.);
#3372=VECTOR('',#12120,10.);
#3373=VECTOR('',#12121,10.);
#3374=VECTOR('',#12124,10.);
#3375=VECTOR('',#12125,10.);
#3376=VECTOR('',#12126,10.);
#3377=VECTOR('',#12127,10.);
#3378=VECTOR('',#12128,10.);
#3379=VECTOR('',#12129,10.);
#3380=VECTOR('',#12132,10.);
#3381=VECTOR('',#12133,10.);
#3382=VECTOR('',#12134,10.);
#3383=VECTOR('',#12137,10.);
#3384=VECTOR('',#12138,10.);
#3385=VECTOR('',#12139,10.);
#3386=VECTOR('',#12142,10.);
#3387=VECTOR('',#12143,10.);
#3388=VECTOR('',#12144,10.);
#3389=VECTOR('',#12147,10.);
#3390=VECTOR('',#12148,10.);
#3391=VECTOR('',#12153,10.);
#3392=VECTOR('',#12154,10.);
#3393=VECTOR('',#12155,10.);
#3394=VECTOR('',#12156,10.);
#3395=VECTOR('',#12157,10.);
#3396=VECTOR('',#12158,10.);
#3397=VECTOR('',#12159,10.);
#3398=VECTOR('',#12160,10.);
#3399=VECTOR('',#12161,10.);
#3400=VECTOR('',#12162,10.);
#3401=VECTOR('',#12167,10.);
#3402=VECTOR('',#12168,10.);
#3403=VECTOR('',#12169,10.);
#3404=VECTOR('',#12170,10.);
#3405=VECTOR('',#12173,10.);
#3406=VECTOR('',#12174,10.);
#3407=VECTOR('',#12175,10.);
#3408=VECTOR('',#12176,10.);
#3409=VECTOR('',#12177,10.);
#3410=VECTOR('',#12178,10.);
#3411=VECTOR('',#12179,10.);
#3412=VECTOR('',#12180,10.);
#3413=VECTOR('',#12181,10.);
#3414=VECTOR('',#12184,10.);
#3415=VECTOR('',#12185,10.);
#3416=VECTOR('',#12186,10.);
#3417=VECTOR('',#12189,10.);
#3418=VECTOR('',#12190,10.);
#3419=VECTOR('',#12191,10.);
#3420=VECTOR('',#12194,10.);
#3421=VECTOR('',#12195,10.);
#3422=VECTOR('',#12196,10.);
#3423=VECTOR('',#12199,10.);
#3424=VECTOR('',#12200,10.);
#3425=VECTOR('',#12207,10.);
#3426=VECTOR('',#12208,10.);
#3427=VECTOR('',#12209,10.);
#3428=VECTOR('',#12210,10.);
#3429=VECTOR('',#12211,10.);
#3430=VECTOR('',#12212,10.);
#3431=VECTOR('',#12213,10.);
#3432=VECTOR('',#12214,10.);
#3433=VECTOR('',#12215,10.);
#3434=VECTOR('',#12216,10.);
#3435=VECTOR('',#12219,10.);
#3436=VECTOR('',#12220,10.);
#3437=VECTOR('',#12221,10.);
#3438=VECTOR('',#12224,10.);
#3439=VECTOR('',#12225,10.);
#3440=VECTOR('',#12226,10.);
#3441=VECTOR('',#12227,10.);
#3442=VECTOR('',#12230,10.);
#3443=VECTOR('',#12231,10.);
#3444=VECTOR('',#12232,10.);
#3445=VECTOR('',#12233,10.);
#3446=VECTOR('',#12234,10.);
#3447=VECTOR('',#12235,10.);
#3448=VECTOR('',#12236,10.);
#3449=VECTOR('',#12237,10.);
#3450=VECTOR('',#12238,10.);
#3451=VECTOR('',#12239,10.);
#3452=VECTOR('',#12240,10.);
#3453=VECTOR('',#12241,10.);
#3454=VECTOR('',#12242,10.);
#3455=VECTOR('',#12245,10.);
#3456=VECTOR('',#12246,10.);
#3457=VECTOR('',#12253,10.);
#3458=VECTOR('',#12254,10.);
#3459=VECTOR('',#12255,10.);
#3460=VECTOR('',#12256,10.);
#3461=VECTOR('',#12259,10.);
#3462=VECTOR('',#12260,10.);
#3463=VECTOR('',#12261,10.);
#3464=VECTOR('',#12264,10.);
#3465=VECTOR('',#12265,10.);
#3466=VECTOR('',#12266,10.);
#3467=VECTOR('',#12269,10.);
#3468=VECTOR('',#12270,10.);
#3469=VECTOR('',#12271,10.);
#3470=VECTOR('',#12272,10.);
#3471=VECTOR('',#12273,10.);
#3472=VECTOR('',#12274,10.);
#3473=VECTOR('',#12277,10.);
#3474=VECTOR('',#12278,10.);
#3475=VECTOR('',#12279,10.);
#3476=VECTOR('',#12280,10.);
#3477=VECTOR('',#12281,10.);
#3478=VECTOR('',#12284,10.);
#3479=VECTOR('',#12285,10.);
#3480=VECTOR('',#12286,10.);
#3481=VECTOR('',#12289,10.);
#3482=VECTOR('',#12290,10.);
#3483=VECTOR('',#12291,10.);
#3484=VECTOR('',#12294,10.);
#3485=VECTOR('',#12295,10.);
#3486=VECTOR('',#12296,10.);
#3487=VECTOR('',#12299,10.);
#3488=VECTOR('',#12300,10.);
#3489=VECTOR('',#12301,10.);
#3490=VECTOR('',#12304,10.);
#3491=VECTOR('',#12305,10.);
#3492=VECTOR('',#12306,10.);
#3493=VECTOR('',#12309,10.);
#3494=VECTOR('',#12310,10.);
#3495=VECTOR('',#12311,10.);
#3496=VECTOR('',#12314,10.);
#3497=VECTOR('',#12315,10.);
#3498=VECTOR('',#12322,10.);
#3499=VECTOR('',#12323,10.);
#3500=VECTOR('',#12324,10.);
#3501=VECTOR('',#12325,10.);
#3502=VECTOR('',#12326,10.);
#3503=VECTOR('',#12327,10.);
#3504=VECTOR('',#12330,10.);
#3505=VECTOR('',#12331,10.);
#3506=VECTOR('',#12332,10.);
#3507=VECTOR('',#12333,10.);
#3508=VECTOR('',#12334,10.);
#3509=VECTOR('',#12335,10.);
#3510=VECTOR('',#12338,10.);
#3511=VECTOR('',#12339,10.);
#3512=VECTOR('',#12340,10.);
#3513=VECTOR('',#12343,10.);
#3514=VECTOR('',#12344,10.);
#3515=VECTOR('',#12345,10.);
#3516=VECTOR('',#12348,10.);
#3517=VECTOR('',#12349,10.);
#3518=VECTOR('',#12350,10.);
#3519=VECTOR('',#12353,10.);
#3520=VECTOR('',#12354,10.);
#3521=VECTOR('',#12361,10.);
#3522=VECTOR('',#12362,10.);
#3523=VECTOR('',#12363,10.);
#3524=VECTOR('',#12364,10.);
#3525=VECTOR('',#12367,10.);
#3526=VECTOR('',#12368,10.);
#3527=VECTOR('',#12369,10.);
#3528=VECTOR('',#12372,10.);
#3529=VECTOR('',#12373,10.);
#3530=VECTOR('',#12374,10.);
#3531=VECTOR('',#12377,10.);
#3532=VECTOR('',#12378,10.);
#3533=VECTOR('',#12385,10.);
#3534=VECTOR('',#12386,10.);
#3535=VECTOR('',#12387,10.);
#3536=VECTOR('',#12388,10.);
#3537=VECTOR('',#12391,10.);
#3538=VECTOR('',#12392,10.);
#3539=VECTOR('',#12393,10.);
#3540=VECTOR('',#12396,10.);
#3541=VECTOR('',#12397,10.);
#3542=VECTOR('',#12398,10.);
#3543=VECTOR('',#12401,10.);
#3544=VECTOR('',#12402,10.);
#3545=VECTOR('',#12409,10.);
#3546=VECTOR('',#12410,10.);
#3547=VECTOR('',#12411,10.);
#3548=VECTOR('',#12412,10.);
#3549=VECTOR('',#12415,10.);
#3550=VECTOR('',#12416,10.);
#3551=VECTOR('',#12417,10.);
#3552=VECTOR('',#12420,10.);
#3553=VECTOR('',#12421,10.);
#3554=VECTOR('',#12422,10.);
#3555=VECTOR('',#12425,10.);
#3556=VECTOR('',#12426,10.);
#3557=VECTOR('',#12427,10.);
#3558=VECTOR('',#12430,10.);
#3559=VECTOR('',#12431,10.);
#3560=VECTOR('',#12432,10.);
#3561=VECTOR('',#12435,10.);
#3562=VECTOR('',#12436,10.);
#3563=VECTOR('',#12437,10.);
#3564=VECTOR('',#12440,10.);
#3565=VECTOR('',#12441,10.);
#3566=VECTOR('',#12442,10.);
#3567=VECTOR('',#12445,10.);
#3568=VECTOR('',#12446,10.);
#3569=VECTOR('',#12447,10.);
#3570=VECTOR('',#12450,10.);
#3571=VECTOR('',#12451,10.);
#3572=VECTOR('',#12452,10.);
#3573=VECTOR('',#12455,10.);
#3574=VECTOR('',#12456,10.);
#3575=VECTOR('',#12457,10.);
#3576=VECTOR('',#12460,10.);
#3577=VECTOR('',#12461,10.);
#3578=VECTOR('',#12462,10.);
#3579=VECTOR('',#12465,10.);
#3580=VECTOR('',#12466,10.);
#3581=VECTOR('',#12471,10.);
#3582=VECTOR('',#12472,10.);
#3583=VECTOR('',#12473,10.);
#3584=VECTOR('',#12474,10.);
#3585=VECTOR('',#12475,10.);
#3586=VECTOR('',#12476,10.);
#3587=VECTOR('',#12477,10.);
#3588=VECTOR('',#12478,10.);
#3589=VECTOR('',#12479,10.);
#3590=VECTOR('',#12480,10.);
#3591=VECTOR('',#12481,10.);
#3592=VECTOR('',#12482,10.);
#3593=VECTOR('',#12483,10.);
#3594=VECTOR('',#12484,10.);
#3595=VECTOR('',#12485,10.);
#3596=VECTOR('',#12486,10.);
#3597=VECTOR('',#12487,10.);
#3598=VECTOR('',#12488,10.);
#3599=VECTOR('',#12489,10.);
#3600=VECTOR('',#12494,10.);
#3601=VECTOR('',#12495,10.);
#3602=VECTOR('',#12496,10.);
#3603=VECTOR('',#12497,10.);
#3604=VECTOR('',#12498,10.);
#3605=VECTOR('',#12499,10.);
#3606=VECTOR('',#12500,10.);
#3607=VECTOR('',#12501,10.);
#3608=VECTOR('',#12502,10.);
#3609=VECTOR('',#12503,10.);
#3610=VECTOR('',#12508,10.);
#3611=VECTOR('',#12509,10.);
#3612=VECTOR('',#12510,10.);
#3613=VECTOR('',#12511,10.);
#3614=VECTOR('',#12512,10.);
#3615=VECTOR('',#12513,10.);
#3616=VECTOR('',#12514,10.);
#3617=VECTOR('',#12515,10.);
#3618=VECTOR('',#12522,10.);
#3619=VECTOR('',#12523,10.);
#3620=VECTOR('',#12524,10.);
#3621=VECTOR('',#12525,10.);
#3622=VECTOR('',#12528,10.);
#3623=VECTOR('',#12529,10.);
#3624=VECTOR('',#12530,10.);
#3625=VECTOR('',#12531,10.);
#3626=VECTOR('',#12532,10.);
#3627=VECTOR('',#12535,10.);
#3628=VECTOR('',#12536,10.);
#3629=VECTOR('',#12539,10.);
#3630=VECTOR('',#12540,10.);
#3631=VECTOR('',#12541,10.);
#3632=VECTOR('',#12542,10.);
#3633=VECTOR('',#12545,10.);
#3634=VECTOR('',#12546,10.);
#3635=VECTOR('',#12547,10.);
#3636=VECTOR('',#12548,10.);
#3637=VECTOR('',#12549,10.);
#3638=VECTOR('',#12552,10.);
#3639=VECTOR('',#12553,10.);
#3640=VECTOR('',#12554,10.);
#3641=VECTOR('',#12555,10.);
#3642=VECTOR('',#12556,10.);
#3643=VECTOR('',#12557,10.);
#3644=VECTOR('',#12558,10.);
#3645=VECTOR('',#12559,10.);
#3646=VECTOR('',#12560,10.);
#3647=VECTOR('',#12561,10.);
#3648=VECTOR('',#12564,10.);
#3649=VECTOR('',#12565,10.);
#3650=VECTOR('',#12566,10.);
#3651=VECTOR('',#12569,10.);
#3652=VECTOR('',#12570,10.);
#3653=VECTOR('',#12571,10.);
#3654=VECTOR('',#12574,10.);
#3655=VECTOR('',#12575,10.);
#3656=VECTOR('',#12592,10.);
#3657=VECTOR('',#12593,10.);
#3658=VECTOR('',#12594,10.);
#3659=VECTOR('',#12595,10.);
#3660=VECTOR('',#12598,10.);
#3661=VECTOR('',#12599,10.);
#3662=VECTOR('',#12600,10.);
#3663=VECTOR('',#12603,10.);
#3664=VECTOR('',#12604,10.);
#3665=VECTOR('',#12605,10.);
#3666=VECTOR('',#12608,10.);
#3667=VECTOR('',#12609,10.);
#3668=VECTOR('',#12610,10.);
#3669=VECTOR('',#12613,10.);
#3670=VECTOR('',#12614,10.);
#3671=VECTOR('',#12615,10.);
#3672=VECTOR('',#12618,10.);
#3673=VECTOR('',#12619,10.);
#3674=VECTOR('',#12620,10.);
#3675=VECTOR('',#12623,10.);
#3676=VECTOR('',#12624,10.);
#3677=VECTOR('',#12625,10.);
#3678=VECTOR('',#12628,10.);
#3679=VECTOR('',#12629,10.);
#3680=VECTOR('',#12630,10.);
#3681=VECTOR('',#12633,10.);
#3682=VECTOR('',#12634,10.);
#3683=VECTOR('',#12635,10.);
#3684=VECTOR('',#12638,10.);
#3685=VECTOR('',#12639,10.);
#3686=VECTOR('',#12646,10.);
#3687=VECTOR('',#12647,10.);
#3688=VECTOR('',#12648,10.);
#3689=VECTOR('',#12649,10.);
#3690=VECTOR('',#12652,10.);
#3691=VECTOR('',#12653,10.);
#3692=VECTOR('',#12654,10.);
#3693=VECTOR('',#12657,10.);
#3694=VECTOR('',#12658,10.);
#3695=VECTOR('',#12659,10.);
#3696=VECTOR('',#12660,10.);
#3697=VECTOR('',#12661,10.);
#3698=VECTOR('',#12662,10.);
#3699=VECTOR('',#12663,10.);
#3700=VECTOR('',#12666,10.);
#3701=VECTOR('',#12667,10.);
#3702=VECTOR('',#12668,10.);
#3703=VECTOR('',#12669,10.);
#3704=VECTOR('',#12670,10.);
#3705=VECTOR('',#12671,10.);
#3706=VECTOR('',#12672,10.);
#3707=VECTOR('',#12673,10.);
#3708=VECTOR('',#12676,10.);
#3709=VECTOR('',#12677,10.);
#3710=VECTOR('',#12678,10.);
#3711=VECTOR('',#12681,10.);
#3712=VECTOR('',#12682,10.);
#3713=VECTOR('',#12683,10.);
#3714=VECTOR('',#12686,10.);
#3715=VECTOR('',#12687,10.);
#3716=VECTOR('',#12694,10.);
#3717=VECTOR('',#12695,10.);
#3718=VECTOR('',#12696,10.);
#3719=VECTOR('',#12697,10.);
#3720=VECTOR('',#12700,10.);
#3721=VECTOR('',#12701,10.);
#3722=VECTOR('',#12702,10.);
#3723=VECTOR('',#12705,10.);
#3724=VECTOR('',#12706,10.);
#3725=VECTOR('',#12707,10.);
#3726=VECTOR('',#12710,10.);
#3727=VECTOR('',#12711,10.);
#3728=VECTOR('',#12718,10.);
#3729=VECTOR('',#12719,10.);
#3730=VECTOR('',#12720,10.);
#3731=VECTOR('',#12721,10.);
#3732=VECTOR('',#12724,10.);
#3733=VECTOR('',#12725,10.);
#3734=VECTOR('',#12726,10.);
#3735=VECTOR('',#12729,10.);
#3736=VECTOR('',#12730,10.);
#3737=VECTOR('',#12731,10.);
#3738=VECTOR('',#12734,10.);
#3739=VECTOR('',#12735,10.);
#3740=VECTOR('',#12740,10.);
#3741=VECTOR('',#12741,10.);
#3742=VECTOR('',#12742,10.);
#3743=VECTOR('',#12743,10.);
#3744=VECTOR('',#12744,10.);
#3745=VECTOR('',#12745,10.);
#3746=VECTOR('',#12746,10.);
#3747=VECTOR('',#12749,10.);
#3748=VECTOR('',#12750,10.);
#3749=VECTOR('',#12751,10.);
#3750=VECTOR('',#12752,10.);
#3751=VECTOR('',#12753,10.);
#3752=VECTOR('',#12754,10.);
#3753=VECTOR('',#12759,10.);
#3754=VECTOR('',#12762,10.);
#3755=VECTOR('',#12763,10.);
#3756=VECTOR('',#12770,10.);
#3757=VECTOR('',#12771,10.);
#3758=VECTOR('',#12772,10.);
#3759=VECTOR('',#12773,10.);
#3760=VECTOR('',#12774,10.);
#3761=VECTOR('',#12775,10.);
#3762=VECTOR('',#12776,10.);
#3763=VECTOR('',#12777,10.);
#3764=VECTOR('',#12778,10.);
#3765=VECTOR('',#12779,10.);
#3766=VECTOR('',#12780,10.);
#3767=VECTOR('',#12783,10.);
#3768=VECTOR('',#12784,10.);
#3769=VECTOR('',#12785,10.);
#3770=VECTOR('',#12786,10.);
#3771=VECTOR('',#12787,10.);
#3772=VECTOR('',#12788,10.);
#3773=VECTOR('',#12789,10.);
#3774=VECTOR('',#12792,10.);
#3775=VECTOR('',#12793,10.);
#3776=VECTOR('',#12794,10.);
#3777=VECTOR('',#12797,10.);
#3778=VECTOR('',#12798,10.);
#3779=VECTOR('',#12803,10.);
#3780=VECTOR('',#12804,10.);
#3781=VECTOR('',#12805,10.);
#3782=VECTOR('',#12806,10.);
#3783=VECTOR('',#12807,10.);
#3784=VECTOR('',#12808,10.);
#3785=VECTOR('',#12809,10.);
#3786=VECTOR('',#12810,10.);
#3787=VECTOR('',#12811,10.);
#3788=VECTOR('',#12814,10.);
#3789=VECTOR('',#12815,10.);
#3790=VECTOR('',#12816,10.);
#3791=VECTOR('',#12817,10.);
#3792=VECTOR('',#12818,10.);
#3793=VECTOR('',#12819,10.);
#3794=VECTOR('',#12820,10.);
#3795=VECTOR('',#12821,10.);
#3796=VECTOR('',#12822,10.);
#3797=VECTOR('',#12823,10.);
#3798=VECTOR('',#12824,10.);
#3799=VECTOR('',#12827,10.);
#3800=VECTOR('',#12828,10.);
#3801=VECTOR('',#12835,10.);
#3802=VECTOR('',#12836,10.);
#3803=VECTOR('',#12837,10.);
#3804=VECTOR('',#12838,10.);
#3805=VECTOR('',#12841,10.);
#3806=VECTOR('',#12842,10.);
#3807=VECTOR('',#12843,10.);
#3808=VECTOR('',#12846,10.);
#3809=VECTOR('',#12847,10.);
#3810=VECTOR('',#12848,10.);
#3811=VECTOR('',#12851,10.);
#3812=VECTOR('',#12852,10.);
#3813=VECTOR('',#12853,10.);
#3814=VECTOR('',#12856,10.);
#3815=VECTOR('',#12857,10.);
#3816=VECTOR('',#12858,10.);
#3817=VECTOR('',#12861,10.);
#3818=VECTOR('',#12862,10.);
#3819=VECTOR('',#12869,10.);
#3820=VECTOR('',#12870,10.);
#3821=VECTOR('',#12871,10.);
#3822=VECTOR('',#12872,10.);
#3823=VECTOR('',#12873,10.);
#3824=VECTOR('',#12874,10.);
#3825=VECTOR('',#12875,10.);
#3826=VECTOR('',#12876,10.);
#3827=VECTOR('',#12877,10.);
#3828=VECTOR('',#12878,10.);
#3829=VECTOR('',#12881,10.);
#3830=VECTOR('',#12882,10.);
#3831=VECTOR('',#12883,10.);
#3832=VECTOR('',#12886,10.);
#3833=VECTOR('',#12887,10.);
#3834=VECTOR('',#12888,10.);
#3835=VECTOR('',#12889,10.);
#3836=VECTOR('',#12892,10.);
#3837=VECTOR('',#12893,10.);
#3838=VECTOR('',#12894,10.);
#3839=VECTOR('',#12895,10.);
#3840=VECTOR('',#12896,10.);
#3841=VECTOR('',#12897,10.);
#3842=VECTOR('',#12898,10.);
#3843=VECTOR('',#12899,10.);
#3844=VECTOR('',#12900,10.);
#3845=VECTOR('',#12901,10.);
#3846=VECTOR('',#12902,10.);
#3847=VECTOR('',#12903,10.);
#3848=VECTOR('',#12904,10.);
#3849=VECTOR('',#12907,10.);
#3850=VECTOR('',#12908,10.);
#3851=VECTOR('',#12915,10.);
#3852=VECTOR('',#12916,10.);
#3853=VECTOR('',#12917,10.);
#3854=VECTOR('',#12918,10.);
#3855=VECTOR('',#12921,10.);
#3856=VECTOR('',#12922,10.);
#3857=VECTOR('',#12923,10.);
#3858=VECTOR('',#12926,10.);
#3859=VECTOR('',#12927,10.);
#3860=VECTOR('',#12928,10.);
#3861=VECTOR('',#12931,10.);
#3862=VECTOR('',#12932,10.);
#3863=VECTOR('',#12933,10.);
#3864=VECTOR('',#12934,10.);
#3865=VECTOR('',#12935,10.);
#3866=VECTOR('',#12936,10.);
#3867=VECTOR('',#12939,10.);
#3868=VECTOR('',#12940,10.);
#3869=VECTOR('',#12941,10.);
#3870=VECTOR('',#12942,10.);
#3871=VECTOR('',#12943,10.);
#3872=VECTOR('',#12946,10.);
#3873=VECTOR('',#12947,10.);
#3874=VECTOR('',#12948,10.);
#3875=VECTOR('',#12951,10.);
#3876=VECTOR('',#12952,10.);
#3877=VECTOR('',#12953,10.);
#3878=VECTOR('',#12956,10.);
#3879=VECTOR('',#12957,10.);
#3880=VECTOR('',#12958,10.);
#3881=VECTOR('',#12961,10.);
#3882=VECTOR('',#12962,10.);
#3883=VECTOR('',#12963,10.);
#3884=VECTOR('',#12966,10.);
#3885=VECTOR('',#12967,10.);
#3886=VECTOR('',#12968,10.);
#3887=VECTOR('',#12971,10.);
#3888=VECTOR('',#12972,10.);
#3889=VECTOR('',#12973,10.);
#3890=VECTOR('',#12976,10.);
#3891=VECTOR('',#12977,10.);
#3892=VECTOR('',#12984,10.);
#3893=VECTOR('',#12985,10.);
#3894=VECTOR('',#12986,10.);
#3895=VECTOR('',#12987,10.);
#3896=VECTOR('',#12990,10.);
#3897=VECTOR('',#12991,10.);
#3898=VECTOR('',#12992,10.);
#3899=VECTOR('',#12995,10.);
#3900=VECTOR('',#12996,10.);
#3901=VECTOR('',#12997,10.);
#3902=VECTOR('',#13000,10.);
#3903=VECTOR('',#13001,10.);
#3904=VECTOR('',#13008,10.);
#3905=VECTOR('',#13009,10.);
#3906=VECTOR('',#13010,10.);
#3907=VECTOR('',#13011,10.);
#3908=VECTOR('',#13012,10.);
#3909=VECTOR('',#13013,10.);
#3910=VECTOR('',#13014,10.);
#3911=VECTOR('',#13015,10.);
#3912=VECTOR('',#13016,10.);
#3913=VECTOR('',#13017,10.);
#3914=VECTOR('',#13018,10.);
#3915=VECTOR('',#13021,10.);
#3916=VECTOR('',#13022,10.);
#3917=VECTOR('',#13023,10.);
#3918=VECTOR('',#13024,10.);
#3919=VECTOR('',#13025,10.);
#3920=VECTOR('',#13026,10.);
#3921=VECTOR('',#13027,10.);
#3922=VECTOR('',#13030,10.);
#3923=VECTOR('',#13031,10.);
#3924=VECTOR('',#13032,10.);
#3925=VECTOR('',#13035,10.);
#3926=VECTOR('',#13036,10.);
#3927=VECTOR('',#13041,10.);
#3928=VECTOR('',#13042,10.);
#3929=VECTOR('',#13043,10.);
#3930=VECTOR('',#13044,10.);
#3931=VECTOR('',#13045,10.);
#3932=VECTOR('',#13046,10.);
#3933=VECTOR('',#13047,10.);
#3934=VECTOR('',#13048,10.);
#3935=VECTOR('',#13049,10.);
#3936=VECTOR('',#13052,10.);
#3937=VECTOR('',#13053,10.);
#3938=VECTOR('',#13054,10.);
#3939=VECTOR('',#13055,10.);
#3940=VECTOR('',#13056,10.);
#3941=VECTOR('',#13057,10.);
#3942=VECTOR('',#13058,10.);
#3943=VECTOR('',#13059,10.);
#3944=VECTOR('',#13060,10.);
#3945=VECTOR('',#13061,10.);
#3946=VECTOR('',#13062,10.);
#3947=VECTOR('',#13065,10.);
#3948=VECTOR('',#13066,10.);
#3949=VERTEX_POINT('',#13080);
#3950=VERTEX_POINT('',#13081);
#3951=VERTEX_POINT('',#13083);
#3952=VERTEX_POINT('',#13085);
#3953=VERTEX_POINT('',#13089);
#3954=VERTEX_POINT('',#13091);
#3955=VERTEX_POINT('',#13095);
#3956=VERTEX_POINT('',#13097);
#3957=VERTEX_POINT('',#13106);
#3958=VERTEX_POINT('',#13107);
#3959=VERTEX_POINT('',#13109);
#3960=VERTEX_POINT('',#13111);
#3961=VERTEX_POINT('',#13115);
#3962=VERTEX_POINT('',#13117);
#3963=VERTEX_POINT('',#13121);
#3964=VERTEX_POINT('',#13123);
#3965=VERTEX_POINT('',#13133);
#3966=VERTEX_POINT('',#13134);
#3967=VERTEX_POINT('',#13136);
#3968=VERTEX_POINT('',#13138);
#3969=VERTEX_POINT('',#13142);
#3970=VERTEX_POINT('',#13144);
#3971=VERTEX_POINT('',#13148);
#3972=VERTEX_POINT('',#13150);
#3973=VERTEX_POINT('',#13159);
#3974=VERTEX_POINT('',#13160);
#3975=VERTEX_POINT('',#13162);
#3976=VERTEX_POINT('',#13164);
#3977=VERTEX_POINT('',#13168);
#3978=VERTEX_POINT('',#13170);
#3979=VERTEX_POINT('',#13174);
#3980=VERTEX_POINT('',#13176);
#3981=VERTEX_POINT('',#13185);
#3982=VERTEX_POINT('',#13186);
#3983=VERTEX_POINT('',#13188);
#3984=VERTEX_POINT('',#13190);
#3985=VERTEX_POINT('',#13194);
#3986=VERTEX_POINT('',#13196);
#3987=VERTEX_POINT('',#13200);
#3988=VERTEX_POINT('',#13202);
#3989=VERTEX_POINT('',#13211);
#3990=VERTEX_POINT('',#13212);
#3991=VERTEX_POINT('',#13214);
#3992=VERTEX_POINT('',#13216);
#3993=VERTEX_POINT('',#13220);
#3994=VERTEX_POINT('',#13222);
#3995=VERTEX_POINT('',#13226);
#3996=VERTEX_POINT('',#13228);
#3997=VERTEX_POINT('',#13237);
#3998=VERTEX_POINT('',#13238);
#3999=VERTEX_POINT('',#13240);
#4000=VERTEX_POINT('',#13242);
#4001=VERTEX_POINT('',#13246);
#4002=VERTEX_POINT('',#13248);
#4003=VERTEX_POINT('',#13252);
#4004=VERTEX_POINT('',#13254);
#4005=VERTEX_POINT('',#13263);
#4006=VERTEX_POINT('',#13264);
#4007=VERTEX_POINT('',#13266);
#4008=VERTEX_POINT('',#13268);
#4009=VERTEX_POINT('',#13272);
#4010=VERTEX_POINT('',#13274);
#4011=VERTEX_POINT('',#13278);
#4012=VERTEX_POINT('',#13280);
#4013=VERTEX_POINT('',#13289);
#4014=VERTEX_POINT('',#13290);
#4015=VERTEX_POINT('',#13292);
#4016=VERTEX_POINT('',#13294);
#4017=VERTEX_POINT('',#13298);
#4018=VERTEX_POINT('',#13300);
#4019=VERTEX_POINT('',#13304);
#4020=VERTEX_POINT('',#13306);
#4021=VERTEX_POINT('',#13315);
#4022=VERTEX_POINT('',#13316);
#4023=VERTEX_POINT('',#13318);
#4024=VERTEX_POINT('',#13320);
#4025=VERTEX_POINT('',#13324);
#4026=VERTEX_POINT('',#13326);
#4027=VERTEX_POINT('',#13330);
#4028=VERTEX_POINT('',#13332);
#4029=VERTEX_POINT('',#13341);
#4030=VERTEX_POINT('',#13342);
#4031=VERTEX_POINT('',#13344);
#4032=VERTEX_POINT('',#13346);
#4033=VERTEX_POINT('',#13350);
#4034=VERTEX_POINT('',#13352);
#4035=VERTEX_POINT('',#13356);
#4036=VERTEX_POINT('',#13358);
#4037=VERTEX_POINT('',#13367);
#4038=VERTEX_POINT('',#13368);
#4039=VERTEX_POINT('',#13370);
#4040=VERTEX_POINT('',#13372);
#4041=VERTEX_POINT('',#13376);
#4042=VERTEX_POINT('',#13378);
#4043=VERTEX_POINT('',#13382);
#4044=VERTEX_POINT('',#13384);
#4045=VERTEX_POINT('',#13393);
#4046=VERTEX_POINT('',#13394);
#4047=VERTEX_POINT('',#13396);
#4048=VERTEX_POINT('',#13398);
#4049=VERTEX_POINT('',#13402);
#4050=VERTEX_POINT('',#13404);
#4051=VERTEX_POINT('',#13408);
#4052=VERTEX_POINT('',#13410);
#4053=VERTEX_POINT('',#13419);
#4054=VERTEX_POINT('',#13420);
#4055=VERTEX_POINT('',#13422);
#4056=VERTEX_POINT('',#13424);
#4057=VERTEX_POINT('',#13428);
#4058=VERTEX_POINT('',#13430);
#4059=VERTEX_POINT('',#13434);
#4060=VERTEX_POINT('',#13436);
#4061=VERTEX_POINT('',#13445);
#4062=VERTEX_POINT('',#13446);
#4063=VERTEX_POINT('',#13448);
#4064=VERTEX_POINT('',#13450);
#4065=VERTEX_POINT('',#13454);
#4066=VERTEX_POINT('',#13456);
#4067=VERTEX_POINT('',#13460);
#4068=VERTEX_POINT('',#13462);
#4069=VERTEX_POINT('',#13471);
#4070=VERTEX_POINT('',#13472);
#4071=VERTEX_POINT('',#13474);
#4072=VERTEX_POINT('',#13476);
#4073=VERTEX_POINT('',#13480);
#4074=VERTEX_POINT('',#13482);
#4075=VERTEX_POINT('',#13486);
#4076=VERTEX_POINT('',#13488);
#4077=VERTEX_POINT('',#13497);
#4078=VERTEX_POINT('',#13498);
#4079=VERTEX_POINT('',#13500);
#4080=VERTEX_POINT('',#13502);
#4081=VERTEX_POINT('',#13506);
#4082=VERTEX_POINT('',#13508);
#4083=VERTEX_POINT('',#13512);
#4084=VERTEX_POINT('',#13514);
#4085=VERTEX_POINT('',#13523);
#4086=VERTEX_POINT('',#13524);
#4087=VERTEX_POINT('',#13526);
#4088=VERTEX_POINT('',#13528);
#4089=VERTEX_POINT('',#13532);
#4090=VERTEX_POINT('',#13534);
#4091=VERTEX_POINT('',#13538);
#4092=VERTEX_POINT('',#13540);
#4093=VERTEX_POINT('',#13549);
#4094=VERTEX_POINT('',#13550);
#4095=VERTEX_POINT('',#13552);
#4096=VERTEX_POINT('',#13554);
#4097=VERTEX_POINT('',#13558);
#4098=VERTEX_POINT('',#13560);
#4099=VERTEX_POINT('',#13564);
#4100=VERTEX_POINT('',#13566);
#4101=VERTEX_POINT('',#13575);
#4102=VERTEX_POINT('',#13576);
#4103=VERTEX_POINT('',#13578);
#4104=VERTEX_POINT('',#13580);
#4105=VERTEX_POINT('',#13584);
#4106=VERTEX_POINT('',#13586);
#4107=VERTEX_POINT('',#13590);
#4108=VERTEX_POINT('',#13592);
#4109=VERTEX_POINT('',#13601);
#4110=VERTEX_POINT('',#13602);
#4111=VERTEX_POINT('',#13604);
#4112=VERTEX_POINT('',#13606);
#4113=VERTEX_POINT('',#13610);
#4114=VERTEX_POINT('',#13612);
#4115=VERTEX_POINT('',#13616);
#4116=VERTEX_POINT('',#13618);
#4117=VERTEX_POINT('',#13627);
#4118=VERTEX_POINT('',#13628);
#4119=VERTEX_POINT('',#13630);
#4120=VERTEX_POINT('',#13632);
#4121=VERTEX_POINT('',#13636);
#4122=VERTEX_POINT('',#13638);
#4123=VERTEX_POINT('',#13642);
#4124=VERTEX_POINT('',#13644);
#4125=VERTEX_POINT('',#13653);
#4126=VERTEX_POINT('',#13654);
#4127=VERTEX_POINT('',#13656);
#4128=VERTEX_POINT('',#13658);
#4129=VERTEX_POINT('',#13662);
#4130=VERTEX_POINT('',#13664);
#4131=VERTEX_POINT('',#13668);
#4132=VERTEX_POINT('',#13670);
#4133=VERTEX_POINT('',#13679);
#4134=VERTEX_POINT('',#13680);
#4135=VERTEX_POINT('',#13682);
#4136=VERTEX_POINT('',#13684);
#4137=VERTEX_POINT('',#13688);
#4138=VERTEX_POINT('',#13690);
#4139=VERTEX_POINT('',#13694);
#4140=VERTEX_POINT('',#13696);
#4141=VERTEX_POINT('',#13705);
#4142=VERTEX_POINT('',#13706);
#4143=VERTEX_POINT('',#13708);
#4144=VERTEX_POINT('',#13710);
#4145=VERTEX_POINT('',#13714);
#4146=VERTEX_POINT('',#13716);
#4147=VERTEX_POINT('',#13720);
#4148=VERTEX_POINT('',#13722);
#4149=VERTEX_POINT('',#13731);
#4150=VERTEX_POINT('',#13732);
#4151=VERTEX_POINT('',#13734);
#4152=VERTEX_POINT('',#13736);
#4153=VERTEX_POINT('',#13740);
#4154=VERTEX_POINT('',#13742);
#4155=VERTEX_POINT('',#13746);
#4156=VERTEX_POINT('',#13748);
#4157=VERTEX_POINT('',#13757);
#4158=VERTEX_POINT('',#13758);
#4159=VERTEX_POINT('',#13760);
#4160=VERTEX_POINT('',#13762);
#4161=VERTEX_POINT('',#13766);
#4162=VERTEX_POINT('',#13768);
#4163=VERTEX_POINT('',#13772);
#4164=VERTEX_POINT('',#13774);
#4165=VERTEX_POINT('',#13783);
#4166=VERTEX_POINT('',#13784);
#4167=VERTEX_POINT('',#13786);
#4168=VERTEX_POINT('',#13788);
#4169=VERTEX_POINT('',#13792);
#4170=VERTEX_POINT('',#13794);
#4171=VERTEX_POINT('',#13798);
#4172=VERTEX_POINT('',#13800);
#4173=VERTEX_POINT('',#13809);
#4174=VERTEX_POINT('',#13810);
#4175=VERTEX_POINT('',#13812);
#4176=VERTEX_POINT('',#13814);
#4177=VERTEX_POINT('',#13818);
#4178=VERTEX_POINT('',#13820);
#4179=VERTEX_POINT('',#13824);
#4180=VERTEX_POINT('',#13826);
#4181=VERTEX_POINT('',#13835);
#4182=VERTEX_POINT('',#13836);
#4183=VERTEX_POINT('',#13838);
#4184=VERTEX_POINT('',#13840);
#4185=VERTEX_POINT('',#13844);
#4186=VERTEX_POINT('',#13846);
#4187=VERTEX_POINT('',#13850);
#4188=VERTEX_POINT('',#13852);
#4189=VERTEX_POINT('',#13862);
#4190=VERTEX_POINT('',#13863);
#4191=VERTEX_POINT('',#13865);
#4192=VERTEX_POINT('',#13867);
#4193=VERTEX_POINT('',#13871);
#4194=VERTEX_POINT('',#13873);
#4195=VERTEX_POINT('',#13877);
#4196=VERTEX_POINT('',#13879);
#4197=VERTEX_POINT('',#13888);
#4198=VERTEX_POINT('',#13889);
#4199=VERTEX_POINT('',#13891);
#4200=VERTEX_POINT('',#13893);
#4201=VERTEX_POINT('',#13904);
#4202=VERTEX_POINT('',#13909);
#4203=VERTEX_POINT('',#13921);
#4204=VERTEX_POINT('',#13925);
#4205=VERTEX_POINT('',#13931);
#4206=VERTEX_POINT('',#13933);
#4207=VERTEX_POINT('',#13942);
#4208=VERTEX_POINT('',#13946);
#4209=VERTEX_POINT('',#13957);
#4210=VERTEX_POINT('',#13961);
#4211=VERTEX_POINT('',#13972);
#4212=VERTEX_POINT('',#13976);
#4213=VERTEX_POINT('',#13982);
#4214=VERTEX_POINT('',#13984);
#4215=VERTEX_POINT('',#13988);
#4216=VERTEX_POINT('',#13990);
#4217=VERTEX_POINT('',#13994);
#4218=VERTEX_POINT('',#13996);
#4219=VERTEX_POINT('',#14012);
#4220=VERTEX_POINT('',#14013);
#4221=VERTEX_POINT('',#14018);
#4222=VERTEX_POINT('',#14020);
#4223=VERTEX_POINT('',#14034);
#4224=VERTEX_POINT('',#14039);
#4225=VERTEX_POINT('',#14053);
#4226=VERTEX_POINT('',#14058);
#4227=VERTEX_POINT('',#14086);
#4228=VERTEX_POINT('',#14087);
#4229=VERTEX_POINT('',#14091);
#4230=VERTEX_POINT('',#14093);
#4231=VERTEX_POINT('',#14104);
#4232=VERTEX_POINT('',#14108);
#4233=VERTEX_POINT('',#14121);
#4234=VERTEX_POINT('',#14126);
#4235=VERTEX_POINT('',#14138);
#4236=VERTEX_POINT('',#14142);
#4237=VERTEX_POINT('',#14153);
#4238=VERTEX_POINT('',#14157);
#4239=VERTEX_POINT('',#14181);
#4240=VERTEX_POINT('',#14182);
#4241=VERTEX_POINT('',#14184);
#4242=VERTEX_POINT('',#14186);
#4243=VERTEX_POINT('',#14197);
#4244=VERTEX_POINT('',#14202);
#4245=VERTEX_POINT('',#14214);
#4246=VERTEX_POINT('',#14218);
#4247=VERTEX_POINT('',#14224);
#4248=VERTEX_POINT('',#14226);
#4249=VERTEX_POINT('',#14235);
#4250=VERTEX_POINT('',#14239);
#4251=VERTEX_POINT('',#14250);
#4252=VERTEX_POINT('',#14254);
#4253=VERTEX_POINT('',#14265);
#4254=VERTEX_POINT('',#14269);
#4255=VERTEX_POINT('',#14275);
#4256=VERTEX_POINT('',#14277);
#4257=VERTEX_POINT('',#14281);
#4258=VERTEX_POINT('',#14283);
#4259=VERTEX_POINT('',#14287);
#4260=VERTEX_POINT('',#14289);
#4261=VERTEX_POINT('',#14305);
#4262=VERTEX_POINT('',#14306);
#4263=VERTEX_POINT('',#14311);
#4264=VERTEX_POINT('',#14313);
#4265=VERTEX_POINT('',#14327);
#4266=VERTEX_POINT('',#14332);
#4267=VERTEX_POINT('',#14346);
#4268=VERTEX_POINT('',#14351);
#4269=VERTEX_POINT('',#14379);
#4270=VERTEX_POINT('',#14380);
#4271=VERTEX_POINT('',#14384);
#4272=VERTEX_POINT('',#14386);
#4273=VERTEX_POINT('',#14397);
#4274=VERTEX_POINT('',#14401);
#4275=VERTEX_POINT('',#14414);
#4276=VERTEX_POINT('',#14419);
#4277=VERTEX_POINT('',#14431);
#4278=VERTEX_POINT('',#14435);
#4279=VERTEX_POINT('',#14446);
#4280=VERTEX_POINT('',#14450);
#4281=VERTEX_POINT('',#14481);
#4282=VERTEX_POINT('',#14482);
#4283=VERTEX_POINT('',#14487);
#4284=VERTEX_POINT('',#14489);
#4285=VERTEX_POINT('',#14503);
#4286=VERTEX_POINT('',#14508);
#4287=VERTEX_POINT('',#14522);
#4288=VERTEX_POINT('',#14527);
#4289=VERTEX_POINT('',#14550);
#4290=VERTEX_POINT('',#14551);
#4291=VERTEX_POINT('',#14553);
#4292=VERTEX_POINT('',#14555);
#4293=VERTEX_POINT('',#14566);
#4294=VERTEX_POINT('',#14571);
#4295=VERTEX_POINT('',#14585);
#4296=VERTEX_POINT('',#14590);
#4297=VERTEX_POINT('',#14606);
#4298=VERTEX_POINT('',#14612);
#4299=VERTEX_POINT('',#14625);
#4300=VERTEX_POINT('',#14629);
#4301=VERTEX_POINT('',#14640);
#4302=VERTEX_POINT('',#14644);
#4303=VERTEX_POINT('',#14650);
#4304=VERTEX_POINT('',#14652);
#4305=VERTEX_POINT('',#14656);
#4306=VERTEX_POINT('',#14658);
#4307=VERTEX_POINT('',#14662);
#4308=VERTEX_POINT('',#14664);
#4309=VERTEX_POINT('',#14673);
#4310=VERTEX_POINT('',#14674);
#4311=VERTEX_POINT('',#14676);
#4312=VERTEX_POINT('',#14678);
#4313=VERTEX_POINT('',#14691);
#4314=VERTEX_POINT('',#14697);
#4315=VERTEX_POINT('',#14712);
#4316=VERTEX_POINT('',#14717);
#4317=VERTEX_POINT('',#14729);
#4318=VERTEX_POINT('',#14733);
#4319=VERTEX_POINT('',#14744);
#4320=VERTEX_POINT('',#14748);
#4321=VERTEX_POINT('',#14773);
#4322=VERTEX_POINT('',#14774);
#4323=VERTEX_POINT('',#14779);
#4324=VERTEX_POINT('',#14781);
#4325=VERTEX_POINT('',#14795);
#4326=VERTEX_POINT('',#14800);
#4327=VERTEX_POINT('',#14811);
#4328=VERTEX_POINT('',#14816);
#4329=VERTEX_POINT('',#14830);
#4330=VERTEX_POINT('',#14835);
#4331=VERTEX_POINT('',#14842);
#4332=VERTEX_POINT('',#14844);
#4333=VERTEX_POINT('',#14855);
#4334=VERTEX_POINT('',#14860);
#4335=VERTEX_POINT('',#14867);
#4336=VERTEX_POINT('',#14869);
#4337=VERTEX_POINT('',#14880);
#4338=VERTEX_POINT('',#14885);
#4339=VERTEX_POINT('',#14897);
#4340=VERTEX_POINT('',#14901);
#4341=VERTEX_POINT('',#14912);
#4342=VERTEX_POINT('',#14916);
#4343=VERTEX_POINT('',#14929);
#4344=VERTEX_POINT('',#14934);
#4345=VERTEX_POINT('',#14946);
#4346=VERTEX_POINT('',#14950);
#4347=VERTEX_POINT('',#14961);
#4348=VERTEX_POINT('',#14965);
#4349=VERTEX_POINT('',#14978);
#4350=VERTEX_POINT('',#14983);
#4351=VERTEX_POINT('',#14997);
#4352=VERTEX_POINT('',#15002);
#4353=VERTEX_POINT('',#15014);
#4354=VERTEX_POINT('',#15018);
#4355=VERTEX_POINT('',#15029);
#4356=VERTEX_POINT('',#15033);
#4357=VERTEX_POINT('',#15044);
#4358=VERTEX_POINT('',#15045);
#4359=VERTEX_POINT('',#15047);
#4360=VERTEX_POINT('',#15049);
#4361=VERTEX_POINT('',#15053);
#4362=VERTEX_POINT('',#15055);
#4363=VERTEX_POINT('',#15059);
#4364=VERTEX_POINT('',#15061);
#4365=VERTEX_POINT('',#15065);
#4366=VERTEX_POINT('',#15067);
#4367=VERTEX_POINT('',#15076);
#4368=VERTEX_POINT('',#15080);
#4369=VERTEX_POINT('',#15091);
#4370=VERTEX_POINT('',#15095);
#4371=VERTEX_POINT('',#15106);
#4372=VERTEX_POINT('',#15110);
#4373=VERTEX_POINT('',#15116);
#4374=VERTEX_POINT('',#15118);
#4375=VERTEX_POINT('',#15127);
#4376=VERTEX_POINT('',#15131);
#4377=VERTEX_POINT('',#15146);
#4378=VERTEX_POINT('',#15152);
#4379=VERTEX_POINT('',#15160);
#4380=VERTEX_POINT('',#15162);
#4381=VERTEX_POINT('',#15166);
#4382=VERTEX_POINT('',#15168);
#4383=VERTEX_POINT('',#15172);
#4384=VERTEX_POINT('',#15174);
#4385=VERTEX_POINT('',#15178);
#4386=VERTEX_POINT('',#15180);
#4387=VERTEX_POINT('',#15184);
#4388=VERTEX_POINT('',#15186);
#4389=VERTEX_POINT('',#15190);
#4390=VERTEX_POINT('',#15192);
#4391=VERTEX_POINT('',#15201);
#4392=VERTEX_POINT('',#15202);
#4393=VERTEX_POINT('',#15204);
#4394=VERTEX_POINT('',#15206);
#4395=VERTEX_POINT('',#15217);
#4396=VERTEX_POINT('',#15222);
#4397=VERTEX_POINT('',#15234);
#4398=VERTEX_POINT('',#15238);
#4399=VERTEX_POINT('',#15244);
#4400=VERTEX_POINT('',#15246);
#4401=VERTEX_POINT('',#15255);
#4402=VERTEX_POINT('',#15259);
#4403=VERTEX_POINT('',#15270);
#4404=VERTEX_POINT('',#15274);
#4405=VERTEX_POINT('',#15285);
#4406=VERTEX_POINT('',#15289);
#4407=VERTEX_POINT('',#15295);
#4408=VERTEX_POINT('',#15297);
#4409=VERTEX_POINT('',#15301);
#4410=VERTEX_POINT('',#15303);
#4411=VERTEX_POINT('',#15307);
#4412=VERTEX_POINT('',#15309);
#4413=VERTEX_POINT('',#15318);
#4414=VERTEX_POINT('',#15319);
#4415=VERTEX_POINT('',#15321);
#4416=VERTEX_POINT('',#15323);
#4417=VERTEX_POINT('',#15327);
#4418=VERTEX_POINT('',#15329);
#4419=VERTEX_POINT('',#15333);
#4420=VERTEX_POINT('',#15335);
#4421=VERTEX_POINT('',#15344);
#4422=VERTEX_POINT('',#15345);
#4423=VERTEX_POINT('',#15347);
#4424=VERTEX_POINT('',#15349);
#4425=VERTEX_POINT('',#15353);
#4426=VERTEX_POINT('',#15355);
#4427=VERTEX_POINT('',#15359);
#4428=VERTEX_POINT('',#15361);
#4429=VERTEX_POINT('',#15370);
#4430=VERTEX_POINT('',#15371);
#4431=VERTEX_POINT('',#15373);
#4432=VERTEX_POINT('',#15375);
#4433=VERTEX_POINT('',#15379);
#4434=VERTEX_POINT('',#15381);
#4435=VERTEX_POINT('',#15385);
#4436=VERTEX_POINT('',#15387);
#4437=VERTEX_POINT('',#15391);
#4438=VERTEX_POINT('',#15393);
#4439=VERTEX_POINT('',#15397);
#4440=VERTEX_POINT('',#15399);
#4441=VERTEX_POINT('',#15403);
#4442=VERTEX_POINT('',#15405);
#4443=VERTEX_POINT('',#15409);
#4444=VERTEX_POINT('',#15411);
#4445=VERTEX_POINT('',#15415);
#4446=VERTEX_POINT('',#15417);
#4447=VERTEX_POINT('',#15421);
#4448=VERTEX_POINT('',#15423);
#4449=VERTEX_POINT('',#15427);
#4450=VERTEX_POINT('',#15429);
#4451=VERTEX_POINT('',#15433);
#4452=VERTEX_POINT('',#15435);
#4453=VERTEX_POINT('',#15451);
#4454=VERTEX_POINT('',#15452);
#4455=VERTEX_POINT('',#15457);
#4456=VERTEX_POINT('',#15459);
#4457=VERTEX_POINT('',#15473);
#4458=VERTEX_POINT('',#15478);
#4459=VERTEX_POINT('',#15492);
#4460=VERTEX_POINT('',#15497);
#4461=VERTEX_POINT('',#15527);
#4462=VERTEX_POINT('',#15528);
#4463=VERTEX_POINT('',#15533);
#4464=VERTEX_POINT('',#15535);
#4465=VERTEX_POINT('',#15549);
#4466=VERTEX_POINT('',#15554);
#4467=VERTEX_POINT('',#15568);
#4468=VERTEX_POINT('',#15573);
#4469=VERTEX_POINT('',#15601);
#4470=VERTEX_POINT('',#15602);
#4471=VERTEX_POINT('',#15606);
#4472=VERTEX_POINT('',#15608);
#4473=VERTEX_POINT('',#15619);
#4474=VERTEX_POINT('',#15623);
#4475=VERTEX_POINT('',#15634);
#4476=VERTEX_POINT('',#15638);
#4477=VERTEX_POINT('',#15651);
#4478=VERTEX_POINT('',#15656);
#4479=VERTEX_POINT('',#15668);
#4480=VERTEX_POINT('',#15672);
#4481=VERTEX_POINT('',#15683);
#4482=VERTEX_POINT('',#15687);
#4483=VERTEX_POINT('',#15700);
#4484=VERTEX_POINT('',#15705);
#4485=VERTEX_POINT('',#15723);
#4486=VERTEX_POINT('',#15730);
#4487=VERTEX_POINT('',#15748);
#4488=VERTEX_POINT('',#15754);
#4489=VERTEX_POINT('',#15769);
#4490=VERTEX_POINT('',#15774);
#4491=VERTEX_POINT('',#15802);
#4492=VERTEX_POINT('',#15803);
#4493=VERTEX_POINT('',#15808);
#4494=VERTEX_POINT('',#15810);
#4495=VERTEX_POINT('',#15824);
#4496=VERTEX_POINT('',#15829);
#4497=VERTEX_POINT('',#15845);
#4498=VERTEX_POINT('',#15851);
#4499=VERTEX_POINT('',#15886);
#4500=VERTEX_POINT('',#15887);
#4501=VERTEX_POINT('',#15894);
#4502=VERTEX_POINT('',#15896);
#4503=VERTEX_POINT('',#15910);
#4504=VERTEX_POINT('',#15914);
#4505=VERTEX_POINT('',#15927);
#4506=VERTEX_POINT('',#15932);
#4507=VERTEX_POINT('',#15946);
#4508=VERTEX_POINT('',#15951);
#4509=VERTEX_POINT('',#15965);
#4510=VERTEX_POINT('',#15970);
#4511=VERTEX_POINT('',#16002);
#4512=VERTEX_POINT('',#16003);
#4513=VERTEX_POINT('',#16008);
#4514=VERTEX_POINT('',#16010);
#4515=VERTEX_POINT('',#16024);
#4516=VERTEX_POINT('',#16029);
#4517=VERTEX_POINT('',#16043);
#4518=VERTEX_POINT('',#16048);
#4519=VERTEX_POINT('',#16078);
#4520=VERTEX_POINT('',#16079);
#4521=VERTEX_POINT('',#16084);
#4522=VERTEX_POINT('',#16086);
#4523=VERTEX_POINT('',#16102);
#4524=VERTEX_POINT('',#16108);
#4525=VERTEX_POINT('',#16125);
#4526=VERTEX_POINT('',#16131);
#4527=VERTEX_POINT('',#16157);
#4528=VERTEX_POINT('',#16158);
#4529=VERTEX_POINT('',#16160);
#4530=VERTEX_POINT('',#16162);
#4531=VERTEX_POINT('',#16166);
#4532=VERTEX_POINT('',#16168);
#4533=VERTEX_POINT('',#16179);
#4534=VERTEX_POINT('',#16184);
#4535=VERTEX_POINT('',#16198);
#4536=VERTEX_POINT('',#16203);
#4537=VERTEX_POINT('',#16213);
#4538=VERTEX_POINT('',#16214);
#4539=VERTEX_POINT('',#16216);
#4540=VERTEX_POINT('',#16218);
#4541=VERTEX_POINT('',#16222);
#4542=VERTEX_POINT('',#16224);
#4543=VERTEX_POINT('',#16235);
#4544=VERTEX_POINT('',#16240);
#4545=VERTEX_POINT('',#16254);
#4546=VERTEX_POINT('',#16259);
#4547=VERTEX_POINT('',#16276);
#4548=VERTEX_POINT('',#16277);
#4549=VERTEX_POINT('',#16282);
#4550=VERTEX_POINT('',#16284);
#4551=VERTEX_POINT('',#16296);
#4552=VERTEX_POINT('',#16300);
#4553=VERTEX_POINT('',#16311);
#4554=VERTEX_POINT('',#16315);
#4555=VERTEX_POINT('',#16328);
#4556=VERTEX_POINT('',#16333);
#4557=VERTEX_POINT('',#16347);
#4558=VERTEX_POINT('',#16352);
#4559=VERTEX_POINT('',#16364);
#4560=VERTEX_POINT('',#16368);
#4561=VERTEX_POINT('',#16379);
#4562=VERTEX_POINT('',#16383);
#4563=VERTEX_POINT('',#16389);
#4564=VERTEX_POINT('',#16391);
#4565=VERTEX_POINT('',#16395);
#4566=VERTEX_POINT('',#16397);
#4567=VERTEX_POINT('',#16406);
#4568=VERTEX_POINT('',#16408);
#4569=VERTEX_POINT('',#16413);
#4570=VERTEX_POINT('',#16414);
#4571=VERTEX_POINT('',#16416);
#4572=VERTEX_POINT('',#16418);
#4573=VERTEX_POINT('',#16422);
#4574=VERTEX_POINT('',#16424);
#4575=VERTEX_POINT('',#16428);
#4576=VERTEX_POINT('',#16430);
#4577=VERTEX_POINT('',#16434);
#4578=VERTEX_POINT('',#16436);
#4579=VERTEX_POINT('',#16440);
#4580=VERTEX_POINT('',#16442);
#4581=VERTEX_POINT('',#16446);
#4582=VERTEX_POINT('',#16448);
#4583=VERTEX_POINT('',#16452);
#4584=VERTEX_POINT('',#16454);
#4585=VERTEX_POINT('',#16458);
#4586=VERTEX_POINT('',#16460);
#4587=VERTEX_POINT('',#16464);
#4588=VERTEX_POINT('',#16466);
#4589=VERTEX_POINT('',#16475);
#4590=VERTEX_POINT('',#16476);
#4591=VERTEX_POINT('',#16478);
#4592=VERTEX_POINT('',#16480);
#4593=VERTEX_POINT('',#16484);
#4594=VERTEX_POINT('',#16486);
#4595=VERTEX_POINT('',#16490);
#4596=VERTEX_POINT('',#16492);
#4597=VERTEX_POINT('',#16503);
#4598=VERTEX_POINT('',#16508);
#4599=VERTEX_POINT('',#16522);
#4600=VERTEX_POINT('',#16527);
#4601=VERTEX_POINT('',#16543);
#4602=VERTEX_POINT('',#16549);
#4603=VERTEX_POINT('',#16568);
#4604=VERTEX_POINT('',#16575);
#4605=VERTEX_POINT('',#16584);
#4606=VERTEX_POINT('',#16586);
#4607=VERTEX_POINT('',#16597);
#4608=VERTEX_POINT('',#16602);
#4609=VERTEX_POINT('',#16616);
#4610=VERTEX_POINT('',#16621);
#4611=VERTEX_POINT('',#16635);
#4612=VERTEX_POINT('',#16640);
#4613=VERTEX_POINT('',#16652);
#4614=VERTEX_POINT('',#16656);
#4615=VERTEX_POINT('',#16667);
#4616=VERTEX_POINT('',#16671);
#4617=VERTEX_POINT('',#16677);
#4618=VERTEX_POINT('',#16679);
#4619=VERTEX_POINT('',#16683);
#4620=VERTEX_POINT('',#16685);
#4621=VERTEX_POINT('',#16694);
#4622=VERTEX_POINT('',#16695);
#4623=VERTEX_POINT('',#16697);
#4624=VERTEX_POINT('',#16699);
#4625=VERTEX_POINT('',#16703);
#4626=VERTEX_POINT('',#16705);
#4627=VERTEX_POINT('',#16709);
#4628=VERTEX_POINT('',#16711);
#4629=VERTEX_POINT('',#16720);
#4630=VERTEX_POINT('',#16721);
#4631=VERTEX_POINT('',#16723);
#4632=VERTEX_POINT('',#16725);
#4633=VERTEX_POINT('',#16729);
#4634=VERTEX_POINT('',#16731);
#4635=VERTEX_POINT('',#16735);
#4636=VERTEX_POINT('',#16737);
#4637=VERTEX_POINT('',#16755);
#4638=VERTEX_POINT('',#16756);
#4639=VERTEX_POINT('',#16762);
#4640=VERTEX_POINT('',#16764);
#4641=VERTEX_POINT('',#16783);
#4642=VERTEX_POINT('',#16790);
#4643=VERTEX_POINT('',#16804);
#4644=VERTEX_POINT('',#16808);
#4645=VERTEX_POINT('',#16821);
#4646=VERTEX_POINT('',#16826);
#4647=VERTEX_POINT('',#16838);
#4648=VERTEX_POINT('',#16842);
#4649=VERTEX_POINT('',#16855);
#4650=VERTEX_POINT('',#16860);
#4651=VERTEX_POINT('',#16867);
#4652=VERTEX_POINT('',#16869);
#4653=VERTEX_POINT('',#16880);
#4654=VERTEX_POINT('',#16885);
#4655=VERTEX_POINT('',#16899);
#4656=VERTEX_POINT('',#16904);
#4657=VERTEX_POINT('',#16918);
#4658=VERTEX_POINT('',#16923);
#4659=VERTEX_POINT('',#16937);
#4660=VERTEX_POINT('',#16939);
#4661=VERTEX_POINT('',#16948);
#4662=VERTEX_POINT('',#16949);
#4663=VERTEX_POINT('',#16951);
#4664=VERTEX_POINT('',#16953);
#4665=VERTEX_POINT('',#16962);
#4666=VERTEX_POINT('',#16966);
#4667=VERTEX_POINT('',#16977);
#4668=VERTEX_POINT('',#16981);
#4669=VERTEX_POINT('',#17008);
#4670=VERTEX_POINT('',#17009);
#4671=VERTEX_POINT('',#17013);
#4672=VERTEX_POINT('',#17015);
#4673=VERTEX_POINT('',#17026);
#4674=VERTEX_POINT('',#17030);
#4675=VERTEX_POINT('',#17041);
#4676=VERTEX_POINT('',#17045);
#4677=VERTEX_POINT('',#17056);
#4678=VERTEX_POINT('',#17060);
#4679=VERTEX_POINT('',#17066);
#4680=VERTEX_POINT('',#17068);
#4681=VERTEX_POINT('',#17079);
#4682=VERTEX_POINT('',#17084);
#4683=VERTEX_POINT('',#17100);
#4684=VERTEX_POINT('',#17106);
#4685=VERTEX_POINT('',#17121);
#4686=VERTEX_POINT('',#17126);
#4687=VERTEX_POINT('',#17142);
#4688=VERTEX_POINT('',#17148);
#4689=VERTEX_POINT('',#17156);
#4690=VERTEX_POINT('',#17158);
#4691=VERTEX_POINT('',#17174);
#4692=VERTEX_POINT('',#17175);
#4693=VERTEX_POINT('',#17180);
#4694=VERTEX_POINT('',#17182);
#4695=VERTEX_POINT('',#17194);
#4696=VERTEX_POINT('',#17198);
#4697=VERTEX_POINT('',#17209);
#4698=VERTEX_POINT('',#17213);
#4699=VERTEX_POINT('',#17224);
#4700=VERTEX_POINT('',#17228);
#4701=VERTEX_POINT('',#17239);
#4702=VERTEX_POINT('',#17243);
#4703=VERTEX_POINT('',#17258);
#4704=VERTEX_POINT('',#17264);
#4705=VERTEX_POINT('',#17281);
#4706=VERTEX_POINT('',#17287);
#4707=VERTEX_POINT('',#17304);
#4708=VERTEX_POINT('',#17310);
#4709=VERTEX_POINT('',#17318);
#4710=VERTEX_POINT('',#17320);
#4711=VERTEX_POINT('',#17329);
#4712=VERTEX_POINT('',#17333);
#4713=VERTEX_POINT('',#17344);
#4714=VERTEX_POINT('',#17348);
#4715=VERTEX_POINT('',#17361);
#4716=VERTEX_POINT('',#17366);
#4717=VERTEX_POINT('',#17378);
#4718=VERTEX_POINT('',#17382);
#4719=VERTEX_POINT('',#17393);
#4720=VERTEX_POINT('',#17397);
#4721=VERTEX_POINT('',#17412);
#4722=VERTEX_POINT('',#17418);
#4723=VERTEX_POINT('',#17435);
#4724=VERTEX_POINT('',#17441);
#4725=VERTEX_POINT('',#17456);
#4726=VERTEX_POINT('',#17461);
#4727=VERTEX_POINT('',#17473);
#4728=VERTEX_POINT('',#17474);
#4729=VERTEX_POINT('',#17476);
#4730=VERTEX_POINT('',#17478);
#4731=VERTEX_POINT('',#17482);
#4732=VERTEX_POINT('',#17484);
#4733=VERTEX_POINT('',#17488);
#4734=VERTEX_POINT('',#17490);
#4735=VERTEX_POINT('',#17494);
#4736=VERTEX_POINT('',#17496);
#4737=VERTEX_POINT('',#17500);
#4738=VERTEX_POINT('',#17502);
#4739=VERTEX_POINT('',#17511);
#4740=VERTEX_POINT('',#17512);
#4741=VERTEX_POINT('',#17514);
#4742=VERTEX_POINT('',#17516);
#4743=VERTEX_POINT('',#17529);
#4744=VERTEX_POINT('',#17535);
#4745=VERTEX_POINT('',#17550);
#4746=VERTEX_POINT('',#17555);
#4747=VERTEX_POINT('',#17567);
#4748=VERTEX_POINT('',#17571);
#4749=VERTEX_POINT('',#17582);
#4750=VERTEX_POINT('',#17586);
#4751=VERTEX_POINT('',#17611);
#4752=VERTEX_POINT('',#17612);
#4753=VERTEX_POINT('',#17617);
#4754=VERTEX_POINT('',#17619);
#4755=VERTEX_POINT('',#17633);
#4756=VERTEX_POINT('',#17638);
#4757=VERTEX_POINT('',#17649);
#4758=VERTEX_POINT('',#17654);
#4759=VERTEX_POINT('',#17668);
#4760=VERTEX_POINT('',#17673);
#4761=VERTEX_POINT('',#17680);
#4762=VERTEX_POINT('',#17682);
#4763=VERTEX_POINT('',#17693);
#4764=VERTEX_POINT('',#17698);
#4765=VERTEX_POINT('',#17705);
#4766=VERTEX_POINT('',#17707);
#4767=VERTEX_POINT('',#17718);
#4768=VERTEX_POINT('',#17723);
#4769=VERTEX_POINT('',#17735);
#4770=VERTEX_POINT('',#17739);
#4771=VERTEX_POINT('',#17750);
#4772=VERTEX_POINT('',#17754);
#4773=VERTEX_POINT('',#17767);
#4774=VERTEX_POINT('',#17772);
#4775=VERTEX_POINT('',#17784);
#4776=VERTEX_POINT('',#17788);
#4777=VERTEX_POINT('',#17799);
#4778=VERTEX_POINT('',#17803);
#4779=VERTEX_POINT('',#17816);
#4780=VERTEX_POINT('',#17821);
#4781=VERTEX_POINT('',#17835);
#4782=VERTEX_POINT('',#17840);
#4783=VERTEX_POINT('',#17852);
#4784=VERTEX_POINT('',#17856);
#4785=VERTEX_POINT('',#17867);
#4786=VERTEX_POINT('',#17871);
#4787=VERTEX_POINT('',#17882);
#4788=VERTEX_POINT('',#17883);
#4789=VERTEX_POINT('',#17885);
#4790=VERTEX_POINT('',#17887);
#4791=VERTEX_POINT('',#17891);
#4792=VERTEX_POINT('',#17893);
#4793=VERTEX_POINT('',#17897);
#4794=VERTEX_POINT('',#17899);
#4795=VERTEX_POINT('',#17903);
#4796=VERTEX_POINT('',#17905);
#4797=VERTEX_POINT('',#17914);
#4798=VERTEX_POINT('',#17918);
#4799=VERTEX_POINT('',#17929);
#4800=VERTEX_POINT('',#17933);
#4801=VERTEX_POINT('',#17944);
#4802=VERTEX_POINT('',#17948);
#4803=VERTEX_POINT('',#17954);
#4804=VERTEX_POINT('',#17956);
#4805=VERTEX_POINT('',#17965);
#4806=VERTEX_POINT('',#17969);
#4807=VERTEX_POINT('',#17984);
#4808=VERTEX_POINT('',#17990);
#4809=VERTEX_POINT('',#17998);
#4810=VERTEX_POINT('',#18000);
#4811=VERTEX_POINT('',#18004);
#4812=VERTEX_POINT('',#18006);
#4813=VERTEX_POINT('',#18010);
#4814=VERTEX_POINT('',#18012);
#4815=VERTEX_POINT('',#18016);
#4816=VERTEX_POINT('',#18018);
#4817=VERTEX_POINT('',#18022);
#4818=VERTEX_POINT('',#18024);
#4819=VERTEX_POINT('',#18028);
#4820=VERTEX_POINT('',#18030);
#4821=VERTEX_POINT('',#18039);
#4822=VERTEX_POINT('',#18040);
#4823=VERTEX_POINT('',#18042);
#4824=VERTEX_POINT('',#18044);
#4825=VERTEX_POINT('',#18048);
#4826=VERTEX_POINT('',#18050);
#4827=VERTEX_POINT('',#18054);
#4828=VERTEX_POINT('',#18056);
#4829=VERTEX_POINT('',#18065);
#4830=VERTEX_POINT('',#18066);
#4831=VERTEX_POINT('',#18068);
#4832=VERTEX_POINT('',#18070);
#4833=VERTEX_POINT('',#18079);
#4834=VERTEX_POINT('',#18083);
#4835=VERTEX_POINT('',#18094);
#4836=VERTEX_POINT('',#18098);
#4837=VERTEX_POINT('',#18125);
#4838=VERTEX_POINT('',#18126);
#4839=VERTEX_POINT('',#18130);
#4840=VERTEX_POINT('',#18132);
#4841=VERTEX_POINT('',#18143);
#4842=VERTEX_POINT('',#18147);
#4843=VERTEX_POINT('',#18158);
#4844=VERTEX_POINT('',#18162);
#4845=VERTEX_POINT('',#18173);
#4846=VERTEX_POINT('',#18177);
#4847=VERTEX_POINT('',#18183);
#4848=VERTEX_POINT('',#18185);
#4849=VERTEX_POINT('',#18196);
#4850=VERTEX_POINT('',#18201);
#4851=VERTEX_POINT('',#18217);
#4852=VERTEX_POINT('',#18223);
#4853=VERTEX_POINT('',#18238);
#4854=VERTEX_POINT('',#18243);
#4855=VERTEX_POINT('',#18259);
#4856=VERTEX_POINT('',#18265);
#4857=VERTEX_POINT('',#18273);
#4858=VERTEX_POINT('',#18275);
#4859=VERTEX_POINT('',#18291);
#4860=VERTEX_POINT('',#18292);
#4861=VERTEX_POINT('',#18297);
#4862=VERTEX_POINT('',#18299);
#4863=VERTEX_POINT('',#18311);
#4864=VERTEX_POINT('',#18315);
#4865=VERTEX_POINT('',#18326);
#4866=VERTEX_POINT('',#18330);
#4867=VERTEX_POINT('',#18341);
#4868=VERTEX_POINT('',#18345);
#4869=VERTEX_POINT('',#18356);
#4870=VERTEX_POINT('',#18360);
#4871=VERTEX_POINT('',#18375);
#4872=VERTEX_POINT('',#18381);
#4873=VERTEX_POINT('',#18398);
#4874=VERTEX_POINT('',#18404);
#4875=VERTEX_POINT('',#18421);
#4876=VERTEX_POINT('',#18427);
#4877=VERTEX_POINT('',#18435);
#4878=VERTEX_POINT('',#18437);
#4879=VERTEX_POINT('',#18446);
#4880=VERTEX_POINT('',#18450);
#4881=VERTEX_POINT('',#18461);
#4882=VERTEX_POINT('',#18465);
#4883=VERTEX_POINT('',#18478);
#4884=VERTEX_POINT('',#18483);
#4885=VERTEX_POINT('',#18495);
#4886=VERTEX_POINT('',#18499);
#4887=VERTEX_POINT('',#18510);
#4888=VERTEX_POINT('',#18514);
#4889=VERTEX_POINT('',#18529);
#4890=VERTEX_POINT('',#18535);
#4891=VERTEX_POINT('',#18552);
#4892=VERTEX_POINT('',#18558);
#4893=VERTEX_POINT('',#18573);
#4894=VERTEX_POINT('',#18578);
#4895=EDGE_CURVE('',#3949,#3950,#1977,.T.);
#4896=EDGE_CURVE('',#3949,#3951,#1978,.T.);
#4897=EDGE_CURVE('',#3952,#3951,#1979,.T.);
#4898=EDGE_CURVE('',#3950,#3952,#1980,.T.);
#4899=EDGE_CURVE('',#3950,#3953,#1981,.T.);
#4900=EDGE_CURVE('',#3954,#3952,#1982,.T.);
#4901=EDGE_CURVE('',#3953,#3954,#1983,.T.);
#4902=EDGE_CURVE('',#3953,#3955,#1984,.T.);
#4903=EDGE_CURVE('',#3956,#3954,#1985,.T.);
#4904=EDGE_CURVE('',#3955,#3956,#1986,.T.);
#4905=EDGE_CURVE('',#3955,#3949,#1987,.T.);
#4906=EDGE_CURVE('',#3951,#3956,#1988,.T.);
#4907=EDGE_CURVE('',#3957,#3958,#1989,.T.);
#4908=EDGE_CURVE('',#3958,#3959,#1990,.T.);
#4909=EDGE_CURVE('',#3960,#3959,#1991,.T.);
#4910=EDGE_CURVE('',#3957,#3960,#1992,.T.);
#4911=EDGE_CURVE('',#3961,#3957,#1993,.T.);
#4912=EDGE_CURVE('',#3962,#3960,#1994,.T.);
#4913=EDGE_CURVE('',#3961,#3962,#1995,.T.);
#4914=EDGE_CURVE('',#3963,#3961,#1996,.T.);
#4915=EDGE_CURVE('',#3964,#3962,#1997,.T.);
#4916=EDGE_CURVE('',#3963,#3964,#1998,.T.);
#4917=EDGE_CURVE('',#3958,#3963,#1999,.T.);
#4918=EDGE_CURVE('',#3959,#3964,#2000,.T.);
#4919=EDGE_CURVE('',#3965,#3966,#2001,.T.);
#4920=EDGE_CURVE('',#3966,#3967,#2002,.T.);
#4921=EDGE_CURVE('',#3968,#3967,#2003,.T.);
#4922=EDGE_CURVE('',#3965,#3968,#2004,.T.);
#4923=EDGE_CURVE('',#3969,#3965,#2005,.T.);
#4924=EDGE_CURVE('',#3970,#3968,#2006,.T.);
#4925=EDGE_CURVE('',#3969,#3970,#2007,.T.);
#4926=EDGE_CURVE('',#3971,#3969,#2008,.T.);
#4927=EDGE_CURVE('',#3972,#3970,#2009,.T.);
#4928=EDGE_CURVE('',#3971,#3972,#2010,.T.);
#4929=EDGE_CURVE('',#3966,#3971,#2011,.T.);
#4930=EDGE_CURVE('',#3967,#3972,#2012,.T.);
#4931=EDGE_CURVE('',#3973,#3974,#2013,.T.);
#4932=EDGE_CURVE('',#3974,#3975,#2014,.T.);
#4933=EDGE_CURVE('',#3976,#3975,#2015,.T.);
#4934=EDGE_CURVE('',#3973,#3976,#2016,.T.);
#4935=EDGE_CURVE('',#3977,#3973,#2017,.T.);
#4936=EDGE_CURVE('',#3978,#3976,#2018,.T.);
#4937=EDGE_CURVE('',#3977,#3978,#2019,.T.);
#4938=EDGE_CURVE('',#3979,#3977,#2020,.T.);
#4939=EDGE_CURVE('',#3980,#3978,#2021,.T.);
#4940=EDGE_CURVE('',#3979,#3980,#2022,.T.);
#4941=EDGE_CURVE('',#3974,#3979,#2023,.T.);
#4942=EDGE_CURVE('',#3975,#3980,#2024,.T.);
#4943=EDGE_CURVE('',#3981,#3982,#2025,.T.);
#4944=EDGE_CURVE('',#3982,#3983,#2026,.T.);
#4945=EDGE_CURVE('',#3984,#3983,#2027,.T.);
#4946=EDGE_CURVE('',#3981,#3984,#2028,.T.);
#4947=EDGE_CURVE('',#3985,#3981,#2029,.T.);
#4948=EDGE_CURVE('',#3986,#3984,#2030,.T.);
#4949=EDGE_CURVE('',#3985,#3986,#2031,.T.);
#4950=EDGE_CURVE('',#3987,#3985,#2032,.T.);
#4951=EDGE_CURVE('',#3988,#3986,#2033,.T.);
#4952=EDGE_CURVE('',#3987,#3988,#2034,.T.);
#4953=EDGE_CURVE('',#3982,#3987,#2035,.T.);
#4954=EDGE_CURVE('',#3983,#3988,#2036,.T.);
#4955=EDGE_CURVE('',#3989,#3990,#2037,.T.);
#4956=EDGE_CURVE('',#3990,#3991,#2038,.T.);
#4957=EDGE_CURVE('',#3992,#3991,#2039,.T.);
#4958=EDGE_CURVE('',#3989,#3992,#2040,.T.);
#4959=EDGE_CURVE('',#3993,#3989,#2041,.T.);
#4960=EDGE_CURVE('',#3994,#3992,#2042,.T.);
#4961=EDGE_CURVE('',#3993,#3994,#2043,.T.);
#4962=EDGE_CURVE('',#3995,#3993,#2044,.T.);
#4963=EDGE_CURVE('',#3996,#3994,#2045,.T.);
#4964=EDGE_CURVE('',#3995,#3996,#2046,.T.);
#4965=EDGE_CURVE('',#3990,#3995,#2047,.T.);
#4966=EDGE_CURVE('',#3991,#3996,#2048,.T.);
#4967=EDGE_CURVE('',#3997,#3998,#2049,.T.);
#4968=EDGE_CURVE('',#3997,#3999,#2050,.T.);
#4969=EDGE_CURVE('',#4000,#3999,#2051,.T.);
#4970=EDGE_CURVE('',#3998,#4000,#2052,.T.);
#4971=EDGE_CURVE('',#3998,#4001,#2053,.T.);
#4972=EDGE_CURVE('',#4002,#4000,#2054,.T.);
#4973=EDGE_CURVE('',#4001,#4002,#2055,.T.);
#4974=EDGE_CURVE('',#4001,#4003,#2056,.T.);
#4975=EDGE_CURVE('',#4004,#4002,#2057,.T.);
#4976=EDGE_CURVE('',#4003,#4004,#2058,.T.);
#4977=EDGE_CURVE('',#4003,#3997,#2059,.T.);
#4978=EDGE_CURVE('',#3999,#4004,#2060,.T.);
#4979=EDGE_CURVE('',#4005,#4006,#2061,.T.);
#4980=EDGE_CURVE('',#4005,#4007,#2062,.T.);
#4981=EDGE_CURVE('',#4008,#4007,#2063,.T.);
#4982=EDGE_CURVE('',#4006,#4008,#2064,.T.);
#4983=EDGE_CURVE('',#4006,#4009,#2065,.T.);
#4984=EDGE_CURVE('',#4010,#4008,#2066,.T.);
#4985=EDGE_CURVE('',#4009,#4010,#2067,.T.);
#4986=EDGE_CURVE('',#4009,#4011,#2068,.T.);
#4987=EDGE_CURVE('',#4012,#4010,#2069,.T.);
#4988=EDGE_CURVE('',#4011,#4012,#2070,.T.);
#4989=EDGE_CURVE('',#4011,#4005,#2071,.T.);
#4990=EDGE_CURVE('',#4007,#4012,#2072,.T.);
#4991=EDGE_CURVE('',#4013,#4014,#2073,.T.);
#4992=EDGE_CURVE('',#4013,#4015,#2074,.T.);
#4993=EDGE_CURVE('',#4016,#4015,#2075,.T.);
#4994=EDGE_CURVE('',#4014,#4016,#2076,.T.);
#4995=EDGE_CURVE('',#4014,#4017,#2077,.T.);
#4996=EDGE_CURVE('',#4018,#4016,#2078,.T.);
#4997=EDGE_CURVE('',#4017,#4018,#2079,.T.);
#4998=EDGE_CURVE('',#4017,#4019,#2080,.T.);
#4999=EDGE_CURVE('',#4020,#4018,#2081,.T.);
#5000=EDGE_CURVE('',#4019,#4020,#2082,.T.);
#5001=EDGE_CURVE('',#4019,#4013,#2083,.T.);
#5002=EDGE_CURVE('',#4015,#4020,#2084,.T.);
#5003=EDGE_CURVE('',#4021,#4022,#2085,.T.);
#5004=EDGE_CURVE('',#4021,#4023,#2086,.T.);
#5005=EDGE_CURVE('',#4024,#4023,#2087,.T.);
#5006=EDGE_CURVE('',#4022,#4024,#2088,.T.);
#5007=EDGE_CURVE('',#4022,#4025,#2089,.T.);
#5008=EDGE_CURVE('',#4026,#4024,#2090,.T.);
#5009=EDGE_CURVE('',#4025,#4026,#2091,.T.);
#5010=EDGE_CURVE('',#4025,#4027,#2092,.T.);
#5011=EDGE_CURVE('',#4028,#4026,#2093,.T.);
#5012=EDGE_CURVE('',#4027,#4028,#2094,.T.);
#5013=EDGE_CURVE('',#4027,#4021,#2095,.T.);
#5014=EDGE_CURVE('',#4023,#4028,#2096,.T.);
#5015=EDGE_CURVE('',#4029,#4030,#2097,.T.);
#5016=EDGE_CURVE('',#4029,#4031,#2098,.T.);
#5017=EDGE_CURVE('',#4032,#4031,#2099,.T.);
#5018=EDGE_CURVE('',#4030,#4032,#2100,.T.);
#5019=EDGE_CURVE('',#4030,#4033,#2101,.T.);
#5020=EDGE_CURVE('',#4034,#4032,#2102,.T.);
#5021=EDGE_CURVE('',#4033,#4034,#2103,.T.);
#5022=EDGE_CURVE('',#4033,#4035,#2104,.T.);
#5023=EDGE_CURVE('',#4036,#4034,#2105,.T.);
#5024=EDGE_CURVE('',#4035,#4036,#2106,.T.);
#5025=EDGE_CURVE('',#4035,#4029,#2107,.T.);
#5026=EDGE_CURVE('',#4031,#4036,#2108,.T.);
#5027=EDGE_CURVE('',#4037,#4038,#2109,.T.);
#5028=EDGE_CURVE('',#4037,#4039,#2110,.T.);
#5029=EDGE_CURVE('',#4040,#4039,#2111,.T.);
#5030=EDGE_CURVE('',#4038,#4040,#2112,.T.);
#5031=EDGE_CURVE('',#4038,#4041,#2113,.T.);
#5032=EDGE_CURVE('',#4042,#4040,#2114,.T.);
#5033=EDGE_CURVE('',#4041,#4042,#2115,.T.);
#5034=EDGE_CURVE('',#4041,#4043,#2116,.T.);
#5035=EDGE_CURVE('',#4044,#4042,#2117,.T.);
#5036=EDGE_CURVE('',#4043,#4044,#2118,.T.);
#5037=EDGE_CURVE('',#4043,#4037,#2119,.T.);
#5038=EDGE_CURVE('',#4039,#4044,#2120,.T.);
#5039=EDGE_CURVE('',#4045,#4046,#2121,.T.);
#5040=EDGE_CURVE('',#4045,#4047,#2122,.T.);
#5041=EDGE_CURVE('',#4048,#4047,#2123,.T.);
#5042=EDGE_CURVE('',#4046,#4048,#2124,.T.);
#5043=EDGE_CURVE('',#4046,#4049,#2125,.T.);
#5044=EDGE_CURVE('',#4050,#4048,#2126,.T.);
#5045=EDGE_CURVE('',#4049,#4050,#2127,.T.);
#5046=EDGE_CURVE('',#4049,#4051,#2128,.T.);
#5047=EDGE_CURVE('',#4052,#4050,#2129,.T.);
#5048=EDGE_CURVE('',#4051,#4052,#2130,.T.);
#5049=EDGE_CURVE('',#4051,#4045,#2131,.T.);
#5050=EDGE_CURVE('',#4047,#4052,#2132,.T.);
#5051=EDGE_CURVE('',#4053,#4054,#2133,.T.);
#5052=EDGE_CURVE('',#4054,#4055,#2134,.T.);
#5053=EDGE_CURVE('',#4056,#4055,#2135,.T.);
#5054=EDGE_CURVE('',#4053,#4056,#2136,.T.);
#5055=EDGE_CURVE('',#4057,#4053,#2137,.T.);
#5056=EDGE_CURVE('',#4058,#4056,#2138,.T.);
#5057=EDGE_CURVE('',#4057,#4058,#2139,.T.);
#5058=EDGE_CURVE('',#4059,#4057,#2140,.T.);
#5059=EDGE_CURVE('',#4060,#4058,#2141,.T.);
#5060=EDGE_CURVE('',#4059,#4060,#2142,.T.);
#5061=EDGE_CURVE('',#4054,#4059,#2143,.T.);
#5062=EDGE_CURVE('',#4055,#4060,#2144,.T.);
#5063=EDGE_CURVE('',#4061,#4062,#2145,.T.);
#5064=EDGE_CURVE('',#4062,#4063,#2146,.T.);
#5065=EDGE_CURVE('',#4064,#4063,#2147,.T.);
#5066=EDGE_CURVE('',#4061,#4064,#2148,.T.);
#5067=EDGE_CURVE('',#4065,#4061,#2149,.T.);
#5068=EDGE_CURVE('',#4066,#4064,#2150,.T.);
#5069=EDGE_CURVE('',#4065,#4066,#2151,.T.);
#5070=EDGE_CURVE('',#4067,#4065,#2152,.T.);
#5071=EDGE_CURVE('',#4068,#4066,#2153,.T.);
#5072=EDGE_CURVE('',#4067,#4068,#2154,.T.);
#5073=EDGE_CURVE('',#4062,#4067,#2155,.T.);
#5074=EDGE_CURVE('',#4063,#4068,#2156,.T.);
#5075=EDGE_CURVE('',#4069,#4070,#2157,.T.);
#5076=EDGE_CURVE('',#4070,#4071,#2158,.T.);
#5077=EDGE_CURVE('',#4072,#4071,#2159,.T.);
#5078=EDGE_CURVE('',#4069,#4072,#2160,.T.);
#5079=EDGE_CURVE('',#4073,#4069,#2161,.T.);
#5080=EDGE_CURVE('',#4074,#4072,#2162,.T.);
#5081=EDGE_CURVE('',#4073,#4074,#2163,.T.);
#5082=EDGE_CURVE('',#4075,#4073,#2164,.T.);
#5083=EDGE_CURVE('',#4076,#4074,#2165,.T.);
#5084=EDGE_CURVE('',#4075,#4076,#2166,.T.);
#5085=EDGE_CURVE('',#4070,#4075,#2167,.T.);
#5086=EDGE_CURVE('',#4071,#4076,#2168,.T.);
#5087=EDGE_CURVE('',#4077,#4078,#2169,.T.);
#5088=EDGE_CURVE('',#4077,#4079,#2170,.T.);
#5089=EDGE_CURVE('',#4080,#4079,#2171,.T.);
#5090=EDGE_CURVE('',#4078,#4080,#2172,.T.);
#5091=EDGE_CURVE('',#4078,#4081,#2173,.T.);
#5092=EDGE_CURVE('',#4082,#4080,#2174,.T.);
#5093=EDGE_CURVE('',#4081,#4082,#2175,.T.);
#5094=EDGE_CURVE('',#4081,#4083,#2176,.T.);
#5095=EDGE_CURVE('',#4084,#4082,#2177,.T.);
#5096=EDGE_CURVE('',#4083,#4084,#2178,.T.);
#5097=EDGE_CURVE('',#4083,#4077,#2179,.T.);
#5098=EDGE_CURVE('',#4079,#4084,#2180,.T.);
#5099=EDGE_CURVE('',#4085,#4086,#2181,.T.);
#5100=EDGE_CURVE('',#4086,#4087,#2182,.T.);
#5101=EDGE_CURVE('',#4088,#4087,#2183,.T.);
#5102=EDGE_CURVE('',#4085,#4088,#2184,.T.);
#5103=EDGE_CURVE('',#4089,#4085,#2185,.T.);
#5104=EDGE_CURVE('',#4090,#4088,#2186,.T.);
#5105=EDGE_CURVE('',#4089,#4090,#2187,.T.);
#5106=EDGE_CURVE('',#4091,#4089,#2188,.T.);
#5107=EDGE_CURVE('',#4092,#4090,#2189,.T.);
#5108=EDGE_CURVE('',#4091,#4092,#2190,.T.);
#5109=EDGE_CURVE('',#4086,#4091,#2191,.T.);
#5110=EDGE_CURVE('',#4087,#4092,#2192,.T.);
#5111=EDGE_CURVE('',#4093,#4094,#2193,.T.);
#5112=EDGE_CURVE('',#4094,#4095,#2194,.T.);
#5113=EDGE_CURVE('',#4096,#4095,#2195,.T.);
#5114=EDGE_CURVE('',#4093,#4096,#2196,.T.);
#5115=EDGE_CURVE('',#4097,#4093,#2197,.T.);
#5116=EDGE_CURVE('',#4098,#4096,#2198,.T.);
#5117=EDGE_CURVE('',#4097,#4098,#2199,.T.);
#5118=EDGE_CURVE('',#4099,#4097,#2200,.T.);
#5119=EDGE_CURVE('',#4100,#4098,#2201,.T.);
#5120=EDGE_CURVE('',#4099,#4100,#2202,.T.);
#5121=EDGE_CURVE('',#4094,#4099,#2203,.T.);
#5122=EDGE_CURVE('',#4095,#4100,#2204,.T.);
#5123=EDGE_CURVE('',#4101,#4102,#2205,.T.);
#5124=EDGE_CURVE('',#4102,#4103,#2206,.T.);
#5125=EDGE_CURVE('',#4104,#4103,#2207,.T.);
#5126=EDGE_CURVE('',#4101,#4104,#2208,.T.);
#5127=EDGE_CURVE('',#4105,#4101,#2209,.T.);
#5128=EDGE_CURVE('',#4106,#4104,#2210,.T.);
#5129=EDGE_CURVE('',#4105,#4106,#2211,.T.);
#5130=EDGE_CURVE('',#4107,#4105,#2212,.T.);
#5131=EDGE_CURVE('',#4108,#4106,#2213,.T.);
#5132=EDGE_CURVE('',#4107,#4108,#2214,.T.);
#5133=EDGE_CURVE('',#4102,#4107,#2215,.T.);
#5134=EDGE_CURVE('',#4103,#4108,#2216,.T.);
#5135=EDGE_CURVE('',#4109,#4110,#2217,.T.);
#5136=EDGE_CURVE('',#4109,#4111,#2218,.T.);
#5137=EDGE_CURVE('',#4112,#4111,#2219,.T.);
#5138=EDGE_CURVE('',#4110,#4112,#2220,.T.);
#5139=EDGE_CURVE('',#4110,#4113,#2221,.T.);
#5140=EDGE_CURVE('',#4114,#4112,#2222,.T.);
#5141=EDGE_CURVE('',#4113,#4114,#2223,.T.);
#5142=EDGE_CURVE('',#4113,#4115,#2224,.T.);
#5143=EDGE_CURVE('',#4116,#4114,#2225,.T.);
#5144=EDGE_CURVE('',#4115,#4116,#2226,.T.);
#5145=EDGE_CURVE('',#4115,#4109,#2227,.T.);
#5146=EDGE_CURVE('',#4111,#4116,#2228,.T.);
#5147=EDGE_CURVE('',#4117,#4118,#2229,.T.);
#5148=EDGE_CURVE('',#4117,#4119,#2230,.T.);
#5149=EDGE_CURVE('',#4120,#4119,#2231,.T.);
#5150=EDGE_CURVE('',#4118,#4120,#2232,.T.);
#5151=EDGE_CURVE('',#4118,#4121,#2233,.T.);
#5152=EDGE_CURVE('',#4122,#4120,#2234,.T.);
#5153=EDGE_CURVE('',#4121,#4122,#2235,.T.);
#5154=EDGE_CURVE('',#4121,#4123,#2236,.T.);
#5155=EDGE_CURVE('',#4124,#4122,#2237,.T.);
#5156=EDGE_CURVE('',#4123,#4124,#2238,.T.);
#5157=EDGE_CURVE('',#4123,#4117,#2239,.T.);
#5158=EDGE_CURVE('',#4119,#4124,#2240,.T.);
#5159=EDGE_CURVE('',#4125,#4126,#2241,.T.);
#5160=EDGE_CURVE('',#4125,#4127,#2242,.T.);
#5161=EDGE_CURVE('',#4128,#4127,#2243,.T.);
#5162=EDGE_CURVE('',#4126,#4128,#2244,.T.);
#5163=EDGE_CURVE('',#4126,#4129,#2245,.T.);
#5164=EDGE_CURVE('',#4130,#4128,#2246,.T.);
#5165=EDGE_CURVE('',#4129,#4130,#2247,.T.);
#5166=EDGE_CURVE('',#4129,#4131,#2248,.T.);
#5167=EDGE_CURVE('',#4132,#4130,#2249,.T.);
#5168=EDGE_CURVE('',#4131,#4132,#2250,.T.);
#5169=EDGE_CURVE('',#4131,#4125,#2251,.T.);
#5170=EDGE_CURVE('',#4127,#4132,#2252,.T.);
#5171=EDGE_CURVE('',#4133,#4134,#2253,.T.);
#5172=EDGE_CURVE('',#4133,#4135,#2254,.T.);
#5173=EDGE_CURVE('',#4136,#4135,#2255,.T.);
#5174=EDGE_CURVE('',#4134,#4136,#2256,.T.);
#5175=EDGE_CURVE('',#4134,#4137,#2257,.T.);
#5176=EDGE_CURVE('',#4138,#4136,#2258,.T.);
#5177=EDGE_CURVE('',#4137,#4138,#2259,.T.);
#5178=EDGE_CURVE('',#4137,#4139,#2260,.T.);
#5179=EDGE_CURVE('',#4140,#4138,#2261,.T.);
#5180=EDGE_CURVE('',#4139,#4140,#2262,.T.);
#5181=EDGE_CURVE('',#4139,#4133,#2263,.T.);
#5182=EDGE_CURVE('',#4135,#4140,#2264,.T.);
#5183=EDGE_CURVE('',#4141,#4142,#2265,.T.);
#5184=EDGE_CURVE('',#4141,#4143,#2266,.T.);
#5185=EDGE_CURVE('',#4144,#4143,#2267,.T.);
#5186=EDGE_CURVE('',#4142,#4144,#2268,.T.);
#5187=EDGE_CURVE('',#4142,#4145,#2269,.T.);
#5188=EDGE_CURVE('',#4146,#4144,#2270,.T.);
#5189=EDGE_CURVE('',#4145,#4146,#2271,.T.);
#5190=EDGE_CURVE('',#4145,#4147,#2272,.T.);
#5191=EDGE_CURVE('',#4148,#4146,#2273,.T.);
#5192=EDGE_CURVE('',#4147,#4148,#2274,.T.);
#5193=EDGE_CURVE('',#4147,#4141,#2275,.T.);
#5194=EDGE_CURVE('',#4143,#4148,#2276,.T.);
#5195=EDGE_CURVE('',#4149,#4150,#2277,.T.);
#5196=EDGE_CURVE('',#4150,#4151,#2278,.T.);
#5197=EDGE_CURVE('',#4152,#4151,#2279,.T.);
#5198=EDGE_CURVE('',#4149,#4152,#2280,.T.);
#5199=EDGE_CURVE('',#4153,#4149,#2281,.T.);
#5200=EDGE_CURVE('',#4154,#4152,#2282,.T.);
#5201=EDGE_CURVE('',#4153,#4154,#2283,.T.);
#5202=EDGE_CURVE('',#4155,#4153,#2284,.T.);
#5203=EDGE_CURVE('',#4156,#4154,#2285,.T.);
#5204=EDGE_CURVE('',#4155,#4156,#2286,.T.);
#5205=EDGE_CURVE('',#4150,#4155,#2287,.T.);
#5206=EDGE_CURVE('',#4151,#4156,#2288,.T.);
#5207=EDGE_CURVE('',#4157,#4158,#2289,.T.);
#5208=EDGE_CURVE('',#4157,#4159,#2290,.T.);
#5209=EDGE_CURVE('',#4160,#4159,#2291,.T.);
#5210=EDGE_CURVE('',#4158,#4160,#2292,.T.);
#5211=EDGE_CURVE('',#4158,#4161,#2293,.T.);
#5212=EDGE_CURVE('',#4162,#4160,#2294,.T.);
#5213=EDGE_CURVE('',#4161,#4162,#2295,.T.);
#5214=EDGE_CURVE('',#4161,#4163,#2296,.T.);
#5215=EDGE_CURVE('',#4164,#4162,#2297,.T.);
#5216=EDGE_CURVE('',#4163,#4164,#2298,.T.);
#5217=EDGE_CURVE('',#4163,#4157,#2299,.T.);
#5218=EDGE_CURVE('',#4159,#4164,#2300,.T.);
#5219=EDGE_CURVE('',#4165,#4166,#2301,.T.);
#5220=EDGE_CURVE('',#4166,#4167,#2302,.T.);
#5221=EDGE_CURVE('',#4168,#4167,#2303,.T.);
#5222=EDGE_CURVE('',#4165,#4168,#2304,.T.);
#5223=EDGE_CURVE('',#4169,#4165,#2305,.T.);
#5224=EDGE_CURVE('',#4170,#4168,#2306,.T.);
#5225=EDGE_CURVE('',#4169,#4170,#2307,.T.);
#5226=EDGE_CURVE('',#4171,#4169,#2308,.T.);
#5227=EDGE_CURVE('',#4172,#4170,#2309,.T.);
#5228=EDGE_CURVE('',#4171,#4172,#2310,.T.);
#5229=EDGE_CURVE('',#4166,#4171,#2311,.T.);
#5230=EDGE_CURVE('',#4167,#4172,#2312,.T.);
#5231=EDGE_CURVE('',#4173,#4174,#2313,.T.);
#5232=EDGE_CURVE('',#4173,#4175,#2314,.T.);
#5233=EDGE_CURVE('',#4176,#4175,#2315,.T.);
#5234=EDGE_CURVE('',#4174,#4176,#2316,.T.);
#5235=EDGE_CURVE('',#4174,#4177,#2317,.T.);
#5236=EDGE_CURVE('',#4178,#4176,#2318,.T.);
#5237=EDGE_CURVE('',#4177,#4178,#2319,.T.);
#5238=EDGE_CURVE('',#4177,#4179,#2320,.T.);
#5239=EDGE_CURVE('',#4180,#4178,#2321,.T.);
#5240=EDGE_CURVE('',#4179,#4180,#2322,.T.);
#5241=EDGE_CURVE('',#4179,#4173,#2323,.T.);
#5242=EDGE_CURVE('',#4175,#4180,#2324,.T.);
#5243=EDGE_CURVE('',#4181,#4182,#2325,.T.);
#5244=EDGE_CURVE('',#4182,#4183,#2326,.T.);
#5245=EDGE_CURVE('',#4184,#4183,#2327,.T.);
#5246=EDGE_CURVE('',#4181,#4184,#2328,.T.);
#5247=EDGE_CURVE('',#4185,#4181,#2329,.T.);
#5248=EDGE_CURVE('',#4186,#4184,#2330,.T.);
#5249=EDGE_CURVE('',#4185,#4186,#2331,.T.);
#5250=EDGE_CURVE('',#4187,#4185,#2332,.T.);
#5251=EDGE_CURVE('',#4188,#4186,#2333,.T.);
#5252=EDGE_CURVE('',#4187,#4188,#2334,.T.);
#5253=EDGE_CURVE('',#4182,#4187,#2335,.T.);
#5254=EDGE_CURVE('',#4183,#4188,#2336,.T.);
#5255=EDGE_CURVE('',#4189,#4190,#2337,.T.);
#5256=EDGE_CURVE('',#4189,#4191,#2338,.T.);
#5257=EDGE_CURVE('',#4192,#4191,#2339,.T.);
#5258=EDGE_CURVE('',#4190,#4192,#2340,.T.);
#5259=EDGE_CURVE('',#4190,#4193,#2341,.T.);
#5260=EDGE_CURVE('',#4194,#4192,#2342,.T.);
#5261=EDGE_CURVE('',#4193,#4194,#2343,.T.);
#5262=EDGE_CURVE('',#4193,#4195,#2344,.T.);
#5263=EDGE_CURVE('',#4196,#4194,#2345,.T.);
#5264=EDGE_CURVE('',#4195,#4196,#2346,.T.);
#5265=EDGE_CURVE('',#4195,#4189,#2347,.T.);
#5266=EDGE_CURVE('',#4191,#4196,#2348,.T.);
#5267=EDGE_CURVE('',#4197,#4198,#2349,.T.);
#5268=EDGE_CURVE('',#4197,#4199,#2350,.T.);
#5269=EDGE_CURVE('',#4200,#4199,#2351,.T.);
#5270=EDGE_CURVE('',#4198,#4200,#2352,.T.);
#5271=EDGE_CURVE('',#4198,#4201,#57,.T.);
#5272=EDGE_CURVE('',#4202,#4200,#58,.T.);
#5273=EDGE_CURVE('',#4201,#4202,#2353,.T.);
#5274=EDGE_CURVE('',#4201,#4203,#59,.T.);
#5275=EDGE_CURVE('',#4204,#4202,#60,.T.);
#5276=EDGE_CURVE('',#4203,#4204,#2354,.T.);
#5277=EDGE_CURVE('',#4203,#4205,#2355,.T.);
#5278=EDGE_CURVE('',#4206,#4204,#2356,.T.);
#5279=EDGE_CURVE('',#4205,#4206,#2357,.T.);
#5280=EDGE_CURVE('',#4205,#4207,#61,.T.);
#5281=EDGE_CURVE('',#4208,#4206,#62,.T.);
#5282=EDGE_CURVE('',#4207,#4208,#2358,.T.);
#5283=EDGE_CURVE('',#4207,#4209,#63,.T.);
#5284=EDGE_CURVE('',#4210,#4208,#64,.T.);
#5285=EDGE_CURVE('',#4209,#4210,#2359,.T.);
#5286=EDGE_CURVE('',#4209,#4211,#65,.T.);
#5287=EDGE_CURVE('',#4212,#4210,#66,.T.);
#5288=EDGE_CURVE('',#4211,#4212,#2360,.T.);
#5289=EDGE_CURVE('',#4211,#4213,#2361,.T.);
#5290=EDGE_CURVE('',#4214,#4212,#2362,.T.);
#5291=EDGE_CURVE('',#4213,#4214,#2363,.T.);
#5292=EDGE_CURVE('',#4213,#4215,#2364,.T.);
#5293=EDGE_CURVE('',#4216,#4214,#2365,.T.);
#5294=EDGE_CURVE('',#4215,#4216,#2366,.T.);
#5295=EDGE_CURVE('',#4215,#4217,#2367,.T.);
#5296=EDGE_CURVE('',#4218,#4216,#2368,.T.);
#5297=EDGE_CURVE('',#4217,#4218,#2369,.T.);
#5298=EDGE_CURVE('',#4217,#4197,#2370,.T.);
#5299=EDGE_CURVE('',#4199,#4218,#2371,.T.);
#5300=EDGE_CURVE('',#4219,#4220,#67,.T.);
#5301=EDGE_CURVE('',#4219,#4221,#2372,.T.);
#5302=EDGE_CURVE('',#4222,#4221,#68,.T.);
#5303=EDGE_CURVE('',#4220,#4222,#2373,.T.);
#5304=EDGE_CURVE('',#4223,#4219,#69,.T.);
#5305=EDGE_CURVE('',#4223,#4224,#2374,.T.);
#5306=EDGE_CURVE('',#4221,#4224,#70,.T.);
#5307=EDGE_CURVE('',#4225,#4223,#71,.T.);
#5308=EDGE_CURVE('',#4225,#4226,#2375,.T.);
#5309=EDGE_CURVE('',#4224,#4226,#72,.T.);
#5310=EDGE_CURVE('',#4220,#4225,#73,.T.);
#5311=EDGE_CURVE('',#4226,#4222,#74,.T.);
#5312=EDGE_CURVE('',#4227,#4228,#75,.T.);
#5313=EDGE_CURVE('',#4227,#4229,#2376,.T.);
#5314=EDGE_CURVE('',#4230,#4229,#76,.T.);
#5315=EDGE_CURVE('',#4228,#4230,#2377,.T.);
#5316=EDGE_CURVE('',#4228,#4231,#77,.T.);
#5317=EDGE_CURVE('',#4232,#4230,#78,.T.);
#5318=EDGE_CURVE('',#4231,#4232,#2378,.T.);
#5319=EDGE_CURVE('',#4231,#4233,#79,.T.);
#5320=EDGE_CURVE('',#4234,#4232,#80,.T.);
#5321=EDGE_CURVE('',#4233,#4234,#2379,.T.);
#5322=EDGE_CURVE('',#4233,#4235,#81,.T.);
#5323=EDGE_CURVE('',#4236,#4234,#82,.T.);
#5324=EDGE_CURVE('',#4235,#4236,#2380,.T.);
#5325=EDGE_CURVE('',#4235,#4237,#83,.T.);
#5326=EDGE_CURVE('',#4238,#4236,#84,.T.);
#5327=EDGE_CURVE('',#4237,#4238,#2381,.T.);
#5328=EDGE_CURVE('',#4237,#4227,#85,.T.);
#5329=EDGE_CURVE('',#4229,#4238,#86,.T.);
#5330=EDGE_CURVE('',#4239,#4240,#2382,.T.);
#5331=EDGE_CURVE('',#4239,#4241,#2383,.T.);
#5332=EDGE_CURVE('',#4242,#4241,#2384,.T.);
#5333=EDGE_CURVE('',#4240,#4242,#2385,.T.);
#5334=EDGE_CURVE('',#4240,#4243,#87,.T.);
#5335=EDGE_CURVE('',#4244,#4242,#88,.T.);
#5336=EDGE_CURVE('',#4243,#4244,#2386,.T.);
#5337=EDGE_CURVE('',#4243,#4245,#89,.T.);
#5338=EDGE_CURVE('',#4246,#4244,#90,.T.);
#5339=EDGE_CURVE('',#4245,#4246,#2387,.T.);
#5340=EDGE_CURVE('',#4245,#4247,#2388,.T.);
#5341=EDGE_CURVE('',#4248,#4246,#2389,.T.);
#5342=EDGE_CURVE('',#4247,#4248,#2390,.T.);
#5343=EDGE_CURVE('',#4247,#4249,#91,.T.);
#5344=EDGE_CURVE('',#4250,#4248,#92,.T.);
#5345=EDGE_CURVE('',#4249,#4250,#2391,.T.);
#5346=EDGE_CURVE('',#4249,#4251,#93,.T.);
#5347=EDGE_CURVE('',#4252,#4250,#94,.T.);
#5348=EDGE_CURVE('',#4251,#4252,#2392,.T.);
#5349=EDGE_CURVE('',#4251,#4253,#95,.T.);
#5350=EDGE_CURVE('',#4254,#4252,#96,.T.);
#5351=EDGE_CURVE('',#4253,#4254,#2393,.T.);
#5352=EDGE_CURVE('',#4253,#4255,#2394,.T.);
#5353=EDGE_CURVE('',#4256,#4254,#2395,.T.);
#5354=EDGE_CURVE('',#4255,#4256,#2396,.T.);
#5355=EDGE_CURVE('',#4255,#4257,#2397,.T.);
#5356=EDGE_CURVE('',#4258,#4256,#2398,.T.);
#5357=EDGE_CURVE('',#4257,#4258,#2399,.T.);
#5358=EDGE_CURVE('',#4257,#4259,#2400,.T.);
#5359=EDGE_CURVE('',#4260,#4258,#2401,.T.);
#5360=EDGE_CURVE('',#4259,#4260,#2402,.T.);
#5361=EDGE_CURVE('',#4259,#4239,#2403,.T.);
#5362=EDGE_CURVE('',#4241,#4260,#2404,.T.);
#5363=EDGE_CURVE('',#4261,#4262,#97,.T.);
#5364=EDGE_CURVE('',#4261,#4263,#2405,.T.);
#5365=EDGE_CURVE('',#4264,#4263,#98,.T.);
#5366=EDGE_CURVE('',#4262,#4264,#2406,.T.);
#5367=EDGE_CURVE('',#4265,#4261,#99,.T.);
#5368=EDGE_CURVE('',#4265,#4266,#2407,.T.);
#5369=EDGE_CURVE('',#4263,#4266,#100,.T.);
#5370=EDGE_CURVE('',#4267,#4265,#101,.T.);
#5371=EDGE_CURVE('',#4267,#4268,#2408,.T.);
#5372=EDGE_CURVE('',#4266,#4268,#102,.T.);
#5373=EDGE_CURVE('',#4262,#4267,#103,.T.);
#5374=EDGE_CURVE('',#4268,#4264,#104,.T.);
#5375=EDGE_CURVE('',#4269,#4270,#105,.T.);
#5376=EDGE_CURVE('',#4269,#4271,#2409,.T.);
#5377=EDGE_CURVE('',#4272,#4271,#106,.T.);
#5378=EDGE_CURVE('',#4270,#4272,#2410,.T.);
#5379=EDGE_CURVE('',#4270,#4273,#107,.T.);
#5380=EDGE_CURVE('',#4274,#4272,#108,.T.);
#5381=EDGE_CURVE('',#4273,#4274,#2411,.T.);
#5382=EDGE_CURVE('',#4273,#4275,#109,.T.);
#5383=EDGE_CURVE('',#4276,#4274,#110,.T.);
#5384=EDGE_CURVE('',#4275,#4276,#2412,.T.);
#5385=EDGE_CURVE('',#4275,#4277,#111,.T.);
#5386=EDGE_CURVE('',#4278,#4276,#112,.T.);
#5387=EDGE_CURVE('',#4277,#4278,#2413,.T.);
#5388=EDGE_CURVE('',#4277,#4279,#113,.T.);
#5389=EDGE_CURVE('',#4280,#4278,#114,.T.);
#5390=EDGE_CURVE('',#4279,#4280,#2414,.T.);
#5391=EDGE_CURVE('',#4279,#4269,#115,.T.);
#5392=EDGE_CURVE('',#4271,#4280,#116,.T.);
#5393=EDGE_CURVE('',#4281,#4282,#117,.T.);
#5394=EDGE_CURVE('',#4281,#4283,#2415,.T.);
#5395=EDGE_CURVE('',#4284,#4283,#118,.T.);
#5396=EDGE_CURVE('',#4282,#4284,#2416,.T.);
#5397=EDGE_CURVE('',#4285,#4281,#119,.T.);
#5398=EDGE_CURVE('',#4285,#4286,#2417,.T.);
#5399=EDGE_CURVE('',#4283,#4286,#120,.T.);
#5400=EDGE_CURVE('',#4287,#4285,#121,.T.);
#5401=EDGE_CURVE('',#4287,#4288,#2418,.T.);
#5402=EDGE_CURVE('',#4286,#4288,#122,.T.);
#5403=EDGE_CURVE('',#4282,#4287,#123,.T.);
#5404=EDGE_CURVE('',#4288,#4284,#124,.T.);
#5405=EDGE_CURVE('',#4289,#4290,#2419,.T.);
#5406=EDGE_CURVE('',#4289,#4291,#2420,.T.);
#5407=EDGE_CURVE('',#4292,#4291,#2421,.T.);
#5408=EDGE_CURVE('',#4290,#4292,#2422,.T.);
#5409=EDGE_CURVE('',#4290,#4293,#125,.T.);
#5410=EDGE_CURVE('',#4294,#4292,#126,.T.);
#5411=EDGE_CURVE('',#4293,#4294,#2423,.T.);
#5412=EDGE_CURVE('',#4293,#4295,#127,.T.);
#5413=EDGE_CURVE('',#4296,#4294,#128,.T.);
#5414=EDGE_CURVE('',#4295,#4296,#2424,.T.);
#5415=EDGE_CURVE('',#4295,#4297,#129,.T.);
#5416=EDGE_CURVE('',#4298,#4296,#130,.T.);
#5417=EDGE_CURVE('',#4297,#4298,#2425,.T.);
#5418=EDGE_CURVE('',#4297,#4299,#131,.T.);
#5419=EDGE_CURVE('',#4300,#4298,#132,.T.);
#5420=EDGE_CURVE('',#4299,#4300,#2426,.T.);
#5421=EDGE_CURVE('',#4299,#4301,#133,.T.);
#5422=EDGE_CURVE('',#4302,#4300,#134,.T.);
#5423=EDGE_CURVE('',#4301,#4302,#2427,.T.);
#5424=EDGE_CURVE('',#4301,#4303,#2428,.T.);
#5425=EDGE_CURVE('',#4304,#4302,#2429,.T.);
#5426=EDGE_CURVE('',#4303,#4304,#2430,.T.);
#5427=EDGE_CURVE('',#4303,#4305,#2431,.T.);
#5428=EDGE_CURVE('',#4306,#4304,#2432,.T.);
#5429=EDGE_CURVE('',#4305,#4306,#2433,.T.);
#5430=EDGE_CURVE('',#4305,#4307,#2434,.T.);
#5431=EDGE_CURVE('',#4308,#4306,#2435,.T.);
#5432=EDGE_CURVE('',#4307,#4308,#2436,.T.);
#5433=EDGE_CURVE('',#4307,#4289,#2437,.T.);
#5434=EDGE_CURVE('',#4291,#4308,#2438,.T.);
#5435=EDGE_CURVE('',#4309,#4310,#2439,.T.);
#5436=EDGE_CURVE('',#4309,#4311,#2440,.T.);
#5437=EDGE_CURVE('',#4312,#4311,#2441,.T.);
#5438=EDGE_CURVE('',#4310,#4312,#2442,.T.);
#5439=EDGE_CURVE('',#4313,#4309,#135,.T.);
#5440=EDGE_CURVE('',#4313,#4314,#2443,.T.);
#5441=EDGE_CURVE('',#4311,#4314,#136,.T.);
#5442=EDGE_CURVE('',#4315,#4313,#137,.T.);
#5443=EDGE_CURVE('',#4315,#4316,#2444,.T.);
#5444=EDGE_CURVE('',#4314,#4316,#138,.T.);
#5445=EDGE_CURVE('',#4317,#4315,#139,.T.);
#5446=EDGE_CURVE('',#4317,#4318,#2445,.T.);
#5447=EDGE_CURVE('',#4316,#4318,#140,.T.);
#5448=EDGE_CURVE('',#4319,#4317,#141,.T.);
#5449=EDGE_CURVE('',#4319,#4320,#2446,.T.);
#5450=EDGE_CURVE('',#4318,#4320,#142,.T.);
#5451=EDGE_CURVE('',#4310,#4319,#143,.T.);
#5452=EDGE_CURVE('',#4320,#4312,#144,.T.);
#5453=EDGE_CURVE('',#4321,#4322,#145,.T.);
#5454=EDGE_CURVE('',#4321,#4323,#2447,.T.);
#5455=EDGE_CURVE('',#4324,#4323,#146,.T.);
#5456=EDGE_CURVE('',#4322,#4324,#2448,.T.);
#5457=EDGE_CURVE('',#4322,#4325,#147,.T.);
#5458=EDGE_CURVE('',#4326,#4324,#26,.T.);
#5459=EDGE_CURVE('',#4325,#4326,#2449,.T.);
#5460=EDGE_CURVE('',#4325,#4327,#148,.T.);
#5461=EDGE_CURVE('',#4328,#4326,#149,.T.);
#5462=EDGE_CURVE('',#4327,#4328,#2450,.T.);
#5463=EDGE_CURVE('',#4327,#4329,#150,.T.);
#5464=EDGE_CURVE('',#4330,#4328,#151,.T.);
#5465=EDGE_CURVE('',#4329,#4330,#2451,.T.);
#5466=EDGE_CURVE('',#4329,#4331,#2452,.T.);
#5467=EDGE_CURVE('',#4332,#4330,#2453,.T.);
#5468=EDGE_CURVE('',#4331,#4332,#2454,.T.);
#5469=EDGE_CURVE('',#4331,#4333,#152,.T.);
#5470=EDGE_CURVE('',#4334,#4332,#153,.T.);
#5471=EDGE_CURVE('',#4333,#4334,#2455,.T.);
#5472=EDGE_CURVE('',#4333,#4335,#2456,.T.);
#5473=EDGE_CURVE('',#4336,#4334,#2457,.T.);
#5474=EDGE_CURVE('',#4335,#4336,#2458,.T.);
#5475=EDGE_CURVE('',#4335,#4337,#154,.T.);
#5476=EDGE_CURVE('',#4338,#4336,#155,.T.);
#5477=EDGE_CURVE('',#4337,#4338,#2459,.T.);
#5478=EDGE_CURVE('',#4337,#4339,#156,.T.);
#5479=EDGE_CURVE('',#4340,#4338,#157,.T.);
#5480=EDGE_CURVE('',#4339,#4340,#2460,.T.);
#5481=EDGE_CURVE('',#4339,#4341,#158,.T.);
#5482=EDGE_CURVE('',#4342,#4340,#159,.T.);
#5483=EDGE_CURVE('',#4341,#4342,#2461,.T.);
#5484=EDGE_CURVE('',#4341,#4343,#160,.T.);
#5485=EDGE_CURVE('',#4344,#4342,#161,.T.);
#5486=EDGE_CURVE('',#4343,#4344,#2462,.T.);
#5487=EDGE_CURVE('',#4343,#4345,#162,.T.);
#5488=EDGE_CURVE('',#4346,#4344,#163,.T.);
#5489=EDGE_CURVE('',#4345,#4346,#2463,.T.);
#5490=EDGE_CURVE('',#4345,#4347,#164,.T.);
#5491=EDGE_CURVE('',#4348,#4346,#165,.T.);
#5492=EDGE_CURVE('',#4347,#4348,#2464,.T.);
#5493=EDGE_CURVE('',#4347,#4349,#166,.T.);
#5494=EDGE_CURVE('',#4350,#4348,#167,.T.);
#5495=EDGE_CURVE('',#4349,#4350,#2465,.T.);
#5496=EDGE_CURVE('',#4349,#4351,#168,.T.);
#5497=EDGE_CURVE('',#4352,#4350,#169,.T.);
#5498=EDGE_CURVE('',#4351,#4352,#2466,.T.);
#5499=EDGE_CURVE('',#4351,#4353,#170,.T.);
#5500=EDGE_CURVE('',#4354,#4352,#171,.T.);
#5501=EDGE_CURVE('',#4353,#4354,#2467,.T.);
#5502=EDGE_CURVE('',#4353,#4355,#172,.T.);
#5503=EDGE_CURVE('',#4356,#4354,#173,.T.);
#5504=EDGE_CURVE('',#4355,#4356,#2468,.T.);
#5505=EDGE_CURVE('',#4355,#4321,#2469,.T.);
#5506=EDGE_CURVE('',#4323,#4356,#2470,.T.);
#5507=EDGE_CURVE('',#4357,#4358,#2471,.T.);
#5508=EDGE_CURVE('',#4357,#4359,#2472,.T.);
#5509=EDGE_CURVE('',#4360,#4359,#2473,.T.);
#5510=EDGE_CURVE('',#4358,#4360,#2474,.T.);
#5511=EDGE_CURVE('',#4358,#4361,#2475,.T.);
#5512=EDGE_CURVE('',#4362,#4360,#2476,.T.);
#5513=EDGE_CURVE('',#4361,#4362,#2477,.T.);
#5514=EDGE_CURVE('',#4361,#4363,#2478,.T.);
#5515=EDGE_CURVE('',#4364,#4362,#2479,.T.);
#5516=EDGE_CURVE('',#4363,#4364,#2480,.T.);
#5517=EDGE_CURVE('',#4363,#4365,#2481,.T.);
#5518=EDGE_CURVE('',#4366,#4364,#2482,.T.);
#5519=EDGE_CURVE('',#4365,#4366,#2483,.T.);
#5520=EDGE_CURVE('',#4365,#4367,#174,.T.);
#5521=EDGE_CURVE('',#4368,#4366,#175,.T.);
#5522=EDGE_CURVE('',#4367,#4368,#2484,.T.);
#5523=EDGE_CURVE('',#4367,#4369,#176,.T.);
#5524=EDGE_CURVE('',#4370,#4368,#177,.T.);
#5525=EDGE_CURVE('',#4369,#4370,#2485,.T.);
#5526=EDGE_CURVE('',#4369,#4371,#178,.T.);
#5527=EDGE_CURVE('',#4372,#4370,#179,.T.);
#5528=EDGE_CURVE('',#4371,#4372,#2486,.T.);
#5529=EDGE_CURVE('',#4371,#4373,#2487,.T.);
#5530=EDGE_CURVE('',#4374,#4372,#2488,.T.);
#5531=EDGE_CURVE('',#4373,#4374,#2489,.T.);
#5532=EDGE_CURVE('',#4373,#4375,#180,.T.);
#5533=EDGE_CURVE('',#4376,#4374,#181,.T.);
#5534=EDGE_CURVE('',#4375,#4376,#2490,.T.);
#5535=EDGE_CURVE('',#4375,#4377,#182,.T.);
#5536=EDGE_CURVE('',#4378,#4376,#183,.T.);
#5537=EDGE_CURVE('',#4377,#4378,#2491,.T.);
#5538=EDGE_CURVE('',#4377,#4379,#2492,.T.);
#5539=EDGE_CURVE('',#4380,#4378,#2493,.T.);
#5540=EDGE_CURVE('',#4379,#4380,#2494,.T.);
#5541=EDGE_CURVE('',#4379,#4381,#2495,.T.);
#5542=EDGE_CURVE('',#4382,#4380,#2496,.T.);
#5543=EDGE_CURVE('',#4381,#4382,#2497,.T.);
#5544=EDGE_CURVE('',#4381,#4383,#2498,.T.);
#5545=EDGE_CURVE('',#4384,#4382,#2499,.T.);
#5546=EDGE_CURVE('',#4383,#4384,#2500,.T.);
#5547=EDGE_CURVE('',#4383,#4385,#2501,.T.);
#5548=EDGE_CURVE('',#4386,#4384,#2502,.T.);
#5549=EDGE_CURVE('',#4385,#4386,#2503,.T.);
#5550=EDGE_CURVE('',#4385,#4387,#2504,.T.);
#5551=EDGE_CURVE('',#4388,#4386,#2505,.T.);
#5552=EDGE_CURVE('',#4387,#4388,#2506,.T.);
#5553=EDGE_CURVE('',#4387,#4389,#2507,.T.);
#5554=EDGE_CURVE('',#4390,#4388,#2508,.T.);
#5555=EDGE_CURVE('',#4389,#4390,#2509,.T.);
#5556=EDGE_CURVE('',#4389,#4357,#2510,.T.);
#5557=EDGE_CURVE('',#4359,#4390,#2511,.T.);
#5558=EDGE_CURVE('',#4391,#4392,#2512,.T.);
#5559=EDGE_CURVE('',#4391,#4393,#2513,.T.);
#5560=EDGE_CURVE('',#4394,#4393,#2514,.T.);
#5561=EDGE_CURVE('',#4392,#4394,#2515,.T.);
#5562=EDGE_CURVE('',#4392,#4395,#184,.T.);
#5563=EDGE_CURVE('',#4396,#4394,#185,.T.);
#5564=EDGE_CURVE('',#4395,#4396,#2516,.T.);
#5565=EDGE_CURVE('',#4395,#4397,#186,.T.);
#5566=EDGE_CURVE('',#4398,#4396,#187,.T.);
#5567=EDGE_CURVE('',#4397,#4398,#2517,.T.);
#5568=EDGE_CURVE('',#4397,#4399,#2518,.T.);
#5569=EDGE_CURVE('',#4400,#4398,#2519,.T.);
#5570=EDGE_CURVE('',#4399,#4400,#2520,.T.);
#5571=EDGE_CURVE('',#4399,#4401,#188,.T.);
#5572=EDGE_CURVE('',#4402,#4400,#189,.T.);
#5573=EDGE_CURVE('',#4401,#4402,#2521,.T.);
#5574=EDGE_CURVE('',#4401,#4403,#190,.T.);
#5575=EDGE_CURVE('',#4404,#4402,#191,.T.);
#5576=EDGE_CURVE('',#4403,#4404,#2522,.T.);
#5577=EDGE_CURVE('',#4403,#4405,#192,.T.);
#5578=EDGE_CURVE('',#4406,#4404,#193,.T.);
#5579=EDGE_CURVE('',#4405,#4406,#2523,.T.);
#5580=EDGE_CURVE('',#4405,#4407,#2524,.T.);
#5581=EDGE_CURVE('',#4408,#4406,#2525,.T.);
#5582=EDGE_CURVE('',#4407,#4408,#2526,.T.);
#5583=EDGE_CURVE('',#4407,#4409,#2527,.T.);
#5584=EDGE_CURVE('',#4410,#4408,#2528,.T.);
#5585=EDGE_CURVE('',#4409,#4410,#2529,.T.);
#5586=EDGE_CURVE('',#4409,#4411,#2530,.T.);
#5587=EDGE_CURVE('',#4412,#4410,#2531,.T.);
#5588=EDGE_CURVE('',#4411,#4412,#2532,.T.);
#5589=EDGE_CURVE('',#4411,#4391,#2533,.T.);
#5590=EDGE_CURVE('',#4393,#4412,#2534,.T.);
#5591=EDGE_CURVE('',#4413,#4414,#2535,.T.);
#5592=EDGE_CURVE('',#4413,#4415,#2536,.T.);
#5593=EDGE_CURVE('',#4416,#4415,#2537,.T.);
#5594=EDGE_CURVE('',#4414,#4416,#2538,.T.);
#5595=EDGE_CURVE('',#4414,#4417,#2539,.T.);
#5596=EDGE_CURVE('',#4418,#4416,#2540,.T.);
#5597=EDGE_CURVE('',#4417,#4418,#2541,.T.);
#5598=EDGE_CURVE('',#4417,#4419,#2542,.T.);
#5599=EDGE_CURVE('',#4420,#4418,#2543,.T.);
#5600=EDGE_CURVE('',#4419,#4420,#2544,.T.);
#5601=EDGE_CURVE('',#4419,#4413,#2545,.T.);
#5602=EDGE_CURVE('',#4415,#4420,#2546,.T.);
#5603=EDGE_CURVE('',#4421,#4422,#2547,.T.);
#5604=EDGE_CURVE('',#4421,#4423,#2548,.T.);
#5605=EDGE_CURVE('',#4424,#4423,#2549,.T.);
#5606=EDGE_CURVE('',#4422,#4424,#2550,.T.);
#5607=EDGE_CURVE('',#4422,#4425,#2551,.T.);
#5608=EDGE_CURVE('',#4426,#4424,#2552,.T.);
#5609=EDGE_CURVE('',#4425,#4426,#2553,.T.);
#5610=EDGE_CURVE('',#4425,#4427,#2554,.T.);
#5611=EDGE_CURVE('',#4428,#4426,#2555,.T.);
#5612=EDGE_CURVE('',#4427,#4428,#2556,.T.);
#5613=EDGE_CURVE('',#4427,#4421,#2557,.T.);
#5614=EDGE_CURVE('',#4423,#4428,#2558,.T.);
#5615=EDGE_CURVE('',#4429,#4430,#2559,.T.);
#5616=EDGE_CURVE('',#4429,#4431,#2560,.T.);
#5617=EDGE_CURVE('',#4432,#4431,#2561,.T.);
#5618=EDGE_CURVE('',#4430,#4432,#2562,.T.);
#5619=EDGE_CURVE('',#4430,#4433,#2563,.T.);
#5620=EDGE_CURVE('',#4434,#4432,#2564,.T.);
#5621=EDGE_CURVE('',#4433,#4434,#2565,.T.);
#5622=EDGE_CURVE('',#4433,#4435,#2566,.T.);
#5623=EDGE_CURVE('',#4436,#4434,#2567,.T.);
#5624=EDGE_CURVE('',#4435,#4436,#2568,.T.);
#5625=EDGE_CURVE('',#4435,#4437,#2569,.T.);
#5626=EDGE_CURVE('',#4438,#4436,#2570,.T.);
#5627=EDGE_CURVE('',#4437,#4438,#2571,.T.);
#5628=EDGE_CURVE('',#4437,#4439,#2572,.T.);
#5629=EDGE_CURVE('',#4440,#4438,#2573,.T.);
#5630=EDGE_CURVE('',#4439,#4440,#2574,.T.);
#5631=EDGE_CURVE('',#4439,#4441,#2575,.T.);
#5632=EDGE_CURVE('',#4442,#4440,#2576,.T.);
#5633=EDGE_CURVE('',#4441,#4442,#2577,.T.);
#5634=EDGE_CURVE('',#4441,#4443,#2578,.T.);
#5635=EDGE_CURVE('',#4444,#4442,#2579,.T.);
#5636=EDGE_CURVE('',#4443,#4444,#2580,.T.);
#5637=EDGE_CURVE('',#4443,#4445,#2581,.T.);
#5638=EDGE_CURVE('',#4446,#4444,#2582,.T.);
#5639=EDGE_CURVE('',#4445,#4446,#2583,.T.);
#5640=EDGE_CURVE('',#4445,#4447,#2584,.T.);
#5641=EDGE_CURVE('',#4448,#4446,#2585,.T.);
#5642=EDGE_CURVE('',#4447,#4448,#2586,.T.);
#5643=EDGE_CURVE('',#4447,#4449,#2587,.T.);
#5644=EDGE_CURVE('',#4450,#4448,#2588,.T.);
#5645=EDGE_CURVE('',#4449,#4450,#2589,.T.);
#5646=EDGE_CURVE('',#4449,#4451,#2590,.T.);
#5647=EDGE_CURVE('',#4452,#4450,#2591,.T.);
#5648=EDGE_CURVE('',#4451,#4452,#2592,.T.);
#5649=EDGE_CURVE('',#4451,#4429,#2593,.T.);
#5650=EDGE_CURVE('',#4431,#4452,#2594,.T.);
#5651=EDGE_CURVE('',#4453,#4454,#194,.T.);
#5652=EDGE_CURVE('',#4453,#4455,#2595,.T.);
#5653=EDGE_CURVE('',#4456,#4455,#195,.T.);
#5654=EDGE_CURVE('',#4454,#4456,#2596,.T.);
#5655=EDGE_CURVE('',#4457,#4453,#196,.T.);
#5656=EDGE_CURVE('',#4457,#4458,#2597,.T.);
#5657=EDGE_CURVE('',#4455,#4458,#197,.T.);
#5658=EDGE_CURVE('',#4459,#4457,#198,.T.);
#5659=EDGE_CURVE('',#4459,#4460,#2598,.T.);
#5660=EDGE_CURVE('',#4458,#4460,#199,.T.);
#5661=EDGE_CURVE('',#4454,#4459,#200,.T.);
#5662=EDGE_CURVE('',#4460,#4456,#201,.T.);
#5663=EDGE_CURVE('',#4461,#4462,#202,.T.);
#5664=EDGE_CURVE('',#4461,#4463,#2599,.T.);
#5665=EDGE_CURVE('',#4464,#4463,#203,.T.);
#5666=EDGE_CURVE('',#4462,#4464,#2600,.T.);
#5667=EDGE_CURVE('',#4465,#4461,#204,.T.);
#5668=EDGE_CURVE('',#4465,#4466,#2601,.T.);
#5669=EDGE_CURVE('',#4463,#4466,#205,.T.);
#5670=EDGE_CURVE('',#4467,#4465,#206,.T.);
#5671=EDGE_CURVE('',#4467,#4468,#2602,.T.);
#5672=EDGE_CURVE('',#4466,#4468,#207,.T.);
#5673=EDGE_CURVE('',#4462,#4467,#208,.T.);
#5674=EDGE_CURVE('',#4468,#4464,#209,.T.);
#5675=EDGE_CURVE('',#4469,#4470,#210,.T.);
#5676=EDGE_CURVE('',#4469,#4471,#2603,.T.);
#5677=EDGE_CURVE('',#4472,#4471,#211,.T.);
#5678=EDGE_CURVE('',#4470,#4472,#2604,.T.);
#5679=EDGE_CURVE('',#4470,#4473,#212,.T.);
#5680=EDGE_CURVE('',#4474,#4472,#213,.T.);
#5681=EDGE_CURVE('',#4473,#4474,#2605,.T.);
#5682=EDGE_CURVE('',#4473,#4475,#214,.T.);
#5683=EDGE_CURVE('',#4476,#4474,#215,.T.);
#5684=EDGE_CURVE('',#4475,#4476,#2606,.T.);
#5685=EDGE_CURVE('',#4475,#4477,#216,.T.);
#5686=EDGE_CURVE('',#4478,#4476,#217,.T.);
#5687=EDGE_CURVE('',#4477,#4478,#2607,.T.);
#5688=EDGE_CURVE('',#4477,#4479,#218,.T.);
#5689=EDGE_CURVE('',#4480,#4478,#219,.T.);
#5690=EDGE_CURVE('',#4479,#4480,#2608,.T.);
#5691=EDGE_CURVE('',#4479,#4481,#220,.T.);
#5692=EDGE_CURVE('',#4482,#4480,#221,.T.);
#5693=EDGE_CURVE('',#4481,#4482,#2609,.T.);
#5694=EDGE_CURVE('',#4481,#4483,#222,.T.);
#5695=EDGE_CURVE('',#4484,#4482,#223,.T.);
#5696=EDGE_CURVE('',#4483,#4484,#2610,.T.);
#5697=EDGE_CURVE('',#4483,#4485,#224,.T.);
#5698=EDGE_CURVE('',#4486,#4484,#225,.T.);
#5699=EDGE_CURVE('',#4485,#4486,#2611,.T.);
#5700=EDGE_CURVE('',#4485,#4487,#226,.T.);
#5701=EDGE_CURVE('',#4488,#4486,#227,.T.);
#5702=EDGE_CURVE('',#4487,#4488,#2612,.T.);
#5703=EDGE_CURVE('',#4487,#4489,#228,.T.);
#5704=EDGE_CURVE('',#4490,#4488,#229,.T.);
#5705=EDGE_CURVE('',#4489,#4490,#2613,.T.);
#5706=EDGE_CURVE('',#4489,#4469,#230,.T.);
#5707=EDGE_CURVE('',#4471,#4490,#231,.T.);
#5708=EDGE_CURVE('',#4491,#4492,#232,.T.);
#5709=EDGE_CURVE('',#4491,#4493,#2614,.T.);
#5710=EDGE_CURVE('',#4494,#4493,#233,.T.);
#5711=EDGE_CURVE('',#4492,#4494,#2615,.T.);
#5712=EDGE_CURVE('',#4495,#4491,#234,.T.);
#5713=EDGE_CURVE('',#4495,#4496,#2616,.T.);
#5714=EDGE_CURVE('',#4493,#4496,#235,.T.);
#5715=EDGE_CURVE('',#4497,#4495,#236,.T.);
#5716=EDGE_CURVE('',#4497,#4498,#2617,.T.);
#5717=EDGE_CURVE('',#4496,#4498,#237,.T.);
#5718=EDGE_CURVE('',#4492,#4497,#238,.T.);
#5719=EDGE_CURVE('',#4498,#4494,#239,.T.);
#5720=EDGE_CURVE('',#4499,#4500,#240,.T.);
#5721=EDGE_CURVE('',#4499,#4501,#2618,.T.);
#5722=EDGE_CURVE('',#4502,#4501,#241,.T.);
#5723=EDGE_CURVE('',#4500,#4502,#2619,.T.);
#5724=EDGE_CURVE('',#4500,#4503,#242,.T.);
#5725=EDGE_CURVE('',#4504,#4502,#243,.T.);
#5726=EDGE_CURVE('',#4503,#4504,#2620,.T.);
#5727=EDGE_CURVE('',#4503,#4505,#244,.T.);
#5728=EDGE_CURVE('',#4506,#4504,#245,.T.);
#5729=EDGE_CURVE('',#4505,#4506,#2621,.T.);
#5730=EDGE_CURVE('',#4505,#4507,#246,.T.);
#5731=EDGE_CURVE('',#4508,#4506,#247,.T.);
#5732=EDGE_CURVE('',#4507,#4508,#2622,.T.);
#5733=EDGE_CURVE('',#4507,#4509,#248,.T.);
#5734=EDGE_CURVE('',#4510,#4508,#249,.T.);
#5735=EDGE_CURVE('',#4509,#4510,#2623,.T.);
#5736=EDGE_CURVE('',#4509,#4499,#250,.T.);
#5737=EDGE_CURVE('',#4501,#4510,#251,.T.);
#5738=EDGE_CURVE('',#4511,#4512,#252,.T.);
#5739=EDGE_CURVE('',#4511,#4513,#2624,.T.);
#5740=EDGE_CURVE('',#4514,#4513,#253,.T.);
#5741=EDGE_CURVE('',#4512,#4514,#2625,.T.);
#5742=EDGE_CURVE('',#4515,#4511,#254,.T.);
#5743=EDGE_CURVE('',#4515,#4516,#2626,.T.);
#5744=EDGE_CURVE('',#4513,#4516,#255,.T.);
#5745=EDGE_CURVE('',#4517,#4515,#256,.T.);
#5746=EDGE_CURVE('',#4517,#4518,#2627,.T.);
#5747=EDGE_CURVE('',#4516,#4518,#257,.T.);
#5748=EDGE_CURVE('',#4512,#4517,#258,.T.);
#5749=EDGE_CURVE('',#4518,#4514,#259,.T.);
#5750=EDGE_CURVE('',#4519,#4520,#260,.T.);
#5751=EDGE_CURVE('',#4519,#4521,#2628,.T.);
#5752=EDGE_CURVE('',#4522,#4521,#261,.T.);
#5753=EDGE_CURVE('',#4520,#4522,#2629,.T.);
#5754=EDGE_CURVE('',#4520,#4523,#262,.T.);
#5755=EDGE_CURVE('',#4524,#4522,#263,.T.);
#5756=EDGE_CURVE('',#4523,#4524,#2630,.T.);
#5757=EDGE_CURVE('',#4523,#4525,#264,.T.);
#5758=EDGE_CURVE('',#4526,#4524,#265,.T.);
#5759=EDGE_CURVE('',#4525,#4526,#2631,.T.);
#5760=EDGE_CURVE('',#4525,#4519,#266,.T.);
#5761=EDGE_CURVE('',#4521,#4526,#267,.T.);
#5762=EDGE_CURVE('',#4527,#4528,#2632,.T.);
#5763=EDGE_CURVE('',#4527,#4529,#2633,.T.);
#5764=EDGE_CURVE('',#4530,#4529,#2634,.T.);
#5765=EDGE_CURVE('',#4528,#4530,#2635,.T.);
#5766=EDGE_CURVE('',#4531,#4527,#2636,.T.);
#5767=EDGE_CURVE('',#4531,#4532,#2637,.T.);
#5768=EDGE_CURVE('',#4529,#4532,#2638,.T.);
#5769=EDGE_CURVE('',#4533,#4531,#268,.T.);
#5770=EDGE_CURVE('',#4533,#4534,#2639,.T.);
#5771=EDGE_CURVE('',#4532,#4534,#269,.T.);
#5772=EDGE_CURVE('',#4535,#4533,#270,.T.);
#5773=EDGE_CURVE('',#4535,#4536,#2640,.T.);
#5774=EDGE_CURVE('',#4534,#4536,#271,.T.);
#5775=EDGE_CURVE('',#4528,#4535,#2641,.T.);
#5776=EDGE_CURVE('',#4536,#4530,#2642,.T.);
#5777=EDGE_CURVE('',#4537,#4538,#2643,.T.);
#5778=EDGE_CURVE('',#4537,#4539,#2644,.T.);
#5779=EDGE_CURVE('',#4540,#4539,#2645,.T.);
#5780=EDGE_CURVE('',#4538,#4540,#2646,.T.);
#5781=EDGE_CURVE('',#4541,#4537,#2647,.T.);
#5782=EDGE_CURVE('',#4541,#4542,#2648,.T.);
#5783=EDGE_CURVE('',#4539,#4542,#2649,.T.);
#5784=EDGE_CURVE('',#4543,#4541,#272,.T.);
#5785=EDGE_CURVE('',#4543,#4544,#2650,.T.);
#5786=EDGE_CURVE('',#4542,#4544,#273,.T.);
#5787=EDGE_CURVE('',#4545,#4543,#274,.T.);
#5788=EDGE_CURVE('',#4545,#4546,#2651,.T.);
#5789=EDGE_CURVE('',#4544,#4546,#275,.T.);
#5790=EDGE_CURVE('',#4538,#4545,#2652,.T.);
#5791=EDGE_CURVE('',#4546,#4540,#2653,.T.);
#5792=EDGE_CURVE('',#4547,#4548,#276,.T.);
#5793=EDGE_CURVE('',#4547,#4549,#2654,.T.);
#5794=EDGE_CURVE('',#4550,#4549,#277,.T.);
#5795=EDGE_CURVE('',#4548,#4550,#2655,.T.);
#5796=EDGE_CURVE('',#4548,#4551,#278,.T.);
#5797=EDGE_CURVE('',#4552,#4550,#279,.T.);
#5798=EDGE_CURVE('',#4551,#4552,#2656,.T.);
#5799=EDGE_CURVE('',#4551,#4553,#280,.T.);
#5800=EDGE_CURVE('',#4554,#4552,#281,.T.);
#5801=EDGE_CURVE('',#4553,#4554,#2657,.T.);
#5802=EDGE_CURVE('',#4553,#4555,#282,.T.);
#5803=EDGE_CURVE('',#4556,#4554,#283,.T.);
#5804=EDGE_CURVE('',#4555,#4556,#2658,.T.);
#5805=EDGE_CURVE('',#4555,#4557,#284,.T.);
#5806=EDGE_CURVE('',#4558,#4556,#285,.T.);
#5807=EDGE_CURVE('',#4557,#4558,#2659,.T.);
#5808=EDGE_CURVE('',#4557,#4559,#286,.T.);
#5809=EDGE_CURVE('',#4560,#4558,#287,.T.);
#5810=EDGE_CURVE('',#4559,#4560,#2660,.T.);
#5811=EDGE_CURVE('',#4559,#4561,#288,.T.);
#5812=EDGE_CURVE('',#4562,#4560,#289,.T.);
#5813=EDGE_CURVE('',#4561,#4562,#2661,.T.);
#5814=EDGE_CURVE('',#4561,#4563,#2662,.T.);
#5815=EDGE_CURVE('',#4564,#4562,#2663,.T.);
#5816=EDGE_CURVE('',#4563,#4564,#2664,.T.);
#5817=EDGE_CURVE('',#4563,#4565,#2665,.T.);
#5818=EDGE_CURVE('',#4566,#4564,#2666,.T.);
#5819=EDGE_CURVE('',#4565,#4566,#2667,.T.);
#5820=EDGE_CURVE('',#4565,#4547,#2668,.T.);
#5821=EDGE_CURVE('',#4549,#4566,#2669,.T.);
#5822=EDGE_CURVE('',#4567,#4567,#23,.T.);
#5823=EDGE_CURVE('',#4568,#4568,#24,.T.);
#5824=EDGE_CURVE('',#4569,#4570,#2670,.T.);
#5825=EDGE_CURVE('',#4569,#4571,#2671,.T.);
#5826=EDGE_CURVE('',#4572,#4571,#2672,.T.);
#5827=EDGE_CURVE('',#4570,#4572,#2673,.T.);
#5828=EDGE_CURVE('',#4570,#4573,#2674,.T.);
#5829=EDGE_CURVE('',#4574,#4572,#2675,.T.);
#5830=EDGE_CURVE('',#4573,#4574,#2676,.T.);
#5831=EDGE_CURVE('',#4573,#4575,#2677,.T.);
#5832=EDGE_CURVE('',#4576,#4574,#2678,.T.);
#5833=EDGE_CURVE('',#4575,#4576,#2679,.T.);
#5834=EDGE_CURVE('',#4575,#4577,#2680,.T.);
#5835=EDGE_CURVE('',#4578,#4576,#2681,.T.);
#5836=EDGE_CURVE('',#4577,#4578,#2682,.T.);
#5837=EDGE_CURVE('',#4577,#4579,#2683,.T.);
#5838=EDGE_CURVE('',#4580,#4578,#2684,.T.);
#5839=EDGE_CURVE('',#4579,#4580,#2685,.T.);
#5840=EDGE_CURVE('',#4579,#4581,#2686,.T.);
#5841=EDGE_CURVE('',#4582,#4580,#2687,.T.);
#5842=EDGE_CURVE('',#4581,#4582,#2688,.T.);
#5843=EDGE_CURVE('',#4581,#4583,#2689,.T.);
#5844=EDGE_CURVE('',#4584,#4582,#2690,.T.);
#5845=EDGE_CURVE('',#4583,#4584,#2691,.T.);
#5846=EDGE_CURVE('',#4583,#4585,#2692,.T.);
#5847=EDGE_CURVE('',#4586,#4584,#2693,.T.);
#5848=EDGE_CURVE('',#4585,#4586,#2694,.T.);
#5849=EDGE_CURVE('',#4585,#4587,#2695,.T.);
#5850=EDGE_CURVE('',#4588,#4586,#2696,.T.);
#5851=EDGE_CURVE('',#4587,#4588,#2697,.T.);
#5852=EDGE_CURVE('',#4587,#4569,#2698,.T.);
#5853=EDGE_CURVE('',#4571,#4588,#2699,.T.);
#5854=EDGE_CURVE('',#4589,#4590,#2700,.T.);
#5855=EDGE_CURVE('',#4589,#4591,#2701,.T.);
#5856=EDGE_CURVE('',#4592,#4591,#2702,.T.);
#5857=EDGE_CURVE('',#4590,#4592,#2703,.T.);
#5858=EDGE_CURVE('',#4590,#4593,#2704,.T.);
#5859=EDGE_CURVE('',#4594,#4592,#2705,.T.);
#5860=EDGE_CURVE('',#4593,#4594,#2706,.T.);
#5861=EDGE_CURVE('',#4593,#4595,#2707,.T.);
#5862=EDGE_CURVE('',#4596,#4594,#2708,.T.);
#5863=EDGE_CURVE('',#4595,#4596,#2709,.T.);
#5864=EDGE_CURVE('',#4595,#4597,#290,.T.);
#5865=EDGE_CURVE('',#4598,#4596,#291,.T.);
#5866=EDGE_CURVE('',#4597,#4598,#2710,.T.);
#5867=EDGE_CURVE('',#4597,#4599,#292,.T.);
#5868=EDGE_CURVE('',#4600,#4598,#293,.T.);
#5869=EDGE_CURVE('',#4599,#4600,#2711,.T.);
#5870=EDGE_CURVE('',#4599,#4601,#294,.T.);
#5871=EDGE_CURVE('',#4602,#4600,#295,.T.);
#5872=EDGE_CURVE('',#4601,#4602,#2712,.T.);
#5873=EDGE_CURVE('',#4601,#4603,#296,.T.);
#5874=EDGE_CURVE('',#4604,#4602,#297,.T.);
#5875=EDGE_CURVE('',#4603,#4604,#2713,.T.);
#5876=EDGE_CURVE('',#4603,#4605,#2714,.T.);
#5877=EDGE_CURVE('',#4606,#4604,#2715,.T.);
#5878=EDGE_CURVE('',#4605,#4606,#2716,.T.);
#5879=EDGE_CURVE('',#4605,#4607,#298,.T.);
#5880=EDGE_CURVE('',#4608,#4606,#299,.T.);
#5881=EDGE_CURVE('',#4607,#4608,#2717,.T.);
#5882=EDGE_CURVE('',#4607,#4609,#300,.T.);
#5883=EDGE_CURVE('',#4610,#4608,#301,.T.);
#5884=EDGE_CURVE('',#4609,#4610,#2718,.T.);
#5885=EDGE_CURVE('',#4609,#4611,#302,.T.);
#5886=EDGE_CURVE('',#4612,#4610,#303,.T.);
#5887=EDGE_CURVE('',#4611,#4612,#2719,.T.);
#5888=EDGE_CURVE('',#4611,#4613,#304,.T.);
#5889=EDGE_CURVE('',#4614,#4612,#305,.T.);
#5890=EDGE_CURVE('',#4613,#4614,#2720,.T.);
#5891=EDGE_CURVE('',#4613,#4615,#306,.T.);
#5892=EDGE_CURVE('',#4616,#4614,#307,.T.);
#5893=EDGE_CURVE('',#4615,#4616,#2721,.T.);
#5894=EDGE_CURVE('',#4615,#4617,#2722,.T.);
#5895=EDGE_CURVE('',#4618,#4616,#2723,.T.);
#5896=EDGE_CURVE('',#4617,#4618,#2724,.T.);
#5897=EDGE_CURVE('',#4617,#4619,#2725,.T.);
#5898=EDGE_CURVE('',#4620,#4618,#2726,.T.);
#5899=EDGE_CURVE('',#4619,#4620,#2727,.T.);
#5900=EDGE_CURVE('',#4619,#4589,#2728,.T.);
#5901=EDGE_CURVE('',#4591,#4620,#2729,.T.);
#5902=EDGE_CURVE('',#4621,#4622,#2730,.T.);
#5903=EDGE_CURVE('',#4621,#4623,#2731,.T.);
#5904=EDGE_CURVE('',#4624,#4623,#2732,.T.);
#5905=EDGE_CURVE('',#4622,#4624,#2733,.T.);
#5906=EDGE_CURVE('',#4622,#4625,#2734,.T.);
#5907=EDGE_CURVE('',#4626,#4624,#2735,.T.);
#5908=EDGE_CURVE('',#4625,#4626,#2736,.T.);
#5909=EDGE_CURVE('',#4625,#4627,#2737,.T.);
#5910=EDGE_CURVE('',#4628,#4626,#2738,.T.);
#5911=EDGE_CURVE('',#4627,#4628,#2739,.T.);
#5912=EDGE_CURVE('',#4627,#4621,#2740,.T.);
#5913=EDGE_CURVE('',#4623,#4628,#2741,.T.);
#5914=EDGE_CURVE('',#4629,#4630,#2742,.T.);
#5915=EDGE_CURVE('',#4629,#4631,#2743,.T.);
#5916=EDGE_CURVE('',#4632,#4631,#2744,.T.);
#5917=EDGE_CURVE('',#4630,#4632,#2745,.T.);
#5918=EDGE_CURVE('',#4630,#4633,#2746,.T.);
#5919=EDGE_CURVE('',#4634,#4632,#2747,.T.);
#5920=EDGE_CURVE('',#4633,#4634,#2748,.T.);
#5921=EDGE_CURVE('',#4633,#4635,#2749,.T.);
#5922=EDGE_CURVE('',#4636,#4634,#2750,.T.);
#5923=EDGE_CURVE('',#4635,#4636,#2751,.T.);
#5924=EDGE_CURVE('',#4635,#4629,#2752,.T.);
#5925=EDGE_CURVE('',#4631,#4636,#2753,.T.);
#5926=EDGE_CURVE('',#4637,#4638,#308,.T.);
#5927=EDGE_CURVE('',#4637,#4639,#2754,.T.);
#5928=EDGE_CURVE('',#4640,#4639,#309,.T.);
#5929=EDGE_CURVE('',#4638,#4640,#2755,.T.);
#5930=EDGE_CURVE('',#4638,#4641,#310,.T.);
#5931=EDGE_CURVE('',#4642,#4640,#311,.T.);
#5932=EDGE_CURVE('',#4641,#4642,#2756,.T.);
#5933=EDGE_CURVE('',#4641,#4643,#312,.T.);
#5934=EDGE_CURVE('',#4644,#4642,#313,.T.);
#5935=EDGE_CURVE('',#4643,#4644,#2757,.T.);
#5936=EDGE_CURVE('',#4643,#4645,#314,.T.);
#5937=EDGE_CURVE('',#4646,#4644,#315,.T.);
#5938=EDGE_CURVE('',#4645,#4646,#2758,.T.);
#5939=EDGE_CURVE('',#4645,#4647,#316,.T.);
#5940=EDGE_CURVE('',#4648,#4646,#317,.T.);
#5941=EDGE_CURVE('',#4647,#4648,#2759,.T.);
#5942=EDGE_CURVE('',#4647,#4649,#318,.T.);
#5943=EDGE_CURVE('',#4650,#4648,#319,.T.);
#5944=EDGE_CURVE('',#4649,#4650,#2760,.T.);
#5945=EDGE_CURVE('',#4649,#4651,#2761,.T.);
#5946=EDGE_CURVE('',#4652,#4650,#2762,.T.);
#5947=EDGE_CURVE('',#4651,#4652,#2763,.T.);
#5948=EDGE_CURVE('',#4651,#4653,#320,.T.);
#5949=EDGE_CURVE('',#4654,#4652,#321,.T.);
#5950=EDGE_CURVE('',#4653,#4654,#2764,.T.);
#5951=EDGE_CURVE('',#4653,#4655,#322,.T.);
#5952=EDGE_CURVE('',#4656,#4654,#323,.T.);
#5953=EDGE_CURVE('',#4655,#4656,#2765,.T.);
#5954=EDGE_CURVE('',#4655,#4657,#324,.T.);
#5955=EDGE_CURVE('',#4658,#4656,#325,.T.);
#5956=EDGE_CURVE('',#4657,#4658,#2766,.T.);
#5957=EDGE_CURVE('',#4657,#4659,#27,.T.);
#5958=EDGE_CURVE('',#4660,#4658,#28,.T.);
#5959=EDGE_CURVE('',#4659,#4660,#2767,.T.);
#5960=EDGE_CURVE('',#4659,#4637,#2768,.T.);
#5961=EDGE_CURVE('',#4639,#4660,#2769,.T.);
#5962=EDGE_CURVE('',#4661,#4662,#2770,.T.);
#5963=EDGE_CURVE('',#4661,#4663,#2771,.T.);
#5964=EDGE_CURVE('',#4664,#4663,#2772,.T.);
#5965=EDGE_CURVE('',#4662,#4664,#2773,.T.);
#5966=EDGE_CURVE('',#4665,#4661,#326,.T.);
#5967=EDGE_CURVE('',#4665,#4666,#2774,.T.);
#5968=EDGE_CURVE('',#4663,#4666,#327,.T.);
#5969=EDGE_CURVE('',#4667,#4665,#328,.T.);
#5970=EDGE_CURVE('',#4667,#4668,#2775,.T.);
#5971=EDGE_CURVE('',#4666,#4668,#329,.T.);
#5972=EDGE_CURVE('',#4662,#4667,#330,.T.);
#5973=EDGE_CURVE('',#4668,#4664,#331,.T.);
#5974=EDGE_CURVE('',#4669,#4670,#332,.T.);
#5975=EDGE_CURVE('',#4669,#4671,#2776,.T.);
#5976=EDGE_CURVE('',#4672,#4671,#333,.T.);
#5977=EDGE_CURVE('',#4670,#4672,#2777,.T.);
#5978=EDGE_CURVE('',#4670,#4673,#334,.T.);
#5979=EDGE_CURVE('',#4674,#4672,#335,.T.);
#5980=EDGE_CURVE('',#4673,#4674,#2778,.T.);
#5981=EDGE_CURVE('',#4673,#4675,#336,.T.);
#5982=EDGE_CURVE('',#4676,#4674,#337,.T.);
#5983=EDGE_CURVE('',#4675,#4676,#2779,.T.);
#5984=EDGE_CURVE('',#4675,#4677,#338,.T.);
#5985=EDGE_CURVE('',#4678,#4676,#339,.T.);
#5986=EDGE_CURVE('',#4677,#4678,#2780,.T.);
#5987=EDGE_CURVE('',#4677,#4679,#2781,.T.);
#5988=EDGE_CURVE('',#4680,#4678,#2782,.T.);
#5989=EDGE_CURVE('',#4679,#4680,#2783,.T.);
#5990=EDGE_CURVE('',#4679,#4681,#340,.T.);
#5991=EDGE_CURVE('',#4682,#4680,#341,.T.);
#5992=EDGE_CURVE('',#4681,#4682,#2784,.T.);
#5993=EDGE_CURVE('',#4681,#4683,#342,.T.);
#5994=EDGE_CURVE('',#4684,#4682,#343,.T.);
#5995=EDGE_CURVE('',#4683,#4684,#2785,.T.);
#5996=EDGE_CURVE('',#4683,#4685,#344,.T.);
#5997=EDGE_CURVE('',#4686,#4684,#345,.T.);
#5998=EDGE_CURVE('',#4685,#4686,#2786,.T.);
#5999=EDGE_CURVE('',#4685,#4687,#346,.T.);
#6000=EDGE_CURVE('',#4688,#4686,#347,.T.);
#6001=EDGE_CURVE('',#4687,#4688,#2787,.T.);
#6002=EDGE_CURVE('',#4687,#4689,#2788,.T.);
#6003=EDGE_CURVE('',#4690,#4688,#2789,.T.);
#6004=EDGE_CURVE('',#4689,#4690,#2790,.T.);
#6005=EDGE_CURVE('',#4689,#4669,#2791,.T.);
#6006=EDGE_CURVE('',#4671,#4690,#2792,.T.);
#6007=EDGE_CURVE('',#4691,#4692,#348,.T.);
#6008=EDGE_CURVE('',#4691,#4693,#2793,.T.);
#6009=EDGE_CURVE('',#4694,#4693,#349,.T.);
#6010=EDGE_CURVE('',#4692,#4694,#2794,.T.);
#6011=EDGE_CURVE('',#4692,#4695,#350,.T.);
#6012=EDGE_CURVE('',#4696,#4694,#351,.T.);
#6013=EDGE_CURVE('',#4695,#4696,#2795,.T.);
#6014=EDGE_CURVE('',#4695,#4697,#352,.T.);
#6015=EDGE_CURVE('',#4698,#4696,#353,.T.);
#6016=EDGE_CURVE('',#4697,#4698,#2796,.T.);
#6017=EDGE_CURVE('',#4697,#4699,#354,.T.);
#6018=EDGE_CURVE('',#4700,#4698,#355,.T.);
#6019=EDGE_CURVE('',#4699,#4700,#2797,.T.);
#6020=EDGE_CURVE('',#4699,#4701,#356,.T.);
#6021=EDGE_CURVE('',#4702,#4700,#357,.T.);
#6022=EDGE_CURVE('',#4701,#4702,#2798,.T.);
#6023=EDGE_CURVE('',#4701,#4703,#358,.T.);
#6024=EDGE_CURVE('',#4704,#4702,#359,.T.);
#6025=EDGE_CURVE('',#4703,#4704,#2799,.T.);
#6026=EDGE_CURVE('',#4703,#4705,#360,.T.);
#6027=EDGE_CURVE('',#4706,#4704,#361,.T.);
#6028=EDGE_CURVE('',#4705,#4706,#2800,.T.);
#6029=EDGE_CURVE('',#4705,#4707,#362,.T.);
#6030=EDGE_CURVE('',#4708,#4706,#363,.T.);
#6031=EDGE_CURVE('',#4707,#4708,#2801,.T.);
#6032=EDGE_CURVE('',#4707,#4709,#2802,.T.);
#6033=EDGE_CURVE('',#4710,#4708,#2803,.T.);
#6034=EDGE_CURVE('',#4709,#4710,#2804,.T.);
#6035=EDGE_CURVE('',#4709,#4711,#364,.T.);
#6036=EDGE_CURVE('',#4712,#4710,#365,.T.);
#6037=EDGE_CURVE('',#4711,#4712,#2805,.T.);
#6038=EDGE_CURVE('',#4711,#4713,#366,.T.);
#6039=EDGE_CURVE('',#4714,#4712,#367,.T.);
#6040=EDGE_CURVE('',#4713,#4714,#2806,.T.);
#6041=EDGE_CURVE('',#4713,#4715,#368,.T.);
#6042=EDGE_CURVE('',#4716,#4714,#369,.T.);
#6043=EDGE_CURVE('',#4715,#4716,#2807,.T.);
#6044=EDGE_CURVE('',#4715,#4717,#370,.T.);
#6045=EDGE_CURVE('',#4718,#4716,#371,.T.);
#6046=EDGE_CURVE('',#4717,#4718,#2808,.T.);
#6047=EDGE_CURVE('',#4717,#4719,#372,.T.);
#6048=EDGE_CURVE('',#4720,#4718,#373,.T.);
#6049=EDGE_CURVE('',#4719,#4720,#2809,.T.);
#6050=EDGE_CURVE('',#4719,#4721,#374,.T.);
#6051=EDGE_CURVE('',#4722,#4720,#375,.T.);
#6052=EDGE_CURVE('',#4721,#4722,#2810,.T.);
#6053=EDGE_CURVE('',#4721,#4723,#376,.T.);
#6054=EDGE_CURVE('',#4724,#4722,#377,.T.);
#6055=EDGE_CURVE('',#4723,#4724,#2811,.T.);
#6056=EDGE_CURVE('',#4723,#4725,#378,.T.);
#6057=EDGE_CURVE('',#4726,#4724,#379,.T.);
#6058=EDGE_CURVE('',#4725,#4726,#2812,.T.);
#6059=EDGE_CURVE('',#4725,#4691,#2813,.T.);
#6060=EDGE_CURVE('',#4693,#4726,#2814,.T.);
#6061=EDGE_CURVE('',#4727,#4728,#2815,.T.);
#6062=EDGE_CURVE('',#4727,#4729,#2816,.T.);
#6063=EDGE_CURVE('',#4730,#4729,#2817,.T.);
#6064=EDGE_CURVE('',#4728,#4730,#2818,.T.);
#6065=EDGE_CURVE('',#4728,#4731,#2819,.T.);
#6066=EDGE_CURVE('',#4732,#4730,#2820,.T.);
#6067=EDGE_CURVE('',#4731,#4732,#2821,.T.);
#6068=EDGE_CURVE('',#4731,#4733,#2822,.T.);
#6069=EDGE_CURVE('',#4734,#4732,#2823,.T.);
#6070=EDGE_CURVE('',#4733,#4734,#2824,.T.);
#6071=EDGE_CURVE('',#4733,#4735,#2825,.T.);
#6072=EDGE_CURVE('',#4736,#4734,#2826,.T.);
#6073=EDGE_CURVE('',#4735,#4736,#2827,.T.);
#6074=EDGE_CURVE('',#4735,#4737,#2828,.T.);
#6075=EDGE_CURVE('',#4738,#4736,#2829,.T.);
#6076=EDGE_CURVE('',#4737,#4738,#2830,.T.);
#6077=EDGE_CURVE('',#4737,#4727,#2831,.T.);
#6078=EDGE_CURVE('',#4729,#4738,#2832,.T.);
#6079=EDGE_CURVE('',#4739,#4740,#2833,.T.);
#6080=EDGE_CURVE('',#4739,#4741,#2834,.T.);
#6081=EDGE_CURVE('',#4742,#4741,#2835,.T.);
#6082=EDGE_CURVE('',#4740,#4742,#2836,.T.);
#6083=EDGE_CURVE('',#4743,#4739,#380,.T.);
#6084=EDGE_CURVE('',#4743,#4744,#2837,.T.);
#6085=EDGE_CURVE('',#4741,#4744,#381,.T.);
#6086=EDGE_CURVE('',#4745,#4743,#382,.T.);
#6087=EDGE_CURVE('',#4745,#4746,#2838,.T.);
#6088=EDGE_CURVE('',#4744,#4746,#383,.T.);
#6089=EDGE_CURVE('',#4747,#4745,#384,.T.);
#6090=EDGE_CURVE('',#4747,#4748,#2839,.T.);
#6091=EDGE_CURVE('',#4746,#4748,#385,.T.);
#6092=EDGE_CURVE('',#4749,#4747,#386,.T.);
#6093=EDGE_CURVE('',#4749,#4750,#2840,.T.);
#6094=EDGE_CURVE('',#4748,#4750,#387,.T.);
#6095=EDGE_CURVE('',#4740,#4749,#388,.T.);
#6096=EDGE_CURVE('',#4750,#4742,#389,.T.);
#6097=EDGE_CURVE('',#4751,#4752,#390,.T.);
#6098=EDGE_CURVE('',#4751,#4753,#2841,.T.);
#6099=EDGE_CURVE('',#4754,#4753,#391,.T.);
#6100=EDGE_CURVE('',#4752,#4754,#2842,.T.);
#6101=EDGE_CURVE('',#4752,#4755,#392,.T.);
#6102=EDGE_CURVE('',#4756,#4754,#29,.T.);
#6103=EDGE_CURVE('',#4755,#4756,#2843,.T.);
#6104=EDGE_CURVE('',#4755,#4757,#393,.T.);
#6105=EDGE_CURVE('',#4758,#4756,#394,.T.);
#6106=EDGE_CURVE('',#4757,#4758,#2844,.T.);
#6107=EDGE_CURVE('',#4757,#4759,#395,.T.);
#6108=EDGE_CURVE('',#4760,#4758,#396,.T.);
#6109=EDGE_CURVE('',#4759,#4760,#2845,.T.);
#6110=EDGE_CURVE('',#4759,#4761,#2846,.T.);
#6111=EDGE_CURVE('',#4762,#4760,#2847,.T.);
#6112=EDGE_CURVE('',#4761,#4762,#2848,.T.);
#6113=EDGE_CURVE('',#4761,#4763,#397,.T.);
#6114=EDGE_CURVE('',#4764,#4762,#398,.T.);
#6115=EDGE_CURVE('',#4763,#4764,#2849,.T.);
#6116=EDGE_CURVE('',#4763,#4765,#2850,.T.);
#6117=EDGE_CURVE('',#4766,#4764,#2851,.T.);
#6118=EDGE_CURVE('',#4765,#4766,#2852,.T.);
#6119=EDGE_CURVE('',#4765,#4767,#399,.T.);
#6120=EDGE_CURVE('',#4768,#4766,#400,.T.);
#6121=EDGE_CURVE('',#4767,#4768,#2853,.T.);
#6122=EDGE_CURVE('',#4767,#4769,#401,.T.);
#6123=EDGE_CURVE('',#4770,#4768,#402,.T.);
#6124=EDGE_CURVE('',#4769,#4770,#2854,.T.);
#6125=EDGE_CURVE('',#4769,#4771,#403,.T.);
#6126=EDGE_CURVE('',#4772,#4770,#404,.T.);
#6127=EDGE_CURVE('',#4771,#4772,#2855,.T.);
#6128=EDGE_CURVE('',#4771,#4773,#405,.T.);
#6129=EDGE_CURVE('',#4774,#4772,#406,.T.);
#6130=EDGE_CURVE('',#4773,#4774,#2856,.T.);
#6131=EDGE_CURVE('',#4773,#4775,#407,.T.);
#6132=EDGE_CURVE('',#4776,#4774,#408,.T.);
#6133=EDGE_CURVE('',#4775,#4776,#2857,.T.);
#6134=EDGE_CURVE('',#4775,#4777,#409,.T.);
#6135=EDGE_CURVE('',#4778,#4776,#410,.T.);
#6136=EDGE_CURVE('',#4777,#4778,#2858,.T.);
#6137=EDGE_CURVE('',#4777,#4779,#411,.T.);
#6138=EDGE_CURVE('',#4780,#4778,#412,.T.);
#6139=EDGE_CURVE('',#4779,#4780,#2859,.T.);
#6140=EDGE_CURVE('',#4779,#4781,#413,.T.);
#6141=EDGE_CURVE('',#4782,#4780,#414,.T.);
#6142=EDGE_CURVE('',#4781,#4782,#2860,.T.);
#6143=EDGE_CURVE('',#4781,#4783,#415,.T.);
#6144=EDGE_CURVE('',#4784,#4782,#416,.T.);
#6145=EDGE_CURVE('',#4783,#4784,#2861,.T.);
#6146=EDGE_CURVE('',#4783,#4785,#417,.T.);
#6147=EDGE_CURVE('',#4786,#4784,#418,.T.);
#6148=EDGE_CURVE('',#4785,#4786,#2862,.T.);
#6149=EDGE_CURVE('',#4785,#4751,#2863,.T.);
#6150=EDGE_CURVE('',#4753,#4786,#2864,.T.);
#6151=EDGE_CURVE('',#4787,#4788,#2865,.T.);
#6152=EDGE_CURVE('',#4787,#4789,#2866,.T.);
#6153=EDGE_CURVE('',#4790,#4789,#2867,.T.);
#6154=EDGE_CURVE('',#4788,#4790,#2868,.T.);
#6155=EDGE_CURVE('',#4788,#4791,#2869,.T.);
#6156=EDGE_CURVE('',#4792,#4790,#2870,.T.);
#6157=EDGE_CURVE('',#4791,#4792,#2871,.T.);
#6158=EDGE_CURVE('',#4791,#4793,#2872,.T.);
#6159=EDGE_CURVE('',#4794,#4792,#2873,.T.);
#6160=EDGE_CURVE('',#4793,#4794,#2874,.T.);
#6161=EDGE_CURVE('',#4793,#4795,#2875,.T.);
#6162=EDGE_CURVE('',#4796,#4794,#2876,.T.);
#6163=EDGE_CURVE('',#4795,#4796,#2877,.T.);
#6164=EDGE_CURVE('',#4795,#4797,#419,.T.);
#6165=EDGE_CURVE('',#4798,#4796,#420,.T.);
#6166=EDGE_CURVE('',#4797,#4798,#2878,.T.);
#6167=EDGE_CURVE('',#4797,#4799,#421,.T.);
#6168=EDGE_CURVE('',#4800,#4798,#422,.T.);
#6169=EDGE_CURVE('',#4799,#4800,#2879,.T.);
#6170=EDGE_CURVE('',#4799,#4801,#423,.T.);
#6171=EDGE_CURVE('',#4802,#4800,#424,.T.);
#6172=EDGE_CURVE('',#4801,#4802,#2880,.T.);
#6173=EDGE_CURVE('',#4801,#4803,#2881,.T.);
#6174=EDGE_CURVE('',#4804,#4802,#2882,.T.);
#6175=EDGE_CURVE('',#4803,#4804,#2883,.T.);
#6176=EDGE_CURVE('',#4803,#4805,#425,.T.);
#6177=EDGE_CURVE('',#4806,#4804,#426,.T.);
#6178=EDGE_CURVE('',#4805,#4806,#2884,.T.);
#6179=EDGE_CURVE('',#4805,#4807,#427,.T.);
#6180=EDGE_CURVE('',#4808,#4806,#428,.T.);
#6181=EDGE_CURVE('',#4807,#4808,#2885,.T.);
#6182=EDGE_CURVE('',#4807,#4809,#2886,.T.);
#6183=EDGE_CURVE('',#4810,#4808,#2887,.T.);
#6184=EDGE_CURVE('',#4809,#4810,#2888,.T.);
#6185=EDGE_CURVE('',#4809,#4811,#2889,.T.);
#6186=EDGE_CURVE('',#4812,#4810,#2890,.T.);
#6187=EDGE_CURVE('',#4811,#4812,#2891,.T.);
#6188=EDGE_CURVE('',#4811,#4813,#2892,.T.);
#6189=EDGE_CURVE('',#4814,#4812,#2893,.T.);
#6190=EDGE_CURVE('',#4813,#4814,#2894,.T.);
#6191=EDGE_CURVE('',#4813,#4815,#2895,.T.);
#6192=EDGE_CURVE('',#4816,#4814,#2896,.T.);
#6193=EDGE_CURVE('',#4815,#4816,#2897,.T.);
#6194=EDGE_CURVE('',#4815,#4817,#2898,.T.);
#6195=EDGE_CURVE('',#4818,#4816,#2899,.T.);
#6196=EDGE_CURVE('',#4817,#4818,#2900,.T.);
#6197=EDGE_CURVE('',#4817,#4819,#2901,.T.);
#6198=EDGE_CURVE('',#4820,#4818,#2902,.T.);
#6199=EDGE_CURVE('',#4819,#4820,#2903,.T.);
#6200=EDGE_CURVE('',#4819,#4787,#2904,.T.);
#6201=EDGE_CURVE('',#4789,#4820,#2905,.T.);
#6202=EDGE_CURVE('',#4821,#4822,#2906,.T.);
#6203=EDGE_CURVE('',#4821,#4823,#2907,.T.);
#6204=EDGE_CURVE('',#4824,#4823,#2908,.T.);
#6205=EDGE_CURVE('',#4822,#4824,#2909,.T.);
#6206=EDGE_CURVE('',#4822,#4825,#2910,.T.);
#6207=EDGE_CURVE('',#4826,#4824,#2911,.T.);
#6208=EDGE_CURVE('',#4825,#4826,#2912,.T.);
#6209=EDGE_CURVE('',#4825,#4827,#2913,.T.);
#6210=EDGE_CURVE('',#4828,#4826,#2914,.T.);
#6211=EDGE_CURVE('',#4827,#4828,#2915,.T.);
#6212=EDGE_CURVE('',#4827,#4821,#2916,.T.);
#6213=EDGE_CURVE('',#4823,#4828,#2917,.T.);
#6214=EDGE_CURVE('',#4829,#4830,#2918,.T.);
#6215=EDGE_CURVE('',#4829,#4831,#2919,.T.);
#6216=EDGE_CURVE('',#4832,#4831,#2920,.T.);
#6217=EDGE_CURVE('',#4830,#4832,#2921,.T.);
#6218=EDGE_CURVE('',#4833,#4829,#429,.T.);
#6219=EDGE_CURVE('',#4833,#4834,#2922,.T.);
#6220=EDGE_CURVE('',#4831,#4834,#430,.T.);
#6221=EDGE_CURVE('',#4835,#4833,#431,.T.);
#6222=EDGE_CURVE('',#4835,#4836,#2923,.T.);
#6223=EDGE_CURVE('',#4834,#4836,#432,.T.);
#6224=EDGE_CURVE('',#4830,#4835,#433,.T.);
#6225=EDGE_CURVE('',#4836,#4832,#434,.T.);
#6226=EDGE_CURVE('',#4837,#4838,#435,.T.);
#6227=EDGE_CURVE('',#4837,#4839,#2924,.T.);
#6228=EDGE_CURVE('',#4840,#4839,#436,.T.);
#6229=EDGE_CURVE('',#4838,#4840,#2925,.T.);
#6230=EDGE_CURVE('',#4838,#4841,#437,.T.);
#6231=EDGE_CURVE('',#4842,#4840,#438,.T.);
#6232=EDGE_CURVE('',#4841,#4842,#2926,.T.);
#6233=EDGE_CURVE('',#4841,#4843,#439,.T.);
#6234=EDGE_CURVE('',#4844,#4842,#440,.T.);
#6235=EDGE_CURVE('',#4843,#4844,#2927,.T.);
#6236=EDGE_CURVE('',#4843,#4845,#441,.T.);
#6237=EDGE_CURVE('',#4846,#4844,#442,.T.);
#6238=EDGE_CURVE('',#4845,#4846,#2928,.T.);
#6239=EDGE_CURVE('',#4845,#4847,#2929,.T.);
#6240=EDGE_CURVE('',#4848,#4846,#2930,.T.);
#6241=EDGE_CURVE('',#4847,#4848,#2931,.T.);
#6242=EDGE_CURVE('',#4847,#4849,#443,.T.);
#6243=EDGE_CURVE('',#4850,#4848,#444,.T.);
#6244=EDGE_CURVE('',#4849,#4850,#2932,.T.);
#6245=EDGE_CURVE('',#4849,#4851,#445,.T.);
#6246=EDGE_CURVE('',#4852,#4850,#446,.T.);
#6247=EDGE_CURVE('',#4851,#4852,#2933,.T.);
#6248=EDGE_CURVE('',#4851,#4853,#447,.T.);
#6249=EDGE_CURVE('',#4854,#4852,#448,.T.);
#6250=EDGE_CURVE('',#4853,#4854,#2934,.T.);
#6251=EDGE_CURVE('',#4853,#4855,#449,.T.);
#6252=EDGE_CURVE('',#4856,#4854,#450,.T.);
#6253=EDGE_CURVE('',#4855,#4856,#2935,.T.);
#6254=EDGE_CURVE('',#4855,#4857,#2936,.T.);
#6255=EDGE_CURVE('',#4858,#4856,#2937,.T.);
#6256=EDGE_CURVE('',#4857,#4858,#2938,.T.);
#6257=EDGE_CURVE('',#4857,#4837,#2939,.T.);
#6258=EDGE_CURVE('',#4839,#4858,#2940,.T.);
#6259=EDGE_CURVE('',#4859,#4860,#451,.T.);
#6260=EDGE_CURVE('',#4859,#4861,#2941,.T.);
#6261=EDGE_CURVE('',#4862,#4861,#452,.T.);
#6262=EDGE_CURVE('',#4860,#4862,#2942,.T.);
#6263=EDGE_CURVE('',#4860,#4863,#453,.T.);
#6264=EDGE_CURVE('',#4864,#4862,#454,.T.);
#6265=EDGE_CURVE('',#4863,#4864,#2943,.T.);
#6266=EDGE_CURVE('',#4863,#4865,#455,.T.);
#6267=EDGE_CURVE('',#4866,#4864,#456,.T.);
#6268=EDGE_CURVE('',#4865,#4866,#2944,.T.);
#6269=EDGE_CURVE('',#4865,#4867,#457,.T.);
#6270=EDGE_CURVE('',#4868,#4866,#458,.T.);
#6271=EDGE_CURVE('',#4867,#4868,#2945,.T.);
#6272=EDGE_CURVE('',#4867,#4869,#459,.T.);
#6273=EDGE_CURVE('',#4870,#4868,#460,.T.);
#6274=EDGE_CURVE('',#4869,#4870,#2946,.T.);
#6275=EDGE_CURVE('',#4869,#4871,#461,.T.);
#6276=EDGE_CURVE('',#4872,#4870,#462,.T.);
#6277=EDGE_CURVE('',#4871,#4872,#2947,.T.);
#6278=EDGE_CURVE('',#4871,#4873,#463,.T.);
#6279=EDGE_CURVE('',#4874,#4872,#464,.T.);
#6280=EDGE_CURVE('',#4873,#4874,#2948,.T.);
#6281=EDGE_CURVE('',#4873,#4875,#465,.T.);
#6282=EDGE_CURVE('',#4876,#4874,#466,.T.);
#6283=EDGE_CURVE('',#4875,#4876,#2949,.T.);
#6284=EDGE_CURVE('',#4875,#4877,#2950,.T.);
#6285=EDGE_CURVE('',#4878,#4876,#2951,.T.);
#6286=EDGE_CURVE('',#4877,#4878,#2952,.T.);
#6287=EDGE_CURVE('',#4877,#4879,#467,.T.);
#6288=EDGE_CURVE('',#4880,#4878,#468,.T.);
#6289=EDGE_CURVE('',#4879,#4880,#2953,.T.);
#6290=EDGE_CURVE('',#4879,#4881,#469,.T.);
#6291=EDGE_CURVE('',#4882,#4880,#470,.T.);
#6292=EDGE_CURVE('',#4881,#4882,#2954,.T.);
#6293=EDGE_CURVE('',#4881,#4883,#471,.T.);
#6294=EDGE_CURVE('',#4884,#4882,#472,.T.);
#6295=EDGE_CURVE('',#4883,#4884,#2955,.T.);
#6296=EDGE_CURVE('',#4883,#4885,#473,.T.);
#6297=EDGE_CURVE('',#4886,#4884,#474,.T.);
#6298=EDGE_CURVE('',#4885,#4886,#2956,.T.);
#6299=EDGE_CURVE('',#4885,#4887,#475,.T.);
#6300=EDGE_CURVE('',#4888,#4886,#476,.T.);
#6301=EDGE_CURVE('',#4887,#4888,#2957,.T.);
#6302=EDGE_CURVE('',#4887,#4889,#477,.T.);
#6303=EDGE_CURVE('',#4890,#4888,#478,.T.);
#6304=EDGE_CURVE('',#4889,#4890,#2958,.T.);
#6305=EDGE_CURVE('',#4889,#4891,#479,.T.);
#6306=EDGE_CURVE('',#4892,#4890,#480,.T.);
#6307=EDGE_CURVE('',#4891,#4892,#2959,.T.);
#6308=EDGE_CURVE('',#4891,#4893,#481,.T.);
#6309=EDGE_CURVE('',#4894,#4892,#482,.T.);
#6310=EDGE_CURVE('',#4893,#4894,#2960,.T.);
#6311=EDGE_CURVE('',#4893,#4859,#2961,.T.);
#6312=EDGE_CURVE('',#4861,#4894,#2962,.T.);
#6313=ORIENTED_EDGE('',*,*,#4895,.F.);
#6314=ORIENTED_EDGE('',*,*,#4896,.T.);
#6315=ORIENTED_EDGE('',*,*,#4897,.F.);
#6316=ORIENTED_EDGE('',*,*,#4898,.F.);
#6317=ORIENTED_EDGE('',*,*,#4899,.F.);
#6318=ORIENTED_EDGE('',*,*,#4898,.T.);
#6319=ORIENTED_EDGE('',*,*,#4900,.F.);
#6320=ORIENTED_EDGE('',*,*,#4901,.F.);
#6321=ORIENTED_EDGE('',*,*,#4902,.F.);
#6322=ORIENTED_EDGE('',*,*,#4901,.T.);
#6323=ORIENTED_EDGE('',*,*,#4903,.F.);
#6324=ORIENTED_EDGE('',*,*,#4904,.F.);
#6325=ORIENTED_EDGE('',*,*,#4905,.F.);
#6326=ORIENTED_EDGE('',*,*,#4904,.T.);
#6327=ORIENTED_EDGE('',*,*,#4906,.F.);
#6328=ORIENTED_EDGE('',*,*,#4896,.F.);
#6329=ORIENTED_EDGE('',*,*,#4905,.T.);
#6330=ORIENTED_EDGE('',*,*,#4895,.T.);
#6331=ORIENTED_EDGE('',*,*,#4899,.T.);
#6332=ORIENTED_EDGE('',*,*,#4902,.T.);
#6333=ORIENTED_EDGE('',*,*,#4906,.T.);
#6334=ORIENTED_EDGE('',*,*,#4903,.T.);
#6335=ORIENTED_EDGE('',*,*,#4900,.T.);
#6336=ORIENTED_EDGE('',*,*,#4897,.T.);
#6337=ORIENTED_EDGE('',*,*,#4907,.T.);
#6338=ORIENTED_EDGE('',*,*,#4908,.T.);
#6339=ORIENTED_EDGE('',*,*,#4909,.F.);
#6340=ORIENTED_EDGE('',*,*,#4910,.F.);
#6341=ORIENTED_EDGE('',*,*,#4911,.T.);
#6342=ORIENTED_EDGE('',*,*,#4910,.T.);
#6343=ORIENTED_EDGE('',*,*,#4912,.F.);
#6344=ORIENTED_EDGE('',*,*,#4913,.F.);
#6345=ORIENTED_EDGE('',*,*,#4914,.T.);
#6346=ORIENTED_EDGE('',*,*,#4913,.T.);
#6347=ORIENTED_EDGE('',*,*,#4915,.F.);
#6348=ORIENTED_EDGE('',*,*,#4916,.F.);
#6349=ORIENTED_EDGE('',*,*,#4917,.T.);
#6350=ORIENTED_EDGE('',*,*,#4916,.T.);
#6351=ORIENTED_EDGE('',*,*,#4918,.F.);
#6352=ORIENTED_EDGE('',*,*,#4908,.F.);
#6353=ORIENTED_EDGE('',*,*,#4918,.T.);
#6354=ORIENTED_EDGE('',*,*,#4915,.T.);
#6355=ORIENTED_EDGE('',*,*,#4912,.T.);
#6356=ORIENTED_EDGE('',*,*,#4909,.T.);
#6357=ORIENTED_EDGE('',*,*,#4917,.F.);
#6358=ORIENTED_EDGE('',*,*,#4907,.F.);
#6359=ORIENTED_EDGE('',*,*,#4911,.F.);
#6360=ORIENTED_EDGE('',*,*,#4914,.F.);
#6361=ORIENTED_EDGE('',*,*,#4919,.T.);
#6362=ORIENTED_EDGE('',*,*,#4920,.T.);
#6363=ORIENTED_EDGE('',*,*,#4921,.F.);
#6364=ORIENTED_EDGE('',*,*,#4922,.F.);
#6365=ORIENTED_EDGE('',*,*,#4923,.T.);
#6366=ORIENTED_EDGE('',*,*,#4922,.T.);
#6367=ORIENTED_EDGE('',*,*,#4924,.F.);
#6368=ORIENTED_EDGE('',*,*,#4925,.F.);
#6369=ORIENTED_EDGE('',*,*,#4926,.T.);
#6370=ORIENTED_EDGE('',*,*,#4925,.T.);
#6371=ORIENTED_EDGE('',*,*,#4927,.F.);
#6372=ORIENTED_EDGE('',*,*,#4928,.F.);
#6373=ORIENTED_EDGE('',*,*,#4929,.T.);
#6374=ORIENTED_EDGE('',*,*,#4928,.T.);
#6375=ORIENTED_EDGE('',*,*,#4930,.F.);
#6376=ORIENTED_EDGE('',*,*,#4920,.F.);
#6377=ORIENTED_EDGE('',*,*,#4930,.T.);
#6378=ORIENTED_EDGE('',*,*,#4927,.T.);
#6379=ORIENTED_EDGE('',*,*,#4924,.T.);
#6380=ORIENTED_EDGE('',*,*,#4921,.T.);
#6381=ORIENTED_EDGE('',*,*,#4929,.F.);
#6382=ORIENTED_EDGE('',*,*,#4919,.F.);
#6383=ORIENTED_EDGE('',*,*,#4923,.F.);
#6384=ORIENTED_EDGE('',*,*,#4926,.F.);
#6385=ORIENTED_EDGE('',*,*,#4931,.T.);
#6386=ORIENTED_EDGE('',*,*,#4932,.T.);
#6387=ORIENTED_EDGE('',*,*,#4933,.F.);
#6388=ORIENTED_EDGE('',*,*,#4934,.F.);
#6389=ORIENTED_EDGE('',*,*,#4935,.T.);
#6390=ORIENTED_EDGE('',*,*,#4934,.T.);
#6391=ORIENTED_EDGE('',*,*,#4936,.F.);
#6392=ORIENTED_EDGE('',*,*,#4937,.F.);
#6393=ORIENTED_EDGE('',*,*,#4938,.T.);
#6394=ORIENTED_EDGE('',*,*,#4937,.T.);
#6395=ORIENTED_EDGE('',*,*,#4939,.F.);
#6396=ORIENTED_EDGE('',*,*,#4940,.F.);
#6397=ORIENTED_EDGE('',*,*,#4941,.T.);
#6398=ORIENTED_EDGE('',*,*,#4940,.T.);
#6399=ORIENTED_EDGE('',*,*,#4942,.F.);
#6400=ORIENTED_EDGE('',*,*,#4932,.F.);
#6401=ORIENTED_EDGE('',*,*,#4942,.T.);
#6402=ORIENTED_EDGE('',*,*,#4939,.T.);
#6403=ORIENTED_EDGE('',*,*,#4936,.T.);
#6404=ORIENTED_EDGE('',*,*,#4933,.T.);
#6405=ORIENTED_EDGE('',*,*,#4941,.F.);
#6406=ORIENTED_EDGE('',*,*,#4931,.F.);
#6407=ORIENTED_EDGE('',*,*,#4935,.F.);
#6408=ORIENTED_EDGE('',*,*,#4938,.F.);
#6409=ORIENTED_EDGE('',*,*,#4943,.T.);
#6410=ORIENTED_EDGE('',*,*,#4944,.T.);
#6411=ORIENTED_EDGE('',*,*,#4945,.F.);
#6412=ORIENTED_EDGE('',*,*,#4946,.F.);
#6413=ORIENTED_EDGE('',*,*,#4947,.T.);
#6414=ORIENTED_EDGE('',*,*,#4946,.T.);
#6415=ORIENTED_EDGE('',*,*,#4948,.F.);
#6416=ORIENTED_EDGE('',*,*,#4949,.F.);
#6417=ORIENTED_EDGE('',*,*,#4950,.T.);
#6418=ORIENTED_EDGE('',*,*,#4949,.T.);
#6419=ORIENTED_EDGE('',*,*,#4951,.F.);
#6420=ORIENTED_EDGE('',*,*,#4952,.F.);
#6421=ORIENTED_EDGE('',*,*,#4953,.T.);
#6422=ORIENTED_EDGE('',*,*,#4952,.T.);
#6423=ORIENTED_EDGE('',*,*,#4954,.F.);
#6424=ORIENTED_EDGE('',*,*,#4944,.F.);
#6425=ORIENTED_EDGE('',*,*,#4954,.T.);
#6426=ORIENTED_EDGE('',*,*,#4951,.T.);
#6427=ORIENTED_EDGE('',*,*,#4948,.T.);
#6428=ORIENTED_EDGE('',*,*,#4945,.T.);
#6429=ORIENTED_EDGE('',*,*,#4953,.F.);
#6430=ORIENTED_EDGE('',*,*,#4943,.F.);
#6431=ORIENTED_EDGE('',*,*,#4947,.F.);
#6432=ORIENTED_EDGE('',*,*,#4950,.F.);
#6433=ORIENTED_EDGE('',*,*,#4955,.T.);
#6434=ORIENTED_EDGE('',*,*,#4956,.T.);
#6435=ORIENTED_EDGE('',*,*,#4957,.F.);
#6436=ORIENTED_EDGE('',*,*,#4958,.F.);
#6437=ORIENTED_EDGE('',*,*,#4959,.T.);
#6438=ORIENTED_EDGE('',*,*,#4958,.T.);
#6439=ORIENTED_EDGE('',*,*,#4960,.F.);
#6440=ORIENTED_EDGE('',*,*,#4961,.F.);
#6441=ORIENTED_EDGE('',*,*,#4962,.T.);
#6442=ORIENTED_EDGE('',*,*,#4961,.T.);
#6443=ORIENTED_EDGE('',*,*,#4963,.F.);
#6444=ORIENTED_EDGE('',*,*,#4964,.F.);
#6445=ORIENTED_EDGE('',*,*,#4965,.T.);
#6446=ORIENTED_EDGE('',*,*,#4964,.T.);
#6447=ORIENTED_EDGE('',*,*,#4966,.F.);
#6448=ORIENTED_EDGE('',*,*,#4956,.F.);
#6449=ORIENTED_EDGE('',*,*,#4966,.T.);
#6450=ORIENTED_EDGE('',*,*,#4963,.T.);
#6451=ORIENTED_EDGE('',*,*,#4960,.T.);
#6452=ORIENTED_EDGE('',*,*,#4957,.T.);
#6453=ORIENTED_EDGE('',*,*,#4965,.F.);
#6454=ORIENTED_EDGE('',*,*,#4955,.F.);
#6455=ORIENTED_EDGE('',*,*,#4959,.F.);
#6456=ORIENTED_EDGE('',*,*,#4962,.F.);
#6457=ORIENTED_EDGE('',*,*,#4967,.F.);
#6458=ORIENTED_EDGE('',*,*,#4968,.T.);
#6459=ORIENTED_EDGE('',*,*,#4969,.F.);
#6460=ORIENTED_EDGE('',*,*,#4970,.F.);
#6461=ORIENTED_EDGE('',*,*,#4971,.F.);
#6462=ORIENTED_EDGE('',*,*,#4970,.T.);
#6463=ORIENTED_EDGE('',*,*,#4972,.F.);
#6464=ORIENTED_EDGE('',*,*,#4973,.F.);
#6465=ORIENTED_EDGE('',*,*,#4974,.F.);
#6466=ORIENTED_EDGE('',*,*,#4973,.T.);
#6467=ORIENTED_EDGE('',*,*,#4975,.F.);
#6468=ORIENTED_EDGE('',*,*,#4976,.F.);
#6469=ORIENTED_EDGE('',*,*,#4977,.F.);
#6470=ORIENTED_EDGE('',*,*,#4976,.T.);
#6471=ORIENTED_EDGE('',*,*,#4978,.F.);
#6472=ORIENTED_EDGE('',*,*,#4968,.F.);
#6473=ORIENTED_EDGE('',*,*,#4977,.T.);
#6474=ORIENTED_EDGE('',*,*,#4967,.T.);
#6475=ORIENTED_EDGE('',*,*,#4971,.T.);
#6476=ORIENTED_EDGE('',*,*,#4974,.T.);
#6477=ORIENTED_EDGE('',*,*,#4978,.T.);
#6478=ORIENTED_EDGE('',*,*,#4975,.T.);
#6479=ORIENTED_EDGE('',*,*,#4972,.T.);
#6480=ORIENTED_EDGE('',*,*,#4969,.T.);
#6481=ORIENTED_EDGE('',*,*,#4979,.F.);
#6482=ORIENTED_EDGE('',*,*,#4980,.T.);
#6483=ORIENTED_EDGE('',*,*,#4981,.F.);
#6484=ORIENTED_EDGE('',*,*,#4982,.F.);
#6485=ORIENTED_EDGE('',*,*,#4983,.F.);
#6486=ORIENTED_EDGE('',*,*,#4982,.T.);
#6487=ORIENTED_EDGE('',*,*,#4984,.F.);
#6488=ORIENTED_EDGE('',*,*,#4985,.F.);
#6489=ORIENTED_EDGE('',*,*,#4986,.F.);
#6490=ORIENTED_EDGE('',*,*,#4985,.T.);
#6491=ORIENTED_EDGE('',*,*,#4987,.F.);
#6492=ORIENTED_EDGE('',*,*,#4988,.F.);
#6493=ORIENTED_EDGE('',*,*,#4989,.F.);
#6494=ORIENTED_EDGE('',*,*,#4988,.T.);
#6495=ORIENTED_EDGE('',*,*,#4990,.F.);
#6496=ORIENTED_EDGE('',*,*,#4980,.F.);
#6497=ORIENTED_EDGE('',*,*,#4989,.T.);
#6498=ORIENTED_EDGE('',*,*,#4979,.T.);
#6499=ORIENTED_EDGE('',*,*,#4983,.T.);
#6500=ORIENTED_EDGE('',*,*,#4986,.T.);
#6501=ORIENTED_EDGE('',*,*,#4990,.T.);
#6502=ORIENTED_EDGE('',*,*,#4987,.T.);
#6503=ORIENTED_EDGE('',*,*,#4984,.T.);
#6504=ORIENTED_EDGE('',*,*,#4981,.T.);
#6505=ORIENTED_EDGE('',*,*,#4991,.F.);
#6506=ORIENTED_EDGE('',*,*,#4992,.T.);
#6507=ORIENTED_EDGE('',*,*,#4993,.F.);
#6508=ORIENTED_EDGE('',*,*,#4994,.F.);
#6509=ORIENTED_EDGE('',*,*,#4995,.F.);
#6510=ORIENTED_EDGE('',*,*,#4994,.T.);
#6511=ORIENTED_EDGE('',*,*,#4996,.F.);
#6512=ORIENTED_EDGE('',*,*,#4997,.F.);
#6513=ORIENTED_EDGE('',*,*,#4998,.F.);
#6514=ORIENTED_EDGE('',*,*,#4997,.T.);
#6515=ORIENTED_EDGE('',*,*,#4999,.F.);
#6516=ORIENTED_EDGE('',*,*,#5000,.F.);
#6517=ORIENTED_EDGE('',*,*,#5001,.F.);
#6518=ORIENTED_EDGE('',*,*,#5000,.T.);
#6519=ORIENTED_EDGE('',*,*,#5002,.F.);
#6520=ORIENTED_EDGE('',*,*,#4992,.F.);
#6521=ORIENTED_EDGE('',*,*,#5001,.T.);
#6522=ORIENTED_EDGE('',*,*,#4991,.T.);
#6523=ORIENTED_EDGE('',*,*,#4995,.T.);
#6524=ORIENTED_EDGE('',*,*,#4998,.T.);
#6525=ORIENTED_EDGE('',*,*,#5002,.T.);
#6526=ORIENTED_EDGE('',*,*,#4999,.T.);
#6527=ORIENTED_EDGE('',*,*,#4996,.T.);
#6528=ORIENTED_EDGE('',*,*,#4993,.T.);
#6529=ORIENTED_EDGE('',*,*,#5003,.F.);
#6530=ORIENTED_EDGE('',*,*,#5004,.T.);
#6531=ORIENTED_EDGE('',*,*,#5005,.F.);
#6532=ORIENTED_EDGE('',*,*,#5006,.F.);
#6533=ORIENTED_EDGE('',*,*,#5007,.F.);
#6534=ORIENTED_EDGE('',*,*,#5006,.T.);
#6535=ORIENTED_EDGE('',*,*,#5008,.F.);
#6536=ORIENTED_EDGE('',*,*,#5009,.F.);
#6537=ORIENTED_EDGE('',*,*,#5010,.F.);
#6538=ORIENTED_EDGE('',*,*,#5009,.T.);
#6539=ORIENTED_EDGE('',*,*,#5011,.F.);
#6540=ORIENTED_EDGE('',*,*,#5012,.F.);
#6541=ORIENTED_EDGE('',*,*,#5013,.F.);
#6542=ORIENTED_EDGE('',*,*,#5012,.T.);
#6543=ORIENTED_EDGE('',*,*,#5014,.F.);
#6544=ORIENTED_EDGE('',*,*,#5004,.F.);
#6545=ORIENTED_EDGE('',*,*,#5013,.T.);
#6546=ORIENTED_EDGE('',*,*,#5003,.T.);
#6547=ORIENTED_EDGE('',*,*,#5007,.T.);
#6548=ORIENTED_EDGE('',*,*,#5010,.T.);
#6549=ORIENTED_EDGE('',*,*,#5014,.T.);
#6550=ORIENTED_EDGE('',*,*,#5011,.T.);
#6551=ORIENTED_EDGE('',*,*,#5008,.T.);
#6552=ORIENTED_EDGE('',*,*,#5005,.T.);
#6553=ORIENTED_EDGE('',*,*,#5015,.F.);
#6554=ORIENTED_EDGE('',*,*,#5016,.T.);
#6555=ORIENTED_EDGE('',*,*,#5017,.F.);
#6556=ORIENTED_EDGE('',*,*,#5018,.F.);
#6557=ORIENTED_EDGE('',*,*,#5019,.F.);
#6558=ORIENTED_EDGE('',*,*,#5018,.T.);
#6559=ORIENTED_EDGE('',*,*,#5020,.F.);
#6560=ORIENTED_EDGE('',*,*,#5021,.F.);
#6561=ORIENTED_EDGE('',*,*,#5022,.F.);
#6562=ORIENTED_EDGE('',*,*,#5021,.T.);
#6563=ORIENTED_EDGE('',*,*,#5023,.F.);
#6564=ORIENTED_EDGE('',*,*,#5024,.F.);
#6565=ORIENTED_EDGE('',*,*,#5025,.F.);
#6566=ORIENTED_EDGE('',*,*,#5024,.T.);
#6567=ORIENTED_EDGE('',*,*,#5026,.F.);
#6568=ORIENTED_EDGE('',*,*,#5016,.F.);
#6569=ORIENTED_EDGE('',*,*,#5025,.T.);
#6570=ORIENTED_EDGE('',*,*,#5015,.T.);
#6571=ORIENTED_EDGE('',*,*,#5019,.T.);
#6572=ORIENTED_EDGE('',*,*,#5022,.T.);
#6573=ORIENTED_EDGE('',*,*,#5026,.T.);
#6574=ORIENTED_EDGE('',*,*,#5023,.T.);
#6575=ORIENTED_EDGE('',*,*,#5020,.T.);
#6576=ORIENTED_EDGE('',*,*,#5017,.T.);
#6577=ORIENTED_EDGE('',*,*,#5027,.F.);
#6578=ORIENTED_EDGE('',*,*,#5028,.T.);
#6579=ORIENTED_EDGE('',*,*,#5029,.F.);
#6580=ORIENTED_EDGE('',*,*,#5030,.F.);
#6581=ORIENTED_EDGE('',*,*,#5031,.F.);
#6582=ORIENTED_EDGE('',*,*,#5030,.T.);
#6583=ORIENTED_EDGE('',*,*,#5032,.F.);
#6584=ORIENTED_EDGE('',*,*,#5033,.F.);
#6585=ORIENTED_EDGE('',*,*,#5034,.F.);
#6586=ORIENTED_EDGE('',*,*,#5033,.T.);
#6587=ORIENTED_EDGE('',*,*,#5035,.F.);
#6588=ORIENTED_EDGE('',*,*,#5036,.F.);
#6589=ORIENTED_EDGE('',*,*,#5037,.F.);
#6590=ORIENTED_EDGE('',*,*,#5036,.T.);
#6591=ORIENTED_EDGE('',*,*,#5038,.F.);
#6592=ORIENTED_EDGE('',*,*,#5028,.F.);
#6593=ORIENTED_EDGE('',*,*,#5037,.T.);
#6594=ORIENTED_EDGE('',*,*,#5027,.T.);
#6595=ORIENTED_EDGE('',*,*,#5031,.T.);
#6596=ORIENTED_EDGE('',*,*,#5034,.T.);
#6597=ORIENTED_EDGE('',*,*,#5038,.T.);
#6598=ORIENTED_EDGE('',*,*,#5035,.T.);
#6599=ORIENTED_EDGE('',*,*,#5032,.T.);
#6600=ORIENTED_EDGE('',*,*,#5029,.T.);
#6601=ORIENTED_EDGE('',*,*,#5039,.F.);
#6602=ORIENTED_EDGE('',*,*,#5040,.T.);
#6603=ORIENTED_EDGE('',*,*,#5041,.F.);
#6604=ORIENTED_EDGE('',*,*,#5042,.F.);
#6605=ORIENTED_EDGE('',*,*,#5043,.F.);
#6606=ORIENTED_EDGE('',*,*,#5042,.T.);
#6607=ORIENTED_EDGE('',*,*,#5044,.F.);
#6608=ORIENTED_EDGE('',*,*,#5045,.F.);
#6609=ORIENTED_EDGE('',*,*,#5046,.F.);
#6610=ORIENTED_EDGE('',*,*,#5045,.T.);
#6611=ORIENTED_EDGE('',*,*,#5047,.F.);
#6612=ORIENTED_EDGE('',*,*,#5048,.F.);
#6613=ORIENTED_EDGE('',*,*,#5049,.F.);
#6614=ORIENTED_EDGE('',*,*,#5048,.T.);
#6615=ORIENTED_EDGE('',*,*,#5050,.F.);
#6616=ORIENTED_EDGE('',*,*,#5040,.F.);
#6617=ORIENTED_EDGE('',*,*,#5049,.T.);
#6618=ORIENTED_EDGE('',*,*,#5039,.T.);
#6619=ORIENTED_EDGE('',*,*,#5043,.T.);
#6620=ORIENTED_EDGE('',*,*,#5046,.T.);
#6621=ORIENTED_EDGE('',*,*,#5050,.T.);
#6622=ORIENTED_EDGE('',*,*,#5047,.T.);
#6623=ORIENTED_EDGE('',*,*,#5044,.T.);
#6624=ORIENTED_EDGE('',*,*,#5041,.T.);
#6625=ORIENTED_EDGE('',*,*,#5051,.T.);
#6626=ORIENTED_EDGE('',*,*,#5052,.T.);
#6627=ORIENTED_EDGE('',*,*,#5053,.F.);
#6628=ORIENTED_EDGE('',*,*,#5054,.F.);
#6629=ORIENTED_EDGE('',*,*,#5055,.T.);
#6630=ORIENTED_EDGE('',*,*,#5054,.T.);
#6631=ORIENTED_EDGE('',*,*,#5056,.F.);
#6632=ORIENTED_EDGE('',*,*,#5057,.F.);
#6633=ORIENTED_EDGE('',*,*,#5058,.T.);
#6634=ORIENTED_EDGE('',*,*,#5057,.T.);
#6635=ORIENTED_EDGE('',*,*,#5059,.F.);
#6636=ORIENTED_EDGE('',*,*,#5060,.F.);
#6637=ORIENTED_EDGE('',*,*,#5061,.T.);
#6638=ORIENTED_EDGE('',*,*,#5060,.T.);
#6639=ORIENTED_EDGE('',*,*,#5062,.F.);
#6640=ORIENTED_EDGE('',*,*,#5052,.F.);
#6641=ORIENTED_EDGE('',*,*,#5062,.T.);
#6642=ORIENTED_EDGE('',*,*,#5059,.T.);
#6643=ORIENTED_EDGE('',*,*,#5056,.T.);
#6644=ORIENTED_EDGE('',*,*,#5053,.T.);
#6645=ORIENTED_EDGE('',*,*,#5061,.F.);
#6646=ORIENTED_EDGE('',*,*,#5051,.F.);
#6647=ORIENTED_EDGE('',*,*,#5055,.F.);
#6648=ORIENTED_EDGE('',*,*,#5058,.F.);
#6649=ORIENTED_EDGE('',*,*,#5063,.T.);
#6650=ORIENTED_EDGE('',*,*,#5064,.T.);
#6651=ORIENTED_EDGE('',*,*,#5065,.F.);
#6652=ORIENTED_EDGE('',*,*,#5066,.F.);
#6653=ORIENTED_EDGE('',*,*,#5067,.T.);
#6654=ORIENTED_EDGE('',*,*,#5066,.T.);
#6655=ORIENTED_EDGE('',*,*,#5068,.F.);
#6656=ORIENTED_EDGE('',*,*,#5069,.F.);
#6657=ORIENTED_EDGE('',*,*,#5070,.T.);
#6658=ORIENTED_EDGE('',*,*,#5069,.T.);
#6659=ORIENTED_EDGE('',*,*,#5071,.F.);
#6660=ORIENTED_EDGE('',*,*,#5072,.F.);
#6661=ORIENTED_EDGE('',*,*,#5073,.T.);
#6662=ORIENTED_EDGE('',*,*,#5072,.T.);
#6663=ORIENTED_EDGE('',*,*,#5074,.F.);
#6664=ORIENTED_EDGE('',*,*,#5064,.F.);
#6665=ORIENTED_EDGE('',*,*,#5074,.T.);
#6666=ORIENTED_EDGE('',*,*,#5071,.T.);
#6667=ORIENTED_EDGE('',*,*,#5068,.T.);
#6668=ORIENTED_EDGE('',*,*,#5065,.T.);
#6669=ORIENTED_EDGE('',*,*,#5073,.F.);
#6670=ORIENTED_EDGE('',*,*,#5063,.F.);
#6671=ORIENTED_EDGE('',*,*,#5067,.F.);
#6672=ORIENTED_EDGE('',*,*,#5070,.F.);
#6673=ORIENTED_EDGE('',*,*,#5075,.T.);
#6674=ORIENTED_EDGE('',*,*,#5076,.T.);
#6675=ORIENTED_EDGE('',*,*,#5077,.F.);
#6676=ORIENTED_EDGE('',*,*,#5078,.F.);
#6677=ORIENTED_EDGE('',*,*,#5079,.T.);
#6678=ORIENTED_EDGE('',*,*,#5078,.T.);
#6679=ORIENTED_EDGE('',*,*,#5080,.F.);
#6680=ORIENTED_EDGE('',*,*,#5081,.F.);
#6681=ORIENTED_EDGE('',*,*,#5082,.T.);
#6682=ORIENTED_EDGE('',*,*,#5081,.T.);
#6683=ORIENTED_EDGE('',*,*,#5083,.F.);
#6684=ORIENTED_EDGE('',*,*,#5084,.F.);
#6685=ORIENTED_EDGE('',*,*,#5085,.T.);
#6686=ORIENTED_EDGE('',*,*,#5084,.T.);
#6687=ORIENTED_EDGE('',*,*,#5086,.F.);
#6688=ORIENTED_EDGE('',*,*,#5076,.F.);
#6689=ORIENTED_EDGE('',*,*,#5086,.T.);
#6690=ORIENTED_EDGE('',*,*,#5083,.T.);
#6691=ORIENTED_EDGE('',*,*,#5080,.T.);
#6692=ORIENTED_EDGE('',*,*,#5077,.T.);
#6693=ORIENTED_EDGE('',*,*,#5085,.F.);
#6694=ORIENTED_EDGE('',*,*,#5075,.F.);
#6695=ORIENTED_EDGE('',*,*,#5079,.F.);
#6696=ORIENTED_EDGE('',*,*,#5082,.F.);
#6697=ORIENTED_EDGE('',*,*,#5087,.F.);
#6698=ORIENTED_EDGE('',*,*,#5088,.T.);
#6699=ORIENTED_EDGE('',*,*,#5089,.F.);
#6700=ORIENTED_EDGE('',*,*,#5090,.F.);
#6701=ORIENTED_EDGE('',*,*,#5091,.F.);
#6702=ORIENTED_EDGE('',*,*,#5090,.T.);
#6703=ORIENTED_EDGE('',*,*,#5092,.F.);
#6704=ORIENTED_EDGE('',*,*,#5093,.F.);
#6705=ORIENTED_EDGE('',*,*,#5094,.F.);
#6706=ORIENTED_EDGE('',*,*,#5093,.T.);
#6707=ORIENTED_EDGE('',*,*,#5095,.F.);
#6708=ORIENTED_EDGE('',*,*,#5096,.F.);
#6709=ORIENTED_EDGE('',*,*,#5097,.F.);
#6710=ORIENTED_EDGE('',*,*,#5096,.T.);
#6711=ORIENTED_EDGE('',*,*,#5098,.F.);
#6712=ORIENTED_EDGE('',*,*,#5088,.F.);
#6713=ORIENTED_EDGE('',*,*,#5097,.T.);
#6714=ORIENTED_EDGE('',*,*,#5087,.T.);
#6715=ORIENTED_EDGE('',*,*,#5091,.T.);
#6716=ORIENTED_EDGE('',*,*,#5094,.T.);
#6717=ORIENTED_EDGE('',*,*,#5098,.T.);
#6718=ORIENTED_EDGE('',*,*,#5095,.T.);
#6719=ORIENTED_EDGE('',*,*,#5092,.T.);
#6720=ORIENTED_EDGE('',*,*,#5089,.T.);
#6721=ORIENTED_EDGE('',*,*,#5099,.T.);
#6722=ORIENTED_EDGE('',*,*,#5100,.T.);
#6723=ORIENTED_EDGE('',*,*,#5101,.F.);
#6724=ORIENTED_EDGE('',*,*,#5102,.F.);
#6725=ORIENTED_EDGE('',*,*,#5103,.T.);
#6726=ORIENTED_EDGE('',*,*,#5102,.T.);
#6727=ORIENTED_EDGE('',*,*,#5104,.F.);
#6728=ORIENTED_EDGE('',*,*,#5105,.F.);
#6729=ORIENTED_EDGE('',*,*,#5106,.T.);
#6730=ORIENTED_EDGE('',*,*,#5105,.T.);
#6731=ORIENTED_EDGE('',*,*,#5107,.F.);
#6732=ORIENTED_EDGE('',*,*,#5108,.F.);
#6733=ORIENTED_EDGE('',*,*,#5109,.T.);
#6734=ORIENTED_EDGE('',*,*,#5108,.T.);
#6735=ORIENTED_EDGE('',*,*,#5110,.F.);
#6736=ORIENTED_EDGE('',*,*,#5100,.F.);
#6737=ORIENTED_EDGE('',*,*,#5110,.T.);
#6738=ORIENTED_EDGE('',*,*,#5107,.T.);
#6739=ORIENTED_EDGE('',*,*,#5104,.T.);
#6740=ORIENTED_EDGE('',*,*,#5101,.T.);
#6741=ORIENTED_EDGE('',*,*,#5109,.F.);
#6742=ORIENTED_EDGE('',*,*,#5099,.F.);
#6743=ORIENTED_EDGE('',*,*,#5103,.F.);
#6744=ORIENTED_EDGE('',*,*,#5106,.F.);
#6745=ORIENTED_EDGE('',*,*,#5111,.T.);
#6746=ORIENTED_EDGE('',*,*,#5112,.T.);
#6747=ORIENTED_EDGE('',*,*,#5113,.F.);
#6748=ORIENTED_EDGE('',*,*,#5114,.F.);
#6749=ORIENTED_EDGE('',*,*,#5115,.T.);
#6750=ORIENTED_EDGE('',*,*,#5114,.T.);
#6751=ORIENTED_EDGE('',*,*,#5116,.F.);
#6752=ORIENTED_EDGE('',*,*,#5117,.F.);
#6753=ORIENTED_EDGE('',*,*,#5118,.T.);
#6754=ORIENTED_EDGE('',*,*,#5117,.T.);
#6755=ORIENTED_EDGE('',*,*,#5119,.F.);
#6756=ORIENTED_EDGE('',*,*,#5120,.F.);
#6757=ORIENTED_EDGE('',*,*,#5121,.T.);
#6758=ORIENTED_EDGE('',*,*,#5120,.T.);
#6759=ORIENTED_EDGE('',*,*,#5122,.F.);
#6760=ORIENTED_EDGE('',*,*,#5112,.F.);
#6761=ORIENTED_EDGE('',*,*,#5122,.T.);
#6762=ORIENTED_EDGE('',*,*,#5119,.T.);
#6763=ORIENTED_EDGE('',*,*,#5116,.T.);
#6764=ORIENTED_EDGE('',*,*,#5113,.T.);
#6765=ORIENTED_EDGE('',*,*,#5121,.F.);
#6766=ORIENTED_EDGE('',*,*,#5111,.F.);
#6767=ORIENTED_EDGE('',*,*,#5115,.F.);
#6768=ORIENTED_EDGE('',*,*,#5118,.F.);
#6769=ORIENTED_EDGE('',*,*,#5123,.T.);
#6770=ORIENTED_EDGE('',*,*,#5124,.T.);
#6771=ORIENTED_EDGE('',*,*,#5125,.F.);
#6772=ORIENTED_EDGE('',*,*,#5126,.F.);
#6773=ORIENTED_EDGE('',*,*,#5127,.T.);
#6774=ORIENTED_EDGE('',*,*,#5126,.T.);
#6775=ORIENTED_EDGE('',*,*,#5128,.F.);
#6776=ORIENTED_EDGE('',*,*,#5129,.F.);
#6777=ORIENTED_EDGE('',*,*,#5130,.T.);
#6778=ORIENTED_EDGE('',*,*,#5129,.T.);
#6779=ORIENTED_EDGE('',*,*,#5131,.F.);
#6780=ORIENTED_EDGE('',*,*,#5132,.F.);
#6781=ORIENTED_EDGE('',*,*,#5133,.T.);
#6782=ORIENTED_EDGE('',*,*,#5132,.T.);
#6783=ORIENTED_EDGE('',*,*,#5134,.F.);
#6784=ORIENTED_EDGE('',*,*,#5124,.F.);
#6785=ORIENTED_EDGE('',*,*,#5134,.T.);
#6786=ORIENTED_EDGE('',*,*,#5131,.T.);
#6787=ORIENTED_EDGE('',*,*,#5128,.T.);
#6788=ORIENTED_EDGE('',*,*,#5125,.T.);
#6789=ORIENTED_EDGE('',*,*,#5133,.F.);
#6790=ORIENTED_EDGE('',*,*,#5123,.F.);
#6791=ORIENTED_EDGE('',*,*,#5127,.F.);
#6792=ORIENTED_EDGE('',*,*,#5130,.F.);
#6793=ORIENTED_EDGE('',*,*,#5135,.F.);
#6794=ORIENTED_EDGE('',*,*,#5136,.T.);
#6795=ORIENTED_EDGE('',*,*,#5137,.F.);
#6796=ORIENTED_EDGE('',*,*,#5138,.F.);
#6797=ORIENTED_EDGE('',*,*,#5139,.F.);
#6798=ORIENTED_EDGE('',*,*,#5138,.T.);
#6799=ORIENTED_EDGE('',*,*,#5140,.F.);
#6800=ORIENTED_EDGE('',*,*,#5141,.F.);
#6801=ORIENTED_EDGE('',*,*,#5142,.F.);
#6802=ORIENTED_EDGE('',*,*,#5141,.T.);
#6803=ORIENTED_EDGE('',*,*,#5143,.F.);
#6804=ORIENTED_EDGE('',*,*,#5144,.F.);
#6805=ORIENTED_EDGE('',*,*,#5145,.F.);
#6806=ORIENTED_EDGE('',*,*,#5144,.T.);
#6807=ORIENTED_EDGE('',*,*,#5146,.F.);
#6808=ORIENTED_EDGE('',*,*,#5136,.F.);
#6809=ORIENTED_EDGE('',*,*,#5145,.T.);
#6810=ORIENTED_EDGE('',*,*,#5135,.T.);
#6811=ORIENTED_EDGE('',*,*,#5139,.T.);
#6812=ORIENTED_EDGE('',*,*,#5142,.T.);
#6813=ORIENTED_EDGE('',*,*,#5146,.T.);
#6814=ORIENTED_EDGE('',*,*,#5143,.T.);
#6815=ORIENTED_EDGE('',*,*,#5140,.T.);
#6816=ORIENTED_EDGE('',*,*,#5137,.T.);
#6817=ORIENTED_EDGE('',*,*,#5147,.F.);
#6818=ORIENTED_EDGE('',*,*,#5148,.T.);
#6819=ORIENTED_EDGE('',*,*,#5149,.F.);
#6820=ORIENTED_EDGE('',*,*,#5150,.F.);
#6821=ORIENTED_EDGE('',*,*,#5151,.F.);
#6822=ORIENTED_EDGE('',*,*,#5150,.T.);
#6823=ORIENTED_EDGE('',*,*,#5152,.F.);
#6824=ORIENTED_EDGE('',*,*,#5153,.F.);
#6825=ORIENTED_EDGE('',*,*,#5154,.F.);
#6826=ORIENTED_EDGE('',*,*,#5153,.T.);
#6827=ORIENTED_EDGE('',*,*,#5155,.F.);
#6828=ORIENTED_EDGE('',*,*,#5156,.F.);
#6829=ORIENTED_EDGE('',*,*,#5157,.F.);
#6830=ORIENTED_EDGE('',*,*,#5156,.T.);
#6831=ORIENTED_EDGE('',*,*,#5158,.F.);
#6832=ORIENTED_EDGE('',*,*,#5148,.F.);
#6833=ORIENTED_EDGE('',*,*,#5157,.T.);
#6834=ORIENTED_EDGE('',*,*,#5147,.T.);
#6835=ORIENTED_EDGE('',*,*,#5151,.T.);
#6836=ORIENTED_EDGE('',*,*,#5154,.T.);
#6837=ORIENTED_EDGE('',*,*,#5158,.T.);
#6838=ORIENTED_EDGE('',*,*,#5155,.T.);
#6839=ORIENTED_EDGE('',*,*,#5152,.T.);
#6840=ORIENTED_EDGE('',*,*,#5149,.T.);
#6841=ORIENTED_EDGE('',*,*,#5159,.F.);
#6842=ORIENTED_EDGE('',*,*,#5160,.T.);
#6843=ORIENTED_EDGE('',*,*,#5161,.F.);
#6844=ORIENTED_EDGE('',*,*,#5162,.F.);
#6845=ORIENTED_EDGE('',*,*,#5163,.F.);
#6846=ORIENTED_EDGE('',*,*,#5162,.T.);
#6847=ORIENTED_EDGE('',*,*,#5164,.F.);
#6848=ORIENTED_EDGE('',*,*,#5165,.F.);
#6849=ORIENTED_EDGE('',*,*,#5166,.F.);
#6850=ORIENTED_EDGE('',*,*,#5165,.T.);
#6851=ORIENTED_EDGE('',*,*,#5167,.F.);
#6852=ORIENTED_EDGE('',*,*,#5168,.F.);
#6853=ORIENTED_EDGE('',*,*,#5169,.F.);
#6854=ORIENTED_EDGE('',*,*,#5168,.T.);
#6855=ORIENTED_EDGE('',*,*,#5170,.F.);
#6856=ORIENTED_EDGE('',*,*,#5160,.F.);
#6857=ORIENTED_EDGE('',*,*,#5169,.T.);
#6858=ORIENTED_EDGE('',*,*,#5159,.T.);
#6859=ORIENTED_EDGE('',*,*,#5163,.T.);
#6860=ORIENTED_EDGE('',*,*,#5166,.T.);
#6861=ORIENTED_EDGE('',*,*,#5170,.T.);
#6862=ORIENTED_EDGE('',*,*,#5167,.T.);
#6863=ORIENTED_EDGE('',*,*,#5164,.T.);
#6864=ORIENTED_EDGE('',*,*,#5161,.T.);
#6865=ORIENTED_EDGE('',*,*,#5171,.F.);
#6866=ORIENTED_EDGE('',*,*,#5172,.T.);
#6867=ORIENTED_EDGE('',*,*,#5173,.F.);
#6868=ORIENTED_EDGE('',*,*,#5174,.F.);
#6869=ORIENTED_EDGE('',*,*,#5175,.F.);
#6870=ORIENTED_EDGE('',*,*,#5174,.T.);
#6871=ORIENTED_EDGE('',*,*,#5176,.F.);
#6872=ORIENTED_EDGE('',*,*,#5177,.F.);
#6873=ORIENTED_EDGE('',*,*,#5178,.F.);
#6874=ORIENTED_EDGE('',*,*,#5177,.T.);
#6875=ORIENTED_EDGE('',*,*,#5179,.F.);
#6876=ORIENTED_EDGE('',*,*,#5180,.F.);
#6877=ORIENTED_EDGE('',*,*,#5181,.F.);
#6878=ORIENTED_EDGE('',*,*,#5180,.T.);
#6879=ORIENTED_EDGE('',*,*,#5182,.F.);
#6880=ORIENTED_EDGE('',*,*,#5172,.F.);
#6881=ORIENTED_EDGE('',*,*,#5181,.T.);
#6882=ORIENTED_EDGE('',*,*,#5171,.T.);
#6883=ORIENTED_EDGE('',*,*,#5175,.T.);
#6884=ORIENTED_EDGE('',*,*,#5178,.T.);
#6885=ORIENTED_EDGE('',*,*,#5182,.T.);
#6886=ORIENTED_EDGE('',*,*,#5179,.T.);
#6887=ORIENTED_EDGE('',*,*,#5176,.T.);
#6888=ORIENTED_EDGE('',*,*,#5173,.T.);
#6889=ORIENTED_EDGE('',*,*,#5183,.F.);
#6890=ORIENTED_EDGE('',*,*,#5184,.T.);
#6891=ORIENTED_EDGE('',*,*,#5185,.F.);
#6892=ORIENTED_EDGE('',*,*,#5186,.F.);
#6893=ORIENTED_EDGE('',*,*,#5187,.F.);
#6894=ORIENTED_EDGE('',*,*,#5186,.T.);
#6895=ORIENTED_EDGE('',*,*,#5188,.F.);
#6896=ORIENTED_EDGE('',*,*,#5189,.F.);
#6897=ORIENTED_EDGE('',*,*,#5190,.F.);
#6898=ORIENTED_EDGE('',*,*,#5189,.T.);
#6899=ORIENTED_EDGE('',*,*,#5191,.F.);
#6900=ORIENTED_EDGE('',*,*,#5192,.F.);
#6901=ORIENTED_EDGE('',*,*,#5193,.F.);
#6902=ORIENTED_EDGE('',*,*,#5192,.T.);
#6903=ORIENTED_EDGE('',*,*,#5194,.F.);
#6904=ORIENTED_EDGE('',*,*,#5184,.F.);
#6905=ORIENTED_EDGE('',*,*,#5193,.T.);
#6906=ORIENTED_EDGE('',*,*,#5183,.T.);
#6907=ORIENTED_EDGE('',*,*,#5187,.T.);
#6908=ORIENTED_EDGE('',*,*,#5190,.T.);
#6909=ORIENTED_EDGE('',*,*,#5194,.T.);
#6910=ORIENTED_EDGE('',*,*,#5191,.T.);
#6911=ORIENTED_EDGE('',*,*,#5188,.T.);
#6912=ORIENTED_EDGE('',*,*,#5185,.T.);
#6913=ORIENTED_EDGE('',*,*,#5195,.T.);
#6914=ORIENTED_EDGE('',*,*,#5196,.T.);
#6915=ORIENTED_EDGE('',*,*,#5197,.F.);
#6916=ORIENTED_EDGE('',*,*,#5198,.F.);
#6917=ORIENTED_EDGE('',*,*,#5199,.T.);
#6918=ORIENTED_EDGE('',*,*,#5198,.T.);
#6919=ORIENTED_EDGE('',*,*,#5200,.F.);
#6920=ORIENTED_EDGE('',*,*,#5201,.F.);
#6921=ORIENTED_EDGE('',*,*,#5202,.T.);
#6922=ORIENTED_EDGE('',*,*,#5201,.T.);
#6923=ORIENTED_EDGE('',*,*,#5203,.F.);
#6924=ORIENTED_EDGE('',*,*,#5204,.F.);
#6925=ORIENTED_EDGE('',*,*,#5205,.T.);
#6926=ORIENTED_EDGE('',*,*,#5204,.T.);
#6927=ORIENTED_EDGE('',*,*,#5206,.F.);
#6928=ORIENTED_EDGE('',*,*,#5196,.F.);
#6929=ORIENTED_EDGE('',*,*,#5206,.T.);
#6930=ORIENTED_EDGE('',*,*,#5203,.T.);
#6931=ORIENTED_EDGE('',*,*,#5200,.T.);
#6932=ORIENTED_EDGE('',*,*,#5197,.T.);
#6933=ORIENTED_EDGE('',*,*,#5205,.F.);
#6934=ORIENTED_EDGE('',*,*,#5195,.F.);
#6935=ORIENTED_EDGE('',*,*,#5199,.F.);
#6936=ORIENTED_EDGE('',*,*,#5202,.F.);
#6937=ORIENTED_EDGE('',*,*,#5207,.F.);
#6938=ORIENTED_EDGE('',*,*,#5208,.T.);
#6939=ORIENTED_EDGE('',*,*,#5209,.F.);
#6940=ORIENTED_EDGE('',*,*,#5210,.F.);
#6941=ORIENTED_EDGE('',*,*,#5211,.F.);
#6942=ORIENTED_EDGE('',*,*,#5210,.T.);
#6943=ORIENTED_EDGE('',*,*,#5212,.F.);
#6944=ORIENTED_EDGE('',*,*,#5213,.F.);
#6945=ORIENTED_EDGE('',*,*,#5214,.F.);
#6946=ORIENTED_EDGE('',*,*,#5213,.T.);
#6947=ORIENTED_EDGE('',*,*,#5215,.F.);
#6948=ORIENTED_EDGE('',*,*,#5216,.F.);
#6949=ORIENTED_EDGE('',*,*,#5217,.F.);
#6950=ORIENTED_EDGE('',*,*,#5216,.T.);
#6951=ORIENTED_EDGE('',*,*,#5218,.F.);
#6952=ORIENTED_EDGE('',*,*,#5208,.F.);
#6953=ORIENTED_EDGE('',*,*,#5217,.T.);
#6954=ORIENTED_EDGE('',*,*,#5207,.T.);
#6955=ORIENTED_EDGE('',*,*,#5211,.T.);
#6956=ORIENTED_EDGE('',*,*,#5214,.T.);
#6957=ORIENTED_EDGE('',*,*,#5218,.T.);
#6958=ORIENTED_EDGE('',*,*,#5215,.T.);
#6959=ORIENTED_EDGE('',*,*,#5212,.T.);
#6960=ORIENTED_EDGE('',*,*,#5209,.T.);
#6961=ORIENTED_EDGE('',*,*,#5219,.T.);
#6962=ORIENTED_EDGE('',*,*,#5220,.T.);
#6963=ORIENTED_EDGE('',*,*,#5221,.F.);
#6964=ORIENTED_EDGE('',*,*,#5222,.F.);
#6965=ORIENTED_EDGE('',*,*,#5223,.T.);
#6966=ORIENTED_EDGE('',*,*,#5222,.T.);
#6967=ORIENTED_EDGE('',*,*,#5224,.F.);
#6968=ORIENTED_EDGE('',*,*,#5225,.F.);
#6969=ORIENTED_EDGE('',*,*,#5226,.T.);
#6970=ORIENTED_EDGE('',*,*,#5225,.T.);
#6971=ORIENTED_EDGE('',*,*,#5227,.F.);
#6972=ORIENTED_EDGE('',*,*,#5228,.F.);
#6973=ORIENTED_EDGE('',*,*,#5229,.T.);
#6974=ORIENTED_EDGE('',*,*,#5228,.T.);
#6975=ORIENTED_EDGE('',*,*,#5230,.F.);
#6976=ORIENTED_EDGE('',*,*,#5220,.F.);
#6977=ORIENTED_EDGE('',*,*,#5230,.T.);
#6978=ORIENTED_EDGE('',*,*,#5227,.T.);
#6979=ORIENTED_EDGE('',*,*,#5224,.T.);
#6980=ORIENTED_EDGE('',*,*,#5221,.T.);
#6981=ORIENTED_EDGE('',*,*,#5229,.F.);
#6982=ORIENTED_EDGE('',*,*,#5219,.F.);
#6983=ORIENTED_EDGE('',*,*,#5223,.F.);
#6984=ORIENTED_EDGE('',*,*,#5226,.F.);
#6985=ORIENTED_EDGE('',*,*,#5231,.F.);
#6986=ORIENTED_EDGE('',*,*,#5232,.T.);
#6987=ORIENTED_EDGE('',*,*,#5233,.F.);
#6988=ORIENTED_EDGE('',*,*,#5234,.F.);
#6989=ORIENTED_EDGE('',*,*,#5235,.F.);
#6990=ORIENTED_EDGE('',*,*,#5234,.T.);
#6991=ORIENTED_EDGE('',*,*,#5236,.F.);
#6992=ORIENTED_EDGE('',*,*,#5237,.F.);
#6993=ORIENTED_EDGE('',*,*,#5238,.F.);
#6994=ORIENTED_EDGE('',*,*,#5237,.T.);
#6995=ORIENTED_EDGE('',*,*,#5239,.F.);
#6996=ORIENTED_EDGE('',*,*,#5240,.F.);
#6997=ORIENTED_EDGE('',*,*,#5241,.F.);
#6998=ORIENTED_EDGE('',*,*,#5240,.T.);
#6999=ORIENTED_EDGE('',*,*,#5242,.F.);
#7000=ORIENTED_EDGE('',*,*,#5232,.F.);
#7001=ORIENTED_EDGE('',*,*,#5241,.T.);
#7002=ORIENTED_EDGE('',*,*,#5231,.T.);
#7003=ORIENTED_EDGE('',*,*,#5235,.T.);
#7004=ORIENTED_EDGE('',*,*,#5238,.T.);
#7005=ORIENTED_EDGE('',*,*,#5242,.T.);
#7006=ORIENTED_EDGE('',*,*,#5239,.T.);
#7007=ORIENTED_EDGE('',*,*,#5236,.T.);
#7008=ORIENTED_EDGE('',*,*,#5233,.T.);
#7009=ORIENTED_EDGE('',*,*,#5243,.T.);
#7010=ORIENTED_EDGE('',*,*,#5244,.T.);
#7011=ORIENTED_EDGE('',*,*,#5245,.F.);
#7012=ORIENTED_EDGE('',*,*,#5246,.F.);
#7013=ORIENTED_EDGE('',*,*,#5247,.T.);
#7014=ORIENTED_EDGE('',*,*,#5246,.T.);
#7015=ORIENTED_EDGE('',*,*,#5248,.F.);
#7016=ORIENTED_EDGE('',*,*,#5249,.F.);
#7017=ORIENTED_EDGE('',*,*,#5250,.T.);
#7018=ORIENTED_EDGE('',*,*,#5249,.T.);
#7019=ORIENTED_EDGE('',*,*,#5251,.F.);
#7020=ORIENTED_EDGE('',*,*,#5252,.F.);
#7021=ORIENTED_EDGE('',*,*,#5253,.T.);
#7022=ORIENTED_EDGE('',*,*,#5252,.T.);
#7023=ORIENTED_EDGE('',*,*,#5254,.F.);
#7024=ORIENTED_EDGE('',*,*,#5244,.F.);
#7025=ORIENTED_EDGE('',*,*,#5254,.T.);
#7026=ORIENTED_EDGE('',*,*,#5251,.T.);
#7027=ORIENTED_EDGE('',*,*,#5248,.T.);
#7028=ORIENTED_EDGE('',*,*,#5245,.T.);
#7029=ORIENTED_EDGE('',*,*,#5253,.F.);
#7030=ORIENTED_EDGE('',*,*,#5243,.F.);
#7031=ORIENTED_EDGE('',*,*,#5247,.F.);
#7032=ORIENTED_EDGE('',*,*,#5250,.F.);
#7033=ORIENTED_EDGE('',*,*,#5255,.F.);
#7034=ORIENTED_EDGE('',*,*,#5256,.T.);
#7035=ORIENTED_EDGE('',*,*,#5257,.F.);
#7036=ORIENTED_EDGE('',*,*,#5258,.F.);
#7037=ORIENTED_EDGE('',*,*,#5259,.F.);
#7038=ORIENTED_EDGE('',*,*,#5258,.T.);
#7039=ORIENTED_EDGE('',*,*,#5260,.F.);
#7040=ORIENTED_EDGE('',*,*,#5261,.F.);
#7041=ORIENTED_EDGE('',*,*,#5262,.F.);
#7042=ORIENTED_EDGE('',*,*,#5261,.T.);
#7043=ORIENTED_EDGE('',*,*,#5263,.F.);
#7044=ORIENTED_EDGE('',*,*,#5264,.F.);
#7045=ORIENTED_EDGE('',*,*,#5265,.F.);
#7046=ORIENTED_EDGE('',*,*,#5264,.T.);
#7047=ORIENTED_EDGE('',*,*,#5266,.F.);
#7048=ORIENTED_EDGE('',*,*,#5256,.F.);
#7049=ORIENTED_EDGE('',*,*,#5265,.T.);
#7050=ORIENTED_EDGE('',*,*,#5255,.T.);
#7051=ORIENTED_EDGE('',*,*,#5259,.T.);
#7052=ORIENTED_EDGE('',*,*,#5262,.T.);
#7053=ORIENTED_EDGE('',*,*,#5266,.T.);
#7054=ORIENTED_EDGE('',*,*,#5263,.T.);
#7055=ORIENTED_EDGE('',*,*,#5260,.T.);
#7056=ORIENTED_EDGE('',*,*,#5257,.T.);
#7057=ORIENTED_EDGE('',*,*,#5267,.F.);
#7058=ORIENTED_EDGE('',*,*,#5268,.T.);
#7059=ORIENTED_EDGE('',*,*,#5269,.F.);
#7060=ORIENTED_EDGE('',*,*,#5270,.F.);
#7061=ORIENTED_EDGE('',*,*,#5271,.F.);
#7062=ORIENTED_EDGE('',*,*,#5270,.T.);
#7063=ORIENTED_EDGE('',*,*,#5272,.F.);
#7064=ORIENTED_EDGE('',*,*,#5273,.F.);
#7065=ORIENTED_EDGE('',*,*,#5274,.F.);
#7066=ORIENTED_EDGE('',*,*,#5273,.T.);
#7067=ORIENTED_EDGE('',*,*,#5275,.F.);
#7068=ORIENTED_EDGE('',*,*,#5276,.F.);
#7069=ORIENTED_EDGE('',*,*,#5277,.F.);
#7070=ORIENTED_EDGE('',*,*,#5276,.T.);
#7071=ORIENTED_EDGE('',*,*,#5278,.F.);
#7072=ORIENTED_EDGE('',*,*,#5279,.F.);
#7073=ORIENTED_EDGE('',*,*,#5280,.F.);
#7074=ORIENTED_EDGE('',*,*,#5279,.T.);
#7075=ORIENTED_EDGE('',*,*,#5281,.F.);
#7076=ORIENTED_EDGE('',*,*,#5282,.F.);
#7077=ORIENTED_EDGE('',*,*,#5283,.F.);
#7078=ORIENTED_EDGE('',*,*,#5282,.T.);
#7079=ORIENTED_EDGE('',*,*,#5284,.F.);
#7080=ORIENTED_EDGE('',*,*,#5285,.F.);
#7081=ORIENTED_EDGE('',*,*,#5286,.F.);
#7082=ORIENTED_EDGE('',*,*,#5285,.T.);
#7083=ORIENTED_EDGE('',*,*,#5287,.F.);
#7084=ORIENTED_EDGE('',*,*,#5288,.F.);
#7085=ORIENTED_EDGE('',*,*,#5289,.F.);
#7086=ORIENTED_EDGE('',*,*,#5288,.T.);
#7087=ORIENTED_EDGE('',*,*,#5290,.F.);
#7088=ORIENTED_EDGE('',*,*,#5291,.F.);
#7089=ORIENTED_EDGE('',*,*,#5292,.F.);
#7090=ORIENTED_EDGE('',*,*,#5291,.T.);
#7091=ORIENTED_EDGE('',*,*,#5293,.F.);
#7092=ORIENTED_EDGE('',*,*,#5294,.F.);
#7093=ORIENTED_EDGE('',*,*,#5295,.F.);
#7094=ORIENTED_EDGE('',*,*,#5294,.T.);
#7095=ORIENTED_EDGE('',*,*,#5296,.F.);
#7096=ORIENTED_EDGE('',*,*,#5297,.F.);
#7097=ORIENTED_EDGE('',*,*,#5298,.F.);
#7098=ORIENTED_EDGE('',*,*,#5297,.T.);
#7099=ORIENTED_EDGE('',*,*,#5299,.F.);
#7100=ORIENTED_EDGE('',*,*,#5268,.F.);
#7101=ORIENTED_EDGE('',*,*,#5298,.T.);
#7102=ORIENTED_EDGE('',*,*,#5267,.T.);
#7103=ORIENTED_EDGE('',*,*,#5271,.T.);
#7104=ORIENTED_EDGE('',*,*,#5274,.T.);
#7105=ORIENTED_EDGE('',*,*,#5277,.T.);
#7106=ORIENTED_EDGE('',*,*,#5280,.T.);
#7107=ORIENTED_EDGE('',*,*,#5283,.T.);
#7108=ORIENTED_EDGE('',*,*,#5286,.T.);
#7109=ORIENTED_EDGE('',*,*,#5289,.T.);
#7110=ORIENTED_EDGE('',*,*,#5292,.T.);
#7111=ORIENTED_EDGE('',*,*,#5295,.T.);
#7112=ORIENTED_EDGE('',*,*,#5299,.T.);
#7113=ORIENTED_EDGE('',*,*,#5296,.T.);
#7114=ORIENTED_EDGE('',*,*,#5293,.T.);
#7115=ORIENTED_EDGE('',*,*,#5290,.T.);
#7116=ORIENTED_EDGE('',*,*,#5287,.T.);
#7117=ORIENTED_EDGE('',*,*,#5284,.T.);
#7118=ORIENTED_EDGE('',*,*,#5281,.T.);
#7119=ORIENTED_EDGE('',*,*,#5278,.T.);
#7120=ORIENTED_EDGE('',*,*,#5275,.T.);
#7121=ORIENTED_EDGE('',*,*,#5272,.T.);
#7122=ORIENTED_EDGE('',*,*,#5269,.T.);
#7123=ORIENTED_EDGE('',*,*,#5300,.F.);
#7124=ORIENTED_EDGE('',*,*,#5301,.T.);
#7125=ORIENTED_EDGE('',*,*,#5302,.F.);
#7126=ORIENTED_EDGE('',*,*,#5303,.F.);
#7127=ORIENTED_EDGE('',*,*,#5304,.F.);
#7128=ORIENTED_EDGE('',*,*,#5305,.T.);
#7129=ORIENTED_EDGE('',*,*,#5306,.F.);
#7130=ORIENTED_EDGE('',*,*,#5301,.F.);
#7131=ORIENTED_EDGE('',*,*,#5307,.F.);
#7132=ORIENTED_EDGE('',*,*,#5308,.T.);
#7133=ORIENTED_EDGE('',*,*,#5309,.F.);
#7134=ORIENTED_EDGE('',*,*,#5305,.F.);
#7135=ORIENTED_EDGE('',*,*,#5310,.F.);
#7136=ORIENTED_EDGE('',*,*,#5303,.T.);
#7137=ORIENTED_EDGE('',*,*,#5311,.F.);
#7138=ORIENTED_EDGE('',*,*,#5308,.F.);
#7139=ORIENTED_EDGE('',*,*,#5312,.F.);
#7140=ORIENTED_EDGE('',*,*,#5313,.T.);
#7141=ORIENTED_EDGE('',*,*,#5314,.F.);
#7142=ORIENTED_EDGE('',*,*,#5315,.F.);
#7143=ORIENTED_EDGE('',*,*,#5316,.F.);
#7144=ORIENTED_EDGE('',*,*,#5315,.T.);
#7145=ORIENTED_EDGE('',*,*,#5317,.F.);
#7146=ORIENTED_EDGE('',*,*,#5318,.F.);
#7147=ORIENTED_EDGE('',*,*,#5319,.F.);
#7148=ORIENTED_EDGE('',*,*,#5318,.T.);
#7149=ORIENTED_EDGE('',*,*,#5320,.F.);
#7150=ORIENTED_EDGE('',*,*,#5321,.F.);
#7151=ORIENTED_EDGE('',*,*,#5322,.F.);
#7152=ORIENTED_EDGE('',*,*,#5321,.T.);
#7153=ORIENTED_EDGE('',*,*,#5323,.F.);
#7154=ORIENTED_EDGE('',*,*,#5324,.F.);
#7155=ORIENTED_EDGE('',*,*,#5325,.F.);
#7156=ORIENTED_EDGE('',*,*,#5324,.T.);
#7157=ORIENTED_EDGE('',*,*,#5326,.F.);
#7158=ORIENTED_EDGE('',*,*,#5327,.F.);
#7159=ORIENTED_EDGE('',*,*,#5328,.F.);
#7160=ORIENTED_EDGE('',*,*,#5327,.T.);
#7161=ORIENTED_EDGE('',*,*,#5329,.F.);
#7162=ORIENTED_EDGE('',*,*,#5313,.F.);
#7163=ORIENTED_EDGE('',*,*,#5328,.T.);
#7164=ORIENTED_EDGE('',*,*,#5312,.T.);
#7165=ORIENTED_EDGE('',*,*,#5316,.T.);
#7166=ORIENTED_EDGE('',*,*,#5319,.T.);
#7167=ORIENTED_EDGE('',*,*,#5322,.T.);
#7168=ORIENTED_EDGE('',*,*,#5325,.T.);
#7169=ORIENTED_EDGE('',*,*,#5300,.T.);
#7170=ORIENTED_EDGE('',*,*,#5310,.T.);
#7171=ORIENTED_EDGE('',*,*,#5307,.T.);
#7172=ORIENTED_EDGE('',*,*,#5304,.T.);
#7173=ORIENTED_EDGE('',*,*,#5329,.T.);
#7174=ORIENTED_EDGE('',*,*,#5326,.T.);
#7175=ORIENTED_EDGE('',*,*,#5323,.T.);
#7176=ORIENTED_EDGE('',*,*,#5320,.T.);
#7177=ORIENTED_EDGE('',*,*,#5317,.T.);
#7178=ORIENTED_EDGE('',*,*,#5314,.T.);
#7179=ORIENTED_EDGE('',*,*,#5302,.T.);
#7180=ORIENTED_EDGE('',*,*,#5306,.T.);
#7181=ORIENTED_EDGE('',*,*,#5309,.T.);
#7182=ORIENTED_EDGE('',*,*,#5311,.T.);
#7183=ORIENTED_EDGE('',*,*,#5330,.F.);
#7184=ORIENTED_EDGE('',*,*,#5331,.T.);
#7185=ORIENTED_EDGE('',*,*,#5332,.F.);
#7186=ORIENTED_EDGE('',*,*,#5333,.F.);
#7187=ORIENTED_EDGE('',*,*,#5334,.F.);
#7188=ORIENTED_EDGE('',*,*,#5333,.T.);
#7189=ORIENTED_EDGE('',*,*,#5335,.F.);
#7190=ORIENTED_EDGE('',*,*,#5336,.F.);
#7191=ORIENTED_EDGE('',*,*,#5337,.F.);
#7192=ORIENTED_EDGE('',*,*,#5336,.T.);
#7193=ORIENTED_EDGE('',*,*,#5338,.F.);
#7194=ORIENTED_EDGE('',*,*,#5339,.F.);
#7195=ORIENTED_EDGE('',*,*,#5340,.F.);
#7196=ORIENTED_EDGE('',*,*,#5339,.T.);
#7197=ORIENTED_EDGE('',*,*,#5341,.F.);
#7198=ORIENTED_EDGE('',*,*,#5342,.F.);
#7199=ORIENTED_EDGE('',*,*,#5343,.F.);
#7200=ORIENTED_EDGE('',*,*,#5342,.T.);
#7201=ORIENTED_EDGE('',*,*,#5344,.F.);
#7202=ORIENTED_EDGE('',*,*,#5345,.F.);
#7203=ORIENTED_EDGE('',*,*,#5346,.F.);
#7204=ORIENTED_EDGE('',*,*,#5345,.T.);
#7205=ORIENTED_EDGE('',*,*,#5347,.F.);
#7206=ORIENTED_EDGE('',*,*,#5348,.F.);
#7207=ORIENTED_EDGE('',*,*,#5349,.F.);
#7208=ORIENTED_EDGE('',*,*,#5348,.T.);
#7209=ORIENTED_EDGE('',*,*,#5350,.F.);
#7210=ORIENTED_EDGE('',*,*,#5351,.F.);
#7211=ORIENTED_EDGE('',*,*,#5352,.F.);
#7212=ORIENTED_EDGE('',*,*,#5351,.T.);
#7213=ORIENTED_EDGE('',*,*,#5353,.F.);
#7214=ORIENTED_EDGE('',*,*,#5354,.F.);
#7215=ORIENTED_EDGE('',*,*,#5355,.F.);
#7216=ORIENTED_EDGE('',*,*,#5354,.T.);
#7217=ORIENTED_EDGE('',*,*,#5356,.F.);
#7218=ORIENTED_EDGE('',*,*,#5357,.F.);
#7219=ORIENTED_EDGE('',*,*,#5358,.F.);
#7220=ORIENTED_EDGE('',*,*,#5357,.T.);
#7221=ORIENTED_EDGE('',*,*,#5359,.F.);
#7222=ORIENTED_EDGE('',*,*,#5360,.F.);
#7223=ORIENTED_EDGE('',*,*,#5361,.F.);
#7224=ORIENTED_EDGE('',*,*,#5360,.T.);
#7225=ORIENTED_EDGE('',*,*,#5362,.F.);
#7226=ORIENTED_EDGE('',*,*,#5331,.F.);
#7227=ORIENTED_EDGE('',*,*,#5361,.T.);
#7228=ORIENTED_EDGE('',*,*,#5330,.T.);
#7229=ORIENTED_EDGE('',*,*,#5334,.T.);
#7230=ORIENTED_EDGE('',*,*,#5337,.T.);
#7231=ORIENTED_EDGE('',*,*,#5340,.T.);
#7232=ORIENTED_EDGE('',*,*,#5343,.T.);
#7233=ORIENTED_EDGE('',*,*,#5346,.T.);
#7234=ORIENTED_EDGE('',*,*,#5349,.T.);
#7235=ORIENTED_EDGE('',*,*,#5352,.T.);
#7236=ORIENTED_EDGE('',*,*,#5355,.T.);
#7237=ORIENTED_EDGE('',*,*,#5358,.T.);
#7238=ORIENTED_EDGE('',*,*,#5362,.T.);
#7239=ORIENTED_EDGE('',*,*,#5359,.T.);
#7240=ORIENTED_EDGE('',*,*,#5356,.T.);
#7241=ORIENTED_EDGE('',*,*,#5353,.T.);
#7242=ORIENTED_EDGE('',*,*,#5350,.T.);
#7243=ORIENTED_EDGE('',*,*,#5347,.T.);
#7244=ORIENTED_EDGE('',*,*,#5344,.T.);
#7245=ORIENTED_EDGE('',*,*,#5341,.T.);
#7246=ORIENTED_EDGE('',*,*,#5338,.T.);
#7247=ORIENTED_EDGE('',*,*,#5335,.T.);
#7248=ORIENTED_EDGE('',*,*,#5332,.T.);
#7249=ORIENTED_EDGE('',*,*,#5363,.F.);
#7250=ORIENTED_EDGE('',*,*,#5364,.T.);
#7251=ORIENTED_EDGE('',*,*,#5365,.F.);
#7252=ORIENTED_EDGE('',*,*,#5366,.F.);
#7253=ORIENTED_EDGE('',*,*,#5367,.F.);
#7254=ORIENTED_EDGE('',*,*,#5368,.T.);
#7255=ORIENTED_EDGE('',*,*,#5369,.F.);
#7256=ORIENTED_EDGE('',*,*,#5364,.F.);
#7257=ORIENTED_EDGE('',*,*,#5370,.F.);
#7258=ORIENTED_EDGE('',*,*,#5371,.T.);
#7259=ORIENTED_EDGE('',*,*,#5372,.F.);
#7260=ORIENTED_EDGE('',*,*,#5368,.F.);
#7261=ORIENTED_EDGE('',*,*,#5373,.F.);
#7262=ORIENTED_EDGE('',*,*,#5366,.T.);
#7263=ORIENTED_EDGE('',*,*,#5374,.F.);
#7264=ORIENTED_EDGE('',*,*,#5371,.F.);
#7265=ORIENTED_EDGE('',*,*,#5375,.F.);
#7266=ORIENTED_EDGE('',*,*,#5376,.T.);
#7267=ORIENTED_EDGE('',*,*,#5377,.F.);
#7268=ORIENTED_EDGE('',*,*,#5378,.F.);
#7269=ORIENTED_EDGE('',*,*,#5379,.F.);
#7270=ORIENTED_EDGE('',*,*,#5378,.T.);
#7271=ORIENTED_EDGE('',*,*,#5380,.F.);
#7272=ORIENTED_EDGE('',*,*,#5381,.F.);
#7273=ORIENTED_EDGE('',*,*,#5382,.F.);
#7274=ORIENTED_EDGE('',*,*,#5381,.T.);
#7275=ORIENTED_EDGE('',*,*,#5383,.F.);
#7276=ORIENTED_EDGE('',*,*,#5384,.F.);
#7277=ORIENTED_EDGE('',*,*,#5385,.F.);
#7278=ORIENTED_EDGE('',*,*,#5384,.T.);
#7279=ORIENTED_EDGE('',*,*,#5386,.F.);
#7280=ORIENTED_EDGE('',*,*,#5387,.F.);
#7281=ORIENTED_EDGE('',*,*,#5388,.F.);
#7282=ORIENTED_EDGE('',*,*,#5387,.T.);
#7283=ORIENTED_EDGE('',*,*,#5389,.F.);
#7284=ORIENTED_EDGE('',*,*,#5390,.F.);
#7285=ORIENTED_EDGE('',*,*,#5391,.F.);
#7286=ORIENTED_EDGE('',*,*,#5390,.T.);
#7287=ORIENTED_EDGE('',*,*,#5392,.F.);
#7288=ORIENTED_EDGE('',*,*,#5376,.F.);
#7289=ORIENTED_EDGE('',*,*,#5391,.T.);
#7290=ORIENTED_EDGE('',*,*,#5375,.T.);
#7291=ORIENTED_EDGE('',*,*,#5379,.T.);
#7292=ORIENTED_EDGE('',*,*,#5382,.T.);
#7293=ORIENTED_EDGE('',*,*,#5385,.T.);
#7294=ORIENTED_EDGE('',*,*,#5388,.T.);
#7295=ORIENTED_EDGE('',*,*,#5363,.T.);
#7296=ORIENTED_EDGE('',*,*,#5373,.T.);
#7297=ORIENTED_EDGE('',*,*,#5370,.T.);
#7298=ORIENTED_EDGE('',*,*,#5367,.T.);
#7299=ORIENTED_EDGE('',*,*,#5392,.T.);
#7300=ORIENTED_EDGE('',*,*,#5389,.T.);
#7301=ORIENTED_EDGE('',*,*,#5386,.T.);
#7302=ORIENTED_EDGE('',*,*,#5383,.T.);
#7303=ORIENTED_EDGE('',*,*,#5380,.T.);
#7304=ORIENTED_EDGE('',*,*,#5377,.T.);
#7305=ORIENTED_EDGE('',*,*,#5365,.T.);
#7306=ORIENTED_EDGE('',*,*,#5369,.T.);
#7307=ORIENTED_EDGE('',*,*,#5372,.T.);
#7308=ORIENTED_EDGE('',*,*,#5374,.T.);
#7309=ORIENTED_EDGE('',*,*,#5393,.F.);
#7310=ORIENTED_EDGE('',*,*,#5394,.T.);
#7311=ORIENTED_EDGE('',*,*,#5395,.F.);
#7312=ORIENTED_EDGE('',*,*,#5396,.F.);
#7313=ORIENTED_EDGE('',*,*,#5397,.F.);
#7314=ORIENTED_EDGE('',*,*,#5398,.T.);
#7315=ORIENTED_EDGE('',*,*,#5399,.F.);
#7316=ORIENTED_EDGE('',*,*,#5394,.F.);
#7317=ORIENTED_EDGE('',*,*,#5400,.F.);
#7318=ORIENTED_EDGE('',*,*,#5401,.T.);
#7319=ORIENTED_EDGE('',*,*,#5402,.F.);
#7320=ORIENTED_EDGE('',*,*,#5398,.F.);
#7321=ORIENTED_EDGE('',*,*,#5403,.F.);
#7322=ORIENTED_EDGE('',*,*,#5396,.T.);
#7323=ORIENTED_EDGE('',*,*,#5404,.F.);
#7324=ORIENTED_EDGE('',*,*,#5401,.F.);
#7325=ORIENTED_EDGE('',*,*,#5405,.F.);
#7326=ORIENTED_EDGE('',*,*,#5406,.T.);
#7327=ORIENTED_EDGE('',*,*,#5407,.F.);
#7328=ORIENTED_EDGE('',*,*,#5408,.F.);
#7329=ORIENTED_EDGE('',*,*,#5409,.F.);
#7330=ORIENTED_EDGE('',*,*,#5408,.T.);
#7331=ORIENTED_EDGE('',*,*,#5410,.F.);
#7332=ORIENTED_EDGE('',*,*,#5411,.F.);
#7333=ORIENTED_EDGE('',*,*,#5412,.F.);
#7334=ORIENTED_EDGE('',*,*,#5411,.T.);
#7335=ORIENTED_EDGE('',*,*,#5413,.F.);
#7336=ORIENTED_EDGE('',*,*,#5414,.F.);
#7337=ORIENTED_EDGE('',*,*,#5415,.F.);
#7338=ORIENTED_EDGE('',*,*,#5414,.T.);
#7339=ORIENTED_EDGE('',*,*,#5416,.F.);
#7340=ORIENTED_EDGE('',*,*,#5417,.F.);
#7341=ORIENTED_EDGE('',*,*,#5418,.F.);
#7342=ORIENTED_EDGE('',*,*,#5417,.T.);
#7343=ORIENTED_EDGE('',*,*,#5419,.F.);
#7344=ORIENTED_EDGE('',*,*,#5420,.F.);
#7345=ORIENTED_EDGE('',*,*,#5421,.F.);
#7346=ORIENTED_EDGE('',*,*,#5420,.T.);
#7347=ORIENTED_EDGE('',*,*,#5422,.F.);
#7348=ORIENTED_EDGE('',*,*,#5423,.F.);
#7349=ORIENTED_EDGE('',*,*,#5424,.F.);
#7350=ORIENTED_EDGE('',*,*,#5423,.T.);
#7351=ORIENTED_EDGE('',*,*,#5425,.F.);
#7352=ORIENTED_EDGE('',*,*,#5426,.F.);
#7353=ORIENTED_EDGE('',*,*,#5427,.F.);
#7354=ORIENTED_EDGE('',*,*,#5426,.T.);
#7355=ORIENTED_EDGE('',*,*,#5428,.F.);
#7356=ORIENTED_EDGE('',*,*,#5429,.F.);
#7357=ORIENTED_EDGE('',*,*,#5430,.F.);
#7358=ORIENTED_EDGE('',*,*,#5429,.T.);
#7359=ORIENTED_EDGE('',*,*,#5431,.F.);
#7360=ORIENTED_EDGE('',*,*,#5432,.F.);
#7361=ORIENTED_EDGE('',*,*,#5433,.F.);
#7362=ORIENTED_EDGE('',*,*,#5432,.T.);
#7363=ORIENTED_EDGE('',*,*,#5434,.F.);
#7364=ORIENTED_EDGE('',*,*,#5406,.F.);
#7365=ORIENTED_EDGE('',*,*,#5433,.T.);
#7366=ORIENTED_EDGE('',*,*,#5405,.T.);
#7367=ORIENTED_EDGE('',*,*,#5409,.T.);
#7368=ORIENTED_EDGE('',*,*,#5412,.T.);
#7369=ORIENTED_EDGE('',*,*,#5415,.T.);
#7370=ORIENTED_EDGE('',*,*,#5418,.T.);
#7371=ORIENTED_EDGE('',*,*,#5421,.T.);
#7372=ORIENTED_EDGE('',*,*,#5424,.T.);
#7373=ORIENTED_EDGE('',*,*,#5427,.T.);
#7374=ORIENTED_EDGE('',*,*,#5430,.T.);
#7375=ORIENTED_EDGE('',*,*,#5393,.T.);
#7376=ORIENTED_EDGE('',*,*,#5403,.T.);
#7377=ORIENTED_EDGE('',*,*,#5400,.T.);
#7378=ORIENTED_EDGE('',*,*,#5397,.T.);
#7379=ORIENTED_EDGE('',*,*,#5434,.T.);
#7380=ORIENTED_EDGE('',*,*,#5431,.T.);
#7381=ORIENTED_EDGE('',*,*,#5428,.T.);
#7382=ORIENTED_EDGE('',*,*,#5425,.T.);
#7383=ORIENTED_EDGE('',*,*,#5422,.T.);
#7384=ORIENTED_EDGE('',*,*,#5419,.T.);
#7385=ORIENTED_EDGE('',*,*,#5416,.T.);
#7386=ORIENTED_EDGE('',*,*,#5413,.T.);
#7387=ORIENTED_EDGE('',*,*,#5410,.T.);
#7388=ORIENTED_EDGE('',*,*,#5407,.T.);
#7389=ORIENTED_EDGE('',*,*,#5395,.T.);
#7390=ORIENTED_EDGE('',*,*,#5399,.T.);
#7391=ORIENTED_EDGE('',*,*,#5402,.T.);
#7392=ORIENTED_EDGE('',*,*,#5404,.T.);
#7393=ORIENTED_EDGE('',*,*,#5435,.F.);
#7394=ORIENTED_EDGE('',*,*,#5436,.T.);
#7395=ORIENTED_EDGE('',*,*,#5437,.F.);
#7396=ORIENTED_EDGE('',*,*,#5438,.F.);
#7397=ORIENTED_EDGE('',*,*,#5439,.F.);
#7398=ORIENTED_EDGE('',*,*,#5440,.T.);
#7399=ORIENTED_EDGE('',*,*,#5441,.F.);
#7400=ORIENTED_EDGE('',*,*,#5436,.F.);
#7401=ORIENTED_EDGE('',*,*,#5442,.F.);
#7402=ORIENTED_EDGE('',*,*,#5443,.T.);
#7403=ORIENTED_EDGE('',*,*,#5444,.F.);
#7404=ORIENTED_EDGE('',*,*,#5440,.F.);
#7405=ORIENTED_EDGE('',*,*,#5445,.F.);
#7406=ORIENTED_EDGE('',*,*,#5446,.T.);
#7407=ORIENTED_EDGE('',*,*,#5447,.F.);
#7408=ORIENTED_EDGE('',*,*,#5443,.F.);
#7409=ORIENTED_EDGE('',*,*,#5448,.F.);
#7410=ORIENTED_EDGE('',*,*,#5449,.T.);
#7411=ORIENTED_EDGE('',*,*,#5450,.F.);
#7412=ORIENTED_EDGE('',*,*,#5446,.F.);
#7413=ORIENTED_EDGE('',*,*,#5451,.F.);
#7414=ORIENTED_EDGE('',*,*,#5438,.T.);
#7415=ORIENTED_EDGE('',*,*,#5452,.F.);
#7416=ORIENTED_EDGE('',*,*,#5449,.F.);
#7417=ORIENTED_EDGE('',*,*,#5453,.F.);
#7418=ORIENTED_EDGE('',*,*,#5454,.T.);
#7419=ORIENTED_EDGE('',*,*,#5455,.F.);
#7420=ORIENTED_EDGE('',*,*,#5456,.F.);
#7421=ORIENTED_EDGE('',*,*,#5457,.F.);
#7422=ORIENTED_EDGE('',*,*,#5456,.T.);
#7423=ORIENTED_EDGE('',*,*,#5458,.F.);
#7424=ORIENTED_EDGE('',*,*,#5459,.F.);
#7425=ORIENTED_EDGE('',*,*,#5460,.F.);
#7426=ORIENTED_EDGE('',*,*,#5459,.T.);
#7427=ORIENTED_EDGE('',*,*,#5461,.F.);
#7428=ORIENTED_EDGE('',*,*,#5462,.F.);
#7429=ORIENTED_EDGE('',*,*,#5463,.F.);
#7430=ORIENTED_EDGE('',*,*,#5462,.T.);
#7431=ORIENTED_EDGE('',*,*,#5464,.F.);
#7432=ORIENTED_EDGE('',*,*,#5465,.F.);
#7433=ORIENTED_EDGE('',*,*,#5466,.F.);
#7434=ORIENTED_EDGE('',*,*,#5465,.T.);
#7435=ORIENTED_EDGE('',*,*,#5467,.F.);
#7436=ORIENTED_EDGE('',*,*,#5468,.F.);
#7437=ORIENTED_EDGE('',*,*,#5469,.F.);
#7438=ORIENTED_EDGE('',*,*,#5468,.T.);
#7439=ORIENTED_EDGE('',*,*,#5470,.F.);
#7440=ORIENTED_EDGE('',*,*,#5471,.F.);
#7441=ORIENTED_EDGE('',*,*,#5472,.F.);
#7442=ORIENTED_EDGE('',*,*,#5471,.T.);
#7443=ORIENTED_EDGE('',*,*,#5473,.F.);
#7444=ORIENTED_EDGE('',*,*,#5474,.F.);
#7445=ORIENTED_EDGE('',*,*,#5475,.F.);
#7446=ORIENTED_EDGE('',*,*,#5474,.T.);
#7447=ORIENTED_EDGE('',*,*,#5476,.F.);
#7448=ORIENTED_EDGE('',*,*,#5477,.F.);
#7449=ORIENTED_EDGE('',*,*,#5478,.F.);
#7450=ORIENTED_EDGE('',*,*,#5477,.T.);
#7451=ORIENTED_EDGE('',*,*,#5479,.F.);
#7452=ORIENTED_EDGE('',*,*,#5480,.F.);
#7453=ORIENTED_EDGE('',*,*,#5481,.F.);
#7454=ORIENTED_EDGE('',*,*,#5480,.T.);
#7455=ORIENTED_EDGE('',*,*,#5482,.F.);
#7456=ORIENTED_EDGE('',*,*,#5483,.F.);
#7457=ORIENTED_EDGE('',*,*,#5484,.F.);
#7458=ORIENTED_EDGE('',*,*,#5483,.T.);
#7459=ORIENTED_EDGE('',*,*,#5485,.F.);
#7460=ORIENTED_EDGE('',*,*,#5486,.F.);
#7461=ORIENTED_EDGE('',*,*,#5487,.F.);
#7462=ORIENTED_EDGE('',*,*,#5486,.T.);
#7463=ORIENTED_EDGE('',*,*,#5488,.F.);
#7464=ORIENTED_EDGE('',*,*,#5489,.F.);
#7465=ORIENTED_EDGE('',*,*,#5490,.F.);
#7466=ORIENTED_EDGE('',*,*,#5489,.T.);
#7467=ORIENTED_EDGE('',*,*,#5491,.F.);
#7468=ORIENTED_EDGE('',*,*,#5492,.F.);
#7469=ORIENTED_EDGE('',*,*,#5493,.F.);
#7470=ORIENTED_EDGE('',*,*,#5492,.T.);
#7471=ORIENTED_EDGE('',*,*,#5494,.F.);
#7472=ORIENTED_EDGE('',*,*,#5495,.F.);
#7473=ORIENTED_EDGE('',*,*,#5496,.F.);
#7474=ORIENTED_EDGE('',*,*,#5495,.T.);
#7475=ORIENTED_EDGE('',*,*,#5497,.F.);
#7476=ORIENTED_EDGE('',*,*,#5498,.F.);
#7477=ORIENTED_EDGE('',*,*,#5499,.F.);
#7478=ORIENTED_EDGE('',*,*,#5498,.T.);
#7479=ORIENTED_EDGE('',*,*,#5500,.F.);
#7480=ORIENTED_EDGE('',*,*,#5501,.F.);
#7481=ORIENTED_EDGE('',*,*,#5502,.F.);
#7482=ORIENTED_EDGE('',*,*,#5501,.T.);
#7483=ORIENTED_EDGE('',*,*,#5503,.F.);
#7484=ORIENTED_EDGE('',*,*,#5504,.F.);
#7485=ORIENTED_EDGE('',*,*,#5505,.F.);
#7486=ORIENTED_EDGE('',*,*,#5504,.T.);
#7487=ORIENTED_EDGE('',*,*,#5506,.F.);
#7488=ORIENTED_EDGE('',*,*,#5454,.F.);
#7489=ORIENTED_EDGE('',*,*,#5505,.T.);
#7490=ORIENTED_EDGE('',*,*,#5453,.T.);
#7491=ORIENTED_EDGE('',*,*,#5457,.T.);
#7492=ORIENTED_EDGE('',*,*,#5460,.T.);
#7493=ORIENTED_EDGE('',*,*,#5463,.T.);
#7494=ORIENTED_EDGE('',*,*,#5466,.T.);
#7495=ORIENTED_EDGE('',*,*,#5469,.T.);
#7496=ORIENTED_EDGE('',*,*,#5472,.T.);
#7497=ORIENTED_EDGE('',*,*,#5475,.T.);
#7498=ORIENTED_EDGE('',*,*,#5478,.T.);
#7499=ORIENTED_EDGE('',*,*,#5481,.T.);
#7500=ORIENTED_EDGE('',*,*,#5484,.T.);
#7501=ORIENTED_EDGE('',*,*,#5487,.T.);
#7502=ORIENTED_EDGE('',*,*,#5490,.T.);
#7503=ORIENTED_EDGE('',*,*,#5493,.T.);
#7504=ORIENTED_EDGE('',*,*,#5496,.T.);
#7505=ORIENTED_EDGE('',*,*,#5499,.T.);
#7506=ORIENTED_EDGE('',*,*,#5502,.T.);
#7507=ORIENTED_EDGE('',*,*,#5435,.T.);
#7508=ORIENTED_EDGE('',*,*,#5451,.T.);
#7509=ORIENTED_EDGE('',*,*,#5448,.T.);
#7510=ORIENTED_EDGE('',*,*,#5445,.T.);
#7511=ORIENTED_EDGE('',*,*,#5442,.T.);
#7512=ORIENTED_EDGE('',*,*,#5439,.T.);
#7513=ORIENTED_EDGE('',*,*,#5506,.T.);
#7514=ORIENTED_EDGE('',*,*,#5503,.T.);
#7515=ORIENTED_EDGE('',*,*,#5500,.T.);
#7516=ORIENTED_EDGE('',*,*,#5497,.T.);
#7517=ORIENTED_EDGE('',*,*,#5494,.T.);
#7518=ORIENTED_EDGE('',*,*,#5491,.T.);
#7519=ORIENTED_EDGE('',*,*,#5488,.T.);
#7520=ORIENTED_EDGE('',*,*,#5485,.T.);
#7521=ORIENTED_EDGE('',*,*,#5482,.T.);
#7522=ORIENTED_EDGE('',*,*,#5479,.T.);
#7523=ORIENTED_EDGE('',*,*,#5476,.T.);
#7524=ORIENTED_EDGE('',*,*,#5473,.T.);
#7525=ORIENTED_EDGE('',*,*,#5470,.T.);
#7526=ORIENTED_EDGE('',*,*,#5467,.T.);
#7527=ORIENTED_EDGE('',*,*,#5464,.T.);
#7528=ORIENTED_EDGE('',*,*,#5461,.T.);
#7529=ORIENTED_EDGE('',*,*,#5458,.T.);
#7530=ORIENTED_EDGE('',*,*,#5455,.T.);
#7531=ORIENTED_EDGE('',*,*,#5437,.T.);
#7532=ORIENTED_EDGE('',*,*,#5441,.T.);
#7533=ORIENTED_EDGE('',*,*,#5444,.T.);
#7534=ORIENTED_EDGE('',*,*,#5447,.T.);
#7535=ORIENTED_EDGE('',*,*,#5450,.T.);
#7536=ORIENTED_EDGE('',*,*,#5452,.T.);
#7537=ORIENTED_EDGE('',*,*,#5507,.F.);
#7538=ORIENTED_EDGE('',*,*,#5508,.T.);
#7539=ORIENTED_EDGE('',*,*,#5509,.F.);
#7540=ORIENTED_EDGE('',*,*,#5510,.F.);
#7541=ORIENTED_EDGE('',*,*,#5511,.F.);
#7542=ORIENTED_EDGE('',*,*,#5510,.T.);
#7543=ORIENTED_EDGE('',*,*,#5512,.F.);
#7544=ORIENTED_EDGE('',*,*,#5513,.F.);
#7545=ORIENTED_EDGE('',*,*,#5514,.F.);
#7546=ORIENTED_EDGE('',*,*,#5513,.T.);
#7547=ORIENTED_EDGE('',*,*,#5515,.F.);
#7548=ORIENTED_EDGE('',*,*,#5516,.F.);
#7549=ORIENTED_EDGE('',*,*,#5517,.F.);
#7550=ORIENTED_EDGE('',*,*,#5516,.T.);
#7551=ORIENTED_EDGE('',*,*,#5518,.F.);
#7552=ORIENTED_EDGE('',*,*,#5519,.F.);
#7553=ORIENTED_EDGE('',*,*,#5520,.F.);
#7554=ORIENTED_EDGE('',*,*,#5519,.T.);
#7555=ORIENTED_EDGE('',*,*,#5521,.F.);
#7556=ORIENTED_EDGE('',*,*,#5522,.F.);
#7557=ORIENTED_EDGE('',*,*,#5523,.F.);
#7558=ORIENTED_EDGE('',*,*,#5522,.T.);
#7559=ORIENTED_EDGE('',*,*,#5524,.F.);
#7560=ORIENTED_EDGE('',*,*,#5525,.F.);
#7561=ORIENTED_EDGE('',*,*,#5526,.F.);
#7562=ORIENTED_EDGE('',*,*,#5525,.T.);
#7563=ORIENTED_EDGE('',*,*,#5527,.F.);
#7564=ORIENTED_EDGE('',*,*,#5528,.F.);
#7565=ORIENTED_EDGE('',*,*,#5529,.F.);
#7566=ORIENTED_EDGE('',*,*,#5528,.T.);
#7567=ORIENTED_EDGE('',*,*,#5530,.F.);
#7568=ORIENTED_EDGE('',*,*,#5531,.F.);
#7569=ORIENTED_EDGE('',*,*,#5532,.F.);
#7570=ORIENTED_EDGE('',*,*,#5531,.T.);
#7571=ORIENTED_EDGE('',*,*,#5533,.F.);
#7572=ORIENTED_EDGE('',*,*,#5534,.F.);
#7573=ORIENTED_EDGE('',*,*,#5535,.F.);
#7574=ORIENTED_EDGE('',*,*,#5534,.T.);
#7575=ORIENTED_EDGE('',*,*,#5536,.F.);
#7576=ORIENTED_EDGE('',*,*,#5537,.F.);
#7577=ORIENTED_EDGE('',*,*,#5538,.F.);
#7578=ORIENTED_EDGE('',*,*,#5537,.T.);
#7579=ORIENTED_EDGE('',*,*,#5539,.F.);
#7580=ORIENTED_EDGE('',*,*,#5540,.F.);
#7581=ORIENTED_EDGE('',*,*,#5541,.F.);
#7582=ORIENTED_EDGE('',*,*,#5540,.T.);
#7583=ORIENTED_EDGE('',*,*,#5542,.F.);
#7584=ORIENTED_EDGE('',*,*,#5543,.F.);
#7585=ORIENTED_EDGE('',*,*,#5544,.F.);
#7586=ORIENTED_EDGE('',*,*,#5543,.T.);
#7587=ORIENTED_EDGE('',*,*,#5545,.F.);
#7588=ORIENTED_EDGE('',*,*,#5546,.F.);
#7589=ORIENTED_EDGE('',*,*,#5547,.F.);
#7590=ORIENTED_EDGE('',*,*,#5546,.T.);
#7591=ORIENTED_EDGE('',*,*,#5548,.F.);
#7592=ORIENTED_EDGE('',*,*,#5549,.F.);
#7593=ORIENTED_EDGE('',*,*,#5550,.F.);
#7594=ORIENTED_EDGE('',*,*,#5549,.T.);
#7595=ORIENTED_EDGE('',*,*,#5551,.F.);
#7596=ORIENTED_EDGE('',*,*,#5552,.F.);
#7597=ORIENTED_EDGE('',*,*,#5553,.F.);
#7598=ORIENTED_EDGE('',*,*,#5552,.T.);
#7599=ORIENTED_EDGE('',*,*,#5554,.F.);
#7600=ORIENTED_EDGE('',*,*,#5555,.F.);
#7601=ORIENTED_EDGE('',*,*,#5556,.F.);
#7602=ORIENTED_EDGE('',*,*,#5555,.T.);
#7603=ORIENTED_EDGE('',*,*,#5557,.F.);
#7604=ORIENTED_EDGE('',*,*,#5508,.F.);
#7605=ORIENTED_EDGE('',*,*,#5556,.T.);
#7606=ORIENTED_EDGE('',*,*,#5507,.T.);
#7607=ORIENTED_EDGE('',*,*,#5511,.T.);
#7608=ORIENTED_EDGE('',*,*,#5514,.T.);
#7609=ORIENTED_EDGE('',*,*,#5517,.T.);
#7610=ORIENTED_EDGE('',*,*,#5520,.T.);
#7611=ORIENTED_EDGE('',*,*,#5523,.T.);
#7612=ORIENTED_EDGE('',*,*,#5526,.T.);
#7613=ORIENTED_EDGE('',*,*,#5529,.T.);
#7614=ORIENTED_EDGE('',*,*,#5532,.T.);
#7615=ORIENTED_EDGE('',*,*,#5535,.T.);
#7616=ORIENTED_EDGE('',*,*,#5538,.T.);
#7617=ORIENTED_EDGE('',*,*,#5541,.T.);
#7618=ORIENTED_EDGE('',*,*,#5544,.T.);
#7619=ORIENTED_EDGE('',*,*,#5547,.T.);
#7620=ORIENTED_EDGE('',*,*,#5550,.T.);
#7621=ORIENTED_EDGE('',*,*,#5553,.T.);
#7622=ORIENTED_EDGE('',*,*,#5557,.T.);
#7623=ORIENTED_EDGE('',*,*,#5554,.T.);
#7624=ORIENTED_EDGE('',*,*,#5551,.T.);
#7625=ORIENTED_EDGE('',*,*,#5548,.T.);
#7626=ORIENTED_EDGE('',*,*,#5545,.T.);
#7627=ORIENTED_EDGE('',*,*,#5542,.T.);
#7628=ORIENTED_EDGE('',*,*,#5539,.T.);
#7629=ORIENTED_EDGE('',*,*,#5536,.T.);
#7630=ORIENTED_EDGE('',*,*,#5533,.T.);
#7631=ORIENTED_EDGE('',*,*,#5530,.T.);
#7632=ORIENTED_EDGE('',*,*,#5527,.T.);
#7633=ORIENTED_EDGE('',*,*,#5524,.T.);
#7634=ORIENTED_EDGE('',*,*,#5521,.T.);
#7635=ORIENTED_EDGE('',*,*,#5518,.T.);
#7636=ORIENTED_EDGE('',*,*,#5515,.T.);
#7637=ORIENTED_EDGE('',*,*,#5512,.T.);
#7638=ORIENTED_EDGE('',*,*,#5509,.T.);
#7639=ORIENTED_EDGE('',*,*,#5558,.F.);
#7640=ORIENTED_EDGE('',*,*,#5559,.T.);
#7641=ORIENTED_EDGE('',*,*,#5560,.F.);
#7642=ORIENTED_EDGE('',*,*,#5561,.F.);
#7643=ORIENTED_EDGE('',*,*,#5562,.F.);
#7644=ORIENTED_EDGE('',*,*,#5561,.T.);
#7645=ORIENTED_EDGE('',*,*,#5563,.F.);
#7646=ORIENTED_EDGE('',*,*,#5564,.F.);
#7647=ORIENTED_EDGE('',*,*,#5565,.F.);
#7648=ORIENTED_EDGE('',*,*,#5564,.T.);
#7649=ORIENTED_EDGE('',*,*,#5566,.F.);
#7650=ORIENTED_EDGE('',*,*,#5567,.F.);
#7651=ORIENTED_EDGE('',*,*,#5568,.F.);
#7652=ORIENTED_EDGE('',*,*,#5567,.T.);
#7653=ORIENTED_EDGE('',*,*,#5569,.F.);
#7654=ORIENTED_EDGE('',*,*,#5570,.F.);
#7655=ORIENTED_EDGE('',*,*,#5571,.F.);
#7656=ORIENTED_EDGE('',*,*,#5570,.T.);
#7657=ORIENTED_EDGE('',*,*,#5572,.F.);
#7658=ORIENTED_EDGE('',*,*,#5573,.F.);
#7659=ORIENTED_EDGE('',*,*,#5574,.F.);
#7660=ORIENTED_EDGE('',*,*,#5573,.T.);
#7661=ORIENTED_EDGE('',*,*,#5575,.F.);
#7662=ORIENTED_EDGE('',*,*,#5576,.F.);
#7663=ORIENTED_EDGE('',*,*,#5577,.F.);
#7664=ORIENTED_EDGE('',*,*,#5576,.T.);
#7665=ORIENTED_EDGE('',*,*,#5578,.F.);
#7666=ORIENTED_EDGE('',*,*,#5579,.F.);
#7667=ORIENTED_EDGE('',*,*,#5580,.F.);
#7668=ORIENTED_EDGE('',*,*,#5579,.T.);
#7669=ORIENTED_EDGE('',*,*,#5581,.F.);
#7670=ORIENTED_EDGE('',*,*,#5582,.F.);
#7671=ORIENTED_EDGE('',*,*,#5583,.F.);
#7672=ORIENTED_EDGE('',*,*,#5582,.T.);
#7673=ORIENTED_EDGE('',*,*,#5584,.F.);
#7674=ORIENTED_EDGE('',*,*,#5585,.F.);
#7675=ORIENTED_EDGE('',*,*,#5586,.F.);
#7676=ORIENTED_EDGE('',*,*,#5585,.T.);
#7677=ORIENTED_EDGE('',*,*,#5587,.F.);
#7678=ORIENTED_EDGE('',*,*,#5588,.F.);
#7679=ORIENTED_EDGE('',*,*,#5589,.F.);
#7680=ORIENTED_EDGE('',*,*,#5588,.T.);
#7681=ORIENTED_EDGE('',*,*,#5590,.F.);
#7682=ORIENTED_EDGE('',*,*,#5559,.F.);
#7683=ORIENTED_EDGE('',*,*,#5589,.T.);
#7684=ORIENTED_EDGE('',*,*,#5558,.T.);
#7685=ORIENTED_EDGE('',*,*,#5562,.T.);
#7686=ORIENTED_EDGE('',*,*,#5565,.T.);
#7687=ORIENTED_EDGE('',*,*,#5568,.T.);
#7688=ORIENTED_EDGE('',*,*,#5571,.T.);
#7689=ORIENTED_EDGE('',*,*,#5574,.T.);
#7690=ORIENTED_EDGE('',*,*,#5577,.T.);
#7691=ORIENTED_EDGE('',*,*,#5580,.T.);
#7692=ORIENTED_EDGE('',*,*,#5583,.T.);
#7693=ORIENTED_EDGE('',*,*,#5586,.T.);
#7694=ORIENTED_EDGE('',*,*,#5590,.T.);
#7695=ORIENTED_EDGE('',*,*,#5587,.T.);
#7696=ORIENTED_EDGE('',*,*,#5584,.T.);
#7697=ORIENTED_EDGE('',*,*,#5581,.T.);
#7698=ORIENTED_EDGE('',*,*,#5578,.T.);
#7699=ORIENTED_EDGE('',*,*,#5575,.T.);
#7700=ORIENTED_EDGE('',*,*,#5572,.T.);
#7701=ORIENTED_EDGE('',*,*,#5569,.T.);
#7702=ORIENTED_EDGE('',*,*,#5566,.T.);
#7703=ORIENTED_EDGE('',*,*,#5563,.T.);
#7704=ORIENTED_EDGE('',*,*,#5560,.T.);
#7705=ORIENTED_EDGE('',*,*,#5591,.F.);
#7706=ORIENTED_EDGE('',*,*,#5592,.T.);
#7707=ORIENTED_EDGE('',*,*,#5593,.F.);
#7708=ORIENTED_EDGE('',*,*,#5594,.F.);
#7709=ORIENTED_EDGE('',*,*,#5595,.F.);
#7710=ORIENTED_EDGE('',*,*,#5594,.T.);
#7711=ORIENTED_EDGE('',*,*,#5596,.F.);
#7712=ORIENTED_EDGE('',*,*,#5597,.F.);
#7713=ORIENTED_EDGE('',*,*,#5598,.F.);
#7714=ORIENTED_EDGE('',*,*,#5597,.T.);
#7715=ORIENTED_EDGE('',*,*,#5599,.F.);
#7716=ORIENTED_EDGE('',*,*,#5600,.F.);
#7717=ORIENTED_EDGE('',*,*,#5601,.F.);
#7718=ORIENTED_EDGE('',*,*,#5600,.T.);
#7719=ORIENTED_EDGE('',*,*,#5602,.F.);
#7720=ORIENTED_EDGE('',*,*,#5592,.F.);
#7721=ORIENTED_EDGE('',*,*,#5601,.T.);
#7722=ORIENTED_EDGE('',*,*,#5591,.T.);
#7723=ORIENTED_EDGE('',*,*,#5595,.T.);
#7724=ORIENTED_EDGE('',*,*,#5598,.T.);
#7725=ORIENTED_EDGE('',*,*,#5602,.T.);
#7726=ORIENTED_EDGE('',*,*,#5599,.T.);
#7727=ORIENTED_EDGE('',*,*,#5596,.T.);
#7728=ORIENTED_EDGE('',*,*,#5593,.T.);
#7729=ORIENTED_EDGE('',*,*,#5603,.F.);
#7730=ORIENTED_EDGE('',*,*,#5604,.T.);
#7731=ORIENTED_EDGE('',*,*,#5605,.F.);
#7732=ORIENTED_EDGE('',*,*,#5606,.F.);
#7733=ORIENTED_EDGE('',*,*,#5607,.F.);
#7734=ORIENTED_EDGE('',*,*,#5606,.T.);
#7735=ORIENTED_EDGE('',*,*,#5608,.F.);
#7736=ORIENTED_EDGE('',*,*,#5609,.F.);
#7737=ORIENTED_EDGE('',*,*,#5610,.F.);
#7738=ORIENTED_EDGE('',*,*,#5609,.T.);
#7739=ORIENTED_EDGE('',*,*,#5611,.F.);
#7740=ORIENTED_EDGE('',*,*,#5612,.F.);
#7741=ORIENTED_EDGE('',*,*,#5613,.F.);
#7742=ORIENTED_EDGE('',*,*,#5612,.T.);
#7743=ORIENTED_EDGE('',*,*,#5614,.F.);
#7744=ORIENTED_EDGE('',*,*,#5604,.F.);
#7745=ORIENTED_EDGE('',*,*,#5613,.T.);
#7746=ORIENTED_EDGE('',*,*,#5603,.T.);
#7747=ORIENTED_EDGE('',*,*,#5607,.T.);
#7748=ORIENTED_EDGE('',*,*,#5610,.T.);
#7749=ORIENTED_EDGE('',*,*,#5614,.T.);
#7750=ORIENTED_EDGE('',*,*,#5611,.T.);
#7751=ORIENTED_EDGE('',*,*,#5608,.T.);
#7752=ORIENTED_EDGE('',*,*,#5605,.T.);
#7753=ORIENTED_EDGE('',*,*,#5615,.F.);
#7754=ORIENTED_EDGE('',*,*,#5616,.T.);
#7755=ORIENTED_EDGE('',*,*,#5617,.F.);
#7756=ORIENTED_EDGE('',*,*,#5618,.F.);
#7757=ORIENTED_EDGE('',*,*,#5619,.F.);
#7758=ORIENTED_EDGE('',*,*,#5618,.T.);
#7759=ORIENTED_EDGE('',*,*,#5620,.F.);
#7760=ORIENTED_EDGE('',*,*,#5621,.F.);
#7761=ORIENTED_EDGE('',*,*,#5622,.F.);
#7762=ORIENTED_EDGE('',*,*,#5621,.T.);
#7763=ORIENTED_EDGE('',*,*,#5623,.F.);
#7764=ORIENTED_EDGE('',*,*,#5624,.F.);
#7765=ORIENTED_EDGE('',*,*,#5625,.F.);
#7766=ORIENTED_EDGE('',*,*,#5624,.T.);
#7767=ORIENTED_EDGE('',*,*,#5626,.F.);
#7768=ORIENTED_EDGE('',*,*,#5627,.F.);
#7769=ORIENTED_EDGE('',*,*,#5628,.F.);
#7770=ORIENTED_EDGE('',*,*,#5627,.T.);
#7771=ORIENTED_EDGE('',*,*,#5629,.F.);
#7772=ORIENTED_EDGE('',*,*,#5630,.F.);
#7773=ORIENTED_EDGE('',*,*,#5631,.F.);
#7774=ORIENTED_EDGE('',*,*,#5630,.T.);
#7775=ORIENTED_EDGE('',*,*,#5632,.F.);
#7776=ORIENTED_EDGE('',*,*,#5633,.F.);
#7777=ORIENTED_EDGE('',*,*,#5634,.F.);
#7778=ORIENTED_EDGE('',*,*,#5633,.T.);
#7779=ORIENTED_EDGE('',*,*,#5635,.F.);
#7780=ORIENTED_EDGE('',*,*,#5636,.F.);
#7781=ORIENTED_EDGE('',*,*,#5637,.F.);
#7782=ORIENTED_EDGE('',*,*,#5636,.T.);
#7783=ORIENTED_EDGE('',*,*,#5638,.F.);
#7784=ORIENTED_EDGE('',*,*,#5639,.F.);
#7785=ORIENTED_EDGE('',*,*,#5640,.F.);
#7786=ORIENTED_EDGE('',*,*,#5639,.T.);
#7787=ORIENTED_EDGE('',*,*,#5641,.F.);
#7788=ORIENTED_EDGE('',*,*,#5642,.F.);
#7789=ORIENTED_EDGE('',*,*,#5643,.F.);
#7790=ORIENTED_EDGE('',*,*,#5642,.T.);
#7791=ORIENTED_EDGE('',*,*,#5644,.F.);
#7792=ORIENTED_EDGE('',*,*,#5645,.F.);
#7793=ORIENTED_EDGE('',*,*,#5646,.F.);
#7794=ORIENTED_EDGE('',*,*,#5645,.T.);
#7795=ORIENTED_EDGE('',*,*,#5647,.F.);
#7796=ORIENTED_EDGE('',*,*,#5648,.F.);
#7797=ORIENTED_EDGE('',*,*,#5649,.F.);
#7798=ORIENTED_EDGE('',*,*,#5648,.T.);
#7799=ORIENTED_EDGE('',*,*,#5650,.F.);
#7800=ORIENTED_EDGE('',*,*,#5616,.F.);
#7801=ORIENTED_EDGE('',*,*,#5649,.T.);
#7802=ORIENTED_EDGE('',*,*,#5615,.T.);
#7803=ORIENTED_EDGE('',*,*,#5619,.T.);
#7804=ORIENTED_EDGE('',*,*,#5622,.T.);
#7805=ORIENTED_EDGE('',*,*,#5625,.T.);
#7806=ORIENTED_EDGE('',*,*,#5628,.T.);
#7807=ORIENTED_EDGE('',*,*,#5631,.T.);
#7808=ORIENTED_EDGE('',*,*,#5634,.T.);
#7809=ORIENTED_EDGE('',*,*,#5637,.T.);
#7810=ORIENTED_EDGE('',*,*,#5640,.T.);
#7811=ORIENTED_EDGE('',*,*,#5643,.T.);
#7812=ORIENTED_EDGE('',*,*,#5646,.T.);
#7813=ORIENTED_EDGE('',*,*,#5650,.T.);
#7814=ORIENTED_EDGE('',*,*,#5647,.T.);
#7815=ORIENTED_EDGE('',*,*,#5644,.T.);
#7816=ORIENTED_EDGE('',*,*,#5641,.T.);
#7817=ORIENTED_EDGE('',*,*,#5638,.T.);
#7818=ORIENTED_EDGE('',*,*,#5635,.T.);
#7819=ORIENTED_EDGE('',*,*,#5632,.T.);
#7820=ORIENTED_EDGE('',*,*,#5629,.T.);
#7821=ORIENTED_EDGE('',*,*,#5626,.T.);
#7822=ORIENTED_EDGE('',*,*,#5623,.T.);
#7823=ORIENTED_EDGE('',*,*,#5620,.T.);
#7824=ORIENTED_EDGE('',*,*,#5617,.T.);
#7825=ORIENTED_EDGE('',*,*,#5651,.F.);
#7826=ORIENTED_EDGE('',*,*,#5652,.T.);
#7827=ORIENTED_EDGE('',*,*,#5653,.F.);
#7828=ORIENTED_EDGE('',*,*,#5654,.F.);
#7829=ORIENTED_EDGE('',*,*,#5655,.F.);
#7830=ORIENTED_EDGE('',*,*,#5656,.T.);
#7831=ORIENTED_EDGE('',*,*,#5657,.F.);
#7832=ORIENTED_EDGE('',*,*,#5652,.F.);
#7833=ORIENTED_EDGE('',*,*,#5658,.F.);
#7834=ORIENTED_EDGE('',*,*,#5659,.T.);
#7835=ORIENTED_EDGE('',*,*,#5660,.F.);
#7836=ORIENTED_EDGE('',*,*,#5656,.F.);
#7837=ORIENTED_EDGE('',*,*,#5661,.F.);
#7838=ORIENTED_EDGE('',*,*,#5654,.T.);
#7839=ORIENTED_EDGE('',*,*,#5662,.F.);
#7840=ORIENTED_EDGE('',*,*,#5659,.F.);
#7841=ORIENTED_EDGE('',*,*,#5663,.F.);
#7842=ORIENTED_EDGE('',*,*,#5664,.T.);
#7843=ORIENTED_EDGE('',*,*,#5665,.F.);
#7844=ORIENTED_EDGE('',*,*,#5666,.F.);
#7845=ORIENTED_EDGE('',*,*,#5667,.F.);
#7846=ORIENTED_EDGE('',*,*,#5668,.T.);
#7847=ORIENTED_EDGE('',*,*,#5669,.F.);
#7848=ORIENTED_EDGE('',*,*,#5664,.F.);
#7849=ORIENTED_EDGE('',*,*,#5670,.F.);
#7850=ORIENTED_EDGE('',*,*,#5671,.T.);
#7851=ORIENTED_EDGE('',*,*,#5672,.F.);
#7852=ORIENTED_EDGE('',*,*,#5668,.F.);
#7853=ORIENTED_EDGE('',*,*,#5673,.F.);
#7854=ORIENTED_EDGE('',*,*,#5666,.T.);
#7855=ORIENTED_EDGE('',*,*,#5674,.F.);
#7856=ORIENTED_EDGE('',*,*,#5671,.F.);
#7857=ORIENTED_EDGE('',*,*,#5675,.F.);
#7858=ORIENTED_EDGE('',*,*,#5676,.T.);
#7859=ORIENTED_EDGE('',*,*,#5677,.F.);
#7860=ORIENTED_EDGE('',*,*,#5678,.F.);
#7861=ORIENTED_EDGE('',*,*,#5679,.F.);
#7862=ORIENTED_EDGE('',*,*,#5678,.T.);
#7863=ORIENTED_EDGE('',*,*,#5680,.F.);
#7864=ORIENTED_EDGE('',*,*,#5681,.F.);
#7865=ORIENTED_EDGE('',*,*,#5682,.F.);
#7866=ORIENTED_EDGE('',*,*,#5681,.T.);
#7867=ORIENTED_EDGE('',*,*,#5683,.F.);
#7868=ORIENTED_EDGE('',*,*,#5684,.F.);
#7869=ORIENTED_EDGE('',*,*,#5685,.F.);
#7870=ORIENTED_EDGE('',*,*,#5684,.T.);
#7871=ORIENTED_EDGE('',*,*,#5686,.F.);
#7872=ORIENTED_EDGE('',*,*,#5687,.F.);
#7873=ORIENTED_EDGE('',*,*,#5688,.F.);
#7874=ORIENTED_EDGE('',*,*,#5687,.T.);
#7875=ORIENTED_EDGE('',*,*,#5689,.F.);
#7876=ORIENTED_EDGE('',*,*,#5690,.F.);
#7877=ORIENTED_EDGE('',*,*,#5691,.F.);
#7878=ORIENTED_EDGE('',*,*,#5690,.T.);
#7879=ORIENTED_EDGE('',*,*,#5692,.F.);
#7880=ORIENTED_EDGE('',*,*,#5693,.F.);
#7881=ORIENTED_EDGE('',*,*,#5694,.F.);
#7882=ORIENTED_EDGE('',*,*,#5693,.T.);
#7883=ORIENTED_EDGE('',*,*,#5695,.F.);
#7884=ORIENTED_EDGE('',*,*,#5696,.F.);
#7885=ORIENTED_EDGE('',*,*,#5697,.F.);
#7886=ORIENTED_EDGE('',*,*,#5696,.T.);
#7887=ORIENTED_EDGE('',*,*,#5698,.F.);
#7888=ORIENTED_EDGE('',*,*,#5699,.F.);
#7889=ORIENTED_EDGE('',*,*,#5700,.F.);
#7890=ORIENTED_EDGE('',*,*,#5699,.T.);
#7891=ORIENTED_EDGE('',*,*,#5701,.F.);
#7892=ORIENTED_EDGE('',*,*,#5702,.F.);
#7893=ORIENTED_EDGE('',*,*,#5703,.F.);
#7894=ORIENTED_EDGE('',*,*,#5702,.T.);
#7895=ORIENTED_EDGE('',*,*,#5704,.F.);
#7896=ORIENTED_EDGE('',*,*,#5705,.F.);
#7897=ORIENTED_EDGE('',*,*,#5706,.F.);
#7898=ORIENTED_EDGE('',*,*,#5705,.T.);
#7899=ORIENTED_EDGE('',*,*,#5707,.F.);
#7900=ORIENTED_EDGE('',*,*,#5676,.F.);
#7901=ORIENTED_EDGE('',*,*,#5706,.T.);
#7902=ORIENTED_EDGE('',*,*,#5675,.T.);
#7903=ORIENTED_EDGE('',*,*,#5679,.T.);
#7904=ORIENTED_EDGE('',*,*,#5682,.T.);
#7905=ORIENTED_EDGE('',*,*,#5685,.T.);
#7906=ORIENTED_EDGE('',*,*,#5688,.T.);
#7907=ORIENTED_EDGE('',*,*,#5691,.T.);
#7908=ORIENTED_EDGE('',*,*,#5694,.T.);
#7909=ORIENTED_EDGE('',*,*,#5697,.T.);
#7910=ORIENTED_EDGE('',*,*,#5700,.T.);
#7911=ORIENTED_EDGE('',*,*,#5703,.T.);
#7912=ORIENTED_EDGE('',*,*,#5651,.T.);
#7913=ORIENTED_EDGE('',*,*,#5661,.T.);
#7914=ORIENTED_EDGE('',*,*,#5658,.T.);
#7915=ORIENTED_EDGE('',*,*,#5655,.T.);
#7916=ORIENTED_EDGE('',*,*,#5663,.T.);
#7917=ORIENTED_EDGE('',*,*,#5673,.T.);
#7918=ORIENTED_EDGE('',*,*,#5670,.T.);
#7919=ORIENTED_EDGE('',*,*,#5667,.T.);
#7920=ORIENTED_EDGE('',*,*,#5707,.T.);
#7921=ORIENTED_EDGE('',*,*,#5704,.T.);
#7922=ORIENTED_EDGE('',*,*,#5701,.T.);
#7923=ORIENTED_EDGE('',*,*,#5698,.T.);
#7924=ORIENTED_EDGE('',*,*,#5695,.T.);
#7925=ORIENTED_EDGE('',*,*,#5692,.T.);
#7926=ORIENTED_EDGE('',*,*,#5689,.T.);
#7927=ORIENTED_EDGE('',*,*,#5686,.T.);
#7928=ORIENTED_EDGE('',*,*,#5683,.T.);
#7929=ORIENTED_EDGE('',*,*,#5680,.T.);
#7930=ORIENTED_EDGE('',*,*,#5677,.T.);
#7931=ORIENTED_EDGE('',*,*,#5653,.T.);
#7932=ORIENTED_EDGE('',*,*,#5657,.T.);
#7933=ORIENTED_EDGE('',*,*,#5660,.T.);
#7934=ORIENTED_EDGE('',*,*,#5662,.T.);
#7935=ORIENTED_EDGE('',*,*,#5665,.T.);
#7936=ORIENTED_EDGE('',*,*,#5669,.T.);
#7937=ORIENTED_EDGE('',*,*,#5672,.T.);
#7938=ORIENTED_EDGE('',*,*,#5674,.T.);
#7939=ORIENTED_EDGE('',*,*,#5708,.F.);
#7940=ORIENTED_EDGE('',*,*,#5709,.T.);
#7941=ORIENTED_EDGE('',*,*,#5710,.F.);
#7942=ORIENTED_EDGE('',*,*,#5711,.F.);
#7943=ORIENTED_EDGE('',*,*,#5712,.F.);
#7944=ORIENTED_EDGE('',*,*,#5713,.T.);
#7945=ORIENTED_EDGE('',*,*,#5714,.F.);
#7946=ORIENTED_EDGE('',*,*,#5709,.F.);
#7947=ORIENTED_EDGE('',*,*,#5715,.F.);
#7948=ORIENTED_EDGE('',*,*,#5716,.T.);
#7949=ORIENTED_EDGE('',*,*,#5717,.F.);
#7950=ORIENTED_EDGE('',*,*,#5713,.F.);
#7951=ORIENTED_EDGE('',*,*,#5718,.F.);
#7952=ORIENTED_EDGE('',*,*,#5711,.T.);
#7953=ORIENTED_EDGE('',*,*,#5719,.F.);
#7954=ORIENTED_EDGE('',*,*,#5716,.F.);
#7955=ORIENTED_EDGE('',*,*,#5720,.F.);
#7956=ORIENTED_EDGE('',*,*,#5721,.T.);
#7957=ORIENTED_EDGE('',*,*,#5722,.F.);
#7958=ORIENTED_EDGE('',*,*,#5723,.F.);
#7959=ORIENTED_EDGE('',*,*,#5724,.F.);
#7960=ORIENTED_EDGE('',*,*,#5723,.T.);
#7961=ORIENTED_EDGE('',*,*,#5725,.F.);
#7962=ORIENTED_EDGE('',*,*,#5726,.F.);
#7963=ORIENTED_EDGE('',*,*,#5727,.F.);
#7964=ORIENTED_EDGE('',*,*,#5726,.T.);
#7965=ORIENTED_EDGE('',*,*,#5728,.F.);
#7966=ORIENTED_EDGE('',*,*,#5729,.F.);
#7967=ORIENTED_EDGE('',*,*,#5730,.F.);
#7968=ORIENTED_EDGE('',*,*,#5729,.T.);
#7969=ORIENTED_EDGE('',*,*,#5731,.F.);
#7970=ORIENTED_EDGE('',*,*,#5732,.F.);
#7971=ORIENTED_EDGE('',*,*,#5733,.F.);
#7972=ORIENTED_EDGE('',*,*,#5732,.T.);
#7973=ORIENTED_EDGE('',*,*,#5734,.F.);
#7974=ORIENTED_EDGE('',*,*,#5735,.F.);
#7975=ORIENTED_EDGE('',*,*,#5736,.F.);
#7976=ORIENTED_EDGE('',*,*,#5735,.T.);
#7977=ORIENTED_EDGE('',*,*,#5737,.F.);
#7978=ORIENTED_EDGE('',*,*,#5721,.F.);
#7979=ORIENTED_EDGE('',*,*,#5736,.T.);
#7980=ORIENTED_EDGE('',*,*,#5720,.T.);
#7981=ORIENTED_EDGE('',*,*,#5724,.T.);
#7982=ORIENTED_EDGE('',*,*,#5727,.T.);
#7983=ORIENTED_EDGE('',*,*,#5730,.T.);
#7984=ORIENTED_EDGE('',*,*,#5733,.T.);
#7985=ORIENTED_EDGE('',*,*,#5708,.T.);
#7986=ORIENTED_EDGE('',*,*,#5718,.T.);
#7987=ORIENTED_EDGE('',*,*,#5715,.T.);
#7988=ORIENTED_EDGE('',*,*,#5712,.T.);
#7989=ORIENTED_EDGE('',*,*,#5737,.T.);
#7990=ORIENTED_EDGE('',*,*,#5734,.T.);
#7991=ORIENTED_EDGE('',*,*,#5731,.T.);
#7992=ORIENTED_EDGE('',*,*,#5728,.T.);
#7993=ORIENTED_EDGE('',*,*,#5725,.T.);
#7994=ORIENTED_EDGE('',*,*,#5722,.T.);
#7995=ORIENTED_EDGE('',*,*,#5710,.T.);
#7996=ORIENTED_EDGE('',*,*,#5714,.T.);
#7997=ORIENTED_EDGE('',*,*,#5717,.T.);
#7998=ORIENTED_EDGE('',*,*,#5719,.T.);
#7999=ORIENTED_EDGE('',*,*,#5738,.F.);
#8000=ORIENTED_EDGE('',*,*,#5739,.T.);
#8001=ORIENTED_EDGE('',*,*,#5740,.F.);
#8002=ORIENTED_EDGE('',*,*,#5741,.F.);
#8003=ORIENTED_EDGE('',*,*,#5742,.F.);
#8004=ORIENTED_EDGE('',*,*,#5743,.T.);
#8005=ORIENTED_EDGE('',*,*,#5744,.F.);
#8006=ORIENTED_EDGE('',*,*,#5739,.F.);
#8007=ORIENTED_EDGE('',*,*,#5745,.F.);
#8008=ORIENTED_EDGE('',*,*,#5746,.T.);
#8009=ORIENTED_EDGE('',*,*,#5747,.F.);
#8010=ORIENTED_EDGE('',*,*,#5743,.F.);
#8011=ORIENTED_EDGE('',*,*,#5748,.F.);
#8012=ORIENTED_EDGE('',*,*,#5741,.T.);
#8013=ORIENTED_EDGE('',*,*,#5749,.F.);
#8014=ORIENTED_EDGE('',*,*,#5746,.F.);
#8015=ORIENTED_EDGE('',*,*,#5750,.F.);
#8016=ORIENTED_EDGE('',*,*,#5751,.T.);
#8017=ORIENTED_EDGE('',*,*,#5752,.F.);
#8018=ORIENTED_EDGE('',*,*,#5753,.F.);
#8019=ORIENTED_EDGE('',*,*,#5754,.F.);
#8020=ORIENTED_EDGE('',*,*,#5753,.T.);
#8021=ORIENTED_EDGE('',*,*,#5755,.F.);
#8022=ORIENTED_EDGE('',*,*,#5756,.F.);
#8023=ORIENTED_EDGE('',*,*,#5757,.F.);
#8024=ORIENTED_EDGE('',*,*,#5756,.T.);
#8025=ORIENTED_EDGE('',*,*,#5758,.F.);
#8026=ORIENTED_EDGE('',*,*,#5759,.F.);
#8027=ORIENTED_EDGE('',*,*,#5760,.F.);
#8028=ORIENTED_EDGE('',*,*,#5759,.T.);
#8029=ORIENTED_EDGE('',*,*,#5761,.F.);
#8030=ORIENTED_EDGE('',*,*,#5751,.F.);
#8031=ORIENTED_EDGE('',*,*,#5760,.T.);
#8032=ORIENTED_EDGE('',*,*,#5750,.T.);
#8033=ORIENTED_EDGE('',*,*,#5754,.T.);
#8034=ORIENTED_EDGE('',*,*,#5757,.T.);
#8035=ORIENTED_EDGE('',*,*,#5738,.T.);
#8036=ORIENTED_EDGE('',*,*,#5748,.T.);
#8037=ORIENTED_EDGE('',*,*,#5745,.T.);
#8038=ORIENTED_EDGE('',*,*,#5742,.T.);
#8039=ORIENTED_EDGE('',*,*,#5761,.T.);
#8040=ORIENTED_EDGE('',*,*,#5758,.T.);
#8041=ORIENTED_EDGE('',*,*,#5755,.T.);
#8042=ORIENTED_EDGE('',*,*,#5752,.T.);
#8043=ORIENTED_EDGE('',*,*,#5740,.T.);
#8044=ORIENTED_EDGE('',*,*,#5744,.T.);
#8045=ORIENTED_EDGE('',*,*,#5747,.T.);
#8046=ORIENTED_EDGE('',*,*,#5749,.T.);
#8047=ORIENTED_EDGE('',*,*,#5762,.F.);
#8048=ORIENTED_EDGE('',*,*,#5763,.T.);
#8049=ORIENTED_EDGE('',*,*,#5764,.F.);
#8050=ORIENTED_EDGE('',*,*,#5765,.F.);
#8051=ORIENTED_EDGE('',*,*,#5766,.F.);
#8052=ORIENTED_EDGE('',*,*,#5767,.T.);
#8053=ORIENTED_EDGE('',*,*,#5768,.F.);
#8054=ORIENTED_EDGE('',*,*,#5763,.F.);
#8055=ORIENTED_EDGE('',*,*,#5769,.F.);
#8056=ORIENTED_EDGE('',*,*,#5770,.T.);
#8057=ORIENTED_EDGE('',*,*,#5771,.F.);
#8058=ORIENTED_EDGE('',*,*,#5767,.F.);
#8059=ORIENTED_EDGE('',*,*,#5772,.F.);
#8060=ORIENTED_EDGE('',*,*,#5773,.T.);
#8061=ORIENTED_EDGE('',*,*,#5774,.F.);
#8062=ORIENTED_EDGE('',*,*,#5770,.F.);
#8063=ORIENTED_EDGE('',*,*,#5775,.F.);
#8064=ORIENTED_EDGE('',*,*,#5765,.T.);
#8065=ORIENTED_EDGE('',*,*,#5776,.F.);
#8066=ORIENTED_EDGE('',*,*,#5773,.F.);
#8067=ORIENTED_EDGE('',*,*,#5777,.F.);
#8068=ORIENTED_EDGE('',*,*,#5778,.T.);
#8069=ORIENTED_EDGE('',*,*,#5779,.F.);
#8070=ORIENTED_EDGE('',*,*,#5780,.F.);
#8071=ORIENTED_EDGE('',*,*,#5781,.F.);
#8072=ORIENTED_EDGE('',*,*,#5782,.T.);
#8073=ORIENTED_EDGE('',*,*,#5783,.F.);
#8074=ORIENTED_EDGE('',*,*,#5778,.F.);
#8075=ORIENTED_EDGE('',*,*,#5784,.F.);
#8076=ORIENTED_EDGE('',*,*,#5785,.T.);
#8077=ORIENTED_EDGE('',*,*,#5786,.F.);
#8078=ORIENTED_EDGE('',*,*,#5782,.F.);
#8079=ORIENTED_EDGE('',*,*,#5787,.F.);
#8080=ORIENTED_EDGE('',*,*,#5788,.T.);
#8081=ORIENTED_EDGE('',*,*,#5789,.F.);
#8082=ORIENTED_EDGE('',*,*,#5785,.F.);
#8083=ORIENTED_EDGE('',*,*,#5790,.F.);
#8084=ORIENTED_EDGE('',*,*,#5780,.T.);
#8085=ORIENTED_EDGE('',*,*,#5791,.F.);
#8086=ORIENTED_EDGE('',*,*,#5788,.F.);
#8087=ORIENTED_EDGE('',*,*,#5792,.F.);
#8088=ORIENTED_EDGE('',*,*,#5793,.T.);
#8089=ORIENTED_EDGE('',*,*,#5794,.F.);
#8090=ORIENTED_EDGE('',*,*,#5795,.F.);
#8091=ORIENTED_EDGE('',*,*,#5796,.F.);
#8092=ORIENTED_EDGE('',*,*,#5795,.T.);
#8093=ORIENTED_EDGE('',*,*,#5797,.F.);
#8094=ORIENTED_EDGE('',*,*,#5798,.F.);
#8095=ORIENTED_EDGE('',*,*,#5799,.F.);
#8096=ORIENTED_EDGE('',*,*,#5798,.T.);
#8097=ORIENTED_EDGE('',*,*,#5800,.F.);
#8098=ORIENTED_EDGE('',*,*,#5801,.F.);
#8099=ORIENTED_EDGE('',*,*,#5802,.F.);
#8100=ORIENTED_EDGE('',*,*,#5801,.T.);
#8101=ORIENTED_EDGE('',*,*,#5803,.F.);
#8102=ORIENTED_EDGE('',*,*,#5804,.F.);
#8103=ORIENTED_EDGE('',*,*,#5805,.F.);
#8104=ORIENTED_EDGE('',*,*,#5804,.T.);
#8105=ORIENTED_EDGE('',*,*,#5806,.F.);
#8106=ORIENTED_EDGE('',*,*,#5807,.F.);
#8107=ORIENTED_EDGE('',*,*,#5808,.F.);
#8108=ORIENTED_EDGE('',*,*,#5807,.T.);
#8109=ORIENTED_EDGE('',*,*,#5809,.F.);
#8110=ORIENTED_EDGE('',*,*,#5810,.F.);
#8111=ORIENTED_EDGE('',*,*,#5811,.F.);
#8112=ORIENTED_EDGE('',*,*,#5810,.T.);
#8113=ORIENTED_EDGE('',*,*,#5812,.F.);
#8114=ORIENTED_EDGE('',*,*,#5813,.F.);
#8115=ORIENTED_EDGE('',*,*,#5814,.F.);
#8116=ORIENTED_EDGE('',*,*,#5813,.T.);
#8117=ORIENTED_EDGE('',*,*,#5815,.F.);
#8118=ORIENTED_EDGE('',*,*,#5816,.F.);
#8119=ORIENTED_EDGE('',*,*,#5817,.F.);
#8120=ORIENTED_EDGE('',*,*,#5816,.T.);
#8121=ORIENTED_EDGE('',*,*,#5818,.F.);
#8122=ORIENTED_EDGE('',*,*,#5819,.F.);
#8123=ORIENTED_EDGE('',*,*,#5820,.F.);
#8124=ORIENTED_EDGE('',*,*,#5819,.T.);
#8125=ORIENTED_EDGE('',*,*,#5821,.F.);
#8126=ORIENTED_EDGE('',*,*,#5793,.F.);
#8127=ORIENTED_EDGE('',*,*,#5820,.T.);
#8128=ORIENTED_EDGE('',*,*,#5792,.T.);
#8129=ORIENTED_EDGE('',*,*,#5796,.T.);
#8130=ORIENTED_EDGE('',*,*,#5799,.T.);
#8131=ORIENTED_EDGE('',*,*,#5802,.T.);
#8132=ORIENTED_EDGE('',*,*,#5805,.T.);
#8133=ORIENTED_EDGE('',*,*,#5808,.T.);
#8134=ORIENTED_EDGE('',*,*,#5811,.T.);
#8135=ORIENTED_EDGE('',*,*,#5814,.T.);
#8136=ORIENTED_EDGE('',*,*,#5817,.T.);
#8137=ORIENTED_EDGE('',*,*,#5762,.T.);
#8138=ORIENTED_EDGE('',*,*,#5775,.T.);
#8139=ORIENTED_EDGE('',*,*,#5772,.T.);
#8140=ORIENTED_EDGE('',*,*,#5769,.T.);
#8141=ORIENTED_EDGE('',*,*,#5766,.T.);
#8142=ORIENTED_EDGE('',*,*,#5777,.T.);
#8143=ORIENTED_EDGE('',*,*,#5790,.T.);
#8144=ORIENTED_EDGE('',*,*,#5787,.T.);
#8145=ORIENTED_EDGE('',*,*,#5784,.T.);
#8146=ORIENTED_EDGE('',*,*,#5781,.T.);
#8147=ORIENTED_EDGE('',*,*,#5821,.T.);
#8148=ORIENTED_EDGE('',*,*,#5818,.T.);
#8149=ORIENTED_EDGE('',*,*,#5815,.T.);
#8150=ORIENTED_EDGE('',*,*,#5812,.T.);
#8151=ORIENTED_EDGE('',*,*,#5809,.T.);
#8152=ORIENTED_EDGE('',*,*,#5806,.T.);
#8153=ORIENTED_EDGE('',*,*,#5803,.T.);
#8154=ORIENTED_EDGE('',*,*,#5800,.T.);
#8155=ORIENTED_EDGE('',*,*,#5797,.T.);
#8156=ORIENTED_EDGE('',*,*,#5794,.T.);
#8157=ORIENTED_EDGE('',*,*,#5764,.T.);
#8158=ORIENTED_EDGE('',*,*,#5768,.T.);
#8159=ORIENTED_EDGE('',*,*,#5771,.T.);
#8160=ORIENTED_EDGE('',*,*,#5774,.T.);
#8161=ORIENTED_EDGE('',*,*,#5776,.T.);
#8162=ORIENTED_EDGE('',*,*,#5779,.T.);
#8163=ORIENTED_EDGE('',*,*,#5783,.T.);
#8164=ORIENTED_EDGE('',*,*,#5786,.T.);
#8165=ORIENTED_EDGE('',*,*,#5789,.T.);
#8166=ORIENTED_EDGE('',*,*,#5791,.T.);
#8167=ORIENTED_EDGE('',*,*,#5822,.F.);
#8168=ORIENTED_EDGE('',*,*,#5823,.F.);
#8169=ORIENTED_EDGE('',*,*,#5823,.T.);
#8170=ORIENTED_EDGE('',*,*,#5822,.T.);
#8171=ORIENTED_EDGE('',*,*,#5824,.F.);
#8172=ORIENTED_EDGE('',*,*,#5825,.T.);
#8173=ORIENTED_EDGE('',*,*,#5826,.F.);
#8174=ORIENTED_EDGE('',*,*,#5827,.F.);
#8175=ORIENTED_EDGE('',*,*,#5828,.F.);
#8176=ORIENTED_EDGE('',*,*,#5827,.T.);
#8177=ORIENTED_EDGE('',*,*,#5829,.F.);
#8178=ORIENTED_EDGE('',*,*,#5830,.F.);
#8179=ORIENTED_EDGE('',*,*,#5831,.F.);
#8180=ORIENTED_EDGE('',*,*,#5830,.T.);
#8181=ORIENTED_EDGE('',*,*,#5832,.F.);
#8182=ORIENTED_EDGE('',*,*,#5833,.F.);
#8183=ORIENTED_EDGE('',*,*,#5834,.F.);
#8184=ORIENTED_EDGE('',*,*,#5833,.T.);
#8185=ORIENTED_EDGE('',*,*,#5835,.F.);
#8186=ORIENTED_EDGE('',*,*,#5836,.F.);
#8187=ORIENTED_EDGE('',*,*,#5837,.F.);
#8188=ORIENTED_EDGE('',*,*,#5836,.T.);
#8189=ORIENTED_EDGE('',*,*,#5838,.F.);
#8190=ORIENTED_EDGE('',*,*,#5839,.F.);
#8191=ORIENTED_EDGE('',*,*,#5840,.F.);
#8192=ORIENTED_EDGE('',*,*,#5839,.T.);
#8193=ORIENTED_EDGE('',*,*,#5841,.F.);
#8194=ORIENTED_EDGE('',*,*,#5842,.F.);
#8195=ORIENTED_EDGE('',*,*,#5843,.F.);
#8196=ORIENTED_EDGE('',*,*,#5842,.T.);
#8197=ORIENTED_EDGE('',*,*,#5844,.F.);
#8198=ORIENTED_EDGE('',*,*,#5845,.F.);
#8199=ORIENTED_EDGE('',*,*,#5846,.F.);
#8200=ORIENTED_EDGE('',*,*,#5845,.T.);
#8201=ORIENTED_EDGE('',*,*,#5847,.F.);
#8202=ORIENTED_EDGE('',*,*,#5848,.F.);
#8203=ORIENTED_EDGE('',*,*,#5849,.F.);
#8204=ORIENTED_EDGE('',*,*,#5848,.T.);
#8205=ORIENTED_EDGE('',*,*,#5850,.F.);
#8206=ORIENTED_EDGE('',*,*,#5851,.F.);
#8207=ORIENTED_EDGE('',*,*,#5852,.F.);
#8208=ORIENTED_EDGE('',*,*,#5851,.T.);
#8209=ORIENTED_EDGE('',*,*,#5853,.F.);
#8210=ORIENTED_EDGE('',*,*,#5825,.F.);
#8211=ORIENTED_EDGE('',*,*,#5852,.T.);
#8212=ORIENTED_EDGE('',*,*,#5824,.T.);
#8213=ORIENTED_EDGE('',*,*,#5828,.T.);
#8214=ORIENTED_EDGE('',*,*,#5831,.T.);
#8215=ORIENTED_EDGE('',*,*,#5834,.T.);
#8216=ORIENTED_EDGE('',*,*,#5837,.T.);
#8217=ORIENTED_EDGE('',*,*,#5840,.T.);
#8218=ORIENTED_EDGE('',*,*,#5843,.T.);
#8219=ORIENTED_EDGE('',*,*,#5846,.T.);
#8220=ORIENTED_EDGE('',*,*,#5849,.T.);
#8221=ORIENTED_EDGE('',*,*,#5853,.T.);
#8222=ORIENTED_EDGE('',*,*,#5850,.T.);
#8223=ORIENTED_EDGE('',*,*,#5847,.T.);
#8224=ORIENTED_EDGE('',*,*,#5844,.T.);
#8225=ORIENTED_EDGE('',*,*,#5841,.T.);
#8226=ORIENTED_EDGE('',*,*,#5838,.T.);
#8227=ORIENTED_EDGE('',*,*,#5835,.T.);
#8228=ORIENTED_EDGE('',*,*,#5832,.T.);
#8229=ORIENTED_EDGE('',*,*,#5829,.T.);
#8230=ORIENTED_EDGE('',*,*,#5826,.T.);
#8231=ORIENTED_EDGE('',*,*,#5854,.F.);
#8232=ORIENTED_EDGE('',*,*,#5855,.T.);
#8233=ORIENTED_EDGE('',*,*,#5856,.F.);
#8234=ORIENTED_EDGE('',*,*,#5857,.F.);
#8235=ORIENTED_EDGE('',*,*,#5858,.F.);
#8236=ORIENTED_EDGE('',*,*,#5857,.T.);
#8237=ORIENTED_EDGE('',*,*,#5859,.F.);
#8238=ORIENTED_EDGE('',*,*,#5860,.F.);
#8239=ORIENTED_EDGE('',*,*,#5861,.F.);
#8240=ORIENTED_EDGE('',*,*,#5860,.T.);
#8241=ORIENTED_EDGE('',*,*,#5862,.F.);
#8242=ORIENTED_EDGE('',*,*,#5863,.F.);
#8243=ORIENTED_EDGE('',*,*,#5864,.F.);
#8244=ORIENTED_EDGE('',*,*,#5863,.T.);
#8245=ORIENTED_EDGE('',*,*,#5865,.F.);
#8246=ORIENTED_EDGE('',*,*,#5866,.F.);
#8247=ORIENTED_EDGE('',*,*,#5867,.F.);
#8248=ORIENTED_EDGE('',*,*,#5866,.T.);
#8249=ORIENTED_EDGE('',*,*,#5868,.F.);
#8250=ORIENTED_EDGE('',*,*,#5869,.F.);
#8251=ORIENTED_EDGE('',*,*,#5870,.F.);
#8252=ORIENTED_EDGE('',*,*,#5869,.T.);
#8253=ORIENTED_EDGE('',*,*,#5871,.F.);
#8254=ORIENTED_EDGE('',*,*,#5872,.F.);
#8255=ORIENTED_EDGE('',*,*,#5873,.F.);
#8256=ORIENTED_EDGE('',*,*,#5872,.T.);
#8257=ORIENTED_EDGE('',*,*,#5874,.F.);
#8258=ORIENTED_EDGE('',*,*,#5875,.F.);
#8259=ORIENTED_EDGE('',*,*,#5876,.F.);
#8260=ORIENTED_EDGE('',*,*,#5875,.T.);
#8261=ORIENTED_EDGE('',*,*,#5877,.F.);
#8262=ORIENTED_EDGE('',*,*,#5878,.F.);
#8263=ORIENTED_EDGE('',*,*,#5879,.F.);
#8264=ORIENTED_EDGE('',*,*,#5878,.T.);
#8265=ORIENTED_EDGE('',*,*,#5880,.F.);
#8266=ORIENTED_EDGE('',*,*,#5881,.F.);
#8267=ORIENTED_EDGE('',*,*,#5882,.F.);
#8268=ORIENTED_EDGE('',*,*,#5881,.T.);
#8269=ORIENTED_EDGE('',*,*,#5883,.F.);
#8270=ORIENTED_EDGE('',*,*,#5884,.F.);
#8271=ORIENTED_EDGE('',*,*,#5885,.F.);
#8272=ORIENTED_EDGE('',*,*,#5884,.T.);
#8273=ORIENTED_EDGE('',*,*,#5886,.F.);
#8274=ORIENTED_EDGE('',*,*,#5887,.F.);
#8275=ORIENTED_EDGE('',*,*,#5888,.F.);
#8276=ORIENTED_EDGE('',*,*,#5887,.T.);
#8277=ORIENTED_EDGE('',*,*,#5889,.F.);
#8278=ORIENTED_EDGE('',*,*,#5890,.F.);
#8279=ORIENTED_EDGE('',*,*,#5891,.F.);
#8280=ORIENTED_EDGE('',*,*,#5890,.T.);
#8281=ORIENTED_EDGE('',*,*,#5892,.F.);
#8282=ORIENTED_EDGE('',*,*,#5893,.F.);
#8283=ORIENTED_EDGE('',*,*,#5894,.F.);
#8284=ORIENTED_EDGE('',*,*,#5893,.T.);
#8285=ORIENTED_EDGE('',*,*,#5895,.F.);
#8286=ORIENTED_EDGE('',*,*,#5896,.F.);
#8287=ORIENTED_EDGE('',*,*,#5897,.F.);
#8288=ORIENTED_EDGE('',*,*,#5896,.T.);
#8289=ORIENTED_EDGE('',*,*,#5898,.F.);
#8290=ORIENTED_EDGE('',*,*,#5899,.F.);
#8291=ORIENTED_EDGE('',*,*,#5900,.F.);
#8292=ORIENTED_EDGE('',*,*,#5899,.T.);
#8293=ORIENTED_EDGE('',*,*,#5901,.F.);
#8294=ORIENTED_EDGE('',*,*,#5855,.F.);
#8295=ORIENTED_EDGE('',*,*,#5900,.T.);
#8296=ORIENTED_EDGE('',*,*,#5854,.T.);
#8297=ORIENTED_EDGE('',*,*,#5858,.T.);
#8298=ORIENTED_EDGE('',*,*,#5861,.T.);
#8299=ORIENTED_EDGE('',*,*,#5864,.T.);
#8300=ORIENTED_EDGE('',*,*,#5867,.T.);
#8301=ORIENTED_EDGE('',*,*,#5870,.T.);
#8302=ORIENTED_EDGE('',*,*,#5873,.T.);
#8303=ORIENTED_EDGE('',*,*,#5876,.T.);
#8304=ORIENTED_EDGE('',*,*,#5879,.T.);
#8305=ORIENTED_EDGE('',*,*,#5882,.T.);
#8306=ORIENTED_EDGE('',*,*,#5885,.T.);
#8307=ORIENTED_EDGE('',*,*,#5888,.T.);
#8308=ORIENTED_EDGE('',*,*,#5891,.T.);
#8309=ORIENTED_EDGE('',*,*,#5894,.T.);
#8310=ORIENTED_EDGE('',*,*,#5897,.T.);
#8311=ORIENTED_EDGE('',*,*,#5901,.T.);
#8312=ORIENTED_EDGE('',*,*,#5898,.T.);
#8313=ORIENTED_EDGE('',*,*,#5895,.T.);
#8314=ORIENTED_EDGE('',*,*,#5892,.T.);
#8315=ORIENTED_EDGE('',*,*,#5889,.T.);
#8316=ORIENTED_EDGE('',*,*,#5886,.T.);
#8317=ORIENTED_EDGE('',*,*,#5883,.T.);
#8318=ORIENTED_EDGE('',*,*,#5880,.T.);
#8319=ORIENTED_EDGE('',*,*,#5877,.T.);
#8320=ORIENTED_EDGE('',*,*,#5874,.T.);
#8321=ORIENTED_EDGE('',*,*,#5871,.T.);
#8322=ORIENTED_EDGE('',*,*,#5868,.T.);
#8323=ORIENTED_EDGE('',*,*,#5865,.T.);
#8324=ORIENTED_EDGE('',*,*,#5862,.T.);
#8325=ORIENTED_EDGE('',*,*,#5859,.T.);
#8326=ORIENTED_EDGE('',*,*,#5856,.T.);
#8327=ORIENTED_EDGE('',*,*,#5902,.F.);
#8328=ORIENTED_EDGE('',*,*,#5903,.T.);
#8329=ORIENTED_EDGE('',*,*,#5904,.F.);
#8330=ORIENTED_EDGE('',*,*,#5905,.F.);
#8331=ORIENTED_EDGE('',*,*,#5906,.F.);
#8332=ORIENTED_EDGE('',*,*,#5905,.T.);
#8333=ORIENTED_EDGE('',*,*,#5907,.F.);
#8334=ORIENTED_EDGE('',*,*,#5908,.F.);
#8335=ORIENTED_EDGE('',*,*,#5909,.F.);
#8336=ORIENTED_EDGE('',*,*,#5908,.T.);
#8337=ORIENTED_EDGE('',*,*,#5910,.F.);
#8338=ORIENTED_EDGE('',*,*,#5911,.F.);
#8339=ORIENTED_EDGE('',*,*,#5912,.F.);
#8340=ORIENTED_EDGE('',*,*,#5911,.T.);
#8341=ORIENTED_EDGE('',*,*,#5913,.F.);
#8342=ORIENTED_EDGE('',*,*,#5903,.F.);
#8343=ORIENTED_EDGE('',*,*,#5912,.T.);
#8344=ORIENTED_EDGE('',*,*,#5902,.T.);
#8345=ORIENTED_EDGE('',*,*,#5906,.T.);
#8346=ORIENTED_EDGE('',*,*,#5909,.T.);
#8347=ORIENTED_EDGE('',*,*,#5913,.T.);
#8348=ORIENTED_EDGE('',*,*,#5910,.T.);
#8349=ORIENTED_EDGE('',*,*,#5907,.T.);
#8350=ORIENTED_EDGE('',*,*,#5904,.T.);
#8351=ORIENTED_EDGE('',*,*,#5914,.F.);
#8352=ORIENTED_EDGE('',*,*,#5915,.T.);
#8353=ORIENTED_EDGE('',*,*,#5916,.F.);
#8354=ORIENTED_EDGE('',*,*,#5917,.F.);
#8355=ORIENTED_EDGE('',*,*,#5918,.F.);
#8356=ORIENTED_EDGE('',*,*,#5917,.T.);
#8357=ORIENTED_EDGE('',*,*,#5919,.F.);
#8358=ORIENTED_EDGE('',*,*,#5920,.F.);
#8359=ORIENTED_EDGE('',*,*,#5921,.F.);
#8360=ORIENTED_EDGE('',*,*,#5920,.T.);
#8361=ORIENTED_EDGE('',*,*,#5922,.F.);
#8362=ORIENTED_EDGE('',*,*,#5923,.F.);
#8363=ORIENTED_EDGE('',*,*,#5924,.F.);
#8364=ORIENTED_EDGE('',*,*,#5923,.T.);
#8365=ORIENTED_EDGE('',*,*,#5925,.F.);
#8366=ORIENTED_EDGE('',*,*,#5915,.F.);
#8367=ORIENTED_EDGE('',*,*,#5924,.T.);
#8368=ORIENTED_EDGE('',*,*,#5914,.T.);
#8369=ORIENTED_EDGE('',*,*,#5918,.T.);
#8370=ORIENTED_EDGE('',*,*,#5921,.T.);
#8371=ORIENTED_EDGE('',*,*,#5925,.T.);
#8372=ORIENTED_EDGE('',*,*,#5922,.T.);
#8373=ORIENTED_EDGE('',*,*,#5919,.T.);
#8374=ORIENTED_EDGE('',*,*,#5916,.T.);
#8375=ORIENTED_EDGE('',*,*,#5926,.F.);
#8376=ORIENTED_EDGE('',*,*,#5927,.T.);
#8377=ORIENTED_EDGE('',*,*,#5928,.F.);
#8378=ORIENTED_EDGE('',*,*,#5929,.F.);
#8379=ORIENTED_EDGE('',*,*,#5930,.F.);
#8380=ORIENTED_EDGE('',*,*,#5929,.T.);
#8381=ORIENTED_EDGE('',*,*,#5931,.F.);
#8382=ORIENTED_EDGE('',*,*,#5932,.F.);
#8383=ORIENTED_EDGE('',*,*,#5933,.F.);
#8384=ORIENTED_EDGE('',*,*,#5932,.T.);
#8385=ORIENTED_EDGE('',*,*,#5934,.F.);
#8386=ORIENTED_EDGE('',*,*,#5935,.F.);
#8387=ORIENTED_EDGE('',*,*,#5936,.F.);
#8388=ORIENTED_EDGE('',*,*,#5935,.T.);
#8389=ORIENTED_EDGE('',*,*,#5937,.F.);
#8390=ORIENTED_EDGE('',*,*,#5938,.F.);
#8391=ORIENTED_EDGE('',*,*,#5939,.F.);
#8392=ORIENTED_EDGE('',*,*,#5938,.T.);
#8393=ORIENTED_EDGE('',*,*,#5940,.F.);
#8394=ORIENTED_EDGE('',*,*,#5941,.F.);
#8395=ORIENTED_EDGE('',*,*,#5942,.F.);
#8396=ORIENTED_EDGE('',*,*,#5941,.T.);
#8397=ORIENTED_EDGE('',*,*,#5943,.F.);
#8398=ORIENTED_EDGE('',*,*,#5944,.F.);
#8399=ORIENTED_EDGE('',*,*,#5945,.F.);
#8400=ORIENTED_EDGE('',*,*,#5944,.T.);
#8401=ORIENTED_EDGE('',*,*,#5946,.F.);
#8402=ORIENTED_EDGE('',*,*,#5947,.F.);
#8403=ORIENTED_EDGE('',*,*,#5948,.F.);
#8404=ORIENTED_EDGE('',*,*,#5947,.T.);
#8405=ORIENTED_EDGE('',*,*,#5949,.F.);
#8406=ORIENTED_EDGE('',*,*,#5950,.F.);
#8407=ORIENTED_EDGE('',*,*,#5951,.F.);
#8408=ORIENTED_EDGE('',*,*,#5950,.T.);
#8409=ORIENTED_EDGE('',*,*,#5952,.F.);
#8410=ORIENTED_EDGE('',*,*,#5953,.F.);
#8411=ORIENTED_EDGE('',*,*,#5954,.F.);
#8412=ORIENTED_EDGE('',*,*,#5953,.T.);
#8413=ORIENTED_EDGE('',*,*,#5955,.F.);
#8414=ORIENTED_EDGE('',*,*,#5956,.F.);
#8415=ORIENTED_EDGE('',*,*,#5957,.F.);
#8416=ORIENTED_EDGE('',*,*,#5956,.T.);
#8417=ORIENTED_EDGE('',*,*,#5958,.F.);
#8418=ORIENTED_EDGE('',*,*,#5959,.F.);
#8419=ORIENTED_EDGE('',*,*,#5960,.F.);
#8420=ORIENTED_EDGE('',*,*,#5959,.T.);
#8421=ORIENTED_EDGE('',*,*,#5961,.F.);
#8422=ORIENTED_EDGE('',*,*,#5927,.F.);
#8423=ORIENTED_EDGE('',*,*,#5960,.T.);
#8424=ORIENTED_EDGE('',*,*,#5926,.T.);
#8425=ORIENTED_EDGE('',*,*,#5930,.T.);
#8426=ORIENTED_EDGE('',*,*,#5933,.T.);
#8427=ORIENTED_EDGE('',*,*,#5936,.T.);
#8428=ORIENTED_EDGE('',*,*,#5939,.T.);
#8429=ORIENTED_EDGE('',*,*,#5942,.T.);
#8430=ORIENTED_EDGE('',*,*,#5945,.T.);
#8431=ORIENTED_EDGE('',*,*,#5948,.T.);
#8432=ORIENTED_EDGE('',*,*,#5951,.T.);
#8433=ORIENTED_EDGE('',*,*,#5954,.T.);
#8434=ORIENTED_EDGE('',*,*,#5957,.T.);
#8435=ORIENTED_EDGE('',*,*,#5961,.T.);
#8436=ORIENTED_EDGE('',*,*,#5958,.T.);
#8437=ORIENTED_EDGE('',*,*,#5955,.T.);
#8438=ORIENTED_EDGE('',*,*,#5952,.T.);
#8439=ORIENTED_EDGE('',*,*,#5949,.T.);
#8440=ORIENTED_EDGE('',*,*,#5946,.T.);
#8441=ORIENTED_EDGE('',*,*,#5943,.T.);
#8442=ORIENTED_EDGE('',*,*,#5940,.T.);
#8443=ORIENTED_EDGE('',*,*,#5937,.T.);
#8444=ORIENTED_EDGE('',*,*,#5934,.T.);
#8445=ORIENTED_EDGE('',*,*,#5931,.T.);
#8446=ORIENTED_EDGE('',*,*,#5928,.T.);
#8447=ORIENTED_EDGE('',*,*,#5962,.F.);
#8448=ORIENTED_EDGE('',*,*,#5963,.T.);
#8449=ORIENTED_EDGE('',*,*,#5964,.F.);
#8450=ORIENTED_EDGE('',*,*,#5965,.F.);
#8451=ORIENTED_EDGE('',*,*,#5966,.F.);
#8452=ORIENTED_EDGE('',*,*,#5967,.T.);
#8453=ORIENTED_EDGE('',*,*,#5968,.F.);
#8454=ORIENTED_EDGE('',*,*,#5963,.F.);
#8455=ORIENTED_EDGE('',*,*,#5969,.F.);
#8456=ORIENTED_EDGE('',*,*,#5970,.T.);
#8457=ORIENTED_EDGE('',*,*,#5971,.F.);
#8458=ORIENTED_EDGE('',*,*,#5967,.F.);
#8459=ORIENTED_EDGE('',*,*,#5972,.F.);
#8460=ORIENTED_EDGE('',*,*,#5965,.T.);
#8461=ORIENTED_EDGE('',*,*,#5973,.F.);
#8462=ORIENTED_EDGE('',*,*,#5970,.F.);
#8463=ORIENTED_EDGE('',*,*,#5974,.F.);
#8464=ORIENTED_EDGE('',*,*,#5975,.T.);
#8465=ORIENTED_EDGE('',*,*,#5976,.F.);
#8466=ORIENTED_EDGE('',*,*,#5977,.F.);
#8467=ORIENTED_EDGE('',*,*,#5978,.F.);
#8468=ORIENTED_EDGE('',*,*,#5977,.T.);
#8469=ORIENTED_EDGE('',*,*,#5979,.F.);
#8470=ORIENTED_EDGE('',*,*,#5980,.F.);
#8471=ORIENTED_EDGE('',*,*,#5981,.F.);
#8472=ORIENTED_EDGE('',*,*,#5980,.T.);
#8473=ORIENTED_EDGE('',*,*,#5982,.F.);
#8474=ORIENTED_EDGE('',*,*,#5983,.F.);
#8475=ORIENTED_EDGE('',*,*,#5984,.F.);
#8476=ORIENTED_EDGE('',*,*,#5983,.T.);
#8477=ORIENTED_EDGE('',*,*,#5985,.F.);
#8478=ORIENTED_EDGE('',*,*,#5986,.F.);
#8479=ORIENTED_EDGE('',*,*,#5987,.F.);
#8480=ORIENTED_EDGE('',*,*,#5986,.T.);
#8481=ORIENTED_EDGE('',*,*,#5988,.F.);
#8482=ORIENTED_EDGE('',*,*,#5989,.F.);
#8483=ORIENTED_EDGE('',*,*,#5990,.F.);
#8484=ORIENTED_EDGE('',*,*,#5989,.T.);
#8485=ORIENTED_EDGE('',*,*,#5991,.F.);
#8486=ORIENTED_EDGE('',*,*,#5992,.F.);
#8487=ORIENTED_EDGE('',*,*,#5993,.F.);
#8488=ORIENTED_EDGE('',*,*,#5992,.T.);
#8489=ORIENTED_EDGE('',*,*,#5994,.F.);
#8490=ORIENTED_EDGE('',*,*,#5995,.F.);
#8491=ORIENTED_EDGE('',*,*,#5996,.F.);
#8492=ORIENTED_EDGE('',*,*,#5995,.T.);
#8493=ORIENTED_EDGE('',*,*,#5997,.F.);
#8494=ORIENTED_EDGE('',*,*,#5998,.F.);
#8495=ORIENTED_EDGE('',*,*,#5999,.F.);
#8496=ORIENTED_EDGE('',*,*,#5998,.T.);
#8497=ORIENTED_EDGE('',*,*,#6000,.F.);
#8498=ORIENTED_EDGE('',*,*,#6001,.F.);
#8499=ORIENTED_EDGE('',*,*,#6002,.F.);
#8500=ORIENTED_EDGE('',*,*,#6001,.T.);
#8501=ORIENTED_EDGE('',*,*,#6003,.F.);
#8502=ORIENTED_EDGE('',*,*,#6004,.F.);
#8503=ORIENTED_EDGE('',*,*,#6005,.F.);
#8504=ORIENTED_EDGE('',*,*,#6004,.T.);
#8505=ORIENTED_EDGE('',*,*,#6006,.F.);
#8506=ORIENTED_EDGE('',*,*,#5975,.F.);
#8507=ORIENTED_EDGE('',*,*,#6005,.T.);
#8508=ORIENTED_EDGE('',*,*,#5974,.T.);
#8509=ORIENTED_EDGE('',*,*,#5978,.T.);
#8510=ORIENTED_EDGE('',*,*,#5981,.T.);
#8511=ORIENTED_EDGE('',*,*,#5984,.T.);
#8512=ORIENTED_EDGE('',*,*,#5987,.T.);
#8513=ORIENTED_EDGE('',*,*,#5990,.T.);
#8514=ORIENTED_EDGE('',*,*,#5993,.T.);
#8515=ORIENTED_EDGE('',*,*,#5996,.T.);
#8516=ORIENTED_EDGE('',*,*,#5999,.T.);
#8517=ORIENTED_EDGE('',*,*,#6002,.T.);
#8518=ORIENTED_EDGE('',*,*,#5962,.T.);
#8519=ORIENTED_EDGE('',*,*,#5972,.T.);
#8520=ORIENTED_EDGE('',*,*,#5969,.T.);
#8521=ORIENTED_EDGE('',*,*,#5966,.T.);
#8522=ORIENTED_EDGE('',*,*,#6006,.T.);
#8523=ORIENTED_EDGE('',*,*,#6003,.T.);
#8524=ORIENTED_EDGE('',*,*,#6000,.T.);
#8525=ORIENTED_EDGE('',*,*,#5997,.T.);
#8526=ORIENTED_EDGE('',*,*,#5994,.T.);
#8527=ORIENTED_EDGE('',*,*,#5991,.T.);
#8528=ORIENTED_EDGE('',*,*,#5988,.T.);
#8529=ORIENTED_EDGE('',*,*,#5985,.T.);
#8530=ORIENTED_EDGE('',*,*,#5982,.T.);
#8531=ORIENTED_EDGE('',*,*,#5979,.T.);
#8532=ORIENTED_EDGE('',*,*,#5976,.T.);
#8533=ORIENTED_EDGE('',*,*,#5964,.T.);
#8534=ORIENTED_EDGE('',*,*,#5968,.T.);
#8535=ORIENTED_EDGE('',*,*,#5971,.T.);
#8536=ORIENTED_EDGE('',*,*,#5973,.T.);
#8537=ORIENTED_EDGE('',*,*,#6007,.F.);
#8538=ORIENTED_EDGE('',*,*,#6008,.T.);
#8539=ORIENTED_EDGE('',*,*,#6009,.F.);
#8540=ORIENTED_EDGE('',*,*,#6010,.F.);
#8541=ORIENTED_EDGE('',*,*,#6011,.F.);
#8542=ORIENTED_EDGE('',*,*,#6010,.T.);
#8543=ORIENTED_EDGE('',*,*,#6012,.F.);
#8544=ORIENTED_EDGE('',*,*,#6013,.F.);
#8545=ORIENTED_EDGE('',*,*,#6014,.F.);
#8546=ORIENTED_EDGE('',*,*,#6013,.T.);
#8547=ORIENTED_EDGE('',*,*,#6015,.F.);
#8548=ORIENTED_EDGE('',*,*,#6016,.F.);
#8549=ORIENTED_EDGE('',*,*,#6017,.F.);
#8550=ORIENTED_EDGE('',*,*,#6016,.T.);
#8551=ORIENTED_EDGE('',*,*,#6018,.F.);
#8552=ORIENTED_EDGE('',*,*,#6019,.F.);
#8553=ORIENTED_EDGE('',*,*,#6020,.F.);
#8554=ORIENTED_EDGE('',*,*,#6019,.T.);
#8555=ORIENTED_EDGE('',*,*,#6021,.F.);
#8556=ORIENTED_EDGE('',*,*,#6022,.F.);
#8557=ORIENTED_EDGE('',*,*,#6023,.F.);
#8558=ORIENTED_EDGE('',*,*,#6022,.T.);
#8559=ORIENTED_EDGE('',*,*,#6024,.F.);
#8560=ORIENTED_EDGE('',*,*,#6025,.F.);
#8561=ORIENTED_EDGE('',*,*,#6026,.F.);
#8562=ORIENTED_EDGE('',*,*,#6025,.T.);
#8563=ORIENTED_EDGE('',*,*,#6027,.F.);
#8564=ORIENTED_EDGE('',*,*,#6028,.F.);
#8565=ORIENTED_EDGE('',*,*,#6029,.F.);
#8566=ORIENTED_EDGE('',*,*,#6028,.T.);
#8567=ORIENTED_EDGE('',*,*,#6030,.F.);
#8568=ORIENTED_EDGE('',*,*,#6031,.F.);
#8569=ORIENTED_EDGE('',*,*,#6032,.F.);
#8570=ORIENTED_EDGE('',*,*,#6031,.T.);
#8571=ORIENTED_EDGE('',*,*,#6033,.F.);
#8572=ORIENTED_EDGE('',*,*,#6034,.F.);
#8573=ORIENTED_EDGE('',*,*,#6035,.F.);
#8574=ORIENTED_EDGE('',*,*,#6034,.T.);
#8575=ORIENTED_EDGE('',*,*,#6036,.F.);
#8576=ORIENTED_EDGE('',*,*,#6037,.F.);
#8577=ORIENTED_EDGE('',*,*,#6038,.F.);
#8578=ORIENTED_EDGE('',*,*,#6037,.T.);
#8579=ORIENTED_EDGE('',*,*,#6039,.F.);
#8580=ORIENTED_EDGE('',*,*,#6040,.F.);
#8581=ORIENTED_EDGE('',*,*,#6041,.F.);
#8582=ORIENTED_EDGE('',*,*,#6040,.T.);
#8583=ORIENTED_EDGE('',*,*,#6042,.F.);
#8584=ORIENTED_EDGE('',*,*,#6043,.F.);
#8585=ORIENTED_EDGE('',*,*,#6044,.F.);
#8586=ORIENTED_EDGE('',*,*,#6043,.T.);
#8587=ORIENTED_EDGE('',*,*,#6045,.F.);
#8588=ORIENTED_EDGE('',*,*,#6046,.F.);
#8589=ORIENTED_EDGE('',*,*,#6047,.F.);
#8590=ORIENTED_EDGE('',*,*,#6046,.T.);
#8591=ORIENTED_EDGE('',*,*,#6048,.F.);
#8592=ORIENTED_EDGE('',*,*,#6049,.F.);
#8593=ORIENTED_EDGE('',*,*,#6050,.F.);
#8594=ORIENTED_EDGE('',*,*,#6049,.T.);
#8595=ORIENTED_EDGE('',*,*,#6051,.F.);
#8596=ORIENTED_EDGE('',*,*,#6052,.F.);
#8597=ORIENTED_EDGE('',*,*,#6053,.F.);
#8598=ORIENTED_EDGE('',*,*,#6052,.T.);
#8599=ORIENTED_EDGE('',*,*,#6054,.F.);
#8600=ORIENTED_EDGE('',*,*,#6055,.F.);
#8601=ORIENTED_EDGE('',*,*,#6056,.F.);
#8602=ORIENTED_EDGE('',*,*,#6055,.T.);
#8603=ORIENTED_EDGE('',*,*,#6057,.F.);
#8604=ORIENTED_EDGE('',*,*,#6058,.F.);
#8605=ORIENTED_EDGE('',*,*,#6059,.F.);
#8606=ORIENTED_EDGE('',*,*,#6058,.T.);
#8607=ORIENTED_EDGE('',*,*,#6060,.F.);
#8608=ORIENTED_EDGE('',*,*,#6008,.F.);
#8609=ORIENTED_EDGE('',*,*,#6059,.T.);
#8610=ORIENTED_EDGE('',*,*,#6007,.T.);
#8611=ORIENTED_EDGE('',*,*,#6011,.T.);
#8612=ORIENTED_EDGE('',*,*,#6014,.T.);
#8613=ORIENTED_EDGE('',*,*,#6017,.T.);
#8614=ORIENTED_EDGE('',*,*,#6020,.T.);
#8615=ORIENTED_EDGE('',*,*,#6023,.T.);
#8616=ORIENTED_EDGE('',*,*,#6026,.T.);
#8617=ORIENTED_EDGE('',*,*,#6029,.T.);
#8618=ORIENTED_EDGE('',*,*,#6032,.T.);
#8619=ORIENTED_EDGE('',*,*,#6035,.T.);
#8620=ORIENTED_EDGE('',*,*,#6038,.T.);
#8621=ORIENTED_EDGE('',*,*,#6041,.T.);
#8622=ORIENTED_EDGE('',*,*,#6044,.T.);
#8623=ORIENTED_EDGE('',*,*,#6047,.T.);
#8624=ORIENTED_EDGE('',*,*,#6050,.T.);
#8625=ORIENTED_EDGE('',*,*,#6053,.T.);
#8626=ORIENTED_EDGE('',*,*,#6056,.T.);
#8627=ORIENTED_EDGE('',*,*,#6060,.T.);
#8628=ORIENTED_EDGE('',*,*,#6057,.T.);
#8629=ORIENTED_EDGE('',*,*,#6054,.T.);
#8630=ORIENTED_EDGE('',*,*,#6051,.T.);
#8631=ORIENTED_EDGE('',*,*,#6048,.T.);
#8632=ORIENTED_EDGE('',*,*,#6045,.T.);
#8633=ORIENTED_EDGE('',*,*,#6042,.T.);
#8634=ORIENTED_EDGE('',*,*,#6039,.T.);
#8635=ORIENTED_EDGE('',*,*,#6036,.T.);
#8636=ORIENTED_EDGE('',*,*,#6033,.T.);
#8637=ORIENTED_EDGE('',*,*,#6030,.T.);
#8638=ORIENTED_EDGE('',*,*,#6027,.T.);
#8639=ORIENTED_EDGE('',*,*,#6024,.T.);
#8640=ORIENTED_EDGE('',*,*,#6021,.T.);
#8641=ORIENTED_EDGE('',*,*,#6018,.T.);
#8642=ORIENTED_EDGE('',*,*,#6015,.T.);
#8643=ORIENTED_EDGE('',*,*,#6012,.T.);
#8644=ORIENTED_EDGE('',*,*,#6009,.T.);
#8645=ORIENTED_EDGE('',*,*,#6061,.F.);
#8646=ORIENTED_EDGE('',*,*,#6062,.T.);
#8647=ORIENTED_EDGE('',*,*,#6063,.F.);
#8648=ORIENTED_EDGE('',*,*,#6064,.F.);
#8649=ORIENTED_EDGE('',*,*,#6065,.F.);
#8650=ORIENTED_EDGE('',*,*,#6064,.T.);
#8651=ORIENTED_EDGE('',*,*,#6066,.F.);
#8652=ORIENTED_EDGE('',*,*,#6067,.F.);
#8653=ORIENTED_EDGE('',*,*,#6068,.F.);
#8654=ORIENTED_EDGE('',*,*,#6067,.T.);
#8655=ORIENTED_EDGE('',*,*,#6069,.F.);
#8656=ORIENTED_EDGE('',*,*,#6070,.F.);
#8657=ORIENTED_EDGE('',*,*,#6071,.F.);
#8658=ORIENTED_EDGE('',*,*,#6070,.T.);
#8659=ORIENTED_EDGE('',*,*,#6072,.F.);
#8660=ORIENTED_EDGE('',*,*,#6073,.F.);
#8661=ORIENTED_EDGE('',*,*,#6074,.F.);
#8662=ORIENTED_EDGE('',*,*,#6073,.T.);
#8663=ORIENTED_EDGE('',*,*,#6075,.F.);
#8664=ORIENTED_EDGE('',*,*,#6076,.F.);
#8665=ORIENTED_EDGE('',*,*,#6077,.F.);
#8666=ORIENTED_EDGE('',*,*,#6076,.T.);
#8667=ORIENTED_EDGE('',*,*,#6078,.F.);
#8668=ORIENTED_EDGE('',*,*,#6062,.F.);
#8669=ORIENTED_EDGE('',*,*,#6077,.T.);
#8670=ORIENTED_EDGE('',*,*,#6061,.T.);
#8671=ORIENTED_EDGE('',*,*,#6065,.T.);
#8672=ORIENTED_EDGE('',*,*,#6068,.T.);
#8673=ORIENTED_EDGE('',*,*,#6071,.T.);
#8674=ORIENTED_EDGE('',*,*,#6074,.T.);
#8675=ORIENTED_EDGE('',*,*,#6078,.T.);
#8676=ORIENTED_EDGE('',*,*,#6075,.T.);
#8677=ORIENTED_EDGE('',*,*,#6072,.T.);
#8678=ORIENTED_EDGE('',*,*,#6069,.T.);
#8679=ORIENTED_EDGE('',*,*,#6066,.T.);
#8680=ORIENTED_EDGE('',*,*,#6063,.T.);
#8681=ORIENTED_EDGE('',*,*,#6079,.F.);
#8682=ORIENTED_EDGE('',*,*,#6080,.T.);
#8683=ORIENTED_EDGE('',*,*,#6081,.F.);
#8684=ORIENTED_EDGE('',*,*,#6082,.F.);
#8685=ORIENTED_EDGE('',*,*,#6083,.F.);
#8686=ORIENTED_EDGE('',*,*,#6084,.T.);
#8687=ORIENTED_EDGE('',*,*,#6085,.F.);
#8688=ORIENTED_EDGE('',*,*,#6080,.F.);
#8689=ORIENTED_EDGE('',*,*,#6086,.F.);
#8690=ORIENTED_EDGE('',*,*,#6087,.T.);
#8691=ORIENTED_EDGE('',*,*,#6088,.F.);
#8692=ORIENTED_EDGE('',*,*,#6084,.F.);
#8693=ORIENTED_EDGE('',*,*,#6089,.F.);
#8694=ORIENTED_EDGE('',*,*,#6090,.T.);
#8695=ORIENTED_EDGE('',*,*,#6091,.F.);
#8696=ORIENTED_EDGE('',*,*,#6087,.F.);
#8697=ORIENTED_EDGE('',*,*,#6092,.F.);
#8698=ORIENTED_EDGE('',*,*,#6093,.T.);
#8699=ORIENTED_EDGE('',*,*,#6094,.F.);
#8700=ORIENTED_EDGE('',*,*,#6090,.F.);
#8701=ORIENTED_EDGE('',*,*,#6095,.F.);
#8702=ORIENTED_EDGE('',*,*,#6082,.T.);
#8703=ORIENTED_EDGE('',*,*,#6096,.F.);
#8704=ORIENTED_EDGE('',*,*,#6093,.F.);
#8705=ORIENTED_EDGE('',*,*,#6097,.F.);
#8706=ORIENTED_EDGE('',*,*,#6098,.T.);
#8707=ORIENTED_EDGE('',*,*,#6099,.F.);
#8708=ORIENTED_EDGE('',*,*,#6100,.F.);
#8709=ORIENTED_EDGE('',*,*,#6101,.F.);
#8710=ORIENTED_EDGE('',*,*,#6100,.T.);
#8711=ORIENTED_EDGE('',*,*,#6102,.F.);
#8712=ORIENTED_EDGE('',*,*,#6103,.F.);
#8713=ORIENTED_EDGE('',*,*,#6104,.F.);
#8714=ORIENTED_EDGE('',*,*,#6103,.T.);
#8715=ORIENTED_EDGE('',*,*,#6105,.F.);
#8716=ORIENTED_EDGE('',*,*,#6106,.F.);
#8717=ORIENTED_EDGE('',*,*,#6107,.F.);
#8718=ORIENTED_EDGE('',*,*,#6106,.T.);
#8719=ORIENTED_EDGE('',*,*,#6108,.F.);
#8720=ORIENTED_EDGE('',*,*,#6109,.F.);
#8721=ORIENTED_EDGE('',*,*,#6110,.F.);
#8722=ORIENTED_EDGE('',*,*,#6109,.T.);
#8723=ORIENTED_EDGE('',*,*,#6111,.F.);
#8724=ORIENTED_EDGE('',*,*,#6112,.F.);
#8725=ORIENTED_EDGE('',*,*,#6113,.F.);
#8726=ORIENTED_EDGE('',*,*,#6112,.T.);
#8727=ORIENTED_EDGE('',*,*,#6114,.F.);
#8728=ORIENTED_EDGE('',*,*,#6115,.F.);
#8729=ORIENTED_EDGE('',*,*,#6116,.F.);
#8730=ORIENTED_EDGE('',*,*,#6115,.T.);
#8731=ORIENTED_EDGE('',*,*,#6117,.F.);
#8732=ORIENTED_EDGE('',*,*,#6118,.F.);
#8733=ORIENTED_EDGE('',*,*,#6119,.F.);
#8734=ORIENTED_EDGE('',*,*,#6118,.T.);
#8735=ORIENTED_EDGE('',*,*,#6120,.F.);
#8736=ORIENTED_EDGE('',*,*,#6121,.F.);
#8737=ORIENTED_EDGE('',*,*,#6122,.F.);
#8738=ORIENTED_EDGE('',*,*,#6121,.T.);
#8739=ORIENTED_EDGE('',*,*,#6123,.F.);
#8740=ORIENTED_EDGE('',*,*,#6124,.F.);
#8741=ORIENTED_EDGE('',*,*,#6125,.F.);
#8742=ORIENTED_EDGE('',*,*,#6124,.T.);
#8743=ORIENTED_EDGE('',*,*,#6126,.F.);
#8744=ORIENTED_EDGE('',*,*,#6127,.F.);
#8745=ORIENTED_EDGE('',*,*,#6128,.F.);
#8746=ORIENTED_EDGE('',*,*,#6127,.T.);
#8747=ORIENTED_EDGE('',*,*,#6129,.F.);
#8748=ORIENTED_EDGE('',*,*,#6130,.F.);
#8749=ORIENTED_EDGE('',*,*,#6131,.F.);
#8750=ORIENTED_EDGE('',*,*,#6130,.T.);
#8751=ORIENTED_EDGE('',*,*,#6132,.F.);
#8752=ORIENTED_EDGE('',*,*,#6133,.F.);
#8753=ORIENTED_EDGE('',*,*,#6134,.F.);
#8754=ORIENTED_EDGE('',*,*,#6133,.T.);
#8755=ORIENTED_EDGE('',*,*,#6135,.F.);
#8756=ORIENTED_EDGE('',*,*,#6136,.F.);
#8757=ORIENTED_EDGE('',*,*,#6137,.F.);
#8758=ORIENTED_EDGE('',*,*,#6136,.T.);
#8759=ORIENTED_EDGE('',*,*,#6138,.F.);
#8760=ORIENTED_EDGE('',*,*,#6139,.F.);
#8761=ORIENTED_EDGE('',*,*,#6140,.F.);
#8762=ORIENTED_EDGE('',*,*,#6139,.T.);
#8763=ORIENTED_EDGE('',*,*,#6141,.F.);
#8764=ORIENTED_EDGE('',*,*,#6142,.F.);
#8765=ORIENTED_EDGE('',*,*,#6143,.F.);
#8766=ORIENTED_EDGE('',*,*,#6142,.T.);
#8767=ORIENTED_EDGE('',*,*,#6144,.F.);
#8768=ORIENTED_EDGE('',*,*,#6145,.F.);
#8769=ORIENTED_EDGE('',*,*,#6146,.F.);
#8770=ORIENTED_EDGE('',*,*,#6145,.T.);
#8771=ORIENTED_EDGE('',*,*,#6147,.F.);
#8772=ORIENTED_EDGE('',*,*,#6148,.F.);
#8773=ORIENTED_EDGE('',*,*,#6149,.F.);
#8774=ORIENTED_EDGE('',*,*,#6148,.T.);
#8775=ORIENTED_EDGE('',*,*,#6150,.F.);
#8776=ORIENTED_EDGE('',*,*,#6098,.F.);
#8777=ORIENTED_EDGE('',*,*,#6149,.T.);
#8778=ORIENTED_EDGE('',*,*,#6097,.T.);
#8779=ORIENTED_EDGE('',*,*,#6101,.T.);
#8780=ORIENTED_EDGE('',*,*,#6104,.T.);
#8781=ORIENTED_EDGE('',*,*,#6107,.T.);
#8782=ORIENTED_EDGE('',*,*,#6110,.T.);
#8783=ORIENTED_EDGE('',*,*,#6113,.T.);
#8784=ORIENTED_EDGE('',*,*,#6116,.T.);
#8785=ORIENTED_EDGE('',*,*,#6119,.T.);
#8786=ORIENTED_EDGE('',*,*,#6122,.T.);
#8787=ORIENTED_EDGE('',*,*,#6125,.T.);
#8788=ORIENTED_EDGE('',*,*,#6128,.T.);
#8789=ORIENTED_EDGE('',*,*,#6131,.T.);
#8790=ORIENTED_EDGE('',*,*,#6134,.T.);
#8791=ORIENTED_EDGE('',*,*,#6137,.T.);
#8792=ORIENTED_EDGE('',*,*,#6140,.T.);
#8793=ORIENTED_EDGE('',*,*,#6143,.T.);
#8794=ORIENTED_EDGE('',*,*,#6146,.T.);
#8795=ORIENTED_EDGE('',*,*,#6079,.T.);
#8796=ORIENTED_EDGE('',*,*,#6095,.T.);
#8797=ORIENTED_EDGE('',*,*,#6092,.T.);
#8798=ORIENTED_EDGE('',*,*,#6089,.T.);
#8799=ORIENTED_EDGE('',*,*,#6086,.T.);
#8800=ORIENTED_EDGE('',*,*,#6083,.T.);
#8801=ORIENTED_EDGE('',*,*,#6150,.T.);
#8802=ORIENTED_EDGE('',*,*,#6147,.T.);
#8803=ORIENTED_EDGE('',*,*,#6144,.T.);
#8804=ORIENTED_EDGE('',*,*,#6141,.T.);
#8805=ORIENTED_EDGE('',*,*,#6138,.T.);
#8806=ORIENTED_EDGE('',*,*,#6135,.T.);
#8807=ORIENTED_EDGE('',*,*,#6132,.T.);
#8808=ORIENTED_EDGE('',*,*,#6129,.T.);
#8809=ORIENTED_EDGE('',*,*,#6126,.T.);
#8810=ORIENTED_EDGE('',*,*,#6123,.T.);
#8811=ORIENTED_EDGE('',*,*,#6120,.T.);
#8812=ORIENTED_EDGE('',*,*,#6117,.T.);
#8813=ORIENTED_EDGE('',*,*,#6114,.T.);
#8814=ORIENTED_EDGE('',*,*,#6111,.T.);
#8815=ORIENTED_EDGE('',*,*,#6108,.T.);
#8816=ORIENTED_EDGE('',*,*,#6105,.T.);
#8817=ORIENTED_EDGE('',*,*,#6102,.T.);
#8818=ORIENTED_EDGE('',*,*,#6099,.T.);
#8819=ORIENTED_EDGE('',*,*,#6081,.T.);
#8820=ORIENTED_EDGE('',*,*,#6085,.T.);
#8821=ORIENTED_EDGE('',*,*,#6088,.T.);
#8822=ORIENTED_EDGE('',*,*,#6091,.T.);
#8823=ORIENTED_EDGE('',*,*,#6094,.T.);
#8824=ORIENTED_EDGE('',*,*,#6096,.T.);
#8825=ORIENTED_EDGE('',*,*,#6151,.F.);
#8826=ORIENTED_EDGE('',*,*,#6152,.T.);
#8827=ORIENTED_EDGE('',*,*,#6153,.F.);
#8828=ORIENTED_EDGE('',*,*,#6154,.F.);
#8829=ORIENTED_EDGE('',*,*,#6155,.F.);
#8830=ORIENTED_EDGE('',*,*,#6154,.T.);
#8831=ORIENTED_EDGE('',*,*,#6156,.F.);
#8832=ORIENTED_EDGE('',*,*,#6157,.F.);
#8833=ORIENTED_EDGE('',*,*,#6158,.F.);
#8834=ORIENTED_EDGE('',*,*,#6157,.T.);
#8835=ORIENTED_EDGE('',*,*,#6159,.F.);
#8836=ORIENTED_EDGE('',*,*,#6160,.F.);
#8837=ORIENTED_EDGE('',*,*,#6161,.F.);
#8838=ORIENTED_EDGE('',*,*,#6160,.T.);
#8839=ORIENTED_EDGE('',*,*,#6162,.F.);
#8840=ORIENTED_EDGE('',*,*,#6163,.F.);
#8841=ORIENTED_EDGE('',*,*,#6164,.F.);
#8842=ORIENTED_EDGE('',*,*,#6163,.T.);
#8843=ORIENTED_EDGE('',*,*,#6165,.F.);
#8844=ORIENTED_EDGE('',*,*,#6166,.F.);
#8845=ORIENTED_EDGE('',*,*,#6167,.F.);
#8846=ORIENTED_EDGE('',*,*,#6166,.T.);
#8847=ORIENTED_EDGE('',*,*,#6168,.F.);
#8848=ORIENTED_EDGE('',*,*,#6169,.F.);
#8849=ORIENTED_EDGE('',*,*,#6170,.F.);
#8850=ORIENTED_EDGE('',*,*,#6169,.T.);
#8851=ORIENTED_EDGE('',*,*,#6171,.F.);
#8852=ORIENTED_EDGE('',*,*,#6172,.F.);
#8853=ORIENTED_EDGE('',*,*,#6173,.F.);
#8854=ORIENTED_EDGE('',*,*,#6172,.T.);
#8855=ORIENTED_EDGE('',*,*,#6174,.F.);
#8856=ORIENTED_EDGE('',*,*,#6175,.F.);
#8857=ORIENTED_EDGE('',*,*,#6176,.F.);
#8858=ORIENTED_EDGE('',*,*,#6175,.T.);
#8859=ORIENTED_EDGE('',*,*,#6177,.F.);
#8860=ORIENTED_EDGE('',*,*,#6178,.F.);
#8861=ORIENTED_EDGE('',*,*,#6179,.F.);
#8862=ORIENTED_EDGE('',*,*,#6178,.T.);
#8863=ORIENTED_EDGE('',*,*,#6180,.F.);
#8864=ORIENTED_EDGE('',*,*,#6181,.F.);
#8865=ORIENTED_EDGE('',*,*,#6182,.F.);
#8866=ORIENTED_EDGE('',*,*,#6181,.T.);
#8867=ORIENTED_EDGE('',*,*,#6183,.F.);
#8868=ORIENTED_EDGE('',*,*,#6184,.F.);
#8869=ORIENTED_EDGE('',*,*,#6185,.F.);
#8870=ORIENTED_EDGE('',*,*,#6184,.T.);
#8871=ORIENTED_EDGE('',*,*,#6186,.F.);
#8872=ORIENTED_EDGE('',*,*,#6187,.F.);
#8873=ORIENTED_EDGE('',*,*,#6188,.F.);
#8874=ORIENTED_EDGE('',*,*,#6187,.T.);
#8875=ORIENTED_EDGE('',*,*,#6189,.F.);
#8876=ORIENTED_EDGE('',*,*,#6190,.F.);
#8877=ORIENTED_EDGE('',*,*,#6191,.F.);
#8878=ORIENTED_EDGE('',*,*,#6190,.T.);
#8879=ORIENTED_EDGE('',*,*,#6192,.F.);
#8880=ORIENTED_EDGE('',*,*,#6193,.F.);
#8881=ORIENTED_EDGE('',*,*,#6194,.F.);
#8882=ORIENTED_EDGE('',*,*,#6193,.T.);
#8883=ORIENTED_EDGE('',*,*,#6195,.F.);
#8884=ORIENTED_EDGE('',*,*,#6196,.F.);
#8885=ORIENTED_EDGE('',*,*,#6197,.F.);
#8886=ORIENTED_EDGE('',*,*,#6196,.T.);
#8887=ORIENTED_EDGE('',*,*,#6198,.F.);
#8888=ORIENTED_EDGE('',*,*,#6199,.F.);
#8889=ORIENTED_EDGE('',*,*,#6200,.F.);
#8890=ORIENTED_EDGE('',*,*,#6199,.T.);
#8891=ORIENTED_EDGE('',*,*,#6201,.F.);
#8892=ORIENTED_EDGE('',*,*,#6152,.F.);
#8893=ORIENTED_EDGE('',*,*,#6200,.T.);
#8894=ORIENTED_EDGE('',*,*,#6151,.T.);
#8895=ORIENTED_EDGE('',*,*,#6155,.T.);
#8896=ORIENTED_EDGE('',*,*,#6158,.T.);
#8897=ORIENTED_EDGE('',*,*,#6161,.T.);
#8898=ORIENTED_EDGE('',*,*,#6164,.T.);
#8899=ORIENTED_EDGE('',*,*,#6167,.T.);
#8900=ORIENTED_EDGE('',*,*,#6170,.T.);
#8901=ORIENTED_EDGE('',*,*,#6173,.T.);
#8902=ORIENTED_EDGE('',*,*,#6176,.T.);
#8903=ORIENTED_EDGE('',*,*,#6179,.T.);
#8904=ORIENTED_EDGE('',*,*,#6182,.T.);
#8905=ORIENTED_EDGE('',*,*,#6185,.T.);
#8906=ORIENTED_EDGE('',*,*,#6188,.T.);
#8907=ORIENTED_EDGE('',*,*,#6191,.T.);
#8908=ORIENTED_EDGE('',*,*,#6194,.T.);
#8909=ORIENTED_EDGE('',*,*,#6197,.T.);
#8910=ORIENTED_EDGE('',*,*,#6201,.T.);
#8911=ORIENTED_EDGE('',*,*,#6198,.T.);
#8912=ORIENTED_EDGE('',*,*,#6195,.T.);
#8913=ORIENTED_EDGE('',*,*,#6192,.T.);
#8914=ORIENTED_EDGE('',*,*,#6189,.T.);
#8915=ORIENTED_EDGE('',*,*,#6186,.T.);
#8916=ORIENTED_EDGE('',*,*,#6183,.T.);
#8917=ORIENTED_EDGE('',*,*,#6180,.T.);
#8918=ORIENTED_EDGE('',*,*,#6177,.T.);
#8919=ORIENTED_EDGE('',*,*,#6174,.T.);
#8920=ORIENTED_EDGE('',*,*,#6171,.T.);
#8921=ORIENTED_EDGE('',*,*,#6168,.T.);
#8922=ORIENTED_EDGE('',*,*,#6165,.T.);
#8923=ORIENTED_EDGE('',*,*,#6162,.T.);
#8924=ORIENTED_EDGE('',*,*,#6159,.T.);
#8925=ORIENTED_EDGE('',*,*,#6156,.T.);
#8926=ORIENTED_EDGE('',*,*,#6153,.T.);
#8927=ORIENTED_EDGE('',*,*,#6202,.F.);
#8928=ORIENTED_EDGE('',*,*,#6203,.T.);
#8929=ORIENTED_EDGE('',*,*,#6204,.F.);
#8930=ORIENTED_EDGE('',*,*,#6205,.F.);
#8931=ORIENTED_EDGE('',*,*,#6206,.F.);
#8932=ORIENTED_EDGE('',*,*,#6205,.T.);
#8933=ORIENTED_EDGE('',*,*,#6207,.F.);
#8934=ORIENTED_EDGE('',*,*,#6208,.F.);
#8935=ORIENTED_EDGE('',*,*,#6209,.F.);
#8936=ORIENTED_EDGE('',*,*,#6208,.T.);
#8937=ORIENTED_EDGE('',*,*,#6210,.F.);
#8938=ORIENTED_EDGE('',*,*,#6211,.F.);
#8939=ORIENTED_EDGE('',*,*,#6212,.F.);
#8940=ORIENTED_EDGE('',*,*,#6211,.T.);
#8941=ORIENTED_EDGE('',*,*,#6213,.F.);
#8942=ORIENTED_EDGE('',*,*,#6203,.F.);
#8943=ORIENTED_EDGE('',*,*,#6212,.T.);
#8944=ORIENTED_EDGE('',*,*,#6202,.T.);
#8945=ORIENTED_EDGE('',*,*,#6206,.T.);
#8946=ORIENTED_EDGE('',*,*,#6209,.T.);
#8947=ORIENTED_EDGE('',*,*,#6213,.T.);
#8948=ORIENTED_EDGE('',*,*,#6210,.T.);
#8949=ORIENTED_EDGE('',*,*,#6207,.T.);
#8950=ORIENTED_EDGE('',*,*,#6204,.T.);
#8951=ORIENTED_EDGE('',*,*,#6214,.F.);
#8952=ORIENTED_EDGE('',*,*,#6215,.T.);
#8953=ORIENTED_EDGE('',*,*,#6216,.F.);
#8954=ORIENTED_EDGE('',*,*,#6217,.F.);
#8955=ORIENTED_EDGE('',*,*,#6218,.F.);
#8956=ORIENTED_EDGE('',*,*,#6219,.T.);
#8957=ORIENTED_EDGE('',*,*,#6220,.F.);
#8958=ORIENTED_EDGE('',*,*,#6215,.F.);
#8959=ORIENTED_EDGE('',*,*,#6221,.F.);
#8960=ORIENTED_EDGE('',*,*,#6222,.T.);
#8961=ORIENTED_EDGE('',*,*,#6223,.F.);
#8962=ORIENTED_EDGE('',*,*,#6219,.F.);
#8963=ORIENTED_EDGE('',*,*,#6224,.F.);
#8964=ORIENTED_EDGE('',*,*,#6217,.T.);
#8965=ORIENTED_EDGE('',*,*,#6225,.F.);
#8966=ORIENTED_EDGE('',*,*,#6222,.F.);
#8967=ORIENTED_EDGE('',*,*,#6226,.F.);
#8968=ORIENTED_EDGE('',*,*,#6227,.T.);
#8969=ORIENTED_EDGE('',*,*,#6228,.F.);
#8970=ORIENTED_EDGE('',*,*,#6229,.F.);
#8971=ORIENTED_EDGE('',*,*,#6230,.F.);
#8972=ORIENTED_EDGE('',*,*,#6229,.T.);
#8973=ORIENTED_EDGE('',*,*,#6231,.F.);
#8974=ORIENTED_EDGE('',*,*,#6232,.F.);
#8975=ORIENTED_EDGE('',*,*,#6233,.F.);
#8976=ORIENTED_EDGE('',*,*,#6232,.T.);
#8977=ORIENTED_EDGE('',*,*,#6234,.F.);
#8978=ORIENTED_EDGE('',*,*,#6235,.F.);
#8979=ORIENTED_EDGE('',*,*,#6236,.F.);
#8980=ORIENTED_EDGE('',*,*,#6235,.T.);
#8981=ORIENTED_EDGE('',*,*,#6237,.F.);
#8982=ORIENTED_EDGE('',*,*,#6238,.F.);
#8983=ORIENTED_EDGE('',*,*,#6239,.F.);
#8984=ORIENTED_EDGE('',*,*,#6238,.T.);
#8985=ORIENTED_EDGE('',*,*,#6240,.F.);
#8986=ORIENTED_EDGE('',*,*,#6241,.F.);
#8987=ORIENTED_EDGE('',*,*,#6242,.F.);
#8988=ORIENTED_EDGE('',*,*,#6241,.T.);
#8989=ORIENTED_EDGE('',*,*,#6243,.F.);
#8990=ORIENTED_EDGE('',*,*,#6244,.F.);
#8991=ORIENTED_EDGE('',*,*,#6245,.F.);
#8992=ORIENTED_EDGE('',*,*,#6244,.T.);
#8993=ORIENTED_EDGE('',*,*,#6246,.F.);
#8994=ORIENTED_EDGE('',*,*,#6247,.F.);
#8995=ORIENTED_EDGE('',*,*,#6248,.F.);
#8996=ORIENTED_EDGE('',*,*,#6247,.T.);
#8997=ORIENTED_EDGE('',*,*,#6249,.F.);
#8998=ORIENTED_EDGE('',*,*,#6250,.F.);
#8999=ORIENTED_EDGE('',*,*,#6251,.F.);
#9000=ORIENTED_EDGE('',*,*,#6250,.T.);
#9001=ORIENTED_EDGE('',*,*,#6252,.F.);
#9002=ORIENTED_EDGE('',*,*,#6253,.F.);
#9003=ORIENTED_EDGE('',*,*,#6254,.F.);
#9004=ORIENTED_EDGE('',*,*,#6253,.T.);
#9005=ORIENTED_EDGE('',*,*,#6255,.F.);
#9006=ORIENTED_EDGE('',*,*,#6256,.F.);
#9007=ORIENTED_EDGE('',*,*,#6257,.F.);
#9008=ORIENTED_EDGE('',*,*,#6256,.T.);
#9009=ORIENTED_EDGE('',*,*,#6258,.F.);
#9010=ORIENTED_EDGE('',*,*,#6227,.F.);
#9011=ORIENTED_EDGE('',*,*,#6257,.T.);
#9012=ORIENTED_EDGE('',*,*,#6226,.T.);
#9013=ORIENTED_EDGE('',*,*,#6230,.T.);
#9014=ORIENTED_EDGE('',*,*,#6233,.T.);
#9015=ORIENTED_EDGE('',*,*,#6236,.T.);
#9016=ORIENTED_EDGE('',*,*,#6239,.T.);
#9017=ORIENTED_EDGE('',*,*,#6242,.T.);
#9018=ORIENTED_EDGE('',*,*,#6245,.T.);
#9019=ORIENTED_EDGE('',*,*,#6248,.T.);
#9020=ORIENTED_EDGE('',*,*,#6251,.T.);
#9021=ORIENTED_EDGE('',*,*,#6254,.T.);
#9022=ORIENTED_EDGE('',*,*,#6214,.T.);
#9023=ORIENTED_EDGE('',*,*,#6224,.T.);
#9024=ORIENTED_EDGE('',*,*,#6221,.T.);
#9025=ORIENTED_EDGE('',*,*,#6218,.T.);
#9026=ORIENTED_EDGE('',*,*,#6258,.T.);
#9027=ORIENTED_EDGE('',*,*,#6255,.T.);
#9028=ORIENTED_EDGE('',*,*,#6252,.T.);
#9029=ORIENTED_EDGE('',*,*,#6249,.T.);
#9030=ORIENTED_EDGE('',*,*,#6246,.T.);
#9031=ORIENTED_EDGE('',*,*,#6243,.T.);
#9032=ORIENTED_EDGE('',*,*,#6240,.T.);
#9033=ORIENTED_EDGE('',*,*,#6237,.T.);
#9034=ORIENTED_EDGE('',*,*,#6234,.T.);
#9035=ORIENTED_EDGE('',*,*,#6231,.T.);
#9036=ORIENTED_EDGE('',*,*,#6228,.T.);
#9037=ORIENTED_EDGE('',*,*,#6216,.T.);
#9038=ORIENTED_EDGE('',*,*,#6220,.T.);
#9039=ORIENTED_EDGE('',*,*,#6223,.T.);
#9040=ORIENTED_EDGE('',*,*,#6225,.T.);
#9041=ORIENTED_EDGE('',*,*,#6259,.F.);
#9042=ORIENTED_EDGE('',*,*,#6260,.T.);
#9043=ORIENTED_EDGE('',*,*,#6261,.F.);
#9044=ORIENTED_EDGE('',*,*,#6262,.F.);
#9045=ORIENTED_EDGE('',*,*,#6263,.F.);
#9046=ORIENTED_EDGE('',*,*,#6262,.T.);
#9047=ORIENTED_EDGE('',*,*,#6264,.F.);
#9048=ORIENTED_EDGE('',*,*,#6265,.F.);
#9049=ORIENTED_EDGE('',*,*,#6266,.F.);
#9050=ORIENTED_EDGE('',*,*,#6265,.T.);
#9051=ORIENTED_EDGE('',*,*,#6267,.F.);
#9052=ORIENTED_EDGE('',*,*,#6268,.F.);
#9053=ORIENTED_EDGE('',*,*,#6269,.F.);
#9054=ORIENTED_EDGE('',*,*,#6268,.T.);
#9055=ORIENTED_EDGE('',*,*,#6270,.F.);
#9056=ORIENTED_EDGE('',*,*,#6271,.F.);
#9057=ORIENTED_EDGE('',*,*,#6272,.F.);
#9058=ORIENTED_EDGE('',*,*,#6271,.T.);
#9059=ORIENTED_EDGE('',*,*,#6273,.F.);
#9060=ORIENTED_EDGE('',*,*,#6274,.F.);
#9061=ORIENTED_EDGE('',*,*,#6275,.F.);
#9062=ORIENTED_EDGE('',*,*,#6274,.T.);
#9063=ORIENTED_EDGE('',*,*,#6276,.F.);
#9064=ORIENTED_EDGE('',*,*,#6277,.F.);
#9065=ORIENTED_EDGE('',*,*,#6278,.F.);
#9066=ORIENTED_EDGE('',*,*,#6277,.T.);
#9067=ORIENTED_EDGE('',*,*,#6279,.F.);
#9068=ORIENTED_EDGE('',*,*,#6280,.F.);
#9069=ORIENTED_EDGE('',*,*,#6281,.F.);
#9070=ORIENTED_EDGE('',*,*,#6280,.T.);
#9071=ORIENTED_EDGE('',*,*,#6282,.F.);
#9072=ORIENTED_EDGE('',*,*,#6283,.F.);
#9073=ORIENTED_EDGE('',*,*,#6284,.F.);
#9074=ORIENTED_EDGE('',*,*,#6283,.T.);
#9075=ORIENTED_EDGE('',*,*,#6285,.F.);
#9076=ORIENTED_EDGE('',*,*,#6286,.F.);
#9077=ORIENTED_EDGE('',*,*,#6287,.F.);
#9078=ORIENTED_EDGE('',*,*,#6286,.T.);
#9079=ORIENTED_EDGE('',*,*,#6288,.F.);
#9080=ORIENTED_EDGE('',*,*,#6289,.F.);
#9081=ORIENTED_EDGE('',*,*,#6290,.F.);
#9082=ORIENTED_EDGE('',*,*,#6289,.T.);
#9083=ORIENTED_EDGE('',*,*,#6291,.F.);
#9084=ORIENTED_EDGE('',*,*,#6292,.F.);
#9085=ORIENTED_EDGE('',*,*,#6293,.F.);
#9086=ORIENTED_EDGE('',*,*,#6292,.T.);
#9087=ORIENTED_EDGE('',*,*,#6294,.F.);
#9088=ORIENTED_EDGE('',*,*,#6295,.F.);
#9089=ORIENTED_EDGE('',*,*,#6296,.F.);
#9090=ORIENTED_EDGE('',*,*,#6295,.T.);
#9091=ORIENTED_EDGE('',*,*,#6297,.F.);
#9092=ORIENTED_EDGE('',*,*,#6298,.F.);
#9093=ORIENTED_EDGE('',*,*,#6299,.F.);
#9094=ORIENTED_EDGE('',*,*,#6298,.T.);
#9095=ORIENTED_EDGE('',*,*,#6300,.F.);
#9096=ORIENTED_EDGE('',*,*,#6301,.F.);
#9097=ORIENTED_EDGE('',*,*,#6302,.F.);
#9098=ORIENTED_EDGE('',*,*,#6301,.T.);
#9099=ORIENTED_EDGE('',*,*,#6303,.F.);
#9100=ORIENTED_EDGE('',*,*,#6304,.F.);
#9101=ORIENTED_EDGE('',*,*,#6305,.F.);
#9102=ORIENTED_EDGE('',*,*,#6304,.T.);
#9103=ORIENTED_EDGE('',*,*,#6306,.F.);
#9104=ORIENTED_EDGE('',*,*,#6307,.F.);
#9105=ORIENTED_EDGE('',*,*,#6308,.F.);
#9106=ORIENTED_EDGE('',*,*,#6307,.T.);
#9107=ORIENTED_EDGE('',*,*,#6309,.F.);
#9108=ORIENTED_EDGE('',*,*,#6310,.F.);
#9109=ORIENTED_EDGE('',*,*,#6311,.F.);
#9110=ORIENTED_EDGE('',*,*,#6310,.T.);
#9111=ORIENTED_EDGE('',*,*,#6312,.F.);
#9112=ORIENTED_EDGE('',*,*,#6260,.F.);
#9113=ORIENTED_EDGE('',*,*,#6311,.T.);
#9114=ORIENTED_EDGE('',*,*,#6259,.T.);
#9115=ORIENTED_EDGE('',*,*,#6263,.T.);
#9116=ORIENTED_EDGE('',*,*,#6266,.T.);
#9117=ORIENTED_EDGE('',*,*,#6269,.T.);
#9118=ORIENTED_EDGE('',*,*,#6272,.T.);
#9119=ORIENTED_EDGE('',*,*,#6275,.T.);
#9120=ORIENTED_EDGE('',*,*,#6278,.T.);
#9121=ORIENTED_EDGE('',*,*,#6281,.T.);
#9122=ORIENTED_EDGE('',*,*,#6284,.T.);
#9123=ORIENTED_EDGE('',*,*,#6287,.T.);
#9124=ORIENTED_EDGE('',*,*,#6290,.T.);
#9125=ORIENTED_EDGE('',*,*,#6293,.T.);
#9126=ORIENTED_EDGE('',*,*,#6296,.T.);
#9127=ORIENTED_EDGE('',*,*,#6299,.T.);
#9128=ORIENTED_EDGE('',*,*,#6302,.T.);
#9129=ORIENTED_EDGE('',*,*,#6305,.T.);
#9130=ORIENTED_EDGE('',*,*,#6308,.T.);
#9131=ORIENTED_EDGE('',*,*,#6312,.T.);
#9132=ORIENTED_EDGE('',*,*,#6309,.T.);
#9133=ORIENTED_EDGE('',*,*,#6306,.T.);
#9134=ORIENTED_EDGE('',*,*,#6303,.T.);
#9135=ORIENTED_EDGE('',*,*,#6300,.T.);
#9136=ORIENTED_EDGE('',*,*,#6297,.T.);
#9137=ORIENTED_EDGE('',*,*,#6294,.T.);
#9138=ORIENTED_EDGE('',*,*,#6291,.T.);
#9139=ORIENTED_EDGE('',*,*,#6288,.T.);
#9140=ORIENTED_EDGE('',*,*,#6285,.T.);
#9141=ORIENTED_EDGE('',*,*,#6282,.T.);
#9142=ORIENTED_EDGE('',*,*,#6279,.T.);
#9143=ORIENTED_EDGE('',*,*,#6276,.T.);
#9144=ORIENTED_EDGE('',*,*,#6273,.T.);
#9145=ORIENTED_EDGE('',*,*,#6270,.T.);
#9146=ORIENTED_EDGE('',*,*,#6267,.T.);
#9147=ORIENTED_EDGE('',*,*,#6264,.T.);
#9148=ORIENTED_EDGE('',*,*,#6261,.T.);
#9149=PLANE('',#10920);
#9150=PLANE('',#10921);
#9151=PLANE('',#10922);
#9152=PLANE('',#10923);
#9153=PLANE('',#10924);
#9154=PLANE('',#10925);
#9155=PLANE('',#10926);
#9156=PLANE('',#10927);
#9157=PLANE('',#10928);
#9158=PLANE('',#10929);
#9159=PLANE('',#10930);
#9160=PLANE('',#10931);
#9161=PLANE('',#10933);
#9162=PLANE('',#10934);
#9163=PLANE('',#10935);
#9164=PLANE('',#10936);
#9165=PLANE('',#10937);
#9166=PLANE('',#10938);
#9167=PLANE('',#10939);
#9168=PLANE('',#10940);
#9169=PLANE('',#10941);
#9170=PLANE('',#10942);
#9171=PLANE('',#10943);
#9172=PLANE('',#10944);
#9173=PLANE('',#10945);
#9174=PLANE('',#10946);
#9175=PLANE('',#10947);
#9176=PLANE('',#10948);
#9177=PLANE('',#10949);
#9178=PLANE('',#10950);
#9179=PLANE('',#10951);
#9180=PLANE('',#10952);
#9181=PLANE('',#10953);
#9182=PLANE('',#10954);
#9183=PLANE('',#10955);
#9184=PLANE('',#10956);
#9185=PLANE('',#10957);
#9186=PLANE('',#10958);
#9187=PLANE('',#10959);
#9188=PLANE('',#10960);
#9189=PLANE('',#10961);
#9190=PLANE('',#10962);
#9191=PLANE('',#10963);
#9192=PLANE('',#10964);
#9193=PLANE('',#10965);
#9194=PLANE('',#10966);
#9195=PLANE('',#10967);
#9196=PLANE('',#10968);
#9197=PLANE('',#10969);
#9198=PLANE('',#10970);
#9199=PLANE('',#10971);
#9200=PLANE('',#10972);
#9201=PLANE('',#10973);
#9202=PLANE('',#10974);
#9203=PLANE('',#10975);
#9204=PLANE('',#10976);
#9205=PLANE('',#10977);
#9206=PLANE('',#10978);
#9207=PLANE('',#10979);
#9208=PLANE('',#10980);
#9209=PLANE('',#10981);
#9210=PLANE('',#10982);
#9211=PLANE('',#10983);
#9212=PLANE('',#10984);
#9213=PLANE('',#10985);
#9214=PLANE('',#10986);
#9215=PLANE('',#10987);
#9216=PLANE('',#10988);
#9217=PLANE('',#10989);
#9218=PLANE('',#10990);
#9219=PLANE('',#10991);
#9220=PLANE('',#10992);
#9221=PLANE('',#10993);
#9222=PLANE('',#10994);
#9223=PLANE('',#10995);
#9224=PLANE('',#10996);
#9225=PLANE('',#10997);
#9226=PLANE('',#10998);
#9227=PLANE('',#10999);
#9228=PLANE('',#11000);
#9229=PLANE('',#11001);
#9230=PLANE('',#11002);
#9231=PLANE('',#11003);
#9232=PLANE('',#11004);
#9233=PLANE('',#11005);
#9234=PLANE('',#11006);
#9235=PLANE('',#11007);
#9236=PLANE('',#11008);
#9237=PLANE('',#11009);
#9238=PLANE('',#11010);
#9239=PLANE('',#11011);
#9240=PLANE('',#11012);
#9241=PLANE('',#11013);
#9242=PLANE('',#11014);
#9243=PLANE('',#11015);
#9244=PLANE('',#11016);
#9245=PLANE('',#11017);
#9246=PLANE('',#11018);
#9247=PLANE('',#11019);
#9248=PLANE('',#11020);
#9249=PLANE('',#11021);
#9250=PLANE('',#11022);
#9251=PLANE('',#11023);
#9252=PLANE('',#11024);
#9253=PLANE('',#11025);
#9254=PLANE('',#11026);
#9255=PLANE('',#11027);
#9256=PLANE('',#11028);
#9257=PLANE('',#11029);
#9258=PLANE('',#11030);
#9259=PLANE('',#11031);
#9260=PLANE('',#11032);
#9261=PLANE('',#11033);
#9262=PLANE('',#11034);
#9263=PLANE('',#11035);
#9264=PLANE('',#11036);
#9265=PLANE('',#11037);
#9266=PLANE('',#11038);
#9267=PLANE('',#11039);
#9268=PLANE('',#11040);
#9269=PLANE('',#11041);
#9270=PLANE('',#11042);
#9271=PLANE('',#11043);
#9272=PLANE('',#11044);
#9273=PLANE('',#11045);
#9274=PLANE('',#11046);
#9275=PLANE('',#11047);
#9276=PLANE('',#11048);
#9277=PLANE('',#11049);
#9278=PLANE('',#11050);
#9279=PLANE('',#11051);
#9280=PLANE('',#11052);
#9281=PLANE('',#11053);
#9282=PLANE('',#11054);
#9283=PLANE('',#11055);
#9284=PLANE('',#11056);
#9285=PLANE('',#11057);
#9286=PLANE('',#11058);
#9287=PLANE('',#11059);
#9288=PLANE('',#11060);
#9289=PLANE('',#11061);
#9290=PLANE('',#11062);
#9291=PLANE('',#11063);
#9292=PLANE('',#11064);
#9293=PLANE('',#11065);
#9294=PLANE('',#11066);
#9295=PLANE('',#11067);
#9296=PLANE('',#11068);
#9297=PLANE('',#11069);
#9298=PLANE('',#11070);
#9299=PLANE('',#11071);
#9300=PLANE('',#11072);
#9301=PLANE('',#11073);
#9302=PLANE('',#11074);
#9303=PLANE('',#11075);
#9304=PLANE('',#11076);
#9305=PLANE('',#11077);
#9306=PLANE('',#11078);
#9307=PLANE('',#11079);
#9308=PLANE('',#11080);
#9309=PLANE('',#11081);
#9310=PLANE('',#11082);
#9311=PLANE('',#11083);
#9312=PLANE('',#11084);
#9313=PLANE('',#11085);
#9314=PLANE('',#11086);
#9315=PLANE('',#11087);
#9316=PLANE('',#11088);
#9317=PLANE('',#11089);
#9318=PLANE('',#11090);
#9319=PLANE('',#11091);
#9320=PLANE('',#11092);
#9321=PLANE('',#11093);
#9322=PLANE('',#11094);
#9323=PLANE('',#11095);
#9324=PLANE('',#11096);
#9325=PLANE('',#11097);
#9326=PLANE('',#11098);
#9327=PLANE('',#11099);
#9328=PLANE('',#11100);
#9329=PLANE('',#11102);
#9330=PLANE('',#11103);
#9331=PLANE('',#11104);
#9332=PLANE('',#11105);
#9333=PLANE('',#11106);
#9334=PLANE('',#11107);
#9335=PLANE('',#11108);
#9336=PLANE('',#11109);
#9337=PLANE('',#11110);
#9338=PLANE('',#11111);
#9339=PLANE('',#11112);
#9340=PLANE('',#11113);
#9341=PLANE('',#11114);
#9342=PLANE('',#11115);
#9343=PLANE('',#11116);
#9344=PLANE('',#11117);
#9345=PLANE('',#11118);
#9346=PLANE('',#11119);
#9347=PLANE('',#11120);
#9348=PLANE('',#11121);
#9349=PLANE('',#11122);
#9350=PLANE('',#11123);
#9351=PLANE('',#11124);
#9352=PLANE('',#11125);
#9353=PLANE('',#11126);
#9354=PLANE('',#11127);
#9355=PLANE('',#11128);
#9356=PLANE('',#11129);
#9357=PLANE('',#11130);
#9358=PLANE('',#11131);
#9359=PLANE('',#11132);
#9360=PLANE('',#11133);
#9361=PLANE('',#11134);
#9362=PLANE('',#11135);
#9363=PLANE('',#11137);
#9364=PLANE('',#11138);
#9365=PLANE('',#11139);
#9366=PLANE('',#11140);
#9367=PLANE('',#11141);
#9368=PLANE('',#11142);
#9369=PLANE('',#11143);
#9370=PLANE('',#11144);
#9371=PLANE('',#11145);
#9372=PLANE('',#11146);
#9373=PLANE('',#11147);
#9374=PLANE('',#11148);
#9375=PLANE('',#11149);
#9376=PLANE('',#11150);
#9377=PLANE('',#11151);
#9378=PLANE('',#11152);
#9379=PLANE('',#11153);
#9380=PLANE('',#11154);
#9381=PLANE('',#11155);
#9382=PLANE('',#11156);
#9383=PLANE('',#11157);
#9384=PLANE('',#11158);
#9385=PLANE('',#11159);
#9386=PLANE('',#11160);
#9387=PLANE('',#11161);
#9388=PLANE('',#11162);
#9389=PLANE('',#11163);
#9390=PLANE('',#11164);
#9391=PLANE('',#11165);
#9392=PLANE('',#11166);
#9393=PLANE('',#11167);
#9394=PLANE('',#11168);
#9395=PLANE('',#11169);
#9396=PLANE('',#11170);
#9397=PLANE('',#11171);
#9398=PLANE('',#11172);
#9399=PLANE('',#11173);
#9400=PLANE('',#11174);
#9401=PLANE('',#11175);
#9402=PLANE('',#11176);
#9403=PLANE('',#11177);
#9404=PLANE('',#11178);
#9405=PLANE('',#11179);
#9406=PLANE('',#11180);
#9407=PLANE('',#11181);
#9408=PLANE('',#11182);
#9409=PLANE('',#11183);
#9410=PLANE('',#11184);
#9411=PLANE('',#11185);
#9412=PLANE('',#11186);
#9413=PLANE('',#11187);
#9414=PLANE('',#11188);
#9415=PLANE('',#11189);
#9416=PLANE('',#11190);
#9417=PLANE('',#11191);
#9418=PLANE('',#11192);
#9419=PLANE('',#11193);
#9420=PLANE('',#11194);
#9421=PLANE('',#11195);
#9422=PLANE('',#11196);
#9423=PLANE('',#11197);
#9424=PLANE('',#11198);
#9425=PLANE('',#11199);
#9426=PLANE('',#11200);
#9427=PLANE('',#11201);
#9428=PLANE('',#11202);
#9429=PLANE('',#11203);
#9430=PLANE('',#11204);
#9431=PLANE('',#11205);
#9432=PLANE('',#11206);
#9433=PLANE('',#11210);
#9434=PLANE('',#11211);
#9435=PLANE('',#11212);
#9436=PLANE('',#11213);
#9437=PLANE('',#11214);
#9438=PLANE('',#11215);
#9439=PLANE('',#11216);
#9440=PLANE('',#11217);
#9441=PLANE('',#11218);
#9442=PLANE('',#11219);
#9443=PLANE('',#11220);
#9444=PLANE('',#11221);
#9445=PLANE('',#11222);
#9446=PLANE('',#11223);
#9447=PLANE('',#11224);
#9448=PLANE('',#11225);
#9449=PLANE('',#11226);
#9450=PLANE('',#11227);
#9451=PLANE('',#11228);
#9452=PLANE('',#11229);
#9453=PLANE('',#11230);
#9454=PLANE('',#11231);
#9455=PLANE('',#11232);
#9456=PLANE('',#11233);
#9457=PLANE('',#11234);
#9458=PLANE('',#11235);
#9459=PLANE('',#11236);
#9460=PLANE('',#11237);
#9461=PLANE('',#11238);
#9462=PLANE('',#11239);
#9463=PLANE('',#11240);
#9464=PLANE('',#11241);
#9465=PLANE('',#11242);
#9466=PLANE('',#11243);
#9467=PLANE('',#11244);
#9468=PLANE('',#11245);
#9469=PLANE('',#11248);
#9470=PLANE('',#11249);
#9471=PLANE('',#11250);
#9472=PLANE('',#11251);
#9473=PLANE('',#11252);
#9474=PLANE('',#11253);
#9475=PLANE('',#11254);
#9476=PLANE('',#11255);
#9477=PLANE('',#11256);
#9478=PLANE('',#11257);
#9479=PLANE('',#11258);
#9480=PLANE('',#11259);
#9481=PLANE('',#11260);
#9482=PLANE('',#11261);
#9483=PLANE('',#11262);
#9484=PLANE('',#11263);
#9485=PLANE('',#11264);
#9486=PLANE('',#11265);
#9487=PLANE('',#11266);
#9488=PLANE('',#11267);
#9489=PLANE('',#11268);
#9490=PLANE('',#11269);
#9491=PLANE('',#11271);
#9492=PLANE('',#11272);
#9493=PLANE('',#11273);
#9494=PLANE('',#11274);
#9495=PLANE('',#11275);
#9496=PLANE('',#11276);
#9497=PLANE('',#11277);
#9498=PLANE('',#11278);
#9499=PLANE('',#11279);
#9500=PLANE('',#11280);
#9501=PLANE('',#11281);
#9502=PLANE('',#11282);
#9503=PLANE('',#11283);
#9504=PLANE('',#11284);
#9505=PLANE('',#11285);
#9506=PLANE('',#11286);
#9507=PLANE('',#11287);
#9508=PLANE('',#11288);
#9509=PLANE('',#11289);
#9510=PLANE('',#11290);
#9511=PLANE('',#11291);
#9512=PLANE('',#11292);
#9513=PLANE('',#11293);
#9514=PLANE('',#11294);
#9515=PLANE('',#11295);
#9516=PLANE('',#11296);
#9517=PLANE('',#11297);
#9518=PLANE('',#11298);
#9519=PLANE('',#11299);
#9520=PLANE('',#11300);
#9521=PLANE('',#11301);
#9522=PLANE('',#11302);
#9523=PLANE('',#11303);
#9524=PLANE('',#11304);
#9525=PLANE('',#11305);
#9526=STYLED_ITEM('',(#10867),#10179);
#9527=STYLED_ITEM('',(#10867),#10180);
#9528=STYLED_ITEM('',(#10867),#10181);
#9529=STYLED_ITEM('',(#10867),#10182);
#9530=STYLED_ITEM('',(#10867),#10183);
#9531=STYLED_ITEM('',(#10867),#10184);
#9532=STYLED_ITEM('',(#10866),#704);
#9533=STYLED_ITEM('',(#10868),#10185);
#9534=STYLED_ITEM('',(#10868),#10186);
#9535=STYLED_ITEM('',(#10868),#10187);
#9536=STYLED_ITEM('',(#10868),#10188);
#9537=STYLED_ITEM('',(#10868),#10189);
#9538=STYLED_ITEM('',(#10868),#10190);
#9539=STYLED_ITEM('',(#10866),#705);
#9540=STYLED_ITEM('',(#10869),#10191);
#9541=STYLED_ITEM('',(#10869),#10192);
#9542=STYLED_ITEM('',(#10869),#10193);
#9543=STYLED_ITEM('',(#10869),#10194);
#9544=STYLED_ITEM('',(#10869),#10195);
#9545=STYLED_ITEM('',(#10869),#10196);
#9546=STYLED_ITEM('',(#10869),#10197);
#9547=STYLED_ITEM('',(#10869),#10198);
#9548=STYLED_ITEM('',(#10869),#10199);
#9549=STYLED_ITEM('',(#10869),#10200);
#9550=STYLED_ITEM('',(#10869),#10201);
#9551=STYLED_ITEM('',(#10869),#10202);
#9552=STYLED_ITEM('',(#10869),#10203);
#9553=STYLED_ITEM('',(#10869),#10204);
#9554=STYLED_ITEM('',(#10869),#10205);
#9555=STYLED_ITEM('',(#10869),#10206);
#9556=STYLED_ITEM('',(#10869),#10207);
#9557=STYLED_ITEM('',(#10869),#10208);
#9558=STYLED_ITEM('',(#10869),#10209);
#9559=STYLED_ITEM('',(#10869),#10210);
#9560=STYLED_ITEM('',(#10869),#10211);
#9561=STYLED_ITEM('',(#10869),#10212);
#9562=STYLED_ITEM('',(#10869),#10213);
#9563=STYLED_ITEM('',(#10869),#10214);
#9564=STYLED_ITEM('',(#10869),#10215);
#9565=STYLED_ITEM('',(#10869),#10216);
#9566=STYLED_ITEM('',(#10869),#10217);
#9567=STYLED_ITEM('',(#10869),#10218);
#9568=STYLED_ITEM('',(#10869),#10219);
#9569=STYLED_ITEM('',(#10869),#10220);
#9570=STYLED_ITEM('',(#10869),#10221);
#9571=STYLED_ITEM('',(#10869),#10222);
#9572=STYLED_ITEM('',(#10869),#10223);
#9573=STYLED_ITEM('',(#10869),#10224);
#9574=STYLED_ITEM('',(#10869),#10225);
#9575=STYLED_ITEM('',(#10869),#10226);
#9576=STYLED_ITEM('',(#10869),#10227);
#9577=STYLED_ITEM('',(#10869),#10228);
#9578=STYLED_ITEM('',(#10869),#10229);
#9579=STYLED_ITEM('',(#10869),#10230);
#9580=STYLED_ITEM('',(#10869),#10231);
#9581=STYLED_ITEM('',(#10869),#10232);
#9582=STYLED_ITEM('',(#10869),#10233);
#9583=STYLED_ITEM('',(#10869),#10234);
#9584=STYLED_ITEM('',(#10869),#10235);
#9585=STYLED_ITEM('',(#10869),#10236);
#9586=STYLED_ITEM('',(#10869),#10237);
#9587=STYLED_ITEM('',(#10869),#10238);
#9588=STYLED_ITEM('',(#10869),#10239);
#9589=STYLED_ITEM('',(#10869),#10240);
#9590=STYLED_ITEM('',(#10869),#10241);
#9591=STYLED_ITEM('',(#10869),#10242);
#9592=STYLED_ITEM('',(#10869),#10243);
#9593=STYLED_ITEM('',(#10869),#10244);
#9594=STYLED_ITEM('',(#10869),#10245);
#9595=STYLED_ITEM('',(#10869),#10246);
#9596=STYLED_ITEM('',(#10869),#10247);
#9597=STYLED_ITEM('',(#10869),#10248);
#9598=STYLED_ITEM('',(#10869),#10249);
#9599=STYLED_ITEM('',(#10869),#10250);
#9600=STYLED_ITEM('',(#10869),#10251);
#9601=STYLED_ITEM('',(#10869),#10252);
#9602=STYLED_ITEM('',(#10869),#10253);
#9603=STYLED_ITEM('',(#10869),#10254);
#9604=STYLED_ITEM('',(#10869),#10255);
#9605=STYLED_ITEM('',(#10869),#10256);
#9606=STYLED_ITEM('',(#10869),#10257);
#9607=STYLED_ITEM('',(#10869),#10258);
#9608=STYLED_ITEM('',(#10869),#10259);
#9609=STYLED_ITEM('',(#10869),#10260);
#9610=STYLED_ITEM('',(#10869),#10261);
#9611=STYLED_ITEM('',(#10869),#10262);
#9612=STYLED_ITEM('',(#10869),#10263);
#9613=STYLED_ITEM('',(#10869),#10264);
#9614=STYLED_ITEM('',(#10869),#10265);
#9615=STYLED_ITEM('',(#10869),#10266);
#9616=STYLED_ITEM('',(#10869),#10267);
#9617=STYLED_ITEM('',(#10869),#10268);
#9618=STYLED_ITEM('',(#10869),#10269);
#9619=STYLED_ITEM('',(#10869),#10270);
#9620=STYLED_ITEM('',(#10869),#10271);
#9621=STYLED_ITEM('',(#10869),#10272);
#9622=STYLED_ITEM('',(#10869),#10273);
#9623=STYLED_ITEM('',(#10869),#10274);
#9624=STYLED_ITEM('',(#10869),#10275);
#9625=STYLED_ITEM('',(#10869),#10276);
#9626=STYLED_ITEM('',(#10869),#10277);
#9627=STYLED_ITEM('',(#10869),#10278);
#9628=STYLED_ITEM('',(#10869),#10279);
#9629=STYLED_ITEM('',(#10869),#10280);
#9630=STYLED_ITEM('',(#10869),#10281);
#9631=STYLED_ITEM('',(#10869),#10282);
#9632=STYLED_ITEM('',(#10869),#10283);
#9633=STYLED_ITEM('',(#10869),#10284);
#9634=STYLED_ITEM('',(#10869),#10285);
#9635=STYLED_ITEM('',(#10869),#10286);
#9636=STYLED_ITEM('',(#10869),#10287);
#9637=STYLED_ITEM('',(#10869),#10288);
#9638=STYLED_ITEM('',(#10869),#10289);
#9639=STYLED_ITEM('',(#10869),#10290);
#9640=STYLED_ITEM('',(#10869),#10291);
#9641=STYLED_ITEM('',(#10869),#10292);
#9642=STYLED_ITEM('',(#10869),#10293);
#9643=STYLED_ITEM('',(#10869),#10294);
#9644=STYLED_ITEM('',(#10869),#10295);
#9645=STYLED_ITEM('',(#10869),#10296);
#9646=STYLED_ITEM('',(#10869),#10297);
#9647=STYLED_ITEM('',(#10869),#10298);
#9648=STYLED_ITEM('',(#10869),#10299);
#9649=STYLED_ITEM('',(#10869),#10300);
#9650=STYLED_ITEM('',(#10869),#10301);
#9651=STYLED_ITEM('',(#10869),#10302);
#9652=STYLED_ITEM('',(#10869),#10303);
#9653=STYLED_ITEM('',(#10869),#10304);
#9654=STYLED_ITEM('',(#10869),#10305);
#9655=STYLED_ITEM('',(#10869),#10306);
#9656=STYLED_ITEM('',(#10869),#10307);
#9657=STYLED_ITEM('',(#10869),#10308);
#9658=STYLED_ITEM('',(#10869),#10309);
#9659=STYLED_ITEM('',(#10869),#10310);
#9660=STYLED_ITEM('',(#10869),#10311);
#9661=STYLED_ITEM('',(#10869),#10312);
#9662=STYLED_ITEM('',(#10869),#10313);
#9663=STYLED_ITEM('',(#10869),#10314);
#9664=STYLED_ITEM('',(#10869),#10315);
#9665=STYLED_ITEM('',(#10869),#10316);
#9666=STYLED_ITEM('',(#10869),#10317);
#9667=STYLED_ITEM('',(#10869),#10318);
#9668=STYLED_ITEM('',(#10869),#10319);
#9669=STYLED_ITEM('',(#10869),#10320);
#9670=STYLED_ITEM('',(#10869),#10321);
#9671=STYLED_ITEM('',(#10869),#10322);
#9672=STYLED_ITEM('',(#10869),#10323);
#9673=STYLED_ITEM('',(#10869),#10324);
#9674=STYLED_ITEM('',(#10869),#10325);
#9675=STYLED_ITEM('',(#10869),#10326);
#9676=STYLED_ITEM('',(#10869),#10327);
#9677=STYLED_ITEM('',(#10869),#10328);
#9678=STYLED_ITEM('',(#10869),#10329);
#9679=STYLED_ITEM('',(#10869),#10330);
#9680=STYLED_ITEM('',(#10869),#10331);
#9681=STYLED_ITEM('',(#10869),#10332);
#9682=STYLED_ITEM('',(#10869),#10333);
#9683=STYLED_ITEM('',(#10869),#10334);
#9684=STYLED_ITEM('',(#10869),#10335);
#9685=STYLED_ITEM('',(#10869),#10336);
#9686=STYLED_ITEM('',(#10869),#10337);
#9687=STYLED_ITEM('',(#10869),#10338);
#9688=STYLED_ITEM('',(#10869),#10339);
#9689=STYLED_ITEM('',(#10869),#10340);
#9690=STYLED_ITEM('',(#10869),#10341);
#9691=STYLED_ITEM('',(#10869),#10342);
#9692=STYLED_ITEM('',(#10869),#10343);
#9693=STYLED_ITEM('',(#10869),#10344);
#9694=STYLED_ITEM('',(#10869),#10345);
#9695=STYLED_ITEM('',(#10869),#10346);
#9696=STYLED_ITEM('',(#10869),#10347);
#9697=STYLED_ITEM('',(#10869),#10348);
#9698=STYLED_ITEM('',(#10869),#10349);
#9699=STYLED_ITEM('',(#10869),#10350);
#9700=STYLED_ITEM('',(#10869),#10351);
#9701=STYLED_ITEM('',(#10869),#10352);
#9702=STYLED_ITEM('',(#10869),#10353);
#9703=STYLED_ITEM('',(#10869),#10354);
#9704=STYLED_ITEM('',(#10869),#10355);
#9705=STYLED_ITEM('',(#10869),#10356);
#9706=STYLED_ITEM('',(#10869),#10357);
#9707=STYLED_ITEM('',(#10869),#10358);
#9708=STYLED_ITEM('',(#10866),#706);
#9709=STYLED_ITEM('',(#10866),#707);
#9710=STYLED_ITEM('',(#10866),#708);
#9711=STYLED_ITEM('',(#10866),#709);
#9712=STYLED_ITEM('',(#10866),#710);
#9713=STYLED_ITEM('',(#10866),#711);
#9714=STYLED_ITEM('',(#10866),#712);
#9715=STYLED_ITEM('',(#10866),#713);
#9716=STYLED_ITEM('',(#10866),#714);
#9717=STYLED_ITEM('',(#10866),#715);
#9718=STYLED_ITEM('',(#10866),#716);
#9719=STYLED_ITEM('',(#10866),#717);
#9720=STYLED_ITEM('',(#10866),#718);
#9721=STYLED_ITEM('',(#10866),#719);
#9722=STYLED_ITEM('',(#10866),#720);
#9723=STYLED_ITEM('',(#10866),#721);
#9724=STYLED_ITEM('',(#10866),#722);
#9725=STYLED_ITEM('',(#10866),#723);
#9726=STYLED_ITEM('',(#10866),#724);
#9727=STYLED_ITEM('',(#10866),#725);
#9728=STYLED_ITEM('',(#10866),#726);
#9729=STYLED_ITEM('',(#10866),#727);
#9730=STYLED_ITEM('',(#10866),#728);
#9731=STYLED_ITEM('',(#10866),#729);
#9732=STYLED_ITEM('',(#10866),#730);
#9733=STYLED_ITEM('',(#10866),#731);
#9734=STYLED_ITEM('',(#10866),#732);
#9735=STYLED_ITEM('',(#10866),#733);
#9736=STYLED_ITEM('',(#10869),#10359);
#9737=STYLED_ITEM('',(#10869),#10360);
#9738=STYLED_ITEM('',(#10869),#10361);
#9739=STYLED_ITEM('',(#10869),#10362);
#9740=STYLED_ITEM('',(#10869),#10363);
#9741=STYLED_ITEM('',(#10869),#10364);
#9742=STYLED_ITEM('',(#10869),#10365);
#9743=STYLED_ITEM('',(#10869),#10366);
#9744=STYLED_ITEM('',(#10869),#10367);
#9745=STYLED_ITEM('',(#10869),#10368);
#9746=STYLED_ITEM('',(#10869),#10369);
#9747=STYLED_ITEM('',(#10869),#10370);
#9748=STYLED_ITEM('',(#10869),#10371);
#9749=STYLED_ITEM('',(#10869),#10372);
#9750=STYLED_ITEM('',(#10869),#10373);
#9751=STYLED_ITEM('',(#10869),#10374);
#9752=STYLED_ITEM('',(#10869),#10375);
#9753=STYLED_ITEM('',(#10869),#10376);
#9754=STYLED_ITEM('',(#10869),#10377);
#9755=STYLED_ITEM('',(#10869),#10378);
#9756=STYLED_ITEM('',(#10869),#10379);
#9757=STYLED_ITEM('',(#10869),#10380);
#9758=STYLED_ITEM('',(#10869),#10381);
#9759=STYLED_ITEM('',(#10869),#10382);
#9760=STYLED_ITEM('',(#10869),#10383);
#9761=STYLED_ITEM('',(#10869),#10384);
#9762=STYLED_ITEM('',(#10869),#10385);
#9763=STYLED_ITEM('',(#10869),#10386);
#9764=STYLED_ITEM('',(#10869),#10387);
#9765=STYLED_ITEM('',(#10869),#10388);
#9766=STYLED_ITEM('',(#10869),#10389);
#9767=STYLED_ITEM('',(#10869),#10390);
#9768=STYLED_ITEM('',(#10869),#10391);
#9769=STYLED_ITEM('',(#10869),#10392);
#9770=STYLED_ITEM('',(#10869),#10393);
#9771=STYLED_ITEM('',(#10869),#10394);
#9772=STYLED_ITEM('',(#10869),#10395);
#9773=STYLED_ITEM('',(#10869),#10396);
#9774=STYLED_ITEM('',(#10869),#10397);
#9775=STYLED_ITEM('',(#10869),#10398);
#9776=STYLED_ITEM('',(#10869),#10399);
#9777=STYLED_ITEM('',(#10869),#10400);
#9778=STYLED_ITEM('',(#10869),#10401);
#9779=STYLED_ITEM('',(#10869),#10402);
#9780=STYLED_ITEM('',(#10869),#10403);
#9781=STYLED_ITEM('',(#10869),#10404);
#9782=STYLED_ITEM('',(#10869),#10405);
#9783=STYLED_ITEM('',(#10869),#10406);
#9784=STYLED_ITEM('',(#10869),#10407);
#9785=STYLED_ITEM('',(#10869),#10408);
#9786=STYLED_ITEM('',(#10869),#10409);
#9787=STYLED_ITEM('',(#10869),#10410);
#9788=STYLED_ITEM('',(#10869),#10411);
#9789=STYLED_ITEM('',(#10869),#10412);
#9790=STYLED_ITEM('',(#10869),#10413);
#9791=STYLED_ITEM('',(#10869),#10414);
#9792=STYLED_ITEM('',(#10869),#10415);
#9793=STYLED_ITEM('',(#10869),#10416);
#9794=STYLED_ITEM('',(#10869),#10417);
#9795=STYLED_ITEM('',(#10869),#10418);
#9796=STYLED_ITEM('',(#10869),#10419);
#9797=STYLED_ITEM('',(#10869),#10420);
#9798=STYLED_ITEM('',(#10869),#10421);
#9799=STYLED_ITEM('',(#10869),#10422);
#9800=STYLED_ITEM('',(#10869),#10423);
#9801=STYLED_ITEM('',(#10869),#10424);
#9802=STYLED_ITEM('',(#10869),#10425);
#9803=STYLED_ITEM('',(#10869),#10426);
#9804=STYLED_ITEM('',(#10869),#10427);
#9805=STYLED_ITEM('',(#10869),#10428);
#9806=STYLED_ITEM('',(#10869),#10429);
#9807=STYLED_ITEM('',(#10869),#10430);
#9808=STYLED_ITEM('',(#10869),#10431);
#9809=STYLED_ITEM('',(#10869),#10432);
#9810=STYLED_ITEM('',(#10869),#10433);
#9811=STYLED_ITEM('',(#10869),#10434);
#9812=STYLED_ITEM('',(#10869),#10435);
#9813=STYLED_ITEM('',(#10869),#10436);
#9814=STYLED_ITEM('',(#10869),#10437);
#9815=STYLED_ITEM('',(#10869),#10438);
#9816=STYLED_ITEM('',(#10869),#10439);
#9817=STYLED_ITEM('',(#10869),#10440);
#9818=STYLED_ITEM('',(#10869),#10441);
#9819=STYLED_ITEM('',(#10869),#10442);
#9820=STYLED_ITEM('',(#10869),#10443);
#9821=STYLED_ITEM('',(#10869),#10444);
#9822=STYLED_ITEM('',(#10869),#10445);
#9823=STYLED_ITEM('',(#10869),#10446);
#9824=STYLED_ITEM('',(#10869),#10447);
#9825=STYLED_ITEM('',(#10869),#10448);
#9826=STYLED_ITEM('',(#10869),#10449);
#9827=STYLED_ITEM('',(#10869),#10450);
#9828=STYLED_ITEM('',(#10869),#10451);
#9829=STYLED_ITEM('',(#10869),#10452);
#9830=STYLED_ITEM('',(#10869),#10453);
#9831=STYLED_ITEM('',(#10869),#10454);
#9832=STYLED_ITEM('',(#10869),#10455);
#9833=STYLED_ITEM('',(#10869),#10456);
#9834=STYLED_ITEM('',(#10869),#10457);
#9835=STYLED_ITEM('',(#10869),#10458);
#9836=STYLED_ITEM('',(#10869),#10459);
#9837=STYLED_ITEM('',(#10869),#10460);
#9838=STYLED_ITEM('',(#10869),#10461);
#9839=STYLED_ITEM('',(#10869),#10462);
#9840=STYLED_ITEM('',(#10869),#10463);
#9841=STYLED_ITEM('',(#10869),#10464);
#9842=STYLED_ITEM('',(#10869),#10465);
#9843=STYLED_ITEM('',(#10869),#10466);
#9844=STYLED_ITEM('',(#10869),#10467);
#9845=STYLED_ITEM('',(#10869),#10468);
#9846=STYLED_ITEM('',(#10869),#10469);
#9847=STYLED_ITEM('',(#10869),#10470);
#9848=STYLED_ITEM('',(#10869),#10471);
#9849=STYLED_ITEM('',(#10869),#10472);
#9850=STYLED_ITEM('',(#10869),#10473);
#9851=STYLED_ITEM('',(#10869),#10474);
#9852=STYLED_ITEM('',(#10869),#10475);
#9853=STYLED_ITEM('',(#10869),#10476);
#9854=STYLED_ITEM('',(#10869),#10477);
#9855=STYLED_ITEM('',(#10869),#10478);
#9856=STYLED_ITEM('',(#10869),#10479);
#9857=STYLED_ITEM('',(#10869),#10480);
#9858=STYLED_ITEM('',(#10869),#10481);
#9859=STYLED_ITEM('',(#10869),#10482);
#9860=STYLED_ITEM('',(#10869),#10483);
#9861=STYLED_ITEM('',(#10869),#10484);
#9862=STYLED_ITEM('',(#10869),#10485);
#9863=STYLED_ITEM('',(#10869),#10486);
#9864=STYLED_ITEM('',(#10869),#10487);
#9865=STYLED_ITEM('',(#10869),#10488);
#9866=STYLED_ITEM('',(#10869),#10489);
#9867=STYLED_ITEM('',(#10869),#10490);
#9868=STYLED_ITEM('',(#10869),#10491);
#9869=STYLED_ITEM('',(#10869),#10492);
#9870=STYLED_ITEM('',(#10869),#10493);
#9871=STYLED_ITEM('',(#10869),#10494);
#9872=STYLED_ITEM('',(#10869),#10495);
#9873=STYLED_ITEM('',(#10869),#10496);
#9874=STYLED_ITEM('',(#10869),#10497);
#9875=STYLED_ITEM('',(#10869),#10498);
#9876=STYLED_ITEM('',(#10869),#10499);
#9877=STYLED_ITEM('',(#10869),#10500);
#9878=STYLED_ITEM('',(#10869),#10501);
#9879=STYLED_ITEM('',(#10869),#10502);
#9880=STYLED_ITEM('',(#10869),#10503);
#9881=STYLED_ITEM('',(#10869),#10504);
#9882=STYLED_ITEM('',(#10869),#10505);
#9883=STYLED_ITEM('',(#10869),#10506);
#9884=STYLED_ITEM('',(#10869),#10507);
#9885=STYLED_ITEM('',(#10869),#10508);
#9886=STYLED_ITEM('',(#10869),#10509);
#9887=STYLED_ITEM('',(#10869),#10510);
#9888=STYLED_ITEM('',(#10869),#10511);
#9889=STYLED_ITEM('',(#10869),#10512);
#9890=STYLED_ITEM('',(#10869),#10513);
#9891=STYLED_ITEM('',(#10869),#10514);
#9892=STYLED_ITEM('',(#10869),#10515);
#9893=STYLED_ITEM('',(#10869),#10516);
#9894=STYLED_ITEM('',(#10869),#10517);
#9895=STYLED_ITEM('',(#10869),#10518);
#9896=STYLED_ITEM('',(#10869),#10519);
#9897=STYLED_ITEM('',(#10869),#10520);
#9898=STYLED_ITEM('',(#10869),#10521);
#9899=STYLED_ITEM('',(#10869),#10522);
#9900=STYLED_ITEM('',(#10869),#10523);
#9901=STYLED_ITEM('',(#10869),#10524);
#9902=STYLED_ITEM('',(#10869),#10525);
#9903=STYLED_ITEM('',(#10869),#10526);
#9904=STYLED_ITEM('',(#10869),#10527);
#9905=STYLED_ITEM('',(#10869),#10528);
#9906=STYLED_ITEM('',(#10869),#10529);
#9907=STYLED_ITEM('',(#10869),#10530);
#9908=STYLED_ITEM('',(#10869),#10531);
#9909=STYLED_ITEM('',(#10869),#10532);
#9910=STYLED_ITEM('',(#10869),#10533);
#9911=STYLED_ITEM('',(#10869),#10534);
#9912=STYLED_ITEM('',(#10869),#10535);
#9913=STYLED_ITEM('',(#10869),#10536);
#9914=STYLED_ITEM('',(#10869),#10537);
#9915=STYLED_ITEM('',(#10869),#10538);
#9916=STYLED_ITEM('',(#10869),#10539);
#9917=STYLED_ITEM('',(#10869),#10540);
#9918=STYLED_ITEM('',(#10869),#10541);
#9919=STYLED_ITEM('',(#10869),#10542);
#9920=STYLED_ITEM('',(#10869),#10543);
#9921=STYLED_ITEM('',(#10869),#10544);
#9922=STYLED_ITEM('',(#10869),#10545);
#9923=STYLED_ITEM('',(#10869),#10546);
#9924=STYLED_ITEM('',(#10869),#10547);
#9925=STYLED_ITEM('',(#10869),#10548);
#9926=STYLED_ITEM('',(#10869),#10549);
#9927=STYLED_ITEM('',(#10869),#10550);
#9928=STYLED_ITEM('',(#10869),#10551);
#9929=STYLED_ITEM('',(#10869),#10552);
#9930=STYLED_ITEM('',(#10869),#10553);
#9931=STYLED_ITEM('',(#10869),#10554);
#9932=STYLED_ITEM('',(#10869),#10555);
#9933=STYLED_ITEM('',(#10869),#10556);
#9934=STYLED_ITEM('',(#10869),#10557);
#9935=STYLED_ITEM('',(#10869),#10558);
#9936=STYLED_ITEM('',(#10869),#10559);
#9937=STYLED_ITEM('',(#10869),#10560);
#9938=STYLED_ITEM('',(#10869),#10561);
#9939=STYLED_ITEM('',(#10869),#10562);
#9940=STYLED_ITEM('',(#10869),#10563);
#9941=STYLED_ITEM('',(#10869),#10564);
#9942=STYLED_ITEM('',(#10869),#10565);
#9943=STYLED_ITEM('',(#10869),#10566);
#9944=STYLED_ITEM('',(#10869),#10567);
#9945=STYLED_ITEM('',(#10869),#10568);
#9946=STYLED_ITEM('',(#10869),#10569);
#9947=STYLED_ITEM('',(#10869),#10570);
#9948=STYLED_ITEM('',(#10869),#10571);
#9949=STYLED_ITEM('',(#10869),#10572);
#9950=STYLED_ITEM('',(#10869),#10573);
#9951=STYLED_ITEM('',(#10869),#10574);
#9952=STYLED_ITEM('',(#10869),#10575);
#9953=STYLED_ITEM('',(#10869),#10576);
#9954=STYLED_ITEM('',(#10869),#10577);
#9955=STYLED_ITEM('',(#10869),#10578);
#9956=STYLED_ITEM('',(#10869),#10579);
#9957=STYLED_ITEM('',(#10869),#10580);
#9958=STYLED_ITEM('',(#10869),#10581);
#9959=STYLED_ITEM('',(#10869),#10582);
#9960=STYLED_ITEM('',(#10869),#10583);
#9961=STYLED_ITEM('',(#10869),#10584);
#9962=STYLED_ITEM('',(#10869),#10585);
#9963=STYLED_ITEM('',(#10869),#10586);
#9964=STYLED_ITEM('',(#10869),#10587);
#9965=STYLED_ITEM('',(#10869),#10588);
#9966=STYLED_ITEM('',(#10869),#10589);
#9967=STYLED_ITEM('',(#10869),#10590);
#9968=STYLED_ITEM('',(#10869),#10591);
#9969=STYLED_ITEM('',(#10869),#10592);
#9970=STYLED_ITEM('',(#10869),#10593);
#9971=STYLED_ITEM('',(#10869),#10594);
#9972=STYLED_ITEM('',(#10869),#10595);
#9973=STYLED_ITEM('',(#10869),#10596);
#9974=STYLED_ITEM('',(#10869),#10597);
#9975=STYLED_ITEM('',(#10869),#10598);
#9976=STYLED_ITEM('',(#10869),#10599);
#9977=STYLED_ITEM('',(#10869),#10600);
#9978=STYLED_ITEM('',(#10869),#10601);
#9979=STYLED_ITEM('',(#10869),#10602);
#9980=STYLED_ITEM('',(#10869),#10603);
#9981=STYLED_ITEM('',(#10869),#10604);
#9982=STYLED_ITEM('',(#10869),#10605);
#9983=STYLED_ITEM('',(#10869),#10606);
#9984=STYLED_ITEM('',(#10869),#10607);
#9985=STYLED_ITEM('',(#10869),#10608);
#9986=STYLED_ITEM('',(#10869),#10609);
#9987=STYLED_ITEM('',(#10869),#10610);
#9988=STYLED_ITEM('',(#10869),#10611);
#9989=STYLED_ITEM('',(#10869),#10612);
#9990=STYLED_ITEM('',(#10869),#10613);
#9991=STYLED_ITEM('',(#10869),#10614);
#9992=STYLED_ITEM('',(#10869),#10615);
#9993=STYLED_ITEM('',(#10869),#10616);
#9994=STYLED_ITEM('',(#10869),#10617);
#9995=STYLED_ITEM('',(#10869),#10618);
#9996=STYLED_ITEM('',(#10869),#10619);
#9997=STYLED_ITEM('',(#10869),#10620);
#9998=STYLED_ITEM('',(#10869),#10621);
#9999=STYLED_ITEM('',(#10869),#10622);
#10000=STYLED_ITEM('',(#10869),#10623);
#10001=STYLED_ITEM('',(#10869),#10624);
#10002=STYLED_ITEM('',(#10869),#10625);
#10003=STYLED_ITEM('',(#10869),#10626);
#10004=STYLED_ITEM('',(#10869),#10627);
#10005=STYLED_ITEM('',(#10869),#10628);
#10006=STYLED_ITEM('',(#10869),#10629);
#10007=STYLED_ITEM('',(#10869),#10630);
#10008=STYLED_ITEM('',(#10869),#10631);
#10009=STYLED_ITEM('',(#10869),#10632);
#10010=STYLED_ITEM('',(#10869),#10633);
#10011=STYLED_ITEM('',(#10869),#10634);
#10012=STYLED_ITEM('',(#10869),#10635);
#10013=STYLED_ITEM('',(#10869),#10636);
#10014=STYLED_ITEM('',(#10869),#10637);
#10015=STYLED_ITEM('',(#10869),#10638);
#10016=STYLED_ITEM('',(#10869),#10639);
#10017=STYLED_ITEM('',(#10869),#10640);
#10018=STYLED_ITEM('',(#10869),#10641);
#10019=STYLED_ITEM('',(#10869),#10642);
#10020=STYLED_ITEM('',(#10869),#10643);
#10021=STYLED_ITEM('',(#10869),#10644);
#10022=STYLED_ITEM('',(#10869),#10645);
#10023=STYLED_ITEM('',(#10869),#10646);
#10024=STYLED_ITEM('',(#10869),#10647);
#10025=STYLED_ITEM('',(#10869),#10648);
#10026=STYLED_ITEM('',(#10869),#10649);
#10027=STYLED_ITEM('',(#10869),#10650);
#10028=STYLED_ITEM('',(#10869),#10651);
#10029=STYLED_ITEM('',(#10869),#10652);
#10030=STYLED_ITEM('',(#10869),#10653);
#10031=STYLED_ITEM('',(#10869),#10654);
#10032=STYLED_ITEM('',(#10869),#10655);
#10033=STYLED_ITEM('',(#10869),#10656);
#10034=STYLED_ITEM('',(#10869),#10657);
#10035=STYLED_ITEM('',(#10869),#10658);
#10036=STYLED_ITEM('',(#10869),#10659);
#10037=STYLED_ITEM('',(#10869),#10660);
#10038=STYLED_ITEM('',(#10869),#10661);
#10039=STYLED_ITEM('',(#10869),#10662);
#10040=STYLED_ITEM('',(#10869),#10663);
#10041=STYLED_ITEM('',(#10869),#10664);
#10042=STYLED_ITEM('',(#10869),#10665);
#10043=STYLED_ITEM('',(#10869),#10666);
#10044=STYLED_ITEM('',(#10869),#10667);
#10045=STYLED_ITEM('',(#10869),#10668);
#10046=STYLED_ITEM('',(#10869),#10669);
#10047=STYLED_ITEM('',(#10869),#10670);
#10048=STYLED_ITEM('',(#10869),#10671);
#10049=STYLED_ITEM('',(#10869),#10672);
#10050=STYLED_ITEM('',(#10869),#10673);
#10051=STYLED_ITEM('',(#10869),#10674);
#10052=STYLED_ITEM('',(#10869),#10675);
#10053=STYLED_ITEM('',(#10869),#10676);
#10054=STYLED_ITEM('',(#10869),#10677);
#10055=STYLED_ITEM('',(#10869),#10678);
#10056=STYLED_ITEM('',(#10869),#10679);
#10057=STYLED_ITEM('',(#10869),#10680);
#10058=STYLED_ITEM('',(#10869),#10681);
#10059=STYLED_ITEM('',(#10869),#10682);
#10060=STYLED_ITEM('',(#10869),#10683);
#10061=STYLED_ITEM('',(#10869),#10684);
#10062=STYLED_ITEM('',(#10869),#10685);
#10063=STYLED_ITEM('',(#10869),#10686);
#10064=STYLED_ITEM('',(#10869),#10687);
#10065=STYLED_ITEM('',(#10869),#10688);
#10066=STYLED_ITEM('',(#10869),#10689);
#10067=STYLED_ITEM('',(#10869),#10690);
#10068=STYLED_ITEM('',(#10869),#10691);
#10069=STYLED_ITEM('',(#10869),#10692);
#10070=STYLED_ITEM('',(#10869),#10693);
#10071=STYLED_ITEM('',(#10869),#10694);
#10072=STYLED_ITEM('',(#10869),#10695);
#10073=STYLED_ITEM('',(#10869),#10696);
#10074=STYLED_ITEM('',(#10869),#10697);
#10075=STYLED_ITEM('',(#10869),#10698);
#10076=STYLED_ITEM('',(#10869),#10699);
#10077=STYLED_ITEM('',(#10869),#10700);
#10078=STYLED_ITEM('',(#10869),#10701);
#10079=STYLED_ITEM('',(#10869),#10702);
#10080=STYLED_ITEM('',(#10869),#10703);
#10081=STYLED_ITEM('',(#10869),#10704);
#10082=STYLED_ITEM('',(#10869),#10705);
#10083=STYLED_ITEM('',(#10869),#10706);
#10084=STYLED_ITEM('',(#10869),#10707);
#10085=STYLED_ITEM('',(#10869),#10708);
#10086=STYLED_ITEM('',(#10869),#10709);
#10087=STYLED_ITEM('',(#10869),#10710);
#10088=STYLED_ITEM('',(#10869),#10711);
#10089=STYLED_ITEM('',(#10869),#10712);
#10090=STYLED_ITEM('',(#10869),#10713);
#10091=STYLED_ITEM('',(#10869),#10714);
#10092=STYLED_ITEM('',(#10869),#10715);
#10093=STYLED_ITEM('',(#10869),#10716);
#10094=STYLED_ITEM('',(#10869),#10717);
#10095=STYLED_ITEM('',(#10869),#10718);
#10096=STYLED_ITEM('',(#10869),#10719);
#10097=STYLED_ITEM('',(#10869),#10720);
#10098=STYLED_ITEM('',(#10869),#10721);
#10099=STYLED_ITEM('',(#10869),#10722);
#10100=STYLED_ITEM('',(#10869),#10723);
#10101=STYLED_ITEM('',(#10869),#10724);
#10102=STYLED_ITEM('',(#10869),#10725);
#10103=STYLED_ITEM('',(#10869),#10726);
#10104=STYLED_ITEM('',(#10869),#10727);
#10105=STYLED_ITEM('',(#10869),#10728);
#10106=STYLED_ITEM('',(#10869),#10729);
#10107=STYLED_ITEM('',(#10869),#10730);
#10108=STYLED_ITEM('',(#10869),#10731);
#10109=STYLED_ITEM('',(#10869),#10732);
#10110=STYLED_ITEM('',(#10869),#10733);
#10111=STYLED_ITEM('',(#10869),#10734);
#10112=STYLED_ITEM('',(#10869),#10735);
#10113=STYLED_ITEM('',(#10869),#10736);
#10114=STYLED_ITEM('',(#10869),#10737);
#10115=STYLED_ITEM('',(#10869),#10738);
#10116=STYLED_ITEM('',(#10869),#10739);
#10117=STYLED_ITEM('',(#10869),#10740);
#10118=STYLED_ITEM('',(#10869),#10741);
#10119=STYLED_ITEM('',(#10869),#10742);
#10120=STYLED_ITEM('',(#10869),#10743);
#10121=STYLED_ITEM('',(#10869),#10744);
#10122=STYLED_ITEM('',(#10869),#10745);
#10123=STYLED_ITEM('',(#10869),#10746);
#10124=STYLED_ITEM('',(#10869),#10747);
#10125=STYLED_ITEM('',(#10869),#10748);
#10126=STYLED_ITEM('',(#10869),#10749);
#10127=STYLED_ITEM('',(#10869),#10750);
#10128=STYLED_ITEM('',(#10869),#10751);
#10129=STYLED_ITEM('',(#10869),#10752);
#10130=STYLED_ITEM('',(#10869),#10753);
#10131=STYLED_ITEM('',(#10869),#10754);
#10132=STYLED_ITEM('',(#10869),#10755);
#10133=STYLED_ITEM('',(#10869),#10756);
#10134=STYLED_ITEM('',(#10869),#10757);
#10135=STYLED_ITEM('',(#10869),#10758);
#10136=STYLED_ITEM('',(#10869),#10759);
#10137=STYLED_ITEM('',(#10869),#10760);
#10138=STYLED_ITEM('',(#10869),#10761);
#10139=STYLED_ITEM('',(#10869),#10762);
#10140=STYLED_ITEM('',(#10869),#10763);
#10141=STYLED_ITEM('',(#10869),#10764);
#10142=STYLED_ITEM('',(#10869),#10765);
#10143=STYLED_ITEM('',(#10869),#10766);
#10144=STYLED_ITEM('',(#10869),#10767);
#10145=STYLED_ITEM('',(#10869),#10768);
#10146=STYLED_ITEM('',(#10869),#10769);
#10147=STYLED_ITEM('',(#10869),#10770);
#10148=STYLED_ITEM('',(#10869),#10771);
#10149=STYLED_ITEM('',(#10866),#734);
#10150=STYLED_ITEM('',(#10866),#735);
#10151=STYLED_ITEM('',(#10866),#736);
#10152=STYLED_ITEM('',(#10866),#737);
#10153=STYLED_ITEM('',(#10866),#738);
#10154=STYLED_ITEM('',(#10866),#739);
#10155=STYLED_ITEM('',(#10866),#740);
#10156=STYLED_ITEM('',(#10866),#741);
#10157=STYLED_ITEM('',(#10866),#742);
#10158=STYLED_ITEM('',(#10866),#743);
#10159=STYLED_ITEM('',(#10866),#744);
#10160=STYLED_ITEM('',(#10866),#745);
#10161=STYLED_ITEM('',(#10866),#746);
#10162=STYLED_ITEM('',(#10866),#747);
#10163=STYLED_ITEM('',(#10866),#748);
#10164=STYLED_ITEM('',(#10866),#749);
#10165=STYLED_ITEM('',(#10866),#750);
#10166=STYLED_ITEM('',(#10866),#751);
#10167=STYLED_ITEM('',(#10866),#752);
#10168=STYLED_ITEM('',(#10866),#753);
#10169=STYLED_ITEM('',(#10866),#754);
#10170=STYLED_ITEM('',(#10866),#755);
#10171=STYLED_ITEM('',(#10866),#756);
#10172=STYLED_ITEM('',(#10866),#757);
#10173=STYLED_ITEM('',(#10866),#758);
#10174=STYLED_ITEM('',(#10866),#759);
#10175=STYLED_ITEM('',(#10866),#760);
#10176=STYLED_ITEM('',(#10866),#761);
#10177=STYLED_ITEM('',(#10866),#762);
#10178=STYLED_ITEM('',(#10866),#763);
#10179=ADVANCED_FACE('',(#764),#9149,.T.);
#10180=ADVANCED_FACE('',(#765),#9150,.T.);
#10181=ADVANCED_FACE('',(#766),#9151,.T.);
#10182=ADVANCED_FACE('',(#767),#9152,.T.);
#10183=ADVANCED_FACE('',(#768),#9153,.F.);
#10184=ADVANCED_FACE('',(#769),#9154,.T.);
#10185=ADVANCED_FACE('',(#770),#9155,.T.);
#10186=ADVANCED_FACE('',(#771),#9156,.T.);
#10187=ADVANCED_FACE('',(#772),#9157,.T.);
#10188=ADVANCED_FACE('',(#773),#9158,.T.);
#10189=ADVANCED_FACE('',(#774),#9159,.T.);
#10190=ADVANCED_FACE('',(#775),#9160,.T.);
#10191=ADVANCED_FACE('',(#776),#9161,.T.);
#10192=ADVANCED_FACE('',(#777),#9162,.T.);
#10193=ADVANCED_FACE('',(#778),#9163,.T.);
#10194=ADVANCED_FACE('',(#779),#9164,.T.);
#10195=ADVANCED_FACE('',(#780),#9165,.T.);
#10196=ADVANCED_FACE('',(#781),#9166,.F.);
#10197=ADVANCED_FACE('',(#782),#9167,.T.);
#10198=ADVANCED_FACE('',(#783),#9168,.T.);
#10199=ADVANCED_FACE('',(#784),#9169,.T.);
#10200=ADVANCED_FACE('',(#785),#9170,.T.);
#10201=ADVANCED_FACE('',(#786),#9171,.T.);
#10202=ADVANCED_FACE('',(#787),#9172,.F.);
#10203=ADVANCED_FACE('',(#788),#9173,.T.);
#10204=ADVANCED_FACE('',(#789),#9174,.T.);
#10205=ADVANCED_FACE('',(#790),#9175,.T.);
#10206=ADVANCED_FACE('',(#791),#9176,.T.);
#10207=ADVANCED_FACE('',(#792),#9177,.T.);
#10208=ADVANCED_FACE('',(#793),#9178,.F.);
#10209=ADVANCED_FACE('',(#794),#9179,.T.);
#10210=ADVANCED_FACE('',(#795),#9180,.T.);
#10211=ADVANCED_FACE('',(#796),#9181,.T.);
#10212=ADVANCED_FACE('',(#797),#9182,.T.);
#10213=ADVANCED_FACE('',(#798),#9183,.T.);
#10214=ADVANCED_FACE('',(#799),#9184,.F.);
#10215=ADVANCED_FACE('',(#800),#9185,.T.);
#10216=ADVANCED_FACE('',(#801),#9186,.T.);
#10217=ADVANCED_FACE('',(#802),#9187,.T.);
#10218=ADVANCED_FACE('',(#803),#9188,.T.);
#10219=ADVANCED_FACE('',(#804),#9189,.F.);
#10220=ADVANCED_FACE('',(#805),#9190,.T.);
#10221=ADVANCED_FACE('',(#806),#9191,.T.);
#10222=ADVANCED_FACE('',(#807),#9192,.T.);
#10223=ADVANCED_FACE('',(#808),#9193,.T.);
#10224=ADVANCED_FACE('',(#809),#9194,.T.);
#10225=ADVANCED_FACE('',(#810),#9195,.F.);
#10226=ADVANCED_FACE('',(#811),#9196,.T.);
#10227=ADVANCED_FACE('',(#812),#9197,.T.);
#10228=ADVANCED_FACE('',(#813),#9198,.T.);
#10229=ADVANCED_FACE('',(#814),#9199,.T.);
#10230=ADVANCED_FACE('',(#815),#9200,.T.);
#10231=ADVANCED_FACE('',(#816),#9201,.F.);
#10232=ADVANCED_FACE('',(#817),#9202,.T.);
#10233=ADVANCED_FACE('',(#818),#9203,.T.);
#10234=ADVANCED_FACE('',(#819),#9204,.T.);
#10235=ADVANCED_FACE('',(#820),#9205,.T.);
#10236=ADVANCED_FACE('',(#821),#9206,.T.);
#10237=ADVANCED_FACE('',(#822),#9207,.F.);
#10238=ADVANCED_FACE('',(#823),#9208,.T.);
#10239=ADVANCED_FACE('',(#824),#9209,.T.);
#10240=ADVANCED_FACE('',(#825),#9210,.T.);
#10241=ADVANCED_FACE('',(#826),#9211,.T.);
#10242=ADVANCED_FACE('',(#827),#9212,.T.);
#10243=ADVANCED_FACE('',(#828),#9213,.F.);
#10244=ADVANCED_FACE('',(#829),#9214,.T.);
#10245=ADVANCED_FACE('',(#830),#9215,.T.);
#10246=ADVANCED_FACE('',(#831),#9216,.T.);
#10247=ADVANCED_FACE('',(#832),#9217,.T.);
#10248=ADVANCED_FACE('',(#833),#9218,.T.);
#10249=ADVANCED_FACE('',(#834),#9219,.F.);
#10250=ADVANCED_FACE('',(#835),#9220,.T.);
#10251=ADVANCED_FACE('',(#836),#9221,.T.);
#10252=ADVANCED_FACE('',(#837),#9222,.T.);
#10253=ADVANCED_FACE('',(#838),#9223,.T.);
#10254=ADVANCED_FACE('',(#839),#9224,.T.);
#10255=ADVANCED_FACE('',(#840),#9225,.F.);
#10256=ADVANCED_FACE('',(#841),#9226,.T.);
#10257=ADVANCED_FACE('',(#842),#9227,.T.);
#10258=ADVANCED_FACE('',(#843),#9228,.T.);
#10259=ADVANCED_FACE('',(#844),#9229,.T.);
#10260=ADVANCED_FACE('',(#845),#9230,.T.);
#10261=ADVANCED_FACE('',(#846),#9231,.T.);
#10262=ADVANCED_FACE('',(#847),#9232,.F.);
#10263=ADVANCED_FACE('',(#848),#9233,.T.);
#10264=ADVANCED_FACE('',(#849),#9234,.T.);
#10265=ADVANCED_FACE('',(#850),#9235,.T.);
#10266=ADVANCED_FACE('',(#851),#9236,.T.);
#10267=ADVANCED_FACE('',(#852),#9237,.T.);
#10268=ADVANCED_FACE('',(#853),#9238,.F.);
#10269=ADVANCED_FACE('',(#854),#9239,.T.);
#10270=ADVANCED_FACE('',(#855),#9240,.T.);
#10271=ADVANCED_FACE('',(#856),#9241,.T.);
#10272=ADVANCED_FACE('',(#857),#9242,.T.);
#10273=ADVANCED_FACE('',(#858),#9243,.T.);
#10274=ADVANCED_FACE('',(#859),#9244,.F.);
#10275=ADVANCED_FACE('',(#860),#9245,.T.);
#10276=ADVANCED_FACE('',(#861),#9246,.T.);
#10277=ADVANCED_FACE('',(#862),#9247,.T.);
#10278=ADVANCED_FACE('',(#863),#9248,.T.);
#10279=ADVANCED_FACE('',(#864),#9249,.F.);
#10280=ADVANCED_FACE('',(#865),#9250,.T.);
#10281=ADVANCED_FACE('',(#866),#9251,.T.);
#10282=ADVANCED_FACE('',(#867),#9252,.T.);
#10283=ADVANCED_FACE('',(#868),#9253,.T.);
#10284=ADVANCED_FACE('',(#869),#9254,.T.);
#10285=ADVANCED_FACE('',(#870),#9255,.T.);
#10286=ADVANCED_FACE('',(#871),#9256,.F.);
#10287=ADVANCED_FACE('',(#872),#9257,.T.);
#10288=ADVANCED_FACE('',(#873),#9258,.T.);
#10289=ADVANCED_FACE('',(#874),#9259,.T.);
#10290=ADVANCED_FACE('',(#875),#9260,.T.);
#10291=ADVANCED_FACE('',(#876),#9261,.T.);
#10292=ADVANCED_FACE('',(#877),#9262,.F.);
#10293=ADVANCED_FACE('',(#878),#9263,.T.);
#10294=ADVANCED_FACE('',(#879),#9264,.T.);
#10295=ADVANCED_FACE('',(#880),#9265,.T.);
#10296=ADVANCED_FACE('',(#881),#9266,.T.);
#10297=ADVANCED_FACE('',(#882),#9267,.T.);
#10298=ADVANCED_FACE('',(#883),#9268,.F.);
#10299=ADVANCED_FACE('',(#884),#9269,.T.);
#10300=ADVANCED_FACE('',(#885),#9270,.T.);
#10301=ADVANCED_FACE('',(#886),#9271,.T.);
#10302=ADVANCED_FACE('',(#887),#9272,.T.);
#10303=ADVANCED_FACE('',(#888),#9273,.F.);
#10304=ADVANCED_FACE('',(#889),#9274,.T.);
#10305=ADVANCED_FACE('',(#890),#9275,.T.);
#10306=ADVANCED_FACE('',(#891),#9276,.T.);
#10307=ADVANCED_FACE('',(#892),#9277,.T.);
#10308=ADVANCED_FACE('',(#893),#9278,.T.);
#10309=ADVANCED_FACE('',(#894),#9279,.F.);
#10310=ADVANCED_FACE('',(#895),#9280,.T.);
#10311=ADVANCED_FACE('',(#896),#9281,.T.);
#10312=ADVANCED_FACE('',(#897),#9282,.T.);
#10313=ADVANCED_FACE('',(#898),#9283,.T.);
#10314=ADVANCED_FACE('',(#899),#9284,.T.);
#10315=ADVANCED_FACE('',(#900),#9285,.F.);
#10316=ADVANCED_FACE('',(#901),#9286,.T.);
#10317=ADVANCED_FACE('',(#902),#9287,.T.);
#10318=ADVANCED_FACE('',(#903),#9288,.T.);
#10319=ADVANCED_FACE('',(#904),#9289,.T.);
#10320=ADVANCED_FACE('',(#905),#9290,.T.);
#10321=ADVANCED_FACE('',(#906),#9291,.F.);
#10322=ADVANCED_FACE('',(#907),#9292,.T.);
#10323=ADVANCED_FACE('',(#908),#9293,.T.);
#10324=ADVANCED_FACE('',(#909),#9294,.T.);
#10325=ADVANCED_FACE('',(#910),#9295,.T.);
#10326=ADVANCED_FACE('',(#911),#9296,.T.);
#10327=ADVANCED_FACE('',(#912),#9297,.F.);
#10328=ADVANCED_FACE('',(#913),#9298,.T.);
#10329=ADVANCED_FACE('',(#914),#9299,.T.);
#10330=ADVANCED_FACE('',(#915),#9300,.T.);
#10331=ADVANCED_FACE('',(#916),#9301,.T.);
#10332=ADVANCED_FACE('',(#917),#9302,.T.);
#10333=ADVANCED_FACE('',(#918),#9303,.T.);
#10334=ADVANCED_FACE('',(#919),#9304,.F.);
#10335=ADVANCED_FACE('',(#920),#9305,.T.);
#10336=ADVANCED_FACE('',(#921),#9306,.T.);
#10337=ADVANCED_FACE('',(#922),#9307,.T.);
#10338=ADVANCED_FACE('',(#923),#9308,.T.);
#10339=ADVANCED_FACE('',(#924),#9309,.F.);
#10340=ADVANCED_FACE('',(#925),#9310,.T.);
#10341=ADVANCED_FACE('',(#926),#9311,.T.);
#10342=ADVANCED_FACE('',(#927),#9312,.T.);
#10343=ADVANCED_FACE('',(#928),#9313,.T.);
#10344=ADVANCED_FACE('',(#929),#9314,.T.);
#10345=ADVANCED_FACE('',(#930),#9315,.T.);
#10346=ADVANCED_FACE('',(#931),#9316,.F.);
#10347=ADVANCED_FACE('',(#932),#9317,.T.);
#10348=ADVANCED_FACE('',(#933),#9318,.T.);
#10349=ADVANCED_FACE('',(#934),#9319,.T.);
#10350=ADVANCED_FACE('',(#935),#9320,.T.);
#10351=ADVANCED_FACE('',(#936),#9321,.F.);
#10352=ADVANCED_FACE('',(#937),#9322,.T.);
#10353=ADVANCED_FACE('',(#938),#9323,.T.);
#10354=ADVANCED_FACE('',(#939),#9324,.T.);
#10355=ADVANCED_FACE('',(#940),#9325,.T.);
#10356=ADVANCED_FACE('',(#941),#9326,.T.);
#10357=ADVANCED_FACE('',(#942),#9327,.T.);
#10358=ADVANCED_FACE('',(#943),#9328,.F.);
#10359=ADVANCED_FACE('',(#944),#9329,.T.);
#10360=ADVANCED_FACE('',(#945),#9330,.T.);
#10361=ADVANCED_FACE('',(#946),#9331,.T.);
#10362=ADVANCED_FACE('',(#947),#9332,.T.);
#10363=ADVANCED_FACE('',(#948),#9333,.F.);
#10364=ADVANCED_FACE('',(#949),#9334,.T.);
#10365=ADVANCED_FACE('',(#950),#9335,.T.);
#10366=ADVANCED_FACE('',(#951),#483,.T.);
#10367=ADVANCED_FACE('',(#952),#484,.T.);
#10368=ADVANCED_FACE('',(#953),#9336,.T.);
#10369=ADVANCED_FACE('',(#954),#485,.T.);
#10370=ADVANCED_FACE('',(#955),#486,.T.);
#10371=ADVANCED_FACE('',(#956),#487,.T.);
#10372=ADVANCED_FACE('',(#957),#9337,.T.);
#10373=ADVANCED_FACE('',(#958),#9338,.T.);
#10374=ADVANCED_FACE('',(#959),#9339,.T.);
#10375=ADVANCED_FACE('',(#960),#9340,.T.);
#10376=ADVANCED_FACE('',(#961),#9341,.F.);
#10377=ADVANCED_FACE('',(#962),#9342,.T.);
#10378=ADVANCED_FACE('',(#963),#488,.F.);
#10379=ADVANCED_FACE('',(#964),#489,.F.);
#10380=ADVANCED_FACE('',(#965),#490,.F.);
#10381=ADVANCED_FACE('',(#966),#491,.F.);
#10382=ADVANCED_FACE('',(#967),#492,.T.);
#10383=ADVANCED_FACE('',(#968),#493,.T.);
#10384=ADVANCED_FACE('',(#969),#494,.T.);
#10385=ADVANCED_FACE('',(#970),#495,.T.);
#10386=ADVANCED_FACE('',(#971),#496,.T.);
#10387=ADVANCED_FACE('',(#972),#497,.T.);
#10388=ADVANCED_FACE('',(#973,#30),#9343,.F.);
#10389=ADVANCED_FACE('',(#974,#31),#9344,.T.);
#10390=ADVANCED_FACE('',(#975),#9345,.T.);
#10391=ADVANCED_FACE('',(#976),#498,.T.);
#10392=ADVANCED_FACE('',(#977),#499,.T.);
#10393=ADVANCED_FACE('',(#978),#9346,.T.);
#10394=ADVANCED_FACE('',(#979),#500,.T.);
#10395=ADVANCED_FACE('',(#980),#501,.T.);
#10396=ADVANCED_FACE('',(#981),#502,.T.);
#10397=ADVANCED_FACE('',(#982),#9347,.T.);
#10398=ADVANCED_FACE('',(#983),#9348,.T.);
#10399=ADVANCED_FACE('',(#984),#9349,.T.);
#10400=ADVANCED_FACE('',(#985),#9350,.T.);
#10401=ADVANCED_FACE('',(#986),#9351,.F.);
#10402=ADVANCED_FACE('',(#987),#9352,.T.);
#10403=ADVANCED_FACE('',(#988),#503,.F.);
#10404=ADVANCED_FACE('',(#989),#504,.F.);
#10405=ADVANCED_FACE('',(#990),#505,.F.);
#10406=ADVANCED_FACE('',(#991),#506,.F.);
#10407=ADVANCED_FACE('',(#992),#507,.T.);
#10408=ADVANCED_FACE('',(#993),#508,.T.);
#10409=ADVANCED_FACE('',(#994),#509,.T.);
#10410=ADVANCED_FACE('',(#995),#510,.T.);
#10411=ADVANCED_FACE('',(#996),#511,.T.);
#10412=ADVANCED_FACE('',(#997),#512,.T.);
#10413=ADVANCED_FACE('',(#998,#32),#9353,.F.);
#10414=ADVANCED_FACE('',(#999,#33),#9354,.T.);
#10415=ADVANCED_FACE('',(#1000),#513,.F.);
#10416=ADVANCED_FACE('',(#1001),#514,.F.);
#10417=ADVANCED_FACE('',(#1002),#515,.F.);
#10418=ADVANCED_FACE('',(#1003),#516,.F.);
#10419=ADVANCED_FACE('',(#1004),#9355,.T.);
#10420=ADVANCED_FACE('',(#1005),#517,.T.);
#10421=ADVANCED_FACE('',(#1006),#518,.T.);
#10422=ADVANCED_FACE('',(#1007),#519,.T.);
#10423=ADVANCED_FACE('',(#1008),#520,.T.);
#10424=ADVANCED_FACE('',(#1009),#521,.T.);
#10425=ADVANCED_FACE('',(#1010),#9356,.T.);
#10426=ADVANCED_FACE('',(#1011),#9357,.T.);
#10427=ADVANCED_FACE('',(#1012),#9358,.T.);
#10428=ADVANCED_FACE('',(#1013),#9359,.T.);
#10429=ADVANCED_FACE('',(#1014,#34),#9360,.F.);
#10430=ADVANCED_FACE('',(#1015,#35),#9361,.T.);
#10431=ADVANCED_FACE('',(#1016),#9362,.F.);
#10432=ADVANCED_FACE('',(#1017),#522,.F.);
#10433=ADVANCED_FACE('',(#1018),#523,.F.);
#10434=ADVANCED_FACE('',(#1019),#524,.F.);
#10435=ADVANCED_FACE('',(#1020),#525,.F.);
#10436=ADVANCED_FACE('',(#1021),#526,.F.);
#10437=ADVANCED_FACE('',(#1022),#527,.T.);
#10438=ADVANCED_FACE('',(#1023),#528,.T.);
#10439=ADVANCED_FACE('',(#1024),#529,.T.);
#10440=ADVANCED_FACE('',(#1025),#530,.T.);
#10441=ADVANCED_FACE('',(#1026),#9363,.T.);
#10442=ADVANCED_FACE('',(#1027),#531,.T.);
#10443=ADVANCED_FACE('',(#1028),#9364,.T.);
#10444=ADVANCED_FACE('',(#1029),#532,.T.);
#10445=ADVANCED_FACE('',(#1030),#533,.T.);
#10446=ADVANCED_FACE('',(#1031),#534,.T.);
#10447=ADVANCED_FACE('',(#1032),#535,.T.);
#10448=ADVANCED_FACE('',(#1033),#536,.T.);
#10449=ADVANCED_FACE('',(#1034),#537,.T.);
#10450=ADVANCED_FACE('',(#1035),#538,.T.);
#10451=ADVANCED_FACE('',(#1036),#539,.T.);
#10452=ADVANCED_FACE('',(#1037),#540,.T.);
#10453=ADVANCED_FACE('',(#1038),#541,.T.);
#10454=ADVANCED_FACE('',(#1039),#9365,.T.);
#10455=ADVANCED_FACE('',(#1040,#36),#9366,.F.);
#10456=ADVANCED_FACE('',(#1041,#37),#9367,.T.);
#10457=ADVANCED_FACE('',(#1042),#9368,.T.);
#10458=ADVANCED_FACE('',(#1043),#9369,.T.);
#10459=ADVANCED_FACE('',(#1044),#9370,.T.);
#10460=ADVANCED_FACE('',(#1045),#9371,.T.);
#10461=ADVANCED_FACE('',(#1046),#542,.T.);
#10462=ADVANCED_FACE('',(#1047),#543,.T.);
#10463=ADVANCED_FACE('',(#1048),#544,.T.);
#10464=ADVANCED_FACE('',(#1049),#9372,.T.);
#10465=ADVANCED_FACE('',(#1050),#545,.T.);
#10466=ADVANCED_FACE('',(#1051),#546,.T.);
#10467=ADVANCED_FACE('',(#1052),#9373,.T.);
#10468=ADVANCED_FACE('',(#1053),#9374,.T.);
#10469=ADVANCED_FACE('',(#1054),#9375,.T.);
#10470=ADVANCED_FACE('',(#1055),#9376,.T.);
#10471=ADVANCED_FACE('',(#1056),#9377,.T.);
#10472=ADVANCED_FACE('',(#1057),#9378,.T.);
#10473=ADVANCED_FACE('',(#1058),#9379,.T.);
#10474=ADVANCED_FACE('',(#1059),#9380,.F.);
#10475=ADVANCED_FACE('',(#1060),#9381,.T.);
#10476=ADVANCED_FACE('',(#1061),#9382,.T.);
#10477=ADVANCED_FACE('',(#1062),#547,.T.);
#10478=ADVANCED_FACE('',(#1063),#548,.T.);
#10479=ADVANCED_FACE('',(#1064),#9383,.T.);
#10480=ADVANCED_FACE('',(#1065),#549,.T.);
#10481=ADVANCED_FACE('',(#1066),#550,.T.);
#10482=ADVANCED_FACE('',(#1067),#551,.T.);
#10483=ADVANCED_FACE('',(#1068),#9384,.T.);
#10484=ADVANCED_FACE('',(#1069),#9385,.T.);
#10485=ADVANCED_FACE('',(#1070),#9386,.T.);
#10486=ADVANCED_FACE('',(#1071),#9387,.T.);
#10487=ADVANCED_FACE('',(#1072),#9388,.F.);
#10488=ADVANCED_FACE('',(#1073),#9389,.T.);
#10489=ADVANCED_FACE('',(#1074),#9390,.T.);
#10490=ADVANCED_FACE('',(#1075),#9391,.T.);
#10491=ADVANCED_FACE('',(#1076),#9392,.T.);
#10492=ADVANCED_FACE('',(#1077),#9393,.T.);
#10493=ADVANCED_FACE('',(#1078),#9394,.F.);
#10494=ADVANCED_FACE('',(#1079),#9395,.T.);
#10495=ADVANCED_FACE('',(#1080),#9396,.T.);
#10496=ADVANCED_FACE('',(#1081),#9397,.T.);
#10497=ADVANCED_FACE('',(#1082),#9398,.T.);
#10498=ADVANCED_FACE('',(#1083),#9399,.T.);
#10499=ADVANCED_FACE('',(#1084),#9400,.F.);
#10500=ADVANCED_FACE('',(#1085),#9401,.T.);
#10501=ADVANCED_FACE('',(#1086),#9402,.T.);
#10502=ADVANCED_FACE('',(#1087),#9403,.T.);
#10503=ADVANCED_FACE('',(#1088),#9404,.T.);
#10504=ADVANCED_FACE('',(#1089),#9405,.T.);
#10505=ADVANCED_FACE('',(#1090),#9406,.T.);
#10506=ADVANCED_FACE('',(#1091),#9407,.T.);
#10507=ADVANCED_FACE('',(#1092),#9408,.T.);
#10508=ADVANCED_FACE('',(#1093),#9409,.T.);
#10509=ADVANCED_FACE('',(#1094),#9410,.T.);
#10510=ADVANCED_FACE('',(#1095),#9411,.T.);
#10511=ADVANCED_FACE('',(#1096),#9412,.T.);
#10512=ADVANCED_FACE('',(#1097),#9413,.T.);
#10513=ADVANCED_FACE('',(#1098),#9414,.F.);
#10514=ADVANCED_FACE('',(#1099),#9415,.T.);
#10515=ADVANCED_FACE('',(#1100),#552,.F.);
#10516=ADVANCED_FACE('',(#1101),#553,.F.);
#10517=ADVANCED_FACE('',(#1102),#554,.F.);
#10518=ADVANCED_FACE('',(#1103),#555,.F.);
#10519=ADVANCED_FACE('',(#1104),#556,.F.);
#10520=ADVANCED_FACE('',(#1105),#557,.F.);
#10521=ADVANCED_FACE('',(#1106),#558,.F.);
#10522=ADVANCED_FACE('',(#1107),#559,.F.);
#10523=ADVANCED_FACE('',(#1108),#560,.T.);
#10524=ADVANCED_FACE('',(#1109),#561,.T.);
#10525=ADVANCED_FACE('',(#1110),#562,.T.);
#10526=ADVANCED_FACE('',(#1111),#563,.T.);
#10527=ADVANCED_FACE('',(#1112),#564,.T.);
#10528=ADVANCED_FACE('',(#1113),#565,.T.);
#10529=ADVANCED_FACE('',(#1114),#566,.T.);
#10530=ADVANCED_FACE('',(#1115),#567,.T.);
#10531=ADVANCED_FACE('',(#1116),#568,.T.);
#10532=ADVANCED_FACE('',(#1117),#569,.T.);
#10533=ADVANCED_FACE('',(#1118),#570,.T.);
#10534=ADVANCED_FACE('',(#1119,#38,#39),#9416,.F.);
#10535=ADVANCED_FACE('',(#1120,#40,#41),#9417,.T.);
#10536=ADVANCED_FACE('',(#1121),#571,.F.);
#10537=ADVANCED_FACE('',(#1122),#572,.F.);
#10538=ADVANCED_FACE('',(#1123),#573,.F.);
#10539=ADVANCED_FACE('',(#1124),#574,.F.);
#10540=ADVANCED_FACE('',(#1125),#575,.T.);
#10541=ADVANCED_FACE('',(#1126),#576,.T.);
#10542=ADVANCED_FACE('',(#1127),#577,.T.);
#10543=ADVANCED_FACE('',(#1128),#578,.T.);
#10544=ADVANCED_FACE('',(#1129),#579,.T.);
#10545=ADVANCED_FACE('',(#1130),#580,.T.);
#10546=ADVANCED_FACE('',(#1131,#42),#9418,.F.);
#10547=ADVANCED_FACE('',(#1132,#43),#9419,.T.);
#10548=ADVANCED_FACE('',(#1133),#581,.F.);
#10549=ADVANCED_FACE('',(#1134),#582,.F.);
#10550=ADVANCED_FACE('',(#1135),#583,.F.);
#10551=ADVANCED_FACE('',(#1136),#584,.F.);
#10552=ADVANCED_FACE('',(#1137),#585,.T.);
#10553=ADVANCED_FACE('',(#1138),#586,.T.);
#10554=ADVANCED_FACE('',(#1139),#587,.T.);
#10555=ADVANCED_FACE('',(#1140),#588,.T.);
#10556=ADVANCED_FACE('',(#1141,#44),#9420,.F.);
#10557=ADVANCED_FACE('',(#1142,#45),#9421,.T.);
#10558=ADVANCED_FACE('',(#1143),#9422,.F.);
#10559=ADVANCED_FACE('',(#1144),#9423,.F.);
#10560=ADVANCED_FACE('',(#1145),#589,.F.);
#10561=ADVANCED_FACE('',(#1146),#590,.F.);
#10562=ADVANCED_FACE('',(#1147),#9424,.F.);
#10563=ADVANCED_FACE('',(#1148),#9425,.F.);
#10564=ADVANCED_FACE('',(#1149),#9426,.F.);
#10565=ADVANCED_FACE('',(#1150),#591,.F.);
#10566=ADVANCED_FACE('',(#1151),#592,.F.);
#10567=ADVANCED_FACE('',(#1152),#9427,.F.);
#10568=ADVANCED_FACE('',(#1153),#593,.T.);
#10569=ADVANCED_FACE('',(#1154),#594,.T.);
#10570=ADVANCED_FACE('',(#1155),#595,.T.);
#10571=ADVANCED_FACE('',(#1156),#596,.T.);
#10572=ADVANCED_FACE('',(#1157),#597,.T.);
#10573=ADVANCED_FACE('',(#1158),#598,.T.);
#10574=ADVANCED_FACE('',(#1159),#599,.T.);
#10575=ADVANCED_FACE('',(#1160),#9428,.T.);
#10576=ADVANCED_FACE('',(#1161),#9429,.T.);
#10577=ADVANCED_FACE('',(#1162),#9430,.T.);
#10578=ADVANCED_FACE('',(#1163,#46,#47),#9431,.F.);
#10579=ADVANCED_FACE('',(#1164,#48,#49),#9432,.T.);
#10580=ADVANCED_FACE('',(#1165,#50),#25,.T.);
#10581=ADVANCED_FACE('',(#1166),#9433,.F.);
#10582=ADVANCED_FACE('',(#1167),#9434,.T.);
#10583=ADVANCED_FACE('',(#1168),#9435,.T.);
#10584=ADVANCED_FACE('',(#1169),#9436,.T.);
#10585=ADVANCED_FACE('',(#1170),#9437,.T.);
#10586=ADVANCED_FACE('',(#1171),#9438,.T.);
#10587=ADVANCED_FACE('',(#1172),#9439,.T.);
#10588=ADVANCED_FACE('',(#1173),#9440,.T.);
#10589=ADVANCED_FACE('',(#1174),#9441,.T.);
#10590=ADVANCED_FACE('',(#1175),#9442,.T.);
#10591=ADVANCED_FACE('',(#1176),#9443,.T.);
#10592=ADVANCED_FACE('',(#1177),#9444,.T.);
#10593=ADVANCED_FACE('',(#1178),#9445,.F.);
#10594=ADVANCED_FACE('',(#1179),#9446,.T.);
#10595=ADVANCED_FACE('',(#1180),#9447,.T.);
#10596=ADVANCED_FACE('',(#1181),#9448,.T.);
#10597=ADVANCED_FACE('',(#1182),#9449,.T.);
#10598=ADVANCED_FACE('',(#1183),#600,.T.);
#10599=ADVANCED_FACE('',(#1184),#601,.T.);
#10600=ADVANCED_FACE('',(#1185),#602,.T.);
#10601=ADVANCED_FACE('',(#1186),#603,.T.);
#10602=ADVANCED_FACE('',(#1187),#9450,.T.);
#10603=ADVANCED_FACE('',(#1188),#604,.T.);
#10604=ADVANCED_FACE('',(#1189),#605,.T.);
#10605=ADVANCED_FACE('',(#1190),#606,.T.);
#10606=ADVANCED_FACE('',(#1191),#607,.T.);
#10607=ADVANCED_FACE('',(#1192),#608,.T.);
#10608=ADVANCED_FACE('',(#1193),#9451,.T.);
#10609=ADVANCED_FACE('',(#1194),#9452,.T.);
#10610=ADVANCED_FACE('',(#1195),#9453,.T.);
#10611=ADVANCED_FACE('',(#1196),#9454,.F.);
#10612=ADVANCED_FACE('',(#1197),#9455,.T.);
#10613=ADVANCED_FACE('',(#1198),#9456,.T.);
#10614=ADVANCED_FACE('',(#1199),#9457,.T.);
#10615=ADVANCED_FACE('',(#1200),#9458,.T.);
#10616=ADVANCED_FACE('',(#1201),#9459,.T.);
#10617=ADVANCED_FACE('',(#1202),#9460,.F.);
#10618=ADVANCED_FACE('',(#1203),#9461,.T.);
#10619=ADVANCED_FACE('',(#1204),#9462,.T.);
#10620=ADVANCED_FACE('',(#1205),#9463,.T.);
#10621=ADVANCED_FACE('',(#1206),#9464,.T.);
#10622=ADVANCED_FACE('',(#1207),#9465,.T.);
#10623=ADVANCED_FACE('',(#1208),#9466,.F.);
#10624=ADVANCED_FACE('',(#1209),#9467,.T.);
#10625=ADVANCED_FACE('',(#1210),#609,.T.);
#10626=ADVANCED_FACE('',(#1211),#610,.T.);
#10627=ADVANCED_FACE('',(#1212),#611,.T.);
#10628=ADVANCED_FACE('',(#1213),#612,.T.);
#10629=ADVANCED_FACE('',(#1214),#613,.T.);
#10630=ADVANCED_FACE('',(#1215),#614,.T.);
#10631=ADVANCED_FACE('',(#1216),#9468,.T.);
#10632=ADVANCED_FACE('',(#1217),#615,.T.);
#10633=ADVANCED_FACE('',(#1218),#616,.T.);
#10634=ADVANCED_FACE('',(#1219),#617,.T.);
#10635=ADVANCED_FACE('',(#1220),#618,.T.);
#10636=ADVANCED_FACE('',(#1221),#9469,.T.);
#10637=ADVANCED_FACE('',(#1222),#9470,.F.);
#10638=ADVANCED_FACE('',(#1223),#9471,.T.);
#10639=ADVANCED_FACE('',(#1224),#9472,.F.);
#10640=ADVANCED_FACE('',(#1225),#619,.F.);
#10641=ADVANCED_FACE('',(#1226),#620,.F.);
#10642=ADVANCED_FACE('',(#1227),#621,.F.);
#10643=ADVANCED_FACE('',(#1228),#622,.T.);
#10644=ADVANCED_FACE('',(#1229),#623,.T.);
#10645=ADVANCED_FACE('',(#1230),#624,.T.);
#10646=ADVANCED_FACE('',(#1231),#625,.T.);
#10647=ADVANCED_FACE('',(#1232),#9473,.T.);
#10648=ADVANCED_FACE('',(#1233),#626,.T.);
#10649=ADVANCED_FACE('',(#1234),#627,.T.);
#10650=ADVANCED_FACE('',(#1235),#628,.T.);
#10651=ADVANCED_FACE('',(#1236),#629,.T.);
#10652=ADVANCED_FACE('',(#1237),#9474,.T.);
#10653=ADVANCED_FACE('',(#1238),#9475,.T.);
#10654=ADVANCED_FACE('',(#1239,#51),#9476,.F.);
#10655=ADVANCED_FACE('',(#1240,#52),#9477,.T.);
#10656=ADVANCED_FACE('',(#1241),#630,.T.);
#10657=ADVANCED_FACE('',(#1242),#631,.T.);
#10658=ADVANCED_FACE('',(#1243),#632,.T.);
#10659=ADVANCED_FACE('',(#1244),#633,.T.);
#10660=ADVANCED_FACE('',(#1245),#634,.T.);
#10661=ADVANCED_FACE('',(#1246),#635,.T.);
#10662=ADVANCED_FACE('',(#1247),#636,.T.);
#10663=ADVANCED_FACE('',(#1248),#637,.T.);
#10664=ADVANCED_FACE('',(#1249),#9478,.T.);
#10665=ADVANCED_FACE('',(#1250),#638,.T.);
#10666=ADVANCED_FACE('',(#1251),#639,.T.);
#10667=ADVANCED_FACE('',(#1252),#640,.T.);
#10668=ADVANCED_FACE('',(#1253),#641,.T.);
#10669=ADVANCED_FACE('',(#1254),#642,.T.);
#10670=ADVANCED_FACE('',(#1255),#643,.T.);
#10671=ADVANCED_FACE('',(#1256),#644,.T.);
#10672=ADVANCED_FACE('',(#1257),#645,.T.);
#10673=ADVANCED_FACE('',(#1258),#9479,.T.);
#10674=ADVANCED_FACE('',(#1259),#9480,.F.);
#10675=ADVANCED_FACE('',(#1260),#9481,.T.);
#10676=ADVANCED_FACE('',(#1261),#9482,.T.);
#10677=ADVANCED_FACE('',(#1262),#9483,.T.);
#10678=ADVANCED_FACE('',(#1263),#9484,.T.);
#10679=ADVANCED_FACE('',(#1264),#9485,.T.);
#10680=ADVANCED_FACE('',(#1265),#9486,.T.);
#10681=ADVANCED_FACE('',(#1266),#9487,.T.);
#10682=ADVANCED_FACE('',(#1267),#9488,.F.);
#10683=ADVANCED_FACE('',(#1268),#9489,.T.);
#10684=ADVANCED_FACE('',(#1269),#9490,.F.);
#10685=ADVANCED_FACE('',(#1270),#646,.F.);
#10686=ADVANCED_FACE('',(#1271),#647,.F.);
#10687=ADVANCED_FACE('',(#1272),#648,.F.);
#10688=ADVANCED_FACE('',(#1273),#649,.F.);
#10689=ADVANCED_FACE('',(#1274),#650,.F.);
#10690=ADVANCED_FACE('',(#1275),#651,.T.);
#10691=ADVANCED_FACE('',(#1276),#652,.T.);
#10692=ADVANCED_FACE('',(#1277),#653,.T.);
#10693=ADVANCED_FACE('',(#1278),#654,.T.);
#10694=ADVANCED_FACE('',(#1279),#9491,.T.);
#10695=ADVANCED_FACE('',(#1280),#655,.T.);
#10696=ADVANCED_FACE('',(#1281),#9492,.T.);
#10697=ADVANCED_FACE('',(#1282),#656,.T.);
#10698=ADVANCED_FACE('',(#1283),#657,.T.);
#10699=ADVANCED_FACE('',(#1284),#658,.T.);
#10700=ADVANCED_FACE('',(#1285),#659,.T.);
#10701=ADVANCED_FACE('',(#1286),#660,.T.);
#10702=ADVANCED_FACE('',(#1287),#661,.T.);
#10703=ADVANCED_FACE('',(#1288),#662,.T.);
#10704=ADVANCED_FACE('',(#1289),#663,.T.);
#10705=ADVANCED_FACE('',(#1290),#664,.T.);
#10706=ADVANCED_FACE('',(#1291),#665,.T.);
#10707=ADVANCED_FACE('',(#1292),#9493,.T.);
#10708=ADVANCED_FACE('',(#1293,#53),#9494,.F.);
#10709=ADVANCED_FACE('',(#1294,#54),#9495,.T.);
#10710=ADVANCED_FACE('',(#1295),#9496,.T.);
#10711=ADVANCED_FACE('',(#1296),#9497,.T.);
#10712=ADVANCED_FACE('',(#1297),#9498,.T.);
#10713=ADVANCED_FACE('',(#1298),#9499,.T.);
#10714=ADVANCED_FACE('',(#1299),#666,.T.);
#10715=ADVANCED_FACE('',(#1300),#667,.T.);
#10716=ADVANCED_FACE('',(#1301),#668,.T.);
#10717=ADVANCED_FACE('',(#1302),#9500,.T.);
#10718=ADVANCED_FACE('',(#1303),#669,.T.);
#10719=ADVANCED_FACE('',(#1304),#670,.T.);
#10720=ADVANCED_FACE('',(#1305),#9501,.T.);
#10721=ADVANCED_FACE('',(#1306),#9502,.T.);
#10722=ADVANCED_FACE('',(#1307),#9503,.T.);
#10723=ADVANCED_FACE('',(#1308),#9504,.T.);
#10724=ADVANCED_FACE('',(#1309),#9505,.T.);
#10725=ADVANCED_FACE('',(#1310),#9506,.T.);
#10726=ADVANCED_FACE('',(#1311),#9507,.T.);
#10727=ADVANCED_FACE('',(#1312),#9508,.F.);
#10728=ADVANCED_FACE('',(#1313),#9509,.T.);
#10729=ADVANCED_FACE('',(#1314),#9510,.T.);
#10730=ADVANCED_FACE('',(#1315),#9511,.T.);
#10731=ADVANCED_FACE('',(#1316),#9512,.T.);
#10732=ADVANCED_FACE('',(#1317),#9513,.T.);
#10733=ADVANCED_FACE('',(#1318),#9514,.F.);
#10734=ADVANCED_FACE('',(#1319),#9515,.T.);
#10735=ADVANCED_FACE('',(#1320),#9516,.F.);
#10736=ADVANCED_FACE('',(#1321),#671,.F.);
#10737=ADVANCED_FACE('',(#1322),#672,.F.);
#10738=ADVANCED_FACE('',(#1323),#673,.F.);
#10739=ADVANCED_FACE('',(#1324),#674,.T.);
#10740=ADVANCED_FACE('',(#1325),#675,.T.);
#10741=ADVANCED_FACE('',(#1326),#676,.T.);
#10742=ADVANCED_FACE('',(#1327),#677,.T.);
#10743=ADVANCED_FACE('',(#1328),#9517,.T.);
#10744=ADVANCED_FACE('',(#1329),#678,.T.);
#10745=ADVANCED_FACE('',(#1330),#679,.T.);
#10746=ADVANCED_FACE('',(#1331),#680,.T.);
#10747=ADVANCED_FACE('',(#1332),#681,.T.);
#10748=ADVANCED_FACE('',(#1333),#9518,.T.);
#10749=ADVANCED_FACE('',(#1334),#9519,.T.);
#10750=ADVANCED_FACE('',(#1335,#55),#9520,.F.);
#10751=ADVANCED_FACE('',(#1336,#56),#9521,.T.);
#10752=ADVANCED_FACE('',(#1337),#682,.T.);
#10753=ADVANCED_FACE('',(#1338),#683,.T.);
#10754=ADVANCED_FACE('',(#1339),#684,.T.);
#10755=ADVANCED_FACE('',(#1340),#685,.T.);
#10756=ADVANCED_FACE('',(#1341),#686,.T.);
#10757=ADVANCED_FACE('',(#1342),#687,.T.);
#10758=ADVANCED_FACE('',(#1343),#688,.T.);
#10759=ADVANCED_FACE('',(#1344),#689,.T.);
#10760=ADVANCED_FACE('',(#1345),#9522,.T.);
#10761=ADVANCED_FACE('',(#1346),#690,.T.);
#10762=ADVANCED_FACE('',(#1347),#691,.T.);
#10763=ADVANCED_FACE('',(#1348),#692,.T.);
#10764=ADVANCED_FACE('',(#1349),#693,.T.);
#10765=ADVANCED_FACE('',(#1350),#694,.T.);
#10766=ADVANCED_FACE('',(#1351),#695,.T.);
#10767=ADVANCED_FACE('',(#1352),#696,.T.);
#10768=ADVANCED_FACE('',(#1353),#697,.T.);
#10769=ADVANCED_FACE('',(#1354),#9523,.T.);
#10770=ADVANCED_FACE('',(#1355),#9524,.F.);
#10771=ADVANCED_FACE('',(#1356),#9525,.T.);
#10772=CLOSED_SHELL('',(#10179,#10180,#10181,#10182,#10183,#10184));
#10773=CLOSED_SHELL('',(#10185,#10186,#10187,#10188,#10189,#10190));
#10774=CLOSED_SHELL('',(#10191,#10192,#10193,#10194,#10195,#10196));
#10775=CLOSED_SHELL('',(#10197,#10198,#10199,#10200,#10201,#10202));
#10776=CLOSED_SHELL('',(#10203,#10204,#10205,#10206,#10207,#10208));
#10777=CLOSED_SHELL('',(#10209,#10210,#10211,#10212,#10213,#10214));
#10778=CLOSED_SHELL('',(#10215,#10216,#10217,#10218,#10219,#10220));
#10779=CLOSED_SHELL('',(#10221,#10222,#10223,#10224,#10225,#10226));
#10780=CLOSED_SHELL('',(#10227,#10228,#10229,#10230,#10231,#10232));
#10781=CLOSED_SHELL('',(#10233,#10234,#10235,#10236,#10237,#10238));
#10782=CLOSED_SHELL('',(#10239,#10240,#10241,#10242,#10243,#10244));
#10783=CLOSED_SHELL('',(#10245,#10246,#10247,#10248,#10249,#10250));
#10784=CLOSED_SHELL('',(#10251,#10252,#10253,#10254,#10255,#10256));
#10785=CLOSED_SHELL('',(#10257,#10258,#10259,#10260,#10261,#10262));
#10786=CLOSED_SHELL('',(#10263,#10264,#10265,#10266,#10267,#10268));
#10787=CLOSED_SHELL('',(#10269,#10270,#10271,#10272,#10273,#10274));
#10788=CLOSED_SHELL('',(#10275,#10276,#10277,#10278,#10279,#10280));
#10789=CLOSED_SHELL('',(#10281,#10282,#10283,#10284,#10285,#10286));
#10790=CLOSED_SHELL('',(#10287,#10288,#10289,#10290,#10291,#10292));
#10791=CLOSED_SHELL('',(#10293,#10294,#10295,#10296,#10297,#10298));
#10792=CLOSED_SHELL('',(#10299,#10300,#10301,#10302,#10303,#10304));
#10793=CLOSED_SHELL('',(#10305,#10306,#10307,#10308,#10309,#10310));
#10794=CLOSED_SHELL('',(#10311,#10312,#10313,#10314,#10315,#10316));
#10795=CLOSED_SHELL('',(#10317,#10318,#10319,#10320,#10321,#10322));
#10796=CLOSED_SHELL('',(#10323,#10324,#10325,#10326,#10327,#10328));
#10797=CLOSED_SHELL('',(#10329,#10330,#10331,#10332,#10333,#10334));
#10798=CLOSED_SHELL('',(#10335,#10336,#10337,#10338,#10339,#10340));
#10799=CLOSED_SHELL('',(#10341,#10342,#10343,#10344,#10345,#10346));
#10800=CLOSED_SHELL('',(#10347,#10348,#10349,#10350,#10351,#10352));
#10801=CLOSED_SHELL('',(#10353,#10354,#10355,#10356,#10357,#10358));
#10802=CLOSED_SHELL('',(#10359,#10360,#10361,#10362,#10363,#10364));
#10803=CLOSED_SHELL('',(#10365,#10366,#10367,#10368,#10369,#10370,#10371,
#10372,#10373,#10374,#10375,#10376,#10377));
#10804=CLOSED_SHELL('',(#10378,#10379,#10380,#10381,#10382,#10383,#10384,
#10385,#10386,#10387,#10388,#10389));
#10805=CLOSED_SHELL('',(#10390,#10391,#10392,#10393,#10394,#10395,#10396,
#10397,#10398,#10399,#10400,#10401,#10402));
#10806=CLOSED_SHELL('',(#10403,#10404,#10405,#10406,#10407,#10408,#10409,
#10410,#10411,#10412,#10413,#10414));
#10807=CLOSED_SHELL('',(#10415,#10416,#10417,#10418,#10419,#10420,#10421,
#10422,#10423,#10424,#10425,#10426,#10427,#10428,#10429,#10430));
#10808=CLOSED_SHELL('',(#10431,#10432,#10433,#10434,#10435,#10436,#10437,
#10438,#10439,#10440,#10441,#10442,#10443,#10444,#10445,#10446,#10447,#10448,
#10449,#10450,#10451,#10452,#10453,#10454,#10455,#10456));
#10809=CLOSED_SHELL('',(#10457,#10458,#10459,#10460,#10461,#10462,#10463,
#10464,#10465,#10466,#10467,#10468,#10469,#10470,#10471,#10472,#10473,#10474,
#10475));
#10810=CLOSED_SHELL('',(#10476,#10477,#10478,#10479,#10480,#10481,#10482,
#10483,#10484,#10485,#10486,#10487,#10488));
#10811=CLOSED_SHELL('',(#10489,#10490,#10491,#10492,#10493,#10494));
#10812=CLOSED_SHELL('',(#10495,#10496,#10497,#10498,#10499,#10500));
#10813=CLOSED_SHELL('',(#10501,#10502,#10503,#10504,#10505,#10506,#10507,
#10508,#10509,#10510,#10511,#10512,#10513,#10514));
#10814=CLOSED_SHELL('',(#10515,#10516,#10517,#10518,#10519,#10520,#10521,
#10522,#10523,#10524,#10525,#10526,#10527,#10528,#10529,#10530,#10531,#10532,
#10533,#10534,#10535));
#10815=CLOSED_SHELL('',(#10536,#10537,#10538,#10539,#10540,#10541,#10542,
#10543,#10544,#10545,#10546,#10547));
#10816=CLOSED_SHELL('',(#10548,#10549,#10550,#10551,#10552,#10553,#10554,
#10555,#10556,#10557));
#10817=CLOSED_SHELL('',(#10558,#10559,#10560,#10561,#10562,#10563,#10564,
#10565,#10566,#10567,#10568,#10569,#10570,#10571,#10572,#10573,#10574,#10575,
#10576,#10577,#10578,#10579));
#10818=CLOSED_SHELL('',(#10580,#10581,#10582));
#10819=CLOSED_SHELL('',(#10583,#10584,#10585,#10586,#10587,#10588,#10589,
#10590,#10591,#10592,#10593,#10594));
#10820=CLOSED_SHELL('',(#10595,#10596,#10597,#10598,#10599,#10600,#10601,
#10602,#10603,#10604,#10605,#10606,#10607,#10608,#10609,#10610,#10611,#10612));
#10821=CLOSED_SHELL('',(#10613,#10614,#10615,#10616,#10617,#10618));
#10822=CLOSED_SHELL('',(#10619,#10620,#10621,#10622,#10623,#10624));
#10823=CLOSED_SHELL('',(#10625,#10626,#10627,#10628,#10629,#10630,#10631,
#10632,#10633,#10634,#10635,#10636,#10637,#10638));
#10824=CLOSED_SHELL('',(#10639,#10640,#10641,#10642,#10643,#10644,#10645,
#10646,#10647,#10648,#10649,#10650,#10651,#10652,#10653,#10654,#10655));
#10825=CLOSED_SHELL('',(#10656,#10657,#10658,#10659,#10660,#10661,#10662,
#10663,#10664,#10665,#10666,#10667,#10668,#10669,#10670,#10671,#10672,#10673,
#10674,#10675));
#10826=CLOSED_SHELL('',(#10676,#10677,#10678,#10679,#10680,#10681,#10682,
#10683));
#10827=CLOSED_SHELL('',(#10684,#10685,#10686,#10687,#10688,#10689,#10690,
#10691,#10692,#10693,#10694,#10695,#10696,#10697,#10698,#10699,#10700,#10701,
#10702,#10703,#10704,#10705,#10706,#10707,#10708,#10709));
#10828=CLOSED_SHELL('',(#10710,#10711,#10712,#10713,#10714,#10715,#10716,
#10717,#10718,#10719,#10720,#10721,#10722,#10723,#10724,#10725,#10726,#10727,
#10728));
#10829=CLOSED_SHELL('',(#10729,#10730,#10731,#10732,#10733,#10734));
#10830=CLOSED_SHELL('',(#10735,#10736,#10737,#10738,#10739,#10740,#10741,
#10742,#10743,#10744,#10745,#10746,#10747,#10748,#10749,#10750,#10751));
#10831=CLOSED_SHELL('',(#10752,#10753,#10754,#10755,#10756,#10757,#10758,
#10759,#10760,#10761,#10762,#10763,#10764,#10765,#10766,#10767,#10768,#10769,
#10770,#10771));
#10832=DERIVED_UNIT_ELEMENT(#10838,0.);
#10833=DERIVED_UNIT_ELEMENT(#18603,0.);
#10834=DERIVED_UNIT_ELEMENT(#10838,0.);
#10835=DERIVED_UNIT_ELEMENT(#18603,0.);
#10836=DERIVED_UNIT_ELEMENT(#10838,0.);
#10837=DERIVED_UNIT_ELEMENT(#18603,0.);
#10838=(
MASS_UNIT()
NAMED_UNIT(*)
SI_UNIT($,.GRAM.)
);
#10839=DERIVED_UNIT((#10832,#10833));
#10840=DERIVED_UNIT((#10834,#10835));
#10841=DERIVED_UNIT((#10836,#10837));
#10842=MEASURE_REPRESENTATION_ITEM('density measure',
POSITIVE_RATIO_MEASURE(1.),#10839);
#10843=MEASURE_REPRESENTATION_ITEM('density measure',
POSITIVE_RATIO_MEASURE(1.),#10840);
#10844=MEASURE_REPRESENTATION_ITEM('density measure',
POSITIVE_RATIO_MEASURE(1.),#10841);
#10845=PROPERTY_DEFINITION_REPRESENTATION(#10860,#10851);
#10846=PROPERTY_DEFINITION_REPRESENTATION(#10861,#10852);
#10847=PROPERTY_DEFINITION_REPRESENTATION(#10862,#10853);
#10848=PROPERTY_DEFINITION_REPRESENTATION(#10863,#10854);
#10849=PROPERTY_DEFINITION_REPRESENTATION(#10864,#10855);
#10850=PROPERTY_DEFINITION_REPRESENTATION(#10865,#10856);
#10851=REPRESENTATION('material name',(#10857),#18598);
#10852=REPRESENTATION('density',(#10842),#18598);
#10853=REPRESENTATION('material name',(#10858),#18599);
#10854=REPRESENTATION('density',(#10843),#18599);
#10855=REPRESENTATION('material name',(#10859),#18600);
#10856=REPRESENTATION('density',(#10844),#18600);
#10857=DESCRIPTIVE_REPRESENTATION_ITEM('Gen\X\E9rico','Gen\X\E9rico');
#10858=DESCRIPTIVE_REPRESENTATION_ITEM('Gen\X\E9rico','Gen\X\E9rico');
#10859=DESCRIPTIVE_REPRESENTATION_ITEM('Gen\X\E9rico','Gen\X\E9rico');
#10860=PROPERTY_DEFINITION('material property','material name',#18623);
#10861=PROPERTY_DEFINITION('material property','density of part',#18623);
#10862=PROPERTY_DEFINITION('material property','material name',#18624);
#10863=PROPERTY_DEFINITION('material property','density of part',#18624);
#10864=PROPERTY_DEFINITION('material property','material name',#18625);
#10865=PROPERTY_DEFINITION('material property','density of part',#18625);
#10866=PRESENTATION_STYLE_ASSIGNMENT((#10870));
#10867=PRESENTATION_STYLE_ASSIGNMENT((#10871));
#10868=PRESENTATION_STYLE_ASSIGNMENT((#10872));
#10869=PRESENTATION_STYLE_ASSIGNMENT((#10873));
#10870=SURFACE_STYLE_USAGE(.BOTH.,#10874);
#10871=SURFACE_STYLE_USAGE(.BOTH.,#10875);
#10872=SURFACE_STYLE_USAGE(.BOTH.,#10876);
#10873=SURFACE_STYLE_USAGE(.BOTH.,#10877);
#10874=SURFACE_SIDE_STYLE('',(#10878));
#10875=SURFACE_SIDE_STYLE('',(#10879));
#10876=SURFACE_SIDE_STYLE('',(#10880));
#10877=SURFACE_SIDE_STYLE('',(#10881));
#10878=SURFACE_STYLE_FILL_AREA(#10882);
#10879=SURFACE_STYLE_FILL_AREA(#10883);
#10880=SURFACE_STYLE_FILL_AREA(#10884);
#10881=SURFACE_STYLE_FILL_AREA(#10885);
#10882=FILL_AREA_STYLE('',(#10886));
#10883=FILL_AREA_STYLE('',(#10887));
#10884=FILL_AREA_STYLE('',(#10888));
#10885=FILL_AREA_STYLE('',(#10889));
#10886=FILL_AREA_STYLE_COLOUR('',#10890);
#10887=FILL_AREA_STYLE_COLOUR('',#10891);
#10888=FILL_AREA_STYLE_COLOUR('',#10892);
#10889=FILL_AREA_STYLE_COLOUR('',#10893);
#10890=COLOUR_RGB('',0.749019607843137,0.749019607843137,0.749019607843137);
#10891=COLOUR_RGB('',0.0196078431372549,0.0196078431372549,0.0196078431372549);
#10892=COLOUR_RGB('',0.501960784313725,0.501960784313725,0.501960784313725);
#10893=COLOUR_RGB('',0.96078431372549,0.96078431372549,0.96078431372549);
#10894=DATE_TIME_ROLE('creation_date');
#10895=DATE_TIME_ROLE('creation_date');
#10896=DATE_TIME_ROLE('creation_date');
#10897=DATE_TIME_ROLE('creation_date');
#10898=APPLIED_DATE_AND_TIME_ASSIGNMENT(#10902,#10894,(#18622));
#10899=APPLIED_DATE_AND_TIME_ASSIGNMENT(#10903,#10895,(#18623));
#10900=APPLIED_DATE_AND_TIME_ASSIGNMENT(#10904,#10896,(#18624));
#10901=APPLIED_DATE_AND_TIME_ASSIGNMENT(#10905,#10897,(#18625));
#10902=DATE_AND_TIME(#10906,#10910);
#10903=DATE_AND_TIME(#10907,#10911);
#10904=DATE_AND_TIME(#10908,#10912);
#10905=DATE_AND_TIME(#10909,#10913);
#10906=CALENDAR_DATE(2019,16,3);
#10907=CALENDAR_DATE(2019,16,3);
#10908=CALENDAR_DATE(2019,16,3);
#10909=CALENDAR_DATE(2019,16,3);
#10910=LOCAL_TIME(17,12,49.,#10914);
#10911=LOCAL_TIME(17,13,13.,#10915);
#10912=LOCAL_TIME(17,15,50.,#10916);
#10913=LOCAL_TIME(17,29,1.,#10917);
#10914=COORDINATED_UNIVERSAL_TIME_OFFSET(0,0,.BEHIND.);
#10915=COORDINATED_UNIVERSAL_TIME_OFFSET(0,0,.BEHIND.);
#10916=COORDINATED_UNIVERSAL_TIME_OFFSET(0,0,.BEHIND.);
#10917=COORDINATED_UNIVERSAL_TIME_OFFSET(0,0,.BEHIND.);
#10918=AXIS2_PLACEMENT_3D('placement',#13077,#11309,#11310);
#10919=AXIS2_PLACEMENT_3D('placement',#13078,#11311,#11312);
#10920=AXIS2_PLACEMENT_3D('',#13079,#11313,#11314);
#10921=AXIS2_PLACEMENT_3D('',#13088,#11319,#11320);
#10922=AXIS2_PLACEMENT_3D('',#13094,#11324,#11325);
#10923=AXIS2_PLACEMENT_3D('',#13100,#11329,#11330);
#10924=AXIS2_PLACEMENT_3D('',#13103,#11333,#11334);
#10925=AXIS2_PLACEMENT_3D('',#13104,#11335,#11336);
#10926=AXIS2_PLACEMENT_3D('',#13105,#11337,#11338);
#10927=AXIS2_PLACEMENT_3D('',#13114,#11343,#11344);
#10928=AXIS2_PLACEMENT_3D('',#13120,#11348,#11349);
#10929=AXIS2_PLACEMENT_3D('',#13126,#11353,#11354);
#10930=AXIS2_PLACEMENT_3D('',#13129,#11357,#11358);
#10931=AXIS2_PLACEMENT_3D('',#13130,#11359,#11360);
#10932=AXIS2_PLACEMENT_3D('placement',#13131,#11361,#11362);
#10933=AXIS2_PLACEMENT_3D('',#13132,#11363,#11364);
#10934=AXIS2_PLACEMENT_3D('',#13141,#11369,#11370);
#10935=AXIS2_PLACEMENT_3D('',#13147,#11374,#11375);
#10936=AXIS2_PLACEMENT_3D('',#13153,#11379,#11380);
#10937=AXIS2_PLACEMENT_3D('',#13156,#11383,#11384);
#10938=AXIS2_PLACEMENT_3D('',#13157,#11385,#11386);
#10939=AXIS2_PLACEMENT_3D('',#13158,#11387,#11388);
#10940=AXIS2_PLACEMENT_3D('',#13167,#11393,#11394);
#10941=AXIS2_PLACEMENT_3D('',#13173,#11398,#11399);
#10942=AXIS2_PLACEMENT_3D('',#13179,#11403,#11404);
#10943=AXIS2_PLACEMENT_3D('',#13182,#11407,#11408);
#10944=AXIS2_PLACEMENT_3D('',#13183,#11409,#11410);
#10945=AXIS2_PLACEMENT_3D('',#13184,#11411,#11412);
#10946=AXIS2_PLACEMENT_3D('',#13193,#11417,#11418);
#10947=AXIS2_PLACEMENT_3D('',#13199,#11422,#11423);
#10948=AXIS2_PLACEMENT_3D('',#13205,#11427,#11428);
#10949=AXIS2_PLACEMENT_3D('',#13208,#11431,#11432);
#10950=AXIS2_PLACEMENT_3D('',#13209,#11433,#11434);
#10951=AXIS2_PLACEMENT_3D('',#13210,#11435,#11436);
#10952=AXIS2_PLACEMENT_3D('',#13219,#11441,#11442);
#10953=AXIS2_PLACEMENT_3D('',#13225,#11446,#11447);
#10954=AXIS2_PLACEMENT_3D('',#13231,#11451,#11452);
#10955=AXIS2_PLACEMENT_3D('',#13234,#11455,#11456);
#10956=AXIS2_PLACEMENT_3D('',#13235,#11457,#11458);
#10957=AXIS2_PLACEMENT_3D('',#13236,#11459,#11460);
#10958=AXIS2_PLACEMENT_3D('',#13245,#11465,#11466);
#10959=AXIS2_PLACEMENT_3D('',#13251,#11470,#11471);
#10960=AXIS2_PLACEMENT_3D('',#13257,#11475,#11476);
#10961=AXIS2_PLACEMENT_3D('',#13260,#11479,#11480);
#10962=AXIS2_PLACEMENT_3D('',#13261,#11481,#11482);
#10963=AXIS2_PLACEMENT_3D('',#13262,#11483,#11484);
#10964=AXIS2_PLACEMENT_3D('',#13271,#11489,#11490);
#10965=AXIS2_PLACEMENT_3D('',#13277,#11494,#11495);
#10966=AXIS2_PLACEMENT_3D('',#13283,#11499,#11500);
#10967=AXIS2_PLACEMENT_3D('',#13286,#11503,#11504);
#10968=AXIS2_PLACEMENT_3D('',#13287,#11505,#11506);
#10969=AXIS2_PLACEMENT_3D('',#13288,#11507,#11508);
#10970=AXIS2_PLACEMENT_3D('',#13297,#11513,#11514);
#10971=AXIS2_PLACEMENT_3D('',#13303,#11518,#11519);
#10972=AXIS2_PLACEMENT_3D('',#13309,#11523,#11524);
#10973=AXIS2_PLACEMENT_3D('',#13312,#11527,#11528);
#10974=AXIS2_PLACEMENT_3D('',#13313,#11529,#11530);
#10975=AXIS2_PLACEMENT_3D('',#13314,#11531,#11532);
#10976=AXIS2_PLACEMENT_3D('',#13323,#11537,#11538);
#10977=AXIS2_PLACEMENT_3D('',#13329,#11542,#11543);
#10978=AXIS2_PLACEMENT_3D('',#13335,#11547,#11548);
#10979=AXIS2_PLACEMENT_3D('',#13338,#11551,#11552);
#10980=AXIS2_PLACEMENT_3D('',#13339,#11553,#11554);
#10981=AXIS2_PLACEMENT_3D('',#13340,#11555,#11556);
#10982=AXIS2_PLACEMENT_3D('',#13349,#11561,#11562);
#10983=AXIS2_PLACEMENT_3D('',#13355,#11566,#11567);
#10984=AXIS2_PLACEMENT_3D('',#13361,#11571,#11572);
#10985=AXIS2_PLACEMENT_3D('',#13364,#11575,#11576);
#10986=AXIS2_PLACEMENT_3D('',#13365,#11577,#11578);
#10987=AXIS2_PLACEMENT_3D('',#13366,#11579,#11580);
#10988=AXIS2_PLACEMENT_3D('',#13375,#11585,#11586);
#10989=AXIS2_PLACEMENT_3D('',#13381,#11590,#11591);
#10990=AXIS2_PLACEMENT_3D('',#13387,#11595,#11596);
#10991=AXIS2_PLACEMENT_3D('',#13390,#11599,#11600);
#10992=AXIS2_PLACEMENT_3D('',#13391,#11601,#11602);
#10993=AXIS2_PLACEMENT_3D('',#13392,#11603,#11604);
#10994=AXIS2_PLACEMENT_3D('',#13401,#11609,#11610);
#10995=AXIS2_PLACEMENT_3D('',#13407,#11614,#11615);
#10996=AXIS2_PLACEMENT_3D('',#13413,#11619,#11620);
#10997=AXIS2_PLACEMENT_3D('',#13416,#11623,#11624);
#10998=AXIS2_PLACEMENT_3D('',#13417,#11625,#11626);
#10999=AXIS2_PLACEMENT_3D('',#13418,#11627,#11628);
#11000=AXIS2_PLACEMENT_3D('',#13427,#11633,#11634);
#11001=AXIS2_PLACEMENT_3D('',#13433,#11638,#11639);
#11002=AXIS2_PLACEMENT_3D('',#13439,#11643,#11644);
#11003=AXIS2_PLACEMENT_3D('',#13442,#11647,#11648);
#11004=AXIS2_PLACEMENT_3D('',#13443,#11649,#11650);
#11005=AXIS2_PLACEMENT_3D('',#13444,#11651,#11652);
#11006=AXIS2_PLACEMENT_3D('',#13453,#11657,#11658);
#11007=AXIS2_PLACEMENT_3D('',#13459,#11662,#11663);
#11008=AXIS2_PLACEMENT_3D('',#13465,#11667,#11668);
#11009=AXIS2_PLACEMENT_3D('',#13468,#11671,#11672);
#11010=AXIS2_PLACEMENT_3D('',#13469,#11673,#11674);
#11011=AXIS2_PLACEMENT_3D('',#13470,#11675,#11676);
#11012=AXIS2_PLACEMENT_3D('',#13479,#11681,#11682);
#11013=AXIS2_PLACEMENT_3D('',#13485,#11686,#11687);
#11014=AXIS2_PLACEMENT_3D('',#13491,#11691,#11692);
#11015=AXIS2_PLACEMENT_3D('',#13494,#11695,#11696);
#11016=AXIS2_PLACEMENT_3D('',#13495,#11697,#11698);
#11017=AXIS2_PLACEMENT_3D('',#13496,#11699,#11700);
#11018=AXIS2_PLACEMENT_3D('',#13505,#11705,#11706);
#11019=AXIS2_PLACEMENT_3D('',#13511,#11710,#11711);
#11020=AXIS2_PLACEMENT_3D('',#13517,#11715,#11716);
#11021=AXIS2_PLACEMENT_3D('',#13520,#11719,#11720);
#11022=AXIS2_PLACEMENT_3D('',#13521,#11721,#11722);
#11023=AXIS2_PLACEMENT_3D('',#13522,#11723,#11724);
#11024=AXIS2_PLACEMENT_3D('',#13531,#11729,#11730);
#11025=AXIS2_PLACEMENT_3D('',#13537,#11734,#11735);
#11026=AXIS2_PLACEMENT_3D('',#13543,#11739,#11740);
#11027=AXIS2_PLACEMENT_3D('',#13546,#11743,#11744);
#11028=AXIS2_PLACEMENT_3D('',#13547,#11745,#11746);
#11029=AXIS2_PLACEMENT_3D('',#13548,#11747,#11748);
#11030=AXIS2_PLACEMENT_3D('',#13557,#11753,#11754);
#11031=AXIS2_PLACEMENT_3D('',#13563,#11758,#11759);
#11032=AXIS2_PLACEMENT_3D('',#13569,#11763,#11764);
#11033=AXIS2_PLACEMENT_3D('',#13572,#11767,#11768);
#11034=AXIS2_PLACEMENT_3D('',#13573,#11769,#11770);
#11035=AXIS2_PLACEMENT_3D('',#13574,#11771,#11772);
#11036=AXIS2_PLACEMENT_3D('',#13583,#11777,#11778);
#11037=AXIS2_PLACEMENT_3D('',#13589,#11782,#11783);
#11038=AXIS2_PLACEMENT_3D('',#13595,#11787,#11788);
#11039=AXIS2_PLACEMENT_3D('',#13598,#11791,#11792);
#11040=AXIS2_PLACEMENT_3D('',#13599,#11793,#11794);
#11041=AXIS2_PLACEMENT_3D('',#13600,#11795,#11796);
#11042=AXIS2_PLACEMENT_3D('',#13609,#11801,#11802);
#11043=AXIS2_PLACEMENT_3D('',#13615,#11806,#11807);
#11044=AXIS2_PLACEMENT_3D('',#13621,#11811,#11812);
#11045=AXIS2_PLACEMENT_3D('',#13624,#11815,#11816);
#11046=AXIS2_PLACEMENT_3D('',#13625,#11817,#11818);
#11047=AXIS2_PLACEMENT_3D('',#13626,#11819,#11820);
#11048=AXIS2_PLACEMENT_3D('',#13635,#11825,#11826);
#11049=AXIS2_PLACEMENT_3D('',#13641,#11830,#11831);
#11050=AXIS2_PLACEMENT_3D('',#13647,#11835,#11836);
#11051=AXIS2_PLACEMENT_3D('',#13650,#11839,#11840);
#11052=AXIS2_PLACEMENT_3D('',#13651,#11841,#11842);
#11053=AXIS2_PLACEMENT_3D('',#13652,#11843,#11844);
#11054=AXIS2_PLACEMENT_3D('',#13661,#11849,#11850);
#11055=AXIS2_PLACEMENT_3D('',#13667,#11854,#11855);
#11056=AXIS2_PLACEMENT_3D('',#13673,#11859,#11860);
#11057=AXIS2_PLACEMENT_3D('',#13676,#11863,#11864);
#11058=AXIS2_PLACEMENT_3D('',#13677,#11865,#11866);
#11059=AXIS2_PLACEMENT_3D('',#13678,#11867,#11868);
#11060=AXIS2_PLACEMENT_3D('',#13687,#11873,#11874);
#11061=AXIS2_PLACEMENT_3D('',#13693,#11878,#11879);
#11062=AXIS2_PLACEMENT_3D('',#13699,#11883,#11884);
#11063=AXIS2_PLACEMENT_3D('',#13702,#11887,#11888);
#11064=AXIS2_PLACEMENT_3D('',#13703,#11889,#11890);
#11065=AXIS2_PLACEMENT_3D('',#13704,#11891,#11892);
#11066=AXIS2_PLACEMENT_3D('',#13713,#11897,#11898);
#11067=AXIS2_PLACEMENT_3D('',#13719,#11902,#11903);
#11068=AXIS2_PLACEMENT_3D('',#13725,#11907,#11908);
#11069=AXIS2_PLACEMENT_3D('',#13728,#11911,#11912);
#11070=AXIS2_PLACEMENT_3D('',#13729,#11913,#11914);
#11071=AXIS2_PLACEMENT_3D('',#13730,#11915,#11916);
#11072=AXIS2_PLACEMENT_3D('',#13739,#11921,#11922);
#11073=AXIS2_PLACEMENT_3D('',#13745,#11926,#11927);
#11074=AXIS2_PLACEMENT_3D('',#13751,#11931,#11932);
#11075=AXIS2_PLACEMENT_3D('',#13754,#11935,#11936);
#11076=AXIS2_PLACEMENT_3D('',#13755,#11937,#11938);
#11077=AXIS2_PLACEMENT_3D('',#13756,#11939,#11940);
#11078=AXIS2_PLACEMENT_3D('',#13765,#11945,#11946);
#11079=AXIS2_PLACEMENT_3D('',#13771,#11950,#11951);
#11080=AXIS2_PLACEMENT_3D('',#13777,#11955,#11956);
#11081=AXIS2_PLACEMENT_3D('',#13780,#11959,#11960);
#11082=AXIS2_PLACEMENT_3D('',#13781,#11961,#11962);
#11083=AXIS2_PLACEMENT_3D('',#13782,#11963,#11964);
#11084=AXIS2_PLACEMENT_3D('',#13791,#11969,#11970);
#11085=AXIS2_PLACEMENT_3D('',#13797,#11974,#11975);
#11086=AXIS2_PLACEMENT_3D('',#13803,#11979,#11980);
#11087=AXIS2_PLACEMENT_3D('',#13806,#11983,#11984);
#11088=AXIS2_PLACEMENT_3D('',#13807,#11985,#11986);
#11089=AXIS2_PLACEMENT_3D('',#13808,#11987,#11988);
#11090=AXIS2_PLACEMENT_3D('',#13817,#11993,#11994);
#11091=AXIS2_PLACEMENT_3D('',#13823,#11998,#11999);
#11092=AXIS2_PLACEMENT_3D('',#13829,#12003,#12004);
#11093=AXIS2_PLACEMENT_3D('',#13832,#12007,#12008);
#11094=AXIS2_PLACEMENT_3D('',#13833,#12009,#12010);
#11095=AXIS2_PLACEMENT_3D('',#13834,#12011,#12012);
#11096=AXIS2_PLACEMENT_3D('',#13843,#12017,#12018);
#11097=AXIS2_PLACEMENT_3D('',#13849,#12022,#12023);
#11098=AXIS2_PLACEMENT_3D('',#13855,#12027,#12028);
#11099=AXIS2_PLACEMENT_3D('',#13858,#12031,#12032);
#11100=AXIS2_PLACEMENT_3D('',#13859,#12033,#12034);
#11101=AXIS2_PLACEMENT_3D('placement',#13860,#12035,#12036);
#11102=AXIS2_PLACEMENT_3D('',#13861,#12037,#12038);
#11103=AXIS2_PLACEMENT_3D('',#13870,#12043,#12044);
#11104=AXIS2_PLACEMENT_3D('',#13876,#12048,#12049);
#11105=AXIS2_PLACEMENT_3D('',#13882,#12053,#12054);
#11106=AXIS2_PLACEMENT_3D('',#13885,#12057,#12058);
#11107=AXIS2_PLACEMENT_3D('',#13886,#12059,#12060);
#11108=AXIS2_PLACEMENT_3D('',#13887,#12061,#12062);
#11109=AXIS2_PLACEMENT_3D('',#13930,#12069,#12070);
#11110=AXIS2_PLACEMENT_3D('',#13981,#12077,#12078);
#11111=AXIS2_PLACEMENT_3D('',#13987,#12082,#12083);
#11112=AXIS2_PLACEMENT_3D('',#13993,#12087,#12088);
#11113=AXIS2_PLACEMENT_3D('',#13999,#12092,#12093);
#11114=AXIS2_PLACEMENT_3D('',#14002,#12096,#12097);
#11115=AXIS2_PLACEMENT_3D('',#14003,#12098,#12099);
#11116=AXIS2_PLACEMENT_3D('',#14178,#12110,#12111);
#11117=AXIS2_PLACEMENT_3D('',#14179,#12112,#12113);
#11118=AXIS2_PLACEMENT_3D('',#14180,#12114,#12115);
#11119=AXIS2_PLACEMENT_3D('',#14223,#12122,#12123);
#11120=AXIS2_PLACEMENT_3D('',#14274,#12130,#12131);
#11121=AXIS2_PLACEMENT_3D('',#14280,#12135,#12136);
#11122=AXIS2_PLACEMENT_3D('',#14286,#12140,#12141);
#11123=AXIS2_PLACEMENT_3D('',#14292,#12145,#12146);
#11124=AXIS2_PLACEMENT_3D('',#14295,#12149,#12150);
#11125=AXIS2_PLACEMENT_3D('',#14296,#12151,#12152);
#11126=AXIS2_PLACEMENT_3D('',#14471,#12163,#12164);
#11127=AXIS2_PLACEMENT_3D('',#14472,#12165,#12166);
#11128=AXIS2_PLACEMENT_3D('',#14549,#12171,#12172);
#11129=AXIS2_PLACEMENT_3D('',#14649,#12182,#12183);
#11130=AXIS2_PLACEMENT_3D('',#14655,#12187,#12188);
#11131=AXIS2_PLACEMENT_3D('',#14661,#12192,#12193);
#11132=AXIS2_PLACEMENT_3D('',#14667,#12197,#12198);
#11133=AXIS2_PLACEMENT_3D('',#14670,#12201,#12202);
#11134=AXIS2_PLACEMENT_3D('',#14671,#12203,#12204);
#11135=AXIS2_PLACEMENT_3D('',#14672,#12205,#12206);
#11136=AXIS2_PLACEMENT_3D('',#14801,#12217,#12218);
#11137=AXIS2_PLACEMENT_3D('',#14841,#12222,#12223);
#11138=AXIS2_PLACEMENT_3D('',#14866,#12228,#12229);
#11139=AXIS2_PLACEMENT_3D('',#15038,#12243,#12244);
#11140=AXIS2_PLACEMENT_3D('',#15041,#12247,#12248);
#11141=AXIS2_PLACEMENT_3D('',#15042,#12249,#12250);
#11142=AXIS2_PLACEMENT_3D('',#15043,#12251,#12252);
#11143=AXIS2_PLACEMENT_3D('',#15052,#12257,#12258);
#11144=AXIS2_PLACEMENT_3D('',#15058,#12262,#12263);
#11145=AXIS2_PLACEMENT_3D('',#15064,#12267,#12268);
#11146=AXIS2_PLACEMENT_3D('',#15115,#12275,#12276);
#11147=AXIS2_PLACEMENT_3D('',#15159,#12282,#12283);
#11148=AXIS2_PLACEMENT_3D('',#15165,#12287,#12288);
#11149=AXIS2_PLACEMENT_3D('',#15171,#12292,#12293);
#11150=AXIS2_PLACEMENT_3D('',#15177,#12297,#12298);
#11151=AXIS2_PLACEMENT_3D('',#15183,#12302,#12303);
#11152=AXIS2_PLACEMENT_3D('',#15189,#12307,#12308);
#11153=AXIS2_PLACEMENT_3D('',#15195,#12312,#12313);
#11154=AXIS2_PLACEMENT_3D('',#15198,#12316,#12317);
#11155=AXIS2_PLACEMENT_3D('',#15199,#12318,#12319);
#11156=AXIS2_PLACEMENT_3D('',#15200,#12320,#12321);
#11157=AXIS2_PLACEMENT_3D('',#15243,#12328,#12329);
#11158=AXIS2_PLACEMENT_3D('',#15294,#12336,#12337);
#11159=AXIS2_PLACEMENT_3D('',#15300,#12341,#12342);
#11160=AXIS2_PLACEMENT_3D('',#15306,#12346,#12347);
#11161=AXIS2_PLACEMENT_3D('',#15312,#12351,#12352);
#11162=AXIS2_PLACEMENT_3D('',#15315,#12355,#12356);
#11163=AXIS2_PLACEMENT_3D('',#15316,#12357,#12358);
#11164=AXIS2_PLACEMENT_3D('',#15317,#12359,#12360);
#11165=AXIS2_PLACEMENT_3D('',#15326,#12365,#12366);
#11166=AXIS2_PLACEMENT_3D('',#15332,#12370,#12371);
#11167=AXIS2_PLACEMENT_3D('',#15338,#12375,#12376);
#11168=AXIS2_PLACEMENT_3D('',#15341,#12379,#12380);
#11169=AXIS2_PLACEMENT_3D('',#15342,#12381,#12382);
#11170=AXIS2_PLACEMENT_3D('',#15343,#12383,#12384);
#11171=AXIS2_PLACEMENT_3D('',#15352,#12389,#12390);
#11172=AXIS2_PLACEMENT_3D('',#15358,#12394,#12395);
#11173=AXIS2_PLACEMENT_3D('',#15364,#12399,#12400);
#11174=AXIS2_PLACEMENT_3D('',#15367,#12403,#12404);
#11175=AXIS2_PLACEMENT_3D('',#15368,#12405,#12406);
#11176=AXIS2_PLACEMENT_3D('',#15369,#12407,#12408);
#11177=AXIS2_PLACEMENT_3D('',#15378,#12413,#12414);
#11178=AXIS2_PLACEMENT_3D('',#15384,#12418,#12419);
#11179=AXIS2_PLACEMENT_3D('',#15390,#12423,#12424);
#11180=AXIS2_PLACEMENT_3D('',#15396,#12428,#12429);
#11181=AXIS2_PLACEMENT_3D('',#15402,#12433,#12434);
#11182=AXIS2_PLACEMENT_3D('',#15408,#12438,#12439);
#11183=AXIS2_PLACEMENT_3D('',#15414,#12443,#12444);
#11184=AXIS2_PLACEMENT_3D('',#15420,#12448,#12449);
#11185=AXIS2_PLACEMENT_3D('',#15426,#12453,#12454);
#11186=AXIS2_PLACEMENT_3D('',#15432,#12458,#12459);
#11187=AXIS2_PLACEMENT_3D('',#15438,#12463,#12464);
#11188=AXIS2_PLACEMENT_3D('',#15441,#12467,#12468);
#11189=AXIS2_PLACEMENT_3D('',#15442,#12469,#12470);
#11190=AXIS2_PLACEMENT_3D('',#15792,#12490,#12491);
#11191=AXIS2_PLACEMENT_3D('',#15793,#12492,#12493);
#11192=AXIS2_PLACEMENT_3D('',#15992,#12504,#12505);
#11193=AXIS2_PLACEMENT_3D('',#15993,#12506,#12507);
#11194=AXIS2_PLACEMENT_3D('',#16154,#12516,#12517);
#11195=AXIS2_PLACEMENT_3D('',#16155,#12518,#12519);
#11196=AXIS2_PLACEMENT_3D('',#16156,#12520,#12521);
#11197=AXIS2_PLACEMENT_3D('',#16165,#12526,#12527);
#11198=AXIS2_PLACEMENT_3D('',#16209,#12533,#12534);
#11199=AXIS2_PLACEMENT_3D('',#16212,#12537,#12538);
#11200=AXIS2_PLACEMENT_3D('',#16221,#12543,#12544);
#11201=AXIS2_PLACEMENT_3D('',#16265,#12550,#12551);
#11202=AXIS2_PLACEMENT_3D('',#16388,#12562,#12563);
#11203=AXIS2_PLACEMENT_3D('',#16394,#12567,#12568);
#11204=AXIS2_PLACEMENT_3D('',#16400,#12572,#12573);
#11205=AXIS2_PLACEMENT_3D('',#16403,#12576,#12577);
#11206=AXIS2_PLACEMENT_3D('',#16404,#12578,#12579);
#11207=AXIS2_PLACEMENT_3D('',#16405,#12580,#12581);
#11208=AXIS2_PLACEMENT_3D('',#16407,#12582,#12583);
#11209=AXIS2_PLACEMENT_3D('',#16409,#12584,#12585);
#11210=AXIS2_PLACEMENT_3D('',#16410,#12586,#12587);
#11211=AXIS2_PLACEMENT_3D('',#16411,#12588,#12589);
#11212=AXIS2_PLACEMENT_3D('',#16412,#12590,#12591);
#11213=AXIS2_PLACEMENT_3D('',#16421,#12596,#12597);
#11214=AXIS2_PLACEMENT_3D('',#16427,#12601,#12602);
#11215=AXIS2_PLACEMENT_3D('',#16433,#12606,#12607);
#11216=AXIS2_PLACEMENT_3D('',#16439,#12611,#12612);
#11217=AXIS2_PLACEMENT_3D('',#16445,#12616,#12617);
#11218=AXIS2_PLACEMENT_3D('',#16451,#12621,#12622);
#11219=AXIS2_PLACEMENT_3D('',#16457,#12626,#12627);
#11220=AXIS2_PLACEMENT_3D('',#16463,#12631,#12632);
#11221=AXIS2_PLACEMENT_3D('',#16469,#12636,#12637);
#11222=AXIS2_PLACEMENT_3D('',#16472,#12640,#12641);
#11223=AXIS2_PLACEMENT_3D('',#16473,#12642,#12643);
#11224=AXIS2_PLACEMENT_3D('',#16474,#12644,#12645);
#11225=AXIS2_PLACEMENT_3D('',#16483,#12650,#12651);
#11226=AXIS2_PLACEMENT_3D('',#16489,#12655,#12656);
#11227=AXIS2_PLACEMENT_3D('',#16583,#12664,#12665);
#11228=AXIS2_PLACEMENT_3D('',#16676,#12674,#12675);
#11229=AXIS2_PLACEMENT_3D('',#16682,#12679,#12680);
#11230=AXIS2_PLACEMENT_3D('',#16688,#12684,#12685);
#11231=AXIS2_PLACEMENT_3D('',#16691,#12688,#12689);
#11232=AXIS2_PLACEMENT_3D('',#16692,#12690,#12691);
#11233=AXIS2_PLACEMENT_3D('',#16693,#12692,#12693);
#11234=AXIS2_PLACEMENT_3D('',#16702,#12698,#12699);
#11235=AXIS2_PLACEMENT_3D('',#16708,#12703,#12704);
#11236=AXIS2_PLACEMENT_3D('',#16714,#12708,#12709);
#11237=AXIS2_PLACEMENT_3D('',#16717,#12712,#12713);
#11238=AXIS2_PLACEMENT_3D('',#16718,#12714,#12715);
#11239=AXIS2_PLACEMENT_3D('',#16719,#12716,#12717);
#11240=AXIS2_PLACEMENT_3D('',#16728,#12722,#12723);
#11241=AXIS2_PLACEMENT_3D('',#16734,#12727,#12728);
#11242=AXIS2_PLACEMENT_3D('',#16740,#12732,#12733);
#11243=AXIS2_PLACEMENT_3D('',#16743,#12736,#12737);
#11244=AXIS2_PLACEMENT_3D('',#16744,#12738,#12739);
#11245=AXIS2_PLACEMENT_3D('',#16866,#12747,#12748);
#11246=AXIS2_PLACEMENT_3D('',#16938,#12755,#12756);
#11247=AXIS2_PLACEMENT_3D('',#16940,#12757,#12758);
#11248=AXIS2_PLACEMENT_3D('',#16942,#12760,#12761);
#11249=AXIS2_PLACEMENT_3D('',#16945,#12764,#12765);
#11250=AXIS2_PLACEMENT_3D('',#16946,#12766,#12767);
#11251=AXIS2_PLACEMENT_3D('',#16947,#12768,#12769);
#11252=AXIS2_PLACEMENT_3D('',#17065,#12781,#12782);
#11253=AXIS2_PLACEMENT_3D('',#17155,#12790,#12791);
#11254=AXIS2_PLACEMENT_3D('',#17161,#12795,#12796);
#11255=AXIS2_PLACEMENT_3D('',#17164,#12799,#12800);
#11256=AXIS2_PLACEMENT_3D('',#17165,#12801,#12802);
#11257=AXIS2_PLACEMENT_3D('',#17317,#12812,#12813);
#11258=AXIS2_PLACEMENT_3D('',#17467,#12825,#12826);
#11259=AXIS2_PLACEMENT_3D('',#17470,#12829,#12830);
#11260=AXIS2_PLACEMENT_3D('',#17471,#12831,#12832);
#11261=AXIS2_PLACEMENT_3D('',#17472,#12833,#12834);
#11262=AXIS2_PLACEMENT_3D('',#17481,#12839,#12840);
#11263=AXIS2_PLACEMENT_3D('',#17487,#12844,#12845);
#11264=AXIS2_PLACEMENT_3D('',#17493,#12849,#12850);
#11265=AXIS2_PLACEMENT_3D('',#17499,#12854,#12855);
#11266=AXIS2_PLACEMENT_3D('',#17505,#12859,#12860);
#11267=AXIS2_PLACEMENT_3D('',#17508,#12863,#12864);
#11268=AXIS2_PLACEMENT_3D('',#17509,#12865,#12866);
#11269=AXIS2_PLACEMENT_3D('',#17510,#12867,#12868);
#11270=AXIS2_PLACEMENT_3D('',#17639,#12879,#12880);
#11271=AXIS2_PLACEMENT_3D('',#17679,#12884,#12885);
#11272=AXIS2_PLACEMENT_3D('',#17704,#12890,#12891);
#11273=AXIS2_PLACEMENT_3D('',#17876,#12905,#12906);
#11274=AXIS2_PLACEMENT_3D('',#17879,#12909,#12910);
#11275=AXIS2_PLACEMENT_3D('',#17880,#12911,#12912);
#11276=AXIS2_PLACEMENT_3D('',#17881,#12913,#12914);
#11277=AXIS2_PLACEMENT_3D('',#17890,#12919,#12920);
#11278=AXIS2_PLACEMENT_3D('',#17896,#12924,#12925);
#11279=AXIS2_PLACEMENT_3D('',#17902,#12929,#12930);
#11280=AXIS2_PLACEMENT_3D('',#17953,#12937,#12938);
#11281=AXIS2_PLACEMENT_3D('',#17997,#12944,#12945);
#11282=AXIS2_PLACEMENT_3D('',#18003,#12949,#12950);
#11283=AXIS2_PLACEMENT_3D('',#18009,#12954,#12955);
#11284=AXIS2_PLACEMENT_3D('',#18015,#12959,#12960);
#11285=AXIS2_PLACEMENT_3D('',#18021,#12964,#12965);
#11286=AXIS2_PLACEMENT_3D('',#18027,#12969,#12970);
#11287=AXIS2_PLACEMENT_3D('',#18033,#12974,#12975);
#11288=AXIS2_PLACEMENT_3D('',#18036,#12978,#12979);
#11289=AXIS2_PLACEMENT_3D('',#18037,#12980,#12981);
#11290=AXIS2_PLACEMENT_3D('',#18038,#12982,#12983);
#11291=AXIS2_PLACEMENT_3D('',#18047,#12988,#12989);
#11292=AXIS2_PLACEMENT_3D('',#18053,#12993,#12994);
#11293=AXIS2_PLACEMENT_3D('',#18059,#12998,#12999);
#11294=AXIS2_PLACEMENT_3D('',#18062,#13002,#13003);
#11295=AXIS2_PLACEMENT_3D('',#18063,#13004,#13005);
#11296=AXIS2_PLACEMENT_3D('',#18064,#13006,#13007);
#11297=AXIS2_PLACEMENT_3D('',#18182,#13019,#13020);
#11298=AXIS2_PLACEMENT_3D('',#18272,#13028,#13029);
#11299=AXIS2_PLACEMENT_3D('',#18278,#13033,#13034);
#11300=AXIS2_PLACEMENT_3D('',#18281,#13037,#13038);
#11301=AXIS2_PLACEMENT_3D('',#18282,#13039,#13040);
#11302=AXIS2_PLACEMENT_3D('',#18434,#13050,#13051);
#11303=AXIS2_PLACEMENT_3D('',#18584,#13063,#13064);
#11304=AXIS2_PLACEMENT_3D('',#18587,#13067,#13068);
#11305=AXIS2_PLACEMENT_3D('',#18588,#13069,#13070);
#11306=AXIS2_PLACEMENT_3D('',#18589,#13071,#13072);
#11307=AXIS2_PLACEMENT_3D('',#18590,#13073,#13074);
#11308=AXIS2_PLACEMENT_3D('',#18591,#13075,#13076);
#11309=DIRECTION('axis',(0.,0.,1.));
#11310=DIRECTION('refdir',(1.,0.,0.));
#11311=DIRECTION('axis',(0.,0.,1.));
#11312=DIRECTION('refdir',(1.,0.,0.));
#11313=DIRECTION('center_axis',(1.,0.,0.));
#11314=DIRECTION('ref_axis',(0.,1.,0.));
#11315=DIRECTION('',(0.,-1.,0.));
#11316=DIRECTION('',(0.,0.,1.));
#11317=DIRECTION('',(0.,1.,0.));
#11318=DIRECTION('',(0.,0.,1.));
#11319=DIRECTION('center_axis',(0.,-1.,0.));
#11320=DIRECTION('ref_axis',(1.,0.,0.));
#11321=DIRECTION('',(-1.,0.,0.));
#11322=DIRECTION('',(1.,0.,0.));
#11323=DIRECTION('',(0.,0.,1.));
#11324=DIRECTION('center_axis',(-1.,0.,0.));
#11325=DIRECTION('ref_axis',(0.,-1.,0.));
#11326=DIRECTION('',(0.,1.,0.));
#11327=DIRECTION('',(0.,-1.,0.));
#11328=DIRECTION('',(0.,0.,1.));
#11329=DIRECTION('center_axis',(0.,1.,0.));
#11330=DIRECTION('ref_axis',(-1.,0.,0.));
#11331=DIRECTION('',(1.,0.,0.));
#11332=DIRECTION('',(-1.,0.,0.));
#11333=DIRECTION('center_axis',(0.,0.,1.));
#11334=DIRECTION('ref_axis',(1.,0.,0.));
#11335=DIRECTION('center_axis',(0.,0.,1.));
#11336=DIRECTION('ref_axis',(1.,0.,0.));
#11337=DIRECTION('center_axis',(0.,1.,0.));
#11338=DIRECTION('ref_axis',(1.,0.,0.));
#11339=DIRECTION('',(1.,0.,0.));
#11340=DIRECTION('',(0.,0.,-1.));
#11341=DIRECTION('',(1.,0.,0.));
#11342=DIRECTION('',(0.,0.,-1.));
#11343=DIRECTION('center_axis',(-1.,0.,0.));
#11344=DIRECTION('ref_axis',(0.,1.,0.));
#11345=DIRECTION('',(0.,1.,0.));
#11346=DIRECTION('',(0.,1.,0.));
#11347=DIRECTION('',(0.,0.,-1.));
#11348=DIRECTION('center_axis',(0.,-1.,0.));
#11349=DIRECTION('ref_axis',(-1.,0.,0.));
#11350=DIRECTION('',(-1.,0.,0.));
#11351=DIRECTION('',(-1.,0.,0.));
#11352=DIRECTION('',(0.,0.,-1.));
#11353=DIRECTION('center_axis',(1.,0.,0.));
#11354=DIRECTION('ref_axis',(0.,-1.,0.));
#11355=DIRECTION('',(0.,-1.,0.));
#11356=DIRECTION('',(0.,-1.,0.));
#11357=DIRECTION('center_axis',(0.,0.,-1.));
#11358=DIRECTION('ref_axis',(-1.,0.,0.));
#11359=DIRECTION('center_axis',(0.,0.,1.));
#11360=DIRECTION('ref_axis',(1.,0.,0.));
#11361=DIRECTION('axis',(0.,0.,1.));
#11362=DIRECTION('refdir',(1.,0.,0.));
#11363=DIRECTION('center_axis',(-1.,0.,0.));
#11364=DIRECTION('ref_axis',(0.,-1.,0.));
#11365=DIRECTION('',(0.,-1.,0.));
#11366=DIRECTION('',(0.,0.,1.));
#11367=DIRECTION('',(0.,-1.,0.));
#11368=DIRECTION('',(0.,0.,1.));
#11369=DIRECTION('center_axis',(-5.84327907697451E-16,1.,0.));
#11370=DIRECTION('ref_axis',(-1.,-5.84327907697451E-16,0.));
#11371=DIRECTION('',(-1.,-5.84327907697451E-16,0.));
#11372=DIRECTION('',(-1.,-5.84327907697451E-16,0.));
#11373=DIRECTION('',(0.,0.,1.));
#11374=DIRECTION('center_axis',(1.,0.,0.));
#11375=DIRECTION('ref_axis',(0.,1.,0.));
#11376=DIRECTION('',(0.,1.,0.));
#11377=DIRECTION('',(0.,1.,0.));
#11378=DIRECTION('',(0.,0.,1.));
#11379=DIRECTION('center_axis',(-1.1686558153949E-15,-1.,0.));
#11380=DIRECTION('ref_axis',(1.,-1.1686558153949E-15,0.));
#11381=DIRECTION('',(1.,-1.1686558153949E-15,0.));
#11382=DIRECTION('',(1.,-1.1686558153949E-15,0.));
#11383=DIRECTION('center_axis',(0.,0.,1.));
#11384=DIRECTION('ref_axis',(1.,0.,0.));
#11385=DIRECTION('center_axis',(0.,0.,1.));
#11386=DIRECTION('ref_axis',(1.,0.,0.));
#11387=DIRECTION('center_axis',(-1.,0.,0.));
#11388=DIRECTION('ref_axis',(0.,-1.,0.));
#11389=DIRECTION('',(0.,-1.,0.));
#11390=DIRECTION('',(0.,0.,1.));
#11391=DIRECTION('',(0.,-1.,0.));
#11392=DIRECTION('',(0.,0.,1.));
#11393=DIRECTION('center_axis',(-2.92163953848725E-16,1.,0.));
#11394=DIRECTION('ref_axis',(-1.,-2.92163953848725E-16,0.));
#11395=DIRECTION('',(-1.,-2.92163953848725E-16,0.));
#11396=DIRECTION('',(-1.,-2.92163953848725E-16,0.));
#11397=DIRECTION('',(0.,0.,1.));
#11398=DIRECTION('center_axis',(1.,0.,0.));
#11399=DIRECTION('ref_axis',(0.,1.,0.));
#11400=DIRECTION('',(0.,1.,0.));
#11401=DIRECTION('',(0.,1.,0.));
#11402=DIRECTION('',(0.,0.,1.));
#11403=DIRECTION('center_axis',(-1.31473779231926E-15,-1.,0.));
#11404=DIRECTION('ref_axis',(1.,-1.31473779231926E-15,0.));
#11405=DIRECTION('',(1.,-1.31473779231926E-15,0.));
#11406=DIRECTION('',(1.,-1.31473779231926E-15,0.));
#11407=DIRECTION('center_axis',(0.,0.,1.));
#11408=DIRECTION('ref_axis',(1.,0.,0.));
#11409=DIRECTION('center_axis',(0.,0.,1.));
#11410=DIRECTION('ref_axis',(1.,0.,0.));
#11411=DIRECTION('center_axis',(-1.,0.,0.));
#11412=DIRECTION('ref_axis',(0.,-1.,0.));
#11413=DIRECTION('',(0.,-1.,0.));
#11414=DIRECTION('',(0.,0.,1.));
#11415=DIRECTION('',(0.,-1.,0.));
#11416=DIRECTION('',(0.,0.,1.));
#11417=DIRECTION('center_axis',(-2.19122965386544E-16,1.,0.));
#11418=DIRECTION('ref_axis',(-1.,-2.19122965386544E-16,0.));
#11419=DIRECTION('',(-1.,-2.19122965386544E-16,0.));
#11420=DIRECTION('',(-1.,-2.19122965386544E-16,0.));
#11421=DIRECTION('',(0.,0.,1.));
#11422=DIRECTION('center_axis',(1.,0.,0.));
#11423=DIRECTION('ref_axis',(0.,1.,0.));
#11424=DIRECTION('',(0.,1.,0.));
#11425=DIRECTION('',(0.,1.,0.));
#11426=DIRECTION('',(0.,0.,1.));
#11427=DIRECTION('center_axis',(-1.60690174616799E-15,-1.,0.));
#11428=DIRECTION('ref_axis',(1.,-1.60690174616799E-15,0.));
#11429=DIRECTION('',(1.,-1.60690174616799E-15,0.));
#11430=DIRECTION('',(1.,-1.60690174616799E-15,0.));
#11431=DIRECTION('center_axis',(0.,0.,1.));
#11432=DIRECTION('ref_axis',(1.,0.,0.));
#11433=DIRECTION('center_axis',(0.,0.,1.));
#11434=DIRECTION('ref_axis',(1.,0.,0.));
#11435=DIRECTION('center_axis',(-1.,0.,0.));
#11436=DIRECTION('ref_axis',(0.,-1.,0.));
#11437=DIRECTION('',(0.,-1.,0.));
#11438=DIRECTION('',(0.,0.,1.));
#11439=DIRECTION('',(0.,-1.,0.));
#11440=DIRECTION('',(0.,0.,1.));
#11441=DIRECTION('center_axis',(-2.92163953848725E-16,1.,0.));
#11442=DIRECTION('ref_axis',(-1.,-2.92163953848725E-16,0.));
#11443=DIRECTION('',(-1.,-2.92163953848725E-16,0.));
#11444=DIRECTION('',(-1.,-2.92163953848725E-16,0.));
#11445=DIRECTION('',(0.,0.,1.));
#11446=DIRECTION('center_axis',(1.,0.,0.));
#11447=DIRECTION('ref_axis',(0.,1.,0.));
#11448=DIRECTION('',(0.,1.,0.));
#11449=DIRECTION('',(0.,1.,0.));
#11450=DIRECTION('',(0.,0.,1.));
#11451=DIRECTION('center_axis',(-1.1686558153949E-15,-1.,0.));
#11452=DIRECTION('ref_axis',(1.,-1.1686558153949E-15,0.));
#11453=DIRECTION('',(1.,-1.1686558153949E-15,0.));
#11454=DIRECTION('',(1.,-1.1686558153949E-15,0.));
#11455=DIRECTION('center_axis',(0.,0.,1.));
#11456=DIRECTION('ref_axis',(1.,0.,0.));
#11457=DIRECTION('center_axis',(0.,0.,1.));
#11458=DIRECTION('ref_axis',(1.,0.,0.));
#11459=DIRECTION('center_axis',(5.84327907697451E-16,-1.,0.));
#11460=DIRECTION('ref_axis',(1.,5.84327907697451E-16,0.));
#11461=DIRECTION('',(-1.,-5.84327907697451E-16,0.));
#11462=DIRECTION('',(0.,0.,1.));
#11463=DIRECTION('',(1.,5.84327907697451E-16,0.));
#11464=DIRECTION('',(0.,0.,1.));
#11465=DIRECTION('center_axis',(-1.,-2.22044604925031E-15,0.));
#11466=DIRECTION('ref_axis',(2.22044604925031E-15,-1.,0.));
#11467=DIRECTION('',(-2.22044604925031E-15,1.,0.));
#11468=DIRECTION('',(2.22044604925031E-15,-1.,0.));
#11469=DIRECTION('',(0.,0.,1.));
#11470=DIRECTION('center_axis',(-5.84327907697451E-16,1.,0.));
#11471=DIRECTION('ref_axis',(-1.,-5.84327907697451E-16,0.));
#11472=DIRECTION('',(1.,5.84327907697451E-16,0.));
#11473=DIRECTION('',(-1.,-5.84327907697451E-16,0.));
#11474=DIRECTION('',(0.,0.,1.));
#11475=DIRECTION('center_axis',(1.,2.22044604925031E-15,0.));
#11476=DIRECTION('ref_axis',(-2.22044604925031E-15,1.,0.));
#11477=DIRECTION('',(2.22044604925031E-15,-1.,0.));
#11478=DIRECTION('',(-2.22044604925031E-15,1.,0.));
#11479=DIRECTION('center_axis',(0.,0.,1.));
#11480=DIRECTION('ref_axis',(1.,0.,0.));
#11481=DIRECTION('center_axis',(0.,0.,1.));
#11482=DIRECTION('ref_axis',(1.,0.,0.));
#11483=DIRECTION('center_axis',(-1.,0.,0.));
#11484=DIRECTION('ref_axis',(0.,-1.,0.));
#11485=DIRECTION('',(0.,1.,0.));
#11486=DIRECTION('',(0.,0.,1.));
#11487=DIRECTION('',(0.,-1.,0.));
#11488=DIRECTION('',(0.,0.,1.));
#11489=DIRECTION('center_axis',(0.,1.,0.));
#11490=DIRECTION('ref_axis',(-1.,0.,0.));
#11491=DIRECTION('',(1.,0.,0.));
#11492=DIRECTION('',(-1.,0.,0.));
#11493=DIRECTION('',(0.,0.,1.));
#11494=DIRECTION('center_axis',(1.,0.,0.));
#11495=DIRECTION('ref_axis',(0.,1.,0.));
#11496=DIRECTION('',(0.,-1.,0.));
#11497=DIRECTION('',(0.,1.,0.));
#11498=DIRECTION('',(0.,0.,1.));
#11499=DIRECTION('center_axis',(1.75298372309235E-15,-1.,0.));
#11500=DIRECTION('ref_axis',(1.,1.75298372309235E-15,0.));
#11501=DIRECTION('',(-1.,-1.75298372309235E-15,0.));
#11502=DIRECTION('',(1.,1.75298372309235E-15,0.));
#11503=DIRECTION('center_axis',(0.,0.,1.));
#11504=DIRECTION('ref_axis',(1.,0.,0.));
#11505=DIRECTION('center_axis',(0.,0.,1.));
#11506=DIRECTION('ref_axis',(1.,0.,0.));
#11507=DIRECTION('center_axis',(-1.,0.,0.));
#11508=DIRECTION('ref_axis',(0.,-1.,0.));
#11509=DIRECTION('',(0.,1.,0.));
#11510=DIRECTION('',(0.,0.,1.));
#11511=DIRECTION('',(0.,-1.,0.));
#11512=DIRECTION('',(0.,0.,1.));
#11513=DIRECTION('center_axis',(0.,1.,0.));
#11514=DIRECTION('ref_axis',(-1.,0.,0.));
#11515=DIRECTION('',(1.,0.,0.));
#11516=DIRECTION('',(-1.,0.,0.));
#11517=DIRECTION('',(0.,0.,1.));
#11518=DIRECTION('center_axis',(1.,0.,0.));
#11519=DIRECTION('ref_axis',(0.,1.,0.));
#11520=DIRECTION('',(0.,-1.,0.));
#11521=DIRECTION('',(0.,1.,0.));
#11522=DIRECTION('',(0.,0.,1.));
#11523=DIRECTION('center_axis',(1.75298372309235E-15,-1.,0.));
#11524=DIRECTION('ref_axis',(1.,1.75298372309235E-15,0.));
#11525=DIRECTION('',(-1.,-1.75298372309235E-15,0.));
#11526=DIRECTION('',(1.,1.75298372309235E-15,0.));
#11527=DIRECTION('center_axis',(0.,0.,1.));
#11528=DIRECTION('ref_axis',(1.,0.,0.));
#11529=DIRECTION('center_axis',(0.,0.,1.));
#11530=DIRECTION('ref_axis',(1.,0.,0.));
#11531=DIRECTION('center_axis',(-1.,0.,0.));
#11532=DIRECTION('ref_axis',(0.,-1.,0.));
#11533=DIRECTION('',(0.,1.,0.));
#11534=DIRECTION('',(0.,0.,1.));
#11535=DIRECTION('',(0.,-1.,0.));
#11536=DIRECTION('',(0.,0.,1.));
#11537=DIRECTION('center_axis',(0.,1.,0.));
#11538=DIRECTION('ref_axis',(-1.,0.,0.));
#11539=DIRECTION('',(1.,0.,0.));
#11540=DIRECTION('',(-1.,0.,0.));
#11541=DIRECTION('',(0.,0.,1.));
#11542=DIRECTION('center_axis',(1.,0.,0.));
#11543=DIRECTION('ref_axis',(0.,1.,0.));
#11544=DIRECTION('',(0.,-1.,0.));
#11545=DIRECTION('',(0.,1.,0.));
#11546=DIRECTION('',(0.,0.,1.));
#11547=DIRECTION('center_axis',(1.75298372309235E-15,-1.,0.));
#11548=DIRECTION('ref_axis',(1.,1.75298372309235E-15,0.));
#11549=DIRECTION('',(-1.,-1.75298372309235E-15,0.));
#11550=DIRECTION('',(1.,1.75298372309235E-15,0.));
#11551=DIRECTION('center_axis',(0.,0.,1.));
#11552=DIRECTION('ref_axis',(1.,0.,0.));
#11553=DIRECTION('center_axis',(0.,0.,1.));
#11554=DIRECTION('ref_axis',(1.,0.,0.));
#11555=DIRECTION('center_axis',(-1.,0.,0.));
#11556=DIRECTION('ref_axis',(0.,-1.,0.));
#11557=DIRECTION('',(0.,1.,0.));
#11558=DIRECTION('',(0.,0.,1.));
#11559=DIRECTION('',(0.,-1.,0.));
#11560=DIRECTION('',(0.,0.,1.));
#11561=DIRECTION('center_axis',(0.,1.,0.));
#11562=DIRECTION('ref_axis',(-1.,0.,0.));
#11563=DIRECTION('',(1.,0.,0.));
#11564=DIRECTION('',(-1.,0.,0.));
#11565=DIRECTION('',(0.,0.,1.));
#11566=DIRECTION('center_axis',(1.,0.,0.));
#11567=DIRECTION('ref_axis',(0.,1.,0.));
#11568=DIRECTION('',(0.,-1.,0.));
#11569=DIRECTION('',(0.,1.,0.));
#11570=DIRECTION('',(0.,0.,1.));
#11571=DIRECTION('center_axis',(1.75298372309235E-15,-1.,0.));
#11572=DIRECTION('ref_axis',(1.,1.75298372309235E-15,0.));
#11573=DIRECTION('',(-1.,-1.75298372309235E-15,0.));
#11574=DIRECTION('',(1.,1.75298372309235E-15,0.));
#11575=DIRECTION('center_axis',(0.,0.,1.));
#11576=DIRECTION('ref_axis',(1.,0.,0.));
#11577=DIRECTION('center_axis',(0.,0.,1.));
#11578=DIRECTION('ref_axis',(1.,0.,0.));
#11579=DIRECTION('center_axis',(-1.,0.,0.));
#11580=DIRECTION('ref_axis',(0.,-1.,0.));
#11581=DIRECTION('',(0.,1.,0.));
#11582=DIRECTION('',(0.,0.,1.));
#11583=DIRECTION('',(0.,-1.,0.));
#11584=DIRECTION('',(0.,0.,1.));
#11585=DIRECTION('center_axis',(0.,1.,0.));
#11586=DIRECTION('ref_axis',(-1.,0.,0.));
#11587=DIRECTION('',(1.,0.,0.));
#11588=DIRECTION('',(-1.,0.,0.));
#11589=DIRECTION('',(0.,0.,1.));
#11590=DIRECTION('center_axis',(1.,0.,0.));
#11591=DIRECTION('ref_axis',(0.,1.,0.));
#11592=DIRECTION('',(0.,-1.,0.));
#11593=DIRECTION('',(0.,1.,0.));
#11594=DIRECTION('',(0.,0.,1.));
#11595=DIRECTION('center_axis',(0.,-1.,0.));
#11596=DIRECTION('ref_axis',(1.,0.,0.));
#11597=DIRECTION('',(-1.,0.,0.));
#11598=DIRECTION('',(1.,0.,0.));
#11599=DIRECTION('center_axis',(0.,0.,1.));
#11600=DIRECTION('ref_axis',(1.,0.,0.));
#11601=DIRECTION('center_axis',(0.,0.,1.));
#11602=DIRECTION('ref_axis',(1.,0.,0.));
#11603=DIRECTION('center_axis',(-1.,0.,0.));
#11604=DIRECTION('ref_axis',(0.,-1.,0.));
#11605=DIRECTION('',(0.,1.,0.));
#11606=DIRECTION('',(0.,0.,1.));
#11607=DIRECTION('',(0.,-1.,0.));
#11608=DIRECTION('',(0.,0.,1.));
#11609=DIRECTION('center_axis',(0.,1.,0.));
#11610=DIRECTION('ref_axis',(-1.,0.,0.));
#11611=DIRECTION('',(1.,0.,0.));
#11612=DIRECTION('',(-1.,0.,0.));
#11613=DIRECTION('',(0.,0.,1.));
#11614=DIRECTION('center_axis',(1.,0.,0.));
#11615=DIRECTION('ref_axis',(0.,1.,0.));
#11616=DIRECTION('',(0.,-1.,0.));
#11617=DIRECTION('',(0.,1.,0.));
#11618=DIRECTION('',(0.,0.,1.));
#11619=DIRECTION('center_axis',(0.,-1.,0.));
#11620=DIRECTION('ref_axis',(1.,0.,0.));
#11621=DIRECTION('',(-1.,0.,0.));
#11622=DIRECTION('',(1.,0.,0.));
#11623=DIRECTION('center_axis',(0.,0.,1.));
#11624=DIRECTION('ref_axis',(1.,0.,0.));
#11625=DIRECTION('center_axis',(0.,0.,1.));
#11626=DIRECTION('ref_axis',(1.,0.,0.));
#11627=DIRECTION('center_axis',(-1.,0.,0.));
#11628=DIRECTION('ref_axis',(0.,-1.,0.));
#11629=DIRECTION('',(0.,-1.,0.));
#11630=DIRECTION('',(0.,0.,1.));
#11631=DIRECTION('',(0.,-1.,0.));
#11632=DIRECTION('',(0.,0.,1.));
#11633=DIRECTION('center_axis',(0.,1.,0.));
#11634=DIRECTION('ref_axis',(-1.,0.,0.));
#11635=DIRECTION('',(-1.,0.,0.));
#11636=DIRECTION('',(-1.,0.,0.));
#11637=DIRECTION('',(0.,0.,1.));
#11638=DIRECTION('center_axis',(1.,0.,0.));
#11639=DIRECTION('ref_axis',(0.,1.,0.));
#11640=DIRECTION('',(0.,1.,0.));
#11641=DIRECTION('',(0.,1.,0.));
#11642=DIRECTION('',(0.,0.,1.));
#11643=DIRECTION('center_axis',(0.,-1.,0.));
#11644=DIRECTION('ref_axis',(1.,0.,0.));
#11645=DIRECTION('',(1.,0.,0.));
#11646=DIRECTION('',(1.,0.,0.));
#11647=DIRECTION('center_axis',(0.,0.,1.));
#11648=DIRECTION('ref_axis',(1.,0.,0.));
#11649=DIRECTION('center_axis',(0.,0.,1.));
#11650=DIRECTION('ref_axis',(1.,0.,0.));
#11651=DIRECTION('center_axis',(-1.,0.,0.));
#11652=DIRECTION('ref_axis',(0.,-1.,0.));
#11653=DIRECTION('',(0.,-1.,0.));
#11654=DIRECTION('',(0.,0.,1.));
#11655=DIRECTION('',(0.,-1.,0.));
#11656=DIRECTION('',(0.,0.,1.));
#11657=DIRECTION('center_axis',(0.,1.,0.));
#11658=DIRECTION('ref_axis',(-1.,0.,0.));
#11659=DIRECTION('',(-1.,0.,0.));
#11660=DIRECTION('',(-1.,0.,0.));
#11661=DIRECTION('',(0.,0.,1.));
#11662=DIRECTION('center_axis',(1.,0.,0.));
#11663=DIRECTION('ref_axis',(0.,1.,0.));
#11664=DIRECTION('',(0.,1.,0.));
#11665=DIRECTION('',(0.,1.,0.));
#11666=DIRECTION('',(0.,0.,1.));
#11667=DIRECTION('center_axis',(0.,-1.,0.));
#11668=DIRECTION('ref_axis',(1.,0.,0.));
#11669=DIRECTION('',(1.,0.,0.));
#11670=DIRECTION('',(1.,0.,0.));
#11671=DIRECTION('center_axis',(0.,0.,1.));
#11672=DIRECTION('ref_axis',(1.,0.,0.));
#11673=DIRECTION('center_axis',(0.,0.,1.));
#11674=DIRECTION('ref_axis',(1.,0.,0.));
#11675=DIRECTION('center_axis',(-1.,0.,0.));
#11676=DIRECTION('ref_axis',(0.,-1.,0.));
#11677=DIRECTION('',(0.,-1.,0.));
#11678=DIRECTION('',(0.,0.,1.));
#11679=DIRECTION('',(0.,-1.,0.));
#11680=DIRECTION('',(0.,0.,1.));
#11681=DIRECTION('center_axis',(0.,1.,0.));
#11682=DIRECTION('ref_axis',(-1.,0.,0.));
#11683=DIRECTION('',(-1.,0.,0.));
#11684=DIRECTION('',(-1.,0.,0.));
#11685=DIRECTION('',(0.,0.,1.));
#11686=DIRECTION('center_axis',(1.,0.,0.));
#11687=DIRECTION('ref_axis',(0.,1.,0.));
#11688=DIRECTION('',(0.,1.,0.));
#11689=DIRECTION('',(0.,1.,0.));
#11690=DIRECTION('',(0.,0.,1.));
#11691=DIRECTION('center_axis',(0.,-1.,0.));
#11692=DIRECTION('ref_axis',(1.,0.,0.));
#11693=DIRECTION('',(1.,0.,0.));
#11694=DIRECTION('',(1.,0.,0.));
#11695=DIRECTION('center_axis',(0.,0.,1.));
#11696=DIRECTION('ref_axis',(1.,0.,0.));
#11697=DIRECTION('center_axis',(0.,0.,1.));
#11698=DIRECTION('ref_axis',(1.,0.,0.));
#11699=DIRECTION('center_axis',(0.,-1.,0.));
#11700=DIRECTION('ref_axis',(1.,0.,0.));
#11701=DIRECTION('',(-1.,0.,0.));
#11702=DIRECTION('',(0.,0.,1.));
#11703=DIRECTION('',(1.,0.,0.));
#11704=DIRECTION('',(0.,0.,1.));
#11705=DIRECTION('center_axis',(-1.,0.,0.));
#11706=DIRECTION('ref_axis',(0.,-1.,0.));
#11707=DIRECTION('',(0.,1.,0.));
#11708=DIRECTION('',(0.,-1.,0.));
#11709=DIRECTION('',(0.,0.,1.));
#11710=DIRECTION('center_axis',(0.,1.,0.));
#11711=DIRECTION('ref_axis',(-1.,0.,0.));
#11712=DIRECTION('',(1.,0.,0.));
#11713=DIRECTION('',(-1.,0.,0.));
#11714=DIRECTION('',(0.,0.,1.));
#11715=DIRECTION('center_axis',(1.,0.,0.));
#11716=DIRECTION('ref_axis',(0.,1.,0.));
#11717=DIRECTION('',(0.,-1.,0.));
#11718=DIRECTION('',(0.,1.,0.));
#11719=DIRECTION('center_axis',(0.,0.,1.));
#11720=DIRECTION('ref_axis',(1.,0.,0.));
#11721=DIRECTION('center_axis',(0.,0.,1.));
#11722=DIRECTION('ref_axis',(1.,0.,0.));
#11723=DIRECTION('center_axis',(0.,1.,0.));
#11724=DIRECTION('ref_axis',(-1.,0.,0.));
#11725=DIRECTION('',(-1.,0.,0.));
#11726=DIRECTION('',(0.,0.,1.));
#11727=DIRECTION('',(-1.,0.,0.));
#11728=DIRECTION('',(0.,0.,1.));
#11729=DIRECTION('center_axis',(1.,0.,0.));
#11730=DIRECTION('ref_axis',(0.,1.,0.));
#11731=DIRECTION('',(0.,1.,0.));
#11732=DIRECTION('',(0.,1.,0.));
#11733=DIRECTION('',(0.,0.,1.));
#11734=DIRECTION('center_axis',(0.,-1.,0.));
#11735=DIRECTION('ref_axis',(1.,0.,0.));
#11736=DIRECTION('',(1.,0.,0.));
#11737=DIRECTION('',(1.,0.,0.));
#11738=DIRECTION('',(0.,0.,1.));
#11739=DIRECTION('center_axis',(-1.,0.,0.));
#11740=DIRECTION('ref_axis',(0.,-1.,0.));
#11741=DIRECTION('',(0.,-1.,0.));
#11742=DIRECTION('',(0.,-1.,0.));
#11743=DIRECTION('center_axis',(0.,0.,1.));
#11744=DIRECTION('ref_axis',(1.,0.,0.));
#11745=DIRECTION('center_axis',(0.,0.,1.));
#11746=DIRECTION('ref_axis',(1.,0.,0.));
#11747=DIRECTION('center_axis',(-1.,0.,0.));
#11748=DIRECTION('ref_axis',(0.,-1.,0.));
#11749=DIRECTION('',(0.,-1.,0.));
#11750=DIRECTION('',(0.,0.,1.));
#11751=DIRECTION('',(0.,-1.,0.));
#11752=DIRECTION('',(0.,0.,1.));
#11753=DIRECTION('center_axis',(0.,1.,0.));
#11754=DIRECTION('ref_axis',(-1.,0.,0.));
#11755=DIRECTION('',(-1.,0.,0.));
#11756=DIRECTION('',(-1.,0.,0.));
#11757=DIRECTION('',(0.,0.,1.));
#11758=DIRECTION('center_axis',(1.,0.,0.));
#11759=DIRECTION('ref_axis',(0.,1.,0.));
#11760=DIRECTION('',(0.,1.,0.));
#11761=DIRECTION('',(0.,1.,0.));
#11762=DIRECTION('',(0.,0.,1.));
#11763=DIRECTION('center_axis',(0.,-1.,0.));
#11764=DIRECTION('ref_axis',(1.,0.,0.));
#11765=DIRECTION('',(1.,0.,0.));
#11766=DIRECTION('',(1.,0.,0.));
#11767=DIRECTION('center_axis',(0.,0.,1.));
#11768=DIRECTION('ref_axis',(1.,0.,0.));
#11769=DIRECTION('center_axis',(0.,0.,1.));
#11770=DIRECTION('ref_axis',(1.,0.,0.));
#11771=DIRECTION('center_axis',(1.,0.,0.));
#11772=DIRECTION('ref_axis',(0.,1.,0.));
#11773=DIRECTION('',(0.,1.,0.));
#11774=DIRECTION('',(0.,0.,1.));
#11775=DIRECTION('',(0.,1.,0.));
#11776=DIRECTION('',(0.,0.,1.));
#11777=DIRECTION('center_axis',(0.,-1.,0.));
#11778=DIRECTION('ref_axis',(1.,0.,0.));
#11779=DIRECTION('',(1.,0.,0.));
#11780=DIRECTION('',(1.,0.,0.));
#11781=DIRECTION('',(0.,0.,1.));
#11782=DIRECTION('center_axis',(-1.,0.,0.));
#11783=DIRECTION('ref_axis',(0.,-1.,0.));
#11784=DIRECTION('',(0.,-1.,0.));
#11785=DIRECTION('',(0.,-1.,0.));
#11786=DIRECTION('',(0.,0.,1.));
#11787=DIRECTION('center_axis',(0.,1.,0.));
#11788=DIRECTION('ref_axis',(-1.,0.,0.));
#11789=DIRECTION('',(-1.,0.,0.));
#11790=DIRECTION('',(-1.,0.,0.));
#11791=DIRECTION('center_axis',(0.,0.,1.));
#11792=DIRECTION('ref_axis',(1.,0.,0.));
#11793=DIRECTION('center_axis',(0.,0.,1.));
#11794=DIRECTION('ref_axis',(1.,0.,0.));
#11795=DIRECTION('center_axis',(-1.,0.,0.));
#11796=DIRECTION('ref_axis',(0.,-1.,0.));
#11797=DIRECTION('',(0.,1.,0.));
#11798=DIRECTION('',(0.,0.,1.));
#11799=DIRECTION('',(0.,-1.,0.));
#11800=DIRECTION('',(0.,0.,1.));
#11801=DIRECTION('center_axis',(0.,1.,0.));
#11802=DIRECTION('ref_axis',(-1.,0.,0.));
#11803=DIRECTION('',(1.,0.,0.));
#11804=DIRECTION('',(-1.,0.,0.));
#11805=DIRECTION('',(0.,0.,1.));
#11806=DIRECTION('center_axis',(1.,0.,0.));
#11807=DIRECTION('ref_axis',(0.,1.,0.));
#11808=DIRECTION('',(0.,-1.,0.));
#11809=DIRECTION('',(0.,1.,0.));
#11810=DIRECTION('',(0.,0.,1.));
#11811=DIRECTION('center_axis',(1.75298372309235E-15,-1.,0.));
#11812=DIRECTION('ref_axis',(1.,1.75298372309235E-15,0.));
#11813=DIRECTION('',(-1.,-1.75298372309235E-15,0.));
#11814=DIRECTION('',(1.,1.75298372309235E-15,0.));
#11815=DIRECTION('center_axis',(0.,0.,1.));
#11816=DIRECTION('ref_axis',(1.,0.,0.));
#11817=DIRECTION('center_axis',(0.,0.,1.));
#11818=DIRECTION('ref_axis',(1.,0.,0.));
#11819=DIRECTION('center_axis',(-1.,0.,0.));
#11820=DIRECTION('ref_axis',(0.,-1.,0.));
#11821=DIRECTION('',(0.,1.,0.));
#11822=DIRECTION('',(0.,0.,1.));
#11823=DIRECTION('',(0.,-1.,0.));
#11824=DIRECTION('',(0.,0.,1.));
#11825=DIRECTION('center_axis',(0.,1.,0.));
#11826=DIRECTION('ref_axis',(-1.,0.,0.));
#11827=DIRECTION('',(1.,0.,0.));
#11828=DIRECTION('',(-1.,0.,0.));
#11829=DIRECTION('',(0.,0.,1.));
#11830=DIRECTION('center_axis',(1.,0.,0.));
#11831=DIRECTION('ref_axis',(0.,1.,0.));
#11832=DIRECTION('',(0.,-1.,0.));
#11833=DIRECTION('',(0.,1.,0.));
#11834=DIRECTION('',(0.,0.,1.));
#11835=DIRECTION('center_axis',(1.75298372309235E-15,-1.,0.));
#11836=DIRECTION('ref_axis',(1.,1.75298372309235E-15,0.));
#11837=DIRECTION('',(-1.,-1.75298372309235E-15,0.));
#11838=DIRECTION('',(1.,1.75298372309235E-15,0.));
#11839=DIRECTION('center_axis',(0.,0.,1.));
#11840=DIRECTION('ref_axis',(1.,0.,0.));
#11841=DIRECTION('center_axis',(0.,0.,1.));
#11842=DIRECTION('ref_axis',(1.,0.,0.));
#11843=DIRECTION('center_axis',(-1.,0.,0.));
#11844=DIRECTION('ref_axis',(0.,-1.,0.));
#11845=DIRECTION('',(0.,1.,0.));
#11846=DIRECTION('',(0.,0.,1.));
#11847=DIRECTION('',(0.,-1.,0.));
#11848=DIRECTION('',(0.,0.,1.));
#11849=DIRECTION('center_axis',(0.,1.,0.));
#11850=DIRECTION('ref_axis',(-1.,0.,0.));
#11851=DIRECTION('',(1.,0.,0.));
#11852=DIRECTION('',(-1.,0.,0.));
#11853=DIRECTION('',(0.,0.,1.));
#11854=DIRECTION('center_axis',(1.,0.,0.));
#11855=DIRECTION('ref_axis',(0.,1.,0.));
#11856=DIRECTION('',(0.,-1.,0.));
#11857=DIRECTION('',(0.,1.,0.));
#11858=DIRECTION('',(0.,0.,1.));
#11859=DIRECTION('center_axis',(1.75298372309235E-15,-1.,0.));
#11860=DIRECTION('ref_axis',(1.,1.75298372309235E-15,0.));
#11861=DIRECTION('',(-1.,-1.75298372309235E-15,0.));
#11862=DIRECTION('',(1.,1.75298372309235E-15,0.));
#11863=DIRECTION('center_axis',(0.,0.,1.));
#11864=DIRECTION('ref_axis',(1.,0.,0.));
#11865=DIRECTION('center_axis',(0.,0.,1.));
#11866=DIRECTION('ref_axis',(1.,0.,0.));
#11867=DIRECTION('center_axis',(-1.,0.,0.));
#11868=DIRECTION('ref_axis',(0.,-1.,0.));
#11869=DIRECTION('',(0.,1.,0.));
#11870=DIRECTION('',(0.,0.,1.));
#11871=DIRECTION('',(0.,-1.,0.));
#11872=DIRECTION('',(0.,0.,1.));
#11873=DIRECTION('center_axis',(0.,1.,0.));
#11874=DIRECTION('ref_axis',(-1.,0.,0.));
#11875=DIRECTION('',(1.,0.,0.));
#11876=DIRECTION('',(-1.,0.,0.));
#11877=DIRECTION('',(0.,0.,1.));
#11878=DIRECTION('center_axis',(1.,0.,0.));
#11879=DIRECTION('ref_axis',(0.,1.,0.));
#11880=DIRECTION('',(0.,-1.,0.));
#11881=DIRECTION('',(0.,1.,0.));
#11882=DIRECTION('',(0.,0.,1.));
#11883=DIRECTION('center_axis',(1.75298372309235E-15,-1.,0.));
#11884=DIRECTION('ref_axis',(1.,1.75298372309235E-15,0.));
#11885=DIRECTION('',(-1.,-1.75298372309235E-15,0.));
#11886=DIRECTION('',(1.,1.75298372309235E-15,0.));
#11887=DIRECTION('center_axis',(0.,0.,1.));
#11888=DIRECTION('ref_axis',(1.,0.,0.));
#11889=DIRECTION('center_axis',(0.,0.,1.));
#11890=DIRECTION('ref_axis',(1.,0.,0.));
#11891=DIRECTION('center_axis',(-1.,0.,0.));
#11892=DIRECTION('ref_axis',(0.,-1.,0.));
#11893=DIRECTION('',(0.,1.,0.));
#11894=DIRECTION('',(0.,0.,1.));
#11895=DIRECTION('',(0.,-1.,0.));
#11896=DIRECTION('',(0.,0.,1.));
#11897=DIRECTION('center_axis',(0.,1.,0.));
#11898=DIRECTION('ref_axis',(-1.,0.,0.));
#11899=DIRECTION('',(1.,0.,0.));
#11900=DIRECTION('',(-1.,0.,0.));
#11901=DIRECTION('',(0.,0.,1.));
#11902=DIRECTION('center_axis',(1.,0.,0.));
#11903=DIRECTION('ref_axis',(0.,1.,0.));
#11904=DIRECTION('',(0.,-1.,0.));
#11905=DIRECTION('',(0.,1.,0.));
#11906=DIRECTION('',(0.,0.,1.));
#11907=DIRECTION('center_axis',(1.75298372309235E-15,-1.,0.));
#11908=DIRECTION('ref_axis',(1.,1.75298372309235E-15,0.));
#11909=DIRECTION('',(-1.,-1.75298372309235E-15,0.));
#11910=DIRECTION('',(1.,1.75298372309235E-15,0.));
#11911=DIRECTION('center_axis',(0.,0.,1.));
#11912=DIRECTION('ref_axis',(1.,0.,0.));
#11913=DIRECTION('center_axis',(0.,0.,1.));
#11914=DIRECTION('ref_axis',(1.,0.,0.));
#11915=DIRECTION('center_axis',(-1.,0.,0.));
#11916=DIRECTION('ref_axis',(0.,-1.,0.));
#11917=DIRECTION('',(0.,-1.,0.));
#11918=DIRECTION('',(0.,0.,1.));
#11919=DIRECTION('',(0.,-1.,0.));
#11920=DIRECTION('',(0.,0.,1.));
#11921=DIRECTION('center_axis',(-5.84327907697451E-16,1.,0.));
#11922=DIRECTION('ref_axis',(-1.,-5.84327907697451E-16,0.));
#11923=DIRECTION('',(-1.,-5.84327907697451E-16,0.));
#11924=DIRECTION('',(-1.,-5.84327907697451E-16,0.));
#11925=DIRECTION('',(0.,0.,1.));
#11926=DIRECTION('center_axis',(1.,0.,0.));
#11927=DIRECTION('ref_axis',(0.,1.,0.));
#11928=DIRECTION('',(0.,1.,0.));
#11929=DIRECTION('',(0.,1.,0.));
#11930=DIRECTION('',(0.,0.,1.));
#11931=DIRECTION('center_axis',(-1.1686558153949E-15,-1.,0.));
#11932=DIRECTION('ref_axis',(1.,-1.1686558153949E-15,0.));
#11933=DIRECTION('',(1.,-1.1686558153949E-15,0.));
#11934=DIRECTION('',(1.,-1.1686558153949E-15,0.));
#11935=DIRECTION('center_axis',(0.,0.,1.));
#11936=DIRECTION('ref_axis',(1.,0.,0.));
#11937=DIRECTION('center_axis',(0.,0.,1.));
#11938=DIRECTION('ref_axis',(1.,0.,0.));
#11939=DIRECTION('center_axis',(-1.,0.,0.));
#11940=DIRECTION('ref_axis',(0.,-1.,0.));
#11941=DIRECTION('',(0.,1.,0.));
#11942=DIRECTION('',(0.,0.,1.));
#11943=DIRECTION('',(0.,-1.,0.));
#11944=DIRECTION('',(0.,0.,1.));
#11945=DIRECTION('center_axis',(-2.92163953848725E-16,1.,0.));
#11946=DIRECTION('ref_axis',(-1.,-2.92163953848725E-16,0.));
#11947=DIRECTION('',(1.,2.92163953848725E-16,0.));
#11948=DIRECTION('',(-1.,-2.92163953848725E-16,0.));
#11949=DIRECTION('',(0.,0.,1.));
#11950=DIRECTION('center_axis',(1.,0.,0.));
#11951=DIRECTION('ref_axis',(0.,1.,0.));
#11952=DIRECTION('',(0.,-1.,0.));
#11953=DIRECTION('',(0.,1.,0.));
#11954=DIRECTION('',(0.,0.,1.));
#11955=DIRECTION('center_axis',(-1.46081976924363E-15,-1.,0.));
#11956=DIRECTION('ref_axis',(1.,-1.46081976924363E-15,0.));
#11957=DIRECTION('',(-1.,1.46081976924363E-15,0.));
#11958=DIRECTION('',(1.,-1.46081976924363E-15,0.));
#11959=DIRECTION('center_axis',(0.,0.,1.));
#11960=DIRECTION('ref_axis',(1.,0.,0.));
#11961=DIRECTION('center_axis',(0.,0.,1.));
#11962=DIRECTION('ref_axis',(1.,0.,0.));
#11963=DIRECTION('center_axis',(-1.,0.,0.));
#11964=DIRECTION('ref_axis',(0.,-1.,0.));
#11965=DIRECTION('',(0.,-1.,0.));
#11966=DIRECTION('',(0.,0.,1.));
#11967=DIRECTION('',(0.,-1.,0.));
#11968=DIRECTION('',(0.,0.,1.));
#11969=DIRECTION('center_axis',(-1.46081976924363E-16,1.,0.));
#11970=DIRECTION('ref_axis',(-1.,-1.46081976924363E-16,0.));
#11971=DIRECTION('',(-1.,-1.46081976924363E-16,0.));
#11972=DIRECTION('',(-1.,-1.46081976924363E-16,0.));
#11973=DIRECTION('',(0.,0.,1.));
#11974=DIRECTION('center_axis',(1.,0.,0.));
#11975=DIRECTION('ref_axis',(0.,1.,0.));
#11976=DIRECTION('',(0.,1.,0.));
#11977=DIRECTION('',(0.,1.,0.));
#11978=DIRECTION('',(0.,0.,1.));
#11979=DIRECTION('center_axis',(-1.53386075770581E-15,-1.,0.));
#11980=DIRECTION('ref_axis',(1.,-1.53386075770581E-15,0.));
#11981=DIRECTION('',(1.,-1.53386075770581E-15,0.));
#11982=DIRECTION('',(1.,-1.53386075770581E-15,0.));
#11983=DIRECTION('center_axis',(0.,0.,1.));
#11984=DIRECTION('ref_axis',(1.,0.,0.));
#11985=DIRECTION('center_axis',(0.,0.,1.));
#11986=DIRECTION('ref_axis',(1.,0.,0.));
#11987=DIRECTION('center_axis',(-1.,0.,0.));
#11988=DIRECTION('ref_axis',(0.,-1.,0.));
#11989=DIRECTION('',(0.,1.,0.));
#11990=DIRECTION('',(0.,0.,1.));
#11991=DIRECTION('',(0.,-1.,0.));
#11992=DIRECTION('',(0.,0.,1.));
#11993=DIRECTION('center_axis',(-5.84327907697451E-16,1.,0.));
#11994=DIRECTION('ref_axis',(-1.,-5.84327907697451E-16,0.));
#11995=DIRECTION('',(1.,5.84327907697451E-16,0.));
#11996=DIRECTION('',(-1.,-5.84327907697451E-16,0.));
#11997=DIRECTION('',(0.,0.,1.));
#11998=DIRECTION('center_axis',(1.,0.,0.));
#11999=DIRECTION('ref_axis',(0.,1.,0.));
#12000=DIRECTION('',(0.,-1.,0.));
#12001=DIRECTION('',(0.,1.,0.));
#12002=DIRECTION('',(0.,0.,1.));
#12003=DIRECTION('center_axis',(-1.46081976924363E-15,-1.,0.));
#12004=DIRECTION('ref_axis',(1.,-1.46081976924363E-15,0.));
#12005=DIRECTION('',(-1.,1.46081976924363E-15,0.));
#12006=DIRECTION('',(1.,-1.46081976924363E-15,0.));
#12007=DIRECTION('center_axis',(0.,0.,1.));
#12008=DIRECTION('ref_axis',(1.,0.,0.));
#12009=DIRECTION('center_axis',(0.,0.,1.));
#12010=DIRECTION('ref_axis',(1.,0.,0.));
#12011=DIRECTION('center_axis',(-1.,-2.22044604925032E-15,0.));
#12012=DIRECTION('ref_axis',(2.22044604925032E-15,-1.,0.));
#12013=DIRECTION('',(2.22044604925032E-15,-1.,0.));
#12014=DIRECTION('',(0.,0.,1.));
#12015=DIRECTION('',(2.22044604925032E-15,-1.,0.));
#12016=DIRECTION('',(0.,0.,1.));
#12017=DIRECTION('center_axis',(-5.84327907697451E-16,1.,0.));
#12018=DIRECTION('ref_axis',(-1.,-5.84327907697451E-16,0.));
#12019=DIRECTION('',(-1.,-5.84327907697451E-16,0.));
#12020=DIRECTION('',(-1.,-5.84327907697451E-16,0.));
#12021=DIRECTION('',(0.,0.,1.));
#12022=DIRECTION('center_axis',(1.,2.22044604925031E-15,0.));
#12023=DIRECTION('ref_axis',(-2.22044604925031E-15,1.,0.));
#12024=DIRECTION('',(-2.22044604925031E-15,1.,0.));
#12025=DIRECTION('',(-2.22044604925031E-15,1.,0.));
#12026=DIRECTION('',(0.,0.,1.));
#12027=DIRECTION('center_axis',(-1.1686558153949E-15,-1.,0.));
#12028=DIRECTION('ref_axis',(1.,-1.1686558153949E-15,0.));
#12029=DIRECTION('',(1.,-1.1686558153949E-15,0.));
#12030=DIRECTION('',(1.,-1.1686558153949E-15,0.));
#12031=DIRECTION('center_axis',(0.,0.,1.));
#12032=DIRECTION('ref_axis',(1.,0.,0.));
#12033=DIRECTION('center_axis',(0.,0.,1.));
#12034=DIRECTION('ref_axis',(1.,0.,0.));
#12035=DIRECTION('axis',(0.,0.,1.));
#12036=DIRECTION('refdir',(1.,0.,0.));
#12037=DIRECTION('center_axis',(1.,0.,0.));
#12038=DIRECTION('ref_axis',(0.,1.,0.));
#12039=DIRECTION('',(0.,-1.,0.));
#12040=DIRECTION('',(0.,0.,1.));
#12041=DIRECTION('',(0.,1.,0.));
#12042=DIRECTION('',(0.,0.,1.));
#12043=DIRECTION('center_axis',(0.,-1.,0.));
#12044=DIRECTION('ref_axis',(1.,0.,0.));
#12045=DIRECTION('',(-1.,0.,0.));
#12046=DIRECTION('',(1.,0.,0.));
#12047=DIRECTION('',(0.,0.,1.));
#12048=DIRECTION('center_axis',(-1.,0.,0.));
#12049=DIRECTION('ref_axis',(0.,-1.,0.));
#12050=DIRECTION('',(0.,1.,0.));
#12051=DIRECTION('',(0.,-1.,0.));
#12052=DIRECTION('',(0.,0.,1.));
#12053=DIRECTION('center_axis',(0.,1.,0.));
#12054=DIRECTION('ref_axis',(-1.,0.,0.));
#12055=DIRECTION('',(1.,0.,0.));
#12056=DIRECTION('',(-1.,0.,0.));
#12057=DIRECTION('center_axis',(0.,0.,1.));
#12058=DIRECTION('ref_axis',(1.,0.,0.));
#12059=DIRECTION('center_axis',(0.,0.,1.));
#12060=DIRECTION('ref_axis',(1.,0.,0.));
#12061=DIRECTION('center_axis',(1.,0.,0.));
#12062=DIRECTION('ref_axis',(0.,1.,0.));
#12063=DIRECTION('',(0.,-1.,0.));
#12064=DIRECTION('',(0.,0.,1.));
#12065=DIRECTION('',(0.,1.,0.));
#12066=DIRECTION('',(0.,0.,1.));
#12067=DIRECTION('',(0.,0.,1.));
#12068=DIRECTION('',(0.,0.,1.));
#12069=DIRECTION('center_axis',(0.91728333758939,-0.398235205099786,0.));
#12070=DIRECTION('ref_axis',(0.398235205099786,0.91728333758939,0.));
#12071=DIRECTION('',(-0.398235205099786,-0.91728333758939,0.));
#12072=DIRECTION('',(0.398235205099786,0.91728333758939,0.));
#12073=DIRECTION('',(0.,0.,1.));
#12074=DIRECTION('',(0.,0.,1.));
#12075=DIRECTION('',(0.,0.,1.));
#12076=DIRECTION('',(0.,0.,1.));
#12077=DIRECTION('center_axis',(1.,0.,0.));
#12078=DIRECTION('ref_axis',(0.,1.,0.));
#12079=DIRECTION('',(0.,-1.,0.));
#12080=DIRECTION('',(0.,1.,0.));
#12081=DIRECTION('',(0.,0.,1.));
#12082=DIRECTION('center_axis',(0.,-1.,0.));
#12083=DIRECTION('ref_axis',(1.,0.,0.));
#12084=DIRECTION('',(-1.,0.,0.));
#12085=DIRECTION('',(1.,0.,0.));
#12086=DIRECTION('',(0.,0.,1.));
#12087=DIRECTION('center_axis',(-1.,0.,0.));
#12088=DIRECTION('ref_axis',(0.,-1.,0.));
#12089=DIRECTION('',(0.,1.,0.));
#12090=DIRECTION('',(0.,-1.,0.));
#12091=DIRECTION('',(0.,0.,1.));
#12092=DIRECTION('center_axis',(0.,1.,0.));
#12093=DIRECTION('ref_axis',(-1.,0.,0.));
#12094=DIRECTION('',(1.,0.,0.));
#12095=DIRECTION('',(-1.,0.,0.));
#12096=DIRECTION('center_axis',(0.,0.,1.));
#12097=DIRECTION('ref_axis',(1.,0.,0.));
#12098=DIRECTION('center_axis',(0.,0.,1.));
#12099=DIRECTION('ref_axis',(1.,0.,0.));
#12100=DIRECTION('',(0.,0.,1.));
#12101=DIRECTION('',(0.,0.,1.));
#12102=DIRECTION('',(0.,0.,1.));
#12103=DIRECTION('',(0.,0.,1.));
#12104=DIRECTION('',(0.,0.,1.));
#12105=DIRECTION('',(0.,0.,1.));
#12106=DIRECTION('',(0.,0.,1.));
#12107=DIRECTION('',(0.,0.,1.));
#12108=DIRECTION('',(0.,0.,1.));
#12109=DIRECTION('',(0.,0.,1.));
#12110=DIRECTION('center_axis',(0.,0.,1.));
#12111=DIRECTION('ref_axis',(1.,0.,0.));
#12112=DIRECTION('center_axis',(0.,0.,1.));
#12113=DIRECTION('ref_axis',(1.,0.,0.));
#12114=DIRECTION('center_axis',(1.,0.,0.));
#12115=DIRECTION('ref_axis',(0.,1.,0.));
#12116=DIRECTION('',(0.,-1.,0.));
#12117=DIRECTION('',(0.,0.,1.));
#12118=DIRECTION('',(0.,1.,0.));
#12119=DIRECTION('',(0.,0.,1.));
#12120=DIRECTION('',(0.,0.,1.));
#12121=DIRECTION('',(0.,0.,1.));
#12122=DIRECTION('center_axis',(0.91728333758939,-0.398235205099786,0.));
#12123=DIRECTION('ref_axis',(0.398235205099786,0.91728333758939,0.));
#12124=DIRECTION('',(-0.398235205099786,-0.91728333758939,0.));
#12125=DIRECTION('',(0.398235205099786,0.91728333758939,0.));
#12126=DIRECTION('',(0.,0.,1.));
#12127=DIRECTION('',(0.,0.,1.));
#12128=DIRECTION('',(0.,0.,1.));
#12129=DIRECTION('',(0.,0.,1.));
#12130=DIRECTION('center_axis',(1.,0.,0.));
#12131=DIRECTION('ref_axis',(0.,1.,0.));
#12132=DIRECTION('',(0.,-1.,0.));
#12133=DIRECTION('',(0.,1.,0.));
#12134=DIRECTION('',(0.,0.,1.));
#12135=DIRECTION('center_axis',(0.,-1.,0.));
#12136=DIRECTION('ref_axis',(1.,0.,0.));
#12137=DIRECTION('',(-1.,0.,0.));
#12138=DIRECTION('',(1.,0.,0.));
#12139=DIRECTION('',(0.,0.,1.));
#12140=DIRECTION('center_axis',(-1.,0.,0.));
#12141=DIRECTION('ref_axis',(0.,-1.,0.));
#12142=DIRECTION('',(0.,1.,0.));
#12143=DIRECTION('',(0.,-1.,0.));
#12144=DIRECTION('',(0.,0.,1.));
#12145=DIRECTION('center_axis',(0.,1.,0.));
#12146=DIRECTION('ref_axis',(-1.,0.,0.));
#12147=DIRECTION('',(1.,0.,0.));
#12148=DIRECTION('',(-1.,0.,0.));
#12149=DIRECTION('center_axis',(0.,0.,1.));
#12150=DIRECTION('ref_axis',(1.,0.,0.));
#12151=DIRECTION('center_axis',(0.,0.,1.));
#12152=DIRECTION('ref_axis',(1.,0.,0.));
#12153=DIRECTION('',(0.,0.,1.));
#12154=DIRECTION('',(0.,0.,1.));
#12155=DIRECTION('',(0.,0.,1.));
#12156=DIRECTION('',(0.,0.,1.));
#12157=DIRECTION('',(0.,0.,1.));
#12158=DIRECTION('',(0.,0.,1.));
#12159=DIRECTION('',(0.,0.,1.));
#12160=DIRECTION('',(0.,0.,1.));
#12161=DIRECTION('',(0.,0.,1.));
#12162=DIRECTION('',(0.,0.,1.));
#12163=DIRECTION('center_axis',(0.,0.,1.));
#12164=DIRECTION('ref_axis',(1.,0.,0.));
#12165=DIRECTION('center_axis',(0.,0.,1.));
#12166=DIRECTION('ref_axis',(1.,0.,0.));
#12167=DIRECTION('',(0.,0.,1.));
#12168=DIRECTION('',(0.,0.,1.));
#12169=DIRECTION('',(0.,0.,1.));
#12170=DIRECTION('',(0.,0.,1.));
#12171=DIRECTION('center_axis',(1.,0.,0.));
#12172=DIRECTION('ref_axis',(0.,1.,0.));
#12173=DIRECTION('',(0.,-1.,0.));
#12174=DIRECTION('',(0.,0.,1.));
#12175=DIRECTION('',(0.,1.,0.));
#12176=DIRECTION('',(0.,0.,1.));
#12177=DIRECTION('',(0.,0.,1.));
#12178=DIRECTION('',(0.,0.,1.));
#12179=DIRECTION('',(0.,0.,1.));
#12180=DIRECTION('',(0.,0.,1.));
#12181=DIRECTION('',(0.,0.,1.));
#12182=DIRECTION('center_axis',(1.,0.,0.));
#12183=DIRECTION('ref_axis',(0.,1.,0.));
#12184=DIRECTION('',(0.,-1.,0.));
#12185=DIRECTION('',(0.,1.,0.));
#12186=DIRECTION('',(0.,0.,1.));
#12187=DIRECTION('center_axis',(0.,-1.,0.));
#12188=DIRECTION('ref_axis',(1.,0.,0.));
#12189=DIRECTION('',(-1.,0.,0.));
#12190=DIRECTION('',(1.,0.,0.));
#12191=DIRECTION('',(0.,0.,1.));
#12192=DIRECTION('center_axis',(-1.,0.,0.));
#12193=DIRECTION('ref_axis',(0.,-1.,0.));
#12194=DIRECTION('',(0.,1.,0.));
#12195=DIRECTION('',(0.,-1.,0.));
#12196=DIRECTION('',(0.,0.,1.));
#12197=DIRECTION('center_axis',(0.,1.,0.));
#12198=DIRECTION('ref_axis',(-1.,0.,0.));
#12199=DIRECTION('',(1.,0.,0.));
#12200=DIRECTION('',(-1.,0.,0.));
#12201=DIRECTION('center_axis',(0.,0.,1.));
#12202=DIRECTION('ref_axis',(1.,0.,0.));
#12203=DIRECTION('center_axis',(0.,0.,1.));
#12204=DIRECTION('ref_axis',(1.,0.,0.));
#12205=DIRECTION('center_axis',(1.,0.,0.));
#12206=DIRECTION('ref_axis',(0.,1.,0.));
#12207=DIRECTION('',(0.,1.,0.));
#12208=DIRECTION('',(0.,0.,1.));
#12209=DIRECTION('',(0.,-1.,0.));
#12210=DIRECTION('',(0.,0.,1.));
#12211=DIRECTION('',(0.,0.,1.));
#12212=DIRECTION('',(0.,0.,1.));
#12213=DIRECTION('',(0.,0.,1.));
#12214=DIRECTION('',(0.,0.,1.));
#12215=DIRECTION('',(0.,0.,1.));
#12216=DIRECTION('',(0.,0.,1.));
#12217=DIRECTION('center_axis',(0.,0.,1.));
#12218=DIRECTION('ref_axis',(0.999957801727899,0.00918666226149069,0.));
#12219=DIRECTION('',(0.,0.,1.));
#12220=DIRECTION('',(0.,0.,1.));
#12221=DIRECTION('',(0.,0.,1.));
#12222=DIRECTION('center_axis',(1.,0.,0.));
#12223=DIRECTION('ref_axis',(0.,1.,0.));
#12224=DIRECTION('',(0.,-1.,0.));
#12225=DIRECTION('',(0.,1.,0.));
#12226=DIRECTION('',(0.,0.,1.));
#12227=DIRECTION('',(0.,0.,1.));
#12228=DIRECTION('center_axis',(0.,-1.,0.));
#12229=DIRECTION('ref_axis',(1.,0.,0.));
#12230=DIRECTION('',(-1.,0.,0.));
#12231=DIRECTION('',(1.,0.,0.));
#12232=DIRECTION('',(0.,0.,1.));
#12233=DIRECTION('',(0.,0.,1.));
#12234=DIRECTION('',(0.,0.,1.));
#12235=DIRECTION('',(0.,0.,1.));
#12236=DIRECTION('',(0.,0.,1.));
#12237=DIRECTION('',(0.,0.,1.));
#12238=DIRECTION('',(0.,0.,1.));
#12239=DIRECTION('',(0.,0.,1.));
#12240=DIRECTION('',(0.,0.,1.));
#12241=DIRECTION('',(0.,0.,1.));
#12242=DIRECTION('',(0.,0.,1.));
#12243=DIRECTION('center_axis',(-0.104497210902913,-0.994525179627702,0.));
#12244=DIRECTION('ref_axis',(0.994525179627702,-0.104497210902913,0.));
#12245=DIRECTION('',(-0.994525179627702,0.104497210902913,0.));
#12246=DIRECTION('',(0.994525179627702,-0.104497210902913,0.));
#12247=DIRECTION('center_axis',(0.,0.,1.));
#12248=DIRECTION('ref_axis',(1.,0.,0.));
#12249=DIRECTION('center_axis',(0.,0.,1.));
#12250=DIRECTION('ref_axis',(1.,0.,0.));
#12251=DIRECTION('center_axis',(0.,1.,0.));
#12252=DIRECTION('ref_axis',(-1.,0.,0.));
#12253=DIRECTION('',(1.,0.,0.));
#12254=DIRECTION('',(0.,0.,1.));
#12255=DIRECTION('',(-1.,0.,0.));
#12256=DIRECTION('',(0.,0.,1.));
#12257=DIRECTION('center_axis',(1.,0.,0.));
#12258=DIRECTION('ref_axis',(0.,1.,0.));
#12259=DIRECTION('',(0.,-1.,0.));
#12260=DIRECTION('',(0.,1.,0.));
#12261=DIRECTION('',(0.,0.,1.));
#12262=DIRECTION('center_axis',(0.,-1.,0.));
#12263=DIRECTION('ref_axis',(1.,0.,0.));
#12264=DIRECTION('',(-1.,0.,0.));
#12265=DIRECTION('',(1.,0.,0.));
#12266=DIRECTION('',(0.,0.,1.));
#12267=DIRECTION('center_axis',(1.,0.,0.));
#12268=DIRECTION('ref_axis',(0.,1.,0.));
#12269=DIRECTION('',(0.,-1.,0.));
#12270=DIRECTION('',(0.,1.,0.));
#12271=DIRECTION('',(0.,0.,1.));
#12272=DIRECTION('',(0.,0.,1.));
#12273=DIRECTION('',(0.,0.,1.));
#12274=DIRECTION('',(0.,0.,1.));
#12275=DIRECTION('center_axis',(0.994478036010694,0.104944918372987,0.));
#12276=DIRECTION('ref_axis',(-0.104944918372987,0.994478036010694,0.));
#12277=DIRECTION('',(0.104944918372987,-0.994478036010694,0.));
#12278=DIRECTION('',(-0.104944918372987,0.994478036010694,0.));
#12279=DIRECTION('',(0.,0.,1.));
#12280=DIRECTION('',(0.,0.,1.));
#12281=DIRECTION('',(0.,0.,1.));
#12282=DIRECTION('center_axis',(-1.,0.,0.));
#12283=DIRECTION('ref_axis',(0.,-1.,0.));
#12284=DIRECTION('',(0.,1.,0.));
#12285=DIRECTION('',(0.,-1.,0.));
#12286=DIRECTION('',(0.,0.,1.));
#12287=DIRECTION('center_axis',(0.,-1.,0.));
#12288=DIRECTION('ref_axis',(1.,0.,0.));
#12289=DIRECTION('',(-1.,0.,0.));
#12290=DIRECTION('',(1.,0.,0.));
#12291=DIRECTION('',(0.,0.,1.));
#12292=DIRECTION('center_axis',(-1.,0.,0.));
#12293=DIRECTION('ref_axis',(0.,-1.,0.));
#12294=DIRECTION('',(0.,1.,0.));
#12295=DIRECTION('',(0.,-1.,0.));
#12296=DIRECTION('',(0.,0.,1.));
#12297=DIRECTION('center_axis',(0.,1.,0.));
#12298=DIRECTION('ref_axis',(-1.,0.,0.));
#12299=DIRECTION('',(1.,0.,0.));
#12300=DIRECTION('',(-1.,0.,0.));
#12301=DIRECTION('',(0.,0.,1.));
#12302=DIRECTION('center_axis',(-1.,0.,0.));
#12303=DIRECTION('ref_axis',(0.,-1.,0.));
#12304=DIRECTION('',(0.,1.,0.));
#12305=DIRECTION('',(0.,-1.,0.));
#12306=DIRECTION('',(0.,0.,1.));
#12307=DIRECTION('center_axis',(-0.455816361976387,0.890073841967402,0.));
#12308=DIRECTION('ref_axis',(-0.890073841967402,-0.455816361976387,0.));
#12309=DIRECTION('',(0.890073841967402,0.455816361976387,0.));
#12310=DIRECTION('',(-0.890073841967402,-0.455816361976387,0.));
#12311=DIRECTION('',(0.,0.,1.));
#12312=DIRECTION('center_axis',(1.,0.,0.));
#12313=DIRECTION('ref_axis',(0.,1.,0.));
#12314=DIRECTION('',(0.,-1.,0.));
#12315=DIRECTION('',(0.,1.,0.));
#12316=DIRECTION('center_axis',(0.,0.,1.));
#12317=DIRECTION('ref_axis',(1.,0.,0.));
#12318=DIRECTION('center_axis',(0.,0.,1.));
#12319=DIRECTION('ref_axis',(1.,0.,0.));
#12320=DIRECTION('center_axis',(1.,0.,0.));
#12321=DIRECTION('ref_axis',(0.,1.,0.));
#12322=DIRECTION('',(0.,-1.,0.));
#12323=DIRECTION('',(0.,0.,1.));
#12324=DIRECTION('',(0.,1.,0.));
#12325=DIRECTION('',(0.,0.,1.));
#12326=DIRECTION('',(0.,0.,1.));
#12327=DIRECTION('',(0.,0.,1.));
#12328=DIRECTION('center_axis',(0.91728333758939,-0.398235205099786,0.));
#12329=DIRECTION('ref_axis',(0.398235205099786,0.91728333758939,0.));
#12330=DIRECTION('',(-0.398235205099786,-0.91728333758939,0.));
#12331=DIRECTION('',(0.398235205099786,0.91728333758939,0.));
#12332=DIRECTION('',(0.,0.,1.));
#12333=DIRECTION('',(0.,0.,1.));
#12334=DIRECTION('',(0.,0.,1.));
#12335=DIRECTION('',(0.,0.,1.));
#12336=DIRECTION('center_axis',(1.,0.,0.));
#12337=DIRECTION('ref_axis',(0.,1.,0.));
#12338=DIRECTION('',(0.,-1.,0.));
#12339=DIRECTION('',(0.,1.,0.));
#12340=DIRECTION('',(0.,0.,1.));
#12341=DIRECTION('center_axis',(0.,-1.,0.));
#12342=DIRECTION('ref_axis',(1.,0.,0.));
#12343=DIRECTION('',(-1.,0.,0.));
#12344=DIRECTION('',(1.,0.,0.));
#12345=DIRECTION('',(0.,0.,1.));
#12346=DIRECTION('center_axis',(-1.,0.,0.));
#12347=DIRECTION('ref_axis',(0.,-1.,0.));
#12348=DIRECTION('',(0.,1.,0.));
#12349=DIRECTION('',(0.,-1.,0.));
#12350=DIRECTION('',(0.,0.,1.));
#12351=DIRECTION('center_axis',(0.,1.,0.));
#12352=DIRECTION('ref_axis',(-1.,0.,0.));
#12353=DIRECTION('',(1.,0.,0.));
#12354=DIRECTION('',(-1.,0.,0.));
#12355=DIRECTION('center_axis',(0.,0.,1.));
#12356=DIRECTION('ref_axis',(1.,0.,0.));
#12357=DIRECTION('center_axis',(0.,0.,1.));
#12358=DIRECTION('ref_axis',(1.,0.,0.));
#12359=DIRECTION('center_axis',(1.,0.,0.));
#12360=DIRECTION('ref_axis',(0.,1.,0.));
#12361=DIRECTION('',(0.,-1.,0.));
#12362=DIRECTION('',(0.,0.,1.));
#12363=DIRECTION('',(0.,1.,0.));
#12364=DIRECTION('',(0.,0.,1.));
#12365=DIRECTION('center_axis',(0.,-1.,0.));
#12366=DIRECTION('ref_axis',(1.,0.,0.));
#12367=DIRECTION('',(-1.,0.,0.));
#12368=DIRECTION('',(1.,0.,0.));
#12369=DIRECTION('',(0.,0.,1.));
#12370=DIRECTION('center_axis',(-1.,0.,0.));
#12371=DIRECTION('ref_axis',(0.,-1.,0.));
#12372=DIRECTION('',(0.,1.,0.));
#12373=DIRECTION('',(0.,-1.,0.));
#12374=DIRECTION('',(0.,0.,1.));
#12375=DIRECTION('center_axis',(0.,1.,0.));
#12376=DIRECTION('ref_axis',(-1.,0.,0.));
#12377=DIRECTION('',(1.,0.,0.));
#12378=DIRECTION('',(-1.,0.,0.));
#12379=DIRECTION('center_axis',(0.,0.,1.));
#12380=DIRECTION('ref_axis',(1.,0.,0.));
#12381=DIRECTION('center_axis',(0.,0.,1.));
#12382=DIRECTION('ref_axis',(1.,0.,0.));
#12383=DIRECTION('center_axis',(1.,0.,0.));
#12384=DIRECTION('ref_axis',(0.,1.,0.));
#12385=DIRECTION('',(0.,-1.,0.));
#12386=DIRECTION('',(0.,0.,1.));
#12387=DIRECTION('',(0.,1.,0.));
#12388=DIRECTION('',(0.,0.,1.));
#12389=DIRECTION('center_axis',(0.,-1.,0.));
#12390=DIRECTION('ref_axis',(1.,0.,0.));
#12391=DIRECTION('',(-1.,0.,0.));
#12392=DIRECTION('',(1.,0.,0.));
#12393=DIRECTION('',(0.,0.,1.));
#12394=DIRECTION('center_axis',(-1.,0.,0.));
#12395=DIRECTION('ref_axis',(0.,-1.,0.));
#12396=DIRECTION('',(0.,1.,0.));
#12397=DIRECTION('',(0.,-1.,0.));
#12398=DIRECTION('',(0.,0.,1.));
#12399=DIRECTION('center_axis',(0.,1.,0.));
#12400=DIRECTION('ref_axis',(-1.,0.,0.));
#12401=DIRECTION('',(1.,0.,0.));
#12402=DIRECTION('',(-1.,0.,0.));
#12403=DIRECTION('center_axis',(0.,0.,1.));
#12404=DIRECTION('ref_axis',(1.,0.,0.));
#12405=DIRECTION('center_axis',(0.,0.,1.));
#12406=DIRECTION('ref_axis',(1.,0.,0.));
#12407=DIRECTION('center_axis',(1.,0.,0.));
#12408=DIRECTION('ref_axis',(0.,1.,0.));
#12409=DIRECTION('',(0.,-1.,0.));
#12410=DIRECTION('',(0.,0.,1.));
#12411=DIRECTION('',(0.,1.,0.));
#12412=DIRECTION('',(0.,0.,1.));
#12413=DIRECTION('center_axis',(0.,1.,0.));
#12414=DIRECTION('ref_axis',(-1.,0.,0.));
#12415=DIRECTION('',(1.,0.,0.));
#12416=DIRECTION('',(-1.,0.,0.));
#12417=DIRECTION('',(0.,0.,1.));
#12418=DIRECTION('center_axis',(-1.,0.,0.));
#12419=DIRECTION('ref_axis',(0.,-1.,0.));
#12420=DIRECTION('',(0.,1.,0.));
#12421=DIRECTION('',(0.,-1.,0.));
#12422=DIRECTION('',(0.,0.,1.));
#12423=DIRECTION('center_axis',(0.,1.,0.));
#12424=DIRECTION('ref_axis',(-1.,0.,0.));
#12425=DIRECTION('',(1.,0.,0.));
#12426=DIRECTION('',(-1.,0.,0.));
#12427=DIRECTION('',(0.,0.,1.));
#12428=DIRECTION('center_axis',(1.,0.,0.));
#12429=DIRECTION('ref_axis',(0.,1.,0.));
#12430=DIRECTION('',(0.,-1.,0.));
#12431=DIRECTION('',(0.,1.,0.));
#12432=DIRECTION('',(0.,0.,1.));
#12433=DIRECTION('center_axis',(0.,-1.,0.));
#12434=DIRECTION('ref_axis',(1.,0.,0.));
#12435=DIRECTION('',(-1.,0.,0.));
#12436=DIRECTION('',(1.,0.,0.));
#12437=DIRECTION('',(0.,0.,1.));
#12438=DIRECTION('center_axis',(-1.,0.,0.));
#12439=DIRECTION('ref_axis',(0.,-1.,0.));
#12440=DIRECTION('',(0.,1.,0.));
#12441=DIRECTION('',(0.,-1.,0.));
#12442=DIRECTION('',(0.,0.,1.));
#12443=DIRECTION('center_axis',(0.,-1.,0.));
#12444=DIRECTION('ref_axis',(1.,0.,0.));
#12445=DIRECTION('',(-1.,0.,0.));
#12446=DIRECTION('',(1.,0.,0.));
#12447=DIRECTION('',(0.,0.,1.));
#12448=DIRECTION('center_axis',(1.,0.,0.));
#12449=DIRECTION('ref_axis',(0.,1.,0.));
#12450=DIRECTION('',(0.,-1.,0.));
#12451=DIRECTION('',(0.,1.,0.));
#12452=DIRECTION('',(0.,0.,1.));
#12453=DIRECTION('center_axis',(0.,-1.,0.));
#12454=DIRECTION('ref_axis',(1.,0.,0.));
#12455=DIRECTION('',(-1.,0.,0.));
#12456=DIRECTION('',(1.,0.,0.));
#12457=DIRECTION('',(0.,0.,1.));
#12458=DIRECTION('center_axis',(-1.,0.,0.));
#12459=DIRECTION('ref_axis',(0.,-1.,0.));
#12460=DIRECTION('',(0.,1.,0.));
#12461=DIRECTION('',(0.,-1.,0.));
#12462=DIRECTION('',(0.,0.,1.));
#12463=DIRECTION('center_axis',(0.,1.,0.));
#12464=DIRECTION('ref_axis',(-1.,0.,0.));
#12465=DIRECTION('',(1.,0.,0.));
#12466=DIRECTION('',(-1.,0.,0.));
#12467=DIRECTION('center_axis',(0.,0.,1.));
#12468=DIRECTION('ref_axis',(1.,0.,0.));
#12469=DIRECTION('center_axis',(0.,0.,1.));
#12470=DIRECTION('ref_axis',(1.,0.,0.));
#12471=DIRECTION('',(0.,0.,1.));
#12472=DIRECTION('',(0.,0.,1.));
#12473=DIRECTION('',(0.,0.,1.));
#12474=DIRECTION('',(0.,0.,1.));
#12475=DIRECTION('',(0.,0.,1.));
#12476=DIRECTION('',(0.,0.,1.));
#12477=DIRECTION('',(0.,0.,1.));
#12478=DIRECTION('',(0.,0.,1.));
#12479=DIRECTION('',(0.,0.,1.));
#12480=DIRECTION('',(0.,0.,1.));
#12481=DIRECTION('',(0.,0.,1.));
#12482=DIRECTION('',(0.,0.,1.));
#12483=DIRECTION('',(0.,0.,1.));
#12484=DIRECTION('',(0.,0.,1.));
#12485=DIRECTION('',(0.,0.,1.));
#12486=DIRECTION('',(0.,0.,1.));
#12487=DIRECTION('',(0.,0.,1.));
#12488=DIRECTION('',(0.,0.,1.));
#12489=DIRECTION('',(0.,0.,1.));
#12490=DIRECTION('center_axis',(0.,0.,1.));
#12491=DIRECTION('ref_axis',(1.,0.,0.));
#12492=DIRECTION('center_axis',(0.,0.,1.));
#12493=DIRECTION('ref_axis',(1.,0.,0.));
#12494=DIRECTION('',(0.,0.,1.));
#12495=DIRECTION('',(0.,0.,1.));
#12496=DIRECTION('',(0.,0.,1.));
#12497=DIRECTION('',(0.,0.,1.));
#12498=DIRECTION('',(0.,0.,1.));
#12499=DIRECTION('',(0.,0.,1.));
#12500=DIRECTION('',(0.,0.,1.));
#12501=DIRECTION('',(0.,0.,1.));
#12502=DIRECTION('',(0.,0.,1.));
#12503=DIRECTION('',(0.,0.,1.));
#12504=DIRECTION('center_axis',(0.,0.,1.));
#12505=DIRECTION('ref_axis',(1.,0.,0.));
#12506=DIRECTION('center_axis',(0.,0.,1.));
#12507=DIRECTION('ref_axis',(1.,0.,0.));
#12508=DIRECTION('',(0.,0.,1.));
#12509=DIRECTION('',(0.,0.,1.));
#12510=DIRECTION('',(0.,0.,1.));
#12511=DIRECTION('',(0.,0.,1.));
#12512=DIRECTION('',(0.,0.,1.));
#12513=DIRECTION('',(0.,0.,1.));
#12514=DIRECTION('',(0.,0.,1.));
#12515=DIRECTION('',(0.,0.,1.));
#12516=DIRECTION('center_axis',(0.,0.,1.));
#12517=DIRECTION('ref_axis',(1.,0.,0.));
#12518=DIRECTION('center_axis',(0.,0.,1.));
#12519=DIRECTION('ref_axis',(1.,0.,0.));
#12520=DIRECTION('center_axis',(-1.,0.,0.));
#12521=DIRECTION('ref_axis',(0.,-1.,0.));
#12522=DIRECTION('',(0.,-1.,0.));
#12523=DIRECTION('',(0.,0.,1.));
#12524=DIRECTION('',(0.,1.,0.));
#12525=DIRECTION('',(0.,0.,1.));
#12526=DIRECTION('center_axis',(0.,1.,0.));
#12527=DIRECTION('ref_axis',(-1.,0.,0.));
#12528=DIRECTION('',(-1.,0.,0.));
#12529=DIRECTION('',(0.,0.,1.));
#12530=DIRECTION('',(1.,0.,0.));
#12531=DIRECTION('',(0.,0.,1.));
#12532=DIRECTION('',(0.,0.,1.));
#12533=DIRECTION('center_axis',(0.,-1.,0.));
#12534=DIRECTION('ref_axis',(1.,0.,0.));
#12535=DIRECTION('',(1.,0.,0.));
#12536=DIRECTION('',(-1.,0.,0.));
#12537=DIRECTION('center_axis',(-1.,0.,0.));
#12538=DIRECTION('ref_axis',(0.,-1.,0.));
#12539=DIRECTION('',(0.,-1.,0.));
#12540=DIRECTION('',(0.,0.,1.));
#12541=DIRECTION('',(0.,1.,0.));
#12542=DIRECTION('',(0.,0.,1.));
#12543=DIRECTION('center_axis',(0.,1.,0.));
#12544=DIRECTION('ref_axis',(-1.,0.,0.));
#12545=DIRECTION('',(-1.,0.,0.));
#12546=DIRECTION('',(0.,0.,1.));
#12547=DIRECTION('',(1.,0.,0.));
#12548=DIRECTION('',(0.,0.,1.));
#12549=DIRECTION('',(0.,0.,1.));
#12550=DIRECTION('center_axis',(0.,-1.,0.));
#12551=DIRECTION('ref_axis',(1.,0.,0.));
#12552=DIRECTION('',(1.,0.,0.));
#12553=DIRECTION('',(-1.,0.,0.));
#12554=DIRECTION('',(0.,0.,1.));
#12555=DIRECTION('',(0.,0.,1.));
#12556=DIRECTION('',(0.,0.,1.));
#12557=DIRECTION('',(0.,0.,1.));
#12558=DIRECTION('',(0.,0.,1.));
#12559=DIRECTION('',(0.,0.,1.));
#12560=DIRECTION('',(0.,0.,1.));
#12561=DIRECTION('',(0.,0.,1.));
#12562=DIRECTION('center_axis',(0.,-1.,0.));
#12563=DIRECTION('ref_axis',(1.,0.,0.));
#12564=DIRECTION('',(-1.,0.,0.));
#12565=DIRECTION('',(1.,0.,0.));
#12566=DIRECTION('',(0.,0.,1.));
#12567=DIRECTION('center_axis',(-1.,0.,0.));
#12568=DIRECTION('ref_axis',(0.,-1.,0.));
#12569=DIRECTION('',(0.,1.,0.));
#12570=DIRECTION('',(0.,-1.,0.));
#12571=DIRECTION('',(0.,0.,1.));
#12572=DIRECTION('center_axis',(0.,1.,0.));
#12573=DIRECTION('ref_axis',(-1.,0.,0.));
#12574=DIRECTION('',(1.,0.,0.));
#12575=DIRECTION('',(-1.,0.,0.));
#12576=DIRECTION('center_axis',(0.,0.,1.));
#12577=DIRECTION('ref_axis',(1.,0.,0.));
#12578=DIRECTION('center_axis',(0.,0.,1.));
#12579=DIRECTION('ref_axis',(1.,0.,0.));
#12580=DIRECTION('center_axis',(0.,0.,1.));
#12581=DIRECTION('ref_axis',(-1.,0.,0.));
#12582=DIRECTION('center_axis',(0.,0.,1.));
#12583=DIRECTION('ref_axis',(-1.,0.,0.));
#12584=DIRECTION('center_axis',(0.,0.,-1.));
#12585=DIRECTION('ref_axis',(-1.,0.,0.));
#12586=DIRECTION('center_axis',(0.,0.,1.));
#12587=DIRECTION('ref_axis',(1.,0.,0.));
#12588=DIRECTION('center_axis',(0.,0.,1.));
#12589=DIRECTION('ref_axis',(1.,0.,0.));
#12590=DIRECTION('center_axis',(0.826257742944056,0.563292235189687,0.));
#12591=DIRECTION('ref_axis',(-0.563292235189687,0.826257742944056,0.));
#12592=DIRECTION('',(0.563292235189687,-0.826257742944056,0.));
#12593=DIRECTION('',(0.,0.,1.));
#12594=DIRECTION('',(-0.563292235189687,0.826257742944056,0.));
#12595=DIRECTION('',(0.,0.,1.));
#12596=DIRECTION('center_axis',(-1.,0.,0.));
#12597=DIRECTION('ref_axis',(0.,-1.,0.));
#12598=DIRECTION('',(0.,1.,0.));
#12599=DIRECTION('',(0.,-1.,0.));
#12600=DIRECTION('',(0.,0.,1.));
#12601=DIRECTION('center_axis',(0.,1.,0.));
#12602=DIRECTION('ref_axis',(-1.,0.,0.));
#12603=DIRECTION('',(1.,0.,0.));
#12604=DIRECTION('',(-1.,0.,0.));
#12605=DIRECTION('',(0.,0.,1.));
#12606=DIRECTION('center_axis',(1.,0.,0.));
#12607=DIRECTION('ref_axis',(0.,1.,0.));
#12608=DIRECTION('',(0.,-1.,0.));
#12609=DIRECTION('',(0.,1.,0.));
#12610=DIRECTION('',(0.,0.,1.));
#12611=DIRECTION('center_axis',(0.,-1.,0.));
#12612=DIRECTION('ref_axis',(1.,0.,0.));
#12613=DIRECTION('',(-1.,0.,0.));
#12614=DIRECTION('',(1.,0.,0.));
#12615=DIRECTION('',(0.,0.,1.));
#12616=DIRECTION('center_axis',(-0.826227342807548,-0.56333682464151,0.));
#12617=DIRECTION('ref_axis',(0.56333682464151,-0.826227342807548,0.));
#12618=DIRECTION('',(-0.56333682464151,0.826227342807548,0.));
#12619=DIRECTION('',(0.56333682464151,-0.826227342807548,0.));
#12620=DIRECTION('',(0.,0.,1.));
#12621=DIRECTION('center_axis',(1.,0.,0.));
#12622=DIRECTION('ref_axis',(0.,1.,0.));
#12623=DIRECTION('',(0.,-1.,0.));
#12624=DIRECTION('',(0.,1.,0.));
#12625=DIRECTION('',(0.,0.,1.));
#12626=DIRECTION('center_axis',(0.,-1.,0.));
#12627=DIRECTION('ref_axis',(1.,0.,0.));
#12628=DIRECTION('',(-1.,0.,0.));
#12629=DIRECTION('',(1.,0.,0.));
#12630=DIRECTION('',(0.,0.,1.));
#12631=DIRECTION('center_axis',(-1.,0.,0.));
#12632=DIRECTION('ref_axis',(0.,-1.,0.));
#12633=DIRECTION('',(0.,1.,0.));
#12634=DIRECTION('',(0.,-1.,0.));
#12635=DIRECTION('',(0.,0.,1.));
#12636=DIRECTION('center_axis',(0.,1.,0.));
#12637=DIRECTION('ref_axis',(-1.,0.,0.));
#12638=DIRECTION('',(1.,0.,0.));
#12639=DIRECTION('',(-1.,0.,0.));
#12640=DIRECTION('center_axis',(0.,0.,1.));
#12641=DIRECTION('ref_axis',(1.,0.,0.));
#12642=DIRECTION('center_axis',(0.,0.,1.));
#12643=DIRECTION('ref_axis',(1.,0.,0.));
#12644=DIRECTION('center_axis',(1.,0.,0.));
#12645=DIRECTION('ref_axis',(0.,1.,0.));
#12646=DIRECTION('',(0.,-1.,0.));
#12647=DIRECTION('',(0.,0.,1.));
#12648=DIRECTION('',(0.,1.,0.));
#12649=DIRECTION('',(0.,0.,1.));
#12650=DIRECTION('center_axis',(0.,-1.,0.));
#12651=DIRECTION('ref_axis',(1.,0.,0.));
#12652=DIRECTION('',(-1.,0.,0.));
#12653=DIRECTION('',(1.,0.,0.));
#12654=DIRECTION('',(0.,0.,1.));
#12655=DIRECTION('center_axis',(0.988371697650617,-0.152057184253942,0.));
#12656=DIRECTION('ref_axis',(0.152057184253942,0.988371697650617,0.));
#12657=DIRECTION('',(-0.152057184253942,-0.988371697650617,0.));
#12658=DIRECTION('',(0.152057184253942,0.988371697650617,0.));
#12659=DIRECTION('',(0.,0.,1.));
#12660=DIRECTION('',(0.,0.,1.));
#12661=DIRECTION('',(0.,0.,1.));
#12662=DIRECTION('',(0.,0.,1.));
#12663=DIRECTION('',(0.,0.,1.));
#12664=DIRECTION('center_axis',(-0.108936840898867,0.99404867320216,0.));
#12665=DIRECTION('ref_axis',(-0.99404867320216,-0.108936840898867,0.));
#12666=DIRECTION('',(0.99404867320216,0.108936840898867,0.));
#12667=DIRECTION('',(-0.99404867320216,-0.108936840898867,0.));
#12668=DIRECTION('',(0.,0.,1.));
#12669=DIRECTION('',(0.,0.,1.));
#12670=DIRECTION('',(0.,0.,1.));
#12671=DIRECTION('',(0.,0.,1.));
#12672=DIRECTION('',(0.,0.,1.));
#12673=DIRECTION('',(0.,0.,1.));
#12674=DIRECTION('center_axis',(-0.140857901724826,-0.990029823551634,0.));
#12675=DIRECTION('ref_axis',(0.990029823551634,-0.140857901724826,0.));
#12676=DIRECTION('',(-0.990029823551634,0.140857901724826,0.));
#12677=DIRECTION('',(0.990029823551634,-0.140857901724826,0.));
#12678=DIRECTION('',(0.,0.,1.));
#12679=DIRECTION('center_axis',(-0.987007269930511,0.160675602081711,0.));
#12680=DIRECTION('ref_axis',(-0.160675602081711,-0.98700726993051,0.));
#12681=DIRECTION('',(0.160675602081711,0.98700726993051,0.));
#12682=DIRECTION('',(-0.160675602081711,-0.98700726993051,0.));
#12683=DIRECTION('',(0.,0.,1.));
#12684=DIRECTION('center_axis',(0.,1.,0.));
#12685=DIRECTION('ref_axis',(-1.,0.,0.));
#12686=DIRECTION('',(1.,0.,0.));
#12687=DIRECTION('',(-1.,0.,0.));
#12688=DIRECTION('center_axis',(0.,0.,1.));
#12689=DIRECTION('ref_axis',(1.,0.,0.));
#12690=DIRECTION('center_axis',(0.,0.,1.));
#12691=DIRECTION('ref_axis',(1.,0.,0.));
#12692=DIRECTION('center_axis',(1.,0.,0.));
#12693=DIRECTION('ref_axis',(0.,1.,0.));
#12694=DIRECTION('',(0.,-1.,0.));
#12695=DIRECTION('',(0.,0.,1.));
#12696=DIRECTION('',(0.,1.,0.));
#12697=DIRECTION('',(0.,0.,1.));
#12698=DIRECTION('center_axis',(0.,-1.,0.));
#12699=DIRECTION('ref_axis',(1.,0.,0.));
#12700=DIRECTION('',(-1.,0.,0.));
#12701=DIRECTION('',(1.,0.,0.));
#12702=DIRECTION('',(0.,0.,1.));
#12703=DIRECTION('center_axis',(-1.,0.,0.));
#12704=DIRECTION('ref_axis',(0.,-1.,0.));
#12705=DIRECTION('',(0.,1.,0.));
#12706=DIRECTION('',(0.,-1.,0.));
#12707=DIRECTION('',(0.,0.,1.));
#12708=DIRECTION('center_axis',(0.,1.,0.));
#12709=DIRECTION('ref_axis',(-1.,0.,0.));
#12710=DIRECTION('',(1.,0.,0.));
#12711=DIRECTION('',(-1.,0.,0.));
#12712=DIRECTION('center_axis',(0.,0.,1.));
#12713=DIRECTION('ref_axis',(1.,0.,0.));
#12714=DIRECTION('center_axis',(0.,0.,1.));
#12715=DIRECTION('ref_axis',(1.,0.,0.));
#12716=DIRECTION('center_axis',(1.,0.,0.));
#12717=DIRECTION('ref_axis',(0.,1.,0.));
#12718=DIRECTION('',(0.,-1.,0.));
#12719=DIRECTION('',(0.,0.,1.));
#12720=DIRECTION('',(0.,1.,0.));
#12721=DIRECTION('',(0.,0.,1.));
#12722=DIRECTION('center_axis',(0.,-1.,0.));
#12723=DIRECTION('ref_axis',(1.,0.,0.));
#12724=DIRECTION('',(-1.,0.,0.));
#12725=DIRECTION('',(1.,0.,0.));
#12726=DIRECTION('',(0.,0.,1.));
#12727=DIRECTION('center_axis',(-1.,0.,0.));
#12728=DIRECTION('ref_axis',(0.,-1.,0.));
#12729=DIRECTION('',(0.,1.,0.));
#12730=DIRECTION('',(0.,-1.,0.));
#12731=DIRECTION('',(0.,0.,1.));
#12732=DIRECTION('center_axis',(0.,1.,0.));
#12733=DIRECTION('ref_axis',(-1.,0.,0.));
#12734=DIRECTION('',(1.,0.,0.));
#12735=DIRECTION('',(-1.,0.,0.));
#12736=DIRECTION('center_axis',(0.,0.,1.));
#12737=DIRECTION('ref_axis',(1.,0.,0.));
#12738=DIRECTION('center_axis',(0.,0.,1.));
#12739=DIRECTION('ref_axis',(1.,0.,0.));
#12740=DIRECTION('',(0.,0.,1.));
#12741=DIRECTION('',(0.,0.,1.));
#12742=DIRECTION('',(0.,0.,1.));
#12743=DIRECTION('',(0.,0.,1.));
#12744=DIRECTION('',(0.,0.,1.));
#12745=DIRECTION('',(0.,0.,1.));
#12746=DIRECTION('',(0.,0.,1.));
#12747=DIRECTION('center_axis',(0.131208719028083,-0.991354765989961,0.));
#12748=DIRECTION('ref_axis',(0.991354765989961,0.131208719028083,0.));
#12749=DIRECTION('',(-0.991354765989961,-0.131208719028083,0.));
#12750=DIRECTION('',(0.991354765989961,0.131208719028083,0.));
#12751=DIRECTION('',(0.,0.,1.));
#12752=DIRECTION('',(0.,0.,1.));
#12753=DIRECTION('',(0.,0.,1.));
#12754=DIRECTION('',(0.,0.,1.));
#12755=DIRECTION('center_axis',(0.,0.,1.));
#12756=DIRECTION('ref_axis',(0.564011267837362,-0.825767091710787,0.));
#12757=DIRECTION('center_axis',(0.,0.,-1.));
#12758=DIRECTION('ref_axis',(-0.564011267837361,0.825767091710788,0.));
#12759=DIRECTION('',(0.,0.,1.));
#12760=DIRECTION('center_axis',(0.112421456347696,0.993660614169981,0.));
#12761=DIRECTION('ref_axis',(-0.993660614169981,0.112421456347696,0.));
#12762=DIRECTION('',(0.993660614169981,-0.112421456347696,0.));
#12763=DIRECTION('',(-0.993660614169981,0.112421456347696,0.));
#12764=DIRECTION('center_axis',(0.,0.,1.));
#12765=DIRECTION('ref_axis',(1.,0.,0.));
#12766=DIRECTION('center_axis',(0.,0.,1.));
#12767=DIRECTION('ref_axis',(1.,0.,0.));
#12768=DIRECTION('center_axis',(0.,-1.,0.));
#12769=DIRECTION('ref_axis',(1.,0.,0.));
#12770=DIRECTION('',(1.,0.,0.));
#12771=DIRECTION('',(0.,0.,1.));
#12772=DIRECTION('',(-1.,0.,0.));
#12773=DIRECTION('',(0.,0.,1.));
#12774=DIRECTION('',(0.,0.,1.));
#12775=DIRECTION('',(0.,0.,1.));
#12776=DIRECTION('',(0.,0.,1.));
#12777=DIRECTION('',(0.,0.,1.));
#12778=DIRECTION('',(0.,0.,1.));
#12779=DIRECTION('',(0.,0.,1.));
#12780=DIRECTION('',(0.,0.,1.));
#12781=DIRECTION('center_axis',(0.0911680408134575,0.995835522731659,0.));
#12782=DIRECTION('ref_axis',(-0.995835522731659,0.0911680408134575,0.));
#12783=DIRECTION('',(0.995835522731659,-0.0911680408134575,0.));
#12784=DIRECTION('',(-0.995835522731659,0.0911680408134575,0.));
#12785=DIRECTION('',(0.,0.,1.));
#12786=DIRECTION('',(0.,0.,1.));
#12787=DIRECTION('',(0.,0.,1.));
#12788=DIRECTION('',(0.,0.,1.));
#12789=DIRECTION('',(0.,0.,1.));
#12790=DIRECTION('center_axis',(1.,0.,0.));
#12791=DIRECTION('ref_axis',(0.,1.,0.));
#12792=DIRECTION('',(0.,-1.,0.));
#12793=DIRECTION('',(0.,1.,0.));
#12794=DIRECTION('',(0.,0.,1.));
#12795=DIRECTION('center_axis',(0.,-1.,0.));
#12796=DIRECTION('ref_axis',(1.,0.,0.));
#12797=DIRECTION('',(-1.,0.,0.));
#12798=DIRECTION('',(1.,0.,0.));
#12799=DIRECTION('center_axis',(0.,0.,1.));
#12800=DIRECTION('ref_axis',(1.,0.,0.));
#12801=DIRECTION('center_axis',(0.,0.,1.));
#12802=DIRECTION('ref_axis',(1.,0.,0.));
#12803=DIRECTION('',(0.,0.,1.));
#12804=DIRECTION('',(0.,0.,1.));
#12805=DIRECTION('',(0.,0.,1.));
#12806=DIRECTION('',(0.,0.,1.));
#12807=DIRECTION('',(0.,0.,1.));
#12808=DIRECTION('',(0.,0.,1.));
#12809=DIRECTION('',(0.,0.,1.));
#12810=DIRECTION('',(0.,0.,1.));
#12811=DIRECTION('',(0.,0.,1.));
#12812=DIRECTION('center_axis',(0.0980651818729996,-0.995179993822331,0.));
#12813=DIRECTION('ref_axis',(0.995179993822331,0.0980651818729996,0.));
#12814=DIRECTION('',(-0.995179993822331,-0.0980651818729996,0.));
#12815=DIRECTION('',(0.995179993822331,0.0980651818729996,0.));
#12816=DIRECTION('',(0.,0.,1.));
#12817=DIRECTION('',(0.,0.,1.));
#12818=DIRECTION('',(0.,0.,1.));
#12819=DIRECTION('',(0.,0.,1.));
#12820=DIRECTION('',(0.,0.,1.));
#12821=DIRECTION('',(0.,0.,1.));
#12822=DIRECTION('',(0.,0.,1.));
#12823=DIRECTION('',(0.,0.,1.));
#12824=DIRECTION('',(0.,0.,1.));
#12825=DIRECTION('center_axis',(-0.0939876947349317,0.995573359044131,0.));
#12826=DIRECTION('ref_axis',(-0.99557335904413,-0.0939876947349317,0.));
#12827=DIRECTION('',(0.99557335904413,0.0939876947349317,0.));
#12828=DIRECTION('',(-0.99557335904413,-0.0939876947349317,0.));
#12829=DIRECTION('center_axis',(0.,0.,1.));
#12830=DIRECTION('ref_axis',(1.,0.,0.));
#12831=DIRECTION('center_axis',(0.,0.,1.));
#12832=DIRECTION('ref_axis',(1.,0.,0.));
#12833=DIRECTION('center_axis',(1.,0.,0.));
#12834=DIRECTION('ref_axis',(0.,1.,0.));
#12835=DIRECTION('',(0.,-1.,0.));
#12836=DIRECTION('',(0.,0.,1.));
#12837=DIRECTION('',(0.,1.,0.));
#12838=DIRECTION('',(0.,0.,1.));
#12839=DIRECTION('center_axis',(0.,1.,0.));
#12840=DIRECTION('ref_axis',(-1.,0.,0.));
#12841=DIRECTION('',(1.,0.,0.));
#12842=DIRECTION('',(-1.,0.,0.));
#12843=DIRECTION('',(0.,0.,1.));
#12844=DIRECTION('center_axis',(1.,0.,0.));
#12845=DIRECTION('ref_axis',(0.,1.,0.));
#12846=DIRECTION('',(0.,-1.,0.));
#12847=DIRECTION('',(0.,1.,0.));
#12848=DIRECTION('',(0.,0.,1.));
#12849=DIRECTION('center_axis',(0.,-1.,0.));
#12850=DIRECTION('ref_axis',(1.,0.,0.));
#12851=DIRECTION('',(-1.,0.,0.));
#12852=DIRECTION('',(1.,0.,0.));
#12853=DIRECTION('',(0.,0.,1.));
#12854=DIRECTION('center_axis',(-1.,0.,0.));
#12855=DIRECTION('ref_axis',(0.,-1.,0.));
#12856=DIRECTION('',(0.,1.,0.));
#12857=DIRECTION('',(0.,-1.,0.));
#12858=DIRECTION('',(0.,0.,1.));
#12859=DIRECTION('center_axis',(0.,1.,0.));
#12860=DIRECTION('ref_axis',(-1.,0.,0.));
#12861=DIRECTION('',(1.,0.,0.));
#12862=DIRECTION('',(-1.,0.,0.));
#12863=DIRECTION('center_axis',(0.,0.,1.));
#12864=DIRECTION('ref_axis',(1.,0.,0.));
#12865=DIRECTION('center_axis',(0.,0.,1.));
#12866=DIRECTION('ref_axis',(1.,0.,0.));
#12867=DIRECTION('center_axis',(1.,0.,0.));
#12868=DIRECTION('ref_axis',(0.,1.,0.));
#12869=DIRECTION('',(0.,1.,0.));
#12870=DIRECTION('',(0.,0.,1.));
#12871=DIRECTION('',(0.,-1.,0.));
#12872=DIRECTION('',(0.,0.,1.));
#12873=DIRECTION('',(0.,0.,1.));
#12874=DIRECTION('',(0.,0.,1.));
#12875=DIRECTION('',(0.,0.,1.));
#12876=DIRECTION('',(0.,0.,1.));
#12877=DIRECTION('',(0.,0.,1.));
#12878=DIRECTION('',(0.,0.,1.));
#12879=DIRECTION('center_axis',(0.,0.,1.));
#12880=DIRECTION('ref_axis',(0.9999578017279,0.00918666226142568,0.));
#12881=DIRECTION('',(0.,0.,1.));
#12882=DIRECTION('',(0.,0.,1.));
#12883=DIRECTION('',(0.,0.,1.));
#12884=DIRECTION('center_axis',(1.,0.,0.));
#12885=DIRECTION('ref_axis',(0.,1.,0.));
#12886=DIRECTION('',(0.,-1.,0.));
#12887=DIRECTION('',(0.,1.,0.));
#12888=DIRECTION('',(0.,0.,1.));
#12889=DIRECTION('',(0.,0.,1.));
#12890=DIRECTION('center_axis',(0.,-1.,0.));
#12891=DIRECTION('ref_axis',(1.,0.,0.));
#12892=DIRECTION('',(-1.,0.,0.));
#12893=DIRECTION('',(1.,0.,0.));
#12894=DIRECTION('',(0.,0.,1.));
#12895=DIRECTION('',(0.,0.,1.));
#12896=DIRECTION('',(0.,0.,1.));
#12897=DIRECTION('',(0.,0.,1.));
#12898=DIRECTION('',(0.,0.,1.));
#12899=DIRECTION('',(0.,0.,1.));
#12900=DIRECTION('',(0.,0.,1.));
#12901=DIRECTION('',(0.,0.,1.));
#12902=DIRECTION('',(0.,0.,1.));
#12903=DIRECTION('',(0.,0.,1.));
#12904=DIRECTION('',(0.,0.,1.));
#12905=DIRECTION('center_axis',(-0.104497210902913,-0.994525179627702,0.));
#12906=DIRECTION('ref_axis',(0.994525179627702,-0.104497210902913,0.));
#12907=DIRECTION('',(-0.994525179627702,0.104497210902913,0.));
#12908=DIRECTION('',(0.994525179627702,-0.104497210902913,0.));
#12909=DIRECTION('center_axis',(0.,0.,1.));
#12910=DIRECTION('ref_axis',(1.,0.,0.));
#12911=DIRECTION('center_axis',(0.,0.,1.));
#12912=DIRECTION('ref_axis',(1.,0.,0.));
#12913=DIRECTION('center_axis',(0.,1.,0.));
#12914=DIRECTION('ref_axis',(-1.,0.,0.));
#12915=DIRECTION('',(1.,0.,0.));
#12916=DIRECTION('',(0.,0.,1.));
#12917=DIRECTION('',(-1.,0.,0.));
#12918=DIRECTION('',(0.,0.,1.));
#12919=DIRECTION('center_axis',(1.,0.,0.));
#12920=DIRECTION('ref_axis',(0.,1.,0.));
#12921=DIRECTION('',(0.,-1.,0.));
#12922=DIRECTION('',(0.,1.,0.));
#12923=DIRECTION('',(0.,0.,1.));
#12924=DIRECTION('center_axis',(0.,-1.,0.));
#12925=DIRECTION('ref_axis',(1.,0.,0.));
#12926=DIRECTION('',(-1.,0.,0.));
#12927=DIRECTION('',(1.,0.,0.));
#12928=DIRECTION('',(0.,0.,1.));
#12929=DIRECTION('center_axis',(1.,0.,0.));
#12930=DIRECTION('ref_axis',(0.,1.,0.));
#12931=DIRECTION('',(0.,-1.,0.));
#12932=DIRECTION('',(0.,1.,0.));
#12933=DIRECTION('',(0.,0.,1.));
#12934=DIRECTION('',(0.,0.,1.));
#12935=DIRECTION('',(0.,0.,1.));
#12936=DIRECTION('',(0.,0.,1.));
#12937=DIRECTION('center_axis',(0.994478036010694,0.104944918372989,0.));
#12938=DIRECTION('ref_axis',(-0.104944918372989,0.994478036010694,0.));
#12939=DIRECTION('',(0.104944918372989,-0.994478036010694,0.));
#12940=DIRECTION('',(-0.104944918372989,0.994478036010694,0.));
#12941=DIRECTION('',(0.,0.,1.));
#12942=DIRECTION('',(0.,0.,1.));
#12943=DIRECTION('',(0.,0.,1.));
#12944=DIRECTION('center_axis',(-1.,0.,0.));
#12945=DIRECTION('ref_axis',(0.,-1.,0.));
#12946=DIRECTION('',(0.,1.,0.));
#12947=DIRECTION('',(0.,-1.,0.));
#12948=DIRECTION('',(0.,0.,1.));
#12949=DIRECTION('center_axis',(0.,-1.,0.));
#12950=DIRECTION('ref_axis',(1.,0.,0.));
#12951=DIRECTION('',(-1.,0.,0.));
#12952=DIRECTION('',(1.,0.,0.));
#12953=DIRECTION('',(0.,0.,1.));
#12954=DIRECTION('center_axis',(-1.,0.,0.));
#12955=DIRECTION('ref_axis',(0.,-1.,0.));
#12956=DIRECTION('',(0.,1.,0.));
#12957=DIRECTION('',(0.,-1.,0.));
#12958=DIRECTION('',(0.,0.,1.));
#12959=DIRECTION('center_axis',(0.,1.,0.));
#12960=DIRECTION('ref_axis',(-1.,0.,0.));
#12961=DIRECTION('',(1.,0.,0.));
#12962=DIRECTION('',(-1.,0.,0.));
#12963=DIRECTION('',(0.,0.,1.));
#12964=DIRECTION('center_axis',(-1.,0.,0.));
#12965=DIRECTION('ref_axis',(0.,-1.,0.));
#12966=DIRECTION('',(0.,1.,0.));
#12967=DIRECTION('',(0.,-1.,0.));
#12968=DIRECTION('',(0.,0.,1.));
#12969=DIRECTION('center_axis',(-0.455816361976388,0.890073841967401,0.));
#12970=DIRECTION('ref_axis',(-0.890073841967401,-0.455816361976388,0.));
#12971=DIRECTION('',(0.890073841967401,0.455816361976388,0.));
#12972=DIRECTION('',(-0.890073841967401,-0.455816361976388,0.));
#12973=DIRECTION('',(0.,0.,1.));
#12974=DIRECTION('center_axis',(1.,0.,0.));
#12975=DIRECTION('ref_axis',(0.,1.,0.));
#12976=DIRECTION('',(0.,-1.,0.));
#12977=DIRECTION('',(0.,1.,0.));
#12978=DIRECTION('center_axis',(0.,0.,1.));
#12979=DIRECTION('ref_axis',(1.,0.,0.));
#12980=DIRECTION('center_axis',(0.,0.,1.));
#12981=DIRECTION('ref_axis',(1.,0.,0.));
#12982=DIRECTION('center_axis',(1.,0.,0.));
#12983=DIRECTION('ref_axis',(0.,1.,0.));
#12984=DIRECTION('',(0.,-1.,0.));
#12985=DIRECTION('',(0.,0.,1.));
#12986=DIRECTION('',(0.,1.,0.));
#12987=DIRECTION('',(0.,0.,1.));
#12988=DIRECTION('center_axis',(0.,-1.,0.));
#12989=DIRECTION('ref_axis',(1.,0.,0.));
#12990=DIRECTION('',(-1.,0.,0.));
#12991=DIRECTION('',(1.,0.,0.));
#12992=DIRECTION('',(0.,0.,1.));
#12993=DIRECTION('center_axis',(-1.,0.,0.));
#12994=DIRECTION('ref_axis',(0.,-1.,0.));
#12995=DIRECTION('',(0.,1.,0.));
#12996=DIRECTION('',(0.,-1.,0.));
#12997=DIRECTION('',(0.,0.,1.));
#12998=DIRECTION('center_axis',(0.,1.,0.));
#12999=DIRECTION('ref_axis',(-1.,0.,0.));
#13000=DIRECTION('',(1.,0.,0.));
#13001=DIRECTION('',(-1.,0.,0.));
#13002=DIRECTION('center_axis',(0.,0.,1.));
#13003=DIRECTION('ref_axis',(1.,0.,0.));
#13004=DIRECTION('center_axis',(0.,0.,1.));
#13005=DIRECTION('ref_axis',(1.,0.,0.));
#13006=DIRECTION('center_axis',(0.,-1.,0.));
#13007=DIRECTION('ref_axis',(1.,0.,0.));
#13008=DIRECTION('',(1.,0.,0.));
#13009=DIRECTION('',(0.,0.,1.));
#13010=DIRECTION('',(-1.,0.,0.));
#13011=DIRECTION('',(0.,0.,1.));
#13012=DIRECTION('',(0.,0.,1.));
#13013=DIRECTION('',(0.,0.,1.));
#13014=DIRECTION('',(0.,0.,1.));
#13015=DIRECTION('',(0.,0.,1.));
#13016=DIRECTION('',(0.,0.,1.));
#13017=DIRECTION('',(0.,0.,1.));
#13018=DIRECTION('',(0.,0.,1.));
#13019=DIRECTION('center_axis',(0.0911680408134576,0.995835522731659,0.));
#13020=DIRECTION('ref_axis',(-0.995835522731659,0.0911680408134576,0.));
#13021=DIRECTION('',(0.995835522731659,-0.0911680408134576,0.));
#13022=DIRECTION('',(-0.995835522731659,0.0911680408134576,0.));
#13023=DIRECTION('',(0.,0.,1.));
#13024=DIRECTION('',(0.,0.,1.));
#13025=DIRECTION('',(0.,0.,1.));
#13026=DIRECTION('',(0.,0.,1.));
#13027=DIRECTION('',(0.,0.,1.));
#13028=DIRECTION('center_axis',(1.,0.,0.));
#13029=DIRECTION('ref_axis',(0.,1.,0.));
#13030=DIRECTION('',(0.,-1.,0.));
#13031=DIRECTION('',(0.,1.,0.));
#13032=DIRECTION('',(0.,0.,1.));
#13033=DIRECTION('center_axis',(0.,-1.,0.));
#13034=DIRECTION('ref_axis',(1.,0.,0.));
#13035=DIRECTION('',(-1.,0.,0.));
#13036=DIRECTION('',(1.,0.,0.));
#13037=DIRECTION('center_axis',(0.,0.,1.));
#13038=DIRECTION('ref_axis',(1.,0.,0.));
#13039=DIRECTION('center_axis',(0.,0.,1.));
#13040=DIRECTION('ref_axis',(1.,0.,0.));
#13041=DIRECTION('',(0.,0.,1.));
#13042=DIRECTION('',(0.,0.,1.));
#13043=DIRECTION('',(0.,0.,1.));
#13044=DIRECTION('',(0.,0.,1.));
#13045=DIRECTION('',(0.,0.,1.));
#13046=DIRECTION('',(0.,0.,1.));
#13047=DIRECTION('',(0.,0.,1.));
#13048=DIRECTION('',(0.,0.,1.));
#13049=DIRECTION('',(0.,0.,1.));
#13050=DIRECTION('center_axis',(0.0980651818729996,-0.995179993822331,0.));
#13051=DIRECTION('ref_axis',(0.995179993822331,0.0980651818729996,0.));
#13052=DIRECTION('',(-0.995179993822331,-0.0980651818729996,0.));
#13053=DIRECTION('',(0.995179993822331,0.0980651818729996,0.));
#13054=DIRECTION('',(0.,0.,1.));
#13055=DIRECTION('',(0.,0.,1.));
#13056=DIRECTION('',(0.,0.,1.));
#13057=DIRECTION('',(0.,0.,1.));
#13058=DIRECTION('',(0.,0.,1.));
#13059=DIRECTION('',(0.,0.,1.));
#13060=DIRECTION('',(0.,0.,1.));
#13061=DIRECTION('',(0.,0.,1.));
#13062=DIRECTION('',(0.,0.,1.));
#13063=DIRECTION('center_axis',(-0.0939876947349317,0.995573359044131,0.));
#13064=DIRECTION('ref_axis',(-0.99557335904413,-0.0939876947349317,0.));
#13065=DIRECTION('',(0.99557335904413,0.0939876947349317,0.));
#13066=DIRECTION('',(-0.99557335904413,-0.0939876947349317,0.));
#13067=DIRECTION('center_axis',(0.,0.,1.));
#13068=DIRECTION('ref_axis',(1.,0.,0.));
#13069=DIRECTION('center_axis',(0.,0.,1.));
#13070=DIRECTION('ref_axis',(1.,0.,0.));
#13071=DIRECTION('',(0.,0.,1.));
#13072=DIRECTION('',(1.,0.,0.));
#13073=DIRECTION('',(0.,0.,-1.));
#13074=DIRECTION('',(-1.,0.,0.));
#13075=DIRECTION('',(0.,0.,1.));
#13076=DIRECTION('',(1.,0.,0.));
#13077=CARTESIAN_POINT('',(0.,0.,0.));
#13078=CARTESIAN_POINT('',(0.,0.,0.));
#13079=CARTESIAN_POINT('Origin',(1.9,-2.6,0.));
#13080=CARTESIAN_POINT('',(1.9,2.6,0.));
#13081=CARTESIAN_POINT('',(1.9,-2.6,0.));
#13082=CARTESIAN_POINT('',(1.9,2.6,0.));
#13083=CARTESIAN_POINT('',(1.9,2.6,1.));
#13084=CARTESIAN_POINT('',(1.9,2.6,0.));
#13085=CARTESIAN_POINT('',(1.9,-2.6,1.));
#13086=CARTESIAN_POINT('',(1.9,2.6,1.));
#13087=CARTESIAN_POINT('',(1.9,-2.6,0.));
#13088=CARTESIAN_POINT('Origin',(-1.9,-2.6,0.));
#13089=CARTESIAN_POINT('',(-1.9,-2.6,0.));
#13090=CARTESIAN_POINT('',(1.9,-2.6,0.));
#13091=CARTESIAN_POINT('',(-1.9,-2.6,1.));
#13092=CARTESIAN_POINT('',(1.9,-2.6,1.));
#13093=CARTESIAN_POINT('',(-1.9,-2.6,0.));
#13094=CARTESIAN_POINT('Origin',(-1.9,2.6,0.));
#13095=CARTESIAN_POINT('',(-1.9,2.6,0.));
#13096=CARTESIAN_POINT('',(-1.9,-2.6,0.));
#13097=CARTESIAN_POINT('',(-1.9,2.6,1.));
#13098=CARTESIAN_POINT('',(-1.9,-2.6,1.));
#13099=CARTESIAN_POINT('',(-1.9,2.6,0.));
#13100=CARTESIAN_POINT('Origin',(1.9,2.6,0.));
#13101=CARTESIAN_POINT('',(-1.9,2.6,0.));
#13102=CARTESIAN_POINT('',(-1.9,2.6,1.));
#13103=CARTESIAN_POINT('Origin',(0.,0.,0.));
#13104=CARTESIAN_POINT('Origin',(0.,0.,1.));
#13105=CARTESIAN_POINT('Origin',(-1.9,2.6,0.));
#13106=CARTESIAN_POINT('',(-1.9,2.6,0.));
#13107=CARTESIAN_POINT('',(1.9,2.6,0.));
#13108=CARTESIAN_POINT('',(-1.9,2.6,0.));
#13109=CARTESIAN_POINT('',(1.9,2.6,-0.13));
#13110=CARTESIAN_POINT('',(1.9,2.6,0.));
#13111=CARTESIAN_POINT('',(-1.9,2.6,-0.13));
#13112=CARTESIAN_POINT('',(-1.9,2.6,-0.13));
#13113=CARTESIAN_POINT('',(-1.9,2.6,0.));
#13114=CARTESIAN_POINT('Origin',(-1.9,-2.6,0.));
#13115=CARTESIAN_POINT('',(-1.9,-2.6,0.));
#13116=CARTESIAN_POINT('',(-1.9,-2.6,0.));
#13117=CARTESIAN_POINT('',(-1.9,-2.6,-0.13));
#13118=CARTESIAN_POINT('',(-1.9,-2.6,-0.13));
#13119=CARTESIAN_POINT('',(-1.9,-2.6,0.));
#13120=CARTESIAN_POINT('Origin',(1.9,-2.6,0.));
#13121=CARTESIAN_POINT('',(1.9,-2.6,0.));
#13122=CARTESIAN_POINT('',(1.9,-2.6,0.));
#13123=CARTESIAN_POINT('',(1.9,-2.6,-0.13));
#13124=CARTESIAN_POINT('',(1.9,-2.6,-0.13));
#13125=CARTESIAN_POINT('',(1.9,-2.6,0.));
#13126=CARTESIAN_POINT('Origin',(1.9,2.6,0.));
#13127=CARTESIAN_POINT('',(1.9,2.6,0.));
#13128=CARTESIAN_POINT('',(1.9,2.6,-0.13));
#13129=CARTESIAN_POINT('Origin',(0.,0.,-0.13));
#13130=CARTESIAN_POINT('Origin',(0.,0.,0.));
#13131=CARTESIAN_POINT('',(0.,0.,0.));
#13132=CARTESIAN_POINT('Origin',(1.325,1.875,0.));
#13133=CARTESIAN_POINT('',(1.325,1.875,0.));
#13134=CARTESIAN_POINT('',(1.325,1.625,0.));
#13135=CARTESIAN_POINT('',(1.325,1.875,0.));
#13136=CARTESIAN_POINT('',(1.325,1.625,0.05));
#13137=CARTESIAN_POINT('',(1.325,1.625,0.));
#13138=CARTESIAN_POINT('',(1.325,1.875,0.05));
#13139=CARTESIAN_POINT('',(1.325,1.875,0.05));
#13140=CARTESIAN_POINT('',(1.325,1.875,0.));
#13141=CARTESIAN_POINT('Origin',(1.8,1.875,0.));
#13142=CARTESIAN_POINT('',(1.8,1.875,0.));
#13143=CARTESIAN_POINT('',(1.8,1.875,0.));
#13144=CARTESIAN_POINT('',(1.8,1.875,0.05));
#13145=CARTESIAN_POINT('',(1.8,1.875,0.05));
#13146=CARTESIAN_POINT('',(1.8,1.875,0.));
#13147=CARTESIAN_POINT('Origin',(1.8,1.625,0.));
#13148=CARTESIAN_POINT('',(1.8,1.625,0.));
#13149=CARTESIAN_POINT('',(1.8,1.625,0.));
#13150=CARTESIAN_POINT('',(1.8,1.625,0.05));
#13151=CARTESIAN_POINT('',(1.8,1.625,0.05));
#13152=CARTESIAN_POINT('',(1.8,1.625,0.));
#13153=CARTESIAN_POINT('Origin',(1.325,1.625,0.));
#13154=CARTESIAN_POINT('',(1.325,1.625,0.));
#13155=CARTESIAN_POINT('',(1.325,1.625,0.05));
#13156=CARTESIAN_POINT('Origin',(1.5625,1.75,0.05));
#13157=CARTESIAN_POINT('Origin',(1.5625,1.75,0.));
#13158=CARTESIAN_POINT('Origin',(1.325,0.874999999999996,0.));
#13159=CARTESIAN_POINT('',(1.325,0.874999999999996,0.));
#13160=CARTESIAN_POINT('',(1.325,0.624999999999997,0.));
#13161=CARTESIAN_POINT('',(1.325,0.874999999999996,0.));
#13162=CARTESIAN_POINT('',(1.325,0.624999999999997,0.05));
#13163=CARTESIAN_POINT('',(1.325,0.624999999999997,0.));
#13164=CARTESIAN_POINT('',(1.325,0.874999999999996,0.05));
#13165=CARTESIAN_POINT('',(1.325,0.874999999999996,0.05));
#13166=CARTESIAN_POINT('',(1.325,0.874999999999996,0.));
#13167=CARTESIAN_POINT('Origin',(1.8,0.874999999999996,0.));
#13168=CARTESIAN_POINT('',(1.8,0.874999999999996,0.));
#13169=CARTESIAN_POINT('',(1.8,0.874999999999996,0.));
#13170=CARTESIAN_POINT('',(1.8,0.874999999999996,0.05));
#13171=CARTESIAN_POINT('',(1.8,0.874999999999996,0.05));
#13172=CARTESIAN_POINT('',(1.8,0.874999999999996,0.));
#13173=CARTESIAN_POINT('Origin',(1.8,0.624999999999996,0.));
#13174=CARTESIAN_POINT('',(1.8,0.624999999999996,0.));
#13175=CARTESIAN_POINT('',(1.8,0.624999999999996,0.));
#13176=CARTESIAN_POINT('',(1.8,0.624999999999996,0.05));
#13177=CARTESIAN_POINT('',(1.8,0.624999999999996,0.05));
#13178=CARTESIAN_POINT('',(1.8,0.624999999999996,0.));
#13179=CARTESIAN_POINT('Origin',(1.325,0.624999999999997,0.));
#13180=CARTESIAN_POINT('',(1.325,0.624999999999997,0.));
#13181=CARTESIAN_POINT('',(1.325,0.624999999999997,0.05));
#13182=CARTESIAN_POINT('Origin',(1.5625,0.749999999999996,0.05));
#13183=CARTESIAN_POINT('Origin',(1.5625,0.749999999999996,0.));
#13184=CARTESIAN_POINT('Origin',(1.325,-0.125000000000002,0.));
#13185=CARTESIAN_POINT('',(1.325,-0.125000000000002,0.));
#13186=CARTESIAN_POINT('',(1.325,-0.375000000000002,0.));
#13187=CARTESIAN_POINT('',(1.325,-0.125000000000002,0.));
#13188=CARTESIAN_POINT('',(1.325,-0.375000000000002,0.05));
#13189=CARTESIAN_POINT('',(1.325,-0.375000000000002,0.));
#13190=CARTESIAN_POINT('',(1.325,-0.125000000000002,0.05));
#13191=CARTESIAN_POINT('',(1.325,-0.125000000000002,0.05));
#13192=CARTESIAN_POINT('',(1.325,-0.125000000000002,0.));
#13193=CARTESIAN_POINT('Origin',(1.8,-0.125000000000002,0.));
#13194=CARTESIAN_POINT('',(1.8,-0.125000000000002,0.));
#13195=CARTESIAN_POINT('',(1.8,-0.125000000000002,0.));
#13196=CARTESIAN_POINT('',(1.8,-0.125000000000002,0.05));
#13197=CARTESIAN_POINT('',(1.8,-0.125000000000002,0.05));
#13198=CARTESIAN_POINT('',(1.8,-0.125000000000002,0.));
#13199=CARTESIAN_POINT('Origin',(1.8,-0.375000000000002,0.));
#13200=CARTESIAN_POINT('',(1.8,-0.375000000000002,0.));
#13201=CARTESIAN_POINT('',(1.8,-0.375000000000002,0.));
#13202=CARTESIAN_POINT('',(1.8,-0.375000000000002,0.05));
#13203=CARTESIAN_POINT('',(1.8,-0.375000000000002,0.05));
#13204=CARTESIAN_POINT('',(1.8,-0.375000000000002,0.));
#13205=CARTESIAN_POINT('Origin',(1.325,-0.375000000000002,0.));
#13206=CARTESIAN_POINT('',(1.325,-0.375000000000002,0.));
#13207=CARTESIAN_POINT('',(1.325,-0.375000000000002,0.05));
#13208=CARTESIAN_POINT('Origin',(1.5625,-0.250000000000002,0.05));
#13209=CARTESIAN_POINT('Origin',(1.5625,-0.250000000000002,0.));
#13210=CARTESIAN_POINT('Origin',(1.325,-1.125,0.));
#13211=CARTESIAN_POINT('',(1.325,-1.125,0.));
#13212=CARTESIAN_POINT('',(1.325,-1.375,0.));
#13213=CARTESIAN_POINT('',(1.325,-1.125,0.));
#13214=CARTESIAN_POINT('',(1.325,-1.375,0.05));
#13215=CARTESIAN_POINT('',(1.325,-1.375,0.));
#13216=CARTESIAN_POINT('',(1.325,-1.125,0.05));
#13217=CARTESIAN_POINT('',(1.325,-1.125,0.05));
#13218=CARTESIAN_POINT('',(1.325,-1.125,0.));
#13219=CARTESIAN_POINT('Origin',(1.8,-1.125,0.));
#13220=CARTESIAN_POINT('',(1.8,-1.125,0.));
#13221=CARTESIAN_POINT('',(1.8,-1.125,0.));
#13222=CARTESIAN_POINT('',(1.8,-1.125,0.05));
#13223=CARTESIAN_POINT('',(1.8,-1.125,0.05));
#13224=CARTESIAN_POINT('',(1.8,-1.125,0.));
#13225=CARTESIAN_POINT('Origin',(1.8,-1.375,0.));
#13226=CARTESIAN_POINT('',(1.8,-1.375,0.));
#13227=CARTESIAN_POINT('',(1.8,-1.375,0.));
#13228=CARTESIAN_POINT('',(1.8,-1.375,0.05));
#13229=CARTESIAN_POINT('',(1.8,-1.375,0.05));
#13230=CARTESIAN_POINT('',(1.8,-1.375,0.));
#13231=CARTESIAN_POINT('Origin',(1.325,-1.375,0.));
#13232=CARTESIAN_POINT('',(1.325,-1.375,0.));
#13233=CARTESIAN_POINT('',(1.325,-1.375,0.05));
#13234=CARTESIAN_POINT('Origin',(1.5625,-1.25,0.05));
#13235=CARTESIAN_POINT('Origin',(1.5625,-1.25,0.));
#13236=CARTESIAN_POINT('Origin',(1.325,-2.375,0.));
#13237=CARTESIAN_POINT('',(1.8,-2.375,0.));
#13238=CARTESIAN_POINT('',(1.325,-2.375,0.));
#13239=CARTESIAN_POINT('',(1.8,-2.375,0.));
#13240=CARTESIAN_POINT('',(1.8,-2.375,0.05));
#13241=CARTESIAN_POINT('',(1.8,-2.375,0.));
#13242=CARTESIAN_POINT('',(1.325,-2.375,0.05));
#13243=CARTESIAN_POINT('',(1.8,-2.375,0.05));
#13244=CARTESIAN_POINT('',(1.325,-2.375,0.));
#13245=CARTESIAN_POINT('Origin',(1.325,-2.125,0.));
#13246=CARTESIAN_POINT('',(1.325,-2.125,0.));
#13247=CARTESIAN_POINT('',(1.325,-2.375,0.));
#13248=CARTESIAN_POINT('',(1.325,-2.125,0.05));
#13249=CARTESIAN_POINT('',(1.325,-2.375,0.05));
#13250=CARTESIAN_POINT('',(1.325,-2.125,0.));
#13251=CARTESIAN_POINT('Origin',(1.8,-2.125,0.));
#13252=CARTESIAN_POINT('',(1.8,-2.125,0.));
#13253=CARTESIAN_POINT('',(1.325,-2.125,0.));
#13254=CARTESIAN_POINT('',(1.8,-2.125,0.05));
#13255=CARTESIAN_POINT('',(1.325,-2.125,0.05));
#13256=CARTESIAN_POINT('',(1.8,-2.125,0.));
#13257=CARTESIAN_POINT('Origin',(1.8,-2.375,0.));
#13258=CARTESIAN_POINT('',(1.8,-2.125,0.));
#13259=CARTESIAN_POINT('',(1.8,-2.125,0.05));
#13260=CARTESIAN_POINT('Origin',(1.5625,-2.25,0.));
#13261=CARTESIAN_POINT('Origin',(1.5625,-2.25,0.05));
#13262=CARTESIAN_POINT('Origin',(-1.8,1.87499999999999,0.));
#13263=CARTESIAN_POINT('',(-1.8,1.62499999999999,0.));
#13264=CARTESIAN_POINT('',(-1.8,1.87499999999999,0.));
#13265=CARTESIAN_POINT('',(-1.8,1.62499999999999,0.));
#13266=CARTESIAN_POINT('',(-1.8,1.62499999999999,0.05));
#13267=CARTESIAN_POINT('',(-1.8,1.62499999999999,0.));
#13268=CARTESIAN_POINT('',(-1.8,1.87499999999999,0.05));
#13269=CARTESIAN_POINT('',(-1.8,1.62499999999999,0.05));
#13270=CARTESIAN_POINT('',(-1.8,1.87499999999999,0.));
#13271=CARTESIAN_POINT('Origin',(-1.325,1.87499999999999,0.));
#13272=CARTESIAN_POINT('',(-1.325,1.87499999999999,0.));
#13273=CARTESIAN_POINT('',(-1.8,1.87499999999999,0.));
#13274=CARTESIAN_POINT('',(-1.325,1.87499999999999,0.05));
#13275=CARTESIAN_POINT('',(-1.8,1.87499999999999,0.05));
#13276=CARTESIAN_POINT('',(-1.325,1.87499999999999,0.));
#13277=CARTESIAN_POINT('Origin',(-1.325,1.625,0.));
#13278=CARTESIAN_POINT('',(-1.325,1.625,0.));
#13279=CARTESIAN_POINT('',(-1.325,1.87499999999999,0.));
#13280=CARTESIAN_POINT('',(-1.325,1.625,0.05));
#13281=CARTESIAN_POINT('',(-1.325,1.87499999999999,0.05));
#13282=CARTESIAN_POINT('',(-1.325,1.625,0.));
#13283=CARTESIAN_POINT('Origin',(-1.8,1.62499999999999,0.));
#13284=CARTESIAN_POINT('',(-1.325,1.625,0.));
#13285=CARTESIAN_POINT('',(-1.325,1.625,0.05));
#13286=CARTESIAN_POINT('Origin',(-1.5625,1.74999999999999,0.));
#13287=CARTESIAN_POINT('Origin',(-1.5625,1.74999999999999,0.05));
#13288=CARTESIAN_POINT('Origin',(-1.8,0.874999999999996,0.));
#13289=CARTESIAN_POINT('',(-1.8,0.624999999999996,0.));
#13290=CARTESIAN_POINT('',(-1.8,0.874999999999996,0.));
#13291=CARTESIAN_POINT('',(-1.8,0.624999999999996,0.));
#13292=CARTESIAN_POINT('',(-1.8,0.624999999999996,0.05));
#13293=CARTESIAN_POINT('',(-1.8,0.624999999999996,0.));
#13294=CARTESIAN_POINT('',(-1.8,0.874999999999996,0.05));
#13295=CARTESIAN_POINT('',(-1.8,0.624999999999996,0.05));
#13296=CARTESIAN_POINT('',(-1.8,0.874999999999996,0.));
#13297=CARTESIAN_POINT('Origin',(-1.325,0.874999999999996,0.));
#13298=CARTESIAN_POINT('',(-1.325,0.874999999999996,0.));
#13299=CARTESIAN_POINT('',(-1.8,0.874999999999996,0.));
#13300=CARTESIAN_POINT('',(-1.325,0.874999999999996,0.05));
#13301=CARTESIAN_POINT('',(-1.8,0.874999999999996,0.05));
#13302=CARTESIAN_POINT('',(-1.325,0.874999999999996,0.));
#13303=CARTESIAN_POINT('Origin',(-1.325,0.624999999999997,0.));
#13304=CARTESIAN_POINT('',(-1.325,0.624999999999997,0.));
#13305=CARTESIAN_POINT('',(-1.325,0.874999999999996,0.));
#13306=CARTESIAN_POINT('',(-1.325,0.624999999999997,0.05));
#13307=CARTESIAN_POINT('',(-1.325,0.874999999999996,0.05));
#13308=CARTESIAN_POINT('',(-1.325,0.624999999999997,0.));
#13309=CARTESIAN_POINT('Origin',(-1.8,0.624999999999996,0.));
#13310=CARTESIAN_POINT('',(-1.325,0.624999999999997,0.));
#13311=CARTESIAN_POINT('',(-1.325,0.624999999999997,0.05));
#13312=CARTESIAN_POINT('Origin',(-1.5625,0.749999999999996,0.));
#13313=CARTESIAN_POINT('Origin',(-1.5625,0.749999999999996,0.05));
#13314=CARTESIAN_POINT('Origin',(-1.8,-0.125000000000003,0.));
#13315=CARTESIAN_POINT('',(-1.8,-0.375000000000003,0.));
#13316=CARTESIAN_POINT('',(-1.8,-0.125000000000003,0.));
#13317=CARTESIAN_POINT('',(-1.8,-0.375000000000003,0.));
#13318=CARTESIAN_POINT('',(-1.8,-0.375000000000003,0.05));
#13319=CARTESIAN_POINT('',(-1.8,-0.375000000000003,0.));
#13320=CARTESIAN_POINT('',(-1.8,-0.125000000000003,0.05));
#13321=CARTESIAN_POINT('',(-1.8,-0.375000000000003,0.05));
#13322=CARTESIAN_POINT('',(-1.8,-0.125000000000003,0.));
#13323=CARTESIAN_POINT('Origin',(-1.325,-0.125000000000003,0.));
#13324=CARTESIAN_POINT('',(-1.325,-0.125000000000003,0.));
#13325=CARTESIAN_POINT('',(-1.8,-0.125000000000003,0.));
#13326=CARTESIAN_POINT('',(-1.325,-0.125000000000003,0.05));
#13327=CARTESIAN_POINT('',(-1.8,-0.125000000000003,0.05));
#13328=CARTESIAN_POINT('',(-1.325,-0.125000000000003,0.));
#13329=CARTESIAN_POINT('Origin',(-1.325,-0.375000000000002,0.));
#13330=CARTESIAN_POINT('',(-1.325,-0.375000000000002,0.));
#13331=CARTESIAN_POINT('',(-1.325,-0.125000000000003,0.));
#13332=CARTESIAN_POINT('',(-1.325,-0.375000000000002,0.05));
#13333=CARTESIAN_POINT('',(-1.325,-0.125000000000003,0.05));
#13334=CARTESIAN_POINT('',(-1.325,-0.375000000000002,0.));
#13335=CARTESIAN_POINT('Origin',(-1.8,-0.375000000000003,0.));
#13336=CARTESIAN_POINT('',(-1.325,-0.375000000000002,0.));
#13337=CARTESIAN_POINT('',(-1.325,-0.375000000000002,0.05));
#13338=CARTESIAN_POINT('Origin',(-1.5625,-0.250000000000003,0.));
#13339=CARTESIAN_POINT('Origin',(-1.5625,-0.250000000000003,0.05));
#13340=CARTESIAN_POINT('Origin',(-1.8,-1.125,0.));
#13341=CARTESIAN_POINT('',(-1.8,-1.375,0.));
#13342=CARTESIAN_POINT('',(-1.8,-1.125,0.));
#13343=CARTESIAN_POINT('',(-1.8,-1.375,0.));
#13344=CARTESIAN_POINT('',(-1.8,-1.375,0.05));
#13345=CARTESIAN_POINT('',(-1.8,-1.375,0.));
#13346=CARTESIAN_POINT('',(-1.8,-1.125,0.05));
#13347=CARTESIAN_POINT('',(-1.8,-1.375,0.05));
#13348=CARTESIAN_POINT('',(-1.8,-1.125,0.));
#13349=CARTESIAN_POINT('Origin',(-1.325,-1.125,0.));
#13350=CARTESIAN_POINT('',(-1.325,-1.125,0.));
#13351=CARTESIAN_POINT('',(-1.8,-1.125,0.));
#13352=CARTESIAN_POINT('',(-1.325,-1.125,0.05));
#13353=CARTESIAN_POINT('',(-1.8,-1.125,0.05));
#13354=CARTESIAN_POINT('',(-1.325,-1.125,0.));
#13355=CARTESIAN_POINT('Origin',(-1.325,-1.375,0.));
#13356=CARTESIAN_POINT('',(-1.325,-1.375,0.));
#13357=CARTESIAN_POINT('',(-1.325,-1.125,0.));
#13358=CARTESIAN_POINT('',(-1.325,-1.375,0.05));
#13359=CARTESIAN_POINT('',(-1.325,-1.125,0.05));
#13360=CARTESIAN_POINT('',(-1.325,-1.375,0.));
#13361=CARTESIAN_POINT('Origin',(-1.8,-1.375,0.));
#13362=CARTESIAN_POINT('',(-1.325,-1.375,0.));
#13363=CARTESIAN_POINT('',(-1.325,-1.375,0.05));
#13364=CARTESIAN_POINT('Origin',(-1.5625,-1.25,0.));
#13365=CARTESIAN_POINT('Origin',(-1.5625,-1.25,0.05));
#13366=CARTESIAN_POINT('Origin',(-1.8,-2.125,0.));
#13367=CARTESIAN_POINT('',(-1.8,-2.375,0.));
#13368=CARTESIAN_POINT('',(-1.8,-2.125,0.));
#13369=CARTESIAN_POINT('',(-1.8,-2.375,0.));
#13370=CARTESIAN_POINT('',(-1.8,-2.375,0.05));
#13371=CARTESIAN_POINT('',(-1.8,-2.375,0.));
#13372=CARTESIAN_POINT('',(-1.8,-2.125,0.05));
#13373=CARTESIAN_POINT('',(-1.8,-2.375,0.05));
#13374=CARTESIAN_POINT('',(-1.8,-2.125,0.));
#13375=CARTESIAN_POINT('Origin',(-1.325,-2.125,0.));
#13376=CARTESIAN_POINT('',(-1.325,-2.125,0.));
#13377=CARTESIAN_POINT('',(-1.8,-2.125,0.));
#13378=CARTESIAN_POINT('',(-1.325,-2.125,0.05));
#13379=CARTESIAN_POINT('',(-1.8,-2.125,0.05));
#13380=CARTESIAN_POINT('',(-1.325,-2.125,0.));
#13381=CARTESIAN_POINT('Origin',(-1.325,-2.375,0.));
#13382=CARTESIAN_POINT('',(-1.325,-2.375,0.));
#13383=CARTESIAN_POINT('',(-1.325,-2.125,0.));
#13384=CARTESIAN_POINT('',(-1.325,-2.375,0.05));
#13385=CARTESIAN_POINT('',(-1.325,-2.125,0.05));
#13386=CARTESIAN_POINT('',(-1.325,-2.375,0.));
#13387=CARTESIAN_POINT('Origin',(-1.8,-2.375,0.));
#13388=CARTESIAN_POINT('',(-1.325,-2.375,0.));
#13389=CARTESIAN_POINT('',(-1.325,-2.375,0.05));
#13390=CARTESIAN_POINT('Origin',(-1.5625,-2.25,0.));
#13391=CARTESIAN_POINT('Origin',(-1.5625,-2.25,0.05));
#13392=CARTESIAN_POINT('Origin',(-0.375,2.4375,0.));
#13393=CARTESIAN_POINT('',(-0.375,2.0625,0.));
#13394=CARTESIAN_POINT('',(-0.375,2.4375,0.));
#13395=CARTESIAN_POINT('',(-0.375,2.0625,0.));
#13396=CARTESIAN_POINT('',(-0.375,2.0625,0.05));
#13397=CARTESIAN_POINT('',(-0.375,2.0625,0.));
#13398=CARTESIAN_POINT('',(-0.375,2.4375,0.05));
#13399=CARTESIAN_POINT('',(-0.375,2.0625,0.05));
#13400=CARTESIAN_POINT('',(-0.375,2.4375,0.));
#13401=CARTESIAN_POINT('Origin',(-0.125,2.4375,0.));
#13402=CARTESIAN_POINT('',(-0.125,2.4375,0.));
#13403=CARTESIAN_POINT('',(-0.375,2.4375,0.));
#13404=CARTESIAN_POINT('',(-0.125,2.4375,0.05));
#13405=CARTESIAN_POINT('',(-0.375,2.4375,0.05));
#13406=CARTESIAN_POINT('',(-0.125,2.4375,0.));
#13407=CARTESIAN_POINT('Origin',(-0.125,2.0625,0.));
#13408=CARTESIAN_POINT('',(-0.125,2.0625,0.));
#13409=CARTESIAN_POINT('',(-0.125,2.4375,0.));
#13410=CARTESIAN_POINT('',(-0.125,2.0625,0.05));
#13411=CARTESIAN_POINT('',(-0.125,2.4375,0.05));
#13412=CARTESIAN_POINT('',(-0.125,2.0625,0.));
#13413=CARTESIAN_POINT('Origin',(-0.375,2.0625,0.));
#13414=CARTESIAN_POINT('',(-0.125,2.0625,0.));
#13415=CARTESIAN_POINT('',(-0.125,2.0625,0.05));
#13416=CARTESIAN_POINT('Origin',(-0.25,2.25,0.));
#13417=CARTESIAN_POINT('Origin',(-0.25,2.25,0.05));
#13418=CARTESIAN_POINT('Origin',(0.125,2.4375,0.));
#13419=CARTESIAN_POINT('',(0.125,2.4375,0.));
#13420=CARTESIAN_POINT('',(0.125,2.0625,0.));
#13421=CARTESIAN_POINT('',(0.125,2.4375,0.));
#13422=CARTESIAN_POINT('',(0.125,2.0625,0.05));
#13423=CARTESIAN_POINT('',(0.125,2.0625,0.));
#13424=CARTESIAN_POINT('',(0.125,2.4375,0.05));
#13425=CARTESIAN_POINT('',(0.125,2.4375,0.05));
#13426=CARTESIAN_POINT('',(0.125,2.4375,0.));
#13427=CARTESIAN_POINT('Origin',(0.375,2.4375,0.));
#13428=CARTESIAN_POINT('',(0.375,2.4375,0.));
#13429=CARTESIAN_POINT('',(0.375,2.4375,0.));
#13430=CARTESIAN_POINT('',(0.375,2.4375,0.05));
#13431=CARTESIAN_POINT('',(0.375,2.4375,0.05));
#13432=CARTESIAN_POINT('',(0.375,2.4375,0.));
#13433=CARTESIAN_POINT('Origin',(0.375,2.0625,0.));
#13434=CARTESIAN_POINT('',(0.375,2.0625,0.));
#13435=CARTESIAN_POINT('',(0.375,2.0625,0.));
#13436=CARTESIAN_POINT('',(0.375,2.0625,0.05));
#13437=CARTESIAN_POINT('',(0.375,2.0625,0.05));
#13438=CARTESIAN_POINT('',(0.375,2.0625,0.));
#13439=CARTESIAN_POINT('Origin',(0.125,2.0625,0.));
#13440=CARTESIAN_POINT('',(0.125,2.0625,0.));
#13441=CARTESIAN_POINT('',(0.125,2.0625,0.05));
#13442=CARTESIAN_POINT('Origin',(0.25,2.25,0.05));
#13443=CARTESIAN_POINT('Origin',(0.25,2.25,0.));
#13444=CARTESIAN_POINT('Origin',(-0.875,-2.0625,0.));
#13445=CARTESIAN_POINT('',(-0.875,-2.0625,0.));
#13446=CARTESIAN_POINT('',(-0.875,-2.4375,0.));
#13447=CARTESIAN_POINT('',(-0.875,-2.0625,0.));
#13448=CARTESIAN_POINT('',(-0.875,-2.4375,0.05));
#13449=CARTESIAN_POINT('',(-0.875,-2.4375,0.));
#13450=CARTESIAN_POINT('',(-0.875,-2.0625,0.05));
#13451=CARTESIAN_POINT('',(-0.875,-2.0625,0.05));
#13452=CARTESIAN_POINT('',(-0.875,-2.0625,0.));
#13453=CARTESIAN_POINT('Origin',(-0.625,-2.0625,0.));
#13454=CARTESIAN_POINT('',(-0.625,-2.0625,0.));
#13455=CARTESIAN_POINT('',(-0.625,-2.0625,0.));
#13456=CARTESIAN_POINT('',(-0.625,-2.0625,0.05));
#13457=CARTESIAN_POINT('',(-0.625,-2.0625,0.05));
#13458=CARTESIAN_POINT('',(-0.625,-2.0625,0.));
#13459=CARTESIAN_POINT('Origin',(-0.625,-2.4375,0.));
#13460=CARTESIAN_POINT('',(-0.625,-2.4375,0.));
#13461=CARTESIAN_POINT('',(-0.625,-2.4375,0.));
#13462=CARTESIAN_POINT('',(-0.625,-2.4375,0.05));
#13463=CARTESIAN_POINT('',(-0.625,-2.4375,0.05));
#13464=CARTESIAN_POINT('',(-0.625,-2.4375,0.));
#13465=CARTESIAN_POINT('Origin',(-0.875,-2.4375,0.));
#13466=CARTESIAN_POINT('',(-0.875,-2.4375,0.));
#13467=CARTESIAN_POINT('',(-0.875,-2.4375,0.05));
#13468=CARTESIAN_POINT('Origin',(-0.75,-2.25,0.05));
#13469=CARTESIAN_POINT('Origin',(-0.75,-2.25,0.));
#13470=CARTESIAN_POINT('Origin',(0.625,-2.0625,0.));
#13471=CARTESIAN_POINT('',(0.625,-2.0625,0.));
#13472=CARTESIAN_POINT('',(0.625,-2.4375,0.));
#13473=CARTESIAN_POINT('',(0.625,-2.0625,0.));
#13474=CARTESIAN_POINT('',(0.625,-2.4375,0.05));
#13475=CARTESIAN_POINT('',(0.625,-2.4375,0.));
#13476=CARTESIAN_POINT('',(0.625,-2.0625,0.05));
#13477=CARTESIAN_POINT('',(0.625,-2.0625,0.05));
#13478=CARTESIAN_POINT('',(0.625,-2.0625,0.));
#13479=CARTESIAN_POINT('Origin',(0.875,-2.0625,0.));
#13480=CARTESIAN_POINT('',(0.875,-2.0625,0.));
#13481=CARTESIAN_POINT('',(0.875,-2.0625,0.));
#13482=CARTESIAN_POINT('',(0.875,-2.0625,0.05));
#13483=CARTESIAN_POINT('',(0.875,-2.0625,0.05));
#13484=CARTESIAN_POINT('',(0.875,-2.0625,0.));
#13485=CARTESIAN_POINT('Origin',(0.875,-2.4375,0.));
#13486=CARTESIAN_POINT('',(0.875,-2.4375,0.));
#13487=CARTESIAN_POINT('',(0.875,-2.4375,0.));
#13488=CARTESIAN_POINT('',(0.875,-2.4375,0.05));
#13489=CARTESIAN_POINT('',(0.875,-2.4375,0.05));
#13490=CARTESIAN_POINT('',(0.875,-2.4375,0.));
#13491=CARTESIAN_POINT('Origin',(0.625,-2.4375,0.));
#13492=CARTESIAN_POINT('',(0.625,-2.4375,0.));
#13493=CARTESIAN_POINT('',(0.625,-2.4375,0.05));
#13494=CARTESIAN_POINT('Origin',(0.75,-2.25,0.05));
#13495=CARTESIAN_POINT('Origin',(0.75,-2.25,0.));
#13496=CARTESIAN_POINT('Origin',(0.125,-2.4375,0.));
#13497=CARTESIAN_POINT('',(0.375,-2.4375,0.));
#13498=CARTESIAN_POINT('',(0.125,-2.4375,0.));
#13499=CARTESIAN_POINT('',(0.375,-2.4375,0.));
#13500=CARTESIAN_POINT('',(0.375,-2.4375,0.05));
#13501=CARTESIAN_POINT('',(0.375,-2.4375,0.));
#13502=CARTESIAN_POINT('',(0.125,-2.4375,0.05));
#13503=CARTESIAN_POINT('',(0.375,-2.4375,0.05));
#13504=CARTESIAN_POINT('',(0.125,-2.4375,0.));
#13505=CARTESIAN_POINT('Origin',(0.125,-2.0625,0.));
#13506=CARTESIAN_POINT('',(0.125,-2.0625,0.));
#13507=CARTESIAN_POINT('',(0.125,-2.4375,0.));
#13508=CARTESIAN_POINT('',(0.125,-2.0625,0.05));
#13509=CARTESIAN_POINT('',(0.125,-2.4375,0.05));
#13510=CARTESIAN_POINT('',(0.125,-2.0625,0.));
#13511=CARTESIAN_POINT('Origin',(0.375,-2.0625,0.));
#13512=CARTESIAN_POINT('',(0.375,-2.0625,0.));
#13513=CARTESIAN_POINT('',(0.125,-2.0625,0.));
#13514=CARTESIAN_POINT('',(0.375,-2.0625,0.05));
#13515=CARTESIAN_POINT('',(0.125,-2.0625,0.05));
#13516=CARTESIAN_POINT('',(0.375,-2.0625,0.));
#13517=CARTESIAN_POINT('Origin',(0.375,-2.4375,0.));
#13518=CARTESIAN_POINT('',(0.375,-2.0625,0.));
#13519=CARTESIAN_POINT('',(0.375,-2.0625,0.05));
#13520=CARTESIAN_POINT('Origin',(0.25,-2.25,0.));
#13521=CARTESIAN_POINT('Origin',(0.25,-2.25,0.05));
#13522=CARTESIAN_POINT('Origin',(-0.125,-2.0625,0.));
#13523=CARTESIAN_POINT('',(-0.125,-2.0625,0.));
#13524=CARTESIAN_POINT('',(-0.375,-2.0625,0.));
#13525=CARTESIAN_POINT('',(-0.125,-2.0625,0.));
#13526=CARTESIAN_POINT('',(-0.375,-2.0625,0.05));
#13527=CARTESIAN_POINT('',(-0.375,-2.0625,0.));
#13528=CARTESIAN_POINT('',(-0.125,-2.0625,0.05));
#13529=CARTESIAN_POINT('',(-0.125,-2.0625,0.05));
#13530=CARTESIAN_POINT('',(-0.125,-2.0625,0.));
#13531=CARTESIAN_POINT('Origin',(-0.125,-2.4375,0.));
#13532=CARTESIAN_POINT('',(-0.125,-2.4375,0.));
#13533=CARTESIAN_POINT('',(-0.125,-2.4375,0.));
#13534=CARTESIAN_POINT('',(-0.125,-2.4375,0.05));
#13535=CARTESIAN_POINT('',(-0.125,-2.4375,0.05));
#13536=CARTESIAN_POINT('',(-0.125,-2.4375,0.));
#13537=CARTESIAN_POINT('Origin',(-0.375,-2.4375,0.));
#13538=CARTESIAN_POINT('',(-0.375,-2.4375,0.));
#13539=CARTESIAN_POINT('',(-0.375,-2.4375,0.));
#13540=CARTESIAN_POINT('',(-0.375,-2.4375,0.05));
#13541=CARTESIAN_POINT('',(-0.375,-2.4375,0.05));
#13542=CARTESIAN_POINT('',(-0.375,-2.4375,0.));
#13543=CARTESIAN_POINT('Origin',(-0.375,-2.0625,0.));
#13544=CARTESIAN_POINT('',(-0.375,-2.0625,0.));
#13545=CARTESIAN_POINT('',(-0.375,-2.0625,0.05));
#13546=CARTESIAN_POINT('Origin',(-0.25,-2.25,0.05));
#13547=CARTESIAN_POINT('Origin',(-0.25,-2.25,0.));
#13548=CARTESIAN_POINT('Origin',(0.625,2.4375,0.));
#13549=CARTESIAN_POINT('',(0.625,2.4375,0.));
#13550=CARTESIAN_POINT('',(0.625,2.0625,0.));
#13551=CARTESIAN_POINT('',(0.625,2.4375,0.));
#13552=CARTESIAN_POINT('',(0.625,2.0625,0.05));
#13553=CARTESIAN_POINT('',(0.625,2.0625,0.));
#13554=CARTESIAN_POINT('',(0.625,2.4375,0.05));
#13555=CARTESIAN_POINT('',(0.625,2.4375,0.05));
#13556=CARTESIAN_POINT('',(0.625,2.4375,0.));
#13557=CARTESIAN_POINT('Origin',(0.875,2.4375,0.));
#13558=CARTESIAN_POINT('',(0.875,2.4375,0.));
#13559=CARTESIAN_POINT('',(0.875,2.4375,0.));
#13560=CARTESIAN_POINT('',(0.875,2.4375,0.05));
#13561=CARTESIAN_POINT('',(0.875,2.4375,0.05));
#13562=CARTESIAN_POINT('',(0.875,2.4375,0.));
#13563=CARTESIAN_POINT('Origin',(0.875,2.0625,0.));
#13564=CARTESIAN_POINT('',(0.875,2.0625,0.));
#13565=CARTESIAN_POINT('',(0.875,2.0625,0.));
#13566=CARTESIAN_POINT('',(0.875,2.0625,0.05));
#13567=CARTESIAN_POINT('',(0.875,2.0625,0.05));
#13568=CARTESIAN_POINT('',(0.875,2.0625,0.));
#13569=CARTESIAN_POINT('Origin',(0.625,2.0625,0.));
#13570=CARTESIAN_POINT('',(0.625,2.0625,0.));
#13571=CARTESIAN_POINT('',(0.625,2.0625,0.05));
#13572=CARTESIAN_POINT('Origin',(0.75,2.25,0.05));
#13573=CARTESIAN_POINT('Origin',(0.75,2.25,0.));
#13574=CARTESIAN_POINT('Origin',(-0.625,2.0625,0.));
#13575=CARTESIAN_POINT('',(-0.625,2.0625,0.));
#13576=CARTESIAN_POINT('',(-0.625,2.4375,0.));
#13577=CARTESIAN_POINT('',(-0.625,2.0625,0.));
#13578=CARTESIAN_POINT('',(-0.625,2.4375,0.05));
#13579=CARTESIAN_POINT('',(-0.625,2.4375,0.));
#13580=CARTESIAN_POINT('',(-0.625,2.0625,0.05));
#13581=CARTESIAN_POINT('',(-0.625,2.0625,0.05));
#13582=CARTESIAN_POINT('',(-0.625,2.0625,0.));
#13583=CARTESIAN_POINT('Origin',(-0.875,2.0625,0.));
#13584=CARTESIAN_POINT('',(-0.875,2.0625,0.));
#13585=CARTESIAN_POINT('',(-0.875,2.0625,0.));
#13586=CARTESIAN_POINT('',(-0.875,2.0625,0.05));
#13587=CARTESIAN_POINT('',(-0.875,2.0625,0.05));
#13588=CARTESIAN_POINT('',(-0.875,2.0625,0.));
#13589=CARTESIAN_POINT('Origin',(-0.875,2.4375,0.));
#13590=CARTESIAN_POINT('',(-0.875,2.4375,0.));
#13591=CARTESIAN_POINT('',(-0.875,2.4375,0.));
#13592=CARTESIAN_POINT('',(-0.875,2.4375,0.05));
#13593=CARTESIAN_POINT('',(-0.875,2.4375,0.05));
#13594=CARTESIAN_POINT('',(-0.875,2.4375,0.));
#13595=CARTESIAN_POINT('Origin',(-0.625,2.4375,0.));
#13596=CARTESIAN_POINT('',(-0.625,2.4375,0.));
#13597=CARTESIAN_POINT('',(-0.625,2.4375,0.05));
#13598=CARTESIAN_POINT('Origin',(-0.75,2.25,0.05));
#13599=CARTESIAN_POINT('Origin',(-0.75,2.25,0.));
#13600=CARTESIAN_POINT('Origin',(-1.8,-1.625,0.));
#13601=CARTESIAN_POINT('',(-1.8,-1.875,0.));
#13602=CARTESIAN_POINT('',(-1.8,-1.625,0.));
#13603=CARTESIAN_POINT('',(-1.8,-1.875,0.));
#13604=CARTESIAN_POINT('',(-1.8,-1.875,0.05));
#13605=CARTESIAN_POINT('',(-1.8,-1.875,0.));
#13606=CARTESIAN_POINT('',(-1.8,-1.625,0.05));
#13607=CARTESIAN_POINT('',(-1.8,-1.875,0.05));
#13608=CARTESIAN_POINT('',(-1.8,-1.625,0.));
#13609=CARTESIAN_POINT('Origin',(-1.325,-1.625,0.));
#13610=CARTESIAN_POINT('',(-1.325,-1.625,0.));
#13611=CARTESIAN_POINT('',(-1.8,-1.625,0.));
#13612=CARTESIAN_POINT('',(-1.325,-1.625,0.05));
#13613=CARTESIAN_POINT('',(-1.8,-1.625,0.05));
#13614=CARTESIAN_POINT('',(-1.325,-1.625,0.));
#13615=CARTESIAN_POINT('Origin',(-1.325,-1.875,0.));
#13616=CARTESIAN_POINT('',(-1.325,-1.875,0.));
#13617=CARTESIAN_POINT('',(-1.325,-1.625,0.));
#13618=CARTESIAN_POINT('',(-1.325,-1.875,0.05));
#13619=CARTESIAN_POINT('',(-1.325,-1.625,0.05));
#13620=CARTESIAN_POINT('',(-1.325,-1.875,0.));
#13621=CARTESIAN_POINT('Origin',(-1.8,-1.875,0.));
#13622=CARTESIAN_POINT('',(-1.325,-1.875,0.));
#13623=CARTESIAN_POINT('',(-1.325,-1.875,0.05));
#13624=CARTESIAN_POINT('Origin',(-1.5625,-1.75,0.));
#13625=CARTESIAN_POINT('Origin',(-1.5625,-1.75,0.05));
#13626=CARTESIAN_POINT('Origin',(-1.8,-0.625000000000002,0.));
#13627=CARTESIAN_POINT('',(-1.8,-0.875000000000002,0.));
#13628=CARTESIAN_POINT('',(-1.8,-0.625000000000002,0.));
#13629=CARTESIAN_POINT('',(-1.8,-0.875000000000002,0.));
#13630=CARTESIAN_POINT('',(-1.8,-0.875000000000002,0.05));
#13631=CARTESIAN_POINT('',(-1.8,-0.875000000000002,0.));
#13632=CARTESIAN_POINT('',(-1.8,-0.625000000000002,0.05));
#13633=CARTESIAN_POINT('',(-1.8,-0.875000000000002,0.05));
#13634=CARTESIAN_POINT('',(-1.8,-0.625000000000002,0.));
#13635=CARTESIAN_POINT('Origin',(-1.325,-0.625000000000002,0.));
#13636=CARTESIAN_POINT('',(-1.325,-0.625000000000002,0.));
#13637=CARTESIAN_POINT('',(-1.8,-0.625000000000002,0.));
#13638=CARTESIAN_POINT('',(-1.325,-0.625000000000002,0.05));
#13639=CARTESIAN_POINT('',(-1.8,-0.625000000000002,0.05));
#13640=CARTESIAN_POINT('',(-1.325,-0.625000000000002,0.));
#13641=CARTESIAN_POINT('Origin',(-1.325,-0.875000000000001,0.));
#13642=CARTESIAN_POINT('',(-1.325,-0.875000000000001,0.));
#13643=CARTESIAN_POINT('',(-1.325,-0.625000000000002,0.));
#13644=CARTESIAN_POINT('',(-1.325,-0.875000000000001,0.05));
#13645=CARTESIAN_POINT('',(-1.325,-0.625000000000002,0.05));
#13646=CARTESIAN_POINT('',(-1.325,-0.875000000000001,0.));
#13647=CARTESIAN_POINT('Origin',(-1.8,-0.875000000000002,0.));
#13648=CARTESIAN_POINT('',(-1.325,-0.875000000000001,0.));
#13649=CARTESIAN_POINT('',(-1.325,-0.875000000000001,0.05));
#13650=CARTESIAN_POINT('Origin',(-1.5625,-0.750000000000002,0.));
#13651=CARTESIAN_POINT('Origin',(-1.5625,-0.750000000000002,0.05));
#13652=CARTESIAN_POINT('Origin',(-1.8,0.374999999999997,0.));
#13653=CARTESIAN_POINT('',(-1.8,0.124999999999997,0.));
#13654=CARTESIAN_POINT('',(-1.8,0.374999999999997,0.));
#13655=CARTESIAN_POINT('',(-1.8,0.124999999999997,0.));
#13656=CARTESIAN_POINT('',(-1.8,0.124999999999997,0.05));
#13657=CARTESIAN_POINT('',(-1.8,0.124999999999997,0.));
#13658=CARTESIAN_POINT('',(-1.8,0.374999999999997,0.05));
#13659=CARTESIAN_POINT('',(-1.8,0.124999999999997,0.05));
#13660=CARTESIAN_POINT('',(-1.8,0.374999999999997,0.));
#13661=CARTESIAN_POINT('Origin',(-1.325,0.374999999999997,0.));
#13662=CARTESIAN_POINT('',(-1.325,0.374999999999997,0.));
#13663=CARTESIAN_POINT('',(-1.8,0.374999999999997,0.));
#13664=CARTESIAN_POINT('',(-1.325,0.374999999999997,0.05));
#13665=CARTESIAN_POINT('',(-1.8,0.374999999999997,0.05));
#13666=CARTESIAN_POINT('',(-1.325,0.374999999999997,0.));
#13667=CARTESIAN_POINT('Origin',(-1.325,0.124999999999997,0.));
#13668=CARTESIAN_POINT('',(-1.325,0.124999999999997,0.));
#13669=CARTESIAN_POINT('',(-1.325,0.374999999999997,0.));
#13670=CARTESIAN_POINT('',(-1.325,0.124999999999997,0.05));
#13671=CARTESIAN_POINT('',(-1.325,0.374999999999997,0.05));
#13672=CARTESIAN_POINT('',(-1.325,0.124999999999997,0.));
#13673=CARTESIAN_POINT('Origin',(-1.8,0.124999999999997,0.));
#13674=CARTESIAN_POINT('',(-1.325,0.124999999999997,0.));
#13675=CARTESIAN_POINT('',(-1.325,0.124999999999997,0.05));
#13676=CARTESIAN_POINT('Origin',(-1.5625,0.249999999999997,0.));
#13677=CARTESIAN_POINT('Origin',(-1.5625,0.249999999999997,0.05));
#13678=CARTESIAN_POINT('Origin',(-1.8,1.375,0.));
#13679=CARTESIAN_POINT('',(-1.8,1.125,0.));
#13680=CARTESIAN_POINT('',(-1.8,1.375,0.));
#13681=CARTESIAN_POINT('',(-1.8,1.125,0.));
#13682=CARTESIAN_POINT('',(-1.8,1.125,0.05));
#13683=CARTESIAN_POINT('',(-1.8,1.125,0.));
#13684=CARTESIAN_POINT('',(-1.8,1.375,0.05));
#13685=CARTESIAN_POINT('',(-1.8,1.125,0.05));
#13686=CARTESIAN_POINT('',(-1.8,1.375,0.));
#13687=CARTESIAN_POINT('Origin',(-1.325,1.375,0.));
#13688=CARTESIAN_POINT('',(-1.325,1.375,0.));
#13689=CARTESIAN_POINT('',(-1.8,1.375,0.));
#13690=CARTESIAN_POINT('',(-1.325,1.375,0.05));
#13691=CARTESIAN_POINT('',(-1.8,1.375,0.05));
#13692=CARTESIAN_POINT('',(-1.325,1.375,0.));
#13693=CARTESIAN_POINT('Origin',(-1.325,1.125,0.));
#13694=CARTESIAN_POINT('',(-1.325,1.125,0.));
#13695=CARTESIAN_POINT('',(-1.325,1.375,0.));
#13696=CARTESIAN_POINT('',(-1.325,1.125,0.05));
#13697=CARTESIAN_POINT('',(-1.325,1.375,0.05));
#13698=CARTESIAN_POINT('',(-1.325,1.125,0.));
#13699=CARTESIAN_POINT('Origin',(-1.8,1.125,0.));
#13700=CARTESIAN_POINT('',(-1.325,1.125,0.));
#13701=CARTESIAN_POINT('',(-1.325,1.125,0.05));
#13702=CARTESIAN_POINT('Origin',(-1.5625,1.25,0.));
#13703=CARTESIAN_POINT('Origin',(-1.5625,1.25,0.05));
#13704=CARTESIAN_POINT('Origin',(-1.8,2.37499999999999,0.));
#13705=CARTESIAN_POINT('',(-1.8,2.12499999999999,0.));
#13706=CARTESIAN_POINT('',(-1.8,2.37499999999999,0.));
#13707=CARTESIAN_POINT('',(-1.8,2.12499999999999,0.));
#13708=CARTESIAN_POINT('',(-1.8,2.12499999999999,0.05));
#13709=CARTESIAN_POINT('',(-1.8,2.12499999999999,0.));
#13710=CARTESIAN_POINT('',(-1.8,2.37499999999999,0.05));
#13711=CARTESIAN_POINT('',(-1.8,2.12499999999999,0.05));
#13712=CARTESIAN_POINT('',(-1.8,2.37499999999999,0.));
#13713=CARTESIAN_POINT('Origin',(-1.325,2.37499999999999,0.));
#13714=CARTESIAN_POINT('',(-1.325,2.37499999999999,0.));
#13715=CARTESIAN_POINT('',(-1.8,2.37499999999999,0.));
#13716=CARTESIAN_POINT('',(-1.325,2.37499999999999,0.05));
#13717=CARTESIAN_POINT('',(-1.8,2.37499999999999,0.05));
#13718=CARTESIAN_POINT('',(-1.325,2.37499999999999,0.));
#13719=CARTESIAN_POINT('Origin',(-1.325,2.12499999999999,0.));
#13720=CARTESIAN_POINT('',(-1.325,2.12499999999999,0.));
#13721=CARTESIAN_POINT('',(-1.325,2.37499999999999,0.));
#13722=CARTESIAN_POINT('',(-1.325,2.12499999999999,0.05));
#13723=CARTESIAN_POINT('',(-1.325,2.37499999999999,0.05));
#13724=CARTESIAN_POINT('',(-1.325,2.12499999999999,0.));
#13725=CARTESIAN_POINT('Origin',(-1.8,2.12499999999999,0.));
#13726=CARTESIAN_POINT('',(-1.325,2.12499999999999,0.));
#13727=CARTESIAN_POINT('',(-1.325,2.12499999999999,0.05));
#13728=CARTESIAN_POINT('Origin',(-1.5625,2.24999999999999,0.));
#13729=CARTESIAN_POINT('Origin',(-1.5625,2.24999999999999,0.05));
#13730=CARTESIAN_POINT('Origin',(1.325,-1.625,0.));
#13731=CARTESIAN_POINT('',(1.325,-1.625,0.));
#13732=CARTESIAN_POINT('',(1.325,-1.875,0.));
#13733=CARTESIAN_POINT('',(1.325,-1.625,0.));
#13734=CARTESIAN_POINT('',(1.325,-1.875,0.05));
#13735=CARTESIAN_POINT('',(1.325,-1.875,0.));
#13736=CARTESIAN_POINT('',(1.325,-1.625,0.05));
#13737=CARTESIAN_POINT('',(1.325,-1.625,0.05));
#13738=CARTESIAN_POINT('',(1.325,-1.625,0.));
#13739=CARTESIAN_POINT('Origin',(1.8,-1.625,0.));
#13740=CARTESIAN_POINT('',(1.8,-1.625,0.));
#13741=CARTESIAN_POINT('',(1.8,-1.625,0.));
#13742=CARTESIAN_POINT('',(1.8,-1.625,0.05));
#13743=CARTESIAN_POINT('',(1.8,-1.625,0.05));
#13744=CARTESIAN_POINT('',(1.8,-1.625,0.));
#13745=CARTESIAN_POINT('Origin',(1.8,-1.875,0.));
#13746=CARTESIAN_POINT('',(1.8,-1.875,0.));
#13747=CARTESIAN_POINT('',(1.8,-1.875,0.));
#13748=CARTESIAN_POINT('',(1.8,-1.875,0.05));
#13749=CARTESIAN_POINT('',(1.8,-1.875,0.05));
#13750=CARTESIAN_POINT('',(1.8,-1.875,0.));
#13751=CARTESIAN_POINT('Origin',(1.325,-1.875,0.));
#13752=CARTESIAN_POINT('',(1.325,-1.875,0.));
#13753=CARTESIAN_POINT('',(1.325,-1.875,0.05));
#13754=CARTESIAN_POINT('Origin',(1.5625,-1.75,0.05));
#13755=CARTESIAN_POINT('Origin',(1.5625,-1.75,0.));
#13756=CARTESIAN_POINT('Origin',(1.325,-0.625000000000002,0.));
#13757=CARTESIAN_POINT('',(1.325,-0.875000000000001,0.));
#13758=CARTESIAN_POINT('',(1.325,-0.625000000000002,0.));
#13759=CARTESIAN_POINT('',(1.325,-0.875000000000001,0.));
#13760=CARTESIAN_POINT('',(1.325,-0.875000000000001,0.05));
#13761=CARTESIAN_POINT('',(1.325,-0.875000000000001,0.));
#13762=CARTESIAN_POINT('',(1.325,-0.625000000000002,0.05));
#13763=CARTESIAN_POINT('',(1.325,-0.875000000000001,0.05));
#13764=CARTESIAN_POINT('',(1.325,-0.625000000000002,0.));
#13765=CARTESIAN_POINT('Origin',(1.8,-0.625000000000002,0.));
#13766=CARTESIAN_POINT('',(1.8,-0.625000000000002,0.));
#13767=CARTESIAN_POINT('',(1.325,-0.625000000000002,0.));
#13768=CARTESIAN_POINT('',(1.8,-0.625000000000002,0.05));
#13769=CARTESIAN_POINT('',(1.325,-0.625000000000002,0.05));
#13770=CARTESIAN_POINT('',(1.8,-0.625000000000002,0.));
#13771=CARTESIAN_POINT('Origin',(1.8,-0.875000000000002,0.));
#13772=CARTESIAN_POINT('',(1.8,-0.875000000000002,0.));
#13773=CARTESIAN_POINT('',(1.8,-0.625000000000002,0.));
#13774=CARTESIAN_POINT('',(1.8,-0.875000000000002,0.05));
#13775=CARTESIAN_POINT('',(1.8,-0.625000000000002,0.05));
#13776=CARTESIAN_POINT('',(1.8,-0.875000000000002,0.));
#13777=CARTESIAN_POINT('Origin',(1.325,-0.875000000000001,0.));
#13778=CARTESIAN_POINT('',(1.8,-0.875000000000002,0.));
#13779=CARTESIAN_POINT('',(1.8,-0.875000000000002,0.05));
#13780=CARTESIAN_POINT('Origin',(1.5625,-0.750000000000002,0.));
#13781=CARTESIAN_POINT('Origin',(1.5625,-0.750000000000002,0.05));
#13782=CARTESIAN_POINT('Origin',(1.325,0.374999999999997,0.));
#13783=CARTESIAN_POINT('',(1.325,0.374999999999997,0.));
#13784=CARTESIAN_POINT('',(1.325,0.124999999999998,0.));
#13785=CARTESIAN_POINT('',(1.325,0.374999999999997,0.));
#13786=CARTESIAN_POINT('',(1.325,0.124999999999998,0.05));
#13787=CARTESIAN_POINT('',(1.325,0.124999999999998,0.));
#13788=CARTESIAN_POINT('',(1.325,0.374999999999997,0.05));
#13789=CARTESIAN_POINT('',(1.325,0.374999999999997,0.05));
#13790=CARTESIAN_POINT('',(1.325,0.374999999999997,0.));
#13791=CARTESIAN_POINT('Origin',(1.8,0.374999999999997,0.));
#13792=CARTESIAN_POINT('',(1.8,0.374999999999997,0.));
#13793=CARTESIAN_POINT('',(1.8,0.374999999999997,0.));
#13794=CARTESIAN_POINT('',(1.8,0.374999999999997,0.05));
#13795=CARTESIAN_POINT('',(1.8,0.374999999999997,0.05));
#13796=CARTESIAN_POINT('',(1.8,0.374999999999997,0.));
#13797=CARTESIAN_POINT('Origin',(1.8,0.124999999999997,0.));
#13798=CARTESIAN_POINT('',(1.8,0.124999999999997,0.));
#13799=CARTESIAN_POINT('',(1.8,0.124999999999997,0.));
#13800=CARTESIAN_POINT('',(1.8,0.124999999999997,0.05));
#13801=CARTESIAN_POINT('',(1.8,0.124999999999997,0.05));
#13802=CARTESIAN_POINT('',(1.8,0.124999999999997,0.));
#13803=CARTESIAN_POINT('Origin',(1.325,0.124999999999998,0.));
#13804=CARTESIAN_POINT('',(1.325,0.124999999999998,0.));
#13805=CARTESIAN_POINT('',(1.325,0.124999999999998,0.05));
#13806=CARTESIAN_POINT('Origin',(1.5625,0.249999999999997,0.05));
#13807=CARTESIAN_POINT('Origin',(1.5625,0.249999999999997,0.));
#13808=CARTESIAN_POINT('Origin',(1.325,1.375,0.));
#13809=CARTESIAN_POINT('',(1.325,1.125,0.));
#13810=CARTESIAN_POINT('',(1.325,1.375,0.));
#13811=CARTESIAN_POINT('',(1.325,1.125,0.));
#13812=CARTESIAN_POINT('',(1.325,1.125,0.05));
#13813=CARTESIAN_POINT('',(1.325,1.125,0.));
#13814=CARTESIAN_POINT('',(1.325,1.375,0.05));
#13815=CARTESIAN_POINT('',(1.325,1.125,0.05));
#13816=CARTESIAN_POINT('',(1.325,1.375,0.));
#13817=CARTESIAN_POINT('Origin',(1.8,1.375,0.));
#13818=CARTESIAN_POINT('',(1.8,1.375,0.));
#13819=CARTESIAN_POINT('',(1.325,1.375,0.));
#13820=CARTESIAN_POINT('',(1.8,1.375,0.05));
#13821=CARTESIAN_POINT('',(1.325,1.375,0.05));
#13822=CARTESIAN_POINT('',(1.8,1.375,0.));
#13823=CARTESIAN_POINT('Origin',(1.8,1.125,0.));
#13824=CARTESIAN_POINT('',(1.8,1.125,0.));
#13825=CARTESIAN_POINT('',(1.8,1.375,0.));
#13826=CARTESIAN_POINT('',(1.8,1.125,0.05));
#13827=CARTESIAN_POINT('',(1.8,1.375,0.05));
#13828=CARTESIAN_POINT('',(1.8,1.125,0.));
#13829=CARTESIAN_POINT('Origin',(1.325,1.125,0.));
#13830=CARTESIAN_POINT('',(1.8,1.125,0.));
#13831=CARTESIAN_POINT('',(1.8,1.125,0.05));
#13832=CARTESIAN_POINT('Origin',(1.5625,1.25,0.));
#13833=CARTESIAN_POINT('Origin',(1.5625,1.25,0.05));
#13834=CARTESIAN_POINT('Origin',(1.325,2.37499999999999,0.));
#13835=CARTESIAN_POINT('',(1.325,2.37499999999999,0.));
#13836=CARTESIAN_POINT('',(1.325,2.125,0.));
#13837=CARTESIAN_POINT('',(1.325,2.37499999999999,0.));
#13838=CARTESIAN_POINT('',(1.325,2.125,0.05));
#13839=CARTESIAN_POINT('',(1.325,2.125,0.));
#13840=CARTESIAN_POINT('',(1.325,2.37499999999999,0.05));
#13841=CARTESIAN_POINT('',(1.325,2.37499999999999,0.05));
#13842=CARTESIAN_POINT('',(1.325,2.37499999999999,0.));
#13843=CARTESIAN_POINT('Origin',(1.8,2.37499999999999,0.));
#13844=CARTESIAN_POINT('',(1.8,2.37499999999999,0.));
#13845=CARTESIAN_POINT('',(1.8,2.37499999999999,0.));
#13846=CARTESIAN_POINT('',(1.8,2.37499999999999,0.05));
#13847=CARTESIAN_POINT('',(1.8,2.37499999999999,0.05));
#13848=CARTESIAN_POINT('',(1.8,2.37499999999999,0.));
#13849=CARTESIAN_POINT('Origin',(1.8,2.12499999999999,0.));
#13850=CARTESIAN_POINT('',(1.8,2.12499999999999,0.));
#13851=CARTESIAN_POINT('',(1.8,2.12499999999999,0.));
#13852=CARTESIAN_POINT('',(1.8,2.12499999999999,0.05));
#13853=CARTESIAN_POINT('',(1.8,2.12499999999999,0.05));
#13854=CARTESIAN_POINT('',(1.8,2.12499999999999,0.));
#13855=CARTESIAN_POINT('Origin',(1.325,2.125,0.));
#13856=CARTESIAN_POINT('',(1.325,2.125,0.));
#13857=CARTESIAN_POINT('',(1.325,2.125,0.05));
#13858=CARTESIAN_POINT('Origin',(1.5625,2.24999999999999,0.05));
#13859=CARTESIAN_POINT('Origin',(1.5625,2.24999999999999,0.));
#13860=CARTESIAN_POINT('',(0.,0.,0.));
#13861=CARTESIAN_POINT('Origin',(1.43001495688731,-2.16390610047383,0.));
#13862=CARTESIAN_POINT('',(1.43001495688731,-2.12617751613907,0.));
#13863=CARTESIAN_POINT('',(1.43001495688731,-2.16390610047383,0.));
#13864=CARTESIAN_POINT('',(1.43001495688731,-2.12617751613907,0.));
#13865=CARTESIAN_POINT('',(1.43001495688731,-2.12617751613907,0.0001));
#13866=CARTESIAN_POINT('',(1.43001495688731,-2.12617751613907,0.));
#13867=CARTESIAN_POINT('',(1.43001495688731,-2.16390610047383,0.0001));
#13868=CARTESIAN_POINT('',(1.43001495688731,-2.12617751613907,0.0001));
#13869=CARTESIAN_POINT('',(1.43001495688731,-2.16390610047383,0.));
#13870=CARTESIAN_POINT('Origin',(1.37438454427127,-2.16390610047383,0.));
#13871=CARTESIAN_POINT('',(1.37438454427127,-2.16390610047383,0.));
#13872=CARTESIAN_POINT('',(1.43001495688731,-2.16390610047383,0.));
#13873=CARTESIAN_POINT('',(1.37438454427127,-2.16390610047383,0.0001));
#13874=CARTESIAN_POINT('',(1.43001495688731,-2.16390610047383,0.0001));
#13875=CARTESIAN_POINT('',(1.37438454427127,-2.16390610047383,0.));
#13876=CARTESIAN_POINT('Origin',(1.37438454427127,-2.12617751613907,0.));
#13877=CARTESIAN_POINT('',(1.37438454427127,-2.12617751613907,0.));
#13878=CARTESIAN_POINT('',(1.37438454427127,-2.16390610047383,0.));
#13879=CARTESIAN_POINT('',(1.37438454427127,-2.12617751613907,0.0001));
#13880=CARTESIAN_POINT('',(1.37438454427127,-2.16390610047383,0.0001));
#13881=CARTESIAN_POINT('',(1.37438454427127,-2.12617751613907,0.));
#13882=CARTESIAN_POINT('Origin',(1.43001495688731,-2.12617751613907,0.));
#13883=CARTESIAN_POINT('',(1.37438454427127,-2.12617751613907,0.));
#13884=CARTESIAN_POINT('',(1.37438454427127,-2.12617751613907,0.0001));
#13885=CARTESIAN_POINT('Origin',(1.40219975057929,-2.14504180830645,0.));
#13886=CARTESIAN_POINT('Origin',(1.40219975057929,-2.14504180830645,0.0001));
#13887=CARTESIAN_POINT('Origin',(1.30065981710432,-2.20490706202129,0.));
#13888=CARTESIAN_POINT('',(1.30065981710432,-2.18123045042346,0.));
#13889=CARTESIAN_POINT('',(1.30065981710432,-2.20490706202129,0.));
#13890=CARTESIAN_POINT('',(1.30065981710432,-2.18123045042346,0.));
#13891=CARTESIAN_POINT('',(1.30065981710432,-2.18123045042346,0.0001));
#13892=CARTESIAN_POINT('',(1.30065981710432,-2.18123045042346,0.));
#13893=CARTESIAN_POINT('',(1.30065981710432,-2.20490706202129,0.0001));
#13894=CARTESIAN_POINT('',(1.30065981710432,-2.18123045042346,0.0001));
#13895=CARTESIAN_POINT('',(1.30065981710432,-2.20490706202129,0.));
#13896=CARTESIAN_POINT('Ctrl Pts',(1.33588599533524,-2.17795807321075,0.));
#13897=CARTESIAN_POINT('Ctrl Pts',(1.33588599533524,-2.17795807321075,0.0001));
#13898=CARTESIAN_POINT('Ctrl Pts',(1.32414393592494,-2.17795807321075,0.));
#13899=CARTESIAN_POINT('Ctrl Pts',(1.32414393592494,-2.17795807321075,0.0001));
#13900=CARTESIAN_POINT('Ctrl Pts',(1.30816703541583,-2.18950763984384,0.));
#13901=CARTESIAN_POINT('Ctrl Pts',(1.30816703541583,-2.18950763984384,0.0001));
#13902=CARTESIAN_POINT('Ctrl Pts',(1.30065981710432,-2.20490706202129,0.));
#13903=CARTESIAN_POINT('Ctrl Pts',(1.30065981710432,-2.20490706202129,0.0001));
#13904=CARTESIAN_POINT('',(1.33588599533524,-2.17795807321075,0.));
#13905=CARTESIAN_POINT('Ctrl Pts',(1.30065981710432,-2.20490706202129,0.));
#13906=CARTESIAN_POINT('Ctrl Pts',(1.30816703541583,-2.18950763984384,0.));
#13907=CARTESIAN_POINT('Ctrl Pts',(1.32414393592494,-2.17795807321075,0.));
#13908=CARTESIAN_POINT('Ctrl Pts',(1.33588599533524,-2.17795807321075,0.));
#13909=CARTESIAN_POINT('',(1.33588599533524,-2.17795807321075,0.0001));
#13910=CARTESIAN_POINT('Ctrl Pts',(1.33588599533524,-2.17795807321075,0.0001));
#13911=CARTESIAN_POINT('Ctrl Pts',(1.32414393592494,-2.17795807321075,0.0001));
#13912=CARTESIAN_POINT('Ctrl Pts',(1.30816703541583,-2.18950763984384,0.0001));
#13913=CARTESIAN_POINT('Ctrl Pts',(1.30065981710432,-2.20490706202129,0.0001));
#13914=CARTESIAN_POINT('',(1.33588599533524,-2.17795807321075,0.));
#13915=CARTESIAN_POINT('Ctrl Pts',(1.36283498414578,-2.18565778429948,0.));
#13916=CARTESIAN_POINT('Ctrl Pts',(1.36283498414578,-2.18565778429948,0.0001));
#13917=CARTESIAN_POINT('Ctrl Pts',(1.3482055330772,-2.17795807321075,0.));
#13918=CARTESIAN_POINT('Ctrl Pts',(1.3482055330772,-2.17795807321075,0.0001));
#13919=CARTESIAN_POINT('Ctrl Pts',(1.33588599533524,-2.17795807321075,0.));
#13920=CARTESIAN_POINT('Ctrl Pts',(1.33588599533524,-2.17795807321075,0.0001));
#13921=CARTESIAN_POINT('',(1.36283498414578,-2.18565778429948,0.));
#13922=CARTESIAN_POINT('Ctrl Pts',(1.33588599533524,-2.17795807321075,0.));
#13923=CARTESIAN_POINT('Ctrl Pts',(1.3482055330772,-2.17795807321075,0.));
#13924=CARTESIAN_POINT('Ctrl Pts',(1.36283498414578,-2.18565778429948,0.));
#13925=CARTESIAN_POINT('',(1.36283498414578,-2.18565778429948,0.0001));
#13926=CARTESIAN_POINT('Ctrl Pts',(1.36283498414578,-2.18565778429948,0.0001));
#13927=CARTESIAN_POINT('Ctrl Pts',(1.3482055330772,-2.17795807321075,0.0001));
#13928=CARTESIAN_POINT('Ctrl Pts',(1.33588599533524,-2.17795807321075,0.0001));
#13929=CARTESIAN_POINT('',(1.36283498414578,-2.18565778429948,0.));
#13930=CARTESIAN_POINT('Origin',(1.34570312697337,-2.2251188036292,0.));
#13931=CARTESIAN_POINT('',(1.34570312697337,-2.2251188036292,0.));
#13932=CARTESIAN_POINT('',(1.36283498414578,-2.18565778429948,0.));
#13933=CARTESIAN_POINT('',(1.34570312697337,-2.2251188036292,0.0001));
#13934=CARTESIAN_POINT('',(1.36283498414578,-2.18565778429948,0.0001));
#13935=CARTESIAN_POINT('',(1.34570312697337,-2.2251188036292,0.));
#13936=CARTESIAN_POINT('Ctrl Pts',(1.3301112120187,-2.22107645530762,0.));
#13937=CARTESIAN_POINT('Ctrl Pts',(1.3301112120187,-2.22107645530762,0.0001));
#13938=CARTESIAN_POINT('Ctrl Pts',(1.33588599533524,-2.22107645530762,0.));
#13939=CARTESIAN_POINT('Ctrl Pts',(1.33588599533524,-2.22107645530762,0.0001));
#13940=CARTESIAN_POINT('Ctrl Pts',(1.34570312697337,-2.2251188036292,0.));
#13941=CARTESIAN_POINT('Ctrl Pts',(1.34570312697337,-2.2251188036292,0.0001));
#13942=CARTESIAN_POINT('',(1.3301112120187,-2.22107645530762,0.));
#13943=CARTESIAN_POINT('Ctrl Pts',(1.34570312697337,-2.2251188036292,0.));
#13944=CARTESIAN_POINT('Ctrl Pts',(1.33588599533524,-2.22107645530762,0.));
#13945=CARTESIAN_POINT('Ctrl Pts',(1.3301112120187,-2.22107645530762,0.));
#13946=CARTESIAN_POINT('',(1.3301112120187,-2.22107645530762,0.0001));
#13947=CARTESIAN_POINT('Ctrl Pts',(1.3301112120187,-2.22107645530762,0.0001));
#13948=CARTESIAN_POINT('Ctrl Pts',(1.33588599533524,-2.22107645530762,0.0001));
#13949=CARTESIAN_POINT('Ctrl Pts',(1.34570312697337,-2.2251188036292,0.0001));
#13950=CARTESIAN_POINT('',(1.3301112120187,-2.22107645530762,0.));
#13951=CARTESIAN_POINT('Ctrl Pts',(1.3131718476235,-2.23012361583687,0.));
#13952=CARTESIAN_POINT('Ctrl Pts',(1.3131718476235,-2.23012361583687,0.0001));
#13953=CARTESIAN_POINT('Ctrl Pts',(1.31913912371727,-2.22107645530762,0.));
#13954=CARTESIAN_POINT('Ctrl Pts',(1.31913912371727,-2.22107645530762,0.0001));
#13955=CARTESIAN_POINT('Ctrl Pts',(1.3301112120187,-2.22107645530762,0.));
#13956=CARTESIAN_POINT('Ctrl Pts',(1.3301112120187,-2.22107645530762,0.0001));
#13957=CARTESIAN_POINT('',(1.3131718476235,-2.23012361583687,0.));
#13958=CARTESIAN_POINT('Ctrl Pts',(1.3301112120187,-2.22107645530762,0.));
#13959=CARTESIAN_POINT('Ctrl Pts',(1.31913912371727,-2.22107645530762,0.));
#13960=CARTESIAN_POINT('Ctrl Pts',(1.3131718476235,-2.23012361583687,0.));
#13961=CARTESIAN_POINT('',(1.3131718476235,-2.23012361583687,0.0001));
#13962=CARTESIAN_POINT('Ctrl Pts',(1.3131718476235,-2.23012361583687,0.0001));
#13963=CARTESIAN_POINT('Ctrl Pts',(1.31913912371727,-2.22107645530762,0.0001));
#13964=CARTESIAN_POINT('Ctrl Pts',(1.3301112120187,-2.22107645530762,0.0001));
#13965=CARTESIAN_POINT('',(1.3131718476235,-2.23012361583687,0.));
#13966=CARTESIAN_POINT('Ctrl Pts',(1.30450967264869,-2.27766933180975,0.));
#13967=CARTESIAN_POINT('Ctrl Pts',(1.30450967264869,-2.27766933180975,0.0001));
#13968=CARTESIAN_POINT('Ctrl Pts',(1.30450967264869,-2.24282813913327,0.));
#13969=CARTESIAN_POINT('Ctrl Pts',(1.30450967264869,-2.24282813913327,0.0001));
#13970=CARTESIAN_POINT('Ctrl Pts',(1.3131718476235,-2.23012361583687,0.));
#13971=CARTESIAN_POINT('Ctrl Pts',(1.3131718476235,-2.23012361583687,0.0001));
#13972=CARTESIAN_POINT('',(1.30450967264869,-2.27766933180975,0.));
#13973=CARTESIAN_POINT('Ctrl Pts',(1.3131718476235,-2.23012361583687,0.));
#13974=CARTESIAN_POINT('Ctrl Pts',(1.30450967264869,-2.24282813913327,0.));
#13975=CARTESIAN_POINT('Ctrl Pts',(1.30450967264869,-2.27766933180975,0.));
#13976=CARTESIAN_POINT('',(1.30450967264869,-2.27766933180975,0.0001));
#13977=CARTESIAN_POINT('Ctrl Pts',(1.30450967264869,-2.27766933180975,0.0001));
#13978=CARTESIAN_POINT('Ctrl Pts',(1.30450967264869,-2.24282813913327,0.0001));
#13979=CARTESIAN_POINT('Ctrl Pts',(1.3131718476235,-2.23012361583687,0.0001));
#13980=CARTESIAN_POINT('',(1.30450967264869,-2.27766933180975,0.));
#13981=CARTESIAN_POINT('Origin',(1.30450967264869,-2.32617751166872,0.));
#13982=CARTESIAN_POINT('',(1.30450967264869,-2.32617751166872,0.));
#13983=CARTESIAN_POINT('',(1.30450967264869,-2.27766933180975,0.));
#13984=CARTESIAN_POINT('',(1.30450967264869,-2.32617751166872,0.0001));
#13985=CARTESIAN_POINT('',(1.30450967264869,-2.27766933180975,0.0001));
#13986=CARTESIAN_POINT('',(1.30450967264869,-2.32617751166872,0.));
#13987=CARTESIAN_POINT('Origin',(1.24868676725542,-2.32617751166872,0.));
#13988=CARTESIAN_POINT('',(1.24868676725542,-2.32617751166872,0.));
#13989=CARTESIAN_POINT('',(1.30450967264869,-2.32617751166872,0.));
#13990=CARTESIAN_POINT('',(1.24868676725542,-2.32617751166872,0.0001));
#13991=CARTESIAN_POINT('',(1.30450967264869,-2.32617751166872,0.0001));
#13992=CARTESIAN_POINT('',(1.24868676725542,-2.32617751166872,0.));
#13993=CARTESIAN_POINT('Origin',(1.24868676725542,-2.18123045042346,0.));
#13994=CARTESIAN_POINT('',(1.24868676725542,-2.18123045042346,0.));
#13995=CARTESIAN_POINT('',(1.24868676725542,-2.32617751166872,0.));
#13996=CARTESIAN_POINT('',(1.24868676725542,-2.18123045042346,0.0001));
#13997=CARTESIAN_POINT('',(1.24868676725542,-2.32617751166872,0.0001));
#13998=CARTESIAN_POINT('',(1.24868676725542,-2.18123045042346,0.));
#13999=CARTESIAN_POINT('Origin',(1.30065981710432,-2.18123045042346,0.));
#14000=CARTESIAN_POINT('',(1.24868676725542,-2.18123045042346,0.));
#14001=CARTESIAN_POINT('',(1.24868676725542,-2.18123045042346,0.0001));
#14002=CARTESIAN_POINT('Origin',(1.29005985070341,-2.24218308383272,0.));
#14003=CARTESIAN_POINT('Origin',(1.29005985070341,-2.24218308383272,0.0001));
#14004=CARTESIAN_POINT('Ctrl Pts',(1.13838841689886,-2.21626413587716,0.));
#14005=CARTESIAN_POINT('Ctrl Pts',(1.13838841689886,-2.21626413587716,0.0001));
#14006=CARTESIAN_POINT('Ctrl Pts',(1.12626137193411,-2.21626413587716,0.));
#14007=CARTESIAN_POINT('Ctrl Pts',(1.12626137193411,-2.21626413587716,0.0001));
#14008=CARTESIAN_POINT('Ctrl Pts',(1.11047696420222,-2.23493593526732,0.));
#14009=CARTESIAN_POINT('Ctrl Pts',(1.11047696420222,-2.23493593526732,0.0001));
#14010=CARTESIAN_POINT('Ctrl Pts',(1.11047696420222,-2.25399272021192,0.));
#14011=CARTESIAN_POINT('Ctrl Pts',(1.11047696420222,-2.25399272021192,0.0001));
#14012=CARTESIAN_POINT('',(1.13838841689886,-2.21626413587716,0.));
#14013=CARTESIAN_POINT('',(1.11047696420222,-2.25399272021192,0.));
#14014=CARTESIAN_POINT('Ctrl Pts',(1.13838841689886,-2.21626413587716,0.));
#14015=CARTESIAN_POINT('Ctrl Pts',(1.12626137193411,-2.21626413587716,0.));
#14016=CARTESIAN_POINT('Ctrl Pts',(1.11047696420222,-2.23493593526732,0.));
#14017=CARTESIAN_POINT('Ctrl Pts',(1.11047696420222,-2.25399272021192,0.));
#14018=CARTESIAN_POINT('',(1.13838841689886,-2.21626413587716,0.0001));
#14019=CARTESIAN_POINT('',(1.13838841689886,-2.21626413587716,0.));
#14020=CARTESIAN_POINT('',(1.11047696420222,-2.25399272021192,0.0001));
#14021=CARTESIAN_POINT('Ctrl Pts',(1.11047696420222,-2.25399272021192,0.0001));
#14022=CARTESIAN_POINT('Ctrl Pts',(1.11047696420222,-2.23493593526732,0.0001));
#14023=CARTESIAN_POINT('Ctrl Pts',(1.12626137193411,-2.21626413587716,0.0001));
#14024=CARTESIAN_POINT('Ctrl Pts',(1.13838841689886,-2.21626413587716,0.0001));
#14025=CARTESIAN_POINT('',(1.11047696420222,-2.25399272021192,0.));
#14026=CARTESIAN_POINT('Ctrl Pts',(1.1653374057094,-2.25341524188027,0.));
#14027=CARTESIAN_POINT('Ctrl Pts',(1.1653374057094,-2.25341524188027,0.0001));
#14028=CARTESIAN_POINT('Ctrl Pts',(1.1653374057094,-2.23474344249011,0.));
#14029=CARTESIAN_POINT('Ctrl Pts',(1.1653374057094,-2.23474344249011,0.0001));
#14030=CARTESIAN_POINT('Ctrl Pts',(1.14974549075473,-2.21626413587716,0.));
#14031=CARTESIAN_POINT('Ctrl Pts',(1.14974549075473,-2.21626413587716,0.0001));
#14032=CARTESIAN_POINT('Ctrl Pts',(1.13838841689886,-2.21626413587716,0.));
#14033=CARTESIAN_POINT('Ctrl Pts',(1.13838841689886,-2.21626413587716,0.0001));
#14034=CARTESIAN_POINT('',(1.1653374057094,-2.25341524188027,0.));
#14035=CARTESIAN_POINT('Ctrl Pts',(1.1653374057094,-2.25341524188027,0.));
#14036=CARTESIAN_POINT('Ctrl Pts',(1.1653374057094,-2.23474344249011,0.));
#14037=CARTESIAN_POINT('Ctrl Pts',(1.14974549075473,-2.21626413587716,0.));
#14038=CARTESIAN_POINT('Ctrl Pts',(1.13838841689886,-2.21626413587716,0.));
#14039=CARTESIAN_POINT('',(1.1653374057094,-2.25341524188027,0.0001));
#14040=CARTESIAN_POINT('',(1.1653374057094,-2.25341524188027,0.));
#14041=CARTESIAN_POINT('Ctrl Pts',(1.13838841689886,-2.21626413587716,0.0001));
#14042=CARTESIAN_POINT('Ctrl Pts',(1.14974549075473,-2.21626413587716,0.0001));
#14043=CARTESIAN_POINT('Ctrl Pts',(1.1653374057094,-2.23474344249011,0.0001));
#14044=CARTESIAN_POINT('Ctrl Pts',(1.1653374057094,-2.25341524188027,0.0001));
#14045=CARTESIAN_POINT('Ctrl Pts',(1.13800343134442,-2.29191379732389,0.));
#14046=CARTESIAN_POINT('Ctrl Pts',(1.13800343134442,-2.29191379732389,0.0001));
#14047=CARTESIAN_POINT('Ctrl Pts',(1.14993798353194,-2.29191379732389,0.));
#14048=CARTESIAN_POINT('Ctrl Pts',(1.14993798353194,-2.29191379732389,0.0001));
#14049=CARTESIAN_POINT('Ctrl Pts',(1.1653374057094,-2.27362698348817,0.));
#14050=CARTESIAN_POINT('Ctrl Pts',(1.1653374057094,-2.27362698348817,0.0001));
#14051=CARTESIAN_POINT('Ctrl Pts',(1.1653374057094,-2.25341524188027,0.));
#14052=CARTESIAN_POINT('Ctrl Pts',(1.1653374057094,-2.25341524188027,0.0001));
#14053=CARTESIAN_POINT('',(1.13800343134442,-2.29191379732389,0.));
#14054=CARTESIAN_POINT('Ctrl Pts',(1.13800343134442,-2.29191379732389,0.));
#14055=CARTESIAN_POINT('Ctrl Pts',(1.14993798353194,-2.29191379732389,0.));
#14056=CARTESIAN_POINT('Ctrl Pts',(1.1653374057094,-2.27362698348817,0.));
#14057=CARTESIAN_POINT('Ctrl Pts',(1.1653374057094,-2.25341524188027,0.));
#14058=CARTESIAN_POINT('',(1.13800343134442,-2.29191379732389,0.0001));
#14059=CARTESIAN_POINT('',(1.13800343134442,-2.29191379732389,0.));
#14060=CARTESIAN_POINT('Ctrl Pts',(1.1653374057094,-2.25341524188027,0.0001));
#14061=CARTESIAN_POINT('Ctrl Pts',(1.1653374057094,-2.27362698348817,0.0001));
#14062=CARTESIAN_POINT('Ctrl Pts',(1.14993798353194,-2.29191379732389,0.0001));
#14063=CARTESIAN_POINT('Ctrl Pts',(1.13800343134442,-2.29191379732389,0.0001));
#14064=CARTESIAN_POINT('Ctrl Pts',(1.11047696420222,-2.25399272021192,0.));
#14065=CARTESIAN_POINT('Ctrl Pts',(1.11047696420222,-2.25399272021192,0.0001));
#14066=CARTESIAN_POINT('Ctrl Pts',(1.11047696420222,-2.27343449071095,0.));
#14067=CARTESIAN_POINT('Ctrl Pts',(1.11047696420222,-2.27343449071095,0.0001));
#14068=CARTESIAN_POINT('Ctrl Pts',(1.12606887915689,-2.29191379732389,0.));
#14069=CARTESIAN_POINT('Ctrl Pts',(1.12606887915689,-2.29191379732389,0.0001));
#14070=CARTESIAN_POINT('Ctrl Pts',(1.13800343134442,-2.29191379732389,0.));
#14071=CARTESIAN_POINT('Ctrl Pts',(1.13800343134442,-2.29191379732389,0.0001));
#14072=CARTESIAN_POINT('Ctrl Pts',(1.11047696420222,-2.25399272021192,0.));
#14073=CARTESIAN_POINT('Ctrl Pts',(1.11047696420222,-2.27343449071095,0.));
#14074=CARTESIAN_POINT('Ctrl Pts',(1.12606887915689,-2.29191379732389,0.));
#14075=CARTESIAN_POINT('Ctrl Pts',(1.13800343134442,-2.29191379732389,0.));
#14076=CARTESIAN_POINT('Ctrl Pts',(1.13800343134442,-2.29191379732389,0.0001));
#14077=CARTESIAN_POINT('Ctrl Pts',(1.12606887915689,-2.29191379732389,0.0001));
#14078=CARTESIAN_POINT('Ctrl Pts',(1.11047696420222,-2.27343449071095,0.0001));
#14079=CARTESIAN_POINT('Ctrl Pts',(1.11047696420222,-2.25399272021192,0.0001));
#14080=CARTESIAN_POINT('Ctrl Pts',(1.20325848282137,-2.20317462702633,0.));
#14081=CARTESIAN_POINT('Ctrl Pts',(1.20325848282137,-2.20317462702633,0.0001));
#14082=CARTESIAN_POINT('Ctrl Pts',(1.18112181344128,-2.17795807321075,0.));
#14083=CARTESIAN_POINT('Ctrl Pts',(1.18112181344128,-2.17795807321075,0.0001));
#14084=CARTESIAN_POINT('Ctrl Pts',(1.13761844578998,-2.17795807321075,0.));
#14085=CARTESIAN_POINT('Ctrl Pts',(1.13761844578998,-2.17795807321075,0.0001));
#14086=CARTESIAN_POINT('',(1.13761844578998,-2.17795807321075,0.));
#14087=CARTESIAN_POINT('',(1.20325848282137,-2.20317462702633,0.));
#14088=CARTESIAN_POINT('Ctrl Pts',(1.13761844578998,-2.17795807321075,0.));
#14089=CARTESIAN_POINT('Ctrl Pts',(1.18112181344128,-2.17795807321075,0.));
#14090=CARTESIAN_POINT('Ctrl Pts',(1.20325848282137,-2.20317462702633,0.));
#14091=CARTESIAN_POINT('',(1.13761844578998,-2.17795807321075,0.0001));
#14092=CARTESIAN_POINT('',(1.13761844578998,-2.17795807321075,0.));
#14093=CARTESIAN_POINT('',(1.20325848282137,-2.20317462702633,0.0001));
#14094=CARTESIAN_POINT('Ctrl Pts',(1.20325848282137,-2.20317462702633,0.0001));
#14095=CARTESIAN_POINT('Ctrl Pts',(1.18112181344128,-2.17795807321075,0.0001));
#14096=CARTESIAN_POINT('Ctrl Pts',(1.13761844578998,-2.17795807321075,0.0001));
#14097=CARTESIAN_POINT('',(1.20325848282137,-2.20317462702633,0.));
#14098=CARTESIAN_POINT('Ctrl Pts',(1.22116031110266,-2.25322274910305,0.));
#14099=CARTESIAN_POINT('Ctrl Pts',(1.22116031110266,-2.25322274910305,0.0001));
#14100=CARTESIAN_POINT('Ctrl Pts',(1.22116031110266,-2.22357886141145,0.));
#14101=CARTESIAN_POINT('Ctrl Pts',(1.22116031110266,-2.22357886141145,0.0001));
#14102=CARTESIAN_POINT('Ctrl Pts',(1.20325848282137,-2.20317462702633,0.));
#14103=CARTESIAN_POINT('Ctrl Pts',(1.20325848282137,-2.20317462702633,0.0001));
#14104=CARTESIAN_POINT('',(1.22116031110266,-2.25322274910305,0.));
#14105=CARTESIAN_POINT('Ctrl Pts',(1.20325848282137,-2.20317462702633,0.));
#14106=CARTESIAN_POINT('Ctrl Pts',(1.22116031110266,-2.22357886141145,0.));
#14107=CARTESIAN_POINT('Ctrl Pts',(1.22116031110266,-2.25322274910305,0.));
#14108=CARTESIAN_POINT('',(1.22116031110266,-2.25322274910305,0.0001));
#14109=CARTESIAN_POINT('Ctrl Pts',(1.22116031110266,-2.25322274910305,0.0001));
#14110=CARTESIAN_POINT('Ctrl Pts',(1.22116031110266,-2.22357886141145,0.0001));
#14111=CARTESIAN_POINT('Ctrl Pts',(1.20325848282137,-2.20317462702633,0.0001));
#14112=CARTESIAN_POINT('',(1.22116031110266,-2.25322274910305,0.));
#14113=CARTESIAN_POINT('Ctrl Pts',(1.1378109385672,-2.32944988888143,0.));
#14114=CARTESIAN_POINT('Ctrl Pts',(1.1378109385672,-2.32944988888143,0.0001));
#14115=CARTESIAN_POINT('Ctrl Pts',(1.17688697234248,-2.32944988888143,0.));
#14116=CARTESIAN_POINT('Ctrl Pts',(1.17688697234248,-2.32944988888143,0.0001));
#14117=CARTESIAN_POINT('Ctrl Pts',(1.22116031110266,-2.286716492339,0.));
#14118=CARTESIAN_POINT('Ctrl Pts',(1.22116031110266,-2.286716492339,0.0001));
#14119=CARTESIAN_POINT('Ctrl Pts',(1.22116031110266,-2.25322274910305,0.));
#14120=CARTESIAN_POINT('Ctrl Pts',(1.22116031110266,-2.25322274910305,0.0001));
#14121=CARTESIAN_POINT('',(1.1378109385672,-2.32944988888143,0.));
#14122=CARTESIAN_POINT('Ctrl Pts',(1.22116031110266,-2.25322274910305,0.));
#14123=CARTESIAN_POINT('Ctrl Pts',(1.22116031110266,-2.286716492339,0.));
#14124=CARTESIAN_POINT('Ctrl Pts',(1.17688697234248,-2.32944988888143,0.));
#14125=CARTESIAN_POINT('Ctrl Pts',(1.1378109385672,-2.32944988888143,0.));
#14126=CARTESIAN_POINT('',(1.1378109385672,-2.32944988888143,0.0001));
#14127=CARTESIAN_POINT('Ctrl Pts',(1.1378109385672,-2.32944988888143,0.0001));
#14128=CARTESIAN_POINT('Ctrl Pts',(1.17688697234248,-2.32944988888143,0.0001));
#14129=CARTESIAN_POINT('Ctrl Pts',(1.22116031110266,-2.286716492339,0.0001));
#14130=CARTESIAN_POINT('Ctrl Pts',(1.22116031110266,-2.25322274910305,0.0001));
#14131=CARTESIAN_POINT('',(1.1378109385672,-2.32944988888143,0.));
#14132=CARTESIAN_POINT('Ctrl Pts',(1.08121806206507,-2.31174055337736,0.));
#14133=CARTESIAN_POINT('Ctrl Pts',(1.08121806206507,-2.31174055337736,0.0001));
#14134=CARTESIAN_POINT('Ctrl Pts',(1.1027772531135,-2.32944988888143,0.));
#14135=CARTESIAN_POINT('Ctrl Pts',(1.1027772531135,-2.32944988888143,0.0001));
#14136=CARTESIAN_POINT('Ctrl Pts',(1.1378109385672,-2.32944988888143,0.));
#14137=CARTESIAN_POINT('Ctrl Pts',(1.1378109385672,-2.32944988888143,0.0001));
#14138=CARTESIAN_POINT('',(1.08121806206507,-2.31174055337736,0.));
#14139=CARTESIAN_POINT('Ctrl Pts',(1.1378109385672,-2.32944988888143,0.));
#14140=CARTESIAN_POINT('Ctrl Pts',(1.1027772531135,-2.32944988888143,0.));
#14141=CARTESIAN_POINT('Ctrl Pts',(1.08121806206507,-2.31174055337736,0.));
#14142=CARTESIAN_POINT('',(1.08121806206507,-2.31174055337736,0.0001));
#14143=CARTESIAN_POINT('Ctrl Pts',(1.08121806206507,-2.31174055337736,0.0001));
#14144=CARTESIAN_POINT('Ctrl Pts',(1.1027772531135,-2.32944988888143,0.0001));
#14145=CARTESIAN_POINT('Ctrl Pts',(1.1378109385672,-2.32944988888143,0.0001));
#14146=CARTESIAN_POINT('',(1.08121806206507,-2.31174055337736,0.));
#14147=CARTESIAN_POINT('Ctrl Pts',(1.05484655158618,-2.25418521298914,0.));
#14148=CARTESIAN_POINT('Ctrl Pts',(1.05484655158618,-2.25418521298914,0.0001));
#14149=CARTESIAN_POINT('Ctrl Pts',(1.05484655158618,-2.2897963767745,0.));
#14150=CARTESIAN_POINT('Ctrl Pts',(1.05484655158618,-2.2897963767745,0.0001));
#14151=CARTESIAN_POINT('Ctrl Pts',(1.08121806206507,-2.31174055337736,0.));
#14152=CARTESIAN_POINT('Ctrl Pts',(1.08121806206507,-2.31174055337736,0.0001));
#14153=CARTESIAN_POINT('',(1.05484655158618,-2.25418521298914,0.));
#14154=CARTESIAN_POINT('Ctrl Pts',(1.08121806206507,-2.31174055337736,0.));
#14155=CARTESIAN_POINT('Ctrl Pts',(1.05484655158618,-2.2897963767745,0.));
#14156=CARTESIAN_POINT('Ctrl Pts',(1.05484655158618,-2.25418521298914,0.));
#14157=CARTESIAN_POINT('',(1.05484655158618,-2.25418521298914,0.0001));
#14158=CARTESIAN_POINT('Ctrl Pts',(1.05484655158618,-2.25418521298914,0.0001));
#14159=CARTESIAN_POINT('Ctrl Pts',(1.05484655158618,-2.2897963767745,0.0001));
#14160=CARTESIAN_POINT('Ctrl Pts',(1.08121806206507,-2.31174055337736,0.0001));
#14161=CARTESIAN_POINT('',(1.05484655158618,-2.25418521298914,0.));
#14162=CARTESIAN_POINT('Ctrl Pts',(1.13761844578998,-2.17795807321075,0.));
#14163=CARTESIAN_POINT('Ctrl Pts',(1.13761844578998,-2.17795807321075,0.0001));
#14164=CARTESIAN_POINT('Ctrl Pts',(1.09950487590079,-2.17795807321075,0.));
#14165=CARTESIAN_POINT('Ctrl Pts',(1.09950487590079,-2.17795807321075,0.0001));
#14166=CARTESIAN_POINT('Ctrl Pts',(1.05484655158618,-2.2208839625304,0.));
#14167=CARTESIAN_POINT('Ctrl Pts',(1.05484655158618,-2.2208839625304,0.0001));
#14168=CARTESIAN_POINT('Ctrl Pts',(1.05484655158618,-2.25418521298914,0.));
#14169=CARTESIAN_POINT('Ctrl Pts',(1.05484655158618,-2.25418521298914,0.0001));
#14170=CARTESIAN_POINT('Ctrl Pts',(1.05484655158618,-2.25418521298914,0.));
#14171=CARTESIAN_POINT('Ctrl Pts',(1.05484655158618,-2.2208839625304,0.));
#14172=CARTESIAN_POINT('Ctrl Pts',(1.09950487590079,-2.17795807321075,0.));
#14173=CARTESIAN_POINT('Ctrl Pts',(1.13761844578998,-2.17795807321075,0.));
#14174=CARTESIAN_POINT('Ctrl Pts',(1.13761844578998,-2.17795807321075,0.0001));
#14175=CARTESIAN_POINT('Ctrl Pts',(1.09950487590079,-2.17795807321075,0.0001));
#14176=CARTESIAN_POINT('Ctrl Pts',(1.05484655158618,-2.2208839625304,0.0001));
#14177=CARTESIAN_POINT('Ctrl Pts',(1.05484655158618,-2.25418521298914,0.0001));
#14178=CARTESIAN_POINT('Origin',(1.13810119980375,-2.25366543656642,0.));
#14179=CARTESIAN_POINT('Origin',(1.13810119980375,-2.25366543656642,0.0001));
#14180=CARTESIAN_POINT('Origin',(0.679293167238219,-2.20490706202129,0.));
#14181=CARTESIAN_POINT('',(0.679293167238219,-2.18123045042346,0.));
#14182=CARTESIAN_POINT('',(0.679293167238219,-2.20490706202129,0.));
#14183=CARTESIAN_POINT('',(0.679293167238219,-2.18123045042346,0.));
#14184=CARTESIAN_POINT('',(0.679293167238219,-2.18123045042346,0.0001));
#14185=CARTESIAN_POINT('',(0.679293167238219,-2.18123045042346,0.));
#14186=CARTESIAN_POINT('',(0.679293167238219,-2.20490706202129,0.0001));
#14187=CARTESIAN_POINT('',(0.679293167238219,-2.18123045042346,0.0001));
#14188=CARTESIAN_POINT('',(0.679293167238219,-2.20490706202129,0.));
#14189=CARTESIAN_POINT('Ctrl Pts',(0.71451934546914,-2.17795807321075,0.));
#14190=CARTESIAN_POINT('Ctrl Pts',(0.71451934546914,-2.17795807321075,0.0001));
#14191=CARTESIAN_POINT('Ctrl Pts',(0.702777286058833,-2.17795807321075,
0.));
#14192=CARTESIAN_POINT('Ctrl Pts',(0.702777286058833,-2.17795807321075,
0.0001));
#14193=CARTESIAN_POINT('Ctrl Pts',(0.686800385549727,-2.18950763984384,
0.));
#14194=CARTESIAN_POINT('Ctrl Pts',(0.686800385549727,-2.18950763984384,
0.0001));
#14195=CARTESIAN_POINT('Ctrl Pts',(0.679293167238219,-2.20490706202129,
0.));
#14196=CARTESIAN_POINT('Ctrl Pts',(0.679293167238219,-2.20490706202129,
0.0001));
#14197=CARTESIAN_POINT('',(0.71451934546914,-2.17795807321075,0.));
#14198=CARTESIAN_POINT('Ctrl Pts',(0.679293167238219,-2.20490706202129,
0.));
#14199=CARTESIAN_POINT('Ctrl Pts',(0.686800385549727,-2.18950763984384,
0.));
#14200=CARTESIAN_POINT('Ctrl Pts',(0.702777286058833,-2.17795807321075,
0.));
#14201=CARTESIAN_POINT('Ctrl Pts',(0.71451934546914,-2.17795807321075,0.));
#14202=CARTESIAN_POINT('',(0.71451934546914,-2.17795807321075,0.0001));
#14203=CARTESIAN_POINT('Ctrl Pts',(0.71451934546914,-2.17795807321075,0.0001));
#14204=CARTESIAN_POINT('Ctrl Pts',(0.702777286058833,-2.17795807321075,
0.0001));
#14205=CARTESIAN_POINT('Ctrl Pts',(0.686800385549727,-2.18950763984384,
0.0001));
#14206=CARTESIAN_POINT('Ctrl Pts',(0.679293167238219,-2.20490706202129,
0.0001));
#14207=CARTESIAN_POINT('',(0.71451934546914,-2.17795807321075,0.));
#14208=CARTESIAN_POINT('Ctrl Pts',(0.74146833427968,-2.18565778429948,0.));
#14209=CARTESIAN_POINT('Ctrl Pts',(0.74146833427968,-2.18565778429948,0.0001));
#14210=CARTESIAN_POINT('Ctrl Pts',(0.726838883211101,-2.17795807321075,
0.));
#14211=CARTESIAN_POINT('Ctrl Pts',(0.726838883211101,-2.17795807321075,
0.0001));
#14212=CARTESIAN_POINT('Ctrl Pts',(0.71451934546914,-2.17795807321075,0.));
#14213=CARTESIAN_POINT('Ctrl Pts',(0.71451934546914,-2.17795807321075,0.0001));
#14214=CARTESIAN_POINT('',(0.74146833427968,-2.18565778429948,0.));
#14215=CARTESIAN_POINT('Ctrl Pts',(0.71451934546914,-2.17795807321075,0.));
#14216=CARTESIAN_POINT('Ctrl Pts',(0.726838883211101,-2.17795807321075,
0.));
#14217=CARTESIAN_POINT('Ctrl Pts',(0.74146833427968,-2.18565778429948,0.));
#14218=CARTESIAN_POINT('',(0.74146833427968,-2.18565778429948,0.0001));
#14219=CARTESIAN_POINT('Ctrl Pts',(0.74146833427968,-2.18565778429948,0.0001));
#14220=CARTESIAN_POINT('Ctrl Pts',(0.726838883211101,-2.17795807321075,
0.0001));
#14221=CARTESIAN_POINT('Ctrl Pts',(0.71451934546914,-2.17795807321075,0.0001));
#14222=CARTESIAN_POINT('',(0.74146833427968,-2.18565778429948,0.));
#14223=CARTESIAN_POINT('Origin',(0.724336477107265,-2.2251188036292,0.));
#14224=CARTESIAN_POINT('',(0.724336477107265,-2.2251188036292,0.));
#14225=CARTESIAN_POINT('',(0.74146833427968,-2.18565778429948,0.));
#14226=CARTESIAN_POINT('',(0.724336477107265,-2.2251188036292,0.0001));
#14227=CARTESIAN_POINT('',(0.74146833427968,-2.18565778429948,0.0001));
#14228=CARTESIAN_POINT('',(0.724336477107265,-2.2251188036292,0.));
#14229=CARTESIAN_POINT('Ctrl Pts',(0.708744562152595,-2.22107645530762,
0.));
#14230=CARTESIAN_POINT('Ctrl Pts',(0.708744562152595,-2.22107645530762,
0.0001));
#14231=CARTESIAN_POINT('Ctrl Pts',(0.71451934546914,-2.22107645530762,0.));
#14232=CARTESIAN_POINT('Ctrl Pts',(0.71451934546914,-2.22107645530762,0.0001));
#14233=CARTESIAN_POINT('Ctrl Pts',(0.724336477107265,-2.2251188036292,0.));
#14234=CARTESIAN_POINT('Ctrl Pts',(0.724336477107265,-2.2251188036292,0.0001));
#14235=CARTESIAN_POINT('',(0.708744562152595,-2.22107645530762,0.));
#14236=CARTESIAN_POINT('Ctrl Pts',(0.724336477107265,-2.2251188036292,0.));
#14237=CARTESIAN_POINT('Ctrl Pts',(0.71451934546914,-2.22107645530762,0.));
#14238=CARTESIAN_POINT('Ctrl Pts',(0.708744562152595,-2.22107645530762,
0.));
#14239=CARTESIAN_POINT('',(0.708744562152595,-2.22107645530762,0.0001));
#14240=CARTESIAN_POINT('Ctrl Pts',(0.708744562152595,-2.22107645530762,
0.0001));
#14241=CARTESIAN_POINT('Ctrl Pts',(0.71451934546914,-2.22107645530762,0.0001));
#14242=CARTESIAN_POINT('Ctrl Pts',(0.724336477107265,-2.2251188036292,0.0001));
#14243=CARTESIAN_POINT('',(0.708744562152595,-2.22107645530762,0.));
#14244=CARTESIAN_POINT('Ctrl Pts',(0.691805197757399,-2.23012361583687,
0.));
#14245=CARTESIAN_POINT('Ctrl Pts',(0.691805197757399,-2.23012361583687,
0.0001));
#14246=CARTESIAN_POINT('Ctrl Pts',(0.697772473851161,-2.22107645530762,
0.));
#14247=CARTESIAN_POINT('Ctrl Pts',(0.697772473851161,-2.22107645530762,
0.0001));
#14248=CARTESIAN_POINT('Ctrl Pts',(0.708744562152595,-2.22107645530762,
0.));
#14249=CARTESIAN_POINT('Ctrl Pts',(0.708744562152595,-2.22107645530762,
0.0001));
#14250=CARTESIAN_POINT('',(0.691805197757399,-2.23012361583687,0.));
#14251=CARTESIAN_POINT('Ctrl Pts',(0.708744562152595,-2.22107645530762,
0.));
#14252=CARTESIAN_POINT('Ctrl Pts',(0.697772473851161,-2.22107645530762,
0.));
#14253=CARTESIAN_POINT('Ctrl Pts',(0.691805197757399,-2.23012361583687,
0.));
#14254=CARTESIAN_POINT('',(0.691805197757399,-2.23012361583687,0.0001));
#14255=CARTESIAN_POINT('Ctrl Pts',(0.691805197757399,-2.23012361583687,
0.0001));
#14256=CARTESIAN_POINT('Ctrl Pts',(0.697772473851161,-2.22107645530762,
0.0001));
#14257=CARTESIAN_POINT('Ctrl Pts',(0.708744562152595,-2.22107645530762,
0.0001));
#14258=CARTESIAN_POINT('',(0.691805197757399,-2.23012361583687,0.));
#14259=CARTESIAN_POINT('Ctrl Pts',(0.683143022782582,-2.27766933180975,
0.));
#14260=CARTESIAN_POINT('Ctrl Pts',(0.683143022782582,-2.27766933180975,
0.0001));
#14261=CARTESIAN_POINT('Ctrl Pts',(0.683143022782582,-2.24282813913327,
0.));
#14262=CARTESIAN_POINT('Ctrl Pts',(0.683143022782582,-2.24282813913327,
0.0001));
#14263=CARTESIAN_POINT('Ctrl Pts',(0.691805197757399,-2.23012361583687,
0.));
#14264=CARTESIAN_POINT('Ctrl Pts',(0.691805197757399,-2.23012361583687,
0.0001));
#14265=CARTESIAN_POINT('',(0.683143022782582,-2.27766933180975,0.));
#14266=CARTESIAN_POINT('Ctrl Pts',(0.691805197757399,-2.23012361583687,
0.));
#14267=CARTESIAN_POINT('Ctrl Pts',(0.683143022782582,-2.24282813913327,
0.));
#14268=CARTESIAN_POINT('Ctrl Pts',(0.683143022782582,-2.27766933180975,
0.));
#14269=CARTESIAN_POINT('',(0.683143022782582,-2.27766933180975,0.0001));
#14270=CARTESIAN_POINT('Ctrl Pts',(0.683143022782582,-2.27766933180975,
0.0001));
#14271=CARTESIAN_POINT('Ctrl Pts',(0.683143022782582,-2.24282813913327,
0.0001));
#14272=CARTESIAN_POINT('Ctrl Pts',(0.691805197757399,-2.23012361583687,
0.0001));
#14273=CARTESIAN_POINT('',(0.683143022782582,-2.27766933180975,0.));
#14274=CARTESIAN_POINT('Origin',(0.683143022782582,-2.32617751166872,0.));
#14275=CARTESIAN_POINT('',(0.683143022782582,-2.32617751166872,0.));
#14276=CARTESIAN_POINT('',(0.683143022782582,-2.27766933180975,0.));
#14277=CARTESIAN_POINT('',(0.683143022782582,-2.32617751166872,0.0001));
#14278=CARTESIAN_POINT('',(0.683143022782582,-2.27766933180975,0.0001));
#14279=CARTESIAN_POINT('',(0.683143022782582,-2.32617751166872,0.));
#14280=CARTESIAN_POINT('Origin',(0.62732011738932,-2.32617751166872,0.));
#14281=CARTESIAN_POINT('',(0.62732011738932,-2.32617751166872,0.));
#14282=CARTESIAN_POINT('',(0.683143022782582,-2.32617751166872,0.));
#14283=CARTESIAN_POINT('',(0.62732011738932,-2.32617751166872,0.0001));
#14284=CARTESIAN_POINT('',(0.683143022782582,-2.32617751166872,0.0001));
#14285=CARTESIAN_POINT('',(0.62732011738932,-2.32617751166872,0.));
#14286=CARTESIAN_POINT('Origin',(0.62732011738932,-2.18123045042346,0.));
#14287=CARTESIAN_POINT('',(0.62732011738932,-2.18123045042346,0.));
#14288=CARTESIAN_POINT('',(0.62732011738932,-2.32617751166872,0.));
#14289=CARTESIAN_POINT('',(0.62732011738932,-2.18123045042346,0.0001));
#14290=CARTESIAN_POINT('',(0.62732011738932,-2.32617751166872,0.0001));
#14291=CARTESIAN_POINT('',(0.62732011738932,-2.18123045042346,0.));
#14292=CARTESIAN_POINT('Origin',(0.679293167238219,-2.18123045042346,0.));
#14293=CARTESIAN_POINT('',(0.62732011738932,-2.18123045042346,0.));
#14294=CARTESIAN_POINT('',(0.62732011738932,-2.18123045042346,0.0001));
#14295=CARTESIAN_POINT('Origin',(0.668693200837304,-2.24218308383272,0.));
#14296=CARTESIAN_POINT('Origin',(0.668693200837304,-2.24218308383272,0.0001));
#14297=CARTESIAN_POINT('Ctrl Pts',(0.517021767032751,-2.21626413587716,
0.));
#14298=CARTESIAN_POINT('Ctrl Pts',(0.517021767032751,-2.21626413587716,
0.0001));
#14299=CARTESIAN_POINT('Ctrl Pts',(0.504894722068008,-2.21626413587716,
0.));
#14300=CARTESIAN_POINT('Ctrl Pts',(0.504894722068008,-2.21626413587716,
0.0001));
#14301=CARTESIAN_POINT('Ctrl Pts',(0.48911031433612,-2.23493593526732,0.));
#14302=CARTESIAN_POINT('Ctrl Pts',(0.48911031433612,-2.23493593526732,0.0001));
#14303=CARTESIAN_POINT('Ctrl Pts',(0.48911031433612,-2.25399272021192,0.));
#14304=CARTESIAN_POINT('Ctrl Pts',(0.48911031433612,-2.25399272021192,0.0001));
#14305=CARTESIAN_POINT('',(0.517021767032751,-2.21626413587716,0.));
#14306=CARTESIAN_POINT('',(0.48911031433612,-2.25399272021192,0.));
#14307=CARTESIAN_POINT('Ctrl Pts',(0.517021767032751,-2.21626413587716,
0.));
#14308=CARTESIAN_POINT('Ctrl Pts',(0.504894722068008,-2.21626413587716,
0.));
#14309=CARTESIAN_POINT('Ctrl Pts',(0.48911031433612,-2.23493593526732,0.));
#14310=CARTESIAN_POINT('Ctrl Pts',(0.48911031433612,-2.25399272021192,0.));
#14311=CARTESIAN_POINT('',(0.517021767032751,-2.21626413587716,0.0001));
#14312=CARTESIAN_POINT('',(0.517021767032751,-2.21626413587716,0.));
#14313=CARTESIAN_POINT('',(0.48911031433612,-2.25399272021192,0.0001));
#14314=CARTESIAN_POINT('Ctrl Pts',(0.48911031433612,-2.25399272021192,0.0001));
#14315=CARTESIAN_POINT('Ctrl Pts',(0.48911031433612,-2.23493593526732,0.0001));
#14316=CARTESIAN_POINT('Ctrl Pts',(0.504894722068008,-2.21626413587716,
0.0001));
#14317=CARTESIAN_POINT('Ctrl Pts',(0.517021767032751,-2.21626413587716,
0.0001));
#14318=CARTESIAN_POINT('',(0.48911031433612,-2.25399272021192,0.));
#14319=CARTESIAN_POINT('Ctrl Pts',(0.543970755843291,-2.25341524188027,
0.));
#14320=CARTESIAN_POINT('Ctrl Pts',(0.543970755843291,-2.25341524188027,
0.0001));
#14321=CARTESIAN_POINT('Ctrl Pts',(0.543970755843291,-2.23474344249011,
0.));
#14322=CARTESIAN_POINT('Ctrl Pts',(0.543970755843291,-2.23474344249011,
0.0001));
#14323=CARTESIAN_POINT('Ctrl Pts',(0.528378840888622,-2.21626413587716,
0.));
#14324=CARTESIAN_POINT('Ctrl Pts',(0.528378840888622,-2.21626413587716,
0.0001));
#14325=CARTESIAN_POINT('Ctrl Pts',(0.517021767032751,-2.21626413587716,
0.));
#14326=CARTESIAN_POINT('Ctrl Pts',(0.517021767032751,-2.21626413587716,
0.0001));
#14327=CARTESIAN_POINT('',(0.543970755843291,-2.25341524188027,0.));
#14328=CARTESIAN_POINT('Ctrl Pts',(0.543970755843291,-2.25341524188027,
0.));
#14329=CARTESIAN_POINT('Ctrl Pts',(0.543970755843291,-2.23474344249011,
0.));
#14330=CARTESIAN_POINT('Ctrl Pts',(0.528378840888622,-2.21626413587716,
0.));
#14331=CARTESIAN_POINT('Ctrl Pts',(0.517021767032751,-2.21626413587716,
0.));
#14332=CARTESIAN_POINT('',(0.543970755843291,-2.25341524188027,0.0001));
#14333=CARTESIAN_POINT('',(0.543970755843291,-2.25341524188027,0.));
#14334=CARTESIAN_POINT('Ctrl Pts',(0.517021767032751,-2.21626413587716,
0.0001));
#14335=CARTESIAN_POINT('Ctrl Pts',(0.528378840888622,-2.21626413587716,
0.0001));
#14336=CARTESIAN_POINT('Ctrl Pts',(0.543970755843291,-2.23474344249011,
0.0001));
#14337=CARTESIAN_POINT('Ctrl Pts',(0.543970755843291,-2.25341524188027,
0.0001));
#14338=CARTESIAN_POINT('Ctrl Pts',(0.516636781478315,-2.29191379732389,
0.));
#14339=CARTESIAN_POINT('Ctrl Pts',(0.516636781478315,-2.29191379732389,
0.0001));
#14340=CARTESIAN_POINT('Ctrl Pts',(0.52857133366584,-2.29191379732389,0.));
#14341=CARTESIAN_POINT('Ctrl Pts',(0.52857133366584,-2.29191379732389,0.0001));
#14342=CARTESIAN_POINT('Ctrl Pts',(0.543970755843291,-2.27362698348817,
0.));
#14343=CARTESIAN_POINT('Ctrl Pts',(0.543970755843291,-2.27362698348817,
0.0001));
#14344=CARTESIAN_POINT('Ctrl Pts',(0.543970755843291,-2.25341524188027,
0.));
#14345=CARTESIAN_POINT('Ctrl Pts',(0.543970755843291,-2.25341524188027,
0.0001));
#14346=CARTESIAN_POINT('',(0.516636781478315,-2.29191379732389,0.));
#14347=CARTESIAN_POINT('Ctrl Pts',(0.516636781478315,-2.29191379732389,
0.));
#14348=CARTESIAN_POINT('Ctrl Pts',(0.52857133366584,-2.29191379732389,0.));
#14349=CARTESIAN_POINT('Ctrl Pts',(0.543970755843291,-2.27362698348817,
0.));
#14350=CARTESIAN_POINT('Ctrl Pts',(0.543970755843291,-2.25341524188027,
0.));
#14351=CARTESIAN_POINT('',(0.516636781478315,-2.29191379732389,0.0001));
#14352=CARTESIAN_POINT('',(0.516636781478315,-2.29191379732389,0.));
#14353=CARTESIAN_POINT('Ctrl Pts',(0.543970755843291,-2.25341524188027,
0.0001));
#14354=CARTESIAN_POINT('Ctrl Pts',(0.543970755843291,-2.27362698348817,
0.0001));
#14355=CARTESIAN_POINT('Ctrl Pts',(0.52857133366584,-2.29191379732389,0.0001));
#14356=CARTESIAN_POINT('Ctrl Pts',(0.516636781478315,-2.29191379732389,
0.0001));
#14357=CARTESIAN_POINT('Ctrl Pts',(0.48911031433612,-2.25399272021192,0.));
#14358=CARTESIAN_POINT('Ctrl Pts',(0.48911031433612,-2.25399272021192,0.0001));
#14359=CARTESIAN_POINT('Ctrl Pts',(0.48911031433612,-2.27343449071095,0.));
#14360=CARTESIAN_POINT('Ctrl Pts',(0.48911031433612,-2.27343449071095,0.0001));
#14361=CARTESIAN_POINT('Ctrl Pts',(0.50470222929079,-2.29191379732389,0.));
#14362=CARTESIAN_POINT('Ctrl Pts',(0.50470222929079,-2.29191379732389,0.0001));
#14363=CARTESIAN_POINT('Ctrl Pts',(0.516636781478315,-2.29191379732389,
0.));
#14364=CARTESIAN_POINT('Ctrl Pts',(0.516636781478315,-2.29191379732389,
0.0001));
#14365=CARTESIAN_POINT('Ctrl Pts',(0.48911031433612,-2.25399272021192,0.));
#14366=CARTESIAN_POINT('Ctrl Pts',(0.48911031433612,-2.27343449071095,0.));
#14367=CARTESIAN_POINT('Ctrl Pts',(0.50470222929079,-2.29191379732389,0.));
#14368=CARTESIAN_POINT('Ctrl Pts',(0.516636781478315,-2.29191379732389,
0.));
#14369=CARTESIAN_POINT('Ctrl Pts',(0.516636781478315,-2.29191379732389,
0.0001));
#14370=CARTESIAN_POINT('Ctrl Pts',(0.50470222929079,-2.29191379732389,0.0001));
#14371=CARTESIAN_POINT('Ctrl Pts',(0.48911031433612,-2.27343449071095,0.0001));
#14372=CARTESIAN_POINT('Ctrl Pts',(0.48911031433612,-2.25399272021192,0.0001));
#14373=CARTESIAN_POINT('Ctrl Pts',(0.581891832955266,-2.20317462702633,
0.));
#14374=CARTESIAN_POINT('Ctrl Pts',(0.581891832955266,-2.20317462702633,
0.0001));
#14375=CARTESIAN_POINT('Ctrl Pts',(0.559755163575179,-2.17795807321075,
0.));
#14376=CARTESIAN_POINT('Ctrl Pts',(0.559755163575179,-2.17795807321075,
0.0001));
#14377=CARTESIAN_POINT('Ctrl Pts',(0.516251795923878,-2.17795807321075,
0.));
#14378=CARTESIAN_POINT('Ctrl Pts',(0.516251795923878,-2.17795807321075,
0.0001));
#14379=CARTESIAN_POINT('',(0.516251795923878,-2.17795807321075,0.));
#14380=CARTESIAN_POINT('',(0.581891832955266,-2.20317462702633,0.));
#14381=CARTESIAN_POINT('Ctrl Pts',(0.516251795923878,-2.17795807321075,
0.));
#14382=CARTESIAN_POINT('Ctrl Pts',(0.559755163575179,-2.17795807321075,
0.));
#14383=CARTESIAN_POINT('Ctrl Pts',(0.581891832955266,-2.20317462702633,
0.));
#14384=CARTESIAN_POINT('',(0.516251795923878,-2.17795807321075,0.0001));
#14385=CARTESIAN_POINT('',(0.516251795923878,-2.17795807321075,0.));
#14386=CARTESIAN_POINT('',(0.581891832955266,-2.20317462702633,0.0001));
#14387=CARTESIAN_POINT('Ctrl Pts',(0.581891832955266,-2.20317462702633,
0.0001));
#14388=CARTESIAN_POINT('Ctrl Pts',(0.559755163575179,-2.17795807321075,
0.0001));
#14389=CARTESIAN_POINT('Ctrl Pts',(0.516251795923878,-2.17795807321075,
0.0001));
#14390=CARTESIAN_POINT('',(0.581891832955266,-2.20317462702633,0.));
#14391=CARTESIAN_POINT('Ctrl Pts',(0.599793661236553,-2.25322274910305,
0.));
#14392=CARTESIAN_POINT('Ctrl Pts',(0.599793661236553,-2.25322274910305,
0.0001));
#14393=CARTESIAN_POINT('Ctrl Pts',(0.599793661236553,-2.22357886141145,
0.));
#14394=CARTESIAN_POINT('Ctrl Pts',(0.599793661236553,-2.22357886141145,
0.0001));
#14395=CARTESIAN_POINT('Ctrl Pts',(0.581891832955266,-2.20317462702633,
0.));
#14396=CARTESIAN_POINT('Ctrl Pts',(0.581891832955266,-2.20317462702633,
0.0001));
#14397=CARTESIAN_POINT('',(0.599793661236553,-2.25322274910305,0.));
#14398=CARTESIAN_POINT('Ctrl Pts',(0.581891832955266,-2.20317462702633,
0.));
#14399=CARTESIAN_POINT('Ctrl Pts',(0.599793661236553,-2.22357886141145,
0.));
#14400=CARTESIAN_POINT('Ctrl Pts',(0.599793661236553,-2.25322274910305,
0.));
#14401=CARTESIAN_POINT('',(0.599793661236553,-2.25322274910305,0.0001));
#14402=CARTESIAN_POINT('Ctrl Pts',(0.599793661236553,-2.25322274910305,
0.0001));
#14403=CARTESIAN_POINT('Ctrl Pts',(0.599793661236553,-2.22357886141145,
0.0001));
#14404=CARTESIAN_POINT('Ctrl Pts',(0.581891832955266,-2.20317462702633,
0.0001));
#14405=CARTESIAN_POINT('',(0.599793661236553,-2.25322274910305,0.));
#14406=CARTESIAN_POINT('Ctrl Pts',(0.516444288701097,-2.32944988888143,
0.));
#14407=CARTESIAN_POINT('Ctrl Pts',(0.516444288701097,-2.32944988888143,
0.0001));
#14408=CARTESIAN_POINT('Ctrl Pts',(0.55552032247638,-2.32944988888143,0.));
#14409=CARTESIAN_POINT('Ctrl Pts',(0.55552032247638,-2.32944988888143,0.0001));
#14410=CARTESIAN_POINT('Ctrl Pts',(0.599793661236553,-2.286716492339,0.));
#14411=CARTESIAN_POINT('Ctrl Pts',(0.599793661236553,-2.286716492339,0.0001));
#14412=CARTESIAN_POINT('Ctrl Pts',(0.599793661236553,-2.25322274910305,
0.));
#14413=CARTESIAN_POINT('Ctrl Pts',(0.599793661236553,-2.25322274910305,
0.0001));
#14414=CARTESIAN_POINT('',(0.516444288701097,-2.32944988888143,0.));
#14415=CARTESIAN_POINT('Ctrl Pts',(0.599793661236553,-2.25322274910305,
0.));
#14416=CARTESIAN_POINT('Ctrl Pts',(0.599793661236553,-2.286716492339,0.));
#14417=CARTESIAN_POINT('Ctrl Pts',(0.55552032247638,-2.32944988888143,0.));
#14418=CARTESIAN_POINT('Ctrl Pts',(0.516444288701097,-2.32944988888143,
0.));
#14419=CARTESIAN_POINT('',(0.516444288701097,-2.32944988888143,0.0001));
#14420=CARTESIAN_POINT('Ctrl Pts',(0.516444288701097,-2.32944988888143,
0.0001));
#14421=CARTESIAN_POINT('Ctrl Pts',(0.55552032247638,-2.32944988888143,0.0001));
#14422=CARTESIAN_POINT('Ctrl Pts',(0.599793661236553,-2.286716492339,0.0001));
#14423=CARTESIAN_POINT('Ctrl Pts',(0.599793661236553,-2.25322274910305,
0.0001));
#14424=CARTESIAN_POINT('',(0.516444288701097,-2.32944988888143,0.));
#14425=CARTESIAN_POINT('Ctrl Pts',(0.459851412198962,-2.31174055337736,
0.));
#14426=CARTESIAN_POINT('Ctrl Pts',(0.459851412198962,-2.31174055337736,
0.0001));
#14427=CARTESIAN_POINT('Ctrl Pts',(0.481410603247394,-2.32944988888143,
0.));
#14428=CARTESIAN_POINT('Ctrl Pts',(0.481410603247394,-2.32944988888143,
0.0001));
#14429=CARTESIAN_POINT('Ctrl Pts',(0.516444288701097,-2.32944988888143,
0.));
#14430=CARTESIAN_POINT('Ctrl Pts',(0.516444288701097,-2.32944988888143,
0.0001));
#14431=CARTESIAN_POINT('',(0.459851412198962,-2.31174055337736,0.));
#14432=CARTESIAN_POINT('Ctrl Pts',(0.516444288701097,-2.32944988888143,
0.));
#14433=CARTESIAN_POINT('Ctrl Pts',(0.481410603247394,-2.32944988888143,
0.));
#14434=CARTESIAN_POINT('Ctrl Pts',(0.459851412198962,-2.31174055337736,
0.));
#14435=CARTESIAN_POINT('',(0.459851412198962,-2.31174055337736,0.0001));
#14436=CARTESIAN_POINT('Ctrl Pts',(0.459851412198962,-2.31174055337736,
0.0001));
#14437=CARTESIAN_POINT('Ctrl Pts',(0.481410603247394,-2.32944988888143,
0.0001));
#14438=CARTESIAN_POINT('Ctrl Pts',(0.516444288701097,-2.32944988888143,
0.0001));
#14439=CARTESIAN_POINT('',(0.459851412198962,-2.31174055337736,0.));
#14440=CARTESIAN_POINT('Ctrl Pts',(0.433479901720077,-2.25418521298914,
0.));
#14441=CARTESIAN_POINT('Ctrl Pts',(0.433479901720077,-2.25418521298914,
0.0001));
#14442=CARTESIAN_POINT('Ctrl Pts',(0.433479901720077,-2.2897963767745,0.));
#14443=CARTESIAN_POINT('Ctrl Pts',(0.433479901720077,-2.2897963767745,0.0001));
#14444=CARTESIAN_POINT('Ctrl Pts',(0.459851412198962,-2.31174055337736,
0.));
#14445=CARTESIAN_POINT('Ctrl Pts',(0.459851412198962,-2.31174055337736,
0.0001));
#14446=CARTESIAN_POINT('',(0.433479901720077,-2.25418521298914,0.));
#14447=CARTESIAN_POINT('Ctrl Pts',(0.459851412198962,-2.31174055337736,
0.));
#14448=CARTESIAN_POINT('Ctrl Pts',(0.433479901720077,-2.2897963767745,0.));
#14449=CARTESIAN_POINT('Ctrl Pts',(0.433479901720077,-2.25418521298914,
0.));
#14450=CARTESIAN_POINT('',(0.433479901720077,-2.25418521298914,0.0001));
#14451=CARTESIAN_POINT('Ctrl Pts',(0.433479901720077,-2.25418521298914,
0.0001));
#14452=CARTESIAN_POINT('Ctrl Pts',(0.433479901720077,-2.2897963767745,0.0001));
#14453=CARTESIAN_POINT('Ctrl Pts',(0.459851412198962,-2.31174055337736,
0.0001));
#14454=CARTESIAN_POINT('',(0.433479901720077,-2.25418521298914,0.));
#14455=CARTESIAN_POINT('Ctrl Pts',(0.516251795923878,-2.17795807321075,
0.));
#14456=CARTESIAN_POINT('Ctrl Pts',(0.516251795923878,-2.17795807321075,
0.0001));
#14457=CARTESIAN_POINT('Ctrl Pts',(0.478138226034686,-2.17795807321075,
0.));
#14458=CARTESIAN_POINT('Ctrl Pts',(0.478138226034686,-2.17795807321075,
0.0001));
#14459=CARTESIAN_POINT('Ctrl Pts',(0.433479901720077,-2.2208839625304,0.));
#14460=CARTESIAN_POINT('Ctrl Pts',(0.433479901720077,-2.2208839625304,0.0001));
#14461=CARTESIAN_POINT('Ctrl Pts',(0.433479901720077,-2.25418521298914,
0.));
#14462=CARTESIAN_POINT('Ctrl Pts',(0.433479901720077,-2.25418521298914,
0.0001));
#14463=CARTESIAN_POINT('Ctrl Pts',(0.433479901720077,-2.25418521298914,
0.));
#14464=CARTESIAN_POINT('Ctrl Pts',(0.433479901720077,-2.2208839625304,0.));
#14465=CARTESIAN_POINT('Ctrl Pts',(0.478138226034686,-2.17795807321075,
0.));
#14466=CARTESIAN_POINT('Ctrl Pts',(0.516251795923878,-2.17795807321075,
0.));
#14467=CARTESIAN_POINT('Ctrl Pts',(0.516251795923878,-2.17795807321075,
0.0001));
#14468=CARTESIAN_POINT('Ctrl Pts',(0.478138226034686,-2.17795807321075,
0.0001));
#14469=CARTESIAN_POINT('Ctrl Pts',(0.433479901720077,-2.2208839625304,0.0001));
#14470=CARTESIAN_POINT('Ctrl Pts',(0.433479901720077,-2.25418521298914,
0.0001));
#14471=CARTESIAN_POINT('Origin',(0.516734549937643,-2.25366543656642,0.));
#14472=CARTESIAN_POINT('Origin',(0.516734549937643,-2.25366543656642,0.0001));
#14473=CARTESIAN_POINT('Ctrl Pts',(0.33530859632825,-2.21953651308987,0.));
#14474=CARTESIAN_POINT('Ctrl Pts',(0.33530859632825,-2.21953651308987,0.0001));
#14475=CARTESIAN_POINT('Ctrl Pts',(0.32395152247238,-2.21953651308987,0.));
#14476=CARTESIAN_POINT('Ctrl Pts',(0.32395152247238,-2.21953651308987,0.0001));
#14477=CARTESIAN_POINT('Ctrl Pts',(0.309707056958237,-2.23628338470785,
0.));
#14478=CARTESIAN_POINT('Ctrl Pts',(0.309707056958237,-2.23628338470785,
0.0001));
#14479=CARTESIAN_POINT('Ctrl Pts',(0.309707056958237,-2.25341524188027,
0.));
#14480=CARTESIAN_POINT('Ctrl Pts',(0.309707056958237,-2.25341524188027,
0.0001));
#14481=CARTESIAN_POINT('',(0.33530859632825,-2.21953651308987,0.));
#14482=CARTESIAN_POINT('',(0.309707056958237,-2.25341524188027,0.));
#14483=CARTESIAN_POINT('Ctrl Pts',(0.33530859632825,-2.21953651308987,0.));
#14484=CARTESIAN_POINT('Ctrl Pts',(0.32395152247238,-2.21953651308987,0.));
#14485=CARTESIAN_POINT('Ctrl Pts',(0.309707056958237,-2.23628338470785,
0.));
#14486=CARTESIAN_POINT('Ctrl Pts',(0.309707056958237,-2.25341524188027,
0.));
#14487=CARTESIAN_POINT('',(0.33530859632825,-2.21953651308987,0.0001));
#14488=CARTESIAN_POINT('',(0.33530859632825,-2.21953651308987,0.));
#14489=CARTESIAN_POINT('',(0.309707056958237,-2.25341524188027,0.0001));
#14490=CARTESIAN_POINT('Ctrl Pts',(0.309707056958237,-2.25341524188027,
0.0001));
#14491=CARTESIAN_POINT('Ctrl Pts',(0.309707056958237,-2.23628338470785,
0.0001));
#14492=CARTESIAN_POINT('Ctrl Pts',(0.32395152247238,-2.21953651308987,0.0001));
#14493=CARTESIAN_POINT('Ctrl Pts',(0.33530859632825,-2.21953651308987,0.0001));
#14494=CARTESIAN_POINT('',(0.309707056958237,-2.25341524188027,0.));
#14495=CARTESIAN_POINT('Ctrl Pts',(0.357830251262773,-2.25283776354861,
0.));
#14496=CARTESIAN_POINT('Ctrl Pts',(0.357830251262773,-2.25283776354861,
0.0001));
#14497=CARTESIAN_POINT('Ctrl Pts',(0.357830251262773,-2.2357059063762,0.));
#14498=CARTESIAN_POINT('Ctrl Pts',(0.357830251262773,-2.2357059063762,0.0001));
#14499=CARTESIAN_POINT('Ctrl Pts',(0.344548249634721,-2.21953651308987,
0.));
#14500=CARTESIAN_POINT('Ctrl Pts',(0.344548249634721,-2.21953651308987,
0.0001));
#14501=CARTESIAN_POINT('Ctrl Pts',(0.33530859632825,-2.21953651308987,0.));
#14502=CARTESIAN_POINT('Ctrl Pts',(0.33530859632825,-2.21953651308987,0.0001));
#14503=CARTESIAN_POINT('',(0.357830251262773,-2.25283776354861,0.));
#14504=CARTESIAN_POINT('Ctrl Pts',(0.357830251262773,-2.25283776354861,
0.));
#14505=CARTESIAN_POINT('Ctrl Pts',(0.357830251262773,-2.2357059063762,0.));
#14506=CARTESIAN_POINT('Ctrl Pts',(0.344548249634721,-2.21953651308987,
0.));
#14507=CARTESIAN_POINT('Ctrl Pts',(0.33530859632825,-2.21953651308987,0.));
#14508=CARTESIAN_POINT('',(0.357830251262773,-2.25283776354861,0.0001));
#14509=CARTESIAN_POINT('',(0.357830251262773,-2.25283776354861,0.));
#14510=CARTESIAN_POINT('Ctrl Pts',(0.33530859632825,-2.21953651308987,0.0001));
#14511=CARTESIAN_POINT('Ctrl Pts',(0.344548249634721,-2.21953651308987,
0.0001));
#14512=CARTESIAN_POINT('Ctrl Pts',(0.357830251262773,-2.2357059063762,0.0001));
#14513=CARTESIAN_POINT('Ctrl Pts',(0.357830251262773,-2.25283776354861,
0.0001));
#14514=CARTESIAN_POINT('Ctrl Pts',(0.334346132442159,-2.2888339128884,0.));
#14515=CARTESIAN_POINT('Ctrl Pts',(0.334346132442159,-2.2888339128884,0.0001));
#14516=CARTESIAN_POINT('Ctrl Pts',(0.344355756857503,-2.2888339128884,0.));
#14517=CARTESIAN_POINT('Ctrl Pts',(0.344355756857503,-2.2888339128884,0.0001));
#14518=CARTESIAN_POINT('Ctrl Pts',(0.357830251262773,-2.27227953404764,
0.));
#14519=CARTESIAN_POINT('Ctrl Pts',(0.357830251262773,-2.27227953404764,
0.0001));
#14520=CARTESIAN_POINT('Ctrl Pts',(0.357830251262773,-2.25283776354861,
0.));
#14521=CARTESIAN_POINT('Ctrl Pts',(0.357830251262773,-2.25283776354861,
0.0001));
#14522=CARTESIAN_POINT('',(0.334346132442159,-2.2888339128884,0.));
#14523=CARTESIAN_POINT('Ctrl Pts',(0.334346132442159,-2.2888339128884,0.));
#14524=CARTESIAN_POINT('Ctrl Pts',(0.344355756857503,-2.2888339128884,0.));
#14525=CARTESIAN_POINT('Ctrl Pts',(0.357830251262773,-2.27227953404764,
0.));
#14526=CARTESIAN_POINT('Ctrl Pts',(0.357830251262773,-2.25283776354861,
0.));
#14527=CARTESIAN_POINT('',(0.334346132442159,-2.2888339128884,0.0001));
#14528=CARTESIAN_POINT('',(0.334346132442159,-2.2888339128884,0.));
#14529=CARTESIAN_POINT('Ctrl Pts',(0.357830251262773,-2.25283776354861,
0.0001));
#14530=CARTESIAN_POINT('Ctrl Pts',(0.357830251262773,-2.27227953404764,
0.0001));
#14531=CARTESIAN_POINT('Ctrl Pts',(0.344355756857503,-2.2888339128884,0.0001));
#14532=CARTESIAN_POINT('Ctrl Pts',(0.334346132442159,-2.2888339128884,0.0001));
#14533=CARTESIAN_POINT('Ctrl Pts',(0.309707056958237,-2.25341524188027,
0.));
#14534=CARTESIAN_POINT('Ctrl Pts',(0.309707056958237,-2.25341524188027,
0.0001));
#14535=CARTESIAN_POINT('Ctrl Pts',(0.309707056958237,-2.27208704127043,
0.));
#14536=CARTESIAN_POINT('Ctrl Pts',(0.309707056958237,-2.27208704127043,
0.0001));
#14537=CARTESIAN_POINT('Ctrl Pts',(0.323759029695162,-2.2888339128884,0.));
#14538=CARTESIAN_POINT('Ctrl Pts',(0.323759029695162,-2.2888339128884,0.0001));
#14539=CARTESIAN_POINT('Ctrl Pts',(0.334346132442159,-2.2888339128884,0.));
#14540=CARTESIAN_POINT('Ctrl Pts',(0.334346132442159,-2.2888339128884,0.0001));
#14541=CARTESIAN_POINT('Ctrl Pts',(0.309707056958237,-2.25341524188027,
0.));
#14542=CARTESIAN_POINT('Ctrl Pts',(0.309707056958237,-2.27208704127043,
0.));
#14543=CARTESIAN_POINT('Ctrl Pts',(0.323759029695162,-2.2888339128884,0.));
#14544=CARTESIAN_POINT('Ctrl Pts',(0.334346132442159,-2.2888339128884,0.));
#14545=CARTESIAN_POINT('Ctrl Pts',(0.334346132442159,-2.2888339128884,0.0001));
#14546=CARTESIAN_POINT('Ctrl Pts',(0.323759029695162,-2.2888339128884,0.0001));
#14547=CARTESIAN_POINT('Ctrl Pts',(0.309707056958237,-2.27208704127043,
0.0001));
#14548=CARTESIAN_POINT('Ctrl Pts',(0.309707056958237,-2.25341524188027,
0.0001));
#14549=CARTESIAN_POINT('Origin',(0.310092042512673,-2.1954749159376,0.));
#14550=CARTESIAN_POINT('',(0.310092042512673,-2.12617751613907,0.));
#14551=CARTESIAN_POINT('',(0.310092042512673,-2.1954749159376,0.));
#14552=CARTESIAN_POINT('',(0.310092042512673,-2.12617751613907,0.));
#14553=CARTESIAN_POINT('',(0.310092042512673,-2.12617751613907,0.0001));
#14554=CARTESIAN_POINT('',(0.310092042512673,-2.12617751613907,0.));
#14555=CARTESIAN_POINT('',(0.310092042512673,-2.1954749159376,0.0001));
#14556=CARTESIAN_POINT('',(0.310092042512673,-2.12617751613907,0.0001));
#14557=CARTESIAN_POINT('',(0.310092042512673,-2.1954749159376,0.));
#14558=CARTESIAN_POINT('Ctrl Pts',(0.352440453500665,-2.17795807321075,
0.));
#14559=CARTESIAN_POINT('Ctrl Pts',(0.352440453500665,-2.17795807321075,
0.0001));
#14560=CARTESIAN_POINT('Ctrl Pts',(0.339543437427049,-2.17795807321075,
0.));
#14561=CARTESIAN_POINT('Ctrl Pts',(0.339543437427049,-2.17795807321075,
0.0001));
#14562=CARTESIAN_POINT('Ctrl Pts',(0.318369231933053,-2.18662024818557,
0.));
#14563=CARTESIAN_POINT('Ctrl Pts',(0.318369231933053,-2.18662024818557,
0.0001));
#14564=CARTESIAN_POINT('Ctrl Pts',(0.310092042512673,-2.1954749159376,0.));
#14565=CARTESIAN_POINT('Ctrl Pts',(0.310092042512673,-2.1954749159376,0.0001));
#14566=CARTESIAN_POINT('',(0.352440453500665,-2.17795807321075,0.));
#14567=CARTESIAN_POINT('Ctrl Pts',(0.310092042512673,-2.1954749159376,0.));
#14568=CARTESIAN_POINT('Ctrl Pts',(0.318369231933053,-2.18662024818557,
0.));
#14569=CARTESIAN_POINT('Ctrl Pts',(0.339543437427049,-2.17795807321075,
0.));
#14570=CARTESIAN_POINT('Ctrl Pts',(0.352440453500665,-2.17795807321075,
0.));
#14571=CARTESIAN_POINT('',(0.352440453500665,-2.17795807321075,0.0001));
#14572=CARTESIAN_POINT('Ctrl Pts',(0.352440453500665,-2.17795807321075,
0.0001));
#14573=CARTESIAN_POINT('Ctrl Pts',(0.339543437427049,-2.17795807321075,
0.0001));
#14574=CARTESIAN_POINT('Ctrl Pts',(0.318369231933053,-2.18662024818557,
0.0001));
#14575=CARTESIAN_POINT('Ctrl Pts',(0.310092042512673,-2.1954749159376,0.0001));
#14576=CARTESIAN_POINT('',(0.352440453500665,-2.17795807321075,0.));
#14577=CARTESIAN_POINT('Ctrl Pts',(0.413460663878817,-2.2516828068853,0.));
#14578=CARTESIAN_POINT('Ctrl Pts',(0.413460663878817,-2.2516828068853,0.0001));
#14579=CARTESIAN_POINT('Ctrl Pts',(0.413460663878817,-2.21607164309995,
0.));
#14580=CARTESIAN_POINT('Ctrl Pts',(0.413460663878817,-2.21607164309995,
0.0001));
#14581=CARTESIAN_POINT('Ctrl Pts',(0.378811963979551,-2.17795807321075,
0.));
#14582=CARTESIAN_POINT('Ctrl Pts',(0.378811963979551,-2.17795807321075,
0.0001));
#14583=CARTESIAN_POINT('Ctrl Pts',(0.352440453500665,-2.17795807321075,
0.));
#14584=CARTESIAN_POINT('Ctrl Pts',(0.352440453500665,-2.17795807321075,
0.0001));
#14585=CARTESIAN_POINT('',(0.413460663878817,-2.2516828068853,0.));
#14586=CARTESIAN_POINT('Ctrl Pts',(0.352440453500665,-2.17795807321075,
0.));
#14587=CARTESIAN_POINT('Ctrl Pts',(0.378811963979551,-2.17795807321075,
0.));
#14588=CARTESIAN_POINT('Ctrl Pts',(0.413460663878817,-2.21607164309995,
0.));
#14589=CARTESIAN_POINT('Ctrl Pts',(0.413460663878817,-2.2516828068853,0.));
#14590=CARTESIAN_POINT('',(0.413460663878817,-2.2516828068853,0.0001));
#14591=CARTESIAN_POINT('Ctrl Pts',(0.413460663878817,-2.2516828068853,0.0001));
#14592=CARTESIAN_POINT('Ctrl Pts',(0.413460663878817,-2.21607164309995,
0.0001));
#14593=CARTESIAN_POINT('Ctrl Pts',(0.378811963979551,-2.17795807321075,
0.0001));
#14594=CARTESIAN_POINT('Ctrl Pts',(0.352440453500665,-2.17795807321075,
0.0001));
#14595=CARTESIAN_POINT('',(0.413460663878817,-2.2516828068853,0.));
#14596=CARTESIAN_POINT('Ctrl Pts',(0.352632946277883,-2.32944988888143,
0.));
#14597=CARTESIAN_POINT('Ctrl Pts',(0.352632946277883,-2.32944988888143,
0.0001));
#14598=CARTESIAN_POINT('Ctrl Pts',(0.369764803450298,-2.32944988888143,
0.));
#14599=CARTESIAN_POINT('Ctrl Pts',(0.369764803450298,-2.32944988888143,
0.0001));
#14600=CARTESIAN_POINT('Ctrl Pts',(0.397676256146929,-2.31154806060015,
0.));
#14601=CARTESIAN_POINT('Ctrl Pts',(0.397676256146929,-2.31154806060015,
0.0001));
#14602=CARTESIAN_POINT('Ctrl Pts',(0.413460663878817,-2.27535941848313,
0.));
#14603=CARTESIAN_POINT('Ctrl Pts',(0.413460663878817,-2.27535941848313,
0.0001));
#14604=CARTESIAN_POINT('Ctrl Pts',(0.413460663878817,-2.2516828068853,0.));
#14605=CARTESIAN_POINT('Ctrl Pts',(0.413460663878817,-2.2516828068853,0.0001));
#14606=CARTESIAN_POINT('',(0.352632946277883,-2.32944988888143,0.));
#14607=CARTESIAN_POINT('Ctrl Pts',(0.413460663878817,-2.2516828068853,0.));
#14608=CARTESIAN_POINT('Ctrl Pts',(0.413460663878817,-2.27535941848313,
0.));
#14609=CARTESIAN_POINT('Ctrl Pts',(0.397676256146929,-2.31154806060015,
0.));
#14610=CARTESIAN_POINT('Ctrl Pts',(0.369764803450298,-2.32944988888143,
0.));
#14611=CARTESIAN_POINT('Ctrl Pts',(0.352632946277883,-2.32944988888143,
0.));
#14612=CARTESIAN_POINT('',(0.352632946277883,-2.32944988888143,0.0001));
#14613=CARTESIAN_POINT('Ctrl Pts',(0.352632946277883,-2.32944988888143,
0.0001));
#14614=CARTESIAN_POINT('Ctrl Pts',(0.369764803450298,-2.32944988888143,
0.0001));
#14615=CARTESIAN_POINT('Ctrl Pts',(0.397676256146929,-2.31154806060015,
0.0001));
#14616=CARTESIAN_POINT('Ctrl Pts',(0.413460663878817,-2.27535941848313,
0.0001));
#14617=CARTESIAN_POINT('Ctrl Pts',(0.413460663878817,-2.2516828068853,0.0001));
#14618=CARTESIAN_POINT('',(0.352632946277883,-2.32944988888143,0.));
#14619=CARTESIAN_POINT('Ctrl Pts',(0.325876450244561,-2.32309762723323,
0.));
#14620=CARTESIAN_POINT('Ctrl Pts',(0.325876450244561,-2.32309762723323,
0.0001));
#14621=CARTESIAN_POINT('Ctrl Pts',(0.338003495209304,-2.32944988888143,
0.));
#14622=CARTESIAN_POINT('Ctrl Pts',(0.338003495209304,-2.32944988888143,
0.0001));
#14623=CARTESIAN_POINT('Ctrl Pts',(0.352632946277883,-2.32944988888143,
0.));
#14624=CARTESIAN_POINT('Ctrl Pts',(0.352632946277883,-2.32944988888143,
0.0001));
#14625=CARTESIAN_POINT('',(0.325876450244561,-2.32309762723323,0.));
#14626=CARTESIAN_POINT('Ctrl Pts',(0.352632946277883,-2.32944988888143,
0.));
#14627=CARTESIAN_POINT('Ctrl Pts',(0.338003495209304,-2.32944988888143,
0.));
#14628=CARTESIAN_POINT('Ctrl Pts',(0.325876450244561,-2.32309762723323,
0.));
#14629=CARTESIAN_POINT('',(0.325876450244561,-2.32309762723323,0.0001));
#14630=CARTESIAN_POINT('Ctrl Pts',(0.325876450244561,-2.32309762723323,
0.0001));
#14631=CARTESIAN_POINT('Ctrl Pts',(0.338003495209304,-2.32944988888143,
0.0001));
#14632=CARTESIAN_POINT('Ctrl Pts',(0.352632946277883,-2.32944988888143,
0.0001));
#14633=CARTESIAN_POINT('',(0.325876450244561,-2.32309762723323,0.));
#14634=CARTESIAN_POINT('Ctrl Pts',(0.306049694191092,-2.30481081339751,
0.));
#14635=CARTESIAN_POINT('Ctrl Pts',(0.306049694191092,-2.30481081339751,
0.0001));
#14636=CARTESIAN_POINT('Ctrl Pts',(0.316829289715308,-2.31828530780278,
0.));
#14637=CARTESIAN_POINT('Ctrl Pts',(0.316829289715308,-2.31828530780278,
0.0001));
#14638=CARTESIAN_POINT('Ctrl Pts',(0.325876450244561,-2.32309762723323,
0.));
#14639=CARTESIAN_POINT('Ctrl Pts',(0.325876450244561,-2.32309762723323,
0.0001));
#14640=CARTESIAN_POINT('',(0.306049694191092,-2.30481081339751,0.));
#14641=CARTESIAN_POINT('Ctrl Pts',(0.325876450244561,-2.32309762723323,
0.));
#14642=CARTESIAN_POINT('Ctrl Pts',(0.316829289715308,-2.31828530780278,
0.));
#14643=CARTESIAN_POINT('Ctrl Pts',(0.306049694191092,-2.30481081339751,
0.));
#14644=CARTESIAN_POINT('',(0.306049694191092,-2.30481081339751,0.0001));
#14645=CARTESIAN_POINT('Ctrl Pts',(0.306049694191092,-2.30481081339751,
0.0001));
#14646=CARTESIAN_POINT('Ctrl Pts',(0.316829289715308,-2.31828530780278,
0.0001));
#14647=CARTESIAN_POINT('Ctrl Pts',(0.325876450244561,-2.32309762723323,
0.0001));
#14648=CARTESIAN_POINT('',(0.306049694191092,-2.30481081339751,0.));
#14649=CARTESIAN_POINT('Origin',(0.306049694191092,-2.32617751166872,0.));
#14650=CARTESIAN_POINT('',(0.306049694191092,-2.32617751166872,0.));
#14651=CARTESIAN_POINT('',(0.306049694191092,-2.30481081339751,0.));
#14652=CARTESIAN_POINT('',(0.306049694191092,-2.32617751166872,0.0001));
#14653=CARTESIAN_POINT('',(0.306049694191092,-2.30481081339751,0.0001));
#14654=CARTESIAN_POINT('',(0.306049694191092,-2.32617751166872,0.));
#14655=CARTESIAN_POINT('Origin',(0.254076644342193,-2.32617751166872,0.));
#14656=CARTESIAN_POINT('',(0.254076644342193,-2.32617751166872,0.));
#14657=CARTESIAN_POINT('',(0.306049694191092,-2.32617751166872,0.));
#14658=CARTESIAN_POINT('',(0.254076644342193,-2.32617751166872,0.0001));
#14659=CARTESIAN_POINT('',(0.306049694191092,-2.32617751166872,0.0001));
#14660=CARTESIAN_POINT('',(0.254076644342193,-2.32617751166872,0.));
#14661=CARTESIAN_POINT('Origin',(0.254076644342193,-2.12617751613907,0.));
#14662=CARTESIAN_POINT('',(0.254076644342193,-2.12617751613907,0.));
#14663=CARTESIAN_POINT('',(0.254076644342193,-2.32617751166872,0.));
#14664=CARTESIAN_POINT('',(0.254076644342193,-2.12617751613907,0.0001));
#14665=CARTESIAN_POINT('',(0.254076644342193,-2.32617751166872,0.0001));
#14666=CARTESIAN_POINT('',(0.254076644342193,-2.12617751613907,0.));
#14667=CARTESIAN_POINT('Origin',(0.310092042512673,-2.12617751613907,0.));
#14668=CARTESIAN_POINT('',(0.254076644342193,-2.12617751613907,0.));
#14669=CARTESIAN_POINT('',(0.254076644342193,-2.12617751613907,0.0001));
#14670=CARTESIAN_POINT('Origin',(0.311160852868915,-2.23217916336041,0.));
#14671=CARTESIAN_POINT('Origin',(0.311160852868915,-2.23217916336041,0.0001));
#14672=CARTESIAN_POINT('Origin',(0.165914963365711,-2.26631225795388,0.));
#14673=CARTESIAN_POINT('',(0.165914963365711,-2.26631225795388,0.));
#14674=CARTESIAN_POINT('',(0.165914963365711,-2.25745759020185,0.));
#14675=CARTESIAN_POINT('',(0.165914963365711,-2.26002384351726,0.));
#14676=CARTESIAN_POINT('',(0.165914963365711,-2.26631225795388,0.0001));
#14677=CARTESIAN_POINT('',(0.165914963365711,-2.26631225795388,0.));
#14678=CARTESIAN_POINT('',(0.165914963365711,-2.25745759020185,0.0001));
#14679=CARTESIAN_POINT('',(0.165914963365711,-2.26002384351726,0.0001));
#14680=CARTESIAN_POINT('',(0.165914963365711,-2.25745759020185,0.));
#14681=CARTESIAN_POINT('Ctrl Pts',(0.133961162347499,-2.29865104452653,
0.));
#14682=CARTESIAN_POINT('Ctrl Pts',(0.133961162347499,-2.29865104452653,
0.0001));
#14683=CARTESIAN_POINT('Ctrl Pts',(0.143393308431188,-2.29865104452653,
0.));
#14684=CARTESIAN_POINT('Ctrl Pts',(0.143393308431188,-2.29865104452653,
0.0001));
#14685=CARTESIAN_POINT('Ctrl Pts',(0.159177716163076,-2.28960388399728,
0.));
#14686=CARTESIAN_POINT('Ctrl Pts',(0.159177716163076,-2.28960388399728,
0.0001));
#14687=CARTESIAN_POINT('Ctrl Pts',(0.165914963365711,-2.27670686792366,
0.));
#14688=CARTESIAN_POINT('Ctrl Pts',(0.165914963365711,-2.27670686792366,
0.0001));
#14689=CARTESIAN_POINT('Ctrl Pts',(0.165914963365711,-2.26631225795388,
0.));
#14690=CARTESIAN_POINT('Ctrl Pts',(0.165914963365711,-2.26631225795388,
0.0001));
#14691=CARTESIAN_POINT('',(0.133961162347499,-2.29865104452653,0.));
#14692=CARTESIAN_POINT('Ctrl Pts',(0.133961162347499,-2.29865104452653,
0.));
#14693=CARTESIAN_POINT('Ctrl Pts',(0.143393308431188,-2.29865104452653,
0.));
#14694=CARTESIAN_POINT('Ctrl Pts',(0.159177716163076,-2.28960388399728,
0.));
#14695=CARTESIAN_POINT('Ctrl Pts',(0.165914963365711,-2.27670686792366,
0.));
#14696=CARTESIAN_POINT('Ctrl Pts',(0.165914963365711,-2.26631225795388,
0.));
#14697=CARTESIAN_POINT('',(0.133961162347499,-2.29865104452653,0.0001));
#14698=CARTESIAN_POINT('',(0.133961162347499,-2.29865104452653,0.));
#14699=CARTESIAN_POINT('Ctrl Pts',(0.165914963365711,-2.26631225795388,
0.0001));
#14700=CARTESIAN_POINT('Ctrl Pts',(0.165914963365711,-2.27670686792366,
0.0001));
#14701=CARTESIAN_POINT('Ctrl Pts',(0.159177716163076,-2.28960388399728,
0.0001));
#14702=CARTESIAN_POINT('Ctrl Pts',(0.143393308431188,-2.29865104452653,
0.0001));
#14703=CARTESIAN_POINT('Ctrl Pts',(0.133961162347499,-2.29865104452653,
0.0001));
#14704=CARTESIAN_POINT('Ctrl Pts',(0.116059334066211,-2.28382910068073,
0.));
#14705=CARTESIAN_POINT('Ctrl Pts',(0.116059334066211,-2.28382910068073,
0.0001));
#14706=CARTESIAN_POINT('Ctrl Pts',(0.116059334066211,-2.29037385510615,
0.));
#14707=CARTESIAN_POINT('Ctrl Pts',(0.116059334066211,-2.29037385510615,
0.0001));
#14708=CARTESIAN_POINT('Ctrl Pts',(0.125106494595464,-2.29865104452653,
0.));
#14709=CARTESIAN_POINT('Ctrl Pts',(0.125106494595464,-2.29865104452653,
0.0001));
#14710=CARTESIAN_POINT('Ctrl Pts',(0.133961162347499,-2.29865104452653,
0.));
#14711=CARTESIAN_POINT('Ctrl Pts',(0.133961162347499,-2.29865104452653,
0.0001));
#14712=CARTESIAN_POINT('',(0.116059334066211,-2.28382910068073,0.));
#14713=CARTESIAN_POINT('Ctrl Pts',(0.116059334066211,-2.28382910068073,
0.));
#14714=CARTESIAN_POINT('Ctrl Pts',(0.116059334066211,-2.29037385510615,
0.));
#14715=CARTESIAN_POINT('Ctrl Pts',(0.125106494595464,-2.29865104452653,
0.));
#14716=CARTESIAN_POINT('Ctrl Pts',(0.133961162347499,-2.29865104452653,
0.));
#14717=CARTESIAN_POINT('',(0.116059334066211,-2.28382910068073,0.0001));
#14718=CARTESIAN_POINT('',(0.116059334066211,-2.28382910068073,0.));
#14719=CARTESIAN_POINT('Ctrl Pts',(0.133961162347499,-2.29865104452653,
0.0001));
#14720=CARTESIAN_POINT('Ctrl Pts',(0.125106494595464,-2.29865104452653,
0.0001));
#14721=CARTESIAN_POINT('Ctrl Pts',(0.116059334066211,-2.29037385510615,
0.0001));
#14722=CARTESIAN_POINT('Ctrl Pts',(0.116059334066211,-2.28382910068073,
0.0001));
#14723=CARTESIAN_POINT('Ctrl Pts',(0.120679160719447,-2.27362698348817,
0.));
#14724=CARTESIAN_POINT('Ctrl Pts',(0.120679160719447,-2.27362698348817,
0.0001));
#14725=CARTESIAN_POINT('Ctrl Pts',(0.116059334066211,-2.27805431736419,
0.));
#14726=CARTESIAN_POINT('Ctrl Pts',(0.116059334066211,-2.27805431736419,
0.0001));
#14727=CARTESIAN_POINT('Ctrl Pts',(0.116059334066211,-2.28382910068073,
0.));
#14728=CARTESIAN_POINT('Ctrl Pts',(0.116059334066211,-2.28382910068073,
0.0001));
#14729=CARTESIAN_POINT('',(0.120679160719447,-2.27362698348817,0.));
#14730=CARTESIAN_POINT('Ctrl Pts',(0.120679160719447,-2.27362698348817,
0.));
#14731=CARTESIAN_POINT('Ctrl Pts',(0.116059334066211,-2.27805431736419,
0.));
#14732=CARTESIAN_POINT('Ctrl Pts',(0.116059334066211,-2.28382910068073,
0.));
#14733=CARTESIAN_POINT('',(0.120679160719447,-2.27362698348817,0.0001));
#14734=CARTESIAN_POINT('',(0.120679160719447,-2.27362698348817,0.));
#14735=CARTESIAN_POINT('Ctrl Pts',(0.116059334066211,-2.28382910068073,
0.0001));
#14736=CARTESIAN_POINT('Ctrl Pts',(0.116059334066211,-2.27805431736419,
0.0001));
#14737=CARTESIAN_POINT('Ctrl Pts',(0.120679160719447,-2.27362698348817,
0.0001));
#14738=CARTESIAN_POINT('Ctrl Pts',(0.142045858990661,-2.26477231573614,
0.));
#14739=CARTESIAN_POINT('Ctrl Pts',(0.142045858990661,-2.26477231573614,
0.0001));
#14740=CARTESIAN_POINT('Ctrl Pts',(0.125106494595464,-2.26919964961215,
0.));
#14741=CARTESIAN_POINT('Ctrl Pts',(0.125106494595464,-2.26919964961215,
0.0001));
#14742=CARTESIAN_POINT('Ctrl Pts',(0.120679160719447,-2.27362698348817,
0.));
#14743=CARTESIAN_POINT('Ctrl Pts',(0.120679160719447,-2.27362698348817,
0.0001));
#14744=CARTESIAN_POINT('',(0.142045858990661,-2.26477231573614,0.));
#14745=CARTESIAN_POINT('Ctrl Pts',(0.142045858990661,-2.26477231573614,
0.));
#14746=CARTESIAN_POINT('Ctrl Pts',(0.125106494595464,-2.26919964961215,
0.));
#14747=CARTESIAN_POINT('Ctrl Pts',(0.120679160719447,-2.27362698348817,
0.));
#14748=CARTESIAN_POINT('',(0.142045858990661,-2.26477231573614,0.0001));
#14749=CARTESIAN_POINT('',(0.142045858990661,-2.26477231573614,0.));
#14750=CARTESIAN_POINT('Ctrl Pts',(0.120679160719447,-2.27362698348817,
0.0001));
#14751=CARTESIAN_POINT('Ctrl Pts',(0.125106494595464,-2.26919964961215,
0.0001));
#14752=CARTESIAN_POINT('Ctrl Pts',(0.142045858990661,-2.26477231573614,
0.0001));
#14753=CARTESIAN_POINT('Ctrl Pts',(0.165914963365711,-2.25745759020185,
0.));
#14754=CARTESIAN_POINT('Ctrl Pts',(0.165914963365711,-2.25745759020185,
0.0001));
#14755=CARTESIAN_POINT('Ctrl Pts',(0.15455788950984,-2.26149993852343,0.));
#14756=CARTESIAN_POINT('Ctrl Pts',(0.15455788950984,-2.26149993852343,0.0001));
#14757=CARTESIAN_POINT('Ctrl Pts',(0.142045858990661,-2.26477231573614,
0.));
#14758=CARTESIAN_POINT('Ctrl Pts',(0.142045858990661,-2.26477231573614,
0.0001));
#14759=CARTESIAN_POINT('Ctrl Pts',(0.165914963365711,-2.25745759020185,
0.));
#14760=CARTESIAN_POINT('Ctrl Pts',(0.15455788950984,-2.26149993852343,0.));
#14761=CARTESIAN_POINT('Ctrl Pts',(0.142045858990661,-2.26477231573614,
0.));
#14762=CARTESIAN_POINT('Ctrl Pts',(0.142045858990661,-2.26477231573614,
0.0001));
#14763=CARTESIAN_POINT('Ctrl Pts',(0.15455788950984,-2.26149993852343,0.0001));
#14764=CARTESIAN_POINT('Ctrl Pts',(0.165914963365711,-2.25745759020185,
0.0001));
#14765=CARTESIAN_POINT('Ctrl Pts',(0.0898803163645437,-2.18681274096279,
0.));
#14766=CARTESIAN_POINT('Ctrl Pts',(0.0898803163645437,-2.18681274096279,
0.0001));
#14767=CARTESIAN_POINT('Ctrl Pts',(0.0791007208403276,-2.19278001705655,
0.));
#14768=CARTESIAN_POINT('Ctrl Pts',(0.0791007208403276,-2.19278001705655,
0.0001));
#14769=CARTESIAN_POINT('Ctrl Pts',(0.0679361397616752,-2.20875691756566,
0.));
#14770=CARTESIAN_POINT('Ctrl Pts',(0.0679361397616752,-2.20875691756566,
0.0001));
#14771=CARTESIAN_POINT('Ctrl Pts',(0.0648562553261849,-2.22280889030258,
0.));
#14772=CARTESIAN_POINT('Ctrl Pts',(0.0648562553261849,-2.22280889030258,
0.0001));
#14773=CARTESIAN_POINT('',(0.0648562553261849,-2.22280889030258,0.));
#14774=CARTESIAN_POINT('',(0.0898803163645437,-2.18681274096279,0.));
#14775=CARTESIAN_POINT('Ctrl Pts',(0.0648562553261849,-2.22280889030258,
0.));
#14776=CARTESIAN_POINT('Ctrl Pts',(0.0679361397616752,-2.20875691756566,
0.));
#14777=CARTESIAN_POINT('Ctrl Pts',(0.0791007208403276,-2.19278001705655,
0.));
#14778=CARTESIAN_POINT('Ctrl Pts',(0.0898803163645437,-2.18681274096279,
0.));
#14779=CARTESIAN_POINT('',(0.0648562553261849,-2.22280889030258,0.0001));
#14780=CARTESIAN_POINT('',(0.0648562553261849,-2.22280889030258,0.));
#14781=CARTESIAN_POINT('',(0.0898803163645437,-2.18681274096279,0.0001));
#14782=CARTESIAN_POINT('Ctrl Pts',(0.0898803163645437,-2.18681274096279,
0.0001));
#14783=CARTESIAN_POINT('Ctrl Pts',(0.0791007208403276,-2.19278001705655,
0.0001));
#14784=CARTESIAN_POINT('Ctrl Pts',(0.0679361397616752,-2.20875691756566,
0.0001));
#14785=CARTESIAN_POINT('Ctrl Pts',(0.0648562553261849,-2.22280889030258,
0.0001));
#14786=CARTESIAN_POINT('',(0.0898803163645437,-2.18681274096279,0.));
#14787=CARTESIAN_POINT('Ctrl Pts',(0.139735945664043,-2.17795807321075,
0.));
#14788=CARTESIAN_POINT('Ctrl Pts',(0.139735945664043,-2.17795807321075,
0.0001));
#14789=CARTESIAN_POINT('Ctrl Pts',(0.124144030709373,-2.17795807321075,
0.));
#14790=CARTESIAN_POINT('Ctrl Pts',(0.124144030709373,-2.17795807321075,
0.0001));
#14791=CARTESIAN_POINT('Ctrl Pts',(0.0973875346760513,-2.18257789986399,
0.));
#14792=CARTESIAN_POINT('Ctrl Pts',(0.0973875346760513,-2.18257789986399,
0.0001));
#14793=CARTESIAN_POINT('Ctrl Pts',(0.0898803163645437,-2.18681274096279,
0.));
#14794=CARTESIAN_POINT('Ctrl Pts',(0.0898803163645437,-2.18681274096279,
0.0001));
#14795=CARTESIAN_POINT('',(0.139735945664043,-2.17795807321075,0.));
#14796=CARTESIAN_POINT('Ctrl Pts',(0.0898803163645437,-2.18681274096279,
0.));
#14797=CARTESIAN_POINT('Ctrl Pts',(0.0973875346760513,-2.18257789986399,
0.));
#14798=CARTESIAN_POINT('Ctrl Pts',(0.124144030709373,-2.17795807321075,
0.));
#14799=CARTESIAN_POINT('Ctrl Pts',(0.139735945664043,-2.17795807321075,
0.));
#14800=CARTESIAN_POINT('',(0.139735945664043,-2.17795807321075,0.0001));
#14801=CARTESIAN_POINT('Origin',(0.137786991252646,-2.19299745534057,0.0001));
#14802=CARTESIAN_POINT('',(0.139735945664043,-2.17795807321075,0.));
#14803=CARTESIAN_POINT('Ctrl Pts',(0.204990997140994,-2.19239503150211,
0.));
#14804=CARTESIAN_POINT('Ctrl Pts',(0.204990997140994,-2.19239503150211,
0.0001));
#14805=CARTESIAN_POINT('Ctrl Pts',(0.194788879948432,-2.18354036375008,
0.));
#14806=CARTESIAN_POINT('Ctrl Pts',(0.194788879948432,-2.18354036375008,
0.0001));
#14807=CARTESIAN_POINT('Ctrl Pts',(0.164567513925183,-2.17795807321075,
0.));
#14808=CARTESIAN_POINT('Ctrl Pts',(0.164567513925183,-2.17795807321075,
0.0001));
#14809=CARTESIAN_POINT('Ctrl Pts',(0.139735945664043,-2.17795807321075,
0.));
#14810=CARTESIAN_POINT('Ctrl Pts',(0.139735945664043,-2.17795807321075,
0.0001));
#14811=CARTESIAN_POINT('',(0.204990997140994,-2.19239503150211,0.));
#14812=CARTESIAN_POINT('Ctrl Pts',(0.139735945664043,-2.17795807321075,
0.));
#14813=CARTESIAN_POINT('Ctrl Pts',(0.164567513925183,-2.17795807321075,
0.));
#14814=CARTESIAN_POINT('Ctrl Pts',(0.194788879948432,-2.18354036375008,
0.));
#14815=CARTESIAN_POINT('Ctrl Pts',(0.204990997140994,-2.19239503150211,
0.));
#14816=CARTESIAN_POINT('',(0.204990997140994,-2.19239503150211,0.0001));
#14817=CARTESIAN_POINT('Ctrl Pts',(0.204990997140994,-2.19239503150211,
0.0001));
#14818=CARTESIAN_POINT('Ctrl Pts',(0.194788879948432,-2.18354036375008,
0.0001));
#14819=CARTESIAN_POINT('Ctrl Pts',(0.164567513925183,-2.17795807321075,
0.0001));
#14820=CARTESIAN_POINT('Ctrl Pts',(0.139735945664043,-2.17795807321075,
0.0001));
#14821=CARTESIAN_POINT('',(0.204990997140994,-2.19239503150211,0.));
#14822=CARTESIAN_POINT('Ctrl Pts',(0.220197926541227,-2.23127857250018,
0.));
#14823=CARTESIAN_POINT('Ctrl Pts',(0.220197926541227,-2.23127857250018,
0.0001));
#14824=CARTESIAN_POINT('Ctrl Pts',(0.220197926541227,-2.22107645530762,
0.));
#14825=CARTESIAN_POINT('Ctrl Pts',(0.220197926541227,-2.22107645530762,
0.0001));
#14826=CARTESIAN_POINT('Ctrl Pts',(0.212113229898065,-2.19855480037309,
0.));
#14827=CARTESIAN_POINT('Ctrl Pts',(0.212113229898065,-2.19855480037309,
0.0001));
#14828=CARTESIAN_POINT('Ctrl Pts',(0.204990997140994,-2.19239503150211,
0.));
#14829=CARTESIAN_POINT('Ctrl Pts',(0.204990997140994,-2.19239503150211,
0.0001));
#14830=CARTESIAN_POINT('',(0.220197926541227,-2.23127857250018,0.));
#14831=CARTESIAN_POINT('Ctrl Pts',(0.204990997140994,-2.19239503150211,
0.));
#14832=CARTESIAN_POINT('Ctrl Pts',(0.212113229898065,-2.19855480037309,
0.));
#14833=CARTESIAN_POINT('Ctrl Pts',(0.220197926541227,-2.22107645530762,
0.));
#14834=CARTESIAN_POINT('Ctrl Pts',(0.220197926541227,-2.23127857250018,
0.));
#14835=CARTESIAN_POINT('',(0.220197926541227,-2.23127857250018,0.0001));
#14836=CARTESIAN_POINT('Ctrl Pts',(0.220197926541227,-2.23127857250018,
0.0001));
#14837=CARTESIAN_POINT('Ctrl Pts',(0.220197926541227,-2.22107645530762,
0.0001));
#14838=CARTESIAN_POINT('Ctrl Pts',(0.212113229898065,-2.19855480037309,
0.0001));
#14839=CARTESIAN_POINT('Ctrl Pts',(0.204990997140994,-2.19239503150211,
0.0001));
#14840=CARTESIAN_POINT('',(0.220197926541227,-2.23127857250018,0.));
#14841=CARTESIAN_POINT('Origin',(0.220197926541227,-2.29537866731382,0.));
#14842=CARTESIAN_POINT('',(0.220197926541227,-2.29537866731382,0.));
#14843=CARTESIAN_POINT('',(0.220197926541227,-2.23127857250018,0.));
#14844=CARTESIAN_POINT('',(0.220197926541227,-2.29537866731382,0.0001));
#14845=CARTESIAN_POINT('',(0.220197926541227,-2.23127857250018,0.0001));
#14846=CARTESIAN_POINT('',(0.220197926541227,-2.29537866731382,0.));
#14847=CARTESIAN_POINT('Ctrl Pts',(0.22712766652108,-2.32617751166872,0.));
#14848=CARTESIAN_POINT('Ctrl Pts',(0.22712766652108,-2.32617751166872,0.0001));
#14849=CARTESIAN_POINT('Ctrl Pts',(0.222700332645063,-2.31713035113947,
0.));
#14850=CARTESIAN_POINT('Ctrl Pts',(0.222700332645063,-2.31713035113947,
0.0001));
#14851=CARTESIAN_POINT('Ctrl Pts',(0.220197926541227,-2.30558078450638,
0.));
#14852=CARTESIAN_POINT('Ctrl Pts',(0.220197926541227,-2.30558078450638,
0.0001));
#14853=CARTESIAN_POINT('Ctrl Pts',(0.220197926541227,-2.29537866731382,
0.));
#14854=CARTESIAN_POINT('Ctrl Pts',(0.220197926541227,-2.29537866731382,
0.0001));
#14855=CARTESIAN_POINT('',(0.22712766652108,-2.32617751166872,0.));
#14856=CARTESIAN_POINT('Ctrl Pts',(0.220197926541227,-2.29537866731382,
0.));
#14857=CARTESIAN_POINT('Ctrl Pts',(0.220197926541227,-2.30558078450638,
0.));
#14858=CARTESIAN_POINT('Ctrl Pts',(0.222700332645063,-2.31713035113947,
0.));
#14859=CARTESIAN_POINT('Ctrl Pts',(0.22712766652108,-2.32617751166872,0.));
#14860=CARTESIAN_POINT('',(0.22712766652108,-2.32617751166872,0.0001));
#14861=CARTESIAN_POINT('Ctrl Pts',(0.22712766652108,-2.32617751166872,0.0001));
#14862=CARTESIAN_POINT('Ctrl Pts',(0.222700332645063,-2.31713035113947,
0.0001));
#14863=CARTESIAN_POINT('Ctrl Pts',(0.220197926541227,-2.30558078450638,
0.0001));
#14864=CARTESIAN_POINT('Ctrl Pts',(0.220197926541227,-2.29537866731382,
0.0001));
#14865=CARTESIAN_POINT('',(0.22712766652108,-2.32617751166872,0.));
#14866=CARTESIAN_POINT('Origin',(0.174962123894963,-2.32617751166872,0.));
#14867=CARTESIAN_POINT('',(0.174962123894963,-2.32617751166872,0.));
#14868=CARTESIAN_POINT('',(0.22712766652108,-2.32617751166872,0.));
#14869=CARTESIAN_POINT('',(0.174962123894963,-2.32617751166872,0.0001));
#14870=CARTESIAN_POINT('',(0.22712766652108,-2.32617751166872,0.0001));
#14871=CARTESIAN_POINT('',(0.174962123894963,-2.32617751166872,0.));
#14872=CARTESIAN_POINT('Ctrl Pts',(0.168994847801201,-2.30846817616466,
0.));
#14873=CARTESIAN_POINT('Ctrl Pts',(0.168994847801201,-2.30846817616466,
0.0001));
#14874=CARTESIAN_POINT('Ctrl Pts',(0.169957311687292,-2.31482043781285,
0.));
#14875=CARTESIAN_POINT('Ctrl Pts',(0.169957311687292,-2.31482043781285,
0.0001));
#14876=CARTESIAN_POINT('Ctrl Pts',(0.171882239459473,-2.3205952211294,0.));
#14877=CARTESIAN_POINT('Ctrl Pts',(0.171882239459473,-2.3205952211294,0.0001));
#14878=CARTESIAN_POINT('Ctrl Pts',(0.174962123894963,-2.32617751166872,
0.));
#14879=CARTESIAN_POINT('Ctrl Pts',(0.174962123894963,-2.32617751166872,
0.0001));
#14880=CARTESIAN_POINT('',(0.168994847801201,-2.30846817616465,0.));
#14881=CARTESIAN_POINT('Ctrl Pts',(0.174962123894963,-2.32617751166872,
0.));
#14882=CARTESIAN_POINT('Ctrl Pts',(0.171882239459473,-2.3205952211294,0.));
#14883=CARTESIAN_POINT('Ctrl Pts',(0.169957311687292,-2.31482043781285,
0.));
#14884=CARTESIAN_POINT('Ctrl Pts',(0.168994847801201,-2.30846817616466,
0.));
#14885=CARTESIAN_POINT('',(0.168994847801201,-2.30846817616465,0.0001));
#14886=CARTESIAN_POINT('Ctrl Pts',(0.168994847801201,-2.30846817616466,
0.0001));
#14887=CARTESIAN_POINT('Ctrl Pts',(0.169957311687292,-2.31482043781285,
0.0001));
#14888=CARTESIAN_POINT('Ctrl Pts',(0.171882239459473,-2.3205952211294,0.0001));
#14889=CARTESIAN_POINT('Ctrl Pts',(0.174962123894963,-2.32617751166872,
0.0001));
#14890=CARTESIAN_POINT('',(0.168994847801201,-2.30846817616465,0.));
#14891=CARTESIAN_POINT('Ctrl Pts',(0.147435656752769,-2.32348261278767,
0.));
#14892=CARTESIAN_POINT('Ctrl Pts',(0.147435656752769,-2.32348261278767,
0.0001));
#14893=CARTESIAN_POINT('Ctrl Pts',(0.158215252276985,-2.31886278613444,
0.));
#14894=CARTESIAN_POINT('Ctrl Pts',(0.158215252276985,-2.31886278613444,
0.0001));
#14895=CARTESIAN_POINT('Ctrl Pts',(0.168994847801201,-2.30846817616466,
0.));
#14896=CARTESIAN_POINT('Ctrl Pts',(0.168994847801201,-2.30846817616466,
0.0001));
#14897=CARTESIAN_POINT('',(0.147435656752769,-2.32348261278767,0.));
#14898=CARTESIAN_POINT('Ctrl Pts',(0.168994847801201,-2.30846817616466,
0.));
#14899=CARTESIAN_POINT('Ctrl Pts',(0.158215252276985,-2.31886278613444,
0.));
#14900=CARTESIAN_POINT('Ctrl Pts',(0.147435656752769,-2.32348261278767,
0.));
#14901=CARTESIAN_POINT('',(0.147435656752769,-2.32348261278767,0.0001));
#14902=CARTESIAN_POINT('Ctrl Pts',(0.147435656752769,-2.32348261278767,
0.0001));
#14903=CARTESIAN_POINT('Ctrl Pts',(0.158215252276985,-2.31886278613444,
0.0001));
#14904=CARTESIAN_POINT('Ctrl Pts',(0.168994847801201,-2.30846817616466,
0.0001));
#14905=CARTESIAN_POINT('',(0.147435656752769,-2.32348261278767,0.));
#14906=CARTESIAN_POINT('Ctrl Pts',(0.113171942407939,-2.32944988888143,
0.));
#14907=CARTESIAN_POINT('Ctrl Pts',(0.113171942407939,-2.32944988888143,
0.0001));
#14908=CARTESIAN_POINT('Ctrl Pts',(0.132613712906972,-2.32944988888143,
0.));
#14909=CARTESIAN_POINT('Ctrl Pts',(0.132613712906972,-2.32944988888143,
0.0001));
#14910=CARTESIAN_POINT('Ctrl Pts',(0.147435656752769,-2.32348261278767,
0.));
#14911=CARTESIAN_POINT('Ctrl Pts',(0.147435656752769,-2.32348261278767,
0.0001));
#14912=CARTESIAN_POINT('',(0.113171942407939,-2.32944988888143,0.));
#14913=CARTESIAN_POINT('Ctrl Pts',(0.147435656752769,-2.32348261278767,
0.));
#14914=CARTESIAN_POINT('Ctrl Pts',(0.132613712906972,-2.32944988888143,
0.));
#14915=CARTESIAN_POINT('Ctrl Pts',(0.113171942407939,-2.32944988888143,
0.));
#14916=CARTESIAN_POINT('',(0.113171942407939,-2.32944988888143,0.0001));
#14917=CARTESIAN_POINT('Ctrl Pts',(0.113171942407939,-2.32944988888143,
0.0001));
#14918=CARTESIAN_POINT('Ctrl Pts',(0.132613712906972,-2.32944988888143,
0.0001));
#14919=CARTESIAN_POINT('Ctrl Pts',(0.147435656752769,-2.32348261278767,
0.0001));
#14920=CARTESIAN_POINT('',(0.113171942407939,-2.32944988888143,0.));
#14921=CARTESIAN_POINT('Ctrl Pts',(0.0604289214501676,-2.28787144900231,
0.));
#14922=CARTESIAN_POINT('Ctrl Pts',(0.0604289214501676,-2.28787144900231,
0.0001));
#14923=CARTESIAN_POINT('Ctrl Pts',(0.0604289214501676,-2.30538829172917,
0.));
#14924=CARTESIAN_POINT('Ctrl Pts',(0.0604289214501676,-2.30538829172917,
0.0001));
#14925=CARTESIAN_POINT('Ctrl Pts',(0.0871854174834896,-2.32944988888143,
0.));
#14926=CARTESIAN_POINT('Ctrl Pts',(0.0871854174834896,-2.32944988888143,
0.0001));
#14927=CARTESIAN_POINT('Ctrl Pts',(0.113171942407939,-2.32944988888143,
0.));
#14928=CARTESIAN_POINT('Ctrl Pts',(0.113171942407939,-2.32944988888143,
0.0001));
#14929=CARTESIAN_POINT('',(0.0604289214501676,-2.28787144900231,0.));
#14930=CARTESIAN_POINT('Ctrl Pts',(0.113171942407939,-2.32944988888143,
0.));
#14931=CARTESIAN_POINT('Ctrl Pts',(0.0871854174834896,-2.32944988888143,
0.));
#14932=CARTESIAN_POINT('Ctrl Pts',(0.0604289214501676,-2.30538829172917,
0.));
#14933=CARTESIAN_POINT('Ctrl Pts',(0.0604289214501676,-2.28787144900231,
0.));
#14934=CARTESIAN_POINT('',(0.0604289214501676,-2.28787144900231,0.0001));
#14935=CARTESIAN_POINT('Ctrl Pts',(0.0604289214501676,-2.28787144900231,
0.0001));
#14936=CARTESIAN_POINT('Ctrl Pts',(0.0604289214501676,-2.30538829172917,
0.0001));
#14937=CARTESIAN_POINT('Ctrl Pts',(0.0871854174834896,-2.32944988888143,
0.0001));
#14938=CARTESIAN_POINT('Ctrl Pts',(0.113171942407939,-2.32944988888143,
0.0001));
#14939=CARTESIAN_POINT('',(0.0604289214501676,-2.28787144900231,0.));
#14940=CARTESIAN_POINT('Ctrl Pts',(0.0700535603110748,-2.26072996741456,
0.));
#14941=CARTESIAN_POINT('Ctrl Pts',(0.0700535603110748,-2.26072996741456,
0.0001));
#14942=CARTESIAN_POINT('Ctrl Pts',(0.0604289214501676,-2.27131707016155,
0.));
#14943=CARTESIAN_POINT('Ctrl Pts',(0.0604289214501676,-2.27131707016155,
0.0001));
#14944=CARTESIAN_POINT('Ctrl Pts',(0.0604289214501676,-2.28787144900231,
0.));
#14945=CARTESIAN_POINT('Ctrl Pts',(0.0604289214501676,-2.28787144900231,
0.0001));
#14946=CARTESIAN_POINT('',(0.0700535603110748,-2.26072996741456,0.));
#14947=CARTESIAN_POINT('Ctrl Pts',(0.0604289214501676,-2.28787144900231,
0.));
#14948=CARTESIAN_POINT('Ctrl Pts',(0.0604289214501676,-2.27131707016155,
0.));
#14949=CARTESIAN_POINT('Ctrl Pts',(0.0700535603110748,-2.26072996741456,
0.));
#14950=CARTESIAN_POINT('',(0.0700535603110748,-2.26072996741456,0.0001));
#14951=CARTESIAN_POINT('Ctrl Pts',(0.0700535603110748,-2.26072996741456,
0.0001));
#14952=CARTESIAN_POINT('Ctrl Pts',(0.0604289214501676,-2.27131707016155,
0.0001));
#14953=CARTESIAN_POINT('Ctrl Pts',(0.0604289214501676,-2.28787144900231,
0.0001));
#14954=CARTESIAN_POINT('',(0.0700535603110748,-2.26072996741456,0.));
#14955=CARTESIAN_POINT('Ctrl Pts',(0.10585721687365,-2.24494555968267,0.));
#14956=CARTESIAN_POINT('Ctrl Pts',(0.10585721687365,-2.24494555968267,0.0001));
#14957=CARTESIAN_POINT('Ctrl Pts',(0.0798706919492002,-2.25014286466756,
0.));
#14958=CARTESIAN_POINT('Ctrl Pts',(0.0798706919492002,-2.25014286466756,
0.0001));
#14959=CARTESIAN_POINT('Ctrl Pts',(0.0700535603110748,-2.26072996741456,
0.));
#14960=CARTESIAN_POINT('Ctrl Pts',(0.0700535603110748,-2.26072996741456,
0.0001));
#14961=CARTESIAN_POINT('',(0.10585721687365,-2.24494555968267,0.));
#14962=CARTESIAN_POINT('Ctrl Pts',(0.0700535603110748,-2.26072996741456,
0.));
#14963=CARTESIAN_POINT('Ctrl Pts',(0.0798706919492002,-2.25014286466756,
0.));
#14964=CARTESIAN_POINT('Ctrl Pts',(0.10585721687365,-2.24494555968267,0.));
#14965=CARTESIAN_POINT('',(0.10585721687365,-2.24494555968267,0.0001));
#14966=CARTESIAN_POINT('Ctrl Pts',(0.10585721687365,-2.24494555968267,0.0001));
#14967=CARTESIAN_POINT('Ctrl Pts',(0.0798706919492002,-2.25014286466756,
0.0001));
#14968=CARTESIAN_POINT('Ctrl Pts',(0.0700535603110748,-2.26072996741456,
0.0001));
#14969=CARTESIAN_POINT('',(0.10585721687365,-2.24494555968267,0.));
#14970=CARTESIAN_POINT('Ctrl Pts',(0.165914963365711,-2.22954613750522,
0.));
#14971=CARTESIAN_POINT('Ctrl Pts',(0.165914963365711,-2.22954613750522,
0.0001));
#14972=CARTESIAN_POINT('Ctrl Pts',(0.155520353395931,-2.2335884858268,0.));
#14973=CARTESIAN_POINT('Ctrl Pts',(0.155520353395931,-2.2335884858268,0.0001));
#14974=CARTESIAN_POINT('Ctrl Pts',(0.137041046782989,-2.23859329803447,
0.));
#14975=CARTESIAN_POINT('Ctrl Pts',(0.137041046782989,-2.23859329803447,
0.0001));
#14976=CARTESIAN_POINT('Ctrl Pts',(0.10585721687365,-2.24494555968267,0.));
#14977=CARTESIAN_POINT('Ctrl Pts',(0.10585721687365,-2.24494555968267,0.0001));
#14978=CARTESIAN_POINT('',(0.165914963365711,-2.22954613750522,0.));
#14979=CARTESIAN_POINT('Ctrl Pts',(0.10585721687365,-2.24494555968267,0.));
#14980=CARTESIAN_POINT('Ctrl Pts',(0.137041046782989,-2.23859329803447,
0.));
#14981=CARTESIAN_POINT('Ctrl Pts',(0.155520353395931,-2.2335884858268,0.));
#14982=CARTESIAN_POINT('Ctrl Pts',(0.165914963365711,-2.22954613750522,
0.));
#14983=CARTESIAN_POINT('',(0.165914963365711,-2.22954613750522,0.0001));
#14984=CARTESIAN_POINT('Ctrl Pts',(0.165914963365711,-2.22954613750522,
0.0001));
#14985=CARTESIAN_POINT('Ctrl Pts',(0.155520353395931,-2.2335884858268,0.0001));
#14986=CARTESIAN_POINT('Ctrl Pts',(0.137041046782989,-2.23859329803447,
0.0001));
#14987=CARTESIAN_POINT('Ctrl Pts',(0.10585721687365,-2.24494555968267,0.0001));
#14988=CARTESIAN_POINT('',(0.165914963365711,-2.22954613750522,0.));
#14989=CARTESIAN_POINT('Ctrl Pts',(0.146858178421114,-2.21106683089227,
0.));
#14990=CARTESIAN_POINT('Ctrl Pts',(0.146858178421114,-2.21106683089227,
0.0001));
#14991=CARTESIAN_POINT('Ctrl Pts',(0.157445281168112,-2.21106683089227,
0.));
#14992=CARTESIAN_POINT('Ctrl Pts',(0.157445281168112,-2.21106683089227,
0.0001));
#14993=CARTESIAN_POINT('Ctrl Pts',(0.165914963365711,-2.21934402031265,
0.));
#14994=CARTESIAN_POINT('Ctrl Pts',(0.165914963365711,-2.21934402031265,
0.0001));
#14995=CARTESIAN_POINT('Ctrl Pts',(0.165914963365711,-2.22954613750522,
0.));
#14996=CARTESIAN_POINT('Ctrl Pts',(0.165914963365711,-2.22954613750522,
0.0001));
#14997=CARTESIAN_POINT('',(0.146858178421114,-2.21106683089227,0.));
#14998=CARTESIAN_POINT('Ctrl Pts',(0.165914963365711,-2.22954613750522,
0.));
#14999=CARTESIAN_POINT('Ctrl Pts',(0.165914963365711,-2.21934402031265,
0.));
#15000=CARTESIAN_POINT('Ctrl Pts',(0.157445281168112,-2.21106683089227,
0.));
#15001=CARTESIAN_POINT('Ctrl Pts',(0.146858178421114,-2.21106683089227,
0.));
#15002=CARTESIAN_POINT('',(0.146858178421114,-2.21106683089227,0.0001));
#15003=CARTESIAN_POINT('Ctrl Pts',(0.146858178421114,-2.21106683089227,
0.0001));
#15004=CARTESIAN_POINT('Ctrl Pts',(0.157445281168112,-2.21106683089227,
0.0001));
#15005=CARTESIAN_POINT('Ctrl Pts',(0.165914963365711,-2.21934402031265,
0.0001));
#15006=CARTESIAN_POINT('Ctrl Pts',(0.165914963365711,-2.22954613750522,
0.0001));
#15007=CARTESIAN_POINT('',(0.146858178421114,-2.21106683089227,0.));
#15008=CARTESIAN_POINT('Ctrl Pts',(0.126453944035991,-2.21549416476829,
0.));
#15009=CARTESIAN_POINT('Ctrl Pts',(0.126453944035991,-2.21549416476829,
0.0001));
#15010=CARTESIAN_POINT('Ctrl Pts',(0.133383684015844,-2.21106683089227,
0.));
#15011=CARTESIAN_POINT('Ctrl Pts',(0.133383684015844,-2.21106683089227,
0.0001));
#15012=CARTESIAN_POINT('Ctrl Pts',(0.146858178421114,-2.21106683089227,
0.));
#15013=CARTESIAN_POINT('Ctrl Pts',(0.146858178421114,-2.21106683089227,
0.0001));
#15014=CARTESIAN_POINT('',(0.126453944035991,-2.21549416476829,0.));
#15015=CARTESIAN_POINT('Ctrl Pts',(0.146858178421114,-2.21106683089227,
0.));
#15016=CARTESIAN_POINT('Ctrl Pts',(0.133383684015844,-2.21106683089227,
0.));
#15017=CARTESIAN_POINT('Ctrl Pts',(0.126453944035991,-2.21549416476829,
0.));
#15018=CARTESIAN_POINT('',(0.126453944035991,-2.21549416476829,0.0001));
#15019=CARTESIAN_POINT('Ctrl Pts',(0.126453944035991,-2.21549416476829,
0.0001));
#15020=CARTESIAN_POINT('Ctrl Pts',(0.133383684015844,-2.21106683089227,
0.0001));
#15021=CARTESIAN_POINT('Ctrl Pts',(0.146858178421114,-2.21106683089227,
0.0001));
#15022=CARTESIAN_POINT('',(0.126453944035991,-2.21549416476829,0.));
#15023=CARTESIAN_POINT('Ctrl Pts',(0.117984261838393,-2.22839118084191,
0.));
#15024=CARTESIAN_POINT('Ctrl Pts',(0.117984261838393,-2.22839118084191,
0.0001));
#15025=CARTESIAN_POINT('Ctrl Pts',(0.121256639051101,-2.21895903475822,
0.));
#15026=CARTESIAN_POINT('Ctrl Pts',(0.121256639051101,-2.21895903475822,
0.0001));
#15027=CARTESIAN_POINT('Ctrl Pts',(0.126453944035991,-2.21549416476829,
0.));
#15028=CARTESIAN_POINT('Ctrl Pts',(0.126453944035991,-2.21549416476829,
0.0001));
#15029=CARTESIAN_POINT('',(0.117984261838393,-2.22839118084191,0.));
#15030=CARTESIAN_POINT('Ctrl Pts',(0.126453944035991,-2.21549416476829,
0.));
#15031=CARTESIAN_POINT('Ctrl Pts',(0.121256639051101,-2.21895903475822,
0.));
#15032=CARTESIAN_POINT('Ctrl Pts',(0.117984261838393,-2.22839118084191,
0.));
#15033=CARTESIAN_POINT('',(0.117984261838393,-2.22839118084191,0.0001));
#15034=CARTESIAN_POINT('Ctrl Pts',(0.117984261838393,-2.22839118084191,
0.0001));
#15035=CARTESIAN_POINT('Ctrl Pts',(0.121256639051101,-2.21895903475822,
0.0001));
#15036=CARTESIAN_POINT('Ctrl Pts',(0.126453944035991,-2.21549416476829,
0.0001));
#15037=CARTESIAN_POINT('',(0.117984261838393,-2.22839118084191,0.));
#15038=CARTESIAN_POINT('Origin',(0.0648562553261849,-2.22280889030258,0.));
#15039=CARTESIAN_POINT('',(0.117984261838393,-2.22839118084191,0.));
#15040=CARTESIAN_POINT('',(0.117984261838393,-2.22839118084191,0.0001));
#15041=CARTESIAN_POINT('Origin',(0.144117286265296,-2.25373542908065,0.));
#15042=CARTESIAN_POINT('Origin',(0.144117286265296,-2.25373542908065,0.0001));
#15043=CARTESIAN_POINT('Origin',(-0.239089820423267,-2.18123045042346,0.));
#15044=CARTESIAN_POINT('',(-0.269696172000952,-2.18123045042346,0.));
#15045=CARTESIAN_POINT('',(-0.239089820423267,-2.18123045042346,0.));
#15046=CARTESIAN_POINT('',(-0.269696172000952,-2.18123045042346,0.));
#15047=CARTESIAN_POINT('',(-0.269696172000952,-2.18123045042346,0.0001));
#15048=CARTESIAN_POINT('',(-0.269696172000952,-2.18123045042346,0.));
#15049=CARTESIAN_POINT('',(-0.239089820423267,-2.18123045042346,0.0001));
#15050=CARTESIAN_POINT('',(-0.269696172000952,-2.18123045042346,0.0001));
#15051=CARTESIAN_POINT('',(-0.239089820423267,-2.18123045042346,0.));
#15052=CARTESIAN_POINT('Origin',(-0.239089820423267,-2.22184642641649,0.));
#15053=CARTESIAN_POINT('',(-0.239089820423267,-2.22184642641649,0.));
#15054=CARTESIAN_POINT('',(-0.239089820423267,-2.18123045042346,0.));
#15055=CARTESIAN_POINT('',(-0.239089820423267,-2.22184642641649,0.0001));
#15056=CARTESIAN_POINT('',(-0.239089820423267,-2.18123045042346,0.0001));
#15057=CARTESIAN_POINT('',(-0.239089820423267,-2.22184642641649,0.));
#15058=CARTESIAN_POINT('Origin',(-0.269696172000952,-2.22184642641649,0.));
#15059=CARTESIAN_POINT('',(-0.269696172000952,-2.22184642641649,0.));
#15060=CARTESIAN_POINT('',(-0.239089820423267,-2.22184642641649,0.));
#15061=CARTESIAN_POINT('',(-0.269696172000952,-2.22184642641649,0.0001));
#15062=CARTESIAN_POINT('',(-0.239089820423267,-2.22184642641649,0.0001));
#15063=CARTESIAN_POINT('',(-0.269696172000952,-2.22184642641649,0.));
#15064=CARTESIAN_POINT('Origin',(-0.269696172000952,-2.27324199793373,0.));
#15065=CARTESIAN_POINT('',(-0.269696172000952,-2.27324199793373,0.));
#15066=CARTESIAN_POINT('',(-0.269696172000952,-2.22184642641649,0.));
#15067=CARTESIAN_POINT('',(-0.269696172000952,-2.27324199793373,0.0001));
#15068=CARTESIAN_POINT('',(-0.269696172000952,-2.22184642641649,0.0001));
#15069=CARTESIAN_POINT('',(-0.269696172000952,-2.27324199793373,0.));
#15070=CARTESIAN_POINT('Ctrl Pts',(-0.267963737005988,-2.2855615356757,
0.));
#15071=CARTESIAN_POINT('Ctrl Pts',(-0.267963737005988,-2.2855615356757,
0.0001));
#15072=CARTESIAN_POINT('Ctrl Pts',(-0.269696172000952,-2.28248165124021,
0.));
#15073=CARTESIAN_POINT('Ctrl Pts',(-0.269696172000952,-2.28248165124021,
0.0001));
#15074=CARTESIAN_POINT('Ctrl Pts',(-0.269696172000952,-2.27324199793373,
0.));
#15075=CARTESIAN_POINT('Ctrl Pts',(-0.269696172000952,-2.27324199793373,
0.0001));
#15076=CARTESIAN_POINT('',(-0.267963737005988,-2.2855615356757,0.));
#15077=CARTESIAN_POINT('Ctrl Pts',(-0.269696172000952,-2.27324199793373,
0.));
#15078=CARTESIAN_POINT('Ctrl Pts',(-0.269696172000952,-2.28248165124021,
0.));
#15079=CARTESIAN_POINT('Ctrl Pts',(-0.267963737005988,-2.2855615356757,
0.));
#15080=CARTESIAN_POINT('',(-0.267963737005988,-2.2855615356757,0.0001));
#15081=CARTESIAN_POINT('Ctrl Pts',(-0.267963737005988,-2.2855615356757,
0.0001));
#15082=CARTESIAN_POINT('Ctrl Pts',(-0.269696172000952,-2.28248165124021,
0.0001));
#15083=CARTESIAN_POINT('Ctrl Pts',(-0.269696172000952,-2.27324199793373,
0.0001));
#15084=CARTESIAN_POINT('',(-0.267963737005988,-2.2855615356757,0.));
#15085=CARTESIAN_POINT('Ctrl Pts',(-0.258339098145081,-2.29018136232893,
0.));
#15086=CARTESIAN_POINT('Ctrl Pts',(-0.258339098145081,-2.29018136232893,
0.0001));
#15087=CARTESIAN_POINT('Ctrl Pts',(-0.265268838124934,-2.29018136232893,
0.));
#15088=CARTESIAN_POINT('Ctrl Pts',(-0.265268838124934,-2.29018136232893,
0.0001));
#15089=CARTESIAN_POINT('Ctrl Pts',(-0.267963737005988,-2.2855615356757,
0.));
#15090=CARTESIAN_POINT('Ctrl Pts',(-0.267963737005988,-2.2855615356757,
0.0001));
#15091=CARTESIAN_POINT('',(-0.258339098145081,-2.29018136232893,0.));
#15092=CARTESIAN_POINT('Ctrl Pts',(-0.267963737005988,-2.2855615356757,
0.));
#15093=CARTESIAN_POINT('Ctrl Pts',(-0.265268838124934,-2.29018136232893,
0.));
#15094=CARTESIAN_POINT('Ctrl Pts',(-0.258339098145081,-2.29018136232893,
0.));
#15095=CARTESIAN_POINT('',(-0.258339098145081,-2.29018136232893,0.0001));
#15096=CARTESIAN_POINT('Ctrl Pts',(-0.258339098145081,-2.29018136232893,
0.0001));
#15097=CARTESIAN_POINT('Ctrl Pts',(-0.265268838124934,-2.29018136232893,
0.0001));
#15098=CARTESIAN_POINT('Ctrl Pts',(-0.267963737005988,-2.2855615356757,
0.0001));
#15099=CARTESIAN_POINT('',(-0.258339098145081,-2.29018136232893,0.));
#15100=CARTESIAN_POINT('Ctrl Pts',(-0.241207240972666,-2.286716492339,0.));
#15101=CARTESIAN_POINT('Ctrl Pts',(-0.241207240972666,-2.286716492339,0.0001));
#15102=CARTESIAN_POINT('Ctrl Pts',(-0.252179329274101,-2.29018136232893,
0.));
#15103=CARTESIAN_POINT('Ctrl Pts',(-0.252179329274101,-2.29018136232893,
0.0001));
#15104=CARTESIAN_POINT('Ctrl Pts',(-0.258339098145081,-2.29018136232893,
0.));
#15105=CARTESIAN_POINT('Ctrl Pts',(-0.258339098145081,-2.29018136232893,
0.0001));
#15106=CARTESIAN_POINT('',(-0.241207240972666,-2.286716492339,0.));
#15107=CARTESIAN_POINT('Ctrl Pts',(-0.258339098145081,-2.29018136232893,
0.));
#15108=CARTESIAN_POINT('Ctrl Pts',(-0.252179329274101,-2.29018136232893,
0.));
#15109=CARTESIAN_POINT('Ctrl Pts',(-0.241207240972666,-2.286716492339,0.));
#15110=CARTESIAN_POINT('',(-0.241207240972666,-2.286716492339,0.0001));
#15111=CARTESIAN_POINT('Ctrl Pts',(-0.241207240972666,-2.286716492339,0.0001));
#15112=CARTESIAN_POINT('Ctrl Pts',(-0.252179329274101,-2.29018136232893,
0.0001));
#15113=CARTESIAN_POINT('Ctrl Pts',(-0.258339098145081,-2.29018136232893,
0.0001));
#15114=CARTESIAN_POINT('',(-0.241207240972666,-2.286716492339,0.));
#15115=CARTESIAN_POINT('Origin',(-0.237164892651085,-2.32502255500542,0.));
#15116=CARTESIAN_POINT('',(-0.237164892651085,-2.32502255500542,0.));
#15117=CARTESIAN_POINT('',(-0.241207240972666,-2.286716492339,0.));
#15118=CARTESIAN_POINT('',(-0.237164892651085,-2.32502255500542,0.0001));
#15119=CARTESIAN_POINT('',(-0.241207240972666,-2.286716492339,0.0001));
#15120=CARTESIAN_POINT('',(-0.237164892651085,-2.32502255500542,0.));
#15121=CARTESIAN_POINT('Ctrl Pts',(-0.275663448094714,-2.32944988888143,
0.));
#15122=CARTESIAN_POINT('Ctrl Pts',(-0.275663448094714,-2.32944988888143,
0.0001));
#15123=CARTESIAN_POINT('Ctrl Pts',(-0.257761619813427,-2.32944988888143,
0.));
#15124=CARTESIAN_POINT('Ctrl Pts',(-0.257761619813427,-2.32944988888143,
0.0001));
#15125=CARTESIAN_POINT('Ctrl Pts',(-0.237164892651085,-2.32502255500542,
0.));
#15126=CARTESIAN_POINT('Ctrl Pts',(-0.237164892651085,-2.32502255500542,
0.0001));
#15127=CARTESIAN_POINT('',(-0.275663448094714,-2.32944988888143,0.));
#15128=CARTESIAN_POINT('Ctrl Pts',(-0.237164892651085,-2.32502255500542,
0.));
#15129=CARTESIAN_POINT('Ctrl Pts',(-0.257761619813427,-2.32944988888143,
0.));
#15130=CARTESIAN_POINT('Ctrl Pts',(-0.275663448094714,-2.32944988888143,
0.));
#15131=CARTESIAN_POINT('',(-0.275663448094714,-2.32944988888143,0.0001));
#15132=CARTESIAN_POINT('Ctrl Pts',(-0.275663448094714,-2.32944988888143,
0.0001));
#15133=CARTESIAN_POINT('Ctrl Pts',(-0.257761619813427,-2.32944988888143,
0.0001));
#15134=CARTESIAN_POINT('Ctrl Pts',(-0.237164892651085,-2.32502255500542,
0.0001));
#15135=CARTESIAN_POINT('',(-0.275663448094714,-2.32944988888143,0.));
#15136=CARTESIAN_POINT('Ctrl Pts',(-0.325326584616995,-2.2728570123793,
0.));
#15137=CARTESIAN_POINT('Ctrl Pts',(-0.325326584616995,-2.2728570123793,
0.0001));
#15138=CARTESIAN_POINT('Ctrl Pts',(-0.325326584616995,-2.29711110230878,
0.));
#15139=CARTESIAN_POINT('Ctrl Pts',(-0.325326584616995,-2.29711110230878,
0.0001));
#15140=CARTESIAN_POINT('Ctrl Pts',(-0.315894438533306,-2.31886278613444,
0.));
#15141=CARTESIAN_POINT('Ctrl Pts',(-0.315894438533306,-2.31886278613444,
0.0001));
#15142=CARTESIAN_POINT('Ctrl Pts',(-0.296260175257056,-2.32944988888143,
0.));
#15143=CARTESIAN_POINT('Ctrl Pts',(-0.296260175257056,-2.32944988888143,
0.0001));
#15144=CARTESIAN_POINT('Ctrl Pts',(-0.275663448094714,-2.32944988888143,
0.));
#15145=CARTESIAN_POINT('Ctrl Pts',(-0.275663448094714,-2.32944988888143,
0.0001));
#15146=CARTESIAN_POINT('',(-0.325326584616995,-2.2728570123793,0.));
#15147=CARTESIAN_POINT('Ctrl Pts',(-0.275663448094714,-2.32944988888143,
0.));
#15148=CARTESIAN_POINT('Ctrl Pts',(-0.296260175257056,-2.32944988888143,
0.));
#15149=CARTESIAN_POINT('Ctrl Pts',(-0.315894438533306,-2.31886278613444,
0.));
#15150=CARTESIAN_POINT('Ctrl Pts',(-0.325326584616995,-2.29711110230878,
0.));
#15151=CARTESIAN_POINT('Ctrl Pts',(-0.325326584616995,-2.2728570123793,
0.));
#15152=CARTESIAN_POINT('',(-0.325326584616995,-2.2728570123793,0.0001));
#15153=CARTESIAN_POINT('Ctrl Pts',(-0.325326584616995,-2.2728570123793,
0.0001));
#15154=CARTESIAN_POINT('Ctrl Pts',(-0.325326584616995,-2.29711110230878,
0.0001));
#15155=CARTESIAN_POINT('Ctrl Pts',(-0.315894438533306,-2.31886278613444,
0.0001));
#15156=CARTESIAN_POINT('Ctrl Pts',(-0.296260175257056,-2.32944988888143,
0.0001));
#15157=CARTESIAN_POINT('Ctrl Pts',(-0.275663448094714,-2.32944988888143,
0.0001));
#15158=CARTESIAN_POINT('',(-0.325326584616995,-2.2728570123793,0.));
#15159=CARTESIAN_POINT('Origin',(-0.325326584616995,-2.22184642641649,0.));
#15160=CARTESIAN_POINT('',(-0.325326584616995,-2.22184642641649,0.));
#15161=CARTESIAN_POINT('',(-0.325326584616995,-2.2728570123793,0.));
#15162=CARTESIAN_POINT('',(-0.325326584616995,-2.22184642641649,0.0001));
#15163=CARTESIAN_POINT('',(-0.325326584616995,-2.2728570123793,0.0001));
#15164=CARTESIAN_POINT('',(-0.325326584616995,-2.22184642641649,0.));
#15165=CARTESIAN_POINT('Origin',(-0.345730819002119,-2.22184642641649,0.));
#15166=CARTESIAN_POINT('',(-0.345730819002119,-2.22184642641649,0.));
#15167=CARTESIAN_POINT('',(-0.325326584616995,-2.22184642641649,0.));
#15168=CARTESIAN_POINT('',(-0.345730819002119,-2.22184642641649,0.0001));
#15169=CARTESIAN_POINT('',(-0.325326584616995,-2.22184642641649,0.0001));
#15170=CARTESIAN_POINT('',(-0.345730819002119,-2.22184642641649,0.));
#15171=CARTESIAN_POINT('Origin',(-0.345730819002119,-2.18123045042346,0.));
#15172=CARTESIAN_POINT('',(-0.345730819002119,-2.18123045042346,0.));
#15173=CARTESIAN_POINT('',(-0.345730819002119,-2.22184642641649,0.));
#15174=CARTESIAN_POINT('',(-0.345730819002119,-2.18123045042346,0.0001));
#15175=CARTESIAN_POINT('',(-0.345730819002119,-2.22184642641649,0.0001));
#15176=CARTESIAN_POINT('',(-0.345730819002119,-2.18123045042346,0.));
#15177=CARTESIAN_POINT('Origin',(-0.325326584616995,-2.18123045042346,0.));
#15178=CARTESIAN_POINT('',(-0.325326584616995,-2.18123045042346,0.));
#15179=CARTESIAN_POINT('',(-0.345730819002119,-2.18123045042346,0.));
#15180=CARTESIAN_POINT('',(-0.325326584616995,-2.18123045042346,0.0001));
#15181=CARTESIAN_POINT('',(-0.345730819002119,-2.18123045042346,0.0001));
#15182=CARTESIAN_POINT('',(-0.325326584616995,-2.18123045042346,0.));
#15183=CARTESIAN_POINT('Origin',(-0.325326584616995,-2.15466644716736,0.));
#15184=CARTESIAN_POINT('',(-0.325326584616995,-2.15466644716736,0.));
#15185=CARTESIAN_POINT('',(-0.325326584616995,-2.18123045042346,0.));
#15186=CARTESIAN_POINT('',(-0.325326584616995,-2.15466644716736,0.0001));
#15187=CARTESIAN_POINT('',(-0.325326584616995,-2.18123045042346,0.0001));
#15188=CARTESIAN_POINT('',(-0.325326584616995,-2.15466644716736,0.));
#15189=CARTESIAN_POINT('Origin',(-0.269696172000952,-2.12617751613907,0.));
#15190=CARTESIAN_POINT('',(-0.269696172000952,-2.12617751613907,0.));
#15191=CARTESIAN_POINT('',(-0.325326584616995,-2.15466644716736,0.));
#15192=CARTESIAN_POINT('',(-0.269696172000952,-2.12617751613907,0.0001));
#15193=CARTESIAN_POINT('',(-0.325326584616995,-2.15466644716736,0.0001));
#15194=CARTESIAN_POINT('',(-0.269696172000952,-2.12617751613907,0.));
#15195=CARTESIAN_POINT('Origin',(-0.269696172000952,-2.18123045042346,0.));
#15196=CARTESIAN_POINT('',(-0.269696172000952,-2.12617751613907,0.));
#15197=CARTESIAN_POINT('',(-0.269696172000952,-2.12617751613907,0.0001));
#15198=CARTESIAN_POINT('Origin',(-0.287273056273644,-2.22661449662814,0.));
#15199=CARTESIAN_POINT('Origin',(-0.287273056273644,-2.22661449662814,0.0001));
#15200=CARTESIAN_POINT('Origin',(-0.765557536463157,-2.20490706202129,0.));
#15201=CARTESIAN_POINT('',(-0.765557536463157,-2.18123045042346,0.));
#15202=CARTESIAN_POINT('',(-0.765557536463157,-2.20490706202129,0.));
#15203=CARTESIAN_POINT('',(-0.765557536463157,-2.18123045042346,0.));
#15204=CARTESIAN_POINT('',(-0.765557536463157,-2.18123045042346,0.0001));
#15205=CARTESIAN_POINT('',(-0.765557536463157,-2.18123045042346,0.));
#15206=CARTESIAN_POINT('',(-0.765557536463157,-2.20490706202129,0.0001));
#15207=CARTESIAN_POINT('',(-0.765557536463157,-2.18123045042346,0.0001));
#15208=CARTESIAN_POINT('',(-0.765557536463157,-2.20490706202129,0.));
#15209=CARTESIAN_POINT('Ctrl Pts',(-0.730331358232237,-2.17795807321075,
0.));
#15210=CARTESIAN_POINT('Ctrl Pts',(-0.730331358232237,-2.17795807321075,
0.0001));
#15211=CARTESIAN_POINT('Ctrl Pts',(-0.742073417642544,-2.17795807321075,
0.));
#15212=CARTESIAN_POINT('Ctrl Pts',(-0.742073417642544,-2.17795807321075,
0.0001));
#15213=CARTESIAN_POINT('Ctrl Pts',(-0.75805031815165,-2.18950763984384,
0.));
#15214=CARTESIAN_POINT('Ctrl Pts',(-0.75805031815165,-2.18950763984384,
0.0001));
#15215=CARTESIAN_POINT('Ctrl Pts',(-0.765557536463157,-2.20490706202129,
0.));
#15216=CARTESIAN_POINT('Ctrl Pts',(-0.765557536463157,-2.20490706202129,
0.0001));
#15217=CARTESIAN_POINT('',(-0.730331358232237,-2.17795807321075,0.));
#15218=CARTESIAN_POINT('Ctrl Pts',(-0.765557536463157,-2.20490706202129,
0.));
#15219=CARTESIAN_POINT('Ctrl Pts',(-0.75805031815165,-2.18950763984384,
0.));
#15220=CARTESIAN_POINT('Ctrl Pts',(-0.742073417642544,-2.17795807321075,
0.));
#15221=CARTESIAN_POINT('Ctrl Pts',(-0.730331358232237,-2.17795807321075,
0.));
#15222=CARTESIAN_POINT('',(-0.730331358232237,-2.17795807321075,0.0001));
#15223=CARTESIAN_POINT('Ctrl Pts',(-0.730331358232237,-2.17795807321075,
0.0001));
#15224=CARTESIAN_POINT('Ctrl Pts',(-0.742073417642544,-2.17795807321075,
0.0001));
#15225=CARTESIAN_POINT('Ctrl Pts',(-0.75805031815165,-2.18950763984384,
0.0001));
#15226=CARTESIAN_POINT('Ctrl Pts',(-0.765557536463157,-2.20490706202129,
0.0001));
#15227=CARTESIAN_POINT('',(-0.730331358232237,-2.17795807321075,0.));
#15228=CARTESIAN_POINT('Ctrl Pts',(-0.703382369421697,-2.18565778429948,
0.));
#15229=CARTESIAN_POINT('Ctrl Pts',(-0.703382369421697,-2.18565778429948,
0.0001));
#15230=CARTESIAN_POINT('Ctrl Pts',(-0.718011820490276,-2.17795807321075,
0.));
#15231=CARTESIAN_POINT('Ctrl Pts',(-0.718011820490276,-2.17795807321075,
0.0001));
#15232=CARTESIAN_POINT('Ctrl Pts',(-0.730331358232237,-2.17795807321075,
0.));
#15233=CARTESIAN_POINT('Ctrl Pts',(-0.730331358232237,-2.17795807321075,
0.0001));
#15234=CARTESIAN_POINT('',(-0.703382369421697,-2.18565778429948,0.));
#15235=CARTESIAN_POINT('Ctrl Pts',(-0.730331358232237,-2.17795807321075,
0.));
#15236=CARTESIAN_POINT('Ctrl Pts',(-0.718011820490276,-2.17795807321075,
0.));
#15237=CARTESIAN_POINT('Ctrl Pts',(-0.703382369421697,-2.18565778429948,
0.));
#15238=CARTESIAN_POINT('',(-0.703382369421697,-2.18565778429948,0.0001));
#15239=CARTESIAN_POINT('Ctrl Pts',(-0.703382369421697,-2.18565778429948,
0.0001));
#15240=CARTESIAN_POINT('Ctrl Pts',(-0.718011820490276,-2.17795807321075,
0.0001));
#15241=CARTESIAN_POINT('Ctrl Pts',(-0.730331358232237,-2.17795807321075,
0.0001));
#15242=CARTESIAN_POINT('',(-0.703382369421697,-2.18565778429948,0.));
#15243=CARTESIAN_POINT('Origin',(-0.720514226594112,-2.2251188036292,0.));
#15244=CARTESIAN_POINT('',(-0.720514226594112,-2.2251188036292,0.));
#15245=CARTESIAN_POINT('',(-0.703382369421697,-2.18565778429948,0.));
#15246=CARTESIAN_POINT('',(-0.720514226594112,-2.2251188036292,0.0001));
#15247=CARTESIAN_POINT('',(-0.703382369421697,-2.18565778429948,0.0001));
#15248=CARTESIAN_POINT('',(-0.720514226594112,-2.2251188036292,0.));
#15249=CARTESIAN_POINT('Ctrl Pts',(-0.736106141548782,-2.22107645530762,
0.));
#15250=CARTESIAN_POINT('Ctrl Pts',(-0.736106141548782,-2.22107645530762,
0.0001));
#15251=CARTESIAN_POINT('Ctrl Pts',(-0.730331358232237,-2.22107645530762,
0.));
#15252=CARTESIAN_POINT('Ctrl Pts',(-0.730331358232237,-2.22107645530762,
0.0001));
#15253=CARTESIAN_POINT('Ctrl Pts',(-0.720514226594112,-2.2251188036292,
0.));
#15254=CARTESIAN_POINT('Ctrl Pts',(-0.720514226594112,-2.2251188036292,
0.0001));
#15255=CARTESIAN_POINT('',(-0.736106141548782,-2.22107645530762,0.));
#15256=CARTESIAN_POINT('Ctrl Pts',(-0.720514226594112,-2.2251188036292,
0.));
#15257=CARTESIAN_POINT('Ctrl Pts',(-0.730331358232237,-2.22107645530762,
0.));
#15258=CARTESIAN_POINT('Ctrl Pts',(-0.736106141548782,-2.22107645530762,
0.));
#15259=CARTESIAN_POINT('',(-0.736106141548782,-2.22107645530762,0.0001));
#15260=CARTESIAN_POINT('Ctrl Pts',(-0.736106141548782,-2.22107645530762,
0.0001));
#15261=CARTESIAN_POINT('Ctrl Pts',(-0.730331358232237,-2.22107645530762,
0.0001));
#15262=CARTESIAN_POINT('Ctrl Pts',(-0.720514226594112,-2.2251188036292,
0.0001));
#15263=CARTESIAN_POINT('',(-0.736106141548782,-2.22107645530762,0.));
#15264=CARTESIAN_POINT('Ctrl Pts',(-0.753045505943978,-2.23012361583687,
0.));
#15265=CARTESIAN_POINT('Ctrl Pts',(-0.753045505943978,-2.23012361583687,
0.0001));
#15266=CARTESIAN_POINT('Ctrl Pts',(-0.747078229850216,-2.22107645530762,
0.));
#15267=CARTESIAN_POINT('Ctrl Pts',(-0.747078229850216,-2.22107645530762,
0.0001));
#15268=CARTESIAN_POINT('Ctrl Pts',(-0.736106141548782,-2.22107645530762,
0.));
#15269=CARTESIAN_POINT('Ctrl Pts',(-0.736106141548782,-2.22107645530762,
0.0001));
#15270=CARTESIAN_POINT('',(-0.753045505943978,-2.23012361583687,0.));
#15271=CARTESIAN_POINT('Ctrl Pts',(-0.736106141548782,-2.22107645530762,
0.));
#15272=CARTESIAN_POINT('Ctrl Pts',(-0.747078229850216,-2.22107645530762,
0.));
#15273=CARTESIAN_POINT('Ctrl Pts',(-0.753045505943978,-2.23012361583687,
0.));
#15274=CARTESIAN_POINT('',(-0.753045505943978,-2.23012361583687,0.0001));
#15275=CARTESIAN_POINT('Ctrl Pts',(-0.753045505943978,-2.23012361583687,
0.0001));
#15276=CARTESIAN_POINT('Ctrl Pts',(-0.747078229850216,-2.22107645530762,
0.0001));
#15277=CARTESIAN_POINT('Ctrl Pts',(-0.736106141548782,-2.22107645530762,
0.0001));
#15278=CARTESIAN_POINT('',(-0.753045505943978,-2.23012361583687,0.));
#15279=CARTESIAN_POINT('Ctrl Pts',(-0.761707680918795,-2.27766933180975,
0.));
#15280=CARTESIAN_POINT('Ctrl Pts',(-0.761707680918795,-2.27766933180975,
0.0001));
#15281=CARTESIAN_POINT('Ctrl Pts',(-0.761707680918795,-2.24282813913327,
0.));
#15282=CARTESIAN_POINT('Ctrl Pts',(-0.761707680918795,-2.24282813913327,
0.0001));
#15283=CARTESIAN_POINT('Ctrl Pts',(-0.753045505943978,-2.23012361583687,
0.));
#15284=CARTESIAN_POINT('Ctrl Pts',(-0.753045505943978,-2.23012361583687,
0.0001));
#15285=CARTESIAN_POINT('',(-0.761707680918795,-2.27766933180975,0.));
#15286=CARTESIAN_POINT('Ctrl Pts',(-0.753045505943978,-2.23012361583687,
0.));
#15287=CARTESIAN_POINT('Ctrl Pts',(-0.761707680918795,-2.24282813913327,
0.));
#15288=CARTESIAN_POINT('Ctrl Pts',(-0.761707680918795,-2.27766933180975,
0.));
#15289=CARTESIAN_POINT('',(-0.761707680918795,-2.27766933180975,0.0001));
#15290=CARTESIAN_POINT('Ctrl Pts',(-0.761707680918795,-2.27766933180975,
0.0001));
#15291=CARTESIAN_POINT('Ctrl Pts',(-0.761707680918795,-2.24282813913327,
0.0001));
#15292=CARTESIAN_POINT('Ctrl Pts',(-0.753045505943978,-2.23012361583687,
0.0001));
#15293=CARTESIAN_POINT('',(-0.761707680918795,-2.27766933180975,0.));
#15294=CARTESIAN_POINT('Origin',(-0.761707680918795,-2.32617751166872,0.));
#15295=CARTESIAN_POINT('',(-0.761707680918795,-2.32617751166872,0.));
#15296=CARTESIAN_POINT('',(-0.761707680918795,-2.27766933180975,0.));
#15297=CARTESIAN_POINT('',(-0.761707680918795,-2.32617751166872,0.0001));
#15298=CARTESIAN_POINT('',(-0.761707680918795,-2.27766933180975,0.0001));
#15299=CARTESIAN_POINT('',(-0.761707680918795,-2.32617751166872,0.));
#15300=CARTESIAN_POINT('Origin',(-0.817530586312056,-2.32617751166872,0.));
#15301=CARTESIAN_POINT('',(-0.817530586312056,-2.32617751166872,0.));
#15302=CARTESIAN_POINT('',(-0.761707680918795,-2.32617751166872,0.));
#15303=CARTESIAN_POINT('',(-0.817530586312056,-2.32617751166872,0.0001));
#15304=CARTESIAN_POINT('',(-0.761707680918795,-2.32617751166872,0.0001));
#15305=CARTESIAN_POINT('',(-0.817530586312056,-2.32617751166872,0.));
#15306=CARTESIAN_POINT('Origin',(-0.817530586312056,-2.18123045042346,0.));
#15307=CARTESIAN_POINT('',(-0.817530586312056,-2.18123045042346,0.));
#15308=CARTESIAN_POINT('',(-0.817530586312056,-2.32617751166872,0.));
#15309=CARTESIAN_POINT('',(-0.817530586312056,-2.18123045042346,0.0001));
#15310=CARTESIAN_POINT('',(-0.817530586312056,-2.32617751166872,0.0001));
#15311=CARTESIAN_POINT('',(-0.817530586312056,-2.18123045042346,0.));
#15312=CARTESIAN_POINT('Origin',(-0.765557536463157,-2.18123045042346,0.));
#15313=CARTESIAN_POINT('',(-0.817530586312056,-2.18123045042346,0.));
#15314=CARTESIAN_POINT('',(-0.817530586312056,-2.18123045042346,0.0001));
#15315=CARTESIAN_POINT('Origin',(-0.776157502864073,-2.24218308383272,0.));
#15316=CARTESIAN_POINT('Origin',(-0.776157502864073,-2.24218308383272,0.0001));
#15317=CARTESIAN_POINT('Origin',(-1.04024471658306,-2.32617751166872,0.));
#15318=CARTESIAN_POINT('',(-1.04024471658306,-2.12617751613907,0.));
#15319=CARTESIAN_POINT('',(-1.04024471658306,-2.32617751166872,0.));
#15320=CARTESIAN_POINT('',(-1.04024471658306,-2.12617751613907,0.));
#15321=CARTESIAN_POINT('',(-1.04024471658306,-2.12617751613907,0.0001));
#15322=CARTESIAN_POINT('',(-1.04024471658306,-2.12617751613907,0.));
#15323=CARTESIAN_POINT('',(-1.04024471658306,-2.32617751166872,0.0001));
#15324=CARTESIAN_POINT('',(-1.04024471658306,-2.12617751613907,0.0001));
#15325=CARTESIAN_POINT('',(-1.04024471658306,-2.32617751166872,0.));
#15326=CARTESIAN_POINT('Origin',(-1.0958751291991,-2.32617751166872,0.));
#15327=CARTESIAN_POINT('',(-1.0958751291991,-2.32617751166872,0.));
#15328=CARTESIAN_POINT('',(-1.04024471658306,-2.32617751166872,0.));
#15329=CARTESIAN_POINT('',(-1.0958751291991,-2.32617751166872,0.0001));
#15330=CARTESIAN_POINT('',(-1.04024471658306,-2.32617751166872,0.0001));
#15331=CARTESIAN_POINT('',(-1.0958751291991,-2.32617751166872,0.));
#15332=CARTESIAN_POINT('Origin',(-1.0958751291991,-2.12617751613907,0.));
#15333=CARTESIAN_POINT('',(-1.0958751291991,-2.12617751613907,0.));
#15334=CARTESIAN_POINT('',(-1.0958751291991,-2.32617751166872,0.));
#15335=CARTESIAN_POINT('',(-1.0958751291991,-2.12617751613907,0.0001));
#15336=CARTESIAN_POINT('',(-1.0958751291991,-2.32617751166872,0.0001));
#15337=CARTESIAN_POINT('',(-1.0958751291991,-2.12617751613907,0.));
#15338=CARTESIAN_POINT('Origin',(-1.04024471658306,-2.12617751613907,0.));
#15339=CARTESIAN_POINT('',(-1.0958751291991,-2.12617751613907,0.));
#15340=CARTESIAN_POINT('',(-1.0958751291991,-2.12617751613907,0.0001));
#15341=CARTESIAN_POINT('Origin',(-1.06805992289108,-2.2261775139039,0.));
#15342=CARTESIAN_POINT('Origin',(-1.06805992289108,-2.2261775139039,0.0001));
#15343=CARTESIAN_POINT('Origin',(-1.22638522819107,-2.16390610047383,0.));
#15344=CARTESIAN_POINT('',(-1.22638522819107,-2.12617751613907,0.));
#15345=CARTESIAN_POINT('',(-1.22638522819107,-2.16390610047383,0.));
#15346=CARTESIAN_POINT('',(-1.22638522819107,-2.12617751613907,0.));
#15347=CARTESIAN_POINT('',(-1.22638522819107,-2.12617751613907,0.0001));
#15348=CARTESIAN_POINT('',(-1.22638522819107,-2.12617751613907,0.));
#15349=CARTESIAN_POINT('',(-1.22638522819107,-2.16390610047383,0.0001));
#15350=CARTESIAN_POINT('',(-1.22638522819107,-2.12617751613907,0.0001));
#15351=CARTESIAN_POINT('',(-1.22638522819107,-2.16390610047383,0.));
#15352=CARTESIAN_POINT('Origin',(-1.28201564080712,-2.16390610047383,0.));
#15353=CARTESIAN_POINT('',(-1.28201564080712,-2.16390610047383,0.));
#15354=CARTESIAN_POINT('',(-1.22638522819107,-2.16390610047383,0.));
#15355=CARTESIAN_POINT('',(-1.28201564080712,-2.16390610047383,0.0001));
#15356=CARTESIAN_POINT('',(-1.22638522819107,-2.16390610047383,0.0001));
#15357=CARTESIAN_POINT('',(-1.28201564080712,-2.16390610047383,0.));
#15358=CARTESIAN_POINT('Origin',(-1.28201564080712,-2.12617751613907,0.));
#15359=CARTESIAN_POINT('',(-1.28201564080712,-2.12617751613907,0.));
#15360=CARTESIAN_POINT('',(-1.28201564080712,-2.16390610047383,0.));
#15361=CARTESIAN_POINT('',(-1.28201564080712,-2.12617751613907,0.0001));
#15362=CARTESIAN_POINT('',(-1.28201564080712,-2.16390610047383,0.0001));
#15363=CARTESIAN_POINT('',(-1.28201564080712,-2.12617751613907,0.));
#15364=CARTESIAN_POINT('Origin',(-1.22638522819107,-2.12617751613907,0.));
#15365=CARTESIAN_POINT('',(-1.28201564080712,-2.12617751613907,0.));
#15366=CARTESIAN_POINT('',(-1.28201564080712,-2.12617751613907,0.0001));
#15367=CARTESIAN_POINT('Origin',(-1.25420043449909,-2.14504180830645,0.));
#15368=CARTESIAN_POINT('Origin',(-1.25420043449909,-2.14504180830645,0.0001));
#15369=CARTESIAN_POINT('Origin',(-1.45121678237284,-2.19624488704648,0.));
#15370=CARTESIAN_POINT('',(-1.45121678237284,-2.12617751613907,0.));
#15371=CARTESIAN_POINT('',(-1.45121678237284,-2.19624488704648,0.));
#15372=CARTESIAN_POINT('',(-1.45121678237284,-2.12617751613907,0.));
#15373=CARTESIAN_POINT('',(-1.45121678237284,-2.12617751613907,0.0001));
#15374=CARTESIAN_POINT('',(-1.45121678237284,-2.12617751613907,0.));
#15375=CARTESIAN_POINT('',(-1.45121678237284,-2.19624488704648,0.0001));
#15376=CARTESIAN_POINT('',(-1.45121678237284,-2.12617751613907,0.0001));
#15377=CARTESIAN_POINT('',(-1.45121678237284,-2.19624488704648,0.));
#15378=CARTESIAN_POINT('Origin',(-1.38365181756927,-2.19624488704648,0.));
#15379=CARTESIAN_POINT('',(-1.38365181756927,-2.19624488704648,0.));
#15380=CARTESIAN_POINT('',(-1.45121678237284,-2.19624488704648,0.));
#15381=CARTESIAN_POINT('',(-1.38365181756927,-2.19624488704648,0.0001));
#15382=CARTESIAN_POINT('',(-1.45121678237284,-2.19624488704648,0.0001));
#15383=CARTESIAN_POINT('',(-1.38365181756927,-2.19624488704648,0.));
#15384=CARTESIAN_POINT('Origin',(-1.38365181756927,-2.12617751613907,0.));
#15385=CARTESIAN_POINT('',(-1.38365181756927,-2.12617751613907,0.));
#15386=CARTESIAN_POINT('',(-1.38365181756927,-2.19624488704648,0.));
#15387=CARTESIAN_POINT('',(-1.38365181756927,-2.12617751613907,0.0001));
#15388=CARTESIAN_POINT('',(-1.38365181756927,-2.19624488704648,0.0001));
#15389=CARTESIAN_POINT('',(-1.38365181756927,-2.12617751613907,0.));
#15390=CARTESIAN_POINT('Origin',(-1.32147665052781,-2.12617751613907,0.));
#15391=CARTESIAN_POINT('',(-1.32147665052781,-2.12617751613907,0.));
#15392=CARTESIAN_POINT('',(-1.38365181756927,-2.12617751613907,0.));
#15393=CARTESIAN_POINT('',(-1.32147665052781,-2.12617751613907,0.0001));
#15394=CARTESIAN_POINT('',(-1.38365181756927,-2.12617751613907,0.0001));
#15395=CARTESIAN_POINT('',(-1.32147665052781,-2.12617751613907,0.));
#15396=CARTESIAN_POINT('Origin',(-1.32147665052781,-2.32617751166872,0.));
#15397=CARTESIAN_POINT('',(-1.32147665052781,-2.32617751166872,0.));
#15398=CARTESIAN_POINT('',(-1.32147665052781,-2.12617751613907,0.));
#15399=CARTESIAN_POINT('',(-1.32147665052781,-2.32617751166872,0.0001));
#15400=CARTESIAN_POINT('',(-1.32147665052781,-2.12617751613907,0.0001));
#15401=CARTESIAN_POINT('',(-1.32147665052781,-2.32617751166872,0.));
#15402=CARTESIAN_POINT('Origin',(-1.38365181756927,-2.32617751166872,0.));
#15403=CARTESIAN_POINT('',(-1.38365181756927,-2.32617751166872,0.));
#15404=CARTESIAN_POINT('',(-1.32147665052781,-2.32617751166872,0.));
#15405=CARTESIAN_POINT('',(-1.38365181756927,-2.32617751166872,0.0001));
#15406=CARTESIAN_POINT('',(-1.32147665052781,-2.32617751166872,0.0001));
#15407=CARTESIAN_POINT('',(-1.38365181756927,-2.32617751166872,0.));
#15408=CARTESIAN_POINT('Origin',(-1.38365181756927,-2.2453305452371,0.));
#15409=CARTESIAN_POINT('',(-1.38365181756927,-2.2453305452371,0.));
#15410=CARTESIAN_POINT('',(-1.38365181756927,-2.32617751166872,0.));
#15411=CARTESIAN_POINT('',(-1.38365181756927,-2.2453305452371,0.0001));
#15412=CARTESIAN_POINT('',(-1.38365181756927,-2.32617751166872,0.0001));
#15413=CARTESIAN_POINT('',(-1.38365181756927,-2.2453305452371,0.));
#15414=CARTESIAN_POINT('Origin',(-1.45121678237284,-2.2453305452371,0.));
#15415=CARTESIAN_POINT('',(-1.45121678237284,-2.2453305452371,0.));
#15416=CARTESIAN_POINT('',(-1.38365181756927,-2.2453305452371,0.));
#15417=CARTESIAN_POINT('',(-1.45121678237284,-2.2453305452371,0.0001));
#15418=CARTESIAN_POINT('',(-1.38365181756927,-2.2453305452371,0.0001));
#15419=CARTESIAN_POINT('',(-1.45121678237284,-2.2453305452371,0.));
#15420=CARTESIAN_POINT('Origin',(-1.45121678237284,-2.32617751166872,0.));
#15421=CARTESIAN_POINT('',(-1.45121678237284,-2.32617751166872,0.));
#15422=CARTESIAN_POINT('',(-1.45121678237284,-2.2453305452371,0.));
#15423=CARTESIAN_POINT('',(-1.45121678237284,-2.32617751166872,0.0001));
#15424=CARTESIAN_POINT('',(-1.45121678237284,-2.2453305452371,0.0001));
#15425=CARTESIAN_POINT('',(-1.45121678237284,-2.32617751166872,0.));
#15426=CARTESIAN_POINT('Origin',(-1.51300696385986,-2.32617751166872,0.));
#15427=CARTESIAN_POINT('',(-1.51300696385986,-2.32617751166872,0.));
#15428=CARTESIAN_POINT('',(-1.45121678237284,-2.32617751166872,0.));
#15429=CARTESIAN_POINT('',(-1.51300696385986,-2.32617751166872,0.0001));
#15430=CARTESIAN_POINT('',(-1.45121678237284,-2.32617751166872,0.0001));
#15431=CARTESIAN_POINT('',(-1.51300696385986,-2.32617751166872,0.));
#15432=CARTESIAN_POINT('Origin',(-1.51300696385986,-2.12617751613907,0.));
#15433=CARTESIAN_POINT('',(-1.51300696385986,-2.12617751613907,0.));
#15434=CARTESIAN_POINT('',(-1.51300696385986,-2.32617751166872,0.));
#15435=CARTESIAN_POINT('',(-1.51300696385986,-2.12617751613907,0.0001));
#15436=CARTESIAN_POINT('',(-1.51300696385986,-2.32617751166872,0.0001));
#15437=CARTESIAN_POINT('',(-1.51300696385986,-2.12617751613907,0.));
#15438=CARTESIAN_POINT('Origin',(-1.45121678237284,-2.12617751613907,0.));
#15439=CARTESIAN_POINT('',(-1.51300696385986,-2.12617751613907,0.));
#15440=CARTESIAN_POINT('',(-1.51300696385986,-2.12617751613907,0.0001));
#15441=CARTESIAN_POINT('Origin',(-1.41729536089765,-2.22599390120512,0.));
#15442=CARTESIAN_POINT('Origin',(-1.41729536089765,-2.22599390120512,0.0001));
#15443=CARTESIAN_POINT('Ctrl Pts',(-0.0758955282995234,-1.76116082254715,
0.));
#15444=CARTESIAN_POINT('Ctrl Pts',(-0.0758955282995234,-1.76116082254715,
0.0001));
#15445=CARTESIAN_POINT('Ctrl Pts',(-0.0911987040883659,-1.76116082254715,
0.));
#15446=CARTESIAN_POINT('Ctrl Pts',(-0.0911987040883659,-1.76116082254715,
0.0001));
#15447=CARTESIAN_POINT('Ctrl Pts',(-0.109966749867135,-1.78021760749174,
0.));
#15448=CARTESIAN_POINT('Ctrl Pts',(-0.109966749867135,-1.78021760749174,
0.0001));
#15449=CARTESIAN_POINT('Ctrl Pts',(-0.109966749867135,-1.79552078328059,
0.));
#15450=CARTESIAN_POINT('Ctrl Pts',(-0.109966749867135,-1.79552078328059,
0.0001));
#15451=CARTESIAN_POINT('',(-0.0758955282995234,-1.76116082254715,0.));
#15452=CARTESIAN_POINT('',(-0.109966749867135,-1.79552078328059,0.));
#15453=CARTESIAN_POINT('Ctrl Pts',(-0.0758955282995234,-1.76116082254715,
0.));
#15454=CARTESIAN_POINT('Ctrl Pts',(-0.0911987040883659,-1.76116082254715,
0.));
#15455=CARTESIAN_POINT('Ctrl Pts',(-0.109966749867135,-1.78021760749174,
0.));
#15456=CARTESIAN_POINT('Ctrl Pts',(-0.109966749867135,-1.79552078328059,
0.));
#15457=CARTESIAN_POINT('',(-0.0758955282995234,-1.76116082254715,0.0001));
#15458=CARTESIAN_POINT('',(-0.0758955282995234,-1.76116082254715,0.));
#15459=CARTESIAN_POINT('',(-0.109966749867135,-1.79552078328059,0.0001));
#15460=CARTESIAN_POINT('Ctrl Pts',(-0.109966749867135,-1.79552078328059,
0.0001));
#15461=CARTESIAN_POINT('Ctrl Pts',(-0.109966749867135,-1.78021760749174,
0.0001));
#15462=CARTESIAN_POINT('Ctrl Pts',(-0.0911987040883659,-1.76116082254715,
0.0001));
#15463=CARTESIAN_POINT('Ctrl Pts',(-0.0758955282995234,-1.76116082254715,
0.0001));
#15464=CARTESIAN_POINT('',(-0.109966749867135,-1.79552078328059,0.));
#15465=CARTESIAN_POINT('Ctrl Pts',(-0.0421130458977392,-1.79638700077807,
0.));
#15466=CARTESIAN_POINT('Ctrl Pts',(-0.0421130458977392,-1.79638700077807,
0.0001));
#15467=CARTESIAN_POINT('Ctrl Pts',(-0.0421130458977392,-1.7807950858234,
0.));
#15468=CARTESIAN_POINT('Ctrl Pts',(-0.0421130458977392,-1.7807950858234,
0.0001));
#15469=CARTESIAN_POINT('Ctrl Pts',(-0.0611698308423354,-1.76116082254715,
0.));
#15470=CARTESIAN_POINT('Ctrl Pts',(-0.0611698308423354,-1.76116082254715,
0.0001));
#15471=CARTESIAN_POINT('Ctrl Pts',(-0.0758955282995234,-1.76116082254715,
0.));
#15472=CARTESIAN_POINT('Ctrl Pts',(-0.0758955282995234,-1.76116082254715,
0.0001));
#15473=CARTESIAN_POINT('',(-0.0421130458977392,-1.79638700077807,0.));
#15474=CARTESIAN_POINT('Ctrl Pts',(-0.0421130458977392,-1.79638700077807,
0.));
#15475=CARTESIAN_POINT('Ctrl Pts',(-0.0421130458977392,-1.7807950858234,
0.));
#15476=CARTESIAN_POINT('Ctrl Pts',(-0.0611698308423354,-1.76116082254715,
0.));
#15477=CARTESIAN_POINT('Ctrl Pts',(-0.0758955282995234,-1.76116082254715,
0.));
#15478=CARTESIAN_POINT('',(-0.0421130458977392,-1.79638700077807,0.0001));
#15479=CARTESIAN_POINT('',(-0.0421130458977392,-1.79638700077807,0.));
#15480=CARTESIAN_POINT('Ctrl Pts',(-0.0758955282995234,-1.76116082254715,
0.0001));
#15481=CARTESIAN_POINT('Ctrl Pts',(-0.0611698308423354,-1.76116082254715,
0.0001));
#15482=CARTESIAN_POINT('Ctrl Pts',(-0.0421130458977392,-1.7807950858234,
0.0001));
#15483=CARTESIAN_POINT('Ctrl Pts',(-0.0421130458977392,-1.79638700077807,
0.0001));
#15484=CARTESIAN_POINT('Ctrl Pts',(-0.0747405716362146,-1.83016948317985,
0.));
#15485=CARTESIAN_POINT('Ctrl Pts',(-0.0747405716362146,-1.83016948317985,
0.0001));
#15486=CARTESIAN_POINT('Ctrl Pts',(-0.0603036133448538,-1.83016948317985,
0.));
#15487=CARTESIAN_POINT('Ctrl Pts',(-0.0603036133448538,-1.83016948317985,
0.0001));
#15488=CARTESIAN_POINT('Ctrl Pts',(-0.0421130458977392,-1.81140143740108,
0.));
#15489=CARTESIAN_POINT('Ctrl Pts',(-0.0421130458977392,-1.81140143740108,
0.0001));
#15490=CARTESIAN_POINT('Ctrl Pts',(-0.0421130458977392,-1.79638700077807,
0.));
#15491=CARTESIAN_POINT('Ctrl Pts',(-0.0421130458977392,-1.79638700077807,
0.0001));
#15492=CARTESIAN_POINT('',(-0.0747405716362146,-1.83016948317985,0.));
#15493=CARTESIAN_POINT('Ctrl Pts',(-0.0747405716362146,-1.83016948317985,
0.));
#15494=CARTESIAN_POINT('Ctrl Pts',(-0.0603036133448538,-1.83016948317985,
0.));
#15495=CARTESIAN_POINT('Ctrl Pts',(-0.0421130458977392,-1.81140143740108,
0.));
#15496=CARTESIAN_POINT('Ctrl Pts',(-0.0421130458977392,-1.79638700077807,
0.));
#15497=CARTESIAN_POINT('',(-0.0747405716362146,-1.83016948317985,0.0001));
#15498=CARTESIAN_POINT('',(-0.0747405716362146,-1.83016948317985,0.));
#15499=CARTESIAN_POINT('Ctrl Pts',(-0.0421130458977392,-1.79638700077807,
0.0001));
#15500=CARTESIAN_POINT('Ctrl Pts',(-0.0421130458977392,-1.81140143740108,
0.0001));
#15501=CARTESIAN_POINT('Ctrl Pts',(-0.0603036133448538,-1.83016948317985,
0.0001));
#15502=CARTESIAN_POINT('Ctrl Pts',(-0.0747405716362146,-1.83016948317985,
0.0001));
#15503=CARTESIAN_POINT('Ctrl Pts',(-0.109966749867135,-1.79552078328059,
0.));
#15504=CARTESIAN_POINT('Ctrl Pts',(-0.109966749867135,-1.79552078328059,
0.0001));
#15505=CARTESIAN_POINT('Ctrl Pts',(-0.109966749867135,-1.81111269823526,
0.));
#15506=CARTESIAN_POINT('Ctrl Pts',(-0.109966749867135,-1.81111269823526,
0.0001));
#15507=CARTESIAN_POINT('Ctrl Pts',(-0.0906212257567114,-1.83016948317985,
0.));
#15508=CARTESIAN_POINT('Ctrl Pts',(-0.0906212257567114,-1.83016948317985,
0.0001));
#15509=CARTESIAN_POINT('Ctrl Pts',(-0.0747405716362146,-1.83016948317985,
0.));
#15510=CARTESIAN_POINT('Ctrl Pts',(-0.0747405716362146,-1.83016948317985,
0.0001));
#15511=CARTESIAN_POINT('Ctrl Pts',(-0.109966749867135,-1.79552078328059,
0.));
#15512=CARTESIAN_POINT('Ctrl Pts',(-0.109966749867135,-1.81111269823526,
0.));
#15513=CARTESIAN_POINT('Ctrl Pts',(-0.0906212257567114,-1.83016948317985,
0.));
#15514=CARTESIAN_POINT('Ctrl Pts',(-0.0747405716362146,-1.83016948317985,
0.));
#15515=CARTESIAN_POINT('Ctrl Pts',(-0.0747405716362146,-1.83016948317985,
0.0001));
#15516=CARTESIAN_POINT('Ctrl Pts',(-0.0906212257567114,-1.83016948317985,
0.0001));
#15517=CARTESIAN_POINT('Ctrl Pts',(-0.109966749867135,-1.81111269823526,
0.0001));
#15518=CARTESIAN_POINT('Ctrl Pts',(-0.109966749867135,-1.79552078328059,
0.0001));
#15519=CARTESIAN_POINT('Ctrl Pts',(-0.0761842674653507,-1.87925514137048,
0.));
#15520=CARTESIAN_POINT('Ctrl Pts',(-0.0761842674653507,-1.87925514137048,
0.0001));
#15521=CARTESIAN_POINT('Ctrl Pts',(-0.0914874432541931,-1.87925514137048,
0.));
#15522=CARTESIAN_POINT('Ctrl Pts',(-0.0914874432541931,-1.87925514137048,
0.0001));
#15523=CARTESIAN_POINT('Ctrl Pts',(-0.11458657652037,-1.90379797046579,
0.));
#15524=CARTESIAN_POINT('Ctrl Pts',(-0.11458657652037,-1.90379797046579,
0.0001));
#15525=CARTESIAN_POINT('Ctrl Pts',(-0.11458657652037,-1.92458719040535,
0.));
#15526=CARTESIAN_POINT('Ctrl Pts',(-0.11458657652037,-1.92458719040535,
0.0001));
#15527=CARTESIAN_POINT('',(-0.0761842674653506,-1.87925514137048,0.));
#15528=CARTESIAN_POINT('',(-0.11458657652037,-1.92458719040535,0.));
#15529=CARTESIAN_POINT('Ctrl Pts',(-0.0761842674653507,-1.87925514137048,
0.));
#15530=CARTESIAN_POINT('Ctrl Pts',(-0.0914874432541931,-1.87925514137048,
0.));
#15531=CARTESIAN_POINT('Ctrl Pts',(-0.11458657652037,-1.90379797046579,
0.));
#15532=CARTESIAN_POINT('Ctrl Pts',(-0.11458657652037,-1.92458719040535,
0.));
#15533=CARTESIAN_POINT('',(-0.0761842674653506,-1.87925514137048,0.0001));
#15534=CARTESIAN_POINT('',(-0.0761842674653506,-1.87925514137048,0.));
#15535=CARTESIAN_POINT('',(-0.11458657652037,-1.92458719040535,0.0001));
#15536=CARTESIAN_POINT('Ctrl Pts',(-0.11458657652037,-1.92458719040535,
0.0001));
#15537=CARTESIAN_POINT('Ctrl Pts',(-0.11458657652037,-1.90379797046579,
0.0001));
#15538=CARTESIAN_POINT('Ctrl Pts',(-0.0914874432541931,-1.87925514137048,
0.0001));
#15539=CARTESIAN_POINT('Ctrl Pts',(-0.0761842674653507,-1.87925514137048,
0.0001));
#15540=CARTESIAN_POINT('',(-0.11458657652037,-1.92458719040535,0.));
#15541=CARTESIAN_POINT('Ctrl Pts',(-0.0366270017470221,-1.92429845123952,
0.));
#15542=CARTESIAN_POINT('Ctrl Pts',(-0.0366270017470221,-1.92429845123952,
0.0001));
#15543=CARTESIAN_POINT('Ctrl Pts',(-0.0366270017470221,-1.90466418796327,
0.));
#15544=CARTESIAN_POINT('Ctrl Pts',(-0.0366270017470221,-1.90466418796327,
0.0001));
#15545=CARTESIAN_POINT('Ctrl Pts',(-0.0603036133448538,-1.87925514137048,
0.));
#15546=CARTESIAN_POINT('Ctrl Pts',(-0.0603036133448538,-1.87925514137048,
0.0001));
#15547=CARTESIAN_POINT('Ctrl Pts',(-0.0761842674653507,-1.87925514137048,
0.));
#15548=CARTESIAN_POINT('Ctrl Pts',(-0.0761842674653507,-1.87925514137048,
0.0001));
#15549=CARTESIAN_POINT('',(-0.0366270017470221,-1.92429845123952,0.));
#15550=CARTESIAN_POINT('Ctrl Pts',(-0.0366270017470221,-1.92429845123952,
0.));
#15551=CARTESIAN_POINT('Ctrl Pts',(-0.0366270017470221,-1.90466418796327,
0.));
#15552=CARTESIAN_POINT('Ctrl Pts',(-0.0603036133448538,-1.87925514137048,
0.));
#15553=CARTESIAN_POINT('Ctrl Pts',(-0.0761842674653507,-1.87925514137048,
0.));
#15554=CARTESIAN_POINT('',(-0.0366270017470221,-1.92429845123952,0.0001));
#15555=CARTESIAN_POINT('',(-0.0366270017470221,-1.92429845123952,0.));
#15556=CARTESIAN_POINT('Ctrl Pts',(-0.0761842674653507,-1.87925514137048,
0.0001));
#15557=CARTESIAN_POINT('Ctrl Pts',(-0.0603036133448538,-1.87925514137048,
0.0001));
#15558=CARTESIAN_POINT('Ctrl Pts',(-0.0366270017470221,-1.90466418796327,
0.0001));
#15559=CARTESIAN_POINT('Ctrl Pts',(-0.0366270017470221,-1.92429845123952,
0.0001));
#15560=CARTESIAN_POINT('Ctrl Pts',(-0.0750293108020418,-1.9696305002744,
0.));
#15561=CARTESIAN_POINT('Ctrl Pts',(-0.0750293108020418,-1.9696305002744,
0.0001));
#15562=CARTESIAN_POINT('Ctrl Pts',(-0.0603036133448538,-1.9696305002744,
0.));
#15563=CARTESIAN_POINT('Ctrl Pts',(-0.0603036133448538,-1.9696305002744,
0.0001));
#15564=CARTESIAN_POINT('Ctrl Pts',(-0.0366270017470221,-1.94393271451577,
0.));
#15565=CARTESIAN_POINT('Ctrl Pts',(-0.0366270017470221,-1.94393271451577,
0.0001));
#15566=CARTESIAN_POINT('Ctrl Pts',(-0.0366270017470221,-1.92429845123952,
0.));
#15567=CARTESIAN_POINT('Ctrl Pts',(-0.0366270017470221,-1.92429845123952,
0.0001));
#15568=CARTESIAN_POINT('',(-0.0750293108020418,-1.9696305002744,0.));
#15569=CARTESIAN_POINT('Ctrl Pts',(-0.0750293108020418,-1.9696305002744,
0.));
#15570=CARTESIAN_POINT('Ctrl Pts',(-0.0603036133448538,-1.9696305002744,
0.));
#15571=CARTESIAN_POINT('Ctrl Pts',(-0.0366270017470221,-1.94393271451577,
0.));
#15572=CARTESIAN_POINT('Ctrl Pts',(-0.0366270017470221,-1.92429845123952,
0.));
#15573=CARTESIAN_POINT('',(-0.0750293108020418,-1.9696305002744,0.0001));
#15574=CARTESIAN_POINT('',(-0.0750293108020418,-1.9696305002744,0.));
#15575=CARTESIAN_POINT('Ctrl Pts',(-0.0366270017470221,-1.92429845123952,
0.0001));
#15576=CARTESIAN_POINT('Ctrl Pts',(-0.0366270017470221,-1.94393271451577,
0.0001));
#15577=CARTESIAN_POINT('Ctrl Pts',(-0.0603036133448538,-1.9696305002744,
0.0001));
#15578=CARTESIAN_POINT('Ctrl Pts',(-0.0750293108020418,-1.9696305002744,
0.0001));
#15579=CARTESIAN_POINT('Ctrl Pts',(-0.11458657652037,-1.92458719040535,
0.));
#15580=CARTESIAN_POINT('Ctrl Pts',(-0.11458657652037,-1.92458719040535,
0.0001));
#15581=CARTESIAN_POINT('Ctrl Pts',(-0.11458657652037,-1.94451019284743,
0.));
#15582=CARTESIAN_POINT('Ctrl Pts',(-0.11458657652037,-1.94451019284743,
0.0001));
#15583=CARTESIAN_POINT('Ctrl Pts',(-0.0906212257567114,-1.9696305002744,
0.));
#15584=CARTESIAN_POINT('Ctrl Pts',(-0.0906212257567114,-1.9696305002744,
0.0001));
#15585=CARTESIAN_POINT('Ctrl Pts',(-0.0750293108020418,-1.9696305002744,
0.));
#15586=CARTESIAN_POINT('Ctrl Pts',(-0.0750293108020418,-1.9696305002744,
0.0001));
#15587=CARTESIAN_POINT('Ctrl Pts',(-0.11458657652037,-1.92458719040535,
0.));
#15588=CARTESIAN_POINT('Ctrl Pts',(-0.11458657652037,-1.94451019284743,
0.));
#15589=CARTESIAN_POINT('Ctrl Pts',(-0.0906212257567114,-1.9696305002744,
0.));
#15590=CARTESIAN_POINT('Ctrl Pts',(-0.0750293108020418,-1.9696305002744,
0.));
#15591=CARTESIAN_POINT('Ctrl Pts',(-0.0750293108020418,-1.9696305002744,
0.0001));
#15592=CARTESIAN_POINT('Ctrl Pts',(-0.0906212257567114,-1.9696305002744,
0.0001));
#15593=CARTESIAN_POINT('Ctrl Pts',(-0.11458657652037,-1.94451019284743,
0.0001));
#15594=CARTESIAN_POINT('Ctrl Pts',(-0.11458657652037,-1.92458719040535,
0.0001));
#15595=CARTESIAN_POINT('Ctrl Pts',(-0.188503802972138,-1.79061221746152,
0.));
#15596=CARTESIAN_POINT('Ctrl Pts',(-0.188503802972138,-1.79061221746152,
0.0001));
#15597=CARTESIAN_POINT('Ctrl Pts',(-0.188503802972138,-1.81342261156187,
0.));
#15598=CARTESIAN_POINT('Ctrl Pts',(-0.188503802972138,-1.81342261156187,
0.0001));
#15599=CARTESIAN_POINT('Ctrl Pts',(-0.176088018841567,-1.83103570067733,
0.));
#15600=CARTESIAN_POINT('Ctrl Pts',(-0.176088018841567,-1.83103570067733,
0.0001));
#15601=CARTESIAN_POINT('',(-0.176088018841567,-1.83103570067733,0.));
#15602=CARTESIAN_POINT('',(-0.188503802972138,-1.79061221746152,0.));
#15603=CARTESIAN_POINT('Ctrl Pts',(-0.176088018841567,-1.83103570067733,
0.));
#15604=CARTESIAN_POINT('Ctrl Pts',(-0.188503802972138,-1.81342261156187,
0.));
#15605=CARTESIAN_POINT('Ctrl Pts',(-0.188503802972138,-1.79061221746152,
0.));
#15606=CARTESIAN_POINT('',(-0.176088018841567,-1.83103570067733,0.0001));
#15607=CARTESIAN_POINT('',(-0.176088018841567,-1.83103570067733,0.));
#15608=CARTESIAN_POINT('',(-0.188503802972138,-1.79061221746152,0.0001));
#15609=CARTESIAN_POINT('Ctrl Pts',(-0.188503802972138,-1.79061221746152,
0.0001));
#15610=CARTESIAN_POINT('Ctrl Pts',(-0.188503802972138,-1.81342261156187,
0.0001));
#15611=CARTESIAN_POINT('Ctrl Pts',(-0.176088018841567,-1.83103570067733,
0.0001));
#15612=CARTESIAN_POINT('',(-0.188503802972138,-1.79061221746152,0.));
#15613=CARTESIAN_POINT('Ctrl Pts',(-0.153277624741217,-1.7288220359745,
0.));
#15614=CARTESIAN_POINT('Ctrl Pts',(-0.153277624741217,-1.7288220359745,
0.0001));
#15615=CARTESIAN_POINT('Ctrl Pts',(-0.188503802972138,-1.75278738673816,
0.));
#15616=CARTESIAN_POINT('Ctrl Pts',(-0.188503802972138,-1.75278738673816,
0.0001));
#15617=CARTESIAN_POINT('Ctrl Pts',(-0.188503802972138,-1.79061221746152,
0.));
#15618=CARTESIAN_POINT('Ctrl Pts',(-0.188503802972138,-1.79061221746152,
0.0001));
#15619=CARTESIAN_POINT('',(-0.153277624741217,-1.7288220359745,0.));
#15620=CARTESIAN_POINT('Ctrl Pts',(-0.188503802972138,-1.79061221746152,
0.));
#15621=CARTESIAN_POINT('Ctrl Pts',(-0.188503802972138,-1.75278738673816,
0.));
#15622=CARTESIAN_POINT('Ctrl Pts',(-0.153277624741217,-1.7288220359745,
0.));
#15623=CARTESIAN_POINT('',(-0.153277624741217,-1.7288220359745,0.0001));
#15624=CARTESIAN_POINT('Ctrl Pts',(-0.153277624741217,-1.7288220359745,
0.0001));
#15625=CARTESIAN_POINT('Ctrl Pts',(-0.188503802972138,-1.75278738673816,
0.0001));
#15626=CARTESIAN_POINT('Ctrl Pts',(-0.188503802972138,-1.79061221746152,
0.0001));
#15627=CARTESIAN_POINT('',(-0.153277624741217,-1.7288220359745,0.));
#15628=CARTESIAN_POINT('Ctrl Pts',(-0.0802266157869317,-1.71034272936156,
0.));
#15629=CARTESIAN_POINT('Ctrl Pts',(-0.0802266157869317,-1.71034272936156,
0.0001));
#15630=CARTESIAN_POINT('Ctrl Pts',(-0.125558664821805,-1.71034272936156,
0.));
#15631=CARTESIAN_POINT('Ctrl Pts',(-0.125558664821805,-1.71034272936156,
0.0001));
#15632=CARTESIAN_POINT('Ctrl Pts',(-0.153277624741217,-1.7288220359745,
0.));
#15633=CARTESIAN_POINT('Ctrl Pts',(-0.153277624741217,-1.7288220359745,
0.0001));
#15634=CARTESIAN_POINT('',(-0.0802266157869317,-1.71034272936156,0.));
#15635=CARTESIAN_POINT('Ctrl Pts',(-0.153277624741217,-1.7288220359745,
0.));
#15636=CARTESIAN_POINT('Ctrl Pts',(-0.125558664821805,-1.71034272936156,
0.));
#15637=CARTESIAN_POINT('Ctrl Pts',(-0.0802266157869317,-1.71034272936156,
0.));
#15638=CARTESIAN_POINT('',(-0.0802266157869317,-1.71034272936156,0.0001));
#15639=CARTESIAN_POINT('Ctrl Pts',(-0.0802266157869317,-1.71034272936156,
0.0001));
#15640=CARTESIAN_POINT('Ctrl Pts',(-0.125558664821805,-1.71034272936156,
0.0001));
#15641=CARTESIAN_POINT('Ctrl Pts',(-0.153277624741217,-1.7288220359745,
0.0001));
#15642=CARTESIAN_POINT('',(-0.0802266157869317,-1.71034272936156,0.));
#15643=CARTESIAN_POINT('Ctrl Pts',(0.0372902247047453,-1.79118969579318,
0.));
#15644=CARTESIAN_POINT('Ctrl Pts',(0.0372902247047453,-1.79118969579318,
0.0001));
#15645=CARTESIAN_POINT('Ctrl Pts',(0.0372902247047453,-1.75625225672808,
0.));
#15646=CARTESIAN_POINT('Ctrl Pts',(0.0372902247047453,-1.75625225672808,
0.0001));
#15647=CARTESIAN_POINT('Ctrl Pts',(-0.0201688692948707,-1.71034272936156,
0.));
#15648=CARTESIAN_POINT('Ctrl Pts',(-0.0201688692948707,-1.71034272936156,
0.0001));
#15649=CARTESIAN_POINT('Ctrl Pts',(-0.0802266157869317,-1.71034272936156,
0.));
#15650=CARTESIAN_POINT('Ctrl Pts',(-0.0802266157869317,-1.71034272936156,
0.0001));
#15651=CARTESIAN_POINT('',(0.0372902247047453,-1.79118969579318,0.));
#15652=CARTESIAN_POINT('Ctrl Pts',(-0.0802266157869317,-1.71034272936156,
0.));
#15653=CARTESIAN_POINT('Ctrl Pts',(-0.0201688692948707,-1.71034272936156,
0.));
#15654=CARTESIAN_POINT('Ctrl Pts',(0.0372902247047453,-1.75625225672808,
0.));
#15655=CARTESIAN_POINT('Ctrl Pts',(0.0372902247047453,-1.79118969579318,
0.));
#15656=CARTESIAN_POINT('',(0.0372902247047453,-1.79118969579318,0.0001));
#15657=CARTESIAN_POINT('Ctrl Pts',(0.0372902247047453,-1.79118969579318,
0.0001));
#15658=CARTESIAN_POINT('Ctrl Pts',(0.0372902247047453,-1.75625225672808,
0.0001));
#15659=CARTESIAN_POINT('Ctrl Pts',(-0.0201688692948707,-1.71034272936156,
0.0001));
#15660=CARTESIAN_POINT('Ctrl Pts',(-0.0802266157869317,-1.71034272936156,
0.0001));
#15661=CARTESIAN_POINT('',(0.0372902247047453,-1.79118969579318,0.));
#15662=CARTESIAN_POINT('Ctrl Pts',(0.0257406580716566,-1.82901452651654,
0.));
#15663=CARTESIAN_POINT('Ctrl Pts',(0.0257406580716566,-1.82901452651654,
0.0001));
#15664=CARTESIAN_POINT('Ctrl Pts',(0.0372902247047453,-1.81140143740108,
0.));
#15665=CARTESIAN_POINT('Ctrl Pts',(0.0372902247047453,-1.81140143740108,
0.0001));
#15666=CARTESIAN_POINT('Ctrl Pts',(0.0372902247047453,-1.79118969579318,
0.));
#15667=CARTESIAN_POINT('Ctrl Pts',(0.0372902247047453,-1.79118969579318,
0.0001));
#15668=CARTESIAN_POINT('',(0.0257406580716566,-1.82901452651654,0.));
#15669=CARTESIAN_POINT('Ctrl Pts',(0.0372902247047453,-1.79118969579318,
0.));
#15670=CARTESIAN_POINT('Ctrl Pts',(0.0372902247047453,-1.81140143740108,
0.));
#15671=CARTESIAN_POINT('Ctrl Pts',(0.0257406580716566,-1.82901452651654,
0.));
#15672=CARTESIAN_POINT('',(0.0257406580716566,-1.82901452651654,0.0001));
#15673=CARTESIAN_POINT('Ctrl Pts',(0.0257406580716566,-1.82901452651654,
0.0001));
#15674=CARTESIAN_POINT('Ctrl Pts',(0.0372902247047453,-1.81140143740108,
0.0001));
#15675=CARTESIAN_POINT('Ctrl Pts',(0.0372902247047453,-1.79118969579318,
0.0001));
#15676=CARTESIAN_POINT('',(0.0257406580716566,-1.82901452651654,0.));
#15677=CARTESIAN_POINT('Ctrl Pts',(-0.0011120843502745,-1.85442357310934,
0.));
#15678=CARTESIAN_POINT('Ctrl Pts',(-0.0011120843502745,-1.85442357310934,
0.0001));
#15679=CARTESIAN_POINT('Ctrl Pts',(0.0173672222626673,-1.84229652814459,
0.));
#15680=CARTESIAN_POINT('Ctrl Pts',(0.0173672222626673,-1.84229652814459,
0.0001));
#15681=CARTESIAN_POINT('Ctrl Pts',(0.0257406580716566,-1.82901452651654,
0.));
#15682=CARTESIAN_POINT('Ctrl Pts',(0.0257406580716566,-1.82901452651654,
0.0001));
#15683=CARTESIAN_POINT('',(-0.0011120843502745,-1.85442357310934,0.));
#15684=CARTESIAN_POINT('Ctrl Pts',(0.0257406580716566,-1.82901452651654,
0.));
#15685=CARTESIAN_POINT('Ctrl Pts',(0.0173672222626673,-1.84229652814459,
0.));
#15686=CARTESIAN_POINT('Ctrl Pts',(-0.0011120843502745,-1.85442357310934,
0.));
#15687=CARTESIAN_POINT('',(-0.0011120843502745,-1.85442357310934,0.0001));
#15688=CARTESIAN_POINT('Ctrl Pts',(-0.0011120843502745,-1.85442357310934,
0.0001));
#15689=CARTESIAN_POINT('Ctrl Pts',(0.0173672222626673,-1.84229652814459,
0.0001));
#15690=CARTESIAN_POINT('Ctrl Pts',(0.0257406580716566,-1.82901452651654,
0.0001));
#15691=CARTESIAN_POINT('',(-0.0011120843502745,-1.85442357310934,0.));
#15692=CARTESIAN_POINT('Ctrl Pts',(0.0471073563428706,-1.92805206039528,
0.));
#15693=CARTESIAN_POINT('Ctrl Pts',(0.0471073563428706,-1.92805206039528,
0.0001));
#15694=CARTESIAN_POINT('Ctrl Pts',(0.0471073563428706,-1.90466418796327,
0.));
#15695=CARTESIAN_POINT('Ctrl Pts',(0.0471073563428706,-1.90466418796327,
0.0001));
#15696=CARTESIAN_POINT('Ctrl Pts',(0.0231420055792117,-1.86626187890825,
0.));
#15697=CARTESIAN_POINT('Ctrl Pts',(0.0231420055792117,-1.86626187890825,
0.0001));
#15698=CARTESIAN_POINT('Ctrl Pts',(-0.0011120843502745,-1.85442357310934,
0.));
#15699=CARTESIAN_POINT('Ctrl Pts',(-0.0011120843502745,-1.85442357310934,
0.0001));
#15700=CARTESIAN_POINT('',(0.0471073563428706,-1.92805206039528,0.));
#15701=CARTESIAN_POINT('Ctrl Pts',(-0.0011120843502745,-1.85442357310934,
0.));
#15702=CARTESIAN_POINT('Ctrl Pts',(0.0231420055792117,-1.86626187890825,
0.));
#15703=CARTESIAN_POINT('Ctrl Pts',(0.0471073563428706,-1.90466418796327,
0.));
#15704=CARTESIAN_POINT('Ctrl Pts',(0.0471073563428706,-1.92805206039528,
0.));
#15705=CARTESIAN_POINT('',(0.0471073563428706,-1.92805206039528,0.0001));
#15706=CARTESIAN_POINT('Ctrl Pts',(0.0471073563428706,-1.92805206039528,
0.0001));
#15707=CARTESIAN_POINT('Ctrl Pts',(0.0471073563428706,-1.90466418796327,
0.0001));
#15708=CARTESIAN_POINT('Ctrl Pts',(0.0231420055792117,-1.86626187890825,
0.0001));
#15709=CARTESIAN_POINT('Ctrl Pts',(-0.0011120843502745,-1.85442357310934,
0.0001));
#15710=CARTESIAN_POINT('',(0.0471073563428706,-1.92805206039528,0.));
#15711=CARTESIAN_POINT('Ctrl Pts',(-0.0735856149729057,-2.02073733262581,
0.));
#15712=CARTESIAN_POINT('Ctrl Pts',(-0.0735856149729057,-2.02073733262581,
0.0001));
#15713=CARTESIAN_POINT('Ctrl Pts',(-0.0484653075459379,-2.02073733262581,
0.));
#15714=CARTESIAN_POINT('Ctrl Pts',(-0.0484653075459379,-2.02073733262581,
0.0001));
#15715=CARTESIAN_POINT('Ctrl Pts',(-0.00371073684271944,-2.01063146182186,
0.));
#15716=CARTESIAN_POINT('Ctrl Pts',(-0.00371073684271944,-2.01063146182186,
0.0001));
#15717=CARTESIAN_POINT('Ctrl Pts',(0.0266068755691383,-1.98955350271648,
0.));
#15718=CARTESIAN_POINT('Ctrl Pts',(0.0266068755691383,-1.98955350271648,
0.0001));
#15719=CARTESIAN_POINT('Ctrl Pts',(0.0471073563428706,-1.95028497616397,
0.));
#15720=CARTESIAN_POINT('Ctrl Pts',(0.0471073563428706,-1.95028497616397,
0.0001));
#15721=CARTESIAN_POINT('Ctrl Pts',(0.0471073563428706,-1.92805206039528,
0.));
#15722=CARTESIAN_POINT('Ctrl Pts',(0.0471073563428706,-1.92805206039528,
0.0001));
#15723=CARTESIAN_POINT('',(-0.0735856149729057,-2.02073733262581,0.));
#15724=CARTESIAN_POINT('Ctrl Pts',(0.0471073563428706,-1.92805206039528,
0.));
#15725=CARTESIAN_POINT('Ctrl Pts',(0.0471073563428706,-1.95028497616397,
0.));
#15726=CARTESIAN_POINT('Ctrl Pts',(0.0266068755691383,-1.98955350271648,
0.));
#15727=CARTESIAN_POINT('Ctrl Pts',(-0.00371073684271944,-2.01063146182186,
0.));
#15728=CARTESIAN_POINT('Ctrl Pts',(-0.0484653075459379,-2.02073733262581,
0.));
#15729=CARTESIAN_POINT('Ctrl Pts',(-0.0735856149729057,-2.02073733262581,
0.));
#15730=CARTESIAN_POINT('',(-0.0735856149729057,-2.02073733262581,0.0001));
#15731=CARTESIAN_POINT('Ctrl Pts',(-0.0735856149729057,-2.02073733262581,
0.0001));
#15732=CARTESIAN_POINT('Ctrl Pts',(-0.0484653075459379,-2.02073733262581,
0.0001));
#15733=CARTESIAN_POINT('Ctrl Pts',(-0.00371073684271944,-2.01063146182186,
0.0001));
#15734=CARTESIAN_POINT('Ctrl Pts',(0.0266068755691383,-1.98955350271648,
0.0001));
#15735=CARTESIAN_POINT('Ctrl Pts',(0.0471073563428706,-1.95028497616397,
0.0001));
#15736=CARTESIAN_POINT('Ctrl Pts',(0.0471073563428706,-1.92805206039528,
0.0001));
#15737=CARTESIAN_POINT('',(-0.0735856149729057,-2.02073733262581,0.));
#15738=CARTESIAN_POINT('Ctrl Pts',(-0.197743456278609,-1.92747458206362,
0.));
#15739=CARTESIAN_POINT('Ctrl Pts',(-0.197743456278609,-1.92747458206362,
0.0001));
#15740=CARTESIAN_POINT('Ctrl Pts',(-0.197743456278609,-1.95461606365138,
0.));
#15741=CARTESIAN_POINT('Ctrl Pts',(-0.197743456278609,-1.95461606365138,
0.0001));
#15742=CARTESIAN_POINT('Ctrl Pts',(-0.171468192188332,-1.99821567769129,
0.));
#15743=CARTESIAN_POINT('Ctrl Pts',(-0.171468192188332,-1.99821567769129,
0.0001));
#15744=CARTESIAN_POINT('Ctrl Pts',(-0.121227577334396,-2.02073733262581,
0.));
#15745=CARTESIAN_POINT('Ctrl Pts',(-0.121227577334396,-2.02073733262581,
0.0001));
#15746=CARTESIAN_POINT('Ctrl Pts',(-0.0735856149729057,-2.02073733262581,
0.));
#15747=CARTESIAN_POINT('Ctrl Pts',(-0.0735856149729057,-2.02073733262581,
0.0001));
#15748=CARTESIAN_POINT('',(-0.197743456278609,-1.92747458206362,0.));
#15749=CARTESIAN_POINT('Ctrl Pts',(-0.0735856149729057,-2.02073733262581,
0.));
#15750=CARTESIAN_POINT('Ctrl Pts',(-0.121227577334396,-2.02073733262581,
0.));
#15751=CARTESIAN_POINT('Ctrl Pts',(-0.171468192188332,-1.99821567769129,
0.));
#15752=CARTESIAN_POINT('Ctrl Pts',(-0.197743456278609,-1.95461606365138,
0.));
#15753=CARTESIAN_POINT('Ctrl Pts',(-0.197743456278609,-1.92747458206362,
0.));
#15754=CARTESIAN_POINT('',(-0.197743456278609,-1.92747458206362,0.0001));
#15755=CARTESIAN_POINT('Ctrl Pts',(-0.197743456278609,-1.92747458206362,
0.0001));
#15756=CARTESIAN_POINT('Ctrl Pts',(-0.197743456278609,-1.95461606365138,
0.0001));
#15757=CARTESIAN_POINT('Ctrl Pts',(-0.171468192188332,-1.99821567769129,
0.0001));
#15758=CARTESIAN_POINT('Ctrl Pts',(-0.121227577334396,-2.02073733262581,
0.0001));
#15759=CARTESIAN_POINT('Ctrl Pts',(-0.0735856149729057,-2.02073733262581,
0.0001));
#15760=CARTESIAN_POINT('',(-0.197743456278609,-1.92747458206362,0.));
#15761=CARTESIAN_POINT('Ctrl Pts',(-0.147502841424673,-1.85442357310934,
0.));
#15762=CARTESIAN_POINT('Ctrl Pts',(-0.147502841424673,-1.85442357310934,
0.0001));
#15763=CARTESIAN_POINT('Ctrl Pts',(-0.173200627183295,-1.86452944391329,
0.));
#15764=CARTESIAN_POINT('Ctrl Pts',(-0.173200627183295,-1.86452944391329,
0.0001));
#15765=CARTESIAN_POINT('Ctrl Pts',(-0.197743456278609,-1.90119931797335,
0.));
#15766=CARTESIAN_POINT('Ctrl Pts',(-0.197743456278609,-1.90119931797335,
0.0001));
#15767=CARTESIAN_POINT('Ctrl Pts',(-0.197743456278609,-1.92747458206362,
0.));
#15768=CARTESIAN_POINT('Ctrl Pts',(-0.197743456278609,-1.92747458206362,
0.0001));
#15769=CARTESIAN_POINT('',(-0.147502841424673,-1.85442357310934,0.));
#15770=CARTESIAN_POINT('Ctrl Pts',(-0.197743456278609,-1.92747458206362,
0.));
#15771=CARTESIAN_POINT('Ctrl Pts',(-0.197743456278609,-1.90119931797335,
0.));
#15772=CARTESIAN_POINT('Ctrl Pts',(-0.173200627183295,-1.86452944391329,
0.));
#15773=CARTESIAN_POINT('Ctrl Pts',(-0.147502841424673,-1.85442357310934,
0.));
#15774=CARTESIAN_POINT('',(-0.147502841424673,-1.85442357310934,0.0001));
#15775=CARTESIAN_POINT('Ctrl Pts',(-0.147502841424673,-1.85442357310934,
0.0001));
#15776=CARTESIAN_POINT('Ctrl Pts',(-0.173200627183295,-1.86452944391329,
0.0001));
#15777=CARTESIAN_POINT('Ctrl Pts',(-0.197743456278609,-1.90119931797335,
0.0001));
#15778=CARTESIAN_POINT('Ctrl Pts',(-0.197743456278609,-1.92747458206362,
0.0001));
#15779=CARTESIAN_POINT('',(-0.147502841424673,-1.85442357310934,0.));
#15780=CARTESIAN_POINT('Ctrl Pts',(-0.176088018841567,-1.83103570067733,
0.));
#15781=CARTESIAN_POINT('Ctrl Pts',(-0.176088018841567,-1.83103570067733,
0.0001));
#15782=CARTESIAN_POINT('Ctrl Pts',(-0.167137104700924,-1.84402896313956,
0.));
#15783=CARTESIAN_POINT('Ctrl Pts',(-0.167137104700924,-1.84402896313956,
0.0001));
#15784=CARTESIAN_POINT('Ctrl Pts',(-0.147502841424673,-1.85442357310934,
0.));
#15785=CARTESIAN_POINT('Ctrl Pts',(-0.147502841424673,-1.85442357310934,
0.0001));
#15786=CARTESIAN_POINT('Ctrl Pts',(-0.147502841424673,-1.85442357310934,
0.));
#15787=CARTESIAN_POINT('Ctrl Pts',(-0.167137104700924,-1.84402896313956,
0.));
#15788=CARTESIAN_POINT('Ctrl Pts',(-0.176088018841567,-1.83103570067733,
0.));
#15789=CARTESIAN_POINT('Ctrl Pts',(-0.176088018841567,-1.83103570067733,
0.0001));
#15790=CARTESIAN_POINT('Ctrl Pts',(-0.167137104700924,-1.84402896313956,
0.0001));
#15791=CARTESIAN_POINT('Ctrl Pts',(-0.147502841424673,-1.85442357310934,
0.0001));
#15792=CARTESIAN_POINT('Origin',(-0.0759796307447099,-1.86677926894895,
0.));
#15793=CARTESIAN_POINT('Origin',(-0.0759796307447099,-1.86677926894895,
0.0001));
#15794=CARTESIAN_POINT('Ctrl Pts',(-0.35597253060746,-1.76578064920038,
0.));
#15795=CARTESIAN_POINT('Ctrl Pts',(-0.35597253060746,-1.76578064920038,
0.0001));
#15796=CARTESIAN_POINT('Ctrl Pts',(-0.376473011381192,-1.76578064920038,
0.));
#15797=CARTESIAN_POINT('Ctrl Pts',(-0.376473011381192,-1.76578064920038,
0.0001));
#15798=CARTESIAN_POINT('Ctrl Pts',(-0.394952317994134,-1.80764782824533,
0.));
#15799=CARTESIAN_POINT('Ctrl Pts',(-0.394952317994134,-1.80764782824533,
0.0001));
#15800=CARTESIAN_POINT('Ctrl Pts',(-0.394952317994134,-1.86452944391329,
0.));
#15801=CARTESIAN_POINT('Ctrl Pts',(-0.394952317994134,-1.86452944391329,
0.0001));
#15802=CARTESIAN_POINT('',(-0.35597253060746,-1.76578064920038,0.));
#15803=CARTESIAN_POINT('',(-0.394952317994134,-1.86452944391329,0.));
#15804=CARTESIAN_POINT('Ctrl Pts',(-0.35597253060746,-1.76578064920038,
0.));
#15805=CARTESIAN_POINT('Ctrl Pts',(-0.376473011381192,-1.76578064920038,
0.));
#15806=CARTESIAN_POINT('Ctrl Pts',(-0.394952317994134,-1.80764782824533,
0.));
#15807=CARTESIAN_POINT('Ctrl Pts',(-0.394952317994134,-1.86452944391329,
0.));
#15808=CARTESIAN_POINT('',(-0.35597253060746,-1.76578064920038,0.0001));
#15809=CARTESIAN_POINT('',(-0.35597253060746,-1.76578064920038,0.));
#15810=CARTESIAN_POINT('',(-0.394952317994134,-1.86452944391329,0.0001));
#15811=CARTESIAN_POINT('Ctrl Pts',(-0.394952317994134,-1.86452944391329,
0.0001));
#15812=CARTESIAN_POINT('Ctrl Pts',(-0.394952317994134,-1.80764782824533,
0.0001));
#15813=CARTESIAN_POINT('Ctrl Pts',(-0.376473011381192,-1.76578064920038,
0.0001));
#15814=CARTESIAN_POINT('Ctrl Pts',(-0.35597253060746,-1.76578064920038,
0.0001));
#15815=CARTESIAN_POINT('',(-0.394952317994134,-1.86452944391329,0.));
#15816=CARTESIAN_POINT('Ctrl Pts',(-0.315549047391649,-1.86683935723991,
0.));
#15817=CARTESIAN_POINT('Ctrl Pts',(-0.315549047391649,-1.86683935723991,
0.0001));
#15818=CARTESIAN_POINT('Ctrl Pts',(-0.315549047391649,-1.80707034991367,
0.));
#15819=CARTESIAN_POINT('Ctrl Pts',(-0.315549047391649,-1.80707034991367,
0.0001));
#15820=CARTESIAN_POINT('Ctrl Pts',(-0.335760788999554,-1.76578064920038,
0.));
#15821=CARTESIAN_POINT('Ctrl Pts',(-0.335760788999554,-1.76578064920038,
0.0001));
#15822=CARTESIAN_POINT('Ctrl Pts',(-0.35597253060746,-1.76578064920038,
0.));
#15823=CARTESIAN_POINT('Ctrl Pts',(-0.35597253060746,-1.76578064920038,
0.0001));
#15824=CARTESIAN_POINT('',(-0.315549047391649,-1.86683935723991,0.));
#15825=CARTESIAN_POINT('Ctrl Pts',(-0.315549047391649,-1.86683935723991,
0.));
#15826=CARTESIAN_POINT('Ctrl Pts',(-0.315549047391649,-1.80707034991367,
0.));
#15827=CARTESIAN_POINT('Ctrl Pts',(-0.335760788999554,-1.76578064920038,
0.));
#15828=CARTESIAN_POINT('Ctrl Pts',(-0.35597253060746,-1.76578064920038,
0.));
#15829=CARTESIAN_POINT('',(-0.315549047391649,-1.86683935723991,0.0001));
#15830=CARTESIAN_POINT('',(-0.315549047391649,-1.86683935723991,0.));
#15831=CARTESIAN_POINT('Ctrl Pts',(-0.35597253060746,-1.76578064920038,
0.0001));
#15832=CARTESIAN_POINT('Ctrl Pts',(-0.335760788999554,-1.76578064920038,
0.0001));
#15833=CARTESIAN_POINT('Ctrl Pts',(-0.315549047391649,-1.80707034991367,
0.0001));
#15834=CARTESIAN_POINT('Ctrl Pts',(-0.315549047391649,-1.86683935723991,
0.0001));
#15835=CARTESIAN_POINT('Ctrl Pts',(-0.355683791441632,-1.96385571695785,
0.));
#15836=CARTESIAN_POINT('Ctrl Pts',(-0.355683791441632,-1.96385571695785,
0.0001));
#15837=CARTESIAN_POINT('Ctrl Pts',(-0.342979268145235,-1.96385571695785,
0.));
#15838=CARTESIAN_POINT('Ctrl Pts',(-0.342979268145235,-1.96385571695785,
0.0001));
#15839=CARTESIAN_POINT('Ctrl Pts',(-0.324211222366466,-1.94595388867657,
0.));
#15840=CARTESIAN_POINT('Ctrl Pts',(-0.324211222366466,-1.94595388867657,
0.0001));
#15841=CARTESIAN_POINT('Ctrl Pts',(-0.315549047391649,-1.90755157962155,
0.));
#15842=CARTESIAN_POINT('Ctrl Pts',(-0.315549047391649,-1.90755157962155,
0.0001));
#15843=CARTESIAN_POINT('Ctrl Pts',(-0.315549047391649,-1.86683935723991,
0.));
#15844=CARTESIAN_POINT('Ctrl Pts',(-0.315549047391649,-1.86683935723991,
0.0001));
#15845=CARTESIAN_POINT('',(-0.355683791441632,-1.96385571695785,0.));
#15846=CARTESIAN_POINT('Ctrl Pts',(-0.355683791441632,-1.96385571695785,
0.));
#15847=CARTESIAN_POINT('Ctrl Pts',(-0.342979268145235,-1.96385571695785,
0.));
#15848=CARTESIAN_POINT('Ctrl Pts',(-0.324211222366466,-1.94595388867657,
0.));
#15849=CARTESIAN_POINT('Ctrl Pts',(-0.315549047391649,-1.90755157962155,
0.));
#15850=CARTESIAN_POINT('Ctrl Pts',(-0.315549047391649,-1.86683935723991,
0.));
#15851=CARTESIAN_POINT('',(-0.355683791441632,-1.96385571695785,0.0001));
#15852=CARTESIAN_POINT('',(-0.355683791441632,-1.96385571695785,0.));
#15853=CARTESIAN_POINT('Ctrl Pts',(-0.315549047391649,-1.86683935723991,
0.0001));
#15854=CARTESIAN_POINT('Ctrl Pts',(-0.315549047391649,-1.90755157962155,
0.0001));
#15855=CARTESIAN_POINT('Ctrl Pts',(-0.324211222366466,-1.94595388867657,
0.0001));
#15856=CARTESIAN_POINT('Ctrl Pts',(-0.342979268145235,-1.96385571695785,
0.0001));
#15857=CARTESIAN_POINT('Ctrl Pts',(-0.355683791441632,-1.96385571695785,
0.0001));
#15858=CARTESIAN_POINT('Ctrl Pts',(-0.394952317994134,-1.86452944391329,
0.));
#15859=CARTESIAN_POINT('Ctrl Pts',(-0.394952317994134,-1.86452944391329,
0.0001));
#15860=CARTESIAN_POINT('Ctrl Pts',(-0.394952317994134,-1.92198853791291,
0.));
#15861=CARTESIAN_POINT('Ctrl Pts',(-0.394952317994134,-1.92198853791291,
0.0001));
#15862=CARTESIAN_POINT('Ctrl Pts',(-0.374740576386229,-1.96385571695785,
0.));
#15863=CARTESIAN_POINT('Ctrl Pts',(-0.374740576386229,-1.96385571695785,
0.0001));
#15864=CARTESIAN_POINT('Ctrl Pts',(-0.355683791441632,-1.96385571695785,
0.));
#15865=CARTESIAN_POINT('Ctrl Pts',(-0.355683791441632,-1.96385571695785,
0.0001));
#15866=CARTESIAN_POINT('Ctrl Pts',(-0.394952317994134,-1.86452944391329,
0.));
#15867=CARTESIAN_POINT('Ctrl Pts',(-0.394952317994134,-1.92198853791291,
0.));
#15868=CARTESIAN_POINT('Ctrl Pts',(-0.374740576386229,-1.96385571695785,
0.));
#15869=CARTESIAN_POINT('Ctrl Pts',(-0.355683791441632,-1.96385571695785,
0.));
#15870=CARTESIAN_POINT('Ctrl Pts',(-0.355683791441632,-1.96385571695785,
0.0001));
#15871=CARTESIAN_POINT('Ctrl Pts',(-0.374740576386229,-1.96385571695785,
0.0001));
#15872=CARTESIAN_POINT('Ctrl Pts',(-0.394952317994134,-1.92198853791291,
0.0001));
#15873=CARTESIAN_POINT('Ctrl Pts',(-0.394952317994134,-1.86452944391329,
0.0001));
#15874=CARTESIAN_POINT('Ctrl Pts',(-0.241054342608228,-1.79321086995397,
0.));
#15875=CARTESIAN_POINT('Ctrl Pts',(-0.241054342608228,-1.79321086995397,
0.0001));
#15876=CARTESIAN_POINT('Ctrl Pts',(-0.245385430095636,-1.77559778083851,
0.));
#15877=CARTESIAN_POINT('Ctrl Pts',(-0.245385430095636,-1.77559778083851,
0.0001));
#15878=CARTESIAN_POINT('Ctrl Pts',(-0.259533649221169,-1.74932251674823,
0.));
#15879=CARTESIAN_POINT('Ctrl Pts',(-0.259533649221169,-1.74932251674823,
0.0001));
#15880=CARTESIAN_POINT('Ctrl Pts',(-0.284076478316483,-1.72535716598457,
0.));
#15881=CARTESIAN_POINT('Ctrl Pts',(-0.284076478316483,-1.72535716598457,
0.0001));
#15882=CARTESIAN_POINT('Ctrl Pts',(-0.32276752653733,-1.71034272936156,
0.));
#15883=CARTESIAN_POINT('Ctrl Pts',(-0.32276752653733,-1.71034272936156,
0.0001));
#15884=CARTESIAN_POINT('Ctrl Pts',(-0.353085138949187,-1.71034272936156,
0.));
#15885=CARTESIAN_POINT('Ctrl Pts',(-0.353085138949187,-1.71034272936156,
0.0001));
#15886=CARTESIAN_POINT('',(-0.353085138949187,-1.71034272936156,0.));
#15887=CARTESIAN_POINT('',(-0.241054342608228,-1.79321086995397,0.));
#15888=CARTESIAN_POINT('Ctrl Pts',(-0.353085138949187,-1.71034272936156,
0.));
#15889=CARTESIAN_POINT('Ctrl Pts',(-0.32276752653733,-1.71034272936156,
0.));
#15890=CARTESIAN_POINT('Ctrl Pts',(-0.284076478316483,-1.72535716598457,
0.));
#15891=CARTESIAN_POINT('Ctrl Pts',(-0.259533649221169,-1.74932251674823,
0.));
#15892=CARTESIAN_POINT('Ctrl Pts',(-0.245385430095636,-1.77559778083851,
0.));
#15893=CARTESIAN_POINT('Ctrl Pts',(-0.241054342608228,-1.79321086995397,
0.));
#15894=CARTESIAN_POINT('',(-0.353085138949187,-1.71034272936156,0.0001));
#15895=CARTESIAN_POINT('',(-0.353085138949187,-1.71034272936156,0.));
#15896=CARTESIAN_POINT('',(-0.241054342608228,-1.79321086995397,0.0001));
#15897=CARTESIAN_POINT('Ctrl Pts',(-0.241054342608228,-1.79321086995397,
0.0001));
#15898=CARTESIAN_POINT('Ctrl Pts',(-0.245385430095636,-1.77559778083851,
0.0001));
#15899=CARTESIAN_POINT('Ctrl Pts',(-0.259533649221169,-1.74932251674823,
0.0001));
#15900=CARTESIAN_POINT('Ctrl Pts',(-0.284076478316483,-1.72535716598457,
0.0001));
#15901=CARTESIAN_POINT('Ctrl Pts',(-0.32276752653733,-1.71034272936156,
0.0001));
#15902=CARTESIAN_POINT('Ctrl Pts',(-0.353085138949187,-1.71034272936156,
0.0001));
#15903=CARTESIAN_POINT('',(-0.241054342608228,-1.79321086995397,0.));
#15904=CARTESIAN_POINT('Ctrl Pts',(-0.232680906799238,-1.86337448724998,
0.));
#15905=CARTESIAN_POINT('Ctrl Pts',(-0.232680906799238,-1.86337448724998,
0.0001));
#15906=CARTESIAN_POINT('Ctrl Pts',(-0.232680906799238,-1.82670461318993,
0.));
#15907=CARTESIAN_POINT('Ctrl Pts',(-0.232680906799238,-1.82670461318993,
0.0001));
#15908=CARTESIAN_POINT('Ctrl Pts',(-0.241054342608228,-1.79321086995397,
0.));
#15909=CARTESIAN_POINT('Ctrl Pts',(-0.241054342608228,-1.79321086995397,
0.0001));
#15910=CARTESIAN_POINT('',(-0.232680906799238,-1.86337448724998,0.));
#15911=CARTESIAN_POINT('Ctrl Pts',(-0.241054342608228,-1.79321086995397,
0.));
#15912=CARTESIAN_POINT('Ctrl Pts',(-0.232680906799238,-1.82670461318993,
0.));
#15913=CARTESIAN_POINT('Ctrl Pts',(-0.232680906799238,-1.86337448724998,
0.));
#15914=CARTESIAN_POINT('',(-0.232680906799238,-1.86337448724998,0.0001));
#15915=CARTESIAN_POINT('Ctrl Pts',(-0.232680906799238,-1.86337448724998,
0.0001));
#15916=CARTESIAN_POINT('Ctrl Pts',(-0.232680906799238,-1.82670461318993,
0.0001));
#15917=CARTESIAN_POINT('Ctrl Pts',(-0.241054342608228,-1.79321086995397,
0.0001));
#15918=CARTESIAN_POINT('',(-0.232680906799238,-1.86337448724998,0.));
#15919=CARTESIAN_POINT('Ctrl Pts',(-0.355395052275805,-2.02073733262581,
0.));
#15920=CARTESIAN_POINT('Ctrl Pts',(-0.355395052275805,-2.02073733262581,
0.0001));
#15921=CARTESIAN_POINT('Ctrl Pts',(-0.287830087472237,-2.02073733262581,
0.));
#15922=CARTESIAN_POINT('Ctrl Pts',(-0.287830087472237,-2.02073733262581,
0.0001));
#15923=CARTESIAN_POINT('Ctrl Pts',(-0.232680906799238,-1.94508767117908,
0.));
#15924=CARTESIAN_POINT('Ctrl Pts',(-0.232680906799238,-1.94508767117908,
0.0001));
#15925=CARTESIAN_POINT('Ctrl Pts',(-0.232680906799238,-1.86337448724998,
0.));
#15926=CARTESIAN_POINT('Ctrl Pts',(-0.232680906799238,-1.86337448724998,
0.0001));
#15927=CARTESIAN_POINT('',(-0.355395052275805,-2.02073733262581,0.));
#15928=CARTESIAN_POINT('Ctrl Pts',(-0.232680906799238,-1.86337448724998,
0.));
#15929=CARTESIAN_POINT('Ctrl Pts',(-0.232680906799238,-1.94508767117908,
0.));
#15930=CARTESIAN_POINT('Ctrl Pts',(-0.287830087472237,-2.02073733262581,
0.));
#15931=CARTESIAN_POINT('Ctrl Pts',(-0.355395052275805,-2.02073733262581,
0.));
#15932=CARTESIAN_POINT('',(-0.355395052275805,-2.02073733262581,0.0001));
#15933=CARTESIAN_POINT('Ctrl Pts',(-0.355395052275805,-2.02073733262581,
0.0001));
#15934=CARTESIAN_POINT('Ctrl Pts',(-0.287830087472237,-2.02073733262581,
0.0001));
#15935=CARTESIAN_POINT('Ctrl Pts',(-0.232680906799238,-1.94508767117908,
0.0001));
#15936=CARTESIAN_POINT('Ctrl Pts',(-0.232680906799238,-1.86337448724998,
0.0001));
#15937=CARTESIAN_POINT('',(-0.355395052275805,-2.02073733262581,0.));
#15938=CARTESIAN_POINT('Ctrl Pts',(-0.454721325320367,-1.97309537026432,
0.));
#15939=CARTESIAN_POINT('Ctrl Pts',(-0.454721325320367,-1.97309537026432,
0.0001));
#15940=CARTESIAN_POINT('Ctrl Pts',(-0.439706888697352,-1.99648324269633,
0.));
#15941=CARTESIAN_POINT('Ctrl Pts',(-0.439706888697352,-1.99648324269633,
0.0001));
#15942=CARTESIAN_POINT('Ctrl Pts',(-0.39321988299917,-2.02073733262581,
0.));
#15943=CARTESIAN_POINT('Ctrl Pts',(-0.39321988299917,-2.02073733262581,
0.0001));
#15944=CARTESIAN_POINT('Ctrl Pts',(-0.355395052275805,-2.02073733262581,
0.));
#15945=CARTESIAN_POINT('Ctrl Pts',(-0.355395052275805,-2.02073733262581,
0.0001));
#15946=CARTESIAN_POINT('',(-0.454721325320367,-1.97309537026432,0.));
#15947=CARTESIAN_POINT('Ctrl Pts',(-0.355395052275805,-2.02073733262581,
0.));
#15948=CARTESIAN_POINT('Ctrl Pts',(-0.39321988299917,-2.02073733262581,
0.));
#15949=CARTESIAN_POINT('Ctrl Pts',(-0.439706888697352,-1.99648324269633,
0.));
#15950=CARTESIAN_POINT('Ctrl Pts',(-0.454721325320367,-1.97309537026432,
0.));
#15951=CARTESIAN_POINT('',(-0.454721325320367,-1.97309537026432,0.0001));
#15952=CARTESIAN_POINT('Ctrl Pts',(-0.454721325320367,-1.97309537026432,
0.0001));
#15953=CARTESIAN_POINT('Ctrl Pts',(-0.439706888697352,-1.99648324269633,
0.0001));
#15954=CARTESIAN_POINT('Ctrl Pts',(-0.39321988299917,-2.02073733262581,
0.0001));
#15955=CARTESIAN_POINT('Ctrl Pts',(-0.355395052275805,-2.02073733262581,
0.0001));
#15956=CARTESIAN_POINT('',(-0.454721325320367,-1.97309537026432,0.));
#15957=CARTESIAN_POINT('Ctrl Pts',(-0.477531719420717,-1.86424070474746,
0.));
#15958=CARTESIAN_POINT('Ctrl Pts',(-0.477531719420717,-1.86424070474746,
0.0001));
#15959=CARTESIAN_POINT('Ctrl Pts',(-0.477531719420717,-1.89917814381256,
0.));
#15960=CARTESIAN_POINT('Ctrl Pts',(-0.477531719420717,-1.89917814381256,
0.0001));
#15961=CARTESIAN_POINT('Ctrl Pts',(-0.465404674455974,-1.95663723781217,
0.));
#15962=CARTESIAN_POINT('Ctrl Pts',(-0.465404674455974,-1.95663723781217,
0.0001));
#15963=CARTESIAN_POINT('Ctrl Pts',(-0.454721325320367,-1.97309537026432,
0.));
#15964=CARTESIAN_POINT('Ctrl Pts',(-0.454721325320367,-1.97309537026432,
0.0001));
#15965=CARTESIAN_POINT('',(-0.477531719420717,-1.86424070474746,0.));
#15966=CARTESIAN_POINT('Ctrl Pts',(-0.454721325320367,-1.97309537026432,
0.));
#15967=CARTESIAN_POINT('Ctrl Pts',(-0.465404674455974,-1.95663723781217,
0.));
#15968=CARTESIAN_POINT('Ctrl Pts',(-0.477531719420717,-1.89917814381256,
0.));
#15969=CARTESIAN_POINT('Ctrl Pts',(-0.477531719420717,-1.86424070474746,
0.));
#15970=CARTESIAN_POINT('',(-0.477531719420717,-1.86424070474746,0.0001));
#15971=CARTESIAN_POINT('Ctrl Pts',(-0.477531719420717,-1.86424070474746,
0.0001));
#15972=CARTESIAN_POINT('Ctrl Pts',(-0.477531719420717,-1.89917814381256,
0.0001));
#15973=CARTESIAN_POINT('Ctrl Pts',(-0.465404674455974,-1.95663723781217,
0.0001));
#15974=CARTESIAN_POINT('Ctrl Pts',(-0.454721325320367,-1.97309537026432,
0.0001));
#15975=CARTESIAN_POINT('',(-0.477531719420717,-1.86424070474746,0.));
#15976=CARTESIAN_POINT('Ctrl Pts',(-0.353085138949187,-1.71034272936156,
0.));
#15977=CARTESIAN_POINT('Ctrl Pts',(-0.353085138949187,-1.71034272936156,
0.0001));
#15978=CARTESIAN_POINT('Ctrl Pts',(-0.416030277099521,-1.71034272936156,
0.));
#15979=CARTESIAN_POINT('Ctrl Pts',(-0.416030277099521,-1.71034272936156,
0.0001));
#15980=CARTESIAN_POINT('Ctrl Pts',(-0.477531719420717,-1.77877391166261,
0.));
#15981=CARTESIAN_POINT('Ctrl Pts',(-0.477531719420717,-1.77877391166261,
0.0001));
#15982=CARTESIAN_POINT('Ctrl Pts',(-0.477531719420717,-1.86424070474746,
0.));
#15983=CARTESIAN_POINT('Ctrl Pts',(-0.477531719420717,-1.86424070474746,
0.0001));
#15984=CARTESIAN_POINT('Ctrl Pts',(-0.477531719420717,-1.86424070474746,
0.));
#15985=CARTESIAN_POINT('Ctrl Pts',(-0.477531719420717,-1.77877391166261,
0.));
#15986=CARTESIAN_POINT('Ctrl Pts',(-0.416030277099521,-1.71034272936156,
0.));
#15987=CARTESIAN_POINT('Ctrl Pts',(-0.353085138949187,-1.71034272936156,
0.));
#15988=CARTESIAN_POINT('Ctrl Pts',(-0.353085138949187,-1.71034272936156,
0.0001));
#15989=CARTESIAN_POINT('Ctrl Pts',(-0.416030277099521,-1.71034272936156,
0.0001));
#15990=CARTESIAN_POINT('Ctrl Pts',(-0.477531719420717,-1.77877391166261,
0.0001));
#15991=CARTESIAN_POINT('Ctrl Pts',(-0.477531719420717,-1.86424070474746,
0.0001));
#15992=CARTESIAN_POINT('Origin',(-0.355039991646704,-1.86553301824439,0.));
#15993=CARTESIAN_POINT('Origin',(-0.355039991646704,-1.86553301824439,0.0001));
#15994=CARTESIAN_POINT('Ctrl Pts',(-0.670409505032662,-1.78050634665757,
0.));
#15995=CARTESIAN_POINT('Ctrl Pts',(-0.670409505032662,-1.78050634665757,
0.0001));
#15996=CARTESIAN_POINT('Ctrl Pts',(-0.698417204117902,-1.78050634665757,
0.));
#15997=CARTESIAN_POINT('Ctrl Pts',(-0.698417204117902,-1.78050634665757,
0.0001));
#15998=CARTESIAN_POINT('Ctrl Pts',(-0.732488425685513,-1.82035235154173,
0.));
#15999=CARTESIAN_POINT('Ctrl Pts',(-0.732488425685513,-1.82035235154173,
0.0001));
#16000=CARTESIAN_POINT('Ctrl Pts',(-0.732488425685513,-1.86626187890825,
0.));
#16001=CARTESIAN_POINT('Ctrl Pts',(-0.732488425685513,-1.86626187890825,
0.0001));
#16002=CARTESIAN_POINT('',(-0.670409505032662,-1.78050634665757,0.));
#16003=CARTESIAN_POINT('',(-0.732488425685513,-1.86626187890825,0.));
#16004=CARTESIAN_POINT('Ctrl Pts',(-0.670409505032662,-1.78050634665757,
0.));
#16005=CARTESIAN_POINT('Ctrl Pts',(-0.698417204117902,-1.78050634665757,
0.));
#16006=CARTESIAN_POINT('Ctrl Pts',(-0.732488425685513,-1.82035235154173,
0.));
#16007=CARTESIAN_POINT('Ctrl Pts',(-0.732488425685513,-1.86626187890825,
0.));
#16008=CARTESIAN_POINT('',(-0.670409505032662,-1.78050634665757,0.0001));
#16009=CARTESIAN_POINT('',(-0.670409505032662,-1.78050634665757,0.));
#16010=CARTESIAN_POINT('',(-0.732488425685513,-1.86626187890825,0.0001));
#16011=CARTESIAN_POINT('Ctrl Pts',(-0.732488425685513,-1.86626187890825,
0.0001));
#16012=CARTESIAN_POINT('Ctrl Pts',(-0.732488425685513,-1.82035235154173,
0.0001));
#16013=CARTESIAN_POINT('Ctrl Pts',(-0.698417204117902,-1.78050634665757,
0.0001));
#16014=CARTESIAN_POINT('Ctrl Pts',(-0.670409505032662,-1.78050634665757,
0.0001));
#16015=CARTESIAN_POINT('',(-0.732488425685513,-1.86626187890825,0.));
#16016=CARTESIAN_POINT('Ctrl Pts',(-0.606886888550674,-1.86221953058667,
0.));
#16017=CARTESIAN_POINT('Ctrl Pts',(-0.606886888550674,-1.86221953058667,
0.0001));
#16018=CARTESIAN_POINT('Ctrl Pts',(-0.606886888550674,-1.81977487321007,
0.));
#16019=CARTESIAN_POINT('Ctrl Pts',(-0.606886888550674,-1.81977487321007,
0.0001));
#16020=CARTESIAN_POINT('Ctrl Pts',(-0.640958110118286,-1.78050634665757,
0.));
#16021=CARTESIAN_POINT('Ctrl Pts',(-0.640958110118286,-1.78050634665757,
0.0001));
#16022=CARTESIAN_POINT('Ctrl Pts',(-0.670409505032662,-1.78050634665757,
0.));
#16023=CARTESIAN_POINT('Ctrl Pts',(-0.670409505032662,-1.78050634665757,
0.0001));
#16024=CARTESIAN_POINT('',(-0.606886888550674,-1.86221953058667,0.));
#16025=CARTESIAN_POINT('Ctrl Pts',(-0.606886888550674,-1.86221953058667,
0.));
#16026=CARTESIAN_POINT('Ctrl Pts',(-0.606886888550674,-1.81977487321007,
0.));
#16027=CARTESIAN_POINT('Ctrl Pts',(-0.640958110118286,-1.78050634665757,
0.));
#16028=CARTESIAN_POINT('Ctrl Pts',(-0.670409505032662,-1.78050634665757,
0.));
#16029=CARTESIAN_POINT('',(-0.606886888550674,-1.86221953058667,0.0001));
#16030=CARTESIAN_POINT('',(-0.606886888550674,-1.86221953058667,0.));
#16031=CARTESIAN_POINT('Ctrl Pts',(-0.670409505032662,-1.78050634665757,
0.0001));
#16032=CARTESIAN_POINT('Ctrl Pts',(-0.640958110118286,-1.78050634665757,
0.0001));
#16033=CARTESIAN_POINT('Ctrl Pts',(-0.606886888550674,-1.81977487321007,
0.0001));
#16034=CARTESIAN_POINT('Ctrl Pts',(-0.606886888550674,-1.86221953058667,
0.0001));
#16035=CARTESIAN_POINT('Ctrl Pts',(-0.66954328753518,-1.95143993282728,
0.));
#16036=CARTESIAN_POINT('Ctrl Pts',(-0.66954328753518,-1.95143993282728,
0.0001));
#16037=CARTESIAN_POINT('Ctrl Pts',(-0.639803153454977,-1.95143993282728,
0.));
#16038=CARTESIAN_POINT('Ctrl Pts',(-0.639803153454977,-1.95143993282728,
0.0001));
#16039=CARTESIAN_POINT('Ctrl Pts',(-0.606886888550674,-1.91246014544061,
0.));
#16040=CARTESIAN_POINT('Ctrl Pts',(-0.606886888550674,-1.91246014544061,
0.0001));
#16041=CARTESIAN_POINT('Ctrl Pts',(-0.606886888550674,-1.86221953058667,
0.));
#16042=CARTESIAN_POINT('Ctrl Pts',(-0.606886888550674,-1.86221953058667,
0.0001));
#16043=CARTESIAN_POINT('',(-0.66954328753518,-1.95143993282728,0.));
#16044=CARTESIAN_POINT('Ctrl Pts',(-0.66954328753518,-1.95143993282728,
0.));
#16045=CARTESIAN_POINT('Ctrl Pts',(-0.639803153454977,-1.95143993282728,
0.));
#16046=CARTESIAN_POINT('Ctrl Pts',(-0.606886888550674,-1.91246014544061,
0.));
#16047=CARTESIAN_POINT('Ctrl Pts',(-0.606886888550674,-1.86221953058667,
0.));
#16048=CARTESIAN_POINT('',(-0.66954328753518,-1.95143993282728,0.0001));
#16049=CARTESIAN_POINT('',(-0.66954328753518,-1.95143993282728,0.));
#16050=CARTESIAN_POINT('Ctrl Pts',(-0.606886888550674,-1.86221953058667,
0.0001));
#16051=CARTESIAN_POINT('Ctrl Pts',(-0.606886888550674,-1.91246014544061,
0.0001));
#16052=CARTESIAN_POINT('Ctrl Pts',(-0.639803153454977,-1.95143993282728,
0.0001));
#16053=CARTESIAN_POINT('Ctrl Pts',(-0.66954328753518,-1.95143993282728,
0.0001));
#16054=CARTESIAN_POINT('Ctrl Pts',(-0.732488425685513,-1.86626187890825,
0.));
#16055=CARTESIAN_POINT('Ctrl Pts',(-0.732488425685513,-1.86626187890825,
0.0001));
#16056=CARTESIAN_POINT('Ctrl Pts',(-0.732488425685513,-1.91159392794313,
0.));
#16057=CARTESIAN_POINT('Ctrl Pts',(-0.732488425685513,-1.91159392794313,
0.0001));
#16058=CARTESIAN_POINT('Ctrl Pts',(-0.698705943283729,-1.95143993282728,
0.));
#16059=CARTESIAN_POINT('Ctrl Pts',(-0.698705943283729,-1.95143993282728,
0.0001));
#16060=CARTESIAN_POINT('Ctrl Pts',(-0.66954328753518,-1.95143993282728,
0.));
#16061=CARTESIAN_POINT('Ctrl Pts',(-0.66954328753518,-1.95143993282728,
0.0001));
#16062=CARTESIAN_POINT('Ctrl Pts',(-0.732488425685513,-1.86626187890825,
0.));
#16063=CARTESIAN_POINT('Ctrl Pts',(-0.732488425685513,-1.91159392794313,
0.));
#16064=CARTESIAN_POINT('Ctrl Pts',(-0.698705943283729,-1.95143993282728,
0.));
#16065=CARTESIAN_POINT('Ctrl Pts',(-0.66954328753518,-1.95143993282728,
0.));
#16066=CARTESIAN_POINT('Ctrl Pts',(-0.66954328753518,-1.95143993282728,
0.0001));
#16067=CARTESIAN_POINT('Ctrl Pts',(-0.698705943283729,-1.95143993282728,
0.0001));
#16068=CARTESIAN_POINT('Ctrl Pts',(-0.732488425685513,-1.91159392794313,
0.0001));
#16069=CARTESIAN_POINT('Ctrl Pts',(-0.732488425685513,-1.86626187890825,
0.0001));
#16070=CARTESIAN_POINT('Ctrl Pts',(-0.514201616320138,-1.86337448724998,
0.));
#16071=CARTESIAN_POINT('Ctrl Pts',(-0.514201616320138,-1.86337448724998,
0.0001));
#16072=CARTESIAN_POINT('Ctrl Pts',(-0.514201616320138,-1.79090095662735,
0.));
#16073=CARTESIAN_POINT('Ctrl Pts',(-0.514201616320138,-1.79090095662735,
0.0001));
#16074=CARTESIAN_POINT('Ctrl Pts',(-0.595337321917586,-1.71034272936156,
0.));
#16075=CARTESIAN_POINT('Ctrl Pts',(-0.595337321917586,-1.71034272936156,
0.0001));
#16076=CARTESIAN_POINT('Ctrl Pts',(-0.670120765866835,-1.71034272936156,
0.));
#16077=CARTESIAN_POINT('Ctrl Pts',(-0.670120765866835,-1.71034272936156,
0.0001));
#16078=CARTESIAN_POINT('',(-0.670120765866835,-1.71034272936156,0.));
#16079=CARTESIAN_POINT('',(-0.514201616320138,-1.86337448724998,0.));
#16080=CARTESIAN_POINT('Ctrl Pts',(-0.670120765866835,-1.71034272936156,
0.));
#16081=CARTESIAN_POINT('Ctrl Pts',(-0.595337321917586,-1.71034272936156,
0.));
#16082=CARTESIAN_POINT('Ctrl Pts',(-0.514201616320138,-1.79090095662735,
0.));
#16083=CARTESIAN_POINT('Ctrl Pts',(-0.514201616320138,-1.86337448724998,
0.));
#16084=CARTESIAN_POINT('',(-0.670120765866835,-1.71034272936156,0.0001));
#16085=CARTESIAN_POINT('',(-0.670120765866835,-1.71034272936156,0.));
#16086=CARTESIAN_POINT('',(-0.514201616320138,-1.86337448724998,0.0001));
#16087=CARTESIAN_POINT('Ctrl Pts',(-0.514201616320138,-1.86337448724998,
0.0001));
#16088=CARTESIAN_POINT('Ctrl Pts',(-0.514201616320138,-1.79090095662735,
0.0001));
#16089=CARTESIAN_POINT('Ctrl Pts',(-0.595337321917586,-1.71034272936156,
0.0001));
#16090=CARTESIAN_POINT('Ctrl Pts',(-0.670120765866835,-1.71034272936156,
0.0001));
#16091=CARTESIAN_POINT('',(-0.514201616320138,-1.86337448724998,0.));
#16092=CARTESIAN_POINT('Ctrl Pts',(-0.666655895876908,-2.02073733262581,
0.));
#16093=CARTESIAN_POINT('Ctrl Pts',(-0.666655895876908,-2.02073733262581,
0.0001));
#16094=CARTESIAN_POINT('Ctrl Pts',(-0.6167040201888,-2.02073733262581,0.));
#16095=CARTESIAN_POINT('Ctrl Pts',(-0.6167040201888,-2.02073733262581,0.0001));
#16096=CARTESIAN_POINT('Ctrl Pts',(-0.549716533716885,-1.98320124106828,
0.));
#16097=CARTESIAN_POINT('Ctrl Pts',(-0.549716533716885,-1.98320124106828,
0.0001));
#16098=CARTESIAN_POINT('Ctrl Pts',(-0.514201616320138,-1.91592501543054,
0.));
#16099=CARTESIAN_POINT('Ctrl Pts',(-0.514201616320138,-1.91592501543054,
0.0001));
#16100=CARTESIAN_POINT('Ctrl Pts',(-0.514201616320138,-1.86337448724998,
0.));
#16101=CARTESIAN_POINT('Ctrl Pts',(-0.514201616320138,-1.86337448724998,
0.0001));
#16102=CARTESIAN_POINT('',(-0.666655895876908,-2.02073733262581,0.));
#16103=CARTESIAN_POINT('Ctrl Pts',(-0.514201616320138,-1.86337448724998,
0.));
#16104=CARTESIAN_POINT('Ctrl Pts',(-0.514201616320138,-1.91592501543054,
0.));
#16105=CARTESIAN_POINT('Ctrl Pts',(-0.549716533716885,-1.98320124106828,
0.));
#16106=CARTESIAN_POINT('Ctrl Pts',(-0.6167040201888,-2.02073733262581,0.));
#16107=CARTESIAN_POINT('Ctrl Pts',(-0.666655895876908,-2.02073733262581,
0.));
#16108=CARTESIAN_POINT('',(-0.666655895876908,-2.02073733262581,0.0001));
#16109=CARTESIAN_POINT('Ctrl Pts',(-0.666655895876908,-2.02073733262581,
0.0001));
#16110=CARTESIAN_POINT('Ctrl Pts',(-0.6167040201888,-2.02073733262581,0.0001));
#16111=CARTESIAN_POINT('Ctrl Pts',(-0.549716533716885,-1.98320124106828,
0.0001));
#16112=CARTESIAN_POINT('Ctrl Pts',(-0.514201616320138,-1.91592501543054,
0.0001));
#16113=CARTESIAN_POINT('Ctrl Pts',(-0.514201616320138,-1.86337448724998,
0.0001));
#16114=CARTESIAN_POINT('',(-0.666655895876908,-2.02073733262581,0.));
#16115=CARTESIAN_POINT('Ctrl Pts',(-0.82517369791605,-1.8656844005766,0.));
#16116=CARTESIAN_POINT('Ctrl Pts',(-0.82517369791605,-1.8656844005766,0.0001));
#16117=CARTESIAN_POINT('Ctrl Pts',(-0.82517369791605,-1.91823492875715,
0.));
#16118=CARTESIAN_POINT('Ctrl Pts',(-0.82517369791605,-1.91823492875715,
0.0001));
#16119=CARTESIAN_POINT('Ctrl Pts',(-0.783883997202758,-1.98839854605317,
0.));
#16120=CARTESIAN_POINT('Ctrl Pts',(-0.783883997202758,-1.98839854605317,
0.0001));
#16121=CARTESIAN_POINT('Ctrl Pts',(-0.717185249896671,-2.02073733262581,
0.));
#16122=CARTESIAN_POINT('Ctrl Pts',(-0.717185249896671,-2.02073733262581,
0.0001));
#16123=CARTESIAN_POINT('Ctrl Pts',(-0.666655895876908,-2.02073733262581,
0.));
#16124=CARTESIAN_POINT('Ctrl Pts',(-0.666655895876908,-2.02073733262581,
0.0001));
#16125=CARTESIAN_POINT('',(-0.82517369791605,-1.8656844005766,0.));
#16126=CARTESIAN_POINT('Ctrl Pts',(-0.666655895876908,-2.02073733262581,
0.));
#16127=CARTESIAN_POINT('Ctrl Pts',(-0.717185249896671,-2.02073733262581,
0.));
#16128=CARTESIAN_POINT('Ctrl Pts',(-0.783883997202758,-1.98839854605317,
0.));
#16129=CARTESIAN_POINT('Ctrl Pts',(-0.82517369791605,-1.91823492875715,
0.));
#16130=CARTESIAN_POINT('Ctrl Pts',(-0.82517369791605,-1.8656844005766,0.));
#16131=CARTESIAN_POINT('',(-0.82517369791605,-1.8656844005766,0.0001));
#16132=CARTESIAN_POINT('Ctrl Pts',(-0.82517369791605,-1.8656844005766,0.0001));
#16133=CARTESIAN_POINT('Ctrl Pts',(-0.82517369791605,-1.91823492875715,
0.0001));
#16134=CARTESIAN_POINT('Ctrl Pts',(-0.783883997202758,-1.98839854605317,
0.0001));
#16135=CARTESIAN_POINT('Ctrl Pts',(-0.717185249896671,-2.02073733262581,
0.0001));
#16136=CARTESIAN_POINT('Ctrl Pts',(-0.666655895876908,-2.02073733262581,
0.0001));
#16137=CARTESIAN_POINT('',(-0.82517369791605,-1.8656844005766,0.));
#16138=CARTESIAN_POINT('Ctrl Pts',(-0.670120765866835,-1.71034272936156,
0.));
#16139=CARTESIAN_POINT('Ctrl Pts',(-0.670120765866835,-1.71034272936156,
0.0001));
#16140=CARTESIAN_POINT('Ctrl Pts',(-0.74317177482112,-1.71034272936156,
0.));
#16141=CARTESIAN_POINT('Ctrl Pts',(-0.74317177482112,-1.71034272936156,
0.0001));
#16142=CARTESIAN_POINT('Ctrl Pts',(-0.82517369791605,-1.79234465245649,
0.));
#16143=CARTESIAN_POINT('Ctrl Pts',(-0.82517369791605,-1.79234465245649,
0.0001));
#16144=CARTESIAN_POINT('Ctrl Pts',(-0.82517369791605,-1.8656844005766,0.));
#16145=CARTESIAN_POINT('Ctrl Pts',(-0.82517369791605,-1.8656844005766,0.0001));
#16146=CARTESIAN_POINT('Ctrl Pts',(-0.82517369791605,-1.8656844005766,0.));
#16147=CARTESIAN_POINT('Ctrl Pts',(-0.82517369791605,-1.79234465245649,
0.));
#16148=CARTESIAN_POINT('Ctrl Pts',(-0.74317177482112,-1.71034272936156,
0.));
#16149=CARTESIAN_POINT('Ctrl Pts',(-0.670120765866835,-1.71034272936156,
0.));
#16150=CARTESIAN_POINT('Ctrl Pts',(-0.670120765866835,-1.71034272936156,
0.0001));
#16151=CARTESIAN_POINT('Ctrl Pts',(-0.74317177482112,-1.71034272936156,
0.0001));
#16152=CARTESIAN_POINT('Ctrl Pts',(-0.82517369791605,-1.79234465245649,
0.0001));
#16153=CARTESIAN_POINT('Ctrl Pts',(-0.82517369791605,-1.8656844005766,0.0001));
#16154=CARTESIAN_POINT('Origin',(-0.669407591541735,-1.86568512261944,0.));
#16155=CARTESIAN_POINT('Origin',(-0.669407591541735,-1.86568512261944,0.0001));
#16156=CARTESIAN_POINT('Origin',(-1.39543358258635,-1.77646399833599,0.));
#16157=CARTESIAN_POINT('',(-1.39543358258635,-1.77646399833599,0.));
#16158=CARTESIAN_POINT('',(-1.39543358258635,-1.83334561400395,0.));
#16159=CARTESIAN_POINT('',(-1.39543358258635,-1.82102208176928,0.));
#16160=CARTESIAN_POINT('',(-1.39543358258635,-1.77646399833599,0.0001));
#16161=CARTESIAN_POINT('',(-1.39543358258635,-1.77646399833599,0.));
#16162=CARTESIAN_POINT('',(-1.39543358258635,-1.83334561400395,0.0001));
#16163=CARTESIAN_POINT('',(-1.39543358258635,-1.82102208176928,0.0001));
#16164=CARTESIAN_POINT('',(-1.39543358258635,-1.83334561400395,0.));
#16165=CARTESIAN_POINT('Origin',(-1.35472136020472,-1.77646399833599,0.));
#16166=CARTESIAN_POINT('',(-1.35472136020472,-1.77646399833599,0.));
#16167=CARTESIAN_POINT('',(-1.36398396482079,-1.77646399833599,0.));
#16168=CARTESIAN_POINT('',(-1.35472136020472,-1.77646399833599,0.0001));
#16169=CARTESIAN_POINT('',(-1.35472136020472,-1.77646399833599,0.));
#16170=CARTESIAN_POINT('',(-1.36398396482079,-1.77646399833599,0.0001));
#16171=CARTESIAN_POINT('Ctrl Pts',(-1.31660779031552,-1.8041829582554,0.));
#16172=CARTESIAN_POINT('Ctrl Pts',(-1.31660779031552,-1.8041829582554,0.0001));
#16173=CARTESIAN_POINT('Ctrl Pts',(-1.31660779031552,-1.79118969579318,
0.));
#16174=CARTESIAN_POINT('Ctrl Pts',(-1.31660779031552,-1.79118969579318,
0.0001));
#16175=CARTESIAN_POINT('Ctrl Pts',(-1.33364340109933,-1.77646399833599,
0.));
#16176=CARTESIAN_POINT('Ctrl Pts',(-1.33364340109933,-1.77646399833599,
0.0001));
#16177=CARTESIAN_POINT('Ctrl Pts',(-1.35472136020472,-1.77646399833599,
0.));
#16178=CARTESIAN_POINT('Ctrl Pts',(-1.35472136020472,-1.77646399833599,
0.0001));
#16179=CARTESIAN_POINT('',(-1.31660779031552,-1.8041829582554,0.));
#16180=CARTESIAN_POINT('Ctrl Pts',(-1.31660779031552,-1.8041829582554,0.));
#16181=CARTESIAN_POINT('Ctrl Pts',(-1.31660779031552,-1.79118969579318,
0.));
#16182=CARTESIAN_POINT('Ctrl Pts',(-1.33364340109933,-1.77646399833599,
0.));
#16183=CARTESIAN_POINT('Ctrl Pts',(-1.35472136020472,-1.77646399833599,
0.));
#16184=CARTESIAN_POINT('',(-1.31660779031552,-1.8041829582554,0.0001));
#16185=CARTESIAN_POINT('',(-1.31660779031552,-1.8041829582554,0.));
#16186=CARTESIAN_POINT('Ctrl Pts',(-1.35472136020472,-1.77646399833599,
0.0001));
#16187=CARTESIAN_POINT('Ctrl Pts',(-1.33364340109933,-1.77646399833599,
0.0001));
#16188=CARTESIAN_POINT('Ctrl Pts',(-1.31660779031552,-1.79118969579318,
0.0001));
#16189=CARTESIAN_POINT('Ctrl Pts',(-1.31660779031552,-1.8041829582554,0.0001));
#16190=CARTESIAN_POINT('Ctrl Pts',(-1.35529883853637,-1.83334561400395,
0.));
#16191=CARTESIAN_POINT('Ctrl Pts',(-1.35529883853637,-1.83334561400395,
0.0001));
#16192=CARTESIAN_POINT('Ctrl Pts',(-1.33364340109933,-1.83334561400395,
0.));
#16193=CARTESIAN_POINT('Ctrl Pts',(-1.33364340109933,-1.83334561400395,
0.0001));
#16194=CARTESIAN_POINT('Ctrl Pts',(-1.31660779031552,-1.81833117738094,
0.));
#16195=CARTESIAN_POINT('Ctrl Pts',(-1.31660779031552,-1.81833117738094,
0.0001));
#16196=CARTESIAN_POINT('Ctrl Pts',(-1.31660779031552,-1.8041829582554,0.));
#16197=CARTESIAN_POINT('Ctrl Pts',(-1.31660779031552,-1.8041829582554,0.0001));
#16198=CARTESIAN_POINT('',(-1.35529883853637,-1.83334561400395,0.));
#16199=CARTESIAN_POINT('Ctrl Pts',(-1.35529883853637,-1.83334561400395,
0.));
#16200=CARTESIAN_POINT('Ctrl Pts',(-1.33364340109933,-1.83334561400395,
0.));
#16201=CARTESIAN_POINT('Ctrl Pts',(-1.31660779031552,-1.81833117738094,
0.));
#16202=CARTESIAN_POINT('Ctrl Pts',(-1.31660779031552,-1.8041829582554,0.));
#16203=CARTESIAN_POINT('',(-1.35529883853637,-1.83334561400395,0.0001));
#16204=CARTESIAN_POINT('',(-1.35529883853637,-1.83334561400395,0.));
#16205=CARTESIAN_POINT('Ctrl Pts',(-1.31660779031552,-1.8041829582554,0.0001));
#16206=CARTESIAN_POINT('Ctrl Pts',(-1.31660779031552,-1.81833117738094,
0.0001));
#16207=CARTESIAN_POINT('Ctrl Pts',(-1.33364340109933,-1.83334561400395,
0.0001));
#16208=CARTESIAN_POINT('Ctrl Pts',(-1.35529883853637,-1.83334561400395,
0.0001));
#16209=CARTESIAN_POINT('Origin',(-1.39543358258635,-1.83334561400395,0.));
#16210=CARTESIAN_POINT('',(-1.38434007601161,-1.83334561400395,0.));
#16211=CARTESIAN_POINT('',(-1.38434007601161,-1.83334561400395,0.0001));
#16212=CARTESIAN_POINT('Origin',(-1.39543358258635,-1.89051596883774,0.));
#16213=CARTESIAN_POINT('',(-1.39543358258635,-1.89051596883774,0.));
#16214=CARTESIAN_POINT('',(-1.39543358258635,-1.95115119366146,0.));
#16215=CARTESIAN_POINT('',(-1.39543358258635,-1.87804806702016,0.));
#16216=CARTESIAN_POINT('',(-1.39543358258635,-1.89051596883774,0.0001));
#16217=CARTESIAN_POINT('',(-1.39543358258635,-1.89051596883774,0.));
#16218=CARTESIAN_POINT('',(-1.39543358258635,-1.95115119366146,0.0001));
#16219=CARTESIAN_POINT('',(-1.39543358258635,-1.87804806702016,0.0001));
#16220=CARTESIAN_POINT('',(-1.39543358258635,-1.95115119366146,0.));
#16221=CARTESIAN_POINT('Origin',(-1.34836909855652,-1.89051596883774,0.));
#16222=CARTESIAN_POINT('',(-1.34836909855652,-1.89051596883774,0.));
#16223=CARTESIAN_POINT('',(-1.36080783399669,-1.89051596883774,0.));
#16224=CARTESIAN_POINT('',(-1.34836909855652,-1.89051596883774,0.0001));
#16225=CARTESIAN_POINT('',(-1.34836909855652,-1.89051596883774,0.));
#16226=CARTESIAN_POINT('',(-1.36080783399669,-1.89051596883774,0.0001));
#16227=CARTESIAN_POINT('Ctrl Pts',(-1.30476948451661,-1.91996736375212,
0.));
#16228=CARTESIAN_POINT('Ctrl Pts',(-1.30476948451661,-1.91996736375212,
0.0001));
#16229=CARTESIAN_POINT('Ctrl Pts',(-1.30476948451661,-1.90668536212406,
0.));
#16230=CARTESIAN_POINT('Ctrl Pts',(-1.30476948451661,-1.90668536212406,
0.0001));
#16231=CARTESIAN_POINT('Ctrl Pts',(-1.32411500862703,-1.89051596883774,
0.));
#16232=CARTESIAN_POINT('Ctrl Pts',(-1.32411500862703,-1.89051596883774,
0.0001));
#16233=CARTESIAN_POINT('Ctrl Pts',(-1.34836909855652,-1.89051596883774,
0.));
#16234=CARTESIAN_POINT('Ctrl Pts',(-1.34836909855652,-1.89051596883774,
0.0001));
#16235=CARTESIAN_POINT('',(-1.30476948451661,-1.91996736375212,0.));
#16236=CARTESIAN_POINT('Ctrl Pts',(-1.30476948451661,-1.91996736375212,
0.));
#16237=CARTESIAN_POINT('Ctrl Pts',(-1.30476948451661,-1.90668536212406,
0.));
#16238=CARTESIAN_POINT('Ctrl Pts',(-1.32411500862703,-1.89051596883774,
0.));
#16239=CARTESIAN_POINT('Ctrl Pts',(-1.34836909855652,-1.89051596883774,
0.));
#16240=CARTESIAN_POINT('',(-1.30476948451661,-1.91996736375212,0.0001));
#16241=CARTESIAN_POINT('',(-1.30476948451661,-1.91996736375212,0.));
#16242=CARTESIAN_POINT('Ctrl Pts',(-1.34836909855652,-1.89051596883774,
0.0001));
#16243=CARTESIAN_POINT('Ctrl Pts',(-1.32411500862703,-1.89051596883774,
0.0001));
#16244=CARTESIAN_POINT('Ctrl Pts',(-1.30476948451661,-1.90668536212406,
0.0001));
#16245=CARTESIAN_POINT('Ctrl Pts',(-1.30476948451661,-1.91996736375212,
0.0001));
#16246=CARTESIAN_POINT('Ctrl Pts',(-1.34836909855652,-1.95115119366146,
0.));
#16247=CARTESIAN_POINT('Ctrl Pts',(-1.34836909855652,-1.95115119366146,
0.0001));
#16248=CARTESIAN_POINT('Ctrl Pts',(-1.32440374779286,-1.95115119366146,
0.));
#16249=CARTESIAN_POINT('Ctrl Pts',(-1.32440374779286,-1.95115119366146,
0.0001));
#16250=CARTESIAN_POINT('Ctrl Pts',(-1.30476948451661,-1.93411558287765,
0.));
#16251=CARTESIAN_POINT('Ctrl Pts',(-1.30476948451661,-1.93411558287765,
0.0001));
#16252=CARTESIAN_POINT('Ctrl Pts',(-1.30476948451661,-1.91996736375212,
0.));
#16253=CARTESIAN_POINT('Ctrl Pts',(-1.30476948451661,-1.91996736375212,
0.0001));
#16254=CARTESIAN_POINT('',(-1.34836909855652,-1.95115119366146,0.));
#16255=CARTESIAN_POINT('Ctrl Pts',(-1.34836909855652,-1.95115119366146,
0.));
#16256=CARTESIAN_POINT('Ctrl Pts',(-1.32440374779286,-1.95115119366146,
0.));
#16257=CARTESIAN_POINT('Ctrl Pts',(-1.30476948451661,-1.93411558287765,
0.));
#16258=CARTESIAN_POINT('Ctrl Pts',(-1.30476948451661,-1.91996736375212,
0.));
#16259=CARTESIAN_POINT('',(-1.34836909855652,-1.95115119366146,0.0001));
#16260=CARTESIAN_POINT('',(-1.34836909855652,-1.95115119366146,0.));
#16261=CARTESIAN_POINT('Ctrl Pts',(-1.30476948451661,-1.91996736375212,
0.0001));
#16262=CARTESIAN_POINT('Ctrl Pts',(-1.30476948451661,-1.93411558287765,
0.0001));
#16263=CARTESIAN_POINT('Ctrl Pts',(-1.32440374779286,-1.95115119366146,
0.0001));
#16264=CARTESIAN_POINT('Ctrl Pts',(-1.34836909855652,-1.95115119366146,
0.0001));
#16265=CARTESIAN_POINT('Origin',(-1.39543358258635,-1.95115119366146,0.));
#16266=CARTESIAN_POINT('',(-1.38434007601161,-1.95115119366146,0.));
#16267=CARTESIAN_POINT('',(-1.38434007601161,-1.95115119366146,0.0001));
#16268=CARTESIAN_POINT('Ctrl Pts',(-1.22565495307995,-1.7903234782957,0.));
#16269=CARTESIAN_POINT('Ctrl Pts',(-1.22565495307995,-1.7903234782957,0.0001));
#16270=CARTESIAN_POINT('Ctrl Pts',(-1.22565495307995,-1.7585621700547,0.));
#16271=CARTESIAN_POINT('Ctrl Pts',(-1.22565495307995,-1.7585621700547,0.0001));
#16272=CARTESIAN_POINT('Ctrl Pts',(-1.27214195877813,-1.71554003434645,
0.));
#16273=CARTESIAN_POINT('Ctrl Pts',(-1.27214195877813,-1.71554003434645,
0.0001));
#16274=CARTESIAN_POINT('Ctrl Pts',(-1.31545283365222,-1.71554003434645,
0.));
#16275=CARTESIAN_POINT('Ctrl Pts',(-1.31545283365222,-1.71554003434645,
0.0001));
#16276=CARTESIAN_POINT('',(-1.31545283365222,-1.71554003434645,0.));
#16277=CARTESIAN_POINT('',(-1.22565495307995,-1.7903234782957,0.));
#16278=CARTESIAN_POINT('Ctrl Pts',(-1.31545283365222,-1.71554003434645,
0.));
#16279=CARTESIAN_POINT('Ctrl Pts',(-1.27214195877813,-1.71554003434645,
0.));
#16280=CARTESIAN_POINT('Ctrl Pts',(-1.22565495307995,-1.7585621700547,0.));
#16281=CARTESIAN_POINT('Ctrl Pts',(-1.22565495307995,-1.7903234782957,0.));
#16282=CARTESIAN_POINT('',(-1.31545283365222,-1.71554003434645,0.0001));
#16283=CARTESIAN_POINT('',(-1.31545283365222,-1.71554003434645,0.));
#16284=CARTESIAN_POINT('',(-1.22565495307995,-1.7903234782957,0.0001));
#16285=CARTESIAN_POINT('Ctrl Pts',(-1.22565495307995,-1.7903234782957,0.0001));
#16286=CARTESIAN_POINT('Ctrl Pts',(-1.22565495307995,-1.7585621700547,0.0001));
#16287=CARTESIAN_POINT('Ctrl Pts',(-1.27214195877813,-1.71554003434645,
0.0001));
#16288=CARTESIAN_POINT('Ctrl Pts',(-1.31545283365222,-1.71554003434645,
0.0001));
#16289=CARTESIAN_POINT('',(-1.22565495307995,-1.7903234782957,0.));
#16290=CARTESIAN_POINT('Ctrl Pts',(-1.2421130855321,-1.8359442664964,0.));
#16291=CARTESIAN_POINT('Ctrl Pts',(-1.2421130855321,-1.8359442664964,0.0001));
#16292=CARTESIAN_POINT('Ctrl Pts',(-1.22565495307995,-1.8168874815518,0.));
#16293=CARTESIAN_POINT('Ctrl Pts',(-1.22565495307995,-1.8168874815518,0.0001));
#16294=CARTESIAN_POINT('Ctrl Pts',(-1.22565495307995,-1.7903234782957,0.));
#16295=CARTESIAN_POINT('Ctrl Pts',(-1.22565495307995,-1.7903234782957,0.0001));
#16296=CARTESIAN_POINT('',(-1.2421130855321,-1.8359442664964,0.));
#16297=CARTESIAN_POINT('Ctrl Pts',(-1.22565495307995,-1.7903234782957,0.));
#16298=CARTESIAN_POINT('Ctrl Pts',(-1.22565495307995,-1.8168874815518,0.));
#16299=CARTESIAN_POINT('Ctrl Pts',(-1.2421130855321,-1.8359442664964,0.));
#16300=CARTESIAN_POINT('',(-1.2421130855321,-1.8359442664964,0.0001));
#16301=CARTESIAN_POINT('Ctrl Pts',(-1.2421130855321,-1.8359442664964,0.0001));
#16302=CARTESIAN_POINT('Ctrl Pts',(-1.22565495307995,-1.8168874815518,0.0001));
#16303=CARTESIAN_POINT('Ctrl Pts',(-1.22565495307995,-1.7903234782957,0.0001));
#16304=CARTESIAN_POINT('',(-1.2421130855321,-1.8359442664964,0.));
#16305=CARTESIAN_POINT('Ctrl Pts',(-1.27474061127058,-1.8561560081043,0.));
#16306=CARTESIAN_POINT('Ctrl Pts',(-1.27474061127058,-1.8561560081043,0.0001));
#16307=CARTESIAN_POINT('Ctrl Pts',(-1.25337391299936,-1.84864878979279,
0.));
#16308=CARTESIAN_POINT('Ctrl Pts',(-1.25337391299936,-1.84864878979279,
0.0001));
#16309=CARTESIAN_POINT('Ctrl Pts',(-1.2421130855321,-1.8359442664964,0.));
#16310=CARTESIAN_POINT('Ctrl Pts',(-1.2421130855321,-1.8359442664964,0.0001));
#16311=CARTESIAN_POINT('',(-1.27474061127058,-1.8561560081043,0.));
#16312=CARTESIAN_POINT('Ctrl Pts',(-1.2421130855321,-1.8359442664964,0.));
#16313=CARTESIAN_POINT('Ctrl Pts',(-1.25337391299936,-1.84864878979279,
0.));
#16314=CARTESIAN_POINT('Ctrl Pts',(-1.27474061127058,-1.8561560081043,0.));
#16315=CARTESIAN_POINT('',(-1.27474061127058,-1.8561560081043,0.0001));
#16316=CARTESIAN_POINT('Ctrl Pts',(-1.27474061127058,-1.8561560081043,0.0001));
#16317=CARTESIAN_POINT('Ctrl Pts',(-1.25337391299936,-1.84864878979279,
0.0001));
#16318=CARTESIAN_POINT('Ctrl Pts',(-1.2421130855321,-1.8359442664964,0.0001));
#16319=CARTESIAN_POINT('',(-1.27474061127058,-1.8561560081043,0.));
#16320=CARTESIAN_POINT('Ctrl Pts',(-1.21179547312025,-1.9303619737219,0.));
#16321=CARTESIAN_POINT('Ctrl Pts',(-1.21179547312025,-1.9303619737219,0.0001));
#16322=CARTESIAN_POINT('Ctrl Pts',(-1.21179547312025,-1.901776796305,0.));
#16323=CARTESIAN_POINT('Ctrl Pts',(-1.21179547312025,-1.901776796305,0.0001));
#16324=CARTESIAN_POINT('Ctrl Pts',(-1.24240182469793,-1.86395196558164,
0.));
#16325=CARTESIAN_POINT('Ctrl Pts',(-1.24240182469793,-1.86395196558164,
0.0001));
#16326=CARTESIAN_POINT('Ctrl Pts',(-1.27474061127058,-1.8561560081043,0.));
#16327=CARTESIAN_POINT('Ctrl Pts',(-1.27474061127058,-1.8561560081043,0.0001));
#16328=CARTESIAN_POINT('',(-1.21179547312025,-1.9303619737219,0.));
#16329=CARTESIAN_POINT('Ctrl Pts',(-1.27474061127058,-1.8561560081043,0.));
#16330=CARTESIAN_POINT('Ctrl Pts',(-1.24240182469793,-1.86395196558164,
0.));
#16331=CARTESIAN_POINT('Ctrl Pts',(-1.21179547312025,-1.901776796305,0.));
#16332=CARTESIAN_POINT('Ctrl Pts',(-1.21179547312025,-1.9303619737219,0.));
#16333=CARTESIAN_POINT('',(-1.21179547312025,-1.9303619737219,0.0001));
#16334=CARTESIAN_POINT('Ctrl Pts',(-1.21179547312025,-1.9303619737219,0.0001));
#16335=CARTESIAN_POINT('Ctrl Pts',(-1.21179547312025,-1.901776796305,0.0001));
#16336=CARTESIAN_POINT('Ctrl Pts',(-1.24240182469793,-1.86395196558164,
0.0001));
#16337=CARTESIAN_POINT('Ctrl Pts',(-1.27474061127058,-1.8561560081043,0.0001));
#16338=CARTESIAN_POINT('',(-1.21179547312025,-1.9303619737219,0.));
#16339=CARTESIAN_POINT('Ctrl Pts',(-1.25221895633606,-2.00168054768122,
0.));
#16340=CARTESIAN_POINT('Ctrl Pts',(-1.25221895633606,-2.00168054768122,
0.0001));
#16341=CARTESIAN_POINT('Ctrl Pts',(-1.23345091055729,-1.99070845937978,
0.));
#16342=CARTESIAN_POINT('Ctrl Pts',(-1.23345091055729,-1.99070845937978,
0.0001));
#16343=CARTESIAN_POINT('Ctrl Pts',(-1.21179547312025,-1.95346110698807,
0.));
#16344=CARTESIAN_POINT('Ctrl Pts',(-1.21179547312025,-1.95346110698807,
0.0001));
#16345=CARTESIAN_POINT('Ctrl Pts',(-1.21179547312025,-1.9303619737219,0.));
#16346=CARTESIAN_POINT('Ctrl Pts',(-1.21179547312025,-1.9303619737219,0.0001));
#16347=CARTESIAN_POINT('',(-1.25221895633606,-2.00168054768122,0.));
#16348=CARTESIAN_POINT('Ctrl Pts',(-1.21179547312025,-1.9303619737219,0.));
#16349=CARTESIAN_POINT('Ctrl Pts',(-1.21179547312025,-1.95346110698807,
0.));
#16350=CARTESIAN_POINT('Ctrl Pts',(-1.23345091055729,-1.99070845937978,
0.));
#16351=CARTESIAN_POINT('Ctrl Pts',(-1.25221895633606,-2.00168054768122,
0.));
#16352=CARTESIAN_POINT('',(-1.25221895633606,-2.00168054768122,0.0001));
#16353=CARTESIAN_POINT('Ctrl Pts',(-1.25221895633606,-2.00168054768122,
0.0001));
#16354=CARTESIAN_POINT('Ctrl Pts',(-1.23345091055729,-1.99070845937978,
0.0001));
#16355=CARTESIAN_POINT('Ctrl Pts',(-1.21179547312025,-1.95346110698807,
0.0001));
#16356=CARTESIAN_POINT('Ctrl Pts',(-1.21179547312025,-1.9303619737219,0.0001));
#16357=CARTESIAN_POINT('',(-1.25221895633606,-2.00168054768122,0.));
#16358=CARTESIAN_POINT('Ctrl Pts',(-1.28744513456698,-2.01149767931934,
0.));
#16359=CARTESIAN_POINT('Ctrl Pts',(-1.28744513456698,-2.01149767931934,
0.0001));
#16360=CARTESIAN_POINT('Ctrl Pts',(-1.26405726213497,-2.00832154849524,
0.));
#16361=CARTESIAN_POINT('Ctrl Pts',(-1.26405726213497,-2.00832154849524,
0.0001));
#16362=CARTESIAN_POINT('Ctrl Pts',(-1.25221895633606,-2.00168054768122,
0.));
#16363=CARTESIAN_POINT('Ctrl Pts',(-1.25221895633606,-2.00168054768122,
0.0001));
#16364=CARTESIAN_POINT('',(-1.28744513456698,-2.01149767931934,0.));
#16365=CARTESIAN_POINT('Ctrl Pts',(-1.25221895633606,-2.00168054768122,
0.));
#16366=CARTESIAN_POINT('Ctrl Pts',(-1.26405726213497,-2.00832154849524,
0.));
#16367=CARTESIAN_POINT('Ctrl Pts',(-1.28744513456698,-2.01149767931934,
0.));
#16368=CARTESIAN_POINT('',(-1.28744513456698,-2.01149767931934,0.0001));
#16369=CARTESIAN_POINT('Ctrl Pts',(-1.28744513456698,-2.01149767931934,
0.0001));
#16370=CARTESIAN_POINT('Ctrl Pts',(-1.26405726213497,-2.00832154849524,
0.0001));
#16371=CARTESIAN_POINT('Ctrl Pts',(-1.25221895633606,-2.00168054768122,
0.0001));
#16372=CARTESIAN_POINT('',(-1.28744513456698,-2.01149767931934,0.));
#16373=CARTESIAN_POINT('Ctrl Pts',(-1.32902357444609,-2.01554002764092,
0.));
#16374=CARTESIAN_POINT('Ctrl Pts',(-1.32902357444609,-2.01554002764092,
0.0001));
#16375=CARTESIAN_POINT('Ctrl Pts',(-1.31891770364214,-2.01554002764092,
0.));
#16376=CARTESIAN_POINT('Ctrl Pts',(-1.31891770364214,-2.01554002764092,
0.0001));
#16377=CARTESIAN_POINT('Ctrl Pts',(-1.28744513456698,-2.01149767931934,
0.));
#16378=CARTESIAN_POINT('Ctrl Pts',(-1.28744513456698,-2.01149767931934,
0.0001));
#16379=CARTESIAN_POINT('',(-1.32902357444609,-2.01554002764092,0.));
#16380=CARTESIAN_POINT('Ctrl Pts',(-1.28744513456698,-2.01149767931934,
0.));
#16381=CARTESIAN_POINT('Ctrl Pts',(-1.31891770364214,-2.01554002764092,
0.));
#16382=CARTESIAN_POINT('Ctrl Pts',(-1.32902357444609,-2.01554002764092,
0.));
#16383=CARTESIAN_POINT('',(-1.32902357444609,-2.01554002764092,0.0001));
#16384=CARTESIAN_POINT('Ctrl Pts',(-1.32902357444609,-2.01554002764092,
0.0001));
#16385=CARTESIAN_POINT('Ctrl Pts',(-1.31891770364214,-2.01554002764092,
0.0001));
#16386=CARTESIAN_POINT('Ctrl Pts',(-1.28744513456698,-2.01149767931934,
0.0001));
#16387=CARTESIAN_POINT('',(-1.32902357444609,-2.01554002764092,0.));
#16388=CARTESIAN_POINT('Origin',(-1.48898507231437,-2.01554002764092,0.));
#16389=CARTESIAN_POINT('',(-1.48898507231437,-2.01554002764092,0.));
#16390=CARTESIAN_POINT('',(-1.32902357444609,-2.01554002764092,0.));
#16391=CARTESIAN_POINT('',(-1.48898507231437,-2.01554002764092,0.0001));
#16392=CARTESIAN_POINT('',(-1.32902357444609,-2.01554002764092,0.0001));
#16393=CARTESIAN_POINT('',(-1.48898507231437,-2.01554002764092,0.));
#16394=CARTESIAN_POINT('Origin',(-1.48898507231437,-1.71554003434645,0.));
#16395=CARTESIAN_POINT('',(-1.48898507231437,-1.71554003434645,0.));
#16396=CARTESIAN_POINT('',(-1.48898507231437,-2.01554002764092,0.));
#16397=CARTESIAN_POINT('',(-1.48898507231437,-1.71554003434645,0.0001));
#16398=CARTESIAN_POINT('',(-1.48898507231437,-2.01554002764092,0.0001));
#16399=CARTESIAN_POINT('',(-1.48898507231437,-1.71554003434645,0.));
#16400=CARTESIAN_POINT('Origin',(-1.31545283365222,-1.71554003434645,0.));
#16401=CARTESIAN_POINT('',(-1.48898507231437,-1.71554003434645,0.));
#16402=CARTESIAN_POINT('',(-1.48898507231437,-1.71554003434645,0.0001));
#16403=CARTESIAN_POINT('Origin',(-1.37324656943686,-1.86558016520257,0.));
#16404=CARTESIAN_POINT('Origin',(-1.37324656943686,-1.86558016520257,0.0001));
#16405=CARTESIAN_POINT('Origin',(1.40835897973811,2.12741711314168,0.));
#16406=CARTESIAN_POINT('',(1.60835897973811,2.12741711314168,0.0001));
#16407=CARTESIAN_POINT('Origin',(1.40835897973811,2.12741711314168,0.0001));
#16408=CARTESIAN_POINT('',(1.60835897973811,2.12741711314168,0.));
#16409=CARTESIAN_POINT('Origin',(1.40835897973811,2.12741711314168,0.));
#16410=CARTESIAN_POINT('Origin',(1.40835897973811,2.12741711314168,0.));
#16411=CARTESIAN_POINT('Origin',(1.40835897973811,2.12741711314168,0.0001));
#16412=CARTESIAN_POINT('Origin',(-0.962613563689169,-1.8815650546971,0.));
#16413=CARTESIAN_POINT('',(-1.07579931669344,-1.71554003434645,0.));
#16414=CARTESIAN_POINT('',(-0.962613563689169,-1.8815650546971,0.));
#16415=CARTESIAN_POINT('',(-1.07579931669344,-1.71554003434645,0.));
#16416=CARTESIAN_POINT('',(-1.07579931669344,-1.71554003434645,0.0001));
#16417=CARTESIAN_POINT('',(-1.07579931669344,-1.71554003434645,0.));
#16418=CARTESIAN_POINT('',(-0.962613563689169,-1.8815650546971,0.0001));
#16419=CARTESIAN_POINT('',(-1.07579931669344,-1.71554003434645,0.0001));
#16420=CARTESIAN_POINT('',(-0.962613563689169,-1.8815650546971,0.));
#16421=CARTESIAN_POINT('Origin',(-0.962613563689169,-1.71554003434645,0.));
#16422=CARTESIAN_POINT('',(-0.962613563689169,-1.71554003434645,0.));
#16423=CARTESIAN_POINT('',(-0.962613563689169,-1.8815650546971,0.));
#16424=CARTESIAN_POINT('',(-0.962613563689169,-1.71554003434645,0.0001));
#16425=CARTESIAN_POINT('',(-0.962613563689169,-1.8815650546971,0.0001));
#16426=CARTESIAN_POINT('',(-0.962613563689169,-1.71554003434645,0.));
#16427=CARTESIAN_POINT('Origin',(-0.875125596443522,-1.71554003434645,0.));
#16428=CARTESIAN_POINT('',(-0.875125596443522,-1.71554003434645,0.));
#16429=CARTESIAN_POINT('',(-0.962613563689169,-1.71554003434645,0.));
#16430=CARTESIAN_POINT('',(-0.875125596443522,-1.71554003434645,0.0001));
#16431=CARTESIAN_POINT('',(-0.962613563689169,-1.71554003434645,0.0001));
#16432=CARTESIAN_POINT('',(-0.875125596443522,-1.71554003434645,0.));
#16433=CARTESIAN_POINT('Origin',(-0.875125596443522,-2.01554002764092,0.));
#16434=CARTESIAN_POINT('',(-0.875125596443522,-2.01554002764092,0.));
#16435=CARTESIAN_POINT('',(-0.875125596443522,-1.71554003434645,0.));
#16436=CARTESIAN_POINT('',(-0.875125596443522,-2.01554002764092,0.0001));
#16437=CARTESIAN_POINT('',(-0.875125596443522,-1.71554003434645,0.0001));
#16438=CARTESIAN_POINT('',(-0.875125596443522,-2.01554002764092,0.));
#16439=CARTESIAN_POINT('Origin',(-0.962613563689169,-2.01554002764092,0.));
#16440=CARTESIAN_POINT('',(-0.962613563689169,-2.01554002764092,0.));
#16441=CARTESIAN_POINT('',(-0.875125596443522,-2.01554002764092,0.));
#16442=CARTESIAN_POINT('',(-0.962613563689169,-2.01554002764092,0.0001));
#16443=CARTESIAN_POINT('',(-0.875125596443522,-2.01554002764092,0.0001));
#16444=CARTESIAN_POINT('',(-0.962613563689169,-2.01554002764092,0.));
#16445=CARTESIAN_POINT('Origin',(-1.07522183836178,-1.85038122478776,0.));
#16446=CARTESIAN_POINT('',(-1.07522183836178,-1.85038122478776,0.));
#16447=CARTESIAN_POINT('',(-0.962613563689169,-2.01554002764092,0.));
#16448=CARTESIAN_POINT('',(-1.07522183836178,-1.85038122478776,0.0001));
#16449=CARTESIAN_POINT('',(-0.962613563689169,-2.01554002764092,0.0001));
#16450=CARTESIAN_POINT('',(-1.07522183836178,-1.85038122478776,0.));
#16451=CARTESIAN_POINT('Origin',(-1.07522183836178,-2.01554002764092,0.));
#16452=CARTESIAN_POINT('',(-1.07522183836178,-2.01554002764092,0.));
#16453=CARTESIAN_POINT('',(-1.07522183836178,-1.85038122478776,0.));
#16454=CARTESIAN_POINT('',(-1.07522183836178,-2.01554002764092,0.0001));
#16455=CARTESIAN_POINT('',(-1.07522183836178,-1.85038122478776,0.0001));
#16456=CARTESIAN_POINT('',(-1.07522183836178,-2.01554002764092,0.));
#16457=CARTESIAN_POINT('Origin',(-1.1624210664416,-2.01554002764092,0.));
#16458=CARTESIAN_POINT('',(-1.1624210664416,-2.01554002764092,0.));
#16459=CARTESIAN_POINT('',(-1.07522183836178,-2.01554002764092,0.));
#16460=CARTESIAN_POINT('',(-1.1624210664416,-2.01554002764092,0.0001));
#16461=CARTESIAN_POINT('',(-1.07522183836178,-2.01554002764092,0.0001));
#16462=CARTESIAN_POINT('',(-1.1624210664416,-2.01554002764092,0.));
#16463=CARTESIAN_POINT('Origin',(-1.1624210664416,-1.71554003434645,0.));
#16464=CARTESIAN_POINT('',(-1.1624210664416,-1.71554003434645,0.));
#16465=CARTESIAN_POINT('',(-1.1624210664416,-2.01554002764092,0.));
#16466=CARTESIAN_POINT('',(-1.1624210664416,-1.71554003434645,0.0001));
#16467=CARTESIAN_POINT('',(-1.1624210664416,-2.01554002764092,0.0001));
#16468=CARTESIAN_POINT('',(-1.1624210664416,-1.71554003434645,0.));
#16469=CARTESIAN_POINT('Origin',(-1.07579931669344,-1.71554003434645,0.));
#16470=CARTESIAN_POINT('',(-1.1624210664416,-1.71554003434645,0.));
#16471=CARTESIAN_POINT('',(-1.1624210664416,-1.71554003434645,0.0001));
#16472=CARTESIAN_POINT('Origin',(-1.01880286969902,-1.86560962210367,0.));
#16473=CARTESIAN_POINT('Origin',(-1.01880286969902,-1.86560962210367,0.0001));
#16474=CARTESIAN_POINT('Origin',(0.3133248786911,-1.78195004248671,0.));
#16475=CARTESIAN_POINT('',(0.3133248786911,-1.71554003434645,0.));
#16476=CARTESIAN_POINT('',(0.3133248786911,-1.78195004248671,0.));
#16477=CARTESIAN_POINT('',(0.3133248786911,-1.71554003434645,0.));
#16478=CARTESIAN_POINT('',(0.3133248786911,-1.71554003434645,0.0001));
#16479=CARTESIAN_POINT('',(0.3133248786911,-1.71554003434645,0.));
#16480=CARTESIAN_POINT('',(0.3133248786911,-1.78195004248671,0.0001));
#16481=CARTESIAN_POINT('',(0.3133248786911,-1.71554003434645,0.0001));
#16482=CARTESIAN_POINT('',(0.3133248786911,-1.78195004248671,0.));
#16483=CARTESIAN_POINT('Origin',(0.179638644913099,-1.78195004248671,0.));
#16484=CARTESIAN_POINT('',(0.179638644913099,-1.78195004248671,0.));
#16485=CARTESIAN_POINT('',(0.3133248786911,-1.78195004248671,0.));
#16486=CARTESIAN_POINT('',(0.179638644913099,-1.78195004248671,0.0001));
#16487=CARTESIAN_POINT('',(0.3133248786911,-1.78195004248671,0.0001));
#16488=CARTESIAN_POINT('',(0.179638644913099,-1.78195004248671,0.));
#16489=CARTESIAN_POINT('Origin',(0.172708904933246,-1.82699335235575,0.));
#16490=CARTESIAN_POINT('',(0.172708904933246,-1.82699335235575,0.));
#16491=CARTESIAN_POINT('',(0.179638644913099,-1.78195004248671,0.));
#16492=CARTESIAN_POINT('',(0.172708904933246,-1.82699335235575,0.0001));
#16493=CARTESIAN_POINT('',(0.179638644913099,-1.78195004248671,0.0001));
#16494=CARTESIAN_POINT('',(0.172708904933246,-1.82699335235575,0.));
#16495=CARTESIAN_POINT('Ctrl Pts',(0.226991868108763,-1.81400008989353,
0.));
#16496=CARTESIAN_POINT('Ctrl Pts',(0.226991868108763,-1.81400008989353,
0.0001));
#16497=CARTESIAN_POINT('Ctrl Pts',(0.213709866480711,-1.81400008989353,
0.));
#16498=CARTESIAN_POINT('Ctrl Pts',(0.213709866480711,-1.81400008989353,
0.0001));
#16499=CARTESIAN_POINT('Ctrl Pts',(0.186568384892953,-1.82064109070755,
0.));
#16500=CARTESIAN_POINT('Ctrl Pts',(0.186568384892953,-1.82064109070755,
0.0001));
#16501=CARTESIAN_POINT('Ctrl Pts',(0.172708904933246,-1.82699335235575,
0.));
#16502=CARTESIAN_POINT('Ctrl Pts',(0.172708904933246,-1.82699335235575,
0.0001));
#16503=CARTESIAN_POINT('',(0.226991868108763,-1.81400008989353,0.));
#16504=CARTESIAN_POINT('Ctrl Pts',(0.172708904933246,-1.82699335235575,
0.));
#16505=CARTESIAN_POINT('Ctrl Pts',(0.186568384892953,-1.82064109070755,
0.));
#16506=CARTESIAN_POINT('Ctrl Pts',(0.213709866480711,-1.81400008989353,
0.));
#16507=CARTESIAN_POINT('Ctrl Pts',(0.226991868108763,-1.81400008989353,
0.));
#16508=CARTESIAN_POINT('',(0.226991868108763,-1.81400008989353,0.0001));
#16509=CARTESIAN_POINT('Ctrl Pts',(0.226991868108763,-1.81400008989353,
0.0001));
#16510=CARTESIAN_POINT('Ctrl Pts',(0.213709866480711,-1.81400008989353,
0.0001));
#16511=CARTESIAN_POINT('Ctrl Pts',(0.186568384892953,-1.82064109070755,
0.0001));
#16512=CARTESIAN_POINT('Ctrl Pts',(0.172708904933246,-1.82699335235575,
0.0001));
#16513=CARTESIAN_POINT('',(0.226991868108763,-1.81400008989353,0.));
#16514=CARTESIAN_POINT('Ctrl Pts',(0.327761836982461,-1.90986149294816,
0.));
#16515=CARTESIAN_POINT('Ctrl Pts',(0.327761836982461,-1.90986149294816,
0.0001));
#16516=CARTESIAN_POINT('Ctrl Pts',(0.327761836982461,-1.86857179223487,
0.));
#16517=CARTESIAN_POINT('Ctrl Pts',(0.327761836982461,-1.86857179223487,
0.0001));
#16518=CARTESIAN_POINT('Ctrl Pts',(0.271746438811981,-1.81400008989353,
0.));
#16519=CARTESIAN_POINT('Ctrl Pts',(0.271746438811981,-1.81400008989353,
0.0001));
#16520=CARTESIAN_POINT('Ctrl Pts',(0.226991868108763,-1.81400008989353,
0.));
#16521=CARTESIAN_POINT('Ctrl Pts',(0.226991868108763,-1.81400008989353,
0.0001));
#16522=CARTESIAN_POINT('',(0.327761836982461,-1.90986149294816,0.));
#16523=CARTESIAN_POINT('Ctrl Pts',(0.226991868108763,-1.81400008989353,
0.));
#16524=CARTESIAN_POINT('Ctrl Pts',(0.271746438811981,-1.81400008989353,
0.));
#16525=CARTESIAN_POINT('Ctrl Pts',(0.327761836982461,-1.86857179223487,
0.));
#16526=CARTESIAN_POINT('Ctrl Pts',(0.327761836982461,-1.90986149294816,
0.));
#16527=CARTESIAN_POINT('',(0.327761836982461,-1.90986149294816,0.0001));
#16528=CARTESIAN_POINT('Ctrl Pts',(0.327761836982461,-1.90986149294816,
0.0001));
#16529=CARTESIAN_POINT('Ctrl Pts',(0.327761836982461,-1.86857179223487,
0.0001));
#16530=CARTESIAN_POINT('Ctrl Pts',(0.271746438811981,-1.81400008989353,
0.0001));
#16531=CARTESIAN_POINT('Ctrl Pts',(0.226991868108763,-1.81400008989353,
0.0001));
#16532=CARTESIAN_POINT('',(0.327761836982461,-1.90986149294816,0.));
#16533=CARTESIAN_POINT('Ctrl Pts',(0.204758952340067,-2.02073733262581,
0.));
#16534=CARTESIAN_POINT('Ctrl Pts',(0.204758952340067,-2.02073733262581,
0.0001));
#16535=CARTESIAN_POINT('Ctrl Pts',(0.246048653053359,-2.02073733262581,
0.));
#16536=CARTESIAN_POINT('Ctrl Pts',(0.246048653053359,-2.02073733262581,
0.0001));
#16537=CARTESIAN_POINT('Ctrl Pts',(0.29888792039974,-1.99244089437475,0.));
#16538=CARTESIAN_POINT('Ctrl Pts',(0.29888792039974,-1.99244089437475,0.0001));
#16539=CARTESIAN_POINT('Ctrl Pts',(0.327761836982461,-1.93873540953089,
0.));
#16540=CARTESIAN_POINT('Ctrl Pts',(0.327761836982461,-1.93873540953089,
0.0001));
#16541=CARTESIAN_POINT('Ctrl Pts',(0.327761836982461,-1.90986149294816,
0.));
#16542=CARTESIAN_POINT('Ctrl Pts',(0.327761836982461,-1.90986149294816,
0.0001));
#16543=CARTESIAN_POINT('',(0.204758952340067,-2.02073733262581,0.));
#16544=CARTESIAN_POINT('Ctrl Pts',(0.327761836982461,-1.90986149294816,
0.));
#16545=CARTESIAN_POINT('Ctrl Pts',(0.327761836982461,-1.93873540953089,
0.));
#16546=CARTESIAN_POINT('Ctrl Pts',(0.29888792039974,-1.99244089437475,0.));
#16547=CARTESIAN_POINT('Ctrl Pts',(0.246048653053359,-2.02073733262581,
0.));
#16548=CARTESIAN_POINT('Ctrl Pts',(0.204758952340067,-2.02073733262581,
0.));
#16549=CARTESIAN_POINT('',(0.204758952340067,-2.02073733262581,0.0001));
#16550=CARTESIAN_POINT('Ctrl Pts',(0.204758952340067,-2.02073733262581,
0.0001));
#16551=CARTESIAN_POINT('Ctrl Pts',(0.246048653053359,-2.02073733262581,
0.0001));
#16552=CARTESIAN_POINT('Ctrl Pts',(0.29888792039974,-1.99244089437475,0.0001));
#16553=CARTESIAN_POINT('Ctrl Pts',(0.327761836982461,-1.93873540953089,
0.0001));
#16554=CARTESIAN_POINT('Ctrl Pts',(0.327761836982461,-1.90986149294816,
0.0001));
#16555=CARTESIAN_POINT('',(0.204758952340067,-2.02073733262581,0.));
#16556=CARTESIAN_POINT('Ctrl Pts',(0.0785799368735737,-1.9378691920334,
0.));
#16557=CARTESIAN_POINT('Ctrl Pts',(0.0785799368735737,-1.9378691920334,
0.0001));
#16558=CARTESIAN_POINT('Ctrl Pts',(0.0846434593559452,-1.95894715113879,
0.));
#16559=CARTESIAN_POINT('Ctrl Pts',(0.0846434593559452,-1.95894715113879,
0.0001));
#16560=CARTESIAN_POINT('Ctrl Pts',(0.103122765968887,-1.98724358938986,
0.));
#16561=CARTESIAN_POINT('Ctrl Pts',(0.103122765968887,-1.98724358938986,
0.0001));
#16562=CARTESIAN_POINT('Ctrl Pts',(0.13286290004909,-2.00947650515855,0.));
#16563=CARTESIAN_POINT('Ctrl Pts',(0.13286290004909,-2.00947650515855,0.0001));
#16564=CARTESIAN_POINT('Ctrl Pts',(0.175018818259864,-2.02073733262581,
0.));
#16565=CARTESIAN_POINT('Ctrl Pts',(0.175018818259864,-2.02073733262581,
0.0001));
#16566=CARTESIAN_POINT('Ctrl Pts',(0.204758952340067,-2.02073733262581,
0.));
#16567=CARTESIAN_POINT('Ctrl Pts',(0.204758952340067,-2.02073733262581,
0.0001));
#16568=CARTESIAN_POINT('',(0.0785799368735737,-1.9378691920334,0.));
#16569=CARTESIAN_POINT('Ctrl Pts',(0.204758952340067,-2.02073733262581,
0.));
#16570=CARTESIAN_POINT('Ctrl Pts',(0.175018818259864,-2.02073733262581,
0.));
#16571=CARTESIAN_POINT('Ctrl Pts',(0.13286290004909,-2.00947650515855,0.));
#16572=CARTESIAN_POINT('Ctrl Pts',(0.103122765968887,-1.98724358938986,
0.));
#16573=CARTESIAN_POINT('Ctrl Pts',(0.0846434593559452,-1.95894715113879,
0.));
#16574=CARTESIAN_POINT('Ctrl Pts',(0.0785799368735737,-1.9378691920334,
0.));
#16575=CARTESIAN_POINT('',(0.0785799368735737,-1.9378691920334,0.0001));
#16576=CARTESIAN_POINT('Ctrl Pts',(0.0785799368735737,-1.9378691920334,
0.0001));
#16577=CARTESIAN_POINT('Ctrl Pts',(0.0846434593559452,-1.95894715113879,
0.0001));
#16578=CARTESIAN_POINT('Ctrl Pts',(0.103122765968887,-1.98724358938986,
0.0001));
#16579=CARTESIAN_POINT('Ctrl Pts',(0.13286290004909,-2.00947650515855,0.0001));
#16580=CARTESIAN_POINT('Ctrl Pts',(0.175018818259864,-2.02073733262581,
0.0001));
#16581=CARTESIAN_POINT('Ctrl Pts',(0.204758952340067,-2.02073733262581,
0.0001));
#16582=CARTESIAN_POINT('',(0.0785799368735737,-1.9378691920334,0.));
#16583=CARTESIAN_POINT('Origin',(0.162891773295121,-1.92862953872693,0.));
#16584=CARTESIAN_POINT('',(0.162891773295121,-1.92862953872693,0.));
#16585=CARTESIAN_POINT('',(0.0785799368735737,-1.9378691920334,0.));
#16586=CARTESIAN_POINT('',(0.162891773295121,-1.92862953872693,0.0001));
#16587=CARTESIAN_POINT('',(0.0785799368735737,-1.9378691920334,0.0001));
#16588=CARTESIAN_POINT('',(0.162891773295121,-1.92862953872693,0.));
#16589=CARTESIAN_POINT('Ctrl Pts',(0.203892734842585,-1.96991923944022,
0.));
#16590=CARTESIAN_POINT('Ctrl Pts',(0.203892734842585,-1.96991923944022,
0.0001));
#16591=CARTESIAN_POINT('Ctrl Pts',(0.188300819887916,-1.96991923944022,
0.));
#16592=CARTESIAN_POINT('Ctrl Pts',(0.188300819887916,-1.96991923944022,
0.0001));
#16593=CARTESIAN_POINT('Ctrl Pts',(0.16606790411922,-1.94884128033484,0.));
#16594=CARTESIAN_POINT('Ctrl Pts',(0.16606790411922,-1.94884128033484,0.0001));
#16595=CARTESIAN_POINT('Ctrl Pts',(0.162891773295121,-1.92862953872693,
0.));
#16596=CARTESIAN_POINT('Ctrl Pts',(0.162891773295121,-1.92862953872693,
0.0001));
#16597=CARTESIAN_POINT('',(0.203892734842585,-1.96991923944022,0.));
#16598=CARTESIAN_POINT('Ctrl Pts',(0.162891773295121,-1.92862953872693,
0.));
#16599=CARTESIAN_POINT('Ctrl Pts',(0.16606790411922,-1.94884128033484,0.));
#16600=CARTESIAN_POINT('Ctrl Pts',(0.188300819887916,-1.96991923944022,
0.));
#16601=CARTESIAN_POINT('Ctrl Pts',(0.203892734842585,-1.96991923944022,
0.));
#16602=CARTESIAN_POINT('',(0.203892734842585,-1.96991923944022,0.0001));
#16603=CARTESIAN_POINT('Ctrl Pts',(0.203892734842585,-1.96991923944022,
0.0001));
#16604=CARTESIAN_POINT('Ctrl Pts',(0.188300819887916,-1.96991923944022,
0.0001));
#16605=CARTESIAN_POINT('Ctrl Pts',(0.16606790411922,-1.94884128033484,0.0001));
#16606=CARTESIAN_POINT('Ctrl Pts',(0.162891773295121,-1.92862953872693,
0.0001));
#16607=CARTESIAN_POINT('',(0.203892734842585,-1.96991923944022,0.));
#16608=CARTESIAN_POINT('Ctrl Pts',(0.243738739726741,-1.91736871125967,
0.));
#16609=CARTESIAN_POINT('Ctrl Pts',(0.243738739726741,-1.91736871125967,
0.0001));
#16610=CARTESIAN_POINT('Ctrl Pts',(0.243738739726741,-1.94364397534995,
0.));
#16611=CARTESIAN_POINT('Ctrl Pts',(0.243738739726741,-1.94364397534995,
0.0001));
#16612=CARTESIAN_POINT('Ctrl Pts',(0.221217084792218,-1.96991923944022,
0.));
#16613=CARTESIAN_POINT('Ctrl Pts',(0.221217084792218,-1.96991923944022,
0.0001));
#16614=CARTESIAN_POINT('Ctrl Pts',(0.203892734842585,-1.96991923944022,
0.));
#16615=CARTESIAN_POINT('Ctrl Pts',(0.203892734842585,-1.96991923944022,
0.0001));
#16616=CARTESIAN_POINT('',(0.243738739726741,-1.91736871125967,0.));
#16617=CARTESIAN_POINT('Ctrl Pts',(0.203892734842585,-1.96991923944022,
0.));
#16618=CARTESIAN_POINT('Ctrl Pts',(0.221217084792218,-1.96991923944022,
0.));
#16619=CARTESIAN_POINT('Ctrl Pts',(0.243738739726741,-1.94364397534995,
0.));
#16620=CARTESIAN_POINT('Ctrl Pts',(0.243738739726741,-1.91736871125967,
0.));
#16621=CARTESIAN_POINT('',(0.243738739726741,-1.91736871125967,0.0001));
#16622=CARTESIAN_POINT('Ctrl Pts',(0.243738739726741,-1.91736871125967,
0.0001));
#16623=CARTESIAN_POINT('Ctrl Pts',(0.243738739726741,-1.94364397534995,
0.0001));
#16624=CARTESIAN_POINT('Ctrl Pts',(0.221217084792218,-1.96991923944022,
0.0001));
#16625=CARTESIAN_POINT('Ctrl Pts',(0.203892734842585,-1.96991923944022,
0.0001));
#16626=CARTESIAN_POINT('',(0.243738739726741,-1.91736871125967,0.));
#16627=CARTESIAN_POINT('Ctrl Pts',(0.202160299847622,-1.8656844005766,0.));
#16628=CARTESIAN_POINT('Ctrl Pts',(0.202160299847622,-1.8656844005766,0.0001));
#16629=CARTESIAN_POINT('Ctrl Pts',(0.220928345626391,-1.8656844005766,0.));
#16630=CARTESIAN_POINT('Ctrl Pts',(0.220928345626391,-1.8656844005766,0.0001));
#16631=CARTESIAN_POINT('Ctrl Pts',(0.243738739726741,-1.89051596883774,
0.));
#16632=CARTESIAN_POINT('Ctrl Pts',(0.243738739726741,-1.89051596883774,
0.0001));
#16633=CARTESIAN_POINT('Ctrl Pts',(0.243738739726741,-1.91736871125967,
0.));
#16634=CARTESIAN_POINT('Ctrl Pts',(0.243738739726741,-1.91736871125967,
0.0001));
#16635=CARTESIAN_POINT('',(0.202160299847622,-1.8656844005766,0.));
#16636=CARTESIAN_POINT('Ctrl Pts',(0.243738739726741,-1.91736871125967,
0.));
#16637=CARTESIAN_POINT('Ctrl Pts',(0.243738739726741,-1.89051596883774,
0.));
#16638=CARTESIAN_POINT('Ctrl Pts',(0.220928345626391,-1.8656844005766,0.));
#16639=CARTESIAN_POINT('Ctrl Pts',(0.202160299847622,-1.8656844005766,0.));
#16640=CARTESIAN_POINT('',(0.202160299847622,-1.8656844005766,0.0001));
#16641=CARTESIAN_POINT('Ctrl Pts',(0.202160299847622,-1.8656844005766,0.0001));
#16642=CARTESIAN_POINT('Ctrl Pts',(0.220928345626391,-1.8656844005766,0.0001));
#16643=CARTESIAN_POINT('Ctrl Pts',(0.243738739726741,-1.89051596883774,
0.0001));
#16644=CARTESIAN_POINT('Ctrl Pts',(0.243738739726741,-1.91736871125967,
0.0001));
#16645=CARTESIAN_POINT('',(0.202160299847622,-1.8656844005766,0.));
#16646=CARTESIAN_POINT('Ctrl Pts',(0.178772427415618,-1.87174792305897,
0.));
#16647=CARTESIAN_POINT('Ctrl Pts',(0.178772427415618,-1.87174792305897,
0.0001));
#16648=CARTESIAN_POINT('Ctrl Pts',(0.190033254882879,-1.8656844005766,0.));
#16649=CARTESIAN_POINT('Ctrl Pts',(0.190033254882879,-1.8656844005766,0.0001));
#16650=CARTESIAN_POINT('Ctrl Pts',(0.202160299847622,-1.8656844005766,0.));
#16651=CARTESIAN_POINT('Ctrl Pts',(0.202160299847622,-1.8656844005766,0.0001));
#16652=CARTESIAN_POINT('',(0.178772427415618,-1.87174792305897,0.));
#16653=CARTESIAN_POINT('Ctrl Pts',(0.202160299847622,-1.8656844005766,0.));
#16654=CARTESIAN_POINT('Ctrl Pts',(0.190033254882879,-1.8656844005766,0.));
#16655=CARTESIAN_POINT('Ctrl Pts',(0.178772427415618,-1.87174792305897,
0.));
#16656=CARTESIAN_POINT('',(0.178772427415618,-1.87174792305897,0.0001));
#16657=CARTESIAN_POINT('Ctrl Pts',(0.178772427415618,-1.87174792305897,
0.0001));
#16658=CARTESIAN_POINT('Ctrl Pts',(0.190033254882879,-1.8656844005766,0.0001));
#16659=CARTESIAN_POINT('Ctrl Pts',(0.202160299847622,-1.8656844005766,0.0001));
#16660=CARTESIAN_POINT('',(0.178772427415618,-1.87174792305897,0.));
#16661=CARTESIAN_POINT('Ctrl Pts',(0.160581859968503,-1.88705109884781,
0.));
#16662=CARTESIAN_POINT('Ctrl Pts',(0.160581859968503,-1.88705109884781,
0.0001));
#16663=CARTESIAN_POINT('Ctrl Pts',(0.170687730772456,-1.87579027138055,
0.));
#16664=CARTESIAN_POINT('Ctrl Pts',(0.170687730772456,-1.87579027138055,
0.0001));
#16665=CARTESIAN_POINT('Ctrl Pts',(0.178772427415618,-1.87174792305897,
0.));
#16666=CARTESIAN_POINT('Ctrl Pts',(0.178772427415618,-1.87174792305897,
0.0001));
#16667=CARTESIAN_POINT('',(0.160581859968503,-1.88705109884781,0.));
#16668=CARTESIAN_POINT('Ctrl Pts',(0.178772427415618,-1.87174792305897,
0.));
#16669=CARTESIAN_POINT('Ctrl Pts',(0.170687730772456,-1.87579027138055,
0.));
#16670=CARTESIAN_POINT('Ctrl Pts',(0.160581859968503,-1.88705109884781,
0.));
#16671=CARTESIAN_POINT('',(0.160581859968503,-1.88705109884781,0.0001));
#16672=CARTESIAN_POINT('Ctrl Pts',(0.160581859968503,-1.88705109884781,
0.0001));
#16673=CARTESIAN_POINT('Ctrl Pts',(0.170687730772456,-1.87579027138055,
0.0001));
#16674=CARTESIAN_POINT('Ctrl Pts',(0.178772427415618,-1.87174792305897,
0.0001));
#16675=CARTESIAN_POINT('',(0.160581859968503,-1.88705109884781,0.));
#16676=CARTESIAN_POINT('Origin',(0.0895520251750079,-1.87694522804386,0.));
#16677=CARTESIAN_POINT('',(0.0895520251750079,-1.87694522804386,0.));
#16678=CARTESIAN_POINT('',(0.160581859968503,-1.88705109884781,0.));
#16679=CARTESIAN_POINT('',(0.0895520251750079,-1.87694522804386,0.0001));
#16680=CARTESIAN_POINT('',(0.160581859968503,-1.88705109884781,0.0001));
#16681=CARTESIAN_POINT('',(0.0895520251750079,-1.87694522804386,0.));
#16682=CARTESIAN_POINT('Origin',(0.115827289265285,-1.71554003434645,0.));
#16683=CARTESIAN_POINT('',(0.115827289265285,-1.71554003434645,0.));
#16684=CARTESIAN_POINT('',(0.0895520251750079,-1.87694522804386,0.));
#16685=CARTESIAN_POINT('',(0.115827289265285,-1.71554003434645,0.0001));
#16686=CARTESIAN_POINT('',(0.0895520251750079,-1.87694522804386,0.0001));
#16687=CARTESIAN_POINT('',(0.115827289265285,-1.71554003434645,0.));
#16688=CARTESIAN_POINT('Origin',(0.3133248786911,-1.71554003434645,0.));
#16689=CARTESIAN_POINT('',(0.115827289265285,-1.71554003434645,0.));
#16690=CARTESIAN_POINT('',(0.115827289265285,-1.71554003434645,0.0001));
#16691=CARTESIAN_POINT('Origin',(0.202110359801917,-1.85322350862504,0.));
#16692=CARTESIAN_POINT('Origin',(0.202110359801917,-1.85322350862504,0.0001));
#16693=CARTESIAN_POINT('Origin',(-1.22638522819107,-2.32617751166872,0.));
#16694=CARTESIAN_POINT('',(-1.22638522819107,-2.18123045042346,0.));
#16695=CARTESIAN_POINT('',(-1.22638522819107,-2.32617751166872,0.));
#16696=CARTESIAN_POINT('',(-1.22638522819107,-2.18123045042346,0.));
#16697=CARTESIAN_POINT('',(-1.22638522819107,-2.18123045042346,0.0001));
#16698=CARTESIAN_POINT('',(-1.22638522819107,-2.18123045042346,0.));
#16699=CARTESIAN_POINT('',(-1.22638522819107,-2.32617751166872,0.0001));
#16700=CARTESIAN_POINT('',(-1.22638522819107,-2.18123045042346,0.0001));
#16701=CARTESIAN_POINT('',(-1.22638522819107,-2.32617751166872,0.));
#16702=CARTESIAN_POINT('Origin',(-1.28201564080712,-2.32617751166872,0.));
#16703=CARTESIAN_POINT('',(-1.28201564080712,-2.32617751166872,0.));
#16704=CARTESIAN_POINT('',(-1.22638522819107,-2.32617751166872,0.));
#16705=CARTESIAN_POINT('',(-1.28201564080712,-2.32617751166872,0.0001));
#16706=CARTESIAN_POINT('',(-1.22638522819107,-2.32617751166872,0.0001));
#16707=CARTESIAN_POINT('',(-1.28201564080712,-2.32617751166872,0.));
#16708=CARTESIAN_POINT('Origin',(-1.28201564080712,-2.18123045042346,0.));
#16709=CARTESIAN_POINT('',(-1.28201564080712,-2.18123045042346,0.));
#16710=CARTESIAN_POINT('',(-1.28201564080712,-2.32617751166872,0.));
#16711=CARTESIAN_POINT('',(-1.28201564080712,-2.18123045042346,0.0001));
#16712=CARTESIAN_POINT('',(-1.28201564080712,-2.32617751166872,0.0001));
#16713=CARTESIAN_POINT('',(-1.28201564080712,-2.18123045042346,0.));
#16714=CARTESIAN_POINT('Origin',(-1.22638522819107,-2.18123045042346,0.));
#16715=CARTESIAN_POINT('',(-1.28201564080712,-2.18123045042346,0.));
#16716=CARTESIAN_POINT('',(-1.28201564080712,-2.18123045042346,0.0001));
#16717=CARTESIAN_POINT('Origin',(-1.25420043449909,-2.25370398104609,0.));
#16718=CARTESIAN_POINT('Origin',(-1.25420043449909,-2.25370398104609,0.0001));
#16719=CARTESIAN_POINT('Origin',(-1.13341121877567,-2.32617751166872,0.));
#16720=CARTESIAN_POINT('',(-1.13341121877567,-2.12617751613907,0.));
#16721=CARTESIAN_POINT('',(-1.13341121877567,-2.32617751166872,0.));
#16722=CARTESIAN_POINT('',(-1.13341121877567,-2.12617751613907,0.));
#16723=CARTESIAN_POINT('',(-1.13341121877567,-2.12617751613907,0.0001));
#16724=CARTESIAN_POINT('',(-1.13341121877567,-2.12617751613907,0.));
#16725=CARTESIAN_POINT('',(-1.13341121877567,-2.32617751166872,0.0001));
#16726=CARTESIAN_POINT('',(-1.13341121877567,-2.12617751613907,0.0001));
#16727=CARTESIAN_POINT('',(-1.13341121877567,-2.32617751166872,0.));
#16728=CARTESIAN_POINT('Origin',(-1.18904163139172,-2.32617751166872,0.));
#16729=CARTESIAN_POINT('',(-1.18904163139172,-2.32617751166872,0.));
#16730=CARTESIAN_POINT('',(-1.13341121877567,-2.32617751166872,0.));
#16731=CARTESIAN_POINT('',(-1.18904163139172,-2.32617751166872,0.0001));
#16732=CARTESIAN_POINT('',(-1.13341121877567,-2.32617751166872,0.0001));
#16733=CARTESIAN_POINT('',(-1.18904163139172,-2.32617751166872,0.));
#16734=CARTESIAN_POINT('Origin',(-1.18904163139172,-2.12617751613907,0.));
#16735=CARTESIAN_POINT('',(-1.18904163139172,-2.12617751613907,0.));
#16736=CARTESIAN_POINT('',(-1.18904163139172,-2.32617751166872,0.));
#16737=CARTESIAN_POINT('',(-1.18904163139172,-2.12617751613907,0.0001));
#16738=CARTESIAN_POINT('',(-1.18904163139172,-2.32617751166872,0.0001));
#16739=CARTESIAN_POINT('',(-1.18904163139172,-2.12617751613907,0.));
#16740=CARTESIAN_POINT('Origin',(-1.13341121877567,-2.12617751613907,0.));
#16741=CARTESIAN_POINT('',(-1.18904163139172,-2.12617751613907,0.));
#16742=CARTESIAN_POINT('',(-1.18904163139172,-2.12617751613907,0.0001));
#16743=CARTESIAN_POINT('Origin',(-1.1612264250837,-2.2261775139039,0.));
#16744=CARTESIAN_POINT('Origin',(-1.1612264250837,-2.2261775139039,0.0001));
#16745=CARTESIAN_POINT('Ctrl Pts',(-0.922824124460954,-2.32944988888143,
0.));
#16746=CARTESIAN_POINT('Ctrl Pts',(-0.922824124460954,-2.32944988888143,
0.0001));
#16747=CARTESIAN_POINT('Ctrl Pts',(-0.898955020085904,-2.32944988888143,
0.));
#16748=CARTESIAN_POINT('Ctrl Pts',(-0.898955020085904,-2.32944988888143,
0.0001));
#16749=CARTESIAN_POINT('Ctrl Pts',(-0.867963682953783,-2.31597539447616,
0.));
#16750=CARTESIAN_POINT('Ctrl Pts',(-0.867963682953783,-2.31597539447616,
0.0001));
#16751=CARTESIAN_POINT('Ctrl Pts',(-0.848136926900314,-2.29191379732389,
0.));
#16752=CARTESIAN_POINT('Ctrl Pts',(-0.848136926900314,-2.29191379732389,
0.0001));
#16753=CARTESIAN_POINT('Ctrl Pts',(-0.843709593024297,-2.27535941848313,
0.));
#16754=CARTESIAN_POINT('Ctrl Pts',(-0.843709593024297,-2.27535941848313,
0.0001));
#16755=CARTESIAN_POINT('',(-0.843709593024297,-2.27535941848313,0.));
#16756=CARTESIAN_POINT('',(-0.922824124460954,-2.32944988888143,0.));
#16757=CARTESIAN_POINT('Ctrl Pts',(-0.843709593024297,-2.27535941848313,
0.));
#16758=CARTESIAN_POINT('Ctrl Pts',(-0.848136926900314,-2.29191379732389,
0.));
#16759=CARTESIAN_POINT('Ctrl Pts',(-0.867963682953783,-2.31597539447616,
0.));
#16760=CARTESIAN_POINT('Ctrl Pts',(-0.898955020085904,-2.32944988888143,
0.));
#16761=CARTESIAN_POINT('Ctrl Pts',(-0.922824124460954,-2.32944988888143,
0.));
#16762=CARTESIAN_POINT('',(-0.843709593024297,-2.27535941848313,0.0001));
#16763=CARTESIAN_POINT('',(-0.843709593024297,-2.27535941848313,0.));
#16764=CARTESIAN_POINT('',(-0.922824124460954,-2.32944988888143,0.0001));
#16765=CARTESIAN_POINT('Ctrl Pts',(-0.922824124460954,-2.32944988888143,
0.0001));
#16766=CARTESIAN_POINT('Ctrl Pts',(-0.898955020085904,-2.32944988888143,
0.0001));
#16767=CARTESIAN_POINT('Ctrl Pts',(-0.867963682953783,-2.31597539447616,
0.0001));
#16768=CARTESIAN_POINT('Ctrl Pts',(-0.848136926900314,-2.29191379732389,
0.0001));
#16769=CARTESIAN_POINT('Ctrl Pts',(-0.843709593024297,-2.27535941848313,
0.0001));
#16770=CARTESIAN_POINT('',(-0.922824124460954,-2.32944988888143,0.));
#16771=CARTESIAN_POINT('Ctrl Pts',(-1.0113708019813,-2.25437770576636,0.));
#16772=CARTESIAN_POINT('Ctrl Pts',(-1.0113708019813,-2.25437770576636,0.0001));
#16773=CARTESIAN_POINT('Ctrl Pts',(-1.0113708019813,-2.27574440403757,0.));
#16774=CARTESIAN_POINT('Ctrl Pts',(-1.0113708019813,-2.27574440403757,0.0001));
#16775=CARTESIAN_POINT('Ctrl Pts',(-0.998858771462121,-2.3015384361848,
0.));
#16776=CARTESIAN_POINT('Ctrl Pts',(-0.998858771462121,-2.3015384361848,
0.0001));
#16777=CARTESIAN_POINT('Ctrl Pts',(-0.976722102082034,-2.32078771390662,
0.));
#16778=CARTESIAN_POINT('Ctrl Pts',(-0.976722102082034,-2.32078771390662,
0.0001));
#16779=CARTESIAN_POINT('Ctrl Pts',(-0.945923257727131,-2.32944988888143,
0.));
#16780=CARTESIAN_POINT('Ctrl Pts',(-0.945923257727131,-2.32944988888143,
0.0001));
#16781=CARTESIAN_POINT('Ctrl Pts',(-0.922824124460954,-2.32944988888143,
0.));
#16782=CARTESIAN_POINT('Ctrl Pts',(-0.922824124460954,-2.32944988888143,
0.0001));
#16783=CARTESIAN_POINT('',(-1.0113708019813,-2.25437770576636,0.));
#16784=CARTESIAN_POINT('Ctrl Pts',(-0.922824124460954,-2.32944988888143,
0.));
#16785=CARTESIAN_POINT('Ctrl Pts',(-0.945923257727131,-2.32944988888143,
0.));
#16786=CARTESIAN_POINT('Ctrl Pts',(-0.976722102082034,-2.32078771390662,
0.));
#16787=CARTESIAN_POINT('Ctrl Pts',(-0.998858771462121,-2.3015384361848,
0.));
#16788=CARTESIAN_POINT('Ctrl Pts',(-1.0113708019813,-2.27574440403757,0.));
#16789=CARTESIAN_POINT('Ctrl Pts',(-1.0113708019813,-2.25437770576636,0.));
#16790=CARTESIAN_POINT('',(-1.0113708019813,-2.25437770576636,0.0001));
#16791=CARTESIAN_POINT('Ctrl Pts',(-1.0113708019813,-2.25437770576636,0.0001));
#16792=CARTESIAN_POINT('Ctrl Pts',(-1.0113708019813,-2.27574440403757,0.0001));
#16793=CARTESIAN_POINT('Ctrl Pts',(-0.998858771462121,-2.3015384361848,
0.0001));
#16794=CARTESIAN_POINT('Ctrl Pts',(-0.976722102082034,-2.32078771390662,
0.0001));
#16795=CARTESIAN_POINT('Ctrl Pts',(-0.945923257727131,-2.32944988888143,
0.0001));
#16796=CARTESIAN_POINT('Ctrl Pts',(-0.922824124460954,-2.32944988888143,
0.0001));
#16797=CARTESIAN_POINT('',(-1.0113708019813,-2.25437770576636,0.));
#16798=CARTESIAN_POINT('Ctrl Pts',(-1.00367109089257,-2.21703410698604,
0.));
#16799=CARTESIAN_POINT('Ctrl Pts',(-1.00367109089257,-2.21703410698604,
0.0001));
#16800=CARTESIAN_POINT('Ctrl Pts',(-1.0113708019813,-2.23204854360905,0.));
#16801=CARTESIAN_POINT('Ctrl Pts',(-1.0113708019813,-2.23204854360905,0.0001));
#16802=CARTESIAN_POINT('Ctrl Pts',(-1.0113708019813,-2.25437770576636,0.));
#16803=CARTESIAN_POINT('Ctrl Pts',(-1.0113708019813,-2.25437770576636,0.0001));
#16804=CARTESIAN_POINT('',(-1.00367109089257,-2.21703410698604,0.));
#16805=CARTESIAN_POINT('Ctrl Pts',(-1.0113708019813,-2.25437770576636,0.));
#16806=CARTESIAN_POINT('Ctrl Pts',(-1.0113708019813,-2.23204854360905,0.));
#16807=CARTESIAN_POINT('Ctrl Pts',(-1.00367109089257,-2.21703410698604,
0.));
#16808=CARTESIAN_POINT('',(-1.00367109089257,-2.21703410698604,0.0001));
#16809=CARTESIAN_POINT('Ctrl Pts',(-1.00367109089257,-2.21703410698604,
0.0001));
#16810=CARTESIAN_POINT('Ctrl Pts',(-1.0113708019813,-2.23204854360905,0.0001));
#16811=CARTESIAN_POINT('Ctrl Pts',(-1.0113708019813,-2.25437770576636,0.0001));
#16812=CARTESIAN_POINT('',(-1.00367109089257,-2.21703410698604,0.));
#16813=CARTESIAN_POINT('Ctrl Pts',(-0.968444912661654,-2.18469532041339,
0.));
#16814=CARTESIAN_POINT('Ctrl Pts',(-0.968444912661654,-2.18469532041339,
0.0001));
#16815=CARTESIAN_POINT('Ctrl Pts',(-0.978647029854216,-2.18893016151219,
0.));
#16816=CARTESIAN_POINT('Ctrl Pts',(-0.978647029854216,-2.18893016151219,
0.0001));
#16817=CARTESIAN_POINT('Ctrl Pts',(-0.998088800353248,-2.20625451146182,
0.));
#16818=CARTESIAN_POINT('Ctrl Pts',(-0.998088800353248,-2.20625451146182,
0.0001));
#16819=CARTESIAN_POINT('Ctrl Pts',(-1.00367109089257,-2.21703410698604,
0.));
#16820=CARTESIAN_POINT('Ctrl Pts',(-1.00367109089257,-2.21703410698604,
0.0001));
#16821=CARTESIAN_POINT('',(-0.968444912661654,-2.18469532041339,0.));
#16822=CARTESIAN_POINT('Ctrl Pts',(-1.00367109089257,-2.21703410698604,
0.));
#16823=CARTESIAN_POINT('Ctrl Pts',(-0.998088800353248,-2.20625451146182,
0.));
#16824=CARTESIAN_POINT('Ctrl Pts',(-0.978647029854216,-2.18893016151219,
0.));
#16825=CARTESIAN_POINT('Ctrl Pts',(-0.968444912661654,-2.18469532041339,
0.));
#16826=CARTESIAN_POINT('',(-0.968444912661654,-2.18469532041339,0.0001));
#16827=CARTESIAN_POINT('Ctrl Pts',(-0.968444912661654,-2.18469532041339,
0.0001));
#16828=CARTESIAN_POINT('Ctrl Pts',(-0.978647029854216,-2.18893016151219,
0.0001));
#16829=CARTESIAN_POINT('Ctrl Pts',(-0.998088800353248,-2.20625451146182,
0.0001));
#16830=CARTESIAN_POINT('Ctrl Pts',(-1.00367109089257,-2.21703410698604,
0.0001));
#16831=CARTESIAN_POINT('',(-0.968444912661654,-2.18469532041339,0.));
#16832=CARTESIAN_POINT('Ctrl Pts',(-0.926866472782535,-2.17795807321075,
0.));
#16833=CARTESIAN_POINT('Ctrl Pts',(-0.926866472782535,-2.17795807321075,
0.0001));
#16834=CARTESIAN_POINT('Ctrl Pts',(-0.95227551937533,-2.17795807321075,
0.));
#16835=CARTESIAN_POINT('Ctrl Pts',(-0.95227551937533,-2.17795807321075,
0.0001));
#16836=CARTESIAN_POINT('Ctrl Pts',(-0.968444912661654,-2.18469532041339,
0.));
#16837=CARTESIAN_POINT('Ctrl Pts',(-0.968444912661654,-2.18469532041339,
0.0001));
#16838=CARTESIAN_POINT('',(-0.926866472782535,-2.17795807321075,0.));
#16839=CARTESIAN_POINT('Ctrl Pts',(-0.968444912661654,-2.18469532041339,
0.));
#16840=CARTESIAN_POINT('Ctrl Pts',(-0.95227551937533,-2.17795807321075,
0.));
#16841=CARTESIAN_POINT('Ctrl Pts',(-0.926866472782535,-2.17795807321075,
0.));
#16842=CARTESIAN_POINT('',(-0.926866472782535,-2.17795807321075,0.0001));
#16843=CARTESIAN_POINT('Ctrl Pts',(-0.926866472782535,-2.17795807321075,
0.0001));
#16844=CARTESIAN_POINT('Ctrl Pts',(-0.95227551937533,-2.17795807321075,
0.0001));
#16845=CARTESIAN_POINT('Ctrl Pts',(-0.968444912661654,-2.18469532041339,
0.0001));
#16846=CARTESIAN_POINT('',(-0.926866472782535,-2.17795807321075,0.));
#16847=CARTESIAN_POINT('Ctrl Pts',(-0.846596984682569,-2.22781370251025,
0.));
#16848=CARTESIAN_POINT('Ctrl Pts',(-0.846596984682569,-2.22781370251025,
0.0001));
#16849=CARTESIAN_POINT('Ctrl Pts',(-0.854104202994077,-2.20336711980355,
0.));
#16850=CARTESIAN_POINT('Ctrl Pts',(-0.854104202994077,-2.20336711980355,
0.0001));
#16851=CARTESIAN_POINT('Ctrl Pts',(-0.891447801774397,-2.17795807321075,
0.));
#16852=CARTESIAN_POINT('Ctrl Pts',(-0.891447801774397,-2.17795807321075,
0.0001));
#16853=CARTESIAN_POINT('Ctrl Pts',(-0.926866472782535,-2.17795807321075,
0.));
#16854=CARTESIAN_POINT('Ctrl Pts',(-0.926866472782535,-2.17795807321075,
0.0001));
#16855=CARTESIAN_POINT('',(-0.846596984682569,-2.22781370251025,0.));
#16856=CARTESIAN_POINT('Ctrl Pts',(-0.926866472782535,-2.17795807321075,
0.));
#16857=CARTESIAN_POINT('Ctrl Pts',(-0.891447801774397,-2.17795807321075,
0.));
#16858=CARTESIAN_POINT('Ctrl Pts',(-0.854104202994077,-2.20336711980355,
0.));
#16859=CARTESIAN_POINT('Ctrl Pts',(-0.846596984682569,-2.22781370251025,
0.));
#16860=CARTESIAN_POINT('',(-0.846596984682569,-2.22781370251025,0.0001));
#16861=CARTESIAN_POINT('Ctrl Pts',(-0.846596984682569,-2.22781370251025,
0.0001));
#16862=CARTESIAN_POINT('Ctrl Pts',(-0.854104202994077,-2.20336711980355,
0.0001));
#16863=CARTESIAN_POINT('Ctrl Pts',(-0.891447801774397,-2.17795807321075,
0.0001));
#16864=CARTESIAN_POINT('Ctrl Pts',(-0.926866472782535,-2.17795807321075,
0.0001));
#16865=CARTESIAN_POINT('',(-0.846596984682569,-2.22781370251025,0.));
#16866=CARTESIAN_POINT('Origin',(-0.898955020085904,-2.23474344249011,0.));
#16867=CARTESIAN_POINT('',(-0.898955020085904,-2.23474344249011,0.));
#16868=CARTESIAN_POINT('',(-0.846596984682569,-2.22781370251025,0.));
#16869=CARTESIAN_POINT('',(-0.898955020085904,-2.23474344249011,0.0001));
#16870=CARTESIAN_POINT('',(-0.846596984682569,-2.22781370251025,0.0001));
#16871=CARTESIAN_POINT('',(-0.898955020085904,-2.23474344249011,0.));
#16872=CARTESIAN_POINT('Ctrl Pts',(-0.92532653056479,-2.21607164309995,
0.));
#16873=CARTESIAN_POINT('Ctrl Pts',(-0.92532653056479,-2.21607164309995,
0.0001));
#16874=CARTESIAN_POINT('Ctrl Pts',(-0.914354442263356,-2.21607164309995,
0.));
#16875=CARTESIAN_POINT('Ctrl Pts',(-0.914354442263356,-2.21607164309995,
0.0001));
#16876=CARTESIAN_POINT('Ctrl Pts',(-0.90145742618974,-2.22550378918364,
0.));
#16877=CARTESIAN_POINT('Ctrl Pts',(-0.90145742618974,-2.22550378918364,
0.0001));
#16878=CARTESIAN_POINT('Ctrl Pts',(-0.898955020085904,-2.23474344249011,
0.));
#16879=CARTESIAN_POINT('Ctrl Pts',(-0.898955020085904,-2.23474344249011,
0.0001));
#16880=CARTESIAN_POINT('',(-0.92532653056479,-2.21607164309995,0.));
#16881=CARTESIAN_POINT('Ctrl Pts',(-0.898955020085904,-2.23474344249011,
0.));
#16882=CARTESIAN_POINT('Ctrl Pts',(-0.90145742618974,-2.22550378918364,
0.));
#16883=CARTESIAN_POINT('Ctrl Pts',(-0.914354442263356,-2.21607164309995,
0.));
#16884=CARTESIAN_POINT('Ctrl Pts',(-0.92532653056479,-2.21607164309995,
0.));
#16885=CARTESIAN_POINT('',(-0.92532653056479,-2.21607164309995,0.0001));
#16886=CARTESIAN_POINT('Ctrl Pts',(-0.92532653056479,-2.21607164309995,
0.0001));
#16887=CARTESIAN_POINT('Ctrl Pts',(-0.914354442263356,-2.21607164309995,
0.0001));
#16888=CARTESIAN_POINT('Ctrl Pts',(-0.90145742618974,-2.22550378918364,
0.0001));
#16889=CARTESIAN_POINT('Ctrl Pts',(-0.898955020085904,-2.23474344249011,
0.0001));
#16890=CARTESIAN_POINT('',(-0.92532653056479,-2.21607164309995,0.));
#16891=CARTESIAN_POINT('Ctrl Pts',(-0.956125374919693,-2.25572515520688,
0.));
#16892=CARTESIAN_POINT('Ctrl Pts',(-0.956125374919693,-2.25572515520688,
0.0001));
#16893=CARTESIAN_POINT('Ctrl Pts',(-0.956125374919693,-2.2357059063762,
0.));
#16894=CARTESIAN_POINT('Ctrl Pts',(-0.956125374919693,-2.2357059063762,
0.0001));
#16895=CARTESIAN_POINT('Ctrl Pts',(-0.938993517747278,-2.21607164309995,
0.));
#16896=CARTESIAN_POINT('Ctrl Pts',(-0.938993517747278,-2.21607164309995,
0.0001));
#16897=CARTESIAN_POINT('Ctrl Pts',(-0.92532653056479,-2.21607164309995,
0.));
#16898=CARTESIAN_POINT('Ctrl Pts',(-0.92532653056479,-2.21607164309995,
0.0001));
#16899=CARTESIAN_POINT('',(-0.956125374919693,-2.25572515520688,0.));
#16900=CARTESIAN_POINT('Ctrl Pts',(-0.92532653056479,-2.21607164309995,
0.));
#16901=CARTESIAN_POINT('Ctrl Pts',(-0.938993517747278,-2.21607164309995,
0.));
#16902=CARTESIAN_POINT('Ctrl Pts',(-0.956125374919693,-2.2357059063762,
0.));
#16903=CARTESIAN_POINT('Ctrl Pts',(-0.956125374919693,-2.25572515520688,
0.));
#16904=CARTESIAN_POINT('',(-0.956125374919693,-2.25572515520688,0.0001));
#16905=CARTESIAN_POINT('Ctrl Pts',(-0.956125374919693,-2.25572515520688,
0.0001));
#16906=CARTESIAN_POINT('Ctrl Pts',(-0.956125374919693,-2.2357059063762,
0.0001));
#16907=CARTESIAN_POINT('Ctrl Pts',(-0.938993517747278,-2.21607164309995,
0.0001));
#16908=CARTESIAN_POINT('Ctrl Pts',(-0.92532653056479,-2.21607164309995,
0.0001));
#16909=CARTESIAN_POINT('',(-0.956125374919693,-2.25572515520688,0.));
#16910=CARTESIAN_POINT('Ctrl Pts',(-0.926096501673663,-2.29210629010111,
0.));
#16911=CARTESIAN_POINT('Ctrl Pts',(-0.926096501673663,-2.29210629010111,
0.0001));
#16912=CARTESIAN_POINT('Ctrl Pts',(-0.939186010524496,-2.29210629010111,
0.));
#16913=CARTESIAN_POINT('Ctrl Pts',(-0.939186010524496,-2.29210629010111,
0.0001));
#16914=CARTESIAN_POINT('Ctrl Pts',(-0.956125374919693,-2.27362698348817,
0.));
#16915=CARTESIAN_POINT('Ctrl Pts',(-0.956125374919693,-2.27362698348817,
0.0001));
#16916=CARTESIAN_POINT('Ctrl Pts',(-0.956125374919693,-2.25572515520688,
0.));
#16917=CARTESIAN_POINT('Ctrl Pts',(-0.956125374919693,-2.25572515520688,
0.0001));
#16918=CARTESIAN_POINT('',(-0.926096501673663,-2.29210629010111,0.));
#16919=CARTESIAN_POINT('Ctrl Pts',(-0.956125374919693,-2.25572515520688,
0.));
#16920=CARTESIAN_POINT('Ctrl Pts',(-0.956125374919693,-2.27362698348817,
0.));
#16921=CARTESIAN_POINT('Ctrl Pts',(-0.939186010524496,-2.29210629010111,
0.));
#16922=CARTESIAN_POINT('Ctrl Pts',(-0.926096501673663,-2.29210629010111,
0.));
#16923=CARTESIAN_POINT('',(-0.926096501673663,-2.29210629010111,0.0001));
#16924=CARTESIAN_POINT('Ctrl Pts',(-0.926096501673663,-2.29210629010111,
0.0001));
#16925=CARTESIAN_POINT('Ctrl Pts',(-0.939186010524496,-2.29210629010111,
0.0001));
#16926=CARTESIAN_POINT('Ctrl Pts',(-0.956125374919693,-2.27362698348817,
0.0001));
#16927=CARTESIAN_POINT('Ctrl Pts',(-0.956125374919693,-2.25572515520688,
0.0001));
#16928=CARTESIAN_POINT('',(-0.926096501673663,-2.29210629010111,0.));
#16929=CARTESIAN_POINT('Ctrl Pts',(-0.896452613982068,-2.26939214238937,
0.));
#16930=CARTESIAN_POINT('Ctrl Pts',(-0.896452613982068,-2.26939214238937,
0.0001));
#16931=CARTESIAN_POINT('Ctrl Pts',(-0.900109976749213,-2.28094170902246,
0.));
#16932=CARTESIAN_POINT('Ctrl Pts',(-0.900109976749213,-2.28094170902246,
0.0001));
#16933=CARTESIAN_POINT('Ctrl Pts',(-0.915124413372228,-2.29210629010111,
0.));
#16934=CARTESIAN_POINT('Ctrl Pts',(-0.915124413372228,-2.29210629010111,
0.0001));
#16935=CARTESIAN_POINT('Ctrl Pts',(-0.926096501673663,-2.29210629010111,
0.));
#16936=CARTESIAN_POINT('Ctrl Pts',(-0.926096501673663,-2.29210629010111,
0.0001));
#16937=CARTESIAN_POINT('',(-0.896452613982068,-2.26939214238937,0.));
#16938=CARTESIAN_POINT('Origin',(-1.47493087009669,-1.45796227493271,0.));
#16939=CARTESIAN_POINT('',(-0.896452613982068,-2.26939214238937,0.0001));
#16940=CARTESIAN_POINT('Origin',(-1.47493087009667,-1.45796227493274,0.0001));
#16941=CARTESIAN_POINT('',(-0.896452613982068,-2.26939214238937,0.));
#16942=CARTESIAN_POINT('Origin',(-0.843709593024297,-2.27535941848313,0.));
#16943=CARTESIAN_POINT('',(-0.896452613982068,-2.26939214238937,0.));
#16944=CARTESIAN_POINT('',(-0.896452613982068,-2.26939214238937,0.0001));
#16945=CARTESIAN_POINT('Origin',(-0.923006368843176,-2.25385776978816,0.));
#16946=CARTESIAN_POINT('Origin',(-0.923006368843176,-2.25385776978816,0.0001));
#16947=CARTESIAN_POINT('Origin',(-0.644094600546114,-2.24090321136109,0.));
#16948=CARTESIAN_POINT('',(-0.644094600546114,-2.24090321136109,0.));
#16949=CARTESIAN_POINT('',(-0.589619144593379,-2.24090321136109,0.));
#16950=CARTESIAN_POINT('',(-0.626438193823129,-2.24090321136109,0.));
#16951=CARTESIAN_POINT('',(-0.644094600546114,-2.24090321136109,0.0001));
#16952=CARTESIAN_POINT('',(-0.644094600546114,-2.24090321136109,0.));
#16953=CARTESIAN_POINT('',(-0.589619144593379,-2.24090321136109,0.0001));
#16954=CARTESIAN_POINT('',(-0.626438193823129,-2.24090321136109,0.0001));
#16955=CARTESIAN_POINT('',(-0.589619144593379,-2.24090321136109,0.));
#16956=CARTESIAN_POINT('Ctrl Pts',(-0.637742338897915,-2.22146144086205,
0.));
#16957=CARTESIAN_POINT('Ctrl Pts',(-0.637742338897915,-2.22146144086205,
0.0001));
#16958=CARTESIAN_POINT('Ctrl Pts',(-0.642747151105587,-2.22800619528747,
0.));
#16959=CARTESIAN_POINT('Ctrl Pts',(-0.642747151105587,-2.22800619528747,
0.0001));
#16960=CARTESIAN_POINT('Ctrl Pts',(-0.644094600546114,-2.24090321136109,
0.));
#16961=CARTESIAN_POINT('Ctrl Pts',(-0.644094600546114,-2.24090321136109,
0.0001));
#16962=CARTESIAN_POINT('',(-0.637742338897915,-2.22146144086205,0.));
#16963=CARTESIAN_POINT('Ctrl Pts',(-0.637742338897915,-2.22146144086205,
0.));
#16964=CARTESIAN_POINT('Ctrl Pts',(-0.642747151105587,-2.22800619528747,
0.));
#16965=CARTESIAN_POINT('Ctrl Pts',(-0.644094600546114,-2.24090321136109,
0.));
#16966=CARTESIAN_POINT('',(-0.637742338897915,-2.22146144086205,0.0001));
#16967=CARTESIAN_POINT('',(-0.637742338897915,-2.22146144086205,0.));
#16968=CARTESIAN_POINT('Ctrl Pts',(-0.644094600546114,-2.24090321136109,
0.0001));
#16969=CARTESIAN_POINT('Ctrl Pts',(-0.642747151105587,-2.22800619528747,
0.0001));
#16970=CARTESIAN_POINT('Ctrl Pts',(-0.637742338897915,-2.22146144086205,
0.0001));
#16971=CARTESIAN_POINT('Ctrl Pts',(-0.616760626181138,-2.21087433811506,
0.));
#16972=CARTESIAN_POINT('Ctrl Pts',(-0.616760626181138,-2.21087433811506,
0.0001));
#16973=CARTESIAN_POINT('Ctrl Pts',(-0.629850135031971,-2.21087433811506,
0.));
#16974=CARTESIAN_POINT('Ctrl Pts',(-0.629850135031971,-2.21087433811506,
0.0001));
#16975=CARTESIAN_POINT('Ctrl Pts',(-0.637742338897915,-2.22146144086205,
0.));
#16976=CARTESIAN_POINT('Ctrl Pts',(-0.637742338897915,-2.22146144086205,
0.0001));
#16977=CARTESIAN_POINT('',(-0.616760626181138,-2.21087433811506,0.));
#16978=CARTESIAN_POINT('Ctrl Pts',(-0.616760626181138,-2.21087433811506,
0.));
#16979=CARTESIAN_POINT('Ctrl Pts',(-0.629850135031971,-2.21087433811506,
0.));
#16980=CARTESIAN_POINT('Ctrl Pts',(-0.637742338897915,-2.22146144086205,
0.));
#16981=CARTESIAN_POINT('',(-0.616760626181138,-2.21087433811506,0.0001));
#16982=CARTESIAN_POINT('',(-0.616760626181138,-2.21087433811506,0.));
#16983=CARTESIAN_POINT('Ctrl Pts',(-0.637742338897915,-2.22146144086205,
0.0001));
#16984=CARTESIAN_POINT('Ctrl Pts',(-0.629850135031971,-2.21087433811506,
0.0001));
#16985=CARTESIAN_POINT('Ctrl Pts',(-0.616760626181138,-2.21087433811506,
0.0001));
#16986=CARTESIAN_POINT('Ctrl Pts',(-0.589619144593379,-2.24090321136109,
0.));
#16987=CARTESIAN_POINT('Ctrl Pts',(-0.589619144593379,-2.24090321136109,
0.0001));
#16988=CARTESIAN_POINT('Ctrl Pts',(-0.591159086811124,-2.22473381807476,
0.));
#16989=CARTESIAN_POINT('Ctrl Pts',(-0.591159086811124,-2.22473381807476,
0.0001));
#16990=CARTESIAN_POINT('Ctrl Pts',(-0.605211059548049,-2.21087433811506,
0.));
#16991=CARTESIAN_POINT('Ctrl Pts',(-0.605211059548049,-2.21087433811506,
0.0001));
#16992=CARTESIAN_POINT('Ctrl Pts',(-0.616760626181138,-2.21087433811506,
0.));
#16993=CARTESIAN_POINT('Ctrl Pts',(-0.616760626181138,-2.21087433811506,
0.0001));
#16994=CARTESIAN_POINT('Ctrl Pts',(-0.589619144593379,-2.24090321136109,
0.));
#16995=CARTESIAN_POINT('Ctrl Pts',(-0.591159086811124,-2.22473381807476,
0.));
#16996=CARTESIAN_POINT('Ctrl Pts',(-0.605211059548049,-2.21087433811506,
0.));
#16997=CARTESIAN_POINT('Ctrl Pts',(-0.616760626181138,-2.21087433811506,
0.));
#16998=CARTESIAN_POINT('Ctrl Pts',(-0.616760626181138,-2.21087433811506,
0.0001));
#16999=CARTESIAN_POINT('Ctrl Pts',(-0.605211059548049,-2.21087433811506,
0.0001));
#17000=CARTESIAN_POINT('Ctrl Pts',(-0.591159086811124,-2.22473381807476,
0.0001));
#17001=CARTESIAN_POINT('Ctrl Pts',(-0.589619144593379,-2.24090321136109,
0.0001));
#17002=CARTESIAN_POINT('Ctrl Pts',(-0.636972367789043,-2.28748646344788,
0.));
#17003=CARTESIAN_POINT('Ctrl Pts',(-0.636972367789043,-2.28748646344788,
0.0001));
#17004=CARTESIAN_POINT('Ctrl Pts',(-0.642747151105587,-2.28094170902246,
0.));
#17005=CARTESIAN_POINT('Ctrl Pts',(-0.642747151105587,-2.28094170902246,
0.0001));
#17006=CARTESIAN_POINT('Ctrl Pts',(-0.644287093323332,-2.26746721461719,
0.));
#17007=CARTESIAN_POINT('Ctrl Pts',(-0.644287093323332,-2.26746721461719,
0.0001));
#17008=CARTESIAN_POINT('',(-0.644287093323332,-2.26746721461719,0.));
#17009=CARTESIAN_POINT('',(-0.636972367789043,-2.28748646344788,0.));
#17010=CARTESIAN_POINT('Ctrl Pts',(-0.644287093323332,-2.26746721461719,
0.));
#17011=CARTESIAN_POINT('Ctrl Pts',(-0.642747151105587,-2.28094170902246,
0.));
#17012=CARTESIAN_POINT('Ctrl Pts',(-0.636972367789043,-2.28748646344788,
0.));
#17013=CARTESIAN_POINT('',(-0.644287093323332,-2.26746721461719,0.0001));
#17014=CARTESIAN_POINT('',(-0.644287093323332,-2.26746721461719,0.));
#17015=CARTESIAN_POINT('',(-0.636972367789043,-2.28748646344788,0.0001));
#17016=CARTESIAN_POINT('Ctrl Pts',(-0.636972367789043,-2.28748646344788,
0.0001));
#17017=CARTESIAN_POINT('Ctrl Pts',(-0.642747151105587,-2.28094170902246,
0.0001));
#17018=CARTESIAN_POINT('Ctrl Pts',(-0.644287093323332,-2.26746721461719,
0.0001));
#17019=CARTESIAN_POINT('',(-0.636972367789043,-2.28748646344788,0.));
#17020=CARTESIAN_POINT('Ctrl Pts',(-0.615990655072265,-2.29691860953157,
0.));
#17021=CARTESIAN_POINT('Ctrl Pts',(-0.615990655072265,-2.29691860953157,
0.0001));
#17022=CARTESIAN_POINT('Ctrl Pts',(-0.629080163923099,-2.29691860953157,
0.));
#17023=CARTESIAN_POINT('Ctrl Pts',(-0.629080163923099,-2.29691860953157,
0.0001));
#17024=CARTESIAN_POINT('Ctrl Pts',(-0.636972367789043,-2.28748646344788,
0.));
#17025=CARTESIAN_POINT('Ctrl Pts',(-0.636972367789043,-2.28748646344788,
0.0001));
#17026=CARTESIAN_POINT('',(-0.615990655072265,-2.29691860953157,0.));
#17027=CARTESIAN_POINT('Ctrl Pts',(-0.636972367789043,-2.28748646344788,
0.));
#17028=CARTESIAN_POINT('Ctrl Pts',(-0.629080163923099,-2.29691860953157,
0.));
#17029=CARTESIAN_POINT('Ctrl Pts',(-0.615990655072265,-2.29691860953157,
0.));
#17030=CARTESIAN_POINT('',(-0.615990655072265,-2.29691860953157,0.0001));
#17031=CARTESIAN_POINT('Ctrl Pts',(-0.615990655072265,-2.29691860953157,
0.0001));
#17032=CARTESIAN_POINT('Ctrl Pts',(-0.629080163923099,-2.29691860953157,
0.0001));
#17033=CARTESIAN_POINT('Ctrl Pts',(-0.636972367789043,-2.28748646344788,
0.0001));
#17034=CARTESIAN_POINT('',(-0.615990655072265,-2.29691860953157,0.));
#17035=CARTESIAN_POINT('Ctrl Pts',(-0.600398740117595,-2.29287626120999,
0.));
#17036=CARTESIAN_POINT('Ctrl Pts',(-0.600398740117595,-2.29287626120999,
0.0001));
#17037=CARTESIAN_POINT('Ctrl Pts',(-0.607905958429103,-2.29691860953157,
0.));
#17038=CARTESIAN_POINT('Ctrl Pts',(-0.607905958429103,-2.29691860953157,
0.0001));
#17039=CARTESIAN_POINT('Ctrl Pts',(-0.615990655072265,-2.29691860953157,
0.));
#17040=CARTESIAN_POINT('Ctrl Pts',(-0.615990655072265,-2.29691860953157,
0.0001));
#17041=CARTESIAN_POINT('',(-0.600398740117595,-2.29287626120999,0.));
#17042=CARTESIAN_POINT('Ctrl Pts',(-0.615990655072265,-2.29691860953157,
0.));
#17043=CARTESIAN_POINT('Ctrl Pts',(-0.607905958429103,-2.29691860953157,
0.));
#17044=CARTESIAN_POINT('Ctrl Pts',(-0.600398740117595,-2.29287626120999,
0.));
#17045=CARTESIAN_POINT('',(-0.600398740117595,-2.29287626120999,0.0001));
#17046=CARTESIAN_POINT('Ctrl Pts',(-0.600398740117595,-2.29287626120999,
0.0001));
#17047=CARTESIAN_POINT('Ctrl Pts',(-0.607905958429103,-2.29691860953157,
0.0001));
#17048=CARTESIAN_POINT('Ctrl Pts',(-0.615990655072265,-2.29691860953157,
0.0001));
#17049=CARTESIAN_POINT('',(-0.600398740117595,-2.29287626120999,0.));
#17050=CARTESIAN_POINT('Ctrl Pts',(-0.590774101256688,-2.28363660790351,
0.));
#17051=CARTESIAN_POINT('Ctrl Pts',(-0.590774101256688,-2.28363660790351,
0.0001));
#17052=CARTESIAN_POINT('Ctrl Pts',(-0.595971406241578,-2.29018136232893,
0.));
#17053=CARTESIAN_POINT('Ctrl Pts',(-0.595971406241578,-2.29018136232893,
0.0001));
#17054=CARTESIAN_POINT('Ctrl Pts',(-0.600398740117595,-2.29287626120999,
0.));
#17055=CARTESIAN_POINT('Ctrl Pts',(-0.600398740117595,-2.29287626120999,
0.0001));
#17056=CARTESIAN_POINT('',(-0.590774101256688,-2.28363660790351,0.));
#17057=CARTESIAN_POINT('Ctrl Pts',(-0.600398740117595,-2.29287626120999,
0.));
#17058=CARTESIAN_POINT('Ctrl Pts',(-0.595971406241578,-2.29018136232893,
0.));
#17059=CARTESIAN_POINT('Ctrl Pts',(-0.590774101256688,-2.28363660790351,
0.));
#17060=CARTESIAN_POINT('',(-0.590774101256688,-2.28363660790351,0.0001));
#17061=CARTESIAN_POINT('Ctrl Pts',(-0.590774101256688,-2.28363660790351,
0.0001));
#17062=CARTESIAN_POINT('Ctrl Pts',(-0.595971406241578,-2.29018136232893,
0.0001));
#17063=CARTESIAN_POINT('Ctrl Pts',(-0.600398740117595,-2.29287626120999,
0.0001));
#17064=CARTESIAN_POINT('',(-0.590774101256688,-2.28363660790351,0.));
#17065=CARTESIAN_POINT('Origin',(-0.536106152526735,-2.28864142011119,0.));
#17066=CARTESIAN_POINT('',(-0.536106152526735,-2.28864142011119,0.));
#17067=CARTESIAN_POINT('',(-0.590774101256688,-2.28363660790351,0.));
#17068=CARTESIAN_POINT('',(-0.536106152526735,-2.28864142011119,0.0001));
#17069=CARTESIAN_POINT('',(-0.590774101256688,-2.28363660790351,0.0001));
#17070=CARTESIAN_POINT('',(-0.536106152526735,-2.28864142011119,0.));
#17071=CARTESIAN_POINT('Ctrl Pts',(-0.617338104512792,-2.32944988888143,
0.));
#17072=CARTESIAN_POINT('Ctrl Pts',(-0.617338104512792,-2.32944988888143,
0.0001));
#17073=CARTESIAN_POINT('Ctrl Pts',(-0.584229346831271,-2.32944988888143,
0.));
#17074=CARTESIAN_POINT('Ctrl Pts',(-0.584229346831271,-2.32944988888143,
0.0001));
#17075=CARTESIAN_POINT('Ctrl Pts',(-0.548618183045915,-2.31039310393684,
0.));
#17076=CARTESIAN_POINT('Ctrl Pts',(-0.548618183045915,-2.31039310393684,
0.0001));
#17077=CARTESIAN_POINT('Ctrl Pts',(-0.536106152526735,-2.28864142011119,
0.));
#17078=CARTESIAN_POINT('Ctrl Pts',(-0.536106152526735,-2.28864142011119,
0.0001));
#17079=CARTESIAN_POINT('',(-0.617338104512792,-2.32944988888143,0.));
#17080=CARTESIAN_POINT('Ctrl Pts',(-0.536106152526735,-2.28864142011119,
0.));
#17081=CARTESIAN_POINT('Ctrl Pts',(-0.548618183045915,-2.31039310393684,
0.));
#17082=CARTESIAN_POINT('Ctrl Pts',(-0.584229346831271,-2.32944988888143,
0.));
#17083=CARTESIAN_POINT('Ctrl Pts',(-0.617338104512792,-2.32944988888143,
0.));
#17084=CARTESIAN_POINT('',(-0.617338104512792,-2.32944988888143,0.0001));
#17085=CARTESIAN_POINT('Ctrl Pts',(-0.617338104512792,-2.32944988888143,
0.0001));
#17086=CARTESIAN_POINT('Ctrl Pts',(-0.584229346831271,-2.32944988888143,
0.0001));
#17087=CARTESIAN_POINT('Ctrl Pts',(-0.548618183045915,-2.31039310393684,
0.0001));
#17088=CARTESIAN_POINT('Ctrl Pts',(-0.536106152526735,-2.28864142011119,
0.0001));
#17089=CARTESIAN_POINT('',(-0.617338104512792,-2.32944988888143,0.));
#17090=CARTESIAN_POINT('Ctrl Pts',(-0.700879969825467,-2.25399272021192,
0.));
#17091=CARTESIAN_POINT('Ctrl Pts',(-0.700879969825467,-2.25399272021192,
0.0001));
#17092=CARTESIAN_POINT('Ctrl Pts',(-0.700879969825467,-2.27786182458697,
0.));
#17093=CARTESIAN_POINT('Ctrl Pts',(-0.700879969825467,-2.27786182458697,
0.0001));
#17094=CARTESIAN_POINT('Ctrl Pts',(-0.679128285999816,-2.31328049559511,
0.));
#17095=CARTESIAN_POINT('Ctrl Pts',(-0.679128285999816,-2.31328049559511,
0.0001));
#17096=CARTESIAN_POINT('Ctrl Pts',(-0.646212021095514,-2.32944988888143,
0.));
#17097=CARTESIAN_POINT('Ctrl Pts',(-0.646212021095514,-2.32944988888143,
0.0001));
#17098=CARTESIAN_POINT('Ctrl Pts',(-0.617338104512792,-2.32944988888143,
0.));
#17099=CARTESIAN_POINT('Ctrl Pts',(-0.617338104512792,-2.32944988888143,
0.0001));
#17100=CARTESIAN_POINT('',(-0.700879969825467,-2.25399272021192,0.));
#17101=CARTESIAN_POINT('Ctrl Pts',(-0.617338104512792,-2.32944988888143,
0.));
#17102=CARTESIAN_POINT('Ctrl Pts',(-0.646212021095514,-2.32944988888143,
0.));
#17103=CARTESIAN_POINT('Ctrl Pts',(-0.679128285999816,-2.31328049559511,
0.));
#17104=CARTESIAN_POINT('Ctrl Pts',(-0.700879969825467,-2.27786182458697,
0.));
#17105=CARTESIAN_POINT('Ctrl Pts',(-0.700879969825467,-2.25399272021192,
0.));
#17106=CARTESIAN_POINT('',(-0.700879969825467,-2.25399272021192,0.0001));
#17107=CARTESIAN_POINT('Ctrl Pts',(-0.700879969825467,-2.25399272021192,
0.0001));
#17108=CARTESIAN_POINT('Ctrl Pts',(-0.700879969825467,-2.27786182458697,
0.0001));
#17109=CARTESIAN_POINT('Ctrl Pts',(-0.679128285999816,-2.31328049559511,
0.0001));
#17110=CARTESIAN_POINT('Ctrl Pts',(-0.646212021095514,-2.32944988888143,
0.0001));
#17111=CARTESIAN_POINT('Ctrl Pts',(-0.617338104512792,-2.32944988888143,
0.0001));
#17112=CARTESIAN_POINT('',(-0.700879969825467,-2.25399272021192,0.));
#17113=CARTESIAN_POINT('Ctrl Pts',(-0.619070539507755,-2.17795807321075,
0.));
#17114=CARTESIAN_POINT('Ctrl Pts',(-0.619070539507755,-2.17795807321075,
0.0001));
#17115=CARTESIAN_POINT('Ctrl Pts',(-0.657376602174166,-2.17795807321075,
0.));
#17116=CARTESIAN_POINT('Ctrl Pts',(-0.657376602174166,-2.17795807321075,
0.0001));
#17117=CARTESIAN_POINT('Ctrl Pts',(-0.700879969825467,-2.21992149864431,
0.));
#17118=CARTESIAN_POINT('Ctrl Pts',(-0.700879969825467,-2.21992149864431,
0.0001));
#17119=CARTESIAN_POINT('Ctrl Pts',(-0.700879969825467,-2.25399272021192,
0.));
#17120=CARTESIAN_POINT('Ctrl Pts',(-0.700879969825467,-2.25399272021192,
0.0001));
#17121=CARTESIAN_POINT('',(-0.619070539507755,-2.17795807321075,0.));
#17122=CARTESIAN_POINT('Ctrl Pts',(-0.700879969825467,-2.25399272021192,
0.));
#17123=CARTESIAN_POINT('Ctrl Pts',(-0.700879969825467,-2.21992149864431,
0.));
#17124=CARTESIAN_POINT('Ctrl Pts',(-0.657376602174166,-2.17795807321075,
0.));
#17125=CARTESIAN_POINT('Ctrl Pts',(-0.619070539507755,-2.17795807321075,
0.));
#17126=CARTESIAN_POINT('',(-0.619070539507755,-2.17795807321075,0.0001));
#17127=CARTESIAN_POINT('Ctrl Pts',(-0.619070539507755,-2.17795807321075,
0.0001));
#17128=CARTESIAN_POINT('Ctrl Pts',(-0.657376602174166,-2.17795807321075,
0.0001));
#17129=CARTESIAN_POINT('Ctrl Pts',(-0.700879969825467,-2.21992149864431,
0.0001));
#17130=CARTESIAN_POINT('Ctrl Pts',(-0.700879969825467,-2.25399272021192,
0.0001));
#17131=CARTESIAN_POINT('',(-0.619070539507755,-2.17795807321075,0.));
#17132=CARTESIAN_POINT('Ctrl Pts',(-0.533026268091245,-2.26111495296899,
0.));
#17133=CARTESIAN_POINT('Ctrl Pts',(-0.533026268091245,-2.26111495296899,
0.0001));
#17134=CARTESIAN_POINT('Ctrl Pts',(-0.533026268091245,-2.23262602194071,
0.));
#17135=CARTESIAN_POINT('Ctrl Pts',(-0.533026268091245,-2.23262602194071,
0.0001));
#17136=CARTESIAN_POINT('Ctrl Pts',(-0.551890560258623,-2.19682236537813,
0.));
#17137=CARTESIAN_POINT('Ctrl Pts',(-0.551890560258623,-2.19682236537813,
0.0001));
#17138=CARTESIAN_POINT('Ctrl Pts',(-0.587886709598416,-2.17795807321075,
0.));
#17139=CARTESIAN_POINT('Ctrl Pts',(-0.587886709598416,-2.17795807321075,
0.0001));
#17140=CARTESIAN_POINT('Ctrl Pts',(-0.619070539507755,-2.17795807321075,
0.));
#17141=CARTESIAN_POINT('Ctrl Pts',(-0.619070539507755,-2.17795807321075,
0.0001));
#17142=CARTESIAN_POINT('',(-0.533026268091245,-2.26111495296899,0.));
#17143=CARTESIAN_POINT('Ctrl Pts',(-0.619070539507755,-2.17795807321075,
0.));
#17144=CARTESIAN_POINT('Ctrl Pts',(-0.587886709598416,-2.17795807321075,
0.));
#17145=CARTESIAN_POINT('Ctrl Pts',(-0.551890560258623,-2.19682236537813,
0.));
#17146=CARTESIAN_POINT('Ctrl Pts',(-0.533026268091245,-2.23262602194071,
0.));
#17147=CARTESIAN_POINT('Ctrl Pts',(-0.533026268091245,-2.26111495296899,
0.));
#17148=CARTESIAN_POINT('',(-0.533026268091245,-2.26111495296899,0.0001));
#17149=CARTESIAN_POINT('Ctrl Pts',(-0.533026268091245,-2.26111495296899,
0.0001));
#17150=CARTESIAN_POINT('Ctrl Pts',(-0.533026268091245,-2.23262602194071,
0.0001));
#17151=CARTESIAN_POINT('Ctrl Pts',(-0.551890560258623,-2.19682236537813,
0.0001));
#17152=CARTESIAN_POINT('Ctrl Pts',(-0.587886709598416,-2.17795807321075,
0.0001));
#17153=CARTESIAN_POINT('Ctrl Pts',(-0.619070539507755,-2.17795807321075,
0.0001));
#17154=CARTESIAN_POINT('',(-0.533026268091245,-2.26111495296899,0.));
#17155=CARTESIAN_POINT('Origin',(-0.533026268091245,-2.26746721461719,0.));
#17156=CARTESIAN_POINT('',(-0.533026268091245,-2.26746721461719,0.));
#17157=CARTESIAN_POINT('',(-0.533026268091245,-2.26111495296899,0.));
#17158=CARTESIAN_POINT('',(-0.533026268091245,-2.26746721461719,0.0001));
#17159=CARTESIAN_POINT('',(-0.533026268091245,-2.26111495296899,0.0001));
#17160=CARTESIAN_POINT('',(-0.533026268091245,-2.26746721461719,0.));
#17161=CARTESIAN_POINT('Origin',(-0.644287093323332,-2.26746721461719,0.));
#17162=CARTESIAN_POINT('',(-0.533026268091245,-2.26746721461719,0.));
#17163=CARTESIAN_POINT('',(-0.533026268091245,-2.26746721461719,0.0001));
#17164=CARTESIAN_POINT('Origin',(-0.608781787100143,-2.26236085046569,0.));
#17165=CARTESIAN_POINT('Origin',(-0.608781787100143,-2.26236085046569,0.0001));
#17166=CARTESIAN_POINT('Ctrl Pts',(-0.436202412139946,-2.29903603008097,
0.));
#17167=CARTESIAN_POINT('Ctrl Pts',(-0.436202412139946,-2.29903603008097,
0.0001));
#17168=CARTESIAN_POINT('Ctrl Pts',(-0.446404529332507,-2.29903603008097,
0.));
#17169=CARTESIAN_POINT('Ctrl Pts',(-0.446404529332507,-2.29903603008097,
0.0001));
#17170=CARTESIAN_POINT('Ctrl Pts',(-0.458724067074468,-2.29056634788337,
0.));
#17171=CARTESIAN_POINT('Ctrl Pts',(-0.458724067074468,-2.29056634788337,
0.0001));
#17172=CARTESIAN_POINT('Ctrl Pts',(-0.462188937064395,-2.28074921624524,
0.));
#17173=CARTESIAN_POINT('Ctrl Pts',(-0.462188937064395,-2.28074921624524,
0.0001));
#17174=CARTESIAN_POINT('',(-0.462188937064395,-2.28074921624524,0.));
#17175=CARTESIAN_POINT('',(-0.436202412139946,-2.29903603008097,0.));
#17176=CARTESIAN_POINT('Ctrl Pts',(-0.462188937064395,-2.28074921624524,
0.));
#17177=CARTESIAN_POINT('Ctrl Pts',(-0.458724067074468,-2.29056634788337,
0.));
#17178=CARTESIAN_POINT('Ctrl Pts',(-0.446404529332507,-2.29903603008097,
0.));
#17179=CARTESIAN_POINT('Ctrl Pts',(-0.436202412139946,-2.29903603008097,
0.));
#17180=CARTESIAN_POINT('',(-0.462188937064395,-2.28074921624524,0.0001));
#17181=CARTESIAN_POINT('',(-0.462188937064395,-2.28074921624524,0.));
#17182=CARTESIAN_POINT('',(-0.436202412139946,-2.29903603008097,0.0001));
#17183=CARTESIAN_POINT('Ctrl Pts',(-0.436202412139946,-2.29903603008097,
0.0001));
#17184=CARTESIAN_POINT('Ctrl Pts',(-0.446404529332507,-2.29903603008097,
0.0001));
#17185=CARTESIAN_POINT('Ctrl Pts',(-0.458724067074468,-2.29056634788337,
0.0001));
#17186=CARTESIAN_POINT('Ctrl Pts',(-0.462188937064395,-2.28074921624524,
0.0001));
#17187=CARTESIAN_POINT('',(-0.436202412139946,-2.29903603008097,0.));
#17188=CARTESIAN_POINT('Ctrl Pts',(-0.418685569413094,-2.29422371065051,
0.));
#17189=CARTESIAN_POINT('Ctrl Pts',(-0.418685569413094,-2.29422371065051,
0.0001));
#17190=CARTESIAN_POINT('Ctrl Pts',(-0.424845338284075,-2.29903603008097,
0.));
#17191=CARTESIAN_POINT('Ctrl Pts',(-0.424845338284075,-2.29903603008097,
0.0001));
#17192=CARTESIAN_POINT('Ctrl Pts',(-0.436202412139946,-2.29903603008097,
0.));
#17193=CARTESIAN_POINT('Ctrl Pts',(-0.436202412139946,-2.29903603008097,
0.0001));
#17194=CARTESIAN_POINT('',(-0.418685569413094,-2.29422371065051,0.));
#17195=CARTESIAN_POINT('Ctrl Pts',(-0.436202412139946,-2.29903603008097,
0.));
#17196=CARTESIAN_POINT('Ctrl Pts',(-0.424845338284075,-2.29903603008097,
0.));
#17197=CARTESIAN_POINT('Ctrl Pts',(-0.418685569413094,-2.29422371065051,
0.));
#17198=CARTESIAN_POINT('',(-0.418685569413094,-2.29422371065051,0.0001));
#17199=CARTESIAN_POINT('Ctrl Pts',(-0.418685569413094,-2.29422371065051,
0.0001));
#17200=CARTESIAN_POINT('Ctrl Pts',(-0.424845338284075,-2.29903603008097,
0.0001));
#17201=CARTESIAN_POINT('Ctrl Pts',(-0.436202412139946,-2.29903603008097,
0.0001));
#17202=CARTESIAN_POINT('',(-0.418685569413094,-2.29422371065051,0.));
#17203=CARTESIAN_POINT('Ctrl Pts',(-0.413873249982641,-2.28536904289848,
0.));
#17204=CARTESIAN_POINT('Ctrl Pts',(-0.413873249982641,-2.28536904289848,
0.0001));
#17205=CARTESIAN_POINT('Ctrl Pts',(-0.413873249982641,-2.29075884066059,
0.));
#17206=CARTESIAN_POINT('Ctrl Pts',(-0.413873249982641,-2.29075884066059,
0.0001));
#17207=CARTESIAN_POINT('Ctrl Pts',(-0.418685569413094,-2.29422371065051,
0.));
#17208=CARTESIAN_POINT('Ctrl Pts',(-0.418685569413094,-2.29422371065051,
0.0001));
#17209=CARTESIAN_POINT('',(-0.413873249982641,-2.28536904289848,0.));
#17210=CARTESIAN_POINT('Ctrl Pts',(-0.418685569413094,-2.29422371065051,
0.));
#17211=CARTESIAN_POINT('Ctrl Pts',(-0.413873249982641,-2.29075884066059,
0.));
#17212=CARTESIAN_POINT('Ctrl Pts',(-0.413873249982641,-2.28536904289848,
0.));
#17213=CARTESIAN_POINT('',(-0.413873249982641,-2.28536904289848,0.0001));
#17214=CARTESIAN_POINT('Ctrl Pts',(-0.413873249982641,-2.28536904289848,
0.0001));
#17215=CARTESIAN_POINT('Ctrl Pts',(-0.413873249982641,-2.29075884066059,
0.0001));
#17216=CARTESIAN_POINT('Ctrl Pts',(-0.418685569413094,-2.29422371065051,
0.0001));
#17217=CARTESIAN_POINT('',(-0.413873249982641,-2.28536904289848,0.));
#17218=CARTESIAN_POINT('Ctrl Pts',(-0.42022551163084,-2.27612938959201,
0.));
#17219=CARTESIAN_POINT('Ctrl Pts',(-0.42022551163084,-2.27612938959201,
0.0001));
#17220=CARTESIAN_POINT('Ctrl Pts',(-0.413873249982641,-2.27940176680472,
0.));
#17221=CARTESIAN_POINT('Ctrl Pts',(-0.413873249982641,-2.27940176680472,
0.0001));
#17222=CARTESIAN_POINT('Ctrl Pts',(-0.413873249982641,-2.28536904289848,
0.));
#17223=CARTESIAN_POINT('Ctrl Pts',(-0.413873249982641,-2.28536904289848,
0.0001));
#17224=CARTESIAN_POINT('',(-0.42022551163084,-2.27612938959201,0.));
#17225=CARTESIAN_POINT('Ctrl Pts',(-0.413873249982641,-2.28536904289848,
0.));
#17226=CARTESIAN_POINT('Ctrl Pts',(-0.413873249982641,-2.27940176680472,
0.));
#17227=CARTESIAN_POINT('Ctrl Pts',(-0.42022551163084,-2.27612938959201,
0.));
#17228=CARTESIAN_POINT('',(-0.42022551163084,-2.27612938959201,0.0001));
#17229=CARTESIAN_POINT('Ctrl Pts',(-0.42022551163084,-2.27612938959201,
0.0001));
#17230=CARTESIAN_POINT('Ctrl Pts',(-0.413873249982641,-2.27940176680472,
0.0001));
#17231=CARTESIAN_POINT('Ctrl Pts',(-0.413873249982641,-2.28536904289848,
0.0001));
#17232=CARTESIAN_POINT('',(-0.42022551163084,-2.27612938959201,0.));
#17233=CARTESIAN_POINT('Ctrl Pts',(-0.444094616005889,-2.27035460627546,
0.));
#17234=CARTESIAN_POINT('Ctrl Pts',(-0.444094616005889,-2.27035460627546,
0.0001));
#17235=CARTESIAN_POINT('Ctrl Pts',(-0.424845338284075,-2.27381947626539,
0.));
#17236=CARTESIAN_POINT('Ctrl Pts',(-0.424845338284075,-2.27381947626539,
0.0001));
#17237=CARTESIAN_POINT('Ctrl Pts',(-0.42022551163084,-2.27612938959201,
0.));
#17238=CARTESIAN_POINT('Ctrl Pts',(-0.42022551163084,-2.27612938959201,
0.0001));
#17239=CARTESIAN_POINT('',(-0.44409461600589,-2.27035460627546,0.));
#17240=CARTESIAN_POINT('Ctrl Pts',(-0.42022551163084,-2.27612938959201,
0.));
#17241=CARTESIAN_POINT('Ctrl Pts',(-0.424845338284075,-2.27381947626539,
0.));
#17242=CARTESIAN_POINT('Ctrl Pts',(-0.444094616005889,-2.27035460627546,
0.));
#17243=CARTESIAN_POINT('',(-0.44409461600589,-2.27035460627546,0.0001));
#17244=CARTESIAN_POINT('Ctrl Pts',(-0.444094616005889,-2.27035460627546,
0.0001));
#17245=CARTESIAN_POINT('Ctrl Pts',(-0.424845338284075,-2.27381947626539,
0.0001));
#17246=CARTESIAN_POINT('Ctrl Pts',(-0.42022551163084,-2.27612938959201,
0.0001));
#17247=CARTESIAN_POINT('',(-0.44409461600589,-2.27035460627546,0.));
#17248=CARTESIAN_POINT('Ctrl Pts',(-0.511082102477804,-2.22319387585702,
0.));
#17249=CARTESIAN_POINT('Ctrl Pts',(-0.511082102477804,-2.22319387585702,
0.0001));
#17250=CARTESIAN_POINT('Ctrl Pts',(-0.511082102477804,-2.23628338470785,
0.));
#17251=CARTESIAN_POINT('Ctrl Pts',(-0.511082102477804,-2.23628338470785,
0.0001));
#17252=CARTESIAN_POINT('Ctrl Pts',(-0.495682680300352,-2.25668761909297,
0.));
#17253=CARTESIAN_POINT('Ctrl Pts',(-0.495682680300352,-2.25668761909297,
0.0001));
#17254=CARTESIAN_POINT('Ctrl Pts',(-0.473161025365829,-2.26534979406779,
0.));
#17255=CARTESIAN_POINT('Ctrl Pts',(-0.473161025365829,-2.26534979406779,
0.0001));
#17256=CARTESIAN_POINT('Ctrl Pts',(-0.444094616005889,-2.27035460627546,
0.));
#17257=CARTESIAN_POINT('Ctrl Pts',(-0.444094616005889,-2.27035460627546,
0.0001));
#17258=CARTESIAN_POINT('',(-0.511082102477804,-2.22319387585702,0.));
#17259=CARTESIAN_POINT('Ctrl Pts',(-0.444094616005889,-2.27035460627546,
0.));
#17260=CARTESIAN_POINT('Ctrl Pts',(-0.473161025365829,-2.26534979406779,
0.));
#17261=CARTESIAN_POINT('Ctrl Pts',(-0.495682680300352,-2.25668761909297,
0.));
#17262=CARTESIAN_POINT('Ctrl Pts',(-0.511082102477804,-2.23628338470785,
0.));
#17263=CARTESIAN_POINT('Ctrl Pts',(-0.511082102477804,-2.22319387585702,
0.));
#17264=CARTESIAN_POINT('',(-0.511082102477804,-2.22319387585702,0.0001));
#17265=CARTESIAN_POINT('Ctrl Pts',(-0.511082102477804,-2.22319387585702,
0.0001));
#17266=CARTESIAN_POINT('Ctrl Pts',(-0.511082102477804,-2.23628338470785,
0.0001));
#17267=CARTESIAN_POINT('Ctrl Pts',(-0.495682680300352,-2.25668761909297,
0.0001));
#17268=CARTESIAN_POINT('Ctrl Pts',(-0.473161025365829,-2.26534979406779,
0.0001));
#17269=CARTESIAN_POINT('Ctrl Pts',(-0.444094616005889,-2.27035460627546,
0.0001));
#17270=CARTESIAN_POINT('',(-0.511082102477804,-2.22319387585702,0.));
#17271=CARTESIAN_POINT('Ctrl Pts',(-0.440629746015963,-2.17795807321075,
0.));
#17272=CARTESIAN_POINT('Ctrl Pts',(-0.440629746015963,-2.17795807321075,
0.0001));
#17273=CARTESIAN_POINT('Ctrl Pts',(-0.465268821499885,-2.17795807321075,
0.));
#17274=CARTESIAN_POINT('Ctrl Pts',(-0.465268821499885,-2.17795807321075,
0.0001));
#17275=CARTESIAN_POINT('Ctrl Pts',(-0.494335230859825,-2.18816019040332,
0.));
#17276=CARTESIAN_POINT('Ctrl Pts',(-0.494335230859825,-2.18816019040332,
0.0001));
#17277=CARTESIAN_POINT('Ctrl Pts',(-0.511082102477804,-2.20894941034287,
0.));
#17278=CARTESIAN_POINT('Ctrl Pts',(-0.511082102477804,-2.20894941034287,
0.0001));
#17279=CARTESIAN_POINT('Ctrl Pts',(-0.511082102477804,-2.22319387585702,
0.));
#17280=CARTESIAN_POINT('Ctrl Pts',(-0.511082102477804,-2.22319387585702,
0.0001));
#17281=CARTESIAN_POINT('',(-0.440629746015963,-2.17795807321075,0.));
#17282=CARTESIAN_POINT('Ctrl Pts',(-0.511082102477804,-2.22319387585702,
0.));
#17283=CARTESIAN_POINT('Ctrl Pts',(-0.511082102477804,-2.20894941034287,
0.));
#17284=CARTESIAN_POINT('Ctrl Pts',(-0.494335230859825,-2.18816019040332,
0.));
#17285=CARTESIAN_POINT('Ctrl Pts',(-0.465268821499885,-2.17795807321075,
0.));
#17286=CARTESIAN_POINT('Ctrl Pts',(-0.440629746015963,-2.17795807321075,
0.));
#17287=CARTESIAN_POINT('',(-0.440629746015963,-2.17795807321075,0.0001));
#17288=CARTESIAN_POINT('Ctrl Pts',(-0.440629746015963,-2.17795807321075,
0.0001));
#17289=CARTESIAN_POINT('Ctrl Pts',(-0.465268821499885,-2.17795807321075,
0.0001));
#17290=CARTESIAN_POINT('Ctrl Pts',(-0.494335230859825,-2.18816019040332,
0.0001));
#17291=CARTESIAN_POINT('Ctrl Pts',(-0.511082102477804,-2.20894941034287,
0.0001));
#17292=CARTESIAN_POINT('Ctrl Pts',(-0.511082102477804,-2.22319387585702,
0.0001));
#17293=CARTESIAN_POINT('',(-0.440629746015963,-2.17795807321075,0.));
#17294=CARTESIAN_POINT('Ctrl Pts',(-0.368059969004723,-2.2166491214316,
0.));
#17295=CARTESIAN_POINT('Ctrl Pts',(-0.368059969004723,-2.2166491214316,
0.0001));
#17296=CARTESIAN_POINT('Ctrl Pts',(-0.373449766766831,-2.20240465591746,
0.));
#17297=CARTESIAN_POINT('Ctrl Pts',(-0.373449766766831,-2.20240465591746,
0.0001));
#17298=CARTESIAN_POINT('Ctrl Pts',(-0.390004145607591,-2.1858502770767,
0.));
#17299=CARTESIAN_POINT('Ctrl Pts',(-0.390004145607591,-2.1858502770767,
0.0001));
#17300=CARTESIAN_POINT('Ctrl Pts',(-0.414643221091513,-2.17795807321075,
0.));
#17301=CARTESIAN_POINT('Ctrl Pts',(-0.414643221091513,-2.17795807321075,
0.0001));
#17302=CARTESIAN_POINT('Ctrl Pts',(-0.440629746015963,-2.17795807321075,
0.));
#17303=CARTESIAN_POINT('Ctrl Pts',(-0.440629746015963,-2.17795807321075,
0.0001));
#17304=CARTESIAN_POINT('',(-0.368059969004723,-2.2166491214316,0.));
#17305=CARTESIAN_POINT('Ctrl Pts',(-0.440629746015963,-2.17795807321075,
0.));
#17306=CARTESIAN_POINT('Ctrl Pts',(-0.414643221091513,-2.17795807321075,
0.));
#17307=CARTESIAN_POINT('Ctrl Pts',(-0.390004145607591,-2.1858502770767,
0.));
#17308=CARTESIAN_POINT('Ctrl Pts',(-0.373449766766831,-2.20240465591746,
0.));
#17309=CARTESIAN_POINT('Ctrl Pts',(-0.368059969004723,-2.2166491214316,
0.));
#17310=CARTESIAN_POINT('',(-0.368059969004723,-2.2166491214316,0.0001));
#17311=CARTESIAN_POINT('Ctrl Pts',(-0.368059969004723,-2.2166491214316,
0.0001));
#17312=CARTESIAN_POINT('Ctrl Pts',(-0.373449766766831,-2.20240465591746,
0.0001));
#17313=CARTESIAN_POINT('Ctrl Pts',(-0.390004145607591,-2.1858502770767,
0.0001));
#17314=CARTESIAN_POINT('Ctrl Pts',(-0.414643221091513,-2.17795807321075,
0.0001));
#17315=CARTESIAN_POINT('Ctrl Pts',(-0.440629746015963,-2.17795807321075,
0.0001));
#17316=CARTESIAN_POINT('',(-0.368059969004723,-2.2166491214316,0.));
#17317=CARTESIAN_POINT('Origin',(-0.420802989962494,-2.22184642641649,0.));
#17318=CARTESIAN_POINT('',(-0.420802989962494,-2.22184642641649,0.));
#17319=CARTESIAN_POINT('',(-0.368059969004723,-2.2166491214316,0.));
#17320=CARTESIAN_POINT('',(-0.420802989962494,-2.22184642641649,0.0001));
#17321=CARTESIAN_POINT('',(-0.368059969004723,-2.2166491214316,0.0001));
#17322=CARTESIAN_POINT('',(-0.420802989962494,-2.22184642641649,0.));
#17323=CARTESIAN_POINT('Ctrl Pts',(-0.427540237165129,-2.21164430922393,
0.));
#17324=CARTESIAN_POINT('Ctrl Pts',(-0.427540237165129,-2.21164430922393,
0.0001));
#17325=CARTESIAN_POINT('Ctrl Pts',(-0.422920410511894,-2.21491668643664,
0.));
#17326=CARTESIAN_POINT('Ctrl Pts',(-0.422920410511894,-2.21491668643664,
0.0001));
#17327=CARTESIAN_POINT('Ctrl Pts',(-0.420802989962494,-2.22184642641649,
0.));
#17328=CARTESIAN_POINT('Ctrl Pts',(-0.420802989962494,-2.22184642641649,
0.0001));
#17329=CARTESIAN_POINT('',(-0.427540237165129,-2.21164430922393,0.));
#17330=CARTESIAN_POINT('Ctrl Pts',(-0.420802989962494,-2.22184642641649,
0.));
#17331=CARTESIAN_POINT('Ctrl Pts',(-0.422920410511894,-2.21491668643664,
0.));
#17332=CARTESIAN_POINT('Ctrl Pts',(-0.427540237165129,-2.21164430922393,
0.));
#17333=CARTESIAN_POINT('',(-0.427540237165129,-2.21164430922393,0.0001));
#17334=CARTESIAN_POINT('Ctrl Pts',(-0.427540237165129,-2.21164430922393,
0.0001));
#17335=CARTESIAN_POINT('Ctrl Pts',(-0.422920410511894,-2.21491668643664,
0.0001));
#17336=CARTESIAN_POINT('Ctrl Pts',(-0.420802989962494,-2.22184642641649,
0.0001));
#17337=CARTESIAN_POINT('',(-0.427540237165129,-2.21164430922393,0.));
#17338=CARTESIAN_POINT('Ctrl Pts',(-0.443517137674235,-2.20721697534791,
0.));
#17339=CARTESIAN_POINT('Ctrl Pts',(-0.443517137674235,-2.20721697534791,
0.0001));
#17340=CARTESIAN_POINT('Ctrl Pts',(-0.434084991590546,-2.20721697534791,
0.));
#17341=CARTESIAN_POINT('Ctrl Pts',(-0.434084991590546,-2.20721697534791,
0.0001));
#17342=CARTESIAN_POINT('Ctrl Pts',(-0.427540237165129,-2.21164430922393,
0.));
#17343=CARTESIAN_POINT('Ctrl Pts',(-0.427540237165129,-2.21164430922393,
0.0001));
#17344=CARTESIAN_POINT('',(-0.443517137674235,-2.20721697534791,0.));
#17345=CARTESIAN_POINT('Ctrl Pts',(-0.427540237165129,-2.21164430922393,
0.));
#17346=CARTESIAN_POINT('Ctrl Pts',(-0.434084991590546,-2.20721697534791,
0.));
#17347=CARTESIAN_POINT('Ctrl Pts',(-0.443517137674235,-2.20721697534791,
0.));
#17348=CARTESIAN_POINT('',(-0.443517137674235,-2.20721697534791,0.0001));
#17349=CARTESIAN_POINT('Ctrl Pts',(-0.443517137674235,-2.20721697534791,
0.0001));
#17350=CARTESIAN_POINT('Ctrl Pts',(-0.434084991590546,-2.20721697534791,
0.0001));
#17351=CARTESIAN_POINT('Ctrl Pts',(-0.427540237165129,-2.21164430922393,
0.0001));
#17352=CARTESIAN_POINT('',(-0.443517137674235,-2.20721697534791,0.));
#17353=CARTESIAN_POINT('Ctrl Pts',(-0.461418965955522,-2.218766541981,0.));
#17354=CARTESIAN_POINT('Ctrl Pts',(-0.461418965955522,-2.218766541981,0.0001));
#17355=CARTESIAN_POINT('Ctrl Pts',(-0.461418965955522,-2.21395422255055,
0.));
#17356=CARTESIAN_POINT('Ctrl Pts',(-0.461418965955522,-2.21395422255055,
0.0001));
#17357=CARTESIAN_POINT('Ctrl Pts',(-0.452756790980706,-2.20721697534791,
0.));
#17358=CARTESIAN_POINT('Ctrl Pts',(-0.452756790980706,-2.20721697534791,
0.0001));
#17359=CARTESIAN_POINT('Ctrl Pts',(-0.443517137674235,-2.20721697534791,
0.));
#17360=CARTESIAN_POINT('Ctrl Pts',(-0.443517137674235,-2.20721697534791,
0.0001));
#17361=CARTESIAN_POINT('',(-0.461418965955522,-2.218766541981,0.));
#17362=CARTESIAN_POINT('Ctrl Pts',(-0.443517137674235,-2.20721697534791,
0.));
#17363=CARTESIAN_POINT('Ctrl Pts',(-0.452756790980706,-2.20721697534791,
0.));
#17364=CARTESIAN_POINT('Ctrl Pts',(-0.461418965955522,-2.21395422255055,
0.));
#17365=CARTESIAN_POINT('Ctrl Pts',(-0.461418965955522,-2.218766541981,0.));
#17366=CARTESIAN_POINT('',(-0.461418965955522,-2.218766541981,0.0001));
#17367=CARTESIAN_POINT('Ctrl Pts',(-0.461418965955522,-2.218766541981,0.0001));
#17368=CARTESIAN_POINT('Ctrl Pts',(-0.461418965955522,-2.21395422255055,
0.0001));
#17369=CARTESIAN_POINT('Ctrl Pts',(-0.452756790980706,-2.20721697534791,
0.0001));
#17370=CARTESIAN_POINT('Ctrl Pts',(-0.443517137674235,-2.20721697534791,
0.0001));
#17371=CARTESIAN_POINT('',(-0.461418965955522,-2.218766541981,0.));
#17372=CARTESIAN_POINT('Ctrl Pts',(-0.455836675416196,-2.22665874584694,
0.));
#17373=CARTESIAN_POINT('Ctrl Pts',(-0.455836675416196,-2.22665874584694,
0.0001));
#17374=CARTESIAN_POINT('Ctrl Pts',(-0.461418965955522,-2.22396384696589,
0.));
#17375=CARTESIAN_POINT('Ctrl Pts',(-0.461418965955522,-2.22396384696589,
0.0001));
#17376=CARTESIAN_POINT('Ctrl Pts',(-0.461418965955522,-2.218766541981,0.));
#17377=CARTESIAN_POINT('Ctrl Pts',(-0.461418965955522,-2.218766541981,0.0001));
#17378=CARTESIAN_POINT('',(-0.455836675416196,-2.22665874584694,0.));
#17379=CARTESIAN_POINT('Ctrl Pts',(-0.461418965955522,-2.218766541981,0.));
#17380=CARTESIAN_POINT('Ctrl Pts',(-0.461418965955522,-2.22396384696589,
0.));
#17381=CARTESIAN_POINT('Ctrl Pts',(-0.455836675416196,-2.22665874584694,
0.));
#17382=CARTESIAN_POINT('',(-0.455836675416196,-2.22665874584694,0.0001));
#17383=CARTESIAN_POINT('Ctrl Pts',(-0.455836675416196,-2.22665874584694,
0.0001));
#17384=CARTESIAN_POINT('Ctrl Pts',(-0.461418965955522,-2.22396384696589,
0.0001));
#17385=CARTESIAN_POINT('Ctrl Pts',(-0.461418965955522,-2.218766541981,0.0001));
#17386=CARTESIAN_POINT('',(-0.455836675416196,-2.22665874584694,0.));
#17387=CARTESIAN_POINT('Ctrl Pts',(-0.432160063818365,-2.23166355805462,
0.));
#17388=CARTESIAN_POINT('Ctrl Pts',(-0.432160063818365,-2.23166355805462,
0.0001));
#17389=CARTESIAN_POINT('Ctrl Pts',(-0.450446877654088,-2.22954613750522,
0.));
#17390=CARTESIAN_POINT('Ctrl Pts',(-0.450446877654088,-2.22954613750522,
0.0001));
#17391=CARTESIAN_POINT('Ctrl Pts',(-0.455836675416196,-2.22665874584694,
0.));
#17392=CARTESIAN_POINT('Ctrl Pts',(-0.455836675416196,-2.22665874584694,
0.0001));
#17393=CARTESIAN_POINT('',(-0.432160063818365,-2.23166355805462,0.));
#17394=CARTESIAN_POINT('Ctrl Pts',(-0.455836675416196,-2.22665874584694,
0.));
#17395=CARTESIAN_POINT('Ctrl Pts',(-0.450446877654088,-2.22954613750522,
0.));
#17396=CARTESIAN_POINT('Ctrl Pts',(-0.432160063818365,-2.23166355805462,
0.));
#17397=CARTESIAN_POINT('',(-0.432160063818365,-2.23166355805462,0.0001));
#17398=CARTESIAN_POINT('Ctrl Pts',(-0.432160063818365,-2.23166355805462,
0.0001));
#17399=CARTESIAN_POINT('Ctrl Pts',(-0.450446877654088,-2.22954613750522,
0.0001));
#17400=CARTESIAN_POINT('Ctrl Pts',(-0.455836675416196,-2.22665874584694,
0.0001));
#17401=CARTESIAN_POINT('',(-0.432160063818365,-2.23166355805462,0.));
#17402=CARTESIAN_POINT('Ctrl Pts',(-0.363055156797051,-2.27901678125028,
0.));
#17403=CARTESIAN_POINT('Ctrl Pts',(-0.363055156797051,-2.27901678125028,
0.0001));
#17404=CARTESIAN_POINT('Ctrl Pts',(-0.363055156797051,-2.26669724350832,
0.));
#17405=CARTESIAN_POINT('Ctrl Pts',(-0.363055156797051,-2.26669724350832,
0.0001));
#17406=CARTESIAN_POINT('Ctrl Pts',(-0.377299622311194,-2.24590802356876,
0.));
#17407=CARTESIAN_POINT('Ctrl Pts',(-0.377299622311194,-2.24590802356876,
0.0001));
#17408=CARTESIAN_POINT('Ctrl Pts',(-0.404441103898952,-2.23474344249011,
0.));
#17409=CARTESIAN_POINT('Ctrl Pts',(-0.404441103898952,-2.23474344249011,
0.0001));
#17410=CARTESIAN_POINT('Ctrl Pts',(-0.432160063818365,-2.23166355805462,
0.));
#17411=CARTESIAN_POINT('Ctrl Pts',(-0.432160063818365,-2.23166355805462,
0.0001));
#17412=CARTESIAN_POINT('',(-0.363055156797051,-2.27901678125028,0.));
#17413=CARTESIAN_POINT('Ctrl Pts',(-0.432160063818365,-2.23166355805462,
0.));
#17414=CARTESIAN_POINT('Ctrl Pts',(-0.404441103898952,-2.23474344249011,
0.));
#17415=CARTESIAN_POINT('Ctrl Pts',(-0.377299622311194,-2.24590802356876,
0.));
#17416=CARTESIAN_POINT('Ctrl Pts',(-0.363055156797051,-2.26669724350832,
0.));
#17417=CARTESIAN_POINT('Ctrl Pts',(-0.363055156797051,-2.27901678125028,
0.));
#17418=CARTESIAN_POINT('',(-0.363055156797051,-2.27901678125028,0.0001));
#17419=CARTESIAN_POINT('Ctrl Pts',(-0.363055156797051,-2.27901678125028,
0.0001));
#17420=CARTESIAN_POINT('Ctrl Pts',(-0.363055156797051,-2.26669724350832,
0.0001));
#17421=CARTESIAN_POINT('Ctrl Pts',(-0.377299622311194,-2.24590802356876,
0.0001));
#17422=CARTESIAN_POINT('Ctrl Pts',(-0.404441103898952,-2.23474344249011,
0.0001));
#17423=CARTESIAN_POINT('Ctrl Pts',(-0.432160063818365,-2.23166355805462,
0.0001));
#17424=CARTESIAN_POINT('',(-0.363055156797051,-2.27901678125028,0.));
#17425=CARTESIAN_POINT('Ctrl Pts',(-0.438897311021,-2.32944988888143,0.));
#17426=CARTESIAN_POINT('Ctrl Pts',(-0.438897311021,-2.32944988888143,0.0001));
#17427=CARTESIAN_POINT('Ctrl Pts',(-0.410793365547151,-2.32944988888143,
0.));
#17428=CARTESIAN_POINT('Ctrl Pts',(-0.410793365547151,-2.32944988888143,
0.0001));
#17429=CARTESIAN_POINT('Ctrl Pts',(-0.378262086197284,-2.31539791614451,
0.));
#17430=CARTESIAN_POINT('Ctrl Pts',(-0.378262086197284,-2.31539791614451,
0.0001));
#17431=CARTESIAN_POINT('Ctrl Pts',(-0.363055156797051,-2.29172130454668,
0.));
#17432=CARTESIAN_POINT('Ctrl Pts',(-0.363055156797051,-2.29172130454668,
0.0001));
#17433=CARTESIAN_POINT('Ctrl Pts',(-0.363055156797051,-2.27901678125028,
0.));
#17434=CARTESIAN_POINT('Ctrl Pts',(-0.363055156797051,-2.27901678125028,
0.0001));
#17435=CARTESIAN_POINT('',(-0.438897311021,-2.32944988888143,0.));
#17436=CARTESIAN_POINT('Ctrl Pts',(-0.363055156797051,-2.27901678125028,
0.));
#17437=CARTESIAN_POINT('Ctrl Pts',(-0.363055156797051,-2.29172130454668,
0.));
#17438=CARTESIAN_POINT('Ctrl Pts',(-0.378262086197284,-2.31539791614451,
0.));
#17439=CARTESIAN_POINT('Ctrl Pts',(-0.410793365547151,-2.32944988888143,
0.));
#17440=CARTESIAN_POINT('Ctrl Pts',(-0.438897311021,-2.32944988888143,0.));
#17441=CARTESIAN_POINT('',(-0.438897311021,-2.32944988888143,0.0001));
#17442=CARTESIAN_POINT('Ctrl Pts',(-0.438897311021,-2.32944988888143,0.0001));
#17443=CARTESIAN_POINT('Ctrl Pts',(-0.410793365547151,-2.32944988888143,
0.0001));
#17444=CARTESIAN_POINT('Ctrl Pts',(-0.378262086197284,-2.31539791614451,
0.0001));
#17445=CARTESIAN_POINT('Ctrl Pts',(-0.363055156797051,-2.29172130454668,
0.0001));
#17446=CARTESIAN_POINT('Ctrl Pts',(-0.363055156797051,-2.27901678125028,
0.0001));
#17447=CARTESIAN_POINT('',(-0.438897311021,-2.32944988888143,0.));
#17448=CARTESIAN_POINT('Ctrl Pts',(-0.517241871348784,-2.28594652123013,
0.));
#17449=CARTESIAN_POINT('Ctrl Pts',(-0.517241871348784,-2.28594652123013,
0.0001));
#17450=CARTESIAN_POINT('Ctrl Pts',(-0.512429551918331,-2.30673574116969,
0.));
#17451=CARTESIAN_POINT('Ctrl Pts',(-0.512429551918331,-2.30673574116969,
0.0001));
#17452=CARTESIAN_POINT('Ctrl Pts',(-0.478743315905155,-2.32944988888143,
0.));
#17453=CARTESIAN_POINT('Ctrl Pts',(-0.478743315905155,-2.32944988888143,
0.0001));
#17454=CARTESIAN_POINT('Ctrl Pts',(-0.438897311021,-2.32944988888143,0.));
#17455=CARTESIAN_POINT('Ctrl Pts',(-0.438897311021,-2.32944988888143,0.0001));
#17456=CARTESIAN_POINT('',(-0.517241871348784,-2.28594652123013,0.));
#17457=CARTESIAN_POINT('Ctrl Pts',(-0.438897311021,-2.32944988888143,0.));
#17458=CARTESIAN_POINT('Ctrl Pts',(-0.478743315905155,-2.32944988888143,
0.));
#17459=CARTESIAN_POINT('Ctrl Pts',(-0.512429551918331,-2.30673574116969,
0.));
#17460=CARTESIAN_POINT('Ctrl Pts',(-0.517241871348784,-2.28594652123013,
0.));
#17461=CARTESIAN_POINT('',(-0.517241871348784,-2.28594652123013,0.0001));
#17462=CARTESIAN_POINT('Ctrl Pts',(-0.517241871348784,-2.28594652123013,
0.0001));
#17463=CARTESIAN_POINT('Ctrl Pts',(-0.512429551918331,-2.30673574116969,
0.0001));
#17464=CARTESIAN_POINT('Ctrl Pts',(-0.478743315905155,-2.32944988888143,
0.0001));
#17465=CARTESIAN_POINT('Ctrl Pts',(-0.438897311021,-2.32944988888143,0.0001));
#17466=CARTESIAN_POINT('',(-0.517241871348784,-2.28594652123013,0.));
#17467=CARTESIAN_POINT('Origin',(-0.462188937064395,-2.28074921624524,0.));
#17468=CARTESIAN_POINT('',(-0.517241871348784,-2.28594652123013,0.));
#17469=CARTESIAN_POINT('',(-0.517241871348784,-2.28594652123013,0.0001));
#17470=CARTESIAN_POINT('Origin',(-0.439599937271784,-2.25385161728432,0.));
#17471=CARTESIAN_POINT('Origin',(-0.439599937271784,-2.25385161728432,0.0001));
#17472=CARTESIAN_POINT('Origin',(-0.0539117772279828,-2.27689936070088,
0.));
#17473=CARTESIAN_POINT('',(-0.0539117772279828,-2.12617751613907,0.));
#17474=CARTESIAN_POINT('',(-0.0539117772279828,-2.27689936070088,0.));
#17475=CARTESIAN_POINT('',(-0.0539117772279828,-2.12617751613907,0.));
#17476=CARTESIAN_POINT('',(-0.0539117772279828,-2.12617751613907,0.0001));
#17477=CARTESIAN_POINT('',(-0.0539117772279828,-2.12617751613907,0.));
#17478=CARTESIAN_POINT('',(-0.0539117772279828,-2.27689936070088,0.0001));
#17479=CARTESIAN_POINT('',(-0.0539117772279828,-2.12617751613907,0.0001));
#17480=CARTESIAN_POINT('',(-0.0539117772279828,-2.27689936070088,0.));
#17481=CARTESIAN_POINT('Origin',(0.0425271041583073,-2.27689936070088,0.));
#17482=CARTESIAN_POINT('',(0.0425271041583073,-2.27689936070088,0.));
#17483=CARTESIAN_POINT('',(-0.0539117772279828,-2.27689936070088,0.));
#17484=CARTESIAN_POINT('',(0.0425271041583073,-2.27689936070088,0.0001));
#17485=CARTESIAN_POINT('',(-0.0539117772279828,-2.27689936070088,0.0001));
#17486=CARTESIAN_POINT('',(0.0425271041583073,-2.27689936070088,0.));
#17487=CARTESIAN_POINT('Origin',(0.0425271041583073,-2.32617751166872,0.));
#17488=CARTESIAN_POINT('',(0.0425271041583073,-2.32617751166872,0.));
#17489=CARTESIAN_POINT('',(0.0425271041583073,-2.27689936070088,0.));
#17490=CARTESIAN_POINT('',(0.0425271041583073,-2.32617751166872,0.0001));
#17491=CARTESIAN_POINT('',(0.0425271041583073,-2.27689936070088,0.0001));
#17492=CARTESIAN_POINT('',(0.0425271041583073,-2.32617751166872,0.));
#17493=CARTESIAN_POINT('Origin',(-0.115701958715007,-2.32617751166872,0.));
#17494=CARTESIAN_POINT('',(-0.115701958715007,-2.32617751166872,0.));
#17495=CARTESIAN_POINT('',(0.0425271041583073,-2.32617751166872,0.));
#17496=CARTESIAN_POINT('',(-0.115701958715007,-2.32617751166872,0.0001));
#17497=CARTESIAN_POINT('',(0.0425271041583073,-2.32617751166872,0.0001));
#17498=CARTESIAN_POINT('',(-0.115701958715007,-2.32617751166872,0.));
#17499=CARTESIAN_POINT('Origin',(-0.115701958715007,-2.12617751613907,0.));
#17500=CARTESIAN_POINT('',(-0.115701958715007,-2.12617751613907,0.));
#17501=CARTESIAN_POINT('',(-0.115701958715007,-2.32617751166872,0.));
#17502=CARTESIAN_POINT('',(-0.115701958715007,-2.12617751613907,0.0001));
#17503=CARTESIAN_POINT('',(-0.115701958715007,-2.32617751166872,0.0001));
#17504=CARTESIAN_POINT('',(-0.115701958715007,-2.12617751613907,0.));
#17505=CARTESIAN_POINT('Origin',(-0.0539117772279828,-2.12617751613907,
0.));
#17506=CARTESIAN_POINT('',(-0.115701958715007,-2.12617751613907,0.));
#17507=CARTESIAN_POINT('',(-0.115701958715007,-2.12617751613907,0.0001));
#17508=CARTESIAN_POINT('Origin',(-0.056875348859614,-2.24646543548516,0.));
#17509=CARTESIAN_POINT('Origin',(-0.056875348859614,-2.24646543548516,0.0001));
#17510=CARTESIAN_POINT('Origin',(0.849649268568672,-2.26631225795388,0.));
#17511=CARTESIAN_POINT('',(0.849649268568672,-2.26631225795388,0.));
#17512=CARTESIAN_POINT('',(0.849649268568672,-2.25745759020185,0.));
#17513=CARTESIAN_POINT('',(0.849649268568672,-2.26002384351726,0.));
#17514=CARTESIAN_POINT('',(0.849649268568672,-2.26631225795388,0.0001));
#17515=CARTESIAN_POINT('',(0.849649268568672,-2.26631225795388,0.));
#17516=CARTESIAN_POINT('',(0.849649268568672,-2.25745759020185,0.0001));
#17517=CARTESIAN_POINT('',(0.849649268568672,-2.26002384351726,0.0001));
#17518=CARTESIAN_POINT('',(0.849649268568672,-2.25745759020185,0.));
#17519=CARTESIAN_POINT('Ctrl Pts',(0.81769546755046,-2.29865104452653,0.));
#17520=CARTESIAN_POINT('Ctrl Pts',(0.81769546755046,-2.29865104452653,0.0001));
#17521=CARTESIAN_POINT('Ctrl Pts',(0.827127613634149,-2.29865104452653,
0.));
#17522=CARTESIAN_POINT('Ctrl Pts',(0.827127613634149,-2.29865104452653,
0.0001));
#17523=CARTESIAN_POINT('Ctrl Pts',(0.842912021366036,-2.28960388399728,
0.));
#17524=CARTESIAN_POINT('Ctrl Pts',(0.842912021366036,-2.28960388399728,
0.0001));
#17525=CARTESIAN_POINT('Ctrl Pts',(0.849649268568672,-2.27670686792366,
0.));
#17526=CARTESIAN_POINT('Ctrl Pts',(0.849649268568672,-2.27670686792366,
0.0001));
#17527=CARTESIAN_POINT('Ctrl Pts',(0.849649268568672,-2.26631225795388,
0.));
#17528=CARTESIAN_POINT('Ctrl Pts',(0.849649268568672,-2.26631225795388,
0.0001));
#17529=CARTESIAN_POINT('',(0.81769546755046,-2.29865104452653,0.));
#17530=CARTESIAN_POINT('Ctrl Pts',(0.81769546755046,-2.29865104452653,0.));
#17531=CARTESIAN_POINT('Ctrl Pts',(0.827127613634149,-2.29865104452653,
0.));
#17532=CARTESIAN_POINT('Ctrl Pts',(0.842912021366036,-2.28960388399728,
0.));
#17533=CARTESIAN_POINT('Ctrl Pts',(0.849649268568672,-2.27670686792366,
0.));
#17534=CARTESIAN_POINT('Ctrl Pts',(0.849649268568672,-2.26631225795388,
0.));
#17535=CARTESIAN_POINT('',(0.81769546755046,-2.29865104452653,0.0001));
#17536=CARTESIAN_POINT('',(0.81769546755046,-2.29865104452653,0.));
#17537=CARTESIAN_POINT('Ctrl Pts',(0.849649268568672,-2.26631225795388,
0.0001));
#17538=CARTESIAN_POINT('Ctrl Pts',(0.849649268568672,-2.27670686792366,
0.0001));
#17539=CARTESIAN_POINT('Ctrl Pts',(0.842912021366036,-2.28960388399728,
0.0001));
#17540=CARTESIAN_POINT('Ctrl Pts',(0.827127613634149,-2.29865104452653,
0.0001));
#17541=CARTESIAN_POINT('Ctrl Pts',(0.81769546755046,-2.29865104452653,0.0001));
#17542=CARTESIAN_POINT('Ctrl Pts',(0.799793639269172,-2.28382910068073,
0.));
#17543=CARTESIAN_POINT('Ctrl Pts',(0.799793639269172,-2.28382910068073,
0.0001));
#17544=CARTESIAN_POINT('Ctrl Pts',(0.799793639269172,-2.29037385510615,
0.));
#17545=CARTESIAN_POINT('Ctrl Pts',(0.799793639269172,-2.29037385510615,
0.0001));
#17546=CARTESIAN_POINT('Ctrl Pts',(0.808840799798425,-2.29865104452653,
0.));
#17547=CARTESIAN_POINT('Ctrl Pts',(0.808840799798425,-2.29865104452653,
0.0001));
#17548=CARTESIAN_POINT('Ctrl Pts',(0.81769546755046,-2.29865104452653,0.));
#17549=CARTESIAN_POINT('Ctrl Pts',(0.81769546755046,-2.29865104452653,0.0001));
#17550=CARTESIAN_POINT('',(0.799793639269172,-2.28382910068073,0.));
#17551=CARTESIAN_POINT('Ctrl Pts',(0.799793639269172,-2.28382910068073,
0.));
#17552=CARTESIAN_POINT('Ctrl Pts',(0.799793639269172,-2.29037385510615,
0.));
#17553=CARTESIAN_POINT('Ctrl Pts',(0.808840799798425,-2.29865104452653,
0.));
#17554=CARTESIAN_POINT('Ctrl Pts',(0.81769546755046,-2.29865104452653,0.));
#17555=CARTESIAN_POINT('',(0.799793639269172,-2.28382910068073,0.0001));
#17556=CARTESIAN_POINT('',(0.799793639269172,-2.28382910068073,0.));
#17557=CARTESIAN_POINT('Ctrl Pts',(0.81769546755046,-2.29865104452653,0.0001));
#17558=CARTESIAN_POINT('Ctrl Pts',(0.808840799798425,-2.29865104452653,
0.0001));
#17559=CARTESIAN_POINT('Ctrl Pts',(0.799793639269172,-2.29037385510615,
0.0001));
#17560=CARTESIAN_POINT('Ctrl Pts',(0.799793639269172,-2.28382910068073,
0.0001));
#17561=CARTESIAN_POINT('Ctrl Pts',(0.804413465922408,-2.27362698348817,
0.));
#17562=CARTESIAN_POINT('Ctrl Pts',(0.804413465922408,-2.27362698348817,
0.0001));
#17563=CARTESIAN_POINT('Ctrl Pts',(0.799793639269172,-2.27805431736419,
0.));
#17564=CARTESIAN_POINT('Ctrl Pts',(0.799793639269172,-2.27805431736419,
0.0001));
#17565=CARTESIAN_POINT('Ctrl Pts',(0.799793639269172,-2.28382910068073,
0.));
#17566=CARTESIAN_POINT('Ctrl Pts',(0.799793639269172,-2.28382910068073,
0.0001));
#17567=CARTESIAN_POINT('',(0.804413465922408,-2.27362698348817,0.));
#17568=CARTESIAN_POINT('Ctrl Pts',(0.804413465922408,-2.27362698348817,
0.));
#17569=CARTESIAN_POINT('Ctrl Pts',(0.799793639269172,-2.27805431736419,
0.));
#17570=CARTESIAN_POINT('Ctrl Pts',(0.799793639269172,-2.28382910068073,
0.));
#17571=CARTESIAN_POINT('',(0.804413465922408,-2.27362698348817,0.0001));
#17572=CARTESIAN_POINT('',(0.804413465922408,-2.27362698348817,0.));
#17573=CARTESIAN_POINT('Ctrl Pts',(0.799793639269172,-2.28382910068073,
0.0001));
#17574=CARTESIAN_POINT('Ctrl Pts',(0.799793639269172,-2.27805431736419,
0.0001));
#17575=CARTESIAN_POINT('Ctrl Pts',(0.804413465922408,-2.27362698348817,
0.0001));
#17576=CARTESIAN_POINT('Ctrl Pts',(0.825780164193622,-2.26477231573614,
0.));
#17577=CARTESIAN_POINT('Ctrl Pts',(0.825780164193622,-2.26477231573614,
0.0001));
#17578=CARTESIAN_POINT('Ctrl Pts',(0.808840799798425,-2.26919964961215,
0.));
#17579=CARTESIAN_POINT('Ctrl Pts',(0.808840799798425,-2.26919964961215,
0.0001));
#17580=CARTESIAN_POINT('Ctrl Pts',(0.804413465922408,-2.27362698348817,
0.));
#17581=CARTESIAN_POINT('Ctrl Pts',(0.804413465922408,-2.27362698348817,
0.0001));
#17582=CARTESIAN_POINT('',(0.825780164193621,-2.26477231573614,0.));
#17583=CARTESIAN_POINT('Ctrl Pts',(0.825780164193622,-2.26477231573614,
0.));
#17584=CARTESIAN_POINT('Ctrl Pts',(0.808840799798425,-2.26919964961215,
0.));
#17585=CARTESIAN_POINT('Ctrl Pts',(0.804413465922408,-2.27362698348817,
0.));
#17586=CARTESIAN_POINT('',(0.825780164193621,-2.26477231573614,0.0001));
#17587=CARTESIAN_POINT('',(0.825780164193621,-2.26477231573614,0.));
#17588=CARTESIAN_POINT('Ctrl Pts',(0.804413465922408,-2.27362698348817,
0.0001));
#17589=CARTESIAN_POINT('Ctrl Pts',(0.808840799798425,-2.26919964961215,
0.0001));
#17590=CARTESIAN_POINT('Ctrl Pts',(0.825780164193622,-2.26477231573614,
0.0001));
#17591=CARTESIAN_POINT('Ctrl Pts',(0.849649268568672,-2.25745759020185,
0.));
#17592=CARTESIAN_POINT('Ctrl Pts',(0.849649268568672,-2.25745759020185,
0.0001));
#17593=CARTESIAN_POINT('Ctrl Pts',(0.838292194712801,-2.26149993852343,
0.));
#17594=CARTESIAN_POINT('Ctrl Pts',(0.838292194712801,-2.26149993852343,
0.0001));
#17595=CARTESIAN_POINT('Ctrl Pts',(0.825780164193622,-2.26477231573614,
0.));
#17596=CARTESIAN_POINT('Ctrl Pts',(0.825780164193622,-2.26477231573614,
0.0001));
#17597=CARTESIAN_POINT('Ctrl Pts',(0.849649268568672,-2.25745759020185,
0.));
#17598=CARTESIAN_POINT('Ctrl Pts',(0.838292194712801,-2.26149993852343,
0.));
#17599=CARTESIAN_POINT('Ctrl Pts',(0.825780164193622,-2.26477231573614,
0.));
#17600=CARTESIAN_POINT('Ctrl Pts',(0.825780164193622,-2.26477231573614,
0.0001));
#17601=CARTESIAN_POINT('Ctrl Pts',(0.838292194712801,-2.26149993852343,
0.0001));
#17602=CARTESIAN_POINT('Ctrl Pts',(0.849649268568672,-2.25745759020185,
0.0001));
#17603=CARTESIAN_POINT('Ctrl Pts',(0.773614621567505,-2.18681274096279,
0.));
#17604=CARTESIAN_POINT('Ctrl Pts',(0.773614621567505,-2.18681274096279,
0.0001));
#17605=CARTESIAN_POINT('Ctrl Pts',(0.762835026043289,-2.19278001705655,
0.));
#17606=CARTESIAN_POINT('Ctrl Pts',(0.762835026043289,-2.19278001705655,
0.0001));
#17607=CARTESIAN_POINT('Ctrl Pts',(0.751670444964636,-2.20875691756566,
0.));
#17608=CARTESIAN_POINT('Ctrl Pts',(0.751670444964636,-2.20875691756566,
0.0001));
#17609=CARTESIAN_POINT('Ctrl Pts',(0.748590560529146,-2.22280889030258,
0.));
#17610=CARTESIAN_POINT('Ctrl Pts',(0.748590560529146,-2.22280889030258,
0.0001));
#17611=CARTESIAN_POINT('',(0.748590560529146,-2.22280889030258,0.));
#17612=CARTESIAN_POINT('',(0.773614621567505,-2.18681274096279,0.));
#17613=CARTESIAN_POINT('Ctrl Pts',(0.748590560529146,-2.22280889030258,
0.));
#17614=CARTESIAN_POINT('Ctrl Pts',(0.751670444964636,-2.20875691756566,
0.));
#17615=CARTESIAN_POINT('Ctrl Pts',(0.762835026043289,-2.19278001705655,
0.));
#17616=CARTESIAN_POINT('Ctrl Pts',(0.773614621567505,-2.18681274096279,
0.));
#17617=CARTESIAN_POINT('',(0.748590560529146,-2.22280889030258,0.0001));
#17618=CARTESIAN_POINT('',(0.748590560529146,-2.22280889030258,0.));
#17619=CARTESIAN_POINT('',(0.773614621567505,-2.18681274096279,0.0001));
#17620=CARTESIAN_POINT('Ctrl Pts',(0.773614621567505,-2.18681274096279,
0.0001));
#17621=CARTESIAN_POINT('Ctrl Pts',(0.762835026043289,-2.19278001705655,
0.0001));
#17622=CARTESIAN_POINT('Ctrl Pts',(0.751670444964636,-2.20875691756566,
0.0001));
#17623=CARTESIAN_POINT('Ctrl Pts',(0.748590560529146,-2.22280889030258,
0.0001));
#17624=CARTESIAN_POINT('',(0.773614621567505,-2.18681274096279,0.));
#17625=CARTESIAN_POINT('Ctrl Pts',(0.823470250867004,-2.17795807321075,
0.));
#17626=CARTESIAN_POINT('Ctrl Pts',(0.823470250867004,-2.17795807321075,
0.0001));
#17627=CARTESIAN_POINT('Ctrl Pts',(0.807878335912334,-2.17795807321075,
0.));
#17628=CARTESIAN_POINT('Ctrl Pts',(0.807878335912334,-2.17795807321075,
0.0001));
#17629=CARTESIAN_POINT('Ctrl Pts',(0.781121839879012,-2.18257789986399,
0.));
#17630=CARTESIAN_POINT('Ctrl Pts',(0.781121839879012,-2.18257789986399,
0.0001));
#17631=CARTESIAN_POINT('Ctrl Pts',(0.773614621567505,-2.18681274096279,
0.));
#17632=CARTESIAN_POINT('Ctrl Pts',(0.773614621567505,-2.18681274096279,
0.0001));
#17633=CARTESIAN_POINT('',(0.823470250867004,-2.17795807321075,0.));
#17634=CARTESIAN_POINT('Ctrl Pts',(0.773614621567505,-2.18681274096279,
0.));
#17635=CARTESIAN_POINT('Ctrl Pts',(0.781121839879012,-2.18257789986399,
0.));
#17636=CARTESIAN_POINT('Ctrl Pts',(0.807878335912334,-2.17795807321075,
0.));
#17637=CARTESIAN_POINT('Ctrl Pts',(0.823470250867004,-2.17795807321075,
0.));
#17638=CARTESIAN_POINT('',(0.823470250867004,-2.17795807321075,0.0001));
#17639=CARTESIAN_POINT('Origin',(0.821521296455618,-2.19299745534058,0.0001));
#17640=CARTESIAN_POINT('',(0.823470250867004,-2.17795807321075,0.));
#17641=CARTESIAN_POINT('Ctrl Pts',(0.888725302343955,-2.19239503150211,
0.));
#17642=CARTESIAN_POINT('Ctrl Pts',(0.888725302343955,-2.19239503150211,
0.0001));
#17643=CARTESIAN_POINT('Ctrl Pts',(0.878523185151393,-2.18354036375008,
0.));
#17644=CARTESIAN_POINT('Ctrl Pts',(0.878523185151393,-2.18354036375008,
0.0001));
#17645=CARTESIAN_POINT('Ctrl Pts',(0.848301819128145,-2.17795807321075,
0.));
#17646=CARTESIAN_POINT('Ctrl Pts',(0.848301819128145,-2.17795807321075,
0.0001));
#17647=CARTESIAN_POINT('Ctrl Pts',(0.823470250867004,-2.17795807321075,
0.));
#17648=CARTESIAN_POINT('Ctrl Pts',(0.823470250867004,-2.17795807321075,
0.0001));
#17649=CARTESIAN_POINT('',(0.888725302343955,-2.19239503150211,0.));
#17650=CARTESIAN_POINT('Ctrl Pts',(0.823470250867004,-2.17795807321075,
0.));
#17651=CARTESIAN_POINT('Ctrl Pts',(0.848301819128145,-2.17795807321075,
0.));
#17652=CARTESIAN_POINT('Ctrl Pts',(0.878523185151393,-2.18354036375008,
0.));
#17653=CARTESIAN_POINT('Ctrl Pts',(0.888725302343955,-2.19239503150211,
0.));
#17654=CARTESIAN_POINT('',(0.888725302343955,-2.19239503150211,0.0001));
#17655=CARTESIAN_POINT('Ctrl Pts',(0.888725302343955,-2.19239503150211,
0.0001));
#17656=CARTESIAN_POINT('Ctrl Pts',(0.878523185151393,-2.18354036375008,
0.0001));
#17657=CARTESIAN_POINT('Ctrl Pts',(0.848301819128145,-2.17795807321075,
0.0001));
#17658=CARTESIAN_POINT('Ctrl Pts',(0.823470250867004,-2.17795807321075,
0.0001));
#17659=CARTESIAN_POINT('',(0.888725302343955,-2.19239503150211,0.));
#17660=CARTESIAN_POINT('Ctrl Pts',(0.903932231744188,-2.23127857250018,
0.));
#17661=CARTESIAN_POINT('Ctrl Pts',(0.903932231744188,-2.23127857250018,
0.0001));
#17662=CARTESIAN_POINT('Ctrl Pts',(0.903932231744188,-2.22107645530762,
0.));
#17663=CARTESIAN_POINT('Ctrl Pts',(0.903932231744188,-2.22107645530762,
0.0001));
#17664=CARTESIAN_POINT('Ctrl Pts',(0.895847535101026,-2.19855480037309,
0.));
#17665=CARTESIAN_POINT('Ctrl Pts',(0.895847535101026,-2.19855480037309,
0.0001));
#17666=CARTESIAN_POINT('Ctrl Pts',(0.888725302343955,-2.19239503150211,
0.));
#17667=CARTESIAN_POINT('Ctrl Pts',(0.888725302343955,-2.19239503150211,
0.0001));
#17668=CARTESIAN_POINT('',(0.903932231744188,-2.23127857250018,0.));
#17669=CARTESIAN_POINT('Ctrl Pts',(0.888725302343955,-2.19239503150211,
0.));
#17670=CARTESIAN_POINT('Ctrl Pts',(0.895847535101026,-2.19855480037309,
0.));
#17671=CARTESIAN_POINT('Ctrl Pts',(0.903932231744188,-2.22107645530762,
0.));
#17672=CARTESIAN_POINT('Ctrl Pts',(0.903932231744188,-2.23127857250018,
0.));
#17673=CARTESIAN_POINT('',(0.903932231744188,-2.23127857250018,0.0001));
#17674=CARTESIAN_POINT('Ctrl Pts',(0.903932231744188,-2.23127857250018,
0.0001));
#17675=CARTESIAN_POINT('Ctrl Pts',(0.903932231744188,-2.22107645530762,
0.0001));
#17676=CARTESIAN_POINT('Ctrl Pts',(0.895847535101026,-2.19855480037309,
0.0001));
#17677=CARTESIAN_POINT('Ctrl Pts',(0.888725302343955,-2.19239503150211,
0.0001));
#17678=CARTESIAN_POINT('',(0.903932231744188,-2.23127857250018,0.));
#17679=CARTESIAN_POINT('Origin',(0.903932231744188,-2.29537866731382,0.));
#17680=CARTESIAN_POINT('',(0.903932231744188,-2.29537866731382,0.));
#17681=CARTESIAN_POINT('',(0.903932231744188,-2.23127857250018,0.));
#17682=CARTESIAN_POINT('',(0.903932231744188,-2.29537866731382,0.0001));
#17683=CARTESIAN_POINT('',(0.903932231744188,-2.23127857250018,0.0001));
#17684=CARTESIAN_POINT('',(0.903932231744188,-2.29537866731382,0.));
#17685=CARTESIAN_POINT('Ctrl Pts',(0.910861971724041,-2.32617751166872,
0.));
#17686=CARTESIAN_POINT('Ctrl Pts',(0.910861971724041,-2.32617751166872,
0.0001));
#17687=CARTESIAN_POINT('Ctrl Pts',(0.906434637848024,-2.31713035113947,
0.));
#17688=CARTESIAN_POINT('Ctrl Pts',(0.906434637848024,-2.31713035113947,
0.0001));
#17689=CARTESIAN_POINT('Ctrl Pts',(0.903932231744188,-2.30558078450638,
0.));
#17690=CARTESIAN_POINT('Ctrl Pts',(0.903932231744188,-2.30558078450638,
0.0001));
#17691=CARTESIAN_POINT('Ctrl Pts',(0.903932231744188,-2.29537866731382,
0.));
#17692=CARTESIAN_POINT('Ctrl Pts',(0.903932231744188,-2.29537866731382,
0.0001));
#17693=CARTESIAN_POINT('',(0.910861971724041,-2.32617751166872,0.));
#17694=CARTESIAN_POINT('Ctrl Pts',(0.903932231744188,-2.29537866731382,
0.));
#17695=CARTESIAN_POINT('Ctrl Pts',(0.903932231744188,-2.30558078450638,
0.));
#17696=CARTESIAN_POINT('Ctrl Pts',(0.906434637848024,-2.31713035113947,
0.));
#17697=CARTESIAN_POINT('Ctrl Pts',(0.910861971724041,-2.32617751166872,
0.));
#17698=CARTESIAN_POINT('',(0.910861971724041,-2.32617751166872,0.0001));
#17699=CARTESIAN_POINT('Ctrl Pts',(0.910861971724041,-2.32617751166872,
0.0001));
#17700=CARTESIAN_POINT('Ctrl Pts',(0.906434637848024,-2.31713035113947,
0.0001));
#17701=CARTESIAN_POINT('Ctrl Pts',(0.903932231744188,-2.30558078450638,
0.0001));
#17702=CARTESIAN_POINT('Ctrl Pts',(0.903932231744188,-2.29537866731382,
0.0001));
#17703=CARTESIAN_POINT('',(0.910861971724041,-2.32617751166872,0.));
#17704=CARTESIAN_POINT('Origin',(0.858696429097924,-2.32617751166872,0.));
#17705=CARTESIAN_POINT('',(0.858696429097924,-2.32617751166872,0.));
#17706=CARTESIAN_POINT('',(0.910861971724041,-2.32617751166872,0.));
#17707=CARTESIAN_POINT('',(0.858696429097924,-2.32617751166872,0.0001));
#17708=CARTESIAN_POINT('',(0.910861971724041,-2.32617751166872,0.0001));
#17709=CARTESIAN_POINT('',(0.858696429097924,-2.32617751166872,0.));
#17710=CARTESIAN_POINT('Ctrl Pts',(0.852729153004162,-2.30846817616466,
0.));
#17711=CARTESIAN_POINT('Ctrl Pts',(0.852729153004162,-2.30846817616466,
0.0001));
#17712=CARTESIAN_POINT('Ctrl Pts',(0.853691616890253,-2.31482043781285,
0.));
#17713=CARTESIAN_POINT('Ctrl Pts',(0.853691616890253,-2.31482043781285,
0.0001));
#17714=CARTESIAN_POINT('Ctrl Pts',(0.855616544662434,-2.3205952211294,0.));
#17715=CARTESIAN_POINT('Ctrl Pts',(0.855616544662434,-2.3205952211294,0.0001));
#17716=CARTESIAN_POINT('Ctrl Pts',(0.858696429097924,-2.32617751166872,
0.));
#17717=CARTESIAN_POINT('Ctrl Pts',(0.858696429097924,-2.32617751166872,
0.0001));
#17718=CARTESIAN_POINT('',(0.852729153004162,-2.30846817616465,0.));
#17719=CARTESIAN_POINT('Ctrl Pts',(0.858696429097924,-2.32617751166872,
0.));
#17720=CARTESIAN_POINT('Ctrl Pts',(0.855616544662434,-2.3205952211294,0.));
#17721=CARTESIAN_POINT('Ctrl Pts',(0.853691616890253,-2.31482043781285,
0.));
#17722=CARTESIAN_POINT('Ctrl Pts',(0.852729153004162,-2.30846817616466,
0.));
#17723=CARTESIAN_POINT('',(0.852729153004162,-2.30846817616465,0.0001));
#17724=CARTESIAN_POINT('Ctrl Pts',(0.852729153004162,-2.30846817616466,
0.0001));
#17725=CARTESIAN_POINT('Ctrl Pts',(0.853691616890253,-2.31482043781285,
0.0001));
#17726=CARTESIAN_POINT('Ctrl Pts',(0.855616544662434,-2.3205952211294,0.0001));
#17727=CARTESIAN_POINT('Ctrl Pts',(0.858696429097924,-2.32617751166872,
0.0001));
#17728=CARTESIAN_POINT('',(0.852729153004162,-2.30846817616465,0.));
#17729=CARTESIAN_POINT('Ctrl Pts',(0.83116996195573,-2.32348261278767,0.));
#17730=CARTESIAN_POINT('Ctrl Pts',(0.83116996195573,-2.32348261278767,0.0001));
#17731=CARTESIAN_POINT('Ctrl Pts',(0.841949557479946,-2.31886278613444,
0.));
#17732=CARTESIAN_POINT('Ctrl Pts',(0.841949557479946,-2.31886278613444,
0.0001));
#17733=CARTESIAN_POINT('Ctrl Pts',(0.852729153004162,-2.30846817616466,
0.));
#17734=CARTESIAN_POINT('Ctrl Pts',(0.852729153004162,-2.30846817616466,
0.0001));
#17735=CARTESIAN_POINT('',(0.83116996195573,-2.32348261278767,0.));
#17736=CARTESIAN_POINT('Ctrl Pts',(0.852729153004162,-2.30846817616466,
0.));
#17737=CARTESIAN_POINT('Ctrl Pts',(0.841949557479946,-2.31886278613444,
0.));
#17738=CARTESIAN_POINT('Ctrl Pts',(0.83116996195573,-2.32348261278767,0.));
#17739=CARTESIAN_POINT('',(0.83116996195573,-2.32348261278767,0.0001));
#17740=CARTESIAN_POINT('Ctrl Pts',(0.83116996195573,-2.32348261278767,0.0001));
#17741=CARTESIAN_POINT('Ctrl Pts',(0.841949557479946,-2.31886278613444,
0.0001));
#17742=CARTESIAN_POINT('Ctrl Pts',(0.852729153004162,-2.30846817616466,
0.0001));
#17743=CARTESIAN_POINT('',(0.83116996195573,-2.32348261278767,0.));
#17744=CARTESIAN_POINT('Ctrl Pts',(0.7969062476109,-2.32944988888143,0.));
#17745=CARTESIAN_POINT('Ctrl Pts',(0.7969062476109,-2.32944988888143,0.0001));
#17746=CARTESIAN_POINT('Ctrl Pts',(0.816348018109933,-2.32944988888143,
0.));
#17747=CARTESIAN_POINT('Ctrl Pts',(0.816348018109933,-2.32944988888143,
0.0001));
#17748=CARTESIAN_POINT('Ctrl Pts',(0.83116996195573,-2.32348261278767,0.));
#17749=CARTESIAN_POINT('Ctrl Pts',(0.83116996195573,-2.32348261278767,0.0001));
#17750=CARTESIAN_POINT('',(0.7969062476109,-2.32944988888143,0.));
#17751=CARTESIAN_POINT('Ctrl Pts',(0.83116996195573,-2.32348261278767,0.));
#17752=CARTESIAN_POINT('Ctrl Pts',(0.816348018109933,-2.32944988888143,
0.));
#17753=CARTESIAN_POINT('Ctrl Pts',(0.7969062476109,-2.32944988888143,0.));
#17754=CARTESIAN_POINT('',(0.7969062476109,-2.32944988888143,0.0001));
#17755=CARTESIAN_POINT('Ctrl Pts',(0.7969062476109,-2.32944988888143,0.0001));
#17756=CARTESIAN_POINT('Ctrl Pts',(0.816348018109933,-2.32944988888143,
0.0001));
#17757=CARTESIAN_POINT('Ctrl Pts',(0.83116996195573,-2.32348261278767,0.0001));
#17758=CARTESIAN_POINT('',(0.7969062476109,-2.32944988888143,0.));
#17759=CARTESIAN_POINT('Ctrl Pts',(0.744163226653129,-2.28787144900231,
0.));
#17760=CARTESIAN_POINT('Ctrl Pts',(0.744163226653129,-2.28787144900231,
0.0001));
#17761=CARTESIAN_POINT('Ctrl Pts',(0.744163226653129,-2.30538829172917,
0.));
#17762=CARTESIAN_POINT('Ctrl Pts',(0.744163226653129,-2.30538829172917,
0.0001));
#17763=CARTESIAN_POINT('Ctrl Pts',(0.770919722686451,-2.32944988888143,
0.));
#17764=CARTESIAN_POINT('Ctrl Pts',(0.770919722686451,-2.32944988888143,
0.0001));
#17765=CARTESIAN_POINT('Ctrl Pts',(0.7969062476109,-2.32944988888143,0.));
#17766=CARTESIAN_POINT('Ctrl Pts',(0.7969062476109,-2.32944988888143,0.0001));
#17767=CARTESIAN_POINT('',(0.744163226653129,-2.28787144900231,0.));
#17768=CARTESIAN_POINT('Ctrl Pts',(0.7969062476109,-2.32944988888143,0.));
#17769=CARTESIAN_POINT('Ctrl Pts',(0.770919722686451,-2.32944988888143,
0.));
#17770=CARTESIAN_POINT('Ctrl Pts',(0.744163226653129,-2.30538829172917,
0.));
#17771=CARTESIAN_POINT('Ctrl Pts',(0.744163226653129,-2.28787144900231,
0.));
#17772=CARTESIAN_POINT('',(0.744163226653129,-2.28787144900231,0.0001));
#17773=CARTESIAN_POINT('Ctrl Pts',(0.744163226653129,-2.28787144900231,
0.0001));
#17774=CARTESIAN_POINT('Ctrl Pts',(0.744163226653129,-2.30538829172917,
0.0001));
#17775=CARTESIAN_POINT('Ctrl Pts',(0.770919722686451,-2.32944988888143,
0.0001));
#17776=CARTESIAN_POINT('Ctrl Pts',(0.7969062476109,-2.32944988888143,0.0001));
#17777=CARTESIAN_POINT('',(0.744163226653129,-2.28787144900231,0.));
#17778=CARTESIAN_POINT('Ctrl Pts',(0.753787865514036,-2.26072996741456,
0.));
#17779=CARTESIAN_POINT('Ctrl Pts',(0.753787865514036,-2.26072996741456,
0.0001));
#17780=CARTESIAN_POINT('Ctrl Pts',(0.744163226653129,-2.27131707016155,
0.));
#17781=CARTESIAN_POINT('Ctrl Pts',(0.744163226653129,-2.27131707016155,
0.0001));
#17782=CARTESIAN_POINT('Ctrl Pts',(0.744163226653129,-2.28787144900231,
0.));
#17783=CARTESIAN_POINT('Ctrl Pts',(0.744163226653129,-2.28787144900231,
0.0001));
#17784=CARTESIAN_POINT('',(0.753787865514036,-2.26072996741456,0.));
#17785=CARTESIAN_POINT('Ctrl Pts',(0.744163226653129,-2.28787144900231,
0.));
#17786=CARTESIAN_POINT('Ctrl Pts',(0.744163226653129,-2.27131707016155,
0.));
#17787=CARTESIAN_POINT('Ctrl Pts',(0.753787865514036,-2.26072996741456,
0.));
#17788=CARTESIAN_POINT('',(0.753787865514036,-2.26072996741456,0.0001));
#17789=CARTESIAN_POINT('Ctrl Pts',(0.753787865514036,-2.26072996741456,
0.0001));
#17790=CARTESIAN_POINT('Ctrl Pts',(0.744163226653129,-2.27131707016155,
0.0001));
#17791=CARTESIAN_POINT('Ctrl Pts',(0.744163226653129,-2.28787144900231,
0.0001));
#17792=CARTESIAN_POINT('',(0.753787865514036,-2.26072996741456,0.));
#17793=CARTESIAN_POINT('Ctrl Pts',(0.789591522076611,-2.24494555968267,
0.));
#17794=CARTESIAN_POINT('Ctrl Pts',(0.789591522076611,-2.24494555968267,
0.0001));
#17795=CARTESIAN_POINT('Ctrl Pts',(0.763604997152161,-2.25014286466756,
0.));
#17796=CARTESIAN_POINT('Ctrl Pts',(0.763604997152161,-2.25014286466756,
0.0001));
#17797=CARTESIAN_POINT('Ctrl Pts',(0.753787865514036,-2.26072996741456,
0.));
#17798=CARTESIAN_POINT('Ctrl Pts',(0.753787865514036,-2.26072996741456,
0.0001));
#17799=CARTESIAN_POINT('',(0.789591522076611,-2.24494555968267,0.));
#17800=CARTESIAN_POINT('Ctrl Pts',(0.753787865514036,-2.26072996741456,
0.));
#17801=CARTESIAN_POINT('Ctrl Pts',(0.763604997152161,-2.25014286466756,
0.));
#17802=CARTESIAN_POINT('Ctrl Pts',(0.789591522076611,-2.24494555968267,
0.));
#17803=CARTESIAN_POINT('',(0.789591522076611,-2.24494555968267,0.0001));
#17804=CARTESIAN_POINT('Ctrl Pts',(0.789591522076611,-2.24494555968267,
0.0001));
#17805=CARTESIAN_POINT('Ctrl Pts',(0.763604997152161,-2.25014286466756,
0.0001));
#17806=CARTESIAN_POINT('Ctrl Pts',(0.753787865514036,-2.26072996741456,
0.0001));
#17807=CARTESIAN_POINT('',(0.789591522076611,-2.24494555968267,0.));
#17808=CARTESIAN_POINT('Ctrl Pts',(0.849649268568672,-2.22954613750522,
0.));
#17809=CARTESIAN_POINT('Ctrl Pts',(0.849649268568672,-2.22954613750522,
0.0001));
#17810=CARTESIAN_POINT('Ctrl Pts',(0.839254658598892,-2.2335884858268,0.));
#17811=CARTESIAN_POINT('Ctrl Pts',(0.839254658598892,-2.2335884858268,0.0001));
#17812=CARTESIAN_POINT('Ctrl Pts',(0.82077535198595,-2.23859329803447,0.));
#17813=CARTESIAN_POINT('Ctrl Pts',(0.82077535198595,-2.23859329803447,0.0001));
#17814=CARTESIAN_POINT('Ctrl Pts',(0.789591522076611,-2.24494555968267,
0.));
#17815=CARTESIAN_POINT('Ctrl Pts',(0.789591522076611,-2.24494555968267,
0.0001));
#17816=CARTESIAN_POINT('',(0.849649268568672,-2.22954613750522,0.));
#17817=CARTESIAN_POINT('Ctrl Pts',(0.789591522076611,-2.24494555968267,
0.));
#17818=CARTESIAN_POINT('Ctrl Pts',(0.82077535198595,-2.23859329803447,0.));
#17819=CARTESIAN_POINT('Ctrl Pts',(0.839254658598892,-2.2335884858268,0.));
#17820=CARTESIAN_POINT('Ctrl Pts',(0.849649268568672,-2.22954613750522,
0.));
#17821=CARTESIAN_POINT('',(0.849649268568672,-2.22954613750522,0.0001));
#17822=CARTESIAN_POINT('Ctrl Pts',(0.849649268568672,-2.22954613750522,
0.0001));
#17823=CARTESIAN_POINT('Ctrl Pts',(0.839254658598892,-2.2335884858268,0.0001));
#17824=CARTESIAN_POINT('Ctrl Pts',(0.82077535198595,-2.23859329803447,0.0001));
#17825=CARTESIAN_POINT('Ctrl Pts',(0.789591522076611,-2.24494555968267,
0.0001));
#17826=CARTESIAN_POINT('',(0.849649268568672,-2.22954613750522,0.));
#17827=CARTESIAN_POINT('Ctrl Pts',(0.830592483624075,-2.21106683089227,
0.));
#17828=CARTESIAN_POINT('Ctrl Pts',(0.830592483624075,-2.21106683089227,
0.0001));
#17829=CARTESIAN_POINT('Ctrl Pts',(0.841179586371073,-2.21106683089227,
0.));
#17830=CARTESIAN_POINT('Ctrl Pts',(0.841179586371073,-2.21106683089227,
0.0001));
#17831=CARTESIAN_POINT('Ctrl Pts',(0.849649268568672,-2.21934402031265,
0.));
#17832=CARTESIAN_POINT('Ctrl Pts',(0.849649268568672,-2.21934402031265,
0.0001));
#17833=CARTESIAN_POINT('Ctrl Pts',(0.849649268568672,-2.22954613750522,
0.));
#17834=CARTESIAN_POINT('Ctrl Pts',(0.849649268568672,-2.22954613750522,
0.0001));
#17835=CARTESIAN_POINT('',(0.830592483624075,-2.21106683089227,0.));
#17836=CARTESIAN_POINT('Ctrl Pts',(0.849649268568672,-2.22954613750522,
0.));
#17837=CARTESIAN_POINT('Ctrl Pts',(0.849649268568672,-2.21934402031265,
0.));
#17838=CARTESIAN_POINT('Ctrl Pts',(0.841179586371073,-2.21106683089227,
0.));
#17839=CARTESIAN_POINT('Ctrl Pts',(0.830592483624075,-2.21106683089227,
0.));
#17840=CARTESIAN_POINT('',(0.830592483624075,-2.21106683089227,0.0001));
#17841=CARTESIAN_POINT('Ctrl Pts',(0.830592483624075,-2.21106683089227,
0.0001));
#17842=CARTESIAN_POINT('Ctrl Pts',(0.841179586371073,-2.21106683089227,
0.0001));
#17843=CARTESIAN_POINT('Ctrl Pts',(0.849649268568672,-2.21934402031265,
0.0001));
#17844=CARTESIAN_POINT('Ctrl Pts',(0.849649268568672,-2.22954613750522,
0.0001));
#17845=CARTESIAN_POINT('',(0.830592483624075,-2.21106683089227,0.));
#17846=CARTESIAN_POINT('Ctrl Pts',(0.810188249238952,-2.21549416476829,
0.));
#17847=CARTESIAN_POINT('Ctrl Pts',(0.810188249238952,-2.21549416476829,
0.0001));
#17848=CARTESIAN_POINT('Ctrl Pts',(0.817117989218805,-2.21106683089227,
0.));
#17849=CARTESIAN_POINT('Ctrl Pts',(0.817117989218805,-2.21106683089227,
0.0001));
#17850=CARTESIAN_POINT('Ctrl Pts',(0.830592483624075,-2.21106683089227,
0.));
#17851=CARTESIAN_POINT('Ctrl Pts',(0.830592483624075,-2.21106683089227,
0.0001));
#17852=CARTESIAN_POINT('',(0.810188249238952,-2.21549416476829,0.));
#17853=CARTESIAN_POINT('Ctrl Pts',(0.830592483624075,-2.21106683089227,
0.));
#17854=CARTESIAN_POINT('Ctrl Pts',(0.817117989218805,-2.21106683089227,
0.));
#17855=CARTESIAN_POINT('Ctrl Pts',(0.810188249238952,-2.21549416476829,
0.));
#17856=CARTESIAN_POINT('',(0.810188249238952,-2.21549416476829,0.0001));
#17857=CARTESIAN_POINT('Ctrl Pts',(0.810188249238952,-2.21549416476829,
0.0001));
#17858=CARTESIAN_POINT('Ctrl Pts',(0.817117989218805,-2.21106683089227,
0.0001));
#17859=CARTESIAN_POINT('Ctrl Pts',(0.830592483624075,-2.21106683089227,
0.0001));
#17860=CARTESIAN_POINT('',(0.810188249238952,-2.21549416476829,0.));
#17861=CARTESIAN_POINT('Ctrl Pts',(0.801718567041354,-2.22839118084191,
0.));
#17862=CARTESIAN_POINT('Ctrl Pts',(0.801718567041354,-2.22839118084191,
0.0001));
#17863=CARTESIAN_POINT('Ctrl Pts',(0.804990944254062,-2.21895903475822,
0.));
#17864=CARTESIAN_POINT('Ctrl Pts',(0.804990944254062,-2.21895903475822,
0.0001));
#17865=CARTESIAN_POINT('Ctrl Pts',(0.810188249238952,-2.21549416476829,
0.));
#17866=CARTESIAN_POINT('Ctrl Pts',(0.810188249238952,-2.21549416476829,
0.0001));
#17867=CARTESIAN_POINT('',(0.801718567041354,-2.22839118084191,0.));
#17868=CARTESIAN_POINT('Ctrl Pts',(0.810188249238952,-2.21549416476829,
0.));
#17869=CARTESIAN_POINT('Ctrl Pts',(0.804990944254062,-2.21895903475822,
0.));
#17870=CARTESIAN_POINT('Ctrl Pts',(0.801718567041354,-2.22839118084191,
0.));
#17871=CARTESIAN_POINT('',(0.801718567041354,-2.22839118084191,0.0001));
#17872=CARTESIAN_POINT('Ctrl Pts',(0.801718567041354,-2.22839118084191,
0.0001));
#17873=CARTESIAN_POINT('Ctrl Pts',(0.804990944254062,-2.21895903475822,
0.0001));
#17874=CARTESIAN_POINT('Ctrl Pts',(0.810188249238952,-2.21549416476829,
0.0001));
#17875=CARTESIAN_POINT('',(0.801718567041354,-2.22839118084191,0.));
#17876=CARTESIAN_POINT('Origin',(0.748590560529146,-2.22280889030258,0.));
#17877=CARTESIAN_POINT('',(0.801718567041354,-2.22839118084191,0.));
#17878=CARTESIAN_POINT('',(0.801718567041354,-2.22839118084191,0.0001));
#17879=CARTESIAN_POINT('Origin',(0.827851591468257,-2.25373542908065,0.));
#17880=CARTESIAN_POINT('Origin',(0.827851591468257,-2.25373542908065,0.0001));
#17881=CARTESIAN_POINT('Origin',(1.03501980204032,-2.18123045042346,0.));
#17882=CARTESIAN_POINT('',(1.00441345046263,-2.18123045042346,0.));
#17883=CARTESIAN_POINT('',(1.03501980204032,-2.18123045042346,0.));
#17884=CARTESIAN_POINT('',(1.00441345046263,-2.18123045042346,0.));
#17885=CARTESIAN_POINT('',(1.00441345046263,-2.18123045042346,0.0001));
#17886=CARTESIAN_POINT('',(1.00441345046263,-2.18123045042346,0.));
#17887=CARTESIAN_POINT('',(1.03501980204032,-2.18123045042346,0.0001));
#17888=CARTESIAN_POINT('',(1.00441345046263,-2.18123045042346,0.0001));
#17889=CARTESIAN_POINT('',(1.03501980204032,-2.18123045042346,0.));
#17890=CARTESIAN_POINT('Origin',(1.03501980204032,-2.22184642641649,0.));
#17891=CARTESIAN_POINT('',(1.03501980204032,-2.22184642641649,0.));
#17892=CARTESIAN_POINT('',(1.03501980204032,-2.18123045042346,0.));
#17893=CARTESIAN_POINT('',(1.03501980204032,-2.22184642641649,0.0001));
#17894=CARTESIAN_POINT('',(1.03501980204032,-2.18123045042346,0.0001));
#17895=CARTESIAN_POINT('',(1.03501980204032,-2.22184642641649,0.));
#17896=CARTESIAN_POINT('Origin',(1.00441345046263,-2.22184642641649,0.));
#17897=CARTESIAN_POINT('',(1.00441345046263,-2.22184642641649,0.));
#17898=CARTESIAN_POINT('',(1.03501980204032,-2.22184642641649,0.));
#17899=CARTESIAN_POINT('',(1.00441345046263,-2.22184642641649,0.0001));
#17900=CARTESIAN_POINT('',(1.03501980204032,-2.22184642641649,0.0001));
#17901=CARTESIAN_POINT('',(1.00441345046263,-2.22184642641649,0.));
#17902=CARTESIAN_POINT('Origin',(1.00441345046263,-2.27324199793373,0.));
#17903=CARTESIAN_POINT('',(1.00441345046263,-2.27324199793373,0.));
#17904=CARTESIAN_POINT('',(1.00441345046263,-2.22184642641649,0.));
#17905=CARTESIAN_POINT('',(1.00441345046263,-2.27324199793373,0.0001));
#17906=CARTESIAN_POINT('',(1.00441345046263,-2.22184642641649,0.0001));
#17907=CARTESIAN_POINT('',(1.00441345046263,-2.27324199793373,0.));
#17908=CARTESIAN_POINT('Ctrl Pts',(1.0061458854576,-2.2855615356757,0.));
#17909=CARTESIAN_POINT('Ctrl Pts',(1.0061458854576,-2.2855615356757,0.0001));
#17910=CARTESIAN_POINT('Ctrl Pts',(1.00441345046263,-2.28248165124021,0.));
#17911=CARTESIAN_POINT('Ctrl Pts',(1.00441345046263,-2.28248165124021,0.0001));
#17912=CARTESIAN_POINT('Ctrl Pts',(1.00441345046263,-2.27324199793373,0.));
#17913=CARTESIAN_POINT('Ctrl Pts',(1.00441345046263,-2.27324199793373,0.0001));
#17914=CARTESIAN_POINT('',(1.0061458854576,-2.2855615356757,0.));
#17915=CARTESIAN_POINT('Ctrl Pts',(1.00441345046263,-2.27324199793373,0.));
#17916=CARTESIAN_POINT('Ctrl Pts',(1.00441345046263,-2.28248165124021,0.));
#17917=CARTESIAN_POINT('Ctrl Pts',(1.0061458854576,-2.2855615356757,0.));
#17918=CARTESIAN_POINT('',(1.0061458854576,-2.2855615356757,0.0001));
#17919=CARTESIAN_POINT('Ctrl Pts',(1.0061458854576,-2.2855615356757,0.0001));
#17920=CARTESIAN_POINT('Ctrl Pts',(1.00441345046263,-2.28248165124021,0.0001));
#17921=CARTESIAN_POINT('Ctrl Pts',(1.00441345046263,-2.27324199793373,0.0001));
#17922=CARTESIAN_POINT('',(1.0061458854576,-2.2855615356757,0.));
#17923=CARTESIAN_POINT('Ctrl Pts',(1.0157705243185,-2.29018136232893,0.));
#17924=CARTESIAN_POINT('Ctrl Pts',(1.0157705243185,-2.29018136232893,0.0001));
#17925=CARTESIAN_POINT('Ctrl Pts',(1.00884078433865,-2.29018136232893,0.));
#17926=CARTESIAN_POINT('Ctrl Pts',(1.00884078433865,-2.29018136232893,0.0001));
#17927=CARTESIAN_POINT('Ctrl Pts',(1.0061458854576,-2.2855615356757,0.));
#17928=CARTESIAN_POINT('Ctrl Pts',(1.0061458854576,-2.2855615356757,0.0001));
#17929=CARTESIAN_POINT('',(1.0157705243185,-2.29018136232893,0.));
#17930=CARTESIAN_POINT('Ctrl Pts',(1.0061458854576,-2.2855615356757,0.));
#17931=CARTESIAN_POINT('Ctrl Pts',(1.00884078433865,-2.29018136232893,0.));
#17932=CARTESIAN_POINT('Ctrl Pts',(1.0157705243185,-2.29018136232893,0.));
#17933=CARTESIAN_POINT('',(1.0157705243185,-2.29018136232893,0.0001));
#17934=CARTESIAN_POINT('Ctrl Pts',(1.0157705243185,-2.29018136232893,0.0001));
#17935=CARTESIAN_POINT('Ctrl Pts',(1.00884078433865,-2.29018136232893,0.0001));
#17936=CARTESIAN_POINT('Ctrl Pts',(1.0061458854576,-2.2855615356757,0.0001));
#17937=CARTESIAN_POINT('',(1.0157705243185,-2.29018136232893,0.));
#17938=CARTESIAN_POINT('Ctrl Pts',(1.03290238149092,-2.286716492339,0.));
#17939=CARTESIAN_POINT('Ctrl Pts',(1.03290238149092,-2.286716492339,0.0001));
#17940=CARTESIAN_POINT('Ctrl Pts',(1.02193029318948,-2.29018136232893,0.));
#17941=CARTESIAN_POINT('Ctrl Pts',(1.02193029318948,-2.29018136232893,0.0001));
#17942=CARTESIAN_POINT('Ctrl Pts',(1.0157705243185,-2.29018136232893,0.));
#17943=CARTESIAN_POINT('Ctrl Pts',(1.0157705243185,-2.29018136232893,0.0001));
#17944=CARTESIAN_POINT('',(1.03290238149092,-2.286716492339,0.));
#17945=CARTESIAN_POINT('Ctrl Pts',(1.0157705243185,-2.29018136232893,0.));
#17946=CARTESIAN_POINT('Ctrl Pts',(1.02193029318948,-2.29018136232893,0.));
#17947=CARTESIAN_POINT('Ctrl Pts',(1.03290238149092,-2.286716492339,0.));
#17948=CARTESIAN_POINT('',(1.03290238149092,-2.286716492339,0.0001));
#17949=CARTESIAN_POINT('Ctrl Pts',(1.03290238149092,-2.286716492339,0.0001));
#17950=CARTESIAN_POINT('Ctrl Pts',(1.02193029318948,-2.29018136232893,0.0001));
#17951=CARTESIAN_POINT('Ctrl Pts',(1.0157705243185,-2.29018136232893,0.0001));
#17952=CARTESIAN_POINT('',(1.03290238149092,-2.286716492339,0.));
#17953=CARTESIAN_POINT('Origin',(1.0369447298125,-2.32502255500542,0.));
#17954=CARTESIAN_POINT('',(1.0369447298125,-2.32502255500542,0.));
#17955=CARTESIAN_POINT('',(1.03290238149092,-2.286716492339,0.));
#17956=CARTESIAN_POINT('',(1.0369447298125,-2.32502255500542,0.0001));
#17957=CARTESIAN_POINT('',(1.03290238149092,-2.286716492339,0.0001));
#17958=CARTESIAN_POINT('',(1.0369447298125,-2.32502255500542,0.));
#17959=CARTESIAN_POINT('Ctrl Pts',(0.99844617436887,-2.32944988888143,0.));
#17960=CARTESIAN_POINT('Ctrl Pts',(0.99844617436887,-2.32944988888143,0.0001));
#17961=CARTESIAN_POINT('Ctrl Pts',(1.01634800265016,-2.32944988888143,0.));
#17962=CARTESIAN_POINT('Ctrl Pts',(1.01634800265016,-2.32944988888143,0.0001));
#17963=CARTESIAN_POINT('Ctrl Pts',(1.0369447298125,-2.32502255500542,0.));
#17964=CARTESIAN_POINT('Ctrl Pts',(1.0369447298125,-2.32502255500542,0.0001));
#17965=CARTESIAN_POINT('',(0.99844617436887,-2.32944988888143,0.));
#17966=CARTESIAN_POINT('Ctrl Pts',(1.0369447298125,-2.32502255500542,0.));
#17967=CARTESIAN_POINT('Ctrl Pts',(1.01634800265016,-2.32944988888143,0.));
#17968=CARTESIAN_POINT('Ctrl Pts',(0.99844617436887,-2.32944988888143,0.));
#17969=CARTESIAN_POINT('',(0.99844617436887,-2.32944988888143,0.0001));
#17970=CARTESIAN_POINT('Ctrl Pts',(0.99844617436887,-2.32944988888143,0.0001));
#17971=CARTESIAN_POINT('Ctrl Pts',(1.01634800265016,-2.32944988888143,0.0001));
#17972=CARTESIAN_POINT('Ctrl Pts',(1.0369447298125,-2.32502255500542,0.0001));
#17973=CARTESIAN_POINT('',(0.99844617436887,-2.32944988888143,0.));
#17974=CARTESIAN_POINT('Ctrl Pts',(0.948783037846589,-2.2728570123793,0.));
#17975=CARTESIAN_POINT('Ctrl Pts',(0.948783037846589,-2.2728570123793,0.0001));
#17976=CARTESIAN_POINT('Ctrl Pts',(0.948783037846589,-2.29711110230878,
0.));
#17977=CARTESIAN_POINT('Ctrl Pts',(0.948783037846589,-2.29711110230878,
0.0001));
#17978=CARTESIAN_POINT('Ctrl Pts',(0.958215183930278,-2.31886278613444,
0.));
#17979=CARTESIAN_POINT('Ctrl Pts',(0.958215183930278,-2.31886278613444,
0.0001));
#17980=CARTESIAN_POINT('Ctrl Pts',(0.977849447206528,-2.32944988888143,
0.));
#17981=CARTESIAN_POINT('Ctrl Pts',(0.977849447206528,-2.32944988888143,
0.0001));
#17982=CARTESIAN_POINT('Ctrl Pts',(0.99844617436887,-2.32944988888143,0.));
#17983=CARTESIAN_POINT('Ctrl Pts',(0.99844617436887,-2.32944988888143,0.0001));
#17984=CARTESIAN_POINT('',(0.948783037846589,-2.2728570123793,0.));
#17985=CARTESIAN_POINT('Ctrl Pts',(0.99844617436887,-2.32944988888143,0.));
#17986=CARTESIAN_POINT('Ctrl Pts',(0.977849447206528,-2.32944988888143,
0.));
#17987=CARTESIAN_POINT('Ctrl Pts',(0.958215183930278,-2.31886278613444,
0.));
#17988=CARTESIAN_POINT('Ctrl Pts',(0.948783037846589,-2.29711110230878,
0.));
#17989=CARTESIAN_POINT('Ctrl Pts',(0.948783037846589,-2.2728570123793,0.));
#17990=CARTESIAN_POINT('',(0.948783037846589,-2.2728570123793,0.0001));
#17991=CARTESIAN_POINT('Ctrl Pts',(0.948783037846589,-2.2728570123793,0.0001));
#17992=CARTESIAN_POINT('Ctrl Pts',(0.948783037846589,-2.29711110230878,
0.0001));
#17993=CARTESIAN_POINT('Ctrl Pts',(0.958215183930278,-2.31886278613444,
0.0001));
#17994=CARTESIAN_POINT('Ctrl Pts',(0.977849447206528,-2.32944988888143,
0.0001));
#17995=CARTESIAN_POINT('Ctrl Pts',(0.99844617436887,-2.32944988888143,0.0001));
#17996=CARTESIAN_POINT('',(0.948783037846589,-2.2728570123793,0.));
#17997=CARTESIAN_POINT('Origin',(0.948783037846589,-2.22184642641649,0.));
#17998=CARTESIAN_POINT('',(0.948783037846589,-2.22184642641649,0.));
#17999=CARTESIAN_POINT('',(0.948783037846589,-2.2728570123793,0.));
#18000=CARTESIAN_POINT('',(0.948783037846589,-2.22184642641649,0.0001));
#18001=CARTESIAN_POINT('',(0.948783037846589,-2.2728570123793,0.0001));
#18002=CARTESIAN_POINT('',(0.948783037846589,-2.22184642641649,0.));
#18003=CARTESIAN_POINT('Origin',(0.928378803461465,-2.22184642641649,0.));
#18004=CARTESIAN_POINT('',(0.928378803461465,-2.22184642641649,0.));
#18005=CARTESIAN_POINT('',(0.948783037846589,-2.22184642641649,0.));
#18006=CARTESIAN_POINT('',(0.928378803461465,-2.22184642641649,0.0001));
#18007=CARTESIAN_POINT('',(0.948783037846589,-2.22184642641649,0.0001));
#18008=CARTESIAN_POINT('',(0.928378803461465,-2.22184642641649,0.));
#18009=CARTESIAN_POINT('Origin',(0.928378803461465,-2.18123045042346,0.));
#18010=CARTESIAN_POINT('',(0.928378803461465,-2.18123045042346,0.));
#18011=CARTESIAN_POINT('',(0.928378803461465,-2.22184642641649,0.));
#18012=CARTESIAN_POINT('',(0.928378803461465,-2.18123045042346,0.0001));
#18013=CARTESIAN_POINT('',(0.928378803461465,-2.22184642641649,0.0001));
#18014=CARTESIAN_POINT('',(0.928378803461465,-2.18123045042346,0.));
#18015=CARTESIAN_POINT('Origin',(0.948783037846589,-2.18123045042346,0.));
#18016=CARTESIAN_POINT('',(0.948783037846589,-2.18123045042346,0.));
#18017=CARTESIAN_POINT('',(0.928378803461465,-2.18123045042346,0.));
#18018=CARTESIAN_POINT('',(0.948783037846589,-2.18123045042346,0.0001));
#18019=CARTESIAN_POINT('',(0.928378803461465,-2.18123045042346,0.0001));
#18020=CARTESIAN_POINT('',(0.948783037846589,-2.18123045042346,0.));
#18021=CARTESIAN_POINT('Origin',(0.948783037846589,-2.15466644716736,0.));
#18022=CARTESIAN_POINT('',(0.948783037846589,-2.15466644716736,0.));
#18023=CARTESIAN_POINT('',(0.948783037846589,-2.18123045042346,0.));
#18024=CARTESIAN_POINT('',(0.948783037846589,-2.15466644716736,0.0001));
#18025=CARTESIAN_POINT('',(0.948783037846589,-2.18123045042346,0.0001));
#18026=CARTESIAN_POINT('',(0.948783037846589,-2.15466644716736,0.));
#18027=CARTESIAN_POINT('Origin',(1.00441345046263,-2.12617751613907,0.));
#18028=CARTESIAN_POINT('',(1.00441345046263,-2.12617751613907,0.));
#18029=CARTESIAN_POINT('',(0.948783037846589,-2.15466644716736,0.));
#18030=CARTESIAN_POINT('',(1.00441345046263,-2.12617751613907,0.0001));
#18031=CARTESIAN_POINT('',(0.948783037846589,-2.15466644716736,0.0001));
#18032=CARTESIAN_POINT('',(1.00441345046263,-2.12617751613907,0.));
#18033=CARTESIAN_POINT('Origin',(1.00441345046263,-2.18123045042346,0.));
#18034=CARTESIAN_POINT('',(1.00441345046263,-2.12617751613907,0.));
#18035=CARTESIAN_POINT('',(1.00441345046263,-2.12617751613907,0.0001));
#18036=CARTESIAN_POINT('Origin',(0.98683656618994,-2.22661449662814,0.));
#18037=CARTESIAN_POINT('Origin',(0.98683656618994,-2.22661449662814,0.0001));
#18038=CARTESIAN_POINT('Origin',(1.43001495688731,-2.32617751166872,0.));
#18039=CARTESIAN_POINT('',(1.43001495688731,-2.18123045042346,0.));
#18040=CARTESIAN_POINT('',(1.43001495688731,-2.32617751166872,0.));
#18041=CARTESIAN_POINT('',(1.43001495688731,-2.18123045042346,0.));
#18042=CARTESIAN_POINT('',(1.43001495688731,-2.18123045042346,0.0001));
#18043=CARTESIAN_POINT('',(1.43001495688731,-2.18123045042346,0.));
#18044=CARTESIAN_POINT('',(1.43001495688731,-2.32617751166872,0.0001));
#18045=CARTESIAN_POINT('',(1.43001495688731,-2.18123045042346,0.0001));
#18046=CARTESIAN_POINT('',(1.43001495688731,-2.32617751166872,0.));
#18047=CARTESIAN_POINT('Origin',(1.37438454427127,-2.32617751166872,0.));
#18048=CARTESIAN_POINT('',(1.37438454427127,-2.32617751166872,0.));
#18049=CARTESIAN_POINT('',(1.43001495688731,-2.32617751166872,0.));
#18050=CARTESIAN_POINT('',(1.37438454427127,-2.32617751166872,0.0001));
#18051=CARTESIAN_POINT('',(1.43001495688731,-2.32617751166872,0.0001));
#18052=CARTESIAN_POINT('',(1.37438454427127,-2.32617751166872,0.));
#18053=CARTESIAN_POINT('Origin',(1.37438454427127,-2.18123045042346,0.));
#18054=CARTESIAN_POINT('',(1.37438454427127,-2.18123045042346,0.));
#18055=CARTESIAN_POINT('',(1.37438454427127,-2.32617751166872,0.));
#18056=CARTESIAN_POINT('',(1.37438454427127,-2.18123045042346,0.0001));
#18057=CARTESIAN_POINT('',(1.37438454427127,-2.32617751166872,0.0001));
#18058=CARTESIAN_POINT('',(1.37438454427127,-2.18123045042346,0.));
#18059=CARTESIAN_POINT('Origin',(1.43001495688731,-2.18123045042346,0.));
#18060=CARTESIAN_POINT('',(1.37438454427127,-2.18123045042346,0.));
#18061=CARTESIAN_POINT('',(1.37438454427127,-2.18123045042346,0.0001));
#18062=CARTESIAN_POINT('Origin',(1.40219975057929,-2.25370398104609,0.));
#18063=CARTESIAN_POINT('Origin',(1.40219975057929,-2.25370398104609,0.0001));
#18064=CARTESIAN_POINT('Origin',(1.51528925521398,-2.24090321136109,0.));
#18065=CARTESIAN_POINT('',(1.51528925521398,-2.24090321136109,0.));
#18066=CARTESIAN_POINT('',(1.56976471116672,-2.24090321136109,0.));
#18067=CARTESIAN_POINT('',(1.53294566193697,-2.24090321136109,0.));
#18068=CARTESIAN_POINT('',(1.51528925521398,-2.24090321136109,0.0001));
#18069=CARTESIAN_POINT('',(1.51528925521398,-2.24090321136109,0.));
#18070=CARTESIAN_POINT('',(1.56976471116672,-2.24090321136109,0.0001));
#18071=CARTESIAN_POINT('',(1.53294566193697,-2.24090321136109,0.0001));
#18072=CARTESIAN_POINT('',(1.56976471116672,-2.24090321136109,0.));
#18073=CARTESIAN_POINT('Ctrl Pts',(1.52164151686218,-2.22146144086205,0.));
#18074=CARTESIAN_POINT('Ctrl Pts',(1.52164151686218,-2.22146144086205,0.0001));
#18075=CARTESIAN_POINT('Ctrl Pts',(1.51663670465451,-2.22800619528747,0.));
#18076=CARTESIAN_POINT('Ctrl Pts',(1.51663670465451,-2.22800619528747,0.0001));
#18077=CARTESIAN_POINT('Ctrl Pts',(1.51528925521398,-2.24090321136109,0.));
#18078=CARTESIAN_POINT('Ctrl Pts',(1.51528925521398,-2.24090321136109,0.0001));
#18079=CARTESIAN_POINT('',(1.52164151686218,-2.22146144086205,0.));
#18080=CARTESIAN_POINT('Ctrl Pts',(1.52164151686218,-2.22146144086205,0.));
#18081=CARTESIAN_POINT('Ctrl Pts',(1.51663670465451,-2.22800619528747,0.));
#18082=CARTESIAN_POINT('Ctrl Pts',(1.51528925521398,-2.24090321136109,0.));
#18083=CARTESIAN_POINT('',(1.52164151686218,-2.22146144086205,0.0001));
#18084=CARTESIAN_POINT('',(1.52164151686218,-2.22146144086205,0.));
#18085=CARTESIAN_POINT('Ctrl Pts',(1.51528925521398,-2.24090321136109,0.0001));
#18086=CARTESIAN_POINT('Ctrl Pts',(1.51663670465451,-2.22800619528747,0.0001));
#18087=CARTESIAN_POINT('Ctrl Pts',(1.52164151686218,-2.22146144086205,0.0001));
#18088=CARTESIAN_POINT('Ctrl Pts',(1.54262322957896,-2.21087433811506,0.));
#18089=CARTESIAN_POINT('Ctrl Pts',(1.54262322957896,-2.21087433811506,0.0001));
#18090=CARTESIAN_POINT('Ctrl Pts',(1.52953372072813,-2.21087433811506,0.));
#18091=CARTESIAN_POINT('Ctrl Pts',(1.52953372072813,-2.21087433811506,0.0001));
#18092=CARTESIAN_POINT('Ctrl Pts',(1.52164151686218,-2.22146144086205,0.));
#18093=CARTESIAN_POINT('Ctrl Pts',(1.52164151686218,-2.22146144086205,0.0001));
#18094=CARTESIAN_POINT('',(1.54262322957896,-2.21087433811506,0.));
#18095=CARTESIAN_POINT('Ctrl Pts',(1.54262322957896,-2.21087433811506,0.));
#18096=CARTESIAN_POINT('Ctrl Pts',(1.52953372072813,-2.21087433811506,0.));
#18097=CARTESIAN_POINT('Ctrl Pts',(1.52164151686218,-2.22146144086205,0.));
#18098=CARTESIAN_POINT('',(1.54262322957896,-2.21087433811506,0.0001));
#18099=CARTESIAN_POINT('',(1.54262322957896,-2.21087433811506,0.));
#18100=CARTESIAN_POINT('Ctrl Pts',(1.52164151686218,-2.22146144086205,0.0001));
#18101=CARTESIAN_POINT('Ctrl Pts',(1.52953372072813,-2.21087433811506,0.0001));
#18102=CARTESIAN_POINT('Ctrl Pts',(1.54262322957896,-2.21087433811506,0.0001));
#18103=CARTESIAN_POINT('Ctrl Pts',(1.56976471116672,-2.24090321136109,0.));
#18104=CARTESIAN_POINT('Ctrl Pts',(1.56976471116672,-2.24090321136109,0.0001));
#18105=CARTESIAN_POINT('Ctrl Pts',(1.56822476894897,-2.22473381807476,0.));
#18106=CARTESIAN_POINT('Ctrl Pts',(1.56822476894897,-2.22473381807476,0.0001));
#18107=CARTESIAN_POINT('Ctrl Pts',(1.55417279621205,-2.21087433811506,0.));
#18108=CARTESIAN_POINT('Ctrl Pts',(1.55417279621205,-2.21087433811506,0.0001));
#18109=CARTESIAN_POINT('Ctrl Pts',(1.54262322957896,-2.21087433811506,0.));
#18110=CARTESIAN_POINT('Ctrl Pts',(1.54262322957896,-2.21087433811506,0.0001));
#18111=CARTESIAN_POINT('Ctrl Pts',(1.56976471116672,-2.24090321136109,0.));
#18112=CARTESIAN_POINT('Ctrl Pts',(1.56822476894897,-2.22473381807476,0.));
#18113=CARTESIAN_POINT('Ctrl Pts',(1.55417279621205,-2.21087433811506,0.));
#18114=CARTESIAN_POINT('Ctrl Pts',(1.54262322957896,-2.21087433811506,0.));
#18115=CARTESIAN_POINT('Ctrl Pts',(1.54262322957896,-2.21087433811506,0.0001));
#18116=CARTESIAN_POINT('Ctrl Pts',(1.55417279621205,-2.21087433811506,0.0001));
#18117=CARTESIAN_POINT('Ctrl Pts',(1.56822476894897,-2.22473381807476,0.0001));
#18118=CARTESIAN_POINT('Ctrl Pts',(1.56976471116672,-2.24090321136109,0.0001));
#18119=CARTESIAN_POINT('Ctrl Pts',(1.52241148797105,-2.28748646344788,0.));
#18120=CARTESIAN_POINT('Ctrl Pts',(1.52241148797105,-2.28748646344788,0.0001));
#18121=CARTESIAN_POINT('Ctrl Pts',(1.51663670465451,-2.28094170902246,0.));
#18122=CARTESIAN_POINT('Ctrl Pts',(1.51663670465451,-2.28094170902246,0.0001));
#18123=CARTESIAN_POINT('Ctrl Pts',(1.51509676243677,-2.26746721461719,0.));
#18124=CARTESIAN_POINT('Ctrl Pts',(1.51509676243677,-2.26746721461719,0.0001));
#18125=CARTESIAN_POINT('',(1.51509676243677,-2.26746721461719,0.));
#18126=CARTESIAN_POINT('',(1.52241148797105,-2.28748646344788,0.));
#18127=CARTESIAN_POINT('Ctrl Pts',(1.51509676243677,-2.26746721461719,0.));
#18128=CARTESIAN_POINT('Ctrl Pts',(1.51663670465451,-2.28094170902246,0.));
#18129=CARTESIAN_POINT('Ctrl Pts',(1.52241148797105,-2.28748646344788,0.));
#18130=CARTESIAN_POINT('',(1.51509676243677,-2.26746721461719,0.0001));
#18131=CARTESIAN_POINT('',(1.51509676243677,-2.26746721461719,0.));
#18132=CARTESIAN_POINT('',(1.52241148797105,-2.28748646344788,0.0001));
#18133=CARTESIAN_POINT('Ctrl Pts',(1.52241148797105,-2.28748646344788,0.0001));
#18134=CARTESIAN_POINT('Ctrl Pts',(1.51663670465451,-2.28094170902246,0.0001));
#18135=CARTESIAN_POINT('Ctrl Pts',(1.51509676243677,-2.26746721461719,0.0001));
#18136=CARTESIAN_POINT('',(1.52241148797105,-2.28748646344788,0.));
#18137=CARTESIAN_POINT('Ctrl Pts',(1.54339320068783,-2.29691860953157,0.));
#18138=CARTESIAN_POINT('Ctrl Pts',(1.54339320068783,-2.29691860953157,0.0001));
#18139=CARTESIAN_POINT('Ctrl Pts',(1.530303691837,-2.29691860953157,0.));
#18140=CARTESIAN_POINT('Ctrl Pts',(1.530303691837,-2.29691860953157,0.0001));
#18141=CARTESIAN_POINT('Ctrl Pts',(1.52241148797105,-2.28748646344788,0.));
#18142=CARTESIAN_POINT('Ctrl Pts',(1.52241148797105,-2.28748646344788,0.0001));
#18143=CARTESIAN_POINT('',(1.54339320068783,-2.29691860953157,0.));
#18144=CARTESIAN_POINT('Ctrl Pts',(1.52241148797105,-2.28748646344788,0.));
#18145=CARTESIAN_POINT('Ctrl Pts',(1.530303691837,-2.29691860953157,0.));
#18146=CARTESIAN_POINT('Ctrl Pts',(1.54339320068783,-2.29691860953157,0.));
#18147=CARTESIAN_POINT('',(1.54339320068783,-2.29691860953157,0.0001));
#18148=CARTESIAN_POINT('Ctrl Pts',(1.54339320068783,-2.29691860953157,0.0001));
#18149=CARTESIAN_POINT('Ctrl Pts',(1.530303691837,-2.29691860953157,0.0001));
#18150=CARTESIAN_POINT('Ctrl Pts',(1.52241148797105,-2.28748646344788,0.0001));
#18151=CARTESIAN_POINT('',(1.54339320068783,-2.29691860953157,0.));
#18152=CARTESIAN_POINT('Ctrl Pts',(1.5589851156425,-2.29287626120999,0.));
#18153=CARTESIAN_POINT('Ctrl Pts',(1.5589851156425,-2.29287626120999,0.0001));
#18154=CARTESIAN_POINT('Ctrl Pts',(1.55147789733099,-2.29691860953157,0.));
#18155=CARTESIAN_POINT('Ctrl Pts',(1.55147789733099,-2.29691860953157,0.0001));
#18156=CARTESIAN_POINT('Ctrl Pts',(1.54339320068783,-2.29691860953157,0.));
#18157=CARTESIAN_POINT('Ctrl Pts',(1.54339320068783,-2.29691860953157,0.0001));
#18158=CARTESIAN_POINT('',(1.5589851156425,-2.29287626120999,0.));
#18159=CARTESIAN_POINT('Ctrl Pts',(1.54339320068783,-2.29691860953157,0.));
#18160=CARTESIAN_POINT('Ctrl Pts',(1.55147789733099,-2.29691860953157,0.));
#18161=CARTESIAN_POINT('Ctrl Pts',(1.5589851156425,-2.29287626120999,0.));
#18162=CARTESIAN_POINT('',(1.5589851156425,-2.29287626120999,0.0001));
#18163=CARTESIAN_POINT('Ctrl Pts',(1.5589851156425,-2.29287626120999,0.0001));
#18164=CARTESIAN_POINT('Ctrl Pts',(1.55147789733099,-2.29691860953157,0.0001));
#18165=CARTESIAN_POINT('Ctrl Pts',(1.54339320068783,-2.29691860953157,0.0001));
#18166=CARTESIAN_POINT('',(1.5589851156425,-2.29287626120999,0.));
#18167=CARTESIAN_POINT('Ctrl Pts',(1.56860975450341,-2.28363660790351,0.));
#18168=CARTESIAN_POINT('Ctrl Pts',(1.56860975450341,-2.28363660790351,0.0001));
#18169=CARTESIAN_POINT('Ctrl Pts',(1.56341244951852,-2.29018136232893,0.));
#18170=CARTESIAN_POINT('Ctrl Pts',(1.56341244951852,-2.29018136232893,0.0001));
#18171=CARTESIAN_POINT('Ctrl Pts',(1.5589851156425,-2.29287626120999,0.));
#18172=CARTESIAN_POINT('Ctrl Pts',(1.5589851156425,-2.29287626120999,0.0001));
#18173=CARTESIAN_POINT('',(1.56860975450341,-2.28363660790351,0.));
#18174=CARTESIAN_POINT('Ctrl Pts',(1.5589851156425,-2.29287626120999,0.));
#18175=CARTESIAN_POINT('Ctrl Pts',(1.56341244951852,-2.29018136232893,0.));
#18176=CARTESIAN_POINT('Ctrl Pts',(1.56860975450341,-2.28363660790351,0.));
#18177=CARTESIAN_POINT('',(1.56860975450341,-2.28363660790351,0.0001));
#18178=CARTESIAN_POINT('Ctrl Pts',(1.56860975450341,-2.28363660790351,0.0001));
#18179=CARTESIAN_POINT('Ctrl Pts',(1.56341244951852,-2.29018136232893,0.0001));
#18180=CARTESIAN_POINT('Ctrl Pts',(1.5589851156425,-2.29287626120999,0.0001));
#18181=CARTESIAN_POINT('',(1.56860975450341,-2.28363660790351,0.));
#18182=CARTESIAN_POINT('Origin',(1.62327770323336,-2.28864142011119,0.));
#18183=CARTESIAN_POINT('',(1.62327770323336,-2.28864142011119,0.));
#18184=CARTESIAN_POINT('',(1.56860975450341,-2.28363660790351,0.));
#18185=CARTESIAN_POINT('',(1.62327770323336,-2.28864142011119,0.0001));
#18186=CARTESIAN_POINT('',(1.56860975450341,-2.28363660790351,0.0001));
#18187=CARTESIAN_POINT('',(1.62327770323336,-2.28864142011119,0.));
#18188=CARTESIAN_POINT('Ctrl Pts',(1.54204575124731,-2.32944988888143,0.));
#18189=CARTESIAN_POINT('Ctrl Pts',(1.54204575124731,-2.32944988888143,0.0001));
#18190=CARTESIAN_POINT('Ctrl Pts',(1.57515450892883,-2.32944988888143,0.));
#18191=CARTESIAN_POINT('Ctrl Pts',(1.57515450892883,-2.32944988888143,0.0001));
#18192=CARTESIAN_POINT('Ctrl Pts',(1.61076567271418,-2.31039310393684,0.));
#18193=CARTESIAN_POINT('Ctrl Pts',(1.61076567271418,-2.31039310393684,0.0001));
#18194=CARTESIAN_POINT('Ctrl Pts',(1.62327770323336,-2.28864142011119,0.));
#18195=CARTESIAN_POINT('Ctrl Pts',(1.62327770323336,-2.28864142011119,0.0001));
#18196=CARTESIAN_POINT('',(1.54204575124731,-2.32944988888143,0.));
#18197=CARTESIAN_POINT('Ctrl Pts',(1.62327770323336,-2.28864142011119,0.));
#18198=CARTESIAN_POINT('Ctrl Pts',(1.61076567271418,-2.31039310393684,0.));
#18199=CARTESIAN_POINT('Ctrl Pts',(1.57515450892883,-2.32944988888143,0.));
#18200=CARTESIAN_POINT('Ctrl Pts',(1.54204575124731,-2.32944988888143,0.));
#18201=CARTESIAN_POINT('',(1.54204575124731,-2.32944988888143,0.0001));
#18202=CARTESIAN_POINT('Ctrl Pts',(1.54204575124731,-2.32944988888143,0.0001));
#18203=CARTESIAN_POINT('Ctrl Pts',(1.57515450892883,-2.32944988888143,0.0001));
#18204=CARTESIAN_POINT('Ctrl Pts',(1.61076567271418,-2.31039310393684,0.0001));
#18205=CARTESIAN_POINT('Ctrl Pts',(1.62327770323336,-2.28864142011119,0.0001));
#18206=CARTESIAN_POINT('',(1.54204575124731,-2.32944988888143,0.));
#18207=CARTESIAN_POINT('Ctrl Pts',(1.45850388593463,-2.25399272021192,0.));
#18208=CARTESIAN_POINT('Ctrl Pts',(1.45850388593463,-2.25399272021192,0.0001));
#18209=CARTESIAN_POINT('Ctrl Pts',(1.45850388593463,-2.27786182458697,0.));
#18210=CARTESIAN_POINT('Ctrl Pts',(1.45850388593463,-2.27786182458697,0.0001));
#18211=CARTESIAN_POINT('Ctrl Pts',(1.48025556976028,-2.31328049559511,0.));
#18212=CARTESIAN_POINT('Ctrl Pts',(1.48025556976028,-2.31328049559511,0.0001));
#18213=CARTESIAN_POINT('Ctrl Pts',(1.51317183466458,-2.32944988888143,0.));
#18214=CARTESIAN_POINT('Ctrl Pts',(1.51317183466458,-2.32944988888143,0.0001));
#18215=CARTESIAN_POINT('Ctrl Pts',(1.54204575124731,-2.32944988888143,0.));
#18216=CARTESIAN_POINT('Ctrl Pts',(1.54204575124731,-2.32944988888143,0.0001));
#18217=CARTESIAN_POINT('',(1.45850388593463,-2.25399272021192,0.));
#18218=CARTESIAN_POINT('Ctrl Pts',(1.54204575124731,-2.32944988888143,0.));
#18219=CARTESIAN_POINT('Ctrl Pts',(1.51317183466458,-2.32944988888143,0.));
#18220=CARTESIAN_POINT('Ctrl Pts',(1.48025556976028,-2.31328049559511,0.));
#18221=CARTESIAN_POINT('Ctrl Pts',(1.45850388593463,-2.27786182458697,0.));
#18222=CARTESIAN_POINT('Ctrl Pts',(1.45850388593463,-2.25399272021192,0.));
#18223=CARTESIAN_POINT('',(1.45850388593463,-2.25399272021192,0.0001));
#18224=CARTESIAN_POINT('Ctrl Pts',(1.45850388593463,-2.25399272021192,0.0001));
#18225=CARTESIAN_POINT('Ctrl Pts',(1.45850388593463,-2.27786182458697,0.0001));
#18226=CARTESIAN_POINT('Ctrl Pts',(1.48025556976028,-2.31328049559511,0.0001));
#18227=CARTESIAN_POINT('Ctrl Pts',(1.51317183466458,-2.32944988888143,0.0001));
#18228=CARTESIAN_POINT('Ctrl Pts',(1.54204575124731,-2.32944988888143,0.0001));
#18229=CARTESIAN_POINT('',(1.45850388593463,-2.25399272021192,0.));
#18230=CARTESIAN_POINT('Ctrl Pts',(1.54031331625234,-2.17795807321075,0.));
#18231=CARTESIAN_POINT('Ctrl Pts',(1.54031331625234,-2.17795807321075,0.0001));
#18232=CARTESIAN_POINT('Ctrl Pts',(1.50200725358593,-2.17795807321075,0.));
#18233=CARTESIAN_POINT('Ctrl Pts',(1.50200725358593,-2.17795807321075,0.0001));
#18234=CARTESIAN_POINT('Ctrl Pts',(1.45850388593463,-2.21992149864431,0.));
#18235=CARTESIAN_POINT('Ctrl Pts',(1.45850388593463,-2.21992149864431,0.0001));
#18236=CARTESIAN_POINT('Ctrl Pts',(1.45850388593463,-2.25399272021192,0.));
#18237=CARTESIAN_POINT('Ctrl Pts',(1.45850388593463,-2.25399272021192,0.0001));
#18238=CARTESIAN_POINT('',(1.54031331625234,-2.17795807321075,0.));
#18239=CARTESIAN_POINT('Ctrl Pts',(1.45850388593463,-2.25399272021192,0.));
#18240=CARTESIAN_POINT('Ctrl Pts',(1.45850388593463,-2.21992149864431,0.));
#18241=CARTESIAN_POINT('Ctrl Pts',(1.50200725358593,-2.17795807321075,0.));
#18242=CARTESIAN_POINT('Ctrl Pts',(1.54031331625234,-2.17795807321075,0.));
#18243=CARTESIAN_POINT('',(1.54031331625234,-2.17795807321075,0.0001));
#18244=CARTESIAN_POINT('Ctrl Pts',(1.54031331625234,-2.17795807321075,0.0001));
#18245=CARTESIAN_POINT('Ctrl Pts',(1.50200725358593,-2.17795807321075,0.0001));
#18246=CARTESIAN_POINT('Ctrl Pts',(1.45850388593463,-2.21992149864431,0.0001));
#18247=CARTESIAN_POINT('Ctrl Pts',(1.45850388593463,-2.25399272021192,0.0001));
#18248=CARTESIAN_POINT('',(1.54031331625234,-2.17795807321075,0.));
#18249=CARTESIAN_POINT('Ctrl Pts',(1.62635758766885,-2.26111495296899,0.));
#18250=CARTESIAN_POINT('Ctrl Pts',(1.62635758766885,-2.26111495296899,0.0001));
#18251=CARTESIAN_POINT('Ctrl Pts',(1.62635758766885,-2.23262602194071,0.));
#18252=CARTESIAN_POINT('Ctrl Pts',(1.62635758766885,-2.23262602194071,0.0001));
#18253=CARTESIAN_POINT('Ctrl Pts',(1.60749329550147,-2.19682236537813,0.));
#18254=CARTESIAN_POINT('Ctrl Pts',(1.60749329550147,-2.19682236537813,0.0001));
#18255=CARTESIAN_POINT('Ctrl Pts',(1.57149714616168,-2.17795807321075,0.));
#18256=CARTESIAN_POINT('Ctrl Pts',(1.57149714616168,-2.17795807321075,0.0001));
#18257=CARTESIAN_POINT('Ctrl Pts',(1.54031331625234,-2.17795807321075,0.));
#18258=CARTESIAN_POINT('Ctrl Pts',(1.54031331625234,-2.17795807321075,0.0001));
#18259=CARTESIAN_POINT('',(1.62635758766885,-2.26111495296899,0.));
#18260=CARTESIAN_POINT('Ctrl Pts',(1.54031331625234,-2.17795807321075,0.));
#18261=CARTESIAN_POINT('Ctrl Pts',(1.57149714616168,-2.17795807321075,0.));
#18262=CARTESIAN_POINT('Ctrl Pts',(1.60749329550147,-2.19682236537813,0.));
#18263=CARTESIAN_POINT('Ctrl Pts',(1.62635758766885,-2.23262602194071,0.));
#18264=CARTESIAN_POINT('Ctrl Pts',(1.62635758766885,-2.26111495296899,0.));
#18265=CARTESIAN_POINT('',(1.62635758766885,-2.26111495296899,0.0001));
#18266=CARTESIAN_POINT('Ctrl Pts',(1.62635758766885,-2.26111495296899,0.0001));
#18267=CARTESIAN_POINT('Ctrl Pts',(1.62635758766885,-2.23262602194071,0.0001));
#18268=CARTESIAN_POINT('Ctrl Pts',(1.60749329550147,-2.19682236537813,0.0001));
#18269=CARTESIAN_POINT('Ctrl Pts',(1.57149714616168,-2.17795807321075,0.0001));
#18270=CARTESIAN_POINT('Ctrl Pts',(1.54031331625234,-2.17795807321075,0.0001));
#18271=CARTESIAN_POINT('',(1.62635758766885,-2.26111495296899,0.));
#18272=CARTESIAN_POINT('Origin',(1.62635758766885,-2.26746721461719,0.));
#18273=CARTESIAN_POINT('',(1.62635758766885,-2.26746721461719,0.));
#18274=CARTESIAN_POINT('',(1.62635758766885,-2.26111495296899,0.));
#18275=CARTESIAN_POINT('',(1.62635758766885,-2.26746721461719,0.0001));
#18276=CARTESIAN_POINT('',(1.62635758766885,-2.26111495296899,0.0001));
#18277=CARTESIAN_POINT('',(1.62635758766885,-2.26746721461719,0.));
#18278=CARTESIAN_POINT('Origin',(1.51509676243677,-2.26746721461719,0.));
#18279=CARTESIAN_POINT('',(1.62635758766885,-2.26746721461719,0.));
#18280=CARTESIAN_POINT('',(1.62635758766885,-2.26746721461719,0.0001));
#18281=CARTESIAN_POINT('Origin',(1.55060206865995,-2.26236085046569,0.));
#18282=CARTESIAN_POINT('Origin',(1.55060206865995,-2.26236085046569,0.0001));
#18283=CARTESIAN_POINT('Ctrl Pts',(1.72318144362015,-2.29903603008097,0.));
#18284=CARTESIAN_POINT('Ctrl Pts',(1.72318144362015,-2.29903603008097,0.0001));
#18285=CARTESIAN_POINT('Ctrl Pts',(1.71297932642759,-2.29903603008097,0.));
#18286=CARTESIAN_POINT('Ctrl Pts',(1.71297932642759,-2.29903603008097,0.0001));
#18287=CARTESIAN_POINT('Ctrl Pts',(1.70065978868563,-2.29056634788337,0.));
#18288=CARTESIAN_POINT('Ctrl Pts',(1.70065978868563,-2.29056634788337,0.0001));
#18289=CARTESIAN_POINT('Ctrl Pts',(1.6971949186957,-2.28074921624524,0.));
#18290=CARTESIAN_POINT('Ctrl Pts',(1.6971949186957,-2.28074921624524,0.0001));
#18291=CARTESIAN_POINT('',(1.6971949186957,-2.28074921624524,0.));
#18292=CARTESIAN_POINT('',(1.72318144362015,-2.29903603008097,0.));
#18293=CARTESIAN_POINT('Ctrl Pts',(1.6971949186957,-2.28074921624524,0.));
#18294=CARTESIAN_POINT('Ctrl Pts',(1.70065978868563,-2.29056634788337,0.));
#18295=CARTESIAN_POINT('Ctrl Pts',(1.71297932642759,-2.29903603008097,0.));
#18296=CARTESIAN_POINT('Ctrl Pts',(1.72318144362015,-2.29903603008097,0.));
#18297=CARTESIAN_POINT('',(1.6971949186957,-2.28074921624524,0.0001));
#18298=CARTESIAN_POINT('',(1.6971949186957,-2.28074921624524,0.));
#18299=CARTESIAN_POINT('',(1.72318144362015,-2.29903603008097,0.0001));
#18300=CARTESIAN_POINT('Ctrl Pts',(1.72318144362015,-2.29903603008097,0.0001));
#18301=CARTESIAN_POINT('Ctrl Pts',(1.71297932642759,-2.29903603008097,0.0001));
#18302=CARTESIAN_POINT('Ctrl Pts',(1.70065978868563,-2.29056634788337,0.0001));
#18303=CARTESIAN_POINT('Ctrl Pts',(1.6971949186957,-2.28074921624524,0.0001));
#18304=CARTESIAN_POINT('',(1.72318144362015,-2.29903603008097,0.));
#18305=CARTESIAN_POINT('Ctrl Pts',(1.740698286347,-2.29422371065051,0.));
#18306=CARTESIAN_POINT('Ctrl Pts',(1.740698286347,-2.29422371065051,0.0001));
#18307=CARTESIAN_POINT('Ctrl Pts',(1.73453851747602,-2.29903603008097,0.));
#18308=CARTESIAN_POINT('Ctrl Pts',(1.73453851747602,-2.29903603008097,0.0001));
#18309=CARTESIAN_POINT('Ctrl Pts',(1.72318144362015,-2.29903603008097,0.));
#18310=CARTESIAN_POINT('Ctrl Pts',(1.72318144362015,-2.29903603008097,0.0001));
#18311=CARTESIAN_POINT('',(1.740698286347,-2.29422371065051,0.));
#18312=CARTESIAN_POINT('Ctrl Pts',(1.72318144362015,-2.29903603008097,0.));
#18313=CARTESIAN_POINT('Ctrl Pts',(1.73453851747602,-2.29903603008097,0.));
#18314=CARTESIAN_POINT('Ctrl Pts',(1.740698286347,-2.29422371065051,0.));
#18315=CARTESIAN_POINT('',(1.740698286347,-2.29422371065051,0.0001));
#18316=CARTESIAN_POINT('Ctrl Pts',(1.740698286347,-2.29422371065051,0.0001));
#18317=CARTESIAN_POINT('Ctrl Pts',(1.73453851747602,-2.29903603008097,0.0001));
#18318=CARTESIAN_POINT('Ctrl Pts',(1.72318144362015,-2.29903603008097,0.0001));
#18319=CARTESIAN_POINT('',(1.740698286347,-2.29422371065051,0.));
#18320=CARTESIAN_POINT('Ctrl Pts',(1.74551060577746,-2.28536904289848,0.));
#18321=CARTESIAN_POINT('Ctrl Pts',(1.74551060577746,-2.28536904289848,0.0001));
#18322=CARTESIAN_POINT('Ctrl Pts',(1.74551060577746,-2.29075884066059,0.));
#18323=CARTESIAN_POINT('Ctrl Pts',(1.74551060577746,-2.29075884066059,0.0001));
#18324=CARTESIAN_POINT('Ctrl Pts',(1.740698286347,-2.29422371065051,0.));
#18325=CARTESIAN_POINT('Ctrl Pts',(1.740698286347,-2.29422371065051,0.0001));
#18326=CARTESIAN_POINT('',(1.74551060577746,-2.28536904289848,0.));
#18327=CARTESIAN_POINT('Ctrl Pts',(1.740698286347,-2.29422371065051,0.));
#18328=CARTESIAN_POINT('Ctrl Pts',(1.74551060577746,-2.29075884066059,0.));
#18329=CARTESIAN_POINT('Ctrl Pts',(1.74551060577746,-2.28536904289848,0.));
#18330=CARTESIAN_POINT('',(1.74551060577746,-2.28536904289848,0.0001));
#18331=CARTESIAN_POINT('Ctrl Pts',(1.74551060577746,-2.28536904289848,0.0001));
#18332=CARTESIAN_POINT('Ctrl Pts',(1.74551060577746,-2.29075884066059,0.0001));
#18333=CARTESIAN_POINT('Ctrl Pts',(1.740698286347,-2.29422371065051,0.0001));
#18334=CARTESIAN_POINT('',(1.74551060577746,-2.28536904289848,0.));
#18335=CARTESIAN_POINT('Ctrl Pts',(1.73915834412926,-2.27612938959201,0.));
#18336=CARTESIAN_POINT('Ctrl Pts',(1.73915834412926,-2.27612938959201,0.0001));
#18337=CARTESIAN_POINT('Ctrl Pts',(1.74551060577746,-2.27940176680472,0.));
#18338=CARTESIAN_POINT('Ctrl Pts',(1.74551060577746,-2.27940176680472,0.0001));
#18339=CARTESIAN_POINT('Ctrl Pts',(1.74551060577746,-2.28536904289848,0.));
#18340=CARTESIAN_POINT('Ctrl Pts',(1.74551060577746,-2.28536904289848,0.0001));
#18341=CARTESIAN_POINT('',(1.73915834412926,-2.27612938959201,0.));
#18342=CARTESIAN_POINT('Ctrl Pts',(1.74551060577746,-2.28536904289848,0.));
#18343=CARTESIAN_POINT('Ctrl Pts',(1.74551060577746,-2.27940176680472,0.));
#18344=CARTESIAN_POINT('Ctrl Pts',(1.73915834412926,-2.27612938959201,0.));
#18345=CARTESIAN_POINT('',(1.73915834412926,-2.27612938959201,0.0001));
#18346=CARTESIAN_POINT('Ctrl Pts',(1.73915834412926,-2.27612938959201,0.0001));
#18347=CARTESIAN_POINT('Ctrl Pts',(1.74551060577746,-2.27940176680472,0.0001));
#18348=CARTESIAN_POINT('Ctrl Pts',(1.74551060577746,-2.28536904289848,0.0001));
#18349=CARTESIAN_POINT('',(1.73915834412926,-2.27612938959201,0.));
#18350=CARTESIAN_POINT('Ctrl Pts',(1.71528923975421,-2.27035460627546,0.));
#18351=CARTESIAN_POINT('Ctrl Pts',(1.71528923975421,-2.27035460627546,0.0001));
#18352=CARTESIAN_POINT('Ctrl Pts',(1.73453851747602,-2.27381947626539,0.));
#18353=CARTESIAN_POINT('Ctrl Pts',(1.73453851747602,-2.27381947626539,0.0001));
#18354=CARTESIAN_POINT('Ctrl Pts',(1.73915834412926,-2.27612938959201,0.));
#18355=CARTESIAN_POINT('Ctrl Pts',(1.73915834412926,-2.27612938959201,0.0001));
#18356=CARTESIAN_POINT('',(1.71528923975421,-2.27035460627546,0.));
#18357=CARTESIAN_POINT('Ctrl Pts',(1.73915834412926,-2.27612938959201,0.));
#18358=CARTESIAN_POINT('Ctrl Pts',(1.73453851747602,-2.27381947626539,0.));
#18359=CARTESIAN_POINT('Ctrl Pts',(1.71528923975421,-2.27035460627546,0.));
#18360=CARTESIAN_POINT('',(1.71528923975421,-2.27035460627546,0.0001));
#18361=CARTESIAN_POINT('Ctrl Pts',(1.71528923975421,-2.27035460627546,0.0001));
#18362=CARTESIAN_POINT('Ctrl Pts',(1.73453851747602,-2.27381947626539,0.0001));
#18363=CARTESIAN_POINT('Ctrl Pts',(1.73915834412926,-2.27612938959201,0.0001));
#18364=CARTESIAN_POINT('',(1.71528923975421,-2.27035460627546,0.));
#18365=CARTESIAN_POINT('Ctrl Pts',(1.64830175328229,-2.22319387585702,0.));
#18366=CARTESIAN_POINT('Ctrl Pts',(1.64830175328229,-2.22319387585702,0.0001));
#18367=CARTESIAN_POINT('Ctrl Pts',(1.64830175328229,-2.23628338470785,0.));
#18368=CARTESIAN_POINT('Ctrl Pts',(1.64830175328229,-2.23628338470785,0.0001));
#18369=CARTESIAN_POINT('Ctrl Pts',(1.66370117545975,-2.25668761909297,0.));
#18370=CARTESIAN_POINT('Ctrl Pts',(1.66370117545975,-2.25668761909297,0.0001));
#18371=CARTESIAN_POINT('Ctrl Pts',(1.68622283039427,-2.26534979406779,0.));
#18372=CARTESIAN_POINT('Ctrl Pts',(1.68622283039427,-2.26534979406779,0.0001));
#18373=CARTESIAN_POINT('Ctrl Pts',(1.71528923975421,-2.27035460627546,0.));
#18374=CARTESIAN_POINT('Ctrl Pts',(1.71528923975421,-2.27035460627546,0.0001));
#18375=CARTESIAN_POINT('',(1.64830175328229,-2.22319387585702,0.));
#18376=CARTESIAN_POINT('Ctrl Pts',(1.71528923975421,-2.27035460627546,0.));
#18377=CARTESIAN_POINT('Ctrl Pts',(1.68622283039427,-2.26534979406779,0.));
#18378=CARTESIAN_POINT('Ctrl Pts',(1.66370117545975,-2.25668761909297,0.));
#18379=CARTESIAN_POINT('Ctrl Pts',(1.64830175328229,-2.23628338470785,0.));
#18380=CARTESIAN_POINT('Ctrl Pts',(1.64830175328229,-2.22319387585702,0.));
#18381=CARTESIAN_POINT('',(1.64830175328229,-2.22319387585702,0.0001));
#18382=CARTESIAN_POINT('Ctrl Pts',(1.64830175328229,-2.22319387585702,0.0001));
#18383=CARTESIAN_POINT('Ctrl Pts',(1.64830175328229,-2.23628338470785,0.0001));
#18384=CARTESIAN_POINT('Ctrl Pts',(1.66370117545975,-2.25668761909297,0.0001));
#18385=CARTESIAN_POINT('Ctrl Pts',(1.68622283039427,-2.26534979406779,0.0001));
#18386=CARTESIAN_POINT('Ctrl Pts',(1.71528923975421,-2.27035460627546,0.0001));
#18387=CARTESIAN_POINT('',(1.64830175328229,-2.22319387585702,0.));
#18388=CARTESIAN_POINT('Ctrl Pts',(1.71875410974413,-2.17795807321075,0.));
#18389=CARTESIAN_POINT('Ctrl Pts',(1.71875410974413,-2.17795807321075,0.0001));
#18390=CARTESIAN_POINT('Ctrl Pts',(1.69411503426021,-2.17795807321075,0.));
#18391=CARTESIAN_POINT('Ctrl Pts',(1.69411503426021,-2.17795807321075,0.0001));
#18392=CARTESIAN_POINT('Ctrl Pts',(1.66504862490027,-2.18816019040332,0.));
#18393=CARTESIAN_POINT('Ctrl Pts',(1.66504862490027,-2.18816019040332,0.0001));
#18394=CARTESIAN_POINT('Ctrl Pts',(1.64830175328229,-2.20894941034287,0.));
#18395=CARTESIAN_POINT('Ctrl Pts',(1.64830175328229,-2.20894941034287,0.0001));
#18396=CARTESIAN_POINT('Ctrl Pts',(1.64830175328229,-2.22319387585702,0.));
#18397=CARTESIAN_POINT('Ctrl Pts',(1.64830175328229,-2.22319387585702,0.0001));
#18398=CARTESIAN_POINT('',(1.71875410974413,-2.17795807321075,0.));
#18399=CARTESIAN_POINT('Ctrl Pts',(1.64830175328229,-2.22319387585702,0.));
#18400=CARTESIAN_POINT('Ctrl Pts',(1.64830175328229,-2.20894941034287,0.));
#18401=CARTESIAN_POINT('Ctrl Pts',(1.66504862490027,-2.18816019040332,0.));
#18402=CARTESIAN_POINT('Ctrl Pts',(1.69411503426021,-2.17795807321075,0.));
#18403=CARTESIAN_POINT('Ctrl Pts',(1.71875410974413,-2.17795807321075,0.));
#18404=CARTESIAN_POINT('',(1.71875410974413,-2.17795807321075,0.0001));
#18405=CARTESIAN_POINT('Ctrl Pts',(1.71875410974413,-2.17795807321075,0.0001));
#18406=CARTESIAN_POINT('Ctrl Pts',(1.69411503426021,-2.17795807321075,0.0001));
#18407=CARTESIAN_POINT('Ctrl Pts',(1.66504862490027,-2.18816019040332,0.0001));
#18408=CARTESIAN_POINT('Ctrl Pts',(1.64830175328229,-2.20894941034287,0.0001));
#18409=CARTESIAN_POINT('Ctrl Pts',(1.64830175328229,-2.22319387585702,0.0001));
#18410=CARTESIAN_POINT('',(1.71875410974413,-2.17795807321075,0.));
#18411=CARTESIAN_POINT('Ctrl Pts',(1.79132388675537,-2.2166491214316,0.));
#18412=CARTESIAN_POINT('Ctrl Pts',(1.79132388675537,-2.2166491214316,0.0001));
#18413=CARTESIAN_POINT('Ctrl Pts',(1.78593408899327,-2.20240465591746,0.));
#18414=CARTESIAN_POINT('Ctrl Pts',(1.78593408899327,-2.20240465591746,0.0001));
#18415=CARTESIAN_POINT('Ctrl Pts',(1.76937971015251,-2.1858502770767,0.));
#18416=CARTESIAN_POINT('Ctrl Pts',(1.76937971015251,-2.1858502770767,0.0001));
#18417=CARTESIAN_POINT('Ctrl Pts',(1.74474063466858,-2.17795807321075,0.));
#18418=CARTESIAN_POINT('Ctrl Pts',(1.74474063466858,-2.17795807321075,0.0001));
#18419=CARTESIAN_POINT('Ctrl Pts',(1.71875410974413,-2.17795807321075,0.));
#18420=CARTESIAN_POINT('Ctrl Pts',(1.71875410974413,-2.17795807321075,0.0001));
#18421=CARTESIAN_POINT('',(1.79132388675537,-2.2166491214316,0.));
#18422=CARTESIAN_POINT('Ctrl Pts',(1.71875410974413,-2.17795807321075,0.));
#18423=CARTESIAN_POINT('Ctrl Pts',(1.74474063466858,-2.17795807321075,0.));
#18424=CARTESIAN_POINT('Ctrl Pts',(1.76937971015251,-2.1858502770767,0.));
#18425=CARTESIAN_POINT('Ctrl Pts',(1.78593408899327,-2.20240465591746,0.));
#18426=CARTESIAN_POINT('Ctrl Pts',(1.79132388675537,-2.2166491214316,0.));
#18427=CARTESIAN_POINT('',(1.79132388675537,-2.2166491214316,0.0001));
#18428=CARTESIAN_POINT('Ctrl Pts',(1.79132388675537,-2.2166491214316,0.0001));
#18429=CARTESIAN_POINT('Ctrl Pts',(1.78593408899327,-2.20240465591746,0.0001));
#18430=CARTESIAN_POINT('Ctrl Pts',(1.76937971015251,-2.1858502770767,0.0001));
#18431=CARTESIAN_POINT('Ctrl Pts',(1.74474063466858,-2.17795807321075,0.0001));
#18432=CARTESIAN_POINT('Ctrl Pts',(1.71875410974413,-2.17795807321075,0.0001));
#18433=CARTESIAN_POINT('',(1.79132388675537,-2.2166491214316,0.));
#18434=CARTESIAN_POINT('Origin',(1.7385808657976,-2.22184642641649,0.));
#18435=CARTESIAN_POINT('',(1.7385808657976,-2.22184642641649,0.));
#18436=CARTESIAN_POINT('',(1.79132388675537,-2.2166491214316,0.));
#18437=CARTESIAN_POINT('',(1.7385808657976,-2.22184642641649,0.0001));
#18438=CARTESIAN_POINT('',(1.79132388675537,-2.2166491214316,0.0001));
#18439=CARTESIAN_POINT('',(1.7385808657976,-2.22184642641649,0.));
#18440=CARTESIAN_POINT('Ctrl Pts',(1.73184361859497,-2.21164430922393,0.));
#18441=CARTESIAN_POINT('Ctrl Pts',(1.73184361859497,-2.21164430922393,0.0001));
#18442=CARTESIAN_POINT('Ctrl Pts',(1.7364634452482,-2.21491668643664,0.));
#18443=CARTESIAN_POINT('Ctrl Pts',(1.7364634452482,-2.21491668643664,0.0001));
#18444=CARTESIAN_POINT('Ctrl Pts',(1.7385808657976,-2.22184642641649,0.));
#18445=CARTESIAN_POINT('Ctrl Pts',(1.7385808657976,-2.22184642641649,0.0001));
#18446=CARTESIAN_POINT('',(1.73184361859497,-2.21164430922393,0.));
#18447=CARTESIAN_POINT('Ctrl Pts',(1.7385808657976,-2.22184642641649,0.));
#18448=CARTESIAN_POINT('Ctrl Pts',(1.7364634452482,-2.21491668643664,0.));
#18449=CARTESIAN_POINT('Ctrl Pts',(1.73184361859497,-2.21164430922393,0.));
#18450=CARTESIAN_POINT('',(1.73184361859497,-2.21164430922393,0.0001));
#18451=CARTESIAN_POINT('Ctrl Pts',(1.73184361859497,-2.21164430922393,0.0001));
#18452=CARTESIAN_POINT('Ctrl Pts',(1.7364634452482,-2.21491668643664,0.0001));
#18453=CARTESIAN_POINT('Ctrl Pts',(1.7385808657976,-2.22184642641649,0.0001));
#18454=CARTESIAN_POINT('',(1.73184361859497,-2.21164430922393,0.));
#18455=CARTESIAN_POINT('Ctrl Pts',(1.71586671808586,-2.20721697534791,0.));
#18456=CARTESIAN_POINT('Ctrl Pts',(1.71586671808586,-2.20721697534791,0.0001));
#18457=CARTESIAN_POINT('Ctrl Pts',(1.72529886416955,-2.20721697534791,0.));
#18458=CARTESIAN_POINT('Ctrl Pts',(1.72529886416955,-2.20721697534791,0.0001));
#18459=CARTESIAN_POINT('Ctrl Pts',(1.73184361859497,-2.21164430922393,0.));
#18460=CARTESIAN_POINT('Ctrl Pts',(1.73184361859497,-2.21164430922393,0.0001));
#18461=CARTESIAN_POINT('',(1.71586671808586,-2.20721697534791,0.));
#18462=CARTESIAN_POINT('Ctrl Pts',(1.73184361859497,-2.21164430922393,0.));
#18463=CARTESIAN_POINT('Ctrl Pts',(1.72529886416955,-2.20721697534791,0.));
#18464=CARTESIAN_POINT('Ctrl Pts',(1.71586671808586,-2.20721697534791,0.));
#18465=CARTESIAN_POINT('',(1.71586671808586,-2.20721697534791,0.0001));
#18466=CARTESIAN_POINT('Ctrl Pts',(1.71586671808586,-2.20721697534791,0.0001));
#18467=CARTESIAN_POINT('Ctrl Pts',(1.72529886416955,-2.20721697534791,0.0001));
#18468=CARTESIAN_POINT('Ctrl Pts',(1.73184361859497,-2.21164430922393,0.0001));
#18469=CARTESIAN_POINT('',(1.71586671808586,-2.20721697534791,0.));
#18470=CARTESIAN_POINT('Ctrl Pts',(1.69796488980458,-2.218766541981,0.));
#18471=CARTESIAN_POINT('Ctrl Pts',(1.69796488980458,-2.218766541981,0.0001));
#18472=CARTESIAN_POINT('Ctrl Pts',(1.69796488980458,-2.21395422255055,0.));
#18473=CARTESIAN_POINT('Ctrl Pts',(1.69796488980458,-2.21395422255055,0.0001));
#18474=CARTESIAN_POINT('Ctrl Pts',(1.70662706477939,-2.20721697534791,0.));
#18475=CARTESIAN_POINT('Ctrl Pts',(1.70662706477939,-2.20721697534791,0.0001));
#18476=CARTESIAN_POINT('Ctrl Pts',(1.71586671808586,-2.20721697534791,0.));
#18477=CARTESIAN_POINT('Ctrl Pts',(1.71586671808586,-2.20721697534791,0.0001));
#18478=CARTESIAN_POINT('',(1.69796488980458,-2.218766541981,0.));
#18479=CARTESIAN_POINT('Ctrl Pts',(1.71586671808586,-2.20721697534791,0.));
#18480=CARTESIAN_POINT('Ctrl Pts',(1.70662706477939,-2.20721697534791,0.));
#18481=CARTESIAN_POINT('Ctrl Pts',(1.69796488980458,-2.21395422255055,0.));
#18482=CARTESIAN_POINT('Ctrl Pts',(1.69796488980458,-2.218766541981,0.));
#18483=CARTESIAN_POINT('',(1.69796488980458,-2.218766541981,0.0001));
#18484=CARTESIAN_POINT('Ctrl Pts',(1.69796488980458,-2.218766541981,0.0001));
#18485=CARTESIAN_POINT('Ctrl Pts',(1.69796488980458,-2.21395422255055,0.0001));
#18486=CARTESIAN_POINT('Ctrl Pts',(1.70662706477939,-2.20721697534791,0.0001));
#18487=CARTESIAN_POINT('Ctrl Pts',(1.71586671808586,-2.20721697534791,0.0001));
#18488=CARTESIAN_POINT('',(1.69796488980458,-2.218766541981,0.));
#18489=CARTESIAN_POINT('Ctrl Pts',(1.7035471803439,-2.22665874584694,0.));
#18490=CARTESIAN_POINT('Ctrl Pts',(1.7035471803439,-2.22665874584694,0.0001));
#18491=CARTESIAN_POINT('Ctrl Pts',(1.69796488980458,-2.22396384696589,0.));
#18492=CARTESIAN_POINT('Ctrl Pts',(1.69796488980458,-2.22396384696589,0.0001));
#18493=CARTESIAN_POINT('Ctrl Pts',(1.69796488980458,-2.218766541981,0.));
#18494=CARTESIAN_POINT('Ctrl Pts',(1.69796488980458,-2.218766541981,0.0001));
#18495=CARTESIAN_POINT('',(1.7035471803439,-2.22665874584694,0.));
#18496=CARTESIAN_POINT('Ctrl Pts',(1.69796488980458,-2.218766541981,0.));
#18497=CARTESIAN_POINT('Ctrl Pts',(1.69796488980458,-2.22396384696589,0.));
#18498=CARTESIAN_POINT('Ctrl Pts',(1.7035471803439,-2.22665874584694,0.));
#18499=CARTESIAN_POINT('',(1.7035471803439,-2.22665874584694,0.0001));
#18500=CARTESIAN_POINT('Ctrl Pts',(1.7035471803439,-2.22665874584694,0.0001));
#18501=CARTESIAN_POINT('Ctrl Pts',(1.69796488980458,-2.22396384696589,0.0001));
#18502=CARTESIAN_POINT('Ctrl Pts',(1.69796488980458,-2.218766541981,0.0001));
#18503=CARTESIAN_POINT('',(1.7035471803439,-2.22665874584694,0.));
#18504=CARTESIAN_POINT('Ctrl Pts',(1.72722379194173,-2.23166355805462,0.));
#18505=CARTESIAN_POINT('Ctrl Pts',(1.72722379194173,-2.23166355805462,0.0001));
#18506=CARTESIAN_POINT('Ctrl Pts',(1.70893697810601,-2.22954613750522,0.));
#18507=CARTESIAN_POINT('Ctrl Pts',(1.70893697810601,-2.22954613750522,0.0001));
#18508=CARTESIAN_POINT('Ctrl Pts',(1.7035471803439,-2.22665874584694,0.));
#18509=CARTESIAN_POINT('Ctrl Pts',(1.7035471803439,-2.22665874584694,0.0001));
#18510=CARTESIAN_POINT('',(1.72722379194173,-2.23166355805462,0.));
#18511=CARTESIAN_POINT('Ctrl Pts',(1.7035471803439,-2.22665874584694,0.));
#18512=CARTESIAN_POINT('Ctrl Pts',(1.70893697810601,-2.22954613750522,0.));
#18513=CARTESIAN_POINT('Ctrl Pts',(1.72722379194173,-2.23166355805462,0.));
#18514=CARTESIAN_POINT('',(1.72722379194173,-2.23166355805462,0.0001));
#18515=CARTESIAN_POINT('Ctrl Pts',(1.72722379194173,-2.23166355805462,0.0001));
#18516=CARTESIAN_POINT('Ctrl Pts',(1.70893697810601,-2.22954613750522,0.0001));
#18517=CARTESIAN_POINT('Ctrl Pts',(1.7035471803439,-2.22665874584694,0.0001));
#18518=CARTESIAN_POINT('',(1.72722379194173,-2.23166355805462,0.));
#18519=CARTESIAN_POINT('Ctrl Pts',(1.79632869896305,-2.27901678125028,0.));
#18520=CARTESIAN_POINT('Ctrl Pts',(1.79632869896305,-2.27901678125028,0.0001));
#18521=CARTESIAN_POINT('Ctrl Pts',(1.79632869896305,-2.26669724350832,0.));
#18522=CARTESIAN_POINT('Ctrl Pts',(1.79632869896305,-2.26669724350832,0.0001));
#18523=CARTESIAN_POINT('Ctrl Pts',(1.7820842334489,-2.24590802356876,0.));
#18524=CARTESIAN_POINT('Ctrl Pts',(1.7820842334489,-2.24590802356876,0.0001));
#18525=CARTESIAN_POINT('Ctrl Pts',(1.75494275186115,-2.23474344249011,0.));
#18526=CARTESIAN_POINT('Ctrl Pts',(1.75494275186115,-2.23474344249011,0.0001));
#18527=CARTESIAN_POINT('Ctrl Pts',(1.72722379194173,-2.23166355805462,0.));
#18528=CARTESIAN_POINT('Ctrl Pts',(1.72722379194173,-2.23166355805462,0.0001));
#18529=CARTESIAN_POINT('',(1.79632869896305,-2.27901678125028,0.));
#18530=CARTESIAN_POINT('Ctrl Pts',(1.72722379194173,-2.23166355805462,0.));
#18531=CARTESIAN_POINT('Ctrl Pts',(1.75494275186115,-2.23474344249011,0.));
#18532=CARTESIAN_POINT('Ctrl Pts',(1.7820842334489,-2.24590802356876,0.));
#18533=CARTESIAN_POINT('Ctrl Pts',(1.79632869896305,-2.26669724350832,0.));
#18534=CARTESIAN_POINT('Ctrl Pts',(1.79632869896305,-2.27901678125028,0.));
#18535=CARTESIAN_POINT('',(1.79632869896305,-2.27901678125028,0.0001));
#18536=CARTESIAN_POINT('Ctrl Pts',(1.79632869896305,-2.27901678125028,0.0001));
#18537=CARTESIAN_POINT('Ctrl Pts',(1.79632869896305,-2.26669724350832,0.0001));
#18538=CARTESIAN_POINT('Ctrl Pts',(1.7820842334489,-2.24590802356876,0.0001));
#18539=CARTESIAN_POINT('Ctrl Pts',(1.75494275186115,-2.23474344249011,0.0001));
#18540=CARTESIAN_POINT('Ctrl Pts',(1.72722379194173,-2.23166355805462,0.0001));
#18541=CARTESIAN_POINT('',(1.79632869896305,-2.27901678125028,0.));
#18542=CARTESIAN_POINT('Ctrl Pts',(1.7204865447391,-2.32944988888143,0.));
#18543=CARTESIAN_POINT('Ctrl Pts',(1.7204865447391,-2.32944988888143,0.0001));
#18544=CARTESIAN_POINT('Ctrl Pts',(1.74859049021295,-2.32944988888143,0.));
#18545=CARTESIAN_POINT('Ctrl Pts',(1.74859049021295,-2.32944988888143,0.0001));
#18546=CARTESIAN_POINT('Ctrl Pts',(1.78112176956281,-2.31539791614451,0.));
#18547=CARTESIAN_POINT('Ctrl Pts',(1.78112176956281,-2.31539791614451,0.0001));
#18548=CARTESIAN_POINT('Ctrl Pts',(1.79632869896305,-2.29172130454668,0.));
#18549=CARTESIAN_POINT('Ctrl Pts',(1.79632869896305,-2.29172130454668,0.0001));
#18550=CARTESIAN_POINT('Ctrl Pts',(1.79632869896305,-2.27901678125028,0.));
#18551=CARTESIAN_POINT('Ctrl Pts',(1.79632869896305,-2.27901678125028,0.0001));
#18552=CARTESIAN_POINT('',(1.7204865447391,-2.32944988888143,0.));
#18553=CARTESIAN_POINT('Ctrl Pts',(1.79632869896305,-2.27901678125028,0.));
#18554=CARTESIAN_POINT('Ctrl Pts',(1.79632869896305,-2.29172130454668,0.));
#18555=CARTESIAN_POINT('Ctrl Pts',(1.78112176956281,-2.31539791614451,0.));
#18556=CARTESIAN_POINT('Ctrl Pts',(1.74859049021295,-2.32944988888143,0.));
#18557=CARTESIAN_POINT('Ctrl Pts',(1.7204865447391,-2.32944988888143,0.));
#18558=CARTESIAN_POINT('',(1.7204865447391,-2.32944988888143,0.0001));
#18559=CARTESIAN_POINT('Ctrl Pts',(1.7204865447391,-2.32944988888143,0.0001));
#18560=CARTESIAN_POINT('Ctrl Pts',(1.74859049021295,-2.32944988888143,0.0001));
#18561=CARTESIAN_POINT('Ctrl Pts',(1.78112176956281,-2.31539791614451,0.0001));
#18562=CARTESIAN_POINT('Ctrl Pts',(1.79632869896305,-2.29172130454668,0.0001));
#18563=CARTESIAN_POINT('Ctrl Pts',(1.79632869896305,-2.27901678125028,0.0001));
#18564=CARTESIAN_POINT('',(1.7204865447391,-2.32944988888143,0.));
#18565=CARTESIAN_POINT('Ctrl Pts',(1.64214198441131,-2.28594652123013,0.));
#18566=CARTESIAN_POINT('Ctrl Pts',(1.64214198441131,-2.28594652123013,0.0001));
#18567=CARTESIAN_POINT('Ctrl Pts',(1.64695430384177,-2.30673574116969,0.));
#18568=CARTESIAN_POINT('Ctrl Pts',(1.64695430384177,-2.30673574116969,0.0001));
#18569=CARTESIAN_POINT('Ctrl Pts',(1.68064053985494,-2.32944988888143,0.));
#18570=CARTESIAN_POINT('Ctrl Pts',(1.68064053985494,-2.32944988888143,0.0001));
#18571=CARTESIAN_POINT('Ctrl Pts',(1.7204865447391,-2.32944988888143,0.));
#18572=CARTESIAN_POINT('Ctrl Pts',(1.7204865447391,-2.32944988888143,0.0001));
#18573=CARTESIAN_POINT('',(1.64214198441131,-2.28594652123013,0.));
#18574=CARTESIAN_POINT('Ctrl Pts',(1.7204865447391,-2.32944988888143,0.));
#18575=CARTESIAN_POINT('Ctrl Pts',(1.68064053985494,-2.32944988888143,0.));
#18576=CARTESIAN_POINT('Ctrl Pts',(1.64695430384177,-2.30673574116969,0.));
#18577=CARTESIAN_POINT('Ctrl Pts',(1.64214198441131,-2.28594652123013,0.));
#18578=CARTESIAN_POINT('',(1.64214198441131,-2.28594652123013,0.0001));
#18579=CARTESIAN_POINT('Ctrl Pts',(1.64214198441131,-2.28594652123013,0.0001));
#18580=CARTESIAN_POINT('Ctrl Pts',(1.64695430384177,-2.30673574116969,0.0001));
#18581=CARTESIAN_POINT('Ctrl Pts',(1.68064053985494,-2.32944988888143,0.0001));
#18582=CARTESIAN_POINT('Ctrl Pts',(1.7204865447391,-2.32944988888143,0.0001));
#18583=CARTESIAN_POINT('',(1.64214198441131,-2.28594652123013,0.));
#18584=CARTESIAN_POINT('Origin',(1.6971949186957,-2.28074921624524,0.));
#18585=CARTESIAN_POINT('',(1.64214198441131,-2.28594652123013,0.));
#18586=CARTESIAN_POINT('',(1.64214198441131,-2.28594652123013,0.0001));
#18587=CARTESIAN_POINT('Origin',(1.71978391848831,-2.25385161728432,0.));
#18588=CARTESIAN_POINT('Origin',(1.71978391848831,-2.25385161728432,0.0001));
#18589=CARTESIAN_POINT('',(0.,0.,0.));
#18590=CARTESIAN_POINT('',(0.,0.,-0.13));
#18591=CARTESIAN_POINT('',(0.,0.,1.));
#18592=UNCERTAINTY_MEASURE_WITH_UNIT(LENGTH_MEASURE(0.01),#18602,
'DISTANCE_ACCURACY_VALUE',
'Maximum model space distance between geometric entities at asserted c
onnectivities');
#18593=UNCERTAINTY_MEASURE_WITH_UNIT(LENGTH_MEASURE(0.01),#18602,
'DISTANCE_ACCURACY_VALUE',
'Maximum model space distance between geometric entities at asserted c
onnectivities');
#18594=UNCERTAINTY_MEASURE_WITH_UNIT(LENGTH_MEASURE(0.01),#18602,
'DISTANCE_ACCURACY_VALUE',
'Maximum model space distance between geometric entities at asserted c
onnectivities');
#18595=UNCERTAINTY_MEASURE_WITH_UNIT(LENGTH_MEASURE(0.01),#18602,
'DISTANCE_ACCURACY_VALUE',
'Maximum model space distance between geometric entities at asserted c
onnectivities');
#18596=UNCERTAINTY_MEASURE_WITH_UNIT(LENGTH_MEASURE(0.01),#18602,
'DISTANCE_ACCURACY_VALUE',
'Maximum model space distance between geometric entities at asserted c
onnectivities');
#18597=(
GEOMETRIC_REPRESENTATION_CONTEXT(3)
GLOBAL_UNCERTAINTY_ASSIGNED_CONTEXT((#18592))
GLOBAL_UNIT_ASSIGNED_CONTEXT((#18602,#18605,#18604))
REPRESENTATION_CONTEXT('','3D')
);
#18598=(
GEOMETRIC_REPRESENTATION_CONTEXT(3)
GLOBAL_UNCERTAINTY_ASSIGNED_CONTEXT((#18593))
GLOBAL_UNIT_ASSIGNED_CONTEXT((#18602,#18605,#18604))
REPRESENTATION_CONTEXT('','3D')
);
#18599=(
GEOMETRIC_REPRESENTATION_CONTEXT(3)
GLOBAL_UNCERTAINTY_ASSIGNED_CONTEXT((#18594))
GLOBAL_UNIT_ASSIGNED_CONTEXT((#18602,#18605,#18604))
REPRESENTATION_CONTEXT('','3D')
);
#18600=(
GEOMETRIC_REPRESENTATION_CONTEXT(3)
GLOBAL_UNCERTAINTY_ASSIGNED_CONTEXT((#18595))
GLOBAL_UNIT_ASSIGNED_CONTEXT((#18602,#18605,#18604))
REPRESENTATION_CONTEXT('','3D')
);
#18601=(
GEOMETRIC_REPRESENTATION_CONTEXT(3)
GLOBAL_UNCERTAINTY_ASSIGNED_CONTEXT((#18596))
GLOBAL_UNIT_ASSIGNED_CONTEXT((#18602,#18605,#18604))
REPRESENTATION_CONTEXT('','3D')
);
#18602=(
LENGTH_UNIT()
NAMED_UNIT(*)
SI_UNIT(.MILLI.,.METRE.)
);
#18603=(
LENGTH_UNIT()
NAMED_UNIT(*)
SI_UNIT(.CENTI.,.METRE.)
);
#18604=(
NAMED_UNIT(*)
SI_UNIT($,.STERADIAN.)
SOLID_ANGLE_UNIT()
);
#18605=(
NAMED_UNIT(*)
PLANE_ANGLE_UNIT()
SI_UNIT($,.RADIAN.)
);
#18606=SHAPE_DEFINITION_REPRESENTATION(#18610,#18617);
#18607=SHAPE_DEFINITION_REPRESENTATION(#18611,#18618);
#18608=SHAPE_DEFINITION_REPRESENTATION(#18612,#18619);
#18609=SHAPE_DEFINITION_REPRESENTATION(#18613,#18620);
#18610=PRODUCT_DEFINITION_SHAPE('',$,#18622);
#18611=PRODUCT_DEFINITION_SHAPE('',$,#18623);
#18612=PRODUCT_DEFINITION_SHAPE('',$,#18624);
#18613=PRODUCT_DEFINITION_SHAPE('',$,#18625);
#18614=PRODUCT_DEFINITION_SHAPE($,$,#20);
#18615=PRODUCT_DEFINITION_SHAPE($,$,#21);
#18616=PRODUCT_DEFINITION_SHAPE($,$,#22);
#18617=SHAPE_REPRESENTATION('',(#10918,#11306,#11307,#11308),#18597);
#18618=SHAPE_REPRESENTATION('',(#10919),#18598);
#18619=SHAPE_REPRESENTATION('',(#10932),#18599);
#18620=SHAPE_REPRESENTATION('',(#11101),#18600);
#18621=PRODUCT_DEFINITION_CONTEXT('part definition',#18635,'design');
#18622=PRODUCT_DEFINITION('BNO085','BNO085',#18626,#18621);
#18623=PRODUCT_DEFINITION('body','body',#18627,#18621);
#18624=PRODUCT_DEFINITION('pads','pads',#18628,#18621);
#18625=PRODUCT_DEFINITION('txt','txt',#18629,#18621);
#18626=PRODUCT_DEFINITION_FORMATION('',$,#18637);
#18627=PRODUCT_DEFINITION_FORMATION('',$,#18638);
#18628=PRODUCT_DEFINITION_FORMATION('',$,#18639);
#18629=PRODUCT_DEFINITION_FORMATION('',$,#18640);
#18630=PRODUCT_RELATED_PRODUCT_CATEGORY('BNO085','BNO085',(#18637));
#18631=PRODUCT_RELATED_PRODUCT_CATEGORY('body','body',(#18638));
#18632=PRODUCT_RELATED_PRODUCT_CATEGORY('pads','pads',(#18639));
#18633=PRODUCT_RELATED_PRODUCT_CATEGORY('txt','txt',(#18640));
#18634=APPLICATION_PROTOCOL_DEFINITION('international standard',
'automotive_design',2009,#18635);
#18635=APPLICATION_CONTEXT(
'Core Data for Automotive Mechanical Design Process');
#18636=PRODUCT_CONTEXT('part definition',#18635,'mechanical');
#18637=PRODUCT('BNO085','BNO085',$,(#18636));
#18638=PRODUCT('body','body',$,(#18636));
#18639=PRODUCT('pads','pads',$,(#18636));
#18640=PRODUCT('txt','txt',$,(#18636));
ENDSEC;
END-ISO-10303-21;
