capture_id,protocol,motion,gps_time,uwb_time,delta_ms,uwb_east_m,uwb_north_m,rtk_east_m,rtk_north_m,error_east_m,error_north_m,error_m,gps_fix_age_ms,gps_speed_mps,position_sigma_m,position_rms_m,geometry_version,alignment_version,alignment_exact_version,alignment_age_s,debiased_error_m
rpi_static_flextdoa_rtkfixed_180s,flextdoa,static,1786051291.3083994,1786051291.2961771,-12.2222900390625,-0.07513614323990958,0.7170516383900694,0.004785173422923394,0.6767217002312103,-0.07992131666283298,0.0403299381588591,0.08952050474063594,10.0,0.0,0.223,0.223,98,98,True,0.050887346267700195,0.007510980459456033
rpi_static_flextdoa_rtkfixed_180s,flextdoa,static,1786051292.3132489,1786051292.3229403,9.691476821899414,-0.03513638262087748,0.7290524362977147,0.003987644279347002,0.6833889091097539,-0.039124026900224484,0.04566352718796074,0.06013191495483176,10.0,0.0,0.166,0.166,98,98,True,0.21195626258850098,0.034077752720349117
rpi_static_flextdoa_rtkfixed_180s,flextdoa,static,1786051293.8453476,1786051293.883913,38.56539726257324,-0.054135844027825786,0.7020520572958207,-0.0007975284835621266,0.6778329019000967,-0.05333831554426366,0.024219155395723946,0.058579376858939554,40.0,0.0,0.202,0.202,98,98,True,0.3437020778656006,0.027671189287636268
rpi_static_flextdoa_rtkfixed_180s,flextdoa,static,1786051295.36767,1786051295.3498802,-17.789840698242188,-0.039136023560567335,0.711052356510292,0.002392586531154789,0.6789441038121087,-0.041528610091722123,0.03210825269818329,0.05249347909484262,60.0,0.0,0.226,0.226,98,98,True,0.2509951591491699,0.03361531667796183
rpi_static_flextdoa_rtkfixed_180s,flextdoa,static,1786051296.9434156,1786051296.94654,3.1244754791259766,-0.03813620309052346,0.7200523764562528,0.003987644342272723,0.6744992978047359,-0.04212384743279618,0.04555307865151681,0.06204435104965452,80.0,0.0,0.187,0.187,98,98,True,0.26376986503601074,0.03107694619890793
rpi_static_flextdoa_rtkfixed_180s,flextdoa,static,1786051298.5731885,1786051298.582259,9.070396423339844,-0.06713608339824884,0.7140517979726733,0.0007975289150684572,0.6856113121505176,-0.0679336123133173,0.028440485822155637,0.07364670335959601,10.0,0.0,0.236,0.236,98,98,True,0.10621953010559082,0.015981475248612636
rpi_static_flextdoa_rtkfixed_180s,flextdoa,static,1786051300.1454127,1786051300.1397023,-5.710363388061523,-0.07513648235167303,0.7340516383866875,0.0031901156460739655,0.6767217004041607,-0.078326597997747,0.057329937982526835,0.09706584230810052,20.0,0.0,0.199,0.199,98,98,True,0.4206559658050537,0.014723703981556735
rpi_static_flextdoa_rtkfixed_180s,flextdoa,static,1786051301.6691082,1786051301.6842144,15.106201171875,-0.09013598365491893,0.7090513391753994,0.005582702268040779,0.6689432900456702,-0.0957186859229597,0.040108049129729206,0.1037820911323865,40.0,0.0,0.229,0.229,98,98,True,0.12956833839416504,0.022843435843481336
rpi_static_flextdoa_rtkfixed_180s,flextdoa,static,1786051303.1475563,1786051303.1363542,-11.202096939086914,-0.1051361831294425,0.7190510399571481,0.0047851732473810915,0.6756104977728699,-0.1099213563768236,0.043440542184278286,0.11819384625683657,70.0,0.0,0.196,0.196,98,98,True,0.3163034915924072,0.036785260739204365
rpi_static_flextdoa_rtkfixed_180s,flextdoa,static,1786051304.7474139,1786051304.7253864,-22.02749252319336,-0.0871365022970364,0.7350513990134786,0.003987644376541283,0.6700544919703137,-0.09112414667357768,0.06499690704316485,0.1119294779410925,0.0,0.0,0.233,0.233,98,98,True,0.0748755931854248,0.02799059455057249
rpi_static_flextdoa_rtkfixed_180s,flextdoa,static,1786051306.208529,1786051306.2113118,2.7828216552734375,-0.06913684141238119,0.7520517580696113,0.00558270210479353,0.6767217000340183,-0.07471954351717472,0.075330058035593,0.10610196900652116,80.0,0.0,0.228,0.228,98,98,True,0.423051118850708,0.03181806645907143
rpi_static_flextdoa_rtkfixed_180s,flextdoa,static,1786051307.8792853,1786051307.8769155,-2.3698806762695312,-0.08513684140919786,0.7520514389055988,0.0039876442670519485,0.6744992966630654,-0.08912448567624981,0.07755214224253337,0.1181419007527058,20.0,0.0,0.198,0.198,98,98,True,3.24249267578125e-05,0.037572239461323556
rpi_static_flextdoa_rtkfixed_180s,flextdoa,static,1786051309.5063083,1786051309.5032618,-3.0465126037597656,-0.06413624298085208,0.7220518578143338,0.0007975287189644908,0.6744992966451397,-0.06493377169981657,0.04755256116919404,0.08048379203860763,20.0,0.0,0.219,0.219,98,98,True,0.44689488410949707,0.009126340038508454
rpi_static_flextdoa_rtkfixed_180s,flextdoa,static,1786051311.0202892,1786051311.0302055,9.916305541992188,-0.07213588391974601,0.7040516982359089,0.003987644381702016,0.6733880955775023,-0.07612352830144803,0.030663602658406508,0.0820673387472385,40.0,0.0,0.246,0.246,98,98,True,0.05958867073059082,0.013229485688889
rpi_static_flextdoa_rtkfixed_180s,flextdoa,static,1786051312.0611472,1786051312.0453982,-15.748977661132812,-0.06013628287714956,0.7240519376049397,0.002392586531154789,0.6789441038121087,-0.06252886940830435,0.04510783379283101,0.07710107767704967,60.0,0.0,0.202,0.202,98,98,True,0.05389904975891113,0.010720972563241829
rpi_static_flextdoa_rtkfixed_180s,flextdoa,static,1786051313.6154585,1786051313.6072726,-8.185863494873047,-0.06813644245756423,0.7320517780213418,0.004785173322601893,0.6756104989145404,-0.07292161578016612,0.05644127910680141,0.09221268912249567,70.0,0.0,0.241,0.241,98,98,True,0.4527900218963623,0.012891657811043756
rpi_static_flextdoa_rtkfixed_180s,flextdoa,static,1786051315.1758482,1786051315.1443489,-31.499385833740234,-0.07013572433813775,0.6960517381330016,0.0031901155314238983,0.6778329021558538,-0.07332583986956165,0.018218835977147796,0.07555530938947184,100.0,0.0,0.193,0.193,98,98,True,0.10590410232543945,0.025333281728619594
rpi_static_flextdoa_rtkfixed_180s,flextdoa,static,1786051316.8261094,1786051316.8221128,-3.996610641479492,-0.044136262932582104,0.7230522567691509,0.002392586650965617,0.6811665056676043,-0.04652884958354772,0.041885751101546576,0.06260471219412417,20.0,0.0,0.213,0.213,98,98,True,0.23625445365905762,0.02665949825484123
rpi_static_flextdoa_rtkfixed_180s,flextdoa,static,1786051318.3738685,1786051318.378586,4.717588424682617,-0.07313626292681219,0.7230516782843779,-2.2041243830095425e-10,0.6778329018452982,-0.07313626270639975,0.04521877643907968,0.08598633999250688,30.0,0.0,0.217,0.217,98,98,True,0.3202228546142578,0.0016673680769406785
rpi_static_flextdoa_rtkfixed_180s,flextdoa,static,1786051319.900505,1786051319.914914,14.40882682800293,-0.05313658209480421,0.7390520772362104,-1.0576234332759782e-10,0.6767217000936052,-0.053136581989041864,0.06233037714260514,0.0819058743938282,40.0,0.0,0.192,0.192,98,98,True,0.13131237030029297,0.027434228570418724
rpi_static_flextdoa_rtkfixed_180s,flextdoa,static,1786051321.4063532,1786051321.387709,-18.644332885742188,-0.06313648235406055,0.7340518777596978,0.002392586531154789,0.6789441038121087,-0.06552906888521534,0.055107773947589145,0.08562082467730547,60.0,0.0,0.155,0.155,98,98,True,0.3310399055480957,0.013835424943876597
rpi_static_flextdoa_rtkfixed_180s,flextdoa,static,1786051322.9361372,1786051322.938243,2.105712890625,-0.07513674167243345,0.747051638384101,0.0015950577740638239,0.67894410286763,-0.07673179944649727,0.06810753551647108,0.10259827211227707,80.0,0.0,0.237,0.237,98,98,True,0.18233966827392578,0.024817962552738222
rpi_static_flextdoa_rtkfixed_180s,flextdoa,static,1786051324.5066473,1786051324.5019798,-4.667520523071289,-0.06413614324209815,0.7170518578153287,0.0031901154167738033,0.6789441039075468,-0.06732625865887196,0.03810775390778187,0.07736294987199878,20.0,0.0,0.193,0.193,98,98,True,0.3737804889678955,0.007961753629115357
rpi_static_flextdoa_rtkfixed_180s,flextdoa,static,1786051326.0989475,1786051326.1062126,7.2650909423828125,-0.07213620308375879,0.7200516982327256,0.0047851733082732995,0.6778329019829032,-0.07692137639203209,0.04221879624982239,0.08774579706646175,10.0,0.0,0.214,0.214,98,98,True,0.05693244934082031,0.004012846951361856
rpi_static_flextdoa_rtkfixed_180s,flextdoa,static,1786051327.5789526,1786051327.5633843,-15.568256378173828,-0.0771362429782656,0.7220515984935734,0.0015950577402458754,0.680055304731037,-0.07873130071851148,0.04199629376253633,0.08923175669355576,10.0,0.0,0.208,0.208,98,98,True,0.36986756324768066,0.00580713628003274
rpi_static_flextdoa_rtkfixed_180s,flextdoa,static,1786051329.1030989,1786051329.1072958,4.196882247924805,-0.10313682145786585,0.7510510798462828,0.003190115611805433,0.681166506904713,-0.10632693706967128,0.0698845729415698,0.12723706646195293,30.0,0.0,0.203,0.203,98,98,True,0.13261914253234863,0.04236810618208134
rpi_static_flextdoa_rtkfixed_180s,flextdoa,static,1786051330.5626907,1786051330.5733967,10.705947875976562,-0.06613588392093983,0.7040518179224131,0.0031901156460739655,0.6767217004041607,-0.0693259995670138,0.027330117518252428,0.07451865229274537,90.0,0.0,0.208,0.208,98,98,True,0.31775355339050293,0.016662784336158278
rpi_static_flextdoa_rtkfixed_180s,flextdoa,static,1786051332.1534326,1786051332.1390638,-14.368772506713867,-0.05413753958664336,0.7870520572789097,0.0031901154167738033,0.6789441039075468,-0.05732765500341716,0.10810795337136292,0.12236743688717028,70.0,0.0,0.198,0.198,98,98,True,0.19111418724060059,0.06646397205279529
rpi_static_flextdoa_rtkfixed_180s,flextdoa,static,1786051333.7813818,1786051333.791558,10.17618179321289,-0.07713642250802277,0.7310515984917831,0.002392586774783545,0.6744992979064899,-0.07952900928280632,0.05655230058529326,0.09758599294465396,10.0,0.0,0.181,0.181,98,98,True,0.4483206272125244,0.014487594948376724
rpi_static_flextdoa_rtkfixed_180s,flextdoa,static,1786051335.293938,1786051335.277082,-16.855955123901367,-0.0681363427188103,0.7270517780223358,0.0031901155708531914,0.67672169926249,-0.0713264582896635,0.05033007875984574,0.08729593621766928,10.0,0.0,0.186,0.186,98,98,True,0.07937073707580566,0.0070161074954410265
rpi_static_flextdoa_rtkfixed_180s,flextdoa,static,1786051336.8239162,1786051336.8459957,22.0794677734375,-0.06313672172707008,0.74605187775731,0.003987644293675596,0.6811665067075211,-0.06712436602074567,0.06488537104978886,0.09335840556669664,50.0,0.0,0.209,0.209,98,98,True,0.4964754581451416,0.022164856546276476
rpi_static_flextdoa_rtkfixed_180s,flextdoa,static,1786051338.3612754,1786051338.3653982,4.122734069824219,-0.07813606344830948,0.7130515785476135,0.003987644213294034,0.6778329019586619,-0.08212370766160351,0.035218676588951614,0.08935691658045103,30.0,0.0,0.224,0.224,98,98,True,0.07663249969482422,0.01225596122818215
rpi_static_flextdoa_rtkfixed_180s,flextdoa,static,1786051339.8869157,1786051339.8684077,-18.507957458496094,-0.07413638261311806,0.7290516583354334,0.00717776009926982,0.6778329010563501,-0.08131414271238788,0.051218757279083316,0.09610073309951507,60.0,0.0,0.207,0.207,98,98,True,0.4532468318939209,0.011210082997306824
rpi_static_flextdoa_rtkfixed_180s,flextdoa,static,1786051341.439231,1786051341.4728405,33.609628677368164,-0.062136223033499305,0.7210518977100344,0.004785173374326268,0.6833889091339953,-0.06692139640782557,0.037662988576039114,0.07679175740697815,60.0,0.0,0.208,0.208,98,98,True,3.266334533691406e-05,0.008561428075180316
rpi_static_flextdoa_rtkfixed_180s,flextdoa,static,1786051343.0307899,1786051343.0246105,-6.179332733154297,-0.08113664193248571,0.7420515186985917,0.004785173374326268,0.6833889091339953,-0.08592181530681198,0.058662609564596346,0.10403778211085711,20.0,0.0,0.201,0.201,98,98,True,0.4565436840057373,0.01979441226909898
rpi_static_flextdoa_rtkfixed_180s,flextdoa,static,1786051344.0689905,1786051344.074012,5.021572113037109,-0.0701362030841568,0.7200517381282268,0.0071777600506726935,0.6845001092930052,-0.0773139631348295,0.03555162883522156,0.085096223232592,30.0,0.0,0.216,0.216,98,98,True,0.3631608486175537,0.00902494616875854
rpi_static_flextdoa_rtkfixed_180s,flextdoa,static,1786051345.636723,1786051345.6606922,23.969173431396484,-0.05513664193765866,0.7420520373401125,0.005582702051035671,0.6800553059957448,-0.06071934398869433,0.06199673134436767,0.08677806999353634,10.0,0.0,0.169,0.169,98,98,True,0.16268062591552734,0.022235327979610208
rpi_static_flextdoa_rtkfixed_180s,flextdoa,static,1786051347.225447,1786051347.2292323,3.785371780395508,-0.06813592381604361,0.7060517780265139,0.0047851733082732995,0.6778329019829032,-0.07292109712431691,0.02821887604361062,0.07819073711750466,30.0,0.0,0.219,0.219,98,98,True,0.2950119972229004,0.015334041982674702
rpi_static_flextdoa_rtkfixed_180s,flextdoa,static,1786051348.749449,1786051348.7314963,-17.952680587768555,-0.053135963714529555,0.7080520772423782,0.003190115523157261,0.6767217008893748,-0.056326079237686816,0.0313303763530034,0.06445323641766182,60.0,0.0,0.223,0.223,98,98,True,0.19016671180725098,0.020783067425673877
rpi_static_flextdoa_rtkfixed_180s,flextdoa,static,1786051350.2782187,1786051350.268028,-10.190725326538086,-0.04213574429145939,0.6970522966698258,0.007177760131054228,0.6878337140418644,-0.049313504422513615,0.00921858262796138,0.05016775841212981,70.0,0.0,0.207,0.207,98,98,True,0.29688072204589844,0.041788356454231054
rpi_static_flextdoa_rtkfixed_180s,flextdoa,static,1786051351.8567157,1786051351.8609657,4.250049591064453,-0.08413582407410625,0.7010514588634962,0.0031901155314238983,0.6778329021558538,-0.08732593960553015,0.02321855670764239,0.09035995298568224,90.0,0.0,0.202,0.202,98,98,True,0.2894303798675537,0.02479459188826225
rpi_static_flextdoa_rtkfixed_180s,flextdoa,static,1786051353.4900284,1786051353.4838636,-6.164789199829102,-0.05413664193785761,0.7420520572878626,0.0055827020709755815,0.6778329025635554,-0.05971934400883319,0.06421915472430717,0.08769549522267302,20.0,0.0,0.196,0.196,98,98,True,0.13248062133789062,0.024640808570905844
rpi_static_flextdoa_rtkfixed_180s,flextdoa,static,1786051355.010672,1786051355.014975,4.302978515625,-0.03513612330011717,0.7160524363003011,6.371797534043822e-11,0.6811665068867874,-0.03513612336383515,0.03488592941351376,0.04951338441354324,30.0,0.0,0.243,0.243,98,98,True,0.43038272857666016,0.038975647723461807
rpi_static_flextdoa_rtkfixed_180s,flextdoa,static,1786051356.5448875,1786051356.5091627,-35.72487831115723,-0.08513670177494226,0.7450514389069918,0.0007975288750174114,0.6744992985646544,-0.08593423064995967,0.07055214034233737,0.11118586467840835,30.0,0.0,0.233,0.233,98,98,True,0.11846208572387695,0.029880219392616484
rpi_static_flextdoa_rtkfixed_180s,flextdoa,static,1786051358.1215065,1786051358.1257126,4.206180572509766,-0.03613582408365623,0.7010524163555338,0.008772817403640859,0.6811665069875195,-0.04490864148729709,0.019885909368014376,0.04911451385921949,30.0,0.0,0.191,0.191,98,98,True,0.5141847133636475,0.03683550518630155
rpi_static_flextdoa_rtkfixed_180s,flextdoa,static,1786051359.6432488,1786051359.6345415,-8.707284927368164,-0.08313594376081002,0.7070514788100528,0.005582701990143463,0.6778329017857114,-0.08871864575095348,0.029218577024341386,0.09340622756117788,70.0,0.0,0.228,0.228,98,98,True,3.0040740966796875e-05,0.02117169609419493
rpi_static_flextdoa_rtkfixed_180s,flextdoa,static,1786051361.2467697,1786051361.255491,8.721351623535156,-0.05413678157211321,0.7490520572864696,0.0031901155457524644,0.6756104990874909,-0.05732689711786568,0.07344155819897868,0.09316670866707877,10.0,0.0,0.204,0.204,98,98,True,0.5094492435455322,0.0338135638107055
rpi_static_flextdoa_rtkfixed_180s,flextdoa,static,1786051362.7559323,1786051362.7495878,-6.34455680847168,-0.07613640256047094,0.7300516184397328,0.003190115665563348,0.6778329009429864,-0.07932651822603429,0.052218717496746336,0.09497100057844159,20.0,0.0,0.19,0.19,98,98,True,0.02500438690185547,0.010650892499373638
rpi_static_flextdoa_rtkfixed_180s,flextdoa,static,1786051363.7813756,1786051363.8097925,28.416872024536133,-0.08213708078280424,0.7640514987464639,0.002392586531154789,0.6789441038121087,-0.08452966731395903,0.08510739493435526,0.11995221268789048,30.0,0.0,0.209,0.209,98,98,True,0.9990408420562744,0.04308955428571722
rpi_static_flextdoa_rtkfixed_180s,flextdoa,static,1786051365.3314145,1786051365.345801,14.386653900146484,-0.08013628287317032,0.724051538649924,0.002392586711857825,0.6833889092115077,-0.08252886958502814,0.04066262943841625,0.09200252033411117,40.0,0.0,0.16,0.16,98,98,True,0.513357400894165,0.00982680556674457
rpi_static_flextdoa_rtkfixed_180s,flextdoa,static,1786051366.8355653,1786051366.8258102,-9.755134582519531,-0.061136043503941084,0.7120519176595757,-0.0007975284513271064,0.6845001115807259,-0.06033851505261398,0.027551806078849772,0.06633127781794247,70.0,0.0,0.193,0.193,98,98,True,0.05388784408569336,0.020488280021353993
rpi_static_flextdoa_rtkfixed_180s,flextdoa,static,1786051368.4720705,1786051368.4572732,-14.797210693359375,-0.08413612329036824,0.7160514588605125,2.4288682176631937e-11,0.682277709780151,-0.08413612331465692,0.03377374908036146,0.09066175253855603,10.0,0.0,0.188,0.188,98,98,True,0.4530773162841797,0.014717321578045993
rpi_static_flextdoa_rtkfixed_180s,flextdoa,static,1786051369.9980972,1786051369.9936044,-4.492759704589844,-0.061135824078682344,0.701051917661764,0.0047851733082732995,0.6778329019829032,-0.06592099738695564,0.023219015678860755,0.0698906330318033,20.0,0.0,0.191,0.191,98,98,True,0.052277326583862305,0.021574666761203974
rpi_static_flextdoa_rtkfixed_180s,flextdoa,static,1786051371.5402906,1786051371.5357265,-4.564046859741211,-0.06213576423523104,0.6980518977146097,0.003987644213294034,0.6778329019586619,-0.06612340844852507,0.020218995755947877,0.06914559229791524,20.0,0.0,0.243,0.243,98,98,True,0.40175485610961914,0.024363530180738124
rpi_static_flextdoa_rtkfixed_180s,flextdoa,static,1786051373.1324315,1786051373.1247044,-7.727146148681641,-0.0771365222467767,0.7360515984907883,0.003190115482826744,0.6845001103925088,-0.08032663772960344,0.051551488098279474,0.09544592528803941,20.0,0.0,0.22,0.22,98,98,True,0.16393375396728516,0.010756522149789722
rpi_static_flextdoa_rtkfixed_180s,flextdoa,static,1786051374.6605756,1786051374.6631086,2.532958984375,-0.05713626292999563,0.7230519974483904,0.0071777601939799485,0.6789441027368465,-0.06431402312397558,0.04410789471154397,0.0779858958163328,30.0,0.0,0.232,0.232,98,98,True,0.3490293025970459,0.008839773091361901
rpi_static_flextdoa_rtkfixed_180s,flextdoa,static,1786051376.2555482,1786051376.2643766,8.828401565551758,-0.05313638261729625,0.7290520772382001,0.003987644321882172,0.6800553045418105,-0.057124026939178424,0.04899677269638958,0.07525847585760456,10.0,0.0,0.172,0.172,98,98,True,0.24604487419128418,0.016912826109134162
rpi_static_flextdoa_rtkfixed_180s,flextdoa,static,1786051377.7489042,1786051377.7581773,9.273052215576172,-0.05813678157131741,0.7490519774954665,0.003190115597476867,0.6833889093069458,-0.061326897168794275,0.06566306818852063,0.08984779819384657,90.0,0.0,0.212,0.212,98,98,True,0.24096393585205078,0.025067640788043924
rpi_static_flextdoa_rtkfixed_180s,flextdoa,static,1786051379.3773446,1786051379.3908434,13.498783111572266,-0.08213650229803116,0.7350514987522327,-6.215483683291723e-11,0.6822777087000036,-0.08213650223587632,0.05277379005222915,0.09762928820810318,40.0,0.0,0.181,0.181,98,98,True,0.3314356803894043,0.012886296427820628
rpi_static_flextdoa_rtkfixed_180s,flextdoa,static,1786051380.950639,1786051380.959719,9.079933166503906,-0.07913592381385504,0.7060515586012546,0.002392586482557635,0.6856113120487639,-0.08152851029641267,0.02044024655249066,0.08405177969727276,10.0,0.0,0.205,0.205,98,98,True,0.10783076286315918,0.02458771278105846
rpi_static_flextdoa_rtkfixed_180s,flextdoa,static,1786051382.5400398,1786051382.5508995,10.85972785949707,-0.07113648235246883,0.7340517181776907,0.017545635226814238,0.6811665042274937,-0.08868211757928307,0.05288521395019696,0.10325388047382962,10.0,0.0,0.21,0.21,98,98,True,0.46966075897216797,0.01813266473755063
rpi_static_flextdoa_rtkfixed_180s,flextdoa,static,1786051383.5654533,1786051383.5936046,28.151273727416992,-0.06413610334659647,0.7150518578157268,0.005582702119293265,0.6900561174158976,-0.06971880546588974,0.024995740399829214,0.07406415377040523,30.0,0.0,0.233,0.233,98,98,True,0.4632575511932373,0.018867745692535822
rpi_static_flextdoa_rtkfixed_180s,flextdoa,static,1786051385.103554,1786051385.0913172,-12.236833572387695,-0.06513566449588004,0.6930518378723525,0.00957034629379891,0.6722768935447891,-0.07470601078967895,0.020774944327563327,0.07754086896547513,70.0,0.0,0.23,0.23,98,98,True,0.05657958984375,0.022830493270257605
rpi_static_flextdoa_rtkfixed_180s,flextdoa,static,1786051386.7185361,1786051386.7319088,13.372659683227539,-0.07413608339685607,0.7140516583384171,0.005582702056196404,0.6833889089368035,-0.07971878545305247,0.03066274940161362,0.08541246369808078,40.0,0.0,0.202,0.202,98,98,True,0.4145207405090332,0.014472288537440496
rpi_static_flextdoa_rtkfixed_180s,flextdoa,static,1786051388.2859917,1786051388.2471626,-38.82908821105957,-0.0681362030845547,0.7200517780237288,0.005582702148401036,0.6822777086404167,-0.07371890523295574,0.03777406938331207,0.08283331036799618,70.0,0.0,0.202,0.202,98,98,True,0.0539095401763916,0.005806644296840003
rpi_static_flextdoa_rtkfixed_180s,flextdoa,static,1786051389.8269281,1786051389.8268013,-0.12683868408203125,-0.06613586397318905,0.7030518179226117,0.010367875358066075,0.671165693091728,-0.07650373933125512,0.03188612483088371,0.08288273094194791,80.0,0.0,0.246,0.246,98,98,True,0.41240692138671875,0.01214161186513237
rpi_static_flextdoa_rtkfixed_180s,flextdoa,static,1786051391.4393008,1786051391.4337547,-5.546092987060547,-0.048136502304795714,0.7350521769757599,0.0007975287860897684,0.6889449169705735,-0.04893403109088548,0.04610726000518639,0.067234059999301,20.0,0.0,0.236,0.236,98,98,True,0.16284561157226562,0.0243368114754638
rpi_static_flextdoa_rtkfixed_180s,flextdoa,static,1786051393.0306513,1786051393.034076,3.4246444702148438,-0.06213630282450244,0.7250518977092382,0.0007975287778231588,0.6878337163702246,-0.0629338316023256,0.037218181339013556,0.07311538950408165,30.0,0.0,0.207,0.207,98,98,True,0.29953765869140625,0.012008304000141986
rpi_static_flextdoa_rtkfixed_180s,flextdoa,static,1786051394.574079,1786051394.584756,10.676860809326172,-0.07413560465083702,0.6900516583431919,0.003987644253795691,0.6856113122396399,-0.07812324890463271,0.00444034610355204,0.07824933669325591,40.0,0.0,0.192,0.192,98,98,True,0.2701442241668701,0.03942772149562324
rpi_static_flextdoa_rtkfixed_180s,flextdoa,static,1786051396.1384826,1786051396.1163726,-22.1099853515625,-0.0651365621446659,0.7380518378633996,0.003987644334177226,0.6889449169884991,-0.06912420647884313,0.04910692087490043,0.08479177789823415,60.0,0.0,0.19,0.19,98,98,True,0.24569034576416016,0.0068527596231390394
rpi_static_flextdoa_rtkfixed_180s,flextdoa,static,1786051397.7084844,1786051397.73114,22.655487060546875,-0.06913598365909701,0.7090517580781661,0.0071777602405435625,0.6833889093491128,-0.07631374389964057,0.025662848729053334,0.08051316235790396,50.0,0.0,0.228,0.228,98,98,True,0.32775378227233887,0.018168570457794995
rpi_static_flextdoa_rtkfixed_180s,flextdoa,static,1786051398.830333,1786051398.8379126,7.579565048217773,-0.08413626292462373,0.7230514588591195,0.0007975288203583009,0.6845001104700212,-0.08493379174498203,0.03855134838909824,0.0932735516789063,10.0,0.0,0.205,0.205,98,98,True,0.381824254989624,0.012813363771867106
rpi_static_flextdoa_rtkfixed_180s,flextdoa,static,1786051400.3184793,1786051400.3069413,-11.538028717041016,-0.0561363826166994,0.729052017394948,2.9449442884299515e-11,0.6856113120550795,-0.05613638264614884,0.043440705339868435,0.07098160562441592,70.0,0.0,0.193,0.193,98,98,True,0.18949365615844727,0.017000240504829817
rpi_static_flextdoa_rtkfixed_180s,flextdoa,static,1786051401.9499905,1786051401.9447315,-5.259037017822266,-0.03913642251558325,0.7310523565063134,0.004785173293944706,0.6800553043851361,-0.04392159580952795,0.05099705212117733,0.0673038327549451,20.0,0.0,0.189,0.189,98,98,True,0.4157984256744385,0.030148538486661065
rpi_static_flextdoa_rtkfixed_180s,flextdoa,static,1786051403.510447,1786051403.5140111,3.564119338989258,-0.062136741675020035,0.7470518977048615,-1.0779588333065249e-10,0.6878337162747865,-0.06213674156722415,0.059218181430074956,0.08583570157269804,30.0,0.0,0.209,0.209,98,98,True,1.0219745635986328,0.01914255060469671
rpi_static_flextdoa_rtkfixed_180s,flextdoa,static,1786051405.0683823,1786051405.0813594,12.977123260498047,-0.04813566449926232,0.693052176984116,0.00319011564714633,0.6856113142446325,-0.05132578014640865,0.0074408627394835225,0.05186233841570693,40.0,0.0,0.19,0.19,98,98,True,0.5158085823059082,0.042186119217884434
rpi_static_flextdoa_rtkfixed_180s,flextdoa,static,1786051406.6423845,1786051406.6661978,23.813247680664062,-0.04413654220109331,0.7370522567663658,-8.520065208905692e-11,0.6867225138067726,-0.04413654211589266,0.05032974295959314,0.06694114860328199,50.0,0.0,0.228,0.228,98,98,True,0.10951375961303711,0.029781363539007493
rpi_static_flextdoa_rtkfixed_180s,flextdoa,static,1786051408.2328615,1786051408.2463703,13.508796691894531,-0.06313680151807333,0.7500518777565146,0.005582702148401036,0.6822777086404167,-0.06871950366647436,0.0677741691160979,0.09651791638625454,40.0,0.0,0.219,0.219,98,98,True,0.3533351421356201,0.024622142452684626
rpi_static_flextdoa_rtkfixed_180s,flextdoa,static,1786051409.7942836,1786051409.7842855,-9.998083114624023,-0.054136621990106826,0.7410520572880612,0.006380231243380302,0.6822777086646581,-0.06051685323348713,0.05877434862340314,0.08436061629331991,70.0,0.0,0.19,0.19,98,98,True,0.16505169868469238,0.019773401468716846
rpi_static_flextdoa_rtkfixed_180s,flextdoa,static,1786051410.8344712,1786051410.8238823,-10.588884353637695,-0.06313572433953041,0.6960518777672577,0.003987644164696907,0.684500110195317,-0.06712336850422732,0.011551767571940763,0.06811013091596901,70.0,0.0,0.185,0.185,98,98,True,0.2179429531097412,0.032559666880793446
rpi_static_flextdoa_rtkfixed_180s,flextdoa,static,1786051412.9462626,1786051412.942436,-3.826618194580078,-0.09413568443786113,0.6940512593873809,0.003190115571925528,0.6856113124368318,-0.09732580000978666,0.00843994695054906,0.09769106434097784,20.0,0.0,0.223,0.223,98,98,True,0.3289775848388672,0.042637406551167205
rpi_static_flextdoa_rtkfixed_180s,flextdoa,static,1786051414.004301,1786051414.0136127,9.311676025390625,-0.0981362629218383,0.723051179590608,0.003987644374507743,0.6811665081514952,-0.10212390729634604,0.0418846714391129,0.11037942807894559,10.0,0.05,0.195,0.195,98,98,True,0.353313684463501,0.02903552222439991
rpi_static_flextdoa_rtkfixed_180s,flextdoa,static,1786051415.5653152,1786051415.559662,-5.653142929077148,-0.07113682146423239,0.7510517181743079,0.005582702105865894,0.6856113138744901,-0.07671952357009829,0.06544040429981779,0.10083814661003283,20.0,0.0,0.216,0.216,98,98,True,0.13341331481933594,0.022180349446684382
rpi_static_flextdoa_rtkfixed_180s,flextdoa,static,1786051417.1396165,1786051417.1629033,23.286819458007812,-0.07913702094014874,0.7610515585903128,0.003987644164696907,0.684500110195317,-0.08312466510484565,0.07655144839499584,0.11300369109088629,50.0,0.0,0.226,0.226,98,98,True,0.42043375968933105,0.034478556011576726
rpi_static_flextdoa_rtkfixed_180s,flextdoa,static,1786051418.6589959,1786051418.677567,18.571138381958008,-0.08313636266357671,0.7280514788058747,0.005582702025484332,0.6822777097917608,-0.08871906468906104,0.045773769014113896,0.09983140973190377,100.0,0.0,0.229,0.229,98,98,True,0.05426144599914551,0.015740476628688185
rpi_static_flextdoa_rtkfixed_180s,flextdoa,static,1786051420.2524703,1786051420.2716703,19.20008659362793,-0.04913658209560001,0.7390521570272135,0.005582702022378483,0.6845001114663405,-0.054719284117978495,0.05455204556087301,0.0772665886995124,100.0,0.0,0.194,0.194,98,98,True,0.4961545467376709,0.021452252075354172
rpi_static_flextdoa_rtkfixed_180s,flextdoa,static,1786051421.827858,1786051421.8460238,18.16582679748535,-0.07113678156873082,0.7490517181747061,0.005582702125355249,0.6867225137471857,-0.07671948369408607,0.062329204427520324,0.09884740210473292,100.0,0.0,0.187,0.187,98,98,True,0.1071014404296875,0.019116618365172384
rpi_static_flextdoa_rtkfixed_180s,flextdoa,static,1786051423.4696164,1786051423.4771018,7.485389709472656,-0.08113636266397461,0.7280515187013767,0.006380231240274453,0.6845001103392377,-0.08751659390424907,0.043551408362139,0.0977541783195329,10.0,0.0,0.185,0.185,98,98,True,0.2893960475921631,0.014380331197849316
rpi_static_flextdoa_rtkfixed_180s,flextdoa,static,1786051425.022532,1786051425.0276957,5.163669586181641,-0.045137180528919685,0.7690522368122483,0.004785173423995731,0.685611314071682,-0.049922353952915416,0.08344092274056636,0.09723491662976491,30.0,0.0,0.21,0.21,98,98,True,0.2234821319580078,0.04615256132612642
rpi_static_flextdoa_rtkfixed_180s,flextdoa,static,1786051426.0675664,1786051426.0998023,32.23586082458496,-0.07413658209062601,0.7390516583334437,0.006380231195684399,0.6822777109576729,-0.08051681328631041,0.056773947375770795,0.09852024321127797,60.0,0.0,0.214,0.214,98,98,True,0.3052968978881836,0.01514292127793163
rpi_static_flextdoa_rtkfixed_180s,flextdoa,static,1786051427.6174014,1786051427.6602473,42.845964431762695,-0.07313594376279953,0.7070516782875611,0.006380231232007816,0.6833889104050188,-0.07951617499480734,0.02366276788254229,0.082962332836462,70.0,0.0,0.2,0.2,98,98,True,0.13608622550964355,0.020886869103205176
rpi_static_flextdoa_rtkfixed_180s,flextdoa,static,1786051429.1728182,1786051429.1925478,19.7296142578125,-0.04513542512684965,0.681052236829756,0.005582702125355249,0.6867225137471857,-0.0507181272522049,-0.005670276917429717,0.05103411086999739,100.0,0.0,0.219,0.219,98,98,True,0.33553338050842285,0.05408647796819035
rpi_static_flextdoa_rtkfixed_180s,flextdoa,static,1786051430.734959,1786051430.7345085,-0.45037269592285156,-0.08913550490909872,0.6850513591279253,0.00638023120084516,0.6856113138987314,-0.09551573610994388,-0.0005599547708061703,0.09551737744499576,80.0,0.0,0.216,0.216,98,98,True,0.10062789916992188,0.049463655215385094
rpi_static_flextdoa_rtkfixed_180s,flextdoa,static,1786051432.2879844,1786051432.3072379,19.25349235534668,-0.07013582407689167,0.7010517381320067,0.005582702022378483,0.6845001114663405,-0.07571852609927016,0.01655162666566623,0.07750646127856341,100.0,0.0,0.219,0.219,98,98,True,0.5726757049560547,0.027122984641947952
rpi_static_flextdoa_rtkfixed_180s,flextdoa,static,1786051433.9206483,1786051433.9155443,-5.10406494140625,-0.0701363427184124,0.7270517381268338,0.003987644245529054,0.684500111639291,-0.07412398696394146,0.04255162648754274,0.08546932993867398,20.0,0.0,0.224,0.224,98,98,True,0.05499744415283203,0.00140540492588703
rpi_static_flextdoa_rtkfixed_180s,flextdoa,static,1786051435.4727242,1786051435.4850242,12.30001449584961,-0.08213694114854864,0.757051498747856,0.007177760086464174,0.6856113139941695,-0.08931470123501281,0.07144018475368652,0.11437139438837171,40.0,0.0,0.22,0.22,98,98,True,0.4129621982574463,0.032241676783967825
rpi_static_flextdoa_rtkfixed_180s,flextdoa,static,1786051437.02028,1786051437.008334,-11.945962905883789,-0.0671368214650283,0.751051797965312,0.008772817475755784,0.6833889104698998,-0.07590963894078409,0.06766288749541216,0.10168844392720841,70.0,0.0,0.227,0.227,98,98,True,0.11005926132202148,0.02427045615005443
rpi_static_flextdoa_rtkfixed_180s,flextdoa,static,1786051438.6942341,1786051438.7026389,8.404731750488281,-0.062135744287480255,0.6970518977148092,-1.7900958493299868e-10,0.6789441055165059,-0.06213574410847067,0.018107792198303385,0.06472049779019229,10.0,0.0,0.196,0.196,98,98,True,0.2963895797729492,0.027719830679785555
rpi_static_flextdoa_rtkfixed_180s,flextdoa,static,1786051439.6886137,1786051439.698002,9.388446807861328,-0.07613584402344864,0.7020516184453038,0.00558270213702855,0.6833889103807775,-0.08171854616047719,0.0186627080645263,0.08382253550736685,90.0,0.0,0.22,0.22,98,98,True,0.2977731227874756,0.02632684925680469
rpi_static_flextdoa_rtkfixed_180s,flextdoa,static,1786051441.3288171,1786051441.3009846,-27.832508087158203,-0.07813650229882696,0.7350515785432359,0.005582702097599257,0.684500112608011,-0.08371920439642622,0.05055146593522486,0.09779752498387058,0.0,0.0,0.21,0.21,98,98,True,0.31500983238220215,0.012688556294591475
rpi_static_flextdoa_rtkfixed_180s,flextdoa,static,1786051442.8859777,1786051442.880521,-5.456686019897461,-0.053135883923526306,0.7040520772431735,0.007975288659295587,0.6867225151848442,-0.06111117258282189,0.017329562058329362,0.06352077719597683,20.0,0.0,0.164,0.164,98,98,True,0.1334829330444336,0.02884766916166339
rpi_static_flextdoa_rtkfixed_180s,flextdoa,static,1786051444.5326722,1786051444.5018635,-30.808687210083008,-0.058136462407304634,0.7330519774986497,0.005582702105865894,0.6856113138744901,-0.06371916451317053,0.04744066362415955,0.07944021960793629,40.0,0.0,0.217,0.217,98,98,True,0.4605269432067871,0.010188623306123142
rpi_static_flextdoa_rtkfixed_180s,flextdoa,static,1786051446.008822,1786051445.9869866,-21.8353271484375,-0.06213610334699449,0.7150518977112279,0.0031901155099010037,0.6878337177982095,-0.06532621885689549,0.027218179913018448,0.07076965584144414,60.0,0.0,0.212,0.212,98,98,True,0.05492281913757324,0.018104450737383343
rpi_static_flextdoa_rtkfixed_180s,flextdoa,static,1786051447.6063964,1786051447.623881,17.484664916992188,-0.08613598365571473,0.7090514189664026,0.004785173301078999,0.6856113145568961,-0.09092115695679373,0.0234401044095065,0.09389406412063804,20.0,0.0,0.193,0.193,98,98,True,0.49791765213012695,0.02684710431634794
rpi_static_flextdoa_rtkfixed_180s,flextdoa,static,1786051449.135897,1786051449.1191247,-16.77227020263672,-0.06513546501837209,0.6830518378743422,0.004785173524317232,0.6867225153883517,-0.06992063854268932,-0.0036706775140095127,0.07001692343733239,80.0,0.0,0.22,0.22,98,98,True,0.06380891799926758,0.04733144444506826
rpi_static_flextdoa_rtkfixed_180s,flextdoa,static,1786051450.747361,1786051450.742055,-5.306005477905273,-0.07613664193348046,0.7420516184373458,0.007177760117626858,0.6833889105004569,-0.08331440205110732,0.05866270793688888,0.10189505822964273,20.0,0.0,0.243,0.243,98,98,True,0.37502527236938477,0.018219382408800805
rpi_static_flextdoa_rtkfixed_180s,flextdoa,static,1786051452.360488,1786051452.356217,-4.271030426025391,-0.10413606344313664,0.7130510599060926,0.010367875451193304,0.6800553069823906,-0.11450393889432994,0.03299575292370205,0.1191632146818742,20.0,0.0,0.236,0.236,98,98,True,0.20547080039978027,0.042693166841128685
rpi_static_flextdoa_rtkfixed_180s,flextdoa,static,1786051453.9128935,1786051453.9348443,21.950721740722656,-0.08313584402205598,0.7020514788110477,0.006380231307228618,0.6833889115466893,-0.0895160753292846,0.018662567264358332,0.09144079592422003,50.0,0.0,0.214,0.214,98,98,True,0.2511930465698242,0.029795178682991544
rpi_static_flextdoa_rtkfixed_180s,flextdoa,static,1786051454.931466,1786051454.9216812,-9.784936904907227,-0.02813642251777171,0.7310525759315718,0.00638023111219696,0.6811665092156532,-0.03451665362996867,0.04988606671591855,0.06066316040395774,70.0,0.0,0.199,0.199,98,98,True,0.24741053581237793,0.03913568833782622
rpi_static_flextdoa_rtkfixed_180s,flextdoa,static,1786051456.5766678,1786051456.560365,-16.302824020385742,-0.054135664498068614,0.6930520572976109,0.005582701968620568,0.6878337174280671,-0.05971836646668918,0.005218339869543787,0.059945928672795266,10.0,0.0,0.158,0.158,98,98,True,0.3330259323120117,0.04061359476280861
rpi_static_flextdoa_rtkfixed_180s,flextdoa,static,1786051458.150224,1786051458.1240678,-26.156187057495117,-0.08213654219353284,0.7370514987518355,0.00478517339017781,0.686722516601219,-0.08692171558371065,0.05032898215061654,0.10044098309122908,0.0,0.0,0.197,0.197,98,98,True,0.1434941291809082,0.015361452323618918
rpi_static_flextdoa_rtkfixed_180s,flextdoa,static,1786051459.7308629,1786051459.7284114,-2.4514198303222656,-0.053136921206567655,0.7560520772328285,0.004785173420889882,0.6878337164123915,-0.05792209462745754,0.06821836082043697,0.08949141746033235,0.0,0.0,0.199,0.199,98,98,True,0.4594764709472656,0.028981536431221804
rpi_static_flextdoa_rtkfixed_180s,flextdoa,static,1786051461.3046167,1786051461.3122387,7.622003555297852,-0.05313682146781373,0.7510520772338225,0.005582701982949162,0.6856113143597041,-0.058719523450762895,0.06544076287411837,0.0879231248297698,10.0,0.0,0.209,0.209,98,98,True,0.07857346534729004,0.026210421814921878
rpi_static_flextdoa_rtkfixed_180s,flextdoa,static,1786051462.8946502,1786051462.8982418,3.5915374755859375,-0.09313578417681412,0.699051279334137,0.006380231281677279,0.6856113146765754,-0.0995160154584914,0.013439964657561587,0.10041947013767402,30.0,0.0,0.203,0.203,98,98,True,0.36374449729919434,0.04003236687026413
rpi_static_flextdoa_rtkfixed_180s,flextdoa,static,1786051464.5064332,1786051464.5310574,24.624109268188477,-0.05513648235565227,0.7340520373417041,0.003190115478738348,0.6900561212919221,-0.05832659783439062,0.043995916049782036,0.07305910377218029,50.0,0.0,0.173,0.173,98,98,True,0.2685549259185791,0.01481633425330284
rpi_static_flextdoa_rtkfixed_180s,flextdoa,static,1786051466.0757172,1786051466.0642788,-11.438369750976562,-0.046136582096196865,0.7390522168704665,0.0015950578226009704,0.6856113160444677,-0.047731639918797836,0.05344090082599884,0.07165360654169488,70.0,0.0,0.2,0.2,98,98,True,0.24932217597961426,0.027261638251819775
rpi_static_flextdoa_rtkfixed_180s,flextdoa,static,1786051467.1215317,1786051467.097863,-23.668766021728516,-0.08713606344651892,0.7130513990178562,0.003987644323855732,0.682277711106382,-0.09112370777037465,0.030773687911474168,0.09617977950428795,60.0,0.0,0.201,0.201,98,98,True,0.24920988082885742,0.022063959749891976
rpi_static_flextdoa_rtkfixed_180s,flextdoa,static,1786051468.6393232,1786051468.6579657,18.642425537109375,-0.06613684141297804,0.7520518179128635,0.0031901157535297875,0.6833889118925904,-0.06932695716650783,0.06866290602027303,0.09757469781206426,100.0,0.0,0.199,0.199,98,98,True,0.3118619918823242,0.025398781926122407
rpi_static_flextdoa_rtkfixed_180s,flextdoa,static,1786051470.2430964,1786051470.2600713,16.974925994873047,-0.044136482357840845,0.7340522567669625,0.003987644355018388,0.6800553069465394,-0.04812412671285923,0.053996949820423135,0.07232981516487254,100.0,0.0,0.201,0.201,98,98,True,0.13659000396728516,0.027105650394633547
rpi_static_native_rtkfixed_180s,native_ds,static,1786051845.4475904,1786051845.5378172,90.22688865661621,-0.08357804814564374,0.6510938316847819,0.03110362623486118,0.6756105051351908,-0.11468167438050492,-0.024516673450408977,0.1172729880057217,100.0,0.0,0.138,0.132,98,98,True,0.05504584312438965,0.041554081226691006
rpi_static_native_rtkfixed_180s,native_ds,static,1786051846.5812576,1786051846.5808456,-0.4119873046875,-0.09655355823821465,0.6370711308808144,0.0007975289005687225,0.6722768954347684,-0.09735108713878338,-0.03520576455395408,0.10352139887449088,10.0,0.0,0.13,0.123,98,98,True,0.24973702430725098,0.024602832892839505
rpi_static_native_rtkfixed_180s,native_ds,static,1786051848.145925,1786051848.1546764,8.751392364501953,-0.0685134002123805,0.6141201061131429,0.00797528864790173,0.6711656947961252,-0.07648868886028223,-0.05704558868298226,0.09541864970619243,20.0,0.0,0.128,0.122,98,98,True,0.12202572822570801,0.027738874658726806
rpi_static_native_rtkfixed_180s,native_ds,static,1786051849.176304,1786051849.1521702,-24.133920669555664,-0.09263047021906357,0.6810780551131899,0.0031901155983780627,0.6767217020310454,-0.09582058581744163,0.004356353082144437,0.09591956254369598,50.0,0.0,0.134,0.128,98,98,True,0.5268645286560059,0.04057384976916632
rpi_static_native_rtkfixed_180s,native_ds,static,1786051850.7301419,1786051850.734414,4.272222518920898,-0.08158154692206354,0.6530973243511626,0.008772817633842273,0.672276896874363,-0.09035436455590581,-0.01917957252320035,0.09236756571694542,70.0,0.0,0.147,0.141,98,98,True,0.3597240447998047,0.019815175668603732
rpi_static_native_rtkfixed_180s,native_ds,static,1786051852.2920492,1786051852.3152766,23.227453231811523,0.1263691952563164,0.68146083660654,0.0015950577959773227,0.6789441060000119,0.12477413746033908,0.002516730606528128,0.12479951647309147,90.0,0.0,0.083,0.047,98,98,True,0.2336592674255371,0.20076434710476523
rpi_static_native_rtkfixed_180s,native_ds,static,1786051853.930286,1786051853.9399908,9.704828262329102,-0.0875640591500032,0.6430868524620585,0.003987644355018388,0.6800553069465394,-0.09155170350502159,-0.03696845448448083,0.09873389003600797,20.0,0.0,0.142,0.136,98,98,True,0.00010633468627929688,0.019614282885146585
rpi_static_native_rtkfixed_180s,native_ds,static,1786051855.4819064,1786051855.4659111,-15.995264053344727,-0.0696025395805826,0.66511828034945,0.0023925866728791156,0.6811665094661162,-0.07199512625346172,-0.016048229116666257,0.07376207604204824,50.0,0.0,0.132,0.125,98,98,True,0.11996960639953613,0.013504108050879851
rpi_static_native_rtkfixed_180s,native_ds,static,1786051857.0474231,1786051857.040361,-7.062196731567383,-0.07857456006179164,0.6491025740433027,-3.5251718211171124e-11,0.670054494989332,-0.07857456002653992,-0.020951920946029268,0.08132001275635037,60.0,0.0,0.135,0.128,98,98,True,0.283449649810791,0.009959385718351104
rpi_static_native_rtkfixed_180s,native_ds,static,1786051858.5896657,1786051858.5547686,-34.8970890045166,-0.08155882473296061,0.6400973442087885,0.0031901155728267516,0.6789441058270614,-0.08474894030578736,-0.03884676161827294,0.09322796667942959,90.0,0.0,0.129,0.123,98,98,True,0.39485597610473633,0.014698371500579968
rpi_static_native_rtkfixed_180s,native_ds,static,1786051860.1574566,1786051860.1305382,-26.918411254882812,-0.0805832963102735,0.6540990706843539,0.004785173478654842,0.6756105008340552,-0.08536846978892834,-0.02151143014970125,0.08803702210541113,100.0,0.0,0.122,0.116,98,98,True,0.5332279205322266,0.014356064046010506
rpi_static_native_rtkfixed_180s,native_ds,static,1786051861.8045576,1786051861.82438,19.822359085083008,-0.08059028775307442,0.6580990645743148,0.002392586641545319,0.6678320925095867,-0.08298287439461974,-0.009733027935271976,0.08355171617376882,30.0,0.0,0.129,0.123,98,98,True,0.5995464324951172,0.02193542370961816
rpi_static_native_rtkfixed_180s,native_ds,static,1786051863.3890939,1786051863.398856,9.762048721313477,-0.07959028928058409,0.6581008124350145,5.0290605013714185e-11,0.6767217020131198,-0.0795902893308747,-0.01862088957810526,0.08173953562660076,20.0,0.0,0.135,0.129,98,98,True,0.5212750434875488,0.012484332086807324
rpi_static_native_rtkfixed_180s,native_ds,static,1786051864.4073129,1786051864.3962,-11.11292839050293,-0.054592075329026435,0.6591445074250109,-7.868808382660575e-11,0.6800553068331757,-0.05459207525033835,-0.02091079940816487,0.05845986838872556,60.0,0.0,0.118,0.113,98,98,True,0.47606897354125977,0.020689039836074237
rpi_static_native_rtkfixed_180s,native_ds,static,1786051866.0439117,1786051866.0650551,21.143436431884766,-0.24265296328171454,0.693815856150529,0.0023925868161863983,0.6756105009115675,-0.24504555009790094,0.018205355238961496,0.24572089162739025,30.0,0.0,0.027,0.015,98,98,True,0.64762282371521,0.17812155792838308
rpi_static_native_rtkfixed_180s,native_ds,static,1786051867.5594087,1786051867.5826318,23.223161697387695,-0.08455532442903113,0.6380921036817071,-6.435948995964225e-11,0.6778329037648128,-0.08455532436467164,-0.039740800083105654,0.09342876468015728,90.0,0.0,0.136,0.13,98,98,True,0.588346004486084,0.01514095799449009
rpi_static_native_rtkfixed_180s,native_ds,static,1786051869.132524,1786051869.1534226,20.89858055114746,-0.09354132779584212,0.6300763851554825,0.0007975289359096194,0.6767217021085579,-0.09433885673175174,-0.04664531695307539,0.10524070259698404,90.0,0.0,0.141,0.135,98,98,True,0.4076354503631592,0.02705870898647049
rpi_static_native_rtkfixed_180s,native_ds,static,1786051870.6945214,1786051870.676203,-18.31841468811035,-0.08660251361291804,0.6650885667175457,0.00797528851892304,0.6744992996161812,-0.09457780213184108,-0.009410732898635477,0.09504484494058131,110.0,0.0,0.133,0.126,98,98,True,0.29692792892456055,0.029156291476539867
rpi_static_native_rtkfixed_180s,native_ds,static,1786051872.2804751,1786051872.2677464,-12.728691101074219,-0.06457108572552683,0.6471270471481247,-0.0015950576461772614,0.6800553069349295,-0.06297602807934957,-0.0329282597868048,0.07106511384102844,110.0,0.0,0.12,0.115,98,98,True,0.11314797401428223,0.011004025993170682
rpi_static_native_rtkfixed_180s,native_ds,static,1786051873.9116788,1786051873.8854568,-26.22199058532715,-0.09254307718405197,0.6310781314886729,-0.0007975285368694296,0.677832903890808,-0.09174554864718254,-0.0467547724021351,0.10297210514963745,40.0,0.0,0.128,0.122,98,98,True,0.058144330978393555,0.025183237260410156
rpi_static_native_rtkfixed_180s,native_ds,static,1786051875.514209,1786051875.5244236,10.214567184448242,0.10141992140436507,0.652417184386815,-0.0015950577209474515,0.6767217018222438,0.10301497912531252,-0.02430451743542883,0.10584325907660647,20.0,0.0,0.125,0.071,98,98,True,0.2841522693634033,0.17651541354569145
rpi_static_native_rtkfixed_180s,native_ds,static,1786051876.580765,1786051876.5630765,-17.688512802124023,-0.0675972990535012,0.6621217806533792,1.6022072557575484e-11,0.681166509179802,-0.06759729906952328,-0.019044728526422805,0.07022888669301056,50.0,0.0,0.138,0.132,98,98,True,0.1223917007446289,0.011949018196716753
rpi_static_native_rtkfixed_180s,native_ds,static,1786051878.1183248,1786051878.1254973,7.172584533691406,0.09941992445938441,0.6524136886654146,0.004785173409496024,0.6722768966898027,0.09463475104988839,-0.019863208024388124,0.09669686209642207,90.0,0.0,0.078,0.044,98,98,True,9.417533874511719e-05,0.16833412139918152
rpi_static_native_rtkfixed_180s,native_ds,static,1786051879.6902463,1786051879.7043095,14.063119888305664,-0.08354309093163914,0.6310938622349749,0.006380231294933536,0.6744992984338709,-0.08992332222657268,-0.04340543619889603,0.09985106795563307,80.0,0.0,0.137,0.13,98,98,True,0.170457124710083,0.021592188265182673
rpi_static_native_rtkfixed_180s,native_ds,static,1786051881.362349,1786051881.3618405,-0.5085468292236328,-0.0785867950866933,0.6561025633507347,0.006380231165954847,0.6778329025877967,-0.08496702625264815,-0.021730339237062024,0.08770178557803711,10.0,0.0,0.142,0.135,98,98,True,0.4262993335723877,0.013900679057580363
rpi_static_native_rtkfixed_180s,native_ds,static,1786051882.9367986,1786051882.9364855,-0.31304359436035156,-0.06353438217833174,0.6261288270865277,0.004785173449997654,0.6800553069707808,-0.06831955562832939,-0.05392647988425303,0.08703807737972583,10.0,0.0,0.117,0.112,98,98,True,0.5760996341705322,0.024977298054005
rpi_static_native_rtkfixed_180s,native_ds,static,1786051884.5043948,1786051884.5247707,20.375967025756836,-0.049604317991476465,0.6661532360359441,0.007177760241444758,0.6767217020732124,-0.056782078232921224,-0.010568466037268243,0.057757223641986793,30.0,0.0,0.119,0.113,98,98,True,0.6936707496643066,0.025189033430707518
rpi_static_native_rtkfixed_180s,native_ds,static,1786051886.0393841,1786051886.037669,-1.7151832580566406,-0.07861650871859727,0.6731025373830706,0.003987644323855732,0.682277711106382,-0.082604153042453,-0.009175173723311447,0.08311215261749597,70.0,0.0,0.142,0.136,98,98,True,0.5451254844665527,0.022280160461915863
rpi_static_native_rtkfixed_180s,native_ds,static,1786051887.651676,1786051887.6349642,-16.711711883544922,-0.04761830393209765,0.6741567195372671,-7.868808382660575e-11,0.6800553068331757,-0.047618303853409566,-0.005898587295908642,0.047982248738081205,50.0,0.0,0.126,0.12,98,98,True,0.4080982208251953,0.03495545074007978
rpi_static_native_rtkfixed_180s,native_ds,static,1786051888.668153,1786051888.690027,21.873950958251953,-0.07463399343563826,0.6831095135507743,0.0023925866872077095,0.6789441057316233,-0.07702658012284597,0.004165407819150979,0.0771391254015824,90.0,0.0,0.133,0.127,98,98,True,0.6469645500183105,0.03383414281640959
rpi_static_native_rtkfixed_180s,native_ds,static,1786051890.3314269,1786051890.3302119,-1.2149810791015625,-0.06254137514864233,0.6301305688371901,0.00638023111219696,0.6811665092156532,-0.06892160626083929,-0.05103594037846315,0.08576045137409322,10.0,0.0,0.114,0.109,98,98,True,0.5208442211151123,0.02202472609039737
rpi_static_native_rtkfixed_180s,native_ds,static,1786051891.8923273,1786051891.901462,9.134769439697266,-0.08862523274700163,0.6780850511385195,0.005582702051035671,0.6800553059957448,-0.0942079347980373,-0.001970254857225351,0.09422853539726524,20.0,0.0,0.145,0.138,98,98,True,0.4166131019592285,0.0344751553926356
rpi_static_native_rtkfixed_180s,native_ds,static,1786051893.4805143,1786051893.4782548,-2.259492874145508,-0.06755010681459495,0.6351218218961403,0.007177760051573889,0.6778329026832348,-0.07472786686616884,-0.04271108078709451,0.08607258860037595,10.0,0.0,0.133,0.127,98,98,True,0.2360820770263672,0.01329862962830118
rpi_static_native_rtkfixed_180s,native_ds,static,1786051894.991053,1786051894.984568,-6.4849853515625,-0.09552035041242002,0.6180729077641978,0.0031901155983780627,0.6767217020310454,-0.09871046601079808,-0.05864879426684766,0.11481914983583508,60.0,0.0,0.131,0.125,98,98,True,0.18077993392944336,0.03860566818751511
rpi_static_native_rtkfixed_180s,native_ds,static,1786051896.5998125,1786051896.6289709,29.158353805541992,-0.07963049007668943,0.6811007773022926,0.003987644323855732,0.682277711106382,-0.08361813440054516,-0.0011769338040894528,0.0836264167222705,40.0,0.0,0.141,0.135,98,98,True,0.06541943550109863,0.03007940107258934
rpi_static_native_rtkfixed_180s,native_ds,static,1786051898.127028,1786051898.1473653,20.337343215942383,-0.06657108267050738,0.6471235514267235,0.003987644240368293,0.6811665093643624,-0.07055872691087567,-0.034042957937638896,0.078341923185657,90.0,0.0,0.124,0.118,98,98,True,0.1676924228668213,0.0053913268427553136
rpi_static_native_rtkfixed_180s,native_ds,static,1786051899.77653,1786051899.7840846,7.554531097412109,-0.0635553565067345,0.6381288087564121,0.0007975288069309305,0.6800553069286137,-0.06435288531366543,-0.04192649817220162,0.0768057621352552,10.0,0.0,0.132,0.126,98,98,True,0.2914915084838867,0.015404555325694711
rpi_static_native_rtkfixed_180s,native_ds,static,1786051901.3334014,1786051901.3425994,9.19795036315918,-0.08259378041945553,0.6600955657978949,-0.008772817475216632,0.6500528698168029,-0.0738209629442389,0.010042695981091976,0.07450094168923863,20.0,0.0,0.14,0.133,98,98,True,0.4546036720275879,0.03952114371095201
rpi_static_native_rtkfixed_180s,native_ds,static,1786051902.9094636,1786051902.939072,29.60824966430664,-0.05063403009587075,0.6831514622075794,-0.0015950577464987625,0.6789441056182597,-0.04903897234937199,0.0042073565893197,0.04921912899018188,30.0,0.0,0.115,0.109,98,98,True,0.6471068859100342,0.041584381010020946
rpi_static_native_rtkfixed_180s,native_ds,static,1786051903.9675083,1786051903.98677,19.261598587036133,-0.0816199998574687,0.67509729074595,-0.0007975287001166231,0.6856113145452862,-0.08082247115735208,-0.010514023799336192,0.08150347563407352,30.0,0.0,0.143,0.137,98,98,True,0.22555303573608398,0.020354404622397234
rpi_static_native_rtkfixed_180s,native_ds,static,1786051905.5462499,1786051905.5540607,7.810831069946289,-0.04359558785303341,0.6611637308376936,-0.0015950574966368813,0.686722516494171,-0.04200053035639653,-0.0255587856564774,0.0491660052724679,30.0,0.0,0.129,0.123,98,98,True,0.39629316329956055,0.031667386735616095
rpi_static_native_rtkfixed_180s,native_ds,static,1786051907.0880737,1786051907.0433805,-44.6932315826416,-0.06660953560591254,0.6691235178215109,0.0015950577068785388,0.677832903955689,-0.06820459331279108,-0.008709386134178043,0.06875841734505993,80.0,0.0,0.135,0.129,98,98,True,0.4324824810028076,0.02141308847190353
rpi_static_native_rtkfixed_180s,native_ds,static,1786051908.761427,1786051908.7516673,-9.759664535522461,-0.06056934397486535,0.6461340401184357,-5.0030896092678745e-11,0.67561050069645,-0.06056934392483446,-0.02947646057801434,0.06736102101135429,0.0,0.0,0.144,0.137,98,98,True,0.6986126899719238,0.012855304651048116
rpi_static_native_rtkfixed_180s,native_ds,static,1786051910.3269129,1786051910.326052,-0.8609294891357422,-0.061590316775758436,0.6581322739276185,0.0015950577330516025,0.6878337179711599,-0.06318537450881004,-0.02970144404354136,0.06981810173651386,10.0,0.0,0.129,0.123,98,98,True,0.5260767936706543,0.010241745504570238
rpi_static_native_rtkfixed_180s,native_ds,static,1786051911.9087849,1786051911.9063127,-2.4721622467041016,-0.07655184092770806,0.636106089622329,0.002392586753260678,0.6845001128827155,-0.07894442768096874,-0.048394023260386554,0.09259699859716047,10.0,0.0,0.143,0.137,98,98,True,0.35898470878601074,0.0197063984332609
rpi_static_native_rtkfixed_180s,native_ds,static,1786051913.449957,1786051913.4326313,-17.325639724731445,-0.061530889511950626,0.6241323258629476,-0.0007975284708164609,0.6833889117080301,-0.060733361041134165,-0.05925658584508242,0.08485213084754192,50.0,0.0,0.122,0.117,98,98,True,0.3562901020050049,0.032371664155738535
rpi_static_native_rtkfixed_180s,native_ds,static,1786051915.0289915,1786051915.0125566,-16.434907913208008,-0.09860599100420231,0.6670675893341231,0.0007975288873124653,0.683388911677473,-0.09940351989151477,-0.01632132234334982,0.10073452898514146,50.0,0.0,0.139,0.132,98,98,True,0.1785438060760498,0.029119742732505553
rpi_static_native_rtkfixed_180s,native_ds,static,1786051916.045437,1786051916.0664032,20.966053009033203,-0.07256932564474905,0.6461130657900327,-0.0007975285823606793,0.6822777111190135,-0.07177179706238837,-0.03616464532898078,0.08036835462628081,90.0,0.0,0.129,0.123,98,98,True,0.5780370235443115,0.006889392817129832
rpi_static_native_rtkfixed_180s,native_ds,static,1786051917.7043533,1786051917.7029488,-1.4045238494873047,-0.08149764960845252,0.605097397671627,-0.0023925864570261135,0.6833889119521772,-0.0791050631514264,-0.07829151428055026,0.11129767394035135,10.0,0.0,0.124,0.118,98,98,True,0.34890246391296387,0.049144446051731176
rpi_static_native_rtkfixed_180s,native_ds,static,1786051919.2757838,1786051919.285506,9.722232818603516,-0.08055183481766937,0.6360990981795283,-0.0023925866863262757,0.6856113147894334,-0.07815924813134309,-0.049512216609905124,0.09252203879121462,20.0,0.0,0.136,0.13,98,98,True,0.17941856384277344,0.02058756791658536
rpi_static_native_rtkfixed_180s,native_ds,static,1786051920.890571,1786051920.9017255,11.154413223266602,-0.0865448342098104,0.6320886171253646,-0.0007975285854665559,0.6845001127935931,-0.08574730562434385,-0.05241149566822856,0.10049659347468137,20.0,0.0,0.134,0.128,98,98,True,9.34600830078125e-05,0.026035815933504944
rpi_static_native_rtkfixed_180s,native_ds,static,1786051922.5008898,1786051922.510742,9.852170944213867,-0.08155707687226033,0.6390973457362978,-0.003190115267874938,0.6867225163032951,-0.07836696160438539,-0.04762517056699722,0.09170353069887109,20.0,0.0,0.135,0.129,98,98,True,0.11426305770874023,0.018809628713398776
rpi_static_native_rtkfixed_180s,native_ds,static,1786051924.059883,1786051924.0323799,-27.503252029418945,-0.08454658512552993,0.6330921113192556,-0.002392586666836949,0.6867225153282591,-0.08215399845869298,-0.05363040400900354,0.09810963101000773,40.0,0.0,0.122,0.117,98,98,True,0.2328801155090332,0.02568296191337651
rpi_static_native_rtkfixed_180s,native_ds,static,1786051925.6386194,1786051925.609778,-28.841495513916016,-0.08157105975786216,0.6470973335162205,-0.000797528546037235,0.6833889105663595,-0.08077353121182493,-0.03629157705013908,0.08855191646268215,40.0,0.0,0.147,0.14,98,98,True,0.33782434463500977,0.010022568958379932
rpi_static_native_rtkfixed_180s,native_ds,static,1786051926.66586,1786051926.673596,7.735967636108398,-0.053606059742137946,0.6671462430656341,0.0007975287757682747,0.6822777110884564,-0.05440358851790622,-0.015131468022822281,0.05646867953256345,80.0,0.0,0.134,0.127,98,98,True,0.05815911293029785,0.023823927827662236
rpi_static_native_rtkfixed_180s,native_ds,static,1786051928.2817688,1786051928.284457,2.688169479370117,-0.06254836659144325,0.634130562727151,-0.004785172944402838,0.6878337177929152,-0.05776319364704041,-0.053703155065764285,0.0788708780496516,70.0,0.0,0.135,0.129,98,98,True,0.22701740264892578,0.02884811772526811
rpi_static_native_rtkfixed_180s,native_ds,static,1786051929.9237967,1786051929.923095,-0.7016658782958984,-0.06156584672595522,0.6441322953127546,-0.003190115153224843,0.685611314551602,-0.05837573157273038,-0.04147901923884734,0.0716116964864549,10.0,0.0,0.112,0.107,98,98,True,0.395477294921875,0.019249190044635656
rpi_static_native_rtkfixed_180s,native_ds,static,1786051931.531143,1786051931.538962,7.818937301635742,-0.0825797975338537,0.6520955780179722,-0.0015950577950958889,0.6856113145210447,-0.0809847397387578,-0.03351573650307249,0.08764606473708744,20.0,0.0,0.139,0.132,98,98,True,0.6039779186248779,0.00857150677475895
rpi_static_native_rtkfixed_180s,native_ds,static,1786051933.0801435,1786051933.0629976,-17.145872116088867,-0.08857279692599473,0.6480850969638094,-0.002392586563409571,0.6856113143042193,-0.08618021036258516,-0.03752621734040984,0.09399598739318135,50.0,0.0,0.134,0.128,98,98,True,0.6850519180297852,0.015083200602926405
rpi_static_native_rtkfixed_180s,native_ds,static,1786051934.6623967,1786051934.6361682,-26.22842788696289,-0.08459028164303573,0.6580920731315132,-0.005582702320406668,0.6822777110526052,-0.07900757932262906,-0.024185637921091963,0.08262652523295218,40.0,0.0,0.14,0.134,98,98,True,0.583775520324707,0.007691678627579966
rpi_static_native_rtkfixed_180s,native_ds,static,1786051936.2731378,1786051936.2567163,-16.42155647277832,-0.0835728045635431,0.6480938362673108,-0.0007975284564878671,0.6811665093057973,-0.08277527610705523,-0.03307267303848649,0.08913780363296966,50.0,0.0,0.14,0.134,98,98,True,0.41000914573669434,0.010018332160972667
rpi_static_native_rtkfixed_180s,native_ds,static,1786051937.3239317,1786051937.3069365,-16.99519157409668,0.10744438228911024,0.6384276929361521,-0.004785173220266642,0.6856113140179051,0.11222955550937688,-0.047183621081753,0.12174468049249114,70.0,0.0,0.059,0.034,98,98,True,0.6402111053466797,0.18649672122489536
rpi_static_native_rtkfixed_180s,native_ds,static,1786051938.9845595,1786051938.9840078,-0.5517005920410156,-0.09549063678051606,0.6010729337318628,-0.004785173113883157,0.6833889116658631,-0.0907054636666329,-0.08231597793400036,0.12248837235513294,10.0,0.0,0.132,0.126,98,98,True,0.4821004867553711,0.05559353527717276
rpi_static_native_rtkfixed_180s,native_ds,static,1786051940.5614023,1786051940.5702345,8.832216262817383,-0.08362873610595045,0.6800937873870012,-0.0031901152080550943,0.6800553066728567,-0.08043862089789536,3.848071414447318e-05,0.08043863010221326,20.0,0.0,0.149,0.141,98,98,True,0.35103845596313477,0.030336901081249923
rpi_static_native_rtkfixed_180s,native_ds,static,1786051942.1432467,1786051942.15087,7.623434066772461,-0.07256233420194813,0.6421130719000709,-0.004785173228533279,0.6845001127514261,-0.06777716097341485,-0.04238704085135514,0.07994000739148477,20.0,0.0,0.147,0.14,98,98,True,0.18041229248046875,0.014091742234883634
rpi_static_native_rtkfixed_180s,native_ds,static,1786051943.7387743,1786051943.7478259,9.05156135559082,-0.07257456922684968,0.6491130612075038,-0.0015950576410165007,0.683388910542118,-0.07097951158583318,-0.03427584933461425,0.07882210928776648,20.0,0.0,0.14,0.133,98,98,True,0.0001270771026611328,0.005386355663812539
rpi_static_native_rtkfixed_180s,native_ds,static,1786051945.2718391,1786051945.264322,-7.517099380493164,-0.058593817079687915,0.6601375144547008,-0.004785173225427403,0.6822777110768465,-0.05380864385426051,-0.022140196622145725,0.05818555198588324,60.0,0.0,0.135,0.129,98,98,True,0.05954122543334961,0.020942979971075654
rpi_static_native_rtkfixed_180s,native_ds,static,1786051946.8482373,1786051946.8583589,10.121583938598633,-0.09053958451767086,0.6290816302650928,2.4288682176631937e-11,0.682277709780151,-0.09053958454195954,-0.053196079515058226,0.10501066252911195,80.0,0.0,0.135,0.129,98,98,True,0.23627448081970215,0.02924963855574092
rpi_static_native_rtkfixed_180s,native_ds,static,1786051947.9094741,1786051947.8824813,-26.9927978515625,-0.09350986630323788,0.6120764126506568,-0.002392586568570332,0.6822777113631606,-0.09111727973466754,-0.0702012987125038,0.11502426268908593,100.0,0.0,0.131,0.125,98,98,True,0.12820100784301758,0.04440204543037602
rpi_static_native_rtkfixed_180s,native_ds,static,1786051949.5714488,1786051949.590726,19.277095794677734,-0.07661476391291633,0.6721060346319803,-0.0031901153370337554,0.6833889114929126,-0.07342464857588257,-0.011282876860932323,0.07428648819772554,30.0,0.0,0.142,0.135,98,98,True,0.1175696849822998,0.018193583717082018
rpi_static_native_rtkfixed_180s,native_ds,static,1786051951.1649616,1786051951.1845858,19.62423324584961,-0.07757456158930132,0.6491043219040025,-0.002392586666836949,0.6867225153282591,-0.07518197492246437,-0.03761819342425665,0.08406817370293497,30.0,0.0,0.14,0.133,98,98,True,0.2900824546813965,0.008329226232248193
rpi_static_native_rtkfixed_180s,native_ds,static,1786051952.7513168,1786051952.7794113,28.09453010559082,-0.06759380333210074,0.6601217837083988,-0.0023925864344308823,0.6822777101502934,-0.06520121689766986,-0.02215592644189457,0.0688627893817527,40.0,0.0,0.143,0.136,98,98,True,0.465381383895874,0.011009770597261652
rpi_static_native_rtkfixed_180s,native_ds,static,1786051954.3313334,1786051954.370482,39.148569107055664,0.08540945868031857,0.6583892094505526,-0.0007975285771999185,0.6856113140600721,0.08620698725751849,-0.02722210460951957,0.0904029182681045,50.0,0.0,0.057,0.032,98,98,True,0.5795943737030029,0.15964755331567176
rpi_static_native_rtkfixed_180s,native_ds,static,1786051955.8998454,1786051955.8996844,-0.1609325408935547,-0.05454488309012018,0.6321445486677719,-0.0047851730507862955,0.6900561201449573,-0.04975971003933388,-0.0579115714771854,0.0763529885083468,70.0,0.0,0.13,0.124,98,98,True,0.7059431076049805,0.03699438940956836
rpi_static_native_rtkfixed_180s,native_ds,static,1786051957.5034678,1786051957.4958827,-7.585048675537109,-0.08259552828015582,0.6610955642703846,-0.006380230681372334,0.6833889117676168,-0.07621529759878348,-0.02229334749723222,0.07940884667783232,60.0,0.0,0.133,0.127,98,98,True,0.5688667297363281,0.007706155688819233
rpi_static_native_rtkfixed_180s,native_ds,static,1786051959.1363742,1786051959.1355698,-0.8044242858886719,-0.08353085590673759,0.6240938729275429,-0.003987644205668939,0.6822777099594173,-0.07954321170106865,-0.05818383703187435,0.09855192245447442,10.0,0.0,0.126,0.12,98,98,True,0.3025801181793213,0.029352176709411572
rpi_static_native_rtkfixed_180s,native_ds,static,1786051960.2067926,1786051960.206249,-0.5435943603515625,-0.07159204936136188,0.6591147937931074,-0.007177759673374834,0.6856113140242208,-0.06441428968798704,-0.026496520231113374,0.06965103229935443,10.0,0.0,0.141,0.135,98,98,True,0.7112982273101807,0.009490343079139249
rpi_static_native_rtkfixed_180s,native_ds,static,1786051961.7754996,1786051961.7942755,18.77593994140625,-0.06167071836796911,0.7041322036621738,-0.0039876440101866695,0.6811665096516982,-0.05768307435778244,0.022965694010475546,0.062086714913484116,30.0,0.0,0.126,0.12,98,98,True,0.5499134063720703,0.05475378285330636
rpi_static_native_rtkfixed_180s,native_ds,static,1786051963.4094744,1786051963.4287622,19.287824630737305,-0.09259726086575915,0.6620780841358735,-0.005582702186267219,0.6822777098397378,-0.08701455867949193,-0.020199625703864243,0.08932837343623222,30.0,0.0,0.15,0.143,98,98,True,0.3044118881225586,0.01645434051873338
rpi_static_native_rtkfixed_180s,native_ds,static,1786051964.956835,1786051964.9799724,23.137331008911133,-0.042579858634240964,0.6521654924459819,-0.00717775974769444,0.6789441056066499,-0.035402098886546524,-0.026778613160667986,0.04438921860521448,90.0,0.0,0.122,0.116,98,98,True,0.1817917823791504,0.03811814089859723
rpi_static_native_rtkfixed_180s,native_ds,static,1786051966.6203406,1786051966.619525,-0.8156299591064453,-0.22065824046902816,0.6968543045034057,-0.00797528881088927,0.6889449185679228,-0.21268295165813889,0.007909385935482849,0.2128299704268519,10.0,0.0,0.024,0.013,98,98,True,0.05588173866271973,0.14418937719846192
rpi_static_native_rtkfixed_180s,native_ds,static,1786051968.2352417,1786051968.2322357,-3.0059814453125,-0.06858855822249044,0.6571200404302271,-0.0015950577464987625,0.6789441056182597,-0.06699350047599167,-0.021824065188032593,0.0704586327383536,10.0,0.0,0.145,0.138,98,98,True,0.19556427001953125,0.009995940230280703
rpi_static_native_rtkfixed_180s,native_ds,static,1786051969.2284057,1786051969.2078626,-20.54309844970703,-0.07760077949980482,0.664104298991357,-0.00797528868191058,0.6856113144139969,-0.06962549081789424,-0.021507015422639886,0.07287153548555392,110.0,0.0,0.143,0.137,98,98,True,0.1914663314819336,0.008828683693201628
rpi_static_native_rtkfixed_180s,native_ds,static,1786051970.9235137,1786051970.9322,8.686304092407227,-0.07859029080809377,0.6581025602957151,-0.0047851729849044955,0.6800553068458073,-0.07380511782318927,-0.02195274655009216,0.07700076946360623,20.0,0.0,0.134,0.128,98,98,True,0.05670022964477539,0.007533327924768648
rpi_static_native_rtkfixed_180s,native_ds,static,1786051972.473572,1786051972.4527845,-20.787477493286133,-0.05056236780716128,0.6421515248354757,-0.005582702160265296,0.6767217020727067,-0.04497966564689598,-0.03457017723723099,0.05672977591988284,50.0,0.0,0.13,0.124,98,98,True,0.17117094993591309,0.028897456691458503
rpi_static_native_rtkfixed_180s,native_ds,static,1786051974.0828533,1786051974.1034913,20.637989044189453,-0.07057282442116897,0.6481165584564135,-0.006380230681372334,0.6833889117676168,-0.06419259373979663,-0.035272353311203375,0.07324498617074712,30.0,0.0,0.141,0.134,98,98,True,0.41062378883361816,0.010900605903853751
rpi_static_native_rtkfixed_180s,native_ds,static,1786051975.6411922,1786051975.6516876,10.495424270629883,-0.08056931342467166,0.6460990829044313,-0.004785173228533279,0.6845001127514261,-0.07578414019613838,-0.03840102984699478,0.0849580778889079,80.0,0.0,0.139,0.133,98,98,True,0.5364737510681152,0.009231204544526543
rpi_static_native_rtkfixed_180s,native_ds,static,1786051977.2658212,1786051977.2669868,1.165628433227539,-0.06458681647182896,0.656127033400538,-0.0055827021663272525,0.6800553064075484,-0.059004114305501704,-0.023928273007010392,0.06367140452412474,70.0,0.0,0.138,0.131,98,98,True,0.703632116317749,0.0154510256606567
rpi_static_native_rtkfixed_180s,native_ds,static,1786051978.8067904,1786051978.79904,-7.750272750854492,-0.057611297214199886,0.6701392470403045,-0.006380230681372334,0.6833889117676168,-0.05123106653282755,-0.013249664727312371,0.05291668728744449,120.0,0.0,0.14,0.133,98,98,True,0.5448732376098633,0.02749298069475503
rpi_static_native_rtkfixed_180s,native_ds,static,1786051979.9639049,1786051979.9836037,19.6988582611084,-0.07056932869976851,0.646116561511433,-0.005582702194533828,0.6811665092393888,-0.06498662650523468,-0.03504994772795578,0.07383603767987082,30.0,0.0,0.125,0.119,98,98,True,0.6396903991699219,0.010112565227245917
rpi_static_native_rtkfixed_180s,native_ds,static,1786051981.5738022,1786051981.5633805,-10.4217529296875,-0.07756057870369948,0.6411043341240799,-0.0055827021663272525,0.6800553064075484,-0.07197787653737223,-0.038950972283468555,0.08184126680750203,60.0,0.0,0.14,0.134,98,98,True,0.6674413681030273,0.009584337295202226
rpi_static_native_rtkfixed_180s,native_ds,static,1786051983.2320044,1786051983.2440002,11.995792388916016,-0.07158680577926113,0.6561147983756364,-0.007975288558993848,0.6856113139287828,-0.06361151722026728,-0.029496515553146474,0.07011754097828427,30.0,0.0,0.135,0.129,98,98,True,0.3703958988189697,0.00981315184864616
rpi_static_native_rtkfixed_180s,native_ds,static,1786051984.7729733,1786051984.7822838,9.310483932495117,-0.05961828560198146,0.6741357452088641,-0.0047851729849044955,0.6800553068458073,-0.05483311261707696,-0.0059195616369431825,0.05515171302190544,80.0,0.0,0.155,0.147,98,98,True,0.2427842617034912,0.03000954343250496
rpi_static_native_rtkfixed_180s,native_ds,static,1786051986.4105945,1786051986.3927393,-17.855167388916016,-0.07157806647575993,0.6511148060131848,-0.013557990330438724,0.6800553071089017,-0.0580200761453212,-0.028940501095716886,0.06483734910975356,50.0,0.0,0.118,0.112,98,98,True,0.12305641174316406,0.015413893224460717
rpi_static_native_rtkfixed_180s,native_ds,static,1786051987.4981468,1786051987.5071993,9.052515029907227,-0.07255359489844693,0.6371130795376194,-0.005582702145936702,0.6744992996704737,-0.06697089275251022,-0.03738622013285431,0.07669960842071143,20.0,0.0,0.122,0.116,98,98,True,0.4717824459075928,0.01020858758316226
rpi_static_native_rtkfixed_180s,native_ds,static,1786051989.0095541,1786051988.9861965,-23.357629776000977,-0.08261475474785829,0.6720955474677783,-0.008772817200533495,0.6778329039567106,-0.07384193754732479,-0.005737356488932255,0.07406449216881264,100.0,0.0,0.142,0.135,98,98,True,0.4821486473083496,0.02374277138494917
rpi_static_native_rtkfixed_180s,native_ds,static,1786051990.6932924,1786051990.6925726,-0.7197856903076172,-0.06756408970019678,0.6431218096760629,-0.003987644208774788,0.6845001116339968,-0.063576445491422,-0.041378301957933905,0.07585597072245341,10.0,0.0,0.125,0.12,98,98,True,0.18686461448669434,0.015448007386894417
rpi_static_native_rtkfixed_180s,native_ds,static,1786051992.273373,1786051992.2726953,-0.6775856018066406,-0.06563051146182508,0.6811252473520959,-0.0015950576266879068,0.6811665081398852,-0.06403545383513717,-4.1260787789321185e-05,0.06403546712818291,10.0,0.0,0.127,0.121,98,98,True,0.06599831581115723,0.03089640698479524
rpi_static_native_rtkfixed_180s,native_ds,static,1786051993.8685684,1786051993.8692396,0.6711483001708984,-0.08256406678755157,0.643095591765559,-0.00558270226975463,0.6811665080977183,-0.07698136451779694,-0.03807091633215931,0.0858808776934202,10.0,0.0,0.122,0.117,98,98,True,0.11548256874084473,0.009301338505904588
rpi_static_native_rtkfixed_180s,native_ds,static,1786051995.4478226,1786051995.466661,18.83840560913086,-0.07356233267443846,0.6421113240393703,-0.003987644208774788,0.6845001116339968,-0.06957468846566367,-0.0423887875946265,0.08147052589026607,30.0,0.0,0.129,0.123,98,98,True,0.30001306533813477,0.013474063300809039
rpi_static_native_rtkfixed_180s,native_ds,static,1786051997.0473702,1786051997.056363,8.992910385131836,-0.09858326881509927,0.654067609191749,-0.006380230661883007,0.6845001116403127,-0.09220303815321626,-0.03043250244856366,0.0970955068474607,20.0,0.0,0.134,0.128,98,98,True,0.4569258689880371,0.018802710740112923
rpi_static_native_rtkfixed_180s,native_ds,static,1786051998.031286,1786051998.0072732,-24.01280403137207,-0.07060079019237264,0.6641165340162587,-0.004785173220266642,0.6856113140179051,-0.065815616972106,-0.021494780001646396,0.06923670272866946,100.0,0.0,0.129,0.123,98,98,True,0.00011563301086425781,0.01102744697427469
rpi_static_native_rtkfixed_180s,native_ds,static,1786051999.7199411,1786051999.7197819,-0.15926361083984375,-0.09457803134303722,0.6510746052170795,-0.0015950576175200737,0.6756105007982038,-0.09298297372551714,-0.024535895581124345,0.09616570893415204,10.0,0.0,0.148,0.141,98,98,True,0.29959607124328613,0.02017268611631388
rpi_static_native_rtkfixed_180s,native_ds,static,1786052001.2700765,1786052001.2894855,19.4089412689209,-0.07655184092770806,0.636106089622329,-0.0031901152944985856,0.6800553062588393,-0.07336172563320947,-0.0439492166365103,0.08551886593521466,30.0,0.0,0.144,0.137,98,98,True,0.4575924873352051,0.014472892842325828
rpi_static_native_rtkfixed_180s,native_ds,static,1786052002.8918135,1786052002.8909554,-0.8580684661865234,-0.05958158052727658,0.6531357772865674,-0.004785172979743707,0.6833889104529958,-0.05479640754753287,-0.030253133166428414,0.06259311740519855,10.0,0.0,0.116,0.11,98,98,True,0.5332088470458984,0.018644425014461695
rpi_static_native_rtkfixed_180s,native_ds,static,1786052004.432596,1786052004.436016,3.420114517211914,-0.2647018697761081,0.7217773604448521,-0.005582702140775941,0.6778329026115324,-0.25911916763533216,0.04394445783331968,0.26281906021118745,70.0,0.0,0.014,0.008,98,98,True,0.7014315128326416,0.19968246209691037
rpi_static_native_rtkfixed_180s,native_ds,static,1786052006.0062387,1786052006.0104105,4.171848297119141,-0.03656064133159642,0.6411759964127892,-0.007177759756862245,0.6845001116160713,-0.029382881574734176,-0.043324115203282054,0.052348187053441575,70.0,0.0,0.123,0.117,98,98,True,0.5939180850982666,0.046167464509155605
rpi_static_native_rtkfixed_180s,native_ds,static,1786052007.5614235,1786052007.53822,-23.203611373901367,-0.07358155914214093,0.653111307236764,-0.0031901151798484906,0.6789441045071463,-0.07039144396229244,-0.025832797270382235,0.07498192314090926,100.0,0.0,0.144,0.138,98,98,True,0.5185089111328125,0.004740950593213245
rpi_static_native_rtkfixed_180s,native_ds,static,1786052009.2416966,1786052009.2512355,9.538888931274414,-0.09658327187011861,0.6540711049131502,-0.004785173031468082,0.6756104995674109,-0.09179809883865053,-0.02153939465426069,0.09429123221414941,20.0,0.0,0.145,0.138,98,98,True,0.2384810447692871,0.020014511985967067
rpi_static_native_rtkfixed_180s,native_ds,static,1786052010.2908802,1786052010.3103456,19.46544647216797,-0.07155010070455625,0.6351148304533396,-0.004785172881477118,0.6789441058217673,-0.06676492782307913,-0.043829275368427734,0.07986589363766258,30.0,0.0,0.147,0.14,98,98,True,0.5892932415008545,0.01582261586821946
rpi_static_native_rtkfixed_180s,native_ds,static,1786052011.8948908,1786052011.9038787,8.987903594970703,-0.07856232503689009,0.6421025847358699,-0.006380230658777131,0.682277709965733,-0.07218209437811296,-0.04017512522986311,0.08260929388419919,20.0,0.0,0.14,0.133,98,98,True,0.42253947257995605,0.010770578734084496
rpi_static_native_rtkfixed_180s,native_ds,static,1786052013.4675121,1786052013.4492095,-18.30267906188965,-0.08260251972295674,0.6650955581603464,-0.004785173091287953,0.6822777098639792,-0.07781734663166878,-0.017182151703632798,0.07969169200086007,50.0,0.0,0.139,0.133,98,98,True,0.31618475914001465,0.013055490297495713
rpi_static_native_rtkfixed_180s,native_ds,static,1786052015.0868573,1786052015.0697598,-17.09747314453125,-0.08059028775307442,0.6580990645743148,-0.003987644071078877,0.6789441047755348,-0.07660264368199554,-0.020845040201220022,0.07938816486140267,50.0,0.0,0.128,0.122,98,98,True,0.1242527961730957,0.0091978840292438
rpi_static_native_rtkfixed_180s,native_ds,static,1786052016.6544843,1786052016.6596818,5.1975250244140625,-0.07554659887311699,0.6331078420655576,-0.006380230532904291,0.6811665081525168,-0.0691663683402127,-0.04805866608695919,0.08422364214062354,70.0,0.0,0.145,0.138,98,98,True,0.06640982627868652,0.019063874531221534
rpi_static_native_rtkfixed_180s,native_ds,static,1786052018.2898643,1786052018.2861538,-3.710508346557617,-0.07758330089280252,0.654104314266454,-0.009570346490544418,0.6756105009353031,-0.0680129544022581,-0.02150618666884907,0.07133216687833772,70.0,0.0,0.129,0.123,98,98,True,0.3036472797393799,0.009633882914794101
rpi_static_native_rtkfixed_180s,native_ds,static,1786052019.3582478,1786052019.3804905,22.24278450012207,0.12639366530611962,0.6674608579916752,-0.00638023063322582,0.680055306169717,0.13277389593934544,-0.012594448178041784,0.13336989003452582,90.0,0.0,0.063,0.036,98,98,True,0.056502342224121094,0.20688847745312278
rpi_static_native_rtkfixed_180s,native_ds,static,1786052021.0346353,1786052021.0336874,-0.9479522705078125,-0.07157457075435947,0.6491148090682044,-0.003987644185728972,0.6800553065272279,-0.0675869265686305,-0.030940497459023497,0.07433240898830934,10.0,0.0,0.14,0.133,98,98,True,0.17027020454406738,0.006018504982378119
rpi_static_native_rtkfixed_180s,native_ds,static,1786052022.6248853,1786052022.6245005,-0.3848075866699219,-0.08451861935432625,0.6170921357594104,-0.001595057497709218,0.6778329026536993,-0.08292356185661703,-0.06074076689428898,0.1027898724286325,10.0,0.0,0.14,0.133,98,98,True,0.34310173988342285,0.032675467907174086
rpi_static_native_rtkfixed_180s,native_ds,static,1786052024.2022283,1786052024.2215946,19.36626434326172,-0.08753958910019999,0.6290868738471938,-0.00957034646499308,0.673388098471547,-0.07796924263520691,-0.044301224624353264,0.08967609101831531,30.0,0.0,0.125,0.119,98,98,True,0.5350735187530518,0.015505707471562503
rpi_static_passive_rtkfixed_180s,passive_ds,static,1786051563.6693907,1786051563.7172759,47.88517951965332,-0.005986593640181503,0.7444777624901038,-0.054231924175401014,2.2790731541836267,0.04824533053521951,-1.5345953916935229,1.5353535840728836,70.0,0.0,0.07,0.201,2147484431,2147484436,False,0.4752922058105469,0.1010911542037699
rpi_static_passive_rtkfixed_180s,passive_ds,static,1786051565.2452714,1786051565.235021,-10.250329971313477,-0.029296347677934986,0.7017034495424461,-0.0566245092018165,2.275739555597987,0.02732816152388151,-1.5740361060555408,1.5742733217515836,70.0,0.0,0.07,0.198,2147484446,2147484446,True,0.00011324882507324219,0.12104760508489193
rpi_static_passive_rtkfixed_180s,passive_ds,static,1786051566.352094,1786051566.3782706,26.17669105529785,-0.018819139332296286,0.7566145422768109,-0.0542319242229472,2.277961956796194,0.03541278489065092,-1.5213474145193833,1.5217595148375198,50.0,0.0,0.068,0.203,2147484457,2147484457,True,0.057031869888305664,0.08266511655548091
rpi_static_passive_rtkfixed_180s,passive_ds,static,1786051567.9778724,1786051568.0018206,23.948192596435547,-0.026847380626682016,0.7417256808730492,-0.06220720705819294,2.277961957051549,0.03535982643151092,-1.5362362761784998,1.536643164033879,50.0,0.0,0.081,0.236,2147484472,2147484476,False,0.5377769470214844,0.09344040174154605
rpi_static_passive_rtkfixed_180s,passive_ds,static,1786051569.461125,1786051569.4468226,-14.302253723144531,-0.04722811094647261,0.7728813788872948,-0.0590170934359,2.2779619530533544,0.011788982489427391,-1.5050805741660596,1.5051267437794638,210.0,0.0,0.062,0.179,2147484485,2147484487,False,0.20028090476989746,0.054469684435811856
rpi_static_passive_rtkfixed_180s,passive_ds,static,1786051571.2015936,1786051571.210082,8.48841667175293,-0.06630127526082841,0.7724433358747786,-0.059814622011837404,2.2790731542033895,-0.006486653248991003,-1.5066298183286109,1.506643782102218,90.0,0.0,0.062,0.174,2147484501,2147484497,False,0.48783445358276367,0.04566942451449814
rpi_static_passive_rtkfixed_180s,passive_ds,static,1786051572.8195055,1786051572.8370006,17.495155334472656,-0.01924736555967488,0.7733897852077387,-0.055826980720589336,2.273517154099715,0.03657961516091446,-1.5001273688919765,1.5005732874951776,100.0,0.0,0.075,0.214,2147484514,2147484515,False,0.00010704994201660156,0.07091081009813616
rpi_static_passive_rtkfixed_180s,passive_ds,static,1786051574.5017,1786051574.48716,-14.539957046508789,-0.06854906908738712,0.737046438983965,-0.05502945205865917,2.275739556002453,-0.013519617028727948,-1.538693117018488,1.5387525104462623,10.0,0.0,0.073,0.218,2147484530,2147484536,False,0.5367743968963623,0.07471800433455078
rpi_static_passive_rtkfixed_180s,passive_ds,static,1786051575.5493681,1786051575.5633497,13.98158073425293,-0.01900528539266,0.6721682929387596,-0.05582698081219384,2.2701835514107698,0.03682169541953384,-1.5980152584720102,1.598439427555181,40.0,0.0,0.053,0.112,2147484540,2147484546,False,0.4864640235900879,0.14678637960524105
rpi_static_passive_rtkfixed_180s,passive_ds,static,1786051577.16436,1786051577.166964,2.6040077209472656,-0.012640399026591975,0.7725772482169235,-0.055029452239362175,2.271294752601444,0.0423890532127702,-1.4987175043845204,1.499316841024885,30.0,0.0,0.073,0.211,2147484555,2147484556,False,0.0018112659454345703,0.07536140141483053
rpi_static_passive_rtkfixed_180s,passive_ds,static,1786051578.7673643,1786051578.7854266,18.062353134155273,-0.016515940089551595,0.740524227594344,-0.056624508941804264,2.274628351239643,0.04010856885225267,-1.534104123645299,1.5346283457179093,50.0,0.0,0.067,0.202,2147484572,2147484577,False,0.5063014030456543,0.09500762094914932
rpi_static_passive_rtkfixed_180s,passive_ds,static,1786051580.3787286,1786051580.383099,4.370450973510742,-0.00038935857348454395,0.7304647723598237,-0.06300473540733531,2.274628355385835,0.06261537683385077,-1.5441635830260112,1.5454325791052077,30.0,0.0,0.066,0.199,2147484587,2147484587,True,0.05376243591308594,0.11813256056188938
rpi_static_passive_rtkfixed_180s,passive_ds,static,1786051581.9504533,1786051581.9117262,-38.7270450592041,-0.027926166839570388,0.7327347843489607,-0.0606121503225332,2.2779619568707554,0.03268598348296281,-1.5452271725217948,1.5455728349760645,90.0,0.05,0.068,0.209,2147484601,2147484596,False,0.5425131320953369,0.09889525480775618
rpi_static_passive_rtkfixed_180s,passive_ds,static,1786051583.5927684,1786051583.596585,3.8166046142578125,-0.05434557765733583,0.793738337787155,-0.062207207124245656,2.2724059532311074,0.007861629466909825,-1.4786676154439524,1.4786885142519297,30.0,0.0,0.069,0.203,2147484617,2147484618,False,0.003000497817993164,0.035587389334287164
rpi_static_passive_rtkfixed_180s,passive_ds,static,1786051584.659808,1786051584.6541378,-5.670070648193359,-0.040178370026942356,0.758811065779752,-0.05901709375885944,2.271294752582807,0.018838723731917084,-1.512483686803055,1.5126010050099825,20.0,0.0,0.077,0.237,2147484626,2147484626,True,6.222724914550781e-05,0.0646905395651564
rpi_static_passive_rtkfixed_180s,passive_ds,static,1786051586.2877169,1786051586.3013082,13.591289520263672,-0.03771558444799916,0.756821446693249,-0.059017093449177827,2.27240595316215,0.021301509001178665,-1.515584506468901,1.5157341952117824,40.0,0.0,0.077,0.241,2147484642,2147484647,False,0.48790454864501953,0.06864071948387114
rpi_static_passive_rtkfixed_180s,passive_ds,static,1786051587.9255607,1786051587.8974323,-28.128385543823242,-0.027892814497376794,0.8092355983623749,-0.06380226372636622,2.276850751853716,0.03590944922898942,-1.4676151534913413,1.4680544020237611,60.0,0.0,0.064,0.195,2147484658,2147484658,True,5.984306335449219e-05,0.06090682089555598
rpi_static_passive_rtkfixed_180s,passive_ds,static,1786051589.4504607,1786051589.464298,13.837337493896484,-0.009058736511101562,0.7245442211040594,-0.06858743310462145,2.2790731541497165,0.05952869659351989,-1.554528933045657,1.5556683031399052,100.0,0.0,0.069,0.208,2147484672,2147484668,False,0.44661808013916016,0.12319079434991383
rpi_static_passive_rtkfixed_180s,passive_ds,static,1786051592.1031196,1786051592.081762,-21.35753631591797,-0.10812067043644591,0.8080794122404855,-0.06061215023761268,2.272405949413706,-0.047508520198833226,-1.4643265371732204,1.4650970162283443,120.0,0.0,0.059,0.182,2147484698,2147484699,False,0.1142582893371582,0.02257996849262163
rpi_static_passive_rtkfixed_180s,passive_ds,static,1786051593.7919226,1786051593.7945216,2.599000930786133,-0.10452776149106502,0.8215919205985465,-0.06140967839172351,2.2712947487467683,-0.04311808309934151,-1.4497028281482218,1.4503439106057274,30.0,0.0,0.057,0.169,2147484715,2147484718,False,0.42362260818481445,0.023667293838279955
rpi_static_passive_rtkfixed_180s,passive_ds,static,1786051595.3388562,1786051595.3153005,-23.555755615234375,-0.0798881271060683,0.7786182976142131,-0.05981462207478461,2.2712947487083683,-0.02007350503128369,-1.4926764510941553,1.4928114191870596,60.0,0.0,0.059,0.175,2147484726,2147484727,False,0.057099342346191406,0.02824567683617266
rpi_static_passive_rtkfixed_180s,passive_ds,static,1786051596.970281,1786051596.9933944,23.113489151000977,-0.09702683238107968,0.8156951530164962,-0.06220720699526727,2.269072349743311,-0.0348196253858124,-1.453377196726815,1.4537942365677143,50.0,0.0,0.065,0.19,2147484742,2147484748,False,0.4978017807006836,0.015145582787822277
rpi_static_passive_rtkfixed_180s,passive_ds,static,1786051598.565837,1786051598.5503516,-15.485286712646484,-0.09921632675993908,0.775534201018174,-0.0677899049617332,2.280184355544308,-0.03142642179820587,-1.504650154526134,1.5049783079840577,70.0,0.0,0.053,0.154,2147484758,2147484759,False,0.056557416915893555,0.04032390934832706
rpi_static_passive_rtkfixed_180s,passive_ds,static,1786051600.1622334,1786051600.1892567,27.0233154296875,-0.08005265536479655,0.81112154048341,-0.0701824897081964,2.273517150500395,-0.00987016565660015,-1.4623956100169848,1.4624289180562036,110.0,0.0,0.055,0.169,2147484774,2147484770,False,0.4923899173736572,0.015263496594658256
rpi_static_passive_rtkfixed_180s,passive_ds,static,1786051601.3154368,1786051601.3088446,-6.592273712158203,-0.0775235620196264,0.8069238203891453,-0.06778990493868742,2.275739552435929,-0.009733657080938984,-1.4688157320467838,1.4688479835531991,20.0,0.0,0.055,0.156,2147484785,2147484790,False,0.4825441837310791,0.01570923953189082
rpi_static_passive_rtkfixed_180s,passive_ds,static,1786051602.8229556,1786051602.8339572,11.0015869140625,-0.08040159575571904,0.7801466088336717,-0.06858743308718696,2.2746283514051644,-0.01181416266853208,-1.4944817425714927,1.494528438444409,150.0,0.0,0.048,0.139,2147484799,2147484801,False,0.11389994621276855,0.03240456477091056
rpi_static_passive_rtkfixed_180s,passive_ds,static,1786051604.5211933,1786051604.5322545,11.06119155883789,-0.12293023687067628,0.8054083482263952,-0.0630047350480527,2.282406754637599,-0.05992550182262357,-1.4769984064112038,1.4782135699248362,40.0,0.0,0.058,0.172,2147484815,2147484821,False,0.545717716217041,0.03703900366852789
rpi_static_passive_rtkfixed_180s,passive_ds,static,1786051606.1147645,1786051606.1378899,23.125410079956055,-0.09591469015129961,0.8334276718504166,-0.07098001820375233,2.277961953068639,-0.024934671947547282,-1.4445342812182225,1.4447494687591265,50.0,0.0,0.066,0.196,2147484830,2147484830,True,0.0009043216705322266,0.02031794812319143
rpi_static_passive_rtkfixed_180s,passive_ds,static,1786051607.7400138,1786051607.7449465,4.932641983032227,-0.05739581286525952,0.7873977844183306,-0.0709800185410403,2.2735171543341934,0.01358420567578078,-1.4861193699158628,1.486181453350486,30.0,0.0,0.055,0.172,2147484841,2147484839,False,0.5086524486541748,0.04399994547240137
rpi_static_passive_rtkfixed_180s,passive_ds,static,1786051609.282968,1786051609.291549,8.580923080444336,-0.0950056923871575,0.822387501471245,-0.07417013129267436,2.276850755838877,-0.020835561094483146,-1.454463254367632,1.4546124841042045,90.0,0.0,0.058,0.174,2147484856,2147484856,True,0.057433128356933594,0.011168415769104264
rpi_static_passive_rtkfixed_180s,passive_ds,static,1786051610.3922148,1786051610.377871,-14.343738555908203,-0.0933731077094776,0.7889719746964614,-0.0717775465948296,2.2735171543177954,-0.021595561114648,-1.484545179621334,1.4847022457707792,70.0,0.0,0.064,0.186,2147484866,2147484867,False,0.05742597579956055,0.019974031938539392
rpi_static_passive_rtkfixed_180s,passive_ds,static,1786051611.9492729,1786051611.972713,23.440122604370117,-0.12735379138057268,0.8299705768731362,-0.0709800183071796,2.279073154092679,-0.056373773073393085,-1.4491025772195427,1.4501987041763797,110.0,0.0,0.056,0.166,2147484882,2147484878,False,0.4827280044555664,0.03516345576818525
rpi_static_passive_rtkfixed_180s,passive_ds,static,1786051613.5062766,1786051613.4880185,-18.258094787597656,-0.11494599458241006,0.836158443964095,-0.07257507467166491,2.2779619567436464,-0.04237091991074515,-1.4418035127795514,1.4424259649346087,180.0,0.0,0.062,0.182,2147484896,2147484899,False,0.17373085021972656,0.028900970194496847
rpi_static_passive_rtkfixed_180s,passive_ds,static,1786051615.2262523,1786051615.250874,24.62172508239746,-0.07229917341554937,0.8046885958424363,-0.07417013129267436,2.276850755838877,0.0018709578771249902,-1.4721621599964405,1.4721633488878751,50.0,0.0,0.057,0.172,2147484913,2147484918,False,0.5353536605834961,0.02778447185891172
rpi_static_passive_rtkfixed_180s,passive_ds,static,1786051616.8266428,1786051616.8036783,-22.9644775390625,-0.08634562123714085,0.7836711407392105,-0.07257507476637515,2.27685075572928,-0.013770546470765699,-1.4931796149900696,1.4932431116773972,60.0,0.0,0.05,0.136,2147484927,2147484928,False,0.058248043060302734,0.030447963402319485
rpi_static_passive_rtkfixed_180s,passive_ds,static,1786051618.427071,1786051618.4047847,-22.286415100097656,-0.10468783417350735,0.8167093734717632,-0.0677899049862336,2.274628355714626,-0.03689792918727375,-1.4579189822428629,1.4583858254804776,60.0,0.0,0.055,0.162,2147484941,2147484936,False,0.49534153938293457,0.013827126929099697
rpi_static_passive_rtkfixed_180s,passive_ds,static,1786051619.976098,1786051619.9481695,-27.928590774536133,-0.07388748855291438,0.7454344767172456,-0.07098001829535638,2.2746283517119528,-0.002907470257557998,-1.5291938749947072,1.5291966389920646,110.0,0.0,0.051,0.147,2147484955,2147484957,False,0.11397504806518555,0.06800768323995031
rpi_static_passive_rtkfixed_180s,passive_ds,static,1786051621.1396208,1786051621.1424906,2.869844436645508,-0.09239524021541112,0.8054676526261986,-0.07177754653295487,2.2724059493029953,-0.02061769368245625,-1.4669382966767968,1.4670831794924941,30.0,0.0,0.056,0.167,2147484967,2147484967,True,0.0555262565612793,0.004794578007397492
rpi_static_passive_rtkfixed_180s,passive_ds,static,1786051622.715652,1786051622.7542584,38.60640525817871,-0.10197235901724999,0.7761948510303851,-0.07098001820375233,2.277961953068639,-0.030992340813497665,-1.501767102038254,1.502086866314154,40.0,0.0,0.054,0.162,2147484980,2147484986,False,0.5255887508392334,0.037408597652323315
rpi_static_passive_rtkfixed_180s,passive_ds,static,1786051624.3210974,1786051624.3315275,10.430097579956055,-0.0918663569067577,0.8105171923472296,-0.0717775463491459,2.274628351695555,-0.020088810557611803,-1.4641111593483256,1.4642489703728385,40.0,0.0,0.044,0.13,2147484995,2147484996,False,0.00031065940856933594,0.004902199235559825
rpi_static_passive_rtkfixed_180s,passive_ds,static,1786051625.8970404,1786051625.8725643,-24.476051330566406,-0.07003696504113566,0.7732005588214896,-0.07098001829846234,2.2768507520542727,0.000943053257326687,-1.503650193232783,1.5036504889629212,60.0,0.0,0.054,0.163,2147485010,2147485006,False,0.4862539768218994,0.04663623766873731
rpi_static_passive_rtkfixed_180s,passive_ds,static,1786051627.499548,1786051627.505075,5.527019500732422,-0.08769526781410897,0.8125949635603993,-0.07018248986478137,2.2735171545008286,-0.017512777949327596,-1.4609221909404293,1.4610271542218805,90.0,0.0,0.057,0.174,2147485026,2147485027,False,0.05744338035583496,0.008398196970423058
rpi_static_passive_rtkfixed_180s,passive_ds,static,1786051629.1079862,1786051629.1202283,12.24207878112793,-0.08192916153338436,0.7851693398788813,-0.07417013139299589,2.275739555854467,-0.007759030140388479,-1.4905702159755858,1.4905904103080174,100.0,0.0,0.058,0.176,2147485041,2147485048,False,0.6050031185150146,0.030926000517416834
rpi_static_passive_rtkfixed_180s,passive_ds,static,1786051630.1686065,1786051630.1585767,-10.029792785644531,-0.0929337822646139,0.7991657080707304,-0.06938496168762476,2.2701835513932576,-0.02354882057698915,-1.4710178433225272,1.4712063221464984,130.0,0.0,0.053,0.16,2147485051,2147485048,False,0.43334531784057617,0.006319444578867447
rpi_static_passive_rtkfixed_180s,passive_ds,static,1786051631.7764478,1786051631.7585168,-17.930984497070312,-0.07307895867989289,0.78918703448928,-0.06380226403189138,2.2657387473063553,-0.009276694648001516,-1.4765517128170753,1.4765808537586524,120.0,0.0,0.055,0.172,2147485066,2147485066,True,0.05915379524230957,0.019546103619656908
rpi_static_passive_rtkfixed_180s,passive_ds,static,1786051633.4389544,1786051633.3432875,-95.66688537597656,-0.07934717001094838,0.8304182111915717,-0.0590170937465857,2.2635163482294556,-0.020330076264362673,-1.433098137037884,1.4332423320507834,130.0,0.0,0.06,0.18,2147485081,2147485077,False,0.4409215450286865,0.03208620699656949
rpi_static_passive_rtkfixed_180s,passive_ds,static,1786051635.1640575,1786051635.1891685,25.110960006713867,-0.0869740396840738,0.8024008703644361,-0.061409678781718435,2.262405151016092,-0.025564360902355365,-1.4600042806516558,1.4602280767296267,50.0,0.0,0.058,0.17,2147485098,2147485098,True,0.0568089485168457,0.004888672077193854
rpi_static_passive_rtkfixed_180s,passive_ds,static,1786051636.1962225,1786051636.125074,-71.14863395690918,-0.09184074196408021,0.8002065013714894,-0.05981462254205505,2.256849146552643,-0.03202611942202516,-1.4566426451811534,1.4569946698892147,70.0,0.0,0.054,0.16,2147485106,2147485106,True,0.0576634407043457,0.010848313203797125
rpi_static_passive_rtkfixed_180s,passive_ds,static,1786051639.3603082,1786051639.3410244,-19.283771514892578,-0.07349050791058265,0.7901084446908921,-0.05981462250012015,2.257960342971642,-0.013675885410462496,-1.4678518982807498,1.4679156055877876,120.0,0.05,0.056,0.159,2147485134,2147485136,False,0.11391043663024902,0.011651535865852972
rpi_static_passive_rtkfixed_180s,passive_ds,static,1786051641.0237212,1786051641.0162334,-7.487773895263672,-0.08633990473830999,0.7759239313340585,-0.058219565664139106,2.259071544107518,-0.028120339074170886,-1.4831476127734597,1.4834141683108122,50.0,0.0,0.049,0.136,2147485149,2147485155,False,0.514031171798706,0.01857066315367407
rpi_static_passive_rtkfixed_180s,passive_ds,static,1786051642.6365972,1786051642.6325634,-4.033803939819336,-0.06943453331881588,0.7786321621349277,-0.05901709390424292,2.254626740387808,-0.01041743941457296,-1.4759945782528803,1.4760313404788714,20.0,0.0,0.07,0.208,2147485164,2147485164,True,0.06243896484375,0.018300327310769714
rpi_static_passive_rtkfixed_180s,passive_ds,static,1786051644.2137764,1786051644.2287233,14.946937561035156,-0.08293871356668059,0.8029174348301016,-0.06061215049552282,2.257960347186784,-0.022326563071157768,-1.4550429123566824,1.4552141946180934,40.0,0.0,0.054,0.148,2147485177,2147485182,False,0.4271864891052246,0.01015011978343331
rpi_static_passive_rtkfixed_180s,passive_ds,static,1786051646.8536832,1786051646.8511522,-2.5310516357421875,-0.10642675587945272,0.8308858688352831,-0.06380226394795319,2.26351634840801,-0.04262449193149953,-1.432630479572727,1.4332644341897276,80.0,0.0,0.062,0.178,2147485201,2147485202,False,0.058296918869018555,0.036758276472388024
rpi_static_passive_rtkfixed_180s,passive_ds,static,1786051648.4410133,1786051648.5391183,98.10495376586914,-0.08139465572387439,0.7913994053253779,-0.06300473553944119,2.263516345080431,-0.018389920184433195,-1.472116939755053,1.4722318001857495,100.0,0.0,0.052,0.152,2147485214,2147485216,False,0.17740631103515625,0.009778026029563564
rpi_static_passive_rtkfixed_180s,passive_ds,static,1786051650.1196933,1786051650.1168149,-2.878427505493164,-0.09228759204730652,0.7931965918222357,-0.0614096788656564,2.264627549914437,-0.03087791318165012,-1.4714309580922014,1.4717549082488521,20.0,0.0,0.046,0.134,2147485223,2147485223,True,0.06016874313354492,0.008865764960970813
rpi_static_passive_rtkfixed_180s,passive_ds,static,1786051653.2915823,1786051653.282931,-8.651256561279297,-0.08046044406885045,0.7766891810555423,-0.05901709392418297,2.256849143153867,-0.021443350144667472,-1.4801599620983246,1.4803152808318707,70.0,0.0,0.052,0.152,2147485253,2147485254,False,0.05481147766113281,0.01570082832490884
rpi_static_passive_rtkfixed_180s,passive_ds,static,1786051654.9211562,1786051654.8990498,-22.106409072875977,-0.10837419314201557,0.7992147554027387,-0.06140967882016524,2.260182744684622,-0.04696451432185034,-1.4609679892818832,1.4617226588213772,60.0,0.0,0.052,0.162,2147485269,2147485264,False,0.48012709617614746,0.02236965077681593
rpi_static_passive_rtkfixed_180s,passive_ds,static,1786051655.9536378,1786051655.9531991,-0.438690185546875,-0.09848074807296814,0.7891713064722277,-0.06140967889433502,2.2524043392511235,-0.03707106917863312,-1.4632330327788958,1.4637025559810204,80.0,0.0,0.055,0.161,2147485279,2147485275,False,0.4790341854095459,0.012243934631431938
rpi_static_passive_rtkfixed_180s,passive_ds,static,1786051660.9039664,1786051660.8984056,-5.560874938964844,-0.0849642601923355,0.7944752025339872,-0.060612150597967984,2.25573793765373,-0.02435210959436751,-1.461262735119743,1.461465636370328,20.0,0.0,0.053,0.154,2147485325,2147485325,True,0.0006504058837890625,0.003636460870510193
rpi_static_passive_rtkfixed_180s,passive_ds,static,1786051662.5248387,1786051662.5392568,14.41812515258789,-0.07870960065370036,0.7980913276812265,-0.060612150427436395,2.252404339488955,-0.018097450226263967,-1.4543130118077285,1.4544256096541888,40.0,0.0,0.046,0.138,2147485339,2147485345,False,0.5352592468261719,0.012562750777131948
rpi_static_passive_rtkfixed_180s,passive_ds,static,1786051664.1111865,1786051664.0871806,-24.005889892578125,-0.10230222103959696,0.8193217584694086,-0.06220720728085194,2.255737941763761,-0.040095013758745024,-1.4364161832943525,1.4369756649847027,60.0,0.0,0.057,0.173,2147485354,2147485354,True,0.0003643035888671875,0.0322249077364536
rpi_static_passive_rtkfixed_180s,passive_ds,static,1786051665.1771433,1786051665.1772246,0.08130073547363281,-0.08864237835747679,0.7853569460421816,-0.059017093823861444,2.2579603431382766,-0.029625284533615348,-1.472603397096095,1.472901362149773,90.0,0.0,0.064,0.2,2147485364,2147485365,False,0.0012187957763671875,0.009059936423275175
rpi_static_passive_rtkfixed_180s,passive_ds,static,1786051666.813954,1786051666.8126493,-1.3048648834228516,-0.06389141003049081,0.7905260746417744,-0.06300473555271902,2.257960343190836,-0.0008866744777717983,-1.4674342685490616,1.467434536428712,80.0,0.0,0.048,0.152,2147485380,2147485375,False,0.5395371913909912,0.024186217330871684
rpi_static_passive_rtkfixed_180s,passive_ds,static,1786051668.461014,1786051668.483935,22.921085357666016,-0.07112889259035626,0.7765867489488647,-0.06220720728085194,2.255737941763761,-0.008921685309504324,-1.4791511928148964,1.479178098700252,50.0,0.0,0.058,0.175,2147485396,2147485396,True,0.05671238899230957,0.02146802500199141
rpi_static_passive_rtkfixed_180s,passive_ds,static,1786051670.0553596,1786051670.0762296,20.869970321655273,-0.09122956206332744,0.8150419517886149,-0.06300473569808118,2.2579603471297465,-0.02822482636524626,-1.4429183953411315,1.4431944208723835,50.0,0.0,0.056,0.163,2147485411,2147485416,False,0.4339604377746582,0.02217922879732853
rpi_static_passive_rtkfixed_180s,passive_ds,static,1786051671.6582425,1786051671.6733484,15.105962753295898,-0.1208063538958366,0.8110159787054663,-0.0645997918553296,2.255737941493133,-0.056206562040507,-1.4447219627876668,1.4458149008007428,40.0,0.0,0.054,0.165,2147485425,2147485425,True,0.0003261566162109375,0.03719084217265132
rpi_static_passive_rtkfixed_180s,passive_ds,static,1786051672.7627983,1786051672.75786,-4.938364028930664,-0.09056488283847863,0.7872705166818772,-0.06699237694323745,2.254626740350533,-0.02357250589524118,-1.4673562236686557,1.4675455530147332,20.0,0.0,0.05,0.137,2147485433,2147485434,False,0.0005252361297607422,0.0028505234510374225
rpi_static_passive_rtkfixed_180s,passive_ds,static,1786051676.0263062,1786051676.0099435,-16.362667083740234,-0.09072883172838886,0.788133819536168,-0.06380226422897772,2.2579603430242012,-0.026926567499411136,-1.4698265234880332,1.4700731441619557,10.0,0.0,0.052,0.148,2147485465,2147485465,True,0.04257988929748535,0.005358287986533219
rpi_static_passive_rtkfixed_180s,passive_ds,static,1786051679.2755146,1786051679.259225,-16.289710998535156,-0.10249161151541974,0.8686453505717209,-0.06380226423208368,2.260182744698781,-0.03868934728333606,-1.3915373941270603,1.392075136207504,10.0,0.0,0.053,0.16,2147485493,2147485493,True,8.535385131835938e-05,0.07459394181902959
rpi_static_passive_rtkfixed_180s,passive_ds,static,1786051680.8827553,1786051680.819409,-63.34638595581055,-0.09537137848374622,0.7895608837310819,-0.0661948488863422,2.252404339358481,-0.029176529597404022,-1.4628434556273993,1.463134390803271,20.0,0.0,0.058,0.175,2147485507,2147485502,False,0.5558276176452637,0.004693455886206275
rpi_static_passive_rtkfixed_180s,passive_ds,static,1786051681.845832,1786051681.8346064,-11.225700378417969,-0.11216827486949932,0.7945120720628367,-0.06619484880240423,2.250181940460136,-0.04597342606709509,-1.4556698683972993,1.4563956610976831,130.0,0.0,0.059,0.178,2147485513,2147485511,False,0.41954731941223145,0.022955281035325868
rpi_static_passive_rtkfixed_180s,passive_ds,static,1786051683.520689,1786051683.507279,-13.410091400146484,-0.1248760614931409,0.7964417133486972,-0.059814622257542416,2.261293942690111,-0.06506143923559848,-1.464852229341414,1.4662963700022986,70.0,0.0,0.048,0.137,2147485529,2147485530,False,0.05710434913635254,0.0401267672880512
rpi_static_passive_rtkfixed_180s,passive_ds,static,1786051685.0530434,1786051685.0344777,-18.565654754638672,-0.11608461355993072,0.8414860432681017,-0.0701824903449475,2.2546267435498777,-0.045902123214983215,-1.413140700281776,1.4138860080319458,120.0,0.0,0.062,0.184,2147485543,2147485539,False,0.4833714962005615,0.055800683242574006
rpi_static_passive_rtkfixed_180s,passive_ds,static,1786051686.6836467,1786051686.701698,18.0513858795166,-0.11487267943021595,0.7696675026288569,-0.0653973203396625,2.2601827446659843,-0.04947535909055345,-1.4905152420371275,1.491336145173896,100.0,0.0,0.055,0.153,2147485558,2147485559,False,0.05692744255065918,0.03550824617002739
rpi_static_passive_rtkfixed_180s,passive_ds,static,1786051688.2522628,1786051688.2699122,17.649412155151367,-0.09833803387187978,0.8128554988141161,-0.06858743371522058,2.2535155430823703,-0.0297506001566592,-1.4406600442682542,1.4409671964901525,160.0,0.0,0.051,0.144,2147485571,2147485567,False,0.48370361328125,0.024666880287732576
rpi_static_passive_rtkfixed_180s,passive_ds,static,1786051689.9739518,1786051689.9429715,-30.980348587036133,-0.11242637766571684,0.7909469230125579,-0.0685874336215615,2.2624051477224345,-0.04383894404415534,-1.4714582247098766,1.472111123550545,50.0,0.0,0.051,0.15,2147485588,2147485589,False,0.05670452117919922,0.020025251017421603
rpi_static_passive_rtkfixed_180s,passive_ds,static,1786051692.7134397,1786051692.6345868,-78.85289192199707,-0.1178716031571232,0.8083945601289813,-0.0725750750893559,2.2535155397909525,-0.045296528067767294,-1.4451209796619713,1.445830702853612,60.0,0.0,0.056,0.164,2147485612,2147485608,False,0.44185566902160645,0.028353613501157938
rpi_static_passive_rtkfixed_180s,passive_ds,static,1786051694.324473,1786051694.3479629,23.489952087402344,-0.11509629896347784,0.8424172546904902,-0.0677899053619897,2.2512931351809313,-0.04730639360148814,-1.408875880490441,1.4096698696869756,50.0,0.0,0.057,0.175,2147485626,2147485626,True,0.0588991641998291,0.06028138651729247
rpi_static_passive_rtkfixed_180s,passive_ds,static,1786051695.8889987,1786051695.896568,7.569313049316406,-0.1302795131352088,0.7780567919444747,-0.0709800188364147,2.2535155365509687,-0.05929949429879411,-1.475458744606494,1.476649903348747,90.0,0.0,0.054,0.159,2147485640,2147485636,False,0.546720027923584,0.03596441548671589
rpi_static_passive_rtkfixed_180s,passive_ds,static,1786051696.9863005,1786051696.9745948,-11.705636978149414,-0.0973571782715471,0.7981168238717666,-0.07257507506069838,2.249070736318747,-0.024782103210848727,-1.4509539124469804,1.4511655345565346,70.0,0.0,0.049,0.148,2147485651,2147485647,False,0.48030519485473633,0.013899154280657324
rpi_static_passive_rtkfixed_180s,passive_ds,static,1786051698.5572448,1786051698.5792093,21.964550018310547,-0.10481438377244245,0.81030976865783,-0.07018249025381507,2.244625932743669,-0.03463189351862739,-1.434316164085839,1.4347342006819943,110.0,0.0,0.064,0.182,2147485666,2147485667,False,0.0001823902130126953,0.032038841856274175
rpi_static_passive_rtkfixed_180s,passive_ds,static,1786051700.292557,1786051700.287005,-5.552053451538086,-0.06936022674447029,0.7971886372614252,-0.06778990544237118,2.247959532430462,-0.0015703213020991091,-1.450770895169037,1.450771745030403,20.0,0.0,0.053,0.165,2147485682,2147485687,False,0.5129165649414062,0.027279605077009522
rpi_static_passive_rtkfixed_180s,passive_ds,static,1786051701.8788548,1786051701.9644241,85.56938171386719,-0.13320127273488813,0.7963546337212284,-0.0693849619630591,2.2479595321762327,-0.06381631077182903,-1.4516048984550043,1.453006986472911,30.0,0.0,0.061,0.177,2147485697,2147485697,True,0.07935237884521484,0.04107643622900989
rpi_static_passive_rtkfixed_180s,passive_ds,static,1786051703.4706943,1786051703.466961,-3.733396530151367,-0.1106795047940079,0.8045098163354956,-0.07098001885279803,2.250181937002083,-0.03969948594120987,-1.4456721206665875,1.4462171101382477,80.0,0.0,0.071,0.214,2147485712,2147485708,False,0.48593783378601074,0.024204881760620255
rpi_static_passive_rtkfixed_180s,passive_ds,static,1786051706.6591835,1786051706.642852,-16.33143424987793,-0.07731487985634611,0.7935694797349058,-0.07257507502437521,2.2501819337677027,-0.004739804831970895,-1.456612454032797,1.4566201656551692,100.0,0.0,0.06,0.176,2147485740,2147485736,False,0.4886341094970703,0.02181115666241207
rpi_static_passive_rtkfixed_180s,passive_ds,static,1786051709.4491704,1786051709.4426398,-6.530523300170898,-0.12130632107636208,0.8097076517622028,-0.07496765985575893,2.249070736846969,-0.04633866122060315,-1.439363085084766,1.4401088022189341,20.0,0.0,0.054,0.155,2147485764,2147485764,True,0.05674433708190918,0.03328403869330304
rpi_static_passive_rtkfixed_180s,passive_ds,static,1786051711.0679154,1786051711.08567,17.754554748535156,-0.12140732190087411,0.7731903163159206,-0.07177754701252037,2.2490707366989717,-0.04962977488835374,-1.4758804203830511,1.4767146406213763,20.0,0.0,0.056,0.163,2147485780,2147485784,False,0.46410393714904785,0.02704568555070984
rpi_static_passive_rtkfixed_180s,passive_ds,static,1786051712.6687462,1786051712.693312,24.565696716308594,-0.11248105152453813,0.8452314711354472,-0.07496765977537745,2.2524043395974385,-0.037513391749160685,-1.4071728684619913,1.407672808679657,50.0,0.0,0.057,0.175,2147485793,2147485793,True,0.00039076805114746094,0.059035013875717586
rpi_static_passive_rtkfixed_180s,passive_ds,static,1786051713.7292323,1786051713.7023654,-26.866912841796875,-0.10555734218710255,0.8225196651182349,-0.07177754678116521,2.252404335812834,-0.03377979540593734,-1.429884670694599,1.4302836243434616,60.0,0.0,0.062,0.188,2147485803,2147485804,False,0.05820631980895996,0.036068911360236655
rpi_static_passive_rtkfixed_180s,passive_ds,static,1786051715.368458,1786051715.3662438,-2.214193344116211,-0.10973054549123684,0.8465458128573164,-0.07257507508624972,2.251293138782503,-0.03715547040498712,-1.4047473259251864,1.405238619834716,80.0,0.0,0.062,0.175,2147485818,2147485814,False,0.5013985633850098,0.061334715533793785
rpi_static_passive_rtkfixed_180s,passive_ds,static,1786051716.9887016,1786051716.9947317,6.030082702636719,-0.10914698860992389,0.7964587029254115,-0.06380226386864418,2.257960339982527,-0.04534472474127971,-1.4615016370571157,1.4622049032821944,90.0,0.0,0.05,0.152,2147485833,2147485834,False,0.0018076896667480469,0.020683247416654466
rpi_static_passive_rtkfixed_180s,passive_ds,static,1786051718.6559787,1786051718.5960047,-59.973955154418945,-0.10894248743174106,0.8045335307984276,-0.06380226390709076,2.2557379343171875,-0.0451402235246503,-1.45120440351876,1.4519062850515163,20.0,0.0,0.06,0.185,2147485847,2147485843,False,0.5493738651275635,0.024382933872290097
rpi_static_passive_rtkfixed_180s,passive_ds,static,1786051720.2648346,1786051720.2773204,12.485742568969727,-0.09050455003328306,0.7942834613778285,-0.06619484854033697,2.25462673738678,-0.02430970149294609,-1.4603432760089516,1.4605455985251652,40.0,0.0,0.052,0.151,2147485863,2147485863,True,0.058058738708496094,0.004552059778105617
rpi_static_passive_rtkfixed_180s,passive_ds,static,1786051722.9120586,1786051722.882505,-29.553651809692383,-0.11157836309723412,0.8000652483582691,-0.06778990528471396,2.25684913960598,-0.043788457812520165,-1.456783891247711,1.4574418461250593,80.0,0.0,0.063,0.188,2147485886,2147485883,False,0.42481446266174316,0.020507640552646474
rpi_static_passive_rtkfixed_180s,passive_ds,static,1786051724.52777,1786051724.5454538,17.683744430541992,-0.1163190173622678,0.7732090730314534,-0.07018249030241219,2.2512931389819335,-0.0461365270598556,-1.4780840659504801,1.4788039373581097,100.0,0.0,0.058,0.16,2147485901,2147485902,False,0.05743050575256348,0.02499200192566294
rpi_static_passive_rtkfixed_180s,passive_ds,static,1786051726.1512742,1786051726.119252,-32.02223777770996,-0.10077373050043492,0.8242802747948996,-0.07018249047189262,2.246848334853272,-0.0305912400285423,-1.4225680600583726,1.4228969426717892,50.0,0.0,0.062,0.184,2147485916,2147485912,False,0.5146408081054688,0.04266084544886364
rpi_static_passive_rtkfixed_180s,passive_ds,static,1786051727.6831212,1786051727.6832552,0.13399124145507812,-0.1284094301870553,0.8405396637028293,-0.07018249060292603,2.2446259357238194,-0.05822693958412928,-1.4040862720209901,1.4052930782477853,140.0,0.0,0.043,0.118,2147485929,2147485931,False,0.11479759216308594,0.0692883587152515
rpi_static_passive_rtkfixed_180s,passive_ds,static,1786051729.391489,1786051729.396278,4.788875579833984,-0.10383392337682085,0.8494009721261468,-0.07098001896852058,2.2424035269116946,-0.03285390440830027,-1.3930025547855478,1.3933899298738788,30.0,0.0,0.063,0.162,2147485943,2147485941,False,0.5084118843078613,0.07228478385214496
rpi_static_passive_rtkfixed_180s,passive_ds,static,1786051730.463942,1786051730.472593,8.651018142700195,-0.11305535442242776,0.829202087842221,-0.07895530187999089,2.2290691191163026,-0.034100052542436865,-1.3998670312740815,1.4002822996922826,10.0,0.0,0.048,0.135,2147485954,2147485949,False,0.5319015979766846,0.06562834882350461
rpi_static_passive_rtkfixed_180s,passive_ds,static,1786051738.529764,1786051738.5384083,8.644342422485352,-0.11720134872775545,0.7899830899064044,-0.07496766002215471,2.2257355162420778,-0.042233688705600736,-1.4357524263356733,1.4363734591638955,10.0,0.0,0.048,0.137,2147486029,2147486029,True,0.02169203758239746,0.0338534269427531
rpi_static_passive_rtkfixed_180s,passive_ds,static,1786051739.594061,1786051739.6100256,15.964746475219727,-0.10716522130198836,0.810164414198562,-0.07736024541974462,2.223513114520134,-0.029804975882243734,-1.413348700321572,1.4136629319919292,40.0,0.0,0.051,0.146,2147486039,2147486039,True,0.057863712310791016,0.05173329065422021
walk_flex_final,flextdoa,dynamic,1786048595.2893074,1786048595.286584,-2.7234554290771484,-0.041091777429090204,0.032384321051056375,0.34533005809113415,-0.41336694236090593,-0.38642183552022435,0.4457512634119623,0.589928829436382,40.0,0.0,0.127,0.127,98,98,True,1.2166805267333984,0.039283344381178587
walk_flex_final,flextdoa,dynamic,1786048597.2200885,1786048597.2079864,-12.102127075195312,-0.045091243461492736,0.03231896467678386,0.3429374715489272,-0.41447814373278313,-0.3880287150104199,0.446797108409567,0.5917718646199632,40.0,0.0,0.115,0.115,98,98,True,0.7047219276428223,0.04090359641902055
walk_flex_final,flextdoa,dynamic,1786048600.53719,1786048600.523196,-13.993978500366211,-0.025159269673751594,0.036645212580545206,0.3437350009397102,-0.414478144031851,-0.3688942706134618,0.4511233566123962,0.5827480294026511,50.0,0.0,0.121,0.121,98,98,True,1.982621192932129,0.022409224125202784
walk_flex_final,flextdoa,dynamic,1786048606.2070396,1786048606.1956835,-11.356115341186523,-0.004998548576059081,0.02697332937089847,0.3421399425629867,-0.415589345144891,-0.34713849113904577,0.44256267451578946,0.5624649792696982,40.0,0.0,0.111,0.111,98,98,True,0.5231432914733887,0.0031885888961728504
walk_flex_final,flextdoa,dynamic,1786048609.3171878,1786048609.319397,2.209186553955078,0.08257804499714316,-0.007600363780313479,0.34533005822011287,-0.41670054651483185,-0.2627520132229697,0.40910018273451837,0.4862114560210814,30.0,0.0,0.105,0.105,98,98,True,0.44010353088378906,0.09200206176985871
walk_flex_final,flextdoa,dynamic,1786048610.8274899,1786048610.8319573,4.467487335205078,0.12652315407286774,-0.003881844139021595,0.3397473557832129,-0.415589345612121,-0.21322420171034517,0.4117075014730994,0.46364601471837985,50.0,0.0,0.147,0.147,98,98,True,0.09166502952575684,0.13817385657259393
walk_flex_final,flextdoa,dynamic,1786048612.2215965,1786048612.2331476,11.551141738891602,0.0357903637318846,-0.14338295795873002,0.33735476881667403,-0.41670054714390825,-0.30156440508478943,0.27331758918517823,0.40699335986246854,40.0,0.05,0.137,0.137,98,98,True,0.5258843898773193,0.17835461678080963
walk_flex_final,flextdoa,dynamic,1786048614.2201333,1786048614.1884196,-31.71372413635254,0.372496678666538,0.12215396505410858,0.330177026152209,-0.5711575725794048,0.04231965251432901,0.6933115376335134,0.6946019300323605,60.0,0.05,0.189,0.189,98,98,True,1.4293875694274902,0.46147994000886133
walk_flex_final,flextdoa,dynamic,1786048618.1553984,1786048618.192224,36.82565689086914,2.8530848211404107,1.758903019557585,1.4889865956478148,0.09667470238157619,1.364098225492596,1.6622283171760088,2.1502946187008503,50.0,0.67,0.133,0.133,98,98,True,0.7380673885345459,2.099558887643473
walk_flex_final,flextdoa,dynamic,1786048620.1148062,1786048620.165202,50.39572715759277,3.0269798980820832,1.7667453543789113,3.3312778616091596,1.4123379971775756,-0.3042979635270764,0.35440735720133576,0.4671207825018719,100.0,0.62,0.288,0.288,98,98,True,0.1203467845916748,0.10089112948068155
walk_flex_final,flextdoa,dynamic,1786048620.978368,1786048620.9967234,18.355369567871094,2.724958038061872,1.8268186102415003,3.437349200823072,1.3790020022281095,-0.7123911627612003,0.44781660801339074,0.8414516523204847,100.0,0.31,0.149,0.149,98,98,True,0.9518682956695557,0.36525851088707584
walk_flex_final,flextdoa,dynamic,1786048624.3232603,1786048624.310115,-13.145208358764648,0.9602738852967729,0.5078091936793117,2.84877302605398,1.167873428198833,-1.888499140757207,-0.6600642345195213,2.000528379786838,10.0,0.62,0.119,0.119,98,98,True,2.242358446121216,1.8970030489318606
walk_flex_final,flextdoa,dynamic,1786048628.501584,1786048628.511886,10.301828384399414,-1.5966268516810738,-1.6612577995788822,-0.6922553340048422,-1.6234654016181838,-0.9043715176762316,-0.03779239796069844,0.9051608184889746,20.0,0.72,0.202,0.202,98,98,True,1.4045178890228271,0.7377825684559581
walk_flex_final,flextdoa,dynamic,1786048630.8761756,1786048630.879937,3.76129150390625,-2.858509293711381,-2.6580088730649507,-1.6086165259856353,-2.257961314303432,-1.2498927677257459,-0.40004755876151865,1.3123528413060932,30.0,0.82,0.192,0.192,98,98,True,0.2824082374572754,1.2370694933938124
walk_flex_final,flextdoa,dynamic,1786048631.9040833,1786048631.909452,5.368709564208984,-3.180057401889301,-2.994307570842983,-2.391790489446129,-2.8557875076396764,-0.7882669124431723,-0.1385200632033068,0.8003452587243457,30.0,0.51,0.23,0.23,98,98,True,0.7471067905426025,0.7320978535599167
walk_flex_final,flextdoa,dynamic,1786048632.7393403,1786048632.7664924,27.152061462402344,-2.6289348868030302,-2.9973031283842513,-2.80570848077686,-3.4913946078471225,0.17677359397382997,0.49409147946287124,0.5247621304974601,10.0,0.31,0.139,0.139,98,98,True,1.60414719581604,0.5261374814771989
walk_flex_final,flextdoa,dynamic,1786048638.792866,1786048638.7920923,-0.7736682891845703,0.21541728071545108,-0.5475019635684379,-0.5479025641258816,-1.754587201799973,0.7633198448413326,1.2070852382315351,1.4281848472396974,30.0,0.72,0.195,0.195,98,98,True,2.3247528076171875,1.3463829830931766
walk_flex_final,flextdoa,dynamic,1786048644.9751687,1786048644.987088,11.919260025024414,2.8017130783660473,1.4140176124375898,2.6270601971021494,0.7578399785601946,0.17465288126389789,0.6561776338773952,0.6790233546312808,30.0,0.67,0.309,0.309,98,98,True,2.4446535110473633,0.5626237585646408
walk_flex_final,flextdoa,dynamic,1786048654.2726524,1786048654.270737,-1.9154548645019531,0.6306638980660768,-3.8641599572088525,1.757754951361333,-3.8403123123026126,-1.1270910532952563,-0.023847644906239918,1.1273433162022048,40.0,0.98,0.223,0.223,98,98,True,1.3022806644439697,0.9104115189889046
walk_flex_final,flextdoa,dynamic,1786048658.0812533,1786048658.0709963,-10.25700569152832,-1.4611675986437045,-4.136374926255226,-0.3421402161976923,-5.265984111846754,-1.1190273824460122,1.1296091855915273,1.5900437713587408,60.0,0.67,0.106,0.106,98,98,True,1.002530574798584,1.031248814908822
walk_flex_final,flextdoa,dynamic,1786048665.173821,1786048665.1846054,10.784387588500977,-4.5264021219906665,0.4431532499744959,-3.347230130070965,-1.8523721065828271,-1.1791719919197017,2.295525356557323,2.5806749599911845,60.0,0.87,0.165,0.165,98,98,True,2.021709680557251,2.0282859616171125
walk_flex_final,flextdoa,dynamic,1786048668.3053234,1786048668.2878697,-17.453670501708984,-2.819557241343671,2.1802734396588894,-3.395080443921637,0.8989629246282738,0.575523202577966,1.2813105150306157,1.4046293435044066,60.0,0.72,0.113,0.113,98,98,True,1.081554651260376,1.2447746237846709
walk_flex_final,flextdoa,dynamic,1786048678.7973545,1786048678.7905102,-6.844282150268555,2.6783528385350275,2.0470865275083225,2.1397694930115123,2.4368653340662982,0.5385833455235152,-0.3897788065579757,0.6648304581749109,70.0,0.87,0.397,0.397,98,98,True,1.3504536151885986,1.2176262438716035
walk_native_final,native_ds,dynamic,1786048979.5639565,1786048979.573567,9.610414505004883,0.15874760134911425,-0.6918374341650866,1.9084868355728293,0.03666992876912725,-1.749739234223715,-0.7285073629342138,1.895339116261561,100.0,0.0,0.1,0.097,98,98,True,0.27783727645874023,0.3830952736391926
walk_native_final,native_ds,dynamic,1786048989.1398215,1786048989.117649,-22.17245101928711,0.17877952802960917,-0.6956743487415746,1.9084868370557855,0.032225123527808125,-1.7297073090261763,-0.7278994722693828,1.8766259660967666,20.0,0.0,0.112,0.109,98,98,True,1.2842955589294434,0.37663118249367955
walk_native_final,native_ds,dynamic,1786048995.4517093,1786048995.452326,0.6167888641357422,-2.4206710383410535,-2.9829296368533416,0.020735759934104148,-1.5456813960985352,-2.4414067982751577,-1.4372482407548064,2.833046003900562,20.0,0.77,0.3,0.145,98,98,True,1.1914587020874023,1.3455937266277112
walk_native_final,native_ds,dynamic,1786049002.8342593,1786049002.8450313,10.771989822387695,0.43580015524838545,0.40745637659611855,1.4762261470000013,0.31669261632162227,-1.0404259917516159,0.09076376027449629,1.0443774722252006,30.0,0.93,0.391,0.22,98,98,True,0.3933558464050293,0.7438746891460676
walk_native_final,native_ds,dynamic,1786049004.656682,1786049004.6664069,9.724855422973633,1.6215558572892295,1.4241512251507986,2.5082282397888425,1.3867800538529336,-0.886672382499613,0.03737117129786505,0.8874595868723907,70.0,0.93,0.089,0.083,98,98,True,1.4280197620391846,0.8437305681728596
walk_native_final,native_ds,dynamic,1786049006.0511928,1786049006.054144,2.9511451721191406,2.1569589637713165,1.9905322926039135,3.3902946851475444,2.35574825799774,-1.233335721376228,-0.3652159653938263,1.2862735723792063,60.0,0.77,0.086,0.039,98,98,True,0.12316727638244629,0.3948249408956832
walk_native_final,native_ds,dynamic,1786049007.8309517,1786049007.8183572,-12.594461441040039,1.9273066066095408,2.069663796128366,3.987643442574768,2.7891172132315276,-2.060336835965227,-0.7194534171031615,2.182338446945528,60.0,0.15,0.018,0.016,98,98,True,1.2745442390441895,0.5588026640073568
walk_native_final,native_ds,dynamic,1786049010.5945928,1786049010.6134958,18.903017044067383,0.25295665047579385,0.6329741203824453,3.5673458539207896,2.7135552532322738,-3.3143892034449958,-2.0805811328498285,3.9133098065810517,60.0,0.46,0.153,0.148,98,98,True,1.348689079284668,2.405378213667877
walk_native_final,native_ds,dynamic,1786049012.687857,1786049012.697977,10.120153427124023,-1.330922158690179,-0.49296811520292394,1.7226623669474783,1.2523244165657164,-3.0535845256376573,-1.7452925317686403,3.5171614231736856,60.0,0.93,0.14,0.136,98,98,True,0.6823940277099609,1.9840475093377743
walk_native_final,native_ds,dynamic,1786049013.5100505,1786049013.5313458,21.29530906677246,-1.8697184439744228,-0.8883711538405903,0.6547712967067356,0.32669329869697483,-2.524489740681158,-1.2150644525375651,2.8016834358336835,60.0,0.98,0.099,0.095,98,98,True,0.15097475051879883,1.2351713516360683
walk_native_final,native_ds,dynamic,1786049014.381611,1786049014.3797276,-1.8835067749023438,-2.293948178917654,-1.3528430388777757,-0.36207820454007494,-0.4844838806555447,-1.931869974377579,-0.868359158222231,2.118057890042208,70.0,0.82,0.123,0.074,98,98,True,0.9993565082550049,0.5877009603099684
walk_native_final,native_ds,dynamic,1786049020.4384477,1786049020.4489863,10.538578033447266,-1.0170078533375353,-5.390573020551554,-0.5231793230630095,-3.511396987097327,-0.4938285302745258,-1.8791760334542271,1.9429794600102854,60.0,0.87,0.06,0.048,98,98,True,1.8579514026641846,1.8917675526774391
walk_native_final,native_ds,dynamic,1786049022.8816683,1786049022.907197,25.528669357299805,0.9733218947317848,-4.318320954127657,1.665241783589326,-4.5481479140126595,-0.6919198888575413,0.22982695988500268,0.7290909162008637,50.0,0.98,0.056,0.049,98,98,True,0.6002593040466309,1.1093344260086422
walk_native_final,native_ds,dynamic,1786049025.3901875,1786049025.3948808,4.693269729614258,2.7482937073190428,-2.8348098943371665,3.7603508929017515,-2.6157674674094595,-1.0120571855827087,-0.21904242692770692,1.0354898993635684,70.0,0.87,0.049,0.042,98,98,True,0.23664546012878418,0.6332062833992005
walk_native_final,native_ds,dynamic,1786049027.4371266,1786049027.4517417,14.615058898925781,4.321566159982311,-1.879959754424676,4.876093798264675,-1.7856991285701134,-0.5545276382823641,-0.09426062585456263,0.5624819705603996,60.0,0.93,0.063,0.038,98,98,True,0.71657395362854,1.1072961059381439
walk_native_final,native_ds,dynamic,1786049028.9573543,1786049028.9695704,12.21609115600586,4.891201606842485,-0.7282803469156214,5.979076108465246,-1.1023092360986193,-1.0878745016227604,0.3740288891829979,1.150377564638861,90.0,0.93,0.118,0.098,98,98,True,0.6874761581420898,0.9156375322185684
walk_native_final,native_ds,dynamic,1786049030.335593,1786049030.3641686,28.575658798217773,4.326042063877652,0.1481440314512632,6.554891171606025,-0.09444884896308486,-2.228849107728373,0.24259288041434807,2.2420124109043855,80.0,0.87,0.077,0.068,98,98,True,0.7071220874786377,0.8545514621996536
walk_native_final,native_ds,dynamic,1786049036.3325562,1786049036.3058062,-26.75008773803711,1.0513169063319185,4.02859157555453,4.124818264302021,3.0191360515483674,-3.073501357970102,1.0094555240061625,3.235028756037667,70.0,0.72,0.028,0.018,98,98,True,2.4162375926971436,1.9946757707483473
walk_native_final,native_ds,dynamic,1786049040.7705321,1786049040.7613294,-9.202718734741211,-1.9320607374889933,2.4672322849523995,0.8621283708643307,3.832534332991518,-2.794189108353324,-1.3653020480391183,3.1099103613480814,100.0,0.87,0.013,0.011,98,98,True,0.5544190406799316,1.5361622667452288
walk_native_final,native_ds,dynamic,1786049041.927664,1786049041.91033,-17.333984375,-2.8469846237435465,1.7177529441024584,-0.4490086515093172,2.8080064475518296,-2.3979759722342293,-1.0902535034493712,2.63418705964408,10.0,1.08,0.012,0.01,98,98,True,0.5945816040039062,1.057494701188628
walk_native_final,native_ds,dynamic,1786049047.8429732,1786049047.870302,27.3287296295166,-3.795127441860914,-2.1961020859737017,-3.2291948141667466,0.40003336697050795,-0.5659326276941674,-2.5961354529442096,2.657103503652551,90.0,0.62,0.142,0.126,98,98,True,2.2787435054779053,2.4708966302488173
walk_native_final,native_ds,dynamic,1786049053.0011525,1786049053.011959,10.806560516357422,-0.8747556060383579,-5.666423157651998,0.10527389937902365,-4.225899609791096,-0.9800295054173815,-1.4405235478609022,1.7422875547481818,20.0,0.98,0.264,0.101,98,98,True,1.3652281761169434,1.2555319165185639
walk_native_final,native_ds,dynamic,1786049055.3780625,1786049055.4013417,23.279190063476562,-0.775601564291587,-4.457575162242617,0.8525590979803241,-4.340353338299289,-1.6281606622719111,-0.11722182394332759,1.6323749869984865,20.0,0.62,0.026,0.022,98,98,True,0.3955061435699463,0.2479941414504987
walk_native_final,native_ds,dynamic,1786049057.6570597,1786049057.6417522,-15.307426452636719,-0.7083483580193108,-1.91094267869771,0.8055046850577319,-2.9702417928151648,-1.5138530430770427,1.0592991141174548,1.8476649179988365,10.0,1.13,0.023,0.023,98,98,True,1.8449044227600098,1.4290939239815663
walk_native_final,native_ds,dynamic,1786049060.611199,1786049060.6009958,-10.203123092651367,-0.3330229475275135,1.4872281286984057,1.1683799060429825,0.626717795892778,-1.501402853570496,0.8605103328056277,1.7305168481048891,10.0,1.18,0.033,0.031,98,98,True,0.5203309059143066,1.2322631618954294
walk_native_final,native_ds,dynamic,1786049061.7588997,1786049061.7337084,-25.191307067871094,0.05556962138092314,2.6434326155384875,1.4140184929678261,2.20795771940027,-1.358448871586903,0.43547489613821755,1.4265418752642074,10.0,0.98,0.115,0.1,98,98,True,0.21350574493408203,0.8448966243129631
walk_native_final,native_ds,dynamic,1786049062.9475036,1786049062.944079,-3.4246444702148438,0.15736725972388443,3.7732995284215045,1.8032121198713,3.698079162563417,-1.6458448601474156,0.07522036585808767,1.6475628689411188,10.0,1.08,0.014,0.007,98,98,True,3.910064697265625e-05,0.44079121218684214
walk_passive_final,passive_ds,dynamic,1786048822.3849688,1786048822.32278,-62.18886375427246,-1.4215523469973996,-4.058986499767698,-0.8158729382789329,-6.31273579103275,-0.6056794087184667,2.253749291265052,2.3337166524716055,20.0,0.67,0.039,0.099,98,98,True,49.07566022872925,0.507901256781853
walk_passive_final,passive_ds,dynamic,1786048823.7924795,1786048823.7833138,-9.165763854980469,-1.986103132415166,-4.402995817496425,-1.5703362356275359,-6.948342909576587,-0.41576689678763,2.5453470920801617,2.579080055295948,60.0,0.51,0.056,0.141,98,98,True,50.53619408607483,0.22594131960180341
walk_passive_final,passive_ds,dynamic,1786048826.5853639,1786048826.59186,6.496191024780273,-1.2359961354905962,-3.4715370190706416,-1.873397567157012,-6.976122823224188,0.6374014316664158,3.504585804153546,3.562078360138215,20.0,0.26,0.028,0.077,98,98,True,53.34474039077759,1.2666662665891253
walk_passive_final,passive_ds,dynamic,1786048827.6579206,1786048827.7188995,60.97888946533203,-0.4868693944275368,-2.7541904321098896,-1.4706448860243175,-6.432745408966285,0.9837754915967807,3.678554976856396,3.807831526685687,130.0,0.51,0.024,0.067,98,98,True,54.47177982330322,1.631410303622821
walk_passive_final,passive_ds,dynamic,1786048828.9284582,1786048828.9298,1.3418197631835938,0.18219787298021706,-1.858024157536068,-0.5654485353704275,-5.619346071870968,0.7476464083506446,3.7613219143349,3.8349077818346005,10.0,0.87,0.016,0.05,98,98,True,55.68268036842346,1.5353984798817328
walk_passive_final,passive_ds,dynamic,1786048831.954907,1786048831.9564571,1.5501976013183594,2.017023450531822,-0.04771918323963131,0.367661116227614,-4.538147001400027,1.649362334304208,4.490427818160396,4.783757738423859,30.0,0.82,0.035,0.107,98,98,True,58.70933747291565,2.6769294358910334
walk_passive_final,passive_ds,dynamic,1786048837.308206,1786048837.3071306,-1.0755062103271484,1.4978947705320826,3.1149349890659215,2.7849717400422365,-1.2612131350248945,-1.2870769695101538,4.376148124090816,4.561495317264615,20.0,0.82,0.026,0.078,98,98,True,64.06001091003418,2.1344303775876488
walk_passive_final,passive_ds,dynamic,1786048840.1576517,1786048840.155652,-1.9996166229248047,-0.38206286760140246,3.478220384896212,1.4108285527199782,1.0078599363106,-1.7928914203213806,2.470360448585612,3.0523991205276753,40.0,0.87,0.036,0.093,98,98,True,66.90853238105774,1.6048187106743501
walk_passive_final,passive_ds,dynamic,1786048843.7681246,1786048843.767353,-0.7715225219726562,-2.957347377025478,1.175901619928946,-1.7784898954642956,-0.9711898889187853,-1.1788574815611823,2.1470915088477316,2.449429915143277,40.0,0.87,0.06,0.161,98,98,True,70.52023339271545,1.0662043038030498
walk_passive_final,passive_ds,dynamic,1786048849.6367826,1786048849.6364906,-0.29206275939941406,-3.082024355515709,-2.7851699082101966,-4.2324887120996655,-3.741414136098115,1.1504643565839565,0.9562442278879182,1.4959850464289735,30.0,0.82,0.014,0.038,98,98,True,76.38937091827393,2.078851851274785
walk_passive_final,passive_ds,dynamic,1786048858.250139,1786048858.2357993,-14.339685440063477,2.6964825080490664,-3.2198691464598097,1.130897355081864,-7.22169862889862,1.5655851529672025,4.0018294824388105,4.297173033251956,80.0,0.93,0.026,0.059,98,98,True,84.98867964744568,2.280966414693832
walk_passive_final,passive_ds,dynamic,1786048867.7279212,1786048867.7090611,-18.8601016998291,1.820366243054064,3.114564041469838,3.2690720054610853,-1.4123363192442493,-1.4487057624070214,4.526900360714087,4.75305956851633,70.0,0.87,0.018,0.044,2147483824,2147483802,False,2.340603828430176,2.3476227714810456
walk_passive_final,passive_ds,dynamic,1786048873.1383774,1786048873.0798392,-58.538198471069336,0.6922412908371878,2.7860015659651802,0.8820668680230144,1.4145596097713051,-0.1898255771858266,1.371441956193875,1.384516807035153,60.0,0.31,0.021,0.057,2147483873,2147483865,False,0.8971261978149414,1.1739051358862866
walk_passive_final,passive_ds,dynamic,1786048881.184341,1786048881.1834574,-0.8835792541503906,-0.1975417151915957,-5.210198922105447,-0.11165417875829609,-6.933897651157518,-0.0858875364332996,1.7236987290520709,1.7258371816165932,60.0,0.98,0.083,0.23,2147483944,2147483943,False,0.12861204147338867,0.8281963226084835
walk_passive_final,passive_ds,dynamic,1786048882.1853187,1786048882.2240572,38.73848915100098,-0.38407984204908263,-5.859170813462973,-0.37483910124588826,-8.220668998672512,-0.00924074080319437,2.3614981852095385,2.3615162650378965,50.0,0.82,0.032,0.073,2147483953,2147483955,False,0.17168855667114258,0.25770390701125423
walk_passive_final,passive_ds,dynamic,1786048886.8117945,1786048886.7359006,-75.89387893676758,-2.83618482084253,-3.0443730284391544,-2.4611767962213493,-6.157167254633186,-0.3750080246211809,3.1127942261940316,3.1353020449642774,10.0,0.93,0.101,0.201,2147483991,2147483988,False,0.5503180027008057,0.5968993121559045
walk_passive_final,passive_ds,dynamic,1786048888.9171154,1786048888.9608936,43.778181076049805,-4.079514177008356,-1.4464730202096971,-3.341649072283399,-5.002628510519098,-0.7378651047249569,3.5561554903094006,3.6318985095991416,70.0,0.87,0.009,0.015,2147484012,2147484017,False,0.47310519218444824,1.149817786293147
walk_passive_final,passive_ds,dynamic,1786048896.4873614,1786048896.482067,-5.294322967529297,-0.3975846529770719,-0.9116088044507586,-1.7003326830044425,-3.3091579735285617,1.3027480300273706,2.397549169077803,2.7286250104926215,60.0,0.93,0.015,0.045,2147484081,2147484074,False,0.7604410648345947,1.4998733943214095
walk_passive_final,passive_ds,dynamic,1786048909.4011896,1786048909.4018896,0.6999969482421875,-3.011407598365179,-1.4015655671702865,-0.6986353239415174,0.6144944823762548,-2.3127722744236614,-2.0160600495465415,3.0681286995040478,110.0,2.37,0.091,0.25,2147484189,2147484184,False,0.7481706142425537,5.0312362090241916
