received_at,slot_id,x_m,y_m,observation_count
1785530595.096203,8390,1.5441098046677195,1.4700366412585424,2
1785530595.097273,8391,1.5304328636339837,1.4838663781917325,3
1785530595.0979083,8392,1.5258765017658016,1.4861497641980381,4
1785530595.0984044,8393,1.517774742797876,1.4861447066682496,5
1785530595.0984428,8395,1.5103370767901183,1.4917175759676438,6
1785530595.0985668,8397,1.503567671817621,1.486087279814381,7
1785530595.0985668,8398,1.5093306955108152,1.4860893987927497,8
1785530595.0986192,8399,1.5093058328694982,1.4922367414583775,8
1785530595.1062922,8400,1.509311709809448,1.4947509636566652,9
1785530595.1063683,8401,1.512835868913468,1.4947352090658632,10
1785530595.1064312,8402,1.5061735949556239,1.488072387631879,10
1785530595.1076307,8404,1.5099230513828525,1.484324827451447,10
1785530595.110511,8403,1.5099253025641903,1.4851310463670522,10
1785530595.1505969,8408,1.5099442175728803,1.4828338793162303,11
1785530595.1506615,8407,1.5152194746043264,1.4782246190009507,11
1785530595.1507213,8409,1.5243997855458487,1.4862401052484517,11
1785530595.150747,8410,1.518560090852164,1.4862269802257813,11
1785530595.150766,8411,1.5186627161168191,1.4785781926923918,11
1785530595.150997,8412,1.5186599381739927,1.475942697008283,11
1785530595.1510284,8413,1.5157002519852332,1.475974180073642,11
1785530595.1549544,8414,1.5367160387619532,1.4943181906096048,11
1785530595.1551404,8417,1.5418625989342194,1.494344843209047,11
1785530595.1799946,8419,1.5348497769740712,1.5004816985474325,11
1785530595.1834009,8418,1.5290800316644142,1.5005603841004622,12
1785530595.183736,8420,1.529077485445417,1.5036835228483174,12
1785530595.1837814,8424,1.5290662317148649,1.5070092888931474,12
1785530595.192383,8425,1.5266850006605976,1.5070356617827427,12
1785530595.1927068,8428,1.5183645095396117,1.5153550908159894,12
1785530595.1927593,8427,1.5183381169536858,1.5187811715694233,12
1785530595.1958385,8429,1.508644066787714,1.5187779592993766,12
1785530595.2178574,8431,1.5084669803461013,1.5189547474148704,12
1785530595.2500863,8432,1.508467594789373,1.5156761737598714,12
1785530595.2509344,8437,1.5113691647203806,1.5156452444634987,12
1785530595.251033,8440,1.5119037851748667,1.5151107778963455,12
1785530595.251142,8439,1.5119466752493516,1.5114130185552161,12
1785530595.2512398,8441,1.5106158445961677,1.5114168541998316,12
1785530595.2513351,8444,1.5106174504298018,1.5118603607146135,12
1785530595.2513618,8443,1.5125722469310974,1.5099025734779872,12
1785530595.2513902,8447,1.5125631650474765,1.5143403379185092,12
1785530595.2635624,8450,1.4984084240536075,1.5001856154831081,12
1785530595.3091376,8453,1.5079545970541357,1.500159900957755,12
1785530595.3092654,8451,1.507955854499583,1.4995428293437942,12
1785530595.3092952,8452,1.512826552130087,1.494672291185112,12
1785530595.30934,8458,1.5121207102568288,1.4946707527210692,12
1785530595.3093617,8459,1.5121096702629415,1.4993741596360568,12
1785530595.3094006,8462,1.5153781984110666,1.5026424847187563,12
1785530595.309436,8463,1.515374770802534,1.5043131954798177,12
1785530595.3122976,8464,1.5119234846263678,1.5077643116770376,12
1785530595.3248377,8465,1.5033277508510006,1.507764853265054,12
1785530595.375266,8467,1.5001292950523295,1.5038565552864414,11
1785530595.378638,8469,1.4943509329916134,1.4980781946393507,12
1785530595.378715,8471,1.4943507260685132,1.4982545445351263,12
1785530595.3787725,8477,1.5016820214986284,1.4982297061559384,12
1785530595.3788388,8475,1.5016805366386137,1.494342791926524,12
1785530595.3788707,8482,1.504503621076205,1.4943464720301234,12
1785530595.3804228,8483,1.5045092423251512,1.4916023054915941,12
1785530595.3969195,8487,1.506773466679383,1.498661666995771,10
1785530595.4465733,8492,1.5067560026983304,1.506351282932424,10
1785530595.4519947,8490,1.5081663871779796,1.506344252692171,10
1785530595.4520464,8491,1.5126218748841695,1.5018915570300297,10
1785530595.4521732,8493,1.5170506344029624,1.506315456420296,10
1785530595.452217,8494,1.5152296180401856,1.506312786235932,10
1785530595.452246,8495,1.5152364910846636,1.5037783422847713,10
1785530595.4523122,8496,1.5152433795999296,1.5025193724989188,11
1785530595.4523432,8497,1.5120163414221413,1.5025416060571457,12
1785530595.4524014,8498,1.5123698900594642,1.5028951489089706,12
1785530595.452457,8499,1.5123749832717839,1.4987574910990948,12
1785530595.4524865,8501,1.5114914476810815,1.4987544648804865,12
1785530595.452553,8503,1.5042383753192392,1.5060074011164513,12
1785530595.4526143,8505,1.5076830117614093,1.5094520727335774,12
1785530595.4526422,8507,1.5076899807906627,1.51166746169779,12
1785530595.4613802,8508,1.507661271243953,1.5167810040551348,12
1785530595.4642591,8510,1.5046613063323568,1.513780858314371,12
1785530595.4683425,8512,1.508114259740513,1.5103277677933895,12
1785530595.4691339,8511,1.5081197408825495,1.5091818062664686,12
1785530595.4840927,8516,1.5081286357602661,1.5007623387080347,12
1785530595.511007,8514,1.5075984292055078,1.5007657131344954,12
1785530595.5117671,8515,1.5123014079067436,1.4960628776356584,12
1785530595.5119755,8518,1.5192752264862266,1.4960804867806345,12
1785530595.512,8521,1.5167084892566922,1.496098784356355,12
1785530595.513265,8522,1.5157368696469509,1.4951272451298891,12
1785530595.5133417,8524,1.5153833085963877,1.4954807787649302,12
1785530595.5133889,8523,1.5153826474689174,1.495217240948395,12
1785530595.5460136,8526,1.5099824369775363,1.4952385723436035,12
1785530595.579865,8527,1.5090995633944788,1.4961214175380941,12
1785530595.5801497,8528,1.5091014194396282,1.4986924166291502,12
1785530595.5801806,8532,1.5090929789832412,1.4961369701223892,12
1785530595.5804877,8533,1.518740023998507,1.4961045121497354,12
1785530595.5805721,8534,1.518828419868787,1.4961928969065672,12
1785530595.5806303,8537,1.5169745060351958,1.4961829779935343,12
1785530595.5806518,8539,1.5169745043081444,1.4961829779726674,12
1785530595.5807047,8538,1.5167089898284316,1.4961844743815491,12
1785530595.5925589,8545,1.5099827945479547,1.4962128901080407,12
1785530595.6441896,8546,1.5098943917899303,1.4961245024958738,12
1785530595.6470718,8550,1.5092747489874292,1.496125447627048,12
1785530595.647129,8551,1.5100689994763938,1.4953312155659688,12
1785530595.6479,8553,1.5084754851320312,1.4937377270863086,12
1785530595.6479485,8555,1.508475321340891,1.4948013687472623,12
1785530595.648015,8556,1.5084603048913925,1.4916283777836155,12
1785530595.6480703,8558,1.508371915052597,1.491539959814267,12
1785530595.6480994,8562,1.5149308925964802,1.4915268766489267,12
1785530595.6504104,8565,1.5161694056668409,1.492765311109706,12
1785530595.6505373,8566,1.5034722936995772,1.4927401813366283,12
1785530595.6534061,8567,1.5034628202005311,1.4945100134772702,12
1785530595.669082,8568,1.5034468080302592,1.5000720161876846,12
1785530595.6959114,8570,1.5003677960540294,1.4969931296866448,12
1785530595.6959984,8572,1.4978811873908298,1.499479603450769,12
1785530595.6960301,8571,1.4978667393604375,1.5021331779590212,12
1785530595.6961672,8573,1.502908469407902,1.5021099209727566,12
1785530595.6962483,8574,1.5061766409536883,1.5020903710487004,12
1785530595.6963394,8575,1.507686867098544,1.5005802496967302,12
1785530595.700364,8580,1.5077070637404881,1.4930865048307447,12
1785530595.7056942,8581,1.5110736150429842,1.4930657030888668,12
1785530595.7082171,8583,1.5110708180491832,1.4876939627436603,12
1785530595.7139335,8582,1.5084239346672623,1.4850469816794742,12
1785530595.7273083,8588,1.508420427361707,1.4855788091378195,12
1785530595.751198,8587,1.5066498416410334,1.487349470847048,12
1785530595.7520556,8589,1.5052379529882634,1.4859375243895077,12
1785530595.7521358,8591,1.50532303826483,1.476816934332861,12
1785530595.7522316,8592,1.5053265546100503,1.4781402614071586,12
1785530595.7522643,8593,1.5025667441835446,1.4781567094742634,12
1785530595.7523205,8594,1.5074954584327371,1.4830860499142733,12
1785530595.752349,8596,1.5063417420798593,1.4842400239538587,12
1785530595.752372,8595,1.5063256416448159,1.4929718033283985,12
1785530595.7578926,8597,1.4970668679902384,1.4930473012473406,12
1785530595.7598531,8598,1.4936108097075615,1.4930753277658577,12
1785530595.7705035,8599,1.4929861824346815,1.4936996722362694,12
1785530595.8004029,8603,1.4929173821883377,1.5018124971152527,12
1785530595.8005383,8604,1.4928868837246339,1.5055338947118302,12
1785530595.8005865,8605,1.4974744929105033,1.5055031463832005,12
1785530595.8006828,8606,1.4972097107509743,1.5052379805929994,12
1785530595.8007333,8607,1.4972822811743947,1.496393233346569,12
1785530595.800761,8609,1.5013432693801037,1.4963695857307873,12
1785530595.8041332,8611,1.5005440273879196,1.4971689244991304,12
1785530595.806463,8613,1.4986968274993073,1.4953217533461518,12
1785530595.808899,8614,1.5083160937818394,1.4953019903207287,12
1785530595.8140142,8615,1.5083552314340711,1.4882112754034578,12
1785530595.8237512,8618,1.5117007412221237,1.4915566751679898,12
1785530595.8765004,8620,1.5075300701755712,1.4957273792962378,12
1785530595.9301114,8619,1.507524797753649,1.496035284609175,11
1785530595.9976258,8622,1.5036296905164093,1.496053668561951,11
1785530595.9976258,8624,1.5036322188891378,1.4952207223061134,12
1785530595.9977262,8623,1.5031895119109722,1.4956634281298085,12
1785530595.9978273,8626,1.5011595271165288,1.4956661660793524,12
1785530595.997853,8627,1.5011494319890293,1.5032705054435245,12
1785530595.9997604,8630,1.4946963248221588,1.4968174076624903,12
1785530595.9999673,8631,1.4946956088422985,1.4962861412001947,12
1785530595.9999673,8632,1.5015878352875698,1.489393804895354,12
1785530596.0000284,8636,1.501580933517839,1.495938006483447,12
1785530596.00009,8635,1.5033443126118773,1.4941746564927505,12
1785530596.000271,8637,1.5093696685875782,1.5001999253333187,12
1785530596.0002966,8638,1.5123752016683316,1.5002197939136424,12
1785530596.0003214,8639,1.5123672424243815,1.492675963375784,12
1785530596.0003688,8640,1.5123345043708418,1.4866903226636352,12
1785530596.000393,8641,1.5078068373448856,1.4866883239196615,12
1785530596.0004458,8642,1.511802159032625,1.4906837788070375,12
1785530596.0004694,8643,1.511841783004831,1.498695461367519,12
1785530596.0005147,8645,1.5136088452868595,1.4987066911636344,12
1785530596.0005405,8647,1.5111398255734085,1.5011755948620429,12
1785530596.0005813,8649,1.5040517751771287,1.4940876950964188,12
1785530596.000606,8651,1.5040556067892814,1.4969198855101513,12
1785530596.0006554,8652,1.504069229277091,1.504775837117363,12
1785530596.000683,8654,1.5046883799151385,1.5053949930254888,12
1785530596.0008097,8656,1.5080448028026616,1.5020386006254256,12
1785530596.0008292,8655,1.5080220855184507,1.4938406195538523,12
1785530596.0008545,8657,1.511550439418129,1.493866366283271,12
1785530596.0008929,8658,1.5153590275833988,1.493864629776921,12
1785530596.0009189,8659,1.5195874252096913,1.4896366100520964,12
1785530596.0009615,8664,1.5195965040692838,1.4910414891634673,12
1785530596.0010371,8665,1.5215469370933632,1.4910332866450005,12
1785530596.0010715,8666,1.5193320223911837,1.4888185951761836,12
1785530596.0011663,8668,1.5101602558864615,1.4979898063129842,12
1785530596.001193,8672,1.5101603763191995,1.4931120974657754,12
1785530596.0059304,8671,1.506980389413483,1.4962920343174966,12
1785530596.0104222,8673,1.513436844687795,1.5027482682054207,12
1785530596.0105493,8674,1.5106942385688134,1.5027368369782113,12
1785530596.0108373,8675,1.5106990668003561,1.5057527072080534,12
1785530596.022021,8677,1.5062881284115675,1.5057589246722969,12
1785530596.0242984,8678,1.5066416584081317,1.5061124749599237,12
1785530596.0395246,8679,1.5066297050157405,1.5124631639066357,12
1785530596.061604,8681,1.5032570754011398,1.5124593878746226,12
1785530596.0617461,8684,1.5032500106568285,1.5082121154130297,12
1785530596.0617716,8683,1.5061740636822691,1.5052880135276536,12
1785530596.0618458,8685,1.503881685094477,1.5029956052190396,12
1785530596.0618663,8686,1.5003426255215278,1.5030039536054338,12
1785530596.0618875,8687,1.5003548189249123,1.4997332254684859,12
1785530596.0619247,8688,1.5003626085217099,1.4977888383659799,12
1785530596.06194,8689,1.5043430197898648,1.49776675364398,12
1785530596.0662827,8690,1.5092660830516642,1.5026896235677643,12
1785530596.071889,8691,1.509249269981505,1.505068868272388,12
1785530596.0791342,8696,1.5092352034000258,1.5097679270904905,12
1785530596.0805504,8695,1.5118992937124678,1.5071039747803712,12
1785530596.0872087,8697,1.5085562498758376,1.5037608989110378,12
1785530596.1012201,8699,1.508548961514662,1.5111179461056137,12
1785530596.2304947,8701,1.5010080698134853,1.5102613171421062,10
1785530596.231531,8702,1.4946964370858455,1.5049950148836473,10
1785530596.2315645,8703,1.4949207644572704,1.5036478228638475,10
1785530596.2315915,8708,1.4950558741960913,1.5028219555682751,10
1785530596.231651,8706,1.4995867510428735,1.5021804957258622,11
1785530596.2316768,8707,1.4907446259824888,1.5110226807020117,11
1785530596.2317314,8710,1.4890875197499422,1.5112657782864751,11
1785530596.2317564,8711,1.4890875183962422,1.5112657788437298,11
1785530596.2318037,8713,1.5004998010185953,1.5096238768155907,11
1785530596.2318509,8714,1.5028768579603127,1.5120006559970147,11
1785530596.2318745,8716,1.5074830432488298,1.507394445688827,12
1785530596.2318985,8717,1.5012808108087674,1.5074168312622744,12
1785530596.2319515,8718,1.4979301496620545,1.5074349448423665,12
1785530596.2319765,8720,1.497929408614316,1.5071699605467017,12
1785530596.2320259,8724,1.4979439896363438,1.5052240410737225,12
1785530596.2320514,8725,1.4930028750636286,1.5052342561349146,12
1785530596.2320993,8726,1.494677585946026,1.5069090042708329,12
1785530596.2321453,8728,1.4869668241372627,1.5146198730269296,12
1785530596.2321649,8732,1.4869637164926448,1.512595859765451,12
1785530596.2322068,8731,1.4946797991768088,1.504879773447707,12
1785530596.2322505,8733,1.499876816509618,1.5100766909618921,12
1785530596.232278,8735,1.4998846041097638,1.5053923933941231,12
1785530596.2323253,8736,1.4999189395702404,1.4962878820544596,12
1785530596.2323472,8737,1.500715417244263,1.4962860849306496,12
1785530596.2323966,8738,1.502567421367669,1.4981380882013986,12
1785530596.2324383,8739,1.5025675421340638,1.4933692027816066,12
1785530596.2533295,8741,1.5113868754965678,1.4933971680495342,12
1785530596.2535276,8743,1.504420294504991,1.500363673607343,12
1785530596.2535856,8745,1.4993705416388203,1.4953139921918535,12
1785530596.253608,8746,1.5016650127207969,1.4953205158479503,12
1785530596.2536304,8747,1.5016646211294666,1.4955858288831478,12
1785530596.27148,8750,1.5023747941404122,1.4962951695865838,12
1785530596.3044431,8751,1.5023833736505425,1.4986797803183527,12
1785530596.3044431,8752,1.5030006333616803,1.498062534844693,12
1785530596.3138556,8754,1.4994628327468333,1.4980535568075837,12
1785530596.3139398,8755,1.4984939539274411,1.4990223916682839,12
1785530596.313967,8756,1.4985233742990987,1.504764755891644,12
1785530596.3140118,8760,1.4985251111860676,1.515907522925281,12
1785530596.3140388,8761,1.496327206756943,1.5159010007682339,12
1785530596.314087,8763,1.4963297912800482,1.5148390185011757,12
1785530596.3270364,8767,1.4995026515415717,1.5116659683020257,12
1785530596.3537927,8768,1.4994876462920095,1.5091030399277996,12
1785530596.3729348,8773,1.4964034793305003,1.5090932138269648,12
1785530596.37346,8774,1.4951622922333752,1.5078520322667175,12
1785530596.411536,8775,1.4951622810340481,1.5078520210479889,12
1785530596.4240608,8781,1.49454169831434,1.5072314320559272,12
1785530596.4241014,8782,1.493389882902413,1.5072304800609033,12
1785530596.4241638,8784,1.493384886497856,1.503687195838372,12
1785530596.4242117,8786,1.4878838898596871,1.4981863074064752,12
1785530596.4283288,8787,1.4878938532554324,1.5011147571084447,12
1785530596.4284687,8796,1.4878979355570603,1.5035995812678764,12
1785530596.4285297,8798,1.4948947646461308,1.5105963657761643,12
1785530596.4390302,8801,1.4888632002636955,1.5106064487628268,12
1785530596.439486,8799,1.4888722761593398,1.5059045444858514,12
1785530596.4791973,8806,1.488875077170595,1.5066403692106787,11
1785530596.4800532,8810,1.4852430747766074,1.502495958874963,11
1785530596.480267,8811,1.4852437954105084,1.5034082406201106,11
1785530596.4875152,8817,1.4885206937027717,1.5071475014589568,11
1785530596.4877417,8818,1.4814325627435692,1.5071821221724644,11
1785530596.51591,8820,1.483350900353997,1.509291012363886,9
1785530596.51641,8822,1.4803248437954055,1.5062694286653517,9
1785530596.516442,8824,1.4826186530329473,1.5039787394360087,10
1785530596.5164638,8823,1.4826049384883138,1.5076301401751913,10
1785530596.5281537,8825,1.4729991848931234,1.5154202847261926,9
1785530596.5282242,8828,1.4724014223617174,1.5191289169680997,9
1785530596.5283234,8827,1.4756369077768823,1.5158964238767356,10
1785530596.528389,8829,1.4832975468369103,1.5235563463785748,10
1785530596.5334706,8830,1.4971115183516583,1.5235294068158012,10
1785530596.5371273,8832,1.4971324975893245,1.5133195893386069,10
1785530596.54073,8833,1.504363978603779,1.5133444771107232,10
1785530596.5816557,8838,1.5067271247393565,1.5133439529875095,11
1785530596.5817592,8839,1.5077863028233782,1.5121323774356523,11
1785530596.5922618,8845,1.5093708411680373,1.5121287901020501,11
1785530596.5924888,8848,1.5129045546420137,1.508085748491669,11
1785530596.6169014,8851,1.5164396899781554,1.5040401150626939,11
1785530596.6394887,8856,1.5164313166930459,1.5078634998446456,11
1785530596.6395535,8857,1.51175892011205,1.507889057902643,11
1785530596.6395917,8859,1.511760420510506,1.502751832110028,11
1785530596.6465418,8862,1.5122902726663445,1.502750426872323,11
1785530596.6482196,8863,1.5164378044759999,1.4980032348032704,11
1785530596.6793454,8868,1.516441157637049,1.5016253583854884,11
1785530596.6793928,8869,1.517854673687191,1.5016165024428993,11
1785530596.6794107,8870,1.5209489648464305,1.5051588792695847,11
1785530596.6795952,8871,1.520950093118809,1.5015407671776968,11
1785530596.695612,8877,1.5135189112389613,1.4930357447371363,11
1785530596.6957698,8878,1.5078751575554514,1.4930162776385545,11
1785530596.6957922,8879,1.5079105842914995,1.4867154894756143,12
1785530596.7001438,8881,1.507733028568068,1.4867158821758375,12
1785530596.70355,8882,1.5095831523120653,1.4885666357824807,12
1785530596.7079859,8883,1.5095819228866239,1.4915622140294746,12
1785530596.7205381,8888,1.5097058012753155,1.480123277936229,12
1785530596.7591472,8887,1.5138559170385655,1.481529465871513,11
1785530596.7600853,8889,1.5123521720692858,1.480212147210152,11
1785530596.7601433,8891,1.5122757752764497,1.4868687975294759,11
1785530596.7602541,8896,1.5150086335684272,1.4844732545162218,11
1785530596.760287,8897,1.511745185950556,1.4844730173782241,12
1785530596.7666264,8898,1.5082801479185048,1.484499808157696,12
1785530596.7721984,8899,1.5089898990319905,1.4837899635162215,12
1785530596.8012018,8904,1.5089899096339048,1.4837899529175516,12
1785530596.8145785,8905,1.5097008246097694,1.4837849376063292,12
1785530596.8152385,8906,1.5082924330437586,1.4823764375075899,12
1785530596.8154466,8907,1.508294848141289,1.4852851728341299,12
1785530596.8155715,8912,1.508228132283193,1.4953895191780815,12
1785530596.8156722,8911,1.5000822673638023,1.5035353687646937,12
1785530596.8157349,8913,1.501493992097798,1.5049471510697554,12
1785530596.8157687,8914,1.5021137324392058,1.5049465121440098,12
1785530596.815795,8915,1.5021157515385035,1.5072462381592797,12
1785530596.8261282,8918,1.5024693008704009,1.5075997945095116,12
1785530596.8297265,8920,1.4950389237426012,1.5150299421309996,12
1785530596.8298697,8919,1.4950476400638713,1.5133477394652404,12
1785530596.8372767,8924,1.4950341874828097,1.5077001922682003,12
1785530596.859473,8923,1.4996399540916077,1.5030943670728463,12
1785530596.9377556,8927,1.4996414783280567,1.5073364956380668,12
1785530596.9395247,8928,1.4996480387070157,1.5041541218968424,12
1785530596.9395523,8930,1.4999132030674218,1.5044192872993858,12
1785530596.9397929,8932,1.4977044581393184,1.506628256876776,12
1785530596.9400208,8933,1.4977930408701827,1.5066281898719471,12
1785530596.9401493,8934,1.4977930408452589,1.5066282265515354,12
1785530596.9401836,8935,1.5034475479535923,1.5009736929297777,12
1785530596.9402316,8939,1.5034830711637066,1.4894699731428835,12
1785530596.9402978,8940,1.503479085072596,1.4930895341769548,12
1785530596.9403257,8941,1.5002011935359252,1.493104979361836,12
1785530596.940371,8942,1.5032838028436284,1.4961876562754974,12
1785530596.9404113,8948,1.503271921942716,1.4993731655753915,12
1785530596.9404604,8947,1.4997276366561938,1.5029174692323513,12
1785530596.944274,8951,1.4997266311365318,1.5037129135796659,12
1785530596.9739692,8957,1.500788601784107,1.503710849291044,12
1785530596.9964714,8962,1.505213486665673,1.5037102997932854,12
1785530596.996581,8963,1.5052244138672337,1.50831449580853,12
1785530596.997092,8968,1.513082113930818,1.5004569706073423,12
1785530596.9971547,8969,1.511137232806099,1.5004475106891826,12
1785530596.9972289,8972,1.5111372715794453,1.5007136546121935,12
1785530597.000252,8971,1.5114907814286112,1.5003603164950774,12
1785530597.0164204,8974,1.5093825576471676,1.5013355985938013,11
1785530597.0623355,8975,1.5101722564991336,1.5068733373055174,10
1785530597.0659654,8981,1.5123515168288102,1.50724457295809,10
1785530597.0661447,8983,1.5101949645012767,1.509828428928765,10
1785530597.0662951,8985,1.5091064329601664,1.508585513031129,11
1785530597.0663524,8986,1.5121202664175717,1.5085990492058292,11
1785530597.066397,8987,1.5121228091111358,1.5093081875961472,11
1785530597.0665014,8988,1.512123093568657,1.5044847506938408,11
1785530597.0673788,8989,1.5182129643483253,1.5044624451371753,11
1785530597.0674858,8990,1.516177752913565,1.5021408107225984,11
1785530597.096891,8993,1.5134356548108643,1.5021235161126045,11
1785530597.1292953,8991,1.5134123642665451,1.4930614699971172,12
1785530597.1300104,8998,1.5152643080478114,1.4930769331461469,12
1785530597.130101,9000,1.515264542266836,1.4931648692261208,12
1785530597.1301591,9002,1.5130465120798573,1.4909466020975892,12
1785530597.1302476,9005,1.5124296090608813,1.4909416011261385,12
1785530597.1302972,9003,1.5124630752783756,1.500447803121745,12
1785530597.1303248,9009,1.5121979036898394,1.500182647357131,12
1785530597.1314864,9010,1.4984084878737243,1.5001833432111453,12
1785530597.149272,9012,1.4981889662681909,1.4980615368218797,11
1785530597.1578832,9014,1.4950663425623216,1.4953313077330392,11
1785530597.1672351,9021,1.4827618084807876,1.4845791404160027,11
1785530597.1785874,9022,1.4983610649340966,1.4845298453837519,11
1785530597.2128253,9026,1.494626731467162,1.4812159467208976,9
1785530597.2128637,9027,1.4940969292784791,1.4844904984832774,9
1785530597.2129385,9034,1.4919209167331273,1.4848598428245545,9
1785530597.2129636,9035,1.4933289423945506,1.476868215875298,9
1785530597.252122,9036,1.4924025552730404,1.4824571983054102,9
1785530597.2638674,9038,1.4946180359775345,1.4846662975491507,9
1785530597.2639217,9042,1.4897929583129537,1.4854807504568655,10
1785530597.2641242,9046,1.4854579892232467,1.4862444897848557,10
1785530597.2642188,9047,1.4846650148589056,1.4915310768154788,10
1785530597.2694902,9049,1.477488223606777,1.4985998099656506,9
1785530597.2752357,9050,1.4818099665982174,1.5043406376747126,9
1785530597.302778,9054,1.4950146181639956,1.499060702480792,9
1785530597.302778,9055,1.49838580305957,1.4952119478145782,10
1785530597.3217952,9056,1.4976710668100115,1.5000382160401953,11
1785530597.323025,9061,1.500045587417986,1.499690251419423,11
1785530597.3230903,9060,1.4988694447352897,1.507543196033721,11
1785530597.3231754,9068,1.5004913846354835,1.4967943884715467,11
1785530597.323197,9066,1.4943860135693472,1.4977184205073975,11
1785530597.3296807,9070,1.4966582409392983,1.4973720713369771,11
1785530597.3312364,9071,1.5021758518843642,1.4909846400137245,10
1785530597.3438215,9074,1.498891510115079,1.4882478648783686,10
1785530597.380265,9075,1.5116411615466978,1.4944910003795258,9
1785530597.380697,9082,1.5020505423981299,1.4945568512851617,9
1785530597.3807378,9083,1.5020925468169959,1.4918443528706913,9
1785530597.3807766,9084,1.5021475027462812,1.4846600769045162,9
1785530597.389369,9085,1.4995942438145777,1.4846826696175255,9
1785530597.3894694,9086,1.4966571259460852,1.4822339506551703,9
1785530597.389495,9087,1.496633801078391,1.4864809584055558,9
1785530597.4446561,9092,1.496577275262939,1.4898956000073589,9
1785530597.448623,9091,1.4912999808544318,1.4943066717859568,9
1785530597.4493527,9093,1.4914395390375346,1.4944239861275481,10
1785530597.4493809,9095,1.4916052668552637,1.4934912754786978,10
1785530597.4494298,9097,1.4785261940881398,1.4954041519352088,10
1785530597.4494755,9096,1.4796762162346084,1.488622744807508,10
1785530597.449527,9104,1.4795318417039482,1.4894464438461652,10
1785530597.44955,9102,1.4803792356263594,1.4893267896767381,10
1785530597.449574,9106,1.480138629199414,1.4893627129025593,10
1785530597.451905,9107,1.4776056935608037,1.5042726722942448,10
1785530597.4574032,9108,1.4767386115792958,1.509383788422936,10
1785530597.463438,9110,1.4694974380173684,1.503358052090607,10
1785530597.5023544,9111,1.4702891511296472,1.4986535706222293,10
1785530597.5023544,9112,1.475955837419648,1.4936945233437917,11
1785530597.5024204,9114,1.4788899055753069,1.493713555661153,11
1785530597.5025163,9115,1.475151694670837,1.496985664251879,11
1785530597.50256,9119,1.4752327643666576,1.4848021947663297,11
1785530597.5062914,9120,1.475232766103183,1.484801998526745,11
1785530597.5105906,9122,1.48146011993947,1.4902533103902942,11
1785530597.5171146,9123,1.4814417027214244,1.4958559428346578,11
1785530597.539469,9124,1.4803240121314636,1.4968351855117354,11
1785530597.5621417,9130,1.495153546195432,1.496731618889345,11
1785530597.5625608,9131,1.4951731556697054,1.5068797933219258,11
1785530597.56268,9134,1.4958827369484196,1.5075006124626837,11
1785530597.562732,9135,1.4958762850045735,1.5038717600250189,11
1785530597.5627522,9136,1.5010068967522545,1.49938585021308,11
1785530597.5627692,9137,1.50008585339009,1.4993816356883751,12
1785530597.5695171,9138,1.502119188948129,1.4993885871582115,12
1785530597.5714946,9139,1.5154195529962415,1.4860883543339924,12
1785530597.6063747,9144,1.5153949087283236,1.4833621816640412,12
1785530597.6067739,9145,1.5215275209288717,1.4833457342690435,12
1785530597.606804,9146,1.5233883293233563,1.4852063489462148,12
1785530597.6068256,9148,1.5252400462064928,1.4833548653716746,12
1785530597.6078498,9147,1.5252855882775158,1.492644410052351,12
1785530597.6080225,9152,1.5252785298287328,1.4961202587981792,12
1785530597.6080573,9150,1.5254555534840666,1.496118773821527,12
1785530597.6080883,9151,1.5182092923021873,1.503363937568211,12
1785530597.6097136,9153,1.5204197176205334,1.505574103933176,12
1785530597.6098273,9154,1.5182057843558905,1.5055601227618969,12
1785530597.618507,9155,1.5182212228485785,1.4963125094244396,12
1785530597.6187217,9156,1.5181984217934845,1.5018467021413942,12
1785530597.621866,9157,1.5267679690594795,1.501724325474506,12
1785530597.6256766,9158,1.5271192327446685,1.5020749144062795,12
1785530597.6307054,9159,1.5271685182767254,1.4941928174605632,12
1785530597.6307054,9160,1.5158798873027046,1.5054794729217915,12
1785530597.642891,9161,1.5115406367970172,1.505487431569373,12
1785530597.6715255,9163,1.5168811503686896,1.500147050042598,12
1785530597.67162,9169,1.509898677045892,1.5002187905003095,12
1785530597.6716726,9170,1.5083149620311374,1.4986352734584465,12
1785530597.6716955,9172,1.5144422954908539,1.4925080949798568,12
1785530597.672281,9171,1.5144455603145548,1.4884617833437521,12
1785530597.6882086,9175,1.5130266926704063,1.4898805730651563,12
1785530597.707861,9176,1.5130643697327215,1.4852643758730801,12
1785530597.7281618,9181,1.5114655550106502,1.4852780237400387,12
1785530597.7287219,9183,1.5114657989884612,1.4858943717722999,12
1785530597.7288265,9185,1.5116417426338424,1.4858950662948462,12
1785530597.7289202,9188,1.5115961765179362,1.4924604525948388,12
1785530597.7289648,9187,1.5102673219588258,1.4937893095878396,12
1785530597.729022,9189,1.5092972481170808,1.4928192661736055,12
1785530597.7343645,9191,1.5092844690787532,1.496543050083469,12
1785530597.7373846,9192,1.509277902213656,1.5011249467898942,12
1785530597.741509,9193,1.5084826893215382,1.5011292912386933,12
1785530597.7468684,9194,1.512098193495311,1.5047446825102329,12
1785530597.7484944,9195,1.512108827464757,1.500519261552147,12
1785530597.7688568,9197,1.5173248498907095,1.500544594581719,12
1785530597.7907093,9199,1.5176781339622527,1.500191350179848,12
1785530597.7910209,9204,1.5176597906633307,1.4938652058007968,12
1785530597.7910643,9205,1.5217341688496373,1.4938478638937314,12
1785530597.7912023,9206,1.5138543618958022,1.4859686093871287,12
1785530597.7965767,9208,1.5067065446894163,1.4931163941956416,12
1785530597.796673,9207,1.5067162676999613,1.496732225653303,12
1785530597.8127406,9211,1.4946973278572566,1.497703004830581,10
1785530597.896906,9216,1.4946964562363778,1.496906105764073,10
1785530597.902157,9217,1.4987075221075152,1.4969076254495046,10
1785530597.9022925,9212,1.4987208888889136,1.4936386444738377,10
1785530597.9023237,9219,1.4987203894654586,1.4934617732391091,10
1785530597.9023519,9224,1.498705200508542,1.4977909762706931,10
1785530597.9024007,9222,1.4977786537084896,1.4977909561028608,11
1785530597.9024253,9223,1.4913090003271259,1.5034520445325372,11
1785530597.9024737,9227,1.4913182762541408,1.5080349011758467,11
1785530597.902521,9228,1.4913144919443844,1.5093645684791304,11
1785530597.9025424,9229,1.481940854651466,1.5093168923309506,11
1785530597.902583,9232,1.488696612905312,1.5034115163563164,11
1785530597.902605,9231,1.4886928779860351,1.5018145000348473,11
1785530597.902624,9234,1.4858655712950029,1.501794048345136,11
1785530597.902668,9233,1.4831359399980115,1.5017973745247382,11
1785530597.9027064,9238,1.4871921542906694,1.5017942222696647,12
1785530597.9027286,9239,1.4871962463928745,1.5024982935264644,12
1785530597.9193478,9241,1.4879027966411968,1.5025047503568263,12
1785530597.9470963,9242,1.4899707799137665,1.5045726417432075,11
1785530597.9471416,9244,1.4859246794265726,1.5086187616402678,11
1785530597.9471686,9245,1.488823729601418,1.5090385582937687,11
1785530597.947823,9246,1.4886181336079105,1.5090084653976998,11
1785530597.9478931,9247,1.488090441410115,1.5095343342500758,11
1785530597.9480019,9249,1.4877685901780968,1.5092125232493152,12
1785530597.9480355,9250,1.4867914875363257,1.509209337931542,12
1785530597.9480608,9251,1.4867590739111147,1.5045454212908387,12
1785530597.9481134,9252,1.4867626468321777,1.5067647510603217,12
1785530597.9481316,9253,1.4854397575269944,1.5067542045810267,12
1785530597.948179,9254,1.4879234990049055,1.5092378688944008,12
1785530597.9514143,9255,1.487904340770653,1.517668631393196,12
1785530597.9575891,9257,1.4839035080982934,1.5176866975075847,12
1785530597.9673362,9259,1.4862027488576772,1.5153874171800092,12
1785530597.981449,9265,1.4838285056370193,1.5153757692935108,12
1785530598.0156336,9266,1.483828505506083,1.5153757692895817,12
1785530598.020358,9267,1.4838451194241309,1.5097774409909759,12
1785530598.0212045,9273,1.4860595458693462,1.511991763524963,12
1785530598.0212476,9274,1.4783387889699555,1.5120308198626848,12
1785530598.021271,9276,1.4783363460327772,1.5125649518584559,12
1785530598.03739,9278,1.4753327153688782,1.5095617361501965,12
1785530598.0424874,9279,1.4753135115446485,1.513393399628055,12
1785530598.0489502,9286,1.4784211185482146,1.5133654435452473,12
1785530598.084386,9288,1.4784381662828128,1.5088254861900916,12
1785530598.1035128,9290,1.4791368060732837,1.5062683149202711,11
1785530598.1036491,9293,1.4834770730336257,1.5062400604747384,11
1785530598.1054883,9291,1.4834770774665493,1.5062400603789878,11
1785530598.1055489,9297,1.485690230118129,1.5087650353146143,11
1785530598.1107404,9302,1.4809989589955734,1.5034134280853275,11
1785530598.1224158,9303,1.4809974762594367,1.5058485992625672,11
1785530598.1312144,9310,1.4893222691039485,1.5058194319690135,11
1785530598.1313052,9311,1.4893099110665855,1.5026017556817044,11
1785530598.1404905,9313,1.4989358935772015,1.5026278504150947,11
1785530598.1751673,9314,1.5256304123363187,1.5030423281387102,8
1785530598.1752658,9316,1.5317737962769682,1.496884283286493,9
1785530598.175295,9317,1.529591187638222,1.4972436993254912,9
1785530598.1762147,9318,1.5248236990675648,1.4981144348858497,10
1785530598.176312,9322,1.51809720244974,1.499219841481046,10
1785530598.1763475,9323,1.5166947929587027,1.508842365597121,10
1785530598.1834798,9326,1.5146308209057522,1.5063593552707684,10
1785530598.2215872,9327,1.5162818341007058,1.494924271615011,10
1785530598.2406278,9328,1.5133831176074486,1.4982415041632084,10
1785530598.2407207,9333,1.506574416444914,1.4900597396614277,10
1785530598.2407496,9334,1.5146112501430395,1.4887563103128985,10
1785530598.2407756,9336,1.5137737038176633,1.4947686853599196,10
1785530598.2408135,9337,1.504449100471942,1.496332013159055,10
1785530598.2408388,9338,1.5041902715967312,1.496021558284269,10
1785530598.240893,9340,1.5075534063000706,1.4921717914698394,10
1785530598.240917,9339,1.5077511171150977,1.490727782580225,10
1785530598.2409372,9344,1.5068552881823514,1.49714385186228,11
1785530598.2479503,9345,1.5068551749524275,1.4971441279818851,11
1785530598.2483158,9343,1.5052083780035004,1.4987909080679214,12
1785530598.289332,9349,1.5086568655607977,1.4987998158452664,12
1785530598.2894492,9356,1.508645403802789,1.4928607673748495,12
1785530598.2894819,9354,1.504038329558624,1.4928561290330729,12
1785530598.2895217,9355,1.5116100203136669,1.4852842226357412,12
1785530598.2895722,9358,1.507476303046287,1.4852576076496713,12
1785530598.293417,9359,1.5074722967244387,1.4898652427581571,12
1785530598.3208702,9362,1.5080935061708907,1.490486534116857,12
1785530598.3500197,9366,1.5100442061779769,1.4904879059469,12
1785530598.350087,9367,1.508810979942127,1.4917211503568173,12
1785530598.350215,9373,1.5065951889958817,1.4917185327872988,12
1785530598.3502815,9374,1.5111215281610897,1.496244845122417,12
1785530598.3570442,9375,1.5111256451685966,1.4970374565957538,12
1785530598.4025002,9382,1.5144266824921941,1.4970660401637201,11
1785530598.4026392,9383,1.5144152097947148,1.4859645663201695,11
1785530598.4026842,9388,1.5030262771678653,1.4959364785874651,11
1785530598.4027123,9392,1.503027900632221,1.494432360494862,11
1785530598.406806,9387,1.5030213212064258,1.5031739208049062,11
1785530598.4068632,9391,1.495520500514438,1.5097359096487328,11
1785530598.4070544,9393,1.5008646549237727,1.5144050646394565,11
1785530598.4108932,9395,1.500865189726509,1.5144935185120179,11
1785530598.4387267,9396,1.5008992952940006,1.5092799581529803,11
1785530598.4559767,9397,1.5088617729696647,1.5092544787631237,11
1785530598.4582946,9399,1.5088372661967275,1.512427116116555,11
1785530598.4586535,9401,1.5068359453546054,1.5124307442330205,12
1785530598.4588327,9402,1.5066598602172068,1.5124311502198633,12
1785530598.458866,9403,1.5114550308115418,1.5076367609648673,12
1785530598.4589133,9405,1.508639819086215,1.5048214015795411,12
1785530598.4589314,9406,1.5080200498094478,1.50482256202621,12
1785530598.4624553,9408,1.5080308377354223,1.5029713711602581,12
1785530598.4634256,9409,1.503968950303017,1.5029938546207287,12
1785530598.4660344,9410,1.498768911508482,1.4977938521647962,12
1785530598.4700353,9411,1.4987530273122258,1.4870058817258869,12
1785530598.4814172,9416,1.4987433164113038,1.4925720623793592,12
1785530598.51545,9415,1.5037682839267787,1.4875469692217165,12
1785530598.5166419,9417,1.508287850107611,1.4920665689504031,12
1785530598.5166907,9418,1.5075826389352804,1.492062969212784,12
1785530598.5167205,9419,1.5075827727778397,1.4932149130680912,12
1785530598.5167816,9421,1.5071398306810977,1.4932160337196088,12
1785530598.5168316,9422,1.5134336915680107,1.4995084191228867,12
1785530598.5168521,9423,1.513440317565186,1.5030280708794423,12
1785530598.5174496,9428,1.5134351534946515,1.497878742939278,12
1785530598.522045,9426,1.5155580532409534,1.497867764240892,12
1785530598.5221698,9427,1.504412995613922,1.5090124969243583,12
1785530598.5306334,9431,1.5044163243956352,1.5102517735953922,12
1785530598.5388448,9432,1.5043903266153031,1.5151061248802842,12
1785530598.5414402,9433,1.4996415623319017,1.5151147151260695,12
1785530598.5441387,9434,1.490452146716419,1.5059250359905199,12
1785530598.5688496,9435,1.4904485363072224,1.5072550712600505,12
1785530598.5688496,9436,1.4973480721052976,1.5003555885022952,12
1785530598.585475,9437,1.5014144211028424,1.500354386733387,12
1785530598.5870337,9438,1.5050379246084693,1.500350434867112,12
1785530598.587183,9439,1.5049495372477324,1.5004388228673444,12
1785530598.5872161,9444,1.5049498977918097,1.4995564559496355,12
1785530598.587265,9445,1.5068947434564612,1.4995513582887054,12
1785530598.587361,9446,1.5136940636651468,1.5063504562499315,12
1785530598.5881135,9448,1.5175871726142682,1.50245765271547,12
1785530598.590691,9447,1.5175889753081293,1.5011396625746523,12
1785530598.6013904,9452,1.517589201669329,1.5005173485326664,12
1785530598.6015246,9451,1.5195352834854077,1.4985714896974365,12
1785530598.6084032,9453,1.5167970709386038,1.4958335692193399,12
1785530598.6118999,9455,1.5167954676724753,1.4967223607219629,12
1785530598.6346095,9456,1.5167957297117707,1.4972496976753702,12
1785530598.6643631,9458,1.51414556625031,1.494599731230348,12
1785530598.669807,9460,1.5115806996556649,1.4971644689393286,12
1785530598.6709483,9459,1.511579186222101,1.49549160762791,12
1785530598.6710045,9464,1.5115775491456562,1.498508343793994,12
1785530598.671111,9462,1.503530241806709,1.4985101935509886,12
1785530598.6711419,9463,1.5083738537696922,1.4936665087358172,12
1785530598.6711948,9465,1.5101481370564833,1.4954406311584523,12
1785530598.6712146,9466,1.5117367816555505,1.4954526616759756,12
1785530598.67124,9467,1.511760889106893,1.500865277333972,12
1785530598.6713207,9468,1.511776928978972,1.5044751009099755,12
1785530598.6713493,9469,1.5193672099001958,1.5044619372597854,12
1785530598.6713734,9470,1.5192788547283878,1.5043735560040512,12
1785530598.671397,9471,1.519278942596632,1.5059540330142633,12
1785530598.6774497,9473,1.5222903601816293,1.5059812951509557,12
1785530598.6910539,9479,1.5222742016122546,1.4994815266662336,12
1785530598.7372804,9481,1.5239540203356157,1.4994690149717236,12
1785530598.7375188,9482,1.5184735807609047,1.4939893778894022,12
1785530598.7375956,9488,1.5184739305556048,1.493811521734887,12
1785530598.7376401,9486,1.5189168196010823,1.4938088117007067,12
1785530598.7376738,9491,1.5189452445570752,1.4873159377256546,12
1785530598.7464638,9493,1.5139744573328195,1.4873504728133038,12
1785530598.7540836,9494,1.514681088578728,1.4880570938536783,12
1785530598.7767625,9498,1.520271942428511,1.4880157422572782,12
1785530598.8035498,9500,1.5202664729098367,1.4889055639193522,12
1785530598.80393,9505,1.518492074959946,1.4889204139832288,12
1785530598.8041124,9512,1.5184724730229258,1.4946118736866496,12
1785530598.8041828,9510,1.5182068179716954,1.4946135006057455,12
1785530598.8053803,9513,1.5191794306373994,1.4955859338576312,12
1785530598.8074813,9514,1.5189146404121354,1.4955842338847227,12
1785530598.8137305,9515,1.5189138433842335,1.4963846489696735,12
1785530598.8178792,9516,1.5188986977933592,1.491729836374248,12
1785530598.8238587,9518,1.5271362323580298,1.4999659444628184,12
1785530598.867674,9519,1.527127592520796,1.4970758971627305,12
1785530598.8681335,9520,1.5293309301569749,1.49487310736735,12
1785530598.8682604,9521,1.5194474496941213,1.4947791063374893,12
1785530598.868487,9522,1.5201558314817556,1.4947741508222472,12
1785530598.868534,9523,1.5211286732459415,1.4938014368267767,12
1785530598.8685906,9526,1.5215697322415331,1.4938045615381168,12
1785530598.86862,9527,1.5215925173855287,1.4883742582410229,12
1785530598.8687437,9530,1.517623347232127,1.4844053262914898,12
1785530598.8687994,9532,1.514523104352614,1.4875054684429736,12
1785530598.873727,9531,1.514521177075174,1.494366126262314,12
1785530598.8795068,9536,1.5145706189714723,1.4884156462783762,12
1785530598.8803835,9535,1.508610364888768,1.494375535032463,12
1785530598.888445,9537,1.5097517439388373,1.495517392301381,12
1785530598.888445,9538,1.5049860499874803,1.4955403462339885,12
1785530598.8910105,9539,1.5049174033098884,1.5089092301950657,12
1785530598.8975985,9540,1.504897550377466,1.5115567823212497,12
1785530598.9050496,9541,1.4985582136902413,1.5115823965843844,12
1785530598.9430563,9542,1.4996162848271886,1.5126405552822215,12
1785530598.9440868,9543,1.4996223912290665,1.511668132766495,12
1785530598.9440868,9544,1.4939541529156304,1.5173367448495862,12
1785530598.9441886,9548,1.493943645883744,1.512220530600707,12
1785530598.9442475,9547,1.4950969822312081,1.5110670808570175,12
1785530598.9443557,9549,1.487964383287743,1.5039344849941834,12
1785530598.9443877,9550,1.4923010909187342,1.503906971554673,12
1785530598.944421,9551,1.4923418164993625,1.4942975166663417,12
1785530598.9444492,9552,1.4923347209648616,1.4959808576689135,12
1785530598.9445288,9553,1.5048138456976694,1.495884787402182,12
1785530598.9448063,9554,1.5046383790239817,1.4957080143845636,12
1785530598.95681,9557,1.5062288666137826,1.4956968212005732,12
1785530598.958573,9555,1.506261721732509,1.4907574007456423,12
1785530598.972213,9561,1.513100546437846,1.497595767098478,12
1785530598.9764822,9562,1.5129243563671295,1.4975954417528656,12
1785530598.9769275,9564,1.5129463614287186,1.4939886735629113,12
1785530598.9871318,9563,1.5128865340335578,1.5081026070524928,12
1785530599.0394402,9566,1.51447392599867,1.5096900138724128,12
1785530599.0409715,9567,1.514458264430163,1.5121529446332629,12
1785530599.0445979,9573,1.5097000670416856,1.5073948508951949,12
1785530599.044626,9574,1.502345853034198,1.5074117136049303,12
1785530599.0446699,9568,1.4989684083165236,1.510789028003838,12
1785530599.0447075,9576,1.49897609210719,1.5099049107548563,12
1785530599.0447447,9578,1.4971296296898258,1.5080583766364801,12
1785530599.0447636,9584,1.4971286277519127,1.507705107812214,12
1785530599.0452478,9583,1.4975748026178102,1.5072608041356181,12
1785530599.0512054,9587,1.4976024969768156,1.5015202789208073,12
1785530599.0769808,9588,1.4961671921091528,1.499139091040709,11
1785530599.1004598,9590,1.4946603949441692,1.4978218869457902,11
1785530599.1019871,9591,1.4946806394982968,1.4918893013611725,11
1785530599.1019871,9592,1.491434485632597,1.494729230881187,11
1785530599.1020362,9596,1.4914290115445006,1.495698768488176,11
1785530599.1020558,9595,1.4921386655003752,1.495077836040809,11
1785530599.1021087,9597,1.4873011886916032,1.490849762957169,11
1785530599.1021087,9598,1.4961711027858544,1.4908117163597956,11
1785530599.1021333,9599,1.4962216130546793,1.483837700800463,11
1785530599.104594,9601,1.4839142567119377,1.4838145560886828,11
1785530599.104758,9602,1.477529190893997,1.4782365423024841,11
1785530599.1062548,9604,1.4861240677284062,1.4707349044894176,11
1785530599.1131747,9603,1.486185986460421,1.476951153588884,11
1785530599.1364906,9605,1.4912086346773248,1.4769321914955442,11
1785530599.1376586,9606,1.4950853243953817,1.4769374369136479,12
1785530599.1376865,9607,1.5017237370380232,1.4702974986893034,12
1785530599.1381526,9611,1.501748271992385,1.4682630217626096,12
1785530599.1382768,9612,1.5017764750193952,1.472238608164262,12
1785530599.1439881,9614,1.5080296846975862,1.478493083549769,12
1785530599.1464872,9616,1.50829489872266,1.4782279865273957,12
1785530599.1908257,9618,1.5048238907711926,1.478244609398629,12
1785530599.1930323,9619,1.4917120098131451,1.4913574647737664,12
1785530599.193436,9620,1.4917116811609046,1.4914456839306056,12
1785530599.1935065,9625,1.4940160971224692,1.4914448579985773,12
1785530599.1935685,9626,1.4880245699917836,1.4854532033103431,12
1785530599.1935928,9628,1.4930783309013482,1.4803989850776584,12
1785530599.2177682,9631,1.501943869222929,1.4715317581927434,12
1785530599.2434034,9632,1.5019073491833137,1.4747161596047729,12
1785530599.2435935,9636,1.5019020380349741,1.4739211081534294,12
1785530599.2436585,9637,1.5043090022295769,1.4739134877009907,12
1785530599.2437453,9640,1.5093590827918368,1.468862123866194,12
1785530599.2437813,9639,1.5093408151839036,1.4667470933293247,12
1785530599.2438142,9641,1.5026990180070432,1.4667529284994587,12
1785530599.2467911,9643,1.5006580402112069,1.4687944985381378,12
1785530599.2530499,9644,1.5006381843049075,1.4702093289583538,12
1785530599.2606626,9649,1.5019769771593423,1.4702036392372375,12
1785530599.2842329,9652,1.4969189860830687,1.4752629026680204,12
1785530599.299667,9651,1.4969045008571642,1.4724314098539677,12
1785530599.3031719,9653,1.4994285841017518,1.4740593118947205,10
1785530599.303215,9656,1.4995390196323073,1.4747818229939738,10
1785530599.3032362,9654,1.5002665207942363,1.4748835548302812,10
1785530599.303261,9655,1.5011974019215557,1.4741044554296607,10
1785530599.3032806,9659,1.5025376511938873,1.4826839544169252,10
1785530599.3033357,9660,1.5020700967264582,1.4799924885405562,10
1785530599.3033538,9661,1.4978246557438983,1.4793812588587614,10
1785530599.303939,9662,1.5103898696528575,1.4903952519189998,10
1785530599.3081005,9663,1.5109937228284849,1.493905148288831,10
1785530599.3318846,9666,1.5088173652429793,1.4935963282950955,10
1785530599.3666046,9667,1.5019998767812286,1.4992780186184147,10
1785530599.369827,9672,1.5015791706360255,1.4967942919395794,10
1785530599.3700027,9673,1.5052048828640112,1.4973152415986326,10
1785530599.3700714,9668,1.5045862195742024,1.4935838811658684,10
1785530599.3701346,9675,1.5051761145002904,1.4970968566183647,10
1785530599.3704822,9681,1.504145499642527,1.4961948954654536,11
1785530599.3705356,9682,1.5075127910832054,1.496199776441713,12
1785530599.3733602,9683,1.5075127910963382,1.4961997764423765,12
1785530599.3779385,9684,1.5075069746516139,1.5028122254940073,12
1785530599.3846774,9685,1.5020320138780143,1.5028277678867632,12
1785530599.3851779,9686,1.4994695841875603,1.5002653372025614,12
1785530599.3870847,9688,1.4961097434208068,1.5036251761985588,12
1785530599.3998513,9687,1.4961041989123127,1.5060147631928635,12
1785530599.4285302,9692,1.496119932516412,1.5116643452186498,12
1785530599.428589,9691,1.5015073972032862,1.5062767418603893,12
1785530599.4288216,9693,1.5007997575240641,1.5055690879568504,12
1785530599.4288528,9694,1.4984088536800326,1.5055685200244198,12
1785530599.428915,9695,1.4984096748613072,1.506010229435967,12
1785530599.4290905,9698,1.4953157622297142,1.502916254190526,12
1785530599.4309857,9700,1.5011487031626518,1.4970833192473358,12
1785530599.431038,9699,1.5011160350204824,1.4886895401763793,12
1785530599.4427207,9701,1.501292141252059,1.48868953494234,12
1785530599.4429035,9702,1.5073250999561607,1.4886934341379146,12
1785530599.4429336,9703,1.5068836106336345,1.4891349399801825,12
1785530599.4625037,9707,1.5068815526492805,1.4900208569235571,12
1785530599.483932,9708,1.5068800758843977,1.489579926522727,12
1785530599.4839706,9709,1.5122011597487246,1.4895660571206553,12
1785530599.4840362,9710,1.5057509499545614,1.4831156188685257,12
1785530599.484062,9711,1.5057351539331498,1.480557134866344,12
1785530599.4841094,9716,1.5058243863171434,1.4708147437188048,12
1785530599.4841475,9715,1.5044951701563116,1.4721442377450096,12
1785530599.487384,9717,1.5049358558880455,1.4725850522805357,12
1785530599.490967,9719,1.5050066285970827,1.467360589395681,12
1785530599.535342,9720,1.5049698875958502,1.4627711910708499,12
1785530599.5441058,9721,1.5117693131744447,1.46272547060595,12
1785530599.548443,9722,1.5202990091658262,1.4712573636956514,12
1785530599.5492346,9724,1.5093729920275207,1.482184995249754,12
1785530599.5492787,9723,1.509369029846226,1.4869432757224692,12
1785530599.549345,9725,1.5108650456391697,1.4869388637076073,12
1785530599.5502796,9726,1.5088233067328438,1.4869575677996394,12
1785530599.5503497,9727,1.5188659387083334,1.4769144220557713,12
1785530599.5503824,9731,1.5188006602422124,1.4827846331798542,12
1785530599.550605,9732,1.5187965763987763,1.4812915589807243,12
1785530599.5506387,9734,1.5181797381450481,1.4806747022214557,12
1785530599.550681,9736,1.5229669905186993,1.4758873606394152,12
1785530599.5507016,9735,1.5229795877964964,1.4789571136534392,12
1785530599.5827365,9737,1.5218386276696785,1.4789533956984946,12
1785530599.604711,9739,1.5123387368765395,1.4884531796399167,12
1785530599.6055555,9741,1.511106696898083,1.487221530699065,12
1785530599.6056352,9742,1.5077623330605885,1.4872279529766086,12
1785530599.605664,9743,1.5077449501477505,1.489088975019611,12
1785530599.6057394,9748,1.5080101074187608,1.488823859980032,12
1785530599.6057818,9747,1.5080125503592585,1.4875883860762036,12
1785530599.6058018,9746,1.5073967025651005,1.486972490529607,12
1785530599.6058376,9752,1.507359419390061,1.49211175393251,12
1785530599.6058528,9751,1.5056751208146073,1.4937961007998133,12
1785530599.607259,9753,1.5082308552020522,1.496351843908564,12
1785530599.6101294,9755,1.5083164558260544,1.4853615093358457,12
1785530599.6172268,9756,1.508297333307212,1.49082576016706,12
1785530599.6304522,9757,1.4998747195346132,1.4908966629199247,12
1785530599.6726217,9758,1.4999628397074205,1.4909850528409263,12
1785530599.6753001,9759,1.4999636703052701,1.4914265101175306,12
1785530599.6777232,9761,1.4988153702059694,1.4914335919155002,12
1785530599.6777642,9764,1.4988585253162574,1.487280812099898,12
1785530599.6777904,9763,1.5001943158352724,1.4859447083522357,12
1785530599.6778116,9767,1.5001259388995998,1.4928396733757505,12
1785530599.6778321,9768,1.5001310675805426,1.4868296476642862,12
1785530599.6778529,9769,1.5073217687330192,1.4867889248540753,12
1785530599.67787,9770,1.517078324224319,1.496544997341361,12
1785530599.6781008,9771,1.517092904787766,1.491008793498397,12
1785530599.6943717,9775,1.5150523285961304,1.493049159809874,12
1785530599.700828,9781,1.5064586223855174,1.4930998398029112,12
1785530599.7091627,9783,1.5064515594436367,1.5002437965334265,12
1785530599.7512414,9786,1.505302590544344,1.5002496972257353,12
1785530599.7671237,9787,1.5070755126411437,1.4984767877918956,12
1785530599.7671602,9792,1.5070679028626834,1.5008576054379252,12
1785530599.7672112,9793,1.5063609870900625,1.5008617631221894,12
1785530599.7677033,9795,1.5063665795872596,1.4990977547979178,12
1785530599.7809367,9804,1.506330362432179,1.506330157480519,12
1785530599.7813401,9805,1.5065067660975833,1.5063299867391595,12
1785530599.8224509,9807,1.5095466835872753,1.5107855680115017,9
1785530599.823224,9811,1.5047030570393227,1.514820100711109,9
1785530599.823332,9817,1.5114706882174331,1.514760845760449,9
1785530599.8393598,9818,1.4887360442366604,1.4958603997009685,9
1785530599.8397563,9819,1.4887621650790988,1.4925461683383536,9
1785530599.8522882,9822,1.4792726365128959,1.492577222806857,9
1785530599.882736,9823,1.4882129910795838,1.4914103053133534,6
1785530599.8859286,9824,1.4881544108921425,1.5039414552554302,7
1785530599.8859973,9828,1.488156495649511,1.5011064420781932,7
1785530599.8860235,9829,1.4837369580363078,1.501087565683004,7
1785530599.886071,9831,1.483732549647457,1.5050600361926756,7
1785530599.8860915,9833,1.4843058466520873,1.5050575676347933,8
1785530599.8861322,9836,1.4843069507449653,1.4977577410755283,8
1785530599.886152,9835,1.4752315770447673,1.506804691518319,8
1785530599.8873951,9837,1.4780000355569634,1.509561065660241,9
1785530599.8873951,9838,1.4781258930825119,1.5095391733626085,10
1785530599.89126,9839,1.4778744751423027,1.511340539317289,11
1785530599.9267063,9841,1.4831107291097185,1.5106223474606022,11
1785530599.9300902,9842,1.495908831716109,1.5234212779177518,11
1785530599.9302757,9844,1.4969627564713588,1.5223672259761618,12
1785530599.9303155,9845,1.4935792218236563,1.522379177972305,12
1785530599.943329,9846,1.49585995839877,1.5223765930499182,12
1785530599.9436228,9847,1.4943525650314573,1.52388426810968,12
1785530599.9437559,9852,1.4944425181651886,1.5108662282535252,12
1785530599.943796,9853,1.489686854007029,1.510844907029872,12
1785530599.9450562,9854,1.4813562937508966,1.5025148379029545,12
1785530599.9861698,9856,1.4847945943691963,1.4990767528250655,12
1785530600.0517068,9855,1.48479713125693,1.5000538923777278,12
1785530600.1100757,9857,1.495145142874978,1.4909433743239957,8
1785530600.1108491,9859,1.4992205311840916,1.4858402220602427,8
1785530600.1109166,9864,1.5010861344337043,1.4966854100981077,8
1785530600.1109788,9865,1.4988871521724991,1.4962372862839377,8
1785530600.1110349,9866,1.484561894513938,1.4795372142332437,8
1785530600.1110857,9872,1.4852331916361894,1.483721546517306,9
1785530600.1111338,9871,1.4849301806158988,1.4840246804770165,9
1785530600.1111782,9873,1.489163909908367,1.488257332695514,10
1785530600.1112041,9874,1.487162271434316,1.4882626651195907,11
1785530600.1112256,9875,1.4871635914311458,1.487693077351584,12
1785530600.111274,9876,1.487179005315537,1.491066181936495,12
1785530600.1112974,9877,1.495334876062332,1.4910829404395884,12
1785530600.1113427,9878,1.5068884978630699,1.5026365573590905,12
1785530600.111362,9879,1.506892397587011,1.501137468943838,12
1785530600.1114047,9881,1.4985808110022536,1.5011553626003535,12
1785530600.1114233,9883,1.5009777487386953,1.4987582605741412,12
1785530600.1114833,9885,1.4981619572646157,1.495942367810393,12
1785530600.1114833,9886,1.5020457262652473,1.495927685944704,12
1785530600.1115327,9887,1.5020783417505648,1.4907091456308408,12
1785530600.1115859,9889,1.4996844936401437,1.4907204713264388,12
1785530600.1116223,9888,1.499663661010825,1.4811732267336075,12
1785530600.1116438,9890,1.5002817790957164,1.4817914073609915,12
1785530600.1116989,9894,1.4980587818994726,1.4817920196050234,12
1785530600.1117206,9898,1.498234476038737,1.481791903835668,12
1785530600.111738,9899,1.4982241214684489,1.4836470314163734,12
1785530600.1117935,9900,1.49824955793941,1.4943484016642232,12
1785530600.114047,9903,1.4982472619453162,1.4893958261168896,12
1785530600.114233,9902,1.50001249627453,1.4911611056738647,12
1785530600.1169107,9908,1.5000409045578516,1.4863879745230733,12
1785530600.1209836,9907,1.5050938933601956,1.4813345154772113,12
1785530600.140609,9911,1.5050868313458883,1.4821313703572123,12
1785530600.1406822,9912,1.5050701663597308,1.4784251678853348,12
1785530600.1457481,9913,1.5007083227123978,1.4784326458972374,12
1785530600.1470668,9914,1.4960245242365626,1.473747959031864,12
1785530600.1474679,9916,1.4996482592365405,1.4701232782227003,12
1785530600.1915846,9917,1.5054229485393749,1.470133629347636,12
1785530600.1918428,9918,1.5140808560572947,1.4701105539992403,12
1785530600.1920245,9919,1.5137273839816863,1.4704641151622249,12
1785530600.1920903,9924,1.5137729073048223,1.4772395562497072,12
1785530600.1921592,9925,1.514485352103792,1.4772339794556086,12
1785530600.1922283,9926,1.5162471078184627,1.478995869584235,12
1785530600.1923096,9928,1.5123449827217472,1.4828982423412498,12
1785530600.1923537,9927,1.5123483450628357,1.4876515332272389,12
1785530600.1956313,9929,1.5112920771879148,1.487652963471439,12
1785530600.198898,9932,1.5112449962572911,1.494040919284295,12
1785530600.2049932,9931,1.5027317015526884,1.5025541532322515,12
1785530600.2109234,9933,1.505286399246426,1.5051090356869516,12
1785530600.2120528,9934,1.503604201567412,1.505112609765629,12
1785530600.212388,9935,1.503600755742573,1.5089178819134668,12
1785530600.2186007,9936,1.5036235612847502,1.499383421427336,12
1785530600.2355018,9937,1.5017670250402404,1.4993834163888637,12
1785530600.2615762,9938,1.5048643526818462,1.5024807362832822,12
1785530600.262433,9939,1.5048511908636732,1.4967448485018513,12
1785530600.2625008,9941,1.5041448467522813,1.4967416061514667,12
1785530600.2625546,9944,1.5041444622022633,1.4915194781091075,12
1785530600.2625785,9946,1.5041444621826707,1.4915194711602449,12
1785530600.262622,9947,1.5041442130107379,1.4916079824141308,12
1785530600.2973678,9950,1.5014010656428858,1.4888646500764984,12
1785530600.3221467,9956,1.501404998511864,1.4875381751498535,12
1785530600.3226833,9955,1.5053793472802979,1.4835635642950493,12
1785530600.32275,9957,1.5021951186111546,1.48037900142623,12
1785530600.3227718,9959,1.5022197453596147,1.4768406015622995,12
1785530600.322791,9958,1.504061411203981,1.476842344549193,12
1785530600.3228273,9962,1.5012327048076015,1.4740130753636598,12
1785530600.3228617,9963,1.501272978594418,1.479844738909608,12
1785530600.322876,9964,1.496226163929623,1.484892091866778,12
1785530600.322892,9965,1.4974573109031681,1.484888863123391,12
1785530600.3278587,9967,1.4991389123256875,1.4832071229941148,12
1785530600.3602295,9972,1.4991498927921925,1.4868321661110087,12
1785530600.379089,9973,1.5029671608003556,1.4868186638204794,12
1785530600.379331,9975,1.5029674603171517,1.4875250767113404,12
1785530600.379456,9984,1.5029671627174541,1.4867303719059353,12
1785530600.381124,9985,1.5046539310300224,1.4867213727695898,12
1785530600.3880982,9988,1.5095361734350519,1.4818388420880746,12
1785530600.3893268,9987,1.509538575476197,1.484217653296461,12
1785530600.4381402,9991,1.499638988479494,1.4902785366107214,11
1785530600.4383214,9996,1.4996391118937487,1.4890410381779988,11
1785530600.4383976,9997,1.4903021529376768,1.4890434393258858,11
1785530600.4384573,10000,1.486865043890361,1.492048103432656,11
1785530600.438485,9999,1.4868221241444068,1.4849460269054013,11
1785530600.451628,10003,1.5006593568250066,1.4728647226067881,11
1785530600.469658,10008,1.5006906325082654,1.4756928347936038,11
1785530600.4991217,10009,1.5136524165934284,1.4756430987929425,11
1785530600.4992156,10012,1.5132459752518073,1.4759983432763621,11
1785530600.4992495,10011,1.5132561759782404,1.4790783298074104,11
1785530600.4996314,10013,1.5079294967986105,1.4790923371352116,11
1785530600.499713,10015,1.497955907884213,1.4878134741416011,11
1785530600.4998217,10017,1.49725150926176,1.4871989234500276,11
1785530600.4998217,10018,1.4967479603544243,1.4872021239865363,11
1785530600.4998672,10019,1.4967310067164186,1.4887914622431522,11
1785530600.502056,10021,1.4880020384302577,1.4888020775950699,11
1785530600.5033133,10022,1.489616820233595,1.4902132569454376,11
1785530600.5650995,10023,1.4895994272185025,1.4931456489821118,10
1785530600.5652423,10029,1.4946476713367234,1.4981879534701092,10
1785530600.5653033,10030,1.4904068178227428,1.498204526320866,10
1785530600.565329,10031,1.4904083487089748,1.5053470597538923,10
1785530600.5653744,10032,1.4904062978129435,1.5071694695419906,10
1785530600.5654194,10033,1.4940316747507896,1.5071787479656602,10
1785530600.565444,10034,1.49635126029265,1.5094991394674167,10
1785530600.5654907,10037,1.4911878881591702,1.5095172140556505,10
1785530600.5656497,10035,1.4911923420340987,1.5086061675706173,10
1785530600.5656822,10036,1.4945307770830434,1.5052677929509457,10
1785530600.5721714,10042,1.4881588057093629,1.505306611923376,10
1785530600.5987318,10045,1.4850342740108367,1.5053029309242152,10
1785530600.626394,10046,1.4863432788943236,1.5066108625462837,10
1785530600.6289158,10050,1.4865435694308622,1.5066119897002095,11
1785530600.6289158,10052,1.4865438980766468,1.5067601445799237,12
1785530600.6289737,10051,1.4825533714830754,1.5107499862696019,12
1785530600.6290398,10054,1.4923109651909772,1.5106944995846452,12
1785530600.6291087,10055,1.4923013639044236,1.5041705756028259,12
1785530600.6291873,10057,1.4952141118893774,1.5041690458695172,12
1785530600.6292284,10058,1.4836709845376561,1.4926263088466867,12
1785530600.6299043,10060,1.4816314884243724,1.4946654050579962,12
1785530600.6299334,10059,1.4816255076565195,1.49733314923119,12
1785530600.6654027,10061,1.4890438608744632,1.4972764769538296,12
1785530600.7038925,10062,1.4813468033557275,1.4972403363276479,12
1785530600.7047987,10063,1.4841724210599967,1.4944149735807915,12
1785530600.7054844,10066,1.4847017821551478,1.49441281231444,12
1785530600.705584,10067,1.4847029821188744,1.493269662237715,12
1785530600.705691,10068,1.4847052120861521,1.494069187799326,12
1785530600.7057245,10069,1.4794796797509264,1.4940306282547975,12
1785530600.7057993,10070,1.4886937306359926,1.5032439362512948,12
1785530600.70586,10071,1.488682052584803,1.4988967430019,12
1785530600.7059622,10076,1.488694298294263,1.5017143732051914,12
1785530600.7060654,10075,1.4952922634061356,1.4951166074049647,12
1785530600.706121,10077,1.4944043677364325,1.4942284185793528,12
1785530600.7061462,10079,1.494448218173823,1.502256590579651,12
1785530600.7062733,10080,1.4944784913881022,1.5092526129343227,12
1785530600.7063057,10082,1.4968770708871453,1.511651444019421,12
1785530600.710648,10084,1.500922315114514,1.5076061993442165,12
1785530600.7107334,10083,1.5009262620439674,1.5130845424201085,12
1785530600.729955,10088,1.5009332391972403,1.5139687967134778,12
1785530600.7300377,10086,1.506387634564334,1.5139763307080114,12
1785530600.7300704,10087,1.5014464681885877,1.5189179330690086,12
1785530600.7303932,10090,1.4991340023943667,1.5189146635432826,12
1785530600.731003,10091,1.4990969100046192,1.5106967061596497,12
1785530600.7527764,10094,1.4968911906911233,1.5084908959915473,12
1785530600.7927036,10096,1.4948546498337343,1.5105274724616304,12
1785530600.7928064,10095,1.4948696965150288,1.5068087634729141,12
1785530600.7928538,10097,1.491769075529245,1.5068189385150605,12
1785530600.792992,10098,1.4922981913379936,1.506819467806951,12
1785530600.793036,10099,1.496636845054969,1.502480828710898,12
1785530600.7931018,10103,1.4966469153598705,1.5095439936695974,12
1785530600.7931566,10104,1.4966173847578739,1.4954747493174099,12
1785530600.793195,10106,1.5007046819416996,1.4995616615387348,12
1785530600.7934012,10107,1.5007125730180668,1.501152392811115,12
1785530600.7945938,10108,1.5085417925088698,1.4933232451289014,12
1785530600.7946439,10109,1.5109232016612366,1.4933431038555152,12
1785530600.8008616,10110,1.5118976998320455,1.493344670480183,12
1785530600.8014684,10111,1.5133045465399677,1.4919378995516779,12
1785530600.8109481,10115,1.513307999910515,1.4829711206394194,12
1785530600.8535757,10116,1.51333052545847,1.4862269928713085,12
1785530600.8570557,10117,1.5187470430722072,1.486199929345006,12
1785530600.8577938,10118,1.5205138798076514,1.4879666352680967,12
1785530600.8583736,10120,1.5126423107377491,1.495837656918399,12
1785530600.8584363,10119,1.5126414602967977,1.4989181304705648,12
1785530600.8585627,10121,1.5139668393785841,1.4989220920933544,12
1785530600.8586302,10122,1.5205987880726444,1.498868416876429,12
1785530600.868562,10123,1.5082699169599916,1.5111966177170866,12
1785530600.86867,10128,1.5082021680331004,1.5182486773091441,12
1785530600.8687122,10129,1.5108376310830072,1.5182238888604425,12
1785530600.8687491,10131,1.5108382905092368,1.5181358162224727,12
1785530600.8831398,10133,1.5125283191098073,1.5181314527481495,12
1785530600.913928,10136,1.5186800337212087,1.5251710553322608,11
1785530600.914003,10135,1.5233039584438564,1.5205477986223765,11
1785530600.9140816,10137,1.515570411698637,1.5128141919550755,12
1785530600.914106,10139,1.5155684524502604,1.5143242823831013,12
1785530600.9141598,10140,1.515619348841445,1.5079934087897393,12
1785530600.9147282,10141,1.5081262271252123,1.5080377734794879,12
1785530600.9148145,10143,1.5081262236269883,1.5080377734143464,12
1785530600.9148436,10142,1.5021199455251026,1.5020314971146886,12
1785530600.9196582,10146,1.4938170686370849,1.5020199858248786,12
1785530600.9196582,10148,1.493811304081042,1.4978743187036834,12
1785530600.9208617,10147,1.4967260774891222,1.4949595525281152,12
1785530600.962652,10151,1.4972725632921362,1.499992959157636,11
1785530600.9726803,10156,1.5023088073181718,1.495587035650516,11
1785530600.9728136,10155,1.5023121714863332,1.4962935613322736,11
1785530600.9784813,10159,1.4944513883903452,1.5031696487007695,11
1785530600.9832346,10157,1.4935409713241545,1.5031696181669663,11
1785530600.9832997,10164,1.4935392442385973,1.5017523729103264,11
1785530600.9833236,10165,1.4968713761498147,1.501762918328876,11
1785530600.983343,10166,1.4903996173565077,1.496098690434445,11
1785530600.9948475,10167,1.4903950192906406,1.494591286640919,11
1785530601.0897198,10169,1.4816267283682545,1.4946296807546673,11
1785530601.0991635,10171,1.4895122431671088,1.487722726105417,11
1785530601.0998876,10173,1.4950570315039762,1.4925782938761103,11
1785530601.0999436,10175,1.4950562201175792,1.4928430247866848,11
1785530601.1000173,10176,1.4950583672796343,1.494879306307539,11
1785530601.100043,10177,1.4925299056280832,1.4948775978098265,11
1785530601.1000903,10178,1.4912186262214722,1.4937297707533006,11
1785530601.10011,10180,1.4847475484073231,1.4993945843314505,11
1785530601.1001499,10179,1.4847489943236247,1.497706732396524,11
1785530601.1001687,10181,1.4894921487769786,1.497688585901077,11
1785530601.10021,10182,1.490199665942068,1.4976912121933794,11
1785530601.1002297,10183,1.490098630634582,1.4977796410503972,11
1785530601.1002643,10187,1.4901097487321655,1.5032414175183288,11
1785530601.1003006,10188,1.4901091473129988,1.5035961852914432,11
1785530601.100319,10192,1.4954507757965427,1.4989256484874998,11
1785530601.1003377,10191,1.495453221534863,1.4996337728575113,11
1785530601.1003733,10194,1.5009085367352875,1.4996477391425989,11
1785530601.100412,10195,1.4946517112030553,1.5051202884861776,11
1785530601.1004314,10200,1.4946469759146948,1.507688132650334,11
1785530601.101795,10201,1.4936386776370023,1.5076862022735458,11
1785530601.1066637,10204,1.482107400425339,1.5177640798009702,11
1785530601.1151779,10203,1.4821342173342646,1.512962729902331,11
1785530601.1359563,10206,1.489184507968707,1.513226296956314,10
1785530601.1360295,10207,1.4976760393409179,1.5047472384637712,10
1785530601.1455135,10212,1.497677450644304,1.5008054677891103,10
1785530601.1783533,10213,1.5051511472785268,1.5008030118694438,10
1785530601.1790605,10218,1.4914157305054156,1.5007829446762122,10
1785530601.1791728,10219,1.4879889178048686,1.5042053558430697,10
1785530601.185359,10225,1.4901081341081437,1.5042179548797576,10
1785530601.18654,10228,1.4943430893885232,1.499987078767781,10
1785530601.1946933,10229,1.5002019149073387,1.5000009133675842,10
1785530601.1974638,10232,1.500190175535704,1.496111446681428,11
1785530601.2025983,10231,1.4986793592390457,1.4974332985010488,11
1785530601.2396896,10233,1.5035411801820509,1.501689247342629,11
1785530601.2399879,10235,1.5035329199769678,1.4988575219852236,11
1785530601.2400482,10236,1.5035374623122502,1.5015060360161183,11
1785530601.2400668,10237,1.492227842634463,1.5014730469310855,11
1785530601.2401571,10238,1.4987195420580621,1.507154147330524,11
1785530601.240207,10239,1.4987167644941668,1.5059163040291184,11
1785530601.2402315,10241,1.4925392259126402,1.5059038572113272,11
1785530601.241395,10243,1.4947576309836423,1.503964258014437,11
1785530601.2546892,10245,1.4877728754077395,1.4978514853012994,11
1785530601.254751,10246,1.4871792195277718,1.497852674637234,12
1785530601.2547758,10247,1.4871803015061376,1.4932762331324445,12
1785530601.2787504,10249,1.491432484162658,1.49329037583936,12
1785530601.3056226,10250,1.4905494260911285,1.4924073230599386,12
1785530601.306384,10251,1.4905513033168094,1.4950672918893169,12
1785530601.3064497,10253,1.4947869953103177,1.495052264858641,12
1785530601.306554,10255,1.4992965252823525,1.4905426706790366,12
1785530601.3066432,10257,1.499650073564517,1.4908962281151426,12
1785530601.3066883,10259,1.4996510114174828,1.4905425754788781,12
1785530601.3067553,10260,1.499652302955371,1.4908961745541474,12
1785530601.3067884,10261,1.496903766653535,1.490895060579977,12
1785530601.3068233,10262,1.5018549260961773,1.495846292128198,12
1785530601.310417,10263,1.5018548039957131,1.495757958678165,12
1785530601.3134177,10265,1.4984125155424677,1.4957586664627316,12
1785530601.3339834,10267,1.4974394383746825,1.4967317444563175,12
1785530601.3721862,10269,1.5013253131031696,1.5006176222971526,12
1785530601.3738852,10270,1.5081326533163257,1.5006304522827707,12
1785530601.3772242,10271,1.5081363873662679,1.5023143663222172,12
1785530601.3773708,10272,1.508133263928706,1.5076914038928477,12
1785530601.3774023,10273,1.5108662978921708,1.5076819767884342,12
1785530601.3774254,10274,1.509099806647238,1.505915515600407,12
1785530601.3783963,10277,1.5122881062938371,1.5059262261239994,12
1785530601.3785849,10275,1.5122777502143105,1.5095352573507133,12
1785530601.3786383,10282,1.5054503118781006,1.509528921548147,12
1785530601.3786588,10283,1.5054650799982152,1.516170225004028,12
1785530601.3909824,10284,1.5169833268741215,1.498505373414841,10
1785530601.4134634,10286,1.5230195476468953,1.5105167148255412,9
1785530601.4380226,10290,1.519366057790419,1.511139280433911,10
1785530601.438064,10291,1.507856479569855,1.5243195042662958,10
1785530601.438999,10295,1.5088330567237018,1.516946295489319,10
1785530601.4391067,10296,1.5070407651932145,1.5291237308338261,10
1785530601.4391372,10297,1.500590169836372,1.530193127130999,10
1785530601.439189,10298,1.4861508642418775,1.5128886544532172,10
1785530601.4392123,10300,1.488252439610259,1.510489324522557,11
1785530601.4392629,10299,1.488255733540155,1.5064374899414856,11
1785530601.4392946,10301,1.4854211854373671,1.5064464855717388,11
1785530601.441855,10303,1.4878932972309125,1.5036245405033526,11
1785530601.455945,10305,1.484443271808753,1.4996874788640417,11
1785530601.4559834,10307,1.484444420156562,1.5009918810901315,11
1785530601.4920688,10308,1.4844381673726097,1.4972406489277166,11
1785530601.4921384,10309,1.489038726407649,1.4972692180628568,11
1785530601.4923575,10311,1.489038285559589,1.5019279395163383,11
1785530601.4959726,10314,1.484798238301212,1.5019067310424246,11
1785530601.496148,10315,1.4852398387588337,1.5014027483665753,11
1785530601.4961832,10316,1.485239965230902,1.501668881480021,12
1785530601.499258,10320,1.4852378727706357,1.4992707440189115,12
1785530601.5015044,10321,1.4771919331799341,1.4991975473048877,12
1785530601.504391,10322,1.4850918602525567,1.5070967057864295,12
1785530601.5087862,10324,1.4865883116888268,1.5056006131481758,12
1785530601.5153794,10323,1.4865811567395402,1.5032922985592774,12
1785530601.5333805,10327,1.483590799109394,1.506282400356517,12
1785530601.5668752,10328,1.4835564395844454,1.4987229388845584,12
1785530601.567084,10332,1.4835613426628198,1.5011223544589969,12
1785530601.5671268,10333,1.4923970270992146,1.5011591172693508,12
1785530601.5671575,10334,1.49266221065284,1.5014242806363225,12
1785530601.567215,10335,1.4926405285701363,1.5071832027608918,12
1785530601.6033998,10339,1.4960427125841327,1.5054023784247408,11
1785530601.603571,10340,1.496056040879014,1.513082100512482,11
1785530601.6036265,10345,1.4941427832981287,1.5130795093252631,11
1785530601.6036735,10346,1.494749720660339,1.5136099430433598,11
1785530601.6130073,10348,1.4978838496986924,1.510870771332161,11
1785530601.6130686,10351,1.5033395307013016,1.5061012344616813,11
1785530601.6136677,10352,1.5033366743344108,1.5051278717684533,11
1785530601.6410966,10357,1.5103766954582267,1.5051262561442798,10
1785530601.6592126,10356,1.5092329828078077,1.4960059759454045,8
1785530601.6600826,10358,1.509403680852957,1.496152555935564,8
1785530601.660231,10362,1.5243256204516282,1.4985995082254415,8
1785530601.6602657,10366,1.5216109505854047,1.4981274749607971,9
1785530601.664354,10367,1.5215702871604577,1.497884302064586,10
1785530601.693201,10372,1.5228134173350694,1.4968486277151252,10
1785530601.716815,10371,1.5218946983457988,1.4914039642054546,10
1785530601.7218008,10373,1.5198494400671625,1.4910990351141342,11
1785530601.7218297,10374,1.5203659452361304,1.4911689124459822,11
1785530601.7218747,10375,1.5167383547683215,1.4947961079829672,11
1785530601.7222645,10379,1.5160641310756577,1.4899276379026443,11
1785530601.7223306,10380,1.5174571405027835,1.4998634612310682,11
1785530601.7223518,10382,1.5172215905632611,1.4996281683346542,11
1785530601.722392,10383,1.5172932328813704,1.5001415009677035,11
1785530601.722411,10384,1.5203148170136798,1.4971203399252577,11
1785530601.7224512,10385,1.524022073247671,1.4976560853681147,11
1785530601.7258549,10387,1.5183403372975621,1.5033370223067604,11
1785530601.7272923,10389,1.5141460799373156,1.499143346739084,12
1785530601.7283533,10390,1.5079606423710563,1.4991536200642674,12
1785530601.7313528,10391,1.5079276837856819,1.5075727380564734,12
1785530601.7811153,10393,1.5058998700520807,1.5075841694452023,12
1785530601.7824495,10394,1.5036084895606034,1.5052927919221204,12
1785530601.782476,10395,1.503624682280796,1.4991130259293726,12
1785530601.7834532,10397,1.4993833054997832,1.4991175156356438,12
1785530601.7859838,10399,1.503458359655502,1.495042430804997,12
1785530601.7860985,10404,1.5034570688779119,1.4919523742760241,12
1785530601.7885668,10405,1.5029253203820763,1.4919535401511852,12
1785530601.7886856,10407,1.5029272379191005,1.4948675127767572,12
1785530601.8273616,10406,1.510512447473072,1.5033140789498594,11
1785530601.8284118,10413,1.513777391299805,1.507050414831744,11
1785530601.828531,10415,1.5137805597101857,1.5026812446456106,11
1785530601.8306563,10417,1.5083935517492586,1.5027165520189338,11
1785530601.8337398,10418,1.5032750432496358,1.4968624944721254,11
1785530601.8583615,10422,1.500620603773887,1.4968680061407527,11
1785530601.882389,10429,1.504159829856301,1.4968594464331257,11
1785530601.8825245,10430,1.4985171095320042,1.4904076872937828,11
1785530601.8825705,10436,1.4984996951288914,1.495139342517145,12
1785530601.8857546,10434,1.4990308823475313,1.4951392634220406,12
1785530601.9269605,10441,1.493848627363859,1.5034158985944224,11
1785530601.9317107,10446,1.499810337063883,1.5025524723204857,10
1785530601.9380322,10452,1.5001899467663706,1.50027606108198,10
1785530601.9475124,10453,1.4917469293869778,1.5014594144977982,10
1785530601.9772265,10455,1.4917294414359672,1.5015632316114937,10
1785530601.9867272,10464,1.486767937025405,1.5080567829951619,8
1785530602.016526,10467,1.4843710984873142,1.512767754327109,8
1785530602.112423,10476,1.4904067940578714,1.5148020147823675,4
1785530602.118761,10478,1.4878451914983843,1.512281727626338,5
1785530602.1188571,10479,1.4875744404974127,1.5130779143011446,5
1785530602.1189318,10486,1.5024105928278557,1.5081705758309465,6
1785530602.1190133,10490,1.4974971651568738,1.5008260341771342,6
1785530602.1190443,10493,1.4921242723609371,1.5026147987008085,7
1785530602.1190765,10491,1.4908634812198074,1.508918190949084,7
1785530602.1191006,10498,1.4893436932484299,1.5094273825466413,7
1785530602.1191244,10499,1.4880569164005941,1.5160237369208247,8
1785530602.1191497,10500,1.4903532726317115,1.5044816001783925,8
1785530602.1191766,10502,1.5032737801972809,1.5216590950207967,8
1785530602.1191998,10504,1.5105372692122554,1.5129262121302534,9
1785530602.1192296,10503,1.510534817748472,1.5109503713659522,9
1785530602.1230857,10508,1.5104994445859299,1.5048549202758819,10
1785530602.1231756,10507,1.5123541487832934,1.503000265806274,11
1785530602.128508,10509,1.5136189378762253,1.5042649793417167,12
1785530602.1532545,10511,1.521378269107281,1.4941644075889942,10
1785530602.1532965,10512,1.5213183468246188,1.5011844683635502,10
1785530602.1533172,10513,1.5154480929958076,1.5012539380481982,11
1785530602.153334,10514,1.506096779812251,1.49307990685889,11
1785530602.156422,10517,1.5118449726597052,1.4930724238402409,11
1785530602.1857672,10518,1.5112434681416769,1.493076354390207,12
1785530602.1959965,10519,1.513281689594444,1.4910381881159587,12
1785530602.1960564,10524,1.5132714591987797,1.4861103897795989,12
1785530602.2012784,10525,1.5174450157770443,1.4860824696959494,12
1785530602.2015023,10526,1.513476622995519,1.4821140361247558,12
1785530602.2016141,10528,1.5110847069038782,1.4845060108796333,12
1785530602.2016563,10527,1.5110763273617698,1.48221637744867,12
1785530602.2016819,10529,1.510197719073984,1.4822147097387561,12
1785530602.2017288,10530,1.5138430532302363,1.4821913749484645,12
1785530602.2026143,10531,1.5108288481468726,1.485205727905587,12
1785530602.2107506,10535,1.5107950675560025,1.4907056747497718,12
1785530602.215893,10536,1.5107970430559878,1.492114790636662,12
1785530602.2247097,10537,1.5092904755667158,1.492122027032108,12
1785530602.2548652,10538,1.5220914857639458,1.5049219990911666,12
1785530602.2549176,10539,1.5220916535112574,1.5048342877973502,12
1785530602.254988,10541,1.5220917604972342,1.5048342875885392,12
1785530602.2550085,10542,1.5178556955061961,1.5048647894282234,12
1785530602.255029,10543,1.5190929759777434,1.50362764212776,12
1785530602.2550702,10545,1.513876785935333,1.4984119225844363,12
1785530602.2550938,10546,1.5127283129090774,1.4984068025077286,12
1785530602.2551153,10547,1.5127279524050743,1.4992944122135667,12
1785530602.261287,10549,1.5098104025677297,1.4993035987681405,12
1785530602.289682,10550,1.507155813411621,1.4966490731160487,12
1785530602.3063493,10552,1.5041538793144895,1.4996509722688678,12
1785530602.306372,10551,1.5041291952293434,1.4926779599574638,12
1785530602.3064299,10554,1.5028001498741683,1.4926745623034725,12
1785530602.306446,10553,1.5029764737413627,1.4926747281368273,12
1785530602.3070145,10558,1.4952173447714678,1.4926574322421928,12
1785530602.3070548,10560,1.495227707750492,1.4974380118117023,12
1785530602.3080902,10562,1.4947858839879031,1.496996190912118,12
1785530602.3265202,10565,1.4962879396499695,1.500196454759264,11
1785530602.3266804,10563,1.49628207616767,1.5081837267460652,11
1785530602.3305402,10570,1.5017770438609732,1.508185262632074,11
1785530602.3563917,10572,1.5017778882159363,1.5063677493663468,11
1785530602.3736303,10574,1.4997408770542986,1.5040401274051216,11
1785530602.3740199,10575,1.4997387489045533,1.5080810034528225,11
1785530602.37406,10581,1.509386704299169,1.5191106434640271,11
1785530602.374079,10582,1.5117883463316613,1.519126001659101,11
1785530602.3804343,10584,1.5117951624767831,1.5163054825701061,11
1785530602.3853483,10586,1.5146338643346773,1.5195524491620784,11
1785530602.4262283,10587,1.5146393949988963,1.5138147638238404,11
1785530602.427007,10594,1.5064702021032745,1.51375204343713,11
1785530602.4308014,10598,1.5022195329430015,1.508893129223171,11
1785530602.4309509,10600,1.508221804819396,1.502028797500883,11
1785530602.4309766,10599,1.5082218995570493,1.5027345062605217,11
1785530602.4350817,10601,1.5060101603459486,1.5027275412060508,11
1785530602.4438763,10604,1.5060164555115252,1.4969827821239707,12
1785530602.4443862,10603,1.505485063509741,1.497514146640186,12
1785530602.4493592,10605,1.4969286257692747,1.488957587126496,12
1785530602.4493592,10606,1.501683901356155,1.4889506922567213,12
1785530602.4870362,10607,1.5051110205423293,1.484162387997326,11
1785530602.4879107,10608,1.5050441927852007,1.4735730241659473,11
1785530602.4879344,10609,1.5036001514788757,1.4735740977586305,12
1785530602.4879508,10610,1.4977621677863746,1.4677344403756774,12
1785530602.489656,10611,1.4977750666046148,1.4688845390821417,12
1785530602.4931538,10618,1.5003987921071456,1.4688861812288951,12
1785530602.514461,10622,1.511209267598873,1.4772019075461982,11
1785530602.5491438,10625,1.5145244540199037,1.4772161909915005,11
1785530602.549191,10623,1.5145514839036018,1.480382897652386,11
1785530602.5492716,10629,1.5180919031002413,1.4834753733394337,11
1785530602.5492907,10630,1.5168844946987663,1.4834699188027847,11
1785530602.5493152,10632,1.5169015232106247,1.493137537425311,11
1785530602.5493636,10634,1.5122685674583145,1.4890896530889033,11
1785530602.5573673,10637,1.5056189958931325,1.4891010736341266,11
1785530602.5600665,10635,1.5056177924610814,1.4843369843152583,11
1785530602.5674112,10642,1.499579798327224,1.4843570487466908,11
1785530602.5843217,10644,1.4995792539280566,1.4863018721916381,11
1785530602.6108444,10646,1.5019931676241338,1.4884100016391406,11
1785530602.6109307,10647,1.5019950002953137,1.4872617885434678,11
1785530602.6109908,10654,1.5105550522897417,1.487240794383568,11
1785530602.6153717,10655,1.5105179039181567,1.4929175978581326,11
1785530602.618407,10656,1.5104793357919595,1.4841096827538487,11
1785530602.625847,10658,1.5133155201763229,1.486588403978792,11
1785530602.6277297,10659,1.5133194231507758,1.4872043879055015,11
1785530602.6328828,10660,1.5189798975616735,1.482259308137379,11
1785530602.6376057,10661,1.5259207546863451,1.4823143634980616,11
1785530602.6612892,10662,1.519813237779541,1.4834278861587078,10
1785530602.6813097,10663,1.516701977367629,1.486992692263431,11
1785530602.6824276,10668,1.516791551152365,1.4993680187339018,11
1785530602.6824996,10669,1.5172336067048662,1.4993653957394348,11
1785530602.6825545,10670,1.5153695132087783,1.4972349423202491,11
1785530602.682586,10671,1.5153622309041144,1.4957252852494753,11
1785530602.682586,10672,1.5099082433781499,1.501969356035662,11
1785530602.68275,10674,1.5121163905859878,1.5019704727113479,11
1785530602.68275,10676,1.512116550404517,1.5021658899647041,12
1785530602.688475,10675,1.5188983267659442,1.4953853759769935,12
1785530602.732231,10681,1.5219083937276734,1.4953745177231579,12
1785530602.7364488,10682,1.5224402263916084,1.4959062448525353,12
1785530602.736541,10683,1.5224520549212168,1.5030992861632182,12
1785530602.7365732,10685,1.5193550640449827,1.5030785756575307,12
1785530602.7366312,10687,1.5098012281929634,1.512631930002858,12
1785530602.73668,10688,1.5098076269180618,1.5007495138111828,12
1785530602.7424836,10693,1.509542521872405,1.5007501173309414,12
1785530602.750908,10695,1.5085353510782122,1.500364087518542,11
1785530602.7798927,10699,1.5109333661622895,1.4979660980462224,11
1785530602.7977357,10697,1.508669301810683,1.4976486959542885,11
1785530602.801238,10704,1.5084142387256632,1.4958007361689112,11
1785530602.80163,10705,1.5093416299979856,1.4959250819531136,11
1785530602.8017027,10707,1.5094266675867731,1.496540887702813,11
1785530602.8017027,10708,1.5064052549717692,1.4995622709504102,11
1785530602.8017397,10709,1.5106278605862569,1.5001542111985953,11
1785530602.8101223,10711,1.5115155677025993,1.4992666939913997,11
1785530602.8102667,10713,1.5136942471190824,1.5014452269866558,12
1785530602.8378127,10716,1.5114322703861316,1.496301578033795,10
1785530602.8549612,10717,1.5150721139102745,1.4962660130836303,10
1785530602.8578115,10718,1.5128641234515448,1.4940540139230998,10
1785530602.8579595,10719,1.512876333529061,1.4837820751060993,10
1785530602.8585136,10721,1.5166882315044141,1.4837901032334424,10
1785530602.858619,10723,1.517496706684499,1.4829790540773642,10
1785530602.8586743,10725,1.512769410756974,1.4782359276456,10
1785530602.8586981,10727,1.5128288976487496,1.473256579232353,11
1785530602.8587577,10728,1.5128253599128425,1.4727284009010961,11
1785530602.8671365,10732,1.5189861214007487,1.4673191043392988,11
1785530602.8686392,10731,1.5189765074070538,1.466352827533377,11
1785530602.887536,10733,1.5207806650194307,1.4662837721447823,10
1785530602.9209583,10735,1.5098738200992117,1.4744820780790717,10
1785530602.9210296,10734,1.5064098857329185,1.4745092280695273,11
1785530602.9221437,10736,1.5062791738387697,1.4865565459608123,11
1785530602.9227533,10740,1.506253750296342,1.482058028706425,11
1785530602.922815,10741,1.5020946818031526,1.4820593845307095,11
1785530602.9228904,10744,1.4986696336129206,1.485060769070306,11
1785530602.9229174,10743,1.4986987805402379,1.4920466524927323,11
1785530602.981178,10747,1.513436286615926,1.4791317127458323,11
1785530602.9874449,10748,1.5135209504201048,1.4713179899303441,11
1785530602.9875503,10756,1.5092778725959175,1.4750422259643117,11
1785530602.9875743,10746,1.5064328744307929,1.475056364450769,11
1785530602.9876173,10759,1.4996612647238432,1.4809970704700977,11
1785530602.987722,10758,1.5160987044414567,1.4808829372958312,11
1785530602.9966674,10757,1.5143965393709033,1.4808866008378303,11
1785530602.9967413,10768,1.5199778500477168,1.4759879688001238,11
1785530603.0062912,10769,1.516879202604776,1.4759926467310511,11
1785530603.007524,10773,1.5226825214282218,1.4810760200961408,11
1785530603.0192792,10774,1.51953213237694,1.4810812409150518,12
1785530603.1408575,10776,1.5221973689085586,1.5002753263976052,8
1785530603.1417682,10781,1.5298532543238168,1.501765396645295,8
1785530603.141818,10779,1.5299562184629476,1.5024286724522562,9
1785530603.1418982,10785,1.515034180835482,1.4874836641400646,9
1785530603.1419208,10786,1.5220235314851172,1.488609649863224,9
1785530603.141943,10788,1.5190415173296905,1.4705410073555156,9
1785530603.1419902,10790,1.521532390270571,1.4730301343431327,10
1785530603.1420321,10793,1.5264501507773462,1.4730456346854468,10
1785530603.1420753,10791,1.526421214355376,1.468327800690306,10
1785530603.142098,10798,1.5187025684146311,1.4683008333760865,10
1785530603.1421428,10802,1.5180976939227362,1.467696675378931,10
1785530603.1431203,10805,1.5116834579804643,1.4677022063070717,10
1785530603.1432276,10803,1.5116871953505324,1.468709643443754,10
1785530603.1432729,10809,1.5190293261747168,1.4760443610040146,10
1785530603.1432953,10810,1.5208373015918222,1.4760445883731985,10
1785530603.143316,10811,1.5208151281453683,1.477656801359239,11
1785530603.1433926,10812,1.5208247646091164,1.4821331842560592,11
1785530603.1455207,10813,1.5160565168631523,1.482181412897738,12
1785530603.1456,10814,1.5147349132636148,1.4808598145486935,12
1785530603.150377,10816,1.5145581379196487,1.4810365703546289,12
1785530603.157326,10817,1.513064523673866,1.481035402861713,12
1785530603.1745827,10818,1.5011461941269448,1.4810846905694195,12
1785530603.1915126,10824,1.5009368017860665,1.4905343823706534,10
1785530603.1915812,10825,1.5061290389428448,1.4896609798095963,10
1785530603.1916351,10826,1.5063875739473023,1.489971514088657,10
1785530603.191679,10827,1.505667268109127,1.4950358235397532,10
1785530603.196068,10829,1.499669481305809,1.4960495708437782,10
1785530603.1964989,10832,1.4993418535883554,1.4982776108778226,11
1785530603.2007527,10831,1.5009806773533438,1.4966387955225846,12
1785530603.2439215,10833,1.5018623578115886,1.4975204573474035,12
1785530603.2439601,10835,1.5018677403243959,1.4961053663090322,12
1785530603.244006,10836,1.5018612606155701,1.4986670089214,12
1785530603.2440264,10837,1.4977935840081487,1.4986796363121815,12
1785530603.2440653,10838,1.4941786181482222,1.4950647030734454,12
1785530603.2441034,10840,1.489836777778391,1.4994064175517734,12
1785530603.2441185,10839,1.489824504707904,1.5029538932343138,12
1785530603.2441418,10841,1.4917710072570187,1.5029415133206823,12
1785530603.2441618,10844,1.4917747962191936,1.5014430537934798,12
1785530603.2441845,10843,1.4877833626284613,1.505434345782726,12
1785530603.2590036,10845,1.4847004240962067,1.5023516838452233,12
1785530603.2590673,10846,1.4890349770409257,1.5023206651272023,12
1785530603.2591739,10847,1.4890341942260281,1.5031132366910978,12
1785530603.2670255,10849,1.490711841623461,1.5031154411741814,12
1785530603.3092928,10850,1.4954736430501228,1.5078772053071294,12
1785530603.3094177,10854,1.4962670665426054,1.50787636015399,12
1785530603.3094177,10856,1.4962713931521756,1.5042569692834347,12
1785530603.3094919,10857,1.4938940309661912,1.5018795656898272,12
1785530603.3095152,10859,1.4938885719152388,1.5040847274429612,12
1785530603.3146133,10861,1.4939768402215816,1.5040849290513192,12
1785530603.314837,10862,1.4952985375807708,1.505406347997054,12
1785530603.3167841,10868,1.4953021268090028,1.503553127561656,12
1785530603.3194044,10866,1.4918590610705902,1.5035566041557764,12
1785530603.3273737,10867,1.4979736606938618,1.4974420334789273,12
1785530603.3280077,10869,1.5027342949221343,1.5022025851963596,12
1785530603.335688,10871,1.5027356070773727,1.5015833364980136,12
1785530603.3435795,10872,1.5027290815882262,1.503261181497071,12
1785530603.3767524,10874,1.5071336093803216,1.507665736426002,12
1785530603.3819804,10876,1.5104150915787282,1.5043843986291934,12
1785530603.3820212,10875,1.510410604228554,1.5052651686964504,12
1785530603.3821113,10877,1.5099678809440449,1.505263652301819,12
1785530603.382169,10878,1.512438489822805,1.505245638793279,12
1785530603.3822882,10879,1.5098633272224582,1.5078207841748557,12
1785530603.3823192,10884,1.5098988431480451,1.500332583215444,12
1785530603.3974965,10885,1.5121083725112956,1.5003189418531095,12
1785530603.3976889,10886,1.5126372172747327,1.5008477414816932,12
1785530603.3977563,10887,1.5126438130659718,1.494686778293392,12
1785530603.3977828,10889,1.5174085059466338,1.494710805870881,12
1785530603.4162817,10890,1.5192680301441361,1.4947004247474611,12
1785530603.440634,10891,1.5164400259079922,1.4975281427963911,12
1785530603.4479153,10893,1.5130804949948702,1.494168836702568,12
1785530603.4479518,10894,1.5095517922849482,1.4941568786335935,12
1785530603.4480128,10896,1.5095523061412779,1.4948617251483987,12
1785530603.4480376,10898,1.503019588574538,1.4883289411035705,12
1785530603.448062,10900,1.497001815246798,1.4943468448972856,12
1785530603.4480836,10899,1.497002304711785,1.494612285274569,12
1785530603.4481337,10904,1.4969948896785545,1.4984091889773365,12
1785530603.4481523,10903,1.4978788271139218,1.4975252522739004,12
1785530603.4481905,10905,1.4988510403628785,1.498497465931807,12
1785530603.4512093,10907,1.498857445571341,1.503798733234718,12
1785530603.4588487,10908,1.4988575165388804,1.504948236371182,12
1785530603.4682305,10910,1.494697744067416,1.5007884689556776,12
1785530603.4695501,10912,1.4980520503472965,1.4974341618693694,12
1785530603.4696298,10911,1.4980539938995372,1.4984955058019842,12
1785530603.4985929,10915,1.4886056732683655,1.5079437200307064,12
1785530603.4987354,10916,1.4885966287257404,1.5041575262443476,12
1785530603.5105233,10920,1.488564745318804,1.5117877668644986,12
1785530603.5105696,10921,1.4866278529227546,1.5117845435235253,12
1785530603.517339,10923,1.486601497650895,1.515424668669196,12
1785530603.5494287,10925,1.484202709664744,1.5154452223631765,12
1785530603.5743961,10928,1.4842351931513709,1.5237980419698938,12
1785530603.579113,10926,1.4827445887425377,1.5237912834055944,12
1785530603.579566,10927,1.4941555564826319,1.5123795784246432,12
1785530603.5796793,10931,1.494151610542321,1.5109680945690693,12
1785530603.5802348,10932,1.4941597299359133,1.5091082927119346,12
1785530603.5802803,10933,1.5008567288516679,1.5091014910050253,12
1785530603.5803092,10934,1.5085233395593918,1.516768413567816,12
1785530603.5803328,10936,1.5065730750230537,1.5187189830700256,12
1785530603.5803566,10935,1.5065847335358074,1.51739599606854,12
1785530603.5804563,10937,1.5113851940953005,1.5174016877827992,12
1785530603.580505,10939,1.5128892857951368,1.5158975354614181,12
1785530603.5806293,10940,1.512890680132814,1.516163842065229,12
1785530603.5806649,10944,1.5129193959046263,1.5083311671540407,12
1785530603.6035886,10945,1.5093936925571716,1.508336090008223,12
1785530603.6160524,10946,1.5070001864593963,1.5059426273854029,12
1785530603.6161158,10948,1.507000165789858,1.5059426067221364,12
1785530603.6258192,10951,1.505325714037541,1.5076170627774914,12
1785530603.633483,10953,1.502754918157634,1.5050462755458827,12
1785530603.6337326,10956,1.5027455151517666,1.5125524513739164,12
1785530603.6338918,10957,1.4935038261849154,1.512528199475173,12
1785530603.6340077,10958,1.4846333027386571,1.5036579532407661,12
1785530603.6341066,10959,1.4845927580765421,1.4955736739124217,12
1785530603.641854,10961,1.4731185272920817,1.4956053491512658,12
1785530603.6427486,10963,1.4754996167899348,1.4932246938646285,12
1785530603.6522973,10965,1.4715134631497828,1.4931641146906516,11
1785530603.652358,10967,1.47151240051865,1.4934267327418882,11
1785530603.6874778,10968,1.4714826336008349,1.4870922720893192,11
1785530603.6875317,10970,1.4766409824893223,1.4916109153860844,11
1785530603.6876218,10973,1.4901280003137007,1.4916127687235197,11
1785530603.6876516,10971,1.4901851582532728,1.497465604219005,11
1785530603.687696,10972,1.4874731030229729,1.499837233248823,11
1785530603.6910822,10978,1.4943415627334802,1.4998651021120344,12
1785530603.6982765,10980,1.494354357742333,1.5014590864293207,12
1785530603.701301,10981,1.493912628818221,1.5014583482301136,12
1785530603.724594,10982,1.4946252500374362,1.5021675332958069,12
1785530603.7432601,10983,1.4946249753269183,1.5026103082217699,12
1785530603.7432601,10984,1.5028729841927084,1.4943657276268139,12
1785530603.745101,10988,1.502866335438605,1.4930381557285648,12
1785530603.745143,10986,1.5035750736200304,1.4930423854331625,12
1785530603.7451692,10987,1.4954126545407034,1.5012048620023144,12
1785530603.745235,10991,1.4954024480617674,1.4997932131082627,12
1785530603.7487257,10992,1.4953883165380193,1.4978456344273499,12
1785530603.7488298,10993,1.500076304737456,1.4978791083602296,12
1785530603.7489722,10994,1.497854315912389,1.4956569651116827,12
1785530603.7491236,10996,1.4982937003618273,1.495217437475763,12
1785530603.754559,10997,1.4926458901235045,1.495199549202225,12
1785530603.772125,10998,1.4949476082297473,1.4952120089376757,12
1785530603.8069105,10999,1.4990013945382,1.4911581927952033,12
1785530603.808109,11004,1.499015511225824,1.4939875681795824,12
1785530603.8082232,11005,1.5016724612619659,1.493991504839355,12
1785530603.8082845,11006,1.5087517029923225,1.5010706932096645,12
1785530603.808339,11007,1.5087403577557694,1.4963117181028798,12
1785530603.808395,11012,1.508740640689381,1.491524842397892,12
1785530603.808416,11011,1.510153189579203,1.490112289389667,12
1785530603.866743,11013,1.5088258033244355,1.4887848899023493,12
1785530603.8670707,11015,1.5088999742843294,1.4771714079818756,12
1785530603.8671494,11016,1.5088890417350918,1.4752324214850363,12
1785530603.8671775,11018,1.5065075635204865,1.47285044713113,12
1785530603.8672278,11019,1.5065336003735996,1.4776133526845026,12
1785530603.8672278,11020,1.5047595757949033,1.4793876950938065,12
1785530603.8672614,11024,1.5047216957581628,1.4835488483982688,12
1785530603.867283,11022,1.5017890067427015,1.4835572099992993,12
1785530603.8673213,11023,1.4991340217334073,1.4862123919793246,12
1785530603.867425,11026,1.492359574736014,1.4862386440959943,12
1785530603.8674476,11027,1.4923128870049203,1.495231370478105,12
1785530603.8674896,11029,1.4873551901482551,1.4952133666254652,12
1785530603.867532,11030,1.4882400348132334,1.4960981787057863,12
1785530603.8675537,11032,1.4886815113813756,1.495656721323227,12
1785530603.869278,11031,1.4886808769202182,1.4952131198322611,12
1785530603.8759773,11033,1.4857681036403716,1.4952234107090836,12
1785530603.9222689,11034,1.48594516687942,1.4952242466071224,12
1785530603.9224517,11035,1.4867405379552094,1.494428953199577,12
1785530603.928997,11040,1.486742552413092,1.4956718273362595,12
1785530603.9291353,11041,1.4933812643075188,1.4956849880543126,12
1785530603.9291832,11043,1.4933820170628567,1.4939133307685684,12
1785530603.933219,11046,1.4932048815225494,1.4939129364471213,12
1785530603.946657,11047,1.4958612437612004,1.4912568659908378,12
1785530603.9468606,11048,1.49587379542134,1.4889618827573117,12
1785530603.9469247,11052,1.495871715971006,1.4876342028645209,12
1785530603.9469523,11053,1.4977354710287318,1.4876316748328078,12
1785530603.9469757,11054,1.4984406529766803,1.4883368761615012,12
1785530603.9749453,11058,1.499682875815935,1.488333640467072,12
1785530603.9992054,11059,1.5050911676762946,1.4829249986758855,12
1785530603.9993117,11060,1.5050851710459943,1.483633294588309,12
1785530603.9993556,11064,1.5050875541384816,1.4846921837391853,12
1785530603.9994352,11065,1.4954932658571483,1.4847089345454252,12
1785530603.9995027,11066,1.4951397304343244,1.4843553740079842,12
1785530603.9996479,11067,1.4951436248427408,1.4851522078817092,12
1785530603.9996932,11072,1.4951625541415272,1.482151726224373,12
1785530604.0019708,11071,1.4887015636485268,1.488613030870483,12
1785530604.0186045,11073,1.4954100083616222,1.4953215020387773,12
1785530604.030155,11075,1.49544781147538,1.488172908063369,12
1785530604.0798814,11076,1.499279514099541,1.4938421855780535,9
1785530604.0800338,11077,1.5017587184128778,1.4934796475955237,9
1785530604.080132,11078,1.5008891709815901,1.4928997242116346,9
1785530604.0801988,11079,1.5003831652407733,1.4953977948035775,9
1785530604.0802352,11081,1.491742266706178,1.496693830705042,10
1785530604.080296,11084,1.4921091570613063,1.4946239558691277,10
1785530604.0803258,11083,1.4925270680070288,1.4942576204476434,10
1785530604.0803916,11085,1.4880098200135683,1.4904968838822426,10
1785530604.0804248,11087,1.4882150909879386,1.4893588220616027,10
1785530604.0804744,11088,1.4890872263030468,1.4842587507029488,10
1785530604.0805159,11090,1.483956548748263,1.4799799157780227,10
1785530604.0805376,11091,1.4834274507637817,1.4831064391209525,10
1785530604.0805652,11092,1.4856169684769007,1.481185369486258,11
1785530604.081166,11093,1.4959376950626961,1.4810987777148594,11
1785530604.0812182,11094,1.497256855559917,1.4810950364654274,11
1785530604.0813239,11095,1.4897611344535746,1.4876679621077424,11
1785530604.0911725,11099,1.489702944048546,1.496476811895123,11
1785530604.1055613,11100,1.4896992620357996,1.492574434723648,11
1785530604.1080973,11102,1.4984848908892396,1.5002644536635834,11
1785530604.1293168,11105,1.5027280121100575,1.5002702973143982,11
1785530604.14129,11103,1.5026895068940822,1.4926757930183088,11
1785530604.1413255,11104,1.5026895067295551,1.4926756238163228,11
1785530604.1413949,11110,1.4987399047964844,1.4926598489449985,12
1785530604.141415,11111,1.4987413317482676,1.4893908261725652,12
1785530604.151802,11112,1.4987626928051365,1.4999134471083366,12
1785530604.1529102,11114,1.4964680501224195,1.49761883111172,12
1785530604.1868603,11116,1.4949631778698171,1.4991236851097813,12
1785530604.187778,11124,1.4949596102100413,1.493545881660118,12
1785530604.1878042,11125,1.4988570381616295,1.4935487146852193,12
1785530604.1878223,11126,1.4948833932955088,1.48957498502965,12
1785530604.1906562,11127,1.4948880556125375,1.4938248546922381,12
1785530604.1979113,11129,1.48686113363233,1.493879172085061,12
1785530604.2125885,11130,1.488543725091443,1.49387706679117,12
1785530604.239831,11131,1.4954767969757836,1.4869439813075171,12
1785530604.2402549,11133,1.4970590397801957,1.4885258605743001,12
1785530604.2402549,11134,1.4948578600344307,1.4885420539226204,12
1785530604.2408695,11135,1.494883922824793,1.4861595405978996,12
1785530604.2410238,11136,1.4948703016982399,1.4897894552830642,12
1785530604.241065,11137,1.4922096864598617,1.4898050646871202,12
1785530604.241065,11138,1.4862442740533093,1.4838396868396346,12
1785530604.2411556,11141,1.4887934311270858,1.4838106040079428,12
1785530604.251048,11146,1.497936129105795,1.4837436136083964,12
1785530604.2554438,11147,1.497890300365948,1.49063339645632,12
1785530604.29905,11150,1.5076947391553657,1.5064740656140567,11
1785530604.2995167,11152,1.508401060000231,1.5056661405290597,11
1785530604.2999208,11151,1.5083988004233428,1.5075815777620676,11
1785530604.2999551,11153,1.5108799583363426,1.5075934115086418,11
1785530604.30007,11154,1.5108799616106008,1.5075934115343816,11
1785530604.3000972,11155,1.513086499281282,1.5050684013690818,11
1785530604.3001413,11157,1.5078659334534004,1.4990970855054886,11
1785530604.30016,11158,1.5046848909746826,1.499088882003102,11
1785530604.3001812,11159,1.5047000584226742,1.49321822332035,11
1785530604.3338764,11160,1.5046750490797343,1.4820177932506429,11
1785530604.3507917,11161,1.5161452957402597,1.4819452327621816,11
1785530604.3508308,11162,1.5100764702838754,1.4749957173704107,11
1785530604.3509643,11164,1.511053673032149,1.4738781193800823,11
1785530604.350986,11163,1.51105039249978,1.4728705425922473,11
1785530604.3510075,11166,1.5113179321000825,1.4728690841275907,11
1785530604.3514965,11172,1.511327133306938,1.4828417097629656,11
1785530604.3515687,11173,1.5024378826064906,1.4829177931846325,11
1785530604.3515935,11174,1.507455879747654,1.488658630824849,11
1785530604.35161,11176,1.503287294167637,1.4934232758269093,11
1785530604.3563337,11177,1.5030226827857127,1.493423061279965,11
1785530604.3666363,11178,1.498327848023275,1.4934366175470075,11
1785530604.3745537,11180,1.4983258639685437,1.4940794511751225,12
1785530604.3877368,11184,1.4983123253588462,1.4891268770782242,12
1785530604.4151073,11185,1.4964494758150435,1.48912326808958,12
1785530604.418363,11186,1.496980521519098,1.4896543353437177,12
1785530604.4185243,11188,1.5013937175031062,1.4852409105861526,12
1785530604.4185717,11192,1.501409844322593,1.481792003538865,12
1785530604.418626,11191,1.4960196091168585,1.487182668025862,12
1785530604.4186933,11193,1.5083968212773569,1.499560041783964,12
1785530604.4215667,11196,1.5083968610524836,1.4998244623136163,12
1785530604.4286635,11198,1.5114909830366168,1.5029184453188162,12
1785530604.4297943,11200,1.5052162012972068,1.5091931579029645,12
1785530604.4706922,11199,1.5052113857904492,1.5106049308866147,12
1785530604.4720085,11201,1.498115479697185,1.510611714519326,12
1785530604.4721231,11202,1.4997888326832702,1.5106073522967784,12
1785530604.4721794,11203,1.4983700885671922,1.5120261740701342,12
1785530604.472207,11206,1.4935780589866186,1.5120518590837866,12
1785530604.4722307,11207,1.4935913103335907,1.5196371870267218,12
1785530604.4738243,11209,1.4948205679728157,1.5196365846163395,12
1785530604.4738617,11210,1.4868870371187788,1.5117026148948198,12
1785530604.4739084,11212,1.488216343936384,1.5103732079001886,12
1785530604.4739242,11211,1.488219515141355,1.5098407839094816,12
1785530604.479389,11216,1.4882339004661138,1.5152993470765186,12
1785530604.5219114,11215,1.4934522268562678,1.5100808890076298,12
1785530604.5219777,11217,1.4790545755656854,1.495684098903838,12
1785530604.5220003,11218,1.4897343760478734,1.4956397068783405,12
1785530604.5220177,11219,1.4897337371677133,1.495023115274687,12
1785530604.522103,11221,1.4999152522778914,1.4950503081181372,12
1785530604.5291207,11223,1.4998680756771523,1.4844431555226727,12
1785530604.5293183,11222,1.5120998784575397,1.4966750911113675,12
1785530604.529396,11226,1.5162589390752939,1.496664380567826,12
1785530604.5294178,11227,1.5131696480554413,1.4997534602148848,12
1785530604.5799892,11229,1.5257387051361455,1.512321096571222,12
1785530604.580116,11231,1.525719452060838,1.5070619747607894,12
1785530604.5801382,11232,1.5256938439492782,1.5125822191704652,12
1785530604.5801563,11233,1.5158354937703595,1.5126568452874867,12
1785530604.5801957,11234,1.5065445213111033,1.503366074093122,12
1785530604.5802324,11237,1.5106150003021208,1.5033849661128647,12
1785530604.5802686,11239,1.5128193330867676,1.5011807554101282,12
1785530604.5803077,11238,1.5116707358993624,1.501182374891908,12
1785530604.580344,11240,1.5116640524134688,1.4982542763888727,12
1785530604.58038,11244,1.511668570723863,1.5015998905985097,12
1785530604.5848389,11245,1.5236837729178652,1.5015140985643938,12
1785530604.5887675,11248,1.5278520518984,1.4973468653738846,12
1785530604.594547,11249,1.5286469697025502,1.4973518608365104,12
1785530604.599655,11247,1.5285704771163724,1.509606379402688,12
1785530604.599655,11252,1.5285643370371955,1.5113913596337087,12
1785530604.6134045,11251,1.5276745036744654,1.5122810767320043,12
1785530604.6337035,11255,1.5276698561985163,1.5150461004928915,12
1785530604.63472,11256,1.52773330237678,1.507252874636647,12
1785530604.634812,11257,1.513360144770299,1.5073604384152637,12
1785530604.6348648,11258,1.5168134635572206,1.5108136396264553,12
1785530604.6349723,11259,1.5168146832527245,1.5060676544949743,12
1785530604.6685913,11264,1.5168213557978125,1.5072230504443718,12
1785530604.686465,11263,1.5116259329870847,1.5124183055247256,12
1785530604.6865168,11265,1.5094965685423858,1.5102890774903326,12
1785530604.6865375,11267,1.5094827416979268,1.5081609913577674,12
1785530604.686577,11268,1.5094815325901485,1.5106280062534398,12
1785530604.6875472,11269,1.5129164620297393,1.5106208335935711,12
1785530604.687612,11270,1.5051297077142816,1.5028341688699145,12
1785530604.6876504,11271,1.5051276537886369,1.5055695084991143,12
1785530604.6876664,11273,1.5077842367706027,1.5055769048928296,12
1785530604.6876965,11275,1.5132584871315065,1.5001028448741671,12
1785530604.6877682,11277,1.5123736212682128,1.4992180143878666,12
1785530604.6958835,11279,1.5123770942590355,1.501436778418882,12
1785530604.6965592,11280,1.5123758538994079,1.5061899562192074,12
1785530604.7409382,11282,1.5208071892684125,1.5180993807480705,11
1785530604.7422261,11284,1.5208071984111784,1.5180993889882362,11
1785530604.7422633,11283,1.520839078664823,1.5105510420011274,11
1785530604.7423406,11288,1.52080923823771,1.5027192869023336,11
1785530604.7424378,11286,1.52101115104431,1.5027182247008268,11
1785530604.7424722,11287,1.5265672976675109,1.4978574439778936,11
1785530604.7425318,11289,1.5235369375641943,1.4952054402213477,11
1785530604.7425566,11291,1.5235720350411857,1.4875449727507093,11
1785530604.7476711,11292,1.5235701854088628,1.486755682942619,11
1785530604.7477415,11293,1.5172872339518846,1.486802318158688,11
1785530604.7477698,11294,1.5098325949485663,1.4802701497620634,11
1785530604.7984438,11295,1.5098504028730881,1.4844989040182353,11
1785530604.8015468,11299,1.5091422627772269,1.4851197624254975,11
1785530604.8024907,11301,1.5074328190448307,1.4836223427358606,11
1785530604.8025265,11302,1.5087113945331365,1.4836216835625597,12
1785530604.802561,11303,1.5086626767760372,1.4924862951259077,12
1785530604.8027482,11306,1.5146727685409644,1.498496154952286,12
1785530604.802817,11308,1.511578814404841,1.5015899315143644,12
1785530604.8028426,11309,1.4999938991765103,1.5015910159375256,12
1785530604.804209,11311,1.4942258353501232,1.5073589210684,12
1785530604.8086386,11313,1.498451629567034,1.5115850019657935,12
1785530604.8086386,11314,1.4915308817158597,1.511631719426278,12
1785530604.8128045,11315,1.4915309574910887,1.5117198595109609,12
1785530604.8352954,11317,1.4916184526592102,1.5117201104976694,12
1785530604.866826,11318,1.480638361469114,1.5007400302151181,12
1785530604.8681314,11322,1.474540291251558,1.5007258987414653,12
1785530604.8682075,11327,1.4745816773069504,1.494066105826397,12
1785530604.8783696,11330,1.484944843403103,1.5044275708942492,12
1785530604.892544,11334,1.4867104186675157,1.5044244810411391,12
1785530604.9191327,11339,1.4867067727596717,1.5051284301157584,12
1785530604.91921,11341,1.4875891375457946,1.5051261334386021,12
1785530604.9192593,11342,1.4805679768137328,1.4981055146451547,12
1785530604.9192762,11348,1.480536569561982,1.5032859894479356,12
1785530604.919296,11346,1.4817726746112179,1.5032870536104874,12
1785530604.9266524,11349,1.4819495042422512,1.5034638234809574,12
1785530604.9312682,11351,1.4819440248969245,1.5045170266599701,12
1785530604.9652483,11353,1.4840028839907118,1.4996779849531847,11
1785530604.9653585,11354,1.4869044438531267,1.503000482513008,11
1785530604.9726257,11358,1.4942332666359919,1.502976884851785,11
1785530604.973748,11359,1.493968483820434,1.5032801351899385,11
1785530604.9772077,11364,1.4939496752102348,1.5051730912486905,12
1785530604.991789,11365,1.4933320306021713,1.505176589692984,12
1785530605.0198944,11366,1.5056146496504694,1.499512869612728,8
1785530605.0201101,11367,1.50635597876488,1.49584522023834,9
1785530605.0201101,11368,1.5092005039449021,1.4937085079545087,10
1785530605.0201592,11370,1.4905671193544248,1.4937116179765304,10
1785530605.0202103,11371,1.4960900944435325,1.4895630218121623,10
1785530605.0202544,11372,1.4961020789875856,1.4865616547072353,10
1785530605.0202928,11376,1.4960411283078836,1.4801005455765,10
1785530605.028947,11377,1.5006471484858053,1.480113612726265,10
1785530605.0292118,11378,1.5040592933099666,1.4826857148966424,10
1785530605.0472755,11381,1.5009804961894995,1.4826770242488299,11
1785530605.212956,11379,1.494933535366335,1.4808931601130801,9
1785530605.2198238,11386,1.4916589130619284,1.4803615579622704,10
1785530605.220435,11387,1.4936144321907998,1.4918175476216469,6
1785530605.2204912,11388,1.4961726766421295,1.4817133157924705,7
1785530605.220517,11390,1.495749342940835,1.4812914416722942,7
1785530605.220569,11391,1.4938859354430547,1.4886693854744029,7
1785530605.2205899,11393,1.5035177232784123,1.4861957623379811,7
1785530605.2206364,11394,1.5123795590197002,1.4838824353664222,8
1785530605.2206624,11392,1.5110382115553334,1.4854929408917328,9
1785530605.2206829,11397,1.5136881513130112,1.4886820852514093,10
1785530605.220731,11399,1.51368819342018,1.4886821440003835,10
1785530605.220772,11402,1.516261271371572,1.4917793877309795,10
1785530605.2208135,11404,1.5133453620158852,1.4951145626993894,10
1785530605.2208335,11403,1.5126899440880308,1.4995752925738761,10
1785530605.2208564,11408,1.5126217196045892,1.500052108621963,11
1785530605.2209008,11407,1.5169897779389845,1.4956825649439636,12
1785530605.2209227,11409,1.5174298822513372,1.4961224583387396,12
1785530605.2209435,11410,1.52775877297243,1.4961728029404326,12
1785530605.220965,11411,1.527757112035711,1.5020596477453731,12
1785530605.2210221,11412,1.5277565215073698,1.5038108428127415,12
1785530605.2210412,11413,1.525372818068649,1.5038301910703344,12
1785530605.2210596,11414,1.520770855482075,1.4992290441413472,12
1785530605.2211065,11417,1.5183848180277588,1.4992115906673669,12
1785530605.2211554,11416,1.5222726048977835,1.495324329298393,12
1785530605.221214,11422,1.5098291053814878,1.4952784234485426,12
1785530605.221235,11421,1.5004070113830492,1.4858563078497928,12
1785530605.2212703,11423,1.5004846972473125,1.4786951586770964,12
1785530605.22131,11424,1.5004833475939845,1.48258338393352,12
1785530605.2213302,11426,1.5063611223217206,1.4884617645578238,12
1785530605.221374,11427,1.5063709521410662,1.4828171940173944,12
1785530605.221374,11428,1.5069930648812067,1.482194853672537,12
1785530605.2214065,11429,1.507168803674611,1.4821952515224486,12
1785530605.221447,11431,1.5016588555979136,1.4877046159908642,12
1785530605.2214634,11433,1.510624716337514,1.496670883253764,12
1785530605.2214837,11434,1.5279310125342314,1.496737458785111,12
1785530605.2215223,11435,1.527940678187639,1.503516615232538,12
1785530605.2464232,11436,1.5279326155427857,1.5001896242767045,12
1785530605.2528865,11437,1.5292584983591193,1.500181453678214,12
1785530605.253126,11438,1.5271301439105331,1.4980536483191704,12
1785530605.2531672,11440,1.5221956036568203,1.5029871436855704,12
1785530605.253185,11439,1.522198015573879,1.504478555989865,12
1785530605.2531996,11441,1.5247653973399946,1.5045065142875573,12
1785530605.2532306,11444,1.524753859446418,1.5016550161984803,12
1785530605.2534919,11443,1.5210507584965973,1.5053574649062849,12
1785530605.259736,11445,1.5120114024107878,1.4963189774406576,12
1785530605.2598166,11446,1.4993873301807428,1.496288680060107,12
1785530605.2598395,11447,1.499398896378195,1.4932840660197526,12
1785530605.271637,11449,1.5020564616251406,1.4932752633586135,12
1785530605.310149,11452,1.5024999799248187,1.4928317712187684,12
1785530605.3102758,11451,1.5024978565733302,1.488151041836096,12
1785530605.3103933,11450,1.5007335620451017,1.4863866358021103,12
1785530605.3146977,11454,1.4911445580529599,1.48637727437069,12
1785530605.3146977,11456,1.4911571462804507,1.4834689989114829,12
1785530605.317266,11455,1.4887712251549474,1.4858550268738775,12
1785530605.318031,11459,1.4887777825777875,1.4845341420549316,12
1785530605.3183386,11461,1.4903769353981535,1.4845388767296892,12
1785530605.318399,11460,1.490390802831894,1.4897705160230024,12
1785530605.318443,11462,1.4872167514929235,1.4865964808685144,12
1785530605.3188944,11466,1.488903582048235,1.4865984582506027,12
1785530605.3188944,11468,1.4888919265292353,1.488271654219333,12
1785530605.329608,11470,1.4920614602691125,1.4882553757730677,12
1785530605.337729,11471,1.4920419366258326,1.4984811935457274,12
1785530605.361901,11472,1.4920217191383274,1.4936070096956848,12
1785530605.37261,11473,1.4898072604319463,1.4935913905125011,12
1785530605.3738346,11474,1.4875878461483012,1.4913720710608767,12
1785530605.3739858,11477,1.487764074481074,1.4913712931609413,12
1785530605.374056,11479,1.4989394761829742,1.480196088134563,12
1785530605.377,11478,1.5052562943321455,1.4802130594420286,12
1785530605.3828185,11485,1.5088149723490876,1.4802112238796363,12
1785530605.385374,11486,1.5128857586354836,1.4842822726915958,12
1785530605.3905754,11488,1.5158871338848658,1.481280819646853,12
1785530605.4469864,11491,1.5158871383054118,1.4812808152158574,12
1785530605.4479125,11496,1.5159142022886614,1.485764758821824,12
1785530605.4479737,11492,1.5158970614134755,1.495538661277635,12
1785530605.4480252,11499,1.515911593708775,1.5023962269939402,12
1785530605.4480252,11500,1.511848046622477,1.5064595421489977,12
1785530605.4480908,11501,1.507507666341275,1.5064461103006415,12
1785530605.4528775,11503,1.5042345626424911,1.5097192446782093,12
1785530605.4548965,11504,1.5042320301111156,1.5037888918964315,12
1785530605.499662,11509,1.506180363829899,1.5129008443943521,11
1785530605.4997466,11508,1.5061803649070924,1.5129008467917813,11
1785530605.5031924,11514,1.5021763214912347,1.5123336472575488,11
1785530605.5088081,11521,1.505051328105008,1.5127419843904935,11
1785530605.515829,11520,1.5053349764938406,1.514799238239961,11
1785530605.51629,11522,1.5027447340400626,1.5122088532226752,11
1785530605.5397954,11528,1.4974352129562971,1.4957063447733419,9
1785530605.5603704,11526,1.49416675970653,1.4951832152704416,9
1785530605.5612705,11530,1.4897620053200775,1.4945007321586548,10
1785530605.5613115,11531,1.4892981143868234,1.4909909493041158,11
1785530605.5613887,11534,1.4911639252218243,1.4928565549537673,11
1785530605.5614445,11536,1.487422703740775,1.4965980607037892,11
1785530605.5614746,11535,1.486211053750018,1.4878108316747285,11
1785530605.5614948,11537,1.4896954584639666,1.4882751339355376,11
1785530605.567165,11539,1.4833926232455965,1.4945778475181788,11
1785530605.5775564,11544,1.4823024094145134,1.4869087661656457,11
1785530605.581748,11545,1.4836487723784786,1.4871048251344838,11
1785530605.5870147,11546,1.4812998467019718,1.4847559776694201,11
1785530605.600321,11548,1.4934397224633604,1.472614718266194,11
1785530605.6311579,11552,1.493914756549912,1.4762098375162902,11
1785530605.6326125,11551,1.4986943192976119,1.4714291021018717,11
1785530605.6327186,11553,1.5055999348471854,1.4783361398704944,12
1785530605.632754,11554,1.5057754371807424,1.478336488887498,12
1785530605.632807,11555,1.5057916716945825,1.4765649081581362,12
1785530605.6328568,11556,1.5058044916831694,1.4791233532598054,12
1785530605.6328876,11557,1.4972607732984435,1.479139952456394,12
1785530605.6329324,11558,1.4984980723878552,1.480377418687956,12
1785530605.6329799,11559,1.4985268828196598,1.4871869266496573,12
1785530605.6382017,11564,1.498508563830619,1.4905441563187525,12
1785530605.6411796,11562,1.4986858951283806,1.4905442483211302,12
1785530605.6454096,11563,1.4965619590508934,1.4926680107440224,12
1785530605.6488004,11565,1.4963851813366724,1.4924912370899257,12
1785530605.6624389,11566,1.5008818827798212,1.4924872017111004,12
1785530605.6935363,11568,1.5008800406944505,1.4918686581873317,12
1785530605.6936195,11569,1.5059317895484183,1.4918611244421074,12
1785530605.693732,11571,1.5059003536389899,1.4841863685923178,12
1785530605.6937592,11575,1.504488140779318,1.485598661699553,12
1785530605.7030418,11581,1.5066195768621164,1.4855969290892368,12
1785530605.7077067,11583,1.5066409335803723,1.4919468939515668,12
1785530605.75011,11592,1.5066416232978572,1.4949454387995886,12
1785530605.7502623,11593,1.5055791691023974,1.494950048088901,12
1785530605.8005483,11598,1.496307314369245,1.5036725171198413,10
1785530605.8177378,11599,1.5107076732633764,1.4910640839716367,10
1785530605.8182254,11604,1.5117853159142216,1.4844677844679612,10
1785530605.8182566,11605,1.519425719672682,1.483336576304849,10
1785530605.8189716,11608,1.5149765584861001,1.4872358289061813,11
1785530605.8190145,11607,1.514977936852555,1.487763528484512,11
1785530605.8190424,11609,1.511536492938455,1.4877590725230307,12
1785530605.8190682,11610,1.509938952602721,1.4877702973778562,12
1785530605.8191586,11611,1.5055053434002135,1.492203949963108,12
1785530605.81918,11615,1.505480924158999,1.4991109473422342,12
1785530605.8192325,11616,1.5054759783718663,1.5021106507164983,12
1785530605.8226955,11617,1.5061825939616829,1.5021078279315894,12
1785530605.824579,11618,1.5115625009222327,1.5074876316366883,12
1785530605.828603,11619,1.511548858542861,1.5099529885761591,12
1785530605.8373232,11624,1.511549042948225,1.5087108340530258,12
1785530605.8492067,11622,1.5211791480391164,1.5094366522350844,11
1785530605.8731074,11623,1.517498684296926,1.5158200786219922,10
1785530605.8830163,11626,1.5207222891695034,1.5162812359593927,11
1785530605.8830588,11627,1.5199055319718768,1.5104753045295936,11
1785530605.8831077,11629,1.516318462524097,1.510008421439159,11
1785530605.8831618,11630,1.5152653181340767,1.5089554241788263,11
1785530605.883186,11631,1.5145297481860107,1.5035272594508735,11
1785530605.8832107,11633,1.5169034252117726,1.5038688609008912,11
1785530605.883644,11636,1.5170640073514916,1.505008646924229,11
1785530605.8836825,11635,1.5188369231116408,1.5032359499806482,11
1785530605.887832,11637,1.517848398350419,1.5022475052275186,12
1785530605.8936095,11639,1.5178553170661278,1.4998469472928764,12
1785530605.94313,11641,1.5198001244291472,1.4998270387196673,12
1785530605.9454916,11642,1.5198001599099327,1.4998270384572296,12
1785530605.9455247,11644,1.515894214750709,1.5037325739175094,12
1785530605.9455476,11643,1.5159144811685605,1.4981938936636292,12
1785530605.9455996,11648,1.5159146391250404,1.4979273009564011,12
1785530605.9456306,11647,1.5246878032732756,1.4891558843881836,12
1785530605.9456818,11649,1.5233651312371317,1.4878333016930652,12
1785530605.9457111,11650,1.5163227065427063,1.4878118922561274,12
1785530605.9457293,11651,1.5162857350409635,1.4929662219504078,12
1785530605.9458299,11653,1.5135391602004868,1.4929871998691082,12
1785530605.9483912,11654,1.5177725495687007,1.497220290956319,12
1785530605.9517448,11655,1.5177713387846976,1.4980110518223881,12
1785530605.9517448,11656,1.5199866653258798,1.495795986156666,12
1785530605.9546304,11657,1.522899592860584,1.4958110280977426,12
1785530605.9690475,11659,1.5190043358416792,1.4997057288818025,12
1785530605.9752202,11660,1.519021902995514,1.494458096865769,12
1785530605.9822688,11664,1.5190227235901115,1.491120765205233,12
1785530605.9824054,11665,1.5157425325015133,1.4911447955372785,12
1785530605.9892116,11668,1.51963561835778,1.4872519606499133,12
1785530606.0051274,11669,1.5136507572163456,1.487230533462578,12
1785530606.0283487,11672,1.5136362477459486,1.4894502983317606,12
1785530606.0293875,11671,1.5078777430316708,1.4952087058535128,12
1785530606.029827,11673,1.5051440125569933,1.4924750418994248,12
1785530606.0298922,11675,1.5051990580363503,1.4849489136598395,12
1785530606.030085,11676,1.505185100929032,1.4917427306620028,12
1785530606.0301533,11678,1.4971112890319944,1.4836688588234281,12
1785530606.0302858,11679,1.4971037802613023,1.4864111072235913,12
1785530606.0303142,11680,1.493807211280603,1.489707985294123,12
1785530606.0347624,11681,1.5004133606641779,1.4896561032424354,12
1785530606.0578368,11682,1.4870210382995162,1.489676381550654,12
1785530606.069657,11683,1.4945443759455517,1.482152733873187,12
1785530606.1217723,11686,1.4926114961530386,1.4821602026610965,12
1785530606.1234212,11687,1.4925640944414527,1.4952094684133808,12
1785530606.123494,11693,1.4884164367676511,1.4952158679682657,12
1785530606.1235595,11692,1.4844426590315338,1.4991894082690724,12
1785530606.1236098,11698,1.4960183143685541,1.4991852705966022,12
1785530606.1236315,11697,1.498683051156775,1.50184972985281,12
1785530606.1236541,11699,1.4986727046779023,1.499641048046132,12
1785530606.1236997,11700,1.4986726623931927,1.4992873013098738,12
1785530606.123745,11702,1.5059495218571775,1.5065656524997764,12
1785530606.123766,11704,1.5091182807036276,1.5033971851449304,12
1785530606.1237855,11703,1.509114718259985,1.502339711447035,12
1785530606.1240273,11705,1.5046033225697624,1.5023121947447056,12
1785530606.124155,11707,1.4986113035934605,1.5083042221243212,12
1785530606.129986,11709,1.4978133189618066,1.5075063343181945,12
1785530606.1306179,11710,1.4910790175733704,1.507505574189243,12
1785530606.1315074,11711,1.4910714433676349,1.5040687076600736,12
1785530606.1768267,11713,1.498132884295252,1.5040708710152109,12
1785530606.1815321,11714,1.48693769306015,1.4928758279261443,12
1785530606.1815658,11717,1.4955791384946908,1.4928396350468078,12
1785530606.1816063,11719,1.4970814330162896,1.4913373162587413,12
1785530606.1816273,11718,1.5117961064331438,1.4912828487994207,12
1785530606.181797,11720,1.511766711122738,1.4963407531116668,12
1785530606.1876423,11728,1.5144263361811834,1.4936813033726597,12
1785530606.2093043,11727,1.5144236234190316,1.4955284397515427,12
1785530606.2151768,11729,1.507804446449335,1.495535096755549,12
1785530606.2152126,11732,1.5078267923231266,1.4927879149030712,12
1785530606.2152503,11730,1.4996754753741797,1.492841833376732,12
1785530606.2153366,11731,1.494883100594654,1.4976341000205873,12
1785530606.2155569,11735,1.4948828829676264,1.4978106525519819,12
1785530606.2169237,11736,1.494880358928642,1.498341887425552,12
1785530606.2240434,11738,1.496992870508184,1.5004543968113473,12
1785530606.2347429,11739,1.4969723176609742,1.5041704663140893,12
1785530606.234787,11740,1.4955504896373575,1.5055924063407062,12
1785530606.2348495,11741,1.4966130907731334,1.5055855285670345,12
1785530606.2392883,11742,1.4965248942354197,1.5055854283735244,12
1785530606.2646844,11743,1.5036313623498818,1.4984793905138036,12
1785530606.2654114,11746,1.5021297089254513,1.4984856653997036,12
1785530606.2655444,11747,1.5021107069045598,1.5025544224668208,12
1785530606.2760284,11749,1.4892169413774186,1.5025616249113607,12
1785530606.2761908,11750,1.4874488630546512,1.5007936254357825,12
1785530606.2894762,11756,1.4874501172857557,1.502201886238032,12
1785530606.2900457,11754,1.4840936894653511,1.5021819681378838,12
1785530606.2901459,11757,1.4792236079330408,1.4973124425716617,12
1785530606.2902002,11758,1.4828444088425292,1.4972979379000597,12
1785530606.295523,11759,1.4828448427475243,1.496858544031356,12
1785530606.33181,11761,1.482224208424108,1.4968531539043664,12
1785530606.336702,11762,1.4840859988760546,1.4987147770746845,12
1785530606.3369136,11766,1.4866504959869082,1.4987338892818227,12
1785530606.3369555,11760,1.4866385242774132,1.4954490564417886,12
1785530606.3370433,11771,1.4866364225999105,1.4932492170255878,12
1785530606.347717,11773,1.4922174981746963,1.4932774921760046,12
1785530606.3765543,11772,1.4922147008690232,1.4923913153140935,12
1785530606.3766978,11774,1.5010618196491405,1.501238429916786,12
1785530606.389304,11778,1.4990297363692862,1.5012358645098862,12
1785530606.3899434,11780,1.4990279544195957,1.4961993558956979,12
1785530606.390001,11784,1.4990273511834742,1.5002665324022122,12
1785530606.3900998,11785,1.4988505901981095,1.5002664832109163,12
1785530606.390128,11786,1.4876406249477832,1.489056821726813,12
1785530606.3992062,11788,1.4800283565343633,1.4966685138652158,12
1785530606.3992653,11787,1.4800220932998307,1.4918640748728562,12
1785530606.4063184,11791,1.4789615638903628,1.492924475827133,12
1785530606.407417,11793,1.482055953264664,1.4960185050471853,12
1785530606.4257584,11795,1.4820561908385448,1.4958427948059143,12
1785530606.4492164,11796,1.4813153993806314,1.4952247586213738,11
1785530606.4492738,11798,1.4869688744648002,1.5001719445027804,11
1785530606.449373,11800,1.4975682628948057,1.4908940027512247,11
1785530606.4494028,11799,1.4975792413858484,1.4948747144216339,11
1785530606.4494324,11801,1.5031750160366608,1.494877780031194,12
1785530606.4494877,11803,1.5037929005667408,1.4942599022449474,12
1785530606.453221,11805,1.4995445364451123,1.4900114521647878,12
1785530606.45326,11807,1.4995487870306212,1.4883322923908486,12
1785530606.4564445,11808,1.4995537278951614,1.4894815380558308,12
1785530606.463716,11810,1.5033559631861046,1.4932838649424525,12
1785530606.467096,11811,1.503351853289556,1.4919595113836392,12
1785530606.467096,11812,1.503793408998214,1.4915179465275352,12
1785530606.508163,11814,1.5009092487853182,1.4915146398363248,11
1785530606.508652,11815,1.4993950493399197,1.4928405925412878,11
1785530606.5086854,11820,1.4993886224378177,1.4908956327517093,11
1785530606.5087326,11821,1.5061712186768579,1.4908888707063161,11
1785530606.509022,11822,1.5002248725687437,1.4856806227138297,11
1785530606.509916,11823,1.5002029018825067,1.481614868327845,11
1785530606.509916,11824,1.4976814105281375,1.4838250710633416,11
1785530606.5137923,11825,1.4929667284912576,1.4838370343942462,11
1785530606.5180547,11828,1.4929219897872803,1.4923025222016164,11
1785530606.5224986,11827,1.4968542900972943,1.4888590715729488,11
1785530606.527678,11829,1.5108114692011168,1.501080419767798,11
1785530606.5306954,11831,1.510820922420842,1.5034755375093871,11
1785530606.5744212,11832,1.510808900109496,1.5000409088431528,11
1785530606.577169,11833,1.5034349146610788,1.500019314087428,11
1785530606.5772734,11834,1.4917623108426012,1.489793348187976,11
1785530606.5773356,11835,1.4917304545245311,1.486779524178567,11
1785530606.577373,11837,1.4845990817704207,1.4867727630150644,11
1785530606.578464,11839,1.4810775370071272,1.4898560355789137,11
1785530606.5791852,11844,1.4810195000572228,1.4836299757047515,11
1785530606.5818863,11845,1.4931884546018597,1.4837184859649097,11
1785530606.5995817,11846,1.515470749704776,1.503236601829411,11
1785530606.6224477,11848,1.512652859215682,1.5057002685081617,11
1785530606.622487,11852,1.5126603657992634,1.5067654299296565,11
1785530606.6252856,11851,1.5162826317993021,1.503599744112783,11
1785530606.6253438,11853,1.5091804555208816,1.4973820038403778,11
1785530606.6253624,11854,1.5150116350877159,1.4974324760335422,12
1785530606.6253784,11855,1.514995695667769,1.4920140025603985,12
1785530606.6254199,11856,1.5150252757041067,1.4993132687335198,12
1785530606.6254363,11857,1.5038858927784562,1.499312584432198,12
1785530606.625471,11858,1.4984666011284238,1.4938935614594013,12
1785530606.6294684,11860,1.4977629393511238,1.494596951913528,12
1785530606.6296082,11859,1.497787450532177,1.4991966254605817,12
1785530606.635602,11861,1.5055635168185548,1.4992386035094933,12
1785530606.6381207,11864,1.5055390497421883,1.488435204085752,12
1785530606.6617856,11863,1.5005137891274032,1.4934605166317756,12
1785530606.6836872,11866,1.4899302958130713,1.4934694441168217,12
1785530606.6837344,11867,1.4899351105665566,1.4921480757000771,12
1785530606.683808,11873,1.48517450629157,1.4921786857163175,12
1785530606.6838531,11871,1.485175602791677,1.4926227998801813,12
1785530606.6840935,11872,1.4890758519954193,1.4887212351470838,12
1785530606.691818,11878,1.495768102104231,1.488690234657745,12
1785530606.7111976,11881,1.5003349891967552,1.4886853873039283,11
1785530606.7411706,11883,1.5003361748095665,1.4915135036364124,11
1785530606.7412152,11888,1.5003367497036992,1.4913367424627662,11
1785530606.7413337,11886,1.4980789614998822,1.4913431182843746,12
1785530606.7413602,11889,1.4955226957610719,1.488786793799341,12
1785530606.7414508,11892,1.4955194605948614,1.486839302375825,12
1785530606.7451801,11893,1.4961408750358962,1.4868387969701715,12
1785530606.7452736,11894,1.4964944182988127,1.4871923556828108,12
1785530606.7497423,11895,1.496490145860449,1.4857756578101275,12
1785530606.7582538,11897,1.498953207545816,1.4857703363001795,12
1785530606.803861,11899,1.501076509469804,1.4836468712388173,12
1785530606.8067887,11904,1.5010741008824096,1.4832050665093943,12
1785530606.8068736,11905,1.4968082724170955,1.4832040985485553,12
1785530606.8069153,11908,1.4977799378471477,1.482232337297355,12
1785530606.8069346,11907,1.4977625323602421,1.4798439249691124,12
1785530606.8069682,11909,1.49161729612845,1.479852918528301,12
1785530606.807001,11912,1.4916452154173307,1.4765914263262472,12
1785530606.8070157,11911,1.492973351135593,1.475263050041396,12
1785530606.8070443,11913,1.4992371817787096,1.4815278160795047,12
1785530606.8109062,11915,1.4992344791647172,1.4819696898272647,12
1785530606.817605,11916,1.4992481814471332,1.4885121945182718,12
1785530606.8212025,11917,1.5051927457795362,1.488479495578728,12
1785530606.8257725,11918,1.5023808756218746,1.4856672834492648,12
1785530606.8292463,11919,1.5023755903411984,1.4884050405900386,12
1785530606.8631437,11921,1.5113562090456565,1.48837946724485,12
1785530606.875141,11924,1.5113165909766393,1.4968080768461196,12
1785530606.875202,11923,1.5122897284834063,1.4958349867539935,12
1785530606.8760688,11926,1.5111422589332242,1.4958317139920814,12
1785530606.8761244,11927,1.5111524011003394,1.492992817330272,12
1785530606.876218,11928,1.5111446104907644,1.4884137300271776,12
1785530606.8762515,11929,1.505465994204815,1.4884277005549693,12
1785530606.8763206,11930,1.5010412986384767,1.4840027487462748,12
1785530606.8763573,11931,1.5009954155819518,1.478524155909365,12
1785530606.8763573,11932,1.5021408711768993,1.4773784642436376,12
1785530606.8764307,11933,1.4975797261422903,1.4773683246064881,12
1785530606.889109,11937,1.4893486680820953,1.469135431138357,12
1785530606.8892896,11935,1.4869657657519317,1.4715188867915028,12
1785530606.917193,11940,1.4870015551390203,1.4752476705048232,12
1785530606.9390578,11941,1.4908332810619735,1.4752599497267949,12
1785530606.939191,11942,1.4962189149087144,1.480646377361282,12
1785530606.9392593,11944,1.4942724746809588,1.48259303289556,12
1785530606.9392898,11943,1.4942714509902653,1.4824159127854901,12
1785530606.9393547,11948,1.494261081701293,1.484092158866639,12
1785530606.9393752,11946,1.4985260348564866,1.4840925284822646,12
1785530606.939408,11947,1.500119830051416,1.4824985991561435,12
1785530606.942171,11951,1.5000802347020468,1.4974368410551913,12
1785530606.948572,11956,1.4985824123616442,1.4989348141740308,12
1785530606.9553592,11957,1.4991125381611932,1.498936359135407,12
1785530607.0018058,11959,1.4984959035651453,1.4995529995530603,12
1785530607.001959,11960,1.4984886608839674,1.493545600863449,12
1785530607.0019953,11968,1.5008718902786196,1.4911623140597456,12
1785530607.0218878,11971,1.495840604297475,1.4961936626385106,12
1785530607.0247936,11972,1.4958418122672505,1.4941635579984536,12
1785530607.1514337,11980,1.476346637597093,1.4593721796242163,4
1785530607.2001736,11981,1.4353129700434735,1.431632400157857,4
1785530607.2002342,11983,1.43588001298178,1.4310669601632302,4
1785530607.2003245,11986,1.4737244528216722,1.4566609097702548,5
1785530607.2003934,11987,1.4579565148656413,1.425758993365313,6
1785530607.2004657,11992,1.446673851319257,1.43688484214587,6
1785530607.200497,11991,1.457584223209031,1.4573637778995534,7
1785530607.2005255,11993,1.494000825142344,1.471742000385093,7
1785530607.2005534,11996,1.4991881359927082,1.4822821988472106,7
1785530607.2006145,11995,1.510311637614437,1.474954675455957,7
1785530607.2006457,11997,1.5194862912588607,1.4827644892793816,8
1785530607.2006755,11998,1.5062196544782958,1.4806064403964718,8
1785530607.2007015,11999,1.5124615906095644,1.5129113441577742,8
1785530607.2007694,12001,1.5098668547387857,1.512490845509761,9
1785530607.200851,12002,1.50162333251465,1.5042451717391214,10
1785530607.2008832,12004,1.5062623763932939,1.4996069723439838,10
1785530607.2009099,12003,1.5062638224342813,1.5009166276437513,10
1785530607.200942,12005,1.4979787668742963,1.5009114997918693,10
1785530607.2009764,12008,1.4979924035075496,1.509291768695563,10
1785530607.2010584,12007,1.4949679385927641,1.5123204781468977,10
1785530607.2011418,12009,1.4948670729864666,1.5122194515336376,10
1785530607.2011776,12010,1.4929421091328743,1.5122218067134823,10
1785530607.2012124,12011,1.4929277188037249,1.5005238412918465,10
1785530607.2012942,12012,1.4929276843619812,1.5002807901413264,11
1785530607.2013385,12013,1.4955543711577781,1.5002788794389417,11
1785530607.2014034,12014,1.500286351810652,1.5044184279555741,11
1785530607.2014723,12017,1.5028144403442119,1.504411955569719,11
1785530607.2015269,12019,1.5116299616664772,1.4966946843084625,11
1785530607.2015548,12018,1.5145975134424117,1.4966712576793293,12
1785530607.201615,12020,1.5146737102150647,1.4873454762625937,12
1785530607.201667,12025,1.5126321365464213,1.4873679463719514,12
1785530607.201712,12028,1.5153005580660082,1.4846994419373774,12
1785530607.2017357,12027,1.5152942892828407,1.4876011404989966,12
1785530607.2017787,12029,1.5145901243941005,1.487603023180417,12
1785530607.2018204,12032,1.514562177470799,1.4901787821396062,12
1785530607.2036161,12031,1.5085111200786847,1.4962297815792502,12
1785530607.2147102,12033,1.5066672320296257,1.4943864713001185,12
1785530607.2147624,12035,1.5067632525714902,1.4859706050754717,12
1785530607.2187166,12036,1.5067676575315776,1.4849997712790732,12
1785530607.2270339,12037,1.5031256731001417,1.4850370668872301,12
1785530607.2271519,12038,1.5079477020638017,1.4898595392034766,12
1785530607.2443166,12039,1.507963938379111,1.4832482850128574,12
1785530607.2454195,12042,1.5030755849183282,1.4832814113523916,12
1785530607.2516167,12046,1.5115131715837316,1.483278769891616,12
1785530607.2562773,12047,1.511484631271252,1.498362078174634,12
1785530607.2646449,12049,1.5160834405701344,1.498354335360439,12
1785530607.277251,12050,1.5088201532835488,1.4910913350409467,12
1785530607.3097694,12051,1.5088117321009773,1.4895931031125864,12
1785530607.3101606,12053,1.511366126747707,1.4896095159029554,12
1785530607.3104975,12056,1.5113744870758568,1.4945778766010116,12
1785530607.310545,12055,1.5076810927452218,1.4982713039895665,12
1785530607.310592,12057,1.503594370174693,1.4941847969046615,12
1785530607.310592,12059,1.5035887761964077,1.486928102625128,12
1785530607.310921,12062,1.5054499022452472,1.4887892551793065,12
1785530607.3109457,12064,1.5010424440440764,1.4931968441810708,12
1785530607.3139834,12063,1.5010514130829626,1.495317479957004,12
1785530607.3183153,12068,1.5010945736395933,1.4832921709669586,12
1785530607.3230588,12067,1.505168389737333,1.4792178422003253,12
1785530607.3314795,12069,1.505609437111432,1.4796589142954426,12
1785530607.3320098,12071,1.5055562017338366,1.489134426434743,12
1785530607.3732014,12072,1.5055679675232112,1.4923105563068924,12
1785530607.3769736,12074,1.512109231930403,1.4988516929605018,12
1785530607.3775926,12076,1.5050384624566042,1.505922302642437,12
1785530607.3776336,12077,1.5033557748431456,1.5059203389215212,12
1785530607.3776872,12078,1.5077664785479952,1.5059066404976464,12
1785530607.377737,12079,1.505818083929573,1.5078550531378292,12
1785530607.3777614,12084,1.5058337877094286,1.50167988502502,12
1785530607.3810966,12085,1.5064521634373425,1.5016786068304235,12
1785530607.3846462,12086,1.4937258433713625,1.4889521937239842,12
1785530607.3868065,12088,1.499029698319392,1.4836480297564885,12
1785530607.3999603,12092,1.4990083630444253,1.4944279476172067,12
1785530607.414905,12091,1.493723479888875,1.4997129519744152,12
1785530607.4474545,12093,1.4984243032037625,1.5044138856651912,12
1785530607.4475002,12094,1.4929362228228364,1.5044077309584938,12
1785530607.447551,12095,1.4929416706928118,1.4935616648707604,12
1785530607.4476104,12098,1.499116612494294,1.4997365547435901,12
1785530607.4476345,12100,1.505581690360048,1.4932715104186463,12
1785530607.4476583,12099,1.5055741282831148,1.4984766412360726,12
1785530607.447701,12101,1.5121999585019184,1.4984791043069228,12
1785530607.4477448,12102,1.5091047493167769,1.4984931267446178,12
1785530607.4477696,12103,1.5106965012573799,1.4969014233046762,12
1785530607.44785,12106,1.5197032266979542,1.4969565243036476,12
1785530607.4515607,12107,1.5197751408922548,1.5095892446801047,12
1785530607.4637454,12110,1.5192412585911386,1.5090559763243447,12
1785530607.4682386,12112,1.5159925240945973,1.5123044492450166,12
1785530607.4690878,12111,1.5159829797680486,1.5095793114073146,12
1785530607.4990952,12115,1.5202813467234182,1.5052811777468789,12
1785530607.5150657,12121,1.5156053226645603,1.505269760971705,12
1785530607.5153244,12122,1.515428148491044,1.5050929971866325,12
1785530607.515354,12123,1.5154263736277047,1.5051793009226044,12
1785530607.5480998,12127,1.5157774993189286,1.5048289816479696,12
1785530607.5698457,12128,1.5157122069510245,1.4967435561533335,12
1785530607.5704534,12136,1.512375133792019,1.500080068730803,12
1785530607.570503,12126,1.512993696305877,1.5000815391509241,12
1785530607.570587,12139,1.5110613254463392,1.502013841662916,12
1785530607.576942,12144,1.5110708249421534,1.5039512476907049,12
1785530607.583751,12140,1.5111782783523546,1.5143309723476106,12
1785530607.6092575,12149,1.5054055794525958,1.5142693165593735,12
1785530607.6281252,12147,1.5053947770051062,1.511181348057171,12
1785530607.6283488,12153,1.4957707500135895,1.5015569875181276,12
1785530607.6284354,12154,1.4932055266505686,1.501541132917954,12
1785530607.6284554,12156,1.4932016660686165,1.5010096067795589,12
1785530607.638045,12158,1.4961404182888864,1.5039483076327267,12
1785530607.638248,12159,1.49614870254561,1.5053644950690552,12
1785530607.6576567,12166,1.4951307127658002,1.4981583098624638,11
1785530607.682487,12170,1.488116973651863,1.4901533692056999,11
1785530607.6826026,12173,1.4840643174878527,1.4901615491893776,11
1785530607.687753,12177,1.487786664324749,1.4944083990825967,11
1785530607.6879654,12178,1.4835518660721223,1.494422679459182,11
1785530607.6982484,12180,1.4835582942692511,1.5022309190271113,11
1785530607.713985,12182,1.492662381637862,1.5126235191378345,11
1785530607.7405756,12183,1.4952382203687375,1.5132362598562337,10
1785530607.740866,12190,1.4936169296198516,1.5132402509894272,10
1785530607.7409077,12191,1.4936100563989974,1.5063885175198484,11
1785530607.7469995,12193,1.4905246018305303,1.50639040084163,12
1785530607.7471607,12194,1.485059638264964,1.500925708255513,12
1785530607.7512066,12196,1.484971203799808,1.5010140503790037,12
1785530607.7522671,12195,1.4849764297512915,1.498704774083332,12
1785530607.7573571,12198,1.486214428225265,1.4987079262127665,12
1785530607.7620494,12197,1.4863027886899842,1.4987075197688666,12
1785530607.7682498,12202,1.492752487051984,1.4986761080026005,12
1785530607.7713583,12203,1.489970929723563,1.5037502597403527,11
1785530607.7841485,12206,1.4923757880449515,1.4996324877759561,10
1785530607.8232453,12208,1.5008461718273918,1.4899572554327754,10
1785530607.8266308,12209,1.5030130235334782,1.4895927913418745,10
1785530607.8267834,12211,1.498501185181296,1.4947488051207583,11
1785530607.8268604,12213,1.502210257434295,1.498988368659498,11
1785530607.8268929,12214,1.503800714173974,1.4989896120746284,11
1785530607.826918,12215,1.5038162726317497,1.5063757358472083,11
1785530607.8269863,12218,1.4999159701018936,1.5019190915003395,11
1785530607.8287623,12220,1.4981530828586525,1.503934289375515,11
1785530607.8298345,12219,1.4981549330522181,1.5066629200723327,11
1785530607.8498237,12224,1.4981513509343392,1.5056544118722406,12
1785530607.8846118,12222,1.4936520435217109,1.5056388718078375,12
1785530607.8983269,12223,1.50744567643489,1.4860048936287449,11
1785530607.8991575,12226,1.511053156889397,1.486041811507301,11
1785530607.9013958,12227,1.5110514081544228,1.485231572364342,11
1785530607.901559,12229,1.5119396175185216,1.4852340514714504,11
1785530607.9016128,12230,1.5231483162792767,1.4980114819774253,11
1785530607.901657,12234,1.528102017234497,1.4979874617829543,11
1785530607.9016807,12238,1.5217416402136208,1.4979102561099493,11
1785530607.9017303,12239,1.5217451154459314,1.4925291936397957,11
1785530607.9017665,12240,1.5217233277353224,1.4873075354577288,12
1785530607.9038732,12242,1.5118071835978595,1.477391275189298,12
1785530607.9080162,12243,1.5118258740910313,1.479592397112918,12
1785530607.9080162,12244,1.5093533875384697,1.4820650959279933,12
1785530607.9358943,12248,1.5093716111199433,1.4790503770075831,12
1785530607.9644792,12247,1.493813626947046,1.4946092473200363,12
1785530607.964771,12249,1.4985858773847702,1.4993814899774267,12
1785530607.9648046,12251,1.4985857836769403,1.499911570014591,12
1785530607.9652987,12252,1.4985607823057367,1.5086661738338656,12
1785530607.9653294,12254,1.5045536602864256,1.514659391808121,12
1785530607.965397,12255,1.5045874633432033,1.508922776536934,12
1785530607.9654164,12256,1.5066223911444734,1.5068878221787967,12
1785530607.9654539,12257,1.5096345063769443,1.5068944865182776,12
1785530607.9683254,12259,1.503889359401799,1.5126397286174176,12
1785530607.9896164,12264,1.5038940459403483,1.511403871568035,12
1785530608.0189452,12265,1.5083846552249998,1.5113931524691255,12
1785530608.0191557,12268,1.5112161775155728,1.5085616320666813,12
1785530608.019189,12267,1.5112230411496317,1.5064482613157142,12
1785530608.019245,12271,1.5304992523848266,1.487174780674288,12
1785530608.0226045,12277,1.5301441442067873,1.4871783411391006,12
1785530608.02948,12279,1.530149927989781,1.4887532103813748,12
1785530608.0763826,12282,1.532989413535179,1.48872027964765,12
1785530608.148413,12283,1.5233361612456362,1.501906863533421,10
1785530608.1523974,12288,1.5233360954267388,1.5013042051257108,10
1785530608.1524394,12289,1.521720228765145,1.501314885957403,10
1785530608.1524973,12292,1.5163699378876183,1.5066722780343582,10
1785530608.1525238,12291,1.516353808249062,1.5124075189362933,10
1785530608.1525438,12295,1.5128123508714144,1.5159491136464134,10
1785530608.1525857,12301,1.5171394752317873,1.5159237340794909,10
1785530608.1526818,12302,1.516331366613588,1.5151155049936695,10
1785530608.1527152,12304,1.518661385087757,1.5127847661702163,10
1785530608.152734,12303,1.5186873502802216,1.5060471080035729,10
1785530608.1527812,12308,1.5186846598109205,1.5022580452160086,11
1785530608.152808,12306,1.5083863646260214,1.5023017445464264,11
1785530608.152828,12307,1.5149451716002624,1.4965636012259955,11
1785530608.1528716,12310,1.515465100942848,1.4965666580074013,12
1785530608.1528916,12311,1.515466821678675,1.4946121624822863,12
1785530608.152932,12312,1.5154637632851053,1.4933811451370265,12
1785530608.1529505,12313,1.5070483687785161,1.4933952080880883,12
1785530608.1529706,12314,1.5037665998116387,1.4901134974836876,12
1785530608.1805882,12318,1.507299443176061,1.4843706096366556,10
1785530608.1889932,12319,1.5055428559757513,1.4858375508947683,10
1785530608.1890156,12320,1.5064366199656427,1.4913302589543962,10
1785530608.1890543,12324,1.5064542052115188,1.4914335844808462,10
1785530608.1892736,12326,1.5111512338814295,1.495546742198266,10
1785530608.1983042,12329,1.5128266386356608,1.495795320917447,11
1785530608.2105098,12327,1.5138307690438908,1.5027777747493183,11
1785530608.2427871,12334,1.5058849982708185,1.5016310123265695,11
1785530608.2467475,12335,1.5063522882282367,1.504935630559308,11
1785530608.2475657,12336,1.5057298352369348,1.5005126047609918,11
1785530608.2475953,12338,1.4980740335447953,1.4928567835573114,11
1785530608.247648,12340,1.5015226506087123,1.4894080607889397,11
1785530608.2476733,12339,1.5021034772741153,1.4934276111327371,11
1785530608.247721,12344,1.5018610732814515,1.4916751063655407,11
1785530608.2477438,12343,1.5054924650909842,1.4880435789953168,11
1785530608.2518106,12342,1.4963828879545602,1.4867531758269064,11
1785530608.2518735,12346,1.4971015552554658,1.4868555622254143,11
1785530608.2520368,12347,1.4969726988348566,1.4859288045313908,11
1785530608.2839289,12349,1.4930333075264801,1.4853552161507184,11
1785530608.2985215,12350,1.501181671396862,1.4935038684308515,11
1785530608.298579,12356,1.5005272763533495,1.4888626986677078,11
1785530608.2985983,12354,1.502493523035226,1.4891425441197506,11
1785530608.3020515,12355,1.4940939580122496,1.4975422382669206,11
1785530608.305386,12357,1.494432325646825,1.4978806044648565,12
1785530608.3054364,12359,1.494435085919134,1.4961160136430656,12
1785530608.3058884,12362,1.4923157195664334,1.493996659544932,12
1785530608.3091805,12363,1.4923018773617356,1.4889455966688026,12
1785530608.3091805,12364,1.486737482654724,1.4945099117868295,12
1785530608.3150516,12365,1.4826789058599978,1.4945303929825933,12
1785530608.328569,12366,1.4834758798746686,1.4945342801617099,12
1785530608.3620377,12367,1.4892263564426873,1.4887840276495592,12
1785530608.3660731,12369,1.485252515796311,1.4848101630905426,12
1785530608.3664777,12371,1.4852484459758921,1.4855137937964937,12
1785530608.3665943,12372,1.4852544529954061,1.4872014115335215,12
1785530608.366619,12373,1.4945745437753328,1.4872068121173938,12
1785530608.3666825,12374,1.492814592732412,1.4854466049888442,12
1785530608.3667655,12375,1.4928082534971583,1.4818138929414535,12
1785530608.3668244,12377,1.493159647334688,1.4818130007255874,12
1785530608.3682427,12379,1.4817234021072414,1.4932481999226022,12
1785530608.3825722,12385,1.4851782529164224,1.4932550247532823,12
1785530608.3838682,12386,1.4890514834206412,1.497128012365384,12
1785530608.4034736,12387,1.4890536188391896,1.4964184056122205,12
1785530608.4550698,12392,1.491831191953865,1.4964000715678214,11
1785530608.4558787,12390,1.4892025518904934,1.4964007202039638,11
1785530608.455973,12391,1.5042706370137415,1.4831989806895487,11
1785530608.4564328,12393,1.5071918290461017,1.4857584401164516,11
1785530608.4565496,12394,1.5060374941251358,1.4857578400899873,12
1785530608.4565806,12395,1.5060235465265286,1.4881491939132607,12
1785530608.4569576,12396,1.5060296599120626,1.4924715286219672,12
1785530608.4570112,12398,1.506911290122031,1.4933531894803052,12
1785530608.4570768,12400,1.5139116229966953,1.4863528808320472,12
1785530608.4571056,12399,1.5139031672200527,1.483537528695744,12
1785530608.4571323,12401,1.5165402422369492,1.4835480877598928,12
1785530608.4571586,12404,1.5165283140713766,1.4857699638104778,12
1785530608.4572203,12403,1.5149374182246313,1.487360824112898,12
1785530608.457285,12406,1.512913045544418,1.4873519552491918,12
1785530608.457313,12407,1.5129042703617472,1.4894823940613355,12
1785530608.457332,12408,1.512893364182659,1.4870181688476996,12
1785530608.4622526,12409,1.5074784616520498,1.4870267419877177,12
1785530608.4644487,12410,1.4977303064417704,1.4772776114364654,12
1785530608.4792826,12413,1.488345028500588,1.4772898952045515,12
1785530608.4794688,12411,1.488377323588659,1.4842110977265062,12
1785530608.5205588,12412,1.4844771138325281,1.4881113721741794,12
1785530608.5417411,12420,1.4844757138783027,1.4923758236675222,12
1785530608.5424302,12421,1.482260348573177,1.4923722604923635,12
1785530608.5425644,12424,1.4813732854749908,1.4932592141637964,12
1785530608.5425913,12423,1.481364868791483,1.4967275521603995,12
1785530608.5427358,12426,1.4834000530578875,1.4967294223354655,12
1785530608.5427876,12427,1.4797567347848826,1.5003723887933471,12
1785530608.5428114,12432,1.4797760755662888,1.4951227405160779,12
1785530608.5467443,12433,1.4790677882049612,1.4951202883537966,12
1785530608.5468104,12434,1.481622608028946,1.4976747976896236,12
1785530608.5569475,12436,1.473818030523019,1.505478147238736,12
1785530608.5672894,12438,1.4733767629299914,1.5054743628121499,12
1785530608.5979342,12439,1.4760370381546857,1.502816041952648,12
1785530608.5982928,12440,1.4760341233225265,1.507462751001543,12
1785530608.59841,12445,1.4867907643468212,1.5074933055021615,12
1785530608.598621,12448,1.495409433588753,1.4988751279772359,12
1785530608.598754,12447,1.4954212346209865,1.4958651027455456,12
1785530608.598878,12449,1.504689219968504,1.4958405089403293,12
1785530608.6108482,12452,1.5046978313196768,1.4932732298960985,12
1785530608.6109362,12450,1.5022174175233884,1.4932799263190666,12
1785530608.6109717,12451,1.5115969459836334,1.4839001366820146,12
1785530608.6111178,12454,1.5136189435239957,1.483907166927002,12
1785530608.6134675,12455,1.5136493831537186,1.4796451223512497,12
1785530608.6217685,12457,1.5089332368913035,1.4796675884792216,12
1785530608.6253786,12458,1.5129979073476745,1.4837325502724503,12
1785530608.6283045,12460,1.509461470882281,1.4872690866087757,12
1785530608.6387508,12459,1.509462980262269,1.4876215296156907,12
1785530608.6392856,12461,1.5090227154325555,1.4876201232582233,12
1785530608.639418,12462,1.5115077927837675,1.4876095251869992,12
1785530608.6451476,12463,1.5123043743019742,1.48681294270187,12
1785530608.6789777,12465,1.5160116778443864,1.4905201542867474,12
1785530608.6789777,12466,1.5242944458847028,1.4905762502976017,12
1785530608.6790535,12467,1.5242922916832309,1.4930709308255476,12
1785530608.6910717,12468,1.5242827346579746,1.4912299656735604,12
1785530608.6911397,12469,1.520116189316085,1.491245873368286,12
1785530608.6912906,12470,1.5209150311676023,1.4920446959346074,12
1785530608.691343,12471,1.5208890305539329,1.488797277781214,12
1785530608.6913676,12473,1.5259089611733627,1.4888675924196735,12
1785530608.694511,12475,1.5115139187592934,1.5032612674643393,12
1785530608.694671,12477,1.5122252585213993,1.5039739609417013,12
1785530608.6946971,12478,1.5023124633507432,1.5038975354180317,12
1785530608.6947277,12479,1.5023159994693644,1.5046051917878638,12
1785530608.7036324,12481,1.503463278603373,1.5046083327670599,12
1785530608.7049522,12482,1.5105589856796955,1.5117040668930128,12
1785530608.7086256,12483,1.5105588220517867,1.5099426349927374,12
1785530608.7283185,12488,1.5105425740277694,1.5074590099863558,12
1785530608.75371,12487,1.5127451450837763,1.5052564822014505,12
1785530608.753833,12489,1.5039660454317663,1.4964775369068393,12
1785530608.7538896,12491,1.5039787638798396,1.5002831386589044,12
1785530608.7539117,12492,1.5039932426950635,1.5060208353836646,12
1785530608.753935,12494,1.4940678137566477,1.4960954452435222,12
1785530608.7539868,12496,1.5029714770351552,1.4871914452118298,12
1785530608.755019,12497,1.4963708885377098,1.487182103825406,12
1785530608.7694728,12498,1.4955720126270071,1.4871806139065735,12
1785530608.7694728,12499,1.4964552887927984,1.4862972902740608,12
1785530608.8130598,12504,1.4964556919349492,1.486385785229512,12
1785530608.8131309,12505,1.493170619038895,1.4863762886744933,12
1785530608.8133757,12506,1.4927279242180291,1.4859335826664977,12
1785530608.8134363,12508,1.486551279786029,1.492110252082271,12
1785530608.816795,12509,1.4839065249799068,1.4921199999071857,12
1785530608.8169723,12513,1.4887720388300345,1.496985261223782,12
1785530608.8169723,12514,1.485504871230254,1.496998316231022,12
1785530608.8170109,12515,1.4855314780219042,1.4897856644016283,12
1785530608.82594,12516,1.4855316607406488,1.4915618498947676,12
1785530608.8260653,12518,1.4911701531690724,1.4972001649881854,12
1785530608.828367,12520,1.4921456535148674,1.4962248020894706,12
1785530608.8326776,12519,1.4921205406444897,1.5024280736490878,12
1785530608.8355474,12521,1.4907936068989132,1.5024393440286943,12
1785530608.842959,12522,1.494944378501068,1.5024225214707934,12
1785530608.8765872,12523,1.4985053338306107,1.4988617885226785,12
1785530608.8776784,12526,1.5020397176167735,1.498838812930803,12
1785530608.8777242,12527,1.5020305965122314,1.500430886487148,12
1785530608.8780556,12530,1.5004482304793876,1.4988485682649084,12
1785530608.8782704,12531,1.500462286255963,1.4951367655533232,12
1785530608.8782704,12532,1.504722619116596,1.490876308064984,12
1785530608.8784907,12533,1.5136227611506152,1.49087978477442,12
1785530608.8788338,12534,1.5102537713163897,1.4908952115100327,12
1785530608.882879,12535,1.5106073186400502,1.4905416667848737,12
1785530608.8882399,12538,1.5161583779221677,1.4905713734580552,12
1785530608.8917422,12539,1.5161589370579949,1.4949255361508949,12
1785530608.9193556,12542,1.5109269919457922,1.4896938520776333,12
1785530608.946297,12544,1.5086372944538613,1.4930623575517654,11
1785530608.9463582,12543,1.5086442763786048,1.4944737087004005,11
1785530608.9482496,12548,1.508643524004025,1.4938388603698916,12
1785530608.9482765,12546,1.5106806363560004,1.4938377792377975,12
1785530608.9482963,12547,1.5118270082008416,1.4926914495897807,12
1785530608.948354,12549,1.513333183957496,1.4941975549532136,12
1785530608.9483738,12550,1.5187147566468802,1.4942438848600268,12
1785530608.9483912,12551,1.5187141789070782,1.4945996255989809,12
1785530608.9484336,12552,1.5186185258415799,1.48441078245131,12
1785530608.9509873,12553,1.524837882355947,1.4844072943615354,12
1785530608.9512982,12554,1.5296387941609255,1.489207100166721,12
1785530608.9529247,12556,1.524277232933197,1.4945677816990792,12
1785530608.9529772,12555,1.524289112502068,1.4963212638847478,12
1785530608.9572697,12557,1.5187269118902575,1.4962585514289275,12
1785530608.9692564,12559,1.508770116731831,1.5062146663346647,12
1785530608.9853444,12564,1.5087704658713554,1.508858642958718,12
1785530609.0164099,12565,1.4999579444594795,1.5088386527062023,12
1785530609.0165005,12566,1.4985361288107761,1.5074170458085379,12
1785530609.016546,12567,1.4985339798915986,1.5067095591563275,12
1785530609.016599,12573,1.496756577906335,1.5049321194933667,12
1785530609.0166407,12574,1.4950743964134732,1.5049256440385668,12
1785530609.0166614,12575,1.4950598029232025,1.5023665776582344,12
1785530609.017407,12576,1.4950676964586913,1.5067932207718302,12
1785530609.0227726,12577,1.5027400187669482,1.5068059117668222,12
1785530609.0248091,12578,1.5032703414712925,1.5073362417133873,12
1785530609.029087,12579,1.503259158277966,1.5105147989241732,12
1785530609.03441,12581,1.507427916099947,1.5105205885878836,12
1785530609.0420034,12583,1.5146736755967254,1.5032750094570297,12
1785530609.0796642,12585,1.515823116437772,1.5044243654366567,12
1785530609.0796642,12586,1.5101578231982478,1.5044034850855177,12
1785530609.0801966,12587,1.5101604510671596,1.5017429070005095,12
1785530609.0805833,12589,1.5125456265891897,1.5017270635835813,12
1785530609.080642,12590,1.5111359942959481,1.5003174714796947,12
1785530609.0806632,12591,1.5111427454076884,1.4931847053387304,12
1785530609.0806777,12593,1.505939705293305,1.4931787200656697,12
1785530609.0806918,12596,1.5059248763103747,1.4975183262765566,12
1785530609.087154,12595,1.5057480993567445,1.4976951072508147,12
1785530609.0872464,12597,1.5044235840992481,1.496371005779315,12
1785530609.0916393,12599,1.5044391138738455,1.492210603627231,12
1785530609.1113431,12602,1.5051444336959887,1.4929159043108349,12
1785530609.2165241,12604,1.5132801801104712,1.482827934274973,11
1785530609.2196074,12605,1.515975576184249,1.4793077402390868,10
1785530609.2198188,12606,1.5118151966158255,1.4793218923459825,11
1785530609.2198987,12607,1.5161335221208736,1.4743908977274178,11
1785530609.2199323,12612,1.5161297403466123,1.4739531529258194,12
1785530609.2199976,12613,1.5091755700731064,1.473961583832948,12
1785530609.2200618,12614,1.5147663790899462,1.479553243495354,12
1785530609.220128,12618,1.5172581045934956,1.4795493539349847,12
1785530609.2201843,12619,1.507655242896882,1.4891525293290695,12
1785530609.2202098,12620,1.5076750574563038,1.4819747386241346,12
1785530609.2202332,12624,1.5077059957291654,1.4886751843571078,12
1785530609.2202885,12625,1.5071736687718036,1.48867721982889,12
1785530609.2203133,12626,1.5018771323635371,1.483380375887911,12
1785530609.220362,12627,1.5018908002330191,1.4892987583206474,12
1785530609.2203844,12632,1.501859736122133,1.4961975406891457,12
1785530609.2204428,12631,1.5086719329681844,1.4893852949641544,12
1785530609.2204945,12633,1.5103497846114928,1.491063137660707,12
1785530609.2205207,12635,1.5103397925452435,1.4948769102177903,12
1785530609.220567,12636,1.5102898168102414,1.4853638121511714,12
1785530609.223105,12637,1.5129543439875128,1.4853617367404481,12
1785530609.2292287,12638,1.5131311453810303,1.4855385222177264,12
1785530609.2293854,12640,1.506431994375329,1.492238672483908,12
1785530609.241965,12641,1.5023766184042269,1.4922248175251758,12
1785530609.254385,12642,1.4990091891958488,1.492219435953554,12
1785530609.2551932,12643,1.496981094771932,1.4942475394853512,12
1785530609.2553596,12646,1.493716995266797,1.4942466396944998,12
1785530609.2576745,12647,1.4937341227244088,1.4879841553947586,12
1785530609.2665298,12650,1.4947055834864216,1.4889556442866976,12
1785530609.285127,12651,1.494647892875627,1.4793924089299968,12
1785530609.285127,12652,1.4986156450727701,1.4754239418007977,12
1785530609.3223116,12656,1.498621069481734,1.4745403666422476,12
1785530609.3223534,12654,1.4961254576755976,1.474532001383386,12
1785530609.3223877,12655,1.4915428137735054,1.4791153879789503,12
1785530609.322866,12658,1.4921571431197256,1.479115565696924,12
1785530609.3229117,12659,1.4921492987837977,1.4881956949623891,12
1785530609.3229663,12660,1.49221516112974,1.4977670629855853,12
1785530609.322988,12661,1.4956649075907313,1.497782378782098,12
1785530609.3230476,12662,1.4966389666718687,1.4987564225589247,12
1785530609.3231223,12663,1.4966107137264657,1.5119410999086076,12
1785530609.3231516,12665,1.5005151953431135,1.5119318680894624,12
1785530609.3233883,12668,1.5005099100451373,1.508660910105235,12
1785530609.3258893,12667,1.496611749503411,1.5125591959765683,12
1785530609.3299627,12669,1.493172697362216,1.5091200819237647,12
1785530609.330966,12671,1.4931788141676605,1.50365252996504,12
1785530609.337064,12672,1.493189810535994,1.5012605289836023,12
1785530609.3458447,12674,1.4925731820506776,1.5006438831662128,12
1785530609.3773856,12675,1.4925796508474953,1.4920490314279855,12
1785530609.4018524,12676,1.484708661936983,1.4999197217275262,12
1785530609.4028528,12681,1.4918645558974037,1.5070753218482098,12
1785530609.4029138,12682,1.4936364943076283,1.5070706647614924,12
1785530609.4030113,12684,1.4936349544535814,1.5076906972240238,12
1785530609.4033985,12685,1.4950455344479083,1.5076928454539322,12
1785530609.403533,12686,1.4901871022160447,1.5028344560607314,12
1785530609.4035716,12688,1.4955821647842193,1.4974394807672256,12
1785530609.4036403,12692,1.4955855781400464,1.5035292697503275,12
1785530609.4036996,12691,1.5038823170596987,1.4952325422204211,12
1785530609.4068842,12693,1.5015809851289283,1.492931155940657,12
1785530609.4094136,12694,1.5044909075400492,1.4929396537511428,12
1785530609.4125905,12695,1.5044917843248902,1.4912577565218952,12
1785530609.455227,12698,1.5089193385710178,1.495685301517895,12
1785530609.4730222,12703,1.5177418315970692,1.486863136824237,12
1785530609.4797742,12702,1.5189847408135855,1.4868576463846843,12
1785530609.4799304,12704,1.5190440854587863,1.4770733806663365,12
1785530609.479979,12709,1.5134333159687516,1.4771078356890048,12
1785530609.4800231,12708,1.5134069767851717,1.4741158534450327,12
1785530609.488166,12714,1.5148332750910205,1.4741105021705243,12
1785530609.4939475,12716,1.5147872753748381,1.4840589854339905,12
1785530609.5002382,12720,1.5148505855176877,1.496636112406602,12
1785530609.502561,12721,1.5160009700760493,1.4966295990032281,12
1785530609.50434,12722,1.5106129860522228,1.49124186652813,12
1785530609.543945,12723,1.5120268290440768,1.495207986809875,11
1785530609.5505552,12727,1.5053518665663748,1.5010506270707675,11
1785530609.5510085,12728,1.5054510495113955,1.4867062160064954,11
1785530609.5510736,12733,1.5144697802363634,1.4866134987751958,11
1785530609.5511222,12736,1.512028902111156,1.4887549546882493,11
1785530609.551141,12735,1.512037922857747,1.4867304540633473,11
1785530609.5682108,12739,1.5121387554653474,1.4866419601322411,11
1785530609.603383,12737,1.5149472914464186,1.486632020148528,12
1785530609.6034598,12744,1.514942812995883,1.4768697842701903,12
1785530609.6035028,12745,1.5126270973811224,1.4768885334196384,12
1785530609.6035209,12746,1.520820562465074,1.4850822503487735,12
1785530609.6035564,12747,1.5208227846938704,1.4869255020607772,12
1785530609.6035733,12749,1.514046683723689,1.4869199017341255,12
1785530609.603607,12751,1.508443545637243,1.492522739674365,12
1785530609.610932,12753,1.501904898808067,1.4898211979271334,11
1785530609.6113567,12754,1.4966471088981523,1.489866319750288,12
1785530609.6139264,12755,1.4966274086085034,1.4914556029103545,12
1785530609.6406617,12758,1.4940865691743317,1.4889148224854878,12
1785530609.6577146,12762,1.4966590182620412,1.4888950030615165,12
1785530609.6577575,12763,1.5015670281367925,1.4839869278076747,12
1785530609.6578357,12766,1.504732329787324,1.483961246343155,12
1785530609.6578727,12767,1.5046857391667048,1.487679665383577,12
1785530609.6694627,12769,1.5034432334202288,1.4876903035055844,12
1785530609.6698267,12770,1.5023898102070035,1.486636884305453,12
1785530609.6698704,12771,1.5023817928056713,1.4891097104425746,12
1785530609.6698704,12772,1.502205021216263,1.4892866355523011,12
1785530609.680292,12773,1.5057264855401404,1.489267713681808,12
1785530609.7032576,12774,1.5034203276346352,1.4892853120334046,12
1785530609.7032905,12775,1.5113314954611603,1.481373644594763,12
1785530609.7033358,12780,1.511328714169054,1.4790839406131422,12
1785530609.704273,12782,1.5129997958067887,1.480755108681423,12
1785530609.7343757,12783,1.512978513052209,1.4747705713660497,12
1785530609.7711513,12789,1.5165339379504266,1.4861429125981591,11
1785530609.8187726,12790,1.5223408532639215,1.486186681468301,11
1785530609.8188243,12792,1.5222896412500275,1.4788520470269284,11
1785530609.818952,12794,1.5225545718858802,1.4791553958702206,11
1785530609.819042,12797,1.5163236438833925,1.4790984415137929,11
1785530609.8191411,12795,1.516317390021811,1.4781928115830876,11
1785530609.8191934,12801,1.5145483791844763,1.4761681313135728,11
1785530609.820758,12802,1.509287557340895,1.4761460830037183,11
1785530609.8208447,12804,1.509317536415499,1.4843104781673968,11
1785530609.8208702,12806,1.507555999122384,1.4822947077535447,11
1785530609.8209143,12807,1.507560016160938,1.485823916814882,11
1785530609.8209596,12814,1.508791574556095,1.485822632922423,11
1785530609.8209803,12815,1.5087603525026485,1.4911967258600487,11
1785530609.821021,12816,1.5087615292396315,1.4931120039667891,11
1785530609.8221354,12817,1.5058380014164712,1.4931248022274286,11
1785530609.827216,12818,1.5135230226907255,1.5019162349887614,11
1785530609.8305511,12819,1.5135200919766107,1.5041313432995436,11
1785530609.8305511,12820,1.509540324413418,1.5086841828022124,11
1785530609.835882,12821,1.5075015140744226,1.5086790699786037,11
1785530609.8423946,12822,1.5166675107461318,1.5086102637699523,11
1785530609.8431294,12823,1.506195357316565,1.520585821113562,11
1785530609.9064162,12826,1.5077969944230334,1.5205851320418433,11
1785530609.9066124,12827,1.5077927052213886,1.5116661939695581,11
1785530609.9067655,12829,1.506383991834432,1.5116786635699944,11
1785530609.9068089,12830,1.496287375373822,1.5001283776732248,11
1785530609.9068437,12831,1.496279494881947,1.5012399977904458,11
1785530609.9069123,12833,1.5048567565590343,1.501191633767221,11
1785530609.9069417,12835,1.510894724344339,1.4942901296069482,11
1785530609.9070137,12837,1.5118624497515458,1.4953976709468844,11
1785530609.9070137,12838,1.5138040465583298,1.495398671918637,11
1785530609.9070616,12839,1.5137869409258642,1.5042387900880296,11
1785530609.9071221,12841,1.514404805329223,1.504235212984013,11
1785530609.90715,12842,1.5177624846070985,1.508078341557536,11
1785530609.9187772,12843,1.5177685698417056,1.5021439882650987,11
1785530609.9333289,12849,1.5129905164674087,1.4966764772502776,11
1785530609.933599,12850,1.5118427091030935,1.4966703934290306,11
1785530609.9336424,12851,1.5118450389782931,1.4948429162576626,11
1785530609.939249,12852,1.5118413013235643,1.4926268922669428,11
1785530609.957141,12854,1.5145820854936995,1.495762912859054,11
1785530609.9691646,12856,1.5182053866764518,1.4916157266772223,11
1785530609.9827673,12857,1.5154729210875444,1.4915994894577715,11
1785530609.9828699,12858,1.5032413581993278,1.4916273174230268,11
1785530609.9828906,12859,1.4950542261270598,1.5009878734692776,11
1785530609.9829073,12864,1.495054095760731,1.5008869002158187,11
1785530609.983986,12865,1.4993834783377697,1.5009073816987075,11
1785530609.9853094,12866,1.4976108774675556,1.498882503855683,11
1785530609.9897695,12867,1.4976072913424205,1.5107080501028434,11
1785530609.9897695,12868,1.4938952962038554,1.514948852859955,11
1785530610.0338535,12871,1.4952208212793687,1.5134346302038983,11
1785530610.0597951,12872,1.4952238488591414,1.5141433647131977,12
1785530610.0598679,12876,1.4952197181543407,1.51494015314658,12
1785530610.0598981,12877,1.4932849188084143,1.5149367144412929,12
1785530610.0599225,12878,1.4920472875274142,1.513699020829551,12
1785530610.0599892,12879,1.4920613050905496,1.5082044115677122,12
1785530610.0601094,12884,1.4920446211918406,1.5007994731496992,12
1785530610.0601788,12883,1.4932826883090453,1.4995614263304982,12
1785530610.0602295,12887,1.4932978185393257,1.4937408849574347,12
1785530610.061205,12888,1.4932951904534695,1.496044058736121,12
1785530610.0702145,12890,1.489066222995758,1.4918151727866773,12
1785530610.077774,12891,1.489064336670826,1.4885328719611746,12
1785530610.0865364,12892,1.4905701769609148,1.487026993792978,12
1785530610.1258192,12897,1.4947154668511997,1.4911723594458182,12
1785530610.1258192,12898,1.495508635474778,1.4911694932522603,12
1785530610.1990151,12899,1.5033102208656735,1.495574714553484,10
1785530610.217282,12900,1.5033055484018754,1.4918665028280527,10
1785530610.218982,12902,1.5129643698258115,1.4991092594037507,10
1785530610.2190506,12903,1.512958335049046,1.502453425399462,10
1785530610.2190819,12904,1.5115417419382424,1.503516424810552,10
1785530610.2191427,12905,1.51039510024049,1.5035153564766999,11
1785530610.2192042,12908,1.5103948741559459,1.5032492765856265,11
1785530610.21923,12907,1.5131294668253872,1.5008558032941226,11
1785530610.2192738,12909,1.5138346104936633,1.5014725708098209,11
1785530610.2193053,12910,1.5072662954066325,1.5014749148879878,11
1785530610.2193294,12911,1.507273284789379,1.4999686846146538,11
1785530610.2193758,12912,1.507273284801706,1.4999686526451208,11
1785530610.2193983,12913,1.505050880108564,1.4999819724032277,11
1785530610.2194242,12914,1.5036418034020986,1.49874979816053,11
1785530610.2194865,12917,1.5028339037365663,1.4987520436011608,11
1785530610.2195268,12919,1.4957390886037703,1.5049642243047279,11
1785530610.2195454,12918,1.5009466338829351,1.5049448723729328,12
1785530610.2196047,12920,1.5009414039943898,1.5068016096283847,12
1785530610.2196498,12928,1.5089324937638438,1.4988106025926735,12
1785530610.2196915,12927,1.508943646122891,1.4949329799059665,12
1785530610.2197134,12929,1.5092966055561108,1.4949339968809117,12
1785530610.2197578,12930,1.5038957700377837,1.49495670474796,12
1785530610.219782,12931,1.5070819127602875,1.4917705377685806,12
1785530610.21982,12934,1.5077870821312276,1.491771447119155,12
1785530610.2198408,12935,1.5078098465512693,1.4874291115722647,12
1785530610.2213025,12937,1.504614584461514,1.4874419913871015,12
1785530610.2249398,12938,1.503555488326515,1.4863828475511487,12
1785530610.2288144,12939,1.5035609456727,1.4887665342555338,12
1785530610.2346468,12941,1.5041773344537064,1.4887660185787173,12
1785530610.2555902,12943,1.5058601110833163,1.4870831769243578,12
1785530610.2690423,12945,1.5022437198673533,1.483466529928909,12
1785530610.2690713,12946,1.5025952938119225,1.4834667818093168,12
1785530610.2690904,12947,1.5025745174460157,1.486739430912396,12
1785530610.2768893,12950,1.4939204085772502,1.4780844409934726,12
1785530610.2871387,12957,1.4990421173990676,1.4832067681535326,12
1785530610.3201578,12962,1.5112292852701552,1.495394294583212,12
1785530610.3297656,12969,1.506548596850741,1.4907136536104524,12
1785530610.3650632,12974,1.503192701362161,1.4873576501015218,12
1785530610.3674946,12981,1.509639606632115,1.4938046577148618,12
1785530610.4026563,12986,1.5115825568670105,1.495747552517201,12
1785530610.40865,12993,1.5051355798824908,1.4893006057634386,12
1785530610.412794,12994,1.5056640059401691,1.48930116098574,12
1785530610.4132903,12995,1.5056586973405028,1.490718061517327,12
1785530610.446957,12998,1.5089124512893168,1.500408937140642,5
1785530610.4475753,12999,1.5099403257477197,1.4963144341338936,6
1785530610.449264,13006,1.5054766500725991,1.4972027831536914,6
1785530610.4543145,13007,1.50347029019916,1.5052518317765102,6
1785530610.4769883,13010,1.4775998699520565,1.5100391562143536,5
1785530610.4876964,13012,1.491106132320462,1.4987857190144342,6
1785530610.4877152,13011,1.4895165298919748,1.5052005604202918,6
1785530610.4878004,13013,1.4964168040990617,1.503820796819602,7
1785530610.487866,13017,1.502894538420297,1.510313831113639,7
1785530610.4895291,13018,1.5037784461444892,1.5101386538978296,7
1785530610.4928484,13019,1.5033484488007163,1.512348014894925,7
1785530610.4987743,13020,1.5040924770014228,1.5086408821422927,8
1785530610.5126214,13021,1.5128187670074589,1.5071686572205205,9
1785530610.5301616,13022,1.5056576384344798,1.4999954239476916,9
1785530610.530518,13024,1.505799122801991,1.4998538583767793,9
1785530610.5305502,13023,1.5042746573334338,1.5088221512336233,9
1785530610.530632,13026,1.5080948309404225,1.5081630794902112,10
1785530610.5306628,13027,1.5055313681983717,1.5110934779831793,11
1785530610.56208,13032,1.5055389498975227,1.5097820210197255,11
1785530610.5734067,13033,1.4973457486185726,1.5097980992129412,11
1785530610.5734313,13028,1.4973487141764155,1.510694967383735,12
1785530610.5735,13036,1.494697241502446,1.5133465537912556,12
1785530610.5735173,13037,1.4963840450625174,1.5133446127624446,12
1785530610.5829942,13039,1.4992990504407422,1.510429475162869,12
1785530610.6001394,13048,1.5068959665005721,1.5028324719436168,12
1785530610.6209972,13049,1.5022069628768677,1.5028262803484462,12
1785530610.6213846,13051,1.5062767900211271,1.4987564723242615,12
1785530610.6244454,13055,1.5063748203617173,1.4835216816731114,12
1785530610.6650567,13060,1.4983721229455715,1.491524229191096,12
1785530610.6703572,13066,1.5023380333422103,1.4915036708326348,12
1785530610.6704648,13072,1.5004732401409562,1.4933685858402412,12
1785530610.6770947,13073,1.5007377758689218,1.4933686691220602,12
1785530610.698046,13074,1.4876339453423997,1.487456726090062,11
1785530610.7154214,13078,1.4865059031347707,1.487303481670636,11
1785530610.7156107,13079,1.4887639097201517,1.5033183316433425,11
1785530610.7157042,13080,1.4893405095840109,1.507355660739321,11
1785530610.716388,13082,1.508571735989563,1.5265887308048451,11
1785530610.7166781,13084,1.5148418754207724,1.5203176818271982,11
1785530610.7167122,13085,1.5136989418433189,1.5201482890943523,11
1785530610.7221477,13088,1.5122989727344998,1.510615938210075,11
1785530610.722214,13086,1.5181451722697377,1.5114014226971233,11
1785530610.722214,13087,1.511579033386162,1.5179677260517448,11
1785530610.731278,13091,1.5089658278556821,1.4990921456152548,10
1785530610.7374783,13092,1.5085967164462561,1.4964493638357248,10
1785530610.7539546,13093,1.5059066223943527,1.496017840858951,10
1785530610.7736192,13094,1.4904873143173092,1.4783882516749187,10
1785530610.7738557,13097,1.48976879458232,1.4782717977960915,10
1785530610.7739148,13098,1.4851795424558343,1.477485763690242,10
1785530610.773957,13099,1.486816478977378,1.4755172827197318,10
1785530610.7976477,13105,1.4859810423125372,1.4753727748410783,10
1785530610.8185654,13106,1.4910568937742819,1.4811802511008716,10
1785530610.819033,13107,1.4917667194118507,1.48601122830319,11
1785530610.8192353,13110,1.4892802931416893,1.4856524390056571,11
1785530610.819333,13114,1.4850779782783186,1.4850779595763308,11
1785530610.8193579,13115,1.4848708178312304,1.4835413275785183,11
1785530610.8194468,13116,1.4855104337924485,1.4879952024121963,11
1785530610.8226476,13117,1.493987510508642,1.4891841544065485,11
1785530610.8282843,13118,1.495390169323679,1.4905865532909697,11
1785530610.8464696,13119,1.4958720418712492,1.4940909786818233,11
1785530610.8464696,13121,1.4894095255996411,1.4932452160719278,11
1785530610.8670814,13126,1.4949478922689523,1.4939684143082717,11
1785530610.8671477,13127,1.4953309695798378,1.496843760327019,11
1785530610.8672156,13130,1.4973163304738157,1.4988292307841593,11
1785530610.87152,13132,1.4930449694872883,1.5031008833642934,11
1785530610.8715725,13131,1.4923587956963715,1.498046310996273,11
1785530610.908979,13135,1.492181931196807,1.4982228760469851,11
1785530610.9098494,13136,1.4928887832933304,1.5033592423353206,11
1785530610.9099224,13140,1.4919523076054146,1.496646226278804,11
1785530610.9099576,13141,1.4860661457580024,1.49579197014598,11
1785530610.9099727,13144,1.4897797135289186,1.492078551256783,11
1785530610.910661,13143,1.4898995972818663,1.492906468825091,11
1785530610.9400344,13148,1.4906714039184346,1.4983533281831083,11
1785530610.9637175,13149,1.4925756196495714,1.5002575047022746,12
1785530610.9637501,13147,1.4954894522454072,1.4973437093853745,12
1785530610.9637673,13151,1.4954927475264528,1.4939899990632743,12
1785530610.9638524,13152,1.4954930316118702,1.4995668026239295,12
1785530610.9638753,13153,1.5015042765974431,1.499552119326425,12
1785530610.9639363,13155,1.50151489520528,1.4947815374378404,12
1785530611.0059197,13154,1.4978113697311815,1.491077923859299,12
1785530611.0059605,13168,1.4964824018787928,1.4924068770397636,12
1785530611.0060852,13169,1.50141957328359,1.4923975764594184,12
1785530611.0061088,13172,1.5014443470192473,1.4873569402069178,12
1785530611.0061295,13171,1.4958626612146837,1.4929387744008493,12
1785530611.0085933,13173,1.49771433433851,1.4947905282852092,12
1785530611.0094936,13174,1.4970967017116676,1.4947926143795018,12
1785530611.0184894,13176,1.4970966472143457,1.4921383902165533,12
1785530611.0241103,13177,1.4953617820639906,1.4921386889449397,11
1785530611.024593,13178,1.4971794059298211,1.4937278265113159,11
1785530611.0561066,13181,1.5038364120544645,1.4937261881025983,11
1785530611.056185,13179,1.5038405418006182,1.498757869176428,11
1785530611.0563898,13180,1.5022220906116466,1.5001742119212298,11
1785530611.0569687,13186,1.5029292246464694,1.500173916165423,11
1785530611.0590792,13188,1.502930349593125,1.4986727829611106,11
1785530611.0620503,13189,1.501212112660099,1.4986742922969216,11
1785530611.068334,13191,1.5012113839582317,1.5009714598316992,11
1785530611.068334,13192,1.507076807771967,1.4958393164554917,11
1785530611.0794919,13193,1.5021319877733441,1.4958411602586672,11
1785530611.118738,13194,1.499917491149779,1.4958458603656053,12
1785530611.1188607,13195,1.5039890589560498,1.4917742413025705,12
1785530611.1188838,13199,1.5039761607939364,1.4980581525904644,12
1785530611.1189234,13200,1.5039641574263272,1.5063556298093541,12
1785530611.1189592,13204,1.5027241301116852,1.5075957089773826,12
1785530611.119147,13203,1.5027215761589285,1.508125570814276,12
1785530611.1197035,13202,1.505808068326214,1.5112121432168066,12
1785530611.1197636,13208,1.5058242309144432,1.5163487327194896,12
1785530611.1402352,13207,1.500341307134417,1.5218323068824435,12
1785530611.1786902,13209,1.4982213144099232,1.5197120129520492,12
1785530611.2204528,13211,1.4982143720477523,1.5184752423999082,12
1785530611.2235863,13212,1.4982466855300873,1.511930406815261,12
1785530611.223612,13213,1.4957817054180917,1.5119239104147215,12
1785530611.223656,13214,1.4917075232398114,1.5078496590812414,12
1785530611.2236946,13216,1.4880910644384224,1.5114660733847616,12
1785530611.2237105,13218,1.4927577075248306,1.5114870550200925,12
1785530611.2237456,13219,1.5048610719401292,1.4993835780793203,12
1785530611.223778,13217,1.5028285560116974,1.4993806990203842,12
1785530611.223796,13224,1.5028283898682584,1.5000871381110537,12
1785530611.2238111,13225,1.5062754529414966,1.5000784037137225,12
1785530611.2238421,13228,1.5087542879919997,1.4975996228983854,12
1785530611.2238576,13227,1.508748020381607,1.4919593119280756,12
1785530611.2238731,13229,1.5166818571017096,1.492006149679237,12
1785530611.2239027,13232,1.5166833552330694,1.4893398548552168,12
1785530611.2239187,13231,1.512802364164282,1.4932206513413344,12
1785530611.2239468,13233,1.5151938823336348,1.4956120713975873,12
1785530611.2247424,13236,1.5151919229732203,1.4950844540256716,12
1785530611.2247987,13237,1.5177594727712864,1.495075096277126,12
1785530611.224834,13238,1.5182020661356295,1.4955176402419084,12
1785530611.2288482,13239,1.5182083352510918,1.4999978542601167,12
1785530611.2392385,13242,1.5194458501222643,1.4999896883684627,12
1785530611.2392385,13244,1.5194644486929527,1.4932290427307666,12
1785530611.243531,13243,1.514412260106073,1.4982807282716457,12
1785530611.2482247,13245,1.5111507808969884,1.4950194923133553,12
1785530611.2485268,13246,1.513798043794388,1.495024386335619,12
1785530611.2705467,13249,1.5127355997526672,1.4950308686734335,12
1785530611.277791,13254,1.5072463788889952,1.4950524240508625,12
1785530611.281943,13255,1.505567502672399,1.4967312862695454,12
1785530611.2870805,13257,1.506363240183372,1.4975270168220847,12
1785530611.3042722,13259,1.5063640643120804,1.49655268793438,12
1785530611.3279266,13261,1.5035323862618724,1.4965560856062663,12
1785530611.3280363,13263,1.503499902618259,1.4893166965201285,12
1785530611.3280764,13262,1.5074906515484094,1.4933074254346315,12
1785530611.3281603,13267,1.506169300467042,1.4946288607975038,12
1785530611.3295388,13269,1.5010256919234335,1.4894851953768755,12
1785530611.331059,13271,1.50102700198774,1.4917840216083949,12
1785530611.3374126,13272,1.5009945414737764,1.4878078177258078,12
1785530611.3418455,13273,1.502236974039461,1.4878135217329336,12
1785530611.3450053,13274,1.4917556738554334,1.4773311599729904,12
1785530611.3482082,13275,1.4918116254058111,1.4825605624109455,12
1785530611.3677108,13279,1.4971855413354431,1.4771860308217375,12
1785530611.3783946,13280,1.4971724070879509,1.4854867802414518,12
1785530611.378752,13284,1.4971250981783004,1.4815940215902859,12
1785530611.3837411,13285,1.4986368413488047,1.4816055662276495,12
1785530611.384991,13286,1.5019294842695512,1.4848984457596035,12
1785530611.4016829,13287,1.5019368569545688,1.4855169634282555,12
1785530611.4098082,13288,1.5015856622813444,1.485868209280766,12
1785530611.4099364,13294,1.501937523129718,1.485868413452866,12
1785530611.4261482,13298,1.4970994501503472,1.4866391321368042,11
1785530611.4316375,13300,1.4960951609769138,1.4875183335514603,11
1785530611.4322891,13299,1.4960286661340532,1.4820307914373794,11
1785530611.434663,13301,1.4885243625629898,1.4820099046841537,12
1785530611.43782,13304,1.4885565582656888,1.4747013887089655,12
1785530611.4425337,13303,1.4927919639891893,1.4704650243373536,12
1785530611.4468253,13305,1.4993427266243915,1.4770172342660548,12
1785530611.4489129,13306,1.4953083770647007,1.477016919046568,12
1785530611.4755104,13307,1.4953804064578113,1.4696911897921823,12
1785530611.4842231,13308,1.4964722036826492,1.4734071498280883,11
1785530611.4867268,13309,1.5000477060920592,1.4733938274671567,11
1785530611.4867766,13310,1.5023649758260817,1.4754153771064114,11
1785530611.486801,13312,1.4992113759866026,1.4781712609212296,11
1785530611.4868898,13311,1.499213462645519,1.48462537646049,11
1785530611.4869828,13313,1.5098814924891004,1.484577666085051,11
1785530611.4870012,13314,1.50721232313769,1.484595496783531,12
1785530611.48704,13315,1.5023343977705073,1.489473626603127,12
1785530611.4934993,13319,1.5023215875900648,1.4915082470680658,12
1785530611.4968915,13320,1.502317035779512,1.495306001726524,12
1785530611.5034478,13321,1.5031137762384401,1.4953020253498919,12
1785530611.5083768,13322,1.497041294548171,1.4892294080262245,12
1785530611.520567,13323,1.4970336094700463,1.493033712065706,12
1785530611.5270562,13329,1.500109952319223,1.4961102013180652,12
1785530611.541556,13332,1.5001004810615124,1.4980547561404371,12
1785530611.5416505,13333,1.5013387195340278,1.498046581986421,12
1785530611.5444276,13334,1.5114360089806582,1.5081437121131918,12
1785530611.54891,13335,1.5114976397707791,1.497754197046074,12
1785530611.557259,13337,1.5125575195434116,1.4977552022372214,12
1785530611.5709429,13338,1.5179535611848483,1.4977078995131161,12
1785530611.5713916,13339,1.5276324864024404,1.488030598440521,12
1785530611.5774639,13344,1.527619160299603,1.4810251228639344,12
1785530611.5828042,13345,1.5266406634883927,1.481035744585565,12
1785530611.5856657,13346,1.5186995952141231,1.4730946495401227,12
1785530611.588799,13347,1.5187205229919556,1.4765203525559323,12
1785530611.588799,13348,1.5169476365182757,1.4782933841074992,12
1785530611.5973892,13352,1.5169314405873573,1.47998233510354,12
1785530611.5988085,13350,1.5153298564056947,1.4799943130187483,12
1785530611.6063368,13351,1.5062085952740953,1.4891159402924072,12
1785530611.6175556,13354,1.5094670275577962,1.489119956654799,12
1785530611.6176565,13355,1.5094565757543026,1.4921346416557366,12
1785530611.6223686,13357,1.5036077041467957,1.4921408674241308,12
1785530611.6280246,13358,1.508479120205459,1.4970122967942334,12
1785530611.6390297,13359,1.5084387219916995,1.4896968136081064,12
1785530611.666759,13365,1.5037330004565468,1.4849907502424353,12
1785530611.6826332,13366,1.4981924836531846,1.4849690076651283,12
1785530611.6826882,13367,1.4981884379973616,1.4892974563192816,12
1785530611.6832707,13368,1.4982185651355855,1.4943388054238804,12
1785530611.6833134,13370,1.496003546638439,1.4921237885880456,12
1785530611.6833665,13371,1.4960225521570183,1.4996467990398061,12
1785530611.683395,13372,1.5068067639010294,1.488862475883682,12
1785530611.6834462,13373,1.4940383956115708,1.4888890537316797,12
1785530611.683505,13374,1.4896024320286383,1.4888932128698777,12
1785530611.6881585,13378,1.4901307647393236,1.4888899230313957,12
1785530611.6992826,13379,1.4901487543913803,1.4864231344464531,12
1785530611.7010522,13381,1.4946767926994133,1.4864149372344062,12
1785530611.7088103,13382,1.4981945049604464,1.48993268372559,12
1785530611.7428288,13383,1.4981865016671496,1.4929397599942258,12
1785530611.744621,13390,1.4912202385131965,1.4930024654576322,12
1785530611.7447338,13392,1.4912253463581817,1.492027374141423,12
1785530611.7468102,13394,1.49525845987749,1.4960604103295898,12
1785530611.758405,13397,1.5041742798822386,1.4960013791622817,12
1785530611.761704,13395,1.5041739178994258,1.4955600522407726,12
1785530611.7675955,13402,1.505588201115406,1.4955557397435608,12
1785530611.796678,13406,1.4989006309577875,1.4888680180452047,12
1785530611.8023715,13407,1.4988829204640162,1.491014591090502,11
1785530611.8427231,13414,1.5124507232768303,1.4884913876345225,10
1785530611.8427713,13418,1.5082288376200659,1.4834172969815895,10
1785530611.8439035,13421,1.5070969371963578,1.48360413428493,10
1785530611.8482535,13426,1.4940085721253682,1.4858325792335025,10
1785530611.8545647,13427,1.4948822417671923,1.4801553853959677,10
1785530611.8582733,13428,1.49470679194015,1.4813657376725016,10
1785530611.871487,13429,1.487437888798187,1.476649971615626,9
1785530611.8826346,13430,1.4893042238244218,1.4788903658686454,9
1785530611.8840382,13433,1.4680286007321477,1.4964633739356767,7
1785530611.8840632,13431,1.470348771306044,1.487346251857194,7
1785530611.8897223,13438,1.4726200052630736,1.4867463082953674,7
1785530611.9251986,13442,1.4850326769854407,1.4990779616401504,7
1785530611.9256525,13445,1.5028062435359708,1.4945142953386397,7
1785530611.9269192,13449,1.5026842438486407,1.4943917776995916,8
1785530611.9362211,13450,1.5270642267968106,1.4846693929242822,8
1785530611.9491067,13452,1.5292534525446977,1.4791489341557325,8
1785530611.9707775,13454,1.5185202743517732,1.4684207314415731,8
1785530611.9709802,13455,1.5207485715595672,1.4627366558139683,8
1785530611.9710429,13461,1.516078485587965,1.458085773638437,8
1785530611.971391,13462,1.5145775120707852,1.458680815744269,8
1785530611.9808662,13464,1.5145113752144883,1.4588486339709406,8
1785530611.9857535,13466,1.5273936718736436,1.4716945169046782,8
1785530612.0075314,13469,1.5240522554016198,1.4730116930824169,8
1785530612.0339973,13467,1.521605641842749,1.4792035717113188,8
1785530612.0343444,13473,1.5224146856232879,1.4800129692685322,8
1785530612.0343797,13474,1.5027624421018295,1.4878563110022616,8
1785530612.034404,13475,1.4974821180037734,1.5009994495560748,8
1785530612.0344853,13476,1.500073327449397,1.494455652296861,8
1785530612.0345063,13477,1.5004112764680777,1.4943201885989597,8
1785530612.0345523,13478,1.4858922686717924,1.4798671204458467,8
1785530612.0345979,13479,1.4854316539941486,1.4810419373096406,8
1785530612.0374868,13481,1.4827505384597122,1.4821152816974783,8
1785530612.048558,13483,1.4796599256357243,1.4851954524185969,9
1785530612.0663297,13488,1.479272293372104,1.4876263832357812,9
1785530612.0850868,13489,1.4800021495127191,1.4875117860651732,9
1785530612.0851302,13490,1.4883141902617887,1.4957966450394349,9
1785530612.0851717,13492,1.4975608115390686,1.4865639956531826,10
1785530612.085211,13491,1.4975577151999724,1.4859575274555539,10
1785530612.085245,13496,1.4975467926234216,1.4911543341233768,11
1785530612.088628,13495,1.5044057261839048,1.485161530924759,11
1785530612.0888174,13497,1.5030875969578947,1.4840093035468427,11
1785530612.0893033,13498,1.504999486302767,1.4840165568731964,11
1785530612.0928667,13499,1.5050236404787685,1.4789697925126386,11
1785530612.1407967,13500,1.505080177643461,1.4900882661451127,11
1785530612.1418686,13501,1.5104567764330041,1.490056935037083,11
1785530612.1419857,13502,1.5123689059195728,1.4917273554611996,11
1785530612.1420858,13503,1.5123510626031311,1.4962164760565555,11
1785530612.1420858,13504,1.5095044890073166,1.4987088841742744,11
1785530612.142136,13508,1.5095048028000726,1.4982656363505757,11
1785530612.142282,13507,1.510117714624763,1.4977315305309098,11
1785530612.1423388,13510,1.511228309879699,1.4977281815978944,11
1785530612.1434093,13511,1.5112288425682139,1.497373311331062,11
1785530612.167626,13517,1.51244256733836,1.497370228355594,11
1785530612.1795697,13509,1.5139491955798887,1.4986870503904208,11
1785530612.1796844,13516,1.509478892704638,1.5026019542783027,11
1785530612.1797478,13522,1.5156446031370947,1.502593882029266,11
1785530612.181022,13523,1.5156445973751227,1.5021496517399109,11
1785530612.1944969,13529,1.5147369244527251,1.502149790199652,11
1785530612.1976583,13530,1.511837426826695,1.502173038853301,12
1785530612.2409081,13531,1.5058082611590784,1.5082020751608296,12
1785530612.24096,13537,1.498932816393271,1.508220994584124,12
1785530612.241018,13538,1.4998159830180553,1.5091041875024587,12
1785530612.2410376,13540,1.4971622853931914,1.511757980465086,12
1785530612.2410574,13539,1.4971707638095055,1.5096346168101689,12
1785530612.2410736,13544,1.4971666245612703,1.5080451114511877,12
1785530612.24349,13542,1.4937287459671658,1.5080399900184496,12
1785530612.2435517,13543,1.4950538436773477,1.5067148811644602,12
1785530612.2511392,13547,1.4950568611186625,1.5076855559703246,12
1785530612.2640364,13550,1.4896604707976826,1.5022892267372419,12
1785530612.284117,13552,1.4937228989554496,1.4982268840897535,12
1785530612.3077092,13551,1.4937201944771619,1.4968097152523951,12
1785530612.3107533,13553,1.4898352050748218,1.496817773013782,12
1785530612.3112752,13556,1.4898375248128408,1.4953202833404629,12
1785530612.3114078,13555,1.4933748049663567,1.4917830368590015,12
1785530612.311442,13557,1.4912545455903377,1.4896627567820822,12
1785530612.3114672,13558,1.488876276529829,1.4896728073634609,12
1785530612.3114913,13559,1.4888632683108107,1.4933713228717427,12
1785530612.3115487,13561,1.4893947763031994,1.4933731691540417,12
1785530612.311588,13562,1.4888645626093284,1.4928429679255724,12
1785530612.3116076,13564,1.4866543021929395,1.4950531448898017,12
1785530612.3118157,13563,1.4866500415402581,1.4930112165156257,12
1785530612.3233874,13565,1.4911473635620118,1.4929999181523803,12
1785530612.3255732,13568,1.4911544678018493,1.488946054374425,12
1785530612.32565,13567,1.4833807388287295,1.4967194950717895,12
1785530612.3305008,13569,1.4872723405834454,1.5006108257771462,12
1785530612.3305008,13570,1.4897477591021002,1.5006039071615032,12
1785530612.332864,13571,1.4897471467561505,1.496111581727202,12
1785530612.35188,13572,1.489688370013719,1.4844930828642762,12
1785530612.3769584,13573,1.4933309517058184,1.484514657162348,12
1785530612.3799007,13574,1.5009518214741056,1.4921358274863756,12
1785530612.3799663,13576,1.507387273915423,1.4857002518464466,12
1785530612.3799925,13577,1.5064196995852108,1.4856955868900512,12
1785530612.380032,13578,1.5087286851144188,1.4856942220143698,12
1785530612.380071,13580,1.5087238607291258,1.487555790924605,12
1785530612.3801472,13584,1.508743309838272,1.4914336145522142,12
1785530612.3826632,13585,1.5092751538939613,1.4914324300544348,12
1785530612.3892202,13588,1.5001771242736315,1.5005304411229905,12
1785530612.390149,13587,1.5001712864514587,1.5054799101186866,12
1785530612.4081004,13589,1.4939728205300724,1.5054985213849794,12
1785530612.4346867,13592,1.493973413111477,1.5058513641304423,12
1785530612.4348083,13591,1.5027485773138007,1.4970751648179301,12
1785530612.4348545,13593,1.5053043745333308,1.4996307979966503,12
1785530612.434872,13594,1.5018576924934646,1.4996388390935942,12
1785530612.434914,13595,1.501874430247355,1.4964548857868025,12
1785530612.434967,13596,1.5018630601549328,1.4988397796314776,12
1785530612.434982,13598,1.4941312425961546,1.4911079924196016,12
1785530612.4350207,13599,1.4941324744145075,1.4905763549149478,12
1785530612.4350207,13600,1.498755174885922,1.4859534437545467,12
1785530612.4434268,13604,1.4986862223600803,1.4954071818037487,12
1785530612.449291,13603,1.4927486508457026,1.5013447870535894,12
1785530612.450103,13605,1.4931893980896047,1.501785609006935,12
1785530612.4501529,13606,1.4880597012703138,1.5018194366170552,12
1785530612.4525754,13607,1.4880715991540407,1.5154649872305825,12
1785530612.4905074,13609,1.4893905646350096,1.515470064311037,12
1785530612.4942849,13610,1.4935440028415943,1.5196238279476666,12
1785530612.4943721,13616,1.493514366443073,1.5085108401734244,12
1785530612.4943914,13614,1.4963347163049123,1.5085031144045058,12
1785530612.4944158,13617,1.4945756004799464,1.5067439097950102,12
1785530612.494826,13618,1.500776644728821,1.5067153568099896,12
1785530612.4948728,13619,1.5008022630426587,1.498758426705878,12
1785530612.5104344,13621,1.4963810105868118,1.4987769600939425,12
1785530612.5131474,13620,1.4963870274882087,1.4966530864459262,12
1785530612.5151792,13622,1.5024658719648227,1.5027319076291066,12
1785530612.5507808,13626,1.5022010136703425,1.5027321911930616,12
1785530612.5508332,13632,1.5022013352401733,1.5023797399998189,12
1785530612.5508735,13633,1.4976098650414285,1.502390145700934,12
1785530612.5510316,13634,1.4954917773816219,1.5002720759679042,12
1785530612.5510936,13636,1.496377012660922,1.4993868356126903,12
1785530612.5511334,13635,1.4963781586354505,1.4966434899764642,12
1785530612.591644,13639,1.4962013814202828,1.4968202660280132,12
1785530612.5921445,13640,1.4961992038222847,1.4997334914509084,12
1785530612.5927687,13644,1.4961967661033286,1.4976094880717667,12
1785530612.592871,13645,1.5026542459956698,1.4976106231895154,12
1785530612.5930223,13646,1.495590956482564,1.490547245362834,12
1785530612.5930827,13647,1.4955828434248772,1.4878031278116615,12
1785530612.5962808,13649,1.5080826118187902,1.4878348265378691,12
1785530612.6015947,13651,1.5083479695969186,1.4875696633379025,12
1785530612.6498551,13653,1.5070157510990143,1.486239518190968,12
1785530612.6525023,13655,1.5070156723938701,1.487745611826389,12
1785530612.6526484,13656,1.5070630508522456,1.4956820850149561,12
1785530612.6526747,13657,1.5029913600590847,1.4956785793332585,12
1785530612.6527193,13658,1.516558188792103,1.5092450444451297,12
1785530612.6527593,13660,1.5202590575001818,1.5055448032067433,12
1785530612.6527772,13659,1.520260344455612,1.507739408504441,12
1785530612.6527944,13661,1.5126390683261548,1.5076888620609064,12
1785530612.652828,13662,1.519251489666486,1.507645666734946,12
1785530612.6528442,13663,1.524921845875916,1.5019762227866447,12
1785530612.6542683,13666,1.5206762032304024,1.5019566500876147,12
1785530612.6546726,13667,1.5206715925316792,1.5038254630066352,12
1785530612.6618376,13669,1.5264985181332453,1.503755940579123,12
1785530612.6669168,13670,1.5134816696363516,1.4907406530603549,12
1785530612.696304,13671,1.5134706047829796,1.4942598313114723,12
1785530612.696536,13673,1.5174405197825458,1.4942586445825963,12
1785530612.6965845,13676,1.5174579252854812,1.4919472629297148,12
1785530612.6966066,13675,1.5155024449677585,1.4939025270147395,12
1785530612.702935,13677,1.5184029893006523,1.4968029376510017,12
1785530612.702978,13678,1.516813767057687,1.4968030259272969,12
1785530612.7029996,13679,1.5168328770369721,1.494403254066268,12
1785530612.7030594,13680,1.5168511241410625,1.488250937685725,12
1785530612.7032464,13681,1.5127692037991975,1.4882878225543557,12
1785530612.705923,13682,1.5163805043923733,1.4918990366694242,12
1785530612.7391815,13683,1.5163741868691623,1.495239330807906,12
1785530612.7391815,13685,1.5158446913856463,1.4952390532691546,12
1785530612.7483463,13690,1.5199924704278533,1.4952468144070747,12
1785530612.74865,13692,1.5199890475281128,1.496739298075818,12
1785530612.7487519,13693,1.527865244531484,1.4966353922606186,12
1785530612.7487829,13694,1.5293585538430177,1.4981279522020245,12
1785530612.7867272,13695,1.529383609774525,1.4908645934582716,12
1785530612.786863,13696,1.5221054656941466,1.4981410859312536,12
1785530612.786907,13702,1.5236954415325776,1.4981472389740853,12
1785530612.786924,13703,1.523695408294584,1.498236317240236,12
1785530612.786957,13704,1.5237014773066835,1.4935014780734126,12
1785530612.7869744,13706,1.5231721216397283,1.4929721931950084,12
1785530612.7904146,13708,1.5280431359049296,1.4881020936696674,12
1785530612.790453,13707,1.5280427968948944,1.4880145225808667,12
1785530612.7992542,13709,1.5246974110885023,1.4879930280897256,12
1785530612.8021197,13711,1.5270024454170295,1.4856883426303287,12
1785530612.832408,13713,1.5246228067649572,1.483309000458497,12
1785530612.832866,13715,1.5246019472835473,1.4860713630630735,12
1785530612.8329308,13716,1.52460660135624,1.4911553676337965,12
1785530612.8329537,13718,1.521700604223669,1.4882498625521163,12
1785530612.8329723,13720,1.5221441949676537,1.4878062363713642,12
1785530612.835501,13719,1.522139771148156,1.4919294640141896,12
1785530612.8736584,13723,1.5139640320730667,1.4949131177503252,11
1785530612.9015665,13729,1.5060615041843655,1.497676223502117,10
1785530612.9163275,13740,1.5060558049615507,1.5029214025015691,10
1785530612.9280212,13743,1.5060545712960345,1.4934397282562064,10
1785530612.9587836,13744,1.5030255328257394,1.4964686103093072,10
1785530612.959593,13752,1.5029606976672327,1.4850619594059473,10
1785530612.9596355,13753,1.500825873910513,1.485053605851177,10
1785530612.9596975,13755,1.5008013483184488,1.4827305704000988,10
1785530612.9837658,13758,1.496877669906319,1.4827044663504085,11
1785530613.0002954,13759,1.4949189972588721,1.4834002959957147,9
1785530613.000326,13764,1.4950141622019457,1.492604170810607,9
1785530613.000368,13765,1.4947782674195431,1.4926042644788182,9
1785530613.0008922,13767,1.4948190836072934,1.503829785407019,9
1785530613.0010755,13769,1.4964720010431174,1.503830397318277,10
1785530613.0040092,13771,1.4991941933014854,1.5011094173623325,10
1785530613.00897,13773,1.4963605412819243,1.4982762607395066,10
1785530613.00897,13774,1.4943414873291474,1.498277009517597,11
1785530613.0122106,13775,1.494403681872036,1.484068147404656,11
1785530613.04141,13778,1.4901839414492166,1.4792452185687321,11
1785530613.043839,13779,1.490180566848463,1.4772200252661736,11
1785530613.0439336,13780,1.4855620132971636,1.4824894737250272,11
1785530613.0439732,13781,1.4813439177417924,1.482539254199321,11
1785530613.0441313,13782,1.4883667840894994,1.4825262294725303,11
1785530613.0480208,13785,1.4907327476051573,1.485230140645512,11
1785530613.0824478,13788,1.4907426709035063,1.4768273025384262,11
1785530613.0825174,13789,1.4900301571568229,1.476829136475965,11
1785530613.0841653,13793,1.4977477953384821,1.476773374991459,11
1785530613.0841923,13791,1.4977610003137654,1.4820292277529343,11
1785530613.088334,13798,1.4939831927562233,1.4820554879198997,11
1785530613.092489,13799,1.493915203241898,1.4910230301925522,11
1785530613.1011543,13800,1.49390629384726,1.4985089365477133,11
1785530613.1254497,13802,1.5010400531201047,1.5066636009348249,11
1785530613.1255434,13803,1.5010407957620933,1.5062597261744413,11
1785530613.1256013,13804,1.5005100399556006,1.50686749341925,11
1785530613.1278903,13809,1.5027132334238247,1.5093868057132953,11
1785530613.1326098,13811,1.5027223920298325,1.5142412943240775,11
1785530613.1480393,13812,1.5027282700978783,1.5129289158286616,11
1785530613.148124,13814,1.4966341437920296,1.505963553446322,11
1785530613.1513047,13816,1.4943338749925772,1.5085909949874212,11
1785530613.1513453,13815,1.4943415083298104,1.5054552936480445,11
1785530613.1736357,13819,1.4951370998690392,1.5045465155845261,11
1785530613.1935143,13824,1.495136001769129,1.4979729565033593,11
1785530613.1939714,13825,1.5015927034391119,1.4979779942144213,11
1785530613.1940281,13828,1.506283454829881,1.4926160000157964,11
1785530613.219481,13830,1.5034480821368064,1.4926241532319964,11
1785530613.230529,13831,1.5015027912612977,1.4948477825704232,11
1785530613.2313714,13836,1.5014971307537492,1.5027241344895585,11
1785530613.2316406,13837,1.4965518808067289,1.5027283692806568,11
1785530613.2316937,13840,1.5000006312389078,1.4987878176627931,11
1785530613.231714,13839,1.5000004583336408,1.4992928926016988,11
1785530613.2745037,13842,1.503890465778723,1.4992841148569658,11
1785530613.278846,13843,1.503713699564936,1.4994862256519539,11
1785530613.2788727,13849,1.5027408652584917,1.4994898075352538,11
1785530613.2789326,13851,1.5027417860112804,1.4987831632206345,11
1785530613.2884622,13855,1.5055388811625767,1.4993918493889495,9
1785530613.3079896,13860,1.5055357806149254,1.5031244620580102,9
1785530613.3172176,13861,1.5110729059035715,1.5031057358329643,9
1785530613.3173609,13864,1.5080013505513936,1.5057389108211345,9
1785530613.3173854,13863,1.5079719888792595,1.5107800682380585,9
1785530613.3174036,13862,1.5049114086938071,1.5081621263209475,9
1785530613.3236837,13866,1.497140283728971,1.5081897605158412,9
1785530613.331353,13871,1.495657619497934,1.500954140566725,8
1785530613.3603776,13873,1.4902575946668208,1.5000807335296318,8
1785530613.3604403,13874,1.4990820000264324,1.5076285041310729,8
1785530613.371145,13878,1.5031697020642576,1.508292672936809,8
1785530613.4058917,13885,1.5084233194816319,1.5091391506798115,8
1785530613.405986,13886,1.5128559526812473,1.5129310792739707,8
1785530613.4060082,13890,1.5008852862097888,1.5109877789740125,8
1785530613.414926,13893,1.5009098679181647,1.5110088619521758,9
1785530613.4150236,13895,1.5009108744352873,1.5115140751194749,9
1785530613.447603,13898,1.4973757030366386,1.508492004605133,9
1785530613.4476912,13904,1.4973759610413828,1.5076089565820936,10
1785530613.4494143,13905,1.5004373356936804,1.5098983858612087,10
1785530613.4577818,13906,1.5034176878689345,1.509893976174987,11
1785530613.4578388,13907,1.5034149265282353,1.5074162797045887,11
1785530613.4579775,13908,1.5034345156507811,1.500529808910531,11
1785530613.486498,13909,1.4986874003400816,1.5005289708374874,11
1785530613.4868922,13910,1.4985863796719427,1.500440588035787,11
1785530613.4895017,13911,1.4968613567053937,1.4953864276697535,10
1785530613.4895325,13913,1.499785268764526,1.4949789478498892,11
1785530613.489552,13916,1.4998002385739968,1.4948757831238946,11
1785530613.48957,13915,1.5002431763372515,1.4944324915633613,12
1785530613.48969,13917,1.492611969035677,1.4868010787611907,12
1785530613.4928238,13919,1.4926145714167447,1.4845966699303408,12
1785530613.512873,13922,1.490220617404905,1.4822025323803216,12
1785530613.5378857,13923,1.4907776672188933,1.4836128032002784,11
1785530613.538215,13924,1.4834481852001653,1.4909422888392656,12
1785530613.538308,13925,1.4820381586864035,1.4909472621183275,12
1785530613.5383618,13927,1.4802739082465028,1.492711336894101,12
1785530613.538407,13932,1.4802786176203289,1.4938678862195576,12
1785530613.552133,13933,1.4807214884938058,1.4938707825730164,12
1785530613.552614,13935,1.4807207793328616,1.4935156628275943,12
1785530613.554024,13934,1.486829361282535,1.4996243222608767,12
1785530613.5867639,13939,1.4870945516700014,1.49935918174599,12
1785530613.5868022,13944,1.4870955860233626,1.5041530004401764,12
1785530613.5868788,13945,1.4895670752231547,1.504161865298485,12
1785530613.5872033,13946,1.4898322481773272,1.504427028853186,12
1785530613.5877464,13948,1.498942788511186,1.4953161963849675,12
1785530613.628466,13952,1.5060755798025804,1.4959165004904893,11
1785530613.6290002,13951,1.5057724085053414,1.496181746466439,11
1785530613.62912,13953,1.5030510395457348,1.4938043533419727,11
1785530613.629172,13955,1.5030299167481977,1.501678904507835,11
1785530613.629244,13956,1.5030234616749034,1.4961160753274052,11
1785530613.6292765,13957,1.5023151800073722,1.4961153958818163,11
1785530613.6293302,13958,1.496136506654274,1.4907107570552656,11
1785530613.631653,13959,1.4961351581752067,1.490356710909582,11
1785530613.631653,13960,1.4984543884109383,1.4883292412148235,11
1785530613.634919,13961,1.4938207196436157,1.4883262113895905,11
1785530613.641747,13963,1.4977607791616423,1.4848834246225053,11
1785530613.6527843,13962,1.4986653185659704,1.4848846187298748,12
1785530613.6787608,13968,1.4954417739946833,1.4810810136261505,11
1785530613.6788456,13967,1.4954825711275141,1.4762266443021927,11
1785530613.6789796,13972,1.4939690984077096,1.4775542791360006,11
1785530613.6790109,13971,1.493938131674921,1.4739227369057029,11
1785530613.67929,13973,1.4993315231667164,1.4739230351510622,11
1785530613.7062771,13975,1.4943021051321848,1.4783334797257006,11
1785530613.7194204,13976,1.4943111962781723,1.4770100991617963,11
1785530613.7194893,13984,1.4856472272020975,1.4846047604556285,11
1785530613.7195153,13983,1.4856722493938925,1.4909102772565543,11
1785530613.7222266,13988,1.4856682782968231,1.4917019703759689,11
1785530613.7225075,13987,1.4877904402300623,1.4898431639312524,11
1785530613.7274601,13989,1.4967685286199957,1.4977027221707722,11
1785530613.7292635,13990,1.506445491470705,1.4977210981857252,12
1785530613.7651992,13993,1.5072416776129651,1.497721551220247,12
1785530613.765353,13994,1.510698223388602,1.5011779987712723,12
1785530613.765384,13996,1.5210999614563638,1.4907771312754678,12
1785530613.7654128,13995,1.521064595508899,1.4860378273982835,12
1785530613.766933,13997,1.5165775535150003,1.4859931391954588,12
1785530613.7733912,13999,1.514814797282209,1.4877558159182036,12
1785530613.7748263,14000,1.514815238648279,1.491752805238851,12
1785530613.7792907,14004,1.5148502333146232,1.5007236947589795,12
1785530613.786245,14005,1.5170594984628774,1.5007136060394723,12
1785530613.811085,14008,1.5121997648605516,1.5055730091907071,12
1785530613.8111098,14007,1.5121881492845692,1.5096222873450114,12
1785530613.8111346,14009,1.5163558098167824,1.5096406960038926,12
1785530613.8111835,14013,1.5136146840796953,1.5068997122883145,12
1785530613.8112063,14014,1.5034267258151548,1.5068840997116082,12
1785530613.814286,14015,1.5034282809048214,1.5054682750408372,12
1785530613.8170748,14016,1.5034419557914638,1.5022016103405589,12
1785530613.8246508,14018,1.4992974960757395,1.4980571349975318,12
1785530613.8436158,14019,1.4992995019986979,1.494785972752326,12
1785530613.8563073,14026,1.496674339087876,1.4947899186716742,11
1785530613.866389,14030,1.4981881214717157,1.496113653651159,11
1785530613.8979924,14031,1.4981789780220522,1.5008010466722215,11
1785530613.898962,14037,1.494955566860838,1.4979819444652305,11
1785530613.8990467,14038,1.498085516287123,1.4979712028193446,11
1785530613.9015534,14040,1.4980843929474026,1.4985903146570223,11
1785530613.9195817,14042,1.5058407886817409,1.5053759022520017,11
1785530613.9413419,14043,1.5058558791807939,1.5015826609742398,11
1785530613.9413948,14050,1.5073716865076787,1.5015832833891316,11
1785530613.944746,14054,1.4988931381511048,1.4941671253560753,11
1785530613.9829595,14055,1.504407882217582,1.4788601325076105,9
1785530613.9830346,14061,1.5135846698359496,1.4880279766316675,9
1785530613.9830544,14062,1.5137055699055064,1.4880082295242534,9
1785530613.9830904,14063,1.5126537824529533,1.4941132272298843,9
1785530613.9831223,14064,1.5128741618127886,1.4927835528263864,9
1785530613.9883168,14068,1.5156012666185834,1.4885567073440678,8
1785530613.9884267,14067,1.5138173022827712,1.4974341523396513,8
1785530613.99512,14066,1.5162490542339329,1.4993801917213152,8
1785530613.9980907,14072,1.5167697833011498,1.4968542458609269,9
1785530614.0298357,14071,1.517547619919078,1.4974028079321255,9
1785530614.0334518,14073,1.5078039289969716,1.491326024473752,9
1785530614.0335305,14075,1.5078016220097936,1.4917691016126307,9
1785530614.0335839,14076,1.50780064173074,1.4917691048475712,9
1785530614.0339828,14078,1.5005882823381682,1.487271331792028,9
1785530614.0402124,14080,1.4896781447781013,1.4940845552844626,9
1785530614.0402586,14079,1.4896803695692475,1.4950601628684679,9
1785530614.0402837,14081,1.4977570064419365,1.4950493674369028,10
1785530614.058073,14082,1.497673727488065,1.495049305449362,11
1785530614.0820587,14083,1.4925243671246022,1.499553308021085,11
1785530614.0837297,14088,1.4925250611759773,1.5002621738916007,11
1785530614.0838568,14089,1.4913381121253464,1.5002582713856931,12
1785530614.0839055,14090,1.4923111693190265,1.501231307836499,12
1785530614.083955,14091,1.4923113143031743,1.5008768523561358,12
1785530614.0839784,14093,1.4838229786005834,1.5009148226980162,12
1785530614.0840142,14095,1.4854170462045697,1.4993208499800688,12
1785530614.088264,14097,1.491857231578777,1.5057607597958134,12
1785530614.0940838,14099,1.4918771910113984,1.5134297474582787,12
1785530614.098251,14100,1.4918596310038668,1.516974962992323,12
1785530614.127644,14102,1.4972483282048394,1.5223643028366005,12
1785530614.1285439,14104,1.5030846871333334,1.51652721151125,12
1785530614.1285903,14103,1.5030912064368325,1.5153792947468046,12
1785530614.1307368,14107,1.504594007865715,1.5138763935057706,12
1785530614.1346803,14108,1.5045968926540199,1.514496078058131,12
1785530614.153524,14112,1.5046090069459952,1.511230659240735,12
1785530614.1535964,14113,1.5071626337337378,1.5112274130461603,12
1785530614.1536148,14114,1.508665610686292,1.5127304302999072,12
1785530614.153634,14115,1.5086674969007587,1.5122897588054887,12
1785530614.153634,14116,1.5069886445653868,1.5139684848147505,12
1785530614.184019,14119,1.5065724509377894,1.5135244906752,11
1785530614.195401,14120,1.506571486995631,1.5133473222271063,11
1785530614.195461,14125,1.5124116341277105,1.5133294741732348,11
1785530614.1955085,14128,1.513828765807997,1.512090843977158,11
1785530614.2022793,14129,1.5198197736977095,1.5121220219529798,11
1785530614.202498,14130,1.5241511114924848,1.5120983726315587,11
1785530614.2026699,14131,1.531728101721702,1.5054763169345413,11
1785530614.2245913,14135,1.5317520832747495,1.491633593593181,11
1785530614.2455997,14136,1.5317487259451283,1.4939940757476982,11
1785530614.2456603,14138,1.5262205309689574,1.489157241136973,11
1785530614.245752,14140,1.5277407449932183,1.4878246580832093,11
1785530614.2457871,14139,1.5277392038685844,1.4875619206850437,11
1785530614.2458842,14144,1.5277886330083879,1.4832803699188395,11
1785530614.245944,14142,1.525252959547251,1.4833133273460946,11
1785530614.2459671,14143,1.5203846685322957,1.4875816665732056,11
1785530614.248592,14145,1.5161719418798443,1.4838941004765105,11
1785530614.2503994,14146,1.5087217527912142,1.4839215159356591,12
1785530614.254958,14147,1.5086098891742592,1.493850189125862,12
1785530614.290679,14149,1.500904278015998,1.4938981815765997,12
1785530614.374556,14150,1.501257744227245,1.4942517375751483,12
1785530614.3757315,14154,1.4965630312311677,1.4942608339240337,12
1785530614.3757808,14159,1.4966424976823596,1.4834011862783965,12
1785530614.3758204,14161,1.4966424993028726,1.483400869771233,12
1785530614.3758569,14162,1.4987522759684377,1.4855108113133557,12
1785530614.3758743,14168,1.4986876268808236,1.4944346446244567,12
1785530614.3758914,14166,1.5040892841727584,1.4944143111634873,12
1785530614.375908,14169,1.5088422961142909,1.4991671773261772,12
1785530614.375944,14171,1.5088330309853402,1.501738047862247,12
1785530614.3759794,14173,1.5099814427995064,1.5017303906927992,12
1785530614.376013,14174,1.5120068020799762,1.5037556571901525,12
1785530614.3760474,14178,1.5105060617797486,1.5037665838893923,12
1785530614.3812222,14180,1.510550506045062,1.4948083218400143,12
1785530614.3926413,14185,1.515331981230823,1.494753971667203,12
1785530614.4046526,14186,1.5144971367111362,1.4936130063899242,11
1785530614.4275954,14190,1.5151041251709576,1.4936059820798149,11
1785530614.4317672,14191,1.5060475702782457,1.5015405545087106,11
1785530614.4318085,14194,1.5146388685063266,1.5015123173534313,11
1785530614.4319184,14195,1.5146245410058063,1.506219585360737,11
1785530614.4319427,14198,1.5175470328090606,1.5087737047328327,11
1785530614.4319968,14199,1.5175647127459517,1.505610485648252,11
1785530614.4319968,14200,1.5145259287945352,1.5082682493065618,11
1785530614.4394708,14204,1.5145688898126686,1.5181269074140085,11
1785530614.439583,14202,1.5167815820776307,1.5181185356981375,11
1785530614.4602077,14203,1.5271913529143488,1.5057957835428033,10
1785530614.4721546,14206,1.5200008846015305,1.5057313205425582,10
1785530614.4721897,14207,1.5200280985408237,1.5132416707410024,10
1785530614.4722366,14208,1.5200294232487415,1.5129254601276334,11
1785530614.4722636,14209,1.5159001315302596,1.5129378061411758,11
1785530614.473938,14210,1.5127570218043755,1.5101896738543712,11
1785530614.482878,14213,1.5143443618126968,1.510200290971472,12
1785530614.483024,14211,1.5143299038158977,1.5154781889317266,12
1785530614.498947,14217,1.5047773186452456,1.505925532375011,12
1785530614.5141046,14218,1.510976776406723,1.5059526343496463,12
1785530614.5162551,14220,1.5109772819595169,1.5071855221188488,12
1785530614.516342,14222,1.5138123947758888,1.5100205666922286,12
1785530614.5179696,14223,1.51381304302297,1.5091407910358015,12
1785530614.5278323,14229,1.5198392821625824,1.5151667520324348,12
1785530614.5294938,14230,1.5096233363540161,1.5151075615883414,12
1785530614.560261,14232,1.5096299830192197,1.5138740674608833,12
1785530614.5674367,14235,1.5096325209053685,1.51334543100823,12
1785530614.5812113,14237,1.5015536634207776,1.51334241892799,12
1785530614.6060803,14244,1.501534396056684,1.5157277898158095,12
1785530614.6062765,14249,1.5074872341523053,1.515721062586198,12
1785530614.6063302,14247,1.507504523820302,1.512811444068202,12
1785530614.6091263,14254,1.5177126614872682,1.5128642861615966,12
1785530614.6114275,14255,1.5176808751257094,1.4985504968145764,12
1785530614.6196477,14256,1.5176817465054813,1.4947723305705958,12
1785530614.621402,14257,1.5256513082070295,1.4946987560866145,12
1785530614.6480615,14258,1.5136751025360804,1.466952006697885,9
1785530614.6571183,14259,1.5129851270150365,1.471068326099577,9
1785530614.6571639,14261,1.502950790678484,1.4728348963845233,9
1785530614.6578705,14264,1.501720785844651,1.4794364765441974,10
1785530614.6579092,14263,1.4953058361543512,1.485045979876403,10
1785530614.6579578,14265,1.4968510669611166,1.4863300663217813,10
1785530614.657975,14267,1.4952406485081344,1.4954465341460772,10
1785530614.6631875,14268,1.4953810422094116,1.4946167646079358,10
1785530614.664418,14270,1.505385832037317,1.5029446474067567,10
1785530614.6683044,14271,1.5052065035669873,1.5039796326921104,10
1785530614.6683044,14272,1.5054352547185768,1.5037794111371534,11
1785530614.6885998,14276,1.505460351665695,1.499173991979884,11
1785530614.7008243,14275,1.5051572117848286,1.4994390584117356,11
1785530614.7017517,14277,1.499025963571135,1.4940833503156508,11
1785530614.7018006,14279,1.4990193800114784,1.4948784326977052,11
1785530614.7028642,14280,1.4990148999994024,1.4959394549770622,11
1785530614.7047577,14282,1.506949839118526,1.5028764168597875,11
1785530614.7445133,14284,1.5097956538357489,1.5003843578439546,11
1785530614.745365,14283,1.509801348516379,1.4995913659216884,11
1785530614.7457616,14285,1.520104218844427,1.4995852105655698,11
1785530614.7458267,14287,1.5314739798628638,1.4896378073691892,11
1785530614.7507627,14289,1.5326818465595562,1.4906923659007794,11
1785530614.7508068,14290,1.5285490363484038,1.4906772112785918,11
1785530614.750832,14292,1.5285512233326592,1.4898018390156307,11
1785530614.7509048,14293,1.5135347010108304,1.48993306791545,11
1785530614.750948,14294,1.5054392142819522,1.4828579669021897,11
1785530614.7509856,14296,1.4984675751718375,1.4889493771853222,11
1785530614.751092,14295,1.4984354032360316,1.4846159715778975,11
1785530614.759531,14297,1.4954161772603267,1.4846111610416695,11
1785530614.7623577,14299,1.48311334800121,1.4953616822421547,11
1785530614.7787476,14301,1.4784477003406822,1.4912804749145834,11
1785530614.796091,14302,1.4745159978542388,1.4912951952316658,11
1785530614.7981262,14303,1.4745173488261731,1.489717856886293,11
1785530614.798757,14305,1.4766482289263363,1.48973672298891,11
1785530614.798781,14306,1.4803937325084338,1.4930115156285424,11
1785530614.7988863,14308,1.477768865216567,1.495306308923151,11
1785530614.7989128,14307,1.477775623969597,1.4986006685883124,11
1785530614.7989585,14309,1.4740389386491548,1.4986274475815893,11
1785530614.8024616,14310,1.4781714847789627,1.4986508454647876,12
1785530614.8035433,14311,1.4759550399546084,1.5008669390375786,12
1785530614.8111606,14315,1.4759499134504404,1.5041108065247708,12
1785530614.8459342,14316,1.4759257563261272,1.5090998221068785,12
1785530614.8459942,14317,1.482622973666661,1.509115534964049,12
1785530614.84609,14318,1.4841172471686939,1.5106094983471006,12
1785530614.8470654,14319,1.484062082834224,1.5156744164521692,12
1785530614.847226,14321,1.4914367180520232,1.5155992589253453,12
1785530614.8487504,14323,1.495167599746237,1.5118683817936671,12
1785530614.849507,14325,1.510468909938865,1.5271714045100868,12
1785530614.8515146,14327,1.5104587941200427,1.5230916220714565,12
1785530614.8593168,14328,1.5104327952984715,1.524853294587109,12
1785530614.8906605,14330,1.5030636099908754,1.5227141842836187,11
1785530614.8925173,14332,1.5052840218074561,1.520176464445423,11
1785530614.8925638,14331,1.5053422118320015,1.5135173735059648,11
1785530614.892582,14333,1.497174222821077,1.5135548775376872,11
1785530614.8944316,14335,1.4938826271003973,1.5173119439237652,11
1785530614.8945026,14337,1.491072191367854,1.5140998903364957,11
1785530614.8945355,14339,1.4910726018449325,1.5191312377069364,11
1785530614.9226472,14341,1.4871206871718485,1.5191289909042143,11
1785530614.9226875,14342,1.4898532631101753,1.522249878878409,11
1785530614.922752,14344,1.4946393585834072,1.5167854876313709,11
1785530614.9227676,14343,1.494655730984439,1.514458996471272,11
1785530614.930455,14346,1.4900818017015052,1.5144531670886903,11
1785530614.930455,14348,1.4900724292336611,1.5086060921969813,12
1785530614.930523,14347,1.4921119701604304,1.506566503502811,12
1785530614.9360652,14351,1.4921202009124102,1.5029521469454654,12
1785530614.9373734,14352,1.492142629976072,1.4945331889158493,12
1785530614.9534137,14354,1.5045844137890028,1.506974939773014,12
1785530614.953585,14356,1.5046728373478504,1.5068865855998963,12
1785530614.98501,14358,1.5083767904645888,1.5068697956461523,12
1785530614.9882858,14359,1.5078449336075601,1.50740168135296,12
1785530614.988309,14360,1.5078447606042036,1.508199255954373,12
1785530614.9883926,14365,1.5058173808099482,1.5082086173306908,12
1785530614.9929016,14367,1.5058063942281645,1.5102376397822554,12
1785530614.9955375,14369,1.5048308223860096,1.5102386930805596,12
1785530615.026552,14371,1.515657744575069,1.5065308878131483,11
1785530615.0266485,14376,1.5156563265697287,1.5070584336277724,11
1785530615.0266895,14377,1.5210014094178304,1.5070258799415621,11
1785530615.0267217,14378,1.5089994190177602,1.4965293241295015,11
1785530615.0284214,14379,1.5090001544641867,1.4942380495536256,11
1785530615.0409613,14384,1.5089956749670084,1.4955678341109044,11
1785530615.0416858,14383,1.5046477287577866,1.4993738182490726,11
1785530615.0720003,14385,1.5019249243442847,1.4969914998092495,11
1785530615.0720534,14386,1.5075125791419723,1.496995929627426,12
1785530615.0720766,14387,1.5075128492975103,1.4998314114016857,12
1785530615.0720983,14388,1.5075116955303764,1.504063394599849,12
1785530615.0721717,14389,1.4983318228138975,1.5040612946268068,12
1785530615.0721908,14390,1.5036495306247692,1.5093791499887135,12
1785530615.0722206,14391,1.5036305083477282,1.516353547684443,12
1785530615.0722206,14392,1.5053091712186073,1.5146747624679586,12
1785530615.0775669,14393,1.5099277426943134,1.5146917047323962,12
1785530615.0964005,14394,1.5055301485650732,1.514691466502441,12
1785530615.1149406,14395,1.5074680055309049,1.5127534639357036,12
1785530615.1154807,14400,1.507468539549671,1.5118717581946157,12
1785530615.1156545,14401,1.5137192269725162,1.511865989680405,12
1785530615.115761,14403,1.5137233965323993,1.5076428662338928,12
1785530615.1382437,14407,1.5106390451077871,1.5107271130741122,12
1785530615.140433,14412,1.5106348904698175,1.5062354250258299,12
1785530615.1422834,14413,1.5127518075645479,1.506235869283784,12
1785530615.163678,14416,1.5149531964525123,1.5040346328276843,12
1785530615.1862402,14415,1.5149454881762052,1.5016601104405967,12
1785530615.1873882,14419,1.5130978375857431,1.5035075928784856,12
1785530615.1922407,14428,1.5091385798568655,1.5074667266963513,12
1785530615.2190824,14418,1.5108136857544712,1.5074684649913348,12
1785530615.2319221,14440,1.51266239825652,1.5056198386057298,12
1785530615.2362025,14441,1.5170018069869105,1.505661871243128,12
1785530615.245278,14442,1.5227561895920068,1.508714726013286,11
1785530615.245314,14443,1.532342386130371,1.4977260427356802,11
1785530615.2575147,14445,1.5313656271154719,1.4966069732690088,11
1785530615.2575147,14446,1.534809686694392,1.4966685570296292,11
1785530615.2848952,14447,1.5343535820241776,1.4938997911200362,10
1785530615.3434832,14449,1.5305063647618251,1.4965878413652005,9
1785530615.3758254,14450,1.5314571787263629,1.4978533436735308,10
1785530615.3759425,14456,1.5314422069110905,1.4934849026863122,11
1785530615.3759797,14454,1.5290503246434521,1.4934995649807767,11
1785530615.3760052,14455,1.519376882495999,1.5045343118713792,11
1785530615.376329,14457,1.5183110298700784,1.503319638901572,11
1785530615.376365,14459,1.518313666344008,1.5038268618982187,11
1785530615.3764389,14460,1.5183207407841295,1.5091520715517592,12
1785530615.3764758,14461,1.5231675225597814,1.5091271142705946,12
1785530615.3764932,14462,1.5165314315411298,1.502491814704389,12
1785530615.3765252,14464,1.513882361744829,1.5051406789129982,12
1785530615.376541,14463,1.5138664336197412,1.5110351860922435,12
1785530615.3765557,14468,1.5138957432781812,1.5172510070958456,12
1785530615.3765872,14466,1.5141593791926173,1.5172497722670772,12
1785530615.3766026,14467,1.5190161642127447,1.5123933406266838,12
1785530615.376632,14471,1.5190296199282356,1.5147059460999328,12
1785530615.376689,14472,1.5190267184343997,1.5043430105937567,12
1785530615.3767028,14473,1.5179675755123094,1.5043435180691231,12
1785530615.3767307,14474,1.517078662244887,1.5034547245582959,12
1785530615.3767452,14476,1.5182212940261444,1.502312152257234,12
1785530615.3767598,14475,1.518180353799477,1.4963385752140248,12
1785530615.376802,14477,1.5119119999512602,1.4962653665465135,12
1785530615.3768308,14478,1.5101418507538,1.4962615130178727,12
1785530615.3768592,14479,1.504519563564262,1.5018836338120718,12
1785530615.38778,14485,1.4984244599296468,1.501843295864163,12
1785530615.4261234,14484,1.4984517242339759,1.5064418958270895,12
1785530615.426358,14486,1.502010653056661,1.5100011057008507,12
1785530615.4264247,14493,1.5009431387282393,1.5089335601318015,12
1785530615.4275079,14494,1.4878227258912757,1.508899417503577,12
1785530615.4275413,14495,1.4878234504091257,1.5091635029522226,12
1785530615.4275966,14496,1.4878246117202563,1.5089860125606016,12
1785530615.432722,14498,1.4907481541196617,1.511909982337699,12
1785530615.4328954,14500,1.4892492777943616,1.5134089232640762,12
1785530615.4329271,14499,1.4892480922896403,1.5136750502017926,12
1785530615.4583578,14502,1.491184379012148,1.5136853546845226,12
1785530615.4739075,14503,1.4964785815512933,1.508391009681863,12
1785530615.4747243,14504,1.4964846560380665,1.5096270006925923,12
1785530615.4748116,14509,1.5045020628831736,1.5096316941566779,12
1785530615.4748604,14510,1.499731972995211,1.5048615250158157,12
1785530615.4809487,14516,1.4997321624491642,1.5015914494854448,12
1785530615.5086777,14508,1.4997100425453802,1.5070720366101877,12
1785530615.508979,14517,1.5023523572122774,1.5097144800931128,12
1785530615.5090327,14518,1.5058106471751123,1.5097090188230713,12
1785530615.5090551,14519,1.5058309380063601,1.5004989875401247,12
1785530615.5090964,14520,1.5058163577116557,1.5027923380265626,12
1785530615.5091395,14521,1.5019308473167938,1.5028189830694727,12
1785530615.5111556,14522,1.5039537338644398,1.5048419672119304,12
1785530615.5112548,14523,1.5039769344431997,1.50016358774387,12
1785530615.5224097,14525,1.5060983723677597,1.500160784679309,12
1785530615.535201,14527,1.5048576975321069,1.5014014619344476,12
1785530615.552323,14529,1.5073260720033965,1.5038698286584076,12
1785530615.5526369,14531,1.507331514085065,1.5104265532078278,12
1785530615.552664,14532,1.507334737346303,1.5095448238034517,12
1785530615.5526853,14536,1.5090144005489319,1.5078651555694451,12
1785530615.558856,14537,1.5099006057217979,1.5078679199348566,12
1785530615.5942774,14539,1.5109611464002177,1.5068073987032242,12
1785530615.5943222,14538,1.5088446277145164,1.5068133884263193,12
1785530615.5944192,14540,1.5088395310684957,1.5046858293344323,12
1785530615.5944622,14548,1.508927921052344,1.5045974409626965,12
1785530615.594502,14547,1.508917062045516,1.508563076850168,12
1785530615.6026196,14549,1.5080306597362159,1.508561782472792,12
1785530615.6027331,14552,1.5080363151249114,1.5111319154916416,12
1785530615.6027536,14551,1.5055598852499752,1.5136084345536924,12
1785530615.607604,14553,1.4967266906370156,1.504774996791679,12
1785530615.6230876,14555,1.4967357913173744,1.497888262608717,12
1785530615.6451871,14556,1.4967320810809834,1.489836070488506,12
1785530615.645743,14558,1.5033595854637503,1.4964636780852374,12
1785530615.6458194,14559,1.5033601332410274,1.4984943300805476,12
1785530615.6458194,14560,1.4972557746519706,1.5045986950573649,12
1785530615.6458697,14561,1.4985836239959796,1.5045968656216075,12
1785530615.6459067,14562,1.4965538121514617,1.5045954796362369,12
1785530615.6459215,14563,1.4966421999583397,1.5045070914686305,12
1785530615.6528003,14567,1.496684055480291,1.513424496993889,12
1785530615.6717103,14568,1.496684810677112,1.510327566714956,12
1785530615.6887121,14569,1.4954516459450626,1.510320423368787,12
1785530615.6888502,14570,1.4863940926929178,1.5012630455222962,12
1785530615.689072,14572,1.4902650942851663,1.4973918314978178,12
1785530615.6891015,14571,1.4902572977877258,1.4960616342118092,12
1785530615.6918256,14573,1.4938764174417483,1.4960725057046165,12
1785530615.691875,14574,1.4979477891179416,1.496100814569786,12
1785530615.6918933,14575,1.4954851827429383,1.4985635171596579,12
1785530615.6919296,14577,1.4968174734978748,1.4998959208121134,12
1785530615.6919296,14578,1.4933704791596953,1.4998866110977058,12
1785530615.692744,14579,1.4933602889766326,1.4934485523327952,12
1785530615.7279127,14580,1.4933702915757365,1.5007123708825933,12
1785530615.7284749,14581,1.4948725409826467,1.5007137506909989,12
1785530615.7285626,14582,1.4931070583328436,1.4989482867653567,12
1785530615.7286155,14584,1.4918680014383014,1.500187314489961,12
1785530615.7286358,14583,1.4918638552291303,1.502225737500061,12
1785530615.728654,14585,1.489387092265608,1.5022393719613798,12
1785530615.7286901,14589,1.493617926506261,1.5064701503248552,12
1785530615.7320478,14587,1.4945929408510183,1.5054952016630834,12
1785530615.7410526,14592,1.4946036077348928,1.5025731177884387,12
1785530615.7424746,14593,1.4914243379991419,1.502569800697849,12
1785530615.7446563,14594,1.4989316342148864,1.510077140499747,12
1785530615.780773,14597,1.4937879639355212,1.5100916375473608,12
1785530615.7808912,14596,1.4978637790172475,1.506015726950577,12
1785530615.7824197,14601,1.495659557647125,1.5038114455591864,12
1785530615.7824762,14602,1.5023855843212408,1.5038001361038698,12
1785530615.782559,14604,1.5023852482801303,1.5040650906629291,12
1785530615.7856028,14605,1.504415339519492,1.5040614315406742,12
1785530615.7884252,14606,1.4995588595962699,1.4992049516428207,12
1785530615.7887735,14608,1.4954004441669344,1.5033633508241722,12
1785530615.8074346,14607,1.4953956746755968,1.5052597732041748,11
1785530615.827783,14613,1.4953956746691037,1.505259778382071,11
1785530615.8281918,14614,1.4971665391336777,1.5052551924248423,11
1785530615.828215,14615,1.4971721077797175,1.4998070204540355,11
1785530615.82825,14616,1.4971782121728128,1.49667339313892,11
1785530615.832436,14618,1.497971801023673,1.4975804006157283,11
1785530615.8330224,14620,1.4998325120434717,1.4954547462910308,11
1785530615.8330882,14619,1.4998331416105275,1.4945455607760703,11
1785530615.841612,14624,1.4998333484065463,1.494431834265949,12
1785530615.8416955,14623,1.5016045926496562,1.4926607760526707,12
1785530615.8559675,14625,1.503633757077,1.4946899507488371,12
1785530615.8780162,14626,1.4981634335048661,1.494703457756459,12
1785530615.879828,14627,1.4981411101720352,1.5026535583810583,12
1785530615.8799644,14630,1.5005251305944505,1.5050375986314457,12
1785530615.8800254,14632,1.4961896929335152,1.5093731125053778,12
1785530615.8800526,14631,1.4962025769204839,1.5032665650854824,12
1785530615.8801155,14636,1.4961998403732588,1.5014127550713035,12
1785530615.881146,14634,1.4897504540369324,1.5013882195813044,12
1785530615.8861165,14635,1.4962746478899818,1.4948640829464466,12
1785530615.9226732,14640,1.4962875346437183,1.50265186410731,12
1785530615.922816,14641,1.500438105363763,1.5026510188781848,12
1785530615.9231977,14642,1.4935537809026542,1.4957667049994008,12
1785530615.9232547,14644,1.4979795844219888,1.4913408377411344,12
1785530615.923286,14643,1.497977053255427,1.4970014689464037,12
1785530615.9233382,14645,1.4982419533292708,1.4970013525410215,12
1785530615.9233882,14646,1.5079743724351087,1.4969431389793872,12
1785530615.9234145,14647,1.505305935761369,1.499611945068252,12
1785530615.931321,14651,1.5053257241052462,1.4969557255261856,12
1785530615.939734,14652,1.505355737265392,1.4871618639087847,12
1785530615.946817,14654,1.510285306566796,1.492091345811629,12
1785530615.948052,14655,1.5102827260054792,1.4864539894279836,12
1785530615.951649,14656,1.5157744306368737,1.4809620827080106,12
1785530615.9548953,14657,1.522010205595498,1.4809950645491603,12
1785530615.997617,14658,1.5193417455638627,1.4810121238962275,12
1785530615.9991004,14659,1.5174872117652123,1.4828666480144956,12
1785530616.001693,14664,1.5175177172775665,1.4903356422709695,12
1785530616.001726,14665,1.5215082659265966,1.490300467501418,12
1785530616.0017736,14666,1.5220370781317245,1.4908291744488016,12
1785530616.001793,14668,1.5166288066715383,1.4962368583419892,12
1785530616.0018392,14672,1.516628975220026,1.4960591599439996,12
1785530616.0435643,14671,1.5149448662892404,1.497743685873134,12
1785530616.0435948,14673,1.5126538257554647,1.4954528149477078,12
1785530616.043613,14674,1.5019752517535716,1.495478984709808,12
1785530616.0436313,14675,1.5019334773768322,1.5025547546967308,12
1785530616.0438352,14677,1.4976061315539815,1.5025701724817895,12
1785530616.0438886,14678,1.4988399602965958,1.5038040402757533,12
1785530616.043906,14679,1.4987492730867613,1.515210842269386,12
1785530616.04392,14681,1.4949294267977407,1.5152432620798657,12
1785530616.0439627,14684,1.494925366673898,1.5169198058667381,12
1785530616.0439765,14683,1.500623803869749,1.5112210950089005,12
1785530616.0492048,14685,1.4997467858276552,1.5103434189131995,12
1785530616.052654,14686,1.506309926954532,1.510308524042086,12
1785530616.0527263,14687,1.5064093954029312,1.4955171659553097,12
1785530616.0834346,14688,1.506442892163216,1.490752930448882,12
1785530616.0879774,14689,1.5055562787576684,1.4907617791104342,12
1785530616.0883062,14690,1.5045919626632551,1.489797501747662,12
1785530616.0890343,14691,1.50460559776682,1.4859143116305518,12
1785530616.0910065,14694,1.499011124169003,1.4859511410715638,12
1785530616.0911038,14695,1.4969677236662915,1.4879945094542837,12
1785530616.1659884,14700,1.496965609954681,1.4893217251739042,12
1785530616.1696672,14701,1.4948367834810918,1.489329937624346,12
1785530616.1697001,14702,1.4944849005250267,1.4889780942473219,12
1785530616.1697757,14703,1.4944839339458555,1.4847275969479097,12
1785530616.1698196,14708,1.4944718705130005,1.4862274540883036,12
1785530616.1698394,14707,1.4919011063033236,1.488798324663785,12
1785530616.1698773,14709,1.4921662414313164,1.489063509022088,12
1785530616.1698947,14711,1.4921334058709421,1.4999941998380648,12
1785530616.169927,14712,1.49213334922522,1.5022983057788637,12
1785530616.1699443,14713,1.4893953663398607,1.50228868168696,12
1785530616.1699812,14714,1.4914301417431686,1.5043234043293432,12
1785530616.1902466,14715,1.4914294039466145,1.5052098060580854,12
1785530616.1902466,14716,1.4968179105928157,1.4998213504115763,12
1785530616.204902,14717,1.5063632633935788,1.4998472217360876,12
1785530616.2049866,14718,1.5082196531085226,1.4998491374365974,12
1785530616.2049866,14719,1.5101581051530164,1.4979107576455881,12
1785530616.2050636,14721,1.5110448156845966,1.4987973971895425,12
1785530616.2050636,14722,1.5110448244714512,1.498797405985728,12
1785530616.2050636,14723,1.5110396580240453,1.4959586224162655,12
1785530616.205132,14724,1.5110287935890951,1.4934928698170578,12
1785530616.2051551,14725,1.5115602758547986,1.4934924292684848,12
1785530616.205193,14726,1.503493828829521,1.4854258304855938,12
1785530616.2069693,14728,1.493887099364565,1.4950327290400351,12
1785530616.207006,14727,1.493896636589161,1.497689858254843,12
1785530616.207068,14729,1.4845344795460906,1.4977197631646126,12
1785530616.207105,14731,1.4790478100580269,1.5032058144773934,12
1785530616.252355,14735,1.4790754376364568,1.494253855005437,12
1785530616.2529817,14736,1.4790790543291148,1.4918507398891143,12
1785530616.2530322,14738,1.4877121977631402,1.5004831028484678,12
1785530616.2532036,14741,1.4908948780934912,1.500462859634476,12
1785530616.2533045,14740,1.4948815557190764,1.4964762626909769,12
1785530616.2533996,14745,1.4907369146676985,1.492331607587643,12
1785530616.2588944,14746,1.4947042107066135,1.492315373351621,12
1785530616.264805,14750,1.481371517718047,1.478982397286842,12
1785530616.2997508,14753,1.4728575453414894,1.479069577927313,12
1785530616.299934,14751,1.472859096503067,1.479693846247319,12
1785530616.3000197,14752,1.4752557430721915,1.4772973778034193,12
1785530616.3000958,14758,1.4756066675754211,1.4772943783633616,12
1785530616.3000958,14759,1.4755064019336737,1.4928971234634854,12
1785530616.3064976,14762,1.4859505337877073,1.5033400043903737,12
1785530616.3079016,14764,1.4835672025144715,1.5057232049101381,12
1785530616.3284934,14763,1.4835540500360416,1.4985249010002455,12
1785530616.3684943,14765,1.4886780653861504,1.498524441920589,12
1785530616.4104605,14767,1.4972522111123043,1.4928175000786459,9
1785530616.4105268,14769,1.50092448923439,1.4959628196428285,9
1785530616.4105518,14770,1.504576287639455,1.495979843254913,9
1785530616.410571,14771,1.5045820937951575,1.4873766369596755,9
1785530616.4106076,14772,1.5045628007522136,1.4843493716537963,9
1785530616.4106271,14773,1.5062420602744546,1.4843479583430033,10
1785530616.4106433,14774,1.5074566882556957,1.4855617031535984,10
1785530616.4106927,14776,1.5007909327001012,1.4922232498361576,10
1785530616.4107103,14775,1.5008067317171874,1.4977781117977629,10
1785530616.410818,14777,1.4984846117292454,1.4977778248938167,10
1785530616.411749,14778,1.501327927660395,1.4977760864915646,11
1785530616.4117815,14779,1.5037175529095455,1.4950448762089827,11
1785530616.4118614,14784,1.5037006823947792,1.503623514280294,11
1785530616.4119093,14785,1.5081148011868486,1.5035944795424585,11
1785530616.41193,14786,1.5080265083285513,1.503493372296829,11
1785530616.4119477,14788,1.5125593929528423,1.498312569444213,11
1785530616.411967,14787,1.5125298823801627,1.5034486283802397,11
1785530616.4119854,14792,1.5125525940249533,1.499818988020245,12
1785530616.4120011,14791,1.5086346545504226,1.503736588677726,12
1785530616.4123633,14793,1.5088112185470322,1.5039135750370942,12
1785530616.4302669,14794,1.505181340672254,1.503932886893417,12
1785530616.4302669,14795,1.5051973167544315,1.501896475950652,12
1785530616.4522347,14798,1.500205934710524,1.4969049289601581,12
1785530616.4523084,14800,1.499313419300063,1.4977965867834218,12
1785530616.4524,14799,1.4993287058848435,1.4958516839540053,12
1785530616.4524248,14804,1.4993406541323242,1.4947027290483754,12
1785530616.4525013,14803,1.5045133169062461,1.4895298729293645,12
1785530616.457428,14808,1.5045216364388039,1.4879408759670112,12
1785530616.4643457,14809,1.5040779271994893,1.4879414224574272,12
1785530616.4652956,14810,1.5087234665603684,1.4925907788001223,12
1785530616.4686592,14811,1.5087317844140258,1.4910929002582198,12
1785530616.4979136,14813,1.5076743016263563,1.4910983570724115,12
1785530616.4999053,14816,1.5076278653768762,1.4959722333619332,12
1785530616.4999857,14815,1.4985530207631945,1.505047258993223,12
1785530616.5001416,14817,1.493459765146811,1.499954803481906,12
1785530616.5001667,14819,1.4934290122484564,1.507451183508193,12
1785530616.5002193,14820,1.4933785943238307,1.5133864516786864,12
1785530616.5049171,14822,1.4976834016823573,1.5176917946367423,12
1785530616.5085464,14824,1.5002621710477606,1.5151131092626609,12
1785530616.5112507,14823,1.5002522134648348,1.5159968851179977,12
1785530616.5443506,14828,1.5002628137265164,1.5116655678198248,12
1785530616.5463564,14827,1.5104175259094308,1.501510546763386,12
1785530616.5466464,14829,1.5172588346146072,1.5083502440680636,12
1785530616.5466664,14831,1.5172971105099802,1.5028394413904411,12
1785530616.5470788,14832,1.5173226371301647,1.5002026783397746,12
1785530616.5474935,14836,1.5194625665312917,1.498062790672192,12
1785530616.5525115,14835,1.5194708441544813,1.4970089201134429,12
1785530616.5584042,14837,1.522473124196704,1.497006301774809,12
1785530616.5873299,14838,1.521942356287073,1.49701407755127,12
1785530616.587436,14839,1.5240790127546815,1.4948777587979132,12
1785530616.589116,14844,1.5240783551788364,1.4944392952156145,12
1785530616.5891883,14845,1.5240814359405637,1.4944392998168072,12
1785530616.5892346,14846,1.5125829347193853,1.4829415858644237,12
1785530616.5892699,14847,1.512576154703909,1.4857574914493474,12
1785530616.5974357,14849,1.510113153032452,1.4857688602425452,12
1785530616.6205852,14853,1.5094996772042937,1.4851555520370336,12
1785530616.6321084,14854,1.516535506705787,1.4851329535030802,12
1785530616.632134,14855,1.5165123163283356,1.4873548686559666,12
1785530616.635411,14856,1.516513767310347,1.485069572111274,12
1785530616.635489,14858,1.525309957971028,1.4938647529723326,12
1785530616.6355088,14860,1.5253101750682159,1.493864965993216,12
1785530616.6355262,14859,1.5253098064492252,1.4936896971404185,12
1785530616.6749084,14862,1.5192870063525874,1.4937575032820591,12
1785530616.675458,14863,1.5129931149541713,1.500050819686606,12
1785530616.6755514,14864,1.512987659370739,1.502802701560184,12
1785530616.6755772,14868,1.5129916072072158,1.50113064758437,12
1785530616.6756418,14869,1.5042443998679456,1.5011554224884707,12
1785530616.6756606,14871,1.504241953550047,1.4996549522729017,12
1785530616.679264,14873,1.51396377255128,1.499719684390784,12
1785530616.6827571,14875,1.5122934163595918,1.5013902143678997,12
1785530616.7148516,14878,1.504069263910272,1.5013360123890034,12
1785530616.7156746,14879,1.5040691338309575,1.5011589964141132,12
1785530616.7271013,14885,1.4923969289979415,1.5011600137684513,12
1785530616.7271988,14888,1.4923977335303473,1.5049510503002341,12
1785530616.7272248,14877,1.4927512306050972,1.5053045440888966,12
1785530616.759856,14887,1.4855907029921986,1.5124649802417434,12
1785530616.7603948,14891,1.485589219815705,1.5121131281344675,12
1785530616.7615788,14897,1.4898490681244156,1.5120977297815361,12
1785530616.7620609,14895,1.489853529012455,1.510057927125043,12
1785530616.7675147,14901,1.4907390287161606,1.5109434248933693,12
1785530616.7705817,14902,1.4981018268681523,1.5109521690154346,12
1785530616.8014877,14904,1.4980975922487525,1.5081219642310677,12
1785530616.8020911,14906,1.4996079712185326,1.509632306088526,12
1785530616.802213,14909,1.5059923123009884,1.509678106110734,12
1785530616.8097222,14913,1.5075061812903074,1.511191669438677,12
1785530616.819135,14914,1.5054657412398664,1.5111731863136595,12
1785530616.8393312,14918,1.4984106086895126,1.513245923032712,11
1785530616.8528538,14921,1.4855790745890107,1.5150416354135328,11
1785530616.8529577,14926,1.4778029793334109,1.5161812773996957,11
1785530616.8606014,14928,1.4767152692288659,1.5234613015449014,11
1785530616.8647795,14930,1.4791873196453171,1.5259334879477728,11
1785530616.8958223,14931,1.4828344945172787,1.5195305483475703,9
1785530616.8989298,14938,1.4840007174889942,1.519361033961243,9
1785530616.8990974,14939,1.4830997853223755,1.5242095960301951,9
1785530616.8992934,14940,1.4842663715757898,1.51846133966157,9
1785530616.9045832,14942,1.4766561068920523,1.513345038736372,9
1785530616.9090543,14944,1.4800339730575802,1.5108092279451806,10
1785530616.923371,14943,1.4800252481572262,1.5175712437557407,10
1785530616.9398084,14948,1.480052227957028,1.5197663375879014,10
1785530616.9406533,14947,1.4815728744198524,1.518622216405072,10
1785530616.9406872,14949,1.476741918712128,1.5149813988531715,10
1785530616.9407055,14951,1.4767451723341933,1.5153321831700126,10
1785530616.9410768,14952,1.4767475722741976,1.514975914057075,10
1785530616.9414,14953,1.4746105733516621,1.5149529983342176,11
1785530616.9466078,14954,1.4744085673847127,1.5147760026184478,11
1785530616.9490404,14956,1.4887939021666357,1.502184678407733,11
1785530616.9624634,14957,1.4909164221274653,1.5021845662550226,11
1785530616.9806015,14958,1.4938167494698398,1.5021985825948856,12
1785530616.9853227,14962,1.4974433238163174,1.5022020236606943,12
1785530616.9853687,14963,1.4974333592303313,1.4954019187375727,12
1785530616.9854221,14964,1.4974358906043763,1.500798207865181,12
1785530616.9854684,14966,1.492579686060064,1.495942045394601,12
1785530616.987294,14968,1.487270645797965,1.5012508984706823,12
1785530616.9916441,14967,1.4872708226195188,1.5008070994511296,12
1785530617.0097823,14969,1.487271227597848,1.5008070993001932,12
1785530617.0317447,14971,1.5035495110660873,1.484528637158903,12
1785530617.034891,14973,1.5019600323906792,1.4829389951276273,12
1785530617.0349648,14974,1.5023994385181099,1.4829392858125245,12
1785530617.0350142,14975,1.5023877244163346,1.4849735956287662,12
1785530617.047114,14977,1.5110041039144375,1.4849416754449738,12
1785530617.0471697,14978,1.5224617310506616,1.4963984942498985,12
1785530617.0472455,14980,1.526096607494588,1.4927644933988926,12
1785530617.0472655,14979,1.5260967712266513,1.491888363569356,12
1785530617.047285,14981,1.5236284358518855,1.4918752457147106,12
1785530617.0473223,14983,1.511831486335858,1.5036709528931063,12
1785530617.0488107,14985,1.50540135967301,1.497241273114209,12
1785530617.0898757,14987,1.5053900809083627,1.5006945390191393,12
1785530617.0910764,14988,1.5053853863458158,1.4915186974611705,12
1785530617.0911384,14990,1.4995475299339356,1.4856805948792957,12
1785530617.0911639,14992,1.4917750936638112,1.493453258348658,12
1785530617.0911853,14991,1.4917412198059932,1.4868058837362317,12
1785530617.0912027,14996,1.4917422727664635,1.4861888071162401,12
1785530617.0912197,14994,1.4890784335640028,1.4861719683553756,12
1785530617.0912344,14995,1.488990008679448,1.4862603605937348,12
1785530617.0913136,14997,1.499368965944058,1.4966388175941683,12
1785530617.0913136,14998,1.5052844774293415,1.4966708382195928,12
1785530617.0940187,14999,1.5052704253297764,1.49162384302106,12
1785530617.1009462,15000,1.5053018894607895,1.5043292936055932,12
1785530617.1051173,15001,1.5064492843454815,1.504326443242167,12
1785530617.1085746,15002,1.5081274622665801,1.5060046057909955,12
1785530617.109545,15003,1.5080765574470771,1.5149077872112533,12
1785530617.1423576,15005,1.5102971772604217,1.5149072140894195,12
1785530617.1430175,15009,1.5052741463551662,1.5098840076070261,12
1785530617.1440325,15011,1.5052749167157475,1.5110350385647122,12
1785530617.1514142,15013,1.4961165236164569,1.511046645482809,12
1785530617.1671743,15014,1.4953206282146159,1.510250727251824,12
1785530617.1726363,15018,1.498315514093908,1.510253947064548,12
1785530617.1983283,15025,1.5052742034752336,1.5102381429870442,12
1785530617.2120042,15026,1.5007792831057127,1.5057430843770285,12
1785530617.2120783,15032,1.5007815485988771,1.5041516488222568,12
1785530617.2397008,15035,1.5007786976553021,1.5066271526193697,12
1785530617.254104,15030,1.4944288310840361,1.5066314059373072,12
1785530617.2574527,15044,1.4944273426550867,1.5022202213418843,12
1785530617.2577531,15045,1.4979562257268175,1.505749090334583,12
1785530617.2676098,15049,1.49433927270938,1.505749058376349,12
1785530617.2744777,15050,1.4975191063645865,1.5089289331846905,12
1785530617.2912385,15054,1.506375711818339,1.5083342528285058,10
1785530617.3187864,15055,1.4974544778616832,1.5017946999111311,8
1785530617.3205454,15059,1.4988378004673224,1.4937335148863322,8
1785530617.3206055,15060,1.4976907441163367,1.5004023593419538,9
1785530617.3206441,15062,1.4966872615643068,1.4993991696602633,9
1785530617.3206627,15064,1.4923967552649267,1.5036911386979994,10
1785530617.32068,15063,1.4924034788945968,1.5028731405744535,11
1785530617.3209097,15068,1.4923862944044182,1.5066641570692056,11
1785530617.3216302,15067,1.4963465289192466,1.503198322902419,11
1785530617.32729,15069,1.4971513214372272,1.5039016619667764,11
1785530617.351638,15071,1.501279537413905,1.5079528018754162,10
1785530617.4141078,15072,1.5012919893197403,1.505125567765587,10
1785530617.414467,15073,1.5028231747873149,1.5051236966691524,10
1785530617.4145339,15074,1.5056539624922292,1.5072434998571884,10
1785530617.4145799,15075,1.505629862041325,1.5115664273947176,10
1785530617.4146178,15077,1.504920016805036,1.511566879411495,11
1785530617.4146647,15081,1.4984660095218556,1.5059262465905057,11
1785530617.4147232,15082,1.498835593154168,1.5059260064751685,12
1785530617.4147835,15084,1.4988361171425177,1.5056597790460302,12
1785530617.4149392,15086,1.4971616109050045,1.5039845925827509,12
1785530617.4150395,15089,1.4952144686432298,1.5039925503226257,12
1785530617.4150832,15087,1.495229502406605,1.4975299200677614,12
1785530617.4151096,15093,1.4962007998417315,1.4985012063150016,12
1785530617.4210231,15094,1.5029149505561965,1.498501007115189,12
1785530617.4245207,15098,1.507870844427,1.5034568441920757,12
1785530617.4767358,15101,1.5153042568368082,1.5035038231561697,12
1785530617.4768274,15099,1.5152913165420934,1.4999864815245316,12
1785530617.4768474,15106,1.5057451467407803,1.499921429423134,12
1785530617.476887,15108,1.505741269354561,1.4982452758120148,12
1785530617.4772615,15110,1.501488987386483,1.4939929823046811,12
1785530617.4849858,15113,1.492491439955258,1.4939951672605651,12
1785530617.4851139,15111,1.4924856284547086,1.5004635800250483,12
1785530617.4903884,15118,1.4955797317736466,1.5004501449717393,12
1785530617.5019066,15120,1.4902980954392158,1.504167132914506,11
1785530617.5224302,15122,1.4920917332398755,1.5070009849181027,8
1785530617.5225112,15124,1.4936613513903332,1.5054315280994655,9
1785530617.5225372,15123,1.4937020730541437,1.5051887260345316,9
1785530617.5225582,15128,1.4944398370286682,1.5008146203106074,10
1785530617.5225735,15126,1.4990703644073204,1.5001376298326605,11
1785530617.5225887,15127,1.4976951108374448,1.501512962928318,12
1785530617.5279129,15130,1.4968991829986613,1.5015173997455415,12
1785530617.5311642,15131,1.4968926752322338,1.5032833347870003,12
1785530617.5476487,15132,1.4969108153874295,1.4982400035467998,12
1785530617.5716574,15133,1.494788249399157,1.4982416073884703,12
1785530617.571836,15135,1.4947827656648662,1.4919551313328123,12
1785530617.571836,15136,1.4920434951307289,1.494694402413467,12
1785530617.5718787,15137,1.4880729945819775,1.4947091151765506,12
1785530617.5719185,15138,1.482051761701484,1.494679526624659,12
1785530617.5719364,15139,1.4869970341865608,1.489734543418605,12
1785530617.5763595,15140,1.4869989720024546,1.4890305050837256,12
1785530617.5841858,15144,1.486997370148996,1.4885866514899975,12
1785530617.584256,15145,1.4950708023146984,1.488606725566745,12
1785530617.5916207,15147,1.4950697302792297,1.4950696296846395,12
1785530617.6166513,15149,1.5056735275124584,1.4979730969530793,11
1785530617.61676,15150,1.5095904860124232,1.4985142023648126,11
1785530617.6167827,15151,1.5017928073585123,1.5063118545694802,11
1785530617.6200216,15156,1.5030276942715746,1.5154659188211805,11
1785530617.6301527,15157,1.4927782982263325,1.5140376250106975,11
1785530617.6302319,15158,1.4930139304638699,1.5142733099752077,11
1785530617.630365,15159,1.4935816071532861,1.5185030000413844,11
1785530617.6347818,15161,1.495550450563385,1.5187739435373961,11
1785530617.668781,15163,1.503084380941471,1.5112394198173644,11
1785530617.6695035,15168,1.5020009218506845,1.5034159749018046,11
1785530617.6725109,15169,1.5077642048413864,1.5042207203051265,11
1785530617.6725698,15170,1.49683684332523,1.493293347762864,11
1785530617.6726935,15172,1.5020632567930015,1.4880665720766175,11
1785530617.672726,15171,1.5020935463375904,1.4882727658966155,11
1785530617.678309,15176,1.5016468591262293,1.4849757315402352,11
1785530617.6791553,15174,1.5020613347253262,1.485034678785825,11
1785530617.683777,15175,1.5008193415777333,1.486274657214218,11
1785530617.70324,15179,1.5009303727055223,1.4870984949652153,11
1785530617.7271574,15180,1.5015305482277936,1.491321591993169,11
1785530617.727652,15182,1.5058659204086564,1.4956570737399477,11
1785530617.7276855,15184,1.5040906479236642,1.497432626452972,11
1785530617.727706,15183,1.50367377420162,1.494449366537196,11
1785530617.7277236,15188,1.5049306041886454,1.5034266135328553,11
1785530617.7277734,15187,1.5015687758485534,1.5067884765372452,11
1785530617.7277904,15189,1.4974343194311013,1.5026539953325222,12
1785530617.729529,15190,1.4952226468349572,1.5026595235525546,12
1785530617.7322266,15191,1.495222211970733,1.5038067386486378,12
1785530617.7722557,15192,1.495226180116232,1.5015935167443202,12
1785530617.7722838,15193,1.494166079091813,1.5015920127482387,12
1785530617.7726116,15194,1.495580053048959,1.5030059768389983,12
1785530617.7726398,15195,1.4955807707851574,1.5002619106166977,12
1785530617.7726398,15196,1.4925777757040095,1.503264872236418,12
1785530617.7727058,15197,1.4908080666688222,1.5032689706863605,12
1785530617.7727373,15198,1.489660252023173,1.503264829218146,12
1785530617.7727537,15199,1.4931055940708569,1.4998195694135976,12
1785530617.7835197,15205,1.494785084839191,1.499823377750304,12
1785530617.7902637,15206,1.4972598947795839,1.5022981755662224,12
1785530617.7908182,15207,1.4972600299549605,1.5021212374879491,12
1785530617.7908182,15208,1.4973484129046764,1.5020328493089607,12
1785530617.8221338,15209,1.5049549443107135,1.502045624925838,12
1785530617.8254914,15212,1.5049474518147434,1.4961138426780471,12
1785530617.8255215,15211,1.5105125503246064,1.4905487704309208,12
1785530617.8255816,15213,1.515642353228307,1.4956783579081254,12
1785530617.8256054,15214,1.520938363959491,1.4957186287511497,12
1785530617.825651,15216,1.5209306359002484,1.4939633121337554,12
1785530617.8256702,15217,1.5225249161990941,1.493956118553403,12
1785530617.83236,15219,1.5225357220167424,1.497113962244049,12
1785530617.8580015,15223,1.5145910562575389,1.5050577235167732,12
1785530617.8813238,15228,1.514589219674925,1.5069048091687205,12
1785530617.883894,15229,1.5102681265853215,1.5069165744316726,12
1785530617.8840156,15231,1.510267339212186,1.5051548896601774,12
1785530617.8904157,15234,1.509561446294025,1.5051551869216464,12
1785530617.890545,15235,1.509738220473149,1.5049784102358372,12
1785530617.907692,15240,1.5097369521142003,1.5054194426063117,12
1785530617.9221632,15241,1.5097382098347705,1.5054194391551114,12
1785530617.9222186,15244,1.5187283776157006,1.4964298788592387,12
1785530617.922239,15243,1.5186982289912456,1.4912476850246918,12
1785530617.9353442,15246,1.5187860741824317,1.486517075574126,11
1785530617.9353442,15247,1.5189629603620285,1.4863145352492046,11
1785530617.9376748,15252,1.5189576397479432,1.4856112474930343,11
1785530617.9667835,15253,1.5171814028488646,1.4856174443832109,11
1785530617.9669,15254,1.5194883283243386,1.4882571414803019,11
1785530617.9683836,15258,1.5213518354217177,1.4882494251699294,11
1785530617.9794452,15259,1.521263420849626,1.4883506853531425,11
1785530617.9795918,15260,1.5212635560831778,1.488961937637096,11
1785530617.9796417,15264,1.5212730377655548,1.4905699107079948,11
1785530617.9814053,15265,1.5227804342810107,1.4905615597037272,11
1785530618.019127,15268,1.5212816811799181,1.4922783740859549,11
1785530618.0204318,15269,1.5157272463168763,1.4922300749630026,11
1785530618.0205715,15271,1.5134306082030438,1.4948585224922413,11
1785530618.020606,15273,1.510600346855197,1.491620607049234,11
1785530618.0206664,15275,1.5106158226716428,1.4871759965415927,12
1785530618.0268757,15276,1.5090085797825659,1.488758475173674,11
1785530618.0295584,15277,1.5040456559144093,1.4887723314096077,11
1785530618.0296614,15278,1.4994076686570117,1.484709072375895,11
1785530618.029707,15279,1.499423069788462,1.4923119953715278,11
1785530618.0349865,15281,1.496603976389828,1.4923245903810711,11
1785530618.0379915,15284,1.4965647816990557,1.50035888031349,11
1785530618.0526106,15283,1.4954515808228117,1.5013331126140677,11
1785530618.0702631,15286,1.4926603588477543,1.5013444102958708,12
1785530618.07029,15287,1.4926572709735824,1.5051357819203133,12
1785530618.0703275,15288,1.4926638118720497,1.5001739659978242,12
1785530618.0703459,15289,1.4949617883220718,1.5001787056477651,12
1785530618.0703802,15290,1.4941665946350675,1.4993835194465637,12
1785530618.070412,15291,1.494160636812068,1.4948669654901323,12
1785530618.0799077,15293,1.4909840852248468,1.4948730065464997,12
1785530618.0909593,15295,1.4931053239391312,1.4927517855011014,12
1785530618.1152472,15297,1.495315134787125,1.494961599444584,12
1785530618.115287,15299,1.4953195035113303,1.5017568298643402,12
1785530618.1154158,15300,1.495313547972128,1.5093701424710488,12
1785530618.1154475,15302,1.493457758627066,1.507514328845881,12
1785530618.1154997,15304,1.4874463382446277,1.5135257881681186,12
1785530618.1155412,15303,1.4874365450562814,1.515389732815507,12
1785530618.115572,15305,1.4928557456923524,1.5153726976845707,12
1785530618.1364572,15307,1.488705913400965,1.519522838714688,12
1785530618.1368794,15309,1.4886175203406125,1.51943444647629,12
1785530618.1369176,15311,1.4885787446965915,1.5115095217537295,12
1785530618.139142,15312,1.4886011240687456,1.503967994911689,12
1785530618.14261,15313,1.4874535655975607,1.5039622196865896,12
1785530618.1563427,15314,1.4947103429444952,1.5112189460745509,12
1785530618.177376,15316,1.501319340070125,1.503714315869249,11
1785530618.1779296,15315,1.501316460250218,1.5068065436338658,11
1785530618.1781242,15317,1.4993940767207286,1.5068059224558241,11
1785530618.1783652,15319,1.5085873845652333,1.4987592541798265,11
1785530618.1784256,15320,1.508591650073731,1.496720517986738,11
1785530618.1847029,15324,1.5085829267190378,1.5010390881709703,11
1785530618.1847782,15325,1.5167619372864787,1.500972862842164,11
1785530618.2305562,15329,1.515549708159705,1.500974501274789,11
1785530618.2307408,15327,1.5155615732148082,1.499215944370102,11
1785530618.2307775,15328,1.5112962004289574,1.502951147244997,11
1785530618.2308238,15334,1.5126102216922392,1.5029490951238116,11
1785530618.231982,15340,1.511899843531272,1.503571304352877,11
1785530618.2362032,15341,1.5178649450040347,1.5035715047542955,11
1785530618.2484431,15343,1.5154328911285442,1.5057014567242424,11
1785530618.253346,15342,1.5119230192721547,1.5057254457768163,12
1785530618.2549148,15344,1.5119257827365755,1.508298851364796,12
1785530618.2938716,15348,1.511932272420914,1.5060099255417996,12
1785530618.2957566,15349,1.5094623318028282,1.5060178570659346,12
1785530618.2958138,15352,1.5026617796288382,1.5128185253275626,12
1785530618.295991,15351,1.5026610188217047,1.5129951541549873,12
1785530618.296013,15353,1.4985777883170166,1.5129940845485037,12
1785530618.296059,15356,1.4985699351725237,1.5101669548382761,12
1785530618.296078,15357,1.4951281781905792,1.5067251204621512,12
1785530618.2961159,15358,1.5023922041871398,1.5067195688314503,12
1785530618.3010254,15359,1.5023972451066303,1.5081349259234225,12
1785530618.3019152,15360,1.5023800392352933,1.5135224186391298,12
1785530618.3020015,15361,1.4981566525304235,1.5135218089901925,12
1785530618.3047152,15362,1.5021377098041817,1.5175031893374187,12
1785530618.3094683,15363,1.5021517438460832,1.513616772748373,12
1785530618.3418732,15368,1.5021286744101026,1.5092825099902978,12
1785530618.3419125,15367,1.5017754051525722,1.509635786623657,12
1785530618.3419626,15369,1.5088517511102508,1.5167124758211226,12
1785530618.3419838,15371,1.5088300340100078,1.512191292928269,12
1785530618.342018,15372,1.5088303952448625,1.5121031613605198,12
1785530618.3604317,15376,1.5151105649204086,1.505823184106052,12
1785530618.3615558,15375,1.5150783546798943,1.5124188023036724,12
1785530618.362725,15377,1.5149895991073958,1.5124184176492768,12
1785530618.3756878,15378,1.5159578769143482,1.5124106209358672,12
1785530618.4048376,15380,1.5159564403015933,1.5120551929639974,12
1785530618.4419303,15384,1.5159778772913466,1.5088901834780175,12
1785530618.4433374,15385,1.5229403958421603,1.5088203819325403,12
1785530618.4433663,15387,1.522951786385765,1.5072416559139057,12
1785530618.4433892,15389,1.5183444068812877,1.5072326230787605,12
1785530618.4452176,15391,1.5145218659762643,1.511054780303986,12
1785530618.4453151,15393,1.503271823970788,1.4998051694589731,12
1785530618.4453413,15395,1.5032471889047379,1.5078569389723089,12
1785530618.44539,15396,1.5032701040413283,1.4984979789530868,12
1785530618.4454114,15397,1.4986716169922962,1.4984951283243135,12
1785530618.4454508,15398,1.4897292517650031,1.4895527703210298,12
1785530618.445487,15399,1.4896845579870779,1.4833442163204489,12
1785530618.4455237,15404,1.4896820269422857,1.4864270642825737,12
1785530618.44554,15403,1.4931126760199882,1.4829963031792892,12
1785530618.4485977,15405,1.5009279543862075,1.4908118461432949,12
1785530618.451825,15406,1.498108405805906,1.490800273314064,12
1785530618.451825,15407,1.498109442090751,1.4917719311366635,12
1785530618.4961264,15410,1.499884584640004,1.4935471218833298,12
1785530618.4978125,15412,1.496451894121089,1.4969798965285506,12
1785530618.4980469,15411,1.496467435911167,1.5010506338816028,12
1785530618.4980693,15416,1.4964773404062113,1.5035226264294028,12
1785530618.498138,15415,1.494451849653293,1.505548150346263,12
1785530618.499121,15417,1.4925888612095222,1.5036852289488993,12
1785530618.4996622,15420,1.4925881710836058,1.5113053775182488,12
1785530618.505399,15422,1.4878981984655595,1.5066154380184176,12
1785530618.5083725,15424,1.4884279244761147,1.5060857176767568,12
1785530618.5403504,15423,1.488420353176958,1.4997861061340663,12
1785530618.5413146,15425,1.4908066745249713,1.4997863897588732,12
1785530618.5413928,15426,1.4939889797037647,1.4998055143629472,12
1785530618.5414162,15427,1.5005986097794486,1.493195901450076,12
1785530618.5414567,15431,1.500598464767373,1.4915161229950862,12
1785530618.5804272,15438,1.4977620743213138,1.4915072410306334,12
1785530618.5805223,15439,1.5002286463484005,1.4890405605561503,12
1785530618.5805416,15440,1.5002339812443315,1.4855046615044951,12
1785530618.62091,15445,1.4969479254575386,1.4854942726943137,12
1785530618.621005,15444,1.4969389630288754,1.4844324767357986,12
1785530618.621025,15446,1.5035917494167683,1.4910855806534444,12
1785530618.6219654,15450,1.5080243410807037,1.4910898551202312,12
1785530618.622022,15456,1.5080195844066784,1.4902083259491221,12
1785530618.6229515,15457,1.5224743647967196,1.4901360404807715,12
1785530618.627482,15458,1.5251201642271763,1.4927813229016567,12
1785530618.6299226,15460,1.526803617899928,1.4910982403420747,12
1785530618.6300788,15459,1.526802651518105,1.494076227098093,12
1785530618.6670833,15465,1.5340453147203914,1.499289243313114,11
1785530618.667348,15466,1.5312938633463615,1.4992680073703721,12
1785530618.6776292,15469,1.513875918051399,1.499411549034466,12
1785530618.6779807,15472,1.5118472759949637,1.5014399999514494,12
1785530618.6780112,15471,1.5118461163985144,1.507074411696594,12
1785530618.697636,15480,1.5118392207196127,1.5094514489580715,12
1785530618.7078662,15481,1.5209149529244406,1.5093829750797727,12
1785530618.734244,15483,1.5209088817935996,1.5102606565256735,12
1785530618.7391403,15492,1.520916242360349,1.5092074480928945,12
1785530618.7436068,15493,1.5232325295442328,1.5089702904106295,10
1785530618.7584214,15496,1.5180758649344612,1.5141309550403093,10
1785530618.7759402,15495,1.5180784924436483,1.5135274984638853,10
1785530618.7781103,15498,1.514453630646288,1.5135443937908335,10
1785530618.7781467,15499,1.5007066335731254,1.5272761274299087,10
1785530618.7828324,15504,1.5007997611857944,1.5291161002425429,9
1785530618.7852962,15505,1.511632528581513,1.5291480999833993,9
1785530618.8019147,15506,1.5133617082350943,1.5311645649288337,9
1785530618.8284116,15508,1.5188088059670966,1.5247991794928306,9
1785530618.8300862,15511,1.5290009084503764,1.5128622622249273,9
1785530618.8301334,15517,1.51208220965022,1.512921632331906,9
1785530618.830606,15519,1.5120769793119537,1.5110385628132132,9
1785530618.8484862,15523,1.512278845821242,1.5108025602851443,9
1785530618.8693173,15532,1.5038183388859285,1.511679466504766,7
1785530618.887914,15531,1.5028499173392162,1.5069540772105043,7
1785530618.8978436,15540,1.502637195096969,1.5059200171173037,7
1785530618.9026697,15541,1.521826318263435,1.509836565957052,7
1785530618.9338567,15544,1.536105309038712,1.4954346186744276,7
1785530618.9341414,15543,1.5368421756873456,1.4989737504049556,7
1785530618.9344594,15546,1.5349245546455885,1.4985945972337285,7
1785530618.9345253,15547,1.537144251448624,1.4963467021104206,7
1785530618.940405,15552,1.5389166477532366,1.504897535035313,7
1785530618.9499948,15553,1.5367049576906584,1.5044615189828006,7
1785530618.9502833,15554,1.5177303470036725,1.4853541901483227,7
1785530618.962798,15555,1.517314780576327,1.4832938368588142,7
1785530618.9832919,15562,1.5190880011394028,1.483656904169093,8
1785530618.9833553,15563,1.5194855517870143,1.486131037941109,9
1785530618.9843655,15564,1.5197732559065853,1.4878215866219793,9
1785530618.9867582,15566,1.5118804424536008,1.4799046585548097,9
1785530618.9976115,15569,1.5112958176689983,1.4798063134214705,10
1785530619.0103073,15567,1.5111024268801092,1.4784814635442374,10
1785530619.02898,15568,1.503584210181437,1.4875082956425467,10
1785530619.0316467,15574,1.4948377724807822,1.4860869918461515,10
1785530619.0317798,15575,1.4938419352193943,1.4785223930289135,10
1785530619.031844,15576,1.493806008585058,1.4782800038110842,10
1785530619.0318694,15578,1.5086416843072366,1.4952510939048516,10
1785530619.031974,15580,1.507167529788084,1.497021215525548,10
1785530619.0324476,15579,1.507612815669846,1.500268930026501,10
1785530619.0394688,15584,1.508480065169987,1.506527929045534,11
1785530619.0418656,15583,1.5036000950095414,1.5114081656409017,11
1785530619.0478165,15585,1.4938067643750481,1.5016148444939688,12
1785530619.0839243,15586,1.4956637950852925,1.5016049109323433,12
1785530619.0840132,15587,1.495659593253024,1.5074301101897627,12
1785530619.0895784,15589,1.4867544142510922,1.5074017934864201,12
1785530619.089633,15590,1.4882596308990306,1.5089069913779742,12
1785530619.0896547,15592,1.4981421491785982,1.499024582699131,12
1785530619.08967,15593,1.4998210080415832,1.4990273220691102,12
1785530619.0897503,15596,1.4998236939099487,1.4920450311992681,12
1785530619.089776,15594,1.5031913233549765,1.4920412732368242,12
1785530619.0897958,15595,1.4992976912281244,1.4959349548576633,12
1785530619.0900424,15598,1.4980619282425827,1.4959372182708262,12
1785530619.0931473,15599,1.4980604560958533,1.4964672077227787,12
1785530619.0988357,15600,1.4980565540561757,1.4926640362094201,12
1785530619.1305308,15601,1.5064739038240218,1.4926447226831396,12
1785530619.1555157,15602,1.5031251003626167,1.4892957810899214,12
1785530619.1694071,15604,1.4969197249293689,1.4955012176486837,12
1785530619.169441,15603,1.4969210614726318,1.4940856071904325,12
1785530619.1695242,15605,1.4969210614639938,1.494085598504903,12
1785530619.169562,15607,1.5021488198273163,1.4888577136993637,12
1785530619.169597,15612,1.502150017711151,1.4906241921583494,12
1785530619.1696312,15613,1.4955002617522557,1.4906346657370861,12
1785530619.1696525,15616,1.4970926025431293,1.4890422725044232,12
1785530619.1696692,15615,1.497082056855169,1.4862110337928425,12
1785530619.1696846,15619,1.5030916418578857,1.4802008837957554,12
1785530619.2008173,15624,1.503107946577957,1.4830265354652865,12
1785530619.2138214,15625,1.5073744155867188,1.483012589716427,12
1785530619.213864,15627,1.5073830095783451,1.4890963902276368,12
1785530619.2160022,15630,1.5067620440744827,1.4891005520675633,12
1785530619.2161446,15631,1.498242121362496,1.4976205713339041,12
1785530619.2193303,15636,1.4982423290438018,1.498062915030699,12
1785530619.2217371,15637,1.4970906639837214,1.4980666876145963,12
1785530619.261577,15642,1.5050937635734956,1.5075769934806769,11
1785530619.2617784,15643,1.5063355368073164,1.5063355648981547,11
1785530619.2653775,15649,1.5093146401216109,1.5067405238815326,11
1785530619.2675264,15652,1.5070956485196132,1.5089596180816776,11
1785530619.2692423,15651,1.5062503446529478,1.5027947580394925,11
1785530619.2948687,15656,1.5133292252601003,1.51121120260395,9
1785530619.3055203,15654,1.507278049769387,1.5101988914944997,9
1785530619.3055515,15658,1.5209934244195715,1.5126528670381678,10
1785530619.3055723,15659,1.5209330877977516,1.512235684613428,11
1785530619.3092487,15662,1.5206942012750109,1.511999113825814,11
1785530619.3186169,15663,1.5211977253621276,1.5154829065207658,11
1785530619.3538127,15664,1.5173294150046814,1.5193513257385627,11
1785530619.3548741,15669,1.510675786961515,1.5126977901100003,12
1785530619.354959,15671,1.5106406081425745,1.5084397851180498,12
1785530619.3550336,15672,1.5106302943434222,1.5043883830800706,12
1785530619.3550556,15674,1.5099193743034451,1.5036773667572911,12
1785530619.3551278,15676,1.5193261794639583,1.4942711864581613,12
1785530619.3739965,15678,1.5203672721539367,1.494268011736007,11
1785530619.3740737,15679,1.527489727724873,1.4880371546314621,11
1785530619.374723,15680,1.5274949012231176,1.4787610358698187,11
1785530619.420337,15684,1.5274565106232225,1.4758708402968346,11
1785530619.4407542,15685,1.5226817154290349,1.4758816505931696,11
1785530619.4435134,15688,1.5257879670849284,1.473159099469747,11
1785530619.4435604,15687,1.5257714305500327,1.4721950198959708,11
1785530619.4435947,15689,1.5234850799865414,1.4721654239552062,12
1785530619.4436538,15690,1.5254475147685245,1.4721572959023284,12
1785530619.443677,15691,1.521748630244089,1.4758563506158087,12
1785530619.443734,15692,1.5217352344593966,1.4803967057836769,12
1785530619.4437811,15696,1.5218012321870735,1.4875920261946878,12
1785530619.443799,15697,1.5191385622224485,1.4876021716806072,12
1785530619.44382,15700,1.5172886769075404,1.48945190315951,12
1785530619.4438381,15699,1.5173085234342139,1.492879107698902,12
1785530619.4438827,15701,1.5141339691423463,1.4928570015649134,12
1785530619.4442832,15702,1.5185640712052912,1.4928349187577263,12
1785530619.4443192,15703,1.5216586541609445,1.48974067506019,12
1785530619.4557455,15707,1.5216490541167431,1.4940136416273266,12
1785530619.490397,15708,1.5216485173566139,1.4937504141772813,12
1785530619.4924328,15709,1.5274945683538248,1.4937041467977545,12
1785530619.492866,15710,1.5245794945628393,1.4907896700977903,12
1785530619.4931753,15711,1.5245552931979591,1.485179562746909,12
1785530619.4932082,15713,1.5286014918711004,1.485223369162036,12
1785530619.4999354,15715,1.5314227907435203,1.482402697403199,12
1785530619.5007267,15717,1.533638671844239,1.4846179617203792,12
1785530619.5229144,15722,1.5275692229938769,1.4875231406800402,11
1785530619.5334709,15723,1.5275885821790398,1.493390086407333,11
1785530619.5334709,15724,1.5165588321929275,1.5030437956813458,11
1785530619.533732,15728,1.5165590608803654,1.5032216541299757,11
1785530619.5337753,15726,1.513833025617568,1.5032391239823752,11
1785530619.5338042,15727,1.5124157678677066,1.5044790038600908,11
1785530619.5338762,15729,1.5108019351387196,1.503067858113698,11
1785530619.5339105,15730,1.4996279816471374,1.5030958649826909,12
1785530619.533937,15731,1.4996343451136196,1.501858588950151,12
1785530619.5373788,15732,1.4996386300811098,1.5012397399966122,12
1785530619.5413,15733,1.4963696130938853,1.5012563663325005,12
1785530619.560215,15735,1.4963837792129409,1.498159031816104,12
1785530619.5786843,15737,1.4932037183877742,1.498179500285793,12
1785530619.579135,15739,1.4819193975717353,1.5094632062355686,12
1785530619.5791671,15744,1.481934738781968,1.5074183901407272,12
1785530619.5836546,15745,1.4842271678974301,1.5074200573741887,12
1785530619.5860631,15746,1.485546077433808,1.5087388302527254,12
1785530619.604793,15747,1.4855835627143539,1.5026996202910086,12
1785530619.6223354,15752,1.485580799973208,1.508417014517094,12
1785530619.6223896,15751,1.491245623549209,1.502752396504023,12
1785530619.627032,15753,1.4905395139249078,1.5020462823656815,12
1785530619.6271088,15754,1.5002688468547118,1.5020334238175324,12
1785530619.627142,15755,1.5002874314974681,1.506630055734486,12
1785530619.6272411,15756,1.500288387350288,1.508662852650298,12
1785530619.627278,15757,1.4987901434587585,1.5086582423086348,12
1785530619.62733,15758,1.496307385223072,1.5061754587633935,12
1785530619.6305132,15759,1.4962808646725456,1.516972327486192,12
1785530619.6375325,15764,1.4962625300224548,1.5063788810661287,12
1785530619.6413698,15763,1.4975935752513685,1.505047659312785,12
1785530619.6479585,15766,1.4984789660170215,1.505043697913955,12
1785530619.6523998,15767,1.498518343131416,1.4967394895796742,12
1785530619.66355,15768,1.498518630299185,1.4970044432643803,12
1785530619.689651,15769,1.4998440477429344,1.4969958790223217,12
1785530619.6905172,15770,1.4951043704178286,1.4922561017245508,12
1785530619.6905906,15773,1.4992476729840791,1.4922259894845957,12
1785530619.6906452,15771,1.4992543143975927,1.4884243193004514,12
1785530619.6962945,15778,1.5016315409101486,1.4884153250219023,12
1785530619.7180076,15782,1.5078851662620636,1.4946690237369384,12
1785530619.7275786,15780,1.5078792201969182,1.4871758197488671,12
1785530619.7602587,15789,1.520409380998114,1.4810954811732542,10
1785530619.760345,15792,1.5206588735327102,1.479554449879374,10
1785530619.7603984,15794,1.5202445917446181,1.4792102999057428,10
1785530619.764921,15797,1.5226467361926164,1.4788779378377581,10
1785530619.7695503,15801,1.5248223666829377,1.4806854115687886,10
1785530619.7708921,15802,1.5190536272054795,1.481485831444354,10
1785530619.7777839,15804,1.517460075287594,1.4910568533686561,10
1785530619.7858434,15806,1.513850128110595,1.4880571756063068,10
1785530619.7982662,15807,1.515662744143873,1.477036051104087,10
1785530619.8213384,15814,1.5221448166892413,1.4761367279491717,10
1785530619.8495197,15815,1.5224066025231555,1.482760881776037,8
1785530619.8500497,15816,1.5301590790069735,1.4629309881722639,8
1785530619.8500915,15817,1.5337698654744654,1.46145810551135,8
1785530619.8501153,15818,1.5317383113323257,1.459428554240224,8
1785530619.850133,15820,1.51191997132454,1.4792329561771607,9
1785530619.850154,15819,1.5089808084847072,1.4977023834650773,9
1785530619.8503118,15821,1.5001409535976686,1.4991516171023866,9
1785530619.8503556,15823,1.5045466085347932,1.4947462521534873,10
1785530619.8580723,15828,1.5045245272863137,1.5061485502671603,10
1785530619.8653677,15829,1.5011998099698576,1.506159951528383,10
1785530619.865647,15830,1.5058346926299855,1.5108002372686802,10
1785530619.8706646,15831,1.5058584561563506,1.503436364360555,10
1785530619.8706646,15832,1.5103043850178888,1.498986589262751,10
1785530619.8774943,15833,1.51080934831213,1.4989879911579123,10
1785530619.8789637,15836,1.5108223273715504,1.4943252987949818,11
1785530619.8919795,15835,1.5072784592123514,1.4974257510872844,11
1785530619.919567,15837,1.5004162444588298,1.4914257934332247,11
1785530619.919861,15838,1.4963839273770374,1.491434397266718,11
1785530619.9198976,15839,1.4963963508690752,1.4894921561887768,11
1785530619.9199512,15840,1.4963974567914051,1.489757625712261,11
1785530619.9199858,15841,1.4879754987295697,1.4897492420081702,11
1785530619.9200053,15842,1.4869639777074724,1.4888650335942746,11
1785530619.9200385,15844,1.4860542674944661,1.4896601558741527,11
1785530619.9200542,15843,1.4860627201367733,1.4920576919342157,11
1785530619.92007,15845,1.4920113805984982,1.492040321026327,11
1785530619.9266527,15848,1.4920090510257231,1.493803371918846,11
1785530619.9266899,15847,1.4936240341871974,1.4923914852299027,11
1785530619.9312987,15849,1.499998009154649,1.4979670626029158,11
1785530619.9312987,15850,1.4986854526773916,1.4979663763893625,11
1785530619.9326491,15851,1.4986853892527086,1.4980547260352475,11
1785530619.9384274,15852,1.4986702330983916,1.5065437229113425,11
1785530619.9423127,15853,1.5019943656138262,1.506534002470973,11
1785530619.9452348,15854,1.4988749330728626,1.5038043928039493,11
1785530619.9611056,15855,1.4988370986279151,1.50910972407844,11
1785530619.9611056,15856,1.4976200932478028,1.5101765044420445,11
1785530619.9875002,15857,1.4944810451175035,1.5101964103181207,11
1785530619.9876037,15859,1.4896123547690312,1.5144647176778605,11
1785530619.9876626,15864,1.4896891898636069,1.5039101655052605,11
1785530619.9944909,15865,1.503000560760783,1.5038696112147742,11
1785530619.994671,15866,1.5030012016131442,1.5038696145710193,11
1785530620.0040667,15867,1.5030534283795,1.4901830364493973,11
1785530620.0049403,15868,1.510352363149355,1.4838019317145923,11
1785530620.01463,15874,1.5161885564408497,1.4838129951419314,11
1785530620.032851,15873,1.515784412629091,1.4834599817208172,11
1785530620.0444314,15875,1.5157916384454009,1.4825714282905464,11
1785530620.0450547,15876,1.515797000960307,1.4838023480540712,11
1785530620.0450888,15878,1.5168065737356182,1.4846841376407085,11
1785530620.045133,15880,1.5201529512647725,1.4817598528538767,11
1785530620.0451791,15879,1.5201648423002536,1.4875540230861537,11
1785530620.0451984,15881,1.5154312151869853,1.4875524088375547,11
1785530620.0452132,15884,1.5153937536647017,1.4915503672693948,11
1785530620.045726,15883,1.5285021824016176,1.4800896629683369,11
1785530620.050026,15885,1.5283002014666371,1.4799128823287016,11
1785530620.050026,15886,1.524078662697224,1.4799042282906256,11
1785530620.0523365,15887,1.5240395528124078,1.482844498683012,11
1785530620.0580878,15888,1.5240360827437498,1.4808280180321574,11
1785530620.0642035,15889,1.511509063930076,1.48091683856183,11
1785530620.070764,15890,1.5131285299218948,1.4823315521179687,11
1785530620.0720255,15892,1.5100944053384953,1.4849822692646684,11
1785530620.0721424,15891,1.510104651746285,1.4868322121906403,11
1785530620.0752876,15893,1.518664077274828,1.48687448065431,11
1785530620.0792336,15894,1.517997398469716,1.4868768485132788,12
1785530620.0857692,15895,1.5093577425774884,1.4955161838303352,12
1785530620.0990224,15897,1.5129023856512906,1.4990608024482441,12
1785530620.0990224,15898,1.5135209589266903,1.4990652021413655,12
1785530620.1062725,15899,1.5135326131523117,1.502350206928432,12
1785530620.119972,15901,1.517330438345358,1.5023429120349707,12
1785530620.120019,15902,1.520698035210059,1.505710096099188,12
1785530620.1200356,15903,1.5206973430007305,1.5049201686439742,12
1785530620.134993,15907,1.5189344548021866,1.506682839211103,12
1785530620.1372457,15908,1.5189180226955425,1.5019689581654545,12
1785530620.13764,15912,1.518918161982179,1.5035498150837776,12
1785530620.1433094,15913,1.527041075805594,1.5034825343641243,12
1785530620.1445088,15914,1.5273062981257808,1.5037476614069356,12
1785530620.182511,15917,1.5250931183000944,1.503733037661273,12
1785530620.183507,15918,1.5275652505707802,1.5037035957586662,12
1785530620.1836715,15919,1.5285411168387861,1.502728011926415,12
1785530620.183741,15924,1.5285327828448476,1.5043911873546767,12
1785530620.1837704,15925,1.5220008198930948,1.5044659677449275,12
1785530620.1869624,15926,1.5257944717939211,1.5082589718921147,12
1785530620.189979,15928,1.5186204907377499,1.5154321385892828,12
1785530620.230352,15929,1.5152444646087688,1.5154217572670288,12
1785530620.2322545,15932,1.5152676546654755,1.5212851009955404,12
1785530620.2325037,15931,1.5228780222573943,1.5136748888175269,12
1785530620.2325904,15933,1.5178453789576407,1.5086427140254475,12
1785530620.232609,15934,1.5152746706064342,1.5086325070048863,12
1785530620.2326267,15935,1.515276462739237,1.5045461080897673,12
1785530620.2327154,15936,1.5152919954518667,1.4996216949199024,12
1785530620.23273,15937,1.5095458868401517,1.4996492643649562,12
1785530620.2327473,15938,1.504506201314733,1.4946096484167817,12
1785530620.2346878,15941,1.5062707940054236,1.4946138800164808,12
1785530620.239298,15944,1.506284535415199,1.4893880359380092,12
1785530620.2748692,15943,1.495226650348544,1.5004460102524027,12
1785530620.2757943,15947,1.4952281616071674,1.4991223080594274,12
1785530620.2759345,15948,1.495210075762252,1.5051422525021168,12
1785530620.2759602,15950,1.4949449094341034,1.5048771512789165,12
1785530620.276035,15952,1.503902441280667,1.4959213624701866,12
1785530620.2796848,15951,1.5038907749496346,1.4996287177518286,12
1785530620.2808046,15956,1.5038758386428688,1.5045849556942674,12
1785530620.2808778,15954,1.4970803511565665,1.504597999384132,12
1785530620.3037834,15957,1.5011436738414288,1.50866138309842,12
1785530620.3203,15958,1.5031824529254303,1.5086622670832444,12
1785530620.3209403,15959,1.5031913596906774,1.5110513246779647,12
1785530620.3211966,15960,1.5031939988384693,1.5099917814721788,12
1785530620.3213103,15961,1.5050439454994262,1.509990868455807,12
1785530620.3213565,15962,1.498234112473583,1.5031809425065177,12
1785530620.3213904,15963,1.4982336420608426,1.5036231424578983,12
1785530620.3214085,15965,1.5006231987517746,1.5036246958355304,12
1785530620.3225431,15967,1.50927454834482,1.4949734190066308,12
1785530620.3319027,15969,1.5077700660514382,1.493468929686305,12
1785530620.3320189,15970,1.508652030230856,1.493472583549401,12
1785530620.333143,15971,1.5086541692623971,1.4916997278606146,12
1785530620.3377507,15972,1.5085976503941356,1.4831505678582166,12
1785530620.345061,15973,1.4989098234537317,1.4831099151360205,12
1785530620.3728151,15974,1.5027365686833176,1.4869374184036146,12
1785530620.4470656,15975,1.502678723902984,1.4824335734146399,12
1785530620.4470656,15976,1.4982094822390106,1.4869028352905522,12
1785530620.4540792,15977,1.496801164204436,1.4868926929249449,12
1785530620.4541245,15978,1.4974224829548501,1.4868982142122897,12
1785530620.4542773,15979,1.4871619591111434,1.4971587950976348,12
1785530620.454954,15984,1.487191630189097,1.5012425996887284,12
1785530620.455068,15986,1.4913729298726324,1.5054239261041884,12
1785530620.455136,15989,1.4896021546503206,1.505418719648992,12
1785530620.4551926,15987,1.489589332103528,1.5028466428753253,12
1785530620.4552417,15988,1.4864288101015801,1.5060069162048,12
1785530620.4552894,15994,1.4827974552819538,1.5060032301879966,12
1785530620.4553113,15996,1.4828058178443257,1.509469976289771,12
1785530620.4553516,15997,1.497255779675303,1.5095471904750206,12
1785530620.4553924,15998,1.4927499379665756,1.5050413036895083,12
1785530620.4554346,15999,1.4927235773530638,1.511332085917939,12
1785530620.4554346,16000,1.4890020681215448,1.5150537472125034,12
1785530620.4554598,16001,1.4872254134831167,1.5150656932544186,12
1785530620.4554925,16002,1.4881927591313016,1.5150665586085656,12
1785530620.455511,16003,1.4986581950536255,1.504600948134728,12
1785530620.4555454,16006,1.4987468428997521,1.5046007840810407,12
1785530620.4555624,16007,1.4987444570450426,1.5083112541453552,12
1785530620.4663472,16010,1.5102092707792607,1.5197767622529115,12
1785530620.4743857,16012,1.516055992796958,1.5139299351454734,12
1785530620.5040576,16011,1.516082800961476,1.5071670705702136,11
1785530620.511704,16013,1.5192725406548453,1.5071893966796752,11
1785530620.5117595,16014,1.5277383299700755,1.5071068482079732,11
1785530620.511815,16015,1.5186162699083,1.5175512290871704,11
1785530620.5118592,16018,1.5331981404590047,1.5177135309988035,11
1785530620.5118852,16020,1.5331993470459628,1.5170121409306667,11
1785530620.5119271,16022,1.5226409447036113,1.5049215342859725,11
1785530620.516497,16023,1.5226406863045916,1.5103463771955428,11
1785530620.516497,16024,1.5230818526481074,1.509841052437173,11
1785530620.5344286,16027,1.5240708085267571,1.5127921133013602,10
1785530620.5416012,16028,1.524006076748228,1.5123515424875715,11
1785530620.5430942,16033,1.519180081738945,1.5116861100333934,11
1785530620.5591114,16036,1.514419132266476,1.5164468439732228,11
1785530620.5801318,16035,1.5129725278882533,1.5063797900059288,11
1785530620.5811753,16037,1.5187770549634807,1.507280132494957,11
1785530620.5812938,16038,1.5061945238011574,1.5054062407291116,11
1785530620.581321,16039,1.5132750355656484,1.4983229995832108,11
1785530620.5855582,16044,1.5131955688977077,1.4978069694933682,11
1785530620.585598,16045,1.5124709662365274,1.49769731591981,11
1785530620.5856757,16046,1.519168427292608,1.504394296347943,11
1785530620.5896919,16048,1.5258134651993602,1.4977534330912194,11
1785530620.5997055,16052,1.5258290811681363,1.4978565899932137,11
1785530620.6027458,16051,1.5282780287345097,1.4954100894586886,11
1785530620.613247,16053,1.526177897599636,1.4933098439974197,12
1785530620.6300757,16054,1.512506410508065,1.4930996507399055,12
1785530620.6423836,16055,1.5124989351573193,1.4912358075830545,12
1785530620.6428115,16056,1.512507982248977,1.4922919848404828,12
1785530620.6428368,16057,1.5077228546378336,1.4922773935165174,12
1785530620.6428533,16058,1.5012238832308669,1.4857784508391365,12
1785530620.6447186,16059,1.501292515198572,1.493023307623349,12
1785530620.6489143,16066,1.5039379887701476,1.4930395962025171,12
1785530620.6529768,16067,1.5039296594832408,1.4877293116783532,12
1785530620.7064586,16068,1.5039215755641213,1.486758192028056,12
1785530620.7075007,16070,1.4978860876180398,1.4807221565665563,12
1785530620.707679,16071,1.4976950824414093,1.4678945851030905,12
1785530620.707727,16072,1.496555916273936,1.4690331865667308,12
1785530620.7078598,16073,1.4860603014315947,1.4689944376057773,12
1785530620.7079103,16080,1.48608827116628,1.4709483260855138,12
1785530620.7079308,16081,1.4916208081340034,1.470986869323995,12
1785530620.708005,16084,1.4910036797803181,1.471604185138472,12
1785530620.710508,16083,1.4911024299489353,1.4849028508433948,12
1785530620.72176,16085,1.4936527317418955,1.4848924215256143,12
1785530620.7309163,16087,1.4903787487040043,1.48816653597098,12
1785530620.7650926,16089,1.4864058559916613,1.4841935767290173,12
1785530620.7651334,16090,1.48623000758408,1.484194381176471,12
1785530620.7651982,16091,1.4862091649094635,1.488241787887344,12
1785530620.7653,16094,1.4923090622882016,1.4943416050532412,12
1785530620.76533,16096,1.4984949900978553,1.4881555634584431,12
1785530620.7653475,16095,1.4984856636806083,1.4862099849089307,12
1785530620.7687926,16099,1.5049321225949337,1.4797629088448796,12
1785530620.774834,16100,1.5049892504930702,1.4727680455640602,12
1785530620.789195,16104,1.5096155387484993,1.4755664536583026,11
1785530620.8132899,16105,1.5171689013021283,1.4754946990828688,11
1785530620.8141148,16106,1.5176719160524297,1.4759331006856062,11
1785530620.8141382,16108,1.5141043605176994,1.479051439234659,11
1785530620.8142447,16113,1.5250521325259223,1.488605834152515,11
1785530620.814286,16114,1.5248512097565263,1.488605083863326,11
1785530620.8143013,16115,1.524819619273136,1.4911908540780696,11
1785530620.8305109,16116,1.5248255443074534,1.481023397116128,11
1785530620.830561,16118,1.522808120962095,1.4792623495789925,11
1785530620.8307495,16120,1.5144866538528752,1.486534726217395,11
1785530620.8307877,16119,1.5144790361528526,1.4840718417088665,11
1785530620.86548,16123,1.5088058898033303,1.489030698728621,11
1785530620.877106,16124,1.508785198102099,1.4948814373269144,11
1785530620.877174,16129,1.4995727590804764,1.4948717732943455,11
1785530620.8771992,16130,1.504339664510355,1.499044015252489,11
1785530620.8772902,16132,1.5089719829137496,1.4949940421955892,11
1785530620.8799193,16133,1.5130079393688851,1.4950216197448196,11
1785530620.879985,16134,1.5119078537977952,1.495020914643261,12
1785530620.882873,16135,1.5126114327443407,1.4943173372954157,12
1785530620.890718,16138,1.5154346685340152,1.494345918240258,12
1785530620.8973217,16139,1.5154278725500867,1.4923026136195758,12
1785530620.9054666,16141,1.5149847838793893,1.4923048186635854,12
1785530620.9169059,16142,1.5148964030363667,1.492214049226358,12
1785530620.943078,16143,1.5149052625141386,1.493444845822769,12
1785530620.9472404,16149,1.5070882884989707,1.4856279294979304,12
1785530620.9481685,16150,1.5048010488742083,1.4856126749405143,12
1785530620.9481988,16151,1.5048014965149303,1.484992957948754,12
1785530620.9483209,16152,1.5047924338956677,1.4840221759911112,12
1785530620.9507167,16153,1.5095017864952318,1.4840277572880702,12
1785530620.9508553,16154,1.5035636509556989,1.4780889600481009,12
1785530620.9719367,16158,1.4979549474279588,1.4780697199880992,12
1785530620.9966004,16159,1.4976029227054197,1.4784216813426592,12
1785530621.0145502,16160,1.497599595260141,1.480011462075906,12
1785530621.0195446,16164,1.4976319765268913,1.4830193627667754,12
1785530621.0195446,16165,1.4885656451548743,1.4829480111475568,12
1785530621.0195446,16166,1.4923036946636168,1.4866866866999686,12
1785530621.0203848,16167,1.4923232637146295,1.488459256713035,12
1785530621.0204184,16169,1.4899460166807252,1.488451862564302,12
1785530621.0206053,16171,1.4879246040446072,1.4904731893119387,12
1785530621.0300167,16177,1.4943087893832605,1.4905218263490072,12
1785530621.030147,16178,1.4983006955967586,1.4945137054981925,12
1785530621.0303655,16179,1.4983152992652444,1.4978744400009256,12
1785530621.041334,16182,1.5012341820912138,1.4978805705082194,12
1785530621.0637488,16186,1.5007925596756164,1.4978803884422671,12
1785530621.0987778,16188,1.4967245906534785,1.5128001508460884,11
1785530621.0988774,16189,1.4992935814590067,1.5124272953329585,11
1785530621.0994713,16190,1.4971786419783986,1.5103122104825182,11
1785530621.0995786,16191,1.497302106234482,1.509485279591084,11
1785530621.0996277,16193,1.5003042633494523,1.509047295900034,11
1785530621.0996554,16196,1.5021302338996816,1.4965514426657558,11
1785530621.099687,16195,1.5061664594628204,1.4925148823010919,11
1785530621.0997534,16197,1.505199690842027,1.4915476770507232,11
1785530621.0997767,16199,1.5047469249212502,1.4945491435083769,11
1785530621.0998187,16200,1.506362121461574,1.4832217536947925,11
1785530621.1070728,16202,1.5026549761508181,1.4795141178130995,11
1785530621.1084924,16203,1.502782268316771,1.4785873703953303,11
1785530621.1118147,16204,1.5019668582789076,1.4794028978423903,12
1785530621.1259768,16205,1.4993336006786393,1.4794063467320628,12
1785530621.1260796,16208,1.499275470518347,1.4914247734528745,12
1785530621.1261263,16207,1.4987462220580443,1.4919540825201423,12
1785530621.1320143,16209,1.5020232165022633,1.4952311259379076,12
1785530621.1320493,16211,1.5020234795873162,1.4934621761398559,12
1785530621.1379256,16212,1.502033307685531,1.4992035456053825,12
1785530621.1782389,16213,1.4967286017052617,1.4992002653499168,12
1785530621.178296,16214,1.5000917056553094,1.5025633762554882,12
1785530621.1783214,16216,1.497884874795046,1.5047702275627979,12
1785530621.1783755,16215,1.497884564444499,1.5053893870696273,12
1785530621.1783917,16217,1.4995669504146578,1.50539098325332,12
1785530621.1785235,16219,1.4978021207550376,1.5071558396340408,12
1785530621.178645,16220,1.4978000676322514,1.5066258972534314,12
1785530621.1788042,16224,1.49780031601721,1.504856832498767,12
1785530621.1818895,16225,1.5062718364722798,1.5048565292520757,12
1785530621.1895227,16227,1.5062741510741895,1.5037098861813571,12
1785530621.2076209,16229,1.507247630289459,1.5037118538791734,12
1785530621.2330751,16231,1.5137888761813556,1.4971708487897322,12
1785530621.2334738,16236,1.5137854693282409,1.4950593384907915,12
1785530621.23714,16237,1.513254253885213,1.4950613243907402,12
1785530621.237326,16238,1.5122811355283776,1.4940882497156436,12
1785530621.2542915,16242,1.5186578894442977,1.494054127790002,12
1785530621.2543836,16243,1.5096303857662279,1.5030810466912015,12
1785530621.2545693,16244,1.509630550552751,1.503258403531944,12
1785530621.2626996,16249,1.507069823693483,1.5032676357446977,12
1785530621.3188777,16251,1.5068687529739728,1.5029144446678813,11
1785530621.3200011,16253,1.5060597560017455,1.5029131529659319,11
1785530621.3200643,16256,1.5060664378433641,1.4976877527809693,11
1785530621.3201249,16258,1.5042494646154245,1.4976893891978167,12
1785530621.3202095,16257,1.4991380361436875,1.492577941168014,12
1785530621.320229,16259,1.4991168894875715,1.4990284266797502,12
1785530621.3202634,16264,1.5048666720484343,1.4932786274516332,12
1785530621.3202822,16265,1.5018682301831996,1.4932791150275697,12
1785530621.320314,16268,1.5018773255099447,1.4913333316813406,12
1785530621.3219142,16266,1.4992180451923358,1.4913391277518528,12
1785530621.324833,16267,1.4948802453865981,1.495676969306381,12
1785530621.3473117,16269,1.4978807375783447,1.4986774776064231,12
1785530621.3699644,16271,1.4979127723925785,1.491434718130039,12
1785530621.3700519,16277,1.5022313924437605,1.4914206484801587,12
1785530621.3700714,16278,1.5006358966212037,1.4914250218345682,12
1785530621.3723955,16279,1.5098462358400155,1.4822142270759815,12
1785530621.3821585,16285,1.5103797308023605,1.4822113195235733,12
1785530621.411671,16286,1.5125847109738972,1.4844164051119042,12
1785530621.4117348,16288,1.5114332526806906,1.485567915011469,12
1785530621.4118464,16287,1.5114386775899638,1.4895301874165003,12
1785530621.4119828,16291,1.5090438945439333,1.4919250039504715,12
1785530621.4121222,16293,1.5068418583651246,1.4897230110027984,12
1785530621.414106,16295,1.5068688160376915,1.486356460368777,12
1785530621.4176657,16296,1.5068527978911417,1.4793894785810615,12
1785530621.4224386,16297,1.5032932032078277,1.4794013798243162,12
1785530621.4269261,16298,1.5074427183986534,1.4835513345078306,12
1785530621.4288073,16300,1.5017798148850399,1.489214557785913,12
1785530621.4694579,16301,1.4955269241922657,1.489230952955924,12
1785530621.4716299,16304,1.4955134352049246,1.4914374141357205,12
1785530621.471662,16302,1.4958679944955358,1.4914379534123072,12
1785530621.4716854,16303,1.4907281067959937,1.4965769057537601,12
1785530621.47178,16306,1.4898451771728187,1.496582231116399,12
1785530621.471805,16307,1.4898447642858337,1.4969345824036704,12
1785530621.4718492,16310,1.485789186063735,1.4928801505964289,12
1785530621.471888,16311,1.4857895700813846,1.4930577287398243,12
1785530621.4842384,16312,1.4927031133985276,1.486143697904086,12
1785530621.4842384,16313,1.4972780244805768,1.486126426780951,12
1785530621.4842997,16314,1.49985306147255,1.4861231970249555,12
1785530621.4844482,16315,1.5058760260332156,1.4800996882328803,12
1785530621.5053406,16318,1.5091245395585149,1.4801027827269282,12
1785530621.5197928,16322,1.5132745303667778,1.4842530361662367,12
1785530621.554214,16324,1.509470045968964,1.4880576084958546,12
1785530621.5542428,16323,1.5094432031386178,1.4825065851265038,12
1785530621.5542824,16328,1.509436829253727,1.4839252812676713,12
1785530621.5542982,16326,1.508814816706806,1.4839262831271698,12
1785530621.5557702,16327,1.505637717061745,1.4871035484151758,12
1785530621.5558565,16330,1.5024694841491373,1.4870962135812933,12
1785530621.555885,16331,1.502460075843851,1.4905462423956382,12
1785530621.5559337,16333,1.5022827444890443,1.4905463948781283,12
1785530621.5559783,16335,1.5022948024862293,1.49381402401628,12
1785530621.5560968,16337,1.4964732407192005,1.493817802927112,12
1785530621.5820093,16338,1.496296088810383,1.4938175959586544,12
1785530621.6009185,16340,1.4962896627706852,1.4962896620729877,12
1785530621.6011968,16345,1.494431209146263,1.4962872135315886,12
1785530621.601306,16344,1.4944305351290232,1.5007148069237146,12
1785530621.6103654,16350,1.4909841816081166,1.5007092222195895,12
1785530621.6149006,16352,1.4943765994712919,1.5065669580193353,11
1785530621.6186876,16356,1.4944495468163146,1.5070834435050993,11
1785530621.6529748,16357,1.5099669329134586,1.509257174872346,11
1785530621.6536806,16358,1.50492687729708,1.5042169208687528,11
1785530621.6537385,16359,1.5035426117111197,1.494339407443904,11
1785530621.6551054,16363,1.507082238721201,1.4907997174138814,11
1785530621.6553984,16364,1.5052299931670552,1.4769778671408078,11
1785530621.6650877,16369,1.490692234704491,1.4749418776723264,11
1785530621.671002,16371,1.4915037959610062,1.4804261387504107,11
1785530621.705254,16373,1.5005149399286994,1.4816884650083704,11
1785530621.7080646,16374,1.503729957193794,1.4821440441853713,11
1785530621.7080646,16376,1.5048900503657743,1.4905044058932566,11
1785530621.7081168,16375,1.5013599019189847,1.494034657962724,11
1785530621.7081933,16378,1.5016686561984351,1.4940789130931929,11
1785530621.7082183,16379,1.5023842724850538,1.499035540886245,11
1785530621.708844,16382,1.4969414470045532,1.4935927292571558,11
1785530621.7099664,16383,1.49649359865789,1.4905943099067662,11
1785530621.7146196,16384,1.4988708186334099,1.488216904659542,11
1785530621.715219,16385,1.4998993393505506,1.4883682934834144,11
1785530621.722985,16387,1.5032440371072424,1.4850234155164261,11
1785530621.7559085,16389,1.5048942206360005,1.4866735840970258,12
1785530621.7559085,16390,1.5063021575537563,1.4866824672941021,12
1785530621.7560973,16391,1.5063038010032466,1.4841137890032114,12
1785530621.7690966,16393,1.508436270621664,1.4841159121063638,12
1785530621.7692366,16394,1.5115394547274719,1.487219184971826,12
1785530621.7692704,16396,1.51268494435116,1.4860737421915833,12
1785530621.769291,16395,1.5127151407809394,1.4910025619380431,12
1785530621.7693503,16397,1.5082208327662052,1.490983722763997,12
1785530621.7701504,16398,1.5035222254018383,1.4909895551407875,12
1785530621.7703366,16399,1.5007862528770168,1.4937255665629467,12
1785530621.7775986,16404,1.5007915115679207,1.502650441699285,12
1785530621.7851915,16405,1.5000850301447177,1.502651543736968,12
1785530621.78561,16406,1.5040574397656394,1.5066239772860384,12
1785530621.8069863,16407,1.504044929079605,1.5094486224379067,12
1785530621.834708,16412,1.5040526522798336,1.513077500622013,12
1785530621.8385262,16410,1.5103007759969784,1.5130495029332347,12
1785530621.8391786,16411,1.5140248129991518,1.5093255545574968,12
1785530621.8392637,16415,1.5140289492230863,1.5058623824965656,12
1785530621.839312,16416,1.514051498796223,1.492314582593562,12
1785530621.839335,16417,1.5172417404944947,1.4922973627967353,12
1785530621.8393853,16418,1.5164467914718975,1.491502469761717,12
1785530621.839404,16419,1.5164295398596392,1.4868436736536117,12
1785530621.839453,16421,1.511853496880669,1.4868215870773478,12
1785530621.8504364,16422,1.5059943553670092,1.486837329088757,12
1785530621.8554435,16423,1.4946944604777983,1.4981374280190114,12
1785530621.8813753,16428,1.494679899804887,1.5080544163106426,12
1785530621.9000974,16429,1.4863936488202092,1.5080339006296732,12
1785530621.9002252,16430,1.4817940303872261,1.5034346235917222,12
1785530621.9002886,16431,1.481787283019529,1.507347115385814,12
1785530621.9002886,16432,1.4784264741984054,1.5107075736689406,12
1785530621.9020214,16433,1.4879178860412108,1.5106641863557728,12
1785530621.902129,16434,1.492938176049326,1.5106889354352573,12
1785530621.9021611,16435,1.5094525571780657,1.4941745330354392,12
1785530621.9022484,16439,1.50945184716427,1.4951498443593236,12
1785530621.917744,16442,1.509451847160835,1.4951498457249959,12
1785530621.9440043,16440,1.5094436339854684,1.492859001756149,12
1785530621.9628751,16449,1.511898116264361,1.493665891243066,11
1785530621.962905,16450,1.5150919632054318,1.493690065485843,12
1785530621.9629252,16451,1.5150918200167955,1.493778895926238,12
1785530621.963003,16453,1.5228868283010262,1.4937478844418355,12
1785530621.9630854,16454,1.5220904435337714,1.4929516141880732,12
1785530621.9631214,16455,1.5220636408077655,1.487775400663533,12
1785530621.9631622,16457,1.520479025327895,1.487760023134657,12
1785530621.9701145,16459,1.5102487085170802,1.4979896990784016,12
1785530621.9904325,16465,1.508302804831097,1.4979908188761248,12
1785530622.005971,16466,1.5063526594924024,1.4960407185251987,12
1785530622.0093892,16468,1.5054712888383273,1.4969220506138046,12
1785530622.0098596,16471,1.5039729753077375,1.4984203557046374,12
1785530622.0099034,16473,1.5029979090133077,1.497445316441637,12
1785530622.0159378,16475,1.5030001719374966,1.49841854851477,12
1785530622.0178096,16476,1.5030026268238867,1.4991249582326873,12
1785530622.0463405,16478,1.5054769286745373,1.4982938493385975,11
1785530622.0469973,16480,1.5061826389175739,1.4974866885626044,11
1785530622.1004453,16479,1.5061866916185087,1.4996048706189449,11
1785530622.100513,16484,1.5061858676209745,1.498591628232908,12
1785530622.1007135,16483,1.5082168864976497,1.4965606395874282,12
1785530622.100817,16485,1.5081284986036023,1.496472249693275,12
1785530622.1008441,16487,1.5081297248680203,1.4947882510702808,12
1785530622.1012394,16488,1.508130762348066,1.4953171403099343,12
1785530622.1012795,16490,1.5114902930411296,1.4986765733438743,12
1785530622.1013336,16492,1.5086624012858485,1.5015043696791606,12
1785530622.1013556,16491,1.5086584845244304,1.5045008649289187,12
1785530622.1013727,16496,1.5086715019121488,1.5098194621086412,12
1785530622.1014144,16495,1.5026669307900837,1.5158243027847207,12
1785530622.1014526,16497,1.5066479597658153,1.5198057353222916,12
1785530622.101471,16499,1.5066638673869157,1.5217547373594424,12
1785530622.1014888,16500,1.5066410187504804,1.5251063106216842,12
1785530622.136088,16502,1.5061827680537623,1.5260814523147959,11
1785530622.136088,16503,1.5061854823460306,1.5258168055375325,11
1785530622.136088,16504,1.5028637342413904,1.528730943961221,11
1785530622.1361628,16508,1.502828123444339,1.5254570629169715,11
1785530622.136297,16506,1.5046713349382572,1.5254543282673854,12
1785530622.1363807,16507,1.5146643110397127,1.5154602706439746,12
1785530622.1383643,16511,1.5147038132330066,1.52150022528884,12
1785530622.1446073,16512,1.5147284143118038,1.51393618620212,12
1785530622.1449358,16514,1.5167693995649787,1.5159770317710584,12
1785530622.1620598,16516,1.5195867465550175,1.5131598610270653,12
1785530622.1621325,16515,1.5195647540671484,1.5043794017801384,12
1785530622.1692295,16519,1.5247305161976428,1.4983988302564335,10
1785530622.1919827,16520,1.5310502124293324,1.4914432699064484,9
1785530622.214323,16525,1.522906143661024,1.491446357890168,10
1785530622.2144632,16527,1.5229687896500215,1.4978492391928102,10
1785530622.2208714,16528,1.5200354066454822,1.5000464184996216,10
1785530622.2210102,16529,1.5189913710336753,1.5000374057184267,11
1785530622.221116,16536,1.5189967026934934,1.505745980089084,11
1785530622.2561328,16541,1.5196043265854215,1.505749954393882,11
1785530622.2656176,16545,1.5147495498553114,1.501503359824834,11
1785530622.2657688,16546,1.5121080682622958,1.5014925771664054,12
1785530622.2686968,16540,1.510515717545398,1.5030848609484397,12
1785530622.2698915,16548,1.5105168655074301,1.502380245463609,12
1785530622.2699578,16549,1.511488387783438,1.502375941158244,12
1785530622.270033,16550,1.5056600109760598,1.4965477059296308,12
1785530622.2783318,16553,1.5020402663667312,1.4965485265518972,12
1785530622.2797875,16551,1.5020407114079393,1.4942519893108412,12
1785530622.3168738,16559,1.5020644739798072,1.4893872391498646,12
1785530622.3223934,16562,1.505589488543503,1.4929122854766013,12
1785530622.3224723,16564,1.512681353462495,1.4858204127458763,12
1785530622.3224998,16563,1.5126788795390242,1.4846761626546898,12
1785530622.3225417,16568,1.512692657965133,1.4829896251993588,12
1785530622.3225596,16566,1.5078038546518306,1.4830173819874901,12
1785530622.3293347,16567,1.4979780718541262,1.4928436025544527,12
1785530622.3360548,16571,1.497983833750409,1.4915186755424785,12
1785530622.337748,16572,1.4979576248636002,1.4838235076443331,12
1785530622.34489,16574,1.4950392967556525,1.480904886378831,12
1785530622.3868122,16576,1.497335946169729,1.4786079323756185,12
1785530622.3868968,16577,1.494878900186821,1.478610776700915,12
1785530622.3874505,16579,1.4906352895348116,1.482854838045455,12
1785530622.387522,16578,1.488679691743179,1.4828480773857713,12
1785530622.3875628,16580,1.4886591388743569,1.4890999555495128,12
1785530622.38758,16584,1.4886594571013907,1.4891887166980193,12
1785530622.3876164,16585,1.5009009936689293,1.489215119503388,12
1785530622.3904345,16587,1.5008975185167344,1.4878013057496806,12
1785530622.3943567,16589,1.5077636347690186,1.487811579154994,12
1785530622.419105,16591,1.5071456822535703,1.4884295590901013,12
1785530622.4505517,16592,1.5071404192471936,1.4923279013019113,12
1785530622.4559608,16596,1.5071582762246805,1.4979713009313838,12
1785530622.4563494,16597,1.500259354738377,1.4979678161634915,12
1785530622.4564455,16600,1.5025507520333072,1.4956763552439403,12
1785530622.4564729,16599,1.5025622318311143,1.5049492199541485,12
1785530622.4565942,16601,1.4964534076347709,1.5049576852720163,12
1785530622.4566512,16602,1.5015713871032748,1.5049435481834539,12
1785530622.4566512,16604,1.5015867928705153,1.5007871510371478,12
1785530622.4566777,16603,1.5117167175347495,1.4906571964387616,12
1785530622.4567115,16605,1.5111015586405774,1.490041471749965,12
1785530622.457016,16606,1.5111015411416102,1.4900414542207243,12
1785530622.4691207,16608,1.5110904491778536,1.4935637954340897,12
1785530622.4692128,16609,1.511710518871286,1.4935575074408387,12
1785530622.4696617,16610,1.5123251350798192,1.4941720735450892,12
1785530622.4698145,16611,1.5123378929204925,1.49056316255217,12
1785530622.4961069,16616,1.5123263417562147,1.4919830869124577,12
1785530622.5285707,16614,1.513567133521202,1.491971319240671,12
1785530622.5751007,16615,1.509749336944176,1.495288471649322,11
1785530622.5761995,16617,1.5092223985206092,1.4946854903731464,11
1785530622.5762815,16618,1.513810453557065,1.494678987482185,11
1785530622.5763733,16620,1.5138166730462776,1.48692657554841,11
1785530622.576428,16622,1.5148741859252857,1.4881372044772128,11
1785530622.576457,16623,1.5148602031217062,1.4822991272714359,11
1785530622.576457,16624,1.5122049545990923,1.4853371657367749,11
1785530622.5765126,16628,1.5122178261951407,1.4832046788916984,11
1785530622.5765316,16627,1.5174450931315104,1.4772236695677508,11
1785530622.576551,16629,1.5159466503552446,1.4755076762850736,11
1785530622.5766144,16631,1.5159432052085458,1.4759360657049059,12
1785530622.5766358,16632,1.5159466604607148,1.476551525321829,12
1785530622.5766747,16636,1.5105469648559613,1.4819516810886408,12
1785530622.5766947,16637,1.5164332161729157,1.481975072560329,12
1785530622.5767322,16639,1.5045939846842051,1.4938144470846928,12
1785530622.5767703,16638,1.5044168425996305,1.493814718065443,12
1785530622.5768075,16640,1.5044159896036924,1.4981520321473263,12
1785530622.5853305,16645,1.5098994884684442,1.4981441663177046,12
1785530622.5877507,16646,1.5154682402978665,1.5037126211219194,12
1785530622.6154428,16647,1.5154454204289822,1.5103073822496689,12
1785530622.6470425,16648,1.5139394374261577,1.5118133501022462,12
1785530622.647256,16654,1.5110998979523482,1.5118092231866993,12
1785530622.647301,16656,1.511043215840815,1.5179737517305822,12
1785530622.6473837,16657,1.4977771359512746,1.5180331712168076,12
1785530622.64745,16658,1.488856438847622,1.5091120655253418,12
1785530622.6474843,16660,1.4919522469293816,1.5060162841199105,12
1785530622.6475666,16659,1.491956126586178,1.4996353240640299,12
1785530622.6475894,16664,1.491957338965087,1.5004286653422245,12
1785530622.647615,16663,1.4976931413625458,1.4946929050916564,12
1785530622.6486225,16665,1.501588650339518,1.4985883973992535,12
1785530622.6523964,16666,1.5002634589411954,1.4985861045492603,12
1785530622.6528864,16667,1.5002653168548996,1.5000888373429426,12
1785530622.6592703,16668,1.5002672427651553,1.5033589233725153,12
1785530622.662165,16669,1.5030924994870902,1.5033577517147532,12
1785530622.6729739,16670,1.5053898361816027,1.5056550898860337,12
1785530622.67314,16671,1.5053671374326927,1.5112136165703942,12
1785530622.6779952,16676,1.505365749428164,1.5099739872030622,12
1785530622.6818373,16675,1.5113032528697692,1.5040365161620814,12
1785530622.6882577,16677,1.5089229804014233,1.5016562383250338,12
1785530622.6906023,16678,1.5190051586535944,1.5016938347166264,12
1785530622.6937623,16679,1.5190042459786686,1.4985808328493266,12
1785530622.7103226,16680,1.518968099849657,1.4885688912283592,12
1785530622.7322335,16681,1.5155078145934566,1.488575680696607,12
1785530622.7326233,16682,1.5187922866054384,1.4918599984440681,12
1785530622.732667,16684,1.5167680339079106,1.4938841909717613,12
1785530622.7329235,16683,1.5167400364478476,1.4901927551883738,12
1785530622.7329707,16685,1.5156827820037555,1.4901812501894138,12
1785530622.733024,16686,1.5180770717094858,1.49017927607404,12
1785530622.7364733,16687,1.5165810460450737,1.4916752382252647,12
1785530622.736608,16689,1.5228843575566298,1.497977844063125,12
1785530622.7366347,16690,1.510871144953604,1.4978822438907564,12
1785530622.7366538,16691,1.5109356457243825,1.5124302261601414,12
1785530622.738028,16692,1.5109295534139502,1.51833108225652,12
1785530622.7420857,16693,1.5137405898790317,1.5183269190260091,12
1785530622.7450016,16694,1.516486430372144,1.5210728918533014,12
1785530622.7601957,16697,1.5124811693764815,1.5210477971655616,12
1785530622.7603781,16695,1.5124472758408019,1.5254491338419982,12
1785530622.7719398,16696,1.5124472757855296,1.5254491354071922,12
1785530622.772084,16702,1.5186865557056866,1.525483355701783,12
1785530622.8071592,16705,1.523068299708166,1.5254551826511844,12
1785530622.8228183,16706,1.515291107214021,1.5176777380688629,12
1785530622.8270316,16708,1.5211251938959065,1.5118438724065177,12
1785530622.8275151,16712,1.5211309398049437,1.513178970569303,12
1785530622.827577,16707,1.5211386217751361,1.510809426140904,12
1785530622.8276608,16711,1.5183134384839854,1.5136343798396665,12
1785530622.8277395,16714,1.5173367174014776,1.513627607860903,12
1785530622.8283591,16715,1.5173233860877309,1.5002934747012477,12
1785530622.835933,16713,1.5122144478403816,1.4951847406117709,12
1785530622.8360217,16721,1.517950569374216,1.49519925171207,12
1785530622.8425496,16724,1.5179951251904227,1.4873748050193578,12
1785530622.8427196,16723,1.5227875802872821,1.4825825213461443,12
1785530622.8490138,16726,1.5194484584297794,1.4825741290191405,12
1785530622.8528268,16727,1.5194207146479644,1.4853319392837332,12
1785530622.8885076,16728,1.5194181827313011,1.4834001129798124,12
1785530622.889098,16729,1.516396278938148,1.483427427894811,12
1785530622.8891656,16730,1.5161310764293008,1.4831622466591932,12
1785530622.8892007,16731,1.5161201738571821,1.480261814720705,12
1785530622.8897593,16733,1.5105886437630547,1.4802512819280205,12
1785530622.8898637,16736,1.5105478533608887,1.4850413102333968,12
1785530622.8898838,16735,1.5054113092413086,1.490178026897484,12
1785530622.889922,16737,1.5055880655445002,1.490354828216427,12
1785530622.8970494,16739,1.5055702832503304,1.49522491366949,12
1785530622.9008112,16740,1.5055670871013673,1.4934604287380153,12
1785530622.9017084,16741,1.507427289783182,1.4934562433048548,12
1785530622.9100094,16742,1.5116682889709678,1.4976971409939492,12
1785530622.910629,16743,1.5116682689483423,1.4988416950454737,12
1785530622.910629,16744,1.5119334391369414,1.4985765374949882,12
1785530622.9181056,16748,1.5119362835191992,1.503900598121431,12
1785530622.9220145,16747,1.5103467854503814,1.5054900470374366,12
1785530622.927106,16749,1.5061884945234874,1.5013318376382607,12
1785530622.9327078,16751,1.5061882401191724,1.4972576079855928,12
1785530622.9400258,16752,1.5025204267873242,1.4961139923335265,11
1785530622.941951,16753,1.500193208294034,1.4961112949776694,11
1785530622.9588811,16754,1.4998900428436406,1.4958461316894942,11
1785530622.9895508,16757,1.4998894303111012,1.4958455228827547,11
1785530622.9896417,16755,1.4998709260515946,1.4923098181793195,11
1785530622.9896903,16762,1.5029966293214572,1.4923220970719207,11
1785530622.989743,16763,1.50300127514796,1.494357042841471,11
1785530622.9898987,16766,1.49914205376061,1.4909803148432967,11
1785530622.989951,16767,1.4991618343142457,1.4934558641635394,11
1785530622.997319,16768,1.4997658941015986,1.492927995504866,11
1785530622.9974859,16769,1.503698827355744,1.4929472104110277,11
1785530623.0047655,16770,1.5077527678002716,1.4929568500135744,12
1785530623.0048466,16771,1.5098664697972524,1.4908432092318178,12
1785530623.0125813,16775,1.5098873305636369,1.4819751578776346,12
1785530623.0210252,16776,1.509912075600694,1.4868205834311352,12
1785530623.0738423,16778,1.513532638946866,1.490441141398853,12
1785530623.0739033,16780,1.5134442551646454,1.490529529122908,12
1785530623.0739262,16779,1.513443044428159,1.4901776501281088,12
1785530623.0739985,16784,1.5134679011244485,1.4857384235661104,12
1785530623.074032,16782,1.5076954236018352,1.4857662822178788,12
1785530623.0740526,16783,1.5043354337485697,1.4891264070621615,12
1785530623.0741277,16786,1.502309908809214,1.4891256534260766,12
1785530623.0741603,16787,1.5022933772135367,1.4967329270902443,12
1785530623.0742545,16790,1.5078699055248677,1.5023094237778543,12
1785530623.0757234,16791,1.5078685189959127,1.5055711995384073,12
1785530623.076552,16792,1.504864338081501,1.508575390350138,12
1785530623.0766606,16793,1.5040665757469787,1.5085740405421837,12
1785530623.0906942,16797,1.507160345356163,1.511667883295116,12
1785530623.0912852,16798,1.5034336733366196,1.5116633817510319,12
1785530623.1161146,16799,1.5034393500619336,1.5017526586978698,12
1785530623.1354907,16800,1.5034475368264142,1.4998984344458273,12
1785530623.1356606,16802,1.5028311870426792,1.4992820593396734,12
1785530623.13571,16808,1.5029069938741855,1.4891077227641512,12
1785530623.1357372,16806,1.5008667113162453,1.489122494191408,12
1785530623.1358173,16809,1.4983201943805327,1.4865759398612224,12
1785530623.1358483,16811,1.4982417892175852,1.4969117480410943,12
1785530623.156027,16813,1.4929330222375938,1.4969158013718127,12
1785530623.1561072,16814,1.4859596821683274,1.4899426292190798,12
1785530623.1912944,16818,1.4966902415287842,1.4899398752613076,12
1785530623.2046032,16819,1.5021084190372522,1.484521661389847,12
1785530623.2050643,16820,1.5020477159120826,1.4929245972195584,12
1785530623.2051702,16825,1.510375834096598,1.4928786005327637,12
1785530623.205225,16826,1.5047465781519778,1.4872490700342456,12
1785530623.2052495,16828,1.5056345839990977,1.4863607554048945,12
1785530623.2052734,16832,1.5056793614952808,1.4821984136109971,12
1785530623.2053225,16831,1.5003432206403193,1.4875347844385491,12
1785530623.2089663,16833,1.5009578530757957,1.4881498638888127,12
1785530623.2163522,16834,1.5082649824344532,1.4881245916737114,12
1785530623.2166097,16835,1.5082759294623278,1.4867950719553589,12
1785530623.2185817,16836,1.5082546010169005,1.4791262409864645,12
1785530623.2220871,16837,1.5028257653197399,1.4791402064455403,12
1785530623.251533,16838,1.5083063967127592,1.4846213810604139,12
1785530623.2522783,16841,1.5021511732490538,1.4846160543072895,12
1785530623.2523863,16842,1.4936226841848121,1.4846146928444126,12
1785530623.2524445,16843,1.494505775937685,1.4837315312583346,12
1785530623.2525096,16845,1.5015828389498398,1.4908089659020376,12
1785530623.2542315,16847,1.5015850267506037,1.489924610049255,12
1785530623.2578857,16848,1.5015966747234635,1.4954018183171034,12
1785530623.2622712,16849,1.503367148582036,1.495397658485737,12
1785530623.2656524,16850,1.505925751465146,1.4979562464888843,12
1785530623.2747715,16851,1.505926269570947,1.4974269756698473,12
1785530623.3031178,16856,1.5059235327341094,1.498755412922745,12
1785530623.3040671,16855,1.5055695511060991,1.499109392723623,12
1785530623.3042898,16857,1.504951575551438,1.4984914236085154,12
1785530623.304349,16859,1.5049514860507065,1.4986684905078522,12
1785530623.30447,16861,1.5049512827132556,1.4986684906135201,12
1785530623.305213,16862,1.502479242301595,1.4961964563947046,12
1785530623.3181386,16865,1.5034502766145539,1.496196459215877,12
1785530623.3248684,16863,1.5034503519312339,1.4973441842002289,12
1785530623.3522694,16870,1.4969154338072528,1.497358804019441,12
1785530623.3524363,16871,1.4969021874419575,1.504952387607495,12
1785530623.3525326,16872,1.496905790924937,1.5030058387612935,12
1785530623.352639,16874,1.4956686039957923,1.5017686550845977,12
1785530623.3527083,16876,1.493370037296291,1.5040672051890718,12
1785530623.352743,16875,1.4933610635686094,1.5074333855261954,12
1785530623.3794105,16878,1.496711463633098,1.5074326723121683,12
1785530623.3931882,16879,1.4987493645642285,1.5053947669928103,12
1785530623.3933184,16880,1.4987541257501669,1.5102541300616414,12
1785530623.3953438,16884,1.4987638550543372,1.507247645386359,12
1785530623.3953834,16885,1.5023789900612665,1.5072454056099522,12
1785530623.3954058,16886,1.506528856767057,1.5113953611759527,12
1785530623.3954601,16887,1.5065464718904724,1.504427888792953,12
1785530623.3954988,16889,1.515841208437617,1.5044887737768697,12
1785530623.4085004,16891,1.5127612006523918,1.5075687885002034,12
1785530623.4415565,16892,1.512754748374309,1.506592448854392,12
1785530623.4424284,16901,1.5098314443551897,1.506571061706879,12
1785530623.4425287,16899,1.5098285611912459,1.511064066153273,12
1785530623.4550805,16906,1.508586563984083,1.5110586018458012,12
1785530623.5143805,16910,1.4956950989483728,1.4981670669489673,11
1785530623.5147479,16917,1.4982330602336142,1.5007050205547154,12
1785530623.51524,16918,1.5001780624518175,1.5007074320670961,12
1785530623.5152888,16922,1.508855858351015,1.509385236142566,12
1785530623.5435624,16923,1.5088457294255833,1.5015420905024004,12
1785530623.5878677,16929,1.5038216092606163,1.4860532675307412,9
1785530623.5892541,16930,1.5127505929680887,1.4846113167050163,9
1785530623.5894473,16932,1.5106816990967509,1.497411380730334,9
1785530623.5895002,16937,1.5065648953723088,1.4980843372649653,9
1785530623.5895243,16935,1.5044138064720227,1.5108045814853708,9
1785530623.5895674,16942,1.4917583139986437,1.5129658207472059,9
1785530623.5895886,16943,1.4925476616018687,1.5082864602373403,10
1785530623.5896094,16944,1.49378046410342,1.5012191889817836,10
1785530623.5911868,16945,1.4910032199398788,1.5016198504834355,10
1785530623.5912635,16946,1.4888355968357367,1.4998147003410554,10
1785530623.591338,16948,1.495069770710344,1.494359209488583,11
1785530623.5967689,16949,1.4932540072285,1.4943681105698527,11
1785530623.6088102,16952,1.4963451770952243,1.487109731115588,10
1785530623.6384056,16951,1.5029507971671097,1.4813333198631524,11
1785530623.6394565,16953,1.509989763856977,1.4874778707199021,11
1785530623.6394818,16954,1.5048538335233355,1.487502163730763,11
1785530623.6394992,16955,1.5049485403705933,1.4813929774466745,11
1785530623.6395397,16956,1.5049324452999444,1.4846572696600235,11
1785530623.6395597,16957,1.503305584185817,1.4846762423119244,11
1785530623.639598,16958,1.5066096696877795,1.4875595807622608,11
1785530623.6396265,16960,1.5009935267668468,1.4924768137129822,11
1785530623.6396487,16959,1.5010138134005857,1.489561513406962,11
1785530623.639687,16961,1.5028275319118996,1.4895467154485853,11
1785530623.6399515,16962,1.4973274228380846,1.4895873686458274,12
1785530623.6433265,16963,1.4918117114829392,1.4951029049176827,12
1785530623.6559467,16966,1.4999300181684667,1.4950505077426373,12
1785530623.6560218,16967,1.4999083460453362,1.5029169096018802,12
1785530623.6666803,16970,1.4909028425650923,1.493911471726373,12
1785530623.6852098,16972,1.4933805261133586,1.4914337720073607,12
1785530623.701574,16971,1.4933761999919677,1.4895735063190054,12
1785530623.7059064,16973,1.4910861013969812,1.489581542882141,12
1785530623.705982,16975,1.480996557515513,1.4996705243083588,12
1785530623.70602,16977,1.4704029045108766,1.4890788767656225,12
1785530623.7060382,16978,1.4730451970715772,1.4890514207069807,12
1785530623.7060554,16979,1.4730725178584543,1.4843217230635275,12
1785530623.706096,16980,1.473046201971033,1.4788819828457451,12
1785530623.7061126,16981,1.4746484417443828,1.4788948471149037,12
1785530623.7061336,16982,1.478269363813322,1.482515548694371,12
1785530623.716934,16983,1.4782863491704155,1.4877679421512862,12
1785530623.7171986,16985,1.4782863495207341,1.4877679742306706,12
1785530623.7522051,16987,1.4874134836543165,1.4786408742814547,12
1785530623.75772,16993,1.4843870903802543,1.478632884177758,12
1785530623.780149,16995,1.4843750175842663,1.4766781502902067,12
1785530623.7959661,16996,1.4763242580424176,1.4847288707909452,12
1785530623.7980125,17004,1.4763318401868153,1.4869558716955082,12
1785530623.7981026,17005,1.4839663351752865,1.4869841455050603,12
1785530623.7983534,17007,1.4839621038482054,1.4836075045744426,12
1785530623.8087776,17010,1.4836066194695499,1.4836056054438809,12
1785530623.837223,17011,1.485449647009085,1.483984617554508,11
1785530623.8377843,17016,1.4854520856884386,1.4857078035892488,11
1785530623.8392324,17017,1.4853632762390054,1.4857073914776462,11
1785530623.8393254,17019,1.4853603142257075,1.4917894706683503,11
1785530623.8482573,17023,1.49015842307106,1.4863160311668682,11
1785530623.865531,17028,1.4901585267746398,1.4863159197306095,11
1785530623.8837073,17029,1.482700063948081,1.4863083227880227,11
1785530623.884216,17031,1.4826803341151646,1.4800196620431485,11
1785530623.8842406,17033,1.4825047354329135,1.4800210063416928,11
1785530623.8842916,17036,1.4825448344964633,1.4753714552565271,12
1785530623.8843098,17035,1.47333445987556,1.4845815491255412,12
1785530623.90725,17038,1.4711578939889292,1.486972439761509,9
1785530623.9244382,17037,1.4815476447160463,1.498819300512675,10
1785530623.9248703,17039,1.4818353140090716,1.5008340560532665,11
1785530623.9250658,17044,1.485546841710615,1.4971228928919595,11
1785530623.9250958,17045,1.4897699143619039,1.497713261856889,11
1785530623.9251502,17046,1.4931777390396892,1.4982133809709615,11
1785530623.9386795,17050,1.4926625525753443,1.4981407273048546,11
1785530623.9707863,17057,1.500705154961483,1.4992947301629165,11
1785530623.9708636,17055,1.5013764033932502,1.5039362701241066,11
1785530623.9709868,17062,1.4992074042835297,1.50362369850603,11
1785530623.9843135,17066,1.4946076150359162,1.499023922183475,12
1785530624.0187192,17069,1.485859831448666,1.4990590041280552,12
1785530624.018872,17073,1.484272269420617,1.4974716017659273,12
1785530624.018872,17074,1.4857736653701243,1.4974611326437668,12
1785530624.020566,17076,1.4857682661269995,1.5003916751663668,12
1785530624.0285273,17078,1.5025170663075509,1.5171407304141873,12
1785530624.0562074,17079,1.5025176908279152,1.517052534394554,12
1785530624.0563097,17086,1.5010957448747921,1.5170558013787583,12
1785530624.0563338,17087,1.501090884634035,1.513607345513771,12
1785530624.0649366,17089,1.497131565920467,1.513620378245485,12
1785530624.068276,17090,1.486732242004999,1.5032210667395323,12
1785530624.068366,17092,1.4902781572515897,1.4996751253474763,12
1785530624.0754235,17093,1.4939901561882112,1.4996567185048266,12
1785530624.0798848,17094,1.4983216760201796,1.4996517375854626,12
1785530624.082793,17095,1.4997403913233704,1.4982330652353864,12
1785530624.1004634,17098,1.4982260186024334,1.5061634582668562,11
1785530624.1168184,17099,1.4982319487002131,1.5090907126248623,11
1785530624.1198933,17102,1.4980550969391622,1.508888636293088,11
1785530624.1199136,17104,1.501148029323897,1.5053538601695322,11
1785530624.1199288,17103,1.5011502848704343,1.5017183017281954,11
1785530624.1202707,17108,1.5011504699054683,1.4977011925126427,12
1785530624.123252,17107,1.5074298579470877,1.4914217795465912,12
1785530624.1392925,17109,1.5095499184807966,1.4935418244107805,12
1785530624.1480906,17113,1.5141561152679348,1.4935174062277297,12
1785530624.167589,17112,1.514156907511827,1.49386928190528,12
1785530624.184769,17114,1.5112457709108993,1.490959041010694,12
1785530624.18635,17118,1.5062810836019842,1.4909805209286622,12
1785530624.2112556,17126,1.51043285703439,1.4951322663353,12
1785530624.227379,17124,1.5104099367314534,1.4882619733927969,12
1785530624.2274687,17125,1.5069493727181,1.4882640096655972,12
1785530624.2274966,17133,1.5055311221453378,1.4868457322005906,12
1785530624.2275207,17134,1.5061471056092322,1.486848746624995,12
1785530624.2275395,17135,1.5061647628443862,1.481268696683322,12
1785530624.2276325,17138,1.5020942738796599,1.4771976378816736,12
1785530624.232403,17140,1.5050072826372483,1.4742840583770525,12
1785530624.2376175,17141,1.5010643319220356,1.4742778934269265,12
1785530624.239254,17142,1.5044515176755897,1.4742724905309876,12
1785530624.2426097,17143,1.5042747697072822,1.4744492816291144,12
1785530624.2775726,17147,1.5042327713555825,1.479672268130124,12
1785530624.277694,17148,1.5042612992738555,1.4847917741163603,12
1785530624.277723,17150,1.5082338709547902,1.4887645334156787,12
1785530624.2777786,17151,1.5082283406753303,1.4870016049574455,12
1785530624.2778022,17152,1.5066363923314223,1.4885936022759254,12
1785530624.277846,17153,1.503818776393793,1.4885917728837748,12
1785530624.3041625,17154,1.4999149731799448,1.4885978458643492,12
1785530624.3215597,17161,1.5088593406565125,1.4912851106184142,11
1785530624.3215916,17162,1.5065687057890573,1.488664179016196,11
1785530624.321638,17164,1.498058827108951,1.4983884513833825,11
1785530624.3216536,17163,1.4980529838163386,1.50091504302819,11
1785530624.3216708,17168,1.4980589968359748,1.498945881998889,12
1785530624.3235235,17166,1.5029220494340885,1.498924791725751,12
1785530624.3267035,17167,1.4991025468642882,1.5027444139463697,12
1785530624.3394253,17172,1.4991122453758934,1.5008877897456512,12
1785530624.3457186,17171,1.499131347839278,1.4972649098374027,12
1785530624.3704257,17177,1.5050479743080871,1.4972418271477825,12
1785530624.3775783,17179,1.508064039946448,1.4942258624527824,12
1785530624.3874564,17180,1.5080511479597507,1.497061846294644,12
1785530624.4176707,17188,1.5118619098656771,1.4932512003261846,12
1785530624.4183125,17192,1.5118684904654447,1.4920088537793643,12
1785530624.4187331,17191,1.5058397081122186,1.4980375171073694,12
1785530624.4227931,17195,1.5058304293036753,1.5017570945065852,12
1785530624.4351265,17201,1.505842629474161,1.5011269333049335,10
1785530624.4619942,17203,1.5101933168495965,1.4974999605336095,10
1785530624.4872866,17207,1.510691662139874,1.5005104101525228,10
1785530624.5577273,17206,1.503062928742657,1.5011773087760185,6
1785530624.5659351,17216,1.5004720344853448,1.4959936884300937,6
1785530624.5659792,17214,1.5056545081164137,1.4985712775262474,7
1785530624.5667317,17218,1.5058313667251344,1.4986598717130128,7
1785530624.5667846,17219,1.4990074134953078,1.4814729701554783,7
1785530624.5668578,17221,1.4986380511511208,1.481286708767143,8
1785530624.5669324,17222,1.5095129333705493,1.495781265578142,9
1785530624.5669901,17228,1.5093518531471724,1.494618056752477,9
1785530624.567017,17226,1.5038369861652765,1.493549221693464,9
1785530624.5670493,17229,1.501690791764849,1.4906887080174291,10
1785530624.5671148,17231,1.5016815496028313,1.4952857958159258,10
1785530624.5681412,17238,1.502212711604243,1.4952852288140714,10
1785530624.6168954,17240,1.5022117901056615,1.4959925109964505,10
1785530624.6186128,17246,1.4931889903897202,1.4818222051853949,9
1785530624.6186936,17250,1.500612475185035,1.4803612648338758,9
1785530624.618754,17253,1.5045218914304397,1.4862214468299257,9
1785530624.6188076,17255,1.5048219700601362,1.4841806455646256,9
1785530624.6356575,17258,1.5132550880284343,1.4905455092223852,8
1785530624.6415405,17262,1.501894965717708,1.492836265286829,8
1785530624.6586263,17265,1.501113876793512,1.4918598907633194,8
1785530624.6789236,17266,1.4984079142794775,1.495490557133551,7
1785530624.6854098,17267,1.4926732275963657,1.5098509774783748,7
1785530624.685719,17269,1.4886154001745768,1.5118760986276965,7
1785530624.685766,17268,1.488536786675944,1.5120699375698867,8
1785530624.6858044,17270,1.4852004566501347,1.5087308733003635,8
1785530624.6858432,17276,1.4834035250647737,1.5132565662377135,8
1785530624.6858609,17274,1.4959920250908993,1.5082513304695397,8
1785530624.7075076,17278,1.5037530689160283,1.505156038801576,8
1785530624.7365832,17277,1.5074028875200136,1.5087954330669482,8
1785530624.73664,17279,1.5112704980903233,1.4990426365351646,8
1785530624.7367082,17284,1.5154581339595063,1.4948593371783692,9
1785530624.7367253,17285,1.5203221587364892,1.494097169514405,10
1785530624.7367632,17286,1.5122422644003994,1.495448627406644,10
1785530624.7367988,17290,1.5084273994297144,1.496046163647443,10
1785530624.7368214,17291,1.5072647776830597,1.5044962202337615,10
1785530624.7400112,17292,1.507528821863465,1.5025752911345946,10
1785530624.7419395,17293,1.5082512841581108,1.5024582591119369,10
1785530624.7464006,17294,1.509814253390949,1.5043287023852976,10
1785530624.7665858,17297,1.5143594324687741,1.5036306007650695,10
1785530624.7966895,17295,1.5141656058837016,1.5050529930884748,11
1785530624.8030512,17296,1.5092591566619713,1.5099593621517018,11
1785530624.8031063,17302,1.506471880875393,1.5103310117413953,11
1785530624.803147,17304,1.506411520947361,1.5107428640818523,11
1785530624.8031673,17305,1.5116488277474311,1.5100081780095294,11
1785530624.8032076,17306,1.5116489595207914,1.5100081243834123,11
1785530624.8032546,17307,1.5110479423207124,1.5142174589351445,11
1785530624.8032546,17308,1.5098740399431179,1.5153914359401632,11
1785530624.8033073,17312,1.5101252153133073,1.5135319878261178,11
1785530624.8033242,17311,1.5099323305569965,1.513724868313911,12
1785530624.8079324,17313,1.5055913640211689,1.5093828607200985,12
1785530624.8220432,17315,1.5055876219863098,1.493354891909791,12
1785530624.8480651,17316,1.5055882106082472,1.4936194306276274,12
1785530624.848128,17318,1.5071737015959292,1.4952057032872408,12
1785530624.8481488,17320,1.5079715714213702,1.4944078695456875,12
1785530624.8481658,17319,1.5079677665261835,1.4965235164119746,12
1785530624.8481886,17324,1.5079596093968717,1.4984732414847777,12
1785530624.8482332,17323,1.513899594474266,1.4925334707898672,12
1785530624.8482745,17325,1.5178653144803782,1.4964987887093133,12
1785530624.8542218,17326,1.5195428395129016,1.4965047105561504,12
1785530624.8543205,17327,1.5195491671951387,1.5090478708520116,12
1785530624.863085,17329,1.5201660460666262,1.5090447453731368,12
1785530624.8657963,17330,1.522910078565312,1.5117884516718714,12
1785530624.8692071,17331,1.5228555681492957,1.494773939704548,12
1785530624.88593,17333,1.514031372439189,1.4946680060550979,12
1785530624.913216,17334,1.5142968568285136,1.4946667701746585,12
1785530624.913249,17335,1.5103358665516253,1.4986286792579688,12
1785530624.9133148,17337,1.505099134438064,1.493392159456083,12
1785530624.9133368,17338,1.505187237396818,1.4933922203530627,12
1785530624.9133544,17339,1.5051850770656454,1.491975935606025,12
1785530624.9133918,17340,1.505177289237317,1.490828831679087,12
1785530624.913411,17341,1.5026062420021222,1.490820479245693,12
1785530624.913443,17342,1.4970991156708637,1.4853131542504954,12
1785530624.9134793,17343,1.4971557371011963,1.493187426095824,12
1785530624.9134793,17344,1.5013002737029317,1.4890428239261484,12
1785530624.9196582,17345,1.5058796310313,1.4890625279256677,12
1785530624.9255857,17346,1.5123555156010635,1.4890611633981972,12
1785530624.9259646,17347,1.5126206934089454,1.4887960078560236,12
1785530624.9523435,17351,1.5126174270283368,1.4911929432380615,12
1785530624.9608953,17352,1.5126123345625075,1.4903127955172062,12
1785530624.960933,17354,1.5190831825473448,1.4967831842296155,12
1785530624.9627984,17357,1.5140502392805488,1.4967454663388502,12
1785530624.9628677,17355,1.5140469812587876,1.4955138600628812,12
1785530624.9710197,17362,1.5188130858854492,1.4955512032370997,12
1785530624.9733562,17356,1.5176676386129768,1.4966965764024964,12
1785530624.9964232,17364,1.5176788569466835,1.5004747176047635,12
1785530624.9964879,17366,1.5131624693069228,1.495958695661639,12
1785530624.9965744,17367,1.51316548533254,1.4970146606260206,12
1785530624.9965744,17368,1.5125476873458454,1.4976324284348899,12
1785530624.9966104,17369,1.5140491576628736,1.4976417378442919,12
1785530625.0056581,17370,1.5029036324972087,1.4976301107914922,12
1785530625.005683,17371,1.505451867942826,1.4950815156088255,12
1785530625.012029,17375,1.505439366396271,1.4890601016952154,12
1785530625.0516453,17376,1.5053689628907458,1.478610949751067,11
1785530625.0525608,17377,1.5024316114993326,1.478598853689035,11
1785530625.0526834,17378,1.5071452775499226,1.483984834624117,11
1785530625.0527244,17379,1.507140186085366,1.483480840667508,11
1785530625.053005,17381,1.5093376780496137,1.4835033929188866,11
1785530625.0530493,17382,1.5198247680929569,1.4835039753728856,11
1785530625.0530684,17383,1.5132219349089011,1.4910656923599421,11
1785530625.0531075,17385,1.5196153756244848,1.498379385125685,11
1785530625.0531244,17386,1.5088375374750098,1.4982899527531504,11
1785530625.05314,17387,1.508841259829972,1.5013318555614226,11
1785530625.0580778,17388,1.5088310587565952,1.5112104521128928,11
1785530625.0623531,17389,1.5037237726777626,1.5112191067557046,11
1785530625.0656147,17390,1.4974396854144907,1.5040379912475834,11
1785530625.0702453,17391,1.4974375420020523,1.5064638381319648,11
1785530625.0702453,17392,1.4992046755687523,1.5044444728609454,11
1785530625.0766985,17393,1.4938050030930299,1.5044557859582102,11
