ISO-10303-21;
HEADER;
/* Generated by software containing ST-Developer
 * from STEP Tools, Inc. (www.steptools.com) 
 */

FILE_DESCRIPTION(
/* description */ ('',
'CAx-IF Rec.Pracs.---Representation and Presentation of Product Manufa
cturing Information (PMI)---4.0---2014-10-13'),
/* implementation_level */ '2;1');

FILE_NAME(
/* name */ 'B39162B3520U410.step',
/* time_stamp */ '2025-02-06T20:44:54+02:00',
/* author */ (''),
/* organization */ (''),
/* preprocessor_version */ 'ST-DEVELOPER v20',
/* originating_system */ 'Autodesk Translation Framework v13.20.0.188',

/* authorisation */ '');

FILE_SCHEMA (('AP242_MANAGED_MODEL_BASED_3D_ENGINEERING_MIM_LF { 1 0 10303 442 1 1 4 }'));
ENDSEC;

DATA;
#10=MECHANICAL_DESIGN_GEOMETRIC_PRESENTATION_REPRESENTATION('',(#17,#18,
#19,#20,#21,#22,#23,#24,#25,#26,#27,#28,#29,#30,#31,#32),#2993);
#11=SHAPE_REPRESENTATION_RELATIONSHIP('SRR','None',#3000,#12);
#12=ADVANCED_BREP_SHAPE_REPRESENTATION('',(#33,#34,#35,#36,#37,#38,#39,
#40),#2992);
#13=TOROIDAL_SURFACE('',#1836,0.15,0.05);
#14=TOROIDAL_SURFACE('',#1842,0.15,0.05);
#15=TOROIDAL_SURFACE('',#1848,0.15,0.05);
#16=TOROIDAL_SURFACE('',#1854,0.15,0.05);
#17=STYLED_ITEM('',(#3010),#33);
#18=STYLED_ITEM('',(#3012),#1699);
#19=STYLED_ITEM('',(#3012),#1700);
#20=STYLED_ITEM('',(#3012),#1701);
#21=STYLED_ITEM('',(#3012),#1702);
#22=STYLED_ITEM('',(#3012),#1705);
#23=STYLED_ITEM('',(#3012),#1706);
#24=STYLED_ITEM('',(#3012),#1707);
#25=STYLED_ITEM('',(#3012),#1708);
#26=STYLED_ITEM('',(#3011),#34);
#27=STYLED_ITEM('',(#3012),#35);
#28=STYLED_ITEM('',(#3012),#36);
#29=STYLED_ITEM('',(#3012),#37);
#30=STYLED_ITEM('',(#3012),#38);
#31=STYLED_ITEM('',(#3012),#39);
#32=STYLED_ITEM('',(#3012),#40);
#33=MANIFOLD_SOLID_BREP('Body1',#1770);
#34=MANIFOLD_SOLID_BREP('Body2',#1771);
#35=MANIFOLD_SOLID_BREP('Body3',#1772);
#36=MANIFOLD_SOLID_BREP('Body4',#1773);
#37=MANIFOLD_SOLID_BREP('Body5',#1774);
#38=MANIFOLD_SOLID_BREP('Body6',#1775);
#39=MANIFOLD_SOLID_BREP('Body7',#1776);
#40=MANIFOLD_SOLID_BREP('Body8',#1777);
#41=PLANE('',#1794);
#42=PLANE('',#1804);
#43=PLANE('',#1807);
#44=PLANE('',#1810);
#45=PLANE('',#1818);
#46=PLANE('',#1820);
#47=PLANE('',#1824);
#48=PLANE('',#1826);
#49=PLANE('',#1828);
#50=PLANE('',#1830);
#51=PLANE('',#1831);
#52=PLANE('',#1832);
#53=PLANE('',#1859);
#54=PLANE('',#1862);
#55=PLANE('',#1863);
#56=PLANE('',#1864);
#57=PLANE('',#1868);
#58=PLANE('',#1870);
#59=PLANE('',#1871);
#60=PLANE('',#1874);
#61=PLANE('',#1877);
#62=PLANE('',#1879);
#63=PLANE('',#1880);
#64=PLANE('',#1882);
#65=PLANE('',#1883);
#66=PLANE('',#1884);
#67=PLANE('',#1885);
#68=PLANE('',#1888);
#69=PLANE('',#1891);
#70=PLANE('',#1892);
#71=PLANE('',#1895);
#72=PLANE('',#1896);
#73=PLANE('',#1897);
#74=PLANE('',#1898);
#75=PLANE('',#1901);
#76=PLANE('',#1904);
#77=PLANE('',#1906);
#78=PLANE('',#1907);
#79=PLANE('',#1909);
#80=PLANE('',#1910);
#81=PLANE('',#1911);
#82=PLANE('',#1914);
#83=PLANE('',#1917);
#84=PLANE('',#1920);
#85=PLANE('',#1921);
#86=PLANE('',#1922);
#87=PLANE('',#1923);
#88=PLANE('',#1924);
#89=PLANE('',#1927);
#90=PLANE('',#1930);
#91=PLANE('',#1932);
#92=PLANE('',#1933);
#93=PLANE('',#1934);
#94=PLANE('',#1935);
#95=PLANE('',#1936);
#96=PLANE('',#1938);
#97=PLANE('',#1941);
#98=PLANE('',#1944);
#99=PLANE('',#1947);
#100=PLANE('',#1950);
#101=PLANE('',#1953);
#102=PLANE('',#1955);
#103=PLANE('',#1956);
#104=PLANE('',#1957);
#105=PLANE('',#1958);
#106=FACE_OUTER_BOUND('',#207,.T.);
#107=FACE_OUTER_BOUND('',#208,.T.);
#108=FACE_OUTER_BOUND('',#209,.T.);
#109=FACE_OUTER_BOUND('',#210,.T.);
#110=FACE_OUTER_BOUND('',#211,.T.);
#111=FACE_OUTER_BOUND('',#212,.T.);
#112=FACE_OUTER_BOUND('',#213,.T.);
#113=FACE_OUTER_BOUND('',#214,.T.);
#114=FACE_OUTER_BOUND('',#215,.T.);
#115=FACE_OUTER_BOUND('',#216,.T.);
#116=FACE_OUTER_BOUND('',#217,.T.);
#117=FACE_OUTER_BOUND('',#218,.T.);
#118=FACE_OUTER_BOUND('',#219,.T.);
#119=FACE_OUTER_BOUND('',#220,.T.);
#120=FACE_OUTER_BOUND('',#221,.T.);
#121=FACE_OUTER_BOUND('',#222,.T.);
#122=FACE_OUTER_BOUND('',#223,.T.);
#123=FACE_OUTER_BOUND('',#224,.T.);
#124=FACE_OUTER_BOUND('',#225,.T.);
#125=FACE_OUTER_BOUND('',#226,.T.);
#126=FACE_OUTER_BOUND('',#227,.T.);
#127=FACE_OUTER_BOUND('',#228,.T.);
#128=FACE_OUTER_BOUND('',#229,.T.);
#129=FACE_OUTER_BOUND('',#230,.T.);
#130=FACE_OUTER_BOUND('',#231,.T.);
#131=FACE_OUTER_BOUND('',#232,.T.);
#132=FACE_OUTER_BOUND('',#233,.T.);
#133=FACE_OUTER_BOUND('',#234,.T.);
#134=FACE_OUTER_BOUND('',#235,.T.);
#135=FACE_OUTER_BOUND('',#236,.T.);
#136=FACE_OUTER_BOUND('',#237,.T.);
#137=FACE_OUTER_BOUND('',#238,.T.);
#138=FACE_OUTER_BOUND('',#239,.T.);
#139=FACE_OUTER_BOUND('',#240,.T.);
#140=FACE_OUTER_BOUND('',#241,.T.);
#141=FACE_OUTER_BOUND('',#242,.T.);
#142=FACE_OUTER_BOUND('',#243,.T.);
#143=FACE_OUTER_BOUND('',#244,.T.);
#144=FACE_OUTER_BOUND('',#245,.T.);
#145=FACE_OUTER_BOUND('',#246,.T.);
#146=FACE_OUTER_BOUND('',#247,.T.);
#147=FACE_OUTER_BOUND('',#248,.T.);
#148=FACE_OUTER_BOUND('',#249,.T.);
#149=FACE_OUTER_BOUND('',#250,.T.);
#150=FACE_OUTER_BOUND('',#251,.T.);
#151=FACE_OUTER_BOUND('',#252,.T.);
#152=FACE_OUTER_BOUND('',#253,.T.);
#153=FACE_OUTER_BOUND('',#254,.T.);
#154=FACE_OUTER_BOUND('',#255,.T.);
#155=FACE_OUTER_BOUND('',#256,.T.);
#156=FACE_OUTER_BOUND('',#257,.T.);
#157=FACE_OUTER_BOUND('',#258,.T.);
#158=FACE_OUTER_BOUND('',#259,.T.);
#159=FACE_OUTER_BOUND('',#260,.T.);
#160=FACE_OUTER_BOUND('',#261,.T.);
#161=FACE_OUTER_BOUND('',#262,.T.);
#162=FACE_OUTER_BOUND('',#263,.T.);
#163=FACE_OUTER_BOUND('',#264,.T.);
#164=FACE_OUTER_BOUND('',#265,.T.);
#165=FACE_OUTER_BOUND('',#266,.T.);
#166=FACE_OUTER_BOUND('',#267,.T.);
#167=FACE_OUTER_BOUND('',#268,.T.);
#168=FACE_OUTER_BOUND('',#269,.T.);
#169=FACE_OUTER_BOUND('',#270,.T.);
#170=FACE_OUTER_BOUND('',#271,.T.);
#171=FACE_OUTER_BOUND('',#272,.T.);
#172=FACE_OUTER_BOUND('',#273,.T.);
#173=FACE_OUTER_BOUND('',#274,.T.);
#174=FACE_OUTER_BOUND('',#275,.T.);
#175=FACE_OUTER_BOUND('',#276,.T.);
#176=FACE_OUTER_BOUND('',#277,.T.);
#177=FACE_OUTER_BOUND('',#278,.T.);
#178=FACE_OUTER_BOUND('',#279,.T.);
#179=FACE_OUTER_BOUND('',#280,.T.);
#180=FACE_OUTER_BOUND('',#281,.T.);
#181=FACE_OUTER_BOUND('',#282,.T.);
#182=FACE_OUTER_BOUND('',#283,.T.);
#183=FACE_OUTER_BOUND('',#284,.T.);
#184=FACE_OUTER_BOUND('',#285,.T.);
#185=FACE_OUTER_BOUND('',#286,.T.);
#186=FACE_OUTER_BOUND('',#287,.T.);
#187=FACE_OUTER_BOUND('',#288,.T.);
#188=FACE_OUTER_BOUND('',#289,.T.);
#189=FACE_OUTER_BOUND('',#290,.T.);
#190=FACE_OUTER_BOUND('',#291,.T.);
#191=FACE_OUTER_BOUND('',#292,.T.);
#192=FACE_OUTER_BOUND('',#293,.T.);
#193=FACE_OUTER_BOUND('',#294,.T.);
#194=FACE_OUTER_BOUND('',#295,.T.);
#195=FACE_OUTER_BOUND('',#296,.T.);
#196=FACE_OUTER_BOUND('',#297,.T.);
#197=FACE_OUTER_BOUND('',#298,.T.);
#198=FACE_OUTER_BOUND('',#299,.T.);
#199=FACE_OUTER_BOUND('',#300,.T.);
#200=FACE_OUTER_BOUND('',#301,.T.);
#201=FACE_OUTER_BOUND('',#302,.T.);
#202=FACE_OUTER_BOUND('',#303,.T.);
#203=FACE_OUTER_BOUND('',#304,.T.);
#204=FACE_OUTER_BOUND('',#305,.T.);
#205=FACE_OUTER_BOUND('',#306,.T.);
#206=FACE_OUTER_BOUND('',#307,.T.);
#207=EDGE_LOOP('',(#1143,#1144,#1145,#1146));
#208=EDGE_LOOP('',(#1147,#1148,#1149,#1150,#1151,#1152,#1153,#1154,#1155,
#1156,#1157,#1158,#1159,#1160,#1161,#1162,#1163,#1164,#1165,#1166));
#209=EDGE_LOOP('',(#1167,#1168,#1169,#1170));
#210=EDGE_LOOP('',(#1171,#1172,#1173,#1174));
#211=EDGE_LOOP('',(#1175,#1176,#1177,#1178));
#212=EDGE_LOOP('',(#1179,#1180,#1181,#1182));
#213=EDGE_LOOP('',(#1183,#1184,#1185,#1186,#1187,#1188,#1189,#1190,#1191,
#1192,#1193,#1194,#1195,#1196,#1197,#1198,#1199,#1200,#1201,#1202));
#214=EDGE_LOOP('',(#1203,#1204,#1205,#1206));
#215=EDGE_LOOP('',(#1207,#1208,#1209,#1210));
#216=EDGE_LOOP('',(#1211,#1212,#1213,#1214));
#217=EDGE_LOOP('',(#1215,#1216,#1217,#1218));
#218=EDGE_LOOP('',(#1219,#1220,#1221,#1222));
#219=EDGE_LOOP('',(#1223,#1224,#1225,#1226));
#220=EDGE_LOOP('',(#1227,#1228,#1229,#1230));
#221=EDGE_LOOP('',(#1231,#1232,#1233,#1234));
#222=EDGE_LOOP('',(#1235,#1236,#1237,#1238));
#223=EDGE_LOOP('',(#1239,#1240,#1241,#1242));
#224=EDGE_LOOP('',(#1243,#1244,#1245,#1246));
#225=EDGE_LOOP('',(#1247,#1248,#1249,#1250));
#226=EDGE_LOOP('',(#1251,#1252,#1253,#1254));
#227=EDGE_LOOP('',(#1255,#1256,#1257,#1258));
#228=EDGE_LOOP('',(#1259,#1260,#1261,#1262));
#229=EDGE_LOOP('',(#1263,#1264,#1265,#1266));
#230=EDGE_LOOP('',(#1267,#1268,#1269,#1270));
#231=EDGE_LOOP('',(#1271,#1272,#1273,#1274));
#232=EDGE_LOOP('',(#1275,#1276,#1277,#1278));
#233=EDGE_LOOP('',(#1279,#1280,#1281,#1282));
#234=EDGE_LOOP('',(#1283,#1284,#1285,#1286));
#235=EDGE_LOOP('',(#1287,#1288,#1289,#1290));
#236=EDGE_LOOP('',(#1291,#1292,#1293,#1294));
#237=EDGE_LOOP('',(#1295,#1296,#1297,#1298));
#238=EDGE_LOOP('',(#1299,#1300,#1301,#1302));
#239=EDGE_LOOP('',(#1303,#1304,#1305,#1306));
#240=EDGE_LOOP('',(#1307,#1308,#1309,#1310));
#241=EDGE_LOOP('',(#1311,#1312,#1313,#1314,#1315,#1316,#1317,#1318));
#242=EDGE_LOOP('',(#1319,#1320,#1321,#1322,#1323,#1324,#1325,#1326));
#243=EDGE_LOOP('',(#1327,#1328,#1329,#1330));
#244=EDGE_LOOP('',(#1331,#1332,#1333,#1334));
#245=EDGE_LOOP('',(#1335,#1336,#1337,#1338));
#246=EDGE_LOOP('',(#1339,#1340,#1341,#1342));
#247=EDGE_LOOP('',(#1343,#1344,#1345,#1346));
#248=EDGE_LOOP('',(#1347,#1348,#1349,#1350,#1351,#1352));
#249=EDGE_LOOP('',(#1353,#1354,#1355,#1356));
#250=EDGE_LOOP('',(#1357,#1358,#1359,#1360,#1361,#1362));
#251=EDGE_LOOP('',(#1363,#1364,#1365,#1366,#1367,#1368));
#252=EDGE_LOOP('',(#1369,#1370,#1371,#1372,#1373,#1374));
#253=EDGE_LOOP('',(#1375,#1376,#1377,#1378));
#254=EDGE_LOOP('',(#1379,#1380,#1381,#1382));
#255=EDGE_LOOP('',(#1383,#1384,#1385,#1386));
#256=EDGE_LOOP('',(#1387,#1388,#1389,#1390));
#257=EDGE_LOOP('',(#1391,#1392,#1393,#1394));
#258=EDGE_LOOP('',(#1395,#1396,#1397,#1398,#1399,#1400));
#259=EDGE_LOOP('',(#1401,#1402,#1403,#1404));
#260=EDGE_LOOP('',(#1405,#1406,#1407,#1408,#1409));
#261=EDGE_LOOP('',(#1410,#1411,#1412,#1413,#1414,#1415));
#262=EDGE_LOOP('',(#1416,#1417,#1418,#1419));
#263=EDGE_LOOP('',(#1420,#1421,#1422,#1423,#1424));
#264=EDGE_LOOP('',(#1425,#1426,#1427,#1428));
#265=EDGE_LOOP('',(#1429,#1430,#1431,#1432));
#266=EDGE_LOOP('',(#1433,#1434,#1435,#1436));
#267=EDGE_LOOP('',(#1437,#1438,#1439,#1440,#1441,#1442));
#268=EDGE_LOOP('',(#1443,#1444,#1445,#1446));
#269=EDGE_LOOP('',(#1447,#1448,#1449,#1450,#1451));
#270=EDGE_LOOP('',(#1452,#1453,#1454,#1455,#1456));
#271=EDGE_LOOP('',(#1457,#1458,#1459,#1460,#1461,#1462));
#272=EDGE_LOOP('',(#1463,#1464,#1465,#1466));
#273=EDGE_LOOP('',(#1467,#1468,#1469,#1470));
#274=EDGE_LOOP('',(#1471,#1472,#1473,#1474));
#275=EDGE_LOOP('',(#1475,#1476,#1477,#1478));
#276=EDGE_LOOP('',(#1479,#1480,#1481,#1482,#1483,#1484));
#277=EDGE_LOOP('',(#1485,#1486,#1487,#1488));
#278=EDGE_LOOP('',(#1489,#1490,#1491,#1492,#1493));
#279=EDGE_LOOP('',(#1494,#1495,#1496,#1497));
#280=EDGE_LOOP('',(#1498,#1499,#1500,#1501,#1502));
#281=EDGE_LOOP('',(#1503,#1504,#1505,#1506,#1507,#1508));
#282=EDGE_LOOP('',(#1509,#1510,#1511,#1512));
#283=EDGE_LOOP('',(#1513,#1514,#1515,#1516));
#284=EDGE_LOOP('',(#1517,#1518,#1519,#1520));
#285=EDGE_LOOP('',(#1521,#1522,#1523,#1524,#1525,#1526));
#286=EDGE_LOOP('',(#1527,#1528,#1529,#1530));
#287=EDGE_LOOP('',(#1531,#1532,#1533,#1534,#1535,#1536));
#288=EDGE_LOOP('',(#1537,#1538,#1539,#1540,#1541,#1542));
#289=EDGE_LOOP('',(#1543,#1544,#1545,#1546));
#290=EDGE_LOOP('',(#1547,#1548,#1549,#1550));
#291=EDGE_LOOP('',(#1551,#1552,#1553,#1554));
#292=EDGE_LOOP('',(#1555,#1556,#1557,#1558,#1559,#1560));
#293=EDGE_LOOP('',(#1561,#1562,#1563,#1564));
#294=EDGE_LOOP('',(#1565,#1566,#1567,#1568));
#295=EDGE_LOOP('',(#1569,#1570,#1571,#1572));
#296=EDGE_LOOP('',(#1573,#1574,#1575,#1576,#1577,#1578));
#297=EDGE_LOOP('',(#1579,#1580,#1581,#1582));
#298=EDGE_LOOP('',(#1583,#1584,#1585,#1586,#1587,#1588));
#299=EDGE_LOOP('',(#1589,#1590,#1591,#1592));
#300=EDGE_LOOP('',(#1593,#1594,#1595,#1596,#1597,#1598,#1599,#1600));
#301=EDGE_LOOP('',(#1601,#1602,#1603,#1604,#1605,#1606,#1607,#1608));
#302=EDGE_LOOP('',(#1609,#1610,#1611,#1612));
#303=EDGE_LOOP('',(#1613,#1614,#1615,#1616,#1617,#1618));
#304=EDGE_LOOP('',(#1619,#1620,#1621,#1622));
#305=EDGE_LOOP('',(#1623,#1624,#1625,#1626,#1627,#1628));
#306=EDGE_LOOP('',(#1629,#1630,#1631,#1632));
#307=EDGE_LOOP('',(#1633,#1634,#1635,#1636));
#308=LINE('',#2485,#487);
#309=LINE('',#2488,#488);
#310=LINE('',#2491,#489);
#311=LINE('',#2495,#490);
#312=LINE('',#2499,#491);
#313=LINE('',#2503,#492);
#314=LINE('',#2507,#493);
#315=LINE('',#2511,#494);
#316=LINE('',#2515,#495);
#317=LINE('',#2519,#496);
#318=LINE('',#2523,#497);
#319=LINE('',#2526,#498);
#320=LINE('',#2529,#499);
#321=LINE('',#2530,#500);
#322=LINE('',#2534,#501);
#323=LINE('',#2537,#502);
#324=LINE('',#2538,#503);
#325=LINE('',#2542,#504);
#326=LINE('',#2545,#505);
#327=LINE('',#2549,#506);
#328=LINE('',#2553,#507);
#329=LINE('',#2557,#508);
#330=LINE('',#2561,#509);
#331=LINE('',#2565,#510);
#332=LINE('',#2569,#511);
#333=LINE('',#2572,#512);
#334=LINE('',#2574,#513);
#335=LINE('',#2575,#514);
#336=LINE('',#2577,#515);
#337=LINE('',#2579,#516);
#338=LINE('',#2581,#517);
#339=LINE('',#2582,#518);
#340=LINE('',#2584,#519);
#341=LINE('',#2586,#520);
#342=LINE('',#2588,#521);
#343=LINE('',#2590,#522);
#344=LINE('',#2592,#523);
#345=LINE('',#2594,#524);
#346=LINE('',#2596,#525);
#347=LINE('',#2598,#526);
#348=LINE('',#2607,#527);
#349=LINE('',#2610,#528);
#350=LINE('',#2621,#529);
#351=LINE('',#2622,#530);
#352=LINE('',#2633,#531);
#353=LINE('',#2634,#532);
#354=LINE('',#2645,#533);
#355=LINE('',#2646,#534);
#356=LINE('',#2652,#535);
#357=LINE('',#2655,#536);
#358=LINE('',#2658,#537);
#359=LINE('',#2659,#538);
#360=LINE('',#2662,#539);
#361=LINE('',#2666,#540);
#362=LINE('',#2667,#541);
#363=LINE('',#2673,#542);
#364=LINE('',#2676,#543);
#365=LINE('',#2678,#544);
#366=LINE('',#2680,#545);
#367=LINE('',#2682,#546);
#368=LINE('',#2687,#547);
#369=LINE('',#2691,#548);
#370=LINE('',#2695,#549);
#371=LINE('',#2697,#550);
#372=LINE('',#2699,#551);
#373=LINE('',#2701,#552);
#374=LINE('',#2702,#553);
#375=LINE('',#2705,#554);
#376=LINE('',#2709,#555);
#377=LINE('',#2711,#556);
#378=LINE('',#2713,#557);
#379=LINE('',#2715,#558);
#380=LINE('',#2719,#559);
#381=LINE('',#2721,#560);
#382=LINE('',#2723,#561);
#383=LINE('',#2724,#562);
#384=LINE('',#2726,#563);
#385=LINE('',#2727,#564);
#386=LINE('',#2730,#565);
#387=LINE('',#2732,#566);
#388=LINE('',#2737,#567);
#389=LINE('',#2741,#568);
#390=LINE('',#2745,#569);
#391=LINE('',#2747,#570);
#392=LINE('',#2749,#571);
#393=LINE('',#2751,#572);
#394=LINE('',#2752,#573);
#395=LINE('',#2755,#574);
#396=LINE('',#2759,#575);
#397=LINE('',#2761,#576);
#398=LINE('',#2762,#577);
#399=LINE('',#2765,#578);
#400=LINE('',#2767,#579);
#401=LINE('',#2768,#580);
#402=LINE('',#2773,#581);
#403=LINE('',#2774,#582);
#404=LINE('',#2776,#583);
#405=LINE('',#2781,#584);
#406=LINE('',#2785,#585);
#407=LINE('',#2789,#586);
#408=LINE('',#2791,#587);
#409=LINE('',#2793,#588);
#410=LINE('',#2795,#589);
#411=LINE('',#2796,#590);
#412=LINE('',#2799,#591);
#413=LINE('',#2803,#592);
#414=LINE('',#2805,#593);
#415=LINE('',#2807,#594);
#416=LINE('',#2811,#595);
#417=LINE('',#2813,#596);
#418=LINE('',#2814,#597);
#419=LINE('',#2816,#598);
#420=LINE('',#2817,#599);
#421=LINE('',#2820,#600);
#422=LINE('',#2825,#601);
#423=LINE('',#2829,#602);
#424=LINE('',#2833,#603);
#425=LINE('',#2835,#604);
#426=LINE('',#2837,#605);
#427=LINE('',#2839,#606);
#428=LINE('',#2840,#607);
#429=LINE('',#2843,#608);
#430=LINE('',#2847,#609);
#431=LINE('',#2849,#610);
#432=LINE('',#2850,#611);
#433=LINE('',#2854,#612);
#434=LINE('',#2857,#613);
#435=LINE('',#2859,#614);
#436=LINE('',#2860,#615);
#437=LINE('',#2862,#616);
#438=LINE('',#2864,#617);
#439=LINE('',#2869,#618);
#440=LINE('',#2873,#619);
#441=LINE('',#2877,#620);
#442=LINE('',#2879,#621);
#443=LINE('',#2881,#622);
#444=LINE('',#2883,#623);
#445=LINE('',#2884,#624);
#446=LINE('',#2887,#625);
#447=LINE('',#2891,#626);
#448=LINE('',#2893,#627);
#449=LINE('',#2895,#628);
#450=LINE('',#2897,#629);
#451=LINE('',#2901,#630);
#452=LINE('',#2903,#631);
#453=LINE('',#2905,#632);
#454=LINE('',#2906,#633);
#455=LINE('',#2908,#634);
#456=LINE('',#2909,#635);
#457=LINE('',#2911,#636);
#458=LINE('',#2914,#637);
#459=LINE('',#2919,#638);
#460=LINE('',#2923,#639);
#461=LINE('',#2928,#640);
#462=LINE('',#2932,#641);
#463=LINE('',#2936,#642);
#464=LINE('',#2938,#643);
#465=LINE('',#2940,#644);
#466=LINE('',#2942,#645);
#467=LINE('',#2943,#646);
#468=LINE('',#2946,#647);
#469=LINE('',#2950,#648);
#470=LINE('',#2952,#649);
#471=LINE('',#2954,#650);
#472=LINE('',#2956,#651);
#473=LINE('',#2957,#652);
#474=LINE('',#2960,#653);
#475=LINE('',#2964,#654);
#476=LINE('',#2966,#655);
#477=LINE('',#2969,#656);
#478=LINE('',#2971,#657);
#479=LINE('',#2975,#658);
#480=LINE('',#2976,#659);
#481=LINE('',#2978,#660);
#482=LINE('',#2979,#661);
#483=LINE('',#2981,#662);
#484=LINE('',#2983,#663);
#485=LINE('',#2984,#664);
#486=LINE('',#2986,#665);
#487=VECTOR('',#1966,10.);
#488=VECTOR('',#1969,10.);
#489=VECTOR('',#1972,10.);
#490=VECTOR('',#1975,10.);
#491=VECTOR('',#1978,10.);
#492=VECTOR('',#1981,10.);
#493=VECTOR('',#1984,10.);
#494=VECTOR('',#1987,10.);
#495=VECTOR('',#1990,10.);
#496=VECTOR('',#1993,10.);
#497=VECTOR('',#1996,10.);
#498=VECTOR('',#1999,10.);
#499=VECTOR('',#2002,10.);
#500=VECTOR('',#2003,10.);
#501=VECTOR('',#2008,10.);
#502=VECTOR('',#2011,10.);
#503=VECTOR('',#2012,10.);
#504=VECTOR('',#2017,10.);
#505=VECTOR('',#2020,10.);
#506=VECTOR('',#2023,10.);
#507=VECTOR('',#2026,10.);
#508=VECTOR('',#2029,10.);
#509=VECTOR('',#2032,10.);
#510=VECTOR('',#2035,10.);
#511=VECTOR('',#2038,10.);
#512=VECTOR('',#2041,10.);
#513=VECTOR('',#2044,10.);
#514=VECTOR('',#2045,10.);
#515=VECTOR('',#2048,10.);
#516=VECTOR('',#2051,10.);
#517=VECTOR('',#2054,10.);
#518=VECTOR('',#2055,10.);
#519=VECTOR('',#2058,10.);
#520=VECTOR('',#2061,10.);
#521=VECTOR('',#2064,10.);
#522=VECTOR('',#2067,10.);
#523=VECTOR('',#2070,10.);
#524=VECTOR('',#2073,10.);
#525=VECTOR('',#2076,10.);
#526=VECTOR('',#2079,10.);
#527=VECTOR('',#2090,10.);
#528=VECTOR('',#2093,10.);
#529=VECTOR('',#2106,10.);
#530=VECTOR('',#2107,10.);
#531=VECTOR('',#2120,10.);
#532=VECTOR('',#2121,10.);
#533=VECTOR('',#2134,10.);
#534=VECTOR('',#2135,10.);
#535=VECTOR('',#2144,10.);
#536=VECTOR('',#2147,10.);
#537=VECTOR('',#2150,10.);
#538=VECTOR('',#2151,10.);
#539=VECTOR('',#2154,10.);
#540=VECTOR('',#2159,10.);
#541=VECTOR('',#2160,10.);
#542=VECTOR('',#2167,10.);
#543=VECTOR('',#2170,10.);
#544=VECTOR('',#2173,10.);
#545=VECTOR('',#2176,10.);
#546=VECTOR('',#2179,10.);
#547=VECTOR('',#2184,10.);
#548=VECTOR('',#2187,10.);
#549=VECTOR('',#2192,10.);
#550=VECTOR('',#2193,10.);
#551=VECTOR('',#2194,10.);
#552=VECTOR('',#2195,10.);
#553=VECTOR('',#2196,10.);
#554=VECTOR('',#2199,10.);
#555=VECTOR('',#2204,10.);
#556=VECTOR('',#2205,10.);
#557=VECTOR('',#2206,10.);
#558=VECTOR('',#2207,10.);
#559=VECTOR('',#2212,10.);
#560=VECTOR('',#2213,10.);
#561=VECTOR('',#2214,10.);
#562=VECTOR('',#2215,10.);
#563=VECTOR('',#2218,10.);
#564=VECTOR('',#2219,10.);
#565=VECTOR('',#2224,10.);
#566=VECTOR('',#2227,10.);
#567=VECTOR('',#2232,10.);
#568=VECTOR('',#2235,10.);
#569=VECTOR('',#2240,10.);
#570=VECTOR('',#2241,10.);
#571=VECTOR('',#2242,10.);
#572=VECTOR('',#2243,10.);
#573=VECTOR('',#2244,10.);
#574=VECTOR('',#2247,10.);
#575=VECTOR('',#2252,10.);
#576=VECTOR('',#2253,10.);
#577=VECTOR('',#2254,10.);
#578=VECTOR('',#2257,10.);
#579=VECTOR('',#2258,10.);
#580=VECTOR('',#2259,10.);
#581=VECTOR('',#2266,10.);
#582=VECTOR('',#2267,10.);
#583=VECTOR('',#2270,10.);
#584=VECTOR('',#2275,10.);
#585=VECTOR('',#2278,10.);
#586=VECTOR('',#2283,10.);
#587=VECTOR('',#2284,10.);
#588=VECTOR('',#2285,10.);
#589=VECTOR('',#2286,10.);
#590=VECTOR('',#2287,10.);
#591=VECTOR('',#2290,10.);
#592=VECTOR('',#2295,10.);
#593=VECTOR('',#2296,10.);
#594=VECTOR('',#2297,10.);
#595=VECTOR('',#2302,10.);
#596=VECTOR('',#2303,10.);
#597=VECTOR('',#2304,10.);
#598=VECTOR('',#2307,10.);
#599=VECTOR('',#2308,10.);
#600=VECTOR('',#2313,10.);
#601=VECTOR('',#2318,10.);
#602=VECTOR('',#2321,10.);
#603=VECTOR('',#2326,10.);
#604=VECTOR('',#2327,10.);
#605=VECTOR('',#2328,10.);
#606=VECTOR('',#2329,10.);
#607=VECTOR('',#2330,10.);
#608=VECTOR('',#2333,10.);
#609=VECTOR('',#2338,10.);
#610=VECTOR('',#2339,10.);
#611=VECTOR('',#2340,10.);
#612=VECTOR('',#2345,10.);
#613=VECTOR('',#2348,10.);
#614=VECTOR('',#2349,10.);
#615=VECTOR('',#2350,10.);
#616=VECTOR('',#2353,10.);
#617=VECTOR('',#2356,10.);
#618=VECTOR('',#2361,10.);
#619=VECTOR('',#2364,10.);
#620=VECTOR('',#2369,10.);
#621=VECTOR('',#2370,10.);
#622=VECTOR('',#2371,10.);
#623=VECTOR('',#2372,10.);
#624=VECTOR('',#2373,10.);
#625=VECTOR('',#2376,10.);
#626=VECTOR('',#2381,10.);
#627=VECTOR('',#2382,10.);
#628=VECTOR('',#2383,10.);
#629=VECTOR('',#2384,10.);
#630=VECTOR('',#2389,10.);
#631=VECTOR('',#2390,10.);
#632=VECTOR('',#2391,10.);
#633=VECTOR('',#2392,10.);
#634=VECTOR('',#2395,10.);
#635=VECTOR('',#2396,10.);
#636=VECTOR('',#2399,10.);
#637=VECTOR('',#2404,10.);
#638=VECTOR('',#2409,10.);
#639=VECTOR('',#2412,10.);
#640=VECTOR('',#2417,10.);
#641=VECTOR('',#2420,10.);
#642=VECTOR('',#2425,10.);
#643=VECTOR('',#2426,10.);
#644=VECTOR('',#2427,10.);
#645=VECTOR('',#2428,10.);
#646=VECTOR('',#2429,10.);
#647=VECTOR('',#2432,10.);
#648=VECTOR('',#2437,10.);
#649=VECTOR('',#2438,10.);
#650=VECTOR('',#2439,10.);
#651=VECTOR('',#2440,10.);
#652=VECTOR('',#2441,10.);
#653=VECTOR('',#2444,10.);
#654=VECTOR('',#2449,10.);
#655=VECTOR('',#2450,10.);
#656=VECTOR('',#2453,10.);
#657=VECTOR('',#2454,10.);
#658=VECTOR('',#2459,10.);
#659=VECTOR('',#2460,10.);
#660=VECTOR('',#2461,10.);
#661=VECTOR('',#2462,10.);
#662=VECTOR('',#2465,10.);
#663=VECTOR('',#2468,10.);
#664=VECTOR('',#2469,10.);
#665=VECTOR('',#2472,10.);
#666=CIRCLE('',#1792,0.185188360849166);
#667=CIRCLE('',#1793,0.185188360849166);
#668=CIRCLE('',#1795,0.170114823060224);
#669=CIRCLE('',#1796,0.185188360849167);
#670=CIRCLE('',#1797,0.150114823060224);
#671=CIRCLE('',#1798,0.170114823060223);
#672=CIRCLE('',#1799,0.150114823060224);
#673=CIRCLE('',#1800,0.185188360849167);
#674=CIRCLE('',#1801,0.170114823060224);
#675=CIRCLE('',#1802,0.185188360849167);
#676=CIRCLE('',#1803,0.150114823060224);
#677=CIRCLE('',#1806,0.170114823060224);
#678=CIRCLE('',#1809,0.185188360849167);
#679=CIRCLE('',#1811,0.150114823060224);
#680=CIRCLE('',#1812,0.185188360849167);
#681=CIRCLE('',#1813,0.170114823060224);
#682=CIRCLE('',#1814,0.185188360849167);
#683=CIRCLE('',#1815,0.150114823060224);
#684=CIRCLE('',#1816,0.170114823060223);
#685=CIRCLE('',#1817,0.150114823060224);
#686=CIRCLE('',#1834,0.05);
#687=CIRCLE('',#1835,0.05);
#688=CIRCLE('',#1837,0.0500000000000002);
#689=CIRCLE('',#1838,0.15);
#690=CIRCLE('',#1839,0.2);
#691=CIRCLE('',#1841,0.05);
#692=CIRCLE('',#1843,0.05);
#693=CIRCLE('',#1844,0.15);
#694=CIRCLE('',#1845,0.2);
#695=CIRCLE('',#1847,0.05);
#696=CIRCLE('',#1849,0.05);
#697=CIRCLE('',#1850,0.15);
#698=CIRCLE('',#1851,0.2);
#699=CIRCLE('',#1853,0.05);
#700=CIRCLE('',#1855,0.15);
#701=CIRCLE('',#1856,0.2);
#702=CIRCLE('',#1858,0.2);
#703=CIRCLE('',#1861,0.2);
#704=CIRCLE('',#1865,0.2);
#705=CIRCLE('',#1866,0.2);
#706=CIRCLE('',#1872,0.150114823060224);
#707=CIRCLE('',#1873,0.170114823060224);
#708=CIRCLE('',#1876,0.170114823060224);
#709=CIRCLE('',#1878,0.150114823060224);
#710=CIRCLE('',#1886,0.165188360849167);
#711=CIRCLE('',#1887,0.185188360849167);
#712=CIRCLE('',#1890,0.185188360849167);
#713=CIRCLE('',#1894,0.165188360849167);
#714=CIRCLE('',#1899,0.165188360849166);
#715=CIRCLE('',#1900,0.185188360849167);
#716=CIRCLE('',#1903,0.185188360849167);
#717=CIRCLE('',#1905,0.165188360849166);
#718=CIRCLE('',#1912,0.165188360849166);
#719=CIRCLE('',#1913,0.185188360849166);
#720=CIRCLE('',#1916,0.185188360849166);
#721=CIRCLE('',#1919,0.165188360849166);
#722=CIRCLE('',#1925,0.150114823060224);
#723=CIRCLE('',#1926,0.170114823060224);
#724=CIRCLE('',#1929,0.170114823060224);
#725=CIRCLE('',#1931,0.150114823060224);
#726=CIRCLE('',#1939,0.165188360849167);
#727=CIRCLE('',#1940,0.185188360849167);
#728=CIRCLE('',#1942,0.150114823060224);
#729=CIRCLE('',#1943,0.170114823060223);
#730=CIRCLE('',#1946,0.185188360849167);
#731=CIRCLE('',#1949,0.170114823060223);
#732=CIRCLE('',#1951,0.165188360849167);
#733=CIRCLE('',#1952,0.150114823060224);
#734=VERTEX_POINT('',#2481);
#735=VERTEX_POINT('',#2482);
#736=VERTEX_POINT('',#2484);
#737=VERTEX_POINT('',#2486);
#738=VERTEX_POINT('',#2490);
#739=VERTEX_POINT('',#2492);
#740=VERTEX_POINT('',#2494);
#741=VERTEX_POINT('',#2496);
#742=VERTEX_POINT('',#2498);
#743=VERTEX_POINT('',#2500);
#744=VERTEX_POINT('',#2502);
#745=VERTEX_POINT('',#2504);
#746=VERTEX_POINT('',#2506);
#747=VERTEX_POINT('',#2508);
#748=VERTEX_POINT('',#2510);
#749=VERTEX_POINT('',#2512);
#750=VERTEX_POINT('',#2514);
#751=VERTEX_POINT('',#2516);
#752=VERTEX_POINT('',#2518);
#753=VERTEX_POINT('',#2520);
#754=VERTEX_POINT('',#2522);
#755=VERTEX_POINT('',#2524);
#756=VERTEX_POINT('',#2528);
#757=VERTEX_POINT('',#2532);
#758=VERTEX_POINT('',#2536);
#759=VERTEX_POINT('',#2540);
#760=VERTEX_POINT('',#2544);
#761=VERTEX_POINT('',#2546);
#762=VERTEX_POINT('',#2548);
#763=VERTEX_POINT('',#2550);
#764=VERTEX_POINT('',#2552);
#765=VERTEX_POINT('',#2554);
#766=VERTEX_POINT('',#2556);
#767=VERTEX_POINT('',#2558);
#768=VERTEX_POINT('',#2560);
#769=VERTEX_POINT('',#2562);
#770=VERTEX_POINT('',#2564);
#771=VERTEX_POINT('',#2566);
#772=VERTEX_POINT('',#2568);
#773=VERTEX_POINT('',#2570);
#774=VERTEX_POINT('',#2603);
#775=VERTEX_POINT('',#2604);
#776=VERTEX_POINT('',#2606);
#777=VERTEX_POINT('',#2608);
#778=VERTEX_POINT('',#2612);
#779=VERTEX_POINT('',#2613);
#780=VERTEX_POINT('',#2618);
#781=VERTEX_POINT('',#2619);
#782=VERTEX_POINT('',#2624);
#783=VERTEX_POINT('',#2625);
#784=VERTEX_POINT('',#2630);
#785=VERTEX_POINT('',#2631);
#786=VERTEX_POINT('',#2636);
#787=VERTEX_POINT('',#2637);
#788=VERTEX_POINT('',#2642);
#789=VERTEX_POINT('',#2643);
#790=VERTEX_POINT('',#2651);
#791=VERTEX_POINT('',#2653);
#792=VERTEX_POINT('',#2657);
#793=VERTEX_POINT('',#2661);
#794=VERTEX_POINT('',#2665);
#795=VERTEX_POINT('',#2670);
#796=VERTEX_POINT('',#2672);
#797=VERTEX_POINT('',#2674);
#798=VERTEX_POINT('',#2685);
#799=VERTEX_POINT('',#2686);
#800=VERTEX_POINT('',#2688);
#801=VERTEX_POINT('',#2690);
#802=VERTEX_POINT('',#2694);
#803=VERTEX_POINT('',#2696);
#804=VERTEX_POINT('',#2698);
#805=VERTEX_POINT('',#2700);
#806=VERTEX_POINT('',#2704);
#807=VERTEX_POINT('',#2708);
#808=VERTEX_POINT('',#2710);
#809=VERTEX_POINT('',#2712);
#810=VERTEX_POINT('',#2714);
#811=VERTEX_POINT('',#2718);
#812=VERTEX_POINT('',#2720);
#813=VERTEX_POINT('',#2722);
#814=VERTEX_POINT('',#2735);
#815=VERTEX_POINT('',#2736);
#816=VERTEX_POINT('',#2738);
#817=VERTEX_POINT('',#2740);
#818=VERTEX_POINT('',#2744);
#819=VERTEX_POINT('',#2746);
#820=VERTEX_POINT('',#2748);
#821=VERTEX_POINT('',#2750);
#822=VERTEX_POINT('',#2754);
#823=VERTEX_POINT('',#2758);
#824=VERTEX_POINT('',#2760);
#825=VERTEX_POINT('',#2764);
#826=VERTEX_POINT('',#2766);
#827=VERTEX_POINT('',#2772);
#828=VERTEX_POINT('',#2779);
#829=VERTEX_POINT('',#2780);
#830=VERTEX_POINT('',#2782);
#831=VERTEX_POINT('',#2784);
#832=VERTEX_POINT('',#2788);
#833=VERTEX_POINT('',#2790);
#834=VERTEX_POINT('',#2792);
#835=VERTEX_POINT('',#2794);
#836=VERTEX_POINT('',#2798);
#837=VERTEX_POINT('',#2802);
#838=VERTEX_POINT('',#2804);
#839=VERTEX_POINT('',#2806);
#840=VERTEX_POINT('',#2810);
#841=VERTEX_POINT('',#2812);
#842=VERTEX_POINT('',#2823);
#843=VERTEX_POINT('',#2824);
#844=VERTEX_POINT('',#2826);
#845=VERTEX_POINT('',#2828);
#846=VERTEX_POINT('',#2832);
#847=VERTEX_POINT('',#2834);
#848=VERTEX_POINT('',#2836);
#849=VERTEX_POINT('',#2838);
#850=VERTEX_POINT('',#2842);
#851=VERTEX_POINT('',#2846);
#852=VERTEX_POINT('',#2848);
#853=VERTEX_POINT('',#2852);
#854=VERTEX_POINT('',#2856);
#855=VERTEX_POINT('',#2858);
#856=VERTEX_POINT('',#2867);
#857=VERTEX_POINT('',#2868);
#858=VERTEX_POINT('',#2870);
#859=VERTEX_POINT('',#2872);
#860=VERTEX_POINT('',#2876);
#861=VERTEX_POINT('',#2878);
#862=VERTEX_POINT('',#2880);
#863=VERTEX_POINT('',#2882);
#864=VERTEX_POINT('',#2886);
#865=VERTEX_POINT('',#2890);
#866=VERTEX_POINT('',#2892);
#867=VERTEX_POINT('',#2894);
#868=VERTEX_POINT('',#2896);
#869=VERTEX_POINT('',#2900);
#870=VERTEX_POINT('',#2902);
#871=VERTEX_POINT('',#2904);
#872=VERTEX_POINT('',#2917);
#873=VERTEX_POINT('',#2918);
#874=VERTEX_POINT('',#2920);
#875=VERTEX_POINT('',#2922);
#876=VERTEX_POINT('',#2926);
#877=VERTEX_POINT('',#2927);
#878=VERTEX_POINT('',#2929);
#879=VERTEX_POINT('',#2931);
#880=VERTEX_POINT('',#2935);
#881=VERTEX_POINT('',#2937);
#882=VERTEX_POINT('',#2939);
#883=VERTEX_POINT('',#2941);
#884=VERTEX_POINT('',#2945);
#885=VERTEX_POINT('',#2949);
#886=VERTEX_POINT('',#2951);
#887=VERTEX_POINT('',#2953);
#888=VERTEX_POINT('',#2955);
#889=VERTEX_POINT('',#2959);
#890=VERTEX_POINT('',#2963);
#891=VERTEX_POINT('',#2965);
#892=VERTEX_POINT('',#2968);
#893=VERTEX_POINT('',#2970);
#894=VERTEX_POINT('',#2974);
#895=VERTEX_POINT('',#2977);
#896=EDGE_CURVE('',#734,#735,#666,.T.);
#897=EDGE_CURVE('',#736,#734,#308,.F.);
#898=EDGE_CURVE('',#737,#736,#667,.T.);
#899=EDGE_CURVE('',#735,#737,#309,.F.);
#900=EDGE_CURVE('',#738,#736,#310,.T.);
#901=EDGE_CURVE('',#738,#739,#668,.T.);
#902=EDGE_CURVE('',#740,#739,#311,.T.);
#903=EDGE_CURVE('',#740,#741,#669,.T.);
#904=EDGE_CURVE('',#742,#741,#312,.T.);
#905=EDGE_CURVE('',#743,#742,#670,.T.);
#906=EDGE_CURVE('',#743,#744,#313,.T.);
#907=EDGE_CURVE('',#744,#745,#671,.T.);
#908=EDGE_CURVE('',#745,#746,#314,.T.);
#909=EDGE_CURVE('',#747,#746,#672,.T.);
#910=EDGE_CURVE('',#748,#747,#315,.T.);
#911=EDGE_CURVE('',#748,#749,#673,.T.);
#912=EDGE_CURVE('',#750,#749,#316,.T.);
#913=EDGE_CURVE('',#750,#751,#674,.T.);
#914=EDGE_CURVE('',#752,#751,#317,.T.);
#915=EDGE_CURVE('',#752,#753,#675,.T.);
#916=EDGE_CURVE('',#754,#753,#318,.T.);
#917=EDGE_CURVE('',#755,#754,#676,.T.);
#918=EDGE_CURVE('',#737,#755,#319,.T.);
#919=EDGE_CURVE('',#756,#734,#320,.F.);
#920=EDGE_CURVE('',#756,#738,#321,.F.);
#921=EDGE_CURVE('',#757,#756,#677,.T.);
#922=EDGE_CURVE('',#739,#757,#322,.F.);
#923=EDGE_CURVE('',#758,#757,#323,.F.);
#924=EDGE_CURVE('',#758,#740,#324,.F.);
#925=EDGE_CURVE('',#759,#758,#678,.T.);
#926=EDGE_CURVE('',#741,#759,#325,.F.);
#927=EDGE_CURVE('',#735,#760,#326,.F.);
#928=EDGE_CURVE('',#761,#760,#679,.T.);
#929=EDGE_CURVE('',#761,#762,#327,.F.);
#930=EDGE_CURVE('',#762,#763,#680,.T.);
#931=EDGE_CURVE('',#763,#764,#328,.F.);
#932=EDGE_CURVE('',#764,#765,#681,.T.);
#933=EDGE_CURVE('',#765,#766,#329,.F.);
#934=EDGE_CURVE('',#766,#767,#682,.T.);
#935=EDGE_CURVE('',#768,#767,#330,.T.);
#936=EDGE_CURVE('',#768,#769,#683,.T.);
#937=EDGE_CURVE('',#769,#770,#331,.T.);
#938=EDGE_CURVE('',#770,#771,#684,.T.);
#939=EDGE_CURVE('',#771,#772,#332,.T.);
#940=EDGE_CURVE('',#772,#773,#685,.T.);
#941=EDGE_CURVE('',#773,#759,#333,.F.);
#942=EDGE_CURVE('',#746,#769,#334,.T.);
#943=EDGE_CURVE('',#770,#745,#335,.T.);
#944=EDGE_CURVE('',#771,#744,#336,.T.);
#945=EDGE_CURVE('',#772,#743,#337,.T.);
#946=EDGE_CURVE('',#749,#766,#338,.F.);
#947=EDGE_CURVE('',#767,#748,#339,.F.);
#948=EDGE_CURVE('',#773,#742,#340,.T.);
#949=EDGE_CURVE('',#768,#747,#341,.F.);
#950=EDGE_CURVE('',#765,#750,#342,.F.);
#951=EDGE_CURVE('',#751,#764,#343,.F.);
#952=EDGE_CURVE('',#763,#752,#344,.F.);
#953=EDGE_CURVE('',#753,#762,#345,.F.);
#954=EDGE_CURVE('',#760,#755,#346,.F.);
#955=EDGE_CURVE('',#761,#754,#347,.T.);
#956=EDGE_CURVE('',#774,#775,#686,.T.);
#957=EDGE_CURVE('',#775,#776,#348,.T.);
#958=EDGE_CURVE('',#776,#777,#687,.T.);
#959=EDGE_CURVE('',#777,#774,#349,.T.);
#960=EDGE_CURVE('',#778,#779,#688,.T.);
#961=EDGE_CURVE('',#779,#777,#689,.T.);
#962=EDGE_CURVE('',#776,#778,#690,.T.);
#963=EDGE_CURVE('',#780,#781,#691,.T.);
#964=EDGE_CURVE('',#781,#779,#350,.T.);
#965=EDGE_CURVE('',#778,#780,#351,.T.);
#966=EDGE_CURVE('',#782,#783,#692,.T.);
#967=EDGE_CURVE('',#783,#781,#693,.T.);
#968=EDGE_CURVE('',#780,#782,#694,.T.);
#969=EDGE_CURVE('',#784,#785,#695,.T.);
#970=EDGE_CURVE('',#785,#783,#352,.T.);
#971=EDGE_CURVE('',#782,#784,#353,.T.);
#972=EDGE_CURVE('',#786,#787,#696,.T.);
#973=EDGE_CURVE('',#787,#785,#697,.T.);
#974=EDGE_CURVE('',#784,#786,#698,.T.);
#975=EDGE_CURVE('',#788,#789,#699,.T.);
#976=EDGE_CURVE('',#789,#787,#354,.T.);
#977=EDGE_CURVE('',#786,#788,#355,.T.);
#978=EDGE_CURVE('',#774,#789,#700,.T.);
#979=EDGE_CURVE('',#788,#775,#701,.T.);
#980=EDGE_CURVE('',#780,#790,#356,.T.);
#981=EDGE_CURVE('',#790,#791,#702,.T.);
#982=EDGE_CURVE('',#782,#791,#357,.T.);
#983=EDGE_CURVE('',#778,#792,#358,.T.);
#984=EDGE_CURVE('',#792,#790,#359,.T.);
#985=EDGE_CURVE('',#776,#793,#360,.T.);
#986=EDGE_CURVE('',#793,#792,#703,.T.);
#987=EDGE_CURVE('',#775,#794,#361,.T.);
#988=EDGE_CURVE('',#794,#793,#362,.T.);
#989=EDGE_CURVE('',#795,#794,#704,.T.);
#990=EDGE_CURVE('',#796,#795,#363,.T.);
#991=EDGE_CURVE('',#797,#796,#705,.T.);
#992=EDGE_CURVE('',#791,#797,#364,.T.);
#993=EDGE_CURVE('',#788,#795,#365,.T.);
#994=EDGE_CURVE('',#786,#796,#366,.T.);
#995=EDGE_CURVE('',#784,#797,#367,.T.);
#996=EDGE_CURVE('',#798,#799,#368,.T.);
#997=EDGE_CURVE('',#800,#798,#706,.T.);
#998=EDGE_CURVE('',#801,#800,#369,.T.);
#999=EDGE_CURVE('',#799,#801,#707,.T.);
#1000=EDGE_CURVE('',#802,#799,#370,.T.);
#1001=EDGE_CURVE('',#802,#803,#371,.T.);
#1002=EDGE_CURVE('',#803,#804,#372,.T.);
#1003=EDGE_CURVE('',#804,#805,#373,.T.);
#1004=EDGE_CURVE('',#805,#798,#374,.T.);
#1005=EDGE_CURVE('',#806,#801,#375,.T.);
#1006=EDGE_CURVE('',#802,#806,#708,.T.);
#1007=EDGE_CURVE('',#804,#807,#376,.T.);
#1008=EDGE_CURVE('',#807,#808,#377,.T.);
#1009=EDGE_CURVE('',#808,#809,#378,.T.);
#1010=EDGE_CURVE('',#810,#809,#379,.T.);
#1011=EDGE_CURVE('',#810,#805,#709,.T.);
#1012=EDGE_CURVE('',#811,#806,#380,.T.);
#1013=EDGE_CURVE('',#812,#811,#381,.T.);
#1014=EDGE_CURVE('',#813,#812,#382,.T.);
#1015=EDGE_CURVE('',#803,#813,#383,.T.);
#1016=EDGE_CURVE('',#810,#800,#384,.T.);
#1017=EDGE_CURVE('',#809,#811,#385,.T.);
#1018=EDGE_CURVE('',#808,#812,#386,.T.);
#1019=EDGE_CURVE('',#807,#813,#387,.T.);
#1020=EDGE_CURVE('',#814,#815,#388,.T.);
#1021=EDGE_CURVE('',#816,#814,#710,.T.);
#1022=EDGE_CURVE('',#817,#816,#389,.T.);
#1023=EDGE_CURVE('',#815,#817,#711,.T.);
#1024=EDGE_CURVE('',#818,#815,#390,.T.);
#1025=EDGE_CURVE('',#818,#819,#391,.T.);
#1026=EDGE_CURVE('',#819,#820,#392,.T.);
#1027=EDGE_CURVE('',#820,#821,#393,.T.);
#1028=EDGE_CURVE('',#821,#814,#394,.T.);
#1029=EDGE_CURVE('',#822,#817,#395,.T.);
#1030=EDGE_CURVE('',#818,#822,#712,.T.);
#1031=EDGE_CURVE('',#823,#822,#396,.T.);
#1032=EDGE_CURVE('',#824,#823,#397,.T.);
#1033=EDGE_CURVE('',#819,#824,#398,.T.);
#1034=EDGE_CURVE('',#825,#816,#399,.T.);
#1035=EDGE_CURVE('',#825,#826,#400,.T.);
#1036=EDGE_CURVE('',#826,#823,#401,.T.);
#1037=EDGE_CURVE('',#825,#821,#713,.T.);
#1038=EDGE_CURVE('',#820,#827,#402,.T.);
#1039=EDGE_CURVE('',#827,#826,#403,.T.);
#1040=EDGE_CURVE('',#827,#824,#404,.T.);
#1041=EDGE_CURVE('',#828,#829,#405,.T.);
#1042=EDGE_CURVE('',#830,#828,#714,.T.);
#1043=EDGE_CURVE('',#831,#830,#406,.T.);
#1044=EDGE_CURVE('',#829,#831,#715,.T.);
#1045=EDGE_CURVE('',#832,#829,#407,.T.);
#1046=EDGE_CURVE('',#832,#833,#408,.T.);
#1047=EDGE_CURVE('',#833,#834,#409,.T.);
#1048=EDGE_CURVE('',#834,#835,#410,.T.);
#1049=EDGE_CURVE('',#835,#828,#411,.T.);
#1050=EDGE_CURVE('',#836,#831,#412,.T.);
#1051=EDGE_CURVE('',#832,#836,#716,.T.);
#1052=EDGE_CURVE('',#834,#837,#413,.T.);
#1053=EDGE_CURVE('',#837,#838,#414,.T.);
#1054=EDGE_CURVE('',#839,#838,#415,.T.);
#1055=EDGE_CURVE('',#839,#835,#717,.T.);
#1056=EDGE_CURVE('',#840,#836,#416,.T.);
#1057=EDGE_CURVE('',#841,#840,#417,.T.);
#1058=EDGE_CURVE('',#833,#841,#418,.T.);
#1059=EDGE_CURVE('',#839,#830,#419,.T.);
#1060=EDGE_CURVE('',#838,#840,#420,.T.);
#1061=EDGE_CURVE('',#837,#841,#421,.T.);
#1062=EDGE_CURVE('',#842,#843,#422,.T.);
#1063=EDGE_CURVE('',#844,#842,#718,.T.);
#1064=EDGE_CURVE('',#845,#844,#423,.T.);
#1065=EDGE_CURVE('',#843,#845,#719,.T.);
#1066=EDGE_CURVE('',#846,#843,#424,.T.);
#1067=EDGE_CURVE('',#846,#847,#425,.T.);
#1068=EDGE_CURVE('',#847,#848,#426,.T.);
#1069=EDGE_CURVE('',#848,#849,#427,.T.);
#1070=EDGE_CURVE('',#849,#842,#428,.T.);
#1071=EDGE_CURVE('',#850,#845,#429,.T.);
#1072=EDGE_CURVE('',#846,#850,#720,.T.);
#1073=EDGE_CURVE('',#851,#850,#430,.T.);
#1074=EDGE_CURVE('',#852,#851,#431,.T.);
#1075=EDGE_CURVE('',#847,#852,#432,.T.);
#1076=EDGE_CURVE('',#853,#849,#721,.T.);
#1077=EDGE_CURVE('',#853,#844,#433,.T.);
#1078=EDGE_CURVE('',#848,#854,#434,.T.);
#1079=EDGE_CURVE('',#854,#855,#435,.T.);
#1080=EDGE_CURVE('',#853,#855,#436,.T.);
#1081=EDGE_CURVE('',#855,#851,#437,.T.);
#1082=EDGE_CURVE('',#854,#852,#438,.T.);
#1083=EDGE_CURVE('',#856,#857,#439,.T.);
#1084=EDGE_CURVE('',#858,#856,#722,.T.);
#1085=EDGE_CURVE('',#859,#858,#440,.T.);
#1086=EDGE_CURVE('',#857,#859,#723,.T.);
#1087=EDGE_CURVE('',#860,#857,#441,.T.);
#1088=EDGE_CURVE('',#860,#861,#442,.T.);
#1089=EDGE_CURVE('',#861,#862,#443,.T.);
#1090=EDGE_CURVE('',#862,#863,#444,.T.);
#1091=EDGE_CURVE('',#863,#856,#445,.T.);
#1092=EDGE_CURVE('',#864,#859,#446,.T.);
#1093=EDGE_CURVE('',#860,#864,#724,.T.);
#1094=EDGE_CURVE('',#862,#865,#447,.T.);
#1095=EDGE_CURVE('',#865,#866,#448,.T.);
#1096=EDGE_CURVE('',#866,#867,#449,.T.);
#1097=EDGE_CURVE('',#868,#867,#450,.T.);
#1098=EDGE_CURVE('',#868,#863,#725,.T.);
#1099=EDGE_CURVE('',#869,#864,#451,.T.);
#1100=EDGE_CURVE('',#870,#869,#452,.T.);
#1101=EDGE_CURVE('',#871,#870,#453,.T.);
#1102=EDGE_CURVE('',#861,#871,#454,.T.);
#1103=EDGE_CURVE('',#866,#870,#455,.T.);
#1104=EDGE_CURVE('',#867,#869,#456,.T.);
#1105=EDGE_CURVE('',#865,#871,#457,.T.);
#1106=EDGE_CURVE('',#868,#858,#458,.T.);
#1107=EDGE_CURVE('',#872,#873,#459,.T.);
#1108=EDGE_CURVE('',#874,#872,#726,.T.);
#1109=EDGE_CURVE('',#875,#874,#460,.T.);
#1110=EDGE_CURVE('',#873,#875,#727,.T.);
#1111=EDGE_CURVE('',#876,#877,#461,.T.);
#1112=EDGE_CURVE('',#878,#876,#728,.T.);
#1113=EDGE_CURVE('',#879,#878,#462,.T.);
#1114=EDGE_CURVE('',#877,#879,#729,.T.);
#1115=EDGE_CURVE('',#880,#873,#463,.T.);
#1116=EDGE_CURVE('',#880,#881,#464,.T.);
#1117=EDGE_CURVE('',#881,#882,#465,.T.);
#1118=EDGE_CURVE('',#882,#883,#466,.T.);
#1119=EDGE_CURVE('',#883,#872,#467,.T.);
#1120=EDGE_CURVE('',#884,#875,#468,.T.);
#1121=EDGE_CURVE('',#880,#884,#730,.T.);
#1122=EDGE_CURVE('',#885,#877,#469,.T.);
#1123=EDGE_CURVE('',#885,#886,#470,.T.);
#1124=EDGE_CURVE('',#887,#886,#471,.T.);
#1125=EDGE_CURVE('',#888,#887,#472,.T.);
#1126=EDGE_CURVE('',#876,#888,#473,.T.);
#1127=EDGE_CURVE('',#889,#879,#474,.T.);
#1128=EDGE_CURVE('',#885,#889,#731,.T.);
#1129=EDGE_CURVE('',#887,#890,#475,.T.);
#1130=EDGE_CURVE('',#891,#890,#476,.T.);
#1131=EDGE_CURVE('',#891,#883,#732,.T.);
#1132=EDGE_CURVE('',#882,#892,#477,.T.);
#1133=EDGE_CURVE('',#892,#893,#478,.T.);
#1134=EDGE_CURVE('',#893,#888,#733,.T.);
#1135=EDGE_CURVE('',#894,#889,#479,.T.);
#1136=EDGE_CURVE('',#881,#894,#480,.T.);
#1137=EDGE_CURVE('',#895,#884,#481,.T.);
#1138=EDGE_CURVE('',#886,#895,#482,.T.);
#1139=EDGE_CURVE('',#893,#878,#483,.T.);
#1140=EDGE_CURVE('',#891,#874,#484,.T.);
#1141=EDGE_CURVE('',#890,#895,#485,.T.);
#1142=EDGE_CURVE('',#892,#894,#486,.T.);
#1143=ORIENTED_EDGE('',*,*,#896,.F.);
#1144=ORIENTED_EDGE('',*,*,#897,.F.);
#1145=ORIENTED_EDGE('',*,*,#898,.F.);
#1146=ORIENTED_EDGE('',*,*,#899,.F.);
#1147=ORIENTED_EDGE('',*,*,#898,.T.);
#1148=ORIENTED_EDGE('',*,*,#900,.F.);
#1149=ORIENTED_EDGE('',*,*,#901,.T.);
#1150=ORIENTED_EDGE('',*,*,#902,.F.);
#1151=ORIENTED_EDGE('',*,*,#903,.T.);
#1152=ORIENTED_EDGE('',*,*,#904,.F.);
#1153=ORIENTED_EDGE('',*,*,#905,.F.);
#1154=ORIENTED_EDGE('',*,*,#906,.T.);
#1155=ORIENTED_EDGE('',*,*,#907,.T.);
#1156=ORIENTED_EDGE('',*,*,#908,.T.);
#1157=ORIENTED_EDGE('',*,*,#909,.F.);
#1158=ORIENTED_EDGE('',*,*,#910,.F.);
#1159=ORIENTED_EDGE('',*,*,#911,.T.);
#1160=ORIENTED_EDGE('',*,*,#912,.F.);
#1161=ORIENTED_EDGE('',*,*,#913,.T.);
#1162=ORIENTED_EDGE('',*,*,#914,.F.);
#1163=ORIENTED_EDGE('',*,*,#915,.T.);
#1164=ORIENTED_EDGE('',*,*,#916,.F.);
#1165=ORIENTED_EDGE('',*,*,#917,.F.);
#1166=ORIENTED_EDGE('',*,*,#918,.F.);
#1167=ORIENTED_EDGE('',*,*,#897,.T.);
#1168=ORIENTED_EDGE('',*,*,#919,.F.);
#1169=ORIENTED_EDGE('',*,*,#920,.T.);
#1170=ORIENTED_EDGE('',*,*,#900,.T.);
#1171=ORIENTED_EDGE('',*,*,#921,.F.);
#1172=ORIENTED_EDGE('',*,*,#922,.F.);
#1173=ORIENTED_EDGE('',*,*,#901,.F.);
#1174=ORIENTED_EDGE('',*,*,#920,.F.);
#1175=ORIENTED_EDGE('',*,*,#922,.T.);
#1176=ORIENTED_EDGE('',*,*,#923,.F.);
#1177=ORIENTED_EDGE('',*,*,#924,.T.);
#1178=ORIENTED_EDGE('',*,*,#902,.T.);
#1179=ORIENTED_EDGE('',*,*,#925,.F.);
#1180=ORIENTED_EDGE('',*,*,#926,.F.);
#1181=ORIENTED_EDGE('',*,*,#903,.F.);
#1182=ORIENTED_EDGE('',*,*,#924,.F.);
#1183=ORIENTED_EDGE('',*,*,#927,.T.);
#1184=ORIENTED_EDGE('',*,*,#928,.F.);
#1185=ORIENTED_EDGE('',*,*,#929,.T.);
#1186=ORIENTED_EDGE('',*,*,#930,.T.);
#1187=ORIENTED_EDGE('',*,*,#931,.T.);
#1188=ORIENTED_EDGE('',*,*,#932,.T.);
#1189=ORIENTED_EDGE('',*,*,#933,.T.);
#1190=ORIENTED_EDGE('',*,*,#934,.T.);
#1191=ORIENTED_EDGE('',*,*,#935,.F.);
#1192=ORIENTED_EDGE('',*,*,#936,.T.);
#1193=ORIENTED_EDGE('',*,*,#937,.T.);
#1194=ORIENTED_EDGE('',*,*,#938,.T.);
#1195=ORIENTED_EDGE('',*,*,#939,.T.);
#1196=ORIENTED_EDGE('',*,*,#940,.T.);
#1197=ORIENTED_EDGE('',*,*,#941,.T.);
#1198=ORIENTED_EDGE('',*,*,#925,.T.);
#1199=ORIENTED_EDGE('',*,*,#923,.T.);
#1200=ORIENTED_EDGE('',*,*,#921,.T.);
#1201=ORIENTED_EDGE('',*,*,#919,.T.);
#1202=ORIENTED_EDGE('',*,*,#896,.T.);
#1203=ORIENTED_EDGE('',*,*,#937,.F.);
#1204=ORIENTED_EDGE('',*,*,#942,.F.);
#1205=ORIENTED_EDGE('',*,*,#908,.F.);
#1206=ORIENTED_EDGE('',*,*,#943,.F.);
#1207=ORIENTED_EDGE('',*,*,#938,.F.);
#1208=ORIENTED_EDGE('',*,*,#943,.T.);
#1209=ORIENTED_EDGE('',*,*,#907,.F.);
#1210=ORIENTED_EDGE('',*,*,#944,.F.);
#1211=ORIENTED_EDGE('',*,*,#939,.F.);
#1212=ORIENTED_EDGE('',*,*,#944,.T.);
#1213=ORIENTED_EDGE('',*,*,#906,.F.);
#1214=ORIENTED_EDGE('',*,*,#945,.F.);
#1215=ORIENTED_EDGE('',*,*,#934,.F.);
#1216=ORIENTED_EDGE('',*,*,#946,.F.);
#1217=ORIENTED_EDGE('',*,*,#911,.F.);
#1218=ORIENTED_EDGE('',*,*,#947,.F.);
#1219=ORIENTED_EDGE('',*,*,#945,.T.);
#1220=ORIENTED_EDGE('',*,*,#905,.T.);
#1221=ORIENTED_EDGE('',*,*,#948,.F.);
#1222=ORIENTED_EDGE('',*,*,#940,.F.);
#1223=ORIENTED_EDGE('',*,*,#942,.T.);
#1224=ORIENTED_EDGE('',*,*,#936,.F.);
#1225=ORIENTED_EDGE('',*,*,#949,.T.);
#1226=ORIENTED_EDGE('',*,*,#909,.T.);
#1227=ORIENTED_EDGE('',*,*,#946,.T.);
#1228=ORIENTED_EDGE('',*,*,#933,.F.);
#1229=ORIENTED_EDGE('',*,*,#950,.T.);
#1230=ORIENTED_EDGE('',*,*,#912,.T.);
#1231=ORIENTED_EDGE('',*,*,#932,.F.);
#1232=ORIENTED_EDGE('',*,*,#951,.F.);
#1233=ORIENTED_EDGE('',*,*,#913,.F.);
#1234=ORIENTED_EDGE('',*,*,#950,.F.);
#1235=ORIENTED_EDGE('',*,*,#951,.T.);
#1236=ORIENTED_EDGE('',*,*,#931,.F.);
#1237=ORIENTED_EDGE('',*,*,#952,.T.);
#1238=ORIENTED_EDGE('',*,*,#914,.T.);
#1239=ORIENTED_EDGE('',*,*,#930,.F.);
#1240=ORIENTED_EDGE('',*,*,#953,.F.);
#1241=ORIENTED_EDGE('',*,*,#915,.F.);
#1242=ORIENTED_EDGE('',*,*,#952,.F.);
#1243=ORIENTED_EDGE('',*,*,#899,.T.);
#1244=ORIENTED_EDGE('',*,*,#918,.T.);
#1245=ORIENTED_EDGE('',*,*,#954,.F.);
#1246=ORIENTED_EDGE('',*,*,#927,.F.);
#1247=ORIENTED_EDGE('',*,*,#928,.T.);
#1248=ORIENTED_EDGE('',*,*,#954,.T.);
#1249=ORIENTED_EDGE('',*,*,#917,.T.);
#1250=ORIENTED_EDGE('',*,*,#955,.F.);
#1251=ORIENTED_EDGE('',*,*,#953,.T.);
#1252=ORIENTED_EDGE('',*,*,#929,.F.);
#1253=ORIENTED_EDGE('',*,*,#955,.T.);
#1254=ORIENTED_EDGE('',*,*,#916,.T.);
#1255=ORIENTED_EDGE('',*,*,#947,.T.);
#1256=ORIENTED_EDGE('',*,*,#910,.T.);
#1257=ORIENTED_EDGE('',*,*,#949,.F.);
#1258=ORIENTED_EDGE('',*,*,#935,.T.);
#1259=ORIENTED_EDGE('',*,*,#926,.T.);
#1260=ORIENTED_EDGE('',*,*,#941,.F.);
#1261=ORIENTED_EDGE('',*,*,#948,.T.);
#1262=ORIENTED_EDGE('',*,*,#904,.T.);
#1263=ORIENTED_EDGE('',*,*,#956,.T.);
#1264=ORIENTED_EDGE('',*,*,#957,.T.);
#1265=ORIENTED_EDGE('',*,*,#958,.T.);
#1266=ORIENTED_EDGE('',*,*,#959,.T.);
#1267=ORIENTED_EDGE('',*,*,#960,.T.);
#1268=ORIENTED_EDGE('',*,*,#961,.T.);
#1269=ORIENTED_EDGE('',*,*,#958,.F.);
#1270=ORIENTED_EDGE('',*,*,#962,.T.);
#1271=ORIENTED_EDGE('',*,*,#963,.T.);
#1272=ORIENTED_EDGE('',*,*,#964,.T.);
#1273=ORIENTED_EDGE('',*,*,#960,.F.);
#1274=ORIENTED_EDGE('',*,*,#965,.T.);
#1275=ORIENTED_EDGE('',*,*,#966,.T.);
#1276=ORIENTED_EDGE('',*,*,#967,.T.);
#1277=ORIENTED_EDGE('',*,*,#963,.F.);
#1278=ORIENTED_EDGE('',*,*,#968,.T.);
#1279=ORIENTED_EDGE('',*,*,#969,.T.);
#1280=ORIENTED_EDGE('',*,*,#970,.T.);
#1281=ORIENTED_EDGE('',*,*,#966,.F.);
#1282=ORIENTED_EDGE('',*,*,#971,.T.);
#1283=ORIENTED_EDGE('',*,*,#972,.T.);
#1284=ORIENTED_EDGE('',*,*,#973,.T.);
#1285=ORIENTED_EDGE('',*,*,#969,.F.);
#1286=ORIENTED_EDGE('',*,*,#974,.T.);
#1287=ORIENTED_EDGE('',*,*,#975,.T.);
#1288=ORIENTED_EDGE('',*,*,#976,.T.);
#1289=ORIENTED_EDGE('',*,*,#972,.F.);
#1290=ORIENTED_EDGE('',*,*,#977,.T.);
#1291=ORIENTED_EDGE('',*,*,#956,.F.);
#1292=ORIENTED_EDGE('',*,*,#978,.T.);
#1293=ORIENTED_EDGE('',*,*,#975,.F.);
#1294=ORIENTED_EDGE('',*,*,#979,.T.);
#1295=ORIENTED_EDGE('',*,*,#968,.F.);
#1296=ORIENTED_EDGE('',*,*,#980,.T.);
#1297=ORIENTED_EDGE('',*,*,#981,.T.);
#1298=ORIENTED_EDGE('',*,*,#982,.F.);
#1299=ORIENTED_EDGE('',*,*,#965,.F.);
#1300=ORIENTED_EDGE('',*,*,#983,.T.);
#1301=ORIENTED_EDGE('',*,*,#984,.T.);
#1302=ORIENTED_EDGE('',*,*,#980,.F.);
#1303=ORIENTED_EDGE('',*,*,#962,.F.);
#1304=ORIENTED_EDGE('',*,*,#985,.T.);
#1305=ORIENTED_EDGE('',*,*,#986,.T.);
#1306=ORIENTED_EDGE('',*,*,#983,.F.);
#1307=ORIENTED_EDGE('',*,*,#957,.F.);
#1308=ORIENTED_EDGE('',*,*,#987,.T.);
#1309=ORIENTED_EDGE('',*,*,#988,.T.);
#1310=ORIENTED_EDGE('',*,*,#985,.F.);
#1311=ORIENTED_EDGE('',*,*,#959,.F.);
#1312=ORIENTED_EDGE('',*,*,#961,.F.);
#1313=ORIENTED_EDGE('',*,*,#964,.F.);
#1314=ORIENTED_EDGE('',*,*,#967,.F.);
#1315=ORIENTED_EDGE('',*,*,#970,.F.);
#1316=ORIENTED_EDGE('',*,*,#973,.F.);
#1317=ORIENTED_EDGE('',*,*,#976,.F.);
#1318=ORIENTED_EDGE('',*,*,#978,.F.);
#1319=ORIENTED_EDGE('',*,*,#988,.F.);
#1320=ORIENTED_EDGE('',*,*,#989,.F.);
#1321=ORIENTED_EDGE('',*,*,#990,.F.);
#1322=ORIENTED_EDGE('',*,*,#991,.F.);
#1323=ORIENTED_EDGE('',*,*,#992,.F.);
#1324=ORIENTED_EDGE('',*,*,#981,.F.);
#1325=ORIENTED_EDGE('',*,*,#984,.F.);
#1326=ORIENTED_EDGE('',*,*,#986,.F.);
#1327=ORIENTED_EDGE('',*,*,#979,.F.);
#1328=ORIENTED_EDGE('',*,*,#993,.T.);
#1329=ORIENTED_EDGE('',*,*,#989,.T.);
#1330=ORIENTED_EDGE('',*,*,#987,.F.);
#1331=ORIENTED_EDGE('',*,*,#977,.F.);
#1332=ORIENTED_EDGE('',*,*,#994,.T.);
#1333=ORIENTED_EDGE('',*,*,#990,.T.);
#1334=ORIENTED_EDGE('',*,*,#993,.F.);
#1335=ORIENTED_EDGE('',*,*,#974,.F.);
#1336=ORIENTED_EDGE('',*,*,#995,.T.);
#1337=ORIENTED_EDGE('',*,*,#991,.T.);
#1338=ORIENTED_EDGE('',*,*,#994,.F.);
#1339=ORIENTED_EDGE('',*,*,#971,.F.);
#1340=ORIENTED_EDGE('',*,*,#982,.T.);
#1341=ORIENTED_EDGE('',*,*,#992,.T.);
#1342=ORIENTED_EDGE('',*,*,#995,.F.);
#1343=ORIENTED_EDGE('',*,*,#996,.F.);
#1344=ORIENTED_EDGE('',*,*,#997,.F.);
#1345=ORIENTED_EDGE('',*,*,#998,.F.);
#1346=ORIENTED_EDGE('',*,*,#999,.F.);
#1347=ORIENTED_EDGE('',*,*,#996,.T.);
#1348=ORIENTED_EDGE('',*,*,#1000,.F.);
#1349=ORIENTED_EDGE('',*,*,#1001,.T.);
#1350=ORIENTED_EDGE('',*,*,#1002,.T.);
#1351=ORIENTED_EDGE('',*,*,#1003,.T.);
#1352=ORIENTED_EDGE('',*,*,#1004,.T.);
#1353=ORIENTED_EDGE('',*,*,#999,.T.);
#1354=ORIENTED_EDGE('',*,*,#1005,.F.);
#1355=ORIENTED_EDGE('',*,*,#1006,.F.);
#1356=ORIENTED_EDGE('',*,*,#1000,.T.);
#1357=ORIENTED_EDGE('',*,*,#1003,.F.);
#1358=ORIENTED_EDGE('',*,*,#1007,.T.);
#1359=ORIENTED_EDGE('',*,*,#1008,.T.);
#1360=ORIENTED_EDGE('',*,*,#1009,.T.);
#1361=ORIENTED_EDGE('',*,*,#1010,.F.);
#1362=ORIENTED_EDGE('',*,*,#1011,.T.);
#1363=ORIENTED_EDGE('',*,*,#1006,.T.);
#1364=ORIENTED_EDGE('',*,*,#1012,.F.);
#1365=ORIENTED_EDGE('',*,*,#1013,.F.);
#1366=ORIENTED_EDGE('',*,*,#1014,.F.);
#1367=ORIENTED_EDGE('',*,*,#1015,.F.);
#1368=ORIENTED_EDGE('',*,*,#1001,.F.);
#1369=ORIENTED_EDGE('',*,*,#998,.T.);
#1370=ORIENTED_EDGE('',*,*,#1016,.F.);
#1371=ORIENTED_EDGE('',*,*,#1010,.T.);
#1372=ORIENTED_EDGE('',*,*,#1017,.T.);
#1373=ORIENTED_EDGE('',*,*,#1012,.T.);
#1374=ORIENTED_EDGE('',*,*,#1005,.T.);
#1375=ORIENTED_EDGE('',*,*,#997,.T.);
#1376=ORIENTED_EDGE('',*,*,#1004,.F.);
#1377=ORIENTED_EDGE('',*,*,#1011,.F.);
#1378=ORIENTED_EDGE('',*,*,#1016,.T.);
#1379=ORIENTED_EDGE('',*,*,#1009,.F.);
#1380=ORIENTED_EDGE('',*,*,#1018,.T.);
#1381=ORIENTED_EDGE('',*,*,#1013,.T.);
#1382=ORIENTED_EDGE('',*,*,#1017,.F.);
#1383=ORIENTED_EDGE('',*,*,#1008,.F.);
#1384=ORIENTED_EDGE('',*,*,#1019,.T.);
#1385=ORIENTED_EDGE('',*,*,#1014,.T.);
#1386=ORIENTED_EDGE('',*,*,#1018,.F.);
#1387=ORIENTED_EDGE('',*,*,#1007,.F.);
#1388=ORIENTED_EDGE('',*,*,#1002,.F.);
#1389=ORIENTED_EDGE('',*,*,#1015,.T.);
#1390=ORIENTED_EDGE('',*,*,#1019,.F.);
#1391=ORIENTED_EDGE('',*,*,#1020,.F.);
#1392=ORIENTED_EDGE('',*,*,#1021,.F.);
#1393=ORIENTED_EDGE('',*,*,#1022,.F.);
#1394=ORIENTED_EDGE('',*,*,#1023,.F.);
#1395=ORIENTED_EDGE('',*,*,#1020,.T.);
#1396=ORIENTED_EDGE('',*,*,#1024,.F.);
#1397=ORIENTED_EDGE('',*,*,#1025,.T.);
#1398=ORIENTED_EDGE('',*,*,#1026,.T.);
#1399=ORIENTED_EDGE('',*,*,#1027,.T.);
#1400=ORIENTED_EDGE('',*,*,#1028,.T.);
#1401=ORIENTED_EDGE('',*,*,#1023,.T.);
#1402=ORIENTED_EDGE('',*,*,#1029,.F.);
#1403=ORIENTED_EDGE('',*,*,#1030,.F.);
#1404=ORIENTED_EDGE('',*,*,#1024,.T.);
#1405=ORIENTED_EDGE('',*,*,#1030,.T.);
#1406=ORIENTED_EDGE('',*,*,#1031,.F.);
#1407=ORIENTED_EDGE('',*,*,#1032,.F.);
#1408=ORIENTED_EDGE('',*,*,#1033,.F.);
#1409=ORIENTED_EDGE('',*,*,#1025,.F.);
#1410=ORIENTED_EDGE('',*,*,#1022,.T.);
#1411=ORIENTED_EDGE('',*,*,#1034,.F.);
#1412=ORIENTED_EDGE('',*,*,#1035,.T.);
#1413=ORIENTED_EDGE('',*,*,#1036,.T.);
#1414=ORIENTED_EDGE('',*,*,#1031,.T.);
#1415=ORIENTED_EDGE('',*,*,#1029,.T.);
#1416=ORIENTED_EDGE('',*,*,#1021,.T.);
#1417=ORIENTED_EDGE('',*,*,#1028,.F.);
#1418=ORIENTED_EDGE('',*,*,#1037,.F.);
#1419=ORIENTED_EDGE('',*,*,#1034,.T.);
#1420=ORIENTED_EDGE('',*,*,#1027,.F.);
#1421=ORIENTED_EDGE('',*,*,#1038,.T.);
#1422=ORIENTED_EDGE('',*,*,#1039,.T.);
#1423=ORIENTED_EDGE('',*,*,#1035,.F.);
#1424=ORIENTED_EDGE('',*,*,#1037,.T.);
#1425=ORIENTED_EDGE('',*,*,#1039,.F.);
#1426=ORIENTED_EDGE('',*,*,#1040,.T.);
#1427=ORIENTED_EDGE('',*,*,#1032,.T.);
#1428=ORIENTED_EDGE('',*,*,#1036,.F.);
#1429=ORIENTED_EDGE('',*,*,#1038,.F.);
#1430=ORIENTED_EDGE('',*,*,#1026,.F.);
#1431=ORIENTED_EDGE('',*,*,#1033,.T.);
#1432=ORIENTED_EDGE('',*,*,#1040,.F.);
#1433=ORIENTED_EDGE('',*,*,#1041,.F.);
#1434=ORIENTED_EDGE('',*,*,#1042,.F.);
#1435=ORIENTED_EDGE('',*,*,#1043,.F.);
#1436=ORIENTED_EDGE('',*,*,#1044,.F.);
#1437=ORIENTED_EDGE('',*,*,#1041,.T.);
#1438=ORIENTED_EDGE('',*,*,#1045,.F.);
#1439=ORIENTED_EDGE('',*,*,#1046,.T.);
#1440=ORIENTED_EDGE('',*,*,#1047,.T.);
#1441=ORIENTED_EDGE('',*,*,#1048,.T.);
#1442=ORIENTED_EDGE('',*,*,#1049,.T.);
#1443=ORIENTED_EDGE('',*,*,#1044,.T.);
#1444=ORIENTED_EDGE('',*,*,#1050,.F.);
#1445=ORIENTED_EDGE('',*,*,#1051,.F.);
#1446=ORIENTED_EDGE('',*,*,#1045,.T.);
#1447=ORIENTED_EDGE('',*,*,#1048,.F.);
#1448=ORIENTED_EDGE('',*,*,#1052,.T.);
#1449=ORIENTED_EDGE('',*,*,#1053,.T.);
#1450=ORIENTED_EDGE('',*,*,#1054,.F.);
#1451=ORIENTED_EDGE('',*,*,#1055,.T.);
#1452=ORIENTED_EDGE('',*,*,#1051,.T.);
#1453=ORIENTED_EDGE('',*,*,#1056,.F.);
#1454=ORIENTED_EDGE('',*,*,#1057,.F.);
#1455=ORIENTED_EDGE('',*,*,#1058,.F.);
#1456=ORIENTED_EDGE('',*,*,#1046,.F.);
#1457=ORIENTED_EDGE('',*,*,#1043,.T.);
#1458=ORIENTED_EDGE('',*,*,#1059,.F.);
#1459=ORIENTED_EDGE('',*,*,#1054,.T.);
#1460=ORIENTED_EDGE('',*,*,#1060,.T.);
#1461=ORIENTED_EDGE('',*,*,#1056,.T.);
#1462=ORIENTED_EDGE('',*,*,#1050,.T.);
#1463=ORIENTED_EDGE('',*,*,#1042,.T.);
#1464=ORIENTED_EDGE('',*,*,#1049,.F.);
#1465=ORIENTED_EDGE('',*,*,#1055,.F.);
#1466=ORIENTED_EDGE('',*,*,#1059,.T.);
#1467=ORIENTED_EDGE('',*,*,#1053,.F.);
#1468=ORIENTED_EDGE('',*,*,#1061,.T.);
#1469=ORIENTED_EDGE('',*,*,#1057,.T.);
#1470=ORIENTED_EDGE('',*,*,#1060,.F.);
#1471=ORIENTED_EDGE('',*,*,#1052,.F.);
#1472=ORIENTED_EDGE('',*,*,#1047,.F.);
#1473=ORIENTED_EDGE('',*,*,#1058,.T.);
#1474=ORIENTED_EDGE('',*,*,#1061,.F.);
#1475=ORIENTED_EDGE('',*,*,#1062,.F.);
#1476=ORIENTED_EDGE('',*,*,#1063,.F.);
#1477=ORIENTED_EDGE('',*,*,#1064,.F.);
#1478=ORIENTED_EDGE('',*,*,#1065,.F.);
#1479=ORIENTED_EDGE('',*,*,#1062,.T.);
#1480=ORIENTED_EDGE('',*,*,#1066,.F.);
#1481=ORIENTED_EDGE('',*,*,#1067,.T.);
#1482=ORIENTED_EDGE('',*,*,#1068,.T.);
#1483=ORIENTED_EDGE('',*,*,#1069,.T.);
#1484=ORIENTED_EDGE('',*,*,#1070,.T.);
#1485=ORIENTED_EDGE('',*,*,#1065,.T.);
#1486=ORIENTED_EDGE('',*,*,#1071,.F.);
#1487=ORIENTED_EDGE('',*,*,#1072,.F.);
#1488=ORIENTED_EDGE('',*,*,#1066,.T.);
#1489=ORIENTED_EDGE('',*,*,#1072,.T.);
#1490=ORIENTED_EDGE('',*,*,#1073,.F.);
#1491=ORIENTED_EDGE('',*,*,#1074,.F.);
#1492=ORIENTED_EDGE('',*,*,#1075,.F.);
#1493=ORIENTED_EDGE('',*,*,#1067,.F.);
#1494=ORIENTED_EDGE('',*,*,#1063,.T.);
#1495=ORIENTED_EDGE('',*,*,#1070,.F.);
#1496=ORIENTED_EDGE('',*,*,#1076,.F.);
#1497=ORIENTED_EDGE('',*,*,#1077,.T.);
#1498=ORIENTED_EDGE('',*,*,#1069,.F.);
#1499=ORIENTED_EDGE('',*,*,#1078,.T.);
#1500=ORIENTED_EDGE('',*,*,#1079,.T.);
#1501=ORIENTED_EDGE('',*,*,#1080,.F.);
#1502=ORIENTED_EDGE('',*,*,#1076,.T.);
#1503=ORIENTED_EDGE('',*,*,#1064,.T.);
#1504=ORIENTED_EDGE('',*,*,#1077,.F.);
#1505=ORIENTED_EDGE('',*,*,#1080,.T.);
#1506=ORIENTED_EDGE('',*,*,#1081,.T.);
#1507=ORIENTED_EDGE('',*,*,#1073,.T.);
#1508=ORIENTED_EDGE('',*,*,#1071,.T.);
#1509=ORIENTED_EDGE('',*,*,#1078,.F.);
#1510=ORIENTED_EDGE('',*,*,#1068,.F.);
#1511=ORIENTED_EDGE('',*,*,#1075,.T.);
#1512=ORIENTED_EDGE('',*,*,#1082,.F.);
#1513=ORIENTED_EDGE('',*,*,#1079,.F.);
#1514=ORIENTED_EDGE('',*,*,#1082,.T.);
#1515=ORIENTED_EDGE('',*,*,#1074,.T.);
#1516=ORIENTED_EDGE('',*,*,#1081,.F.);
#1517=ORIENTED_EDGE('',*,*,#1083,.F.);
#1518=ORIENTED_EDGE('',*,*,#1084,.F.);
#1519=ORIENTED_EDGE('',*,*,#1085,.F.);
#1520=ORIENTED_EDGE('',*,*,#1086,.F.);
#1521=ORIENTED_EDGE('',*,*,#1083,.T.);
#1522=ORIENTED_EDGE('',*,*,#1087,.F.);
#1523=ORIENTED_EDGE('',*,*,#1088,.T.);
#1524=ORIENTED_EDGE('',*,*,#1089,.T.);
#1525=ORIENTED_EDGE('',*,*,#1090,.T.);
#1526=ORIENTED_EDGE('',*,*,#1091,.T.);
#1527=ORIENTED_EDGE('',*,*,#1086,.T.);
#1528=ORIENTED_EDGE('',*,*,#1092,.F.);
#1529=ORIENTED_EDGE('',*,*,#1093,.F.);
#1530=ORIENTED_EDGE('',*,*,#1087,.T.);
#1531=ORIENTED_EDGE('',*,*,#1090,.F.);
#1532=ORIENTED_EDGE('',*,*,#1094,.T.);
#1533=ORIENTED_EDGE('',*,*,#1095,.T.);
#1534=ORIENTED_EDGE('',*,*,#1096,.T.);
#1535=ORIENTED_EDGE('',*,*,#1097,.F.);
#1536=ORIENTED_EDGE('',*,*,#1098,.T.);
#1537=ORIENTED_EDGE('',*,*,#1093,.T.);
#1538=ORIENTED_EDGE('',*,*,#1099,.F.);
#1539=ORIENTED_EDGE('',*,*,#1100,.F.);
#1540=ORIENTED_EDGE('',*,*,#1101,.F.);
#1541=ORIENTED_EDGE('',*,*,#1102,.F.);
#1542=ORIENTED_EDGE('',*,*,#1088,.F.);
#1543=ORIENTED_EDGE('',*,*,#1096,.F.);
#1544=ORIENTED_EDGE('',*,*,#1103,.T.);
#1545=ORIENTED_EDGE('',*,*,#1100,.T.);
#1546=ORIENTED_EDGE('',*,*,#1104,.F.);
#1547=ORIENTED_EDGE('',*,*,#1095,.F.);
#1548=ORIENTED_EDGE('',*,*,#1105,.T.);
#1549=ORIENTED_EDGE('',*,*,#1101,.T.);
#1550=ORIENTED_EDGE('',*,*,#1103,.F.);
#1551=ORIENTED_EDGE('',*,*,#1094,.F.);
#1552=ORIENTED_EDGE('',*,*,#1089,.F.);
#1553=ORIENTED_EDGE('',*,*,#1102,.T.);
#1554=ORIENTED_EDGE('',*,*,#1105,.F.);
#1555=ORIENTED_EDGE('',*,*,#1085,.T.);
#1556=ORIENTED_EDGE('',*,*,#1106,.F.);
#1557=ORIENTED_EDGE('',*,*,#1097,.T.);
#1558=ORIENTED_EDGE('',*,*,#1104,.T.);
#1559=ORIENTED_EDGE('',*,*,#1099,.T.);
#1560=ORIENTED_EDGE('',*,*,#1092,.T.);
#1561=ORIENTED_EDGE('',*,*,#1084,.T.);
#1562=ORIENTED_EDGE('',*,*,#1091,.F.);
#1563=ORIENTED_EDGE('',*,*,#1098,.F.);
#1564=ORIENTED_EDGE('',*,*,#1106,.T.);
#1565=ORIENTED_EDGE('',*,*,#1107,.F.);
#1566=ORIENTED_EDGE('',*,*,#1108,.F.);
#1567=ORIENTED_EDGE('',*,*,#1109,.F.);
#1568=ORIENTED_EDGE('',*,*,#1110,.F.);
#1569=ORIENTED_EDGE('',*,*,#1111,.F.);
#1570=ORIENTED_EDGE('',*,*,#1112,.F.);
#1571=ORIENTED_EDGE('',*,*,#1113,.F.);
#1572=ORIENTED_EDGE('',*,*,#1114,.F.);
#1573=ORIENTED_EDGE('',*,*,#1107,.T.);
#1574=ORIENTED_EDGE('',*,*,#1115,.F.);
#1575=ORIENTED_EDGE('',*,*,#1116,.T.);
#1576=ORIENTED_EDGE('',*,*,#1117,.T.);
#1577=ORIENTED_EDGE('',*,*,#1118,.T.);
#1578=ORIENTED_EDGE('',*,*,#1119,.T.);
#1579=ORIENTED_EDGE('',*,*,#1110,.T.);
#1580=ORIENTED_EDGE('',*,*,#1120,.F.);
#1581=ORIENTED_EDGE('',*,*,#1121,.F.);
#1582=ORIENTED_EDGE('',*,*,#1115,.T.);
#1583=ORIENTED_EDGE('',*,*,#1111,.T.);
#1584=ORIENTED_EDGE('',*,*,#1122,.F.);
#1585=ORIENTED_EDGE('',*,*,#1123,.T.);
#1586=ORIENTED_EDGE('',*,*,#1124,.F.);
#1587=ORIENTED_EDGE('',*,*,#1125,.F.);
#1588=ORIENTED_EDGE('',*,*,#1126,.F.);
#1589=ORIENTED_EDGE('',*,*,#1114,.T.);
#1590=ORIENTED_EDGE('',*,*,#1127,.F.);
#1591=ORIENTED_EDGE('',*,*,#1128,.F.);
#1592=ORIENTED_EDGE('',*,*,#1122,.T.);
#1593=ORIENTED_EDGE('',*,*,#1125,.T.);
#1594=ORIENTED_EDGE('',*,*,#1129,.T.);
#1595=ORIENTED_EDGE('',*,*,#1130,.F.);
#1596=ORIENTED_EDGE('',*,*,#1131,.T.);
#1597=ORIENTED_EDGE('',*,*,#1118,.F.);
#1598=ORIENTED_EDGE('',*,*,#1132,.T.);
#1599=ORIENTED_EDGE('',*,*,#1133,.T.);
#1600=ORIENTED_EDGE('',*,*,#1134,.T.);
#1601=ORIENTED_EDGE('',*,*,#1128,.T.);
#1602=ORIENTED_EDGE('',*,*,#1135,.F.);
#1603=ORIENTED_EDGE('',*,*,#1136,.F.);
#1604=ORIENTED_EDGE('',*,*,#1116,.F.);
#1605=ORIENTED_EDGE('',*,*,#1121,.T.);
#1606=ORIENTED_EDGE('',*,*,#1137,.F.);
#1607=ORIENTED_EDGE('',*,*,#1138,.F.);
#1608=ORIENTED_EDGE('',*,*,#1123,.F.);
#1609=ORIENTED_EDGE('',*,*,#1112,.T.);
#1610=ORIENTED_EDGE('',*,*,#1126,.T.);
#1611=ORIENTED_EDGE('',*,*,#1134,.F.);
#1612=ORIENTED_EDGE('',*,*,#1139,.T.);
#1613=ORIENTED_EDGE('',*,*,#1109,.T.);
#1614=ORIENTED_EDGE('',*,*,#1140,.F.);
#1615=ORIENTED_EDGE('',*,*,#1130,.T.);
#1616=ORIENTED_EDGE('',*,*,#1141,.T.);
#1617=ORIENTED_EDGE('',*,*,#1137,.T.);
#1618=ORIENTED_EDGE('',*,*,#1120,.T.);
#1619=ORIENTED_EDGE('',*,*,#1132,.F.);
#1620=ORIENTED_EDGE('',*,*,#1117,.F.);
#1621=ORIENTED_EDGE('',*,*,#1136,.T.);
#1622=ORIENTED_EDGE('',*,*,#1142,.F.);
#1623=ORIENTED_EDGE('',*,*,#1113,.T.);
#1624=ORIENTED_EDGE('',*,*,#1139,.F.);
#1625=ORIENTED_EDGE('',*,*,#1133,.F.);
#1626=ORIENTED_EDGE('',*,*,#1142,.T.);
#1627=ORIENTED_EDGE('',*,*,#1135,.T.);
#1628=ORIENTED_EDGE('',*,*,#1127,.T.);
#1629=ORIENTED_EDGE('',*,*,#1129,.F.);
#1630=ORIENTED_EDGE('',*,*,#1124,.T.);
#1631=ORIENTED_EDGE('',*,*,#1138,.T.);
#1632=ORIENTED_EDGE('',*,*,#1141,.F.);
#1633=ORIENTED_EDGE('',*,*,#1108,.T.);
#1634=ORIENTED_EDGE('',*,*,#1119,.F.);
#1635=ORIENTED_EDGE('',*,*,#1131,.F.);
#1636=ORIENTED_EDGE('',*,*,#1140,.T.);
#1637=CYLINDRICAL_SURFACE('',#1791,0.185188360849166);
#1638=CYLINDRICAL_SURFACE('',#1805,0.170114823060224);
#1639=CYLINDRICAL_SURFACE('',#1808,0.185188360849167);
#1640=CYLINDRICAL_SURFACE('',#1819,0.170114823060223);
#1641=CYLINDRICAL_SURFACE('',#1821,0.185188360849167);
#1642=CYLINDRICAL_SURFACE('',#1822,0.150114823060224);
#1643=CYLINDRICAL_SURFACE('',#1823,0.150114823060224);
#1644=CYLINDRICAL_SURFACE('',#1825,0.170114823060224);
#1645=CYLINDRICAL_SURFACE('',#1827,0.185188360849167);
#1646=CYLINDRICAL_SURFACE('',#1829,0.150114823060224);
#1647=CYLINDRICAL_SURFACE('',#1833,0.05);
#1648=CYLINDRICAL_SURFACE('',#1840,0.05);
#1649=CYLINDRICAL_SURFACE('',#1846,0.05);
#1650=CYLINDRICAL_SURFACE('',#1852,0.05);
#1651=CYLINDRICAL_SURFACE('',#1857,0.2);
#1652=CYLINDRICAL_SURFACE('',#1860,0.2);
#1653=CYLINDRICAL_SURFACE('',#1867,0.2);
#1654=CYLINDRICAL_SURFACE('',#1869,0.2);
#1655=CYLINDRICAL_SURFACE('',#1875,0.170114823060224);
#1656=CYLINDRICAL_SURFACE('',#1881,0.150114823060224);
#1657=CYLINDRICAL_SURFACE('',#1889,0.185188360849167);
#1658=CYLINDRICAL_SURFACE('',#1893,0.165188360849167);
#1659=CYLINDRICAL_SURFACE('',#1902,0.185188360849167);
#1660=CYLINDRICAL_SURFACE('',#1908,0.165188360849166);
#1661=CYLINDRICAL_SURFACE('',#1915,0.185188360849166);
#1662=CYLINDRICAL_SURFACE('',#1918,0.165188360849166);
#1663=CYLINDRICAL_SURFACE('',#1928,0.170114823060224);
#1664=CYLINDRICAL_SURFACE('',#1937,0.150114823060224);
#1665=CYLINDRICAL_SURFACE('',#1945,0.185188360849167);
#1666=CYLINDRICAL_SURFACE('',#1948,0.170114823060223);
#1667=CYLINDRICAL_SURFACE('',#1954,0.150114823060224);
#1668=CYLINDRICAL_SURFACE('',#1959,0.165188360849167);
#1669=ADVANCED_FACE('',(#106),#1637,.F.);
#1670=ADVANCED_FACE('',(#107),#41,.T.);
#1671=ADVANCED_FACE('',(#108),#42,.T.);
#1672=ADVANCED_FACE('',(#109),#1638,.F.);
#1673=ADVANCED_FACE('',(#110),#43,.T.);
#1674=ADVANCED_FACE('',(#111),#1639,.F.);
#1675=ADVANCED_FACE('',(#112),#44,.T.);
#1676=ADVANCED_FACE('',(#113),#45,.T.);
#1677=ADVANCED_FACE('',(#114),#1640,.F.);
#1678=ADVANCED_FACE('',(#115),#46,.T.);
#1679=ADVANCED_FACE('',(#116),#1641,.F.);
#1680=ADVANCED_FACE('',(#117),#1642,.F.);
#1681=ADVANCED_FACE('',(#118),#1643,.F.);
#1682=ADVANCED_FACE('',(#119),#47,.T.);
#1683=ADVANCED_FACE('',(#120),#1644,.F.);
#1684=ADVANCED_FACE('',(#121),#48,.T.);
#1685=ADVANCED_FACE('',(#122),#1645,.F.);
#1686=ADVANCED_FACE('',(#123),#49,.T.);
#1687=ADVANCED_FACE('',(#124),#1646,.F.);
#1688=ADVANCED_FACE('',(#125),#50,.T.);
#1689=ADVANCED_FACE('',(#126),#51,.T.);
#1690=ADVANCED_FACE('',(#127),#52,.T.);
#1691=ADVANCED_FACE('',(#128),#1647,.T.);
#1692=ADVANCED_FACE('',(#129),#13,.T.);
#1693=ADVANCED_FACE('',(#130),#1648,.T.);
#1694=ADVANCED_FACE('',(#131),#14,.T.);
#1695=ADVANCED_FACE('',(#132),#1649,.T.);
#1696=ADVANCED_FACE('',(#133),#15,.T.);
#1697=ADVANCED_FACE('',(#134),#1650,.T.);
#1698=ADVANCED_FACE('',(#135),#16,.T.);
#1699=ADVANCED_FACE('',(#136),#1651,.T.);
#1700=ADVANCED_FACE('',(#137),#53,.F.);
#1701=ADVANCED_FACE('',(#138),#1652,.T.);
#1702=ADVANCED_FACE('',(#139),#54,.F.);
#1703=ADVANCED_FACE('',(#140),#55,.T.);
#1704=ADVANCED_FACE('',(#141),#56,.F.);
#1705=ADVANCED_FACE('',(#142),#1653,.T.);
#1706=ADVANCED_FACE('',(#143),#57,.F.);
#1707=ADVANCED_FACE('',(#144),#1654,.T.);
#1708=ADVANCED_FACE('',(#145),#58,.F.);
#1709=ADVANCED_FACE('',(#146),#59,.F.);
#1710=ADVANCED_FACE('',(#147),#60,.T.);
#1711=ADVANCED_FACE('',(#148),#1655,.T.);
#1712=ADVANCED_FACE('',(#149),#61,.F.);
#1713=ADVANCED_FACE('',(#150),#62,.F.);
#1714=ADVANCED_FACE('',(#151),#63,.T.);
#1715=ADVANCED_FACE('',(#152),#1656,.F.);
#1716=ADVANCED_FACE('',(#153),#64,.F.);
#1717=ADVANCED_FACE('',(#154),#65,.F.);
#1718=ADVANCED_FACE('',(#155),#66,.F.);
#1719=ADVANCED_FACE('',(#156),#67,.F.);
#1720=ADVANCED_FACE('',(#157),#68,.T.);
#1721=ADVANCED_FACE('',(#158),#1657,.T.);
#1722=ADVANCED_FACE('',(#159),#69,.F.);
#1723=ADVANCED_FACE('',(#160),#70,.T.);
#1724=ADVANCED_FACE('',(#161),#1658,.F.);
#1725=ADVANCED_FACE('',(#162),#71,.F.);
#1726=ADVANCED_FACE('',(#163),#72,.F.);
#1727=ADVANCED_FACE('',(#164),#73,.F.);
#1728=ADVANCED_FACE('',(#165),#74,.F.);
#1729=ADVANCED_FACE('',(#166),#75,.T.);
#1730=ADVANCED_FACE('',(#167),#1659,.T.);
#1731=ADVANCED_FACE('',(#168),#76,.F.);
#1732=ADVANCED_FACE('',(#169),#77,.F.);
#1733=ADVANCED_FACE('',(#170),#78,.T.);
#1734=ADVANCED_FACE('',(#171),#1660,.F.);
#1735=ADVANCED_FACE('',(#172),#79,.F.);
#1736=ADVANCED_FACE('',(#173),#80,.F.);
#1737=ADVANCED_FACE('',(#174),#81,.F.);
#1738=ADVANCED_FACE('',(#175),#82,.T.);
#1739=ADVANCED_FACE('',(#176),#1661,.T.);
#1740=ADVANCED_FACE('',(#177),#83,.F.);
#1741=ADVANCED_FACE('',(#178),#1662,.F.);
#1742=ADVANCED_FACE('',(#179),#84,.F.);
#1743=ADVANCED_FACE('',(#180),#85,.T.);
#1744=ADVANCED_FACE('',(#181),#86,.F.);
#1745=ADVANCED_FACE('',(#182),#87,.F.);
#1746=ADVANCED_FACE('',(#183),#88,.F.);
#1747=ADVANCED_FACE('',(#184),#89,.T.);
#1748=ADVANCED_FACE('',(#185),#1663,.T.);
#1749=ADVANCED_FACE('',(#186),#90,.F.);
#1750=ADVANCED_FACE('',(#187),#91,.F.);
#1751=ADVANCED_FACE('',(#188),#92,.F.);
#1752=ADVANCED_FACE('',(#189),#93,.F.);
#1753=ADVANCED_FACE('',(#190),#94,.F.);
#1754=ADVANCED_FACE('',(#191),#95,.T.);
#1755=ADVANCED_FACE('',(#192),#1664,.F.);
#1756=ADVANCED_FACE('',(#193),#96,.F.);
#1757=ADVANCED_FACE('',(#194),#97,.F.);
#1758=ADVANCED_FACE('',(#195),#98,.T.);
#1759=ADVANCED_FACE('',(#196),#1665,.T.);
#1760=ADVANCED_FACE('',(#197),#99,.F.);
#1761=ADVANCED_FACE('',(#198),#1666,.T.);
#1762=ADVANCED_FACE('',(#199),#100,.F.);
#1763=ADVANCED_FACE('',(#200),#101,.F.);
#1764=ADVANCED_FACE('',(#201),#1667,.F.);
#1765=ADVANCED_FACE('',(#202),#102,.T.);
#1766=ADVANCED_FACE('',(#203),#103,.F.);
#1767=ADVANCED_FACE('',(#204),#104,.F.);
#1768=ADVANCED_FACE('',(#205),#105,.F.);
#1769=ADVANCED_FACE('',(#206),#1668,.F.);
#1770=CLOSED_SHELL('',(#1669,#1670,#1671,#1672,#1673,#1674,#1675,#1676,
#1677,#1678,#1679,#1680,#1681,#1682,#1683,#1684,#1685,#1686,#1687,#1688,
#1689,#1690));
#1771=CLOSED_SHELL('',(#1691,#1692,#1693,#1694,#1695,#1696,#1697,#1698,
#1699,#1700,#1701,#1702,#1703,#1704,#1705,#1706,#1707,#1708));
#1772=CLOSED_SHELL('',(#1709,#1710,#1711,#1712,#1713,#1714,#1715,#1716,
#1717,#1718));
#1773=CLOSED_SHELL('',(#1719,#1720,#1721,#1722,#1723,#1724,#1725,#1726,
#1727));
#1774=CLOSED_SHELL('',(#1728,#1729,#1730,#1731,#1732,#1733,#1734,#1735,
#1736));
#1775=CLOSED_SHELL('',(#1737,#1738,#1739,#1740,#1741,#1742,#1743,#1744,
#1745));
#1776=CLOSED_SHELL('',(#1746,#1747,#1748,#1749,#1750,#1751,#1752,#1753,
#1754,#1755));
#1777=CLOSED_SHELL('',(#1756,#1757,#1758,#1759,#1760,#1761,#1762,#1763,
#1764,#1765,#1766,#1767,#1768,#1769));
#1778=DERIVED_UNIT_ELEMENT(#1780,1.);
#1779=DERIVED_UNIT_ELEMENT(#2995,-3.);
#1780=(
MASS_UNIT()
NAMED_UNIT(*)
SI_UNIT(.KILO.,.GRAM.)
);
#1781=DERIVED_UNIT((#1778,#1779));
#1782=MEASURE_REPRESENTATION_ITEM('density measure',
POSITIVE_RATIO_MEASURE(7850.),#1781);
#1783=PROPERTY_DEFINITION_REPRESENTATION(#1788,#1785);
#1784=PROPERTY_DEFINITION_REPRESENTATION(#1789,#1786);
#1785=REPRESENTATION('material name',(#1787),#2992);
#1786=REPRESENTATION('density',(#1782),#2992);
#1787=DESCRIPTIVE_REPRESENTATION_ITEM('Steel','Steel');
#1788=PROPERTY_DEFINITION('material property','material name',#3002);
#1789=PROPERTY_DEFINITION('material property','density of part',#3002);
#1790=AXIS2_PLACEMENT_3D('',#2479,#1960,#1961);
#1791=AXIS2_PLACEMENT_3D('',#2480,#1962,#1963);
#1792=AXIS2_PLACEMENT_3D('',#2483,#1964,#1965);
#1793=AXIS2_PLACEMENT_3D('',#2487,#1967,#1968);
#1794=AXIS2_PLACEMENT_3D('',#2489,#1970,#1971);
#1795=AXIS2_PLACEMENT_3D('',#2493,#1973,#1974);
#1796=AXIS2_PLACEMENT_3D('',#2497,#1976,#1977);
#1797=AXIS2_PLACEMENT_3D('',#2501,#1979,#1980);
#1798=AXIS2_PLACEMENT_3D('',#2505,#1982,#1983);
#1799=AXIS2_PLACEMENT_3D('',#2509,#1985,#1986);
#1800=AXIS2_PLACEMENT_3D('',#2513,#1988,#1989);
#1801=AXIS2_PLACEMENT_3D('',#2517,#1991,#1992);
#1802=AXIS2_PLACEMENT_3D('',#2521,#1994,#1995);
#1803=AXIS2_PLACEMENT_3D('',#2525,#1997,#1998);
#1804=AXIS2_PLACEMENT_3D('',#2527,#2000,#2001);
#1805=AXIS2_PLACEMENT_3D('',#2531,#2004,#2005);
#1806=AXIS2_PLACEMENT_3D('',#2533,#2006,#2007);
#1807=AXIS2_PLACEMENT_3D('',#2535,#2009,#2010);
#1808=AXIS2_PLACEMENT_3D('',#2539,#2013,#2014);
#1809=AXIS2_PLACEMENT_3D('',#2541,#2015,#2016);
#1810=AXIS2_PLACEMENT_3D('',#2543,#2018,#2019);
#1811=AXIS2_PLACEMENT_3D('',#2547,#2021,#2022);
#1812=AXIS2_PLACEMENT_3D('',#2551,#2024,#2025);
#1813=AXIS2_PLACEMENT_3D('',#2555,#2027,#2028);
#1814=AXIS2_PLACEMENT_3D('',#2559,#2030,#2031);
#1815=AXIS2_PLACEMENT_3D('',#2563,#2033,#2034);
#1816=AXIS2_PLACEMENT_3D('',#2567,#2036,#2037);
#1817=AXIS2_PLACEMENT_3D('',#2571,#2039,#2040);
#1818=AXIS2_PLACEMENT_3D('',#2573,#2042,#2043);
#1819=AXIS2_PLACEMENT_3D('',#2576,#2046,#2047);
#1820=AXIS2_PLACEMENT_3D('',#2578,#2049,#2050);
#1821=AXIS2_PLACEMENT_3D('',#2580,#2052,#2053);
#1822=AXIS2_PLACEMENT_3D('',#2583,#2056,#2057);
#1823=AXIS2_PLACEMENT_3D('',#2585,#2059,#2060);
#1824=AXIS2_PLACEMENT_3D('',#2587,#2062,#2063);
#1825=AXIS2_PLACEMENT_3D('',#2589,#2065,#2066);
#1826=AXIS2_PLACEMENT_3D('',#2591,#2068,#2069);
#1827=AXIS2_PLACEMENT_3D('',#2593,#2071,#2072);
#1828=AXIS2_PLACEMENT_3D('',#2595,#2074,#2075);
#1829=AXIS2_PLACEMENT_3D('',#2597,#2077,#2078);
#1830=AXIS2_PLACEMENT_3D('',#2599,#2080,#2081);
#1831=AXIS2_PLACEMENT_3D('',#2600,#2082,#2083);
#1832=AXIS2_PLACEMENT_3D('',#2601,#2084,#2085);
#1833=AXIS2_PLACEMENT_3D('',#2602,#2086,#2087);
#1834=AXIS2_PLACEMENT_3D('',#2605,#2088,#2089);
#1835=AXIS2_PLACEMENT_3D('',#2609,#2091,#2092);
#1836=AXIS2_PLACEMENT_3D('',#2611,#2094,#2095);
#1837=AXIS2_PLACEMENT_3D('',#2614,#2096,#2097);
#1838=AXIS2_PLACEMENT_3D('',#2615,#2098,#2099);
#1839=AXIS2_PLACEMENT_3D('',#2616,#2100,#2101);
#1840=AXIS2_PLACEMENT_3D('',#2617,#2102,#2103);
#1841=AXIS2_PLACEMENT_3D('',#2620,#2104,#2105);
#1842=AXIS2_PLACEMENT_3D('',#2623,#2108,#2109);
#1843=AXIS2_PLACEMENT_3D('',#2626,#2110,#2111);
#1844=AXIS2_PLACEMENT_3D('',#2627,#2112,#2113);
#1845=AXIS2_PLACEMENT_3D('',#2628,#2114,#2115);
#1846=AXIS2_PLACEMENT_3D('',#2629,#2116,#2117);
#1847=AXIS2_PLACEMENT_3D('',#2632,#2118,#2119);
#1848=AXIS2_PLACEMENT_3D('',#2635,#2122,#2123);
#1849=AXIS2_PLACEMENT_3D('',#2638,#2124,#2125);
#1850=AXIS2_PLACEMENT_3D('',#2639,#2126,#2127);
#1851=AXIS2_PLACEMENT_3D('',#2640,#2128,#2129);
#1852=AXIS2_PLACEMENT_3D('',#2641,#2130,#2131);
#1853=AXIS2_PLACEMENT_3D('',#2644,#2132,#2133);
#1854=AXIS2_PLACEMENT_3D('',#2647,#2136,#2137);
#1855=AXIS2_PLACEMENT_3D('',#2648,#2138,#2139);
#1856=AXIS2_PLACEMENT_3D('',#2649,#2140,#2141);
#1857=AXIS2_PLACEMENT_3D('',#2650,#2142,#2143);
#1858=AXIS2_PLACEMENT_3D('',#2654,#2145,#2146);
#1859=AXIS2_PLACEMENT_3D('',#2656,#2148,#2149);
#1860=AXIS2_PLACEMENT_3D('',#2660,#2152,#2153);
#1861=AXIS2_PLACEMENT_3D('',#2663,#2155,#2156);
#1862=AXIS2_PLACEMENT_3D('',#2664,#2157,#2158);
#1863=AXIS2_PLACEMENT_3D('',#2668,#2161,#2162);
#1864=AXIS2_PLACEMENT_3D('',#2669,#2163,#2164);
#1865=AXIS2_PLACEMENT_3D('',#2671,#2165,#2166);
#1866=AXIS2_PLACEMENT_3D('',#2675,#2168,#2169);
#1867=AXIS2_PLACEMENT_3D('',#2677,#2171,#2172);
#1868=AXIS2_PLACEMENT_3D('',#2679,#2174,#2175);
#1869=AXIS2_PLACEMENT_3D('',#2681,#2177,#2178);
#1870=AXIS2_PLACEMENT_3D('',#2683,#2180,#2181);
#1871=AXIS2_PLACEMENT_3D('',#2684,#2182,#2183);
#1872=AXIS2_PLACEMENT_3D('',#2689,#2185,#2186);
#1873=AXIS2_PLACEMENT_3D('',#2692,#2188,#2189);
#1874=AXIS2_PLACEMENT_3D('',#2693,#2190,#2191);
#1875=AXIS2_PLACEMENT_3D('',#2703,#2197,#2198);
#1876=AXIS2_PLACEMENT_3D('',#2706,#2200,#2201);
#1877=AXIS2_PLACEMENT_3D('',#2707,#2202,#2203);
#1878=AXIS2_PLACEMENT_3D('',#2716,#2208,#2209);
#1879=AXIS2_PLACEMENT_3D('',#2717,#2210,#2211);
#1880=AXIS2_PLACEMENT_3D('',#2725,#2216,#2217);
#1881=AXIS2_PLACEMENT_3D('',#2728,#2220,#2221);
#1882=AXIS2_PLACEMENT_3D('',#2729,#2222,#2223);
#1883=AXIS2_PLACEMENT_3D('',#2731,#2225,#2226);
#1884=AXIS2_PLACEMENT_3D('',#2733,#2228,#2229);
#1885=AXIS2_PLACEMENT_3D('',#2734,#2230,#2231);
#1886=AXIS2_PLACEMENT_3D('',#2739,#2233,#2234);
#1887=AXIS2_PLACEMENT_3D('',#2742,#2236,#2237);
#1888=AXIS2_PLACEMENT_3D('',#2743,#2238,#2239);
#1889=AXIS2_PLACEMENT_3D('',#2753,#2245,#2246);
#1890=AXIS2_PLACEMENT_3D('',#2756,#2248,#2249);
#1891=AXIS2_PLACEMENT_3D('',#2757,#2250,#2251);
#1892=AXIS2_PLACEMENT_3D('',#2763,#2255,#2256);
#1893=AXIS2_PLACEMENT_3D('',#2769,#2260,#2261);
#1894=AXIS2_PLACEMENT_3D('',#2770,#2262,#2263);
#1895=AXIS2_PLACEMENT_3D('',#2771,#2264,#2265);
#1896=AXIS2_PLACEMENT_3D('',#2775,#2268,#2269);
#1897=AXIS2_PLACEMENT_3D('',#2777,#2271,#2272);
#1898=AXIS2_PLACEMENT_3D('',#2778,#2273,#2274);
#1899=AXIS2_PLACEMENT_3D('',#2783,#2276,#2277);
#1900=AXIS2_PLACEMENT_3D('',#2786,#2279,#2280);
#1901=AXIS2_PLACEMENT_3D('',#2787,#2281,#2282);
#1902=AXIS2_PLACEMENT_3D('',#2797,#2288,#2289);
#1903=AXIS2_PLACEMENT_3D('',#2800,#2291,#2292);
#1904=AXIS2_PLACEMENT_3D('',#2801,#2293,#2294);
#1905=AXIS2_PLACEMENT_3D('',#2808,#2298,#2299);
#1906=AXIS2_PLACEMENT_3D('',#2809,#2300,#2301);
#1907=AXIS2_PLACEMENT_3D('',#2815,#2305,#2306);
#1908=AXIS2_PLACEMENT_3D('',#2818,#2309,#2310);
#1909=AXIS2_PLACEMENT_3D('',#2819,#2311,#2312);
#1910=AXIS2_PLACEMENT_3D('',#2821,#2314,#2315);
#1911=AXIS2_PLACEMENT_3D('',#2822,#2316,#2317);
#1912=AXIS2_PLACEMENT_3D('',#2827,#2319,#2320);
#1913=AXIS2_PLACEMENT_3D('',#2830,#2322,#2323);
#1914=AXIS2_PLACEMENT_3D('',#2831,#2324,#2325);
#1915=AXIS2_PLACEMENT_3D('',#2841,#2331,#2332);
#1916=AXIS2_PLACEMENT_3D('',#2844,#2334,#2335);
#1917=AXIS2_PLACEMENT_3D('',#2845,#2336,#2337);
#1918=AXIS2_PLACEMENT_3D('',#2851,#2341,#2342);
#1919=AXIS2_PLACEMENT_3D('',#2853,#2343,#2344);
#1920=AXIS2_PLACEMENT_3D('',#2855,#2346,#2347);
#1921=AXIS2_PLACEMENT_3D('',#2861,#2351,#2352);
#1922=AXIS2_PLACEMENT_3D('',#2863,#2354,#2355);
#1923=AXIS2_PLACEMENT_3D('',#2865,#2357,#2358);
#1924=AXIS2_PLACEMENT_3D('',#2866,#2359,#2360);
#1925=AXIS2_PLACEMENT_3D('',#2871,#2362,#2363);
#1926=AXIS2_PLACEMENT_3D('',#2874,#2365,#2366);
#1927=AXIS2_PLACEMENT_3D('',#2875,#2367,#2368);
#1928=AXIS2_PLACEMENT_3D('',#2885,#2374,#2375);
#1929=AXIS2_PLACEMENT_3D('',#2888,#2377,#2378);
#1930=AXIS2_PLACEMENT_3D('',#2889,#2379,#2380);
#1931=AXIS2_PLACEMENT_3D('',#2898,#2385,#2386);
#1932=AXIS2_PLACEMENT_3D('',#2899,#2387,#2388);
#1933=AXIS2_PLACEMENT_3D('',#2907,#2393,#2394);
#1934=AXIS2_PLACEMENT_3D('',#2910,#2397,#2398);
#1935=AXIS2_PLACEMENT_3D('',#2912,#2400,#2401);
#1936=AXIS2_PLACEMENT_3D('',#2913,#2402,#2403);
#1937=AXIS2_PLACEMENT_3D('',#2915,#2405,#2406);
#1938=AXIS2_PLACEMENT_3D('',#2916,#2407,#2408);
#1939=AXIS2_PLACEMENT_3D('',#2921,#2410,#2411);
#1940=AXIS2_PLACEMENT_3D('',#2924,#2413,#2414);
#1941=AXIS2_PLACEMENT_3D('',#2925,#2415,#2416);
#1942=AXIS2_PLACEMENT_3D('',#2930,#2418,#2419);
#1943=AXIS2_PLACEMENT_3D('',#2933,#2421,#2422);
#1944=AXIS2_PLACEMENT_3D('',#2934,#2423,#2424);
#1945=AXIS2_PLACEMENT_3D('',#2944,#2430,#2431);
#1946=AXIS2_PLACEMENT_3D('',#2947,#2433,#2434);
#1947=AXIS2_PLACEMENT_3D('',#2948,#2435,#2436);
#1948=AXIS2_PLACEMENT_3D('',#2958,#2442,#2443);
#1949=AXIS2_PLACEMENT_3D('',#2961,#2445,#2446);
#1950=AXIS2_PLACEMENT_3D('',#2962,#2447,#2448);
#1951=AXIS2_PLACEMENT_3D('',#2967,#2451,#2452);
#1952=AXIS2_PLACEMENT_3D('',#2972,#2455,#2456);
#1953=AXIS2_PLACEMENT_3D('',#2973,#2457,#2458);
#1954=AXIS2_PLACEMENT_3D('',#2980,#2463,#2464);
#1955=AXIS2_PLACEMENT_3D('',#2982,#2466,#2467);
#1956=AXIS2_PLACEMENT_3D('',#2985,#2470,#2471);
#1957=AXIS2_PLACEMENT_3D('',#2987,#2473,#2474);
#1958=AXIS2_PLACEMENT_3D('',#2988,#2475,#2476);
#1959=AXIS2_PLACEMENT_3D('',#2989,#2477,#2478);
#1960=DIRECTION('axis',(0.,0.,1.));
#1961=DIRECTION('refdir',(1.,0.,0.));
#1962=DIRECTION('center_axis',(0.,0.,1.));
#1963=DIRECTION('ref_axis',(-2.99755076273238E-15,-1.,0.));
#1964=DIRECTION('center_axis',(0.,0.,1.));
#1965=DIRECTION('ref_axis',(-2.99755076273238E-15,-1.,0.));
#1966=DIRECTION('',(0.,0.,1.));
#1967=DIRECTION('center_axis',(0.,0.,-1.));
#1968=DIRECTION('ref_axis',(-2.99755076273238E-15,-1.,0.));
#1969=DIRECTION('',(0.,0.,-1.));
#1970=DIRECTION('center_axis',(0.,0.,1.));
#1971=DIRECTION('ref_axis',(-1.,0.,0.));
#1972=DIRECTION('',(1.,0.,0.));
#1973=DIRECTION('center_axis',(0.,0.,-1.));
#1974=DIRECTION('ref_axis',(1.,0.,0.));
#1975=DIRECTION('',(1.,0.,0.));
#1976=DIRECTION('center_axis',(0.,0.,-1.));
#1977=DIRECTION('ref_axis',(1.,-1.49877538136619E-15,0.));
#1978=DIRECTION('',(0.,1.,0.));
#1979=DIRECTION('center_axis',(0.,0.,1.));
#1980=DIRECTION('ref_axis',(1.,0.,0.));
#1981=DIRECTION('',(1.,4.68568417482876E-16,0.));
#1982=DIRECTION('center_axis',(0.,0.,-1.));
#1983=DIRECTION('ref_axis',(1.,-3.4667931666166E-16,0.));
#1984=DIRECTION('',(0.,1.,0.));
#1985=DIRECTION('center_axis',(0.,0.,1.));
#1986=DIRECTION('ref_axis',(1.,0.,0.));
#1987=DIRECTION('',(0.,1.,0.));
#1988=DIRECTION('center_axis',(0.,0.,-1.));
#1989=DIRECTION('ref_axis',(1.49877538136619E-15,1.,0.));
#1990=DIRECTION('',(-1.,0.,0.));
#1991=DIRECTION('center_axis',(0.,0.,-1.));
#1992=DIRECTION('ref_axis',(-1.,0.,0.));
#1993=DIRECTION('',(-1.,0.,0.));
#1994=DIRECTION('center_axis',(0.,0.,-1.));
#1995=DIRECTION('ref_axis',(-1.,2.99755076273238E-15,0.));
#1996=DIRECTION('',(0.,-1.,0.));
#1997=DIRECTION('center_axis',(0.,0.,1.));
#1998=DIRECTION('ref_axis',(1.,0.,0.));
#1999=DIRECTION('',(0.,-1.,0.));
#2000=DIRECTION('center_axis',(0.,1.,0.));
#2001=DIRECTION('ref_axis',(-1.,0.,0.));
#2002=DIRECTION('',(-1.,0.,0.));
#2003=DIRECTION('',(0.,0.,-1.));
#2004=DIRECTION('center_axis',(0.,0.,1.));
#2005=DIRECTION('ref_axis',(1.,0.,0.));
#2006=DIRECTION('center_axis',(0.,0.,1.));
#2007=DIRECTION('ref_axis',(1.,0.,0.));
#2008=DIRECTION('',(0.,0.,1.));
#2009=DIRECTION('center_axis',(0.,1.,0.));
#2010=DIRECTION('ref_axis',(-1.,0.,0.));
#2011=DIRECTION('',(-1.,0.,0.));
#2012=DIRECTION('',(0.,0.,-1.));
#2013=DIRECTION('center_axis',(0.,0.,1.));
#2014=DIRECTION('ref_axis',(1.,-1.49877538136619E-15,0.));
#2015=DIRECTION('center_axis',(0.,0.,1.));
#2016=DIRECTION('ref_axis',(1.,-1.49877538136619E-15,0.));
#2017=DIRECTION('',(0.,0.,1.));
#2018=DIRECTION('center_axis',(0.,0.,-1.));
#2019=DIRECTION('ref_axis',(1.,0.,0.));
#2020=DIRECTION('',(0.,1.,0.));
#2021=DIRECTION('center_axis',(0.,0.,-1.));
#2022=DIRECTION('ref_axis',(1.,0.,0.));
#2023=DIRECTION('',(0.,1.,0.));
#2024=DIRECTION('center_axis',(0.,0.,1.));
#2025=DIRECTION('ref_axis',(-1.,2.99755076273238E-15,0.));
#2026=DIRECTION('',(1.,0.,0.));
#2027=DIRECTION('center_axis',(0.,0.,1.));
#2028=DIRECTION('ref_axis',(-1.,0.,0.));
#2029=DIRECTION('',(1.,0.,0.));
#2030=DIRECTION('center_axis',(0.,0.,1.));
#2031=DIRECTION('ref_axis',(1.49877538136619E-15,1.,0.));
#2032=DIRECTION('',(0.,-1.,0.));
#2033=DIRECTION('center_axis',(0.,0.,1.));
#2034=DIRECTION('ref_axis',(1.,0.,0.));
#2035=DIRECTION('',(0.,-1.,0.));
#2036=DIRECTION('center_axis',(0.,0.,1.));
#2037=DIRECTION('ref_axis',(1.,-3.4667931666166E-16,0.));
#2038=DIRECTION('',(-1.,-4.68568417482876E-16,0.));
#2039=DIRECTION('center_axis',(0.,0.,1.));
#2040=DIRECTION('ref_axis',(1.,0.,0.));
#2041=DIRECTION('',(0.,-1.,0.));
#2042=DIRECTION('center_axis',(1.,0.,0.));
#2043=DIRECTION('ref_axis',(0.,1.,0.));
#2044=DIRECTION('',(0.,0.,-1.));
#2045=DIRECTION('',(0.,0.,1.));
#2046=DIRECTION('center_axis',(0.,0.,1.));
#2047=DIRECTION('ref_axis',(1.,-3.4667931666166E-16,0.));
#2048=DIRECTION('',(0.,0.,1.));
#2049=DIRECTION('center_axis',(4.68568417482876E-16,-1.,0.));
#2050=DIRECTION('ref_axis',(1.,4.68568417482876E-16,0.));
#2051=DIRECTION('',(0.,0.,1.));
#2052=DIRECTION('center_axis',(0.,0.,1.));
#2053=DIRECTION('ref_axis',(1.49877538136619E-15,1.,0.));
#2054=DIRECTION('',(0.,0.,1.));
#2055=DIRECTION('',(0.,0.,-1.));
#2056=DIRECTION('center_axis',(0.,0.,1.));
#2057=DIRECTION('ref_axis',(1.,0.,0.));
#2058=DIRECTION('',(0.,0.,1.));
#2059=DIRECTION('center_axis',(0.,0.,1.));
#2060=DIRECTION('ref_axis',(1.,0.,0.));
#2061=DIRECTION('',(0.,0.,-1.));
#2062=DIRECTION('center_axis',(0.,-1.,0.));
#2063=DIRECTION('ref_axis',(1.,0.,0.));
#2064=DIRECTION('',(0.,0.,-1.));
#2065=DIRECTION('center_axis',(0.,0.,1.));
#2066=DIRECTION('ref_axis',(-1.,0.,0.));
#2067=DIRECTION('',(0.,0.,1.));
#2068=DIRECTION('center_axis',(0.,-1.,0.));
#2069=DIRECTION('ref_axis',(1.,0.,0.));
#2070=DIRECTION('',(0.,0.,-1.));
#2071=DIRECTION('center_axis',(0.,0.,1.));
#2072=DIRECTION('ref_axis',(-1.,2.99755076273238E-15,0.));
#2073=DIRECTION('',(0.,0.,1.));
#2074=DIRECTION('center_axis',(1.,0.,0.));
#2075=DIRECTION('ref_axis',(0.,1.,0.));
#2076=DIRECTION('',(0.,0.,-1.));
#2077=DIRECTION('center_axis',(0.,0.,1.));
#2078=DIRECTION('ref_axis',(-1.,1.22464679914735E-16,0.));
#2079=DIRECTION('',(0.,0.,1.));
#2080=DIRECTION('center_axis',(1.,0.,0.));
#2081=DIRECTION('ref_axis',(0.,1.,0.));
#2082=DIRECTION('center_axis',(-1.,0.,0.));
#2083=DIRECTION('ref_axis',(0.,-1.,0.));
#2084=DIRECTION('center_axis',(-1.,0.,0.));
#2085=DIRECTION('ref_axis',(0.,-1.,0.));
#2086=DIRECTION('center_axis',(-1.,0.,0.));
#2087=DIRECTION('ref_axis',(0.,0.707106781186548,0.707106781186548));
#2088=DIRECTION('center_axis',(-1.,0.,0.));
#2089=DIRECTION('ref_axis',(0.,0.,1.));
#2090=DIRECTION('',(-1.,0.,0.));
#2091=DIRECTION('center_axis',(1.,-2.77555756156289E-15,0.));
#2092=DIRECTION('ref_axis',(2.77555756156289E-15,1.,0.));
#2093=DIRECTION('',(1.,0.,0.));
#2094=DIRECTION('center_axis',(0.,0.,1.));
#2095=DIRECTION('ref_axis',(1.,0.,0.));
#2096=DIRECTION('center_axis',(-2.77555756156288E-15,1.,0.));
#2097=DIRECTION('ref_axis',(-1.,-2.77555756156288E-15,0.));
#2098=DIRECTION('center_axis',(0.,0.,-1.));
#2099=DIRECTION('ref_axis',(-0.707106781186549,0.707106781186546,0.));
#2100=DIRECTION('center_axis',(0.,0.,1.));
#2101=DIRECTION('ref_axis',(-0.707106781186549,0.707106781186546,0.));
#2102=DIRECTION('center_axis',(-1.26161707343768E-16,-1.,0.));
#2103=DIRECTION('ref_axis',(-0.707106781186548,0.,0.707106781186548));
#2104=DIRECTION('center_axis',(0.,1.,0.));
#2105=DIRECTION('ref_axis',(-1.,0.,0.));
#2106=DIRECTION('',(1.26161707343768E-16,1.,0.));
#2107=DIRECTION('',(-1.26161707343768E-16,-1.,0.));
#2108=DIRECTION('center_axis',(0.,0.,1.));
#2109=DIRECTION('ref_axis',(1.,0.,0.));
#2110=DIRECTION('center_axis',(-1.,0.,0.));
#2111=DIRECTION('ref_axis',(0.,-1.,0.));
#2112=DIRECTION('center_axis',(0.,0.,-1.));
#2113=DIRECTION('ref_axis',(-0.707106781186547,-0.707106781186547,0.));
#2114=DIRECTION('center_axis',(0.,0.,1.));
#2115=DIRECTION('ref_axis',(-0.707106781186548,-0.707106781186548,0.));
#2116=DIRECTION('center_axis',(1.,0.,0.));
#2117=DIRECTION('ref_axis',(0.,-0.707106781186548,0.707106781186548));
#2118=DIRECTION('center_axis',(-1.,2.77555756156289E-15,0.));
#2119=DIRECTION('ref_axis',(-2.77555756156289E-15,-1.,0.));
#2120=DIRECTION('',(-1.,0.,0.));
#2121=DIRECTION('',(1.,0.,0.));
#2122=DIRECTION('center_axis',(0.,0.,1.));
#2123=DIRECTION('ref_axis',(1.,0.,0.));
#2124=DIRECTION('center_axis',(0.,-1.,0.));
#2125=DIRECTION('ref_axis',(1.,0.,0.));
#2126=DIRECTION('center_axis',(0.,0.,-1.));
#2127=DIRECTION('ref_axis',(0.707106781186547,-0.707106781186547,0.));
#2128=DIRECTION('center_axis',(0.,0.,1.));
#2129=DIRECTION('ref_axis',(0.707106781186548,-0.707106781186548,0.));
#2130=DIRECTION('center_axis',(0.,1.,0.));
#2131=DIRECTION('ref_axis',(0.707106781186548,0.,0.707106781186548));
#2132=DIRECTION('center_axis',(2.77555756156289E-15,-1.,0.));
#2133=DIRECTION('ref_axis',(1.,2.77555756156289E-15,0.));
#2134=DIRECTION('',(0.,-1.,0.));
#2135=DIRECTION('',(0.,1.,0.));
#2136=DIRECTION('center_axis',(0.,0.,1.));
#2137=DIRECTION('ref_axis',(1.,0.,0.));
#2138=DIRECTION('center_axis',(0.,0.,-1.));
#2139=DIRECTION('ref_axis',(0.707106781186547,0.707106781186547,0.));
#2140=DIRECTION('center_axis',(0.,0.,1.));
#2141=DIRECTION('ref_axis',(0.707106781186548,0.707106781186548,0.));
#2142=DIRECTION('center_axis',(0.,0.,-1.));
#2143=DIRECTION('ref_axis',(-1.,1.38777878078145E-15,0.));
#2144=DIRECTION('',(0.,0.,-1.));
#2145=DIRECTION('center_axis',(0.,0.,1.));
#2146=DIRECTION('ref_axis',(-1.,1.38777878078145E-15,0.));
#2147=DIRECTION('',(0.,0.,-1.));
#2148=DIRECTION('center_axis',(1.,-1.26161707343768E-16,0.));
#2149=DIRECTION('ref_axis',(-1.26161707343768E-16,-1.,0.));
#2150=DIRECTION('',(0.,0.,-1.));
#2151=DIRECTION('',(-1.26161707343768E-16,-1.,0.));
#2152=DIRECTION('center_axis',(0.,0.,-1.));
#2153=DIRECTION('ref_axis',(6.93889390390724E-16,1.,0.));
#2154=DIRECTION('',(0.,0.,-1.));
#2155=DIRECTION('center_axis',(0.,0.,1.));
#2156=DIRECTION('ref_axis',(6.93889390390724E-16,1.,0.));
#2157=DIRECTION('center_axis',(0.,-1.,0.));
#2158=DIRECTION('ref_axis',(-1.,0.,0.));
#2159=DIRECTION('',(0.,0.,-1.));
#2160=DIRECTION('',(-1.,0.,0.));
#2161=DIRECTION('center_axis',(0.,0.,1.));
#2162=DIRECTION('ref_axis',(1.,0.,0.));
#2163=DIRECTION('center_axis',(0.,0.,1.));
#2164=DIRECTION('ref_axis',(1.,0.,0.));
#2165=DIRECTION('center_axis',(0.,0.,1.));
#2166=DIRECTION('ref_axis',(1.,-6.93889390390723E-16,0.));
#2167=DIRECTION('',(0.,1.,0.));
#2168=DIRECTION('center_axis',(0.,0.,1.));
#2169=DIRECTION('ref_axis',(-6.93889390390723E-16,-1.,0.));
#2170=DIRECTION('',(1.,0.,0.));
#2171=DIRECTION('center_axis',(0.,0.,-1.));
#2172=DIRECTION('ref_axis',(1.,-6.93889390390723E-16,0.));
#2173=DIRECTION('',(0.,0.,-1.));
#2174=DIRECTION('center_axis',(-1.,0.,0.));
#2175=DIRECTION('ref_axis',(0.,1.,0.));
#2176=DIRECTION('',(0.,0.,-1.));
#2177=DIRECTION('center_axis',(0.,0.,-1.));
#2178=DIRECTION('ref_axis',(-6.93889390390723E-16,-1.,0.));
#2179=DIRECTION('',(0.,0.,-1.));
#2180=DIRECTION('center_axis',(0.,1.,0.));
#2181=DIRECTION('ref_axis',(1.,0.,0.));
#2182=DIRECTION('center_axis',(0.,0.,-1.));
#2183=DIRECTION('ref_axis',(1.,0.,0.));
#2184=DIRECTION('',(-1.,0.,0.));
#2185=DIRECTION('center_axis',(0.,0.,1.));
#2186=DIRECTION('ref_axis',(1.,0.,0.));
#2187=DIRECTION('',(-1.,0.,0.));
#2188=DIRECTION('center_axis',(0.,0.,-1.));
#2189=DIRECTION('ref_axis',(-1.,0.,0.));
#2190=DIRECTION('center_axis',(0.,-1.,0.));
#2191=DIRECTION('ref_axis',(1.,0.,0.));
#2192=DIRECTION('',(0.,0.,1.));
#2193=DIRECTION('',(-1.,0.,0.));
#2194=DIRECTION('',(0.,0.,-1.));
#2195=DIRECTION('',(1.,0.,0.));
#2196=DIRECTION('',(0.,0.,1.));
#2197=DIRECTION('center_axis',(0.,0.,1.));
#2198=DIRECTION('ref_axis',(-1.,0.,0.));
#2199=DIRECTION('',(0.,0.,1.));
#2200=DIRECTION('center_axis',(0.,0.,-1.));
#2201=DIRECTION('ref_axis',(-1.,0.,0.));
#2202=DIRECTION('center_axis',(0.,0.,1.));
#2203=DIRECTION('ref_axis',(1.,0.,0.));
#2204=DIRECTION('',(0.,1.,0.));
#2205=DIRECTION('',(1.,0.,0.));
#2206=DIRECTION('',(0.,-1.,0.));
#2207=DIRECTION('',(1.,0.,0.));
#2208=DIRECTION('center_axis',(0.,0.,1.));
#2209=DIRECTION('ref_axis',(1.,0.,0.));
#2210=DIRECTION('center_axis',(0.,0.,-1.));
#2211=DIRECTION('ref_axis',(-1.,0.,0.));
#2212=DIRECTION('',(-1.,0.,0.));
#2213=DIRECTION('',(0.,-1.,0.));
#2214=DIRECTION('',(1.,0.,0.));
#2215=DIRECTION('',(0.,1.,0.));
#2216=DIRECTION('center_axis',(0.,-1.,0.));
#2217=DIRECTION('ref_axis',(1.,0.,0.));
#2218=DIRECTION('',(0.,0.,1.));
#2219=DIRECTION('',(0.,0.,1.));
#2220=DIRECTION('center_axis',(0.,0.,1.));
#2221=DIRECTION('ref_axis',(1.,0.,0.));
#2222=DIRECTION('center_axis',(-1.,0.,0.));
#2223=DIRECTION('ref_axis',(0.,-1.,0.));
#2224=DIRECTION('',(0.,0.,1.));
#2225=DIRECTION('center_axis',(0.,-1.,0.));
#2226=DIRECTION('ref_axis',(1.,0.,0.));
#2227=DIRECTION('',(0.,0.,1.));
#2228=DIRECTION('center_axis',(1.,0.,0.));
#2229=DIRECTION('ref_axis',(0.,1.,0.));
#2230=DIRECTION('center_axis',(0.,0.,-1.));
#2231=DIRECTION('ref_axis',(1.,0.,0.));
#2232=DIRECTION('',(1.,0.,0.));
#2233=DIRECTION('center_axis',(0.,0.,1.));
#2234=DIRECTION('ref_axis',(1.,0.,0.));
#2235=DIRECTION('',(0.,1.,0.));
#2236=DIRECTION('center_axis',(0.,0.,-1.));
#2237=DIRECTION('ref_axis',(1.,-1.49877538136619E-15,0.));
#2238=DIRECTION('center_axis',(0.,1.,0.));
#2239=DIRECTION('ref_axis',(-1.,0.,0.));
#2240=DIRECTION('',(0.,0.,1.));
#2241=DIRECTION('',(1.,0.,0.));
#2242=DIRECTION('',(0.,0.,-1.));
#2243=DIRECTION('',(-1.,0.,0.));
#2244=DIRECTION('',(0.,0.,1.));
#2245=DIRECTION('center_axis',(0.,0.,1.));
#2246=DIRECTION('ref_axis',(1.,-1.49877538136619E-15,0.));
#2247=DIRECTION('',(0.,0.,1.));
#2248=DIRECTION('center_axis',(0.,0.,-1.));
#2249=DIRECTION('ref_axis',(1.,-1.49877538136619E-15,0.));
#2250=DIRECTION('center_axis',(0.,0.,-1.));
#2251=DIRECTION('ref_axis',(-1.,0.,0.));
#2252=DIRECTION('',(0.,1.,0.));
#2253=DIRECTION('',(-1.,0.,0.));
#2254=DIRECTION('',(0.,-1.,0.));
#2255=DIRECTION('center_axis',(-1.,0.,0.));
#2256=DIRECTION('ref_axis',(0.,-1.,0.));
#2257=DIRECTION('',(0.,0.,1.));
#2258=DIRECTION('',(0.,-1.,0.));
#2259=DIRECTION('',(0.,0.,1.));
#2260=DIRECTION('center_axis',(0.,0.,1.));
#2261=DIRECTION('ref_axis',(1.,0.,0.));
#2262=DIRECTION('center_axis',(0.,0.,1.));
#2263=DIRECTION('ref_axis',(1.,0.,0.));
#2264=DIRECTION('center_axis',(0.,0.,1.));
#2265=DIRECTION('ref_axis',(1.,0.,0.));
#2266=DIRECTION('',(0.,-1.,0.));
#2267=DIRECTION('',(-1.,0.,0.));
#2268=DIRECTION('center_axis',(0.,1.,0.));
#2269=DIRECTION('ref_axis',(-1.,0.,0.));
#2270=DIRECTION('',(0.,0.,1.));
#2271=DIRECTION('center_axis',(-1.,0.,0.));
#2272=DIRECTION('ref_axis',(0.,-1.,0.));
#2273=DIRECTION('center_axis',(0.,0.,-1.));
#2274=DIRECTION('ref_axis',(1.,0.,0.));
#2275=DIRECTION('',(-1.,0.,0.));
#2276=DIRECTION('center_axis',(0.,0.,1.));
#2277=DIRECTION('ref_axis',(1.,0.,0.));
#2278=DIRECTION('',(0.,-1.,0.));
#2279=DIRECTION('center_axis',(0.,0.,-1.));
#2280=DIRECTION('ref_axis',(-1.,2.99755076273238E-15,0.));
#2281=DIRECTION('center_axis',(0.,-1.,0.));
#2282=DIRECTION('ref_axis',(1.,0.,0.));
#2283=DIRECTION('',(0.,0.,1.));
#2284=DIRECTION('',(-1.,0.,0.));
#2285=DIRECTION('',(0.,0.,-1.));
#2286=DIRECTION('',(1.,0.,0.));
#2287=DIRECTION('',(0.,0.,1.));
#2288=DIRECTION('center_axis',(0.,0.,1.));
#2289=DIRECTION('ref_axis',(-1.,2.99755076273238E-15,0.));
#2290=DIRECTION('',(0.,0.,1.));
#2291=DIRECTION('center_axis',(0.,0.,-1.));
#2292=DIRECTION('ref_axis',(-1.,2.99755076273238E-15,0.));
#2293=DIRECTION('center_axis',(0.,0.,1.));
#2294=DIRECTION('ref_axis',(1.,0.,0.));
#2295=DIRECTION('',(0.,1.,0.));
#2296=DIRECTION('',(1.,0.,0.));
#2297=DIRECTION('',(0.,1.,0.));
#2298=DIRECTION('center_axis',(0.,0.,1.));
#2299=DIRECTION('ref_axis',(1.,0.,0.));
#2300=DIRECTION('center_axis',(0.,0.,-1.));
#2301=DIRECTION('ref_axis',(-1.,0.,0.));
#2302=DIRECTION('',(0.,-1.,0.));
#2303=DIRECTION('',(1.,0.,0.));
#2304=DIRECTION('',(0.,1.,0.));
#2305=DIRECTION('center_axis',(1.,0.,0.));
#2306=DIRECTION('ref_axis',(0.,1.,0.));
#2307=DIRECTION('',(0.,0.,1.));
#2308=DIRECTION('',(0.,0.,1.));
#2309=DIRECTION('center_axis',(0.,0.,1.));
#2310=DIRECTION('ref_axis',(1.,0.,0.));
#2311=DIRECTION('center_axis',(0.,-1.,0.));
#2312=DIRECTION('ref_axis',(1.,0.,0.));
#2313=DIRECTION('',(0.,0.,1.));
#2314=DIRECTION('center_axis',(1.,0.,0.));
#2315=DIRECTION('ref_axis',(0.,1.,0.));
#2316=DIRECTION('center_axis',(0.,0.,-1.));
#2317=DIRECTION('ref_axis',(1.,0.,0.));
#2318=DIRECTION('',(0.,-1.,0.));
#2319=DIRECTION('center_axis',(0.,0.,1.));
#2320=DIRECTION('ref_axis',(1.,0.,0.));
#2321=DIRECTION('',(1.,0.,0.));
#2322=DIRECTION('center_axis',(0.,0.,-1.));
#2323=DIRECTION('ref_axis',(-2.99755076273238E-15,-1.,0.));
#2324=DIRECTION('center_axis',(1.,0.,0.));
#2325=DIRECTION('ref_axis',(0.,1.,0.));
#2326=DIRECTION('',(0.,0.,1.));
#2327=DIRECTION('',(0.,-1.,0.));
#2328=DIRECTION('',(0.,0.,-1.));
#2329=DIRECTION('',(0.,1.,0.));
#2330=DIRECTION('',(0.,0.,1.));
#2331=DIRECTION('center_axis',(0.,0.,1.));
#2332=DIRECTION('ref_axis',(-2.99755076273238E-15,-1.,0.));
#2333=DIRECTION('',(0.,0.,1.));
#2334=DIRECTION('center_axis',(0.,0.,-1.));
#2335=DIRECTION('ref_axis',(-2.99755076273238E-15,-1.,0.));
#2336=DIRECTION('center_axis',(0.,0.,-1.));
#2337=DIRECTION('ref_axis',(-1.,0.,0.));
#2338=DIRECTION('',(1.,0.,0.));
#2339=DIRECTION('',(0.,1.,0.));
#2340=DIRECTION('',(-1.,0.,0.));
#2341=DIRECTION('center_axis',(0.,0.,1.));
#2342=DIRECTION('ref_axis',(1.,0.,0.));
#2343=DIRECTION('center_axis',(0.,0.,1.));
#2344=DIRECTION('ref_axis',(1.,0.,0.));
#2345=DIRECTION('',(0.,0.,1.));
#2346=DIRECTION('center_axis',(0.,0.,1.));
#2347=DIRECTION('ref_axis',(1.,0.,0.));
#2348=DIRECTION('',(-1.,0.,0.));
#2349=DIRECTION('',(0.,1.,0.));
#2350=DIRECTION('',(-1.,0.,0.));
#2351=DIRECTION('center_axis',(0.,1.,0.));
#2352=DIRECTION('ref_axis',(-1.,0.,0.));
#2353=DIRECTION('',(0.,0.,1.));
#2354=DIRECTION('center_axis',(0.,1.,0.));
#2355=DIRECTION('ref_axis',(-1.,0.,0.));
#2356=DIRECTION('',(0.,0.,1.));
#2357=DIRECTION('center_axis',(1.,0.,0.));
#2358=DIRECTION('ref_axis',(0.,1.,0.));
#2359=DIRECTION('center_axis',(0.,0.,-1.));
#2360=DIRECTION('ref_axis',(1.,0.,0.));
#2361=DIRECTION('',(1.,0.,0.));
#2362=DIRECTION('center_axis',(0.,0.,1.));
#2363=DIRECTION('ref_axis',(1.,0.,0.));
#2364=DIRECTION('',(1.,0.,0.));
#2365=DIRECTION('center_axis',(0.,0.,-1.));
#2366=DIRECTION('ref_axis',(1.,0.,0.));
#2367=DIRECTION('center_axis',(0.,1.,0.));
#2368=DIRECTION('ref_axis',(-1.,0.,0.));
#2369=DIRECTION('',(0.,0.,1.));
#2370=DIRECTION('',(1.,0.,0.));
#2371=DIRECTION('',(0.,0.,-1.));
#2372=DIRECTION('',(-1.,0.,0.));
#2373=DIRECTION('',(0.,0.,1.));
#2374=DIRECTION('center_axis',(0.,0.,1.));
#2375=DIRECTION('ref_axis',(1.,0.,0.));
#2376=DIRECTION('',(0.,0.,1.));
#2377=DIRECTION('center_axis',(0.,0.,-1.));
#2378=DIRECTION('ref_axis',(1.,0.,0.));
#2379=DIRECTION('center_axis',(0.,0.,1.));
#2380=DIRECTION('ref_axis',(1.,0.,0.));
#2381=DIRECTION('',(0.,-1.,0.));
#2382=DIRECTION('',(-1.,0.,0.));
#2383=DIRECTION('',(0.,1.,0.));
#2384=DIRECTION('',(-1.,0.,0.));
#2385=DIRECTION('center_axis',(0.,0.,1.));
#2386=DIRECTION('ref_axis',(1.,0.,0.));
#2387=DIRECTION('center_axis',(0.,0.,-1.));
#2388=DIRECTION('ref_axis',(-1.,0.,0.));
#2389=DIRECTION('',(1.,0.,0.));
#2390=DIRECTION('',(0.,1.,0.));
#2391=DIRECTION('',(-1.,0.,0.));
#2392=DIRECTION('',(0.,-1.,0.));
#2393=DIRECTION('center_axis',(1.,0.,0.));
#2394=DIRECTION('ref_axis',(0.,1.,0.));
#2395=DIRECTION('',(0.,0.,1.));
#2396=DIRECTION('',(0.,0.,1.));
#2397=DIRECTION('center_axis',(0.,1.,0.));
#2398=DIRECTION('ref_axis',(-1.,0.,0.));
#2399=DIRECTION('',(0.,0.,1.));
#2400=DIRECTION('center_axis',(-1.,0.,0.));
#2401=DIRECTION('ref_axis',(0.,-1.,0.));
#2402=DIRECTION('center_axis',(0.,1.,0.));
#2403=DIRECTION('ref_axis',(-1.,0.,0.));
#2404=DIRECTION('',(0.,0.,1.));
#2405=DIRECTION('center_axis',(0.,0.,1.));
#2406=DIRECTION('ref_axis',(1.,0.,0.));
#2407=DIRECTION('center_axis',(0.,0.,-1.));
#2408=DIRECTION('ref_axis',(1.,0.,0.));
#2409=DIRECTION('',(0.,1.,0.));
#2410=DIRECTION('center_axis',(0.,0.,1.));
#2411=DIRECTION('ref_axis',(1.,0.,0.));
#2412=DIRECTION('',(-1.,0.,0.));
#2413=DIRECTION('center_axis',(0.,0.,-1.));
#2414=DIRECTION('ref_axis',(1.49877538136619E-15,1.,0.));
#2415=DIRECTION('center_axis',(0.,0.,-1.));
#2416=DIRECTION('ref_axis',(1.,0.,0.));
#2417=DIRECTION('',(1.,4.68568417482876E-16,0.));
#2418=DIRECTION('center_axis',(0.,0.,1.));
#2419=DIRECTION('ref_axis',(1.,0.,0.));
#2420=DIRECTION('',(0.,1.,0.));
#2421=DIRECTION('center_axis',(0.,0.,-1.));
#2422=DIRECTION('ref_axis',(1.,-3.4667931666166E-16,0.));
#2423=DIRECTION('center_axis',(-1.,0.,0.));
#2424=DIRECTION('ref_axis',(0.,-1.,0.));
#2425=DIRECTION('',(0.,0.,1.));
#2426=DIRECTION('',(0.,1.,0.));
#2427=DIRECTION('',(0.,0.,-1.));
#2428=DIRECTION('',(0.,-1.,0.));
#2429=DIRECTION('',(0.,0.,1.));
#2430=DIRECTION('center_axis',(0.,0.,1.));
#2431=DIRECTION('ref_axis',(1.49877538136619E-15,1.,0.));
#2432=DIRECTION('',(0.,0.,1.));
#2433=DIRECTION('center_axis',(0.,0.,-1.));
#2434=DIRECTION('ref_axis',(1.49877538136619E-15,1.,0.));
#2435=DIRECTION('center_axis',(4.68568417482876E-16,-1.,0.));
#2436=DIRECTION('ref_axis',(1.,4.68568417482876E-16,0.));
#2437=DIRECTION('',(0.,0.,1.));
#2438=DIRECTION('',(1.,4.68568417482876E-16,0.));
#2439=DIRECTION('',(0.,0.,1.));
#2440=DIRECTION('',(1.,4.68568417482876E-16,0.));
#2441=DIRECTION('',(0.,0.,-1.));
#2442=DIRECTION('center_axis',(0.,0.,1.));
#2443=DIRECTION('ref_axis',(1.,-3.4667931666166E-16,0.));
#2444=DIRECTION('',(0.,0.,1.));
#2445=DIRECTION('center_axis',(0.,0.,-1.));
#2446=DIRECTION('ref_axis',(1.,-3.4667931666166E-16,0.));
#2447=DIRECTION('center_axis',(0.,0.,1.));
#2448=DIRECTION('ref_axis',(1.,0.,0.));
#2449=DIRECTION('',(0.,-1.,0.));
#2450=DIRECTION('',(1.,0.,0.));
#2451=DIRECTION('center_axis',(0.,0.,1.));
#2452=DIRECTION('ref_axis',(1.,0.,0.));
#2453=DIRECTION('',(1.,0.,0.));
#2454=DIRECTION('',(0.,1.,0.));
#2455=DIRECTION('center_axis',(0.,0.,1.));
#2456=DIRECTION('ref_axis',(1.,0.,0.));
#2457=DIRECTION('center_axis',(0.,0.,-1.));
#2458=DIRECTION('ref_axis',(-1.,0.,0.));
#2459=DIRECTION('',(0.,1.,0.));
#2460=DIRECTION('',(1.,0.,0.));
#2461=DIRECTION('',(-1.,0.,0.));
#2462=DIRECTION('',(0.,-1.,0.));
#2463=DIRECTION('center_axis',(0.,0.,1.));
#2464=DIRECTION('ref_axis',(1.,0.,0.));
#2465=DIRECTION('',(0.,0.,1.));
#2466=DIRECTION('center_axis',(0.,-1.,0.));
#2467=DIRECTION('ref_axis',(1.,0.,0.));
#2468=DIRECTION('',(0.,0.,1.));
#2469=DIRECTION('',(0.,0.,1.));
#2470=DIRECTION('center_axis',(0.,-1.,0.));
#2471=DIRECTION('ref_axis',(1.,0.,0.));
#2472=DIRECTION('',(0.,0.,1.));
#2473=DIRECTION('center_axis',(1.,0.,0.));
#2474=DIRECTION('ref_axis',(0.,1.,0.));
#2475=DIRECTION('center_axis',(-1.,0.,0.));
#2476=DIRECTION('ref_axis',(0.,-1.,0.));
#2477=DIRECTION('center_axis',(0.,0.,1.));
#2478=DIRECTION('ref_axis',(1.,0.,0.));
#2479=CARTESIAN_POINT('',(0.,0.,0.));
#2480=CARTESIAN_POINT('Origin',(1.5,1.5,0.));
#2481=CARTESIAN_POINT('',(1.31481433912422,1.499,0.02));
#2482=CARTESIAN_POINT('',(1.499,1.31481433912422,0.02));
#2483=CARTESIAN_POINT('Origin',(1.5,1.5,0.02));
#2484=CARTESIAN_POINT('',(1.31481433912422,1.499,0.8));
#2485=CARTESIAN_POINT('',(1.31481433912422,1.499,0.));
#2486=CARTESIAN_POINT('',(1.499,1.31481433912422,0.8));
#2487=CARTESIAN_POINT('Origin',(1.5,1.5,0.8));
#2488=CARTESIAN_POINT('',(1.499,1.31481433912422,0.));
#2489=CARTESIAN_POINT('Origin',(-2.77555756156289E-16,-2.77555756156289E-16,
0.8));
#2490=CARTESIAN_POINT('',(0.170111883843579,1.499,0.8));
#2491=CARTESIAN_POINT('',(0.667405819575417,1.499,0.8));
#2492=CARTESIAN_POINT('',(-0.170111883843579,1.499,0.8));
#2493=CARTESIAN_POINT('Origin',(0.,1.5,0.8));
#2494=CARTESIAN_POINT('',(-1.31481433912422,1.499,0.8));
#2495=CARTESIAN_POINT('',(-0.0750574115301123,1.499,0.8));
#2496=CARTESIAN_POINT('',(-1.499,1.31481433912422,0.8));
#2497=CARTESIAN_POINT('Origin',(-1.5,1.5,0.8));
#2498=CARTESIAN_POINT('',(-1.499,0.15011149223961,0.8));
#2499=CARTESIAN_POINT('',(-1.499,0.667405819575417,0.8));
#2500=CARTESIAN_POINT('',(-1.34988517693978,-6.50521303491303E-16,0.8));
#2501=CARTESIAN_POINT('Origin',(-1.5,-3.33066907387547E-16,0.8));
#2502=CARTESIAN_POINT('',(-1.32988517693978,-6.57454889824536E-16,0.8));
#2503=CARTESIAN_POINT('',(-0.674942588469888,-2.4591771548908E-16,0.8));
#2504=CARTESIAN_POINT('',(-1.38288250686665,-0.123379681580764,0.8));
#2505=CARTESIAN_POINT('Origin',(-1.5,-5.98479599211998E-16,0.8));
#2506=CARTESIAN_POINT('',(-1.38288250686665,-0.0939039557450154,0.8));
#2507=CARTESIAN_POINT('',(-1.38288250686665,-0.375,0.8));
#2508=CARTESIAN_POINT('',(-1.499,-0.15011149223961,0.8));
#2509=CARTESIAN_POINT('Origin',(-1.5,-3.33066907387547E-16,0.8));
#2510=CARTESIAN_POINT('',(-1.499,-1.31481433912422,0.8));
#2511=CARTESIAN_POINT('',(-1.499,-0.0750574115301124,0.8));
#2512=CARTESIAN_POINT('',(-1.31481433912422,-1.499,0.8));
#2513=CARTESIAN_POINT('Origin',(-1.5,-1.5,0.8));
#2514=CARTESIAN_POINT('',(-0.170111883843579,-1.499,0.8));
#2515=CARTESIAN_POINT('',(-0.667405819575417,-1.499,0.8));
#2516=CARTESIAN_POINT('',(0.170111883843579,-1.499,0.8));
#2517=CARTESIAN_POINT('Origin',(-1.82145964977565E-16,-1.5,0.8));
#2518=CARTESIAN_POINT('',(1.31481433912422,-1.499,0.8));
#2519=CARTESIAN_POINT('',(0.0750574115301118,-1.499,0.8));
#2520=CARTESIAN_POINT('',(1.499,-1.31481433912422,0.8));
#2521=CARTESIAN_POINT('Origin',(1.5,-1.5,0.8));
#2522=CARTESIAN_POINT('',(1.499,-0.15011149223961,0.8));
#2523=CARTESIAN_POINT('',(1.499,-0.667405819575417,0.8));
#2524=CARTESIAN_POINT('',(1.499,0.15011149223961,0.8));
#2525=CARTESIAN_POINT('Origin',(1.5,-3.33066907387547E-16,0.8));
#2526=CARTESIAN_POINT('',(1.499,0.0750574115301118,0.8));
#2527=CARTESIAN_POINT('Origin',(1.33481163915083,1.499,0.));
#2528=CARTESIAN_POINT('',(0.170111883843579,1.499,0.02));
#2529=CARTESIAN_POINT('',(-0.0533148071412452,1.499,0.02));
#2530=CARTESIAN_POINT('',(0.170111883843579,1.499,0.));
#2531=CARTESIAN_POINT('Origin',(0.,1.5,0.));
#2532=CARTESIAN_POINT('',(-0.170111883843579,1.499,0.02));
#2533=CARTESIAN_POINT('Origin',(0.,1.5,0.02));
#2534=CARTESIAN_POINT('',(-0.170111883843579,1.499,0.));
#2535=CARTESIAN_POINT('Origin',(-0.150114823060224,1.499,0.));
#2536=CARTESIAN_POINT('',(-1.31481433912422,1.499,0.02));
#2537=CARTESIAN_POINT('',(-0.795778038246774,1.499,0.02));
#2538=CARTESIAN_POINT('',(-1.31481433912422,1.499,0.));
#2539=CARTESIAN_POINT('Origin',(-1.5,1.5,0.));
#2540=CARTESIAN_POINT('',(-1.499,1.31481433912422,0.02));
#2541=CARTESIAN_POINT('Origin',(-1.5,1.5,0.02));
#2542=CARTESIAN_POINT('',(-1.499,1.31481433912422,0.));
#2543=CARTESIAN_POINT('Origin',(-1.44144125343332,-0.421951977872508,0.02));
#2544=CARTESIAN_POINT('',(1.499,0.15011149223961,0.02));
#2545=CARTESIAN_POINT('',(1.499,-0.135918577406142,0.02));
#2546=CARTESIAN_POINT('',(1.499,-0.15011149223961,0.02));
#2547=CARTESIAN_POINT('Origin',(1.5,-3.33066907387547E-16,0.02));
#2548=CARTESIAN_POINT('',(1.499,-1.31481433912422,0.02));
#2549=CARTESIAN_POINT('',(1.499,-0.878381808511671,0.02));
#2550=CARTESIAN_POINT('',(1.31481433912422,-1.499,0.02));
#2551=CARTESIAN_POINT('Origin',(1.5,-1.5,0.02));
#2552=CARTESIAN_POINT('',(0.170111883843579,-1.499,0.02));
#2553=CARTESIAN_POINT('',(-0.64566321518655,-1.499,0.02));
#2554=CARTESIAN_POINT('',(-0.170111883843579,-1.499,0.02));
#2555=CARTESIAN_POINT('Origin',(-1.82145964977565E-16,-1.5,0.02));
#2556=CARTESIAN_POINT('',(-1.31481433912422,-1.499,0.02));
#2557=CARTESIAN_POINT('',(-1.38812644629208,-1.499,0.02));
#2558=CARTESIAN_POINT('',(-1.499,-1.31481433912422,0.02));
#2559=CARTESIAN_POINT('Origin',(-1.5,-1.5,0.02));
#2560=CARTESIAN_POINT('',(-1.499,-0.15011149223961,0.02));
#2561=CARTESIAN_POINT('',(-1.499,-0.286033400466366,0.02));
#2562=CARTESIAN_POINT('',(-1.38288250686665,-0.0939039557450153,0.02));
#2563=CARTESIAN_POINT('Origin',(-1.5,-3.33066907387547E-16,0.02));
#2564=CARTESIAN_POINT('',(-1.38288250686665,-0.123379681580764,0.02));
#2565=CARTESIAN_POINT('',(-1.38288250686665,-0.585975988936254,0.02));
#2566=CARTESIAN_POINT('',(-1.32988517693978,-6.57454889824536E-16,0.02));
#2567=CARTESIAN_POINT('Origin',(-1.5,-5.98479599211998E-16,0.02));
#2568=CARTESIAN_POINT('',(-1.34988517693978,-5.62174496060211E-16,0.02));
#2569=CARTESIAN_POINT('',(-1.39566321518655,-5.89805981832114E-16,0.02));
#2570=CARTESIAN_POINT('',(-1.499,0.15011149223961,0.02));
#2571=CARTESIAN_POINT('Origin',(-1.5,-3.33066907387547E-16,0.02));
#2572=CARTESIAN_POINT('',(-1.499,0.456429830639163,0.02));
#2573=CARTESIAN_POINT('Origin',(-1.38288250686665,-0.75,0.));
#2574=CARTESIAN_POINT('',(-1.38288250686665,-0.0939039557450152,0.));
#2575=CARTESIAN_POINT('',(-1.38288250686665,-0.123379681580764,0.));
#2576=CARTESIAN_POINT('Origin',(-1.5,-5.98479599211998E-16,0.));
#2577=CARTESIAN_POINT('',(-1.32988517693978,-6.57454889824536E-16,0.));
#2578=CARTESIAN_POINT('Origin',(-1.34988517693978,-5.62174496060211E-16,
0.));
#2579=CARTESIAN_POINT('',(-1.34988517693978,-5.62174496060211E-16,0.));
#2580=CARTESIAN_POINT('Origin',(-1.5,-1.5,0.));
#2581=CARTESIAN_POINT('',(-1.31481433912422,-1.499,0.));
#2582=CARTESIAN_POINT('',(-1.499,-1.31481433912422,0.));
#2583=CARTESIAN_POINT('Origin',(-1.5,-3.33066907387547E-16,0.));
#2584=CARTESIAN_POINT('',(-1.499,0.150111492239609,0.));
#2585=CARTESIAN_POINT('Origin',(-1.5,-3.33066907387547E-16,0.));
#2586=CARTESIAN_POINT('',(-1.499,-0.15011149223961,0.));
#2587=CARTESIAN_POINT('Origin',(-1.33481163915083,-1.499,0.));
#2588=CARTESIAN_POINT('',(-0.170111883843579,-1.499,0.));
#2589=CARTESIAN_POINT('Origin',(-1.82145964977565E-16,-1.5,0.));
#2590=CARTESIAN_POINT('',(0.170111883843579,-1.499,0.));
#2591=CARTESIAN_POINT('Origin',(0.150114823060224,-1.499,0.));
#2592=CARTESIAN_POINT('',(1.31481433912422,-1.499,0.));
#2593=CARTESIAN_POINT('Origin',(1.5,-1.5,0.));
#2594=CARTESIAN_POINT('',(1.499,-1.31481433912422,0.));
#2595=CARTESIAN_POINT('Origin',(1.499,0.150114823060224,0.));
#2596=CARTESIAN_POINT('',(1.499,0.150111492239609,0.));
#2597=CARTESIAN_POINT('Origin',(1.5,-3.33066907387547E-16,0.));
#2598=CARTESIAN_POINT('',(1.499,-0.15011149223961,0.));
#2599=CARTESIAN_POINT('Origin',(1.499,-1.33481163915083,0.));
#2600=CARTESIAN_POINT('Origin',(-1.499,-0.150114823060225,0.));
#2601=CARTESIAN_POINT('Origin',(-1.499,1.33481163915083,0.));
#2602=CARTESIAN_POINT('Origin',(0.55,1.25,1.05));
#2603=CARTESIAN_POINT('',(1.1,1.25,1.1));
#2604=CARTESIAN_POINT('',(1.1,1.3,1.05));
#2605=CARTESIAN_POINT('Origin',(1.1,1.25,1.05));
#2606=CARTESIAN_POINT('',(-1.1,1.3,1.05));
#2607=CARTESIAN_POINT('',(0.55,1.3,1.05));
#2608=CARTESIAN_POINT('',(-1.1,1.25,1.1));
#2609=CARTESIAN_POINT('Origin',(-1.1,1.25,1.05));
#2610=CARTESIAN_POINT('',(0.55,1.25,1.1));
#2611=CARTESIAN_POINT('Origin',(-1.1,1.1,1.05));
#2612=CARTESIAN_POINT('',(-1.3,1.1,1.05));
#2613=CARTESIAN_POINT('',(-1.25,1.1,1.1));
#2614=CARTESIAN_POINT('Origin',(-1.25,1.1,1.05));
#2615=CARTESIAN_POINT('Origin',(-1.1,1.1,1.1));
#2616=CARTESIAN_POINT('Origin',(-1.1,1.1,1.05));
#2617=CARTESIAN_POINT('Origin',(-1.25,0.55,1.05));
#2618=CARTESIAN_POINT('',(-1.3,-1.1,1.05));
#2619=CARTESIAN_POINT('',(-1.25,-1.1,1.1));
#2620=CARTESIAN_POINT('Origin',(-1.25,-1.1,1.05));
#2621=CARTESIAN_POINT('',(-1.25,0.55,1.1));
#2622=CARTESIAN_POINT('',(-1.3,0.55,1.05));
#2623=CARTESIAN_POINT('Origin',(-1.1,-1.1,1.05));
#2624=CARTESIAN_POINT('',(-1.1,-1.3,1.05));
#2625=CARTESIAN_POINT('',(-1.1,-1.25,1.1));
#2626=CARTESIAN_POINT('Origin',(-1.1,-1.25,1.05));
#2627=CARTESIAN_POINT('Origin',(-1.1,-1.1,1.1));
#2628=CARTESIAN_POINT('Origin',(-1.1,-1.1,1.05));
#2629=CARTESIAN_POINT('Origin',(-0.55,-1.25,1.05));
#2630=CARTESIAN_POINT('',(1.1,-1.3,1.05));
#2631=CARTESIAN_POINT('',(1.1,-1.25,1.1));
#2632=CARTESIAN_POINT('Origin',(1.1,-1.25,1.05));
#2633=CARTESIAN_POINT('',(-0.55,-1.25,1.1));
#2634=CARTESIAN_POINT('',(-0.55,-1.3,1.05));
#2635=CARTESIAN_POINT('Origin',(1.1,-1.1,1.05));
#2636=CARTESIAN_POINT('',(1.3,-1.1,1.05));
#2637=CARTESIAN_POINT('',(1.25,-1.1,1.1));
#2638=CARTESIAN_POINT('Origin',(1.25,-1.1,1.05));
#2639=CARTESIAN_POINT('Origin',(1.1,-1.1,1.1));
#2640=CARTESIAN_POINT('Origin',(1.1,-1.1,1.05));
#2641=CARTESIAN_POINT('Origin',(1.25,-0.55,1.05));
#2642=CARTESIAN_POINT('',(1.3,1.1,1.05));
#2643=CARTESIAN_POINT('',(1.25,1.1,1.1));
#2644=CARTESIAN_POINT('Origin',(1.25,1.1,1.05));
#2645=CARTESIAN_POINT('',(1.25,-0.55,1.1));
#2646=CARTESIAN_POINT('',(1.3,-0.55,1.05));
#2647=CARTESIAN_POINT('Origin',(1.1,1.1,1.05));
#2648=CARTESIAN_POINT('Origin',(1.1,1.1,1.1));
#2649=CARTESIAN_POINT('Origin',(1.1,1.1,1.05));
#2650=CARTESIAN_POINT('Origin',(-1.1,-1.1,1.1));
#2651=CARTESIAN_POINT('',(-1.3,-1.1,0.8));
#2652=CARTESIAN_POINT('',(-1.3,-1.1,1.1));
#2653=CARTESIAN_POINT('',(-1.1,-1.3,0.8));
#2654=CARTESIAN_POINT('Origin',(-1.1,-1.1,0.8));
#2655=CARTESIAN_POINT('',(-1.1,-1.3,1.1));
#2656=CARTESIAN_POINT('Origin',(-1.3,1.1,1.1));
#2657=CARTESIAN_POINT('',(-1.3,1.1,0.8));
#2658=CARTESIAN_POINT('',(-1.3,1.1,1.1));
#2659=CARTESIAN_POINT('',(-1.3,-1.1,0.8));
#2660=CARTESIAN_POINT('Origin',(-1.1,1.1,1.1));
#2661=CARTESIAN_POINT('',(-1.1,1.3,0.8));
#2662=CARTESIAN_POINT('',(-1.1,1.3,1.1));
#2663=CARTESIAN_POINT('Origin',(-1.1,1.1,0.8));
#2664=CARTESIAN_POINT('Origin',(1.1,1.3,1.1));
#2665=CARTESIAN_POINT('',(1.1,1.3,0.8));
#2666=CARTESIAN_POINT('',(1.1,1.3,1.1));
#2667=CARTESIAN_POINT('',(-1.1,1.3,0.8));
#2668=CARTESIAN_POINT('Origin',(0.,-2.77555756156289E-16,1.1));
#2669=CARTESIAN_POINT('Origin',(-2.77555756156289E-16,-2.77555756156289E-16,
0.8));
#2670=CARTESIAN_POINT('',(1.3,1.1,0.8));
#2671=CARTESIAN_POINT('Origin',(1.1,1.1,0.8));
#2672=CARTESIAN_POINT('',(1.3,-1.1,0.8));
#2673=CARTESIAN_POINT('',(1.3,1.1,0.8));
#2674=CARTESIAN_POINT('',(1.1,-1.3,0.8));
#2675=CARTESIAN_POINT('Origin',(1.1,-1.1,0.8));
#2676=CARTESIAN_POINT('',(1.1,-1.3,0.8));
#2677=CARTESIAN_POINT('Origin',(1.1,1.1,1.1));
#2678=CARTESIAN_POINT('',(1.3,1.1,1.1));
#2679=CARTESIAN_POINT('Origin',(1.3,-1.1,1.1));
#2680=CARTESIAN_POINT('',(1.3,-1.1,1.1));
#2681=CARTESIAN_POINT('Origin',(1.1,-1.1,1.1));
#2682=CARTESIAN_POINT('',(1.1,-1.3,1.1));
#2683=CARTESIAN_POINT('Origin',(-1.1,-1.3,1.1));
#2684=CARTESIAN_POINT('Origin',(-1.73472347597681E-16,-1.41494258846989,
0.78));
#2685=CARTESIAN_POINT('',(-0.150114823060224,-1.5,0.78));
#2686=CARTESIAN_POINT('',(-0.170114823060224,-1.5,0.78));
#2687=CARTESIAN_POINT('',(-0.667405819575417,-1.5,0.78));
#2688=CARTESIAN_POINT('',(0.150114823060224,-1.5,0.78));
#2689=CARTESIAN_POINT('Origin',(-1.83697019872103E-16,-1.5,0.78));
#2690=CARTESIAN_POINT('',(0.170114823060224,-1.5,0.78));
#2691=CARTESIAN_POINT('',(0.0750574115301119,-1.5,0.78));
#2692=CARTESIAN_POINT('Origin',(-1.82145964977565E-16,-1.5,0.78));
#2693=CARTESIAN_POINT('Origin',(-1.33481163915083,-1.5,0.));
#2694=CARTESIAN_POINT('',(-0.170114823060224,-1.5,0.02));
#2695=CARTESIAN_POINT('',(-0.170114823060224,-1.5,0.));
#2696=CARTESIAN_POINT('',(-0.3,-1.5,0.02));
#2697=CARTESIAN_POINT('',(-0.667405819575417,-1.5,0.02));
#2698=CARTESIAN_POINT('',(-0.3,-1.5,0.));
#2699=CARTESIAN_POINT('',(-0.3,-1.5,0.));
#2700=CARTESIAN_POINT('',(-0.150114823060224,-1.5,0.));
#2701=CARTESIAN_POINT('',(-1.5,-1.5,0.));
#2702=CARTESIAN_POINT('',(-0.150114823060224,-1.5,0.));
#2703=CARTESIAN_POINT('Origin',(-1.82145964977565E-16,-1.5,0.));
#2704=CARTESIAN_POINT('',(0.170114823060224,-1.5,0.02));
#2705=CARTESIAN_POINT('',(0.170114823060224,-1.5,0.));
#2706=CARTESIAN_POINT('Origin',(-1.82145964977565E-16,-1.5,0.02));
#2707=CARTESIAN_POINT('Origin',(0.,-2.77555756156289E-16,0.));
#2708=CARTESIAN_POINT('',(-0.3,-0.75,0.));
#2709=CARTESIAN_POINT('',(-0.3,-0.75,0.));
#2710=CARTESIAN_POINT('',(0.3,-0.75,0.));
#2711=CARTESIAN_POINT('',(-0.15,-0.75,0.));
#2712=CARTESIAN_POINT('',(0.3,-1.5,0.));
#2713=CARTESIAN_POINT('',(0.3,-0.375,0.));
#2714=CARTESIAN_POINT('',(0.150114823060224,-1.5,0.));
#2715=CARTESIAN_POINT('',(-1.5,-1.5,0.));
#2716=CARTESIAN_POINT('Origin',(-1.83697019872103E-16,-1.5,0.));
#2717=CARTESIAN_POINT('Origin',(-2.77555756156289E-16,-1.38777878078145E-16,
0.02));
#2718=CARTESIAN_POINT('',(0.3,-1.5,0.02));
#2719=CARTESIAN_POINT('',(0.0750574115301118,-1.5,0.02));
#2720=CARTESIAN_POINT('',(0.3,-0.75,0.02));
#2721=CARTESIAN_POINT('',(0.3,2.14017530824601,0.02));
#2722=CARTESIAN_POINT('',(-0.3,-0.75,0.02));
#2723=CARTESIAN_POINT('',(2.04962942982021,-0.75,0.02));
#2724=CARTESIAN_POINT('',(-0.3,-2.14017530824601,0.02));
#2725=CARTESIAN_POINT('Origin',(0.150114823060224,-1.5,0.));
#2726=CARTESIAN_POINT('',(0.150114823060224,-1.5,0.));
#2727=CARTESIAN_POINT('',(0.3,-1.5,0.));
#2728=CARTESIAN_POINT('Origin',(-1.83697019872103E-16,-1.5,0.));
#2729=CARTESIAN_POINT('Origin',(0.3,-0.75,0.));
#2730=CARTESIAN_POINT('',(0.3,-0.75,0.));
#2731=CARTESIAN_POINT('Origin',(-0.3,-0.75,0.));
#2732=CARTESIAN_POINT('',(-0.3,-0.75,0.));
#2733=CARTESIAN_POINT('Origin',(-0.3,-1.5,0.));
#2734=CARTESIAN_POINT('Origin',(-1.40740581957542,1.40740581957542,0.78));
#2735=CARTESIAN_POINT('',(-1.33481163915083,1.5,0.78));
#2736=CARTESIAN_POINT('',(-1.31481163915083,1.5,0.78));
#2737=CARTESIAN_POINT('',(-0.778760321317821,1.5,0.78));
#2738=CARTESIAN_POINT('',(-1.5,1.33481163915083,0.78));
#2739=CARTESIAN_POINT('Origin',(-1.5,1.5,0.78));
#2740=CARTESIAN_POINT('',(-1.5,1.31481163915083,0.78));
#2741=CARTESIAN_POINT('',(-1.5,1.37110872936313,0.78));
#2742=CARTESIAN_POINT('Origin',(-1.5,1.5,0.78));
#2743=CARTESIAN_POINT('Origin',(-0.150114823060224,1.5,0.));
#2744=CARTESIAN_POINT('',(-1.31481163915083,1.5,0.02));
#2745=CARTESIAN_POINT('',(-1.31481163915083,1.5,0.));
#2746=CARTESIAN_POINT('',(-0.9,1.5,0.02));
#2747=CARTESIAN_POINT('',(-0.0750574115301123,1.5,0.02));
#2748=CARTESIAN_POINT('',(-0.9,1.5,0.));
#2749=CARTESIAN_POINT('',(-0.9,1.5,0.));
#2750=CARTESIAN_POINT('',(-1.33481163915083,1.5,0.));
#2751=CARTESIAN_POINT('',(1.5,1.5,0.));
#2752=CARTESIAN_POINT('',(-1.33481163915083,1.5,0.));
#2753=CARTESIAN_POINT('Origin',(-1.5,1.5,0.));
#2754=CARTESIAN_POINT('',(-1.5,1.31481163915083,0.02));
#2755=CARTESIAN_POINT('',(-1.5,1.31481163915083,0.));
#2756=CARTESIAN_POINT('Origin',(-1.5,1.5,0.02));
#2757=CARTESIAN_POINT('Origin',(-2.77555756156289E-16,-1.38777878078145E-16,
0.02));
#2758=CARTESIAN_POINT('',(-1.5,0.75,0.02));
#2759=CARTESIAN_POINT('',(-1.5,0.667405819575417,0.02));
#2760=CARTESIAN_POINT('',(-0.9,0.75,0.02));
#2761=CARTESIAN_POINT('',(-2.04962942982021,0.75,0.02));
#2762=CARTESIAN_POINT('',(-0.9,-2.13194386475275,0.02));
#2763=CARTESIAN_POINT('Origin',(-1.5,1.33481163915083,0.));
#2764=CARTESIAN_POINT('',(-1.5,1.33481163915083,0.));
#2765=CARTESIAN_POINT('',(-1.5,1.33481163915083,0.));
#2766=CARTESIAN_POINT('',(-1.5,0.75,0.));
#2767=CARTESIAN_POINT('',(-1.5,1.5,0.));
#2768=CARTESIAN_POINT('',(-1.5,0.75,0.));
#2769=CARTESIAN_POINT('Origin',(-1.5,1.5,0.));
#2770=CARTESIAN_POINT('Origin',(-1.5,1.5,0.));
#2771=CARTESIAN_POINT('Origin',(0.,-2.77555756156289E-16,0.));
#2772=CARTESIAN_POINT('',(-0.9,0.75,0.));
#2773=CARTESIAN_POINT('',(-0.9,0.75,0.));
#2774=CARTESIAN_POINT('',(-0.45,0.75,0.));
#2775=CARTESIAN_POINT('Origin',(-0.9,0.75,0.));
#2776=CARTESIAN_POINT('',(-0.9,0.75,0.));
#2777=CARTESIAN_POINT('Origin',(-0.9,1.5,0.));
#2778=CARTESIAN_POINT('Origin',(1.40740581957542,-1.40740581957542,0.78));
#2779=CARTESIAN_POINT('',(1.33481163915083,-1.5,0.78));
#2780=CARTESIAN_POINT('',(1.31481163915083,-1.5,0.78));
#2781=CARTESIAN_POINT('',(0.77876032131782,-1.5,0.78));
#2782=CARTESIAN_POINT('',(1.5,-1.33481163915083,0.78));
#2783=CARTESIAN_POINT('Origin',(1.5,-1.5,0.78));
#2784=CARTESIAN_POINT('',(1.5,-1.31481163915083,0.78));
#2785=CARTESIAN_POINT('',(1.5,-1.37110872936313,0.78));
#2786=CARTESIAN_POINT('Origin',(1.5,-1.5,0.78));
#2787=CARTESIAN_POINT('Origin',(0.150114823060224,-1.5,0.));
#2788=CARTESIAN_POINT('',(1.31481163915083,-1.5,0.02));
#2789=CARTESIAN_POINT('',(1.31481163915083,-1.5,0.));
#2790=CARTESIAN_POINT('',(0.9,-1.5,0.02));
#2791=CARTESIAN_POINT('',(0.0750574115301118,-1.5,0.02));
#2792=CARTESIAN_POINT('',(0.9,-1.5,0.));
#2793=CARTESIAN_POINT('',(0.9,-1.5,0.));
#2794=CARTESIAN_POINT('',(1.33481163915083,-1.5,0.));
#2795=CARTESIAN_POINT('',(-1.5,-1.5,0.));
#2796=CARTESIAN_POINT('',(1.33481163915083,-1.5,0.));
#2797=CARTESIAN_POINT('Origin',(1.5,-1.5,0.));
#2798=CARTESIAN_POINT('',(1.5,-1.31481163915083,0.02));
#2799=CARTESIAN_POINT('',(1.5,-1.31481163915083,0.));
#2800=CARTESIAN_POINT('Origin',(1.5,-1.5,0.02));
#2801=CARTESIAN_POINT('Origin',(0.,-2.77555756156289E-16,0.));
#2802=CARTESIAN_POINT('',(0.9,-0.75,0.));
#2803=CARTESIAN_POINT('',(0.9,-0.75,0.));
#2804=CARTESIAN_POINT('',(1.5,-0.75,0.));
#2805=CARTESIAN_POINT('',(0.45,-0.75,0.));
#2806=CARTESIAN_POINT('',(1.5,-1.33481163915083,0.));
#2807=CARTESIAN_POINT('',(1.5,-1.5,0.));
#2808=CARTESIAN_POINT('Origin',(1.5,-1.5,0.));
#2809=CARTESIAN_POINT('Origin',(-2.77555756156289E-16,-1.38777878078145E-16,
0.02));
#2810=CARTESIAN_POINT('',(1.5,-0.75,0.02));
#2811=CARTESIAN_POINT('',(1.5,-0.667405819575417,0.02));
#2812=CARTESIAN_POINT('',(0.9,-0.75,0.02));
#2813=CARTESIAN_POINT('',(2.04962942982021,-0.75,0.02));
#2814=CARTESIAN_POINT('',(0.9,2.13194386475275,0.02));
#2815=CARTESIAN_POINT('Origin',(1.5,-1.33481163915083,0.));
#2816=CARTESIAN_POINT('',(1.5,-1.33481163915083,0.));
#2817=CARTESIAN_POINT('',(1.5,-0.75,0.));
#2818=CARTESIAN_POINT('Origin',(1.5,-1.5,0.));
#2819=CARTESIAN_POINT('Origin',(0.9,-0.75,0.));
#2820=CARTESIAN_POINT('',(0.9,-0.75,0.));
#2821=CARTESIAN_POINT('Origin',(0.9,-1.5,0.));
#2822=CARTESIAN_POINT('Origin',(1.40740581957542,1.40740581957542,0.78));
#2823=CARTESIAN_POINT('',(1.5,1.33481163915083,0.78));
#2824=CARTESIAN_POINT('',(1.5,1.31481163915083,0.78));
#2825=CARTESIAN_POINT('',(1.5,0.77876032131782,0.78));
#2826=CARTESIAN_POINT('',(1.33481163915083,1.5,0.78));
#2827=CARTESIAN_POINT('Origin',(1.5,1.5,0.78));
#2828=CARTESIAN_POINT('',(1.31481163915083,1.5,0.78));
#2829=CARTESIAN_POINT('',(1.37110872936313,1.5,0.78));
#2830=CARTESIAN_POINT('Origin',(1.5,1.5,0.78));
#2831=CARTESIAN_POINT('Origin',(1.5,0.150114823060224,0.));
#2832=CARTESIAN_POINT('',(1.5,1.31481163915083,0.02));
#2833=CARTESIAN_POINT('',(1.5,1.31481163915083,0.));
#2834=CARTESIAN_POINT('',(1.5,0.75,0.02));
#2835=CARTESIAN_POINT('',(1.5,0.0750574115301119,0.02));
#2836=CARTESIAN_POINT('',(1.5,0.75,0.));
#2837=CARTESIAN_POINT('',(1.5,0.75,0.));
#2838=CARTESIAN_POINT('',(1.5,1.33481163915083,0.));
#2839=CARTESIAN_POINT('',(1.5,-1.5,0.));
#2840=CARTESIAN_POINT('',(1.5,1.33481163915083,0.));
#2841=CARTESIAN_POINT('Origin',(1.5,1.5,0.));
#2842=CARTESIAN_POINT('',(1.31481163915083,1.5,0.02));
#2843=CARTESIAN_POINT('',(1.31481163915083,1.5,0.));
#2844=CARTESIAN_POINT('Origin',(1.5,1.5,0.02));
#2845=CARTESIAN_POINT('Origin',(-2.77555756156289E-16,-1.38777878078145E-16,
0.02));
#2846=CARTESIAN_POINT('',(0.9,1.5,0.02));
#2847=CARTESIAN_POINT('',(0.667405819575417,1.5,0.02));
#2848=CARTESIAN_POINT('',(0.9,0.75,0.02));
#2849=CARTESIAN_POINT('',(0.9,2.13194386475275,0.02));
#2850=CARTESIAN_POINT('',(-2.04962942982021,0.75,0.02));
#2851=CARTESIAN_POINT('Origin',(1.5,1.5,0.));
#2852=CARTESIAN_POINT('',(1.33481163915083,1.5,0.));
#2853=CARTESIAN_POINT('Origin',(1.5,1.5,0.));
#2854=CARTESIAN_POINT('',(1.33481163915083,1.5,0.));
#2855=CARTESIAN_POINT('Origin',(0.,-2.77555756156289E-16,0.));
#2856=CARTESIAN_POINT('',(0.9,0.75,0.));
#2857=CARTESIAN_POINT('',(0.75,0.75,0.));
#2858=CARTESIAN_POINT('',(0.9,1.5,0.));
#2859=CARTESIAN_POINT('',(0.9,0.375,0.));
#2860=CARTESIAN_POINT('',(1.5,1.5,0.));
#2861=CARTESIAN_POINT('Origin',(1.33481163915083,1.5,0.));
#2862=CARTESIAN_POINT('',(0.9,1.5,0.));
#2863=CARTESIAN_POINT('Origin',(1.5,0.75,0.));
#2864=CARTESIAN_POINT('',(0.9,0.75,0.));
#2865=CARTESIAN_POINT('Origin',(0.9,0.75,0.));
#2866=CARTESIAN_POINT('Origin',(0.,1.41494258846989,0.78));
#2867=CARTESIAN_POINT('',(0.150114823060224,1.5,0.78));
#2868=CARTESIAN_POINT('',(0.170114823060224,1.5,0.78));
#2869=CARTESIAN_POINT('',(0.667405819575417,1.5,0.78));
#2870=CARTESIAN_POINT('',(-0.150114823060224,1.5,0.78));
#2871=CARTESIAN_POINT('Origin',(0.,1.5,0.78));
#2872=CARTESIAN_POINT('',(-0.170114823060224,1.5,0.78));
#2873=CARTESIAN_POINT('',(-0.0750574115301121,1.5,0.78));
#2874=CARTESIAN_POINT('Origin',(0.,1.5,0.78));
#2875=CARTESIAN_POINT('Origin',(1.33481163915083,1.5,0.));
#2876=CARTESIAN_POINT('',(0.170114823060224,1.5,0.02));
#2877=CARTESIAN_POINT('',(0.170114823060224,1.5,0.));
#2878=CARTESIAN_POINT('',(0.3,1.5,0.02));
#2879=CARTESIAN_POINT('',(0.667405819575417,1.5,0.02));
#2880=CARTESIAN_POINT('',(0.3,1.5,0.));
#2881=CARTESIAN_POINT('',(0.3,1.5,0.));
#2882=CARTESIAN_POINT('',(0.150114823060224,1.5,0.));
#2883=CARTESIAN_POINT('',(1.5,1.5,0.));
#2884=CARTESIAN_POINT('',(0.150114823060224,1.5,0.));
#2885=CARTESIAN_POINT('Origin',(0.,1.5,0.));
#2886=CARTESIAN_POINT('',(-0.170114823060224,1.5,0.02));
#2887=CARTESIAN_POINT('',(-0.170114823060224,1.5,0.));
#2888=CARTESIAN_POINT('Origin',(0.,1.5,0.02));
#2889=CARTESIAN_POINT('Origin',(0.,-2.77555756156289E-16,0.));
#2890=CARTESIAN_POINT('',(0.3,0.75,0.));
#2891=CARTESIAN_POINT('',(0.3,0.75,0.));
#2892=CARTESIAN_POINT('',(-0.3,0.75,0.));
#2893=CARTESIAN_POINT('',(0.15,0.75,0.));
#2894=CARTESIAN_POINT('',(-0.3,1.5,0.));
#2895=CARTESIAN_POINT('',(-0.3,0.375,0.));
#2896=CARTESIAN_POINT('',(-0.150114823060224,1.5,0.));
#2897=CARTESIAN_POINT('',(1.5,1.5,0.));
#2898=CARTESIAN_POINT('Origin',(0.,1.5,0.));
#2899=CARTESIAN_POINT('Origin',(-2.77555756156289E-16,-1.38777878078145E-16,
0.02));
#2900=CARTESIAN_POINT('',(-0.3,1.5,0.02));
#2901=CARTESIAN_POINT('',(-0.0750574115301123,1.5,0.02));
#2902=CARTESIAN_POINT('',(-0.3,0.75,0.02));
#2903=CARTESIAN_POINT('',(-0.3,-2.14017530824601,0.02));
#2904=CARTESIAN_POINT('',(0.3,0.75,0.02));
#2905=CARTESIAN_POINT('',(-2.04962942982021,0.75,0.02));
#2906=CARTESIAN_POINT('',(0.3,2.14017530824601,0.02));
#2907=CARTESIAN_POINT('Origin',(-0.3,0.75,0.));
#2908=CARTESIAN_POINT('',(-0.3,0.75,0.));
#2909=CARTESIAN_POINT('',(-0.3,1.5,0.));
#2910=CARTESIAN_POINT('Origin',(0.3,0.75,0.));
#2911=CARTESIAN_POINT('',(0.3,0.75,0.));
#2912=CARTESIAN_POINT('Origin',(0.3,1.5,0.));
#2913=CARTESIAN_POINT('Origin',(-0.150114823060224,1.5,0.));
#2914=CARTESIAN_POINT('',(-0.150114823060224,1.5,0.));
#2915=CARTESIAN_POINT('Origin',(0.,1.5,0.));
#2916=CARTESIAN_POINT('Origin',(-1.40740581957542,-1.40740581957542,0.78));
#2917=CARTESIAN_POINT('',(-1.5,-1.33481163915083,0.78));
#2918=CARTESIAN_POINT('',(-1.5,-1.31481163915083,0.78));
#2919=CARTESIAN_POINT('',(-1.5,-0.778760321317821,0.78));
#2920=CARTESIAN_POINT('',(-1.33481163915083,-1.5,0.78));
#2921=CARTESIAN_POINT('Origin',(-1.5,-1.5,0.78));
#2922=CARTESIAN_POINT('',(-1.31481163915083,-1.5,0.78));
#2923=CARTESIAN_POINT('',(-1.37110872936313,-1.5,0.78));
#2924=CARTESIAN_POINT('Origin',(-1.5,-1.5,0.78));
#2925=CARTESIAN_POINT('Origin',(-1.35638384190321,-0.0616898407903824,0.78));
#2926=CARTESIAN_POINT('',(-1.34988517693978,-6.50521303491303E-16,0.78));
#2927=CARTESIAN_POINT('',(-1.32988517693978,-6.57454889824536E-16,0.78));
#2928=CARTESIAN_POINT('',(-1.35313450942149,-5.63785129692462E-16,0.78));
#2929=CARTESIAN_POINT('',(-1.38288250686665,-0.0939039557450154,0.78));
#2930=CARTESIAN_POINT('Origin',(-1.5,-3.33066907387547E-16,0.78));
#2931=CARTESIAN_POINT('',(-1.38288250686665,-0.123379681580764,0.78));
#2932=CARTESIAN_POINT('',(-1.38288250686665,-0.405844920395191,0.78));
#2933=CARTESIAN_POINT('Origin',(-1.5,-5.98479599211998E-16,0.78));
#2934=CARTESIAN_POINT('Origin',(-1.5,-0.150114823060225,0.));
#2935=CARTESIAN_POINT('',(-1.5,-1.31481163915083,0.02));
#2936=CARTESIAN_POINT('',(-1.5,-1.31481163915083,0.));
#2937=CARTESIAN_POINT('',(-1.5,-0.75,0.02));
#2938=CARTESIAN_POINT('',(-1.5,-0.0750574115301123,0.02));
#2939=CARTESIAN_POINT('',(-1.5,-0.75,0.));
#2940=CARTESIAN_POINT('',(-1.5,-0.75,0.));
#2941=CARTESIAN_POINT('',(-1.5,-1.33481163915083,0.));
#2942=CARTESIAN_POINT('',(-1.5,1.5,0.));
#2943=CARTESIAN_POINT('',(-1.5,-1.33481163915083,0.));
#2944=CARTESIAN_POINT('Origin',(-1.5,-1.5,0.));
#2945=CARTESIAN_POINT('',(-1.31481163915083,-1.5,0.02));
#2946=CARTESIAN_POINT('',(-1.31481163915083,-1.5,0.));
#2947=CARTESIAN_POINT('Origin',(-1.5,-1.5,0.02));
#2948=CARTESIAN_POINT('Origin',(-1.34988517693978,-5.62174496060211E-16,
0.));
#2949=CARTESIAN_POINT('',(-1.32988517693978,-6.57454889824536E-16,0.02));
#2950=CARTESIAN_POINT('',(-1.32988517693978,-6.57454889824536E-16,0.));
#2951=CARTESIAN_POINT('',(-0.9,-4.16333634234434E-16,0.02));
#2952=CARTESIAN_POINT('',(-0.150114823060225,0.,0.02));
#2953=CARTESIAN_POINT('',(-0.9,-3.51372510652536E-16,0.));
#2954=CARTESIAN_POINT('',(-0.9,-3.51372510652536E-16,0.));
#2955=CARTESIAN_POINT('',(-1.34988517693978,-5.97961334713619E-16,0.));
#2956=CARTESIAN_POINT('',(-0.674942588469888,-2.4591771548908E-16,0.));
#2957=CARTESIAN_POINT('',(-1.34988517693978,-5.62174496060211E-16,0.));
#2958=CARTESIAN_POINT('Origin',(-1.5,-5.98479599211998E-16,0.));
#2959=CARTESIAN_POINT('',(-1.38288250686665,-0.123379681580764,0.02));
#2960=CARTESIAN_POINT('',(-1.38288250686665,-0.123379681580764,0.));
#2961=CARTESIAN_POINT('Origin',(-1.5,-5.98479599211998E-16,0.02));
#2962=CARTESIAN_POINT('Origin',(0.,-2.77555756156289E-16,0.));
#2963=CARTESIAN_POINT('',(-0.9,-1.5,0.));
#2964=CARTESIAN_POINT('',(-0.9,-2.77555756156289E-16,0.));
#2965=CARTESIAN_POINT('',(-1.33481163915083,-1.5,0.));
#2966=CARTESIAN_POINT('',(-1.5,-1.5,0.));
#2967=CARTESIAN_POINT('Origin',(-1.5,-1.5,0.));
#2968=CARTESIAN_POINT('',(-1.38288250686665,-0.75,0.));
#2969=CARTESIAN_POINT('',(-0.75,-0.75,0.));
#2970=CARTESIAN_POINT('',(-1.38288250686665,-0.0939039557450153,0.));
#2971=CARTESIAN_POINT('',(-1.38288250686665,-0.375,0.));
#2972=CARTESIAN_POINT('Origin',(-1.5,-3.33066907387547E-16,0.));
#2973=CARTESIAN_POINT('Origin',(-2.77555756156289E-16,-1.38777878078145E-16,
0.02));
#2974=CARTESIAN_POINT('',(-1.38288250686665,-0.75,0.02));
#2975=CARTESIAN_POINT('',(-1.38288250686665,-5.55111512312578E-16,0.02));
#2976=CARTESIAN_POINT('',(2.04962942982021,-0.75,0.02));
#2977=CARTESIAN_POINT('',(-0.9,-1.5,0.02));
#2978=CARTESIAN_POINT('',(-0.667405819575417,-1.5,0.02));
#2979=CARTESIAN_POINT('',(-0.9,-2.13194386475275,0.02));
#2980=CARTESIAN_POINT('Origin',(-1.5,-3.33066907387547E-16,0.));
#2981=CARTESIAN_POINT('',(-1.38288250686665,-0.0939039557450153,0.));
#2982=CARTESIAN_POINT('Origin',(-1.33481163915083,-1.5,0.));
#2983=CARTESIAN_POINT('',(-1.33481163915083,-1.5,0.));
#2984=CARTESIAN_POINT('',(-0.9,-1.5,0.));
#2985=CARTESIAN_POINT('Origin',(-1.5,-0.75,0.));
#2986=CARTESIAN_POINT('',(-1.38288250686665,-0.75,0.));
#2987=CARTESIAN_POINT('Origin',(-1.38288250686665,-0.75,0.));
#2988=CARTESIAN_POINT('Origin',(-0.9,-2.77555756156289E-16,0.));
#2989=CARTESIAN_POINT('Origin',(-1.5,-1.5,0.));
#2990=UNCERTAINTY_MEASURE_WITH_UNIT(LENGTH_MEASURE(0.01),#2994,
'DISTANCE_ACCURACY_VALUE',
'Maximum model space distance between geometric entities at asserted c
onnectivities');
#2991=UNCERTAINTY_MEASURE_WITH_UNIT(LENGTH_MEASURE(0.01),#2994,
'DISTANCE_ACCURACY_VALUE',
'Maximum model space distance between geometric entities at asserted c
onnectivities');
#2992=(
GEOMETRIC_REPRESENTATION_CONTEXT(3)
GLOBAL_UNCERTAINTY_ASSIGNED_CONTEXT((#2990))
GLOBAL_UNIT_ASSIGNED_CONTEXT((#2994,#2996,#2997))
REPRESENTATION_CONTEXT('','3D')
);
#2993=(
GEOMETRIC_REPRESENTATION_CONTEXT(3)
GLOBAL_UNCERTAINTY_ASSIGNED_CONTEXT((#2991))
GLOBAL_UNIT_ASSIGNED_CONTEXT((#2994,#2996,#2997))
REPRESENTATION_CONTEXT('','3D')
);
#2994=(
LENGTH_UNIT()
NAMED_UNIT(*)
SI_UNIT(.MILLI.,.METRE.)
);
#2995=(
LENGTH_UNIT()
NAMED_UNIT(*)
SI_UNIT($,.METRE.)
);
#2996=(
NAMED_UNIT(*)
PLANE_ANGLE_UNIT()
SI_UNIT($,.RADIAN.)
);
#2997=(
NAMED_UNIT(*)
SI_UNIT($,.STERADIAN.)
SOLID_ANGLE_UNIT()
);
#2998=SHAPE_DEFINITION_REPRESENTATION(#2999,#3000);
#2999=PRODUCT_DEFINITION_SHAPE('',$,#3002);
#3000=SHAPE_REPRESENTATION('',(#1790),#2992);
#3001=PRODUCT_DEFINITION_CONTEXT('part definition',#3006,'design');
#3002=PRODUCT_DEFINITION('B39162B3520U410','B39162B3520U410 v3',#3003,#3001);
#3003=PRODUCT_DEFINITION_FORMATION('',$,#3008);
#3004=PRODUCT_RELATED_PRODUCT_CATEGORY('B39162B3520U410 v3',
'B39162B3520U410 v3',(#3008));
#3005=APPLICATION_PROTOCOL_DEFINITION('international standard',
'ap242_managed_model_based_3d_engineering',2011,#3006);
#3006=APPLICATION_CONTEXT('Managed model based 3d engineering');
#3007=PRODUCT_CONTEXT('part definition',#3006,'mechanical');
#3008=PRODUCT('B39162B3520U410','B39162B3520U410 v3',$,(#3007));
#3009=PRESENTATION_STYLE_ASSIGNMENT((#3013));
#3010=PRESENTATION_STYLE_ASSIGNMENT((#3014));
#3011=PRESENTATION_STYLE_ASSIGNMENT((#3015));
#3012=PRESENTATION_STYLE_ASSIGNMENT((#3016));
#3013=SURFACE_STYLE_USAGE(.BOTH.,#3017);
#3014=SURFACE_STYLE_USAGE(.BOTH.,#3018);
#3015=SURFACE_STYLE_USAGE(.BOTH.,#3019);
#3016=SURFACE_STYLE_USAGE(.BOTH.,#3020);
#3017=SURFACE_SIDE_STYLE('',(#3021));
#3018=SURFACE_SIDE_STYLE('',(#3022));
#3019=SURFACE_SIDE_STYLE('',(#3023));
#3020=SURFACE_SIDE_STYLE('',(#3024));
#3021=SURFACE_STYLE_FILL_AREA(#3025);
#3022=SURFACE_STYLE_FILL_AREA(#3026);
#3023=SURFACE_STYLE_FILL_AREA(#3027);
#3024=SURFACE_STYLE_FILL_AREA(#3028);
#3025=FILL_AREA_STYLE('Steel - Satin',(#3029));
#3026=FILL_AREA_STYLE('Opaque(255,255,255) (1)',(#3030));
#3027=FILL_AREA_STYLE('Opaque(255,255,255) (1)',(#3031));
#3028=FILL_AREA_STYLE('Gold - Polished',(#3032));
#3029=FILL_AREA_STYLE_COLOUR('Steel - Satin',#3033);
#3030=FILL_AREA_STYLE_COLOUR('Opaque(255,255,255) (1)',#3034);
#3031=FILL_AREA_STYLE_COLOUR('Opaque(255,255,255) (1)',#3035);
#3032=FILL_AREA_STYLE_COLOUR('Gold - Polished',#3036);
#3033=COLOUR_RGB('Steel - Satin',0.627450980392157,0.627450980392157,0.627450980392157);
#3034=COLOUR_RGB('Opaque(255,255,255) (1)',0.32156862745098,0.317647058823529,
0.317647058823529);
#3035=COLOUR_RGB('Opaque(255,255,255) (1)',0.47843137254902,0.474509803921569,
0.474509803921569);
#3036=COLOUR_RGB('Gold - Polished',0.956862745098039,0.898039215686275,
0.654901960784314);
ENDSEC;
END-ISO-10303-21;
