received_at,slot_id,x_m,y_m,observation_count
1785530445.0030298,7380,0.0,1.683538093363423,2
1785530445.003079,7381,1.4799180489678778,1.5142748793473821,3
1785530445.0030992,7382,1.491066806617888,1.5197413299500242,4
1785530445.003136,7383,1.497179903497026,1.507772637554758,5
1785530445.0056763,7388,1.499757469809753,1.5025943235151005,6
1785530445.0057917,7387,1.5138993690549087,1.4955221390244804,7
1785530445.005819,7389,1.5132201855983087,1.4951819476561596,8
1785530445.0058608,7391,1.512667398739727,1.4973908126529765,8
1785530445.0058808,7392,1.5133549690920607,1.494578298286668,8
1785530445.0059202,7393,1.5177574605523247,1.493945977379064,8
1785530445.0059364,7394,1.5100607025672963,1.4900840707754435,8
1785530445.005969,7395,1.5097823430637791,1.4912310663912358,8
1785530445.0060043,7397,1.5138726621791734,1.4906611330419468,9
1785530445.0060213,7399,1.5097197946578131,1.4937745793350474,9
1785530445.026284,7404,1.5093129210334852,1.4958462274203643,9
1785530445.0556118,7405,1.5103337292992893,1.4956985295034244,9
1785530445.0557067,7406,1.5147023025910282,1.4986113029922479,9
1785530445.0558546,7407,1.51451665374955,1.499542475180522,9
1785530445.0559611,7408,1.512728034959004,1.5008838636283492,10
1785530445.0561259,7414,1.5087870167850084,1.5008752194749015,11
1785530445.056266,7417,1.50838309732581,1.500876403502594,11
1785530445.0590885,7418,1.500811853203633,1.4942543142596885,11
1785530445.0609818,7419,1.5008130569943472,1.495314689142569,11
1785530445.0831034,7424,1.5008149595686633,1.494695800170276,11
1785530445.0859382,7423,1.499904409350639,1.4954922892156788,11
1785530445.0859585,7425,1.4964710793511506,1.4924902077241113,11
1785530445.086113,7426,1.5026219228153281,1.4924886195811746,11
1785530445.0880654,7427,1.5026197080262151,1.4937271428491785,11
1785530445.0908358,7428,1.5026016030741618,1.4900180204552083,11
1785530445.134811,7429,1.5100072289319508,1.4900104002524088,11
1785530445.1370232,7430,1.5168750992053264,1.4960148044822126,11
1785530445.1371171,7431,1.5168751051257665,1.4965421318592385,11
1785530445.1371741,7433,1.5142507921577906,1.496534421513317,11
1785530445.1371973,7435,1.5160734184372864,1.4949399307386408,11
1785530445.1372414,7436,1.5160656575636788,1.4972502602455389,11
1785530445.137267,7440,1.5160627399687128,1.499535963828282,11
1785530445.1373076,7441,1.5139409009563085,1.4995487418692337,11
1785530445.1401806,7444,1.5185955647800389,1.495476381450528,11
1785530445.1431355,7443,1.5185937690093902,1.497496604774923,11
1785530445.147506,7445,1.5161707608823527,1.4974905095657356,11
1785530445.1523104,7446,1.5207810707318432,1.4974487797225464,12
1785530445.1564474,7447,1.5182970101745472,1.4999325876428804,12
1785530445.1774185,7451,1.5183127194172157,1.4966424886500695,12
1785530445.1985145,7452,1.51832080294486,1.4934800335111789,12
1785530445.1985738,7454,1.513477123808988,1.4886365911055097,12
1785530445.1985927,7456,1.5140093330775852,1.4881042591809976,12
1785530445.198634,7455,1.5140042478883275,1.484673244050639,12
1785530445.1986537,7457,1.5178734581471403,1.4846867891689348,12
1785530445.203843,7459,1.5195548252458018,1.4830054779518589,12
1785530445.2667477,7460,1.519563111971234,1.4818489422512842,12
1785530445.2684586,7464,1.5195734767220292,1.4847466396798088,12
1785530445.2685857,7465,1.5098013834288575,1.4848033164316343,12
1785530445.2686837,7466,1.5133392555404759,1.4883412472970305,12
1785530445.2687125,7468,1.506361058785773,1.4953193764526753,12
1785530445.2697167,7471,1.5061842800742193,1.495496154087864,12
1785530445.2698195,7472,1.5061860349187741,1.4993931178425348,12
1785530445.2698555,7477,1.5094570934017564,1.4993890922795579,12
1785530445.2699149,7480,1.5063660168909823,1.5024801073957583,12
1785530445.2699618,7479,1.5063657946698554,1.5027447103314662,12
1785530445.2714071,7481,1.4956612727449554,1.5027523033660066,12
1785530445.2736185,7484,1.495667322013344,1.500457543564106,12
1785530445.273757,7482,1.4850621584995967,1.5004428054663483,12
1785530445.2775233,7483,1.481261110941064,1.5042435007480728,12
1785530445.2843807,7487,1.4812641564085551,1.5058244690328078,12
1785530445.3368387,7488,1.4748320876591345,1.5098229132917866,10
1785530445.3369288,7490,1.4755189713099708,1.5104230207037945,10
1785530445.3369527,7492,1.4815473432323238,1.5054004985227971,10
1785530445.3370087,7491,1.482466944356604,1.5112177662780202,10
1785530445.3370335,7496,1.4826365046249526,1.512245444025213,10
1785530445.337077,7495,1.4892939891874943,1.5066982613339923,10
1785530445.3371124,7497,1.4936913667489384,1.5105404516365903,11
1785530445.3371294,7500,1.4937364533167883,1.500885883073916,11
1785530445.337169,7501,1.4937364532814386,1.500885881943388,11
1785530445.3388934,7502,1.493231644736469,1.5004442462849226,11
1785530445.3402796,7504,1.496162337717436,1.4978795237458742,11
1785530445.3435938,7503,1.4961280726542348,1.4888523134857345,11
1785530445.3512187,7508,1.4961689600512593,1.4800244472036812,11
1785530445.3595135,7506,1.488760257633169,1.4800052661033136,11
1785530445.3595135,7507,1.481404113492521,1.4864515646408567,11
1785530445.3905098,7511,1.4814653513508311,1.478457976096006,11
1785530445.3907638,7513,1.4773025822906534,1.4784404671662175,11
1785530445.3908741,7514,1.4781080201438104,1.4791465064084888,11
1785530445.3909564,7515,1.4781247335347956,1.4823516232817688,11
1785530445.3909986,7517,1.4872476079291062,1.4822999339059855,11
1785530445.4008021,7519,1.4969088179267387,1.4738294410072632,11
1785530445.4188995,7520,1.4968999871038111,1.4750656501652255,11
1785530445.4506545,7525,1.5046218281519197,1.4750767758173082,11
1785530445.450739,7528,1.5034135840471572,1.4761365277958278,11
1785530445.4508293,7527,1.503463346458634,1.4828467691839964,11
1785530445.4508576,7529,1.5072735866256977,1.4828500088444705,11
1785530445.4509125,7530,1.521777516448091,1.4827675262075848,11
1785530445.4509652,7531,1.5142879455897795,1.4893325682123002,11
1785530445.4509878,7534,1.5150686499898,1.4893333575837175,12
1785530445.4510322,7535,1.5150985638200456,1.4858688797193524,12
1785530445.45457,7536,1.5150931553175957,1.4893863788067496,12
1785530445.4561641,7538,1.517201206169628,1.4914944510759025,12
1785530445.4809802,7541,1.5176419962621255,1.491497083750971,12
1785530445.508126,7539,1.5176494793280084,1.4854316824578704,12
1785530445.5099843,7546,1.5135155149638628,1.4854297245479824,12
1785530445.510308,7548,1.513510593866918,1.4884212873318052,12
1785530445.514328,7553,1.5079638474244181,1.4884426833942592,12
1785530445.5143926,7551,1.5079617456366874,1.4880019073491901,12
1785530445.522286,7557,1.5106828887760222,1.4907194308249414,12
1785530445.5304892,7560,1.5106992485733577,1.4862279419655224,12
1785530445.5368845,7562,1.5098213009960164,1.4853497617396216,12
1785530445.587149,7569,1.5028857674660154,1.4784135637301103,12
1785530445.6094675,7570,1.5073604739206259,1.4783942790419875,12
1785530445.6117072,7574,1.5099104205092877,1.4809443917267664,12
1785530445.6117926,7577,1.5145650961435595,1.4809431568609255,12
1785530445.611845,7575,1.5145708954753192,1.4847253362253452,12
1785530445.6118686,7582,1.5064810343552624,1.4847474719129201,12
1785530445.6119354,7583,1.506364731765729,1.4997176645560832,12
1785530445.6210055,7584,1.5063649454239585,1.5056598281552747,11
1785530445.6213288,7586,1.5007955578053125,1.49929278616892,11
1785530445.631695,7587,1.500774082566408,1.4902030901006407,11
1785530445.6594462,7593,1.5030439452175193,1.4945542814771784,7
1785530445.6808434,7594,1.5237151937294469,1.4864013458520353,7
1785530445.6823914,7596,1.5180607962066266,1.4978083002198033,7
1785530445.6824694,7598,1.5196517317148825,1.4988754886707136,7
1785530445.682881,7601,1.5128324146924146,1.5015694052616602,7
1785530445.682942,7606,1.51063283005253,1.502439127015438,7
1785530445.6962798,7610,1.505458598133668,1.4989726195388198,7
1785530445.7154825,7613,1.5080965809930913,1.4979299582069991,7
1785530445.7585785,7617,1.4961128691096073,1.4899386920872708,7
1785530445.7586188,7618,1.4750358946202695,1.4982755112825852,7
1785530445.7586417,7620,1.4731378302973939,1.5021447619770556,7
1785530445.758668,7622,1.4828356633159303,1.508638227780695,7
1785530445.7586863,7623,1.4775189157196922,1.519386902232175,7
1785530445.762439,7630,1.5010157772325348,1.5100628396411409,7
1785530445.7664337,7631,1.5084431572877082,1.495182019379331,7
1785530445.7784894,7633,1.5086195096712813,1.4951105262674065,8
1785530445.8111567,7634,1.5049910612146657,1.4914807646412456,8
1785530445.8116055,7636,1.5032711496665008,1.493200090559133,9
1785530445.8116298,7635,1.5027000363453178,1.4965947254489804,9
1785530445.811652,7637,1.5025788945478804,1.4966148912749409,9
1785530445.8117383,7638,1.497743135294301,1.4974330798455744,10
1785530445.8117864,7639,1.4962884957958957,1.4990948074043662,11
1785530445.8118732,7644,1.4962688747462078,1.4887821026131192,11
1785530445.8183327,7645,1.5011483188314747,1.4887867005560147,11
1785530445.8190014,7646,1.4989399481065144,1.486262528338207,11
1785530445.8199606,7648,1.5032748400279516,1.4813080039913047,11
1785530445.8269033,7649,1.496687357761771,1.481324099678394,11
1785530445.8415356,7652,1.4966767925777953,1.482593984916239,12
1785530445.8671138,7651,1.5009278194837703,1.4783424248083512,12
1785530445.8671534,7654,1.497067128611922,1.4783540862842945,12
1785530445.8672342,7653,1.503057133128941,1.4843448300256727,12
1785530445.8672342,7655,1.503056739460563,1.4844333777704874,12
1785530445.8672931,7661,1.5085078947038506,1.4844310961302658,12
1785530445.8717778,7664,1.50850448789367,1.4849629478584874,12
1785530445.8741002,7663,1.5091239640903573,1.484343439953829,12
1785530445.900741,7667,1.5091025009429526,1.4885990509051266,12
1785530445.9202325,7671,1.5090886522178493,1.4857791549627364,12
1785530445.9203093,7673,1.5084728776739174,1.4857767255337693,12
1785530445.9203417,7674,1.5189522116190572,1.4857204766441474,12
1785530445.9203887,7675,1.5163824354895858,1.4882901994280944,12
1785530445.9309623,7678,1.5191118183414594,1.4883007040553062,12
1785530445.9334373,7679,1.519222899609378,1.4764700164448161,12
1785530445.9636703,7685,1.5179075761583463,1.4764689454719226,12
1785530446.009461,7686,1.510781263759156,1.4765368042851892,12
1785530446.1403513,7687,1.4926369774109098,1.4615403232028337,3
1785530446.1404333,7689,1.5031930974424168,1.4826714690232299,4
1785530446.1405063,7691,1.5031783008171664,1.4884559289857708,5
1785530446.1405265,7692,1.5031746108205826,1.4876274178038946,6
1785530446.1405678,7693,1.4977154342908,1.4876200502296182,7
1785530446.1405876,7694,1.4993485691677426,1.4896637165892106,8
1785530446.1406262,7696,1.501393635310866,1.4872744909771967,9
1785530446.1406605,7695,1.501379901701223,1.4849506156710501,10
1785530446.140677,7697,1.503086041055202,1.4849551901145819,10
1785530446.1407087,7698,1.5096753469521325,1.4849513951205642,10
1785530446.1407263,7699,1.5029200676411199,1.4917184647051474,10
1785530446.1407573,7704,1.5029285524540619,1.4950496743356032,10
1785530446.140789,7705,1.5130420775878013,1.4950101182007796,10
1785530446.1408064,7707,1.5130237677568785,1.5017568516759205,10
1785530446.1408386,7710,1.50948960459986,1.5017832507785722,10
1785530446.1408713,7711,1.5039132393182908,1.5073606406636861,10
1785530446.1408887,7716,1.5039278037700097,1.5043330704907172,10
1785530446.140921,7717,1.499790456903296,1.5043439780417627,10
1785530446.1409369,7720,1.4940199016712117,1.510108931666058,10
1785530446.1409516,7719,1.494039522608037,1.5036347560186187,10
1785530446.140981,7722,1.4906079454014585,1.503624496059227,10
1785530446.1410127,7723,1.5010023311315928,1.493232765829921,10
1785530446.1410298,7728,1.5010102273640817,1.4973733986446882,10
1785530446.1410465,7729,1.5003026791778304,1.4973736024086481,10
1785530446.141064,7732,1.5024232172853769,1.4952520363886574,10
1785530446.1411011,7731,1.5024198857352669,1.493636717244095,10
1785530446.1411192,7734,1.4933148266503227,1.493616823385341,10
1785530446.1411505,7735,1.4845503818585302,1.5023732954116233,10
1785530446.1411679,7740,1.4845449013714587,1.5001429690706338,10
1785530446.1412034,7741,1.4819184379329053,1.5001193678724298,10
1785530446.1412208,7742,1.4819183832766116,1.500119367642924,10
1785530446.1442013,7743,1.4819189481570199,1.513002915618194,10
1785530446.1502879,7748,1.4819167772634023,1.5002401147617044,11
1785530446.1552656,7747,1.4870886060954556,1.4957114503886833,11
1785530446.1638849,7749,1.4887989463733424,1.4972075263190623,11
1785530446.1642325,7750,1.4953183228185272,1.4971764096172426,12
1785530446.1650202,7751,1.4953185801141122,1.4969116590489608,12
1785530446.1743631,7753,1.4963806279753413,1.4969117447591525,12
1785530446.1880093,7754,1.5031764984400244,1.5037076130107507,12
1785530446.2007868,7756,1.5059206045286213,1.5009635503700927,12
1785530446.202442,7755,1.505920417798513,1.4954943093793285,12
1785530446.2025967,7757,1.5065382095950193,1.4954958813005113,12
1785530446.2030299,7758,1.5150364161661476,1.4954582493560404,12
1785530446.2030993,7759,1.5184028530677194,1.4920921254776,12
1785530446.2100534,7764,1.5184029496294238,1.4931462050834552,12
1785530446.2133758,7765,1.518048571423677,1.493148370934877,12
1785530446.2177339,7766,1.510553886463321,1.4856548074015836,12
1785530446.2445781,7767,1.5105536670562687,1.4927007990946486,12
1785530446.2710605,7772,1.5105143044016065,1.5049412912478464,12
1785530446.271124,7771,1.5078604742974124,1.5075950894465189,12
1785530446.2711468,7773,1.5021198480511866,1.501854471556253,12
1785530446.271171,7774,1.495751961481947,1.5018685407939223,12
1785530446.271218,7775,1.4957501463452025,1.5027511694721134,12
1785530446.27126,7777,1.4991941120830734,1.5027430787263636,12
1785530446.2712984,7778,1.494967514171453,1.4985164431214244,12
1785530446.2713163,7784,1.494984393043639,1.4953397405166025,12
1785530446.283917,7787,1.4949580684316908,1.5013400324157302,12
1785530446.3300772,7790,1.5018328449109026,1.5082149031718555,12
1785530446.3305304,7796,1.5018394940170618,1.5128140277057107,12
1785530446.3319764,7797,1.507488663246157,1.518463624340917,12
1785530446.332143,7799,1.5074929866172548,1.5031346738512343,12
1785530446.3466408,7802,1.5004671109592975,1.496108212214058,12
1785530446.3535345,7806,1.4957761682312853,1.4961313299997352,12
1785530446.392413,7809,1.4977991620906255,1.4981544325884457,12
1785530446.3925822,7811,1.4977989917272194,1.4985077739639356,12
1785530446.3926115,7813,1.4981510553311208,1.4985080338885788,12
1785530446.3926659,7814,1.5032528101677143,1.5036080816055644,12
1785530446.401158,7818,1.5069715076622165,1.5060200473034386,11
1785530446.4236743,7820,1.5087324597405753,1.4972725662521849,9
1785530446.4483361,7824,1.5100314291424772,1.489768216671025,9
1785530446.4496481,7825,1.4991968645708973,1.491652299166521,9
1785530446.4496858,7828,1.5038891626946134,1.4869555753244577,10
1785530446.449713,7827,1.50388455706023,1.4846094651962622,11
1785530446.4497378,7829,1.5043712166755308,1.484610084421084,12
1785530446.4497998,7831,1.5009151806111871,1.4880650567875227,12
1785530446.449851,7833,1.4965075023661933,1.4836571347770222,12
1785530446.4498944,7834,1.4988808589381508,1.4836499605477125,12
1785530446.4499154,7835,1.4988415829612949,1.4933692015514966,12
1785530446.4611833,7838,1.4979564594945733,1.4924840838728313,12
1785530446.4647691,7840,1.4942493817076377,1.4961911790530513,12
1785530446.471973,7841,1.4888644730889133,1.4962036414725681,12
1785530446.4721184,7842,1.4838197908996824,1.4961784900157151,12
1785530446.5145583,7843,1.489293038212698,1.4907054858318165,12
1785530446.5160315,7847,1.4892947216982162,1.4899128258453334,12
1785530446.516067,7848,1.4892844811065447,1.4878726246220504,12
1785530446.5161734,7852,1.486901961938433,1.4902551203507834,12
1785530446.5162327,7851,1.4869016704605527,1.490166354072516,12
1785530446.5162566,7853,1.4920111743592348,1.4901614074390723,12
1785530446.52109,7855,1.4898971695693535,1.4922754692156328,12
1785530446.5217845,7857,1.4904292932587084,1.4928076356016784,12
1785530446.5255175,7859,1.4904315796137897,1.4943054233793915,12
1785530446.551285,7861,1.4973390034053307,1.4943387519845543,12
1785530446.5797286,7862,1.498312890913705,1.4953126278508337,12
1785530446.5836046,7869,1.5009689124498464,1.4979686592486139,12
1785530446.5836616,7870,1.503177134086523,1.4979746531138811,12
1785530446.583688,7871,1.5031804774011468,1.4994788413936964,12
1785530446.5837278,7872,1.5031839462920187,1.5008032719307254,12
1785530446.5837705,7874,1.4997283699597872,1.4973477049286013,12
1785530446.583876,7876,1.5021089900487712,1.4949670324554332,12
1785530446.5839016,7875,1.5021171704637477,1.497440163172053,12
1785530446.5912957,7878,1.5058326541365081,1.4974389854938297,12
1785530446.635777,7882,1.4984964712445523,1.5011125240199485,11
1785530446.6386454,7884,1.4984965225327567,1.5009104241724809,11
1785530446.638717,7886,1.5003514347829572,1.5030302280183323,11
1785530446.639287,7888,1.4956650259192026,1.508384896554955,11
1785530446.6393094,7887,1.4956553822494565,1.5113174042583677,11
1785530446.6393752,7892,1.495650587660614,1.508229875767186,12
1785530446.639938,7891,1.49219583025745,1.5116846893118776,12
1785530446.6448839,7893,1.4888444775270988,1.5083333591794137,12
1785530446.6484492,7894,1.493098908526021,1.5083141636377633,12
1785530446.648529,7895,1.4930989637239767,1.5024058289667015,12
1785530446.6561701,7896,1.4930776899059481,1.5066581786549798,12
1785530446.6564035,7897,1.4935186509503224,1.5066592781801906,12
1785530446.6571367,7898,1.4943986941544878,1.507537401394951,12
1785530446.697295,7899,1.4944061615673687,1.5063862095500153,12
1785530446.7007675,7901,1.4945833143160845,1.5063858631616358,12
1785530446.7008402,7904,1.4945845421583872,1.505767573035656,12
1785530446.7009728,7903,1.4927207588757911,1.5076313486872097,12
1785530446.7009943,7905,1.4946572739814292,1.5095679489835294,12
1785530446.7010326,7907,1.4946566856447923,1.5109796784865923,12
1785530446.7010703,7908,1.4946506678593707,1.5117766338554068,12
1785530446.7010868,7909,1.4896323920508499,1.5117787442145754,12
1785530446.7011054,7910,1.4938655796458697,1.516012132929943,12
1785530446.7051392,7912,1.4948399867888507,1.5150376999597646,12
1785530446.705428,7911,1.4948261715955162,1.5168085941221001,12
1785530446.7104547,7913,1.4917153500346034,1.5168258324976955,12
1785530446.720893,7917,1.4923316390245729,1.5174422149971336,12
1785530446.722454,7918,1.490198052210132,1.5174572812495564,12
1785530446.7251081,7919,1.4902078632251925,1.5212456664863758,12
1785530446.758248,7922,1.4830716398319406,1.5141091629380732,12
1785530446.7586012,7924,1.4822734979407397,1.5149071282746784,12
1785530446.7586534,7923,1.4823018172088869,1.5107284054963384,12
1785530446.7586718,7926,1.4823018172063094,1.5107283904766164,12
1785530446.7642791,7930,1.4893982568669542,1.510690172515298,12
1785530446.7649984,7931,1.4894093088670712,1.5129801696483243,12
1785530446.782429,7933,1.4993536897359687,1.5129945786929,12
1785530446.8020463,7934,1.5051746754173985,1.518816000763419,12
1785530446.8032563,7935,1.5051196029608387,1.5241989455219664,12
1785530446.8033445,7937,1.5129598444133139,1.5242013363488212,12
1785530446.8034174,7939,1.516588813540452,1.5205720399114446,12
1785530446.8034368,7941,1.5109400474025008,1.5149230237692242,12
1785530446.8092265,7942,1.4986823910675655,1.514944918004478,12
1785530446.8093548,7943,1.4987002093936879,1.5081421115044114,12
1785530446.8108163,7944,1.4987607382879908,1.5003600332452824,12
1785530446.8184788,7946,1.4976175135282896,1.4992166085757253,12
1785530446.8503852,7947,1.4976199419238971,1.4986858290288114,12
1785530446.8508341,7948,1.5051696360600375,1.4911360617331262,12
1785530446.8508677,7949,1.5034954324585297,1.4911420927006491,12
1785530446.8511653,7951,1.5066946041760907,1.4879427825911384,12
1785530446.85492,7957,1.5055410404263685,1.4879510699217784,12
1785530446.858413,7958,1.5082672005305273,1.4906773205444699,12
1785530446.861041,7960,1.5065794220922453,1.4923652479202216,12
1785530446.8929963,7959,1.5065836206390744,1.4875145881519065,12
1785530446.8930984,7961,1.5049112805154923,1.4875175063772477,12
1785530446.893146,7964,1.50492345045964,1.4861009163405665,12
1785530446.893946,7963,1.5016385580657905,1.489385933020138,12
1785530446.8939757,7966,1.5033118959626368,1.4893803734975146,12
1785530446.894036,7967,1.5032997913446813,1.4911501373418192,12
1785530446.8965201,7969,1.5008176405169285,1.4911590801895755,12
1785530446.89771,7970,1.4976436796033756,1.4879850204551435,12
1785530446.9011512,7971,1.497645206246888,1.4908156608508107,12
1785530446.9337912,7973,1.4976452064302377,1.4908156945287039,12
1785530446.933817,7975,1.5055385932763492,1.4829218602450647,12
1785530446.9338903,7977,1.507124187689582,1.484507387576261,12
1785530446.9339087,7979,1.5071113950251687,1.4861022418949494,12
1785530446.9356809,7981,1.5005405378639656,1.486122483497792,12
1785530446.9372263,7982,1.505486589529368,1.4910687383226613,12
1785530446.9803522,7983,1.5063685840499281,1.4882437682390006,11
1785530446.980859,7988,1.5063905523791095,1.4847006157393243,11
1785530446.9809296,7987,1.4955595662796357,1.4941699986758847,11
1785530446.9815264,7989,1.5024241178522135,1.500174092879381,11
1785530446.9816782,7991,1.502427634971547,1.4984049088411098,11
1785530446.9817247,7992,1.5024162782267145,1.502290836086883,11
1785530446.9817922,7993,1.495553981498377,1.50230119689125,11
1785530446.9818366,7994,1.4898985578480441,1.4973530672260278,11
1785530446.9839203,7995,1.4898988617122084,1.4994814939851704,11
1785530446.9871418,7997,1.4892928329792736,1.499483829759812,11
1785530447.0212948,7999,1.4944516644162806,1.4949704200609042,11
1785530447.0213847,8004,1.4944420758580381,1.4904542418434814,11
1785530447.0215168,8005,1.4986005940320335,1.490455992877652,11
1785530447.0215383,8006,1.4991054234468528,1.4908972428230618,11
1785530447.0216174,8007,1.4991058074082613,1.4955832104591056,11
1785530447.0606549,8011,1.499511247701932,1.4952285003020342,11
1785530447.0879786,8012,1.494636869815119,1.5074341346051248,10
1785530447.0880213,8016,1.4923614685675688,1.5205191335390882,10
1785530447.0881011,8017,1.5054319054251404,1.5185727697275258,10
1785530447.088141,8018,1.5014343747347816,1.5152387654431725,10
1785530447.0884767,8019,1.5027002968789571,1.508184179014054,10
1785530447.0885613,8024,1.503308012213195,1.5046550781582904,10
1785530447.0886543,8023,1.498023056453177,1.509286564885751,10
1785530447.088693,8025,1.4915443882338901,1.50389205257308,10
1785530447.0887303,8026,1.4954196262563764,1.5033078433842373,10
1785530447.0887604,8027,1.4940416168789912,1.5114766952273881,10
1785530447.097046,8030,1.499914924197089,1.5163770993774268,10
1785530447.1156044,8032,1.5026753339536896,1.513957106300985,11
1785530447.1315591,8033,1.4953783949418804,1.5139884039280305,11
1785530447.1336324,8036,1.4953864121159295,1.5187541335089532,11
1785530447.1336706,8034,1.4895442159630743,1.5187531403331462,12
1785530447.1337967,8037,1.4967816110407062,1.5259916413060914,12
1785530447.1338418,8038,1.4912546424359132,1.5260151611420958,12
1785530447.1338606,8039,1.491234396142725,1.5149988411638138,12
1785530447.1349704,8040,1.4913056108786067,1.5073744762226187,12
1785530447.1364014,8041,1.484957240705381,1.5073701025391069,12
1785530447.1405323,8042,1.4829287459745844,1.5053417872794903,12
1785530447.141016,8044,1.4882441714469425,1.500026695897729,12
1785530447.154639,8043,1.4882319576057212,1.503575977353669,12
1785530447.1843386,8048,1.488240568479571,1.500846803644869,12
1785530447.1850097,8046,1.4955746196106643,1.5008256092121872,12
1785530447.1850557,8047,1.499490520303873,1.4969100539161553,12
1785530447.1850758,8051,1.499526215578538,1.4930213959173846,12
1785530447.1871107,8053,1.5035129102280613,1.492984195962064,12
1785530447.188277,8052,1.5035310486469817,1.4900708218698315,12
1785530447.188277,8054,1.5030052066137303,1.4895447539805822,12
1785530447.2226133,8058,1.5046903886289384,1.4895278636218119,12
1785530447.2226746,8059,1.5119140757894562,1.482304000262606,12
1785530447.222729,8065,1.5129815858665436,1.4822892879310394,12
1785530447.222781,8066,1.5139448975407248,1.4832525424681375,12
1785530447.2227995,8067,1.5139545169487407,1.479029783383278,12
1785530447.2269495,8069,1.5203614372802388,1.479023116086102,12
1785530447.2340965,8072,1.5203255665743083,1.48213778005799,12
1785530447.2342374,8071,1.5129548230709755,1.4895084067344504,12
1785530447.2462246,8073,1.5040699058260025,1.4806233805267932,12
1785530447.274406,8074,1.507933437860658,1.480615170393831,12
1785530447.2744303,8075,1.5078672917038773,1.4908069680784612,12
1785530447.2745378,8076,1.5078726725649465,1.4932753457227392,12
1785530447.2745783,8077,1.5030890221521753,1.4932845726568664,12
1785530447.2745967,8078,1.4985782108563597,1.4887736436079102,12
1785530447.274609,8079,1.4985928196812814,1.4952290837173878,12
1785530447.2746248,8081,1.4981515824628846,1.4952293056909134,12
1785530447.2751405,8083,1.4962924134938942,1.4970891928906216,12
1785530447.283996,8085,1.501410622127551,1.5022074092553113,12
1785530447.283996,8086,1.500349196627974,1.5022090199311824,12
1785530447.2846768,8087,1.5003868088979162,1.493280773002732,12
1785530447.3079357,8089,1.4971091376450525,1.4932936357302178,12
1785530447.3203795,8090,1.501511427491359,1.497696003890585,12
1785530447.320607,8092,1.4999143633429302,1.4992932000197325,12
1785530447.3206372,8091,1.499923903625596,1.4929290640638815,12
1785530447.3206544,8093,1.4955149339634624,1.4929433397283656,12
1785530447.3226318,8095,1.4984410644087673,1.4900171019231974,12
1785530447.3319507,8100,1.4984385784119438,1.4929353968700505,12
1785530447.3344142,8101,1.5046402663837666,1.4928999542973935,12
1785530447.344187,8102,1.5092958986851224,1.497555304077495,12
1785530447.370272,8103,1.509286063024221,1.4992296272870294,12
1785530447.370272,8104,1.5039466149038219,1.5045690817120916,12
1785530447.3709197,8107,1.5061711325275788,1.502344573738015,12
1785530447.3709607,8108,1.5062240914153662,1.4958789300664672,12
1785530447.3788836,8112,1.5062286427103815,1.4952609865496689,12
1785530447.3788836,8113,1.499854552280425,1.4953163756760395,12
1785530447.3790169,8114,1.4955520080619251,1.4910140545266894,12
1785530447.3799,8116,1.4971533527632632,1.4894122871286726,12
1785530447.4224353,8120,1.49712517791645,1.492502973379487,12
1785530447.4239945,8128,1.4916418600121952,1.494379892571302,11
1785530447.4277835,8129,1.4901285127132633,1.4943903465509438,11
1785530449.5401704,8,1.4878647542213013,1.4715998136691824,2
1785530449.5402107,6,1.485178615485722,1.4702340533490963,3
1785530449.5402305,7,1.483326437870562,1.4721425610588952,3
1785530449.5453491,11,1.4909119181800847,1.487502631937005,4
1785530449.5521882,12,1.4941620900532189,1.4939467933148698,5
1785530449.581536,14,1.5004734367165782,1.4977370578934013,6
1785530449.581675,15,1.5004624623085276,1.4941077750980414,7
1785530449.5826013,16,1.487585617500672,1.5005496860730665,8
1785530449.5827055,22,1.4962600668717072,1.5017815015828246,9
1785530449.5944512,23,1.4968569295508058,1.5046934152236429,9
1785530449.623071,26,1.4935166823327939,1.5021861002543557,9
1785530449.6231053,28,1.5003643787497667,1.4976288125666375,9
1785530449.6231534,29,1.5021142504996263,1.497884783794808,10
1785530449.6231992,31,1.4982962218808495,1.5010637114926708,10
1785530449.6232197,33,1.5023382426681997,1.5046030308713831,11
1785530449.6316805,34,1.5016304020067663,1.5046006983244302,11
1785530449.636081,37,1.4943670326220642,1.5045669658548477,12
1785530449.6490948,38,1.4902798294542097,1.5004800290974603,12
1785530449.6611662,39,1.490289553267598,1.502785425421655,12
1785530449.662628,44,1.4902718525003016,1.4981161104180554,12
1785530449.6627476,43,1.486481931472455,1.5019058226006468,12
1785530449.6627717,45,1.4871024105298696,1.502526328691047,12
1785530449.6757705,48,1.487102655362391,1.5085624432036155,12
1785530449.6762884,49,1.4923908297255684,1.5085805716586316,12
1785530449.6939323,50,1.4946868597121736,1.5108766378267127,12
1785530449.6939924,51,1.4946891655857022,1.5103453615798912,12
1785530449.6944509,56,1.4947251585969352,1.5174041505498355,12
1785530449.7046516,55,1.500196093944804,1.511932853232868,12
1785530449.7046964,57,1.4976287312523604,1.50936536599931,12
1785530449.7249792,59,1.4976278954377806,1.5091004001544233,12
1785530449.7368865,60,1.4976260352590454,1.5037929225656856,12
1785530449.7369785,62,1.5034788595348396,1.5096457765597113,12
1785530449.74646,63,1.5062762818289555,1.5132655316638477,11
1785530449.7473683,64,1.5139420396170693,1.5065521794072718,11
1785530449.747407,69,1.5118211378175408,1.5046953848698106,11
1785530449.7496037,70,1.510000800090961,1.5046891886652167,11
1785530449.7523894,72,1.5100026532053448,1.5030154328693226,11
1785530449.7561202,73,1.5106079703803372,1.5030139039615174,11
1785530449.7589302,74,1.5082839290703036,1.5009798993219412,11
1785530449.7772443,75,1.5082839547855638,1.5015969004774894,11
1785530449.7775967,77,1.5080818454284615,1.501596483025064,11
1785530449.7911894,79,1.5068703510243011,1.5026565471558986,11
1785530449.8037722,88,1.4982960648710846,1.5101628726359242,11
1785530449.8223715,87,1.498300047792476,1.5059178307939853,11
1785530449.822448,89,1.4970861647841185,1.5059156599031853,11
1785530449.8368983,92,1.4970796716347166,1.5044145057707539,11
1785530449.8370295,91,1.5038364413033491,1.498502789300739,11
1785530449.8370588,93,1.5068703568026858,1.5011577972810273,11
1785530449.8540533,95,1.506869059555008,1.5000061302423464,11
1785530449.8542445,96,1.5068647883930757,1.4974487563312613,11
1785530449.8542674,104,1.5068667082251197,1.4940823203501559,11
1785530449.854309,102,1.5095475048065907,1.4940755275344755,12
1785530449.8612988,103,1.5015904510217941,1.5020325093083988,12
1785530449.8839772,107,1.5015915861507871,1.4994678914272803,12
1785530449.8840508,108,1.501584663028536,1.5028248620255529,12
1785530449.8841019,109,1.507324522525931,1.502797975753062,12
1785530449.8847342,112,1.5093660314153954,1.5007566107371169,12
1785530449.8848438,111,1.5093572526606107,1.5025188007726016,12
1785530449.907514,114,1.5105053724135526,1.5025093615623044,12
1785530449.9223056,115,1.5096169655205514,1.5033977710723936,12
1785530449.9223614,116,1.5096052106961007,1.5105801323362555,12
1785530449.9224422,120,1.5095450043435388,1.517540766401988,12
1785530449.922497,121,1.5089299140618082,1.517545938385962,12
1785530449.9225192,122,1.507610627898444,1.5162265714865735,12
1785530449.9265668,123,1.5075466000745366,1.5215168478050667,12
1785530449.9281483,125,1.501582666401687,1.5215536902497413,12
1785530449.9521627,127,1.513241046138738,1.5100521180654867,11
1785530449.9620314,129,1.5115371654265697,1.5085625621798908,11
1785530449.96533,130,1.506452578969884,1.5085954982127703,12
1785530449.9654393,131,1.506447532784932,1.5092155365927398,12
1785530449.965741,134,1.50504764191131,1.5078156911430665,12
1785530449.9658055,136,1.5035297075904301,1.509333367248168,12
1785530449.9658237,135,1.503539854351404,1.508538929602527,12
1785530449.9999382,138,1.4997499789848932,1.5085758479672393,12
1785530450.00003,139,1.4921725901639906,1.5161533062486336,12
1785530450.0000672,140,1.4921704716794477,1.5166828008966176,12
1785530450.0000854,144,1.4922704453219693,1.5074660509979445,12
1785530450.0001392,145,1.4912124380212934,1.5074683027664715,12
1785530450.0001583,146,1.4841762886441678,1.500432497325357,12
1785530450.002119,148,1.4888841971842555,1.4957245179233158,12
1785530450.0275123,152,1.488872237219954,1.4978378350389412,12
1785530450.0276277,151,1.488517163260085,1.4981929327513188,12
1785530450.0276537,153,1.487549025016569,1.497224852051574,12
1785530450.027709,154,1.4946136801668375,1.497181900403113,12
1785530450.0411477,155,1.4946096998589158,1.4989464883333026,12
1785530450.1149638,157,1.4896581595160803,1.4989360070844462,12
1785530450.1493337,158,1.495959140481802,1.4999031197381032,11
1785530450.1493707,159,1.4959571435013748,1.4991065610654635,11
1785530450.1495519,164,1.4959541378735688,1.4958406012590217,11
1785530450.1496258,162,1.4976730965013019,1.4958437788926258,11
1785530450.1496499,163,1.5009010045264752,1.4930181893363585,11
1785530450.149691,167,1.5009376137849753,1.4849722276436652,11
1785530450.1497302,168,1.5009455428258813,1.4878881499248147,11
1785530450.1497686,170,1.517876145760015,1.5027047283109543,11
1785530450.1497877,172,1.5166620488089568,1.503766941919514,11
1785530450.1498268,171,1.5166657391325458,1.497614385269754,11
1785530450.1498492,173,1.512907712785149,1.4975979887302384,12
1785530450.1499298,174,1.516800090101931,1.4975715565080578,12
1785530450.149961,175,1.518129301078956,1.496242500394546,12
1785530450.150017,178,1.5106256909021305,1.4962345393047096,12
1785530450.150085,179,1.5105971913633338,1.5037740452031048,12
1785530450.1501558,181,1.5095378418055057,1.503780131034361,12
1785530450.1502223,182,1.5089204482072573,1.5031627574397215,12
1785530450.150251,183,1.5089183327150089,1.5037796279153473,12
1785530450.1503136,188,1.5089246905360194,1.5007655433921132,12
1785530450.150362,186,1.5013251750283192,1.5007944017454562,12
1785530450.150391,187,1.4953982944157684,1.5067212997664798,12
1785530450.1504333,191,1.4953992835700256,1.5071625693466808,12
1785530450.153585,192,1.4954009800121209,1.5064543741846406,12
1785530450.15639,193,1.4961947596479643,1.5064550394365162,12
1785530450.1622374,194,1.4929266726309327,1.5031869589125861,12
1785530450.169931,195,1.4929135707849437,1.49370719345423,12
1785530450.2248108,197,1.4903556817912105,1.4937091672140208,12
1785530450.2252817,199,1.489737922536323,1.4943269070094674,12
1785530450.2254615,204,1.4897307506752793,1.4925531060128847,12
1785530450.2254891,205,1.493097867764517,1.4925680942727155,12
1785530450.2255073,206,1.4915052298144165,1.4909754480909774,12
1785530450.2309635,207,1.4910333557586155,1.503803992844062,11
1785530450.231357,209,1.4961905499937822,1.5045147508783459,11
1785530450.2314365,211,1.4984044428518615,1.50230089159055,11
1785530450.2314606,213,1.490464721774748,1.4943612292609023,12
1785530450.2315097,214,1.4978753538277165,1.4943418880352262,12
1785530450.231535,215,1.4979012287857834,1.4872757050603234,12
1785530450.2349977,216,1.4979016032992913,1.4873641353917464,12
1785530450.240373,217,1.4929309626569178,1.487361500732273,12
1785530450.240373,218,1.49142866406099,1.4858591431086918,12
1785530450.2466433,219,1.4914126337007012,1.482933900489811,12
1785530450.2586486,221,1.4913247513038743,1.4829341544493146,12
1785530450.2865205,223,1.498125033267901,1.4761329177909746,12
1785530450.287796,225,1.5052897732190236,1.4832986243611017,12
1785530450.287901,226,1.5039713889809943,1.483295791310416,12
1785530450.2879329,227,1.5039535279602705,1.4884292022095822,12
1785530450.2914362,236,1.5039525157418334,1.4931199705283105,12
1785530450.3027737,237,1.5027993019029684,1.491966801527472,12
1785530450.316044,240,1.5028025370146523,1.4924966311831211,12
1785530450.3161075,241,1.5129926440629002,1.4924879438135208,12
1785530450.319343,242,1.5091031726964894,1.4885985146924328,12
1785530450.3616922,243,1.5137571735116981,1.4869087347403123,10
1785530450.3622649,248,1.513703307904461,1.487220894606234,10
1785530450.3623717,246,1.5049556121462517,1.4884927206278336,11
1785530450.3624012,247,1.4975474155899293,1.495901043751091,11
1785530450.3624806,250,1.4894091949182204,1.497076551164261,11
1785530450.3625371,251,1.4904366924228147,1.4900819617434407,11
1785530450.3635077,254,1.4934337978654262,1.493078970073917,11
1785530450.3635957,255,1.4917715107787333,1.5043618009661859,11
1785530450.3653378,256,1.4896202690554305,1.5065133358329152,12
1785530450.3691812,257,1.4892658702301826,1.506514627810736,12
1785530450.3825767,259,1.4895310264217625,1.5062515972871857,12
1785530450.3917558,260,1.4896065960527423,1.4961211696083616,12
1785530450.3926222,264,1.489625876852061,1.4934595005674391,12
1785530450.4071653,265,1.4803247451356558,1.493477936600961,12
1785530450.4294333,267,1.4803326870293922,1.4878732728105095,12
1785530450.429557,269,1.483501956451953,1.4878441744267061,12
1785530450.4367785,273,1.4850889197682198,1.4894310551931835,12
1785530450.4368935,271,1.4864181631141127,1.4881018659526961,12
1785530450.4369197,276,1.486419460614606,1.490943016010246,12
1785530450.436971,277,1.489522362755064,1.490943045715767,12
1785530450.4384518,278,1.4931300559950977,1.4945506492668958,12
1785530450.4444509,279,1.4931275604739696,1.4856029936684052,12
1785530450.450905,284,1.4930975907989659,1.4954797880671253,12
1785530450.454919,283,1.4935387441367411,1.4950386694143112,12
1785530450.4984298,288,1.4935431689646486,1.4965445032943052,12
1785530450.503577,289,1.4894725571675176,1.4965250016980147,12
1785530450.503665,290,1.4872569583187918,1.4943095156019774,12
1785530450.5037458,292,1.4928989758834563,1.4886675165567131,12
1785530450.503774,293,1.4944839598905415,1.4886687165593095,12
1785530450.5080893,296,1.494519695398385,1.479228182908038,12
1785530450.5104463,294,1.4999483161724594,1.479228331707031,12
1785530450.5107007,295,1.4985317074427509,1.4806451470474162,12
1785530450.5108464,298,1.5067861049023237,1.4806494953903109,12
1785530450.5109274,299,1.5067709097366797,1.4842817218119455,12
1785530450.5226412,304,1.5087110023724675,1.4823415054948081,12
1785530450.5361118,305,1.502648388874628,1.4823225123881414,12
1785530450.5361671,308,1.5026285545997438,1.4871882957688636,12
1785530450.5362995,306,1.5037824789693142,1.4871889524560986,12
1785530450.5485334,307,1.5037824812959353,1.487188952455359,12
1785530450.574537,309,1.5049331501375742,1.4883396714060915,12
1785530450.575228,311,1.5049500144030317,1.4840014010779439,12
1785530450.575323,316,1.5012377678132875,1.4877138833103374,12
1785530450.5757048,317,1.5035263989466348,1.4877165395588419,12
1785530450.582291,318,1.498201532059361,1.4877094192087912,12
1785530450.5837393,319,1.498024725581951,1.4878862011743936,12
1785530450.5883923,320,1.498023389365791,1.4903590185769633,12
1785530450.6047394,324,1.4980239565587634,1.490535941731041,12
1785530450.6303027,325,1.502635166175231,1.4905469914771514,12
1785530450.6303463,327,1.5026517662346188,1.4958456704135816,12
1785530450.63274,329,1.5020339059235566,1.4958452671456781,12
1785530450.6328788,331,1.5026527665015086,1.4952264035555118,12
1785530450.63291,333,1.5013272547585126,1.4939008804363878,12
1785530450.6329677,335,1.5013248442779639,1.4993833756721193,12
1785530450.6335826,336,1.5013108114123397,1.4950542649815728,12
1785530450.6404746,338,1.502020063506979,1.495763481656389,12
1785530450.6455388,340,1.5008745127121077,1.4969090498566067,12
1785530450.6495173,341,1.4926628455368707,1.4969042722515369,12
1785530450.660043,342,1.4969098654381703,1.4969098707418762,12
1785530450.696824,343,1.4922200174312512,1.501599678760873,12
1785530450.6968722,346,1.4868253083164409,1.5016293705009023,12
1785530450.6969373,347,1.4868212775889762,1.5044452970271782,12
1785530450.6969593,349,1.483026089726479,1.5044312113886404,12
1785530450.697013,350,1.4825844275058075,1.5039895919591904,12
1785530450.697033,351,1.4825874339527922,1.5005226092815107,12
1785530450.69708,353,1.4867425295613108,1.5005060985836338,12
1785530450.7004004,355,1.4943302226884623,1.492918618936508,12
1785530450.7015312,357,1.4988462514406362,1.4974346149355342,12
1785530450.7089047,359,1.498846994233027,1.4980531098366165,12
1785530450.7398055,362,1.4983155868430762,1.4975217044888325,12
1785530450.7558205,364,1.501579295180456,1.4942579734033308,12
1785530450.7652118,363,1.5015904150146127,1.4988517473146175,12
1785530450.7652938,365,1.507951975464242,1.498871814621758,12
1785530450.7653594,367,1.5019573381899787,1.5048664535574583,12
1785530450.7654102,369,1.5000076618809313,1.502916850321139,12
1785530450.7654567,370,1.4988574843002733,1.5029142579282242,12
1785530450.7654788,371,1.4988514388097733,1.5003519677578978,12
1785530450.7655246,373,1.5038889862171618,1.5003524067037841,12
1785530450.7655985,374,1.5013264756410964,1.4977899007634357,12
1785530450.7714841,377,1.5015914449623535,1.4977900179584107,12
1785530450.793883,375,1.5015688617932643,1.4883857460010774,11
1785530450.8160057,381,1.4982053756126166,1.4845422297383328,11
1785530450.8162107,382,1.4993484474737189,1.4845433589197452,11
1785530450.8162339,383,1.4993417845702584,1.4882799247241303,11
1785530450.8164976,385,1.500584026331995,1.4882837909382018,11
1785530450.8165872,384,1.5005765322187745,1.4870717372054396,11
1785530450.8166068,386,1.505365561044393,1.4925443036579253,11
1785530450.816687,390,1.491188733954332,1.4924455388414783,11
1785530450.8215146,394,1.494802306856061,1.4924708555235993,11
1785530450.8285089,395,1.494793032194601,1.4909590348020425,11
1785530450.8361893,396,1.494806193153156,1.4921726137125773,11
1785530450.8557792,398,1.4932003529909144,1.4903406083379724,11
1785530450.8726387,400,1.491361444835018,1.4924428451610474,11
1785530450.873528,399,1.4913970466586348,1.4961882971533154,11
1785530450.873881,404,1.4914102849927775,1.4980723709179686,12
1785530450.8739476,403,1.4930757379318076,1.4964070782258225,12
1785530450.8739705,405,1.4984232195355853,1.5017542997262054,12
1785530450.874012,407,1.498396906022337,1.498309321135168,12
1785530450.8767292,408,1.498428873238894,1.5037037320196391,12
1785530450.87695,409,1.4973695219311405,1.5036972739623267,12
1785530450.8789227,410,1.4953249269858546,1.5016527176845902,12
1785530450.8835664,411,1.495338997910184,1.5051936803882697,12
1785530450.896059,413,1.4925942264575565,1.5051880351130507,12
1785530450.927083,416,1.4925872817711998,1.5037773128496161,12
1785530450.9298751,415,1.4947900237095209,1.5015745808345646,12
1785530450.9300447,417,1.4878739846466953,1.4946586631784298,12
1785530450.9301167,418,1.4853151771782964,1.4946631362433245,12
1785530450.9302464,419,1.485315051284222,1.4935197504860338,12
1785530450.9303555,420,1.4853146731935007,1.493342109511913,12
1785530450.930433,421,1.4799989306300416,1.4932964689743569,12
1785530450.9304576,422,1.487451441631624,1.5007484186275866,12
1785530450.9305153,423,1.487448897830755,1.5000384777379905,12
1785530450.939634,425,1.4865649917185386,1.5000389090351554,12
1785530450.9474404,427,1.481545261704972,1.5050582124640148,12
1785530450.948174,429,1.4883766161556327,1.5118893542159186,12
1785530450.948174,430,1.4881104944748211,1.511890465924922,12
1785530450.9483538,431,1.4881265163994313,1.5138263843441069,12
1785530450.9671674,432,1.488126558698017,1.51311652383559,12
1785530450.9845884,433,1.4877745529143176,1.513115098053186,12
1785530450.9851336,434,1.4845777331877816,1.5099167312442856,12
1785530450.9853323,437,1.4907851502089229,1.5099264424488819,12
1785530450.9854043,436,1.4886783143681486,1.5120335647074707,12
1785530450.985429,441,1.484585049638492,1.5079405960416465,12
1785530450.985467,442,1.4951304619520922,1.5079938474495882,12
1785530450.991924,444,1.495087077072919,1.503124746901146,12
1785530450.995904,445,1.4991487709657547,1.5031731031901567,12
1785530450.9990964,446,1.4969164546491607,1.5009403500118597,12
1785530451.0364847,447,1.5129389711185974,1.5019181097177616,11
1785530451.0376003,451,1.5118332244531727,1.502885608959853,11
1785530451.0377233,453,1.5121360125788146,1.5031506435211484,11
1785530451.0378144,456,1.5121331185355784,1.5020957755859181,11
1785530451.0471754,458,1.505635651143797,1.4964070165704837,11
1785530451.062443,461,1.5041214843931403,1.4963969913171,11
1785530451.0635428,465,1.5061520109036945,1.4981744918106366,11
1785530451.064042,466,1.493631548126847,1.4981320339625441,11
1785530451.0737836,468,1.4936313198220184,1.4979548829330571,11
1785530451.111368,470,1.4983880608351934,1.502118539821781,11
1785530451.1946523,471,1.4995975520894498,1.504604527703864,8
1785530451.2009747,478,1.490098138092481,1.5064788414602244,7
1785530451.2010894,482,1.4893893865247974,1.5057711485766636,7
1785530451.2011702,483,1.4907202300766875,1.499001517928302,7
1785530451.2012084,490,1.4971927335827293,1.4977227357055052,7
1785530451.2012827,491,1.4972364307155634,1.4975056273083185,8
1785530451.2013233,494,1.506030067611048,1.5045514357070582,8
1785530451.2014277,496,1.5056660808675666,1.5048640142985423,9
1785530451.2014742,495,1.5056646802353089,1.5028456073482621,9
1785530451.2015426,498,1.5110116632065036,1.5028392988186339,10
1785530451.2016094,499,1.5178825985090156,1.495959751098431,10
1785530451.2016492,500,1.5178889998515341,1.4938034620645477,11
1785530451.2016764,504,1.51788954405811,1.494154891270725,11
1785530451.201742,505,1.5221096659509161,1.4941212406873363,12
1785530451.2017689,506,1.5135528889620555,1.4855650601944976,12
1785530451.2030303,507,1.5135586854917424,1.490404305141083,12
1785530451.211347,512,1.5135598065782656,1.4900492245569494,12
1785530451.2232094,513,1.511800009063641,1.4882880991146632,12
1785530451.2236373,511,1.506565401021929,1.493522653910601,12
1785530451.240799,517,1.4977074360317502,1.4935496001907569,12
1785530451.2536812,518,1.5001801729808772,1.4960223651378957,12
1785530451.267353,519,1.495769803769159,1.4936425279671182,11
1785530451.2675726,521,1.4926800789912256,1.4936548440682467,12
1785530451.2677004,523,1.4960474564682873,1.4902874095052916,12
1785530451.267758,525,1.4906698593259304,1.4849095713149636,12
1785530451.2721786,528,1.4906720058547993,1.491115880850406,12
1785530451.2785194,529,1.4959022319790984,1.4910988395097236,12
1785530451.3024516,531,1.495859442442223,1.4984449195244811,12
1785530451.3136294,532,1.4988019565100221,1.4955029705666485,12
1785530451.3393981,540,1.4988211596524923,1.492496355943386,12
1785530451.3397746,544,1.4927637965168916,1.4985535408577493,12
1785530451.3398175,543,1.492792346546777,1.4934150641370996,12
1785530451.3422167,547,1.4954601981344577,1.4907469969578673,12
1785530451.358312,553,1.4935097899321752,1.49075461970154,12
1785530451.371877,555,1.4935130977564763,1.4854398153933404,12
1785530451.387346,558,1.482322220527968,1.485415989043368,12
1785530451.3874106,559,1.481349873128034,1.4863882939268172,12
1785530451.4061337,564,1.4822432631904332,1.4875011770776827,10
1785530451.4377697,565,1.4915488222824782,1.48943118831268,9
1785530451.4387505,566,1.4941613392512507,1.4924788080139932,9
1785530451.4387796,568,1.506527687852129,1.4780391204458527,9
1785530451.4388924,572,1.5064557673568357,1.4875740030829108,10
1785530451.4389338,571,1.5041353041218668,1.4898982029739039,10
1785530451.4389563,573,1.509286704299421,1.4950566057505645,10
1785530451.4389987,575,1.5092981587625915,1.490181344712911,11
1785530451.4390175,576,1.5092823508889255,1.4867448364518705,11
1785530451.4394996,578,1.5133222613699486,1.4902841026768323,11
1785530451.4427953,580,1.497372263230358,1.5042430807657348,11
1785530451.444827,579,1.4973606680211013,1.5077817414011536,11
1785530451.4568443,584,1.4973604683995443,1.5045142621674872,11
1785530451.4594595,582,1.500488556622801,1.504506237200856,11
1785530451.4809031,583,1.5041149285631286,1.5054731164541963,10
1785530451.4918592,588,1.5041022853071284,1.5078563512657286,10
1785530451.4919386,589,1.4883241048397433,1.5078647294371579,10
1785530451.4919784,590,1.4841981485335902,1.5047759279402613,10
1785530451.492055,592,1.4890386923976577,1.5011467704487764,10
1785530451.4921048,591,1.4890047703236335,1.5084210655031087,10
1785530451.492132,593,1.486834484960466,1.508435343220322,11
1785530451.4942863,594,1.485423078747003,1.5084342798776345,11
1785530451.4989302,595,1.4920116808721446,1.5026700839545701,11
1785530451.5053635,597,1.4895935794061412,1.5005553897542163,11
1785530451.5069506,599,1.4895876166320017,1.504166674881729,11
1785530451.5138826,598,1.4922204742346301,1.504156735648792,12
1785530451.5507855,604,1.4924856395375659,1.5038915744413723,12
1785530451.5516095,605,1.497353384217336,1.503885655104553,12
1785530451.5516875,606,1.5042387357543812,1.5038848328399455,12
1785530451.5517328,607,1.4951257605123538,1.512998031328545,12
1785530451.5518441,609,1.4972449197331847,1.5151173379218599,12
1785530451.5518699,611,1.4972634154210844,1.5186497945871416,12
1785530451.5543196,612,1.497240880841262,1.5218349086705762,12
1785530451.5572786,613,1.49531063854677,1.5218335253155815,12
1785530451.560512,614,1.4967244449537278,1.5232475638102614,12
1785530451.578438,615,1.4967318680713555,1.5222741490725338,12
1785530451.6025167,617,1.4901430504007493,1.5222947361105745,12
1785530451.6028128,619,1.4956339993864327,1.5168031530192676,12
1785530451.6067078,625,1.5030166691610256,1.516780246923476,12
1785530451.6112688,626,1.4973859950667467,1.511149050681908,12
1785530451.6113615,627,1.4973650970763732,1.5134491341489738,12
1785530451.6278555,631,1.501807978399032,1.5090061317475452,12
1785530451.6511743,637,1.501191249843616,1.5090095430366877,12
1785530451.6513479,640,1.5033234207823927,1.5068773148972594,12
1785530451.6514096,639,1.5033637276362644,1.4975184284833905,12
1785530451.6633193,642,1.5010728448363386,1.4945421711205638,11
1785530451.6633193,643,1.5034663074094579,1.4918071260265486,11
1785530451.6796875,648,1.5034664043597439,1.491201514750577,11
1785530451.6931689,649,1.5019594051519172,1.4912070309491319,11
1785530451.693216,651,1.501957819683661,1.494942855249852,11
1785530451.693216,652,1.4999185246731803,1.4972728161156363,11
1785530451.7094462,655,1.4969933446299424,1.5006141945773492,11
1785530451.717473,661,1.497168983323472,1.500618270418832,10
1785530451.7230027,664,1.5017329484088224,1.496053081157431,10
1785530451.725824,663,1.5017167858011613,1.5000919264341799,10
1785530451.7646782,666,1.5019549659020497,1.4989608863777755,8
1785530451.7648833,667,1.488497341608781,1.5157119819464,8
1785530451.7649224,672,1.4876145002077266,1.5101630958294436,8
1785530451.764951,673,1.4828733618122438,1.5092133948184832,8
1785530451.764976,674,1.489294556141279,1.5166747904959106,8
1785530451.7685146,676,1.485085199928973,1.5219000160334788,8
1785530451.7685668,675,1.4836391552705144,1.5129767630782176,8
1785530451.7830327,679,1.4909726090373745,1.5038610974347313,8
1785530451.8127182,680,1.4984805943470427,1.5105829243888311,8
1785530451.8272018,684,1.4997456346532716,1.5169276958679572,8
1785530451.8272896,685,1.5060358754487444,1.5179883876683242,8
1785530451.8273168,687,1.5072718439786628,1.5243166780163477,8
1785530451.8274004,689,1.5055104270419657,1.5240180605005014,9
1785530451.8274484,692,1.5039467558463215,1.5149023090662568,9
1785530451.8275356,691,1.5071941975573275,1.5116576410592564,9
1785530451.827964,693,1.5003810412414993,1.5048471650744737,10
1785530451.8280466,695,1.5003912822600307,1.5022077991258267,11
1785530451.831945,696,1.5004112960675517,1.4983191286265873,11
1785530451.8357491,697,1.4976827917389248,1.4983278099020345,11
1785530451.838963,698,1.5024164108515463,1.50246781652876,11
1785530451.8432899,699,1.50242284042913,1.4934594972943633,11
1785530451.8432899,700,1.506862115571547,1.4895721496253906,11
1785530451.8526208,701,1.505152544498589,1.4895686797123533,11
1785530451.8877444,704,1.505159923352145,1.48797492677863,11
1785530451.8878505,703,1.5006150987929119,1.4919560079071426,11
1785530451.8878815,705,1.4959783931198227,1.4878955564724363,11
1785530451.8879418,706,1.4978855081130675,1.487891890433847,12
1785530451.8879802,707,1.4979017735880793,1.4849770249690168,12
1785530451.8880527,708,1.4978995029845308,1.4843578472500634,12
1785530451.8881035,709,1.49816603987857,1.4843580298712333,12
1785530451.888126,710,1.4950770294790463,1.4812683489825915,12
1785530451.888176,712,1.4918020439977453,1.484543593667793,12
1785530451.8882272,711,1.4918120951091876,1.4908363007287062,12
1785530451.891613,713,1.495424946360678,1.4908181146833759,12
1785530451.8934472,714,1.492055959317439,1.4908170273907906,12
1785530451.8984,715,1.5006396106808133,1.4822328896130559,12
1785530451.918984,719,1.500603050707778,1.4947867788420381,12
1785530451.932743,720,1.500611611293083,1.4969078007198084,12
1785530451.9343169,721,1.4993729016342907,1.496904706590108,12
1785530451.9343424,722,1.4968913239646562,1.494423125327719,12
1785530451.934674,723,1.4968970974948983,1.4958387953353256,12
1785530451.9347062,728,1.496901918080638,1.498575994610724,12
1785530451.9347239,726,1.507513571817056,1.4985829218138265,12
1785530451.941245,727,1.5032692842356936,1.50282717053544,12
1785530451.9465554,731,1.5032943352981836,1.4932708578255878,12
1785530451.9634824,732,1.5032879605759975,1.4960960376089494,12
1785530451.9779813,734,1.4981845760721668,1.4909926407849128,12
1785530451.9781055,735,1.4981860110939882,1.4879854918470425,12
1785530451.9781306,736,1.4997825428198923,1.486388836416668,12
1785530451.9781494,737,1.490984053611518,1.4864464117685314,12
1785530451.9853265,738,1.4865444082693529,1.486455460763946,12
1785530451.9855816,739,1.4795262422321371,1.4934730770892568,12
1785530451.9913044,744,1.4795318761841822,1.4902697721436942,12
1785530451.9951806,745,1.4792658368212475,1.4902679251929973,12
1785530451.999799,746,1.4855174084599918,1.4965199623561916,12
1785530452.0132873,749,1.495670535121863,1.4964663879720421,12
1785530452.036114,747,1.4956689835107653,1.49513864969464,12
1785530452.0364447,751,1.5027399749004573,1.4880674936087224,12
1785530452.0364742,754,1.50309211411961,1.4880678190779002,12
1785530452.036492,753,1.5121973432799345,1.497173078994248,12
1785530452.036509,755,1.5121969813968859,1.4990367347719025,12
1785530452.0568562,761,1.50574665159153,1.4990196067075499,12
1785530452.056905,762,1.5037130321165912,1.4990249954630126,12
1785530452.0576725,763,1.4998210771440992,1.502916946516873,12
1785530452.0766351,768,1.4998230540119457,1.49955799097879,12
1785530452.1628842,767,1.4998258978379082,1.4962626079865444,11
1785530452.1641557,771,1.4998220002547793,1.4927269078568686,11
1785530452.1642554,773,1.5016736400064556,1.4927278096696748,11
1785530452.1642857,776,1.5016722610591702,1.4938147254636394,12
1785530452.1643097,774,1.4991923029909409,1.4938112087701165,12
1785530452.1643517,777,1.4987494831416113,1.4933683926564447,12
1785530452.1643906,778,1.5000723649309764,1.493371032581423,12
1785530452.1644108,779,1.5000760036466434,1.496376299758855,12
1785530452.1644495,780,1.5000879877068716,1.4998234051754478,12
1785530452.1644714,781,1.4966406375639563,1.4998117424449882,12
1785530452.16449,782,1.4990352417299417,1.5022063838362147,12
1785530452.1645274,783,1.4990388527730911,1.508572446698972,12
1785530452.1645625,785,1.5018753257013477,1.5085778989024057,12
1785530452.1645796,788,1.5018560558346958,1.5016792685590985,12
1785530452.1646152,787,1.498585500396879,1.5049498358944366,12
1785530452.1646354,789,1.497436519191761,1.5038008488944765,12
1785530452.164672,791,1.497438711357962,1.5051255448330014,12
1785530452.164688,792,1.4974384481089997,1.5009677555858851,12
1785530452.1647224,794,1.4875215125385313,1.4910509414181272,12
1785530452.1647384,795,1.4875184340265863,1.4904296226145308,12
1785530452.164834,796,1.4888417030987298,1.4891063666225757,12
1785530452.1751916,797,1.4943017675411916,1.4891065639460621,12
1785530452.209939,799,1.5006414863406947,1.4827665195055595,12
1785530452.2173302,804,1.5006730494492055,1.4865665184199965,12
1785530452.217474,805,1.5060887301307857,1.4865694042067334,12
1785530452.2175004,806,1.5165266371862975,1.4970070975205974,12
1785530452.225166,808,1.5231509929697753,1.490383534543253,12
1785530452.2252424,809,1.5168071727058254,1.4903428022165712,12
1785530452.2252908,811,1.5139748581753754,1.493174945191792,12
1785530452.2253876,813,1.5173291702864808,1.4965290237498206,12
1785530452.225459,814,1.5098248071689386,1.4965147002858388,12
1785530452.2272253,815,1.5098251019025328,1.49615999285926,12
1785530452.2355056,817,1.5068174141840156,1.4961788399212927,12
1785530452.2848473,818,1.5047905421867058,1.4941520021888695,12
1785530452.2865746,819,1.5047911969393504,1.4919458040931366,12
1785530452.2865746,820,1.4944263405789548,1.5023106768404435,12
1785530452.2870626,821,1.4925686808613812,1.5023195330381902,12
1785530452.2871144,822,1.4938934635163186,1.5023184136411076,12
1785530452.2871568,823,1.494248208947692,1.5019636864847217,12
1785530452.287181,826,1.4997319002602234,1.501944946875891,12
1785530452.287237,827,1.4997490875426636,1.4959350859175322,12
1785530452.287263,828,1.4997525078589184,1.49231077647802,12
1785530452.288,829,1.4986005256729114,1.4923128711160096,12
1785530452.2880259,830,1.4982476500736592,1.4919599927709988,12
1785530452.288095,831,1.4982407996542926,1.4884223438987834,12
1785530452.2883692,833,1.5007941128142621,1.488421135017194,12
1785530452.312321,835,1.5035337281472285,1.485681370876221,12
1785530452.348015,837,1.4964622126915923,1.4786091038694293,12
1785530452.348143,839,1.4964394988002256,1.4825820905052989,12
1785530452.3481872,838,1.4911672158269478,1.482590291220184,12
1785530452.3482368,842,1.4864847050491388,1.4779073670569256,12
1785530452.3482604,846,1.48995700895772,1.4779174797370456,12
1785530452.3483086,851,1.4899479507284297,1.4789746630346632,12
1785530452.353945,852,1.4899683509685004,1.4838524182408677,12
1785530452.3557842,853,1.4932561773305233,1.4838506496369148,12
1785530452.3931634,855,1.4932024903574546,1.4829374922424996,11
1785530452.4106686,854,1.4936438116824082,1.4834416685672809,11
1785530452.412149,858,1.4885780143784635,1.4834266359691886,11
1785530452.4122703,859,1.4883126252104666,1.483729580022068,11
1785530452.4123054,860,1.4883054974865693,1.4858352819075653,12
1785530452.4123626,864,1.4882619413088956,1.480599834644463,12
1785530452.412416,865,1.4915533380627732,1.4806208791564412,12
1785530452.4124415,867,1.491599226248248,1.4874461691609606,12
1785530452.4124866,869,1.4864941628214252,1.4874678276865116,12
1785530452.421472,873,1.4894068103066622,1.4903804634856679,12
1785530452.425572,871,1.4890527594105272,1.4907345225307738,12
1785530452.431565,876,1.4890536613786793,1.4913554922215766,12
1785530452.4553058,877,1.484976021160085,1.4913417726369307,12
1785530452.4737883,878,1.475256145693215,1.4816225862781391,12
1785530452.4738846,879,1.4752725704959087,1.4852761559767484,12
1785530452.4739604,884,1.4752980413065957,1.481945231424152,12
1785530452.4740133,883,1.4762729906494316,1.4809703382823345,12
1785530452.4740324,885,1.4745981360176037,1.479295586917156,12
1785530452.4740765,886,1.4808304987530818,1.4792385482923844,12
1785530452.4740975,887,1.4808495469657081,1.476955068714223,12
1785530452.4865334,890,1.4935605178283584,1.489666522649598,12
1785530452.4865994,891,1.497541557587434,1.484797338158636,11
1785530452.4866805,892,1.495593204525638,1.4867458143041883,12
1785530452.4884915,893,1.5008729175250743,1.4867423401992619,12
1785530452.525448,896,1.5008646384819497,1.4941691310338177,12
1785530452.5256436,897,1.5058307340538692,1.4991353077228466,12
1785530452.5257158,898,1.499291911013705,1.4991153237804151,12
1785530452.5257428,899,1.499304517231589,1.5041522698822767,12
1785530452.5313902,908,1.4992976431511762,1.5022082074855465,12
1785530452.5359967,907,1.4936530058985087,1.5078528599388614,12
1785530452.5422907,909,1.4887810519334383,1.5029810362875247,12
1785530452.5434482,910,1.4913468484343286,1.5029791639885102,12
1785530452.5632555,911,1.4913382336296361,1.5001589228650003,12
1785530452.5802321,913,1.4939013923397573,1.5001694087150554,12
1785530452.5827403,914,1.4971757323306711,1.503443726842518,12
1785530452.5840807,917,1.4933706677389542,1.50344751321714,12
1785530452.5848882,915,1.493368490682969,1.5047762629723014,12
1785530452.5849526,921,1.490629776060469,1.5020375965148056,12
1785530452.585101,922,1.4900106261185557,1.5020399620121538,12
1785530452.5859609,923,1.4900193081198743,1.507149354707463,12
1785530452.593225,924,1.4900165220294936,1.5086569496155644,12
1785530452.6179745,926,1.4883884818507755,1.5062725765583218,11
1785530452.641133,928,1.487682359947808,1.5068907310716668,11
1785530452.6422515,927,1.4876809762280652,1.50760073009509,11
1785530452.6429899,931,1.4902036413569475,1.5053922382427563,11
1785530452.6430945,933,1.494847836307561,1.5094588840205718,11
1785530452.643146,934,1.4969739032751914,1.509456759622344,11
1785530452.643205,938,1.4951562638797058,1.5078648709445404,11
1785530452.6471972,940,1.4920297501128132,1.5106027431588862,11
1785530452.6472602,939,1.4920310347786954,1.5102482487009388,11
1785530452.652774,942,1.4919631128709048,1.5102480679699575,12
1785530452.6625683,946,1.4957767335037762,1.510245114320581,12
1785530452.666478,947,1.4957676140590774,1.4962995264132015,12
1785530452.6715195,948,1.4957671004714939,1.4913426770452582,12
1785530452.6950986,949,1.4909803764648124,1.491333771468585,12
1785530452.7149384,950,1.4885044164519226,1.4888578183427448,12
1785530452.715039,952,1.4884160249617557,1.4889462085681147,12
1785530452.715085,951,1.4884150959106237,1.4886799798079897,12
1785530452.715105,953,1.4915848906536622,1.4886727085170488,12
1785530452.7158508,955,1.4853192355716958,1.494938233850212,12
1785530452.715898,957,1.4865586719036905,1.496177629247803,12
1785530452.715898,958,1.4879711083886433,1.4961742279524393,12
1785530452.7159631,959,1.4880030414591179,1.504801301153256,12
1785530452.7194765,961,1.4907387819911477,1.5048236418743237,12
1785530452.7198622,962,1.4958862673513253,1.5099710998606282,12
1785530452.7244396,963,1.4958851706361442,1.5089090730814527,12
1785530452.7327657,968,1.4958502901114075,1.502112421146195,12
1785530452.772779,967,1.508903492914109,1.489059126852224,12
1785530452.7737286,969,1.5088151641128862,1.4889706748905462,12
1785530452.773767,970,1.5033551113044967,1.4889524896980288,12
1785530452.775992,971,1.503362875924299,1.487005725836144,12
1785530452.7760918,972,1.503371584100208,1.4898310249535338,12
1785530452.7761118,973,1.5038150170568216,1.489830536158626,12
1785530452.7761326,974,1.5038150178780323,1.4898299110731332,12
1785530452.776151,976,1.5089485457147622,1.4846961762251771,12
1785530452.7761664,975,1.508937263804782,1.4822286015889077,12
1785530452.7762127,977,1.5121002933713144,1.4822397681131876,12
1785530452.798361,979,1.507859978387068,1.486480288887958,12
1785530452.815538,984,1.5078735252593274,1.4900065954747777,12
1785530452.8158188,985,1.5090263990479225,1.490002357277219,12
1785530452.8158367,986,1.5091147902344053,1.4900907476585457,12
1785530452.8158717,987,1.5091174372795773,1.4952015305525876,12
1785530452.8188818,988,1.5075219978505932,1.4967969817751983,12
1785530452.8255887,993,1.5061117103180637,1.495386733902123,12
1785530452.8261445,995,1.5061440428879038,1.4900725658460152,12
1785530452.8388386,996,1.5061321002075334,1.4944827501612927,12
1785530452.857041,998,1.5124403725327442,1.4981460836972535,11
1785530452.8571112,1000,1.516106142061657,1.4949368530237654,11
1785530452.857137,999,1.5161369308540522,1.4864971681225592,11
1785530452.857156,1001,1.5087867886364992,1.4865115569827003,11
1785530452.8571968,1004,1.508732411420699,1.4916532813189776,11
1785530452.8572342,1003,1.5058890356783214,1.494141297349403,11
1785530452.8627615,1006,1.5067968407457637,1.4941390423495287,11
1785530452.8660786,1007,1.5067814785050475,1.496619539035196,11
1785530452.8859,1009,1.5036454388690326,1.4966333902656417,11
1785530452.885951,1010,1.4965842980499622,1.4904604050781776,11
1785530452.8973837,1011,1.4965802076040533,1.4965660687283333,11
1785530452.90247,1015,1.498913488145662,1.4945242886088341,11
1785530452.9126801,1013,1.4987117645106436,1.4945243058480024,11
1785530452.9347706,1021,1.497597991623839,1.4945287362679718,11
1785530452.9493194,1022,1.5023293192128706,1.4986650906652805,11
1785530452.9494147,1024,1.4977668387025258,1.5026598051097186,11
1785530452.9494407,1025,1.5038315288535167,1.502643357528817,11
1785530452.9494574,1026,1.5030002154596496,1.5026459902353901,12
1785530452.9498463,1027,1.4946761417620127,1.5109701860102058,12
1785530452.9522548,1031,1.4946755427838454,1.5059410482239834,12
1785530452.9562643,1032,1.4946983245561545,1.4985031932453132,12
1785530452.9613504,1034,1.4946099359725726,1.4984147965690584,12
1785530452.9669783,1036,1.4962027667206153,1.496822166671303,12
1785530453.0019126,1035,1.4962010926424485,1.494521157916754,12
1785530453.0019557,1039,1.5018597261512678,1.4888623957196236,12
1785530453.0020356,1040,1.5018717407381217,1.4863859148052374,12
1785530453.0020554,1045,1.5082644264430758,1.4863611819391367,12
1785530453.0105522,1047,1.5082496980304814,1.4952635903414153,12
1785530453.011132,1049,1.5085144489258395,1.4952646688533997,12
1785530453.012336,1052,1.5085149972609728,1.494908486019455,12
1785530453.0250502,1053,1.5078145466701243,1.4942057931368,12
1785530453.0251813,1051,1.507814518962629,1.4942057653274692,12
1785530453.0313835,1056,1.5078205356673178,1.4926189419979035,12
1785530453.0459316,1057,1.5105673766707928,1.4925935202877685,12
1785530453.051792,1058,1.509513865733686,1.4915399000973815,12
1785530453.051861,1059,1.5095228453336567,1.4836101289347445,12
1785530453.051895,1061,1.5057431072977345,1.483617714728651,12
1785530453.0622647,1063,1.508586097397524,1.480774368500744,12
1785530453.0863318,1064,1.509946850865012,1.485383406295311,11
1785530453.1223636,1068,1.5099425123058448,1.4930475160409205,11
1785530453.156229,1069,1.498590704272725,1.5045440726048647,9
1785530453.1563077,1072,1.5007097685046338,1.5027281005879536,9
1785530453.1563678,1071,1.5007091971608078,1.5041420757157997,9
1785530453.1563942,1073,1.4998831021300163,1.5041415832630014,9
1785530453.1564646,1076,1.49988560925903,1.4984850284892939,9
1785530453.1565082,1075,1.5002391879449413,1.4981819351200245,9
1785530453.1565351,1077,1.5014160290484397,1.4991890943479442,9
1785530453.1565886,1079,1.5014161884885815,1.4987599767795592,10
1785530453.1566083,1080,1.5014156800171508,1.499466746355638,10
1785530453.1566458,1082,1.4942416102147937,1.4940899031104906,10
1785530453.1566863,1084,1.4932968065181098,1.4947989326259363,10
1785530453.1567082,1085,1.4945909233267576,1.4947945033732886,10
1785530453.1567311,1086,1.5011308997280428,1.4947812686739292,11
1785530453.156777,1087,1.4926156935565784,1.5022370705993002,11
1785530453.156793,1090,1.4953091066848505,1.5022229689896096,12
1785530453.1568282,1091,1.4953169879835155,1.4995754810582906,12
1785530453.157527,1093,1.4952285867819797,1.4995753066270752,12
1785530453.1666377,1094,1.4945240815113028,1.4988711335352867,12
1785530453.1718764,1095,1.4945240056396778,1.4986940254395686,12
1785530453.1831713,1099,1.5042825242592188,1.4889360228335498,12
1785530453.209512,1100,1.5042681455481972,1.4911488116791833,12
1785530453.2097824,1105,1.5077254566698528,1.49113003225335,12
1785530453.2098677,1106,1.511422946549141,1.4948274137173785,12
1785530453.217163,1107,1.5114261845117953,1.4899847023973394,12
1785530453.2317803,1108,1.5085909942247135,1.4928198400562456,12
1785530453.2511413,1114,1.5083264463991883,1.492819093531846,12
1785530453.2519376,1113,1.5093844774197902,1.4938777729479404,12
1785530453.2537136,1116,1.509383173995988,1.4911463351598624,12
1785530453.25375,1117,1.5188689763675869,1.491072156156733,12
1785530453.2537894,1118,1.5188691878770542,1.4910721546352164,12
1785530453.2538438,1119,1.5188656661439035,1.4926530355801773,12
1785530453.2538629,1121,1.5158678169217183,1.49265286642454,12
1785530453.2545738,1124,1.5158841501677562,1.490875775426209,12
1785530453.2587528,1123,1.510455490231006,1.4963041143276936,12
1785530453.2644515,1126,1.5107200785780006,1.4963052944964927,12
1785530453.2909977,1127,1.5107081661238317,1.49790016194169,12
1785530453.2912378,1129,1.498413432594113,1.4979704809027414,12
1785530453.2914176,1130,1.4983249874065683,1.4978820924485776,12
1785530453.294031,1131,1.4983085672623722,1.5031000915764536,12
1785530453.2941213,1133,1.4981316081656915,1.5031002699276343,12
1785530453.3012757,1135,1.498043219305077,1.503189356762836,12
1785530453.3028944,1137,1.4944332390017034,1.499580094431386,12
1785530453.3030198,1138,1.4859488379732895,1.4996532830225455,12
1785530453.3311882,1139,1.4859344437642945,1.5019405470414546,12
1785530453.3338513,1141,1.48469779568441,1.5019417384750404,12
1785530453.3339126,1142,1.4807423512722955,1.4979867267077642,12
1785530453.3339658,1143,1.4807365757947386,1.4990540016507412,12
1785530453.3339927,1145,1.4787040586786677,1.4990805749565483,12
1785530453.3340185,1146,1.4724260481654052,1.49906455835796,12
1785530453.3373604,1147,1.4705610909033848,1.5009288821922542,12
1785530453.3423808,1150,1.478254212987291,1.5008383529320652,12
1785530453.3491573,1151,1.478279501677423,1.4943455322876384,12
1785530453.3681302,1153,1.4819988906833406,1.4943521039215053,12
1785530453.3682156,1154,1.4825264786057557,1.4948795334339882,12
1785530453.368234,1156,1.4843039212974085,1.4931022626959174,12
1785530453.3683922,1155,1.4843081540274992,1.4915029639196034,12
1785530453.3793838,1158,1.4805852523004734,1.491497184377189,12
1785530453.3795185,1157,1.4832294994425383,1.491472645612263,12
1785530453.3828826,1162,1.481466672885741,1.491488483152056,12
1785530453.3957567,1164,1.4814666143208903,1.4897098850603696,12
1785530453.415041,1166,1.4851687073166322,1.4934117086143575,12
1785530453.4150841,1169,1.4904605109487183,1.493380233013918,12
1785530453.4151485,1167,1.490443890881487,1.4878827211076098,12
1785530453.42226,1174,1.4905319213728039,1.4878824334182694,12
1785530453.446067,1178,1.4909742331583822,1.48832483034324,12
1785530453.4562926,1179,1.4909780253651397,1.4910062102210522,11
1785530453.4636672,1185,1.4998244678474584,1.5011109156011813,11
1785530453.463831,1186,1.4994708015688039,1.5011109355273984,11
1785530453.4964435,1188,1.499471332356554,1.502322859952684,11
1785530453.4978213,1190,1.4995597304333719,1.502423880711132,11
1785530453.5001557,1193,1.4966406315810337,1.5024249438894368,11
1785530453.5062313,1197,1.4893968852269728,1.4941514073324067,11
1785530453.5065508,1199,1.4893924421666747,1.4991791433290507,11
1785530453.5126977,1198,1.4919550198922267,1.4991743700908005,11
1785530453.5385075,1204,1.4959028483385401,1.494664129409301,10
1785530453.5387075,1203,1.495462206102053,1.4978038202029256,10
1785530453.538732,1205,1.4960824826363275,1.4977004152695257,10
1785530453.538771,1208,1.4958601969429677,1.4992699731355825,11
1785530453.5432837,1207,1.4937268614731114,1.5014032934801234,12
1785530453.5439703,1209,1.4965602184456717,1.5042366486411038,12
1785530453.5479329,1211,1.4965745808041386,1.5075915905009016,12
1785530453.552091,1212,1.496573703984475,1.5098038615811982,12
1785530453.5829406,1214,1.5029451461351404,1.510341977690644,10
1785530453.5830543,1216,1.497188908572381,1.514670802759736,10
1785530453.5830722,1217,1.5019104372456031,1.5146753691405506,10
1785530453.5831072,1218,1.509771197251685,1.514660676260063,11
1785530453.5845382,1219,1.5133086780509442,1.511560687536144,11
1785530453.5926044,1224,1.513334692764013,1.5055770257979275,11
1785530453.620834,1225,1.5130856397345902,1.5055781360556864,12
1785530453.6210387,1226,1.5150316066026104,1.5075238203492374,12
1785530453.6211061,1227,1.5150238078667089,1.510338010639391,12
1785530453.6268883,1228,1.5150238078637432,1.5103380107814126,12
1785530453.627742,1234,1.5125403844898941,1.5103282959818554,12
1785530453.627837,1233,1.5136882009559645,1.5114760948021724,12
1785530453.627837,1235,1.5136834656554763,1.5089899820950505,12
1785530453.6322432,1236,1.5136981782267356,1.5047667749145524,12
1785530453.6493518,1238,1.5152001207575023,1.5062686273198966,12
1785530453.6617875,1239,1.5151898089053517,1.5091705915416966,12
1785530453.661973,1240,1.513950539141934,1.5104098191500295,12
1785530453.665319,1246,1.5135957514166947,1.5104081891144405,12
1785530453.6680634,1247,1.5135943406629964,1.5056142832635189,12
1785530453.7009523,1248,1.5135871168917856,1.506934030997493,12
1785530453.7010243,1250,1.5141155511963424,1.507462457583397,12
1785530453.701046,1256,1.5141159935515165,1.5076400685341194,12
1785530453.7010968,1254,1.5060042524363575,1.507684989057191,12
1785530453.7011127,1255,1.5052965711324282,1.5083926728253076,12
1785530453.710086,1257,1.510507129300897,1.5136033335377326,12
1785530453.713228,1259,1.5105095420606416,1.5142242291998704,12
1785530453.7132857,1260,1.5104600849794165,1.5207423608492692,12
1785530453.7384698,1261,1.5068614081801601,1.5207608822179601,12
1785530453.7390003,1262,1.5057142637050285,1.519613605893495,12
1785530453.739093,1264,1.5203218496179178,1.5050061044179985,12
1785530453.7391343,1263,1.5203271275440884,1.4973688989899816,12
1785530453.7391539,1265,1.5147632956432404,1.4973358316513112,12
1785530453.7391856,1267,1.5134363031329532,1.4986627339030687,12
1785530453.7418387,1269,1.5067243406095665,1.4919509516086,12
1785530453.7446668,1270,1.508575508416159,1.491954708804798,12
1785530453.747802,1271,1.5085698959444183,1.49487984170119,12
1785530453.7516234,1272,1.5085663459846141,1.4936459470982322,12
1785530453.7792914,1273,1.5163611813237867,1.4936126902092621,12
1785530453.7802908,1274,1.514154529791698,1.4914061525728413,12
1785530453.780353,1276,1.501762306062889,1.5037981299397014,12
1785530453.780406,1277,1.5036207819785694,1.5037977067107735,12
1785530453.7837274,1278,1.5027380187307333,1.503799245198215,12
1785530453.786502,1279,1.5042414232260182,1.502295841904876,12
1785530453.7929316,1284,1.5042394916622013,1.5034432644399656,12
1785530453.8211646,1285,1.5052106509866618,1.50344068443113,12
1785530453.8212163,1286,1.4975303907558373,1.4957604271484535,12
1785530453.8212378,1288,1.4961144108117204,1.4971763847156097,12
1785530453.821599,1289,1.4996466137312934,1.4971715925002462,12
1785530453.8216472,1291,1.5029171581392087,1.4939010281746494,12
1785530453.8237503,1293,1.5018565616784578,1.492840418170001,12
1785530453.8247206,1294,1.4992112632162362,1.4928412678273433,12
1785530453.8289406,1295,1.4992370962284673,1.4877159768741455,12
1785530453.8635473,1297,1.4924922232422289,1.4877171288347908,12
1785530453.8653133,1299,1.4924980605606257,1.4896665535869642,12
1785530453.865842,1298,1.4988551647355544,1.4960237289083735,12
1785530453.8658664,1304,1.4988682011032426,1.4924011656302965,12
1785530453.8659093,1303,1.5044491648817857,1.4868199875422365,12
1785530453.86593,1305,1.5050665061999753,1.4874373012553568,12
1785530453.8662372,1307,1.505049393942196,1.4906247251337739,12
1785530453.8749468,1308,1.5050515480690132,1.4921248068495048,12
1785530453.8914263,1310,1.4986103168729736,1.4856833230090636,12
1785530453.9028823,1311,1.4986073368489803,1.4847989852240393,12
1785530453.9030232,1312,1.4973681810309785,1.4860382253629487,12
1785530453.9030662,1317,1.4980742568768135,1.486744348586387,12
1785530453.9156,1319,1.4981027610185451,1.4827692265888506,12
1785530453.9243228,1322,1.5024217636444563,1.4870885264414844,12
1785530453.9439335,1323,1.5024221771542954,1.4871768780485146,12
1785530453.9439595,1324,1.5087144560698882,1.4808838844563232,12
1785530453.9439802,1328,1.508767662393243,1.4759192528847922,12
1785530453.9440186,1327,1.4923444186698955,1.4923437709103224,12
1785530453.9440348,1329,1.4934880492368863,1.4934880492242193,12
1785530453.946523,1331,1.493460264457629,1.4995736335694712,12
1785530453.9524226,1332,1.4934621377018684,1.498599283998675,12
1785530453.982454,1334,1.492932899522474,1.4980700493399062,12
1785530453.982489,1335,1.4929330858150938,1.4939060329119052,12
1785530453.9825811,1336,1.4901911320863759,1.496647940006268,12
1785530453.982603,1337,1.480831994989461,1.4967142895849812,12
1785530453.982639,1338,1.4889724580048738,1.4967131063690848,12
1785530453.9852307,1339,1.4964458877286078,1.4892400309901175,12
1785530453.9938822,1344,1.496451961161345,1.4863194345148258,12
1785530454.021218,1345,1.494498615520766,1.4863266387464025,12
1785530454.0212634,1346,1.498896225961866,1.4907244738365353,12
1785530454.0219152,1347,1.4988822656270278,1.4950571532399444,12
1785530454.0219805,1352,1.4988374056885965,1.504069637583285,12
1785530454.0220647,1351,1.4979505839001743,1.5049565640616747,12
1785530454.022719,1353,1.4961886880351474,1.5031946831008787,12
1785530454.024065,1354,1.5028248563285427,1.5031788154080499,12
1785530454.0280282,1355,1.5028365765669114,1.4973397152453296,12
1785530454.044642,1357,1.5066406719024594,1.4973196075342803,12
1785530454.0447314,1358,1.5010083687622924,1.4916872038209021,12
1785530454.0449998,1360,1.4982563777840654,1.4944390275341295,12
1785530454.0451035,1359,1.4982577349335107,1.493820002660402,12
1785530454.048503,1361,1.497287468814042,1.493824877807479,12
1785530454.0536814,1362,1.4921503925331001,1.4938343739290492,12
1785530454.0554118,1363,1.4911753965060426,1.494809319228715,12
1785530454.0760536,1367,1.4911614055260463,1.4997444674997953,12
1785530454.1327593,1368,1.4911620097577372,1.497528282557881,12
1785530454.1341696,1370,1.491780512655458,1.4981467711393932,12
1785530454.1347227,1373,1.5005255179529475,1.4981451917986186,12
1785530454.1348326,1371,1.5005328498019666,1.5038894333528705,12
1785530454.1348782,1372,1.5082176641079172,1.4962046704458025,12
1785530454.1350768,1378,1.5048631472622263,1.4961970204938397,12
1785530454.135127,1379,1.5048707144245224,1.4933640013855507,12
1785530454.1351438,1380,1.5048673938977424,1.4979526951400086,12
1785530454.1351829,1382,1.5024879294723836,1.495573272967862,12
1785530454.135201,1383,1.5024755747997869,1.4869182676912929,12
1785530454.1352386,1385,1.501947571947244,1.4869179493981746,12
1785530454.1361034,1386,1.5126002547124946,1.4868712299102547,12
1785530454.1389968,1384,1.5098501605646635,1.4896214838385768,12
1785530454.1499476,1389,1.5117874067587769,1.4915587895251612,12
1785530454.1499476,1390,1.5114348717055182,1.4915574200645583,12
1785530454.1846223,1392,1.5114356302242025,1.4897097372632475,12
1785530454.1846936,1393,1.506912348352646,1.4897347541170751,12
1785530454.1847146,1394,1.5103534704759978,1.493175888668302,12
1785530454.184758,1397,1.510441669392397,1.493176205698975,12
1785530454.1847982,1395,1.5104320717741408,1.4994296324200254,12
1785530454.1848161,1402,1.5089297546828744,1.4994310028947746,12
1785530454.1888452,1403,1.5089193395723297,1.5023564641944025,12
1785530454.1984558,1406,1.5099764418605213,1.5034135711223298,12
1785530454.2034812,1408,1.5096217038747628,1.5037683231981043,12
1785530454.2119331,1412,1.5096248396098964,1.502526944497109,12
1785530454.2393932,1411,1.5176099667888319,1.49454228786186,12
1785530454.2395017,1413,1.5226296432559272,1.4995610758981506,12
1785530454.2395525,1414,1.518299186641274,1.4995510477833713,12
1785530454.2395804,1415,1.5183426610970436,1.493593220063367,12
1785530454.2396317,1416,1.518337015872673,1.4946470183242233,12
1785530454.2396688,1417,1.5186026677477726,1.4946454632638335,12
1785530454.2396948,1418,1.516146506488327,1.4921874632164565,12
1785530454.2448254,1419,1.5161122382874124,1.4972859307205542,12
1785530454.2498307,1421,1.516995315721703,1.4972831483452669,12
1785530454.2553568,1423,1.5151223835779954,1.4991559940044188,12
1785530454.2819204,1425,1.5126696404315745,1.496703712368705,12
1785530454.2820265,1426,1.5166425509128134,1.4966897056768684,12
1785530454.2820532,1427,1.5166061688619525,1.50184446592189,12
1785530454.2826319,1428,1.5166177417172118,1.4999109543072981,12
1785530454.282687,1429,1.5153801816924886,1.4999238768397214,12
1785530454.2884305,1430,1.5225923707149995,1.507135259858918,12
1785530454.2885647,1432,1.5210823198475203,1.5086454587376903,12
1785530454.2886167,1431,1.5211224342172296,1.5011857428802184,12
1785530454.2895105,1433,1.5184696251633512,1.5011758819134926,12
1785530454.29564,1434,1.5028308266490562,1.5012427718072663,12
1785530454.3098168,1435,1.4938322536442874,1.5102413808615625,12
1785530454.3231795,1438,1.4960494326978457,1.5102427224355766,12
1785530454.3240428,1439,1.496131063469627,1.5192469507779214,12
1785530454.3266675,1442,1.4914201545051653,1.5145359386860746,12
1785530454.326844,1444,1.4953749132473675,1.5105807289956854,12
1785530454.326902,1443,1.495377292335057,1.5156265649150849,12
1785530454.3607087,1446,1.496872019035545,1.5156341420142876,12
1785530454.3609707,1447,1.5010999035976789,1.5114060186320732,12
1785530454.3706706,1448,1.5011305883981387,1.5150313889871712,12
1785530454.3707094,1452,1.5011281595996908,1.5172403955520222,12
1785530454.3707616,1453,1.5058734734981227,1.517249584101198,12
1785530454.3707807,1454,1.5090625752447746,1.520438978554049,12
1785530454.3878675,1458,1.507745886784484,1.5204394293797125,12
1785530454.4121003,1459,1.509244322020123,1.5189408263675623,12
1785530454.4129112,1460,1.5091831903686204,1.5059962967740923,12
1785530454.4131005,1464,1.5091690300588034,1.5090803915589166,12
1785530454.4131413,1465,1.5116364500751729,1.5090644108511704,12
1785530454.4133153,1468,1.5171354386993772,1.5035657571267136,12
1785530454.413423,1467,1.517147298706615,1.4933716877567458,12
1785530454.4136515,1469,1.5195286397220749,1.4933873876526835,12
1785530454.4137368,1472,1.5195361423528375,1.5005929548676964,12
1785530454.4482057,1471,1.514690084297839,1.5054386276026157,12
1785530454.4482493,1473,1.5122958667142998,1.5030446399848827,12
1785530454.4483528,1475,1.5122824252494382,1.496477224689522,12
1785530454.448464,1476,1.51227081914473,1.4930442456806032,12
1785530454.4484935,1478,1.5047412663042379,1.485514568862438,12
1785530454.45421,1480,1.4982149304448522,1.4920411022767164,12
1785530454.454333,1479,1.4982323994434605,1.4992933097923875,12
1785530454.4841394,1483,1.5021223966332007,1.4954033039380676,12
1785530454.484724,1488,1.5021166053451882,1.4927535128180687,12
1785530454.4847798,1489,1.497332153369894,1.4927461691466386,12
1785530454.4848013,1484,1.4973344754827822,1.4903617886147562,12
1785530454.4848168,1491,1.4973198055267614,1.4877077073322547,12
1785530454.4907415,1493,1.4930066163280402,1.4877078354975324,12
1785530454.5248473,1495,1.5009958616283936,1.4786984195898367,11
1785530454.5331557,1508,1.500970108638243,1.4832079145408263,11
1785530454.5414963,1509,1.4950107208726486,1.4779818501197384,11
1785530454.5469606,1511,1.4950481533063709,1.473481100997551,11
1785530454.5869482,1513,1.4951497931777313,1.47348122273551,11
1785530454.5871198,1514,1.4996855122705532,1.4774601899974869,11
1785530454.5873995,1518,1.5053721849709358,1.477455305835158,11
1785530454.5901194,1520,1.5054301432421486,1.472318985651521,11
1785530454.6041455,1525,1.5001434796338857,1.472333077122594,11
1785530454.6240904,1526,1.4983329366184688,1.4707444570877035,11
1785530454.640494,1530,1.4952818559093688,1.4707453168589835,11
1785530454.6408575,1535,1.495227412665846,1.4761290877232738,11
1785530454.6415489,1537,1.4957353065939523,1.4761301890100604,11
1785530454.6507115,1538,1.495231046046564,1.4756878186648261,11
1785530454.6527905,1544,1.4952344009922718,1.4753347925246143,11
1785530454.6541595,1542,1.500110707326577,1.4753387791640897,11
1785530454.6745896,1543,1.4850869119569483,1.4885102907596313,10
1785530454.6955347,1547,1.485920260598147,1.4906592095494657,7
1785530454.699549,1548,1.4846731127924575,1.496835365263507,8
1785530454.7004151,1549,1.4902424500725804,1.4958945705046103,8
1785530454.7004397,1550,1.4948530458689286,1.499583522277593,8
1785530454.7005155,1553,1.4961008795515265,1.4993683141958722,9
1785530454.7005556,1551,1.4949893027095773,1.5057935088964374,10
1785530454.7027175,1558,1.4970692750729488,1.5054833666732352,11
1785530454.7067726,1559,1.4974627369431988,1.5028011858498476,11
1785530454.723746,1562,1.4991338911152599,1.504472214080933,11
1785530454.7667103,1564,1.5020687272732494,1.5113954148418218,11
1785530454.7678561,1563,1.5008186765706024,1.5022361900908243,11
1785530454.7678876,1565,1.498550467971647,1.5019191323149643,11
1785530454.7680523,1569,1.5006069855300146,1.50397567263168,12
1785530454.7680967,1570,1.5005184981815807,1.5039756727100728,12
1785530454.7681186,1571,1.5005166637299152,1.5056556060113944,12
1785530454.7681417,1572,1.5005220804938066,1.504241634875551,12
1785530454.7681613,1574,1.4989341867390984,1.502653729493038,12
1785530454.7681797,1576,1.498934180723777,1.5026537234837825,12
1785530454.8002431,1578,1.4951368428420246,1.502654936478694,12
1785530454.8007073,1579,1.4971711502943372,1.5006206355035874,12
1785530454.8007329,1580,1.4971726097201277,1.49911945185331,12
1785530454.8007762,1585,1.500443932343432,1.4991151093721462,12
1785530454.8123312,1586,1.4992093202184567,1.4978804794807736,12
1785530454.8126786,1587,1.4992083910721854,1.4984109423213203,12
1785530454.814993,1592,1.4992045092194115,1.5057452525267014,12
1785530454.8152719,1590,1.4954111030945036,1.50573941932883,12
1785530454.819713,1591,1.4993835140987373,1.5017669924912083,12
1785530454.8238685,1594,1.4973493913659364,1.5017662033070958,12
1785530454.8369265,1597,1.4954059863460152,1.5017620762778072,12
1785530454.893991,1598,1.4906270778577042,1.4969832478477976,12
1785530454.8949294,1600,1.490627070619896,1.4969832405505892,12
1785530454.8950107,1599,1.4906308284253698,1.5002637809167325,12
1785530454.8985727,1604,1.4906392629328178,1.4948890020413097,12
1785530454.898785,1603,1.4890456021167775,1.4964826032274539,12
1785530454.8988285,1606,1.4923121801790038,1.4964688019778394,12
1785530454.898868,1607,1.4923099025863864,1.499025471806482,12
1785530454.8989422,1610,1.4994714954968107,1.5061870408798703,12
1785530454.8989768,1612,1.500620200149799,1.505038325424975,12
1785530454.8989997,1611,1.5006130246749707,1.5080429330615956,12
1785530454.8990717,1616,1.5006328564059643,1.513347436987166,12
1785530454.9000576,1615,1.5015157821976295,1.5124644685194717,12
1785530454.9025638,1617,1.4966493370944312,1.5075978597246267,12
1785530454.905828,1619,1.4966559041514569,1.5091870897030182,12
1785530454.9128885,1620,1.4966549654161556,1.5042318481798165,12
1785530454.9193122,1621,1.496654965672071,1.5042317960976856,12
1785530454.9193583,1622,1.4930192720588635,1.5005961279751434,12
1785530454.9234185,1623,1.4930070578353278,1.4975839193168432,12
1785530454.9388263,1628,1.492998602037313,1.4914993126067193,12
1785530454.9399147,1627,1.4954680274555388,1.4890298069756416,12
1785530454.9443638,1629,1.5014030528624405,1.494964929985885,12
1785530454.9481359,1630,1.4987558910761272,1.4949602089082985,12
1785530454.948184,1631,1.4987720682502934,1.488510450814962,12
1785530454.9590182,1633,1.4998367667584336,1.4885096229440848,12
1785530454.9612482,1634,1.5038978044481424,1.4925707756921747,12
1785530454.9675524,1635,1.503847876925707,1.4821541799543327,12
1785530454.9964151,1637,1.5053414717380678,1.4821602731740224,12
1785530454.998111,1639,1.497497253397079,1.4900050057469931,12
1785530454.9984608,1638,1.5108881292157894,1.4899942947660791,12
1785530454.9985144,1640,1.5108942972173818,1.4888410696625274,12
1785530454.9985487,1644,1.510896268350738,1.4905143255607027,12
1785530455.0026665,1648,1.515858609204228,1.485552054997359,12
1785530455.0028534,1647,1.5158476249258093,1.4956623941549632,12
1785530455.0089006,1649,1.5154063079953588,1.4956604142341938,12
1785530455.0139885,1650,1.5090328716069954,1.4957212191814608,12
1785530455.0139885,1652,1.5090119390238181,1.5059163709248193,12
1785530455.0281594,1651,1.513345786121956,1.5015826880774104,12
1785530455.050201,1655,1.5133464219395163,1.5003397821046154,12
1785530455.050291,1660,1.5121961530335915,1.50148998750194,12
1785530455.0503495,1661,1.510339048388776,1.5014855173052062,12
1785530455.0687242,1662,1.5168768324034811,1.5014378955617929,12
1785530455.068824,1663,1.5177642463933483,1.500550664913592,12
1785530455.0719516,1668,1.517760870553824,1.5013413958928827,12
1785530455.077309,1669,1.5136965908865379,1.5013766422078452,12
1785530455.1078768,1671,1.5136947732382087,1.5019045357245389,12
1785530455.161377,1681,1.5159651189270136,1.4996037267099929,9
1785530455.1634023,1683,1.5131637878623694,1.492577510079903,9
1785530455.163487,1686,1.4963364609015253,1.4869893273338304,9
1785530455.163641,1687,1.4965535737302773,1.4868259333553941,9
1785530455.1636815,1692,1.4984242766711677,1.4914609253728308,9
1785530455.1638308,1693,1.4931905106020167,1.4897100656192364,9
1785530455.1639123,1696,1.4903666775915894,1.4918319267039208,9
1785530455.1644254,1695,1.4919006742172625,1.4956524173978865,9
1785530455.2039993,1698,1.4956555739489095,1.4969060697983876,9
1785530455.2041664,1699,1.4982663787858002,1.4949451717007214,9
1785530455.2041895,1704,1.4983756513768454,1.4952174240639717,9
1785530455.2042682,1705,1.510756296167776,1.4993085442435918,9
1785530455.2042928,1706,1.5022015387929297,1.491822429716843,10
1785530455.2050009,1707,1.5020638242751885,1.49099549157168,10
1785530455.2129855,1712,1.5010721044274735,1.484692497415255,10
1785530455.2218344,1713,1.502993781544186,1.4863752694352104,11
1785530455.2586358,1711,1.4980121051891815,1.4959658257181008,9
1785530455.2590857,1717,1.4967151149178717,1.4959694231780696,9
1785530455.2591584,1718,1.5001209247296454,1.498888518738221,9
1785530455.259198,1719,1.5001161731188186,1.5005047313082647,9
1785530455.259214,1721,1.4982809024748038,1.5005111531310054,10
1785530455.2592325,1722,1.4983818822209922,1.5005112052191354,10
1785530455.259267,1723,1.4942241621722667,1.5046660701039645,10
1785530455.2658086,1727,1.4942588517108013,1.4974688229719773,11
1785530455.293497,1728,1.4942590942195098,1.497822798527702,11
1785530455.2946134,1729,1.490820497811972,1.4978343972231691,11
1785530455.294642,1730,1.4936342855430773,1.5002949237806587,11
1785530455.2946992,1731,1.4936421817263632,1.4987891981863175,11
1785530455.2946992,1732,1.491511266992413,1.5006549373455407,11
1785530455.29477,1733,1.4895913276011983,1.5006698343040976,11
1785530455.2948158,1734,1.4818141360074937,1.5006726476995615,11
1785530455.299261,1735,1.4872873422676327,1.4958807073904836,11
1785530455.3063745,1737,1.4829611564306298,1.4920951569299794,11
1785530455.3071194,1738,1.4781150715067715,1.4921449396572344,12
1785530455.3071601,1739,1.4780901516081277,1.4964440948398479,12
1785530455.3353672,1740,1.4780902547807186,1.4965331630313494,12
1785530455.3355212,1741,1.4786209463895317,1.4965352712450408,12
1785530455.3355412,1742,1.4776518414223425,1.4955663100025192,12
1785530455.3355765,1743,1.4776505407767453,1.4961895734284925,12
1785530455.3356433,1745,1.481623296298148,1.4961511903318427,12
1785530455.3483415,1749,1.484269272073202,1.4987968959148692,12
1785530455.374945,1747,1.483649187845729,1.4994169523188532,12
1785530455.3750257,1751,1.4836467691048598,1.5006475935891717,12
1785530455.3750517,1752,1.4836435468762197,1.5019805911958817,12
1785530455.3750923,1756,1.4911733962547928,1.4944511373372216,12
1785530455.3751338,1754,1.4920553579512679,1.4953330118695631,12
1785530455.381818,1758,1.4979865347308712,1.4953238383790795,12
1785530455.383845,1759,1.504022111502513,1.4892882481778231,12
1785530455.4162126,1760,1.5040393390847282,1.4872524092218893,12
1785530455.4166741,1764,1.5040135311312026,1.4775423125151355,12
1785530455.4169343,1765,1.5057053500819515,1.4775364135038427,12
1785530455.4182813,1768,1.5005680989002703,1.4826743327131227,12
1785530455.418383,1767,1.500565363466232,1.4819673556069266,12
1785530455.4184096,1769,1.4988961701889367,1.4819712194439039,12
1785530455.41845,1772,1.4988988173001232,1.4815294164793438,12
1785530455.4184844,1770,1.500144972864634,1.4815260409263669,12
1785530455.4185026,1771,1.4962441192493787,1.4854272563364779,12
1785530455.4268951,1775,1.4962736011495152,1.4821608160639874,12
1785530455.458188,1776,1.496275874837349,1.4843732470488675,12
1785530455.4587622,1777,1.4971643222589548,1.4843697750922777,12
1785530455.4592729,1778,1.4984832341425405,1.4856887596111161,12
1785530455.4594467,1779,1.498482835638525,1.483743235255022,12
1785530455.4595087,1781,1.4969884364971315,1.4837515024496644,12
1785530455.4595537,1783,1.492457899795858,1.4882822535011915,12
1785530455.4651494,1785,1.496063341030363,1.4918880045662377,12
1785530455.4685743,1787,1.4960452381137992,1.4945363108736007,12
1785530455.4956436,1788,1.4960400501994322,1.4963064403916924,12
1785530455.4966402,1790,1.4939288082003148,1.4941952401836658,12
1785530455.496673,1792,1.493928760383881,1.4941951923700736,12
1785530455.4973419,1791,1.4939131947679822,1.49800352629584,12
1785530455.497393,1796,1.4938889710011931,1.5027669368641359,12
1785530455.4974666,1794,1.4920345286376142,1.5027702848209903,12
1785530455.5007057,1795,1.495760935867463,1.4990438959883579,12
1785530455.502691,1798,1.5038017846323122,1.4990234740565573,12
1785530455.5062742,1799,1.5038154744913235,1.4944214530232272,12
1785530455.5396726,1804,1.5017771653606573,1.4964597387838399,12
1785530455.5401301,1803,1.501773035849815,1.4984031384780083,12
1785530455.5401933,1805,1.5052183482395511,1.4983977932910328,12
1785530455.540214,1807,1.5103558917908704,1.4932603396898623,12
1785530455.5482104,1809,1.5088565002309802,1.4917609191136167,12
1785530455.5534897,1810,1.511324574836673,1.4917650145762997,12
1785530455.5536284,1811,1.511325783024069,1.4913214091270521,12
1785530455.588834,1814,1.5110612583694882,1.4910562386093198,12
1785530455.5889351,1818,1.5082247752456344,1.4910684762314348,12
1785530455.588954,1819,1.4987622841885695,1.5005309836458915,12
1785530455.5927153,1824,1.49875264652078,1.5049522342271269,12
1785530455.5965335,1825,1.4983114360124845,1.5049520676002177,12
1785530455.5996711,1826,1.4985766008128982,1.5052180525689218,12
1785530455.6036582,1827,1.4985857863099554,1.4996464467248016,12
1785530455.6140342,1829,1.499027676075388,1.499646238342479,12
1785530455.6248183,1833,1.4994696829062313,1.5000883102108635,12
1785530455.6607847,1834,1.5011491108370567,1.5000892008719922,12
1785530455.6652143,1835,1.5011695650158317,1.5068977278367426,12
1785530455.665961,1836,1.5011621927313474,1.5030985922585038,12
1785530455.6659935,1838,1.4978779500548096,1.4998142792464755,12
1785530455.6660483,1839,1.4978906495167312,1.5044136675215354,12
1785530455.6660724,1844,1.4978859840329979,1.5031771282588244,12
1785530455.666118,1843,1.5041471291976516,1.496915978658918,12
1785530455.6667771,1845,1.5038819962488779,1.4966507800797701,12
1785530455.6669135,1846,1.5039696761991328,1.4966502849200098,12
1785530455.6674614,1847,1.5039692813368648,1.4970045100588305,12
1785530455.6762784,1849,1.5006965303748514,1.4969972574523016,12
1785530455.680475,1850,1.506284650697972,1.5025853958868982,12
1785530455.6867785,1851,1.5062779320067738,1.500556812373883,12
1785530455.6914907,1853,1.5062779320439394,1.5005567763658734,12
1785530455.6961794,1855,1.5058378487796173,1.500996854173843,12
1785530455.7097144,1857,1.506281646177749,1.50144066198315,12
1785530455.7271774,1859,1.506266678894486,1.4965691551643365,12
1785530455.7281938,1860,1.5062590280649355,1.4948050474827388,12
1785530455.728416,1861,1.5070558981245266,1.4948057033917477,12
1785530455.7285614,1862,1.5064353725686594,1.494185174182232,12
1785530455.7286372,1864,1.50634697956797,1.4942735564003347,12
1785530455.7298748,1865,1.5026420064548298,1.4942591904840943,12
1785530455.7333834,1868,1.5026420257108284,1.495055386069438,12
1785530455.7348578,1866,1.5111413399790001,1.4950405009357692,12
1785530455.739857,1867,1.5179531401505102,1.4882290288082174,12
1785530455.743358,1870,1.5110859481922054,1.4882092267711864,12
1785530455.758577,1871,1.5110804576483725,1.4890076705229809,12
1785530455.759028,1873,1.508596507189734,1.4890219243018477,12
1785530455.7597425,1874,1.5084197174040868,1.4888451425539342,12
1785530455.8027122,1877,1.5109737948115938,1.4888496359595609,12
1785530455.8029118,1881,1.5086784740898247,1.4865542695992324,12
1785530455.8029842,1882,1.5092944040578247,1.4865554456314234,12
1785530455.8030174,1883,1.509280356257232,1.48974731237886,12
1785530455.8030725,1884,1.509289351011053,1.495386605185092,12
1785530455.8031218,1886,1.5063778922717694,1.4924751895863826,12
1785530455.8066173,1887,1.5063760873159424,1.4960031662705788,12
1785530455.8066173,1888,1.5105428966109806,1.491836437481116,12
1785530455.8123803,1890,1.5033639974458481,1.491866077033395,12
1785530455.818892,1891,1.4910700717695582,1.5041599839641393,12
1785530455.821606,1893,1.4932783854703493,1.5063682832881105,12
1785530455.8244395,1894,1.494961328546245,1.5063643937789544,12
1785530455.8266292,1895,1.4949715806817319,1.5096292985279902,12
1785530455.8431287,1896,1.4949729944346326,1.5091866144248636,12
1785530455.8684013,1897,1.4988496133290163,1.5091925987489812,12
1785530455.8730402,1898,1.4980542418107095,1.5083972072747296,12
1785530455.8730874,1899,1.4980575552846915,1.5070705108242795,12
1785530455.873124,1904,1.498053534212779,1.50503888556383,12
1785530455.8731594,1903,1.5039778168789877,1.4991145961339152,12
1785530455.8731737,1905,1.5030942698640477,1.498231050537985,12
1785530455.8732057,1907,1.5031276790294927,1.4895599927400536,12
1785530455.8732207,1908,1.5031261148518775,1.4877056602404104,12
1785530455.8767009,1909,1.4979787044250192,1.4877158307218121,12
1785530455.8791103,1910,1.4980670854977105,1.4878042207386208,12
1785530455.8852785,1911,1.4980188932456777,1.4795782979707854,12
1785530455.8852785,1912,1.4963426064705765,1.4812547678910675,12
1785530455.9006834,1913,1.4995923368519555,1.4812601282211557,12
1785530455.9255204,1915,1.4953621062022413,1.4854907674538311,12
1785530455.925727,1917,1.4955388393804974,1.4856675820300071,12
1785530455.9257479,1918,1.496243053492106,1.4856692250275183,12
1785530455.9258025,1919,1.4962412474323068,1.4891120669193538,12
1785530455.9258382,1921,1.5017411246561467,1.4891324251127778,12
1785530455.925871,1922,1.5032474224516934,1.4906387381979913,12
1785530455.9258873,1924,1.5003377918691798,1.493548444453219,12
1785530455.9311671,1923,1.5003518581759998,1.4981441619167761,12
1785530455.9427338,1927,1.4992038593698231,1.4992921651640843,12
1785530455.9865894,1928,1.4992053419728384,1.5006176389563197,12
1785530455.988198,1932,1.4992063331622645,1.502297465050028,12
1785530455.993065,1933,1.5010610655292436,1.5022982848535178,12
1785530455.9931135,1934,1.507072474843145,1.508309717342441,12
1785530455.9931655,1936,1.5089283414932277,1.5064538569227255,12
1785530455.9931848,1935,1.5089287240998113,1.506277607399797,12
1785530455.9932258,1939,1.5149378787248462,1.500268676169082,12
1785530455.995723,1945,1.517854575055166,1.5002520010099096,12
1785530455.998752,1946,1.5195328042551672,1.5019300337603263,12
1785530456.0029337,1948,1.5203289466819627,1.501133997942898,12
1785530456.0033557,1947,1.5203297892999408,1.4999928133012324,12
1785530456.016076,1952,1.5246424966860916,1.502807221445773,11
1785530456.0545027,1950,1.519624956427587,1.5028444347851477,12
1785530456.0545473,1951,1.5227162509545884,1.4997535971074114,12
1785530456.055149,1954,1.518208524873231,1.4997225119092152,12
1785530456.055191,1955,1.5182114665337365,1.497677353509194,12
1785530456.055249,1958,1.5142391282898955,1.493705335812878,12
1785530456.0552962,1960,1.5117608890404173,1.496183442311554,12
1785530456.0553448,1959,1.5117520907939184,1.501201699868207,12
1785530456.055366,1964,1.5118387356160379,1.4885129475094223,12
1785530456.065939,1962,1.5187598032862457,1.488419429270843,12
1785530456.0888188,1963,1.5093911640036979,1.4977882194194052,12
1785530456.0888934,1966,1.5171628092389917,1.4977594558811114,12
1785530456.088935,1967,1.5171419630189522,1.5009594953262633,12
1785530456.0889802,1968,1.5171514049500336,1.4992899024034445,12
1785530456.0890055,1969,1.5098130877715303,1.4993529584246112,12
1785530456.0890243,1970,1.506023241941073,1.495563245147001,12
1785530456.089077,1971,1.5060238557898868,1.4950339516318607,12
1785530456.089077,1972,1.5132025332267673,1.4878553163161514,12
1785530456.092544,1973,1.5116180564859152,1.4878533183028813,12
1785530456.0969462,1974,1.5082456843292416,1.4878733433805063,12
1785530456.097877,1975,1.5074485213518312,1.4886705115431025,12
1785530456.1031287,1978,1.5031339544063913,1.4886750571847018,12
1785530456.1258612,1979,1.4994640738127367,1.4758858229868934,11
1785530456.178013,1982,1.4909375999759462,1.4673567269864074,11
1785530456.2202754,1984,1.48533200984891,1.4729625403757707,11
1785530456.2204642,1983,1.4849418569421877,1.47027034840202,11
1785530456.2205458,1988,1.4861602068969837,1.4796871339712117,11
1785530456.2207375,1986,1.4833577140771605,1.4792819991794266,11
1785530456.2208128,1987,1.4861928010539494,1.4764466099725593,11
1785530456.2209294,1991,1.4878002055405823,1.488241674759582,11
1785530456.2210267,1992,1.4869307697976089,1.482434969244913,11
1785530456.2215524,1993,1.4858918541283013,1.4822785846043478,11
1785530456.2216237,1994,1.495002425493098,1.4913894126636942,11
1785530456.2217155,1995,1.4949574223204158,1.4910795586688381,11
1785530456.2217667,1997,1.4921788827139997,1.4906797207205211,11
1785530456.2217913,1999,1.4951770950766579,1.4876813924248322,11
1785530456.2218394,2000,1.4956765605120872,1.4911836174274666,11
1785530456.221862,2005,1.5086054603337387,1.493043711785398,11
1785530456.2219048,2006,1.5121394443603124,1.4965775994906168,11
1785530456.2219284,2008,1.5080720891514605,1.5006448053480623,11
1785530456.221971,2012,1.5074589802259564,1.4963043364010804,11
1785530456.2220182,2011,1.5105574688609948,1.4932058871262803,11
1785530456.2231812,2013,1.5096465450293024,1.4922949628287332,12
1785530456.2285094,2014,1.5063845984300122,1.492293123158105,12
1785530456.2336884,2016,1.5063716142377883,1.4983788493079346,12
1785530456.238689,2018,1.507339312505655,1.4993466681755194,12
1785530456.2418473,2020,1.5072509450780363,1.4994350772345661,12
1785530456.2470012,2019,1.5072552715230054,1.4982892350047594,12
1785530456.249571,2021,1.508580341487503,1.4982872726788208,12
1785530456.2667787,2023,1.5034338648689292,1.5034337089603598,12
1785530456.2670527,2025,1.4983272050665406,1.4983272050641885,12
1785530456.2670527,2026,1.5003589292023165,1.4983194684978158,12
1785530456.2941308,2027,1.5003522430738536,1.500529444789539,12
1785530456.3056383,2029,1.4908963182301653,1.5005241538842422,12
1785530456.3056383,2030,1.4897464690107465,1.4993743448809664,12
1785530456.3057194,2031,1.4897438867032085,1.503808791060027,12
1785530456.3168247,2038,1.4898323885943545,1.5038084924298432,12
1785530456.3220994,2042,1.4867410719021434,1.5007172441517305,12
1785530456.3329346,2043,1.4867405836230907,1.4972549625320664,12
1785530456.3433304,2049,1.4942565947494322,1.5047707496722573,12
1785530456.3442395,2050,1.4923974812739789,1.504774722739631,12
1785530456.3538852,2052,1.4923869004508379,1.5083192156902065,12
1785530456.3578608,2054,1.4937108709939595,1.5096432075507382,12
1785530456.4053621,2055,1.4936872655530142,1.5136291226704333,12
1785530456.4067228,2062,1.5002575353790775,1.5136118013244857,12
1785530456.4096377,2066,1.4977841022749265,1.5111382406397527,12
1785530456.41224,2067,1.4977959052328158,1.5023813377634119,12
1785530456.4261181,2074,1.4993187167204722,1.506158841959387,10
1785530456.4493368,2075,1.5054852235383938,1.4974519287534587,9
1785530456.46803,2076,1.5189142749801001,1.473315990946311,7
1785530456.4681199,2078,1.511218056768193,1.468134490429425,7
1785530456.4681475,2080,1.5064791802610986,1.472197759371645,8
1785530456.4682007,2079,1.504367276242342,1.4834902113631108,8
1785530456.471176,2082,1.5062870523606182,1.483171623753403,9
1785530456.471176,2084,1.5065189590707755,1.4818076764785628,10
1785530456.4716868,2083,1.5040079615062238,1.4840079703242688,11
1785530456.4717448,2086,1.4944775899524052,1.4840103114196455,11
1785530456.4788327,2090,1.4958871484768115,1.4852452811984649,11
1785530456.5083637,2091,1.4972144080798233,1.4871905462441766,10
1785530456.5191586,2097,1.4963915580029794,1.4865739027338656,10
1785530456.519459,2098,1.5040173749574637,1.486562499268719,10
1785530456.5378542,2105,1.50566303557336,1.486563899693941,11
1785530456.5378878,2103,1.505621107243329,1.4805645486372994,11
1785530456.5771182,2117,1.492249202535534,1.4805662171627285,11
1785530456.5819902,2121,1.4963916987462216,1.484184439043077,11
1785530456.584084,2122,1.497599277291919,1.484181646893536,11
1785530456.603859,2124,1.4976126104722491,1.4895776982109008,11
1785530456.6222668,2128,1.494773271727717,1.4920611369480945,11
1785530456.6223786,2129,1.5106025258173152,1.492054530335208,11
1785530456.6224346,2131,1.5031297689118135,1.4985895163024703,11
1785530456.631829,2134,1.4894972529047634,1.4986090629025404,11
1785530456.6379952,2135,1.4894944555260936,1.499930223479278,11
1785530456.6430812,2140,1.48989907878285,1.4995761348887882,11
1785530456.652139,2141,1.485353714256566,1.4996009145939555,11
1785530456.671988,2144,1.480319077551176,1.5006362728059492,10
1785530456.6722603,2143,1.4870384689341614,1.495599541642124,10
1785530456.6837332,2147,1.493956249310841,1.4987511903499247,9
1785530456.6889465,2153,1.4935196825837365,1.4986892514734795,9
1785530456.7024808,2156,1.4945677814700447,1.5039799997046444,9
1785530456.7272105,2155,1.4986870826717456,1.5012292008010946,9
1785530456.7303188,2159,1.498687098746589,1.501229188562393,9
1785530456.730401,2164,1.4979377231228954,1.5017295222719687,9
1785530456.7304237,2165,1.4871762392496775,1.500231021879876,9
1785530456.73212,2168,1.4862876085320864,1.4956817447851163,9
1785530456.734446,2166,1.4886341267052643,1.496014357619335,10
1785530456.740306,2167,1.4960268582968173,1.4913512646449492,9
1785530456.7533448,2171,1.4963514235349333,1.4934047828004813,9
1785530456.774896,2172,1.4959546238957522,1.4909799845502785,9
1785530456.7750106,2173,1.4956159232851254,1.4909227355542822,10
1785530456.7750337,2174,1.4978189824078603,1.4934441839276735,11
1785530456.775068,2177,1.4984363951694653,1.4934409687324999,11
1785530456.7817507,2178,1.4957789830767128,1.493448576149452,11
1785530456.7843802,2179,1.4781313713997584,1.4945609331116763,10
1785530456.7916424,2184,1.4786576784055505,1.498334306703809,10
1785530456.8242095,2185,1.4840358204286968,1.499233612011086,10
1785530456.8279371,2186,1.4871465839672473,1.5027963502086168,10
1785530456.8285515,2188,1.4867993758017874,1.50321359343617,10
1785530456.8286116,2187,1.4871238335600165,1.5056349449119943,11
1785530456.828704,2192,1.4865410898633302,1.5013332992656687,11
1785530456.8288355,2190,1.4836599828827441,1.5009325767810453,11
1785530456.8288693,2191,1.487132041515231,1.4974604837358318,11
1785530456.8289547,2195,1.4868056574863147,1.4950029378344243,11
1785530456.8329947,2196,1.4964804983379874,1.495678583357254,10
1785530456.8359234,2197,1.4934648014665801,1.4952604962015004,10
1785530456.843316,2199,1.493127251814693,1.493189165774493,10
1785530456.8533373,2198,1.4946353771228185,1.4945087583893542,10
1785530456.8912523,2204,1.494537105328077,1.493890224623818,10
1785530456.8918548,2203,1.496405400115866,1.4923301663141197,10
1785530456.8918884,2207,1.4972496886721796,1.4975939651521029,10
1785530456.8919408,2209,1.4877085753403123,1.49622900800907,10
1785530456.8925972,2208,1.4859531343772205,1.4859331012056285,10
1785530456.8925972,2210,1.481260102984253,1.4818194080432547,10
1785530456.8926892,2214,1.4886603516836916,1.4829144936137642,10
1785530456.896283,2215,1.4889703336912483,1.4826555445312204,10
1785530456.9031649,2218,1.495175333836041,1.4835378838620712,11
1785530456.9250553,2219,1.4951612545162274,1.4834350311033087,11
1785530456.9472358,2222,1.493742022688098,1.4820158988909824,11
1785530456.9570656,2224,1.4870415564639186,1.4887166364369606,11
1785530456.9571624,2223,1.4874265907769544,1.4913087241425493,11
1785530456.9571989,2225,1.492158447067476,1.4919822684750665,11
1785530456.9572232,2226,1.4888440588982934,1.4914848536939884,11
1785530456.9572864,2231,1.4876764725686762,1.483264567200811,11
1785530456.9685159,2234,1.4882670375533942,1.4838551357085759,11
1785530456.9922576,2238,1.4905499123698722,1.4841927400527277,11
1785530457.0242732,2240,1.4917000347272666,1.4923165576211006,11
1785530457.0275066,2245,1.5041105830348591,1.494121842015002,11
1785530457.0276139,2246,1.505171126776363,1.4951823881890058,11
1785530457.0276387,2250,1.5066165319498523,1.4953856225498747,11
1785530457.0281885,2255,1.5084138831405889,1.5077969258689745,11
1785530457.0522997,2258,1.5117269978051298,1.5111101245120904,11
1785530457.056035,2264,1.5108681270547015,1.5053072544832675,11
1785530457.0638268,2265,1.5135344474872228,1.507973472334389,12
1785530457.0656486,2267,1.5135428090329683,1.4940344064751565,12
1785530457.0928237,2268,1.5135175440431314,1.5010731263092405,12
1785530457.1713448,2270,1.5296004601480084,1.4714547836084204,7
1785530457.1724374,2272,1.5124332689017639,1.4862088027658413,8
1785530457.1725395,2271,1.5113042255433793,1.4918506665650033,9
1785530457.1725702,2275,1.5062769501806688,1.4956325186004165,10
1785530457.1726236,2277,1.5003097247097013,1.4911594381266864,10
1785530457.172678,2278,1.5010705592329725,1.4911546785734962,11
1785530457.172705,2279,1.5010146597632772,1.4988473315383426,11
1785530457.1727543,2282,1.5031288633448308,1.50069652011826,11
1785530457.1728094,2283,1.5031329506290405,1.4995486952864883,11
1785530457.1728609,2284,1.5029309549159753,1.499725433538159,11
1785530457.1728916,2290,1.5033343612545518,1.4997264344760686,11
1785530457.1729388,2293,1.5012128963516382,1.4997320017545008,11
1785530457.1729627,2294,1.501616024002826,1.5000846383536777,11
1785530457.1740482,2297,1.502209529060199,1.5000837011621122,12
1785530457.1788752,2295,1.5022129835933113,1.4967274184037147,12
1785530457.1912434,2296,1.5006204026670067,1.4983199981628763,12
1785530457.1954808,2302,1.5010620951140101,1.4983200912566763,12
1785530457.1960325,2304,1.5010615722714098,1.4965525714454033,12
1785530457.1994028,2305,1.495929165995795,1.496546984744516,12
1785530457.2119732,2306,1.4995583049725445,1.500176131465576,12
1785530457.2414804,2307,1.4987906095073704,1.502915862435831,11
1785530457.2416391,2308,1.4975799032341124,1.5039754480732235,11
1785530457.241686,2314,1.4977821235626765,1.5039753271675862,11
1785530457.2418177,2320,1.5100007793910932,1.4932863589371541,11
1785530457.2452278,2319,1.5099586700310008,1.4856221442982107,11
1785530457.2522688,2321,1.5069386526333113,1.485607805390876,11
1785530457.2574277,2322,1.5103191824350384,1.487893828434858,11
1785530457.2590523,2323,1.5156156165799322,1.4818321953265565,11
1785530457.2698488,2327,1.5156031566638657,1.4860014950861424,11
1785530457.2724133,2328,1.5156112703943947,1.4873098453856692,11
1785530457.2949948,2332,1.509705549679203,1.49406960175247,11
1785530457.3215714,2331,1.50971708532403,1.4972946488223144,11
1785530457.3216062,2333,1.514397610777832,1.4973310712549721,11
1785530457.321665,2336,1.5144098694172892,1.5005097807393202,12
1785530457.3224611,2335,1.5103630317323604,1.5045564902561188,12
1785530457.322515,2337,1.5051234284646724,1.4993171640751772,12
1785530457.3226018,2339,1.5051081555568846,1.492765151076833,12
1785530457.3226292,2340,1.5051090110330803,1.4931180617685962,12
1785530457.3226771,2341,1.5028065205363748,1.4931146299760159,12
1785530457.3266947,2342,1.4994370834162256,1.4897451350608113,12
1785530457.3270154,2344,1.4945030586195394,1.4946791766926155,12
1785530457.3274853,2343,1.4945151398134076,1.4977784908142577,12
1785530457.3318057,2348,1.4945170865289736,1.4924849052544205,12
1785530457.3336735,2346,1.4874282369992493,1.4924527193455932,12
1785530457.3375127,2347,1.4903371247266153,1.4895438199144888,12
1785530457.3449721,2351,1.4903367163376628,1.491041543533455,12
1785530457.3599095,2352,1.4903561456406238,1.495031839638686,12
1785530457.3954031,2354,1.486016883007093,1.4906927196788335,12
1785530457.3956432,2356,1.4909573508953393,1.4857522107081682,12
1785530457.3957317,2357,1.4906934681653665,1.4857529994682652,12
1785530457.3957593,2358,1.4922031796312556,1.4857591229406708,12
1785530457.397683,2360,1.4922328039425379,1.4802048988761227,12
1785530457.3977184,2364,1.4921872639501996,1.4744442930924273,12
1785530457.397808,2365,1.4982482243309456,1.4744559383564615,12
1785530457.4328847,2369,1.4956194314298208,1.4744615055763097,12
1785530457.4418917,2367,1.4931280085196357,1.4784580295220031,11
1785530457.4428935,2368,1.502431026230712,1.4702921821570434,11
1785530457.442979,2374,1.4951332693549797,1.4703281389013383,12
1785530457.4430382,2376,1.4951295420599122,1.469973961393327,12
1785530457.4430735,2377,1.4981663378560521,1.4699586264967401,12
1785530457.4430902,2378,1.5038729781016715,1.4756665418352495,12
1785530457.4451025,2380,1.497111712883449,1.482429290861738,12
1785530457.4452395,2379,1.4971057696708767,1.4769440179570372,12
1785530457.462648,2383,1.493908641687716,1.4801414873891334,12
1785530457.4822354,2388,1.4939105378849076,1.4838614408012378,12
1785530457.5109203,2389,1.4908892999451389,1.4838708216791074,12
1785530457.51107,2391,1.4908860310392407,1.4874170490520762,12
1785530457.5110974,2384,1.4908073582762402,1.5001064837296345,12
1785530457.5235553,2404,1.4934286089831252,1.507864303954538,11
1785530457.524024,2403,1.4935282251811974,1.5085869834760641,11
1785530457.5516417,2406,1.4971410588106135,1.5120223985741912,10
1785530457.5801823,2408,1.495965138669836,1.5037123042450422,10
1785530457.5803387,2413,1.4949329748084088,1.5035442442952152,10
1785530457.5803778,2414,1.4985322298663664,1.5076588062131246,10
1785530457.5819027,2418,1.5040945878265475,1.5085491269077733,10
1785530457.5862935,2419,1.506698797402157,1.5054268932093087,10
1785530457.5887475,2420,1.5065824672272095,1.5045809016933418,10
1785530457.6137023,2424,1.506873094540383,1.5067449615767927,10
1785530457.628229,2426,1.5071147408926948,1.5070213846406684,10
1785530457.6318474,2428,1.5052882220191066,1.5092061000283676,10
1785530457.6319532,2427,1.505237253784304,1.5088445544143296,10
1785530457.632236,2433,1.5016486741038224,1.5047360081343444,11
1785530457.6323025,2434,1.5080224799019417,1.5047091301819735,11
1785530457.6323266,2435,1.5080323984908874,1.5020790104286725,12
1785530457.6387274,2438,1.5013419549297848,1.4951318995901528,11
1785530457.642935,2440,1.5039797968536512,1.4928203953386776,11
1785530457.645402,2439,1.5039850751290347,1.4884067666362748,11
1785530457.65427,2444,1.5039839583231247,1.4886722236673269,11
1785530457.6837394,2443,1.5042855544996427,1.4884071103085985,11
1785530457.683786,2445,1.5091158811354932,1.4926336797620547,11
1785530457.683869,2447,1.509107587356547,1.494140894986875,11
1785530457.683894,2448,1.5090946322766199,1.4876200212350856,11
1785530457.6839428,2450,1.517170190046872,1.4946920140893074,11
1785530457.6859074,2452,1.5161608780769302,1.4955754475816478,11
1785530457.6891825,2451,1.5161602241297778,1.4953117202747863,11
1785530457.714257,2456,1.5161593829557378,1.4963780536978915,11
1785530457.7498581,2455,1.5124247901577157,1.4996459318811048,11
1785530457.7506359,2458,1.516565977263488,1.499668631955408,11
1785530457.7506802,2457,1.5133277647685153,1.4968341474248679,11
1785530457.750705,2459,1.5133290642371198,1.497899487552033,11
1785530457.7508187,2464,1.5163518208224736,1.495254746457742,11
1785530457.7508469,2463,1.516361351434417,1.497979747825392,11
1785530457.7508695,2465,1.5109623343171243,1.4979558044003027,12
1785530457.7509108,2467,1.509015754967754,1.4999023139721075,12
1785530457.751913,2472,1.5090154373432862,1.4966418174229241,12
1785530457.7612276,2473,1.5114931259421251,1.4966325108482053,12
1785530457.76127,2468,1.511517484676871,1.490421695021837,12
1785530457.7660189,2476,1.5074401983952088,1.4944988876321799,12
1785530457.8103278,2479,1.5095176123234937,1.4874378649218332,11
1785530457.8104174,2480,1.5095176155199255,1.4874378534679555,11
1785530457.810473,2488,1.506682157891017,1.4899167583720974,11
1785530457.8114004,2492,1.5066661001010822,1.499572459056468,11
1785530457.8231788,2491,1.5074727859232637,1.4988669118589857,11
1785530457.8360617,2495,1.5074848806142591,1.4906263334993093,11
1785530457.8700585,2501,1.5132299106370113,1.4906420667063818,11
1785530457.8826103,2500,1.5265860579133343,1.478972689849344,11
1785530457.882723,2506,1.5215605791946305,1.4789432773624704,11
1785530457.8830204,2512,1.5112265785940981,1.4879730753086946,11
1785530457.8934774,2513,1.4906820378615184,1.4804189124292448,10
1785530457.8939085,2514,1.4922646408240605,1.480643004112894,11
1785530457.8965726,2515,1.4860548749986353,1.4868531471692341,11
1785530457.9121585,2519,1.4873515426917163,1.4962870997430249,11
1785530457.9458933,2520,1.488512992279754,1.5045636476546327,11
1785530457.953515,2522,1.4939014869031906,1.5113920884439265,10
1785530457.9535668,2524,1.496761050666922,1.507962516354422,10
1785530457.9535897,2523,1.4960896776933552,1.5030878322638344,11
1785530457.9538236,2528,1.4962501273668785,1.5042200895471254,11
1785530457.9538708,2526,1.4960441435881682,1.5041904154966237,11
1785530457.9538941,2527,1.4975496089929246,1.5026855211585302,11
1785530457.953956,2531,1.4974622175576668,1.5020676379374445,11
1785530457.955245,2532,1.4978348702136481,1.5047482850009293,11
1785530457.9559455,2533,1.494850745603726,1.5043264129172693,11
1785530457.959193,2534,1.4914417310269275,1.500917453246975,11
1785530457.9635692,2535,1.491701655470258,1.5027772639797514,11
1785530457.9697073,2537,1.5020208304740164,1.5042294421036069,11
1785530457.9825947,2538,1.5036682759662785,1.5044637520290147,11
1785530457.9969084,2539,1.4969510384518818,1.511181141538082,11
1785530458.0210795,2544,1.4966332219973983,1.5089108634866726,11
1785530458.0247557,2545,1.4942670759962604,1.5085665332686296,11
1785530458.0247953,2546,1.4954477194523905,1.5097472030523658,11
1785530458.0248566,2549,1.488002458482301,1.5087009559019884,11
1785530458.024913,2547,1.4882747648868258,1.5106663907260658,11
1785530458.0249367,2554,1.4961376787820426,1.5117681216885637,11
1785530458.0590553,2561,1.5009023970426318,1.512455211892174,11
1785530458.0732014,2566,1.4916875367461604,1.511139658017987,11
1785530458.0736954,2559,1.4916443611845989,1.5108296013148101,11
1785530458.0980356,2573,1.4965083931736713,1.5115176004109099,11
1785530458.1822748,2571,1.4935399554597697,1.514465706097555,8
1785530458.1994534,2577,1.4977922501878271,1.5005710333240283,7
1785530458.2002494,2578,1.5180649804882727,1.4904898973675529,7
1785530458.2002745,2580,1.5172759906237885,1.492476087262794,7
1785530458.2003205,2582,1.5170122768211827,1.4920760692712496,7
1785530458.2003403,2585,1.5177151020960675,1.4917267746613507,7
1785530458.20039,2589,1.5155963996875077,1.4885231382843593,7
1785530458.2004428,2590,1.495138343002358,1.498716597499505,7
1785530458.2004657,2591,1.4935494464290315,1.5027076735774028,8
1785530458.2005136,2592,1.496483055551245,1.4953150424513908,8
1785530458.20057,2593,1.5013683514215872,1.4933730397911973,8
1785530458.2005959,2594,1.501166225820855,1.4931711069943043,8
1785530458.2006462,2595,1.4954456550789188,1.5074814513352344,8
1785530458.202137,2599,1.4972866373751126,1.5056399444860953,9
1785530458.2023587,2600,1.4970645644720988,1.5069869153593491,10
1785530458.2023895,2605,1.4953800482347213,1.5072258980272202,10
1785530458.20245,2606,1.4975513349145086,1.5090373637752488,10
1785530458.2154734,2607,1.4988825958544323,1.5010660921982404,10
1785530458.216199,2612,1.4989840601359212,1.5004459110429933,10
1785530458.221976,2611,1.496233251028656,1.5028525127197716,10
1785530458.259501,2613,1.5018282921081663,1.50752083384007,10
1785530458.2603579,2615,1.503523893674701,1.4972696529242808,10
1785530458.2604012,2616,1.5023995410647997,1.5038915632170606,10
1785530458.2604635,2618,1.5022960709060187,1.5038054343407092,10
1785530458.2605033,2620,1.5078835485313045,1.4989140599210773,11
1785530458.2606003,2619,1.5078881993769582,1.4974153565827308,11
1785530458.260653,2621,1.5027396175008445,1.497425772871749,11
1785530458.260719,2624,1.502726172404645,1.5003452609504502,11
1785530458.2607462,2623,1.5022195449602052,1.5007888107542071,11
1785530458.263077,2625,1.5011117983164135,1.4998199385261597,11
1785530458.2639182,2626,1.5052532421900384,1.4998130973244865,11
1785530458.2666302,2627,1.5052566254179762,1.5076048812214307,11
1785530458.2792497,2628,1.505259258166085,1.506193148704495,11
1785530458.2793062,2629,1.5048562695435008,1.5061938574838933,11
1785530458.2822328,2630,1.4984859149327692,1.5006164099021302,11
1785530458.2829854,2631,1.4984858690301723,1.5007932581033976,11
1785530458.3142114,2635,1.497074405665712,1.502028432303197,11
1785530458.3358984,2636,1.4970697896249043,1.4981431439504538,11
1785530458.335959,2640,1.497070573465705,1.4992933133158353,11
1785530458.336037,2641,1.4903004271857254,1.4992724089258842,11
1785530458.3360608,2643,1.4902947827926896,1.4977649645638695,11
1785530458.336104,2645,1.4934245925883336,1.4977679688325107,11
1785530458.339364,2647,1.496949004957745,1.4946868177866843,11
1785530458.3430152,2649,1.5006999524307434,1.4979691992410655,11
1785530458.3498902,2651,1.50070211475675,1.4986765034854326,11
1785530458.3621194,2653,1.5095965449973276,1.4986777072532556,11
1785530458.38696,2654,1.513333368713497,1.5019472974859067,11
1785530458.398449,2658,1.5144071715910545,1.5019423545374897,12
1785530458.398876,2660,1.514409595239594,1.4983899672727043,12
1785530458.4069269,2665,1.512021754454811,1.498402672599207,12
1785530458.4332652,2672,1.5120216137382847,1.4986688938879955,12
1785530458.4449117,2673,1.5117563242310406,1.498403734286976,12
1785530458.4453993,2675,1.5117595838906916,1.496451728509832,12
1785530458.4454968,2677,1.5122020575590172,1.496449998030266,12
1785530458.449837,2678,1.5093770405293465,1.493624518978365,12
1785530458.4543376,2682,1.5053025234978636,1.4936366793746754,12
1785530458.4614787,2685,1.4989682629821723,1.4959046084045438,11
1785530458.488714,2687,1.498666092681326,1.4897890652496861,10
1785530458.4887738,2689,1.4970921807305524,1.4900164801203268,10
1785530458.4888487,2690,1.5022535612905163,1.4943203823597384,10
1785530458.4945805,2696,1.500984585398282,1.5018803221694548,10
1785530458.4946396,2694,1.5025532228382072,1.5016563838148402,10
1785530458.4970355,2695,1.5046216179675764,1.4998467978131358,10
1785530458.51409,2699,1.5052459792289088,1.4961151303751443,10
1785530458.536813,2700,1.5053912060283885,1.4963871153403356,8
1785530458.5384052,2701,1.5023173590453818,1.4969024982775037,8
1785530458.5384288,2703,1.501453360198247,1.501203831828582,9
1785530458.538467,2702,1.5039475700692262,1.5028640795553037,9
1785530458.5475814,2706,1.5021997703931842,1.5031171690470524,9
1785530458.5643287,2712,1.5036305513373638,1.4959496559803036,9
1785530458.5785122,2713,1.5155714719011586,1.4942313052786056,9
1785530458.581463,2714,1.5119579580766025,1.4918159577699794,9
1785530458.5819376,2716,1.5077815417735356,1.494952953252814,10
1785530458.5820084,2718,1.514856674460254,1.494927442760246,10
1785530458.5820649,2719,1.5162705627729003,1.4938654805465947,10
1785530458.5848155,2722,1.5136547964938636,1.4938592499459835,11
1785530458.5862966,2723,1.513649050283206,1.5063783762336451,11
1785530458.6044009,2726,1.5180040175727425,1.5101867290858468,11
1785530458.63459,2727,1.5180029390008956,1.5105381562778948,11
1785530458.63459,2728,1.5157824093142436,1.5124788106402005,11
1785530458.6383164,2729,1.5105092019742479,1.5124552042543509,12
1785530458.6386032,2730,1.498362641556559,1.5124573584356853,12
1785530458.6386292,2731,1.5011813710424284,1.5096383771045743,12
1785530458.638648,2733,1.4947074004464054,1.5031642641759897,12
1785530458.6386635,2734,1.4967423921282759,1.503168827767388,12
1785530458.6387227,2735,1.4967251284328151,1.4930151956133342,12
1785530458.6387572,2736,1.4967301733041396,1.4996515369743326,12
1785530458.643537,2737,1.4966417746303706,1.4996514568305437,12
1785530458.6435795,2738,1.482698114031177,1.4857081785009851,12
1785530458.6436753,2739,1.4826672031263564,1.4796630619782905,12
1785530458.6530237,2741,1.4882854484184145,1.479643067561613,12
1785530458.6741588,2745,1.4910316787918505,1.4823894987974662,12
1785530458.6952505,2746,1.4890529103423964,1.4758759417796428,11
1785530458.7023902,2747,1.4890184164443432,1.4808027606405694,11
1785530458.7031803,2748,1.4889736418305015,1.4747256119749947,11
1785530458.7032144,2749,1.4882606310577096,1.4747211663391682,11
1785530458.7032359,2750,1.4972099245608568,1.4849398407510104,11
1785530458.7032788,2751,1.497228631273462,1.487871466533304,11
1785530458.7033172,2758,1.496612429880604,1.4878708284235445,11
1785530458.712406,2760,1.49663978637185,1.49595864927327,11
1785530458.7281358,2762,1.4938111994777667,1.4927274624438456,11
1785530458.7427466,2765,1.4948692845076377,1.492725284137792,11
1785530458.744055,2763,1.4948593597519124,1.4895899565047919,11
1785530458.7447631,2769,1.5015863754105405,1.4972754098604464,11
1785530458.7449162,2770,1.4954048386495533,1.4972751816054135,11
1785530458.752807,2772,1.4954042678495023,1.4994999392586439,11
1785530458.7740848,2777,1.489925025093207,1.4995269346031275,11
1785530458.7854147,2775,1.4899262521518415,1.4990206568887228,11
1785530458.8153186,2782,1.4933723332386168,1.499001420061734,11
1785530458.8155298,2786,1.496108024832592,1.5021269419814027,11
1785530458.8156004,2787,1.496089850747929,1.5076879470275049,11
1785530458.8309004,2793,1.4866632082653766,1.4969193578515942,11
1785530458.8333902,2794,1.4936387360157697,1.4968757940213717,11
1785530458.8367577,2797,1.4951399872505096,1.4937444287202293,10
1785530458.8527544,2798,1.5001249013394955,1.501787756670847,8
1785530458.8741279,2799,1.499027313482622,1.5044950084918742,8
1785530458.874162,2804,1.5013744475668507,1.4987087685451526,9
1785530458.8742359,2803,1.5039073898487503,1.4964913366934072,10
1785530458.874254,2805,1.5135855265289986,1.5045450915909746,10
1785530458.8742955,2807,1.512454474959221,1.5112058931958112,10
1785530458.8743165,2808,1.5137924637702616,1.5034679091091263,10
1785530458.8766406,2809,1.511499837005274,1.5038067839979072,10
1785530458.8797374,2810,1.5129465594921183,1.5050127364525128,10
1785530458.8842354,2811,1.5141522766112063,1.497801586701689,10
1785530458.9070663,2816,1.5141172790497572,1.498009559014775,10
1785530458.9257643,2814,1.516597465628756,1.4976464117485235,11
1785530458.9257858,2815,1.5230714255734594,1.491173235087428,11
1785530458.9258232,2817,1.5238677806663317,1.4919694284535083,11
1785530458.925857,2818,1.5188330652379547,1.4926519445223183,11
1785530458.9326437,2824,1.515116493168948,1.4963681958607378,12
1785530458.9329667,2823,1.5151170325084142,1.4968078960072453,12
1785530458.9330242,2825,1.5140571747911251,1.4968036275561765,12
1785530458.9495106,2827,1.5114027404747743,1.499457920536194,12
1785530458.9641535,2832,1.5113860248763655,1.5053573116902297,12
1785530458.991464,2833,1.5067097388423336,1.5053819708860918,12
1785530458.9915042,2834,1.5017671431354578,1.5004394006329296,12
1785530458.9915245,2836,1.5013245528145651,1.5008819701104397,12
1785530458.9916925,2835,1.5013179078708876,1.5034441046170908,12
1785530458.991719,2839,1.4901556824524291,1.5146065792546644,12
1785530458.99905,2845,1.4925304112667634,1.514607221750081,12
1785530458.999128,2846,1.4933234729606673,1.515400307235188,12
1785530459.0189211,2847,1.4932747429292568,1.5203614242954198,12
1785530459.0512807,2854,1.5001264153153961,1.5203294738431574,12
1785530459.051449,2858,1.4995974747481775,1.519800420012501,12
1785530459.0536525,2861,1.5073375253736587,1.5197998919651152,12
1785530459.0538898,2859,1.5073583365680217,1.5158320055286612,12
1785530459.0621276,2865,1.504083524888913,1.512557001859126,12
1785530459.078844,2868,1.5040730757570897,1.510409878657402,11
1785530459.0877366,2870,1.5077022507898867,1.5145592343272611,11
1785530459.096561,2873,1.5039720250961148,1.514547418940306,11
1785530459.0966823,2871,1.503982879978122,1.511116076465384,11
1785530459.1029463,2877,1.4980563752110527,1.504342788797015,11
1785530459.1030915,2878,1.4913291167025367,1.5043619008404556,11
1785530459.12003,2880,1.491320238066587,1.5140254888386053,10
1785530459.2265213,2882,1.4746294932782535,1.4962605208843236,6
1785530459.2266755,2883,1.4649456990853085,1.5158418022863658,6
1785530459.2276635,2889,1.4693284107048694,1.5201813319021886,6
1785530459.2281668,2890,1.4679308275009162,1.5208715719705803,6
1785530459.228267,2891,1.4702041497498441,1.5161850536734127,7
1785530459.2283816,2892,1.4768983432501723,1.502734691587204,7
1785530459.2284572,2893,1.4850610938699464,1.4995189700016018,8
1785530459.2284884,2894,1.4987706170977189,1.5132225233596075,8
1785530459.2285569,2895,1.49959147757944,1.5111952386613667,8
1785530459.2286365,2897,1.5019571055947922,1.5102446909107379,8
1785530459.2286801,2899,1.5050329654917947,1.5071652040682506,9
1785530459.228751,2900,1.5062121840984768,1.5001969369428771,10
1785530459.2287836,2905,1.5058499739387583,1.5002492533932,10
1785530459.2288404,2906,1.4990413190571712,1.4945849176510906,10
1785530459.228873,2907,1.5003840031843367,1.486509483952596,10
1785530459.2289352,2912,1.4991466964691151,1.4937569906355663,10
1785530459.2289884,2911,1.4984573388330573,1.494359763380539,10
1785530459.2290251,2913,1.5014623132735092,1.4968630776624476,10
1785530459.2292812,2914,1.5025476009742964,1.4967097388831776,10
1785530459.22932,2915,1.5011293150086775,1.5053989863580322,10
1785530459.2440295,2918,1.5068332500416524,1.5101617192149255,10
1785530459.247227,2919,1.5070385793034407,1.5089238475027376,10
1785530459.2480876,2920,1.506300954404354,1.5095695146815526,11
1785530459.250586,2921,1.4979989211233997,1.509542633461627,11
1785530459.2573936,2923,1.5099997134440206,1.4990394949468606,11
1785530459.264614,2925,1.5125267762646861,1.501250795850077,11
1785530459.264614,2926,1.510910016933645,1.5012446694547004,11
1785530459.265924,2927,1.5109911441116857,1.4856318300128049,11
1785530459.2731633,2928,1.5109893797945897,1.4852792048283785,11
1785530459.2917955,2929,1.5046887313319415,1.485316545700476,11
1785530459.3324525,2930,1.5023675343619165,1.4832891126252434,11
1785530459.333933,2931,1.5023760294833297,1.4894714254681838,11
1785530459.333933,2932,1.5125399602349854,1.4805842404494163,11
1785530459.3339775,2933,1.5144505262316157,1.4805821000690726,11
1785530459.3340008,2935,1.4974927716492776,1.4954124592899225,11
1785530459.33402,2937,1.4871102483088199,1.486339884894503,11
1785530459.3341277,2939,1.4870703069562061,1.493820467517372,11
1785530459.3342507,2941,1.4870703070155553,1.4938204704514617,11
1785530459.33429,2942,1.4929295487297525,1.4989451756066057,11
1785530459.3343537,2943,1.4929248019298733,1.502223226873187,11
1785530459.3464675,2948,1.492925901473829,1.5056622368144483,11
1785530459.34666,2947,1.5039458927219078,1.496017719041028,11
1785530459.3468716,2949,1.5059638504763995,1.4977824915216087,11
1785530459.347532,2951,1.5059813360598804,1.493619976489832,11
1785530459.374036,2952,1.5059357009081493,1.4814463689265465,11
1785530459.3955584,2953,1.5238560053503916,1.4813309646069737,11
1785530459.3985052,2954,1.513178705828983,1.472014755593956,11
1785530459.4000313,2956,1.5053494518149029,1.4788543873989268,11
1785530459.4001224,2955,1.5053458589673734,1.4784133060521016,11
1785530459.4007916,2957,1.5104725777401988,1.478408421633622,11
1785530459.400976,2958,1.5119042867114645,1.4783995253356192,12
1785530459.4010422,2959,1.5084478060093467,1.4818563524192532,12
1785530459.4010775,2964,1.5084545143569603,1.4887312132505282,12
1785530459.4011283,2965,1.494525652829302,1.4887773993021076,12
1785530459.4029455,2966,1.4948791920639777,1.4891309534485513,12
1785530459.4035938,2967,1.494863880902272,1.4855891176417633,12
1785530459.4085126,2969,1.49750270224305,1.4855886485433938,12
1785530459.41848,2971,1.4996206483080954,1.4834705413241027,12
1785530459.4595783,2973,1.5072338289192453,1.4910840918919206,12
1785530459.4600844,2975,1.5072345142357233,1.4956913404019465,12
1785530459.4601185,2976,1.5072494756317847,1.5013345625786985,12
1785530459.4653134,2978,1.5122320929865838,1.5027692652784173,11
1785530459.4654338,2982,1.5165730365827677,1.5027616216268038,11
1785530459.4654338,2984,1.516566120810197,1.497340373040523,11
1785530459.4654899,2983,1.5140412790423063,1.4995497379640643,11
1785530459.4765482,2987,1.5140456974447596,1.4963529646895237,11
1785530459.4824636,2991,1.5140370925932165,1.4918663577666769,11
1785530459.4885793,2993,1.5134330991508294,1.4918637160744137,11
1785530459.5059001,2995,1.5105058383773626,1.4944266210957509,11
1785530459.5373428,2998,1.5052274145682607,1.4944198450403827,12
1785530459.537398,2997,1.5036399510898584,1.4928323967607424,12
1785530459.5374198,2999,1.5036260214276718,1.4972571858516004,12
1785530459.5374603,3003,1.5036243559033402,1.49972906298463,12
1785530459.5375032,3005,1.5038011170157535,1.499729282847634,12
1785530459.5496066,3007,1.5002601631060177,1.5032699638895664,12
1785530459.5557709,3013,1.503880124694422,1.5032597309585918,12
1785530459.5786548,3014,1.4961233031582521,1.4955028811668176,12
1785530459.603407,3019,1.5017862205402972,1.4898397478094043,11
1785530459.6074302,3018,1.492266359238575,1.4912056305811856,11
1785530459.6074579,3020,1.4913501753326444,1.497581373221429,11
1785530459.6147172,3029,1.4899077065186237,1.4977892671359185,11
1785530459.615593,3027,1.4894978839908315,1.500685437289238,11
1785530459.622712,3033,1.4890556841990925,1.500243258141975,11
1785530459.624677,3034,1.4899840786552991,1.5001081948928972,11
1785530459.6278312,3035,1.4918009804039154,1.4876610996603044,11
1785530459.673783,3036,1.4920642493471756,1.4857994255705744,11
1785530459.6768913,3037,1.4942411864399938,1.4854869164956357,11
1785530459.6786876,3038,1.5066685234029897,1.4979145363078321,11
1785530459.6787574,3039,1.5070702478458937,1.4951350134138928,11
1785530459.678783,3041,1.5007843326752774,1.4960459017622063,11
1785530459.6789176,3043,1.511563006287745,1.4852669721850114,11
1785530459.678939,3045,1.5118284541589535,1.4855318748971686,11
1785530459.6790085,3046,1.510081430188934,1.485782058680045,11
1785530459.6790261,3047,1.508252564603863,1.4981061907751576,11
1785530459.6790595,3048,1.5085164566368081,1.496255165192659,11
1785530459.679092,3049,1.5122366438202393,1.4957077019849336,11
1785530459.679566,3050,1.510382942993929,1.4938540565231444,11
1785530459.6836157,3051,1.5104118746627495,1.493648591323298,11
1785530459.691945,3056,1.5103821916001474,1.4938555177326127,11
1785530459.6967397,3055,1.4979871409542977,1.5062502784835536,11
1785530459.7044017,3057,1.4953387301176515,1.5036019226774284,11
1785530459.740327,3059,1.4948854021052569,1.5067934518331583,11
1785530459.7404196,3060,1.4948704128830514,1.506896781287995,11
1785530459.7404492,3062,1.4911593135569705,1.503185769264759,11
1785530459.740468,3064,1.4886842703918584,1.505660743870518,12
1785530459.7405083,3063,1.4886872452395132,1.5037976214272377,12
1785530459.7405274,3065,1.486032167670145,1.5038092201031532,12
1785530459.7516747,3067,1.4860321666741185,1.503809220115825,12
1785530459.752482,3069,1.4847070963859579,1.50248424000531,12
1785530459.7525363,3071,1.4847078292312494,1.500637619027465,12
1785530459.7546813,3072,1.4846803864984484,1.5078333165356541,12
1785530459.7574375,3073,1.4758641670499275,1.5077937984944345,12
1785530459.761127,3074,1.471623724372251,1.5035542885921513,12
1785530459.769471,3075,1.47160696526218,1.5084610084241885,12
1785530459.7702942,3077,1.4732026506770497,1.5084432834539012,12
1785530459.811613,3079,1.4690915030117653,1.5102828298257176,11
1785530459.8126557,3084,1.4690983278553096,1.5074256552386853,11
1785530459.8127546,3085,1.4695011707604173,1.5074298338458934,11
1785530459.8127787,3086,1.4794986694512433,1.5161869455488217,11
1785530459.8128276,3088,1.4863591164347103,1.510176777939908,11
1785530459.8128786,3092,1.486351181602604,1.50472177610622,11
1785530459.8180854,3091,1.491412760375881,1.5002904722137873,11
1785530459.8226893,3093,1.4884902733376806,1.4977344304541935,11
1785530459.8262892,3094,1.4995960056528401,1.4977019193433634,11
1785530459.8286161,3095,1.4996030424064952,1.4944319789956466,11
1785530459.8391032,3098,1.5019245766372087,1.4964620960978046,11
1785530459.870247,3100,1.4986876445933437,1.499294326180989,11
1785530459.882316,3099,1.4986856345416941,1.4954919636180897,11
1785530459.8823533,3104,1.4986842366795863,1.4974356561121014,11
1785530459.8824198,3103,1.4897062651653585,1.5052909063590159,11
1785530459.8882418,3105,1.4965791323020703,1.5113106567886905,11
1785530459.8883219,3106,1.4907045768767135,1.5113188031032048,11
1785530459.8883417,3107,1.4907166468366946,1.5136979329049496,11
1785530459.8884552,3109,1.4908170683167667,1.513698248091039,11
1785530459.888497,3110,1.489908490905724,1.5129021581387743,11
1785530459.8937738,3114,1.4928312120800553,1.512909987887061,12
1785530459.9225945,3119,1.4928502579272749,1.5167899024547498,12
1785530459.9348822,3121,1.4952232890883412,1.5167951112222418,12
1785530459.935404,3122,1.4937210539408907,1.515292762343295,12
1785530459.9354522,3126,1.489588078814882,1.515279142940672,12
1785530459.941404,3129,1.486579276327129,1.5122702982739469,12
1785530459.9806752,3133,1.4900227040772032,1.5122653522206417,11
1785530459.980815,3134,1.4847572168425216,1.5076615131245898,11
1785530459.985711,3138,1.4864713685580013,1.5076705176892884,11
1785530459.9888923,3140,1.4864776840871896,1.5090783339595386,11
1785530460.0093675,3145,1.4874856696164787,1.509083434370142,11
1785530460.0403764,3146,1.497613628051138,1.5183819482322878,10
1785530460.040689,3150,1.5024408940901537,1.5183848955947856,10
1785530460.0407474,3151,1.501226467572843,1.519597054795896,10
1785530460.0407703,3154,1.498272543653613,1.519599746554266,10
1785530460.0408127,3155,1.4982600804090969,1.5166713812307382,10
1785530460.0408301,3157,1.499568006082447,1.5166688321210906,10
1785530460.0408766,3158,1.4895810610507574,1.5066875238597974,10
1785530460.0438178,3159,1.4895934299035374,1.5028317905094697,10
1785530460.053661,3164,1.4895943338575697,1.500816527721884,10
1785530460.0776248,3163,1.4948509139326949,1.4955552405659147,9
1785530460.0786061,3165,1.4974753761180206,1.4981821390174377,9
1785530460.078903,3167,1.4989991818755883,1.4892086847566763,9
1785530460.0789413,3168,1.4994697248048048,1.48633823650251,10
1785530460.079031,3170,1.5034960379645275,1.4896981495679291,10
1785530460.083744,3171,1.502726062930174,1.4943504600493251,10
1785530460.0850928,3172,1.503551160731551,1.4936278825913196,11
1785530460.0900538,3173,1.5034619558325866,1.4936277720488484,12
1785530460.1097383,3177,1.5066365559152388,1.4968025770904037,12
1785530460.1953027,3178,1.511934284427314,1.4968114127758887,12
1785530460.219587,3179,1.5119384672380654,1.5035554819454184,12
1785530460.221972,3182,1.5076001193451642,1.4992172879824337,12
1785530460.2220204,3184,1.5071589040958313,1.4996584707192662,12
1785530460.2220707,3183,1.5071611626175017,1.501686535970391,12
1785530460.2220953,3185,1.506099897253794,1.501683322252889,12
1785530460.222123,3188,1.5061113711485572,1.506023147397786,12
1785530460.2222457,3187,1.51149188957863,1.5006427667933655,12
1785530460.2222784,3189,1.5076831928757384,1.4968341375314818,12
1785530460.2223008,3190,1.5031801046199276,1.496819896940486,12
1785530460.222323,3191,1.503196566026072,1.49044914390296,12
1785530460.2224035,3192,1.5031918064233378,1.4884183341826889,12
1785530460.2224567,3193,1.5015947077537837,1.488420528286993,12
1785530460.2224765,3194,1.5038920426416538,1.4907179409115348,12
1785530460.2225244,3195,1.5038860821303834,1.488952440008225,12
1785530460.2225635,3197,1.5057353740432355,1.4889565115741283,12
1785530460.2225978,3201,1.5029929276887914,1.4862139402691956,12
1785530460.2226324,3202,1.5058962611145592,1.4862222963820984,12
1785530460.2226481,3204,1.505922440938757,1.4919563294768294,12
1785530460.2226777,3203,1.505916941365396,1.4955873975901832,12
1785530460.222708,3206,1.5099875400410898,1.499657922931538,12
1785530460.2227228,3207,1.5099864872328461,1.4989531871588797,12
1785530460.2228084,3214,1.5051267812382139,1.4989381360315808,12
1785530460.2274756,3215,1.5051293532288752,1.4969017366001907,12
1785530460.2508283,3218,1.4998979185337986,1.4949618387637404,11
1785530460.2805426,3219,1.4998982586241072,1.495138622056082,11
1785530460.2807102,3220,1.4981806941291935,1.4966408899769452,11
1785530460.2807465,3221,1.4920236768546524,1.4966520174909776,11
1785530460.2808037,3222,1.491961085333229,1.496651851700035,12
1785530460.280852,3223,1.4963864097205333,1.4922266149424968,12
1785530460.280876,3227,1.4963749527605728,1.4976118090326997,12
1785530460.2809293,3228,1.4963760756733515,1.4990277302529096,12
1785530460.2809765,3229,1.4979675824620413,1.499028806644031,12
1785530460.2810018,3230,1.4971725100162434,1.4982337348196646,12
1785530460.283587,3232,1.5011520883340774,1.494254138260213,12
1785530460.2848036,3231,1.501153346329981,1.4970814786225224,12
1785530460.28866,3233,1.5057450731167359,1.4970835377222314,12
1785530460.2938046,3234,1.5058335477633713,1.497083368787909,12
1785530460.2976904,3235,1.5058335477711493,1.4970833715631084,12
1785530460.3030457,3238,1.5118382087940119,1.497107316475466,12
1785530460.3067584,3239,1.5118498952428163,1.4892985612949987,12
1785530460.3186605,3241,1.5081243613264512,1.4893105649605902,12
1785530460.3412771,3242,1.5076821098195388,1.4888683068898294,12
1785530460.3415265,3244,1.504149068920683,1.4924014094716191,12
1785530460.3415506,3243,1.5041469473208748,1.4917835422728172,12
1785530460.3416255,3245,1.5046758215072071,1.4917848422091518,12
1785530460.3416684,3246,1.508043762339109,1.4917794674771587,12
1785530460.3417103,3247,1.4991160749241896,1.5007071587591536,12
1785530460.3422399,3249,1.502032714469165,1.5036238026126512,12
1785530460.3533928,3252,1.5020311651984164,1.5045954181990082,12
1785530460.3626032,3251,1.5020329212790131,1.505745249175326,12
1785530460.3858643,3255,1.5020342502530881,1.5007988644127823,12
1785530460.405847,3257,1.496641123895137,1.5007959884688022,12
1785530460.4108417,3259,1.4988511600388985,1.498585955879617,12
1785530460.410901,3260,1.4988669251380018,1.4925778224744695,12
1785530460.410924,3264,1.498828615395825,1.4823205599315226,12
1785530460.4109674,3265,1.5040739884661587,1.4823201519315967,12
1785530460.4109933,3267,1.504088519101104,1.4856744512053213,12
1785530460.411037,3269,1.506727428148763,1.48567627558274,12
1785530460.4160082,3271,1.5074349921514651,1.4849686738779062,12
1785530460.430624,3273,1.5136180215459127,1.491151768243527,12
1785530460.4602516,3275,1.51360872793474,1.4953247759113497,12
1785530460.4609284,3276,1.513605519193302,1.503243382798215,12
1785530460.4610214,3277,1.5086610203163875,1.503267523035284,12
1785530460.4610474,3278,1.5099864148681388,1.5045928865184026,12
1785530460.4610705,3279,1.509989002322358,1.5015096417455287,12
1785530460.4611297,3281,1.5183020654707375,1.5015661405787106,12
1785530460.461149,3284,1.518292290498813,1.4980981557008564,12
1785530460.4686227,3283,1.5154703205042865,1.5009198386368938,12
1785530460.469196,3285,1.4976628056374675,1.483112228383737,12
1785530460.4692323,3287,1.4976742975430655,1.480374101079643,12
1785530460.4726536,3288,1.4976930125411145,1.4830279565444584,12
1785530460.476091,3289,1.5033815924220895,1.4830246149527313,12
1785530460.4889188,3291,1.5033506748571117,1.4779035403038447,12
1785530460.5186174,3293,1.5010198285156302,1.477901879695418,11
1785530460.5189629,3295,1.5010198280284557,1.4779018796938088,11
1785530460.5191896,3300,1.5009977891660222,1.4754276134815305,11
1785530460.519236,3301,1.495511679018552,1.4754194021115472,11
1785530460.52293,3303,1.4955849865139665,1.4855112114286417,11
1785530460.5289848,3302,1.4914581384507668,1.481895394894022,11
1785530460.5663726,3307,1.485645158224652,1.4827671880462245,9
1785530460.5673416,3313,1.4846207307458714,1.482910713176016,9
1785530460.5705469,3314,1.4904831334774629,1.4868178999156103,9
1785530460.571156,3316,1.4936448340941544,1.4844461508511135,10
1785530460.5711906,3317,1.47840353515717,1.4845360633117872,10
1785530460.5827146,3318,1.47604075961905,1.4845322434000303,11
1785530460.5971563,3319,1.4817136271558558,1.479556952016158,11
1785530460.6207,3324,1.4816767210099755,1.472709287529612,11
1785530460.621946,3325,1.4823883533801876,1.472711463773764,11
1785530460.6222703,3326,1.4748541390675924,1.466101167727062,11
1785530460.622406,3327,1.4748221558795893,1.4630704763216726,11
1785530460.6237543,3333,1.48709122986596,1.4738383397447061,11
1785530460.6239364,3334,1.4902536664782966,1.4738272792969076,12
1785530460.6314676,3335,1.4902513412222234,1.4740916090311629,12
1785530460.6318855,3336,1.490246429863904,1.4735594960523135,12
1785530460.6371071,3337,1.4940802153812047,1.4735713616525845,12
1785530460.6384425,3338,1.4986755662599904,1.4781675843942619,12
1785530460.6669059,3339,1.498633409158564,1.4751484588636845,11
1785530460.667316,3344,1.4986185007132697,1.4777220535695201,12
1785530460.667398,3343,1.4981776958720363,1.4781629455228071,12
1785530460.6690402,3346,1.4974757893408495,1.4781617965095242,12
1785530460.6691427,3347,1.4975133643246654,1.472685798756388,12
1785530460.6770513,3349,1.4984943664243318,1.4726867014378904,12
1785530460.6799664,3350,1.4972569682277417,1.4714489832775124,12
1785530460.707589,3351,1.4972586471389635,1.4716259453597138,12
1785530460.707668,3356,1.4972027020816545,1.480104063375268,12
1785530460.7081368,3355,1.4974678516902016,1.4798389483041554,12
1785530460.7081642,3357,1.4985307306211963,1.4809034859148595,12
1785530460.7082067,3359,1.498522852093302,1.4880594938310083,12
1785530460.7218726,3361,1.4944408799932514,1.488030688185101,12
1785530460.7386842,3360,1.4945166771605163,1.4989227682745658,12
1785530460.7532222,3362,1.4962897623176785,1.5006959392342891,12
1785530460.7533596,3366,1.5015918596694098,1.5007090763270796,12
1785530460.7535126,3367,1.4933819947887168,1.508918995425407,12
1785530460.7535398,3371,1.4934016831932855,1.5125350067981718,12
1785530460.7535954,3372,1.4934009997560376,1.5070429452097949,12
1785530460.7558153,3373,1.4907555377616861,1.507023323620471,12
1785530460.7609823,3374,1.4890673770050187,1.5053352686271073,12
1785530460.7746449,3375,1.4860540346291018,1.516359155696841,10
1785530460.8107216,3379,1.5027860561105189,1.5017419518041195,10
1785530460.815435,3380,1.5033985401998666,1.4979158651057398,10
1785530460.8165941,3385,1.5084648540063077,1.4972081802251196,10
1785530460.816708,3386,1.5134505916249026,1.5013674971587994,10
1785530460.8169072,3392,1.5130532652269002,1.5038571867966577,10
1785530460.8181078,3391,1.5041335761834138,1.511651082876029,10
1785530460.823492,3393,1.5044441718467547,1.5119100305065856,10
1785530460.823492,3394,1.5061410323960258,1.5116801982327175,10
1785530460.8266602,3395,1.5060282590321896,1.5124041983266028,10
1785530460.8372805,3397,1.5009819263131503,1.513099198342297,10
1785530460.8417275,3398,1.5009816420077662,1.5130993121732113,10
1785530460.843119,3400,1.503609291620334,1.5108045845426474,11
1785530460.8511584,3401,1.5012921500351109,1.510789993273001,12
1785530460.857923,3402,1.4968886640544798,1.5107630800951313,12
1785530460.894462,3403,1.49943492019269,1.5082165602820117,12
1785530460.895714,3409,1.5015505183471742,1.5082291890633883,12
1785530460.895794,3408,1.5015482434110274,1.5075224529595799,12
1785530460.8958218,3410,1.5055497600193015,1.51152404777426,12
1785530460.897225,3414,1.511361026922544,1.5115371828182715,12
1785530460.9030907,3417,1.5072786161388843,1.5074546698485611,12
1785530460.9032242,3418,1.5078102002211307,1.5074581640618485,12
1785530460.9106529,3419,1.5077819906682712,1.5016093489345752,12
1785530460.9132984,3420,1.5077843288681267,1.503725113499772,12
1785530460.9442184,3423,1.5077827739965977,1.5065461890293308,12
1785530460.958066,3422,1.5068982763263226,1.5056616976410313,12
1785530460.9580905,3426,1.5036340943651672,1.5056633831025468,12
1785530460.958373,3427,1.499663778523592,1.5096337622251699,12
1785530460.9584026,3430,1.4943435070496704,1.5096341615437128,12
1785530460.958421,3431,1.4943649763068743,1.5141335739856174,12
1785530460.960601,3434,1.484538503175124,1.5043071983478549,12
1785530460.9653187,3436,1.487186115108763,1.5016597083553331,12
1785530460.9657662,3435,1.4871726789433148,1.4966001923909855,12
1785530460.982886,3439,1.4929877486600849,1.4907851849106555,12
1785530460.997317,3440,1.4930205717219323,1.4807321276276095,12
1785530461.013378,3444,1.4930272901775987,1.4818839025573656,12
1785530461.0140524,3445,1.4910710905198512,1.481879246708562,12
1785530461.0140822,3447,1.4910915664182478,1.486311909523487,12
1785530461.0142348,3449,1.4896838195443176,1.4863187503633757,12
1785530461.0142667,3452,1.4896538125224885,1.4942463090938538,12
1785530461.028852,3451,1.4803803173846593,1.503519119620958,12
1785530461.0289063,3453,1.4862191885780507,1.5093575419375236,12
1785530461.029183,3454,1.4863078583573055,1.5093571425016243,12
1785530461.0292416,3455,1.4862965607137848,1.5048700970782027,12
1785530461.0522485,3457,1.4836491221185846,1.5048572952573516,12
1785530461.058027,3456,1.483648890005617,1.5005917265256241,12
1785530461.0582802,3458,1.4842686586931209,1.5012114306439077,12
1785530461.0852077,3462,1.4822364297185537,1.5011960298352942,12
1785530461.1082788,3464,1.4822350620346563,1.493640023241057,12
1785530461.108332,3472,1.4843569864611987,1.491518256820831,12
1785530461.1084208,3476,1.484356229109638,1.4917820315632007,12
1785530461.1084695,3474,1.4848879911585127,1.491784617814717,12
1785530461.108487,3475,1.494525462911124,1.4821469405085623,12
1785530461.108555,3477,1.4917865003154822,1.4794076814790296,12
1785530461.1085963,3479,1.491766478863991,1.4826692390360365,12
1785530461.1139493,3480,1.4917875123786426,1.4867463633312599,12
1785530461.1168594,3481,1.4966702049589662,1.4867489025776426,12
1785530461.1209295,3482,1.4983458868183848,1.4884246439086364,12
1785530461.1319966,3488,1.4983412980918727,1.4892197305133972,12
1785530461.136653,3486,1.4963010993093329,1.4892211536815618,12
1785530461.136798,3487,1.5001064255380525,1.4854156243990368,12
1785530461.1797607,3489,1.5064624633468948,1.4917719037112214,12
1785530461.2442446,3491,1.5163138338733118,1.4828704150719598,9
1785530461.2459977,3492,1.516274921807621,1.4798608074787418,9
1785530461.2460601,3493,1.5202907503762781,1.4798613889984322,9
1785530461.246085,3494,1.521116435513188,1.4805714156208316,9
1785530461.2461398,3496,1.5151547706916224,1.4856879196327946,9
1785530461.2462878,3497,1.5204429934615795,1.4857407106156173,10
1785530461.2463136,3498,1.523686611364954,1.485732524896137,10
1785530461.2463355,3499,1.512217315191727,1.4971906357653566,10
1785530461.246387,3504,1.5122200108578208,1.5042245708349122,10
1785530461.2464268,3505,1.5107062749470996,1.504231458613016,10
1785530461.246446,3506,1.5109084495200793,1.5044333408178698,10
1785530461.2464824,3508,1.5143445012943664,1.5010021293013762,10
1785530461.2465014,3512,1.5143491835331295,1.504346905781026,10
1785530461.2465448,3511,1.5193940561395944,1.4993114661366154,10
1785530461.2465641,3513,1.5141327429528517,1.4940573041398797,10
1785530461.2466047,3515,1.5141327737673054,1.4945640613440838,10
1785530461.246623,3516,1.5141022354491398,1.4893430578275666,10
1785530461.2466633,3518,1.5182583586248666,1.4934958884721983,10
1785530461.248854,3520,1.5166495854353905,1.4951027960762544,10
1785530461.2489622,3519,1.5166659063337924,1.4991360661939126,11
1785530461.2491145,3521,1.5080826397048477,1.4991026547270578,11
1785530461.2775497,3525,1.5085870012124607,1.499543930712961,11
1785530461.298995,3523,1.51000282348456,1.498304779288063,11
1785530461.2994173,3528,1.5099714426541502,1.5064973221429658,11
1785530461.299479,3529,1.5151154003645433,1.506455637777223,11
1785530461.2995036,3530,1.5156184720345967,1.5068950369382759,11
1785530461.299549,3532,1.513281547346584,1.5089397275892007,11
1785530461.2995903,3531,1.5132923828832048,1.5077078523047998,11
1785530461.314284,3538,1.510824788774265,1.5077120330612594,12
1785530461.3147905,3537,1.508628492534135,1.5055158662877228,12
1785530461.3169963,3539,1.5086333392158549,1.5044520949327538,12
1785530461.3588152,3544,1.5140599622341673,1.4990256555096395,12
1785530461.3638833,3545,1.5122930023711154,1.4990295803789602,12
1785530461.3654606,3548,1.5123275696633522,1.4950358908086383,12
1785530461.3654878,3546,1.5109994856209286,1.4950515587476714,12
1785530461.365555,3549,1.5106486391683929,1.4947008072016776,12
1785530461.3655987,3550,1.5027079890066342,1.49475644729488,12
1785530461.365616,3551,1.5027275603853856,1.4931639882349816,12
1785530461.3656528,3552,1.5027680523432336,1.4872471906527176,12
1785530461.3661497,3553,1.4952232594370545,1.487303677211524,12
1785530461.3661983,3554,1.494783934571176,1.4868646665088046,12
1785530461.3662739,3555,1.494787183766201,1.4848281743376497,12
1785530461.3688402,3557,1.4949630602700608,1.4848277917291848,12
1785530461.3887463,3559,1.489539524565182,1.490250468692119,12
1785530461.4155614,3564,1.4895431960565997,1.4883880608040898,12
1785530461.4158459,3565,1.490430478809712,1.4883861144503339,12
1785530461.4158704,3567,1.490432563412511,1.4866127231643802,12
1785530461.4159136,3566,1.488321946363316,1.4845019943598081,12
1785530461.4161975,3571,1.485656890924643,1.4871669717897067,12
1785530461.4237475,3573,1.484073852283313,1.485584089346954,12
1785530461.4278052,3575,1.4840406225522103,1.48945250143431,12
1785530461.4321382,3576,1.4840402186721484,1.4902522501488589,12
1785530461.4370046,3577,1.4867891441702057,1.49025334583194,12
1785530461.4697845,3578,1.4863494296353457,1.489813577986215,12
1785530461.469896,3579,1.4863357448513934,1.4943416963097915,12
1785530461.4699461,3581,1.4897765357276878,1.4943081602696209,12
1785530461.4699862,3584,1.4897601141478622,1.4969507585950863,12
1785530461.470006,3583,1.4944650747248411,1.4922458986715337,12
1785530461.470023,3587,1.494464245860924,1.4925987135972887,12
1785530461.471864,3588,1.4944631923666232,1.49277582057085,12
1785530461.4791017,3590,1.491822175725744,1.4901355461801808,12
1785530461.4821532,3592,1.4844542583995608,1.4975031139302462,12
1785530461.515009,3593,1.4875452924531407,1.4974771661550406,12
1785530461.515046,3594,1.4905530604766688,1.497476853803693,12
1785530461.5150676,3595,1.4917070619242194,1.4963229331250896,12
1785530461.5169032,3597,1.499364259358879,1.5039800376758001,12
1785530461.5169423,3598,1.5038781771559346,1.5039668428648443,12
1785530461.5169575,3599,1.5038767305172005,1.505736892546451,12
1785530461.516987,3600,1.5038102538992195,1.5150059330318235,12
1785530461.5173857,3601,1.4936967735636077,1.5150378078355389,12
1785530461.5197477,3602,1.4972256454665083,1.5185670220183354,12
1785530461.5241628,3603,1.4972159921287544,1.519717229780647,12
1785530461.529629,3605,1.4875188229176204,1.5197785430823754,12
1785530461.5449922,3607,1.4839642579779662,1.523333134925129,12
1785530461.5594547,3613,1.499835871128181,1.5232485879751136,12
1785530461.5602357,3614,1.4992257238891407,1.5226364798592238,12
1785530461.563345,3616,1.5010123415518035,1.5208494398539267,12
1785530461.5996747,3618,1.5054009658497736,1.5207938552117675,12
1785530461.5998216,3619,1.5097857314218712,1.5164093241636603,12
1785530461.606426,3620,1.5097773274588238,1.5178274461024006,12
1785530461.6064744,3625,1.5014304690335423,1.5179302932022514,12
1785530461.6065145,3626,1.5020429140670748,1.5185434871223888,12
1785530461.623494,3629,1.5062226464846091,1.518514487231244,12
1785530461.6425512,3633,1.4942061005876706,1.5064970646773557,12
1785530461.642602,3634,1.4981915251066296,1.5064637102719998,12
1785530461.642631,3635,1.4982009413057737,1.504520357769321,12
1785530461.642706,3636,1.498254271323649,1.4916961870753735,12
1785530461.6427274,3637,1.4993178539282301,1.4916935140918295,12
1785530461.6427448,3638,1.495616801719865,1.487992332876135,12
1785530461.6449583,3639,1.4956134087495216,1.4859563647911898,12
1785530461.6483881,3641,1.4957013807066013,1.485956223248468,12
1785530461.6762207,3644,1.495689545237331,1.4878095786202072,12
1785530461.6762617,3643,1.4896689457534293,1.493830244547132,12
1785530461.6763456,3645,1.495757474477,1.49991871950309,12
1785530461.67637,3646,1.4916033050876985,1.499937340640154,12
1785530461.6763847,3647,1.4916032753662758,1.4994966411544468,12
1785530461.6764016,3648,1.491596714521174,1.501623867181697,12
1785530461.679531,3649,1.4883280878075436,1.5016239662916246,12
1785530461.6825442,3650,1.49141298390441,1.504708793135158,12
1785530461.6845171,3652,1.494781262459126,1.5013406068927182,12
1785530461.6846066,3651,1.494786043185331,1.4995697439974705,12
1785530461.6903238,3653,1.4975257022743707,1.4995613391903855,12
1785530461.7209053,3655,1.5046061126346837,1.4924808989067635,12
1785530461.7209625,3657,1.503546868069431,1.4914216125696467,12
1785530461.7209835,3659,1.503543434826941,1.4923065496687562,12
1785530461.7210052,3661,1.5031889775396576,1.4923069660547303,12
1785530461.7214096,3662,1.5078693255074402,1.4969876345454975,12
1785530461.7322145,3663,1.5078690048744885,1.4981336606689708,12
1785530461.7484918,3664,1.5054794121874144,1.5005232201859757,12
1785530461.767376,3670,1.515292450225678,1.5005604945113398,12
1785530461.7674658,3669,1.518038030972486,1.5033057868467752,12
1785530461.7674658,3671,1.5180660278269495,1.508996415307519,12
1785530461.767559,3672,1.5180661860309104,1.5111049459796833,12
1785530461.7702856,3674,1.513721588223274,1.506760618652439,12
1785530461.7913334,3678,1.5077247522909885,1.5067572915181888,12
1785530461.8110976,3680,1.5077387220964271,1.5085296325552808,12
1785530461.8111496,3684,1.5077295874185987,1.5060612504501572,12
1785530461.811252,3685,1.5099348131259374,1.50606827555231,12
1785530461.8112867,3686,1.5096697237792827,1.505803116652938,12
1785530461.8113477,3688,1.5109863014395781,1.5044834662873119,12
1785530461.814438,3692,1.5109548910032773,1.4986285063864744,12
1785530461.8252141,3693,1.5099788140467396,1.497652375602107,12
1785530461.82717,3691,1.5083059368461336,1.4993251778120733,12
1785530461.8572779,3696,1.5082952107341623,1.4971216338942042,12
1785530461.857731,3697,1.5107724671929805,1.4971241812274454,12
1785530461.8577573,3698,1.5081994344547478,1.4945511748372533,12
1785530461.859665,3699,1.5081952553295703,1.4938459620763456,12
1785530461.8598144,3701,1.5071367563077895,1.4938391383346241,12
1785530461.8598642,3703,1.5043187525484816,1.4966571179848716,12
1785530461.862811,3705,1.506891437564752,1.499229856113277,12
1785530461.8665206,3707,1.5068826067345165,1.494003031006333,12
1785530461.8962688,3708,1.5068925487459701,1.4976186075626061,12
1785530461.8963578,3710,1.5105191905122306,1.50124516005926,12
1785530461.8969183,3711,1.5105120298392372,1.5063536329703366,12
1785530461.8969183,3712,1.5060882165256722,1.5107774578878377,12
1785530461.896963,3713,1.508128423876297,1.510780934500341,12
1785530461.9041662,3714,1.515174162693778,1.5107428003948002,12
1785530461.9041996,3715,1.5139334095295143,1.511983569203433,12
1785530461.906233,3719,1.5139411257697901,1.5152691106489342,12
1785530461.940849,3720,1.5139374710843512,1.5157969938089157,12
1785530461.9408789,3721,1.5112118893927775,1.5158121536448212,12
1785530461.940897,3722,1.5056483148500683,1.5102483978717844,12
1785530461.9427075,3724,1.5133446474651628,1.5025521841375882,12
1785530461.9427676,3725,1.5035252589936563,1.5025488220513215,12
1785530461.942833,3726,1.4905430145207768,1.5025609958379367,12
1785530461.9428816,3727,1.4929289537256378,1.5001751087173656,12
1785530461.9431965,3729,1.4929289538558606,1.5001751085840573,12
1785530461.9449127,3730,1.490365508396474,1.500182734836858,12
1785530461.948822,3731,1.4903865949315462,1.4930463635988513,12
1785530461.9533074,3732,1.4903839382531199,1.4949970389419818,12
1785530461.9568932,3733,1.4961386819806934,1.4949833703595043,12
1785530461.991426,3734,1.4988636295359423,1.49770814568151,12
1785530461.9933937,3738,1.5066478158322036,1.4976476656946978,12
1785530461.9934227,3739,1.51119290676394,1.4931031769370295,12
1785530461.9934673,3740,1.5111928028277377,1.4932803112395456,12
1785530462.003959,3745,1.5102168804897538,1.4932915062975094,12
1785530462.0042617,3748,1.5101284336942498,1.4933798926206991,12
1785530462.0044124,3747,1.5101462867867752,1.4887118989207249,12
1785530462.013894,3749,1.5222981956290336,1.488727579590747,12
1785530462.0393822,3750,1.5245164617523144,1.4887049493754305,12
1785530462.0396416,3751,1.5245164798381812,1.4887049491923097,12
1785530462.0396655,3752,1.5245174617367172,1.4884376384703994,12
1785530462.0397043,3756,1.5245001711486412,1.482476747702352,12
1785530462.039743,3757,1.517209923634561,1.4825245167581456,12
1785530462.0438712,3759,1.5172045366922589,1.4818214563702583,12
1785530462.0711415,3763,1.516939391598472,1.4820866024281598,12
1785530462.071373,3761,1.509999038596149,1.4820506624508412,12
1785530462.132703,3773,1.5107018860701247,1.482052772753969,12
1785530462.1567874,3771,1.5053587907041672,1.487440986874608,9
1785530462.1568222,3777,1.5006500683031916,1.4827239308379683,10
1785530462.1568222,3778,1.493363868073509,1.4827672888420615,11
1785530462.1568837,3780,1.4933244019708183,1.4945033263751633,11
1785530462.1570199,3782,1.4921857392710198,1.4932022041490958,11
1785530462.157061,3783,1.4922175429322406,1.4853082624238925,11
1785530462.157133,3789,1.494411471128389,1.4878160649425254,11
1785530462.1571817,3790,1.49432352098892,1.4878163958992507,11
1785530462.157202,3792,1.4942707795685557,1.4670792115356481,11
1785530462.1597857,3794,1.499034197650207,1.4725242214060874,11
1785530462.200471,3795,1.4990272477208884,1.4715137145158532,11
1785530462.2006016,3802,1.5074308899427908,1.4715268048918286,11
1785530462.2006588,3803,1.5074197588306673,1.473420078225282,12
1785530462.200677,3804,1.507502642642766,1.4821496021326357,12
1785530462.2007165,3806,1.5043189417753657,1.4789655402049424,12
1785530462.2090805,3808,1.4970755585327569,1.4862096525676827,12
1785530462.2109127,3807,1.4970570909343197,1.4832013868292335,12
1785530462.215322,3812,1.4970493111026024,1.485585585996533,12
1785530462.2156975,3811,1.4897302951475033,1.492904791523625,12
1785530462.2451518,3813,1.4940984523574763,1.4977753663070792,10
1785530462.2456787,3815,1.4941056935245665,1.4891303568509362,10
1785530462.2457078,3816,1.4941139983865797,1.4911672970414653,10
1785530462.2458093,3817,1.4995233434839432,1.4911624797902108,11
1785530462.2458093,3818,1.5045620293415694,1.4955666369986007,11
1785530462.245893,3819,1.5045573561364505,1.4973317550884608,11
1785530462.2558854,3821,1.5103116019301697,1.4973257334231036,11
1785530462.263805,3822,1.506808657574016,1.4973413480457252,12
1785530462.2652662,3823,1.5096399894089898,1.4945100606600088,12
1785530462.278801,3828,1.5096398295880558,1.4944219542800836,12
1785530462.3185441,3829,1.5067176606122539,1.4944313684678945,12
1785530462.3185942,3830,1.5089273448142246,1.4966410222770854,12
1785530462.31862,3831,1.5089240042662009,1.5018403395014588,12
1785530462.31862,3832,1.5145909608133588,1.4961736585670755,12
1785530462.3186657,3836,1.5145939189118318,1.4952854852091013,12
1785530462.318703,3835,1.513796775303785,1.4960825765291788,12
1785530462.3187213,3837,1.5131793008802563,1.495465142644965,12
1785530462.3187568,3839,1.5131786152501991,1.5060292488811957,12
1785530462.3187726,3840,1.5131750872251732,1.5084932202511665,12
1785530462.3188045,3841,1.5089444589430756,1.5085033851728062,12
1785530462.3208787,3842,1.5008848190260735,1.5004437738207306,12
1785530462.3339388,3845,1.4946966780072575,1.5004420959206046,12
1785530462.3607836,3843,1.494690956026895,1.5043380452032744,12
1785530462.3659358,3844,1.4849556468632006,1.5140733000810593,12
1785530462.3670635,3850,1.4815810326412417,1.5140981449404907,12
1785530462.367106,3853,1.489234449168773,1.5141075480150068,12
1785530462.3671415,3854,1.4936319840593626,1.5185051748928255,12
1785530462.3671415,3855,1.4937117701318894,1.5081415485855025,12
1785530462.3671415,3856,1.4999970862003609,1.5018561755772095,12
1785530462.3726616,3857,1.4992895576611318,1.501857432327768,12
1785530462.4106214,3858,1.499642889670944,1.5018575161579584,12
1785530462.4107287,3864,1.4996471962353657,1.4992932703038047,12
1785530462.4107857,3865,1.4942542263246559,1.4992886649750417,12
1785530462.410811,3866,1.4929274169336857,1.4979618758240296,12
1785530462.4147475,3867,1.4929142867739684,1.5067328820480685,12
1785530462.4147475,3868,1.4980519542991428,1.5015952610921004,12
1785530462.4154456,3869,1.5007050407286713,1.501590076363022,12
1785530462.415522,3872,1.5007057502136918,1.5045959908947908,12
1785530462.4162376,3871,1.5077789220222186,1.4975228591550132,12
1785530462.421776,3873,1.5068069230788446,1.496550873384572,12
1785530462.4557035,3874,1.4998323095224917,1.4965532921011173,12
1785530462.4560874,3875,1.4998318552970127,1.4969068262027958,12
1785530462.4561515,3876,1.4998273233044888,1.4986746919344942,12
1785530462.456276,3877,1.4946985280048668,1.4986815220153253,12
1785530462.4563034,3878,1.4977878338028372,1.5017708231815994,12
1785530462.456323,3880,1.4919461789439816,1.507612481423876,12
1785530462.4563408,3879,1.4919520315246642,1.505839982126007,12
1785530462.4564018,3881,1.4889409344768676,1.5058533980603814,12
1785530462.4564354,3884,1.4889411073961154,1.504796668893947,12
1785530462.456761,3883,1.4859294613985907,1.5078081914678805,12
1785530462.4624155,3885,1.47569768891963,1.4975776763768747,12
1785530462.46379,3886,1.4879741965509117,1.4975018026657456,12
1785530462.4668937,3887,1.487973492549562,1.4952129685548883,12
1785530462.5294917,3888,1.4879642334301286,1.4926394658620963,12
1785530462.5405455,3889,1.4995714230298893,1.4926645278306674,12
1785530462.5439095,3890,1.4921606560030378,1.4852534637337713,12
1785530462.5453506,3892,1.4933117861865166,1.4841022135030117,12
1785530462.545397,3891,1.4932672097825233,1.4765719916075941,12
1785530462.5454314,3894,1.4967409669373883,1.4765779517033393,12
1785530462.5455122,3893,1.5016516199516656,1.476578331051888,12
1785530462.5456476,3898,1.4954256127147134,1.4765806336758602,12
1785530462.545787,3899,1.4954511608837442,1.4739327266298554,12
1785530462.5458376,3900,1.495466979216799,1.476588588696611,12
1785530462.5459378,3901,1.4957341901509231,1.4765890023193218,12
1785530462.5460587,3902,1.5015512019943043,1.482406083215189,12
1785530462.5461178,3903,1.5015568091552625,1.489296880123165,12
1785530462.548734,3907,1.5001354573966532,1.4907184563252474,12
1785530462.5797718,3913,1.4905600354637305,1.4907371166426537,12
1785530462.5918753,3914,1.4905600009784261,1.4907371167369563,12
1785530462.591935,3919,1.4910913459445614,1.4902057706598848,12
1785530462.5920217,3920,1.4910916381189203,1.4901176426339002,12
1785530462.5994775,3924,1.4910867050215146,1.4877240614568188,12
1785530462.5996485,3925,1.4901992163532403,1.4877221984209446,12
1785530462.6555305,3929,1.489583032152379,1.4877248805558836,12
1785530462.6556938,3927,1.4895662773736111,1.4838222243632508,12
1785530462.6557302,3934,1.4965989041340944,1.483815810381847,12
1785530462.6557949,3935,1.4965933954811133,1.4889365529461969,12
1785530462.6558175,3939,1.4966185433549404,1.4926532628311266,12
1785530462.6596832,3943,1.5003193351408814,1.4889524053217211,12
1785530462.6815946,3947,1.5118726640654636,1.5017433727336964,11
1785530462.7132416,3952,1.515572342933864,1.498044484220457,11
1785530462.7133777,3953,1.5165017782633128,1.4981859258989787,11
1785530462.713419,3956,1.5165017973898245,1.4981859337678158,11
1785530462.713466,3955,1.5096332506517978,1.505054050780492,11
1785530462.7222188,3959,1.510334138829109,1.5097184351039652,11
1785530462.7315462,3968,1.5100676649429579,1.5079560246809867,11
1785530462.7425766,3967,1.5102444241332669,1.5077791925575654,11
1785530462.783045,3971,1.5079994951648514,1.4971186048449558,10
1785530462.7831929,3976,1.5063457609333242,1.4984956395512483,10
1785530462.7832496,3977,1.5035679474586385,1.498090626853508,10
1785530462.7919443,3979,1.5086380438668887,1.4880426874337214,9
1785530462.7993631,3980,1.5082589230751582,1.487088671635802,9
1785530462.8144383,3987,1.5210517595308874,1.4899924353303866,7
1785530462.8144383,3988,1.5143828308762108,1.4944138712934298,7
1785530462.8325467,3992,1.5120319469459478,1.4896555393035227,7
1785530462.8338566,3991,1.502974088331291,1.4956691474165036,7
1785530462.8338969,3993,1.5077266098915598,1.4997371106797792,8
1785530462.83393,3995,1.5107301257938728,1.514756494464333,8
1785530462.842769,3996,1.5095798879985356,1.5088733298068504,9
1785530462.8428185,3997,1.512044287016611,1.5092231153338407,10
1785530462.8428452,3998,1.5087001075780524,1.506294163911346,11
1785530462.8442476,3999,1.5087000731097127,1.5052365772384875,11
1785530462.8493478,4001,1.5028338664250855,1.505217835602291,11
1785530462.8562763,4003,1.493752284959108,1.508486189599648,10
1785530462.8689497,4005,1.4921025923087445,1.5072489662924775,10
1785530462.9120657,4007,1.4921083712573393,1.4988743089749172,10
1785530462.912151,4008,1.4920818245210516,1.5036596885268172,10
1785530462.912235,4009,1.4817233411220647,1.5036592933160378,10
1785530462.9122596,4010,1.4831348473996324,1.5047171905043275,10
1785530462.9123108,4011,1.4831437096968167,1.5022284969669188,10
1785530462.912368,4013,1.486328180923,1.5022140826243113,10
1785530462.9123988,4015,1.4923406493908407,1.4977044039208753,10
1785530462.912453,4017,1.4916337694858703,1.4971743105591877,10
1785530462.9124982,4019,1.4916323531564368,1.4984082853877931,10
1785530462.9125173,4020,1.4916264763676752,1.4955719902385736,10
1785530462.9199712,4022,1.5008283479009903,1.5024757187729803,10
1785530462.9301386,4024,1.5038893347704025,1.5001807902325393,10
1785530462.9302027,4023,1.503888202876884,1.4994745984755107,10
1785530462.9428,4028,1.503930996002656,1.5077938706814389,10
1785530462.9737554,4029,1.5130418543978772,1.5146363992333194,10
1785530462.9752889,4027,1.5091685763148543,1.5175379310065897,10
1785530462.97532,4031,1.509106965690521,1.5116862998398566,10
1785530462.975342,4033,1.5201420059886468,1.5116530451555994,10
1785530462.9753938,4034,1.5049495264364523,1.500261817191399,10
1785530462.9870365,4038,1.5044445662522612,1.500262713613625,11
1785530462.9877596,4039,1.504242567225629,1.500439452407725,11
1785530462.9894464,4040,1.5042745746142825,1.4915882401588383,11
1785530463.009655,4045,1.498606447155787,1.491605990488262,11
1785530463.0222747,4049,1.5023305066763137,1.4916011101258173,11
1785530463.0223527,4047,1.5023254913780715,1.4899230146373803,11
1785530463.0289726,4053,1.49284886724239,1.481619899221536,11
1785530463.0291321,4054,1.489866705555497,1.4816322105191493,12
1785530463.0291646,4055,1.4898808337915859,1.4799584057272952,12
1785530463.0326753,4056,1.4898947292800513,1.4876740868014076,12
1785530463.0518904,4057,1.489362233541408,1.4876749650027066,12
1785530463.0585036,4058,1.490417927960056,1.488730683939175,12
1785530463.0610063,4059,1.490409646709485,1.4925434597965925,12
1785530463.0610511,4061,1.4874999826779205,1.4925729689911698,12
1785530463.061131,4063,1.4881228396537092,1.4919499943362067,12
1785530463.062116,4065,1.4888251099369234,1.4926521884586386,12
1785530463.067803,4066,1.4919112470725842,1.4926226234150144,12
1785530463.067863,4067,1.4918645281184983,1.5012613174178948,12
1785530463.1017303,4069,1.495575259531712,1.5012559444467661,12
1785530463.108399,4070,1.4991840921770692,1.5048647150354986,12
1785530463.1100683,4073,1.5015745035797046,1.5048560287345831,12
1785530463.1107664,4077,1.5009579120987644,1.5042394057648747,12
1785530463.1110632,4078,1.5033477557543842,1.5042339572137828,12
1785530463.1112862,4079,1.503370792372449,1.4975089997449944,12
1785530463.117308,4080,1.5033785200575502,1.4879735625717614,12
1785530463.139999,4082,1.5141801355599664,1.4976445618859606,11
1785530463.2368977,4083,1.5164530833667316,1.4967727703538032,9
1785530463.2778904,4084,1.5177297839750765,1.4954945746141857,9
1785530463.278644,4085,1.5219660439046339,1.4948076457406674,9
1785530463.278723,4087,1.5207109769300708,1.4960645468285874,10
1785530463.2791722,4089,1.527878278540412,1.5032469021158859,10
1785530463.279273,4090,1.5218121676170384,1.503205984298309,10
1785530463.2793028,4091,1.521815741682806,1.5083037190254638,10
1785530463.2793527,4092,1.5218078915123932,1.5105143686953988,10
1785530463.2794034,4093,1.516578576632594,1.5105456185697532,10
1785530463.2794263,4094,1.5025190064554121,1.4964689867207448,10
1785530463.279467,4096,1.4934513191894352,1.5055356824999688,10
1785530463.279506,4095,1.4934364640410893,1.5159566833515603,10
1785530463.2795293,4097,1.4954643632475992,1.515955311032863,10
1785530463.2795684,4098,1.495849461445715,1.5159562783842575,11
1785530463.2796052,4099,1.4933776108699144,1.5187805678379291,11
1785530463.2796237,4104,1.4933667914242885,1.5210065274761317,11
1785530463.279663,4105,1.4947710166569983,1.5210104609768895,11
1785530463.2796838,4106,1.4968045326915036,1.5233337905110387,11
1785530463.2797256,4108,1.5044053349579354,1.5146456313928827,11
1785530463.279747,4112,1.5044002914931354,1.5131635986964391,12
1785530463.2797887,4111,1.5086491008892233,1.5089146740761514,12
1785530463.2798285,4113,1.5020296309505479,1.502295179767441,12
1785530463.2798471,4114,1.5078677345932947,1.5023020146163168,12
1785530463.2798653,4115,1.5078670090833866,1.5015930601403924,12
1785530463.2799058,4117,1.507867009083372,1.5015930600910097,12
1785530463.279945,4118,1.503888454627489,1.4976145512303607,12
1785530463.2799625,4119,1.503889291243974,1.4993800224503036,12
1785530463.2799964,4121,1.498940576341482,1.4993833730194086,12
1785530463.280012,4124,1.4989406479565763,1.498941587389373,12
1785530463.2800486,4123,1.4999159194411011,1.4979672502764116,12
1785530463.2800655,4125,1.503532159497508,1.5015834780525137,12
1785530463.2800956,4127,1.5035362231185083,1.5082204425707437,12
1785530463.2801104,4128,1.5035412795332121,1.5033648179280075,12
1785530463.2803493,4130,1.5048693631610617,1.5046928866898575,12
1785530463.2823243,4132,1.5064576545839479,1.5031046119237002,12
1785530463.287586,4131,1.50643019802575,1.4949904680789556,12
1785530463.2939138,4133,1.509518680646754,1.495013814324211,12
1785530463.3004131,4134,1.5090760915183783,1.4950152121198275,12
1785530463.3004954,4135,1.504593514788169,1.4994952446130554,12
1785530463.303439,4138,1.5026491388923946,1.4994827831277664,12
1785530463.3070242,4139,1.502631940611688,1.4921400565264924,12
1785530463.3271039,4142,1.502897104370918,1.4924051790409523,12
1785530463.3428636,4144,1.5032513178576805,1.4920522891241546,12
1785530463.3551457,4143,1.5032577990784577,1.4936424606094572,12
1785530463.3551784,4145,1.4970837653589675,1.4936362914324692,12
1785530463.3552244,4148,1.497080787207011,1.4984046146093508,12
1785530463.3552635,4147,1.498051599934209,1.4974338131310663,12
1785530463.3552806,4149,1.4956615423224016,1.4950437477408478,12
1785530463.3557394,4150,1.4994559305336668,1.4950487392972498,12
1785530463.3557644,4151,1.4994567787813515,1.4956673447008135,12
1785530463.3558195,4152,1.4994498618349386,1.4942528675515274,12
1785530463.355856,4153,1.4981215026690764,1.4942474446055656,12
1785530463.360642,4154,1.5038890621777201,1.5000150378029635,12
1785530463.3626924,4156,1.508203336942817,1.4957009835575261,12
1785530463.3672574,4155,1.508216961117676,1.498874179577673,12
1785530463.404991,4157,1.5107793255700501,1.4988906708510126,12
1785530463.4052396,4159,1.5133332172111087,1.4963369332050598,12
1785530463.4052794,4164,1.5133499801414225,1.5017044817181808,12
1785530463.4053168,4165,1.5202406925011973,1.5016709163637634,12
1785530463.4053342,4166,1.5205942683861506,1.5020244430458278,12
1785530463.4053643,4168,1.5167031202617585,1.5059148656456742,12
1785530463.4053953,4167,1.5166978067793777,1.5076727268545085,12
1785530463.4136634,4172,1.5167043411143637,1.5003849204598156,12
1785530463.41443,4170,1.5074245022297987,1.5004395315658792,12
1785530463.427393,4171,1.5012352802989901,1.5066287395863713,12
1785530463.4555404,4175,1.5012814538465427,1.5159135999266877,12
1785530463.4556084,4176,1.5012795774868222,1.5162670881834708,12
1785530463.4556537,4177,1.494336006021682,1.5162354055952536,12
1785530463.455692,4178,1.490693829030593,1.5125932173737682,12
1785530463.455731,4179,1.490683874866752,1.5082487607861927,12
1785530463.4557686,4181,1.4852773665131243,1.5082401383044322,12
1785530463.4561243,4183,1.4897641813833515,1.503753386183336,12
1785530463.4629104,4185,1.4830154794424801,1.4970049088415638,12
1785530463.4838939,4187,1.4830068087237818,1.4898861435822437,12
1785530463.4933794,4188,1.4829395810310353,1.481708305940396,12
1785530463.4934487,4190,1.4796534621064537,1.4784219400442589,12
1785530463.493498,4193,1.4878136763982233,1.4784279088335306,12
1785530463.49932,4192,1.4894806583315823,1.476761197359902,12
1785530463.5041182,4197,1.4958038932461313,1.483084968856993,12
1785530463.5063705,4199,1.4958030068715025,1.4823792221181615,12
1785530463.526842,4200,1.4959089076142558,1.4933551688536628,12
1785530463.5423067,4202,1.4971510342596477,1.4945974634580301,12
1785530463.5423589,4204,1.4917798117916898,1.49996868041411,12
1785530463.542382,4203,1.4917816670616335,1.5005005350963676,12
1785530463.544768,4207,1.4855288080013096,1.5067531604168498,12
1785530463.572247,4213,1.4789924989227976,1.506776194299518,11
1785530463.5896707,4214,1.4799028422934999,1.5075721899059669,11
1785530463.5904,4216,1.4825290390094779,1.5052761534532435,11
1785530463.5904565,4215,1.4825297634396384,1.5039426649239278,11
1785530463.590511,4219,1.4887840963994792,1.498472302833687,11
1785530463.6213632,4225,1.510013835257475,1.501187991174309,9
1785530463.6380343,4226,1.5102496970448644,1.5013902450883112,9
1785530463.6381588,4230,1.508281186102034,1.5013990494398604,10
1785530463.6382234,4232,1.5083065333491983,1.4943986094907413,11
1785530463.6525836,4244,1.508298404981293,1.4958166084981337,11
1785530463.6648304,4242,1.5064782984897978,1.4958259510065344,11
1785530463.6859121,4247,1.5064743563932044,1.4967117416367939,11
1785530463.6898234,4250,1.5064743563893643,1.4967117493621356,11
1785530463.6921368,4256,1.5064693265041458,1.506101083894314,11
1785530463.703948,4257,1.5058973685550159,1.5063644103122615,10
1785530463.716594,4259,1.5058901687518105,1.5022020133878675,10
1785530463.7337205,4262,1.5021226476622058,1.495756789181226,9
1785530463.7337477,4268,1.5021520858869277,1.4885810060547282,9
1785530463.7452323,4266,1.5029780706901996,1.4885788624400935,9
1785530463.779932,4267,1.5028606247166054,1.4886797532053682,9
1785530463.7802002,4269,1.5090848557926915,1.4940213488235723,9
1785530463.7803001,4271,1.5090917605229413,1.4924016469244823,9
1785530463.7803419,4272,1.5090924348143682,1.4933456673946819,10
1785530463.7804034,4273,1.508856557481024,1.4933460313288633,10
1785530463.7804573,4274,1.5372960205137534,1.5146560813676457,10
1785530463.780659,4277,1.5299763883987956,1.5145870909912915,11
1785530463.7808273,4275,1.5299406187151359,1.5185244987052027,11
1785530463.7814505,4276,1.5343040269128518,1.5147119454864215,11
1785530463.7834349,4282,1.5313950586680056,1.5146934792781404,12
1785530463.8097298,4284,1.5314026422360079,1.5139063899925167,12
1785530463.827392,4288,1.5263399334516432,1.5189681344024146,12
1785530463.8289356,4287,1.5263942790207765,1.5130109252787567,12
1785530463.828958,4289,1.5209790617681176,1.5129879370312098,12
1785530463.829122,4292,1.5209792707039778,1.5122759320446602,12
1785530463.829199,4291,1.5194694817457532,1.5137855853100044,12
1785530463.8292425,4293,1.507064921879255,1.5013815838401312,12
1785530463.8292577,4294,1.5130778953466435,1.5013794970961027,12
1785530463.8292744,4295,1.5130742689484762,1.5047528031414323,12
1785530463.8321488,4296,1.513076077803152,1.5041368032502351,12
1785530463.8429127,4297,1.5063677621137155,1.5041600440619445,12
1785530463.8429818,4298,1.4871703374911114,1.4849625024171615,12
1785530463.8636067,4299,1.4871816576983086,1.4871816576404553,12
1785530463.8813283,4301,1.4989746737816754,1.4871793473145984,12
1785530463.8825562,4304,1.498982277785515,1.492127369351416,12
1785530463.8825839,4303,1.5053971824854087,1.4857123775614829,12
1785530463.8828971,4305,1.5181104187803245,1.4984248603472357,12
1785530463.8829212,4307,1.5181032590308796,1.4968247836252424,12
1785530463.883009,4308,1.518107022601023,1.4974396951457163,12
1785530463.8830624,4309,1.5183724281336777,1.4974381132105936,12
1785530463.8830786,4310,1.5184608146953387,1.4975278124722804,12
1785530463.8899248,4312,1.5136237593527397,1.5023653382406092,12
1785530463.8903112,4311,1.5136042948084911,1.498758119621237,12
1785530463.8903112,4313,1.5136042949261277,1.498757982710958,12
1785530463.9149008,4316,1.5135852576906104,1.494318659534194,12
1785530463.9274893,4315,1.502940288900446,1.5049632864281057,12
1785530463.9294553,4317,1.490774173564107,1.4927976721891758,12
1785530463.9314961,4319,1.4907822133047495,1.4954408434002469,12
1785530463.9315853,4321,1.4933494259461466,1.495460871520978,12
1785530463.931622,4322,1.497434505876554,1.4995458745393433,12
1785530463.9316547,4324,1.5081670032652768,1.4888134660801597,12
1785530463.9316883,4323,1.5082027228994497,1.4941021566412183,12
1785530463.9318194,4325,1.5012337688453614,1.494078734006747,12
1785530463.9750443,4326,1.5061047063751951,1.4940718907216957,12
1785530463.9751205,4327,1.5078742214217065,1.49230238193483,12
1785530463.975142,4332,1.5078706168661353,1.4906274081919173,12
1785530463.9751751,4333,1.5058313488149786,1.4906322170114945,12
1785530463.9752095,4335,1.5058321798930292,1.4908968690039905,12
1785530463.9752269,4334,1.5089263236362904,1.493990974981448,12
1785530463.9832926,4339,1.511312419302927,1.4916049196520642,12
1785530463.9896986,4340,1.5113201942490062,1.4892981674216357,12
1785530464.0263991,4344,1.5113255514561827,1.491763673554936,12
1785530464.027093,4345,1.5138959114577075,1.4917481848614194,12
1785530464.027224,4347,1.5138946730358251,1.4904285323229116,12
1785530464.027224,4348,1.512743519440764,1.4915796444572746,12
1785530464.0272672,4349,1.51468262954448,1.491585640515526,12
1785530464.0273154,4352,1.5146707392168255,1.4975364482811286,12
1785530464.0273333,4350,1.5087438039013503,1.4975491144014872,12
1785530464.0273504,4351,1.50495345108997,1.5013393639447863,12
1785530464.0274034,4355,1.5049470678521768,1.4985063041516629,12
1785530464.0327141,4356,1.4971711266181291,1.5002690773356855,11
1785530464.0529187,4358,1.492835431011368,1.4964757186879336,11
1785530464.0530865,4359,1.4928330002379067,1.4981590821556399,11
1785530464.0531385,4360,1.4878699965299844,1.5025030769729322,11
1785530464.0531385,4361,1.4887801097470603,1.5024975916268608,11
1785530464.0534754,4362,1.4851456454070273,1.5024914239511826,11
1785530464.0586393,4363,1.4927321414158703,1.4958516212058421,11
1785530464.07376,4367,1.4927276074582487,1.4981441345974742,11
1785530464.0982518,4368,1.4927111181462434,1.4919419740670181,11
1785530464.099763,4369,1.4886627319248642,1.4919223968451734,11
1785530464.099808,4370,1.4872461422384744,1.4906814848797658,11
1785530464.0999162,4371,1.4872082527281134,1.485976944665306,11
1785530464.0999472,4376,1.4872083173136772,1.4882650667972435,11
1785530464.1000068,4374,1.4914628331163164,1.4882965784406244,11
1785530464.1000378,4375,1.4895528680813022,1.4899687270988606,11
1785530464.106325,4377,1.5006039584416626,1.499648979077497,11
1785530464.106325,4378,1.5014124989712194,1.499653354990598,12
1785530464.1078153,4379,1.501395775570196,1.4935516766511605,12
1785530464.1218326,4381,1.5064447174480426,1.4935552754524417,12
1785530464.1219528,4382,1.5013121593416643,1.4884225970151423,12
1785530464.1233757,4383,1.5013255711549132,1.4918682835765542,12
1785530464.1233757,4384,1.4993811032118898,1.4938127846650895,12
1785530464.1338952,4388,1.4994139671517284,1.4864779048629455,12
1785530464.219013,4386,1.4925775744262315,1.4864776629978422,12
1785530464.2215316,4387,1.4950528133630718,1.484002275695379,12
1785530464.2595763,4391,1.493732086552653,1.4876216957776525,11
1785530464.2596264,4392,1.4937490299342717,1.4949732483194638,11
1785530464.2596655,4394,1.5003017870656217,1.5007066263904312,11
1785530464.259684,4396,1.5103099564816203,1.491945100006968,11
1785530464.2597196,4397,1.5075295837679688,1.4919411787363457,12
1785530464.2597384,4398,1.5160378608403822,1.491878544339911,12
1785530464.2597766,4399,1.5085771144118745,1.4993391633151882,12
1785530464.2597954,4404,1.5085925659131028,1.4910546568312246,12
1785530464.2598307,4405,1.505578406747066,1.4910665381858943,12
1785530464.2598493,4406,1.5056667916050293,1.4911549282221697,12
1785530464.259881,4408,1.4970834871857472,1.4997380897511083,12
1785530464.2599132,4407,1.497084277555879,1.498145565630623,12
1785530464.26,4412,1.4970930363988693,1.50538635597326,12
1785530464.2600749,4411,1.498504657752902,1.5039747508451962,12
1785530464.2601843,4413,1.4984162742155935,1.503886357467846,12
1785530464.2602146,4414,1.5068238586907288,1.503920624857194,12
1785530464.2603025,4415,1.5068407635082848,1.506401138134145,12
1785530464.260349,4416,1.5068467144640472,1.5087822358311773,12
1785530464.2604003,4417,1.5078161267263006,1.5087842460219587,12
1785530464.2604337,4418,1.5069284538950596,1.507896550622225,12
1785530464.2605107,4419,1.5069296531698044,1.5087783698972446,12
1785530464.2605371,4424,1.506912655089193,1.50594339542066,12
1785530464.2605808,4422,1.504795556130023,1.5059402344286286,12
1785530464.260607,4423,1.50321057579119,1.5075251996711323,12
1785530464.2769642,4427,1.5032416948888676,1.5115955457107495,12
1785530464.3064263,4432,1.509045309838793,1.5057919655245726,12
1785530464.3073869,4431,1.5090109676619845,1.4993590860026613,12
1785530464.307563,4433,1.5071551499566382,1.499340752800348,12
1785530464.3076596,4436,1.5071319901265317,1.4946450333111736,12
1785530464.3077145,4434,1.5099654587742812,1.4946500829544647,12
1785530464.3077369,4435,1.5155105721968967,1.4891051974204055,12
1785530464.3078375,4437,1.5094748121450265,1.4830691646699783,12
1785530464.3078375,4438,1.4966434019235106,1.4830295931789208,12
1785530464.3078923,4439,1.496676290926987,1.4785265185341399,12
1785530464.3130565,4440,1.496684992610086,1.4802963257582487,12
1785530464.3184226,4441,1.4969518824362886,1.4802966235928645,12
1785530464.3193872,4442,1.4982745629637044,1.481618845854642,12
1785530464.335577,4443,1.4982811671074618,1.483741459355638,12
1785530464.3592813,4447,1.4970400460669198,1.4849826984812609,12
1785530464.3598237,4449,1.499066774117346,1.487009579139465,12
1785530464.363127,4451,1.4990714602456412,1.4863910446683366,12
1785530464.3632405,4452,1.4990724161609168,1.4893971882249526,12
1785530464.3634913,4453,1.5026203740465875,1.4893792157956414,12
1785530464.3635318,4454,1.498137094022466,1.4848955852666121,12
1785530464.3636174,4455,1.4981185768101313,1.4917939173886237,12
1785530464.3698514,4457,1.5018207073324974,1.4917681095529105,12
1785530464.3989823,4459,1.5011092019769134,1.4924797820165117,12
1785530464.3990743,4460,1.5011080655595899,1.4929219206367348,12
1785530464.3991287,4464,1.501112358002658,1.490713055306434,12
1785530464.399154,4465,1.492423576986445,1.4907395808093278,12
1785530464.4032986,4467,1.4924092315558453,1.484713910772604,12
1785530464.4096494,4469,1.4934644561761083,1.4847108441862396,12
1785530464.4253285,4471,1.4966474174829805,1.481527606590906,12
1785530464.4459188,4473,1.4939968725055601,1.4788767339288764,12
1785530464.4462898,4475,1.4939611850493513,1.485933878497579,12
1785530464.446322,4476,1.4938657660337447,1.4762794256548506,12
1785530464.4463983,4478,1.4920889930379369,1.4745020639697393,12
1785530464.4464183,4480,1.4860220306018825,1.4805697114442962,12
1785530464.4464588,4479,1.4860495510073932,1.4831452069765116,12
1785530464.449506,4481,1.4804245430844103,1.4831580042290147,12
1785530464.4857562,4484,1.4804219958295979,1.4835970552795912,12
1785530464.4857845,4483,1.4715181149415333,1.4925007919462026,12
1785530464.4858007,4485,1.4763039822157582,1.4972857395750008,12
1785530464.4858403,4486,1.478865099759087,1.4972744549453467,12
1785530464.4858541,4487,1.4788764836208717,1.486567702450189,12
1785530464.4861214,4489,1.4785213317897499,1.4865652355213266,12
1785530464.4891732,4490,1.4753394630488053,1.4833836932179874,12
1785530464.5190012,4494,1.4755172284674642,1.4833851299480465,12
1785530464.5277348,4496,1.4755015489904095,1.4868038985633958,12
1785530464.5282676,4501,1.4794967314316878,1.486835160025113,12
1785530464.5420582,4506,1.4768333007212322,1.4868154905639912,12
1785530464.5727324,4513,1.482160080020676,1.4868501538274268,12
1785530464.5746694,4514,1.4929314998361383,1.497621226425037,12
1785530464.6113935,4525,1.482139234168295,1.4975689159852983,12
1785530464.6115465,4488,1.482134137975866,1.508949402531356,12
1785530464.6115758,4526,1.4772784274869346,1.5040943073559168,12
1785530464.6224895,4532,1.4772825161941576,1.500410430181429,12
1785530464.6264646,4533,1.4777233905688283,1.5008512070480693,12
1785530464.6323993,4536,1.4777099826557878,1.4889201446895595,12
1785530464.6385605,4538,1.4812505901405841,1.492460334294278,12
1785530464.642665,4540,1.4852226668691653,1.488488524301769,12
1785530464.6543484,4539,1.4879429988732187,1.4867951699986832,11
1785530464.6710122,4541,1.4915487929224105,1.4867953073223488,12
1785530464.6725564,4543,1.4934853983978162,1.4848586692177124,12
1785530464.6725779,4545,1.487007127183823,1.4783798085617195,12
1785530464.6726136,4547,1.4870031711785916,1.4797878055234255,12
1785530464.6726513,4548,1.4870919085266292,1.4923046952715622,12
1785530464.6790211,4550,1.4911595421926165,1.4963722146360836,12
1785530464.6841962,4551,1.491161352497674,1.4996521787551669,12
1785530464.6841962,4552,1.4896577556820858,1.5011557309399595,12
1785530464.7163472,4556,1.4893914240105166,1.5030064046703382,11
1785530464.7174718,4555,1.4957574458835234,1.4974361194180017,11
1785530464.7175171,4557,1.5038418880041635,1.5045096575765244,11
1785530464.7180023,4558,1.5008816236838751,1.5045073686609776,12
1785530464.718038,4559,1.5008808751344822,1.5030927383000847,12
1785530464.7196615,4562,1.4929336677299365,1.4951455528040192,12
1785530464.7276993,4563,1.492933093002929,1.4977148217206175,12
1785530464.7276993,4564,1.4955896137791844,1.4950583270835538,12
1785530464.7331903,4568,1.495580648567141,1.5007951019044046,12
1785530464.7342436,4566,1.4961992045911239,1.5007959411677367,12
1785530464.740161,4567,1.4928400544185736,1.5041550645805626,12
1785530464.7453365,4571,1.4928466193423096,1.5070649130672997,12
1785530464.7872245,4572,1.492847962969718,1.5038753725905247,12
1785530464.7879786,4573,1.493730712570628,1.5038789061008373,12
1785530464.7880049,4574,1.494704572733748,1.5048527592879253,12
1785530464.7880747,4575,1.4946938372406517,1.4991859745432816,12
1785530464.788135,4577,1.4951356612243132,1.4991851228473594,12
1785530464.788188,4579,1.496985045850749,1.4973373625361723,12
1785530464.7882113,4581,1.492549545065747,1.492901817705187,12
1785530464.8260386,4586,1.4913075532834856,1.4916598282146458,12
1785530464.8491492,4584,1.4913178451844593,1.493432709568034,12
1785530464.8491936,4583,1.4913174560057554,1.4936089902959455,12
1785530464.8544178,4593,1.4952192142712277,1.4975101663633665,12
1785530464.8544724,4596,1.4952138495669323,1.4962707947002585,12
1785530464.854535,4597,1.4995502727233154,1.4962867459063263,12
1785530464.854554,4598,1.5038903826263679,1.5006268359997392,12
1785530464.854592,4599,1.5038833927622641,1.498066924578948,12
1785530464.8746836,4602,1.5035296109140894,1.4980673594110914,12
1785530464.9046042,4603,1.5046751347358582,1.4969207534044051,12
1785530464.9046328,4604,1.504673348749245,1.4958584340195376,12
1785530464.9046872,4608,1.5046779031295525,1.4970939374694086,12
1785530464.9047065,4609,1.5083938256034477,1.497092120217404,12
1785530464.9047844,4611,1.5083941744173195,1.4974446807400852,12
1785530464.9048247,4613,1.5091010226955255,1.4974474977782273,12
1785530464.9048438,4615,1.5095424466246659,1.4970060864980161,12
1785530464.90488,4617,1.512197289175528,1.4996608257220876,12
1785530464.9069479,4619,1.5122088826178008,1.5041868528395845,12
1785530464.912193,4620,1.512206436295794,1.5027784652779728,12
1785530464.9203858,4622,1.510693708950474,1.497484195894133,11
1785530464.9275336,4624,1.5071751101036739,1.5005609470224717,11
1785530464.9516778,4623,1.507190460387109,1.5054988948669532,11
1785530464.954058,4628,1.5071742538916513,1.501246131417431,11
1785530464.9540904,4626,1.5099008845575104,1.5012426695896623,11
1785530464.954156,4627,1.5067711247122748,1.5039801592324382,11
1785530464.9542174,4631,1.5067701845034636,1.4983991754351984,11
1785530464.9542384,4632,1.506766930104631,1.5005156752760385,11
1785530464.988911,4636,1.5083860889924323,1.499098555999942,11
1785530465.0050962,4635,1.508387649598345,1.4961899183645089,11
1785530465.0080457,4634,1.510910744449119,1.4983979235746705,11
1785530465.0081673,4638,1.507676982239798,1.4984074081981347,11
1785530465.0082424,4639,1.5094945163371276,1.4968167823922647,11
1785530465.0082657,4644,1.509495993223037,1.4984908232647387,11
1785530465.0083113,4645,1.504544436228094,1.4984998698058958,11
1785530465.0083294,4646,1.5027253569918997,1.4969076830700774,11
1785530465.0083654,4648,1.5057523816039238,1.494258189713927,11
1785530465.0083973,4647,1.5057587050671257,1.4976987135029278,11
1785530465.0118048,4649,1.5058596212403743,1.49769890887044,11
1785530465.014105,4650,1.5060617631801756,1.4976985609803568,11
1785530465.0171647,4651,1.508182921695016,1.4958418260764161,11
1785530465.035427,4655,1.508184217063059,1.5010709057385214,11
1785530465.0356634,4656,1.5081849420075322,1.5016879397618859,11
1785530465.0406384,4658,1.5080838752421861,1.5015995188791498,11
1785530465.0439706,4659,1.5080804615365744,1.4996601281686668,11
1785530465.0439706,4660,1.4967794307727564,1.5095420315587427,11
1785530465.0796864,4662,1.4958723525560784,1.5095399862628522,11
1785530465.091544,4663,1.4919330531040609,1.5129827134624347,11
1785530465.0915763,4668,1.4919379376552258,1.5114760670633611,11
1785530465.0916522,4669,1.4932475303374835,1.5114806514684758,11
1785530465.0916796,4664,1.4932654572034925,1.5141264085785158,11
1785530465.091729,4671,1.4932696987157759,1.5122660922658044,11
1785530465.1205199,4674,1.491844344047809,1.5089159484267816,10
1785530465.1949456,4675,1.499697513621101,1.5023803451349067,10
1785530465.1961017,4676,1.4986511722189866,1.4961696695390794,10
1785530465.1961424,4680,1.4988953080772784,1.4976194624889732,10
1785530465.1962645,4681,1.4973246403793685,1.4973935613005487,10
1785530465.1963115,4682,1.5014673709613842,1.501019078929412,10
1785530465.1963792,4683,1.502542609249631,1.5075323738506596,10
1785530465.1964264,4685,1.4989111107332675,1.507019101593478,10
1785530465.1964705,4686,1.5038476171497475,1.507708313993213,10
1785530465.1964974,4689,1.5025029592743313,1.5065329831948666,11
1785530465.1965454,4692,1.5025191274172875,1.5030003606409208,11
1785530465.1965911,4693,1.5051436529442839,1.5029918987655877,11
1785530465.1966493,4696,1.5194078033183918,1.490504359132917,11
1785530465.196673,4695,1.5193906090338976,1.4862014528452374,11
1785530465.1966958,4697,1.520294412435744,1.4862071774858274,11
1785530465.196737,4698,1.5211052141582022,1.486202788847976,11
1785530465.1967556,4699,1.526144746773837,1.481787384352469,11
1785530465.1984534,4704,1.5261547475928174,1.483101591440363,11
1785530465.199036,4705,1.5224020147043789,1.48312458139956,11
1785530465.2040834,4707,1.522408049801986,1.4839141182630124,11
1785530465.2255723,4711,1.5138370071201317,1.4914214760108662,11
1785530465.2435017,4716,1.5138545491417021,1.4945941942942298,10
1785530465.2923014,4717,1.512337319043275,1.4946052592989085,10
1785530465.292365,4720,1.5028163631018179,1.504133430108613,10
1785530465.2924197,4719,1.5028197948938378,1.503225002881585,10
1785530465.2924402,4723,1.4944085444570552,1.5116293285803446,10
1785530465.2924798,4729,1.4986392501922394,1.511621559719577,10
1785530465.2925203,4731,1.498610477773032,1.515057331551762,10
1785530465.3062022,4735,1.5006422201863674,1.5130283231982637,10
1785530465.3162308,4741,1.497621314142676,1.513039448257647,10
1785530465.3394156,4742,1.4976212624331984,1.5130394481843499,10
1785530465.3664155,4743,1.4976547722928668,1.5078846181610535,10
1785530465.3671484,4748,1.4976891638837775,1.517068020821438,10
1785530465.367227,4747,1.500618333871945,1.514143228697277,10
1785530465.3672526,4749,1.5020368726698359,1.5155600375981264,10
1785530465.367297,4751,1.502006930345813,1.5087476461963978,11
1785530465.367317,4752,1.5020210347745924,1.5004446894554475,11
1785530465.3673575,4753,1.5056572075213963,1.500444439795146,11
1785530465.367376,4754,1.5020191308918347,1.497260548226648,11
1785530465.4300747,4756,1.4980142937915255,1.4951369894079407,9
1785530465.4316893,4755,1.4980194803929396,1.4969943759320867,9
1785530465.431735,4757,1.4992907685255707,1.4969944187555182,10
1785530465.4319115,4761,1.4984653757040711,1.496375262661748,10
1785530465.431976,4762,1.49888600897818,1.4963751004010788,11
1785530465.431999,4763,1.4988972272992023,1.5026485902954978,11
1785530465.4336581,4764,1.498887288835704,1.4996423449114555,11
1785530465.4337223,4766,1.4985842187366538,1.4993771181327284,11
1785530465.4337423,4768,1.4953635444826783,1.5021916808518536,11
1785530465.433786,4769,1.4908154104790943,1.5021845182613676,11
1785530465.4338186,4770,1.4898419742469828,1.502178546702043,12
1785530465.4338393,4771,1.4895767970200986,1.5024437060409679,12
1785530465.4338593,4774,1.4847121837068271,1.5024527089842548,12
1785530465.4341116,4775,1.484723158851039,1.5057063025984783,12
1785530465.4446487,4778,1.4900401586634344,1.5110231658402276,12
1785530465.4469364,4779,1.4900405159311547,1.5109345179052278,12
1785530465.4469364,4780,1.4962114812691953,1.5047632950363652,12
1785530465.4628878,4781,1.497539444235691,1.504765577546887,12
1785530465.4795945,4784,1.4975258095914656,1.500438088331983,12
1785530465.4805639,4783,1.5005263208888988,1.4974375662967996,12
1785530465.483957,4786,1.5038822177250788,1.4974471520330508,12
1785530465.4839919,4787,1.50388342912974,1.4913404473616552,12
1785530465.4857652,4789,1.5037061439364432,1.4913406722694944,12
1785530465.4865625,4790,1.5021140357532476,1.4897483950809824,12
1785530465.4890127,4791,1.5021088481218976,1.4886001295382638,12
1785530465.4890127,4792,1.497164559984714,1.4935445475669893,12
1785530465.4920158,4793,1.4976055423718388,1.493544133871603,12
1785530465.5021174,4795,1.4991062785393547,1.4920439181777454,12
1785530465.503988,4797,1.5027346706491853,1.4956723502402545,12
1785530465.503988,4798,1.5101486465942469,1.4957067144081526,12
1785530465.5237236,4799,1.51014885552202,1.4887004723156245,12
1785530465.5432343,4800,1.5101618859956054,1.5010327059234303,12
1785530465.5433078,4801,1.512635991662956,1.5010155868875632,12
1785530465.545096,4802,1.511402969881992,1.4997825927823998,12
1785530465.5453026,4803,1.511342764978183,1.5089398644705352,12
1785530465.5453026,4804,1.5119656092059617,1.5083174341345686,12
1785530465.5453615,4805,1.5162200452453367,1.5083119772539049,12
1785530465.5488014,4806,1.5181594543494237,1.5082900036522167,12
1785530465.548862,4807,1.522783143251187,1.5036669716523505,12
1785530465.5533867,4812,1.522804523377248,1.5000706967677766,12
1785530465.5598295,4814,1.5242122759377998,1.5014781117001221,12
1785530465.564747,4815,1.5242243992734472,1.498585143157433,12
1785530465.5702531,4816,1.5280394084227444,1.4947709486185756,12
1785530465.5702531,4817,1.5269805590274808,1.4947652078342653,12
1785530465.6195767,4819,1.5161528288982016,1.5055912479816487,12
1785530465.6199439,4824,1.5161705724173837,1.5017234145053644,12
1785530465.6199908,4825,1.5254469874836314,1.5016191581934444,12
1785530465.6200135,4826,1.5259745898550898,1.5021463234691736,12
1785530465.620054,4827,1.525999219540428,1.4970647548830893,12
1785530465.6200736,4829,1.5247629114230747,1.4970595239747102,12
1785530465.6222606,4833,1.5211549710777184,1.4934522171023406,12
1785530465.6244707,4834,1.5155103688701699,1.4934482817953296,12
1785530465.6271532,4835,1.5154547252924782,1.505530847063926,12
1785530465.63919,4838,1.5144847943484776,1.504561051958127,12
1785530465.6573532,4840,1.5170543888827095,1.5019916497748447,12
1785530465.674386,4839,1.5170486619232202,1.5035735094807239,12
1785530465.6761363,4841,1.516960164193599,1.5035730222175512,12
1785530465.6763833,4842,1.5176664762497738,1.503567006446796,12
1785530465.676442,4843,1.5231645660695279,1.498069686287025,12
1785530465.676462,4845,1.5245744418878349,1.4994791819898676,12
1785530465.676515,4846,1.527225892665736,1.499494755942089,12
1785530465.6765332,4847,1.5272583697988311,1.4926279156491205,12
1785530465.6765838,4848,1.5272611496135116,1.488686896229689,12
1785530465.6777294,4849,1.5135974841915567,1.4887921719463906,12
1785530465.691937,4850,1.5078560516967572,1.4808044504970106,11
1785530465.691987,4851,1.5078793918053615,1.4868541758512495,11
1785530465.692012,4853,1.50567941657832,1.4868532012097406,11
1785530465.7247403,4855,1.5036414893114494,1.489182658276918,11
1785530465.7416794,4856,1.5036666203408624,1.4853167294777625,12
1785530465.7451098,4864,1.4971956107839801,1.4917879881456033,12
1785530465.7452874,4865,1.4975481379753868,1.4917877111791786,12
1785530465.7453523,4866,1.4955096660342837,1.4917894058606693,12
1785530465.745757,4867,1.4886891943057845,1.4986097785195558,12
1785530465.753236,4872,1.488675280501953,1.503045788766368,12
1785530465.756399,4873,1.4856730789856403,1.5030422462199613,12
1785530465.8027499,4877,1.4895662079621632,1.5030186763664117,12
1785530465.80287,4875,1.4895685581190692,1.497342251959323,12
1785530465.8031328,4882,1.4855061837133139,1.4973595434209324,12
1785530465.803198,4884,1.4855037464578391,1.4947839810294794,12
1785530465.803243,4886,1.4944318652788937,1.5037118020361973,12
1785530465.8126638,4887,1.494431031429308,1.5043316674577256,12
1785530465.834457,4894,1.4924836694871755,1.5043367504311644,12
1785530465.8402882,4898,1.4887741236566099,1.5006273066902451,12
1785530465.859928,4899,1.488774213177777,1.500183718408255,12
1785530465.859928,4901,1.4855038069999855,1.5002015406796445,12
1785530465.8624425,4905,1.4813565011026935,1.496054619173844,12
1785530465.864303,4906,1.4881536681131913,1.4960159827286694,12
1785530465.8748338,4908,1.4881525827020825,1.4954835687966759,12
1785530465.8803184,4910,1.488330326244689,1.4986643364247534,11
1785530465.901032,4913,1.4878885719016126,1.498666339460788,11
1785530465.9011157,4911,1.487889811949726,1.4993746628815277,11
1785530465.9120831,4918,1.4845316523344108,1.4993891036162654,11
1785530465.912227,4919,1.4845315636309406,1.4998163946871261,12
1785530465.9150796,4920,1.484529214772106,1.5034588585834043,12
1785530465.9204762,4922,1.4841759123680012,1.5031055858488125,12
1785530465.9259133,4924,1.4849720361202121,1.5023095228697887,12
1785530465.9286828,4923,1.4849728547577115,1.4983122740007975,12
1785530465.9299655,4925,1.4844428036046495,1.498314730609104,12
1785530465.9519372,4926,1.4962400945733458,1.497327203057566,10
1785530465.9767792,4927,1.5054723180032241,1.4928141230849081,10
1785530465.977153,4929,1.505875573621854,1.4932172561897976,10
1785530465.9772615,4930,1.507186649116005,1.4932166838175782,10
1785530465.9772859,4931,1.5071760665283571,1.4961551576289491,10
1785530465.9777398,4932,1.5071720071505468,1.4925248373860065,10
1785530465.9777865,4933,1.5018406617678217,1.492528562537114,11
1785530465.9778197,4934,1.5036121361010026,1.4945531462834336,11
1785530465.9779105,4936,1.5094345832333096,1.4878931310357384,11
1785530465.9779377,4935,1.5094538601296053,1.4932348817071437,11
1785530465.9779637,4937,1.5024869728534873,1.4932260926836753,11
1785530465.983198,4939,1.4992094483786351,1.4969711153953755,11
1785530466.033809,4944,1.4992083028647623,1.497981468900693,11
1785530466.0338752,4945,1.5046920676255573,1.4979593573243508,11
1785530466.0339,4946,1.5045153933577724,1.4977572538954143,11
1785530466.0339499,4947,1.5045257201693245,1.4926117674572301,11
1785530466.033995,4949,1.5136955338420306,1.4926312397608914,11
1785530466.034021,4951,1.5100737087616432,1.496775321924211,11
1785530466.0341082,4953,1.5087469204063642,1.4952578128182243,11
1785530466.0363243,4955,1.5087693920205314,1.4881601869823224,11
1785530466.0488741,4958,1.5078876573428064,1.48715133721151,11
1785530466.0524578,4964,1.5080361325567677,1.4730788072995478,12
1785530466.0715432,4967,1.507985246609752,1.4767123818979309,12
1785530466.1194234,4970,1.5028853076723574,1.4716114535035765,12
1785530466.119658,4976,1.502733094669226,1.4888646897063058,12
1785530466.1197367,4977,1.5093663909284565,1.4954980474613233,12
1785530466.1197839,4979,1.5093659152283487,1.4962960183828307,12
1785530466.1298418,4982,1.5109583524507384,1.497888405912265,12
1785530466.145306,4988,1.5109586550878407,1.4985980824392906,12
1785530466.1454263,4986,1.5049454428409035,1.4986012364519172,12
1785530466.1454463,4989,1.4998915097436722,1.4935473459589221,12
1785530466.147788,4991,1.4998912703809177,1.493635682647468,12
1785530466.1909263,4994,1.4982314188772832,1.5072174999377241,10
1785530466.191021,4998,1.5035313095059186,1.5064714114411921,10
1785530466.191066,4999,1.5127527701167065,1.498406960906221,10
1785530466.202298,5004,1.5120579341416454,1.5026291836230021,10
1785530466.2294846,5008,1.51505147711017,1.5000107708556718,11
1785530466.231704,5007,1.5150513535438739,1.4998348852893013,11
1785530466.2317727,5009,1.5113137898383942,1.499817893591816,11
1785530466.2318478,5013,1.5105057181533197,1.499110825603393,11
1785530466.231871,5014,1.5108721770307003,1.4991121097673057,12
1785530466.2318938,5015,1.5108826505375406,1.494410490913874,12
1785530466.2391708,5018,1.5083044603644316,1.4918522525772426,11
1785530466.242422,5020,1.5021268825559209,1.4972563748737528,11
1785530466.244481,5019,1.502121866780882,1.4998178282002936,11
1785530466.265236,5024,1.5021159617185422,1.5030020787385052,11
1785530466.2777312,5022,1.497777898369953,1.5030052591989722,11
1785530466.278128,5023,1.49202487771226,1.5080415795947273,11
1785530466.278228,5026,1.493846622772455,1.5080392062370354,11
1785530466.2784593,5027,1.4938565940133792,1.5100679965348964,11
1785530466.2785203,5029,1.496733542895032,1.5100750594430903,12
1785530466.281424,5030,1.4937271736636561,1.5070686389687917,12
1785530466.3161216,5033,1.4963850533997014,1.5070664922989279,12
1785530466.3285346,5031,1.4963702238485834,1.498571066702524,12
1785530466.3308344,5032,1.4929371819584807,1.5020039335896826,12
1785530466.3358076,5038,1.490637485621454,1.50200173291202,12
1785530466.3358953,5040,1.4906160477837178,1.4970366252826175,12
1785530466.3364294,5041,1.4836261244779203,1.496963684042061,12
1785530466.3364596,5042,1.4856735945320938,1.499011364492337,12
1785530466.3379807,5043,1.4857136466851983,1.5070041715832387,12
1785530466.3399146,5044,1.4876491334424942,1.5050689511614999,12
1785530466.3445938,5050,1.4901282158628737,1.5050723519951938,12
1785530466.347373,5051,1.4900929017258941,1.4974079474948758,12
1785530466.3801658,5053,1.4923930273460548,1.4974204009937824,12
1785530466.3803375,5054,1.4962019251697063,1.5012292476118,12
1785530466.3804195,5055,1.4961980723103663,1.4995477662997747,12
1785530466.3804352,5057,1.4985841901142762,1.4995530945234838,12
1785530466.3831594,5058,1.499203031119775,1.4995554284378747,12
1785530466.386062,5059,1.5015816463731428,1.497176817959312,12
1785530466.418522,5064,1.501593771695859,1.5055692693119487,12
1785530466.4191139,5065,1.5050345082277112,1.5055651887194976,12
1785530466.4191713,5066,1.5047693465627323,1.5053000250908644,12
1785530466.4192524,5067,1.5047728815243198,1.4999171033420369,12
1785530466.4192958,5069,1.500795510929911,1.4999114710355843,12
1785530466.4193106,5071,1.5019447623350288,1.4987622200551864,12
1785530466.426713,5073,1.501414525543126,1.4982319832911233,12
1785530466.4268346,5075,1.5014140860854355,1.4993815733508036,12
1785530466.432374,5076,1.501392167282039,1.4918720735931796,12
1785530466.4378896,5077,1.5035192116162661,1.4918753095625215,12
1785530466.448918,5078,1.4937773774783694,1.4821329239943308,12
1785530466.4676366,5079,1.4938698658252092,1.4829565632076223,11
1785530466.4697425,5081,1.4936062178145018,1.4829574125700058,11
1785530466.4698396,5083,1.4994690370608872,1.4762636220355312,11
1785530466.4698777,5084,1.49946664485883,1.4765782839334156,12
1785530466.474105,5088,1.4994267261796137,1.4703893555400662,12
1785530466.4776506,5089,1.495767569264112,1.4703899211914497,12
1785530466.4835165,5091,1.495743975713019,1.468088217079791,12
1785530466.4996045,5093,1.4970554780162593,1.4680874446873144,12
1785530466.5192482,5095,1.4877833490118446,1.4773616980294695,12
1785530466.5193062,5097,1.485748956343784,1.4753270579902786,12
1785530466.5193815,5099,1.4857155839398113,1.4814849765766689,12
1785530466.5194001,5100,1.485776763131372,1.4941845526280397,12
1785530466.5268922,5102,1.4880719595702583,1.4964796547993264,12
1785530466.5269637,5104,1.483381264573278,1.5011700408233917,12
1785530466.527318,5103,1.48335827947185,1.5073912490247512,12
1785530466.532479,5105,1.4859279683547433,1.5073708374157888,12
1785530466.5477717,5106,1.479953925182563,1.5074251826959653,11
1785530466.570876,5107,1.4836111651601451,1.504224728999436,11
1785530466.57154,5112,1.4836350882166671,1.5000478398358155,11
1785530466.5716007,5113,1.4807055589780647,1.500042225002054,11
1785530466.5716195,5114,1.4884659312004878,1.5068272737681694,11
1785530466.5716562,5115,1.4884769637224846,1.5042542049433851,11
1785530466.5738153,5117,1.485542067339031,1.5042712379965835,11
1785530466.5837226,5119,1.4962723413064918,1.4948792380331535,11
1785530466.5954971,5124,1.4962616483307627,1.489569284969781,11
1785530466.628412,5125,1.5124639104953779,1.4895228523774804,11
1785530466.6284816,5126,1.5034185710166195,1.4816007665794748,11
1785530466.628572,5128,1.515957972035,1.4705964423993656,11
1785530466.6288967,5132,1.5159807213117864,1.4690854937105242,11
1785530466.6391902,5138,1.5201978463296215,1.4727847060501054,11
1785530466.6427503,5140,1.515851125195517,1.4765994693361535,11
1785530466.6442335,5139,1.5158614467936204,1.4791492592923008,11
1785530466.659669,5142,1.5222569686961598,1.4790825975033381,11
1785530466.659669,5144,1.5223553797172833,1.4731162911212283,11
1785530466.6894355,5143,1.5071090262563678,1.486498019546803,11
1785530466.689525,5146,1.5069310162993117,1.4864989687828334,12
1785530466.6895664,5147,1.506859392904413,1.4926137666294694,12
1785530466.6895835,5149,1.489847062051812,1.4926800240426432,12
1785530466.6895978,5150,1.4894057874683941,1.492238800710885,12
1785530466.689638,5151,1.4893896921699263,1.4865619629220825,12
1785530466.689638,5152,1.4945147588303642,1.4814365690967588,12
1785530466.6896644,5153,1.4924945061305552,1.4814411407036365,12
1785530466.6959949,5155,1.4967386447702746,1.4771964376424913,12
1785530466.7024546,5157,1.4960318908132668,1.4764895591234475,12
1785530466.714471,5159,1.496163721935292,1.4654537296393386,12
1785530466.7407746,5161,1.5028677987113352,1.4654199111008632,12
1785530466.7408125,5162,1.5048001272312213,1.4673526960281567,12
1785530466.7408335,5163,1.5047882596812618,1.4651463205926094,12
1785530466.740884,5165,1.5065351324221943,1.4651405429229816,12
1785530466.7409487,5168,1.506395130746747,1.4760376597458522,12
1785530466.741005,5167,1.5108196217448007,1.4716122871102042,12
1785530466.7426124,5169,1.5127616055715147,1.4735546531117893,12
1785530466.7463808,5171,1.512705007432325,1.481099988204799,12
1785530466.7526276,5172,1.5127448776153662,1.4894613334212747,12
1785530466.756257,5173,1.5143414902542567,1.4894512387022936,12
1785530466.7697158,5174,1.510372376016012,1.4854821116078654,12
1785530466.788492,5175,1.5103775299298159,1.490766989071281,12
1785530466.7887456,5177,1.5163694971612465,1.4907766325286902,12
1785530466.7888198,5179,1.5098162856321418,1.4973295687013732,12
1785530466.7892003,5180,1.5098136101900443,1.5046897152514156,12
1785530466.7922096,5184,1.5098038222275734,1.5087422530808516,12
1785530466.7979093,5185,1.5088343802145285,1.5087459450442189,12
1785530466.8143265,5188,1.5075962957842237,1.5099840375677083,12
1785530466.8346462,5187,1.5076013310846668,1.5084852336027819,12
1785530466.835187,5189,1.498294464262515,1.5084905878692592,12
1785530466.8353057,5192,1.4983289905621302,1.4986852067160443,12
1785530466.8353667,5191,1.5041107654594648,1.4929030041198854,12
1785530466.8353872,5193,1.5126302447833797,1.5014218408567368,12
1785530466.8368986,5195,1.5126817522307903,1.4950316202892817,12
1785530466.8434181,5199,1.5127054950230778,1.4905425445967977,12
1785530466.8498204,5201,1.5211641641118614,1.490543578166956,12
1785530466.8536851,5204,1.5211804563199183,1.4884963906664141,12
1785530466.8563695,5203,1.5107002501590912,1.4989758023743183,12
1785530466.8945403,5207,1.5070793213706302,1.5112292785571964,10
1785530466.898784,5209,1.504144124787988,1.511230744238914,10
1785530466.9011486,5208,1.5041501715288565,1.5075235625023462,10
1785530466.9011722,5210,1.5082853229977238,1.5106275336990547,10
1785530466.9011889,5216,1.5083117694281318,1.5134638857662734,10
1785530466.9012249,5214,1.5105569351664527,1.5134657050346132,11
1785530466.904259,5217,1.510962886530646,1.5138206100376426,11
1785530466.904259,5218,1.511888553655447,1.513826931615914,12
1785530466.920611,5219,1.511851424533139,1.5071715366501086,12
1785530466.9421592,5221,1.5196994996402626,1.5071276754505947,12
1785530466.945158,5222,1.5180227908485304,1.5054511228240817,12
1785530466.9459236,5224,1.514569900323998,1.5089037586822054,12
1785530466.9459496,5225,1.5131514681066571,1.5088998830092972,12
1785530466.9471762,5226,1.5099788770788443,1.5089171185337193,12
1785530466.948566,5227,1.516880404009236,1.502015934694834,12
1785530466.950016,5231,1.5168930076708735,1.496327522308943,12
1785530466.9575608,5232,1.51689457949607,1.492812006135032,12
1785530466.9733174,5234,1.523071747396918,1.4989883764538239,12
1785530466.9902523,5235,1.523069186468359,1.5003916068058474,12
1785530466.9902523,5236,1.520411514928663,1.5030488693958568,12
1785530466.992443,5237,1.5127138024149192,1.5030332071294688,12
1785530466.9925394,5238,1.5110358813566758,1.5030473614709428,12
1785530466.9925394,5239,1.5084617976669483,1.505621350762994,12
1785530466.9931312,5244,1.5084663630490716,1.5048281443834755,12
1785530466.9969327,5245,1.500524182757391,1.5048607012331372,12
1785530466.9998853,5246,1.4959337972372566,1.5002703231079977,12
1785530467.0032678,5247,1.4959241566735382,1.5039876521002482,12
1785530467.0218577,5249,1.498225311061077,1.5039805620060618,12
1785530467.036038,5252,1.498225457677697,1.5054822774117256,12
1785530467.036062,5251,1.4961900343254275,1.5075177264294544,12
1785530467.03608,5253,1.4903635411251936,1.5016912858990201,12
1785530467.036118,5254,1.4824921929402202,1.5017468600376465,12
1785530467.0361333,5255,1.48249049603446,1.510885204901919,12
1785530467.03617,5256,1.4824937576654293,1.5100850974010604,12
1785530467.0383263,5257,1.4880435364071858,1.5101046209742057,12
1785530467.0398777,5258,1.4861917439982755,1.508252847994669,12
1785530467.0498424,5259,1.4862113638297787,1.500616667852832,12
1785530467.0572286,5264,1.4862170320215826,1.4959537614772707,12
1785530467.0589373,5263,1.4940949558508037,1.4880759146991855,12
1785530467.062613,5265,1.492241532627467,1.4862223862999377,12
1785530467.0641255,5266,1.4957607388984668,1.4862123126273759,12
1785530467.0921764,5269,1.4875917700689083,1.4861809183824977,12
1785530467.0940971,5270,1.490604209412105,1.4891934393347968,12
1785530467.0941417,5271,1.49063130162035,1.4971732688693917,12
1785530467.0941417,5272,1.497615286156816,1.4901892720165482,12
1785530467.094263,5273,1.5012272976033656,1.4901901090043261,12
1785530467.097257,5274,1.5048630218809935,1.4901880199477593,12
1785530467.0974197,5275,1.499912471523059,1.49513864981392,12
1785530467.1034055,5277,1.5027403974033111,1.4979665855581024,12
1785530467.1052847,5278,1.5054785870291947,1.497971113029674,12
1785530467.126038,5279,1.505478675587195,1.4973512674587435,12
1785530467.201787,5280,1.505465529564658,1.5060856849472903,12
1785530467.2031329,5281,1.507494350902523,1.5060757881996871,12
1785530467.2031603,5282,1.5067894372969823,1.5053708596650535,12
1785530467.2032192,5284,1.5028884020427737,1.509271921053137,12
1785530467.2032638,5283,1.5028930549477724,1.5084772121452832,12
1785530467.2032862,5285,1.5030703292920087,1.5084773754168141,12
1785530467.2033303,5286,1.498927858296613,1.5084867667552249,12
1785530467.2035093,5287,1.5010520261909108,1.5063625522863737,12
1785530467.203709,5291,1.5010592005938228,1.500438480929736,12
1785530467.2037926,5292,1.5010572320453375,1.4894820677430443,12
1785530467.2039115,5293,1.5032746491088131,1.489480390052216,12
1785530467.2039752,5294,1.5083107558487012,1.4945165476251945,12
1785530467.204197,5296,1.510786616818656,1.4920407262779916,12
1785530467.2042205,5295,1.5107818623293665,1.4903673954003132,12
1785530467.2042418,5297,1.5055837441625177,1.4903567869487817,12
1785530467.2042878,5298,1.507357172176524,1.490349667075398,12
1785530467.2043614,5299,1.5032825293444387,1.4944243584548935,12
1785530467.204415,5304,1.5032817097463684,1.4955721663561747,12
1785530467.2044394,5305,1.5042554187486608,1.4955683043247974,12
1785530467.2044575,5306,1.4992318588347808,1.4905446607695723,12
1785530467.2409697,5307,1.499230671930104,1.489041617396348,12
1785530467.2410696,5309,1.5049548214541109,1.4890374808713411,12
1785530467.2411034,5311,1.512205602287084,1.481786364862627,12
1785530467.241327,5313,1.5139726328229535,1.4835534685595446,12
1785530467.2413876,5315,1.5139467786866996,1.4918117149792907,12
1785530467.2414196,5316,1.5139577546141347,1.4944510271830054,12
1785530467.245041,5318,1.5095320282958051,1.4900254203608088,12
1785530467.2462988,5320,1.5077667491134374,1.491790686906347,12
1785530467.2518058,5321,1.4990403509357266,1.4917813244692664,12
1785530467.2544076,5322,1.4987744418738036,1.4917812399660288,12
1785530467.2633362,5323,1.4895710365277,1.5057531147644667,11
1785530467.2908406,5328,1.4895674583831737,1.5077784103632825,11
1785530467.2908943,5329,1.4900964171430657,1.5077804056870971,11
1785530467.2941005,5330,1.4904499059262335,1.5081840233202108,11
1785530467.3019547,5331,1.4904426703500446,1.5105126530144686,11
1785530467.301992,5333,1.4893782909832904,1.5105177030388,11
1785530467.3020272,5335,1.4937152236151785,1.505566039366407,11
1785530467.330728,5337,1.4958361049375226,1.5094016149831202,10
1785530467.332788,5340,1.4958032882115089,1.5144575445843709,10
1785530467.3332102,5341,1.4903674140571943,1.5144583565241279,10
1785530467.3332493,5342,1.4943074445387807,1.5183896291631855,10
1785530467.3337045,5343,1.494318960911161,1.5166699689330905,10
1785530467.3457994,5350,1.4921040686197669,1.5166773927406694,11
1785530467.347089,5351,1.4920978100546864,1.5072142252292404,11
1785530467.3643026,5354,1.4944719787075802,1.5099273317434063,11
1785530467.3825512,5355,1.4944604045325005,1.5114446629101825,11
1785530467.382682,5356,1.5014833494601694,1.5034256444639174,11
1785530467.3835323,5362,1.508474264834257,1.5034046991292769,11
1785530467.415903,5363,1.5084711487214515,1.5071558111043517,11
1785530467.418228,5366,1.5019452911021003,1.4996918981670462,11
1785530467.4182954,5368,1.495478275232858,1.5070797054072482,11
1785530467.4183517,5367,1.4954904972709608,1.5022257793943068,11
1785530467.4183695,5372,1.4954974347652932,1.506802445473302,12
1785530467.4184039,5371,1.4965572694705331,1.5057426051693368,12
1785530467.4314008,5373,1.494434310671583,1.5036196439816694,12
1785530467.4610782,5374,1.4860561680596611,1.5036440617557227,11
1785530467.4641387,5375,1.4860560377336016,1.5030282384004445,11
1785530467.464205,5376,1.4860404043786695,1.4927278161465314,11
1785530467.464242,5377,1.4879657345684756,1.492738815064651,11
1785530467.4643188,5378,1.4931272090220984,1.4972537562665706,11
1785530467.4643712,5379,1.4931303176795596,1.5017718582787802,11
1785530467.4644072,5381,1.5023265664794816,1.501771721761679,11
1785530467.4644232,5383,1.5047471615420123,1.499654046345529,11
1785530467.4892857,5389,1.5036358368544755,1.4996536092563975,11
1785530467.5041003,5390,1.5041418229819252,1.5000964575374798,11
1785530467.5046682,5391,1.504141887165406,1.4998316611787657,11
1785530467.5047014,5396,1.5041384657952794,1.4972648665364365,11
1785530467.504752,5394,1.5048587797949124,1.4972645517348029,12
1785530467.5047696,5395,1.4983242127875724,1.5037991144535965,12
1785530467.5048301,5398,1.5055812087427536,1.5038194280661072,12
1785530467.5116267,5399,1.505575735930947,1.5024911363011,12
1785530467.5470803,5406,1.5061056253588374,1.5024915886891073,12
1785530467.547142,5407,1.5127166634876497,1.495880748082924,12
1785530467.5663614,5413,1.5115660774075115,1.495881956428249,12
1785530467.5944858,5415,1.5115754052758188,1.4984352912792969,12
1785530467.5950227,5414,1.5137901901382862,1.5006499707035075,12
1785530467.5951185,5419,1.510703525724407,1.5037365082994967,12
1785530467.5955763,5424,1.5107042587706587,1.5051456666616074,12
1785530467.5960226,5425,1.5137926005332587,1.5051369341458085,12
1785530467.6033492,5426,1.5144117962624741,1.5057560931974174,12
1785530467.6241908,5428,1.5156483584928844,1.5045196139188615,12
1785530467.6346269,5432,1.5139853119079347,1.5031225967300825,11
1785530467.6349006,5433,1.5114911075822641,1.5006285245224762,12
1785530467.636343,5434,1.511667923350118,1.5006291995224996,12
1785530467.6368568,5435,1.5116783354605268,1.504799683413081,12
1785530467.639755,5438,1.5102608689586194,1.5033822876197755,12
1785530467.6460226,5439,1.510259583072139,1.502501436577389,12
1785530467.6460226,5440,1.5071739454477717,1.5055870067987616,12
1785530467.6535199,5444,1.5071591499792234,1.4993850852527266,12
1785530467.6547768,5442,1.510518644402434,1.4993750949940459,12
1785530467.6720843,5443,1.5122225751667155,1.4992922918389309,11
1785530467.696311,5446,1.5079811730603836,1.4992812104934925,11
1785530467.6971335,5447,1.50798114348718,1.4991039651196874,11
1785530467.6971576,5448,1.507973424756475,1.5025418975471265,11
1785530467.6976984,5449,1.5085791583409904,1.50253900268927,11
1785530467.6977384,5450,1.511704484257658,1.5052716421522263,11
1785530467.6978266,5452,1.5084623027135118,1.508107698992018,11
1785530467.697854,5451,1.5084364991930022,1.5116333368129196,11
1785530467.6978838,5453,1.5087047018212023,1.5116341474317598,12
1785530467.6979156,5456,1.5087096263832174,1.5156221438390467,12
1785530467.6984463,5455,1.505342166018448,1.5189899120602526,12
1785530467.70354,5457,1.5078984889951927,1.5215465935803791,12
1785530467.7036798,5458,1.515108980976804,1.521563377671767,12
1785530467.7070417,5459,1.5151475804892025,1.5261830203348825,12
1785530467.72097,5461,1.51322018125204,1.5261892801764108,12
1785530467.73849,5462,1.5089698636208517,1.5219383244113849,12
1785530467.7399876,5464,1.5149686224170775,1.5159391013237944,12
1785530467.7403014,5463,1.5149732685034198,1.5073205838983017,12
1785530467.7408834,5465,1.5146188442932604,1.5073186250869568,12
1785530467.7409182,5468,1.5145972116983841,1.5036754475503469,12
1785530467.740938,5467,1.5158303382609135,1.5024423667107716,12
1785530467.7445474,5469,1.5129918441332448,1.4996040369703705,12
1785530467.750342,5471,1.5129833183887287,1.4934789524109573,12
1785530467.772594,5473,1.512451828818051,1.4934803262179224,12
1785530467.7866821,5474,1.513957026102118,1.4949854542460406,12
1785530467.7867877,5476,1.5083096142560728,1.5006326500835525,12
1785530467.786819,5475,1.5083068632204113,1.499222386440933,12
1785530467.7868433,5477,1.5034467279350257,1.499206334305962,12
1785530467.7883673,5478,1.4973463323930138,1.4991977036778492,12
1785530467.7884388,5479,1.5048399957421026,1.4917039516394188,12
1785530467.7933512,5484,1.5048183539192974,1.4883504859513255,12
1785530467.800118,5485,1.5128041114072088,1.4883461716570017,12
1785530467.8017025,5486,1.5095302464043319,1.4850722411721278,12
1785530467.821501,5487,1.5095527187806412,1.490270621378385,12
1785530467.8357003,5489,1.5129887096259984,1.4902832440674452,12
1785530467.8358262,5491,1.5121052412266716,1.4911666921673785,12
1785530467.8358684,5493,1.513697016337446,1.4927584136074927,12
1785530467.835943,5494,1.5078774421435135,1.492740372968398,12
1785530467.835978,5495,1.5078836205053434,1.4913224389160442,12
1785530467.8436682,5497,1.5015899498804808,1.4913380968459464,12
1785530467.8437138,5498,1.5003523809997614,1.490100492915651,12
1785530467.8494525,5499,1.5003329706884374,1.4860349893541946,12
1785530467.8505821,5501,1.498221592944384,1.4860331347816296,12
1785530467.8574774,5503,1.4972500834057503,1.4870047003045392,12
1785530467.8637908,5505,1.4994614183727537,1.4892161385674378,12
1785530467.9072576,5508,1.4994239201410278,1.4832928101278235,12
1785530467.9073274,5509,1.497468635948205,1.4832857841953224,12
1785530467.9073486,5510,1.4999517569936864,1.485769123988134,12
1785530467.9073946,5511,1.4999847111740885,1.4908959181369543,12
1785530467.9073946,5512,1.5031612701579014,1.4877192551625962,12
1785530467.9074743,5514,1.5031612791592646,1.4877192461090596,12
1785530467.9075081,5518,1.5026331316401027,1.4877178874185673,12
1785530467.9075646,5519,1.5026572696311407,1.4822327908289294,12
1785530467.9168844,5521,1.5058579397939231,1.4822256203503268,12
1785530467.9526458,5522,1.5129984811919326,1.4916011594769965,11
1785530467.9532363,5524,1.513971889574745,1.4904874662498777,11
1785530467.9532611,5525,1.5098308146713122,1.4904768878288777,11
1785530467.9536395,5526,1.508944095852304,1.4904823834899539,11
1785530467.9536724,5527,1.5082352702301902,1.4912928853480278,11
1785530467.9537158,5532,1.508232512560605,1.4956279731835107,11
1785530467.96425,5533,1.5113306977581435,1.4956040001376383,11
1785530467.9643033,5534,1.5014823104174497,1.4843342212851662,11
1785530467.9643285,5536,1.498104860431121,1.488191161784212,11
1785530467.9644768,5535,1.498095409970746,1.4923347277115722,11
1785530467.9976776,5537,1.5069116323390916,1.4923024500642945,11
1785530467.9987755,5541,1.5054136252535097,1.4905887086954137,11
1785530467.998878,5542,1.5024178857311272,1.4905952373378264,11
1785530467.9991693,5543,1.5023916461926392,1.4963591462621995,11
1785530467.9992712,5544,1.502371680938049,1.5043347864643748,11
1785530468.0009222,5546,1.505013880810484,1.5073569837201992,11
1785530468.004447,5548,1.5064330697794868,1.5057349483790279,11
1785530468.0201142,5549,1.5017396256337343,1.5057485792523846,11
1785530468.021674,5552,1.5017371278160678,1.5066210848748012,12
1785530468.021763,5551,1.501737127844789,1.5066211035539914,12
1785530468.0249488,5553,1.5024409551326552,1.5073249413244139,12
1785530468.0254765,5554,1.5015549394279093,1.507328601089348,12
1785530468.0280325,5555,1.5015657909690932,1.504233434069791,12
1785530468.0334868,5556,1.5015999406121452,1.4976076209951044,12
1785530468.0584671,5557,1.4931963375876982,1.4976199467254276,12
1785530468.0797668,5558,1.494609213543199,1.499032814016489,12
1785530468.0805402,5559,1.4945990479436586,1.4924803300564642,12
1785530468.0805945,5561,1.499800820624801,1.492486374363234,12
1785530468.0806346,5563,1.4970689894548133,1.4952182839027333,12
1785530468.080652,5565,1.497512219278317,1.4956615640222093,12
1785530468.0806878,5567,1.4975124792556493,1.495484937469893,12
1785530468.0807033,5568,1.4975254726556009,1.5002618755861388,12
1785530468.0807734,5570,1.4934542191334026,1.4961906538021115,12
1785530468.0824847,5572,1.4915122171938884,1.4981326101363013,12
1785530468.089394,5571,1.4915097745080426,1.4970689631552883,12
1785530468.093785,5576,1.4915367180920256,1.48702118787679,12
1785530468.1311557,5575,1.4989736750858498,1.4795835666340251,12
1785530468.1323225,5577,1.494209270266272,1.4748183125136074,12
1785530468.1324368,5579,1.4941661582998558,1.4799353382476927,12
1785530468.132502,5580,1.494163803127878,1.4795810756892442,12
1785530468.1325305,5582,1.49619680385188,1.4816143624512261,12
1785530468.132582,5584,1.5061821886024815,1.4716271631751456,12
1785530468.1326067,5583,1.5061760838456448,1.4710096360964917,12
1785530468.1351166,5588,1.5061118681416061,1.4850041463080557,12
1785530468.1370807,5587,1.5000438277997734,1.4910728043822645,12
1785530468.1999023,5589,1.501773254838972,1.4907268444806054,11
1785530468.2010972,5591,1.5017753173728026,1.4918765592426715,11
1785530468.2042372,5592,1.5017810578575,1.4925832925307374,11
1785530468.2043312,5598,1.5004940557743764,1.4925777726880842,12
1785530468.2043831,5594,1.5014710465138812,1.493554809388486,12
1785530468.2044082,5604,1.501444481362476,1.4902859904730543,12
1785530468.2044718,5605,1.5024198830721094,1.4902909291774207,12
1785530468.204494,5607,1.5023772036401142,1.4861398395434007,12
1785530468.2138207,5609,1.5006176478581694,1.486126867221074,12
1785530468.2648544,5613,1.5064601334290095,1.4883820829936247,11
1785530468.2669005,5614,1.4979992772469137,1.4883229905332827,12
1785530468.2708187,5615,1.497998433984769,1.4869097078623164,12
1785530468.270941,5617,1.4987086080354404,1.4869130770398578,12
1785530468.2710102,5618,1.5011048912901803,1.489309460924317,12
1785530468.2710674,5619,1.501149251892167,1.500530768516409,12
1785530468.2710674,5620,1.499470516858893,1.5022095061400156,12
1785530468.2719512,5621,1.5035393730201116,1.5022158571615678,12
1785530468.2720287,5625,1.503185832097913,1.5018623048607258,12
1785530468.2720718,5626,1.5120296697826097,1.501912462045679,12
1785530468.272091,5627,1.5120508623139104,1.505195885866425,12
1785530468.2724578,5628,1.5120623393449402,1.5099496897975364,12
1785530468.2812576,5630,1.5104647372538145,1.5083521929390467,12
1785530468.2849114,5632,1.4984943447794428,1.5203232671493534,12
1785530468.2935293,5631,1.498496155501763,1.519439120557902,12
1785530468.2936964,5633,1.4897784682796917,1.5194292442313182,12
1785530468.3006532,5634,1.4917103090933623,1.5194378066645082,12
1785530468.3342664,5635,1.484823586675458,1.526325416803096,12
1785530468.3343751,5639,1.4847693405153706,1.519026041766478,12
1785530468.3344045,5640,1.4847607414145518,1.5200921087841657,12
1785530468.3344507,5641,1.4804587948363221,1.5200713864565727,12
1785530468.3344743,5642,1.478691511330448,1.518304132400981,12
1785530468.334514,5643,1.4787116561077436,1.5142985561991316,12
1785530468.334538,5648,1.478686772435731,1.5060495486112806,12
1785530468.3346996,5646,1.4769224510128947,1.5060391189922422,12
1785530468.3383594,5647,1.4882509949418643,1.4947117152793894,12
1785530468.353533,5649,1.4880742365394495,1.4945349261212273,12
1785530468.3536994,5651,1.4880813755967746,1.492686398689913,12
1785530468.3537254,5652,1.4880430437421812,1.482658766358559,12
1785530468.387735,5653,1.4910655261054018,1.4826718769898488,12
1785530468.389784,5654,1.49955415608544,1.49116092838141,12
1785530468.3903205,5655,1.499526822313823,1.4858566880448718,12
1785530468.390538,5657,1.4975915099274164,1.4858539599501912,12
1785530468.390558,5659,1.488678113815073,1.4947674910239501,12
1785530468.396223,5665,1.4918656642868688,1.4947810629695766,12
1785530468.4002066,5666,1.489478014150233,1.4923934485614134,12
1785530468.413569,5668,1.494248693303281,1.4876227148307615,12
1785530468.4324992,5672,1.4942387168339515,1.493004072019048,12
1785530468.4325528,5671,1.504379771964949,1.4828625551017385,12
1785530468.4325702,5673,1.4967614986654731,1.4752430603211215,12
1785530468.43261,5674,1.4892234847131929,1.4752534395255106,12
1785530468.4326246,5675,1.4892227499609816,1.4753415177312406,12
1785530468.476618,5678,1.4862187345026916,1.4723369888608564,12
1785530468.4766698,5679,1.4862592500743028,1.4781977117316702,12
1785530468.4766698,5680,1.4935226348773454,1.470933035984421,12
1785530468.4815283,5684,1.4935505820734323,1.4687276809257817,12
1785530468.481568,5683,1.4863705966946188,1.4759092373567875,12
1785530468.481595,5686,1.4962773815012904,1.4758676110483644,12
1785530468.481643,5687,1.4962358316936162,1.4847840762475777,12
1785530468.4816675,5688,1.4962855835268576,1.4939882797349688,12
1785530468.481713,5689,1.503459330417949,1.4939825596533187,12
1785530468.486431,5690,1.5020480216028709,1.4925712035948029,12
1785530468.5209167,5691,1.502046587078549,1.491069611594269,12
1785530468.5209167,5692,1.489564721805291,1.5035514297321093,12
1785530468.5210164,5693,1.4938123985945215,1.5035362430066639,12
1785530468.5210388,5694,1.496902341998116,1.5035390900418408,12
1785530468.5210388,5695,1.4980527115205386,1.5023887236772238,12
1785530468.5210617,5698,1.497787336960235,1.5023888940038306,12
1785530468.523258,5704,1.5040706665523291,1.4961058925985118,12
1785530468.5290859,5703,1.5040628383981658,1.5010488852877069,12
1785530468.5302913,5705,1.5081301409030303,1.501048192890354,12
1785530468.558142,5706,1.5065396977263155,1.501054101712428,12
1785530468.5747721,5707,1.5109635786704343,1.4966303301494799,12
1785530468.5753863,5712,1.5109626225872448,1.4951332415877698,12
1785530468.5754523,5713,1.501135664656562,1.4951417801584874,12
1785530468.575472,5714,1.5020219202437382,1.4960281164931324,12
1785530468.5755107,5715,1.5019941437166289,1.4911699806749552,12
1785530468.5833519,5719,1.4916101005933962,1.5015539409673648,12
1785530468.5888734,5720,1.491593301646018,1.4962657229862797,12
1785530468.5935993,5724,1.491599556229468,1.4982156637341089,12
1785530468.6239278,5725,1.4977020076208862,1.4982323697039546,12
1785530468.6248088,5727,1.4977022073176882,1.498851561657247,12
1785530468.6248412,5729,1.5000877783069444,1.4988509979503575,12
1785530468.624932,5732,1.5000933937283827,1.502740197540726,12
1785530468.6249542,5733,1.5015987359829281,1.5042455585147108,12
1785530468.6249762,5734,1.4915967279528024,1.5042552215030498,12
1785530468.6289332,5735,1.4916027488602985,1.5001126672150096,12
1785530468.635755,5736,1.4916087103046685,1.4969217811954623,12
1785530468.6452074,5738,1.489314814251531,1.494627930359225,12
1785530468.668067,5740,1.489049634336827,1.494893087279537,12
1785530468.6681168,5739,1.4890485506907967,1.4945387348170478,12
1785530468.6695786,5744,1.489054442786936,1.493217762565646,12
1785530468.6696494,5743,1.4964951370006914,1.4857769175188151,12
1785530468.6696723,5745,1.50416827795478,1.493450265512412,12
1785530468.6696866,5746,1.506284992838415,1.4934502163710064,12
1785530468.6696994,5747,1.5062764883868507,1.4969045769933012,12
1785530468.6733932,5748,1.5062741299820697,1.49514051506316,12
1785530468.6782134,5749,1.5052117515024719,1.4951420346410271,12
1785530468.679434,5750,1.5088380710155185,1.4987683061420107,12
1785530468.708302,5751,1.5088304504180408,1.4953313539350346,12
1785530468.7086184,5756,1.508833661800553,1.4980794048222643,12
1785530468.7086704,5755,1.515004067119905,1.491909260340379,12
1785530468.7086866,5757,1.5197017561174548,1.4966064377139994,12
1785530468.7087166,5759,1.5197032890708733,1.497407138552207,12
1785530468.7131784,5760,1.5197072127984632,1.5076800222229851,12
1785530468.721366,5762,1.5147597270882351,1.5027329841844552,12
1785530468.722681,5764,1.5162631108271762,1.5012297168281399,12
1785530468.737106,5763,1.5162461477617852,1.507119400262377,12
1785530468.7586532,5767,1.5041860358480286,1.5190820529149494,11
1785530468.7639782,5768,1.5041745536307487,1.5121781681419844,11
1785530468.764875,5776,1.5077243159822697,1.5090665122051503,11
1785530468.7961552,5778,1.5065884363612903,1.5090744707547479,12
1785530468.7990124,5779,1.5112940937970358,1.504368845591876,12
1785530468.799046,5780,1.511290365993714,1.5120873948122018,12
1785530468.7991648,5784,1.5113138995870845,1.5062757858668139,12
1785530468.7992022,5785,1.5046986658715193,1.5062860841255048,12
1785530468.799273,5786,1.5089506724724262,1.5105381583068098,12
1785530468.8039536,5787,1.5089519817898742,1.508599453353986,12
1785530468.8470492,5792,1.5044756339915284,1.5111470260423612,11
1785530468.8475666,5791,1.506795328415766,1.5091199292686117,11
1785530468.8476021,5793,1.4950481094872958,1.4988417947280923,11
1785530468.8476598,5794,1.5040338901901082,1.4988705297848095,11
1785530468.8476837,5795,1.5040230091659401,1.4963038257245775,11
1785530468.848083,5796,1.504046707735683,1.5025709473046407,11
1785530468.8481061,5797,1.5101039544876633,1.5025671789535202,11
1785530468.8481488,5798,1.5065656943966146,1.4994712761952844,11
1785530468.8481817,5799,1.5065593136836126,1.4962962737034178,11
1785530468.8522365,5801,1.506535936953745,1.4962962162028148,12
1785530468.8591135,5803,1.5042408211780096,1.498591284269029,12
1785530468.8634365,5805,1.511409571241617,1.5057599069702918,12
1785530468.873465,5807,1.5114049671686767,1.5039854580382053,12
1785530468.8983378,5808,1.5113650462678,1.4920986931379845,12
1785530468.8984141,5809,1.510124362016028,1.4920967597234198,12
1785530468.8984437,5810,1.5115458038987755,1.4935182027839553,12
1785530468.8985143,5811,1.5115841753523052,1.5024990117091088,12
1785530468.8985374,5813,1.5160074713491187,1.502531831064927,12
1785530468.8985777,5816,1.515999927228597,1.5004881340738552,12
1785530468.898594,5815,1.5189084515933655,1.4975798871922472,12
1785530468.9032347,5817,1.5138554562053523,1.4925272529817344,12
1785530468.9352973,5819,1.5138556316611922,1.4924384163072628,12
1785530468.9357235,5820,1.513869176649118,1.4956056339937183,12
1785530468.9358242,5822,1.5166142834237066,1.4983505468697493,12
1785530468.9358735,5823,1.5165934814522892,1.49325262882856,12
1785530468.9358978,5824,1.5188835110758232,1.490962728488421,12
1785530468.935918,5825,1.518090389529673,1.4909550790269026,12
1785530468.9413533,5827,1.5113065211755552,1.4977385217359804,12
1785530468.9524868,5830,1.51042320653246,1.4977326526709913,12
1785530468.9679332,5836,1.5082199772164597,1.4999358113434718,12
1785530468.9924457,5839,1.5078674424729746,1.5002883385160402,12
1785530471.0912437,5848,1.4851520109174767,1.458277175992519,2
1785530471.0912776,4,1.4918693013098552,1.4515570474826964,2
1785530471.0979538,5,1.490771119009275,1.451560533413977,3
1785530471.13413,9,1.518188666711764,1.4924849471215198,3
1785530471.1344361,13,1.5164545058426078,1.492513641590862,4
1785530471.180209,19,1.510796715523671,1.5038073498632119,5
1785530471.1803935,24,1.5101941425339358,1.5007694395321831,6
1785530471.1831026,25,1.5066246955932994,1.4998894526413475,6
1785530471.18542,27,1.508382334190922,1.5087444850312917,7
1785530471.2110639,36,1.507714000557196,1.505359801253154,7
1785530471.2262714,40,1.5061825443892645,1.5068948013545995,7
1785530471.2262928,41,1.5041148718680624,1.506477627797973,7
1785530471.2319493,42,1.5024343219520655,1.5061435197780721,8
1785530471.2742145,53,1.5041467196224798,1.5064894357772394,8
1785530471.2743165,58,1.4983255514206524,1.50532560528362,9
1785530471.3178391,65,1.5030127910405662,1.5062600424974781,9
1785530471.317896,67,1.5056750079791164,1.5022614900545772,9
1785530471.3258407,71,1.5071216296491186,1.5121717545030042,10
1785530471.3332052,76,1.5031688308151592,1.516922338047075,10
1785530471.3585389,78,1.5022570975860137,1.515479437887738,9
1785530471.380511,80,1.5025337767677887,1.5162910754727523,10
1785530471.3835752,84,1.5072295726890166,1.5240970044881832,9
1785530471.3850725,85,1.5018161693182077,1.5222940537194405,10
1785530471.3863797,90,1.49458585900901,1.515343819534848,9
1785530471.3970184,94,1.5084775614950323,1.5210029855597638,9
1785530471.41309,97,1.5140368513660978,1.5232459826909184,9
1785530471.4364862,98,1.5065354162751734,1.5146859108975956,10
1785530471.4366007,99,1.5057254472380825,1.509148392921545,11
1785530471.4366784,101,1.5045846023071243,1.5089740361217114,11
1785530471.4367285,105,1.5003863910765045,1.5047758128038962,12
1785530471.436755,106,1.4952515200129661,1.5047486158578753,12
1785530471.4501235,110,1.498005476833161,1.5075027311375293,12
1785530471.4863904,117,1.50244754689091,1.511944941083548,12
1785530471.4863904,118,1.4991643399157066,1.5119291468812133,12
1785530471.4864907,119,1.499117155921375,1.4981443431217052,12
1785530471.4923751,124,1.496729332195251,1.5005321592906464,12
1785530471.5211499,128,1.4946232330245044,1.5044044587764598,11
1785530471.5292614,132,1.494905116577213,1.5024416581154971,11
1785530471.5791473,149,1.4934599966648678,1.5026502027135875,11
1785530471.6154025,156,1.4960055851546925,1.5022904007273261,9
1785530471.664803,169,1.490802997282937,1.5039784829775986,8
1785530471.6965804,180,1.4951564920866471,1.531805095277189,4
1785530471.6966841,184,1.5028899719543178,1.5240692937820086,5
1785530471.7680507,198,1.4943507763580042,1.5148231927880087,5
1785530471.7844114,200,1.4892734367640024,1.5082291546204394,5
1785530471.7845764,208,1.4912305072740737,1.5062814134779559,5
1785530471.784612,212,1.4894022716123096,1.500746775517616,5
1785530471.850701,222,1.5065931517353999,1.5064088773906592,5
1785530471.850763,228,1.50309881269533,1.495840227938522,5
1785530471.8524547,232,1.5055690104118507,1.4933609137165027,5
1785530471.8531246,231,1.5058499502431453,1.4942029993503552,6
1785530471.8597531,233,1.509187674902375,1.4950442675204227,7
1785530471.8657646,235,1.5147066758687742,1.498649472057975,7
1785530471.8788145,238,1.5091937014412329,1.4964385970899428,8
1785530471.8973885,239,1.507161681460987,1.4912837333785096,9
1785530471.944957,252,1.5077002440046399,1.4926364560521261,9
1785530471.9450982,253,1.5111510717502636,1.493761520710651,10
1785530471.986582,266,1.5094377845653388,1.493040826632972,10
1785530471.998714,275,1.509570388413314,1.494009071563558,10
1785530472.035319,281,1.50173503572221,1.4927334793325389,10
1785530472.041333,286,1.5021475339761232,1.492802226325963,10
1785530472.0414157,287,1.5033220725406795,1.5013659735923963,10
1785530472.0613875,291,1.497147753935886,1.5069386437930963,8
1785530472.084591,297,1.490430899087557,1.5114845184453731,8
1785530472.1484554,312,1.4850362733301947,1.5045251935974568,7
1785530472.1485455,315,1.4857328629214606,1.5031159549613569,7
1785530472.1486015,314,1.4922315422257844,1.5074690195382447,7
1785530472.168721,326,1.4882548963963516,1.5048034678374809,7
1785530472.183251,328,1.491888902800284,1.5016908233998707,8
1785530472.205791,334,1.4869167946400936,1.5025195443466313,8
1785530472.2099044,337,1.4864918373577891,1.502588092467076,9
1785530472.214154,339,1.486189637084453,1.5044104087119945,9
1785530472.222208,344,1.486548483477591,1.5022268598905988,10
1785530472.2523115,345,1.498584936985209,1.502828680356958,8
1785530472.2555392,348,1.4970943603130609,1.5101527817471532,8
1785530472.3035407,358,1.5022334520608902,1.5092908230856508,8
1785530472.3078167,368,1.5028381885711006,1.5062397821879325,8
1785530472.323391,372,1.5041698395594933,1.4996574406999885,8
1785530472.3606474,376,1.5087817061949067,1.4957017422202703,8
1785530472.3608992,379,1.5094305577000047,1.4951450541378244,9
1785530472.371794,388,1.5040722429886226,1.498437871763007,8
1785530472.3859522,392,1.5060107078955427,1.5079771855347819,8
1785530472.4264984,391,1.5112292043052244,1.5066621607581767,6
1785530472.433566,393,1.504959797197115,1.5014326828577211,6
1785530472.435325,401,1.4900669017765713,1.4984324869640078,7
1785530472.4365,406,1.490066895467384,1.4984324807637022,7
1785530472.5568,435,1.4902164059816025,1.499172057806758,7
1785530472.6086571,448,1.4906779468023528,1.4893960588363189,6
1785530472.608689,454,1.4952834628472207,1.4905241327135348,6
1785530472.6087296,455,1.4956423106387424,1.4923438604602015,7
1785530472.6137779,460,1.4956423115155588,1.4923438620926728,7
1785530472.6144845,459,1.49591072643051,1.493671998434314,7
1785530472.6223505,464,1.4955733398843998,1.4919601004766219,8
1785530472.6503174,463,1.4983540001691724,1.4929733953717665,6
1785530472.650388,467,1.5036799526813267,1.5009174073329519,6
1785530472.650514,469,1.5000854698228354,1.499468919101054,7
1785530472.6545413,472,1.4966440211192027,1.501756350363906,7
1785530472.6594796,473,1.4999826482369907,1.5031041962532503,8
1785530472.6638296,474,1.501484570915142,1.503710506336624,9
1785530472.6661959,475,1.5048186387469051,1.499260966346267,9
1785530472.6935506,477,1.5007242321232461,1.4945847002880206,10
1785530472.700931,479,1.498293347625613,1.4773225991006151,10
1785530472.7009964,480,1.498402554071184,1.4780545434985115,11
1785530472.7010477,481,1.5021395514402673,1.4785820903660394,11
1785530472.720895,486,1.5024510824125545,1.4786263918324674,11
1785530472.7473352,487,1.5056389216002704,1.4754369905841427,11
1785530472.7476459,492,1.5059131989513665,1.477290367536972,11
1785530472.7477725,493,1.4985401894605566,1.4762549473734188,11
1785530472.7843053,508,1.5004854348912564,1.4743092585415938,11
1785530472.7913005,510,1.5010052675826846,1.4743830849325719,11
1785530472.8246412,516,1.497524163230151,1.4692441519158095,8
1785530472.8313699,522,1.496297607878052,1.4689998785049065,8
1785530472.8815637,530,1.4970041209978546,1.4720743844901893,8
1785530472.8818223,535,1.4974736753443314,1.4716018053479685,8
1785530472.8818574,536,1.4975488281593825,1.466061005262885,9
1785530472.885432,541,1.5044084981234993,1.4660435058344814,9
1785530472.926864,545,1.503502889859694,1.471693909903052,8
1785530472.9316776,548,1.5059099649174612,1.4867629062069254,8
1785530472.9318213,546,1.5045647618768585,1.4864944466451142,8
1785530472.9323654,551,1.50462663335071,1.4868739113400842,9
1785530472.9323874,552,1.5059452404625284,1.4946193549538522,9
1785530472.9324236,554,1.5076393164500697,1.4963130632105903,9
1785530472.9517317,557,1.5107874303635618,1.4968457388030643,9
1785530472.9700887,556,1.5168402747834455,1.4907993826853592,9
1785530472.970297,561,1.5163547134048438,1.4903141781903457,10
1785530472.9703643,562,1.516526153264624,1.490315332952445,11
1785530473.0183947,574,1.5174953269622034,1.4903226374897283,11
1785530473.0185337,577,1.5157218184826182,1.4903311240267518,11
1785530473.0276957,581,1.5158980278510632,1.4903322681150462,11
1785530473.0873706,596,1.5115997360914526,1.498685909319286,10
1785530473.101345,608,1.5124263559179212,1.4928782093827202,10
1785530473.1524928,618,1.5192989127702163,1.4862039136834737,7
1785530473.1769202,620,1.5175574597336106,1.5254635151220217,5
1785530473.194637,624,1.5175215281353396,1.5033937878565682,6
1785530473.1953356,628,1.5218301285796552,1.4947245309978003,7
1785530473.1954155,629,1.5131737373023153,1.491710287944203,7
1785530473.195455,632,1.510462660346724,1.4780244665495215,7
1785530473.1954923,630,1.5074125363083106,1.477021149690567,7
1785530473.1982672,635,1.5067052522400748,1.47340487798816,8
1785530473.2316372,636,1.504544385420169,1.4730250767401847,6
1785530473.2330809,638,1.5168553067803696,1.48285864073658,7
1785530473.2334986,644,1.51683407000813,1.4854128818728065,7
1785530473.2363868,647,1.5167929508020161,1.4943520887061412,7
1785530473.2730932,650,1.5171466581296429,1.49463442833773,7
1785530473.2758741,653,1.523676263415952,1.4946789869034143,7
1785530473.2759464,656,1.5236802530671092,1.4901325303653221,7
1785530473.276064,657,1.5204406227361889,1.4875476871890156,8
1785530473.2763708,658,1.5185342854937693,1.4878524417543426,9
1785530473.2785623,659,1.5177904576915016,1.4922354530890953,9
1785530473.2858298,660,1.516591904174039,1.4994524552477502,9
1785530473.2985585,662,1.5145739665667404,1.4974393231599388,9
1785530473.3140242,665,1.5177223228209267,1.4969276819971393,9
1785530473.314114,669,1.51752028028329,1.49672622039432,9
1785530473.3184595,670,1.5141298746872138,1.4972775476435236,9
1785530473.3184936,671,1.5169054034702283,1.4813150176664742,9
1785530473.370775,677,1.5165438756597267,1.481372585942507,9
1785530473.3711762,678,1.5221855965477324,1.4803645470086357,9
1785530473.3713424,688,1.518325787334705,1.4842106050855168,9
1785530473.485238,702,1.5115458816739917,1.4870166024258253,8
1785530473.4856143,716,1.5096446104091135,1.498022324274173,9
1785530473.4856758,717,1.5125684022463628,1.500941512133224,9
1785530473.543128,725,1.5028216396738907,1.5131933767942045,5
1785530473.5440555,729,1.485313047803329,1.489820413032276,5
1785530473.5441222,730,1.4779314450560277,1.4898711964796956,6
1785530473.5442436,733,1.4863641911513559,1.4899450672740173,7
1785530473.6004138,748,1.4838733950114098,1.4949270392324199,7
1785530473.6005225,750,1.480922006097619,1.4949103216284432,7
1785530473.6011145,756,1.4809065786850735,1.5002902559301912,8
1785530473.6083686,757,1.4753677799406673,1.500255116274152,8
1785530473.6092176,758,1.480967850472062,1.5086625500108861,9
1785530473.647315,765,1.480303886703325,1.507665708921235,9
1785530473.647386,766,1.490631954885805,1.5055306182703962,9
1785530473.6576233,770,1.485963798689032,1.4985348689920743,9
1785530473.7379732,793,1.4907628943353024,1.4843318212016603,8
1785530473.7798948,798,1.4925732703296446,1.48384123982203,7
1785530473.783765,812,1.4917074121580443,1.4889227234443065,8
1785530473.8041787,816,1.4912333203285333,1.4861508574325455,7
1785530473.8746588,832,1.4907964252104404,1.5056472775970022,5
1785530473.8856175,841,1.479917809662553,1.5019981927756365,5
1785530473.9140038,844,1.4875204810513585,1.4943873173894804,5
1785530473.91756,843,1.4868068508247207,1.4922555379710083,6
1785530473.9175906,848,1.4895646553736221,1.5005056161894261,6
1785530473.9176433,847,1.4941280532062136,1.497478543314715,7
1785530473.917665,849,1.4889737561870173,1.493057560516409,8
1785530473.9594872,857,1.4869866781695478,1.4927299618773202,9
1785530473.9596436,861,1.4912377497319316,1.496978602601651,9
1785530473.9597359,862,1.491586945241041,1.4970355860619005,10
1785530473.9700892,866,1.4862777381957537,1.4909773613999717,11
1785530473.9976707,870,1.4885827587916265,1.4909926813702463,11
1785530474.0035388,868,1.4824065814679719,1.4980425924740437,11
1785530474.003655,874,1.4845265432436927,1.498034710051552,11
1785530474.0225873,881,1.4871775396599478,1.4982901860191988,10
1785530474.0294213,880,1.4928081702924627,1.4907741516283644,10
1785530474.0675716,888,1.492841614560472,1.5012043519967182,11
1785530474.0723877,889,1.4923114908629007,1.5012022300574708,11
1785530474.074197,894,1.4945203316124935,1.501209700696091,11
1785530474.074197,895,1.4918702613813117,1.5042365798672597,11
1785530474.1193137,905,1.4853237423466392,1.5009422090383737,9
1785530474.1193907,904,1.4866580646931755,1.498816198748261,9
1785530474.1650655,916,1.4922205859319344,1.4838211182848842,8
1785530474.213377,929,1.5198219475188368,1.5120493245865396,6
1785530474.213466,930,1.50863566704842,1.504599041444423,6
1785530474.2135062,935,1.5039857016613933,1.4929690099623074,7
1785530474.215847,936,1.494602113687589,1.469704700635513,7
1785530474.2207372,941,1.4946017685141426,1.4697042869502706,7
1785530474.2319467,943,1.4977560762404873,1.4649264774433672,7
1785530474.304233,956,1.5019302762421218,1.4647140107095225,7
1785530474.3044837,964,1.488164442858586,1.4738839219896018,7
1785530474.3045466,966,1.4953137597666557,1.4767684969447832,7
1785530474.353466,981,1.4962495375998877,1.4775710642244229,8
1785530474.3541434,982,1.4949549255931007,1.4773566831616687,9
1785530474.3690894,983,1.497007524330073,1.4899478570058784,9
1785530474.3946166,991,1.488637555388965,1.4983192913671357,9
1785530474.4008145,994,1.4869407905004486,1.4980387158684356,9
1785530474.4129639,997,1.4909284173765467,1.4987239371583547,10
1785530474.497699,1005,1.488370277825654,1.5016715872987556,8
1785530474.49778,1008,1.488004092904973,1.4994348966024689,9
1785530474.4978504,1012,1.484258019291012,1.5031869683596222,9
1785530474.4979186,1016,1.4861649037568698,1.51454312785576,9
1785530474.497935,1017,1.4945231245397974,1.5228948119662031,9
1785530474.4979641,1018,1.4970943536005956,1.5233202610793595,9
1785530474.4979792,1019,1.4955455097086872,1.5143483951968686,9
1785530474.4980068,1020,1.4956041974511465,1.5147123828514664,9
1785530474.4988089,1023,1.495256001467087,1.5125546566574892,10
1785530474.502682,1028,1.4931915250860248,1.5001659739898456,10
1785530474.535365,1029,1.485260866387639,1.4940152453705426,9
1785530474.5354226,1030,1.4862753530590813,1.4941525887291414,9
1785530474.5355968,1033,1.4766481552165123,1.4927628426422344,9
1785530474.5392914,1037,1.4841090869149767,1.4937886915504937,10
1785530474.5899117,1044,1.4845839396894631,1.496598241287949,10
1785530474.5900064,1046,1.4894938559357,1.5008935030018018,11
1785530474.5900064,1048,1.493031879248887,1.4977977322690377,11
1785530474.6011271,1055,1.500369199843322,1.4901480213372382,10
1785530474.6446476,1060,1.4959402757820348,1.4940213749497888,10
1785530474.6450624,1062,1.4990163843407256,1.4935773009103084,11
1785530474.6924894,1074,1.4958113542432943,1.49403986637991,11
1785530474.6929402,1078,1.4959142781016788,1.4940250242960829,11
1785530474.6930268,1081,1.4917816294291772,1.4946114371081183,11
1785530474.702457,1083,1.4917670410652955,1.4947148126271887,11
1785530474.7324357,1092,1.4911375239444593,1.4990787579564075,10
1785530474.7389283,1097,1.488093678173515,1.4990996078987786,9
1785530474.804032,1112,1.4800034215823756,1.4871737156718257,8
1785530474.804084,1110,1.4882361777237567,1.4892855457133212,8
1785530474.8041108,1111,1.496283029438484,1.4785786907791427,9
1785530474.8041782,1115,1.4956054154323082,1.4765001049777395,10
1785530474.8486326,1125,1.5050909314426477,1.4720638218799686,10
1785530474.8486917,1128,1.505004604846417,1.464297434375065,10
1785530474.8843129,1132,1.499129903480665,1.470174439843271,11
1785530474.9009924,1144,1.5150486210791245,1.4696016749589214,9
1785530474.953475,1161,1.5306719051582647,1.4746773468263379,7
1785530474.957351,1163,1.5322308114108987,1.4809965118708368,7
1785530474.9953434,1168,1.5339101203070236,1.4799944963483795,7
1785530474.9954524,1170,1.5318714808123504,1.479656803117895,7
1785530474.9955463,1171,1.5168947833140867,1.4886059467458659,7
1785530474.995574,1173,1.503955209621424,1.4793406743226252,7
1785530474.9966002,1175,1.5008165355033476,1.466193165069759,7
1785530475.0104766,1176,1.5046476911406772,1.4812404938580088,6
1785530475.010586,1177,1.5030872580656154,1.4809403136031045,7
1785530475.0439038,1181,1.4991884020924424,1.4801862762275635,8
1785530475.0475123,1187,1.5018582827290003,1.4969729633043505,8
1785530475.0534408,1191,1.5016832138015037,1.495916728294147,9
1785530475.0534408,1192,1.4983452674380942,1.4992557511888558,9
1785530475.0711389,1196,1.4978064958557422,1.4959547994241684,10
1785530475.0723317,1194,1.4918880484767785,1.4951136005692587,10
1785530475.072399,1195,1.4888839588033485,1.4976191667370897,10
1785530475.123455,1206,1.4840512269343265,1.4969176989030464,10
1785530475.1290383,1213,1.4841720980918836,1.496935408524355,10
1785530475.1371698,1215,1.4844309949966799,1.498495118670989,10
1785530475.183281,1230,1.4882953723568415,1.4990545769202743,10
1785530475.1856952,1231,1.4965822058736389,1.4921419779060818,10
1785530475.2324207,1237,1.5005277303356004,1.4910178199253503,8
1785530475.2325437,1241,1.5027051595925827,1.4918870768288441,8
1785530475.2325842,1242,1.5018630260945278,1.491551439937177,8
1785530475.2326055,1243,1.493374162416988,1.5000527242313018,8
1785530475.2462552,1249,1.4847868256244672,1.4966040444575024,8
1785530475.267848,1251,1.4780795289427564,1.4794544704799337,6
1785530475.3033218,1268,1.4745494703446342,1.4647273195042887,6
1785530475.4177194,1292,1.4806597221804003,1.4899136311402705,6
1785530475.4189074,1300,1.47987540636702,1.4910958837705945,7
1785530475.4359283,1302,1.4949385920323006,1.4919334624155176,5
1785530475.53392,1309,1.507333101797413,1.5142346688982569,4
1785530475.5641873,1313,1.500155447867874,1.510683178771501,5
1785530475.5642097,1315,1.5010595612206494,1.5080072877744068,6
1785530475.5642889,1318,1.4979624324611858,1.5059622373466368,7
1785530475.5644789,1330,1.4920894250038064,1.5021042363604,7
1785530475.5726638,1348,1.4938317654599729,1.4952268128363,7
1785530475.6267278,1356,1.4915721765767855,1.4883424642505663,7
1785530475.6275294,1364,1.4896903484738078,1.4825593493811862,8
1785530475.6331546,1365,1.493930024109017,1.4882206519744996,9
1785530475.6331546,1366,1.502723355412936,1.4899303063612463,9
1785530475.6560447,1369,1.5112568701673892,1.4915694655715204,8
1785530475.6749058,1376,1.5116998627704323,1.494352258430358,8
1785530475.6749434,1375,1.5119928995086585,1.4939864676634644,8
1785530475.6749628,1377,1.511701920173399,1.4936439552940692,8
1785530475.687049,1381,1.5041370203722566,1.4921907957701588,8
1785530475.724028,1387,1.4987587624887149,1.4989057388736573,8
1785530475.7290955,1388,1.5007965162657766,1.5110501769017983,8
1785530475.7685785,1396,1.5010207378882983,1.5154808508914095,7
1785530475.7692277,1404,1.5018026868112846,1.5194558748051672,7
1785530475.7697165,1405,1.500338048974483,1.5191606206346289,7
1785530475.8386557,1420,1.4992342539471073,1.515261329853669,6
1785530475.8618114,1436,1.4973401677798508,1.5078162999964528,6
1785530475.8941004,1441,1.4819541054339433,1.502635339573436,5
1785530475.9387088,1456,1.475930401006673,1.5056473131265984,4
1785530475.938744,1455,1.4707914057489018,1.4953119459710495,5
1785530476.0162585,1477,1.4804499158848476,1.494141192877537,4
1785530476.0840497,1490,1.4802147836821458,1.4901071140063626,4
1785530476.0841079,1492,1.5002115617720289,1.47006383261367,4
1785530476.0857198,1496,1.50029167928573,1.4646418621473745,5
1785530476.085764,1494,1.5044596734949611,1.4646338113103967,6
1785530476.085803,1498,1.5020631046568327,1.4646357808278252,7
1785530476.0858173,1499,1.5019767198460816,1.4739809016108678,8
1785530476.1235676,1504,1.49578001383198,1.4801986415289567,8
1785530476.1257164,1505,1.4913231768507826,1.4802123594123207,9
1785530476.1286104,1506,1.481714542294433,1.4801561851977252,9
1785530476.1286104,1507,1.479975842859393,1.4822486915924857,10
1785530476.1352372,1512,1.4805335604541923,1.4860164054230784,11
1785530476.1362,1516,1.4808873035620036,1.4856626862939715,11
1785530476.1684072,1519,1.4851713101152155,1.4837468126179907,10
1785530476.1696484,1524,1.4849382448468362,1.4821656703210948,10
1785530476.182607,1529,1.487097213600897,1.4825157063508723,10
1785530476.1834157,1527,1.4876138703415303,1.486021283780722,11
1785530476.2060044,1528,1.4877906544101114,1.4858445036004484,11
1785530476.206847,1534,1.495076038938505,1.4868651576522254,11
1785530476.2135167,1540,1.4960471970905627,1.4858939590831894,11
1785530476.2138,1539,1.4963227670904413,1.4877542346158996,11
1785530476.2192652,1541,1.4997924731488332,1.4882522312351558,10
1785530476.2512946,1545,1.5018075204489665,1.4900138987252167,11
1785530476.2512946,1546,1.4922340549509348,1.4900229111104488,11
1785530476.2583394,1552,1.4872762202766026,1.494358266519013,11
1785530476.2632387,1554,1.4881875618840765,1.4943607596120614,11
1785530476.2664008,1555,1.4858610208125127,1.4963957614741634,11
1785530476.295993,1560,1.4891060161322889,1.5074211048831936,8
1785530476.2960575,1561,1.4956810469991433,1.5087576316126867,9
1785530476.323605,1567,1.4956810727660115,1.5087576466664174,9
1785530476.3391352,1573,1.5004472642950635,1.509704778327416,9
1785530476.3417075,1575,1.5000638368385264,1.5069422797873735,9
1785530476.3911984,1584,1.5012674548626894,1.5156641699340259,9
1785530476.391436,1588,1.498431671743443,1.5199134462639778,9
1785530476.3920052,1593,1.5090344173813122,1.534066557058648,9
1785530476.40142,1596,1.5077373822412954,1.5246159039514977,9
1785530476.4285064,1595,1.507538137293882,1.5172652422149708,9
1785530476.4814825,1601,1.513983017999773,1.518284220696555,8
1785530476.4814825,1602,1.5083612711697165,1.5173892684343455,9
1785530476.5219307,1613,1.5221833304867307,1.5197597146645878,9
1785530476.5221353,1618,1.5189939131064358,1.5191994610843589,10
1785530476.5223837,1624,1.5252013396479893,1.5117295938935258,10
1785530476.5224175,1625,1.5118037037286471,1.5094414231871687,10
1785530476.5224636,1626,1.5145810759671108,1.5098731239636665,10
1785530476.5225728,1632,1.514306334920641,1.5078322321106714,10
1785530476.5753205,1645,1.4950482047531999,1.5076034235997533,8
1785530476.5753367,1646,1.4980628629109813,1.51212613242929,9
1785530476.6167617,1653,1.4885821801039494,1.497903305611085,9
1785530476.6191506,1658,1.4887485605513386,1.4981528649479032,9
1785530476.6476827,1667,1.4886237721183313,1.499023098244428,9
1785530476.6667569,1670,1.483549445819795,1.4914118601916682,9
1785530476.6668222,1676,1.4829936856181054,1.495270485744569,10
1785530476.6668599,1674,1.4800960805095507,1.495728890293109,10
1785530476.6726744,1677,1.4811326306316723,1.4969752613209801,10
1785530476.678405,1679,1.4813376952806077,1.4955332211668748,10
1785530476.7113075,1682,1.4810790244154852,1.4952220891538575,10
1785530476.7115104,1688,1.4822603907651157,1.487044772687039,10
1785530476.7177496,1691,1.4819268952524352,1.489330509493742,10
1785530476.755608,1694,1.4850350837380162,1.4995262380924737,6
1785530476.772237,1708,1.4969323982786253,1.4875880709991045,7
1785530476.8255398,1724,1.5084844881932573,1.4914013284032166,6
1785530476.832524,1725,1.5041612569852782,1.4881528881216128,6
1785530476.832925,1726,1.4949425805836845,1.4899785278990958,7
1785530476.8757932,1736,1.5002544131937898,1.4836852689164008,6
1785530476.9238636,1744,1.485285037096846,1.497375859985363,5
1785530476.926359,1748,1.4839531232438146,1.502650083953421,5
1785530476.9264755,1750,1.5007521344326449,1.4983987106834151,5
1785530476.934279,1755,1.5004091888929523,1.499776941410137,6
1785530476.940106,1757,1.4872071837151941,1.502442268162233,7
1785530476.9777641,1766,1.4840253515382908,1.4992598305343459,7
1785530476.991717,1773,1.4917940316303913,1.5070362836912683,7
1785530477.0340445,1786,1.4929743294093412,1.5067957192258274,7
1785530477.0584714,1789,1.495761077326575,1.5062371921190636,8
1785530477.0612977,1793,1.5096792243288553,1.503446024128452,8
1785530477.088849,1797,1.5037264948378968,1.496006546401763,8
1785530477.107327,1808,1.5029504836396035,1.5006908441844071,8
1785530477.1319578,1813,1.4997261066161,1.4985441531873804,7
1785530477.1888688,1832,1.4957884233269256,1.5101652830300445,5
1785530477.1889555,1830,1.4953107664575553,1.5103974686239012,6
1785530477.2212505,1837,1.5048108571694507,1.5057805685292391,6
1785530477.2423785,1842,1.4886724318075917,1.513710107014458,5
1785530477.242508,1848,1.4863581559916361,1.5228848482037949,6
1785530477.3104558,1856,1.4884954672994228,1.5329049890929973,4
1785530477.31076,1863,1.488655409100584,1.5202282696609184,5
1785530477.3245423,1872,1.4886893652341875,1.500641600809116,5
1785530477.3322818,1876,1.4971314981988526,1.4950264488214817,6
1785530477.368755,1878,1.502030859375916,1.4962746923834003,6
1785530477.383309,1889,1.5020558014030483,1.4962810425070334,7
1785530477.4379435,1900,1.4762368798226144,1.5083624661478285,6
1785530477.4379919,1901,1.4783057237617563,1.5088845780259306,6
1785530477.4382162,1906,1.487177312067215,1.5111481960234612,7
1785530477.5076306,1920,1.4884946883287704,1.516274816003359,7
1785530477.5143077,1929,1.486951420473226,1.517305877977505,6
1785530477.5157108,1931,1.4869106599624826,1.5130168386103664,7
1785530477.565336,1937,1.4900299359188973,1.5130219532924079,7
1785530477.6431768,1941,1.514136974821068,1.4950676941320178,4
1785530477.6474764,1942,1.4953160077636252,1.5013270091140831,5
1785530477.6494117,1944,1.498128776054812,1.492842587107216,5
1785530477.6496258,1949,1.483816814117993,1.4976076484423926,5
1785530477.7045896,1985,1.4745461538931457,1.5007100587138378,5
1785530477.7130024,1990,1.485936423829322,1.4969000569364443,5
1785530477.7607481,2001,1.4888260611106328,1.4995773132079837,4
1785530477.7607698,2002,1.4879790882166435,1.5000000000000517,4
1785530477.7614985,2004,1.4792535168325605,1.526545479177247,4
1785530477.79659,2009,1.503096036982539,1.5147231877148415,4
1785530477.824934,2007,1.5073312728111878,1.502037906623501,5
1785530477.877344,2032,1.510787653922013,1.498570821475277,6
1785530477.8779545,2037,1.512550151268794,1.5003398053744985,6
1785530477.877995,2039,1.5125650667665649,1.4971416809683953,7
1785530477.883012,2040,1.5125751175263091,1.4931918928191024,7
1785530477.8883114,2041,1.508060144959981,1.4932135148872718,8
1785530477.926414,2045,1.503823283925865,1.4932082406898466,8
1785530477.927818,2051,1.5038346357907773,1.4906580702203305,8
1785530477.932722,2056,1.5014229703931348,1.4930680126250238,8
1785530477.9429657,2057,1.5056596926781975,1.4930675457191653,8
1785530477.9457974,2059,1.4989087602712192,1.499817349473132,9
1785530477.9778078,2063,1.5025876763849584,1.5111706927192787,8
1785530477.9808662,2068,1.5062286068932114,1.5082619162996138,8
1785530477.9809296,2069,1.4944771930529002,1.506256152582261,8
1785530478.0129309,2071,1.4909477939910785,1.5090748250241133,8
1785530478.0286927,2072,1.4917850366790382,1.5133679688496515,8
1785530478.0517082,2087,1.4893709524971819,1.5013273187555796,8
1785530478.0522084,2092,1.4901040808049943,1.5007392302700255,8
1785530478.0689654,2093,1.496535455015757,1.5017850405836002,8
1785530478.0980306,2096,1.4843936026317703,1.490404222346961,5
1785530478.102632,2094,1.47293755682875,1.4845302889926693,6
1785530478.1030304,2095,1.4833175618502576,1.4739928380786445,6
1785530478.1031358,2099,1.4852373655126108,1.477804693811688,6
1785530478.103214,2100,1.4919467860077502,1.4909726955180613,7
1785530478.1032538,2104,1.4853235188832148,1.4953968744715502,7
1785530478.1064408,2107,1.477773628957253,1.5004500402799235,7
1785530478.1124303,2109,1.493767455588912,1.5141751235426109,8
1785530478.1164029,2111,1.4933233267645154,1.5119836361130283,8
1785530478.147112,2112,1.4934876411212936,1.5128380298932738,8
1785530478.166551,2113,1.4932665013830788,1.5128009151254245,9
1785530478.1665967,2114,1.4954277131385616,1.514960826778053,10
1785530478.1666186,2115,1.495457576650206,1.509366964151939,11
1785530478.1668046,2118,1.50281511528212,1.5093653822959043,11
1785530478.1668794,2119,1.5052441764404145,1.5072412592749629,11
1785530478.1669073,2120,1.5052483912054404,1.5091006659551285,11
1785530478.1705663,2125,1.509481817341424,1.5090878284600038,11
1785530478.221198,2127,1.5094594547537559,1.5126122323553186,11
1785530478.2221053,2136,1.5094954134751735,1.505211053230408,11
1785530478.222266,2137,1.5007180310040453,1.5052162105637636,11
1785530478.2222946,2138,1.4972764831616099,1.502205209929098,11
1785530478.2223444,2139,1.4972762457869246,1.5048592598243762,11
1785530478.232879,2145,1.4949507332386582,1.5028250176287683,11
1785530478.2340553,2146,1.4947868344697803,1.5028252917901936,12
1785530478.2517154,2149,1.4967295502170697,1.502828519696,12
1785530478.2645836,2150,1.4980553391384417,1.5041543109980666,12
1785530478.28535,2154,1.497879524930198,1.5041537379019747,11
1785530478.2994285,2160,1.497871613949672,1.507249489615405,11
1785530478.2994757,2162,1.4970636807159536,1.5065430942205003,11
1785530478.2995212,2163,1.4970632152206707,1.5067200444769115,11
1785530478.370735,2176,1.5083866143564417,1.4984645884916608,8
1785530478.3710217,2175,1.5090377727662228,1.494518450356001,8
1785530478.3713143,2180,1.5087382712284865,1.4963161445989857,9
1785530478.391462,2189,1.5146885270999038,1.495364259597848,10
1785530478.392394,2193,1.5061303327031152,1.4850862389748012,10
1785530478.4385664,2201,1.5016331653995763,1.4858223823607348,9
1785530478.4386268,2205,1.5127519542977315,1.4969646605490978,9
1785530478.438664,2206,1.5093426053509873,1.4975125995026017,10
1785530478.4562263,2211,1.5151808102023263,1.4959254651844414,9
1785530478.4622247,2213,1.5145753571283156,1.4960246409245042,9
1785530478.4847305,2217,1.502763041909855,1.4842141299106355,9
1785530478.5150223,2221,1.4949906848219434,1.476474251097438,7
1785530478.5154362,2228,1.4950642828921483,1.4655308073824518,7
1785530478.5154777,2227,1.4961649957664782,1.4641609760515764,8
1785530478.5160797,2229,1.4970455477924605,1.465185289065484,8
1785530478.522593,2232,1.497836506103302,1.4697115434778683,9
1785530478.574209,2237,1.484804917668837,1.4743481433424208,8
1785530478.6509836,2235,1.4837062371549765,1.4788996899074307,7
1785530478.6538014,2236,1.4807910195404606,1.481230620441134,8
1785530478.6538987,2242,1.4789847462161785,1.480950737477485,9
1785530478.6539536,2244,1.4791073374033556,1.4816808517861821,9
1785530478.6540031,2243,1.47961837541141,1.4849350750219665,10
1785530478.654054,2247,1.4788137224393845,1.4802444817771352,10
1785530478.654102,2249,1.4868609552894554,1.4813539197727208,10
1785530478.6542573,2253,1.484508244803423,1.4792988521386914,10
1785530478.6543136,2254,1.4848685727430047,1.4793490037982877,10
1785530478.6543915,2257,1.4880383952184684,1.4798147030112505,10
1785530478.6544316,2259,1.4873982952926688,1.476172829773679,10
1785530478.6544833,2261,1.4809186232199587,1.4752739561646329,10
1785530478.6545146,2263,1.472205891418086,1.4825138534634497,10
1785530478.65459,2266,1.4788160194406874,1.483420173130303,10
1785530478.662427,2276,1.4796275863791746,1.4883531280915392,10
1785530478.6634698,2274,1.4804490670164319,1.4884776661902683,11
1785530478.6818454,2280,1.4811068248336423,1.492943807818677,11
1785530478.7238946,2281,1.4748940838220204,1.492001489141456,11
1785530478.7241023,2287,1.4772751419478916,1.489620788559304,11
1785530478.726123,2292,1.4761252726659302,1.4820213551914878,11
1785530478.812081,2316,1.4767285649048107,1.4859784688404731,11
1785530478.8259761,2318,1.4824703985548524,1.4917197842051926,12
1785530478.8489966,2330,1.4768829621704815,1.4861328879937448,12
1785530478.8820357,2338,1.4798070425417749,1.4893166085012555,5
1785530478.9092126,2345,1.484104837096424,1.489302444224368,6
1785530478.9255345,2349,1.4987583283876083,1.4897511346274772,5
1785530478.9255865,2350,1.4910575143374023,1.4948887269274345,5
1785530478.9333289,2353,1.4875333214100335,1.497210838237407,6
1785530478.9345288,2355,1.4882375555732041,1.4954405018983314,7
1785530478.9702976,2359,1.494557916827003,1.488086524715393,8
1785530478.9708643,2366,1.4994367643521151,1.4941731301182068,8
1785530478.9815419,2372,1.4995752317591031,1.4933534011540988,9
1785530479.0071542,2371,1.4933535121961279,1.4995709294925146,9
1785530479.0071924,2373,1.4928478503453142,1.4990658003910637,9
1785530479.0112407,2375,1.4939917577472697,1.4922818811695828,10
1785530479.0327947,2381,1.4987274147371379,1.4899583869251642,9
1785530479.0330608,2385,1.4955896347678928,1.486824131084137,9
1785530479.0360327,2386,1.494381053331813,1.4870263385493854,9
1785530479.0361109,2387,1.4940933605333326,1.4887218215426852,9
1785530479.0744126,2393,1.491553823018025,1.4891487063472082,9
1785530479.0744662,2395,1.48801706754676,1.4926858192347334,9
1785530479.0744867,2397,1.4916563213717506,1.4963272474080858,9
1785530479.0786004,2399,1.4904723629775722,1.5034631280472075,9
1785530479.0845044,2400,1.4896870355977798,1.5081441330240926,10
1785530479.135771,2405,1.5010144318686562,1.5090220638379295,8
1785530479.1358151,2407,1.5010144406830532,1.5090220627198174,8
1785530479.1358316,2409,1.4979753517416856,1.5065849078207498,8
1785530479.1358469,2410,1.4969505279804083,1.5067569379364674,8
1785530479.1358612,2411,1.4966625300804959,1.5082182662870678,8
1785530479.1359134,2412,1.4975707712707924,1.5037014331671439,8
1785530479.1425571,2417,1.4893774434146814,1.505071130353287,8
1785530479.2267332,2429,1.4807603558462845,1.5077670428771686,6
1785530479.2267852,2431,1.4842776906104966,1.5042429622645213,6
1785530479.2270327,2437,1.4850120765217423,1.5042484684278725,7
1785530479.2272651,2442,1.4853846618205184,1.5042512708142801,8
1785530479.2324839,2446,1.4958881741489385,1.5042234900796125,8
1785530479.2753804,2453,1.500726967582455,1.5042477852639398,8
1785530479.2754524,2454,1.5031984891226136,1.5042612940532976,8
1785530479.3117087,2462,1.5010636060007663,1.5010650788610795,9
1785530479.3118267,2466,1.4949435870848748,1.502246302221047,9
1785530479.3118715,2469,1.494693738331777,1.5018721086391922,9
1785530479.3163826,2471,1.4949712487417737,1.4998403134707459,9
1785530479.346707,2474,1.4980007905632267,1.5027802244833433,8
1785530479.3593116,2478,1.5088741962587402,1.5001071441060805,8
1785530479.3964124,2485,1.5076177834202449,1.500422288149332,8
1785530479.3993669,2490,1.5046879179792043,1.5011508796429323,8
1785530479.4239328,2497,1.5052108530956192,1.5010215177480364,8
1785530479.4451597,2504,1.50544860552842,1.4916381632935087,7
1785530479.5003777,2503,1.5096884912447965,1.485234088478439,7
1785530479.5017705,2502,1.500272464646307,1.487077499757182,7
1785530479.5027144,2507,1.5003317347817167,1.4867829394723064,7
1785530479.5028927,2511,1.500243752843299,1.4872324817563247,8
1785530479.5029738,2516,1.5004160537385542,1.4863790949076183,8
1785530479.5030253,2517,1.503340618614481,1.4887305433300848,8
1785530479.5031116,2521,1.5011481386612078,1.4890885352724257,8
1785530479.6486046,2552,1.4953558456326355,1.4920524304676364,7
1785530479.6486568,2553,1.5051251444995024,1.4998902059682855,7
1785530479.64875,2551,1.4856955759595374,1.5153916720109442,7
1785530479.6487854,2556,1.485712546765156,1.5119730858616613,8
1785530479.6488264,2557,1.487303532000006,1.511980644768781,8
1785530479.6488478,2560,1.4890410997565673,1.5108278395222237,9
1785530479.6489449,2563,1.4881661317732136,1.5114083840064838,9
1785530479.6505554,2569,1.4909334785489627,1.511814916381082,9
1785530479.6923208,2581,1.4935546595723201,1.5121980459435607,9
1785530479.6924498,2584,1.4948050511639608,1.511368482421985,9
1785530479.7025015,2583,1.5012648697196354,1.5112944415831597,8
1785530479.7194915,2586,1.5102876214445125,1.514463480032618,8
1785530479.7247396,2587,1.518942523538939,1.5075595690086823,8
1785530479.752556,2598,1.5104512803193284,1.5061379919446576,8
1785530479.7912095,2604,1.5122617271055072,1.5151459134691732,8
1785530479.7913785,2608,1.5198228543812833,1.5091152476201888,8
1785530479.7933817,2614,1.5183448914041382,1.508855459497092,9
1785530479.8565545,2622,1.5079573792332794,1.5000941716380847,7
1785530479.858371,2633,1.5062216586465744,1.4992190228026987,8
1785530479.9151363,2634,1.5181941184092858,1.5127554809514159,6
1785530479.915317,2644,1.51504309384296,1.52225612252146,6
1785530479.9153874,2646,1.5144746513753473,1.5218815494075872,6
1785530479.9249437,2650,1.502386153129725,1.524162103126072,5
1785530479.9319203,2656,1.509019211585841,1.5043930588404832,5
1785530479.934163,2655,1.5118404865784376,1.5161194998241294,6
1785530479.9466677,2657,1.5122291289328642,1.5162536546470002,6
1785530479.9726086,2659,1.5156520821260953,1.5110734441095133,7
1785530479.9726799,2664,1.5157399209283742,1.511294128969805,7
1785530479.9728487,2666,1.5016464956354296,1.4947999488462456,8
1785530479.9752553,2667,1.5015960006465663,1.494505947268391,8
1785530479.9752553,2668,1.4950163350537267,1.5027122765507412,8
1785530479.9856114,2670,1.4889333134359577,1.5015084078220897,8
1785530479.9909828,2671,1.485022308318922,1.506375287225234,8
1785530480.0246093,2674,1.4899004471773456,1.5073206074586227,8
1785530480.024736,2680,1.4949772744326872,1.5009889586133505,8
1785530480.0269225,2681,1.4845150048751579,1.4989852034170916,8
1785530480.0557618,2688,1.4815873566826199,1.4812858694634572,8
1785530480.0893896,2691,1.4807194562599681,1.476160537339894,8
1785530480.1148975,2692,1.4747346372933137,1.4835615964371571,8
1785530480.115943,2704,1.480621172917893,1.4762820711390128,8
1785530480.1160192,2707,1.4877073246946857,1.4675139966986415,8
1785530480.1617265,2715,1.4875081541124504,1.4663431331052945,8
1785530480.1650243,2724,1.4874574051533123,1.466050066884271,8
1785530480.1686187,2725,1.4957372095762074,1.467655564618184,9
1785530480.2057633,2732,1.5052818253215405,1.4774615948874426,8
1785530480.23471,2744,1.5319827474689283,1.4854429868509624,6
1785530480.278331,2753,1.5115993283825038,1.4772618938973414,7
1785530480.2784657,2752,1.5092050806034887,1.4788681241559622,7
1785530480.2825065,2759,1.512219983349121,1.4850629029256541,8
1785530480.3340113,2768,1.5085537383760075,1.493067539371435,7
1785530480.3341537,2766,1.5008980118101767,1.4915524156315292,8
1785530480.3342164,2767,1.5060879382193586,1.4876506570505295,9
1785530480.3343139,2771,1.5070049053535375,1.4899647420119668,9
1785530480.334487,2774,1.5187858506340255,1.5002792006871482,10
1785530480.3392456,2776,1.514444737101004,1.5038940194917645,10
1785530480.3528256,2778,1.5169770081765312,1.5042479032150715,10
1785530480.3619833,2779,1.5107895281671955,1.5102737311519179,9
1785530480.3922672,2784,1.507229593694471,1.525556388432559,8
1785530480.3923328,2785,1.506491622094056,1.5254397067790226,9
1785530480.3924015,2788,1.50862871672946,1.523311213756894,9
1785530480.3924403,2792,1.5086709980959427,1.5235543591365046,9
1785530480.3924727,2791,1.508872663301625,1.523352093017783,9
1785530480.3967733,2795,1.5067204716908398,1.5103752178315957,9
1785530480.4309337,2800,1.5081455067495297,1.508952066874233,9
1785530480.430954,2801,1.5138574250483736,1.5098860767402753,9
1785530480.4310038,2802,1.5147020580403239,1.5100181944996174,9
1785530480.437896,2806,1.5135757860181465,1.509832115376961,10
1785530480.4806614,2813,1.5199050745192062,1.5108896130412197,10
1785530480.4809024,2819,1.5219661202580417,1.5250784495057708,10
1785530480.4857757,2821,1.5165338476285837,1.524217479466934,10
1785530480.4900098,2822,1.5102500641288399,1.517045422311969,10
1785530480.52998,2828,1.510575848364726,1.5192264714766384,10
1785530480.531723,2826,1.5090334899291071,1.5189719212062445,10
1785530480.5327637,2831,1.5093625388800858,1.5211533722970023,10
1785530480.5420446,2837,1.5030016380845865,1.5200666170628885,10
1785530480.5760992,2841,1.5017966210166116,1.5186897596041968,11
1785530480.5887966,2843,1.5017634204300514,1.5109080021697374,11
1785530480.6400435,2844,1.4947821397250955,1.5067371785433354,8
1785530480.644589,2848,1.4970260522696799,1.5044935036064546,9
1785530480.6447675,2850,1.501261062097054,1.5037992992175608,9
1785530480.6448445,2851,1.507367562927136,1.4976957955724912,10
1785530480.6449296,2855,1.5073665750757856,1.497189795474925,10
1785530480.6449568,2857,1.5108034243600088,1.497187711422357,10
1785530480.6451175,2862,1.5077709250000488,1.4971898970266118,10
1785530480.6451395,2863,1.5019246278996314,1.5030333694494695,10
1785530480.6451747,2866,1.5052226659431382,1.5030449336546765,11
1785530480.6451921,2867,1.5052452033947483,1.5080008448018627,11
1785530480.6479104,2869,1.5133552723075498,1.5079914162676435,11
1785530480.6871457,2875,1.5160927433781197,1.5048670833183024,11
1785530480.6871786,2879,1.5160873387773288,1.4986818369702244,11
1785530480.6928494,2881,1.506823283467161,1.4962083558519357,10
1785530480.7043068,2886,1.5074451306905863,1.496312030094422,10
1785530480.7043068,2888,1.506495802080865,1.4896600952119734,10
1785530480.7079,2887,1.5035668361626036,1.493173396139702,10
1785530480.7617717,2896,1.5021786217425608,1.495415326559593,9
1785530480.7618854,2898,1.5064249071536315,1.4961190887446911,9
1785530480.765385,2904,1.507008856852599,1.4996233942277117,9
1785530480.8332243,2922,1.4959951314319204,1.4938713140659357,8
1785530480.9084463,2946,1.5004729998537942,1.5101368529649615,3
1785530480.9760811,2968,1.5063324861136687,1.4851191965915274,2
1785530481.0200922,2977,1.5031628946929794,1.4819494300356892,3
1785530481.0201807,2979,1.5002803336830968,1.4732678045789516,4
1785530481.021291,2981,1.4950509609179512,1.4707001744404375,5
1785530481.0507116,2989,1.5099583676438815,1.47797815515685,5
1785530481.0512443,2990,1.5195209950203834,1.4940276306154467,6
1785530481.0530055,2992,1.520936775684656,1.4916574124161475,6
1785530481.1031291,2994,1.5234868306704903,1.491619418644934,6
1785530481.1037996,3002,1.494265632239353,1.442356193147821,6
1785530481.1038342,3004,1.4906853187299232,1.4483139599756936,6
1785530481.1038828,3008,1.4904129656888356,1.4630984439524002,7
1785530481.1134264,3009,1.491064862786984,1.4639188885620018,8
1785530481.1137683,3010,1.4927607909433445,1.46356721941201,9
1785530481.1173906,3011,1.4924392892113367,1.465668122451586,10
1785530481.1556885,3016,1.5001613886970933,1.4568352764238504,10
1785530481.1557436,3017,1.4982242685562406,1.4571579732165656,10
1785530481.165624,3024,1.4965173866887407,1.4698081738410205,11
1785530481.1659207,3025,1.4880746731107224,1.471034569731327,11
1785530481.1781511,3028,1.480146877769051,1.4789632820755645,11
1785530481.2076313,3032,1.4809102385362938,1.4740338146723047,11
1785530481.2076623,3031,1.4799581791377117,1.4749858778843876,12
1785530481.2163527,3040,1.4760514879301434,1.4788926305796333,12
1785530481.2387345,3042,1.4693820618226447,1.4804713895638422,11
1785530481.2637277,3054,1.4677805199938871,1.4804555964654005,11
1785530481.2985492,3058,1.4647065786736364,1.48050273844285,11
1785530481.304019,3066,1.4891157125220973,1.4941708638906626,10
1785530481.3801074,3087,1.4971410048849938,1.4902787909573105,6
1785530481.4245381,3096,1.5156365965445355,1.493405048417038,4
1785530481.4246175,3097,1.499795627973297,1.493637930450283,5
1785530481.432274,3102,1.4846991861006233,1.4937019095992643,5
1785530481.4422472,3108,1.4847786439412567,1.469077275821523,5
1785530481.477731,3111,1.484720501573959,1.4870184688566357,5
1785530481.477731,3112,1.495228731240996,1.4713509254113848,6
1785530481.4779062,3113,1.4965258743008607,1.4717671135413417,7
1785530481.4780827,3116,1.4974752406000604,1.4767461829755602,8
1785530481.4783087,3115,1.4947529494711662,1.4803711429367339,9
1785530481.4783413,3117,1.4992369865473818,1.4854951835444032,10
1785530481.518685,3120,1.5031748834286867,1.4880386785863475,9
1785530481.5200274,3127,1.5066013537235081,1.4846035320818103,9
1785530481.5200424,3131,1.5071067108933462,1.487696067849324,10
1785530481.5219035,3132,1.5082062618026737,1.4941017515247912,10
1785530481.534931,3136,1.5007587096973214,1.5003101881699759,10
1785530481.550859,3137,1.5028117225096695,1.5006047432855343,10
1785530481.6620514,3139,1.5002764551569396,1.5068072704640636,8
1785530481.6632261,3144,1.499477389356352,1.5035618096219012,8
1785530481.6634147,3147,1.4997883226427033,1.5048185534579896,8
1785530481.6634765,3148,1.4927257644202827,1.5083546534790686,8
1785530481.6636648,3161,1.4894225434107458,1.5078871983760853,8
1785530481.6637156,3162,1.4843244884143958,1.5071421738640536,9
1785530481.6638296,3169,1.4897647322645051,1.5079367737266536,10
1785530481.665171,3176,1.4896604524126997,1.5073179763896645,10
1785530481.6755595,3175,1.4931839230852928,1.504383415680942,10
1785530481.6919966,3180,1.488451467822579,1.494480952055446,9
1785530481.7136924,3181,1.478450731893278,1.4910913530681842,9
1785530481.756814,3196,1.4777991051095238,1.4869728788387186,8
1785530481.7570214,3198,1.4973799806425534,1.4948533999247937,8
1785530481.762771,3200,1.4971802029193941,1.494350047100953,8
1785530481.8088126,3205,1.4995363378799635,1.4952897851805464,8
1785530481.8144076,3209,1.5002073062516255,1.4955571573927855,8
1785530481.8151782,3213,1.5074156403039876,1.502768652816253,9
1785530481.8153138,3216,1.5088251259062777,1.5113555413780126,9
1785530481.8596249,3224,1.5108395807130386,1.522939711371653,9
1785530481.8696468,3236,1.5058670383377784,1.493206364985726,8
1785530481.8888319,3237,1.5010193240867618,1.480367503331667,7
1785530481.947454,3253,1.5058457133400622,1.4803042184738808,7
1785530481.947492,3256,1.5239152392814412,1.457665739534988,7
1785530481.9526436,3258,1.5046688794623282,1.4579013425308966,7
1785530481.9835932,3268,1.4950513255086133,1.469973379823601,7
1785530482.01292,3280,1.4929251523966882,1.4726386900646673,7
1785530482.0263062,3282,1.4993053328881885,1.4615791326216983,5
1785530482.0360274,3286,1.4973571601951325,1.461586590627642,6
1785530482.0740445,3290,1.4979644879637501,1.4945518114944636,6
1785530482.0769875,3292,1.5016234527703443,1.4881444490957954,6
1785530482.0773613,3296,1.500517996871247,1.4947448048263345,7
1785530482.0774293,3294,1.4989186492988582,1.4951414355679,7
1785530482.0775416,3297,1.4992881155000264,1.4957570389789614,7
1785530482.0775416,3298,1.5029649363914468,1.4948522537338955,7
1785530482.0809386,3299,1.5031266174442304,1.4938710523011474,8
1785530482.1142561,3304,1.5023990084980572,1.4947202599017728,8
1785530482.114292,3309,1.5041596084546052,1.4969179441562832,8
1785530482.1143632,3310,1.5082899543029311,1.4961218086547878,8
1785530482.1165462,3311,1.5095360014731103,1.4885218964065308,8
1785530482.1223943,3312,1.5095909440279887,1.488181916647735,9
1785530482.1764112,3320,1.5116075925594468,1.4807624166596627,8
1785530482.1775255,3328,1.5063284234301684,1.4852827894398384,8
1785530482.1821115,3332,1.5044392406447356,1.4946784885548632,8
1785530482.205226,3331,1.505519871455883,1.4937531822563008,9
1785530482.216767,3340,1.501641535370531,1.497074804916326,9
1785530482.2195108,3341,1.4985809426570296,1.4970681059194122,10
1785530482.2623987,3352,1.4961605177778217,1.499488728819559,10
1785530482.2624369,3353,1.5016146559610448,1.499500041722394,10
1785530482.2679157,3354,1.5076769451084115,1.4995015334638329,10
1785530482.2803786,3358,1.5024233344948439,1.5004009795838267,9
1785530482.327636,3363,1.5089023273288424,1.5198274762336423,7
1785530482.3276675,3368,1.5037686710582319,1.5069982881483748,7
1785530482.32777,3369,1.498341388895403,1.500662139767676,8
1785530482.3278067,3370,1.5009003353580028,1.5011686445973196,8
1785530482.3352268,3376,1.5022678076253113,1.4994599588635513,8
1785530482.340842,3377,1.5000750806102703,1.4990248967113133,8
1785530482.3818493,3384,1.4992354063743931,1.4939806599268173,9
1785530482.382809,3389,1.4972994430779625,1.493661174912776,9
1785530482.38577,3387,1.4979652526353027,1.4976620815742345,9
1785530482.4318626,3396,1.494746387268995,1.5063808029413766,8
1785530482.432117,3399,1.4947688704906859,1.4950553529494026,8
1785530482.4322503,3405,1.501554264840611,1.5018376664116775,8
1785530482.4366314,3406,1.5082035372047442,1.501848751739909,8
1785530482.4429057,3407,1.5082066802791179,1.4969302341656976,9
1785530482.4689462,3411,1.5051008500099385,1.505526007003007,8
1785530482.5029783,3425,1.51111126102661,1.5055181977776024,8
1785530482.5386653,3432,1.5272977592827304,1.494653344463725,6
1785530482.5455558,3437,1.5301427522911815,1.4939316961136972,6
1785530482.5547998,3442,1.5187700582144688,1.4968167332910618,6
1785530482.6331897,3446,1.503533524610985,1.486729703660821,6
1785530482.6829925,3459,1.5059629056934538,1.4793640518859825,5
1785530482.6830122,3461,1.5086354862684574,1.4784591621373944,5
1785530482.683033,3463,1.5126381533480726,1.4744730685601872,6
1785530482.6831675,3465,1.5200900883539206,1.4819117780402948,7
1785530482.6832528,3466,1.5138989227800441,1.4831596856615723,7
1785530482.6832771,3467,1.5129706569857122,1.487576807644715,8
1785530482.6833205,3469,1.5095040645111928,1.488169776972423,9
1785530482.6833704,3470,1.5175920735961783,1.4962636833930836,9
1785530482.683413,3471,1.5163397887611176,1.5037522917289077,9
1785530482.6834583,3473,1.5061451758382565,1.5054396223836184,9
1785530482.6835709,3478,1.5113657407001355,1.5045690745409495,9
1785530482.6931825,3483,1.5129502060371067,1.4951352382205072,9
1785530482.696082,3484,1.514548515864566,1.4935357744381668,10
1785530482.7053337,3485,1.5151536911623342,1.4935384435766101,10
1785530482.725174,3490,1.514951966210378,1.4935376254968125,10
1785530482.7361,3495,1.5149382584992246,1.5038040038256328,10
1785530482.8120182,3510,1.511126106537589,1.506693344240941,10
1785530482.8620834,3533,1.5125434780087013,1.5066981384824236,10
1785530482.8653526,3535,1.5067892275257944,1.514367477500408,10
1785530482.8988016,3541,1.516049118017724,1.5358598655754367,6
1785530482.8988223,3542,1.5108446544678718,1.525389000580204,7
1785530482.8988585,3543,1.510899253069869,1.516913056313187,7
1785530482.9361591,3547,1.5082685331470844,1.5223587073455012,6
1785530482.9369426,3556,1.51215187059935,1.51589688805591,7
1785530482.9702902,3558,1.5170417291429255,1.517070499135582,7
1785530482.9850569,3568,1.5101775486376217,1.5284885333461453,7
1785530482.985092,3569,1.508932801532358,1.528176317251109,7
1785530482.9851067,3572,1.5096890304219472,1.5325855309213112,8
1785530483.0241773,3574,1.512961906740496,1.5332446609654475,9
1785530483.0248795,3580,1.5150475193682187,1.5301195005234247,9
1785530483.032636,3586,1.5139973901242547,1.5299060267163553,9
1785530483.0467355,3589,1.5081367331098756,1.5287759112177637,9
1785530483.0678809,3591,1.5077414824712412,1.5258756813915457,9
1785530483.1323397,3604,1.5087773941562261,1.5369211885703913,8
1785530483.1365464,3610,1.5076963223326136,1.5405228050174258,7
1785530483.1371684,3615,1.5071620539962358,1.5377571447717684,7
1785530483.190464,3624,1.5118423595825607,1.532360448206131,5
1785530483.1906357,3628,1.526736945151503,1.517268025778641,5
1785530483.1906893,3632,1.5219861549771752,1.5030881874443265,6
1785530483.1907303,3631,1.524542409660127,1.5013683913183826,7
1785530483.236674,3640,1.5266649229612004,1.4999406107565543,7
1785530483.2857378,3658,1.518913287206682,1.4968471463663713,6
1785530483.3280919,3668,1.5265428573936155,1.5084397395469826,6
1785530483.3281162,3666,1.508182120828314,1.5011589495412494,7
1785530483.328167,3667,1.5060624805070502,1.5025730464910143,7
1785530483.3285403,3673,1.4983806788574883,1.49948996672481,8
1785530483.381233,3679,1.4968916361891507,1.4971973225497361,7
1785530483.3812761,3677,1.4897415966395287,1.4936274717089615,8
1785530483.3817062,3687,1.4900177150747003,1.494452369324274,9
1785530483.3883867,3689,1.5038967410692674,1.50002405419052,9
1785530483.3909302,3690,1.5130952980035213,1.4975868242410897,8
1785530483.437742,3700,1.512532586998078,1.4987173060977477,8
1785530483.437873,3704,1.5088315746153598,1.487632029802196,8
1785530483.4382927,3706,1.5109507125527912,1.488703725325935,8
1785530483.447905,3709,1.516192986893029,1.4913002312943597,8
1785530483.4869368,3717,1.5168671892817895,1.4921991163129176,9
1785530483.4869862,3718,1.511575572299088,1.491113550634329,9
1785530483.4938369,3723,1.5123972176811256,1.496909059219811,9
1785530483.5269592,3728,1.5129282410576315,1.5007056534465841,9
1785530483.5343409,3736,1.5149309740160468,1.4977058232269354,9
1785530483.5348952,3735,1.5130079410698338,1.4843732613190816,9
1785530483.5397754,3737,1.506282115246163,1.4830008055529638,9
1785530483.7002504,3744,1.4965485518150348,1.4713848719248248,5
1785530483.7005246,3753,1.4982900331101856,1.4724227744907996,6
1785530483.7006044,3755,1.4984971540577197,1.4632308995365622,7
1785530483.7006624,3758,1.497726631365078,1.4628492744593926,8
1785530483.7006822,3760,1.4848559766429186,1.4708654122739153,8
1785530483.7007382,3764,1.4869435530363362,1.4632229208656582,8
1785530483.7007756,3762,1.4889631952538627,1.4629315216849068,9
1785530483.7008274,3766,1.4873340132276158,1.4631760794271362,10
1785530483.7008615,3767,1.4830258996379606,1.487614396068907,10
1785530483.700877,3768,1.4831558762047121,1.4867841976650318,10
1785530483.7009063,3769,1.4845957110967958,1.4865912856991865,11
1785530483.700922,3770,1.4892056849580162,1.4912011509438194,11
1785530483.7009692,3776,1.4879339041535573,1.500332102459899,11
1785530483.7009842,3775,1.4934298906951706,1.494836516309359,12
1785530483.7010484,3779,1.4934323738095812,1.4825771011236297,12
1785530483.7010808,3781,1.4920988989553445,1.4825715537857054,12
1785530483.7070742,3786,1.4948547377795882,1.4825816700096923,12
1785530483.7071438,3787,1.4931772045837675,1.4842593401891837,12
1785530483.742138,3791,1.494030960254837,1.4915041468297376,10
1785530483.742538,3793,1.4922090097824365,1.4914969152406177,10
1785530483.743013,3796,1.4973429624558674,1.4863548088715592,10
1785530483.7431378,3797,1.4968802446020513,1.48635495041107,11
1785530483.7532904,3798,1.492618365297996,1.4863299497626392,11
1785530483.7540863,3799,1.4947299272044428,1.4839136967494402,11
1785530483.8023856,3805,1.4929527418012218,1.483900620532897,11
1785530483.8026383,3814,1.4929527089974506,1.4839006203799263,11
1785530483.8503988,3826,1.5021832462227762,1.4839577935927954,11
1785530483.8980854,3838,1.49277705259957,1.4839001699325414,11
1785530483.9471464,3852,1.480312053782667,1.4676490046901718,5
1785530483.9622834,3862,1.4674326833649498,1.489953611366637,3
1785530483.9752932,3861,1.4666115549026943,1.4883526251082573,4
1785530483.9948592,3863,1.4647571781872493,1.4939238233344898,5
1785530484.033168,3882,1.49396916402676,1.4843599611616243,5
1785530484.0740979,3895,1.496880470859701,1.481448632451802,6
1785530484.0820715,3896,1.4968337705212809,1.487696878036379,7
1785530484.1197944,3910,1.5042277388990677,1.4877038044541295,7
1785530484.1226857,3911,1.5042970758773935,1.4769461786276623,7
1785530484.1250918,3912,1.5043256118505146,1.4808981518188062,7
1785530484.1573336,3916,1.5039442188466567,1.4812030899501842,8
1785530484.1574717,3918,1.508646657990243,1.481967681727005,8
1785530484.1576,3921,1.5220611464631764,1.4934424364561236,8
1785530484.157653,3922,1.5216232273703714,1.4933672801514966,8
1785530484.1582525,3923,1.5229535042515638,1.5002171477358053,8
1785530484.178957,3926,1.5133388298328707,1.4919942498769627,9
1785530484.1992002,3928,1.5096778242190845,1.4951297205764118,9
1785530484.2008638,3932,1.5096888125443757,1.4930035465019469,9
1785530484.2009547,3931,1.5061431360463247,1.4960418094305057,9
1785530484.200973,3933,1.5072005112439744,1.4969471567684194,9
1785530484.2047849,3936,1.5071962091578643,1.498357004160689,9
1785530484.2104814,3938,1.5147084712209817,1.5047848160486235,9
1785530484.2311478,3940,1.5207439172646173,1.4996174997915757,9
1785530484.2519617,3944,1.5207396623344716,1.5006324835003817,9
1785530484.2523777,3942,1.503065405509161,1.5007115415417651,9
1785530484.2524035,3945,1.5043635310728956,1.5018241212636196,9
1785530484.2524838,3946,1.507901249025445,1.501836830708933,9
1785530484.2525692,3948,1.507895772288273,1.4999240559932872,9
1785530484.252604,3949,1.5069697921213128,1.499922940570391,10
1785530484.25263,3950,1.5069697812138647,1.4999229405903112,10
1785530484.255778,3951,1.5069768359715956,1.502401638630809,11
1785530484.3009984,3961,1.5059672598567568,1.5024009667807772,11
1785530484.312437,3966,1.513842054159595,1.5023927679835494,11
1785530484.3488557,3973,1.5082893167069997,1.50240177921074,11
1785530484.34892,3975,1.5082897859834552,1.5061919482974355,11
1785530484.3524766,3978,1.5081889193228801,1.5061921602072683,11
1785530484.3722541,3984,1.5081994819177469,1.5071913352497093,10
1785530484.3920794,3985,1.511728979337697,1.5071877189979719,10
1785530484.4558568,4012,1.5017759156151573,1.5137968928508874,5
1785530484.4622471,4016,1.502609120899147,1.5162151897936356,6
1785530484.4794624,4014,1.5062250408027777,1.5171274692106773,6
1785530484.497528,4018,1.5030151121523525,1.5163132611472563,7
1785530484.4981387,4021,1.5037676622445788,1.5165015842065839,7
1785530484.4989266,4025,1.4998226698727575,1.515512389474017,8
1785530484.534165,4032,1.5000039684191617,1.5164414628733858,8
1785530484.5504563,4035,1.4962354286310255,1.4974611056255025,8
1785530484.56288,4044,1.4946030357726554,1.4894422191492744,8
1785530484.5702026,4046,1.5060207475477858,1.5031365695139691,9
1785530484.5815895,4048,1.5046128610457534,1.5048288699814725,9
1785530484.6164515,4051,1.5008587316849493,1.509339131907634,10
1785530484.6647701,4068,1.5003683818118665,1.506014923944349,9
1785530484.667563,4071,1.5015371819982402,1.514172457425005,9
1785530484.7828908,4107,1.4709869503009092,1.5021009006185762,3
1785530484.8123138,4120,1.488678238203513,1.502113330337233,4
1785530484.8252623,4122,1.5050940618791937,1.5016999406255056,4
1785530484.8629155,4126,1.5074310056168532,1.5024875172843692,5
1785530484.8630188,4129,1.5048261881716718,1.5016174327808451,6
1785530484.8846662,4137,1.502253871208995,1.5089546645073588,6
1785530484.9044135,4140,1.502261214741998,1.5042428019707654,7
1785530484.9044833,4141,1.5148370795854356,1.5041809478736932,7
1785530484.9129386,4146,1.5100328931534106,1.5042171677208975,7
1785530484.9694788,4160,1.5100328737453186,1.5049298554002293,8
1785530484.9827726,4169,1.5126048813505653,1.5049376845881892,9
1785530485.0165553,4173,1.515593372363036,1.49129057382636,7
1785530485.0267715,4174,1.5006225569472678,1.4962527828924472,7
1785530485.0277555,4180,1.4953910447324388,1.5040874595574467,8
1785530485.028042,4182,1.495155586444255,1.5040870308231031,8
1785530485.0540335,4186,1.5103790494411455,1.5040969606431538,8
1785530485.0541446,4191,1.510362247997796,1.4974960475830859,9
1785530485.0931928,4196,1.510368832764986,1.4994853852381054,9
1785530485.095874,4195,1.5104213074517385,1.4994223721721183,10
1785530485.0960622,4201,1.5037882717612485,1.4982990250745392,10
1785530485.1051722,4205,1.4991428861415845,1.4989756494533832,9
1785530485.1390471,4210,1.491135468813281,1.4973652441842766,9
1785530485.1392972,4211,1.491027034091248,1.4966078057726433,10
1785530485.1400404,4217,1.4947491278192888,1.4972256617433568,10
1785530485.1596794,4220,1.4955397716159295,1.502657499054336,10
1785530485.213549,4224,1.494967369153883,1.4987528538480746,11
1785530485.217234,4227,1.4976769763229132,1.5056992442482948,10
1785530485.217234,4228,1.5045532985635068,1.4988231759031994,10
1785530485.21731,4231,1.5058756974000438,1.4975007914663325,10
1785530485.2173772,4236,1.5064123377564067,1.4990926973689394,10
1785530485.2173934,4238,1.5086836937570978,1.5013640157168155,11
1785530485.2174065,4239,1.5080963594555412,1.4973497573666603,11
1785530485.2644894,4246,1.5149212575569486,1.498333190072855,10
1785530485.264647,4251,1.5156818445818387,1.5028645892015557,10
1785530485.265714,4253,1.5144728217109733,1.502686451568173,10
1785530485.2699904,4252,1.5186117256681084,1.4992372524489932,10
1785530485.3111744,4264,1.515619990611232,1.5017393085261623,9
1785530485.311199,4265,1.5143090279455929,1.5015484090194906,9
1785530485.3160365,4270,1.524217338131121,1.503002675325175,9
1785530485.3685718,4278,1.5168235267467718,1.494194278246742,8
1785530485.3686388,4279,1.5110801081497724,1.5014072320635445,8
1785530485.3686953,4285,1.5068498708172047,1.5005576857335357,9
1785530485.3713098,4286,1.502584358101158,1.4948698535780849,9
1785530485.4734735,4318,1.4905663612074433,1.4897941487371347,7
1785530485.4878118,4320,1.4913403537212078,1.4952047025822948,8
1785530485.5157201,4330,1.486273401718009,1.5084746812017245,6
1785530485.516862,4331,1.4862773341985807,1.5016244449825016,7
1785530485.5587285,4336,1.4867373742730396,1.5010499070677128,8
1785530485.5588,4337,1.4906619932660503,1.5018106536841695,9
1785530485.5588188,4338,1.490661993328138,1.5018106537227205,9
1785530485.55939,4342,1.487336022564126,1.5011650436647885,9
1785530485.5595145,4343,1.4884619585370769,1.5089955821955032,9
1785530485.6538072,4346,1.4942092825120075,1.5150253627838166,7
1785530485.6555717,4353,1.4955669385767376,1.5167259658782088,8
1785530485.6557093,4364,1.4952672483550236,1.5185870078677512,9
1785530485.6557477,4365,1.4735327429362624,1.496786503086955,9
1785530485.655765,4366,1.484786920014853,1.494896561011335,9
1785530485.7024665,4385,1.4811717693904072,1.492437232245466,8
1785530485.7130344,4389,1.5025956190905432,1.519279474250011,8
1785530485.71428,4390,1.4987990759835679,1.5200416405171189,8
1785530485.7588081,4395,1.495689993164502,1.5232232654588422,8
1785530485.7588336,4402,1.4905600399255048,1.5252935107013728,7
1785530485.7876368,4409,1.4959172525261857,1.524136942951838,6
1785530485.843907,4428,1.5006988386642586,1.514571792734303,7
1785530485.8490982,4430,1.4960773573929518,1.5114572607398866,7
1785530485.923071,4444,1.4950510128000385,1.5012374326310653,6
1785530485.9231193,4450,1.5049505043689058,1.5012456126998115,6
1785530485.9332325,4456,1.506010435032415,1.5001835193150008,6
1785530486.0090458,4474,1.5211871533588104,1.4935202613305019,4
1785530486.0841694,4497,1.516220845147544,1.489894710094273,3
1785530486.0842094,4500,1.5162411301784837,1.4934739074206616,4
1785530486.0890696,4502,1.5125918954440256,1.4898200176534107,5
1785530486.123427,4505,1.506535835077303,1.4913076446131275,6
1785530486.1235378,4503,1.5058284004898772,1.494879626510036,7
1785530486.1236074,4510,1.4958142192987185,1.4968793006912926,7
1785530486.1671884,4517,1.5095776430504024,1.4900687960835703,6
1785530486.167248,4515,1.5076760528896276,1.4938560280591815,6
1785530486.1673324,4516,1.5075793760944847,1.4939527371680272,7
1785530486.1673582,4521,1.510170420217324,1.4965473044679136,7
1785530486.167379,4522,1.5042767318749033,1.4977252104290986,7
1785530486.1674871,4524,1.5054871874765603,1.491684239306554,7
1785530486.1739454,4527,1.507442923834808,1.4818175755964145,7
1785530486.216238,4531,1.5055198078045307,1.4837362291064624,8
1785530486.2164695,4534,1.5044610995064736,1.4837351858067342,8
1785530486.216489,4535,1.5044745774920294,1.48181575136026,9
1785530486.2625322,4544,1.5044755239052992,1.48170547701948,10
1785530486.2633815,4549,1.5041325832953187,1.4817059796621517,11
1785530486.307416,4560,1.5040754750152614,1.4868387212439975,10
1785530486.3074963,4561,1.502254860465629,1.486582320176121,10
1785530486.3137465,4569,1.5117703241591611,1.4948998014444745,10
1785530486.3168008,4570,1.5086357547740417,1.4944493720095895,10
1785530486.3522315,4578,1.5057207049876395,1.4940438527494775,11
1785530486.3658903,4580,1.5055046965226102,1.4924951867818548,11
1785530486.3899372,4585,1.5025639759677922,1.4965921339562813,8
1785530486.3903077,4587,1.5025604122689615,1.4973947440053605,9
1785530486.3903809,4589,1.4975422482672713,1.4974234013201397,10
1785530486.3904145,4592,1.4975353364226744,1.4983654437432252,10
1785530486.3904574,4591,1.4967052234075076,1.499195591154825,10
1785530486.3959103,4595,1.496677022138573,1.5056703197126804,10
1785530486.4369872,4600,1.5105714972599062,1.4917760117589882,11
1785530486.4807465,4612,1.5042768778252107,1.4980705623550599,11
1785530486.4822843,4618,1.5072637819500176,1.4984939639114756,11
1785530486.5236633,4625,1.5029844776150347,1.4863491803708024,9
1785530486.5237453,4629,1.5072247829838705,1.4911924840172357,10
1785530486.5239878,4630,1.5035097081428754,1.4905656102195506,10
1785530486.5263698,4633,1.5077620265050296,1.491258912822174,10
1785530486.5399504,4637,1.5078652922223195,1.4912764745410945,10
1785530486.5845356,4652,1.512203493481448,1.4982356854522263,9
1785530486.6010602,4654,1.512053387540543,1.4919322489988804,6
1785530486.6743374,4657,1.503394186964355,1.4919903412972366,6
1785530486.6745446,4665,1.4955764628834844,1.4790000191981938,6
1785530486.6745892,4667,1.4955766280010667,1.4861869224722846,7
1785530486.6746497,4670,1.4959482970931672,1.4866508783979413,8
1785530486.67471,4672,1.4867587875371018,1.4973891432704518,8
1785530486.7006557,4677,1.4868563705548183,1.4975116316777595,8
1785530486.7261548,4679,1.4892319863694392,1.483333750228975,8
1785530486.7263515,4684,1.4804445108617432,1.49360992576753,8
1785530486.7265654,4688,1.4826163804878265,1.480884782157451,8
1785530486.7266243,4687,1.48945685798539,1.4728964651248033,9
1785530486.7268002,4690,1.4941734681964476,1.4728855736375426,9
1785530486.7268264,4691,1.4941396337969308,1.4794814743096558,9
1785530486.7298756,4694,1.4927189171540596,1.4778253265970767,9
1785530486.782836,4706,1.5107287998046883,1.498553226569974,8
1785530486.787475,4709,1.5119241482371093,1.4985545795577475,9
1785530486.787502,4710,1.5136157918286932,1.4985399715213925,10
1785530486.8024764,4715,1.5136040977955736,1.5049133510670956,10
1785530486.8336134,4718,1.5005320335110064,1.4875083138042007,10
1785530486.8343594,4725,1.5046003308454923,1.4929289350418324,10
1785530486.8360317,4727,1.5046215590566112,1.485736245625333,10
1785530486.846515,4728,1.5046282125045491,1.4905895491263637,11
1785530486.8511817,4730,1.5098237565044943,1.4965260240194262,11
1785530486.880724,4732,1.5206765159710078,1.4894901074455593,10
1785530486.8807986,4736,1.5206857972731576,1.488576276934151,10
1785530486.887587,4737,1.5145501685395584,1.4824596449212422,10
1785530486.8882256,4739,1.5144768253496035,1.4910756216595185,10
1785530486.9396918,4745,1.5067516336950464,1.4967273652463406,8
1785530486.939813,4744,1.5069220281914961,1.4965813973317192,8
1785530486.9398575,4750,1.5109496017171822,1.4959067858541393,9
1785530486.9542692,4758,1.5015946338741855,1.4974961715934483,9
1785530486.954716,4759,1.5009083412416535,1.498182240715408,10
1785530486.9888878,4760,1.5009085507813,1.4991926116186585,10
1785530486.9919875,4765,1.5119349518394,1.4991514708835414,11
1785530486.9920652,4767,1.511937846760044,1.4923019334111263,12
1785530486.9921267,4772,1.5119302573146767,1.4962064164822104,12
1785530487.002318,4776,1.511925642242395,1.4943576778315215,12
1785530487.036852,4782,1.5152022434973467,1.4943451450533052,12
1785530487.1065295,4808,1.5156332179248393,1.4866598759207759,9
1785530487.1634362,4818,1.5501334329625462,1.471746069363169,5
1785530487.1723547,4828,1.530380426569387,1.4851907004422407,6
1785530487.2067177,4832,1.5144163141433986,1.5117871205623277,3
1785530487.206871,4831,1.5093190190321442,1.5167964836246937,4
1785530487.2071314,4836,1.5007223301442336,1.503898007620377,5
1785530487.2565835,4852,1.5017840892021188,1.5033701283748722,5
1785530487.2657108,4854,1.5028484784904277,1.5039039784232648,5
1785530487.3047717,4859,1.5038208779877686,1.5053518054244448,6
1785530487.3056507,4860,1.4996717184439203,1.4991606572374292,6
1785530487.3057044,4862,1.494845702423977,1.4957081679998623,7
1785530487.3057296,4868,1.4945060054763268,1.4943558107243646,7
1785530487.314055,4869,1.4998533065729265,1.4981813836704747,8
1785530487.314767,4870,1.5049422838568154,1.4981995527641372,9
1785530487.3185244,4871,1.504936616216415,1.4961768780628235,9
1785530487.3523483,4876,1.506581262956112,1.494768694517817,9
1785530487.3531697,4874,1.5132008083816109,1.5004398957312495,9
1785530487.353226,4878,1.5115511678087308,1.5004409064077049,9
1785530487.3589234,4883,1.5115684713674162,1.5038848003981116,9
1785530487.3967018,4888,1.515910894115902,1.5001704793100974,9
1785530487.3972712,4892,1.5158968571899694,1.4966216056750754,9
1785530487.3973134,4891,1.5222369781036815,1.4912010515932157,9
1785530487.3974547,4893,1.5255502097542215,1.4940357943759799,9
1785530487.3994358,4895,1.525549798369792,1.4877353680494037,9
1785530487.4034188,4896,1.525561357400645,1.4894337531682191,9
1785530487.4065437,4897,1.5190519683406747,1.489458544568245,10
1785530487.4402523,4903,1.5198556612252339,1.4886555164848263,10
1785530487.4403207,4907,1.5198565935154187,1.4895688948845796,10
1785530487.4468453,4909,1.5246163332200484,1.489553619220342,10
1785530487.4832635,4915,1.5247171005582996,1.4894530208254857,10
1785530487.4834394,4917,1.5244136171513185,1.4891503764069423,10
1785530487.5755162,4948,1.520764422102883,1.490518071293525,7
1785530487.5832207,4952,1.5204887913788592,1.4894062091904339,7
1785530487.6701484,4956,1.528876477095869,1.5076146728570468,5
1785530487.6702554,4960,1.5371837181977301,1.503438668578799,5
1785530487.6703107,4959,1.5355402513768734,1.4984001944856902,6
1785530487.6703315,4961,1.5216841357427597,1.4960766365065066,7
1785530487.670381,4962,1.526980772879263,1.4968954834271788,8
1785530487.6704047,4963,1.5269810753776163,1.4968956208975956,8
1785530487.6704707,4968,1.525199226394462,1.4878212714368932,8
1785530487.6705608,4969,1.5240129911576803,1.4876359341002867,9
1785530487.6706355,4971,1.5251713364282515,1.4946223688544211,9
1785530487.6706595,4973,1.526139047994452,1.494788399378222,9
1785530487.670689,4975,1.5192507298875517,1.50169788487596,9
1785530487.6904497,4980,1.5164375740474967,1.5008000094087377,8
1785530487.7200332,4985,1.5194628074654863,1.502011536326024,8
1785530487.720107,4984,1.515309067079821,1.5061773667312734,8
1785530487.7201781,4990,1.5175276764351053,1.5070676214668735,9
1785530487.7238352,4992,1.5122150765700026,1.4909991111118195,9
1785530487.733311,4995,1.5065579356166783,1.4741990972422365,9
1785530487.733311,4996,1.508514282006228,1.4715850652147773,9
1785530487.7553537,4997,1.5141881580521446,1.473887852674426,9
1785530487.7697127,5005,1.5184369253052739,1.4755750327415706,9
1785530487.7698162,5006,1.5234527567031497,1.4813179843374105,10
1785530487.7873209,5011,1.5309338481755297,1.4714909505701645,9
1785530487.8140986,5016,1.532621261402978,1.4829753545147017,9
1785530487.8623135,5025,1.5314695015055262,1.4814283121668892,10
1785530487.8637366,5028,1.5314776382658062,1.4845986950629706,10
1785530487.8648078,5036,1.531463414948937,1.4876707863679437,11
1785530487.870293,5035,1.5344697763825006,1.4842252375319938,11
1785530487.8733351,5037,1.5294048632963666,1.481010938194911,10
1785530487.8765001,5039,1.5294185696351845,1.4793257792724672,11
1785530487.9119675,5048,1.5294177589825024,1.479415029550471,11
1785530487.91362,5046,1.5298728121419622,1.4794106602304795,12
1785530487.9136746,5047,1.5192678544963065,1.4900143820605032,12
1785530487.916183,5049,1.5196214781528508,1.4903679726792276,12
1785530487.9234996,5052,1.5185804034786015,1.4901856779251053,11
1785530488.0031476,5068,1.5027212491935777,1.4966729323380712,7
1785530488.0032358,5072,1.5007793245752885,1.4885767950680857,7
1785530488.0626056,5082,1.4841725309166527,1.485849363809302,7
1785530488.0628555,5092,1.4758682813223778,1.4908731790638263,7
1785530488.0637193,5096,1.4773379372679774,1.496974415129169,7
1785530488.0674655,5094,1.4712463201627537,1.4959405286846321,7
1785530488.113968,5108,1.4713178351558276,1.5173387092025108,5
1785530488.1480155,5116,1.4762808345436718,1.5229931257733387,3
1785530488.1625395,5118,1.5184456782075224,1.544147041443557,3
1785530488.2111056,5127,1.5069819286633768,1.52123585991572,4
1785530488.2127452,5131,1.5062941797811389,1.5215657214567906,5
1785530488.2129443,5136,1.5048026127598015,1.5193443353735079,6
1785530488.2130086,5137,1.496386415265778,1.515928015419363,7
1785530488.269468,5156,1.4818905165094551,1.4868135863547127,7
1785530488.3116539,5164,1.4875840331023642,1.4829630425382123,7
1785530488.3382585,5170,1.490971306157297,1.484280352116946,8
1785530488.3484533,5176,1.4931994697463609,1.4820479113890266,8
1785530488.402272,5196,1.4847320486789723,1.473171396422542,7
1785530488.4082928,5197,1.4924889308860563,1.4762484182614222,7
1785530488.4095964,5198,1.513250217368669,1.494040268311879,8
1785530488.4405699,5202,1.5106008241611741,1.486914934146906,7
1785530488.4406369,5206,1.5062435988326122,1.4869026169711754,7
1785530488.481412,5213,1.4975219268765487,1.5040097677742341,7
1785530488.4814854,5212,1.4921012808096505,1.5148392887242657,7
1785530488.4861407,5220,1.4920935063714078,1.51837802118536,7
1785530488.4995706,5223,1.4921041464041418,1.5130642490959572,8
1785530488.523208,5228,1.4921253364466187,1.5168085607552049,9
1785530488.525169,5229,1.4915520551205848,1.5161216302687583,10
1785530488.5251899,5230,1.496438075981134,1.5153114737097828,10
1785530488.5277424,5233,1.495204575357108,1.5155098901548871,10
1785530488.570469,5240,1.4958605749758627,1.5106979891084085,10
1785530488.6644003,5248,1.496891929418757,1.4966101884537488,8
1785530488.6657474,5261,1.5084805957360934,1.4966205022415722,8
1785530488.6658466,5267,1.50849879948728,1.5033323821282467,9
1785530488.6658757,5268,1.5085024558407774,1.5052127447669295,9
1785530488.6659777,5276,1.5084904565981485,1.5023763517839008,9
1785530488.7065878,5288,1.5085059252880881,1.5073782753286793,8
1785530488.7128878,5289,1.5062392112781857,1.5051119695290438,8
1785530488.7612324,5300,1.5077805869632608,1.4967496057031209,6
1785530488.7923546,5308,1.5120289457136087,1.4942060175403715,6
1785530488.7926247,5312,1.5120268509165573,1.4947730533331571,6
1785530488.8228455,5317,1.512551375140253,1.4947715556157675,7
1785530488.847409,5326,1.5107544561180624,1.4947657903289266,8
1785530488.8474593,5327,1.5110313789171617,1.4669862728298053,8
1785530488.8890638,5336,1.5107505898460472,1.4483999217826857,6
1785530488.8914247,5334,1.5081133550383214,1.448399741568137,7
1785530488.8917067,5339,1.5079117547920764,1.480048765341588,7
1785530488.908399,5346,1.5169982808341862,1.4800269419256058,7
1785530488.9346442,5347,1.5126560921370031,1.4905474548067768,7
1785530488.936277,5349,1.508207319960968,1.485362389287055,8
1785530488.936403,5352,1.5105338916285915,1.4995439479384614,9
1785530488.9364383,5353,1.5151242717189783,1.5002510745158608,9
1785530488.93941,5357,1.511368135930597,1.4996466759558869,10
1785530488.956233,5359,1.5094507467051097,1.5019384269683929,10
1785530488.9809384,5364,1.5083976958020768,1.4941441321441689,10
1785530488.9810112,5365,1.5056050554107718,1.4937067461004805,10
1785530488.9869907,5370,1.4983571231795798,1.4925438664270207,10
1785530489.044176,5380,1.4951543754919714,1.496385387929511,10
1785530489.0443134,5385,1.5006773546868846,1.5027019820260101,10
1785530489.0443454,5386,1.4971625652223945,1.5021380311381902,10
1785530489.0443676,5388,1.4981661269948954,1.509611064043857,10
1785530489.083009,5392,1.4988622240944764,1.5087780410749834,10
1785530489.0865448,5397,1.4961154417802447,1.5056347810659847,10
1785530489.090053,5402,1.4995643794692375,1.522276314637145,10
1785530489.0938833,5403,1.4995390335381105,1.5248687595380386,10
1785530489.0938833,5404,1.4969693985757542,1.5282921927961681,10
1785530489.1142821,5408,1.4969490212544432,1.522443838376774,11
1785530489.1312475,5411,1.4969707609337124,1.5117856101517302,12
1785530489.1313055,5412,1.49705465371305,1.5040868035147876,12
1785530489.1412463,5416,1.49876082687101,1.5035437307628785,11
1785530489.1412754,5417,1.501128483681007,1.503528985732503,12
1785530489.1542947,5418,1.502364545714317,1.503520833554522,12
1785530489.1922164,5427,1.5057508843716056,1.488354981407302,10
1785530489.2073567,5437,1.50811778968605,1.4880044013495268,11
1785530489.2378016,5441,1.5051367996182743,1.4884351764174957,11
1785530489.2901669,5454,1.4879836277652119,1.4769816577915402,8
1785530489.3463738,5470,1.4932617000758277,1.4618838018842095,5
1785530489.3466003,5472,1.4932781728150428,1.492584139887569,6
1785530489.3916101,5480,1.4932989963034848,1.4870573022545528,7
1785530489.394411,5492,1.4932694230631707,1.514154688717302,6
1785530489.4176564,5496,1.483751574360209,1.5019840121978776,5
1785530489.4492602,5504,1.477184798258479,1.5153081110190447,4
1785530489.497887,5513,1.5106341389311138,1.5156136382905423,4
1785530489.497939,5523,1.5106350958799786,1.5156130153592324,5
1785530489.5330825,5528,1.5106023802586768,1.5122936142869525,5
1785530489.5525212,5538,1.5283239705085825,1.5123542411028066,5
1785530489.5588775,5539,1.5301356166945743,1.5111409306914643,6
1785530489.5907462,5540,1.5244239975663862,1.4939495202095006,6
1785530489.59123,5545,1.516404736779126,1.4920137541153529,7
1785530489.5913584,5547,1.5109144579689184,1.4703629077046223,7
1785530489.6961553,5560,1.500893718179184,1.4709262270195969,7
1785530489.6969898,5564,1.4995066777938493,1.467400482437522,7
1785530489.6970491,5566,1.5094387261382418,1.472423015271043,8
1785530489.697287,5574,1.5044210459828418,1.4698940005989467,8
1785530489.6973872,5578,1.4903915218987118,1.462824547418193,8
1785530489.6974678,5581,1.490965631300007,1.463114803463845,8
1785530489.7299926,5585,1.4870618061528824,1.4611777176044523,8
1785530489.7319684,5590,1.489151828122774,1.4622131475176074,8
1785530489.7320848,5593,1.4861351898767863,1.4606850295647695,8
1785530489.7332444,5595,1.4917078652088207,1.477134641525638,8
1785530489.7332444,5596,1.4951116334456016,1.4703423412878367,8
1785530489.7407162,5597,1.4891205785792054,1.46738864394242,8
1785530489.783734,5599,1.4884801947427884,1.4686627348484689,8
1785530489.7840195,5606,1.4924059893877486,1.4739027679852235,9
1785530489.7840195,5608,1.4873958613332487,1.4814065501775002,9
1785530489.7890913,5611,1.4899844802051643,1.4775297725993564,9
1785530489.8305912,5616,1.4921727539061005,1.4929811935434945,10
1785530489.8307223,5624,1.4924481826576654,1.495022330219088,10
1785530489.8308027,5622,1.491723792641008,1.4949045439004272,10
1785530489.8308296,5623,1.4902487989442739,1.496670026497032,10
1785530489.872877,5629,1.488593253932256,1.4963980708893172,10
1785530489.8756862,5637,1.4945953185891416,1.5032559707840034,11
1785530489.8756862,5638,1.4886668494351103,1.5033074586031288,11
1785530489.9160268,5644,1.4969448503375296,1.4938614730137416,11
