mode,received_at,frame_start_seq,frame_span_ms,anchors_used,x_m,y_m,reference_error_cm
rolling,1785482205.8603194,,200.11472702026367,3,1.5538266421019424,1.549144603847409,5.791766940656645
rolling,1785482205.9905074,,330.3027153015137,4,1.5435250710858885,1.5545796281963185,6.210500071937124
rolling,1785482206.166817,,306.49757385253906,3,1.5524931934688295,1.5635039126181935,7.1812058966449195
rolling,1785482206.2714229,,280.9154987335205,3,1.5529635733182972,1.583186990544506,9.137764759821819
rolling,1785482206.3720074,,205.19042015075684,3,1.5617161818676066,1.5831869905445064,9.285891810908497
rolling,1785482206.5116012,,344.7842597961426,4,1.5578696179423486,1.5798141158694032,8.87896216495085
rolling,1785482206.6814537,,309.4463348388672,3,1.5747849136320096,1.5714740211601974,8.56049153780649
rolling,1785482206.7817168,,270.11561393737793,3,1.57433387138698,1.555973687664346,7.134856480879077
rolling,1785482206.8902094,,208.7557315826416,3,1.552744233700359,1.5355330204983324,4.441524544419418
coherent,1785482207.0144784,39712,333.0247402191162,4,1.5623834060943107,1.545047168094264,5.6453009855804615
rolling,1785482207.0144784,,333.0247402191162,4,1.5623834060943107,1.545047168094264,5.6453009855804615
rolling,1785482207.0900955,,308.3786964416504,4,1.5635724457215203,1.5426110911349642,5.4656569522843235
rolling,1785482207.1988096,,308.60018730163574,4,1.5572588409368144,1.5459420972194533,5.564693973990769
rolling,1785482207.2935352,,279.0567874908447,4,1.561852075584564,1.5499696930481541,6.088398033848137
coherent,1785482207.3901842,39716,300.08864402770996,4,1.56522347359388,1.5532973623701998,6.517149095836286
rolling,1785482207.3901842,,300.08864402770996,4,1.56522347359388,1.5532973623701998,6.517149095836286
rolling,1785482207.5406976,,341.8879508972168,4,1.5628481221202073,1.5581639276745298,6.897015408598907
rolling,1785482207.7071214,,316.9372081756592,3,1.5465958107889195,1.5584861428105645,6.616383396704149
rolling,1785482207.7995887,,258.89110565185547,3,1.5460545926131173,1.5398868601239002,4.75819716906203
rolling,1785482207.9163988,,209.27739143371582,3,1.5559736076804522,1.529227420932508,3.9385460055724346
rolling,1785482208.0414314,,334.31005477905273,4,1.5453525623108282,1.5348309973292356,4.248401805492453
rolling,1785482208.2145762,,298.17748069763184,3,1.547999894480467,1.5377843169220737,4.571357063406654
rolling,1785482208.320616,,279.18457984924316,3,1.5483391526743084,1.5519805999347895,5.984445422566606
rolling,1785482208.4211516,,206.5753936767578,3,1.5425148510923496,1.5519805999347895,5.94855172777035
rolling,1785482208.5621252,,347.5489616394043,4,1.549085667514917,1.557742246104479,6.565335250119995
rolling,1785482208.7330022,,311.85054779052734,3,1.5686433094990186,1.568408786654425,8.053194389282444
rolling,1785482208.8294396,,267.3144340515137,3,1.568622650238472,1.567698818947897,7.985613127367154
rolling,1785482208.9311836,,198.1813907623291,3,1.5700119907779821,1.5690142207142717,8.156694241080169
coherent,1785482209.0674381,39732,334.43593978881836,4,1.5543326534914366,1.5535382521296468,6.232167674194831
rolling,1785482209.0674381,,334.43593978881836,4,1.5543326534914366,1.5535382521296468,6.232167674194831
rolling,1785482209.24058,,309.39650535583496,3,1.553001136089034,1.5631743002889875,7.156427030740935
rolling,1785482209.3410206,,273.58245849609375,3,1.5526443721883287,1.548245489739779,5.680006137061517
rolling,1785482209.4434025,,202.82244682312012,3,1.5555984287743025,1.5480272096964807,5.722805252840494
rolling,1785482209.5920758,,351.49574279785156,4,1.549768337763578,1.559971765669921,6.794654445302986
rolling,1785482209.7507617,,307.3592185974121,3,1.538704866859577,1.565448972937725,7.301250227537641
rolling,1785482209.853868,,261.7921829223633,3,1.5389980187983587,1.575523312683405,8.306891024601578
rolling,1785482209.9603608,,209.59901809692383,3,1.5409608869784652,1.5734139223997399,8.091777022058809
rolling,1785482210.0884182,,337.65649795532227,4,1.5587821719565305,1.5640115586599086,7.351188953853914
rolling,1785482210.26256,,302.199125289917,3,1.5505512585687293,1.5554688620802088,6.35809699837145
rolling,1785482210.3698552,,281.4369201660156,3,1.5501284520059522,1.5377764916856864,4.604518603915161
rolling,1785482210.469535,,206.97522163391113,3,1.5602361598484293,1.5377764916856862,4.890499775386663
rolling,1785482210.611091,,348.53100776672363,4,1.5574441632434273,1.5353283185043831,4.561328343612456
rolling,1785482210.782586,,313.0509853363037,3,1.5424048095689995,1.5312932406722428,3.879876669980906
rolling,1785482210.881561,,270.47014236450195,3,1.5428556420269381,1.5467863647106543,5.429762276370776
rolling,1785482210.9803257,,197.7396011352539,3,1.5329771026003456,1.5374335474269045,4.578195510406633
coherent,1785482211.1081257,39752,325.53958892822266,4,1.5360423458988357,1.5404590330150212,4.82974757422625
rolling,1785482211.1081257,,325.53958892822266,4,1.5360423458988357,1.5404590330150212,4.82974757422625
rolling,1785482211.1903675,,308.8064193725586,4,1.5393647828475414,1.5336521008369393,4.122116767096736
rolling,1785482211.2940612,,313.7354850769043,4,1.5416317250528073,1.5324560807285506,3.9956255782412686
rolling,1785482211.390435,,282.30929374694824,4,1.544726322570745,1.5351695907080276,4.277326813835632
coherent,1785482211.4921324,39756,301.76496505737305,4,1.556225074975951,1.5465191986495601,5.5924964177905805
rolling,1785482211.4921324,,301.76496505737305,4,1.556225074975951,1.5465191986495601,5.5924964177905805
rolling,1785482211.6500204,,355.9591770172119,4,1.5550360353487416,1.5489552756088594,5.799755925347454
rolling,1785482211.800001,,307.86848068237305,3,1.566149685854057,1.5527838278448005,6.503448753852235
rolling,1785482211.9018507,,251.8303394317627,3,1.5661078829075143,1.55134724486469,6.3689125350415665
rolling,1785482212.0120213,,212.0203971862793,3,1.5634682734837688,1.5541838930551037,6.539561197472856
rolling,1785482212.1399634,,339.9624824523926,4,1.5563950598948648,1.557915662512482,6.703496610927107
rolling,1785482212.3110156,,298.9943027496338,3,1.5483518909616123,1.5505981415063579,5.8472036143457595
rolling,1785482212.4201581,,280.1947593688965,3,1.5480970382428467,1.5399338115422239,4.785657083284776
rolling,1785482212.5203378,,209.3222141265869,3,1.5546357457487368,1.5399338115422236,4.915291365650955
rolling,1785482212.6613958,,350.38018226623535,4,1.5529383483211008,1.538445441945747,4.728808278778374
rolling,1785482212.8293939,,309.05604362487793,3,1.5411348767962258,1.536188884308983,4.369321444709157
rolling,1785482212.9364223,,275.0265598297119,3,1.5411143415007786,1.5354831767363968,4.29878767105327
rolling,1785482213.0300074,,200.61349868774414,3,1.532616133457812,1.5274372315178968,3.611146167279341
coherent,1785482213.1634605,39772,334.06662940979004,4,1.5592655786750165,1.5537410203478654,6.369660956101485
rolling,1785482213.1634605,,334.06662940979004,4,1.5592655786750165,1.5537410203478654,6.369660956101485
rolling,1785482213.2404048,,303.9824962615967,4,1.562359918597737,1.547401408094849,5.864241941975547
rolling,1785482213.3411438,,311.13648414611816,4,1.5646195057182117,1.5462092684688518,5.837550694644563
rolling,1785482213.4413679,,277.9073715209961,4,1.5822390706085403,1.5616590530973329,8.01395000237903
coherent,1785482213.5421188,39776,301.7139434814453,4,1.5658525615639414,1.5454850851195217,5.820955865720464
rolling,1785482213.5421188,,301.7139434814453,4,1.5658525615639414,1.5454850851195217,5.820955865720464
rolling,1785482213.6991603,,358.0164909362793,4,1.5596823215163442,1.5581265305931036,6.803241633701622
rolling,1785482213.8513494,,309.2305660247803,3,1.5348315875566656,1.5519382132376927,5.983949885840884
rolling,1785482213.949242,,250.08177757263184,3,1.5346451393941642,1.5455308118682751,5.350463579575841
rolling,1785482214.0603971,,209.04779434204102,3,1.5498124261640223,1.5292313335507006,3.7605765250332843
rolling,1785482214.17954,,328.19056510925293,4,1.5480022781295386,1.5301863528023487,3.820146815702518
rolling,1785482214.361936,,301.53894424438477,3,1.5582079015748038,1.5399250081512876,5.01995410576196
rolling,1785482214.4694598,,289.9198532104492,3,1.558513093695529,1.552695793935442,6.2486277835723945
rolling,1785482214.5709264,,208.99033546447754,3,1.5447283410869797,1.5526957939354422,6.026942942444885
rolling,1785482214.7148042,,352.86808013916016,4,1.5486953723518544,1.5561743008701072,6.405196943422466
rolling,1785482214.880413,,309.48662757873535,3,1.5562644664655962,1.5629272561724938,7.190735809892476
rolling,1785482214.980555,,265.7508850097656,3,1.556058493685625,1.555848879776925,6.4944696169455405
rolling,1785482215.0945032,,214.09010887145996,3,1.5692480587772981,1.5683365145402655,8.066796250145188
coherent,1785482215.22034,39792,339.92695808410645,4,1.5684080583691244,1.567507409349759,7.960379094850927
rolling,1785482215.22034,,339.92695808410645,4,1.5684080583691244,1.567507409349759,7.960379094850927
rolling,1785482215.299894,,319.3390369415283,4,1.5693551438441578,1.5655670424760064,7.8107852760443865
rolling,1785482215.3999474,,305.44424057006836,4,1.5707127874239604,1.564850760862079,7.793250703453128
rolling,1785482215.4999523,,279.61230278015137,4,1.5643641491514908,1.559283932475322,7.050881773731748
coherent,1785482215.5986192,39796,298.7251281738281,4,1.5614632321441557,1.556420641785693,6.689140428982082
rolling,1785482215.5986192,,298.7251281738281,4,1.5614632321441557,1.556420641785693,6.689140428982082
rolling,1785482215.7529402,,352.9927730560303,4,1.5636005574699265,1.5520417389623637,6.342448691482523
rolling,1785482215.9100776,,311.4583492279053,3,1.5539476341473466,1.5535391261819373,6.2245941264045435
rolling,1785482216.010078,,257.1377754211426,3,1.5536968164680907,1.5449196283012723,5.37637782802306
rolling,1785482216.1214914,,211.41386032104492,3,1.546436221834188,1.55272220410825,6.040425930954665
rolling,1785482216.2505267,,340.44909477233887,4,1.5521988806320637,1.5496818726061812,5.812869911853057
rolling,1785482216.420357,,298.86555671691895,3,1.5488707424679191,1.5462883925660256,5.425768284889532
rolling,1785482216.5294685,,278.9418697357178,3,1.5487691520147429,1.5420373328985983,5.003214812210874
rolling,1785482216.629544,,209.18703079223633,3,1.5429610066091557,1.542037332898598,4.955213302890134
rolling,1785482216.776892,,356.5349578857422,4,1.5423365856188564,1.5414898069024867,4.899331855499472
rolling,1785482216.9402008,,310.6567859649658,3,1.5446525647394658,1.5401677086809922,4.775599787422238
rolling,1785482217.041926,,265.0339603424072,3,1.54459078720914,1.538044687316238,4.563319641118184
rolling,1785482217.1409485,,200.74772834777832,3,1.5389278892250344,1.5326831608947027,4.028213907820369
coherent,1785482217.26751,39812,327.30913162231445,4,1.5399522909605887,1.5336942756368472,4.123348279050573
rolling,1785482217.26751,,327.30913162231445,4,1.5399522909605887,1.5336942756368472,4.123348279050573
rolling,1785482217.3514748,,309.54885482788086,4,1.5399522909605887,1.5336942756368472,4.123348279050573
rolling,1785482217.449488,,308.53939056396484,4,1.53495114852054,1.536332837356382,4.435698380357709
rolling,1785482217.5492136,,281.7037105560303,4,1.537793681150251,1.5388253232492979,4.649395695133748
coherent,1785482217.6495245,39816,298.0496883392334,4,1.543053123245565,1.5440165477986656,5.153302656826334
rolling,1785482217.6495245,,298.0496883392334,4,1.543053123245565,1.5440165477986656,5.153302656826334
rolling,1785482217.8016655,,352.17761993408203,4,1.5392595440063987,1.5517887454330688,5.934102885932552
rolling,1785482217.9618464,,312.32190132141113,3,1.5307193536059296,1.5533930551027073,6.188407969431536
rolling,1785482218.0606663,,259.0007781982422,3,1.5306985517538436,1.552678187153571,6.118454639390332
rolling,1785482218.170531,,208.68468284606934,3,1.5182728179440963,1.5660314639713084,7.718843353152002
rolling,1785482218.3062062,,344.3598747253418,4,1.539964159104357,1.554587290341597,6.211296844996473
rolling,1785482218.4715376,,301.006555557251,3,1.5530155617441814,1.5660314639713078,7.438944196037302
rolling,1785482218.58123,,275.0236988067627,3,1.5523404737810573,1.5377823606129772,4.6504304291011405
rolling,1785482218.6801746,,208.63699913024902,3,1.554511964861502,1.5377823606129772,4.704635936828621
rolling,1785482218.824795,,353.257417678833,4,1.5589917168099259,1.5417104486913702,5.214350447524281
rolling,1785482218.9921947,,312.02006340026855,3,1.56404732821375,1.549594203990775,6.12937107280342
rolling,1785482219.0903547,,265.5596733093262,3,1.564335156102206,1.5594855795983602,7.0690573277412865
rolling,1785482219.1984353,,206.24065399169922,3,1.5587417573206321,1.5541898537283616,6.3987169572265925
coherent,1785482219.320222,39832,328.02724838256836,4,1.5563812035612208,1.551859917510054,6.113650238973692
rolling,1785482219.320222,,328.02724838256836,4,1.5563812035612208,1.551859917510054,6.113650238973692
rolling,1785482219.393628,,303.27320098876953,4,1.5556674524512055,1.5533222343193456,6.239422786066797
rolling,1785482219.5005064,,302.07109451293945,4,1.5506547520207705,1.555966893939781,6.408854215001962
rolling,1785482219.6016285,,281.4066410064697,4,1.5483470271511104,1.553943356330313,6.179649508156853
coherent,1785482219.6997743,39836,306.14638328552246,4,1.546901486567324,1.5525165651175443,6.023724680263671
rolling,1785482219.6997743,,306.14638328552246,4,1.546901486567324,1.5525165651175443,6.023724680263671
rolling,1785482219.8509612,,350.45480728149414,4,1.5478533729364705,1.5505663622826809,5.8386244869362764
rolling,1785482220.0100067,,310.23240089416504,3,1.5551461068877666,1.5478006194978817,5.690003687694737
rolling,1785482220.1099553,,258.99410247802734,3,1.5553555960070728,1.554999836974242,6.396359796411162
rolling,1785482220.2219563,,211.94958686828613,3,1.544139834884901,1.567052820345615,7.459111429830406
rolling,1785482220.3611374,,351.13072395324707,4,1.558511418560864,1.559470490709725,6.903616282843251
rolling,1785482220.5202699,,298.3136177062988,3,1.556522819326086,1.5569830453211606,6.6153604019222145
rolling,1785482220.6295185,,268.38111877441406,3,1.5561496353128605,1.541367134007173,5.094454125044604
rolling,1785482220.7334437,,213.17386627197266,3,1.5648255020244057,1.541367134007173,5.404142466435699
rolling,1785482220.871524,,351.2542247772217,4,1.568019989759502,1.5441682331156223,5.796308027748905
rolling,1785482221.04015,,306.70619010925293,3,1.5613242384067263,1.550551246751557,6.126253388991939
rolling,1785482221.1362488,,264.7247314453125,3,1.5616522691303845,1.5618242165667215,7.2124526474202755
rolling,1785482221.2399273,,199.77736473083496,3,1.5658183602155096,1.5657685940727468,7.712050856199333
coherent,1785482221.3828418,39852,342.69189834594727,4,1.5537163914903884,1.5538235938230993,6.248021834694333
rolling,1785482221.3828418,,342.69189834594727,4,1.5537163914903884,1.5538235938230993,6.248021834694333
rolling,1785482221.4493513,,313.10248374938965,4,1.5577572713319932,1.5455447324191842,5.5407367496741005
rolling,1785482221.5494184,,309.4911575317383,4,1.551387767902875,1.548905230169845,5.72226927072021
rolling,1785482221.6497278,,266.88599586486816,4,1.5483397162910866,1.5462325341508607,5.413510494189913
coherent,1785482221.749618,39856,300.2667427062988,4,1.5565088183624136,1.5542956789579399,6.3533681282666885
rolling,1785482221.749618,,300.2667427062988,4,1.5565088183624136,1.5542956789579399,6.3533681282666885
rolling,1785482221.9011738,,351.75538063049316,4,1.551994614005752,1.5635442767095895,7.177911513327244
rolling,1785482222.0606475,,311.02943420410156,3,1.573740742524177,1.5613162699706569,7.588864618585922
rolling,1785482222.1646075,,263.43369483947754,3,1.5733238515865733,1.546989566351484,6.297635226959207
rolling,1785482222.2772257,,216.57824516296387,3,1.5825624845696828,1.537061297685035,6.042655168156563
rolling,1785482222.4032238,,342.576265335083,4,1.5586651228060149,1.549669349685824,5.961925798802432
rolling,1785482222.5709405,,293.7147617340088,3,1.5563809721010302,1.5485122269318554,5.789157892549487
rolling,1785482222.6818168,,278.5930633544922,3,1.5566182346642474,1.5584404955983044,6.759595669698851
rolling,1785482222.7807121,,209.77163314819336,3,1.5558917116080377,1.5584404955983044,6.743987668253054
rolling,1785482222.9227836,,351.84311866760254,4,1.5529177168592132,1.555832736630273,6.430982373578006
rolling,1785482223.0916958,,310.98365783691406,3,1.547073933800177,1.5507827142512192,5.852537100777697
rolling,1785482223.190874,,268.09048652648926,3,1.547115128356171,1.5521983895303333,5.993898826968642
rolling,1785482223.29118,,199.48410987854004,3,1.5365623501383467,1.5422072155070203,4.997718464007831
coherent,1785482223.4270413,39872,335.3455066680908,4,1.5402420405321777,1.5458391785100067,5.336049012030311
rolling,1785482223.4270413,,335.3455066680908,4,1.5402420405321777,1.5458391785100067,5.336049012030311
rolling,1785482223.500821,,309.94701385498047,4,1.540715146824775,1.5448698892514132,5.238011284160779
rolling,1785482223.5999172,,308.73727798461914,4,1.5475033647237888,1.541288481181775,4.9126541723078425
rolling,1785482223.7004404,,273.39911460876465,4,1.550332967935125,1.5437696298634431,5.198309614586121
coherent,1785482223.8050227,39876,304.201602935791,4,1.556084967028331,1.5494470227046337,5.87235444657883
rolling,1785482223.8050227,,304.201602935791,4,1.556084967028331,1.5494470227046337,5.87235444657883
rolling,1785482223.952323,,352.4057865142822,4,1.5627542818412283,1.5357830843646294,4.811034449867708
rolling,1785482224.110273,,305.2501678466797,3,1.5520194928001385,1.5349333224649493,4.365832495397038
rolling,1785482224.2100487,,257.72571563720703,3,1.5515627913396803,1.5192385066840568,2.8482250851529622
rolling,1785482224.320546,,210.27302742004395,3,1.5488989096453711,1.5221012389957629,3.0452261971846326
rolling,1785482224.451031,,340.7580852508545,4,1.5325562322179664,1.5307235015230887,3.9313629121661156
rolling,1785482224.6207206,,300.1747131347656,3,1.5302373993599905,1.5292156830779262,3.8478323214182146
rolling,1785482224.7294977,,278.46670150756836,3,1.5305267622886902,1.5413240952070426,5.009743843262779
rolling,1785482224.8329585,,212.23783493041992,3,1.5631597141567484,1.5413240952070424,5.331198864289362
rolling,1785482224.9709625,,350.24189949035645,4,1.560589838795396,1.53907068991003,5.02371245647348
rolling,1785482225.151399,,318.44043731689453,3,1.5656669742211047,1.5339585979639587,4.786268902840871
rolling,1785482225.2408922,,269.9296474456787,3,1.5662399599804986,1.5536495924480762,6.587131998383098
rolling,1785482225.3409243,,189.52536582946777,3,1.5528914476385884,1.5410114693863122,4.97744363855837
coherent,1785482225.4811082,39892,329.7092914581299,4,1.5464209564923583,1.5346249036867472,4.238307852399632
rolling,1785482225.4811082,,329.7092914581299,4,1.5464209564923583,1.5346249036867472,4.238307852399632
rolling,1785482225.5492609,,308.3686828613281,4,1.5414269900580786,1.5448564269158036,5.235742330188214
rolling,1785482225.6506457,,309.7214698791504,4,1.5441466902685588,1.543421535398514,5.097790591604872
rolling,1785482225.7503588,,269.25063133239746,4,1.5456911680635186,1.5447758168148893,5.242417218582252
coherent,1785482225.8565266,39896,307.2657585144043,4,1.5514431671567248,1.5504532096560804,5.875825047574019
rolling,1785482225.8565266,,307.2657585144043,4,1.5514431671567248,1.5504532096560804,5.875825047574019
rolling,1785482226.0001783,,349.5326042175293,4,1.55859213493601,1.5358065693832401,4.646629381549773
rolling,1785482226.1532767,,296.7500686645508,3,1.542987953692115,1.533500000000001,4.1018685124512535
rolling,1785482226.2606823,,260.50400733947754,3,1.5429462456228906,1.5320666775350507,3.9584756848476057
rolling,1785482226.3701606,,216.88389778137207,3,1.5224093257976934,1.5541366155852627,6.459979922109067
rolling,1785482226.5035408,,350.2640724182129,4,1.5477080000113175,1.5407892426329337,4.8655407902896135
rolling,1785482226.6718025,,301.64194107055664,3,1.5516196254040113,1.5434282686664493,5.187579449972364
rolling,1785482226.781049,,277.5082588195801,3,1.5516196254040113,1.5434282686664493,5.187579449972364
rolling,1785482226.880532,,208.72950553894043,3,1.54076217000179,1.5434282686664493,5.093784798622155
rolling,1785482227.0207956,,348.99306297302246,4,1.539452588433084,1.5422799569280004,4.983294303632262
rolling,1785482227.189932,,309.4000816345215,3,1.5555672107698917,1.5386753292534572,4.819830230542147
rolling,1785482227.2903886,,269.5930004119873,3,1.5553619054943002,1.531619892040652,4.142040468727991
rolling,1785482227.3902366,,200.30450820922852,3,1.5729096497447645,1.548233769723294,6.385277487929224
coherent,1785482227.522457,39912,332.52477645874023,4,1.5668777725433705,1.542280128930376,5.576258772076697
rolling,1785482227.522457,,332.52477645874023,4,1.5668777725433705,1.542280128930376,5.576258772076697
rolling,1785482227.6003225,,309.9339008331299,4,1.5604510665500284,1.5554470159174094,6.566625239051787
rolling,1785482227.699864,,309.6272945404053,4,1.5590959447135826,1.5561619670802314,6.598278450119496
rolling,1785482227.801849,,279.3920040130615,4,1.5532011290260705,1.5509930748082863,5.960342403335148
coherent,1785482227.9014087,39916,301.0861873626709,4,1.5527197193132416,1.5505179092157673,5.904585109540149
rolling,1785482227.9014087,,301.0861873626709,4,1.5527197193132416,1.5505179092157673,5.904585109540149
rolling,1785482228.0507166,,350.85272789001465,4,1.5527197193132416,1.5505179092157673,5.904585109540149
rolling,1785482228.2100713,,308.66265296936035,3,1.5520391677545262,1.5577223671340077,6.602896445987986
rolling,1785482228.310116,,259.3994140625,3,1.5520600644839297,1.5584404955983056,6.674163909744016
rolling,1785482228.4202466,,210.1752758026123,3,1.5705967975130304,1.538520052168243,5.431374529827221
rolling,1785482228.5515237,,341.45236015319824,4,1.5615721795649353,1.5432813665552494,5.4512989203704
rolling,1785482228.7201133,,299.8666763305664,3,1.5584197320648894,1.5406763938702313,5.097886712604414
rolling,1785482228.8297386,,278.2149314880371,3,1.55865852183541,1.5506685686338444,6.0576236987525185
rolling,1785482228.9295504,,209.43713188171387,3,1.5572051391359825,1.5506685686338444,6.018674025583086
rolling,1785482229.0725904,,352.4770736694336,4,1.548715924247497,1.5432247672398618,5.120084093215687
rolling,1785482229.2430055,,313.45510482788086,3,1.524459589223343,1.5293693242774227,4.072229582795262
rolling,1785482229.340325,,267.7347660064697,3,1.52452142396833,1.5314943118578423,4.2630742303479785
rolling,1785482229.4410717,,198.06623458862305,3,1.5520339381374175,1.5575426482492882,6.585063002655994
coherent,1785482229.572039,39932,329.03337478637695,4,1.551673224630572,1.5571866133737087,6.5443321560175
rolling,1785482229.572039,,329.03337478637695,4,1.551673224630572,1.5571866133737087,6.5443321560175
rolling,1785482229.6554797,,315.1545524597168,4,1.553094507510501,1.5542747217956565,6.280775512296695
rolling,1785482229.749654,,308.5823059082031,4,1.550363459454915,1.5557156003429207,6.3799716382577625
rolling,1785482229.8527544,,280.7154655456543,4,1.5434244169233826,1.5496310736643482,5.7155605587505525
coherent,1785482229.9494462,39936,293.96653175354004,4,1.5434244169233826,1.5496310736643482,5.7155605587505525
rolling,1785482229.9494462,,293.96653175354004,4,1.5434244169233826,1.5496310736643482,5.7155605587505525
rolling,1785482230.0998874,,350.2333164215088,4,1.5424764585585105,1.5515732288946664,5.907769557183906
rolling,1785482230.26072,,311.27381324768066,3,1.5519739938209363,1.5555901532442142,6.391320275208392
rolling,1785482230.3642704,,264.38307762145996,3,1.5519739938209363,1.5555901532442142,6.391320275208392
rolling,1785482230.4698348,,209.11478996276855,3,1.548685859668081,1.5591237365503758,6.698379222818911
rolling,1785482230.5998795,,339.1594886779785,4,1.5518156786124189,1.5574724697539184,6.574754529145826
rolling,1785482230.7707956,,300.9607791900635,3,1.5536988506546876,1.559123736550375,6.768675870435668
rolling,1785482230.8806944,,280.81488609313965,3,1.5534449329608013,1.548498532768177,5.720670528134132
rolling,1785482230.9807036,,209.90800857543945,3,1.5686383021967487,1.548498532768177,6.21193727206923
rolling,1785482231.1210358,,350.24023056030273,4,1.5653682583163415,1.5456311819571644,5.814417100675491
rolling,1785482231.2900615,,309.3578815460205,3,1.538737061258139,1.5415714815162302,4.916389018436132
rolling,1785482231.3903484,,269.31262016296387,3,1.5391881035031685,1.5570718150120824,6.462261684282887
rolling,1785482231.4901862,,200.12474060058594,3,1.5489450193253294,1.566309481330642,7.415934086404934
coherent,1785482231.6203172,39952,330.25574684143066,4,1.5463926890165482,1.5637902559989576,7.144127071729126
rolling,1785482231.6203172,,330.25574684143066,4,1.5463926890165482,1.5637902559989576,7.144127071729126
rolling,1785482231.6998007,,309.4522953033447,4,1.5551431368718476,1.5458625402895396,5.501760464997354
rolling,1785482231.7992663,,309.0801239013672,4,1.5542344686822236,1.5463419461712236,5.527040008704808
rolling,1785482231.8999195,,279.6022891998291,4,1.546825735643183,1.5398455695276714,4.761686724490649
coherent,1785482232.0001545,39956,300.3537654876709,4,1.5463471673951752,1.5393732085447789,4.709810640929845
rolling,1785482232.0001545,,300.3537654876709,4,1.5463471673951752,1.5393732085447789,4.709810640929845
rolling,1785482232.1505482,,351.28188133239746,4,1.5399469754306847,1.5524857742011302,6.0012865321583675
rolling,1785482232.3102589,,310.1043701171875,3,1.5356267685948322,1.554765079882622,6.256543882712358
rolling,1785482232.4094136,,258.8653564453125,3,1.5357932213624534,1.5604853276817754,6.824579101845853
rolling,1785482232.520198,,209.93924140930176,3,1.5423588705497948,1.5534295728725143,6.093261502490634
rolling,1785482232.6493037,,339.04480934143066,4,1.5475054955731316,1.550714255735647,5.8498079456916
rolling,1785482232.8200936,,299.8955249786377,3,1.5543894607990267,1.5570153244212583,6.574179077626617
rolling,1785482232.9309375,,281.6338539123535,3,1.5542709658752132,1.552056895989566,6.085884033039277
rolling,1785482233.0296261,,209.5324993133545,3,1.568744207208098,1.552056895989566,6.538892171236436
rolling,1785482233.1706238,,350.53014755249023,4,1.5585436372116668,1.5431124861523449,5.332588494641591
rolling,1785482233.3412042,,311.57803535461426,3,1.527295708900418,1.52661920049176,3.705464037591481
rolling,1785482233.4411957,,270.5719470977783,3,1.5275412742258727,1.53505819812781,4.486745051827974
rolling,1785482233.5404356,,199.23138618469238,3,1.546501525416691,1.5530094110940056,6.069568209295316
coherent,1785482233.6727293,39972,331.5250873565674,4,1.5529278557334576,1.559352388751744,6.778042741538523
rolling,1785482233.6727293,,331.5250873565674,4,1.5529278557334576,1.559352388751744,6.778042741538523
rolling,1785482233.7521396,,310.9438419342041,4,1.55789203480199,1.5491818931904913,5.893557756743312
rolling,1785482233.8497188,,309.2832565307617,4,1.5533592011178565,1.5515733790526405,6.020330276066083
rolling,1785482233.9604611,,287.7318859100342,4,1.5541235060540612,1.5522435628357443,6.101144935484178
coherent,1785482234.049285,39976,297.1453666687012,4,1.5574903140048206,1.5555667016345467,6.500127952610852
rolling,1785482234.049285,,297.1453666687012,4,1.5574903140048206,1.5555667016345467,6.500127952610852
rolling,1785482234.2030659,,353.3470630645752,4,1.56322258157583,1.5438225640677896,5.56334192911334
rolling,1785482234.3605714,,311.28644943237305,3,1.57802670771012,1.5356543853928923,5.637641795044953
rolling,1785482234.4604118,,257.34591484069824,3,1.5780894832879226,1.5378117052494296,5.808363520170205
rolling,1785482234.570915,,210.343599319458,3,1.5641327760124029,1.5528102380176074,6.432972463614209
rolling,1785482234.699133,,338.5615348815918,4,1.566186326060203,1.551726801860723,6.406986881498911
rolling,1785482234.8701694,,299.2544174194336,3,1.5643844991312061,1.5499344636452557,6.173360644850401
rolling,1785482234.9803367,,281.2037467956543,3,1.5646215435219515,1.5598536028692536,7.1130973018409165
rolling,1785482235.080589,,210.4196548461914,3,1.5544714257164982,1.5598536028692533,6.8544456316535785
rolling,1785482235.2207975,,350.628137588501,4,1.5594202438739673,1.5641929934940693,7.383849155221242
rolling,1785482235.3911471,,310.5580806732178,3,1.5747966590944407,1.5721787361917094,8.625997147235918
rolling,1785482235.4902484,,269.4509029388428,3,1.574529576288523,1.5630002776141498,7.7748246059491946
rolling,1785482235.591402,,200.2549171447754,3,1.536739384911633,1.5272212277158896,3.5080905314179636
coherent,1785482235.7205672,39992,329.4200897216797,4,1.5562801372996968,1.5465085269525176,5.592893592344549
rolling,1785482235.7205672,,329.4200897216797,4,1.5562801372996968,1.5465085269525176,5.592893592344549
rolling,1785482235.8021631,,311.91468238830566,4,1.5524952869589177,1.5542628410212644,6.269058719494882
rolling,1785482235.9008763,,309.47422981262207,4,1.5524952869589177,1.5542628410212644,6.269058719494882
rolling,1785482235.9995773,,279.0100574493408,4,1.5530126987742459,1.5547165356023054,6.322772877490018
coherent,1785482236.0998344,39996,297.6713180541992,4,1.553495419932376,1.555192995630036,6.378374863909765
rolling,1785482236.0998344,,297.6713180541992,4,1.553495419932376,1.555192995630036,6.378374863909765
rolling,1785482236.250387,,349.51066970825195,4,1.5537311547444508,1.5547100275850196,6.335326038286734
rolling,1785482236.410129,,310.29462814331055,3,1.5414567441552514,1.5676962830127164,7.519685484060503
rolling,1785482236.5101318,,259.74488258361816,3,1.5408736281555897,1.54765715683078,5.516411856691757
rolling,1785482236.6208594,,210.73031425476074,3,1.537599147154925,1.551176067818716,5.88227040691606
rolling,1785482236.7476432,,337.51416206359863,4,1.5383237143397404,1.5507937921167132,5.839439727210379
rolling,1785482236.92017,,299.31068420410156,3,1.5493086910562563,1.5611636778611018,6.90784660215982
rolling,1785482237.0298252,,282.181978225708,3,1.5491909051929769,1.5562349201173786,6.416780432942609
rolling,1785482237.1295753,,209.40518379211426,3,1.5535470142471675,1.5562349201173782,6.4817509883645315
rolling,1785482237.2709947,,350.82459449768066,4,1.5506690538400527,1.5537113692387972,6.185775008428718
rolling,1785482237.4407127,,311.13743782043457,3,1.5619667312125975,1.547571752209251,5.86652717740194
rolling,1785482237.5417948,,270.8001136779785,3,1.5621107452824827,1.5525208808904578,6.33803288988364
rolling,1785482237.640912,,200.19936561584473,3,1.5697963596402864,1.5597974775306858,7.290781008277132
coherent,1785482237.7758548,40012,335.1421356201172,4,1.5651536545145415,1.5552149905696224,6.693953306368261
rolling,1785482237.7758548,,335.1421356201172,4,1.5651536545145415,1.5552149905696224,6.693953306368261
rolling,1785482237.8495662,,307.7714443206787,4,1.5639618871065861,1.5576566561431888,6.88386357258588
rolling,1785482237.9512563,,310.3442192077637,4,1.5653233133014244,1.5569383788526028,6.861490923377139
rolling,1785482238.060739,,284.8842144012451,4,1.5665948040584234,1.5580532905133069,7.01034819807367
coherent,1785482238.1545892,40016,305.0229549407959,4,1.5646608593868667,1.5561444300535536,6.764259719057562
rolling,1785482238.1545892,,305.0229549407959,4,1.5646608593868667,1.5561444300535536,6.764259719057562
rolling,1785482238.3124356,,361.1793518066406,4,1.5656140550907713,1.5541915446838415,6.614635145534323
rolling,1785482238.4604065,,305.8173656463623,3,1.5647755281198001,1.5506998695793948,6.258913455428407
rolling,1785482238.5620966,,249.66096878051758,3,1.5641300824657338,1.5285187479621787,4.240540408881873
rolling,1785482238.6722112,,211.80462837219238,3,1.546333198583737,1.5476441147701347,5.53342489154752
rolling,1785482238.8996043,,439.1977787017822,4,1.5292222871193175,1.5566716912724197,6.538309835717153
rolling,1785482238.9694204,,297.2092628479004,3,1.5219312318283347,1.5504885881969352,6.128180751998066
rolling,1785482239.0801985,,180.59420585632324,3,1.5216610719731012,1.5391837300293447,5.082259024019404
rolling,1785482239.1802924,,210.87193489074707,3,1.5392147576008355,1.5391837300293445,4.675251975535915
rolling,1785482239.3213873,,351.96685791015625,4,1.5355658079319903,1.5359841341905862,4.39216820925491
rolling,1785482239.4905953,,310.3029727935791,3,1.5210996314883665,1.5303271208259837,4.309673757548053
rolling,1785482239.5933092,,271.92187309265137,3,1.5211202430700284,1.5310354500194567,4.371004208636459
rolling,1785482239.6964886,,205.89327812194824,3,1.5416249209837847,1.5504488974642527,5.794903245165343
coherent,1785482239.820003,40032,329.4076919555664,4,1.5527248260379942,1.5614048313007343,6.977336585794679
rolling,1785482239.820003,,329.4076919555664,4,1.5527248260379942,1.5614048313007343,6.977336585794679
rolling,1785482239.899925,,306.61582946777344,4,1.5515461519776201,1.5638196715258157,7.198930573438591
rolling,1785482239.9999557,,303.4670352935791,4,1.5592394655965018,1.5597607423802262,6.949740191108147
rolling,1785482240.0995948,,279.59179878234863,4,1.5569253935578207,1.557731639230692,6.697357185008053
coherent,1785482240.2033122,40036,303.3871650695801,4,1.5501841275587078,1.5510778107610141,5.918187578329827
rolling,1785482240.2033122,,303.3871650695801,4,1.5501841275587078,1.5510778107610141,5.918187578329827
rolling,1785482240.351265,,351.30929946899414,4,1.555866640408909,1.5394356095185,4.9012559383361705
rolling,1785482240.5295043,,326.19214057922363,3,1.57131610521058,1.5434921747636137,5.894367196269682
rolling,1785482240.6118762,,260.61129570007324,3,1.5715877626928505,1.5528278447994794,6.730335014443894
rolling,1785482240.7212198,,191.71547889709473,3,1.5682814243370733,1.5563809911966089,6.917150796111848
rolling,1785482240.848574,,319.06962394714355,4,1.5592049215985884,1.5611696795733367,7.085336393367374
rolling,1785482241.0207243,,491.21999740600586,4,1.558239697856545,1.5602169752570767,6.9695759364309176
rolling,1785482241.129559,,280.98511695861816,3,1.552392168310624,1.5620229866318878,7.033279047904545
rolling,1785482241.2296395,,208.91523361206055,3,1.5618500949346563,1.562022986631888,7.237029422767247
rolling,1785482241.3684716,,347.7473258972168,4,1.5523092108104575,1.5536570249409116,6.206189356249918
rolling,1785482241.541482,,311.8424415588379,3,1.5459166173215857,1.5365431070944648,4.423975567788596
rolling,1785482241.6407883,,272.31669425964355,3,1.5460194845143604,1.540078199009613,4.776937846588247
rolling,1785482241.7406464,,199.16439056396484,3,1.58781553270387,1.5796499195867426,9.857556384453018
coherent,1785482241.868399,40052,326.9169330596924,4,1.5683873878339147,1.5604737672934323,7.300673578976184
rolling,1785482241.868399,,326.9169330596924,4,1.5683873878339147,1.5604737672934323,7.300673578976184
rolling,1785482241.9494023,,308.61401557922363,4,1.5643557824468468,1.5687336274088368,7.951469894267056
rolling,1785482242.0495663,,308.91990661621094,4,1.5643557824468468,1.5687336274088368,7.951469894267056
rolling,1785482242.1492217,,280.82275390625,4,1.5565199084407682,1.561862710531866,7.091781022899771
coherent,1785482242.2492979,40056,299.8955249786377,4,1.5469201288324073,1.5523874447777584,6.011020108228514
rolling,1785482242.2492979,,299.8955249786377,4,1.5469201288324073,1.5523874447777584,6.011020108228514
rolling,1785482242.412007,,362.440824508667,4,1.5457403636597342,1.5548045204485474,6.243217336005853
rolling,1785482242.5616388,,312.34097480773926,3,1.5579668889380383,1.5519212585588522,6.159442714683402
rolling,1785482242.6605842,,248.57711791992188,3,1.5576774561901423,1.5419747310075003,5.197531018621648
rolling,1785482242.769674,,208.03523063659668,3,1.5576774561901423,1.5419747310075003,5.197531018621648
rolling,1785482242.899242,,337.6030921936035,4,1.5379745465243662,1.552369824494792,5.998874839487728
rolling,1785482243.0696757,,300.0016212463379,3,1.5388851662692626,1.554060971633518,6.162759528626439
rolling,1785482243.1926413,,293.3993339538574,3,1.5384108593153003,1.5342135637430712,4.184699822758477
rolling,1785482243.2803411,,210.66546440124512,3,1.5354892840881043,1.534213563743071,4.218077718436103
rolling,1785482243.4351997,,365.5240535736084,4,1.5483544796302606,1.545494460948354,5.3404419689695715
rolling,1785482243.599422,,319.0808296203613,3,1.5571062982268085,1.5685616035793017,7.759628492579744
rolling,1785482243.7045803,,269.3805694580078,3,1.5571270147020162,1.5692735375014946,7.829833102716447
rolling,1785482243.8220136,,222.59163856506348,3,1.55921633447814,1.5712516665820757,8.066534466272795
coherent,1785482243.9199784,40072,320.5564022064209,4,1.54390830091277,1.5561421857270814,6.367877249877228
rolling,1785482243.9199784,,320.5564022064209,4,1.54390830091277,1.5561421857270814,6.367877249877228
rolling,1785482244.001497,,296.9167232513428,4,1.545329583792699,1.553230294149029,6.083569714860306
rolling,1785482244.1007192,,278.7055969238281,4,1.553515162729388,1.5489116498605515,5.762545699635231
rolling,1785482244.2015054,,281.527042388916,4,1.544027849376339,1.5405926619105164,4.8146575448525155
coherent,1785482244.303164,40076,301.6669750213623,4,1.5454642098430136,1.542010392076799,4.964951438187787
rolling,1785482244.303164,,301.6669750213623,4,1.5454642098430136,1.542010392076799,4.964951438187787
rolling,1785482244.454944,,354.22468185424805,4,1.5421539933520498,1.5487922872629623,5.6293736915614065
rolling,1785482244.6154764,,312.31236457824707,3,1.5472579588807822,1.55620361917183,6.39412910928607
rolling,1785482244.731541,,276.5970230102539,3,1.54727876073287,1.5569184871209656,6.465530665146785
rolling,1785482244.8219206,,206.44426345825195,3,1.5381335759914272,1.566746331920444,7.433435495281122
rolling,1785482244.946886,,331.4096927642822,4,1.5433635950728983,1.5639870167627117,7.1505225366343055
rolling,1785482245.1208441,,298.9234924316406,3,1.5404796677084003,1.5610365177698078,6.854828963688495
rolling,1785482245.2432413,,296.3552474975586,3,1.5400761109703334,1.5441496576459082,5.167677466157466
rolling,1785482245.3440783,,223.2341766357422,3,1.5400761109703334,1.5441496576459082,5.167677466157466
rolling,1785482245.4597247,,338.8805389404297,4,1.5338401546359401,1.538681634858815,4.685412523904661
rolling,1785482245.6402774,,296.19908332824707,3,1.525718310537188,1.5277873169553813,3.8758351421875212
rolling,1785482245.756667,,296.94223403930664,3,1.5251447907742903,1.5080779711250532,2.2768534379765946
rolling,1785482245.8406157,,200.33836364746094,3,1.5435743061568827,1.5255266933053218,3.3077039825804087
coherent,1785482245.9689083,40092,328.6309242248535,4,1.5517743652513956,1.5336203936077988,4.232463430620154
rolling,1785482245.9689083,,328.6309242248535,4,1.5517743652513956,1.5336203936077988,4.232463430620154
rolling,1785482246.0618927,,305.2258491516113,4,1.5565403437709189,1.5238559667592384,3.46691638241886
rolling,1785482246.1527877,,312.17193603515625,4,1.5506927361440515,1.526941116566522,3.558318479409751
rolling,1785482246.2657933,,296.88501358032227,4,1.5494042020628302,1.5258112604000824,3.417933408743855
rolling,1785482246.5048087,,352.0209789276123,3,1.5355686966592488,1.531656500246854,3.9641392793042343
rolling,1785482246.7601085,,255.29980659484863,3,1.5482641530434407,1.5448465927616573,5.275035510428496
rolling,1785482246.8814573,,210.0534439086914,3,1.5495797101079651,1.5434328333876761,5.153113502797656
rolling,1785482247.0003157,,328.91178131103516,4,1.5454398296965868,1.5456170003271017,5.3245005089108055
rolling,1785482247.1694295,,498.02565574645996,4,1.5569543194454127,1.5569821414911817,6.62504181200915
rolling,1785482247.2870033,,286.68761253356934,3,1.5610907960738174,1.5606092272579064,7.080207080614338
rolling,1785482247.3810403,,211.6107940673828,3,1.5668854779990948,1.5606092272579064,7.25993050373909
rolling,1785482247.5253417,,355.9122085571289,4,1.5595477004855733,1.5541750682453959,6.419168315014355
rolling,1785482247.6995623,,318.52197647094727,3,1.5556290202912113,1.5409392349538527,5.038835864719552
rolling,1785482247.8064682,,281.1264991760254,3,1.5561440714383499,1.5586392722254108,6.7687462820520325
rolling,1785482247.9046853,,205.1229476928711,3,1.5659370238840455,1.56791105734847,7.919494740689988
coherent,1785482248.0209525,40112,321.39015197753906,4,1.5606649672394826,1.5627073818667503,7.271074510864543
rolling,1785482248.0209525,,321.39015197753906,4,1.5606649672394826,1.5627073818667503,7.271074510864543
rolling,1785482248.1034603,,296.99206352233887,4,1.5587638131707058,1.5666024224667796,7.6030512651518904
rolling,1785482248.2081773,,303.49206924438477,4,1.564682449902128,1.5634797982866913,7.459241934226961
rolling,1785482248.310896,,289.9434566497803,4,1.5621294774739294,1.5612412143929562,7.169851921991673
coherent,1785482248.3996413,40116,296.18096351623535,4,1.5500723772315301,1.5493405006597827,5.744653582278617
rolling,1785482248.3996413,,296.18096351623535,4,1.5500723772315301,1.5493405006597827,5.744653582278617
rolling,1785482248.5509243,,342.7469730377197,4,1.5498352239734674,1.5498263747842185,5.789373103024039
rolling,1785482248.7122896,,312.6482963562012,3,1.5572033498426672,1.5484506031953051,5.804546510519456
rolling,1785482248.8101315,,259.20724868774414,3,1.5571201614097838,1.545591783501794,5.527186750205014
rolling,1785482248.9322696,,219.98000144958496,3,1.5479197572528105,1.5554789696772096,6.328045927584198
rolling,1785482249.0478134,,335.5238437652588,4,1.5441261953397531,1.5574804218182883,6.502385349989146
rolling,1785482249.231479,,299.2093563079834,3,1.5350698972251824,1.5490656993805023,5.695877561436422
rolling,1785482249.3340316,,286.21816635131836,3,1.5349350666375334,1.5434237039452232,5.137768912899459
rolling,1785482249.4325113,,201.0324001312256,3,1.554487574210741,1.5434237039452234,5.249256538096518
rolling,1785482249.5722792,,340.80028533935547,4,1.5482826425786955,1.5379828852901523,4.594962756517337
rolling,1785482249.7470372,,314.525842666626,3,1.5463240618410514,1.526690340258051,3.4494947582031004
rolling,1785482249.8457406,,273.46134185791016,3,1.5467543017888818,1.541475790508211,4.9230794146533805
rolling,1785482249.9404128,,193.3755874633789,3,1.5586977075684854,1.552783584826632,6.262056684010969
coherent,1785482250.0695684,40132,322.53122329711914,4,1.5505464729201217,1.5447380756932685,5.297352629351844
rolling,1785482250.0695684,,322.53122329711914,4,1.5505464729201217,1.5447380756932685,5.297352629351844
rolling,1785482250.1607475,,315.00697135925293,4,1.545575419844109,1.554922654562476,6.253976046971962
rolling,1785482250.2612228,,320.81007957458496,4,1.5469355851672693,1.5542050424974427,6.19225529442886
rolling,1785482250.3606033,,291.0349369049072,4,1.5415410204306965,1.5494747972352458,5.697518049517501
coherent,1785482250.4498603,40136,289.11280632019043,4,1.5511582859764126,1.5589673221255176,6.71298797522481
rolling,1785482250.4498603,,289.11280632019043,4,1.5511582859764126,1.5589673221255176,6.71298797522481
rolling,1785482250.6009564,,339.7336006164551,4,1.5532828452882923,1.5546145740169612,6.317615709864166
rolling,1785482250.771602,,321.74158096313477,3,1.5419727211386265,1.5634765242908386,7.097687373443271
rolling,1785482250.870343,,269.38652992248535,3,1.5417843944052172,1.5570045647212265,6.450457389092666
rolling,1785482250.9834576,,211.85564994812012,3,1.562988649969211,1.5342174763612653,4.68126915106085
rolling,1785482251.0986505,,327.04854011535645,4,1.5554543452482146,1.5381925137169177,4.770340541777891
rolling,1785482251.284092,,300.63438415527344,3,1.5509210504280209,1.534217476361265,4.271365121253409
rolling,1785482251.390143,,291.4924621582031,3,1.5513471685372469,1.5520484186501469,6.031682856106983
rolling,1785482251.484665,,200.57296752929688,3,1.552075037941488,1.5520484186501469,6.043691398662191
rolling,1785482251.620657,,336.5650177001953,4,1.5486544053541007,1.5490490235403789,5.69689641529848
rolling,1785482251.8018293,,317.16442108154297,3,1.5467914540983083,1.5428815838515213,5.063319317219909
rolling,1785482251.8946545,,273.99754524230957,3,1.546626828446761,1.5372241259768413,4.498923093465276
rolling,1785482251.9971128,,195.2834129333496,3,1.5773622072554967,1.5663238106297268,8.196453087465473
coherent,1785482252.1195242,40152,317.69490242004395,4,1.5692747148512607,1.558341216972291,7.136298606445446
rolling,1785482252.1195242,,317.69490242004395,4,1.5692747148512607,1.558341216972291,7.136298606445446
rolling,1785482252.213468,,318.8135623931885,4,1.5643013704394213,1.5685304902774833,7.930447503470717
rolling,1785482252.2987876,,301.67484283447266,4,1.5638486124342075,1.5687693616863845,7.9406323448235865
rolling,1785482252.411154,,291.6297912597656,4,1.5603007800321476,1.5656584309198798,7.5473753414415246
coherent,1785482252.512361,40156,298.8929748535156,4,1.5506835144864317,1.5561659060296071,6.428962024814005
rolling,1785482252.512361,,298.8929748535156,4,1.5506835144864317,1.5561659060296071,6.428962024814005
rolling,1785482252.6490128,,350.22521018981934,4,1.5542309933466885,1.5488979131744376,5.7762442861702885
rolling,1785482252.819995,,307.6338768005371,3,1.5282616371622004,1.5441741115096201,5.340552155304538
rolling,1785482252.9251256,,276.11279487609863,3,1.5280957157075634,1.5384721225953704,4.795701758306543
rolling,1785482253.0310888,,211.09390258789062,3,1.542020565627968,1.5235078252363876,3.1009005653993458
rolling,1785482253.1481392,,328.1443119049072,4,1.53866758318378,1.5252768312644227,3.2921451383032276
rolling,1785482253.3328776,,301.7888069152832,3,1.550231750854939,1.536366644929899,4.46791073654241
rolling,1785482253.4767573,,328.61804962158203,3,1.5505215111692128,1.548491685686339,5.6674582258622985
rolling,1785482253.5325775,,199.69987869262695,3,1.557060218675103,1.548491685686339,5.804715033382149
rolling,1785482253.672615,,339.7374153137207,4,1.5545530008589208,1.5462932219037315,5.529581859216514
rolling,1785482253.84733,,314.75257873535156,3,1.5563325240739923,1.5415402896825465,5.116248645752716
rolling,1785482253.9477205,,275.10547637939453,3,1.5566003506705042,1.5507443090637563,6.010767383081226
rolling,1785482254.0484662,,201.13611221313477,3,1.5636178395928537,1.557388336975898,6.847407307847614
coherent,1785482254.1644807,40172,317.1505928039551,4,1.550477260507993,1.5444181976527518,5.264659840373909
rolling,1785482254.1644807,,317.1505928039551,4,1.550477260507993,1.5444181976527518,5.264659840373909
rolling,1785482254.254701,,306.9803714752197,4,1.5433642994345558,1.5589910682172585,6.651066166665719
rolling,1785482254.353819,,305.35268783569336,4,1.5524299668028227,1.5542080964929592,6.262548094580807
rolling,1785482254.4538999,,289.41917419433594,4,1.5480649363893895,1.5503806024427893,5.822407200413133
coherent,1785482254.5563734,40176,301.67245864868164,4,1.552389755133033,1.5546493261641845,6.305349420891041
rolling,1785482254.5563734,,301.67245864868164,4,1.552389755133033,1.5546493261641845,6.305349420891041
rolling,1785482254.7051935,,351.37462615966797,4,1.5564083762837495,1.5464160678526944,5.587316321788432
rolling,1785482254.8635335,,307.1601390838623,3,1.5539497949017622,1.553484349527226,6.219265135772821
rolling,1785482255.000082,,294.8884963989258,3,1.5543275584332061,1.5664664166938387,7.502816654208806
rolling,1785482255.072863,,209.32960510253906,3,1.552349216680616,1.5685924356048264,7.682709255540858
rolling,1785482255.2020044,,338.4709358215332,4,1.569410815312101,1.5595908761486101,7.256932110829144
rolling,1785482255.3790798,,306.2167167663574,3,1.5576402729921464,1.5477288881643299,5.7469390666971565
rolling,1785482255.4811816,,279.177188873291,3,1.5577416764403471,1.5519721225953702,6.158463348410467
rolling,1785482255.586144,,207.06415176391602,3,1.544691524976194,1.5519721225953707,5.954482290832997
rolling,1785482255.7215428,,342.46301651000977,4,1.5489190091312453,1.5556790086690278,6.358444643405312
rolling,1785482255.8957798,,309.63587760925293,3,1.5657622306335301,1.56222676456731,7.374556879584654
rolling,1785482255.9945529,,273.0100154876709,3,1.5653925094934815,1.549521078937264,6.172820828696604
rolling,1785482256.094735,,198.95505905151367,3,1.5492855866732915,1.5342713441702833,4.244561532482428
coherent,1785482256.2164605,40192,320.6806182861328,4,1.5525874316192405,1.5375303625663381,4.6316125452779255
rolling,1785482256.2164605,,320.6806182861328,4,1.5525874316192405,1.5375303625663381,4.6316125452779255
rolling,1785482256.3025372,,307.9843521118164,4,1.5530633748038136,1.5365552611489068,4.548470604884626
rolling,1785482256.4035203,,308.78543853759766,4,1.5426402740010237,1.5420544036162078,4.956240011899077
rolling,1785482256.5075772,,291.11671447753906,4,1.5444376394653785,1.543630430578043,5.120101890579861
coherent,1785482256.6080496,40196,305.5124282836914,4,1.5516358348650217,1.550735261849608,5.906839640341433
rolling,1785482256.6080496,,305.5124282836914,4,1.5516358348650217,1.550735261849608,5.906839640341433
rolling,1785482256.7540264,,350.506067276001,4,1.55139780871712,1.5512229243306088,5.951018446434657
rolling,1785482256.9200628,,312.0131492614746,3,1.5545049393846155,1.5492235083143144,5.813987335890339
rolling,1785482257.0198343,,265.8078670501709,3,1.5541717302419509,1.5377725790674943,4.694577507749051
rolling,1785482257.1255977,,205.5349349975586,3,1.535109350853468,1.5582579067492672,6.6092363561403
rolling,1785482257.2480056,,327.9428482055664,4,1.5425147507275714,1.554350878533236,6.185560620516503
rolling,1785482257.4320445,,306.44679069519043,3,1.5477238139533152,1.5589711444408216,6.673904027195329
rolling,1785482257.5312228,,283.217191696167,3,1.547386893321673,1.5448726768829475,5.267515401216737
rolling,1785482257.6303315,,198.2870101928711,3,1.5437559609756615,1.5448726768829475,5.241107863154036
rolling,1785482257.772273,,340.2285575866699,4,1.5457003230746784,1.5465775984208279,5.422169034029342
rolling,1785482257.9398818,,309.55028533935547,3,1.5490784762136207,1.5499119352551525,5.78777752972195
rolling,1785482258.0478199,,275.5467891693115,3,1.5489756090208457,1.5463768433400038,5.435920965214126
rolling,1785482258.1785846,,238.70277404785156,3,1.5398256850763568,1.5377138656347533,4.525479680169704
coherent,1785482258.267487,40212,327.6052474975586,4,1.543190979203557,1.5410355102450304,4.855689627447927
rolling,1785482258.267487,,327.6052474975586,4,1.543190979203557,1.5410355102450304,4.855689627447927
rolling,1785482258.3543677,,306.5478801727295,4,1.54556633067723,1.5361689449406999,4.383538675627091
rolling,1785482258.4566197,,278.03516387939453,4,1.5410271926347037,1.5385637569306134,4.606942753117265
rolling,1785482258.552831,,285.34388542175293,4,1.545650047404548,1.542617325279628,5.026884385921136
coherent,1785482258.6540964,40216,299.7286319732666,4,1.5494777190917437,1.5463953501859562,5.444654639210604
rolling,1785482258.6540964,,299.7286319732666,4,1.5494777190917437,1.5463953501859562,5.444654639210604
rolling,1785482258.803236,,346.616268157959,4,1.5492396929438421,1.546883012666957,5.489633473308993
rolling,1785482258.9634783,,309.38196182250977,3,1.567888389025979,1.542056895989568,5.602768352336443
rolling,1785482259.0620446,,258.8086128234863,3,1.5680133993808687,1.546352950766222,5.991582806961902
rolling,1785482259.1722424,,208.76407623291016,3,1.5633887733301284,1.551322791000979,6.267660849453762
rolling,1785482259.2971213,,333.64295959472656,4,1.5567517281868082,1.554824441565008,6.410450736867879
rolling,1785482259.4719756,,299.73316192626953,3,1.547465716138519,1.5463118682751877,5.411456900172347
rolling,1785482259.5807579,,283.63656997680664,3,1.5476684295324319,1.554794424519074,6.257494014613971
rolling,1785482259.6833532,,211.37762069702148,3,1.5447589714375143,1.5547944245190743,6.236705248185484
rolling,1785482259.8268583,,354.88271713256836,4,1.536663887131408,1.54769621807316,5.54300553282413
rolling,1785482259.991966,,308.6128234863281,3,1.5382074343684784,1.532660862813496,4.031680385618483
rolling,1785482260.0997841,,272.92585372924805,3,1.5381868132510395,1.5319522059174113,3.96127864654558
rolling,1785482260.1958108,,203.84478569030762,3,1.5740170305898502,1.565875588872672,8.015696043075573
coherent,1785482260.3185968,40232,326.6308307647705,4,1.557100275560713,1.5491782524610505,5.8720143578063615
rolling,1785482260.3185968,,326.6308307647705,4,1.557100275560713,1.5491782524610505,5.8720143578063615
rolling,1785482260.4001741,,300.39000511169434,4,1.5626125203367447,1.5378848925211273,4.995030754615397
rolling,1785482260.504808,,308.99715423583984,4,1.564428175553755,1.5369269677251618,4.988040805466118
rolling,1785482260.6100082,,291.4113998413086,4,1.5641744651031901,1.5367045007208051,4.956707091547633
coherent,1785482260.7056613,40236,305.48715591430664,4,1.5733295554671696,1.5457408450683388,6.1901986293615
rolling,1785482260.7056613,,305.48715591430664,4,1.5733295554671696,1.5457408450683388,6.1901986293615
rolling,1785482260.8507016,,345.89362144470215,4,1.56330725256121,1.5662743080662251,7.685937593188028
rolling,1785482261.011596,,305.9346675872803,3,1.5400569561295443,1.5677745353765897,7.529357259227878
rolling,1785482261.1169806,,266.2789821624756,3,1.5394103339967267,1.5455529833713741,5.310454859623779
rolling,1785482261.222875,,211.27915382385254,3,1.540725284254487,1.544139876100425,5.165004207187402
rolling,1785482261.347158,,335.56199073791504,4,1.5452905037813673,1.5417313037333513,4.935844845932026
rolling,1785482261.53132,,308.4449768066406,3,1.5570834824672408,1.5527045973263776,6.212655811973216
rolling,1785482261.6292772,,282.1192741394043,3,1.5571341257522862,1.5548237691555264,6.419441974902113
rolling,1785482261.731744,,200.4239559173584,3,1.561468020063966,1.5548237691555264,6.536858968185196
rolling,1785482261.8758118,,344.49172019958496,4,1.5491560188421292,1.5440279425612289,5.20574488395588
rolling,1785482262.040311,,308.5670471191406,3,1.5297943037575585,1.5227644603134818,3.2540378465958955
rolling,1785482262.142053,,266.24107360839844,3,1.530122487053646,1.5340426733704216,4.313922539961936
rolling,1785482262.2430894,,202.77833938598633,3,1.5610135955569437,1.5632897999998976,7.336403681509772
coherent,1785482262.3676233,40252,327.3122310638428,4,1.5640409978353638,1.5662779353845513,7.707186473742042
rolling,1785482262.3676233,,327.3122310638428,4,1.5640409978353638,1.5662779353845513,7.707186473742042
rolling,1785482262.453246,,311.19322776794434,4,1.563331829397002,1.5677308633218734,7.82653062108346
rolling,1785482262.5521853,,309.0958595275879,4,1.5665026064504575,1.5660579873630862,7.761101101647363
rolling,1785482262.6449008,,277.27746963500977,4,1.5588331105508302,1.5593329597817691,6.8981716268033395
coherent,1785482262.753893,40256,300.6467819213867,4,1.525463384849363,1.5263960558045448,3.760580317144919
rolling,1785482262.753893,,300.6467819213867,4,1.525463384849363,1.5263960558045448,3.760580317144919
rolling,1785482262.9007065,,348.52123260498047,4,1.5216977380850367,1.5341110260288464,4.619059097997798
rolling,1785482263.0596278,,305.73487281799316,3,1.5465774860509938,1.5313994131072712,3.9197818327844343
rolling,1785482263.1617727,,261.066198348999,3,1.547711673235986,1.5703764264753837,7.8104285083140725
rolling,1785482263.2727878,,213.16003799438477,3,1.5674086207980058,1.5492091620476043,6.224382605043899
rolling,1785482263.4052262,,345.5984592437744,4,1.5672875430973996,1.5492730416490632,6.2252263939055394
rolling,1785482263.5735834,,300.7955551147461,3,1.553626879035107,1.5363444734268017,4.542464205349441
rolling,1785482263.6794345,,274.20830726623535,3,1.5539648905291088,1.5504885881969352,5.926111635559912
rolling,1785482263.7849972,,211.41386032104492,3,1.5445682227404858,1.5504885881969352,5.8057030069482
rolling,1785482263.9234471,,349.86376762390137,4,1.5341758969790051,1.541376036564516,4.945941757470005
rolling,1785482264.092607,,307.60979652404785,3,1.534434204062549,1.5222012492893033,3.0588969900010863
rolling,1785482264.1921217,,268.6746120452881,3,1.534434204062549,1.5222012492893033,3.0588969900010863
rolling,1785482264.292281,,199.67389106750488,3,1.5436719672769061,1.5309473915805256,3.8495400732552127
coherent,1785482264.4182541,40272,325.64711570739746,4,1.5559477182421537,1.5430639200293321,5.251937939481279
rolling,1785482264.4182541,,325.64711570739746,4,1.5559477182421537,1.5430639200293321,5.251937939481279
rolling,1785482264.4996805,,307.5587749481201,4,1.5521454101046,1.5508540012293919,5.927270881883749
rolling,1785482264.6024053,,310.12439727783203,4,1.5489716910172278,1.5525284293811357,6.0461269876792265
rolling,1785482264.7075224,,289.26825523376465,4,1.5512963416709424,1.5545668084307833,6.279666669562912
coherent,1785482264.8015387,40276,301.85818672180176,4,1.5517790628290724,1.5550432684585143,6.33422649634766
rolling,1785482264.8015387,,301.85818672180176,4,1.5517790628290724,1.5550432684585143,6.33422649634766
rolling,1785482264.954548,,352.1425724029541,4,1.5543901491148202,1.549693735109167,5.8573856842301835
rolling,1785482265.1116958,,310.15706062316895,3,1.5742980721949054,1.553539126181938,6.91747925812527
rolling,1785482265.2170632,,262.5153064727783,3,1.5739431503778976,1.541342028040432,5.849737288422683
rolling,1785482265.3228865,,211.19070053100586,3,1.5712986865000402,1.5441838930551033,5.953444108420792
rolling,1785482265.447878,,336.1821174621582,4,1.5577471862919474,1.5513335533817127,6.096963976257464
rolling,1785482265.621782,,298.89559745788574,3,1.5533721191603607,1.5477614933159438,5.647040195789059
rolling,1785482265.7369075,,289.029598236084,3,1.553406029395997,1.5491804695141835,5.786655895790456
rolling,1785482265.8312726,,209.49053764343262,3,1.5483180118934725,1.5491804695141835,5.705974416855629
rolling,1785482265.9697776,,347.9955196380615,4,1.5493621115182783,1.5500959923681439,5.809683794009792
rolling,1785482266.1408336,,309.56101417541504,3,1.5559373357962305,1.5515346796209695,6.0715516097168445
rolling,1785482266.2403831,,270.60556411743164,3,1.5553431949158938,1.531116676894557,4.093925600691955
rolling,1785482266.3420079,,201.17425918579102,3,1.550423069658851,1.5264583938675733,3.50484614694073
coherent,1785482266.4673812,40292,326.54762268066406,4,1.558965956811808,1.534890475580275,4.575305004989215
rolling,1785482266.4673812,,326.54762268066406,4,1.558965956811808,1.534890475580275,4.575305004989215
rolling,1785482266.5515046,,311.12146377563477,4,1.5539903210641421,1.5450844433214517,5.399026893043091
rolling,1785482266.6495256,,307.51776695251465,4,1.5449792914686096,1.5498385886051318,5.742945295419235
rolling,1785482266.7736175,,306.23626708984375,4,1.5465202430585574,1.5511897780548032,5.88833190891935
coherent,1785482266.8547325,40296,303.22790145874023,4,1.5441295875606873,1.5488301305323635,5.638036930308365
rolling,1785482266.8547325,,303.22790145874023,4,1.5441295875606873,1.5488301305323635,5.638036930308365
rolling,1785482267.000346,,350.82030296325684,4,1.5460193940615603,1.5449583385676877,5.2631787077155625
rolling,1785482267.1598828,,305.15027046203613,3,1.549621152520696,1.5448570264101738,5.294537993554959
rolling,1785482267.2682924,,267.9464817047119,3,1.5498081130207189,1.551282034561462,5.933178551703628
rolling,1785482267.3721552,,212.27240562438965,3,1.5531023152412153,1.5477419302249764,5.639632892588932
rolling,1785482267.497581,,337.69822120666504,4,1.5541490905859738,1.5471896601413415,5.607759243882205
rolling,1785482267.6834083,,311.2530708312988,3,1.5600763300756353,1.5527574176719923,6.29826226711628
rolling,1785482267.7795987,,282.01770782470703,3,1.5596846598413512,1.5363679491359634,4.739249924851459
rolling,1785482267.879694,,196.28572463989258,3,1.5567859725306812,1.5363679491359636,4.6373240466231165
rolling,1785482268.0227475,,339.3392562866211,4,1.5513776851043855,1.5316256710794238,4.029280900960459
rolling,1785482268.192282,,312.5879764556885,3,1.52493017196697,1.5236110710369242,3.5366726680953238
rolling,1785482268.292095,,269.3474292755127,3,1.525074252787293,1.5285624936364075,3.973139806724705
rolling,1785482268.3920443,,199.76234436035156,3,1.5554223987708082,1.5572955534570019,6.622233940255507
coherent,1785482268.5181885,40312,325.90651512145996,4,1.5523683787313898,1.5542811455567755,6.268699955485767
rolling,1785482268.5181885,,325.90651512145996,4,1.5523683787313898,1.5542811455567755,6.268699955485767
rolling,1785482268.6033473,,311.2523555755615,4,1.554029979095047,1.5508768970617373,5.965450525426781
rolling,1785482268.6839101,,291.8658256530762,4,1.5544842081172188,1.5506372495563574,5.951554286361528
rolling,1785482268.7995677,,281.37922286987305,4,1.5501271704351443,1.5468167639640502,5.495896498321094
coherent,1785482268.8994598,40316,296.1125373840332,4,1.5544618250185513,1.5510951959495378,5.995821448031129
rolling,1785482268.8994598,,296.1125373840332,4,1.5544618250185513,1.5510951959495378,5.995821448031129
rolling,1785482269.053254,,369.34375762939453,4,1.553986536501357,1.5520689560995453,6.081277297031116
rolling,1785482269.2137277,,314.2678737640381,3,1.5430631928339669,1.5556609064232156,6.3174556394338
rolling,1785482269.3130171,,259.763240814209,3,1.5428124890074943,1.5470453211607431,5.455566829780077
rolling,1785482269.4178607,,204.1330337524414,3,1.5368801943801615,1.5534204434300627,6.111477263714957
rolling,1785482269.5464714,,332.74364471435547,4,1.5481579127415654,1.5474704117505398,5.534263739403288
rolling,1785482269.7280312,,310.17041206359863,3,1.5572138894653536,1.5555699380502117,6.493803941492401
rolling,1785482269.832636,,286.1647605895996,3,1.5566864692022888,1.5334999999999999,4.36359726857431
rolling,1785482269.932606,,204.5748233795166,3,1.561028441602154,1.5335,4.5306272309777125
rolling,1785482270.0721786,,344.1474437713623,4,1.573204263025188,1.5441764168032313,6.049646862486267
rolling,1785482270.2404442,,307.83820152282715,3,1.56916922620247,1.5669177090654995,7.930831853027498
rolling,1785482270.339564,,267.38548278808594,3,1.5695392906304846,1.579635191989538,9.145920597074516
rolling,1785482270.4428866,,202.44240760803223,3,1.5716054440057659,1.5815913875529413,9.396075176843686
coherent,1785482270.5674953,40332,327.05116271972656,4,1.5579625253891751,1.5681254242884008,7.734371841523595
rolling,1785482270.5674953,,327.05116271972656,4,1.5579625253891751,1.5681254242884008,7.734371841523595
rolling,1785482270.6515152,,311.9511604309082,4,1.5591433816741465,1.5657061131719048,7.5244034526334875
rolling,1785482270.7530982,,310.2116584777832,4,1.5618693862430193,1.5642678955268512,7.4534693473233204
rolling,1785482270.853315,,285.81976890563965,4,1.553508577850921,1.5569366878732043,6.550077020268487
coherent,1785482270.950554,40336,299.0386486053467,4,1.5506260210778098,1.5540915192765479,6.222779922966182
rolling,1785482270.950554,,299.0386486053467,4,1.5506260210778098,1.5540915192765479,6.222779922966182
rolling,1785482271.1021736,,349.0753173828125,4,1.5506260210778098,1.5540915192765479,6.222779922966182
rolling,1785482271.2617443,,311.1903667449951,3,1.5485133767837442,1.5534113139876113,6.128565441615416
rolling,1785482271.359684,,257.5104236602783,3,1.5484717446163754,1.55198059993479,5.9859198284727455
rolling,1785482271.4694827,,207.73839950561523,3,1.5550616660742784,1.5448987610042395,5.406320937987787
rolling,1785482271.6017795,,340.03520011901855,4,1.5579912178075928,1.543353153545227,5.338370895102835
rolling,1785482271.779735,,310.25242805480957,3,1.560509286706613,1.5456139550048908,5.632941553045342
rolling,1785482271.8794677,,277.68826484680176,3,1.560509286706613,1.5456139550048908,5.632941553045342
rolling,1785482271.980532,,200.79684257507324,3,1.5372551635157683,1.5456139550048908,5.330380634890492
rolling,1785482272.1226385,,342.90337562561035,4,1.542671249294975,1.5503630710777876,5.787040430839064
rolling,1785482272.292553,,312.02101707458496,3,1.5520812080598854,1.5596509780579728,6.794106059018358
rolling,1785482272.3908114,,268.1729793548584,3,1.551894931426999,1.5532494714052305,6.159072908866593
rolling,1785482272.492379,,199.82600212097168,3,1.5575012004312643,1.5585573825625516,6.790933739951501
coherent,1785482272.6183426,40352,325.7896900177002,4,1.5526677611635753,1.5537866353750007,6.2251499455139
rolling,1785482272.6183426,,325.7896900177002,4,1.5526677611635753,1.5537866353750007,6.2251499455139
rolling,1785482272.7026627,,311.85126304626465,4,1.551955646722008,1.5552455990157315,6.357016140342417
rolling,1785482272.8021216,,309.74268913269043,4,1.5510448770795864,1.5557261136066707,6.3905681920532365
rolling,1785482272.8995602,,281.2175750732422,4,1.545136544272864,1.5505453687956932,5.814407554291412
coherent,1785482272.9989262,40356,296.2634563446045,4,1.5403344687265141,1.5458055785266192,5.332436995261907
rolling,1785482272.9989262,,296.2634563446045,4,1.5403344687265141,1.5458055785266192,5.332436995261907
rolling,1785482273.151341,,349.21932220458984,4,1.5408091025763295,1.5448331596440354,5.234161715394335
rolling,1785482273.312922,,313.9958381652832,3,1.536564486736151,1.5448935441799811,5.264953009808536
rolling,1785482273.4341905,,282.8495502471924,3,1.5365229114951726,1.5434647864362576,5.1232137479619695
rolling,1785482273.5193794,,206.45737648010254,3,1.5484557665107952,1.5306411803064892,3.8726178996506073
rolling,1785482273.6505873,,337.665319442749,4,1.5466829686369745,1.53157649391981,3.9386629160646973
rolling,1785482273.826418,,307.0385456085205,3,1.5622918130340935,1.5464292468209977,5.770900922219815
rolling,1785482273.9288507,,278.2633304595947,3,1.5626152186602877,1.5599621780241284,7.0615174102318985
rolling,1785482274.0314708,,205.05285263061523,3,1.5531397895118522,1.5599621780241284,6.841690411647913
rolling,1785482274.1725447,,346.1267948150635,4,1.5563225086886094,1.5627529578260073,7.17484222320071
rolling,1785482274.3401608,,308.69007110595703,3,1.559816366007725,1.56836135226544,7.798293626343061
rolling,1785482274.4401178,,267.57311820983887,3,1.5592606257007648,1.5492630079531464,5.940253432574454
rolling,1785482274.5403678,,200.20699501037598,3,1.5452578234127938,1.5360054153471667,4.364660341452517
coherent,1785482274.6675196,40372,327.3587226867676,4,1.568560434033942,1.5590057796688217,7.170647183097373
rolling,1785482274.6675196,,327.3587226867676,4,1.568560434033942,1.5590057796688217,7.170647183097373
rolling,1785482274.7465923,,306.4744472503662,4,1.5721275529155703,1.5516975487909246,6.653679811947806
rolling,1785482274.8511817,,310.81390380859375,4,1.567156461250525,1.5543202559681182,6.683735722811079
rolling,1785482274.9511857,,283.66613388061523,4,1.5586133480593425,1.5468291936358718,5.6886147601104
coherent,1785482275.0597692,40376,313.17687034606934,4,1.5527957767010512,1.5410870790340652,4.982683445686658
rolling,1785482275.0597692,,313.17687034606934,4,1.5527957767010512,1.5410870790340652,4.982683445686658
rolling,1785482275.201852,,350.67033767700195,4,1.5442759354300242,1.5585423332932908,6.609062064029033
rolling,1785482275.3598392,,300.07004737854004,3,1.5390690235552842,1.576888164329965,8.443074033596007
rolling,1785482275.4596064,,257.7543258666992,3,1.5385473169000374,1.558959406586241,6.653653058909896
rolling,1785482275.5735672,,213.7279510498047,3,1.5556180047871222,1.5406144440821656,5.007315933822725
rolling,1785482275.6975129,,337.6736640930176,4,1.549502784145868,1.5438407843202102,5.192284465075822
rolling,1785482275.8690948,,295.52769660949707,3,1.547330336059136,1.5420412455167916,4.985453999274208
rolling,1785482275.9795744,,282.0615768432617,3,1.5474826866754676,1.5484163677861102,5.620946435352893
rolling,1785482276.0794277,,210.33287048339844,3,1.564802107745814,1.5484163677861102,6.048173160480922
rolling,1785482276.228204,,359.10916328430176,4,1.5647375412686857,1.548359752417226,6.040479280399289
rolling,1785482276.398967,,319.53930854797363,3,1.5632722022876648,1.5483490162513234,5.985246701307939
rolling,1785482276.4922054,,264.00136947631836,3,1.5635987072870265,1.5595695536487435,7.053857835791604
rolling,1785482276.5938623,,194.89526748657227,3,1.549673126335202,1.5463850727666941,5.446445628109674
coherent,1785482276.7219532,40392,322.9861259460449,4,1.5491153209608657,1.5458345024019007,5.384066399400108
rolling,1785482276.7219532,,322.9861259460449,4,1.5491153209608657,1.5458345024019007,5.384066399400108
rolling,1785482276.7997918,,307.5864315032959,4,1.5510094919109327,1.5419537686543963,5.031315359397761
rolling,1785482276.9029644,,309.10205841064453,4,1.5433054608827839,1.5460183522171835,5.354095145400753
rolling,1785482276.9983206,,276.3674259185791,4,1.5425383349825705,1.5453456948607172,5.285157459675897
coherent,1785482277.0993264,40396,299.53455924987793,4,1.5535705407217004,1.5562348074754708,6.482168515927922
rolling,1785482277.0993264,,299.53455924987793,4,1.5535705407217004,1.5562348074754708,6.482168515927922
rolling,1785482277.2511163,,348.15192222595215,4,1.548143620927406,1.5673533555610988,7.512591581684481
rolling,1785482277.413954,,314.62764739990234,3,1.5403043495027409,1.5725666775350509,8.007972750242132
rolling,1785482277.512027,,260.9107494354248,3,1.5391063715526383,1.5313974567981747,3.8987189136094114
rolling,1785482277.6204858,,206.53176307678223,3,1.557498684571887,1.5116322138897955,2.4780288014260043
rolling,1785482277.7517135,,337.75949478149414,4,1.538785204398571,1.5215052924946324,2.9156423060064047
rolling,1785482277.9215555,,301.0697364807129,3,1.5710088865225493,1.5528014346266712,6.702496145895295
rolling,1785482278.030056,,278.34248542785645,3,1.5706506200520913,1.5378097489403326,5.374215466867071
rolling,1785482278.129396,,207.8404426574707,3,1.561253952263468,1.5378097489403326,4.932927632685911
rolling,1785482278.2724419,,350.88634490966797,4,1.5614302831091178,1.5379643653344157,4.954111482916241
rolling,1785482278.4399395,,310.5435371398926,3,1.5446621222025188,1.539528414615578,4.711849145481133
rolling,1785482278.539987,,267.545223236084,3,1.5447443587420773,1.5423545219320307,4.994436446034319
rolling,1785482278.6401498,,200.2103328704834,3,1.5657389095070164,1.5622317718755085,7.374271345857704
coherent,1785482278.7720268,40412,332.08727836608887,4,1.5555501064067654,1.5521751225533647,6.125000562120094
rolling,1785482278.7720268,,332.08727836608887,4,1.5555501064067654,1.5521751225533647,6.125000562120094
rolling,1785482278.8393242,,299.33714866638184,4,1.552002627546509,1.5594431154085338,6.772368176795851
rolling,1785482278.9434946,,303.3447265625,4,1.5433483195633466,1.564009057296247,7.15269173166615
rolling,1785482279.049497,,277.4701118469238,4,1.5382470763136322,1.5595360121310493,6.712747125273463
coherent,1785482279.1472633,40416,307.9390525817871,4,1.540647567651265,1.561905367917581,6.941412286313442
rolling,1785482279.1472633,,307.9390525817871,4,1.540647567651265,1.561905367917581,6.941412286313442
rolling,1785482279.3037078,,360.2132797241211,4,1.5439577841422287,1.5551234727314176,6.266237824852555
rolling,1785482279.4606931,,313.4298324584961,3,1.5633887733301284,1.551322791000979,6.267660849453762
rolling,1785482279.5746667,,270.95890045166016,3,1.5637658537448806,1.564281382458429,7.508172003729828
rolling,1785482279.672295,,211.60197257995605,3,1.5730299726120816,1.5543257254646237,6.928821700577665
rolling,1785482279.7975304,,336.8372917175293,4,1.562397898694172,1.5599351204329432,7.052539392509878
rolling,1785482279.9719145,,299.6194362640381,3,1.5613535689032676,1.5593937072057387,6.97070152672761
rolling,1785482280.0793543,,281.82387351989746,3,1.5614046797007528,1.5615324421258556,7.177593259581376
rolling,1785482280.1798685,,207.95392990112305,3,1.5817520374927418,1.561532442125856,7.978496769085266
rolling,1785482280.3221304,,350.2159118652344,4,1.5787988414176528,1.5589429205565213,7.607416343589062
rolling,1785482280.4993246,,319.4561004638672,3,1.5614389058157483,1.554782182657294,6.532015989553269
rolling,1785482280.5910463,,268.91589164733887,3,1.5617880058383575,1.566779211391256,7.69345366066824
rolling,1785482280.6922038,,192.87919998168945,3,1.536582961720009,1.5429155447004934,5.067963527921592
coherent,1785482280.818571,40432,319.2465305328369,4,1.5388322050335088,1.545135614224016,5.271642450134422
rolling,1785482280.818571,,319.2465305328369,4,1.5388322050335088,1.545135614224016,5.271642450134422
rolling,1785482280.900199,,309.15260314941406,4,1.536002732621231,1.5509325720316367,5.871453445745337
rolling,1785482280.9996934,,307.48963356018066,4,1.5364569616434036,1.550692924526257,5.843314744186777
rolling,1785482281.0997608,,281.1896800994873,4,1.5438861466715093,1.5572072345766934,6.474248473116734
coherent,1785482281.2004738,40436,300.2748489379883,4,1.544841753148006,1.5581504463680629,6.572320781774208
rolling,1785482281.2004738,,300.2748489379883,4,1.544841753148006,1.5581504463680629,6.572320781774208
rolling,1785482281.3539944,,354.30097579956055,4,1.549091853772834,1.5494429382498134,5.741429293602547
rolling,1785482281.5123155,,311.8417263031006,3,1.5337919122594958,1.5434510922725795,5.156883714274035
rolling,1785482281.6116416,,257.6472759246826,3,1.5337711673338013,1.5427381806325406,5.086783427651493
rolling,1785482281.7195249,,207.20934867858887,3,1.5397171151133242,1.536348386044996,4.3895484730362435
rolling,1785482281.8482182,,335.9026908874512,4,1.5384651087092525,1.5370089343517066,4.46299870929464
rolling,1785482282.0203643,,300.8394241333008,3,1.544501049927585,1.542776328659928,5.035153919420119
rolling,1785482282.131631,,283.4126949310303,3,1.5446198721101065,1.5477484512552984,5.53229385701578
rolling,1785482282.234282,,213.91773223876953,3,1.5468054998448761,1.5477484512552984,5.547927040607716
rolling,1785482282.3721957,,351.83143615722656,4,1.555787005942573,1.5556239201282545,6.466580880333969
rolling,1785482282.540361,,306.0789108276367,3,1.5612405138245702,1.5717761525088587,8.163693089376645
rolling,1785482282.6379178,,265.72203636169434,3,1.5611580865694745,1.5689434911401874,7.886875910009068
rolling,1785482282.7379868,,197.62587547302246,3,1.5542178189832718,1.562372574951976,7.097621602071452
coherent,1785482282.866012,40452,325.6511688232422,4,1.550082353842678,1.5582907488244415,6.631629325769311
rolling,1785482282.866012,,325.6511688232422,4,1.550082353842678,1.5582907488244415,6.631629325769311
rolling,1785482282.954211,,316.29323959350586,4,1.5505539325780573,1.557324589189838,6.541969575342156
rolling,1785482283.0516756,,313.6887550354004,4,1.5555319590373335,1.5546982232721038,6.370683929621079
rolling,1785482283.1525369,,286.52477264404297,4,1.5511949031836572,1.550895258824453,5.915414143847841
coherent,1785482283.251019,40456,296.80800437927246,4,1.5564783884428346,1.5561102146860457,6.529306883986889
rolling,1785482283.251019,,296.80800437927246,4,1.5564783884428346,1.5561102146860457,6.529306883986889
rolling,1785482283.4007678,,349.0922451019287,4,1.5571865748801277,1.5546592986498606,6.404737506465323
rolling,1785482283.5595984,,308.5794448852539,3,1.5446387825628127,1.5605596674274542,6.812094681543184
rolling,1785482283.660354,,259.5860958099365,3,1.5444927046993453,1.5555396152592122,6.309925135132211
rolling,1785482283.7678099,,208.21142196655273,3,1.5504168074353621,1.5491732963808293,5.733215567019071
rolling,1785482283.8976111,,338.0126953125,4,1.5549877760053294,1.546761690865791,5.585310921678361
rolling,1785482284.0737123,,305.90248107910156,3,1.5790482345534054,1.5693493641995437,8.542238043203296
rolling,1785482284.1793468,,281.7356586456299,3,1.5790651701915386,1.5700580371698727,8.606782822905929
rolling,1785482284.2796838,,205.97147941589355,3,1.5754443354557595,1.5700580371698727,8.456096836867832
rolling,1785482284.4243495,,350.63719749450684,4,1.5690831558049925,1.5644802118263332,7.6995144657464
rolling,1785482284.5912275,,311.54370307922363,3,1.5641499093332194,1.5531194648275957,6.4625656314814846
rolling,1785482284.692518,,268.16844940185547,3,1.564191008531445,1.5545318630806002,6.596628609493433
rolling,1785482284.78943,,198.20237159729004,3,1.5466432642809802,1.537917985397958,4.568082128128453
coherent,1785482284.9184074,40472,327.1799087524414,4,1.5571212835703214,1.5482600996332387,5.783999541587078
rolling,1785482284.9184074,,327.1799087524414,4,1.5571212835703214,1.5482600996332387,5.783999541587078
rolling,1785482284.9992325,,306.7145347595215,4,1.5490896059416102,1.5647152154831128,7.258723829055999
rolling,1785482285.100875,,311.4449977874756,4,1.5490896059416102,1.5647152154831128,7.258723829055999
rolling,1785482285.2012424,,282.8350067138672,4,1.559564021617495,1.5738997479791696,8.332621638632661
coherent,1785482285.299209,40476,299.9765872955322,4,1.549468187823771,1.5639348621060054,7.185060853873838
rolling,1785482285.299209,,299.9765872955322,4,1.549468187823771,1.5639348621060054,7.185060853873838
rolling,1785482285.4541023,,353.2273769378662,4,1.5594080026399693,1.5435703988035758,5.403693821072256
rolling,1785482285.6180904,,318.8812732696533,3,1.5635907722932114,1.5327861102054134,4.582564794791924
rolling,1785482285.7129772,,258.87489318847656,3,1.563673922775168,1.5356436256928594,4.839453303604748
rolling,1785482285.82032,,202.22949981689453,3,1.5471574011653795,1.5533930551027066,6.113267659038514
rolling,1785482285.9479673,,329.8768997192383,4,1.5497294255736296,1.5520360761270682,6.006842426011489
rolling,1785482286.115745,,497.65467643737793,4,1.5574267351976738,1.5596335478665189,6.893963501211893
rolling,1785482286.2317443,,283.77699851989746,3,1.5634720417683956,1.5676962830127161,7.82708635286237
rolling,1785482286.3312535,,215.50846099853516,3,1.5692640309976114,1.5676962830127157,8.00718607293846
rolling,1785482286.474546,,358.80088806152344,4,1.5575341583660527,1.557410898157578,6.680242776238083
rolling,1785482286.6401985,,308.9449405670166,3,1.5561687517206697,1.5358906505296717,4.57236148458367
rolling,1785482286.738597,,264.0509605407715,3,1.556312298537489,1.5408237217829448,5.047021523285212
rolling,1785482286.8403547,,200.15621185302734,3,1.5786653013074787,1.5619871288032248,7.868418227279167
coherent,1785482286.9848347,40492,344.6362018585205,4,1.5653257115927233,1.5488205601157532,6.105587333627654
rolling,1785482286.9848347,,344.6362018585205,4,1.5653257115927233,1.5488205601157532,6.105587333627654
rolling,1785482287.0517912,,313.19427490234375,4,1.5603340364942706,1.5590473889088239,6.9093569765953236
rolling,1785482287.153356,,313.0013942718506,4,1.5603340364942706,1.5590473889088239,6.9093569765953236
rolling,1785482287.2518172,,266.9825553894043,4,1.550365983858012,1.5503068628314696,5.844543239858756
coherent,1785482287.351175,40496,299.38387870788574,4,1.553256409302934,1.5531597980393999,6.17414654282471
rolling,1785482287.351175,,299.38387870788574,4,1.553256409302934,1.5531597980393999,6.17414654282471
rolling,1785482287.5012782,,347.92208671569824,4,1.5504256275558985,1.5589594383818686,6.702330537598142
rolling,1785482287.6596746,,308.4995746612549,3,1.5374574804746566,1.5697753505053804,7.739447990396255
rolling,1785482287.7593625,,258.0842971801758,3,1.5372277208162466,1.561879523964787,6.9526752797727145
rolling,1785482287.872498,,212.82339096069336,3,1.557651774583325,1.539930877078579,5.002553883110253
rolling,1785482287.9971094,,337.4347686767578,4,1.5462120266387762,1.5459663942367987,5.3652259918944125
rolling,1785482288.1849115,,312.41345405578613,3,1.5484287441353801,1.5485464623410499,5.644299393346
rolling,1785482288.293244,,296.13447189331055,3,1.5484628102084965,1.5499719595696118,5.786266462639265
rolling,1785482288.3793554,,194.443941116333,3,1.5644796395588836,1.5499719595696118,6.180341941387922
rolling,1785482288.5208263,,335.91485023498535,4,1.5553185547326784,1.5419390263837414,5.126717280391003
rolling,1785482288.6930132,,313.6577606201172,3,1.531238076049359,1.5268321618682745,3.590540187344334
rolling,1785482288.789314,,268.48769187927246,3,1.5310537733222807,1.5204984896559894,2.99720651300124
rolling,1785482288.8888834,,195.87016105651855,3,1.5451917129485089,1.5338840277788461,4.152689662399838
coherent,1785482289.018995,40512,325.98185539245605,4,1.5674988919248516,1.555901871692806,6.843100736879972
rolling,1785482289.018995,,325.98185539245605,4,1.5674988919248516,1.555901871692806,6.843100736879972
rolling,1785482289.0993092,,309.995174407959,4,1.565605593864623,1.5597808170837457,7.138485627981818
rolling,1785482289.1993635,,310.48011779785156,4,1.5628997632426065,1.5612083911199546,7.188988451451965
rolling,1785482289.2995536,,280.55858612060547,4,1.5616129922638913,1.560080080936867,7.043866694585366
coherent,1785482289.3994906,40516,300.18138885498047,4,1.5399987343854358,1.538746170593985,4.627931747401568
rolling,1785482289.3994906,,300.18138885498047,4,1.5399987343854358,1.538746170593985,4.627931747401568
rolling,1785482289.5503066,,350.94308853149414,4,1.5428413001452943,1.5329223874378797,4.043711589845618
rolling,1785482289.7123358,,312.84523010253906,3,1.5519615254110026,1.5320810238017615,4.087704363594763
rolling,1785482289.8123727,,262.066125869751,3,1.5527525365910195,1.5592645908053477,6.766510472054452
rolling,1785482289.92002,,207.68427848815918,3,1.5567210528280995,1.5549998369742426,6.426789279717095
rolling,1785482290.0360417,,323.70591163635254,4,1.5621520979721124,1.552134462115229,6.302788806105101
rolling,1785482290.220324,,300.3039360046387,3,1.5608534244243644,1.5506763938702313,6.123261899087521
rolling,1785482290.3327239,,296.68211936950684,3,1.560785323445628,1.5478267036191715,5.8509722884690945
rolling,1785482290.4314575,,211.13348007202148,3,1.560785323445628,1.5478267036191715,5.8509722884690945
rolling,1785482290.5738275,,353.5034656524658,4,1.5648027863749607,1.5513494317567529,6.320353295301063
rolling,1785482290.740331,,308.87341499328613,3,1.5813729076275453,1.5575302449207897,7.615055852269832
rolling,1785482290.8403602,,266.53265953063965,3,1.5816203038221552,1.5660321614581336,8.364580022676577
rolling,1785482290.9403343,,200.00338554382324,3,1.5591849316269435,1.5447907685989954,5.5120788469595485
coherent,1785482291.0671535,40532,326.82251930236816,4,1.5429919072565825,1.5288077757042124,3.632900921056555
rolling,1785482291.0671535,,326.82251930236816,4,1.5429919072565825,1.5288077757042124,3.632900921056555
rolling,1785482291.151045,,310.6849193572998,4,1.5299484780631274,1.5555308525481684,6.412615919400938
rolling,1785482291.253968,,313.63368034362793,4,1.5354004872008729,1.5526544172580614,6.0488595854452125
rolling,1785482291.3518612,,284.70778465270996,4,1.5369463754778367,1.5540099354611188,6.1697220107399735
coherent,1785482291.453938,40536,302.89292335510254,4,1.5393348452335367,1.556367425591538,6.391307396954578
rolling,1785482291.453938,,302.89292335510254,4,1.5393348452335367,1.556367425591538,6.391307396954578
rolling,1785482291.6045702,,350.6021499633789,4,1.5447492172363997,1.5452745851315406,5.285974025510671
rolling,1785482291.7587636,,304.8255443572998,3,1.567287892929823,1.5469957613302916,6.01828212886636
rolling,1785482291.8594172,,254.84704971313477,3,1.567412618652758,1.5512820345614613,6.413967246019986
rolling,1785482291.9693334,,210.5698585510254,3,1.579970939740456,1.5377862732311711,5.925948681698031
rolling,1785482292.099241,,340.47746658325195,4,1.56680232520193,1.5447339262199005,5.7931011093966545
rolling,1785482292.2722218,,302.8883934020996,3,1.5596346776584038,1.5385017932833382,4.9356121000621584
rolling,1785482292.379297,,280.0559997558594,3,1.5598895303771694,1.549166123247473,5.949867297849636
rolling,1785482292.4810827,,208.8608741760254,3,1.5584448989399433,1.5491661232474725,5.907426829434852
rolling,1785482292.6211722,,348.9503860473633,4,1.55054009379087,1.5422347638272225,5.0505568819704365
rolling,1785482292.7871716,,306.088924407959,3,1.533417845129756,1.5289293874698868,3.737010939524906
rolling,1785482292.891846,,270.6737518310547,3,1.533808559282541,1.5423565103978418,5.048502857005264
rolling,1785482292.9920971,,204.925537109375,3,1.5450880224490648,1.5530356962065555,6.06276579547886
coherent,1785482293.1214623,40552,334.2907428741455,4,1.544386403526113,1.552343177625474,5.990122312496241
rolling,1785482293.1214623,,334.2907428741455,4,1.544386403526113,1.552343177625474,5.990122312496241
rolling,1785482293.202472,,310.6260299682617,4,1.546044948775335,1.548945188378415,5.660835517887378
rolling,1785482293.2995038,,307.4066638946533,4,1.5551064132380066,1.5441644340726257,5.3362978951976565
rolling,1785482293.3995733,,278.1109809875488,4,1.5622448626629295,1.5504238114683118,6.144271584646041
coherent,1785482293.4998727,40556,297.40071296691895,4,1.5646453540005623,1.5527931672548436,6.449390089327532
rolling,1785482293.4998727,,297.40071296691895,4,1.5646453540005623,1.5527931672548436,6.449390089327532
rolling,1785482293.6524193,,352.91552543640137,4,1.5644080916312695,1.5532792649238503,6.4865307839048985
rolling,1785482293.8090293,,309.1566562652588,3,1.557966996108601,1.551322791000979,6.101730659354971
rolling,1785482293.9118395,,259.42015647888184,3,1.557779608660647,1.5448831105314647,5.478082349476996
rolling,1785482294.0197215,,210.6921672821045,3,1.5564610175623026,1.5463001304206074,5.577515639595063
rolling,1785482294.1484113,,339.3819332122803,4,1.549923844695539,1.5497490891909262,5.782966323866521
rolling,1785482294.3189638,,299.2422580718994,3,1.5543074335465639,1.5541744375611344,6.293985530455753
rolling,1785482294.4288247,,280.4133892059326,3,1.5542905057003047,1.5534660906423217,6.224249747099777
rolling,1785482294.5278225,,208.85872840881348,3,1.5528364498268612,1.5534660906423217,6.196590657749873
rolling,1785482294.6725147,,353.55091094970703,4,1.548118452495928,1.5493290961651947,5.718481754929223
rolling,1785482294.8408043,,312.98184394836426,3,1.5392430617226238,1.5412884437150778,4.885280933238018
rolling,1785482294.9397218,,267.20714569091797,3,1.5394910300638442,1.549810022409076,5.735452566015399
rolling,1785482295.0460248,,205.22046089172363,3,1.5401971226562379,1.550478537734762,5.799932987462878
coherent,1785482295.1825602,40572,341.75586700439453,4,1.5393125144989395,1.549605403379536,5.715740048941517
rolling,1785482295.1825602,,341.75586700439453,4,1.5393125144989395,1.549605403379536,5.715740048941517
rolling,1785482295.3512385,,305.21368980407715,3,1.5537398342872468,1.5345640516536518,4.373946236245636
rolling,1785482295.449045,,266.48473739624023,3,1.5533076727388289,1.5164802212261952,2.6620120382806953
rolling,1785482295.5505743,,199.33581352233887,3,1.5233660984014648,1.5186926528274782,3.2000357812459406
rolling,1785482295.7012184,,349.9798774719238,4,1.5207655267527012,1.5240206440311255,3.7866860413870183
rolling,1785482295.8595245,,308.95018577575684,3,1.52444387802572,1.5264638082817092,3.811878973400604
rolling,1785482295.9568853,,255.66697120666504,3,1.5251231379561094,1.5498069775024466,5.967027913369009
rolling,1785482296.0668607,,207.3361873626709,3,1.5376468710582547,1.5363483860449967,4.4039943527026155
rolling,1785482296.1975656,,338.0410671234131,4,1.5422286436893282,1.53393108039596,4.1433845133632525
rolling,1785482296.3719828,,305.12213706970215,3,1.5654368941612193,1.5557114444082165,6.7503745519621825
rolling,1785482296.4794607,,281.8951606750488,3,1.5654198883962205,1.5549998369742422,6.68318280349744
rolling,1785482296.580934,,208.95123481750488,3,1.5523030927045345,1.5549998369742422,6.338452009313753
rolling,1785482296.7230794,,351.09663009643555,4,1.5521653709560335,1.55487907511853,6.324261984449252
rolling,1785482296.8886318,,307.6977729797363,3,1.5498827694664434,1.5547938840295743,6.28225272229984
rolling,1785482296.9921193,,269.0398693084717,3,1.5494289999892343,1.5391998275870036,4.732695783050636
rolling,1785482297.09208,,203.44829559326172,3,1.5683197519775214,1.5570852400016624,6.983698838165448
coherent,1785482297.2178588,40592,329.2269706726074,4,1.5717435135748172,1.5604645937302446,7.428860516579888
rolling,1785482297.2178588,,329.2269706726074,4,1.5717435135748172,1.5604645937302446,7.428860516579888
rolling,1785482297.2975013,,305.38201332092285,4,1.5734112241673461,1.557047826739246,7.189474982594124
rolling,1785482297.3995662,,307.48605728149414,4,1.5693326195053843,1.559199665096017,7.217787903990831
rolling,1785482297.4995592,,281.70037269592285,4,1.5662761050015694,1.5565195483569427,6.855678229303757
coherent,1785482297.6024263,40596,304.92496490478516,4,1.547518174990192,1.5380049179064716,4.586904616832802
rolling,1785482297.6024263,,304.92496490478516,4,1.547518174990192,1.5380049179064716,4.586904616832802
rolling,1785482297.7516384,,352.07223892211914,4,1.5444252535134597,1.5443416240800683,5.191060555050767
rolling,1785482297.9126222,,310.1959228515625,3,1.5453207744498838,1.538469840234758,4.610831423269703
rolling,1785482298.0124936,,260.85519790649414,3,1.5458829367937508,1.5577888816433,6.541956307385425
rolling,1785482298.1215167,,208.8944911956787,3,1.5511694373224112,1.5521077600260844,6.034741796297592
rolling,1785482298.2482944,,335.67214012145996,4,1.5531595662204836,1.5510577843474587,5.965896671099059
rolling,1785482298.420045,,298.52819442749023,3,1.542234864696303,1.5406307466579723,4.813318883709698
rolling,1785482298.531355,,283.06055068969727,3,1.5421327132281988,1.5363562112813824,4.385788113181371
rolling,1785482298.6748822,,254.8372745513916,3,1.5421327132281988,1.5363562112813824,4.385788113181371
rolling,1785482298.8242242,,404.17933464050293,4,1.5481806221825214,1.5416593439852004,4.95781605418112
rolling,1785482298.9434302,,268.54801177978516,3,1.5477980902299828,1.552835444892695,6.063782075429054
rolling,1785482299.0393784,,215.15417098999023,3,1.547509861838899,1.5429303057754522,5.07581692834643
rolling,1785482299.1207564,,177.32620239257812,3,1.5614933587928335,1.556169620450449,6.666048893255126
coherent,1785482299.2679205,40612,324.4903087615967,4,1.5640115029656716,1.5586551030571556,6.980023047808291
rolling,1785482299.2679205,,324.4903087615967,4,1.5640115029656716,1.5586551030571556,6.980023047808291
rolling,1785482299.3536105,,314.23211097717285,4,1.56472296273986,1.5571974806838496,6.865508738530665
rolling,1785482299.4539874,,333.23097229003906,4,1.5687845456341618,1.555054622872041,6.814651495350926
rolling,1785482299.553493,,285.5725288391113,4,1.56776664778756,1.5541620751501377,6.692591033316762
coherent,1785482299.6529188,40616,299.30830001831055,4,1.55863232197419,1.5451462260267985,5.5286869237685945
rolling,1785482299.6529188,,299.30830001831055,4,1.55863232197419,1.5451462260267985,5.5286869237685945
rolling,1785482299.8000672,,346.07982635498047,4,1.5583950596048972,1.5456323236958047,5.567855808627196
rolling,1785482299.9586785,,305.7596683502197,3,1.54550739339156,1.5448831105314653,5.251769486611782
rolling,1785482300.0594988,,259.4316005706787,3,1.5456530727702906,1.5498894685360294,5.752203991426328
rolling,1785482300.1603413,,201.66277885437012,3,1.538415840196805,1.5576669383762645,6.525217604746296
rolling,1785482300.3038805,,345.2019691467285,4,1.5492597341005117,1.551945788921313,5.99182603780993
rolling,1785482300.4725106,,312.16931343078613,3,1.5504966008772774,1.5526605803716989,6.079307902685991
rolling,1785482300.5823884,,278.50794792175293,3,1.5501919697714799,1.539913270296707,4.815895611255703
rolling,1785482300.685538,,213.0274772644043,3,1.56318153557424,1.539913270296707,5.20319989746553
rolling,1785482300.8209484,,348.4377861022949,4,1.5569920168847364,1.5344859665407962,4.4666995254655895
rolling,1785482300.9978569,,312.3188018798828,3,1.5353830307774898,1.5246738318801538,3.279777057869631
rolling,1785482301.0931768,,272.228479385376,3,1.5354849443925795,1.5281761535342109,3.6222076869785664
rolling,1785482301.1860006,,188.14373016357422,3,1.5467335190246438,1.5388260946533519,4.659337407507969
coherent,1785482301.3201025,40632,322.24559783935547,4,1.5632308162794668,1.5551094138639128,6.619187391526945
rolling,1785482301.3201025,,322.24559783935547,4,1.5632308162794668,1.5551094138639128,6.619187391526945
rolling,1785482301.4028163,,309.63945388793945,4,1.5641765924197424,1.5531717295250083,6.468393008404032
rolling,1785482301.5030408,,317.04020500183105,4,1.5578600456011205,1.5565042878024533,6.600062443923893
rolling,1785482301.6066036,,286.5011692047119,4,1.5599033638650146,1.5582959794418962,6.825434440630179
coherent,1785482301.7000065,40636,297.19018936157227,4,1.563769504614393,1.5621119744477852,7.301154408709882
rolling,1785482301.7000065,,297.19018936157227,4,1.563769504614393,1.5621119744477852,7.301154408709882
rolling,1785482301.8513312,,348.29044342041016,4,1.5651914421617013,1.5591987416023085,7.069811413292379
rolling,1785482302.0156403,,315.63377380371094,3,1.5562433795525292,1.5621273231170534,7.111977344803791
rolling,1785482302.113222,,261.8906497955322,3,1.5558666406961257,1.5491804695141849,5.84119437178045
rolling,1785482302.219485,,203.84478569030762,3,1.564471008909082,1.5399338115422248,5.259477847914077
rolling,1785482302.3495095,,333.86921882629395,4,1.5560645532352977,1.5443689885850123,5.380797720745792
rolling,1785482302.518767,,299.2820739746094,3,1.5427047268251286,1.5320738506684057,3.958536547811454
rolling,1785482302.6301115,,280.60197830200195,3,1.5432126790910108,1.5533291490055428,6.084673203107798
rolling,1785482302.7357898,,217.02265739440918,3,1.5461167517938044,1.5533291490055428,6.0985685943237735
rolling,1785482302.872708,,353.9409637451172,4,1.5351803412148637,1.543739514465475,5.165896107366809
rolling,1785482303.0472043,,311.4144802093506,3,1.532439724508332,1.523783435791668,3.263946360867727
rolling,1785482303.1429665,,270.25842666625977,3,1.532521999190998,1.5266108539185643,3.5337039406047883
rolling,1785482303.244094,,196.88963890075684,3,1.5530453389276564,1.5460419700299763,5.472044623521927
coherent,1785482303.3722863,40652,325.08206367492676,4,1.560011250680407,1.5529175304875824,6.311696496688208
rolling,1785482303.3722863,,325.08206367492676,4,1.560011250680407,1.5529175304875824,6.311696496688208
rolling,1785482303.4506826,,307.71613121032715,4,1.5583473589809222,1.5563264734186064,6.59491549164785
rolling,1785482303.5507681,,306.6742420196533,4,1.56061325045979,1.5551310076648448,6.540997889483398
rolling,1785482303.6541898,,281.9035053253174,4,1.5600993648494728,1.5546804050505079,6.48313347280796
coherent,1785482303.7507365,40656,300.05383491516113,4,1.5480695863841916,1.5428066587175906,5.070204220142814
rolling,1785482303.7507365,,300.05383491516113,4,1.5480695863841916,1.5428066587175906,5.070204220142814
rolling,1785482303.903299,,352.53095626831055,4,1.5461745425442857,1.546689180821661,5.436951254930348
rolling,1785482304.0624058,,311.66934967041016,3,1.5700256404423036,1.5491230844473434,6.329048534142731
rolling,1785482304.1768596,,273.5605239868164,3,1.5701504230916297,1.5534113139876113,6.720693567989065
rolling,1785482304.2679784,,205.57260513305664,3,1.5787232373528546,1.5441985653733294,6.355912162711934
rolling,1785482304.3972661,,334.86032485961914,4,1.564182100220704,1.5518703500216033,6.3466822687128515
rolling,1785482304.5736136,,305.6352138519287,3,1.5637687469470398,1.5520908053472446,6.352864943512482
rolling,1785482304.6792784,,282.0122241973877,3,1.5639720213558808,1.5605968373002934,7.163098131007185
rolling,1785482304.7881143,,214.50066566467285,3,1.558895784398627,1.5605968373002934,7.022219857670968
rolling,1785482304.9202988,,346.68517112731934,4,1.549153770781147,1.5520545144237277,6.001296534937895
rolling,1785482305.0946202,,306.5059185028076,3,1.5322279039901077,1.5353481844342287,4.389347584472312
rolling,1785482305.1915119,,271.2130546569824,3,1.5321046063954307,1.531110989675215,3.9797514262660134
rolling,1785482305.2937634,,199.1431713104248,3,1.5398751642229964,1.5384680092117664,4.600622653602205
coherent,1785482305.4184442,40672,323.8239288330078,4,1.553745690755728,1.5521586282060376,6.085267879176142
rolling,1785482305.4184442,,323.8239288330078,4,1.553745690755728,1.5521586282060376,6.085267879176142
rolling,1785482305.4996471,,308.1352710723877,4,1.556830101556533,1.5458393585089558,5.5430105800929805
rolling,1785482305.6003838,,306.62035942077637,4,1.553205515771464,1.5477516602312718,5.642672061977519
rolling,1785482305.702951,,284.50679779052734,4,1.5490718631768574,1.5441270507296663,5.214366737605021
coherent,1785482305.8014734,40676,301.82623863220215,4,1.5229068901015426,1.5183014502000691,3.1949610687330656
rolling,1785482305.8014734,,301.82623863220215,4,1.5229068901015426,1.5183014502000691,3.1949610687330656
rolling,1785482305.9585881,,358.2043647766113,4,1.5181692805017781,1.5280077554602454,4.2624535538565205
rolling,1785482306.1129951,,311.5217685699463,3,1.5558363118350178,1.5250683077926317,3.548406478391339
rolling,1785482306.2037559,,245.16773223876953,3,1.557497803437049,1.5821664492989898,9.103881283815296
rolling,1785482306.3187516,,205.75642585754395,3,1.568027114407356,1.570851157482883,8.264012718095742
rolling,1785482306.4461255,,333.1303596496582,4,1.5745565121844185,1.5674063007860985,8.177543114630383
rolling,1785482306.6216729,,302.9212951660156,3,1.5285722697410695,1.52359455493968,3.377164375143619
rolling,1785482306.7291837,,283.05816650390625,3,1.5288426789362708,1.5349098467557873,4.433050912059953
rolling,1785482306.8299575,,208.2846164703369,3,1.52956785564445,1.5349098467557873,4.412482003304747
rolling,1785482306.970847,,349.17402267456055,4,1.536999832146751,1.5414266045213278,4.9156654937256095
rolling,1785482307.1394808,,309.523344039917,3,1.5621075235741329,1.553270380031469,6.408952999703256
rolling,1785482307.242859,,272.01199531555176,3,1.561943508212304,1.5476338951238862,5.871562113656024
rolling,1785482307.3395975,,200.11663436889648,3,1.5765282054436986,1.5614424150328963,7.721774513965196
coherent,1785482307.47002,40692,330.5392265319824,4,1.5611357966572352,1.5462496533448484,5.713872895617348
rolling,1785482307.47002,,330.5392265319824,4,1.5611357966572352,1.5462496533448484,5.713872895617348
rolling,1785482307.5508926,,308.03370475769043,4,1.5571097559428893,1.5544981126871467,6.387243599075634
rolling,1785482307.6514971,,311.89966201782227,4,1.5548522702752121,1.5556891436038893,6.453322675767625
rolling,1785482307.7577858,,287.7657413482666,4,1.5477368587230305,1.5494499670573358,5.726378633308464
coherent,1785482307.8514366,40696,300.54402351379395,4,1.5650794113925601,1.5665675783049209,7.765479761018576
rolling,1785482307.8514366,,300.54402351379395,4,1.5650794113925601,1.5665675783049209,7.765479761018576
rolling,1785482308.00956,,358.0629825592041,4,1.5660238781980775,1.5646325765008655,7.610735677599329
rolling,1785482308.1617444,,310.30774116516113,3,1.555217797056804,1.57355999347897,8.217118777511928
rolling,1785482308.2609415,,251.38139724731445,3,1.554923582492055,1.5634491359634826,7.216178468995708
rolling,1785482308.3691387,,207.39436149597168,3,1.566139343614227,1.5513961525921098,6.374634791175046
rolling,1785482308.499742,,337.9976749420166,4,1.5546674365009152,1.5574486366639186,6.622073368860317
rolling,1785482308.6713388,,302.2000789642334,3,1.5576790881027196,1.5607826866644932,7.011605483700266
rolling,1785482308.7801547,,280.4126739501953,3,1.558135508809921,1.5798816432996414,8.890464827389948
rolling,1785482308.8796015,,208.26268196105957,3,1.5828315707419303,1.5798816432996414,9.655696267162718
rolling,1785482309.0203996,,349.0607738494873,4,1.5704964698598525,1.5690655616775975,8.178413516330291
rolling,1785482309.189576,,309.97443199157715,3,1.553785019140766,1.5475636685363978,5.636354565146608
rolling,1785482309.2965147,,276.11517906188965,3,1.5544225001268885,1.5694710796293774,7.80073032400041
rolling,1785482309.3941276,,204.55169677734375,3,1.5439372905781918,1.5595438783645021,6.707954879266567
coherent,1785482309.517836,40712,328.2601833343506,4,1.5513581967240948,1.5668685317146158,7.498663850098053
rolling,1785482309.517836,,328.2601833343506,4,1.5513581967240948,1.5668685317146158,7.498663850098053
rolling,1785482309.6012068,,304.69202995300293,4,1.55562400936602,1.558128833178184,6.7079295466025295
rolling,1785482309.6975453,,303.4176826477051,4,1.5647106912622613,1.5533347743613397,6.502355815268805
rolling,1785482309.8027139,,284.8777770996094,4,1.5682864982240767,1.5564702347303632,6.925587823032931
coherent,1785482309.900238,40716,299.03125762939453,4,1.5538605999055026,1.542231447394955,5.118479745069178
rolling,1785482309.900238,,299.03125762939453,4,1.5538605999055026,1.542231447394955,5.118479745069178
rolling,1785482310.0635884,,366.0430908203125,4,1.5517232745797314,1.5466103502182844,5.502177938405951
rolling,1785482310.2128718,,312.633752822876,3,1.554998672278643,1.542733941962831,5.195167217974763
rolling,1785482310.3098967,,246.3083267211914,3,1.5551024443457802,1.5463001304206074,5.543231731834358
rolling,1785482310.4196045,,206.73274993896484,3,1.5564210354441257,1.5448831105314642,5.439880099739696
rolling,1785482310.547893,,335.0212574005127,4,1.5517008161687824,1.5473734594941326,5.576840771690657
rolling,1785482310.723533,,303.9283752441406,3,1.5693493699611407,1.564281382458428,7.690443478691625
rolling,1785482310.8295472,,281.65411949157715,3,1.5693154753092524,1.5628630583632213,7.556993721878494
rolling,1785482310.9294689,,205.93595504760742,3,1.5815977035152433,1.5628630583632213,8.086284349232859
rolling,1785482311.0867312,,363.19828033447266,4,1.5651359097396447,1.548428469880785,6.06209082541387
rolling,1785482311.2399652,,310.49633026123047,3,1.5317869507507897,1.5205494042959196,2.9766280111867225
rolling,1785482311.3422482,,255.51700592041016,3,1.532278996836276,1.5374588590186669,4.594560811641998
rolling,1785482311.4400113,,200.04606246948242,3,1.5568796231214914,1.5607502741535852,6.990711993665541
coherent,1785482311.5692236,40732,329.2584419250488,4,1.557750293661817,1.5616096516695719,7.093767229867325
rolling,1785482311.5692236,,329.2584419250488,4,1.557750293661817,1.5616096516695719,7.093767229867325
rolling,1785482311.6519234,,309.6752166748047,4,1.5601223717985944,1.5567497927023628,6.68249946337625
rolling,1785482311.7514665,,311.45524978637695,4,1.570516472552779,1.551265950422775,6.542894521709675
rolling,1785482311.85223,,283.0064296722412,4,1.5733111663345025,1.5537164886340733,6.887354863138512
coherent,1785482311.9494042,40736,297.48082160949707,4,1.5684937905929663,1.5489615966208552,6.247513287906326
rolling,1785482311.9494042,,297.48082160949707,4,1.5684937905929663,1.5489615966208552,6.247513287906326
rolling,1785482312.1060746,,354.60805892944336,4,1.5680185020757722,1.549935356770862,6.3157378101858095
rolling,1785482312.262523,,313.11869621276855,3,1.5394371457658398,1.549194815780894,5.674197239379309
rolling,1785482312.362883,,256.8085193634033,3,1.5394371457658398,1.549194815780894,5.674197239379309
rolling,1785482312.4696777,,207.1547508239746,3,1.536138392494613,1.5527398108901211,6.0500619458581415
rolling,1785482312.5995083,,336.98534965515137,4,1.5478962021407905,1.5465364869876561,5.438490348178061
rolling,1785482312.7780485,,308.37082862854004,3,1.553456836310396,1.551306488425171,5.996042942890078
rolling,1785482312.8844216,,284.9133014678955,3,1.5531167989291548,1.5370776002608408,4.600398420692666
rolling,1785482312.9800992,,202.05068588256836,3,1.5531167989291548,1.5370776002608408,4.600398420692666
rolling,1785482313.1333683,,355.3197383880615,4,1.557101402064021,1.5405715151586734,5.046321546415571
rolling,1785482313.2913895,,311.2902641296387,3,1.545659677352377,1.5487616001956381,5.639728037391099
rolling,1785482313.3897185,,256.3502788543701,3,1.5454341037830897,1.5410096310833523,4.864932608502941
rolling,1785482313.4931316,,201.74217224121094,3,1.5600863696836131,1.5548821237508015,6.502116437618175
coherent,1785482313.617772,40752,326.3826370239258,4,1.5658202328994764,1.5605416159458816,7.217366287200541
rolling,1785482313.617772,,326.3826370239258,4,1.5658202328994764,1.5605416159458816,7.217366287200541
rolling,1785482313.6949186,,305.20009994506836,4,1.5667660090397517,1.558603931606977,7.067906678909147
rolling,1785482313.8001459,,307.01422691345215,4,1.5694667961750546,1.557179018472979,7.036757933052332
rolling,1785482313.900063,,282.2909355163574,4,1.5623184733761006,1.550910983570521,6.192661058623384
coherent,1785482314.0023837,40756,307.4650764465332,4,1.558947075366784,1.5475833142484756,5.770538024974079
rolling,1785482314.0023837,,307.4650764465332,4,1.558947075366784,1.5475833142484756,5.770538024974079
rolling,1785482314.1553018,,355.15594482421875,4,1.561794878465675,1.541748800952976,5.317181159232347
rolling,1785482314.310185,,307.8012466430664,3,1.5469133352315587,1.547070101075971,5.481383002632788
rolling,1785482314.4112074,,255.9056282043457,3,1.547185486075886,1.5564227257906764,6.4153405064666424
rolling,1785482314.5197098,,209.52486991882324,3,1.5445410221980276,1.5592645908053484,6.682290318682288
rolling,1785482314.6494324,,339.247465133667,4,1.5558262248870935,1.553310610455956,6.241851048445535
rolling,1785482314.8208332,,301.12338066101074,3,1.5481984486049636,1.5456139550048904,5.3503969064662735
rolling,1785482314.9294086,,279.97612953186035,3,1.5478918539469189,1.5327844799478318,4.074999011745346
rolling,1785482315.0296535,,208.82034301757812,3,1.5544214736036002,1.5327844799478318,4.223038678432875
rolling,1785482315.1858325,,364.99929428100586,4,1.5560754314834995,1.5342347594063812,4.412491506957231
rolling,1785482315.3397098,,310.056209564209,3,1.5311132342740439,1.5391279219337741,4.7825765952789645
rolling,1785482315.4432285,,257.39598274230957,3,1.5310722304335866,1.537718800706879,4.646240093109549
rolling,1785482315.5409393,,201.22957229614258,3,1.538099372022955,1.5443719675845122,5.200027024656196
coherent,1785482315.6681924,40772,328.48262786865234,4,1.5488597097781192,1.5549927384765179,6.289586898535983
rolling,1785482315.6681924,,328.48262786865234,4,1.5488597097781192,1.5549927384765179,6.289586898535983
rolling,1785482315.76444,,321.211576461792,4,1.5554831978744825,1.5414226888562113,5.081368131498992
rolling,1785482315.84945,,308.51078033447266,4,1.5559346950080184,1.5411844826728625,5.070881999805117
rolling,1785482315.9489188,,280.72643280029297,4,1.555678516213945,1.5409598512918132,5.042182812182428
coherent,1785482316.0498424,40776,285.4022979736328,4,1.5575967235418815,1.5428531785290183,5.278788909388227
rolling,1785482316.0498424,,285.4022979736328,4,1.5575967235418815,1.5428531785290183,5.278788909388227
rolling,1785482316.2047803,,355.330228805542,4,1.5521497272812956,1.5540128588156574,6.238578465644507
rolling,1785482316.3600852,,310.2428913116455,3,1.5371409672916048,1.5597691555265742,6.742686755118838
rolling,1785482316.494134,,289.353609085083,3,1.5368709132360188,1.5504885881969355,5.81934863083853
rolling,1785482316.5714526,,211.36736869812012,3,1.546071317392992,1.54060140202152,4.82951204620805
rolling,1785482316.6981585,,338.0732536315918,4,1.5431730600100524,1.542130498838028,4.965089641389886
rolling,1785482316.8851562,,313.7035369873047,3,1.5603313114700668,1.5584975546136288,6.856341846004008
rolling,1785482316.9823546,,284.196138381958,3,1.5604665160676676,1.564155200521682,7.405927177277497
rolling,1785482317.0804465,,195.29032707214355,3,1.5553737863470347,1.5641552005216826,7.293884641418587
rolling,1785482317.2332966,,348.1404781341553,4,1.5580059000370041,1.5664631797414204,7.572850350742932
rolling,1785482317.3896942,,309.2477321624756,3,1.5809435712714732,1.5696199331572807,8.650791940161028
rolling,1785482317.4897683,,256.4716339111328,3,1.5808610677301629,1.5667846501677225,8.395168175524727
rolling,1785482317.5900085,,200.31428337097168,3,1.5690270588434345,1.555580430791537,6.872538605198299
coherent,1785482317.7176015,40792,327.9073238372803,4,1.554225063970725,1.5409704250589342,5.0050068196431505
rolling,1785482317.7176015,,327.9073238372803,4,1.554225063970725,1.5409704250589342,5.0050068196431505
rolling,1785482317.8002264,,310.4581832885742,4,1.5527919970779727,1.5439064594506235,5.257898603737587
rolling,1785482317.900209,,310.20045280456543,4,1.5564182640252793,1.5419932707609043,5.16211373385699
rolling,1785482318.0002496,,282.64808654785156,4,1.5528325836894314,1.5388491528851083,4.765571984977667
coherent,1785482318.100163,40796,299.93653297424316,4,1.5634260016880377,1.549305169051743,6.080029835598606
rolling,1785482318.100163,,299.93653297424316,4,1.5634260016880377,1.549305169051743,6.080029835598606
rolling,1785482318.2581925,,357.9835891723633,4,1.5660562915502372,1.543916291857952,5.687205708735399
rolling,1785482318.4116068,,311.4438056945801,3,1.5461227808399223,1.5457248125203795,5.340413729387965
rolling,1785482318.511245,,253.0524730682373,3,1.5458296289011413,1.5356504727746996,4.3342896449719674
rolling,1785482318.6195307,,207.92388916015625,3,1.5325587649707229,1.549911966090643,5.814303614154122
rolling,1785482318.7483816,,336.7748260498047,4,1.5501378712966905,1.5406373738207053,4.886269684784269
rolling,1785482318.9198282,,300.29749870300293,3,1.5576872156857664,1.5470453211607433,5.6825935138308825
rolling,1785482319.029469,,281.08739852905273,3,1.5578226696233353,1.5527134007173131,6.2321620123073
rolling,1785482319.1295192,,209.69104766845703,3,1.5483909967859069,1.5527134007173131,6.05785148732961
rolling,1785482319.2720366,,352.20837593078613,4,1.5491948211404236,1.5534182372574727,6.137146724961565
rolling,1785482319.4409175,,311.3982677459717,3,1.5438349569275114,1.555295939143288,6.283054208167475
rolling,1785482319.5395565,,267.5199508666992,3,1.5438968488871598,1.5574228929393727,6.495837888803541
rolling,1785482319.6442082,,203.2907009124756,3,1.5515789239337243,1.564696138625588,7.286213130385404
coherent,1785482319.770725,40812,329.8075199127197,4,1.5506787135264988,1.5638076043892764,7.186443048529527
rolling,1785482319.770725,,329.8075199127197,4,1.5506787135264988,1.5638076043892764,7.186443048529527
rolling,1785482319.8495414,,309.9849224090576,4,1.549737301835417,1.5657363469453522,7.367061493234647
rolling,1785482319.949483,,305.27472496032715,4,1.5542764398779436,1.5633415349554387,7.194049465258347
rolling,1785482320.0497975,,279.07252311706543,4,1.548392437885798,1.5581821247147192,6.6017145410163085
coherent,1785482320.1493716,40816,299.83019828796387,4,1.5445507774487186,1.5543902924994595,6.195363314597384
rolling,1785482320.1493716,,299.83019828796387,4,1.5445507774487186,1.5543902924994595,6.195363314597384
rolling,1785482320.3260026,,376.51968002319336,4,1.5471438603815424,1.5490776440042795,5.683417572984202
rolling,1785482320.459168,,309.7963333129883,3,1.5667643586109632,1.5526869905445062,6.517815560080201
rolling,1785482320.8040493,,344.8812961578369,3,1.5680447324830094,1.5733920969429638,8.505847579273267
rolling,1785482320.9711175,,301.5410900115967,3,1.5598410898329547,1.5656250407564398,7.532966956634704
rolling,1785482321.079591,,275.5417823791504,3,1.5599422595249355,1.5698584936419955,7.946882939355072
rolling,1785482321.179442,,208.32443237304688,3,1.5701018017666046,1.5698584936419955,8.239029798448062
rolling,1785482321.3282795,,357.1619987487793,4,1.556536371368993,1.5579635927553808,6.711273168858595
rolling,1785482321.4905353,,311.0933303833008,3,1.5390526716324493,1.5342509520140237,4.183799199770121
rolling,1785482321.591078,,262.798547744751,3,1.539175797583143,1.5384822481260416,4.605424693562816
rolling,1785482321.6910732,,200.53791999816895,3,1.5574129031365027,1.5557488002608508,6.515932219644768
coherent,1785482321.8170297,40832,326.4944553375244,4,1.5553839725800502,1.5537461859297603,6.274536237250003
rolling,1785482321.8170297,,326.4944553375244,4,1.5553839725800502,1.5537461859297603,6.274536237250003
rolling,1785482321.8946207,,303.5426139831543,4,1.5565691933142152,1.551317933030436,6.065606100347229
rolling,1785482322.001936,,310.86277961730957,4,1.5497526058024362,1.5549143086750106,6.29252542864047
rolling,1785482322.1002033,,283.1735610961914,4,1.5507705036490385,1.555806856396914,6.394628646717357
coherent,1785482322.2000482,40836,305.42755126953125,4,1.5498105256882027,1.5548593298215032,6.287812091782962
rolling,1785482322.2000482,,305.42755126953125,4,1.5498105256882027,1.5548593298215032,6.287812091782962
rolling,1785482322.3504906,,348.5546112060547,4,1.5476790923688428,1.559226161238014,6.6989064255889765
rolling,1785482322.5102992,,310.25099754333496,3,1.5272803337069936,1.5541177045973276,6.329386038530512
rolling,1785482322.6117368,,261.2462043762207,3,1.5272595128794422,1.5534021845451587,6.2602318642072845
rolling,1785482322.7216222,,211.32302284240723,3,1.527916836306631,1.552695793935443,6.176479600294875
rolling,1785482322.8600848,,349.78556632995605,4,1.535223058264924,1.5488410911740895,5.671789420544588
rolling,1785482323.019852,,298.2296943664551,3,1.54188737010754,1.554843332246495,6.234348359005383
rolling,1785482323.1310248,,270.94006538391113,3,1.5416841892011872,1.5463412129116403,5.384125313231322
rolling,1785482323.2295272,,209.67531204223633,3,1.559855680281631,1.5463412129116403,5.680397755665735
rolling,1785482323.3736513,,353.79934310913086,4,1.5679698281202594,1.5534561352908682,6.635608349092484
rolling,1785482323.540667,,311.1398220062256,3,1.577991083894843,1.5676720873969334,8.345213529614002
rolling,1785482323.6398578,,266.2065029144287,3,1.578237450225553,1.5761386120522995,9.125103533657732
rolling,1785482323.739693,,199.02586936950684,3,1.5546405404324637,1.5537974970123802,6.263824049750882
coherent,1785482323.8862145,40852,345.5474376678467,4,1.5553809773489373,1.5545283300985506,6.35084032101423
rolling,1785482323.8862145,,345.5474376678467,4,1.5553809773489373,1.5545283300985506,6.35084032101423
rolling,1785482323.9487178,,308.86006355285645,4,1.5575192846757768,1.5501474153740855,5.976533140958937
rolling,1785482324.0494561,,309.76319313049316,4,1.5575192846757768,1.5501474153740855,5.976533140958937
rolling,1785482324.1510684,,264.85395431518555,4,1.559814315207396,1.5521598219034192,6.233469205394265
coherent,1785482324.2497184,40856,301.00059509277344,4,1.566092531727905,1.5583566068735497,7.021147712319796
rolling,1785482324.2497184,,301.00059509277344,4,1.566092531727905,1.5583566068735497,7.021147712319796
rolling,1785482324.401404,,351.9477844238281,4,1.5675229799511412,1.5554259375515573,6.79994125879366
rolling,1785482324.5609632,,311.2447261810303,3,1.5790845062584358,1.5536030322791006,7.160618626391156
rolling,1785482324.6594307,,258.0268383026123,3,1.5783958534735107,1.5299370720573853,5.238752657867982
rolling,1785482324.7711935,,210.23035049438477,3,1.5632076318702912,1.546259047929574,5.788320308841911
rolling,1785482324.9113297,,350.36659240722656,4,1.5578237136102533,1.5490995590312533,5.883769499017426
rolling,1785482325.0703194,,299.12590980529785,3,1.5674142862583058,1.5584062601891102,7.07268741092307
rolling,1785482325.1908712,,279.5414924621582,3,1.5670242289419392,1.542084284316922,5.5654181332860535
rolling,1785482325.2810812,,210.76178550720215,3,1.5677443568450027,1.542084284316922,5.598488938103482
rolling,1785482325.4241102,,353.7907600402832,4,1.572384357665043,1.546152887247347,6.178265273947294
rolling,1785482325.589498,,308.41684341430664,3,1.577034157306482,1.5543620080808023,7.121713137032291
rolling,1785482325.6940637,,269.95348930358887,3,1.5775677030928223,1.5726976245662125,8.783260693449083
rolling,1785482325.8006744,,211.17639541625977,3,1.5489213223046436,1.5455757643617265,5.355804912595868
coherent,1785482325.9121857,40872,322.68762588500977,4,1.5456085307536853,1.5423059413435023,4.995518043896482
rolling,1785482325.9121857,,322.68762588500977,4,1.5456085307536853,1.5423059413435023,4.995518043896482
rolling,1785482326.002141,,308.077335357666,4,1.5448944523099806,1.543768928786506,5.136526685655948
rolling,1785482326.101058,,300.3835678100586,4,1.5394197474820237,1.5466573381365618,5.42074473742809
rolling,1785482326.2002282,,288.0425453186035,4,1.5399348084940108,1.5471089714064683,5.46391313828825
coherent,1785482326.3000438,40876,297.90282249450684,4,1.5322934538695052,1.5395667289027422,4.800732479864302
rolling,1785482326.3000438,,297.90282249450684,4,1.5322934538695052,1.5395667289027422,4.800732479864302
rolling,1785482326.45045,,349.3919372558594,4,1.5351556596507354,1.533702707723909,4.172707093031822
rolling,1785482326.609899,,309.85522270202637,3,1.571467740283441,1.5228161069448978,4.245244902062229
rolling,1785482326.708896,,258.44597816467285,3,1.571882733674674,1.537077600260842,5.38065431311495
rolling,1785482326.820347,,210.4480266571045,3,1.5659094795907662,1.5434967394848398,5.643002651232121
rolling,1785482326.9553213,,345.42226791381836,4,1.5534770126270143,1.550056007052835,5.87385458878594
rolling,1785482327.1197662,,299.4191646575928,3,1.5490257128549572,1.5463646886208025,5.435384694539846
rolling,1785482327.2294385,,274.11723136901855,3,1.5490597165930813,1.5477875774372352,5.576870247324614
rolling,1785482327.3296282,,209.86199378967285,3,1.558508891954912,1.5477875774372352,5.777176367772318
rolling,1785482327.4735289,,353.7626266479492,4,1.5544184736914064,1.5442008781285446,5.323035811388537
rolling,1785482327.6395571,,309.92889404296875,3,1.538485757086852,1.5378384908556524,4.545584709214116
rolling,1785482327.73975,,266.2210464477539,3,1.5392936996199538,1.565603913821187,7.3145168176254565
rolling,1785482327.8423817,,202.82459259033203,3,1.542816118692738,1.5689388746450372,7.644630904148826
coherent,1785482327.9744487,40892,334.89155769348145,4,1.5290585048051768,1.5553597037634967,6.4128124933719945
rolling,1785482327.9744487,,334.89155769348145,4,1.5290585048051768,1.5553597037634967,6.4128124933719945
rolling,1785482328.05344,,313.690185546875,4,1.5319049985693098,1.549527873002846,5.787142950022071
rolling,1785482328.149387,,307.0051670074463,4,1.545629586789558,1.5422868928611217,4.993782028105087
rolling,1785482328.2510695,,276.62086486816406,4,1.549216912687744,1.5454324536547126,5.345651910660379
coherent,1785482328.349191,40896,295.75085639953613,4,1.5453962353754913,1.5416613324028496,4.929636534306525
rolling,1785482328.349191,,295.75085639953613,4,1.5453962353754913,1.5416613324028496,4.929636534306525
rolling,1785482328.501858,,352.47111320495605,4,1.54706394596802,1.5382445654118513,4.60521800403649
rolling,1785482328.6606457,,311.45477294921875,3,1.5559736076804522,1.529227420932508,3.9385460055724346
rolling,1785482328.7596865,,257.8284740447998,3,1.5564102473319061,1.5442328007825246,5.376993145464334
rolling,1785482328.8710272,,210.38150787353516,3,1.5537585017728783,1.5470824910335848,5.588785594617662
rolling,1785482329.011784,,351.1383533477783,4,1.5634900876107887,1.5419481861882238,5.4016243173975225
rolling,1785482329.1696885,,298.6612319946289,3,1.5595163685323745,1.5377764916856862,4.863748091947368
rolling,1785482329.2808022,,269.01817321777344,3,1.5595843448411268,1.540620965112488,5.131950057502046
rolling,1785482329.3801565,,210.46805381774902,3,1.540751628583974,1.5406209651124882,4.813132066380119
rolling,1785482329.5206318,,350.94332695007324,4,1.5427410599472051,1.542365405811585,4.987525334845944
rolling,1785482329.6906602,,310.5037212371826,3,1.5400872194443724,1.546228530582929,5.375425413655114
rolling,1785482329.8040104,,283.37860107421875,3,1.5400047159030619,1.543393247593371,5.092316434766389
rolling,1785482329.889683,,199.02276992797852,3,1.5093798601316863,1.5143982040953603,3.9081418829109102
coherent,1785482330.0221086,40912,331.4483165740967,4,1.5466589404624556,1.5511937564531615,5.88986820145152
rolling,1785482330.0221086,,331.4483165740967,4,1.5466589404624556,1.5511937564531615,5.88986820145152
rolling,1785482330.10072,,296.7095375061035,4,1.5473697455692652,1.5497374753472792,5.751269533236711
rolling,1785482330.2060535,,316.37048721313477,4,1.5514483502312264,1.5475856369905094,5.59328651139714
rolling,1785482330.3024182,,280.30967712402344,4,1.5644365386895995,1.558974381017107,7.023903736044672
coherent,1785482330.410267,40916,309.54718589782715,4,1.54757954864302,1.542336034406879,5.017583046432789
rolling,1785482330.410267,,309.54718589782715,4,1.54757954864302,1.542336034406879,5.017583046432789
rolling,1785482330.5504417,,344.3882465362549,4,1.5494798298219583,1.5384427821634148,4.658851255397007
rolling,1785482330.7070832,,296.8161106109619,3,1.5636785197342775,1.5370596674274541,4.9663104403389084
rolling,1785482330.8126073,,262.1655464172363,3,1.5641580534214394,1.553539126181938,6.50222714398124
rolling,1785482330.9220893,,215.00611305236816,3,1.558873980119836,1.5592176393870245,6.8880143005960655
rolling,1785482331.0540981,,347.0149040222168,4,1.5588972762918742,1.5592053485177892,6.887403433159416
rolling,1785482331.2208233,,298.7339496612549,3,1.54829478113449,1.549166123247473,5.704282324706743
rolling,1785482331.3341026,,280.00450134277344,3,1.5482609020663498,1.5477484512552984,5.56307757615035
rolling,1785482331.4311771,,210.35385131835938,3,1.5453487512753703,1.5477484512552984,5.536553419638491
rolling,1785482331.5915189,,370.6955909729004,4,1.549284230782869,1.5511992919076705,5.918083730356851
rolling,1785482331.7408721,,309.6950054168701,3,1.5588405801135994,1.557747247774858,6.744843416131374
rolling,1785482331.8402488,,248.72994422912598,3,1.5585935272069562,1.5492571285315064,5.920368272255894
rolling,1785482331.9429893,,202.1172046661377,3,1.5690497787545978,1.5591569128999077,7.203070149176584
coherent,1785482332.0738661,40932,332.9939842224121,4,1.5614194070770675,1.5516255108889443,6.231140836670338
rolling,1785482332.0738661,,332.9939842224121,4,1.5614194070770675,1.5516255108889443,6.231140836670338
rolling,1785482332.149551,,309.30209159851074,4,1.5597578067134101,1.5550297593839826,6.5071129629400986
rolling,1785482332.2508848,,307.8954219818115,4,1.547007031719508,1.5617569636571296,6.945619768965824
rolling,1785482332.3494349,,275.56872367858887,4,1.5341716454782917,1.550502204854374,5.849518976142795
coherent,1785482332.449584,40936,300.0330924987793,4,1.5452842865292584,1.561470709495482,6.90612043739543
rolling,1785482332.449584,,300.0330924987793,4,1.5452842865292584,1.561470709495482,6.90612043739543
rolling,1785482332.6004784,,349.5936393737793,4,1.544100702463541,1.5638956092262462,7.143429721680581
rolling,1785482332.7620745,,312.49046325683594,3,1.5463519665415644,1.5728536028692537,8.048527561063217
rolling,1785482332.8617218,,261.2433433532715,3,1.5458695960225797,1.556276654711445,6.3909567026949485
rolling,1785482332.969585,,207.51047134399414,3,1.5498199080567374,1.5520314639713078,6.007594043051942
rolling,1785482333.102344,,340.2695655822754,4,1.5597976662729485,1.5467672805988752,5.718964942624489
rolling,1785482333.2702029,,300.61793327331543,3,1.5439845814726576,1.531375937398109,3.8940106098207345
rolling,1785482333.3795388,,277.1947383880615,3,1.5440353416358128,1.5335,4.106364312128664
rolling,1785482333.4793887,,209.18583869934082,3,1.5368121844496805,1.5335,4.129627128941533
rolling,1785482333.6204288,,350.22592544555664,4,1.5420106638015352,1.5380583070229983,4.555905271643837
rolling,1785482333.790756,,311.3672733306885,3,1.5544340385706794,1.5467224437837759,5.568624825167545
rolling,1785482333.889958,,269.5291042327881,3,1.5548668817855897,1.5615973568467139,7.033133946527152
rolling,1785482333.9910722,,200.3161907196045,3,1.5471458743153859,1.5542872506663516,6.202241372708758
coherent,1785482334.1241746,40952,333.418607711792,4,1.5466076357883916,1.5537559933572849,6.144829816716162
rolling,1785482334.1241746,,333.418607711792,4,1.5466076357883916,1.5537559933572849,6.144829816716162
rolling,1785482334.2029052,,312.94727325439453,4,1.5416480393915126,1.563917100046568,7.141717282997965
rolling,1785482334.3001654,,309.0932369232178,4,1.552541970693574,1.5581695512707763,6.655040642667844
rolling,1785482334.4011521,,276.9775390625,4,1.5568950120099694,1.5619865326341518,7.111785715486066
coherent,1785482334.5009816,40956,298.0763912200928,4,1.5516115267507906,1.5567715767725587,6.502372867413464
rolling,1785482334.5009816,,298.0763912200928,4,1.5516115267507906,1.5567715767725587,6.502372867413464
rolling,1785482334.6503482,,350.18277168273926,4,1.56133928389179,1.5368415723433015,4.8475922696421145
rolling,1785482334.8079128,,306.9312572479248,3,1.553980588508704,1.5313544179980452,4.073393049088269
rolling,1785482334.9104407,,260.09249687194824,3,1.5540430225281598,1.5335000000000003,4.280325224650432
rolling,1785482335.0204062,,212.4934196472168,3,1.544749170129519,1.543487610042387,5.10757417890366
rolling,1785482335.1531985,,345.28565406799316,4,1.5450599405046415,1.5433236501421852,5.093131767311262
rolling,1785482335.3222094,,301.8031120300293,3,1.559671408717044,1.55714444082165,6.708264022492817
rolling,1785482335.4402888,,287.0903015136719,3,1.5600097318860058,1.571301597652429,8.088949005355468
rolling,1785482335.5294328,,207.22341537475586,3,1.5541692741276751,1.5713015976524287,7.977424498190885
rolling,1785482335.6709645,,348.7551212310791,4,1.5478921647439798,1.5657974896525353,7.355438924432529
rolling,1785482335.8424802,,313.0474090576172,3,1.544426921343684,1.5544832324130293,6.204101069653756
rolling,1785482335.9397862,,268.82171630859375,3,1.5441171754721374,1.5438386323542765,5.139317748226379
rolling,1785482336.0511901,,208.7099552154541,3,1.524279014215998,1.5250562304766508,3.694784820681183
coherent,1785482336.1781247,40972,335.6444835662842,4,1.547171830966036,1.54765211615488,5.541797693335301
rolling,1785482336.1781247,,335.6444835662842,4,1.547171830966036,1.54765211615488,5.541797693335301
rolling,1785482336.2497122,,309.92603302001953,4,1.5478832907402247,1.5461944937815733,5.404364826474561
rolling,1785482336.349475,,298.28476905822754,4,1.5510525967767228,1.5445223939192645,5.2847590066921954
rolling,1785482336.4497173,,271.5926170349121,4,1.560097018780349,1.55245303085127,6.2697519938031245
coherent,1785482336.551491,40976,301.77879333496094,4,1.5659040985762256,1.5581847899713783,6.998508492253272
rolling,1785482336.551491,,301.77879333496094,4,1.5659040985762256,1.5581847899713783,6.998508492253272
rolling,1785482336.7022388,,352.7638912200928,4,1.5682827233867935,1.5533115183299266,6.63477668946824
rolling,1785482336.860236,,308.7449073791504,3,1.5717792578696146,1.5586344962504082,7.263282950907994
rolling,1785482336.9604912,,258.2523822784424,3,1.5715481414655506,1.5506920443430066,6.537769695866791
rolling,1785482337.0705385,,210.30259132385254,3,1.5616382284996764,1.5613417019889158,7.16569715072165
rolling,1785482337.201524,,341.28808975219727,4,1.5658532350938144,1.5591178990918375,7.084426879711541
rolling,1785482337.3702521,,299.7136116027832,3,1.566868573528458,1.559901858493642,7.19301971671251
rolling,1785482337.4796195,,278.0954837799072,3,1.5671381100337716,1.5711806325399411,8.267525668525103
rolling,1785482337.5809433,,210.6912136077881,3,1.56279411811186,1.5711806325399411,8.144628195314487
rolling,1785482337.7203636,,350.1114845275879,4,1.5522715459169643,1.561953873811182,7.024630606560313
rolling,1785482337.8900144,,309.0710639953613,3,1.561140162231249,1.5419027794738818,5.307177226265541
rolling,1785482337.990375,,270.01142501831055,3,1.561284176301134,1.5468519081550893,5.775564010434878
rolling,1785482338.0781426,,188.12823295593262,3,1.5591736206575695,1.5448536733504272,5.517689434991901
coherent,1785482338.2218482,40992,331.8338394165039,4,1.5515624913138497,1.5373412640907569,4.590233056219898
rolling,1785482338.2218482,,331.8338394165039,4,1.5515624913138497,1.5373412640907569,4.590233056219898
rolling,1785482338.300686,,310.31084060668945,4,1.547983915753088,1.5446729671485793,5.254407870258395
rolling,1785482338.402052,,323.9092826843262,4,1.551610182700395,1.5427597784588594,5.121785366079683
rolling,1785482338.5001864,,278.3381938934326,4,1.5597796944706281,1.5499232469188113,6.01872010431037
coherent,1785482338.5995307,40996,298.8448143005371,4,1.5602593555897206,1.5503966865977141,6.078340697378406
rolling,1785482338.5995307,,298.8448143005371,4,1.5602593555897206,1.5503966865977141,6.078340697378406
rolling,1785482338.7506475,,348.59561920166016,4,1.5576506697510295,1.555741301966505,6.520961258089161
rolling,1785482338.9102786,,310.7478618621826,3,1.5244463477945405,1.552704597326378,6.264191822477047
rolling,1785482339.010461,,259.8135471343994,3,1.5244671781098247,1.5534204434300627,6.332453205672346
rolling,1785482339.1290143,,218.7356948852539,3,1.5450040979350224,1.5313505053798506,3.8986547957475333
rolling,1785482339.2501822,,339.9035930633545,4,1.5508804347157912,1.5282501983066763,3.689771696278797
rolling,1785482339.419552,,290.53783416748047,3,1.561995930611496,1.5385268992500816,5.0282931108902975
rolling,1785482339.5309048,,280.72261810302734,3,1.5621498240188796,1.5449665797195962,5.6292937456434124
rolling,1785482339.6292055,,209.65337753295898,3,1.5534295278223131,1.5449665797195957,5.375084518056332
rolling,1785482339.7706242,,351.0720729827881,4,1.5558424065930272,1.5470823219399181,5.63722076198553
rolling,1785482339.9409811,,311.77568435668945,3,1.557302017432016,1.5514220184163545,6.093988431612715
rolling,1785482340.0397942,,269.17004585266113,3,1.557240125472368,1.5492950646202694,5.886954520267924
rolling,1785482340.1395872,,198.60601425170898,3,1.5579423569979538,1.5499599243597582,5.969786706891898
coherent,1785482340.2737062,41012,332.72504806518555,4,1.545475738723084,1.537655004244036,4.5308448851308105
rolling,1785482340.2737062,,332.72504806518555,4,1.545475738723084,1.537655004244036,4.5308448851308105
rolling,1785482340.3495605,,309.7662925720215,4,1.5426213889504024,1.543502930213778,5.101037354396056
rolling,1785482340.4534779,,313.8906955718994,4,1.5426213889504024,1.543502930213778,5.101037354396056
rolling,1785482340.549464,,275.7577896118164,4,1.5418514420861795,1.5428277992839479,5.0327901518563225
coherent,1785482340.6494071,41016,299.8466491699219,4,1.54711328849788,1.548021396964538,5.5779838511825295
rolling,1785482340.6494071,,299.8466491699219,4,1.54711328849788,1.548021396964538,5.5779838511825295
rolling,1785482340.8019662,,348.48833084106445,4,1.546876135239817,1.5485072710889738,5.624136980311469
rolling,1785482340.9596078,,310.20069122314453,3,1.546299720305746,1.5484506031953051,5.613528260175605
rolling,1785482341.0602977,,258.3315372467041,3,1.5463622112515938,1.5505981415063588,5.828092774761075
rolling,1785482341.1694872,,209.87939834594727,3,1.5338903601277767,1.5640009781545494,7.193166073418855
rolling,1785482341.3040218,,344.41399574279785,4,1.5417546919736609,1.5598518211955108,6.735182135894087
rolling,1785482341.4697182,,300.2309799194336,3,1.5351762964718065,1.553292631235735,6.114701620390518
rolling,1785482341.5881379,,284.1160297393799,3,1.5347882104995614,1.5370531463971306,4.509378412744463
rolling,1785482341.6797237,,210.005521774292,3,1.5325995534817216,1.5370531463971306,4.548311252946562
rolling,1785482341.8198302,,350.1119613647461,4,1.5419744713640888,1.545273579937562,5.277405732762603
rolling,1785482341.9900944,,310.37068367004395,3,1.560303054986059,1.5611996100585024,7.116074951478534
rolling,1785482342.0899541,,270.1239585876465,3,1.560365147197021,1.5633334456094163,7.32386559275149
rolling,1785482342.1897705,,199.6760368347168,3,1.5624612238400575,1.5653179719658417,7.5706088488120145
coherent,1785482342.3232956,41032,333.20116996765137,4,1.5478238068760537,1.5508704094856742,5.868556750592852
rolling,1785482342.3232956,,333.20116996765137,4,1.5478238068760537,1.5508704094856742,5.868556750592852
rolling,1785482342.4045777,,314.6235942840576,4,1.5461614427337869,1.554276222792708,6.193353315876457
rolling,1785482342.5007787,,311.0082149505615,4,1.548896273404409,1.5528333485687853,6.075509997599475
rolling,1785482342.6002195,,276.92389488220215,4,1.5440288763170287,1.5485653523288447,5.611164771262573
coherent,1785482342.6994436,41036,294.86584663391113,4,1.5359080791476483,1.5405498858854185,4.840371445299307
rolling,1785482342.6994436,,294.86584663391113,4,1.5359080791476483,1.5405498858854185,4.840371445299307
rolling,1785482342.8521562,,351.3774871826172,4,1.5316579785228206,1.5492573940036676,5.764764237662645
rolling,1785482343.0129871,,313.54355812072754,3,1.5389092433156382,1.5490370068470822,5.660833014465959
rolling,1785482343.1132607,,261.1045837402344,3,1.539386813042305,1.565448972937725,7.298724070182379
rolling,1785482343.2196567,,206.66956901550293,3,1.5624568477041523,1.5406568307792636,5.241997608303152
rolling,1785482343.3535123,,340.52515029907227,4,1.5439186381786725,1.5504374380283088,5.797801063191221
rolling,1785482343.5197594,,300.10271072387695,3,1.5176806395087303,1.5263757743723507,4.1556012847542405
rolling,1785482343.630048,,276.5357494354248,3,1.5179865328981155,1.5391759047929572,5.237692676115653
rolling,1785482343.7295892,,209.82980728149414,3,1.5223971690475597,1.5391759047929572,5.052892393585022
rolling,1785482343.8810346,,361.27519607543945,4,1.5361349707287284,1.5512219501160933,5.8989795551045905
rolling,1785482344.0398283,,310.2390766143799,3,1.5654382796843356,1.5743789448509118,8.523670690671931
rolling,1785482344.139896,,258.8613033294678,3,1.5653551658533067,1.5715226888942557,8.247296050852338
rolling,1785482344.2413065,,201.4782428741455,3,1.5548651299711012,1.5615909181466356,7.032468702030598
coherent,1785482344.368211,41052,328.3827304840088,4,1.5393746995989865,1.5463014062610223,5.38538147920705
rolling,1785482344.368211,,328.3827304840088,4,1.5393746995989865,1.5463014062610223,5.38538147920705
rolling,1785482344.4496272,,309.73124504089355,4,1.5417587799710466,1.541416957391035,4.8916958178981576
rolling,1785482344.550153,,308.84647369384766,4,1.5513196546910362,1.5363727183308922,4.4904272676967825
rolling,1785482344.6497838,,281.5728187561035,4,1.554132449658485,1.5388391286379377,4.796498621357312
coherent,1785482344.749759,41056,300.13179779052734,4,1.5522221110023586,1.536953568012006,4.567039323066728
rolling,1785482344.749759,,300.13179779052734,4,1.5522221110023586,1.536953568012006,4.567039323066728
rolling,1785482344.9011273,,350.97432136535645,4,1.550552109074003,1.5403750294389895,4.8677464682692415
rolling,1785482345.062965,,313.2059574127197,3,1.5662964643304143,1.5335000000000003,4.778628371326161
rolling,1785482345.1624432,,261.31582260131836,3,1.5663586421811095,1.535636778611021,4.966253053292925
rolling,1785482345.2716825,,208.71758460998535,3,1.5637117510761942,1.538481252037823,5.0956786096638105
rolling,1785482345.4012835,,338.3185863494873,4,1.5479657872722004,1.5467886933531698,5.464337322501018
rolling,1785482345.5735838,,301.90134048461914,3,1.5452808996366023,1.5449091946527553,5.252800145059931
rolling,1785482345.6797767,,278.49316596984863,3,1.5451107251085017,1.5377882295402674,4.541275380492651
rolling,1785482345.783169,,209.58518981933594,3,1.5552796917863883,1.5377882295402674,4.726601627730664
rolling,1785482345.9208107,,347.2268581390381,4,1.5489111199237644,1.5322039223067472,4.034455459046186
rolling,1785482346.089762,,306.5929412841797,3,1.5330698083462668,1.5216355642437092,3.0401099173300388
rolling,1785482346.1789107,,258.1000328063965,3,1.5333579032364744,1.5315361155243998,3.992800525098482
rolling,1785482346.2898118,,200.04987716674805,3,1.5510584813813966,1.5482946934939867,5.656585231140551
coherent,1785482346.4179344,41072,328.1724452972412,4,1.5440061132467366,1.5413337980361872,4.888588628245608
rolling,1785482346.4179344,,328.1724452972412,4,1.5440061132467366,1.5413337980361872,4.888588628245608
rolling,1785482346.500547,,321.6361999511719,4,1.5373826251503733,1.5549038476564943,6.255648779632775
rolling,1785482346.6205165,,330.7046890258789,4,1.549590069523491,1.5484633001611208,5.650980140698496
rolling,1785482346.6996458,,281.7113399505615,4,1.5501041902141417,1.548914108906572,5.7029327348800525
coherent,1785482346.7998137,41076,299.2668151855469,4,1.5539371076825432,1.5526973115537501,6.141857953392582
rolling,1785482346.7998137,,299.2668151855469,4,1.5539371076825432,1.5526973115537501,6.141857953392582
rolling,1785482346.9505117,,329.99515533447266,4,1.5577114833452574,1.5449644577637913,5.4838747971024855
rolling,1785482347.1135082,,492.99168586730957,4,1.5592510244532016,1.5463144104267805,5.658866164253714
rolling,1785482347.235271,,284.7592830657959,3,1.5484839377290565,1.55272220410825,6.059752292787671
rolling,1785482347.3198588,,206.35056495666504,3,1.5544216936172661,1.5463412129116405,5.5312277361599165
rolling,1785482347.4482305,,334.72228050231934,4,1.5487486903193821,1.5493342429074923,5.726353842589945
rolling,1785482347.6220055,,302.14667320251465,3,1.532522872662013,1.5342106292794264,4.27190411151418
rolling,1785482347.7296429,,281.41236305236816,3,1.5322844101502002,1.5242321486794914,3.3113843797149016
rolling,1785482347.83121,,209.20443534851074,3,1.538108711732159,1.5242321486794916,3.194038572194899
rolling,1785482347.971212,,349.20644760131836,4,1.5519313939002903,1.5363526217907644,4.501903174965781
rolling,1785482348.1479788,,316.7688846588135,3,1.5616372393618423,1.561114161295103,7.143812301331567
rolling,1785482348.2319047,,260.692834854126,3,1.561699045499499,1.5632381657676901,7.349729595378528
rolling,1785482348.340911,,192.93212890625,3,1.5427909187105797,1.5453363032151473,5.284655569859801
coherent,1785482348.4691358,41092,321.15697860717773,4,1.5496783142595827,1.5521343658627138,6.015908708455204
rolling,1785482348.4691358,,321.15697860717773,4,1.5496783142595827,1.5521343658627138,6.015908708455204
rolling,1785482348.5599873,,328.0825614929199,4,1.5539618029207423,1.5433584531058284,5.230401880250509
rolling,1785482348.649665,,308.75420570373535,4,1.5584946366048762,1.5409669672436785,5.127796572436524
rolling,1785482348.7496421,,280.5063724517822,4,1.5602936476315699,1.5425444371233086,5.336958454468818
coherent,1785482348.8494747,41096,289.487361907959,4,1.5521394086069946,1.5344959625819696,4.3262000466798725
rolling,1785482348.8494747,,289.487361907959,4,1.5521394086069946,1.5344959625819696,4.3262000466798725
rolling,1785482349.0113676,,361.70244216918945,4,1.5497553282349346,1.5393804114519565,4.755899765610898
rolling,1785482349.1595297,,310.0550174713135,3,1.5493874117385888,1.5377706227583958,4.591034026227345
rolling,1785482349.2636595,,252.29191780090332,3,1.5493666763006257,1.5370580371698734,4.520434087895037
rolling,1785482349.4146018,,255.07211685180664,3,1.5573255538182929,1.5285050537985,3.9229603308973564
rolling,1785482349.4982743,,338.7446403503418,4,1.5472308341045815,1.5338309450974037,4.1692763942038535
rolling,1785482349.6697505,,255.14864921569824,3,1.5479431283737577,1.5349300619497876,4.287965713618366
rolling,1785482349.7927282,,294.45385932922363,3,1.5484351657370006,1.5555194000652102,6.3372992871649885
rolling,1785482349.8801997,,210.44921875,3,1.5679422340641638,1.5555194000652102,6.824571715390617
rolling,1785482350.0305536,,360.80312728881836,4,1.5606713667241168,1.5491439115009238,5.972060640041265
rolling,1785482350.1994932,,319.2934989929199,3,1.5575241301295182,1.5359744074616946,4.624767329810683
rolling,1785482350.2899096,,259.3560218811035,3,1.5583453512318843,1.5641961563129156,7.359174214920889
rolling,1785482350.3898818,,190.38867950439453,3,1.570878374088527,1.57606218910676,8.849351176981916
coherent,1785482350.5180964,41112,318.6032772064209,4,1.5572020249026999,1.5625632288838784,7.174692408200094
rolling,1785482350.5180964,,318.6032772064209,4,1.5572020249026999,1.5625632288838784,7.174692408200094
rolling,1785482350.612593,,322.68333435058594,4,1.5520026565782417,1.5732155747672945,8.136412585977972
rolling,1785482350.7060316,,316.1497116088867,4,1.5615458790947323,1.5681806488648897,7.822683325908065
rolling,1785482350.8002367,,282.14025497436523,4,1.5572228105209338,1.5643899492184983,7.353619968461106
coherent,1785482350.900055,41116,287.4619960784912,4,1.5548124833435393,1.5620108851678733,7.0727587460067705
rolling,1785482350.900055,,287.4619960784912,4,1.5548124833435393,1.5620108851678733,7.0727587460067705
rolling,1785482351.0505986,,344.56706047058105,4,1.5595369995957225,1.5523314052561827,6.2419343232269044
rolling,1785482351.2099063,,309.85140800476074,3,1.5430111215600855,1.5534843495272264,6.0997387770692555
rolling,1785482351.3098288,,259.2301368713379,3,1.5427817793618785,1.5456028692533428,5.311289195279451
rolling,1785482351.4342182,,224.31182861328125,3,1.5414625814567697,1.5470205412455176,5.452129883929016
rolling,1785482351.5477304,,337.82410621643066,4,1.5383919657211198,1.5486405729148025,5.624091323423188
rolling,1785482351.739252,,305.03392219543457,3,1.5418370023365744,1.5520314639713075,5.953152754611344
rolling,1785482351.8382206,,290.49015045166016,3,1.5416332604152936,1.5435058689272905,5.100600252086591
rolling,1785482351.9450536,,205.80148696899414,3,1.555475569402167,1.5435058689272905,5.282035517148332
rolling,1785482352.0711482,,331.8960666656494,4,1.5472867958547063,1.536325510702378,4.417387798983644
rolling,1785482352.2508626,,305.80902099609375,3,1.5330595430824872,1.5222827923830689,3.102480884015458
rolling,1785482352.3532565,,282.1083068847656,3,1.5333688598440756,1.5329126458243305,4.127257506911862
rolling,1785482352.4460294,,195.16682624816895,3,1.5397729217774077,1.5389758924795025,4.651792579280091
coherent,1785482352.5690427,41132,318.1800842285156,4,1.538492718985857,1.5377122945466355,4.532947669868721
rolling,1785482352.5690427,,318.1800842285156,4,1.538492718985857,1.5377122945466355,4.532947669868721
rolling,1785482352.6605206,,307.2640895843506,4,1.540882254919409,1.5328166684481133,4.032600570698747
rolling,1785482352.7496498,,303.6203384399414,4,1.5490564860109903,1.528504011189611,3.6737903581593274
rolling,1785482352.8658936,,296.85091972351074,4,1.551644720489302,1.5307735147503865,3.9531853294646715
coherent,1785482352.949676,41136,289.1554832458496,4,1.5564424245513129,1.53550899023542,4.544931880970802
rolling,1785482352.949676,,289.1554832458496,4,1.5564424245513129,1.53550899023542,4.544931880970802
rolling,1785482353.1015713,,351.92155838012695,4,1.5509628040330043,1.546735510348701,5.501241987892014
rolling,1785482353.2783668,,328.690767288208,3,1.5457656437395453,1.5534569611998703,6.108908669611498
rolling,1785482353.3597066,,258.1353187561035,3,1.5461639434665844,1.567144766873166,7.477515709428838
rolling,1785482353.471649,,193.2821273803711,3,1.5574106517337245,1.5550585262471475,6.448895423977703
rolling,1785482353.6011133,,322.74651527404785,4,1.5620294577562768,1.552621682084608,6.344976803402271
rolling,1785482353.7778902,,499.523401260376,4,1.5571902245930453,1.5478452161511846,5.745862412471291
rolling,1785482353.8876233,,286.5099906921387,3,1.5577089906263755,1.5698086077600264,7.893864842779083
rolling,1785482353.9840076,,206.1173915863037,3,1.567868532868045,1.5698086077600264,8.16014619536487
rolling,1785482354.1209276,,343.03736686706543,4,1.5651025035451978,1.5673832040919988,7.844000049026284
rolling,1785482354.3003604,,316.35284423828125,3,1.55827687204987,1.5627890652836727,7.220588755915397
rolling,1785482354.4030359,,282.1083068847656,3,1.558072424994195,1.5557631213058487,6.533486110071454
rolling,1785482354.4914527,,191.09225273132324,3,1.5420691074666675,1.5406114781018068,4.811253635712755
coherent,1785482354.6183293,41152,317.96884536743164,4,1.5515309878719021,1.5499506332731507,5.827729392513314
rolling,1785482354.6183293,,317.96884536743164,4,1.5515309878719021,1.5499506332731507,5.827729392513314
rolling,1785482354.7053742,,302.3383617401123,4,1.5543604602841796,1.5441536754655305,5.3170724065760355
rolling,1785482354.8071337,,315.68098068237305,4,1.5475943076395395,1.5477234420879953,5.553183310347099
rolling,1785482354.9006593,,282.3300361633301,4,1.5511602412273238,1.5508502449502481,5.910417688886625
coherent,1785482355.0123272,41156,306.95295333862305,4,1.553072328477186,1.5527375314897958,6.129237572593707
rolling,1785482355.0123272,,306.95295333862305,4,1.553072328477186,1.5527375314897958,6.129237572593707
rolling,1785482355.150603,,343.46938133239746,4,1.5518914721922146,1.5551568426062918,6.347227255751206
rolling,1785482355.320159,,307.8317642211914,3,1.536908515412769,1.5526517769807642,6.03463026783911
rolling,1785482355.410592,,259.98902320861816,3,1.5370541283773769,1.557655852624716,6.532485240358274
rolling,1785482355.527314,,207.1549892425537,3,1.5363983219670982,1.5583606129768515,6.607768760674412
rolling,1785482355.6476386,,327.47960090637207,4,1.5512125531712768,1.5505447461367732,5.881098933534186
rolling,1785482355.838851,,311.5370273590088,3,1.5480700707864317,1.5469462014998367,5.4811788444698095
rolling,1785482355.932618,,284.97934341430664,3,1.5479689010944513,1.542712748614281,5.059639171150017
rolling,1785482356.0390055,,200.15454292297363,3,1.5414544278531184,1.542712748614281,5.021361853416866
rolling,1785482356.1708226,,331.9716453552246,4,1.5475601028664667,1.5480665337136792,5.58694636118191
rolling,1785482356.346756,,307.7504634857178,3,1.5642700279767403,1.5580861227275,6.9344726940841515
rolling,1785482356.4525695,,281.74686431884766,3,1.5641469020260461,1.5538548266154826,6.531489852537664
rolling,1785482356.5531838,,206.42781257629395,3,1.5473512614140947,1.5379530266606996,4.579685318935458
coherent,1785482356.6675706,41172,320.8146095275879,4,1.5558438680216065,1.5463354799913145,5.564976209927309
rolling,1785482356.6675706,,320.8146095275879,4,1.5558438680216065,1.5463354799913145,5.564976209927309
rolling,1785482356.7596796,,307.110071182251,4,1.5575085234997,1.5429249722482954,5.282999989714143
rolling,1785482356.8580909,,304.90708351135254,4,1.5579600206332354,1.5426867660649473,5.273970285266751
rolling,1785482356.9580853,,290.5147075653076,4,1.5564155428382755,1.5413324846485719,5.0987152339528725
coherent,1785482357.06105,41176,301.37038230895996,4,1.5646218025264835,1.5494323051199994,6.135476116070519
rolling,1785482357.06105,,301.37038230895996,4,1.5646218025264835,1.5494323051199994,6.135476116070519
rolling,1785482357.2007458,,342.6549434661865,4,1.5622453599405124,1.5543011058700367,6.511095503715677
rolling,1785482357.3712006,,310.1506233215332,3,1.544727651800649,1.5649900554287581,7.255118569885914
rolling,1785482357.4735196,,272.77374267578125,3,1.5444968484917363,1.5570583632213895,6.4616773661808695
rolling,1785482357.5797856,,208.58502388000488,3,1.5451562957425995,1.55634969025106,6.394048635913223
rolling,1785482357.6981883,,326.98774337768555,4,1.549581109153951,1.5540151949985792,6.201165605186117
rolling,1785482357.8664062,,495.2056407928467,4,1.5568383195921702,1.5611782758546988,7.031616430444414
rolling,1785482357.9868774,,288.68913650512695,3,1.5637115661150933,1.5685924356048258,7.919829002258938
rolling,1785482358.0920818,,225.6755828857422,3,1.567354279006376,1.5685924356048258,8.028472992861662
rolling,1785482358.2212467,,354.8405170440674,4,1.5627401011465025,1.5645464756383753,7.504184831180153
rolling,1785482358.3903875,,298.3057498931885,3,1.5765837656475186,1.555018440962007,7.1567776893698465
rolling,1785482358.4988513,,277.6045799255371,3,1.5763575627169586,1.5472448434774009,6.476635920424549
rolling,1785482358.6017947,,211.40718460083008,3,1.61023086269558,1.5793154534954006,11.057373793601693
coherent,1785482358.719553,41192,329.1654586791992,4,1.5819291089780063,1.5513807874174652,7.128329345062031
rolling,1785482358.719553,,329.1654586791992,4,1.5819291089780063,1.5513807874174652,7.128329345062031
rolling,1785482358.8066986,,307.847261428833,4,1.5731059930436315,1.5694573838109762,8.310016379515858
rolling,1785482358.907596,,305.8013916015625,4,1.5667570838519285,1.572807016210942,8.411046959494337
rolling,1785482359.0094995,,289.9465560913086,4,1.5589612910428117,1.5659712446888414,7.546026991396193
coherent,1785482359.1078048,41196,301.10621452331543,4,1.5691489260076543,1.576026741026867,8.790573139984799
rolling,1785482359.1078048,,301.10621452331543,4,1.5691489260076543,1.576026741026867,8.790573139984799
rolling,1785482359.2591386,,351.54247283935547,4,1.5722319183624711,1.5697103774092043,8.30095761146154
rolling,1785482359.4158766,,308.0718517303467,3,1.5406940199336225,1.5694471796543858,7.695442515323552
rolling,1785482359.521765,,262.62640953063965,3,1.5403147193896185,1.5564122921421593,6.392840618453785
rolling,1785482359.625573,,209.69629287719727,3,1.5370114150676606,1.559962178024129,6.762839382182816
rolling,1785482359.748001,,332.1244716644287,4,1.5548100689113729,1.5505717542851056,5.9522214724584135
rolling,1785482359.9265416,,300.9686470031738,3,1.5405685248127838,1.5363392566025433,4.3855174188248895
rolling,1785482360.0305195,,282.5183868408203,3,1.540619331727183,1.5384652755135306,4.5979179677087965
rolling,1785482360.1382082,,211.66658401489258,3,1.5333490523599664,1.5384652755135306,4.672667839987525
rolling,1785482360.2713287,,344.7871208190918,4,1.5337234412154428,1.538793559850881,4.698424554666239
rolling,1785482360.445276,,307.06787109375,3,1.524910526113418,1.540134854392277,5.052372941252773
rolling,1785482360.5450866,,273.7579345703125,3,1.5246840085022222,1.532350442721511,4.335096136076644
rolling,1785482360.6505935,,205.31749725341797,3,1.5492846347874372,1.5556418578564295,6.358981785586128
coherent,1785482360.7779033,41212,332.6272964477539,4,1.5530033301687125,1.5593123199330252,6.775340238481742
rolling,1785482360.7779033,,332.6272964477539,4,1.5530033301687125,1.5593123199330252,6.775340238481742
rolling,1785482360.8602462,,315.15955924987793,4,1.5567846889501369,1.5515651592905406,6.094862520060903
rolling,1785482360.960426,,309.8325729370117,4,1.5545187974712695,1.5527606250443022,6.159858049981585
rolling,1785482361.060063,,282.15956687927246,4,1.5504283996581347,1.5491739436675993,5.733454902120134
coherent,1785482361.15997,41216,299.72386360168457,4,1.5600762655942242,1.5586966720461588,6.868661733275819
rolling,1785482361.15997,,299.72386360168457,4,1.5600762655942242,1.5586966720461588,6.868661733275819
rolling,1785482361.3128476,,352.42152214050293,4,1.5677227805815916,1.5430306685308863,5.681490819598161
rolling,1785482361.4697099,,309.7398281097412,3,1.5890815542475867,1.541431692207369,6.8077797627192265
rolling,1785482361.5937827,,280.93504905700684,3,1.5886627657636114,1.52703977828497,5.82563633911899
rolling,1785482361.6806781,,210.9682559967041,3,1.567400256750266,1.5498894685360294,6.2860852445719235
rolling,1785482361.8084385,,338.728666305542,4,1.555496995454864,1.5561695315352673,6.5136695724886575
rolling,1785482361.9811661,,300.4879951477051,3,1.551364111967254,1.5527574176719923,6.101956680783495
rolling,1785482362.0907235,,282.2849750518799,3,1.5515668253611674,1.5612399739158789,6.943741119978032
rolling,1785482362.1897743,,208.60815048217773,3,1.5660602619145163,1.5612399739158789,7.291208986380861
rolling,1785482362.3304358,,349.2696285247803,4,1.5623612400046196,1.557996472036027,6.866302544815602
rolling,1785482362.5002544,,310.48011779785156,3,1.5722249040654719,1.5504493913252129,6.547405388978432
rolling,1785482362.5997372,,269.3014144897461,3,1.572718094444181,1.5673981703612685,8.10478796574551
rolling,1785482362.7095225,,209.26809310913086,3,1.551008763686532,1.5468441800231632,5.512725829744316
coherent,1785482362.8279831,41232,327.7287483215332,4,1.5502175031351164,1.546063182509545,5.4228342496281785
rolling,1785482362.8279831,,327.7287483215332,4,1.5502175031351164,1.546063182509545,5.4228342496281785
rolling,1785482362.91038,,310.6427192687988,4,1.5464151949975622,1.5538532637096052,6.153037471189043
rolling,1785482363.014132,,304.6095371246338,4,1.5486894922876193,1.5526533631188262,6.055232157163996
rolling,1785482363.111796,,283.8127613067627,4,1.5504901488766514,1.5542322759162512,6.2347927729686505
coherent,1785482363.2111332,41236,300.7533550262451,4,1.5466449912521,1.5504369918737588,5.814340862675786
rolling,1785482363.2111332,,300.7533550262451,4,1.5466449912521,1.5504369918737588,5.814340862675786
rolling,1785482363.3639872,,349.8551845550537,4,1.5487803525757342,1.5460621128527026,5.4021530805640685
rolling,1785482363.519938,,308.8047504425049,3,1.5489131899570416,1.5449091946527558,5.289645521687738
rolling,1785482363.6200995,,256.11233711242676,3,1.5489340202723247,1.54562504075644,5.3608582359978465
rolling,1785482363.7295742,,209.63621139526367,3,1.54695203767915,1.5477549722856216,5.549930772811602
rolling,1785482363.8578568,,337.918758392334,4,1.5518569544038507,1.5451671784640209,5.362818489080669
rolling,1785482364.0383315,,308.7573051452637,3,1.5427521641930029,1.5363405608086078,4.385201369473222
rolling,1785482364.1395514,,281.6946506500244,3,1.5427521641930029,1.5363405608086078,4.385201369473222
rolling,1785482364.240449,,202.1174430847168,3,1.539124597717069,1.5363405608086078,4.391910187105906
rolling,1785482364.3807304,,342.39888191223145,4,1.5501097792346963,1.545972960337683,5.412248512520736
rolling,1785482364.549628,,309.17906761169434,3,1.5637704066393625,1.5652120389182747,7.5973277619275965
rolling,1785482364.6504903,,269.7598934173584,3,1.563708714931028,1.5630919668770187,7.392841773626882
rolling,1785482364.749716,,200.0880241394043,3,1.5574523388030763,1.5571685463938623,6.654760954821534
coherent,1785482364.8940887,41252,344.46072578430176,4,1.5573424108809049,1.5570600442908065,6.641628261134359
rolling,1785482364.8940887,,344.46072578430176,4,1.5573424108809049,1.5570600442908065,6.641628261134359
rolling,1785482365.0634806,,313.7645721435547,3,1.5537433377801473,1.5609853034481003,6.952752648762282
rolling,1785482365.1599376,,265.84887504577637,3,1.5539463097519837,1.5694786799033833,7.7938867910907526
rolling,1785482365.259706,,196.22540473937988,3,1.5495152248730235,1.5698060999683314,7.769512088697904
rolling,1785482365.416677,,353.196382522583,4,1.5568966877995267,1.5546831290011,6.400127876584804
rolling,1785482365.573607,,313.9009475708008,3,1.543530227148543,1.547748451255299,5.527712524009881
rolling,1785482365.66974,,253.06296348571777,3,1.543384680598057,1.5427466579719604,5.027324157052979
rolling,1785482365.7794425,,205.83558082580566,3,1.5599770530533557,1.5249157156830788,3.718876290300673
rolling,1785482365.909481,,335.874080657959,4,1.5536284992576648,1.5282651605790243,3.768614408317387
rolling,1785482366.0792587,,299.8161315917969,3,1.554335860388055,1.529201988914248,3.8799998350118625
rolling,1785482366.1894753,,279.99424934387207,3,1.5545239523304124,1.537072709488099,4.636701725634419
rolling,1785482366.289502,,210.24322509765625,3,1.5428968907349898,1.537072709488099,4.458746224521503
rolling,1785482366.4416745,,362.4157905578613,4,1.5481524993912712,1.5416811105659085,4.9596105038111125
rolling,1785482366.6010568,,311.5549087524414,3,1.5511452464921425,1.551147395579399,5.939518216905005
rolling,1785482366.699074,,257.3995590209961,3,1.5508979647268548,1.5426494114733864,5.097694311912796
rolling,1785482366.8011682,,200.11138916015625,3,1.5579154536492048,1.549293439385528,5.904927306006603
coherent,1785482366.9278708,41272,326.8139362335205,4,1.5588268035252602,1.5501929686062903,6.016723232164452
rolling,1785482366.9278708,,326.8139362335205,4,1.5588268035252602,1.5501929686062903,6.016723232164452
rolling,1785482367.010434,,311.3598823547363,4,1.556453634276184,1.5550550630192066,6.425988461135527
rolling,1785482367.1104553,,309.28707122802734,4,1.5578112778559874,1.5543387814052791,6.389052771778567
rolling,1785482367.2113135,,283.44273567199707,4,1.5513803614665864,1.548699807128761,5.701896336559491
coherent,1785482367.3121023,41276,301.6684055328369,4,1.5460944718910214,1.5434824781359453,5.116725039411462
rolling,1785482367.3121023,,301.6684055328369,4,1.5460944718910214,1.5434824781359453,5.116725039411462
rolling,1785482367.4602232,,349.76792335510254,4,1.5484676411400973,1.538620383723029,4.660704342957803
rolling,1785482367.6202967,,308.1943988800049,3,1.5357781320941202,1.5427678513205092,5.06213401903397
rolling,1785482367.7229185,,262.6953125,3,1.5360075786573786,1.5506529181610702,5.8435753554859975
rolling,1785482367.8321443,,211.84754371643066,3,1.529408555098014,1.5577445386371056,6.640151417127117
rolling,1785482367.962628,,342.3311710357666,4,1.5459419545937771,1.54902165271129,5.667688866312251
rolling,1785482368.1287954,,296.65112495422363,3,1.5726714725884616,1.573633029018585,8.682572121652397
rolling,1785482368.249227,,286.59915924072266,3,1.572739043719766,1.5764605477665472,8.949689610217906
rolling,1785482368.3608336,,232.0382595062256,3,1.5712843146723072,1.5764605477665472,8.900364781525266
rolling,1785482368.4807267,,351.9313335418701,4,1.5586183227651065,1.565354323050422,7.478163344059212
rolling,1785482368.6462362,,285.4025363922119,3,1.5461106588452798,1.5429318889194794,5.062006287581668
rolling,1785482368.750004,,269.27733421325684,3,1.5460282697332914,1.540100538361252,4.779241408625255
rolling,1785482368.8474457,,201.20954513549805,3,1.5446164063040724,1.5387638123420644,4.635252547080667
coherent,1785482368.974831,41292,328.5949230194092,4,1.5477800249408282,1.5418863972920147,4.975316510807866
rolling,1785482368.974831,,328.5949230194092,4,1.5477800249408282,1.5418863972920147,4.975316510807866
rolling,1785482369.0597496,,309.74555015563965,4,1.547542217015386,1.5423736126838754,5.020883408419829
rolling,1785482369.1596355,,312.18981742858887,4,1.5574682191589353,1.5371367353907472,4.732336167129207
rolling,1785482369.2595813,,284.75022315979004,4,1.5666800771305165,1.5452141892084175,5.831204412155645
coherent,1785482369.363355,41296,303.605318069458,4,1.5647636183963152,1.543322587884829,5.579034030190515
rolling,1785482369.363355,,303.605318069458,4,1.5647636183963152,1.543322587884829,5.579034030190515
rolling,1785482369.5122783,,352.6427745819092,4,1.5647636183963152,1.543322587884829,5.579034030190515
rolling,1785482369.669635,,306.28013610839844,3,1.5474393433999865,1.5413348549070764,4.916514702630497
rolling,1785482369.770029,,257.7507495880127,3,1.5473978061099356,1.5399074013694178,4.774263732196319
rolling,1785482369.8793895,,209.75446701049805,3,1.5394862595198673,1.548409520704272,5.595533063384422
rolling,1785482370.0100682,,340.43312072753906,4,1.5422047826932868,1.5469752501820786,5.447714850924353
rolling,1785482370.1801538,,300.7643222808838,3,1.540077283098646,1.5448465927616561,5.2373311481963345
rolling,1785482370.2899997,,279.93154525756836,3,1.5399588972610683,1.5398927290511901,4.742656234580928
rolling,1785482370.3899412,,209.78736877441406,3,1.5385041682136096,1.5398927290511901,4.7503749229982555
rolling,1785482370.5313494,,351.1955738067627,4,1.5408232007048779,1.541926181793046,4.943487032017668
rolling,1785482370.6992652,,309.3240261077881,3,1.5448523097343372,1.5459030313004194,5.3493065697914
rolling,1785482370.7992635,,267.9140567779541,3,1.5447699206223489,1.5430716807421918,5.066176875766843
rolling,1785482370.8989155,,199.65028762817383,3,1.5489900666427765,1.5470672364549678,5.504545266708431
coherent,1785482371.0261526,41312,326.8873691558838,4,1.5504018999769407,1.54846075761769,5.662562817626708
rolling,1785482371.0261526,,326.8873691558838,4,1.5504018999769407,1.54846075761769,5.662562817626708
rolling,1785482371.110396,,311.13243103027344,4,1.5475632622213562,1.55427649316925,6.20494087477444
rolling,1785482371.2103739,,311.4583492279053,4,1.55028044068848,1.5528429321030657,6.094290666792058
rolling,1785482371.3103673,,284.21473503112793,4,1.554625489273516,1.5566529050085796,6.543220495346515
coherent,1785482371.4103713,41316,299.9753952026367,4,1.551270921478905,1.5533418476050918,6.158228938427586
rolling,1785482371.4103713,,299.9753952026367,4,1.551270921478905,1.5533418476050918,6.158228938427586
rolling,1785482371.5621057,,351.7317771911621,4,1.55268827635456,1.5504380036315846,5.8961497219984516
rolling,1785482371.7196834,,309.312105178833,3,1.5524481296007848,1.5484163677861107,5.693057318652952
rolling,1785482371.8198507,,257.74502754211426,3,1.5523236885098062,1.544139876100424,5.271128619536377
rolling,1785482371.9296246,,209.94114875793457,3,1.5642128534384157,1.5313632213889796,4.488796900422865
rolling,1785482372.0594022,,339.7188186645508,4,1.543024199327276,1.5425421814558664,5.0058400981129
rolling,1785482372.2297702,,300.14562606811523,3,1.5295236501483693,1.530651613955005,4.006281665168101
rolling,1785482372.3402088,,280.8065414428711,3,1.5295406792889903,1.5313641995435276,4.073688154956671
rolling,1785482372.439672,,209.9018096923828,3,1.5455501037252073,1.5313641995435276,3.904954282039003
rolling,1785482372.5885382,,358.7679862976074,4,1.5458848862191366,1.5316577548873047,3.937546256057758
rolling,1785482372.7496853,,310.0132942199707,3,1.5444213447598607,1.5323829876614234,3.9972350289009717
rolling,1785482372.8497205,,261.1823081970215,3,1.5445651585784321,1.537325234587802,4.491354777428742
rolling,1785482372.94944,,199.7547149658203,3,1.5374801009869532,1.530617233917221,3.8355645726304344
coherent,1785482373.0815387,41332,331.85338973999023,4,1.5494763159770757,1.5424578521097296,5.055178479534861
rolling,1785482373.0815387,,331.85338973999023,4,1.5494763159770757,1.5424578521097296,5.055178479534861
rolling,1785482373.159896,,310.17541885375977,4,1.5423829949250105,1.5569904846515081,6.449359110145367
rolling,1785482373.2597194,,310.27936935424805,4,1.541475587607065,1.55746922530764,6.496980482682941
rolling,1785482373.359851,,278.31220626831055,4,1.5443219990622883,1.5599651123639309,6.751412122996372
coherent,1785482373.4595573,41336,299.66139793395996,4,1.5404768414377372,1.556169828321438,6.36825562552734
rolling,1785482373.4595573,,299.66139793395996,4,1.5404768414377372,1.556169828321438,6.36825562552734
rolling,1785482373.6116183,,351.8989086151123,4,1.5447210500561537,1.5474743916100073,5.50546171662888
rolling,1785482373.7699344,,310.3771209716797,3,1.5402345079111364,1.5512901858493646,5.880971576597057
rolling,1785482373.8732588,,261.6405487060547,3,1.5401097252618103,1.5470019563090973,5.452663333395435
rolling,1785482373.9796453,,209.71083641052246,3,1.5401097252618103,1.5470019563090973,5.452663333395435
rolling,1785482374.108548,,338.61351013183594,4,1.5510142994020586,1.541248792459197,4.962128585235234
rolling,1785482374.279997,,300.3518581390381,3,1.576529194944676,1.5649470166286277,8.03626942019022
rolling,1785482374.398191,,289.6430492401123,3,1.5764614991433876,1.562114281056407,7.778840723258089
rolling,1785482374.4930444,,213.04726600646973,3,1.554680953872435,1.562114281056407,7.080506828646864
rolling,1785482374.6316392,,351.6421318054199,4,1.5585780920914267,1.5655315019994678,7.49452131075482
rolling,1785482374.7998545,,306.8101406097412,3,1.5639921097598688,1.5723148687369566,8.285604816830014
rolling,1785482374.9002514,,268.6121463775635,3,1.5635797827688525,1.5581450078413832,6.917952348947311
rolling,1785482375.000249,,200.3943920135498,3,1.5305597785546539,1.5268822823728097,3.6157466686142503
coherent,1785482375.138267,41352,338.4125232696533,4,1.5445346577113483,1.5406759004862827,4.825631260502183
rolling,1785482375.138267,,338.4125232696533,4,1.5445346577113483,1.5406759004862827,4.825631260502183
rolling,1785482375.212499,,312.24751472473145,4,1.5438241799382282,1.542131510958453,4.967483369308042
rolling,1785482375.3128953,,312.64638900756836,4,1.543371842223574,1.5423701606255034,4.989652586114268
rolling,1785482375.4103823,,272.11523056030273,4,1.550333099846678,1.548474166694311,5.662841106812514
coherent,1785482375.5107765,41356,298.2776165008545,4,1.5445994609876952,1.542814895946092,5.039551747910182
rolling,1785482375.5107765,,298.2776165008545,4,1.5445994609876952,1.542814895946092,5.039551747910182
rolling,1785482375.6555088,,342.61345863342285,4,1.5441263546950978,1.5437841852046854,5.133921224313238
rolling,1785482375.8198202,,309.04364585876465,3,1.5604123234108658,1.5427127486142818,5.356867030730567
rolling,1785482375.9200385,,264.5297050476074,3,1.5608278860660114,1.5569938050211942,6.725635005603217
rolling,1785482376.0295098,,209.68961715698242,3,1.5582004127775475,1.5598174111509626,6.929826783274928
rolling,1785482376.1578608,,338.0405902862549,4,1.55266562947976,1.5627375174087876,7.108065713461829
rolling,1785482376.3324149,,302.9050827026367,3,1.5440404236387022,1.5548042060645586,6.23462920611941
rolling,1785482376.4397922,,281.93140029907227,3,1.5439560571229969,1.551273883273557,5.881527049231047
rolling,1785482376.5398211,,207.40628242492676,3,1.5483222637874192,1.551273883273557,5.914020634344408
rolling,1785482376.680968,,348.5531806945801,4,1.547857276776621,1.5508661575881282,5.8684812185338675
rolling,1785482376.8520174,,312.1962547302246,3,1.5524745350155267,1.549667891501316,5.816513964571481
rolling,1785482376.94964,,268.67198944091797,3,1.5524951275256356,1.5503755652895677,5.88645803784346
rolling,1785482377.0498168,,197.7994441986084,3,1.5552982620277684,1.553029520868228,6.202723837565511
coherent,1785482377.1782548,41372,326.23744010925293,4,1.5479294605989171,1.545756296411407,5.361360686200127
rolling,1785482377.1782548,,326.23744010925293,4,1.5479294605989171,1.545756296411407,5.361360686200127
rolling,1785482377.2593157,,309.6756935119629,4,1.5436734679676776,1.554475875936475,6.200571689059022
rolling,1785482377.3593905,,309.5736503601074,4,1.5477501813221215,1.5523250354180338,6.012517807597198
rolling,1785482377.4608488,,282.5939655303955,4,1.5464698750525934,1.5512023938405708,5.88918352840662
coherent,1785482377.5610476,41376,301.73182487487793,4,1.5464698750525934,1.5512023938405708,5.88918352840662
rolling,1785482377.5610476,,301.73182487487793,4,1.5464698750525934,1.5512023938405708,5.88918352840662
rolling,1785482377.711416,,352.02550888061523,4,1.549777036429122,1.544426757902387,5.25435200580201
rolling,1785482377.869727,,308.67934226989746,3,1.5359094677566059,1.5448726768829484,5.269733485454315
rolling,1785482377.9696515,,258.2354545593262,3,1.5362846696004513,1.5577667101402024,6.549513942959003
rolling,1785482378.0796223,,209.89537239074707,3,1.5323361779865858,1.562009944571243,7.014451111239939
rolling,1785482378.208238,,338.51099014282227,4,1.5543663215527654,1.5503870215718698,5.924591830653739
rolling,1785482378.3823178,,302.69551277160645,3,1.569141665652443,1.5634491359634821,7.605316062584061
rolling,1785482378.489923,,281.68511390686035,3,1.5690402622042425,1.5592059015324422,7.207243377625175
rolling,1785482378.590115,,207.79728889465332,3,1.5675949575930002,1.5592059015324422,7.153767631283436
rolling,1785482378.7306495,,348.3316898345947,4,1.5548134240689895,1.5479983636961319,5.701509818771155
rolling,1785482378.900267,,310.1518154144287,3,1.5278673262758338,1.5264298363178788,3.666009304802299
rolling,1785482379.000171,,269.52147483825684,3,1.5278263796500382,1.5250226813066485,3.537784621798928
rolling,1785482379.1002803,,200.0133991241455,3,1.5482564102721854,1.5443654540849785,5.227196860718964
coherent,1785482379.2279878,41392,327.72088050842285,4,1.5509582394614057,1.5470322392232299,5.530422035141771
rolling,1785482379.2279878,,327.72088050842285,4,1.5509582394614057,1.5470322392232299,5.530422035141771
rolling,1785482379.3104477,,310.27674674987793,4,1.550486006058647,1.5479997401252577,5.618308424986882
rolling,1785482379.4102159,,309.9355697631836,4,1.5527382380943302,1.5468114809816516,5.541189712361413
rolling,1785482379.5103588,,282.37104415893555,4,1.554015018158847,1.5479310305924106,5.6771734366439865
coherent,1785482379.6104276,41396,299.97992515563965,4,1.5578444384397776,1.5517107814123554,6.13591687048768
rolling,1785482379.6104276,,299.97992515563965,4,1.5578444384397776,1.5517107814123554,6.13591687048768
rolling,1785482379.763192,,352.97608375549316,4,1.5654525462742404,1.5361234655859728,4.964692789703171
rolling,1785482379.9196815,,309.2539310455322,3,1.5547091541411606,1.5327844799478325,4.231759682120059
rolling,1785482380.0200322,,256.8402290344238,3,1.554439346766601,1.5235123899576142,3.3508026683858576
rolling,1785482380.1296642,,209.98263359069824,3,1.549121292286209,1.529227420932508,3.7459837136890517
rolling,1785482380.2576044,,337.9228115081787,4,1.5545036986813017,1.5263877074783687,3.6208197251353575
rolling,1785482380.4294062,,299.7419834136963,3,1.573591056498,1.5442328007825235,6.074648595361791
rolling,1785482380.5398843,,282.27996826171875,3,1.5739134258049525,1.557722367134007,7.272168269556128
rolling,1785482380.639753,,210.34693717956543,3,1.5471192487601866,1.557722367134007,6.544299814962616
rolling,1785482380.7828484,,353.4421920776367,4,1.543835653836041,1.554843134037107,6.2378011458305425
rolling,1785482380.949567,,309.8139762878418,3,1.5347501451129917,1.5494619761410766,5.739045821681303
rolling,1785482381.0498106,,266.96228981018066,3,1.5347501451129917,1.5494619761410766,5.739045821681303
rolling,1785482381.1496725,,200.1054286956787,3,1.5445971524939905,1.558784939470888,6.634605849621604
coherent,1785482381.278547,41412,328.9799690246582,4,1.553495547252341,1.567567917680815,7.5981248641955155
rolling,1785482381.278547,,328.9799690246582,4,1.553495547252341,1.567567917680815,7.5981248641955155
rolling,1785482381.367064,,317.25335121154785,4,1.5563354943426835,1.5617494995944068,7.076884794382489
rolling,1785482381.4595473,,309.8747730255127,4,1.558157874208646,1.5607880269288268,7.023156667680802
rolling,1785482381.565991,,287.4438762664795,4,1.5566190383417045,1.559438692659177,6.857023316371941
coherent,1785482381.6654186,41416,298.3546257019043,4,1.5527494004048554,1.555619245826055,6.40704768432099
rolling,1785482381.6654186,,298.3546257019043,4,1.5527494004048554,1.555619245826055,6.40704768432099
rolling,1785482381.8122952,,352.74791717529297,4,1.556082530254086,1.5487904062800424,5.808641203118448
rolling,1785482381.9702091,,304.7904968261719,3,1.5558320076183425,1.547839745679818,5.710333081765028
rolling,1785482382.069507,,257.21168518066406,3,1.5559999784230625,1.5536121617215526,6.275155930603598
rolling,1785482382.179594,,209.38491821289062,3,1.5421197287998167,1.5685285295076627,7.602942850293543
rolling,1785482382.3087678,,338.5586738586426,4,1.5618970918646613,1.5580941550178742,6.861849956908138
rolling,1785482382.4795952,,300.0011444091797,3,1.5753245430751803,1.5699748940332572,8.443701290412625
rolling,1785482382.594674,,285.9063148498535,3,1.5753245430751803,1.5699748940332572,8.443701290412625
rolling,1785482382.689885,,210.28971672058105,3,1.5658928702377517,1.569974894033257,8.114947559153617
rolling,1785482382.8309693,,351.37414932250977,4,1.5605670725951488,1.5653049474673097,7.519735764485906
rolling,1785482382.999878,,309.99302864074707,3,1.561502493605647,1.5554190275660864,6.594668326385396
rolling,1785482383.1001453,,269.1760063171387,3,1.5615643855652956,1.557545981362171,6.799698204110317
rolling,1785482383.205398,,205.5201530456543,3,1.5671500622132548,1.5628343960597773,7.478028102067307
coherent,1785482383.3276885,41432,327.81052589416504,4,1.5648041941646773,1.560518955071425,7.1819733483153305
rolling,1785482383.3276885,,327.81052589416504,4,1.5648041941646773,1.560518955071425,7.1819733483153305
rolling,1785482383.4103737,,310.2283477783203,4,1.5610071233661558,1.5682983061320914,7.820626581568514
rolling,1785482383.5102992,,304.901123046875,4,1.5682596572607688,1.5644719287526525,7.669889475383808
rolling,1785482383.6100786,,282.3901176452637,4,1.5644275539647134,1.5611117339370213,7.226231028459512
coherent,1785482383.7091975,41436,298.8238334655762,4,1.552850114841407,1.54968445988275,5.825182401928945
rolling,1785482383.7091975,,298.8238334655762,4,1.552850114841407,1.54968445988275,5.825182401928945
rolling,1785482383.8606126,,350.3134250640869,4,1.55450789631202,1.546288035447686,5.528034619672518
rolling,1785482384.0331352,,323.93765449523926,3,1.5490305202990533,1.5484574502771442,5.642909016937985
rolling,1785482384.1199636,,259.3510150909424,3,1.5496384514613766,1.5693493641995442,7.725317109564298
rolling,1785482384.229581,,196.44594192504883,3,1.5509582561732493,1.567931040104337,7.599101126432179
rolling,1785482384.3586075,,325.472354888916,4,1.567119084838628,1.5594047194918779,7.155300102606725
rolling,1785482384.5296435,,496.5083599090576,4,1.558404530808907,1.5508031975060792,6.063527220931493
rolling,1785482384.6398149,,281.2073230743408,3,1.56329849769377,1.5627160091294423,7.3448115639030185
rolling,1785482384.7314093,,201.765775680542,3,1.5531248187977753,1.5627160091294423,7.1131388575987735
rolling,1785482384.8807757,,351.1321544647217,4,1.5545558900749183,1.5639708495955646,7.2609043255800625
rolling,1785482385.0495982,,318.1889057159424,3,1.5624598846786226,1.5660246390631571,7.638567845328987
rolling,1785482385.1490803,,268.30458641052246,3,1.5623773429942047,1.5631880452631555,7.363618011634291
rolling,1785482385.2485235,,198.92525672912598,3,1.5512008416092091,1.552606341753015,6.084480853821953
coherent,1785482385.3779671,41452,328.3689022064209,4,1.5638725397293287,1.5651136817277143,7.590885019633429
rolling,1785482385.3779671,,328.3689022064209,4,1.5638725397293287,1.5651136817277143,7.590885019633429
rolling,1785482385.4602618,,311.18154525756836,4,1.5652970959461532,1.5621950838125411,7.356541602638081
rolling,1785482385.5610085,,312.4849796295166,4,1.5689250440556977,1.560281008155418,7.302566730947381
