role,capture_id,protocol,kind,first_id,second_id,link,time,measured_m,rtk_horizontal_m,rtk_vertical_m,rtk_slant_m,height_correction_m,error_m,first_rtk_age_ms,second_rtk_age_ms
calibration,native_ds_rtk_delay_dryrun,native_ds,ds_range,1,2,M1-M2,1786379399.9109385,4.702,4.666504056886564,-0.009998655247347332,4.666514768651816,1.0711765252580108e-05,0.03548523134818371,156.16607666015625,13.750076293945312
calibration,native_ds_rtk_delay_dryrun,native_ds,ds_range,1,3,M1-M3,1786379399.911204,4.741,4.893354008392724,-0.02999794878078388,4.893445956418053,9.194802532874746e-05,-0.15244595641805336,155.9004783630371,165.90046882629395
calibration,native_ds_rtk_delay_dryrun,native_ds,ds_range,1,4,M1-M4,1786379399.9114354,5.24,5.1540490659508436,-0.009999072985564905,5.154058765253781,9.699302937704601e-06,0.08594123474621895,155.6692123413086,24.808168411254883
calibration,native_ds_rtk_delay_dryrun,native_ds,ds_range,1,5,M1-M5,1786379399.880966,4.753,4.653892632410534,0.010002747220691721,4.653903381996344,1.0749585809932682e-05,0.09909661800365654,186.13862991333008,15.661239624023438
calibration,native_ds_rtk_delay_dryrun,native_ds,ds_range,1,2,M1-M2,1786379399.9822907,4.731,4.666504056886564,-0.009998655247347332,4.666514768651816,1.0711765252580108e-05,0.06448523134818362,84.81383323669434,57.6021671295166
calibration,native_ds_rtk_delay_dryrun,native_ds,ds_range,1,3,M1-M3,1786379400.013009,4.805,4.893354008392724,-0.02999794878078388,4.893445956418053,9.194802532874746e-05,-0.0884459564180533,54.09550666809082,64.09549713134766
calibration,native_ds_rtk_delay_dryrun,native_ds,ds_range,1,4,M1-M4,1786379400.0132465,5.224,5.1540490659508436,-0.009999072985564905,5.154058765253781,9.699302937704601e-06,0.06994123474621894,53.858041763305664,126.61933898925781
calibration,native_ds_rtk_delay_dryrun,native_ds,ds_range,1,5,M1-M5,1786379400.0135043,4.686,4.653892632410534,0.010002747220691721,4.653903381996344,1.0749585809932682e-05,0.032096618003656374,53.600311279296875,116.87707901000977
calibration,native_ds_rtk_delay_dryrun,native_ds,ds_range,1,2,M1-M2,1786379400.1166823,4.79,4.666504056886564,-0.009998655247347332,4.666514768651816,1.0711765252580108e-05,0.12348523134818379,49.57771301269531,191.99371337890625
calibration,native_ds_rtk_delay_dryrun,native_ds,ds_range,1,3,M1-M3,1786379400.1426127,4.779,4.893354008392724,-0.02999794878078388,4.893445956418053,9.194802532874746e-05,-0.11444595641805311,75.50811767578125,65.50812721252441
calibration,native_ds_rtk_delay_dryrun,native_ds,ds_range,1,4,M1-M4,1786379400.1428752,5.217,5.1540490659508436,-0.009999072985564905,5.154058765253781,9.699302937704601e-06,0.06294123474621838,75.77061653137207,256.24799728393555
calibration,native_ds_rtk_delay_dryrun,native_ds,ds_range,1,5,M1-M5,1786379400.1431277,4.75,4.653892632410534,0.010002747220691721,4.653903381996344,1.0749585809932682e-05,0.09609661800365643,76.02310180664062,246.50049209594727
calibration,native_ds_rtk_delay_dryrun,native_ds,ds_range,1,2,M1-M2,1786379400.262599,4.724,4.666504056886564,-0.009998655247347332,4.666514768651816,1.0711765252580108e-05,0.05748523134818395,195.4944133758545,337.91041374206543
calibration,native_ds_rtk_delay_dryrun,native_ds,ds_range,1,3,M1-M3,1786379400.2630806,4.78,4.891433245206282,-0.03999795102063464,4.891596776963031,0.00016353175674854725,-0.11159677696303039,195.97601890563965,35.23707389831543
calibration,native_ds_rtk_delay_dryrun,native_ds,ds_range,1,4,M1-M4,1786379400.2630806,5.191,5.1540490659508436,-0.009999072985564905,5.154058765253781,9.699302937704601e-06,0.036941234746218576,195.97601890563965,376.4533996582031
calibration,native_ds_rtk_delay_dryrun,native_ds,ds_range,1,5,M1-M5,1786379400.2315843,4.748,4.653892632410534,0.010002747220691721,4.653903381996344,1.0749585809932682e-05,0.09409661800365665,164.47973251342773,334.9571228027344
calibration,native_ds_rtk_delay_dryrun,native_ds,ds_range,1,2,M1-M2,1786379400.3273401,4.78,4.666504056886564,-0.009998655247347332,4.666514768651816,1.0711765252580108e-05,0.113485231348184,260.2355480194092,402.6515483856201
calibration,native_ds_rtk_delay_dryrun,native_ds,ds_range,1,3,M1-M3,1786379400.3564065,4.759,4.891433245206282,-0.03999795102063464,4.891596776963031,0.00016353175674854725,-0.1325967769630303,289.30187225341797,58.08877944946289
calibration,native_ds_rtk_delay_dryrun,native_ds,ds_range,1,4,M1-M4,1786379400.356636,5.204,5.159306413241223,-0.0499990688465754,5.159548679157659,0.00024226591643561335,0.044451320842340714,289.5314693450928,288.0525588989258
calibration,native_ds_rtk_delay_dryrun,native_ds,ds_range,1,5,M1-M5,1786379400.3570607,4.735,4.653892632410534,0.010002747220691721,4.653903381996344,1.0749585809932682e-05,0.08109661800365675,289.95609283447266,460.4334831237793
calibration,native_ds_rtk_delay_dryrun,native_ds,ds_range,1,2,M1-M2,1786379400.43339,4.694,4.666504056886564,-0.009998655247347332,4.666514768651816,1.0711765252580108e-05,0.027485231348183703,366.2853240966797,508.7013244628906
calibration,native_ds_rtk_delay_dryrun,native_ds,ds_range,1,3,M1-M3,1786379400.4336479,4.759,4.891433245206282,-0.03999795102063464,4.891596776963031,0.00016353175674854725,-0.1325967769630303,366.5432929992676,135.3302001953125
calibration,native_ds_rtk_delay_dryrun,native_ds,ds_range,1,4,M1-M4,1786379400.4596772,5.217,5.159306413241223,-0.0499990688465754,5.159548679157659,0.00024226591643561335,0.057451320842340614,392.57264137268066,185.0113868713379
calibration,native_ds_rtk_delay_dryrun,native_ds,ds_range,1,5,M1-M5,1786379400.4105036,4.752,4.653776400534003,0.020002748030211515,4.653819387996915,4.2987462911980856e-05,0.09818061200308481,343.3990478515625,433.490514755249
calibration,native_ds_rtk_delay_dryrun,native_ds,ds_range,1,2,M1-M2,1786379400.5514812,4.742,4.6543844333803746,-0.009998653462826246,4.65439517303426,1.0739653885316613e-05,0.08760482696574012,468.2950973510742,626.7926692962646
calibration,native_ds_rtk_delay_dryrun,native_ds,ds_range,1,3,M1-M3,1786379400.581656,4.746,4.902977096768096,-0.03999794923611355,4.90314024349453,0.000163146726434249,-0.15714024349452949,438.12036514282227,283.3383083343506
calibration,native_ds_rtk_delay_dryrun,native_ds,ds_range,1,4,M1-M4,1786379400.5818853,5.246,5.156108454833635,-0.049999067062054314,5.156350870985602,0.00024241615196629596,0.08964912901439881,437.89100646972656,62.80326843261719
calibration,native_ds_rtk_delay_dryrun,native_ds,ds_range,1,5,M1-M5,1786379400.5821292,4.747,4.65770489338444,0.0200027498147326,4.6577478445980205,4.29512135804444e-05,0.0892521554019794,437.64710426330566,261.86490058898926
calibration,native_ds_rtk_delay_dryrun,native_ds,ds_range,1,2,M1-M2,1786379400.6531234,4.726,4.653212666319549,-0.009998655435813353,4.653223408682115,1.0742362566595887e-05,0.07277659131788461,366.6529655456543,658.1051349639893
calibration,native_ds_rtk_delay_dryrun,native_ds,ds_range,1,3,M1-M3,1786379400.6533604,4.794,4.902977096768096,-0.03999794923611355,4.90314024349453,0.000163146726434249,-0.10914024349453033,366.41597747802734,355.0426959991455
calibration,native_ds_rtk_delay_dryrun,native_ds,ds_range,1,4,M1-M4,1786379400.615083,5.188,5.156108454833635,-0.049999067062054314,5.156350870985602,0.00024241615196629596,0.03164912901439809,404.6933650970459,29.605627059936523
calibration,native_ds_rtk_delay_dryrun,native_ds,ds_range,1,5,M1-M5,1786379400.652556,4.76,4.65770489338444,0.0200027498147326,4.6577478445980205,4.29512135804444e-05,0.1022521554019793,367.220401763916,191.4381980895996
calibration,native_ds_rtk_delay_dryrun,native_ds,ds_range,1,2,M1-M2,1786379400.7834694,4.712,4.653212666319549,-0.009998655435813353,4.653223408682115,1.0742362566595887e-05,0.058776591317884375,236.30690574645996,527.7590751647949
calibration,native_ds_rtk_delay_dryrun,native_ds,ds_range,1,3,M1-M3,1786379400.7834694,4.757,4.902977096768096,-0.03999794923611355,4.90314024349453,0.000163146726434249,-0.14614024349453025,236.30690574645996,485.1517677307129
calibration,native_ds_rtk_delay_dryrun,native_ds,ds_range,1,4,M1-M4,1786379400.7521195,5.157,5.156108454833635,-0.049999067062054314,5.156350870985602,0.00024241615196629596,0.0006491290143983974,267.6568031311035,107.43093490600586
calibration,native_ds_rtk_delay_dryrun,native_ds,ds_range,1,5,M1-M5,1786379400.782672,4.765,4.65770489338444,0.0200027498147326,4.6577478445980205,4.29512135804444e-05,0.10725215540197919,237.1044158935547,61.32221221923828
calibration,native_ds_rtk_delay_dryrun,native_ds,ds_range,1,2,M1-M2,1786379400.9021165,4.829,4.653212666319549,-0.009998655435813353,4.653223408682115,1.0742362566595887e-05,0.17577659131788437,117.6598072052002,409.11197662353516
calibration,native_ds_rtk_delay_dryrun,native_ds,ds_range,1,3,M1-M3,1786379400.8697143,4.788,4.902977096768096,-0.03999794923611355,4.90314024349453,0.000163146726434249,-0.11514024349452967,150.06208419799805,571.3965892791748
calibration,native_ds_rtk_delay_dryrun,native_ds,ds_range,1,4,M1-M4,1786379400.8982296,5.183,5.156108454833635,-0.049999067062054314,5.156350870985602,0.00024241615196629596,0.0266491290143982,121.54674530029297,253.5409927368164
calibration,native_ds_rtk_delay_dryrun,native_ds,ds_range,1,5,M1-M5,1786379400.8984895,4.734,4.65770489338444,0.0200027498147326,4.6577478445980205,4.29512135804444e-05,0.0762521554019795,121.28686904907227,54.49533462524414
calibration,native_ds_rtk_delay_dryrun,native_ds,ds_range,1,2,M1-M2,1786379400.9917643,4.773,4.653212666319549,-0.009998655435813353,4.653223408682115,1.0742362566595887e-05,0.11977659131788432,28.01203727722168,319.46420669555664
calibration,native_ds_rtk_delay_dryrun,native_ds,ds_range,1,3,M1-M3,1786379401.0205476,4.76,4.902977096768096,-0.03999794923611355,4.90314024349453,0.000163146726434249,-0.14314024349453014,0.7712841033935547,722.2299575805664
calibration,native_ds_rtk_delay_dryrun,native_ds,ds_range,1,4,M1-M4,1786379401.0205476,5.186,5.156108454833635,-0.049999067062054314,5.156350870985602,0.00024241615196629596,0.029649129014398312,0.7712841033935547,375.85902214050293
calibration,native_ds_rtk_delay_dryrun,native_ds,ds_range,1,5,M1-M5,1786379400.9886632,4.75,4.65770489338444,0.0200027498147326,4.6577478445980205,4.29512135804444e-05,0.09225215540197951,31.113147735595703,144.6690559387207
calibration,native_ds_rtk_delay_dryrun,native_ds,ds_range,1,2,M1-M2,1786379401.1148422,4.788,4.653212666319549,-0.009998655435813353,4.653223408682115,1.0742362566595887e-05,0.1347765913178849,95.06583213806152,196.38633728027344
calibration,native_ds_rtk_delay_dryrun,native_ds,ds_range,1,3,M1-M3,1786379401.081691,4.792,4.904063113871471,-0.029997948630918758,4.904154861110813,9.174723934179951e-05,-0.11215486111081319,61.914682388305664,732.7640056610107
calibration,native_ds_rtk_delay_dryrun,native_ds,ds_range,1,4,M1-M4,1786379401.1008053,5.186,5.156108454833635,-0.049999067062054314,5.156350870985602,0.00024241615196629596,0.029649129014398312,81.02893829345703,456.1166763305664
calibration,native_ds_rtk_delay_dryrun,native_ds,ds_range,1,5,M1-M5,1786379401.1014318,4.753,4.65770489338444,0.0200027498147326,4.6577478445980205,4.29512135804444e-05,0.09525215540197962,81.65550231933594,257.43770599365234
calibration,native_ds_rtk_delay_dryrun,native_ds,ds_range,1,2,M1-M2,1786379401.1896899,4.751,4.653212666319549,-0.009998655435813353,4.653223408682115,1.0742362566595887e-05,0.09777659131788496,169.91353034973145,121.53863906860352
calibration,native_ds_rtk_delay_dryrun,native_ds,ds_range,1,3,M1-M3,1786379401.189949,4.825,4.904063113871471,-0.029997948630918758,4.904154861110813,9.174723934179951e-05,-0.07915486111081282,170.17269134521484,624.5059967041016
calibration,native_ds_rtk_delay_dryrun,native_ds,ds_range,1,4,M1-M4,1786379401.1901731,5.193,5.156108454833635,-0.049999067062054314,5.156350870985602,0.00024241615196629596,0.036649129014397985,170.3968048095703,545.4845428466797
calibration,native_ds_rtk_delay_dryrun,native_ds,ds_range,1,5,M1-M5,1786379401.2229924,4.738,4.65770489338444,0.0200027498147326,4.6577478445980205,4.29512135804444e-05,0.08025215540197994,203.2160758972168,378.9982795715332
calibration,native_ds_rtk_delay_dryrun,native_ds,ds_range,1,2,M1-M2,1786379401.3113325,4.739,4.653212666319549,-0.009998655435813353,4.653223408682115,1.0742362566595887e-05,0.08577659131788451,291.55611991882324,0.10395050048828125
calibration,native_ds_rtk_delay_dryrun,native_ds,ds_range,1,3,M1-M3,1786379401.3399394,4.809,4.904063113871471,-0.029997948630918758,4.904154861110813,9.174723934179951e-05,-0.09515486111081284,320.1630115509033,474.5156764984131
calibration,native_ds_rtk_delay_dryrun,native_ds,ds_range,1,4,M1-M4,1786379401.3401597,5.285,5.156108454833635,-0.049999067062054314,5.156350870985602,0.00024241615196629596,0.1286491290143985,320.38331031799316,695.4710483551025
calibration,native_ds_rtk_delay_dryrun,native_ds,ds_range,1,5,M1-M5,1786379401.3403866,4.725,4.65770489338444,0.0200027498147326,4.6577478445980205,4.29512135804444e-05,0.06725215540197915,320.61028480529785,496.39248847961426
calibration,native_ds_rtk_delay_dryrun,native_ds,ds_range,1,2,M1-M2,1786379401.4424348,4.707,4.653212666319549,-0.009998655435813353,4.653223408682115,1.0742362566595887e-05,0.05377659131788448,422.65844345092773,131.20627403259277
calibration,native_ds_rtk_delay_dryrun,native_ds,ds_range,1,3,M1-M3,1786379401.431073,4.768,4.904063113871471,-0.029997948630918758,4.904154861110813,9.174723934179951e-05,-0.1361548611108132,411.2966060638428,383.38208198547363
calibration,native_ds_rtk_delay_dryrun,native_ds,ds_range,1,4,M1-M4,1786379401.4313102,5.191,5.15329436929944,-0.039999069038063106,5.153449600236449,0.0001552309370094207,0.03755039976355068,411.5338325500488,657.6955318450928
calibration,native_ds_rtk_delay_dryrun,native_ds,ds_range,1,5,M1-M5,1786379401.4315455,4.773,4.65770489338444,0.0200027498147326,4.6577478445980205,4.29512135804444e-05,0.1152521554019792,411.76915168762207,587.5513553619385
calibration,native_ds_rtk_delay_dryrun,native_ds,ds_range,1,2,M1-M2,1786379401.5412297,4.774,4.653212666319549,-0.009998655435813353,4.653223408682115,1.0742362566595887e-05,0.12077659131788465,521.4533805847168,230.00121116638184
calibration,native_ds_rtk_delay_dryrun,native_ds,ds_range,1,3,M1-M3,1786379401.5419009,4.754,4.904063113871471,-0.029997948630918758,4.904154861110813,9.174723934179951e-05,-0.15015486111081344,522.1245288848877,272.5541591644287
calibration,native_ds_rtk_delay_dryrun,native_ds,ds_range,1,4,M1-M4,1786379401.5517669,5.221,5.15329436929944,-0.039999069038063106,5.153449600236449,0.0001552309370094207,0.06755039976355093,531.9905281066895,537.2388362884521
calibration,native_ds_rtk_delay_dryrun,native_ds,ds_range,1,5,M1-M5,1786379401.5407424,4.748,4.65770489338444,0.0200027498147326,4.6577478445980205,4.29512135804444e-05,0.09025215540197973,520.9660530090332,696.7482566833496
calibration,native_ds_rtk_delay_dryrun,native_ds,ds_range,1,2,M1-M2,1786379401.6204937,4.774,4.653212666319549,-0.009998655435813353,4.653223408682115,1.0742362566595887e-05,0.12077659131788465,600.717306137085,309.26513671875
calibration,native_ds_rtk_delay_dryrun,native_ds,ds_range,1,3,M1-M3,1786379401.6522813,4.759,4.904063113871471,-0.029997948630918758,4.904154861110813,9.174723934179951e-05,-0.14515486111081266,632.504940032959,162.17374801635742
calibration,native_ds_rtk_delay_dryrun,native_ds,ds_range,1,4,M1-M4,1786379401.6522813,5.215,5.15329436929944,-0.039999069038063106,5.153449600236449,0.0001552309370094207,0.0615503997635507,632.504940032959,436.7244243621826
calibration,native_ds_rtk_delay_dryrun,native_ds,ds_range,1,5,M1-M5,1786379401.65253,4.732,4.660405191170289,0.010002752305235063,4.660415925745325,1.0734575035975524e-05,0.07158407425467495,632.7536106109619,663.6908054351807
calibration,native_ds_rtk_delay_dryrun,native_ds,ds_range,1,4,M1-M4,1786379401.7413204,5.173,5.15329436929944,-0.039999069038063106,5.153449600236449,0.0001552309370094207,0.019550399763550885,721.5440273284912,347.6853370666504
calibration,native_ds_rtk_delay_dryrun,native_ds,ds_range,1,5,M1-M5,1786379401.741554,4.74,4.660405191170289,0.010002752305235063,4.660415925745325,1.0734575035975524e-05,0.07958407425467495,721.7776775360107,574.6667385101318
calibration,native_ds_rtk_delay_dryrun,native_ds,ds_range,1,2,M1-M2,1786379402.1952698,4.804,4.663117289372813,-0.029998656067400042,4.6632137816974994,9.649232468689206e-05,0.14078621830250082,729.4402122497559,9.440183639526367
calibration,native_ds_rtk_delay_dryrun,native_ds,ds_range,1,3,M1-M3,1786379402.2228217,4.781,4.89594709669348,-0.03999795074170864,4.896110477683776,0.0001633809902958916,-0.11511047768377658,701.8883228302002,408.3666801452637
calibration,native_ds_rtk_delay_dryrun,native_ds,ds_range,1,4,M1-M4,1786379402.2230654,5.207,5.156622530236881,-0.04999907114885299,5.156864922262591,0.000242392025710636,0.05013507773740855,701.6446590423584,134.05966758728027
calibration,native_ds_rtk_delay_dryrun,native_ds,ds_range,1,5,M1-M5,1786379402.2234852,4.732,4.656573871502671,2.750194445177989e-06,4.656573871503483,8.117950756059145e-13,0.07542612849651764,701.2248039245605,92.73552894592285
calibration,native_ds_rtk_delay_dryrun,native_ds,ds_range,1,2,M1-M2,1786379402.3301091,4.737,4.663117289372813,-0.029998656067400042,4.6632137816974994,9.649232468689206e-05,0.07378621830250065,594.6009159088135,125.39911270141602
calibration,native_ds_rtk_delay_dryrun,native_ds,ds_range,1,3,M1-M3,1786379402.2914972,4.838,4.89594709669348,-0.03999795074170864,4.896110477683776,0.0001633809902958916,-0.058110477683776196,633.2128047943115,477.04219818115234
calibration,native_ds_rtk_delay_dryrun,native_ds,ds_range,1,4,M1-M4,1786379402.3292859,5.229,5.156622530236881,-0.04999907114885299,5.156864922262591,0.000242392025710636,0.07213507773740879,595.4241752624512,240.2801513671875
calibration,native_ds_rtk_delay_dryrun,native_ds,ds_range,1,5,M1-M5,1786379402.3295343,4.767,4.656573871502671,2.750194445177989e-06,4.656573871503483,8.117950756059145e-13,0.11042612849651778,595.1757431030273,13.313531875610352
calibration,native_ds_rtk_delay_dryrun,native_ds,ds_range,1,2,M1-M2,1786379402.4397454,4.8,4.663117289372813,-0.029998656067400042,4.6632137816974994,9.649232468689206e-05,0.13678621830250037,484.96460914611816,235.03541946411133
calibration,native_ds_rtk_delay_dryrun,native_ds,ds_range,1,3,M1-M3,1786379402.4397454,4.785,4.89594709669348,-0.03999795074170864,4.896110477683776,0.0001633809902958916,-0.11111047768377613,484.96460914611816,625.2903938293457
calibration,native_ds_rtk_delay_dryrun,native_ds,ds_range,1,4,M1-M4,1786379402.4402442,5.211,5.156622530236881,-0.04999907114885299,5.156864922262591,0.000242392025710636,0.054135077737409,484.4658374786377,351.238489151001
calibration,native_ds_rtk_delay_dryrun,native_ds,ds_range,1,5,M1-M5,1786379402.400088,4.759,4.656573871502671,2.750194445177989e-06,4.656573871503483,8.117950756059145e-13,0.10242612849651778,524.6219635009766,83.86731147766113
calibration,native_ds_rtk_delay_dryrun,native_ds,ds_range,1,2,M1-M2,1786379402.5250316,4.679,4.663117289372813,-0.029998656067400042,4.6632137816974994,9.649232468689206e-05,0.01578621830250082,399.67846870422363,320.32155990600586
calibration,native_ds_rtk_delay_dryrun,native_ds,ds_range,1,3,M1-M3,1786379402.5576105,4.802,4.89594709669348,-0.03999795074170864,4.896110477683776,0.0001633809902958916,-0.09411047768377667,367.0995235443115,743.1554794311523
calibration,native_ds_rtk_delay_dryrun,native_ds,ds_range,1,4,M1-M4,1786379402.5578504,5.147,5.156622530236881,-0.04999907114885299,5.156864922262591,0.000242392025710636,-0.009864922262591058,366.85967445373535,468.8446521759033
calibration,native_ds_rtk_delay_dryrun,native_ds,ds_range,1,5,M1-M5,1786379402.5580957,4.74,4.656573871502671,2.750194445177989e-06,4.656573871503483,8.117950756059145e-13,0.08342612849651765,366.61434173583984,241.87493324279785
calibration,native_ds_rtk_delay_dryrun,native_ds,ds_range,1,2,M1-M2,1786379402.6915824,4.747,4.663117289372813,-0.029998656067400042,4.6632137816974994,9.649232468689206e-05,0.08378621830250044,233.12759399414062,486.87243461608887
calibration,native_ds_rtk_delay_dryrun,native_ds,ds_range,1,3,M1-M3,1786379402.6918118,4.814,4.899134404803294,-0.03999794772832532,4.899297679479152,0.00016327467585774968,-0.08529767947915179,232.89823532104492,618.781328201294
calibration,native_ds_rtk_delay_dryrun,native_ds,ds_range,1,4,M1-M4,1786379402.719674,5.18,5.156622530236881,-0.04999907114885299,5.156864922262591,0.000242392025710636,0.023135077737408416,205.03592491149902,630.6684017181396
calibration,native_ds_rtk_delay_dryrun,native_ds,ds_range,1,5,M1-M5,1786379402.7199278,4.761,4.656573871502671,2.750194445177989e-06,4.656573871503483,8.117950756059145e-13,0.10442612849651756,204.78224754333496,403.70702743530273
calibration,native_ds_rtk_delay_dryrun,native_ds,ds_range,1,2,M1-M2,1786379402.8263614,4.754,4.663117289372813,-0.029998656067400042,4.6632137816974994,9.649232468689206e-05,0.09078621830250011,98.34861755371094,621.6514110565186
calibration,native_ds_rtk_delay_dryrun,native_ds,ds_range,1,3,M1-M3,1786379402.826616,4.766,4.899134404803294,-0.03999794772832532,4.899297679479152,0.00016327467585774968,-0.13329767947915183,98.09398651123047,483.9770793914795
calibration,native_ds_rtk_delay_dryrun,native_ds,ds_range,1,4,M1-M4,1786379402.7914827,5.173,5.156622530236881,-0.04999907114885299,5.156864922262591,0.000242392025710636,0.016135077737408743,133.22734832763672,702.476978302002
calibration,native_ds_rtk_delay_dryrun,native_ds,ds_range,1,5,M1-M5,1786379402.7954803,4.762,4.656573871502671,2.750194445177989e-06,4.656573871503483,8.117950756059145e-13,0.105426128496517,129.22978401184082,479.2594909667969
calibration,native_ds_rtk_delay_dryrun,native_ds,ds_range,1,2,M1-M2,1786379402.901531,4.708,4.663117289372813,-0.029998656067400042,4.6632137816974994,9.649232468689206e-05,0.044786218302500735,23.179054260253906,696.8209743499756
calibration,native_ds_rtk_delay_dryrun,native_ds,ds_range,1,3,M1-M3,1786379402.9112825,4.747,4.899134404803294,-0.03999794772832532,4.899297679479152,0.00016327467585774968,-0.15229767947915196,13.427495956420898,399.3105888366699
calibration,native_ds_rtk_delay_dryrun,native_ds,ds_range,1,4,M1-M4,1786379402.9003448,5.213,5.160428438688038,-0.05999906877610445,5.160777224321378,0.00034878563333951007,0.05222277567862221,24.36518669128418,680.3736686706543
calibration,native_ds_rtk_delay_dryrun,native_ds,ds_range,1,5,M1-M5,1786379402.9005954,4.734,4.656573871502671,2.750194445177989e-06,4.656573871503483,8.117950756059145e-13,0.07742612849651742,24.114608764648438,584.3746662139893
calibration,native_ds_rtk_delay_dryrun,native_ds,ds_range,1,3,M1-M3,1786379402.9915304,4.754,4.899134404803294,-0.03999794772832532,4.899297679479152,0.00016327467585774968,-0.1452976794791523,66.82038307189941,319.0627098083496
calibration,native_ds_rtk_delay_dryrun,native_ds,ds_range,1,4,M1-M4,1786379402.9915304,5.183,5.160428438688038,-0.05999906877610445,5.160777224321378,0.00034878563333951007,0.022222775678621964,66.82038307189941,589.1880989074707
calibration,native_ds_rtk_delay_dryrun,native_ds,ds_range,1,5,M1-M5,1786379403.0091906,4.735,4.656573871502671,2.750194445177989e-06,4.656573871503483,8.117950756059145e-13,0.07842612849651776,84.48052406311035,692.969799041748
calibration,native_ds_rtk_delay_dryrun,native_ds,ds_range,1,3,M1-M3,1786379403.1327405,4.787,4.899134404803294,-0.03999794772832532,4.899297679479152,0.00016327467585774968,-0.11229767947915192,208.03046226501465,177.85263061523438
calibration,native_ds_rtk_delay_dryrun,native_ds,ds_range,1,4,M1-M4,1786379403.1417048,5.193,5.160428438688038,-0.05999906877610445,5.160777224321378,0.00034878563333951007,0.03222277567862175,216.9947624206543,439.0137195587158
calibration,native_ds_rtk_delay_dryrun,native_ds,ds_range,1,5,M1-M5,1786379403.1317961,4.77,4.657344666304604,2.751450319804505e-06,4.657344666305416,8.126832540256146e-13,0.11265533369458325,207.08608627319336,654.0470123291016
calibration,native_ds_rtk_delay_dryrun,native_ds,ds_range,1,3,M1-M3,1786379403.2376213,4.781,4.899134404803294,-0.03999794772832532,4.899297679479152,0.00016327467585774968,-0.11829767947915215,312.9112720489502,72.97182083129883
calibration,native_ds_rtk_delay_dryrun,native_ds,ds_range,1,4,M1-M4,1786379403.2376213,5.202,5.160428438688038,-0.05999906877610445,5.160777224321378,0.00034878563333951007,0.04122277567862209,312.9112720489502,343.0972099304199
calibration,native_ds_rtk_delay_dryrun,native_ds,ds_range,1,5,M1-M5,1786379403.238293,4.725,4.657344666304604,2.751450319804505e-06,4.657344666305416,8.126832540256146e-13,0.06765533369458332,313.5828971862793,547.5502014160156
calibration,native_ds_rtk_delay_dryrun,native_ds,ds_range,1,3,M1-M3,1786379403.3706627,4.779,4.899134404803294,-0.03999794772832532,4.899297679479152,0.00016327467585774968,-0.12029767947915193,445.9526538848877,60.06956100463867
calibration,native_ds_rtk_delay_dryrun,native_ds,ds_range,1,4,M1-M4,1786379403.3708992,5.215,5.160428438688038,-0.05999906877610445,5.160777224321378,0.00034878563333951007,0.05422277567862199,446.18916511535645,209.81931686401367
calibration,native_ds_rtk_delay_dryrun,native_ds,ds_range,1,5,M1-M5,1786379403.3751066,4.759,4.657344666304604,2.751450319804505e-06,4.657344666305416,8.126832540256146e-13,0.10165533369458402,450.3965377807617,410.7365608215332
calibration,native_ds_rtk_delay_dryrun,native_ds,ds_range,1,3,M1-M3,1786379403.4804316,4.773,4.89419108733895,-0.03999794609868945,4.894354526909562,0.00016343957061248915,-0.12135452690956239,505.3567886352539,169.83842849731445
calibration,native_ds_rtk_delay_dryrun,native_ds,ds_range,1,4,M1-M4,1786379403.48471,5.215,5.1548380480313645,-0.059999067146468577,5.155187211876039,0.0003491638446746492,0.059812788123960736,501.07836723327637,96.0085391998291
calibration,native_ds_rtk_delay_dryrun,native_ds,ds_range,1,5,M1-M5,1786379403.4528599,4.74,4.657344666304604,2.751450319804505e-06,4.657344666305416,8.126832540256146e-13,0.08265533369458389,528.1498432159424,332.98325538635254
calibration,native_ds_rtk_delay_dryrun,native_ds,ds_range,1,2,M1-M2,1786379403.6102073,4.776,4.665717834153437,-0.029998655445436784,4.665814272693028,9.643853959140358e-05,0.11018572730697151,375.5810260772705,664.0834808349609
calibration,native_ds_rtk_delay_dryrun,native_ds,ds_range,1,3,M1-M3,1786379403.6104696,4.813,4.89419108733895,-0.03999794609868945,4.894354526909562,0.00016343957061248915,-0.08135452690956235,375.3187656402588,299.87645149230957
calibration,native_ds_rtk_delay_dryrun,native_ds,ds_range,1,4,M1-M4,1786379403.577189,5.2,5.1548380480313645,-0.059999067146468577,5.155187211876039,0.0003491638446746492,0.044812788123961056,408.5993766784668,3.5295486450195312
calibration,native_ds_rtk_delay_dryrun,native_ds,ds_range,1,5,M1-M5,1786379403.5807064,4.743,4.662657776410072,2.7530799556751973e-06,4.662657776410884,8.126832540256146e-13,0.08034222358911602,405.08198738098145,205.13677597045898
calibration,native_ds_rtk_delay_dryrun,native_ds,ds_range,1,2,M1-M2,1786379403.708092,4.717,4.665717834153437,-0.029998655445436784,4.665814272693028,9.643853959140358e-05,0.05118572730697135,277.6963710784912,566.1988258361816
calibration,native_ds_rtk_delay_dryrun,native_ds,ds_range,1,3,M1-M3,1786379403.7083359,4.793,4.89419108733895,-0.03999794609868945,4.894354526909562,0.00016343957061248915,-0.10135452690956193,277.4524688720703,397.74274826049805
calibration,native_ds_rtk_delay_dryrun,native_ds,ds_range,1,4,M1-M4,1786379403.719509,5.186,5.1548380480313645,-0.059999067146468577,5.155187211876039,0.0003491638446746492,0.03081278812396082,266.2794589996338,138.79036903381348
calibration,native_ds_rtk_delay_dryrun,native_ds,ds_range,1,5,M1-M5,1786379403.6807668,4.757,4.662657776410072,2.7530799556751973e-06,4.662657776410884,8.126832540256146e-13,0.09434222358911537,305.0215244293213,105.07631301879883
calibration,native_ds_rtk_delay_dryrun,native_ds,ds_range,1,2,M1-M2,1786379403.8313286,4.749,4.665717834153437,-0.029998655445436784,4.665814272693028,9.643853959140358e-05,0.08318572730697138,154.45971488952637,442.9621696472168
calibration,native_ds_rtk_delay_dryrun,native_ds,ds_range,1,3,M1-M3,1786379403.7995694,4.743,4.89419108733895,-0.03999794609868945,4.894354526909562,0.00016343957061248915,-0.15135452690956175,186.2189769744873,488.97624015808105
calibration,native_ds_rtk_delay_dryrun,native_ds,ds_range,1,4,M1-M4,1786379403.8029203,5.201,5.1548380480313645,-0.059999067146468577,5.155187211876039,0.0003491638446746492,0.0458127881239605,182.86800384521484,222.20182418823242
calibration,native_ds_rtk_delay_dryrun,native_ds,ds_range,1,5,M1-M5,1786379403.8306198,4.762,4.662657776410072,2.7530799556751973e-06,4.662657776410884,8.126832540256146e-13,0.09934222358911526,155.1685333251953,44.77667808532715
calibration,native_ds_rtk_delay_dryrun,native_ds,ds_range,1,2,M1-M2,1786379403.9675198,4.758,4.665717834153437,-0.029998655445436784,4.665814272693028,9.643853959140358e-05,0.09218572730697172,18.268585205078125,306.77103996276855
calibration,native_ds_rtk_delay_dryrun,native_ds,ds_range,1,3,M1-M3,1786379403.9677958,4.772,4.89419108733895,-0.03999794609868945,4.894354526909562,0.00016343957061248915,-0.12235452690956183,17.992496490478516,657.2027206420898
calibration,native_ds_rtk_delay_dryrun,native_ds,ds_range,1,4,M1-M4,1786379403.9680338,5.164,5.1548380480313645,-0.059999067146468577,5.155187211876039,0.0003491638446746492,0.00881278812396058,17.754554748535156,387.3152732849121
calibration,native_ds_rtk_delay_dryrun,native_ds,ds_range,1,5,M1-M5,1786379403.9365802,4.747,4.662657776410072,2.7530799556751973e-06,4.662657776410884,8.126832540256146e-13,0.08434222358911558,49.20816421508789,150.73704719543457
calibration,native_ds_rtk_delay_dryrun,native_ds,ds_range,1,2,M1-M2,1786379404.1059742,4.758,4.665717834153437,-0.029998655445436784,4.665814272693028,9.643853959140358e-05,0.09218572730697172,120.18585205078125,168.31660270690918
calibration,native_ds_rtk_delay_dryrun,native_ds,ds_range,1,4,M1-M4,1786379404.113806,5.234,5.1548380480313645,-0.059999067146468577,5.155187211876039,0.0003491638446746492,0.07881278812396086,128.01766395568848,533.0874919891357
calibration,native_ds_rtk_delay_dryrun,native_ds,ds_range,1,5,M1-M5,1786379404.1056256,4.747,4.662657776410072,2.7530799556751973e-06,4.662657776410884,8.126832540256146e-13,0.08434222358911558,119.83728408813477,319.7824954986572
calibration,native_ds_rtk_delay_dryrun,native_ds,ds_range,1,2,M1-M2,1786379404.2291603,4.773,4.665717834153437,-0.029998655445436784,4.665814272693028,9.643853959140358e-05,0.1071857273069714,243.37196350097656,45.13049125671387
calibration,native_ds_rtk_delay_dryrun,native_ds,ds_range,1,3,M1-M3,1786379404.2366793,4.774,4.894827871560332,-0.0399979444398475,4.894991289855709,0.000163418295377582,-0.12099128985570928,250.89097023010254,671.4928150177002
calibration,native_ds_rtk_delay_dryrun,native_ds,ds_range,1,4,M1-M4,1786379404.2011235,5.198,5.1548380480313645,-0.059999067146468577,5.155187211876039,0.0003491638446746492,0.042812788123961276,215.33513069152832,620.4049587249756
calibration,native_ds_rtk_delay_dryrun,native_ds,ds_range,1,5,M1-M5,1786379404.2285852,4.704,4.662657776410072,2.7530799556751973e-06,4.662657776410884,8.126832540256146e-13,0.041342223589115434,242.7968978881836,442.74210929870605
calibration,native_ds_rtk_delay_dryrun,native_ds,ds_range,1,2,M1-M2,1786379404.3251865,4.783,4.665717834153437,-0.029998655445436784,4.665814272693028,9.643853959140358e-05,0.11718572730697208,339.3981456756592,50.89569091796875
calibration,native_ds_rtk_delay_dryrun,native_ds,ds_range,1,3,M1-M3,1786379404.3255515,4.768,4.894827871560332,-0.0399979444398475,4.894991289855709,0.000163418295377582,-0.1269912898557095,339.7631645202637,582.6206207275391
calibration,native_ds_rtk_delay_dryrun,native_ds,ds_range,1,4,M1-M4,1786379404.2908335,5.198,5.1548380480313645,-0.059999067146468577,5.155187211876039,0.0003491638446746492,0.042812788123961276,305.04512786865234,710.1149559020996
calibration,native_ds_rtk_delay_dryrun,native_ds,ds_range,1,5,M1-M5,1786379404.324627,4.745,4.662657776410072,2.7530799556751973e-06,4.662657776410884,8.126832540256146e-13,0.0823422235891158,338.8385772705078,538.7837886810303
calibration,native_ds_rtk_delay_dryrun,native_ds,ds_range,1,2,M1-M2,1786379404.3916798,4.768,4.665717834153437,-0.029998655445436784,4.665814272693028,9.643853959140358e-05,0.10218572730697151,405.89141845703125,117.38896369934082
calibration,native_ds_rtk_delay_dryrun,native_ds,ds_range,1,3,M1-M3,1786379404.3920708,4.787,4.894827871560332,-0.0399979444398475,4.894991289855709,0.000163418295377582,-0.10799128985570938,406.2824249267578,516.1013603210449
calibration,native_ds_rtk_delay_dryrun,native_ds,ds_range,1,4,M1-M4,1786379404.4180195,5.194,5.153614231397572,-0.05999906799786062,5.153963478161657,0.00034924676408465416,0.04003652183834294,432.23118782043457,659.365177154541
calibration,native_ds_rtk_delay_dryrun,native_ds,ds_range,1,5,M1-M5,1786379404.4182558,4.754,4.662657776410072,2.7530799556751973e-06,4.662657776410884,8.126832540256146e-13,0.09134222358911526,432.4674606323242,632.4126720428467
calibration,native_ds_rtk_delay_dryrun,native_ds,ds_range,1,2,M1-M2,1786379404.5567925,4.707,4.665717834153437,-0.029998655445436784,4.665814272693028,9.643853959140358e-05,0.041185727306971565,571.0041522979736,282.5016975402832
calibration,native_ds_rtk_delay_dryrun,native_ds,ds_range,1,3,M1-M3,1786379404.5567925,4.804,4.894827871560332,-0.0399979444398475,4.894991289855709,0.000163418295377582,-0.09099128985570903,571.0041522979736,351.3796329498291
calibration,native_ds_rtk_delay_dryrun,native_ds,ds_range,1,4,M1-M4,1786379404.5572705,5.176,5.153614231397572,-0.05999906799786062,5.153963478161657,0.00034924676408465416,0.022036521838343148,571.4821815490723,520.1141834259033
calibration,native_ds_rtk_delay_dryrun,native_ds,ds_range,1,2,M1-M2,1786379404.6507175,4.764,4.665717834153437,-0.029998655445436784,4.665814272693028,9.643853959140358e-05,0.09818572730697195,664.9291515350342,376.42669677734375
calibration,native_ds_rtk_delay_dryrun,native_ds,ds_range,1,3,M1-M3,1786379404.6507175,4.807,4.894827871560332,-0.0399979444398475,4.894991289855709,0.000163418295377582,-0.08799128985570892,664.9291515350342,257.45463371276855
calibration,native_ds_rtk_delay_dryrun,native_ds,ds_range,1,4,M1-M4,1786379404.650986,5.283,5.153614231397572,-0.05999906799786062,5.153963478161657,0.00034924676408465416,0.12903652183834335,665.1976108551025,426.39875411987305
calibration,native_ds_rtk_delay_dryrun,native_ds,ds_range,1,5,M1-M5,1786379404.6547368,4.738,4.661886768583964,2.7518240810486816e-06,4.661886768584775,8.117950756059145e-13,0.07611323141522508,668.9484119415283,749.0115165710449
calibration,native_ds_rtk_delay_dryrun,native_ds,ds_range,1,5,M1-M5,1786379404.7088978,4.78,4.661886768583964,2.7518240810486816e-06,4.661886768584775,8.117950756059145e-13,0.1181132314152249,723.1094837188721,694.8504447937012
calibration,native_ds_rtk_delay_dryrun,native_ds,ds_range,1,2,M1-M2,1786379404.9982696,4.758,4.659730569047434,-0.019998656744779797,4.659773484021162,4.291497372843622e-05,0.0982265159788378,669.1036224365234,136.763334274292
calibration,native_ds_rtk_delay_dryrun,native_ds,ds_range,1,3,M1-M3,1786379404.9985163,4.785,4.900621554630437,-0.03999794513547855,4.90078477973921,0.0001632251087730907,-0.11578477973920975,668.8568592071533,90.34419059753418
calibration,native_ds_rtk_delay_dryrun,native_ds,ds_range,1,4,M1-M4,1786379405.0044594,5.204,5.1582047854757525,-0.05999906869349167,5.158553721456145,0.0003489359803925396,0.045446278543854746,662.9137992858887,72.92532920837402
calibration,native_ds_rtk_delay_dryrun,native_ds,ds_range,1,5,M1-M5,1786379404.973096,4.739,4.65763006287091,2.751128449995921e-06,4.657630062871723,8.126832540256146e-13,0.08136993712827678,694.277286529541,430.652379989624
calibration,native_ds_rtk_delay_dryrun,native_ds,ds_range,1,2,M1-M2,1786379405.0993006,4.769,4.659730569047434,-0.019998656744779797,4.659773484021162,4.291497372843622e-05,0.10922651597883792,568.0725574493408,35.732269287109375
calibration,native_ds_rtk_delay_dryrun,native_ds,ds_range,1,3,M1-M3,1786379405.099566,4.804,4.900621554630437,-0.03999794513547855,4.90078477973921,0.0001632251087730907,-0.09678477973920963,567.8071975708008,191.39385223388672
calibration,native_ds_rtk_delay_dryrun,native_ds,ds_range,1,4,M1-M4,1786379405.099566,5.193,5.1582047854757525,-0.05999906869349167,5.158553721456145,0.0003489359803925396,0.034446278543854625,567.8071975708008,22.181272506713867
calibration,native_ds_rtk_delay_dryrun,native_ds,ds_range,1,5,M1-M5,1786379405.068801,4.745,4.65763006287091,2.751128449995921e-06,4.657630062871723,8.126832540256146e-13,0.08736993712827701,598.5722541809082,334.9473476409912
calibration,native_ds_rtk_delay_dryrun,native_ds,ds_range,1,2,M1-M2,1786379405.1921804,4.785,4.659730569047434,-0.019998656744779797,4.659773484021162,4.291497372843622e-05,0.12522651597883794,475.1927852630615,57.14750289916992
calibration,native_ds_rtk_delay_dryrun,native_ds,ds_range,1,3,M1-M3,1786379405.192413,4.806,4.900621554630437,-0.03999794513547855,4.90078477973921,0.0001632251087730907,-0.09478477973920985,474.9600887298584,284.2409610748291
calibration,native_ds_rtk_delay_dryrun,native_ds,ds_range,1,4,M1-M4,1786379405.192413,5.183,5.1582047854757525,-0.05999906869349167,5.158553721456145,0.0003489359803925396,0.024446278543854838,474.9600887298584,115.02838134765625
calibration,native_ds_rtk_delay_dryrun,native_ds,ds_range,1,5,M1-M5,1786379405.1606324,4.74,4.65763006287091,2.751128449995921e-06,4.657630062871723,8.126832540256146e-13,0.08236993712827712,506.7408084869385,243.11590194702148
calibration,native_ds_rtk_delay_dryrun,native_ds,ds_range,1,2,M1-M2,1786379405.295665,4.775,4.659730569047434,-0.019998656744779797,4.659773484021162,4.291497372843622e-05,0.11522651597883815,371.7081546783447,160.63213348388672
calibration,native_ds_rtk_delay_dryrun,native_ds,ds_range,1,3,M1-M3,1786379405.2606175,4.813,4.900621554630437,-0.03999794513547855,4.90078477973921,0.0001632251087730907,-0.08778477973921017,406.7556858062744,352.4453639984131
calibration,native_ds_rtk_delay_dryrun,native_ds,ds_range,1,4,M1-M4,1786379405.2894237,5.22,5.1582047854757525,-0.05999906869349167,5.158553721456145,0.0003489359803925396,0.06144627854385476,377.94947624206543,212.03899383544922
calibration,native_ds_rtk_delay_dryrun,native_ds,ds_range,1,5,M1-M5,1786379405.2896838,4.743,4.65763006287091,2.751128449995921e-06,4.657630062871723,8.126832540256146e-13,0.08536993712827723,377.6893615722656,114.06445503234863
calibration,native_ds_rtk_delay_dryrun,native_ds,ds_range,1,2,M1-M2,1786379405.3831744,4.791,4.659730569047434,-0.019998656744779797,4.659773484021162,4.291497372843622e-05,0.13122651597883817,284.1987609863281,248.14152717590332
calibration,native_ds_rtk_delay_dryrun,native_ds,ds_range,1,3,M1-M3,1786379405.4098299,4.789,4.900621554630437,-0.03999794513547855,4.90078477973921,0.0001632251087730907,-0.1117847797392102,257.54332542419434,501.65772438049316
calibration,native_ds_rtk_delay_dryrun,native_ds,ds_range,1,4,M1-M4,1786379405.4098299,5.213,5.1582047854757525,-0.05999906869349167,5.158553721456145,0.0003489359803925396,0.05444627854385509,257.54332542419434,332.4451446533203
calibration,native_ds_rtk_delay_dryrun,native_ds,ds_range,1,5,M1-M5,1786379405.3794482,4.753,4.65763006287091,2.751128449995921e-06,4.657630062871723,8.126832540256146e-13,0.09536993712827702,287.92500495910645,24.300098419189453
calibration,native_ds_rtk_delay_dryrun,native_ds,ds_range,1,2,M1-M2,1786379405.533602,4.762,4.659730569047434,-0.019998656744779797,4.659773484021162,4.291497372843622e-05,0.10222651597883736,133.77118110656738,398.56910705566406
calibration,native_ds_rtk_delay_dryrun,native_ds,ds_range,1,3,M1-M3,1786379405.533602,4.753,4.900621554630437,-0.03999794513547855,4.90078477973921,0.0001632251087730907,-0.14778477973920978,133.77118110656738,625.4298686981201
calibration,native_ds_rtk_delay_dryrun,native_ds,ds_range,1,4,M1-M4,1786379405.500097,5.235,5.1582047854757525,-0.05999906869349167,5.158553721456145,0.0003489359803925396,0.07644627854385533,167.27614402770996,422.7123260498047
calibration,native_ds_rtk_delay_dryrun,native_ds,ds_range,1,5,M1-M5,1786379405.5330057,4.751,4.65763006287091,2.751128449995921e-06,4.657630062871723,8.126832540256146e-13,0.09336993712827724,134.3674659729004,129.2574405670166
calibration,native_ds_rtk_delay_dryrun,native_ds,ds_range,1,2,M1-M2,1786379405.651334,4.756,4.659730569047434,-0.019998656744779797,4.659773484021162,4.291497372843622e-05,0.09622651597883802,16.039133071899414,516.301155090332
calibration,native_ds_rtk_delay_dryrun,native_ds,ds_range,1,3,M1-M3,1786379405.6201062,4.779,4.896127402969751,-0.04999794926612128,4.896382679186966,0.0002552762172154388,-0.11738267918696632,47.26696014404297,637.9764080047607
calibration,native_ds_rtk_delay_dryrun,native_ds,ds_range,1,4,M1-M4,1786379405.6505463,5.18,5.1582047854757525,-0.05999906869349167,5.158553721456145,0.0003489359803925396,0.021446278543854724,16.826868057250977,573.1616020202637
calibration,native_ds_rtk_delay_dryrun,native_ds,ds_range,1,5,M1-M5,1786379405.6505463,4.762,4.65763006287091,2.751128449995921e-06,4.657630062871723,8.126832540256146e-13,0.10436993712827647,16.826868057250977,246.79803848266602
calibration,native_ds_rtk_delay_dryrun,native_ds,ds_range,1,2,M1-M2,1786379405.7484615,4.754,4.659730569047434,-0.019998656744779797,4.659773484021162,4.291497372843622e-05,0.09422651597883736,81.08830451965332,613.4285926818848
calibration,native_ds_rtk_delay_dryrun,native_ds,ds_range,1,3,M1-M3,1786379405.7487261,4.779,4.896127402969751,-0.04999794926612128,4.896382679186966,0.0002552762172154388,-0.11738267918696632,81.35294914245605,509.3564987182617
calibration,native_ds_rtk_delay_dryrun,native_ds,ds_range,1,4,M1-M4,1786379405.7782907,5.192,5.1582047854757525,-0.05999906869349167,5.158553721456145,0.0003489359803925396,0.03344627854385518,110.91756820678711,700.9060382843018
calibration,native_ds_rtk_delay_dryrun,native_ds,ds_range,1,5,M1-M5,1786379405.7785392,4.744,4.65763006287091,2.751128449995921e-06,4.657630062871723,8.126832540256146e-13,0.08636993712827667,111.16600036621094,374.79090690612793
calibration,native_ds_rtk_delay_dryrun,native_ds,ds_range,1,2,M1-M2,1786379405.8526795,4.8,4.659730569047434,-0.019998656744779797,4.659773484021162,4.291497372843622e-05,0.14022651597883762,185.30631065368652,717.646598815918
calibration,native_ds_rtk_delay_dryrun,native_ds,ds_range,1,3,M1-M3,1786379405.8541083,4.785,4.896127402969751,-0.04999794926612128,4.896382679186966,0.0002552762172154388,-0.1113826791869661,186.7351531982422,403.9742946624756
calibration,native_ds_rtk_delay_dryrun,native_ds,ds_range,1,4,M1-M4,1786379405.8828435,5.186,5.155420213879055,-0.029999069857415184,5.155507494501882,8.728062282692406e-05,0.030492505498117772,215.4703140258789,745.4898357391357
calibration,native_ds_rtk_delay_dryrun,native_ds,ds_range,1,5,M1-M5,1786379405.8828435,4.732,4.65763006287091,2.751128449995921e-06,4.657630062871723,8.126832540256146e-13,0.07436993712827711,215.4703140258789,479.0952205657959
calibration,native_ds_rtk_delay_dryrun,native_ds,ds_range,1,3,M1-M3,1786379406.0171216,4.764,4.896127402969751,-0.04999794926612128,4.896382679186966,0.0002552762172154388,-0.132382679186966,349.7483730316162,240.96107482910156
calibration,native_ds_rtk_delay_dryrun,native_ds,ds_range,1,4,M1-M4,1786379406.0340545,5.235,5.155420213879055,-0.029999069857415184,5.155507494501882,8.728062282692406e-05,0.07949250549811815,366.6813373565674,594.2788124084473
calibration,native_ds_rtk_delay_dryrun,native_ds,ds_range,1,5,M1-M5,1786379406.0020099,4.751,4.65763006287091,2.751128449995921e-06,4.657630062871723,8.126832540256146e-13,0.09336993712827724,334.6366882324219,598.2615947723389
calibration,native_ds_rtk_delay_dryrun,native_ds,ds_range,1,3,M1-M3,1786379406.1122918,4.778,4.896127402969751,-0.04999794926612128,4.896382679186966,0.0002552762172154388,-0.11838267918696666,444.9186325073242,145.79081535339355
calibration,native_ds_rtk_delay_dryrun,native_ds,ds_range,1,4,M1-M4,1786379406.115759,5.224,5.155420213879055,-0.029999069857415184,5.155507494501882,8.728062282692406e-05,0.06849250549811803,448.38571548461914,512.5744342803955
calibration,native_ds_rtk_delay_dryrun,native_ds,ds_range,1,5,M1-M5,1786379406.0802436,4.733,4.65763006287091,2.751128449995921e-06,4.657630062871723,8.126832540256146e-13,0.07536993712827655,412.8704071044922,676.4953136444092
calibration,native_ds_rtk_delay_dryrun,native_ds,ds_range,1,3,M1-M3,1786379406.1919308,4.754,4.896127402969751,-0.04999794926612128,4.896382679186966,0.0002552762172154388,-0.14238267918696668,524.5575904846191,66.15185737609863
calibration,native_ds_rtk_delay_dryrun,native_ds,ds_range,1,4,M1-M4,1786379406.2225065,5.194,5.155420213879055,-0.029999069857415184,5.155507494501882,8.728062282692406e-05,0.03849250549811778,555.1333427429199,405.8268070220947
calibration,native_ds_rtk_delay_dryrun,native_ds,ds_range,1,5,M1-M5,1786379406.2225065,4.739,4.654547126223519,2.748646607486638e-06,4.6545471262243305,8.117950756059145e-13,0.08445287377566935,555.1333427429199,623.3072280883789
calibration,native_ds_rtk_delay_dryrun,native_ds,ds_range,1,3,M1-M3,1786379406.329013,4.755,4.896127402969751,-0.04999794926612128,4.896382679186966,0.0002552762172154388,-0.14138267918696634,661.639928817749,70.93048095703125
calibration,native_ds_rtk_delay_dryrun,native_ds,ds_range,1,4,M1-M4,1786379406.2989316,5.195,5.155420213879055,-0.029999069857415184,5.155507494501882,8.728062282692406e-05,0.03949250549811811,631.5584182739258,329.40173149108887
calibration,native_ds_rtk_delay_dryrun,native_ds,ds_range,1,5,M1-M5,1786379406.2991657,4.767,4.654547126223519,2.748646607486638e-06,4.6545471262243305,8.117950756059145e-13,0.11245287377566981,631.7925453186035,546.6480255126953
calibration,native_ds_rtk_delay_dryrun,native_ds,ds_range,1,3,M1-M3,1786379406.4309163,4.787,4.893788918759182,-0.04999795088422371,4.8940443169696355,0.0002553982104531727,-0.10704431696963557,705.1293849945068,172.83368110656738
calibration,native_ds_rtk_delay_dryrun,native_ds,ds_range,1,4,M1-M4,1786379406.4309163,5.207,5.159206378828345,-0.029999071475517614,5.159293595409403,8.721658105770302e-05,0.04770640459059727,705.1293849945068,197.4170207977295
calibration,native_ds_rtk_delay_dryrun,native_ds,ds_range,1,5,M1-M5,1786379406.3989623,4.774,4.654547126223519,2.748646607486638e-06,4.6545471262243305,8.117950756059145e-13,0.11945287377566949,731.5890789031982,446.8514919281006
calibration,native_ds_rtk_delay_dryrun,native_ds,ds_range,1,3,M1-M3,1786379406.5484254,4.801,4.893788918759182,-0.04999795088422371,4.8940443169696355,0.0002553982104531727,-0.09304431696963533,587.6202583312988,290.3428077697754
calibration,native_ds_rtk_delay_dryrun,native_ds,ds_range,1,4,M1-M4,1786379406.519261,5.199,5.159206378828345,-0.029999071475517614,5.159293595409403,8.721658105770302e-05,0.039706404590597266,616.7848110198975,109.07244682312012
calibration,native_ds_rtk_delay_dryrun,native_ds,ds_range,1,5,M1-M5,1786379406.5247762,4.762,4.65060775390957,2.7470285050568144e-06,4.650607753910381,8.109068971862143e-13,0.1113922460896184,611.269474029541,321.03753089904785
calibration,native_ds_rtk_delay_dryrun,native_ds,ds_range,1,3,M1-M3,1786379406.6206374,4.771,4.893788918759182,-0.04999795088422371,4.8940443169696355,0.0002553982104531727,-0.12304431696963558,515.4082775115967,362.55478858947754
calibration,native_ds_rtk_delay_dryrun,native_ds,ds_range,1,4,M1-M4,1786379406.6505728,5.187,5.159206378828345,-0.029999071475517614,5.159293595409403,8.721658105770302e-05,0.0277064045905977,485.4729175567627,22.23944664001465
calibration,native_ds_rtk_delay_dryrun,native_ds,ds_range,1,5,M1-M5,1786379406.6505728,4.762,4.65060775390957,2.7470285050568144e-06,4.650607753910381,8.109068971862143e-13,0.1113922460896184,485.4729175567627,195.24097442626953
calibration,native_ds_rtk_delay_dryrun,native_ds,ds_range,1,2,M1-M2,1786379406.7845201,4.775,4.6605843798837325,-0.019998660000845325,4.660627287009557,4.290712582477596e-05,0.11437271299044305,351.52554512023926,687.1213912963867
calibration,native_ds_rtk_delay_dryrun,native_ds,ds_range,1,3,M1-M3,1786379406.753888,4.768,4.893788918759182,-0.04999795088422371,4.8940443169696355,0.0002553982104531727,-0.1260443169696357,382.1578025817871,495.8052635192871
calibration,native_ds_rtk_delay_dryrun,native_ds,ds_range,1,4,M1-M4,1786379406.7837045,5.215,5.159206378828345,-0.029999071475517614,5.159293595409403,8.721658105770302e-05,0.05570640459059728,352.3411750793457,155.37118911743164
calibration,native_ds_rtk_delay_dryrun,native_ds,ds_range,1,5,M1-M5,1786379406.783971,4.754,4.65060775390957,2.7470285050568144e-06,4.650607753910381,8.109068971862143e-13,0.10339224608961839,352.07462310791016,61.84267997741699
calibration,native_ds_rtk_delay_dryrun,native_ds,ds_range,1,2,M1-M2,1786379406.87846,4.722,4.6605843798837325,-0.019998660000845325,4.660627287009557,4.290712582477596e-05,0.06137271299044311,257.5857639312744,593.1816101074219
calibration,native_ds_rtk_delay_dryrun,native_ds,ds_range,1,3,M1-M3,1786379406.8474622,4.795,4.893788918759182,-0.04999795088422371,4.8940443169696355,0.0002553982104531727,-0.09904431696963556,288.58351707458496,589.3795490264893
calibration,native_ds_rtk_delay_dryrun,native_ds,ds_range,1,4,M1-M4,1786379406.8776572,5.198,5.159206378828345,-0.029999071475517614,5.159293595409403,8.721658105770302e-05,0.03870640459059782,258.3885192871094,249.32384490966797
calibration,native_ds_rtk_delay_dryrun,native_ds,ds_range,1,5,M1-M5,1786379406.8779202,4.775,4.65060775390957,2.7470285050568144e-06,4.650607753910381,8.109068971862143e-13,0.12439224608961919,258.12554359436035,32.10639953613281
calibration,native_ds_rtk_delay_dryrun,native_ds,ds_range,1,2,M1-M2,1786379407.0315542,4.763,4.6605843798837325,-0.019998660000845325,4.660627287009557,4.290712582477596e-05,0.1023727129904426,104.4914722442627,440.08731842041016
calibration,native_ds_rtk_delay_dryrun,native_ds,ds_range,1,4,M1-M4,1786379407.0086145,5.238,5.159206378828345,-0.029999071475517614,5.159293595409403,8.721658105770302e-05,0.07870640459059786,127.43115425109863,380.2812099456787
calibration,native_ds_rtk_delay_dryrun,native_ds,ds_range,1,5,M1-M5,1786379407.0086145,4.744,4.65060775390957,2.7470285050568144e-06,4.650607753910381,8.109068971862143e-13,0.0933922460896186,127.43115425109863,162.80078887939453
calibration,native_ds_rtk_delay_dryrun,native_ds,ds_range,1,2,M1-M2,1786379407.0739949,4.789,4.6605843798837325,-0.019998660000845325,4.660627287009557,4.290712582477596e-05,0.1283727129904424,62.050819396972656,397.6466655731201
calibration,native_ds_rtk_delay_dryrun,native_ds,ds_range,1,4,M1-M4,1786379407.1326637,5.211,5.159206378828345,-0.029999071475517614,5.159293595409403,8.721658105770302e-05,0.05170640459059772,3.381967544555664,504.3303966522217
calibration,native_ds_rtk_delay_dryrun,native_ds,ds_range,1,5,M1-M5,1786379407.14112,4.762,4.65060775390957,2.7470285050568144e-06,4.650607753910381,8.109068971862143e-13,0.1113922460896184,5.074262619018555,295.3062057495117
calibration,native_ds_rtk_delay_dryrun,native_ds,ds_range,1,2,M1-M2,1786379407.2407289,4.721,4.6605843798837325,-0.019998660000845325,4.660627287009557,4.290712582477596e-05,0.06037271299044278,104.68316078186035,230.9126853942871
calibration,native_ds_rtk_delay_dryrun,native_ds,ds_range,1,3,M1-M3,1786379407.2054079,4.763,4.902382443871146,-0.04999794489458781,4.902637394349058,0.0002549504779114642,-0.13963739434905786,69.36216354370117,687.3147487640381
calibration,native_ds_rtk_delay_dryrun,native_ds,ds_range,1,4,M1-M4,1786379407.2395246,5.19,5.159206378828345,-0.029999071475517614,5.159293595409403,8.721658105770302e-05,0.030706404590597813,103.47890853881836,611.1912727355957
calibration,native_ds_rtk_delay_dryrun,native_ds,ds_range,1,5,M1-M5,1786379407.239902,4.732,4.65060775390957,2.7470285050568144e-06,4.650607753910381,8.109068971862143e-13,0.08139224608961904,103.85632514953613,394.0882682800293
calibration,native_ds_rtk_delay_dryrun,native_ds,ds_range,1,2,M1-M2,1786379407.3297389,4.775,4.6605843798837325,-0.019998660000845325,4.660627287009557,4.290712582477596e-05,0.11437271299044305,193.6931610107422,141.90268516540527
calibration,native_ds_rtk_delay_dryrun,native_ds,ds_range,1,3,M1-M3,1786379407.2993617,4.785,4.902382443871146,-0.04999794489458781,4.902637394349058,0.0002549504779114642,-0.11763739434905762,163.316011428833,593.3609008789062
calibration,native_ds_rtk_delay_dryrun,native_ds,ds_range,1,4,M1-M4,1786379407.3289275,5.222,5.159206378828345,-0.029999071475517614,5.159293595409403,8.721658105770302e-05,0.06270640459059784,192.88182258605957,700.5941867828369
calibration,native_ds_rtk_delay_dryrun,native_ds,ds_range,1,5,M1-M5,1786379407.3291986,4.746,4.65060775390957,2.7470285050568144e-06,4.650607753910381,8.109068971862143e-13,0.09539224608961927,193.15290451049805,483.3848476409912
calibration,native_ds_rtk_delay_dryrun,native_ds,ds_range,1,2,M1-M2,1786379407.4436884,4.74,4.6605843798837325,-0.019998660000845325,4.660627287009557,4.290712582477596e-05,0.0793727129904429,307.64269828796387,27.953147888183594
calibration,native_ds_rtk_delay_dryrun,native_ds,ds_range,1,3,M1-M3,1786379407.4439747,4.807,4.902382443871146,-0.04999794489458781,4.902637394349058,0.0002549504779114642,-0.09563739434905738,307.92903900146484,448.7478733062744
calibration,native_ds_rtk_delay_dryrun,native_ds,ds_range,1,4,M1-M4,1786379407.444219,5.218,5.156844126820778,-0.029999073486865396,5.156931383365114,8.725654433572316e-05,0.06106861663488594,308.17341804504395,654.4642448425293
calibration,native_ds_rtk_delay_dryrun,native_ds,ds_range,1,5,M1-M5,1786379407.407818,4.747,4.65060775390957,2.7470285050568144e-06,4.650607753910381,8.109068971862143e-13,0.09639224608961872,271.7723846435547,562.0043277740479
calibration,native_ds_rtk_delay_dryrun,native_ds,ds_range,1,2,M1-M2,1786379407.5109313,4.796,4.6605843798837325,-0.019998660000845325,4.660627287009557,4.290712582477596e-05,0.13537271299044296,374.88555908203125,39.28971290588379
calibration,native_ds_rtk_delay_dryrun,native_ds,ds_range,1,3,M1-M3,1786379407.5399067,4.823,4.902382443871146,-0.04999794489458781,4.902637394349058,0.0002549504779114642,-0.07963739434905737,403.86104583740234,352.8158664703369
calibration,native_ds_rtk_delay_dryrun,native_ds,ds_range,1,4,M1-M4,1786379407.5401475,5.17,5.156844126820778,-0.029999073486865396,5.156931383365114,8.725654433572316e-05,0.013068616634885899,404.1018486022949,558.5358142852783
calibration,native_ds_rtk_delay_dryrun,native_ds,ds_range,1,5,M1-M5,1786379407.5403805,4.741,4.65060775390957,2.7470285050568144e-06,4.650607753910381,8.109068971862143e-13,0.09039224608961849,404.33478355407715,694.5667266845703
calibration,native_ds_rtk_delay_dryrun,native_ds,ds_range,1,2,M1-M2,1786379407.6388032,4.766,4.6605843798837325,-0.019998660000845325,4.660627287009557,4.290712582477596e-05,0.10537271299044271,502.7575492858887,167.1617031097412
calibration,native_ds_rtk_delay_dryrun,native_ds,ds_range,1,3,M1-M3,1786379407.6704528,4.765,4.902382443871146,-0.04999794489458781,4.902637394349058,0.0002549504779114642,-0.13763739434905808,534.4071388244629,222.26977348327637
calibration,native_ds_rtk_delay_dryrun,native_ds,ds_range,1,4,M1-M4,1786379407.6704528,5.256,5.156844126820778,-0.029999073486865396,5.156931383365114,8.725654433572316e-05,0.0990686166348862,534.4071388244629,428.23052406311035
calibration,native_ds_rtk_delay_dryrun,native_ds,ds_range,1,5,M1-M5,1786379407.6707118,4.766,4.658316421610852,2.754358207457397e-06,4.658316421611667,8.144596108650148e-13,0.10768357838833342,534.6660614013672,678.4136295318604
calibration,native_ds_rtk_delay_dryrun,native_ds,ds_range,1,2,M1-M2,1786379407.770666,4.749,4.6605843798837325,-0.019998660000845325,4.660627287009557,4.290712582477596e-05,0.08837271299044236,634.620189666748,299.0243434906006
calibration,native_ds_rtk_delay_dryrun,native_ds,ds_range,1,3,M1-M3,1786379407.770666,4.793,4.902382443871146,-0.04999794489458781,4.902637394349058,0.0002549504779114642,-0.10963739434905762,634.620189666748,122.05672264099121
calibration,native_ds_rtk_delay_dryrun,native_ds,ds_range,1,4,M1-M4,1786379407.7474158,5.253,5.156844126820778,-0.029999073486865396,5.156931383365114,8.725654433572316e-05,0.09606861663488608,611.3700866699219,351.26757621765137
calibration,native_ds_rtk_delay_dryrun,native_ds,ds_range,1,5,M1-M5,1786379407.747658,4.728,4.658316421610852,2.754358207457397e-06,4.658316421611667,8.144596108650148e-13,0.06968357838833317,611.6123199462891,601.4673709869385
calibration,native_ds_rtk_delay_dryrun,native_ds,ds_range,1,2,M1-M2,1786379407.8976378,4.685,4.65979438199533,-0.019998658814213977,4.6598372963902515,4.291439492121185e-05,0.02516270360974815,730.3857803344727,258.7432861328125
calibration,native_ds_rtk_delay_dryrun,native_ds,ds_range,1,3,M1-M3,1786379407.8978822,4.77,4.9019457082879425,-0.04999794439837929,4.9022006814742545,0.00025497318631195753,-0.1322006814742549,730.1414012908936,5.159616470336914
calibration,native_ds_rtk_delay_dryrun,native_ds,ds_range,1,4,M1-M4,1786379407.901416,5.205,5.1552811545141575,-0.029999072990656878,5.155368437509498,8.728299534066508e-05,0.049631562490501935,726.6075611114502,197.2672939300537
calibration,native_ds_rtk_delay_dryrun,native_ds,ds_range,1,5,M1-M5,1786379407.8684795,4.758,4.658316421610852,2.754358207457397e-06,4.658316421611667,8.144596108650148e-13,0.09968357838833342,732.4337959289551,480.64589500427246
calibration,native_ds_rtk_delay_dryrun,native_ds,ds_range,1,2,M1-M2,1786379408.0367465,4.741,4.65979438199533,-0.019998658814213977,4.6598372963902515,4.291439492121185e-05,0.0811627036097482,591.2771224975586,119.63462829589844
calibration,native_ds_rtk_delay_dryrun,native_ds,ds_range,1,3,M1-M3,1786379408.0032828,4.775,4.9019457082879425,-0.04999794439837929,4.9022006814742545,0.00025497318631195753,-0.12720068147425412,624.7408390045166,110.56017875671387
calibration,native_ds_rtk_delay_dryrun,native_ds,ds_range,1,4,M1-M4,1786379408.0145094,5.191,5.1552811545141575,-0.029999072990656878,5.155368437509498,8.728299534066508e-05,0.0356315624905017,613.5141849517822,84.17391777038574
calibration,native_ds_rtk_delay_dryrun,native_ds,ds_range,1,5,M1-M5,1786379408.0331254,4.726,4.659858262780711,2.7548544159761157e-06,4.659858262781525,8.144596108650148e-13,0.06614173721847472,594.8982238769531,315.99998474121094
calibration,native_ds_rtk_delay_dryrun,native_ds,ds_range,1,2,M1-M2,1786379408.1329358,4.728,4.65979438199533,-0.019998658814213977,4.6598372963902515,4.291439492121185e-05,0.0681627036097483,495.0878620147705,23.44536781311035
calibration,native_ds_rtk_delay_dryrun,native_ds,ds_range,1,3,M1-M3,1786379408.1359541,4.777,4.9019457082879425,-0.04999794439837929,4.9022006814742545,0.00025497318631195753,-0.12520068147425434,492.0694828033447,243.23153495788574
calibration,native_ds_rtk_delay_dryrun,native_ds,ds_range,1,4,M1-M4,1786379408.1024153,5.205,5.1552811545141575,-0.029999072990656878,5.155368437509498,8.728299534066508e-05,0.049631562490501935,525.6083011627197,3.731966018676758
calibration,native_ds_rtk_delay_dryrun,native_ds,ds_range,1,5,M1-M5,1786379408.132401,4.757,4.659858262780711,2.7548544159761157e-06,4.659858262781525,8.144596108650148e-13,0.09714173721847441,495.6226348876953,216.72439575195312
calibration,native_ds_rtk_delay_dryrun,native_ds,ds_range,1,2,M1-M2,1786379408.2396002,4.743,4.65979438199533,-0.019998658814213977,4.6598372963902515,4.291439492121185e-05,0.08316270360974887,388.4234428405762,83.21905136108398
calibration,native_ds_rtk_delay_dryrun,native_ds,ds_range,1,3,M1-M3,1786379408.240115,4.782,4.9019457082879425,-0.04999794439837929,4.9022006814742545,0.00025497318631195753,-0.12020068147425444,387.9086971282959,347.39232063293457
calibration,native_ds_rtk_delay_dryrun,native_ds,ds_range,1,4,M1-M4,1786379408.240354,5.179,5.1552811545141575,-0.029999072990656878,5.155368437509498,8.728299534066508e-05,0.023631562490502134,387.66956329345703,141.67070388793945
calibration,native_ds_rtk_delay_dryrun,native_ds,ds_range,1,5,M1-M5,1786379408.243504,4.745,4.659858262780711,2.7548544159761157e-06,4.659858262781525,8.144596108650148e-13,0.08514173721847484,384.5195770263672,105.621337890625
calibration,native_ds_rtk_delay_dryrun,native_ds,ds_range,1,2,M1-M2,1786379408.3382833,4.761,4.65979438199533,-0.019998658814213977,4.6598372963902515,4.291439492121185e-05,0.10116270360974866,289.74032402038574,181.9021701812744
calibration,native_ds_rtk_delay_dryrun,native_ds,ds_range,1,3,M1-M3,1786379408.3660467,4.809,4.9019457082879425,-0.04999794439837929,4.9022006814742545,0.00025497318631195753,-0.09320068147425431,261.976957321167,473.3240604400635
calibration,native_ds_rtk_delay_dryrun,native_ds,ds_range,1,4,M1-M4,1786379408.3660467,5.207,5.1552811545141575,-0.029999072990656878,5.155368437509498,8.728299534066508e-05,0.051631562490501715,261.976957321167,267.3633098602295
calibration,native_ds_rtk_delay_dryrun,native_ds,ds_range,1,5,M1-M5,1786379408.299288,4.732,4.659858262780711,2.7548544159761157e-06,4.659858262781525,8.144596108650148e-13,0.07214173721847494,328.7355899810791,49.837350845336914
calibration,native_ds_rtk_delay_dryrun,native_ds,ds_range,1,2,M1-M2,1786379408.5103114,4.801,4.65979438199533,-0.019998658814213977,4.6598372963902515,4.291439492121185e-05,0.1411627036097487,117.71225929260254,353.9302349090576
calibration,native_ds_rtk_delay_dryrun,native_ds,ds_range,1,3,M1-M3,1786379408.5105746,4.76,4.9019457082879425,-0.04999794439837929,4.9022006814742545,0.00025497318631195753,-0.1422006814742547,117.44904518127441,617.851972579956
calibration,native_ds_rtk_delay_dryrun,native_ds,ds_range,1,4,M1-M4,1786379408.5108025,5.204,5.1552811545141575,-0.029999072990656878,5.155368437509498,8.728299534066508e-05,0.0486315624905016,117.22111701965332,412.11915016174316
calibration,native_ds_rtk_delay_dryrun,native_ds,ds_range,1,5,M1-M5,1786379408.5144272,4.751,4.659858262780711,2.7548544159761157e-06,4.659858262781525,8.144596108650148e-13,0.09114173721847507,113.59643936157227,165.30179977416992
calibration,native_ds_rtk_delay_dryrun,native_ds,ds_range,1,2,M1-M2,1786379408.633839,4.715,4.65979438199533,-0.019998658814213977,4.6598372963902515,4.291439492121185e-05,0.0551627036097484,5.815267562866211,477.45776176452637
calibration,native_ds_rtk_delay_dryrun,native_ds,ds_range,1,3,M1-M3,1786379408.599835,4.772,4.9019457082879425,-0.04999794439837929,4.9022006814742545,0.00025497318631195753,-0.13020068147425423,28.188705444335938,707.1123123168945
calibration,native_ds_rtk_delay_dryrun,native_ds,ds_range,1,4,M1-M4,1786379408.6330266,5.191,5.1552811545141575,-0.029999072990656878,5.155368437509498,8.728299534066508e-05,0.0356315624905017,5.0029754638671875,534.3432426452637
calibration,native_ds_rtk_delay_dryrun,native_ds,ds_range,1,5,M1-M5,1786379408.6333072,4.751,4.659858262780711,2.7548544159761157e-06,4.659858262781525,8.144596108650148e-13,0.09114173721847507,5.283594131469727,284.1818332672119
calibration,native_ds_rtk_delay_dryrun,native_ds,ds_range,1,2,M1-M2,1786379408.7813957,4.784,4.65979438199533,-0.019998658814213977,4.6598372963902515,4.291439492121185e-05,0.12416270360974835,153.37204933166504,625.0145435333252
calibration,native_ds_rtk_delay_dryrun,native_ds,ds_range,1,3,M1-M3,1786379408.7404687,4.795,4.898935773584133,-0.059997945636685424,4.899303161387646,0.0003673878035135303,-0.10430316138764617,112.44511604309082,641.6196823120117
calibration,native_ds_rtk_delay_dryrun,native_ds,ds_range,1,4,M1-M4,1786379408.7494504,5.167,5.1552811545141575,-0.029999072990656878,5.155368437509498,8.728299534066508e-05,0.011631562490501679,121.42682075500488,650.7670879364014
calibration,native_ds_rtk_delay_dryrun,native_ds,ds_range,1,5,M1-M5,1786379408.7806466,4.774,4.659858262780711,2.7548544159761157e-06,4.659858262781525,8.144596108650148e-13,0.11414173721847476,152.62293815612793,431.5211772918701
calibration,native_ds_rtk_delay_dryrun,native_ds,ds_range,1,3,M1-M3,1786379408.919675,4.827,4.898935773584133,-0.059997945636685424,4.899303161387646,0.0003673878035135303,-0.07230316138764614,291.65148735046387,462.4133110046387
calibration,native_ds_rtk_delay_dryrun,native_ds,ds_range,1,4,M1-M4,1786379408.9257724,5.235,5.1569615825544055,-0.029999071651369558,5.157048837100729,8.725454632330099e-05,0.07795116289927151,297.7488040924072,674.5660305023193
calibration,native_ds_rtk_delay_dryrun,native_ds,ds_range,1,5,M1-M5,1786379408.9189112,4.761,4.659858262780711,2.7548544159761157e-06,4.659858262781525,8.144596108650148e-13,0.10114173721847486,290.88759422302246,569.7858333587646
calibration,native_ds_rtk_delay_dryrun,native_ds,ds_range,1,3,M1-M3,1786379409.0560238,4.771,4.898935773584133,-0.059997945636685424,4.899303161387646,0.0003673878035135303,-0.1283031613876462,428.00021171569824,326.0645866394043
calibration,native_ds_rtk_delay_dryrun,native_ds,ds_range,1,4,M1-M4,1786379409.0179987,5.173,5.1569615825544055,-0.029999071651369558,5.157048837100729,8.725454632330099e-05,0.015951162899271232,389.97507095336914,582.3397636413574
calibration,native_ds_rtk_delay_dryrun,native_ds,ds_range,1,5,M1-M5,1786379409.055182,4.755,4.659858262780711,2.7548544159761157e-06,4.659858262781525,8.144596108650148e-13,0.09514173721847463,427.1583557128906,706.0565948486328
calibration,native_ds_rtk_delay_dryrun,native_ds,ds_range,1,3,M1-M3,1786379409.1715255,4.748,4.898935773584133,-0.059997945636685424,4.899303161387646,0.0003673878035135303,-0.15130316138764588,543.5018539428711,210.56294441223145
calibration,native_ds_rtk_delay_dryrun,native_ds,ds_range,1,4,M1-M4,1786379409.1717598,5.232,5.1569615825544055,-0.029999071651369558,5.157048837100729,8.725454632330099e-05,0.0749511628992714,543.7362194061279,428.57861518859863
calibration,native_ds_rtk_delay_dryrun,native_ds,ds_range,1,5,M1-M5,1786379409.1775596,4.741,4.658316421878156,2.753087379459007e-06,4.658316421878969,8.135714324453147e-13,0.08268357812103044,549.5359897613525,616.65940284729
calibration,native_ds_rtk_delay_dryrun,native_ds,ds_range,1,3,M1-M3,1786379409.27369,4.771,4.898935773584133,-0.059997945636685424,4.899303161387646,0.0003673878035135303,-0.1283031613876462,645.6663608551025,108.3984375
calibration,native_ds_rtk_delay_dryrun,native_ds,ds_range,1,4,M1-M4,1786379409.273926,5.19,5.1569615825544055,-0.029999071651369558,5.157048837100729,8.725454632330099e-05,0.03295116289927158,645.9023952484131,326.4124393463135
calibration,native_ds_rtk_delay_dryrun,native_ds,ds_range,1,5,M1-M5,1786379409.2741642,4.723,4.658316421878156,2.753087379459007e-06,4.658316421878969,8.135714324453147e-13,0.06468357812103065,646.1405754089355,520.054817199707
calibration,native_ds_rtk_delay_dryrun,native_ds,ds_range,1,2,M1-M2,1786379409.5065637,4.728,4.663781498649925,-0.019998660654630407,4.663824376365101,4.2877715175748676e-05,0.06417562363489893,631.8185329437256,730.2699089050293
calibration,native_ds_rtk_delay_dryrun,native_ds,ds_range,1,3,M1-M3,1786379409.530191,4.759,4.897039240616357,-0.05999794734772668,4.897406770712677,0.0003675300963195127,-0.1384067707126766,608.1912517547607,148.1025218963623
calibration,native_ds_rtk_delay_dryrun,native_ds,ds_range,1,4,M1-M4,1786379409.5304499,5.205,5.1623146819971675,-0.02999907336241081,5.162401846075731,8.716407856379504e-05,0.0425981539242688,607.9323291778564,69.88859176635742
calibration,native_ds_rtk_delay_dryrun,native_ds,ds_range,1,5,M1-M5,1786379409.530971,4.731,4.652837331376797,2.75137633820588e-06,4.652837331377611,8.135714324453147e-13,0.0781626686223893,607.4111461639404,263.2479667663574
calibration,native_ds_rtk_delay_dryrun,native_ds,ds_range,1,2,M1-M2,1786379409.6057758,4.723,4.663781498649925,-0.019998660654630407,4.663824376365101,4.2877715175748676e-05,0.05917562363489903,532.6063632965088,631.0577392578125
calibration,native_ds_rtk_delay_dryrun,native_ds,ds_range,1,3,M1-M3,1786379409.6063876,4.789,4.897039240616357,-0.05999794734772668,4.897406770712677,0.0003675300963195127,-0.10840677071267724,531.9945812225342,224.29919242858887
calibration,native_ds_rtk_delay_dryrun,native_ds,ds_range,1,4,M1-M4,1786379409.6127477,5.249,5.1623146819971675,-0.02999907336241081,5.162401846075731,8.716407856379504e-05,0.0865981539242684,525.6345272064209,12.409210205078125
calibration,native_ds_rtk_delay_dryrun,native_ds,ds_range,1,5,M1-M5,1786379409.6055284,4.75,4.652837331376797,2.75137633820588e-06,4.652837331377611,8.135714324453147e-13,0.09716266862238943,532.8538417816162,188.6906623840332
calibration,native_ds_rtk_delay_dryrun,native_ds,ds_range,1,2,M1-M2,1786379409.7289093,4.782,4.663781498649925,-0.019998660654630407,4.663824376365101,4.2877715175748676e-05,0.1181756236348992,409.4729423522949,507.92431831359863
calibration,native_ds_rtk_delay_dryrun,native_ds,ds_range,1,3,M1-M3,1786379409.7289093,4.799,4.897039240616357,-0.05999794734772668,4.897406770712677,0.0003675300963195127,-0.09840677071267656,409.4729423522949,346.8208312988281
calibration,native_ds_rtk_delay_dryrun,native_ds,ds_range,1,4,M1-M4,1786379409.729422,5.224,5.1623146819971675,-0.02999907336241081,5.162401846075731,8.716407856379504e-05,0.06159815392426893,408.96010398864746,129.08363342285156
calibration,native_ds_rtk_delay_dryrun,native_ds,ds_range,1,5,M1-M5,1786379409.6898053,4.744,4.652837331376797,2.75137633820588e-06,4.652837331377611,8.135714324453147e-13,0.0911626686223892,448.5769271850586,104.41374778747559
calibration,native_ds_rtk_delay_dryrun,native_ds,ds_range,1,2,M1-M2,1786379409.8809793,4.778,4.663781498649925,-0.019998660654630407,4.663824376365101,4.2877715175748676e-05,0.11417562363489875,257.4028968811035,355.8542728424072
calibration,native_ds_rtk_delay_dryrun,native_ds,ds_range,1,3,M1-M3,1786379409.8812544,4.813,4.897039240616357,-0.05999794734772668,4.897406770712677,0.0003675300963195127,-0.08440677071267721,257.1277618408203,499.16601181030273
calibration,native_ds_rtk_delay_dryrun,native_ds,ds_range,1,4,M1-M4,1786379409.8814883,5.205,5.1623146819971675,-0.02999907336241081,5.162401846075731,8.716407856379504e-05,0.0425981539242688,256.8938732147217,281.14986419677734
calibration,native_ds_rtk_delay_dryrun,native_ds,ds_range,1,5,M1-M5,1786379409.8835514,4.727,4.652837331376797,2.75137633820588e-06,4.652837331377611,8.135714324453147e-13,0.07416266862238974,254.83083724975586,89.33234214782715
calibration,native_ds_rtk_delay_dryrun,native_ds,ds_range,1,2,M1-M2,1786379410.001059,4.723,4.663781498649925,-0.019998660654630407,4.663824376365101,4.2877715175748676e-05,0.05917562363489903,137.32314109802246,235.77451705932617
calibration,native_ds_rtk_delay_dryrun,native_ds,ds_range,1,3,M1-M3,1786379410.0012987,4.779,4.897039240616357,-0.05999794734772668,4.897406770712677,0.0003675300963195127,-0.11840677071267702,137.0835304260254,619.2102432250977
calibration,native_ds_rtk_delay_dryrun,native_ds,ds_range,1,4,M1-M4,1786379410.006606,5.241,5.1623146819971675,-0.02999907336241081,5.162401846075731,8.716407856379504e-05,0.07859815392426839,131.7760944366455,406.2676429748535
calibration,native_ds_rtk_delay_dryrun,native_ds,ds_range,1,5,M1-M5,1786379410.0004826,4.738,4.652837331376797,2.75137633820588e-06,4.652837331377611,8.135714324453147e-13,0.08516266862238986,137.89963722229004,206.26354217529297
calibration,native_ds_rtk_delay_dryrun,native_ds,ds_range,1,2,M1-M2,1786379410.1198175,4.795,4.663781498649925,-0.019998660654630407,4.663824376365101,4.2877715175748676e-05,0.1311756236348991,18.564701080322266,117.01607704162598
calibration,native_ds_rtk_delay_dryrun,native_ds,ds_range,1,3,M1-M3,1786379410.12009,4.775,4.897039240616357,-0.05999794734772668,4.897406770712677,0.0003675300963195127,-0.12240677071267658,18.29218864440918,738.0015850067139
calibration,native_ds_rtk_delay_dryrun,native_ds,ds_range,1,4,M1-M4,1786379410.1211617,5.205,5.1623146819971675,-0.02999907336241081,5.162401846075731,8.716407856379504e-05,0.0425981539242688,17.220497131347656,520.8232402801514
calibration,native_ds_rtk_delay_dryrun,native_ds,ds_range,1,5,M1-M5,1786379410.0893097,4.74,4.652837331376797,2.75137633820588e-06,4.652837331377611,8.135714324453147e-13,0.08716266862238964,49.0725040435791,295.0906753540039
calibration,native_ds_rtk_delay_dryrun,native_ds,ds_range,1,2,M1-M2,1786379410.2565255,4.751,4.663781498649925,-0.019998660654630407,4.663824376365101,4.2877715175748676e-05,0.0871756236348995,118.14332008361816,19.691944122314453
calibration,native_ds_rtk_delay_dryrun,native_ds,ds_range,1,3,M1-M3,1786379410.256767,4.774,4.893571406106981,-0.04999794965424764,4.893826815656381,0.00025540954940073135,-0.11982681565638131,118.38483810424805,665.5099391937256
calibration,native_ds_rtk_delay_dryrun,native_ds,ds_range,1,4,M1-M4,1786379410.2569978,5.177,5.1623146819971675,-0.02999907336241081,5.162401846075731,8.716407856379504e-05,0.014598153924268331,118.61562728881836,656.6593647003174
calibration,native_ds_rtk_delay_dryrun,native_ds,ds_range,1,5,M1-M5,1786379410.2591522,4.727,4.652837331376797,2.75137633820588e-06,4.652837331377611,8.135714324453147e-13,0.07416266862238974,120.76997756958008,464.9331569671631
calibration,native_ds_rtk_delay_dryrun,native_ds,ds_range,1,2,M1-M2,1786379410.4249473,4.76,4.663781498649925,-0.019998660654630407,4.663824376365101,4.2877715175748676e-05,0.09617562363489895,286.56506538391113,188.11368942260742
calibration,native_ds_rtk_delay_dryrun,native_ds,ds_range,1,3,M1-M3,1786379410.4252088,4.772,4.893571406106981,-0.04999794965424764,4.893826815656381,0.00025540954940073135,-0.1218268156563811,286.82661056518555,497.0681667327881
calibration,native_ds_rtk_delay_dryrun,native_ds,ds_range,1,4,M1-M4,1786379410.393465,5.185,5.163202476521818,-0.029999072793653436,5.163289625609773,8.714908795504073e-05,0.02171037439022694,255.0828456878662,714.7562503814697
calibration,native_ds_rtk_delay_dryrun,native_ds,ds_range,1,5,M1-M5,1786379410.4243593,4.761,4.652837331376797,2.75137633820588e-06,4.652837331377611,8.135714324453147e-13,0.10816266862238955,285.9771251678467,630.1403045654297
calibration,native_ds_rtk_delay_dryrun,native_ds,ds_range,1,2,M1-M2,1786379410.5231326,4.787,4.663781498649925,-0.019998660654630407,4.663824376365101,4.2877715175748676e-05,0.12317562363489909,384.7503662109375,286.2989902496338
calibration,native_ds_rtk_delay_dryrun,native_ds,ds_range,1,3,M1-M3,1786379410.5506413,4.745,4.893571406106981,-0.04999794965424764,4.893826815656381,0.00025540954940073135,-0.14882681565638123,412.2591018676758,371.63567543029785
calibration,native_ds_rtk_delay_dryrun,native_ds,ds_range,1,4,M1-M4,1786379410.5508852,5.242,5.163202476521818,-0.029999072793653436,5.163289625609773,8.714908795504073e-05,0.07871037439022732,412.5030040740967,557.3360919952393
calibration,native_ds_rtk_delay_dryrun,native_ds,ds_range,1,2,M1-M2,1786379410.6589625,4.784,4.663781498649925,-0.019998660654630407,4.663824376365101,4.2877715175748676e-05,0.12017562363489898,520.5802917480469,422.12891578674316
calibration,native_ds_rtk_delay_dryrun,native_ds,ds_range,1,3,M1-M3,1786379410.6591966,4.752,4.893571406106981,-0.04999794965424764,4.893826815656381,0.00025540954940073135,-0.14182681565638156,520.8144187927246,263.080358505249
calibration,native_ds_rtk_delay_dryrun,native_ds,ds_range,1,4,M1-M4,1786379410.6238556,5.168,5.163202476521818,-0.029999072793653436,5.163289625609773,8.714908795504073e-05,0.004710374390227479,485.4733943939209,484.36570167541504
calibration,native_ds_rtk_delay_dryrun,native_ds,ds_range,1,5,M1-M5,1786379410.6583948,4.733,4.648698113741322,2.7461635481174085e-06,4.648698113742133,8.109068971862143e-13,0.08430188625786705,520.012617111206,699.8591423034668
calibration,native_ds_rtk_delay_dryrun,native_ds,ds_range,1,2,M1-M2,1786379410.7533383,4.768,4.66371869484358,-0.01999866108489956,4.663761573138006,4.287829442617408e-05,0.10423842686199336,614.9561405181885,421.28729820251465
calibration,native_ds_rtk_delay_dryrun,native_ds,ds_range,1,3,M1-M3,1786379410.753576,4.758,4.893571406106981,-0.04999794965424764,4.893826815656381,0.00025540954940073135,-0.13582681565638133,615.1938438415527,168.7009334564209
calibration,native_ds_rtk_delay_dryrun,native_ds,ds_range,1,4,M1-M4,1786379410.7819076,5.197,5.163202476521818,-0.029999072793653436,5.163289625609773,8.714908795504073e-05,0.03371037439022739,643.5253620147705,326.31373405456543
calibration,native_ds_rtk_delay_dryrun,native_ds,ds_range,1,5,M1-M5,1786379410.7821612,4.699,4.648698113741322,2.7461635481174085e-06,4.648698113742133,8.109068971862143e-13,0.050301886257867245,643.7790393829346,576.0927200317383
calibration,native_ds_rtk_delay_dryrun,native_ds,ds_range,1,5,M1-M5,1786379410.87527,4.74,4.648698113741322,2.7461635481174085e-06,4.648698113742133,8.109068971862143e-13,0.09130188625786761,736.8876934051514,482.9840660095215
calibration,native_ds_rtk_delay_dryrun,native_ds,ds_range,1,2,M1-M2,1786379411.2306025,4.739,4.660838216379146,-0.019998659388811624,4.660881121165577,4.290478643120821e-05,0.07811887883442292,724.0231037139893,55.97686767578125
calibration,native_ds_rtk_delay_dryrun,native_ds,ds_range,1,3,M1-M3,1786379411.2613292,4.792,4.89526057359209,-0.049997947958159705,4.8955158949966835,0.00025532140459372243,-0.10351589499668368,693.2964324951172,339.0522003173828
calibration,native_ds_rtk_delay_dryrun,native_ds,ds_range,1,4,M1-M4,1786379411.2613292,5.221,5.157065965564995,-0.0299990710975655,5.157153218342028,8.725277703280909e-05,0.06384678165797197,693.2964324951172,153.1078815460205
calibration,native_ds_rtk_delay_dryrun,native_ds,ds_range,1,5,M1-M5,1786379411.2617848,4.765,4.6549480999578385,2.747859636054173e-06,4.654948099958649,8.109068971862143e-13,0.11005190004135024,692.8408145904541,96.46916389465332
calibration,native_ds_rtk_delay_dryrun,native_ds,ds_range,1,2,M1-M2,1786379411.3781796,4.739,4.660838216379146,-0.019998659388811624,4.660881121165577,4.290478643120821e-05,0.07811887883442292,576.4460563659668,203.5539150238037
calibration,native_ds_rtk_delay_dryrun,native_ds,ds_range,1,3,M1-M3,1786379411.3784428,4.789,4.89526057359209,-0.049997947958159705,4.8955158949966835,0.00025532140459372243,-0.10651589499668379,576.1828422546387,456.1657905578613
calibration,native_ds_rtk_delay_dryrun,native_ds,ds_range,1,4,M1-M4,1786379411.378675,5.227,5.157065965564995,-0.0299990710975655,5.157153218342028,8.725277703280909e-05,0.0698467816579722,575.9506225585938,270.45369148254395
calibration,native_ds_rtk_delay_dryrun,native_ds,ds_range,1,5,M1-M5,1786379411.3504856,4.751,4.6549480999578385,2.747859636054173e-06,4.654948099958649,8.109068971862143e-13,0.09605190004135089,604.140043258667,7.768392562866211
calibration,native_ds_rtk_delay_dryrun,native_ds,ds_range,1,2,M1-M2,1786379411.4934292,4.778,4.660838216379146,-0.019998659388811624,4.660881121165577,4.290478643120821e-05,0.11711887883442262,461.1964225769043,318.8035488128662
calibration,native_ds_rtk_delay_dryrun,native_ds,ds_range,1,3,M1-M3,1786379411.483376,4.754,4.89526057359209,-0.049997947958159705,4.8955158949966835,0.00025532140459372243,-0.14151589499668393,471.2495803833008,561.0990524291992
calibration,native_ds_rtk_delay_dryrun,native_ds,ds_range,1,4,M1-M4,1786379411.4836419,5.212,5.157065965564995,-0.0299990710975655,5.157153218342028,8.725277703280909e-05,0.05484678165797163,470.98374366760254,375.42057037353516
calibration,native_ds_rtk_delay_dryrun,native_ds,ds_range,1,5,M1-M5,1786379411.483867,4.74,4.6549480999578385,2.747859636054173e-06,4.654948099958649,8.109068971862143e-13,0.08505190004135077,470.75867652893066,125.61297416687012
calibration,native_ds_rtk_delay_dryrun,native_ds,ds_range,1,2,M1-M2,1786379411.5831892,4.768,4.660838216379146,-0.019998659388811624,4.660881121165577,4.290478643120821e-05,0.10711887883442284,371.43635749816895,408.56361389160156
calibration,native_ds_rtk_delay_dryrun,native_ds,ds_range,1,3,M1-M3,1786379411.6149707,4.791,4.89526057359209,-0.049997947958159705,4.8955158949966835,0.00025532140459372243,-0.10451589499668312,339.65492248535156,692.6937103271484
calibration,native_ds_rtk_delay_dryrun,native_ds,ds_range,1,4,M1-M4,1786379411.6152081,5.247,5.157065965564995,-0.0299990710975655,5.157153218342028,8.725277703280909e-05,0.08984678165797177,339.4174575805664,506.9868564605713
calibration,native_ds_rtk_delay_dryrun,native_ds,ds_range,1,5,M1-M5,1786379411.6152081,4.743,4.6549480999578385,2.747859636054173e-06,4.654948099958649,8.109068971862143e-13,0.08805190004135088,339.4174575805664,256.9541931152344
calibration,native_ds_rtk_delay_dryrun,native_ds,ds_range,1,2,M1-M2,1786379411.6696472,4.726,4.660838216379146,-0.019998659388811624,4.660881121165577,4.290478643120821e-05,0.06511887883442302,284.97838973999023,495.0215816497803
calibration,native_ds_rtk_delay_dryrun,native_ds,ds_range,1,3,M1-M3,1786379411.6984208,4.766,4.9017275364044055,-0.06999794360867895,4.902227305343424,0.0004997689390187077,-0.1362273053434242,256.20484352111816,697.584867477417
calibration,native_ds_rtk_delay_dryrun,native_ds,ds_range,1,4,M1-M4,1786379411.6986592,5.213,5.157065965564995,-0.0299990710975655,5.157153218342028,8.725277703280909e-05,0.05584678165797197,255.9664249420166,590.4378890991211
calibration,native_ds_rtk_delay_dryrun,native_ds,ds_range,1,5,M1-M5,1786379411.6988926,4.755,4.6549480999578385,2.747859636054173e-06,4.654948099958649,8.109068971862143e-13,0.10005190004135045,255.73301315307617,340.6386375427246
calibration,native_ds_rtk_delay_dryrun,native_ds,ds_range,1,2,M1-M2,1786379411.820352,4.768,4.660838216379146,-0.019998659388811624,4.660881121165577,4.290478643120821e-05,0.10711887883442284,134.27352905273438,645.7264423370361
calibration,native_ds_rtk_delay_dryrun,native_ds,ds_range,1,3,M1-M3,1786379411.8206017,4.808,4.9017275364044055,-0.06999794360867895,4.902227305343424,0.0004997689390187077,-0.09422730534342438,134.02390480041504,575.4039287567139
calibration,native_ds_rtk_delay_dryrun,native_ds,ds_range,1,4,M1-M4,1786379411.8208284,5.244,5.157065965564995,-0.0299990710975655,5.157153218342028,8.725277703280909e-05,0.08684678165797166,133.79716873168945,712.6071453094482
calibration,native_ds_rtk_delay_dryrun,native_ds,ds_range,1,5,M1-M5,1786379411.793807,4.738,4.6549480999578385,2.747859636054173e-06,4.654948099958649,8.109068971862143e-13,0.08305190004135099,160.81857681274414,435.55307388305664
calibration,native_ds_rtk_delay_dryrun,native_ds,ds_range,1,3,M1-M3,1786379411.9418921,4.788,4.9017275364044055,-0.06999794360867895,4.902227305343424,0.0004997689390187077,-0.11422730534342396,12.73345947265625,454.1134834289551
calibration,native_ds_rtk_delay_dryrun,native_ds,ds_range,1,4,M1-M4,1786379411.911805,5.172,5.154616814765756,-0.029999072659539827,5.154704109008227,8.729424247100326e-05,0.017295890991772644,42.82069206237793,675.0209331512451
calibration,native_ds_rtk_delay_dryrun,native_ds,ds_range,1,5,M1-M5,1786379411.9400094,4.759,4.6549480999578385,2.747859636054173e-06,4.654948099958649,8.109068971862143e-13,0.1040519000413509,14.616250991821289,581.7553997039795
calibration,native_ds_rtk_delay_dryrun,native_ds,ds_range,1,3,M1-M3,1786379412.0386915,4.809,4.9017275364044055,-0.06999794360867895,4.902227305343424,0.0004997689390187077,-0.09322730534342405,84.06591415405273,357.3141098022461
calibration,native_ds_rtk_delay_dryrun,native_ds,ds_range,1,4,M1-M4,1786379412.0389302,5.156,5.154616814765756,-0.029999072659539827,5.154704109008227,8.729424247100326e-05,0.0012958909917726302,84.3045711517334,547.8956699371338
calibration,native_ds_rtk_delay_dryrun,native_ds,ds_range,1,5,M1-M5,1786379412.048102,4.755,4.6549480999578385,2.747859636054173e-06,4.654948099958649,8.109068971862143e-13,0.10005190004135045,93.4762954711914,689.8479461669922
calibration,native_ds_rtk_delay_dryrun,native_ds,ds_range,1,3,M1-M3,1786379412.1643653,4.797,4.9017275364044055,-0.06999794360867895,4.902227305343424,0.0004997689390187077,-0.1052273053434245,209.73968505859375,231.64033889770508
calibration,native_ds_rtk_delay_dryrun,native_ds,ds_range,1,4,M1-M4,1786379412.128511,5.2,5.154616814765756,-0.029999072659539827,5.154704109008227,8.729424247100326e-05,0.04529589099177311,173.88534545898438,458.3148956298828
calibration,native_ds_rtk_delay_dryrun,native_ds,ds_range,1,5,M1-M5,1786379412.1607218,4.76,4.654747017541343,2.7487573056594883e-06,4.654747017542155,8.117950756059145e-13,0.10525298245784498,206.09617233276367,612.4625205993652
calibration,native_ds_rtk_delay_dryrun,native_ds,ds_range,1,3,M1-M3,1786379412.2405064,4.814,4.9017275364044055,-0.06999794360867895,4.902227305343424,0.0004997689390187077,-0.08822730534342416,285.88080406188965,155.49921989440918
calibration,native_ds_rtk_delay_dryrun,native_ds,ds_range,1,4,M1-M4,1786379412.2416174,5.214,5.154616814765756,-0.029999072659539827,5.154704109008227,8.729424247100326e-05,0.05929589099177335,286.99183464050293,345.20840644836426
calibration,native_ds_rtk_delay_dryrun,native_ds,ds_range,1,5,M1-M5,1786379412.252929,4.739,4.654747017541343,2.7487573056594883e-06,4.654747017542155,8.117950756059145e-13,0.08425298245784507,298.30336570739746,520.2553272247314
calibration,native_ds_rtk_delay_dryrun,native_ds,ds_range,1,3,M1-M3,1786379412.3408482,4.77,4.9017275364044055,-0.06999794360867895,4.902227305343424,0.0004997689390187077,-0.13222730534342464,386.22260093688965,55.15742301940918
calibration,native_ds_rtk_delay_dryrun,native_ds,ds_range,1,4,M1-M4,1786379412.3658955,5.231,5.154616814765756,-0.029999072659539827,5.154704109008227,8.729424247100326e-05,0.07629589099177281,411.2699031829834,220.9303379058838
calibration,native_ds_rtk_delay_dryrun,native_ds,ds_range,1,5,M1-M5,1786379412.3658955,4.755,4.654747017541343,2.7487573056594883e-06,4.654747017542155,8.117950756059145e-13,0.10025298245784509,411.2699031829834,407.2887897491455
calibration,native_ds_rtk_delay_dryrun,native_ds,ds_range,1,3,M1-M3,1786379412.4623115,4.755,4.9017275364044055,-0.06999794360867895,4.902227305343424,0.0004997689390187077,-0.14722730534342432,507.68589973449707,66.30587577819824
calibration,native_ds_rtk_delay_dryrun,native_ds,ds_range,1,4,M1-M4,1786379412.4683874,5.213,5.154616814765756,-0.029999072659539827,5.154704109008227,8.729424247100326e-05,0.058295890991773014,513.7617588043213,118.4384822845459
calibration,native_ds_rtk_delay_dryrun,native_ds,ds_range,1,5,M1-M5,1786379412.4342399,4.77,4.654747017541343,2.7487573056594883e-06,4.654747017542155,8.117950756059145e-13,0.11525298245784477,479.6142578125,338.9444351196289
calibration,native_ds_rtk_delay_dryrun,native_ds,ds_range,1,3,M1-M3,1786379412.6143665,4.758,4.9036472650561365,-0.06999794312129937,4.904146838353613,0.0004995732974766298,-0.14614683835361308,548.4051704406738,218.36090087890625
calibration,native_ds_rtk_delay_dryrun,native_ds,ds_range,1,4,M1-M4,1786379412.6146195,5.192,5.153393427035101,-0.029999072172160246,5.153480741997565,8.731496246383585e-05,0.038519258002435386,548.1522083282471,27.79364585876465
calibration,native_ds_rtk_delay_dryrun,native_ds,ds_range,1,5,M1-M5,1786379412.5910406,4.723,4.656088575664314,2.749244685240626e-06,4.656088575665126,8.117950756059145e-13,0.06691142433487407,571.7310905456543,182.1436882019043
calibration,native_ds_rtk_delay_dryrun,native_ds,ds_range,1,2,M1-M2,1786379412.7254417,4.685,4.658686752838305,-0.019998658901432043,4.658729677436647,4.29245983424309e-05,0.026270322563352266,437.3300075531006,678.6715984344482
calibration,native_ds_rtk_delay_dryrun,native_ds,ds_range,1,3,M1-M3,1786379412.7358859,4.768,4.9036472650561365,-0.06999794312129937,4.904146838353613,0.0004995732974766298,-0.1361468383536133,426.88584327697754,339.88022804260254
calibration,native_ds_rtk_delay_dryrun,native_ds,ds_range,1,4,M1-M4,1786379412.723904,5.221,5.153393427035101,-0.029999072172160246,5.153480741997565,8.731496246383585e-05,0.0675192580024353,438.86780738830566,137.07804679870605
calibration,native_ds_rtk_delay_dryrun,native_ds,ds_range,1,5,M1-M5,1786379412.724182,4.739,4.656088575664314,2.749244685240626e-06,4.656088575665126,8.117950756059145e-13,0.08291142433487408,438.58981132507324,49.00240898132324
calibration,native_ds_rtk_delay_dryrun,native_ds,ds_range,1,2,M1-M2,1786379412.867953,4.727,4.658686752838305,-0.019998658901432043,4.658729677436647,4.29245983424309e-05,0.06827032256335297,294.818639755249,536.1602306365967
calibration,native_ds_rtk_delay_dryrun,native_ds,ds_range,1,3,M1-M3,1786379412.868433,4.764,4.9036472650561365,-0.06999794312129937,4.904146838353613,0.0004995732974766298,-0.14014683835361286,294.3387031555176,472.4273681640625
calibration,native_ds_rtk_delay_dryrun,native_ds,ds_range,1,4,M1-M4,1786379412.8401809,5.19,5.153393427035101,-0.029999072172160246,5.153480741997565,8.731496246383585e-05,0.036519258002435606,322.59082794189453,253.3550262451172
calibration,native_ds_rtk_delay_dryrun,native_ds,ds_range,1,5,M1-M5,1786379412.8451514,4.779,4.656088575664314,2.749244685240626e-06,4.656088575665126,8.117950756059145e-13,0.12291142433487412,317.62027740478516,71.96712493896484
calibration,native_ds_rtk_delay_dryrun,native_ds,ds_range,1,2,M1-M2,1786379412.9478912,4.797,4.658686752838305,-0.019998658901432043,4.658729677436647,4.29245983424309e-05,0.13827032256335237,214.88046646118164,456.2220573425293
calibration,native_ds_rtk_delay_dryrun,native_ds,ds_range,1,3,M1-M3,1786379412.9130015,4.745,4.9036472650561365,-0.06999794312129937,4.904146838353613,0.0004995732974766298,-0.15914683835361298,249.7701644897461,516.995906829834
calibration,native_ds_rtk_delay_dryrun,native_ds,ds_range,1,4,M1-M4,1786379412.943421,5.229,5.153393427035101,-0.029999072172160246,5.153480741997565,8.731496246383585e-05,0.07551925800243531,219.35081481933594,356.5950393676758
calibration,native_ds_rtk_delay_dryrun,native_ds,ds_range,1,5,M1-M5,1786379412.9436657,4.755,4.656088575664314,2.749244685240626e-06,4.656088575665126,8.117950756059145e-13,0.0989114243348741,219.10595893859863,170.48144340515137
calibration,native_ds_rtk_delay_dryrun,native_ds,ds_range,1,2,M1-M2,1786379413.0401235,4.716,4.658686752838305,-0.019998658901432043,4.658729677436647,4.29245983424309e-05,0.05727032256335285,122.64823913574219,363.98983001708984
calibration,native_ds_rtk_delay_dryrun,native_ds,ds_range,1,3,M1-M3,1786379413.0109737,4.741,4.9036472650561365,-0.06999794312129937,4.904146838353613,0.0004995732974766298,-0.16314683835361343,151.79800987243652,614.9680614471436
calibration,native_ds_rtk_delay_dryrun,native_ds,ds_range,1,4,M1-M4,1786379413.0129106,5.201,5.153393427035101,-0.029999072172160246,5.153480741997565,8.731496246383585e-05,0.04751925800243484,149.86109733581543,426.0847568511963
calibration,native_ds_rtk_delay_dryrun,native_ds,ds_range,1,5,M1-M5,1786379413.0396297,4.718,4.656088575664314,2.749244685240626e-06,4.656088575665126,8.117950756059145e-13,0.06191142433487418,123.14200401306152,266.4453983306885
calibration,native_ds_rtk_delay_dryrun,native_ds,ds_range,1,2,M1-M2,1786379413.144771,4.73,4.658686752838305,-0.019998658901432043,4.658729677436647,4.29245983424309e-05,0.07127032256335308,18.00060272216797,259.3421936035156
calibration,native_ds_rtk_delay_dryrun,native_ds,ds_range,1,3,M1-M3,1786379413.1450517,4.77,4.896127404307922,-0.04999794917227951,4.89638268052411,0.0002552762161878164,-0.1263826805241104,17.71998405456543,688.8167858123779
calibration,native_ds_rtk_delay_dryrun,native_ds,ds_range,1,4,M1-M4,1786379413.1456015,5.187,5.153393427035101,-0.029999072172160246,5.153480741997565,8.731496246383585e-05,0.03351925800243549,17.170190811157227,558.7756633758545
calibration,native_ds_rtk_delay_dryrun,native_ds,ds_range,1,5,M1-M5,1786379413.153758,4.731,4.656088575664314,2.749244685240626e-06,4.656088575665126,8.117950756059145e-13,0.07491142433487408,9.013652801513672,380.5737495422363
calibration,native_ds_rtk_delay_dryrun,native_ds,ds_range,1,2,M1-M2,1786379413.28027,4.733,4.658686752838305,-0.019998658901432043,4.658729677436647,4.29245983424309e-05,0.07427032256335231,117.49839782714844,123.84319305419922
calibration,native_ds_rtk_delay_dryrun,native_ds,ds_range,1,3,M1-M3,1786379413.2805345,4.771,4.896127404307922,-0.04999794917227951,4.89638268052411,0.0002552762161878164,-0.12538268052411006,117.76280403137207,553.3339977264404
calibration,native_ds_rtk_delay_dryrun,native_ds,ds_range,1,4,M1-M4,1786379413.2805345,5.208,5.153393427035101,-0.029999072172160246,5.153480741997565,8.731496246383585e-05,0.0545192580024354,117.76280403137207,693.7086582183838
calibration,native_ds_rtk_delay_dryrun,native_ds,ds_range,1,5,M1-M5,1786379413.2448874,4.739,4.656088575664314,2.749244685240626e-06,4.656088575665126,8.117950756059145e-13,0.08291142433487408,82.11565017700195,471.70305252075195
calibration,native_ds_rtk_delay_dryrun,native_ds,ds_range,1,2,M1-M2,1786379413.344606,4.7,4.658686752838305,-0.019998658901432043,4.658729677436647,4.29245983424309e-05,0.041270322563352835,181.83422088623047,59.50736999511719
calibration,native_ds_rtk_delay_dryrun,native_ds,ds_range,1,3,M1-M3,1786379413.3686259,4.805,4.896127404307922,-0.04999794917227951,4.89638268052411,0.0002552762161878164,-0.09138268052411025,205.8541774749756,465.2426242828369
calibration,native_ds_rtk_delay_dryrun,native_ds,ds_range,1,4,M1-M4,1786379413.368862,5.256,5.157404040177068,-0.019999069708501654,5.1574428156232575,3.877544618902107e-05,0.09855718437674277,206.09021186828613,736.0835075378418
calibration,native_ds_rtk_delay_dryrun,native_ds,ds_range,1,5,M1-M5,1786379413.3748636,4.718,4.656088575664314,2.749244685240626e-06,4.656088575665126,8.117950756059145e-13,0.06191142433487418,212.09192276000977,601.6793251037598
calibration,native_ds_rtk_delay_dryrun,native_ds,ds_range,1,2,M1-M2,1786379413.5008082,4.724,4.658686752838305,-0.019998658901432043,4.658729677436647,4.29245983424309e-05,0.06527032256335286,338.03653717041016,96.6949462890625
calibration,native_ds_rtk_delay_dryrun,native_ds,ds_range,1,3,M1-M3,1786379413.5008082,4.761,4.896127404307922,-0.04999794917227951,4.89638268052411,0.0002552762161878164,-0.13538268052410984,338.03653717041016,333.06026458740234
calibration,native_ds_rtk_delay_dryrun,native_ds,ds_range,1,4,M1-M4,1786379413.5013065,5.235,5.157404040177068,-0.019999069708501654,5.1574428156232575,3.877544618902107e-05,0.07755718437674286,338.5348320007324,603.6388874053955
calibration,native_ds_rtk_delay_dryrun,native_ds,ds_range,1,5,M1-M5,1786379413.4737394,4.724,4.656088575664314,2.749244685240626e-06,4.656088575665126,8.117950756059145e-13,0.0679114243348744,310.96768379211426,700.5550861358643
calibration,native_ds_rtk_delay_dryrun,native_ds,ds_range,1,2,M1-M2,1786379413.567189,4.723,4.658686752838305,-0.019998658901432043,4.658729677436647,4.29245983424309e-05,0.06427032256335252,404.4172763824463,163.07568550109863
calibration,native_ds_rtk_delay_dryrun,native_ds,ds_range,1,3,M1-M3,1786379413.5772111,4.802,4.896127404307922,-0.04999794917227951,4.89638268052411,0.0002552762161878164,-0.09438268052411036,414.43943977355957,256.65736198425293
calibration,native_ds_rtk_delay_dryrun,native_ds,ds_range,1,4,M1-M4,1786379413.60091,5.224,5.157404040177068,-0.019999069708501654,5.1574428156232575,3.877544618902107e-05,0.06655718437674274,438.1382465362549,504.03547286987305
calibration,native_ds_rtk_delay_dryrun,native_ds,ds_range,1,5,M1-M5,1786379413.6011465,4.678,4.656288676014612,2.7483470156353107e-06,4.656288676015423,8.109068971862143e-13,0.021711323984576758,438.37475776672363,717.4954414367676
calibration,native_ds_rtk_delay_dryrun,native_ds,ds_range,1,2,M1-M2,1786379413.7222035,4.775,4.658686752838305,-0.019998658901432043,4.658729677436647,4.29245983424309e-05,0.11627032256335301,559.431791305542,318.09020042419434
calibration,native_ds_rtk_delay_dryrun,native_ds,ds_range,1,3,M1-M3,1786379413.7224765,4.801,4.896127404307922,-0.04999794917227951,4.89638268052411,0.0002552762161878164,-0.09538268052410981,559.7047805786133,111.39202117919922
calibration,native_ds_rtk_delay_dryrun,native_ds,ds_range,1,4,M1-M4,1786379413.7224765,5.227,5.157404040177068,-0.019999069708501654,5.1574428156232575,3.877544618902107e-05,0.06955718437674285,559.7047805786133,382.46893882751465
calibration,native_ds_rtk_delay_dryrun,native_ds,ds_range,1,5,M1-M5,1786379413.6934154,4.752,4.656288676014612,2.7483470156353107e-06,4.656288676015423,8.109068971862143e-13,0.0957113239845766,530.6437015533447,625.2264976501465
calibration,native_ds_rtk_delay_dryrun,native_ds,ds_range,1,2,M1-M2,1786379413.822645,4.714,4.658686752838305,-0.019998658901432043,4.658729677436647,4.29245983424309e-05,0.05527032256335307,659.8732471466064,418.5316562652588
calibration,native_ds_rtk_delay_dryrun,native_ds,ds_range,1,3,M1-M3,1786379413.8246167,4.791,4.896127404307922,-0.04999794917227951,4.89638268052411,0.0002552762161878164,-0.1053826805241096,661.8449687957764,9.251832962036133
calibration,native_ds_rtk_delay_dryrun,native_ds,ds_range,1,4,M1-M4,1786379413.7949438,5.251,5.157404040177068,-0.019999069708501654,5.1574428156232575,3.877544618902107e-05,0.09355718437674287,632.1721076965332,310.0016117095947
calibration,native_ds_rtk_delay_dryrun,native_ds,ds_range,1,5,M1-M5,1786379413.8220766,4.771,4.656288676014612,2.7483470156353107e-06,4.656288676015423,8.109068971862143e-13,0.11471132398457673,659.3048572540283,496.5653419494629
calibration,native_ds_rtk_delay_dryrun,native_ds,ds_range,1,2,M1-M2,1786379413.942261,4.749,4.65849566735891,-0.009998659394042264,4.658506397547546,1.0730188636287608e-05,0.09049360245245364,686.5689754486084,391.16740226745605
calibration,native_ds_rtk_delay_dryrun,native_ds,ds_range,1,3,M1-M3,1786379413.9425232,4.771,4.896996159667716,-0.049997949938071884,4.897251390606609,0.00025523093889301407,-0.12625139060660917,686.3067150115967,108.65473747253418
calibration,native_ds_rtk_delay_dryrun,native_ds,ds_range,1,4,M1-M4,1786379413.9427493,5.239,5.160530197903242,-0.01999907047429403,5.160568949863097,3.875195985525437e-05,0.07843105013690277,686.0806941986084,162.19615936279297
calibration,native_ds_rtk_delay_dryrun,native_ds,ds_range,1,5,M1-M5,1786379413.907908,4.754,4.653205397462368,2.747581223261353e-06,4.653205397463179,8.109068971862143e-13,0.10079460253682093,720.9219932556152,410.7339382171631
calibration,native_ds_rtk_delay_dryrun,native_ds,ds_range,1,2,M1-M2,1786379414.0097742,4.783,4.65849566735891,-0.009998659394042264,4.658506397547546,1.0730188636287608e-05,0.12449360245245433,619.0557479858398,323.6541748046875
calibration,native_ds_rtk_delay_dryrun,native_ds,ds_range,1,3,M1-M3,1786379414.0190787,4.77,4.896996159667716,-0.049997949938071884,4.897251390606609,0.00025523093889301407,-0.1272513906066095,609.7512245178223,185.2102279663086
calibration,native_ds_rtk_delay_dryrun,native_ds,ds_range,1,4,M1-M4,1786379414.0355217,5.224,5.160530197903242,-0.01999907047429403,5.160568949863097,3.875195985525437e-05,0.06343105013690309,593.3082103729248,69.42367553710938
calibration,native_ds_rtk_delay_dryrun,native_ds,ds_range,1,5,M1-M5,1786379414.039472,4.754,4.653205397462368,2.747581223261353e-06,4.653205397463179,8.109068971862143e-13,0.10079460253682093,589.357852935791,279.16979789733887
calibration,native_ds_rtk_delay_dryrun,native_ds,ds_range,1,2,M1-M2,1786379414.1469848,4.708,4.65849566735891,-0.009998659394042264,4.658506397547546,1.0730188636287608e-05,0.049493602452454155,481.8451404571533,186.44356727600098
calibration,native_ds_rtk_delay_dryrun,native_ds,ds_range,1,3,M1-M3,1786379414.1067712,4.786,4.896996159667716,-0.049997949938071884,4.897251390606609,0.00025523093889301407,-0.11125139060660949,522.0587253570557,272.9027271270752
calibration,native_ds_rtk_delay_dryrun,native_ds,ds_range,1,4,M1-M4,1786379414.1459246,5.183,5.160530197903242,-0.01999907047429403,5.160568949863097,3.875195985525437e-05,0.02243105013690272,482.90538787841797,40.97914695739746
calibration,native_ds_rtk_delay_dryrun,native_ds,ds_range,1,5,M1-M5,1786379414.1462834,4.755,4.653205397462368,2.747581223261353e-06,4.653205397463179,8.109068971862143e-13,0.10179460253682127,482.5465679168701,172.35851287841797
calibration,native_ds_rtk_delay_dryrun,native_ds,ds_range,1,2,M1-M2,1786379414.267702,4.774,4.65849566735891,-0.009998659394042264,4.658506397547546,1.0730188636287608e-05,0.11549360245245399,361.1278533935547,65.72628021240234
calibration,native_ds_rtk_delay_dryrun,native_ds,ds_range,1,3,M1-M3,1786379414.2679503,4.759,4.896996159667716,-0.049997949938071884,4.897251390606609,0.00025523093889301407,-0.13825139060660874,360.87965965270996,434.0817928314209
calibration,native_ds_rtk_delay_dryrun,native_ds,ds_range,1,4,M1-M4,1786379414.2379706,5.268,5.160530197903242,-0.01999907047429403,5.160568949863097,3.875195985525437e-05,0.10743105013690268,390.85936546325684,133.0251693725586
calibration,native_ds_rtk_delay_dryrun,native_ds,ds_range,1,5,M1-M5,1786379414.238215,4.738,4.653205397462368,2.747581223261353e-06,4.653205397463179,8.109068971862143e-13,0.0847946025368218,390.61498641967773,80.42693138122559
calibration,native_ds_rtk_delay_dryrun,native_ds,ds_range,1,2,M1-M2,1786379414.3776546,4.769,4.65849566735891,-0.009998659394042264,4.658506397547546,1.0730188636287608e-05,0.1104936024524541,251.1754035949707,44.22616958618164
calibration,native_ds_rtk_delay_dryrun,native_ds,ds_range,1,3,M1-M3,1786379414.3779564,4.798,4.896996159667716,-0.049997949938071884,4.897251390606609,0.00025523093889301407,-0.09925139060660904,250.87356567382812,544.0878868103027
calibration,native_ds_rtk_delay_dryrun,native_ds,ds_range,1,4,M1-M4,1786379414.3800294,5.154,5.160530197903242,-0.01999907047429403,5.160568949863097,3.875195985525437e-05,-0.006568949863097195,248.80051612854004,275.0840187072754
calibration,native_ds_rtk_delay_dryrun,native_ds,ds_range,1,5,M1-M5,1786379414.349225,4.759,4.653205397462368,2.747581223261353e-06,4.653205397463179,8.109068971862143e-13,0.10579460253682171,279.6049118041992,30.58314323425293
calibration,native_ds_rtk_delay_dryrun,native_ds,ds_range,1,2,M1-M2,1786379414.5003226,4.784,4.65849566735891,-0.009998659394042264,4.658506397547546,1.0730188636287608e-05,0.12549360245245378,128.5073757171631,166.89419746398926
calibration,native_ds_rtk_delay_dryrun,native_ds,ds_range,1,3,M1-M3,1786379414.5014827,4.773,4.896996159667716,-0.049997949938071884,4.897251390606609,0.00025523093889301407,-0.12425139060660939,127.34723091125488,667.614221572876
calibration,native_ds_rtk_delay_dryrun,native_ds,ds_range,1,4,M1-M4,1786379414.468371,5.161,5.160530197903242,-0.01999907047429403,5.160568949863097,3.875195985525437e-05,0.00043105013690247773,160.45904159545898,363.42549324035645
calibration,native_ds_rtk_delay_dryrun,native_ds,ds_range,1,5,M1-M5,1786379414.4997604,4.744,4.653205397462368,2.747581223261353e-06,4.653205397463179,8.109068971862143e-13,0.09079460253682115,129.06956672668457,181.11848831176758
calibration,native_ds_rtk_delay_dryrun,native_ds,ds_range,1,2,M1-M2,1786379414.6453986,4.773,4.65849566735891,-0.009998659394042264,4.658506397547546,1.0730188636287608e-05,0.11449360245245366,16.568660736083984,311.9702339172363
calibration,native_ds_rtk_delay_dryrun,native_ds,ds_range,1,3,M1-M3,1786379414.6453986,4.765,4.895275170356095,-0.049997950855919016,4.895530491029005,0.00025532067290967575,-0.13053049102900527,16.568660736083984,676.4039993286133
calibration,native_ds_rtk_delay_dryrun,native_ds,ds_range,1,4,M1-M4,1786379414.624709,5.194,5.160530197903242,-0.01999907047429403,5.160568949863097,3.875195985525437e-05,0.03343105013690284,4.121065139770508,519.7634696960449
calibration,native_ds_rtk_delay_dryrun,native_ds,ds_range,1,5,M1-M5,1786379414.6249883,4.77,4.653205397462368,2.747581223261353e-06,4.653205397463179,8.109068971862143e-13,0.11679460253682095,3.8416385650634766,306.3464164733887
calibration,native_ds_rtk_delay_dryrun,native_ds,ds_range,1,2,M1-M2,1786379414.7475421,4.729,4.65849566735891,-0.009998659394042264,4.658506397547546,1.0730188636287608e-05,0.07049360245245406,118.71218681335449,414.11375999450684
calibration,native_ds_rtk_delay_dryrun,native_ds,ds_range,1,3,M1-M3,1786379414.747802,4.75,4.895275170356095,-0.049997950855919016,4.895530491029005,0.00025532067290967575,-0.14553049102900495,118.9720630645752,574.0005970001221
calibration,native_ds_rtk_delay_dryrun,native_ds,ds_range,1,4,M1-M4,1786379414.748021,5.194,5.160530197903242,-0.01999907047429403,5.160568949863097,3.875195985525437e-05,0.03343105013690284,119.19093132019043,643.0754661560059
calibration,native_ds_rtk_delay_dryrun,native_ds,ds_range,1,5,M1-M5,1786379414.7118762,4.731,4.653205397462368,2.747581223261353e-06,4.653205397463179,8.109068971862143e-13,0.07779460253682124,83.04619789123535,393.2342529296875
calibration,native_ds_rtk_delay_dryrun,native_ds,ds_range,1,2,M1-M2,1786379414.8682108,4.757,4.65849566735891,-0.009998659394042264,4.658506397547546,1.0730188636287608e-05,0.09849360245245364,239.3808364868164,534.7824096679688
calibration,native_ds_rtk_delay_dryrun,native_ds,ds_range,1,3,M1-M3,1786379414.8378093,4.757,4.895275170356095,-0.049997950855919016,4.895530491029005,0.00025532067290967575,-0.13853049102900528,208.97936820983887,483.9932918548584
calibration,native_ds_rtk_delay_dryrun,native_ds,ds_range,1,4,M1-M4,1786379414.865886,5.233,5.155517915940663,-0.019999072908137017,5.155556705584989,3.878964432590948e-05,0.0774432944150103,237.05601692199707,703.2876014709473
calibration,native_ds_rtk_delay_dryrun,native_ds,ds_range,1,5,M1-M5,1786379414.866159,4.76,4.653205397462368,2.747581223261353e-06,4.653205397463179,8.109068971862143e-13,0.10679460253682116,237.32900619506836,547.5170612335205
calibration,native_ds_rtk_delay_dryrun,native_ds,ds_range,1,2,M1-M2,1786379415.0309522,4.789,4.65849566735891,-0.009998659394042264,4.658506397547546,1.0730188636287608e-05,0.13049360245245367,402.12225914001465,697.523832321167
calibration,native_ds_rtk_delay_dryrun,native_ds,ds_range,1,3,M1-M3,1786379415.0324838,4.761,4.895275170356095,-0.049997950855919016,4.895530491029005,0.00025532067290967575,-0.13453049102900483,403.6538600921631,289.3187999725342
calibration,native_ds_rtk_delay_dryrun,native_ds,ds_range,1,4,M1-M4,1786379415.006376,5.253,5.155517915940663,-0.019999072908137017,5.155556705584989,3.878964432590948e-05,0.09744329441501076,377.5460720062256,562.7975463867188
calibration,native_ds_rtk_delay_dryrun,native_ds,ds_range,1,5,M1-M5,1786379415.0087874,4.743,4.653205397462368,2.747581223261353e-06,4.653205397463179,8.109068971862143e-13,0.0897946025368217,379.9574375152588,690.1454925537109
calibration,native_ds_rtk_delay_dryrun,native_ds,ds_range,1,3,M1-M3,1786379415.128345,4.813,4.895275170356095,-0.049997950855919016,4.895530491029005,0.00025532067290967575,-0.08253049102900523,499.5150566101074,193.45760345458984
calibration,native_ds_rtk_delay_dryrun,native_ds,ds_range,1,4,M1-M4,1786379415.133177,5.201,5.155517915940663,-0.019999072908137017,5.155556705584989,3.878964432590948e-05,0.04544329441501027,504.3470859527588,435.99653244018555
calibration,native_ds_rtk_delay_dryrun,native_ds,ds_range,1,5,M1-M5,1786379415.0987968,4.755,4.657430933794714,0.010002753005354081,4.657441675226389,1.0741431674787805e-05,0.09755832477361093,469.9668884277344,733.3612442016602
calibration,native_ds_rtk_delay_dryrun,native_ds,ds_range,1,3,M1-M3,1786379415.2204056,4.787,4.895275170356095,-0.049997950855919016,4.895530491029005,0.00025532067290967575,-0.10853049102900503,591.5756225585938,101.39703750610352
calibration,native_ds_rtk_delay_dryrun,native_ds,ds_range,1,4,M1-M4,1786379415.2227137,5.246,5.155517915940663,-0.019999072908137017,5.155556705584989,3.878964432590948e-05,0.09044329441501109,593.883752822876,346.45986557006836
calibration,native_ds_rtk_delay_dryrun,native_ds,ds_range,1,5,M1-M5,1786379415.191881,4.753,4.657430933794714,0.010002753005354081,4.657441675226389,1.0741431674787805e-05,0.09555832477361115,563.0509853363037,640.2771472930908
calibration,native_ds_rtk_delay_dryrun,native_ds,ds_range,1,3,M1-M3,1786379415.3208795,4.773,4.895275170356095,-0.049997950855919016,4.895530491029005,0.00025532067290967575,-0.12253049102900526,692.049503326416,0.92315673828125
calibration,native_ds_rtk_delay_dryrun,native_ds,ds_range,1,4,M1-M4,1786379415.2876446,5.247,5.155517915940663,-0.019999072908137017,5.155556705584989,3.878964432590948e-05,0.09144329441501053,658.8146686553955,281.5289497375488
calibration,native_ds_rtk_delay_dryrun,native_ds,ds_range,1,5,M1-M5,1786379415.3187938,4.724,4.657430933794714,0.010002753005354081,4.657441675226389,1.0741431674787805e-05,0.06655832477361123,689.9638175964355,513.364315032959
calibration,native_ds_rtk_delay_dryrun,native_ds,ds_range,1,3,M1-M3,1786379415.500405,4.789,4.891433245695095,-0.059997952000983346,4.8918011970373,0.0003679513422056857,-0.10280119703730062,646.9378471374512,178.6024570465088
calibration,native_ds_rtk_delay_dryrun,native_ds,ds_range,1,4,M1-M4,1786379415.4700894,5.21,5.157964254222346,-0.029999074053201347,5.1580514918212605,8.723759891449134e-05,0.051948508178739417,677.2534847259521,99.08413887023926
calibration,native_ds_rtk_delay_dryrun,native_ds,ds_range,1,5,M1-M5,1786379415.4985301,4.754,4.65474700936562,2.7518602897513844e-06,4.654747009366433,8.135714324453147e-13,0.09925299063356618,648.8127708435059,333.62793922424316
calibration,native_ds_rtk_delay_dryrun,native_ds,ds_range,1,3,M1-M3,1786379415.6152449,4.763,4.891433245695095,-0.059997952000983346,4.8918011970373,0.0003679513422056857,-0.12880119703730042,532.0980548858643,293.4422492980957
calibration,native_ds_rtk_delay_dryrun,native_ds,ds_range,1,4,M1-M4,1786379415.5804365,5.17,5.157964254222346,-0.029999074053201347,5.1580514918212605,8.723759891449134e-05,0.011948508178739381,566.9064521789551,11.262893676757812
calibration,native_ds_rtk_delay_dryrun,native_ds,ds_range,1,5,M1-M5,1786379415.6145227,4.745,4.65474700936562,2.7518602897513844e-06,4.654747009366433,8.135714324453147e-13,0.09025299063356673,532.8202247619629,217.6353931427002
calibration,native_ds_rtk_delay_dryrun,native_ds,ds_range,1,3,M1-M3,1786379415.7003565,4.786,4.891433245695095,-0.059997952000983346,4.8918011970373,0.0003679513422056857,-0.10580119703730073,446.98643684387207,378.5538673400879
calibration,native_ds_rtk_delay_dryrun,native_ds,ds_range,1,4,M1-M4,1786379415.671852,5.251,5.157964254222346,-0.029999074053201347,5.1580514918212605,8.723759891449134e-05,0.09294850817873979,475.4908084869385,102.67853736877441
calibration,native_ds_rtk_delay_dryrun,native_ds,ds_range,1,5,M1-M5,1786379415.6995993,4.721,4.65474700936562,2.7518602897513844e-06,4.654747009366433,8.135714324453147e-13,0.06625299063356671,447.74365425109863,132.55882263183594
calibration,native_ds_rtk_delay_dryrun,native_ds,ds_range,1,2,M1-M2,1786379415.7886827,4.784,4.660647627642113,-0.01999866225193936,4.660690534195328,4.290655321437242e-05,0.12330946580467206,358.6602210998535,676.4483451843262
calibration,native_ds_rtk_delay_dryrun,native_ds,ds_range,1,3,M1-M3,1786379415.7889352,4.811,4.891433245695095,-0.059997952000983346,4.8918011970373,0.0003679513422056857,-0.08080119703730038,358.40773582458496,467.132568359375
calibration,native_ds_rtk_delay_dryrun,native_ds,ds_range,1,4,M1-M4,1786379415.8172493,5.195,5.157964254222346,-0.029999074053201347,5.1580514918212605,8.723759891449134e-05,0.036948508178739736,330.0936222076416,248.0757236480713
calibration,native_ds_rtk_delay_dryrun,native_ds,ds_range,1,5,M1-M5,1786379415.8174946,4.772,4.65474700936562,2.7518602897513844e-06,4.654747009366433,8.135714324453147e-13,0.11725299063356687,329.8482894897461,14.663457870483398
calibration,native_ds_rtk_delay_dryrun,native_ds,ds_range,1,2,M1-M2,1786379415.9124653,4.717,4.660647627642113,-0.01999866225193936,4.660690534195328,4.290655321437242e-05,0.05630946580467189,234.8775863647461,552.6657104492188
calibration,native_ds_rtk_delay_dryrun,native_ds,ds_range,1,3,M1-M3,1786379415.8806071,4.794,4.891433245695095,-0.059997952000983346,4.8918011970373,0.0003679513422056857,-0.09780119703730072,266.7357921600342,558.8045120239258
calibration,native_ds_rtk_delay_dryrun,native_ds,ds_range,1,4,M1-M4,1786379415.9116044,5.232,5.157964254222346,-0.029999074053201347,5.1580514918212605,8.723759891449134e-05,0.07394850817873966,235.73851585388184,342.43083000183105
calibration,native_ds_rtk_delay_dryrun,native_ds,ds_range,1,5,M1-M5,1786379415.9118855,4.752,4.65474700936562,2.7518602897513844e-06,4.654747009366433,8.135714324453147e-13,0.0972529906335664,235.4574203491211,79.7274112701416
calibration,native_ds_rtk_delay_dryrun,native_ds,ds_range,1,2,M1-M2,1786379416.0032988,4.807,4.660647627642113,-0.01999866225193936,4.660690534195328,4.290655321437242e-05,0.14630946580467263,144.0441608428955,461.83228492736816
calibration,native_ds_rtk_delay_dryrun,native_ds,ds_range,1,3,M1-M3,1786379416.0134494,4.789,4.891433245695095,-0.059997952000983346,4.8918011970373,0.0003679513422056857,-0.10280119703730062,133.89348983764648,691.6468143463135
calibration,native_ds_rtk_delay_dryrun,native_ds,ds_range,1,4,M1-M4,1786379415.9403653,5.222,5.157964254222346,-0.029999074053201347,5.1580514918212605,8.723759891449134e-05,0.06394850817873987,206.97760581970215,371.19174003601074
calibration,native_ds_rtk_delay_dryrun,native_ds,ds_range,1,5,M1-M5,1786379415.9997528,4.738,4.65474700936562,2.7518602897513844e-06,4.654747009366433,8.135714324453147e-13,0.08325299063356706,147.59016036987305,167.59467124938965
calibration,native_ds_rtk_delay_dryrun,native_ds,ds_range,1,2,M1-M2,1786379416.1467254,4.748,4.660647627642113,-0.01999866225193936,4.660690534195328,4.290655321437242e-05,0.08730946580467247,0.6175041198730469,318.4056282043457
calibration,native_ds_rtk_delay_dryrun,native_ds,ds_range,1,3,M1-M3,1786379416.1474266,4.77,4.889512861323261,-0.05999795271498776,4.889880957178361,0.00036809585510066967,-0.11988095717836167,0.08368492126464844,720.4980850219727
calibration,native_ds_rtk_delay_dryrun,native_ds,ds_range,1,4,M1-M4,1786379416.1123111,5.222,5.157964254222346,-0.029999074053201347,5.1580514918212605,8.723759891449134e-05,0.06394850817873987,35.031795501708984,543.1375503540039
calibration,native_ds_rtk_delay_dryrun,native_ds,ds_range,1,5,M1-M5,1786379416.1459894,4.732,4.65474700936562,2.7518602897513844e-06,4.654747009366433,8.135714324453147e-13,0.07725299063356683,1.3535022735595703,313.8313293457031
calibration,native_ds_rtk_delay_dryrun,native_ds,ds_range,1,2,M1-M2,1786379416.2387714,4.73,4.660647627642113,-0.01999866225193936,4.660690534195328,4.290655321437242e-05,0.06930946580467268,91.42851829528809,226.35960578918457
calibration,native_ds_rtk_delay_dryrun,native_ds,ds_range,1,3,M1-M3,1786379416.2390666,4.752,4.889512861323261,-0.05999795271498776,4.889880957178361,0.00036809585510066967,-0.13788095717836146,91.72368049621582,628.8580894470215
calibration,native_ds_rtk_delay_dryrun,native_ds,ds_range,1,4,M1-M4,1786379416.2136376,5.199,5.157964254222346,-0.029999074053201347,5.1580514918212605,8.723759891449134e-05,0.040948508178739296,66.29467010498047,644.4640159606934
calibration,native_ds_rtk_delay_dryrun,native_ds,ds_range,1,5,M1-M5,1786379416.2138875,4.76,4.65474700936562,2.7518602897513844e-06,4.654747009366433,8.135714324453147e-13,0.10525299063356641,66.5445327758789,381.7293643951416
calibration,native_ds_rtk_delay_dryrun,native_ds,ds_range,1,2,M1-M2,1786379416.3297887,4.74,4.660647627642113,-0.01999866225193936,4.660690534195328,4.290655321437242e-05,0.07930946580467246,182.44576454162598,135.34235954284668
calibration,native_ds_rtk_delay_dryrun,native_ds,ds_range,1,3,M1-M3,1786379416.3303335,4.767,4.889512861323261,-0.05999795271498776,4.889880957178361,0.00036809585510066967,-0.1228809571783609,182.99055099487305,537.5912189483643
calibration,native_ds_rtk_delay_dryrun,native_ds,ds_range,1,4,M1-M4,1786379416.2999606,5.224,5.157964254222346,-0.029999074053201347,5.1580514918212605,8.723759891449134e-05,0.06594850817873965,152.6176929473877,730.7870388031006
calibration,native_ds_rtk_delay_dryrun,native_ds,ds_range,1,5,M1-M5,1786379416.300206,4.746,4.65474700936562,2.7518602897513844e-06,4.654747009366433,8.135714324453147e-13,0.09125299063356707,152.8630256652832,468.0478572845459
calibration,native_ds_rtk_delay_dryrun,native_ds,ds_range,1,2,M1-M2,1786379416.4514954,4.761,4.660647627642113,-0.01999866225193936,4.660690534195328,4.290655321437242e-05,0.10030946580467237,304.1524887084961,13.635635375976562
calibration,native_ds_rtk_delay_dryrun,native_ds,ds_range,1,3,M1-M3,1786379416.4196095,4.8,4.889512861323261,-0.05999795271498776,4.889880957178361,0.00036809585510066967,-0.08988095717836142,272.2666263580322,448.3151435852051
calibration,native_ds_rtk_delay_dryrun,native_ds,ds_range,1,4,M1-M4,1786379416.4230967,5.228,5.157301696791431,-0.02999907481817707,5.157388945602001,8.724881057009526e-05,0.07061105439799853,275.7537364959717,703.5772800445557
calibration,native_ds_rtk_delay_dryrun,native_ds,ds_range,1,5,M1-M5,1786379416.4509215,4.734,4.65474700936562,2.7518602897513844e-06,4.654747009366433,8.135714324453147e-13,0.07925299063356661,303.57861518859863,618.7634468078613
calibration,native_ds_rtk_delay_dryrun,native_ds,ds_range,1,2,M1-M2,1786379416.5503774,4.756,4.660647627642113,-0.01999866225193936,4.660690534195328,4.290655321437242e-05,0.09530946580467248,403.0344486236572,85.24632453918457
calibration,native_ds_rtk_delay_dryrun,native_ds,ds_range,1,3,M1-M3,1786379416.5506563,4.75,4.889512861323261,-0.05999795271498776,4.889880957178361,0.00036809585510066967,-0.13988095717836124,403.31339836120605,317.26837158203125
calibration,native_ds_rtk_delay_dryrun,native_ds,ds_range,1,4,M1-M4,1786379416.5164423,5.176,5.157301696791431,-0.02999907481817707,5.157388945602001,8.724881057009526e-05,0.018611054397998927,369.09937858581543,610.2316379547119
calibration,native_ds_rtk_delay_dryrun,native_ds,ds_range,1,5,M1-M5,1786379416.5235512,4.761,4.65474700936562,2.7518602897513844e-06,4.654747009366433,8.135714324453147e-13,0.10625299063356675,376.2083053588867,691.3931369781494
calibration,native_ds_rtk_delay_dryrun,native_ds,ds_range,1,2,M1-M2,1786379416.640939,4.688,4.660647627642113,-0.01999866225193936,4.660690534195328,4.290655321437242e-05,0.027309465804671973,493.59607696533203,175.80795288085938
calibration,native_ds_rtk_delay_dryrun,native_ds,ds_range,1,3,M1-M3,1786379416.6412017,4.811,4.889512861323261,-0.05999795271498776,4.889880957178361,0.00036809585510066967,-0.0788809571783613,493.85881423950195,226.72295570373535
calibration,native_ds_rtk_delay_dryrun,native_ds,ds_range,1,4,M1-M4,1786379416.6142037,5.202,5.157301696791431,-0.02999907481817707,5.157388945602001,8.724881057009526e-05,0.04461105439799873,466.8607711791992,512.4702453613281
calibration,native_ds_rtk_delay_dryrun,native_ds,ds_range,1,2,M1-M2,1786379416.7594063,4.79,4.660647627642113,-0.01999866225193936,4.660690534195328,4.290655321437242e-05,0.12930946580467229,612.0634078979492,294.27528381347656
calibration,native_ds_rtk_delay_dryrun,native_ds,ds_range,1,3,M1-M3,1786379416.7292714,4.795,4.889512861323261,-0.05999795271498776,4.889880957178361,0.00036809585510066967,-0.09488095717836131,581.9284915924072,138.65327835083008
calibration,native_ds_rtk_delay_dryrun,native_ds,ds_range,1,4,M1-M4,1786379416.7313144,5.174,5.157301696791431,-0.02999907481817707,5.157388945602001,8.724881057009526e-05,0.016611054397999148,583.9715003967285,395.3595161437988
calibration,native_ds_rtk_delay_dryrun,native_ds,ds_range,1,5,M1-M5,1786379416.7588487,4.739,4.65137857202824,2.7479762398918695e-06,4.651378572029052,8.117950756059145e-13,0.08762142797094796,611.5057468414307,607.6347827911377
calibration,native_ds_rtk_delay_dryrun,native_ds,ds_range,1,2,M1-M2,1786379416.8532073,4.742,4.660647627642113,-0.01999866225193936,4.660690534195328,4.290655321437242e-05,0.08130946580467224,705.864429473877,388.0763053894043
calibration,native_ds_rtk_delay_dryrun,native_ds,ds_range,1,3,M1-M3,1786379416.8231525,4.768,4.889512861323261,-0.05999795271498776,4.889880957178361,0.00036809585510066967,-0.12188095717836145,675.8096218109131,44.77214813232422
calibration,native_ds_rtk_delay_dryrun,native_ds,ds_range,1,4,M1-M4,1786379416.8233902,5.147,5.157301696791431,-0.02999907481817707,5.157388945602001,8.724881057009526e-05,-0.010388945602000987,676.0473251342773,303.28369140625
calibration,native_ds_rtk_delay_dryrun,native_ds,ds_range,1,5,M1-M5,1786379416.8524923,4.754,4.65137857202824,2.7479762398918695e-06,4.651378572029052,8.117950756059145e-13,0.10262142797094764,705.1494121551514,513.991117477417
calibration,native_ds_rtk_delay_dryrun,native_ds,ds_range,1,3,M1-M3,1786379417.1320007,4.771,4.893554998757326,-0.049997950154663406,4.893810409168144,0.00025541041081833527,-0.12281040916814412,727.210283279419,264.07599449157715
calibration,native_ds_rtk_delay_dryrun,native_ds,ds_range,1,4,M1-M4,1786379417.1619234,5.239,5.151511116676486,-0.019999072257852718,5.151549936488299,3.881981181219629e-05,0.08745006351170126,697.2875595092773,35.24947166442871
calibration,native_ds_rtk_delay_dryrun,native_ds,ds_range,1,5,M1-M5,1786379417.1622183,4.748,4.657430934546467,0.010002750536564242,4.657441675972837,1.0741426370586282e-05,0.09055832402716302,696.9926357269287,204.26511764526367
calibration,native_ds_rtk_delay_dryrun,native_ds,ds_range,1,2,M1-M2,1786379417.3098505,4.713,4.657579124749381,-0.019998658251964396,4.657622059552824,4.2934803443195335e-05,0.055377940447176144,549.3605136871338,14.148712158203125
calibration,native_ds_rtk_delay_dryrun,native_ds,ds_range,1,3,M1-M3,1786379417.3101003,4.774,4.893554998757326,-0.049997950154663406,4.893810409168144,0.00025541041081833527,-0.119810409168144,549.1106510162354,442.17562675476074
calibration,native_ds_rtk_delay_dryrun,native_ds,ds_range,1,4,M1-M4,1786379417.2791328,5.234,5.151511116676486,-0.019999072257852718,5.151549936488299,3.881981181219629e-05,0.08245006351170137,580.078125,152.45890617370605
calibration,native_ds_rtk_delay_dryrun,native_ds,ds_range,1,5,M1-M5,1786379417.2849247,4.745,4.657430934546467,0.010002750536564242,4.657441675972837,1.0741426370586282e-05,0.0875583240271629,574.2862224578857,81.5587043762207
calibration,native_ds_rtk_delay_dryrun,native_ds,ds_range,1,2,M1-M2,1786379417.3936696,4.766,4.657579124749381,-0.019998658251964396,4.657622059552824,4.2934803443195335e-05,0.10837794044717608,465.5413627624512,69.67043876647949
calibration,native_ds_rtk_delay_dryrun,native_ds,ds_range,1,3,M1-M3,1786379417.3939512,4.774,4.893554998757326,-0.049997950154663406,4.893810409168144,0.00025541041081833527,-0.119810409168144,465.2597904205322,526.0264873504639
calibration,native_ds_rtk_delay_dryrun,native_ds,ds_range,1,4,M1-M4,1786379417.3962395,5.214,5.151511116676486,-0.019999072257852718,5.151549936488299,3.881981181219629e-05,0.06245006351170179,462.97144889831543,269.5655822753906
calibration,native_ds_rtk_delay_dryrun,native_ds,ds_range,1,5,M1-M5,1786379417.3619428,4.732,4.657430934546467,0.010002750536564242,4.657441675972837,1.0741426370586282e-05,0.074558324027163,497.2681999206543,4.540681838989258
calibration,native_ds_rtk_delay_dryrun,native_ds,ds_range,1,2,M1-M2,1786379417.5029457,4.699,4.657579124749381,-0.019998658251964396,4.657622059552824,4.2934803443195335e-05,0.04137794044717591,356.2653064727783,178.94649505615234
calibration,native_ds_rtk_delay_dryrun,native_ds,ds_range,1,3,M1-M3,1786379417.503218,4.773,4.893554998757326,-0.049997950154663406,4.893810409168144,0.00025541041081833527,-0.12081040916814434,355.99303245544434,635.2932453155518
calibration,native_ds_rtk_delay_dryrun,native_ds,ds_range,1,4,M1-M4,1786379417.5034544,5.21,5.151511116676486,-0.019999072257852718,5.151549936488299,3.881981181219629e-05,0.058450063511701345,355.7565212249756,376.78050994873047
calibration,native_ds_rtk_delay_dryrun,native_ds,ds_range,1,5,M1-M5,1786379417.471743,4.747,4.657430934546467,0.010002750536564242,4.657441675972837,1.0741426370586282e-05,0.08955832402716268,387.4678611755371,105.25965690612793
calibration,native_ds_rtk_delay_dryrun,native_ds,ds_range,1,2,M1-M2,1786379417.5968313,4.753,4.657579124749381,-0.019998658251964396,4.657622059552824,4.2934803443195335e-05,0.09537794044717618,262.37964630126953,272.83215522766113
calibration,native_ds_rtk_delay_dryrun,native_ds,ds_range,1,4,M1-M4,1786379417.5972743,5.215,5.151511116676486,-0.019999072257852718,5.151549936488299,3.881981181219629e-05,0.06345006351170124,261.9366645812988,470.6003665924072
calibration,native_ds_rtk_delay_dryrun,native_ds,ds_range,1,5,M1-M5,1786379417.5974398,4.739,4.657430934546467,0.010002750536564242,4.657441675972837,1.0741426370586282e-05,0.08155832402716268,261.77120208740234,230.9563159942627
calibration,native_ds_rtk_delay_dryrun,native_ds,ds_range,1,2,M1-M2,1786379417.7410657,4.751,4.657579124749381,-0.019998658251964396,4.657622059552824,4.2934803443195335e-05,0.0933779404471764,118.14522743225098,417.0665740966797
calibration,native_ds_rtk_delay_dryrun,native_ds,ds_range,1,3,M1-M3,1786379417.7118685,4.778,4.898685495664891,-0.03999794654441463,4.898848785292862,0.00016328962797107494,-0.12084878529286236,147.34244346618652,664.3106937408447
calibration,native_ds_rtk_delay_dryrun,native_ds,ds_range,1,4,M1-M4,1786379417.7402265,5.199,5.151511116676486,-0.019999072257852718,5.151549936488299,3.881981181219629e-05,0.047450063511701224,118.98446083068848,613.5525703430176
calibration,native_ds_rtk_delay_dryrun,native_ds,ds_range,1,5,M1-M5,1786379417.7404912,4.735,4.657430934546467,0.010002750536564242,4.657441675972837,1.0741426370586282e-05,0.07755832402716312,118.71981620788574,374.0077018737793
calibration,native_ds_rtk_delay_dryrun,native_ds,ds_range,1,2,M1-M2,1786379417.8725348,4.75,4.657579124749381,-0.019998658251964396,4.657622059552824,4.2934803443195335e-05,0.09237794044717607,13.323783874511719,548.5355854034424
calibration,native_ds_rtk_delay_dryrun,native_ds,ds_range,1,3,M1-M3,1786379417.8403726,4.801,4.898685495664891,-0.03999794654441463,4.898848785292862,0.00016328962797107494,-0.09784878529286178,18.83840560913086,535.8066558837891
calibration,native_ds_rtk_delay_dryrun,native_ds,ds_range,1,4,M1-M4,1786379417.8712428,5.232,5.154175068007463,-0.019999072381522293,5.154213867755766,3.879974830311994e-05,0.07778613224423392,12.031793594360352,677.4077415466309
calibration,native_ds_rtk_delay_dryrun,native_ds,ds_range,1,5,M1-M5,1786379417.8715034,4.721,4.657430934546467,0.010002750536564242,4.657441675972837,1.0741426370586282e-05,0.06355832402716288,12.29238510131836,505.0199031829834
calibration,native_ds_rtk_delay_dryrun,native_ds,ds_range,1,2,M1-M2,1786379417.939761,4.797,4.657579124749381,-0.019998658251964396,4.657622059552824,4.2934803443195335e-05,0.13937794044717577,80.54995536804199,615.7617568969727
calibration,native_ds_rtk_delay_dryrun,native_ds,ds_range,1,3,M1-M3,1786379417.9713628,4.795,4.898685495664891,-0.03999794654441463,4.898848785292862,0.00016328962797107494,-0.10384878529286201,112.1518611907959,404.8163890838623
calibration,native_ds_rtk_delay_dryrun,native_ds,ds_range,1,4,M1-M4,1786379417.971602,5.226,5.154175068007463,-0.019999072381522293,5.154213867755766,3.879974830311994e-05,0.07178613224423369,112.39099502563477,577.0485401153564
calibration,native_ds_rtk_delay_dryrun,native_ds,ds_range,1,5,M1-M5,1786379417.971815,4.734,4.657430934546467,0.010002750536564242,4.657441675972837,1.0741426370586282e-05,0.07655832402716278,112.60414123535156,605.3316593170166
calibration,native_ds_rtk_delay_dryrun,native_ds,ds_range,1,3,M1-M3,1786379418.1112516,4.785,4.898685495664891,-0.03999794654441463,4.898848785292862,0.00016328962797107494,-0.1138487852928618,252.04062461853027,264.92762565612793
calibration,native_ds_rtk_delay_dryrun,native_ds,ds_range,1,4,M1-M4,1786379418.111484,5.19,5.154175068007463,-0.019999072381522293,5.154213867755766,3.879974830311994e-05,0.0357861322442341,252.2730827331543,437.1664524078369
calibration,native_ds_rtk_delay_dryrun,native_ds,ds_range,1,5,M1-M5,1786379418.1117172,4.745,4.656088576276662,2.749814662916794e-06,4.656088576277474,8.117950756059145e-13,0.08891142372252592,252.50625610351562,727.7216911315918
calibration,native_ds_rtk_delay_dryrun,native_ds,ds_range,1,3,M1-M3,1786379418.1736023,4.778,4.898685495664891,-0.03999794654441463,4.898848785292862,0.00016328962797107494,-0.12084878529286236,314.3913745880127,202.5768756866455
calibration,native_ds_rtk_delay_dryrun,native_ds,ds_range,1,4,M1-M4,1786379418.25987,5.219,5.154175068007463,-0.019999072381522293,5.154213867755766,3.879974830311994e-05,0.06478613224423402,400.65908432006836,288.78045082092285
calibration,native_ds_rtk_delay_dryrun,native_ds,ds_range,1,5,M1-M5,1786379418.2601345,4.733,4.656088576276662,2.749814662916794e-06,4.656088576277474,8.117950756059145e-13,0.07691142372252546,400.923490524292,579.3044567108154
calibration,native_ds_rtk_delay_dryrun,native_ds,ds_range,1,3,M1-M3,1786379418.3695416,4.815,4.898685495664891,-0.03999794654441463,4.898848785292862,0.00016328962797107494,-0.08384878529286155,510.3306770324707,6.6375732421875
calibration,native_ds_rtk_delay_dryrun,native_ds,ds_range,1,4,M1-M4,1786379418.3632562,5.214,5.154175068007463,-0.019999072381522293,5.154213867755766,3.879974830311994e-05,0.059786132244234125,504.0452480316162,185.394287109375
calibration,native_ds_rtk_delay_dryrun,native_ds,ds_range,1,5,M1-M5,1786379418.3632562,4.744,4.656088576276662,2.749814662916794e-06,4.656088576277474,8.117950756059145e-13,0.08791142372252558,504.0452480316162,476.1826992034912
calibration,native_ds_rtk_delay_dryrun,native_ds,ds_range,1,3,M1-M3,1786379418.5032341,4.809,4.898685495664891,-0.03999794654441463,4.898848785292862,0.00016328962797107494,-0.08984878529286178,644.0231800079346,127.05492973327637
calibration,native_ds_rtk_delay_dryrun,native_ds,ds_range,1,4,M1-M4,1786379418.4892058,5.193,5.154175068007463,-0.019999072381522293,5.154213867755766,3.879974830311994e-05,0.03878613224423333,629.9948692321777,59.44466590881348
calibration,native_ds_rtk_delay_dryrun,native_ds,ds_range,1,5,M1-M5,1786379418.4894717,4.764,4.656088576276662,2.749814662916794e-06,4.656088576277474,8.117950756059145e-13,0.10791142372252605,630.260705947876,349.96724128723145
calibration,native_ds_rtk_delay_dryrun,native_ds,ds_range,1,3,M1-M3,1786379418.592363,4.764,4.8944076621957295,-0.039997947022965274,4.894571094542025,0.00016343234629534464,-0.13057109454202465,557.1954250335693,216.18390083312988
calibration,native_ds_rtk_delay_dryrun,native_ds,ds_range,1,4,M1-M4,1786379418.5620549,5.187,5.155059470694649,-0.019999072860072936,5.1550982637883696,3.879309372045725e-05,0.03190173621163073,587.5036716461182,13.404369354248047
calibration,native_ds_rtk_delay_dryrun,native_ds,ds_range,1,5,M1-M5,1786379418.5901954,4.765,4.654948099200612,2.7493361122732374e-06,4.654948099201424,8.117950756059145e-13,0.11005190079857563,559.3631267547607,249.24349784851074
calibration,native_ds_rtk_delay_dryrun,native_ds,ds_range,1,2,M1-M2,1786379418.6800487,4.736,4.6581799167883515,-0.00999866312253711,4.658190647712325,1.0730923973412132e-05,0.07780935228767483,469.5098400115967,707.7960968017578
calibration,native_ds_rtk_delay_dryrun,native_ds,ds_range,1,3,M1-M3,1786379418.6802735,4.771,4.8944076621957295,-0.039997947022965274,4.894571094542025,0.00016343234629534464,-0.12357109454202497,469.2850112915039,304.0943145751953
calibration,native_ds_rtk_delay_dryrun,native_ds,ds_range,1,4,M1-M4,1786379418.7099066,5.2,5.155059470694649,-0.019999072860072936,5.1550982637883696,3.879309372045725e-05,0.04490173621163063,439.6519660949707,161.2560749053955
calibration,native_ds_rtk_delay_dryrun,native_ds,ds_range,1,5,M1-M5,1786379418.7101753,4.745,4.654948099200612,2.7493361122732374e-06,4.654948099201424,8.117950756059145e-13,0.09005190079857606,439.38326835632324,129.26363945007324
calibration,native_ds_rtk_delay_dryrun,native_ds,ds_range,1,2,M1-M2,1786379418.801991,4.776,4.6581799167883515,-0.00999866312253711,4.658190647712325,1.0730923973412132e-05,0.11780935228767486,347.5675582885742,585.8538150787354
calibration,native_ds_rtk_delay_dryrun,native_ds,ds_range,1,3,M1-M3,1786379418.8298323,4.808,4.8944076621957295,-0.039997947022965274,4.894571094542025,0.00016343234629534464,-0.08657109454202505,319.72622871398926,453.65309715270996
calibration,native_ds_rtk_delay_dryrun,native_ds,ds_range,1,4,M1-M4,1786379418.8300934,5.205,5.155059470694649,-0.019999072860072936,5.1550982637883696,3.879309372045725e-05,0.04990173621163052,319.46516036987305,281.44288063049316
calibration,native_ds_rtk_delay_dryrun,native_ds,ds_range,1,5,M1-M5,1786379418.8327067,4.748,4.654948099200612,2.7493361122732374e-06,4.654948099201424,8.117950756059145e-13,0.09305190079857617,316.8518543243408,6.73222541809082
calibration,native_ds_rtk_delay_dryrun,native_ds,ds_range,1,2,M1-M2,1786379418.8910213,4.771,4.6581799167883515,-0.00999866312253711,4.658190647712325,1.0730923973412132e-05,0.11280935228767497,258.53729248046875,496.8235492706299
calibration,native_ds_rtk_delay_dryrun,native_ds,ds_range,1,3,M1-M3,1786379418.9249,4.782,4.8944076621957295,-0.039997947022965274,4.894571094542025,0.00016343234629534464,-0.11257109454202485,224.65848922729492,548.7208366394043
calibration,native_ds_rtk_delay_dryrun,native_ds,ds_range,1,4,M1-M4,1786379418.925149,5.215,5.155059470694649,-0.019999072860072936,5.1550982637883696,3.879309372045725e-05,0.05990173621163031,224.4095802307129,376.4984607696533
calibration,native_ds_rtk_delay_dryrun,native_ds,ds_range,1,5,M1-M5,1786379418.925414,4.754,4.654948099200612,2.7493361122732374e-06,4.654948099201424,8.117950756059145e-13,0.09905190079857551,224.14445877075195,85.97517013549805
calibration,native_ds_rtk_delay_dryrun,native_ds,ds_range,1,2,M1-M2,1786379419.0378947,4.723,4.6581799167883515,-0.00999866312253711,4.658190647712325,1.0730923973412132e-05,0.06480935228767493,111.663818359375,349.95007514953613
calibration,native_ds_rtk_delay_dryrun,native_ds,ds_range,1,3,M1-M3,1786379419.038128,4.779,4.8944076621957295,-0.039997947022965274,4.894571094542025,0.00016343234629534464,-0.11557109454202497,111.43064498901367,661.9486808776855
calibration,native_ds_rtk_delay_dryrun,native_ds,ds_range,1,4,M1-M4,1786379419.042555,5.201,5.155059470694649,-0.019999072860072936,5.1550982637883696,3.879309372045725e-05,0.04590173621163007,107.00345039367676,493.90459060668945
calibration,native_ds_rtk_delay_dryrun,native_ds,ds_range,1,5,M1-M5,1786379419.010281,4.75,4.654948099200612,2.7493361122732374e-06,4.654948099201424,8.117950756059145e-13,0.09505190079857595,139.27745819091797,170.84217071533203
calibration,native_ds_rtk_delay_dryrun,native_ds,ds_range,1,2,M1-M2,1786379419.1126447,4.761,4.6581799167883515,-0.00999866312253711,4.658190647712325,1.0730923973412132e-05,0.10280935228767518,36.91387176513672,275.20012855529785
calibration,native_ds_rtk_delay_dryrun,native_ds,ds_range,1,3,M1-M3,1786379419.123104,4.821,4.895058107589684,-0.03999794714791821,4.895221518221168,0.00016341063148317403,-0.07422151822116785,26.454448699951172,709.2745304107666
calibration,native_ds_rtk_delay_dryrun,native_ds,ds_range,1,4,M1-M4,1786379419.1497395,5.176,5.155059470694649,-0.019999072860072936,5.1550982637883696,3.879309372045725e-05,0.020901736211630606,0.18095970153808594,601.0890007019043
calibration,native_ds_rtk_delay_dryrun,native_ds,ds_range,1,5,M1-M5,1786379419.1499703,4.745,4.654948099200612,2.7493361122732374e-06,4.654948099201424,8.117950756059145e-13,0.09005190079857606,0.41174888610839844,310.5313777923584
calibration,native_ds_rtk_delay_dryrun,native_ds,ds_range,1,2,M1-M2,1786379419.2041063,4.719,4.6581799167883515,-0.00999866312253711,4.658190647712325,1.0730923973412132e-05,0.06080935228767537,54.547786712646484,183.73847007751465
calibration,native_ds_rtk_delay_dryrun,native_ds,ds_range,1,3,M1-M3,1786379419.2096677,4.775,4.895058107589684,-0.03999794714791821,4.895221518221168,0.00016341063148317403,-0.12022151822116722,60.10913848876953,622.7109432220459
calibration,native_ds_rtk_delay_dryrun,native_ds,ds_range,1,4,M1-M4,1786379419.2411234,5.199,5.155059470694649,-0.019999072860072936,5.1550982637883696,3.879309372045725e-05,0.04390173621163029,91.56489372253418,692.4729347229004
calibration,native_ds_rtk_delay_dryrun,native_ds,ds_range,1,5,M1-M5,1786379419.2413805,4.748,4.654948099200612,2.7493361122732374e-06,4.654948099201424,8.117950756059145e-13,0.09305190079857617,91.82190895080566,401.94153785705566
calibration,native_ds_rtk_delay_dryrun,native_ds,ds_range,1,2,M1-M2,1786379419.3343456,4.774,4.6581799167883515,-0.00999866312253711,4.658190647712325,1.0730923973412132e-05,0.11580935228767508,184.78703498840332,53.49922180175781
calibration,native_ds_rtk_delay_dryrun,native_ds,ds_range,1,3,M1-M3,1786379419.3593624,4.765,4.895058107589684,-0.03999794714791821,4.895221518221168,0.00016341063148317403,-0.1302215182211679,209.80381965637207,473.01626205444336
calibration,native_ds_rtk_delay_dryrun,native_ds,ds_range,1,4,M1-M4,1786379419.3595884,5.159,5.152936725636225,-0.019999072317498034,5.15297553470848,3.880907225450869e-05,0.006024465291520009,210.02984046936035,707.5719833374023
calibration,native_ds_rtk_delay_dryrun,native_ds,ds_range,1,5,M1-M5,1786379419.363084,4.751,4.654948099200612,2.7493361122732374e-06,4.654948099201424,8.117950756059145e-13,0.09605190079857628,213.52553367614746,523.6451625823975
calibration,native_ds_rtk_delay_dryrun,native_ds,ds_range,1,2,M1-M2,1786379419.4751365,4.764,4.6581799167883515,-0.00999866312253711,4.658190647712325,1.0730923973412132e-05,0.1058093522876753,325.577974319458,87.29171752929688
calibration,native_ds_rtk_delay_dryrun,native_ds,ds_range,1,3,M1-M3,1786379419.4757104,4.754,4.895058107589684,-0.03999794714791821,4.895221518221168,0.00016341063148317403,-0.14122151822116802,326.15184783935547,356.66823387145996
calibration,native_ds_rtk_delay_dryrun,native_ds,ds_range,1,4,M1-M4,1786379419.4759483,5.214,5.152936725636225,-0.019999072317498034,5.15297553470848,3.880907225450869e-05,0.06102446529152061,326.3897895812988,591.2120342254639
calibration,native_ds_rtk_delay_dryrun,native_ds,ds_range,1,5,M1-M5,1786379419.4445937,4.745,4.654948099200612,2.7493361122732374e-06,4.654948099201424,8.117950756059145e-13,0.09005190079857606,295.03512382507324,605.1547527313232
calibration,native_ds_rtk_delay_dryrun,native_ds,ds_range,1,2,M1-M2,1786379419.592893,4.729,4.6581799167883515,-0.00999866312253711,4.658190647712325,1.0730923973412132e-05,0.07080935228767515,443.33434104919434,205.0480842590332
calibration,native_ds_rtk_delay_dryrun,native_ds,ds_range,1,3,M1-M3,1786379419.5931218,4.777,4.895058107589684,-0.03999794714791821,4.895221518221168,0.00016341063148317403,-0.11822151822116744,443.56322288513184,239.2568588256836
calibration,native_ds_rtk_delay_dryrun,native_ds,ds_range,1,4,M1-M4,1786379419.5645688,5.176,5.152936725636225,-0.019999072317498034,5.15297553470848,3.880907225450869e-05,0.023024465291520357,415.0102138519287,502.591609954834
calibration,native_ds_rtk_delay_dryrun,native_ds,ds_range,1,2,M1-M2,1786379419.730928,4.756,4.6581799167883515,-0.00999866312253711,4.658190647712325,1.0730923973412132e-05,0.09780935228767529,581.3694000244141,343.08314323425293
calibration,native_ds_rtk_delay_dryrun,native_ds,ds_range,1,3,M1-M3,1786379419.701918,4.755,4.895058107589684,-0.03999794714791821,4.895221518221168,0.00016341063148317403,-0.14022151822116768,552.3593425750732,130.4607391357422
calibration,native_ds_rtk_delay_dryrun,native_ds,ds_range,1,4,M1-M4,1786379419.730092,5.235,5.152936725636225,-0.019999072317498034,5.15297553470848,3.880907225450869e-05,0.08202446529152052,580.533504486084,337.0683193206787
calibration,native_ds_rtk_delay_dryrun,native_ds,ds_range,1,5,M1-M5,1786379419.730367,4.76,4.6592895818542654,2.7523285154873456e-06,4.659289581855078,8.126832540256146e-13,0.10071041814492165,580.8084011077881,658.9734554290771
calibration,native_ds_rtk_delay_dryrun,native_ds,ds_range,1,2,M1-M2,1786379419.8338711,4.746,4.662201802944903,-0.009998658195775889,4.662212524601213,1.072165631033073e-05,0.08378747539878706,684.3125820159912,301.0973930358887
calibration,native_ds_rtk_delay_dryrun,native_ds,ds_range,1,3,M1-M3,1786379419.8052986,4.779,4.895058107589684,-0.03999794714791821,4.895221518221168,0.00016341063148317403,-0.11622151822116766,655.7400226593018,27.080059051513672
calibration,native_ds_rtk_delay_dryrun,native_ds,ds_range,1,4,M1-M4,1786379419.8324344,5.161,5.152936725636225,-0.019999072317498034,5.15297553470848,3.880907225450869e-05,0.008024465291519789,682.8758716583252,234.7259521484375
calibration,native_ds_rtk_delay_dryrun,native_ds,ds_range,1,5,M1-M5,1786379419.8327022,4.744,4.6592895818542654,2.7523285154873456e-06,4.659289581855078,8.126832540256146e-13,0.08471041814492164,683.1436157226562,556.638240814209
calibration,native_ds_rtk_delay_dryrun,native_ds,ds_range,1,2,M1-M2,1786379420.2607195,4.762,4.6630535085833325,-0.00999865888729945,4.663064228282822,1.07196994898473e-05,0.09893577171717727,664.2489433288574,125.75101852416992
calibration,native_ds_rtk_delay_dryrun,native_ds,ds_range,1,3,M1-M3,1786379420.230919,4.791,4.894857972293364,-0.03999794783944177,4.895021389611619,0.000163417318255199,-0.10402138961161889,694.049596786499,398.5402584075928
calibration,native_ds_rtk_delay_dryrun,native_ds,ds_range,1,4,M1-M4,1786379420.259931,5.219,5.156284503319906,-0.019999073009021595,5.15632328719779,3.8783877884362994e-05,0.06267671280220988,665.0373935699463,192.77071952819824
calibration,native_ds_rtk_delay_dryrun,native_ds,ds_range,1,5,M1-M5,1786379420.2601807,4.741,4.655921400729144,2.751636991926709e-06,4.655921400729957,8.126832540256146e-13,0.08507859927004269,664.787769317627,129.15968894958496
calibration,native_ds_rtk_delay_dryrun,native_ds,ds_range,1,2,M1-M2,1786379420.3539846,4.767,4.6630535085833325,-0.00999865888729945,4.663064228282822,1.07196994898473e-05,0.10393577171717805,570.98388671875,219.01607513427734
calibration,native_ds_rtk_delay_dryrun,native_ds,ds_range,1,3,M1-M3,1786379420.3792565,4.781,4.894857972293364,-0.03999794783944177,4.895021389611619,0.000163417318255199,-0.11402138961161956,545.7119941711426,546.8778610229492
calibration,native_ds_rtk_delay_dryrun,native_ds,ds_range,1,4,M1-M4,1786379420.379502,5.259,5.156284503319906,-0.019999073009021595,5.15632328719779,3.8783877884362994e-05,0.10267671280220991,545.466423034668,312.34169006347656
calibration,native_ds_rtk_delay_dryrun,native_ds,ds_range,1,5,M1-M5,1786379420.379739,4.768,4.655921400729144,2.751636991926709e-06,4.655921400729957,8.126832540256146e-13,0.11207859927004282,545.229434967041,9.601354598999023
calibration,native_ds_rtk_delay_dryrun,native_ds,ds_range,1,2,M1-M2,1786379420.4424236,4.722,4.6630535085833325,-0.00999865888729945,4.663064228282822,1.07196994898473e-05,0.05893577171717812,482.5448989868164,307.45506286621094
calibration,native_ds_rtk_delay_dryrun,native_ds,ds_range,1,3,M1-M3,1786379420.4731958,4.751,4.894857972293364,-0.03999794783944177,4.895021389611619,0.000163417318255199,-0.14402138961161892,451.77268981933594,640.8171653747559
calibration,native_ds_rtk_delay_dryrun,native_ds,ds_range,1,4,M1-M4,1786379420.473426,5.215,5.156284503319906,-0.019999073009021595,5.15632328719779,3.8783877884362994e-05,0.05867671280220943,451.5423774719238,406.2657356262207
calibration,native_ds_rtk_delay_dryrun,native_ds,ds_range,1,5,M1-M5,1786379420.4736524,4.754,4.655921400729144,2.751636991926709e-06,4.655921400729957,8.126832540256146e-13,0.09807859927004259,451.31611824035645,84.31196212768555
calibration,native_ds_rtk_delay_dryrun,native_ds,ds_range,1,2,M1-M2,1786379420.6198313,4.789,4.6630535085833325,-0.00999865888729945,4.663064228282822,1.07196994898473e-05,0.1259357717171774,305.13715744018555,484.8628044128418
calibration,native_ds_rtk_delay_dryrun,native_ds,ds_range,1,4,M1-M4,1786379420.59264,5.227,5.156284503319906,-0.019999073009021595,5.15632328719779,3.8783877884362994e-05,0.07067671280220988,332.32855796813965,525.4795551300049
calibration,native_ds_rtk_delay_dryrun,native_ds,ds_range,1,5,M1-M5,1786379420.6193333,4.733,4.655921400729144,2.751636991926709e-06,4.655921400729957,8.126832540256146e-13,0.07707859927004268,305.6352138519287,229.99286651611328
calibration,native_ds_rtk_delay_dryrun,native_ds,ds_range,1,2,M1-M2,1786379420.7104173,4.748,4.6630535085833325,-0.00999865888729945,4.663064228282822,1.07196994898473e-05,0.08493577171717792,214.55121040344238,575.448751449585
calibration,native_ds_rtk_delay_dryrun,native_ds,ds_range,1,3,M1-M3,1786379420.7136176,4.751,4.891199481838051,-0.03999794934864698,4.891363021396481,0.00016353955843051438,-0.14036302139648082,211.3509178161621,712.4342918395996
calibration,native_ds_rtk_delay_dryrun,native_ds,ds_range,1,4,M1-M4,1786379420.683527,5.253,5.156284503319906,-0.019999073009021595,5.15632328719779,3.8783877884362994e-05,0.09667671280220969,241.4414882659912,616.3666248321533
calibration,native_ds_rtk_delay_dryrun,native_ds,ds_range,1,5,M1-M5,1786379420.7098465,4.755,4.655921400729144,2.751636991926709e-06,4.655921400729957,8.126832540256146e-13,0.09907859927004292,215.12198448181152,320.50609588623047
calibration,native_ds_rtk_delay_dryrun,native_ds,ds_range,1,2,M1-M2,1786379420.8044233,4.756,4.6630535085833325,-0.00999865888729945,4.663064228282822,1.07196994898473e-05,0.09293577171717793,120.5451488494873,669.45481300354
calibration,native_ds_rtk_delay_dryrun,native_ds,ds_range,1,3,M1-M3,1786379420.804659,4.782,4.891199481838051,-0.03999794934864698,4.891363021396481,0.00016353955843051438,-0.10936302139648113,120.30959129333496,621.3929653167725
calibration,native_ds_rtk_delay_dryrun,native_ds,ds_range,1,5,M1-M5,1786379420.8330765,4.745,4.655921400729144,2.751636991926709e-06,4.655921400729957,8.126832540256146e-13,0.08907859927004314,91.89200401306152,443.73607635498047
calibration,native_ds_rtk_delay_dryrun,native_ds,ds_range,1,3,M1-M3,1786379420.8921928,4.773,4.891199481838051,-0.03999794934864698,4.891363021396481,0.00016353955843051438,-0.11836302139648147,32.7756404876709,533.8590145111084
calibration,native_ds_rtk_delay_dryrun,native_ds,ds_range,1,4,M1-M4,1786379420.919817,5.269,5.160635926964735,-0.019999070689283666,5.160674678131495,3.875116675988721e-05,0.10832532186850496,5.151510238647461,676.1612892150879
calibration,native_ds_rtk_delay_dryrun,native_ds,ds_range,1,5,M1-M5,1786379420.9200807,4.772,4.655921400729144,2.751636991926709e-06,4.655921400729957,8.126832540256146e-13,0.11607859927004327,4.887819290161133,530.7402610778809
calibration,native_ds_rtk_delay_dryrun,native_ds,ds_range,1,3,M1-M3,1786379421.0332468,4.752,4.891199481838051,-0.03999794934864698,4.891363021396481,0.00016353955843051438,-0.13936302139648138,108.27827453613281,392.8050994873047
calibration,native_ds_rtk_delay_dryrun,native_ds,ds_range,1,4,M1-M4,1786379421.033483,5.263,5.160635926964735,-0.019999070689283666,5.160674678131495,3.875116675988721e-05,0.10232532186850474,108.51454734802246,562.495231628418
calibration,native_ds_rtk_delay_dryrun,native_ds,ds_range,1,5,M1-M5,1786379421.0106573,4.762,4.655921400729144,2.751636991926709e-06,4.655921400729957,8.126832540256146e-13,0.1060785992700426,85.68882942199707,621.3169097900391
calibration,native_ds_rtk_delay_dryrun,native_ds,ds_range,1,3,M1-M3,1786379421.1829298,4.768,4.891199481838051,-0.03999794934864698,4.891363021396481,0.00016353955843051438,-0.12336302139648136,257.9612731933594,243.12210083007812
calibration,native_ds_rtk_delay_dryrun,native_ds,ds_range,1,4,M1-M4,1786379421.179071,5.239,5.160635926964735,-0.019999070689283666,5.160674678131495,3.875116675988721e-05,0.07832532186850472,254.1024684906006,416.90731048583984
calibration,native_ds_rtk_delay_dryrun,native_ds,ds_range,1,5,M1-M5,1786379421.179071,4.754,4.653976191648256,0.010002751053234449,4.653986941049301,1.0749401045728746e-05,0.10001305895069823,254.1024684906006,702.0471096038818
calibration,native_ds_rtk_delay_dryrun,native_ds,ds_range,1,3,M1-M3,1786379421.2903135,4.793,4.891199481838051,-0.03999794934864698,4.891363021396481,0.00016353955843051438,-0.09836302139648101,365.3450012207031,135.73837280273438
calibration,native_ds_rtk_delay_dryrun,native_ds,ds_range,1,4,M1-M4,1786379421.2999833,5.178,5.160635926964735,-0.019999070689283666,5.160674678131495,3.875116675988721e-05,0.017325321868504773,375.0147819519043,295.99499702453613
calibration,native_ds_rtk_delay_dryrun,native_ds,ds_range,1,5,M1-M5,1786379421.289376,4.751,4.653976191648256,0.010002751053234449,4.653986941049301,1.0749401045728746e-05,0.097013058950699,364.4075393676758,591.7420387268066
calibration,native_ds_rtk_delay_dryrun,native_ds,ds_range,1,3,M1-M3,1786379421.4053504,4.753,4.891199481838051,-0.03999794934864698,4.891363021396481,0.00016353955843051438,-0.13836302139648105,480.38196563720703,20.70140838623047
calibration,native_ds_rtk_delay_dryrun,native_ds,ds_range,1,4,M1-M4,1786379421.4056256,5.212,5.160635926964735,-0.019999070689283666,5.160674678131495,3.875116675988721e-05,0.05132532186850458,480.65710067749023,190.3526782989502
calibration,native_ds_rtk_delay_dryrun,native_ds,ds_range,1,5,M1-M5,1786379421.4058747,4.746,4.653976191648256,0.010002751053234449,4.653986941049301,1.0749401045728746e-05,0.09201305895069911,480.90624809265137,475.24333000183105
calibration,native_ds_rtk_delay_dryrun,native_ds,ds_range,1,3,M1-M3,1786379421.4698167,4.815,4.891199481838051,-0.03999794934864698,4.891363021396481,0.00016353955843051438,-0.07636302139648077,544.8482036590576,43.76482963562012
calibration,native_ds_rtk_delay_dryrun,native_ds,ds_range,1,4,M1-M4,1786379421.5008132,5.21,5.160635926964735,-0.019999070689283666,5.160674678131495,3.875116675988721e-05,0.0493253218685048,575.8447647094727,95.16501426696777
calibration,native_ds_rtk_delay_dryrun,native_ds,ds_range,1,5,M1-M5,1786379421.5010765,4.744,4.653976191648256,0.010002751053234449,4.653986941049301,1.0749401045728746e-05,0.09001305895069844,576.1079788208008,380.04159927368164
calibration,native_ds_rtk_delay_dryrun,native_ds,ds_range,1,3,M1-M3,1786379421.6408217,4.8,4.891402902921901,-0.03999794865712342,4.891566435673708,0.00016353275180680527,-0.09156643567370804,523.7841606140137,214.76984024047852
calibration,native_ds_rtk_delay_dryrun,native_ds,ds_range,1,4,M1-M4,1786379421.6290562,5.191,5.157288028483168,-0.019999069997760105,5.1573268048027145,3.877631954640748e-05,0.03367319519728529,535.5496406555176,33.07795524597168
calibration,native_ds_rtk_delay_dryrun,native_ds,ds_range,1,5,M1-M5,1786379421.6293695,4.76,4.657344654911387,0.01000275174475801,4.657355396539342,1.0741627955113131e-05,0.10264460346065807,535.2363586425781,251.74856185913086
calibration,native_ds_rtk_delay_dryrun,native_ds,ds_range,1,2,M1-M2,1786379421.7703772,4.801,4.665268820695995,-0.01999865744855206,4.665311684727821,4.2864031826184146e-05,0.13568831527217906,394.2286968231201,659.6212387084961
calibration,native_ds_rtk_delay_dryrun,native_ds,ds_range,1,3,M1-M3,1786379421.7418525,4.768,4.891402902921901,-0.03999794865712342,4.891566435673708,0.00016353275180680527,-0.12356643567370806,422.75333404541016,315.80066680908203
calibration,native_ds_rtk_delay_dryrun,native_ds,ds_range,1,4,M1-M4,1786379421.7421308,5.199,5.157288028483168,-0.019999069997760105,5.1573268048027145,3.877631954640748e-05,0.041673195197285295,422.47509956359863,146.15249633789062
calibration,native_ds_rtk_delay_dryrun,native_ds,ds_range,1,5,M1-M5,1786379421.7696576,4.727,4.657344654911387,0.01000275174475801,4.657355396539342,1.0741627955113131e-05,0.0696446034606586,394.94824409484863,111.46044731140137
calibration,native_ds_rtk_delay_dryrun,native_ds,ds_range,1,2,M1-M2,1786379421.8594859,4.726,4.665268820695995,-0.01999865744855206,4.665311684727821,4.2864031826184146e-05,0.06068831527217888,305.11999130249023,570.5125331878662
calibration,native_ds_rtk_delay_dryrun,native_ds,ds_range,1,3,M1-M3,1786379421.8628683,4.816,4.891402902921901,-0.03999794865712342,4.891566435673708,0.00016353275180680527,-0.07556643567370802,301.73754692077637,436.8164539337158
calibration,native_ds_rtk_delay_dryrun,native_ds,ds_range,1,4,M1-M4,1786379421.872823,5.24,5.157288028483168,-0.019999069997760105,5.1573268048027145,3.877631954640748e-05,0.08267319519728566,291.7828559875488,276.84473991394043
calibration,native_ds_rtk_delay_dryrun,native_ds,ds_range,1,5,M1-M5,1786379421.8589463,4.743,4.657344654911387,0.01000275174475801,4.657355396539342,1.0741627955113131e-05,0.08564460346065861,305.65953254699707,22.171735763549805
calibration,native_ds_rtk_delay_dryrun,native_ds,ds_range,1,2,M1-M2,1786379422.020008,4.778,4.665268820695995,-0.01999865744855206,4.665311684727821,4.2864031826184146e-05,0.11268831527217849,144.59776878356934,409.9903106689453
calibration,native_ds_rtk_delay_dryrun,native_ds,ds_range,1,3,M1-M3,1786379421.9972954,4.777,4.891402902921901,-0.03999794865712342,4.891566435673708,0.00016353275180680527,-0.11456643567370772,167.3104763031006,571.2435245513916
calibration,native_ds_rtk_delay_dryrun,native_ds,ds_range,1,4,M1-M4,1786379421.9972954,5.193,5.157288028483168,-0.019999069997760105,5.1573268048027145,3.877631954640748e-05,0.03567319519728507,167.3104763031006,401.3171195983887
calibration,native_ds_rtk_delay_dryrun,native_ds,ds_range,1,5,M1-M5,1786379422.0025363,4.735,4.657344654911387,0.01000275174475801,4.657355396539342,1.0741627955113131e-05,0.0776446034606586,162.06955909729004,121.41823768615723
calibration,native_ds_rtk_delay_dryrun,native_ds,ds_range,1,2,M1-M2,1786379422.1403966,4.762,4.665268820695995,-0.01999865744855206,4.665311684727821,4.2864031826184146e-05,0.09668831527217847,24.209260940551758,289.60180282592773
calibration,native_ds_rtk_delay_dryrun,native_ds,ds_range,1,3,M1-M3,1786379422.1692653,4.77,4.891868571749326,-0.03999795031506076,4.892032088948129,0.0001635171988034756,-0.12203208894812967,4.659414291381836,703.6199569702148
calibration,native_ds_rtk_delay_dryrun,native_ds,ds_range,1,4,M1-M4,1786379422.1698382,5.249,5.157288028483168,-0.019999069997760105,5.1573268048027145,3.877631954640748e-05,0.09167319519728512,5.232334136962891,573.8599300384521
calibration,native_ds_rtk_delay_dryrun,native_ds,ds_range,1,5,M1-M5,1786379422.1709156,4.739,4.657344654911387,0.01000275174475801,4.657355396539342,1.0741627955113131e-05,0.08164460346065816,6.309747695922852,289.7975444793701
calibration,native_ds_rtk_delay_dryrun,native_ds,ds_range,1,2,M1-M2,1786379422.2941713,4.753,4.665268820695995,-0.01999865744855206,4.665311684727821,4.2864031826184146e-05,0.08768831527217902,129.56547737121582,135.82706451416016
calibration,native_ds_rtk_delay_dryrun,native_ds,ds_range,1,3,M1-M3,1786379422.260051,4.765,4.891868571749326,-0.03999795031506076,4.892032088948129,0.0001635171988034756,-0.12703208894812956,95.44515609741211,612.8342151641846
calibration,native_ds_rtk_delay_dryrun,native_ds,ds_range,1,4,M1-M4,1786379422.2883892,5.186,5.157288028483168,-0.019999069997760105,5.1573268048027145,3.877631954640748e-05,0.028673195197285395,123.78334999084473,692.410945892334
calibration,native_ds_rtk_delay_dryrun,native_ds,ds_range,1,5,M1-M5,1786379422.2883892,4.764,4.657344654911387,0.01000275174475801,4.657355396539342,1.0741627955113131e-05,0.10664460346065852,123.78334999084473,407.271146774292
calibration,native_ds_rtk_delay_dryrun,native_ds,ds_range,1,2,M1-M2,1786379422.3954523,4.755,4.665268820695995,-0.01999865744855206,4.665311684727821,4.2864031826184146e-05,0.0896883152721788,230.84640502929688,34.5461368560791
calibration,native_ds_rtk_delay_dryrun,native_ds,ds_range,1,3,M1-M3,1786379422.3954523,4.793,4.891868571749326,-0.03999795031506076,4.892032088948129,0.0001635171988034756,-0.0990320889481291,230.84640502929688,477.4329662322998
calibration,native_ds_rtk_delay_dryrun,native_ds,ds_range,1,4,M1-M4,1786379422.3477936,5.221,5.153826135963337,-0.019999072214939018,5.153864938337853,3.8802374516144766e-05,0.06713506166214689,183.18772315979004,682.8982830047607
calibration,native_ds_rtk_delay_dryrun,native_ds,ds_range,1,5,M1-M5,1786379422.357309,4.744,4.657344654911387,0.01000275174475801,4.657355396539342,1.0741627955113131e-05,0.08664460346065805,192.7032470703125,476.19104385375977
calibration,native_ds_rtk_delay_dryrun,native_ds,ds_range,1,2,M1-M2,1786379422.542171,4.787,4.665268820695995,-0.01999865744855206,4.665311684727821,4.2864031826184146e-05,0.12168831527217883,377.5651454925537,112.17260360717773
calibration,native_ds_rtk_delay_dryrun,native_ds,ds_range,1,3,M1-M3,1786379422.5424104,4.771,4.891868571749326,-0.03999795031506076,4.892032088948129,0.0001635171988034756,-0.12103208894812933,377.8045177459717,330.474853515625
calibration,native_ds_rtk_delay_dryrun,native_ds,ds_range,1,4,M1-M4,1786379422.542632,5.199,5.153826135963337,-0.019999072214939018,5.153864938337853,3.8802374516144766e-05,0.04513506166214665,378.02624702453613,488.05975914001465
calibration,native_ds_rtk_delay_dryrun,native_ds,ds_range,1,5,M1-M5,1786379422.5204873,4.766,4.657344654911387,0.01000275174475801,4.657355396539342,1.0741627955113131e-05,0.1086446034606583,355.8814525604248,639.3692493438721
calibration,native_ds_rtk_delay_dryrun,native_ds,ds_range,1,2,M1-M2,1786379422.6086946,4.76,4.665268820695995,-0.01999865744855206,4.665311684727821,4.2864031826184146e-05,0.09468831527217869,444.0886974334717,178.6961555480957
calibration,native_ds_rtk_delay_dryrun,native_ds,ds_range,1,3,M1-M3,1786379422.6377077,4.786,4.891868571749326,-0.03999795031506076,4.892032088948129,0.0001635171988034756,-0.10603208894812965,473.1018543243408,235.17751693725586
calibration,native_ds_rtk_delay_dryrun,native_ds,ds_range,1,4,M1-M4,1786379422.637955,5.194,5.153826135963337,-0.019999072214939018,5.153864938337853,3.8802374516144766e-05,0.040135061662146754,473.34909439086914,392.73691177368164
calibration,native_ds_rtk_delay_dryrun,native_ds,ds_range,1,5,M1-M5,1786379422.6381934,4.724,4.658802826236041,2.753146695122499e-06,4.658802826236855,8.135714324453147e-13,0.0651971737631456,473.5875129699707,664.853572845459
calibration,native_ds_rtk_delay_dryrun,native_ds,ds_range,1,2,M1-M2,1786379422.738546,4.749,4.665268820695995,-0.01999865744855206,4.665311684727821,4.2864031826184146e-05,0.08368831527217857,573.9400386810303,308.5474967956543
calibration,native_ds_rtk_delay_dryrun,native_ds,ds_range,1,3,M1-M3,1786379422.747085,4.777,4.891868571749326,-0.03999795031506076,4.892032088948129,0.0001635171988034756,-0.11503208894812911,582.4792385101318,125.80013275146484
calibration,native_ds_rtk_delay_dryrun,native_ds,ds_range,1,4,M1-M4,1786379422.7375147,5.199,5.153826135963337,-0.019999072214939018,5.153864938337853,3.8802374516144766e-05,0.04513506166214665,572.908878326416,293.17712783813477
calibration,native_ds_rtk_delay_dryrun,native_ds,ds_range,1,5,M1-M5,1786379422.7377775,4.777,4.658802826236041,2.753146695122499e-06,4.658802826236855,8.135714324453147e-13,0.11819717376314554,573.1716156005859,565.2694702148438
calibration,native_ds_rtk_delay_dryrun,native_ds,ds_range,1,2,M1-M2,1786379422.8821058,4.73,4.665268820695995,-0.01999865744855206,4.665311684727821,4.2864031826184146e-05,0.06468831527217933,717.4999713897705,452.10742950439453
calibration,native_ds_rtk_delay_dryrun,native_ds,ds_range,1,3,M1-M3,1786379422.8825436,4.766,4.891868571749326,-0.03999795031506076,4.892032088948129,0.0001635171988034756,-0.12603208894812923,717.937707901001,9.658336639404297
calibration,native_ds_rtk_delay_dryrun,native_ds,ds_range,1,4,M1-M4,1786379422.851115,5.195,5.153826135963337,-0.019999072214939018,5.153864938337853,3.8802374516144766e-05,0.04113506166214709,686.5091323852539,179.57687377929688
calibration,native_ds_rtk_delay_dryrun,native_ds,ds_range,1,5,M1-M5,1786379422.8815646,4.739,4.658802826236041,2.753146695122499e-06,4.658802826236855,8.135714324453147e-13,0.08019717376314528,716.95876121521,421.4823246002197
calibration,native_ds_rtk_delay_dryrun,native_ds,ds_range,1,2,M1-M2,1786379423.1812022,4.758,4.661755329367065,-0.019998659204844005,4.661798225712071,4.289634500675987e-05,0.09620177428792864,727.4777889251709,162.24169731140137
calibration,native_ds_rtk_delay_dryrun,native_ds,ds_range,1,3,M1-M3,1786379423.2119496,4.781,4.894027749772456,-0.03999795166628384,4.894191194843163,0.00016344507070709113,-0.11319119484316342,696.730375289917,339.064359664917
calibration,native_ds_rtk_delay_dryrun,native_ds,ds_range,1,4,M1-M4,1786379423.2121933,5.198,5.157510328208981,-0.019999073566162096,5.157549102871035,3.877466205359781e-05,0.04045089712896566,696.4867115020752,181.5013885498047
calibration,native_ds_rtk_delay_dryrun,native_ds,ds_range,1,5,M1-M5,1786379423.2124298,4.739,4.655232847238715,2.751795472044627e-06,4.655232847239529,8.135714324453147e-13,0.08376715276047086,696.2502002716064,90.61717987060547
calibration,native_ds_rtk_delay_dryrun,native_ds,ds_range,1,2,M1-M2,1786379423.3400915,4.766,4.661755329367065,-0.019998659204844005,4.661798225712071,4.289634500675987e-05,0.10420177428792865,568.5884952545166,3.3524036407470703
calibration,native_ds_rtk_delay_dryrun,native_ds,ds_range,1,3,M1-M3,1786379423.3400915,4.782,4.894027749772456,-0.03999795166628384,4.894191194843163,0.00016344507070709113,-0.11219119484316309,568.5884952545166,467.2062397003174
calibration,native_ds_rtk_delay_dryrun,native_ds,ds_range,1,4,M1-M4,1786379423.3405786,5.187,5.157510328208981,-0.019999073566162096,5.157549102871035,3.877466205359781e-05,0.029450897128965536,568.1014060974121,309.8866939544678
calibration,native_ds_rtk_delay_dryrun,native_ds,ds_range,1,5,M1-M5,1786379423.3100681,4.75,4.655232847238715,2.751795472044627e-06,4.655232847239529,8.135714324453147e-13,0.09476715276047099,598.6118316650391,7.021188735961914
calibration,native_ds_rtk_delay_dryrun,native_ds,ds_range,1,2,M1-M2,1786379423.401765,4.71,4.661755329367065,-0.019998659204844005,4.661798225712071,4.289634500675987e-05,0.0482017742879286,506.9148540496826,58.321237564086914
calibration,native_ds_rtk_delay_dryrun,native_ds,ds_range,1,3,M1-M3,1786379423.4117906,4.8,4.894027749772456,-0.03999795166628384,4.894191194843163,0.00016344507070709113,-0.0941911948431633,496.8893527984619,538.9053821563721
calibration,native_ds_rtk_delay_dryrun,native_ds,ds_range,1,4,M1-M4,1786379423.4397576,5.188,5.157510328208981,-0.019999073566162096,5.157549102871035,3.877466205359781e-05,0.030450897128964982,468.92237663269043,409.06572341918945
calibration,native_ds_rtk_delay_dryrun,native_ds,ds_range,1,5,M1-M5,1786379423.439998,4.733,4.655232847238715,2.751795472044627e-06,4.655232847239529,8.135714324453147e-13,0.07776715276047064,468.68205070495605,136.95096969604492
calibration,native_ds_rtk_delay_dryrun,native_ds,ds_range,1,2,M1-M2,1786379423.5092723,4.764,4.661755329367065,-0.019998659204844005,4.661798225712071,4.289634500675987e-05,0.10220177428792887,399.40762519836426,165.82846641540527
calibration,native_ds_rtk_delay_dryrun,native_ds,ds_range,1,3,M1-M3,1786379423.537387,4.768,4.894027749772456,-0.03999795166628384,4.894191194843163,0.00016344507070709113,-0.12619119484316332,371.2930679321289,664.5016670227051
calibration,native_ds_rtk_delay_dryrun,native_ds,ds_range,1,4,M1-M4,1786379423.537387,5.198,5.157510328208981,-0.019999073566162096,5.157549102871035,3.877466205359781e-05,0.04045089712896566,371.2930679321289,506.695032119751
calibration,native_ds_rtk_delay_dryrun,native_ds,ds_range,1,5,M1-M5,1786379423.539713,4.738,4.655232847238715,2.751795472044627e-06,4.655232847239529,8.135714324453147e-13,0.08276715276047142,368.96705627441406,236.6659641265869
calibration,native_ds_rtk_delay_dryrun,native_ds,ds_range,1,2,M1-M2,1786379423.6906166,4.715,4.661755329367065,-0.019998659204844005,4.661798225712071,4.289634500675987e-05,0.053201774287928494,218.0633544921875,347.17273712158203
calibration,native_ds_rtk_delay_dryrun,native_ds,ds_range,1,3,M1-M3,1786379423.6908581,4.763,4.893155347863577,-0.039997951548256916,4.8933188220730095,0.00016347420943230162,-0.1303188220730096,217.82183647155762,713.0894660949707
calibration,native_ds_rtk_delay_dryrun,native_ds,ds_range,1,4,M1-M4,1786379423.6911077,5.219,5.157510328208981,-0.019999073566162096,5.157549102871035,3.877466205359781e-05,0.061450897128965565,217.57221221923828,660.4158878326416
calibration,native_ds_rtk_delay_dryrun,native_ds,ds_range,1,5,M1-M5,1786379423.6609404,4.743,4.655232847238715,2.751795472044627e-06,4.655232847239529,8.135714324453147e-13,0.08776715276047131,247.7395534515381,357.8934669494629
calibration,native_ds_rtk_delay_dryrun,native_ds,ds_range,1,2,M1-M2,1786379423.7994237,4.722,4.661755329367065,-0.019998659204844005,4.661798225712071,4.289634500675987e-05,0.060201774287929055,109.25626754760742,455.9798240661621
calibration,native_ds_rtk_delay_dryrun,native_ds,ds_range,1,3,M1-M3,1786379423.795192,4.825,4.893155347863577,-0.039997951548256916,4.8933188220730095,0.00016347420943230162,-0.06831882207300932,113.48795890808105,608.7555885314941
calibration,native_ds_rtk_delay_dryrun,native_ds,ds_range,1,5,M1-M5,1786379423.7956753,4.76,4.655232847238715,2.751795472044627e-06,4.655232847239529,8.135714324453147e-13,0.10476715276047077,113.00468444824219,492.6283359527588
calibration,native_ds_rtk_delay_dryrun,native_ds,ds_range,1,2,M1-M2,1786379423.9029727,4.761,4.661755329367065,-0.019998659204844005,4.661798225712071,4.289634500675987e-05,0.09920177428792876,5.707263946533203,559.5288276672363
calibration,native_ds_rtk_delay_dryrun,native_ds,ds_range,1,3,M1-M3,1786379423.903247,4.766,4.893155347863577,-0.039997951548256916,4.8933188220730095,0.00016347420943230162,-0.12731882207300949,5.432844161987305,500.7004737854004
calibration,native_ds_rtk_delay_dryrun,native_ds,ds_range,1,4,M1-M4,1786379423.9092824,5.199,5.157847420034251,-0.019999073416310048,5.1578861921616195,3.877212736824731e-05,0.04111380783838037,0.6024837493896484,646.0464000701904
calibration,native_ds_rtk_delay_dryrun,native_ds,ds_range,1,5,M1-M5,1786379423.8757646,4.757,4.655232847238715,2.751795472044627e-06,4.655232847239529,8.135714324453147e-13,0.10176715276047066,32.915353775024414,572.7176666259766
calibration,native_ds_rtk_delay_dryrun,native_ds,ds_range,1,2,M1-M2,1786379424.036934,4.766,4.661755329367065,-0.019998659204844005,4.661798225712071,4.289634500675987e-05,0.10420177428792865,128.25393676757812,693.4900283813477
calibration,native_ds_rtk_delay_dryrun,native_ds,ds_range,1,3,M1-M3,1786379424.0374088,4.741,4.893155347863577,-0.039997951548256916,4.8933188220730095,0.00016347420943230162,-0.15231882207300984,128.72886657714844,366.53876304626465
calibration,native_ds_rtk_delay_dryrun,native_ds,ds_range,1,4,M1-M4,1786379424.0012152,5.157,5.157847420034251,-0.019999073416310048,5.1578861921616195,3.877212736824731e-05,-0.0008861921616194479,92.53525733947754,554.1136264801025
calibration,native_ds_rtk_delay_dryrun,native_ds,ds_range,1,5,M1-M5,1786379424.0091534,4.739,4.655232847238715,2.751795472044627e-06,4.655232847239529,8.135714324453147e-13,0.08376715276047086,100.47340393066406,706.106424331665
calibration,native_ds_rtk_delay_dryrun,native_ds,ds_range,1,3,M1-M3,1786379424.1420896,4.792,4.893155347863577,-0.039997951548256916,4.8933188220730095,0.00016347420943230162,-0.10131882207300968,233.40964317321777,261.8579864501953
calibration,native_ds_rtk_delay_dryrun,native_ds,ds_range,1,4,M1-M4,1786379424.1423361,5.195,5.157847420034251,-0.019999073416310048,5.1578861921616195,3.877212736824731e-05,0.03711380783838081,233.6561679840088,412.9927158355713
calibration,native_ds_rtk_delay_dryrun,native_ds,ds_range,1,5,M1-M5,1786379424.1425753,4.735,4.654948100206919,2.75032039886991e-06,4.654948100207732,8.126832540256146e-13,0.08005189979226834,233.89530181884766,699.537992477417
calibration,native_ds_rtk_delay_dryrun,native_ds,ds_range,1,3,M1-M3,1786379424.2800171,4.784,4.893155347863577,-0.039997951548256916,4.8933188220730095,0.00016347420943230162,-0.10931882207300969,371.3371753692627,123.93045425415039
calibration,native_ds_rtk_delay_dryrun,native_ds,ds_range,1,4,M1-M4,1786379424.280249,5.222,5.157847420034251,-0.019999073416310048,5.1578861921616195,3.877212736824731e-05,0.06411380783838094,371.5691566467285,275.07972717285156
calibration,native_ds_rtk_delay_dryrun,native_ds,ds_range,1,5,M1-M5,1786379424.2804928,4.733,4.654948100206919,2.75032039886991e-06,4.654948100207732,8.126832540256146e-13,0.07805189979226768,371.8128204345703,561.6204738616943
calibration,native_ds_rtk_delay_dryrun,native_ds,ds_range,1,3,M1-M3,1786379424.3891065,4.763,4.893155347863577,-0.039997951548256916,4.8933188220730095,0.00016347420943230162,-0.1303188220730096,480.426549911499,14.841079711914062
calibration,native_ds_rtk_delay_dryrun,native_ds,ds_range,1,4,M1-M4,1786379424.350555,5.156,5.157847420034251,-0.019999073416310048,5.1578861921616195,3.877212736824731e-05,-0.0018861921616197819,441.8749809265137,204.7739028930664
calibration,native_ds_rtk_delay_dryrun,native_ds,ds_range,1,5,M1-M5,1786379424.3883247,4.728,4.654948100206919,2.75032039886991e-06,4.654948100207732,8.126832540256146e-13,0.07305189979226778,479.644775390625,453.78851890563965
calibration,native_ds_rtk_delay_dryrun,native_ds,ds_range,1,2,M1-M2,1786379424.4883246,4.716,4.6628630241887405,-0.019998658013505866,4.662905910338414,4.2886149673293517e-05,0.05309408966158635,579.6446800231934,730.2582263946533
calibration,native_ds_rtk_delay_dryrun,native_ds,ds_range,1,3,M1-M3,1786379424.4888506,4.802,4.893155347863577,-0.039997951548256916,4.8933188220730095,0.00016347420943230162,-0.0913188220730099,580.1706314086914,84.90300178527832
calibration,native_ds_rtk_delay_dryrun,native_ds,ds_range,1,4,M1-M4,1786379424.4890907,5.178,5.157847420034251,-0.019999073416310048,5.1578861921616195,3.877212736824731e-05,0.02011380783838046,580.4107189178467,66.2381649017334
calibration,native_ds_rtk_delay_dryrun,native_ds,ds_range,1,5,M1-M5,1786379424.500635,4.68,4.654948100206919,2.75032039886991e-06,4.654948100207732,8.126832540256146e-13,0.02505189979226774,591.9549465179443,341.4783477783203
calibration,native_ds_rtk_delay_dryrun,native_ds,ds_range,1,2,M1-M2,1786379424.6019812,4.794,4.664034067474209,-0.019998657355209337,4.664076942853326,4.287537911640271e-05,0.12992305714667385,564.4776821136475,616.6017055511475
calibration,native_ds_rtk_delay_dryrun,native_ds,ds_range,1,3,M1-M3,1786379424.6096292,4.777,4.891868571950644,-0.03999795088996039,4.8920320891541405,0.00016351720349661036,-0.11503208915414032,556.8296909332275,205.68156242370605
calibration,native_ds_rtk_delay_dryrun,native_ds,ds_range,1,4,M1-M4,1786379424.6010303,5.225,5.157288028451022,-0.01999907275801352,5.157326804781273,3.877633025073379e-05,0.06767319521872661,565.4284954071045,45.70150375366211
calibration,native_ds_rtk_delay_dryrun,native_ds,ds_range,1,5,M1-M5,1786379424.6012654,4.76,4.655434574975097,2.7509786953983095e-06,4.65543457497591,8.126832540256146e-13,0.10456542502408972,565.1934146881104,240.84782600402832
calibration,native_ds_rtk_delay_dryrun,native_ds,ds_range,1,2,M1-M2,1786379424.708784,4.681,4.664034067474209,-0.019998657355209337,4.664076942853326,4.287537911640271e-05,0.016923057146674303,457.6747417449951,509.7987651824951
calibration,native_ds_rtk_delay_dryrun,native_ds,ds_range,1,3,M1-M3,1786379424.7090273,4.789,4.891868571950644,-0.03999795088996039,4.8920320891541405,0.00016351720349661036,-0.10303208915414075,457.4315547943115,305.07969856262207
calibration,native_ds_rtk_delay_dryrun,native_ds,ds_range,1,4,M1-M4,1786379424.7092757,5.225,5.157288028451022,-0.01999907275801352,5.157326804781273,3.877633025073379e-05,0.06767319521872661,457.1831226348877,153.9468765258789
calibration,native_ds_rtk_delay_dryrun,native_ds,ds_range,1,5,M1-M5,1786379424.6725962,4.774,4.655434574975097,2.7509786953983095e-06,4.65543457497591,8.126832540256146e-13,0.11856542502408995,493.8626289367676,169.51704025268555
calibration,native_ds_rtk_delay_dryrun,native_ds,ds_range,1,2,M1-M2,1786379424.8413134,4.788,4.664034067474209,-0.019998657355209337,4.664076942853326,4.287537911640271e-05,0.12392305714667451,325.1454830169678,377.2695064544678
calibration,native_ds_rtk_delay_dryrun,native_ds,ds_range,1,3,M1-M3,1786379424.8094928,4.829,4.891868571950644,-0.03999795088996039,4.8920320891541405,0.00016351720349661036,-0.06303208915414071,356.9660186767578,405.5452346801758
calibration,native_ds_rtk_delay_dryrun,native_ds,ds_range,1,4,M1-M4,1786379424.809728,5.242,5.157288028451022,-0.01999907275801352,5.157326804781273,3.877633025073379e-05,0.08467319521872696,356.7309379577637,254.39906120300293
calibration,native_ds_rtk_delay_dryrun,native_ds,ds_range,1,5,M1-M5,1786379424.8407903,4.746,4.655434574975097,2.7509786953983095e-06,4.65543457497591,8.126832540256146e-13,0.09056542502409037,325.6685733795166,1.3229846954345703
calibration,native_ds_rtk_delay_dryrun,native_ds,ds_range,1,2,M1-M2,1786379424.9606543,4.721,4.664034067474209,-0.019998657355209337,4.664076942853326,4.287537911640271e-05,0.05692305714667434,205.80458641052246,257.92860984802246
calibration,native_ds_rtk_delay_dryrun,native_ds,ds_range,1,3,M1-M3,1786379424.9627097,4.784,4.891868571950644,-0.03999795088996039,4.8920320891541405,0.00016351720349661036,-0.10803208915414064,203.7491798400879,558.7620735168457
calibration,native_ds_rtk_delay_dryrun,native_ds,ds_range,1,4,M1-M4,1786379424.9323385,5.246,5.157288028451022,-0.01999907275801352,5.157326804781273,3.877633025073379e-05,0.08867319521872741,234.12036895751953,377.00963020324707
calibration,native_ds_rtk_delay_dryrun,native_ds,ds_range,1,5,M1-M5,1786379424.9601033,4.748,4.655434574975097,2.7509786953983095e-06,4.65543457497591,8.126832540256146e-13,0.09256542502409015,206.35557174682617,117.99001693725586
calibration,native_ds_rtk_delay_dryrun,native_ds,ds_range,1,2,M1-M2,1786379425.036607,4.789,4.664034067474209,-0.019998657355209337,4.664076942853326,4.287537911640271e-05,0.12492305714667395,129.8518180847168,181.9758415222168
calibration,native_ds_rtk_delay_dryrun,native_ds,ds_range,1,3,M1-M3,1786379425.0672464,4.797,4.891868571950644,-0.03999795088996039,4.8920320891541405,0.00016351720349661036,-0.09503208915414074,99.2124080657959,663.2988452911377
calibration,native_ds_rtk_delay_dryrun,native_ds,ds_range,1,4,M1-M4,1786379425.0674782,5.21,5.157288028451022,-0.01999907275801352,5.157326804781273,3.877633025073379e-05,0.05267319521872693,98.98066520690918,512.1493339538574
calibration,native_ds_rtk_delay_dryrun,native_ds,ds_range,1,5,M1-M5,1786379425.0677106,4.752,4.655434574975097,2.7509786953983095e-06,4.65543457497591,8.126832540256146e-13,0.09656542502408971,98.74820709228516,225.59738159179688
calibration,native_ds_rtk_delay_dryrun,native_ds,ds_range,1,2,M1-M2,1786379425.1715348,4.748,4.664034067474209,-0.019998657355209337,4.664076942853326,4.287537911640271e-05,0.08392305714667447,5.075931549072266,47.048091888427734
calibration,native_ds_rtk_delay_dryrun,native_ds,ds_range,1,3,M1-M3,1786379425.1717732,4.766,4.892919586628202,-0.039997949620734774,4.893083068698482,0.00016348207028027417,-0.1270830686984823,5.314350128173828,731.5671443939209
calibration,native_ds_rtk_delay_dryrun,native_ds,ds_range,1,4,M1-M4,1786379425.1736825,5.187,5.157288028451022,-0.01999907275801352,5.157326804781273,3.877633025073379e-05,0.029673195218727244,7.223606109619141,618.3536052703857
calibration,native_ds_rtk_delay_dryrun,native_ds,ds_range,1,5,M1-M5,1786379425.1416023,4.757,4.655434574975097,2.7509786953983095e-06,4.65543457497591,8.126832540256146e-13,0.1015654250240896,24.8565673828125,299.48902130126953
calibration,native_ds_rtk_delay_dryrun,native_ds,ds_range,1,2,M1-M2,1786379425.3070273,4.789,4.664034067474209,-0.019998657355209337,4.664076942853326,4.287537911640271e-05,0.12492305714667395,140.56849479675293,88.44447135925293
calibration,native_ds_rtk_delay_dryrun,native_ds,ds_range,1,3,M1-M3,1786379425.276446,4.834,4.892919586628202,-0.039997949620734774,4.893083068698482,0.00016348207028027417,-0.05908306869848268,109.98725891113281,626.8942356109619
calibration,native_ds_rtk_delay_dryrun,native_ds,ds_range,1,4,M1-M4,1786379425.2841573,5.19,5.157288028451022,-0.01999907275801352,5.157326804781273,3.877633025073379e-05,0.03267319521872736,117.69843101501465,728.8284301757812
calibration,native_ds_rtk_delay_dryrun,native_ds,ds_range,1,5,M1-M5,1786379425.306507,4.741,4.655434574975097,2.7509786953983095e-06,4.65543457497591,8.126832540256146e-13,0.08556542502408959,140.04826545715332,464.39385414123535
calibration,native_ds_rtk_delay_dryrun,native_ds,ds_range,1,2,M1-M2,1786379425.3891375,4.742,4.664034067474209,-0.019998657355209337,4.664076942853326,4.287537911640271e-05,0.07792305714667425,222.67866134643555,170.55463790893555
calibration,native_ds_rtk_delay_dryrun,native_ds,ds_range,1,3,M1-M3,1786379425.393214,4.815,4.892919586628202,-0.039997949620734774,4.893083068698482,0.00016348207028027417,-0.07808306869848192,226.75514221191406,510.12635231018066
calibration,native_ds_rtk_delay_dryrun,native_ds,ds_range,1,4,M1-M4,1786379425.4204135,5.225,5.157510327315899,-0.01999907223049538,5.15754910197278,3.877465688084669e-05,0.06745089802721971,253.95464897155762,654.0124416351318
calibration,native_ds_rtk_delay_dryrun,native_ds,ds_range,1,5,M1-M5,1786379425.42065,4.76,4.655434574975097,2.7509786953983095e-06,4.65543457497591,8.126832540256146e-13,0.10456542502408972,254.19116020202637,578.5367488861084
calibration,native_ds_rtk_delay_dryrun,native_ds,ds_range,1,2,M1-M2,1786379425.5138652,4.749,4.664034067474209,-0.019998657355209337,4.664076942853326,4.287537911640271e-05,0.08492305714667392,347.40638732910156,295.28236389160156
calibration,native_ds_rtk_delay_dryrun,native_ds,ds_range,1,3,M1-M3,1786379425.5388288,4.758,4.892919586628202,-0.039997949620734774,4.893083068698482,0.00016348207028027417,-0.1350830686984823,372.37000465393066,364.51148986816406
calibration,native_ds_rtk_delay_dryrun,native_ds,ds_range,1,4,M1-M4,1786379425.53906,5.184,5.157510327315899,-0.01999907223049538,5.15754910197278,3.877465688084669e-05,0.026450898027220227,372.6012706756592,535.3658199310303
calibration,native_ds_rtk_delay_dryrun,native_ds,ds_range,1,5,M1-M5,1786379425.5392926,4.738,4.655434574975097,2.7509786953983095e-06,4.65543457497591,8.126832540256146e-13,0.08256542502409037,372.8337287902832,697.1793174743652
calibration,native_ds_rtk_delay_dryrun,native_ds,ds_range,1,2,M1-M2,1786379425.6633122,4.777,4.664034067474209,-0.019998657355209337,4.664076942853326,4.287537911640271e-05,0.11292305714667439,496.8533515930176,444.7293281555176
calibration,native_ds_rtk_delay_dryrun,native_ds,ds_range,1,3,M1-M3,1786379425.6635675,4.811,4.892919586628202,-0.039997949620734774,4.893083068698482,0.00016348207028027417,-0.08208306869848236,497.10869789123535,239.77279663085938
calibration,native_ds_rtk_delay_dryrun,native_ds,ds_range,1,4,M1-M4,1786379425.663793,5.222,5.157510327315899,-0.01999907223049538,5.15754910197278,3.877465688084669e-05,0.06445089802722048,497.33424186706543,410.632848739624
calibration,native_ds_rtk_delay_dryrun,native_ds,ds_range,1,5,M1-M5,1786379425.633284,4.753,4.654461975214396,2.751292337399569e-06,4.654461975215209,8.135714324453147e-13,0.09853802478479068,466.8252468109131,690.9542083740234
calibration,native_ds_rtk_delay_dryrun,native_ds,ds_range,1,2,M1-M2,1786379425.7710094,4.766,4.6594135300532775,-0.009998661612830695,4.659424258132929,1.0728079651300959e-05,0.1065757418670712,604.5506000518799,537.3308658599854
calibration,native_ds_rtk_delay_dryrun,native_ds,ds_range,1,3,M1-M3,1786379425.771292,4.765,4.892919586628202,-0.039997949620734774,4.893083068698482,0.00016348207028027417,-0.12808306869848263,604.8331260681152,132.0483684539795
calibration,native_ds_rtk_delay_dryrun,native_ds,ds_range,1,4,M1-M4,1786379425.7715356,5.268,5.157510327315899,-0.01999907223049538,5.15754910197278,3.877465688084669e-05,0.11045089802721986,605.076789855957,302.8903007507324
calibration,native_ds_rtk_delay_dryrun,native_ds,ds_range,1,5,M1-M5,1786379425.741366,4.76,4.654461975214396,2.751292337399569e-06,4.654461975215209,8.135714324453147e-13,0.10553802478479035,574.9070644378662,582.8723907470703
calibration,native_ds_rtk_delay_dryrun,native_ds,ds_range,1,2,M1-M2,1786379425.8915231,4.788,4.6594135300532775,-0.009998661612830695,4.659424258132929,1.0728079651300959e-05,0.12857574186707144,725.0642776489258,416.81718826293945
calibration,native_ds_rtk_delay_dryrun,native_ds,ds_range,1,3,M1-M3,1786379425.8917642,4.779,4.892919586628202,-0.039997949620734774,4.893083068698482,0.00016348207028027417,-0.11408306869848239,725.3053188323975,11.576175689697266
calibration,native_ds_rtk_delay_dryrun,native_ds,ds_range,1,4,M1-M4,1786379425.8596826,5.198,5.157510327315899,-0.01999907223049538,5.15754910197278,3.877465688084669e-05,0.04045089802722046,693.2237148284912,214.74337577819824
calibration,native_ds_rtk_delay_dryrun,native_ds,ds_range,1,5,M1-M5,1786379425.8910136,4.73,4.654461975214396,2.751292337399569e-06,4.654461975215209,8.135714324453147e-13,0.07553802478479099,724.5547771453857,433.2246780395508
calibration,native_ds_rtk_delay_dryrun,native_ds,ds_range,1,2,M1-M2,1786379426.012618,4.778,4.660711019840392,-0.009998661203038384,4.6607217449325935,1.0725092201901987e-05,0.11727825506740608,650.7663726806641,295.72224617004395
calibration,native_ds_rtk_delay_dryrun,native_ds,ds_range,1,3,M1-M3,1786379425.9835975,4.805,4.891199481570716,-0.03999794921094246,4.891363021128029,0.00016353955731318592,-0.08636302112802952,679.7869205474854,80.25717735290527
calibration,native_ds_rtk_delay_dryrun,native_ds,ds_range,1,4,M1-M4,1786379426.0111334,5.197,5.155388808537856,-0.019999071820703068,5.155427599149372,3.8790611516681395e-05,0.041572400850627744,652.2510051727295,63.292503356933594
calibration,native_ds_rtk_delay_dryrun,native_ds,ds_range,1,5,M1-M5,1786379426.0114172,4.712,4.656489962408604,2.7517021297107647e-06,4.656489962409417,8.126832540256146e-13,0.05551003759058304,651.9672870635986,312.8211498260498
calibration,native_ds_rtk_delay_dryrun,native_ds,ds_range,1,2,M1-M2,1786379426.1012223,4.749,4.660711019840392,-0.009998661203038384,4.6607217449325935,1.0725092201901987e-05,0.08827825506740616,562.1621608734131,207.11803436279297
calibration,native_ds_rtk_delay_dryrun,native_ds,ds_range,1,3,M1-M3,1786379426.1427677,4.759,4.891199481570716,-0.03999794921094246,4.891363021128029,0.00016353955731318592,-0.1323630211280289,520.6167697906494,239.4273281097412
calibration,native_ds_rtk_delay_dryrun,native_ds,ds_range,1,4,M1-M4,1786379426.1430101,5.198,5.155388808537856,-0.019999071820703068,5.155427599149372,3.8790611516681395e-05,0.04257240085062808,520.3742980957031,68.58420372009277
calibration,native_ds_rtk_delay_dryrun,native_ds,ds_range,1,5,M1-M5,1786379426.1432528,4.74,4.656489962408604,2.7517021297107647e-06,4.656489962409417,8.126832540256146e-13,0.08351003759058351,520.1315879821777,180.9854507446289
calibration,native_ds_rtk_delay_dryrun,native_ds,ds_range,1,2,M1-M2,1786379426.2497742,4.747,4.660711019840392,-0.009998661203038384,4.6607217449325935,1.0725092201901987e-05,0.08627825506740638,413.61021995544434,58.56609344482422
calibration,native_ds_rtk_delay_dryrun,native_ds,ds_range,1,3,M1-M3,1786379426.250031,4.812,4.891199481570716,-0.03999794921094246,4.891363021128029,0.00016353955731318592,-0.07936302112802895,413.35344314575195,346.6906547546387
calibration,native_ds_rtk_delay_dryrun,native_ds,ds_range,1,4,M1-M4,1786379426.220423,5.187,5.155388808537856,-0.019999071820703068,5.155427599149372,3.8790611516681395e-05,0.03157240085062796,442.9614543914795,145.9970474243164
calibration,native_ds_rtk_delay_dryrun,native_ds,ds_range,1,5,M1-M5,1786379426.2206793,4.773,4.656489962408604,2.7517021297107647e-06,4.656489962409417,8.126832540256146e-13,0.11651003759058298,442.7051544189453,103.55901718139648
calibration,native_ds_rtk_delay_dryrun,native_ds,ds_range,1,2,M1-M2,1786379426.3697255,4.71,4.660711019840392,-0.009998661203038384,4.6607217449325935,1.0725092201901987e-05,0.04927825506740646,293.658971786499,61.385154724121094
calibration,native_ds_rtk_delay_dryrun,native_ds,ds_range,1,3,M1-M3,1786379426.3416095,4.772,4.891199481570716,-0.03999794921094246,4.891363021128029,0.00016353955731318592,-0.11936302112802899,321.774959564209,438.26913833618164
calibration,native_ds_rtk_delay_dryrun,native_ds,ds_range,1,4,M1-M4,1786379426.3689985,5.211,5.155388808537856,-0.019999071820703068,5.155427599149372,3.8790611516681395e-05,0.05557240085062798,294.3859100341797,294.5725917816162
calibration,native_ds_rtk_delay_dryrun,native_ds,ds_range,1,5,M1-M5,1786379426.3689985,4.746,4.656489962408604,2.7517021297107647e-06,4.656489962409417,8.126832540256146e-13,0.08951003759058374,294.3859100341797,44.76022720336914
calibration,native_ds_rtk_delay_dryrun,native_ds,ds_range,1,2,M1-M2,1786379426.4658663,4.744,4.660711019840392,-0.009998661203038384,4.6607217449325935,1.0725092201901987e-05,0.08327825506740627,197.51811027526855,157.52601623535156
calibration,native_ds_rtk_delay_dryrun,native_ds,ds_range,1,3,M1-M3,1786379426.46609,4.76,4.891199481570716,-0.03999794921094246,4.891363021128029,0.00016353955731318592,-0.13136302112802944,197.2944736480713,562.7496242523193
calibration,native_ds_rtk_delay_dryrun,native_ds,ds_range,1,4,M1-M4,1786379426.4299767,5.211,5.155388808537856,-0.019999071820703068,5.155427599149372,3.8790611516681395e-05,0.05557240085062798,233.40773582458496,355.55076599121094
calibration,native_ds_rtk_delay_dryrun,native_ds,ds_range,1,5,M1-M5,1786379426.4653587,4.733,4.656489962408604,2.7517021297107647e-06,4.656489962409417,8.126832540256146e-13,0.07651003759058295,198.02570343017578,141.12043380737305
calibration,native_ds_rtk_delay_dryrun,native_ds,ds_range,1,2,M1-M2,1786379426.5512142,4.72,4.660711019840392,-0.009998661203038384,4.6607217449325935,1.0725092201901987e-05,0.05927825506740625,112.17021942138672,242.8739070892334
calibration,native_ds_rtk_delay_dryrun,native_ds,ds_range,1,3,M1-M3,1786379426.5533612,4.819,4.891199481570716,-0.03999794921094246,4.891363021128029,0.00016353955731318592,-0.07236302112802928,110.02326011657715,650.0208377838135
calibration,native_ds_rtk_delay_dryrun,native_ds,ds_range,1,4,M1-M4,1786379426.5800822,5.192,5.155388808537856,-0.019999071820703068,5.155427599149372,3.8790611516681395e-05,0.03657240085062785,83.30225944519043,505.65624237060547
calibration,native_ds_rtk_delay_dryrun,native_ds,ds_range,1,5,M1-M5,1786379426.5805552,4.732,4.656489962408604,2.7517021297107647e-06,4.656489962409417,8.126832540256146e-13,0.0755100375905835,82.82923698425293,256.3169002532959
calibration,native_ds_rtk_delay_dryrun,native_ds,ds_range,1,2,M1-M2,1786379426.6825867,4.769,4.660711019840392,-0.009998661203038384,4.6607217449325935,1.0725092201901987e-05,0.10827825506740663,19.202232360839844,374.24635887145996
calibration,native_ds_rtk_delay_dryrun,native_ds,ds_range,1,3,M1-M3,1786379426.6500218,4.771,4.889277727271783,-0.04999795092467718,4.889533361118686,0.00025563384690308055,-0.11853336111868629,13.362646102905273,680.7191371917725
calibration,native_ds_rtk_delay_dryrun,native_ds,ds_range,1,4,M1-M4,1786379426.6532865,5.219,5.155388808537856,-0.019999071820703068,5.155427599149372,3.8790611516681395e-05,0.06357240085062799,10.097980499267578,578.8605213165283
calibration,native_ds_rtk_delay_dryrun,native_ds,ds_range,1,5,M1-M5,1786379426.6820545,4.746,4.656489962408604,2.7517021297107647e-06,4.656489962409417,8.126832540256146e-13,0.08951003759058374,18.670082092285156,357.816219329834
calibration,native_ds_rtk_delay_dryrun,native_ds,ds_range,1,2,M1-M2,1786379426.7771375,4.797,4.660711019840392,-0.009998661203038384,4.6607217449325935,1.0725092201901987e-05,0.1362782550674062,113.75308036804199,468.7972068786621
calibration,native_ds_rtk_delay_dryrun,native_ds,ds_range,1,3,M1-M3,1786379426.7776105,4.815,4.889277727271783,-0.04999795092467718,4.889533361118686,0.00025563384690308055,-0.0745333611186858,114.22610282897949,553.1303882598877
calibration,native_ds_rtk_delay_dryrun,native_ds,ds_range,1,4,M1-M4,1786379426.7812567,5.183,5.155388808537856,-0.019999071820703068,5.155427599149372,3.8790611516681395e-05,0.02757240085062751,117.87223815917969,706.8307399749756
calibration,native_ds_rtk_delay_dryrun,native_ds,ds_range,1,5,M1-M5,1786379426.7497485,4.748,4.656489962408604,2.7517021297107647e-06,4.656489962409417,8.126832540256146e-13,0.09151003759058352,86.3640308380127,425.5101680755615
calibration,native_ds_rtk_delay_dryrun,native_ds,ds_range,1,2,M1-M2,1786379426.870449,4.771,4.660711019840392,-0.009998661203038384,4.6607217449325935,1.0725092201901987e-05,0.1102782550674064,207.06462860107422,562.1087551116943
calibration,native_ds_rtk_delay_dryrun,native_ds,ds_range,1,3,M1-M3,1786379426.870912,4.768,4.889277727271783,-0.04999795092467718,4.889533361118686,0.00025563384690308055,-0.1215333611186864,207.52763748168945,459.82885360717773
calibration,native_ds_rtk_delay_dryrun,native_ds,ds_range,1,4,M1-M4,1786379426.8748937,5.192,5.153380970317707,-0.019999072978511667,5.153419776047035,3.8805729327684446e-05,0.03858022395296512,211.50922775268555,749.500036239624
calibration,native_ds_rtk_delay_dryrun,native_ds,ds_range,1,5,M1-M5,1786379426.8419847,4.773,4.656489962408604,2.7517021297107647e-06,4.656489962409417,8.126832540256146e-13,0.11651003759058298,178.60031127929688,517.7464485168457
calibration,native_ds_rtk_delay_dryrun,native_ds,ds_range,1,2,M1-M2,1786379426.9748003,4.78,4.660711019840392,-0.009998661203038384,4.6607217449325935,1.0725092201901987e-05,0.11927825506740675,311.4159107208252,666.4600372314453
calibration,native_ds_rtk_delay_dryrun,native_ds,ds_range,1,3,M1-M3,1786379426.9780452,4.781,4.889277727271783,-0.04999795092467718,4.889533361118686,0.00025563384690308055,-0.1085333611186865,314.66078758239746,352.6957035064697
calibration,native_ds_rtk_delay_dryrun,native_ds,ds_range,1,4,M1-M4,1786379426.9459624,5.262,5.153380970317707,-0.019999072978511667,5.153419776047035,3.8805729327684446e-05,0.10858022395296452,282.5779914855957,678.4312725067139
calibration,native_ds_rtk_delay_dryrun,native_ds,ds_range,1,5,M1-M5,1786379426.9742565,4.76,4.656489962408604,2.7517021297107647e-06,4.656489962409417,8.126832540256146e-13,0.10351003759058308,310.87207794189453,650.0182151794434
calibration,native_ds_rtk_delay_dryrun,native_ds,ds_range,1,3,M1-M3,1786379427.07271,4.791,4.889277727271783,-0.04999795092467718,4.889533361118686,0.00025563384690308055,-0.09853336111868582,409.32559967041016,258.03089141845703
calibration,native_ds_rtk_delay_dryrun,native_ds,ds_range,1,4,M1-M4,1786379427.1026757,5.227,5.153380970317707,-0.019999072978511667,5.153419776047035,3.8805729327684446e-05,0.07358022395296526,439.29123878479004,521.7180252075195
calibration,native_ds_rtk_delay_dryrun,native_ds,ds_range,1,5,M1-M5,1786379427.1026757,4.73,4.654948098393396,2.7500888520881617e-06,4.654948098394208,8.126832540256146e-13,0.075051901605792,439.29123878479004,718.355655670166
calibration,native_ds_rtk_delay_dryrun,native_ds,ds_range,1,3,M1-M3,1786379427.2130187,4.822,4.889277727271783,-0.04999795092467718,4.889533361118686,0.00025563384690308055,-0.06753336111868613,549.6342182159424,117.7222728729248
calibration,native_ds_rtk_delay_dryrun,native_ds,ds_range,1,4,M1-M4,1786379427.2430413,5.166,5.153380970317707,-0.019999072978511667,5.153419776047035,3.8805729327684446e-05,0.01258022395296532,579.6568393707275,381.35242462158203
calibration,native_ds_rtk_delay_dryrun,native_ds,ds_range,1,5,M1-M5,1786379427.243305,4.744,4.654948098393396,2.7500888520881617e-06,4.654948098394208,8.126832540256146e-13,0.08905190160579135,579.9205303192139,577.7263641357422
calibration,native_ds_rtk_delay_dryrun,native_ds,ds_range,1,3,M1-M3,1786379427.3508732,4.763,4.889277727271783,-0.04999795092467718,4.889533361118686,0.00025563384690308055,-0.1265333611186863,687.4887943267822,20.13230323791504
calibration,native_ds_rtk_delay_dryrun,native_ds,ds_range,1,4,M1-M4,1786379427.341963,5.208,5.153380970317707,-0.019999072978511667,5.153419776047035,3.8805729327684446e-05,0.054580223952965135,678.5786151885986,282.43064880371094
calibration,native_ds_rtk_delay_dryrun,native_ds,ds_range,1,5,M1-M5,1786379427.3422248,4.707,4.654948098393396,2.7500888520881617e-06,4.654948098394208,8.126832540256146e-13,0.05205190160579143,678.8403987884521,478.8064956665039
calibration,native_ds_rtk_delay_dryrun,native_ds,ds_range,1,3,M1-M3,1786379427.45721,4.82,4.8918503616140105,-0.04999795156942338,4.892105861036152,0.0002554994221410922,-0.07210586103615135,731.3106060028076,126.46913528442383
calibration,native_ds_rtk_delay_dryrun,native_ds,ds_range,1,4,M1-M4,1786379427.4495158,5.194,5.154499669839151,-0.019999073623257868,5.154538467148897,3.8797309746207986e-05,0.03946153285110299,739.0048503875732,174.87788200378418
calibration,native_ds_rtk_delay_dryrun,native_ds,ds_range,1,5,M1-M5,1786379427.4497771,4.757,4.65397620223122,2.7494441058872887e-06,4.653976202232032,8.117950756059145e-13,0.10302379776796755,738.7435436248779,371.25420570373535
calibration,native_ds_rtk_delay_dryrun,native_ds,ds_range,1,3,M1-M3,1786379427.5800705,4.798,4.8918503616140105,-0.04999795156942338,4.892105861036152,0.0002554994221410922,-0.0941058610361516,608.450174331665,249.3295669555664
calibration,native_ds_rtk_delay_dryrun,native_ds,ds_range,1,4,M1-M4,1786379427.580309,5.181,5.154499669839151,-0.019999073623257868,5.154538467148897,3.8797309746207986e-05,0.026461532851103087,608.2117557525635,44.084787368774414
calibration,native_ds_rtk_delay_dryrun,native_ds,ds_range,1,5,M1-M5,1786379427.5460627,4.732,4.65397620223122,2.7494441058872887e-06,4.653976202232032,8.117950756059145e-13,0.07802379776796808,642.4579620361328,274.96862411499023
calibration,native_ds_rtk_delay_dryrun,native_ds,ds_range,1,3,M1-M3,1786379427.6930907,4.752,4.8918503616140105,-0.04999795156942338,4.892105861036152,0.0002554994221410922,-0.14010586103615186,495.42999267578125,362.3497486114502
calibration,native_ds_rtk_delay_dryrun,native_ds,ds_range,1,4,M1-M4,1786379427.6558778,5.218,5.154499669839151,-0.019999073623257868,5.154538467148897,3.8797309746207986e-05,0.06346153285110301,532.6428413391113,31.484127044677734
calibration,native_ds_rtk_delay_dryrun,native_ds,ds_range,1,5,M1-M5,1786379427.6629763,4.755,4.65397620223122,2.7494441058872887e-06,4.653976202232032,8.117950756059145e-13,0.10102379776796777,525.5444049835205,158.05506706237793
calibration,native_ds_rtk_delay_dryrun,native_ds,ds_range,1,2,M1-M2,1786379427.7638497,4.731,4.658305816641647,-0.01999866212096696,4.658348744763967,4.292812231998511e-05,0.07265125523603277,424.670934677124,680.1280975341797
calibration,native_ds_rtk_delay_dryrun,native_ds,ds_range,1,3,M1-M3,1786379427.794468,4.809,4.8918503616140105,-0.04999795156942338,4.892105861036152,0.0002554994221410922,-0.08310586103615147,394.05274391174316,463.7269973754883
calibration,native_ds_rtk_delay_dryrun,native_ds,ds_range,1,4,M1-M4,1786379427.7947114,5.168,5.154499669839151,-0.019999073623257868,5.154538467148897,3.8797309746207986e-05,0.013461532851103186,393.80931854248047,170.3176498413086
calibration,native_ds_rtk_delay_dryrun,native_ds,ds_range,1,5,M1-M5,1786379427.7949517,4.768,4.65397620223122,2.7494441058872887e-06,4.653976202232032,8.117950756059145e-13,0.11402379776796767,393.5689926147461,26.079654693603516
calibration,native_ds_rtk_delay_dryrun,native_ds,ds_range,1,2,M1-M2,1786379427.9637625,4.769,4.658305816641647,-0.01999866212096696,4.658348744763967,4.292812231998511e-05,0.11065125523603303,224.75814819335938,480.21531105041504
calibration,native_ds_rtk_delay_dryrun,native_ds,ds_range,1,3,M1-M3,1786379427.9231713,4.765,4.8918503616140105,-0.04999795156942338,4.892105861036152,0.0002554994221410922,-0.12710586103615196,265.3493881225586,592.4303531646729
calibration,native_ds_rtk_delay_dryrun,native_ds,ds_range,1,4,M1-M4,1786379427.9629855,5.173,5.154499669839151,-0.019999073623257868,5.154538467148897,3.8797309746207986e-05,0.01846153285110308,225.53515434265137,338.5918140411377
calibration,native_ds_rtk_delay_dryrun,native_ds,ds_range,1,5,M1-M5,1786379427.9629855,4.748,4.65397620223122,2.7494441058872887e-06,4.653976202232032,8.117950756059145e-13,0.0940237977679681,225.53515434265137,141.9541835784912
calibration,native_ds_rtk_delay_dryrun,native_ds,ds_range,1,2,M1-M2,1786379428.0529642,4.804,4.658305816641647,-0.01999866212096696,4.658348744763967,4.292812231998511e-05,0.14565125523603317,135.55645942687988,391.01362228393555
calibration,native_ds_rtk_delay_dryrun,native_ds,ds_range,1,3,M1-M3,1786379428.0203679,4.775,4.8918503616140105,-0.04999795156942338,4.892105861036152,0.0002554994221410922,-0.11710586103615128,168.1528091430664,689.626932144165
calibration,native_ds_rtk_delay_dryrun,native_ds,ds_range,1,4,M1-M4,1786379428.0208678,5.206,5.154499669839151,-0.019999073623257868,5.154538467148897,3.8797309746207986e-05,0.05146153285110344,167.65284538269043,396.47412300109863
calibration,native_ds_rtk_delay_dryrun,native_ds,ds_range,1,5,M1-M5,1786379428.052152,4.767,4.65397620223122,2.7494441058872887e-06,4.653976202232032,8.117950756059145e-13,0.11302379776796823,136.3687515258789,231.12058639526367
calibration,native_ds_rtk_delay_dryrun,native_ds,ds_range,1,2,M1-M2,1786379428.1926382,4.796,4.658305816641647,-0.01999866212096696,4.658348744763967,4.292812231998511e-05,0.13765125523603317,4.117488861083984,251.33967399597168
calibration,native_ds_rtk_delay_dryrun,native_ds,ds_range,1,3,M1-M3,1786379428.1928782,4.774,4.890347017198779,-0.04999795173563176,4.890602595161741,0.00025557796296205026,-0.11660259516174065,4.357576370239258,745.5742359161377
calibration,native_ds_rtk_delay_dryrun,native_ds,ds_range,1,4,M1-M4,1786379428.1982672,5.238,5.154499669839151,-0.019999073623257868,5.154538467148897,3.8797309746207986e-05,0.08346153285110347,9.746551513671875,573.8735198974609
calibration,native_ds_rtk_delay_dryrun,native_ds,ds_range,1,5,M1-M5,1786379428.1921148,4.741,4.65397620223122,2.7494441058872887e-06,4.653976202232032,8.117950756059145e-13,0.08702379776796754,3.5941600799560547,371.08349800109863
calibration,native_ds_rtk_delay_dryrun,native_ds,ds_range,1,2,M1-M2,1786379428.2897847,4.77,4.658305816641647,-0.01999866212096696,4.658348744763967,4.292812231998511e-05,0.11165125523603248,101.26399993896484,154.19316291809082
calibration,native_ds_rtk_delay_dryrun,native_ds,ds_range,1,3,M1-M3,1786379428.2900758,4.761,4.890347017198779,-0.04999795173563176,4.890602595161741,0.00025557796296205026,-0.12960259516174055,101.55510902404785,648.3767032623291
calibration,native_ds_rtk_delay_dryrun,native_ds,ds_range,1,4,M1-M4,1786379428.2903168,5.194,5.154499669839151,-0.019999073623257868,5.154538467148897,3.8797309746207986e-05,0.03946153285110299,101.79615020751953,665.9231185913086
calibration,native_ds_rtk_delay_dryrun,native_ds,ds_range,1,5,M1-M5,1786379428.2644367,4.738,4.65397620223122,2.7494441058872887e-06,4.653976202232032,8.117950756059145e-13,0.08402379776796831,75.91605186462402,443.4053897857666
calibration,native_ds_rtk_delay_dryrun,native_ds,ds_range,1,2,M1-M2,1786379428.3560255,4.785,4.658305816641647,-0.01999866212096696,4.658348744763967,4.292812231998511e-05,0.12665125523603304,167.50478744506836,87.9523754119873
calibration,native_ds_rtk_delay_dryrun,native_ds,ds_range,1,3,M1-M3,1786379428.393593,4.807,4.890347017198779,-0.04999795173563176,4.890602595161741,0.00025557796296205026,-0.08360259516174029,205.07240295410156,544.8594093322754
calibration,native_ds_rtk_delay_dryrun,native_ds,ds_range,1,4,M1-M4,1786379428.3938422,5.192,5.157625614481124,-0.01999907185542177,5.157664388269837,3.877378871308679e-05,0.034335611730162974,205.3215503692627,680.5565357208252
calibration,native_ds_rtk_delay_dryrun,native_ds,ds_range,1,5,M1-M5,1786379428.3940845,4.738,4.65397620223122,2.7494441058872887e-06,4.653976202232032,8.117950756059145e-13,0.08402379776796831,205.56378364562988,573.0531215667725
calibration,native_ds_rtk_delay_dryrun,native_ds,ds_range,1,2,M1-M2,1786379428.5331569,4.776,4.658305816641647,-0.01999866212096696,4.658348744763967,4.292812231998511e-05,0.1176512552360327,344.6362018585205,89.17903900146484
calibration,native_ds_rtk_delay_dryrun,native_ds,ds_range,1,3,M1-M3,1786379428.496707,4.774,4.890347017198779,-0.04999795173563176,4.890602595161741,0.00025557796296205026,-0.11660259516174065,308.18629264831543,441.7455196380615
calibration,native_ds_rtk_delay_dryrun,native_ds,ds_range,1,4,M1-M4,1786379428.5320854,5.172,5.157625614481124,-0.01999907185542177,5.157664388269837,3.877378871308679e-05,0.014335611730162512,343.5647487640381,542.3133373260498
calibration,native_ds_rtk_delay_dryrun,native_ds,ds_range,1,5,M1-M5,1786379428.5323703,4.746,4.65397620223122,2.7494441058872887e-06,4.653976202232032,8.117950756059145e-13,0.09202379776796832,343.84965896606445,711.338996887207
calibration,native_ds_rtk_delay_dryrun,native_ds,ds_range,1,2,M1-M2,1786379428.6014721,4.798,4.658305816641647,-0.01999866212096696,4.658348744763967,4.292812231998511e-05,0.13965125523603295,412.9514694213867,157.49430656433105
calibration,native_ds_rtk_delay_dryrun,native_ds,ds_range,1,3,M1-M3,1786379428.6017709,4.765,4.890347017198779,-0.04999795173563176,4.890602595161741,0.00025557796296205026,-0.125602595161741,413.250207901001,336.681604385376
calibration,native_ds_rtk_delay_dryrun,native_ds,ds_range,1,4,M1-M4,1786379428.6020072,5.178,5.157625614481124,-0.01999907185542177,5.157664388269837,3.877378871308679e-05,0.02033561173016274,413.4864807128906,472.39160537719727
calibration,native_ds_rtk_delay_dryrun,native_ds,ds_range,1,5,M1-M5,1786379428.6055202,4.753,4.65340627175435,2.747590052198934e-06,4.653406271755161,8.109068971862143e-13,0.09959372824483914,416.99957847595215,749.4139671325684
calibration,native_ds_rtk_delay_dryrun,native_ds,ds_range,1,2,M1-M2,1786379428.7109632,4.755,4.658305816641647,-0.01999866212096696,4.658348744763967,4.292812231998511e-05,0.0966512552360328,522.4425792694092,266.9854164123535
calibration,native_ds_rtk_delay_dryrun,native_ds,ds_range,1,3,M1-M3,1786379428.7188613,4.774,4.890347017198779,-0.04999795173563176,4.890602595161741,0.00025557796296205026,-0.11660259516174065,530.3406715393066,219.5911407470703
calibration,native_ds_rtk_delay_dryrun,native_ds,ds_range,1,4,M1-M4,1786379428.7102046,5.199,5.157625614481124,-0.01999907185542177,5.157664388269837,3.877378871308679e-05,0.04133561173016265,521.683931350708,364.1941547393799
calibration,native_ds_rtk_delay_dryrun,native_ds,ds_range,1,5,M1-M5,1786379428.7104456,4.753,4.65340627175435,2.747590052198934e-06,4.653406271755161,8.109068971862143e-13,0.09959372824483914,521.9249725341797,644.4885730743408
calibration,native_ds_rtk_delay_dryrun,native_ds,ds_range,1,2,M1-M2,1786379428.8214774,4.734,4.658305816641647,-0.01999866212096696,4.658348744763967,4.292812231998511e-05,0.07565125523603289,632.9567432403564,377.4995803833008
calibration,native_ds_rtk_delay_dryrun,native_ds,ds_range,1,3,M1-M3,1786379428.8217077,4.797,4.890347017198779,-0.04999795173563176,4.890602595161741,0.00025557796296205026,-0.09360259516174096,633.1870555877686,116.7447566986084
calibration,native_ds_rtk_delay_dryrun,native_ds,ds_range,1,4,M1-M4,1786379428.8219483,5.183,5.157625614481124,-0.01999907185542177,5.157664388269837,3.877378871308679e-05,0.025335611730162633,633.427619934082,252.45046615600586
calibration,native_ds_rtk_delay_dryrun,native_ds,ds_range,1,5,M1-M5,1786379428.786865,4.76,4.65340627175435,2.747590052198934e-06,4.653406271755161,8.109068971862143e-13,0.10659372824483881,598.3443260192871,568.0692195892334
calibration,native_ds_rtk_delay_dryrun,native_ds,ds_range,1,2,M1-M2,1786379428.9337451,4.774,4.654919610615788,-0.029998662968335588,4.655016272911978,9.666229619043065e-05,0.11898372708802185,745.2244758605957,415.0986671447754
calibration,native_ds_rtk_delay_dryrun,native_ds,ds_range,1,3,M1-M3,1786379428.8950827,4.828,4.890347017198779,-0.04999795173563176,4.890602595161741,0.00025557796296205026,-0.06260259516174038,706.5620422363281,43.36977005004883
calibration,native_ds_rtk_delay_dryrun,native_ds,ds_range,1,4,M1-M4,1786379428.9329813,5.186,5.157625614481124,-0.01999907185542177,5.157664388269837,3.877378871308679e-05,0.028335611730162746,744.4605827331543,141.4175033569336
calibration,native_ds_rtk_delay_dryrun,native_ds,ds_range,1,5,M1-M5,1786379428.933222,4.718,4.65340627175435,2.747590052198934e-06,4.653406271755161,8.109068971862143e-13,0.064593728244839,744.7013854980469,421.71216011047363
calibration,native_ds_rtk_delay_dryrun,native_ds,ds_range,1,2,M1-M2,1786379429.03004,4.753,4.65682196332271,-0.029998663651529922,4.656918586136723,9.662281401290329e-05,0.09608141386327684,649.1682529449463,318.8037872314453
calibration,native_ds_rtk_delay_dryrun,native_ds,ds_range,1,3,M1-M3,1786379429.0305097,4.765,4.88929515842692,-0.0499979524188261,4.889550791377772,0.00025563295085184734,-0.12455079137777236,648.6985683441162,92.0572280883789
calibration,native_ds_rtk_delay_dryrun,native_ds,ds_range,1,4,M1-M4,1786379429.0373695,5.194,5.161976658950508,-0.019999072538616103,5.162015400059579,3.874110907098327e-05,0.031984599940421354,641.838788986206,37.029266357421875
calibration,native_ds_rtk_delay_dryrun,native_ds,ds_range,1,5,M1-M5,1786379429.0128965,4.757,4.64898244773539,2.746906857864495e-06,4.648982447736202,8.117950756059145e-13,0.10801755226379761,666.3117408752441,342.0376777648926
calibration,native_ds_rtk_delay_dryrun,native_ds,ds_range,1,2,M1-M2,1786379429.1312397,4.757,4.65682196332271,-0.029998663651529922,4.656918586136723,9.662281401290329e-05,0.1000814138632764,547.9686260223389,217.6041603088379
calibration,native_ds_rtk_delay_dryrun,native_ds,ds_range,1,3,M1-M3,1786379429.1315072,4.805,4.88929515842692,-0.0499979524188261,4.889550791377772,0.00025563295085184734,-0.08455079137777233,547.7011203765869,193.0546760559082
calibration,native_ds_rtk_delay_dryrun,native_ds,ds_range,1,4,M1-M4,1786379429.1317348,5.225,5.161976658950508,-0.019999072538616103,5.162015400059579,3.874110907098327e-05,0.06298459994042105,547.4734306335449,57.33609199523926
calibration,native_ds_rtk_delay_dryrun,native_ds,ds_range,1,5,M1-M5,1786379429.1005445,4.74,4.64898244773539,2.746906857864495e-06,4.648982447736202,8.117950756059145e-13,0.09101755226379815,578.6638259887695,254.38976287841797
calibration,native_ds_rtk_delay_dryrun,native_ds,ds_range,1,2,M1-M2,1786379429.2388926,4.774,4.65682196332271,-0.029998663651529922,4.656918586136723,9.662281401290329e-05,0.11708141386327675,440.31572341918945,109.95125770568848
calibration,native_ds_rtk_delay_dryrun,native_ds,ds_range,1,3,M1-M3,1786379429.2287931,4.805,4.88929515842692,-0.0499979524188261,4.889550791377772,0.00025563295085184734,-0.08455079137777233,450.41513442993164,290.3406620025635
calibration,native_ds_rtk_delay_dryrun,native_ds,ds_range,1,4,M1-M4,1786379429.2290351,5.207,5.161976658950508,-0.019999072538616103,5.162015400059579,3.874110907098327e-05,0.044984599940421255,450.17313957214355,154.63638305664062
calibration,native_ds_rtk_delay_dryrun,native_ds,ds_range,1,5,M1-M5,1786379429.2292693,4.731,4.64898244773539,2.746906857864495e-06,4.648982447736202,8.117950756059145e-13,0.08201755226379781,449.9390125274658,125.66494941711426
calibration,native_ds_rtk_delay_dryrun,native_ds,ds_range,1,2,M1-M2,1786379429.3396995,4.699,4.65682196332271,-0.029998663651529922,4.656918586136723,9.662281401290329e-05,0.04208141386327657,339.5087718963623,9.144306182861328
calibration,native_ds_rtk_delay_dryrun,native_ds,ds_range,1,3,M1-M3,1786379429.3399377,4.763,4.88929515842692,-0.0499979524188261,4.889550791377772,0.00025563295085184734,-0.12655079137777214,339.27059173583984,401.4852046966553
calibration,native_ds_rtk_delay_dryrun,native_ds,ds_range,1,4,M1-M4,1786379429.3154414,5.198,5.161976658950508,-0.019999072538616103,5.162015400059579,3.874110907098327e-05,0.0359845999404218,363.7669086456299,241.0426139831543
calibration,native_ds_rtk_delay_dryrun,native_ds,ds_range,1,5,M1-M5,1786379429.3391573,4.755,4.64898244773539,2.746906857864495e-06,4.648982447736202,8.117950756059145e-13,0.10601755226379783,340.05093574523926,15.776872634887695
calibration,native_ds_rtk_delay_dryrun,native_ds,ds_range,1,2,M1-M2,1786379429.44156,4.789,4.65682196332271,-0.029998663651529922,4.656918586136723,9.662281401290329e-05,0.13208141386327643,237.64824867248535,92.71621704101562
calibration,native_ds_rtk_delay_dryrun,native_ds,ds_range,1,3,M1-M3,1786379429.4421258,4.778,4.88929515842692,-0.0499979524188261,4.889550791377772,0.00025563295085184734,-0.11155079137777246,237.08248138427734,503.6733150482178
calibration,native_ds_rtk_delay_dryrun,native_ds,ds_range,1,4,M1-M4,1786379429.4163263,5.217,5.161976658950508,-0.019999072538616103,5.162015400059579,3.874110907098327e-05,0.05498459994042104,262.8819942474365,341.92752838134766
calibration,native_ds_rtk_delay_dryrun,native_ds,ds_range,1,5,M1-M5,1786379429.4163263,4.765,4.64898244773539,2.746906857864495e-06,4.648982447736202,8.117950756059145e-13,0.11601755226379762,262.8819942474365,61.39206886291504
calibration,native_ds_rtk_delay_dryrun,native_ds,ds_range,1,2,M1-M2,1786379429.5535023,4.785,4.65682196332271,-0.029998663651529922,4.656918586136723,9.662281401290329e-05,0.12808141386327687,125.70595741271973,204.65850830078125
calibration,native_ds_rtk_delay_dryrun,native_ds,ds_range,1,3,M1-M3,1786379429.5537543,4.75,4.88929515842692,-0.0499979524188261,4.889550791377772,0.00025563295085184734,-0.13955079137777204,125.45394897460938,615.3018474578857
calibration,native_ds_rtk_delay_dryrun,native_ds,ds_range,1,4,M1-M4,1786379429.5621722,5.208,5.161976658950508,-0.019999072538616103,5.162015400059579,3.874110907098327e-05,0.04598459994042159,117.03610420227051,487.7734184265137
calibration,native_ds_rtk_delay_dryrun,native_ds,ds_range,1,5,M1-M5,1786379429.5529764,4.759,4.64898244773539,2.746906857864495e-06,4.648982447736202,8.117950756059145e-13,0.11001755226379828,126.23190879821777,198.0421543121338
calibration,native_ds_rtk_delay_dryrun,native_ds,ds_range,1,2,M1-M2,1786379429.6515696,4.761,4.65682196332271,-0.029998663651529922,4.656918586136723,9.662281401290329e-05,0.10408141386327685,27.638673782348633,302.72579193115234
calibration,native_ds_rtk_delay_dryrun,native_ds,ds_range,1,3,M1-M3,1786379429.6774557,4.786,4.8906031685311575,-0.039997952457576647,4.890766728054794,0.0001635595236368914,-0.10476672805479481,1.752614974975586,711.7853164672852
calibration,native_ds_rtk_delay_dryrun,native_ds,ds_range,1,4,M1-M4,1786379429.6776931,5.191,5.161976658950508,-0.019999072538616103,5.162015400059579,3.874110907098327e-05,0.02898459994042124,1.5151500701904297,603.2943725585938
calibration,native_ds_rtk_delay_dryrun,native_ds,ds_range,1,5,M1-M5,1786379429.6779294,4.725,4.64898244773539,2.746906857864495e-06,4.648982447736202,8.117950756059145e-13,0.07601755226379758,1.2788772583007812,322.9951858520508
calibration,native_ds_rtk_delay_dryrun,native_ds,ds_range,1,2,M1-M2,1786379429.7922256,4.797,4.65682196332271,-0.029998663651529922,4.656918586136723,9.662281401290329e-05,0.14008141386327644,113.01732063293457,443.38178634643555
calibration,native_ds_rtk_delay_dryrun,native_ds,ds_range,1,3,M1-M3,1786379429.7924638,4.753,4.8906031685311575,-0.039997952457576647,4.890766728054794,0.0001635595236368914,-0.13776672805479429,113.25550079345703,596.7772006988525
calibration,native_ds_rtk_delay_dryrun,native_ds,ds_range,1,4,M1-M4,1786379429.7568617,5.22,5.161976658950508,-0.019999072538616103,5.162015400059579,3.874110907098327e-05,0.057984599940421155,77.65340805053711,682.4629306793213
calibration,native_ds_rtk_delay_dryrun,native_ds,ds_range,1,5,M1-M5,1786379429.7916377,4.746,4.64898244773539,2.746906857864495e-06,4.648982447736202,8.117950756059145e-13,0.09701755226379838,112.42938041687012,436.7034435272217
calibration,native_ds_rtk_delay_dryrun,native_ds,ds_range,1,2,M1-M2,1786379429.8686824,4.781,4.65682196332271,-0.029998663651529922,4.656918586136723,9.662281401290329e-05,0.12408141386327642,189.47410583496094,519.8385715484619
calibration,native_ds_rtk_delay_dryrun,native_ds,ds_range,1,3,M1-M3,1786379429.868984,4.788,4.8906031685311575,-0.039997952457576647,4.890766728054794,0.0001635595236368914,-0.10276672805479414,189.7757053375244,520.2569961547852
calibration,native_ds_rtk_delay_dryrun,native_ds,ds_range,1,4,M1-M4,1786379429.8692503,5.202,5.161417338995849,-0.019999072916495747,5.161456084304556,3.874530870628945e-05,0.040543915695444355,190.04201889038086,681.5686225891113
calibration,native_ds_rtk_delay_dryrun,native_ds,ds_range,1,5,M1-M5,1786379429.8778806,4.757,4.64898244773539,2.746906857864495e-06,4.648982447736202,8.117950756059145e-13,0.10801755226379761,198.67229461669922,522.9463577270508
calibration,native_ds_rtk_delay_dryrun,native_ds,ds_range,1,2,M1-M2,1786379430.0499468,4.754,4.65682196332271,-0.029998663651529922,4.656918586136723,9.662281401290329e-05,0.09708141386327629,370.7385063171387,701.1029720306396
calibration,native_ds_rtk_delay_dryrun,native_ds,ds_range,1,3,M1-M3,1786379430.0104954,4.78,4.8906031685311575,-0.039997952457576647,4.890766728054794,0.0001635595236368914,-0.11076672805479415,331.287145614624,378.74555587768555
calibration,native_ds_rtk_delay_dryrun,native_ds,ds_range,1,4,M1-M4,1786379430.0210686,5.215,5.161417338995849,-0.019999072916495747,5.161456084304556,3.874530870628945e-05,0.053543915695444255,341.860294342041,529.7503471374512
calibration,native_ds_rtk_delay_dryrun,native_ds,ds_range,1,5,M1-M5,1786379430.0482717,4.758,4.64898244773539,2.746906857864495e-06,4.648982447736202,8.117950756059145e-13,0.10901755226379795,369.0633773803711,693.3374404907227
calibration,native_ds_rtk_delay_dryrun,native_ds,ds_range,1,3,M1-M3,1786379430.1339498,4.764,4.8906031685311575,-0.039997952457576647,4.890766728054794,0.0001635595236368914,-0.12676672805479416,454.7414779663086,255.29122352600098
calibration,native_ds_rtk_delay_dryrun,native_ds,ds_range,1,4,M1-M4,1786379430.0999858,5.187,5.161417338995849,-0.019999072916495747,5.161456084304556,3.874530870628945e-05,0.025543915695444674,420.7775592803955,450.8330821990967
calibration,native_ds_rtk_delay_dryrun,native_ds,ds_range,1,5,M1-M5,1786379430.1018374,4.77,4.650037940930207,2.7490388245787756e-06,4.6500379409310195,8.126832540256146e-13,0.11996205906898005,422.62911796569824,721.6384410858154
calibration,native_ds_rtk_delay_dryrun,native_ds,ds_range,1,3,M1-M3,1786379430.252539,4.791,4.8906031685311575,-0.039997952457576647,4.890766728054794,0.0001635595236368914,-0.09976672805479403,573.3306407928467,136.7020606994629
calibration,native_ds_rtk_delay_dryrun,native_ds,ds_range,1,4,M1-M4,1786379430.2528179,5.163,5.161417338995849,-0.019999072916495747,5.161456084304556,3.874530870628945e-05,0.0015439156954446531,573.6095905303955,298.0010509490967
calibration,native_ds_rtk_delay_dryrun,native_ds,ds_range,1,5,M1-M5,1786379430.2530746,4.753,4.650037940930207,2.7490388245787756e-06,4.6500379409310195,8.126832540256146e-13,0.1029620590689806,573.8663673400879,570.4011917114258
calibration,native_ds_rtk_delay_dryrun,native_ds,ds_range,1,3,M1-M3,1786379430.3763247,4.789,4.8906031685311575,-0.039997952457576647,4.890766728054794,0.0001635595236368914,-0.1017667280547947,697.1163749694824,12.916326522827148
calibration,native_ds_rtk_delay_dryrun,native_ds,ds_range,1,4,M1-M4,1786379430.3766384,5.163,5.161417338995849,-0.019999072916495747,5.161456084304556,3.874530870628945e-05,0.0015439156954446531,697.4301338195801,174.1805076599121
calibration,native_ds_rtk_delay_dryrun,native_ds,ds_range,1,5,M1-M5,1786379430.3769162,4.679,4.650037940930207,2.7490388245787756e-06,4.6500379409310195,8.126832540256146e-13,0.02896205906898075,697.7078914642334,446.5596675872803
calibration,native_ds_rtk_delay_dryrun,native_ds,ds_range,1,2,M1-M2,1786379430.722645,4.767,4.661755329511886,-0.01999865928573691,4.661798225857239,4.2896345353149457e-05,0.10520177414276155,698.5197067260742,498.5196590423584
calibration,native_ds_rtk_delay_dryrun,native_ds,ds_range,1,3,M1-M3,1786379430.7228696,4.786,4.8923043872632075,-0.03999795240939635,4.892467889913205,0.00016350264999775987,-0.10646788991320566,698.2951164245605,333.62865447998047
calibration,native_ds_rtk_delay_dryrun,native_ds,ds_range,1,4,M1-M4,1786379430.682713,5.186,5.159410354589533,-0.019999072868315454,5.159449114969667,3.876038013395089e-05,0.02655088503033287,738.4517192840576,131.89411163330078
calibration,native_ds_rtk_delay_dryrun,native_ds,ds_range,1,5,M1-M5,1786379430.7220905,4.732,4.652149416100561,2.749087004871864e-06,4.6521494161013734,8.126832540256146e-13,0.07985058389862676,699.0742683410645,101.38535499572754
calibration,native_ds_rtk_delay_dryrun,native_ds,ds_range,1,2,M1-M2,1786379430.8039072,4.763,4.661755329511886,-0.01999865928573691,4.661798225857239,4.2896345353149457e-05,0.1012017741427611,617.2575950622559,417.25754737854004
calibration,native_ds_rtk_delay_dryrun,native_ds,ds_range,1,3,M1-M3,1786379430.804171,4.754,4.8923043872632075,-0.03999795240939635,4.892467889913205,0.00016350264999775987,-0.1384678899132057,616.9936656951904,414.9301052093506
calibration,native_ds_rtk_delay_dryrun,native_ds,ds_range,1,4,M1-M4,1786379430.8044202,5.2,5.159410354589533,-0.019999072868315454,5.159449114969667,3.876038013395089e-05,0.040550885030333106,616.7445182800293,253.6013126373291
calibration,native_ds_rtk_delay_dryrun,native_ds,ds_range,1,5,M1-M5,1786379430.8145745,4.737,4.652149416100561,2.749087004871864e-06,4.6521494161013734,8.126832540256146e-13,0.08485058389862665,606.5902709960938,8.901357650756836
calibration,native_ds_rtk_delay_dryrun,native_ds,ds_range,1,2,M1-M2,1786379430.93003,4.763,4.661755329511886,-0.01999865928573691,4.661798225857239,4.2896345353149457e-05,0.1012017741427611,491.1346435546875,291.1345958709717
calibration,native_ds_rtk_delay_dryrun,native_ds,ds_range,1,3,M1-M3,1786379430.937638,4.785,4.8923043872632075,-0.03999795240939635,4.892467889913205,0.00016350264999775987,-0.1074678899132051,483.52670669555664,548.3970642089844
calibration,native_ds_rtk_delay_dryrun,native_ds,ds_range,1,4,M1-M4,1786379430.929185,5.225,5.159410354589533,-0.019999072868315454,5.159449114969667,3.876038013395089e-05,0.06555088503033257,491.97983741760254,378.36599349975586
calibration,native_ds_rtk_delay_dryrun,native_ds,ds_range,1,5,M1-M5,1786379430.92946,4.747,4.652149416100561,2.749087004871864e-06,4.6521494161013734,8.126832540256146e-13,0.09485058389862644,491.70470237731934,105.98421096801758
calibration,native_ds_rtk_delay_dryrun,native_ds,ds_range,1,2,M1-M2,1786379431.0590405,4.741,4.661755329511886,-0.01999865928573691,4.661798225857239,4.2896345353149457e-05,0.07920177414276086,362.1242046356201,162.1241569519043
calibration,native_ds_rtk_delay_dryrun,native_ds,ds_range,1,3,M1-M3,1786379431.0873897,4.815,4.8923043872632075,-0.03999795240939635,4.892467889913205,0.00016350264999775987,-0.07746788991320486,333.7750434875488,698.1487274169922
calibration,native_ds_rtk_delay_dryrun,native_ds,ds_range,1,4,M1-M4,1786379431.0876455,5.192,5.159410354589533,-0.019999072868315454,5.159449114969667,3.876038013395089e-05,0.0325508850303331,333.51922035217285,536.8266105651855
calibration,native_ds_rtk_delay_dryrun,native_ds,ds_range,1,5,M1-M5,1786379431.088732,4.741,4.652149416100561,2.749087004871864e-06,4.6521494161013734,8.126832540256146e-13,0.08885058389862621,332.43274688720703,265.2561664581299
calibration,native_ds_rtk_delay_dryrun,native_ds,ds_range,1,2,M1-M2,1786379431.2028365,4.789,4.661755329511886,-0.01999865928573691,4.661798225857239,4.2896345353149457e-05,0.1272017741427609,218.32823753356934,18.328189849853516
calibration,native_ds_rtk_delay_dryrun,native_ds,ds_range,1,3,M1-M3,1786379431.2306788,4.779,4.893354007809633,-0.03999795188488259,4.893517475385328,0.00016346757569429826,-0.11451747538532775,190.48595428466797,624.0110397338867
calibration,native_ds_rtk_delay_dryrun,native_ds,ds_range,1,4,M1-M4,1786379431.2309418,5.213,5.159410354589533,-0.019999072868315454,5.159449114969667,3.876038013395089e-05,0.053550885030333006,190.22297859191895,680.1228523254395
calibration,native_ds_rtk_delay_dryrun,native_ds,ds_range,1,5,M1-M5,1786379431.2311919,4.765,4.652149416100561,2.749087004871864e-06,4.6521494161013734,8.126832540256146e-13,0.11285058389862623,189.9728775024414,407.7160358428955
calibration,native_ds_rtk_delay_dryrun,native_ds,ds_range,1,2,M1-M2,1786379431.3198965,4.778,4.661755329511886,-0.01999865928573691,4.661798225857239,4.2896345353149457e-05,0.11620177414276078,101.26829147338867,98.73175621032715
calibration,native_ds_rtk_delay_dryrun,native_ds,ds_range,1,3,M1-M3,1786379431.3198965,4.746,4.893354007809633,-0.03999795188488259,4.893517475385328,0.00016346757569429826,-0.14751747538532722,101.26829147338867,534.7933769226074
calibration,native_ds_rtk_delay_dryrun,native_ds,ds_range,1,4,M1-M4,1786379431.320356,5.262,5.157964263766657,-0.029999074798536307,5.158051501369745,8.723760308804174e-05,0.10394849863025435,100.80885887145996,706.7427635192871
calibration,native_ds_rtk_delay_dryrun,native_ds,ds_range,1,5,M1-M5,1786379431.3205795,4.735,4.652149416100561,2.749087004871864e-06,4.6521494161013734,8.126832540256146e-13,0.08285058389862687,100.5852222442627,497.1036911010742
calibration,native_ds_rtk_delay_dryrun,native_ds,ds_range,1,2,M1-M2,1786379431.4198468,4.727,4.661755329511886,-0.01999865928573691,4.661798225857239,4.2896345353149457e-05,0.06520177414276151,1.3179779052734375,198.68206977844238
calibration,native_ds_rtk_delay_dryrun,native_ds,ds_range,1,3,M1-M3,1786379431.3802278,4.752,4.893354007809633,-0.03999795188488259,4.893517475385328,0.00016346757569429826,-0.14151747538532788,40.936946868896484,474.46203231811523
calibration,native_ds_rtk_delay_dryrun,native_ds,ds_range,1,4,M1-M4,1786379431.408605,5.219,5.157964263766657,-0.029999074798536307,5.158051501369745,8.723760308804174e-05,0.06094849863025509,12.559652328491211,618.4935569763184
calibration,native_ds_rtk_delay_dryrun,native_ds,ds_range,1,5,M1-M5,1786379431.408605,4.772,4.652149416100561,2.749087004871864e-06,4.6521494161013734,8.126832540256146e-13,0.1198505838986268,12.559652328491211,585.1292610168457
calibration,native_ds_rtk_delay_dryrun,native_ds,ds_range,1,2,M1-M2,1786379431.530404,4.769,4.661755329511886,-0.01999865928573691,4.661798225857239,4.2896345353149457e-05,0.10720177414276133,109.23933982849121,309.23938751220703
calibration,native_ds_rtk_delay_dryrun,native_ds,ds_range,1,3,M1-M3,1786379431.530646,4.8,4.893354007809633,-0.03999795188488259,4.893517475385328,0.00016346757569429826,-0.09351747538532784,109.4813346862793,324.04375076293945
calibration,native_ds_rtk_delay_dryrun,native_ds,ds_range,1,4,M1-M4,1786379431.5308726,5.207,5.157964263766657,-0.029999074798536307,5.158051501369745,8.723760308804174e-05,0.04894849863025463,109.70783233642578,496.22607231140137
calibration,native_ds_rtk_delay_dryrun,native_ds,ds_range,1,5,M1-M5,1786379431.4948204,4.774,4.652149416100561,2.749087004871864e-06,4.6521494161013734,8.126832540256146e-13,0.12185058389862657,73.65560531616211,671.344518661499
calibration,native_ds_rtk_delay_dryrun,native_ds,ds_range,1,2,M1-M2,1786379431.6078572,4.78,4.661755329511886,-0.01999865928573691,4.661798225857239,4.2896345353149457e-05,0.11820177414276145,186.692476272583,386.6925239562988
calibration,native_ds_rtk_delay_dryrun,native_ds,ds_range,1,3,M1-M3,1786379431.6081042,4.822,4.893354007809633,-0.03999795188488259,4.893517475385328,0.00016346757569429826,-0.0715174753853276,186.93947792053223,246.58560752868652
calibration,native_ds_rtk_delay_dryrun,native_ds,ds_range,1,4,M1-M4,1786379431.6099415,5.197,5.157964263766657,-0.029999074798536307,5.158051501369745,8.723760308804174e-05,0.038948498630254846,188.77673149108887,417.1571731567383
calibration,native_ds_rtk_delay_dryrun,native_ds,ds_range,1,2,M1-M2,1786379431.6901207,4.689,4.661755329511886,-0.01999865928573691,4.661798225857239,4.2896345353149457e-05,0.02720177414276126,268.95594596862793,468.95599365234375
calibration,native_ds_rtk_delay_dryrun,native_ds,ds_range,1,3,M1-M3,1786379431.6901207,4.797,4.893354007809633,-0.03999795188488259,4.893517475385328,0.00016346757569429826,-0.09651747538532796,268.95594596862793,164.56913948059082
calibration,native_ds_rtk_delay_dryrun,native_ds,ds_range,1,4,M1-M4,1786379431.720073,5.188,5.157964263766657,-0.029999074798536307,5.158051501369745,8.723760308804174e-05,0.029948498630254505,298.9082336425781,307.025671005249
calibration,native_ds_rtk_delay_dryrun,native_ds,ds_range,1,5,M1-M5,1786379431.720073,4.743,4.648780994490473,0.010002746132209805,4.648791755893785,1.07614033115766e-05,0.09420824410621531,298.9082336425781,706.700325012207
calibration,native_ds_rtk_delay_dryrun,native_ds,ds_range,1,2,M1-M2,1786379431.859945,4.734,4.660521260021893,-0.01999866029340952,4.660564167730081,4.2907708188266724e-05,0.07343583226991868,438.7803077697754,501.1589527130127
calibration,native_ds_rtk_delay_dryrun,native_ds,ds_range,1,3,M1-M3,1786379431.8601902,4.754,4.893354007809633,-0.03999795188488259,4.893517475385328,0.00016346757569429826,-0.1395174753853281,439.0254020690918,5.500316619873047
calibration,native_ds_rtk_delay_dryrun,native_ds,ds_range,1,4,M1-M4,1786379431.8604357,5.165,5.157964263766657,-0.029999074798536307,5.158051501369745,8.723760308804174e-05,0.006948498630254818,439.2709732055664,166.66293144226074
calibration,native_ds_rtk_delay_dryrun,native_ds,ds_range,1,5,M1-M5,1786379431.830506,4.735,4.648780994490473,0.010002746132209805,4.648791755893785,1.07614033115766e-05,0.0862082441062153,409.34133529663086,596.2672233581543
calibration,native_ds_rtk_delay_dryrun,native_ds,ds_range,1,2,M1-M2,1786379431.992002,4.715,4.660521260021893,-0.01999866029340952,4.660564167730081,4.2907708188266724e-05,0.05443583226991855,570.8372592926025,369.10200119018555
calibration,native_ds_rtk_delay_dryrun,native_ds,ds_range,1,3,M1-M3,1786379431.9975054,4.763,4.893354007809633,-0.03999795188488259,4.893517475385328,0.00016346757569429826,-0.13051747538532776,576.3406753540039,142.81558990478516
calibration,native_ds_rtk_delay_dryrun,native_ds,ds_range,1,4,M1-M4,1786379431.9911911,5.191,5.157964263766657,-0.029999074798536307,5.158051501369745,8.723760308804174e-05,0.03294849863025462,570.0263977050781,35.90750694274902
calibration,native_ds_rtk_delay_dryrun,native_ds,ds_range,1,5,M1-M5,1786379431.9914684,4.748,4.648780994490473,0.010002746132209805,4.648791755893785,1.07614033115766e-05,0.0992082441062152,570.3036785125732,435.3048801422119
calibration,native_ds_rtk_delay_dryrun,native_ds,ds_range,1,2,M1-M2,1786379432.091551,4.783,4.659666891643833,-0.019998659820483544,4.659709807217217,4.291557338387264e-05,0.12329019278278341,548.2549667358398,269.55294609069824
calibration,native_ds_rtk_delay_dryrun,native_ds,ds_range,1,3,M1-M3,1786379432.0918,4.748,4.893554992073111,-0.03999795141195661,4.893718452931351,0.00016346085824014978,-0.14571845293135066,548.0060577392578,237.11013793945312
calibration,native_ds_rtk_delay_dryrun,native_ds,ds_range,1,4,M1-M4,1786379432.0637739,5.176,5.154616815597373,-0.02999907432561033,5.154704109849526,8.729425215303621e-05,0.021295890150474506,576.0321617126465,36.675214767456055
calibration,native_ds_rtk_delay_dryrun,native_ds,ds_range,1,5,M1-M5,1786379432.0909817,4.739,4.652149406587591,0.010002746605135782,4.652160160200089,1.0753612498248799e-05,0.08683983979991083,548.8243103027344,335.79158782958984
calibration,native_ds_rtk_delay_dryrun,native_ds,ds_range,1,2,M1-M2,1786379432.1566265,4.705,4.659666891643833,-0.019998659820483544,4.659709807217217,4.291557338387264e-05,0.04529019278278312,483.17956924438477,204.47754859924316
calibration,native_ds_rtk_delay_dryrun,native_ds,ds_range,1,3,M1-M3,1786379432.1627688,4.793,4.893554992073111,-0.03999795141195661,4.893718452931351,0.00016346085824014978,-0.10071845293135073,477.0371913909912,308.0790042877197
calibration,native_ds_rtk_delay_dryrun,native_ds,ds_range,1,4,M1-M4,1786379432.155835,5.212,5.154616815597373,-0.02999907432561033,5.154704109849526,8.729425215303621e-05,0.057295890150474094,483.97111892700195,128.7362575531006
calibration,native_ds_rtk_delay_dryrun,native_ds,ds_range,1,5,M1-M5,1786379432.155835,4.758,4.652149406587591,0.010002746605135782,4.652160160200089,1.0753612498248799e-05,0.10583983979991096,483.97111892700195,270.9383964538574
calibration,native_ds_rtk_delay_dryrun,native_ds,ds_range,1,2,M1-M2,1786379432.3033788,4.736,4.659666891643833,-0.019998659820483544,4.659709807217217,4.291557338387264e-05,0.07629019278278282,336.4272117614746,57.72519111633301
calibration,native_ds_rtk_delay_dryrun,native_ds,ds_range,1,3,M1-M3,1786379432.3353581,4.789,4.893554992073111,-0.03999795141195661,4.893718452931351,0.00016346085824014978,-0.10471845293135118,304.44788932800293,480.668306350708
calibration,native_ds_rtk_delay_dryrun,native_ds,ds_range,1,4,M1-M4,1786379432.3356452,5.206,5.154616815597373,-0.02999907432561033,5.154704109849526,8.729425215303621e-05,0.051295890150474754,304.16083335876465,308.5465431213379
calibration,native_ds_rtk_delay_dryrun,native_ds,ds_range,1,5,M1-M5,1786379432.335893,4.747,4.652149406587591,0.010002746605135782,4.652160160200089,1.0753612498248799e-05,0.09483983979991084,303.9131164550781,90.8803939819336
calibration,native_ds_rtk_delay_dryrun,native_ds,ds_range,1,2,M1-M2,1786379432.4137542,4.747,4.659666891643833,-0.019998659820483544,4.659709807217217,4.291557338387264e-05,0.08729019278278294,226.05180740356445,52.65021324157715
calibration,native_ds_rtk_delay_dryrun,native_ds,ds_range,1,3,M1-M3,1786379432.3821182,4.793,4.893554992073111,-0.03999795141195661,4.893718452931351,0.00016346085824014978,-0.10071845293135073,257.6878070831299,527.428388595581
calibration,native_ds_rtk_delay_dryrun,native_ds,ds_range,1,4,M1-M4,1786379432.4125848,5.207,5.154616815597373,-0.02999907432561033,5.154704109849526,8.729425215303621e-05,0.0522958901504742,227.22125053405762,385.4861259460449
calibration,native_ds_rtk_delay_dryrun,native_ds,ds_range,1,5,M1-M5,1786379432.4128413,4.74,4.652149406587591,0.010002746605135782,4.652160160200089,1.0753612498248799e-05,0.08783983979991117,226.96471214294434,13.931989669799805
calibration,native_ds_rtk_delay_dryrun,native_ds,ds_range,1,2,M1-M2,1786379432.5165205,4.754,4.659666891643833,-0.019998659820483544,4.659709807217217,4.291557338387264e-05,0.09429019278278261,123.28553199768066,155.41648864746094
calibration,native_ds_rtk_delay_dryrun,native_ds,ds_range,1,3,M1-M3,1786379432.5518253,4.777,4.893554992073111,-0.03999795141195661,4.893718452931351,0.00016346085824014978,-0.11671845293135075,87.98074722290039,697.1354484558105
calibration,native_ds_rtk_delay_dryrun,native_ds,ds_range,1,4,M1-M4,1786379432.5520892,5.197,5.154616815597373,-0.02999907432561033,5.154704109849526,8.729425215303621e-05,0.04229589015047441,87.71681785583496,524.9905586242676
calibration,native_ds_rtk_delay_dryrun,native_ds,ds_range,1,5,M1-M5,1786379432.5523238,4.755,4.652149406587591,0.010002746605135782,4.652160160200089,1.0753612498248799e-05,0.10283983979991085,87.48221397399902,125.55050849914551
calibration,native_ds_rtk_delay_dryrun,native_ds,ds_range,1,2,M1-M2,1786379432.6286845,4.775,4.659666891643833,-0.019998659820483544,4.659709807217217,4.291557338387264e-05,0.11529019278278341,11.121511459350586,267.580509185791
calibration,native_ds_rtk_delay_dryrun,native_ds,ds_range,1,4,M1-M4,1786379432.609357,5.191,5.154616815597373,-0.02999907432561033,5.154704109849526,8.729425215303621e-05,0.036295890150474186,30.44891357421875,582.2584629058838
calibration,native_ds_rtk_delay_dryrun,native_ds,ds_range,1,5,M1-M5,1786379432.6161556,4.757,4.652149406587591,0.010002746605135782,4.652160160200089,1.0753612498248799e-05,0.10483983979991063,23.650407791137695,189.38231468200684
calibration,native_ds_rtk_delay_dryrun,native_ds,ds_range,1,2,M1-M2,1786379432.808077,4.754,4.659666891643833,-0.019998659820483544,4.659709807217217,4.291557338387264e-05,0.09429019278278261,168.27106475830078,446.9730854034424
calibration,native_ds_rtk_delay_dryrun,native_ds,ds_range,1,3,M1-M3,1786379432.808321,4.77,4.890998385077298,-0.03999795387061833,4.891161931396524,0.00016354631922599339,-0.1211619313965242,168.51496696472168,565.7649040222168
calibration,native_ds_rtk_delay_dryrun,native_ds,ds_range,1,4,M1-M4,1786379432.808565,5.188,5.153274939284148,-0.01999907356815156,5.153313745814204,3.880653005605694e-05,0.03468625418579574,168.75886917114258,720.473051071167
calibration,native_ds_rtk_delay_dryrun,native_ds,ds_range,1,5,M1-M5,1786379432.7703516,4.759,4.652149406587591,0.010002746605135782,4.652160160200089,1.0753612498248799e-05,0.1068398397999113,130.54561614990234,343.5783386230469
calibration,native_ds_rtk_delay_dryrun,native_ds,ds_range,1,2,M1-M2,1786379432.891458,4.769,4.659666891643833,-0.019998659820483544,4.659709807217217,4.291557338387264e-05,0.10929019278278318,251.65200233459473,530.3540229797363
calibration,native_ds_rtk_delay_dryrun,native_ds,ds_range,1,3,M1-M3,1786379432.8916981,4.775,4.890998385077298,-0.03999795387061833,4.891161931396524,0.00016354631922599339,-0.11616193139652342,251.89208984375,482.3877811431885
calibration,native_ds_rtk_delay_dryrun,native_ds,ds_range,1,4,M1-M4,1786379432.8961265,5.27,5.153274939284148,-0.01999907356815156,5.153313745814204,3.880653005605694e-05,0.11668625418579559,256.3204765319824,632.9114437103271
calibration,native_ds_rtk_delay_dryrun,native_ds,ds_range,1,5,M1-M5,1786379432.8608842,4.746,4.652149406587591,0.010002746605135782,4.652160160200089,1.0753612498248799e-05,0.0938398397999114,221.07815742492676,434.1108798980713
calibration,native_ds_rtk_delay_dryrun,native_ds,ds_range,1,2,M1-M2,1786379433.0256982,4.79,4.659666891643833,-0.019998659820483544,4.659709807217217,4.291557338387264e-05,0.1302901927827831,385.8921527862549,664.5941734313965
calibration,native_ds_rtk_delay_dryrun,native_ds,ds_range,1,3,M1-M3,1786379432.990242,4.806,4.890998385077298,-0.03999795387061833,4.891161931396524,0.00016354631922599339,-0.08516193139652373,350.4359722137451,383.84389877319336
calibration,native_ds_rtk_delay_dryrun,native_ds,ds_range,1,4,M1-M4,1786379433.0249634,5.195,5.153274939284148,-0.01999907356815156,5.153313745814204,3.880653005605694e-05,0.0416862541857963,385.15734672546387,504.0745735168457
calibration,native_ds_rtk_delay_dryrun,native_ds,ds_range,1,5,M1-M5,1786379433.025216,4.746,4.652149406587591,0.010002746605135782,4.652160160200089,1.0753612498248799e-05,0.0938398397999114,385.4100704193115,598.442792892456
calibration,native_ds_rtk_delay_dryrun,native_ds,ds_range,1,3,M1-M3,1786379433.1666434,4.792,4.890998385077298,-0.03999795387061833,4.891161931396524,0.00016354631922599339,-0.09916193139652396,526.8373489379883,207.4425220489502
calibration,native_ds_rtk_delay_dryrun,native_ds,ds_range,1,4,M1-M4,1786379433.1669154,5.253,5.153274939284148,-0.01999907356815156,5.153313745814204,3.880653005605694e-05,0.09968625418579613,527.1093845367432,362.1225357055664
calibration,native_ds_rtk_delay_dryrun,native_ds,ds_range,1,5,M1-M5,1786379433.1671772,4.747,4.654379350542256,2.747289359228411e-06,4.654379350543067,8.109068971862143e-13,0.09262064945693282,527.3711681365967,685.7869625091553
calibration,native_ds_rtk_delay_dryrun,native_ds,ds_range,1,3,M1-M3,1786379433.2947195,4.799,4.890998385077298,-0.03999795387061833,4.891161931396524,0.00016354631922599339,-0.0921619313965234,654.9134254455566,79.36644554138184
calibration,native_ds_rtk_delay_dryrun,native_ds,ds_range,1,4,M1-M4,1786379433.2468686,5.201,5.153274939284148,-0.01999907356815156,5.153313745814204,3.880653005605694e-05,0.04768625418579564,607.062578201294,282.1693420410156
calibration,native_ds_rtk_delay_dryrun,native_ds,ds_range,1,5,M1-M5,1786379433.275258,4.746,4.654379350542256,2.747289359228411e-06,4.654379350543067,8.109068971862143e-13,0.09162064945693338,635.4520320892334,577.7060985565186
calibration,native_ds_rtk_delay_dryrun,native_ds,ds_range,1,2,M1-M2,1786379433.7403412,4.746,4.659350537654436,-0.01999866027183228,4.659393456143552,4.291848911552876e-05,0.0866065438564485,629.3694972991943,653.7842750549316
calibration,native_ds_rtk_delay_dryrun,native_ds,ds_range,1,3,M1-M3,1786379433.7405925,4.759,4.8905818391395925,-0.039997954131872904,4.890745399390234,0.000163560250641126,-0.13174539939023333,629.1182041168213,366.50657653808594
calibration,native_ds_rtk_delay_dryrun,native_ds,ds_range,1,4,M1-M4,1786379433.740832,5.191,5.155840989126044,-0.019999073829406133,5.15587977634334,3.878721729666523e-05,0.035120223656659455,628.8785934448242,211.7941379547119
calibration,native_ds_rtk_delay_dryrun,native_ds,ds_range,1,5,M1-M5,1786379433.741055,4.74,4.651782194590511,2.7470281046548806e-06,4.651782194591322,8.109068971862143e-13,0.08821780540867863,628.6556720733643,111.90915107727051
calibration,native_ds_rtk_delay_dryrun,native_ds,ds_range,1,2,M1-M2,1786379433.8498914,4.739,4.659350537654436,-0.01999866027183228,4.659393456143552,4.291848911552876e-05,0.07960654385644794,519.8192596435547,544.234037399292
calibration,native_ds_rtk_delay_dryrun,native_ds,ds_range,1,3,M1-M3,1786379433.810336,4.743,4.8905818391395925,-0.039997954131872904,4.890745399390234,0.000163560250641126,-0.14774539939023335,559.3745708465576,436.2502098083496
calibration,native_ds_rtk_delay_dryrun,native_ds,ds_range,1,4,M1-M4,1786379433.8258324,5.201,5.155840989126044,-0.019999073829406133,5.15587977634334,3.878721729666523e-05,0.04512022365665924,543.8783168792725,296.7944145202637
calibration,native_ds_rtk_delay_dryrun,native_ds,ds_range,1,5,M1-M5,1786379433.8493044,4.747,4.651782194590511,2.7470281046548806e-06,4.651782194591322,8.109068971862143e-13,0.0952178054086783,520.4062461853027,3.6597251892089844
calibration,native_ds_rtk_delay_dryrun,native_ds,ds_range,1,2,M1-M2,1786379433.9674919,4.742,4.659350537654436,-0.01999866027183228,4.659393456143552,4.291848911552876e-05,0.08260654385644806,402.2188186645508,426.6335964202881
calibration,native_ds_rtk_delay_dryrun,native_ds,ds_range,1,3,M1-M3,1786379433.967722,4.789,4.8905818391395925,-0.039997954131872904,4.890745399390234,0.000163560250641126,-0.10174539939023397,401.9887447357178,593.6360359191895
calibration,native_ds_rtk_delay_dryrun,native_ds,ds_range,1,4,M1-M4,1786379433.9756284,5.245,5.155840989126044,-0.019999073829406133,5.15587977634334,3.878721729666523e-05,0.08912022365665973,394.08230781555176,446.5904235839844
calibration,native_ds_rtk_delay_dryrun,native_ds,ds_range,1,5,M1-M5,1786379433.9669766,4.738,4.651782194590511,2.7470281046548806e-06,4.651782194591322,8.109068971862143e-13,0.08621780540867885,402.73404121398926,114.01247978210449
calibration,native_ds_rtk_delay_dryrun,native_ds,ds_range,1,2,M1-M2,1786379434.1255999,4.777,4.659350537654436,-0.01999866027183228,4.659393456143552,4.291848911552876e-05,0.1176065438564482,244.1108226776123,268.5256004333496
calibration,native_ds_rtk_delay_dryrun,native_ds,ds_range,1,3,M1-M3,1786379434.125851,4.799,4.891868571871886,-0.03999795243127591,4.892032089087988,0.0001635172161016385,-0.09303208908798766,243.85976791381836,693.6559677124023
calibration,native_ds_rtk_delay_dryrun,native_ds,ds_range,1,4,M1-M4,1786379434.0909617,5.187,5.155840989126044,-0.019999073829406133,5.15587977634334,3.878721729666523e-05,0.031120223656659896,278.7489891052246,561.9237422943115
calibration,native_ds_rtk_delay_dryrun,native_ds,ds_range,1,5,M1-M5,1786379434.125045,4.737,4.651782194590511,2.7470281046548806e-06,4.651782194591322,8.109068971862143e-13,0.08521780540867852,244.66562271118164,272.0808982849121
calibration,native_ds_rtk_delay_dryrun,native_ds,ds_range,1,2,M1-M2,1786379434.2542071,4.748,4.659350537654436,-0.01999866027183228,4.659393456143552,4.291848911552876e-05,0.08860654385644828,115.50354957580566,139.91832733154297
calibration,native_ds_rtk_delay_dryrun,native_ds,ds_range,1,3,M1-M3,1786379434.2542071,4.806,4.891868571871886,-0.03999795243127591,4.892032089087988,0.0001635172161016385,-0.08603208908798798,115.50354957580566,565.2997493743896
calibration,native_ds_rtk_delay_dryrun,native_ds,ds_range,1,4,M1-M4,1786379434.220326,5.187,5.155840989126044,-0.019999073829406133,5.15587977634334,3.878721729666523e-05,0.031120223656659896,149.3847370147705,691.2879943847656
calibration,native_ds_rtk_delay_dryrun,native_ds,ds_range,1,5,M1-M5,1786379434.2534318,4.711,4.651782194590511,2.7470281046548806e-06,4.651782194591322,8.109068971862143e-13,0.059217805408678714,116.27888679504395,400.4676342010498
calibration,native_ds_rtk_delay_dryrun,native_ds,ds_range,1,2,M1-M2,1786379434.3310716,4.761,4.659350537654436,-0.01999866027183228,4.659393456143552,4.291848911552876e-05,0.10160654385644818,38.639068603515625,63.05384635925293
calibration,native_ds_rtk_delay_dryrun,native_ds,ds_range,1,3,M1-M3,1786379434.3906994,4.763,4.891868571871886,-0.03999795243127591,4.892032089087988,0.0001635172161016385,-0.12903208908798813,20.98870277404785,428.80749702453613
calibration,native_ds_rtk_delay_dryrun,native_ds,ds_range,1,5,M1-M5,1786379434.39115,4.751,4.651782194590511,2.7470281046548806e-06,4.651782194591322,8.109068971862143e-13,0.09921780540867875,21.439313888549805,538.1858348846436
calibration,native_ds_rtk_delay_dryrun,native_ds,ds_range,1,2,M1-M2,1786379434.5107906,4.722,4.659350537654436,-0.01999866027183228,4.659393456143552,4.291848911552876e-05,0.06260654385644848,141.07990264892578,116.66512489318848
calibration,native_ds_rtk_delay_dryrun,native_ds,ds_range,1,3,M1-M3,1786379434.5203798,4.786,4.891868571871886,-0.03999795243127591,4.892032089087988,0.0001635172161016385,-0.10603208908798845,150.66909790039062,299.12710189819336
calibration,native_ds_rtk_delay_dryrun,native_ds,ds_range,1,4,M1-M4,1786379434.5083394,5.232,5.160191829122155,-0.019999072035783577,5.160230583629121,3.875450696622096e-05,0.07176941637087886,138.62872123718262,628.8442611694336
calibration,native_ds_rtk_delay_dryrun,native_ds,ds_range,1,5,M1-M5,1786379434.5086045,4.762,4.651782194590511,2.7470281046548806e-06,4.651782194591322,8.109068971862143e-13,0.11021780540867798,138.89384269714355,655.6403636932373
calibration,native_ds_rtk_delay_dryrun,native_ds,ds_range,1,2,M1-M2,1786379434.6204827,4.742,4.659350537654436,-0.01999866027183228,4.659393456143552,4.291848911552876e-05,0.08260654385644806,250.77199935913086,226.35722160339355
calibration,native_ds_rtk_delay_dryrun,native_ds,ds_range,1,3,M1-M3,1786379434.6207466,4.809,4.891868571871886,-0.03999795243127591,4.892032089087988,0.0001635172161016385,-0.08303208908798787,251.0359287261963,198.7602710723877
calibration,native_ds_rtk_delay_dryrun,native_ds,ds_range,1,4,M1-M4,1786379434.6209924,5.161,5.160191829122155,-0.019999072035783577,5.160230583629121,3.875450696622096e-05,0.0007694163708782398,251.28173828125,516.1912441253662
calibration,native_ds_rtk_delay_dryrun,native_ds,ds_range,1,5,M1-M5,1786379434.597517,4.721,4.651782194590511,2.7470281046548806e-06,4.651782194591322,8.109068971862143e-13,0.0692178054086785,227.80632972717285,744.5528507232666
calibration,native_ds_rtk_delay_dryrun,native_ds,ds_range,1,2,M1-M2,1786379434.6968374,4.739,4.659350537654436,-0.01999866027183228,4.659393456143552,4.291848911552876e-05,0.07960654385644794,327.12674140930176,302.71196365356445
calibration,native_ds_rtk_delay_dryrun,native_ds,ds_range,1,3,M1-M3,1786379434.7001855,4.781,4.891868571871886,-0.03999795243127591,4.892032089087988,0.0001635172161016385,-0.11103208908798834,330.474853515625,119.32134628295898
calibration,native_ds_rtk_delay_dryrun,native_ds,ds_range,1,4,M1-M4,1786379434.724048,5.255,5.160191829122155,-0.019999072035783577,5.160230583629121,3.875450696622096e-05,0.09476941637087855,354.337215423584,413.1357669830322
calibration,native_ds_rtk_delay_dryrun,native_ds,ds_range,1,5,M1-M5,1786379434.7242768,4.747,4.651864480008404,2.7471667095602115e-06,4.651864480009215,8.109068971862143e-13,0.09513551999078462,354.5660972595215,721.3749885559082
calibration,native_ds_rtk_delay_dryrun,native_ds,ds_range,1,2,M1-M2,1786379434.8233316,4.755,4.659350537654436,-0.01999866027183228,4.659393456143552,4.291848911552876e-05,0.09560654385644796,453.62091064453125,429.20613288879395
calibration,native_ds_rtk_delay_dryrun,native_ds,ds_range,1,3,M1-M3,1786379434.8476517,4.751,4.891868571871886,-0.03999795243127591,4.892032089087988,0.0001635172161016385,-0.1410320890879877,477.94103622436523,28.14483642578125
calibration,native_ds_rtk_delay_dryrun,native_ds,ds_range,1,4,M1-M4,1786379434.8476517,5.227,5.160191829122155,-0.019999072035783577,5.160230583629121,3.875450696622096e-05,0.06676941637087896,477.94103622436523,289.531946182251
calibration,native_ds_rtk_delay_dryrun,native_ds,ds_range,1,5,M1-M5,1786379434.8177762,4.74,4.651864480008404,2.7471667095602115e-06,4.651864480009215,8.109068971862143e-13,0.08813551999078495,448.06551933288574,627.875566482544
calibration,native_ds_rtk_delay_dryrun,native_ds,ds_range,1,2,M1-M2,1786379434.9093175,4.739,4.6628630241887405,-0.019998658013505866,4.662905910338414,4.2886149673293517e-05,0.07609408966158604,539.6068096160889,422.5044250488281
calibration,native_ds_rtk_delay_dryrun,native_ds,ds_range,1,3,M1-M3,1786379434.9411178,4.787,4.891868571871886,-0.03999795243127591,4.892032089087988,0.0001635172161016385,-0.10503208908798811,571.4070796966553,121.61087989807129
calibration,native_ds_rtk_delay_dryrun,native_ds,ds_range,1,4,M1-M4,1786379434.9413652,5.206,5.160191829122155,-0.019999072035783577,5.160230583629121,3.875450696622096e-05,0.04576941637087906,571.6545581817627,195.81842422485352
calibration,native_ds_rtk_delay_dryrun,native_ds,ds_range,1,5,M1-M5,1786379434.9416049,4.744,4.651864480008404,2.7471667095602115e-06,4.651864480009215,8.109068971862143e-13,0.09213551999078451,571.8941688537598,504.0469169616699
calibration,native_ds_rtk_delay_dryrun,native_ds,ds_range,1,2,M1-M2,1786379435.0683844,4.753,4.6631172821047615,-0.01999865732057937,4.663160165913103,4.288380834172045e-05,0.08983983408689689,556.011438369751,263.43750953674316
calibration,native_ds_rtk_delay_dryrun,native_ds,ds_range,1,3,M1-M3,1786379435.0683844,4.792,4.8909983855392545,-0.03999795173834941,4.891161931841028,0.00016354630177328744,-0.09916193184102795,556.011438369751,248.87752532958984
calibration,native_ds_rtk_delay_dryrun,native_ds,ds_range,1,4,M1-M4,1786379435.0688443,5.26,5.157065959844509,-0.019999071342857083,5.157104737839008,3.877799449902852e-05,0.10289526216099176,555.5515289306641,68.33934783935547
calibration,native_ds_rtk_delay_dryrun,native_ds,ds_range,1,5,M1-M5,1786379435.0719254,4.762,4.6549480999578385,2.747859636054173e-06,4.654948099958649,8.109068971862143e-13,0.10705190004135012,552.4704456329346,373.72636795043945
calibration,native_ds_rtk_delay_dryrun,native_ds,ds_range,1,2,M1-M2,1786379435.1775458,4.756,4.6631172821047615,-0.01999865732057937,4.663160165913103,4.288380834172045e-05,0.092839834086897,446.850061416626,154.27613258361816
calibration,native_ds_rtk_delay_dryrun,native_ds,ds_range,1,3,M1-M3,1786379435.2132971,4.804,4.8909983855392545,-0.03999795173834941,4.891161931841028,0.00016354630177328744,-0.0871619318410275,411.0987186431885,393.79024505615234
calibration,native_ds_rtk_delay_dryrun,native_ds,ds_range,1,4,M1-M4,1786379435.213536,5.194,5.157065959844509,-0.019999071342857083,5.157104737839008,3.877799449902852e-05,0.036895262160991926,410.8598232269287,76.35235786437988
calibration,native_ds_rtk_delay_dryrun,native_ds,ds_range,1,5,M1-M5,1786379435.21377,4.76,4.6549480999578385,2.747859636054173e-06,4.654948099958649,8.109068971862143e-13,0.10505190004135034,410.6259346008301,231.88185691833496
calibration,native_ds_rtk_delay_dryrun,native_ds,ds_range,1,2,M1-M2,1786379435.302381,4.762,4.6631172821047615,-0.01999865732057937,4.663160165913103,4.288380834172045e-05,0.09883983408689634,322.01480865478516,29.440879821777344
calibration,native_ds_rtk_delay_dryrun,native_ds,ds_range,1,3,M1-M3,1786379435.302964,4.744,4.8909983855392545,-0.03999795173834941,4.891161931841028,0.00016354630177328744,-0.147161931841028,321.43187522888184,483.457088470459
calibration,native_ds_rtk_delay_dryrun,native_ds,ds_range,1,4,M1-M4,1786379435.3031976,5.244,5.157065959844509,-0.019999071342857083,5.157104737839008,3.877799449902852e-05,0.08689526216099175,321.1982250213623,166.0139560699463
calibration,native_ds_rtk_delay_dryrun,native_ds,ds_range,1,5,M1-M5,1786379435.2729719,4.77,4.6549480999578385,2.747859636054173e-06,4.654948099958649,8.109068971862143e-13,0.11505190004135013,351.423978805542,172.67990112304688
calibration,native_ds_rtk_delay_dryrun,native_ds,ds_range,1,2,M1-M2,1786379435.4093285,4.75,4.6631172821047615,-0.01999865732057937,4.663160165913103,4.288380834172045e-05,0.08683983408689677,215.06738662719727,77.50654220581055
calibration,native_ds_rtk_delay_dryrun,native_ds,ds_range,1,3,M1-M3,1786379435.436963,4.746,4.8909983855392545,-0.03999795173834941,4.891161931841028,0.00016354630177328744,-0.14516193184102733,187.43276596069336,617.4561977386475
calibration,native_ds_rtk_delay_dryrun,native_ds,ds_range,1,4,M1-M4,1786379435.4372005,5.273,5.157065959844509,-0.019999071342857083,5.157104737839008,3.877799449902852e-05,0.11589526216099166,187.1953010559082,300.0168800354004
calibration,native_ds_rtk_delay_dryrun,native_ds,ds_range,1,5,M1-M5,1786379435.4374313,4.743,4.6549480999578385,2.747859636054173e-06,4.654948099958649,8.109068971862143e-13,0.08805190004135088,186.9645118713379,8.220434188842773
calibration,native_ds_rtk_delay_dryrun,native_ds,ds_range,1,2,M1-M2,1786379435.5388627,4.812,4.6631172821047615,-0.01999865732057937,4.663160165913103,4.288380834172045e-05,0.14883983408689705,85.53314208984375,207.04078674316406
calibration,native_ds_rtk_delay_dryrun,native_ds,ds_range,1,3,M1-M3,1786379435.5320423,4.781,4.8909983855392545,-0.03999795173834941,4.891161931841028,0.00016354630177328744,-0.11016193184102807,92.35358238220215,712.5353813171387
calibration,native_ds_rtk_delay_dryrun,native_ds,ds_range,1,4,M1-M4,1786379435.532281,5.199,5.157065959844509,-0.019999071342857083,5.157104737839008,3.877799449902852e-05,0.04189526216099182,92.11492538452148,395.0972557067871
calibration,native_ds_rtk_delay_dryrun,native_ds,ds_range,1,5,M1-M5,1786379435.532512,4.741,4.6549480999578385,2.747859636054173e-06,4.654948099958649,8.109068971862143e-13,0.08605190004135022,91.88389778137207,86.86017990112305
calibration,native_ds_rtk_delay_dryrun,native_ds,ds_range,1,2,M1-M2,1786379435.6553757,4.695,4.6631172821047615,-0.01999865732057937,4.663160165913103,4.288380834172045e-05,0.031839834086897056,30.97987174987793,323.55380058288574
calibration,native_ds_rtk_delay_dryrun,native_ds,ds_range,1,3,M1-M3,1786379435.6210063,4.775,4.8852179963064755,-0.04999795661922801,4.885473842638271,0.00025584633179587257,-0.11047384263827098,3.389596939086914,739.3207550048828
calibration,native_ds_rtk_delay_dryrun,native_ds,ds_range,1,4,M1-M4,1786379435.6509154,5.213,5.157065959844509,-0.019999071342857083,5.157104737839008,3.877799449902852e-05,0.055895262160992054,26.5195369720459,513.7317180633545
calibration,native_ds_rtk_delay_dryrun,native_ds,ds_range,1,5,M1-M5,1786379435.6513534,4.74,4.6549480999578385,2.747859636054173e-06,4.654948099958649,8.109068971862143e-13,0.08505190004135077,26.95751190185547,205.7015895843506
calibration,native_ds_rtk_delay_dryrun,native_ds,ds_range,1,2,M1-M2,1786379435.8043253,4.775,4.6631172821047615,-0.01999865732057937,4.663160165913103,4.288380834172045e-05,0.11183983408689713,179.9294948577881,472.5034236907959
calibration,native_ds_rtk_delay_dryrun,native_ds,ds_range,1,3,M1-M3,1786379435.8045728,4.78,4.8852179963064755,-0.04999795661922801,4.885473842638271,0.00025584633179587257,-0.10547384263827109,180.1769733428955,555.7541847229004
calibration,native_ds_rtk_delay_dryrun,native_ds,ds_range,1,4,M1-M4,1786379435.7727242,5.225,5.157065959844509,-0.019999071342857083,5.157104737839008,3.877799449902852e-05,0.06789526216099162,148.32830429077148,635.5404853820801
calibration,native_ds_rtk_delay_dryrun,native_ds,ds_range,1,5,M1-M5,1786379435.772961,4.761,4.6549480999578385,2.747859636054173e-06,4.654948099958649,8.109068971862143e-13,0.10605190004135068,148.56505393981934,327.30913162231445
calibration,native_ds_rtk_delay_dryrun,native_ds,ds_range,1,2,M1-M2,1786379435.893509,4.804,4.6631172821047615,-0.01999865732057937,4.663160165913103,4.288380834172045e-05,0.14083983408689704,269.11306381225586,561.6869926452637
calibration,native_ds_rtk_delay_dryrun,native_ds,ds_range,1,3,M1-M3,1786379435.921686,4.767,4.8852179963064755,-0.04999795661922801,4.885473842638271,0.00025584633179587257,-0.11847384263827099,297.2900867462158,438.6410713195801
calibration,native_ds_rtk_delay_dryrun,native_ds,ds_range,1,4,M1-M4,1786379435.921686,5.289,5.152155262694059,-0.019999073813849577,5.152194077658518,3.881496445856669e-05,0.13680592234148214,297.2900867462158,598.6807346343994
calibration,native_ds_rtk_delay_dryrun,native_ds,ds_range,1,5,M1-M5,1786379435.891646,4.735,4.6549480999578385,2.747859636054173e-06,4.654948099958649,8.109068971862143e-13,0.08005190004135088,267.25006103515625,445.99413871765137
calibration,native_ds_rtk_delay_dryrun,native_ds,ds_range,1,2,M1-M2,1786379436.033071,4.747,4.6631172821047615,-0.01999865732057937,4.663160165913103,4.288380834172045e-05,0.08383983408689666,408.6751937866211,701.2491226196289
calibration,native_ds_rtk_delay_dryrun,native_ds,ds_range,1,3,M1-M3,1786379436.0356557,4.812,4.8852179963064755,-0.04999795661922801,4.885473842638271,0.00025584633179587257,-0.07347384263827106,411.25988960266113,324.67126846313477
calibration,native_ds_rtk_delay_dryrun,native_ds,ds_range,1,4,M1-M4,1786379436.0123088,5.252,5.152155262694059,-0.019999073813849577,5.152194077658518,3.881496445856669e-05,0.09980592234148222,387.9129886627197,508.0578327178955
calibration,native_ds_rtk_delay_dryrun,native_ds,ds_range,1,5,M1-M5,1786379436.0123088,4.734,4.6549480999578385,2.747859636054173e-06,4.654948099958649,8.109068971862143e-13,0.07905190004135054,387.9129886627197,566.6570663452148
calibration,native_ds_rtk_delay_dryrun,native_ds,ds_range,1,3,M1-M3,1786379436.130162,4.779,4.8852179963064755,-0.04999795661922801,4.885473842638271,0.00025584633179587257,-0.10647384263827142,505.7661533355713,230.1650047302246
calibration,native_ds_rtk_delay_dryrun,native_ds,ds_range,1,4,M1-M4,1786379436.1002347,5.214,5.152155262694059,-0.019999073813849577,5.152194077658518,3.881496445856669e-05,0.061805922341482855,475.83889961242676,420.1319217681885
calibration,native_ds_rtk_delay_dryrun,native_ds,ds_range,1,5,M1-M5,1786379436.1004725,4.76,4.6549480999578385,2.747859636054173e-06,4.654948099958649,8.109068971862143e-13,0.10505190004135034,476.076602935791,654.8206806182861
calibration,native_ds_rtk_delay_dryrun,native_ds,ds_range,1,3,M1-M3,1786379436.2621937,4.757,4.8852179963064755,-0.04999795661922801,4.885473842638271,0.00025584633179587257,-0.12847384263827166,637.7978324890137,98.13332557678223
calibration,native_ds_rtk_delay_dryrun,native_ds,ds_range,1,4,M1-M4,1786379436.2320302,5.282,5.152155262694059,-0.019999073813849577,5.152194077658518,3.881496445856669e-05,0.12980592234148247,607.6343059539795,288.33651542663574
calibration,native_ds_rtk_delay_dryrun,native_ds,ds_range,1,5,M1-M5,1786379436.2613964,4.744,4.65486641562123,2.747721031148842e-06,4.654866415622041,8.109068971862143e-13,0.08913358437795882,637.000560760498,659.3410968780518
calibration,native_ds_rtk_delay_dryrun,native_ds,ds_range,1,3,M1-M3,1786379436.3396595,4.784,4.8852179963064755,-0.04999795661922801,4.885473842638271,0.00025584633179587257,-0.10147384263827153,715.2636051177979,20.667552947998047
calibration,native_ds_rtk_delay_dryrun,native_ds,ds_range,1,4,M1-M4,1786379436.3701177,5.187,5.152155262694059,-0.019999073813849577,5.152194077658518,3.881496445856669e-05,0.03480592234148272,745.7218170166016,150.24900436401367
calibration,native_ds_rtk_delay_dryrun,native_ds,ds_range,1,5,M1-M5,1786379436.3703923,4.721,4.65486641562123,2.747721031148842e-06,4.654866415622041,8.109068971862143e-13,0.06613358437795913,745.9964752197266,550.3451824188232
calibration,native_ds_rtk_delay_dryrun,native_ds,ds_range,1,2,M1-M2,1786379436.6925437,4.729,4.6644169895982195,-0.01999865616607427,4.664459861452445,4.287185422580109e-05,0.0645401385475548,724.4808673858643,524.4808197021484
calibration,native_ds_rtk_delay_dryrun,native_ds,ds_range,1,3,M1-M3,1786379436.6981547,4.772,4.8834973398796935,-0.04999795546472291,4.883753276340103,0.000255936460409778,-0.11175327634010301,718.8699245452881,337.8276824951172
calibration,native_ds_rtk_delay_dryrun,native_ds,ds_range,1,4,M1-M4,1786379436.6917388,5.225,5.150033041583242,-0.019999072659344475,5.150071872537933,3.88309546908161e-05,0.07492812746206656,725.2857685089111,171.3721752166748
calibration,native_ds_rtk_delay_dryrun,native_ds,ds_range,1,5,M1-M5,1786379436.6920013,4.744,4.656896106979739,2.7488755362514716e-06,4.65689610698055,8.109068971862143e-13,0.08710389301944943,725.0232696533203,228.73616218566895
calibration,native_ds_rtk_delay_dryrun,native_ds,ds_range,1,2,M1-M2,1786379436.8198657,4.749,4.6644169895982195,-0.01999865616607427,4.664459861452445,4.287185422580109e-05,0.08454013854755438,597.1589088439941,397.1588611602783
calibration,native_ds_rtk_delay_dryrun,native_ds,ds_range,1,3,M1-M3,1786379436.7893279,4.751,4.8834973398796935,-0.04999795546472291,4.883753276340103,0.000255936460409778,-0.13275327634010292,627.6967525482178,429.0008544921875
calibration,native_ds_rtk_delay_dryrun,native_ds,ds_range,1,4,M1-M4,1786379436.8190603,5.235,5.150033041583242,-0.019999072659344475,5.150071872537933,3.88309546908161e-05,0.08492812746206724,597.9642868041992,298.6936569213867
calibration,native_ds_rtk_delay_dryrun,native_ds,ds_range,1,5,M1-M5,1786379436.8193247,4.748,4.656896106979739,2.7488755362514716e-06,4.65689610698055,8.109068971862143e-13,0.09110389301944988,597.6998805999756,101.41277313232422
calibration,native_ds_rtk_delay_dryrun,native_ds,ds_range,1,2,M1-M2,1786379436.912156,4.731,4.6644169895982195,-0.01999865616607427,4.664459861452445,4.287185422580109e-05,0.06654013854755458,504.8685073852539,304.8684597015381
calibration,native_ds_rtk_delay_dryrun,native_ds,ds_range,1,3,M1-M3,1786379436.9168224,4.76,4.8834973398796935,-0.04999795546472291,4.883753276340103,0.000255936460409778,-0.12375327634010347,500.2021789550781,556.4954280853271
calibration,native_ds_rtk_delay_dryrun,native_ds,ds_range,1,4,M1-M4,1786379436.911307,5.178,5.150033041583242,-0.019999072659344475,5.150071872537933,3.88309546908161e-05,0.027928127462066854,505.71751594543457,390.94042778015137
calibration,native_ds_rtk_delay_dryrun,native_ds,ds_range,1,5,M1-M5,1786379436.9115813,4.76,4.656896106979739,2.7488755362514716e-06,4.65689610698055,8.109068971862143e-13,0.10310389301944944,505.4433345794678,9.156227111816406
calibration,native_ds_rtk_delay_dryrun,native_ds,ds_range,1,2,M1-M2,1786379437.0402677,4.782,4.6644169895982195,-0.01999865616607427,4.664459861452445,4.287185422580109e-05,0.11754013854755474,376.7569065093994,176.7568588256836
calibration,native_ds_rtk_delay_dryrun,native_ds,ds_range,1,3,M1-M3,1786379437.0102518,4.782,4.8834973398796935,-0.04999795546472291,4.883753276340103,0.000255936460409778,-0.10175327634010323,406.7728519439697,649.9247550964355
calibration,native_ds_rtk_delay_dryrun,native_ds,ds_range,1,4,M1-M4,1786379437.0164888,5.199,5.150033041583242,-0.019999072659344475,5.150071872537933,3.88309546908161e-05,0.04892812746206676,400.53582191467285,496.1221218109131
calibration,native_ds_rtk_delay_dryrun,native_ds,ds_range,1,5,M1-M5,1786379437.030406,4.728,4.656896106979739,2.7488755362514716e-06,4.65689610698055,8.109068971862143e-13,0.07110389301944942,386.61861419677734,109.66849327087402
calibration,native_ds_rtk_delay_dryrun,native_ds,ds_range,1,2,M1-M2,1786379437.1410592,4.784,4.6644169895982195,-0.01999865616607427,4.664459861452445,4.287185422580109e-05,0.11954013854755452,275.96545219421387,75.96540451049805
calibration,native_ds_rtk_delay_dryrun,native_ds,ds_range,1,3,M1-M3,1786379437.1410592,4.774,4.890781140107664,-0.039997949621033146,4.890944693656503,0.0001635535488393458,-0.11694469365650306,275.96545219421387,717.1833515167236
calibration,native_ds_rtk_delay_dryrun,native_ds,ds_range,1,4,M1-M4,1786379437.1100512,5.187,5.150033041583242,-0.019999072659344475,5.150071872537933,3.88309546908161e-05,0.036928127462067195,306.9734573364258,589.6844863891602
calibration,native_ds_rtk_delay_dryrun,native_ds,ds_range,1,5,M1-M5,1786379437.140573,4.762,4.656896106979739,2.7488755362514716e-06,4.65689610698055,8.109068971862143e-13,0.10510389301944922,276.45158767700195,219.8355197906494
calibration,native_ds_rtk_delay_dryrun,native_ds,ds_range,1,2,M1-M2,1786379437.2347186,4.785,4.6644169895982195,-0.01999865616607427,4.664459861452445,4.287185422580109e-05,0.12054013854755485,182.30605125427246,17.69399642944336
calibration,native_ds_rtk_delay_dryrun,native_ds,ds_range,1,3,M1-M3,1786379437.2349794,4.766,4.890781140107664,-0.039997949621033146,4.890944693656503,0.0001635535488393458,-0.12494469365650307,182.04522132873535,623.2631206512451
calibration,native_ds_rtk_delay_dryrun,native_ds,ds_range,1,4,M1-M4,1786379437.237678,5.185,5.150033041583242,-0.019999072659344475,5.150071872537933,3.88309546908161e-05,0.03492812746206653,179.34656143188477,717.3113822937012
calibration,native_ds_rtk_delay_dryrun,native_ds,ds_range,1,5,M1-M5,1786379437.2046852,4.739,4.656896106979739,2.7488755362514716e-06,4.65689610698055,8.109068971862143e-13,0.08210389301944954,212.3394012451172,283.9477062225342
calibration,native_ds_rtk_delay_dryrun,native_ds,ds_range,1,2,M1-M2,1786379437.3118174,4.774,4.6644169895982195,-0.01999865616607427,4.664459861452445,4.287185422580109e-05,0.10954013854755473,105.20720481872559,94.79284286499023
calibration,native_ds_rtk_delay_dryrun,native_ds,ds_range,1,3,M1-M3,1786379437.3175664,4.773,4.890781140107664,-0.039997949621033146,4.890944693656503,0.0001635535488393458,-0.1179446936565034,99.45821762084961,540.6761169433594
calibration,native_ds_rtk_delay_dryrun,native_ds,ds_range,1,4,M1-M4,1786379437.3423405,5.179,5.153490959355825,-0.019999071372477306,5.1535297642507105,3.8804894885835495e-05,0.02547023574928975,74.68414306640625,686.7897510528564
calibration,native_ds_rtk_delay_dryrun,native_ds,ds_range,1,5,M1-M5,1786379437.3425639,4.744,4.656896106979739,2.7488755362514716e-06,4.65689610698055,8.109068971862143e-13,0.08710389301944943,74.46074485778809,421.8263626098633
calibration,native_ds_rtk_delay_dryrun,native_ds,ds_range,1,2,M1-M2,1786379437.4370604,4.768,4.6644169895982195,-0.01999865616607427,4.664459861452445,4.287185422580109e-05,0.1035401385475545,20.035743713378906,220.03579139709473
calibration,native_ds_rtk_delay_dryrun,native_ds,ds_range,1,3,M1-M3,1786379437.4084713,4.758,4.890781140107664,-0.039997949621033146,4.890944693656503,0.0001635535488393458,-0.13294469365650308,8.553266525268555,449.7711658477783
calibration,native_ds_rtk_delay_dryrun,native_ds,ds_range,1,4,M1-M4,1786379437.4362624,5.177,5.153490959355825,-0.019999071372477306,5.1535297642507105,3.8804894885835495e-05,0.02347023574928908,19.237756729125977,592.8678512573242
calibration,native_ds_rtk_delay_dryrun,native_ds,ds_range,1,5,M1-M5,1786379437.4365196,4.754,4.656896106979739,2.7488755362514716e-06,4.65689610698055,8.109068971862143e-13,0.09710389301944922,19.495010375976562,515.7821178436279
calibration,native_ds_rtk_delay_dryrun,native_ds,ds_range,1,2,M1-M2,1786379437.5304239,4.756,4.6644169895982195,-0.01999865616607427,4.664459861452445,4.287185422580109e-05,0.09154013854755494,113.39926719665527,313.3993148803711
calibration,native_ds_rtk_delay_dryrun,native_ds,ds_range,1,3,M1-M3,1786379437.5658827,4.737,4.890781140107664,-0.039997949621033146,4.890944693656503,0.0001635535488393458,-0.15394469365650298,148.85807037353516,292.3598289489746
calibration,native_ds_rtk_delay_dryrun,native_ds,ds_range,1,4,M1-M4,1786379437.5661266,5.16,5.153490959355825,-0.019999071372477306,5.1535297642507105,3.8804894885835495e-05,0.006470235749289621,149.10197257995605,463.00363540649414
calibration,native_ds_rtk_delay_dryrun,native_ds,ds_range,1,5,M1-M5,1786379437.566366,4.758,4.656896106979739,2.7488755362514716e-06,4.65689610698055,8.109068971862143e-13,0.10110389301944966,149.34134483337402,645.6284523010254
calibration,native_ds_rtk_delay_dryrun,native_ds,ds_range,1,2,M1-M2,1786379437.6782067,4.768,4.6644169895982195,-0.01999865616607427,4.664459861452445,4.287185422580109e-05,0.1035401385475545,261.1820697784424,461.1821174621582
calibration,native_ds_rtk_delay_dryrun,native_ds,ds_range,1,3,M1-M3,1786379437.678463,4.744,4.890781140107664,-0.039997949621033146,4.890944693656503,0.0001635535488393458,-0.1469446936565033,261.43836975097656,179.7795295715332
calibration,native_ds_rtk_delay_dryrun,native_ds,ds_range,1,4,M1-M4,1786379437.6786854,5.205,5.153490959355825,-0.019999071372477306,5.1535297642507105,3.8804894885835495e-05,0.05147023574928955,261.6608142852783,350.4447937011719
calibration,native_ds_rtk_delay_dryrun,native_ds,ds_range,1,5,M1-M5,1786379437.6536515,4.728,4.656896106979739,2.7488755362514716e-06,4.65689610698055,8.109068971862143e-13,0.07110389301944942,236.62686347961426,732.9139709472656
calibration,native_ds_rtk_delay_dryrun,native_ds,ds_range,1,2,M1-M2,1786379437.7703872,4.713,4.6644169895982195,-0.01999865616607427,4.664459861452445,4.287185422580109e-05,0.04854013854755479,353.3625602722168,553.3626079559326
calibration,native_ds_rtk_delay_dryrun,native_ds,ds_range,1,3,M1-M3,1786379437.7706501,4.787,4.890781140107664,-0.039997949621033146,4.890944693656503,0.0001635535488393458,-0.10394469365650316,353.6255359649658,87.59236335754395
calibration,native_ds_rtk_delay_dryrun,native_ds,ds_range,1,4,M1-M4,1786379437.770873,5.188,5.153490959355825,-0.019999071372477306,5.1535297642507105,3.8804894885835495e-05,0.0344702357492892,353.8484573364258,258.2571506500244
calibration,native_ds_rtk_delay_dryrun,native_ds,ds_range,1,5,M1-M5,1786379437.7408001,4.761,4.661318874638748,-0.00999724648292405,4.661329595297964,1.0720659216367778e-05,0.09967040470203603,323.7755298614502,685.3411197662354
calibration,native_ds_rtk_delay_dryrun,native_ds,ds_range,1,2,M1-M2,1786379437.8582358,4.74,4.663181186051928,-0.019998657918459173,4.663224069275163,4.288322323464655e-05,0.07677593072483724,441.2112236022949,469.8753356933594
calibration,native_ds_rtk_delay_dryrun,native_ds,ds_range,1,3,M1-M3,1786379437.8584974,4.823,4.890781140107664,-0.039997949621033146,4.890944693656503,0.0001635535488393458,-0.06794469365650269,441.47276878356934,0.2548694610595703
calibration,native_ds_rtk_delay_dryrun,native_ds,ds_range,1,4,M1-M4,1786379437.8587222,5.204,5.153490959355825,-0.019999071372477306,5.1535297642507105,3.8804894885835495e-05,0.050470235749289216,441.6975975036621,170.4080104827881
calibration,native_ds_rtk_delay_dryrun,native_ds,ds_range,1,5,M1-M5,1786379437.8702013,4.671,4.661318874638748,-0.00999724648292405,4.661329595297964,1.0720659216367778e-05,0.009670404702036173,453.17673683166504,555.9399127960205
calibration,native_ds_rtk_delay_dryrun,native_ds,ds_range,1,2,M1-M2,1786379437.9301422,4.763,4.663181186051928,-0.019998657918459173,4.663224069275163,4.288322323464655e-05,0.09977593072483693,513.1175518035889,397.96900749206543
calibration,native_ds_rtk_delay_dryrun,native_ds,ds_range,1,3,M1-M3,1786379437.9608374,4.771,4.890781140107664,-0.039997949621033146,4.890944693656503,0.0001635535488393458,-0.11994469365650318,543.8127517700195,102.59485244750977
calibration,native_ds_rtk_delay_dryrun,native_ds,ds_range,1,4,M1-M4,1786379437.96109,5.244,5.153490959355825,-0.019999071372477306,5.1535297642507105,3.8804894885835495e-05,0.09047023574928925,544.0654754638672,68.04013252258301
calibration,native_ds_rtk_delay_dryrun,native_ds,ds_range,1,5,M1-M5,1786379437.96109,4.745,4.661318874638748,-0.00999724648292405,4.661329595297964,1.0720659216367778e-05,0.08367040470203602,544.0654754638672,465.05117416381836
calibration,native_ds_rtk_delay_dryrun,native_ds,ds_range,1,2,M1-M2,1786379438.0798779,4.776,4.663181186051928,-0.019998657918459173,4.663224069275163,4.288322323464655e-05,0.11277593072483683,662.8532409667969,248.23331832885742
calibration,native_ds_rtk_delay_dryrun,native_ds,ds_range,1,3,M1-M3,1786379438.048881,4.794,4.890781140107664,-0.039997949621033146,4.890944693656503,0.0001635535488393458,-0.09694469365650349,631.8564414978027,190.63854217529297
calibration,native_ds_rtk_delay_dryrun,native_ds,ds_range,1,4,M1-M4,1786379438.0767121,5.181,5.153490959355825,-0.019999071372477306,5.1535297642507105,3.8804894885835495e-05,0.02747023574928953,659.6875190734863,47.58191108703613
calibration,native_ds_rtk_delay_dryrun,native_ds,ds_range,1,5,M1-M5,1786379438.0769904,4.73,4.661318874638748,-0.00999724648292405,4.661329595297964,1.0720659216367778e-05,0.06867040470203634,659.9657535552979,349.1508960723877
calibration,native_ds_rtk_delay_dryrun,native_ds,ds_range,1,2,M1-M2,1786379438.2007337,4.709,4.665078422891706,-0.019998659937320196,4.665121288683613,4.2865791907154005e-05,0.04387871131638654,702.2531032562256,127.37751007080078
calibration,native_ds_rtk_delay_dryrun,native_ds,ds_range,1,3,M1-M3,1786379438.20102,4.794,4.889730674434728,-0.03999795163989417,4.889894263135276,0.00016358870054844488,-0.0958942631352766,701.9667625427246,342.7774906158447
calibration,native_ds_rtk_delay_dryrun,native_ds,ds_range,1,4,M1-M4,1786379438.1659896,5.246,5.1578440492730335,-0.01999907339133833,5.157882821425644,3.8772152610278e-05,0.08811717857435664,736.997127532959,136.85941696166992
calibration,native_ds_rtk_delay_dryrun,native_ds,ds_range,1,5,M1-M5,1786379438.2001538,4.751,4.656896114775317,-0.009997248501785072,4.656906845620497,1.0730845180439985e-05,0.09409315437950294,702.8329372406006,225.98743438720703
calibration,native_ds_rtk_delay_dryrun,native_ds,ds_range,1,2,M1-M2,1786379438.3009934,4.798,4.665078422891706,-0.019998659937320196,4.665121288683613,4.2865791907154005e-05,0.13287871131638695,601.9933223724365,27.11772918701172
calibration,native_ds_rtk_delay_dryrun,native_ds,ds_range,1,3,M1-M3,1786379438.301273,4.781,4.889730674434728,-0.03999795163989417,4.889894263135276,0.00016358870054844488,-0.1088942631352765,601.7136573791504,443.03059577941895
calibration,native_ds_rtk_delay_dryrun,native_ds,ds_range,1,4,M1-M4,1786379438.3015103,5.201,5.1578440492730335,-0.01999907339133833,5.157882821425644,3.8772152610278e-05,0.04311717857435582,601.4764308929443,272.38011360168457
calibration,native_ds_rtk_delay_dryrun,native_ds,ds_range,1,5,M1-M5,1786379438.263563,4.759,4.656896114775317,-0.009997248501785072,4.656906845620497,1.0730845180439985e-05,0.10209315437950295,639.4238471984863,162.57834434509277
calibration,native_ds_rtk_delay_dryrun,native_ds,ds_range,1,2,M1-M2,1786379438.3903959,4.774,4.665078422891706,-0.019998659937320196,4.665121288683613,4.2865791907154005e-05,0.10887871131638693,512.5908851623535,62.28470802307129
calibration,native_ds_rtk_delay_dryrun,native_ds,ds_range,1,3,M1-M3,1786379438.3906536,4.761,4.889730674434728,-0.03999795163989417,4.889894263135276,0.00016358870054844488,-0.12889426313527608,512.3331546783447,532.4110984802246
calibration,native_ds_rtk_delay_dryrun,native_ds,ds_range,1,4,M1-M4,1786379438.3908813,5.181,5.1578440492730335,-0.01999907339133833,5.157882821425644,3.8772152610278e-05,0.023117178574356245,512.1054649353027,361.7510795593262
calibration,native_ds_rtk_delay_dryrun,native_ds,ds_range,1,5,M1-M5,1786379438.3652635,4.758,4.656896114775317,-0.009997248501785072,4.656906845620497,1.0730845180439985e-05,0.10109315437950261,537.7233028411865,60.87779998779297
calibration,native_ds_rtk_delay_dryrun,native_ds,ds_range,1,2,M1-M2,1786379438.5077841,4.781,4.665078422891706,-0.019998659937320196,4.665121288683613,4.2865791907154005e-05,0.1158787113163866,395.20263671875,179.6729564666748
calibration,native_ds_rtk_delay_dryrun,native_ds,ds_range,1,3,M1-M3,1786379438.4872882,4.754,4.889730674434728,-0.03999795163989417,4.889894263135276,0.00016358870054844488,-0.13589426313527664,415.6985282897949,629.0457248687744
calibration,native_ds_rtk_delay_dryrun,native_ds,ds_range,1,4,M1-M4,1786379438.4875507,5.212,5.1578440492730335,-0.01999907339133833,5.157882821425644,3.8772152610278e-05,0.05411717857435594,415.4360294342041,458.4205150604248
calibration,native_ds_rtk_delay_dryrun,native_ds,ds_range,1,5,M1-M5,1786379438.507242,4.77,4.656896114775317,-0.009997248501785072,4.656906845620497,1.0730845180439985e-05,0.11309315437950218,395.74480056762695,81.1007022857666
calibration,native_ds_rtk_delay_dryrun,native_ds,ds_range,1,2,M1-M2,1786379438.6100416,4.712,4.665078422891706,-0.019998659937320196,4.665121288683613,4.2865791907154005e-05,0.046878711316386656,292.94514656066895,281.93044662475586
calibration,native_ds_rtk_delay_dryrun,native_ds,ds_range,1,3,M1-M3,1786379438.6100416,4.812,4.888425554237985,-0.04999795232488069,4.888681232660157,0.00025567842217188996,-0.0766812326601567,292.94514656066895,734.3637943267822
calibration,native_ds_rtk_delay_dryrun,native_ds,ds_range,1,4,M1-M4,1786379438.580039,5.188,5.1578440492730335,-0.01999907339133833,5.157882821425644,3.8772152610278e-05,0.03011717857435592,322.94774055480957,550.9088039398193
calibration,native_ds_rtk_delay_dryrun,native_ds,ds_range,1,5,M1-M5,1786379438.580281,4.76,4.656896114775317,-0.009997248501785072,4.656906845620497,1.0730845180439985e-05,0.1030931543795024,322.7057456970215,154.13975715637207
calibration,native_ds_rtk_delay_dryrun,native_ds,ds_range,1,2,M1-M2,1786379438.6816156,4.741,4.665078422891706,-0.019998659937320196,4.665121288683613,4.2865791907154005e-05,0.07587871131638657,221.37117385864258,353.5044193267822
calibration,native_ds_rtk_delay_dryrun,native_ds,ds_range,1,3,M1-M3,1786379438.7091885,4.8,4.888425554237985,-0.04999795232488069,4.888681232660157,0.00025567842217188996,-0.08868123266015715,193.79830360412598,635.2169513702393
calibration,native_ds_rtk_delay_dryrun,native_ds,ds_range,1,4,M1-M4,1786379438.709662,5.239,5.1578440492730335,-0.01999907339133833,5.157882821425644,3.8772152610278e-05,0.08111717857435607,193.32480430603027,680.5317401885986
calibration,native_ds_rtk_delay_dryrun,native_ds,ds_range,1,5,M1-M5,1786379438.7115736,4.739,4.656896114775317,-0.009997248501785072,4.656906845620497,1.0730845180439985e-05,0.08209315437950249,191.41316413879395,285.4323387145996
calibration,native_ds_rtk_delay_dryrun,native_ds,ds_range,1,2,M1-M2,1786379438.8335078,4.737,4.665078422891706,-0.019998659937320196,4.665121288683613,4.2865791907154005e-05,0.07187871131638701,69.47898864746094,505.39660453796387
calibration,native_ds_rtk_delay_dryrun,native_ds,ds_range,1,3,M1-M3,1786379438.833835,4.781,4.888425554237985,-0.04999795232488069,4.888681232660157,0.00025567842217188996,-0.10768123266015728,69.1518783569336,510.5705261230469
calibration,native_ds_rtk_delay_dryrun,native_ds,ds_range,1,5,M1-M5,1786379438.8004253,4.74,4.656896114775317,-0.009997248501785072,4.656906845620497,1.0730845180439985e-05,0.08309315437950282,102.56147384643555,374.284029006958
calibration,native_ds_rtk_delay_dryrun,native_ds,ds_range,1,2,M1-M2,1786379438.9318533,4.789,4.665078422891706,-0.019998659937320196,4.665121288683613,4.2865791907154005e-05,0.12387871131638661,28.86652946472168,603.7421226501465
calibration,native_ds_rtk_delay_dryrun,native_ds,ds_range,1,3,M1-M3,1786379438.9011807,4.786,4.888425554237985,-0.04999795232488069,4.888681232660157,0.00025567842217188996,-0.10268123266015738,1.806020736694336,443.2246685028076
calibration,native_ds_rtk_delay_dryrun,native_ds,ds_range,1,4,M1-M4,1786379438.9012017,5.206,5.157288033223029,-0.02999907254172532,5.157375282251508,8.724902847934146e-05,0.048624717748491975,1.7850399017333984,706.4180374145508
calibration,native_ds_rtk_delay_dryrun,native_ds,ds_range,1,5,M1-M5,1786379438.9312766,4.731,4.656896114775317,-0.009997248501785072,4.656906845620497,1.0730845180439985e-05,0.07409315437950248,28.289794921875,505.13529777526855
calibration,native_ds_rtk_delay_dryrun,native_ds,ds_range,1,2,M1-M2,1786379439.035453,4.775,4.665078422891706,-0.019998659937320196,4.665121288683613,4.2865791907154005e-05,0.10987871131638727,132.46631622314453,707.3419094085693
calibration,native_ds_rtk_delay_dryrun,native_ds,ds_range,1,3,M1-M3,1786379439.0718145,4.797,4.888425554237985,-0.04999795232488069,4.888681232660157,0.00025567842217188996,-0.09168123266015726,168.82777214050293,272.59087562561035
calibration,native_ds_rtk_delay_dryrun,native_ds,ds_range,1,4,M1-M4,1786379439.0721524,5.181,5.157288033223029,-0.02999907254172532,5.157375282251508,8.724902847934146e-05,0.02362471774849162,169.16561126708984,535.4673862457275
calibration,native_ds_rtk_delay_dryrun,native_ds,ds_range,1,5,M1-M5,1786379439.0724094,4.726,4.656896114775317,-0.009997248501785072,4.656906845620497,1.0730845180439985e-05,0.06909315437950259,169.42262649536133,646.2681293487549
calibration,native_ds_rtk_delay_dryrun,native_ds,ds_range,1,3,M1-M3,1786379439.1621566,4.788,4.888425554237985,-0.04999795232488069,4.888681232660157,0.00025567842217188996,-0.10068123266015672,259.1698169708252,182.2488307952881
calibration,native_ds_rtk_delay_dryrun,native_ds,ds_range,1,4,M1-M4,1786379439.1624622,5.174,5.157288033223029,-0.02999907254172532,5.157375282251508,8.724902847934146e-05,0.016624717748491946,259.4754695892334,445.157527923584
calibration,native_ds_rtk_delay_dryrun,native_ds,ds_range,1,5,M1-M5,1786379439.1627524,4.743,4.656896114775317,-0.009997248501785072,4.656906845620497,1.0730845180439985e-05,0.08609315437950293,259.765625,736.6111278533936
calibration,native_ds_rtk_delay_dryrun,native_ds,ds_range,1,3,M1-M3,1786379439.2734592,4.792,4.888425554237985,-0.04999795232488069,4.888681232660157,0.00025567842217188996,-0.09668123266015716,370.4724311828613,70.94621658325195
calibration,native_ds_rtk_delay_dryrun,native_ds,ds_range,1,4,M1-M4,1786379439.2737145,5.178,5.157288033223029,-0.02999907254172532,5.157375282251508,8.724902847934146e-05,0.020624717748491506,370.7277774810791,333.9052200317383
calibration,native_ds_rtk_delay_dryrun,native_ds,ds_range,1,5,M1-M5,1786379439.2739549,4.75,4.657747550452474,2.753243944275674e-06,4.657747550453288,8.135714324453147e-13,0.09225244954671208,370.9681034088135,663.2552146911621
calibration,native_ds_rtk_delay_dryrun,native_ds,ds_range,1,3,M1-M3,1786379439.3830445,4.809,4.888425554237985,-0.04999795232488069,4.888681232660157,0.00025567842217188996,-0.07968123266015681,480.0577163696289,38.639068603515625
calibration,native_ds_rtk_delay_dryrun,native_ds,ds_range,1,4,M1-M4,1786379439.383322,5.268,5.157288033223029,-0.02999907254172532,5.157375282251508,8.724902847934146e-05,0.11062471774849136,480.3352355957031,224.29776191711426
calibration,native_ds_rtk_delay_dryrun,native_ds,ds_range,1,5,M1-M5,1786379439.383572,4.746,4.657747550452474,2.753243944275674e-06,4.657747550453288,8.135714324453147e-13,0.08825244954671252,480.58533668518066,553.6379814147949
calibration,native_ds_rtk_delay_dryrun,native_ds,ds_range,1,3,M1-M3,1786379439.4991045,4.752,4.888425554237985,-0.04999795232488069,4.888681232660157,0.00025567842217188996,-0.1366812326601572,596.1177349090576,154.69908714294434
calibration,native_ds_rtk_delay_dryrun,native_ds,ds_range,1,4,M1-M4,1786379439.499343,5.255,5.157288033223029,-0.02999907254172532,5.157375282251508,8.724902847934146e-05,0.09762471774849146,596.3561534881592,108.2768440246582
calibration,native_ds_rtk_delay_dryrun,native_ds,ds_range,1,5,M1-M5,1786379439.4691262,4.747,4.657747550452474,2.753243944275674e-06,4.657747550453288,8.135714324453147e-13,0.08925244954671196,566.1394596099854,468.08385848999023
calibration,native_ds_rtk_delay_dryrun,native_ds,ds_range,1,3,M1-M3,1786379439.5879896,4.773,4.888425554237985,-0.04999795232488069,4.888681232660157,0.00025567842217188996,-0.11568123266015728,685.0028038024902,243.58415603637695
calibration,native_ds_rtk_delay_dryrun,native_ds,ds_range,1,4,M1-M4,1786379439.5882208,5.213,5.157288033223029,-0.02999907254172532,5.157375282251508,8.724902847934146e-05,0.05562471774849165,685.2340698242188,19.398927688598633
calibration,native_ds_rtk_delay_dryrun,native_ds,ds_range,1,5,M1-M5,1786379439.5937307,4.753,4.657747550452474,2.753243944275674e-06,4.657747550453288,8.135714324453147e-13,0.09525244954671219,690.7439231872559,343.4793949127197
calibration,native_ds_rtk_delay_dryrun,native_ds,ds_range,1,2,M1-M2,1786379439.6958635,4.767,4.664161167703778,-0.019998658567023875,4.664204041919731,4.28742159526152e-05,0.10279595808026976,643.7907218933105,687.1480941772461
calibration,native_ds_rtk_delay_dryrun,native_ds,ds_range,1,3,M1-M3,1786379439.6617358,4.761,4.889060795188215,-0.049997951085362424,4.889316440378875,0.00025564519066012537,-0.12831644037887457,677.9184341430664,317.33036041259766
calibration,native_ds_rtk_delay_dryrun,native_ds,ds_range,1,4,M1-M4,1786379439.689996,5.222,5.155503059500552,-0.029999071302207053,5.155590338729266,8.727922871365479e-05,0.06640966127073433,649.658203125,82.37624168395996
calibration,native_ds_rtk_delay_dryrun,native_ds,ds_range,1,5,M1-M5,1786379439.6902268,4.747,4.659573797552941,2.7544834625414794e-06,4.6595737975537554,8.144596108650148e-13,0.08742620244624444,649.4274139404297,246.98328971862793
calibration,native_ds_rtk_delay_dryrun,native_ds,ds_range,1,2,M1-M2,1786379439.7893238,4.748,4.664161167703778,-0.019998658567023875,4.664204041919731,4.28742159526152e-05,0.08379595808026963,550.330400466919,593.6877727508545
calibration,native_ds_rtk_delay_dryrun,native_ds,ds_range,1,3,M1-M3,1786379439.8180265,4.774,4.889060795188215,-0.049997951085362424,4.889316440378875,0.00025564519066012537,-0.11531644037887467,521.62766456604,473.621129989624
calibration,native_ds_rtk_delay_dryrun,native_ds,ds_range,1,4,M1-M4,1786379439.8182833,5.185,5.155503059500552,-0.029999071302207053,5.155590338729266,8.727922871365479e-05,0.029409661270733523,521.3708877563477,210.6635570526123
calibration,native_ds_rtk_delay_dryrun,native_ds,ds_range,1,5,M1-M5,1786379439.8185287,4.737,4.659573797552941,2.7544834625414794e-06,4.6595737975537554,8.144596108650148e-13,0.07742620244624465,521.1255550384521,118.68143081665039
calibration,native_ds_rtk_delay_dryrun,native_ds,ds_range,1,2,M1-M2,1786379439.9663768,4.775,4.664161167703778,-0.019998658567023875,4.664204041919731,4.28742159526152e-05,0.11079595808026976,373.2774257659912,416.63479804992676
calibration,native_ds_rtk_delay_dryrun,native_ds,ds_range,1,3,M1-M3,1786379439.936347,4.773,4.889060795188215,-0.049997951085362424,4.889316440378875,0.00025564519066012537,-0.11631644037887501,403.3071994781494,591.9415950775146
calibration,native_ds_rtk_delay_dryrun,native_ds,ds_range,1,4,M1-M4,1786379439.9365823,5.241,5.155503059500552,-0.029999071302207053,5.155590338729266,8.727922871365479e-05,0.08540966127073357,403.0718803405762,328.9625644683838
calibration,native_ds_rtk_delay_dryrun,native_ds,ds_range,1,5,M1-M5,1786379439.9658222,4.731,4.659573797552941,2.7544834625414794e-06,4.6595737975537554,8.144596108650148e-13,0.07142620244624442,373.83198738098145,28.612136840820312
calibration,native_ds_rtk_delay_dryrun,native_ds,ds_range,1,2,M1-M2,1786379440.0695107,4.756,4.664161167703778,-0.019998658567023875,4.664204041919731,4.28742159526152e-05,0.09179595808026964,270.1435089111328,313.50088119506836
calibration,native_ds_rtk_delay_dryrun,native_ds,ds_range,1,3,M1-M3,1786379440.0697894,4.758,4.889060795188215,-0.049997951085362424,4.889316440378875,0.00025564519066012537,-0.1313164403788747,269.8647975921631,725.383996963501
calibration,native_ds_rtk_delay_dryrun,native_ds,ds_range,1,4,M1-M4,1786379440.0718746,5.195,5.155503059500552,-0.029999071302207053,5.155590338729266,8.727922871365479e-05,0.0394096612707342,267.7795886993408,464.25485610961914
calibration,native_ds_rtk_delay_dryrun,native_ds,ds_range,1,5,M1-M5,1786379440.038618,4.745,4.659573797552941,2.7544834625414794e-06,4.6595737975537554,8.144596108650148e-13,0.08542620244624466,301.03611946105957,101.40800476074219
calibration,native_ds_rtk_delay_dryrun,native_ds,ds_range,1,2,M1-M2,1786379440.1402433,4.763,4.664161167703778,-0.019998658567023875,4.664204041919731,4.28742159526152e-05,0.09879595808026931,199.41091537475586,242.7682876586914
calibration,native_ds_rtk_delay_dryrun,native_ds,ds_range,1,3,M1-M3,1786379440.1704724,4.798,4.889913368795478,-0.049997950070464925,4.890168969405453,0.00025560060997520395,-0.09216896940545283,169.18182373046875,704.8532962799072
calibration,native_ds_rtk_delay_dryrun,native_ds,ds_range,1,4,M1-M4,1786379440.170717,5.201,5.155503059500552,-0.029999071302207053,5.155590338729266,8.727922871365479e-05,0.04540966127073354,168.93720626831055,563.0972385406494
calibration,native_ds_rtk_delay_dryrun,native_ds,ds_range,1,5,M1-M5,1786379440.170717,4.747,4.659573797552941,2.7544834625414794e-06,4.6595737975537554,8.144596108650148e-13,0.08742620244624444,168.93720626831055,233.5069179534912
calibration,native_ds_rtk_delay_dryrun,native_ds,ds_range,1,2,M1-M2,1786379440.2899117,4.755,4.664161167703778,-0.019998658567023875,4.664204041919731,4.28742159526152e-05,0.0907959580802693,49.74246025085449,93.09983253479004
calibration,native_ds_rtk_delay_dryrun,native_ds,ds_range,1,3,M1-M3,1786379440.2901487,4.791,4.889913368795478,-0.049997950070464925,4.890168969405453,0.00025560060997520395,-0.0991689694054525,49.50547218322754,585.176944732666
calibration,native_ds_rtk_delay_dryrun,native_ds,ds_range,1,4,M1-M4,1786379440.2922049,5.166,5.155503059500552,-0.029999071302207053,5.155590338729266,8.727922871365479e-05,0.010409661270734283,47.449350357055664,684.5850944519043
calibration,native_ds_rtk_delay_dryrun,native_ds,ds_range,1,5,M1-M5,1786379440.259221,4.78,4.659573797552941,2.7544834625414794e-06,4.6595737975537554,8.144596108650148e-13,0.1204262024462448,80.43313026428223,322.01099395751953
calibration,native_ds_rtk_delay_dryrun,native_ds,ds_range,1,2,M1-M2,1786379440.4144795,4.756,4.664161167703778,-0.019998658567023875,4.664204041919731,4.28742159526152e-05,0.09179595808026964,74.82528686523438,31.467914581298828
calibration,native_ds_rtk_delay_dryrun,native_ds,ds_range,1,3,M1-M3,1786379440.4158852,4.77,4.889913368795478,-0.049997950070464925,4.890168969405453,0.00025560060997520395,-0.1201689694054533,76.23100280761719,459.4404697418213
calibration,native_ds_rtk_delay_dryrun,native_ds,ds_range,1,4,M1-M4,1786379440.3825061,5.204,5.1567294155308145,-0.01999907183206656,5.156768196057965,3.878052715045044e-05,0.047231803942034745,42.851924896240234,646.8789577484131
calibration,native_ds_rtk_delay_dryrun,native_ds,ds_range,1,5,M1-M5,1786379440.4137518,4.744,4.659573797552941,2.7544834625414794e-06,4.6595737975537554,8.144596108650148e-13,0.08442620244624433,74.0976333618164,476.54175758361816
calibration,native_ds_rtk_delay_dryrun,native_ds,ds_range,1,2,M1-M2,1786379440.5197482,4.785,4.664161167703778,-0.019998658567023875,4.664204041919731,4.28742159526152e-05,0.12079595808026955,180.09400367736816,136.73663139343262
calibration,native_ds_rtk_delay_dryrun,native_ds,ds_range,1,3,M1-M3,1786379440.485573,4.781,4.889913368795478,-0.049997950070464925,4.890168969405453,0.00025560060997520395,-0.10916896940545318,145.9188461303711,389.7526264190674
calibration,native_ds_rtk_delay_dryrun,native_ds,ds_range,1,4,M1-M4,1786379440.5189705,5.176,5.1567294155308145,-0.01999907183206656,5.156768196057965,3.878052715045044e-05,0.019231803942035164,179.31628227233887,510.41460037231445
calibration,native_ds_rtk_delay_dryrun,native_ds,ds_range,1,5,M1-M5,1786379440.5192473,4.752,4.659573797552941,2.7544834625414794e-06,4.6595737975537554,8.144596108650148e-13,0.09242620244624433,179.59308624267578,582.0372104644775
calibration,native_ds_rtk_delay_dryrun,native_ds,ds_range,1,2,M1-M2,1786379440.610555,4.762,4.664161167703778,-0.019998658567023875,4.664204041919731,4.28742159526152e-05,0.09779595808026897,270.9007263183594,227.54335403442383
calibration,native_ds_rtk_delay_dryrun,native_ds,ds_range,1,3,M1-M3,1786379440.6398215,4.786,4.889913368795478,-0.049997950070464925,4.890168969405453,0.00025560060997520395,-0.10416896940545328,300.1673221588135,235.504150390625
calibration,native_ds_rtk_delay_dryrun,native_ds,ds_range,1,4,M1-M4,1786379440.64006,5.188,5.1567294155308145,-0.01999907183206656,5.156768196057965,3.878052715045044e-05,0.03123180394203473,300.40574073791504,389.3251419067383
calibration,native_ds_rtk_delay_dryrun,native_ds,ds_range,1,5,M1-M5,1786379440.6402922,4.75,4.659573797552941,2.7544834625414794e-06,4.6595737975537554,8.144596108650148e-13,0.09042620244624455,300.63796043395996,703.0820846557617
calibration,native_ds_rtk_delay_dryrun,native_ds,ds_range,1,2,M1-M2,1786379440.7813838,4.767,4.664161167703778,-0.019998658567023875,4.664204041919731,4.28742159526152e-05,0.10279595808026976,441.7295455932617,398.3721733093262
calibration,native_ds_rtk_delay_dryrun,native_ds,ds_range,1,3,M1-M3,1786379440.7816575,4.764,4.889913368795478,-0.049997950070464925,4.890168969405453,0.00025560060997520395,-0.12616896940545264,442.0032501220703,93.66822242736816
calibration,native_ds_rtk_delay_dryrun,native_ds,ds_range,1,4,M1-M4,1786379440.7818897,5.229,5.1567294155308145,-0.01999907183206656,5.156768196057965,3.878052715045044e-05,0.0722318039420351,442.23546981811523,247.4954128265381
calibration,native_ds_rtk_delay_dryrun,native_ds,ds_range,1,5,M1-M5,1786379440.754124,4.739,4.65255323472694,2.7470810951557567e-06,4.652553234727751,8.109068971862143e-13,0.0864467652722487,414.46971893310547,605.12375831604
calibration,native_ds_rtk_delay_dryrun,native_ds,ds_range,1,2,M1-M2,1786379440.9003315,4.792,4.668847379015036,-0.029998654530004498,4.668943752906987,9.637389195127355e-05,0.12305624709301277,560.6772899627686,344.17223930358887
calibration,native_ds_rtk_delay_dryrun,native_ds,ds_range,1,3,M1-M3,1786379440.9021144,4.764,4.889913368795478,-0.049997950070464925,4.890168969405453,0.00025560060997520395,-0.12616896940545264,562.46018409729,26.788711547851562
calibration,native_ds_rtk_delay_dryrun,native_ds,ds_range,1,4,M1-M4,1786379440.9293647,5.221,5.1567294155308145,-0.01999907183206656,5.156768196057965,3.878052715045044e-05,0.06423180394203509,589.7104740142822,100.0204086303711
calibration,native_ds_rtk_delay_dryrun,native_ds,ds_range,1,5,M1-M5,1786379440.9296246,4.741,4.65255323472694,2.7470810951557567e-06,4.652553234727751,8.109068971862143e-13,0.08844676527224848,589.9703502655029,429.6231269836426
calibration,native_ds_rtk_delay_dryrun,native_ds,ds_range,1,2,M1-M2,1786379441.0338564,4.764,4.668847379015036,-0.029998654530004498,4.668943752906987,9.637389195127355e-05,0.09505624709301319,694.202184677124,210.6473445892334
calibration,native_ds_rtk_delay_dryrun,native_ds,ds_range,1,3,M1-M3,1786379441.0343215,4.754,4.889913368795478,-0.049997950070464925,4.890168969405453,0.00025560060997520395,-0.1361689694054533,694.6673393249512,158.9958667755127
calibration,native_ds_rtk_delay_dryrun,native_ds,ds_range,1,4,M1-M4,1786379441.0004823,5.232,5.1567294155308145,-0.01999907183206656,5.156768196057965,3.878052715045044e-05,0.07523180394203521,660.8281135559082,28.902769088745117
calibration,native_ds_rtk_delay_dryrun,native_ds,ds_range,1,5,M1-M5,1786379441.0095644,4.759,4.65255323472694,2.7470810951557567e-06,4.652553234727751,8.109068971862143e-13,0.10644676527224917,669.910192489624,349.6832847595215
calibration,native_ds_rtk_delay_dryrun,native_ds,ds_range,1,2,M1-M2,1786379441.1287806,4.767,4.666504062133272,-0.0299986551747507,4.666600484423176,9.642228990447421e-05,0.10039951557682425,662.0676517486572,115.7231330871582
calibration,native_ds_rtk_delay_dryrun,native_ds,ds_range,1,3,M1-M3,1786379441.1290524,4.748,4.892485653633421,-0.049997950715211126,4.892741119871821,0.00025546623840000393,-0.1447411198718207,661.7958545684814,253.72672080993652
calibration,native_ds_rtk_delay_dryrun,native_ds,ds_range,1,4,M1-M4,1786379441.1311069,5.208,5.157844051731759,-0.019999072476812763,5.157882823880804,3.877214904512982e-05,0.05011717611919586,659.7414016723633,101.72176361083984
calibration,native_ds_rtk_delay_dryrun,native_ds,ds_range,1,5,M1-M5,1786379441.101121,4.739,4.651579792430525,2.7464363489548838e-06,4.651579792431336,8.109068971862143e-13,0.08742020756866431,689.7273063659668,258.12673568725586
calibration,native_ds_rtk_delay_dryrun,native_ds,ds_range,1,2,M1-M2,1786379441.2520018,4.776,4.666504062133272,-0.0299986551747507,4.666600484423176,9.642228990447421e-05,0.1093995155768237,538.846492767334,7.498025894165039
calibration,native_ds_rtk_delay_dryrun,native_ds,ds_range,1,3,M1-M3,1786379441.2825153,4.797,4.892485653633421,-0.049997950715211126,4.892741119871821,0.00025546623840000393,-0.09574111987182121,508.3329677581787,407.18960762023926
calibration,native_ds_rtk_delay_dryrun,native_ds,ds_range,1,4,M1-M4,1786379441.2828386,5.176,5.157844051731759,-0.019999072476812763,5.157882823880804,3.877214904512982e-05,0.018117176119195832,508.009672164917,253.45349311828613
calibration,native_ds_rtk_delay_dryrun,native_ds,ds_range,1,5,M1-M5,1786379441.2831337,4.757,4.651579792430525,2.7464363489548838e-06,4.651579792431336,8.109068971862143e-13,0.1054202075686641,507.71450996398926,76.11393928527832
calibration,native_ds_rtk_delay_dryrun,native_ds,ds_range,1,2,M1-M2,1786379441.3433862,4.741,4.666504062133272,-0.0299986551747507,4.666600484423176,9.642228990447421e-05,0.07439951557682356,447.4620819091797,98.88243675231934
calibration,native_ds_rtk_delay_dryrun,native_ds,ds_range,1,3,M1-M3,1786379441.3697228,4.798,4.892485653633421,-0.049997950715211126,4.892741119871821,0.00025546623840000393,-0.09474111987182088,421.1254119873047,494.3971633911133
calibration,native_ds_rtk_delay_dryrun,native_ds,ds_range,1,4,M1-M4,1786379441.3699753,5.183,5.157844051731759,-0.019999072476812763,5.157882823880804,3.877214904512982e-05,0.025117176119195506,420.87292671203613,340.590238571167
calibration,native_ds_rtk_delay_dryrun,native_ds,ds_range,1,5,M1-M5,1786379441.3702228,4.747,4.651579792430525,2.7464363489548838e-06,4.651579792431336,8.109068971862143e-13,0.09542020756866432,420.6254482269287,10.975122451782227
calibration,native_ds_rtk_delay_dryrun,native_ds,ds_range,1,2,M1-M2,1786379441.5211797,4.755,4.666504062133272,-0.0299986551747507,4.666600484423176,9.642228990447421e-05,0.0883995155768238,269.6685791015625,276.6759395599365
calibration,native_ds_rtk_delay_dryrun,native_ds,ds_range,1,3,M1-M3,1786379441.5214164,4.758,4.892485653633421,-0.049997950715211126,4.892741119871821,0.00025546623840000393,-0.1347411198718209,269.43182945251465,646.0907459259033
calibration,native_ds_rtk_delay_dryrun,native_ds,ds_range,1,4,M1-M4,1786379441.4903407,5.185,5.157844051731759,-0.019999072476812763,5.157882823880804,3.877214904512982e-05,0.027117176119195285,300.5075454711914,460.9556198120117
calibration,native_ds_rtk_delay_dryrun,native_ds,ds_range,1,5,M1-M5,1786379441.5206754,4.755,4.651579792430525,2.7464363489548838e-06,4.651579792431336,8.109068971862143e-13,0.10342020756866432,270.1728343963623,161.42773628234863
calibration,native_ds_rtk_delay_dryrun,native_ds,ds_range,1,2,M1-M2,1786379441.6431162,4.768,4.666504062133272,-0.0299986551747507,4.666600484423176,9.642228990447421e-05,0.1013995155768237,147.73201942443848,398.61249923706055
calibration,native_ds_rtk_delay_dryrun,native_ds,ds_range,1,3,M1-M3,1786379441.6133318,4.836,4.892485653633421,-0.049997950715211126,4.892741119871821,0.00025546623840000393,-0.05674111987182062,177.51646041870117,738.0061149597168
calibration,native_ds_rtk_delay_dryrun,native_ds,ds_range,1,4,M1-M4,1786379441.6407766,5.167,5.157844051731759,-0.019999072476812763,5.157882823880804,3.877214904512982e-05,0.009117176119195491,150.0716209411621,611.391544342041
calibration,native_ds_rtk_delay_dryrun,native_ds,ds_range,1,5,M1-M5,1786379441.6410496,4.745,4.651579792430525,2.7464363489548838e-06,4.651579792431336,8.109068971862143e-13,0.09342020756866454,149.79863166809082,281.8019390106201
calibration,native_ds_rtk_delay_dryrun,native_ds,ds_range,1,2,M1-M2,1786379441.729562,4.714,4.666504062133272,-0.0299986551747507,4.666600484423176,9.642228990447421e-05,0.047399515576824314,61.286211013793945,485.0583076477051
calibration,native_ds_rtk_delay_dryrun,native_ds,ds_range,1,3,M1-M3,1786379441.7581854,4.787,4.888425555473908,-0.049997953918085536,4.888681233912309,0.0002556784384015742,-0.10168123391230921,32.66286849975586,600.7637977600098
calibration,native_ds_rtk_delay_dryrun,native_ds,ds_range,1,4,M1-M4,1786379441.7584398,5.181,5.157844051731759,-0.019999072476812763,5.157882823880804,3.877214904512982e-05,0.023117176119195726,32.40847587585449,729.0546894073486
calibration,native_ds_rtk_delay_dryrun,native_ds,ds_range,1,5,M1-M5,1786379441.7586877,4.767,4.651579792430525,2.7464363489548838e-06,4.651579792431336,8.109068971862143e-13,0.11542020756866478,32.16052055358887,399.44005012512207
calibration,native_ds_rtk_delay_dryrun,native_ds,ds_range,1,2,M1-M2,1786379441.8201842,4.766,4.666504062133272,-0.0299986551747507,4.666600484423176,9.642228990447421e-05,0.09939951557682392,29.335975646972656,575.6804943084717
calibration,native_ds_rtk_delay_dryrun,native_ds,ds_range,1,3,M1-M3,1786379441.8498342,4.765,4.888425555473908,-0.049997953918085536,4.888681233912309,0.0002556784384015742,-0.12368123391230945,58.98594856262207,509.11498069763184
calibration,native_ds_rtk_delay_dryrun,native_ds,ds_range,1,5,M1-M5,1786379441.8503554,4.723,4.651579792430525,2.7464363489548838e-06,4.651579792431336,8.109068971862143e-13,0.0714202075686643,59.507131576538086,491.107702255249
calibration,native_ds_rtk_delay_dryrun,native_ds,ds_range,1,2,M1-M2,1786379441.970208,4.707,4.666504062133272,-0.0299986551747507,4.666600484423176,9.642228990447421e-05,0.04039951557682375,179.35967445373535,725.7041931152344
calibration,native_ds_rtk_delay_dryrun,native_ds,ds_range,1,3,M1-M3,1786379441.970208,4.784,4.888425555473908,-0.049997953918085536,4.888681233912309,0.0002556784384015742,-0.10468123391230932,179.35967445373535,388.74125480651855
calibration,native_ds_rtk_delay_dryrun,native_ds,ds_range,1,4,M1-M4,1786379441.9722257,5.232,5.154272227898259,-0.0299990738854351,5.154359527983789,8.730008552948476e-05,0.0776404720162116,181.37741088867188,654.5195579528809
calibration,native_ds_rtk_delay_dryrun,native_ds,ds_range,1,5,M1-M5,1786379441.9419236,4.761,4.651579792430525,2.7464363489548838e-06,4.651579792431336,8.109068971862143e-13,0.10942020756866455,151.0753631591797,582.6759338378906
calibration,native_ds_rtk_delay_dryrun,native_ds,ds_range,1,3,M1-M3,1786379442.0718179,4.805,4.888425555473908,-0.049997953918085536,4.888681233912309,0.0002556784384015742,-0.08368123391230942,280.96961975097656,287.13130950927734
calibration,native_ds_rtk_delay_dryrun,native_ds,ds_range,1,4,M1-M4,1786379442.072155,5.167,5.154272227898259,-0.0299990738854351,5.154359527983789,8.730008552948476e-05,0.012640472016211213,281.3067436218262,554.5902252197266
calibration,native_ds_rtk_delay_dryrun,native_ds,ds_range,1,5,M1-M5,1786379442.0724585,4.768,4.651579792430525,2.7464363489548838e-06,4.651579792431336,8.109068971862143e-13,0.11642020756866422,281.61025047302246,713.2108211517334
calibration,native_ds_rtk_delay_dryrun,native_ds,ds_range,1,3,M1-M3,1786379442.1914983,4.8,4.888425555473908,-0.049997953918085536,4.888681233912309,0.0002556784384015742,-0.08868123391230931,400.6500244140625,167.4509048461914
calibration,native_ds_rtk_delay_dryrun,native_ds,ds_range,1,4,M1-M4,1786379442.1617281,5.185,5.154272227898259,-0.0299990738854351,5.154359527983789,8.730008552948476e-05,0.030640472016211007,370.8798885345459,465.01708030700684
calibration,native_ds_rtk_delay_dryrun,native_ds,ds_range,1,3,M1-M3,1786379442.2812936,4.799,4.888425555473908,-0.049997953918085536,4.888681233912309,0.0002556784384015742,-0.08968123391230876,490.4453754425049,77.65555381774902
calibration,native_ds_rtk_delay_dryrun,native_ds,ds_range,1,4,M1-M4,1786379442.281542,5.2,5.154272227898259,-0.0299990738854351,5.154359527983789,8.730008552948476e-05,0.045640472016211575,490.6938076019287,345.203161239624
calibration,native_ds_rtk_delay_dryrun,native_ds,ds_range,1,3,M1-M3,1786379442.3695636,4.779,4.888425555473908,-0.049997953918085536,4.888681233912309,0.0002556784384015742,-0.10968123391230922,578.7153244018555,10.614395141601562
calibration,native_ds_rtk_delay_dryrun,native_ds,ds_range,1,4,M1-M4,1786379442.3697982,5.172,5.154272227898259,-0.0299990738854351,5.154359527983789,8.730008552948476e-05,0.017640472016211106,578.9499282836914,256.9470405578613
calibration,native_ds_rtk_delay_dryrun,native_ds,ds_range,1,5,M1-M5,1786379442.3991506,4.731,4.6552328468207085,2.75097789353973e-06,4.655232846821521,8.126832540256146e-13,0.07576715317847871,608.3023548126221,741.7645454406738
calibration,native_ds_rtk_delay_dryrun,native_ds,ds_range,1,3,M1-M3,1786379442.4930437,4.757,4.888425555473908,-0.049997953918085536,4.888681233912309,0.0002556784384015742,-0.13168123391230946,702.195405960083,134.0944766998291
calibration,native_ds_rtk_delay_dryrun,native_ds,ds_range,1,4,M1-M4,1786379442.5196657,5.233,5.154272227898259,-0.0299990738854351,5.154359527983789,8.730008552948476e-05,0.07864047201621105,728.8174629211426,107.07950592041016
calibration,native_ds_rtk_delay_dryrun,native_ds,ds_range,1,5,M1-M5,1786379442.5199327,4.751,4.6552328468207085,2.75097789353973e-06,4.655232846821521,8.126832540256146e-13,0.09576715317847917,729.0844917297363,620.9824085235596
calibration,native_ds_rtk_delay_dryrun,native_ds,ds_range,1,3,M1-M3,1786379442.5835571,4.752,4.887791006180159,-0.04999795389480299,4.888046717809611,0.0002557116294523709,-0.1360467178096112,745.9208965301514,224.6079444885254
calibration,native_ds_rtk_delay_dryrun,native_ds,ds_range,1,4,M1-M4,1786379442.6101217,5.254,5.156058084285525,-0.02999907386215256,5.156145354134104,8.726984857876374e-05,0.09785464586589576,719.3562984466553,16.623497009277344
calibration,native_ds_rtk_delay_dryrun,native_ds,ds_range,1,5,M1-M5,1786379442.610392,4.746,4.653406271710995,2.7510011760822906e-06,4.653406271711809,8.135714324453147e-13,0.09259372828819146,719.0859317779541,530.5230617523193
calibration,native_ds_rtk_delay_dryrun,native_ds,ds_range,1,2,M1-M2,1786379442.7313046,4.797,4.66403406761914,-0.019998657436102185,4.6640769429986015,4.287537946190412e-05,0.13292305700139817,598.1733798980713,654.8490524291992
calibration,native_ds_rtk_delay_dryrun,native_ds,ds_range,1,3,M1-M3,1786379442.7315454,4.794,4.887791006180159,-0.04999795389480299,4.888046717809611,0.0002557116294523709,-0.09404671780961138,597.9325771331787,372.59626388549805
calibration,native_ds_rtk_delay_dryrun,native_ds,ds_range,1,4,M1-M4,1786379442.7317677,5.183,5.156058084285525,-0.02999907386215256,5.156145354134104,8.726984857876374e-05,0.026854645865896032,597.710371017456,105.02243041992188
calibration,native_ds_rtk_delay_dryrun,native_ds,ds_range,1,5,M1-M5,1786379442.7017014,4.759,4.653406271710995,2.7510011760822906e-06,4.653406271711809,8.135714324453147e-13,0.10559372828819136,627.7766227722168,439.21375274658203
calibration,native_ds_rtk_delay_dryrun,native_ds,ds_range,1,2,M1-M2,1786379442.7721603,4.719,4.66403406761914,-0.019998657436102185,4.6640769429986015,4.287537946190412e-05,0.05492305700139877,557.3177337646484,613.9934062957764
calibration,native_ds_rtk_delay_dryrun,native_ds,ds_range,1,3,M1-M3,1786379442.7819438,4.747,4.887791006180159,-0.04999795389480299,4.888046717809611,0.0002557116294523709,-0.1410467178096111,547.5342273712158,422.99461364746094
calibration,native_ds_rtk_delay_dryrun,native_ds,ds_range,1,4,M1-M4,1786379442.8150003,5.217,5.156058084285525,-0.02999907386215256,5.156145354134104,8.726984857876374e-05,0.06085464586589584,514.4777297973633,188.25507164001465
calibration,native_ds_rtk_delay_dryrun,native_ds,ds_range,1,5,M1-M5,1786379442.8152378,4.764,4.653406271710995,2.7510011760822906e-06,4.653406271711809,8.135714324453147e-13,0.11059372828819125,514.2402648925781,325.67739486694336
calibration,native_ds_rtk_delay_dryrun,native_ds,ds_range,1,2,M1-M2,1786379442.935078,4.746,4.66403406761914,-0.019998657436102185,4.6640769429986015,4.287537946190412e-05,0.0819230570013989,394.40011978149414,451.07579231262207
calibration,native_ds_rtk_delay_dryrun,native_ds,ds_range,1,3,M1-M3,1786379442.962723,4.778,4.887791006180159,-0.04999795389480299,4.888046717809611,0.0002557116294523709,-0.1100467178096114,366.75500869750977,603.773832321167
calibration,native_ds_rtk_delay_dryrun,native_ds,ds_range,1,4,M1-M4,1786379442.9629745,5.248,5.156058084285525,-0.02999907386215256,5.156145354134104,8.726984857876374e-05,0.09185464586589642,366.5034770965576,336.2293243408203
calibration,native_ds_rtk_delay_dryrun,native_ds,ds_range,1,5,M1-M5,1786379442.9632218,4.737,4.653406271710995,2.7510011760822906e-06,4.653406271711809,8.135714324453147e-13,0.08359372828819112,366.2562370300293,177.69336700439453
calibration,native_ds_rtk_delay_dryrun,native_ds,ds_range,1,2,M1-M2,1786379443.0196016,4.715,4.66403406761914,-0.019998657436102185,4.6640769429986015,4.287537946190412e-05,0.05092305700139832,309.8764419555664,366.55211448669434
calibration,native_ds_rtk_delay_dryrun,native_ds,ds_range,1,3,M1-M3,1786379443.0395782,4.744,4.887791006180159,-0.04999795389480299,4.888046717809611,0.0002557116294523709,-0.1440467178096112,289.8998260498047,680.6290149688721
calibration,native_ds_rtk_delay_dryrun,native_ds,ds_range,1,4,M1-M4,1786379443.0398254,5.173,5.156058084285525,-0.02999907386215256,5.156145354134104,8.726984857876374e-05,0.016854645865896245,289.65258598327637,413.08021545410156
calibration,native_ds_rtk_delay_dryrun,native_ds,ds_range,1,5,M1-M5,1786379443.0419319,4.752,4.653406271710995,2.7510011760822906e-06,4.653406271711809,8.135714324453147e-13,0.0985937282881908,287.54615783691406,98.9832878112793
calibration,native_ds_rtk_delay_dryrun,native_ds,ds_range,1,2,M1-M2,1786379443.15069,4.729,4.66403406761914,-0.019998657436102185,4.6640769429986015,4.287537946190412e-05,0.06492305700139855,178.7879467010498,235.46361923217773
calibration,native_ds_rtk_delay_dryrun,native_ds,ds_range,1,3,M1-M3,1786379443.112248,4.778,4.890581847168686,-0.04999795167661736,4.890837412859656,0.000255565690969739,-0.11283741285965654,217.23008155822754,737.7650737762451
calibration,native_ds_rtk_delay_dryrun,native_ds,ds_range,1,4,M1-M4,1786379443.1193006,5.21,5.156058084285525,-0.02999907386215256,5.156145354134104,8.726984857876374e-05,0.05385464586589617,210.17742156982422,492.5553798675537
calibration,native_ds_rtk_delay_dryrun,native_ds,ds_range,1,5,M1-M5,1786379443.1500995,4.739,4.653406271710995,2.7510011760822906e-06,4.653406271711809,8.135714324453147e-13,0.0855937282881909,179.37850952148438,9.18436050415039
calibration,native_ds_rtk_delay_dryrun,native_ds,ds_range,1,2,M1-M2,1786379443.2755487,4.74,4.66403406761914,-0.019998657436102185,4.6640769429986015,4.287537946190412e-05,0.07592305700139867,53.92932891845703,110.60500144958496
calibration,native_ds_rtk_delay_dryrun,native_ds,ds_range,1,3,M1-M3,1786379443.2423391,4.791,4.890581847168686,-0.04999795167661736,4.890837412859656,0.000255565690969739,-0.09983741285965575,87.13889122009277,607.6738834381104
calibration,native_ds_rtk_delay_dryrun,native_ds,ds_range,1,4,M1-M4,1786379443.2696636,5.199,5.156058084285525,-0.02999907386215256,5.156145354134104,8.726984857876374e-05,0.042854645865896046,59.814453125,642.9183483123779
calibration,native_ds_rtk_delay_dryrun,native_ds,ds_range,1,5,M1-M5,1786379443.2699115,4.737,4.653406271710995,2.7510011760822906e-06,4.653406271711809,8.135714324453147e-13,0.08359372828819112,59.566497802734375,128.9963722229004
calibration,native_ds_rtk_delay_dryrun,native_ds,ds_range,1,2,M1-M2,1786379443.398003,4.724,4.66403406761914,-0.019998657436102185,4.6640769429986015,4.287537946190412e-05,0.05992305700139866,68.52507591247559,11.849403381347656
calibration,native_ds_rtk_delay_dryrun,native_ds,ds_range,1,3,M1-M3,1786379443.3982327,4.801,4.890581847168686,-0.04999795167661736,4.890837412859656,0.000255565690969739,-0.08983741285965596,68.75467300415039,451.7803192138672
calibration,native_ds_rtk_delay_dryrun,native_ds,ds_range,1,4,M1-M4,1786379443.3623362,5.288,5.156058084285525,-0.02999907386215256,5.156145354134104,8.726984857876374e-05,0.13185464586589646,32.85813331604004,735.590934753418
calibration,native_ds_rtk_delay_dryrun,native_ds,ds_range,1,5,M1-M5,1786379443.3974466,4.737,4.653406271710995,2.7510011760822906e-06,4.653406271711809,8.135714324453147e-13,0.08359372828819112,67.96860694885254,256.5314769744873
calibration,native_ds_rtk_delay_dryrun,native_ds,ds_range,1,2,M1-M2,1786379443.5253785,4.783,4.66403406761914,-0.019998657436102185,4.6640769429986015,4.287537946190412e-05,0.11892305700139882,195.90044021606445,139.22476768493652
calibration,native_ds_rtk_delay_dryrun,native_ds,ds_range,1,3,M1-M3,1786379443.525671,4.747,4.890581847168686,-0.04999795167661736,4.890837412859656,0.000255565690969739,-0.14383741285965623,196.19297981262207,324.3420124053955
calibration,native_ds_rtk_delay_dryrun,native_ds,ds_range,1,4,M1-M4,1786379443.5259128,5.197,5.158069454606046,-0.019999072969684867,5.158108225062708,3.877045666200729e-05,0.03889177493729168,196.43473625183105,647.5112438201904
calibration,native_ds_rtk_delay_dryrun,native_ds,ds_range,1,5,M1-M5,1786379443.4942706,4.727,4.653406271710995,2.7510011760822906e-06,4.653406271711809,8.135714324453147e-13,0.07359372828819133,164.79253768920898,353.35540771484375
calibration,native_ds_rtk_delay_dryrun,native_ds,ds_range,1,2,M1-M2,1786379443.6498,4.796,4.66403406761914,-0.019998657436102185,4.6640769429986015,4.287537946190412e-05,0.13192305700139872,320.32203674316406,263.64636421203613
calibration,native_ds_rtk_delay_dryrun,native_ds,ds_range,1,3,M1-M3,1786379443.6498,4.808,4.890581847168686,-0.04999795167661736,4.890837412859656,0.000255565690969739,-0.08283741285965629,320.32203674316406,200.21295547485352
calibration,native_ds_rtk_delay_dryrun,native_ds,ds_range,1,4,M1-M4,1786379443.6521363,5.156,5.158069454606046,-0.019999072969684867,5.158108225062708,3.877045666200729e-05,-0.0021082250627086907,322.6583003997803,521.2876796722412
calibration,native_ds_rtk_delay_dryrun,native_ds,ds_range,1,5,M1-M5,1786379443.620004,4.731,4.653406271710995,2.7510011760822906e-06,4.653406271711809,8.135714324453147e-13,0.07759372828819089,290.5259132385254,479.08878326416016
calibration,native_ds_rtk_delay_dryrun,native_ds,ds_range,1,2,M1-M2,1786379443.7495291,4.8,4.66403406761914,-0.019998657436102185,4.6640769429986015,4.287537946190412e-05,0.13592305700139828,420.05109786987305,363.3754253387451
calibration,native_ds_rtk_delay_dryrun,native_ds,ds_range,1,3,M1-M3,1786379443.7155528,4.774,4.890581847168686,-0.04999795167661736,4.890837412859656,0.000255565690969739,-0.1168374128596561,386.0747814178467,134.4602108001709
calibration,native_ds_rtk_delay_dryrun,native_ds,ds_range,1,4,M1-M4,1786379443.7458277,5.18,5.158069454606046,-0.019999072969684867,5.158108225062708,3.877045666200729e-05,0.02189177493729133,416.3496494293213,427.5963306427002
calibration,native_ds_rtk_delay_dryrun,native_ds,ds_range,1,5,M1-M5,1786379443.7460656,4.745,4.653406271710995,2.7510011760822906e-06,4.653406271711809,8.135714324453147e-13,0.09159372828819112,416.58759117126465,605.1504611968994
calibration,native_ds_rtk_delay_dryrun,native_ds,ds_range,1,2,M1-M2,1786379443.8570058,4.758,4.663718692327066,-0.019998658616109388,4.663761570610929,4.2878283863068134e-05,0.09423842938907079,527.5278091430664,454.19907569885254
calibration,native_ds_rtk_delay_dryrun,native_ds,ds_range,1,3,M1-M3,1786379443.886548,4.791,4.890581847168686,-0.04999795167661736,4.890837412859656,0.000255565690969739,-0.09983741285965575,557.0700168609619,36.535024642944336
calibration,native_ds_rtk_delay_dryrun,native_ds,ds_range,1,4,M1-M4,1786379443.886548,5.161,5.158069454606046,-0.019999072969684867,5.158108225062708,3.877045666200729e-05,0.0028917749372912027,557.0700168609619,286.87596321105957
calibration,native_ds_rtk_delay_dryrun,native_ds,ds_range,1,5,M1-M5,1786379443.8870676,4.745,4.649551849479859,0.010002748265579675,4.649562609103618,1.0759623759071246e-05,0.09543739089638237,557.5895309448242,468.02783012390137
calibration,native_ds_rtk_delay_dryrun,native_ds,ds_range,1,2,M1-M2,1786379444.004914,4.754,4.663718692327066,-0.019998658616109388,4.663761570610929,4.2878283863068134e-05,0.09023842938907034,675.4360198974609,306.290864944458
calibration,native_ds_rtk_delay_dryrun,native_ds,ds_range,1,3,M1-M3,1786379444.009934,4.764,4.890581847168686,-0.04999795167661736,4.890837412859656,0.000255565690969739,-0.12683741285965588,680.4559230804443,159.92093086242676
calibration,native_ds_rtk_delay_dryrun,native_ds,ds_range,1,4,M1-M4,1786379443.9751484,5.172,5.158069454606046,-0.019999072969684867,5.158108225062708,3.877045666200729e-05,0.013891774937291324,645.6704139709473,198.27556610107422
calibration,native_ds_rtk_delay_dryrun,native_ds,ds_range,1,5,M1-M5,1786379443.9863467,4.734,4.649551849479859,0.010002748265579675,4.649562609103618,1.0759623759071246e-05,0.08443739089638225,656.8686962127686,368.74866485595703
calibration,native_ds_rtk_delay_dryrun,native_ds,ds_range,1,2,M1-M2,1786379444.1727116,4.788,4.6628630243700755,-0.019998658369808076,4.662905910521275,4.288615119918404e-05,0.12509408947872558,661.4010334014893,138.49329948425293
calibration,native_ds_rtk_delay_dryrun,native_ds,ds_range,1,3,M1-M3,1786379444.1729417,4.808,4.890781147214262,-0.049997951430316045,4.891036702488919,0.00025555527465748185,-0.08303670248891937,661.1709594726562,322.92866706848145
calibration,native_ds_rtk_delay_dryrun,native_ds,ds_range,1,4,M1-M4,1786379444.1376643,5.176,5.154721609792,-0.019999072723383554,5.154760405427824,3.879563582387391e-05,0.021239594572175946,696.4483261108398,35.759687423706055
calibration,native_ds_rtk_delay_dryrun,native_ds,ds_range,1,5,M1-M5,1786379444.172175,4.755,4.6529202506683776,0.010002748511880988,4.65293100250344,1.0751835062272619e-05,0.10206899749656007,661.9377136230469,182.9204559326172
calibration,native_ds_rtk_delay_dryrun,native_ds,ds_range,1,2,M1-M2,1786379444.250931,4.754,4.6628630243700755,-0.019998658369808076,4.662905910521275,4.288615119918404e-05,0.09109408947872488,583.181619644165,60.27388572692871
calibration,native_ds_rtk_delay_dryrun,native_ds,ds_range,1,3,M1-M3,1786379444.2623942,4.763,4.890781147214262,-0.049997951430316045,4.891036702488919,0.00025555527465748185,-0.1280367024889193,571.7184543609619,412.3811721801758
calibration,native_ds_rtk_delay_dryrun,native_ds,ds_range,1,4,M1-M4,1786379444.240454,5.222,5.154721609792,-0.019999072723383554,5.154760405427824,3.879563582387391e-05,0.06723959457217621,593.6586856842041,67.02995300292969
calibration,native_ds_rtk_delay_dryrun,native_ds,ds_range,1,5,M1-M5,1786379444.2406967,4.73,4.6529202506683776,0.010002748511880988,4.65293100250344,1.0751835062272619e-05,0.0770689974965606,593.4159755706787,114.39871788024902
calibration,native_ds_rtk_delay_dryrun,native_ds,ds_range,1,2,M1-M2,1786379444.3810542,4.699,4.6628630243700755,-0.019998658369808076,4.662905910521275,4.288615119918404e-05,0.036094089478725166,453.05848121643066,69.84925270080566
calibration,native_ds_rtk_delay_dryrun,native_ds,ds_range,1,3,M1-M3,1786379444.349183,4.772,4.890781147214262,-0.049997951430316045,4.891036702488919,0.00025555527465748185,-0.11903670248891896,484.92956161499023,499.17006492614746
calibration,native_ds_rtk_delay_dryrun,native_ds,ds_range,1,4,M1-M4,1786379444.3789973,5.228,5.154721609792,-0.019999072723383554,5.154760405427824,3.879563582387391e-05,0.07323959457217555,455.11531829833984,205.57332038879395
calibration,native_ds_rtk_delay_dryrun,native_ds,ds_range,1,5,M1-M5,1786379444.3792632,4.734,4.6529202506683776,0.010002748511880988,4.65293100250344,1.0751835062272619e-05,0.08106899749656016,454.8494815826416,24.167776107788086
calibration,native_ds_rtk_delay_dryrun,native_ds,ds_range,1,2,M1-M2,1786379444.4722767,4.741,4.6628630243700755,-0.019998658369808076,4.662905910521275,4.288615119918404e-05,0.07809408947872498,361.8359565734863,161.07177734375
calibration,native_ds_rtk_delay_dryrun,native_ds,ds_range,1,3,M1-M3,1786379444.4402504,4.766,4.890781147214262,-0.049997951430316045,4.891036702488919,0.00025555527465748185,-0.12503670248891918,393.862247467041,590.2373790740967
calibration,native_ds_rtk_delay_dryrun,native_ds,ds_range,1,4,M1-M4,1786379444.4714737,5.227,5.154721609792,-0.019999072723383554,5.154760405427824,3.879563582387391e-05,0.0722395945721761,362.6389503479004,298.0496883392334
calibration,native_ds_rtk_delay_dryrun,native_ds,ds_range,1,5,M1-M5,1786379444.4717336,4.759,4.6529202506683776,0.010002748511880988,4.65293100250344,1.0751835062272619e-05,0.10606899749656051,362.3790740966797,116.63818359375
calibration,native_ds_rtk_delay_dryrun,native_ds,ds_range,1,2,M1-M2,1786379444.5364256,4.771,4.6628630243700755,-0.019998658369808076,4.662905910521275,4.288615119918404e-05,0.10809408947872523,297.6870536804199,225.2206802368164
calibration,native_ds_rtk_delay_dryrun,native_ds,ds_range,1,3,M1-M3,1786379444.5626333,4.771,4.890781147214262,-0.049997951430316045,4.891036702488919,0.00025555527465748185,-0.12003670248891929,271.47936820983887,712.6202583312988
calibration,native_ds_rtk_delay_dryrun,native_ds,ds_range,1,4,M1-M4,1786379444.562871,5.177,5.154721609792,-0.019999072723383554,5.154760405427824,3.879563582387391e-05,0.022239594572175392,271.2416648864746,389.4469738006592
calibration,native_ds_rtk_delay_dryrun,native_ds,ds_range,1,5,M1-M5,1786379444.5631225,4.76,4.6529202506683776,0.010002748511880988,4.65293100250344,1.0751835062272619e-05,0.10706899749655996,270.99013328552246,208.02712440490723
calibration,native_ds_rtk_delay_dryrun,native_ds,ds_range,1,2,M1-M2,1786379444.6987574,4.784,4.6628630243700755,-0.019998658369808076,4.662905910521275,4.288615119918404e-05,0.12109408947872513,135.35523414611816,387.55249977111816
calibration,native_ds_rtk_delay_dryrun,native_ds,ds_range,1,3,M1-M3,1786379444.701887,4.767,4.892052187482371,-0.039997950687720496,4.892215698547057,0.00016351106468626142,-0.1252156985470565,132.22575187683105,618.9026832580566
calibration,native_ds_rtk_delay_dryrun,native_ds,ds_range,1,4,M1-M4,1786379444.6878402,5.202,5.154721609792,-0.019999072723383554,5.154760405427824,3.879563582387391e-05,0.04723959457217575,146.2724208831787,514.4162178039551
calibration,native_ds_rtk_delay_dryrun,native_ds,ds_range,1,5,M1-M5,1786379444.6878402,4.727,4.6529202506683776,0.010002748511880988,4.65293100250344,1.0751835062272619e-05,0.07406899749656048,146.2724208831787,332.744836807251
calibration,native_ds_rtk_delay_dryrun,native_ds,ds_range,1,2,M1-M2,1786379444.790046,4.776,4.6628630243700755,-0.019998658369808076,4.662905910521275,4.288615119918404e-05,0.11309408947872512,44.066667556762695,478.84106636047363
calibration,native_ds_rtk_delay_dryrun,native_ds,ds_range,1,3,M1-M3,1786379444.790046,4.755,4.892052187482371,-0.039997950687720496,4.892215698547057,0.00016351106468626142,-0.13721569854705695,44.066667556762695,530.7435989379883
calibration,native_ds_rtk_delay_dryrun,native_ds,ds_range,1,4,M1-M4,1786379444.7593644,5.24,5.154721609792,-0.019999072723383554,5.154760405427824,3.879563582387391e-05,0.085239594572176,74.74827766418457,585.9403610229492
calibration,native_ds_rtk_delay_dryrun,native_ds,ds_range,1,5,M1-M5,1786379444.7894974,4.76,4.6529202506683776,0.010002748511880988,4.65293100250344,1.0751835062272619e-05,0.10706899749655996,44.61526870727539,434.4019889831543
calibration,native_ds_rtk_delay_dryrun,native_ds,ds_range,1,2,M1-M2,1786379444.912464,4.761,4.6628630243700755,-0.019998658369808076,4.662905910521275,4.288615119918404e-05,0.09809408947872544,78.35125923156738,601.2589931488037
calibration,native_ds_rtk_delay_dryrun,native_ds,ds_range,1,3,M1-M3,1786379444.882416,4.812,4.892052187482371,-0.039997950687720496,4.892215698547057,0.00016351106468626142,-0.08021569854705657,48.30336570739746,438.3735656738281
calibration,native_ds_rtk_delay_dryrun,native_ds,ds_range,1,4,M1-M4,1786379444.9103153,5.2,5.15516618598778,-0.029999071941143957,5.155253470923532,8.72849357520522e-05,0.04474652907646792,76.2026309967041,720.592737197876
calibration,native_ds_rtk_delay_dryrun,native_ds,ds_range,1,5,M1-M5,1786379444.9103153,4.743,4.6529202506683776,0.010002748511880988,4.65293100250344,1.0751835062272619e-05,0.0900689974965605,76.2026309967041,555.2198886871338
calibration,native_ds_rtk_delay_dryrun,native_ds,ds_range,1,2,M1-M2,1786379445.000882,4.701,4.6628630243700755,-0.019998658369808076,4.662905910521275,4.288615119918404e-05,0.038094089478724946,166.76926612854004,689.6770000457764
calibration,native_ds_rtk_delay_dryrun,native_ds,ds_range,1,3,M1-M3,1786379445.0096989,4.779,4.892052187482371,-0.039997950687720496,4.892215698547057,0.00016351106468626142,-0.11321569854705693,175.58622360229492,311.09070777893066
calibration,native_ds_rtk_delay_dryrun,native_ds,ds_range,1,4,M1-M4,1786379445.0000088,5.205,5.15516618598778,-0.029999071941143957,5.155253470923532,8.72849357520522e-05,0.049746529076467816,165.89617729187012,630.89919090271
calibration,native_ds_rtk_delay_dryrun,native_ds,ds_range,1,5,M1-M5,1786379445.0002863,4.75,4.6529202506683776,0.010002748511880988,4.65293100250344,1.0751835062272619e-05,0.09706899749656017,166.17369651794434,645.190954208374
calibration,native_ds_rtk_delay_dryrun,native_ds,ds_range,1,3,M1-M3,1786379445.158492,4.77,4.892052187482371,-0.039997950687720496,4.892215698547057,0.00016351106468626142,-0.12221569854705727,324.37944412231445,162.29748725891113
calibration,native_ds_rtk_delay_dryrun,native_ds,ds_range,1,4,M1-M4,1786379445.1587555,5.263,5.15516618598778,-0.029999071941143957,5.155253470923532,8.72849357520522e-05,0.10774652907646765,324.6428966522217,472.1524715423584
calibration,native_ds_rtk_delay_dryrun,native_ds,ds_range,1,5,M1-M5,1786379445.128911,4.744,4.659573799117732,2.7522542465074906e-06,4.659573799118545,8.126832540256146e-13,0.08442620088145514,294.7983741760254,743.4134483337402
calibration,native_ds_rtk_delay_dryrun,native_ds,ds_range,1,3,M1-M3,1786379445.2461302,4.775,4.892052187482371,-0.039997950687720496,4.892215698547057,0.00016351106468626142,-0.11721569854705649,412.0175838470459,74.65934753417969
calibration,native_ds_rtk_delay_dryrun,native_ds,ds_range,1,4,M1-M4,1786379445.2463772,5.219,5.15516618598778,-0.029999071941143957,5.155253470923532,8.72849357520522e-05,0.06374652907646805,412.2645854949951,384.53078269958496
calibration,native_ds_rtk_delay_dryrun,native_ds,ds_range,1,5,M1-M5,1786379445.2494133,4.752,4.659573799117732,2.7522542465074906e-06,4.659573799118545,8.126832540256146e-13,0.09242620088145515,415.3006076812744,622.9112148284912
calibration,native_ds_rtk_delay_dryrun,native_ds,ds_range,1,3,M1-M3,1786379445.3695405,4.752,4.892052187482371,-0.039997950687720496,4.892215698547057,0.00016351106468626142,-0.14021569854705707,535.4278087615967,48.750877380371094
calibration,native_ds_rtk_delay_dryrun,native_ds,ds_range,1,4,M1-M4,1786379445.3704712,5.213,5.15516618598778,-0.029999071941143957,5.155253470923532,8.72849357520522e-05,0.05774652907646782,536.3585948944092,260.4367733001709
calibration,native_ds_rtk_delay_dryrun,native_ds,ds_range,1,5,M1-M5,1786379445.337085,4.737,4.659573799117732,2.7522542465074906e-06,4.659573799118545,8.126832540256146e-13,0.07742620088145546,502.9723644256592,535.2394580841064
calibration,native_ds_rtk_delay_dryrun,native_ds,ds_range,1,3,M1-M3,1786379445.4621453,4.787,4.892052187482371,-0.039997950687720496,4.892215698547057,0.00016351106468626142,-0.10521569854705692,628.0326843261719,141.3557529449463
calibration,native_ds_rtk_delay_dryrun,native_ds,ds_range,1,4,M1-M4,1786379445.466549,5.2,5.15516618598778,-0.029999071941143957,5.155253470923532,8.72849357520522e-05,0.04474652907646792,632.4362754821777,164.35909271240234
calibration,native_ds_rtk_delay_dryrun,native_ds,ds_range,1,5,M1-M5,1786379445.492492,4.739,4.659573799117732,2.7522542465074906e-06,4.659573799118545,8.126832540256146e-13,0.07942620088145524,658.379316329956,379.83250617980957
calibration,native_ds_rtk_delay_dryrun,native_ds,ds_range,1,3,M1-M3,1786379445.6134996,4.759,4.8941910872597525,-0.039997950484878086,4.894354526866213,0.00016343960646025835,-0.1353545268662124,735.9404563903809,292.7100658416748
calibration,native_ds_rtk_delay_dryrun,native_ds,ds_range,1,4,M1-M4,1786379445.613733,5.221,5.154721617463394,-0.029999071738301547,5.15480890992572,8.72924623260829e-05,0.06619109007428037,735.7070446014404,17.174959182739258
calibration,native_ds_rtk_delay_dryrun,native_ds,ds_range,1,5,M1-M5,1786379445.5820203,4.725,4.659573799117732,2.7522542465074906e-06,4.659573799118545,8.126832540256146e-13,0.06542620088145501,747.9076385498047,290.30418395996094
calibration,native_ds_rtk_delay_dryrun,native_ds,ds_range,1,2,M1-M2,1786379445.7726321,4.784,4.6607110262681335,-0.019998657736696956,4.660753932218331,4.290595019718069e-05,0.12324606778166913,576.807975769043,636.5346908569336
calibration,native_ds_rtk_delay_dryrun,native_ds,ds_range,1,3,M1-M3,1786379445.7728775,4.793,4.8941910872597525,-0.039997950484878086,4.894354526866213,0.00016343960646025835,-0.1013545268662126,576.5626430511475,452.0878791809082
calibration,native_ds_rtk_delay_dryrun,native_ds,ds_range,1,4,M1-M4,1786379445.741252,5.21,5.154721617463394,-0.029999071738301547,5.15480890992572,8.72924623260829e-05,0.05519109007428025,608.1881523132324,110.34393310546875
calibration,native_ds_rtk_delay_dryrun,native_ds,ds_range,1,5,M1-M5,1786379445.7485332,4.758,4.660142976484846,2.7524570889170263e-06,4.660142976485659,8.126832540256146e-13,0.097857023514341,600.9068489074707,123.79121780395508
calibration,native_ds_rtk_delay_dryrun,native_ds,ds_range,1,2,M1-M2,1786379445.8928816,4.733,4.6607110262681335,-0.019998657736696956,4.660753932218331,4.290595019718069e-05,0.07224606778166898,456.5584659576416,516.2851810455322
calibration,native_ds_rtk_delay_dryrun,native_ds,ds_range,1,3,M1-M3,1786379445.8601382,4.795,4.8941910872597525,-0.039997950484878086,4.894354526866213,0.00016343960646025835,-0.09935452686621282,489.3019199371338,539.3486022949219
calibration,native_ds_rtk_delay_dryrun,native_ds,ds_range,1,4,M1-M4,1786379445.8920736,5.179,5.154721617463394,-0.029999071738301547,5.15480890992572,8.72924623260829e-05,0.024191090074280552,457.3664665222168,261.1656188964844
calibration,native_ds_rtk_delay_dryrun,native_ds,ds_range,1,5,M1-M5,1786379445.8923392,4.728,4.660142976484846,2.7524570889170263e-06,4.660142976485659,8.126832540256146e-13,0.06785702351434075,457.10086822509766,20.01476287841797
calibration,native_ds_rtk_delay_dryrun,native_ds,ds_range,1,2,M1-M2,1786379446.0335615,4.757,4.6607110262681335,-0.019998657736696956,4.660753932218331,4.290595019718069e-05,0.096246067781669,315.87862968444824,375.60534477233887
calibration,native_ds_rtk_delay_dryrun,native_ds,ds_range,1,3,M1-M3,1786379446.0337923,4.802,4.8941910872597525,-0.039997950484878086,4.894354526866213,0.00016343960646025835,-0.09235452686621315,315.64784049987793,713.0026817321777
calibration,native_ds_rtk_delay_dryrun,native_ds,ds_range,1,4,M1-M4,1786379446.042174,5.183,5.154721617463394,-0.029999071738301547,5.15480890992572,8.72924623260829e-05,0.028191090074280112,307.2659969329834,411.2660884857178
calibration,native_ds_rtk_delay_dryrun,native_ds,ds_range,1,5,M1-M5,1786379446.008602,4.761,4.660142976484846,2.7524570889170263e-06,4.660142976485659,8.126832540256146e-13,0.10085702351434112,340.8381938934326,136.277437210083
calibration,native_ds_rtk_delay_dryrun,native_ds,ds_range,1,2,M1-M2,1786379446.1652596,4.769,4.6607110262681335,-0.019998657736696956,4.660753932218331,4.290595019718069e-05,0.10824606778166945,184.18049812316895,243.90721321105957
calibration,native_ds_rtk_delay_dryrun,native_ds,ds_range,1,3,M1-M3,1786379446.1930425,4.793,4.892052194041249,-0.0499979512632055,4.8923076829196175,0.0002554888783681264,-0.09930768291961733,156.39758110046387,634.3851089477539
calibration,native_ds_rtk_delay_dryrun,native_ds,ds_range,1,4,M1-M4,1786379446.1930425,5.184,5.154721617463394,-0.029999071738301547,5.15480890992572,8.72924623260829e-05,0.029191090074280446,156.39758110046387,562.1345043182373
calibration,native_ds_rtk_delay_dryrun,native_ds,ds_range,1,5,M1-M5,1786379446.1930425,4.725,4.660142976484846,2.7524570889170263e-06,4.660142976485659,8.126832540256146e-13,0.06485702351434064,156.39758110046387,320.71805000305176
calibration,native_ds_rtk_delay_dryrun,native_ds,ds_range,1,2,M1-M2,1786379446.2516456,4.735,4.6607110262681335,-0.019998657736696956,4.660753932218331,4.290595019718069e-05,0.07424606778166964,97.7945327758789,157.52124786376953
calibration,native_ds_rtk_delay_dryrun,native_ds,ds_range,1,3,M1-M3,1786379446.2549493,4.739,4.892052194041249,-0.0499979512632055,4.8923076829196175,0.0002554888783681264,-0.1533076829196176,94.49076652526855,572.4782943725586
calibration,native_ds_rtk_delay_dryrun,native_ds,ds_range,1,4,M1-M4,1786379446.2843378,5.217,5.154721617463394,-0.029999071738301547,5.15480890992572,8.72924623260829e-05,0.06219109007427992,65.10233879089355,653.4297466278076
calibration,native_ds_rtk_delay_dryrun,native_ds,ds_range,1,5,M1-M5,1786379446.2847648,4.734,4.660142976484846,2.7524570889170263e-06,4.660142976485659,8.126832540256146e-13,0.07385702351434098,64.67533111572266,412.44029998779297
calibration,native_ds_rtk_delay_dryrun,native_ds,ds_range,1,2,M1-M2,1786379446.4074662,4.77,4.6607110262681335,-0.019998657736696956,4.660753932218331,4.290595019718069e-05,0.1092460677816689,58.02607536315918,1.7006397247314453
calibration,native_ds_rtk_delay_dryrun,native_ds,ds_range,1,3,M1-M3,1786379446.4076817,4.795,4.892052194041249,-0.0499979512632055,4.8923076829196175,0.0002554888783681264,-0.09730768291961756,58.24160575866699,419.74592208862305
calibration,native_ds_rtk_delay_dryrun,native_ds,ds_range,1,4,M1-M4,1786379446.375973,5.236,5.154721617463394,-0.029999071738301547,5.15480890992572,8.72924623260829e-05,0.08119109007428005,26.532888412475586,745.0649738311768
calibration,native_ds_rtk_delay_dryrun,native_ds,ds_range,1,5,M1-M5,1786379446.4067676,4.747,4.660142976484846,2.7524570889170263e-06,4.660142976485659,8.126832540256146e-13,0.08685702351434088,57.3275089263916,534.4431400299072
calibration,native_ds_rtk_delay_dryrun,native_ds,ds_range,1,2,M1-M2,1786379446.509158,4.706,4.6607110262681335,-0.019998657736696956,4.660753932218331,4.290595019718069e-05,0.04524606778166973,159.71779823303223,99.9910831451416
calibration,native_ds_rtk_delay_dryrun,native_ds,ds_range,1,3,M1-M3,1786379446.5399647,4.775,4.892052194041249,-0.0499979512632055,4.8923076829196175,0.0002554888783681264,-0.11730768291961713,190.52457809448242,287.4629497528076
calibration,native_ds_rtk_delay_dryrun,native_ds,ds_range,1,4,M1-M4,1786379446.5402138,5.178,5.157847427597347,-0.029999069970465114,5.157934667148438,8.723955109068982e-05,0.02006533285156209,190.77372550964355,616.131067276001
calibration,native_ds_rtk_delay_dryrun,native_ds,ds_range,1,5,M1-M5,1786379446.5404541,4.761,4.660142976484846,2.7524570889170263e-06,4.660142976485659,8.126832540256146e-13,0.10085702351434112,191.01405143737793,668.1296825408936
calibration,native_ds_rtk_delay_dryrun,native_ds,ds_range,1,2,M1-M2,1786379446.6630912,4.77,4.6607110262681335,-0.019998657736696956,4.660753932218331,4.290595019718069e-05,0.1092460677816689,313.65108489990234,253.92436981201172
calibration,native_ds_rtk_delay_dryrun,native_ds,ds_range,1,3,M1-M3,1786379446.663341,4.8,4.892052194041249,-0.0499979512632055,4.8923076829196175,0.0002554888783681264,-0.09230768291961766,313.9009475708008,164.08658027648926
calibration,native_ds_rtk_delay_dryrun,native_ds,ds_range,1,4,M1-M4,1786379446.663583,5.144,5.157847427597347,-0.029999069970465114,5.157934667148438,8.723955109068982e-05,-0.013934667148437718,314.14294242858887,492.76185035705566
calibration,native_ds_rtk_delay_dryrun,native_ds,ds_range,1,5,M1-M5,1786379446.6398656,4.739,4.65320539772894,2.746310395318474e-06,4.65320539772975,8.100187187665142e-13,0.0857946022702496,290.42553901672363,709.0380191802979
calibration,native_ds_rtk_delay_dryrun,native_ds,ds_range,1,2,M1-M2,1786379446.7801597,4.791,4.6607110262681335,-0.019998657736696956,4.660753932218331,4.290595019718069e-05,0.1302460677816697,430.71961402893066,370.99289894104004
calibration,native_ds_rtk_delay_dryrun,native_ds,ds_range,1,3,M1-M3,1786379446.7414482,4.767,4.892052194041249,-0.0499979512632055,4.8923076829196175,0.0002554888783681264,-0.12530768291961714,392.00806617736816,85.97946166992188
calibration,native_ds_rtk_delay_dryrun,native_ds,ds_range,1,4,M1-M4,1786379446.749357,5.198,5.157847427597347,-0.029999069970465114,5.157934667148438,8.723955109068982e-05,0.04006533285156255,399.9168872833252,406.98790550231934
calibration,native_ds_rtk_delay_dryrun,native_ds,ds_range,1,5,M1-M5,1786379446.7795255,4.741,4.65320539772894,2.746310395318474e-06,4.65320539772975,8.100187187665142e-13,0.08779460227024938,430.0854206085205,569.378137588501
calibration,native_ds_rtk_delay_dryrun,native_ds,ds_range,1,2,M1-M2,1786379446.88006,4.789,4.6631172830163266,-0.01999865557361613,4.6631601668171685,4.288380084194188e-05,0.1258398331828312,530.6198596954346,384.2487335205078
calibration,native_ds_rtk_delay_dryrun,native_ds,ds_range,1,3,M1-M3,1786379446.880286,4.771,4.892052194041249,-0.0499979512632055,4.8923076829196175,0.0002554888783681264,-0.12130768291961758,530.8458805084229,52.85835266113281
calibration,native_ds_rtk_delay_dryrun,native_ds,ds_range,1,4,M1-M4,1786379446.841831,5.198,5.157847427597347,-0.029999069970465114,5.157934667148438,8.723955109068982e-05,0.04006533285156255,492.39087104797363,314.5139217376709
calibration,native_ds_rtk_delay_dryrun,native_ds,ds_range,1,5,M1-M5,1786379446.8480103,4.76,4.65320539772894,2.746310395318474e-06,4.65320539772975,8.100187187665142e-13,0.1067946022702495,498.57020378112793,500.89335441589355
calibration,native_ds_rtk_delay_dryrun,native_ds,ds_range,1,2,M1-M2,1786379447.0031662,4.714,4.6631172830163266,-0.01999865557361613,4.6631601668171685,4.288380084194188e-05,0.05083983318283192,653.7261009216309,261.1424922943115
calibration,native_ds_rtk_delay_dryrun,native_ds,ds_range,1,3,M1-M3,1786379447.0053132,4.829,4.892052194041249,-0.0499979512632055,4.8923076829196175,0.0002554888783681264,-0.06330768291961775,655.8730602264404,177.8855323791504
calibration,native_ds_rtk_delay_dryrun,native_ds,ds_range,1,4,M1-M4,1786379447.0140553,5.168,5.157847427597347,-0.029999069970465114,5.157934667148438,8.723955109068982e-05,0.010065332851562303,664.6151542663574,142.2896385192871
calibration,native_ds_rtk_delay_dryrun,native_ds,ds_range,1,5,M1-M5,1786379447.0025887,4.745,4.65320539772894,2.746310395318474e-06,4.65320539772975,8.100187187665142e-13,0.09179460227024983,653.1486511230469,346.3149070739746
calibration,native_ds_rtk_delay_dryrun,native_ds,ds_range,1,2,M1-M2,1786379447.1283796,4.71,4.665332558125712,-0.01999865577645854,4.665375421564772,4.286343905945955e-05,0.04462457843522838,670.1014041900635,135.92910766601562
calibration,native_ds_rtk_delay_dryrun,native_ds,ds_range,1,3,M1-M3,1786379447.160664,4.784,4.889913368739319,-0.04999795146604791,4.8901689693635655,0.0002556006242464548,-0.10616896936356568,637.8169059753418,333.2364559173584
calibration,native_ds_rtk_delay_dryrun,native_ds,ds_range,1,4,M1-M4,1786379447.1609168,5.235,5.158291726722086,-0.029999070173307524,5.158378958760279,8.723203819283043e-05,0.07662104123972124,637.5641822814941,4.5719146728515625
calibration,native_ds_rtk_delay_dryrun,native_ds,ds_range,1,5,M1-M5,1786379447.16116,4.724,4.652635371659556,2.7461075529089385e-06,4.652635371660366,8.100187187665142e-13,0.07136462833963453,637.3209953308105,187.7436637878418
calibration,native_ds_rtk_delay_dryrun,native_ds,ds_range,1,2,M1-M2,1786379447.2589998,4.801,4.665332558125712,-0.01999865577645854,4.665375421564772,4.286343905945955e-05,0.13562457843522857,539.4811630249023,5.308866500854492
calibration,native_ds_rtk_delay_dryrun,native_ds,ds_range,1,3,M1-M3,1786379447.2691224,4.757,4.889913368739319,-0.04999795146604791,4.8901689693635655,0.0002556006242464548,-0.13316896936356581,529.3586254119873,441.6947364807129
calibration,native_ds_rtk_delay_dryrun,native_ds,ds_range,1,4,M1-M4,1786379447.2514076,5.238,5.158291726722086,-0.029999070173307524,5.158378958760279,8.723203819283043e-05,0.07962104123972136,547.0733642578125,95.0627326965332
calibration,native_ds_rtk_delay_dryrun,native_ds,ds_range,1,5,M1-M5,1786379447.2514076,4.76,4.652635371659556,2.7461075529089385e-06,4.652635371660366,8.100187187665142e-13,0.10736462833963412,547.0733642578125,97.49603271484375
calibration,native_ds_rtk_delay_dryrun,native_ds,ds_range,1,2,M1-M2,1786379447.3785863,4.8,4.665332558125712,-0.01999865577645854,4.665375421564772,4.286343905945955e-05,0.13462457843522824,419.8946952819824,114.27760124206543
calibration,native_ds_rtk_delay_dryrun,native_ds,ds_range,1,3,M1-M3,1786379447.3804548,4.82,4.889913368739319,-0.04999795146604791,4.8901689693635655,0.0002556006242464548,-0.0701689693635652,418.0262088775635,553.0271530151367
calibration,native_ds_rtk_delay_dryrun,native_ds,ds_range,1,4,M1-M4,1786379447.3495364,5.212,5.158291726722086,-0.029999070173307524,5.158378958760279,8.723203819283043e-05,0.05362104123972067,448.9445686340332,193.1915283203125
calibration,native_ds_rtk_delay_dryrun,native_ds,ds_range,1,5,M1-M5,1786379447.3779747,4.764,4.652635371659556,2.7461075529089385e-06,4.652635371660366,8.100187187665142e-13,0.11136462833963456,420.50623893737793,29.07109260559082
calibration,native_ds_rtk_delay_dryrun,native_ds,ds_range,1,2,M1-M2,1786379447.5260248,4.74,4.665332558125712,-0.01999865577645854,4.665375421564772,4.286343905945955e-05,0.07462457843522863,272.45616912841797,261.7161273956299
calibration,native_ds_rtk_delay_dryrun,native_ds,ds_range,1,3,M1-M3,1786379447.5260248,4.802,4.889913368739319,-0.04999795146604791,4.8901689693635655,0.0002556006242464548,-0.08816896936356589,272.45616912841797,698.5971927642822
calibration,native_ds_rtk_delay_dryrun,native_ds,ds_range,1,4,M1-M4,1786379447.5262806,5.183,5.158291726722086,-0.029999070173307524,5.158378958760279,8.723203819283043e-05,0.024621041239720753,272.200345993042,369.9357509613037
calibration,native_ds_rtk_delay_dryrun,native_ds,ds_range,1,5,M1-M5,1786379447.4898138,4.739,4.652635371659556,2.7461075529089385e-06,4.652635371660366,8.100187187665142e-13,0.08636462833963421,308.6671829223633,140.91014862060547
calibration,native_ds_rtk_delay_dryrun,native_ds,ds_range,1,2,M1-M2,1786379447.6620386,4.781,4.665332558125712,-0.01999865577645854,4.665375421564772,4.286343905945955e-05,0.11562457843522811,136.4424228668213,397.72987365722656
calibration,native_ds_rtk_delay_dryrun,native_ds,ds_range,1,3,M1-M3,1786379447.6257732,4.779,4.891199489062716,-0.04999795146052477,4.891455022481309,0.0002555334185929681,-0.11245502248130901,172.70779609680176,665.2071475982666
calibration,native_ds_rtk_delay_dryrun,native_ds,ds_range,1,4,M1-M4,1786379447.6612842,5.197,5.158291726722086,-0.029999070173307524,5.158378958760279,8.723203819283043e-05,0.03862104123972099,137.19677925109863,504.93931770324707
calibration,native_ds_rtk_delay_dryrun,native_ds,ds_range,1,5,M1-M5,1786379447.6615276,4.758,4.652635371659556,2.7461075529089385e-06,4.652635371660366,8.100187187665142e-13,0.10536462833963434,136.95335388183594,312.6239776611328
calibration,native_ds_rtk_delay_dryrun,native_ds,ds_range,1,2,M1-M2,1786379447.7506325,4.794,4.665332558125712,-0.01999865577645854,4.665375421564772,4.286343905945955e-05,0.128624578435228,47.84846305847168,486.3238334655762
calibration,native_ds_rtk_delay_dryrun,native_ds,ds_range,1,3,M1-M3,1786379447.7524796,4.812,4.891199489062716,-0.04999795146052477,4.891455022481309,0.0002555334185929681,-0.07945502248130865,46.001434326171875,538.5007858276367
calibration,native_ds_rtk_delay_dryrun,native_ds,ds_range,1,4,M1-M4,1786379447.7623973,5.199,5.158291726722086,-0.029999070173307524,5.158378958760279,8.723203819283043e-05,0.04062104123972077,36.08369827270508,606.0523986816406
calibration,native_ds_rtk_delay_dryrun,native_ds,ds_range,1,5,M1-M5,1786379447.7288857,4.731,4.652635371659556,2.7461075529089385e-06,4.652635371660366,8.100187187665142e-13,0.0783646283396342,69.5953369140625,379.98199462890625
calibration,native_ds_rtk_delay_dryrun,native_ds,ds_range,1,2,M1-M2,1786379447.8350294,4.744,4.665332558125712,-0.01999865577645854,4.665375421564772,4.286343905945955e-05,0.07862457843522819,36.54837608337402,570.7206726074219
calibration,native_ds_rtk_delay_dryrun,native_ds,ds_range,1,3,M1-M3,1786379447.8626583,4.768,4.891199489062716,-0.04999795146052477,4.891455022481309,0.0002555334185929681,-0.12345502248130913,64.17727470397949,428.32207679748535
calibration,native_ds_rtk_delay_dryrun,native_ds,ds_range,1,4,M1-M4,1786379447.8626583,5.2,5.158291726722086,-0.029999070173307524,5.158378958760279,8.723203819283043e-05,0.0416210412397211,64.17727470397949,706.3133716583252
calibration,native_ds_rtk_delay_dryrun,native_ds,ds_range,1,5,M1-M5,1786379447.8648698,4.754,4.652635371659556,2.7461075529089385e-06,4.652635371660366,8.100187187665142e-13,0.10136462833963389,66.38884544372559,515.9661769866943
calibration,native_ds_rtk_delay_dryrun,native_ds,ds_range,1,2,M1-M2,1786379448.009154,4.812,4.665332558125712,-0.01999865577645854,4.665375421564772,4.286343905945955e-05,0.1466245784352287,210.67309379577637,744.8453903198242
calibration,native_ds_rtk_delay_dryrun,native_ds,ds_range,1,3,M1-M3,1786379447.9800673,4.758,4.891199489062716,-0.04999795146052477,4.891455022481309,0.0002555334185929681,-0.13345502248130892,181.58626556396484,310.9130859375
calibration,native_ds_rtk_delay_dryrun,native_ds,ds_range,1,4,M1-M4,1786379448.0006895,5.168,5.157288040597217,-0.03999907076997811,5.157443151344427,0.0001551107472108626,0.010556848655572715,202.2085189819336,603.7704944610596
calibration,native_ds_rtk_delay_dryrun,native_ds,ds_range,1,5,M1-M5,1786379448.0006895,4.75,4.652635371659556,2.7461075529089385e-06,4.652635371660366,8.100187187665142e-13,0.09736462833963433,202.2085189819336,651.7858505249023
calibration,native_ds_rtk_delay_dryrun,native_ds,ds_range,1,3,M1-M3,1786379448.1095557,4.754,4.891199489062716,-0.04999795146052477,4.891455022481309,0.0002555334185929681,-0.13745502248130936,311.07473373413086,181.42461776733398
calibration,native_ds_rtk_delay_dryrun,native_ds,ds_range,1,4,M1-M4,1786379448.1155143,5.222,5.157288040597217,-0.03999907076997811,5.157443151344427,0.0001551107472108626,0.06455684865557298,317.0332908630371,488.94572257995605
calibration,native_ds_rtk_delay_dryrun,native_ds,ds_range,1,3,M1-M3,1786379448.1938353,4.78,4.891199489062716,-0.04999795146052477,4.891455022481309,0.0002555334185929681,-0.11145502248130867,395.3542709350586,97.14508056640625
calibration,native_ds_rtk_delay_dryrun,native_ds,ds_range,1,4,M1-M4,1786379448.22599,5.201,5.157288040597217,-0.03999907076997811,5.157443151344427,0.0001551107472108626,0.04355684865557219,427.509069442749,378.46994400024414
calibration,native_ds_rtk_delay_dryrun,native_ds,ds_range,1,3,M1-M3,1786379448.3597775,4.804,4.891199489062716,-0.04999795146052477,4.891455022481309,0.0002555334185929681,-0.08745502248130865,561.2964630126953,68.79711151123047
calibration,native_ds_rtk_delay_dryrun,native_ds,ds_range,1,4,M1-M4,1786379448.3600297,5.211,5.157288040597217,-0.03999907076997811,5.157443151344427,0.0001551107472108626,0.053556848655572864,561.5487098693848,244.4303035736084
calibration,native_ds_rtk_delay_dryrun,native_ds,ds_range,1,3,M1-M3,1786379448.4629433,4.746,4.891199489062716,-0.04999795146052477,4.891455022481309,0.0002555334185929681,-0.14545502248130848,664.4623279571533,171.96297645568848
calibration,native_ds_rtk_delay_dryrun,native_ds,ds_range,1,4,M1-M4,1786379448.4270127,5.178,5.157288040597217,-0.03999907076997811,5.157443151344427,0.0001551107472108626,0.0205568486555725,628.5316944122314,177.44731903076172
calibration,native_ds_rtk_delay_dryrun,native_ds,ds_range,1,5,M1-M5,1786379448.4497187,4.751,4.658234547903783,2.7506547199962483e-06,4.658234547904595,8.117950756059145e-13,0.09276545209540554,651.2377262115479,667.7737236022949
calibration,native_ds_rtk_delay_dryrun,native_ds,ds_range,1,2,M1-M2,1786379448.5987637,4.722,4.662926385434988,-0.01999865808527085,4.662969271002224,4.2885567236083943e-05,0.05903072899777673,711.1184597015381,736.1230850219727
calibration,native_ds_rtk_delay_dryrun,native_ds,ds_range,1,3,M1-M3,1786379448.5995598,4.759,4.890982772621968,-0.04999795117598754,4.89123831735959,0.00025554473762134933,-0.13223831735958935,710.322380065918,308.5794448852539
calibration,native_ds_rtk_delay_dryrun,native_ds,ds_range,1,4,M1-M4,1786379448.6056852,5.193,5.156506619153411,-0.03999907048544088,5.1566617534033234,0.0001551342499128694,0.03633824659667617,704.1969299316406,1.2252330780029297
calibration,native_ds_rtk_delay_dryrun,native_ds,ds_range,1,5,M1-M5,1786379448.5987637,4.747,4.659005614189305,2.7509392572233615e-06,4.659005614190117,8.117950756059145e-13,0.08799438580988284,711.1184597015381,518.7287330627441
calibration,native_ds_rtk_delay_dryrun,native_ds,ds_range,1,2,M1-M2,1786379448.7435791,4.757,4.662926385434988,-0.01999865808527085,4.662969271002224,4.2885567236083943e-05,0.09403072899777598,566.303014755249,591.3076400756836
calibration,native_ds_rtk_delay_dryrun,native_ds,ds_range,1,3,M1-M3,1786379448.7438579,4.772,4.890982772621968,-0.04999795117598754,4.89123831735959,0.00025554473762134933,-0.11923831735958945,566.0243034362793,452.8775215148926
calibration,native_ds_rtk_delay_dryrun,native_ds,ds_range,1,4,M1-M4,1786379448.7440963,5.173,5.156506619153411,-0.03999907048544088,5.1566617534033234,0.0001551342499128694,0.016338246596676598,565.7858848571777,139.63627815246582
calibration,native_ds_rtk_delay_dryrun,native_ds,ds_range,1,5,M1-M5,1786379448.7059922,4.724,4.659005614189305,2.7509392572233615e-06,4.659005614190117,8.117950756059145e-13,0.06499438580988315,603.8899421691895,411.5002155303955
calibration,native_ds_rtk_delay_dryrun,native_ds,ds_range,1,2,M1-M2,1786379448.8124778,4.756,4.662926385434988,-0.01999865808527085,4.662969271002224,4.2885567236083943e-05,0.09303072899777654,497.4043369293213,522.4089622497559
calibration,native_ds_rtk_delay_dryrun,native_ds,ds_range,1,3,M1-M3,1786379448.8170047,4.782,4.890982772621968,-0.04999795117598754,4.89123831735959,0.00025554473762134933,-0.10923831735958967,492.8774833679199,526.024341583252
calibration,native_ds_rtk_delay_dryrun,native_ds,ds_range,1,4,M1-M4,1786379448.7826216,5.187,5.156506619153411,-0.03999907048544088,5.1566617534033234,0.0001551342499128694,0.030338246596676832,527.2605419158936,178.16162109375
calibration,native_ds_rtk_delay_dryrun,native_ds,ds_range,1,5,M1-M5,1786379448.812113,4.752,4.659005614189305,2.7509392572233615e-06,4.659005614190117,8.117950756059145e-13,0.09299438580988273,497.7691173553467,305.37939071655273
calibration,native_ds_rtk_delay_dryrun,native_ds,ds_range,1,2,M1-M2,1786379448.9211848,4.734,4.662926385434988,-0.01999865808527085,4.662969271002224,4.2885567236083943e-05,0.0710307289977763,388.69738578796387,413.70201110839844
calibration,native_ds_rtk_delay_dryrun,native_ds,ds_range,1,3,M1-M3,1786379448.9216871,4.789,4.890982772621968,-0.04999795117598754,4.89123831735959,0.00025554473762134933,-0.10223831735958999,388.1950378417969,630.706787109375
calibration,native_ds_rtk_delay_dryrun,native_ds,ds_range,1,4,M1-M4,1786379448.8820038,5.24,5.156506619153411,-0.03999907048544088,5.1566617534033234,0.0001551342499128694,0.08333824659667677,427.87837982177734,277.5437831878662
calibration,native_ds_rtk_delay_dryrun,native_ds,ds_range,1,5,M1-M5,1786379448.8595455,4.751,4.659005614189305,2.7509392572233615e-06,4.659005614190117,8.117950756059145e-13,0.09199438580988328,450.3366947174072,257.9469680786133
calibration,native_ds_rtk_delay_dryrun,native_ds,ds_range,1,2,M1-M2,1786379448.9953537,4.801,4.662926385434988,-0.01999865808527085,4.662969271002224,4.2885567236083943e-05,0.13803072899777646,314.5284652709961,339.53309059143066
calibration,native_ds_rtk_delay_dryrun,native_ds,ds_range,1,3,M1-M3,1786379449.0339255,4.789,4.890982772621968,-0.04999795117598754,4.89123831735959,0.00025554473762134933,-0.10223831735958999,275.9566307067871,742.9451942443848
calibration,native_ds_rtk_delay_dryrun,native_ds,ds_range,1,4,M1-M4,1786379449.0339255,5.212,5.156506619153411,-0.03999907048544088,5.1566617534033234,0.0001551342499128694,0.0553382465966763,275.9566307067871,429.46553230285645
calibration,native_ds_rtk_delay_dryrun,native_ds,ds_range,1,5,M1-M5,1786379449.0339255,4.744,4.659005614189305,2.7509392572233615e-06,4.659005614190117,8.117950756059145e-13,0.08499438580988272,275.9566307067871,83.56690406799316
calibration,native_ds_rtk_delay_dryrun,native_ds,ds_range,1,2,M1-M2,1786379449.15131,4.801,4.662926385434988,-0.01999865808527085,4.662969271002224,4.2885567236083943e-05,0.13803072899777646,158.57219696044922,183.5768222808838
calibration,native_ds_rtk_delay_dryrun,native_ds,ds_range,1,4,M1-M4,1786379449.150528,5.218,5.156506619153411,-0.03999907048544088,5.1566617534033234,0.0001551342499128694,0.06133824659667653,159.35420989990234,546.0679531097412
calibration,native_ds_rtk_delay_dryrun,native_ds,ds_range,1,5,M1-M5,1786379449.150783,4.745,4.659005614189305,2.7509392572233615e-06,4.659005614190117,8.117950756059145e-13,0.08599438580988306,159.09910202026367,33.29062461853027
calibration,native_ds_rtk_delay_dryrun,native_ds,ds_range,1,2,M1-M2,1786379449.2737126,4.7,4.662926385434988,-0.01999865808527085,4.662969271002224,4.2885567236083943e-05,0.037030728997776485,36.16952896118164,61.17415428161621
calibration,native_ds_rtk_delay_dryrun,native_ds,ds_range,1,3,M1-M3,1786379449.273941,4.754,4.887774617617669,-0.049997953363964454,4.888030330099041,0.0002557124813717948,-0.13403033009904153,35.941123962402344,597.1381664276123
calibration,native_ds_rtk_delay_dryrun,native_ds,ds_range,1,4,M1-M4,1786379449.2797916,5.206,5.156506619153411,-0.03999907048544088,5.1566617534033234,0.0001551342499128694,0.04933824659667696,30.0905704498291,675.3315925598145
calibration,native_ds_rtk_delay_dryrun,native_ds,ds_range,1,5,M1-M5,1786379449.2731776,4.754,4.659005614189305,2.7509392572233615e-06,4.659005614190117,8.117950756059145e-13,0.09499438580988251,36.70454025268555,155.6851863861084
calibration,native_ds_rtk_delay_dryrun,native_ds,ds_range,1,2,M1-M2,1786379449.3442347,4.776,4.662926385434988,-0.01999865808527085,4.662969271002224,4.2885567236083943e-05,0.11303072899777611,34.35254096984863,9.347915649414062
calibration,native_ds_rtk_delay_dryrun,native_ds,ds_range,1,3,M1-M3,1786379449.3722205,4.767,4.887774617617669,-0.049997953363964454,4.888030330099041,0.0002557124813717948,-0.12103033009904074,62.33835220336914,498.8586902618408
calibration,native_ds_rtk_delay_dryrun,native_ds,ds_range,1,5,M1-M5,1786379449.3789961,4.753,4.659005614189305,2.7509392572233615e-06,4.659005614190117,8.117950756059145e-13,0.09399438580988306,69.11396980285645,261.5036964416504
calibration,native_ds_rtk_delay_dryrun,native_ds,ds_range,1,2,M1-M2,1786379449.483051,4.715,4.662926385434988,-0.01999865808527085,4.662969271002224,4.2885567236083943e-05,0.052030728997776166,173.16889762878418,148.1642723083496
calibration,native_ds_rtk_delay_dryrun,native_ds,ds_range,1,3,M1-M3,1786379449.4725397,4.752,4.887774617617669,-0.049997953363964454,4.888030330099041,0.0002557124813717948,-0.1360303300990413,162.6574993133545,398.53954315185547
calibration,native_ds_rtk_delay_dryrun,native_ds,ds_range,1,4,M1-M4,1786379449.4727902,5.173,5.154607476838066,-0.029999071873801325,5.154694771234102,8.729439603527567e-05,0.018305228765898462,162.90807723999023,678.1659126281738
calibration,native_ds_rtk_delay_dryrun,native_ds,ds_range,1,5,M1-M5,1786379449.4727902,4.727,4.659005614189305,2.7509392572233615e-06,4.659005614190117,8.117950756059145e-13,0.06799438580988326,162.90807723999023,355.2978038787842
calibration,native_ds_rtk_delay_dryrun,native_ds,ds_range,1,2,M1-M2,1786379449.574801,4.721,4.662926385434988,-0.01999865808527085,4.662969271002224,4.2885567236083943e-05,0.05803072899777639,264.9188041687012,239.9141788482666
calibration,native_ds_rtk_delay_dryrun,native_ds,ds_range,1,3,M1-M3,1786379449.6030824,4.816,4.887774617617669,-0.049997953363964454,4.888030330099041,0.0002557124813717948,-0.07203033009904125,293.2002544403076,267.99678802490234
calibration,native_ds_rtk_delay_dryrun,native_ds,ds_range,1,4,M1-M4,1786379449.6033182,5.186,5.154607476838066,-0.029999071873801325,5.154694771234102,8.729439603527567e-05,0.03130522876589836,293.43605041503906,547.637939453125
calibration,native_ds_rtk_delay_dryrun,native_ds,ds_range,1,5,M1-M5,1786379449.6035542,4.723,4.659005614189305,2.7509392572233615e-06,4.659005614190117,8.117950756059145e-13,0.06399438580988281,293.6720848083496,486.06181144714355
calibration,native_ds_rtk_delay_dryrun,native_ds,ds_range,1,2,M1-M2,1786379449.7015448,4.736,4.662926385434988,-0.01999865808527085,4.662969271002224,4.2885567236083943e-05,0.07303072899777607,391.66259765625,366.65797233581543
calibration,native_ds_rtk_delay_dryrun,native_ds,ds_range,1,3,M1-M3,1786379449.6982257,4.763,4.887774617617669,-0.049997953363964454,4.888030330099041,0.0002557124813717948,-0.1250303300990412,388.34357261657715,172.8534698486328
calibration,native_ds_rtk_delay_dryrun,native_ds,ds_range,1,4,M1-M4,1786379449.6984828,5.139,5.154607476838066,-0.029999071873801325,5.154694771234102,8.729439603527567e-05,-0.015694771234101346,388.60058784484863,452.47340202331543
calibration,native_ds_rtk_delay_dryrun,native_ds,ds_range,1,5,M1-M5,1786379449.6987202,4.757,4.659005614189305,2.7509392572233615e-06,4.659005614190117,8.117950756059145e-13,0.09799438580988262,388.8380527496338,581.2277793884277
calibration,native_ds_rtk_delay_dryrun,native_ds,ds_range,1,2,M1-M2,1786379449.7929657,4.726,4.662009647803184,-0.019998658657648993,4.662052541805816,4.2894002632465345e-05,0.06394745819418368,483.08348655700684,418.00618171691895
calibration,native_ds_rtk_delay_dryrun,native_ds,ds_range,1,3,M1-M3,1786379449.7993603,4.747,4.887774617617669,-0.049997953363964454,4.888030330099041,0.0002557124813717948,-0.1410303300990412,489.47811126708984,71.71893119812012
calibration,native_ds_rtk_delay_dryrun,native_ds,ds_range,1,4,M1-M4,1786379449.8306997,5.26,5.154607476838066,-0.029999071873801325,5.154694771234102,8.729439603527567e-05,0.1053052287658982,520.8175182342529,320.25647163391113
calibration,native_ds_rtk_delay_dryrun,native_ds,ds_range,1,5,M1-M5,1786379449.830979,4.754,4.653892635768649,2.746990470037236e-06,4.65389263576946,8.109068971862143e-13,0.10010736423053945,521.09694480896,523.425817489624
calibration,native_ds_rtk_delay_dryrun,native_ds,ds_range,1,2,M1-M2,1786379449.9203467,4.758,4.662009647803184,-0.019998658657648993,4.662052541805816,4.2894002632465345e-05,0.09594745819418371,610.4645729064941,290.62509536743164
calibration,native_ds_rtk_delay_dryrun,native_ds,ds_range,1,3,M1-M3,1786379449.8929875,4.808,4.887774617617669,-0.049997953363964454,4.888030330099041,0.0002557124813717948,-0.08003033009904126,583.1053256988525,21.908283233642578
calibration,native_ds_rtk_delay_dryrun,native_ds,ds_range,1,4,M1-M4,1786379449.9194999,5.179,5.154607476838066,-0.029999071873801325,5.154694771234102,8.729439603527567e-05,0.02430522876589869,609.6177101135254,231.45627975463867
calibration,native_ds_rtk_delay_dryrun,native_ds,ds_range,1,5,M1-M5,1786379449.9197676,4.761,4.653892635768649,2.746990470037236e-06,4.65389263576946,8.109068971862143e-13,0.10710736423054001,609.8854541778564,434.63730812072754
calibration,native_ds_rtk_delay_dryrun,native_ds,ds_range,1,2,M1-M2,1786379450.0122292,4.751,4.662009647803184,-0.019998658657648993,4.662052541805816,4.2894002632465345e-05,0.08894745819418404,702.3470401763916,198.74262809753418
calibration,native_ds_rtk_delay_dryrun,native_ds,ds_range,1,3,M1-M3,1786379450.019388,4.789,4.887774617617669,-0.049997953363964454,4.888030330099041,0.0002557124813717948,-0.09903033009904139,709.5057964324951,148.30875396728516
calibration,native_ds_rtk_delay_dryrun,native_ds,ds_range,1,4,M1-M4,1786379450.049883,5.205,5.154607476838066,-0.029999071873801325,5.154694771234102,8.729439603527567e-05,0.05030522876589849,740.0007247924805,101.0732650756836
calibration,native_ds_rtk_delay_dryrun,native_ds,ds_range,1,5,M1-M5,1786379450.0501199,4.761,4.653892635768649,2.746990470037236e-06,4.65389263576946,8.109068971862143e-13,0.10710736423054001,740.2377128601074,304.28504943847656
calibration,native_ds_rtk_delay_dryrun,native_ds,ds_range,1,2,M1-M2,1786379450.1425524,4.749,4.659730569723821,-0.01999865873934381,4.659773484706102,4.2914982281594405e-05,0.08922651529389736,649.3122577667236,68.4194564819336
calibration,native_ds_rtk_delay_dryrun,native_ds,ds_range,1,3,M1-M3,1786379450.1110446,4.788,4.890130132179983,-0.04999795344565927,4.8903857214951225,0.0002555893151399147,-0.10238572149512226,680.8199882507324,239.96543884277344
calibration,native_ds_rtk_delay_dryrun,native_ds,ds_range,1,4,M1-M4,1786379450.1415815,5.167,5.1549437876262525,-0.029999071955496143,5.1550310763277345,8.72887014820023e-05,0.01196892367226532,650.2830982208252,9.374618530273438
calibration,native_ds_rtk_delay_dryrun,native_ds,ds_range,1,5,M1-M5,1786379450.141851,4.743,4.653691114910867,2.7469087752196586e-06,4.653691114911678,8.109068971862143e-13,0.08930888508832258,650.0136852264404,212.5539779663086
calibration,native_ds_rtk_delay_dryrun,native_ds,ds_range,1,2,M1-M2,1786379450.23211,4.734,4.659730569723821,-0.01999865873934381,4.659773484706102,4.2914982281594405e-05,0.07422651529389768,559.7546100616455,21.13819122314453
calibration,native_ds_rtk_delay_dryrun,native_ds,ds_range,1,3,M1-M3,1786379450.261727,4.77,4.890130132179983,-0.04999795344565927,4.8903857214951225,0.0002555893151399147,-0.12038572149512294,530.1375389099121,390.64788818359375
calibration,native_ds_rtk_delay_dryrun,native_ds,ds_range,1,4,M1-M4,1786379450.2619722,5.251,5.1549437876262525,-0.029999071955496143,5.1550310763277345,8.72887014820023e-05,0.09596892367226584,529.8924446105957,111.01603507995605
calibration,native_ds_rtk_delay_dryrun,native_ds,ds_range,1,5,M1-M5,1786379450.2622075,4.74,4.653691114910867,2.7469087752196586e-06,4.653691114911678,8.109068971862143e-13,0.08630888508832246,529.6571254730225,92.19741821289062
calibration,native_ds_rtk_delay_dryrun,native_ds,ds_range,1,2,M1-M2,1786379450.397965,4.705,4.659730569723821,-0.01999865873934381,4.659773484706102,4.2914982281594405e-05,0.04522651529389776,393.89967918395996,186.99312210083008
calibration,native_ds_rtk_delay_dryrun,native_ds,ds_range,1,3,M1-M3,1786379450.3981853,4.782,4.890130132179983,-0.04999795344565927,4.8903857214951225,0.0002555893151399147,-0.10838572149512249,393.6793804168701,527.1060466766357
calibration,native_ds_rtk_delay_dryrun,native_ds,ds_range,1,4,M1-M4,1786379450.3705473,5.159,5.1549437876262525,-0.029999071955496143,5.1550310763277345,8.72887014820023e-05,0.003968923672265312,421.31733894348145,219.5911407470703
calibration,native_ds_rtk_delay_dryrun,native_ds,ds_range,1,5,M1-M5,1786379450.3974607,4.765,4.653691114910867,2.7469087752196586e-06,4.653691114911678,8.109068971862143e-13,0.11130888508832193,394.40393447875977,43.05577278137207
calibration,native_ds_rtk_delay_dryrun,native_ds,ds_range,1,2,M1-M2,1786379450.5384586,4.755,4.659730569723821,-0.01999865873934381,4.659773484706102,4.2914982281594405e-05,0.09522651529389758,253.40604782104492,327.4867534637451
calibration,native_ds_rtk_delay_dryrun,native_ds,ds_range,1,3,M1-M3,1786379450.531972,4.754,4.890130132179983,-0.04999795344565927,4.8903857214951225,0.0002555893151399147,-0.13638572149512296,259.89270210266113,660.8927249908447
calibration,native_ds_rtk_delay_dryrun,native_ds,ds_range,1,4,M1-M4,1786379450.5322201,5.174,5.1549437876262525,-0.029999071955496143,5.1550310763277345,8.72887014820023e-05,0.01896892367226588,259.6445083618164,381.26397132873535
calibration,native_ds_rtk_delay_dryrun,native_ds,ds_range,1,5,M1-M5,1786379450.5324595,4.752,4.653691114910867,2.7469087752196586e-06,4.653691114911678,8.109068971862143e-13,0.09830888508832203,259.40513610839844,178.0545711517334
calibration,native_ds_rtk_delay_dryrun,native_ds,ds_range,1,2,M1-M2,1786379450.6278071,4.762,4.659730569723821,-0.01999865873934381,4.659773484706102,4.2914982281594405e-05,0.10222651529389726,164.05749320983887,416.8353080749512
calibration,native_ds_rtk_delay_dryrun,native_ds,ds_range,1,3,M1-M3,1786379450.6377711,4.791,4.898917146699684,-0.05999794685773241,4.899284535914945,0.0003673892152606939,-0.10828453591494469,154.09350395202637,725.5620956420898
calibration,native_ds_rtk_delay_dryrun,native_ds,ds_range,1,4,M1-M4,1786379450.6656728,5.239,5.1549437876262525,-0.029999071955496143,5.1550310763277345,8.72887014820023e-05,0.08396892367226538,126.19185447692871,514.716625213623
calibration,native_ds_rtk_delay_dryrun,native_ds,ds_range,1,5,M1-M5,1786379450.6656728,4.748,4.653691114910867,2.7469087752196586e-06,4.653691114911678,8.109068971862143e-13,0.09430888508832247,126.19185447692871,311.2678527832031
calibration,native_ds_rtk_delay_dryrun,native_ds,ds_range,1,2,M1-M2,1786379450.760771,4.764,4.659730569723821,-0.01999865873934381,4.659773484706102,4.2914982281594405e-05,0.10422651529389793,31.093597412109375,549.7992038726807
calibration,native_ds_rtk_delay_dryrun,native_ds,ds_range,1,3,M1-M3,1786379450.7711723,4.791,4.898917146699684,-0.05999794685773241,4.899284535914945,0.0003673892152606939,-0.10828453591494469,20.69234848022461,592.1609401702881
calibration,native_ds_rtk_delay_dryrun,native_ds,ds_range,1,4,M1-M4,1786379450.756079,5.213,5.1549437876262525,-0.029999071955496143,5.1550310763277345,8.72887014820023e-05,0.05796892367226558,35.785675048828125,605.1228046417236
calibration,native_ds_rtk_delay_dryrun,native_ds,ds_range,1,5,M1-M5,1786379450.756079,4.724,4.653691114910867,2.7469087752196586e-06,4.653691114911678,8.109068971862143e-13,0.07030888508832245,35.785675048828125,401.6740322113037
calibration,native_ds_rtk_delay_dryrun,native_ds,ds_range,1,2,M1-M2,1786379450.8770514,4.8,4.659730569723821,-0.01999865873934381,4.659773484706102,4.2914982281594405e-05,0.1402265152938975,85.18671989440918,666.0795211791992
calibration,native_ds_rtk_delay_dryrun,native_ds,ds_range,1,3,M1-M3,1786379450.8773234,4.779,4.898917146699684,-0.05999794685773241,4.899284535914945,0.0003673892152606939,-0.12028453591494515,85.45875549316406,486.0098361968994
calibration,native_ds_rtk_delay_dryrun,native_ds,ds_range,1,4,M1-M4,1786379450.877552,5.272,5.1549437876262525,-0.029999071955496143,5.1550310763277345,8.72887014820023e-05,0.11696892367226575,85.68739891052246,726.5958786010742
calibration,native_ds_rtk_delay_dryrun,native_ds,ds_range,1,5,M1-M5,1786379450.834868,4.733,4.653691114910867,2.7469087752196586e-06,4.653691114911678,8.109068971862143e-13,0.0793088850883219,43.00332069396973,480.46302795410156
calibration,native_ds_rtk_delay_dryrun,native_ds,ds_range,1,3,M1-M3,1786379450.962513,4.825,4.898917146699684,-0.05999794685773241,4.899284535914945,0.0003673892152606939,-0.07428453591494488,170.64833641052246,400.820255279541
calibration,native_ds_rtk_delay_dryrun,native_ds,ds_range,1,4,M1-M4,1786379450.962513,5.167,5.157863031578971,-0.04999907026562084,5.158105365301919,0.00024233372294801825,0.008894634698080495,170.64833641052246,702.4025917053223
calibration,native_ds_rtk_delay_dryrun,native_ds,ds_range,1,5,M1-M5,1786379450.9660676,4.731,4.653691114910867,2.7469087752196586e-06,4.653691114911678,8.109068971862143e-13,0.07730888508832212,174.20291900634766,611.6626262664795
calibration,native_ds_rtk_delay_dryrun,native_ds,ds_range,1,3,M1-M3,1786379451.0613081,4.785,4.898917146699684,-0.05999794685773241,4.899284535914945,0.0003673892152606939,-0.11428453591494492,269.4435119628906,302.02507972717285
calibration,native_ds_rtk_delay_dryrun,native_ds,ds_range,1,4,M1-M4,1786379451.0717678,5.231,5.157863031578971,-0.04999907026562084,5.158105365301919,0.00024233372294801825,0.07289463469808055,279.9031734466553,593.1477546691895
calibration,native_ds_rtk_delay_dryrun,native_ds,ds_range,1,5,M1-M5,1786379451.0548508,4.733,4.653691114910867,2.7469087752196586e-06,4.653691114911678,8.109068971862143e-13,0.0793088850883219,262.9861831665039,700.4458904266357
calibration,native_ds_rtk_delay_dryrun,native_ds,ds_range,1,3,M1-M3,1786379451.229855,4.768,4.898917146699684,-0.05999794685773241,4.899284535914945,0.0003673892152606939,-0.13128453591494527,437.9904270172119,133.47816467285156
calibration,native_ds_rtk_delay_dryrun,native_ds,ds_range,1,4,M1-M4,1786379451.230089,5.218,5.157863031578971,-0.04999907026562084,5.158105365301919,0.00024233372294801825,0.05989463469808065,438.22431564331055,434.8266124725342
calibration,native_ds_rtk_delay_dryrun,native_ds,ds_range,1,5,M1-M5,1786379451.186411,4.759,4.658669146277598,-0.019997247724614198,4.6587120649805565,4.2918702958694155e-05,0.10028793501944389,394.5462703704834,664.609432220459
calibration,native_ds_rtk_delay_dryrun,native_ds,ds_range,1,3,M1-M3,1786379451.3344762,4.789,4.898917146699684,-0.05999794685773241,4.899284535914945,0.0003673892152606939,-0.11028453591494536,542.6115989685059,28.856992721557617
calibration,native_ds_rtk_delay_dryrun,native_ds,ds_range,1,4,M1-M4,1786379451.3347263,5.185,5.157863031578971,-0.04999907026562084,5.158105365301919,0.00024233372294801825,0.02689463469808029,542.8617000579834,330.1892280578613
calibration,native_ds_rtk_delay_dryrun,native_ds,ds_range,1,5,M1-M5,1786379451.334959,4.743,4.658669146277598,-0.019997247724614198,4.6587120649805565,4.2918702958694155e-05,0.08428793501944387,543.0943965911865,516.0613059997559
calibration,native_ds_rtk_delay_dryrun,native_ds,ds_range,1,3,M1-M3,1786379451.4400997,4.809,4.898917146699684,-0.05999794685773241,4.899284535914945,0.0003673892152606939,-0.0902845359149449,648.2350826263428,76.7664909362793
calibration,native_ds_rtk_delay_dryrun,native_ds,ds_range,1,4,M1-M4,1786379451.4403503,5.252,5.157863031578971,-0.04999907026562084,5.158105365301919,0.00024233372294801825,0.09389463469808046,648.4856605529785,224.5652675628662
calibration,native_ds_rtk_delay_dryrun,native_ds,ds_range,1,5,M1-M5,1786379451.4405932,4.752,4.658669146277598,-0.019997247724614198,4.6587120649805565,4.2918702958694155e-05,0.09328793501944332,648.728609085083,410.4270935058594
calibration,native_ds_rtk_delay_dryrun,native_ds,ds_range,1,2,M1-M2,1786379451.6367886,4.746,4.659603349837261,-0.019998658790330304,4.659646265991447,4.291615418594574e-05,0.0863537340085534,672.0542907714844,683.2516193389893
calibration,native_ds_rtk_delay_dryrun,native_ds,ds_range,1,3,M1-M3,1786379451.6418812,4.777,4.899569330389852,-0.05999794733898761,4.899936670711343,0.0003673403214907722,-0.12293667071134262,666.961669921875,278.548002243042
calibration,native_ds_rtk_delay_dryrun,native_ds,ds_range,1,4,M1-M4,1786379451.635968,5.186,5.160208173537176,-0.04999907074687604,5.160450397137388,0.00024222360021219913,0.025549602862612097,672.874927520752,28.94759178161621
calibration,native_ds_rtk_delay_dryrun,native_ds,ds_range,1,5,M1-M5,1786379451.6362243,4.752,4.656358265883613,-0.0199972482058694,4.656401205888347,4.294000473414883e-05,0.09559879411165273,672.6186275482178,214.7960662841797
calibration,native_ds_rtk_delay_dryrun,native_ds,ds_range,1,2,M1-M2,1786379451.7942517,4.737,4.659603349837261,-0.019998658790330304,4.659646265991447,4.291615418594574e-05,0.07735373400855305,514.5912170410156,525.7885456085205
calibration,native_ds_rtk_delay_dryrun,native_ds,ds_range,1,3,M1-M3,1786379451.7947023,4.752,4.899569330389852,-0.05999794733898761,4.899936670711343,0.0003673403214907722,-0.14793667071134298,514.1406059265137,431.3690662384033
calibration,native_ds_rtk_delay_dryrun,native_ds,ds_range,1,4,M1-M4,1786379451.761822,5.219,5.160208173537176,-0.04999907074687604,5.160450397137388,0.00024222360021219913,0.05854960286261246,547.0209121704102,96.90642356872559
calibration,native_ds_rtk_delay_dryrun,native_ds,ds_range,1,5,M1-M5,1786379451.7937481,4.737,4.656358265883613,-0.0199972482058694,4.656401205888347,4.294000473414883e-05,0.08059879411165305,515.0947570800781,57.27219581604004
calibration,native_ds_rtk_delay_dryrun,native_ds,ds_range,1,2,M1-M2,1786379451.9067395,4.741,4.659603349837261,-0.019998658790330304,4.659646265991447,4.291615418594574e-05,0.08135373400855261,402.1034240722656,413.3007526397705
calibration,native_ds_rtk_delay_dryrun,native_ds,ds_range,1,3,M1-M3,1786379451.906989,4.755,4.899569330389852,-0.05999794733898761,4.899936670711343,0.0003673403214907722,-0.14493667071134286,401.8537998199463,543.6558723449707
calibration,native_ds_rtk_delay_dryrun,native_ds,ds_range,1,4,M1-M4,1786379451.8789191,5.221,5.160208173537176,-0.04999907074687604,5.160450397137388,0.00024222360021219913,0.06054960286261224,429.92377281188965,214.0035629272461
calibration,native_ds_rtk_delay_dryrun,native_ds,ds_range,1,5,M1-M5,1786379451.8791573,4.743,4.656358265883613,-0.0199972482058694,4.656401205888347,4.294000473414883e-05,0.08659879411165328,429.6855926513672,28.1369686126709
calibration,native_ds_rtk_delay_dryrun,native_ds,ds_range,1,2,M1-M2,1786379452.0011957,4.782,4.659603349837261,-0.019998658790330304,4.659646265991447,4.291615418594574e-05,0.12235373400855298,307.6472282409668,318.8445568084717
calibration,native_ds_rtk_delay_dryrun,native_ds,ds_range,1,3,M1-M3,1786379452.0293381,4.775,4.899569330389852,-0.05999794733898761,4.899936670711343,0.0003673403214907722,-0.1249366707113424,279.50477600097656,666.0048961639404
calibration,native_ds_rtk_delay_dryrun,native_ds,ds_range,1,4,M1-M4,1786379452.0295918,5.213,5.160208173537176,-0.04999907074687604,5.160450397137388,0.00024222360021219913,0.05254960286261223,279.2510986328125,364.67623710632324
calibration,native_ds_rtk_delay_dryrun,native_ds,ds_range,1,5,M1-M5,1786379451.9993064,4.746,4.656358265883613,-0.0199972482058694,4.656401205888347,4.294000473414883e-05,0.08959879411165339,309.5364570617676,148.2861042022705
calibration,native_ds_rtk_delay_dryrun,native_ds,ds_range,1,2,M1-M2,1786379452.0893755,4.805,4.659603349837261,-0.019998658790330304,4.659646265991447,4.291615418594574e-05,0.14535373400855267,219.4674015045166,230.66473007202148
calibration,native_ds_rtk_delay_dryrun,native_ds,ds_range,1,4,M1-M4,1786379452.120006,5.21,5.160208173537176,-0.04999907074687604,5.160450397137388,0.00024222360021219913,0.04954960286261212,188.83681297302246,455.0905227661133
calibration,native_ds_rtk_delay_dryrun,native_ds,ds_range,1,5,M1-M5,1786379452.120428,4.735,4.656358265883613,-0.0199972482058694,4.656401205888347,4.294000473414883e-05,0.07859879411165327,188.4148120880127,269.4077491760254
calibration,native_ds_rtk_delay_dryrun,native_ds,ds_range,1,2,M1-M2,1786379452.24793,4.721,4.659603349837261,-0.019998658790330304,4.659646265991447,4.291615418594574e-05,0.06135373400855304,60.9128475189209,72.11017608642578
calibration,native_ds_rtk_delay_dryrun,native_ds,ds_range,1,3,M1-M3,1786379452.2482,4.768,4.892719875119195,-0.04999795316884886,4.8929753291537725,0.00025545403457716276,-0.12497532915377274,60.64295768737793,638.3311748504639
calibration,native_ds_rtk_delay_dryrun,native_ds,ds_range,1,4,M1-M4,1786379452.2484305,5.167,5.160208173537176,-0.04999907074687604,5.160450397137388,0.00024222360021219913,0.0065496028626119696,60.41240692138672,583.514928817749
calibration,native_ds_rtk_delay_dryrun,native_ds,ds_range,1,5,M1-M5,1786379452.2068052,4.753,4.656358265883613,-0.0199972482058694,4.656401205888347,4.294000473414883e-05,0.09659879411165306,102.03766822814941,355.7848930358887
calibration,native_ds_rtk_delay_dryrun,native_ds,ds_range,1,2,M1-M2,1786379452.38322,4.782,4.659603349837261,-0.019998658790330304,4.659646265991447,4.291615418594574e-05,0.12235373400855298,74.37705993652344,63.179731369018555
calibration,native_ds_rtk_delay_dryrun,native_ds,ds_range,1,3,M1-M3,1786379452.3835077,4.76,4.892719875119195,-0.04999795316884886,4.8929753291537725,0.00025545403457716276,-0.13297532915377275,74.66483116149902,503.0233860015869
calibration,native_ds_rtk_delay_dryrun,native_ds,ds_range,1,4,M1-M4,1786379452.3837452,5.186,5.160208173537176,-0.04999907074687604,5.160450397137388,0.00024222360021219913,0.025549602862612097,74.90229606628418,718.8296318054199
calibration,native_ds_rtk_delay_dryrun,native_ds,ds_range,1,5,M1-M5,1786379452.3528917,4.741,4.656358265883613,-0.0199972482058694,4.656401205888347,4.294000473414883e-05,0.08459879411165261,44.04878616333008,501.87134742736816
calibration,native_ds_rtk_delay_dryrun,native_ds,ds_range,1,2,M1-M2,1786379452.469219,4.75,4.659603349837261,-0.019998658790330304,4.659646265991447,4.291615418594574e-05,0.09035373400855296,160.37607192993164,149.17874336242676
calibration,native_ds_rtk_delay_dryrun,native_ds,ds_range,1,3,M1-M3,1786379452.4694498,4.799,4.892719875119195,-0.04999795316884886,4.8929753291537725,0.00025545403457716276,-0.09397532915377216,160.60686111450195,417.081356048584
calibration,native_ds_rtk_delay_dryrun,native_ds,ds_range,1,4,M1-M4,1786379452.4696817,5.198,5.163335097483672,-0.049999068825281046,5.163577174381159,0.00024207689748756422,0.034422825618841024,160.83884239196777,667.7217483520508
calibration,native_ds_rtk_delay_dryrun,native_ds,ds_range,1,5,M1-M5,1786379452.4395247,4.757,4.656358265883613,-0.0199972482058694,4.656401205888347,4.294000473414883e-05,0.10059879411165262,130.68175315856934,588.5043144226074
calibration,native_ds_rtk_delay_dryrun,native_ds,ds_range,1,2,M1-M2,1786379452.5932217,4.766,4.659603349837261,-0.019998658790330304,4.659646265991447,4.291615418594574e-05,0.10635373400855297,284.3787670135498,273.1814384460449
calibration,native_ds_rtk_delay_dryrun,native_ds,ds_range,1,3,M1-M3,1786379452.5934508,4.758,4.892719875119195,-0.04999795316884886,4.8929753291537725,0.00025545403457716276,-0.13497532915377253,284.6078872680664,293.08032989501953
calibration,native_ds_rtk_delay_dryrun,native_ds,ds_range,1,4,M1-M4,1786379452.5627627,5.202,5.163335097483672,-0.049999068825281046,5.163577174381159,0.00024207689748756422,0.038422825618840584,253.9198398590088,574.6407508850098
calibration,native_ds_rtk_delay_dryrun,native_ds,ds_range,1,5,M1-M5,1786379452.5927327,4.755,4.656358265883613,-0.0199972482058694,4.656401205888347,4.294000473414883e-05,0.09859879411165284,283.8897705078125,741.7123317718506
calibration,native_ds_rtk_delay_dryrun,native_ds,ds_range,1,2,M1-M2,1786379452.7115722,4.816,4.659603349837261,-0.019998658790330304,4.659646265991447,4.291615418594574e-05,0.1563537340085528,402.7292728424072,391.53194427490234
calibration,native_ds_rtk_delay_dryrun,native_ds,ds_range,1,3,M1-M3,1786379452.6784875,4.787,4.892719875119195,-0.04999795316884886,4.8929753291537725,0.00025545403457716276,-0.10597532915377261,369.6446418762207,208.04357528686523
calibration,native_ds_rtk_delay_dryrun,native_ds,ds_range,1,4,M1-M4,1786379452.7107637,5.208,5.163335097483672,-0.049999068825281046,5.163577174381159,0.00024207689748756422,0.04442282561884081,401.9207954406738,426.6397953033447
calibration,native_ds_rtk_delay_dryrun,native_ds,ds_range,1,2,M1-M2,1786379452.8028245,4.797,4.659603349837261,-0.019998658790330304,4.659646265991447,4.291615418594574e-05,0.13735373400855266,493.98159980773926,482.7842712402344
calibration,native_ds_rtk_delay_dryrun,native_ds,ds_range,1,3,M1-M3,1786379452.8102582,4.786,4.892719875119195,-0.04999795316884886,4.8929753291537725,0.00025545403457716276,-0.10697532915377295,501.4152526855469,76.27296447753906
calibration,native_ds_rtk_delay_dryrun,native_ds,ds_range,1,4,M1-M4,1786379452.8410604,5.219,5.163335097483672,-0.049999068825281046,5.163577174381159,0.00024207689748756422,0.05542282561884093,532.2175025939941,296.3430881500244
calibration,native_ds_rtk_delay_dryrun,native_ds,ds_range,1,2,M1-M2,1786379452.901104,4.776,4.661692088984448,-0.019998658385261436,4.661734985907864,4.289692341608031e-05,0.11426501409213596,592.2610759735107,436.9311332702637
calibration,native_ds_rtk_delay_dryrun,native_ds,ds_range,1,3,M1-M3,1786379452.9014318,4.786,4.892719875119195,-0.04999795316884886,4.8929753291537725,0.00025545403457716276,-0.10697532915377295,592.5889015197754,14.900684356689453
calibration,native_ds_rtk_delay_dryrun,native_ds,ds_range,1,4,M1-M4,1786379452.910967,5.201,5.163335097483672,-0.049999068825281046,5.163577174381159,0.00024207689748756422,0.03742282561884025,602.1242141723633,226.43637657165527
calibration,native_ds_rtk_delay_dryrun,native_ds,ds_range,1,2,M1-M2,1786379453.0420072,4.776,4.661818705698713,-0.019998657889052918,4.661861601454915,4.289575620219921e-05,0.11413839854508456,593.5797691345215,296.02789878845215
calibration,native_ds_rtk_delay_dryrun,native_ds,ds_range,1,3,M1-M3,1786379453.042262,4.788,4.892284877179053,-0.049997952672640344,4.892540353921091,0.00025547674203796333,-0.10454035392109073,593.3248996734619,155.7309627532959
calibration,native_ds_rtk_delay_dryrun,native_ds,ds_range,1,4,M1-M4,1786379453.043865,5.234,5.161771626152402,-0.04999906832907253,5.162013776365362,0.0002421502129603681,0.0719862236346378,591.7220115661621,93.53852272033691
calibration,native_ds_rtk_delay_dryrun,native_ds,ds_range,1,5,M1-M5,1786379453.015462,4.741,4.652553237102764,2.746166569533859e-06,4.652553237103574,8.100187187665142e-13,0.08844676289642539,620.1250553131104,660.1250171661377
calibration,native_ds_rtk_delay_dryrun,native_ds,ds_range,1,2,M1-M2,1786379453.113312,4.722,4.661818705698713,-0.019998657889052918,4.661861601454915,4.289575620219921e-05,0.06013839854508518,522.2749710083008,224.72310066223145
calibration,native_ds_rtk_delay_dryrun,native_ds,ds_range,1,3,M1-M3,1786379453.143417,4.784,4.892284877179053,-0.049997952672640344,4.892540353921091,0.00025547674203796333,-0.10854035392109118,492.1700954437256,256.8857669830322
calibration,native_ds_rtk_delay_dryrun,native_ds,ds_range,1,4,M1-M4,1786379453.143417,5.18,5.161771626152402,-0.04999906832907253,5.162013776365362,0.0002421502129603681,0.017986223634637533,492.1700954437256,6.013393402099609
calibration,native_ds_rtk_delay_dryrun,native_ds,ds_range,1,5,M1-M5,1786379453.1126475,4.765,4.652553237102764,2.746166569533859e-06,4.652553237103574,8.100187187665142e-13,0.11244676289642541,522.9394435882568,562.9394054412842
calibration,native_ds_rtk_delay_dryrun,native_ds,ds_range,1,2,M1-M2,1786379453.2938206,4.767,4.661818705698713,-0.019998657889052918,4.661861601454915,4.289575620219921e-05,0.10513839854508511,341.766357421875,44.214487075805664
calibration,native_ds_rtk_delay_dryrun,native_ds,ds_range,1,3,M1-M3,1786379453.2627409,4.794,4.892284877179053,-0.049997952672640344,4.892540353921091,0.00025547674203796333,-0.0985403539210914,372.8461265563965,376.2097358703613
calibration,native_ds_rtk_delay_dryrun,native_ds,ds_range,1,4,M1-M4,1786379453.2930703,5.15,5.161771626152402,-0.04999906832907253,5.162013776365362,0.0002421502129603681,-0.012013776365361828,342.5166606903076,155.66682815551758
calibration,native_ds_rtk_delay_dryrun,native_ds,ds_range,1,5,M1-M5,1786379453.293328,4.761,4.652553237102764,2.746166569533859e-06,4.652553237103574,8.100187187665142e-13,0.10844676289642585,342.2589302062988,382.2588920593262
calibration,native_ds_rtk_delay_dryrun,native_ds,ds_range,1,2,M1-M2,1786379453.3830576,4.709,4.661818705698713,-0.019998657889052918,4.661861601454915,4.289575620219921e-05,0.04713839854508439,252.52938270568848,45.02248764038086
calibration,native_ds_rtk_delay_dryrun,native_ds,ds_range,1,3,M1-M3,1786379453.344785,4.801,4.892284877179053,-0.049997952672640344,4.892540353921091,0.00025547674203796333,-0.09154035392109083,290.802001953125,458.2538604736328
calibration,native_ds_rtk_delay_dryrun,native_ds,ds_range,1,4,M1-M4,1786379453.3822923,5.206,5.161771626152402,-0.04999906832907253,5.162013776365362,0.0002421502129603681,0.04398622363463822,253.2947063446045,244.8887825012207
calibration,native_ds_rtk_delay_dryrun,native_ds,ds_range,1,5,M1-M5,1786379453.3825388,4.731,4.652553237102764,2.746166569533859e-06,4.652553237103574,8.100187187665142e-13,0.0784467628964256,253.04818153381348,293.0481433868408
calibration,native_ds_rtk_delay_dryrun,native_ds,ds_range,1,2,M1-M2,1786379453.4697971,4.807,4.661818705698713,-0.019998657889052918,4.661861601454915,4.289575620219921e-05,0.14513839854508515,165.78984260559082,131.76202774047852
calibration,native_ds_rtk_delay_dryrun,native_ds,ds_range,1,3,M1-M3,1786379453.4393158,4.772,4.892284877179053,-0.049997952672640344,4.892540353921091,0.00025547674203796333,-0.12054035392109075,196.27118110656738,552.7846813201904
calibration,native_ds_rtk_delay_dryrun,native_ds,ds_range,1,4,M1-M4,1786379453.442486,5.2,5.161771626152402,-0.04999906832907253,5.162013776365362,0.0002421502129603681,0.037986223634637994,193.1009292602539,305.0825595855713
calibration,native_ds_rtk_delay_dryrun,native_ds,ds_range,1,5,M1-M5,1786379453.469286,4.733,4.652553237102764,2.746166569533859e-06,4.652553237103574,8.100187187665142e-13,0.08044676289642538,166.30101203918457,206.3009738922119
calibration,native_ds_rtk_delay_dryrun,native_ds,ds_range,1,2,M1-M2,1786379453.590235,4.731,4.661818705698713,-0.019998657889052918,4.661861601454915,4.289575620219921e-05,0.06913839854508463,45.35198211669922,252.19988822937012
calibration,native_ds_rtk_delay_dryrun,native_ds,ds_range,1,3,M1-M3,1786379453.5905087,4.76,4.892284877179053,-0.049997952672640344,4.892540353921091,0.00025547674203796333,-0.1325403539210912,45.078277587890625,703.9775848388672
calibration,native_ds_rtk_delay_dryrun,native_ds,ds_range,1,4,M1-M4,1786379453.5907457,5.228,5.161771626152402,-0.04999906832907253,5.162013776365362,0.0002421502129603681,0.06598622363463758,44.84128952026367,453.3421993255615
calibration,native_ds_rtk_delay_dryrun,native_ds,ds_range,1,5,M1-M5,1786379453.5403433,4.747,4.652553237102764,2.746166569533859e-06,4.652553237103574,8.100187187665142e-13,0.09444676289642562,95.24369239807129,135.24365425109863
calibration,native_ds_rtk_delay_dryrun,native_ds,ds_range,1,2,M1-M2,1786379453.682229,4.731,4.661818705698713,-0.019998657889052918,4.661861601454915,4.289575620219921e-05,0.06913839854508463,46.64206504821777,344.1939353942871
calibration,native_ds_rtk_delay_dryrun,native_ds,ds_range,1,3,M1-M3,1786379453.6951478,4.792,4.893554999328756,-0.049997951242729044,4.89381040975066,0.0002554104219045783,-0.10181040975066047,59.56077575683594,633.4748268127441
calibration,native_ds_rtk_delay_dryrun,native_ds,ds_range,1,4,M1-M4,1786379453.7023392,5.248,5.161771626152402,-0.04999906832907253,5.162013776365362,0.0002421502129603681,0.08598622363463804,66.75219535827637,564.9356842041016
calibration,native_ds_rtk_delay_dryrun,native_ds,ds_range,1,5,M1-M5,1786379453.7134445,4.739,4.652553237102764,2.746166569533859e-06,4.652553237103574,8.100187187665142e-13,0.08644676289642561,77.85749435424805,37.8575325012207
calibration,native_ds_rtk_delay_dryrun,native_ds,ds_range,1,2,M1-M2,1786379453.8571231,4.79,4.661818705698713,-0.019998657889052918,4.661861601454915,4.289575620219921e-05,0.1281383985450848,221.53615951538086,519.0880298614502
calibration,native_ds_rtk_delay_dryrun,native_ds,ds_range,1,3,M1-M3,1786379453.820613,4.761,4.893554999328756,-0.049997951242729044,4.89381040975066,0.0002554104219045783,-0.13281040975066016,185.0259304046631,508.009672164917
calibration,native_ds_rtk_delay_dryrun,native_ds,ds_range,1,4,M1-M4,1786379453.8228486,5.165,5.161771626152402,-0.04999906832907253,5.162013776365362,0.0002421502129603681,0.0029862236346378523,187.26158142089844,685.4450702667236
calibration,native_ds_rtk_delay_dryrun,native_ds,ds_range,1,5,M1-M5,1786379453.8564987,4.728,4.652553237102764,2.746166569533859e-06,4.652553237103574,8.100187187665142e-13,0.07544676289642549,220.91174125671387,180.91177940368652
calibration,native_ds_rtk_delay_dryrun,native_ds,ds_range,1,2,M1-M2,1786379453.9646113,4.784,4.661818705698713,-0.019998657889052918,4.661861601454915,4.289575620219921e-05,0.12213839854508457,329.0243148803711,626.5761852264404
calibration,native_ds_rtk_delay_dryrun,native_ds,ds_range,1,3,M1-M3,1786379453.964865,4.765,4.893554999328756,-0.049997951242729044,4.89381040975066,0.0002554104219045783,-0.1288104097506606,329.27799224853516,363.7576103210449
calibration,native_ds_rtk_delay_dryrun,native_ds,ds_range,1,4,M1-M4,1786379453.9758444,5.176,5.154499677346189,-0.029999071542083172,5.154586973565909,8.729621971959034e-05,0.021413026434091265,340.2574062347412,616.307258605957
calibration,native_ds_rtk_delay_dryrun,native_ds,ds_range,1,5,M1-M5,1786379453.9405768,4.738,4.652553237102764,2.746166569533859e-06,4.652553237103574,8.100187187665142e-13,0.08544676289642616,304.9898147583008,264.98985290527344
calibration,native_ds_rtk_delay_dryrun,native_ds,ds_range,1,2,M1-M2,1786379454.0422513,4.801,4.661818705698713,-0.019998657889052918,4.661861601454915,4.289575620219921e-05,0.13913839854508492,406.6643714904785,704.2162418365479
calibration,native_ds_rtk_delay_dryrun,native_ds,ds_range,1,3,M1-M3,1786379454.0508702,4.815,4.893554999328756,-0.049997951242729044,4.89381040975066,0.0002554104219045783,-0.0788104097506599,415.283203125,277.7523994445801
calibration,native_ds_rtk_delay_dryrun,native_ds,ds_range,1,4,M1-M4,1786379454.0796602,5.177,5.154499677346189,-0.029999071542083172,5.154586973565909,8.729621971959034e-05,0.02241302643409071,444.0732002258301,512.4914646148682
calibration,native_ds_rtk_delay_dryrun,native_ds,ds_range,1,5,M1-M5,1786379454.0796602,4.735,4.652553237102764,2.746166569533859e-06,4.652553237103574,8.100187187665142e-13,0.08244676289642605,444.0732002258301,404.07323837280273
calibration,native_ds_rtk_delay_dryrun,native_ds,ds_range,1,3,M1-M3,1786379454.1912658,4.772,4.893554999328756,-0.049997951242729044,4.89381040975066,0.0002554104219045783,-0.12181040975066004,555.6788444519043,137.35675811767578
calibration,native_ds_rtk_delay_dryrun,native_ds,ds_range,1,4,M1-M4,1786379454.151871,5.215,5.154499677346189,-0.029999071542083172,5.154586973565909,8.729621971959034e-05,0.060413026434090966,516.2839889526367,440.2806758880615
calibration,native_ds_rtk_delay_dryrun,native_ds,ds_range,1,5,M1-M5,1786379454.1588721,4.723,4.652553237102764,2.746166569533859e-06,4.652553237103574,8.100187187665142e-13,0.0704467628964256,523.2851505279541,483.28518867492676
calibration,native_ds_rtk_delay_dryrun,native_ds,ds_range,1,3,M1-M3,1786379454.2908733,4.792,4.893554999328756,-0.049997951242729044,4.89381040975066,0.0002554104219045783,-0.10181040975066047,655.2863121032715,37.749290466308594
calibration,native_ds_rtk_delay_dryrun,native_ds,ds_range,1,4,M1-M4,1786379454.2908733,5.192,5.154499677346189,-0.029999071542083172,5.154586973565909,8.729621971959034e-05,0.03741302643409128,655.2863121032715,301.27835273742676
calibration,native_ds_rtk_delay_dryrun,native_ds,ds_range,1,5,M1-M5,1786379454.291318,4.784,4.653976203525153,2.7474934041760157e-06,4.653976203525964,8.109068971862143e-13,0.1300237964740356,655.7309627532959,607.379674911499
calibration,native_ds_rtk_delay_dryrun,native_ds,ds_range,1,3,M1-M3,1786379454.359463,4.772,4.893554999328756,-0.049997951242729044,4.89381040975066,0.0002554104219045783,-0.12181040975066004,723.8759994506836,30.840396881103516
calibration,native_ds_rtk_delay_dryrun,native_ds,ds_range,1,2,M1-M2,1786379454.6062553,4.794,4.659539942763801,-0.019998656999410003,4.659582859494298,4.2916730497388755e-05,0.1344171405057013,669.276237487793,709.7060680389404
calibration,native_ds_rtk_delay_dryrun,native_ds,ds_range,1,3,M1-M3,1786379454.6071556,4.764,4.895693747667423,-0.04999795029517379,4.895949046506061,0.00025529883863839586,-0.13194904650606087,668.3759689331055,278.5329818725586
calibration,native_ds_rtk_delay_dryrun,native_ds,ds_range,1,4,M1-M4,1786379454.6150897,5.165,5.154056488607776,-0.029999070594527916,5.15414379232831,8.730372053378233e-05,0.010856207671690044,660.4418754577637,22.938013076782227
calibration,native_ds_rtk_delay_dryrun,native_ds,ds_range,1,5,M1-M5,1786379454.5873816,4.75,4.65454712671439,2.7484409594324966e-06,4.654547126715202,8.117950756059145e-13,0.09545287328479812,688.1499290466309,311.31601333618164
calibration,native_ds_rtk_delay_dryrun,native_ds,ds_range,1,2,M1-M2,1786379454.727207,4.766,4.659539942763801,-0.019998656999410003,4.659582859494298,4.2916730497388755e-05,0.10641714050570172,548.3245849609375,588.754415512085
calibration,native_ds_rtk_delay_dryrun,native_ds,ds_range,1,3,M1-M3,1786379454.7276473,4.795,4.895693747667423,-0.04999795029517379,4.895949046506061,0.00025529883863839586,-0.10094904650606118,547.8842258453369,399.02472496032715
calibration,native_ds_rtk_delay_dryrun,native_ds,ds_range,1,4,M1-M4,1786379454.7276473,5.246,5.154056488607776,-0.029999070594527916,5.15414379232831,8.730372053378233e-05,0.09185620767169045,547.8842258453369,135.49566268920898
calibration,native_ds_rtk_delay_dryrun,native_ds,ds_range,1,5,M1-M5,1786379454.6973822,4.766,4.65454712671439,2.7484409594324966e-06,4.654547126715202,8.117950756059145e-13,0.11145287328479814,578.1493186950684,201.31540298461914
calibration,native_ds_rtk_delay_dryrun,native_ds,ds_range,1,2,M1-M2,1786379454.8332498,4.788,4.659539942763801,-0.019998656999410003,4.659582859494298,4.2916730497388755e-05,0.12841714050570197,442.28172302246094,482.7115535736084
calibration,native_ds_rtk_delay_dryrun,native_ds,ds_range,1,3,M1-M3,1786379454.8002553,4.832,4.895693747667423,-0.04999795029517379,4.895949046506061,0.00025529883863839586,-0.06394904650606126,475.27623176574707,471.632719039917
calibration,native_ds_rtk_delay_dryrun,native_ds,ds_range,1,4,M1-M4,1786379454.8214676,5.234,5.154056488607776,-0.029999070594527916,5.15414379232831,8.730372053378233e-05,0.07985620767169,454.06389236450195,229.31599617004395
calibration,native_ds_rtk_delay_dryrun,native_ds,ds_range,1,5,M1-M5,1786379454.8217225,4.741,4.65454712671439,2.7484409594324966e-06,4.654547126715202,8.117950756059145e-13,0.08645287328479778,453.8090229034424,76.97510719299316
calibration,native_ds_rtk_delay_dryrun,native_ds,ds_range,1,2,M1-M2,1786379454.928728,4.781,4.659539942763801,-0.019998656999410003,4.659582859494298,4.2916730497388755e-05,0.1214171405057014,346.8034267425537,387.2332572937012
calibration,native_ds_rtk_delay_dryrun,native_ds,ds_range,1,3,M1-M3,1786379454.9289954,4.797,4.895693747667423,-0.04999795029517379,4.895949046506061,0.00025529883863839586,-0.0989490465060614,346.53615951538086,600.3727912902832
calibration,native_ds_rtk_delay_dryrun,native_ds,ds_range,1,4,M1-M4,1786379454.9008894,5.231,5.154056488607776,-0.029999070594527916,5.15414379232831,8.730372053378233e-05,0.07685620767168988,374.64213371276855,308.73775482177734
calibration,native_ds_rtk_delay_dryrun,native_ds,ds_range,1,5,M1-M5,1786379454.9008894,4.745,4.65454712671439,2.7484409594324966e-06,4.654547126715202,8.117950756059145e-13,0.09045287328479823,374.64213371276855,2.191781997680664
calibration,native_ds_rtk_delay_dryrun,native_ds,ds_range,1,2,M1-M2,1786379455.0146697,4.712,4.659539942763801,-0.019998656999410003,4.659582859494298,4.2916730497388755e-05,0.052417140505701454,260.861873626709,301.29170417785645
calibration,native_ds_rtk_delay_dryrun,native_ds,ds_range,1,3,M1-M3,1786379455.0234852,4.832,4.895693747667423,-0.04999795029517379,4.895949046506061,0.00025529883863839586,-0.06394904650606126,252.0463466644287,694.8626041412354
calibration,native_ds_rtk_delay_dryrun,native_ds,ds_range,1,4,M1-M4,1786379455.0514874,5.249,5.154056488607776,-0.029999070594527916,5.15414379232831,8.730372053378233e-05,0.09485620767168967,224.0440845489502,459.3358039855957
calibration,native_ds_rtk_delay_dryrun,native_ds,ds_range,1,5,M1-M5,1786379455.0517306,4.735,4.65454712671439,2.7484409594324966e-06,4.654547126715202,8.117950756059145e-13,0.08045287328479844,223.8008975982666,153.03301811218262
calibration,native_ds_rtk_delay_dryrun,native_ds,ds_range,1,2,M1-M2,1786379455.1095176,4.751,4.659539942763801,-0.019998656999410003,4.659582859494298,4.2916730497388755e-05,0.09141714050570204,166.0139560699463,206.44378662109375
calibration,native_ds_rtk_delay_dryrun,native_ds,ds_range,1,3,M1-M3,1786379455.109752,4.753,4.893554998945349,-0.04999795183368311,4.8938104093733115,0.0002554104279628433,-0.14081040937331135,165.77959060668945,743.0849075317383
calibration,native_ds_rtk_delay_dryrun,native_ds,ds_range,1,4,M1-M4,1786379455.140118,5.24,5.154056488607776,-0.029999070594527916,5.15414379232831,8.730372053378233e-05,0.08585620767169022,135.41364669799805,547.9662418365479
calibration,native_ds_rtk_delay_dryrun,native_ds,ds_range,1,5,M1-M5,1786379455.1403928,4.741,4.65454712671439,2.7484409594324966e-06,4.654547126715202,8.117950756059145e-13,0.08645287328479778,135.13875007629395,241.69516563415527
calibration,native_ds_rtk_delay_dryrun,native_ds,ds_range,1,2,M1-M2,1786379455.2406259,4.735,4.659539942763801,-0.019998656999410003,4.659582859494298,4.2916730497388755e-05,0.07541714050570203,34.90567207336426,75.33550262451172
calibration,native_ds_rtk_delay_dryrun,native_ds,ds_range,1,3,M1-M3,1786379455.1999116,4.785,4.893554998945349,-0.04999795183368311,4.8938104093733115,0.0002554104279628433,-0.10881040937331132,75.61993598937988,652.9252529144287
calibration,native_ds_rtk_delay_dryrun,native_ds,ds_range,1,4,M1-M4,1786379455.2186935,5.186,5.154056488607776,-0.029999070594527916,5.15414379232831,8.730372053378233e-05,0.03185620767168995,56.838035583496094,626.5418529510498
calibration,native_ds_rtk_delay_dryrun,native_ds,ds_range,1,5,M1-M5,1786379455.240289,4.768,4.65454712671439,2.7484409594324966e-06,4.654547126715202,8.117950756059145e-13,0.11345287328479792,35.242557525634766,341.59135818481445
calibration,native_ds_rtk_delay_dryrun,native_ds,ds_range,1,2,M1-M2,1786379455.317546,4.767,4.659539942763801,-0.019998656999410003,4.659582859494298,4.2916730497388755e-05,0.10741714050570206,42.014360427856445,1.5845298767089844
calibration,native_ds_rtk_delay_dryrun,native_ds,ds_range,1,3,M1-M3,1786379455.318037,4.805,4.893554998945349,-0.04999795183368311,4.8938104093733115,0.0002554104279628433,-0.08881040937331175,42.505502700805664,534.7998142242432
calibration,native_ds_rtk_delay_dryrun,native_ds,ds_range,1,5,M1-M5,1786379455.347424,4.745,4.65454712671439,2.7484409594324966e-06,4.654547126715202,8.117950756059145e-13,0.09045287328479823,71.89249992370605,448.7264156341553
calibration,native_ds_rtk_delay_dryrun,native_ds,ds_range,1,2,M1-M2,1786379455.473729,4.748,4.659539942763801,-0.019998656999410003,4.659582859494298,4.2916730497388755e-05,0.08841714050570193,198.1973648071289,157.76753425598145
calibration,native_ds_rtk_delay_dryrun,native_ds,ds_range,1,3,M1-M3,1786379455.4740007,4.799,4.893554998945349,-0.04999795183368311,4.8938104093733115,0.0002554104279628433,-0.09481040937331109,198.4691619873047,378.83615493774414
calibration,native_ds_rtk_delay_dryrun,native_ds,ds_range,1,5,M1-M5,1786379455.4384935,4.744,4.65454712671439,2.7484409594324966e-06,4.654547126715202,8.117950756059145e-13,0.0894528732847979,162.9619598388672,539.7958755493164
calibration,native_ds_rtk_delay_dryrun,native_ds,ds_range,1,2,M1-M2,1786379455.5996363,4.795,4.659539942763801,-0.019998656999410003,4.659582859494298,4.2916730497388755e-05,0.13541714050570164,324.10478591918945,283.674955368042
calibration,native_ds_rtk_delay_dryrun,native_ds,ds_range,1,3,M1-M3,1786379455.5998995,4.766,4.893554998945349,-0.04999795183368311,4.8938104093733115,0.0002554104279628433,-0.12781040937331145,324.3680000305176,252.93731689453125
calibration,native_ds_rtk_delay_dryrun,native_ds,ds_range,1,5,M1-M5,1786379455.572146,4.761,4.65454712671439,2.7484409594324966e-06,4.654547126715202,8.117950756059145e-13,0.10645287328479824,296.614408493042,673.4483242034912
calibration,native_ds_rtk_delay_dryrun,native_ds,ds_range,1,2,M1-M2,1786379455.7228205,4.767,4.659539942763801,-0.019998656999410003,4.659582859494298,4.2916730497388755e-05,0.10741714050570206,447.28899002075195,406.8591594696045
calibration,native_ds_rtk_delay_dryrun,native_ds,ds_range,1,3,M1-M3,1786379455.6913497,4.753,4.893554998945349,-0.04999795183368311,4.8938104093733115,0.0002554104279628433,-0.14081040937331135,415.8182144165039,161.48710250854492
calibration,native_ds_rtk_delay_dryrun,native_ds,ds_range,1,4,M1-M4,1786379455.7220883,5.153,5.153274947723493,-0.029999070755212937,5.153362264685139,8.731696164598901e-05,-0.00036226468513955723,446.55680656433105,668.7695980072021
calibration,native_ds_rtk_delay_dryrun,native_ds,ds_range,1,5,M1-M5,1786379455.7223427,4.777,4.652635374626203,2.747427165494809e-06,4.652635374627014,8.109068971862143e-13,0.1243646253729862,446.8111991882324,638.5152339935303
calibration,native_ds_rtk_delay_dryrun,native_ds,ds_range,1,2,M1-M2,1786379455.8187854,4.741,4.659603349269607,-0.01999865694149766,4.659646265415863,4.291614625628881e-05,0.08135373458413664,543.2538986206055,403.3482074737549
calibration,native_ds_rtk_delay_dryrun,native_ds,ds_range,1,3,M1-M3,1786379455.8190532,4.777,4.893554998945349,-0.04999795183368311,4.8938104093733115,0.0002554104279628433,-0.11681040937331133,543.5216426849365,33.783674240112305
calibration,native_ds_rtk_delay_dryrun,native_ds,ds_range,1,4,M1-M4,1786379455.7900524,5.19,5.153274947723493,-0.029999070755212937,5.153362264685139,8.731696164598901e-05,0.03663773531486125,514.5208835601807,600.8055210113525
calibration,native_ds_rtk_delay_dryrun,native_ds,ds_range,1,5,M1-M5,1786379455.791652,4.754,4.652635374626203,2.747427165494809e-06,4.652635374627014,8.109068971862143e-13,0.10136462537298563,516.120433807373,569.2059993743896
calibration,native_ds_rtk_delay_dryrun,native_ds,ds_range,1,2,M1-M2,1786379455.9122097,4.768,4.659603349269607,-0.01999865694149766,4.659646265415863,4.291614625628881e-05,0.10835373458413677,636.6782188415527,309.9238872528076
calibration,native_ds_rtk_delay_dryrun,native_ds,ds_range,1,3,M1-M3,1786379455.912467,4.788,4.893554998945349,-0.04999795183368311,4.8938104093733115,0.0002554104279628433,-0.10581040937331121,636.9354724884033,59.63015556335449
calibration,native_ds_rtk_delay_dryrun,native_ds,ds_range,1,4,M1-M4,1786379455.8840094,5.195,5.153274947723493,-0.029999070755212937,5.153362264685139,8.731696164598901e-05,0.041637735314861146,608.4778308868408,506.8485736846924
calibration,native_ds_rtk_delay_dryrun,native_ds,ds_range,1,5,M1-M5,1786379455.8842463,4.754,4.652635374626203,2.747427165494809e-06,4.652635374627014,8.109068971862143e-13,0.10136462537298563,608.7148189544678,476.6116142272949
calibration,native_ds_rtk_delay_dryrun,native_ds,ds_range,1,2,M1-M2,1786379456.0588505,4.707,4.663781497002076,-0.01999865901144654,4.663824374710221,4.2877708144928306e-05,0.04317562528977881,722.0067977905273,163.283109664917
calibration,native_ds_rtk_delay_dryrun,native_ds,ds_range,1,3,M1-M3,1786379456.060184,4.831,4.890146658197917,-0.049997953903631986,4.890402246654032,0.0002555884561150634,-0.05940224665403182,720.6733226776123,207.34715461730957
calibration,native_ds_rtk_delay_dryrun,native_ds,ds_range,1,5,M1-M5,1786379456.0583541,4.748,4.648414032078536,2.74535721661584e-06,4.648414032079347,8.109068971862143e-13,0.09958596792065322,722.5031852722168,302.5038242340088
calibration,native_ds_rtk_delay_dryrun,native_ds,ds_range,1,2,M1-M2,1786379456.1575758,4.778,4.663781497002076,-0.01999865901144654,4.663824374710221,4.2877708144928306e-05,0.11417562528977854,623.2814788818359,64.55779075622559
calibration,native_ds_rtk_delay_dryrun,native_ds,ds_range,1,3,M1-M3,1786379456.1881337,4.797,4.890146658197917,-0.049997953903631986,4.890402246654032,0.0002555884561150634,-0.09340224665403252,592.7236080169678,335.2968692779541
calibration,native_ds_rtk_delay_dryrun,native_ds,ds_range,1,4,M1-M4,1786379456.1883757,5.206,5.157288035119097,-0.029999072825161816,5.157375284149193,8.724903009582619e-05,0.0486247158508073,592.4816131591797,202.4822235107422
calibration,native_ds_rtk_delay_dryrun,native_ds,ds_range,1,5,M1-M5,1786379456.1886165,4.737,4.648414032078536,2.74535721661584e-06,4.648414032079347,8.109068971862143e-13,0.0885859679206531,592.2408103942871,172.2414493560791
calibration,native_ds_rtk_delay_dryrun,native_ds,ds_range,1,2,M1-M2,1786379456.2508726,4.795,4.663781497002076,-0.01999865901144654,4.663824374710221,4.2877708144928306e-05,0.13117562528977889,529.984712600708,28.738975524902344
calibration,native_ds_rtk_delay_dryrun,native_ds,ds_range,1,3,M1-M3,1786379456.279934,4.768,4.890146658197917,-0.049997953903631986,4.890402246654032,0.0002555884561150634,-0.12240224665403243,500.92339515686035,427.0970821380615
calibration,native_ds_rtk_delay_dryrun,native_ds,ds_range,1,4,M1-M4,1786379456.28018,5.18,5.157288035119097,-0.029999072825161816,5.157375284149193,8.724903009582619e-05,0.02262471585080661,500.67734718322754,110.67795753479004
calibration,native_ds_rtk_delay_dryrun,native_ds,ds_range,1,5,M1-M5,1786379456.280413,4.75,4.648414032078536,2.74535721661584e-06,4.648414032079347,8.109068971862143e-13,0.101585967920653,500.4444122314453,80.4450511932373
calibration,native_ds_rtk_delay_dryrun,native_ds,ds_range,1,2,M1-M2,1786379456.3593335,4.785,4.663781497002076,-0.01999865901144654,4.663824374710221,4.2877708144928306e-05,0.1211756252897791,421.5238094329834,137.19987869262695
calibration,native_ds_rtk_delay_dryrun,native_ds,ds_range,1,3,M1-M3,1786379456.38907,4.741,4.890146658197917,-0.049997953903631986,4.890402246654032,0.0002555884561150634,-0.14940224665403257,391.7872905731201,536.2331867218018
calibration,native_ds_rtk_delay_dryrun,native_ds,ds_range,1,4,M1-M4,1786379456.389316,5.207,5.157288035119097,-0.029999072825161816,5.157375284149193,8.724903009582619e-05,0.049624715850806744,391.5412425994873,1.5418529510498047
calibration,native_ds_rtk_delay_dryrun,native_ds,ds_range,1,5,M1-M5,1786379456.3897598,4.725,4.648414032078536,2.74535721661584e-06,4.648414032079347,8.109068971862143e-13,0.07658596792065264,391.0975456237793,28.90181541442871
calibration,native_ds_rtk_delay_dryrun,native_ds,ds_range,1,2,M1-M2,1786379456.519905,4.782,4.663781497002076,-0.01999865901144654,4.663824374710221,4.2877708144928306e-05,0.11817562528977898,260.9522342681885,297.7714538574219
calibration,native_ds_rtk_delay_dryrun,native_ds,ds_range,1,3,M1-M3,1786379456.5490088,4.757,4.890146658197917,-0.049997953903631986,4.890402246654032,0.0002555884561150634,-0.13340224665403255,231.84847831726074,696.1719989776611
calibration,native_ds_rtk_delay_dryrun,native_ds,ds_range,1,4,M1-M4,1786379456.5492764,5.233,5.157288035119097,-0.029999072825161816,5.157375284149193,8.724903009582619e-05,0.07562471585080655,231.5809726715088,158.4184169769287
calibration,native_ds_rtk_delay_dryrun,native_ds,ds_range,1,5,M1-M5,1786379456.5495355,4.735,4.648414032078536,2.74535721661584e-06,4.648414032079347,8.109068971862143e-13,0.08658596792065332,231.3218116760254,188.67754936218262
calibration,native_ds_rtk_delay_dryrun,native_ds,ds_range,1,2,M1-M2,1786379456.6516752,4.756,4.663781497002076,-0.01999865901144654,4.663824374710221,4.2877708144928306e-05,0.09217562528977918,129.1821002960205,429.54158782958984
calibration,native_ds_rtk_delay_dryrun,native_ds,ds_range,1,3,M1-M3,1786379456.6184895,4.77,4.891850361219433,-0.049997952233243714,4.892105860648378,0.0002554994289454271,-0.1221058606483787,162.3678207397461,725.0814437866211
calibration,native_ds_rtk_delay_dryrun,native_ds,ds_range,1,4,M1-M4,1786379456.623679,5.178,5.157288035119097,-0.029999072825161816,5.157375284149193,8.724903009582619e-05,0.02062471585080683,157.17840194702148,232.82098770141602
calibration,native_ds_rtk_delay_dryrun,native_ds,ds_range,1,5,M1-M5,1786379456.6511602,4.765,4.648414032078536,2.74535721661584e-06,4.648414032079347,8.109068971862143e-13,0.11658596792065268,129.69708442687988,290.3022766113281
calibration,native_ds_rtk_delay_dryrun,native_ds,ds_range,1,2,M1-M2,1786379456.7576978,4.762,4.663781497002076,-0.01999865901144654,4.663824374710221,4.2877708144928306e-05,0.09817562528977852,23.159503936767578,535.5641841888428
calibration,native_ds_rtk_delay_dryrun,native_ds,ds_range,1,3,M1-M3,1786379456.7579565,4.767,4.891850361219433,-0.049997952233243714,4.892105860648378,0.0002554994289454271,-0.12510586064837792,22.900819778442383,585.6144428253174
calibration,native_ds_rtk_delay_dryrun,native_ds,ds_range,1,4,M1-M4,1786379456.7173903,5.204,5.157288035119097,-0.029999072825161816,5.157375284149193,8.724903009582619e-05,0.04662471585080663,63.46702575683594,326.53236389160156
calibration,native_ds_rtk_delay_dryrun,native_ds,ds_range,1,5,M1-M5,1786379456.7201908,4.757,4.648414032078536,2.74535721661584e-06,4.648414032079347,8.109068971862143e-13,0.10858596792065267,60.666561126708984,359.332799911499
calibration,native_ds_rtk_delay_dryrun,native_ds,ds_range,1,2,M1-M2,1786379456.850291,4.701,4.663781497002076,-0.01999865901144654,4.663824374710221,4.2877708144928306e-05,0.03717562528977858,69.43368911743164,628.157377243042
calibration,native_ds_rtk_delay_dryrun,native_ds,ds_range,1,3,M1-M3,1786379456.8505216,4.782,4.891850361219433,-0.049997952233243714,4.892105860648378,0.0002554994289454271,-0.11010586064837824,69.66423988342285,493.04938316345215
calibration,native_ds_rtk_delay_dryrun,native_ds,ds_range,1,4,M1-M4,1786379456.8507564,5.181,5.157288035119097,-0.029999072825161816,5.157375284149193,8.724903009582619e-05,0.023624715850806943,69.89908218383789,459.8984718322754
calibration,native_ds_rtk_delay_dryrun,native_ds,ds_range,1,5,M1-M5,1786379456.8207326,4.733,4.648414032078536,2.74535721661584e-06,4.648414032079347,8.109068971862143e-13,0.08458596792065265,39.87526893615723,459.87462997436523
calibration,native_ds_rtk_delay_dryrun,native_ds,ds_range,1,3,M1-M3,1786379456.9823933,4.802,4.891850361219433,-0.049997952233243714,4.892105860648378,0.0002554994289454271,-0.09010586064837867,201.5359401702881,361.1776828765869
calibration,native_ds_rtk_delay_dryrun,native_ds,ds_range,1,4,M1-M4,1786379456.982631,5.218,5.157288035119097,-0.029999072825161816,5.157375284149193,8.724903009582619e-05,0.060624715850806865,201.77364349365234,591.7730331420898
calibration,native_ds_rtk_delay_dryrun,native_ds,ds_range,1,5,M1-M5,1786379456.952012,4.77,4.648414032078536,2.74535721661584e-06,4.648414032079347,8.109068971862143e-13,0.12158596792065257,171.15473747253418,591.1540985107422
calibration,native_ds_rtk_delay_dryrun,native_ds,ds_range,1,3,M1-M3,1786379457.0783296,4.76,4.891850361219433,-0.049997952233243714,4.892105860648378,0.0002554994289454271,-0.13210586064837848,297.4722385406494,265.2413845062256
calibration,native_ds_rtk_delay_dryrun,native_ds,ds_range,1,4,M1-M4,1786379457.0785685,5.208,5.158850892561634,-0.029999072277167055,5.158938115157174,8.72225955399486e-05,0.049061884842826586,297.7111339569092,575.563907623291
calibration,native_ds_rtk_delay_dryrun,native_ds,ds_range,1,5,M1-M5,1786379457.0788097,4.741,4.648414032078536,2.74535721661584e-06,4.648414032079347,8.109068971862143e-13,0.09258596792065266,297.95241355895996,717.951774597168
calibration,native_ds_rtk_delay_dryrun,native_ds,ds_range,1,3,M1-M3,1786379457.1703153,4.785,4.891850361219433,-0.049997952233243714,4.892105860648378,0.0002554994289454271,-0.10710586064837813,389.45794105529785,173.25568199157715
calibration,native_ds_rtk_delay_dryrun,native_ds,ds_range,1,4,M1-M4,1786379457.1705832,5.144,5.158850892561634,-0.029999072277167055,5.158938115157174,8.72225955399486e-05,-0.01493811515717347,389.725923538208,483.5491180419922
calibration,native_ds_rtk_delay_dryrun,native_ds,ds_range,1,3,M1-M3,1786379457.2895396,4.787,4.891850361219433,-0.049997952233243714,4.892105860648378,0.0002554994289454271,-0.10510586064837835,508.6822509765625,54.0313720703125
calibration,native_ds_rtk_delay_dryrun,native_ds,ds_range,1,4,M1-M4,1786379457.2897692,5.206,5.158850892561634,-0.029999072277167055,5.158938115157174,8.72225955399486e-05,0.04706188484282681,508.9118480682373,364.3631935119629
calibration,native_ds_rtk_delay_dryrun,native_ds,ds_range,1,3,M1-M3,1786379457.4126244,4.82,4.891850361219433,-0.049997952233243714,4.892105860648378,0.0002554994289454271,-0.07210586064837798,631.7670345306396,69.05341148376465
calibration,native_ds_rtk_delay_dryrun,native_ds,ds_range,1,4,M1-M4,1786379457.3754187,5.254,5.158850892561634,-0.029999072277167055,5.158938115157174,8.72225955399486e-05,0.09506188484282596,594.5613384246826,278.7137031555176
calibration,native_ds_rtk_delay_dryrun,native_ds,ds_range,1,5,M1-M5,1786379457.4118438,4.733,4.648982449667684,2.744771483820241e-06,4.648982449668494,8.100187187665142e-13,0.08401755033150593,630.9864521026611,647.4480628967285
calibration,native_ds_rtk_delay_dryrun,native_ds,ds_range,1,3,M1-M3,1786379457.5019288,4.77,4.891850361219433,-0.049997952233243714,4.892105860648378,0.0002554994289454271,-0.1221058606483787,721.0714817047119,158.3578586578369
calibration,native_ds_rtk_delay_dryrun,native_ds,ds_range,1,4,M1-M4,1786379457.5050738,5.253,5.158850892561634,-0.029999072277167055,5.158938115157174,8.72225955399486e-05,0.09406188484282652,724.2164611816406,149.05858039855957
calibration,native_ds_rtk_delay_dryrun,native_ds,ds_range,1,5,M1-M5,1786379457.4770577,4.734,4.648982449667684,2.744771483820241e-06,4.648982449668494,8.100187187665142e-13,0.08501755033150626,696.2003707885742,582.2341442108154
calibration,native_ds_rtk_delay_dryrun,native_ds,ds_range,1,3,M1-M3,1786379457.6518333,4.758,4.892905133793631,-0.04999795112580341,4.893160578135654,0.00025544434202284805,-0.13516057813565396,696.9025135040283,308.2623481750488
calibration,native_ds_rtk_delay_dryrun,native_ds,ds_range,1,4,M1-M4,1786379457.6518333,5.227,5.154499677268062,-0.02999907116972675,5.154586973485616,8.729621755421135e-05,0.07241302651438453,696.9025135040283,2.299070358276367
calibration,native_ds_rtk_delay_dryrun,native_ds,ds_range,1,5,M1-M5,1786379457.6521492,4.759,4.653406273858551,2.745878924126366e-06,4.653406273859361,8.100187187665142e-13,0.105593726140639,696.5866088867188,407.14263916015625
calibration,native_ds_rtk_delay_dryrun,native_ds,ds_range,1,2,M1-M2,1786379457.7484453,4.763,4.663181192470606,-0.02999865563713089,4.663277683470246,9.649099963926488e-05,0.09972231652975427,600.2905368804932,639.8930549621582
calibration,native_ds_rtk_delay_dryrun,native_ds,ds_range,1,3,M1-M3,1786379457.7788215,4.775,4.892905133793631,-0.04999795112580341,4.893160578135654,0.00025544434202284805,-0.11816057813565362,569.9143409729004,435.25052070617676
calibration,native_ds_rtk_delay_dryrun,native_ds,ds_range,1,4,M1-M4,1786379457.779107,5.245,5.154499677268062,-0.02999907116972675,5.154586973485616,8.729621755421135e-05,0.09041302651438432,569.6287155151367,124.97472763061523
calibration,native_ds_rtk_delay_dryrun,native_ds,ds_range,1,5,M1-M5,1786379457.7793682,4.744,4.653406273858551,2.745878924126366e-06,4.653406273859361,8.100187187665142e-13,0.09059372614063843,569.3676471710205,279.923677444458
calibration,native_ds_rtk_delay_dryrun,native_ds,ds_range,1,2,M1-M2,1786379457.8441129,4.796,4.663181192470606,-0.02999865563713089,4.663277683470246,9.649099963926488e-05,0.13272231652975464,504.6229362487793,544.2254543304443
calibration,native_ds_rtk_delay_dryrun,native_ds,ds_range,1,3,M1-M3,1786379457.8463979,4.763,4.892905133793631,-0.04999795112580341,4.893160578135654,0.00025544434202284805,-0.13016057813565407,502.3379325866699,502.8269290924072
calibration,native_ds_rtk_delay_dryrun,native_ds,ds_range,1,4,M1-M4,1786379457.8799613,5.199,5.154499677268062,-0.02999907116972675,5.154586973485616,8.729621755421135e-05,0.04441302651438406,468.77455711364746,225.8288860321045
calibration,native_ds_rtk_delay_dryrun,native_ds,ds_range,1,5,M1-M5,1786379457.8799613,4.746,4.653406273858551,2.745878924126366e-06,4.653406273859361,8.100187187665142e-13,0.0925937261406391,468.77455711364746,179.33058738708496
calibration,native_ds_rtk_delay_dryrun,native_ds,ds_range,1,2,M1-M2,1786379457.9714756,4.794,4.663181192470606,-0.02999865563713089,4.663277683470246,9.649099963926488e-05,0.13072231652975397,377.2602081298828,416.86272621154785
calibration,native_ds_rtk_delay_dryrun,native_ds,ds_range,1,3,M1-M3,1786379457.941768,4.8,4.892905133793631,-0.04999795112580341,4.893160578135654,0.00025544434202284805,-0.09316057813565415,406.9678783416748,598.1969833374023
calibration,native_ds_rtk_delay_dryrun,native_ds,ds_range,1,4,M1-M4,1786379457.965685,5.247,5.154499677268062,-0.02999907116972675,5.154586973485616,8.729621755421135e-05,0.0924130265143841,383.05091857910156,311.5525245666504
calibration,native_ds_rtk_delay_dryrun,native_ds,ds_range,1,5,M1-M5,1786379457.965685,4.755,4.653406273858551,2.745878924126366e-06,4.653406273859361,8.100187187665142e-13,0.10159372614063855,383.05091857910156,93.60694885253906
calibration,native_ds_rtk_delay_dryrun,native_ds,ds_range,1,2,M1-M2,1786379458.0861363,4.75,4.663181192470606,-0.02999865563713089,4.663277683470246,9.649099963926488e-05,0.08672231652975437,262.5994682312012,302.2019863128662
calibration,native_ds_rtk_delay_dryrun,native_ds,ds_range,1,3,M1-M3,1786379458.0861363,4.746,4.893988844739973,-0.049997951156011244,4.894244232520389,0.0002553877804158944,-0.14824423252038876,262.5994682312012,730.724573135376
calibration,native_ds_rtk_delay_dryrun,native_ds,ds_range,1,4,M1-M4,1786379458.0864117,5.221,5.154499677268062,-0.02999907116972675,5.154586973485616,8.729621755421135e-05,0.0664130265143843,262.32409477233887,432.2793483734131
calibration,native_ds_rtk_delay_dryrun,native_ds,ds_range,1,5,M1-M5,1786379458.0910547,4.747,4.653406273858551,2.745878924126366e-06,4.653406273859361,8.100187187665142e-13,0.09359372614063854,257.68113136291504,31.76283836364746
calibration,native_ds_rtk_delay_dryrun,native_ds,ds_range,1,2,M1-M2,1786379458.1986916,4.754,4.663181192470606,-0.02999865563713089,4.663277683470246,9.649099963926488e-05,0.09072231652975393,150.04420280456543,189.64672088623047
calibration,native_ds_rtk_delay_dryrun,native_ds,ds_range,1,3,M1-M3,1786379458.1623023,4.793,4.893988844739973,-0.049997951156011244,4.894244232520389,0.0002553877804158944,-0.10124423252038905,186.4335536956787,654.5586585998535
calibration,native_ds_rtk_delay_dryrun,native_ds,ds_range,1,4,M1-M4,1786379458.1977284,5.204,5.154499677268062,-0.02999907116972675,5.154586973485616,8.729621755421135e-05,0.04941302651438395,151.00741386413574,543.5960292816162
calibration,native_ds_rtk_delay_dryrun,native_ds,ds_range,1,5,M1-M5,1786379458.1980174,4.747,4.653406273858551,2.745878924126366e-06,4.653406273859361,8.100187187665142e-13,0.09359372614063854,150.71845054626465,138.72551918029785
calibration,native_ds_rtk_delay_dryrun,native_ds,ds_range,1,2,M1-M2,1786379458.2919173,4.753,4.663181192470606,-0.02999865563713089,4.663277683470246,9.649099963926488e-05,0.08972231652975449,56.818485260009766,96.4210033416748
calibration,native_ds_rtk_delay_dryrun,native_ds,ds_range,1,3,M1-M3,1786379458.2921617,4.767,4.893988844739973,-0.049997951156011244,4.894244232520389,0.0002553877804158944,-0.12724423252038886,56.574106216430664,524.6992111206055
calibration,native_ds_rtk_delay_dryrun,native_ds,ds_range,1,4,M1-M4,1786379458.26202,5.163,5.154499677268062,-0.02999907116972675,5.154586973485616,8.729621755421135e-05,0.00841302651438447,86.7156982421875,607.8877449035645
calibration,native_ds_rtk_delay_dryrun,native_ds,ds_range,1,5,M1-M5,1786379458.2913997,4.774,4.653406273858551,2.745878924126366e-06,4.653406273859361,8.100187187665142e-13,0.12059372614063868,57.33609199523926,232.10787773132324
calibration,native_ds_rtk_delay_dryrun,native_ds,ds_range,1,2,M1-M2,1786379458.4185824,4.764,4.663181192470606,-0.02999865563713089,4.663277683470246,9.649099963926488e-05,0.10072231652975461,69.84663009643555,30.244112014770508
calibration,native_ds_rtk_delay_dryrun,native_ds,ds_range,1,3,M1-M3,1786379458.3801491,4.757,4.893988844739973,-0.049997951156011244,4.894244232520389,0.0002553877804158944,-0.13724423252038953,31.41331672668457,436.71178817749023
calibration,native_ds_rtk_delay_dryrun,native_ds,ds_range,1,4,M1-M4,1786379458.3900642,5.197,5.151818190908453,-0.029999073650466418,5.15190553257677,8.734166831736445e-05,0.045094467423229645,41.32843017578125,706.5761089324951
calibration,native_ds_rtk_delay_dryrun,native_ds,ds_range,1,5,M1-M5,1786379458.4180021,4.75,4.653406273858551,2.745878924126366e-06,4.653406273859361,8.100187187665142e-13,0.09659372614063866,69.26631927490234,358.71028900146484
calibration,native_ds_rtk_delay_dryrun,native_ds,ds_range,1,2,M1-M2,1786379458.526453,4.749,4.663181192470606,-0.02999865563713089,4.663277683470246,9.649099963926488e-05,0.08572231652975404,177.7172088623047,138.11469078063965
calibration,native_ds_rtk_delay_dryrun,native_ds,ds_range,1,3,M1-M3,1786379458.492814,4.802,4.893988844739973,-0.049997951156011244,4.894244232520389,0.0002553877804158944,-0.0922442325203896,144.07825469970703,324.0468502044678
calibration,native_ds_rtk_delay_dryrun,native_ds,ds_range,1,4,M1-M4,1786379458.5228102,5.16,5.151818190908453,-0.029999073650466418,5.15190553257677,8.734166831736445e-05,0.008094467423229723,174.0744113922119,573.8301277160645
calibration,native_ds_rtk_delay_dryrun,native_ds,ds_range,1,5,M1-M5,1786379458.5228102,4.732,4.653406273858551,2.745878924126366e-06,4.653406273859361,8.100187187665142e-13,0.07859372614063886,174.0744113922119,463.5183811187744
calibration,native_ds_rtk_delay_dryrun,native_ds,ds_range,1,2,M1-M2,1786379458.6432064,4.71,4.663181192470606,-0.02999865563713089,4.663277683470246,9.649099963926488e-05,0.04672231652975434,294.47054862976074,254.8680305480957
calibration,native_ds_rtk_delay_dryrun,native_ds,ds_range,1,3,M1-M3,1786379458.6434593,4.784,4.893988844739973,-0.049997951156011244,4.894244232520389,0.0002553877804158944,-0.1102442325203894,294.7235107421875,173.4015941619873
calibration,native_ds_rtk_delay_dryrun,native_ds,ds_range,1,4,M1-M4,1786379458.6539316,5.174,5.151818190908453,-0.029999073650466418,5.15190553257677,8.734166831736445e-05,0.022094467423229958,305.19580841064453,442.70873069763184
calibration,native_ds_rtk_delay_dryrun,native_ds,ds_range,1,5,M1-M5,1786379458.6228368,4.746,4.653406273858551,2.745878924126366e-06,4.653406273859361,8.100187187665142e-13,0.0925937261406391,274.10101890563965,563.5449886322021
calibration,native_ds_rtk_delay_dryrun,native_ds,ds_range,1,2,M1-M2,1786379458.7652194,4.723,4.663181192470606,-0.02999865563713089,4.663277683470246,9.649099963926488e-05,0.05972231652975424,416.48364067077637,376.8811225891113
calibration,native_ds_rtk_delay_dryrun,native_ds,ds_range,1,3,M1-M3,1786379458.7600884,4.816,4.893988844739973,-0.049997951156011244,4.894244232520389,0.0002553877804158944,-0.07824423252038937,411.35263442993164,56.772470474243164
calibration,native_ds_rtk_delay_dryrun,native_ds,ds_range,1,4,M1-M4,1786379458.7603397,5.218,5.151818190908453,-0.029999073650466418,5.15190553257677,8.734166831736445e-05,0.06609446742322955,411.6039276123047,336.3006114959717
calibration,native_ds_rtk_delay_dryrun,native_ds,ds_range,1,5,M1-M5,1786379458.7605872,4.768,4.653406273858551,2.745878924126366e-06,4.653406273859361,8.100187187665142e-13,0.11459372614063845,411.8514060974121,701.2953758239746
calibration,native_ds_rtk_delay_dryrun,native_ds,ds_range,1,2,M1-M2,1786379458.8710363,4.747,4.663181192470606,-0.02999865563713089,4.663277683470246,9.649099963926488e-05,0.08372231652975426,522.3004817962646,482.6979637145996
calibration,native_ds_rtk_delay_dryrun,native_ds,ds_range,1,3,M1-M3,1786379458.8712978,4.784,4.893988844739973,-0.049997951156011244,4.894244232520389,0.0002553877804158944,-0.1102442325203894,522.5620269775391,54.43692207336426
calibration,native_ds_rtk_delay_dryrun,native_ds,ds_range,1,4,M1-M4,1786379458.894494,5.211,5.151818190908453,-0.029999073650466418,5.15190553257677,8.734166831736445e-05,0.05909446742322988,545.7582473754883,202.1462917327881
calibration,native_ds_rtk_delay_dryrun,native_ds,ds_range,1,5,M1-M5,1786379458.8947318,4.732,4.65320539772894,2.746310395318474e-06,4.65320539772975,8.100187187665142e-13,0.07879460227024992,545.9959506988525,627.579927444458
calibration,native_ds_rtk_delay_dryrun,native_ds,ds_range,1,2,M1-M2,1786379458.990535,4.768,4.663181192470606,-0.02999865563713089,4.663277683470246,9.649099963926488e-05,0.10472231652975417,641.7992115020752,602.1966934204102
calibration,native_ds_rtk_delay_dryrun,native_ds,ds_range,1,3,M1-M3,1786379458.990535,4.807,4.893988844739973,-0.049997951156011244,4.894244232520389,0.0002553877804158944,-0.08724423252038882,641.7992115020752,173.6741065979004
calibration,native_ds_rtk_delay_dryrun,native_ds,ds_range,1,4,M1-M4,1786379458.993964,5.205,5.151818190908453,-0.029999073650466418,5.15190553257677,8.734166831736445e-05,0.05309446742322965,645.2281475067139,102.6763916015625
calibration,native_ds_rtk_delay_dryrun,native_ds,ds_range,1,5,M1-M5,1786379459.0033345,4.759,4.65320539772894,2.746310395318474e-06,4.65320539772975,8.100187187665142e-13,0.10579460227025006,654.5987129211426,518.977165222168
calibration,native_ds_rtk_delay_dryrun,native_ds,ds_range,1,2,M1-M2,1786379459.0794194,4.754,4.663181192470606,-0.02999865563713089,4.663277683470246,9.649099963926488e-05,0.09072231652975393,730.6835651397705,691.0810470581055
calibration,native_ds_rtk_delay_dryrun,native_ds,ds_range,1,3,M1-M3,1786379459.0835364,4.781,4.893988844739973,-0.049997951156011244,4.894244232520389,0.0002553877804158944,-0.11324423252038951,734.8005771636963,266.6754722595215
calibration,native_ds_rtk_delay_dryrun,native_ds,ds_range,1,4,M1-M4,1786379459.0491166,5.221,5.151818190908453,-0.029999073650466418,5.15190553257677,8.734166831736445e-05,0.06909446742322967,700.380802154541,47.52373695373535
calibration,native_ds_rtk_delay_dryrun,native_ds,ds_range,1,5,M1-M5,1786379459.078627,4.746,4.65320539772894,2.746310395318474e-06,4.65320539772975,8.100187187665142e-13,0.09279460227025016,729.891300201416,443.68457794189453
