received_at,frame_id,x_m,y_m,observation_count
1785529371.579547,2220,1.4944832838541313,1.5334973746041314,3
1785529371.5796988,2221,1.4910656166639458,1.5082242072721515,3
1785529371.5799458,2224,1.4908125988763017,1.556483195100027,3
1785529371.580045,2225,1.4562970852256412,1.490243599889522,2
1785529371.6301522,2226,1.5673458169387353,1.5864627767024597,2
1785529371.6422937,2228,1.5548265994233021,1.523040637175559,3
1785529371.6500902,2232,1.5000689912133665,1.576359046617513,3
1785529371.6606312,2233,1.5413856376321418,1.5243763505000207,2
1785529371.7004387,2235,1.4928075998550967,1.5510412810439387,2
1785529371.7009828,2236,1.4965704040179741,1.5377364682430248,3
1785529371.70122,2237,1.514065467889196,1.5163401323408041,2
1785529371.7099774,2238,1.5734032502490596,1.5918158873806418,2
1785529371.7382643,2239,1.5070213059297282,1.536043985278257,3
1785529371.743069,2240,1.4667600141688937,1.630966942381982,2
1785529371.743145,2241,1.5162367371964798,1.5049766156698994,2
1785529371.7474384,2242,1.5291777016077508,1.5532284008126653,2
1785529371.7938867,2243,1.4812838365051386,1.55854694587605,3
1785529371.794003,2244,1.4852005547856062,1.5728820007967765,3
1785529371.794532,2246,1.495702073831839,1.5388384468246197,2
1785529371.826823,2248,1.4667121079217222,1.5353902324765918,3
1785529371.8445976,2249,1.480182018649557,1.5028097991339142,2
1785529371.8447304,2250,1.5697113317793483,1.6030003866145508,2
1785529371.8447804,2251,1.5239096479504932,1.5729769511162641,2
1785529371.8512378,2252,1.4914168294953154,1.5482878621227836,3
1785529371.932984,2253,1.524997888057789,1.4700515343306235,2
1785529371.9393342,2254,1.4873620248371329,1.521303291938602,2
1785529371.9395802,2255,1.524171988829156,1.5708644534783092,2
1785529371.9397113,2256,1.520429435556574,1.5380406059030896,3
1785529371.9397867,2257,1.526737263229574,1.51498235715985,2
1785529371.9399254,2259,1.5028661454497116,1.5664352001244,3
1785529371.9438202,2261,1.509334926004202,1.5142949710411158,3
1785529371.9467292,2262,1.5090043004217246,1.5620521874032745,2
1785529371.983593,2263,1.4949000319806145,1.5485208858869117,3
1785529371.9837859,2264,1.5074185023742734,1.535595954993524,3
1785529371.9839172,2265,1.532913545618965,1.5511623333683897,3
1785529371.9964876,2267,1.5340918491032922,1.5234903374687447,3
1785529372.0573878,2268,1.5175360462523972,1.52418335626786,2
1785529372.0594592,2269,1.5056873438314764,1.511071962403903,3
1785529372.0595465,2271,1.5144848031016738,1.5746153926811512,2
1785529372.0602484,2273,1.4574903774501373,1.5055772830057985,2
1785529372.06922,2274,1.5118166529461643,1.551423431277351,2
1785529372.0788188,2275,1.5102059447907754,1.6156576541087129,2
1785529372.1255114,2276,1.5237137578515805,1.5258182062718202,3
1785529372.125829,2277,1.474910720779889,1.4755186764228667,3
1785529372.1259384,2278,1.4923059285202098,1.5326124044516227,2
1785529372.1278093,2280,1.4821471966260558,1.5295237095585754,2
1785529372.164365,2281,1.4824321270489191,1.5324622988089853,3
1785529372.2070794,2282,1.5118416512461597,1.5450816525936246,2
1785529372.2075016,2283,1.5280262973383505,1.5483429873559003,2
1785529372.2076383,2284,1.481910496221394,1.5407714336996077,3
1785529372.207723,2285,1.5301691394987076,1.5235711049954,2
1785529372.2119803,2288,1.4871854242727116,1.5329223585076355,3
1785529372.2296314,2289,1.4921131669896848,1.5416137704132749,2
1785529372.2798939,2291,1.4277262711017271,1.5949362675325889,2
1785529372.2802212,2292,1.5247554625445436,1.4992870344089606,2
1785529372.4133263,2294,1.5515394834307512,1.5458796473841652,2
1785529372.2875466,2296,1.4835792381017654,1.5288344596156158,2
1785529372.339922,2297,1.4914164005854238,1.5345515304564925,2
1785529372.3426614,2301,1.4436826373125742,1.486120659328017,2
1785529372.4122756,2302,1.4804218660216817,1.4662774987423863,2
1785529372.4132948,2305,1.4872570154495321,1.5035205482840126,2
1785529372.425704,2309,1.5246344517980142,1.5429838981068715,3
1785529372.428021,2310,1.4950315405551702,1.511295032155628,2
1785529372.4912267,2312,1.5055720133930874,1.545344149902508,2
1785529372.491304,2313,1.4695786522343697,1.5013999464075996,2
1785529372.4919217,2314,1.513399440026008,1.5297238889518225,3
1785529372.4920082,2316,1.4666707961321535,1.508391536816225,2
1785529372.518511,2317,1.5435800575610543,1.5662226264808778,2
1785529372.5178866,2318,1.4821262712177747,1.533038610109993,2
1785529372.5903482,2321,1.4937605172238797,1.559285143452458,2
1785529372.590894,2322,1.5275788234934589,1.5635638109005323,3
1785529372.5918202,2323,1.4283707985895173,1.5985424563797457,2
1785529372.591933,2324,1.578801440101976,1.4891111567755322,2
1785529372.5919747,2325,1.4738788075289084,1.4950931454699834,2
1785529372.601883,2326,1.518444792426193,1.5445593102526127,3
1785529372.6076198,2328,1.4871458718550372,1.5295729374496896,2
1785529372.629964,2329,1.5440968813201428,1.5055969192307415,3
1785529372.6613717,2331,1.5075351363206315,1.5718656793215402,3
1785529372.6614428,2332,1.4956334164683103,1.5864285556056064,2
1785529372.6622014,2333,1.5426683324441548,1.6297861719777953,2
1785529372.6681738,2334,1.5309109586504164,1.5493023057413717,2
1785529372.7060146,2336,1.5413856350675088,1.524376352915436,2
1785529372.7062354,2337,1.5219460087290781,1.5505743487712302,3
1785529372.7177155,2339,1.5340342609259754,1.5538417433253433,2
1785529372.7299097,2340,1.5014122160731198,1.4957593517808452,2
1785529372.7749271,2341,1.5441388732307904,1.5279870643810254,2
1785529372.7764888,2343,1.5236631068143842,1.5477115409880027,2
1785529372.7765808,2344,1.51464335665607,1.5419275261321514,2
1785529372.7766495,2345,1.5269543446198455,1.5092753860109582,2
1785529372.8412516,2346,1.4885279573170063,1.5483309387163708,3
1785529372.8448749,2348,1.477153870238744,1.5287727659564145,2
1785529372.8449507,2349,1.4847038901125995,1.5506599936869014,2
1785529372.8450048,2350,1.5187906866800842,1.5654781462298641,2
1785529372.8495872,2352,1.482106772548767,1.5564433486377272,3
1785529372.8843064,2354,1.5502682708253128,1.5799947417109892,2
1785529372.8972335,2355,1.482634926549679,1.5285577868460127,3
1785529372.91405,2359,1.5381492268917023,1.5580194068771605,2
1785529372.9819424,2363,1.507650600875531,1.5496306577290062,2
1785529372.9826453,2364,1.497890135965912,1.5162522645777121,2
1785529373.0097032,2365,1.5574929966414977,1.4891881487701382,2
1785529373.0372114,2368,1.565713354772677,1.5028910479730984,2
1785529373.0372996,2369,1.5430967990381301,1.551655895657233,2
1785529373.0422359,2371,1.5139937858461499,1.531673503343254,2
1785529373.059554,2372,1.4739926465008748,1.5642083837478866,2
1785529373.1061358,2374,1.5049264376087055,1.4858344639741632,2
1785529373.1085515,2375,1.473825147870545,1.5834887694223008,2
1785529373.108647,2376,1.5168386041732191,1.5234665807389058,2
1785529373.108702,2377,1.551122823372025,1.5539529849894549,2
1785529373.109649,2378,1.522940155686084,1.551233071401872,2
1785529373.1228573,2379,1.4494644896167934,1.5618571560410304,2
1785529373.1749518,2380,1.5124392761704308,1.5629219868226825,3
1785529373.1750946,2382,1.4596523326732067,1.5266606088742378,3
1785529373.1791182,2384,1.532404862108907,1.5549069099218804,3
1785529373.2411883,2388,1.503217305957239,1.5681340890123932,3
1785529373.2424934,2391,1.5118012658072149,1.5841083691988875,3
1785529373.2537818,2392,1.5246673397693955,1.509981306898936,2
1785529373.2590134,2393,1.5028505320460894,1.5233574111149204,2
1785529373.3054495,2394,1.525189650360928,1.5890206526376314,3
1785529373.3061073,2396,1.5294044841938979,1.529992486482618,2
1785529373.3062327,2397,1.5405114982915897,1.5150512882255345,2
1785529373.3127153,2398,1.5112311421553182,1.5579473134098059,3
1785529373.3190532,2399,1.4736503075974765,1.603496538844159,2
1785529373.3295417,2400,1.4660370876639854,1.6295641820922968,2
1785529373.3825982,2401,1.4371843240239763,1.4937678529904548,2
1785529373.3827999,2402,1.549349735802896,1.5830428762999227,3
1785529373.3841922,2405,1.5056648851474306,1.4957493361395235,2
1785529373.4363916,2407,1.5533131483419296,1.4831827423901964,3
1785529373.4382672,2409,1.4967506249674103,1.5075440113542067,3
1785529373.4383688,2410,1.4629031138053632,1.5307855141979827,2
1785529373.4424033,2411,1.4867562270384629,1.5292089571504894,3
1785529373.486935,2412,1.5039847102800785,1.5397348771619117,3
1785529373.4917517,2416,1.4663593864793463,1.6008832936180621,2
1785529373.5333812,2417,1.5395378548239247,1.5579323324629106,2
1785529373.533453,2419,1.5298843345412605,1.4814308492557164,2
1785529373.5335543,2420,1.477211615236993,1.5360331317324802,3
1785529373.5829022,2423,1.4909026501951868,1.552304199071572,3
1785529373.583027,2424,1.4905116894194201,1.5951002531514509,2
1785529373.5831096,2425,1.5099912750114513,1.4723296624679274,2
1785529373.6268263,2428,1.5230566025657208,1.5415801517629233,3
1785529373.6379874,2431,1.5235637012376722,1.560347636459267,2
1785529373.67103,2433,1.5097050360203434,1.5099597089163053,3
1785529373.67115,2434,1.5239644583711802,1.5798593466532924,2
1785529373.6863158,2435,1.4879487746356024,1.5322180994577732,3
1785529373.7094183,2436,1.5241040315100376,1.5493966212770345,3
1785529373.731602,2438,1.5201496401344106,1.5526861382806654,2
1785529373.7316892,2439,1.416657177803655,1.5989278580596182,2
1785529373.7317696,2440,1.4710539046949012,1.569272781114984,2
1785529373.7901032,2444,1.4871265316909683,1.5340892706059592,2
1785529373.8009868,2447,1.509273440331723,1.546269625176967,3
1785529373.8102589,2448,1.577004766983522,1.4760582656445838,2
1785529373.8131268,2449,1.4842931683522949,1.5288413226120752,2
1785529373.8475177,2450,1.5486843010897793,1.5500992811208802,2
1785529373.847826,2451,1.5086021625119932,1.5501702294485544,3
1785529373.8607776,2453,1.518681053917775,1.549903062630151,3
1785529373.8727398,2454,1.4662066953996138,1.4867153169285245,2
1785529373.9834938,2456,1.4749552645869182,1.5482214146538735,3
1785529373.984723,2457,1.5322817386276155,1.5228728616540614,2
1785529373.9848557,2458,1.4789093477375088,1.5842916645318104,2
1785529373.98498,2460,1.4054076165732277,1.7025993883479826,2
1785529373.985041,2461,1.4860521129114928,1.5415297668929107,2
1785529373.9851034,2462,1.576379195379408,1.5827521031125835,2
1785529373.9851878,2463,1.5109660958857036,1.5341019751105143,3
1785529373.9852908,2464,1.52389481699548,1.4952490214324379,3
1785529373.9853647,2465,1.5202502774830757,1.537733463520288,2
1785529374.0383022,2468,1.5016887304366922,1.518609143354523,3
1785529374.0629802,2470,1.6160905865799926,1.589157711096503,2
1785529374.0630445,2471,1.460890211669787,1.5716588672789609,2
1785529374.0631008,2472,1.6320623564012724,1.4253491484530392,2
1785529374.0631368,2473,1.4729714739395985,1.517519424991908,2
1785529374.0666945,2474,1.5761511591189408,1.5917318483118685,2
1785529374.119428,2475,1.5770957479738037,1.527568150756142,2
1785529374.1195202,2477,1.5239918356237563,1.5933413087025232,2
1785529374.133728,2479,1.5611344567281467,1.5194001240045667,2
1785529374.183054,2483,1.5361861190094876,1.5482116901601528,2
1785529374.183156,2485,1.4721380834534703,1.4693091176541653,2
1785529374.2387524,2489,1.5185022290434522,1.5321988079098965,3
1785529374.251093,2492,1.4890827905807302,1.5866176366108145,2
1785529374.295754,2495,1.5153123798048405,1.534352470845156,3
1785529374.2958384,2496,1.5252398440663684,1.5256718446835091,2
1785529374.29681,2497,1.4679624471199662,1.5202887502412052,2
1785529374.3080578,2498,1.504417900647118,1.537219317297634,3
1785529374.3307576,2500,1.5047240468763121,1.523507247902938,3
1785529374.347733,2502,1.4597445000184457,1.5159334220564842,3
1785529374.3867483,2503,1.4895623219391938,1.5381466566591449,3
1785529374.3868322,2504,1.500152747910337,1.5685326977169096,3
1785529374.3868997,2505,1.4858311404248508,1.494369789503306,2
1785529374.4033008,2507,1.5735385528749155,1.586284524386117,2
1785529374.4390998,2509,1.5353910807005366,1.5589958971003668,3
1785529374.4460135,2511,1.522929426221997,1.552637332028921,2
1785529374.4607024,2513,1.5476879352306525,1.5251461196107463,2
1785529374.4932575,2514,1.4895417591298332,1.4577170365210843,2
1785529374.4938042,2516,1.485485054754358,1.5734154299595475,3
1785529374.5029244,2517,1.5000000000000604,1.4908075686908002,2
1785529374.509448,2518,1.456028527800568,1.5574141711905773,2
1785529374.5623558,2519,1.5064596135954318,1.5515360879888833,3
1785529374.5665207,2522,1.4630748023497435,1.4552937487492124,2
1785529374.5822392,2524,1.5197400545973412,1.5260346741884414,3
1785529374.6213462,2526,1.558104261494417,1.5665968702792765,2
1785529374.6216502,2529,1.4999999999999065,1.528992731986311,2
1785529374.6392937,2530,1.5663663151943408,1.5996511895659165,2
1785529374.680844,2532,1.4740605787776933,1.556356452127368,2
1785529374.6815689,2534,1.4770637659869925,1.5380106708388237,3
1785529374.6816487,2535,1.550698174934937,1.5952986346764935,2
1785529374.7407439,2537,1.545008416982814,1.5167181589945016,2
1785529374.74108,2538,1.5932269066211986,1.594643890541867,2
1785529374.7527525,2539,1.489274753312728,1.5333551062945607,2
1785529374.8668313,2553,1.4943550998542454,1.5063520125792462,2
1785529374.8778522,2555,1.508934762171568,1.585340017135187,2
1785529374.9326093,2556,1.526027439527971,1.5156921081878885,2
1785529374.9372272,2557,1.4516869098173875,1.5139163982327257,2
1785529374.9373248,2558,1.422027578210287,1.496189028027498,3
1785529374.9374616,2560,1.4806196795596245,1.5084404296730722,3
1785529374.9402168,2561,1.4936015010122203,1.4837709605558151,2
1785529374.9576128,2563,1.5132467848006053,1.5725260485144432,3
1785529375.0121577,2564,1.4492950926630248,1.6151499300570744,2
1785529375.0130644,2565,1.5458350059855708,1.5996382864069778,2
1785529375.0131493,2566,1.5179270265526137,1.5419734493309416,2
1785529375.0163503,2568,1.5252974793941962,1.545363473278172,3
1785529375.0223305,2569,1.5473722202312141,1.5239578245650574,3
1785529375.090767,2571,1.5102408479349343,1.5411597415836304,3
1785529375.0919034,2572,1.5749404862364886,1.501449971438717,2
1785529375.0922942,2573,1.5187372914203217,1.556933204371705,2
1785529375.0923207,2574,1.5776858213954332,1.5854754913247244,2
1785529375.0923991,2575,1.4355955244000127,1.602647403809353,2
1785529375.0924795,2576,1.5066793919945303,1.5578813316304772,3
1785529375.1065178,2577,1.5553635358593287,1.5273715615526535,2
1785529375.1208742,2579,1.5132859568474835,1.5392778547938941,3
1785529375.16225,2580,1.487289811374653,1.5535364320738256,3
1785529375.163303,2581,1.5510478148426314,1.5338064013370878,2
1785529375.163356,2582,1.5145392471800483,1.5633460593428476,2
1785529375.1634061,2583,1.4625813630781612,1.5522745144040755,2
1785529375.169839,2584,1.4688797613985822,1.5643918943686252,3
1785529375.1873984,2585,1.5183241811018424,1.5099602000807069,2
1785529375.2276728,2588,1.507536339524417,1.5146254847960803,3
1785529375.2278147,2589,1.5090467137537706,1.5479446049348506,2
1785529375.252926,2591,1.4914417848136388,1.5513698638920772,3
1785529375.289873,2592,1.4890776257060538,1.588038964037015,2
1785529375.2927647,2593,1.4599031867441,1.4892416762804415,3
1785529375.2930374,2595,1.4887117592216954,1.5619671515395281,3
1785529375.296224,2596,1.5079333132176205,1.5592516635628995,2
1785529375.3004425,2597,1.491508617821731,1.5027834589618692,3
1785529375.307973,2598,1.4550959723973607,1.476314719070796,2
1785529375.3549228,2599,1.5486410188700332,1.5094435971486286,3
1785529375.355077,2600,1.4821471966665332,1.529523709600132,2
1785529375.3658555,2604,1.4519662798610915,1.496520574313288,2
1785529375.4961786,2616,1.567402980617402,1.490598780677671,2
1785529375.5521562,2619,1.5816582668969315,1.5145323498319307,2
1785529375.5523188,2620,1.6144864271725363,1.4853081150641154,2
1785529375.5524795,2621,1.5113151557850484,1.550707666652475,3
1785529375.5653346,2623,1.539536353077361,1.5580462419206296,2
1785529375.5841863,2624,1.4968622804758815,1.5340372949309753,3
1785529375.6090307,2625,1.5495279521046679,1.4985622489875563,2
1785529375.6116755,2628,1.5278418496598005,1.5468329905505696,3
1785529375.6291816,2629,1.4844288434867308,1.4971862139673962,2
1785529375.6527424,2631,1.5805615236475048,1.5550796714813195,2
1785529375.6742744,2632,1.5155565583416304,1.5000000000005504,2
1785529375.6750417,2634,1.4735473062812616,1.5470881522488618,2
1785529375.6792457,2635,1.5165106462346745,1.5563898678839967,3
1785529375.6926923,2636,1.4602796428365348,1.5630685744418744,2
1785529375.7303872,2637,1.5340793746882604,1.5473979697673745,3
1785529375.7341712,2638,1.4971742345229284,1.4971742345228611,2
1785529375.7376802,2640,1.5132143305459054,1.5497228338990403,2
1785529375.7377443,2641,1.505759304501896,1.5538520595944432,2
1785529375.7474697,2642,1.4856437896508354,1.545043867889441,2
1785529375.799025,2643,1.519726080977184,1.5557384913501624,3
1785529375.7996304,2644,1.482466589218597,1.5471170954120848,3
1785529375.7997446,2645,1.4993049581592015,1.5516384060327835,2
1785529375.8010385,2646,1.456781756824832,1.5055759663178143,2
1785529375.809298,2648,1.4816178214171625,1.5584008465763481,3
1785529375.8163214,2649,1.517169087698783,1.534849414127144,2
1785529375.8681881,2650,1.4838744666560257,1.5255939744281015,2
1785529375.868295,2652,1.4802957313473841,1.5947121136708586,2
1785529375.868341,2653,1.5165122648818943,1.5455098385123316,2
1785529375.8791673,2654,1.5125204893371769,1.5236842221934515,3
1785529375.9268353,2656,1.4936628928602356,1.4872988037593446,2
1785529375.9287882,2657,1.5226764586333847,1.510188362713052,3
1785529375.9289258,2658,1.5033423665608059,1.558197547042411,3
1785529375.9290643,2659,1.551136759061543,1.511334279706164,3
1785529375.935627,2660,1.4752377418675484,1.560542603287796,3
1785529375.986578,2663,1.523340688233435,1.499298373084033,2
1785529375.9867232,2665,1.553926602713479,1.6063271293056824,2
1785529376.0100548,2666,1.529802985927898,1.5602222653064979,2
1785529376.0812874,2670,1.512526504799057,1.5478890134020464,2
1785529376.0824907,2673,1.465183789453288,1.4856926351513724,2
1785529376.1358764,2678,1.4878640863239714,1.5250218385173342,3
1785529376.162903,2680,1.5280725969144031,1.5245124785149746,3
1785529376.163129,2683,1.5467918962257288,1.5375958720047698,2
1785529376.1934695,2685,1.5000000282859334,1.5183851496362233,2
1785529376.2264655,2687,1.517226751760853,1.544851094048665,3
1785529376.243912,2688,1.4565101216576721,1.5223029467871252,3
1785529376.2440608,2689,1.5365274403535019,1.5200419565150665,2
1785529376.246684,2691,1.5211217024996149,1.551681925569301,3
1785529376.25872,2693,1.5381385136077037,1.5522870722084472,2
1785529376.2687905,2694,1.5167495358570606,1.5393809132354124,2
1785529376.316825,2698,1.4849237330000224,1.5454880546162844,2
1785529376.3208811,2699,1.5507616862190001,1.5326784296484173,2
1785529376.380743,2702,1.4667262450736918,1.5679417040146941,2
1785529376.381025,2703,1.478276610335777,1.5712446322874052,2
1785529376.3994944,2706,1.4964149068303239,1.541773223853268,2
1785529376.4495606,2710,1.454247820374318,1.5797229831500557,2
1785529376.452076,2712,1.4621629036181776,1.5375201554058135,3
1785529376.5088205,2714,1.62394581260212,1.6154335612203319,2
1785529376.5089858,2717,1.5422744021106374,1.5606699997315667,2
1785529376.5817764,2723,1.470560987909523,1.5365079522332044,3
1785529376.58189,2724,1.4470487999411246,1.5913435876334003,3
1785529376.5972257,2727,1.511106940389722,1.5553683344010674,2
1785529376.638718,2728,1.4870494281577735,1.5282553558737864,3
1785529376.6388772,2731,1.5545286281726376,1.456791083022298,2
1785529376.6586819,2732,1.505614279014673,1.5226704493951235,2
1785529376.6651938,2733,1.4811873855569382,1.5442740866562619,2
1785529376.7124872,2735,1.4538017471987426,1.575921335020324,2
1785529376.7126546,2736,1.5650064408504274,1.5028903669979445,2
1785529376.7696826,2741,1.5127884089182861,1.4857973203304262,2
1785529376.7855625,2743,1.4820573843322709,1.5348445926673493,3
1785529376.7858293,2744,1.4497247799729636,1.5352171248406605,3
1785529376.7859004,2745,1.4903098388976033,1.5641538804987773,2
1785529376.8097634,2748,1.5213732048470012,1.5224674185032947,2
1785529376.8662233,2751,1.486808508140437,1.5549215455286165,2
1785529376.8664463,2752,1.5396014302219836,1.5000000000003408,2
1785529376.9035215,2756,1.5360220549872081,1.5035782406969103,2
1785529376.9375641,2757,1.541976627921215,1.532269972916118,2
1785529376.9455283,2761,1.5401837204458428,1.5093163749252885,2
1785529377.007533,2763,1.4937772180432372,1.5673315873231182,2
1785529377.0082126,2764,1.5317685717916005,1.5050024445011767,2
1785529377.0084248,2765,1.5299905035592027,1.5661083807645448,3
1785529377.0108895,2768,1.5172348756258602,1.5051154342562827,3
1785529377.0132432,2769,1.5522870722166293,1.53813851361847,2
1785529377.039212,2770,1.4526065854877654,1.4992816356049237,2
1785529377.0393512,2771,1.5331641970783119,1.515063993772473,3
1785529377.0923116,2772,1.4934916104402285,1.5673380009103435,2
1785529377.092569,2773,1.534642281484891,1.50071531866992,2
1785529377.0927167,2775,1.5239582189638123,1.489477697231023,2
1785529377.092796,2776,1.4693396423624627,1.5440995575260936,2
1785529377.1007001,2777,1.5325610414622926,1.561566687560589,2
1785529377.1079166,2778,1.4574302002544903,1.560257850754906,2
1785529377.1180365,2779,1.5184510033811585,1.539970750270627,3
1785529377.1385038,2780,1.4917538773788293,1.4959653319584272,3
1785529377.176624,2782,1.5169853348792854,1.5434172431313753,3
1785529377.1774223,2783,1.5667287018860505,1.5207472216482416,2
1785529377.1775007,2784,1.5251285164636033,1.5455838042989196,2
1785529377.1903806,2785,1.5373367148091526,1.5114554689849162,2
1785529377.2118542,2788,1.4533174536670013,1.5687385056751044,3
1785529377.2519007,2789,1.4936495389693203,1.5063774610313123,2
1785529377.251977,2790,1.529879557967483,1.5525155080826607,2
1785529377.252045,2792,1.4860835726319024,1.543972615478104,3
1785529377.2566276,2793,1.475256196241713,1.4992986915517086,2
1785529377.3045344,2794,1.541359274251452,1.5767420027925294,2
1785529377.3046834,2795,1.519691769091652,1.5791274102649449,3
1785529377.3048205,2797,1.5246266907317347,1.5033537730085553,3
1785529377.3067534,2798,1.4809166699096434,1.4985947516580527,2
1785529377.3659961,2799,1.538592515150233,1.5294853091383378,3
1785529377.3678553,2802,1.4703554654964297,1.4943987553323572,2
1785529377.367985,2803,1.4631520140038825,1.5644408652461268,2
1785529377.3764307,2804,1.4846973960464362,1.5713271233042447,3
1785529377.3818533,2805,1.5291300590878085,1.5581337002822304,2
1785529377.4169285,2806,1.478591754494083,1.5273822191574198,2
1785529377.4200268,2808,1.511669767521951,1.5207790386119375,3
1785529377.4201043,2809,1.4850527389067592,1.519701014694287,2
1785529377.4289138,2810,1.5027277962245478,1.5437897033979533,3
1785529377.5035868,2813,1.4863903335142394,1.5387180685148574,2
1785529377.5077343,2814,1.5091380883405998,1.5046924524993388,3
1785529377.5077853,2815,1.534656314465505,1.5601248608806435,2
1785529377.5093737,2818,1.5783314153019266,1.5606347894915886,2
1785529377.5161579,2819,1.4661724611363014,1.5529274031308078,2
1785529377.5637662,2820,1.5062996385342335,1.5304711068991321,2
1785529377.5656528,2821,1.5272135751546765,1.5399446861091315,2
1785529377.5657098,2822,1.4957222518662738,1.524714302384476,2
1785529377.5705595,2824,1.4870030340289728,1.5596220339728462,3
1785529377.6359696,2826,1.495146285416415,1.5587961871860148,2
1785529377.636087,2828,1.5149943363947416,1.5291380020821808,2
1785529377.636191,2829,1.5158427531575998,1.5218036083190511,3
1785529377.636292,2830,1.5201402080926225,1.554091723768773,2
1785529377.6363578,2831,1.6116325606116892,1.4577550494270461,2
1785529377.6524942,2832,1.5574929966413515,1.4891881487702197,2
1785529377.7015698,2833,1.5281281974799992,1.5493807802810786,3
1785529377.701856,2834,1.5409779046380068,1.5027900747450504,2
1785529377.7029588,2835,1.550250541705918,1.5396391797540503,2
1785529377.7029982,2836,1.4919468682038417,1.6042871249205277,2
1785529377.703066,2837,1.5237697762902909,1.5342133312335642,2
1785529377.7654777,2840,1.515596737473347,1.5077378663849275,2
1785529377.765791,2841,1.5462100894952542,1.5157980030495841,2
1785529377.7665195,2842,1.4951117926289061,1.537540712953117,2
1785529377.7666779,2843,1.5798397027884843,1.4965572697876746,2
1785529377.770883,2844,1.4883017978545028,1.54918591716938,3
1785529377.7839785,2845,1.529177688710357,1.553228388204507,2
1785529377.8351731,2846,1.4620207515611623,1.512669915945844,3
1785529377.8355427,2849,1.5004520830404797,1.5507997411546282,3
1785529377.835645,2850,1.4905883281168206,1.5380760817898234,3
1785529377.8424475,2851,1.560965184410094,1.5277166472045534,2
1785529377.849977,2852,1.475068194191922,1.549262632223246,3
1785529377.8676264,2853,1.5155146839817624,1.553168364992828,3
1785529377.900053,2854,1.4733516047772748,1.5249704078807034,2
1785529377.900233,2855,1.558968450515185,1.5929530740579798,2
1785529377.900306,2856,1.4886949116018606,1.527511241777206,3
1785529377.9003735,2857,1.5157860547306905,1.5332353841525401,3
1785529377.9066122,2858,1.4581935911985853,1.5444606515595696,2
1785529377.9224072,2859,1.513418066921545,1.5183614329912938,3
1785529377.9661512,2860,1.4788210054170836,1.5399622071863603,3
1785529377.9663863,2861,1.4164907765539974,1.501375410566666,2
1785529377.9665449,2863,1.5428061440730314,1.5739133443048015,3
1785529377.9855466,2864,1.4756181397010784,1.5420638654207324,2
1785529377.9867032,2865,1.475449595858925,1.5242399640216404,2
1785529378.0592058,2866,1.4906569420860236,1.5312857096310053,3
1785529378.0594292,2869,1.554352841695646,1.5826666012039747,2
1785529378.0601614,2870,1.4886196004307084,1.5176110409909291,2
1785529378.0603542,2871,1.4824264970942687,1.5177818362388311,2
1785529378.0605164,2872,1.4964351419494948,1.5247790083099264,2
1785529378.061297,2873,1.518690617230096,1.5496120252231593,3
1785529378.066646,2874,1.4578348256093465,1.4811741715234554,2
1785529378.119386,2876,1.5018433644314981,1.5418813717824262,3
1785529378.1195168,2877,1.499105623441426,1.523590373987889,3
1785529378.1211514,2879,1.5632261514266648,1.5202210279005475,2
1785529378.129611,2880,1.4964719184408322,1.506356524111342,2
1785529378.17805,2883,1.5316175661619864,1.5192945513893803,2
1785529378.1794615,2884,1.5105891171369341,1.5049672593797154,2
1785529378.2112088,2887,1.5633504382611347,1.4125775858666714,2
1785529378.2263806,2888,1.5403762007747628,1.4949831858699028,2
1785529378.2728572,2892,1.5740001512334305,1.5108714615540515,2
1785529378.2970111,2893,1.545802123579368,1.5353377688867333,3
1785529378.2971342,2894,1.4669493959498099,1.483215095803462,2
1785529378.3013055,2896,1.4768421706291173,1.571000550930634,3
1785529378.3015091,2897,1.465949457143308,1.4743472370339676,3
1785529378.3189287,2898,1.4822846932855447,1.5063264968553638,2
1785529378.3191354,2899,1.5162408343817657,1.5042197395272547,2
1785529378.371854,2901,1.5348411280301948,1.516453664478525,2
1785529378.3719866,2902,1.4754845929034492,1.5285176481515526,2
1785529378.372259,2903,1.5030777218419094,1.5352334315726985,3
1785529378.3754845,2904,1.4760525766437507,1.577718398358626,2
1785529378.42818,2906,1.4753339418361773,1.5295874282904034,3
1785529378.428336,2908,1.493232928128565,1.5227875343599648,3
1785529378.4384801,2910,1.5355479360488504,1.5433287983634432,2
1785529378.4707274,2912,1.4710401225756342,1.5707021966254353,2
1785529378.4990542,2914,1.5246563639481776,1.5778800103901198,3
1785529378.4993484,2916,1.5096803606543705,1.523125111228234,3
1785529378.5017264,2917,1.515042177770724,1.5544298512566244,3
1785529378.5307436,2918,1.5418831633245889,1.5885963406449248,2
1785529378.5866878,2923,1.5224877414704492,1.5364795175330583,3
1785529378.5871787,2924,1.5237246475316049,1.5399158900489824,2
1785529378.5873501,2925,1.4724538584711593,1.4964967767269113,2
1785529378.5992305,2926,1.579299318111427,1.5764670809586827,2
1785529378.6102872,2928,1.4740913982588515,1.5527879035792127,2
1785529378.6146846,2929,1.4699795069702384,1.5322049202193477,2
1785529378.6592455,2930,1.5423907384080882,1.5783947746602607,3
1785529378.6598349,2931,1.5400191106917436,1.5652852067357999,3
1785529378.6599667,2932,1.5051715268855606,1.5261099786287582,3
1785529378.667234,2934,1.513250436741713,1.5415394250614836,2
1785529378.7159631,2935,1.4861743657723872,1.5859904600816501,2
1785529378.7164762,2936,1.5098416306314197,1.5259341151568262,3
1785529378.7165134,2937,1.481619166621907,1.5007028063989007,2
1785529378.7165754,2938,1.4788803970204083,1.4866590847486894,2
1785529378.72858,2939,1.465611297387563,1.602341456885031,2
1785529378.851691,2942,1.4628072716458822,1.47695225829015,2
1785529378.851757,2943,1.5113387089037529,1.5430618593148309,3
1785529378.8518362,2944,1.4879583207380827,1.5497234265020914,3
1785529378.8530006,2946,1.4863583676321455,1.545758742293057,2
1785529378.8530781,2948,1.4635196546564568,1.5938100048001471,2
1785529378.85314,2949,1.4711845071495577,1.4443037889415982,2
1785529378.8532693,2951,1.5376411918484827,1.520819039154626,3
1785529378.8533642,2952,1.4513036390946734,1.6273202860748406,2
1785529378.8674712,2953,1.5887148114207759,1.5378755081046167,2
1785529378.8676217,2954,1.4489447680752996,1.4666294365377108,2
1785529378.913316,2955,1.5124649159739738,1.5626852511993925,2
1785529378.9134102,2956,1.5034532920862005,1.5534973358674495,3
1785529378.913498,2957,1.5090673548385682,1.540366600020382,3
1785529378.9135427,2958,1.5597238127216952,1.5894589981733012,2
1785529378.917703,2959,1.5155512230933226,1.5289446391244272,3
1785529378.9306772,2960,1.4843755798132394,1.5408293718638313,3
1785529378.9775083,2961,1.547471461517728,1.5387959267595093,2
1785529378.9777172,2963,1.4990465879454802,1.5545845449430575,3
1785529378.9777825,2964,1.4933940627491862,1.6120473223829412,2
1785529378.9801593,2965,1.5555754556449184,1.5909729591294308,2
1785529379.021803,2966,1.4756355162848342,1.5399244045507752,2
1785529379.0441751,2968,1.4793875393899625,1.5154500386238385,2
1785529379.0464313,2969,1.508087786629971,1.523593762491384,3
1785529379.0533247,2971,1.5430664319812168,1.5446148192520732,2
1785529379.113576,2975,1.5093548503366838,1.5557971162496722,3
1785529379.116152,2977,1.529019403052175,1.5556579818697864,3
1785529379.116565,2979,1.5071597659315383,1.5373902232182437,2
1785529379.1332111,2980,1.5230761643092503,1.5334927192871182,2
1785529379.160036,2981,1.4902484177810091,1.5339341149014658,3
1785529379.184302,2982,1.4936060177775523,1.5141121823077723,2
1785529379.1847577,2984,1.461838513713236,1.54837953977863,3
1785529379.184862,2985,1.509418319641083,1.5412351637452852,3
1785529379.1997712,2986,1.5410662040301584,1.6090334109392863,2
1785529379.2483122,2988,1.4990220484705428,1.5421998002188635,3
1785529379.2484908,2989,1.501120598600959,1.5260281999833636,3
1785529379.2512841,2991,1.5359844610408822,1.548644279246492,3
1785529379.256645,2992,1.5234596290629963,1.528387423302151,3
1785529379.265542,2993,1.4822930289769034,1.5142264682394047,3
1785529379.2681265,2994,1.4718528391238743,1.4852892388152719,2
1785529379.3172452,2995,1.5073590036222357,1.5436259266480947,3
1785529379.3193707,2996,1.509127657474368,1.5510803473431938,3
1785529379.3193226,2998,1.475848804992131,1.5135437560337957,2
1785529379.3198042,2999,1.465320380911747,1.5643942958553716,2
1785529379.3306496,3000,1.5128962079716224,1.5375123988615857,3
1785529379.344216,3001,1.4943577446998286,1.5077635968056835,2
1785529379.3845067,3003,1.5358618224603122,1.5323905956251889,3
1785529379.3992493,3006,1.5162765235766118,1.5716954293585472,3
1785529379.4373858,3008,1.4801122963890887,1.5133463941167618,2
1785529379.4374938,3009,1.5240850210550934,1.5775817320647822,3
1785529379.4376042,3010,1.4652501292394338,1.5255587657350018,3
1785529379.4536932,3012,1.4891497581314503,1.5681457504493233,2
1785529379.4605246,3013,1.50497315651841,1.5141657314592254,2
1785529379.5007045,3014,1.5193425238529978,1.5610832941404302,3
1785529379.5082703,3016,1.476396239438385,1.5514646774718677,3
1785529379.5384338,3017,1.5381588793244563,1.5572604174875389,2
1785529379.569024,3019,1.518857475022964,1.512584466543981,3
1785529379.569181,3020,1.4867357804283032,1.5432172628100187,3
1785529379.569292,3023,1.5104386093406674,1.5479223605905261,2
1785529379.5750902,3024,1.5180953366686691,1.5476687906506568,2
1785529379.5974247,3025,1.488002321760332,1.5077065459127263,3
1785529379.6247008,3027,1.5235403378318721,1.5124542239924272,3
1785529379.6247852,3028,1.538740578254286,1.4881333024727823,2
1785529379.628676,3029,1.5520458944475113,1.5165482669848114,2
1785529379.6703758,3031,1.4943644716432833,1.511335064997032,2
1785529379.6868207,3033,1.5211393855787727,1.5105321927911133,2
1785529379.6869552,3034,1.5316458460339633,1.582594444348122,2
1785529379.7085786,3038,1.4730328240821555,1.489297562138336,2
1785529379.741827,3041,1.535021636052829,1.5286562415634701,2
1785529379.8468356,3043,1.4846229939838922,1.5348286309376726,2
1785529379.849548,3045,1.534089284183268,1.4871265184313482,2
1785529379.849778,3048,1.4651462487343163,1.5794337998042678,2
1785529379.8498576,3049,1.4886356222693875,1.5133843652215333,2
1785529379.8499305,3050,1.54294779859179,1.5620513721718021,2
1785529379.8499985,3051,1.497138009583708,1.5353915468713655,2
1785529379.8504207,3052,1.5015195508935333,1.5530128261878542,3
1785529379.8836296,3053,1.5402413653942695,1.5050165887327067,2
1785529379.8997183,3054,1.5633882759836886,1.545698923226836,2
1785529379.9001834,3055,1.446291865141238,1.577772845470214,2
1785529379.900272,3056,1.5020546869835207,1.546737154284845,3
1785529379.9024014,3057,1.542248436504546,1.5129085309514108,2
1785529379.9441876,3059,1.4840212949378138,1.5803586063088733,2
1785529379.9498265,3060,1.4670238429184437,1.5867590716992919,2
1785529379.9444842,3061,1.4600924321272897,1.4699946152650936,2
1785529379.9784012,3062,1.5442207836488349,1.569694974446706,2
1785529379.98711,3064,1.4838729669849804,1.6081298038626455,2
1785529379.9871807,3065,1.522974662665905,1.5456079919989478,2
1785529379.9999175,3066,1.545540004859028,1.5738466656088603,2
1785529380.0473378,3068,1.5045941063322248,1.5217385035596749,3
1785529380.048367,3070,1.5133910992052564,1.509855459173901,2
1785529380.0484247,3071,1.509240074923545,1.5155087164542518,2
1785529380.0557177,3072,1.4967037450802798,1.4981544813061158,3
1785529380.065689,3073,1.5294044446425052,1.5299925245222774,2
1785529380.0665207,3074,1.5448079512393686,1.5766538280794429,2
1785529380.077593,3075,1.5477573515149672,1.5236627380380277,2
1785529380.1240113,3076,1.4888680475988376,1.5486160447295654,2
1785529380.1245835,3077,1.5292109160532557,1.5074574649797718,3
1785529380.124656,3078,1.499291224949751,1.5070694170237684,2
1785529380.1415737,3080,1.4841116802912246,1.5633175421636736,2
1785529380.1746476,3084,1.499298866350383,1.4745491886148805,2
1785529380.2206268,3086,1.5028673948976994,1.541055253887802,2
1785529380.2210937,3088,1.527742835458089,1.517842197817322,2
1785529380.2739909,3092,1.4756138774959917,1.5467127833215137,3
1785529380.2754207,3093,1.5420546595945026,1.536502853684691,3
1785529380.2755454,3094,1.5637552302480469,1.5283832179264798,2
1785529380.2808857,3095,1.515308141235267,1.5075161389876774,3
1785529380.2900755,3096,1.5096218007217879,1.5151314113735748,3
1785529380.3070931,3097,1.561284701115057,1.5577463853632714,2
1785529380.326459,3099,1.4806448449479521,1.5487655312499329,3
1785529380.3489869,3102,1.5467903448420315,1.58217834350012,2
1785529380.3602476,3103,1.4362975676831529,1.6040705086627158,2
1785529380.3724432,3104,1.4995471012454362,1.5366400484945222,3
1785529380.3803022,3105,1.5177153966268333,1.5604343302903712,3
1785529380.4280324,3106,1.4787216225461206,1.5091274635630343,2
1785529380.4281747,3108,1.4554609982701525,1.534068252613651,3
1785529380.4282815,3110,1.527606806139976,1.5728870292964288,2
1785529380.441826,3111,1.5281149165728343,1.501774848506342,3
1785529380.504878,3116,1.4753266943331118,1.577737215227608,2
1785529380.5176084,3119,1.511501315932033,1.5493146981259196,2
1785529380.5589075,3120,1.5085835993652437,1.5345515305052542,2
1785529380.6175516,3126,1.5229990896611962,1.552923968294859,3
1785529380.6176028,3128,1.469769726831313,1.4824992597854967,2
1785529380.626866,3129,1.53235596142401,1.532588716853873,3
1785529380.6613305,3132,1.515765861597489,1.5400974119776636,2
1785529380.6697845,3133,1.513160974287764,1.551255054270399,3
1785529380.697768,3135,1.5315206348915025,1.5945086699271105,2
1785529380.720989,3136,1.4861358951610126,1.5319375508070758,3
1785529380.7212086,3137,1.526729923858901,1.5283001979670934,3
1785529380.721327,3139,1.4818333395542223,1.5818416380520428,2
1785529380.7299206,3140,1.5126379751628978,1.521303291938581,2
1785529380.762334,3141,1.495431092143873,1.5570714988129188,3
1785529380.7974448,3142,1.5028680730716024,1.5417632503549945,2
1785529380.799248,3144,1.4828868992345692,1.5229315920607658,3
1785529380.7996454,3145,1.5116279761489138,1.5140155272470328,3
1785529380.7997873,3146,1.4816277864188505,1.4978916212053317,2
1785529380.8179193,3148,1.467718463177152,1.545882456183207,3
1785529380.8244188,3149,1.506277750130392,1.5409302724895644,2
1785529380.896561,3152,1.5013359688949395,1.5499110568056964,3
1785529380.8967457,3154,1.5136578449885818,1.5605002167540916,3
1785529380.8971248,3156,1.5320824244446225,1.5244862986859096,2
1785529380.9115033,3157,1.5564119763041082,1.546119110435546,2
1785529381.013914,3159,1.5181115094726314,1.5449875104687814,2
1785529381.0140615,3160,1.5546920680728067,1.4870378412298533,2
1785529381.0141976,3161,1.5111411719555645,1.5339923939463127,3
1785529381.0143063,3162,1.513915203452737,1.5485709517275517,2
1785529381.0144045,3163,1.5568478351997213,1.5505369292806257,3
1785529381.014561,3164,1.520851140329675,1.5229581002593047,3
1785529381.0146976,3165,1.499999999999924,1.4321003555651048,2
1785529381.0172856,3168,1.5536425717382345,1.4548473095715873,2
1785529381.027906,3170,1.4843189255133433,1.5239170545064724,2
1785529381.037044,3171,1.544499026731331,1.5508662023654178,2
1785529381.077664,3172,1.4660674367547808,1.56223136241988,2
1785529381.0778484,3173,1.518385121558552,1.5000000000002323,2
1785529381.0784204,3174,1.5634796518948286,1.6066825095880812,2
1785529381.099052,3175,1.4891804739092085,1.5596233461124622,2
1785529381.0993261,3176,1.4925387182469236,1.5488695776954058,3
1785529381.1160777,3177,1.5424339015551007,1.5207303618670012,3
1785529381.1279557,3178,1.481597642062379,1.5028111319903255,2
1785529381.131462,3180,1.535974240889877,1.527537593405093,3
1785529381.1763682,3182,1.5279310666466974,1.537832939911274,2
1785529381.182408,3184,1.5174888267178772,1.5286128339377847,3
1785529381.2186184,3185,1.4830132175861988,1.5028124282140078,2
1785529381.2187474,3187,1.531748509889544,1.51748538321782,3
1785529381.2188509,3188,1.4924779866789868,1.555269100768983,3
1785529381.2325122,3189,1.5280042477088787,1.5299785197916025,2
1785529381.2674046,3191,1.5062569660652774,1.530807005434402,3
1785529381.2675114,3193,1.5114040240759912,1.5586177022023007,3
1785529381.3164585,3195,1.5305399668410524,1.54029032890181,3
1785529381.31914,3196,1.4997283310321379,1.5407922215220964,3
1785529381.31925,3197,1.5016777292928192,1.5482525760400818,3
1785529381.3193269,3198,1.4462388083039779,1.500694550767526,2
1785529381.3312325,3200,1.491007836661395,1.5401111586071083,3
1785529381.3708136,3201,1.4806828514582653,1.5351308302895028,2
1785529381.3747845,3202,1.5308638713992146,1.5917258256278894,2
1785529381.375806,3203,1.4919712374129221,1.5564327698666427,3
1785529381.3759952,3204,1.4641897341711017,1.5303369915457263,3
1785529381.383996,3205,1.5208072057097035,1.5272668008253445,3
1785529381.4352036,3206,1.5035715944175208,1.5304433793680916,2
1785529381.4395013,3208,1.5104150665057345,1.5271036707644383,3
1785529381.4396064,3209,1.5511515718943392,1.4863338351945918,2
1785529381.439702,3210,1.5160279968937642,1.589612709485119,2
1785529381.4655442,3212,1.5104951589165831,1.4682895383683028,2
1785529381.5139384,3214,1.4634581645887965,1.481138848414765,2
1785529381.514553,3216,1.4943124441339946,1.5162328897813484,2
1785529381.5146382,3217,1.4619904685569702,1.4860357066423078,2
1785529381.5199723,3218,1.4915726897925654,1.520564304161445,2
1785529381.529825,3220,1.5061756880734218,1.5280600416401546,3
1785529381.5634143,3222,1.5360767211393291,1.5573001978285916,2
1785529381.571829,3224,1.555402652189984,1.4870347725715871,2
1785529381.5805016,3225,1.52275632362502,1.5299609342958416,3
1785529381.6269312,3226,1.5518023580007636,1.5709102068809904,2
1785529381.627024,3228,1.518384306394396,1.5311696580496765,3
1785529381.6273937,3229,1.514236384018131,1.5198936043435518,2
1785529381.6275966,3230,1.588419725531003,1.594795543590689,2
1785529381.6376972,3231,1.5048450903967732,1.5315132326903527,3
1785529381.6743536,3232,1.5196841789499216,1.552645374991029,3
1785529381.6744561,3233,1.5643787929066872,1.466043130371138,2
1785529381.6745179,3234,1.5388529584446349,1.5572471653413307,2
1785529381.6799145,3235,1.4786397164467806,1.5206531074348622,2
1785529381.6920555,3236,1.4777603314435135,1.551947233499425,2
1785529381.705776,3237,1.485056242227847,1.518997398629584,2
1785529381.7431498,3238,1.5464024612270726,1.5626766643346175,2
1785529381.7435298,3239,1.4863208975208464,1.553994443895547,2
1785529381.743629,3240,1.5305854501266676,1.551440919932183,2
1785529381.743822,3241,1.520097815557945,1.560417417951408,2
1785529381.746545,3242,1.4948815485611442,1.600637219291983,2
1785529381.7583911,3243,1.5168461049404591,1.5275146657204555,3
1785529381.8027012,3244,1.4861327198389453,1.5843444269134077,3
1785529381.8029013,3245,1.5251144207418335,1.562406742463683,3
1785529381.8031683,3246,1.5612536812611535,1.5817830734330394,2
1785529381.8162136,3248,1.5262202416502106,1.4919500520827935,3
1785529381.8288817,3250,1.532017029352698,1.5475788530534889,2
1785529381.8434038,3251,1.523048763248293,1.5399751714934542,3
1785529381.881539,3252,1.4733053613653926,1.5564280543540607,3
1785529381.8822238,3253,1.5251679602855335,1.5342292803807678,2
1785529381.882302,3254,1.53542389982207,1.553816808737832,2
1785529381.882362,3255,1.4578810441733006,1.5796264671858848,2
1785529381.9008696,3256,1.5835519365677881,1.497091730972357,2
1785529381.9585114,3257,1.4594467880328788,1.5181382896688047,2
1785529381.9589758,3258,1.4832489754376417,1.5391119629821846,2
1785529381.9595602,3259,1.5187460617498334,1.5583352916007132,2
1785529381.9596457,3260,1.5460223933311332,1.4964098158977008,2
1785529381.959729,3261,1.5265787273870404,1.544711068445191,3
1785529381.9598196,3262,1.5201072282184462,1.5590116260451086,2
1785529381.959862,3263,1.5156773989465882,1.5232135967039628,2
1785529382.0116098,3264,1.5191145285346948,1.5233699987232572,3
1785529382.0160563,3266,1.4884645664023424,1.5582170971880922,2
1785529382.016126,3268,1.4709191163343145,1.5091037284985522,2
1785529382.0225577,3269,1.5386349318082937,1.5200560561106127,2
1785529382.0403688,3271,1.5373054661802734,1.5139675344098387,2
1785529382.0835705,3272,1.4881682497211763,1.5418111960707028,3
1785529382.0928934,3274,1.4568620264062015,1.4999999999999039,2
1785529382.0929563,3275,1.5083802683162637,1.5373750183965766,2
1785529382.1000085,3277,1.5166978609974655,1.5630419587742521,3
1785529382.1073833,3278,1.5292021236879518,1.5957277972659243,2
1785529382.1446388,3279,1.5077431814662852,1.5247311392748746,3
1785529382.1451077,3280,1.451421553870617,1.5338098954350379,3
1785529382.1452117,3281,1.5128966920823654,1.5211423275652776,3
1785529382.1485734,3282,1.4809612828724648,1.4915683288590633,2
1785529382.1581295,3283,1.533765617994165,1.5776364611697882,2
1785529382.2040265,3284,1.471616156727571,1.5864090471182635,2
1785529382.2094529,3286,1.5452028743958013,1.5961710772316313,2
1785529382.2366173,3289,1.5237177472721775,1.5347167767045538,3
1785529382.2920938,3292,1.4796721459663087,1.579049921348261,2
1785529382.292729,3293,1.5314985860587917,1.5724754440985984,3
1785529382.292804,3294,1.472658988738404,1.4740734252126133,2
1785529382.309602,3296,1.5007379669165284,1.5569264134188228,3
1785529382.3199415,3298,1.5792628806945117,1.5778467291461595,2
1785529382.3224955,3299,1.470400567809218,1.562141551234416,2
1785529382.3396618,3300,1.4796190189044487,1.5868915187522457,2
1785529382.3547435,3302,1.4628483849561793,1.530786022649674,2
1785529382.358401,3303,1.5107017555603246,1.5267754418470414,2
1785529382.4199896,3306,1.502916349896831,1.591877650361562,2
1785529382.4371371,3311,1.4378086388083,1.6018485039463994,2
1785529382.4993777,3312,1.4789609681835476,1.5769302564200007,2
1785529382.4999475,3314,1.452288464796126,1.4763368990644314,2
1785529382.5001192,3316,1.4813795720936467,1.57141967580111,3
1785529382.5202887,3318,1.5639060983587827,1.5865619601595997,2
1785529382.5542421,3320,1.4781788557935849,1.5203047141672068,3
1785529382.5643492,3322,1.5374299274875929,1.5600692919244104,2
1785529382.6183665,3325,1.534793877159738,1.5482340504698155,2
1785529382.618428,3326,1.4391193095850836,1.468124542996185,2
1785529382.6184993,3328,1.5458354790731508,1.5086159345992511,2
1785529382.625432,3329,1.4986248649316432,1.5360751873332015,3
1785529382.6586523,3331,1.5377439056836153,1.5314985723758285,3
1785529382.6777313,3332,1.487935409576079,1.5363162429259922,3
1785529382.6777,3333,1.5146398883163434,1.5426382561587693,2
1785529382.6780298,3335,1.5368307330435595,1.5523939611425897,2
1785529382.7274163,3336,1.518992878598979,1.515655374853386,2
1785529382.7280426,3337,1.5030591299695055,1.535845615626999,3
1785529382.7281332,3338,1.4467099231570448,1.474296646799673,2
1785529382.7290587,3339,1.556652293987727,1.5309941512212744,3
1785529382.7320192,3340,1.451200791117351,1.5884386073527754,2
1785529382.7991457,3343,1.5320233080322907,1.5369391452076788,3
1785529382.799171,3344,1.5266230597706871,1.5278241667507262,2
1785529382.799215,3345,1.5071957911069918,1.5524595732096476,2
1785529382.801,3346,1.5390251350795467,1.5439767767024282,2
1785529382.8109384,3348,1.4907294478647917,1.525378178923225,2
1785529382.862601,3349,1.5018219359800191,1.5210813526311868,3
1785529382.8629107,3351,1.5472377521401415,1.5536053075704495,2
1785529382.8630838,3352,1.5212795949035696,1.5361473624371538,3
1785529382.867222,3353,1.5226710954208147,1.494300226204317,2
1785529382.8778255,3355,1.5075983690309773,1.570200321279264,2
1785529383.0090077,3357,1.5076904744497883,1.534030433945532,2
1785529383.0105157,3360,1.5475511023385529,1.5337670364700466,2
1785529383.010619,3361,1.5185874433896867,1.580428559371821,2
1785529383.0107124,3363,1.5133432299450587,1.5205979946187798,2
1785529383.0108106,3364,1.564501243723723,1.4934977561153047,2
1785529383.0109954,3367,1.503405836008667,1.5584058739043214,3
1785529383.0122325,3368,1.4591276076375046,1.570962345631272,3
1785529383.042372,3369,1.5296272524021541,1.5128954370868486,3
1785529383.0552778,3370,1.5439155155906434,1.5432081106305706,2
1785529383.0553544,3371,1.5244519151674945,1.5503013043721614,3
1785529383.0554724,3372,1.5043275306573476,1.5338848990727463,3
1785529383.065271,3373,1.5708671040992752,1.4942079650055407,2
1785529383.1259117,3376,1.5367124216247898,1.4951104432386253,2
1785529383.1260355,3377,1.4929189235386098,1.5042326370308632,2
1785529383.1299295,3380,1.5015738130971823,1.5420166950811198,3
1785529383.1499078,3382,1.544724753780335,1.582234963272848,2
1785529383.1576684,3383,1.4806721944114158,1.575561689655444,3
1785529383.203551,3384,1.4650713580033428,1.5858816065614918,2
1785529383.2036252,3385,1.5034957164942098,1.533982878345166,2
1785529383.2105858,3386,1.4979295899619829,1.572903811523009,2
1785529383.270849,3390,1.513388823762899,1.5600109378680957,3
1785529383.2749972,3391,1.516993672229009,1.5741667808777924,3
1785529383.3035033,3394,1.5203278540170888,1.5790499213283005,2
1785529383.3346436,3396,1.4605315832123502,1.543970277411103,2
1785529383.3347337,3397,1.4609244303337325,1.513959298062327,2
1785529383.3392844,3401,1.5135886855495428,1.5340973723057028,2
1785529383.3540056,3402,1.5230840641151433,1.5598676722153337,2
1785529383.3991816,3404,1.479939238031838,1.5393374331162346,2
1785529383.3993063,3405,1.519329249251972,1.5370100358688628,2
1785529383.399464,3406,1.490058481369892,1.5126859074223948,2
1785529383.4552147,3408,1.4866219103440934,1.5397615007503478,3
1785529383.4554362,3409,1.5499137356238015,1.5598198508840024,2
1785529383.4560502,3411,1.4805260214644775,1.5537133703076178,3
1785529383.4561598,3412,1.520665603829978,1.523175031944301,2
1785529383.4635897,3413,1.5337711389592081,1.452081483628863,2
1785529383.5111434,3415,1.5148115779442521,1.504362197194859,3
1785529383.512295,3417,1.5470433750463681,1.5446914147480557,3
1785529383.5200534,3418,1.509008545803743,1.5606412542779096,2
1785529383.527808,3420,1.5306032664491316,1.5192879937611863,2
1785529383.5624468,3421,1.5159486879897117,1.5303959831122944,3
1785529383.6210418,3427,1.4936084056208576,1.577117776030673,3
1785529383.6211245,3428,1.5266230598392303,1.527824166677342,2
1785529383.6211782,3429,1.4668258727566394,1.4944053400435673,2
1785529383.6259582,3430,1.5632766336526571,1.583807362373312,2
1785529383.6674857,3431,1.4778978194663381,1.5436167045419622,3
1785529383.6798685,3432,1.510831852612474,1.518639751944269,3
1785529383.680066,3433,1.5337014083302902,1.521453380412855,2
1785529383.684101,3435,1.5117985932087554,1.5096972145011052,3
1785529383.6898072,3436,1.4804957084817887,1.5640693050609342,2
1785529383.7004073,3437,1.532548278557773,1.5273604519031163,3
1785529383.7081177,3438,1.5164614668966592,1.5362635144407608,2
1785529383.7601964,3440,1.507681394166401,1.537575687106955,2
1785529383.7603455,3441,1.5030026088724635,1.5333520489140176,3
1785529383.7605054,3443,1.505156485321418,1.5680913840319561,3
1785529383.7687426,3444,1.453875919109455,1.5567369153455428,2
1785529383.7814293,3445,1.5177535865277072,1.4871964177001935,2
1785529383.8224597,3446,1.5048861224217955,1.5388308516595386,2
1785529383.8233619,3448,1.509362452005785,1.554991710955838,2
1785529383.823411,3449,1.5099276819915308,1.5085134417057215,2
1785529383.827374,3450,1.5214199155452888,1.5878191074612473,3
1785529383.837297,3451,1.5023085967475895,1.570950421271528,3
1785529383.8667898,3452,1.519958374179709,1.533322550971309,3
1785529383.9017603,3453,1.4825838242266174,1.510310566091576,3
1785529383.901876,3454,1.4767573720111624,1.4880718579608647,2
1785529383.9019747,3456,1.5335251507754448,1.5371855800075345,2
1785529383.9020512,3457,1.5207415325444578,1.5341788125462816,2
1785529383.984891,3458,1.4874187289003309,1.5347961824521574,2
1785529383.9953542,3459,1.5051073656006022,1.5596292212593592,3
1785529383.995494,3460,1.5140711997772154,1.5243548350691216,3
1785529383.9955828,3461,1.5319598815338948,1.526236545688664,3
1785529383.9956732,3462,1.4603340251440213,1.504884746856853,2
1785529383.995739,3463,1.5328687161921433,1.5965675590494877,2
1785529383.9958017,3464,1.5517038220522246,1.5458770953253997,2
1785529383.9958653,3465,1.560226691483314,1.5295805593904246,2
1785529384.0007615,3466,1.5273485596530627,1.566612209373527,3
1785529384.0424914,3468,1.4747832719252618,1.5561048643800905,2
1785529384.0427475,3469,1.530502290376841,1.5812665801844863,3
1785529384.0427938,3470,1.5605367720201828,1.5831901436078357,2
1785529384.0535436,3471,1.593552668527562,1.4255691225603542,2
1785529384.0547166,3472,1.4701671107774523,1.585735773470839,2
1785529384.0758023,3474,1.5035106537372127,1.5211889224218444,2
1785529384.1289182,3475,1.5775275319800086,1.5005463736742197,3
1785529384.12914,3477,1.539353690101174,1.5746628110922714,3
1785529384.129293,3479,1.5027408578012176,1.5180859371027513,3
1785529384.1305885,3480,1.4791668038817953,1.542236057189013,3
1785529384.143396,3481,1.513887153712169,1.5198141015655462,3
1785529384.2150645,3483,1.500000004374737,1.5438452989410827,2
1785529384.2150867,3484,1.5366409236525778,1.5107369972075542,2
1785529384.2151423,3485,1.512843038408767,1.5269864202686936,2
1785529384.2153153,3487,1.523393512418784,1.5821196773876671,2
1785529384.2153594,3488,1.5253782111078629,1.5092705206375763,2
1785529384.2786226,3491,1.514739436821218,1.5526624642307707,3
1785529384.2790346,3492,1.4284965388531154,1.5855868155897004,3
1785529384.2791135,3493,1.530053842835749,1.5465648640071163,3
1785529384.2791848,3495,1.5077882401572291,1.5444963656882589,3
1785529384.2934783,3496,1.5416436224675887,1.505735926210374,2
1785529384.3455849,3497,1.5042990961607308,1.539658230834298,2
1785529384.3496842,3499,1.5410115247652796,1.5516231817953492,2
1785529384.3498561,3500,1.5007151693891452,1.5339351870397089,2
1785529384.349926,3501,1.5321665822741495,1.5335943558270047,2
1785529384.3506277,3502,1.505595976312573,1.5324681969422818,2
1785529384.3759403,3503,1.545293461030794,1.552265039188241,3
1785529384.4143822,3504,1.52291920567995,1.486273525563683,3
1785529384.4145582,3505,1.530781175556284,1.560653901862842,3
1785529384.414716,3506,1.4866183248860467,1.4880325889328805,2
1785529384.41482,3508,1.4967064257152893,1.5592066716863444,3
1785529384.451673,3510,1.5069018909456053,1.5726859699699065,2
1785529384.4813714,3511,1.480192499220618,1.5617707093933617,3
1785529384.4817822,3512,1.5162370271868777,1.4950769627399432,2
1785529384.481926,3513,1.5037954441519017,1.5012134009976101,3
1785529384.4861386,3516,1.5299984016065222,1.5299984016062174,2
1785529384.534621,3517,1.5531735690392892,1.5869356194989888,3
1785529384.5406482,3520,1.4632049235354998,1.6196390553921705,2
1785529384.5408163,3521,1.506913090301438,1.529001448456621,3
1785529384.5928094,3524,1.4932905251949835,1.527381627130095,3
1785529384.5984921,3525,1.5206083882223198,1.5868981121043582,2
1785529384.600677,3527,1.4860076103827953,1.531970376638921,2
1785529384.651912,3529,1.5034362732512156,1.5311121993330017,3
1785529384.6521177,3531,1.52121875842664,1.4992878861040124,2
1785529384.6521854,3532,1.5239796451474787,1.5078406205048474,2
1785529384.6649075,3533,1.5583891079105152,1.5519198067805264,2
1785529384.7121823,3536,1.5286975367908453,1.5306994455898464,2
1785529384.7123184,3537,1.5683188479101096,1.5434078798364217,2
1785529384.7172315,3539,1.5480565175712466,1.457602907412464,2
1785529384.7678945,3543,1.4658478794139873,1.532514455961375,3
1785529384.7777033,3544,1.4937834754302186,1.546160103322597,3
1785529384.782406,3545,1.4720090477036625,1.5314060557283025,2
1785529384.8307257,3546,1.4872659798309518,1.501408216240893,2
1785529384.8311505,3548,1.509140829431432,1.5407762764980975,3
1785529384.8312447,3549,1.5028364455131147,1.5084933401302891,2
1785529384.8313394,3550,1.4338433932280366,1.483936749029829,3
1785529384.8489244,3551,1.4851962320372583,1.5092379039769932,2
1785529384.8705144,3553,1.5249734656923861,1.557512671854777,2
1785529384.9264214,3555,1.5247065183318618,1.5345725382582374,3
1785529385.004582,3556,1.4986069458185123,1.545238971598735,2
1785529385.0046656,3557,1.4759463125432066,1.5014028818215974,2
1785529385.0047653,3558,1.4951210392740888,1.5432082248496413,2
1785529385.0048983,3559,1.522241733547141,1.5498528975813672,3
1785529385.0056202,3560,1.4935253408212623,1.5517380140648827,2
1785529385.005743,3562,1.5416391028379728,1.5564962880453446,2
1785529385.0058336,3563,1.5187097164294983,1.5300935672557066,3
1785529385.005897,3564,1.459070968966773,1.598974826475674,2
1785529385.0059638,3565,1.5684838215574775,1.5361740586203978,2
1785529385.0060325,3566,1.5904122289433444,1.5741243303410486,2
1785529385.0102873,3568,1.4921979912648395,1.5091685557740115,2
1785529385.0696552,3569,1.5510045447056844,1.4949654152140273,2
1785529385.0883813,3575,1.5202262691506514,1.5412935383015758,2
1785529385.139513,3577,1.4775406903743724,1.5224593096362036,2
1785529385.2030475,3583,1.5199852112034242,1.5772909735299447,2
1785529385.2295713,3589,1.5000000000000588,1.510606668010597,2
1785529385.2738874,3593,1.523090906495299,1.5315775966566239,2
1785529385.273946,3594,1.5256613392221867,1.5582009589359014,2
1785529385.3345938,3597,1.5783448547431316,1.506532285519897,2
1785529385.3387227,3598,1.543087768996323,1.5522848012051567,2
1785529385.3387988,3599,1.4975863054955754,1.5365827783843633,3
1785529385.3390472,3600,1.4956418230190185,1.526541089734217,3
1785529385.3448942,3601,1.5083106538344178,1.5624115273124324,2
1785529385.3872397,3604,1.5681457894355508,1.489149720401399,2
1785529385.4202352,3607,1.5034425198601682,1.5800232822160492,2
1785529385.420319,3608,1.5367284643680745,1.5035790831125897,2
1785529385.4778385,3615,1.4783332679485521,1.5634028050877526,2
1785529385.5350492,3617,1.4957662998592416,1.5063550336594584,2
1785529385.5375302,3618,1.4908854744316102,1.5255342257489068,2
1785529385.5375922,3620,1.5314956886354782,1.53149508680603,3
1785529385.5388336,3621,1.4640942082512607,1.4867246658189257,2
1785529385.5474994,3622,1.6073591432151315,1.5832690222601038,2
1785529385.6019378,3623,1.5503982182830995,1.5111253449642714,2
1785529385.6024594,3627,1.4988075207553113,1.5649747619490089,3
1785529385.614505,3628,1.5181425821387875,1.5398416908099917,2
1785529385.6159189,3629,1.5317281331692478,1.5586103717192306,2
1785529385.6679685,3630,1.506751440366496,1.5387057745442165,3
1785529385.6686833,3632,1.51077203952463,1.5343770763351776,3
1785529385.6687853,3633,1.515931862126729,1.5618590040860807,2
1785529385.6688578,3634,1.4812042847018259,1.546968115810975,2
1785529385.6777165,3635,1.3959886265334853,1.625286452929386,2
1785529385.711403,3636,1.553103348034761,1.4998727696684122,3
1785529385.7232878,3637,1.5732418474490324,1.4840591133745815,2
1785529385.7299807,3640,1.52570768390499,1.5527843678117546,2
1785529385.7459607,3641,1.5419264909471113,1.5358554142188645,2
1785529385.7903967,3644,1.4584479439307507,1.5627780841036416,2
1785529385.7992492,3647,1.5393186790067732,1.5214935780402339,2
1785529385.8104236,3648,1.481209415295177,1.547789102219314,2
1785529385.8674662,3651,1.5027853873733426,1.5460100459722257,2
1785529385.8675144,3652,1.5483198099375826,1.5294634722269813,2
1785529385.867558,3653,1.4908463681916786,1.4873107405733441,2
1785529385.8694959,3654,1.4781622270409391,1.5113964470442258,2
1785529385.9977837,3655,1.499051937832956,1.5542317800333272,3
1785529386.0000234,3657,1.5543386527392233,1.5064802710995602,2
1785529386.0002406,3658,1.4783936223096472,1.530036424925113,3
1785529386.00045,3660,1.4730024522084424,1.500938824901186,3
1785529386.0007005,3662,1.560900836206693,1.599138905360977,2
1785529386.0007906,3663,1.4992801099224187,1.5537616459334682,2
1785529386.0009127,3664,1.4978755178950094,1.5342974059014256,3
1785529386.0010786,3666,1.4930003822972873,1.530478189567188,2
1785529386.0094833,3668,1.4822264936884033,1.5161676240282496,2
1785529386.059543,3669,1.5234018091108583,1.491448275227798,2
1785529386.107342,3673,1.494006460720442,1.5280674622783423,3
1785529386.0744529,3674,1.462257751341192,1.520948533986255,2
1785529386.1224904,3676,1.5166595535704646,1.5013602618662567,3
1785529386.1225858,3677,1.5196170625788339,1.527759266285857,2
1785529386.1226795,3679,1.4898467607406445,1.5759412571974112,2
1785529386.1321232,3680,1.5773198585187704,1.518864936257567,2
1785529386.1639283,3681,1.4919551496870813,1.5022248761409107,3
1785529386.1868334,3683,1.5180099597885282,1.5618661203097874,2
1785529386.1869977,3685,1.5227936899095582,1.5352281926385762,3
1785529386.1965768,3686,1.4718265376458846,1.488091445165927,2
1785529386.2428222,3688,1.5045234996727064,1.5059167586499425,3
1785529386.2474654,3689,1.4999999997623414,1.5233352299573877,2
1785529386.2478588,3691,1.5162714491073561,1.5148698719911926,3
1785529386.251042,3692,1.5000978431014844,1.520102985235267,3
1785529386.2775059,3694,1.5417554427180815,1.5481222591257595,2
1785529386.3097973,3696,1.5291616408942574,1.5039857798031948,3
1785529386.3097973,3697,1.492129834379731,1.5352651467583989,2
1785529386.3181453,3699,1.5490698256724482,1.5264352429596837,2
1785529386.3309348,3700,1.4561034688009975,1.6019477905077217,2
1785529386.3820636,3702,1.5803028501749579,1.564728332612919,2
1785529386.386959,3703,1.565441448840551,1.5456386825152804,3
1785529386.3870764,3705,1.4630560355047821,1.5139692171128072,2
1785529386.3999467,3706,1.5331921088776743,1.5671522177542963,2
1785529386.4494896,3709,1.5066736288283533,1.5249903553282305,3
1785529386.4495802,3710,1.5213766244814537,1.5587975118623851,3
1785529386.4540496,3712,1.5027175031362185,1.530169781519903,3
1785529386.4936845,3714,1.5338445196636905,1.5473296365577303,3
1785529386.5045595,3717,1.5176656683501586,1.5442837111551715,3
1785529386.521579,3718,1.5407832564742758,1.5683786727539455,2
1785529386.5706654,3721,1.5017623149016652,1.5387306739006965,3
1785529386.5707438,3722,1.569810974895566,1.5691031104575874,2
1785529386.6298103,3725,1.5048951358836213,1.5332903409336993,2
1785529386.63595,3727,1.4780648288350262,1.5933559402901976,2
1785529386.6360438,3729,1.5338838730578903,1.5671367308888964,2
1785529386.6377103,3731,1.490268762888568,1.5514592156681934,2
1785529386.7175393,3732,1.4752255138731953,1.5530880885947027,3
1785529386.717675,3733,1.492298217737176,1.5296237890560251,2
1785529386.7177658,3734,1.5785365840774015,1.5792446681479442,2
1785529386.717859,3735,1.4608060524918418,1.5781145466915525,2
1785529386.71795,3736,1.5441811271798926,1.5251167373236663,2
1785529386.7623694,3737,1.478408196024637,1.5158409504224852,3
1785529386.762578,3738,1.4666863682312554,1.5069930062244103,2
1785529386.762652,3739,1.5805430202044242,1.5557687468671606,2
1785529386.762738,3741,1.5187623934509653,1.5304100176622124,3
1785529386.7627845,3743,1.4820195501866456,1.5667902973948158,2
1785529387.0835238,3744,1.531846586700866,1.4751001103118726,3
1785529387.1026208,3745,1.4787912307570978,1.4992978743585132,2
1785529387.1027787,3746,1.5306252978510095,1.562312661865671,3
1785529387.102872,3747,1.5329582589216129,1.5251786239212708,2
1785529387.153994,3749,1.5449809251519588,1.5592706951124318,3
1785529387.1543138,3750,1.448293599379164,1.423522279095673,2
1785529387.1544852,3751,1.5191953316686098,1.5317788340576846,3
1785529387.154659,3752,1.5277308023028515,1.5367620750526838,3
1785529387.15471,3753,1.506717513238095,1.5571870282539098,3
1785529387.154769,3754,1.5311103833754975,1.5686077433302668,2
1785529387.154769,3755,1.5412824140217949,1.5823294135834032,2
1785529387.154896,3757,1.5008062200184367,1.5156120308464793,3
1785529387.1549883,3759,1.5517876825644152,1.4906475359817657,2
1785529387.1550267,3760,1.5222161484063883,1.4776737974097345,3
1785529387.1550949,3761,1.4901778611480871,1.540883968712587,3
1785529387.1551664,3762,1.5846365393768906,1.6073102269567776,2
1785529387.1552107,3763,1.550539834277222,1.5245743163616845,3
1785529387.1552722,3764,1.4444262533240635,1.5518419312844318,3
1785529387.1553388,3765,1.5621333789386287,1.538985904075192,2
1785529387.155376,3766,1.5720128447842918,1.5925497709678567,2
1785529387.1554132,3767,1.4985669873408305,1.5396203544840579,2
1785529387.1554484,3768,1.5021018968745246,1.5275976605142778,2
1785529387.155481,3769,1.504300701900298,1.5336282761947024,3
1785529387.1555538,3770,1.4743281532470291,1.5252398419004176,2
1785529387.1555924,3771,1.5041635404351668,1.5565001413093547,2
1785529387.1556296,3772,1.4892823666939756,1.5312257341323259,2
1785529387.1556945,3774,1.4785478918736161,1.5135679231783314,3
1785529387.155795,3775,1.5572263352967761,1.5763371311159988,2
1785529387.1663232,3776,1.477816428987157,1.5253691161131562,3
1785529387.155876,3777,1.4493793236317052,1.5243355211785719,2
1785529387.1724021,3778,1.4947878403365464,1.5600184820301517,3
1785529387.1726935,3780,1.489926808896868,1.5508103772019024,3
1785529387.1728387,3781,1.5337174792249304,1.5200231962145978,2
1785529387.172915,3783,1.5592327459766933,1.5270392523526153,2
1785529387.2321286,3786,1.4516100911126424,1.5186840022711818,2
1785529387.2322085,3788,1.5053219879937687,1.524254743011634,3
1785529387.2554898,3791,1.5254210914173314,1.504206853526182,2
1785529387.2557502,3792,1.5103106071868584,1.5231309831404651,3
1785529387.269072,3793,1.4838540334439234,1.5211432068537227,3
1785529387.2702827,3794,1.4466177428675464,1.4402492582675306,2
1785529387.2860227,3795,1.5274974253590436,1.5848132116879183,2
1785529387.3050444,3797,1.4983167221333413,1.4959690647589086,3
1785529387.3233972,3798,1.4958367105402153,1.5566572063674384,2
1785529387.3532562,3799,1.479055635167866,1.5633875345881434,2
1785529387.3533204,3800,1.5420670296486427,1.5258162177895922,2
1785529387.353377,3801,1.5208451668566707,1.5491371332011303,2
1785529387.3570824,3802,1.5638195795619718,1.5581580512653843,2
1785529387.3731709,3803,1.5431866335911946,1.552980401574572,2
1785529387.3908544,3804,1.4723782266855576,1.541787323924669,3
1785529387.3909795,3805,1.4775302012597045,1.5210554363438153,2
1785529387.4460979,3808,1.4816538398786805,1.5152303095008515,3
1785529387.4467278,3809,1.5188985162821473,1.5305993345864612,2
1785529387.4468098,3810,1.456954777476169,1.5064559344708353,2
1785529387.4469151,3811,1.5514214476610009,1.5045539559960275,3
1785529387.473828,3812,1.482995006152879,1.5228345060495667,3
1785529387.4743857,3813,1.5056036828214272,1.5283384173900307,2
1785529387.4748504,3814,1.5179888836384843,1.5653833336333933,2
1785529387.4791408,3815,1.440265248112875,1.5887616278308623,2
1785529387.522267,3817,1.507755395183053,1.5254782326872989,3
1785529387.5224693,3818,1.512461992005451,1.563389955690201,2
1785529387.531191,3820,1.5035355223445446,1.4999999859953677,2
1785529387.5402362,3821,1.5084890984374664,1.4858457723392897,3
1785529387.5956511,3822,1.5081832844707896,1.5560325853168075,3
1785529387.598249,3824,1.5257795570709614,1.5378030719027247,2
1785529387.6137695,3828,1.5146398578338305,1.4573617145178013,2
1785529387.6339786,3829,1.5107670487265539,1.5178534130681458,3
1785529387.6556885,3830,1.5290198236112704,1.4971988033265913,2
1785529387.6557736,3831,1.5303514806913263,1.5651143498425966,2
1785529387.6558673,3832,1.5050550528934914,1.532192068340619,3
1785529387.6597428,3833,1.5007849997893392,1.5134797343066568,3
1785529387.667513,3834,1.5568699647169282,1.5951027007967218,2
1785529387.7228742,3835,1.565508302521502,1.5761267185395298,2
1785529387.7229679,3836,1.490798871170806,1.5028371165612053,2
1785529387.7230618,3837,1.5498709078199941,1.5637662839547137,3
1785529387.7231522,3838,1.5210751589907066,1.5196608150579713,2
1785529387.7232518,3839,1.5457409090496004,1.5485663728750947,3
1785529387.7328784,3840,1.527160221674688,1.5207838551005826,3
1785529387.7337825,3841,1.4714956825425878,1.5231145608581174,2
1785529387.804627,3842,1.5273201183864007,1.557046925213599,3
1785529387.8085144,3844,1.5044942002647186,1.5051979508693432,3
1785529387.8088768,3846,1.5094919510771208,1.5648094727911546,3
1785529387.818274,3848,1.4934928294578407,1.5395902949470364,3
1785529387.868747,3850,1.5292049512794985,1.5504256266026681,2
1785529387.8688135,3852,1.5049427476003732,1.4957503591996126,2
1785529387.8794627,3853,1.5354081676963511,1.4842358251384302,3
1785529387.8797154,3854,1.5499368915818388,1.5584277068454482,2
1785529387.9909742,3856,1.46978848052211,1.5581908741733228,3
1785529387.9947536,3859,1.507735575995297,1.5664203759774646,3
1785529387.9949257,3861,1.533801012924126,1.5331080722100583,3
1785529387.9950335,3862,1.4914264806105701,1.531025569465823,2
1785529387.995182,3864,1.5038820491930909,1.533115602527605,3
1785529387.9952898,3865,1.547790055578972,1.5402509342364998,3
1785529388.001092,3866,1.4915365946099746,1.4922437117256422,2
1785529388.041423,3868,1.5161830089091581,1.5008837162768562,3
1785529388.0415576,3869,1.4909297836508666,1.5261548318291296,3
1785529388.0416548,3870,1.5007062707905419,1.4964636282718038,2
1785529388.0543435,3872,1.5632718439349873,1.518054678870927,2
1785529388.0587351,3873,1.5256694671246123,1.5249622595945538,2
1785529388.1268778,3874,1.6060763443496797,1.5805712768392934,2
1785529388.1277096,3876,1.4949831858708018,1.5403762007735222,2
1785529388.127783,3877,1.4583445132823671,1.4951184902763532,2
1785529388.1283364,3878,1.4904712256252712,1.567760614523668,3
1785529388.1284752,3879,1.4843670830300373,1.618796943941483,2
1785529388.1336234,3880,1.535858650127887,1.5275701803328752,3
1785529388.1418452,3881,1.5098551639806077,1.5134793767500565,2
1785529388.2154467,3883,1.4856892571925693,1.5355268732964764,2
1785529388.2156959,3888,1.4996049404694298,1.557119781298053,3
1785529388.2268708,3889,1.528974400520175,1.5282159311287788,3
1785529388.2375362,3891,1.5313252033514564,1.500984364227261,3
1785529388.293924,3892,1.4896972225567715,1.5234711554298217,3
1785529388.2940822,3893,1.5230214134280764,1.5406192917585257,2
1785529388.294167,3894,1.436428974041706,1.470386471188543,2
1785529388.294364,3895,1.526527104019527,1.541355976672573,2
1785529388.294466,3896,1.538661006081821,1.5026230807167484,3
1785529388.3012629,3897,1.519269715571962,1.4722439607051445,2
1785529388.3662937,3899,1.488289081765848,1.5394737366925013,3
1785529388.3675725,3900,1.4836485673389417,1.524301360082462,3
1785529388.3679752,3901,1.543394690363347,1.5539862395100719,3
1785529388.3691976,3904,1.400352796907435,1.6273031728757172,2
1785529388.4318933,3908,1.4922582858085052,1.5141058439756157,2
1785529388.4320264,3909,1.520380433433886,1.5185104470734436,2
1785529388.436569,3911,1.5520209373367266,1.5179871410388408,2
1785529388.4684646,3912,1.4951069541601423,1.5345941025795602,2
1785529388.540013,3919,1.566766083599293,1.550490209403634,2
1785529388.5402126,3921,1.4822975969582852,1.5378921214843377,3
1785529388.551899,3922,1.483838927551073,1.4810103062894318,2
1785529388.560944,3923,1.4505195276878036,1.5014377451241367,2
1785529388.605707,3924,1.5812960691440257,1.4666858140687606,3
1785529388.605804,3925,1.5325618983615739,1.5614876792733152,2
1785529388.6059012,3927,1.555292187249243,1.5312405571819911,2
1785529388.6210928,3929,1.5605500569900856,1.6165087335491815,2
1785529388.691513,3931,1.4939258903801922,1.5458009778983164,3
1785529388.6919143,3934,1.4888667577646606,1.548268279500288,2
1785529388.6919808,3935,1.4667817223501072,1.562932013287041,2
1785529388.692073,3936,1.4974874700319758,1.5595632684530507,3
1785529388.6998818,3937,1.531942288082294,1.5563392540099314,3
1785529388.7111611,3938,1.4799955459970608,1.5309075705758324,2
1785529388.71719,3939,1.5076800813953033,1.5380892116968614,2
1785529388.773614,3941,1.5067194629918725,1.546944269929411,3
1785529388.7737343,3943,1.4930118957372165,1.5505558733631888,3
1785529388.7741146,3944,1.511620765701016,1.562166526849448,3
1785529388.842047,3947,1.5131513146844398,1.5640798755910454,2
1785529388.8422854,3949,1.5135469632539078,1.524861598957172,2
1785529388.8424165,3950,1.531860608204716,1.5622811680730067,2
1785529388.842487,3951,1.4874062195040365,1.5487409778583043,3
1785529388.8513467,3952,1.4761955559713678,1.5385025980549638,3
1785529388.8613513,3953,1.5044031144407604,1.518114576701127,3
1785529388.90722,3954,1.4888271884211597,1.5376194525693327,2
1785529388.9077847,3955,1.5336071821318276,1.464994447049811,3
1785529388.9079185,3956,1.5279668825657575,1.500651392233832,3
1785529388.907985,3957,1.5153284646104808,1.5385434678610523,3
1785529389.0144126,3960,1.5183894297953056,1.5007027850710988,2
1785529389.0152586,3961,1.485402666900602,1.551375776964445,2
1785529389.0153425,3962,1.54994848006143,1.5577316633748306,2
1785529389.0166996,3963,1.5467741951875233,1.5369365451366341,3
1785529389.016817,3964,1.5097831182951191,1.5507157784718173,3
1785529389.016899,3965,1.5153988808637475,1.530563647248842,2
1785529389.0170097,3968,1.4890543514118735,1.5944357508156721,2
1785529389.0223908,3969,1.4564592314831684,1.5278779902838584,2
1785529389.0796576,3970,1.5402594295743781,1.5831829803913138,3
1785529389.0797682,3972,1.5330404107400666,1.4865513658690808,3
1785529389.0878456,3974,1.500824039071205,1.5651224872894935,3
1785529389.0959685,3976,1.5186461576485792,1.5108912661992544,3
1785529389.138325,3978,1.5612819787673131,1.5803951408649817,2
1785529389.138903,3979,1.4857735700390795,1.5194857291430226,3
1785529389.1481009,3980,1.459197930817514,1.5896385472824595,2
1785529389.1509361,3981,1.505647556148192,1.504940444963381,2
1785529389.1524727,3982,1.4298452759565345,1.488323357249454,3
1785529389.2055302,3984,1.5159810023622184,1.552613471376442,2
1785529389.205631,3985,1.5264167104170587,1.5511737243922434,2
1785529389.2056918,3986,1.4841451858338224,1.5569840325736892,2
1785529389.2142363,3988,1.509348190166162,1.5205199836191456,3
1785529389.2201355,3989,1.516436169885714,1.4683522905970496,2
1785529389.227174,3990,1.4859111918890169,1.5113670464889277,2
1785529389.2952516,3991,1.498214559296527,1.5560495259797928,3
1785529389.2954383,3992,1.511092889281613,1.5068996902480367,3
1785529389.2955694,3993,1.4797327132330624,1.5011778417198849,3
1785529389.2957306,3995,1.5073063452905548,1.566310028933856,3
1785529389.295835,3996,1.4748949474807882,1.5427872483120446,2
1785529389.303861,3997,1.5088242954379838,1.5416881989064133,3
1785529389.3079839,3998,1.4529139222763878,1.4812050134541728,2
1785529389.3356912,4000,1.5448932232550177,1.5244048581888066,2
1785529389.3667085,4001,1.461608156108983,1.5160568870724298,2
1785529389.3667655,4002,1.4977826108205607,1.5448508934625758,3
1785529389.3844798,4003,1.5128330244033839,1.5246439254440483,2
1785529389.3848996,4004,1.5136535744583195,1.5349483202607412,3
1785529389.4045222,4006,1.484289484394582,1.5295447996217677,2
1785529389.4145737,4008,1.4796503271483212,1.5562450894426385,3
1785529389.4164844,4009,1.5007004700231998,1.4717078657318945,2
1785529389.469471,4010,1.5117972845526788,1.5563565073164778,2
1785529389.4698079,4011,1.4960263551739927,1.5483401414934392,3
1785529389.4699051,4012,1.5239040759377196,1.5722749576617405,2
1785529389.4699755,4013,1.499294558292895,1.507072750405398,2
1785529389.482368,4014,1.5155575389026374,1.5569809194998983,3
1785529389.4994888,4017,1.4744893689555125,1.50128579899436,3
1785529389.5295856,4018,1.484494670847936,1.524062345683163,3
1785529389.5297518,4019,1.5390978758273335,1.5383905332073944,2
1785529389.541038,4021,1.5395194606176539,1.5593291956573476,2
1785529389.5509477,4022,1.4633303011134493,1.4916177617938577,2
1785529389.5763767,4023,1.5641368455342575,1.5424665484194198,3
1785529389.6025195,4024,1.5403919028681414,1.5198339621076604,3
1785529389.6087413,4027,1.5226349781136668,1.5582625990859744,3
1785529389.6091635,4028,1.5201591993472654,1.5512624259797307,2
1785529389.6239061,4029,1.515779357254281,1.53918266695421,3
1785529389.6782298,4031,1.5259675738881302,1.5519460639329168,3
1785529389.678345,4033,1.5619473602397334,1.4797875852103015,2
1785529389.6784139,4034,1.5719366011903741,1.566981550044945,2
1785529389.7021148,4035,1.5427471953296192,1.5142724985343758,3
1785529389.703772,4037,1.5000000000003884,1.588426769014595,2
1785529389.7120636,4038,1.5122517840145664,1.5468098830199715,3
1785529389.76919,4039,1.5858487818827551,1.5646089152982237,2
1785529389.7694335,4041,1.5551051878750497,1.5791708895822634,2
1785529389.7696705,4043,1.5075370340532075,1.594561563208981,2
1785529389.8061364,4044,1.4971548580664333,1.5176947323661527,2
1785529389.8276865,4047,1.5306200947749031,1.6155736808407737,2
1785529389.827793,4048,1.5554833186636077,1.5208892941932435,2
1785529389.827894,4049,1.5155860797753617,1.559520821384536,3
1785529389.844482,4051,1.477559425152933,1.5323366332499162,3
1785529389.8971696,4052,1.5428191867848253,1.526694145532672,3
1785529389.8973699,4055,1.512352697907379,1.5817176641509847,2
1785529389.8974433,4056,1.6007110707057548,1.4714807464056143,2
1785529389.903154,4057,1.5084993668186613,1.5049637973108283,2
1785529389.9607942,4058,1.496481110921581,1.5141588916500726,2
1785529389.9610531,4060,1.5383435160718562,1.454886945786051,3
1785529389.9715075,4063,1.5393542986706519,1.5719035737767548,2
1785529390.100568,4064,1.5229012578810417,1.5130500002045355,3
1785529390.1144276,4068,1.5361546623906681,1.5200171423201307,3
1785529390.114559,4069,1.5442700972534655,1.5378247768718738,3
1785529390.1146421,4070,1.5303401146243238,1.5756231754631587,2
1785529390.1147492,4071,1.5352999677139145,1.519301769190126,3
1785529390.1148767,4072,1.4982337716993952,1.5482353366650972,3
1785529390.1150057,4073,1.495824063050992,1.5240511797891945,3
1785529390.1151118,4074,1.5110408658937988,1.5732908529102347,2
1785529390.11518,4075,1.5016882680873613,1.5514823439675862,3
1785529390.1157174,4076,1.5330152685335152,1.5119898467976465,3
1785529390.1158452,4077,1.4981395620210871,1.5220282051578726,3
1785529390.1159844,4078,1.4355307904646124,1.4397770943050698,2
1785529390.1201477,4079,1.555138769127831,1.539574668867945,2
1785529390.1779342,4080,1.5226399834548061,1.5085698122013638,3
1785529390.1789377,4083,1.5041811986450415,1.5437842397653614,2
1785529390.1790192,4084,1.4723178648277917,1.5892471551719094,2
1785529390.1807113,4085,1.5111581226046298,1.5415684104376295,2
1785529390.2514396,4086,1.484245223154165,1.5379868146048041,2
1785529390.2517154,4088,1.4905607647494306,1.5780772061479829,3
1785529390.2518651,4089,1.5447878092649021,1.4842094793048004,2
1785529390.2534618,4091,1.5120658702696517,1.536702239593637,3
1785529390.317128,4093,1.509110323336217,1.52908177832347,3
1785529390.317844,4094,1.4743221553306671,1.5259409505241528,2
1785529390.3180037,4095,1.5905009850587686,1.616726284158528,2
1785529390.3183525,4096,1.4534431472986187,1.5847771971687192,2
1785529390.3307426,4099,1.5238540171657429,1.5319654089844865,3
1785529390.331117,4100,1.532653086140331,1.4885624081577886,2
1785529390.3360496,4101,1.4541179581025134,1.4944289730171976,2
1785529390.3871899,4102,1.542422068194312,1.5502039493433826,2
1785529390.3873842,4103,1.5652947603180274,1.5103783474210393,2
1785529390.387468,4104,1.5028290798068855,1.5007077580327581,2
1785529390.3884223,4105,1.5396392872905857,1.4971339563288018,2
1785529390.4011652,4106,1.544633616432533,1.5418040154993273,2
1785529390.4081497,4108,1.5290756495949094,1.5085679387291502,2
1785529390.4662247,4109,1.5491731272828513,1.5201265869242193,2
1785529390.5169055,4117,1.5063549461415338,1.5042516580635947,2
1785529390.610781,4124,1.4573536687399,1.550486718304525,3
1785529390.6440327,4128,1.5161599304000377,1.534228601950401,3
1785529390.6441891,4129,1.5078394780549622,1.531986680325453,3
1785529390.644272,4130,1.5274782083839828,1.586918361246645,2
1785529390.6443553,4131,1.5309598538204567,1.5408686661548188,3
1785529390.656497,4132,1.509821864990249,1.5422959986948663,3
1785529390.70641,4133,1.480544411975465,1.5685054794018045,3
1785529390.7066114,4136,1.4898105370178534,1.5374362667026578,3
1785529390.7068846,4137,1.5069072430914896,1.5088004690627668,3
1785529390.7149527,4138,1.5449747592965613,1.5654947544697126,2
1785529390.7310214,4139,1.4888701225878975,1.5770008566200877,3
1785529390.7609828,4141,1.495836523274099,1.5169846040541248,3
1785529390.7880526,4142,1.5241719888292145,1.5708644534783276,2
1785529390.7917767,4143,1.4946192358659798,1.5303225203187194,3
1785529390.7919343,4144,1.5090793781911724,1.536548435364444,3
1785529390.792084,4145,1.504942746894936,1.5042496414994897,2
1785529390.8120992,4148,1.5049859926654887,1.521884491327702,2
1785529390.8559964,4149,1.5701205235282194,1.6147527757829625,2
1785529390.8573112,4150,1.5750702403534902,1.5800265981872377,2
1785529390.8575027,4151,1.532371746326951,1.561083703033535,3
1785529390.862344,4152,1.4522220801477699,1.586077821782343,3
1785529390.8687408,4153,1.5093463235936309,1.5295551645300782,3
1785529390.929764,4154,1.4823881792023381,1.488752434689457,2
1785529390.9299815,4156,1.51817155762071,1.5081630029515187,3
1785529390.934614,4157,1.5137972655472152,1.546556410452317,3
1785529390.9348383,4160,1.4502219275458463,1.6035883887269176,2
1785529390.958396,4163,1.506221896603947,1.56775889710806,2
1785529391.070349,4164,1.4771884685250631,1.5242259188587615,2
1785529391.0712786,4168,1.5305066715581535,1.5097993745380012,2
1785529391.0713851,4171,1.4561545910539726,1.5487975159837724,2
1785529391.1337216,4178,1.4467370899709993,1.5125040922990398,2
1785529391.1338503,4180,1.5117544174234763,1.5356077123727294,3
1785529391.1348257,4181,1.417177771305512,1.4766119680023881,2
1785529391.1470265,4182,1.506550803472306,1.546026156929285,3
1785529391.1856503,4184,1.4753438724859873,1.5247574700010362,3
1785529391.1966825,4185,1.4549078782849039,1.5111450325583873,2
1785529391.249041,4188,1.501411905733306,1.4950525523389746,2
1785529391.2508593,4190,1.5241719888292489,1.5708644534783507,2
1785529391.2510667,4191,1.495722160224137,1.524784898693033,2
1785529391.2524323,4192,1.5305086969270636,1.4899992692175745,2
1785529391.293158,4193,1.5194592894888754,1.5519954270542653,2
1785529391.296567,4194,1.5064807791379513,1.554573999529178,2
1785529391.3011527,4196,1.488848452067265,1.5471787655808358,3
1785529391.3060489,4197,1.48951716668187,1.5352344443867731,2
1785529391.308344,4198,1.5439749175288298,1.5864414027116023,2
1785529391.3651524,4199,1.5281105250885145,1.5358024610822636,3
1785529391.3656816,4200,1.5078185190121582,1.521659817353713,3
1785529391.3658178,4201,1.5493265532841038,1.5107824853211556,2
1785529391.365891,4202,1.556027517224188,1.5666429824764783,2
1785529391.4191637,4203,1.5080280090477474,1.5422942089971616,3
1785529391.422352,4204,1.4870474956007949,1.5353248920430576,3
1785529391.4225273,4205,1.5049090215214185,1.524790115462674,2
1785529391.4236226,4208,1.5192103913391781,1.5185032286865898,2
1785529391.4237585,4209,1.5084094430549773,1.5269465710279098,2
1785529391.4310257,4210,1.4787862421400149,1.4999999754842206,2
1785529391.4399445,4211,1.4993040091855858,1.5473930954350914,2
1785529391.486003,4213,1.5256924977737347,1.5355033616941571,3
1785529391.5088449,4218,1.4819865346833925,1.5323450388719588,3
1785529391.5509584,4220,1.5477107879254763,1.5237092832149122,2
1785529391.5510015,4221,1.507072723383653,1.500708741258307,2
1785529391.5993881,4222,1.4908771984087745,1.5594579037458234,3
1785529391.6024,4223,1.4375510679559131,1.489892275962973,2
1785529391.602557,4224,1.5129131584101945,1.5433240923910816,2
1785529391.602634,4225,1.5294044835411502,1.529992487150018,2
1785529391.6072705,4226,1.5086554629343891,1.559580322415084,2
1785529391.6103241,4228,1.5303782044625218,1.5028572128182813,2
1785529391.658079,4230,1.46625843441853,1.5178779502971713,2
1785529391.6593673,4231,1.5001952018812545,1.5133391667222111,3
1785529391.6595724,4232,1.4892848979445212,1.530515961777088,2
1785529391.6597013,4233,1.509144076171042,1.5339686639432557,3
1785529391.681952,4234,1.478866702236875,1.5113937851241879,2
1785529391.722442,4236,1.4670513627577517,1.5384692684722117,2
1785529391.7225397,4237,1.5151919104877154,1.5292136402390681,3
1785529391.72268,4238,1.4791337669903648,1.544890402073398,3
1785529391.746559,4240,1.5385980708604092,1.522921059409813,2
1785529391.7473435,4241,1.5197986821111065,1.5274321785476253,3
1785529391.809826,4243,1.5131447926357053,1.5378950605256443,3
1785529391.8122008,4244,1.502148144898376,1.5456398632675903,3
1785529391.8124425,4245,1.5206307496251696,1.5086944092302177,3
1785529391.8125987,4247,1.546123209676975,1.5808024426247709,2
1785529391.81262,4248,1.4502404331362178,1.5271247198268638,2
1785529391.8234513,4249,1.541464820756398,1.5186409950185698,2
1785529391.8368714,4251,1.5416308805723602,1.5446361900546164,2
1785529391.8754876,4252,1.4907650681807791,1.5769611106557655,3
1785529391.8755994,4253,1.5110649889800043,1.566730154466801,2
1785529391.8756614,4254,1.4808943104422165,1.5021078543950581,2
1785529391.879924,4255,1.5310419397656883,1.5373822316366097,3
1785529391.9258504,4256,1.5206898823342438,1.493913156111512,3
1785529391.9266036,4259,1.5348778717518188,1.5643560454869871,3
1785529391.9308326,4260,1.4858364841974994,1.551109355865458,3
1785529391.9396913,4261,1.4955672382148746,1.520036452722595,3
1785529391.9582481,4262,1.5382388983302133,1.5509724468745867,2
1785529391.9921072,4263,1.479371900712328,1.5660259727372976,3
1785529391.9922278,4264,1.5153076261783078,1.5618368903077169,3
1785529391.9923205,4265,1.5459842423739134,1.5898698008458243,2
1785529392.001104,4266,1.4834092797643548,1.5597381956434395,2
1785529392.05266,4268,1.4968648162819314,1.5336980424872355,3
1785529392.05307,4269,1.5085134390050112,1.5099276792373144,2
1785529392.0535102,4270,1.4829566103286889,1.4871994608092358,2
1785529392.053683,4271,1.5007182300325623,1.5466634799966088,2
1785529392.0626717,4272,1.5129656535762341,1.5052341564825726,3
1785529392.0630436,4273,1.4983958895915965,1.5129788495955943,3
1785529392.1856003,4276,1.4524652990570865,1.465198014012539,2
1785529392.185758,4280,1.5497801753065699,1.525882652271293,2
1785529392.185842,4281,1.5534785111170994,1.51511645709962,2
1785529392.1859088,4283,1.51260211708878,1.5298249887779232,2
1785529392.1859717,4284,1.5049206254826486,1.5177069970579673,2
1785529392.2113056,4287,1.5251082093993695,1.541360803453312,2
1785529392.2394826,4288,1.563241352251379,1.5194989400985388,2
1785529392.2395642,4289,1.543365545903265,1.5330024422481092,2
1785529392.2404013,4291,1.5164201174545449,1.5397646217356324,3
1785529392.2604442,4292,1.4805302586513756,1.5273575015677159,3
1785529392.301988,4295,1.51581995357556,1.583031573416357,2
1785529392.3023014,4297,1.4884937210247955,1.5136380897929702,3
1785529392.3091443,4298,1.4516981167267546,1.5132206144400309,2
1785529392.3186862,4299,1.4622043029808602,1.5823791594773553,2
1785529392.3752108,4300,1.5151590477116987,1.56192496183922,2
1785529392.3753316,4301,1.5549949965348864,1.4704709498971593,2
1785529392.375402,4302,1.6379219149656317,1.5783707106813212,2
1785529392.3754747,4303,1.49646946601023,1.4957523591771833,2
1785529392.3755329,4304,1.4891060513197358,1.5579996201213568,3
1785529392.3827844,4305,1.5187803333096321,1.5407696166052138,3
1785529392.4301062,4306,1.5140760922067622,1.514076092187039,2
1785529392.4304848,4308,1.5365990083296925,1.5178703463122485,3
1785529392.4306643,4310,1.5987823300860184,1.5506394490119906,2
1785529392.5303948,4314,1.5637258118494455,1.5297682060057158,2
1785529392.5901222,4322,1.5273346257082134,1.5266274045281285,2
1785529392.5907772,4325,1.5076602504892642,1.5458500910737474,2
1785529392.590938,4326,1.5179525500666062,1.5462432968424302,2
1785529392.655381,4331,1.5098109891188944,1.5269591642293412,2
1785529392.6554604,4332,1.4765243002351183,1.5715830992943836,2
1785529392.7098973,4333,1.54942122784836,1.505031956118895,2
1785529392.7100406,4336,1.5451950381871709,1.5043070348292618,2
1785529392.7100868,4337,1.5153587677662193,1.538382929389092,2
1785529392.7883868,4341,1.4895736379798783,1.5514472786380997,2
1785529392.7884865,4343,1.5292692187310972,1.5521994818465907,3
1785529392.7887013,4344,1.4762870305297937,1.5413948017379635,2
1785529392.7887769,4345,1.4864731008908487,1.5204143157733383,2
1785529392.839503,4346,1.5344389531080542,1.5790185340235448,2
1785529392.8396037,4348,1.5587152177960624,1.5007210789291956,2
1785529392.8396702,4349,1.5402605991090403,1.5035832983115305,2
1785529392.839726,4350,1.5320618653864568,1.5433791506131564,2
1785529392.840062,4351,1.431529937534181,1.5882960668891162,2
1785529392.8547597,4352,1.438114627505266,1.5845397271448447,2
1785529392.8582542,4353,1.4914606666616386,1.5190380000091273,2
1785529392.9076223,4354,1.520055513405815,1.5667440956394896,2
1785529392.9104404,4355,1.4646144823300309,1.5629775024758854,2
1785529392.9105556,4356,1.5219593671574316,1.5148941570725105,3
1785529392.9106379,4357,1.580973513782038,1.513802566493986,2
1785529392.9698813,4359,1.5809931015290692,1.4869225310496044,2
1785529392.971158,4360,1.4743642381637703,1.6056153167709433,2
1785529392.9712424,4361,1.564377038655584,1.4992775600196417,2
1785529392.9713264,4362,1.475383146519245,1.4838692105697235,2
1785529392.9761379,4364,1.4866934764107298,1.4711355903109955,2
1785529392.9762225,4365,1.5063669693797217,1.5014172053906314,2
1785529393.0364277,4368,1.5377039197166609,1.5179015291372178,2
1785529393.0532167,4372,1.4922327239675033,1.495768286056556,2
1785529393.1883671,4376,1.4861263856362925,1.5233148418005096,3
1785529393.189143,4377,1.4830251873884563,1.500703116961694,2
1785529393.189315,4378,1.549437470449065,1.5466075941794992,2
1785529393.1894224,4379,1.5018593552645811,1.561289025953689,3
1785529393.1895351,4380,1.5278436932540929,1.5287248504867652,2
1785529393.1896105,4381,1.521063203456128,1.5213632036243905,2
1785529393.1896906,4382,1.535622523398164,1.5370371516527586,2
1785529393.1897604,4383,1.5129753482053958,1.5577432066248622,2
1785529393.1898594,4384,1.522561066239998,1.4994164822620963,3
1785529393.1899588,4385,1.4963093138955905,1.5235874001809564,3
1785529393.2113724,4386,1.4470852570304629,1.4668923850009532,2
1785529393.2486885,4388,1.5465999995180408,1.456965318543596,3
1785529393.2488325,4390,1.5286294899099357,1.5378241330520426,2
1785529393.2924693,4393,1.4625901579494265,1.5055867686114823,2
1785529393.321155,4395,1.5720028764241616,1.5642166875717574,2
1785529393.3212545,4396,1.4511188558634847,1.5934790110114259,2
1785529393.321338,4397,1.4943404734123418,1.4985884516868864,2
1785529393.3245065,4399,1.5126977864137146,1.547710709362738,3
1785529393.3947356,4400,1.528091804161013,1.5553502428685213,2
1785529393.3953052,4402,1.456215775433309,1.4958188169763107,2
1785529393.3975136,4404,1.4539237326922412,1.588822037166088,3
1785529393.400504,4407,1.5327495261557786,1.5202839403995367,2
1785529393.4124153,4408,1.5740538323232038,1.508697305584498,2
1785529393.417807,4409,1.4708783807396153,1.5133053771703897,2
1785529393.4692216,4410,1.4739479717388488,1.4987848744204268,3
1785529393.4694078,4412,1.5139435519873732,1.5436831076157393,3
1785529393.4759722,4413,1.4586776501431769,1.5223185378519442,2
1785529393.5350204,4417,1.53438317530923,1.5386270722229227,2
1785529393.6960917,4418,1.459547449135235,1.563801161195832,2
1785529393.5360105,4420,1.4857210007010238,1.5288550226951727,2
1785529393.554807,4422,1.5385413334398665,1.5838338115562371,2
1785529393.614778,4424,1.492126133533451,1.536675914204864,2
1785529393.6150846,4426,1.465622927007601,1.476231520780707,2
1785529393.6155107,4428,1.492139079002903,1.5317383131697277,2
1785529393.6193957,4429,1.4849683741024653,1.5365885021211023,2
1785529393.6949534,4430,1.507802118795166,1.5092163552039553,2
1785529393.696231,4432,1.557400371505591,1.5432502786291777,2
1785529393.700111,4433,1.5063067986083372,1.5258424019736023,3
1785529393.7003217,4434,1.4871073953096667,1.5335366521730822,3
1785529393.7002997,4436,1.5042758197024395,1.5233685133614756,2
1785529393.707349,4438,1.5309431656371204,1.5840151083653997,2
1785529393.7499344,4439,1.4600321406101537,1.5817214736547247,2
1785529393.7533684,4440,1.468544684899182,1.5688924963059543,3
1785529393.7587423,4443,1.5285260085237018,1.5418630671883753,3
1785529393.77024,4444,1.5079856956194422,1.4974413336466075,3
1785529393.8207476,4445,1.4888377772451291,1.5404590332865236,2
1785529393.821569,4447,1.5112396523260894,1.5197253856451547,2
1785529393.8216276,4448,1.468495981670425,1.5300895066632467,2
1785529393.8217149,4449,1.5275145842133964,1.5656212787022052,3
1785529393.8335476,4450,1.477356052694224,1.5021053700592286,2
1785529393.8391411,4451,1.5132760000590597,1.5597394505246287,3
1785529393.8891187,4452,1.5062955789371908,1.5273173675220628,3
1785529393.889297,4453,1.519228615145245,1.4786498704711706,2
1785529393.889572,4455,1.515959211047366,1.576690773926318,2
1785529393.890369,4456,1.5350721983706603,1.5243251510285412,2
1785529393.91002,4457,1.516079144028905,1.541122271103774,3
1785529393.9337273,4460,1.5309278384732579,1.4688581520267026,3
1785529393.9901035,4461,1.4678876536297698,1.527284700186225,2
1785529393.9905992,4464,1.5463517278578045,1.5208258486746864,2
1785529393.9994378,4467,1.4895390991501107,1.555825396638772,3
1785529394.0107634,4468,1.4778019187071867,1.5575659166044376,2
1785529394.0216033,4469,1.5090212414213033,1.5564086650461197,2
1785529394.0704467,4470,1.5639966504444707,1.5498443362835566,2
1785529394.0733552,4471,1.5194423504181331,1.525136031958367,3
1785529394.0735617,4472,1.5003889742064904,1.521726617427811,3
1785529394.0736504,4473,1.5401261565167288,1.5136160575508615,2
1785529394.099411,4475,1.5086993399007855,1.574759502454744,2
1785529394.0997708,4476,1.533378883059514,1.5235969684643322,3
1785529394.1011002,4477,1.557062034974075,1.548571495207211,2
1785529394.1080112,4478,1.5035176119373592,1.5650580192712904,3
1785529394.1194432,4479,1.5405562658890148,1.5851430878073174,2
1785529394.2507982,4480,1.5237370144969822,1.5512194507930186,2
1785529394.2520294,4481,1.4713622616484316,1.5371234547228345,2
1785529394.252168,4482,1.4920393445410642,1.5487881599613171,3
1785529394.2522814,4484,1.5329030629759546,1.5343176314812081,2
1785529394.2534251,4485,1.5440755710204355,1.5322925507725136,2
1785529394.2535315,4486,1.5132349042558906,1.5450607170145378,2
1785529394.253615,4488,1.5146520800293437,1.6063197051479028,2
1785529394.2536874,4489,1.534615309039488,1.5636771487429126,2
1785529394.253758,4490,1.5069116333256944,1.5684493383555436,2
1785529394.2538695,4491,1.5085142314682778,1.5433884837543075,3
1785529394.253985,4492,1.4735062240068817,1.5559882767638014,3
1785529394.3106575,4493,1.5112950669911247,1.504968425142052,2
1785529394.329945,4499,1.4710263338801974,1.5721316736200446,2
1785529394.379185,4501,1.5283832240721982,1.563755236244576,2
1785529394.3825858,4502,1.4770735791813665,1.5392999030990702,2
1785529394.3828404,4503,1.4461369104401944,1.5864255506376586,2
1785529394.3829134,4504,1.5362202763573118,1.4871173730533134,2
1785529394.3830054,4505,1.541952170000675,1.5321706402612139,3
1785529394.4165843,4506,1.4913860742717349,1.5451301713432033,2
1785529394.432894,4508,1.5371256603184755,1.546946148846708,3
1785529394.432948,4509,1.5843195514757256,1.594236565464893,2
1785529394.4499772,4511,1.4867449174755678,1.540487247576122,2
1785529394.4913018,4513,1.5195984525708024,1.5306064668381034,2
1785529394.491395,4515,1.522763765830103,1.5744096406111805,2
1785529394.4916887,4516,1.5431896172011585,1.545198749457655,2
1785529394.5043244,4517,1.4773666449930398,1.5007017923435833,2
1785529394.5484374,4519,1.4928211978776555,1.545368425673705,2
1785529394.5489388,4521,1.4730974317661263,1.5035039478854593,2
1785529394.558641,4522,1.4840227939772568,1.553324630454786,2
1785529394.5588963,4523,1.5200748327703313,1.5414450184251813,2
1785529394.6071424,4524,1.470936546927512,1.581424841256826,2
1785529394.6125371,4526,1.5207334349929216,1.5330071302755304,2
1785529394.612757,4528,1.507574665935117,1.5291851107504493,3
1785529394.6143558,4529,1.4499627194477358,1.4895687435451603,2
1785529394.6384094,4530,1.494367172049711,1.5127519994493832,2
1785529394.6869173,4532,1.5038143912417534,1.5539980899132486,3
1785529394.6869752,4534,1.4964827735699777,1.515574810795776,2
1785529394.6909049,4536,1.5330333685109645,1.5261468658951847,3
1785529394.709477,4538,1.4713928264037557,1.5208667057287746,3
1785529394.7579553,4540,1.502270900673994,1.5763596256193904,3
1785529394.7582116,4543,1.5111502683384042,1.5436826135262298,2
1785529394.812177,4544,1.5085694902332343,1.5296152156765543,2
1785529394.812468,4545,1.563392335452323,1.545504045327686,2
1785529394.8131394,4548,1.501812562722246,1.5592360853164564,3
1785529394.8469517,4550,1.5318828923568792,1.5601804798703176,2
1785529394.874687,4551,1.522894272293364,1.5350889628713824,2
1785529394.8752954,4552,1.5490254150887508,1.5163584277022701,3
1785529394.8866572,4555,1.5236964686117742,1.5434801363079262,2
1785529394.891557,4556,1.5468405551002669,1.5344774156208836,2
1785529394.9328341,4559,1.5063026425965609,1.5290537132012498,2
1785529394.9328995,4560,1.6151781894040385,1.448559542138574,2
1785529394.9946675,4564,1.5272263604835954,1.5385350376057692,2
1785529394.9974957,4567,1.504818302724974,1.580769053832462,2
1785529395.0126536,4568,1.521123245278909,1.512818009217328,2
1785529395.0600026,4569,1.5602423263268805,1.5635014335262023,2
1785529395.0672846,4573,1.554994983078074,1.4704709631690631,2
1785529395.1190197,4579,1.5396203469017211,1.498566994813435,2
1785529395.157856,4580,1.537479584420192,1.5000000000014264,2
1785529395.2465513,4584,1.4901732741898475,1.5362608699168387,3
1785529395.2467036,4586,1.4793370870739375,1.5227844557214083,2
1785529395.2468302,4588,1.5107067827604903,1.5281847503304524,2
1785529395.2470515,4591,1.5307424330650572,1.5328971936330855,2
1785529395.3020244,4596,1.45353225248733,1.5790231077042511,2
1785529395.3620107,4600,1.4993833434698007,1.5607641229086326,3
1785529395.3621,4601,1.4404646840684583,1.470883549774563,2
1785529395.3674586,4602,1.4674373967948882,1.5405124711008542,3
1785529395.368499,4604,1.4942356641030645,1.5564699518193807,2
1785529395.414459,4605,1.515132026624428,1.5830506402349969,2
1785529395.414685,4606,1.470359549838933,1.479416486670524,3
1785529395.4266744,4609,1.53677964151218,1.5565604845201226,2
1785529395.430571,4610,1.494431932534457,1.5474701152558268,2
1785529395.4474611,4611,1.5071044276750083,1.5141088335528101,2
1785529395.4755812,4612,1.529536096001399,1.5182828009804772,3
1785529395.4757223,4613,1.557493962235804,1.525949253916557,2
1785529395.5537536,4616,1.6239611272183356,1.4801031526733779,2
1785529395.5601246,4623,1.5316854315648194,1.5128631726267892,2
1785529395.5709028,4624,1.419224904588563,1.5984842964134562,2
1785529395.6062465,4627,1.52346538166571,1.5514752268032772,3
1785529395.6220968,4629,1.50280654633444,1.5233134201885492,2
1785529395.6300185,4630,1.4032432311546983,1.4832035562498125,2
1785529395.6389494,4631,1.5494118820104015,1.5225988192341677,3
1785529395.6873527,4632,1.4955953838787224,1.552356481807671,3
1785529395.6889095,4633,1.4677957310333873,1.530082491477685,2
1785529395.688977,4634,1.4728189259707634,1.543530654734964,2
1785529395.6890626,4635,1.5071156838785498,1.5660576916643583,3
1785529395.7514818,4636,1.481146067404063,1.5350298644130453,3
1785529395.7541263,4637,1.5282231964342758,1.5436069872975988,3
1785529395.7542295,4638,1.4870124587110305,1.5605608145079248,2
1785529395.7542975,4639,1.5269730776592247,1.5665903140718447,2
1785529395.8045933,4643,1.487421884450911,1.550466163758239,3
1785529395.809701,4647,1.5027470559846774,1.5876384027883685,2
1785529395.8103092,4648,1.4639093070266025,1.561560019423803,2
1785529395.8222723,4649,1.5793420902408206,1.5755111297370008,3
1785529395.8698962,4650,1.4776337184743031,1.5349098685883256,2
1785529395.8700016,4651,1.5361728637906245,1.5068642032683508,3
1785529395.8704102,4652,1.4815539082321716,1.5536048681671475,3
1785529395.8704937,4653,1.506347461771164,1.507794675498141,2
1785529395.8825414,4655,1.5376926110449776,1.534896962044994,3
1785529395.9222834,4659,1.5174159053058212,1.5448120871007789,2
1785529395.9869697,4660,1.4957891816356874,1.5225963286467648,2
1785529395.9872425,4664,1.6061222275166374,1.4802207976992128,2
1785529396.0147207,4667,1.5042027778526255,1.5283251856947937,2
1785529396.038806,4668,1.566852585674352,1.515183972826806,2
1785529396.042844,4671,1.5322198988352669,1.4907605688876426,3
1785529396.0611458,4672,1.4883147731887827,1.5484708215383416,3
1785529396.1137528,4674,1.547652622490696,1.5359619525635373,3
1785529396.114776,4675,1.4145449557709266,1.5451117961529497,2
1785529396.1148715,4676,1.5578126516066173,1.5093712537113941,2
1785529396.1232102,4677,1.5323590997904075,1.5328274517857698,3
1785529396.1774151,4682,1.5014407865786659,1.5558979554029024,2
1785529396.1774695,4684,1.5007086086274344,1.5063654785946656,2
1785529396.2625859,4686,1.4773983906170838,1.4964909967822622,2
1785529396.263525,4690,1.4400694116012442,1.455635159021021,2
1785529396.2636385,4692,1.529883460073482,1.5098792332331101,3
1785529396.2636938,4693,1.5270328249492109,1.5599465478071823,2
1785529396.2676663,4694,1.5284894517833902,1.5525398508253374,2
1785529396.314958,4695,1.5387265788660383,1.5670284203546077,2
1785529396.3160837,4696,1.4931865838674507,1.5549462981608104,3
1785529396.3161817,4697,1.4921028736412068,1.5391226437308674,3
1785529396.3167562,4698,1.6203632011004159,1.6366862495528403,2
1785529396.322656,4699,1.5342916237991573,1.5370671487455496,3
1785529396.334518,4700,1.4874793057444327,1.5235347438438243,3
1785529396.391319,4702,1.5013075360533226,1.5345865016485147,3
1785529396.3931541,4703,1.5027463984365044,1.5883457840619655,2
1785529396.3932765,4704,1.474128333144145,1.5485060373944135,2
1785529396.3933573,4705,1.5147722430166577,1.5156333498270422,2
1785529396.3994706,4706,1.4785265091569626,1.5365099930935873,2
1785529396.4392307,4708,1.513200565456569,1.5117812064762726,3
1785529396.462409,4710,1.6262135257837698,1.6425421145100672,2
1785529396.4624794,4711,1.493542140918433,1.5439398071560624,2
1785529396.4625793,4712,1.4940012821929405,1.5523606483473733,3
1785529396.4694815,4713,1.5582450978505662,1.4870224907160992,2
1785529396.4871457,4714,1.489400784710837,1.4978861423057912,2
1785529396.5086553,4716,1.477392369838161,1.533502893952887,3
1785529396.5091002,4717,1.5056849769834468,1.5148775809139623,2
1785529396.5215008,4718,1.4890924631179905,1.5466559488506295,3
1785529396.541127,4721,1.5007105989491754,1.4851470752531015,2
1785529396.569419,4722,1.4514623120594212,1.440848878929251,2
1785529396.5915215,4724,1.5092398680300163,1.5212332891044666,3
1785529396.602666,4727,1.564977082376227,1.49535631401289,3
1785529396.646598,4728,1.4717921855305456,1.5188766766490505,3
1785529396.6473267,4729,1.513766396065887,1.5323282373530673,3
1785529396.6475577,4731,1.4489651031044744,1.591385384368753,2
1785529396.6537752,4732,1.519028970284358,1.509962540150006,2
1785529396.6625004,4733,1.527900449597802,1.5598602524547454,3
1785529396.705933,4737,1.5049055258448114,1.5269151352760562,2
1785529396.7669396,4740,1.5300795624164196,1.5321944990603575,3
1785529396.7672062,4743,1.5234757024122236,1.5715831018232251,2
1785529396.7715116,4744,1.5062966748574391,1.5318884805071837,2
1785529396.796423,4745,1.5295643985027714,1.534917945180992,3
1785529396.8176498,4746,1.4985680175690226,1.5374616956789744,2
1785529396.8177302,4748,1.5468258538854833,1.517377104315841,3
1785529396.8286018,4749,1.5628706177603662,1.503610392507583,2
1785529396.876625,4752,1.498380754771844,1.541806892598813,3
1785529396.8767133,4753,1.5449900070302118,1.5179450548295434,2
1785529396.8767664,4754,1.5511823213836602,1.5667506862582856,2
1785529396.8800263,4755,1.502412001358784,1.5429887856091569,3
1785529396.9340706,4756,1.5394756028572876,1.5450067620964616,3
1785529396.9342325,4757,1.5286876832482335,1.5710188989251417,3
1785529396.9420867,4760,1.4993698825763107,1.5250586505578958,3
1785529396.9434888,4761,1.5244456658072487,1.5499093278534195,2
1785529396.967693,4762,1.5385288206880918,1.582405054543175,2
1785529396.9908988,4763,1.47693237718471,1.5577284202514745,2
1785529396.9942396,4764,1.4882386508448664,1.5386282538545617,3
1785529397.0126734,4766,1.4975588484059943,1.5627783823713128,3
1785529397.0127237,4768,1.4964686224982595,1.4964686224853727,2
1785529397.049747,4769,1.530262676063186,1.5142856826351447,2
1785529397.0625408,4772,1.510792630285683,1.5521458534847268,2
1785529397.0626702,4773,1.4809032580278556,1.5007026200729428,2
1785529397.1082625,4774,1.543500283825881,1.5236963276894748,2
1785529397.1084263,4776,1.4971171857810042,1.539952770004824,3
1785529397.1084898,4777,1.4814678584865133,1.5238943331173178,2
1785529397.1650488,4778,1.5369423991909288,1.543308636789357,2
1785529397.1725264,4781,1.5167471482793673,1.5574031217884587,3
1785529397.172721,4782,1.481444074856957,1.5277494079962914,2
1785529397.1728277,4784,1.5179610462364836,1.5476666366699123,2
1785529397.3089833,4785,1.5196817313248225,1.5473540543471374,3
1785529397.31537,4786,1.50678410466806,1.551813644579282,3
1785529397.3154972,4788,1.4899928912690323,1.5324204823145315,2
1785529397.3157256,4789,1.5365689244121823,1.5513189700067787,3
1785529397.3158572,4792,1.492053236462818,1.5039145303098,3
1785529397.316035,4794,1.5814794492128121,1.5977719113834217,2
1785529397.3162427,4798,1.5657354598452609,1.5657354598366384,2
1785529397.3287292,4799,1.5094721977094492,1.5143768539052362,3
1785529397.3442698,4801,1.5348425788892799,1.5440381441182947,2
1785529397.3585968,4802,1.4869021359389185,1.5859695861888978,2
1785529397.3869853,4803,1.510498188045912,1.5470345998751303,3
1785529397.3871312,4804,1.5167981555660868,1.5405958767076489,3
1785529397.3872142,4805,1.5316275996538131,1.5129657223366149,3
1785529397.4015036,4806,1.4608384061668989,1.466496919571367,2
1785529397.4472077,4808,1.5223876652350175,1.5152086269705651,3
1785529397.4488492,4809,1.5414648411298248,1.5186409753791903,2
1785529397.4516585,4812,1.4756248759321469,1.5265876900119533,3
1785529397.4614878,4813,1.5107252466904555,1.4666448937030436,2
1785529397.5101464,4816,1.4797635289147768,1.5448718532317587,3
1785529397.510938,4818,1.519482071209806,1.5484808883887802,2
1785529397.520777,4819,1.5177735054412123,1.5161676249087317,2
1785529397.5643013,4820,1.4702451340382694,1.5778690664190684,2
1785529397.5650523,4821,1.49467731496125,1.5117877060101494,3
1785529397.614505,4824,1.5461596819358876,1.5127374930162187,3
1785529397.61905,4826,1.4999999999999187,1.5438453033876092,2
1785529397.6262977,4828,1.5198554391217074,1.5184453852270838,3
1785529397.6599524,4830,1.4985609120233088,1.5523589633534223,2
1785529397.680727,4832,1.4720586355656324,1.539234255747185,2
1785529397.6808653,4833,1.5204810659396824,1.5141820961511734,3
1785529397.6811807,4834,1.4537244985035793,1.4742365067366066,2
1785529397.690848,4836,1.5437097729503437,1.5578227331588719,3
1785529397.712006,4838,1.5526542729064592,1.5787322129961692,3
1785529397.7491984,4839,1.4774791636401183,1.5142488560592615,2
1785529397.7519157,4840,1.472172620752839,1.6049775511087234,2
1785529397.7606568,4843,1.5091802364480618,1.5636771532000837,3
1785529397.8068397,4844,1.4981971735749904,1.5447309552534634,3
1785529397.8138893,4845,1.5407927656138558,1.567680383201934,2
1785529397.8140275,4847,1.508485315315928,1.500000000000089,2
1785529397.8148742,4848,1.5293625054696915,1.5342771895758154,2
1785529397.8317933,4849,1.5300703154836144,1.519659427826,3
1785529397.83165,4850,1.447435248310161,1.5132018415722481,2
1785529397.848213,4851,1.4872094702444805,1.5481645110927815,3
1785529397.8770485,4852,1.5075968717571608,1.5389998401637648,3
1785529397.8771272,4853,1.5328091052447197,1.4742633089389265,2
1785529397.878377,4855,1.500000000000583,1.567191999437327,2
1785529397.889651,4856,1.5526734903920256,1.5208697496186172,2
1785529397.931201,4857,1.5064380455156026,1.5347249789459585,2
1785529397.931296,4859,1.5251799262686123,1.5328030170551776,2
1785529397.934001,4860,1.470448276278117,1.631521929126456,2
1785529397.9631479,4861,1.55161405822095,1.5007193752332486,2
1785529397.9914312,4863,1.4818638629236425,1.5905013132317645,3
1785529398.114396,4878,1.5504501934477086,1.6000098975028874,2
1785529398.1192427,4879,1.5470096349854048,1.5236686358905414,2
1785529398.1474004,4881,1.4830232129903123,1.502092649662491,3
1785529398.177723,4882,1.5345192967322152,1.5720195846007028,2
1785529398.177825,4883,1.5125757113958695,1.53477976684745,3
1785529398.1779277,4884,1.4840345139945184,1.5187457561464301,3
1785529398.296402,4885,1.5071250731096442,1.546059201066175,3
1785529398.29877,4886,1.5294027859160997,1.542134326200539,2
1785529398.2989023,4888,1.4857197518691247,1.5379605831986047,3
1785529398.2990403,4890,1.4669339417601874,1.4846139162042067,2
1785529398.2991529,4892,1.540030416474535,1.5207820189085917,2
1785529398.2994964,4893,1.5224754282506352,1.529896361555943,3
1785529398.29966,4895,1.4657748970993527,1.5880098224860928,2
1785529398.2997344,4896,1.5083244192795977,1.5574453301379172,2
1785529398.299805,4897,1.4729967169095115,1.5147163669708938,2
1785529398.3106198,4898,1.4861066539643846,1.5532875919959597,2
1785529398.35738,4899,1.4960451306998996,1.5663733419770516,3
1785529398.3574886,4900,1.541267553521532,1.5163166409368924,3
1785529398.3575807,4901,1.5092336772053825,1.535215780987159,3
1785529398.3629894,4902,1.4416296465669387,1.5194179508700592,2
1785529398.368375,4904,1.4796988311656227,1.46979793356745,2
1785529398.416525,4908,1.4529248472019052,1.4805088000417004,2
1785529398.4910326,4912,1.5185867993191349,1.5327310039238113,2
1785529398.4913526,4913,1.4785967614670361,1.5266800969618288,2
1785529398.4914153,4914,1.4811697604597076,1.458537773998507,2
1785529398.4915369,4916,1.4792702406584088,1.5414477383957788,3
1785529398.4964898,4917,1.5208056313771727,1.543438236395176,2
1785529398.5534368,4918,1.4723905058736746,1.5311665056178894,3
1785529398.5544736,4920,1.4349882555557922,1.5968778511856805,2
1785529398.5703819,4922,1.4828899323051186,1.5477397921632514,3
1785529398.5714312,4924,1.4976452694684546,1.5340351899161089,3
1785529398.615953,4926,1.4549392884580488,1.486765101260801,2
1785529398.6160777,4928,1.4969180698361555,1.5382806787359509,3
1785529398.675643,4932,1.4893783715285647,1.5042276476331948,2
1785529398.675852,4933,1.4685792848828032,1.5293904814976862,2
1785529398.6763973,4934,1.4856606152678506,1.5415243451266045,2
1785529398.6958342,4936,1.4615902894325954,1.517453088094874,2
1785529398.7762117,4944,1.5340829106299398,1.5383276118247176,3
1785529398.8369522,4946,1.511410563914981,1.5255537729587925,2
1785529398.8381627,4949,1.562906981975456,1.5685692661052333,2
1785529398.8391886,4950,1.5173049953211035,1.5639911792831889,2
1785529398.8915699,4954,1.5565232122711008,1.5770496253213315,2
1785529398.909191,4957,1.4673157662086134,1.485702796905775,2
1785529398.961228,4958,1.5427090057764183,1.5299773483341867,2
1785529398.9625523,4961,1.5063774893135664,1.5063774894672726,2
1785529398.9631634,4962,1.51318221333763,1.5570348430546403,2
1785529398.9933116,4965,1.524150080576596,1.5498303727224465,3
1785529399.0314112,4966,1.471411499836708,1.5421228975956995,2
1785529399.0314815,4968,1.5329947477594343,1.5426660712422773,2
1785529399.0315654,4970,1.4816540779979004,1.5064030114624614,2
1785529399.0898325,4971,1.511539135795396,1.5591804629249713,2
1785529399.0899754,4974,1.451709320488913,1.512524826928857,2
1785529399.0900645,4975,1.5170865818649966,1.520390099951489,2
1785529399.099169,4976,1.4974729141954712,1.5305927949489149,3
1785529399.1073444,4977,1.5290564941298581,1.5581010631263332,3
1785529399.11113,4978,1.4921538481419054,1.5260956017042226,2
1785529399.1535602,4980,1.4849843237788578,1.5334028469230625,2
1785529399.153631,4982,1.4821873803491594,1.5227628198269498,2
1785529399.1599193,4983,1.5115472648264445,1.5612947524933403,2
1785529399.3137672,4986,1.4206266944020747,1.5871634557041523,2
1785529399.3139133,4990,1.4726373132464772,1.47645095735997,2
1785529399.3140173,4992,1.4739555179621673,1.5684919529483565,2
1785529399.3140998,4993,1.4898629182660847,1.5320128366840275,3
1785529399.3142307,4994,1.4964234435621435,1.5346092529108568,2
1785529399.3143198,4995,1.5444350594789265,1.5492881126770017,3
1785529399.3144107,4996,1.493759305257522,1.5563721091039742,3
1785529399.3144646,4997,1.5323510361928612,1.5164400180964985,2
1785529399.3298414,4999,1.4745705924364005,1.5813262132095909,2
1785529399.3895268,5003,1.552133367212316,1.511512079399508,2
1785529399.3895812,5004,1.4272638465573253,1.53382075178238,2
1785529399.3961754,5007,1.5618132880183548,1.4862852129639403,2
1785529399.4102569,5008,1.539224855869579,1.5286578146992702,2
1785529399.46735,5013,1.5142060720021353,1.4865010649313055,2
1785529399.4768157,5015,1.537395085520386,1.5628651425339388,2
1785529399.5093985,5016,1.5747052969354012,1.5108740042834925,2
1785529399.5298612,5017,1.4971150716828816,1.5593514946394846,2
1785529399.5302346,5018,1.5384084146577106,1.5377010805540212,2
1785529399.53119,5020,1.4752385835255648,1.5884463424372284,2
1785529399.5406508,5021,1.5300544662492832,1.5349994460363807,2
1785529399.559017,5022,1.509932368545424,1.5099323684573436,2
1785529399.586946,5024,1.4864332015264485,1.5290179569465643,3
1785529399.6337054,5029,1.4759982579223443,1.519062842567219,3
1785529399.6417158,5031,1.517883834767749,1.58297442958647,2
1785529399.6842144,5034,1.4947366669469442,1.5504564339158167,3
1785529399.697129,5036,1.5180396538000571,1.556919963397703,2
1785529399.6972678,5037,1.498576740079546,1.5190831918612178,2
1785529399.7546978,5038,1.5264167394150705,1.5511737528089788,2
1785529399.7548141,5040,1.4703088192605847,1.5714341806652916,2
1785529399.7663167,5043,1.5167016987115443,1.5320049970279144,3
1785529399.8119497,5044,1.5182007060933713,1.498249666154833,3
1785529399.8150754,5045,1.52089887992295,1.5448641499330813,2
1785529399.8155694,5047,1.5216804661003187,1.5460775430638645,3
1785529399.8157194,5048,1.5108112852207758,1.5290012110476274,3
1785529399.8241413,5049,1.5546920680730014,1.487037841229743,2
1785529399.8303297,5050,1.5927733594741886,1.5871063455792302,2
1785529399.8793306,5051,1.4936023453517835,1.5552071678942467,3
1785529399.879401,5053,1.4824681145843608,1.5248946492000426,2
1785529399.8795388,5055,1.484658692151311,1.5561974989032894,3
1785529399.9395623,5057,1.4968995622121195,1.5168003909883772,3
1785529399.9397333,5059,1.5097101505258008,1.590528375090132,3
1785529399.9398513,5060,1.531407373682982,1.5393035474437229,2
1785529399.9518602,5061,1.4438128213674961,1.4791798080121568,2
1785529399.9660728,5062,1.4847681306641267,1.5637920261136515,3
1785529400.0118551,5064,1.4771431795024912,1.5301763458843431,2
1785529400.0155654,5065,1.5369623075612378,1.5978348714543327,2
1785529400.0156517,5066,1.4856471576237624,1.5443399534835522,2
1785529400.0156999,5068,1.4767121676671247,1.5862622992621909,2
1785529400.0157168,5069,1.4626771576559932,1.4874293176944446,2
1785529400.0278306,5070,1.5139152033811172,1.5485709516632655,2
1785529400.054222,5071,1.5329870583524023,1.5419665964125597,2
1785529400.0639856,5072,1.47732280822423,1.5469347596703023,3
1785529400.0784044,5073,1.5005291891639054,1.5366895493890127,3
1785529400.0844955,5075,1.510919750891825,1.5450966062749276,3
1785529400.1216862,5076,1.5276834951095486,1.5114186578231057,2
1785529400.1291885,5080,1.519310914468078,1.5341625156215095,2
1785529400.2385676,5089,1.5282384510316125,1.5049965650989505,2
1785529400.2908459,5095,1.505737772174562,1.512711874806016,3
1785529400.2910042,5096,1.4609112440965308,1.5390887559034443,2
1785529400.3103595,5097,1.5321629884892611,1.5086047577713946,3
1785529400.31139,5098,1.498583784895186,1.5042406416242748,2
1785529400.3507333,5100,1.5982772486912655,1.4802723426475533,2
1785529400.3509166,5102,1.4638884302225528,1.5543997814924395,2
1785529400.3832812,5103,1.487786022536066,1.5697436647983758,3
1785529400.4317172,5105,1.524868611092832,1.5701461418857192,2
1785529400.4319623,5106,1.5077763628435568,1.499291057923213,2
1785529400.4320793,5108,1.5196664401310247,1.4995444079286182,3
1785529400.4321785,5109,1.5049345850315272,1.5092075649303147,2
1785529400.4682348,5111,1.52038262081928,1.5338590191651036,3
1785529400.4897926,5112,1.4775264582689809,1.518831716012684,3
1785529400.4898868,5113,1.4909213412855644,1.537366319627295,2
1785529400.498638,5114,1.532705630425999,1.5482676451201944,2
1785529400.4988477,5117,1.4858377867529093,1.504222663973875,2
1785529400.5190792,5118,1.5261282125179745,1.5841501447922262,2
1785529400.5192437,5119,1.5318810381325956,1.5055970596855333,2
1785529400.5619402,5123,1.5077326223654663,1.517632471125646,2
1785529400.6213384,5124,1.464269611527032,1.5314448236956055,2
1785529400.6224816,5128,1.497080046623806,1.5956009264524897,2
1785529400.6274033,5129,1.5198417476856627,1.4935937953868144,2
1785529400.6912258,5132,1.5284717651556516,1.5270703209521848,3
1785529400.6915405,5134,1.5195368951780681,1.540047036171153,2
1785529400.6916022,5135,1.4472592613833517,1.5640630192267917,2
1785529400.7059155,5136,1.5004738282273626,1.5358354567920967,3
1785529400.7061336,5137,1.5463245709701372,1.5534601059337596,3
1785529400.732803,5138,1.4668001521736505,1.4335478011824139,2
1785529400.753872,5140,1.5702427517577922,1.4905898709829402,2
1785529400.7601106,5143,1.5226734357692293,1.5863550787747829,2
1785529400.8018475,5145,1.5450770848901598,1.60454791285402,2
1785529400.8087773,5146,1.518710957685511,1.5527114164003757,2
1785529400.821311,5148,1.4958192955877017,1.5147953750696541,3
1785529400.8648896,5150,1.5574462082588463,1.5284429502964023,2
1785529400.8655148,5152,1.5064955272005933,1.5613980962711775,2
1785529400.8655713,5153,1.5254023165999109,1.5064181249035231,2
1785529400.8701098,5154,1.4935303872458885,1.5493975436424097,2
1785529400.912887,5156,1.525591855978061,1.5663405123314178,2
1785529400.9130204,5157,1.441029296131806,1.4778123032865014,2
1785529400.9131007,5158,1.5194396376736072,1.5823830881526,3
1785529400.9656265,5159,1.482409823555043,1.514936748213985,2
1785529400.965707,5160,1.4888329575531118,1.5442810802246505,3
1785529400.9657724,5161,1.4844397744767215,1.5106810839261737,3
1785529400.96644,5163,1.4761702977015458,1.5266585299620101,2
1785529400.9745944,5164,1.4750555320840866,1.523530069749911,2
1785529400.9770243,5165,1.437746805643221,1.5006925624694418,2
1785529401.013157,5166,1.488603516862732,1.5218377358215422,2
1785529401.016678,5167,1.54146222599223,1.5188302395086368,2
1785529401.0284631,5169,1.5042446275927808,1.4985838045276645,2
1785529401.0638385,5171,1.5350565656346618,1.534947005749537,2
1785529401.0692365,5174,1.576460150941044,1.5523963521853041,2
1785529401.1125436,5175,1.5151518923573608,1.5588945699270456,3
1785529401.112641,5177,1.5155525591267862,1.531067948902075,3
1785529401.1517115,5178,1.4414961593369546,1.5100944510356553,2
1785529401.1517906,5180,1.4816949785291789,1.6046445262514994,2
1785529401.162295,5181,1.545922281015342,1.548752116228585,2
1785529401.1662147,5183,1.5281579243998344,1.513561869041782,2
1785529401.1713393,5184,1.498102992755193,1.527104308705486,3
1785529401.2168596,5186,1.533339491149488,1.5538542470638401,2
1785529401.2328806,5189,1.5055733316373674,1.5446355065856667,2
1785529401.2546225,5191,1.463874832470714,1.5644253223571345,2
1785529401.2834997,5192,1.5457696965548442,1.5129236852008816,2
1785529401.2839112,5193,1.5143525657055108,1.5391559313726204,3
1785529401.2841296,5194,1.5086228050019475,1.5482278953969035,2
1785529401.3013113,5197,1.5727267564443508,1.553617949101443,2
1785529401.336174,5198,1.4822930032306827,1.5049206257604317,2
1785529401.3457024,5200,1.4957101570327573,1.5331885553135924,2
1785529401.345796,5201,1.525964079172025,1.5592114913589643,2
1785529401.3922186,5202,1.489270532572401,1.5345267895494192,2
1785529401.4029403,5204,1.4728131835714773,1.5350387935411791,2
1785529401.413103,5208,1.4803564059415804,1.5854448781150008,2
1785529401.4503214,5210,1.4986210197235919,1.5757193348430834,2
1785529401.4782982,5211,1.5100849744945628,1.5556835555405464,2
1785529401.48167,5214,1.451060245413808,1.597079953270836,2
1785529401.5502336,5220,1.5077708897414448,1.497178888576996,2
