received_at,slot_id,x_m,y_m,observation_count
1785529371.5795138,6661,1.4992838380686921,1.5381777435505721,2
1785529371.579547,6662,1.4944831344406122,1.5334976085299807,3
1785529371.5796041,6663,1.501290028369511,1.5200828571075282,4
1785529371.5796041,6664,1.499067258822214,1.5217403278641028,5
1785529371.5796988,6665,1.4991257798158697,1.5217405222858358,6
1785529371.5797567,6667,1.4990060217507084,1.5218602903231717,7
1785529371.5798237,6669,1.5041481336203375,1.5270050314995303,8
1785529371.5798752,6672,1.504132539560429,1.529714662950261,8
1785529371.5798993,6673,1.5023824587837364,1.5297098456584257,8
1785529371.5799458,6674,1.5067626133820604,1.5340957325704045,8
1785529371.5799909,6676,1.5053560108825623,1.5355047510308608,8
1785529371.580045,6675,1.5053660129071313,1.533855558452623,8
1785529371.6123648,6679,1.5060691401737551,1.5331512985532838,8
1785529371.6301522,6680,1.5062266442280121,1.54105611778542,9
1785529371.6420858,6685,1.516685794093305,1.5410724531785545,9
1785529371.642252,6684,1.5167367898763315,1.5362422632124244,9
1785529371.6422937,6686,1.5218272587285893,1.5406183192047191,9
1785529371.6423547,6690,1.5198817625124936,1.540620201427061,10
1785529371.6497543,6696,1.5198302927723861,1.5463519603095075,10
1785529371.6500144,6697,1.5101433213628443,1.5463413033630353,10
1785529371.6500902,6698,1.5118806341461628,1.5480740492226517,10
1785529371.66003,6699,1.5118332173207423,1.5529106787574025,10
1785529371.6606312,6701,1.5180303261324353,1.55298920773572,10
1785529371.6653166,6703,1.5150129568735071,1.5559983596180889,10
1785529371.6978092,6705,1.5138861863928383,1.5548751403855594,10
1785529371.7004387,6707,1.513871889702227,1.5543462634992649,11
1785529371.7009377,6708,1.513940210262822,1.5489780150414765,11
1785529371.700963,6709,1.5128425013112763,1.5489741380132713,11
1785529371.7009828,6710,1.5074279635172534,1.5442492879842946,11
1785529371.70105,6711,1.5074359751121371,1.5432789973533618,11
1785529371.70122,6713,1.5034241905532204,1.5432461729681684,11
1785529371.7033544,6716,1.50344070920133,1.5439543812470902,11
1785529371.7099774,6715,1.5065643669511166,1.5412331824253174,11
1785529371.7283804,6717,1.5066659107755125,1.5413214968787434,11
1785529371.7283804,6718,1.5065269109530972,1.5413218233096373,12
1785529371.7382643,6719,1.5064879988881923,1.539282935887958,12
1785529371.7400136,6721,1.5055287087537597,1.5392795142546176,12
1785529371.743069,6722,1.510949328316185,1.5447032249814456,12
1785529371.7431045,6723,1.5109619988003946,1.5432940521128649,12
1785529371.743145,6725,1.5112309119150624,1.5432949387055648,12
1785529371.7431617,6728,1.5111354909799433,1.5382380173998282,12
1785529371.7474384,6727,1.510431737601452,1.5389419848018953,12
1785529371.7621064,6729,1.5067921165917197,1.5353008148581087,12
1785529371.7935703,6730,1.5074840145795672,1.5344283912113927,11
1785529371.7938867,6731,1.5066148378945055,1.5414334189962071,11
1785529371.7939508,6732,1.5059180839056037,1.5460661635713517,11
1785529371.7939875,6733,1.5048032938998184,1.5462208131940016,11
1785529371.794003,6734,1.5028486665214402,1.5442647893295918,11
1785529371.7940342,6737,1.5062925973566754,1.5438013539259565,11
1785529371.7940512,6738,1.504569510355596,1.5440373488524641,11
1785529371.794532,6739,1.5014184307537928,1.5471905349645605,11
1785529371.801654,6744,1.5020008505662166,1.543275263444096,11
1785529371.805708,6745,1.5009878102650902,1.5434105308280055,11
1785529371.826823,6746,1.492610744534734,1.5350289043339367,11
1785529371.8444324,6748,1.4950621529551011,1.5325753728209184,12
1785529371.8445976,6747,1.4950652006675988,1.5323095471632215,12
1785529371.8446705,6752,1.4952018098478566,1.5387533768382613,12
1785529371.8447304,6751,1.496425640109236,1.5375297199987166,12
1785529371.8447478,6753,1.506696047252277,1.547806063030222,12
1785529371.8447804,6755,1.506667145728173,1.546655008694639,12
1785529371.8447967,6756,1.5066789431322434,1.5440087050341318,12
1785529371.8480086,6757,1.5053730152215212,1.5439962028234977,12
1785529371.8512378,6758,1.5143993055236258,1.5530294416641317,12
1785529371.8538866,6759,1.5144206775322557,1.5489836167567446,12
1785529371.932984,6761,1.512534828176943,1.5489510398709037,12
1785529371.9370453,6764,1.5122709958601652,1.5383843245451878,12
1785529371.9393342,6763,1.5121826122245392,1.538471914819243,12
1785529371.9393759,6766,1.5147790360682325,1.5385064128813144,12
1785529371.9395802,6767,1.5147759109956613,1.5382398869731346,12
1785529371.9396083,6768,1.5147559198645397,1.5420222891714828,12
1785529371.9396672,6769,1.523555831940411,1.5420239810314194,12
1785529371.9397113,6770,1.5207137301631717,1.5391805379916519,12
1785529371.9397626,6771,1.520659059794277,1.5447114648326548,12
1785529371.9397867,6773,1.5209281046917835,1.5447133017302097,12
1785529371.9398098,6775,1.518462245546804,1.547181543330262,12
1785529371.9398565,6777,1.5147383888154007,1.5434555450358407,12
1785529371.9399037,6778,1.5122283106984704,1.5434367285189383,12
1785529371.9399254,6779,1.512223216856857,1.5430816320932907,12
1785529371.9399736,6782,1.513285304348214,1.5441452615407254,12
1785529371.9423091,6783,1.5133125380805201,1.5417688078697434,12
1785529371.9437149,6784,1.5132241624734328,1.5418572020528438,12
1785529371.9438202,6785,1.5133140645632281,1.5418572762377931,12
1785529371.9438922,6788,1.5134115240763868,1.5470087536561012,12
1785529371.9467292,6787,1.5134998977264964,1.5469204606657336,12
1785529371.9684224,6789,1.5075491109284633,1.5409669806248212,12
1785529371.9830859,6790,1.509161250497514,1.5409799482513047,12
1785529371.983593,6791,1.509167300585416,1.5414233568152331,12
1785529371.9836512,6792,1.5091735873187528,1.5411589661827256,12
1785529371.9837039,6793,1.5076033020766821,1.541153778773469,12
1785529371.9837859,6794,1.5045793996996586,1.538128400067159,12
1785529371.983849,6796,1.5037891289622587,1.5389188005406116,12
1785529371.983893,6795,1.5037444276328336,1.5443049281268881,12
1785529371.9839172,6797,1.5058963867159056,1.5443192735291806,12
1785529371.9870822,6799,1.507126877313557,1.543088078840977,12
1785529371.9951642,6801,1.5139568460629522,1.5477113008182886,11
1785529371.9963722,6802,1.5165101043975902,1.5477332223893776,11
1785529371.9964876,6803,1.5163864209379496,1.5417766513694213,11
1785529372.0246274,6804,1.5163954581620869,1.5410731950664218,11
1785529372.0573878,6806,1.5153866639952958,1.5401863314997073,11
1785529372.0592847,6809,1.515896427068566,1.5401900755984355,11
1785529372.059356,6807,1.5159724786476165,1.5313974169092133,11
1785529372.0594592,6808,1.5133703147604787,1.5336796719377572,11
1785529372.059521,6814,1.5104177632376194,1.5336524335153128,11
1785529372.0595465,6815,1.5105523816258184,1.539951662649425,11
1785529372.059565,6818,1.507916092300481,1.5376333100112598,11
1785529372.0596113,6820,1.5079158903263923,1.537633129849605,11
1785529372.0602484,6819,1.5078824576041803,1.5423061032672574,11
1785529372.0650866,6824,1.507852338960165,1.5409765442891545,11
1785529372.06922,6823,1.5083523946028066,1.540537357512962,11
1785529372.0786653,6826,1.5077406533579034,1.5405324034101557,11
1785529372.0788188,6827,1.5078625870821643,1.545674242889152,11
1785529372.0930116,6828,1.5078738028158178,1.5443519998663087,11
1785529372.1234188,6829,1.5092607808143952,1.5443588194303366,11
1785529372.1255114,6830,1.5147275979226928,1.549171340271488,11
1785529372.1256778,6832,1.5211211395313133,1.5435543627424568,11
1785529372.1257741,6831,1.5211542389901473,1.5395165035307146,11
1785529372.125829,6833,1.510959971878913,1.5394024817693213,11
1785529372.1258929,6835,1.5108588746139355,1.5394909464918975,11
1785529372.1259384,6836,1.5108107759158835,1.5370945167362862,11
1785529372.1259742,6840,1.5107915606602402,1.5391203742232922,11
1785529372.1278093,6841,1.5067201947735827,1.5391111849375225,11
1785529372.1325722,6844,1.499421842938267,1.5455212677243941,11
1785529372.1349983,6843,1.4993344640789008,1.5524194769917814,11
1785529372.164365,6845,1.5006633585842735,1.552425184877611,11
1785529372.1923444,6848,1.5007037495560176,1.5540174312500887,11
1785529372.2070794,6847,1.501364894420305,1.5528397663558613,10
1785529372.2071204,6849,1.5045289353057834,1.5556270141168147,11
1785529372.2075016,6851,1.5043359744470186,1.5472135371806572,11
1785529372.2075467,6852,1.5043035047681588,1.5491559440931164,11
1785529372.2076123,6853,1.5048966538131752,1.549155687412775,11
1785529372.2076383,6854,1.4987572010754522,1.5437552145866813,11
1785529372.2076864,6855,1.4987663121392174,1.5431360479088931,11
1785529372.207723,6857,1.5050913451142367,1.5431536746414136,11
1785529372.2077444,6859,1.5074988195628423,1.5410383194371255,11
1785529372.207787,6864,1.507491778296579,1.5414792586550843,11
1785529372.2119422,6865,1.509873984572013,1.5414778518666221,11
1785529372.2119803,6866,1.5078587182820828,1.5397063535594269,11
1785529372.2294962,6867,1.507826604688041,1.541999002880174,11
1785529372.2296314,6868,1.5085300662621652,1.541380766881296,11
1785529372.232626,6873,1.500872756587673,1.5346520254464724,11
1785529372.2798939,6875,1.4993407353755452,1.540129788517692,10
1785529372.2801373,6876,1.499408448973625,1.5339404657288123,10
1785529372.2802212,6878,1.5027245799347744,1.5364326070831111,10
1785529372.2802505,6879,1.502761393971033,1.531222109719172,10
1785529372.280301,6883,1.5063891944062278,1.5285063903995666,10
1785529372.2825568,6888,1.5063700941241898,1.5322109071074903,10
1785529372.2875466,6889,1.5031062876133552,1.5321953010770777,10
1785529372.318261,6891,1.503073050165873,1.536522380592236,10
1785529372.339922,6892,1.5041281741045407,1.535732164582907,10
1785529372.3424764,6900,1.5041124177244376,1.5373211754251686,10
1785529372.342633,6904,1.504230244252121,1.537232806031986,10
1785529372.3426614,6903,1.5042778082658077,1.5311426202719345,10
1785529372.3661427,6906,1.5008706896986463,1.5311208131696725,11
1785529372.4122756,6907,1.4972366934890495,1.527861598748384,9
1785529372.4131186,6912,1.4972290551070013,1.517551120100691,9
1785529372.4132285,6915,1.4972374620613804,1.5200772516127352,9
1785529372.4132948,6916,1.5015759978039782,1.5163793972971409,9
1785529372.4133263,6884,1.5016480501066567,1.5201667324900652,10
1785529372.4163349,6928,1.4996525467632065,1.5216526520131028,10
1785529372.4256134,6927,1.4996520926507373,1.525277212228296,10
1785529372.425704,6929,1.5047057226389586,1.5253215645247524,11
1785529372.4263647,6930,1.5068144418287406,1.5253365328646757,11
1785529372.428021,6931,1.502496716379732,1.5291011647924821,11
1785529372.4373512,6935,1.504015990796067,1.5292992753942187,10
1785529372.4643044,6936,1.5058146929766958,1.5403622946129063,10
1785529372.4912267,6938,1.5166433475084753,1.54578947836215,9
1785529372.491304,6939,1.5157937451654717,1.541242389270126,9
1785529372.491304,6940,1.5151725468883088,1.5416550655805576,9
1785529372.491725,6942,1.5138786606609047,1.5414670608404013,9
1785529372.4918933,6943,1.5181009592437995,1.5386603819722884,9
1785529372.4919217,6944,1.518338884756001,1.5397121581607998,9
1785529372.491971,6948,1.5173005590417705,1.534334349152085,9
1785529372.4920082,6949,1.5087488238714843,1.5330602252271788,10
1785529372.498733,6952,1.5100858110852382,1.5319518805238217,10
1785529372.5129833,6954,1.509003761438268,1.531788409235042,10
1785529372.5178866,6955,1.5004569081698347,1.5388623332657425,10
1785529372.518511,6953,1.5021816359805529,1.5391281381947688,10
1785529372.5279665,6961,1.5061433547753436,1.5397307798046558,10
1785529372.55199,6963,1.507505619612119,1.5482039409701853,10
1785529372.5903482,6965,1.4986125957039764,1.5468747575099056,10
1785529372.5907235,6968,1.4995105074232928,1.5515534337515566,10
1785529372.590796,6966,1.5032150530121182,1.5521017543473794,10
1785529372.590894,6967,1.508600933408446,1.547645037089687,10
1785529372.5917869,6969,1.5043687098000127,1.5439527437149676,11
1785529372.5918202,6971,1.5044045353598128,1.5455466366773318,11
1785529372.591881,6972,1.5044301881112325,1.5431631609054974,11
1785529372.591933,6974,1.5068784040171581,1.5452994481328735,11
1785529372.5919561,6976,1.5070812888121137,1.545122739295041,11
1785529372.5919747,6975,1.5071388253143994,1.537098510495245,11
1785529372.6015453,6978,1.50643816203747,1.5370930971416705,11
1785529372.6017907,6979,1.5073421194155956,1.5363055385531459,11
1785529372.601883,6980,1.5072769980185732,1.5334692444919882,11
1785529372.6032917,6984,1.5072488742089227,1.5384956231398554,11
1785529372.6076198,6985,1.5068486239405474,1.5384965905571077,11
1785529372.6133022,6987,1.506820290824215,1.5417576385177416,11
1785529372.6133022,6988,1.517502609181648,1.5324476623071874,11
1785529372.629964,6989,1.5226239208083918,1.5325127769429214,11
1785529372.6612222,6991,1.5175965753701948,1.5368936672519395,11
1785529372.6613054,6993,1.5226019846764418,1.5412640931323203,11
1785529372.6613493,6994,1.5228346449200574,1.5412660313153232,12
1785529372.6613717,6995,1.5228183408280838,1.540465934350271,12
1785529372.661421,6997,1.5238644508272445,1.5404644950129573,12
1785529372.6614428,6998,1.525643144726552,1.542243792781857,12
1785529372.6614604,7000,1.5081733985440902,1.5597271513583124,12
1785529372.6622014,7001,1.5101547774055175,1.5597474250836934,12
1785529372.6638937,7002,1.5139642883451925,1.5597563556429492,12
1785529372.6681738,7003,1.5170386471213495,1.5566788956416047,12
1785529372.6760294,7007,1.5169306935010216,1.5519651606060976,12
1785529372.7046084,7008,1.5169398248395656,1.5512617299593203,12
1785529372.7060146,7010,1.5148986332905672,1.549218980883937,12
1785529372.706124,7011,1.5148899716435091,1.5499227448259543,12
1785529372.7061546,7012,1.5192893387673105,1.545520472957397,12
1785529372.7062354,7013,1.5192894242958617,1.5455203892255827,12
1785529372.7062912,7014,1.5150255267011208,1.5455240968486215,12
1785529372.7134693,7018,1.5162812423965182,1.5455379518686982,12
1785529372.7177155,7019,1.5162852702893899,1.5458046355592883,12
1785529372.7274644,7021,1.5169830366926678,1.545804962750176,12
1785529372.7299097,7022,1.5083601461612863,1.5371775731543442,12
1785529372.7532713,7025,1.5083598226811274,1.5371772451812802,12
1785529372.7749271,7023,1.5083587196525121,1.537265404628331,12
1785529372.776329,7030,1.5070172452943131,1.53725416388667,12
1785529372.7764888,7031,1.507003051675623,1.536456581734966,12
1785529372.776526,7032,1.50698640305927,1.5386614842091584,12
1785529372.7765808,7034,1.5144427781228875,1.5461220853107083,12
1785529372.7766023,7036,1.5230643964145782,1.5374967596929348,12
1785529372.7766495,7035,1.5230814430815884,1.5352160032402227,12
1785529372.7946546,7038,1.5181907299933384,1.5352203334743622,12
1785529372.8031993,7039,1.5168946499528972,1.5326669721798403,11
1785529372.8412516,7040,1.517003768460942,1.538583141041871,12
1785529372.8447728,7044,1.5170113386433943,1.537001394695173,12
1785529372.8448749,7045,1.5140439186606804,1.53699109222928,12
1785529372.8449044,7047,1.514018010512189,1.542182291347615,12
1785529372.8449507,7049,1.5064013382746682,1.5421095246459293,12
1785529372.844986,7050,1.5140679891291664,1.542111251015775,12
1785529372.8450048,7051,1.51177598440437,1.5444046054486282,12
1785529372.845019,7055,1.5117452618958065,1.5425405890316,12
1785529372.8450544,7056,1.5117198248567574,1.5444780508230644,12
1785529372.8464017,7057,1.510762265878598,1.544480488300064,12
1785529372.8495872,7058,1.5100543576089263,1.5437721486245068,12
1785529372.8838935,7064,1.5088025805970755,1.542694206671174,11
1785529372.884269,7059,1.5081095830970253,1.5374548261268393,11
1785529372.8843064,7063,1.5102239370676465,1.5353393965732547,11
1785529372.8971338,7066,1.5042725154736916,1.534459864879162,11
1785529372.8972077,7065,1.500664062628964,1.530850148358727,12
1785529372.8972335,7067,1.5006595134485783,1.5304080308228718,12
1785529372.90182,7073,1.5117285533309561,1.5304648555574663,12
1785529372.91405,7077,1.5225618196481867,1.5413014400352938,12
1785529372.91405,7078,1.5295503900757412,1.5414018700405734,12
1785529372.9653542,7082,1.5323090866624498,1.544161018842174,12
1785529372.9817977,7085,1.5229434347535087,1.549611218906208,11
1785529372.981885,7089,1.5180555672563638,1.5447210135771163,11
1785529372.9819424,7090,1.5134627488496744,1.5453268230195447,11
1785529372.9825358,7092,1.5140833136076461,1.5412188548702086,11
1785529372.9826453,7094,1.506706697246755,1.5338384147958888,11
1785529372.9826784,7097,1.5089945727665552,1.5335330970105996,11
1785529373.0097032,7095,1.5095316580579605,1.5298350378611378,11
1785529373.0338511,7102,1.5039224202470132,1.5305806906956492,11
1785529373.0370753,7104,1.5042063258489193,1.528625385004269,11
1785529373.0372114,7106,1.511055188499994,1.535476529631557,11
1785529373.0372334,7109,1.5090783619434298,1.5357389101527792,11
1785529373.0372996,7107,1.5077297306776147,1.5446903188193573,11
1785529373.04202,7114,1.51430706119509,1.5438056442098378,11
1785529373.0422359,7115,1.5142673988668873,1.5441158243798967,11
1785529373.0526414,7117,1.5143741882196964,1.5440998111751998,10
1785529373.059554,7118,1.5099270285573,1.5403669904886081,10
1785529373.104904,7122,1.5117800198579776,1.5315867939916683,9
1785529373.1061358,7123,1.5183759424301246,1.5240314315303676,10
1785529373.1084266,7125,1.5183760892987015,1.5240312614634692,10
1785529373.1085515,7127,1.5172541623622713,1.5327628654822603,10
1785529373.108588,7128,1.516749564385566,1.5362481047490355,10
1785529373.108647,7130,1.517008505038397,1.5365597559857185,10
1785529373.1086755,7132,1.5190845629027288,1.5341835019159824,11
1785529373.108702,7131,1.5190819891269443,1.5344851374339539,11
1785529373.1087515,7136,1.5191193799152969,1.5366135153095057,12
1785529373.109649,7135,1.5132310597481313,1.5425044632140992,12
1785529373.1132195,7137,1.5074551793121536,1.5367261471766427,12
1785529373.1228573,7139,1.5074085986089778,1.533978412237289,12
1785529373.1231275,7140,1.5073832926283848,1.5372411692632,12
1785529373.1437788,7141,1.51035052948806,1.5372414453636891,12
1785529373.1740696,7143,1.5103581876650476,1.5364485575737494,12
1785529373.1749518,7142,1.5163838460404608,1.5424769761767279,12
1785529373.1750374,7148,1.51638760705801,1.5427437053961082,12
1785529373.1750689,7146,1.5075040004688547,1.5427408193642387,12
1785529373.1750946,7147,1.5060104638204317,1.544234956396526,12
1785529373.175146,7151,1.5061231156451842,1.5492856082187216,12
1785529373.1751926,7153,1.5090777577935315,1.5492992526773945,12
1785529373.1762278,7152,1.5090830341245716,1.548770382647395,12
1785529373.1791182,7154,1.5100614711299911,1.5497495545590565,12
1785529373.1919217,7158,1.5136239011714414,1.5497570034869523,12
1785529373.236724,7165,1.5066732045969016,1.5497343738754132,12
1785529373.2411346,7164,1.5012855963369856,1.5480982540413357,11
1785529373.2411883,7166,1.5028174830880792,1.5494350016435985,11
1785529373.2412763,7170,1.4980281484347744,1.5493998281786576,11
1785529373.2413526,7173,1.5107195224634928,1.560471739001721,11
1785529373.2424126,7174,1.50999546611907,1.5604642426750266,11
1785529373.2424934,7175,1.509915934156362,1.5579792547365057,11
1785529373.2535174,7176,1.5099504114280575,1.5551590849326316,11
1785529373.2537818,7178,1.4995144529715971,1.5460524884286067,11
1785529373.2590134,7179,1.499534885275187,1.5431340465948788,11
1785529373.2590134,7180,1.4970222703638822,1.5453215745357376,11
1785529373.2911084,7184,1.497170127813136,1.5503577337130017,11
1785529373.3054495,7182,1.510138643154093,1.5504618641019348,11
1785529373.3054495,7183,1.5074202309093003,1.5528288868194526,11
1785529373.3055668,7187,1.5073608700899814,1.5507012334666306,11
1785529373.3059177,7188,1.5073294738418839,1.5531707503017376,11
1785529373.3061073,7190,1.51090302359767,1.5562871501954085,11
1785529373.3061392,7192,1.5174581212850926,1.550581107717422,11
1785529373.3062327,7191,1.5174705471090328,1.5495261174108323,11
1785529373.3062594,7196,1.5174424163816609,1.5484587170231079,11
1785529373.3126433,7194,1.512152732160323,1.5484439194508066,11
1785529373.3127153,7195,1.5178876909640528,1.5434502140060729,11
1785529373.3132117,7197,1.5147193688355756,1.5406837377819744,11
1785529373.3190532,7199,1.5148460004399165,1.5454820257890607,11
1785529373.3263586,7201,1.5150457813308875,1.5454816986204123,11
1785529373.3295417,7202,1.520269514985856,1.5500428580572911,11
1785529373.3797865,7204,1.5086068264727377,1.5601904778012359,11
1785529373.3825982,7203,1.5086368122903253,1.5575463832452545,11
1785529373.382719,7208,1.5088084562377588,1.562425581891837,11
1785529373.3827431,7206,1.5118911200335414,1.5624512738792424,11
1785529373.3827999,7207,1.5157079556132367,1.559132752590645,11
1785529373.382843,7211,1.5154432206484447,1.5508636971834564,11
1785529373.3828866,7217,1.5141661064724412,1.5508473296033378,12
1785529373.3841922,7215,1.5141615020820574,1.551111348266954,12
1785529373.418981,7221,1.5055302572479472,1.5424721393343017,12
1785529373.4363549,7222,1.514670566621951,1.5425825757533294,12
1785529373.4363916,7223,1.5145930652279644,1.5392061649910418,12
1785529373.4381092,7228,1.5180080581401214,1.5357895715672865,12
1785529373.4382362,7227,1.5180104156968497,1.5349985284260506,12
1785529373.4382672,7229,1.5191727592702187,1.535016709941107,12
1785529373.438318,7232,1.5189660971935057,1.5231841909172164,12
1785529373.4383688,7231,1.5095656119061616,1.5325860385394714,12
1785529373.4383984,7233,1.5074315998910626,1.5304520576915002,12
1785529373.4420052,7234,1.498504266493208,1.5304024707311055,12
1785529373.4424033,7235,1.498586887462835,1.5358810957218128,12
1785529373.44527,7236,1.498560470593189,1.5391537552880192,12
1785529373.4494352,7238,1.49004357808138,1.5306335550718702,12
1785529373.4868534,7239,1.4900479323668214,1.5301899539761585,12
1785529373.486935,7237,1.4966076615652224,1.530224194685473,12
1785529373.486982,7246,1.4976788637707985,1.530225330102985,12
1785529373.4870193,7249,1.4911174595688461,1.5301912190706306,12
1785529373.4917517,7250,1.4960881531673764,1.5351637391726822,12
1785529373.5120502,7253,1.4993068397054041,1.5351772208661665,12
1785529373.5333812,7252,1.5006253110699543,1.5338583196937383,12
1785529373.533409,7257,1.5031130730277695,1.5363470217944584,12
1785529373.533453,7258,1.5044547472072047,1.5363562751052577,12
1785529373.5335014,7260,1.5044662557419943,1.534326106894089,12
1785529373.533536,7261,1.5061260880894474,1.534333347548446,12
1785529373.5335543,7262,1.498925201094551,1.5271301575398566,12
1785529373.5342155,7263,1.4988964228350192,1.5328778515024934,12
1785529373.5457582,7267,1.5009207460983465,1.5308529372745363,12
1785529373.5752778,7269,1.5023404825895295,1.532273076689304,12
1785529373.582548,7270,1.4999287624342783,1.5322633797526097,12
1785529373.5829022,7271,1.4993620975810646,1.5346477680727846,11
1785529373.5829682,7273,1.5007550947347836,1.53465340920487,11
1785529373.583027,7274,1.5115555488339463,1.5441482532318132,11
1785529373.5830574,7275,1.5116362366476586,1.5367511562118206,11
1785529373.5831096,7277,1.5072555844575217,1.5367179750041249,11
1785529373.5982893,7279,1.5099616437783394,1.5343425106653548,11
1785529373.6266026,7284,1.5099474269345323,1.5359283844371199,11
1785529373.6267922,7285,1.5160136454107036,1.5359195517253668,11
1785529373.6268263,7286,1.511476894325403,1.5319350013381958,11
1785529373.6284046,7287,1.5114502340287141,1.5343126932952285,11
1785529373.6319728,7294,1.5133848259597682,1.534321642377775,11
1785529373.6379874,7295,1.5133640040961234,1.53281208367276,11
1785529373.6707287,7298,1.5124603815758804,1.5322659393771823,10
1785529373.670772,7300,1.5088467714377243,1.535896205907679,10
1785529373.6708622,7299,1.5088744532149942,1.532266829330694,10
1785529373.67103,7301,1.5150829087246698,1.5323216667546946,10
1785529373.6710987,7302,1.516123242990843,1.532321734993558,11
1785529373.67115,7303,1.5132244129817498,1.5356428475934487,11
1785529373.6820958,7305,1.511712762996328,1.5339140603215715,11
1785529373.6823297,7306,1.5083164545755372,1.5338827135743416,11
1785529373.6863158,7307,1.5082804343207716,1.5311450034458478,11
1785529373.6864824,7308,1.5082908243200321,1.5292292750080132,11
1785529373.6876528,7309,1.5057528540108864,1.5292243961537777,11
1785529373.69235,7311,1.5057037084409859,1.5372958221757287,11
1785529373.7094183,7310,1.5102257561381232,1.5424681620106184,11
1785529373.7312706,7316,1.5102465537636531,1.543776042557891,12
1785529373.731602,7315,1.5131573759729104,1.540863618667551,12
1785529373.731638,7317,1.5137770365744694,1.5414835711492956,12
1785529373.7316892,7319,1.5138984708188854,1.5483231748832211,12
1785529373.7317462,7321,1.5087695733631385,1.5483178624652087,12
1785529373.7317696,7322,1.5033479802744194,1.5428927655626175,12
1785529373.7335382,7323,1.5033788679950273,1.53838904427843,12
1785529373.7798493,7327,1.5080278728305159,1.5337378206657304,12
1785529373.7900293,7333,1.5099504322866066,1.5337452510969904,12
1785529373.7901032,7334,1.5075484191815738,1.5313423657022436,12
1785529373.7901285,7335,1.5075210144361668,1.5363683608554188,12
1785529373.795505,7341,1.5100077431519237,1.538856327442862,12
1785529373.7978837,7342,1.5140359504567664,1.538895023603115,12
1785529373.8009868,7343,1.513969206383902,1.5351643820475749,12
1785529373.8061504,7344,1.514001050711328,1.5274220196753465,12
1785529373.8102589,7346,1.5180085368314598,1.5314298471139947,12
1785529373.813005,7348,1.5179203854299883,1.5315184941084503,12
1785529373.8131268,7347,1.5179182536811704,1.531781422545175,12
1785529373.8330219,7352,1.5179174909915811,1.5315146272597726,12
1785529373.8475177,7351,1.5171259939350858,1.5323042734485763,12
1785529373.847728,7353,1.5160575165569816,1.5312356259579438,12
1785529373.8477716,7354,1.5173969799077194,1.5312532399205252,12
1785529373.847826,7355,1.5174340023864057,1.5332094660634774,12
1785529373.8485632,7358,1.5152057069266194,1.5309807488017029,12
1785529373.8538158,7359,1.5152042939675447,1.531596185846219,12
1785529373.858545,7360,1.5149391340599567,1.5318614571315277,12
1785529373.8607776,7361,1.5125297810928922,1.5318290840624413,12
1785529373.8629444,7362,1.5054475419662854,1.5317880850993877,12
1785529373.8727398,7363,1.503084759528824,1.5341509870613605,12
1785529373.9811277,7368,1.5030615968024752,1.5406861696926764,12
1785529373.9834652,7369,1.4990520089951773,1.5406535697805033,12
1785529373.9834938,7370,1.5000326854928758,1.5416351412766844,12
1785529373.983541,7371,1.5000386044514515,1.540220823894904,12
1785529373.984723,7373,1.4998595084333144,1.5402206872604147,12
1785529373.9847667,7374,1.5015159128840723,1.5402341444677616,12
1785529373.9848557,7375,1.4910105091427721,1.5507468934233932,12
1785529373.9849129,7378,1.4920877490192355,1.550754993185973,12
1785529373.984937,7381,1.48678933712896,1.5506800337260263,12
1785529373.98498,7382,1.4949201167649244,1.5588193728492223,12
1785529373.985002,7383,1.4948997035425964,1.5612118650380573,12
1785529373.985041,7385,1.4889508054757075,1.5611702312299727,12
1785529373.985062,7388,1.4890797918425982,1.5654008885652815,12
1785529373.9851034,7387,1.5013227075144426,1.5531440916063268,12
1785529373.9851289,7389,1.5019484871523192,1.5537680544322985,12
1785529373.985169,7390,1.4988909558135093,1.553738796680351,12
1785529373.9851878,7391,1.4987806021177728,1.5494068604733624,12
1785529373.9852278,7392,1.498824336262595,1.5429503729739884,12
1785529373.985271,7393,1.5104953452355847,1.5430203462838037,12
1785529373.9852908,7394,1.501609240166563,1.534129584688409,12
1785529373.9853268,7395,1.501611870566781,1.533599180072038,12
1785529373.9853647,7397,1.5059906021700076,1.5336334272661034,12
1785529373.9931262,7399,1.5032712943944615,1.5363540634765718,12
1785529374.0023704,7404,1.503241915400523,1.5409462066316153,12
1785529374.0058477,7405,1.5021088701035294,1.540940632596579,12
1785529374.0383022,7406,1.5005973644344084,1.5394283590586944,12
1785529374.0578835,7408,1.5024415611659492,1.537583134340654,12
1785529374.0629277,7412,1.5024601095857928,1.5385564398470573,12
1785529374.0629802,7411,1.5093086111386689,1.5317052313390767,12
1785529374.0630026,7413,1.5093972708740853,1.5317933408172388,12
1785529374.0630445,7415,1.5094503305462612,1.534720590539026,12
1785529374.0630631,7416,1.50945730294898,1.524059434583495,12
1785529374.0631008,7418,1.5135672959180948,1.5281688751573013,12
1785529374.06312,7420,1.5119943632125676,1.5297431571725115,12
1785529374.0631368,7419,1.5119897251195915,1.5272783881179133,12
1785529374.063571,7424,1.5119913231842244,1.5274555435751287,12
1785529374.0666945,7423,1.5067536287450964,1.5326968166547221,12
1785529374.11663,7426,1.5135427111548405,1.5328081506143667,12
1785529374.119428,7427,1.5134207443556298,1.5274795928692835,12
1785529374.1194608,7432,1.5103655108795668,1.5305347097119655,12
1785529374.1195202,7433,1.510900719918562,1.5305436910933172,12
1785529374.1195445,7435,1.5120353827836086,1.5294088222077957,12
1785529374.1280558,7438,1.5099828662113621,1.5293762775395912,12
1785529374.133728,7439,1.5099600080738422,1.5283118374340892,12
1785529374.1437263,7445,1.5060345753635775,1.528258833216862,12
1785529374.1790726,7447,1.5097082781641498,1.5245839304974274,12
1785529374.182955,7450,1.5065899134936056,1.5245449837213838,12
1785529374.183054,7451,1.506656952610117,1.5281775604477377,12
1785529374.1831105,7456,1.5155786536780715,1.5192549409101423,12
1785529374.183156,7457,1.512910903105161,1.5192149839234748,12
1785529374.233643,7459,1.5096845541951602,1.5277408809621198,10
1785529374.2341657,7469,1.5232774452941429,1.5278979109955912,10
1785529374.234279,7467,1.5232811465167055,1.5251794816007271,10
1785529374.2387524,7468,1.5146989773677486,1.5316370329763114,10
1785529374.24284,7474,1.5021632055518193,1.531488670326094,10
1785529374.248753,7477,1.5003656748905132,1.5314717045099193,11
1785529374.251093,7478,1.5030095295029524,1.5337964834632214,11
1785529374.295078,7479,1.507060329829671,1.5564403931965365,8
1785529374.2956638,7485,1.5044687680112776,1.5533984946088428,9
1785529374.2957351,7486,1.5128536656529539,1.5534395756069137,9
1785529374.295754,7487,1.5128257496946766,1.551781823376936,9
1785529374.295797,7488,1.5128700761918854,1.548063834167438,10
1785529374.2958384,7490,1.5093328201653389,1.544505012158251,10
1785529374.2958572,7492,1.508932650774243,1.544907396681184,10
1785529374.29681,7491,1.5089740983224784,1.5398663399327364,10
1785529374.3020656,7496,1.5090241680315866,1.5423011431412494,11
1785529374.303692,7494,1.505662966434367,1.5422901377152953,12
1785529374.3080578,7495,1.5099652525548435,1.537985482468775,12
1785529374.3197782,7499,1.5100236785773449,1.540912784396413,12
1785529374.3266573,7500,1.5100413188137838,1.5375649957390856,12
1785529374.3269627,7501,1.508819684280813,1.5375580976284768,12
1785529374.3307576,7502,1.5090846737677721,1.5378233024226113,12
1785529374.3369493,7503,1.5090974378018158,1.5332431214396323,12
1785529374.3436117,7508,1.5091465565876276,1.5354597022444518,12
1785529374.346438,7506,1.4990172393963308,1.5353433890844497,12
1785529374.347733,7507,1.5007566040603422,1.533601132477427,12
1785529374.3865962,7509,1.4977082731970954,1.530551017356542,12
1785529374.3867033,7510,1.4946723081363598,1.5305111330669996,12
1785529374.3867483,7511,1.494620700932985,1.5283047392392215,12
1785529374.386784,7512,1.4946274754387927,1.5364512932244712,12
1785529374.386815,7513,1.4965480158915259,1.5364740630736553,12
1785529374.3868322,7514,1.4991353737721027,1.5390624709323404,12
1785529374.3868675,7517,1.4905420079143106,1.5390068429172308,12
1785529374.3868997,7515,1.4905328914624725,1.540337065446018,12
1785529374.4031768,7522,1.5006520562618801,1.5404034018618808,12
1785529374.4033008,7523,1.5007893157980776,1.5458872217791664,12
1785529374.4228404,7528,1.5050696904372192,1.5416048504079485,12
1785529374.4390569,7529,1.5107144638601209,1.5416880905830062,12
1785529374.4390998,7527,1.510682845449783,1.5504089601406468,12
1785529374.444814,7534,1.5040348105126466,1.5503329570480886,12
1785529374.4460135,7535,1.5039308454611204,1.5459054064306759,12
1785529374.4528372,7539,1.5039654845413732,1.540961034859768,12
1785529374.4607024,7541,1.5062047693152134,1.5409838437901344,12
1785529374.479718,7542,1.517273988580152,1.5410182056856596,12
1785529374.4932575,7543,1.5207910567382854,1.537500060625182,12
1785529374.493581,7547,1.520843674678549,1.5403487065317552,12
1785529374.493698,7548,1.520861119840549,1.5377153636666034,12
1785529374.4937713,7549,1.5156257707934042,1.5377064170805654,12
1785529374.4938042,7550,1.5177647685784112,1.539846700410321,12
1785529374.4938648,7552,1.5210938359816826,1.5365167651206668,12
1785529374.5029244,7553,1.5150112962015152,1.5364332892723866,12
1785529374.5033233,7556,1.5149646359256355,1.5338565877080856,12
1785529374.509448,7554,1.5109454604419719,1.5338474027609708,12
1785529374.5294776,7558,1.509604658858382,1.5338333204537276,12
1785529374.5623071,7557,1.5134306770893076,1.5376608612282991,12
1785529374.5623558,7559,1.5133895719892818,1.5354408530208743,12
1785529374.5663285,7565,1.5123165518193227,1.535429841761175,12
1785529374.5664668,7566,1.5130151273429249,1.5354308063730244,12
1785529374.5665207,7567,1.5100272217331894,1.5384199616312988,12
1785529374.5665443,7571,1.5099138133292889,1.5313237485982674,12
1785529374.5675416,7572,1.5099380652137775,1.5271828261438316,12
1785529374.568083,7573,1.5161561406348454,1.5271775153743703,12
1785529374.5756626,7575,1.5161713218285267,1.5245400477815114,12
1785529374.5822392,7574,1.5126239683665015,1.520992295227227,12
1785529374.598728,7579,1.5105980664614809,1.5230183473031256,12
1785529374.6213462,7580,1.510614416069857,1.5244377290160056,12
1785529374.6214,7585,1.5082476112702177,1.5244350799233184,12
1785529374.6215334,7587,1.5082331954638315,1.527608539950419,12
1785529374.6216502,7589,1.509303504471172,1.5276157593085906,12
1785529374.6333714,7591,1.5062226805787065,1.5306974125687938,12
1785529374.6392937,7592,1.5062890292099662,1.534949871839451,12
1785529374.6682818,7597,1.5051536074392913,1.534945825400225,12
1785529374.680844,7598,1.5011536350041326,1.530944461321828,12
1785529374.6814544,7599,1.5011619985475166,1.5286469274154113,12
1785529374.6815057,7604,1.5010856342096985,1.5233406281892174,12
1785529374.6815517,7602,1.500208707122889,1.523336305672072,12
1785529374.6815689,7603,1.4994173653071368,1.5241277728533518,12
1785529374.6816132,7606,1.5044064112081021,1.5241607118785652,12
1785529374.6816487,7607,1.5046309896551082,1.536113480246214,12
1785529374.6954274,7610,1.4941106726449926,1.538954936171076,11
1785529374.7392957,7612,1.5031494133701255,1.529911709832963,12
1785529374.7407439,7613,1.5088629647546978,1.5299886388964807,12
1785529374.7408113,7616,1.508979351552885,1.5347771608480862,12
1785529374.7408888,7617,1.5053047145472784,1.531102208060849,12
1785529374.74108,7615,1.510008623322964,1.5263955946121528,12
1785529374.7527525,7619,1.5098475529810322,1.518411817474861,12
1785529374.7531414,7625,1.5109147021745704,1.518426923177781,12
1785529374.7725663,7630,1.508341691691695,1.5196908813014984,11
1785529374.7967875,7637,1.4997118296926644,1.5195950720530031,11
1785529374.8144336,7642,1.4931282031032664,1.5195593499842126,11
1785529374.8319383,7649,1.5014009214007407,1.5196094758807437,11
1785529374.8632917,7654,1.5063833378204512,1.5196643882368717,11
1785529374.8633754,7661,1.4992668797131776,1.519591634075714,11
1785529374.8668313,7659,1.499265584661458,1.5189853470591006,11
1785529374.875408,7666,1.5013484657144986,1.5189997956914998,10
1785529374.8778522,7667,1.5014584616669835,1.5264782008740139,10
1785529374.8850915,7668,1.509017395179738,1.5251580734070342,10
1785529374.9326093,7670,1.5159599818096317,1.530405827412529,10
1785529374.937197,7672,1.501078798086401,1.5416413996258025,10
1785529374.9372272,7671,1.5010682333751746,1.5426143134355679,10
1785529374.9372485,7676,1.500944533949826,1.5376610951446619,10
1785529374.9373035,7674,1.4816350303800074,1.5374461672454973,11
1785529374.9373248,7675,1.4796444730616596,1.5391892802135076,11
1785529374.9373646,7679,1.4797019981237451,1.5411217346427375,11
1785529374.9374042,7680,1.4796981003759424,1.5371176685700947,11
1785529374.9374423,7681,1.4766741143916022,1.5370517514203168,12
1785529374.9374616,7682,1.4731760012487274,1.5335535461869723,12
1785529374.9375038,7683,1.473156597886902,1.5297185942720142,12
1785529374.9402168,7685,1.4730673473686007,1.5297184172733087,12
1785529374.9466035,7687,1.4676024133437513,1.5284272597042206,11
1785529374.9528484,7689,1.4761863302793041,1.5370130287923316,12
1785529374.956023,7690,1.4794088328086037,1.5370445693243842,12
1785529374.9576128,7691,1.4793867398788172,1.5362542502996965,12
1785529375.0074105,7693,1.4788628221279694,1.5362415553027196,12
1785529375.0121577,7694,1.4852427011662757,1.542624197142073,12
1785529375.0130308,7696,1.4862870467281357,1.5415828543370267,12
1785529375.0130644,7697,1.4930955608359506,1.541681226636887,12
1785529375.0130975,7698,1.5120941299649553,1.5419611021463357,12
1785529375.0131493,7699,1.5131444130081995,1.5409132119875837,12
1785529375.013169,7704,1.513096181239907,1.5509471847691008,12
1785529375.0138044,7705,1.5245608272626259,1.550952840470432,12
1785529375.0163503,7706,1.5229630386895217,1.5493537268819852,12
1785529375.0194154,7708,1.5291190666666654,1.543194604380834,12
1785529375.0197122,7707,1.5291048742805018,1.5445951004457157,12
1785529375.0223305,7709,1.53260280366629,1.5446474627225393,12
1785529375.0349507,7713,1.529848482251,1.541892208086441,12
1785529375.060761,7714,1.5279665311631594,1.541864546199835,12
1785529375.090767,7715,1.5278731577997355,1.536332483271073,12
1785529375.0917842,7716,1.5279236974594377,1.5285391447993943,12
1785529375.0919034,7718,1.53103502677466,1.5316502316607519,12
1785529375.0921574,7720,1.5268169590693799,1.5358689421706815,12
1785529375.0922558,7724,1.5268871589826227,1.5396153093772584,12
1785529375.0922942,7719,1.5268186022733334,1.5472374074955748,12
1785529375.0923207,7723,1.5288423603930723,1.5452128875428357,12
1785529375.0923715,7725,1.5283986592892231,1.5447689240642049,12
1785529375.0923991,7727,1.528530379383045,1.5510167456115693,12
1785529375.0924187,7728,1.5284221428432216,1.558986323226828,12
1785529375.092462,7729,1.5247846575620136,1.5590041217450274,12
1785529375.0924795,7730,1.5222987822670058,1.556516044177413,12
1785529375.1031666,7733,1.5198683375748523,1.5564881764202474,12
1785529375.1065178,7731,1.5199181927338077,1.5527992409904954,12
1785529375.1207333,7737,1.5204511808640706,1.5533325358021133,12
1785529375.1208491,7738,1.5209008108718447,1.5533354565319502,12
1785529375.1208742,7739,1.5207656688475413,1.5469271817690762,12
1785529375.1227238,7740,1.5208096836409888,1.5428886186649915,12
1785529375.1316884,7741,1.514799894704479,1.5428891455077265,12
1785529375.16225,7742,1.5154224481392737,1.5435123441014111,12
1785529375.1632473,7743,1.5154162450227853,1.5443039255283673,12
1785529375.163303,7745,1.5148782238383345,1.5442977277411418,12
1785529375.163321,7748,1.5148171465346756,1.5412765740194008,12
1785529375.163356,7747,1.5097206612929508,1.5463759711766911,12
1785529375.1633859,7749,1.5062550831594015,1.5429085004896372,12
1785529375.1634061,7751,1.5062587457719867,1.5431741847645255,12
1785529375.1690142,7752,1.5062195810860848,1.5472326938074854,12
1785529375.169799,7753,1.5067413680563317,1.5472338658248461,12
1785529375.169839,7754,1.5031033810442056,1.5435934017434907,12
1785529375.174045,7755,1.5031304469043736,1.5406789002997856,12
1785529375.1873984,7757,1.4989210182895985,1.5406581707363558,12
1785529375.2156382,7759,1.4921882726040796,1.5442481852195231,11
1785529375.2177396,7764,1.4922378651360777,1.5383099111018113,11
1785529375.2275987,7765,1.4979996407622445,1.5383537051375307,11
1785529375.2276728,7766,1.4959767311024499,1.5365751080783903,11
1785529375.227703,7768,1.4958760494096615,1.5366634431253337,11
1785529375.2278147,7769,1.4945522334246133,1.536657944668332,11
1785529375.2278538,7771,1.5000625773059935,1.5318219829531277,11
1785529375.232366,7773,1.5033995018724076,1.534753671402,11
1785529375.2352998,7774,1.4994282744636318,1.5347370140019088,11
1785529375.252926,7775,1.4994373813098263,1.5352673763181275,11
1785529375.2876809,7777,1.4963537031013203,1.5352525394952106,11
1785529375.289873,7778,1.5047415293621347,1.5426273590685278,11
1785529375.2921724,7780,1.5063447479121055,1.541219179054112,11
1785529375.2926073,7779,1.5063695193950792,1.5388372730461917,11
1785529375.2927647,7781,1.4990312110251496,1.5388026607727323,11
1785529375.2928936,7783,1.5015390931491013,1.5366002163620138,11
1785529375.2929583,7785,1.502447517328549,1.5373985277757474,11
1785529375.2930114,7786,1.5022437510793574,1.537398416308558,11
1785529375.2930374,7787,1.5022708064402486,1.5389019718870371,11
1785529375.295991,7789,1.5048529332092546,1.5389066046607953,11
1785529375.296224,7790,1.503440827479289,1.5376654827717056,11
1785529375.2962651,7792,1.5038423581808205,1.5373128252789219,11
1785529375.2963467,7791,1.5038449020434774,1.5371362311556667,11
1785529375.3004425,7793,1.5105686308890538,1.5371714180708766,11
1785529375.3078518,7794,1.5036950317640831,1.537150577261797,12
1785529375.307973,7795,1.503694725243239,1.53715057887759,12
1785529375.3330982,7797,1.5034296286690312,1.5368853594853957,12
1785529375.353961,7798,1.512284031771899,1.5369777853219293,12
1785529375.3549228,7799,1.5121769064928967,1.5315626058359983,12
1785529375.3550193,7800,1.512172171726448,1.5329708532489343,12
1785529375.355077,7801,1.5090257809533543,1.5329577842999873,12
1785529375.3551006,7803,1.508991639240921,1.5397441621366534,12
1785529375.3559961,7807,1.5128565830439382,1.5358777766256841,12
1785529375.3654547,7812,1.512801078809067,1.5271770580271027,11
1785529375.3658555,7813,1.5090352394875413,1.5271594741303607,11
1785529375.4331293,7827,1.5090336272197529,1.525445838270721,11
1785529375.464338,7836,1.5090347592764688,1.526655352680719,11
1785529375.4960115,7839,1.509034920289707,1.5288731170810015,11
1785529375.49613,7848,1.509034876734604,1.5268571688516992,11
1785529375.4961786,7850,1.5078749650014032,1.5255316766227691,11
1785529375.5335255,7857,1.5303664596632582,1.5297339798659808,8
1785529375.5521562,7858,1.5340418008359773,1.5291842834113722,8
1785529375.55224,7860,1.5342109459205349,1.5283389527215552,8
1785529375.5523188,7862,1.5414558453383362,1.5341800774480527,8
1785529375.5523508,7865,1.5382595845852807,1.5346499219509377,9
1785529375.5524366,7863,1.5385242824716208,1.53308894306845,9
1785529375.5524795,7864,1.5304615439712852,1.5412076632066751,10
1785529375.553975,7869,1.530662311932456,1.5414108801070718,10
1785529375.5653346,7870,1.5187693766568224,1.5511795491325686,8
1785529375.5655293,7872,1.518477601947848,1.5529301997634977,8
1785529375.567057,7873,1.5191885423250289,1.552793800950716,8
1785529375.5841863,7874,1.5151604879060196,1.547712847969785,8
1785529375.6063373,7875,1.51650283376141,1.539551526730779,8
1785529375.6090307,7877,1.5210223279818489,1.5387486363211933,8
1785529375.611083,7879,1.5259975062759343,1.5328816648961745,9
1785529375.6112387,7884,1.5259936440679585,1.5401671328740454,9
1785529375.6113029,7885,1.534829018382543,1.5401389331733186,9
1785529375.6116755,7886,1.5365510971023415,1.5421700727039624,9
1785529375.6240957,7889,1.5271648724561904,1.5420022406724976,9
1785529375.6291816,7887,1.527167092247455,1.5417672173823473,9
1785529375.6337044,7894,1.5331856806725288,1.5418683683652035,9
1785529375.6527424,7895,1.533221718341852,1.5439318695034232,10
1785529375.6736996,7896,1.5332720003890445,1.5385201270778215,10
1785529375.6742744,7898,1.5236558448620048,1.5288461174635508,10
1785529375.6749659,7900,1.531781275408738,1.5206796494331465,10
1785529375.6749976,7904,1.5318198730476973,1.5239346561732559,11
1785529375.6750417,7903,1.5188790638413072,1.5352844661071134,11
1785529375.675062,7905,1.512908871174856,1.5300401805355393,11
1785529375.6790934,7906,1.5058897457359455,1.5299892236098487,11
1785529375.6792457,7907,1.505924716122961,1.5321151403965176,11
1785529375.6921027,7909,1.4977566409898522,1.5320697805593892,11
1785529375.6926923,7910,1.4988721056223457,1.5330506863259257,11
1785529375.6930947,7912,1.495775667472168,1.5357671862523872,11
1785529375.7015462,7911,1.4957357910366755,1.541610207622307,11
1785529375.7303872,7913,1.5033844124868692,1.541660599239936,11
1785529375.7341409,7914,1.5026250084255055,1.5416555253814854,12
1785529375.7341712,7915,1.5117438240274006,1.5325326161960162,12
1785529375.7343116,7919,1.5117234433149518,1.5313782586402787,12
1785529375.734365,7920,1.5116913149444833,1.537541935661951,12
1785529375.7376802,7922,1.5166657770524263,1.5425188959376546,12
1785529375.7377443,7923,1.5166542544616501,1.5437498393330773,12
1785529375.7377443,7924,1.512697049661115,1.5477095511425558,12
1785529375.7452235,7926,1.5113057532916905,1.5477082756851146,12
1785529375.7474697,7927,1.5039239901729224,1.555096363804328,12
1785529375.7817454,7929,1.5060554008545857,1.5572304353004969,12
1785529375.7989569,7930,1.5047050737410694,1.5572211556136557,12
1785529375.799025,7931,1.5046882303446112,1.5565124977455342,12
1785529375.7991328,7932,1.5047075311567357,1.5550998884574299,12
1785529375.7995818,7933,1.506181794875761,1.555104381653256,12
1785529375.7996304,7934,1.5031639738820302,1.5520836650907355,12
1785529375.7996905,7936,1.5026363194614651,1.5526116641798524,12
1785529375.7997446,7937,1.4977818809686132,1.5525920499604837,12
1785529375.799788,7938,1.494223034453814,1.552573495277807,12
1785529375.8010385,7939,1.4955422695107023,1.5512530144074805,12
1785529375.8058066,7944,1.4955392864045927,1.5514301047677477,12
1785529375.806619,7945,1.4941506749240878,1.5514211966882796,12
1785529375.809298,7946,1.4967252329430905,1.5539981508150964,12
1785529375.816215,7948,1.501033518984863,1.5496861180068684,12
1785529375.8163214,7947,1.5010598128930834,1.5472996422844745,12
1785529375.844514,7951,1.5019384507152242,1.546420287143904,12
1785529375.8681881,7952,1.501885048112802,1.5437658066916988,12
1785529375.868232,7957,1.5042359716330942,1.543773356426181,12
1785529375.868295,7958,1.506187373530115,1.5457260063552796,12
1785529375.8683167,7960,1.5047791088514433,1.5471353291290295,12
1785529375.868341,7959,1.5047627675009574,1.5484594920101005,12
1785529375.8721583,7962,1.5072836534462013,1.5484618034778048,12
1785529375.8740997,7963,1.5153929346610358,1.5403475482626776,12
1785529375.8791673,7964,1.5154629995393003,1.5444354808874763,12
1785529375.8918052,7968,1.515521169884992,1.5379275198813327,12
1785529375.9268353,7969,1.5170916991817305,1.5379275608605412,12
1785529375.9286835,7972,1.5242996024154745,1.5307178958231964,12
1785529375.9287155,7971,1.5243093292026741,1.52843823506082,12
1785529375.9287882,7973,1.5252016049664732,1.5284510617592155,12
1785529375.9288669,7976,1.525170522060806,1.5264009091968729,12
1785529375.928905,7974,1.5305146517592945,1.526376806897628,12
1785529375.9289258,7975,1.5187183744347188,1.538174879812054,12
1785529375.9290056,7977,1.5183647456121616,1.5378215251293088,12
1785529375.9290466,7978,1.5210479571039834,1.5378493023818982,12
1785529375.9290643,7979,1.5209444599442274,1.5309945928995539,12
1785529375.9290965,7980,1.520852373758142,1.5395973310568933,12
1785529375.9355638,7981,1.5180618373873138,1.5396152411491344,12
1785529375.935627,7982,1.5137286722059156,1.535280417920969,12
1785529375.943022,7983,1.5137778139013627,1.530000766262369,12
1785529375.9857974,7990,1.5111892244812644,1.529984629247688,12
1785529375.986578,7991,1.511182114855205,1.529363516249679,12
1785529375.9866407,7996,1.5010348837770915,1.5395146315457857,12
1785529375.9867232,7997,1.5073019205607983,1.539539346144337,12
1785529376.0038474,7999,1.512409335012558,1.5344298461529708,12
1785529376.0100548,8000,1.5124470842593702,1.5368266964953883,12
1785529376.016316,8008,1.5214230713853318,1.5278484764265985,12
1785529376.0591073,8011,1.5208071937960363,1.5284644311865534,12
1785529376.0812874,8012,1.5207861207327389,1.5268622768545816,12
1785529376.0823145,8020,1.515767272800099,1.531881984808438,12
1785529376.0824907,8021,1.5043349896309561,1.531822134290277,12
1785529376.0825305,8023,1.5075162244070883,1.5286399672838826,12
1785529376.0886686,8027,1.5075946173974408,1.535286914751087,12
1785529376.1022224,8036,1.5075860645610883,1.5346665308460337,12
1785529376.1037781,8034,1.5012969384513999,1.5346560745037807,12
1785529376.1358764,8035,1.4922041899662146,1.5207333351201104,8
1785529376.1480653,8039,1.4954519323503734,1.5290190243239374,7
1785529376.1626625,8041,1.5040188571603081,1.5332783992729655,8
1785529376.1628623,8040,1.5041760003776374,1.533764832412674,9
1785529376.162903,8042,1.5048196424190534,1.5345005491904034,10
1785529376.162981,8046,1.505228371897357,1.5345670955922193,10
1785529376.1630495,8050,1.5087862597612642,1.5351626761121382,10
1785529376.163129,8051,1.508676213060005,1.53443587029013,10
1785529376.1683078,8054,1.5116878940801088,1.5378763546891923,10
1785529376.1824927,8057,1.5168245165992058,1.5387542838977313,10
1785529376.1934695,8056,1.5170838200312693,1.5384438733198982,10
1785529376.193544,8061,1.5133241429847986,1.5341530797852942,11
1785529376.2125802,8062,1.5140391743693595,1.5341571929245856,11
1785529376.2264655,8063,1.5141140554226196,1.5403409840318665,11
1785529376.2424903,8064,1.5141737327087494,1.531906255190317,11
1785529376.2438607,8065,1.4979996652095289,1.531797022583097,11
1785529376.243912,8066,1.4938808638852032,1.527097093224342,11
1785529376.2440104,8067,1.4938768415167187,1.5261754711153281,12
1785529376.2440608,8069,1.4985124894857467,1.526231387049398,12
1785529376.2440813,8071,1.494941086013078,1.5298046456204255,12
1785529376.2441182,8073,1.4973601813121964,1.5322259226225574,12
1785529376.2446089,8074,1.4968247336500586,1.532219399293484,12
1785529376.246684,8075,1.496822727957245,1.5320427795544176,12
1785529376.249652,8078,1.4988810341561918,1.534104216502637,12
1785529376.2545626,8080,1.499404312173157,1.5335815279138438,12
1785529376.25872,8079,1.499409724705592,1.5375599757416603,12
1785529376.265103,8084,1.4994041858038245,1.537118640825198,12
1785529376.2687905,8083,1.502540713976275,1.533975188694521,12
1785529376.3166347,8087,1.5023771958598964,1.526187918863128,12
1785529376.3167596,8096,1.5023904268885968,1.526894985863412,12
1785529376.316825,8094,1.5039669562371705,1.5269087011620328,12
1785529376.3168495,8097,1.5088735842382974,1.5318165291062358,12
1785529376.3208811,8099,1.508914209938961,1.533767788518963,12
1785529376.3602142,8102,1.5142694210901646,1.5391253208998361,12
1785529376.380743,8106,1.512089682466211,1.539113043097587,12
1785529376.380743,8108,1.512157088617017,1.5418652098893924,12
1785529376.3809676,8109,1.5078661066318464,1.5375724935249762,12
1785529376.381025,8111,1.5079863163633522,1.5422707263196016,12
1785529376.3945308,8118,1.5115580759915466,1.5423047772393985,12
1785529376.3994944,8120,1.5114788793458431,1.5391092537494264,12
1785529376.4407332,8125,1.5249974715844388,1.5391412427092743,12
1785529376.441041,8130,1.5199395963232052,1.5391438666156978,12
1785529376.4495606,8132,1.5122536949066545,1.5532668183796503,9
1785529376.4517992,8136,1.5123205170400935,1.5489514923936996,10
1785529376.4518733,8137,1.4997849949151152,1.5488836186601846,10
1785529376.452076,8138,1.488643691588054,1.5405868305996944,10
1785529376.453058,8139,1.4886912380844861,1.5341092861347367,10
1785529376.500843,8143,1.4886529234971062,1.534137158947804,9
1785529376.5088205,8144,1.4876173809643933,1.5402107452665093,9
1785529376.5089011,8152,1.4933080060981943,1.5359925733120154,10
1785529376.5089858,8153,1.5005468022013442,1.5360723167110182,11
1785529376.5338547,8155,1.5039472118476467,1.533112780863689,11
1785529376.581072,8162,1.502592881037967,1.5265235713020515,9
1785529376.581609,8165,1.4922425337846303,1.5246542275378945,9
1785529376.5816956,8169,1.4914336607728995,1.5238484984692913,10
1785529376.581753,8170,1.4882453902845147,1.5238278678474986,11
1785529376.5817764,8171,1.4882611106203947,1.524834780059321,12
1785529376.5818222,8172,1.4882337519860478,1.5333539920331596,12
1785529376.581872,8173,1.4881463603713927,1.5333538478072366,12
1785529376.58189,8174,1.4898339644409575,1.535041607441532,12
1785529376.5826316,8177,1.5002044545705338,1.5350942888984085,12
1785529376.5923123,8181,1.507155095000503,1.5420476188711387,12
1785529376.5972257,8182,1.5128902325791713,1.5421195841132755,12
1785529376.6211643,8184,1.512898674466069,1.5326145204979198,12
1785529376.638686,8185,1.5162202750143765,1.5326387568488573,12
1785529376.638718,8186,1.5147895722286597,1.531207189539054,12
1785529376.6387758,8187,1.514782349671043,1.5389473243289211,12
1785529376.6388295,8193,1.5078233065645619,1.531986390624435,12
1785529376.6388772,8194,1.5131818210890489,1.5320605391362512,12
1785529376.658474,8196,1.5212891068105194,1.5336737616608251,11
1785529376.6586819,8198,1.5204784915032235,1.5329609423706605,11
1785529376.6651938,8199,1.5204862292587285,1.5307662935942405,11
1785529376.6651938,8201,1.5082770136459047,1.530632971293584,11
1785529376.6745574,8205,1.510908755489506,1.5329455793977562,11
1785529376.7124872,8206,1.4950628101269834,1.5215711879884948,9
1785529376.712563,8208,1.4956521628292863,1.5181692029205038,9
1785529376.7126546,8210,1.5012938831324862,1.523826429986864,9
1785529376.712684,8211,1.5019036786049313,1.5203080686983934,9
1785529376.71658,8218,1.5083517242968243,1.5192497409288739,9
1785529376.730025,8222,1.5062322999923778,1.5171229050176092,9
1785529376.7423885,8225,1.4994850590840016,1.5284878153793782,8
1785529376.7696826,8223,1.5030915400575142,1.5194351205785375,8
1785529376.785446,8229,1.502089572478904,1.5118761299899959,7
1785529376.785494,8230,1.5017362327061772,1.5120518141625825,7
1785529376.7855625,8231,1.499021968129645,1.5190505457957997,8
1785529376.7856917,8232,1.497161413876835,1.5237412374205734,8
1785529376.7858047,8233,1.4897560571188113,1.5266145923762797,8
1785529376.7858293,8234,1.4819334461864762,1.5187789725306795,8
1785529376.7858791,8235,1.4745671687054984,1.5374032446987402,8
1785529376.7859004,8237,1.4691772965221046,1.539541492314769,8
1785529376.7933502,8239,1.482943978817559,1.5257611574728598,9
1785529376.805619,8245,1.4973140459896628,1.5234350804144383,9
1785529376.8097634,8246,1.503747801503167,1.5298935296582685,9
1785529376.846877,8247,1.5048593621399544,1.523583602065403,9
1785529376.8661504,8253,1.5093874144311357,1.5281325592435018,9
1785529376.8662233,8254,1.5090218792429988,1.5281921024477125,9
1785529376.8662903,8256,1.509700782817611,1.5243154214487293,9
1785529376.8664463,8258,1.5090965848239681,1.523708417314964,9
1785529376.8723102,8259,1.5084820639501575,1.527222545464223,9
1785529376.8832903,8268,1.5083754535025493,1.5278286524676594,9
1785529376.9035215,8270,1.5083754522471873,1.527828655147693,9
1785529376.9373574,8271,1.5088642464595081,1.525041128091744,9
1785529376.9375641,8273,1.5178737294320328,1.5235801057984335,9
1785529376.93761,8280,1.5186606355078516,1.518989897329898,9
1785529376.9421628,8285,1.5182958354864549,1.5190486153408724,9
1785529376.9455283,8283,1.5189504806173535,1.5151846449691984,9
1785529376.9978957,8290,1.5256982603928644,1.5039812202790819,7
1785529377.007533,8291,1.5192491301974849,1.5193163736883373,7
1785529377.0075772,8292,1.5157547755757217,1.526337921463727,7
1785529377.0082126,8294,1.5152288566208505,1.5259796304658098,7
1785529377.0082784,8295,1.5109356241468477,1.5345902615116065,7
1785529377.0083125,8296,1.502960472417138,1.5414864479115429,8
1785529377.0084248,8297,1.5051525641961443,1.5411385009039948,8
1785529377.008501,8299,1.5024714877670093,1.543458067740489,9
1785529377.0085726,8304,1.502453837922412,1.5452757849012027,9
1785529377.0086095,8305,1.5062747735338418,1.5452910373026414,10
1785529377.0108895,8306,1.5024353106949386,1.5414319044325224,10
1785529377.011862,8308,1.5125637608698077,1.5312568362077,10
1785529377.0132432,8307,1.512570609328871,1.5303502999624223,10
1785529377.0229461,8312,1.5125259392982835,1.5264356264134094,11
1785529377.039212,8311,1.5133320592120931,1.5257283836097935,11
1785529377.0393035,8313,1.5108127872976136,1.5235185193407894,11
1785529377.0393295,8314,1.5199545031191264,1.523568661511047,11
1785529377.0393512,8315,1.5199197686982773,1.5200095337312474,11
1785529377.0920863,8317,1.5148122872336947,1.520026620014395,11
1785529377.0923116,8318,1.5220864296977443,1.526408186471583,11
1785529377.0924966,8319,1.5221139074261285,1.521845997211451,11
1785529377.092569,8321,1.5197784800881662,1.5218238152627728,11
1785529377.0925982,8323,1.5278231778324054,1.5147756299479187,11
1785529377.0926561,8325,1.5263061276090903,1.513445967082795,11
1785529377.0927167,8327,1.5262702518241729,1.5072050586251735,11
1785529377.092748,8328,1.5262590698308858,1.5105340822116406,11
1785529377.092796,8330,1.5194968921475116,1.5046139913112127,11
1785529377.09767,8332,1.513341095145563,1.5100034308569208,11
1785529377.1007001,8333,1.5131385723033934,1.510002773387165,11
1785529377.1074119,8336,1.5131932857557107,1.5175485559996036,11
1785529377.1079166,8334,1.5063793596592747,1.5175388492421753,12
1785529377.1169736,8337,1.5084238985584375,1.5195838237056063,12
1785529377.1173036,8338,1.5070895424781716,1.5195729269142282,12
1785529377.1180365,8339,1.5072405996563396,1.5294972930690938,12
1785529377.1276393,8340,1.5072303799607167,1.5220032461022448,12
1785529377.1312542,8341,1.505563491707762,1.5219866772290265,12
1785529377.1385038,8342,1.5037747413799447,1.5201979068778209,12
1785529377.138767,8343,1.5037843812135412,1.522492858720192,12
1785529377.1445668,8348,1.5037650729388012,1.5214309744431826,12
1785529377.167478,8346,1.5100830694216716,1.5214769074447978,12
1785529377.176624,8347,1.5064908404839092,1.5250701714241053,12
1785529377.1773715,8350,1.509075061967086,1.5251002569432957,12
1785529377.1774223,8351,1.5089817015550864,1.519159558906973,12
1785529377.1774538,8353,1.5145142968505327,1.519173274144751,12
1785529377.1775007,8354,1.5234902529514318,1.528149652109187,12
1785529377.1903183,8355,1.5234941200416543,1.527185288045716,12
1785529377.1903806,8357,1.5240292629393457,1.52719257077742,12
1785529377.1946402,8359,1.5254351157108277,1.5257866954012862,12
1785529377.2031887,8364,1.5253950355155708,1.5333236648955597,12
1785529377.2106218,8365,1.513422559445947,1.5333374768805434,12
1785529377.2118542,8366,1.5104836052747446,1.5303983652714244,12
1785529377.234223,8368,1.5125008367194204,1.5283803008992747,12
1785529377.2519007,8369,1.5069695668019676,1.5283257536991008,12
1785529377.2519326,8371,1.5051241419450256,1.5301714964229087,12
1785529377.251977,8372,1.5051267369117998,1.5304372156658055,12
1785529377.2519946,8376,1.5051327952982043,1.5299959782685348,12
1785529377.2520304,8377,1.512042014317784,1.5300091244619873,12
1785529377.252045,8378,1.5101794880718424,1.5281460580859711,12
1785529377.2564383,8380,1.5087705449505489,1.5295552998270967,12
1785529377.2566276,8379,1.5087791414567628,1.5280569836172921,12
1785529377.2733634,8384,1.5088240641268542,1.5311601619163027,12
1785529377.3045344,8383,1.5072415350987196,1.5327432819449764,12
1785529377.3046358,8385,1.513636749074496,1.5391411011101872,12
1785529377.3046358,8386,1.5098769965386196,1.5391099068272223,12
1785529377.3046834,8387,1.510068727798075,1.548691058940457,12
1785529377.3047273,8390,1.5140723578101185,1.5526983908102725,12
1785529377.304768,8392,1.521706654346865,1.5450592089456796,12
1785529377.304803,8391,1.5216838182016879,1.547604022096343,12
1785529377.3048205,8393,1.5235689457586998,1.547629964655591,12
1785529377.3053,8394,1.5200908880894655,1.5476306649328202,12
1785529377.3067534,8395,1.5222824995902977,1.5454375713820152,12
1785529377.3222325,8398,1.5242562366907495,1.5454685019638401,12
1785529377.3455372,8397,1.5208700708814942,1.5420806080086777,12
1785529377.3659961,8399,1.5207332242501084,1.5353143469817787,12
1785529377.3676953,8405,1.5217168458760078,1.5353272888737126,12
1785529377.3678086,8406,1.5204069234265865,1.5353276406352128,12
1785529377.3678553,8407,1.519617098972667,1.5361176278236928,12
1785529377.3679366,8409,1.516323960912624,1.532823625283071,12
1785529377.367985,8411,1.516370622017388,1.5353123687802985,12
1785529377.3761375,8412,1.5163706239470878,1.5353125305895903,12
1785529377.3763702,8413,1.5126155079282153,1.5352986172403513,12
1785529377.3764307,8414,1.5153799565703723,1.5380644500763487,12
1785529377.3765402,8416,1.507150742136365,1.5462986815347795,12
1785529377.3818533,8417,1.5088547613521222,1.5463201792732186,12
1785529377.4166873,8418,1.509898825873752,1.546326926723333,12
1785529377.4169285,8419,1.5068357592232988,1.5493923624942423,12
1785529377.4198804,8424,1.5068598577052847,1.544982498022076,12
1785529377.4200008,8425,1.51225592849385,1.5450185795050455,12
1785529377.4200268,8426,1.5072629850069819,1.5400223448846684,12
1785529377.4200666,8428,1.506562114723407,1.5407227361997407,12
1785529377.4201043,8427,1.5065620546281113,1.5407227963282542,12
1785529377.4225078,8432,1.506517189356915,1.5386846657805207,12
1785529377.4239714,8430,1.5072149944819564,1.538688737761641,12
1785529377.4289138,8431,1.5103701543072456,1.5355322539394693,12
1785529377.4372249,8435,1.5103745307946015,1.5358868789798263,12
1785529377.453636,8438,1.5052981239521808,1.5308057800538413,12
1785529377.5035868,8439,1.5052913722970727,1.5331878959086762,12
1785529377.5035868,8440,1.5030989060166964,1.5353813489598107,12
1785529377.5036974,8444,1.5030654909341792,1.5336113907623372,12
1785529377.503802,8443,1.511841279266469,1.52483316477509,12
1785529377.5075917,8446,1.5096138522284512,1.5248100980265658,12
1785529377.5077343,8442,1.507334930793088,1.5248014400862613,12
1785529377.5077853,8447,1.507324149023096,1.5240925007766981,12
1785529377.5078104,8453,1.5064332329705754,1.5240845053793926,12
1785529377.5078812,8456,1.5064613631877335,1.5259449265316942,12
1785529377.5093737,8455,1.5027760438162858,1.5296312666374245,12
1785529377.5130446,8457,1.501707743472443,1.5285630475159264,12
1785529377.5161579,8459,1.5016903566672721,1.5275015213471284,12
1785529377.5221,8460,1.501680280181166,1.5305052418435459,12
1785529377.5637662,8462,1.5055023352889416,1.5343287197344946,12
1785529377.5655742,8464,1.5104229718613063,1.52940677423628,12
1785529377.5656528,8465,1.511047854579762,1.5294124669416025,12
1785529377.565691,8466,1.514723300121193,1.529415982173059,12
1785529377.5657098,8467,1.508917906127155,1.5352232108578265,12
1785529377.5657423,8472,1.5089229924865526,1.5347826309482713,12
1785529377.5681658,8473,1.5034181045418118,1.5347621457968612,12
1785529377.5705595,8474,1.5088445674698159,1.5401913315507456,12
1785529377.5760705,8475,1.5088494062720597,1.5394864453924482,12
1785529377.6140351,8479,1.5045496804020129,1.5437885614052187,12
1785529377.6359696,8480,1.504543040360287,1.5433460245458308,12
1785529377.6360114,8484,1.504536160997403,1.543610826328849,12
1785529377.636087,8485,1.5122006960237064,1.5436303792862323,12
1785529377.6361132,8488,1.5122008275756198,1.5436303793226156,12
1785529377.6361399,8487,1.5122232391389716,1.5413411593601005,12
1785529377.636191,8489,1.5115961501214477,1.5413356926899466,12
1785529377.636243,8492,1.5115864712651619,1.5408031435538765,12
1785529377.636292,8491,1.5152815410378482,1.5371064119807214,12
1785529377.636318,8493,1.521583107300764,1.5434105142481993,12
1785529377.6363578,8495,1.5214054714844771,1.5313014033579102,12
1785529377.6477923,8496,1.5214471161728216,1.5263867665122026,12
1785529377.6524942,8498,1.5172843704353147,1.5222236979865664,12
1785529377.6554165,8500,1.5151676118025175,1.5243406129981918,12
1785529377.6819587,8499,1.5151451043413686,1.5275067235316562,12
1785529377.7015698,8501,1.5169289431580733,1.5275185424297248,12
1785529377.7017896,8504,1.516873143844497,1.5210294845897991,12
1785529377.701856,8503,1.5258935271030956,1.5120096547413935,12
1785529377.7028773,8506,1.5278460464547607,1.5120267409767854,12
1785529377.7029588,8507,1.5279265277063891,1.5226418887214956,12
1785529377.7029796,8509,1.5251194814075304,1.5226556909943467,12
1785529377.7029982,8510,1.5313343817073672,1.5288703772993597,12
1785529377.7030337,8511,1.5313384833277437,1.5280833815113497,12
1785529377.703066,8513,1.5297324987974832,1.5280600638092652,12
1785529377.7146263,8515,1.5268278552170436,1.5309647448911894,12
1785529377.7443264,8521,1.5297143507330537,1.5309479109700606,12
1785529377.7654777,8522,1.5205808884819005,1.5218142227219047,12
1785529377.7656033,8524,1.5280690868694848,1.5143264679847273,12
1785529377.765791,8523,1.532647512229573,1.5120189038244425,11
1785529377.7660775,8528,1.532680602584253,1.5163964785150414,11
1785529377.7665195,8527,1.5245375931415455,1.5235313860394186,11
1785529377.766589,8529,1.5255485346006807,1.5244186986620472,11
1785529377.7666779,8531,1.5254888986214583,1.518892054169667,11
1785529377.7667046,8532,1.525446033795961,1.5244130747471618,11
1785529377.7700996,8533,1.519348640747885,1.524449109779293,11
1785529377.770883,8534,1.5235875068929428,1.528168603744132,11
1785529377.7837539,8536,1.515847458795452,1.5349613129731678,11
1785529377.7839785,8537,1.5166620865747362,1.5349670217809683,11
1785529377.803067,8538,1.5110469253034324,1.5349710339233729,12
1785529377.8306127,8540,1.510982303746304,1.5307119221945114,12
1785529377.8351731,8539,1.5088688310607303,1.5328259809429858,12
1785529377.8353183,8545,1.5135887789496958,1.5328210526408288,12
1785529377.8354428,8548,1.506444704508158,1.539968062246893,12
1785529377.835518,8547,1.5064385650118601,1.5404974100175346,12
1785529377.8355427,8549,1.5065281224135902,1.5404975963624787,12
1785529377.8355699,8552,1.5066460586075567,1.5472323725873063,12
1785529377.8355954,8550,1.506646061436744,1.5472324866664386,12
1785529377.835645,8551,1.51051822063927,1.5433577697662164,12
1785529377.8356898,8554,1.5118628943701102,1.5433683167366135,12
1785529377.8424475,8555,1.5119433018485127,1.5473631158506556,12
1785529377.8433857,8556,1.5119418987874806,1.5474513203300657,12
1785529377.8481326,8557,1.505681562353491,1.5474273437528665,12
1785529377.849977,8558,1.503989064101617,1.5457340368332486,12
1785529377.8533235,8560,1.5091610044585395,1.5405587327691195,12
1785529377.8556113,8559,1.5091343078405148,1.5444363808911807,12
1785529377.8676264,8561,1.507520241650445,1.5444219207176775,12
1785529377.9000056,8564,1.5074407539464514,1.540344402651256,12
1785529377.900053,8563,1.504538613653902,1.5432481053641038,12
1785529377.9001894,8566,1.5044489118226503,1.543248043407851,12
1785529377.900233,8567,1.5046309706229717,1.5515724253406404,12
1785529377.900251,8568,1.5046424828206715,1.5503370104063274,12
1785529377.9002883,8569,1.507856620705275,1.5503536955239903,12
1785529377.900306,8570,1.505277139778134,1.5477720371992676,12
1785529377.9003448,8571,1.5053193395598972,1.541859192132266,12
1785529377.9003448,8572,1.5044434958347979,1.5427350964038804,12
1785529377.9003735,8573,1.5078490494439636,1.5427738590312703,12
1785529377.9037163,8576,1.507908903002763,1.545167694869121,12
1785529377.9066122,8575,1.5036257562314732,1.549454281608956,12
1785529377.914551,8577,1.497730939167746,1.5435562289207132,12
1785529377.9223747,8578,1.4919931047700574,1.5435083383766675,12
1785529377.9224072,8579,1.491803440858043,1.5342492745952467,12
1785529377.9226894,8580,1.4918101463706799,1.5329193717908376,12
1785529377.935682,8581,1.4876146399694616,1.5328751253110222,12
1785529377.9661512,8582,1.4909096237373296,1.536171536254582,12
1785529377.966304,8584,1.4861751637260672,1.540908527399792,12
1785529377.9663863,8583,1.4861784605850976,1.5406423609200586,12
1785529377.966413,8589,1.4969519062496266,1.5514252476430714,12
1785529377.966458,8590,1.5007267967982545,1.551456112801607,12
1785529377.9665449,8591,1.5009256010204501,1.558445358091714,12
1785529377.9666386,8593,1.5038706252624465,1.558475559748237,12
1785529377.9855466,8594,1.5003902689416795,1.5549911807025742,12
1785529377.9856238,8596,1.5048493814405393,1.5505271815562311,12
1785529377.9867032,8597,1.4960455795673515,1.5504473969629609,12
1785529378.0268385,8598,1.492309795989229,1.5504095469468917,12
1785529378.0591228,8599,1.5040464112949323,1.5386648552172666,12
1785529378.0592058,8600,1.5041532753992055,1.5432682519088432,12
1785529378.0592656,8608,1.5066898090850742,1.5407307366125795,12
1785529378.0594292,8609,1.5169008075793993,1.5408899887129153,12
1785529378.060053,8610,1.5228294927093138,1.5409231721245464,12
1785529378.0601614,8611,1.5181996740525638,1.5455560148120062,12
1785529378.0601845,8614,1.5102151722646602,1.5454391184733414,12
1785529378.0603542,8615,1.5100566114160106,1.5380751925252962,12
1785529378.0603864,8617,1.5125867349945725,1.538080240771843,12
1785529378.0605164,8618,1.5130310858319607,1.5385247050975752,12
1785529378.0611835,8620,1.5096037833122364,1.5419537413001456,12
1785529378.061277,8619,1.509577032840012,1.5447738810220364,12
1785529378.061297,8621,1.5079628022611435,1.54476232034782,12
1785529378.06539,8622,1.5041330159769801,1.544751999771434,12
1785529378.066646,8623,1.5048359526487385,1.5440484904151408,12
1785529378.0863304,8627,1.5049032628684218,1.5472369721490402,12
1785529378.1192958,8628,1.5048811155444282,1.5494438552133976,12
1785529378.1193545,8629,1.5042728431742725,1.5494413250461363,12
1785529378.119386,8630,1.5083608865244642,1.5535329429747502,12
1785529378.1194448,8632,1.5116987456903257,1.5501924848734434,12
1785529378.1194963,8631,1.5117055002690067,1.5495758834876259,12
1785529378.1195168,8633,1.5066758880833102,1.5495343380984459,12
1785529378.1195621,8637,1.5026819399507951,1.5455375188051983,12
1785529378.1211514,8638,1.5129973812726234,1.5456273583196856,12
1785529378.1240795,8640,1.5130184487032958,1.5424586691428606,12
1785529378.129611,8642,1.5065995155202525,1.5360364023265725,12
1785529378.1594925,8643,1.506605186482168,1.5331252728509712,12
1785529378.1778934,8649,1.502499565025103,1.5290180741943658,12
1785529378.17805,8650,1.4984837462200127,1.5289795866437956,12
1785529378.1788957,8652,1.4984851499720702,1.5288026956913727,12
1785529378.1794615,8654,1.500088247498107,1.530407802316714,12
1785529378.189804,8655,1.500069232293642,1.5361536647464542,12
1785529378.1935053,8661,1.490637392865347,1.5267190656345844,12
1785529378.2112088,8662,1.4943818256552963,1.526737406353701,12
1785529378.226201,8664,1.4943825537897317,1.5254976117539845,12
1785529378.2263806,8666,1.4968781600696428,1.527993707119833,12
1785529378.2302282,8667,1.4968767104069751,1.5241891495193676,12
1785529378.2334728,8674,1.4923330166993896,1.5241559345568771,12
1785529378.2425265,8676,1.4923319366140526,1.5261055137634043,12
1785529378.2728572,8678,1.5046469645197615,1.5250626101720053,9
1785529378.2966347,8679,1.5047569518334336,1.5241106025004434,8
1785529378.2969487,8680,1.5108566536255652,1.5169632698196258,8
1785529378.2970111,8681,1.5198895425554488,1.5152398991662281,8
1785529378.2971137,8682,1.5121438092620287,1.5167880898670942,9
1785529378.2971342,8683,1.510703772163029,1.5187170717013576,10
1785529378.3010905,8687,1.5107039914877085,1.518761375312311,11
1785529378.3011694,8688,1.5106939866536386,1.526117014369782,11
1785529378.301272,8689,1.5077152438289725,1.5261109434562499,11
1785529378.3013055,8690,1.5042475230159074,1.5221479345675324,11
1785529378.3013704,8692,1.4999431938438519,1.5270727186590598,11
1785529378.3014195,8691,1.4999391762582708,1.5162637801163343,11
1785529378.3015091,8693,1.4919413373663102,1.5162160697412435,11
1785529378.318672,8694,1.4938751648583053,1.5162320575077943,11
1785529378.3189287,8695,1.4929080450951768,1.5173374886201536,11
1785529378.318962,8698,1.4917523865803208,1.5173349969040808,11
1785529378.3191354,8699,1.4917341456020838,1.5152210457758912,11
1785529378.3428931,8702,1.4898708689728886,1.5130943731690294,11
1785529378.3717752,8704,1.4963895274584476,1.5056460843137813,11
1785529378.371854,8703,1.4963760096536574,1.5152508880274174,11
1785529378.3718824,8708,1.4963851987121142,1.5168804874241741,12
1785529378.3719866,8707,1.4927635150006215,1.5205025578849047,12
1785529378.372147,8709,1.4983346352820615,1.5260746507693308,12
1785529378.3722258,8710,1.4988695154436913,1.526074742597921,12
1785529378.372259,8711,1.4989392765395058,1.5321722505972117,12
1785529378.3723044,8713,1.500075810010026,1.532175387770763,12
1785529378.3754845,8714,1.5014930950904264,1.5335931768328683,12
1785529378.375736,8715,1.501466335715442,1.5363323733633842,12
1785529378.4276276,8718,1.5018155312261166,1.5363322020651162,12
1785529378.4281313,8719,1.5004917466735936,1.5376570508734764,12
1785529378.42818,8720,1.5004774111475623,1.5365959626108043,12
1785529378.4282508,8724,1.500531575440905,1.5307623607379892,12
1785529378.428309,8725,1.501668664139125,1.5307649760587567,12
1785529378.428336,8726,1.497858865155439,1.526954113390193,12
1785529378.4283588,8728,1.4945973113802464,1.53021649130545,12
1785529378.4336147,8731,1.5015613258943201,1.5232508240609535,12
1785529378.4384801,8732,1.5015952471150524,1.5262579360749733,12
1785529378.4463353,8737,1.4998431572332431,1.5262516973285785,12
1785529378.4707274,8738,1.5021503926064614,1.5285595387268391,12
1785529378.4987793,8740,1.4987180130884734,1.531993045995838,12
1785529378.4989052,8744,1.498810675775076,1.5375606714581556,12
1785529378.4990268,8742,1.5023011418516679,1.537579012247073,12
1785529378.4990542,8743,1.4979041783572844,1.541978378111932,12
1785529378.4991274,8747,1.4978672105184987,1.5399462832127564,12
1785529378.4991558,8748,1.4978571244399044,1.5410078983226467,12
1785529378.4992905,8749,1.5026507103488136,1.5410216804895955,12
1785529378.4993484,8750,1.5014110048603864,1.5397812808901428,12
1785529378.4994082,8752,1.4985012821197463,1.5426926426652041,12
1785529378.5016205,8751,1.4994173109038065,1.5422523088175144,11
1785529378.5017264,8753,1.5037933063684799,1.5422690328585242,12
1785529378.5249844,8755,1.5033533276124194,1.54270934564432,12
1785529378.5307436,8756,1.5033558302531733,1.5428863804454114,12
1785529378.5864477,8763,1.5048349857418868,1.5429445856875115,10
1785529378.5865536,8769,1.5039625058652708,1.542183257676975,11
1785529378.5866213,8770,1.5084711566298488,1.5422158212242223,12
1785529378.5866878,8771,1.508515173428459,1.5443439639788143,12
1785529378.586735,8772,1.508497959994745,1.5462835511633777,12
1785529378.5871787,8774,1.5124974048339774,1.5502860234725608,12
1785529378.5873015,8776,1.5168017983915627,1.5459788917293953,12
1785529378.5873501,8775,1.5168147804063772,1.544572170230158,12
1785529378.5943253,8779,1.522961825749044,1.538422337589883,12
1785529378.5992305,8780,1.522935743798335,1.536996737243242,12
1785529378.6066813,8785,1.5184844824894417,1.5369985820546581,12
1785529378.6102872,8786,1.513854847191629,1.53236774968296,12
1785529378.614528,8788,1.50911797207565,1.5371057990314092,12
1785529378.6146846,8787,1.509088696368507,1.5416009387387382,12
1785529378.6330354,8792,1.5091082788505332,1.542576676124413,12
1785529378.6592126,8790,1.5116344077343542,1.5425825536923095,12
1785529378.6592455,8791,1.5076797154952595,1.546539820186741,12
1785529378.6597672,8793,1.5140751164963648,1.5529404766933286,12
1785529378.65981,8794,1.5157836183323135,1.5529585133131896,12
1785529378.6598349,8795,1.5158595042669594,1.5560701495924272,12
1785529378.6599,8796,1.515903115925447,1.5519368256362651,12
1785529378.6599436,8797,1.5172054142505214,1.5519396443172144,12
1785529378.6599667,8798,1.5202326656909242,1.5549693369220816,12
1785529378.6600063,8799,1.5202714002818416,1.5508423569904546,12
1785529378.6649618,8804,1.5201363271399773,1.5452334805182992,12
1785529378.667234,8803,1.520224706149362,1.5451447346850145,12
1785529378.6822512,8805,1.517642700966861,1.5425627053097877,12
1785529378.7159631,8807,1.515330753365568,1.5434223695861338,11
1785529378.7162626,8808,1.5153235409303565,1.5438622217584115,11
1785529378.7164547,8809,1.5165261271088788,1.5438652870176506,11
1785529378.7164762,8810,1.5166276536615417,1.5439537544049584,11
1785529378.7164965,8811,1.5166254643074562,1.544130269809343,11
1785529378.7165134,8813,1.512155949833814,1.544083732875311,12
1785529378.7165315,8814,1.5053651537963226,1.5440619197431,12
1785529378.7165754,8815,1.5079084211503562,1.5415167567956203,12
1785529378.7183442,8817,1.5073744820102248,1.5409822462567906,12
1785529378.72858,8819,1.5074165867336078,1.5429323032081323,12
1785529378.7299404,8821,1.5015812254552847,1.5428886414626506,12
1785529378.7787397,8823,1.5015869550408465,1.5424467991892439,12
1785529378.851615,8826,1.502761481387147,1.5392416862359781,11
1785529378.851691,8827,1.501716842461852,1.5402866365966155,11
1785529378.851715,8829,1.499394153115439,1.537963079933371,11
1785529378.8517387,8830,1.4939821336410652,1.5386788357275527,11
1785529378.851757,8831,1.4949180816586134,1.5309910709412842,11
1785529378.8517745,8832,1.4943001193607932,1.5352237745898347,11
1785529378.8518136,8833,1.4986731045326045,1.5346310005777808,11
1785529378.8518362,8834,1.4983197646745623,1.534277308985298,11
1785529378.8527749,8837,1.4945684842304534,1.5347977648246154,11
1785529378.8529427,8838,1.4980291111230826,1.5343200396816994,11
1785529378.8530006,8839,1.490515698250081,1.5418370240905124,11
1785529378.8530269,8845,1.4887901763602762,1.5420718306761574,11
1785529378.8530781,8846,1.4898539498374506,1.5431363085662577,11
1785529378.8530998,8848,1.4998382741173453,1.5331472436433486,12
1785529378.85314,8849,1.5018040385929452,1.5331544397309924,12
1785529378.853158,8851,1.5077912079810984,1.5271655248967417,12
1785529378.8531954,8853,1.5071703517358996,1.526544363448564,12
1785529378.8532465,8854,1.5116284545023517,1.5265779262241632,12
1785529378.8532693,8855,1.5116059719847503,1.5248918247993766,12
1785529378.8533232,8857,1.5102036371210736,1.524890155889238,12
1785529378.8533642,8858,1.5128684037837825,1.527555451321886,12
1785529378.8669057,8859,1.5128217378995834,1.531177457369638,11
1785529378.8674712,8861,1.5277358034948874,1.5314052812043666,11
1785529378.8674712,8862,1.523014479037895,1.5313981729492945,11
1785529378.8676217,8863,1.522228286244387,1.5322996039322656,11
1785529378.8791733,8866,1.517314484459404,1.5322069283037987,11
1785529378.913316,8867,1.5173948366603072,1.536278731799287,11
1785529378.9133465,8868,1.5173941236065094,1.5346695029482618,11
1785529378.9133925,8869,1.5202767619434443,1.5346830859651666,11
1785529378.9134102,8870,1.5208133842976392,1.5352965619907413,11
1785529378.9134498,8872,1.511209755113114,1.5463108238158816,11
1785529378.913481,8871,1.5112132433444494,1.5439943310067001,11
1785529378.913498,8873,1.5034123921686147,1.5438807425923842,11
1785529378.9135115,8876,1.50355272121478,1.549801752122306,12
1785529378.9135427,8875,1.502064590426079,1.5512916685577793,12
1785529378.9135797,8877,1.5014403123788949,1.5506671061280366,12
1785529378.917635,8878,1.5024285288501547,1.5506769516991452,12
1785529378.917703,8879,1.5023372609123316,1.547048149169805,12
1785529378.9220502,8880,1.5023440913582962,1.546076163741233,12
1785529378.9278374,8881,1.5006040973579857,1.5460613609079998,12
1785529378.9306772,8882,1.4960556607212507,1.5415101815916672,12
1785529378.9341595,8883,1.4960437261222366,1.5437228037532533,12
1785529378.9775083,8885,1.498553836270596,1.5437433210047529,12
1785529378.9776037,8887,1.4984656976478639,1.5438317360009846,12
1785529378.9776604,8889,1.4990908404115586,1.54445564359872,12
1785529378.9776967,8890,1.4974768681344346,1.5444418717787973,12
1785529378.9777172,8891,1.4975691927248995,1.548152941034905,12
1785529378.977751,8893,1.5013944340729695,1.5481900911163096,12
1785529378.9777825,8894,1.5087913896118998,1.5555933200904517,12
1785529378.9777992,8896,1.510718845462074,1.5536651242149218,12
1785529378.9801593,8897,1.5118880848397287,1.5536795608445446,12
1785529378.992445,8898,1.5152720290927173,1.5536921980085179,12
1785529379.021803,8900,1.5151205089341255,1.5472038800109817,12
1785529379.0440145,8904,1.5151257857014002,1.5466758812603645,12
1785529379.0441751,8905,1.5133861502100732,1.5466736290126775,12
1785529379.0442407,8908,1.5124203826228333,1.547639985480375,12
1785529379.0442648,8907,1.5124611749363222,1.5423577357059048,12
1785529379.0464313,8909,1.5096831585551342,1.542325631083723,12
1785529379.0465946,8911,1.5081041848579069,1.5439053883492726,12
1785529379.050012,8915,1.5080552771039815,1.5416002766900572,12
1785529379.0533247,8913,1.5134806278417996,1.5470288630732782,12
1785529379.0591097,8921,1.5147373111826894,1.5470433422721936,12
1785529379.0671098,8923,1.515527127515031,1.5462530750751025,12
1785529379.086793,8925,1.508764869182257,1.5394869403325508,12
1785529379.1135488,8926,1.512793467481891,1.5395317145261904,12
1785529379.113576,8927,1.5129148458668866,1.544770943924288,12
1785529379.1159506,8930,1.507113491330808,1.53896693033062,12
1785529379.11607,8932,1.5064131065069701,1.5396664665786395,12
1785529379.1161036,8931,1.5063915831974903,1.544253698207013,12
1785529379.116152,8933,1.5071089014080739,1.5442618577415097,12
1785529379.1161993,8935,1.5055324930461138,1.5458393714594725,12
1785529379.1163213,8937,1.506869384127185,1.547177454965601,12
1785529379.116565,8939,1.506730502163913,1.5409736010216375,12
1785529379.1273057,8940,1.5067135629974115,1.5431785167176821,12
1785529379.1332111,8942,1.5063601385790533,1.54282495996349,12
1785529379.1351364,8944,1.5059188281861668,1.5432622218512315,12
1785529379.1356652,8943,1.5059259897156236,1.5423799147562123,12
1785529379.160036,8945,1.4992947926831448,1.5423392613118883,12
1785529379.1841807,8946,1.5014725550354568,1.542347340861692,12
1785529379.184302,8947,1.5050830837864408,1.5387348700274048,12
1785529379.1846008,8951,1.5050593537220216,1.5372292684320712,12
1785529379.1846836,8952,1.5050489040699317,1.538288340172612,12
1785529379.184732,8953,1.5019955471035422,1.5382825354123204,12
1785529379.1847577,8954,1.4971174120668662,1.5334023557018441,12
1785529379.1848,8956,1.4979978197554227,1.5325214991130784,12
1785529379.1848426,8955,1.4979949617579402,1.5327868758328662,12
1785529379.184862,8957,1.5010334002932573,1.5327987501360263,12
1785529379.1995764,8958,1.506714893310374,1.5328115962593534,12
1785529379.1997712,8959,1.5008095988791939,1.5387194212216,12
1785529379.2026045,8964,1.5008359180028938,1.5358912743286601,12
1785529379.2477236,8965,1.5033603911187863,1.5353732405205422,11
1785529379.2483122,8966,1.509221086869992,1.5420742563123842,11
1785529379.2484188,8967,1.5092385834924356,1.539654769205121,11
1785529379.2484188,8968,1.5098536677093415,1.5389503168403582,11
1785529379.2484908,8969,1.5090480038918699,1.5389430144529892,11
1785529379.2508404,8971,1.5120371430159663,1.5355198071326286,11
1785529379.2510765,8973,1.5159456745806117,1.5399914693851657,11
1785529379.2512357,8974,1.516662140293744,1.5399998482112345,11
1785529379.2512841,8975,1.516746436916883,1.5446814679159888,11
1785529379.2513492,8976,1.5167430071328702,1.5449835124055566,11
1785529379.2535956,8977,1.521792813496736,1.5449786102875382,11
1785529379.256645,8978,1.5210820696528728,1.5441647634519369,11
1785529379.2569287,8980,1.5251262289114644,1.5395278972357571,11
1785529379.2570086,8979,1.5250938400109235,1.5434443952645236,11
1785529379.265542,8981,1.5177425270202805,1.5433656682768724,11
1785529379.2676466,8982,1.5093821388833069,1.5433845181197634,11
1785529379.2681265,8983,1.5131650512985666,1.539051911024483,11
1785529379.285859,8985,1.5111241303684015,1.5367169252406256,11
1785529379.3165774,8986,1.5053096438078342,1.536681609403591,11
1785529379.3172452,8987,1.5052731398243357,1.5334410969609735,11
1785529379.3191586,8989,1.5022145438688657,1.5334420206549515,11
1785529379.3192694,8990,1.5045164907044226,1.5360740595032905,11
1785529379.3193018,8996,1.5044844682712657,1.533232909333673,12
1785529379.3193226,8994,1.5050088304850393,1.5332316395497594,12
1785529379.3193707,8988,1.504988924104821,1.5348202994546716,12
1785529379.3194094,8997,1.5012825471270237,1.5311125942478665,12
1785529379.3198042,8999,1.5013184163068958,1.5346502615359212,12
1785529379.3304389,9000,1.501325569543307,1.5340316936159968,12
1785529379.330495,9001,1.5028982122760806,1.534030118828472,12
1785529379.3306496,9002,1.500601791117961,1.5317328716925491,12
1785529379.3397493,9003,1.5006392076383113,1.5279323995540846,12
1785529379.344216,9005,1.5051883989217822,1.5279434213401086,12
1785529379.3778777,9010,1.5131273934565068,1.5279949422638859,12
1785529379.3844705,9009,1.5146371213510426,1.5295048062247345,12
1785529379.3845067,9011,1.5146282677491374,1.5288830115197483,12
1785529379.3852124,9017,1.5156990540090567,1.528893376472558,12
1785529379.3962922,9018,1.5184999557324783,1.528889501722938,12
1785529379.398318,9019,1.5153307522998056,1.532059429189891,12
1785529379.3992493,9020,1.5154966759996824,1.5414789554603257,12
1785529379.437294,9024,1.5155088141019837,1.5395446899357088,12
1785529379.4373858,9025,1.5125440356409887,1.53953445121206,12
1785529379.4374182,9028,1.504572986428732,1.5475101145594006,12
1785529379.437464,9027,1.5045148115636062,1.5537787431130892,12
1785529379.4374938,9029,1.509550928703543,1.5538281332299557,12
1785529379.4375424,9030,1.5055603647308087,1.5538026977310864,12
1785529379.4375424,9032,1.50536160319727,1.5458287519886036,12
1785529379.4376042,9031,1.5026418389742326,1.5485501199782021,12
1785529379.4425015,9035,1.5026075461229453,1.5470456025847832,12
1785529379.44672,9037,1.5037381567523327,1.5470515117339851,12
1785529379.4536932,9038,1.5035614950837182,1.5468746770727342,12
1785529379.4600327,9040,1.51137655400133,1.5390527339281026,12
1785529379.4605246,9039,1.5114050227274523,1.5335926326279197,12
1785529379.4627218,9044,1.5114902575218276,1.5377635430827894,12
1785529379.4766269,9042,1.518470742382489,1.537784867659236,12
1785529379.5007045,9043,1.520402023280012,1.5358532974118935,12
1785529379.5051274,9047,1.5204311418485672,1.537366380879269,12
1785529379.50813,9048,1.5204099510459859,1.5407026993327817,12
1785529379.508245,9049,1.5173591457058775,1.5407018318629644,12
1785529379.5082703,9050,1.5151337029757248,1.5384755926907172,12
1785529379.5083287,9052,1.5139054402892693,1.5397041509048146,12
1785529379.5384338,9053,1.5134576860950182,1.5397022255969688,12
1785529379.5679932,9057,1.5095414545969938,1.5357810902159923,12
1785529379.5689962,9058,1.5066796153029036,1.535753865463001,12
1785529379.569024,9059,1.5066248305597887,1.5325640063774792,12
1785529379.5690753,9060,1.506635583904097,1.5303588848173209,12
1785529379.5691502,9061,1.506723066150458,1.5303586047799875,12
1785529379.569181,9062,1.508145495397368,1.5317819897304252,12
1785529379.5692275,9063,1.5081242931565126,1.5353965803795877,12
1785529379.569273,9070,1.5044583261183386,1.53537383545186,12
1785529379.569292,9071,1.5044879395475939,1.5372332416829093,12
1785529379.5693133,9072,1.5044592971637047,1.5403228821276354,12
1785529379.5750902,9074,1.5063207542355177,1.5421854078361033,12
1785529379.575145,9076,1.5041186708924743,1.5443888856319872,12
1785529379.5767329,9075,1.5041805511380415,1.537855841662136,12
1785529379.5974247,9077,1.499885385355433,1.5378327654599029,12
1785529379.6245673,9079,1.5042863386714422,1.5334298839825888,12
1785529379.624598,9081,1.5037540888405216,1.532897304344127,12
1785529379.624649,9082,1.5091146346267317,1.5329343526325585,12
1785529379.6247008,9083,1.5091017863786744,1.532136266320448,12
1785529379.6247482,9085,1.5181943766827581,1.5321289900454154,12
1785529379.6247852,9086,1.5133226043707997,1.5272561408776644,12
1785529379.6284907,9089,1.51929802573233,1.5273077536670479,12
1785529379.628676,9087,1.5192791142692303,1.5304694187270131,12
1785529379.6426444,9094,1.5118691888497524,1.5304169305186333,12
1785529379.6703758,9095,1.5118017363050145,1.5221095623082064,11
1785529379.686754,9100,1.517025039405654,1.515328824980984,10
1785529379.6868207,9101,1.5125642784932158,1.5153197026218095,10
1785529379.686923,9104,1.5126060124116407,1.5238624931213125,11
1785529379.6869552,9103,1.5067591674315937,1.5289928164597801,11
1785529379.6869798,9107,1.5068212635978244,1.5339545681626292,11
1785529379.6998568,9113,1.5028506678258684,1.533945269246951,11
1785529379.7071013,9116,1.5027440075282859,1.522177391763655,11
1785529379.7085786,9115,1.5077016191440318,1.5178283653878684,11
1785529379.7416523,9119,1.5076981728113665,1.5157015135886194,11
1785529379.741767,9124,1.507090325969814,1.516234516937992,11
1785529379.741827,9125,1.5130730298600974,1.5162291886470418,11
1785529379.7627645,9127,1.5139837914253211,1.5154307244424248,11
1785529379.7797494,9130,1.512601869861093,1.5108816361679092,10
1785529379.8468356,9131,1.5099778661787588,1.5118635342350604,6
1785529379.849181,9135,1.5069613794943972,1.5057688780199747,7
1785529379.849548,9137,1.506519937936896,1.5055923144837857,7
1785529379.8496673,9139,1.4993872030423157,1.51036003120447,7
1785529379.8497233,9145,1.491447848439929,1.507138425626432,8
1785529379.849778,9146,1.5006730252226717,1.5163777996586967,9
1785529379.8498049,9148,1.496250031842966,1.5208136119205984,9
1785529379.8498576,9147,1.496971963396198,1.52530296180166,9
1785529379.8498867,9152,1.4992265203761237,1.5379369906832072,9
1785529379.8499305,9151,1.5033384095323399,1.533804790235366,9
1785529379.8499548,9153,1.5026795585030837,1.5331436178052196,10
1785529379.8499985,9155,1.5026804820037862,1.53324469919289,10
1785529379.8500175,9156,1.5026850699940282,1.5327174117954652,11
1785529379.8500562,9157,1.5041788511207594,1.5327218088564734,11
1785529379.8504207,9158,1.5090272763852215,1.5369819209970517,11
1785529379.8536777,9159,1.5090379377581644,1.5359243490678538,11
1785529379.8836296,9161,1.5099546469498997,1.5359301997431178,11
1785529379.899693,9164,1.5099197940587155,1.5338900623494114,11
1785529379.8997183,9163,1.5151411679306475,1.5293080798248344,11
1785529379.900124,9165,1.5139292635522175,1.528244035331793,11
1785529379.9001834,9167,1.5140101978212686,1.533395212932933,11
1785529379.9002073,9168,1.514012576215776,1.5332193842397064,11
1785529379.9002538,9169,1.5148080604946466,1.5332194283896434,11
1785529379.900272,9170,1.513291370178159,1.5318870341312951,11
1785529379.900641,9171,1.5132839469352999,1.5328550510447287,11
1785529379.9024014,9173,1.5135893087023886,1.5328560519299899,11
1785529379.9132128,9175,1.5050725477468,1.5403341591144823,11
1785529379.9136214,9177,1.5108310754780931,1.5454000224170679,11
1785529379.9441876,9179,1.510838556408131,1.5458438240650572,11
1785529379.9442835,9180,1.510726634556752,1.5533324133227961,11
1785529379.944413,9184,1.51283274121908,1.551479250481556,11
1785529379.9444842,9183,1.5129166504443334,1.546109009059197,11
1785529379.9498265,9182,1.5108984339922011,1.5443333721749455,11
1785529379.9712887,9187,1.5133034610075657,1.5422200395392758,11
1785529379.9784012,9188,1.5133669419002869,1.5452395981396674,11
1785529379.9870093,9193,1.5186412563399687,1.5452869215050702,10
1785529379.98711,9194,1.5250419901925287,1.550099632165596,10
1785529379.9871566,9196,1.5229344368388775,1.55167876853694,10
1785529379.9871807,9195,1.5227526587070224,1.5610678015373312,10
1785529379.9931645,9199,1.5222828330316438,1.561420360452725,10
1785529379.9999175,9200,1.5222994133646068,1.5619549752756403,10
1785529380.0040014,9204,1.5224313869149488,1.5556360188052418,10
1785529380.0164473,9205,1.5282121747839945,1.555623460288801,10
1785529380.0473378,9206,1.5147322721849115,1.5454942632588,10
1785529380.0482583,9207,1.514769061187689,1.5428548972308753,10
1785529380.0483215,9212,1.5145923761847853,1.534680952713165,10
1785529380.048367,9211,1.5198843338917363,1.5307134631576493,10
1785529380.048386,9213,1.5132718661966562,1.5257498999572374,10
1785529380.0484247,9215,1.5131862736950634,1.5176705598645104,10
1785529380.0549457,9216,1.5131897668155114,1.5172305449133723,10
1785529380.0554328,9217,1.515181942394771,1.5172220420056384,10
1785529380.0557177,9218,1.5065868593498,1.5107775678457893,10
1785529380.0559933,9219,1.506582393021882,1.5114831296113245,10
1785529380.065689,9221,1.5044529964482898,1.511483190765981,10
1785529380.0664022,9224,1.5045094440077302,1.5199814520184964,10
1785529380.0665207,9223,1.4986242630967659,1.524394354445231,10
1785529380.0726707,9225,1.5064104938511502,1.5302377221031305,10
1785529380.077593,9227,1.5064268591472967,1.531300841245117,10
1785529380.0939817,9228,1.5064019674104665,1.5332415261369292,10
1785529380.1240113,9230,1.519372652183699,1.5429760176491092,10
1785529380.1244485,9232,1.5226695869528863,1.5405026983941563,10
1785529380.1245584,9231,1.5227554371383891,1.5346247414481462,10
1785529380.1245835,9233,1.5268083210669268,1.534662145473344,10
1785529380.1246204,9234,1.522954461839327,1.534670573484324,11
1785529380.124656,9235,1.5263798572455833,1.531684688662349,11
1785529380.1368763,9240,1.5263684840690577,1.5335244721160315,11
1785529380.1415737,9241,1.5196556368461647,1.5335300677937307,11
1785529380.1417835,9243,1.519574129188498,1.542751374175243,11
1785529380.1730647,9247,1.524624600482329,1.5383499970792005,11
1785529380.1745205,9252,1.524690577617746,1.5273045409955552,11
1785529380.1746476,9253,1.526797953336798,1.5273037918004126,11
1785529380.174672,9256,1.5139162136391577,1.5385316069029604,11
1785529380.2177408,9258,1.5144160443204369,1.538530189971665,11
1785529380.2206268,9259,1.5050405834293115,1.546701021730535,11
1785529380.2206593,9264,1.5049664804427254,1.5520857277182833,11
1785529380.2210937,9265,1.5089549576317478,1.5520902826149525,11
1785529380.2212903,9267,1.509080388266813,1.5425704745998696,11
1785529380.2709818,9271,1.5146110873791656,1.5319098100823014,10
1785529380.2738652,9276,1.5093903376493347,1.52578627482928,9
1785529380.2739637,9277,1.4941575429719158,1.5231265075389746,9
1785529380.2739909,9278,1.4984639382396276,1.5274227394690556,9
1785529380.2740562,9279,1.5000248876479614,1.5367761903530122,9
1785529380.2740562,9280,1.5139011224239174,1.5229396542477387,9
1785529380.2754207,9281,1.512180676526143,1.5226297719861712,9
1785529380.2755275,9284,1.5123497741350653,1.523554374243632,10
1785529380.2755454,9283,1.5173019875998033,1.5194454115906408,10
1785529380.2807732,9285,1.5156655385927182,1.517172421234347,10
1785529380.280863,9286,1.515284912362314,1.5171698000546014,11
1785529380.2808857,9287,1.5152695667438765,1.5156216618191352,12
1785529380.2890832,9288,1.5152678233448573,1.511400748944727,12
1785529380.289731,9289,1.519406315841804,1.5113971202243266,12
1785529380.2900755,9290,1.5198502327195522,1.511840923567373,12
1785529380.2929313,9292,1.519761844206856,1.5119293209727211,12
1785529380.3070931,9291,1.5197603917920843,1.514650797747451,12
1785529380.3263805,9297,1.5209132823355556,1.515803649665117,12
1785529380.32644,9298,1.516203905187377,1.5157627289419038,12
1785529380.326459,9299,1.5162450341853377,1.520561614295198,12
1785529380.3467638,9302,1.514914811906545,1.5192313792309544,12
1785529380.347405,9308,1.5149967337512205,1.5260716711999065,12
1785529380.3489869,9307,1.5062086847862106,1.5348623319674166,12
1785529380.3546715,9309,1.5069193536298775,1.535573853887409,12
1785529380.3602476,9311,1.5070656388607657,1.542929553790018,12
1785529380.3640363,9312,1.5070212949711932,1.5483985752600116,12
1785529380.3723977,9313,1.508499077640967,1.5484037114304126,12
1785529380.3724432,9314,1.5084991270606636,1.5484037113163227,12
1785529380.3771737,9316,1.5001543983731,1.5567560871220067,12
1785529380.377601,9315,1.5001813904460286,1.554545913530902,12
1785529380.3803022,9317,1.499461789081415,1.554541214123415,12
1785529380.3924909,9318,1.4965126273732094,1.5545189277379066,12
1785529380.4280324,9319,1.4971263149129201,1.5539044784162206,12
1785529380.4281003,9324,1.4971045438874198,1.5558515919501783,12
1785529380.4281578,9325,1.4939833643393459,1.555824160005872,12
1785529380.4281747,9326,1.4858796153627893,1.5477136595303185,12
1785529380.4282136,9327,1.4858584016531462,1.550111484310137,12
1785529380.4282491,9332,1.485829408665533,1.548879391502366,12
1785529380.4282815,9331,1.4839865371512837,1.5507235943433082,12
1785529380.4409907,9333,1.4788265658210669,1.5455604037718953,12
1785529380.4417763,9334,1.4894106191434258,1.5455951482613572,12
1785529380.441826,9335,1.4892156026429202,1.5368722819035876,12
1785529380.4769497,9338,1.4949117653270245,1.5425708795969448,12
1785529380.4974291,9342,1.4984835307771134,1.542598527673995,12
1785529380.497514,9349,1.5006613408178677,1.5426108880499843,12
1785529380.504878,9350,1.5032369729700654,1.5451881119247501,12
1785529380.5171273,9357,1.5109625142873992,1.552919714052404,12
1785529380.5176084,9359,1.5110142807655476,1.5551389440809698,12
1785529380.5586941,9361,1.5150034651603175,1.5551412372725408,12
1785529380.5589075,9362,1.5137613935156815,1.5538979439629375,12
1785529380.59136,9369,1.514134205713369,1.5504700991528844,10
1785529380.6172118,9378,1.5109160725802884,1.5509259054904319,10
1785529380.6175013,9379,1.5202811915901744,1.5427683646751658,10
1785529380.6175516,9380,1.5200285030002494,1.5445317178050018,10
1785529380.6175861,9384,1.5214024998634987,1.5366209805655664,10
1785529380.6176028,9385,1.5148356119375637,1.5375271141070934,10
1785529380.6176345,9388,1.5137387724583045,1.5384820799120795,11
1785529380.6267645,9387,1.5137499145411355,1.5314433516459451,11
1785529380.626866,9389,1.5198541878126761,1.5315488237493502,12
1785529380.651707,9391,1.5081524254526546,1.5367723079848306,11
1785529380.6610782,9397,1.5146576797144582,1.5368194873698466,11
1785529380.6613305,9398,1.5165007557966024,1.5384287665432095,11
1785529380.661374,9400,1.515196104754631,1.5395652540770097,11
1785529380.6615002,9399,1.5151585062012314,1.5455462721116797,11
1785529380.6697845,9401,1.5082598501710853,1.5454783767322826,11
1785529380.674526,9402,1.5119553249753699,1.5454854671260576,11
1785529380.676077,9406,1.51454188054353,1.5455080597771527,12
1785529380.697768,9407,1.5146676203673661,1.5512837614850599,12
1785529380.7173896,9408,1.5145991024134262,1.5568273139006488,12
1785529380.7182784,9409,1.5103524006362485,1.5568218785204468,12
1785529380.720989,9410,1.506262522822976,1.552728191097891,12
1785529380.7211242,9412,1.5066134846952033,1.552376566746951,12
1785529380.7211812,9411,1.5066756631624145,1.545231196413311,12
1785529380.7212086,9413,1.5125954321199968,1.5453069429871558,12
1785529380.7212548,9415,1.5123310032959034,1.5455722270316448,12
1785529380.7212827,9417,1.5126872575316939,1.5459229989402479,12
1785529380.721327,9419,1.512646174128677,1.544150817108092,12
1785529380.7229788,9420,1.5126493203817242,1.543446409918345,12
1785529380.7299206,9422,1.5139883875956033,1.5447861871829,12
1785529380.7339427,9423,1.513934409747876,1.5522661220422864,12
1785529380.736997,9424,1.5102526342003018,1.5559517851965339,12
1785529380.762334,9425,1.5024231419061724,1.5558842098387156,12
1785529380.7958696,9426,1.500949064860967,1.5558767387033885,12
1785529380.7974448,9427,1.5013881222173333,1.5554371752926142,12
1785529380.7989843,9431,1.5013897680795911,1.5555256343591528,12
1785529380.7991173,9432,1.5014022053544869,1.55455344795134,12
1785529380.7992008,9433,1.5004480844582764,1.5545475824579047,12
1785529380.799248,9434,1.4981358550876418,1.5522332026660126,12
1785529380.7995727,9436,1.5047186681773113,1.5456449190182655,12
1785529380.7996092,9435,1.5047599767209385,1.5394661542018224,12
1785529380.7996454,9437,1.5076249248511213,1.539497466513386,12
1785529380.799721,9438,1.5050091784591755,1.539476985895677,12
1785529380.7997873,9439,1.507807227438904,1.5366773281301145,12
1785529380.8059752,9444,1.5077975234850638,1.5400274417004467,12
1785529380.8178606,9445,1.5062664271533155,1.5335032853686121,11
1785529380.8179193,9446,1.5068020553142796,1.5341149182364473,11
1785529380.8180375,9448,1.5041787094810402,1.5371198566977375,11
1785529380.8244188,9449,1.5021207877271223,1.5370964649023016,11
1785529380.8867054,9451,1.494092847469816,1.5406626752341597,10
1785529380.8963835,9457,1.4986930712422517,1.5407035871495947,10
1785529380.8965216,9456,1.498688458958739,1.5411078773114792,10
1785529380.896561,9458,1.5042075933540748,1.5466061845552703,10
1785529380.8966177,9464,1.5042889923506928,1.5498833041794218,11
1785529380.8966637,9462,1.5069827469979618,1.5498945532347943,11
1785529380.8966918,9465,1.4991321124069537,1.543045420339158,11
1785529380.8967457,9463,1.5001407989093454,1.542166138501993,11
1785529380.896798,9469,1.5054391185488887,1.542185200202398,11
1785529380.8971248,9470,1.505236376331642,1.5420083356490633,11
1785529380.9038186,9473,1.5126382044467515,1.542064587490459,11
1785529380.9115033,9471,1.5125816026225545,1.5473468085687958,11
1785529380.9810596,9478,1.5132928165148465,1.5473529590267765,12
1785529381.013914,9479,1.5132072422619682,1.5427347770461737,12
1785529381.0139778,9480,1.5132706083972758,1.5357817319437463,12
1785529381.0140615,9482,1.51140510516369,1.5339153698976962,12
1785529381.0140877,9483,1.5114236885107424,1.5300407293319973,12
1785529381.0141096,9484,1.5104579147317958,1.5310065966409339,12
1785529381.0141976,9485,1.5070648437620715,1.5309764433571624,12
1785529381.0142598,9488,1.5070202627003864,1.5279636142847584,12
1785529381.0143063,9487,1.5070202622824072,1.5279635528630042,12
1785529381.0143294,9489,1.5176717839222604,1.5386184668695755,12
1785529381.0143769,9490,1.5242959827822962,1.5386999010514486,12
1785529381.0144045,9491,1.524344330880455,1.5411063253237434,12
1785529381.0144796,9492,1.524320012663723,1.5442629910455463,12
1785529381.014539,9493,1.521708259059642,1.5442663405274324,12
1785529381.014561,9494,1.523220845574637,1.5457798298255585,12
1785529381.0146015,9495,1.5232711667264371,1.535605996243567,12
1785529381.0146976,9497,1.5194256484919293,1.5355398577935453,12
1785529381.0147417,9499,1.5226650402198902,1.5322993518469974,12
1785529381.0147805,9505,1.5280857298474584,1.5322977002265963,12
1785529381.0172856,9506,1.522387513258425,1.5265987391635958,12
1785529381.0178993,9507,1.5222937679547224,1.5411626718287286,12
1785529381.0236921,9510,1.5202891911635334,1.5411715576920335,12
1785529381.027906,9511,1.5164134477491227,1.5450492461906904,12
1785529381.0345879,9514,1.513184592544063,1.5450248928366042,12
1785529381.037044,9515,1.5131580558582243,1.5434263985431835,12
1785529381.0764515,9517,1.5023600607170433,1.5434161826994717,12
1785529381.077664,9518,1.5048472819035135,1.5459053731311598,12
1785529381.0777392,9519,1.5048956632736037,1.539727107791629,12
1785529381.0778484,9521,1.5072236219086723,1.539749730929511,12
1785529381.078223,9524,1.5074040795748207,1.5472841982304855,12
1785529381.0784204,9523,1.5069670640812212,1.5477224395083358,12
1785529381.0817497,9525,1.5012511076098316,1.542002800453495,12
1785529381.099052,9527,1.5012748813096997,1.542975246909661,12
1785529381.0991323,9528,1.5012697187928503,1.5443892132759947,12
1785529381.0992777,9529,1.5012697166284714,1.544389374707082,12
1785529381.0993261,9530,1.5060916860167848,1.549214832907115,12
1785529381.0993705,9532,1.5133486856959018,1.5419541008093274,12
1785529381.099407,9531,1.5133418210842144,1.5438014327252878,12
1785529381.1160777,9533,1.5171074266992994,1.5438598906103274,12
1785529381.1278934,9534,1.5167596093337994,1.5438619670181486,12
1785529381.1279557,9535,1.519468336583026,1.541147930684036,12
1785529381.1279814,9539,1.5195207566215305,1.5431944981075942,12
1785529381.1280227,9540,1.5195224692824782,1.5424922436034478,12
1785529381.128066,9541,1.526927025121128,1.5425136683480047,12
1785529381.131462,9542,1.5276413725326152,1.5432275817102372,12
1785529381.1408882,9543,1.527629213952315,1.5453295673099692,12
1785529381.1431518,9548,1.5274439070557078,1.5364074252931186,12
1785529381.1763682,9547,1.5288497258625975,1.535001046614306,12
1785529381.1788113,9549,1.5313388774900747,1.5374904323362342,12
1785529381.1790245,9552,1.5313508494137587,1.5355663412095946,12
1785529381.179084,9553,1.5269845071140355,1.535577670970732,12
1785529381.182408,9554,1.5268958517460571,1.5354892977783403,12
1785529381.1864746,9555,1.5269048998268748,1.5318972929220411,12
1785529381.2186184,9556,1.5224391522657807,1.536363550313696,12
1785529381.2186513,9561,1.5216360166630305,1.5355609929565384,12
1785529381.2187254,9562,1.5183271141694346,1.5355102435964716,12
1785529381.2187474,9563,1.5181752521299925,1.5266159390150726,12
1785529381.2187881,9564,1.5181551486406675,1.5306570940192743,12
1785529381.218832,9565,1.5157059043572811,1.5306604386474287,12
1785529381.2188509,9566,1.515261837767634,1.5302163295207785,12
1785529381.2272656,9569,1.5127622802108656,1.5301937717873935,12
1785529381.2325122,9567,1.5127380372172288,1.5335386184218258,12
1785529381.2352612,9573,1.508040568199417,1.528839826318941,12
1785529381.2353578,9574,1.5079513001668374,1.5288395520588711,12
1785529381.2673159,9576,1.507974480604199,1.5244312964873903,12
1785529381.2674046,9575,1.508041898531773,1.5292176196380023,12
1785529381.2674484,9580,1.5007509200901297,1.5365113534287518,12
1785529381.267492,9579,1.5007549580083792,1.5361580796922576,12
1785529381.2675114,9581,1.502452035049833,1.5361698960607018,12
1785529381.2675648,9583,1.497536831115104,1.5410876252740493,12
1785529381.2747884,9585,1.5001163564616542,1.5436691366776512,12
1785529381.2985752,9586,1.5048677272987874,1.5437086018099468,12
1785529381.3164585,9587,1.5049351351279119,1.5465429442263456,12
1785529381.3188498,9588,1.5049415347439044,1.5454840561598597,12
1785529381.3188992,9589,1.5021569864879847,1.545459476717338,12
1785529381.31914,9590,1.504924366605961,1.548229168869505,12
1785529381.319176,9592,1.5045749437754152,1.5485794715680963,12
1785529381.3191981,9591,1.5045836425071843,1.5469023622054574,12
1785529381.31925,9593,1.5037759966603526,1.546892260882976,12
1785529381.3192873,9594,1.4994272080288509,1.546844496352299,12
1785529381.3193269,9595,1.4988156661149339,1.5474558288675757,12
1785529381.3244925,9600,1.4987924114535207,1.5520550468371637,12
1785529381.330003,9601,1.5024386937412904,1.55209173926823,12
1785529381.3312325,9602,1.4965522229641641,1.546200223654865,12
1785529381.3708136,9603,1.4965721382611703,1.5504703301068108,11
1785529381.3708136,9604,1.499887343863947,1.546673641893847,11
1785529381.3746998,9608,1.50003938459969,1.5524220439678877,12
1785529381.3747845,9607,1.49925292500464,1.5532099370056853,12
1785529381.3756027,9609,1.4999672863124536,1.55392516547788,12
1785529381.375772,9610,1.491513618851678,1.553856188791889,12
1785529381.375806,9611,1.4914744980232826,1.552356932155179,12
1785529381.3758726,9612,1.4915113470959591,1.5478351086917694,12
1785529381.3759642,9613,1.4848160789048184,1.5477380653910318,12
1785529381.3759952,9614,1.4836531809495348,1.546575269900314,12
1785529381.3760483,9616,1.486884542831833,1.5433416506142024,12
1785529381.377028,9615,1.4868909350723616,1.5395236205848115,12
1785529381.383996,9617,1.4877862071691392,1.5395308729178536,12
1785529381.413307,9618,1.4948500732203134,1.5396353394955793,12
1785529381.4352036,9619,1.4990476230988283,1.5354366208354557,12
1785529381.4389296,9624,1.499046214355807,1.536585678862046,12
1785529381.4394515,9625,1.5064659889542094,1.5366447781752652,12
1785529381.4395013,9626,1.51011684513359,1.5402969205022885,12
1785529381.4395576,9627,1.5101289253006913,1.5380064975096177,12
1785529381.4396064,9629,1.5112028119457637,1.5380192013246774,12
1785529381.4396455,9630,1.5126860853180266,1.5380256461953288,12
1785529381.439702,9631,1.5069015960786547,1.5438132838942575,12
1785529381.4526591,9637,1.5101227724974216,1.5438289169853923,12
1785529381.4655442,9638,1.4995324023994807,1.5332332459018088,12
1785529381.5062723,9642,1.493064722983157,1.533170811444719,12
1785529381.5139384,9643,1.499980171309876,1.5262527683790093,12
1785529381.5144627,9648,1.4999807781614853,1.5281084181350701,12
1785529381.514553,9649,1.4979671564282517,1.528089542381594,12
1785529381.514585,9652,1.498492231892148,1.527564150515197,12
1785529381.5146382,9651,1.4984930901735554,1.5274756594372676,12
1785529381.5146604,9656,1.4983514545657923,1.5184632448525759,12
1785529381.5199723,9655,1.4969464674079522,1.5198680224580239,12
1785529381.5220003,9660,1.496945803870302,1.5210183314480634,12
1785529381.5286999,9661,1.498086726512285,1.5210260513564884,12
1785529381.529825,9662,1.5053749666423797,1.5283157257302948,12
1785529381.5632565,9663,1.5053374312005594,1.5346693283976032,12
1785529381.56339,9668,1.5054152845542965,1.539363645640783,12
1785529381.5634143,9667,1.5063824115306585,1.5383961664072636,12
1785529381.5635183,9669,1.5088691153627967,1.5408840725125446,12
1785529381.570587,9672,1.5089027877270693,1.5361245955241345,12
1785529381.571829,9674,1.509614417634732,1.5368363051987537,12
1785529381.5723634,9676,1.5103167476787933,1.5361337494455807,12
1785529381.5757554,9675,1.5103275927758857,1.5338433039090769,12
1785529381.5805016,9677,1.510859375200267,1.5310114127065275,10
1785529381.6267269,9679,1.5111627278054491,1.5307084272666527,10
1785529381.6269312,9680,1.5112022159293474,1.5327412958359548,10
1785529381.6269524,9684,1.5111837877232779,1.5398953643102145,10
1785529381.6270018,9685,1.5141847213786435,1.5399078354501792,10
1785529381.627024,9686,1.514286441743495,1.5400092618024934,10
1785529381.6273937,9687,1.5142847974367342,1.540211207843677,10
1785529381.6273937,9688,1.5160962645322404,1.5384042828285163,10
1785529381.627535,9692,1.5161771304845548,1.542067334482104,10
1785529381.6275966,9691,1.517985006951109,1.540263021137718,10
1785529381.6326602,9693,1.5113383389213333,1.5336277697853564,10
1785529381.6362622,9694,1.5119444592480409,1.533634944918772,11
1785529381.6376972,9695,1.5119645750543753,1.534810697131587,12
1785529381.6533737,9696,1.511961475280438,1.535074894742937,12
1785529381.6743104,9697,1.5096922949159362,1.5350690163062857,12
1785529381.6743536,9698,1.5149403499041456,1.5403193900802001,12
1785529381.6744096,9699,1.5149718063459139,1.533723042941285,12
1785529381.6744561,9701,1.5187254829228916,1.5337785956200927,12
1785529381.6744819,9704,1.5186285792314371,1.528796990149123,12
1785529381.6745179,9703,1.5171386843419665,1.5302867957958994,12
1785529381.6780727,9705,1.5139302073884962,1.5270779138812611,12
1785529381.6799145,9707,1.5138831941483004,1.5242357163736238,12
1785529381.6850035,9708,1.5138813529314272,1.5258192046076735,12
1785529381.6920555,9710,1.506939322453854,1.518876350996044,12
1785529381.6924398,9712,1.503428551018133,1.522386896810397,12
1785529381.705776,9711,1.5034113291104116,1.528920804630264,12
1785529381.7393477,9716,1.5090851070477194,1.5296403755622399,11
1785529381.7431498,9715,1.5093874556242983,1.5293750511313902,11
1785529381.7432053,9717,1.5152410781698422,1.5345175677650265,11
1785529381.7435298,9719,1.5153123907662729,1.5386939139986624,11
1785529381.743571,9720,1.5153151381550511,1.5385180868427226,11
1785529381.743629,9722,1.5227819372868667,1.5450842024012474,11
1785529381.7437055,9724,1.5218797050458124,1.5458774171574217,11
1785529381.743822,9725,1.5156525249803532,1.5458293047586982,11
1785529381.7463334,9728,1.5157493434141596,1.5504513100548096,11
1785529381.746545,9726,1.5132388029433332,1.5504529181474487,12
1785529381.7540207,9729,1.5148366190898488,1.5520520870723031,12
1785529381.7540207,9730,1.513847914694549,1.552042959578241,12
1785529381.7583911,9731,1.5137598494572369,1.547690060368392,12
1785529381.7847657,9732,1.513636042280488,1.5556117317627418,12
1785529381.8019676,9733,1.515110093559842,1.5556045968677203,12
1785529381.8027012,9734,1.509898330954467,1.5503882263860815,12
1785529381.8027325,9736,1.5091030845350413,1.551184132757515,12
1785529381.8028648,9735,1.5090261098257776,1.5553277936802774,12
1785529381.8029013,9737,1.510825575020565,1.555331465862899,12
1785529381.8030338,9739,1.510295015106539,1.5558625539059083,12
1785529381.8031683,9740,1.5102590161437022,1.5537329914053417,12
1785529381.815991,9744,1.5104977608886563,1.5363757088024754,12
1785529381.8161683,9745,1.5094502061356996,1.5363742848742423,12
1785529381.8162136,9746,1.508739965573631,1.535663780104019,12
1785529381.8163366,9748,1.5091797690736497,1.535223772796733,12
1785529381.8288314,9752,1.5091139897718318,1.5307899202865123,12
1785529381.8288817,9751,1.5097306755197353,1.5301730155713065,12
1785529381.836461,9753,1.5104399087709588,1.5308824322031205,12
1785529381.8432503,9754,1.5128506670494546,1.5309001858635685,12
1785529381.8434038,9755,1.5128993074319497,1.5340964280565417,12
1785529381.8439596,9756,1.5128269970244235,1.542018750222903,12
1785529381.8806355,9757,1.5060312885220897,1.54201693420575,12
1785529381.881539,9758,1.5077178098342443,1.543704612308957,12
1785529381.8821282,9759,1.5077389389300644,1.5414119772597168,12
1785529381.8822238,9761,1.5065743419907858,1.5414030886174102,12
1785529381.8822756,9764,1.5065895079885296,1.5422006103675694,12
1785529381.882302,9763,1.5062379318089463,1.5425524159233117,12
1785529381.8823192,9765,1.5035729033640959,1.5398859227474326,12
1785529381.882362,9767,1.503657883647564,1.5441351577617737,12
1785529381.8852007,9768,1.503690356123427,1.538925965885038,12
1785529381.9008696,9770,1.5077895038582056,1.5430269756564363,12
1785529381.9116716,9772,1.5058622813871787,1.5449560068975507,12
1785529381.9585114,9771,1.5073792019536125,1.5430249958103859,11
1785529381.9589038,9776,1.507330671684455,1.541074720414761,11
1785529381.9589758,9775,1.5020426088178458,1.5457185351504696,11
1785529381.9594557,9777,1.5077152749590268,1.5507147949318698,11
1785529381.9595602,9779,1.5076490591578722,1.5482326116908616,11
1785529381.9595942,9780,1.5076507118100355,1.548144270015043,11
1785529381.9596457,9782,1.5021823667322212,1.5433313489280274,11
1785529381.959667,9784,1.5061768114381329,1.5398232297941101,11
1785529381.9597077,9783,1.5061638789387124,1.5414992283262603,11
1785529381.959729,9785,1.5081015305092327,1.5415160530477283,11
1785529381.9597528,9788,1.5081642688086843,1.5440872832553507,11
1785529381.9598196,9787,1.5105599233894338,1.541983628069838,11
1785529381.9598432,9789,1.5050855895371444,1.5371678042275732,11
1785529381.959862,9791,1.504990305448905,1.5327392499376067,11
1785529381.992712,9793,1.5146501086953945,1.532755181853398,11
1785529382.0102174,9792,1.5146080605058385,1.5366258514705047,11
1785529382.0116098,9794,1.5140033136780766,1.5360945859277002,11
1785529382.015917,9798,1.5108980929021878,1.5360996588239006,12
1785529382.0160563,9800,1.5108959501829105,1.5359222054502488,12
1785529382.0160782,9804,1.5109141547568656,1.5336321361017125,12
1785529382.016126,9805,1.5044480362260064,1.5336168257909812,12
1785529382.016147,9807,1.504454757268592,1.5321162976751557,12
1785529382.0225577,9809,1.5044547580855794,1.532116232073833,12
1785529382.0250633,9810,1.5046296126250749,1.5321159640058102,12
1785529382.0326438,9814,1.5058801043679997,1.53212768129669,12
1785529382.0403688,9815,1.5058603383005933,1.530976117455211,12
1785529382.0422323,9816,1.5058547152153916,1.5322994320301904,12
1785529382.0598722,9817,1.505155347729216,1.5322964317281837,12
1785529382.0835705,9818,1.5069339508191348,1.5340756932671857,12
1785529382.0927515,9821,1.5005883274430907,1.5340342326320129,12
1785529382.0928078,9823,1.5000602621265304,1.5345623870679481,12
1785529382.0928934,9822,1.495954666875758,1.5345390389403242,12
1785529382.0929222,9826,1.4922896211320076,1.534527263672709,12
1785529382.0929563,9827,1.492339223286298,1.537437371790031,12
1785529382.0930948,9830,1.4886958591565123,1.5337926655407343,12
1785529382.093312,9832,1.4854442855194896,1.537045199227314,12
1785529382.098506,9831,1.485411497333668,1.541131574357738,12
1785529382.1000085,9833,1.4902485260868559,1.54113674762086,12
1785529382.1052132,9834,1.499051171919294,1.5411902751369027,12
1785529382.1073833,9835,1.4961433025882331,1.544099967667758,12
1785529382.1445577,9837,1.4955230446041505,1.5434793605424202,12
1785529382.1446195,9838,1.495254116529147,1.543479740025828,12
1785529382.1446388,9839,1.4952248032052748,1.5417134757899857,12
1785529382.1450262,9840,1.4952119168775746,1.5427761030251492,12
1785529382.1450877,9841,1.4927730415749676,1.5427658385862963,12
1785529382.1451077,9842,1.4887861408411605,1.5387768594421307,12
1785529382.1451535,9843,1.488848844391909,1.530347624408294,12
1785529382.1451535,9844,1.4904310399169292,1.5287647879071282,12
1785529382.1452117,9845,1.493107768613701,1.528773057955214,12
1785529382.1459074,9846,1.4872432352624996,1.5287110399751045,12
1785529382.1485734,9847,1.494167359509904,1.5217852386434574,12
1785529382.1532996,9850,1.4977286947037094,1.52181126810492,12
1785529382.1581295,9851,1.497859403872727,1.528701661261277,12
1785529382.2019975,9853,1.5011856185333536,1.528739994192422,12
1785529382.2040265,9854,1.509579871222281,1.5371368346996868,12
1785529382.2042997,9855,1.5095691159493063,1.5407505410591629,12
1785529382.209331,9859,1.5045788828955728,1.5457441178351803,12
1785529382.2094529,9860,1.5047078009486954,1.55070457004683,12
1785529382.2095668,9865,1.5033181192828926,1.5506915872826592,12
1785529382.2226524,9869,1.5017007453992224,1.5506722627145308,12
1785529382.2272718,9867,1.5016937918786415,1.5517325935355928,12
1785529382.2366173,9868,1.5043165085901025,1.549107769514213,12
1785529382.2368565,9874,1.5071904147792206,1.549144302063819,12
1785529382.2578175,9877,1.509537209515722,1.5491633622831649,12
1785529382.2920938,9878,1.5096258198041206,1.549251775009829,12
1785529382.2925863,9880,1.5060426346888511,1.5528399112278353,12
1785529382.29265,9879,1.5060010216267574,1.5576053112958377,12
1785529382.292729,9881,1.50690139232184,1.5576158226358614,12
1785529382.2927842,9882,1.5058617671281072,1.557608250181615,12
1785529382.292804,9883,1.511986568884757,1.5514774098209607,12
1785529382.3016834,9887,1.511956878267376,1.550322554980987,12
1785529382.3094983,9888,1.5119375603152658,1.5526120208835064,12
1785529382.309577,9889,1.5131527298324288,1.5526169494844204,12
1785529382.309602,9890,1.514310471425171,1.5537756281850674,12
1785529382.3096423,9891,1.5143287742532756,1.5518399068011717,12
1785529382.3156097,9896,1.5142731825822797,1.5496183306809255,12
1785529382.3199415,9895,1.5146238217643706,1.549267283349964,12
1785529382.3199415,9897,1.5144471612413946,1.5490904469770137,12
1785529382.3224955,9899,1.5144224693679806,1.5481115991865566,12
1785529382.3326766,9901,1.5132053529279148,1.5481077905438974,12
1785529382.3396618,9902,1.5130285839630493,1.5479309762137303,12
1785529382.3535182,9908,1.5128914914937759,1.541713003318699,12
1785529382.3547435,9906,1.5117587465867306,1.54171053042376,12
1785529382.354916,9909,1.512381171213861,1.5423333376615482,12
1785529382.358401,9911,1.5122988006033378,1.537983111840962,12
1785529382.4184515,9914,1.512563880246818,1.5382481970034396,12
1785529382.4192002,9918,1.517450786432221,1.5382445625633103,12
1785529382.4199896,9920,1.5175931553471729,1.5459815094154763,12
1785529382.432186,9933,1.5178581986283364,1.5462469744058438,12
1785529382.4371371,9935,1.512398329580146,1.5553388864019173,11
1785529382.4757998,9937,1.5122983890159691,1.5553397259405592,11
1785529382.4993777,9938,1.505700763768278,1.553170718428307,9
1785529382.499897,9942,1.4952881813392918,1.5545883575352115,9
1785529382.4999475,9943,1.4892588353990621,1.5590484208798152,9
1785529382.5000353,9948,1.4898101277979605,1.5565396956319781,9
1785529382.5000937,9949,1.4811430357293665,1.5576853945325497,9
1785529382.5001192,9950,1.4882853786524324,1.5623828100693877,9
1785529382.500162,9951,1.488628372104261,1.560815690036687,9
1785529382.5144877,9955,1.488967129314663,1.5605645308665015,9
1785529382.5202887,9956,1.4890458155523767,1.5600540798084548,9
1785529382.5327523,9960,1.489676746415487,1.557130488120943,9
1785529382.5542154,9961,1.4958836068113075,1.5563163330987844,9
1785529382.5542421,9962,1.4803525747705286,1.5460741957502333,9
1785529382.5543077,9963,1.4807730562380481,1.5440845236621479,9
1785529382.5543442,9968,1.481464093720512,1.5400751533793005,9
1785529382.5598087,9969,1.4925116017450637,1.5473710740556943,9
1785529382.5643492,9967,1.4925126572907594,1.5473717282934711,9
1785529382.5842159,9974,1.5001530289786316,1.5524139676039261,9
1785529382.6175787,9976,1.5066328122203858,1.5476209224003732,10
1785529382.6183665,9977,1.5108039024177184,1.5476733872938975,11
1785529382.618402,9979,1.5099014394286943,1.548459205763612,11
1785529382.618428,9978,1.5080050539382335,1.548443235350344,11
1785529382.6184769,9984,1.508008009889699,1.5482668644696795,11
1785529382.6184993,9986,1.508416166878696,1.5486251905588688,11
1785529382.618517,9988,1.504704605740284,1.551854608515775,11
1785529382.6185572,9987,1.504691906580558,1.5534439475600974,11
1785529382.625432,9989,1.4996305783579,1.5533917483294717,11
1785529382.631209,9991,1.5032503198872527,1.5502411016673985,11
1785529382.6334555,9993,1.494349032310225,1.5424707094800811,11
1785529382.6364455,9994,1.503587728844325,1.542560840437972,12
1785529382.6586523,9995,1.5034713989290347,1.5376916959091425,12
1785529382.6752124,9996,1.5034651269084724,1.539633750218253,12
1785529382.6753714,9998,1.5012352722308027,1.5374029719307174,12
1785529382.6775243,10001,1.5030244697343578,1.5374213286672007,12
1785529382.6777,9999,1.5030215853662618,1.5384810465937846,12
1785529382.6777313,9997,1.503981143041841,1.5384890566522298,12
1785529382.6777787,10006,1.5002221815694066,1.5384538836167205,12
1785529382.6780298,10007,1.5002019508390632,1.5374812074955198,12
1785529382.6828282,10008,1.50020660952597,1.5364204262774595,12
1785529382.7274163,10010,1.4999415044558861,1.5361551334716788,12
1785529382.7279904,10012,1.50072822459001,1.5353637447055142,12
1785529382.7280185,10011,1.500731282161308,1.534479931839058,12
1785529382.7280426,10013,1.499301097568213,1.5344681894743843,12
1785529382.728092,10014,1.5002619217316155,1.5344757224578085,12
1785529382.7281332,10015,1.4972802984284301,1.5374586884874455,12
1785529382.728983,10017,1.4994170851988682,1.5395968742994701,12
1785529382.7290292,10018,1.505773932594576,1.5396571827114034,12
1785529382.7290587,10019,1.505799128756049,1.5407203081226235,12
1785529382.7313726,10021,1.5030099132720398,1.5406953937565526,12
1785529382.7320192,10022,1.5036348905455912,1.541321051161416,12
1785529382.733514,10023,1.5036407663584839,1.5379661276774446,12
1785529382.7465606,10027,1.5080060719959218,1.5335985088938244,12
1785529382.7528317,10029,1.5081834524615303,1.5337746636481664,12
1785529382.7932088,10030,1.5024771987622962,1.5298301908835887,11
1785529382.7986815,10032,1.5024784791915735,1.5315462184319246,11
1785529382.7991457,10031,1.50244318321987,1.529624503819083,11
1785529382.799171,10034,1.5043185988129664,1.5317662417753013,11
1785529382.7991912,10036,1.5028323795819443,1.5334685386837792,11
1785529382.799215,10035,1.5028202606360144,1.5397283665456034,11
1785529382.7992678,10039,1.5012445208054475,1.541532942961601,11
1785529382.801,10040,1.5012496296802895,1.5419084760766382,12
1785529382.8108542,10044,1.5012558423595335,1.5416433789777322,12
1785529382.8109384,10045,1.5059594182068947,1.5416655799548933,12
1785529382.8130212,10048,1.5069265931027398,1.5406979960664209,12
1785529382.8616962,10049,1.50898660207934,1.5407145205277046,12
1785529382.862601,10047,1.5090224343955376,1.5345451583090446,12
1785529382.862776,10054,1.5096481791005827,1.5345516562346477,12
1785529382.8629107,10055,1.5096639875253286,1.5353499342952626,12
1785529382.8629785,10056,1.509657936225827,1.5368479140124747,12
1785529382.8630562,10057,1.5135856768952332,1.536860446909925,12
1785529382.8630838,10058,1.5137625657256495,1.5370372380936526,12
1785529382.8631287,10059,1.513769683855107,1.5359824923122958,12
1785529382.867222,10061,1.5141274118032277,1.5359840259810984,12
1785529382.872898,10065,1.5166187792937575,1.538478817090698,12
1785529382.8778255,10066,1.511517109024394,1.5384245920018769,12
1785529382.9178777,10070,1.5082301524801673,1.5351364061287858,12
1785529383.006973,10073,1.5119875859550875,1.5365922058152954,9
1785529383.0090077,10071,1.5107944056557445,1.5433725503858604,9
1785529383.0103118,10078,1.5062726446346293,1.544106965954133,9
1785529383.0104244,10080,1.5064025297693941,1.5433791487211754,9
1785529383.0105157,10082,1.5137419429900725,1.5507799976542036,9
1785529383.010556,10085,1.515699532232794,1.5504652572269229,9
1785529383.010619,10083,1.5142650481407225,1.5583416960901304,9
1785529383.0106497,10089,1.5080446850038878,1.5520597879121791,9
1785529383.0107124,10090,1.5135538671474364,1.5511632510527538,9
1785529383.0107467,10092,1.514769047438776,1.5443815590039816,9
1785529383.0108106,10094,1.5114461091313909,1.5410319604361253,9
1785529383.01085,10095,1.5129439050234659,1.5324408768109288,9
1785529383.0109036,10101,1.5134488079255277,1.5329488657641765,9
1785529383.0109696,10102,1.5157627958019024,1.5325839012157265,9
1785529383.0109954,10103,1.515038641586569,1.537447519599976,9
1785529383.0110922,10104,1.5140374317635221,1.5432482430647234,9
1785529383.0111256,10105,1.4955698028498685,1.5461704269950591,9
1785529383.0122325,10106,1.4981092711011068,1.5487309482016407,9
1785529383.015379,10108,1.5129393573560452,1.533826554920316,9
1785529383.0155673,10107,1.5128009534984455,1.5346691801651586,9
1785529383.042372,10109,1.5109768550690634,1.534947176995269,9
1785529383.0552263,10112,1.5107924651930777,1.5362293758801728,10
1785529383.0552778,10111,1.5144892515948378,1.5329859511638932,11
1785529383.055321,10113,1.51712349563403,1.5353007533781788,11
1785529383.055321,10114,1.5194661499883928,1.5353283255393357,11
1785529383.0553544,10115,1.5194320267526111,1.5336377045763498,11
1785529383.0553956,10116,1.5193995642321887,1.5379409523552137,11
1785529383.055449,10117,1.5363918345273202,1.5378229249998847,11
1785529383.0554724,10118,1.527041825886689,1.5296168015703329,11
1785529383.0555158,10119,1.527094796179081,1.5246240720204713,11
1785529383.065271,10121,1.536036805537378,1.5247197322167583,11
1785529383.0751653,10123,1.5330215839950283,1.527363416360825,11
1785529383.0922785,10129,1.533520729934744,1.527357829411754,11
1785529383.1259117,10130,1.5366511485478151,1.5301070264098116,11
1785529383.1259594,10132,1.529620035915191,1.5362768372318578,11
1785529383.1260355,10131,1.5296061627530455,1.5375022564350518,11
1785529383.1260693,10137,1.529606162398777,1.5375022767185083,11
1785529383.129755,10140,1.5296554817942853,1.5324263622004264,11
1785529383.1298902,10141,1.5216874711830044,1.5324416726900687,11
1785529383.1299295,10142,1.526350084935065,1.536540173006225,11
1785529383.1383564,10143,1.5263477153163691,1.5367157105845237,11
1785529383.1424744,10148,1.52646546866931,1.5417100918984095,11
1785529383.1499078,10147,1.5240717418860203,1.5438120911764817,11
1785529383.1567683,10149,1.5211293465736049,1.5412233743536012,11
1785529383.156859,10150,1.514908063448126,1.541139783361348,11
1785529383.1576684,10151,1.5149933825035773,1.5445165389456323,11
1785529383.2029054,10153,1.5130121759530133,1.544507157088994,11
1785529383.203551,10154,1.5110829164992348,1.5428090430866843,11
1785529383.2035956,10155,1.5110592709525683,1.5463318879368773,11
1785529383.2036252,10157,1.501360650281912,1.5462416877199172,11
1785529383.2036862,10159,1.4960696763278716,1.5508914719504332,11
1785529383.2105858,10160,1.4960337545671327,1.5495669174475077,11
1785529383.210676,10165,1.4983070925701911,1.5495829703553419,11
1785529383.2133815,10167,1.4983265990678465,1.5479021780965851,11
1785529383.2226691,10172,1.4983233742616475,1.5477253572385434,11
1785529383.270849,10170,1.4986990909230746,1.5477255582300653,12
1785529383.270849,10171,1.5036172264785939,1.542806353948968,12
1785529383.2749035,10174,1.5085466826471532,1.5428495174341357,12
1785529383.2749708,10173,1.5127311539104533,1.5470363577207125,12
1785529383.2749972,10175,1.5127327684527034,1.5471253912204033,12
1785529383.2751026,10181,1.519374970442338,1.5472172391699657,12
1785529383.2752697,10182,1.5216367191630358,1.5472223273421208,12
1785529383.3035033,10183,1.5187467209624177,1.5501144031607934,12
1785529383.33398,10188,1.5149343867400813,1.5568035158455502,11
1785529383.3346436,10189,1.5119074830788881,1.5572213905736079,11
1785529383.3347337,10191,1.512046742134067,1.5562971519762276,11
1785529383.3347337,10192,1.5109580648267253,1.557386890675527,12
1785529383.3387556,10195,1.5145472615868354,1.5537941767712777,12
1785529383.3389084,10201,1.5205342358109932,1.5538059805575133,12
1785529383.3389432,10204,1.5245709293657121,1.5497666586263759,12
1785529383.3392844,10203,1.5245449085978346,1.552221622356601,12
1785529383.3534863,10206,1.5248921863901594,1.5522187283760573,12
1785529383.3540056,10207,1.524013836803706,1.5530998597653907,12
1785529383.3688924,10212,1.5240209948071188,1.5524859699326055,12
1785529383.3991816,10213,1.5203752232579877,1.5524887285196336,12
1785529383.399238,10216,1.5207285089365035,1.5521349555610018,12
1785529383.3993063,10215,1.5207195799117528,1.5524889102813633,12
1785529383.399328,10218,1.5167293587256339,1.5524822568599015,12
1785529383.399464,10219,1.5184807178453181,1.550729201456024,12
1785529383.4267693,10224,1.520669411043121,1.5480553257280205,10
1785529383.4544978,10225,1.519138003754973,1.5477891485762332,10
1785529383.4552147,10226,1.5161281205620443,1.5443469345431928,11
1785529383.455379,10228,1.5170881418346318,1.5432451358979686,11
1785529383.4554362,10229,1.5164606790843083,1.5432335719431767,11
1785529383.4558473,10231,1.514976256237445,1.5449360258701275,11
1785529383.4559515,10233,1.509700923111005,1.5389060340008949,11
1785529383.4560213,10234,1.5031655874583594,1.5388221191313876,11
1785529383.4560502,10235,1.5030745539586268,1.5336617243781716,11
1785529383.4561052,10237,1.5093661039556023,1.5336823643620354,11
1785529383.4561598,10238,1.5094546602878003,1.5337836235826274,11
1785529383.457467,10239,1.5094903659681225,1.5217894528480036,11
1785529383.4635897,10241,1.507264679927075,1.521766496746196,11
1785529383.4809926,10245,1.5034399783871477,1.5173962104193008,11
1785529383.5035825,10246,1.5097517378390166,1.5174581652884802,11
1785529383.5111434,10247,1.5096989794763123,1.5125888520911623,11
1785529383.5118213,10248,1.5097000692523996,1.5131933924627323,11
1785529383.5121145,10252,1.5087339843262562,1.5142993993622167,11
1785529383.5122442,10251,1.508722697750382,1.5243803306930326,11
1785529383.512295,10253,1.512999621407656,1.5244183566197236,11
1785529383.5143924,10255,1.5108905517298017,1.5268336705288919,11
1785529383.5200534,10256,1.5109510980649916,1.5310849160524738,12
1785529383.5262825,10260,1.5109560736851981,1.5300281721966584,12
1785529383.527808,10261,1.5121809441787846,1.53003008012434,12
1785529383.5623698,10263,1.5121841787225292,1.5293257980931236,12
1785529383.5623698,10264,1.5110416083131168,1.5304686361726756,12
1785529383.5624468,10265,1.5061314766599023,1.5304315325530184,12
1785529383.5626001,10269,1.514293247380123,1.5385963362663495,12
1785529383.5626426,10267,1.5159660097293843,1.5369231582656002,12
1785529383.5988636,10277,1.5118508898707446,1.536891286083054,12
1785529383.6209455,10281,1.510756731504957,1.533254749307201,11
1785529383.6210196,10282,1.5096369751354939,1.5332501730381725,11
1785529383.6210418,10283,1.5098353366361474,1.5443374310099387,11
1785529383.6210837,10284,1.5098226828525683,1.5453952046870805,11
1785529383.6211245,10286,1.5113371451731752,1.5467278518736856,11
1785529383.621162,10288,1.511236591935635,1.5468163622863693,11
1785529383.6211782,10287,1.5112718810053112,1.5439093428680377,11
1785529383.6226668,10292,1.5113451124211705,1.5470157466919394,11
1785529383.6259582,10291,1.513843517459553,1.544820628973804,11
1785529383.6325502,10293,1.509796124438602,1.541259446883946,11
1785529383.6365192,10294,1.5046970697716129,1.541218921864762,11
1785529383.6674857,10295,1.5045666378574087,1.5344004439578995,11
1785529383.6788416,10296,1.5045725195381858,1.5339590032279165,11
1785529383.6798112,10297,1.5025801795370994,1.5339539336370622,11
1785529383.6798685,10298,1.498232241414867,1.5301343877653544,11
1785529383.6799927,10299,1.4982063043145646,1.533495480682447,11
1785529383.680066,10301,1.5037034477115756,1.5335180902450698,11
1785529383.6801326,10303,1.502701317698333,1.5343976970014013,11
1785529383.6802342,10305,1.5030032513921747,1.5346628956635102,11
1785529383.6803007,10306,1.5076886538048868,1.5346944344107682,11
1785529383.684101,10307,1.5076095981732456,1.5301741126250499,11
1785529383.6869566,10309,1.5026247781996331,1.5301574825304878,11
1785529383.6898072,10310,1.5055613255733873,1.532737684724725,11
1785529383.6936457,10312,1.5058635694716085,1.5324724875882147,11
1785529383.6976829,10311,1.505877352033536,1.529298243681725,11
1785529383.7004073,10313,1.5100472662562325,1.5293367559139928,11
1785529383.7054298,10314,1.5108289389489888,1.5293399981407698,12
1785529383.7081177,10315,1.511793828658498,1.5283749263143864,12
1785529383.7600982,10319,1.511866770200483,1.5323688272522347,12
1785529383.7601402,10320,1.5118624826338591,1.5340419958274125,12
1785529383.7601964,10322,1.511950846874311,1.5341305078855088,12
1785529383.7602174,10324,1.5098482052802529,1.5362354246025387,12
1785529383.7602408,10323,1.5098325018509813,1.5394075315096778,12
1785529383.7603455,10325,1.503744583127887,1.5393560752323607,12
1785529383.7603943,10327,1.501283321274674,1.5418185118722672,12
1785529383.7604368,10329,1.5096324287284955,1.550173559355361,12
1785529383.7604809,10330,1.5069377426616948,1.5501536564040035,12
1785529383.7605054,10331,1.506970063346926,1.551660490202164,12
1785529383.768568,10333,1.5037574558241233,1.5516490159074228,12
1785529383.7687426,10334,1.4994020523229818,1.547290187595584,12
1785529383.7735672,10335,1.4994370849641987,1.5430455949681643,12
1785529383.7814293,10337,1.4997956043299299,1.5430452947410318,12
1785529383.8050063,10339,1.5004971652477426,1.542346039609575,12
1785529383.8224597,10340,1.5003821155438748,1.5365094249709494,12
1785529383.8232524,10345,1.5071037243822412,1.5365306447147882,12
1785529383.8233619,10346,1.513841255434602,1.5432714289333163,12
1785529383.8233879,10348,1.5193029745943674,1.5378073579375973,12
1785529383.823411,10347,1.5192754842542018,1.5404423243978818,12
1785529383.8257785,10350,1.5143065073744733,1.5404551931425678,12
1785529383.8257785,10352,1.5145486184156784,1.5519165030419413,12
1785529383.827374,10351,1.515776062988566,1.5506888030084442,12
1785529383.833212,10353,1.517912847444632,1.552827137495721,12
1785529383.8341432,10354,1.5154854115597507,1.5527963520282753,12
1785529383.837297,10355,1.5154430139973043,1.5510185447010998,12
1785529383.84726,10356,1.5154592299768161,1.5494352549919956,12
1785529383.8488905,10357,1.5157199328416806,1.5494337663281037,12
1785529383.8667898,10358,1.515366559036276,1.5490819499416333,12
1785529383.8945324,10359,1.5153707485497763,1.5483758319058312,12
1785529383.8945324,10360,1.51080867251739,1.552941520463603,12
1785529383.9017603,10361,1.5073020011911167,1.552908510086906,12
1785529383.901847,10362,1.5073886628638489,1.5529082871976159,12
1785529383.901876,10363,1.5089695285727251,1.5513265458893313,12
1785529383.9018955,10367,1.50892032941511,1.5491090805461998,12
1785529383.9019358,10368,1.5089027589389201,1.5506076379077902,12
1785529383.9019747,10370,1.510056682886281,1.5517625681870666,12
1785529383.901992,10372,1.5127829398537822,1.5490341692243894,12
1785529383.9020512,10371,1.512732320483233,1.5529079853842225,12
1785529383.916696,10376,1.5125296787179627,1.5409210079378393,12
1785529383.984891,10375,1.5080205375887357,1.545432789128854,12
1785529383.9948432,10377,1.5051062084216855,1.5425166248429611,12
1785529383.9948432,10378,1.5072569524255368,1.5425206170695693,12
1785529383.9953542,10379,1.5072972860491731,1.545179547997451,12
1785529383.9954183,10380,1.5073829668633134,1.5377713216505824,12
1785529383.9954717,10381,1.5018859641187017,1.537755125072418,12
1785529383.995494,10382,1.503662747477991,1.5395329516347211,12
1785529383.9955459,10383,1.5036578781267396,1.5401510869512007,12
1785529383.9955459,10384,1.5076137231997193,1.536193374553483,12
1785529383.9955828,10385,1.5113702147792853,1.536226717245544,12
1785529383.9956303,10386,1.509362445487422,1.5362202399073748,12
1785529383.9956732,10387,1.5097158507064514,1.5358665882201499,12
1785529383.995698,10390,1.513558833321705,1.5359133849296254,12
1785529383.995739,10391,1.5136676892733443,1.540887145439691,12
1785529383.9957607,10393,1.5240399957370723,1.5409055077957137,12
1785529383.9958017,10394,1.5256410607409627,1.5425067377919923,12
1785529383.9958246,10395,1.5256504945326987,1.54127983958614,12
1785529383.9958653,10397,1.5308470880612357,1.5413668888460426,12
1785529383.995884,10399,1.534090429737782,1.5381233638198266,12
1785529383.997729,10398,1.5395878715697855,1.53809501197004,12
1785529384.0007615,10400,1.5397294887995385,1.54481240920269,12
1785529384.021341,10404,1.539631644335586,1.5545820323600483,12
1785529384.0424914,10405,1.5303499246822383,1.554630314448414,12
1785529384.0426872,10408,1.5241290810193504,1.5608558397702517,12
1785529384.0427282,10407,1.523997282616039,1.5696284614680933,12
1785529384.0427475,10409,1.5179421914930247,1.569560062130659,12
1785529384.0427797,10412,1.5179340120759566,1.5692041296693409,12
1785529384.0427938,10411,1.5174045921397894,1.5697329797382173,12
1785529384.0428102,10413,1.5114656737252514,1.5637856779908617,12
1785529384.0535436,10414,1.5187726623141333,1.5638564650639797,12
1785529384.0536563,10417,1.5182542342127017,1.5638566445934496,12
1785529384.0547166,10418,1.5130104242127744,1.5586067442372715,12
1785529384.0548306,10419,1.5131297610730787,1.545138948184694,12
1785529384.0648077,10424,1.5129452456585497,1.5371446093126384,12
1785529384.0758023,10423,1.51355879446202,1.5365302647300383,12
1785529384.1242557,10425,1.520685421362253,1.5436599248516258,12
1785529384.128869,10426,1.5192514041543017,1.5436398264614546,12
1785529384.1289182,10427,1.5190356293645266,1.5317170803755378,12
1785529384.1289923,10430,1.5193007315759737,1.5319820635970631,12
1785529384.129062,10431,1.519198501264294,1.541908334281561,12
1785529384.129062,10432,1.5184917714363557,1.5426154037137847,12
1785529384.12914,10433,1.5221663304945658,1.542643174695011,12
1785529384.129196,10435,1.518989832854856,1.5458213066660773,12
1785529384.1292226,10437,1.5095197760401455,1.5363465851748652,12
1785529384.1292706,10438,1.5023645648364363,1.536328847723556,12
1785529384.129293,10439,1.5024231080208141,1.540841370553068,12
1785529384.1304567,10440,1.502482854615367,1.5353646029349945,12
1785529384.1305482,10441,1.4996883562037553,1.5353566464602972,12
1785529384.1305885,10442,1.4988900498700146,1.5345580533523915,12
1785529384.1356258,10443,1.4989336189614744,1.5254500033188605,12
1785529384.1356258,10444,1.5002504044198437,1.524132541200915,12
1785529384.143396,10445,1.4992704659562517,1.524126133041496,12
1785529384.148773,10447,1.502431816177367,1.5209642059389268,12
1785529384.1531785,10449,1.5079463313347454,1.526479447277491,12
1785529384.2141173,10452,1.508362693196425,1.5262140524836063,11
1785529384.2150645,10451,1.508371304831198,1.5268372149961493,11
1785529384.2150867,10454,1.5077630886578197,1.5263031396839366,11
1785529384.215105,10456,1.5095656662773211,1.524723048892039,11
1785529384.2151423,10455,1.509552005143706,1.52824741918038,11
1785529384.2152376,10458,1.4927980919273378,1.52811793955354,12
1785529384.2152827,10462,1.4928852726065625,1.5281177399817993,12
1785529384.2153153,10463,1.4929923194783983,1.5329698328703911,12
1785529384.2153323,10464,1.492994261512223,1.5327933870868038,12
1785529384.2153594,10466,1.4913810028695507,1.5311818488144526,12
1785529384.2153738,10468,1.4979247500837558,1.5246359336568667,12
1785529384.2326324,10473,1.4995367902259091,1.526246219833909,12
1785529384.2487624,10474,1.4997153484960044,1.5262464480431779,12
1785529384.2786226,10475,1.4996735919336084,1.524239910504267,11
1785529384.2789743,10476,1.49970274268969,1.53100854779669,11
1785529384.2790158,10477,1.4932302776301307,1.5309061002560964,11
1785529384.2790346,10478,1.4947555023339623,1.5326466584861784,11
1785529384.2790718,10479,1.4947557788615018,1.5326469722432507,11
1785529384.2790718,10480,1.485630385320916,1.5430926748567884,11
1785529384.2791135,10481,1.4874212154632631,1.5431169895803218,11
1785529384.279142,10485,1.486522183244531,1.5420920614098246,11
1785529384.2791708,10486,1.484640269464064,1.5420693415599243,11
1785529384.2791848,10487,1.4845787661485303,1.539760111706037,11
1785529384.283051,10488,1.4845474280092936,1.5324597333722567,11
1785529384.2934783,10490,1.4846359679644483,1.532559112735848,11
1785529384.30934,10491,1.484647642798543,1.5343855383205516,11
1785529384.3455849,10492,1.4846476415151362,1.5343859249583165,11
1785529384.348595,10498,1.4885805589599206,1.5344369960315314,11
1785529384.3496842,10499,1.4838023906653992,1.5406328796730113,10
1785529384.3497849,10501,1.4988175389625074,1.5384830755675885,10
1785529384.3498561,10502,1.4972452530806148,1.5365971385293424,10
1785529384.3498802,10503,1.4973952795960974,1.535513018069031,10
1785529384.349926,10505,1.4949984213914933,1.5358764905569218,10
1785529384.3499506,10508,1.4950605841953568,1.5353988001436165,11
1785529384.3506277,10507,1.4967213506482737,1.5337330816586303,12
1785529384.354355,10509,1.4997568817055755,1.5367695157273205,12
1785529384.3556452,10510,1.5032458002217248,1.5368091665131691,12
1785529384.3759403,10511,1.503320190967088,1.5398188096446797,12
1785529384.414235,10512,1.5033115814080844,1.5331090157086018,12
1785529384.414331,10513,1.5019132539044755,1.533088092164548,12
1785529384.4143822,10514,1.5029893614786638,1.534164914583453,12
1785529384.414461,10516,1.49889885536155,1.5382577023694117,12
1785529384.4145076,10515,1.498893344024328,1.536667005336468,12
1785529384.4145582,10517,1.5034551856087803,1.5367429841749645,12
1785529384.4146512,10518,1.5173350903201903,1.5368975995803913,12
1785529384.414716,10519,1.5204798582987609,1.5337540334845832,12
1785529384.4147441,10524,1.5204660735912823,1.5416546467277867,12
1785529384.414768,10525,1.5157608532387592,1.5416356188104796,12
1785529384.41482,10526,1.5229076008619773,1.5487869348277037,12
1785529384.4233024,10527,1.522883358714967,1.5525601765099344,12
1785529384.423385,10532,1.5230291797288027,1.557640182379907,12
1785529384.451673,10531,1.5150820644553036,1.565597120691323,12
1785529384.4779694,10533,1.5116858667044883,1.5621986923083049,12
1785529384.4811637,10534,1.4996934330694114,1.5620594897104854,12
1785529384.4813714,10535,1.4996241234899772,1.5595829744666363,12
1785529384.4816847,10537,1.5075897227419472,1.5596178052161989,12
1785529384.4817822,10538,1.496499336927346,1.5485165065498954,12
1785529384.481858,10540,1.5031852638216197,1.541825598638774,12
1785529384.4818895,10539,1.5032429634847326,1.5334363578189034,12
1785529384.481926,10541,1.497256035121945,1.5333986773654935,12
1785529384.4820054,10542,1.4975180400190429,1.5333989251059315,12
1785529384.4852693,10548,1.4975063433541227,1.5351697412110208,12
1785529384.4861386,10549,1.4991657013188193,1.5351777079652993,12
1785529384.4927325,10552,1.4957329691792964,1.5386120174868871,12
1785529384.534331,10551,1.495585389557439,1.5502111915253036,12
1785529384.534621,10553,1.5008853258394028,1.5502131997843447,12
1785529384.5348248,10555,1.5062656327318624,1.5448288786183768,12
1785529384.5353186,10561,1.4982581524013867,1.5448100178341453,12
1785529384.5406482,10562,1.5072213953925893,1.5537806583277092,12
1785529384.5406861,10564,1.5068697385858822,1.5541330066062065,12
1785529384.540791,10563,1.5069644296700762,1.5453120228656616,12
1785529384.5408163,10565,1.5027488269590161,1.5452766136751759,12
1785529384.553261,10567,1.4994992792839834,1.5485283910171217,12
1785529384.5755866,10572,1.4994937142712927,1.5490590900790508,12
1785529384.5927477,10573,1.503839143146143,1.549078942690596,12
1785529384.5928094,10574,1.4952305115103186,1.540464488739243,12
1785529384.5984163,10577,1.4941556739605004,1.5404615552759904,12
1785529384.5984921,10575,1.4940278646449643,1.5505607882497825,12
1785529384.5985272,10582,1.495375458395303,1.550559823172721,12
1785529384.600677,10583,1.4953227605133048,1.5474697615867752,12
1785529384.6033869,10584,1.4952665407367989,1.5508351459530065,12
1785529384.6191015,10588,1.4941169469275057,1.5519857446517424,12
1785529384.6512132,10587,1.4942023708739767,1.5372608378295634,11
1785529384.651912,10589,1.4952759830111437,1.5372620342255598,11
1785529384.651976,10590,1.4931814058048838,1.537249582737923,11
1785529384.6520584,10593,1.4898985847888069,1.5335012722352122,11
1785529384.6521177,10594,1.494366596559429,1.5335086740266115,11
1785529384.6521418,10596,1.4943902275460315,1.5259216974246725,11
1785529384.6521854,10598,1.4966159496390168,1.5284623234112933,11
1785529384.664736,10601,1.5003631258918653,1.528490796083031,11
1785529384.6649075,10599,1.5003483466588081,1.535158067509457,11
1785529384.688803,10606,1.4999907172923233,1.5351576042040012,11
1785529384.7120035,10608,1.4999750862079992,1.5383887238425902,11
1785529384.7121823,10610,1.5034438811021957,1.54235261645936,11
1785529384.712228,10613,1.504698550585523,1.5423632810702543,11
1785529384.7123184,10611,1.5047056328612727,1.54115219197429,11
1785529384.715411,10617,1.5028362774410122,1.5390158490978567,11
1785529384.7172315,10618,1.506506553603785,1.5390513156204602,11
1785529384.7307127,10622,1.5088242694960725,1.5417003705506485,11
1785529384.7678087,10623,1.5131203148060999,1.5273240193915694,10
1785529384.767855,10629,1.5127725187027945,1.526904102611293,10
1785529384.767855,10630,1.5000732592566914,1.5288630826259337,10
1785529384.7678945,10631,1.5001653347375987,1.528141375252949,10
1785529384.7775946,10632,1.5002375213428814,1.5276579819136806,10
1785529384.7775946,10633,1.4965541847859316,1.528238950557421,10
1785529384.7777033,10634,1.4942066393251165,1.5254283163618332,10
1785529384.7777321,10636,1.4933703343885996,1.526384450743332,10
1785529384.782406,10637,1.4789771348111842,1.528761264193721,10
1785529384.8097928,10638,1.4812268753911628,1.5284122503716204,10
1785529384.8307257,10639,1.4853471448188185,1.5237088502519063,11
1785529384.8307796,10644,1.4853440058783873,1.5243170798341632,11
1785529384.8311124,10645,1.4885000145685319,1.524337260103724,11
1785529384.8311505,10646,1.4885000151558208,1.5243372601195835,11
1785529384.831194,10648,1.4952147332273757,1.5166680146128675,11
1785529384.8312447,10647,1.4951866242137373,1.521320278803638,11
1785529384.8312705,10652,1.4951674455081767,1.515486844760106,12
1785529384.8313143,10650,1.489627907933438,1.5154886688946683,12
1785529384.8313394,10651,1.483960314907847,1.5211565448631,12
1785529384.8488586,10654,1.486986583583375,1.521137778285662,12
1785529384.8489244,10655,1.4869742417526726,1.5188495892092453,12
1785529384.849923,10658,1.4887389533881068,1.52061443629646,12
1785529384.8652933,10661,1.4955022125813828,1.520592780586533,12
1785529384.8705144,10660,1.4921454511151473,1.5239500559342978,12
1785529384.8743558,10665,1.498511914896246,1.53031803756335,12
1785529384.880211,10666,1.5042250555243055,1.5303286204060687,12
1785529384.9264214,10667,1.5042784377897604,1.5342239904321426,12
1785529385.004526,10668,1.5042643888569425,1.5359013056642326,12
1785529385.004582,10670,1.5006300603338938,1.532265594802566,12
1785529385.0046446,10672,1.501511036744682,1.5313842513125664,12
1785529385.0046656,10671,1.5015173107870905,1.5305006951975217,12
1785529385.004694,10676,1.5016578485409275,1.539080967710958,12
1785529385.0047653,10675,1.5030629375233506,1.537675531522765,12
1785529385.004798,10677,1.5055525592541719,1.5401662838317303,12
1785529385.0048647,10678,1.5043885222373143,1.5401575045176368,12
1785529385.0048983,10679,1.5044092102328563,1.5412200920769121,12
1785529385.0055287,10681,1.503624871974044,1.5412162609863755,12
1785529385.0056202,10682,1.5038015603951358,1.5413930815407113,12
1785529385.005645,10683,1.5037663241148473,1.5455442258840337,12
1785529385.0056925,10688,1.5038030990015696,1.5473151004668282,12
1785529385.005743,10687,1.5079327148767392,1.5431827642335474,12
1785529385.005767,10689,1.5059780065539665,1.5412266661120562,12
1785529385.005814,10690,1.5045446856121296,1.541216413867111,12
1785529385.0058336,10691,1.5044834836739822,1.5377629726305486,12
1785529385.0058784,10693,1.500382519013955,1.5377468959730423,12
1785529385.005897,10694,1.501981637057621,1.5393469256338062,12
1785529385.005943,10695,1.5019805238808834,1.539435325343438,12
1785529385.0059638,10697,1.5075317091967977,1.5394788268869295,12
1785529385.0059924,10699,1.5113925072140812,1.535616614412619,12
1785529385.0060325,10700,1.5114399540858874,1.5380126699718089,12
1785529385.0060892,10704,1.5114548174681322,1.5335218923137002,12
1785529385.0102873,10705,1.5153871091778353,1.5335380334005195,12
1785529385.0444262,10709,1.5229464825205428,1.5335045168700765,11
1785529385.0696552,10707,1.5229843794295075,1.5285048758566608,11
1785529385.0738153,10714,1.5236962582198224,1.528512848482978,11
1785529385.0739202,10718,1.5266308144442358,1.5310897190010369,11
1785529385.073954,10719,1.526636041773875,1.5303013986401943,11
1785529385.0740044,10725,1.527142013946874,1.5307456998488937,11
1785529385.0883813,10726,1.5279560498734102,1.530756101160514,11
1785529385.0884793,10728,1.5279631510738196,1.529530254635582,11
1785529385.111964,10733,1.5173843202897694,1.529415872021325,11
1785529385.139513,10731,1.517345292641064,1.53363433334848,11
1785529385.1421492,10738,1.5148001137250588,1.533618670993988,11
1785529385.1556501,10745,1.5242683604662386,1.5336929508662724,11
1785529385.1771777,10750,1.52681396717499,1.533720334986355,11
1785529385.2030475,10751,1.526952849488477,1.54085584755153,11
1785529385.203119,10757,1.5223638176523866,1.5407985348160163,11
1785529385.2031758,10759,1.5123635707917762,1.5495847411776262,11
1785529385.2224307,10769,1.5120217390375879,1.547124976233819,8
1785529385.2295713,10768,1.516040869196049,1.5436412122670649,9
1785529385.2502263,10774,1.5182904100078145,1.5436626087751815,9
1785529385.272783,10780,1.5186404726965794,1.543359016851893,9
1785529385.2738874,10781,1.5225458643616152,1.5434022974750508,9
1785529385.2739134,10784,1.5225895251362158,1.5452874967909642,10
1785529385.273946,10783,1.523923052838156,1.5408340739192332,9
1785529385.2889347,10787,1.5225951828025455,1.537169312375034,7
1785529385.3045173,10791,1.520692088626917,1.5331949343036841,7
1785529385.3345938,10793,1.5378664004357165,1.5400992538002676,7
1785529385.338694,10796,1.5371541624830232,1.5386788247943815,7
1785529385.3387227,10795,1.5414797927020323,1.5357393911933916,7
1785529385.3387504,10797,1.5321714679120615,1.5277359791951355,8
1785529385.3387733,10798,1.5238097055668565,1.526289928277663,8
1785529385.3387988,10799,1.5243208500266017,1.5287442116651038,8
1785529385.3389616,10800,1.5239860034692525,1.5269603869438009,9
1785529385.3390253,10801,1.5174684205235534,1.5260409749518338,10
1785529385.3390472,10802,1.5158957368394048,1.5246606402531244,11
1785529385.3428347,10805,1.5058372896531196,1.5245906715354725,11
1785529385.3448942,10803,1.5057756897744636,1.5315606165838571,11
1785529385.3635714,10812,1.5058098824714266,1.5282079147424141,11
1785529385.3872397,10814,1.509339955711109,1.5313069294855886,11
1785529385.419807,10815,1.509384773232947,1.526019701013968,11
1785529385.42015,10821,1.5158488898310654,1.5316946860043779,11
1785529385.4202352,10822,1.5172736547785135,1.5317052156304185,11
1785529385.4202585,10824,1.5172566174888173,1.5334629828199764,11
1785529385.420319,10826,1.5148346678525415,1.5313360491674635,11
1785529385.428077,10827,1.514856492170004,1.528697296206054,11
1785529385.4349365,10834,1.51211076752921,1.5286784060298115,11
1785529385.4748182,10838,1.5147826227486083,1.5336010883869653,10
1785529385.4754353,10845,1.508684254510062,1.5284929639018139,10
1785529385.4778385,10847,1.5080189298837334,1.5329413634762088,10
1785529385.4879715,10849,1.5109893181373768,1.5325220691881811,10
1785529385.510156,10851,1.5107915428649559,1.5336568812922848,10
1785529385.5350492,10853,1.5086062566098293,1.5339561797989645,10
1785529385.5372844,10855,1.5036807256593647,1.5382809132547663,10
1785529385.5375302,10856,1.5042803511298628,1.5342514135917922,10
1785529385.5375576,10860,1.5045712545250334,1.5325963987656464,10
1785529385.5375776,10861,1.5027886909051116,1.5328474866401862,10
1785529385.5375922,10862,1.5074379107671785,1.5367443599010306,10
1785529385.538038,10864,1.5083857884475302,1.5359121077522528,11
1785529385.5388336,10863,1.5084103125948425,1.5334437940673853,11
1785529385.5435915,10868,1.5085571074637236,1.5410686605631077,11
1785529385.5474994,10867,1.5168647210842408,1.5337763326470693,11
1785529385.5803206,10869,1.519697400869401,1.5362650525831019,11
1785529385.6019378,10871,1.5195892743383115,1.5297694508652475,11
1785529385.6022577,10877,1.5283376557060229,1.5298606810248827,11
1785529385.6023548,10881,1.5299564008355842,1.5312818094717406,11
1785529385.6024296,10882,1.530770593835899,1.5312924983511806,11
1785529385.6024594,10883,1.530876477977669,1.5369186105986925,11
1785529385.602694,10884,1.5308213542927573,1.5427803193551497,11
1785529385.614505,10886,1.5246564334138113,1.5373608595685875,11
1785529385.6150043,10888,1.5240552459842798,1.5378881353841345,11
1785529385.6159189,10887,1.5239453550622222,1.5467453899815964,11
1785529385.6430206,10892,1.5238538131773904,1.5415768236399672,11
1785529385.667632,10890,1.5209546020238671,1.541594090463911,12
1785529385.6679685,10891,1.5147824360101618,1.5477696931839606,12
1785529385.6684933,10895,1.5147324241564328,1.5448375475679998,12
1785529385.6685963,10896,1.5147836646353154,1.5407027410750116,12
1785529385.6686487,10897,1.5135633300918359,1.5407050873786219,12
1785529385.6686833,10898,1.515424638526309,1.5425673524955243,12
1785529385.6687515,10899,1.5154183253512075,1.543007157287212,12
1785529385.6687853,10901,1.5103107090413364,1.5429749634134264,12
1785529385.668806,10904,1.51031321303761,1.5431523987945066,12
1785529385.6688578,10903,1.5052838526328378,1.5481854120322671,12
1785529385.6722434,10905,1.4988243676484665,1.541721608550488,12
1785529385.6777165,10907,1.4990350027889676,1.5527707322396642,12
1785529385.6870494,10908,1.4990906606700893,1.547552879065216,12
1785529385.711346,10909,1.503612329380635,1.5475781765545944,12
1785529385.711403,10910,1.5053888813475906,1.549355977530897,12
1785529385.7115123,10913,1.5125735666505877,1.549423132344298,12
1785529385.7232878,10911,1.5126296019266183,1.5398279770609864,12
1785529385.7234695,10918,1.5197933118821738,1.5399502459428112,12
1785529385.7238097,10920,1.5197502355108716,1.550839751281005,12
1785529385.7299807,10922,1.5186800988047635,1.5497698279307368,12
1785529385.7449553,10925,1.5148175073436496,1.549714819026728,12
1785529385.7459607,10923,1.5147497239913217,1.556049429537211,12
1785529385.7639875,10930,1.508989990435601,1.5559980128973976,12
1785529385.7901535,10932,1.5089687475286062,1.5574086267405098,12
1785529385.7903967,10934,1.5017855970890428,1.5502186435208576,12
1785529385.7904756,10937,1.5026837904122976,1.5502227843973915,12
1785529385.7929735,10941,1.5076515193952684,1.5551950501134157,12
1785529385.7992492,10942,1.5125100361272006,1.5552344662294377,12
1785529385.8046212,10944,1.5125339784009766,1.5532973567940707,12
1785529385.8104236,10946,1.513511819733436,1.5542760048509188,12
1785529385.8307061,10947,1.5114866936769096,1.5548239361661236,11
1785529385.867246,10953,1.5099746303521833,1.5533105212657712,11
1785529385.8674662,10954,1.5045319840738025,1.5540381438069193,11
1785529385.8674915,10956,1.504958511555791,1.551255826689082,11
1785529385.8675144,10958,1.511090912102661,1.5573945519490153,11
1785529385.8675363,10960,1.5172797553533246,1.5512004800723431,12
1785529385.867558,10959,1.5173236952119649,1.5467174248787534,12
1785529385.8693278,10964,1.5279369311582855,1.5349583401583815,10
1785529385.8694959,10963,1.5242199747860092,1.5382210483546728,11
1785529385.8956065,10966,1.5234381738752163,1.5263222412987334,10
1785529385.9294083,10965,1.5249381694695303,1.5270260763352232,9
1785529385.9977837,10967,1.5200937443329587,1.5303400540169594,9
1785529385.999924,10971,1.5200529247335743,1.5327108645101801,9
1785529386.0000234,10973,1.5257687332260175,1.5327361039503935,10
1785529386.0000656,10976,1.5257830536480943,1.5338059572269291,10
1785529386.000202,10974,1.5206015068605838,1.5338346204055828,11
1785529386.0002406,10975,1.5165853083749459,1.5373605380514312,11
1785529386.000297,10979,1.516704627039667,1.5434948551440137,11
1785529386.0003555,10980,1.5167169738643553,1.5423522240393353,11
1785529386.0004146,10981,1.5137281053792744,1.54234876076774,12
1785529386.00045,10982,1.4982447492472524,1.526859583340713,12
1785529386.0005546,10983,1.498240351218552,1.5283623921834797,12
1785529386.000622,10988,1.4984371329831647,1.5385240149825015,12
1785529386.0007005,10987,1.501324438534755,1.5356364020177253,12
1785529386.0007355,10989,1.5012363554392973,1.5355477112789768,12
1785529386.0007906,10991,1.5011153251163445,1.5294438819118195,12
1785529386.0008135,10992,1.5011038325807358,1.5330664326964865,12
1785529386.0008652,10993,1.5036383798909168,1.533080295390848,12
1785529386.0009127,10994,1.51154818501057,1.540993477693068,12
1785529386.0009813,10995,1.5115315575286417,1.5429311863813469,12
1785529386.001031,10999,1.5116199298366726,1.54284281348168,12
1785529386.0010786,11000,1.5114750226972593,1.5339679520822065,12
1785529386.0036798,11004,1.511507106791255,1.5299171574203865,12
1785529386.0094833,11005,1.507744881240691,1.529913867621616,12
1785529386.054885,11007,1.5077631343767006,1.5246240019908612,12
1785529386.059543,11009,1.5038424520433984,1.5245931029649264,12
1785529386.06008,11011,1.5029632109417304,1.5254724139141567,12
1785529386.0601366,11020,1.4969854635576143,1.531451776640635,12
1785529386.0601857,11019,1.4969649153969835,1.5347260497971302,12
1785529386.0733693,11022,1.4937330146596601,1.5347054848742967,12
1785529386.0744529,11023,1.4919750331065107,1.5364640872113167,12
1785529386.107342,11021,1.4882321809352068,1.5364583462845731,11
1785529386.122321,11028,1.4882710789247962,1.5313999868899089,11
1785529386.1223948,11029,1.489574266838297,1.531410860877792,11
1785529386.1224904,11030,1.4932407635734166,1.5346124563785293,11
1785529386.1225426,11031,1.493231575728215,1.535852962393735,11
1785529386.1225858,11033,1.495487664103391,1.5358614525982657,11
1785529386.1226075,11035,1.501832360119886,1.5303303035222338,11
1785529386.122644,11037,1.5036675178062267,1.531932790480238,11
1785529386.1226795,11039,1.5037239304247736,1.5346770015240734,11
1785529386.12429,11040,1.5036871255568462,1.5399747228406226,11
1785529386.1321232,11042,1.5113362409014381,1.5466499183847053,11
1785529386.137112,11044,1.5101265848806154,1.547703930988214,11
1785529386.1375787,11043,1.5101960315436955,1.5392460943829491,11
1785529386.1639283,11045,1.5123527448663068,1.5392721879765539,11
1785529386.1818438,11046,1.5188557547988815,1.5392998359547947,11
1785529386.186672,11050,1.5187650585217147,1.539299285402061,12
1785529386.1868334,11051,1.5187316714505454,1.5376082676200087,12
1785529386.1868594,11054,1.5127703531251553,1.5316449866008022,12
1785529386.1869187,11056,1.5176854696449738,1.526728274390216,12
1785529386.186968,11055,1.517637204881782,1.5359548337649624,12
1785529386.1869977,11057,1.5162956944144836,1.5359428221696965,12
1785529386.1928873,11058,1.511755497555417,1.535945944559482,12
1785529386.1965768,11059,1.5114902480305832,1.53621118641812,12
1785529386.2045977,11064,1.5115219035875906,1.531219583574246,11
1785529386.2208695,11065,1.5095978766732194,1.5312089988038193,11
1785529386.2428222,11066,1.5083483867982765,1.5297812700954097,11
1785529386.2439485,11067,1.508348081679416,1.5282688733762269,11
1785529386.2474654,11069,1.505314777702512,1.5282321250437412,11
1785529386.2476854,11071,1.5082932475909892,1.5248212873547649,11
1785529386.2477736,11073,1.50241160737567,1.5181016847857896,11
1785529386.2478158,11074,1.50365622135532,1.5181130715777014,11
1785529386.2478588,11075,1.503600617843697,1.51305399014393,11
1785529386.247929,11076,1.5036019642351077,1.5139622141602251,11
1785529386.2509434,11077,1.5020184247816997,1.5139538028468265,11
1785529386.251042,11078,1.5042430979134769,1.5164951267340405,11
1785529386.2570176,11079,1.5042359267208516,1.5130641461348848,11
1785529386.263016,11084,1.504289897247549,1.5175341108026401,12
1785529386.2775059,11083,1.5025358903372188,1.5192885807577252,12
1785529386.308525,11087,1.5025756921858642,1.5219429091860823,12
1785529386.3097277,11088,1.5025724560325042,1.5223847039286271,12
1785529386.309762,11089,1.508716707744611,1.5224185769142498,12
1785529386.3097973,11090,1.5078275148420082,1.5215290115755964,12
1785529386.3097973,11091,1.5078169719872505,1.5260252392707807,12
1785529386.3097973,11092,1.5041231782147766,1.5297200544108764,12
1785529386.310589,11095,1.5033315962828329,1.5305118731306386,12
1785529386.3177536,11098,1.5060098037615677,1.5305302551884836,12
1785529386.3181453,11099,1.5059700001037186,1.5278728022542472,12
1785529386.3290985,11101,1.4991407303967943,1.5278373215868961,12
1785529386.3309348,11102,1.500208549311066,1.5289057813466582,12
1785529386.334483,11103,1.50020841230532,1.521570012998986,12
1785529386.3591151,11108,1.5002472751321105,1.5237795450366647,12
1785529386.3820636,11107,1.5037458144773554,1.5202806846257955,12
1785529386.3858528,11109,1.5152647316281895,1.5318011028628231,12
1785529386.3869236,11110,1.5174989338956648,1.531838050970048,12
1785529386.386959,11111,1.5175568077410244,1.5344169161357284,12
1785529386.3870142,11114,1.5132646108781413,1.5301239328190646,12
1785529386.3870609,11116,1.5123033834562172,1.5310841831750408,12
1785529386.3870764,11115,1.5123027210717808,1.5357499332440585,12
1785529386.3965533,11119,1.5110026542868287,1.5419071855776547,11
1785529386.3999467,11120,1.5110052364639348,1.5420851988322226,11
1785529386.4179995,11125,1.5135854507210451,1.5420957857602942,11
1785529386.4487808,11128,1.5169650844408613,1.5413362379793965,10
1785529386.449463,11127,1.5169778726702403,1.539402497948683,10
1785529386.4494896,11129,1.5191872132419109,1.5394326142816928,11
1785529386.449508,11132,1.519258643865618,1.5421911157140051,11
1785529386.4495537,11130,1.5155252553062948,1.5421721461186957,12
1785529386.4495802,11131,1.5189307766492075,1.5387645664944243,12
1785529386.4496577,11135,1.518994345305528,1.5412554772001237,12
1785529386.4497252,11136,1.5189992716230725,1.5409044817823012,12
1785529386.4497724,11137,1.5165544290695072,1.5408873164676764,12
1785529386.4540496,11138,1.5234492111995317,1.5477861366188757,12
1785529386.4558659,11139,1.5234172014247074,1.5544534796791447,12
1785529386.464091,11144,1.523349286763086,1.5520478851822233,12
1785529386.4657462,11142,1.5258669987010187,1.5520512934887052,12
1785529386.4936845,11143,1.5278805114219074,1.550036746251901,12
1785529386.5043974,11147,1.5281570405686533,1.559587363159178,12
1785529386.5044794,11152,1.5312110760344366,1.5565323852313588,12
1785529386.5045123,11151,1.5312149786538003,1.5563568784255641,12
1785529386.5045595,11153,1.5285120342175038,1.556298058987669,12
1785529386.515902,11155,1.523883667519329,1.5609302843268453,12
1785529386.521579,11156,1.5238794699995715,1.5607526850411018,12
1785529386.533554,11161,1.5299357873879975,1.5607607476222625,12
1785529386.5696127,11164,1.5269610239035702,1.5637391427492142,12
1785529386.570636,11163,1.5269871777066903,1.561373672622042,12
1785529386.5706654,11165,1.5266265853603995,1.56137035809634,12
1785529386.570707,11167,1.5301246125908934,1.5578652467558298,12
1785529386.5707438,11168,1.5301283416693796,1.55804348079851,12
1785529386.570761,11173,1.530216864478931,1.55804259772809,12
1785529386.592613,11177,1.518809148043244,1.553081833758182,10
1785529386.6298103,11175,1.518837974488483,1.5532861247055485,10
1785529386.6359076,11182,1.5126192617492107,1.5523138615466086,11
1785529386.63595,11183,1.5114018638893165,1.5449287545697272,11
1785529386.6360188,11188,1.5127211751059175,1.5436082289794135,11
1785529386.6360438,11189,1.5171249056985416,1.5442842111291863,11
1785529386.6360676,11191,1.5142258767613945,1.547185534165196,11
1785529386.6373234,11193,1.5117514553813451,1.5447097125608544,12
1785529386.6377103,11194,1.5133656060327214,1.5447259731994856,12
1785529386.643484,11196,1.5132864260778403,1.5518556837232311,12
1785529386.7174666,11197,1.5041206669402183,1.548606098057641,10
1785529386.7175393,11198,1.5023447417700562,1.5470428257648436,11
1785529386.7176151,11199,1.5023526060466903,1.5466009984283438,11
1785529386.717675,11201,1.496223779507385,1.546568111255143,11
1785529386.717712,11204,1.4962551981010714,1.5478928873025875,11
1785529386.7177658,11203,1.49935529732316,1.5451683573345292,11
1785529386.7178013,11205,1.49895111623232,1.544812535094899,11
1785529386.717859,11207,1.4989080653571436,1.5428678872613475,11
1785529386.717892,11208,1.4989299264264024,1.5407453115226457,11
1785529386.71795,11210,1.5030743307826615,1.5443910116090678,11
1785529386.7623072,11212,1.498973143120751,1.5479955862042278,11
1785529386.7623694,11211,1.4990228596777804,1.5432200268328684,11
1785529386.7623694,11213,1.500553139574958,1.543230335274559,11
1785529386.762532,11214,1.4963929421199227,1.5431954731014377,12
1785529386.762578,11215,1.4914872908856163,1.5481041712400032,12
1785529386.762578,11218,1.5031567632651472,1.5482168561299,12
1785529386.762652,11222,1.4998489892408706,1.5449049446795746,12
1785529386.762652,11219,1.4997828886655018,1.5424284729779403,12
1785529386.762698,11223,1.4997704245463856,1.545787738036829,12
1785529386.762698,11225,1.5032689452575705,1.545828271790974,12
1785529386.762738,11224,1.5080734031018064,1.5410213015442198,12
1785529386.7627683,11229,1.5093253063825283,1.542272615831123,12
1785529386.7627845,11230,1.4966009656152175,1.5421401879000072,12
1785529386.7683783,11232,1.4966328267960425,1.5317862443847692,12
1785529386.7764134,11233,1.5011796265184894,1.5318325709055087,12
1785529387.1025689,11236,1.5095455110291849,1.5300533940816547,2
1785529387.1026208,11235,1.5096135229949639,1.5198424769895618,3
1785529387.102722,11240,1.510107331099795,1.5373766001456848,4
1785529387.1027544,11238,1.5072640383996296,1.5373608264691077,5
1785529387.1027787,11239,1.5127108851972741,1.5333185922791381,6
1785529387.1028252,11242,1.5170218676812905,1.5342324478485507,7
1785529387.102872,11243,1.5166820090739772,1.532673852883062,8
1785529387.1028934,11246,1.5255964453101971,1.5403057397344049,8
1785529387.1029341,11248,1.527664489421101,1.5386592147075002,8
1785529387.1029732,11247,1.5296965344230802,1.549706061044707,8
1785529387.153994,11249,1.5314497637880804,1.5500094592666396,9
1785529387.1543138,11250,1.5223397629567568,1.5485814696742708,9
1785529387.1543138,11251,1.5264543151097012,1.5444519750835928,9
1785529387.1543138,11253,1.5210850162275966,1.5390713047174294,10
1785529387.1544852,11254,1.5215945217502622,1.5390760073091545,10
1785529387.1544852,11255,1.5216512919777052,1.5425288964487331,10
1785529387.1546137,11256,1.5216894486693011,1.5384301612890652,11
1785529387.154659,11257,1.5190477570298777,1.5384284027946415,12
1785529387.154659,11258,1.520918030091692,1.5402995637874013,12
1785529387.15471,11259,1.520926624656968,1.5386319007450697,12
1785529387.15471,11260,1.5149685478058017,1.5445926559281207,12
1785529387.15471,11261,1.51147067193316,1.5445501097322,12
1785529387.154769,11262,1.521742372990667,1.5445497589194,12
1785529387.154769,11263,1.5139966000903395,1.5523009280723878,12
1785529387.154769,11266,1.5147156169689096,1.55230728985095,12
1785529387.154769,11267,1.5148128733525188,1.5565730804702556,12
1785529387.1548262,11270,1.5124144457664501,1.554172486480905,12
1785529387.1548584,11271,1.5124792464877754,1.5480091619783825,12
1785529387.1548584,11272,1.5158991305394764,1.5445866934788208,12
1785529387.154896,11273,1.5161683640900543,1.5445878516007936,12
1785529387.154928,11275,1.5176590900827736,1.5430984390680431,12
1785529387.154957,11277,1.518816685541084,1.544256458977245,12
1785529387.1549883,11280,1.5188505898300084,1.5373171804972365,12
1785529387.1549883,11278,1.5200138079726913,1.537335740635791,12
1785529387.1550267,11281,1.5198393882508052,1.5373369495705589,12
1785529387.1550267,11282,1.5137669797415563,1.5312609006267328,12
1785529387.155064,11284,1.5071208290733207,1.5379080901860478,12
1785529387.1550949,11283,1.5071177372985294,1.5388789130876512,12
1785529387.1550949,11285,1.5079233625735222,1.5388893703995854,12
1785529387.1551318,11288,1.5079858309944074,1.541460438129055,12
1785529387.1551664,11287,1.5083393176142337,1.5411070963828852,12
1785529387.1551664,11289,1.5109268683798478,1.54370409529002,12
1785529387.1551664,11290,1.512361647029,1.5437264565823847,12
1785529387.1552107,11291,1.5122193661649783,1.5378665010111765,12
1785529387.1552398,11292,1.5121690439364766,1.5465823357338855,12
1785529387.1552722,11293,1.5017312476571487,1.5465161908890444,12
1785529387.1552722,11294,1.5020834933212552,1.5468698722860121,12
1785529387.1553085,11295,1.5020645754517408,1.5504959438648374,12
1785529387.1553388,11297,1.507365040844723,1.5505584692548962,12
1785529387.1553388,11300,1.507312750266749,1.5486080441277346,12
1785529387.155376,11299,1.5075778311665198,1.5483425433291529,12
1785529387.155376,11301,1.5044504791869706,1.5452184416704553,12
1785529387.1554132,11304,1.504447569571486,1.5457477407664237,12
1785529387.1554132,11303,1.504452941004113,1.5461019963059104,12
1785529387.1554484,11306,1.504813712015143,1.5464594303891548,12
1785529387.155481,11307,1.504809945558536,1.5471655848898067,12
1785529387.155481,11308,1.5126824459177761,1.5392884263003344,12
1785529387.155481,11309,1.5039992042147516,1.5391886122303875,12
1785529387.1555233,11310,1.4971091060338446,1.5391313793221348,12
1785529387.1555538,11311,1.4933457649052226,1.542896155976561,12
1785529387.1555538,11314,1.4859065474040278,1.542857982830094,12
1785529387.1555924,11317,1.495226116508429,1.5429415670728028,12
1785529387.1555924,11315,1.4952668693575186,1.5450603376035137,12
1785529387.1556296,11318,1.4941126232210955,1.5439053897686166,12
1785529387.1556296,11319,1.4941592476781884,1.537882111239182,12
1785529387.1556656,11324,1.4940318900633986,1.5303816136166102,12
1785529387.1556945,11322,1.4919323321492,1.5303666518275727,12
1785529387.1556945,11323,1.4965047674988974,1.5257930098724937,12
1785529387.1557293,11326,1.5033684808535548,1.525834719476179,12
1785529387.155795,11328,1.5033702978420036,1.5235391350453782,12
1785529387.155795,11329,1.4998628625196524,1.5235107614797407,12
1785529387.155795,11327,1.4999100576287088,1.5261627704270857,12
1785529387.155876,11331,1.4999105980505552,1.5297872637500043,12
1785529387.155876,11332,1.492991371015768,1.5367093002758285,12
1785529387.1663232,11330,1.4929024459907456,1.536621443038046,12
1785529387.1706998,11336,1.4929994305126149,1.5409430342983754,12
1785529387.1724021,11334,1.4963986964212486,1.540982936126222,12
1785529387.1724021,11335,1.4912339020052583,1.546151228936923,12
1785529387.1725378,11339,1.4910384131346013,1.5371590181413626,12
1785529387.1726124,11340,1.4910309640889527,1.5383113298053115,12
1785529387.1726935,11341,1.4904202738485361,1.5383057939347746,12
1785529387.1726935,11342,1.4971765947763753,1.545065961009634,12
1785529387.1727757,11343,1.4971822731713644,1.544446752216386,12
1785529387.1728387,11345,1.5022036514599193,1.544481459371959,12
1785529387.1728387,11349,1.508258691785581,1.5505406883483064,12
1785529387.172915,11347,1.5194829917215034,1.5393102512158736,12
1785529387.172915,11351,1.5195429494700887,1.5420682975947884,12
1785529387.1820824,11352,1.5195224311681925,1.54514239232418,12
1785529387.231725,11358,1.5154321108746813,1.5451334410054363,12
1785529387.2321286,11360,1.515292815861922,1.5387344972664843,12
1785529387.2321577,11365,1.5197414121505695,1.5387345831190775,12
1785529387.2321937,11364,1.5197669536183043,1.534782992236774,12
1785529387.2322085,11366,1.515852672510621,1.5308675411068666,12
1785529387.240071,11370,1.5191762360354366,1.5308679139029056,12
1785529387.2552884,11374,1.514979707854009,1.5308240473438375,12
1785529387.2554898,11375,1.5149403422127359,1.5278922643195696,12
1785529387.2555285,11376,1.514920354614278,1.530706813211309,12
1785529387.255715,11377,1.5185067735460822,1.5306924183475086,12
1785529387.2557502,11378,1.5160296440693781,1.5282148146120196,12
1785529387.2558117,11380,1.5190315677169066,1.5252124777403926,12
1785529387.2558794,11379,1.5190419226775957,1.5237193645152338,12
1785529387.269072,11381,1.514409608871455,1.523690118570623,12
1785529387.2699866,11382,1.5102884684391595,1.5237041602706998,12
1785529387.2702827,11383,1.5067584261350278,1.5272348712946375,12
1785529387.2826316,11386,1.5071151394914806,1.5272356614108702,12
1785529387.2860227,11387,1.5072579228793235,1.537427160560899,12
1785529387.3046873,11392,1.5120064881123993,1.5326770538677998,12
1785529387.30488,11391,1.5120230041095937,1.5293313896590295,12
1785529387.3050444,11393,1.5140756261769983,1.5293531792507973,12
1785529387.3057737,11396,1.5141620850571602,1.5341495657574717,12
1785529387.3233972,11395,1.505836791945554,1.5424789996742407,12
1785529387.353156,11397,1.5003116416768818,1.5369521484621156,12
1785529387.3532562,11399,1.5002552739642554,1.5341221775035392,12
1785529387.353279,11400,1.5002590256312567,1.5330613442313672,12
1785529387.3533204,11402,1.5059587695469754,1.5387634513047,12
1785529387.3533401,11404,1.5040301825825946,1.540693733671258,12
1785529387.353377,11403,1.5039569306572058,1.5491700008476568,12
1785529387.353393,11408,1.5039627059287328,1.5495243725524757,12
1785529387.3570824,11407,1.5122286835620586,1.5412547299649975,12
1785529387.3571894,11409,1.5189772894807718,1.5480068411872494,12
1785529387.3731709,11411,1.5189539494752797,1.5468502517904215,12
1785529387.390527,11412,1.5189479199636766,1.5473773340443386,12
1785529387.3908062,11413,1.511382434673341,1.5473737815060222,12
1785529387.3908544,11414,1.5062213381439644,1.542209756746017,12
1785529387.390944,11415,1.5062413808582038,1.5387689799062294,12
1785529387.3909795,11417,1.5016764029331067,1.538728663908388,12
1785529387.410464,11419,1.4961471234361277,1.5442609082468377,12
1785529387.4459696,11424,1.4961455676057973,1.5443496975467397,12
1785529387.4460769,11425,1.5007600357248,1.5443797426818564,12
1785529387.4460979,11426,1.4950754503260728,1.5386917811956649,12
1785529387.4466186,11427,1.495066082410948,1.5398427797515815,12
1785529387.4467278,11429,1.500348796848573,1.5398689462779571,12
1785529387.446753,11432,1.5002322796043368,1.5332371885014215,12
1785529387.4468098,11431,1.498912453540552,1.534557395384622,12
1785529387.4468336,11433,1.4946520087551112,1.530295524595632,12
1785529387.4468844,11434,1.496794329498735,1.5303025483954276,12
1785529387.4469151,11435,1.4967056946522337,1.523414608986576,12
1785529387.4507363,11436,1.4967180842960806,1.520317417341332,12
1785529387.4508529,11437,1.4927677738508924,1.5202927462996396,12
1785529387.473828,11438,1.5054225445441227,1.5255591254342744,11
1785529387.4743068,11439,1.5054252924743492,1.5252944421673227,11
1785529387.4743857,11441,1.503493858727988,1.52528764455245,11
1785529387.4744492,11444,1.5036033225742127,1.532722253591888,11
1785529387.4748504,11443,1.5039054291309697,1.5324571735229848,11
1785529387.4749165,11445,1.4991485434866523,1.5282814982119837,11
1785529387.4791408,11447,1.4993749922629958,1.5393299380171996,11
1785529387.5002687,11449,1.501063012089375,1.5393446619172149,11
1785529387.521638,11452,1.5025605912343554,1.5380303442784482,11
1785529387.522146,11451,1.502565850656417,1.5376769138826756,11
1785529387.522267,11453,1.5028683093287383,1.537677145245451,11
1785529387.5223923,11455,1.5023692049347284,1.5381176268360313,11
1785529387.5224693,11456,1.5023653673827386,1.5378522222343536,11
1785529387.5309496,11460,1.5023665495741838,1.537145542147933,11
1785529387.531191,11461,1.5060439682788014,1.5371682064120311,11
1785529387.5329292,11464,1.511444818487202,1.5324294393138558,11
1785529387.5397542,11463,1.511462205500218,1.5272340815039893,11
1785529387.5402362,11465,1.5118688450721953,1.527234783282866,11
1785529387.5729203,11466,1.5097116622069269,1.5272268965931401,12
1785529387.5955794,11467,1.5117253562840707,1.525212627698103,12
1785529387.5956511,11468,1.5117382192390674,1.5259224388902755,12
1785529387.5981388,11472,1.5117347551606206,1.5305889447408836,12
1785529387.598249,11473,1.5144464341896955,1.5305974974856709,12
1785529387.6091974,11477,1.5136430372498049,1.5305882666616801,12
1785529387.6136682,11484,1.5136446394093133,1.5206460579343166,12
1785529387.6137695,11485,1.5123280651085087,1.5206371752602799,12
1785529387.6142097,11488,1.5067312413800928,1.5262347045049007,12
1785529387.615581,11487,1.506732907813959,1.528263766290989,12
1785529387.6339786,11489,1.50976612144264,1.5283037193366906,12
1785529387.6524134,11492,1.504485056905788,1.5192090572164088,11
1785529387.6556885,11491,1.513929077950279,1.5109645766659237,11
1785529387.6557188,11493,1.523510723133857,1.5193442553995262,11
1785529387.6557736,11495,1.5234702139207037,1.516672232382607,11
1785529387.6558015,11496,1.5234653077714713,1.5228983429850529,11
1785529387.6558418,11497,1.5185428543741668,1.5229021078826617,11
1785529387.6558673,11498,1.5240442150935392,1.527708892693323,11
1785529387.6559074,11500,1.5239432117882057,1.5277973679124552,11
1785529387.6559286,11499,1.523942914306687,1.5278845019100864,11
1785529387.6597428,11501,1.5217967006218494,1.5278576714953207,11
1785529387.6630838,11504,1.522068174939015,1.5404139750686545,11
1785529387.667513,11503,1.5121204433270035,1.549075495089836,11
1785529387.7227592,11506,1.5190864833431499,1.5491776401612596,12
1785529387.7228742,11507,1.5191285562725727,1.550690609103012,12
1785529387.722906,11509,1.5204314206033644,1.550696113284041,12
1785529387.7229679,11510,1.511858719516291,1.5421178795791097,12
1785529387.722997,11512,1.5124696286868855,1.541504622060486,12
1785529387.723013,11511,1.5124321119059325,1.5483715058693568,12
1785529387.7230618,11513,1.5179987751847812,1.5484514067367035,12
1785529387.723108,11516,1.5177764557755196,1.538755686990805,12
1785529387.7231522,11515,1.5226909260622539,1.5338392212411238,12
1785529387.7231781,11517,1.5222462059211144,1.533393908856928,12
1785529387.723226,11518,1.5199226702520996,1.5333624019196788,12
1785529387.7232518,11519,1.5198692621348986,1.5300698024510977,12
1785529387.7266135,11520,1.519858480845278,1.5320014684724235,12
1785529387.727943,11521,1.5246674713500805,1.5319830653014659,12
1785529387.7328784,11522,1.5311371875870163,1.5384537331965333,12
1785529387.7329974,11524,1.5272591670422966,1.5423328733557944,12
1785529387.7337825,11523,1.5273000444218672,1.5383036316330954,12
1785529387.755686,11526,1.5292194885774852,1.5382924637893627,12
1785529387.7875586,11527,1.5273699565151222,1.5401424765833442,12
1785529387.804627,11528,1.527497991830709,1.546923058093998,12
1785529387.8083732,11532,1.5275301279239772,1.5433322185929808,12
1785529387.8084798,11533,1.5230887062333271,1.54333616356208,12
1785529387.8085144,11534,1.5199693338801976,1.5402157960809801,12
1785529387.8085706,11535,1.5199553168380167,1.5425864299323584,12
1785529387.8087878,11538,1.5179518432927381,1.5425833428616493,12
1785529387.808849,11539,1.5146220696667312,1.545914852683073,12
1785529387.8088768,11540,1.5146409216619257,1.5467148287621582,12
1785529387.8089154,11544,1.5146138427151488,1.550058040723392,12
1785529387.8182113,11545,1.5122681797483917,1.5500502780035754,12
1785529387.818274,11546,1.5161878144761916,1.5539733445839998,12
1785529387.8183632,11547,1.5162325492086852,1.5483461412134938,12
1785529387.8686326,11551,1.5185939760877472,1.5459825984319735,12
1785529387.868747,11552,1.5185059983461218,1.542334511164965,12
1785529387.8687952,11556,1.5185190766481478,1.5391716210193482,12
1785529387.8688135,11557,1.52226924105655,1.539180748019645,12
1785529387.868836,11560,1.5364629159626915,1.5249865436214587,12
1785529387.8688765,11559,1.5364648324582866,1.5248981144516747,12
1785529387.8794627,11561,1.5321854329773035,1.524815033808924,12
1785529387.879572,11564,1.5322022567483469,1.5258870603335613,12
1785529387.8797154,11563,1.5337810556436462,1.5243085712280051,12
1785529387.8797934,11567,1.5337728016268815,1.523772191729158,12
1785529387.9072444,11568,1.5337560062265951,1.5301511541568809,12
1785529387.9801464,11569,1.5177390952718846,1.523774826316529,10
1785529387.9909742,11570,1.515363906667016,1.5216991823284154,10
1785529387.9944308,11571,1.5151206885308355,1.5202553698617667,10
1785529387.9946353,11577,1.5206245112772987,1.525066166870041,11
1785529387.9947188,11578,1.5190729355206989,1.525046234889852,12
1785529387.9947536,11579,1.5191110154943002,1.52753711561817,12
1785529387.9948134,11582,1.5229379647670065,1.5313647308457168,12
1785529387.994871,11583,1.522915318664556,1.5358384513464398,12
1785529387.9948967,11584,1.5139506838787158,1.544807067911916,12
1785529387.9949257,11585,1.5165512409157968,1.5448356937022634,12
1785529387.9949815,11586,1.5162902213647709,1.5448372003028095,12
1785529387.9950335,11587,1.5124273210765076,1.5487009458580583,12
1785529387.9950635,11591,1.5124454011520407,1.5495002874359491,12
1785529387.9951146,11592,1.5124847330652422,1.5447461788002717,12
1785529387.9951577,11593,1.5150959699963846,1.5447541186305451,12
1785529387.995182,11594,1.5139389229122764,1.5435962547419073,12
1785529387.9952266,11595,1.5139504796750984,1.5418363663231123,12
1785529387.9952266,11596,1.5122850018016882,1.5435026465654749,12
1785529387.9952898,11597,1.5165879802119466,1.5435605584554306,12
1785529387.9954293,11598,1.5165883697557232,1.5435605601652016,12
1785529388.001092,11599,1.5214032227084302,1.5387435603992068,12
1785529388.003482,11604,1.5214130623939683,1.5346184955320732,12
1785529388.0286126,11605,1.5228980386724105,1.5346224748349218,12
1785529388.041423,11606,1.5204875391585433,1.5322112981816642,12
1785529388.0415063,11607,1.5204864373326523,1.533176666275,12
1785529388.0415063,11608,1.5176865298509792,1.5359774489306135,12
1785529388.0415576,11609,1.5079378497441533,1.5358546513626847,12
1785529388.0416281,11610,1.5090724487740756,1.535858949489984,12
1785529388.0416548,11611,1.5096870988730224,1.5352441064617945,12
1785529388.0416772,11615,1.5096728426798212,1.5344458110205366,12
1785529388.0460048,11616,1.509636093452883,1.5396447190526632,12
1785529388.0543435,11618,1.5146062367009687,1.5446176630097945,12
1785529388.0544188,11620,1.5203253595806945,1.538895990127335,12
1785529388.0587351,11619,1.52031588416045,1.5399494965802631,12
1785529388.066085,11624,1.520370802967214,1.5429759125199594,12
1785529388.0781293,11625,1.5105125050028678,1.5331137300244848,12
1785529388.1268778,11623,1.5131500119453773,1.5304749240593611,12
1785529388.127635,11629,1.5135874809977972,1.5304728773290759,12
1785529388.1277096,11630,1.5078143281891037,1.5247006788266098,12
1785529388.1277318,11632,1.5031536529619212,1.5293621485389073,12
1785529388.127783,11631,1.503166591479616,1.525653626849382,12
1785529388.1278028,11636,1.5031813286072166,1.5266269416583114,12
1785529388.127821,11634,1.4988892808968333,1.5265969661920407,12
1785529388.1283364,11635,1.4890716157182418,1.536417481184263,12
1785529388.128434,11638,1.485940515587385,1.5364068841934408,12
1785529388.1284752,11639,1.486076731315843,1.542743217724878,12
1785529388.128497,11640,1.4860892589684274,1.539369062727806,12
1785529388.1285353,11641,1.4866125412025295,1.539376542907781,12
1785529388.1336234,11642,1.494646589861948,1.5474153424572237,12
1785529388.1364117,11643,1.4946328039376862,1.5497189134241351,12
1785529388.1418452,11645,1.4958003950211012,1.5497285058464207,12
1785529388.1484811,11647,1.4958888538753636,1.5496400852622247,12
1785529388.2080476,11651,1.4956515673394384,1.539309190128912,12
1785529388.2154467,11649,1.498941655288744,1.5426007023159025,12
1785529388.2155266,11657,1.5049460535941122,1.5426481139936528,12
1785529388.215611,11659,1.5081892581028513,1.5394035386896592,12
1785529388.2156577,11664,1.5081600995740636,1.543899675424667,12
1785529388.2156794,11665,1.5043292036132168,1.5438799902773588,12
1785529388.2156959,11666,1.5028148172558402,1.542364919970899,12
1785529388.2265449,11668,1.5054444641639544,1.5397336106612585,12
1785529388.226736,11669,1.5039225096985567,1.5397193279408723,12
1785529388.2268095,11672,1.5038068948672687,1.53352224015037,12
1785529388.2268708,11667,1.5038098633178196,1.5332571774128545,12
1785529388.2335196,11673,1.5047858468050799,1.5342350054573193,12
1785529388.2358832,11674,1.5112213351450667,1.5342940879222597,12
1785529388.2375362,11675,1.511152787977164,1.5303895863705974,12
1785529388.24995,11676,1.511157332728019,1.5290684568129502,12
1785529388.2932398,11677,1.5129077261914665,1.529072550172826,12
1785529388.293924,11678,1.5045487833382187,1.520712031421211,12
1785529388.2940211,11679,1.5045415459944635,1.5243303001410509,12
1785529388.2940822,11681,1.501779537820838,1.5243149211961995,12
1785529388.2941077,11684,1.5016975422242238,1.5154701718526458,12
1785529388.294167,11683,1.500814731744159,1.5163530443755433,12
1785529388.2943072,11685,1.5056814384782247,1.5212203089241287,12
1785529388.294364,11687,1.5057272238378958,1.5259142678298776,12
1785529388.2943888,11688,1.5057371224407183,1.5240615614988482,12
1785529388.2944415,11689,1.512575548266586,1.5240551071023944,12
1785529388.294466,11690,1.5153179684108558,1.5267979332029555,12
1785529388.2946699,11691,1.5153619037282635,1.5183558754448505,12
1785529388.3012629,11693,1.5148283309973611,1.5183511028235739,12
1785529388.3059566,11695,1.5144760585128108,1.5187033831252394,12
1785529388.3130405,11697,1.5078228349114329,1.5120499209446028,12
1785529388.3640158,11698,1.5088911313949729,1.5120253314189305,11
1785529388.3662937,11699,1.5088980351576868,1.5133551079536964,11
1785529388.3675005,11700,1.5088919394242262,1.5145889000408235,11
1785529388.3675487,11701,1.4993558274077132,1.5145818392594765,11
1785529388.3675725,11702,1.4963173160647292,1.5119183070970486,11
1785529388.3678672,11704,1.4928011235644205,1.5149971455524507,11
1785529388.367901,11703,1.4927814825812098,1.5212880636707835,11
1785529388.3679752,11705,1.500496853172759,1.5213040358203391,11
1785529388.3680115,11709,1.5093943611700464,1.529113230064257,11
1785529388.368048,11707,1.507286049651162,1.5309631990092332,11
1785529388.3680928,11713,1.498017513950853,1.5309242983823215,11
1785529388.3691976,11714,1.4989294359092415,1.5317260332789586,11
1785529388.3994505,11715,1.4989410338364262,1.5277469724150117,11
1785529388.4316747,11724,1.4989373315582022,1.52810040766035,11
1785529388.4318933,11726,1.4958937878576077,1.525424128042806,11
1785529388.4319386,11729,1.4883740524766278,1.5253851794606543,11
1785529388.4320264,11727,1.4883623315142476,1.5288458732074155,11
1785529388.4363236,11733,1.48734937594909,1.5279563467212312,11
1785529388.436569,11734,1.494771381500452,1.5279844114192014,11
1785529388.4668791,11738,1.4981186140137734,1.5309247836694713,11
1785529388.4684646,11736,1.4981060700369768,1.533490066949412,11
1785529388.475695,11745,1.4967893394274316,1.5323330406548479,11
1785529388.5393217,11758,1.4992296028068388,1.541106313742306,10
1785529388.540013,11759,1.4992283111626121,1.5410062900813652,10
1785529388.5400457,11762,1.504014052543081,1.5458162237301398,10
1785529388.5400958,11764,1.4977660634324221,1.5521001411202766,10
1785529388.5401237,11763,1.4977692936596676,1.550786717439499,10
1785529388.5402126,11765,1.4963385400895426,1.5507678287184878,10
1785529388.5478177,11766,1.4947827231081032,1.550743322361907,11
1785529388.551899,11767,1.5014918434246847,1.5430579811830367,11
1785529388.554619,11770,1.4866132135985521,1.542929519707314,11
1785529388.560944,11771,1.4864894233044288,1.5357963272165502,11
1785529388.6007872,11772,1.4981204711408886,1.5263609825943254,10
1785529388.6056595,11773,1.5086007665000547,1.5263539570933822,11
1785529388.605707,11774,1.5066594541076623,1.5241327823707793,11
1785529388.6057732,11777,1.5095103871241082,1.524138347892857,11
1785529388.605804,11775,1.5094411394809963,1.5314966658405236,11
1785529388.6058555,11782,1.52274800930321,1.5315788295212995,11
1785529388.6059012,11783,1.5228039814877983,1.5359655863188257,11
1785529388.6118574,11786,1.5267102453372592,1.5404391344661015,11
1785529388.6142995,11788,1.5303176268708936,1.536302126328958,11
1785529388.6210928,11789,1.5340750223499837,1.5363665593110658,11
1785529388.633616,11791,1.532756888224986,1.5378790665242936,11
1785529388.6555183,11794,1.5290872071194077,1.5378173328444067,11
1785529388.6866739,11793,1.5221644974423305,1.5298892788621374,11
1785529388.691513,11795,1.5222634721951993,1.5368248704786789,11
1785529388.6917863,11801,1.5168061489826383,1.5367532775227242,11
1785529388.6918657,11804,1.516827452670784,1.538152165165546,12
1785529388.6919143,11803,1.5103968269345764,1.5445860786449706,12
1785529388.691936,11805,1.5134103278842246,1.5476017057345894,12
1785529388.6919808,11807,1.513370093349162,1.545381339232379,12
1785529388.6920037,11808,1.5132311649592114,1.554184246809784,12
1785529388.6920536,11809,1.5001320285583695,1.5541914335620872,12
1785529388.692073,11810,1.5000434652931731,1.5541030041842692,12
1785529388.6986864,11812,1.502682817380253,1.5514604759447348,12
1785529388.698906,11811,1.502707129699419,1.5495169606694683,12
1785529388.6998818,11813,1.505581076514236,1.5495355332001022,12
1785529388.7052822,11814,1.505146696078177,1.5495363822727024,12
1785529388.7111611,11815,1.5062008743661042,1.548478850613649,12
1785529388.71454,11818,1.5037767859871152,1.548461934603865,12
1785529388.71719,11819,1.5037163381952003,1.5454516583558775,12
1785529388.7706373,11822,1.503804692539556,1.545540025777338,12
1785529388.7734735,11825,1.5014728656030714,1.545529998701649,12
1785529388.7735875,11823,1.501495764654825,1.5434975142685794,12
1785529388.773614,11824,1.498591351901607,1.5464038549633676,12
1785529388.7736702,11829,1.4988563810592606,1.5466691642155628,12
1785529388.7737155,11830,1.4984087680595697,1.5466703680383418,12
1785529388.7737343,11831,1.4984698862462975,1.5496736720870399,12
1785529388.7737813,11832,1.4984166132606513,1.553743259912533,12
1785529388.7738247,11833,1.5039694969460977,1.5537546837555767,12
1785529388.7741146,11834,1.5021999528965861,1.5519834847691194,12
1785529388.7857578,11835,1.5022981099392998,1.5446502757533698,12
1785529388.809994,11842,1.5034638775253757,1.5446560746673512,12
1785529388.842047,11843,1.5034678352602213,1.5449216334091305,12
1785529388.8420951,11848,1.5092755383246204,1.539111782992582,12
1785529388.8422854,11847,1.5092008590992618,1.5458983013446914,12
1785529388.8423314,11846,1.5106174471539424,1.5473158986445834,12
1785529388.842361,11852,1.5106516015710516,1.5491793909578004,12
1785529388.8424165,11851,1.513207261059744,1.5466219099066574,12
1785529388.8424451,11853,1.5109925072329942,1.5444056982630214,12
1785529388.8424642,11854,1.5103648053242873,1.5444018859624573,12
1785529388.842487,11855,1.510378724844931,1.5452004127701635,12
1785529388.8434782,11856,1.5104402693671335,1.5392976563246077,12
1785529388.846608,11857,1.5030277043802365,1.539269936983858,12
1785529388.8513467,11858,1.4972412151725256,1.5334813018891886,12
1785529388.8539412,11860,1.4978549555958744,1.5328667112859422,12
1785529388.8587046,11859,1.497854022263532,1.5329551453107426,12
1785529388.8613513,11861,1.494459638582494,1.5329363951841508,12
1785529388.9021075,11864,1.494408121357618,1.5297596023773417,12
1785529388.90722,11863,1.4938135693527155,1.5320583551748086,11
1785529388.9076693,11865,1.487232703630372,1.526278541165805,11
1785529388.9077547,11866,1.4952615365038975,1.5263083059391758,11
1785529388.9077847,11867,1.4951243544814072,1.516776336017298,11
1785529388.9078388,11868,1.4951249980965373,1.5119954670654188,11
1785529388.9078887,11869,1.5025616066584437,1.5120279471273224,11
1785529388.9079185,11870,1.5044834505409617,1.5137122571975485,11
1785529388.9079375,11872,1.5015658923284043,1.516268038059901,11
1785529388.907964,11871,1.5015618192996072,1.5174165474487404,11
1785529388.907985,11873,1.5047061041406318,1.5174277615195275,11
1785529388.934061,11877,1.5115796545605744,1.5234567425797716,11
1785529388.9342315,11881,1.5122796788308792,1.5234558768124369,11
1785529389.0144126,11882,1.5088448975821738,1.5204428500070373,11
1785529389.0151196,11883,1.5088324412154301,1.5225579943966938,11
1785529389.0152586,11885,1.5039580947708484,1.522543156346157,11
1785529389.0153227,11888,1.503985607676714,1.5251985851609393,11
1785529389.0153425,11887,1.509823692005826,1.5200794002904265,11
1785529389.016572,11889,1.5179926583397985,1.5272448754851007,11
1785529389.0166728,11890,1.5169760571955817,1.5272395338563696,11
1785529389.0166996,11891,1.51706201675874,1.5339070366313599,11
1785529389.01676,11892,1.5169603925461688,1.5415546794836164,11
1785529389.0167885,11893,1.515274005653898,1.5415627565341508,11
1785529389.016817,11894,1.5216096192490707,1.547132814079162,11
1785529389.0168712,11895,1.5216552387234292,1.544499563532695,11
1785529389.016899,11897,1.5260436986711718,1.5445341666110064,11
1785529389.0169263,11899,1.5303636787243728,1.5407381213876616,11
1785529389.0169683,11905,1.5279818886060357,1.5407551322451227,11
1785529389.0170097,11906,1.530803768354264,1.5432355332843761,11
1785529389.0173063,11908,1.524481627851688,1.548792839688396,11
1785529389.0223908,11907,1.5244868172182868,1.5485298372815184,11
1785529389.0787625,11910,1.5235233017709724,1.548534302196591,12
1785529389.079632,11911,1.5180655471057827,1.553996040056899,12
1785529389.0796576,11912,1.5182035871017103,1.5598682993212611,12
1785529389.0797043,11916,1.518322385594262,1.5487085668653024,12
1785529389.0797234,11917,1.520234638707984,1.548712461205346,12
1785529389.0797682,11918,1.5157777807300334,1.5442527308278136,12
1785529389.079806,11919,1.5157216309077295,1.5510240883397595,12
1785529389.0875533,11922,1.511292463813651,1.5510121047262693,12
1785529389.08766,11923,1.5084004391983186,1.5539063913181808,12
1785529389.0878456,11924,1.50833537671581,1.5513346646501787,12
1785529389.0879266,11928,1.5082632973174173,1.557418748326638,12
1785529389.088434,11929,1.509389740096268,1.5574212786746244,12
1785529389.0959685,11930,1.5076142575754488,1.5556439224287366,12
1785529389.0961208,11931,1.5077312620630798,1.5433862411303954,12
1785529389.109584,11936,1.5077262091806432,1.5430306492346868,12
1785529389.138325,11935,1.5108757597047409,1.5398761029861472,12
1785529389.1388075,11937,1.5009788572955483,1.5299748025485373,12
1785529389.1388805,11938,1.4932125663307474,1.5299209183253677,12
1785529389.138903,11939,1.493177396353374,1.5277157882683168,12
1785529389.1389494,11941,1.4865225351290963,1.527646681501871,12
1785529389.1481009,11942,1.4883930983924951,1.529518079408588,12
1785529389.1504877,11944,1.497335449357699,1.5205742426086926,12
1785529389.1509361,11945,1.496090191456472,1.5205653124253466,12
1785529389.1509993,11948,1.4959885167710705,1.5117373423851646,12
1785529389.1522732,11946,1.4870081668901165,1.5116562763056693,12
1785529389.1524727,11947,1.4848149108551967,1.513848974968236,12
1785529389.182399,11951,1.4848649632081192,1.5175427932780599,12
1785529389.2053404,11952,1.4848721110762138,1.5233172662035086,12
1785529389.2055302,11954,1.4873643056797012,1.5258100830129617,12
1785529389.2055702,11956,1.4842052649583326,1.5289699454452572,12
1785529389.205631,11957,1.4868819775455253,1.5289774923666444,12
1785529389.20565,11958,1.4963348925657212,1.5290640051301707,12
1785529389.2056918,11959,1.4918492571519009,1.5335512617848652,12
1785529389.2057111,11964,1.491876557396914,1.5271696783132183,12
1785529389.2091455,11965,1.495554884080234,1.5272000198404938,12
1785529389.2142363,11966,1.4930665600894986,1.5247110528026222,12
1785529389.2145243,11968,1.5021192880228356,1.51565695418682,12
1785529389.2201355,11969,1.5007868708280758,1.5156489594729485,12
1785529389.2238715,11972,1.500786836226488,1.5156489594439289,12
1785529389.227174,11971,1.5066786136108903,1.5097568908592949,12
1785529389.2326975,11973,1.508899653406266,1.5119776681506638,12
1785529389.294808,11974,1.5142242821339724,1.5120297604345287,12
1785529389.2952516,11975,1.514283887745528,1.5168255251342206,12
1785529389.2953188,11976,1.5142800067045452,1.5155943708887478,12
1785529389.2954125,11977,1.5149834047004116,1.5155969272661256,12
1785529389.2954383,11978,1.5130222692366846,1.5136357284656283,12
1785529389.295504,11979,1.5130290856012434,1.5157476341889216,12
1785529389.295504,11980,1.5044356572782807,1.5243421241483368,12
1785529389.2955694,11981,1.4998020461395556,1.52430632790637,12
1785529389.295605,11983,1.5047196508673621,1.5193877552281432,12
1785529389.295642,11985,1.5110346904066996,1.5257033330123033,12
1785529389.2956932,11986,1.5084499186099498,1.5256800566035218,12
1785529389.2957306,11987,1.5084160390636747,1.5231092504371377,12
1785529389.2957933,11989,1.505872765544735,1.5231024379037974,12
1785529389.295835,11990,1.5039175972746572,1.521147044391481,12
1785529389.295851,11992,1.4986440552463136,1.5264214588828542,12
1785529389.2974293,11991,1.4986397156104316,1.5275712767577891,12
1785529389.303861,11993,1.5061316023819766,1.5276249479558508,12
1785529389.3063467,11994,1.5021917468158676,1.527597938486863,12
1785529389.3079839,11995,1.496936449647684,1.5328545203640975,12
1785529389.3167038,11999,1.496811785845791,1.5257895755851927,12
1785529389.3232126,12000,1.4967982974472276,1.5298597879806939,12
1785529389.3356912,12002,1.5032832845018536,1.5363472546845012,12
1785529389.3660572,12004,1.5044262978294407,1.5352041125876217,12
1785529389.3667085,12003,1.5044215322107892,1.5359102500993098,12
1785529389.3667436,12008,1.504581167503359,1.544056867693141,12
1785529389.3667655,12006,1.5061482923948046,1.544066063488856,12
1785529389.3667655,12007,1.507727605741735,1.5424858675002249,12
1785529389.3668966,12009,1.5045239801714996,1.5392803404812139,12
1785529389.3844798,12011,1.5045346350877074,1.5398114918264825,12
1785529389.384708,12012,1.5045211129322067,1.541841757067512,12
1785529389.3848622,12013,1.5099232022097406,1.5418593068151014,12
1785529389.3848996,12014,1.5066382794421092,1.5385725670349222,12
1785529389.385057,12017,1.512187507538945,1.5386210590589071,12
1785529389.4043934,12018,1.5145429444056497,1.5386248387267005,12
1785529389.4045222,12019,1.5108528624094903,1.5423168196079067,12
1785529389.404548,12024,1.5108450664846593,1.5431978148399428,12
1785529389.413935,12025,1.504836049587098,1.54317471038355,12
1785529389.4145737,12026,1.5051007728806376,1.543439946294565,12
1785529389.4164844,12027,1.5051310729478107,1.5378822351244528,12
1785529389.4164844,12028,1.5154614309148708,1.5275480383150368,12
1785529389.4667819,12032,1.515418429984046,1.5250591227864632,12
1785529389.469471,12031,1.5155068188648584,1.524970536245098,12
1785529389.4696925,12033,1.5163082855384373,1.52577361927176,12
1785529389.4697814,12034,1.513634006759699,1.5257388091107535,12
1785529389.4698079,12035,1.5136857485623463,1.5287581641409138,12
1785529389.469853,12037,1.5202505459576627,1.5287702139263957,12
1785529389.4699051,12038,1.526654463594987,1.5351748617796006,12
1785529389.4699304,12040,1.522087959477376,1.5397431309978113,12
1785529389.4699755,12041,1.5115218596123998,1.5396361991545693,12
1785529389.4699945,12044,1.5116047421417234,1.54434031991452,12
1785529389.4700408,12042,1.5106471532231964,1.5443395695972086,12
1785529389.482368,12043,1.515659782071348,1.5393242755981777,12
1785529389.4825406,12047,1.515665634279957,1.5397684992072382,12
1785529389.4906824,12049,1.5079949564068986,1.539751134549592,12
1785529389.4936519,12052,1.5042238833402644,1.54352389039751,12
1785529389.497189,12051,1.5042061397424318,1.545819502577056,12
1785529389.4994888,12053,1.5025016960783326,1.5458064469255497,12
1785529389.5289028,12056,1.5023639178475423,1.53863846170443,12
1785529389.529557,12054,1.5017533197507256,1.5386362782246907,12
1785529389.5295856,12055,1.4989375352117946,1.5414535587858018,12
1785529389.5297103,12058,1.5044020894428969,1.541484420803188,12
1785529389.5297518,12059,1.5043700108469147,1.5398019975075325,12
1785529389.5360796,12062,1.496551183436746,1.5319797742605303,12
1785529389.5409029,12064,1.4988361100963865,1.5296936575157414,12
1785529389.541038,12065,1.5057084163116987,1.5297438455083623,12
1785529389.5452576,12066,1.5046588449756373,1.5297374442304912,12
1785529389.5509477,12067,1.5044820201288434,1.5299142519268576,12
1785529389.5560732,12069,1.510006364019277,1.5354376355930361,12
1785529389.556364,12070,1.515550677171867,1.5355103115983728,12
1785529389.5763767,12071,1.5156149454638397,1.5383542821506522,12
1785529389.6022637,12072,1.5156054829490586,1.5288586726006481,12
1785529389.6024928,12073,1.5194565658721186,1.5288849527990027,12
1785529389.6025195,12074,1.5287631344919015,1.5381925907152372,12
1785529389.6025696,12077,1.5286750875653565,1.5381932188694711,12
1785529389.6086652,12081,1.525364640708778,1.534881006518453,12
1785529389.6086652,12082,1.5200887536489966,1.5347799822466721,12
1785529389.6087413,12083,1.5201350041510506,1.5368270708537706,12
1785529389.6090791,12084,1.5200920465073584,1.5467494111154447,12
1785529389.6091635,12086,1.5155492754397912,1.542204798253786,12
1785529389.622488,12088,1.5133577669001326,1.5443969098801398,12
1785529389.6230125,12087,1.5133222449730397,1.5487098017159804,12
1785529389.6239061,12089,1.5120651531646665,1.548696652549552,12
1785529389.6433313,12093,1.5126874510789783,1.5493194667564192,12
1785529389.6780822,12094,1.512148622506804,1.5493139773138682,12
1785529389.6781323,12096,1.512194870006138,1.5439430142220787,12
1785529389.6782298,12095,1.512156030131041,1.542167029085247,12
1785529389.6782968,12099,1.5121833754877958,1.5366204588255221,12
1785529389.678345,12101,1.5162087902192154,1.5366783654487821,12
1785529389.6783664,12104,1.5163049407848386,1.540678709920773,12
1785529389.6784139,12103,1.5204095747311186,1.5365730672534466,12
1785529389.6873457,12106,1.524614802619538,1.5366558197502311,12
1785529389.7020214,12105,1.5198700848327489,1.5319093063343683,12
1785529389.7021148,12107,1.5198063030495983,1.5291496911210392,12
1785529389.7023184,12112,1.5135213176147109,1.535435844900327,12
1785529389.703772,12113,1.5057409260012187,1.5353260320351194,12
1785529389.7111716,12116,1.5057536689103952,1.5359461247861017,12
1785529389.7120636,12114,1.5083729607658052,1.535965036350449,12
1785529389.7120636,12115,1.5067970543123481,1.5375418466027904,12
1785529389.733261,12118,1.5089443445788402,1.537567897038837,12
1785529389.76919,12119,1.5090169043536101,1.540671876338884,12
1785529389.7693005,12124,1.5169717935238964,1.5327142200986261,12
1785529389.7694335,12125,1.5241206180966493,1.5328468471469305,12
1785529389.769503,12126,1.5255203391204497,1.5328530836419303,12
1785529389.7695317,12130,1.5154236718365535,1.5326743158310832,12
1785529389.7696705,12131,1.5154986216388107,1.536228964989474,12
1785529389.7700655,12133,1.5161097349478894,1.5362324631248319,12
1785529389.8061364,12134,1.5089666633917658,1.5290871711641354,12
1785529389.8273585,12135,1.5089578783324402,1.5350792863278857,12
1785529389.827654,12142,1.5119977279842967,1.5351171535284003,12
1785529389.8276865,12143,1.512058256768133,1.5378690177131176,12
1785529389.8277638,12144,1.5120535742568324,1.5394540654730606,12
1785529389.827793,12146,1.5198153157878234,1.547220153583063,12
1785529389.8278177,12148,1.5187658737696716,1.5482717405058197,12
1785529389.8278677,12147,1.5187214835206846,1.553543259167146,12
1785529389.827894,12149,1.5121566738319407,1.553466063347143,12
1785529389.8442736,12153,1.506024828303456,1.5473294334104906,12
1785529389.8444512,12154,1.502793612322466,1.5473072463757842,12
1785529389.844482,12155,1.5026686935765445,1.5404925468001656,12
1785529389.844534,12156,1.5026780755226161,1.5396092024375643,12
1785529389.8682647,12157,1.5066892281412285,1.5396115809945181,12
1785529389.897108,12159,1.5067298093928783,1.5357304183585692,12
1785529389.8971696,12158,1.5074387286932152,1.5364396015415578,12
1785529389.897261,12163,1.4984510371544266,1.5454323008273596,12
1785529389.8973129,12165,1.5127141687425478,1.5597085702352418,12
1785529389.8973699,12167,1.5127719879065606,1.5621956691951437,12
1785529389.8973918,12168,1.5128519702741405,1.5570886613480532,12
1785529389.8974433,12170,1.5116087859468974,1.5558440724054323,12
1785529389.9030912,12172,1.5160913628855726,1.5513574081374046,12
1785529389.903154,12171,1.516137297503525,1.547048426988891,12
1785529389.915078,12175,1.5237750774592975,1.5344239526853674,11
1785529389.9607942,12176,1.5237352105898974,1.5318337468633545,12
1785529389.9608657,12181,1.5233854336186465,1.5318365551531739,12
1785529389.961021,12180,1.5234046397577399,1.528151649055292,12
1785529389.9610531,12182,1.5150502511848203,1.519796572788191,12
1785529389.9611127,12186,1.5162791890592173,1.519796485511392,12
1785529389.9614298,12190,1.520549966343692,1.5198476699281254,12
1785529389.9715075,12191,1.5205353802823982,1.518690718207121,12
1785529389.9731402,12193,1.5191300330066813,1.5186909621349303,12
1785529390.0101638,12192,1.5191125308089453,1.5265073560653293,12
1785529390.100568,12194,1.5194370979164393,1.5250047865606917,10
1785529390.1141577,12198,1.5174665051663767,1.5307545378715548,8
1785529390.1143165,12204,1.5174616476072096,1.531175588040113,8
1785529390.1143994,12205,1.5191501768484978,1.5311726181794538,8
1785529390.1144276,12206,1.524142158927701,1.5361291665045536,8
1785529390.1145098,12207,1.524158032157034,1.5339453509348153,9
1785529390.1145098,12208,1.5244526474305329,1.533700881233799,10
1785529390.114559,12209,1.529474044659447,1.5344875637769295,11
1785529390.1145885,12212,1.5309692169546527,1.543690875915484,11
1785529390.1146421,12211,1.5275487735878917,1.5471139807108065,11
1785529390.1146786,12213,1.5217983680139944,1.5413614080168472,12
1785529390.1147237,12214,1.524396247450395,1.5414015095672702,12
1785529390.1147492,12215,1.5243219457489854,1.5378363190928075,12
1785529390.1147954,12216,1.5243118731523249,1.539501991068684,12
1785529390.1148524,12217,1.5176845434074182,1.539497223161163,12
1785529390.1148767,12218,1.5183972916559956,1.5402108267966907,12
1785529390.1149378,12219,1.518399634411651,1.5396837646745127,12
1785529390.1149378,12220,1.5151600196558865,1.5429248753612552,12
1785529390.1150057,12221,1.507899695588437,1.5428392655449374,12
1785529390.115058,12224,1.5078943223814658,1.5424846761860445,12
1785529390.1151118,12223,1.5057856340478468,1.5445921834403515,12
1785529390.1151314,12225,1.5072088777538113,1.5460165777346813,12
1785529390.11518,12226,1.5012878566064873,1.545973699905736,12
1785529390.11518,12227,1.5013398507516882,1.5484507721086265,12
1785529390.1152136,12228,1.5013665858874763,1.5456229542799638,12
1785529390.1156654,12229,1.507457595698921,1.5456479566304475,12
1785529390.1157174,12230,1.5055049574032509,1.5436939201397046,12
1785529390.1157823,12232,1.5033940250371407,1.545806166008897,12
1785529390.1158452,12231,1.5034222524835563,1.5428919950061595,12
1785529390.1158452,12233,1.506379887866131,1.5429145446134294,12
1785529390.1159294,12234,1.4976704341101008,1.5428504456381205,12
1785529390.1159844,12235,1.504846577928735,1.5356697971554856,12
1785529390.117225,12238,1.510123154822113,1.53573664282066,12
1785529390.1201477,12239,1.510057387849965,1.532720413083955,12
1785529390.1240563,12240,1.5100544742431519,1.5329844157000656,12
1785529390.1365273,12241,1.5094453612826397,1.5329801899895794,12
1785529390.1779342,12242,1.507034586187696,1.5305687261941123,12
1785529390.178748,12243,1.507033830145272,1.529510259508505,12
1785529390.178904,12250,1.5005188175497888,1.529439199740549,12
1785529390.1789377,12251,1.5005226693949643,1.5298812809070328,12
1785529390.1789906,12253,1.4953643306281719,1.5298280115875456,12
1785529390.1790192,12254,1.498221485508625,1.5326866486113886,12
1785529390.1790693,12256,1.5007577506946026,1.5301501746083035,12
1785529390.1807113,12257,1.4990620276790971,1.5301326300745963,12
1785529390.2235277,12258,1.5052734878445733,1.5301831387024265,12
1785529390.2514396,12259,1.4991361462827963,1.5363231174257805,12
1785529390.25152,12264,1.4990951873131928,1.5426905098460884,12
1785529390.2516592,12265,1.4977886185554135,1.5426822429074363,12
1785529390.2517154,12266,1.5020559007189025,1.5469524277923685,12
1785529390.2517936,12267,1.5020602145845783,1.5466875062707897,12
1785529390.2518651,12269,1.506275951143091,1.5467222863465435,12
1785529390.2533023,12273,1.5064528960208832,1.546899114886378,12
1785529390.253427,12274,1.5083387695162047,1.546919792903765,12
1785529390.2534618,12275,1.5083388963047832,1.5469197932488021,12
1785529390.253519,12278,1.497113758420691,1.5356883305680418,12
1785529390.2547429,12279,1.4971042944253226,1.5377227145029067,12
1785529390.315732,12280,1.4948189814192117,1.535111652677955,11
1785529390.317128,12281,1.4938354116110248,1.535105411101728,11
1785529390.3178048,12282,1.4926125863823627,1.5350919055950527,11
1785529390.317844,12283,1.492877193973301,1.5347894703175484,11
1785529390.3179498,12286,1.5023514934002804,1.5348811409334702,11
1785529390.3180037,12287,1.5026186921041973,1.5458071950143646,11
1785529390.3180246,12289,1.5016615940536466,1.5457937814163238,11
1785529390.3183525,12290,1.505706687993527,1.5504121030778304,11
1785529390.318397,12293,1.5013948793075684,1.550334991101467,11
1785529390.318434,12297,1.4944835560677414,1.5424485255437357,11
1785529390.3281848,12298,1.4941240787194443,1.5424473156653362,11
1785529390.3307426,12299,1.4940517481121263,1.5395190854049572,11
1785529390.330916,12300,1.4940253461494575,1.5305150795348847,11
1785529390.331117,12302,1.4918703704921206,1.528056423960916,11
1785529390.3336062,12304,1.4928268457447158,1.526960781740056,11
1785529390.3360496,12303,1.4928214255272954,1.5260498774976066,11
1785529390.3609934,12308,1.492891705947328,1.5291586547807658,12
1785529390.3871899,12307,1.498295098105015,1.523754640174129,12
1785529390.387356,12309,1.5094956005027063,1.5349562313969185,12
1785529390.3873842,12311,1.5092558215725793,1.5237834300866309,12
1785529390.3874445,12312,1.5092582094061415,1.5252802668563592,12
1785529390.387468,12313,1.515217341480063,1.525306713630491,12
1785529390.3875554,12315,1.5152146720799464,1.5256584973565648,12
1785529390.3884223,12317,1.519852724065649,1.5257230345125814,12
1785529390.3939943,12319,1.5211671114638459,1.5244089355072814,12
1785529390.4011652,12320,1.5211494873414007,1.5233405942427656,12
1785529390.4033897,12324,1.5211498366731595,1.5243058875079076,12
1785529390.4081497,12325,1.5243935018317056,1.524305903073848,12
1785529390.4617758,12329,1.5256412103047674,1.5243253008889692,12
1785529390.4662247,12327,1.5256366499272094,1.5271294025427125,12
1785529390.4662673,12334,1.5168072322684112,1.5270226372128066,12
1785529390.466316,12338,1.5157426149228108,1.5259579912375711,12
1785529390.4790356,12339,1.5157343661918263,1.5274527669643405,12
1785529390.5161843,12353,1.5102938321865333,1.5274168178073124,12
1785529390.5169055,12351,1.510316411877822,1.5239812646254045,12
1785529390.5228798,12358,1.5118069427626186,1.5239546442843739,11
1785529390.5752685,12365,1.5193525352450914,1.518858090542839,10
1785529390.5787961,12372,1.5191907077413527,1.5197846402944548,10
1785529390.5845516,12374,1.5239339942191632,1.5237477275061877,10
1785529390.593507,12375,1.518325759272803,1.5270277298994017,8
1785529390.610781,12373,1.4862924735627967,1.536080799251545,6
1785529390.641263,12384,1.486898129387749,1.5335409808844458,6
1785529390.6439855,12385,1.5055154492626523,1.5276788930638596,6
1785529390.6440327,12386,1.511185573630942,1.5362506990858698,6
1785529390.6441243,12387,1.5146854168018058,1.5221297197855763,6
1785529390.6441243,12388,1.5044350101679551,1.5350614634553348,7
1785529390.6441891,12389,1.5092759540641216,1.5351400487798765,7
1785529390.6442325,12392,1.5095329375148585,1.5456773247151758,8
1785529390.644272,12391,1.506263018514141,1.5489756002166168,9
1785529390.6443155,12393,1.508789852180186,1.5515186522863873,10
1785529390.6443365,12394,1.5136964190277271,1.551590078465448,10
1785529390.6443553,12395,1.5136567724409116,1.550143574056379,11
1785529390.6448512,12396,1.5136567708782465,1.5501434689601958,11
1785529390.6548135,12397,1.5115817246087428,1.5501353041593127,11
1785529390.656497,12398,1.5129996851842122,1.551384535406615,11
1785529390.706266,12400,1.5079186878760487,1.555852396177337,11
1785529390.70641,12399,1.5077992666043991,1.5639668285670285,11
1785529390.70641,12401,1.4998061840333057,1.5639184611796533,11
1785529390.7064826,12403,1.4976085151824134,1.5658547075603872,11
1785529390.7065353,12408,1.497623986958674,1.5650581460202084,11
1785529390.70658,12409,1.4945813511704367,1.56503823342433,11
1785529390.7066114,12410,1.4913506261849194,1.5621881758309442,11
1785529390.7066407,12412,1.5025324197410832,1.552347558096493,11
1785529390.7066727,12411,1.5026233414873917,1.5439555787948624,11
1785529390.7068846,12413,1.5075210674348125,1.5440034498434703,11
1785529390.714721,12416,1.5074530081541284,1.5413440378332248,11
1785529390.7149527,12415,1.5151418730371302,1.5345959495995403,11
1785529390.7167056,12417,1.5081410417957002,1.528442626364629,11
1785529390.716888,12418,1.5078354315076075,1.5284415181465034,11
1785529390.7230952,12420,1.5078328582266254,1.5295850730791385,11
1785529390.7310214,12419,1.508064075794557,1.5394248376871489,11
1785529390.7332218,12424,1.5058749850322908,1.5413471842351605,11
1785529390.7363372,12423,1.5058689972112036,1.5428473022351539,11
1785529390.7609828,12425,1.503726743863397,1.542822515098527,11
1785529390.7872288,12428,1.5037437763915829,1.5434422902254035,11
1785529390.7880526,12427,1.5000623239747277,1.5466749315907915,11
1785529390.790705,12429,1.5022965718843382,1.5486439049009133,11
1785529390.791716,12430,1.4953513135392826,1.5485787807494025,11
1785529390.7917767,12431,1.4950427415792733,1.5356890978962887,11
1785529390.7918391,12432,1.4950204360539454,1.5381681825857618,11
1785529390.7918928,12433,1.5020739588229937,1.5381895888601318,11
1785529390.7919343,12434,1.5003609896187582,1.5366844148601213,11
1785529390.7920241,12435,1.5003646825517025,1.536419218649656,11
1785529390.792084,12437,1.500160502923473,1.5364192067293732,11
1785529390.7957346,12439,1.4988541602729033,1.537566273865405,11
1785529390.8100932,12445,1.4991522720051387,1.5375663951113048,11
1785529390.8120992,12446,1.4956239423456636,1.534466911124902,11
1785529390.8316467,12448,1.4938154580540541,1.5360548598615442,11
1785529390.8559964,12449,1.5035936992922758,1.5360794791373822,11
1785529390.8560393,12452,1.5036185080953515,1.5374072640986436,11
1785529390.8573112,12451,1.510837967363014,1.5310707653277742,11
1785529390.8573866,12453,1.5162930064645574,1.5358626053355902,11
1785529390.8574724,12454,1.5260718435366845,1.5359621094541738,11
1785529390.8575027,12455,1.5262436718878496,1.5437205515426493,11
1785529390.8575554,12456,1.5261754612648077,1.5501181406374884,11
1785529390.862247,12457,1.5181715605942563,1.550116369563931,11
1785529390.862344,12458,1.520602533445461,1.5522585550177037,11
1785529390.862387,12460,1.5201045523340144,1.5526967333922008,11
1785529390.8624167,12459,1.5201119762293795,1.5523454436027173,11
1785529390.8687408,12461,1.5148945135359753,1.5522780958282687,11
1785529390.9049077,12462,1.5109270883088686,1.5522609329945225,12
1785529390.929764,12463,1.5107500049049647,1.5524378115473019,12
1785529390.9298286,12468,1.5107924958834424,1.5453011327408983,12
1785529390.929871,12469,1.5214966151559217,1.5453479564029866,12
1785529390.9299815,12470,1.5172214840775686,1.5410699836717054,12
1785529390.9345045,12473,1.5129213733066782,1.5410163246771509,12
1785529390.9345787,12471,1.5128555323192117,1.548058642198498,12
1785529390.934614,12472,1.5161985238888052,1.5447136276123925,12
1785529390.934777,12478,1.5131494640638945,1.5446870395695564,12
1785529390.934809,12481,1.5029655920833,1.544661873865147,12
1785529390.9348383,12482,1.5084811962106193,1.5501820508706183,12
1785529390.936613,12483,1.5085280499694154,1.54427580276447,12
1785529390.9453716,12486,1.5073963526533634,1.54426808963348,12
1785529390.9542162,12490,1.5051546193660668,1.5442434296609977,12
1785529390.958396,12491,1.5051280780080676,1.5430919071489844,12
1785529390.9836748,12493,1.508263371618408,1.5431087212090209,12
1785529391.070349,12494,1.4936066991197599,1.520926518605665,10
1785529391.0711277,12498,1.492884914719089,1.5207981502332661,10
1785529391.0712287,12505,1.5006054240362516,1.5221425797873425,10
1785529391.0712786,12506,1.5072852757475972,1.5297768490728825,10
1785529391.0713036,12510,1.5072854176196524,1.5297769976060993,10
1785529391.0713453,12513,1.50325332216315,1.5251681616558326,11
1785529391.0713851,12515,1.5032242360839918,1.5223354038221129,11
1785529391.071404,12518,1.505973238039643,1.5254777263324542,11
1785529391.0714366,12524,1.5060845664887996,1.5338838913838504,12
1785529391.111586,12527,1.5060679084123632,1.532821031720671,12
1785529391.132718,12530,1.5003231179425522,1.5356585501796747,10
1785529391.1336048,12534,1.4972602223536617,1.5361557448014345,10
1785529391.1337216,12535,1.4939149768276812,1.5399839594541824,11
1785529391.1337667,12540,1.493931231480047,1.5378885581571629,12
1785529391.1338258,12541,1.4900920715689394,1.5378544506761602,12
1785529391.1338503,12542,1.4918713222330653,1.5396347158295327,12
1785529391.1348257,12543,1.4856818864502126,1.5393013861760174,10
1785529391.1348257,12544,1.4848586531440402,1.5400182117341419,11
1785529391.1455839,12548,1.4847530154783537,1.5350921279304937,11
1785529391.1456888,12546,1.492164248730718,1.5351501948099717,11
1785529391.1470265,12547,1.496908097669444,1.5310133780720234,11
1785529391.185531,12551,1.4953438438678879,1.533304162603067,10
1785529391.1855686,12552,1.495366624275827,1.5305596822970904,10
1785529391.1856222,12553,1.4873813026256313,1.5305002589258545,10
1785529391.1856503,12554,1.4814211818086014,1.5260498947254697,10
1785529391.1856909,12555,1.4813884288827828,1.5304966219030838,10
1785529391.1966825,12557,1.4775602340768288,1.5305067271764063,11
1785529391.1976295,12559,1.4798836569463243,1.5284799199111707,11
1785529391.2067695,12565,1.487006425791453,1.5285286986285147,11
1785529391.249041,12566,1.4830529597135802,1.5250770956298763,11
1785529391.250559,12572,1.4830793112822263,1.5273623965773588,11
1785529391.2508593,12571,1.478730496809284,1.5311567869376232,11
1785529391.2509851,12573,1.480962633431238,1.5331048205855298,11
1785529391.2510667,12575,1.4809094269494598,1.5289764968731918,11
1785529391.251098,12576,1.4809240990216939,1.527553182941557,11
1785529391.2524323,12578,1.4843703549974694,1.5305612137339177,11
1785529391.292638,12580,1.4882152367094779,1.5272059940149372,11
1785529391.293158,12581,1.4976160190453631,1.5272136379747827,11
1785529391.29319,12582,1.4986197214955166,1.5272186626391564,11
1785529391.296567,12583,1.4984172029810818,1.5273954711779258,11
1785529391.2966251,12587,1.498537143520108,1.5340217093886444,11
1785529391.296677,12588,1.4984903497392255,1.540036395929753,11
1785529391.2967243,12589,1.4953896565923466,1.5400185698863973,11
1785529391.3011527,12590,1.4989571514556317,1.5431320933040156,11
1785529391.3022883,12591,1.4989232024307018,1.5461392278381934,11
1785529391.3060489,12593,1.4944948692979454,1.5461270576663586,11
1785529391.3077424,12596,1.4945390529528075,1.5481571290953415,11
1785529391.308344,12595,1.4953476217861263,1.5474527358938044,11
1785529391.3340547,12597,1.498911731319357,1.5505609724530083,11
1785529391.3645058,12598,1.5049817912761776,1.550594615069087,12
1785529391.3651524,12599,1.504918629798949,1.5476715568067854,12
1785529391.3652413,12600,1.5049734426815595,1.5415813622141492,12
1785529391.3656254,12601,1.5044506217860056,1.5415782373623357,12
1785529391.3656816,12602,1.5064973083080013,1.5436261657292882,12
1785529391.3657608,12603,1.506517389199514,1.540538854724705,12
1785529391.3658178,12605,1.5141301099507098,1.540635326738537,12
1785529391.3658452,12608,1.5140733912551039,1.538147933043442,12
1785529391.365891,12607,1.5180116772134205,1.5342080150955812,12
1785529391.3659174,12609,1.51649513039331,1.532690298243276,12
1785529391.4087243,12610,1.5137253557914754,1.532650738138801,12
1785529391.4191637,12611,1.5137374672450588,1.5332724359787864,12
1785529391.4222465,12612,1.5137245797437813,1.5370561115261083,12
1785529391.4223053,12613,1.5132009235415487,1.5370546296914134,12
1785529391.422352,12614,1.5102614993620656,1.5341141367623055,12
1785529391.422467,12615,1.510254182244041,1.5358758457211288,12
1785529391.4225273,12617,1.504620188404106,1.5358257041123506,12
1785529391.4225516,12620,1.5045635838217157,1.532372411256439,12
1785529391.4235597,12624,1.5045654961173072,1.5321958044346453,12
1785529391.4236226,12625,1.5105096178994324,1.532201246657877,12
1785529391.4237063,12627,1.5105067894869426,1.5324655239309677,12
1785529391.4237585,12629,1.510954078746479,1.5324670313941204,12
1785529391.4240503,12630,1.507544841057018,1.5324683444763776,12
1785529391.4310257,12631,1.5062240598417767,1.5337895415506273,12
1785529391.4340484,12634,1.5030068101445422,1.5337744989623812,12
1785529391.4399445,12635,1.5029866472758404,1.5322700838413439,12
1785529391.474095,12638,1.5005068204400414,1.529789457274933,12
1785529391.4748058,12640,1.4999777130552328,1.5303187004850858,12
1785529391.485936,12639,1.4999947230393016,1.5279319339888768,12
1785529391.486003,12641,1.5055251083874621,1.5279583212841938,12
1785529391.4896195,12644,1.5055538640700605,1.5299068052621922,12
1785529391.5023038,12649,1.5056413594081661,1.5299066958561367,12
1785529391.507676,12656,1.5056319975884425,1.5292871680627338,12
1785529391.5087738,12654,1.5037067255766232,1.5292796011947671,12
1785529391.5088449,12655,1.5023887617020735,1.5305978892724448,12
1785529391.5478866,12659,1.5024512088749487,1.5342256332975586,12
1785529391.550926,12660,1.5024483808729752,1.5348441008844975,12
1785529391.5509584,12662,1.509120917361826,1.5415198308814597,12
1785529391.5509815,12664,1.5144755009972188,1.5361634132364896,12
1785529391.5510015,12663,1.5144802580564394,1.5352834681177412,12
1785529391.5818782,12668,1.5180486443004335,1.542858310145049,11
1785529391.599326,12666,1.518455297962455,1.542914672650519,11
1785529391.5993881,12667,1.5168788744897768,1.5444972164912172,11
1785529391.5995233,12670,1.5077525459209329,1.5430847117484074,11
1785529391.6024,12671,1.5057375331759821,1.530433307642898,11
1785529391.6024692,12672,1.50612446060528,1.5333125872827509,11
1785529391.602557,12673,1.505104660531598,1.53316701572041,11
1785529391.6025825,12675,1.5056629585815282,1.5373825008302784,11
1785529391.602634,12677,1.502322509505527,1.536900916844065,11
1785529391.6069074,12678,1.5084267782294571,1.5377526491432276,11
1785529391.6072705,12679,1.5076296939696021,1.5385502062562355,11
1785529391.6074545,12684,1.506872085678484,1.5326980703430924,11
1785529391.6103241,12686,1.5005139271330046,1.5263380920312608,11
1785529391.6156526,12688,1.4960929016834288,1.5307604409609312,11
1785529391.6327693,12692,1.4946634877059344,1.5211784340506258,11
1785529391.658079,12691,1.4945750456798639,1.521266679688498,11
1785529391.6590872,12693,1.4901343277120274,1.5168260875463304,12
1785529391.6593282,12694,1.5021330906309405,1.516795544923351,12
1785529391.6593673,12695,1.5021942546712428,1.5238722474252582,12
1785529391.6595082,12697,1.4993009320849953,1.5238627852536681,12
1785529391.6595724,12698,1.4976148565406755,1.5221764607799824,12
1785529391.659615,12700,1.4982309923079151,1.5215601724076118,12
1785529391.659637,12699,1.4982289351848888,1.522179277616258,12
1785529391.6597013,12701,1.4955579006081146,1.5221729210426502,12
1785529391.6769943,12703,1.4979371072068395,1.5197933497596627,12
1785529391.681952,12704,1.497929738297414,1.5189983174827544,12
1785529391.7218475,12708,1.4979065764515596,1.523509531888748,12
1785529391.722442,12709,1.4951882490550485,1.5235018661242992,12
1785529391.7224684,12712,1.4970403029869295,1.5216494945077368,12
1785529391.7224858,12711,1.497040947684085,1.5215610040541119,12
1785529391.7225397,12713,1.4973078097504677,1.521560747678433,12
1785529391.7226472,12714,1.4938856809119574,1.521546643003314,12
1785529391.7226472,12716,1.4939329855692922,1.5255164919219528,12
1785529391.72268,12715,1.4896230730687012,1.5298274975035497,12
1785529391.7227175,12719,1.4896077504446292,1.5287704221916631,12
1785529391.7412553,12720,1.4896168312429634,1.5267303007537416,12
1785529391.746559,12722,1.4948575555319656,1.5319723721140048,12
1785529391.7466242,12724,1.4928354271929285,1.5339954739164172,12
1785529391.7468073,12723,1.4928514585344772,1.5308942392930143,12
1785529391.7473435,12725,1.4962442242933798,1.5309106038829259,12
1785529391.7563403,12729,1.50514455460694,1.5398144670735503,12
1785529391.8019438,12730,1.502637926954071,1.5397949186880795,12
1785529391.809826,12731,1.5026378267274731,1.5397949185790418,12
1785529391.812014,12732,1.5026480698341493,1.5382050699205576,12
1785529391.8121648,12733,1.502386345588716,1.5382052352485012,12
1785529391.8122008,12734,1.5051445680456985,1.5409630766130582,12
1785529391.8122642,12737,1.505144699667683,1.5409632075985609,12
1785529391.8122883,12735,1.505158055837469,1.5387569460247101,12
1785529391.8124425,12736,1.5077012371567382,1.5362124761730436,12
1785529391.812526,12742,1.5119944522139195,1.5362617925309272,12
1785529391.8125517,12744,1.5119861824653469,1.5384629066133297,12
1785529391.8125987,12743,1.512111554023826,1.5439671413229683,12
1785529391.81262,12746,1.498722208203204,1.530572315965719,12
1785529391.8149953,12747,1.4987171301334854,1.533931369903547,12
1785529391.8234513,12749,1.4992533531507677,1.533936387150252,12
1785529391.8280735,12751,1.5059079111936848,1.5272798008861643,12
1785529391.8333926,12753,1.5103678159651885,1.5317397663215888,12
1785529391.8368714,12755,1.5102844542870448,1.5271271186537174,12
1785529391.8732672,12756,1.5102711649354836,1.5316195133954975,12
1785529391.8754447,12757,1.5116702406797926,1.5316227192149756,12
1785529391.8754876,12758,1.5247324522749592,1.5446897785215117,12
1785529391.8755453,12759,1.5246633288090028,1.5506523954551714,12
1785529391.8755994,12761,1.5207997391071544,1.5506131487858477,12
1785529391.8756394,12762,1.5207997175554169,1.5506131487728312,12
1785529391.8756614,12763,1.5198298711835132,1.5515837064862978,12
1785529391.8757598,12765,1.516819241085571,1.5485709096790636,12
1785529391.8766065,12766,1.5155621863500022,1.5485616915063336,12
1785529391.879924,12767,1.5155593515437609,1.5483839358423754,12
1785529391.895439,12768,1.5156643953016677,1.539061501884375,12
1785529391.9118989,12769,1.5204614291868588,1.539051569108255,12
1785529391.9258504,12770,1.5127253260417353,1.5296590008666413,11
1785529391.9263194,12771,1.5127444959254084,1.5178757737311228,11
1785529391.9264872,12777,1.5158617863047124,1.5214395654196815,11
1785529391.926542,12778,1.5171082369845323,1.5214575470600415,11
1785529391.9266036,12779,1.5171801583924327,1.52624073802894,11
1785529391.9266446,12780,1.5171761408385087,1.5335853743480579,11
1785529391.9272444,12781,1.512107876430436,1.5335661166337404,11
1785529391.9308326,12782,1.5156802844413702,1.537650663486218,11
1785529391.9364595,12783,1.5156683142441683,1.5421803070528972,11
1785529391.9364595,12784,1.5126935514694533,1.5455910191916986,11
1785529391.9396913,12785,1.5112580024475275,1.5455706464949182,11
1785529391.942828,12788,1.5112740296044582,1.5463089829597048,12
1785529391.9582481,12787,1.5123272570364588,1.545255101627693,12
1785529391.9907649,12789,1.5063671305908288,1.5392915111316887,12
1785529391.9919598,12790,1.498399244747127,1.5392409765755546,12
1785529391.9921072,12791,1.4983870099672536,1.5385340310743634,12
1785529391.9921613,12792,1.498367720267124,1.5405684870665042,12
1785529391.992203,12793,1.502726195957628,1.5405789729724255,12
1785529391.9922278,12794,1.506975153729755,1.544830464732976,12
1785529391.9922762,12796,1.5051229210904722,1.5466839964066001,12
1785529391.9923205,12797,1.5111349839569,1.5467163842411216,12
1785529391.9934466,12798,1.5114829991251197,1.546715031885243,12
1785529392.001104,12800,1.5115018900742798,1.5476926933190904,12
1785529392.0524302,12804,1.5115629817109821,1.5416159851824205,12
1785529392.0526278,12805,1.506683380032106,1.5415977917544816,12
1785529392.05266,12806,1.5034776153597895,1.5383906385753905,12
1785529392.053024,12808,1.5087390853234244,1.5331266017184968,12
1785529392.05307,12807,1.5087416635553348,1.5324211907071,12
1785529392.0530946,12812,1.5086002396908271,1.5233777311771162,12
1785529392.0535102,12811,1.50965564479495,1.522321950242863,12
1785529392.0535932,12813,1.510632610512765,1.5232990004727367,12
1785529392.053683,12815,1.510596686905616,1.5201941912136676,12
1785529392.0537267,12816,1.5106001165764051,1.5187849046956177,12
1785529392.0537426,12817,1.514816014313647,1.518782096523131,12
1785529392.0626717,12818,1.5110930423191669,1.5150589412744861,12
1785529392.0627952,12820,1.5084491853316904,1.517702885323023,12
1785529392.0628266,12819,1.5084508802389582,1.517085920466546,12
1785529392.0630436,12821,1.5032953589436666,1.5170640506021718,12
1785529392.0998209,12823,1.5006477194460104,1.519711974024239,12
1785529392.1764538,12828,1.5006627318898558,1.5157352272119686,12
1785529392.1856003,12829,1.4941565637914507,1.5157041569132748,12
1785529392.1856463,12831,1.4941538293651404,1.5181839015474587,12
1785529392.1857133,12840,1.4941204269192183,1.5258006557595722,12
1785529392.185758,12842,1.5002284250705924,1.5319103529627414,12
1785529392.1857867,12845,1.506212442905798,1.5319321247324886,12
1785529392.185842,12843,1.5062208203555327,1.530697109036506,12
1785529392.1858664,12849,1.5055997526021152,1.5300758378341923,12
1785529392.1859088,12850,1.5091702434522407,1.5301006778850461,12
1785529392.1859324,12852,1.5091748400749583,1.5291313041495735,12
1785529392.1859717,12854,1.5025102418728542,1.5224652781134511,12
1785529392.1866755,12855,1.502510041489195,1.5224650760844027,12
1785529392.1934295,12861,1.5055314202064296,1.5254870167902452,12
1785529392.2113056,12862,1.5104333138092088,1.5255077477096668,11
1785529392.2362258,12864,1.510431636831721,1.5256839266347284,11
1785529392.2394826,12866,1.5190277063816047,1.533231486316149,11
1785529392.2395184,12869,1.5176026980078525,1.5332192635242723,11
1785529392.2395642,12867,1.5175810896373372,1.5354162526441575,11
1785529392.2395873,12873,1.5161681418293296,1.534175036723513,11
1785529392.2402432,12874,1.5148444695841312,1.53416576044142,11
1785529392.2404013,12875,1.5148308731620033,1.5332773454377822,11
1785529392.255512,12877,1.519711745798764,1.539915929141478,10
1785529392.2585437,12876,1.5196941866089504,1.5418266122391149,10
1785529392.2604442,12878,1.5082716615115015,1.5303458284964433,10
1785529392.2715569,12882,1.5067721142357888,1.5304990366286373,10
1785529392.3019216,12886,1.5072330648774186,1.529971367403501,9
1785529392.301988,12887,1.504054664559005,1.5400058150042155,9
1785529392.3021169,12890,1.5089154670491924,1.546471516521928,9
1785529392.3022048,12892,1.5097629680011286,1.5455008609952803,10
1785529392.3022697,12891,1.5104118936156234,1.541047798563921,10
1785529392.3023014,12893,1.5033027135788408,1.5421445451000777,10
1785529392.3038716,12894,1.4967950272770703,1.543164042355218,10
1785529392.3091443,12895,1.4949197325389683,1.5453100571392302,11
1785529392.3158438,12897,1.4934024421864371,1.5435782732434935,11
1785529392.3186862,12899,1.4933979470870444,1.5432758895979526,11
1785529392.3464289,12901,1.4969667388326813,1.5433148196249769,11
1785529392.3752108,12902,1.50106622740718,1.5479975348550672,11
1785529392.3752444,12903,1.501092135542051,1.542947014479023,11
1785529392.3753316,12905,1.5085316435410225,1.5430441699542379,11
1785529392.3753598,12908,1.5086549065200365,1.5479181172040717,12
1785529392.375402,12907,1.523602970730899,1.5329637260272762,12
1785529392.3754513,12909,1.51699403383365,1.526350221069149,12
1785529392.3754747,12911,1.5168207469435118,1.5155929055841522,12
1785529392.375497,12912,1.5168236874432748,1.5177016660544793,12
1785529392.3755178,12913,1.5125184842397463,1.5176912850780613,12
1785529392.3755329,12914,1.5098451382727318,1.5150180974960887,12
1785529392.375594,12916,1.5084422598894214,1.5164206976333727,12
1785529392.3761015,12915,1.5084459650194657,1.5223262454896467,12
1785529392.3827844,12917,1.506665148089776,1.5223116243643677,12
1785529392.4291348,12919,1.499282671519455,1.5296956874119834,12
1785529392.4301062,12920,1.4991749204868625,1.5212115114422828,12
1785529392.4304357,12924,1.4991883041351926,1.513607853362887,12
1785529392.4304357,12925,1.5026197143835724,1.51362281311406,12
1785529392.4304848,12926,1.5059922864365152,1.516995568830132,12
1785529392.4304848,12928,1.5037918616975896,1.519196332040083,12
1785529392.430637,12932,1.5038496819239169,1.5239759074887238,12
1785529392.4306643,12931,1.5098254494188705,1.517999511719367,12
1785529392.464238,12935,1.5099178455210673,1.5246508608560452,12
1785529392.477953,12941,1.4987794498639568,1.5245675644832222,12
1785529392.486631,12943,1.4970192499129913,1.5263279369585045,12
1785529392.5303948,12944,1.501199720475396,1.5236012290155883,10
1785529392.534061,12952,1.4980202321429932,1.5259857919417494,10
1785529392.53566,12956,1.4980603734006552,1.5289011051810901,10
1785529392.5357995,12964,1.5117076901821873,1.5186692980094258,10
1785529392.575693,12967,1.5148490483579875,1.5293228395787222,9
1785529392.5901222,12968,1.514218469402652,1.5265122268131326,8
1785529392.5901713,12976,1.5073820592841258,1.5319776451899716,8
1785529392.5907772,12977,1.5190701737644798,1.5339581393889212,8
1785529392.590897,12978,1.518870249726674,1.5339263621465575,9
1785529392.590938,12979,1.514716051610397,1.5380520160600772,9
1785529392.5949845,12982,1.516281077998827,1.5383223513920696,10
1785529392.6094413,12986,1.5185751958990463,1.540940760260066,10
1785529392.655152,12987,1.5219590191836398,1.55222799639579,9
1785529392.6553473,12993,1.5166677243137605,1.5469179248545168,10
1785529392.655381,12994,1.514421337987146,1.5469170847630522,10
1785529392.655436,12996,1.5143522219952978,1.5500829741080364,11
1785529392.6554604,12998,1.5075377518800694,1.5440920685661002,11
1785529392.709765,13001,1.5135486641722307,1.5434502850390754,10
1785529392.7098973,12999,1.5136357474874194,1.5365012208692692,10
1785529392.7099278,13006,1.5157751122460303,1.5365156244375808,10
1785529392.7099776,13008,1.5158456190186593,1.526853839989462,10
1785529392.7100406,13010,1.5160472123738873,1.5270561247028622,10
1785529392.7100677,13013,1.511168423605787,1.5270158875725879,10
1785529392.7100868,13011,1.5111350816325806,1.5317514798649428,10
1785529392.7299998,13018,1.5150021737954762,1.531778420287769,10
1785529392.7882764,13025,1.5112368527510103,1.5317520893763756,10
1785529392.7883868,13023,1.5112197778640142,1.5336665132813694,10
1785529392.7884266,13029,1.5136399459795078,1.5360983992891089,10
1785529392.7884605,13030,1.5143530014434206,1.5361029899693137,10
1785529392.7884865,13031,1.5144397816872441,1.5415841024281158,11
1785529392.7886312,13032,1.5143677902217165,1.5462475057243064,11
1785529392.7887013,13034,1.5098399576238746,1.5422662760466925,11
1785529392.7887545,13036,1.5104429952310554,1.5417362506417303,11
1785529392.7887769,13035,1.5104955704441538,1.5378598751014467,11
1785529392.8025813,13039,1.5066628768165997,1.5417654610196654,9
1785529392.839503,13040,1.5067802733871125,1.5465341017684708,10
1785529392.8395436,13044,1.5068414841034614,1.5414184635553225,10
1785529392.8396037,13045,1.5141285848839339,1.5414341988147178,11
1785529392.8396268,13047,1.5141510335691766,1.539322529506011,11
1785529392.8396702,13049,1.5214905662056857,1.5393992524510312,11
1785529392.8396912,13052,1.5214000748063656,1.5348581952442235,11
1785529392.839726,13051,1.526111905887062,1.5307240363848502,11
1785529392.8397398,13053,1.521255514545784,1.5264599015506652,11
1785529392.840062,13055,1.5212678064595675,1.5272609423549888,11
1785529392.8441365,13056,1.5211728303221157,1.5378811268478558,11
1785529392.8547597,13058,1.521878126751458,1.538500876393078,11
1785529392.8559825,13060,1.5227827829381733,1.5377062973908249,11
1785529392.8582542,13059,1.5227559958107257,1.5396363821887862,11
1785529392.9075465,13064,1.5228046039133476,1.5425759631573221,11
1785529392.9076223,13063,1.5177848801914604,1.5469883957043233,11
1785529392.910335,13065,1.5188926491419847,1.5479630105749667,11
1785529392.9104404,13067,1.5188353936508563,1.5449379395474285,11
1785529392.9104757,13068,1.5189511471028108,1.535889777874067,11
1785529392.910532,13069,1.5135811121088525,1.5358891682213267,11
1785529392.9105556,13070,1.5158078795913303,1.5378469747609576,11
1785529392.9105992,13071,1.515813366942118,1.5371436168168677,11
1785529392.9106379,13073,1.521722983200921,1.5372142424173136,11
1785529392.9106581,13075,1.5298235924013626,1.5301093258503955,11
1785529392.9346018,13077,1.5355991956851174,1.5351820038554065,11
1785529392.9698813,13079,1.5354433928161801,1.5256127333642922,11
1785529392.9709148,13081,1.529049319092354,1.5256476505417327,11
1785529392.971158,13082,1.5350224912367096,1.5308917568299059,11
1785529392.9712186,13083,1.5350330350096393,1.5291450684859431,11
1785529392.9712424,13085,1.5325916953909402,1.529108838609059,11
1785529392.9712873,13087,1.5298853656405529,1.5314819965120983,11
1785529392.9713264,13086,1.523167337953015,1.5314924411295692,12
1785529392.975901,13092,1.523168013841819,1.5262304297980682,12
1785529392.9761379,13093,1.524569724672103,1.5262327987747262,12
1785529392.976176,13096,1.528595585454376,1.5222072380373475,12
1785529392.9762225,13095,1.5285939966374542,1.5224694539315398,12
1785529392.9930906,13098,1.5248937071304371,1.5223982695345697,11
1785529393.015435,13104,1.5248933210372533,1.5281832727306615,11
1785529393.0364277,13105,1.5321172424899197,1.5281714627519052,11
1785529393.0365083,13108,1.5303047130088065,1.5297518337297205,11
1785529393.0381327,13111,1.5300010892399123,1.5300167137836946,11
1785529393.0430646,13116,1.530013178857873,1.5273028362177772,11
1785529393.0532167,13117,1.5235907799538666,1.5273059329925185,11
1785529393.0586617,13119,1.5235696116814628,1.5331814767923106,11
1785529393.0925117,13123,1.530414628721773,1.5272145648588324,11
1785529393.1186397,13128,1.5303249230014595,1.5197661187222575,10
1785529393.1451254,13129,1.518737878169925,1.5148217380477063,9
1785529393.1883671,13130,1.5026852127245707,1.511019233239221,7
1785529393.1891015,13132,1.5010387538229157,1.5126596486814825,7
1785529393.189143,13131,1.4989846812117307,1.5026189452603058,7
1785529393.1892462,13136,1.5006219766456945,1.5103616511372386,8
1785529393.189315,13135,1.4946682335394688,1.5150917220006033,8
1785529393.1893415,13137,1.5037604968057876,1.5228640183688873,9
1785529393.1893947,13138,1.5034185207338648,1.5228638196732378,10
1785529393.1894224,13139,1.5035071065361358,1.5276079453518852,11
1785529393.1894798,13141,1.515146334562947,1.5276627829361216,11
1785529393.1895351,13142,1.5161657924036507,1.5285530162117138,11
1785529393.1895614,13143,1.5161535327346591,1.5311026430871044,11
1785529393.1896105,13145,1.5167712612565942,1.5311090084320507,12
1785529393.1896627,13148,1.516752905789412,1.5298644651432172,12
1785529393.1896906,13147,1.5162249968668509,1.5303924597924072,12
1785529393.1897101,13149,1.517112704585498,1.5312803884215505,12
1785529393.1897604,13151,1.5171090797807627,1.530924796777384,12
1785529393.1898136,13152,1.5171028921974048,1.5313642524590365,12
1785529393.189838,13153,1.515005952075665,1.5313660459106977,12
1785529393.1898594,13154,1.5121638670648572,1.5285233405270404,12
1785529393.1899164,13155,1.5121664981894856,1.5279070229360674,12
1785529393.1899164,13156,1.510056390055282,1.5300176180317382,12
1785529393.1899588,13157,1.507824789873636,1.5300003432858025,12
1785529393.1949432,13159,1.509496236150516,1.5322935198914316,11
1785529393.2113724,13160,1.5093907792261227,1.5235143955929769,11
1785529393.244068,13164,1.5094216209209654,1.5194610482372082,11
1785529393.2486176,13165,1.5142298115383914,1.5194456106064886,11
1785529393.2486885,13166,1.5102987975750195,1.516000212012264,11
1785529393.2487142,13168,1.5040472128396851,1.5214806848352813,11
1785529393.2487793,13171,1.5055590525536997,1.5201550548752831,11
1785529393.2488325,13172,1.5056576113729463,1.5290113158859524,11
1785529393.2497244,13177,1.49269041581917,1.5289362097355819,11
1785529393.2678928,13181,1.4867911658724446,1.52890957946731,11
1785529393.2924693,13179,1.4867943259383862,1.5275778665886262,11
1785529393.318112,13186,1.4971638316015774,1.527640459525229,11
1785529393.321155,13187,1.4971858054041434,1.5286120467914943,11
1785529393.3211966,13189,1.4971858066777588,1.5286121484304007,11
1785529393.3212545,13190,1.5026751594883934,1.5334373741377936,11
1785529393.321286,13193,1.5072566435882326,1.5334886591762449,11
1785529393.321338,13191,1.5072580042616317,1.5326068910918287,11
1785529393.3213634,13197,1.5035944151533929,1.5293859985157652,11
1785529393.3213866,13198,1.4969829934407497,1.5293182701739263,11
1785529393.3245065,13199,1.496978347258063,1.5289650209138437,11
1785529393.3458548,13201,1.5075483183137963,1.5290348077702962,11
1785529393.365503,13203,1.5075367869369045,1.5310628045941235,11
1785529393.3947356,13202,1.5130977080607915,1.5359487259039635,11
1785529393.3952773,13206,1.5060867163103917,1.5359310554549932,12
1785529393.3953052,13207,1.502313228222754,1.5397059744125858,12
1785529393.3954375,13211,1.5023072017507109,1.5392637665671411,12
1785529393.3971853,13214,1.5003466536261723,1.5373052594688401,12
1785529393.3974597,13212,1.5002058894909833,1.5511847031796966,12
1785529393.3975136,13213,1.488047788713499,1.5511063092127813,12
1785529393.4004135,13221,1.489025569599289,1.5520854241771271,12
1785529393.400504,13223,1.4889171423814207,1.547239559376281,12
1785529393.410465,13224,1.4889770315648094,1.540052216245863,12
1785529393.4124153,13226,1.4908462999329497,1.5419220845255859,12
1785529393.4176428,13228,1.495320259663954,1.5374460357411626,12
1785529393.417807,13227,1.4953226927831575,1.5372687098475104,12
1785529393.444004,13230,1.4995976954943673,1.537300430107168,12
1785529393.46913,13231,1.4993316188182442,1.537475736377421,11
1785529393.4692216,13232,1.4992213399593424,1.5304929512431125,12
1785529393.4693017,13236,1.4991834768588317,1.5350909903630134,12
1785529393.4693794,13237,1.50992594093412,1.5350750361745868,12
1785529393.4694078,13238,1.5065738486031197,1.5317217393243232,12
1785529393.4695377,13239,1.506559213496962,1.5328684780629611,12
1785529393.4759722,13240,1.5039023646538885,1.5355263430182666,12
1785529393.4843538,13246,1.5079260976847049,1.535528164510242,12
1785529393.5034807,13252,1.5153562291663671,1.5280958658007833,12
1785529393.5350204,13251,1.5183945231599103,1.5300444131230493,11
1785529393.5358078,13254,1.5140825093655854,1.5300621438177044,11
1785529393.535927,13260,1.5141016264978746,1.5280385691770144,11
1785529393.5360105,13261,1.5098878775587705,1.5280437940692824,11
1785529393.536041,13263,1.5099190050226565,1.5222291339811709,11
1785529393.5533612,13266,1.5208707608893546,1.5222181246892892,11
1785529393.554807,13267,1.5203658123913506,1.522658905957269,11
1785529393.575143,13272,1.5203595816552418,1.5236245903592571,11
1785529393.614778,13273,1.51972312265375,1.5225485467048876,9
1785529393.614848,13276,1.519419994077303,1.522851568959709,9
1785529393.614963,13278,1.5071041368217506,1.5207887191369351,9
1785529393.6150846,13279,1.512036991208792,1.5158608368914035,9
1785529393.6151206,13284,1.5118945962215065,1.5150133379022748,9
1785529393.6155107,13285,1.511894585763239,1.5150133153792964,9
1785529393.6168144,13288,1.505452241205265,1.5214479995169785,9
1785529393.6193957,13287,1.5067266464501456,1.5292007090715822,9
1785529393.655847,13290,1.5139572431277764,1.5304120419363958,9
1785529393.6949534,13291,1.5026202929892032,1.5317314306028784,6
1785529393.6960917,13256,1.5067706273151409,1.5396618001539786,7
1785529393.6961265,13296,1.5081051460808526,1.5423240724034555,7
1785529393.696231,13297,1.5284447702541542,1.5505582629722976,7
1785529393.6962664,13300,1.531676634468079,1.548476271913877,7
1785529393.699994,13299,1.5283725145131357,1.5419166351460207,7
1785529393.700111,13301,1.5265161314126434,1.541144604740884,8
1785529393.7001872,13302,1.5192997427159511,1.5382460434468768,8
1785529393.7002344,13303,1.5142487271602958,1.5432725236964484,8
1785529393.700256,13308,1.5124387033157614,1.5387243609070922,8
1785529393.7002997,13309,1.4999708148394295,1.5336489707431735,8
1785529393.7003217,13304,1.4979738605580566,1.5288753551601686,8
1785529393.7003596,13311,1.4972966652171582,1.5271846613155193,8
1785529393.7028377,13316,1.5015251998178774,1.5372575772272254,8
1785529393.707349,13315,1.4992092803076988,1.5395585387208663,8
1785529393.7153254,13317,1.499809732256911,1.5401571987368134,9
1785529393.7499344,13319,1.5009561546780916,1.5461116118936586,10
1785529393.7531774,13320,1.5015304689007465,1.5497340082751763,10
1785529393.753223,13321,1.4917128809088092,1.5482393058200568,10
1785529393.7533684,13322,1.4945260127026132,1.5506947491673668,11
1785529393.7567472,13323,1.4945127216127032,1.5520235725301246,11
1785529393.7586036,13329,1.4969679223456118,1.5541656637024344,11
1785529393.758713,13330,1.5024872906217146,1.5542158369541328,12
1785529393.7587423,13331,1.5023973540309217,1.5508522196878147,12
1785529393.7689655,13332,1.502438867770452,1.5434319514188606,12
1785529393.7690516,13333,1.5089699830178274,1.5434851018494424,12
1785529393.77024,13334,1.5032637058138147,1.5377752273259013,12
1785529393.7930453,13336,1.501161867665996,1.5398771580614838,12
1785529393.8207476,13337,1.4970428674053318,1.5398434297096983,12
1785529393.821503,13338,1.5033204472578543,1.5398855721693752,12
1785529393.8215263,13342,1.4996495097799878,1.5398650842234374,12
1785529393.821569,13343,1.4995799425501757,1.5356217556190777,12
1785529393.8215866,13344,1.4995251394680273,1.5408385460807947,12
1785529393.8216276,13346,1.497578438674719,1.5388908253073166,12
1785529393.8216448,13347,1.497548925053938,1.5412798524758446,12
1785529393.8216648,13348,1.4953412201480958,1.5434888712208419,12
1785529393.8217149,13349,1.504126014832277,1.543505738763283,12
1785529393.8333962,13350,1.4978564487788246,1.5434796663804426,12
1785529393.8335476,13351,1.5013710662603448,1.5399628084505468,12
1785529393.834639,13353,1.5022597161637992,1.540851723139657,12
1785529393.8361325,13354,1.503424118528124,1.5408595013984674,12
1785529393.8391411,13355,1.5035514299862724,1.546790798850494,12
1785529393.886922,13356,1.5035663431331265,1.544671910717912,12
1785529393.8889544,13357,1.5026959176741692,1.544665073649343,12
1785529393.8891187,13358,1.508846192007405,1.5508200127493024,12
1785529393.8892167,13359,1.5088869247082357,1.544033490418901,12
1785529393.889297,13361,1.5039556674183416,1.543971487518362,12
1785529393.8893347,13363,1.5052680316550755,1.5426578527742285,12
1785529393.8893943,13365,1.50865762267506,1.5460493670182909,12
1785529393.889572,13367,1.5086891322994833,1.5472912999227353,12
1785529393.8896208,13368,1.5086806749653683,1.5486136989858938,12
1785529393.890369,13370,1.510196782990198,1.5501311104015547,12
1785529393.8996656,13372,1.5136105679054905,1.5467150803368823,12
1785529393.909738,13371,1.5134568536327782,1.5477072808567764,11
1785529393.91002,13373,1.5151625159366893,1.5477324615579457,11
1785529393.914583,13375,1.5045819518306849,1.5598626498998651,11
1785529393.924589,13380,1.504629748075607,1.551485390547999,11
1785529393.933408,13381,1.5089717306694934,1.5515256699281967,11
1785529393.9337273,13382,1.5019153488358632,1.5434619145724642,11
1785529393.967087,13383,1.50191312584819,1.5439663524308753,11
1785529393.9901035,13384,1.4997274199328536,1.5464695098879773,11
1785529393.9904833,13392,1.4996789460574467,1.5543520177000925,11
1785529393.9905992,13394,1.507703131035259,1.5635256915741376,11
1785529393.9906526,13396,1.5102413045342276,1.5606162294793235,11
1785529393.9907112,13398,1.5090296053917347,1.5606091659877013,11
1785529393.9976332,13401,1.5004685868888432,1.5508225449143402,11
1785529393.9977007,13402,1.4990306453820639,1.5508097722938798,11
1785529393.9994378,13403,1.4990288890489964,1.550708751031199,11
1785529394.0028772,13404,1.4989814755253823,1.5560659015530598,11
1785529394.0107634,13406,1.494977980516621,1.551491641898275,11
1785529394.0146003,13408,1.4939249201582572,1.5526964313409979,11
1785529394.0216033,13409,1.490958070194863,1.5526859276562153,11
1785529394.0239444,13412,1.4909544954892646,1.5524854945591158,12
1785529394.0704467,13411,1.5051405512685447,1.5382891331166615,12
1785529394.072882,13413,1.5088617062284009,1.5420120242710988,12
1785529394.0733254,13414,1.5089513334411881,1.5420123041008664,12
1785529394.0733552,13415,1.5088442215443918,1.5343867019338215,12
1785529394.0734038,13416,1.5088793965363092,1.5309492007502705,12
1785529394.073535,13417,1.5066053597911047,1.5309513544011808,12
1785529394.0735617,13418,1.5038600295949518,1.5282052593609017,12
1785529394.0736096,13419,1.503871911790686,1.5264395838551035,12
1785529394.0736504,13421,1.5077948560234296,1.5264601079627502,12
1785529394.0737057,13423,1.4998727457615546,1.534384686491285,12
1785529394.099294,13425,1.5035101911543616,1.538023971263776,12
1785529394.099411,13427,1.503652091941389,1.5454600858616554,12
1785529394.0994568,13428,1.5036765059374544,1.542281638691961,12
1785529394.0997217,13429,1.5043734383140634,1.5422856454780565,12
1785529394.0997708,13430,1.512115766806918,1.5500332535259007,12
1785529394.099868,13432,1.5190472833227109,1.5430980774632073,12
1785529394.1011002,13433,1.5212886492000597,1.5431291235778406,12
1785529394.1045234,13436,1.5214201594857881,1.5486503191682495,12
1785529394.1063337,13434,1.5220286244015588,1.5486520911580286,12
1785529394.1080112,13435,1.524217209317727,1.5464622964217856,12
1785529394.1145515,13438,1.5282557814335032,1.5465369277420757,12
1785529394.1194432,13439,1.5282938923273837,1.5479650344475115,12
1785529394.173112,13441,1.5293372326617862,1.547966320575013,12
1785529394.2507982,13442,1.5293373575969147,1.5479663192662225,12
1785529394.2520294,13443,1.5293179458229034,1.5509424437378658,12
1785529394.2520294,13444,1.520130530558769,1.5601377302254709,12
1785529394.252083,13446,1.5234191474870868,1.5601442423307432,12
1785529394.252141,13447,1.519478139559144,1.5640899822984682,12
1785529394.252168,13448,1.5192938177913675,1.5574135876800668,12
1785529394.2522318,13452,1.5192431817802687,1.5610154268466225,12
1785529394.2522814,13453,1.5203682065311384,1.5610135425858072,12
1785529394.2532816,13455,1.5203790880011263,1.5603109269475997,12
1785529394.2534251,13457,1.5186668468290532,1.5602918467343327,12
1785529394.2534618,13459,1.5226245786965589,1.5563301431885948,12
1785529394.2535315,13460,1.5226328332690477,1.5567755242701093,12
1785529394.2535894,13465,1.5203815132441045,1.556780819846972,12
1785529394.253615,13466,1.52615424511794,1.5625594239872058,12
1785529394.2536366,13467,1.5260884926529659,1.5664167022373825,12
1785529394.2536874,13469,1.5249147237751652,1.5664026363767354,12
1785529394.25371,13472,1.5249924107493706,1.5693458915800858,12
1785529394.253758,13471,1.521299666991781,1.573044296956264,12
1785529394.253785,13473,1.5185491540256484,1.5702896239731416,12
1785529394.2538104,13474,1.5131257507407305,1.5702408747776258,12
1785529394.2538695,13475,1.5129673142403566,1.5636666829537529,12
1785529394.2539191,13476,1.5129527521418147,1.5643711799702618,12
1785529394.253962,13477,1.5058652395364063,1.5643805191417086,12
1785529394.253985,13478,1.4965595534059146,1.5550638650689104,12
1785529394.2732878,13479,1.4966505179263554,1.547805174719916,12
1785529394.3106575,13481,1.4935986072866227,1.547793666472363,12
1785529394.3141522,13483,1.501952935684705,1.5394339719830243,12
1785529394.31499,13487,1.5020820038579727,1.5458928757176602,12
1785529394.315136,13493,1.5027099760442935,1.545898026119179,12
1785529394.3180819,13495,1.4934113399437223,1.555204612709014,12
1785529394.3242953,13497,1.49109731290666,1.5528893270554471,12
1785529394.329945,13499,1.4910543676655774,1.5511257046414475,12
1785529394.3348637,13504,1.4948285115679494,1.5473484885261912,12
1785529394.379185,13505,1.4964441498581198,1.5473570275645947,12
1785529394.3824635,13506,1.4937484000318724,1.547332203365498,12
1785529394.3825858,13507,1.4946247150850553,1.5464550815019962,12
1785529394.382763,13509,1.4932887755549165,1.5451181163686305,12
1785529394.3828404,13511,1.493328312791791,1.5467944514507186,12
1785529394.3828688,13512,1.4933597762054216,1.540238351107392,12
1785529394.3829134,13514,1.4904122603814391,1.5372886739755613,12
1785529394.3829606,13515,1.4904119268278706,1.5372883387618916,12
1785529394.3829842,13516,1.4927722401365344,1.5349270439834266,12
1785529394.3830054,13517,1.4976893417237895,1.5349757487544602,12
1785529394.3950984,13518,1.4994369053853396,1.5349975796954358,12
1785529394.4165843,13519,1.500485192721861,1.5339491173287498,12
1785529394.4307413,13524,1.5004764716656127,1.5396939521569204,12
1785529394.4328601,13525,1.5087601283414773,1.539750507003482,12
1785529394.432894,13526,1.518012454589912,1.5490079525698117,12
1785529394.4329107,13528,1.518802804390008,1.5482179409414023,12
1785529394.432948,13529,1.5212269953886737,1.5482509344594058,12
1785529394.4329646,13531,1.5319286540627095,1.5375453435080635,12
1785529394.444574,13534,1.5303184034517838,1.5375167568989647,12
1785529394.4499772,13535,1.5302203626015738,1.5318914266276011,12
1785529394.4911847,13541,1.5216756437309318,1.526513118662333,11
1785529394.4913018,13539,1.5216505857992129,1.5301310323117023,11
1785529394.4913387,13546,1.5262928540068517,1.5301823607831926,11
1785529394.491395,13547,1.5263569970709132,1.5351885912459293,11
1785529394.4914472,13548,1.5263466565857193,1.5367948219324377,11
1785529394.4916887,13550,1.5252813331130306,1.535574759121903,11
1785529394.5041943,13551,1.525304484886136,1.5313575591627004,11
1785529394.5043244,13552,1.5236345496279486,1.533272047734478,11
1785529394.5061407,13556,1.5236498762240291,1.5343035473504698,12
1785529394.54368,13557,1.5243596482330948,1.5350134837534875,12
1785529394.5484374,13559,1.5243064394151624,1.5312706218833179,12
1785529394.5488062,13562,1.5160643312791098,1.5230275797306292,12
1785529394.5488887,13564,1.5151828946906962,1.5239089690540262,12
1785529394.5489388,13563,1.5151800417344028,1.5242607608192058,12
1785529394.548963,13568,1.5151969140672252,1.5256822532273304,12
1785529394.5584538,13569,1.5181226000347083,1.5286084013015455,12
1785529394.558641,13567,1.5054369310627822,1.5412987072489055,12
1785529394.5588963,13571,1.5054307419414477,1.5408559797864618,12
1785529394.606998,13573,1.5001282044281066,1.5408398305531772,11
1785529394.6071424,13574,1.5043721045616425,1.5445731380994738,11
1785529394.608178,13578,1.5063662668838818,1.544578226415563,12
1785529394.6125371,13580,1.5063217378506641,1.5420972275270333,12
1785529394.612586,13584,1.506364708943529,1.5375098152162086,12
1785529394.6127207,13585,1.5081099678805479,1.5375131053540207,12
1785529394.612757,13586,1.5088198249736813,1.5382232544292849,12
1785529394.6141484,13588,1.5076757471071325,1.5393679054781806,12
1785529394.6143558,13587,1.5076906774284755,1.5376043723599588,12
1785529394.6246314,13592,1.507648732777314,1.535033839521404,12
1785529394.6381304,13593,1.5063180708825483,1.5337026376460978,12
1785529394.6384094,13591,1.5126567912610227,1.5273620927748928,12
1785529394.659922,13596,1.5126160366980184,1.5329955959689816,12
1785529394.6868405,13597,1.5147137026988695,1.5329891629539567,12
1785529394.6869001,13599,1.5146648465415302,1.5372997008124418,12
1785529394.6869173,13598,1.5147532068092648,1.5373880958824453,12
1785529394.6869338,13604,1.5147575519942265,1.5377434411772533,12
1785529394.6869752,13603,1.514669148395392,1.5378318587867794,12
1785529394.6869905,13607,1.5147387557200747,1.5428070683378492,12
1785529394.6870275,13608,1.5148235875479439,1.5343622146114462,12
1785529394.687488,13609,1.5135131970465896,1.5343623658196563,12
1785529394.6909049,13610,1.5185741466361242,1.5394252062283138,12
1785529394.6976268,13611,1.5176625646475663,1.5366034329993834,10
1785529394.707969,13616,1.5176576918957114,1.5363365400168516,10
1785529394.7094254,13614,1.510732298947504,1.536312231353063,10
1785529394.709477,13615,1.5044766473854538,1.5409545462946075,10
1785529394.7434795,13619,1.5042697167369,1.5319231240488962,10
1785529394.7482076,13620,1.50414208589719,1.5411043075445432,10
1785529394.7483065,13621,1.5027347857908853,1.5411050207733668,10
1785529394.7579553,13622,1.5022590023518558,1.5407511844407973,10
1785529394.758083,13623,1.5021169358612012,1.5475544077853822,10
1785529394.7581315,13630,1.503452215852653,1.5475531124607687,11
1785529394.7582116,13631,1.503530436953006,1.5518908955010289,11
1785529394.8086963,13633,1.5070205346535075,1.5518836637978826,11
1785529394.812177,13634,1.4987121542798127,1.5446429197894413,11
1785529394.8122997,13635,1.4987379016679385,1.5432275996310851,11
1785529394.812468,13637,1.5070568956416974,1.5432385065753509,12
1785529394.8125906,13644,1.5070784074577928,1.5414744425080584,12
1785529394.8130927,13645,1.5043770231490152,1.5414722772141416,12
1785529394.8131394,13646,1.5090749589220693,1.5461731760203437,12
1785529394.8250165,13647,1.5088826572381087,1.5496704690995144,11
1785529394.8251936,13652,1.5080402150084475,1.5565780355615653,11
1785529394.8469517,13651,1.5150202857632578,1.5541826635880223,10
1785529394.8746474,13653,1.5136139554242192,1.5527746842623131,11
1785529394.874687,13655,1.5137644548154523,1.551535600908368,11
1785529394.8751419,13656,1.5149898129365065,1.5435234182822524,11
1785529394.8752666,13657,1.5201673694760127,1.5427830433733762,11
1785529394.8752954,13658,1.5221198038264088,1.5447363273461034,11
1785529394.8753507,13659,1.5243979044841418,1.5292926893366512,11
1785529394.8864698,13665,1.5255577119021428,1.5304500761578033,11
1785529394.8866572,13666,1.5274247700209471,1.5302188369682328,11
1785529394.886692,13668,1.5264970538972131,1.536648989168368,11
1785529394.891557,13670,1.5252504244920226,1.5354028200780414,11
1785529394.931764,13671,1.5314604119106638,1.5429863384255251,10
1785529394.9327676,13677,1.526819680407261,1.5390951671994584,10
1785529394.9328341,13678,1.5237816127746788,1.539502543254769,10
1785529394.9328563,13680,1.5258988400214055,1.5273860135056718,10
1785529394.9328995,13682,1.5233083357208288,1.5252159007573225,10
1785529394.9443567,13683,1.5230818071515386,1.5265499242428284,10
1785529394.954542,13690,1.5261080574145558,1.5261550039250946,10
1785529394.9717088,13692,1.5238920315792537,1.5388854386361601,10
1785529394.9946675,13694,1.5242006301378332,1.539144169616758,10
1785529394.99707,13697,1.5244446922354957,1.5391115270430482,10
1785529394.997258,13701,1.531762599107844,1.545249125747452,10
1785529394.9974957,13702,1.5284768635020005,1.5456893806661576,10
1785529395.0047626,13704,1.5291475943637993,1.5419919694340092,10
1785529395.0126536,13706,1.5245063774267957,1.5381007547694638,10
1785529395.0349097,13709,1.5243587680089745,1.5343445547079746,9
1785529395.0600026,13707,1.5276890901582292,1.5349691434171682,8
1785529395.0610435,13714,1.5393129612050627,1.5304254530245596,8
1785529395.0611308,13718,1.5433282685338672,1.5345055059297066,8
1785529395.0661485,13721,1.541645132850897,1.5351592610424178,8
1785529395.0672846,13719,1.5503180358007047,1.5136283714017686,8
1785529395.0745738,13726,1.554665443546259,1.5119610674715882,8
1785529395.0921154,13730,1.5657881824640079,1.4940972903477316,6
1785529395.1188772,13733,1.551723660659349,1.5011990029591842,6
1785529395.1189914,13737,1.543945063377795,1.4931833573417177,6
1785529395.1190197,13738,1.5330147357242494,1.498689293591958,6
1785529395.1257982,13740,1.5351877261568105,1.4943956422178162,6
1785529395.157856,13742,1.5349543269330546,1.4941575939941762,6
1785529395.18146,13743,1.529293990612501,1.5053553448735983,6
1785529395.2442603,13752,1.5263004649271366,1.511294515980784,6
1785529395.246494,13753,1.5125966496235386,1.5182214198494197,7
1785529395.2465305,13756,1.5086831577188828,1.5228115649670477,8
1785529395.2465513,13754,1.5097609449288663,1.5241648390681246,8
1785529395.2466478,13758,1.5053697124076322,1.5250126024795883,9
1785529395.2467036,13760,1.5054253568369549,1.5245976185626886,10
1785529395.2467375,13765,1.5111611575500248,1.5236641981551777,10
1785529395.2468302,13766,1.510381189632449,1.5227276675154462,10
1785529395.2468812,13770,1.5105866065037312,1.5226928049414257,10
1785529395.2469697,13773,1.5137067487857157,1.5264404484577447,10
1785529395.2470515,13775,1.5135801726633706,1.5274158072619706,11
1785529395.2656758,13778,1.5096764841676211,1.523511408654453,11
1785529395.2975707,13782,1.5076325214374457,1.523799416620091,11
1785529395.3007298,13787,1.507141633085586,1.5276137188284977,11
1785529395.3008406,13789,1.4990900022795701,1.5287101633024351,11
1785529395.3020244,13790,1.5022069149992547,1.5318291618837832,11
1785529395.305026,13794,1.5040388931512427,1.5315817964841034,11
1785529395.3354156,13800,1.4946201521072027,1.533673383825391,9
1785529395.3613386,13801,1.4957792590561974,1.5335146629027796,9
1785529395.3620107,13802,1.5074251440049449,1.5412124381804284,9
1785529395.3620803,13804,1.506091194485905,1.5422028747607035,9
1785529395.3621,13803,1.507135367772979,1.5372226801722177,9
1785529395.3621204,13806,1.498163625070103,1.5384324755049066,9
1785529395.3621383,13807,1.497918417339641,1.5386144895743248,10
1785529395.3674586,13808,1.4981086459858999,1.544798290016482,10
1785529395.3684072,13812,1.4980721251259124,1.5489567888142333,10
1785529395.368499,13813,1.5036956528982055,1.5490016136348803,10
1785529395.3836036,13816,1.4974271822135268,1.5536417931111264,10
1785529395.414459,13817,1.5000820178042513,1.5536609621577502,11
1785529395.414553,13818,1.50486640138952,1.5536927957192885,11
1785529395.4146538,13819,1.5096023446842943,1.5495701200434806,11
1785529395.414685,13820,1.509340550009214,1.5380383357184537,11
1785529395.4176083,13825,1.503536344953537,1.538026014073189,11
1785529395.4185119,13827,1.5033938195075855,1.548711583462063,11
1785529395.4266744,13829,1.506589710631791,1.548721342803509,11
1785529395.430518,13832,1.5067944549163512,1.5571413548699364,11
1785529395.430571,13831,1.500428338553652,1.562682844394946,11
1785529395.4333994,13833,1.4943095367315125,1.557349882770664,11
1785529395.4474611,13835,1.4941706149350538,1.551700594181306,11
1785529395.4750147,13836,1.4942578268760665,1.545853794545528,11
1785529395.4755583,13837,1.5038456655749919,1.5458862293632039,11
1785529395.4755812,13838,1.4978520861372948,1.5406587564775929,11
1785529395.4757223,13839,1.4978985623658556,1.5368545430817393,11
1785529395.4757223,13841,1.5008737484250028,1.5368641493642612,11
1785529395.4818459,13846,1.5080077065078166,1.5369105850569942,12
1785529395.5368311,13848,1.5080258570841603,1.533295966802907,12
1785529395.5537536,13850,1.514079205440008,1.539351524826884,12
1785529395.5538177,13851,1.5140825480667657,1.5388239511184107,12
1785529395.5538645,13857,1.516753337040235,1.541495930915295,12
1785529395.5539067,13862,1.5105213641310664,1.5352612934073726,12
1785529395.5566378,13865,1.5081962952067467,1.5352370983222403,12
1785529395.5600219,13869,1.5084612818531993,1.5355022979474575,12
1785529395.5601246,13870,1.505244080922592,1.535476633281398,12
1785529395.5654418,13872,1.5050776193684388,1.5504808549705449,12
1785529395.5709028,13874,1.5004796162475253,1.5458793149513164,12
1785529395.6057038,13881,1.506079225444257,1.5439923865808867,11
1785529395.606214,13882,1.5071245215580402,1.5438462699079882,11
1785529395.6062465,13883,1.5061601340267547,1.5515773533879829,11
1785529395.6180563,13886,1.5123417168391384,1.5507924172700813,10
1785529395.618461,13888,1.5148891419861772,1.5485513844476022,11
1785529395.6220968,13889,1.5095778833342957,1.5485321299424526,11
1785529395.625098,13892,1.5094590929438276,1.5405496708549522,11
1785529395.6300185,13891,1.5056261100982324,1.5439202325757666,11
1785529395.6351328,13893,1.5126420141108157,1.5500884258141578,11
1785529395.6361947,13894,1.5089638750037302,1.5500906990553405,11
1785529395.6389494,13895,1.5088581401118983,1.5400710116219107,11
1785529395.6470156,13896,1.5090184164849165,1.5323130499649875,11
1785529395.6778233,13897,1.503440527958476,1.5323436589337092,11
1785529395.6873527,13898,1.5095630674083982,1.53771872758894,11
1785529395.6888144,13899,1.5095420399988015,1.5388644902767075,11
1785529395.6889095,13901,1.5044460098273882,1.5388748606285252,11
1785529395.6889544,13904,1.504537766935428,1.5463124949629048,11
1785529395.688977,13903,1.5058476359253878,1.5451602612633137,11
1785529395.689,13905,1.4990209542638693,1.5391609578944823,11
1785529395.6890407,13906,1.4998363542772954,1.5391596043908076,11
1785529395.6890626,13907,1.5000366622661125,1.550565331989434,11
1785529395.6891055,13908,1.500073773994484,1.54817812431939,11
1785529395.7198594,13909,1.4977990396027578,1.5481691288982289,11
1785529395.7514818,13910,1.4935584085159828,1.544437423876139,11
1785529395.7539308,13912,1.4951602893837188,1.5430297726099176,11
1785529395.753957,13911,1.4951309845838645,1.545420719359506,11
1785529395.7541263,13913,1.503092216693204,1.5454529408834679,11
1785529395.7542295,13914,1.5011512722564728,1.5454435969391627,12
1785529395.7542295,13915,1.5007998507959153,1.5457951949688102,12
1785529395.7542295,13918,1.5018763118154326,1.5458021925112448,12
1785529395.7542975,13919,1.501846647853542,1.5443864923175952,12
1785529395.7543323,13925,1.502653647675726,1.544391782819766,12
1785529395.7766118,13930,1.501398338948247,1.544383660945867,12
1785529395.8016253,13929,1.4945558346358894,1.5375373890247321,12
1785529395.8045933,13931,1.49459052880043,1.539390551591476,12
1785529395.8053737,13937,1.4935162277049907,1.5393861223043932,12
1785529395.8054698,13938,1.5015391768426105,1.5394294899361864,12
1785529395.8054936,13942,1.4996591947981674,1.539423733105617,12
1785529395.809701,13943,1.4996704516591466,1.5401309720928056,12
1785529395.8097572,13945,1.499583268948645,1.5401309676683916,12
1785529395.8103092,13946,1.4987857247420975,1.5393327582628427,12
1785529395.8168693,13947,1.49880038506147,1.5378292348360583,12
1785529395.8168693,13948,1.496158319743068,1.5404726293197502,12
1785529395.8222723,13949,1.507979619330433,1.540542725148584,12
1785529395.8671522,13952,1.5079587150801759,1.5394788797512944,12
1785529395.8698962,13951,1.5099774536938055,1.5374591461900393,12
1785529395.8699272,13953,1.512023677279399,1.5395061075906493,12
1785529395.86995,13954,1.518828449264211,1.5395936869188127,12
1785529395.8700016,13955,1.518680191179392,1.5319427960070453,12
1785529395.870293,13956,1.5186571168910479,1.535983341069312,12
1785529395.870389,13957,1.520577993454821,1.5359796741866871,12
1785529395.8704102,13958,1.521998119089546,1.5374001832545432,12
1785529395.8704526,13959,1.5220239936587827,1.5337149044732796,12
1785529395.8704937,13961,1.5084399043524295,1.5336004685644284,12
1785529395.870514,13963,1.510823070072629,1.5312165189603608,12
1785529395.8764086,13965,1.5148046322288085,1.5351993184397823,12
1785529395.8792295,13966,1.514715228634803,1.5351988988806966,12
1785529395.8825414,13967,1.5147608301075557,1.538485902860742,12
1785529395.921033,13970,1.523439039644857,1.5471683777703142,12
1785529395.9220386,13971,1.5234566777172465,1.5458526513064632,12
1785529395.9222229,13977,1.5244310815684492,1.5468275560593332,12
1785529395.9222834,13978,1.519584983693631,1.546784362652411,12
1785529395.9529123,13982,1.5086161860347813,1.535810066406528,12
1785529395.9869697,13980,1.5086516721555125,1.5321078398837893,12
1785529395.987068,13989,1.5034248968104666,1.5268795916648086,12
1785529395.9871905,13992,1.5034497841251657,1.52167029342585,12
1785529395.9872425,13994,1.5119693549598194,1.5301915113733766,12
1785529395.989588,13995,1.511903731970885,1.5378519491247329,12
1785529396.0147207,14001,1.507918804877038,1.5393635163464856,11
1785529396.0147207,14002,1.505982016829213,1.5393540548456592,11
1785529396.0386317,14004,1.504519766944972,1.5448245514814802,10
1785529396.038806,14006,1.5039013937672154,1.5443056418375452,10
1785529396.0388446,14007,1.5047892738669197,1.5393379102531395,10
1785529396.040335,14013,1.5020004724021176,1.536998931788719,10
1785529396.0404162,14014,1.5084378730441048,1.5361145770331737,10
1785529396.042844,14015,1.5096023183644902,1.5283519421469913,10
1785529396.0563824,14017,1.5081727297691099,1.5285564858446548,10
1785529396.0610824,14016,1.5077210794189246,1.5311390699796568,10
1785529396.0611458,14018,1.5034863493845034,1.527593645729383,10
1785529396.0749676,14022,1.5176956569475746,1.5176956604759717,8
1785529396.0749676,14024,1.516048516659048,1.521895440081753,9
1785529396.1137528,14023,1.5200859438525072,1.5183702374834291,10
1785529396.1141663,14025,1.5121958934334827,1.5118055869260756,10
1785529396.114776,14027,1.5111779369999863,1.5182358110032028,10
1785529396.1148057,14028,1.511750859401604,1.5148356071288644,10
1785529396.1148715,14030,1.5138322828194326,1.5165683789004323,10
1785529396.1148992,14032,1.511400796023917,1.5186912568723139,11
1785529396.1150057,14031,1.5114036907441368,1.5171943875975458,11
1785529396.1232102,14033,1.51645117959602,1.5172423249926252,12
1785529396.1244032,14035,1.511178527306865,1.52251550516806,12
1785529396.1378858,14041,1.5212662428052113,1.5225009496521908,12
1785529396.1385427,14043,1.5212603441201737,1.5235540903009264,12
1785529396.177352,14046,1.5159990018030836,1.5235722949038204,12
1785529396.1774151,14047,1.5126528714449259,1.5269188323091514,12
1785529396.177434,14052,1.5126560218512348,1.5265667851864073,12
1785529396.1774695,14053,1.5061726614134412,1.5265551990275577,12
1785529396.213496,14058,1.503194198706607,1.5265402701948683,12
1785529396.2625859,14059,1.5026670464902456,1.5221124916633477,11
1785529396.263378,14065,1.5051788812292701,1.522122822235019,11
1785529396.2634532,14067,1.505175689346451,1.5231816979956527,11
1785529396.2635007,14070,1.4997515659376845,1.5231569751241996,11
1785529396.263525,14071,1.500254505896149,1.5227179765037469,11
1785529396.2635758,14076,1.500255603531482,1.5183872669669656,11
1785529396.2636201,14077,1.4965346446199244,1.518356387419915,11
1785529396.2636385,14078,1.4979626731439477,1.5196055265880064,11
1785529396.263675,14079,1.4979649175704897,1.5233205421261238,11
1785529396.2636938,14081,1.4944963240263014,1.5233023307895444,11
1785529396.264252,14084,1.4945232708561673,1.5249788729125557,11
1785529396.2676663,14083,1.493315901382928,1.5260320818149977,11
1785529396.2761595,14086,1.4991579011418994,1.526068474277695,12
1785529396.314958,14087,1.5091283625570409,1.5423060710166212,10
1785529396.3159924,14088,1.5090604320139094,1.5542958608816508,10
1785529396.3160586,14089,1.5073257276595413,1.5542865576725005,10
1785529396.3160837,14090,1.5043545147940716,1.551312467947075,10
1785529396.3161263,14092,1.5036871395494344,1.5519800104846107,11
1785529396.316142,14091,1.503187535777346,1.5482708641434773,11
1785529396.3161817,14093,1.498673207299317,1.5475866480075675,11
1785529396.3167076,14096,1.5008936403862592,1.5606568855968224,11
1785529396.3167562,14095,1.5018561312624348,1.5596960121846963,11
1785529396.3224669,14097,1.4993544038062503,1.5571912419706173,12
1785529396.322633,14098,1.5024149350478053,1.5572250002103105,12
1785529396.322656,14099,1.5024119633384585,1.5570479847940095,12
1785529396.3283753,14100,1.5024277283934404,1.5544859912932716,12
1785529396.328525,14101,1.5031216503287506,1.5544932690281772,12
1785529396.334518,14102,1.4970425262455942,1.5484087111080558,12
1785529396.3346744,14103,1.4970088012087102,1.5538948207833154,12
1785529396.3426373,14108,1.4966752201379867,1.5395841278290285,12
1785529396.3875625,14106,1.5052208066371102,1.5396138644321449,12
1785529396.391319,14107,1.5022235950297924,1.5426128008945708,12
1785529396.392968,14110,1.4945165514206005,1.5426079136771202,12
1785529396.3931541,14111,1.4945578398897217,1.5453438481852566,12
1785529396.3932028,14113,1.4929914131607014,1.5453387391645401,12
1785529396.3932765,14114,1.4944071444093525,1.5467554549837785,12
1785529396.393332,14115,1.4944971685888027,1.5389609119287766,12
1785529396.3933573,14117,1.4967349963362624,1.5389672831309353,12
1785529396.3992438,14118,1.4930718289689497,1.538941413275413,12
1785529396.3994706,14119,1.4908758059194993,1.5411384350625292,12
1785529396.4042175,14124,1.4908803494653022,1.54051780068337,12
1785529396.4078605,14125,1.4964594084909457,1.5405589591382203,12
1785529396.4392307,14126,1.4959270594616858,1.540026226095433,12
1785529396.4586203,14128,1.4990067543998216,1.536944995426996,12
1785529396.4613607,14132,1.4993327105074727,1.5520611085393268,12
1785529396.462409,14131,1.5044974953945816,1.5468934334423208,12
1785529396.4624548,14133,1.5039629293598844,1.5463576064861921,12
1785529396.4624794,14135,1.5038359908370096,1.5407793617147532,12
1785529396.462541,14136,1.5038432180402457,1.539543005443708,12
1785529396.462562,14137,1.4950360513916148,1.5394593226337783,12
1785529396.4625793,14138,1.5041449145405206,1.5485750812004215,12
1785529396.462614,14139,1.5041612095708219,1.5450448843357343,12
1785529396.4694815,14141,1.5096321217380801,1.5451265734617257,12
1785529396.4750457,14142,1.5109385537256015,1.545139515316936,12
1785529396.4871457,14143,1.5118979747774277,1.544179726960127,12
1785529396.5085096,14148,1.5118863484379315,1.5481418696823712,12
1785529396.5085535,14149,1.5163200676179642,1.548170074018172,12
1785529396.5086553,14150,1.5054289441873216,1.5372723126023968,12
1785529396.5087001,14152,1.507701451839207,1.5349964506685212,12
1785529396.5091002,14151,1.5076932764025204,1.5384348612476642,12
1785529396.515819,14154,1.5093507145867802,1.5384452240560682,12
1785529396.5177357,14155,1.501642615547871,1.5461579760078343,12
1785529396.5215008,14156,1.5013634322431608,1.5317388332487218,12
1785529396.5276978,14161,1.5018880647930777,1.5317403496525088,12
1785529396.534514,14163,1.5019087227672407,1.5280300221708825,12
1785529396.541127,14165,1.494683304657275,1.5280060979450754,12
1785529396.5443647,14166,1.4882042716188193,1.5279626831411146,12
1785529396.569419,14167,1.498318315367255,1.5178468632934845,12
1785529396.5868347,14171,1.4983620201589123,1.521468883679317,12
1785529396.5869093,14172,1.4983624715178459,1.5186389969627647,12
1785529396.5907516,14173,1.500470498478109,1.5186532537352542,12
1785529396.5915215,14174,1.5042058669855203,1.5223890568295289,12
1785529396.5927222,14177,1.5063430156994684,1.5224070151173499,12
1785529396.594321,14181,1.511141108554199,1.5261564747258778,11
1785529396.6005654,14182,1.5170350360211977,1.5262323755336393,12
1785529396.602666,14183,1.516883754407893,1.5156536613043263,12
1785529396.6032717,14184,1.5168830115912366,1.5146865516580303,12
1785529396.610557,14185,1.5115179700641315,1.514674868629954,12
1785529396.646598,14186,1.5072417189478842,1.5103988522273222,12
1785529396.6472256,14187,1.5072549507723403,1.5185989355054952,12
1785529396.6472256,14188,1.5083980795042717,1.517455923698097,12
1785529396.6473267,14189,1.5056422140225816,1.517436643583067,12
1785529396.6474433,14191,1.5096908157638387,1.5133877500332606,12
1785529396.6474793,14193,1.5063180296365233,1.5100147375129804,12
1785529396.6475577,14195,1.5064668075038676,1.5226816844941544,12
1785529396.6475968,14196,1.506466813614347,1.5226825860251603,12
1785529396.6537752,14198,1.510120808430899,1.526337220039841,12
1785529396.6551478,14200,1.506002136516234,1.5304574293911242,12
1785529396.6592638,14199,1.50600001518937,1.5313399004493844,12
1785529396.6625004,14201,1.5102863924568701,1.5313891232486205,12
1785529396.7031462,14203,1.49995844755742,1.5417219730619733,12
1785529396.7034516,14209,1.5046627492822555,1.5417604168444952,12
1785529396.7040493,14213,1.5015272741564687,1.5417339399175067,12
1785529396.705933,14211,1.501549228722093,1.537846251758093,12
1785529396.7348337,14217,1.4977201342132125,1.5341203327843338,11
1785529396.7636106,14220,1.5043603790382172,1.5366047522016058,10
1785529396.7664912,14221,1.507740833351411,1.536621424320676,10
1785529396.7669396,14222,1.5132077708714753,1.5421166150952077,10
1785529396.767044,14223,1.5131529649813806,1.5478579478411503,10
1785529396.7671232,14230,1.5082507205480238,1.5478201254203858,10
1785529396.7672062,14231,1.5082038607441324,1.5452848007709643,10
1785529396.7672427,14232,1.5081949065824094,1.5459907396276698,10
1785529396.7715116,14234,1.5040616123039274,1.5418353005526226,10
1785529396.7749805,14236,1.5005516158223886,1.545362802638689,10
1785529396.775653,14235,1.5006549774310889,1.533038270255443,10
1785529396.796423,14237,1.511648691180469,1.53314128254779,10
1785529396.817573,14238,1.5100505171541168,1.5331328360982504,11
1785529396.8176498,14239,1.5102269066177327,1.5329308441741165,11
1785529396.8176754,14244,1.5102237660050624,1.5341416398475216,11
1785529396.8177118,14245,1.5157280007990974,1.5341602966985368,11
1785529396.8177302,14246,1.5161732766790492,1.5346694615425807,11
1785529396.8276954,14247,1.5161585861941647,1.5378899016039136,11
1785529396.8286018,14249,1.5138317900207425,1.5378625811327138,11
1785529396.8336585,14251,1.5127773846258412,1.5390704777341344,11
1785529396.8761992,14256,1.512788051936911,1.537257467974362,11
1785529396.876601,14257,1.502228163658798,1.5371997859890674,11
1785529396.876625,14258,1.5038348920861422,1.539035824793564,11
1785529396.8766687,14259,1.5038297019994105,1.541054770678128,11
1785529396.8767133,14261,1.501590244085016,1.5410308466938323,11
1785529396.876749,14264,1.5016613076532224,1.5443881739130594,12
1785529396.8767664,14263,1.5056077052179055,1.5404396156586022,12
1785529396.8799074,14265,1.5080115757671564,1.5428443867994939,12
1785529396.8800056,14266,1.5072947087508448,1.5428374522362465,12
1785529396.8800263,14267,1.5072612782638835,1.5412419879252046,12
1785529396.889629,14268,1.5072752372164293,1.5390372099610479,12
1785529396.9333541,14269,1.5098044964286208,1.5390475048269154,12
1785529396.9340706,14270,1.5178089173502123,1.5470562454974026,12
1785529396.9341395,14272,1.5184238302012645,1.5464416442446987,12
1785529396.9342093,14271,1.5183672525784293,1.551625910333288,12
1785529396.9342325,14273,1.5176482444062236,1.5516185358464305,12
1785529396.9343102,14275,1.5117552583320966,1.5575169372555637,12
1785529396.9343529,14280,1.511777658759532,1.555931650545918,12
1785529396.942052,14281,1.5077030033573553,1.5559216441445993,12
1785529396.9420867,14282,1.499432448164922,1.5476439303589566,12
1785529396.943446,14284,1.502855244937233,1.5442179906856621,12
1785529396.9434888,14283,1.5028649757329697,1.542981320566827,12
1785529396.9443257,14288,1.502907696551374,1.544928495959205,12
1785529396.967693,14287,1.5052752305942652,1.542559577508117,12
1785529396.9908392,14289,1.5059876398196206,1.543272137598596,12
1785529396.9908988,14291,1.5059838737958373,1.5430064037303777,12
1785529396.9909265,14292,1.5059559534816862,1.5462709707865958,12
1785529396.990984,14293,1.50612994169834,1.546270746110321,12
1785529396.9942396,14294,1.5048850598197896,1.5450261255145326,12
1785529396.9943368,14295,1.5049209771517362,1.5398187493373112,12
1785529397.0030367,14298,1.4996895225153546,1.5397751595515436,12
1785529397.0125837,14299,1.5019636787734019,1.5374993439490732,12
1785529397.0126734,14300,1.5020193286118713,1.5398880799905779,12
1785529397.0127003,14304,1.502024226625546,1.5365315745564923,12
1785529397.0127237,14305,1.5049921648632862,1.536561216653106,12
1785529397.0193253,14307,1.504991193590186,1.5373554659638264,12
1785529397.049747,14309,1.5038280879505737,1.5373418152003266,12
1785529397.0510192,14311,1.5033906245118067,1.53777936056488,12
1785529397.0598896,14317,1.5051356571975854,1.537794128384918,12
1785529397.0625408,14318,1.507722909268362,1.5403824993701103,12
1785529397.06263,14320,1.5084233391872799,1.5396821855208478,12
1785529397.0626702,14319,1.508428727424189,1.5380072831518483,12
1785529397.0898817,14323,1.5139198869038233,1.5319606729259279,11
1785529397.1082625,14324,1.5137194758307515,1.5221014863924447,11
1785529397.1083744,14328,1.513711975818727,1.5262363412888835,11
1785529397.1084034,14329,1.5102993562783549,1.5262274176533122,11
1785529397.1084263,14330,1.5080572952169367,1.5242682721640497,11
1785529397.1084726,14332,1.504837403830105,1.527076634754044,11
1785529397.1084898,14331,1.5048243418091174,1.5299890945151136,11
1785529397.1196482,14336,1.5048696992164405,1.532468599998566,11
1785529397.1650488,14335,1.5011425977424895,1.5357177825257928,11
1785529397.165128,14341,1.5003414057407767,1.5357134287478658,11
1785529397.1651502,14344,1.4988300795486165,1.537030678828717,11
1785529397.166288,14343,1.4988082172222912,1.5395954386298873,11
1785529397.1725264,14345,1.4986027989445103,1.5395955894645001,11
1785529397.1726642,14346,1.5022040018324836,1.5396101755391252,11
1785529397.172721,14348,1.502165432481778,1.5375751420074228,11
1785529397.1727455,14352,1.5021403557477508,1.539783697449667,11
1785529397.1728277,14353,1.507341855336634,1.5397870944342358,11
1785529397.1826756,14356,1.5137160928905864,1.534228318132142,11
1785529397.2920449,14355,1.5162712437579968,1.5366841775416227,9
1785529397.3089833,14357,1.5114397370907173,1.5358312054656296,8
1785529397.3152282,14358,1.5136117440903138,1.5366948641700018,8
1785529397.3153307,14359,1.5102620541581608,1.540026864060011,8
1785529397.31537,14360,1.5142571049410207,1.549605804132632,8
1785529397.315431,14364,1.5128691066368851,1.5460797054764632,8
1785529397.3154972,14365,1.5063301882272995,1.5434419247232243,8
1785529397.315534,14368,1.5031913101500485,1.5465550927061082,8
1785529397.3155942,14367,1.5001857758718633,1.5389698559508298,8
1785529397.3156574,14370,1.4878845826934533,1.5339428141654492,8
1785529397.3157256,14369,1.500334530090804,1.5390310399401845,8
1785529397.3157792,14376,1.4955699505083961,1.5272988259283444,8
1785529397.3158312,14377,1.4911450089807037,1.5254549179183627,8
1785529397.3158572,14378,1.491076579355709,1.5253869500515813,9
1785529397.3159175,14379,1.4906355802123914,1.5228274331984035,9
1785529397.3159797,14384,1.4917187833276042,1.528539419709308,9
1785529397.316035,14383,1.4936192938536648,1.5266494945762454,9
1785529397.3160644,14387,1.4955765556141023,1.5366740660447589,10
1785529397.3161197,14393,1.4929895543237375,1.5362727597230919,10
1785529397.316179,14396,1.4920309501951385,1.531386759620041,10
1785529397.3162427,14395,1.4943927018670764,1.529430526600561,10
1785529397.3234365,14398,1.498679632138941,1.5300977995433707,11
1785529397.3251646,14397,1.4962908945289415,1.527707807629177,12
1785529397.3287292,14399,1.4961299289212824,1.5194076436716837,12
1785529397.3436615,14404,1.4987546676972272,1.5167817654828888,12
1785529397.3442698,14405,1.4984883012269419,1.5167816051978689,12
1785529397.3446345,14408,1.498525843854453,1.519076144095144,12
1785529397.3585968,14406,1.5044977063820444,1.5191315625985382,12
1785529397.386618,14409,1.509223169639127,1.5238572268070156,12
1785529397.386618,14410,1.508867190439273,1.5238565131158817,12
1785529397.3869853,14411,1.5089314492318469,1.527488709150907,12
1785529397.3870382,14412,1.5089255849471188,1.532600640167302,12
1785529397.3871143,14413,1.5125094873094838,1.5326145899967496,12
1785529397.3871312,14414,1.519627026535534,1.5397344491079348,12
1785529397.3871639,14416,1.5199784878561426,1.5393835130756865,12
1785529397.3871818,14415,1.519999443298818,1.5353444768381002,12
1785529397.3872142,14417,1.5226821210837806,1.5353857823906794,12
1785529397.3939772,14418,1.519363913410234,1.5353778820188275,12
1785529397.4015036,14419,1.5186636794428694,1.5360779842981551,12
1785529397.4034586,14424,1.5186592529290222,1.5377470733938763,12
1785529397.4329576,14425,1.5241565000471256,1.5377543538378333,12
1785529397.4472077,14426,1.5168546205147104,1.5304503441391089,12
1785529397.4485452,14427,1.5168394069352846,1.5343173709162243,12
1785529397.4488492,14429,1.5149622549578716,1.5342962861507026,12
1785529397.4489198,14431,1.5101299787465337,1.5391304157798102,12
1785529397.4490108,14436,1.5101382608826348,1.5378971451667165,12
1785529397.4491057,14437,1.501762371806089,1.537849400118036,12
1785529397.4516585,14438,1.4999780761661492,1.536065000018706,12
1785529397.4608426,14439,1.4999822997475991,1.5296121681795798,12
1785529397.4614878,14441,1.4960554014019014,1.5295718299257763,12
1785529397.4964561,14443,1.4957898836964088,1.5298370258952882,12
1785529397.5100417,14448,1.4957899216752286,1.530099930466589,12
1785529397.5101206,14449,1.4942177192900055,1.5300811288778446,12
1785529397.5101464,14450,1.499129203275591,1.5349944967015172,12
1785529397.5102654,14451,1.4991102556196763,1.5410964739714326,12
1785529397.5108647,14456,1.4990154666502826,1.536500488121108,12
1785529397.510938,14455,1.5012094198992354,1.5343053916223064,12
1785529397.5149107,14457,1.499518843374601,1.5326139759780182,12
1785529397.520777,14459,1.4994362959287717,1.527487128475328,12
1785529397.540323,14461,1.5002244030753493,1.527491040809766,12
1785529397.5643013,14462,1.5012901848706623,1.5285570818114893,12
1785529397.564983,14464,1.4972451306383405,1.5326034497041723,12
1785529397.565026,14463,1.4972603760252399,1.5294183481086008,12
1785529397.5650523,14465,1.4979743108273376,1.5294220632223254,12
1785529397.5652747,14469,1.4935276854641006,1.5249743438280454,12
1785529397.56531,14467,1.4942301003958667,1.5242714460674975,12
1785529397.5654266,14472,1.4942303832657395,1.519046430275734,12
1785529397.5775726,14473,1.5006414678779003,1.5190960103035713,12
1785529397.5909886,14476,1.5012045203821593,1.5160930524378518,11
1785529397.614505,14474,1.5136423349668202,1.5203746179549156,10
1785529397.6188805,14478,1.511716314915898,1.5203740864820285,11
1785529397.61905,14479,1.5087930457907133,1.5229254362693825,11
1785529397.6196666,14485,1.5077884601337628,1.5229237891496492,11
1785529397.6233373,14484,1.5077720654634328,1.526097716318496,11
1785529397.6262977,14486,1.5020862927897052,1.5211308905337524,11
1785529397.633659,14490,1.5018852501631874,1.5211309613304256,11
1785529397.6599524,14492,1.5018888505131633,1.5215726714311129,11
1785529397.6806247,14496,1.5018708322675558,1.5247528976953486,11
1785529397.680727,14497,1.4957459366935753,1.524735349715186,11
1785529397.6807556,14500,1.4986719247732543,1.5221815291576526,11
1785529397.6808152,14499,1.4986553916214542,1.5250998103461648,11
1785529397.6808653,14501,1.4993700464369053,1.5251014584534908,11
1785529397.6809688,14502,1.492944463256432,1.525072415828037,11
1785529397.6811807,14503,1.4962709644420684,1.5221694335099376,11
1785529397.6842837,14508,1.4962641068725198,1.5238509200975714,11
1785529397.6882954,14509,1.5057046370406728,1.5238742418289162,11
1785529397.690848,14510,1.5147364962469005,1.5317602547908986,11
1785529397.6947381,14511,1.5147047921427919,1.534751142132932,11
1785529397.7034528,14516,1.5148113747373333,1.5409702349520458,11
1785529397.7119257,14514,1.5253118574843831,1.5409316596895872,11
1785529397.712006,14515,1.5277422693096603,1.5388128025138341,11
1785529397.7198997,14518,1.5213201097551756,1.5387669885834299,12
1785529397.7491984,14519,1.5213167135948464,1.5384998930024871,12
1785529397.751876,14521,1.5132042052160903,1.538552218200474,12
1785529397.7519157,14522,1.5096664458535765,1.5350130252871084,12
1785529397.754059,14525,1.5162824008182807,1.535053951481956,12
1785529397.7541268,14529,1.5207140124342304,1.5394870459786303,12
1785529397.7548392,14530,1.5294890549878457,1.5395969726463095,12
1785529397.7606568,14531,1.529738533298563,1.550757544782587,12
1785529397.7653084,14532,1.5297501077155307,1.5491831897976136,12
1785529397.7776687,14533,1.532270503708218,1.5491800148375228,12
1785529397.8068397,14534,1.5285261711621356,1.5454338344920646,12
1785529397.813757,14536,1.5244975459093602,1.5494639010441715,12
1785529397.8138893,14537,1.5204552463979486,1.5494006429265728,12
1785529397.8139622,14538,1.5183694410292292,1.5493974593739186,12
1785529397.8139827,14542,1.5135193254212533,1.5493346400430743,12
1785529397.8140275,14543,1.5132733714541138,1.5364564360842847,12
1785529397.8140547,14544,1.5132806439279378,1.535664235676435,12
1785529397.8148742,14546,1.51531929761503,1.5377036562923887,12
1785529397.8163319,14547,1.5153638988080058,1.5318992553661255,12
1785529397.8242073,14549,1.5174182444378856,1.5319210813709678,12
1785529397.8283203,14550,1.5096369160358956,1.531902304590626,12
1785529397.83165,14551,1.5019248045649722,1.5396170710639532,12
1785529397.8317933,14548,1.5030633784404603,1.5384779260783874,12
1785529397.835179,14553,1.5014594897532108,1.536873122417112,12
1785529397.835179,14554,1.500475375073354,1.5368645740233668,12
1785529397.848213,14555,1.5006539395575489,1.5446471608905825,12
1785529397.8769841,14556,1.5006425555487215,1.5469461099647066,12
1785529397.8770237,14557,1.5040345196826517,1.5469752583382657,12
1785529397.8770485,14558,1.500202140037446,1.5431400422596038,12
1785529397.8771029,14559,1.500211855905816,1.541106625357957,12
1785529397.8771272,14561,1.496987188085039,1.5410790773989205,12
1785529397.8771458,14563,1.4983888788959059,1.5396763946516807,12
1785529397.8771987,14565,1.5041805890243984,1.5454713974375436,12
1785529397.878377,14567,1.5041956558918281,1.5460916757337124,12
1785529397.8863778,14568,1.5042175652725307,1.5421191373306238,12
1785529397.889651,14570,1.5093035393173364,1.547208015223942,12
1785529397.9310448,14571,1.509084071225531,1.5479611864606981,11
1785529397.931201,14572,1.5077694523712863,1.5494674796291361,11
1785529397.931253,14577,1.5066113606346292,1.5481434922329829,11
1785529397.931296,14578,1.5097536339019144,1.5481804056608597,11
1785529397.9313786,14581,1.503668023578282,1.548132458961124,11
1785529397.934001,14582,1.507243782570641,1.552218950149907,11
1785529397.9367166,14583,1.5072611506623292,1.547377696027889,11
1785529397.9631479,14585,1.5096847132649198,1.5474179369284493,11
1785529397.991344,14589,1.507176279566714,1.5445516062638271,11
1785529397.991399,14590,1.5056514038175144,1.54452689893558,11
1785529397.9914312,14591,1.5058749475761868,1.5527344281193054,11
1785529397.9923527,14594,1.4978816686316947,1.543610810983115,11
1785529397.9924045,14598,1.5019732817914888,1.5436716532377026,11
1785529398.0057466,14603,1.5018282133170817,1.537400540795792,11
1785529398.0374775,14606,1.5007553512401024,1.5361749736850352,11
1785529398.0537014,14610,1.4976121661252035,1.536135403813163,11
1785529398.0614274,14615,1.4975029368125623,1.5306843879439185,11
1785529398.0622864,14618,1.4993785441123004,1.5328251151741026,11
1785529398.0666144,14622,1.5025254150777325,1.5328558637960925,11
1785529398.0940974,14627,1.5068784043423615,1.5258402959880553,9
1785529398.1139522,14630,1.508388807043405,1.5280969243769476,9
1785529398.1141615,14634,1.5182700259946305,1.5261256185775258,9
1785529398.114396,14635,1.5130837669779749,1.5330481285839372,10
1785529398.1186361,14638,1.517372696472274,1.53309624224508,10
1785529398.1192427,14639,1.5173737570962988,1.5332147920368058,10
1785529398.1312318,14642,1.5174615115746393,1.5271728973239707,9
1785529398.1357422,14643,1.5253054142988627,1.5251448363996756,8
1785529398.1357422,14644,1.5220628993988192,1.5289384420712986,9
1785529398.1474004,14645,1.5127062514931144,1.528872691241248,9
1785529398.176849,14648,1.5127637486041858,1.5351550625950328,10
1785529398.177723,14647,1.5144764134688287,1.5334385102887158,10
1785529398.177781,14649,1.5115575239124288,1.5305135547046989,10
1785529398.1778035,14650,1.5107436374630259,1.5305107310666175,10
1785529398.177825,14651,1.5108095122731933,1.5362842893172965,10
1785529398.177868,14652,1.5108593640718273,1.5307243101217605,11
1785529398.1779075,14653,1.5041067589275992,1.5307014333563715,12
1785529398.1779277,14654,1.502860426654438,1.5294550702034064,12
1785529398.1924186,14656,1.5003156582173574,1.5320005135320849,12
1785529398.2480083,14655,1.500286595431084,1.537392543417955,12
1785529398.296402,14657,1.503418014578058,1.5374127555887702,12
1785529398.2986128,14658,1.5009747136005163,1.53739814828955,12
1785529398.29877,14659,1.5040454728038997,1.5343259490657093,12
1785529398.2988107,14664,1.504043235715508,1.5348554697101224,12
1785529398.298874,14665,1.5022963742061632,1.5348447142877153,12
1785529398.2989023,14666,1.5068369175709573,1.5393874071219142,12
1785529398.29896,14667,1.5068527310940716,1.5359479821109467,12
1785529398.2989879,14670,1.499169590820012,1.5358788345378798,12
1785529398.2990403,14671,1.4985570276592186,1.536490672241588,12
1785529398.299066,14675,1.4985758379811427,1.5372861557735453,12
1785529398.299126,14676,1.4985700924008682,1.5403816955929137,12
1785529398.2991529,14678,1.4978557024025996,1.5396672707912595,12
1785529398.2993524,14679,1.497857511032572,1.53887103696759,12
1785529398.2993524,14680,1.4996057203038249,1.5371218908204562,12
1785529398.2994964,14681,1.5037211411145013,1.5371711460200785,12
1785529398.2995677,14683,1.5024123119577257,1.538481212186956,12
1785529398.2996163,14685,1.5069732180384197,1.5430449912123991,12
1785529398.29966,14687,1.5070289924843774,1.545084326764956,12
1785529398.2996893,14688,1.5070113001217311,1.5496709841120901,12
1785529398.2997344,14690,1.5076366831565449,1.5502974580069857,12
1785529398.2997572,14692,1.5060642541639866,1.5518713939268778,12
1785529398.299805,14691,1.5060584010611238,1.5527539201356577,12
1785529398.306323,14696,1.50598991127375,1.5502726402203564,12
1785529398.3106198,14695,1.5011799958835776,1.555086733691717,12
1785529398.3145938,14697,1.5011794938946637,1.5550872406584384,12
1785529398.3573418,14698,1.4964113147711238,1.5550441195192775,12
1785529398.35738,14699,1.496371120275696,1.5535423493272416,12
1785529398.3574462,14700,1.4964309227605075,1.5445139151821223,12
1785529398.357469,14701,1.5048747270490068,1.544592825684878,12
1785529398.3574886,14702,1.507636794278944,1.5473562301120118,12
1785529398.3575206,14704,1.504044135481716,1.5509521224430785,12
1785529398.35756,14703,1.504067862581034,1.5478621850029353,12
1785529398.3575807,14705,1.5052348133419098,1.547874702998338,12
1785529398.362917,14706,1.5021919015401375,1.5478476440324225,12
1785529398.3629894,14707,1.5008804215121978,1.5491598026941278,12
1785529398.364322,14712,1.500890051027019,1.547215590113607,12
1785529398.368375,14713,1.4970635909902197,1.5471679479939184,12
1785529398.377013,14715,1.497047748764403,1.5507962046846848,12
1785529398.4159017,14719,1.5085778954829663,1.5392587164938627,12
1785529398.416452,14724,1.5085764742406782,1.5405794059217182,12
1785529398.416525,14725,1.505264145658281,1.5405492662650786,12
1785529398.4165478,14728,1.5068350625031195,1.5389770462699763,12
1785529398.43517,14731,1.5013356760946663,1.5444796020360971,12
1785529398.490727,14736,1.5013028659764966,1.5510197647150115,12
1785529398.4910326,14737,1.5093797329303176,1.5510744161052994,12
1785529398.4912899,14740,1.5106083587349912,1.5498452017346604,12
1785529398.4913526,14739,1.510598780132453,1.5508142539450378,12
1785529398.4913738,14742,1.5153758056548323,1.5508212662627563,12
1785529398.4914153,14743,1.5217940901380345,1.5443989868849217,12
1785529398.491435,14748,1.521760500937946,1.5474705933123687,12
1785529398.4914725,14749,1.518977776761673,1.5474776294994803,12
1785529398.4915369,14750,1.5085874894872418,1.5370818962005117,12
1785529398.4964898,14751,1.5085710090093432,1.5391090832717504,12
1785529398.4964898,14752,1.5117383600443666,1.535940391727839,12
1785529398.524751,14756,1.5103932171201384,1.5328474797039602,11
1785529398.5488138,14754,1.508045505007052,1.5325079490025466,11
1785529398.5534368,14755,1.4988972258932176,1.5416607512902396,11
1785529398.554264,14759,1.4980046555171584,1.5360762213166907,11
1785529398.5544422,14761,1.4895341234123822,1.5348068347924109,11
1785529398.5544736,14762,1.4940440898528207,1.539318980292858,11
1785529398.5544736,14764,1.4970322091065897,1.5363297746606248,11
1785529398.5557096,14766,1.4981546973597841,1.5364977758532705,11
1785529398.5557096,14767,1.4977151840510163,1.5369375689640719,11
1785529398.5703819,14768,1.4852974667666397,1.5378645201186256,9
1785529398.5705066,14772,1.4842122417293862,1.5321222275847406,9
1785529398.5710773,14773,1.493379750828776,1.533481427043655,9
1785529398.5714312,14774,1.4970885475410398,1.536244950508147,9
1785529398.591847,14777,1.5007943024485675,1.5367884722171494,10
1785529398.6158304,14778,1.4977961228679761,1.5363444791170948,10
1785529398.615953,14779,1.5011048979755748,1.5336022107020646,10
1785529398.6159883,14784,1.5012711034804334,1.5346366894913743,10
1785529398.6160476,14785,1.501630436169307,1.5346879606154713,10
1785529398.6160777,14786,1.501769566275765,1.5348107267064592,10
1785529398.6214168,14787,1.5007113955397784,1.528291681208057,10
1785529398.6357458,14791,1.5023618403851515,1.526922767187152,10
1785529398.6723344,14796,1.5018443371964474,1.5238162867495066,10
1785529398.675643,14797,1.5028074350616767,1.5239609292989995,10
1785529398.6757483,14800,1.4937322981732262,1.531483859773506,10
1785529398.675852,14799,1.4944721740837699,1.5360489360968437,10
1785529398.6758864,14802,1.4997508599163247,1.5368364752057828,10
1785529398.6763973,14803,1.4945756904402039,1.5411244872284469,10
1785529398.6834826,14808,1.494883092857778,1.5430929744065842,10
1785529398.6958342,14809,1.4902121394018968,1.542395356078105,10
1785529398.6959248,14811,1.4894877702457343,1.537827236139085,10
1785529398.7214599,14815,1.4819375734484515,1.5440788471893536,10
1785529398.7615523,14821,1.4863834143360453,1.546045351884126,9
1785529398.7616978,14823,1.4881359804626713,1.557109604640927,9
1785529398.7735624,14832,1.4887773877718453,1.5611313454578701,8
1785529398.7761161,14833,1.49686334995932,1.5628539447774559,8
1785529398.7762117,14834,1.5019354839468586,1.5687341561080914,8
1785529398.7763484,14835,1.5003851796619894,1.5590659916718312,8
1785529398.8076017,14838,1.5017897152991244,1.5593591645712532,7
1785529398.8369522,14839,1.5174341932179514,1.543923931008699,7
1785529398.8376026,14843,1.5168937366898767,1.5415178386896573,8
1785529398.8380582,14848,1.5264609330443661,1.5339474440368774,8
1785529398.8381627,14849,1.533028198060873,1.5351439746553692,9
1785529398.839054,14852,1.5338291879950887,1.5394249776019453,10
1785529398.8391886,14851,1.52906852774094,1.5433665726004857,10
1785529398.8539438,14855,1.5303822011985904,1.5501948801667973,10
1785529398.8678029,14861,1.5241913599576513,1.549225498330407,10
1785529398.8914459,14864,1.5245959301644223,1.5513228905344743,10
1785529398.8915699,14863,1.5284259088563634,1.5481549574866569,10
1785529398.8916132,14867,1.5288534177645583,1.550360874952477,10
1785529398.9088812,14872,1.5269912146953133,1.5519008252754267,10
1785529398.909191,14873,1.516221332848999,1.5502451864256026,10
1785529398.9340048,14875,1.5210966487618758,1.5462085167956576,10
1785529398.961228,14876,1.5197730675651944,1.539098783061785,10
1785529398.9625108,14884,1.522471931797154,1.536860884463432,10
1785529398.9625523,14883,1.5222489534467953,1.535424790778944,10
1785529398.9625845,14887,1.5139456836850955,1.5423091295484808,10
1785529398.9631634,14888,1.5146839490133663,1.5462739775593881,10
1785529398.977287,14893,1.502810129436963,1.5408717810943116,8
1785529398.9777093,14896,1.4978312637258964,1.5458055457820308,8
1785529398.9778674,14895,1.500941769889352,1.5538402529007092,8
1785529398.9933116,14897,1.517047950316186,1.5603201954764145,8
1785529399.0312877,14899,1.5136614144644756,1.5643245593565906,7
1785529399.0314112,14900,1.5116093904989545,1.5603823829268075,7
1785529399.0314405,14905,1.5225862553187561,1.5647115655788901,7
1785529399.0314815,14906,1.519790149998372,1.5623178564961304,8
1785529399.0315003,14907,1.5185813889684072,1.5554535246201369,8
1785529399.031545,14912,1.5172274577428058,1.5493091591336026,8
1785529399.0315654,14911,1.5251524002868302,1.542983015481075,8
1785529399.0551183,14913,1.5255819306158747,1.5433503475556565,9
1785529399.0898325,14915,1.5255107299831303,1.5387762351128906,9
1785529399.0898871,14921,1.5212138813523213,1.5387538770970226,9
1785529399.0899503,14922,1.511446492631891,1.5388048334937066,10
1785529399.0899754,14923,1.5062809006739166,1.5439482991272733,10
1785529399.0900166,14925,1.5015126682452034,1.5391981569547257,10
1785529399.0900645,14927,1.501445132250243,1.5336391126656,10
1785529399.0900857,14928,1.5014569182241186,1.532618809882734,11
1785529399.091309,14929,1.495744919171168,1.532606358056406,11
1785529399.099169,14930,1.4896543294603162,1.5272891309461294,11
1785529399.0993812,14932,1.4882391326364575,1.528524003344238,11
1785529399.1016524,14931,1.4881828834937403,1.533760094841586,11
1785529399.1073444,14933,1.4935109249902945,1.5337517737334703,11
1785529399.10764,14934,1.4992213486961674,1.5337658674955468,11
1785529399.11113,14935,1.503067534179839,1.5304100365574054,11
1785529399.1400356,14939,1.5031463191723045,1.5357198945046306,11
1785529399.1526916,14941,1.5021450018016185,1.5357177831307727,11
1785529399.1535602,14942,1.5000107389423372,1.5338549412363092,11
1785529399.153631,14946,1.498608208489928,1.5338503706688646,11
1785529399.153631,14948,1.4986435150630446,1.5358828720857958,11
1785529399.1563282,14949,1.5037320250904884,1.540323975561572,11
1785529399.1599193,14951,1.5037293735376913,1.5401470206773937,11
1785529399.1969137,14954,1.510348675422606,1.5459230568172269,11
1785529399.3104372,14958,1.4918581551542833,1.5527170006260094,7
1785529399.3137672,14960,1.4668677072041236,1.587977719259741,6
1785529399.3138232,14965,1.4710151787522416,1.5858306672139417,6
1785529399.3138704,14972,1.4896976049961306,1.5490830133537785,6
1785529399.3139133,14970,1.5064506236009747,1.5405750200071469,6
1785529399.3139343,14975,1.5014382364741679,1.5505410752266586,6
1785529399.3139737,14977,1.493759505504195,1.554451472144755,6
1785529399.3140173,14978,1.4900511156715217,1.5508516257717695,6
1785529399.314056,14980,1.4956477886599817,1.5453019252343974,7
1785529399.3140762,14979,1.4960317512602945,1.543565851998804,8
1785529399.3140998,14981,1.4943865905184162,1.5438445325249595,9
1785529399.3141382,14982,1.4984690721584335,1.5431608244034292,9
1785529399.3142307,14983,1.4994034471115867,1.5422296083280005,10
1785529399.314258,14985,1.4978852961361404,1.540716441012105,10
1785529399.3142753,14986,1.5077401882903945,1.5407280781196941,11
1785529399.3143198,14987,1.5077203725527537,1.5392096556002572,11
1785529399.3143551,14988,1.5077471832715699,1.5362730531648336,12
1785529399.314391,14989,1.5048662821181211,1.536266242520786,12
1785529399.3144107,14990,1.5109935625506419,1.5423966236081779,12
1785529399.314445,14991,1.511013921631597,1.5400186030898448,12
1785529399.3144646,14993,1.5168345690700453,1.5400836351584508,12
1785529399.3144813,14995,1.5177996663599425,1.5391184748307387,12
1785529399.3246,14997,1.5169984070901659,1.5383167833424483,12
1785529399.3298414,14999,1.516998360300096,1.5383167364926487,12
1785529399.363768,15005,1.5163718410981155,1.5383086388496165,12
1785529399.3894348,15006,1.5136674414092255,1.5383012422615454,12
1785529399.3895025,15009,1.514647347517996,1.5392817637962481,12
1785529399.3895268,15010,1.5116929927976184,1.539245991392214,12
1785529399.3895469,15012,1.5116771387280796,1.541623560533393,12
1785529399.3895812,15014,1.4953087157316247,1.525249239915722,12
1785529399.3901317,15015,1.4953068187018244,1.5258682084992383,12
1785529399.394539,15021,1.4933497712708494,1.5239108051521169,12
1785529399.3961754,15022,1.4945077747676223,1.5239161814345143,12
1785529399.4085195,15024,1.4945084547968532,1.523119205840617,12
1785529399.4102569,15026,1.5079480183940066,1.5365627139744584,12
1785529399.435399,15027,1.5079356421583092,1.5387675644457948,12
1785529399.457689,15034,1.503639183547997,1.5387353571378553,12
1785529399.4578333,15038,1.5045270887100912,1.5396238163800617,12
1785529399.46735,15039,1.5045670871634413,1.5330921671811506,12
1785529399.46735,15041,1.5028694801749611,1.5330781427917877,12
1785529399.4766688,15046,1.504209615134636,1.533088795730021,12
1785529399.4768157,15047,1.5041729338926986,1.530963996549893,12
1785529399.4846034,15048,1.504180226778331,1.5287571162242333,12
1785529399.5093985,15050,1.50551517479928,1.5300923278600624,12
1785529399.5269248,15052,1.5098830021861094,1.5412539560357204,9
1785529399.5298612,15051,1.5077549342665464,1.5537071218101506,9
1785529399.5301552,15055,1.5143386535206793,1.54707981361746,10
1785529399.5302346,15056,1.5143143306080236,1.545934335740494,11
1785529399.5302525,15061,1.5096216829989242,1.545931791434534,12
1785529399.53119,15062,1.5068674678710028,1.5431759633755773,12
1785529399.5342867,15063,1.5068918204600485,1.540088792008585,12
1785529399.5406508,15065,1.5089514152904264,1.5401081001913663,12
1785529399.5589223,15066,1.5133107079544874,1.5401195670344348,12
1785529399.559017,15067,1.5132224737370408,1.5402079866630547,12
1785529399.5640304,15072,1.5131965307768274,1.5432000329953133,12
1785529399.5697055,15073,1.5151996012282563,1.54319900988552,12
1785529399.586946,15074,1.508457116430607,1.5364532480610162,12
1785529399.6151872,15076,1.5172554078618363,1.526587864941493,11
1785529399.6166322,15078,1.5118337654222676,1.5258094740291996,11
1785529399.6235983,15089,1.5032918352807088,1.5245250166553803,11
1785529399.6336136,15087,1.5030481060734586,1.5227736150372355,11
1785529399.6337054,15088,1.496532855057857,1.5292904523135384,11
1785529399.637137,15094,1.4936152544307737,1.5288669883365853,11
1785529399.6417158,15095,1.4940676934448782,1.531756362589974,11
1785529399.664824,15098,1.4979757563601266,1.5356659191876154,11
1785529399.684021,15099,1.4972249217166274,1.5301959501118323,11
1785529399.684112,15104,1.4974553057087436,1.5316432390255437,11
1785529399.684176,15102,1.501031860670109,1.5321766256629281,11
1785529399.6842144,15103,1.4938202228945658,1.5393918325807334,11
1785529399.6842723,15107,1.4925763494409185,1.5315478495083115,11
1785529399.6958408,15108,1.493006649770186,1.5347498172850496,11
1785529399.697129,15110,1.4999728404167652,1.541719380504436,11
1785529399.697251,15112,1.5023549438058592,1.5393358876414909,11
1785529399.6972678,15111,1.5029970601609401,1.5442740717212842,11
1785529399.719561,15115,1.5071496460895655,1.540118786528172,11
1785529399.7546978,15116,1.5072304735944215,1.5406367708214985,11
1785529399.7547853,15121,1.5041796247038761,1.54020423419263,11
1785529399.7548141,15122,1.498633476818646,1.5346555046769024,11
1785529399.754866,15123,1.4992154394406476,1.5390852212391883,11
1785529399.7557042,15129,1.4973456721970382,1.5372145486470452,12
1785529399.76278,15130,1.5002979823287415,1.5372146205734665,12
1785529399.7663167,15131,1.5003477189876795,1.5406630671374646,12
1785529399.7685537,15132,1.5004035943848744,1.5348290525326278,12
1785529399.7687185,15133,1.5076532265210059,1.5348387416723863,12
1785529399.8119497,15134,1.503051068412528,1.530234988364151,12
1785529399.815012,15135,1.503056236624928,1.5296168076334062,12
1785529399.8150754,15137,1.5092143975090702,1.529645870240059,12
1785529399.8154936,15141,1.511964161376425,1.5323963271535788,12
1785529399.815543,15142,1.5122321870013855,1.5323973994806512,12
1785529399.8155694,15143,1.5122534190836114,1.5338186876109472,12
1785529399.8156676,15144,1.5122494026552111,1.5341708818700885,12
1785529399.8156936,15145,1.5078826643722214,1.5341645802581143,12
1785529399.8157194,15146,1.514280411760585,1.5405651799472806,12
1785529399.823317,15147,1.5143211430532264,1.5334393944393756,12
1785529399.8241413,15149,1.5185212748448709,1.5334977157450125,12
1785529399.826695,15152,1.5186268884584029,1.5383014661919874,12
1785529399.8303297,15151,1.5223859784006457,1.5345418247235396,12
1785529399.8577242,15154,1.5179164351179946,1.5344666402667437,12
1785529399.8788705,15155,1.5179190400144393,1.5347334247019577,12
1785529399.8792279,15160,1.5152079606102309,1.537448043573934,12
1785529399.8793306,15153,1.5136911508030753,1.5359311609442508,12
1785529399.879401,15161,1.5045690037233492,1.5358301311496303,12
1785529399.8794193,15163,1.4972830166201683,1.5431194979747969,12
1785529399.879455,15165,1.4966600195264201,1.5424967726947478,12
1785529399.8794901,15166,1.4951365723106218,1.5424889477736854,12
1785529399.8795388,15167,1.4951327483305692,1.5422241337574034,12
1785529399.901641,15170,1.4930320678611366,1.5406186497988443,11
1785529399.927108,15172,1.4922325579437827,1.5413205209644831,11
1785529399.9387581,15171,1.4922298289982423,1.5414978351708204,11
1785529399.9395623,15173,1.498349821867641,1.5415337357584538,11
1785529399.9396515,15177,1.5071623925539313,1.549290849574005,11
1785529399.9397063,15178,1.5105340777056904,1.549324427968308,11
1785529399.9397333,15179,1.5106517782578266,1.5534069213512087,11
1785529399.9397888,15180,1.5106146728026373,1.5566671344061525,11
1785529399.9398513,15182,1.5145601934328208,1.560146239265238,11
1785529399.9517648,15184,1.5163542812891821,1.5585678994644105,11
1785529399.9518602,15183,1.5163711320369948,1.5573366818750427,11
1785529399.956655,15186,1.5080776698033178,1.5572896203332736,12
1785529399.9567022,15187,1.5092120649055372,1.556152946346865,12
1785529399.9660728,15188,1.50924713616987,1.5573062229255472,12
1785529399.973922,15192,1.5092546847828399,1.5562486853001007,12
1785529400.0118551,15193,1.5071742895233655,1.5562285433064194,12
1785529400.015521,15196,1.5040344009865378,1.5593715616560742,12
1785529400.0155654,15197,1.5057455113851395,1.5593972268358576,12
1785529400.0156138,15198,1.5103349204393366,1.5594421601601716,12
1785529400.0156517,15199,1.50850222800084,1.561277680553091,12
1785529400.0156682,15205,1.5085019684619538,1.5612779414449647,12
1785529400.0156999,15206,1.5075188898958467,1.560293671665543,12
1785529400.0157168,15207,1.507509500022754,1.561351932972944,12
1785529400.0157168,15208,1.511963592468844,1.5568929034782018,12
1785529400.0259602,15212,1.5117870748318618,1.5505877666665775,12
1785529400.0278306,15211,1.514763389132794,1.5476086587713722,12
1785529400.0335052,15213,1.512890975529056,1.545734485746934,12
1785529400.054222,15215,1.5127287168219277,1.5383638516889595,12
1785529400.0542529,15216,1.5127421834604873,1.535722829109745,12
1785529400.0638657,15217,1.5078525288514135,1.5356976107433447,12
1785529400.0639856,15218,1.5078520859825923,1.5356976132307534,12
1785529400.0640097,15220,1.5041757721928073,1.539375608802692,12
1785529400.0692773,15219,1.5041562141201912,1.5432602924357093,12
1785529400.0784044,15221,1.501646414172728,1.5432385952807832,12
1785529400.078459,15223,1.503488172823697,1.5413955987402645,12
1785529400.078567,15225,1.4984140837881654,1.5363187638202302,12
1785529400.0844316,15226,1.4999342544672005,1.5363297539134266,12
1785529400.0844955,15227,1.4999975441266018,1.5393359349982558,12
1785529400.1168497,15228,1.4999940721980525,1.5396014080334977,12
1785529400.1216862,15229,1.511070756962578,1.5396570520639663,12
1785529400.1220233,15231,1.5111076115304023,1.5339323651891914,12
1785529400.1222072,15235,1.5154960524045682,1.529542429968205,12
1785529400.1254168,15240,1.515485042439879,1.532356204598588,12
1785529400.1291885,15241,1.5144360004213389,1.5323552125247972,12
1785529400.1610384,15243,1.514413850504502,1.5361380234906084,12
1785529400.1806362,15252,1.5144242781397221,1.534554608032256,12
1785529400.2229016,15255,1.5184422822991857,1.5320039979779425,11
1785529400.223022,15264,1.5184282244537137,1.53376095746099,11
1785529400.2254117,15269,1.5198536036835768,1.5337742746641592,11
1785529400.2385676,15267,1.519798401244047,1.5348599019044742,10
1785529400.238744,15274,1.5197984003949168,1.5348599179759213,10
1785529400.2850447,15278,1.53165070190298,1.5222464448398594,7
1785529400.2902277,15281,1.5366231299889703,1.5223303806795383,7
1785529400.2907443,15285,1.5283143026681845,1.511814518112628,8
1785529400.290816,15286,1.527216193010581,1.512022895837869,8
1785529400.2908459,15287,1.5266461083575222,1.515557310771041,9
1785529400.2909071,15288,1.5265230465344681,1.5162805762003448,9
1785529400.2910042,15290,1.5174361204878786,1.5071539292277085,9
1785529400.2950606,15292,1.5206094598007998,1.503973416870775,10
1785529400.2965534,15291,1.5206072784029283,1.5057826352066717,10
1785529400.3103595,15293,1.5163585986084729,1.5057577311421493,10
1785529400.311257,15294,1.5141451385014673,1.5057697469136992,11
1785529400.31139,15295,1.5114959962294272,1.5088012895347063,11
1785529400.33313,15299,1.5104562926076044,1.515805737765734,10
1785529400.3506668,15300,1.510446891001189,1.507442671812799,10
1785529400.3507333,15302,1.5217128098156112,1.5187391899644818,10
1785529400.3508408,15304,1.5123041640258297,1.5281860331182089,10
1785529400.3508646,15308,1.5123618759568425,1.5313800432100182,11
1785529400.3509166,15307,1.5003716454712972,1.5419022644505804,11
1785529400.3635383,15310,1.500574800915436,1.5419030661621402,11
1785529400.371699,15311,1.5006718769983767,1.5456193904045932,11
1785529400.3754466,15316,1.499077925372735,1.5470198348329256,11
1785529400.3832812,15309,1.5016133791500428,1.5492532561931733,11
1785529400.4317172,15317,1.5019200693113424,1.549253573694654,11
1785529400.4318798,15318,1.5032051876247954,1.5492665815595659,11
1785529400.4319623,15319,1.5171755391168158,1.5369983893014845,11
1785529400.4319932,15324,1.517183327011628,1.5357671589384172,11
1785529400.432046,15325,1.5140389077242513,1.5357558599018868,12
1785529400.4320793,15326,1.5101136134461586,1.5318295500995374,12
1785529400.4321263,15327,1.5101141594656275,1.5307720671098,12
1785529400.4321785,15329,1.5075249098637498,1.5307401367124458,12
1785529400.4338238,15333,1.5128744393527114,1.5360916766310282,12
1785529400.4345956,15334,1.511533311890304,1.5360750731806077,12
1785529400.4682348,15335,1.511359029313268,1.5258693084372459,12
1785529400.4897273,15336,1.511338621899932,1.5300078724264956,12
1785529400.489765,15337,1.5077514987761194,1.5300038984645659,12
1785529400.4897926,15338,1.503221686809877,1.525473063002764,12
1785529400.4898424,15339,1.5032050827392405,1.5290050009882863,12
1785529400.4898868,15341,1.5014204686003252,1.5289973679199216,12
1785529400.492424,15343,1.4984255394998232,1.5319932070569011,12
1785529400.498638,15344,1.4984170065473061,1.5313747220197094,12
1785529400.4988477,15351,1.4984418913377273,1.5272178714063533,12
1785529400.4988477,15352,1.5017853469457372,1.5238736054376045,12
1785529400.5163832,15356,1.5018480452214988,1.5283847522354355,12
1785529400.5190792,15355,1.4965771958130896,1.5336574552062983,12
1785529400.519169,15357,1.4939098974666063,1.5309896256597264,12
1785529400.5192437,15359,1.4938637461803046,1.527989852680814,12
1785529400.5618129,15362,1.4973276026254556,1.5314546327476268,12
1785529400.5618818,15366,1.489369855036496,1.5313862720867344,12
1785529400.561924,15370,1.4882978105469526,1.5313821026033436,12
1785529400.5619402,15371,1.4883252920615728,1.5328791943554445,12
1785529400.5823872,15373,1.4885875112462525,1.532880340182797,12
1785529400.6213384,15372,1.4885728427784726,1.5363429950261767,12
1785529400.6223698,15379,1.4884844789899627,1.5364315429569189,12
1785529400.6224577,15385,1.492500816095191,1.5364678592899201,12
1785529400.6224816,15386,1.4992518595499729,1.5432223268149547,12
1785529400.6225457,15387,1.499263662322733,1.5418960578703758,12
1785529400.6274033,15389,1.5029371048522524,1.5419201815708279,12
1785529400.639249,15391,1.5097833549331987,1.5350708009620202,12
1785529400.6491637,15396,1.5097951163962806,1.532251054002195,12
1785529400.649273,15397,1.5114561464009617,1.532257202058411,12
1785529400.658544,15399,1.5114199670976114,1.5385096403432825,12
1785529400.6912258,15398,1.5089332582206194,1.536022029086602,12
1785529400.691508,15404,1.508848644213827,1.5304357545481,12
1785529400.6915405,15403,1.5067344157060516,1.5325505808455298,12
1785529400.6915603,15405,1.5034540129433842,1.5292692076874665,12
1785529400.6916022,15407,1.503538131392407,1.5349337833924803,12
1785529400.6916215,15408,1.5035422589766048,1.5345807253802437,12
1785529400.6921978,15409,1.4985613653151995,1.53455212159612,12
1785529400.7059155,15410,1.494765271978531,1.536569061764333,11
1785529400.70606,15412,1.4975833095235356,1.5337497871651775,12
1785529400.7060914,15411,1.497588409385683,1.5333072689176732,12
1785529400.7061336,15413,1.5024996499781929,1.533346229410667,12
1785529400.7169244,15414,1.5052964832348714,1.5333655065702525,12
1785529400.732803,15415,1.5119615678661582,1.52669874346624,12
1785529400.750699,15419,1.511987659797991,1.5282071994359354,12
1785529400.753749,15420,1.5119888664302228,1.526270499319854,12
1785529400.753872,15422,1.5113647452089816,1.5256461132404828,12
1785529400.753929,15423,1.5113336327019193,1.516400915215697,12
1785529400.760047,15430,1.5132888564861724,1.516431565955795,12
1785529400.7601106,15431,1.513317157722771,1.5179409632122256,12
1785529400.7811847,15434,1.5090189996847696,1.5136428834545712,12
1785529400.8018165,15436,1.504046478192624,1.518614276061548,12
1785529400.8018475,15437,1.5025337525203255,1.5185939892619806,12
1785529400.8084934,15438,1.5090333128136981,1.5186564039913497,12
1785529400.8087773,15440,1.5090614057538447,1.520252377517065,12
1785529400.8088818,15444,1.5090680048484513,1.5221031008549875,12
1785529400.8089316,15445,1.511085768275833,1.5221166235934096,12
1785529400.821311,15446,1.5101936038533077,1.521224165253324,12
1785529400.823504,15448,1.5122942760693698,1.5191231276500894,12
1785529400.84005,15451,1.5117692791987192,1.5196481655009462,12
1785529400.8648896,15452,1.511723455520812,1.516630959304479,12
1785529400.8653696,15457,1.5141844842733767,1.5166403146571361,12
1785529400.8655148,15458,1.5202417107477213,1.5226975720416505,12
1785529400.8655446,15459,1.5202342198016785,1.5277020386356082,12
1785529400.8655713,15461,1.5175581824541227,1.5276705426292934,12
1785529400.865633,15462,1.5144934239972283,1.5276695973564087,12
1785529400.8701098,15463,1.503954911200614,1.538211498423505,12
1785529400.8775845,15467,1.5038506780835235,1.5321035183553153,12
1785529400.9002666,15468,1.5091401779678961,1.5449678570998477,11
1785529400.912887,15470,1.5131544859507258,1.548984971986496,11
1785529400.9129853,15472,1.5138601925957054,1.54827873782934,11
1785529400.9130204,15471,1.5133130922434652,1.5440749606360666,11
1785529400.9130523,15476,1.5148413434207735,1.5534375842856663,11
1785529400.9130754,15474,1.5169692672351072,1.5537432885760778,11
1785529400.9131007,15475,1.517321044815196,1.553391280920335,11
1785529400.9489038,15478,1.5112252150923806,1.5524644261067528,11
1785529400.9656265,15479,1.5106689040257224,1.5490361403753137,11
1785529400.9656725,15480,1.5096954730105425,1.5416427011708012,11
1785529400.9656906,15481,1.502771265700633,1.5406243986543504,11
1785529400.965707,15482,1.4978983550162872,1.53574937646334,11
1785529400.965724,15484,1.5016731302523463,1.5319722534405755,11
1785529400.9657376,15483,1.5027340843378496,1.539702220352921,11
1785529400.9657724,15485,1.4937445316922808,1.538391469450802,11
1785529400.9662607,15487,1.4940095699890046,1.5381262307877799,11
1785529400.966336,15489,1.490340056116355,1.5344561304506783,12
1785529400.96644,15490,1.489535563338264,1.5344573780354502,12
1785529400.9689333,15493,1.4916321435460722,1.534466672473284,12
1785529400.9745944,15494,1.483582446494682,1.526414900850964,12
1785529400.97592,15496,1.4765189991069372,1.5334795111915756,12
1785529400.9770243,15495,1.4765518839587883,1.5297379652549103,12
1785529400.9955366,15498,1.4741015876559966,1.5297110076052571,12
1785529401.013157,15499,1.476304367786656,1.5275080562744676,12
1785529401.014376,15502,1.4845989996805544,1.527491031096939,12
1785529401.016678,15503,1.484607243106746,1.528018713758738,12
1785529401.026918,15507,1.4846096937823547,1.5277521821137425,12
1785529401.0284631,15509,1.4896029652431961,1.5277649147917287,12
1785529401.0286603,15511,1.492059080000691,1.525308575077609,12
1785529401.062741,15515,1.4920931101955586,1.5273363442896148,12
1785529401.0638385,15513,1.500557695421849,1.5358038373596852,12
1785529401.0646148,15521,1.4962659043433881,1.535774441138627,12
1785529401.0662434,15524,1.4961825254985377,1.5309179375068376,12
1785529401.0692365,15523,1.5008422547689761,1.5262568077967802,12
1785529401.0887074,15525,1.4977331361195574,1.5231468117194094,12
1785529401.1117287,15526,1.4979111786436812,1.5231465975121339,12
1785529401.1122632,15528,1.49790031883809,1.5262434859801137,12
1785529401.1125436,15527,1.4979992375833897,1.5327810157180022,12
1785529401.1125948,15532,1.5069564887435534,1.5238216514738816,12
1785529401.1126156,15531,1.506927962213563,1.5309647646245717,12
1785529401.112641,15533,1.5096066091115843,1.5309837931545853,12
1785529401.1515872,15535,1.498086138429728,1.5425094553282883,12
1785529401.1517115,15536,1.4979914992140082,1.5370314705956387,12
1785529401.1517456,15541,1.498864276286357,1.5370344202705788,12
1785529401.1517906,15542,1.509850467144155,1.548027157963237,12
1785529401.16212,15545,1.5168527961330993,1.5480836545276937,12
1785529401.162295,15544,1.5153580710248937,1.5495796127328114,12
1785529401.1634042,15549,1.5149141414610612,1.5491354305409566,12
1785529401.1662147,15550,1.5130282451162367,1.549118288203306,12
1785529401.1708374,15552,1.5130457539987479,1.5476217871116158,12
1785529401.1712258,15553,1.5150456959399363,1.547620950254413,12
1785529401.1713393,15554,1.5073269104879348,1.53989753438424,12
1785529401.176316,15555,1.507338333156829,1.5385745620666555,12
1785529401.2114558,15559,1.5167695250279931,1.5325864314532438,11
1785529401.2168596,15560,1.5168671749862799,1.5381871328144454,11
1785529401.2169638,15565,1.5163704301271328,1.538190212454129,11
1785529401.216988,15567,1.5163718141753826,1.5380995680216725,11
1785529401.2328806,15569,1.5104605859698528,1.5380523099462393,11
1785529401.233855,15571,1.5115635668643468,1.537083698235985,11
1785529401.2342958,15573,1.5096445193699186,1.5353972107682838,11
1785529401.2546225,15575,1.5095950431499405,1.53238168287655,11
1785529401.283436,15576,1.509610982612169,1.5305312328257563,11
1785529401.2834997,15578,1.5144585929725123,1.5347891389625397,11
1785529401.2837877,15579,1.5144804361424578,1.5324139674442732,11
1785529401.2838752,15580,1.5094664643556956,1.5368148274989222,11
1785529401.2839112,15581,1.5126245474216944,1.5368387992068198,11
1785529401.2839878,15582,1.5121327127619302,1.5368409466084818,12
1785529401.2841296,15583,1.5087927727961754,1.5401797300034026,12
1785529401.284159,15586,1.5082553722515724,1.5401754719564131,12
1785529401.2875452,15589,1.5048553206674147,1.5401632164773125,12
1785529401.3011656,15592,1.5119674501797666,1.5330479237340298,12
1785529401.3013113,15591,1.5119482267738098,1.5363933872586155,12
1785529401.3360677,15594,1.5087182672334338,1.5363860701732526,12
1785529401.336174,15595,1.5108256059871388,1.5342777860719765,12
1785529401.3454325,15600,1.5108103785252192,1.5368320383556737,12
1785529401.3457024,15601,1.5143017566404455,1.5368342681042473,12
1785529401.3457603,15604,1.5077906440733249,1.5433486727748824,12
1785529401.345796,15603,1.5077822358981667,1.5441424274246314,12
1785529401.3541007,15606,1.5086528344055052,1.5441434029544263,12
1785529401.3922186,15607,1.5058359737360534,1.5469621776836935,12
1785529401.4028056,15612,1.5058317680389772,1.547226964869334,12
1785529401.4029403,15613,1.5030498969711554,1.5472195275539822,12
1785529401.4030178,15615,1.5030991834193452,1.5419204083191194,12
1785529401.403062,15619,1.5077525484017809,1.5372644319018247,12
1785529401.4129088,15625,1.508712711795438,1.5372675403235985,12
1785529401.413103,15626,1.5096017713238834,1.5381569598789138,12
1785529401.4183986,15628,1.5051769954727285,1.5408568185451883,11
1785529401.4246943,15632,1.5052662240310781,1.545208230394045,12
1785529401.4503214,15631,1.5003992511548394,1.5575477511186104,11
1785529401.47779,15635,1.500206354357633,1.5564076213997764,11
1785529401.4782982,15633,1.5013579919578104,1.5575604602206727,12
1785529401.4783278,15642,1.4968525038223743,1.5575253398471596,12
1785529401.48167,15644,1.4969221658553786,1.5599994713202452,12
1785529401.4986832,15649,1.4862506281447307,1.5599442449559693,10
1785529401.523917,15654,1.4883559177783547,1.5599613606221239,10
1785529401.5501637,15661,1.4935034731053198,1.5599966039425726,10
1785529401.5502336,15662,1.4832097684120935,1.552355311628862,10
1785529401.5766406,15673,1.4794619970577594,1.5523266954630681,10
