received_at,slot_id,x_m,y_m,observation_count
1785529237.163132,54353,1.4958962032494787,1.599893936584552,2
1785529237.1632955,54354,1.4823033198401239,1.5861077683509581,3
1785529237.1633387,54357,1.4741874787457856,1.5698964114385578,4
1785529237.1634076,54360,1.4743070863747285,1.5449091637303525,5
1785529237.1637242,54361,1.4717557629699705,1.544840192822603,6
1785529237.167273,54362,1.4681568159528378,1.5389394949018098,7
1785529237.1785672,54363,1.4690181628295071,1.533865126962702,8
1785529237.1785672,54364,1.4759866677224007,1.5257995956410868,8
1785529237.1900535,54368,1.4754080553100895,1.5296002748137243,9
1785529237.1901286,54366,1.476127955715824,1.529491092342762,9
1785529237.1901562,54367,1.476175237681961,1.529444061051415,10
1785529237.195142,54371,1.4762177801206642,1.5320480777615184,11
1785529237.231529,54372,1.4761539650393751,1.5387304353569393,11
1785529237.231561,54373,1.4746529579622023,1.5387159345797374,11
1785529237.231764,54374,1.4747542238554758,1.5388042499549517,11
1785529237.231805,54375,1.474725463740694,1.5411223539823855,11
1785529237.2318728,54377,1.46896940493736,1.541163836808056,11
1785529237.2333794,54378,1.4618683827657706,1.5410870339752605,11
1785529237.2334712,54379,1.4632858901793444,1.5398516130969362,11
1785529237.2413678,54384,1.4632555396757578,1.5419989989476701,11
1785529237.2466416,54385,1.4689550044257353,1.542056993180357,11
1785529237.2479782,54386,1.472402079010925,1.545061664944091,11
1785529237.2570648,54388,1.4808172665789723,1.537724689089703,11
1785529237.2910354,54387,1.4807872068269647,1.5397710127059527,11
1785529237.2952032,54392,1.4807483057754192,1.536960215196965,11
1785529237.2954803,54390,1.4861539098312038,1.5369764357118814,11
1785529237.295581,54391,1.4811735580187606,1.5413215086164944,11
1785529237.2956855,54394,1.4826958898422944,1.5413097962574591,12
1785529237.2957091,54395,1.4826336440415113,1.5352453008104732,12
1785529237.2957563,54396,1.4826814888413922,1.5318664593836366,12
1785529237.2957785,54397,1.4791839119807952,1.5318505735124563,12
1785529237.295798,54398,1.4759179351586147,1.5285841579088877,12
1785529237.2958565,54400,1.46556489059764,1.5389381678705991,12
1785529237.2959194,54399,1.4654826482077021,1.5442135887247723,12
1785529237.2973447,54401,1.4646755062086618,1.5442252020409866,12
1785529237.316405,54403,1.4640550139255137,1.544845832864703,12
1785529237.3188262,54405,1.4612352025503232,1.5420255721499612,12
1785529237.3188503,54406,1.462669154085654,1.5420036879324388,12
1785529237.3188677,54407,1.462809607704573,1.5514322468759556,12
1785529237.3435385,54409,1.4578585159530877,1.5513574077725834,12
1785529237.4092326,54410,1.462996880785607,1.5564980927303564,12
1785529237.409717,54411,1.4631120637045671,1.5478175769322444,12
1785529237.409748,54413,1.4666132788411446,1.5477973713653015,12
1785529237.4498465,54415,1.4654719013249913,1.5489393261220576,12
1785529237.453658,54417,1.4648493008089065,1.548316569869793,12
1785529237.454456,54419,1.4647059428696982,1.541239551492295,12
1785529237.454546,54421,1.479435850923019,1.5413982670339377,12
1785529237.454615,54424,1.4849220110717958,1.5359099899420563,12
1785529237.4546444,54422,1.4838629706662094,1.5348505693339918,12
1785529237.454706,54426,1.4860466253098092,1.5348578810594709,12
1785529237.4547288,54427,1.4904748233451353,1.530428325739893,12
1785529237.454785,54431,1.4904766492927242,1.5306045434999718,12
1785529237.454841,54433,1.4788417865914318,1.5305455229918536,12
1785529237.4557595,54432,1.4788474115602155,1.5298333890146518,12
1785529237.455849,54434,1.4745957694012954,1.5255814247314696,12
1785529237.4558902,54438,1.475209203894367,1.5255878430551122,12
1785529237.4559276,54440,1.4751838183691237,1.5229580879762599,12
1785529237.4559612,54444,1.4751293410487636,1.5292856821954248,12
1785529237.45598,54445,1.4745166883486287,1.5292810429994095,12
1785529237.4560206,54448,1.4745166877986133,1.5292810429959358,12
1785529237.4569528,54447,1.4744145914249878,1.5371261125637365,12
1785529237.4636471,54449,1.4677037638489612,1.5372194640186794,12
1785529237.4637964,54450,1.4663943075084822,1.5372117191705137,12
1785529237.4637964,54452,1.4663804417398543,1.5352016448750658,12
1785529237.4643128,54451,1.4622918137401404,1.539290358200805,12
1785529237.4749227,54455,1.4623393880335107,1.5443526090508342,12
1785529237.518129,54456,1.462460663613142,1.5367449727983895,12
1785529237.518228,54458,1.4622838306222241,1.5365681214230966,12
1785529237.5184503,54460,1.4627266974013597,1.5361258683856158,12
1785529237.5188744,54461,1.468025482122528,1.5360624519393384,11
1785529237.5189347,54462,1.4687264546261993,1.5360681651360164,11
1785529237.5189757,54463,1.4763334601513605,1.529431151620089,11
1785529237.5482993,54469,1.4748289502514638,1.5294212080033933,11
1785529237.5728464,54474,1.476333460218417,1.529431151273239,11
1785529237.5745673,54481,1.4857612174404011,1.529467022897605,11
1785529237.6031997,54486,1.4820504082955048,1.5294583461993918,11
1785529237.6256957,54493,1.4830533438830809,1.5294613883060826,11
1785529237.631027,54498,1.4818498129463298,1.5294576758815928,11
1785529237.6820257,54506,1.4755404537125558,1.5109962647075708,7
1785529237.686044,54468,1.477345574096337,1.5220911000695136,7
1785529237.6861598,54505,1.4725646588283527,1.5208491903924524,7
1785529237.6863372,54516,1.4718712754256125,1.51659259006224,7
1785529237.7040098,54517,1.4719940409020948,1.516624674275211,7
1785529237.746983,54518,1.4579084756778962,1.5337539247504703,4
1785529237.7477603,54520,1.4646161130459374,1.5249923082947885,5
1785529237.7478411,54519,1.4643754286727506,1.5411210628216128,6
1785529237.7478673,54521,1.4622237575410875,1.5411560416234842,7
1785529237.7481737,54523,1.4604171321524184,1.5433725119142736,8
1785529237.748242,54522,1.46537466903128,1.5444174348689534,8
1785529237.748268,54528,1.463833143890703,1.5344759814488316,8
1785529237.7483091,54533,1.4586548170278641,1.5335438857661714,8
1785529237.7483506,54531,1.4565081814012901,1.5198013549637834,8
1785529237.7584977,54538,1.4588984973996955,1.520226268275062,9
1785529237.7705643,54540,1.460665680750885,1.5331917224540763,9
1785529237.7707987,54542,1.4653982929084384,1.5394500227071475,9
1785529237.7810454,54543,1.464848388113537,1.535371933187465,9
1785529237.8228512,54549,1.46712171600344,1.5383793670248613,10
1785529237.8234365,54550,1.4681063829712353,1.5383671910304075,10
1785529237.823473,54552,1.4680915723894952,1.5401412928694773,10
1785529237.8256683,54554,1.4639324404946723,1.5346388915563782,10
1785529237.8257205,54557,1.4697438751249694,1.5345649974421782,10
1785529237.8257554,54555,1.4697296735249403,1.5366934825009828,10
1785529237.8318818,54562,1.4658826282698214,1.536739930463901,10
1785529237.8369257,54563,1.4658623243081705,1.5346130301865604,11
1785529237.8399668,54564,1.4659589506497177,1.5236156378604955,11
1785529237.8476968,54566,1.468967334793836,1.5270422158230514,11
1785529237.8773813,54567,1.4688833364190357,1.536302391066631,11
1785529237.8931851,54568,1.469591096836459,1.5354959575858047,11
1785529237.900651,54569,1.4714691216895228,1.5354738659223577,11
1785529237.9011164,54571,1.4720880472540072,1.5347683604163116,11
1785529237.9011912,54573,1.468996368222292,1.5312444713675848,11
1785529237.9012206,54575,1.469013803589042,1.5331383404009358,11
1785529237.9012675,54576,1.4689478799997466,1.5391424447085584,11
1785529237.902738,54578,1.470801676337936,1.5412557902922266,11
1785529237.9028556,54580,1.4631972035471712,1.549921635241933,11
1785529237.9028916,54579,1.4632834028631574,1.54319571238984,11
1785529237.9029467,54584,1.4632721522981476,1.5423803191725856,12
1785529237.9029744,54582,1.4556909567724665,1.5422722780522322,12
1785529237.9056537,54583,1.456144791832538,1.5389613268014717,11
1785529237.9603403,54587,1.4561663313164337,1.5400065290729898,11
1785529237.961094,54588,1.4561685721286242,1.5398271893202127,11
1785529237.9611244,54590,1.4532340198628266,1.537249077068484,11
1785529237.96117,54592,1.459446694030397,1.5318000857644618,11
1785529237.961191,54591,1.4594111591920649,1.5360996465375099,11
1785529237.9612572,54593,1.4583923225921995,1.5361085596591828,11
1785529237.9613016,54596,1.4584108826078823,1.5371545327977003,11
1785529237.9613204,54595,1.4558030484609454,1.5394433011600153,11
1785529237.9613557,54597,1.4545907356710988,1.5383781820329119,11
1785529237.9613726,54598,1.4631530605151442,1.5383159323868019,11
1785529237.96624,54599,1.4631011194082926,1.5356965676573566,11
1785529237.9664822,54600,1.4631297137010935,1.5314020713519558,11
1785529237.9686956,54602,1.466978291995425,1.5347827575915771,11
1785529237.9708242,54604,1.4648762078085191,1.5366270542256795,11
1785529237.9736094,54603,1.464897872734484,1.5328715453577826,11
1785529238.0179024,54605,1.4629636424975987,1.532878464923472,11
1785529238.0181391,54606,1.4727244282731116,1.5330172664927837,11
1785529238.0181391,54607,1.479154571590436,1.527376087053006,11
1785529238.0185997,54609,1.4783467921850357,1.5266671512535657,11
1785529238.0185997,54610,1.4722476340663702,1.5267008050397561,11
1785529238.0185997,54611,1.4722219857360277,1.5242488443395898,11
1785529238.018739,54612,1.4721934979987348,1.5271034368863483,11
1785529238.0187674,54613,1.4730666655863651,1.5271097231369402,12
1785529238.0188174,54614,1.4683038859319713,1.5223473315861662,12
1785529238.018877,54617,1.4660774144860418,1.5223771171530602,12
1785529238.030494,54618,1.461690419186672,1.5223333436400146,12
1785529238.03129,54619,1.4623100911766267,1.5217138586210657,12
1785529238.0445874,54625,1.4688039658850476,1.5217725712924852,12
1785529238.0641322,54626,1.4668663934919601,1.519835296519683,12
1785529238.1019645,54629,1.472116331544555,1.5197676120104697,12
1785529238.1092846,54627,1.472129767258333,1.518072730254707,12
1785529238.1093233,54637,1.4643974677264964,1.5179910404849961,12
1785529238.109521,54636,1.4644139021251323,1.5119998965076202,12
1785529238.1096456,54638,1.4738138668739802,1.5213976966533798,12
1785529238.1139011,54642,1.4698644619823165,1.5213451815667869,12
1785529238.1197183,54648,1.4698366598929433,1.5275048097521917,12
1785529238.134357,54649,1.46151565778145,1.5273754451141266,12
1785529238.1345162,54650,1.4604488511100857,1.5263091439636625,12
1785529238.1530278,54653,1.461162178752007,1.5263038428999365,12
1785529238.1807568,54651,1.4617556706627783,1.53211574886555,10
1785529238.1811337,54652,1.4569611786163237,1.5375764699172965,11
1785529238.1812043,54658,1.4569611398699314,1.5375765104019627,11
1785529238.1812787,54660,1.4569343919675195,1.541249856585278,11
1785529238.1813066,54661,1.4703582639710182,1.5414587692726327,11
1785529238.1813905,54662,1.468063272177147,1.5388425828904466,11
1785529238.1815205,54664,1.477184166573653,1.5284468782987524,11
1785529238.1816213,54663,1.4772404335322242,1.5221496802705194,11
1785529238.1816463,54668,1.4772783211329856,1.5273174749144667,12
1785529238.1857493,54666,1.4834962748953526,1.5273512754650393,12
1785529238.1857493,54667,1.4786247011771672,1.5322237415339808,12
1785529238.1899903,54669,1.488677039556368,1.542279884998944,12
1785529238.2075696,54670,1.489662795880443,1.5422743896016213,12
1785529238.2099934,54671,1.4897395378482101,1.5477373317722827,12
1785529238.2101192,54672,1.489787006076684,1.5445434421978579,12
1785529238.2101407,54673,1.481691186588187,1.5444848797899173,12
1785529238.2102692,54674,1.4778766306408373,1.5406686487909198,12
1785529238.2106223,54675,1.4778466051459007,1.54351837884633,12
1785529238.2236702,54677,1.4724675809970964,1.5435510260097458,12
1785529238.257935,54679,1.476704350293053,1.5393127389468826,12
1785529238.2581236,54680,1.4766667255068586,1.536505840227752,12
1785529238.2582107,54685,1.4841743101189944,1.536547063837729,12
1785529238.2582545,54687,1.4842085058333352,1.5340586773182043,12
1785529238.2582545,54688,1.4812875170709061,1.536980596679419,12
1785529238.2582886,54689,1.482361062697626,1.5369726802827377,12
1785529238.2605565,54692,1.4824229239107745,1.5418064885430125,12
1785529238.2819722,54691,1.4809213468919704,1.5433088043181664,12
1785529238.3157835,54693,1.4746439760791397,1.5370290903953816,12
1785529238.319346,54695,1.4746018933717204,1.533435466352928,12
1785529238.320207,54696,1.4746228321358457,1.5315634655778634,12
1785529238.320592,54698,1.4731205137851047,1.530061013441444,12
1785529238.3206458,54699,1.473117905160876,1.5303285613335207,12
1785529238.3206458,54700,1.4677253609254852,1.5357213850700504,12
1785529238.3211613,54703,1.4647200346668712,1.5387269563529005,12
1785529238.3390415,54704,1.464723535648722,1.538989016552028,12
1785529238.3431523,54708,1.4646894035880098,1.541493161039585,12
1785529238.3431523,54709,1.4598954407575926,1.5414316289739123,12
1785529238.3440642,54712,1.467313694651619,1.5340131302734852,12
1785529238.3441324,54711,1.4672970613728658,1.535532129092098,12
1785529238.3441827,54713,1.4585320458060176,1.5356489959490462,12
1785529238.34422,54715,1.4592409147700107,1.5349401638119997,12
1785529238.4352865,54717,1.4523723068271825,1.5334598502828467,10
1785529238.4374044,54719,1.4525392061356153,1.5437236308905549,10
1785529238.4383922,54720,1.4525699339382023,1.541927977934561,10
1785529238.4384155,54721,1.4533834469992981,1.5419388438261306,10
1785529238.4384582,54722,1.4603453930916421,1.5471633710233614,10
1785529238.4384954,54723,1.460413550721009,1.543222620263653,10
1785529238.4385147,54728,1.4604526148078443,1.5448801036077253,10
1785529238.438551,54729,1.4600989838491216,1.5446148024790232,10
1785529238.4385858,54730,1.4563487860867468,1.5446422395022552,11
1785529238.4385996,54731,1.4562071444923408,1.5371512813546258,11
1785529238.4394546,54733,1.4511361047397504,1.5370691050982754,11
1785529238.4395454,54734,1.4524492652651844,1.5382225057697816,11
1785529238.439571,54735,1.4524471801240035,1.5384020612122105,11
1785529238.4395914,54737,1.4608061637879615,1.5383317549431808,11
1785529238.4396298,54739,1.4619080852585777,1.5373648480886823,11
1785529238.4396665,54740,1.4617670090494197,1.5288127999036183,11
1785529238.4446073,54744,1.4617072743960333,1.53436235682313,11
1785529238.4453232,54745,1.4644942205023066,1.5343915379729904,11
1785529238.4663022,54747,1.464508908813218,1.5333183283763585,11
1785529238.4803166,54749,1.4657306967135955,1.5333053346886556,11
1785529238.4824188,54752,1.465666818333301,1.5267524200864357,11
1785529238.4825423,54751,1.46384843937063,1.5283478622813724,11
1785529238.4826052,54753,1.4605309983668207,1.5254392851573115,11
1785529238.4902735,54755,1.4605040849878732,1.5202940016984177,11
1785529238.502138,54761,1.459793404026112,1.5203049328279927,11
1785529238.529749,54762,1.4640490579084187,1.5203313468618618,12
1785529238.5524209,54763,1.471715041940417,1.512667534749828,11
1785529238.5524545,54765,1.4763660540581816,1.5173162295600724,11
1785529238.5525067,54767,1.4758778893058657,1.520696772357657,11
1785529238.5525265,54768,1.4761223239691128,1.5191330989704164,11
1785529238.5525415,54769,1.4784814321679283,1.5187965915624657,11
1785529238.552579,54770,1.4784815872319892,1.51879652976771,11
1785529238.5530188,54771,1.4778400641562721,1.5228613671746172,11
1785529238.5531194,54773,1.4814887590011752,1.5222861808446064,11
1785529238.553136,54775,1.4657953596633924,1.5379808409645785,11
1785529238.5531697,54777,1.4679014633387664,1.5400898223701802,11
1785529238.5597482,54778,1.4668526703223064,1.540258694863153,11
1785529238.5598626,54779,1.4663394811768204,1.5440318746477069,11
1785529238.564672,54781,1.466339404917152,1.544032066798615,11
1785529238.6011152,54784,1.4724609544618978,1.5379090063428027,12
1785529238.601295,54782,1.472372775692229,1.537820366597788,12
1785529238.6016717,54788,1.4724219830688807,1.543338619078013,12
1785529238.6017494,54787,1.477301572376064,1.5384574346218016,12
1785529238.6017878,54789,1.4780058290561398,1.5391617573245155,12
1785529238.601865,54791,1.4779590273159162,1.5323176948496664,12
1785529238.6018922,54792,1.4779227953115748,1.5343656315039418,12
1785529238.6227014,54793,1.4822033737126659,1.5343613816980448,12
1785529238.6228018,54794,1.4832551845033568,1.5354131973596907,12
1785529238.6229956,54797,1.4837023481796632,1.535410868578865,12
1785529238.640552,54799,1.4837907288831484,1.535318684877804,12
1785529238.665208,54800,1.4838100416296036,1.5391864008215612,12
1785529238.6847382,54798,1.476396748713454,1.539179289792988,12
1785529238.6852114,54808,1.4706272900257058,1.5449506407100402,12
1785529238.6852598,54809,1.4649759208901334,1.545039823016743,12
1785529238.6852849,54810,1.47072022254198,1.5450616236407393,12
1785529238.685306,54811,1.470007945716141,1.545774589817431,12
1785529238.6853511,54814,1.4730584804638434,1.545722922387971,12
1785529238.6853712,54815,1.4731166259462056,1.5514176581254628,12
1785529238.6945548,54818,1.4704794079946761,1.5487790985327323,12
1785529238.6946087,54819,1.4704736972638632,1.5491361388956282,12
1785529238.7248452,54820,1.4690504621571243,1.5505581677915319,12
1785529238.7248452,54821,1.4747112084834468,1.5504814411257581,12
1785529238.7358718,54822,1.4764486875459446,1.5504892760171352,12
1785529238.735914,54823,1.4800864247579635,1.5468492765252968,12
1785529238.7410867,54827,1.4800979625180746,1.5478152626975372,12
1785529238.7412057,54828,1.4801819075502691,1.5431871453162784,12
1785529238.741234,54830,1.4842370299976975,1.5472445753742434,12
1785529238.7418203,54833,1.4819932534073519,1.5472631522809115,12
1785529238.747468,54831,1.4820983704721953,1.5409481160164886,12
1785529238.7475533,54832,1.4831598894799976,1.5398861168742601,12
1785529238.7927902,54838,1.4871893132338683,1.5398648194646691,12
1785529238.7928605,54840,1.487061209854039,1.5480339353982582,12
1785529238.7974439,54841,1.476714692625065,1.5479767842520749,12
1785529238.7975569,54842,1.4776878466240269,1.548950541331526,12
1785529238.7976027,54844,1.4768053315603444,1.5498336236907242,12
1785529238.7976727,54843,1.4767421945478882,1.5536650655805981,12
1785529238.7977114,54848,1.4766455834281054,1.5476117257190116,12
1785529238.7977428,54846,1.4727322948166457,1.5475835393290696,12
1785529238.7977738,54847,1.4691954310438173,1.5511222759744574,12
1785529238.7988577,54851,1.4691490387463668,1.5481472583695481,12
1785529238.8008647,54852,1.4692457642351902,1.5418953709686125,12
1785529238.8044457,54853,1.4725070147219848,1.5393686149761499,11
1785529238.8106754,54854,1.4687448252653788,1.53560572288895,11
1785529238.8331091,54856,1.4730830011189469,1.531267061974451,11
1785529238.856984,54857,1.4747471709152666,1.5314878017583067,11
1785529238.8575451,54858,1.4747471761278637,1.5314878038655177,11
1785529238.8576446,54860,1.4748100039448588,1.5318974659111169,11
1785529238.8576884,54864,1.4747002354682082,1.5310668740310467,11
1785529238.8577049,54865,1.481640266337639,1.5320925202747646,11
1785529238.8577485,54867,1.4818264696010919,1.5335414179358262,11
1785529238.859362,54869,1.4841160256492019,1.533847792954321,11
1785529238.8648167,54871,1.4779130776318286,1.5400530861135902,11
1785529238.9131591,54873,1.4744401293928198,1.5365791954596173,12
1785529238.9153068,54875,1.4744561391001998,1.5381567573301989,12
1785529238.9168906,54876,1.474446823301281,1.5387808545901764,12
1785529238.9169436,54877,1.4740978879429072,1.5387777706001282,12
1785529238.9170487,54880,1.4785266476748882,1.534348716933921,12
1785529238.917081,54878,1.4750876984094383,1.5309091092563334,12
1785529238.917142,54882,1.4765746719016177,1.5309174239452852,12
1785529238.9171953,54883,1.488186306776212,1.5193045655325235,12
1785529238.923727,54888,1.4882269318949373,1.5139801108474586,12
1785529238.9269261,54889,1.4884908587763326,1.513981152749823,12
1785529238.9274304,54890,1.4883140760888498,1.5138040148761391,12
1785529238.9453716,54893,1.4906229579643022,1.5137940512048609,12
1785529238.9778674,54891,1.4905699378711559,1.520887568157158,12
1785529238.9779325,54892,1.4845428466611115,1.526915555287678,12
1785529238.9780133,54898,1.48284845394173,1.5269299500409976,12
1785529238.978036,54902,1.484786284717372,1.5288681350426085,12
1785529238.9780781,54904,1.4826581223203188,1.5309967909113824,12
1785529238.9780972,54903,1.4827550637967528,1.5218395485465288,12
1785529238.9807842,54908,1.4828933813746923,1.5342320727233951,12
1785529238.982355,54906,1.4825439164443148,1.5342301857408558,12
1785529238.9849777,54907,1.479023155495171,1.5377506696066376,12
1785529238.9919934,54910,1.475354207691745,1.5377654971307366,12
1785529238.999574,54911,1.4754455763707908,1.5430264702978427,12
1785529239.036603,54913,1.4696091767324653,1.5429388554146333,12
1785529239.0366688,54914,1.4702317383815158,1.5435618575602965,12
1785529239.0367365,54915,1.4702048199009277,1.5466865193701362,12
1785529239.036766,54917,1.4636534875328793,1.5467266687456214,12
1785529239.0368066,54919,1.4581949415528968,1.5521868136917523,12
1785529239.043729,54924,1.458112734948923,1.5576546335058723,12
1785529239.0547168,54925,1.458979434727211,1.55766859438694,12
1785529239.0549228,54926,1.454729772496818,1.5534171987390677,12
1785529239.0549562,54928,1.4590524726869007,1.549093376040695,12
1785529239.0603743,54932,1.458954787999984,1.5430773703856016,12
1785529239.0652382,54931,1.4625801739538014,1.5394517829684384,12
1785529239.0698073,54933,1.4642586667250463,1.5411304304955336,12
1785529239.075825,54935,1.4641560328819692,1.530650758274466,12
1785529239.0957882,54936,1.4640965035500426,1.5344967033995343,12
1785529239.1075006,54937,1.4615627721719526,1.5344775355757125,12
1785529239.119228,54938,1.4645544937619823,1.5374692429077206,12
1785529239.1194441,54939,1.4645751079627547,1.53621717903902,12
1785529239.1195507,54942,1.463614620558041,1.5362092778007799,12
1785529239.1196265,54943,1.4567838416126213,1.5430400091890937,12
1785529239.12905,54948,1.4568747244787685,1.5373019165710908,12
1785529239.131743,54949,1.4656032146532854,1.537387358956778,12
1785529239.1318107,54950,1.462348816433823,1.5341327575281791,12
1785529239.1326208,54951,1.4623250909948693,1.5355646603994262,12
1785529239.1326208,54952,1.4618808143322422,1.53600895763941,12
1785529239.138047,54953,1.4630437247766648,1.5359887019675889,12
1785529239.1828873,54955,1.4707718438481434,1.5282607757589597,12
1785529239.186634,54957,1.4734981889089867,1.5309867857457313,12
1785529239.186697,54959,1.4735275550663973,1.5352797519580221,12
1785529239.186715,54960,1.4734706561692006,1.538757938383788,12
1785529239.186729,54962,1.4838486044543229,1.5491410765815747,12
1785529239.1867695,54963,1.483953323306671,1.5437186575528175,12
1785529239.1867695,54964,1.481205921990601,1.5464675875600007,12
1785529239.186795,54965,1.4800393786214845,1.546478689831347,12
1785529239.1928291,54967,1.488992077366005,1.5436850423036992,11
1785529239.197006,54969,1.4907129598847877,1.54518496055867,11
1785529239.1972296,54970,1.4882314899251023,1.5451979174326793,12
1785529239.1986225,54971,1.4881937529262907,1.5420276419983798,12
1785529239.2143173,54973,1.479480898336932,1.5419946990895914,12
1785529239.2593,54974,1.4808061960064145,1.5433206276743723,12
1785529239.2612755,54977,1.4765738958477732,1.5418360742725052,11
1785529239.2614522,54975,1.4765237802757252,1.54559529362269,11
1785529239.2615514,54981,1.4746703772368293,1.543480852072803,11
1785529239.261628,54982,1.4756565291708816,1.5434704633582768,11
1785529239.2616603,54983,1.4758077798428515,1.553370313134809,11
1785529239.261723,54984,1.475706236594514,1.5604849665313356,11
1785529239.2617536,54985,1.4834968390185983,1.56054756980691,11
1785529239.2618053,54986,1.472298487141581,1.547763260958708,11
1785529239.2654843,54989,1.4726572808313068,1.5477601710900701,11
1785529239.265716,54987,1.4726340833176723,1.5491821727952562,11
1785529239.2734618,54994,1.464370646658686,1.5493145016898713,11
1785529239.2760909,54995,1.4643184105044607,1.5420528765366803,11
1785529239.2801101,54996,1.4644138642680289,1.5369580140215702,11
1785529239.2851553,54997,1.452366149650011,1.5368302491067516,11
1785529239.288929,54998,1.453952434166272,1.5386355144704296,11
1785529239.2949796,54999,1.4539069398670863,1.5418009901928034,11
1785529239.2949796,55000,1.454171482294799,1.5415000221604973,11
1785529239.3022902,55001,1.458205830745044,1.5414208443445827,11
1785529239.302354,55002,1.4594262192691083,1.5414372748190102,11
1785529239.304722,55003,1.4604897279821039,1.5402268491058668,11
1785529239.3220434,55006,1.4630873892747736,1.5401836869548315,11
1785529239.3536177,55007,1.463070066820956,1.5383940959382307,11
1785529239.3542569,55009,1.471358315487261,1.5384631698829365,11
1785529239.3542864,55010,1.4712702146308112,1.5383622478876384,11
1785529239.3543093,55011,1.4712540956606228,1.5393801468844839,11
1785529239.3543653,55016,1.4712830683796072,1.5432186213316688,12
1785529239.3543932,55014,1.4712830697592971,1.54321875744824,12
1785529239.3544173,55015,1.4651512849311221,1.5493528512596917,12
1785529239.354521,55018,1.471259098735184,1.5492614429863902,12
1785529239.3545556,55019,1.4713468655191724,1.555128441238324,12
1785529239.366717,55020,1.471476887997371,1.5476307864012278,12
1785529239.367241,55021,1.464432269155595,1.547539850403163,12
1785529239.3682985,55022,1.4623928312553431,1.545499911216455,12
1785529239.3714886,55024,1.4612477073912606,1.5466452539698983,12
1785529239.3735106,55023,1.4612908240113613,1.542616365128615,12
1785529239.3851876,55025,1.4531334360888395,1.5427037922792048,12
1785529239.3853195,55026,1.453307688350695,1.5427066294454597,12
1785529239.3967726,55029,1.4568502929838483,1.5462494524229087,12
1785529239.4356918,55030,1.4525423816755179,1.5463078297661061,12
1785529239.4372656,55031,1.4524266036885733,1.537609816300624,12
1785529239.4374597,55032,1.4523294856410562,1.5434457299484026,12
1785529239.4375398,55033,1.457033008979605,1.5434940104050887,12
1785529239.437598,55034,1.4584389987007775,1.5448998929566184,12
1785529239.4406443,55037,1.4666022442304454,1.5447616368204724,12
1785529239.4407094,55035,1.466712859488854,1.5377898239325758,12
1785529239.440819,55042,1.4651913783469404,1.53780896204015,12
1785529239.4408715,55043,1.4652971444474276,1.5454977006424278,12
1785529239.4409153,55044,1.465351964367757,1.5411162535628018,12
1785529239.4481626,55046,1.4683641563937377,1.5441291465450262,12
1785529239.4521449,55048,1.4772693286601428,1.5352215206420041,12
1785529239.4616976,55049,1.4788787971125823,1.5352138741089034,12
1785529239.475442,55051,1.4851367257153434,1.5289544826058823,12
1785529239.5146983,55053,1.4822124481543502,1.5260296479620645,12
1785529239.5166388,55054,1.482836466718392,1.5260277463065768,12
1785529239.5166628,55055,1.4828108893476009,1.5236547414130648,12
1785529239.5167527,55056,1.4827868726016777,1.5271218052341058,12
1785529239.5167773,55057,1.4869032137308131,1.5271436602164477,12
1785529239.5168123,55058,1.4880515685468627,1.5282922477859489,12
1785529239.5168476,55060,1.4772651551519769,1.5390816603021782,12
1785529239.5168676,55059,1.4770568100750718,1.5511972762370987,12
1785529239.5168824,55061,1.480651425830267,1.5511593876224812,12
1785529239.5168984,55062,1.4792619004092413,1.551153925856573,12
1785529239.5169334,55063,1.47563003003313,1.5547885633251768,12
1785529239.5175693,55067,1.4755943388813058,1.5524207380858204,12
1785529239.521932,55068,1.4757617022251808,1.5428835266645915,12
1785529239.5693817,55071,1.4757725968392978,1.5328011600527978,11
1785529239.5907645,55080,1.4756990075161642,1.5401169977129685,11
1785529239.5911996,55083,1.4757220716923354,1.5380847628130294,11
1785529239.6018913,55092,1.475684199556531,1.541336415991341,11
1785529239.6419888,55095,1.4757176201230187,1.5384912157379822,11
1785529239.6732554,55104,1.4757700526533586,1.5331059713292257,11
1785529239.673321,55107,1.4757285979441501,1.537475077725217,11
1785529239.6743414,55072,1.4832418436230845,1.528903501601326,11
1785529239.6840289,55116,1.4832186801118907,1.5313377549380516,11
1785529239.6869607,55118,1.4836600636178325,1.5318415983720555,11
1785529239.7204247,55120,1.4855371424508261,1.5373828559248885,4
1785529239.7335408,55124,1.485913649385998,1.5454488871921874,5
1785529239.7336848,55122,1.4785576007169177,1.5453781480645972,6
1785529239.733724,55123,1.481412603397838,1.543693003716608,7
1785529239.7338026,55125,1.4846290962205475,1.545978896958026,8
1785529239.7338324,55127,1.4845975262117022,1.5448631436246645,9
1785529239.7338998,55128,1.4846270684985907,1.5433524763669484,9
1785529239.7339776,55130,1.4839141565804943,1.5429084545494165,9
1785529239.7340314,55132,1.4807934032652634,1.5448454513219503,9
1785529239.742538,55131,1.4807218489530438,1.5481376960232667,9
1785529239.7429447,55133,1.4748208553317088,1.5481610080334012,10
1785529239.7430508,55134,1.4799215232227036,1.548191136532451,10
1785529239.7463663,55135,1.475678090588172,1.5513762823076307,10
1785529239.7882261,55138,1.469442027404848,1.5514256496270065,11
1785529239.803585,55139,1.4695603488854083,1.5570270104173591,11
1785529239.8036559,55143,1.4696743665073926,1.5505074113105333,11
1785529239.8037126,55145,1.4696743676760327,1.5505073868813186,11
1785529239.8044431,55147,1.4695740195999942,1.55059564156644,11
1785529239.804551,55149,1.4652359596356135,1.5467782223003155,11
1785529239.8045692,55151,1.465076624318242,1.53839008511965,11
1785529239.8046196,55152,1.465112933476142,1.5354392649017403,11
1785529239.8169916,55154,1.4631962651545651,1.533756198527932,11
1785529239.8171735,55156,1.4655081573605122,1.5317276510946016,11
1785529239.8172107,55155,1.4654882387258228,1.5336051103322037,11
1785529239.8525858,55159,1.4722311234663497,1.5276886134978929,11
1785529239.8746033,55160,1.4721655067372592,1.5194574771850582,11
1785529239.875028,55165,1.4712967822203122,1.5194520264405673,12
1785529239.875049,55166,1.4727065488205968,1.5208616248519244,12
1785529239.8751428,55167,1.4727391015590852,1.5172049369414267,12
1785529239.8752432,55173,1.476003029482995,1.5204685190767442,12
1785529239.8752894,55174,1.4785838579297346,1.5204450116837442,12
1785529239.8807206,55176,1.4785532391063143,1.5238278115361799,12
1785529239.9010844,55178,1.4780241227506075,1.5232986998940035,12
1785529239.9050002,55179,1.4779811056600527,1.5271274307270335,12
1785529239.9233224,55185,1.472872587138064,1.5220189621922617,12
1785529239.9614189,55186,1.4802213118501506,1.5219207673943214,11
1785529239.973643,55188,1.4802361111959692,1.51960751833523,11
1785529239.9737248,55190,1.4749820113321832,1.51500165048725,11
1785529239.9737842,55191,1.4749848730614556,1.5140213331613734,11
1785529239.9738111,55198,1.4642402860824597,1.514102165768014,11
1785529239.9738512,55200,1.4641842163421404,1.52134591595229,11
1785529239.9810562,55202,1.482163828667607,1.5371166349672407,11
1785529239.992805,55203,1.4819736723228827,1.5460112567684339,11
1785529240.0337806,55210,1.493086253238022,1.551019034006913,8
1785529240.033881,55212,1.493033555241879,1.5512639000445458,8
1785529240.0339084,55214,1.463942859172334,1.5280657006597405,8
1785529240.0339282,55216,1.4648502437825246,1.5272889914225183,9
1785529240.0339499,55215,1.4649588468098487,1.5174095346469059,9
1785529240.0339708,55219,1.463071367987799,1.5190215545779866,9
1785529240.0362544,55220,1.4630504611112662,1.5144488797654527,9
1785529240.0512564,55224,1.4630248820400755,1.5170978807429816,9
1785529240.0517228,55225,1.4725168108152615,1.5171407439217273,9
1785529240.051833,55226,1.4859945743888612,1.528659404975306,9
1785529240.0520272,55227,1.4859087803474822,1.5333229706044458,9
1785529240.0750544,55229,1.4836844769215742,1.5333471268609065,10
1785529240.1020215,55232,1.4837326796185575,1.5396674330306246,10
1785529240.1020865,55231,1.4735543301172516,1.5498736149325105,10
1785529240.1022384,55233,1.4743572977973842,1.5506793476596052,10
1785529240.102334,55235,1.4744081225485677,1.5536553043944805,11
1785529240.1029115,55241,1.477169152656521,1.5536313208898358,11
1785529240.1202729,55243,1.4793830945903348,1.551682536843123,11
1785529240.1319566,55252,1.4786785806988991,1.5523026392037411,11
1785529240.1645894,55242,1.4797751275446853,1.5523074230157086,12
1785529240.1965635,55253,1.4815730342244224,1.5522913436691956,12
1785529240.1978955,55255,1.487772803984054,1.5460870757967538,12
1785529240.1979358,55258,1.4875934125988182,1.5460877315066999,12
1785529240.1979566,55257,1.4836270249637562,1.5421195203348874,12
1785529240.1980095,55259,1.4835801367492347,1.5374597248796826,12
1785529240.1980724,55264,1.4815393797390013,1.5395011973443546,12
1785529240.1980913,55265,1.481270743181256,1.5395028210463575,12
1785529240.1981266,55268,1.4813757294225929,1.5482019491067571,12
1785529240.1981494,55266,1.478332800985654,1.5481830290914869,12
1785529240.1981494,55267,1.4783328007257455,1.5481830290987946,12
1785529240.1987867,55271,1.4782477236819012,1.542126898500977,12
1785529240.2026691,55272,1.4782921238837279,1.5391882812492386,12
1785529240.207403,55274,1.4753791877700217,1.5362744774727,12
1785529240.23173,55277,1.4709066945735179,1.5363224576244308,12
1785529240.2556477,55276,1.4628073598408409,1.5343824154608374,10
1785529240.2557447,55281,1.470358080902976,1.5419855723049996,10
1785529240.2557762,55282,1.470868124771538,1.5419804210906414,10
1785529240.2558014,55283,1.470935935810044,1.5464954429979854,10
1785529240.2558892,55284,1.4709840769904106,1.542812876240941,10
1785529240.2559166,55286,1.4683615244274049,1.5401716909119718,10
1785529240.2613542,55288,1.4679601638271325,1.540575857577992,10
1785529240.270138,55291,1.474182996540562,1.5343123441102953,10
1785529240.2767837,55292,1.4740357107237068,1.5193535903216178,10
1785529240.281712,55296,1.4740173477701535,1.52160063611764,10
1785529240.3108904,55297,1.4766042798666532,1.521615772801205,11
1785529240.332153,55298,1.4847863453092887,1.5309902274007638,11
1785529240.3359222,55299,1.4847743569638223,1.5318746337966314,12
1785529240.3359969,55304,1.4847831137422494,1.5330179808627598,12
1785529240.3365686,55305,1.483285232012294,1.5315197170342043,12
1785529240.3366075,55303,1.4774351379827226,1.5373713420594757,12
1785529240.3366988,55309,1.4759514345021771,1.5373636424549129,12
1785529240.3367553,55310,1.4747170850243845,1.5361289971807148,12
1785529240.3367856,55312,1.4800327031869818,1.5308122860135571,12
1785529240.3369277,55311,1.4800405072673326,1.5301893444866188,12
1785529240.3377562,55313,1.4793263341855856,1.530195834547997,12
1785529240.3644063,55314,1.4812510907350198,1.530203151865037,12
1785529240.36461,55315,1.4769069675984066,1.5345481792004765,12
1785529240.3647134,55320,1.4768883124896353,1.5357953794182648,12
1785529240.3648448,55321,1.4739193542533198,1.5357795962940581,12
1785529240.4075856,55322,1.4750654257503268,1.5369259452743045,12
1785529240.409186,55323,1.4750521056386987,1.5378173251659892,12
1785529240.4093359,55328,1.4751826306071176,1.5476365868465127,12
1785529240.4094067,55329,1.471468792088377,1.5439210358860662,12
1785529240.409464,55330,1.4721861063855957,1.543914945050353,12
1785529240.40949,55331,1.4722879074179818,1.5496961337641786,12
1785529240.409538,55332,1.4723597181568973,1.543450867389347,12
1785529240.4095612,55334,1.4703171913871746,1.5414075404826586,12
1785529240.4105837,55336,1.4690859437834025,1.5426390494370836,12
1785529240.414598,55335,1.4690491029525543,1.5462114598039423,12
1785529240.4312487,55341,1.4720649240315844,1.5492287409431829,12
1785529240.4327288,55342,1.4687418760116706,1.549250271187439,12
1785529240.435602,55343,1.4687948502193213,1.5518751621004376,12
1785529240.4612942,55346,1.4619653952534457,1.5450431236359317,12
1785529240.4641988,55344,1.4619176028090066,1.548892272578445,12
1785529240.4720542,55353,1.4636007822697936,1.5505760774537893,12
1785529240.4800184,55355,1.4634998423946275,1.5448122443675907,12
1785529240.518834,55356,1.4635722202257486,1.5389968958867253,12
1785529240.5195765,55357,1.465491451822231,1.539023567997445,12
1785529240.5196743,55358,1.473900316645065,1.5474350950919635,12
1785529240.5197036,55360,1.477517857706764,1.543815782637044,12
1785529240.5197551,55359,1.4775410559550743,1.5419453537000063,12
1785529240.5197911,55361,1.4735087831933735,1.5419719601789512,12
1785529240.5197911,55362,1.4722888470067772,1.5419595297377378,12
1785529240.519836,55363,1.472465547650966,1.5417827694387156,12
1785529240.5205336,55367,1.472421715451438,1.538717287653112,12
1785529240.5233126,55368,1.4723332935297833,1.5447840581541055,12
1785529240.5278623,55370,1.470833623966584,1.5432838483890412,12
1785529240.5334737,55372,1.463044034055706,1.5510763648595942,12
1785529240.5342214,55371,1.4630136023007196,1.5526873817491662,12
1785529240.583224,55376,1.4630151910957319,1.5527747120376572,12
1785529240.5847335,55374,1.4678761502281892,1.5528176277474515,12
1785529240.5890214,55375,1.4743516475661007,1.546338718079357,12
1785529240.5897605,55379,1.474305042657934,1.5416934862486664,12
1785529240.5898693,55380,1.4742243068995744,1.5456168817794032,12
1785529240.5899415,55382,1.4774715068878905,1.548866068501149,12
1785529240.5900016,55384,1.4885938803017147,1.5377381571738415,12
1785529240.5900307,55383,1.4887100614948894,1.531081688600835,12
1785529240.5900521,55388,1.4886889898427036,1.5206028646325367,12
1785529240.5900986,55387,1.48556961381436,1.523721822276308,12
1785529240.5906851,55389,1.4916164605808466,1.5297702927013996,12
1785529240.5921438,55390,1.488492936786979,1.5298087919209398,12
1785529240.5971284,55391,1.488492552932582,1.5283119300430597,12
1785529240.6042826,55393,1.4869168068057095,1.5283204445115925,12
1785529240.6075685,55394,1.4822762482214344,1.5236793434962626,12
1785529240.6119726,55395,1.4822744509209334,1.5238567557133156,12
1785529240.636106,55398,1.4772750635820298,1.5238655253257773,12
1785529240.679512,55399,1.4786107706260538,1.5225294921425003,12
1785529240.6795957,55400,1.4786153644826103,1.5263906691735785,12
1785529240.6796985,55405,1.480542611940709,1.5263911285580478,12
1785529240.6797519,55404,1.4805749173866791,1.5242558439849578,12
1785529240.6797733,55406,1.4801357992497666,1.5238166074323902,12
1785529240.6798296,55412,1.48013478945867,1.519690051109124,12
1785529240.6798792,55413,1.4707501913211456,1.5103063756941693,12
1785529240.6799314,55414,1.4750075273699024,1.5102372502004069,12
1785529240.6799579,55415,1.4750018377669138,1.5158464659691901,12
1785529240.7252593,55418,1.4805504887015692,1.5148074601965533,11
1785529240.748834,55416,1.4805819736733277,1.5107153048498179,11
1785529240.7492573,55425,1.4838128423800312,1.5135382198889802,11
1785529240.74929,55427,1.4838116668561516,1.5132744911505842,11
1785529240.749345,55428,1.483785994648118,1.5164736858123127,11
1785529240.7493904,55430,1.486813775256122,1.5191176442094083,11
1785529240.7494113,55431,1.4867218847630448,1.5263092956948063,11
1785529240.7534232,55437,1.4901490859549786,1.5292989270284698,11
1785529240.7535915,55438,1.492296934521868,1.529284653681227,11
1785529240.7903268,55440,1.4854285343314662,1.534669278528583,10
1785529240.802026,55442,1.4820145768832842,1.5318395399148748,10
1785529240.8027923,55443,1.4829319562828778,1.5268271632293038,10
1785529240.8029127,55449,1.4806551780279977,1.524937582207189,10
1785529240.8030107,55450,1.473063613372259,1.5261069803506544,10
1785529240.8055446,55452,1.4733327423243443,1.524640199250241,10
1785529240.8078763,55454,1.4809802480863803,1.530982032135478,10
1785529240.8205447,55457,1.4758809934157044,1.5317709877497898,11
1785529240.8400686,55455,1.4772011324292749,1.5316867900852345,10
1785529240.8608584,55461,1.4809982825457726,1.5348620752725493,10
1785529240.8608944,55462,1.4830715209862968,1.5345447365661284,10
1785529240.860912,55464,1.4823124803896721,1.538620296236773,10
1785529240.860965,55466,1.4726716773488986,1.5305580532605951,10
1785529240.8704216,55469,1.4792512681959167,1.5295424778322202,10
1785529240.8721979,55467,1.480137201664053,1.5246326696528727,10
1785529240.874837,55474,1.4830550915487137,1.524193449777036,10
1785529240.90245,55477,1.4751223355288436,1.532359499854712,8
1785529240.9193552,55476,1.4760721137498898,1.5299959708259327,8
1785529240.9194903,55478,1.4758702079073773,1.5297937495853204,8
1785529240.9194903,55482,1.471833660588016,1.5313473952367007,9
1785529240.9195757,55485,1.459518376143095,1.5150845187713378,9
1785529240.9195957,55486,1.4554047383696287,1.5167694130641773,9
1785529240.9196138,55487,1.4533363193986881,1.5231196795875954,9
1785529240.9212015,55488,1.453225137293738,1.5234490807847096,9
1785529240.9248228,55489,1.4550963567653026,1.5227433853286818,9
1785529240.9362392,55490,1.4482788342722401,1.5137704533803045,9
1785529240.9364157,55491,1.447175547363418,1.5170620213384651,9
1785529240.9364157,55492,1.4537806570927243,1.5095533354238369,10
1785529240.9439502,55493,1.448261455224548,1.5105695583252612,10
1785529240.948245,55494,1.449599047073805,1.5103721835607433,10
1785529240.9483457,55495,1.4503020098973962,1.509573385065396,11
1785529240.951789,55498,1.4518100097625513,1.5095437055788263,11
1785529240.9954689,55499,1.451821234968429,1.5130053194345587,11
1785529240.9989374,55500,1.4518233886918064,1.5122903989098933,11
1785529240.9994056,55501,1.4526159154567229,1.5123053111012519,11
1785529240.9997199,55502,1.4617317882971212,1.5226744144131306,11
1785529240.9998128,55504,1.46084920539938,1.5236792637975203,11
1785529240.9998512,55503,1.4608291760189454,1.5269412619954181,11
1785529240.9998865,55505,1.4618102972721836,1.52692811280546,11
1785529240.9999309,55506,1.464964076288738,1.5269745476023917,11
1785529240.9999535,55507,1.4600159888988922,1.5326087261921866,11
1785529240.9999912,55510,1.4577820060904811,1.5326424268308996,11
1785529241.0112054,55514,1.4599921083430416,1.5351578538064274,11
1785529241.0119128,55515,1.4599498336820287,1.539032710023714,11
1785529241.0119128,55516,1.4613651397178176,1.5374214724353372,11
1785529241.0376067,55519,1.466232330892828,1.5318790610517174,11
1785529241.0641284,55517,1.4692695656740211,1.531839285676455,11
1785529241.0717497,55525,1.4661212742420087,1.5317996019322286,11
1785529241.07193,55529,1.4687117113244919,1.5317712518376903,11
1785529241.0720289,55527,1.4687442470266587,1.526683188743565,11
1785529241.0746322,55528,1.4592315865584138,1.5375214286128522,11
1785529241.080133,55536,1.4591955303564734,1.5419069349566015,11
1785529241.0889783,55538,1.4558263444083825,1.5380737968480414,11
1785529241.0969148,55540,1.460940575715051,1.532251192104017,11
1785529241.1109273,55539,1.4609492988670714,1.5310279079815818,11
1785529241.1407666,55541,1.4679182447470873,1.5404018440620393,10
1785529241.1465175,55545,1.4702440258720435,1.543051688832292,11
1785529241.1465862,55543,1.4668969738818003,1.5468683342796667,11
1785529241.146717,55548,1.4669370799359078,1.5425919244629278,11
1785529241.1467502,55549,1.4680697715451287,1.542610939141118,11
1785529241.146822,55552,1.4712391636615514,1.5389966228219352,11
1785529241.1468532,55551,1.471234144938501,1.5396068995715222,11
1785529241.1468754,55553,1.4628165265868684,1.5396942248406322,11
1785529241.1469011,55556,1.4627580784064687,1.5339820575625045,12
1785529241.1584675,55555,1.4592112492437475,1.5375285280203572,12
1785529241.1585968,55557,1.4589459408805803,1.5372633260029538,12
1785529241.15864,55558,1.4617210780210594,1.5372206090840732,12
1785529241.1586635,55559,1.4616885416867735,1.533643204969593,12
1785529241.162316,55560,1.4616792923639006,1.5342697620415258,12
1785529241.1653235,55561,1.4670964595859521,1.534309728643381,12
1785529241.2052193,55562,1.4622039726830085,1.5327038324952575,11
1785529241.2071617,55564,1.454331834164127,1.5396169021936408,11
1785529241.20721,55563,1.4543079293461985,1.540962992059026,11
1785529241.2073455,55568,1.4543619036671216,1.5447056943156312,11
1785529241.2073686,55566,1.4577208715590197,1.5447435796907028,12
1785529241.2073886,55567,1.460028670492399,1.5424356935997607,12
1785529241.2080526,55571,1.4600424784272188,1.5437437898795865,12
1785529241.2081776,55572,1.4600001416974873,1.5459832295405198,12
1785529241.2082188,55574,1.4686211388286479,1.5546078869073776,12
1785529241.2109833,55576,1.4743025966548462,1.5489233251817873,12
1785529241.215132,55575,1.474330052549881,1.5475855453750438,12
1785529241.2363381,55579,1.478589957338899,1.5433234707119512,12
1785529241.2677681,55580,1.4786553885870846,1.548765660612924,12
1785529241.267825,55585,1.474048358429557,1.5487365725064124,12
1785529241.2680814,55586,1.4632757212679193,1.537960715389496,12
1785529241.2683313,55590,1.4617921268402894,1.537942791476322,12
1785529241.279256,55593,1.4686836490898814,1.5448354731645042,12
1785529241.280062,55595,1.4687190017872804,1.5471100380182337,12
1785529241.3030484,55598,1.475525876837317,1.553920940685842,12
1785529241.3279824,55602,1.4724889534726018,1.5538912433788163,12
1785529241.3287587,55605,1.467090618364784,1.5484898405941137,12
1785529241.3289075,55607,1.4671363883143151,1.5509382355834769,12
1785529241.3311539,55609,1.4673969884847666,1.5509412467566688,12
1785529241.3599703,55610,1.4800691557197454,1.5550696703581162,10
1785529241.3599703,55614,1.4813572932707557,1.5550800982267012,10
1785529241.3860936,55619,1.481212965717703,1.5496317046777048,10
1785529241.386362,55622,1.4800205730170581,1.5487461573453025,10
1785529241.3863976,55628,1.4798836916716407,1.5419837888928947,10
1785529241.3864253,55626,1.483870778759656,1.541995911068121,10
1785529241.3931677,55630,1.480388508830901,1.5420194709229094,11
1785529241.396244,55631,1.480380312124342,1.5414046769562917,11
1785529241.4407637,55634,1.4752950101367626,1.541582617894078,7
1785529241.4408345,55636,1.4624066300661542,1.5566386760772097,8
1785529241.4408562,55635,1.462768981364388,1.554766153788015,9
1785529241.4411814,55637,1.459872151352264,1.555311479100986,10
1785529241.4412456,55638,1.464138182608841,1.554627045869068,10
1785529241.4412904,55639,1.4668057251168016,1.5515696722909007,11
1785529241.4562297,55644,1.4668489351390714,1.5494482427513736,12
1785529241.456436,55645,1.4735405005867515,1.5494853051788406,12
1785529241.4565125,55646,1.4675660908784711,1.543508063989768,12
1785529241.4565737,55648,1.4781441396434707,1.532927037643809,12
1785529241.4881303,55651,1.4816119434124115,1.5294585763934176,12
1785529241.5036786,55652,1.481682005710093,1.5392105355009769,12
1785529241.503741,55657,1.4833390623011455,1.5392154860690241,12
1785529241.507208,55658,1.48959235104041,1.5454721131813023,12
1785529241.5072484,55659,1.4896084950775121,1.5445849153152766,12
1785529241.5072718,55664,1.4895493930022319,1.5385941505928293,12
1785529241.5073526,55662,1.485885698180694,1.5385949452735932,12
1785529241.5073771,55663,1.484289040960886,1.5401922540427166,12
1785529241.5164533,55667,1.4842791300170695,1.53913699799858,12
1785529241.522347,55668,1.4842296294779689,1.5418921866776276,12
1785529241.529653,55669,1.4735148701581204,1.5388213310672842,11
1785529241.5614412,55670,1.4668185411368713,1.5321242263104138,11
1785529241.5614855,55671,1.467153851900856,1.5347240970604608,11
1785529241.5615795,55673,1.4745456226992097,1.5356936164696113,11
1785529241.5660422,55675,1.4715380003274892,1.5387019908427988,11
1785529241.5664983,55680,1.4711047369726635,1.535376743543294,11
1785529241.5666924,55681,1.4741647731107457,1.5358399403225347,11
1785529241.5686882,55682,1.4773422606894757,1.5390182861217376,11
1785529241.573514,55684,1.472831472694321,1.543530896022278,11
1785529241.5860276,55683,1.4726584593045366,1.5421809840231493,11
1785529241.587273,55688,1.4734667967877872,1.5473030879790002,11
1785529241.587317,55686,1.4751941673926194,1.5475661666326983,11
1785529241.5873415,55687,1.4737811812261532,1.548980031911249,11
1785529241.5917873,55689,1.468548489141065,1.5437450411348694,12
1785529241.6171272,55690,1.4707003500883786,1.5437255951479094,12
1785529241.6499665,55691,1.4707431411536147,1.5462644093060716,12
1785529241.6536434,55692,1.4707225085581346,1.547781975030052,12
1785529241.6536808,55693,1.466983019136053,1.547733786231669,12
1785529241.65374,55694,1.4626395345346974,1.5433891169309284,12
1785529241.653838,55697,1.4532247236227145,1.5435047123616825,12
1785529241.6538992,55699,1.4649820684943686,1.5317483718539666,12
1785529241.6539223,55698,1.461133849911005,1.531698878479418,12
1785529241.653963,55700,1.461074668515008,1.5255926019229107,12
1785529241.6540031,55706,1.4625758836431835,1.5270934252371036,12
1785529241.6540444,55708,1.470009548307014,1.5196612251174182,12
1785529241.660956,55712,1.4699927743065035,1.5154614682616923,12
1785529241.6626055,55707,1.4700221518687027,1.5107305502237194,12
1785529241.6710572,55711,1.4619689646002838,1.5187812125895348,12
1785529241.7213905,55713,1.4688572775762334,1.525667932761945,12
1785529241.7213905,55714,1.468857286097952,1.5256679423158526,12
1785529241.7223604,55715,1.468829856152567,1.5212073373406674,12
1785529241.7225792,55716,1.4688597038281468,1.5176353638742281,12
1785529241.7226214,55717,1.4685960680458645,1.5176325719017922,12
1785529241.7226808,55718,1.4723039288660662,1.5213401910456283,12
1785529241.7227106,55720,1.4680558014449394,1.5255878538640573,12
1785529241.7227592,55719,1.4680587437335109,1.5252305668950226,12
1785529241.7228093,55721,1.4783983773461984,1.5251450628537235,12
1785529241.7228613,55723,1.4811323035280832,1.5224110392625956,12
1785529241.7264042,55727,1.4812451667087858,1.5312830237050614,12
1785529241.7744076,55731,1.481190323572369,1.5385772570715888,12
1785529241.7744076,55732,1.4794279893562978,1.5403403324913216,12
1785529241.7744076,55733,1.4794279763587417,1.5403403455502978,12
1785529241.8054621,55735,1.4756392430475356,1.5441306951847869,12
1785529241.8055573,55737,1.4681933686565243,1.5366827882219833,12
1785529241.8056118,55739,1.4681529951819599,1.5338840990633524,12
1785529241.8056364,55740,1.4680521279513004,1.5423707877941009,12
1785529241.8056645,55741,1.473715184638912,1.54241711747291,12
1785529241.8057892,55742,1.4713354656837663,1.5400366006218031,12
1785529241.8058753,55743,1.4712497604588761,1.5449454396880886,12
1785529241.805904,55745,1.4669441343662215,1.5450103190147935,12
1785529241.8059611,55746,1.463723282678178,1.5449886493671854,12
1785529241.8060014,55747,1.4653210920081232,1.5433903969466962,12
1785529241.8061163,55751,1.4652954264943934,1.5405945937521937,12
1785529241.8062608,55752,1.465413503761513,1.5334411730745938,12
1785529241.8081195,55754,1.462241493779003,1.5302693882313583,12
1785529241.811679,55756,1.4652565603531753,1.5272547351322079,12
1785529241.8154862,55755,1.4652907793388497,1.5242149166733314,12
1785529241.849328,55758,1.4721294995521879,1.5242631366739754,12
1785529241.8761072,55759,1.4727699887410834,1.5276480285510259,11
1785529241.8764086,55760,1.4727473148442958,1.522240407734454,12
1785529241.8768358,55765,1.4692379150280206,1.5222219658499911,12
1785529241.8768973,55770,1.4667811771546593,1.522204188229966,12
1785529241.876986,55764,1.4667520164989303,1.524795658963764,12
1785529241.877133,55775,1.4667379015537114,1.5192897879492342,12
1785529241.880861,55776,1.4667781928060508,1.5156258830569083,12
1785529241.8925796,55777,1.4724058051603104,1.5156515275898832,12
1785529241.8934472,55778,1.480045595435097,1.5232905892200483,12
1785529241.8935978,55779,1.4801069440083119,1.5184860063515282,12
1785529241.910429,55781,1.4776166871708858,1.5185167837395073,12
1785529241.9237795,55783,1.4728417440678123,1.522791258377872,11
1785529241.9372456,55787,1.4728535477571705,1.5275210041345368,11
1785529241.9372954,55788,1.472744469695232,1.5333190983242846,11
1785529241.938998,55790,1.4742534998118835,1.5346343254371184,11
1785529241.939149,55792,1.4719055528787046,1.5366844497850967,11
1785529241.9391882,55793,1.4774459812805314,1.536609171294899,11
1785529241.952121,55794,1.4730409640002724,1.53659844154658,11
1785529241.960695,55800,1.473100563561694,1.533209023567189,11
1785529241.9699662,55801,1.4658854410054978,1.5331621048945,11
1785529242.014653,55804,1.464640067480947,1.5416390201670354,10
1785529242.0147,55803,1.4641685863377845,1.5385058588774696,10
1785529242.0147624,55806,1.4690806002477605,1.5392463140524475,10
1785529242.0426831,55818,1.4766207228727652,1.540360678666657,10
1785529242.10504,55825,1.4764492113642111,1.5496064102476348,9
1785529242.105242,55830,1.4734451704249172,1.5490724937392444,9
1785529242.1053543,55796,1.4729133934324965,1.5462147206391388,10
1785529242.1054223,55837,1.4823551088389568,1.5476128163108882,10
1785529242.1054776,55844,1.4822607926533071,1.54709729613813,10
1785529242.1055307,55842,1.4791547467760264,1.5466425555748153,10
1785529242.1060245,55843,1.4810289326778707,1.545088696873147,10
1785529242.1202583,55846,1.4781275191403127,1.5446961313143712,11
1785529242.1233654,55847,1.47828784641632,1.5457218858491772,11
1785529242.1687531,55856,1.4668495533581947,1.5329176123124313,8
1785529242.17137,55855,1.467052212461981,1.5327136900494411,8
1785529242.1717875,55858,1.4646869862437306,1.5318062369739938,8
1785529242.1718955,55859,1.4605124077996765,1.521331987452513,8
1785529242.1725817,55864,1.457553136496892,1.5242991710261224,8
1785529242.1798804,55865,1.4588419824018306,1.524786704347228,9
1785529242.1809108,55868,1.4644215742191975,1.5414381765461223,9
1785529242.184927,55867,1.4683494597487676,1.5361749537792557,9
1785529242.2245235,55871,1.4775266450099513,1.5638732062660956,8
1785529242.225739,55876,1.4804539467945816,1.558007702309292,8
1785529242.2258298,55877,1.4828763311222466,1.559179526123943,8
1785529242.241049,55879,1.4825196582275164,1.5598936832122021,8
1785529242.2581084,55880,1.4791798318384473,1.5499396867275472,8
1785529242.288204,55887,1.4775628289521054,1.544853428423983,9
1785529242.288289,55894,1.4844355789299208,1.547547613048559,9
1785529242.2883265,55888,1.485251451182749,1.5464559752498328,9
1785529242.2905989,55897,1.4852514517331086,1.5464559740824524,9
1785529242.3128266,55898,1.4816060031899114,1.5411546810148893,9
1785529242.3354983,55902,1.4758486496916463,1.540144806038399,10
1785529242.3358564,55896,1.47651295940566,1.5452080419091438,11
1785529242.3373556,55907,1.4759140765620538,1.541413325111781,11
1785529242.3374326,55908,1.4750250589442775,1.5346647711285857,11
1785529242.3374565,55910,1.476088428841643,1.5357283473524959,11
1785529242.3374946,55912,1.4805866446593907,1.5312290580230055,11
1785529242.3375087,55911,1.4805315943946589,1.5308144585263297,11
1785529242.3375304,55913,1.4777195151954323,1.530426133117345,11
1785529242.344765,55914,1.484461215232943,1.5314336708514764,11
1785529242.3465064,55915,1.4798627247939184,1.5360335659496593,11
1785529242.3515599,55918,1.4813219680263436,1.5362322072713925,11
1785529242.354377,55919,1.4806003799768561,1.5315121354420995,11
1785529242.3695025,55921,1.477128987786409,1.530996289709669,11
1785529242.4034154,55922,1.4714767483269187,1.5253438003453803,11
1785529242.4041786,55924,1.4717418738533077,1.5250786813813186,11
1785529242.4042344,55923,1.4726461766160621,1.531934676406176,11
1785529242.404358,55925,1.484409111389606,1.5335221276728677,11
1785529242.4044306,55926,1.4790994889277944,1.5327221934718631,11
1785529242.404458,55930,1.47430792372145,1.53206451015624,11
1785529242.4045193,55931,1.4742288597906088,1.5315523658537238,11
1785529242.4080489,55934,1.4756445647640646,1.5329682652899967,11
1785529242.4142964,55936,1.471582865302923,1.537030762723163,11
1785529242.4143388,55935,1.4703482954230573,1.5278759898582162,11
1785529242.4372864,55938,1.4610179835599504,1.5263866476498105,11
1785529242.46629,55939,1.4617332062371005,1.5225350852713675,10
1785529242.466696,55940,1.461664710794225,1.5220799965869187,11
1785529242.4667647,55944,1.4616194148331771,1.5217662670868695,11
1785529242.4667888,55945,1.4557561690632437,1.5208082508956968,11
1785529242.4668047,55946,1.4573025024256085,1.522354080274275,11
1785529242.4668548,55948,1.4579171375282136,1.5217400026457224,11
1785529242.4668708,55952,1.4584859959866512,1.5253112629775811,11
1785529242.4692867,55951,1.4641861196338821,1.5196136994852032,11
1785529242.4712791,55953,1.4648910228453595,1.520317701129103,12
1785529242.4766707,55955,1.4649672424884668,1.5249472878149286,12
1785529242.4808931,55956,1.4649624839531912,1.5227126153290753,12
1785529242.48694,55958,1.463533458595337,1.5212837372511436,12
1785529242.4950275,55959,1.463532089482419,1.521462489722303,12
1785529242.4950275,55960,1.4598592721214827,1.5251359833263773,12
1785529242.499722,55961,1.452638644858157,1.5251744172091775,12
1785529242.5147076,55962,1.4648240963105177,1.5254155663318876,12
1785529242.5436814,55963,1.454610462146175,1.5356270067429032,12
1785529242.5444062,55965,1.4567405112518803,1.5377569015970656,12
1785529242.54445,55966,1.4563825145687177,1.5377618967930287,12
1785529242.5444708,55967,1.456387107121713,1.5381089975387268,12
1785529242.5461679,55968,1.4563369205820171,1.5432200150608342,12
1785529242.5462832,55969,1.4610410934881302,1.5432935237916552,12
1785529242.5464852,55970,1.4664364867995618,1.5486903558885134,12
1785529242.546674,55971,1.4664713613483205,1.5462767857308408,12
1785529242.549086,55973,1.466650832965854,1.5462748686414183,12
1785529242.5491483,55975,1.465415648093529,1.5475107131769787,12
1785529242.5516708,55977,1.4631140408615315,1.5452084413645695,12
1785529242.5584855,55979,1.4630454888073752,1.5407556653814243,12
1785529242.5606763,55980,1.463084968213939,1.5375344579347423,12
1785529242.5917835,55982,1.462731013118288,1.537180498224279,12
1785529242.6213086,55984,1.469618016324328,1.5302935082512301,12
1785529242.6213417,55983,1.4695334191575666,1.5377044062215866,12
1785529242.6213632,55986,1.469097064410683,1.5376998272667517,12
1785529242.6216419,55987,1.4744953225030382,1.5323014519857787,12
1785529242.6217744,55988,1.4744700152445092,1.5293217112521238,12
1785529242.6218503,55992,1.4744691660005955,1.5294108353745886,12
1785529242.621874,55993,1.473068651461625,1.5294014964892093,12
1785529242.6219118,55994,1.4693634073805644,1.5256963439477715,12
1785529242.6309426,56002,1.4692742415789775,1.525697214810082,12
1785529242.6356733,55996,1.4672372941384715,1.527734149743653,12
1785529242.643543,56004,1.4671839340640134,1.5320231142002174,12
1785529242.6491964,56006,1.4649813907473486,1.52982076677216,12
1785529242.6619742,56008,1.4671097880771973,1.527692546103529,12
1785529242.6823645,56007,1.4671379621848804,1.525279975905562,12
1785529242.702268,56009,1.4682076552610428,1.525265987493456,12
1785529242.7028985,56010,1.4669805846841895,1.5252550719423523,12
1785529242.7030964,56011,1.474419418244338,1.5178172110252308,12
1785529242.7031715,56014,1.4795766100100756,1.517772354477448,12
1785529242.703196,56015,1.4795739571779918,1.5173334283919024,12
1785529242.7032585,56017,1.4814196030268965,1.5173442089440805,12
1785529242.7033417,56018,1.480271703853511,1.5161963403909515,12
1785529242.7033749,56020,1.4762902073693516,1.5201776471924509,12
1785529242.703395,56021,1.4777139615181072,1.5201657736965133,12
1785529242.7133238,56024,1.477754671775777,1.5252542813897143,12
1785529242.7138634,56023,1.475106452633571,1.5279026403609761,12
1785529242.7139833,56026,1.4703783214184232,1.527942678130901,12
1785529242.7175665,56027,1.4704038195253788,1.5304806419655166,12
1785529242.7251573,56029,1.4615665864801883,1.5303601433529894,12
1785529242.7275934,56030,1.4688413729989873,1.5376349040068882,12
1785529242.7569618,56031,1.471715047905417,1.5390684014614995,11
1785529242.7854555,56036,1.4724286260236998,1.5434779082682248,11
1785529242.788784,56035,1.469089149168601,1.5468190993616793,11
1785529242.789134,56038,1.4702412500717756,1.5469800492216603,11
1785529242.7891965,56037,1.4775871826954199,1.5543305685429656,12
1785529242.7892246,56039,1.4775363510521486,1.5521365193877716,12
1785529242.7892709,56043,1.477498942032117,1.5549869978410475,12
1785529242.7892883,56045,1.4716508367910606,1.5550168964796822,12
1785529242.78933,56048,1.4714745591103422,1.5448580566929166,12
1785529242.7971606,56047,1.469174260465832,1.5471592783323305,12
1785529242.7972767,56049,1.463877682030267,1.541861188111213,12
1785529242.7973027,56051,1.4638916719473893,1.5429091446032674,12
1785529242.812327,56052,1.463905997557568,1.5419250890503347,12
1785529242.8301384,56054,1.462845867572017,1.5408648268724823,12
1785529242.832846,56056,1.467001956424594,1.5367083573592712,12
1785529242.832903,56055,1.4670706164924254,1.5301851311684533,12
1785529242.8330338,56059,1.4693652979414245,1.527890566602454,12
1785529242.8409195,56060,1.4693321454402082,1.5244787441280676,12
1785529242.847528,56064,1.469374250424451,1.5161755213332235,12
1785529242.847528,56065,1.474825320792776,1.5162375048213252,12
1785529242.848136,56066,1.473320954074032,1.5147333491779174,12
1785529242.850136,56068,1.4710252276522129,1.5170286729314968,12
1785529242.9032538,56071,1.4693413473387036,1.518348744116425,11
1785529242.9038749,56072,1.4694142647480848,1.524297607966889,11
1785529242.9039938,56077,1.4751126717845309,1.5243642126222368,11
1785529242.9040666,56078,1.4789502439016349,1.5277316846479316,11
1785529242.904092,56079,1.478858940202255,1.5359213273207102,11
1785529242.9212825,56082,1.4798666948352055,1.5359267403544148,12
1785529242.9213815,56083,1.4770337243957137,1.5387605924014827,12
1785529242.9216876,56084,1.477070369996435,1.5417433202019466,12
1785529242.929563,56088,1.4769152042387799,1.5506525130922146,12
1785529242.9588401,56089,1.4757859539445004,1.550647410266818,12
1785529242.9588904,56090,1.4705889199753064,1.5454476297877775,12
1785529242.9591882,56091,1.4707113098061664,1.5375919637748565,12
1785529242.9592822,56093,1.4766172500737036,1.5375425263350366,12
1785529242.959315,56095,1.47546980762957,1.5386903111009962,12
1785529242.9593632,56097,1.4708682480883117,1.5340878279423353,12
1785529242.9637787,56098,1.4702425328940047,1.5340931596577407,12
1785529242.9638255,56099,1.4702236115743574,1.5325178783237337,12
1785529242.9700024,56102,1.466863054915269,1.5291573647748051,12
1785529242.986948,56105,1.4646317497944454,1.5291822054503974,12
1785529243.0203965,56103,1.4645514844290568,1.5358893925071573,12
1785529243.020874,56104,1.4630454420273515,1.537395494924061,12
1785529243.021065,56110,1.4591076495731496,1.5374573675729115,12
1785529243.0211313,56111,1.4591357461464556,1.5402470820866885,12
1785529243.0293946,56121,1.4643370444580566,1.5454490470544657,12
1785529243.0351698,56122,1.4723213794232866,1.5453556593547846,12
1785529243.2016976,56123,1.4874193003178577,1.5521434135268597,5
1785529243.2193794,56124,1.4874224603951263,1.5519958249589767,6
1785529243.2194107,56126,1.4784424884102012,1.5465371238016903,7
1785529243.2194707,56127,1.4776922718087253,1.5493830685259051,7
1785529243.2194707,56128,1.4827841658989018,1.5457326228524895,7
1785529243.2195506,56132,1.4856174603804522,1.53333380255961,8
1785529243.2195802,56131,1.4784876201739683,1.5378196017720704,9
1785529243.219632,56133,1.4775050515045693,1.5372032635096409,9
1785529243.2196546,56134,1.4729465992220268,1.5372387047246001,9
1785529243.2196739,56135,1.47283936175539,1.5241014841901546,9
1785529243.221215,56137,1.4740202350988685,1.524097562591403,10
1785529243.2213137,56138,1.4754220500671684,1.525145728933321,10
1785529243.2213416,56140,1.4754222014915317,1.5251458427359477,10
1785529243.2213666,56139,1.4754363121000862,1.5245219855551748,10
1785529243.2213926,56141,1.4757433795314272,1.5245200875598641,11
1785529243.2214482,56142,1.4735539749764908,1.5245166627064326,12
1785529243.2214725,56143,1.482996803322936,1.515073947256253,12
1785529243.2215211,56147,1.4830127380937264,1.527289803500067,12
1785529243.221564,56148,1.482986436647664,1.529245780317225,12
1785529243.2216098,56150,1.4844822612861792,1.5307419623228709,12
1785529243.22163,56154,1.4886807926986632,1.5307394043426135,12
1785529243.2216759,56160,1.488777356633148,1.5237294110292734,12
1785529243.2216957,56161,1.491670826047757,1.5237270698197645,12
1785529243.2217348,56162,1.489207455272511,1.5212632964049229,12
1785529243.221781,56163,1.4892011302551638,1.5217955304430923,12
1785529243.221781,56164,1.484850054250865,1.526147207064172,12
1785529243.2218153,56168,1.4848460664008845,1.525707560974553,12
1785529243.2218602,56166,1.4806422645640773,1.5257003911114653,12
1785529243.2218804,56167,1.472838791692768,1.5335046846698133,12
1785529243.2219186,56171,1.4727948250212795,1.5249215792284363,12
1785529243.2219632,56176,1.4767971316519304,1.5209190681395286,12
1785529243.2219849,56169,1.4724931928163068,1.5166152204275642,12
1785529243.2302315,56177,1.4700929478748817,1.5166538583121136,12
1785529243.2781687,56179,1.4729415223314986,1.51380571132384,12
1785529243.2985642,56180,1.4729393176140422,1.5198487597045391,12
1785529243.2986202,56184,1.4728544445192364,1.526091964313585,12
1785529243.2986562,56185,1.478286326923767,1.5260937335293494,12
1785529243.2987385,56188,1.4786434498189756,1.5257370287546705,12
1785529243.2987747,56189,1.479713257692356,1.525720313449907,12
1785529243.2988737,56190,1.4838314605126108,1.525707430978095,12
1785529243.2988737,56192,1.483852269387117,1.5357299686225392,12
1785529243.2989295,56191,1.4797606718197516,1.5398235030174559,12
1785529243.3021398,56195,1.4797955171091273,1.5440383601991108,12
1785529243.3023074,56199,1.4797813944899245,1.5447505810334816,12
1785529243.302336,56201,1.4758351482558278,1.5448025904777791,12
1785529243.3121026,56203,1.476457565010065,1.5441797052680781,12
1785529243.3123064,56205,1.4722433427425372,1.5399638575807282,12
1785529243.3271155,56207,1.4722305365752495,1.537949494150049,12
1785529243.3279908,56208,1.4721580065416853,1.5414292365698847,12
1785529243.3302605,56209,1.4659702384379836,1.541409439433559,12
1785529243.3304803,56210,1.4638618059213777,1.5393009822807524,12
1785529243.3405626,56212,1.463328169206887,1.5398344866537022,12
1785529243.3406925,56211,1.463345086149935,1.5389397302192098,12
1785529243.3408334,56213,1.4666579068658079,1.5388839857418855,12
1785529243.3420086,56214,1.4650877888537857,1.5388729648906234,12
1785529243.348748,56215,1.4697034146282104,1.5342568861574872,12
1785529243.386966,56217,1.4722554645613153,1.536809100467618,12
1785529243.386966,56218,1.4715397766758973,1.536818966236246,12
1785529243.38757,56219,1.4716015315638995,1.5430356360087862,12
1785529243.387916,56221,1.4695981193529528,1.5430199022741977,12
1785529243.387941,56222,1.468804094487836,1.5422256554221552,12
1785529243.3879871,56223,1.4687629677159963,1.5447267170893852,12
1785529243.3880033,56228,1.4686946403850827,1.5380788327924384,12
1785529243.3926585,56229,1.4704537073355928,1.5398380788163257,12
1785529243.3973703,56230,1.4658862848416598,1.5399112477703099,12
1785529243.3975308,56231,1.465889694094029,1.5401734206454765,12
1785529243.404296,56232,1.465995377450326,1.5340047449697705,12
1785529243.4101417,56234,1.4747960337979966,1.5428070278931403,12
1785529243.4304194,56236,1.4672537733066975,1.55035298071603,12
1785529243.4456306,56237,1.4644681218670401,1.5503967718755567,12
1785529243.4606712,56238,1.4641204992145813,1.5503924479249427,12
1785529243.4611223,56239,1.4598587995467192,1.5546578275962757,12
1785529243.4611554,56244,1.4598524255572027,1.5550162997485324,12
1785529243.461219,56245,1.4585493980730786,1.5550042206945698,12
1785529243.4613256,56246,1.455381613419777,1.5518354047312024,12
1785529243.4613984,56247,1.455396664291577,1.5511175905456331,12
1785529243.4717028,56251,1.457526455517767,1.5489873527656055,12
1785529243.4794734,56252,1.4574945498066807,1.5461989480815401,12
1785529243.518452,56257,1.4596698903983738,1.5462173901116985,12
1785529243.5355604,56256,1.45976762092897,1.5412005897422412,12
1785529243.5356302,56262,1.4623825893850255,1.5412224107967805,12
1785529243.5359535,56264,1.46238970488705,1.5420079187720177,12
1785529243.536012,56268,1.4622089655024493,1.550422398378686,12
1785529243.53609,56269,1.4633383496294616,1.550428371736672,12
1785529243.5361412,56270,1.4591303689134667,1.5462191360829702,12
1785529243.5361784,56271,1.4592090376652955,1.5426346355718028,12
1785529243.541222,56276,1.4592294815030855,1.5450755587321612,12
1785529243.542933,56274,1.458533095638243,1.5450700724710391,12
1785529243.5455117,56275,1.4585330690397666,1.5450700720745374,12
1785529243.5747025,56279,1.4585161929010824,1.5431525267183175,12
1785529243.5951936,56280,1.4577560884481662,1.5342730044900728,11
1785529243.5952203,56282,1.4617416897719755,1.5382580535676336,11
1785529243.596823,56284,1.465202641399987,1.5347973585915469,11
1785529243.596926,56283,1.4645063740482809,1.5293865859895794,11
1785529243.5970395,56288,1.4643389927801809,1.5282652862748036,11
1785529243.5970626,56286,1.4563585329438695,1.5270371743297435,11
1785529243.597092,56287,1.4564469103266542,1.526948825805918,11
1785529243.6002424,56289,1.4641016597049676,1.5308312139755433,11
1785529243.6002824,56291,1.464062651136295,1.526639671300729,11
1785529243.601467,56292,1.464031122628112,1.5289652144743442,11
1785529243.61548,56293,1.4573092095298923,1.5289030397088539,11
1785529243.6157413,56294,1.459433714160003,1.5307558599637303,11
1785529243.6157987,56295,1.4593536145633614,1.5360411511970502,11
1785529243.618133,56297,1.457609521838061,1.536067829937399,11
1785529243.656712,56299,1.4548617550082994,1.5384644964007264,11
1785529243.6583555,56305,1.4527597714086153,1.5384435413805788,11
1785529243.6584113,56306,1.4476078492271942,1.5339550163335436,11
1785529243.6585014,56308,1.4519820815226407,1.5301389913811447,11
1785529243.6585302,56307,1.4520316230042705,1.5266373191654015,11
1785529243.6585615,56309,1.463169948299759,1.5264963848921533,11
1785529243.6692843,56310,1.4720036736924367,1.5265859235622723,11
1785529243.6693451,56311,1.4736244070578732,1.525171254094351,11
1785529243.6720152,56314,1.4691333091284533,1.5252130258764927,12
1785529243.6753,56315,1.4691607758196568,1.528274686871962,12
1785529243.7113793,56316,1.4691509404625285,1.5293462254106531,12
1785529243.7114422,56317,1.4756274581618432,1.5294001514388587,12
1785529243.711573,56318,1.4811837524048632,1.534957467333747,12
1785529243.711617,56320,1.4854349464937049,1.5307051982656046,12
1785529243.7119818,56319,1.4854349684931338,1.5307051760404846,12
1785529243.7121625,56321,1.4829350226205156,1.5307246669632493,12
1785529243.7122495,56323,1.482846630295322,1.5308130547780303,12
1785529243.7127378,56325,1.4828463570636528,1.530813328158567,12
1785529243.7152784,56327,1.4828503270303326,1.5313406704053565,12
1785529243.725561,56328,1.4828321685535077,1.532674283664512,12
1785529243.7288518,56330,1.48529866008964,1.5351415275223925,12
1785529243.764398,56331,1.4852551762043884,1.5378956616112982,12
1785529243.776827,56332,1.4860538111795074,1.5370967567899618,12
1785529243.7841647,56333,1.4870379383243257,1.5370884428288911,12
1785529243.784226,56334,1.485816074626838,1.5370872829286986,12
1785529243.78445,56335,1.4841313078008296,1.538772714867557,12
1785529243.784528,56337,1.4802560035871868,1.5348961066587146,12
1785529243.784528,56338,1.4840109278717186,1.534863558286635,12
1785529243.784568,56339,1.484001290965067,1.533808419900932,12
1785529243.7846134,56340,1.483999320631149,1.5339861578030005,12
1785529243.784636,56341,1.4865326213743668,1.5339910771653065,12
1785529243.784653,56342,1.4780774615190473,1.525534264858583,12
1785529243.7846696,56343,1.478101254711052,1.5233972503085036,12
1785529243.7847304,56348,1.4781112672546257,1.5251520985189986,12
1785529243.7879217,56347,1.4826287776759624,1.5206343884084568,12
1785529243.7904623,56349,1.4873909660152402,1.5253970131588908,12
1785529243.7951074,56351,1.4873828150906738,1.523988695620248,12
1785529243.8045173,56352,1.487429593068257,1.5187515399820046,12
1785529243.807104,56353,1.4789973650365322,1.5187001942838092,12
1785529243.8217003,56354,1.4880296142811091,1.527733276800113,12
1785529243.8566518,56355,1.4880399487655116,1.5262245935653471,12
1785529243.8576245,56357,1.4870592732481225,1.526226448053128,12
1785529243.8577092,56359,1.4817675962289418,1.531519163500566,12
1785529243.8577614,56364,1.4816361174417403,1.5425480280473427,12
1785529243.8578053,56365,1.4841623545285358,1.5425578851219843,12
1785529243.857849,56366,1.474287322432686,1.5326795920961183,12
1785529243.865222,56367,1.4742350998073368,1.5363349632089962,12
1785529243.865222,56368,1.468471058753185,1.5421004290300242,12
1785529243.8653536,56369,1.466588943482398,1.5421274084113934,12
1785529243.865476,56372,1.4665480340200345,1.5374076069766518,12
1785529243.8655047,56371,1.4690366155627679,1.5349186380922715,12
1785529243.9111404,56373,1.464554210167339,1.5304361111511178,12
1785529243.912165,56374,1.4608928210866352,1.5305036781632775,12
1785529243.9122932,56377,1.4659667937171141,1.5305272458710704,12
1785529243.912351,56378,1.471137401744916,1.5356976467999475,12
1785529243.912382,56379,1.4712297643712353,1.5307893246483344,12
1785529243.9124038,56384,1.4712323030504235,1.5314893633459459,12
1785529243.9124508,56382,1.4688710438219414,1.531480518525306,12
1785529243.9471257,56383,1.4654035710839064,1.5349479290078825,12
1785529243.9740717,56387,1.4654112230449716,1.5361711585416995,12
1785529243.9744813,56388,1.4655392757342098,1.5273199024521513,12
1785529243.9746263,56389,1.4623860338415062,1.5272881080463419,12
1785529243.9747066,56390,1.4572664682596335,1.522170262280382,12
1785529243.9783943,56392,1.4573548414200614,1.522081896933375,12
1785529243.9784422,56391,1.4572939386949388,1.5278179723586311,12
1785529243.9784703,56393,1.4595245636126326,1.5277807659040537,12
1785529243.978494,56394,1.465304443555377,1.527832861532159,12
1785529243.978521,56395,1.4663702290711005,1.5267673635531476,12
1785529243.978569,56398,1.471632067205736,1.526693456479378,12
1785529243.9785953,56399,1.4716092742742102,1.5211781007594505,12
1785529243.9786403,56401,1.4735400833112764,1.5211857023248214,12
1785529243.980225,56405,1.4719377610659965,1.5212094287390068,12
1785529243.9944308,56407,1.4752280915875249,1.5179193826711856,12
1785529244.0184884,56410,1.4704261156921563,1.5179954985640598,12
1785529244.0320985,56411,1.470423964414179,1.5205331769653505,12
1785529244.032221,56417,1.4720260450711038,1.5205075990328616,12
1785529244.0458033,56422,1.4779000467823156,1.5204277435106155,12
1785529244.0507443,56423,1.4779438888767538,1.5286751217257282,12
1785529244.087166,56431,1.4790061189589794,1.5276127978176206,12
1785529244.1515124,56432,1.4821188930448026,1.5288086105319059,11
1785529244.1520736,56440,1.478310315530563,1.532618007290802,11
1785529244.1521707,56439,1.4773931223422643,1.5256699842935595,11
1785529244.1522377,56442,1.4748340492486978,1.5252838814548657,11
1785529244.1522791,56443,1.4769542667707072,1.5231636586226227,11
1785529244.1522973,56448,1.4775680447808697,1.5277296104649005,11
1785529244.1523328,56449,1.47552275879375,1.5274227493619965,11
1785529244.1523843,56444,1.4764836412174864,1.5336737124014703,11
1785529244.1524222,56452,1.481424831069759,1.5287315799568628,11
1785529244.1524398,56451,1.4811570063272972,1.526761380673508,11
1785529244.1531196,56454,1.4792118008297663,1.526465424515149,11
1785529244.153197,56455,1.4734827383049751,1.5321950989526347,11
1785529244.1609998,56460,1.4729991768007087,1.5286591232499565,11
1785529244.1890388,56461,1.4830592893481684,1.5357794754759222,10
1785529244.2040937,56462,1.4829842773486845,1.5357044153878512,11
1785529244.2041748,56464,1.48289565675563,1.5357925477288648,11
1785529244.204198,56463,1.4835420375153485,1.5406612872847314,11
1785529244.2042143,56468,1.483590221874399,1.5409696386871987,11
1785529244.2048483,56467,1.487385059452588,1.5371735755265314,11
1785529244.2051504,56469,1.4874976284268675,1.5372861778813334,12
1785529244.2051806,56470,1.4826664269322294,1.5373070266004127,12
1785529244.2051978,56471,1.4826600006555775,1.5367796681100034,12
1785529244.2052586,56473,1.4807396138991618,1.5367677715996153,12
1785529244.2200842,56474,1.4846292497239961,1.540658962116732,12
1785529244.2267885,56475,1.4845571392245058,1.5455466269011606,12
1785529244.2490702,56481,1.4840244742081459,1.5455501051500797,11
1785529244.2491152,56482,1.4882459685455454,1.5455276131963167,11
1785529244.2491343,56483,1.4882109334725717,1.5433259321237205,11
1785529244.2491677,56484,1.4882184536999343,1.5428821193793547,11
1785529244.2491844,56486,1.4812342028941894,1.5367922077614047,11
1785529244.2523465,56488,1.48772903263968,1.5311246338686073,11
1785529244.2541056,56487,1.4877525525673683,1.5292606275970244,11
1785529244.272594,56491,1.482074285388404,1.5342159974438987,11
1785529244.2926083,56493,1.4772173586860589,1.5299790271926386,11
1785529244.292701,56494,1.4696458713738794,1.530058322469011,11
1785529244.2928026,56495,1.4696485046352568,1.5303208063689226,11
1785529244.2930393,56496,1.469635843022536,1.5310351150911803,11
1785529244.2931213,56497,1.4698363730294994,1.5310366984220651,11
1785529244.2932053,56498,1.4701399824566326,1.5313008820335399,11
1785529244.293265,56499,1.470143648582987,1.530942794566836,11
1785529244.3136892,56501,1.4656490975457412,1.5310070086410266,12
1785529244.3308544,56503,1.4685788795145933,1.5280773347719978,12
1785529244.3309238,56505,1.471570697495153,1.5310690028511118,12
1785529244.3312776,56506,1.4784468884681883,1.5309891435484255,12
1785529244.3313084,56507,1.478430745352115,1.5287952228717396,12
1785529244.3313682,56509,1.477993070740577,1.5287919632037537,12
1785529244.3798218,56510,1.4735924115438845,1.5257882012550865,11
1785529244.380327,56511,1.4735953418224097,1.5254315180025868,11
1785529244.3803616,56513,1.4803034649837803,1.5253831906912774,11
1785529244.380416,56514,1.4759758571416262,1.5253510605224196,12
1785529244.3804336,56515,1.4765940618717357,1.5247328403422238,12
1785529244.3804681,56518,1.4748117325444141,1.5247462208837759,12
1785529244.4242096,56519,1.4748240841116285,1.526115522988025,11
1785529244.4272408,56520,1.4748041832167076,1.5291641403573337,11
1785529244.4273329,56521,1.4707777399682975,1.5291135583356217,11
1785529244.4273329,56522,1.4709547929317206,1.5293153059882816,11
1785529244.4274187,56523,1.470944092910349,1.5310446391326098,11
1785529244.4274187,56524,1.4564116366301987,1.547604351961445,11
1785529244.4274592,56525,1.4532690614554824,1.5476449965540733,11
1785529244.4275105,56529,1.4535349699343874,1.5479474360421142,11
1785529244.4275634,56530,1.451379953023759,1.547979324508313,11
1785529244.4275908,56531,1.4513251035870103,1.5444182488624163,11
1785529244.4276378,56533,1.4496703516890204,1.5443844727970728,11
1785529244.4276628,56534,1.454984599570411,1.5504285677903562,11
1785529244.427686,56536,1.4621307776438364,1.542290657392768,11
1785529244.4277039,56535,1.4621700232952795,1.5384175524813732,11
1785529244.4277275,56537,1.4663772536413098,1.5383734544408878,11
1785529244.441913,56538,1.4700420040184148,1.5384290551475657,11
1785529244.4421668,56539,1.469072040571291,1.539534906590492,11
1785529244.464039,56545,1.4761362983599242,1.5396161059054239,11
1785529244.4816027,56544,1.4761151067799108,1.5413434099952843,11
1785529244.481646,56546,1.4772630511617426,1.542653062885424,11
1785529244.4816813,56552,1.4772510172839042,1.5416126353687292,12
1785529244.4842715,56550,1.4762924379134468,1.5416075712239057,12
1785529244.4843075,56553,1.4741765785576515,1.5394909903685936,12
1785529244.4843385,56554,1.4768627140932613,1.5394640334193639,12
1785529244.4843385,56555,1.4767998148512507,1.5327978094556711,12
1785529244.4844413,56556,1.4767136175952382,1.5380538655099298,12
1785529244.4883657,56557,1.4729617587178387,1.538040471983874,12
1785529244.4885256,56558,1.4690893076508524,1.5341674937384535,12
1785529244.493706,56559,1.4690941571988407,1.533720908666236,12
1785529244.4985766,56561,1.4647161828131265,1.533789521850126,12
1785529244.5159106,56563,1.4662268944181547,1.5322787202452988,12
1785529244.5496588,56565,1.463150221343056,1.5292022566489532,12
1785529244.5497813,56567,1.463176302569673,1.5336541438067801,12
1785529244.5499053,56568,1.4632691577264059,1.526317869404424,12
1785529244.54996,56570,1.4635344084742543,1.5265830374247167,12
1785529244.550053,56572,1.462294365785124,1.5278218454811698,12
1785529244.5500836,56573,1.4672903900969194,1.5277598158228105,12
1785529244.5501258,56576,1.4672612310035522,1.5241756777301125,12
1785529244.5501497,56574,1.4791847523422283,1.5242437215891025,12
1785529244.550167,56575,1.4776745422459554,1.525754373300942,12
1785529244.5563202,56578,1.4790117057100685,1.5257380260092936,12
1785529244.5576773,56579,1.4790907898061505,1.5364468092013002,12
1785529244.5643833,56581,1.4756859785525756,1.536422973726578,12
1785529244.5685372,56582,1.471178619287046,1.5319149208024345,12
1785529244.595921,56583,1.4711740097893218,1.5323611202912808,12
1785529244.6145816,56588,1.4711728747486532,1.5322735804134664,12
1785529244.6146767,56586,1.466713581634786,1.5322243206392188,12
1785529244.6147323,56587,1.4700679280755045,1.5288700421967536,12
1785529244.6149564,56591,1.4700019300907397,1.52090741411455,12
1785529244.6150293,56592,1.4700265829479995,1.5175153467675557,12
1785529244.6150599,56593,1.4706417444595168,1.5175211616619928,12
1785529244.6151202,56594,1.4760305394502793,1.5229094129136018,12
1785529244.615179,56595,1.4760538857345968,1.5196129987318947,12
1785529244.634445,56598,1.4702579424032012,1.519552282641461,12
1785529244.6346648,56599,1.4647910729323281,1.5250181027414365,12
1785529244.6370535,56600,1.4647798896329953,1.5239700099030629,12
1785529244.6584933,56604,1.464784268261962,1.5231652796699806,12
1785529244.6730325,56605,1.4788174584143479,1.523298758690134,12
1785529244.673171,56608,1.4779315887793383,1.5241847468026126,12
1785529244.6732223,56607,1.4778718123186694,1.5291712451968502,12
1785529244.6732495,56609,1.4730524529966034,1.5292332020528883,12
1785529244.6734738,56611,1.477051742320562,1.5252336010127105,12
1785529244.6814008,56612,1.4770944481612835,1.5329523702254095,12
1785529244.6845708,56617,1.466255078549502,1.5328602984663795,12
1785529244.691118,56619,1.4662401278418438,1.534290406870707,12
1785529244.703973,56621,1.4658825374953997,1.53429429258298,12
1785529244.741451,56623,1.4618179826591715,1.5383588594954358,12
1785529244.7445266,56626,1.4613703947618977,1.5383643368366402,12
1785529244.7446184,56627,1.4613295269642363,1.5349617379593323,12
1785529244.7446983,56631,1.4613425470093244,1.5338874529605908,12
1785529244.7447286,56633,1.4635773035415225,1.533859210562271,12
1785529244.7448924,56634,1.4632277277997678,1.5338548236706755,12
1785529244.7666054,56635,1.475409851182534,1.5287148862926636,11
1785529244.7667463,56640,1.4760941155478304,1.5339038774447822,11
1785529244.7669566,56641,1.4771140998395074,1.5340556575298105,11
1785529244.7720287,56643,1.4775278276626782,1.5372691794153865,11
1785529244.8243062,56647,1.4712145875686014,1.5460203911195611,10
1785529244.8250458,56652,1.4685848984196892,1.537768989576726,10
1785529244.8251896,56653,1.4670092445321148,1.5372297229923741,10
1785529244.8252442,56656,1.4728446302307145,1.531393627489387,10
1785529244.8252678,56655,1.4741316412802268,1.5353878888500316,10
1785529244.8307705,56659,1.4775829306964314,1.5319358035370554,10
1785529244.8455403,56665,1.4787642625158848,1.5323349148095593,10
1785529244.8517237,56667,1.4764828328702475,1.5252843621820993,10
1785529244.8988664,56671,1.4762316098263406,1.5147308047453105,9
1785529244.9172804,56676,1.4754805249278975,1.5124436237064436,9
1785529244.9175336,56677,1.4705931215990842,1.5104562767641831,9
1785529244.9176052,56678,1.4717750474988593,1.5118030709132593,10
1785529244.917808,56679,1.4714863557607192,1.5097393360613567,10
1785529244.917845,56684,1.4716110956628101,1.5105931857626103,11
1785529244.9179096,56682,1.469140711549738,1.5102154158187713,11
1785529244.917944,56683,1.4649005354427518,1.5144541207524325,11
1785529244.918,56686,1.4694556812062363,1.5150634174516455,11
1785529244.9180336,56687,1.4709627581236349,1.5248846087501988,11
1785529244.921456,56688,1.471842063990332,1.5312350351014041,11
1785529244.9251757,56689,1.4800183543824061,1.5324867962934043,11
1785529244.9289105,56690,1.4816697509816057,1.5341385985296037,11
1785529244.9319134,56691,1.4815457807911863,1.533205940573889,11
1785529244.9372919,56693,1.4836299508985336,1.5334951686383205,11
1785529244.9449606,56695,1.4801890996110918,1.5369371935238814,11
1785529244.9530053,56697,1.4736187624177441,1.5303655623652461,12
1785529244.9532683,56698,1.4687975543679106,1.5304068161172781,12
1785529244.98632,56699,1.468750575646844,1.5248965483658103,12
1785529245.003084,56700,1.468749857142769,1.5249858314755644,12
1785529245.0040967,56701,1.4614737575720165,1.5249043260567499,12
1785529245.0042078,56702,1.4615621754969312,1.5249927203355058,12
1785529245.0042646,56704,1.4590888601342311,1.5274653973077832,12
1785529245.0042877,56703,1.4589990454488622,1.5357071887228755,12
1785529245.0053854,56706,1.457863606067173,1.5356931398245288,12
1785529245.0054784,56707,1.462289849745291,1.5312675895366483,12
1785529245.0060632,56711,1.462321633922198,1.534409373886443,12
1785529245.0062525,56712,1.4622586569842735,1.5391528193268222,12
1785529245.021888,56714,1.4621702406867967,1.539064424275739,12
1785529245.0412674,56715,1.4622685440629222,1.5310097210672924,12
1785529245.093665,56723,1.462185568467031,1.5192293204032594,12
1785529245.177596,56725,1.4587255030439443,1.5220944130474685,8
1785529245.1803613,56726,1.4624591624746321,1.5252608992029515,8
1785529245.18042,56732,1.4632661430796552,1.5292326051918135,9
1785529245.1804519,56730,1.4628300295481682,1.5291681174934433,9
1785529245.180475,56733,1.47077714718833,1.5350762990336133,10
1785529245.180514,56735,1.4709354028351385,1.5460188321675226,10
1785529245.1808631,56737,1.4745690446625421,1.5460395827938134,10
1785529245.1809075,56738,1.4699360686817373,1.5425995085210995,10
1785529245.1809437,56744,1.4699206382871657,1.5416368502212894,10
1785529245.1809614,56747,1.4699993881230833,1.5461002685704655,10
1785529245.1809928,56749,1.4654278502493003,1.546066032213659,10
1785529245.1810236,56750,1.4699528283975238,1.549425381973852,10
1785529245.1810534,56754,1.4701871973238576,1.5494266659408746,10
1785529245.1810818,56755,1.4660160918521397,1.552521748818301,10
1785529245.1810987,56760,1.4660592195009505,1.5506440909713175,10
1785529245.1811285,56761,1.4685193810274058,1.5506647464855194,10
1785529245.181157,56762,1.4712612496246316,1.55269906327088,10
1785529245.181171,56763,1.4712426334972732,1.5535024717247945,10
1785529245.181199,56765,1.472213573676644,1.5534962225682363,11
1785529245.1820166,56768,1.4720354032641887,1.5441238644985045,11
1785529245.1855192,56767,1.4721369183507798,1.5440353625518661,11
1785529245.190963,56769,1.4714280994280515,1.5434175118727655,11
1785529245.1924868,56770,1.466944824544471,1.5434673717696128,12
1785529245.1996508,56771,1.4668519895655525,1.5338518436603668,12
1785529245.2036014,56772,1.466903269876736,1.5304556092740014,12
1785529245.2051222,56773,1.4683796275232364,1.530036231411357,11
1785529245.2083287,56774,1.469699749390413,1.531356275417699,11
1785529245.2136374,56775,1.4691347511739214,1.5349096041300805,11
1785529245.2242496,56777,1.471436600919271,1.5345457816332604,11
1785529245.2534463,56779,1.4774846791250709,1.528497063610054,11
1785529245.2552702,56785,1.480449050636402,1.5280761491682733,11
1785529245.2553308,56786,1.4829976353975678,1.5306250300424205,11
1785529245.2553596,56787,1.4840273719778783,1.524073056842013,11
1785529245.2614677,56792,1.4829343490378528,1.5320689414458715,11
1785529245.2683477,56791,1.479274173063586,1.5357301014817366,11
1785529245.2737231,56793,1.4798036238008587,1.5362597585164026,11
1785529245.2743433,56795,1.4802689507470057,1.532780117342535,11
1785529245.2803497,56796,1.4813582034733905,1.5257090188278621,11
1785529245.2987065,56798,1.4731424938054156,1.51749345710564,11
1785529245.3228142,56797,1.4760107688011785,1.5171045216827193,11
1785529245.3228142,56799,1.475932636246934,1.5176249057987825,11
1785529245.3229282,56801,1.4754130930171503,1.517704171988692,11
1785529245.3229458,56803,1.4715152372505158,1.5216016135907786,11
1785529245.322976,56805,1.4663964812280623,1.5164840394408086,11
1785529245.3229935,56806,1.4635896766329515,1.5169231909505465,11
1785529245.327165,56810,1.460679270222485,1.5140141105240024,11
1785529245.3407905,56813,1.4516309246814085,1.5154723819194438,11
1785529245.348661,56811,1.450963699161877,1.519778986912829,11
1785529245.3683004,56817,1.4493816532287243,1.5181985355354566,11
1785529245.3870637,56818,1.4528979178948251,1.517627307268243,10
1785529245.3871713,56822,1.4590732085381457,1.5227794784451647,10
1785529245.3872092,56823,1.4589408563894732,1.5235158032798586,10
1785529245.3898597,56829,1.4623331223788407,1.5263482171425435,10
1785529245.4085567,56834,1.463977209917067,1.5277213982154871,10
1785529245.4312904,56837,1.4748166682141108,1.5260367891580542,10
1785529245.465729,56841,1.4707447776846005,1.522315193094647,9
1785529245.4658504,56842,1.4847697902592951,1.519870720256859,9
1785529245.4658835,56843,1.4823114486466178,1.5359475383970935,9
1785529245.4659696,56844,1.4813329362630283,1.5416660300121725,9
1785529245.466014,56845,1.4765941523918102,1.5423839317199182,9
1785529245.4661145,56846,1.4653358500960632,1.5311125292801975,9
1785529245.466275,56848,1.4646383372731837,1.5318093131316668,10
1785529245.4663186,56847,1.4646427455626279,1.5295685110413924,10
1785529245.4663486,56849,1.465863455376299,1.5295648689367407,10
1785529245.4664135,56851,1.4681612938674746,1.527268276976861,10
1785529245.4862583,56854,1.4612474439369911,1.527297573136608,10
1785529245.5265408,56853,1.466824662037047,1.5328711002138664,10
1785529245.5265965,56855,1.4667574476627783,1.5286883518132477,10
1785529245.5268698,56861,1.4594342481884268,1.5287484603555395,10
1785529245.5269191,56862,1.464233453114258,1.528820027479248,11
1785529245.5269616,56863,1.4649411169393802,1.5280141956535795,11
1785529245.5269797,56869,1.467655688627308,1.5280458007709472,11
1785529245.529734,56870,1.4725096719109447,1.5335784090598594,11
1785529245.5314085,56871,1.4724744054639523,1.5366289610535846,11
1785529245.5403051,56873,1.470506241117621,1.5366546200264908,11
1785529245.545554,56875,1.4692656773782704,1.5380680913452567,11
1785529245.5507472,56877,1.4623911103592449,1.530234458848533,11
1785529245.5546496,56879,1.462413868332792,1.5334145835522834,11
1785529245.5619094,56880,1.4623886611297012,1.5355547953589919,11
1785529245.5645304,56881,1.4565363555610278,1.5354705859228546,11
1785529245.5682013,56882,1.4590117903873532,1.5382877911598118,11
1785529245.5800462,56883,1.4590406896861328,1.5354320684411862,11
1785529245.606834,56887,1.4610722159640612,1.5331192158283349,11
1785529245.630738,56888,1.4610931762717936,1.5350182582849035,12
1785529245.6308622,56892,1.4610654728241832,1.537256558388335,12
1785529245.6309047,56893,1.4652552847177847,1.5373020484644553,12
1785529245.6309333,56894,1.462697968344355,1.5347447040161253,12
1785529245.6310344,56896,1.4678367383879627,1.5296061921432555,12
1785529245.6310835,56895,1.4678555282276715,1.527998139429995,12
1785529245.6318521,56899,1.473257983026791,1.5225960857313834,12
1785529245.6430254,56904,1.4732474983673611,1.5236661600155972,12
1785529245.6452267,56905,1.4729844176397826,1.523663765442335,12
1785529245.6481323,56906,1.4736899449722163,1.5243698892082334,12
1785529245.6506274,56908,1.4674004435135874,1.5306591672814844,12
1785529245.6606863,56912,1.467372070204038,1.5264629913624037,12
1785529245.6802747,56911,1.460098219586896,1.5337357899965405,12
1785529245.694154,56913,1.4595585283777397,1.5348195659422406,11
1785529245.697353,56915,1.4595460878588362,1.5328143091315947,11
1785529245.6974733,56916,1.4595994270469104,1.5299477079525052,11
1785529245.6975057,56917,1.4625080344784016,1.5299641714818362,11
1785529245.697633,56918,1.4677463513694164,1.5345295041467906,11
1785529245.6976895,56920,1.466115543970326,1.5359531327977822,11
1785529245.6977131,56921,1.4696031676597685,1.5359031127129634,11
1785529245.7026262,56924,1.4696540960007758,1.5407155625207871,11
1785529245.7042086,56923,1.4794088665280396,1.5322047594541317,11
1785529245.7156806,56925,1.4817344249281346,1.534233045473204,11
1785529245.7157826,56926,1.4802262591465634,1.5342447343731622,12
1785529245.7168593,56927,1.4802131977732929,1.5328397056463745,12
1785529245.7211077,56928,1.4802141520925707,1.5327507166578156,12
1785529245.725263,56929,1.490965481949943,1.5327594857458764,12
1785529245.764264,56930,1.4850963600259364,1.5285426957660555,11
1785529245.7643795,56931,1.484941252081049,1.5366275504208449,11
1785529245.764403,56936,1.484933692211037,1.5351330050068979,11
1785529245.764448,56935,1.4702438228562615,1.548055242513254,11
1785529245.764486,56937,1.4729391121231137,1.550425640691526,11
1785529245.7645109,56938,1.473961247047248,1.5504113719411083,11
1785529245.7645345,56939,1.4739256667074803,1.5470813566020318,11
1785529245.7675302,56942,1.476020565984669,1.5489216052484178,11
1785529245.772202,56943,1.4762463458375024,1.5393857173192689,11
1785529245.772202,56944,1.4760453391603499,1.539561915022871,11
1785529245.797417,56948,1.4760441734741905,1.5395630857075504,11
1785529245.8148584,56947,1.4801902876752693,1.5359186393642479,11
1785529245.8149467,56956,1.4809998338288313,1.5352071756953702,11
1785529245.817504,56957,1.4852773448571233,1.5351660993644758,11
1785529245.8553371,56959,1.4767923230497617,1.5426249204405138,11
1785529245.876781,56960,1.4767569569436338,1.5394673669837828,11
1785529245.8769188,56969,1.4766550113324792,1.5394678172696759,11
1785529245.8769798,56968,1.4776658758369572,1.538579747127744,11
1785529245.8838978,56974,1.476035105444187,1.5385984677619402,11
1785529245.8855157,56975,1.4760727091547914,1.542193866463417,11
1785529245.9326189,56981,1.4569904154191629,1.5426830375165386,9
1785529245.9326563,56984,1.4571336461237163,1.549082852867406,9
1785529245.9326909,56983,1.4716700336755615,1.5364671851017342,9
1785529245.9340358,56949,1.4697934613925927,1.5348403090310676,9
1785529245.9340358,56986,1.4544133060790156,1.5349640136912868,9
1785529245.9341052,56987,1.4543899894006926,1.5334653903645876,9
1785529245.9377851,56993,1.4485928066506555,1.5335371018714086,9
1785529245.9431217,56994,1.4526640599309855,1.5335968092862182,10
1785529245.9454446,56995,1.4454949993223394,1.5408234514148078,10
1785529245.9608252,56998,1.4553898528718463,1.5406441264311186,10
1785529245.9792123,56999,1.4541948785042638,1.5454029440896058,8
1785529245.9828153,57000,1.4532530111207507,1.5392090506631386,9
1785529245.9828568,57001,1.4602324306770478,1.5404723890991112,10
1785529245.9829726,57002,1.4632258948539452,1.5439079351171239,11
1785529245.983021,57003,1.4632669765511468,1.541236611872909,12
1785529245.986313,57008,1.4631960144455596,1.534601536443064,12
1785529245.9869788,57007,1.4652356593601368,1.5325619097892165,12
1785529245.990824,57009,1.461799729078274,1.529126362176246,12
1785529246.0219057,57011,1.461824326647954,1.5323547043341545,12
1785529246.0236342,57012,1.4617990754663515,1.5342344341101886,12
1785529246.0237074,57013,1.4588280270034315,1.5342014149658907,12
1785529246.028005,57014,1.4503560137518243,1.5257326986749606,12
1785529246.028075,57015,1.4502940409961547,1.5309426847350618,12
1785529246.0311723,57022,1.4563677914322903,1.5308345267127736,12
1785529246.0355308,57023,1.4563449018493764,1.5279606984891878,12
1785529246.0717876,57026,1.4669259974316833,1.5385404723956648,12
1785529246.0757565,57028,1.4670144310223352,1.5384521867051688,12
1785529246.0758088,57029,1.472027432347161,1.5383932864865295,12
1785529246.0758786,57032,1.4719981768560417,1.5357661588875515,12
1785529246.0759006,57031,1.474565880328461,1.5331980382991257,12
1785529246.0759602,57033,1.4781827198898507,1.536815661296485,12
1785529246.0759926,57034,1.4729043801254615,1.536872380347709,12
1785529246.0766425,57035,1.4728918480925386,1.5353832846324746,12
1785529246.088734,57036,1.4728035036982354,1.5404678228446809,12
1785529246.0904968,57037,1.4677469417593452,1.5404413989316657,12
1785529246.0905387,57038,1.4620241518801977,1.5347183515830187,12
1785529246.102859,57040,1.464863670584595,1.5318788475378973,12
1785529246.110688,57039,1.4649239542179244,1.5272289512984962,12
1785529246.1945267,57041,1.4580272645714731,1.5272732179607156,11
1785529246.1957417,57043,1.4538915716594987,1.5309011787412923,11
1785529246.195814,57045,1.4488569383181327,1.526486391242576,11
1785529246.1959057,57047,1.4489275649518931,1.5323929330768415,11
1785529246.19597,57048,1.448953502310176,1.5296069994489863,11
1785529246.1959958,57049,1.4551386705030858,1.5297022615859923,11
1785529246.1960385,57050,1.4616835426888426,1.5354455401789653,11
1785529246.196088,57051,1.461710564022788,1.5333867612465313,11
1785529246.19612,57055,1.4733016015956473,1.523217523756116,11
1785529246.1961684,57061,1.4750018818231487,1.523228135260749,11
1785529246.1962106,57062,1.472385017544631,1.5209341661665072,11
1785529246.1962311,57063,1.4723221193723082,1.5263754082619185,11
1785529246.1962726,57068,1.4723440552907474,1.5292653867854382,11
1785529246.1962955,57066,1.4752961156845443,1.529280096087018,12
1785529246.1963162,57067,1.4683726758550062,1.53620423912898,12
1785529246.197735,57069,1.4795483004203802,1.5473841133408932,12
1785529246.1977932,57071,1.479472088620239,1.5385169124738756,12
1785529246.2015374,57072,1.4795899353066162,1.531929610690311,12
1785529246.2044916,57073,1.4785407025127473,1.5319272603094825,12
1785529246.2447588,57074,1.4743186581000722,1.5277047700017883,12
1785529246.2489488,57077,1.4749429949370234,1.5276965011686845,12
1785529246.249008,57079,1.4733447662381205,1.5292948201068306,12
1785529246.2490337,57075,1.4734488420336815,1.5200208182308157,12
1785529246.250357,57088,1.467871468885292,1.5255975310316672,12
1785529246.2580223,57089,1.474022444014142,1.5255353986525966,12
1785529246.264013,57092,1.474084017437004,1.531143521477035,12
1785529246.2641006,57087,1.47399871146554,1.539257149274673,12
1785529246.2651458,57091,1.4744406757712674,1.538815059640963,12
1785529246.272029,57094,1.4809752967426728,1.538772562351454,12
1785529246.294062,57095,1.48093506830342,1.5358737072542092,12
1785529246.320509,57096,1.4807975888161906,1.545571605529973,12
1785529246.3207614,57097,1.4870628104927268,1.5455845788408635,12
1785529246.3208344,57098,1.4871513162816195,1.5456730084280335,12
1785529246.3209367,57099,1.487078986008997,1.5491359967905884,12
1785529246.3209598,57101,1.478367723430898,1.5492462808673935,12
1785529246.3210027,57104,1.478360825540897,1.54845639401425,12
1785529246.3210273,57103,1.4726576772813786,1.5541633350535338,12
1785529246.3210654,57105,1.4596008124377242,1.541102409355765,12
1785529246.3210835,57106,1.4522514193436518,1.54127803062218,12
1785529246.3211021,57107,1.4522718317071175,1.5457132343871727,12
1785529246.3265843,57108,1.4522757451074133,1.5454442730442532,12
1785529246.3266344,57109,1.4440956470507746,1.5453630292392868,12
1785529246.3293905,57110,1.446028110439964,1.5472952970180094,12
1785529246.3350632,57111,1.4460949406970716,1.5440564075249938,12
1785529246.3401258,57116,1.4461168543161456,1.546139071311475,12
1785529246.3459227,57115,1.452687871955385,1.5395696856887113,12
1785529246.353368,57117,1.4588467906397233,1.5457279813104794,12
1785529246.3534098,57118,1.4671915120767636,1.5455992222511272,12
1785529246.3963382,57119,1.46312854050645,1.543723325409236,11
1785529246.3967102,57122,1.465442137943634,1.5457569756473895,11
1785529246.3991222,57124,1.4690633525252108,1.5425741471864742,11
1785529246.3991714,57123,1.4690282715913807,1.5446283902702447,11
1785529246.3992243,57128,1.468985299650323,1.541741345363019,11
1785529246.3992548,57127,1.4707999738488904,1.5401464258560447,11
1785529246.4002576,57129,1.468791588343866,1.5383825503759059,11
1785529246.4005544,57131,1.4688386201319423,1.5417941677971754,11
1785529246.4085352,57134,1.4686371037703694,1.5416170709825816,11
1785529246.4108303,57136,1.4694430852141265,1.5409096985853878,11
1785529246.4122157,57135,1.469490551442641,1.5377842554143855,11
1785529246.458817,57139,1.466170769139564,1.540700260966745,11
1785529246.4589689,57140,1.4661596533715748,1.5400010612035357,11
1785529246.4590087,57145,1.470825716847844,1.5400416164443653,11
1785529246.459043,57146,1.4766490773753767,1.545158420510163,11
1785529246.4590974,57148,1.4770522384584435,1.5448039988811206,11
1785529246.472398,57153,1.4826684632252263,1.5497417663566768,11
1785529246.5241685,57154,1.4808817015329399,1.549756276900289,10
1785529246.5257099,57155,1.4808816637653575,1.549756277069107,10
1785529246.5258799,57156,1.48085724822862,1.5506461976931323,10
1785529246.5269024,57158,1.4705313993818239,1.542907816128663,10
1785529246.5270782,57160,1.4710043805381006,1.5425521257022001,10
1785529246.5271084,57159,1.470980293772159,1.5435340476551407,10
1785529246.5271838,57164,1.4709619849152087,1.5421334106193343,10
1785529246.5272062,57163,1.469541159483301,1.5432009996765366,10
1785529246.5273066,57165,1.4633256469972387,1.5385457152105033,10
1785529246.527328,57166,1.462489850637065,1.538557267735519,10
1785529246.5273545,57167,1.4624607510452217,1.5354153064378708,10
1785529246.5274851,57168,1.4625249556590008,1.5325511244448233,10
1785529246.527813,57169,1.4531983644156012,1.5324882722208029,10
1785529246.5279179,57170,1.4643640081204972,1.5408547641313486,10
1785529246.5306506,57171,1.4643886836783764,1.5396920206143352,10
1785529246.5392597,57173,1.4645955673070248,1.5396902493150006,11
1785529246.5507205,57177,1.4733356660579606,1.5473703402625982,11
1785529246.5578158,57179,1.4733374728081492,1.5474580575292598,11
1785529246.5931678,57181,1.4786798627652806,1.5474823193954748,11
1785529246.5933473,57182,1.4665462818509687,1.5368233562245908,11
1785529246.5933886,57183,1.4665132457038095,1.5387001966721865,11
1785529246.5934272,57188,1.4665074711329937,1.5381758305474025,11
1785529246.5934935,57189,1.4569700751167871,1.529807562377854,11
1785529246.5935495,57187,1.4589902746831402,1.5280345066174104,11
1785529246.6013384,57191,1.4589568026129536,1.5213231674884862,11
1785529246.6067111,57194,1.4611631953789468,1.5232554199542037,11
1785529246.612059,57195,1.4611313340066725,1.5253145498038947,11
1785529246.6150339,57196,1.4614331481972807,1.525050109618552,11
1785529246.6174004,57197,1.462350226357236,1.525032265007106,11
1785529246.6459947,57198,1.4644362440696252,1.5250418450973853,12
1785529246.6542377,57199,1.4644363866273096,1.5250418472666933,12
1785529246.6671484,57204,1.4644576939582723,1.5237003784884893,12
1785529246.667502,57205,1.4713849015857687,1.5237137525351074,12
1785529246.6675823,57206,1.4733982178594152,1.5257262532660898,12
1785529246.667615,57207,1.4733465497805802,1.5284018662324497,12
1785529246.6676323,57212,1.473345736715632,1.5315556956136072,12
1785529246.667664,57211,1.4743274870987095,1.5305741673564737,12
1785529246.671849,57213,1.4760778866124598,1.5323245896377615,12
1785529246.6731963,57214,1.4821529614351197,1.5322291749127706,12
1785529246.677384,57215,1.482187319857277,1.5388194896138443,12
1785529246.6819394,57216,1.4822113937000354,1.5374856750279065,12
1785529246.6949148,57217,1.473484425315474,1.537452408712672,12
1785529246.7223814,57218,1.4750717384989889,1.5390401948529175,12
1785529246.7234688,57219,1.475120120206734,1.5355639308886047,12
1785529246.7236779,57221,1.4732421294982951,1.5355823935328532,12
1785529246.7237692,57223,1.4705864919637692,1.5382385321337675,12
1785529246.7238145,57225,1.472792439680661,1.540445046270004,12
1785529246.7238433,57226,1.4699262292341773,1.5404778678487294,12
1785529246.7238681,57227,1.469999318338274,1.5460788925357354,12
1785529246.7267625,57229,1.4704343868858678,1.5460834491043798,12
1785529246.7290013,57230,1.4683149095845678,1.5439627727546534,12
1785529246.7415795,57231,1.4682982659732586,1.5450348187432723,12
1785529246.758083,57238,1.4753841964617465,1.5449698797691949,12
1785529246.7952094,57239,1.4753987519460303,1.5458467460484677,12
1785529246.7958243,57242,1.473717238047791,1.544164461235977,12
1785529246.7958925,57244,1.474864333526152,1.5430168865900484,12
1785529246.7959235,57243,1.4748910910581634,1.5407883158117845,12
1785529246.7959518,57248,1.4748359899715404,1.5370188067675639,12
1785529246.796015,57246,1.4752724267340278,1.5370226019541495,12
1785529246.7960415,57247,1.4733296290832782,1.538966145069886,12
1785529246.7960918,57250,1.462048703336329,1.539097270233448,12
1785529246.7961376,57251,1.4620589159429318,1.540057236289205,12
1785529246.806693,57253,1.4624077421740187,1.5400618314415357,12
1785529246.8105915,57254,1.4593220426906524,1.536975182308985,12
1785529246.8204238,57257,1.4591430538280472,1.536977492971772,12
1785529246.8235233,57255,1.4591112351740225,1.5390386279984074,12
1785529246.8298893,57256,1.4556529180680822,1.5424967940723238,12
1785529246.8810856,57262,1.4591489313662982,1.5424387466195033,12
1785529246.8843749,57264,1.4590741033591914,1.5467395533315975,12
1785529246.884434,57263,1.4590151074514364,1.541072998608522,12
1785529246.8845222,57266,1.4634981783222634,1.5455564412775447,12
1785529246.8845572,57267,1.4635423791669513,1.5433196231570643,12
1785529246.8845851,57269,1.466859721484778,1.5432677236636256,12
1785529246.884659,57271,1.4704080049629935,1.5397186216308616,12
1785529246.8847063,57273,1.4690873588435265,1.538397591193947,12
1785529246.884732,57275,1.46912462623295,1.5419844310399429,12
1785529246.8849046,57276,1.4691751350913522,1.5386800088620392,12
1785529246.88958,57278,1.4629970763084237,1.5325016985240996,12
1785529246.8932734,57279,1.462985923521742,1.5333964366128778,12
1785529246.8949869,57280,1.464225578280949,1.5321568887001547,12
1785529246.8973165,57281,1.4628854523967445,1.5321756380236973,12
1785529246.9446878,57283,1.4612023202261024,1.533858565819272,12
1785529246.9447534,57285,1.4634073316297136,1.5360634508611497,12
1785529246.9447815,57286,1.464391321454105,1.5360498040859263,12
1785529246.9448054,57287,1.4643426958278116,1.5301985147936985,12
1785529246.9448612,57288,1.464342693677556,1.530198415154721,12
1785529246.9449005,57289,1.4629426777810417,1.530186376219618,12
1785529246.9449248,57290,1.4706062570976586,1.5378501054819154,12
1785529246.9449663,57292,1.4762822721461215,1.5321733109933877,12
1785529246.9449859,57291,1.4762823491581816,1.532173233639448,12
1785529246.945005,57293,1.4685994613444404,1.532279468611013,12
1785529246.9478912,57294,1.4623037737060194,1.5322368664503687,12
1785529246.947947,57295,1.4629247675754855,1.5316158480608912,12
1785529246.9619827,57300,1.462917061545052,1.532152708638787,12
1785529246.9644804,57299,1.462919001911759,1.5323273009457707,12
1785529246.9896085,57304,1.459191449829164,1.5360536891777015,12
1785529247.0120366,57303,1.459200686260938,1.540187909810376,11
1785529247.0168657,57305,1.4669931790078,1.5400778418926904,11
1785529247.0174806,57308,1.4669561633750625,1.5369260571620182,12
1785529247.0175138,57306,1.4695749445140949,1.5369482462144008,12
1785529247.0175388,57307,1.4717905083085094,1.534732391936855,12
1785529247.0182858,57309,1.4724075052480723,1.5353494426316616,12
1785529247.0184224,57311,1.4723897820160015,1.5332475799707064,12
1785529247.018538,57312,1.4723779775384493,1.5340504469405514,12
1785529247.0185637,57314,1.4715854897924736,1.5332578797844265,12
1785529247.0268831,57315,1.4716178267592397,1.5309378509064022,12
1785529247.036946,57322,1.4695639005340286,1.5309645396099256,12
1785529247.0371723,57323,1.469576802382074,1.532714342898805,12
1785529247.0481315,57326,1.4701936285362547,1.533331225150792,12
1785529247.07915,57328,1.4666476855252044,1.536877458660676,12
1785529247.0791924,57332,1.4667232835972306,1.543346014460316,12
1785529247.0792594,57331,1.4644239590905823,1.5456459540421121,12
1785529247.0793145,57333,1.459919341359099,1.5411406613272,12
1785529247.0793378,57334,1.4664596593430594,1.5410641315775868,12
1785529247.0793555,57335,1.4665035455739548,1.5437739449917867,12
1785529247.0875294,57338,1.4656176690312965,1.5428878653986262,12
1785529247.0906408,57340,1.4693209491132468,1.5391838051995201,12
1785529247.0997736,57339,1.4693040661355627,1.540701886365988,12
1785529247.1431334,57344,1.4692113651850573,1.533615213174146,12
1785529247.2317278,57343,1.478901612996698,1.5273381132147148,8
1785529247.232735,57345,1.47608792456182,1.5253180422441732,8
1785529247.2327635,57347,1.4760971131386849,1.5262220120974657,8
1785529247.2328212,57348,1.4760849074940883,1.5270792368214854,9
1785529247.232846,57350,1.4829832773262477,1.5314069655841016,9
1785529247.2328959,57351,1.48306848042892,1.5257175687889544,9
1785529247.2329185,57352,1.4809570397712606,1.5270411355038453,9
1785529247.2329562,57353,1.4753041509054152,1.527061756790167,10
1785529247.2336407,57354,1.4783603798094689,1.5270825894674456,11
1785529247.2336972,57355,1.4783603891330321,1.5270825896339884,11
1785529247.2337399,57360,1.478370725457717,1.526103259274831,11
1785529247.2337615,57361,1.4756828685275103,1.5260844397406859,12
1785529247.23381,57363,1.475644039469253,1.5299161121656477,12
1785529247.2338316,57362,1.4675242852286068,1.5217967427866304,12
1785529247.2338803,57367,1.4657536938984281,1.5235669365498026,12
1785529247.233948,57368,1.465750387670104,1.523042726417872,12
1785529247.23399,57372,1.465760694772556,1.5218806794035173,12
1785529247.2340112,57373,1.4703236307774616,1.521920207822768,12
1785529247.2340555,57376,1.4699701458099543,1.5222736873776377,12
1785529247.2340765,57375,1.469979631148429,1.521203528227482,12
1785529247.2340922,57377,1.473451385680391,1.5211643070179857,12
1785529247.2341266,57378,1.469501733790932,1.5211292516891015,12
1785529247.234162,57379,1.4784303446127383,1.5122018309222802,12
1785529247.239527,57380,1.4784592314589293,1.517291324710333,12
1785529247.2438219,57384,1.4784484293012383,1.5195168530501855,12
1785529247.2444572,57385,1.4726524090814528,1.5194584969646754,12
1785529247.2505753,57388,1.4714183977473456,1.5206923078980745,12
1785529247.253508,57387,1.4714280556941772,1.5173019089907158,12
1785529247.2716827,57389,1.4692054549623332,1.5173157112436733,12
1785529247.3030076,57390,1.4631295166913747,1.5173506943465342,11
1785529247.304088,57391,1.4504698580451856,1.5283992148387977,11
1785529247.3042846,57395,1.4504329647421186,1.5241408560446668,11
1785529247.304335,57396,1.4504279481863394,1.5245899811781816,11
1785529247.3044245,57398,1.4528535389609143,1.526705644832508,11
1785529247.3044465,57402,1.4548613776302406,1.5267283448586944,11
1785529247.3048463,57403,1.457501026788179,1.524424431567159,11
1785529247.3187287,57405,1.4629593522461752,1.5291856568115076,11
1785529247.3187952,57406,1.4672337753520004,1.5291382567860192,12
1785529247.3226993,57408,1.4672291324572064,1.5296743545765656,12
1785529247.3274844,57409,1.471867389020676,1.5297225422539875,12
1785529247.327654,57410,1.4731039729604924,1.5309591903526847,12
1785529247.3467886,57413,1.4714073041452134,1.5309763078808163,12
1785529247.384971,57411,1.471266937451567,1.5406143641086814,12
1785529247.3850882,57412,1.4721544964854576,1.539726758841292,12
1785529247.385215,57418,1.4666021976522807,1.539811480343912,12
1785529247.3853433,57421,1.464160245303664,1.5397966960920344,12
1785529247.3853927,57422,1.4584447510347796,1.5340815251611881,12
1785529247.3854175,57424,1.4623544426841049,1.5301721809346274,12
1785529247.3854444,57423,1.4623858017894635,1.528024240096492,12
1785529247.3854668,57428,1.4623833658038685,1.527500588732581,12
1785529247.3855238,57426,1.4603689286894272,1.527483397000681,12
1785529247.38555,57427,1.461522830295308,1.526329764530362,12
1785529247.3903058,57429,1.45870570192798,1.5235135032965776,12
1785529247.3957026,57431,1.4587402471642843,1.5294400505230163,12
1785529247.4037752,57433,1.4625039022757063,1.5294797143934669,12
1785529247.4078634,57434,1.467172920573448,1.5341483331728296,12
1785529247.4122114,57435,1.4672729497800319,1.5257491822947051,12
1785529247.4339678,57437,1.4723544820270489,1.525699134022182,12
1785529247.4342787,57439,1.470058562400592,1.52799497374682,12
1785529247.4487443,57444,1.4700385270107559,1.530226710252048,12
1785529247.4488142,57445,1.470213522827531,1.5302285106162885,12
1785529247.448843,57446,1.4723352363687658,1.532350335091314,12
1785529247.452193,57447,1.4722398646328654,1.5397550310524635,12
1785529247.477338,57449,1.467672715026918,1.5398133880453413,12
1785529247.4918554,57451,1.4757450423592535,1.5317397052283037,12
1785529247.4937937,57453,1.476097359731876,1.5320918204980711,12
1785529247.4938931,57455,1.4760836508386144,1.5298996898636115,12
1785529247.4940176,57456,1.4761011268263358,1.5286522335533166,12
1785529247.4940176,57457,1.4714614811920947,1.5286267183054802,12
1785529247.494093,57458,1.4741944858360747,1.5313599035821281,12
1785529247.4941275,57459,1.4742445929869137,1.5269914626092287,12
1785529247.5105636,57462,1.475295681294434,1.526999002968856,12
1785529247.5403538,57463,1.4748530964388953,1.5274416083032993,12
1785529247.541145,57464,1.4748817878452318,1.5306846730069683,12
1785529247.5413213,57468,1.4748900027438754,1.5298824804599402,12
1785529247.541357,57469,1.4785650821809744,1.5299085552528757,12
1785529247.541419,57471,1.4784807714179566,1.5362298351869703,12
1785529247.541446,57473,1.484562827548082,1.5361779483624722,12
1785529247.5414977,57476,1.4845606906957172,1.5360020496023323,12
1785529247.545908,57475,1.4779233027855292,1.5426423769419741,12
1785529247.5504892,57477,1.482688064046201,1.5474097782594722,12
1785529247.5637674,57479,1.4827429426327428,1.5509261552028872,12
1785529247.5824795,57480,1.4827930750776925,1.54781370171626,12
1785529247.582554,57481,1.480619260013069,1.547797766557552,12
1785529247.5825832,57482,1.4789378205142152,1.5461153244177919,12
1785529247.5826304,57484,1.4746149227605412,1.5504407982161614,12
1785529247.5826526,57483,1.4746688435185678,1.546517886688543,12
1785529247.5826728,57485,1.4712588830886755,1.5465400673305414,12
1785529247.582747,57486,1.4693448463070458,1.5465166688654173,12
1785529247.5986104,57490,1.4747288949096586,1.5464852760743504,12
1785529247.6203215,57491,1.474735936057646,1.5469236079342463,12
1785529247.621292,57494,1.4773113435289869,1.5494987669592089,12
1785529247.6213784,57496,1.4782791645465332,1.5485304145538934,12
1785529247.6213987,57495,1.4782728081702556,1.5490647034105551,12
1785529247.6306818,57498,1.4780989773391893,1.5490633900009143,12
1785529247.6323292,57499,1.476251227709048,1.550911664123235,12
1785529247.6379106,57500,1.4762043466959898,1.5486309144247634,12
1785529247.653358,57504,1.4761987103182996,1.5489873534438139,12
1785529247.6685588,57505,1.4724620768657348,1.5489398801322602,12
1785529247.6685853,57507,1.4725021160810254,1.5450145122745675,12
1785529247.668604,57509,1.477703998121288,1.545006889287432,12
1785529247.6686432,57512,1.4776525167623833,1.5426373205219752,12
1785529247.6686602,57511,1.4773874647047782,1.5429023868550669,12
1785529247.6704087,57513,1.4716949748161083,1.5372046537613973,12
1785529247.6800702,57515,1.4715802054254419,1.5304619199666887,12
1785529247.6804562,57516,1.4715955039264186,1.5270713957811584,12
1785529247.708722,57518,1.467062534543959,1.5225388213327027,12
1785529247.7088208,57520,1.4652163382502736,1.5243843902928467,12
1785529247.708853,57519,1.465174687728012,1.5325203091840953,12
1785529247.7090816,57524,1.4651845939745065,1.5332192808973155,12
1785529247.7091143,57523,1.4653613285408023,1.5330425589160868,12
1785529247.7103567,57525,1.4607495508311625,1.5284324679402128,12
1785529247.7149332,57527,1.460770458993992,1.530002488219539,12
1785529247.7287102,57528,1.4606627707721407,1.541105428209516,12
1785529247.7287686,57529,1.4693795217970431,1.5411972360247879,12
1785529247.7289214,57530,1.4669119455129578,1.538729097950544,12
1785529247.754102,57533,1.461450596776644,1.5388134968652296,12
1785529247.7707767,57535,1.463137487345008,1.5371264686206096,12
1785529247.7718136,57538,1.4569626036122492,1.5372419130209571,12
1785529247.7718859,57539,1.456946704755177,1.5341062002513355,12
1785529247.7719362,57544,1.4576592921707974,1.533393573981317,12
1785529247.776841,57545,1.4596258941264697,1.5333522959995174,12
1785529247.780289,57548,1.4596394374287147,1.5359678873915517,12
1785529247.8013904,57547,1.4633747855609278,1.5322330437084446,12
1785529247.823245,57551,1.4634364081869757,1.5404396412648416,12
1785529247.823435,57557,1.4556424980370128,1.5405789743408813,12
1785529247.8564475,57559,1.4533104369482075,1.543608200535226,11
1785529247.8788865,57568,1.4550277270174083,1.5420987592584794,11
1785529247.8789825,57569,1.4623735779058191,1.5419853365948042,11
1785529247.8791175,57570,1.4637216471589134,1.5419959911517003,12
1785529247.8791554,57571,1.4614127653902367,1.5443052631032093,12
1785529247.8792062,57573,1.4724937362982649,1.5553914920881935,12
1785529247.8792348,57575,1.4724776148817253,1.5541653683773915,12
1785529247.8838542,57576,1.472544743462777,1.5511313300783929,12
1785529247.8866053,57577,1.4657699188660602,1.5510811801069224,12
1785529247.8882704,57578,1.466387295849343,1.5516988982789257,12
1785529247.8963745,57579,1.4664492323889837,1.5482123143152662,12
1785529247.8988674,57581,1.4652819375312094,1.5482264771506598,12
1785529247.9087594,57583,1.4679361685023296,1.5455712850066767,12
1785529247.9104161,57585,1.4636107931889324,1.5412448683251572,12
1785529247.913697,57586,1.466746643639048,1.5412068122220686,12
1785529247.915472,57587,1.4668174200369508,1.545840191774198,12
1785529247.9243884,57589,1.4620307993260189,1.5457717178287655,12
1785529247.9352,57590,1.4627399874638205,1.5464811091417747,12
1785529247.9353135,57592,1.4636210299754497,1.5455998526883556,12
1785529247.9357195,57591,1.463674988539045,1.5403216103598298,12
1785529247.9374433,57593,1.462062765004991,1.540333932277343,12
1785529247.977099,57595,1.462678818206625,1.5397178162570242,12
1785529248.007543,57600,1.4626338889258816,1.5382957338813044,11
1785529248.0077202,57601,1.473192031442054,1.5384611902954517,11
1785529248.0077562,57602,1.4725726222752562,1.5377550721891093,11
1785529248.0078251,57603,1.4725032183103308,1.5438563610722849,11
1785529248.0078967,57604,1.4762165166971788,1.5396216922288284,11
1785529248.007949,57610,1.4779178311047105,1.539606370196387,11
1785529248.0079827,57612,1.4779188185081817,1.539504808831955,11
1785529248.0080364,57613,1.4739071867121267,1.5394646079741483,11
1785529248.0093832,57614,1.4753235063830143,1.5410795020636612,11
1785529248.0208213,57617,1.4761297527430444,1.5410736415619009,11
1785529248.0224469,57615,1.476156674662762,1.5382287756467492,11
1785529248.046445,57621,1.4769541976597709,1.5391381570744802,11
1785529248.057476,57622,1.4792818692049874,1.5391263273248372,11
1785529248.0761514,57623,1.4791836707732233,1.5308152685881897,11
1785529248.0768957,57626,1.4767977948123463,1.5280938771515917,11
1785529248.0770125,57630,1.4768853464965,1.5280947783078334,11
1785529248.0770364,57624,1.4769341686928128,1.5207815650640557,11
1785529248.0770848,57635,1.4769313334813274,1.5203814924821424,11
1785529248.0811436,57636,1.4769051420353347,1.5247489274500412,11
1785529248.0867403,57637,1.4739246709894052,1.5247187558020725,11
1785529248.087199,57638,1.4776425078868027,1.5289572666929026,11
1785529248.091905,57640,1.4754369671495808,1.5314731345676413,11
1785529248.1007268,57641,1.474811796015763,1.531477822706615,11
1785529248.101675,57644,1.4748174401129617,1.5319913109320382,12
1785529248.1057265,57642,1.4721941700302337,1.5319656105135706,12
1785529248.1112492,57645,1.470689608373595,1.5304609726326985,12
1785529248.1128545,57646,1.463725095546033,1.5305348117482978,12
1785529248.115322,57647,1.463758038301574,1.5336781846186456,12
1785529248.120786,57648,1.4637857503056064,1.5309052093581326,12
1785529248.140265,57649,1.4600237676840448,1.5308504482368757,12
1785529248.2381673,57650,1.457565749413831,1.5324704095729496,10
1785529248.2386017,57651,1.457401337614341,1.5335616666832717,11
1785529248.2387273,57655,1.4651367854247097,1.525827817633514,12
1785529248.2388294,57661,1.4728483791143514,1.5259147649987592,12
1785529248.2388878,57662,1.472229946192631,1.5252963495134386,12
1785529248.238926,57663,1.4722524896594664,1.5224418499976913,12
1785529248.2389507,57668,1.4722477181730615,1.5218288806088447,12
1785529248.239012,57667,1.461113871196416,1.5329613932537491,12
1785529248.2390842,57669,1.4672154506047856,1.5390629994301592,12
1785529248.2391164,57670,1.4715128212574213,1.5390245588247857,12
1785529248.2391503,57671,1.4715069769768667,1.5385867589809497,12
1785529248.2392023,57672,1.471441621862599,1.5436734709358242,12
1785529248.2392433,57673,1.4733574870352197,1.543690774891845,12
1785529248.2392995,57674,1.474858790464051,1.5451927299633408,12
1785529248.2393594,57676,1.4792803348570318,1.540769241334146,12
1785529248.239392,57675,1.4791772971487274,1.5470899538139735,12
1785529248.2394621,57677,1.482049259349624,1.547064991686755,12
1785529248.2395177,57679,1.4875384677418053,1.5415726279611188,12
1785529248.2424226,57684,1.4876290673533021,1.5349145070029322,12
1785529248.2463505,57685,1.4904240605349781,1.534923974961145,12
1785529248.2492044,57686,1.4850373893091067,1.5295357057266266,12
1785529248.2539587,57688,1.4776969033099618,1.5368780318176585,12
1785529248.2821665,57691,1.477343460364909,1.5372315761515674,12
1785529248.3082352,57697,1.4767820302113224,1.5372278207903913,11
1785529248.3083005,57699,1.4768327047092087,1.532951924528054,11
1785529248.3104446,57702,1.4812384678223776,1.532983834643041,12
1785529248.3122118,57703,1.4827417969437502,1.5314801500128565,12
1785529248.3204563,57708,1.4827122719455135,1.5339696147186597,12
1785529248.324496,57709,1.4809647672707411,1.533960876601078,12
1785529248.3322387,57711,1.4808593617530266,1.5412562357332944,12
1785529248.3633246,57715,1.4789091175752915,1.5432074551230617,12
1785529248.363383,57720,1.4788393431999165,1.5469470912802086,12
1785529248.3682082,57721,1.4853623793739212,1.5469507833921508,12
1785529248.3905842,57723,1.485488160100771,1.540731211057443,12
1785529248.395605,57724,1.4885066767544417,1.5377111793982943,12
1785529248.4343915,57734,1.4917609488299712,1.5409668882013376,12
1785529248.4348292,57738,1.4903665071525165,1.5409689902746868,12
1785529248.4349346,57739,1.4924075224734104,1.53892691543682,12
1785529248.4459732,57745,1.4834813222230427,1.5362491014046329,7
1785529248.456829,57746,1.4919076702248928,1.5445809484462423,7
1785529248.4568794,57747,1.4932098746075608,1.5513587036546252,7
1785529248.4737592,57749,1.489936288726816,1.550700110798727,8
1785529248.509391,57751,1.485829383380206,1.5557865605240977,8
1785529248.5104136,57753,1.4819763869136464,1.551328793348301,9
1785529248.5107362,57755,1.4819029081750312,1.5465014891061284,10
1785529248.5108173,57756,1.4819626388538285,1.5429496114884707,10
1785529248.5109637,57758,1.4780157346896272,1.539023999784185,10
1785529248.5110068,57760,1.478523688615393,1.538518708210591,10
1785529248.511043,57759,1.4786084516511846,1.5321213349848202,10
1785529248.5110838,57764,1.4785881428302479,1.5299183637691949,11
1785529248.5111763,57762,1.466051688994386,1.529833495969041,11
1785529248.5112174,57763,1.468887659059377,1.527358992522949,11
1785529248.521907,57766,1.4680313902618451,1.5273667316977424,12
1785529248.5253983,57767,1.4680011488563138,1.5241313954543412,12
1785529248.535813,57772,1.464730989021356,1.5274010460580472,12
1785529248.5739596,57771,1.4646971753443714,1.5307990822123914,12
1785529248.574368,57773,1.4600533237467777,1.530864349751884,12
1785529248.5744448,57775,1.4586355744244675,1.5322817575092584,12
1785529248.5744908,57777,1.4537848707599597,1.5274327323598567,12
1785529248.5745108,57780,1.4537542157472845,1.5299452007404166,12
1785529248.5745444,57781,1.4578674290384313,1.529990465654355,12
1785529248.5745752,57782,1.455755588187955,1.5278792533314351,12
1785529248.5775592,57784,1.4522031983144656,1.531430079563155,12
1785529248.577711,57783,1.4522212363146252,1.530173249255805,12
1785529248.5909145,57787,1.4519560957057087,1.5304382441319133,12
1785529248.6078908,57788,1.4521069571916905,1.5442662343071045,12
1785529248.6400647,57792,1.4521166512560806,1.5435478996151244,12
1785529248.640614,57793,1.4462795732793463,1.5434357418723932,12
1785529248.6407356,57797,1.4510321503570198,1.543373758219877,12
1785529248.6408138,57798,1.4599179405410627,1.543534153329717,12
1785529248.6408772,57800,1.4598007708676466,1.5345520987092987,12
1785529248.65952,57804,1.4597552494602255,1.5377765923602271,12
1785529248.6595752,57805,1.464816906394767,1.5378227343627835,12
1785529248.65966,57808,1.471653885638556,1.5309854768930051,12
1785529248.6596947,57807,1.4716103902669824,1.5337514986423535,12
1785529248.6597164,57809,1.46866072005485,1.5337983492080811,12
1785529248.6650443,57810,1.4671750378243833,1.5337915279168006,12
1785529248.6942139,57811,1.468686543310452,1.5322799333274595,12
1785529248.7108798,57814,1.4650234080409923,1.532343998100826,12
1785529248.713173,57815,1.4650730448628473,1.5401185867085314,12
1785529248.7132335,57816,1.4651886276869857,1.532517989288109,12
1785529248.7132537,57817,1.4607294637812283,1.5324679399243395,12
1785529248.713292,57818,1.462496473733809,1.534234739687289,12
1785529248.7133093,57820,1.46435364059132,1.5323777162231882,12
1785529248.7133415,57819,1.4643423181292015,1.5333615134485021,12
1785529248.7137141,57821,1.4623760492977815,1.5333875245541633,12
1785529248.7145896,57823,1.465120314501864,1.5306435177362336,12
1785529248.732575,57829,1.4689696527453642,1.53067776649879,12
1785529248.7686987,57830,1.4722305868055758,1.5339388593148573,12
1785529248.769092,57831,1.4722500404504828,1.53251147364495,12
1785529248.769116,57836,1.4722098309630134,1.5262065897989818,12
1785529248.7691598,57834,1.4675661275525365,1.526177021036888,12
1785529248.7691796,57835,1.4578146858294458,1.5359270271323107,12
1785529248.7692165,57838,1.4612138317602006,1.5358742488584478,12
1785529248.7692316,57839,1.4611432641758761,1.5256680997645187,12
1785529248.769246,57840,1.4610462682944727,1.5318452044852975,12
1785529248.7692788,57841,1.4585976249984334,1.5318290381509432,12
1785529248.7692947,57842,1.4495496523365479,1.5227852802227857,12
1785529248.780939,57843,1.4490185849082533,1.5227101305702364,11
1785529248.8223433,57844,1.445369560510944,1.52635616196618,11
1785529248.8242805,57850,1.4476485847346263,1.5266259574845116,11
1785529248.8243206,57851,1.4494006336959586,1.5383808150663492,11
1785529248.824377,57854,1.4516331756948855,1.5406127679942063,11
1785529248.824424,57856,1.445697732703268,1.5465466528919927,11
1785529248.8244498,57855,1.445763276077192,1.5470699876874507,11
1785529248.8244717,57857,1.4450325137973632,1.5469804548918935,11
1785529248.8594122,57859,1.4523880462919525,1.539626961812488,11
1785529248.8907914,57860,1.451303451814861,1.5324215648426223,11
1785529248.890887,57867,1.450481553920069,1.5260470507844142,11
1785529248.890887,57868,1.452344060043431,1.524185586025069,11
1785529248.8919597,57872,1.4537810358197625,1.5337321725831614,11
1785529248.8920674,57871,1.456433904739298,1.5310802572781117,11
1785529248.8921008,57873,1.4608216705983403,1.5354671365504742,12
1785529248.892134,57874,1.4633258560051927,1.5354360979146153,12
1785529248.8921916,57875,1.4632444921085863,1.5268806976501987,12
1785529248.8922443,57876,1.4633216448891875,1.5176664534760262,12
1785529248.8922703,57877,1.4644641174844553,1.5176805373066686,12
1785529248.8923278,57878,1.4699450465521313,1.5231602632709234,12
1785529248.8924415,57879,1.4699272985038525,1.5253027291841768,12
1785529248.901759,57881,1.472423117627696,1.5252783861089574,12
1785529248.910609,57885,1.4718042761621848,1.524659576448895,12
1785529248.9508805,57886,1.463070158758598,1.5247643454399988,12
1785529248.9525204,57887,1.463117847605221,1.5308747584454743,12
1785529248.9526997,57889,1.4601432861095043,1.5308363051796174,12
1785529248.9527526,57890,1.4593472800763805,1.5300404834191594,12
1785529248.9531403,57891,1.4593490012872543,1.5298613347331278,12
1785529248.9531856,57893,1.4624735909293043,1.5298244183677614,12
1785529248.9532654,57895,1.4583257240501182,1.5339715293480554,12
1785529248.9560544,57897,1.4549608648022578,1.5306076245236417,12
1785529248.9639688,57899,1.4550007038827741,1.5336543700940444,12
1785529248.9640143,57900,1.4548672270788685,1.5448677963724027,12
1785529248.9916084,57902,1.4578551980386436,1.5450823162575962,11
1785529249.0122883,57904,1.461578146159668,1.5418108924322127,11
1785529249.0162842,57905,1.4588237925390646,1.541844437991891,11
1785529249.0190415,57906,1.4600804801682257,1.5418580480777528,12
1785529249.0190797,57907,1.461765058598777,1.5401733979473813,12
1785529249.01911,57911,1.461809014884782,1.5439257442987255,12
1785529249.0191379,57912,1.4618205058278875,1.543209589701344,12
1785529249.0191572,57913,1.458161823348122,1.5431635910844501,12
1785529249.0191784,57914,1.4527715141528093,1.537773904061396,12
1785529249.0225306,57915,1.4528853779237498,1.5241309257980038,12
1785529249.0325487,57921,1.4539505079001782,1.5251953134637202,12
1785529249.033103,57922,1.455198567289281,1.5251817787316202,12
1785529249.0458,57923,1.455093427664891,1.513082495914108,12
1785529249.070061,57924,1.4551072485663414,1.506894452721391,12
1785529249.0700886,57925,1.4646335796579526,1.5070260327086267,12
1785529249.0701573,57926,1.468783711359603,1.511174731546403,12
1785529249.0702157,57928,1.4651551682763402,1.5148021722567044,12
1785529249.0702338,57927,1.4649693418064422,1.5312531399206495,12
1785529249.0702755,57929,1.4686312770556613,1.5311927480398462,12
1785529249.0703075,57930,1.4661823181234832,1.5311774413600643,12
1785529249.070323,57931,1.4644068848859906,1.5329527199038342,12
1785529249.0748076,57935,1.4644776634587344,1.5404639495031995,12
1785529249.083056,57936,1.4644366738614523,1.543057868443536,12
1785529249.1038444,57938,1.4677527889915853,1.5500870058788803,11
1785529249.175946,57940,1.4702250571062507,1.5472683183186666,11
1785529249.1817293,57941,1.4688786196534094,1.5472830770649468,11
1785529249.1834407,57942,1.4750537595494417,1.5473433729583803,11
1785529249.18347,57943,1.4717776713113948,1.5510792986253497,11
1785529249.1835308,57945,1.4686027445456284,1.5474586605817178,11
1785529249.183553,57946,1.477579183926743,1.5473630198687311,11
1785529249.1835723,57947,1.4775792010537525,1.5473630203554374,11
1785529249.183616,57948,1.4775981640642666,1.5458393266134525,11
1785529249.18366,57949,1.4713324844348337,1.5457611331491206,11
1785529249.183682,57950,1.4677842782825994,1.5417184526275207,11
1785529249.183732,57951,1.4678342372992987,1.5348984964220491,11
1785529249.1837788,57953,1.4655989088802264,1.53491603039852,11
1785529249.1837993,57955,1.4708817179013265,1.5288938355983261,11
1785529249.183864,57960,1.4708680901752356,1.5312332048115525,11
1785529249.183939,57961,1.4705182129353407,1.5312287068289965,11
1785529249.1840196,57962,1.4720256458344783,1.5329456818009568,11
1785529249.184082,57964,1.4751976574634267,1.5293279123576797,11
1785529249.1841743,57963,1.4751838429469566,1.5314617985801535,11
1785529249.1842027,57968,1.4752517077295055,1.5366232639058075,12
1785529249.1847126,57966,1.4744659951380543,1.5366144773999275,12
1785529249.1850352,57967,1.4757878763109573,1.5352922933775757,12
1785529249.192529,57970,1.4738207033358315,1.5353036268393279,12
1785529249.206607,57971,1.4738320175185948,1.5360922835528337,12
1785529249.230743,57973,1.4702518674222425,1.5360473526690608,12
1785529249.2310882,57974,1.4693646802551197,1.5351601036651081,12
1785529249.2311375,57976,1.4715660533969803,1.532958497338442,12
1785529249.231161,57975,1.471535456150263,1.5366168838451757,12
1785529249.2312562,57977,1.4738612994016806,1.5366027269692828,12
1785529249.2425065,57979,1.4729804264710915,1.5374838169578546,12
1785529249.2508469,57988,1.466902795727175,1.5435629447340344,12
1785529249.2903862,57989,1.462509403612168,1.5436019253376854,12
1785529249.2931328,57992,1.4623642472917313,1.5323425136760684,12
1785529249.2933004,57978,1.45877910800231,1.5322993975214225,12
1785529249.2933376,57991,1.4565677826995396,1.5345102221349443,12
1785529249.2936761,57994,1.4535275358966298,1.534558492561315,12
1785529249.293728,57995,1.4534875046668623,1.5298605014185152,12
1785529249.2956326,57999,1.4535130147378847,1.5277964135917066,12
1785529249.298603,58001,1.4516391201568033,1.5278311027893055,12
1785529249.300272,58004,1.4516873074025423,1.5336562727872127,12
1785529249.304565,58003,1.4554931259989659,1.5298519178021681,12
1785529249.3208175,58002,1.4564558792764275,1.5298648489520523,12
1785529249.3391178,58007,1.456489899856265,1.5333485489081817,12
1785529249.3398001,58008,1.4565099774335935,1.5314657533529266,12
1785529249.3398595,58010,1.4592511121590122,1.5342062523451097,12
1785529249.3398807,58012,1.4607534300183798,1.5327041750010775,12
1785529249.3398976,58011,1.4607476917338305,1.5332413998883379,12
1785529249.343528,58013,1.4626245060128464,1.5332184156620725,12
1785529249.3468974,58015,1.4538804857784793,1.541961475308599,12
1785529249.3512607,58017,1.4588346823221605,1.5469157923001764,12
1785529249.3627198,58018,1.460450361558888,1.5468962727049576,12
1785529249.3811548,58021,1.4646261525927369,1.5469520517664272,12
1785529249.3813918,58022,1.4624168649407872,1.5447421951701217,12
1785529249.381416,58023,1.4624599986457698,1.5416096660328504,12
1785529249.381416,58024,1.4659039071909994,1.5381654029037906,12
1785529249.3814845,58028,1.4658993109085219,1.537815847132052,12
1785529249.383973,58026,1.4703498061393236,1.537863489036969,12
1785529249.3890743,58027,1.4707920827166607,1.5374211367433437,12
1785529249.3939128,58031,1.4708103204958658,1.53890925552618,12
1785529249.417755,58034,1.4687782283415705,1.5368768091243217,12
1785529249.431692,58039,1.471784316721818,1.5338703507542828,12
1785529249.4365883,58038,1.4683761977155576,1.5338352782923026,12
1785529249.4376667,58040,1.4684167243007693,1.5368964648776138,12
1785529249.4425602,58044,1.4684023342053714,1.5382363226790936,12
1785529249.4515998,58045,1.4763421463069453,1.538310729124536,12
1785529249.4533312,58047,1.4762807462522431,1.5423204045342205,12
1785529249.4862733,58052,1.4762661104163024,1.54100489525155,12
1785529249.487558,58051,1.482294440281741,1.5349745166440547,12
1785529249.4876876,58053,1.4823828947644595,1.535062862458901,12
1785529249.4877062,58055,1.4823794646062465,1.5347989172700316,12
1785529249.487742,58056,1.4824081202056798,1.5328426343748893,12
1785529249.4879544,58058,1.486638705518568,1.5370745905096364,12
1785529249.4922264,58059,1.4866292950953872,1.5376962456261902,12
1785529249.4958355,58060,1.4859202947461247,1.5384055488680797,12
1785529249.4989145,58061,1.4866363003657543,1.5384003371835775,12
1785529249.5150924,58063,1.4791943308315116,1.545845987272846,12
1785529249.5454886,58065,1.4806045152796192,1.5472571105890027,12
1785529249.545818,58066,1.4744113104873964,1.5473244566832585,12
1785529249.54596,58067,1.4744042786784877,1.5467109047818255,12
1785529249.5460439,58068,1.474257556115548,1.5533101007554997,12
1785529249.5460703,58069,1.4693976192287868,1.5532927284283329,12
1785529249.5461395,58070,1.4648256141801315,1.5487185410892736,12
1785529249.546251,58071,1.4648385378939222,1.5480922789579354,12
1785529249.5462892,58073,1.468340360933112,1.54803889151303,12
1785529249.546349,58076,1.46836203646069,1.5497008466126037,12
1785529249.5463912,58075,1.470400947854334,1.5476609839358446,12
1785529249.5524032,58077,1.466701242366822,1.5439598563017296,12
1785529249.5541708,58079,1.4666765604192693,1.541687081745932,12
1785529249.5846608,58082,1.4679089124876,1.5429196885582426,12
1785529249.6029272,58084,1.4700384819343846,1.5407896054795083,12
1785529249.6029773,58083,1.4700385213371456,1.540789565997475,12
1785529249.603002,58088,1.4699833944442804,1.5329142000516667,12
1785529249.6030521,58086,1.471381928471817,1.5329178253009283,12
1785529249.6030688,58087,1.4738747809535164,1.530424840802609,12
1785529249.603244,58090,1.4789640652071732,1.5303520674710844,12
1785529249.6032784,58091,1.479003223566285,1.5363207721497432,12
1785529249.606562,58093,1.4791778353187706,1.5363221251077614,12
1785529249.6162634,58094,1.4803224484339341,1.5374664298289182,12
1785529249.6163325,58096,1.479701568339469,1.538087556518608,12
1785529249.6183498,58097,1.479433075061653,1.5380893136765104,12
1785529249.6625931,58098,1.4776008160992726,1.5380834107053145,12
1785529249.6671739,58099,1.4775124382738916,1.538171796167329,12
1785529249.6674442,58104,1.4776145871350077,1.5304237437087436,12
1785529249.6675303,58105,1.4743775537244788,1.5303977882764963,12
1785529249.667583,58106,1.468894719319701,1.524915026800365,12
1785529249.667602,58108,1.4622688786320281,1.5315400101073113,12
1785529249.6676562,58112,1.4622417059955295,1.5289219324266623,12
1785529249.6676764,58111,1.4655134230355609,1.525650825244433,12
1785529249.680613,58114,1.4622146917246852,1.52569311818269,12
1785529249.7150981,58115,1.4621784143681305,1.5175781199999374,12
1785529249.7152812,58120,1.4623551953546607,1.5174012445335157,12
1785529249.7153325,58121,1.458887895919657,1.5174624073026897,12
1785529249.7153873,58124,1.4589371766671584,1.5287060311326508,12
1785529249.7154088,58123,1.4499082225619762,1.5377320889684154,12
1785529249.725694,58127,1.4499338889750044,1.5398176644804356,12
1785529249.748254,58133,1.4512774947758191,1.5397955231074791,12
1785529249.7820883,58135,1.4581895253234243,1.5313260472691848,11
1785529249.7823727,58138,1.4589175078723613,1.5314201031989316,11
1785529249.78249,58139,1.4592467111443197,1.5335592938746991,11
1785529249.7826827,58144,1.4577448911896795,1.5350608109974717,11
1785529249.7827225,58145,1.4632668879572148,1.535787651773786,11
1785529249.7882137,58147,1.4605328074097679,1.538521697838203,11
1785529249.8253973,58151,1.4601889976486087,1.5358267755759039,10
1785529249.8415134,58157,1.457366385236556,1.5353928018741363,10
1785529249.8418984,58164,1.4581313473713413,1.5411638215224706,10
1785529249.846362,58165,1.4614028871632536,1.5417566994385092,10
1785529249.8487122,58166,1.4710318755701366,1.5528037547486813,10
1785529249.8634875,58169,1.471033006927317,1.5527854067522129,9
1785529249.9088361,58167,1.4710890487628325,1.5531646208755086,10
1785529249.9095316,58174,1.477066961547242,1.5539865290779387,10
1785529249.9096751,58176,1.477765265977596,1.5587709925890953,10
1785529249.9097464,58177,1.475764545928085,1.558469648187775,10
1785529249.9098022,58178,1.4661477043301374,1.5500033042452,10
1785529249.9098592,58179,1.466037998844706,1.549272111183443,10
1785529249.9098592,58181,1.460432432814362,1.5485157929153643,10
1785529249.913191,58186,1.450692411209187,1.5472351936712239,10
1785529249.9184425,58187,1.4495208357774465,1.5407828071377538,9
1785529249.9246252,58189,1.4437874443391363,1.539727086597463,9
1785529249.9302914,58190,1.4460437443365735,1.5419794207464073,9
1785529249.9320488,58192,1.4578179597718457,1.5302281538013378,9
1785529249.9367802,58193,1.4572096934098135,1.5301357358203684,9
1785529249.9454057,58194,1.4603787701315387,1.530699419924896,10
1785529249.9859138,58195,1.4574337301684461,1.5342108295813137,10
1785529249.9859512,58198,1.4588940731394824,1.534425095400036,10
1785529249.9859774,58199,1.4580353304240086,1.5286192926830833,10
1785529249.986041,58200,1.456816380532559,1.5193844672541108,10
1785529249.9860604,58201,1.4604176084958154,1.5200210374773226,10
1785529249.9861083,58202,1.4793905627613175,1.5416513957787699,10
1785529249.9861567,58203,1.479561890792096,1.5429825009366027,10
1785529249.9867535,58205,1.480818625184938,1.5431785149709647,10
1785529249.988812,58207,1.4874786079890752,1.5352049291575152,10
1785529249.99101,58209,1.4886173292393148,1.5365054676078196,11
1785529250.0545835,58221,1.4838611241258297,1.5310730446470835,11
1785529250.077571,58222,1.4911830255337601,1.5310219211722342,11
1785529250.078117,58223,1.4912343611771557,1.5361552163598744,11
1785529250.0781643,58224,1.491182913322754,1.5410151807898873,11
1785529250.0782654,58225,1.4927517590169221,1.5410198116236995,11
1785529250.0783002,58227,1.492798723585394,1.5368700617872009,11
1785529250.0783498,58226,1.4836071847094452,1.526374451423896,11
1785529250.0783896,58232,1.4836166580662276,1.5275968843735495,12
1785529250.0784123,58231,1.4815817841223446,1.5296321098035623,12
1785529250.078454,58233,1.4859960653827053,1.5340475015717943,12
1785529250.0809083,58235,1.4859583738195363,1.5298242103136719,12
1785529250.0856676,58236,1.4859822743715325,1.5277814851457168,12
1785529250.0874877,58238,1.4856293953726536,1.5274285327264079,12
1785529250.0922022,58239,1.4856442326211874,1.5260074071176781,12
1785529250.0967224,58240,1.4806884274644505,1.5309640813361522,12
1785529250.098258,58241,1.4855100976081899,1.5309347764702095,12
1785529250.145191,58243,1.4853333606523744,1.5311115575474386,12
1785529250.1452963,58248,1.4852728982724772,1.536263975881844,12
1785529250.1453402,58249,1.4833522055752886,1.5362558885649331,12
1785529250.145376,58252,1.4770735700130466,1.5425369507428555,12
1785529250.145393,58251,1.4770363709308687,1.5449422745303791,12
1785529250.163744,58254,1.4777327028760159,1.5449465548045895,12
1785529250.20579,58255,1.4710950964770815,1.551587867278313,12
1785529250.2075489,58260,1.4712118004012635,1.5443578049051563,12
1785529250.2076747,58261,1.471211800669441,1.5443578027381002,12
1785529250.2077358,58263,1.4711807539200146,1.5464999093008407,12
1785529250.2077634,58267,1.4702088601402117,1.547472239956978,12
1785529250.207816,58272,1.4702328998705556,1.5458651270311161,12
1785529250.207866,58273,1.470580980289514,1.5458687400294893,12
1785529250.214062,58275,1.4706176547676717,1.543190743857553,12
1785529250.24291,58279,1.4794434823957827,1.5343623227747165,12
1785529250.2508283,58285,1.4825012437016132,1.534384086496996,12
1785529250.2646246,58287,1.4825354036079155,1.531005358472855,12
1785529250.264672,58290,1.4800863216029811,1.5309857846172956,12
1785529250.2647185,58289,1.4763359880896056,1.531007039619889,12
1785529250.271584,58294,1.472138998477114,1.5310416533561986,12
1785529250.275225,58295,1.4721793762553967,1.534632140487479,12
1785529250.2804673,58296,1.4687334622649966,1.5329255274201006,10
1785529250.3001108,58298,1.4626914003032616,1.526044667154067,10
1785529250.3294873,58299,1.464092991305618,1.5364932667669562,10
1785529250.3294873,58300,1.4666847747170382,1.533398376791318,10
1785529250.3305876,58301,1.4605301571146645,1.5324776102963102,10
1785529250.3306766,58303,1.4566336142114245,1.5371233216365046,10
1785529250.3307426,58305,1.4567066990044308,1.5372066470038515,11
1785529250.3307734,58306,1.4565273606574975,1.5372088140609925,11
1785529250.3308034,58307,1.4565273529795992,1.537209697454207,11
1785529250.330878,58308,1.4565894563039454,1.5320053882672542,11
1785529250.3309083,58309,1.4544029737786357,1.531970748926218,11
1785529250.3309617,58310,1.4592624298924244,1.5375006244845217,11
1785529250.3337,58311,1.4592839654511778,1.53546095607815,11
1785529250.3417141,58313,1.4641134789877441,1.53539671182088,11
1785529250.3444917,58315,1.4656133333367918,1.5336879434074457,11
1785529250.3543007,58318,1.4645407491420335,1.533700349929535,11
1785529250.3552017,58319,1.4645419059753317,1.533799835810567,11
1785529250.3615055,58320,1.464506255924471,1.5375688221185564,11
1785529250.3647428,58321,1.4698301025762914,1.5376333758409046,11
1785529250.3703735,58322,1.4713304390245643,1.5393437841240838,11
1785529250.3731098,58323,1.4713226747712516,1.5399540996131842,11
1785529250.3731098,58324,1.4714990499022698,1.5397529799460175,11
1785529250.4076455,58328,1.4714812202495695,1.537853980755208,12
1785529250.4107654,58326,1.4712194261426945,1.5378513689161428,12
1785529250.410974,58327,1.4682926651056747,1.540779744648629,12
1785529250.4110396,58330,1.4709800441161547,1.5407447214992178,12
1785529250.411065,58331,1.4710554005856098,1.5465229077906237,12
1785529250.4111178,58333,1.463573042787843,1.5464349994004671,12
1785529250.4112399,58334,1.4626874746220828,1.545549227604827,12
1785529250.4136364,58336,1.458895054806893,1.5493425449375808,12
1785529250.419224,58337,1.4638353285841639,1.5492942327804387,12
1785529250.4307878,58338,1.4651392316166891,1.5493143888562992,12
1785529250.4656954,58340,1.4650161850614154,1.5422369612784097,12
1785529250.4788146,58344,1.4650299588422413,1.5411638584093745,12
1785529250.4791436,58345,1.4691267921961004,1.5412108651958956,12
1785529250.4791718,58347,1.4691585724279768,1.5387995799454646,12
1785529250.479192,58349,1.4654880356180848,1.5388397084699155,12
1785529250.4792373,58352,1.4655353139218414,1.542334870026849,12
1785529250.4792614,58351,1.4696874875298649,1.5381819054835781,12
1785529250.4793086,58353,1.474373027414831,1.54286878866019,12
1785529250.479331,58354,1.4713254367270279,1.5428964168400099,12
1785529250.4793508,58355,1.4713056379056235,1.5414079619935823,12
1785529250.4813633,58356,1.4712187068206575,1.546673908354023,12
1785529250.531414,58357,1.4735674290359386,1.5466883138234668,12
1785529250.535037,58358,1.4687247214665937,1.5418437462725965,12
1785529250.5353124,58359,1.4687676021672649,1.5392533153968497,12
1785529250.5353348,58361,1.4740501519401805,1.539193202943357,12
1785529250.5354564,58363,1.470865170758691,1.5423791541422305,12
1785529250.5355272,58368,1.4709513132876955,1.5356850127377617,12
1785529250.5355272,58369,1.4703399867773908,1.535678228444779,12
1785529250.537767,58372,1.47325293392707,1.5327649157851146,12
1785529250.5385044,58373,1.469232192576448,1.532800645334201,12
1785529250.551649,58374,1.468620247301291,1.5327942014604827,12
1785529250.5590951,58375,1.4724204089173332,1.528993931712432,12
1785529250.559176,58376,1.4724803606923613,1.5341612162691285,12
1785529250.5609403,58380,1.4724478225317092,1.537283436067883,12
1785529250.564053,58381,1.4683454418531177,1.5372359292531017,12
1785529250.584738,58383,1.468324577398296,1.5392010971443049,12
1785529250.6042511,58385,1.4668920228319398,1.5392142846560408,12
1785529250.6087673,58386,1.471602133453124,1.539265097377085,12
1785529250.6088662,58387,1.4669164433464024,1.5439520171772572,12
1785529250.6088963,58388,1.4669204091618862,1.5442142986686687,12
1785529250.608922,58392,1.4668956391863632,1.5458230902027508,12
1785529250.608984,58393,1.4724648431430727,1.5458706962090911,12
1785529250.609926,58396,1.4737940241898293,1.5445409811124,12
1785529250.618531,58397,1.4734353133165874,1.544543964320446,12
1785529250.6313944,58398,1.4702141697066005,1.5445217022538724,12
1785529250.6331913,58399,1.4742864539258576,1.5404480018497808,12
1785529250.637686,58400,1.4743210103665227,1.543165002496927,12
1785529250.640683,58404,1.474353104088515,1.5409359717128135,12
1785529250.668138,58405,1.4761835999355852,1.5409504070933777,12
1785529250.6844132,58407,1.4768935357277484,1.5336015584971099,9
1785529250.6844385,58409,1.483903582523629,1.5347342368159635,9
1785529250.684546,58411,1.4855221668646577,1.5331258075055092,9
1785529250.684607,58413,1.4828444500991291,1.530459530840011,10
1785529250.684629,58415,1.482767358844972,1.521949563303422,11
1785529250.6846626,58416,1.4827530885826576,1.5231941616253957,11
1785529250.6883187,58418,1.4852775289945301,1.5253973646947394,11
1785529250.6970112,58419,1.4852873308900756,1.524597899461092,11
1785529250.6970112,58420,1.4818362417235373,1.527611543492333,11
1785529250.7389681,58421,1.4757035102221978,1.527671295935549,11
1785529250.7413406,58422,1.472592747599305,1.52766135977504,11
1785529250.7413678,58423,1.4660810700128761,1.5333460059178168,11
1785529250.741411,58426,1.4644277015427272,1.5333704976822964,12
1785529250.7414327,58427,1.4645431962488364,1.5436770755029308,12
1785529250.7424326,58428,1.4645108704714338,1.5458237451553505,12
1785529250.742486,58429,1.4594630985342003,1.5457576643700979,12
1785529250.742507,58430,1.4556582136641556,1.541952627283286,12
1785529250.7425332,58432,1.461221050484586,1.5363901441459573,12
1785529250.7425926,58431,1.4611936979056188,1.538717892908111,12
1785529250.7427802,58433,1.4662070468641735,1.538663169591598,12
1785529250.7450747,58434,1.4698712751398388,1.5387070260959057,12
1785529250.7461305,58435,1.4723446577805654,1.5362331744802127,12
1785529250.7510707,58437,1.4751740888958818,1.539063292718345,12
1785529250.755216,58439,1.4751740891007126,1.5390632928798056,12
1785529250.7690635,58441,1.4790118784556054,1.5390922099084554,12
1785529250.8007495,58442,1.489340879426727,1.5494270900612024,12
1785529250.801086,58443,1.48937497371443,1.5473861821344193,12
1785529250.8011162,58445,1.4847975435252088,1.5474102501849272,12
1785529250.8011773,58446,1.4854932197055402,1.547412459866093,12
1785529250.8012004,58447,1.4862014963104162,1.546703711269787,12
1785529250.8017068,58450,1.4893421903476676,1.5466863744321224,12
1785529250.804188,58449,1.4889891185558528,1.5463330577386318,12
1785529250.8055537,58451,1.488976623171908,1.5454521438862279,12
1785529250.813673,58456,1.484022405683864,1.550409851247275,12
1785529250.8233385,58457,1.489143141134314,1.5503852365776427,12
1785529250.8483846,58459,1.4931746899220357,1.544238551355561,11
1785529250.8484602,58460,1.4931234898759955,1.54032077928784,12
1785529250.8485062,58464,1.49311994357272,1.5405866095067933,12
1785529250.8485482,58465,1.4916375708489844,1.5405850702533517,12
1785529250.8485653,58466,1.4841353698038182,1.5330798432796717,12
1785529250.8515422,58468,1.4875863119718555,1.5296279746569634,12
1785529250.8605528,58472,1.4875578551368254,1.5257546766501824,12
1785529250.8829803,58471,1.4841022386797913,1.5292109038547854,12
1785529250.8949769,58473,1.4822509019195054,1.5273592952205963,12
1785529250.8950047,58475,1.482237453425604,1.5250747098341908,12
1785529250.8950417,58476,1.4822542451716199,1.5235630822516695,12
1785529250.8950574,58477,1.4788343073868515,1.523548303253539,12
1785529250.8950922,58478,1.4796284753764724,1.5243425192151516,12
1785529250.895131,58480,1.4797168537730474,1.524254140417853,12
1785529250.899234,58481,1.4807862157684732,1.52424544294918,12
1785529250.90163,58482,1.476577949796536,1.5242176723341134,12
1785529250.9082115,58483,1.4732198448213458,1.527575822711173,12
1785529250.9222121,58485,1.4742807166891556,1.5286367302876245,12
1785529250.9359386,58486,1.4710683855194417,1.5286666680907273,12
1785529250.936194,58487,1.4710884461253244,1.5307675487944779,12
1785529250.936275,58488,1.4710828688104347,1.5313030015692959,12
1785529250.9377542,58489,1.4711703331450472,1.5313038710983138,12
1785529250.937873,58490,1.4707285274095372,1.5308620050463615,12
1785529250.937928,58491,1.4706915201840693,1.5340751725936281,12
1785529250.9380648,58493,1.4607685719587553,1.5342159325223168,12
1785529250.9751813,58495,1.4654743815328517,1.5295104432307738,12
1785529250.9754906,58501,1.4689751245179241,1.529530799553647,12
1785529250.9755917,58502,1.4650206166003559,1.5255766008175067,12
1785529250.9756405,58504,1.466443033465945,1.5241541622820938,12
1785529250.9756737,58503,1.466480935418921,1.5212048681860464,12
1785529250.9814062,58508,1.466508148817492,1.5274095828265848,12
1785529250.9828851,58506,1.4637053990502873,1.5273830357080966,12
1785529250.9859743,58507,1.4560904824979173,1.5349963301414344,12
1785529251.0115092,58509,1.4544135014530861,1.5333198715561813,12
1785529251.0217023,58511,1.4544006686561806,1.53192740481683,12
1785529251.0220444,58512,1.4544425326093489,1.52824909734691,12
1785529251.0220995,58514,1.4582403767980143,1.532045673009576,12
1785529251.0222056,58517,1.4577936694805997,1.5320516951591063,12
1785529251.0225275,58515,1.4577718592148419,1.5338447476879948,12
1785529251.0319517,58522,1.4609006305696277,1.5337993438204807,12
1785529251.0345187,58523,1.4609424817353887,1.5372886840138056,12
1785529251.0452518,58524,1.460875901007954,1.5423029569323663,12
1785529251.0664682,58526,1.462906691758966,1.5443340441966575,12
1785529251.068963,58528,1.4615797249236915,1.5456612832207066,12
1785529251.0690129,58527,1.4616278334049964,1.542438324487499,12
1785529251.069034,58529,1.4635100963875203,1.5424158626761386,12
1785529251.0690777,58532,1.4634609054939143,1.5388358458467695,12
1785529251.069095,58531,1.4731017118672776,1.5291945516990963,12
1785529251.0754974,58533,1.4792834309764042,1.5353772314713452,12
1785529251.0758324,58534,1.4774950454210993,1.5353919387593469,12
1785529251.07589,58535,1.4774230394649261,1.5251279715293307,12
1785529251.0938792,58537,1.4702359610486642,1.5250908631693245,12
1785529251.137763,58536,1.4702433966095618,1.524376762787972,12
1785529251.1401339,58538,1.4680384127866377,1.5221720767223508,12
1785529251.140242,58544,1.4680229956288502,1.5182374697332626,12
1785529251.140277,58543,1.4674019963108695,1.5188582701327182,12
1785529251.1403341,58547,1.4674788342957301,1.5303105343387031,12
1785529251.1403842,58548,1.467462595025202,1.5319187456164995,12
1785529251.1404083,58549,1.472884141035901,1.5319675949225675,12
1785529251.1404579,58550,1.4817041741414132,1.540789976670232,12
1785529251.1405003,58551,1.4817065877582392,1.5406121270801167,12
1785529251.1516275,58553,1.4897676215505813,1.5405687320406163,12
1785529251.2061255,58555,1.4871154609766135,1.5493468885582429,11
1785529251.2094874,58556,1.4872122538610713,1.5542775640547173,11
1785529251.209632,58561,1.4864231855196706,1.554273719293672,11
1785529251.2096968,58562,1.478875639802082,1.5476310922378027,11
1785529251.2097256,58564,1.4769693485051973,1.549307370833434,11
1785529251.20975,58563,1.4768981326529471,1.5533167552991671,11
1785529251.209799,58568,1.4769790983911109,1.556914466806129,11
1785529251.2098231,58567,1.484903727517732,1.5499408839827113,11
1785529251.209868,58569,1.4826898359460279,1.5479929631944294,11
1785529251.2098897,58570,1.483813254750981,1.5479891302880568,11
1785529251.2099156,58571,1.4838293262767586,1.5487806397667006,11
1785529251.2134135,58574,1.4849368228789739,1.5497551992931562,11
1785529251.2136729,58575,1.4849105311817175,1.5512659027901994,11
1785529251.2136729,58576,1.485211750176218,1.5510008690857795,11
1785529251.2450345,58579,1.4829036190763358,1.5530317853896625,11
1785529251.2784286,58580,1.4827840346211199,1.546877661654575,11
1785529251.2784998,58584,1.4828216977549005,1.5447435071062625,11
1785529251.2785318,58585,1.4875763923413436,1.5447600584421537,11
1785529251.278577,58588,1.4864683714880504,1.545734628610911,11
1785529251.278601,58587,1.486450973485089,1.5466228226839538,11
1785529251.278646,58589,1.4788955505628045,1.5466814424891593,11
1785529251.3028672,58591,1.4797025484019586,1.5459713070119228,11
1785529251.30298,58592,1.4797235407670073,1.5474640834384459,11
1785529251.303868,58597,1.4734902273813206,1.5474320418965404,11
1785529251.303956,58599,1.4734577843481733,1.5491267553178734,11
1785529251.3039787,58601,1.478463611885981,1.5490887818926733,11
1785529251.318273,58602,1.4728107230267653,1.5490424313486788,12
1785529251.318273,58604,1.4728588722415432,1.551670929374966,12
1785529251.3196886,58603,1.4731238696073317,1.5514057677294313,12
1785529251.3199143,58605,1.4687855154990184,1.5470659420796633,12
1785529251.3199437,58606,1.470221559621682,1.5470545702442178,12
1785529251.319975,58607,1.4701420883697562,1.5422405075675527,12
1785529251.3223908,58608,1.4701469643001968,1.5418833840184547,12
1785529251.3349822,58609,1.4693624972493518,1.5418746561555745,12
1785529251.3536944,58610,1.4635230996936939,1.5360344980271594,12
1785529251.379085,58611,1.4635684550477022,1.531114351095183,12
1785529251.3791203,58613,1.4610677832614125,1.5311398571246095,12
1785529251.3791654,58615,1.4674211487054702,1.524787537336702,12
1785529251.379209,58620,1.4674157343093277,1.5255915894600376,12
1785529251.3792517,58621,1.4655752228803582,1.5255676583633406,12
1785529251.3792734,58622,1.4729267180039685,1.532918940559159,12
1785529251.379288,58623,1.4729017853392377,1.5355055105000968,12
1785529251.3793256,58625,1.4734383359636114,1.5355014785690113,12
1785529251.3875272,58627,1.4638196043627452,1.5451222655503551,12
1785529251.3911767,58629,1.4694845004755326,1.5507894367406996,12
1785529251.3954747,58631,1.46961582435289,1.5570912120078577,12
1785529251.4312558,58634,1.4670437253299706,1.5545173753888377,12
1785529251.461542,58641,1.4668669041145734,1.5543404423269804,12
1785529251.4616075,58642,1.4685754662137271,1.5543287344197727,12
1785529251.4617474,58643,1.4683422858116235,1.5415563564699613,12
1785529251.4619553,58645,1.4706953848942654,1.5415794085886076,12
1785529251.4620173,58647,1.4707379476436355,1.5384552228900465,12
1785529251.462042,58646,1.4687050111329507,1.536421957674756,12
1785529251.4632094,58650,1.4712369593620898,1.5364467065402228,12
1785529251.466335,58651,1.4740675065731559,1.5336157101951353,12
1785529251.5292194,58655,1.47712062878657,1.5359206011086581,10
1785529251.5317526,58656,1.4767731675977998,1.538228299913885,10
1785529251.5318003,58658,1.4774649582579218,1.5390557395775504,10
1785529251.531915,58660,1.4761515510739096,1.5405544385203962,11
1785529251.5319462,58659,1.4761354678083847,1.542180111388986,11
1785529251.5319955,58663,1.4766645550683188,1.541576399920952,11
1785529251.532039,58669,1.4770131569273692,1.541580299449802,11
1785529251.5320802,58664,1.4769772401715042,1.5388301153860142,12
1785529251.5329072,58671,1.4769995722373308,1.5371375833884349,12
1785529251.540584,58676,1.477002903518354,1.5374007532791574,12
1785529251.5462384,58674,1.480144573612988,1.5374208919763337,12
1785529251.5463767,58675,1.476251007996605,1.5413158589358735,12
1785529251.5520482,58678,1.4733840964677127,1.541344609036073,12
1785529251.609781,58681,1.4738563080151699,1.5413545137671238,11
1785529251.6135333,58682,1.4707252377787843,1.5386246552391991,11
1785529251.613564,58683,1.470611982831722,1.5439809873698864,11
1785529251.6135926,58688,1.4706175923045723,1.54450631755597,11
1785529251.6136503,58687,1.477345234297457,1.5386364009059283,11
1785529251.6136944,58689,1.4709940553432341,1.5331009119686656,11
1785529251.613722,58691,1.47097940692541,1.5303873062127493,11
1785529251.6147363,58692,1.4709782736866845,1.5304764602763867,11
1785529251.6147904,58694,1.476011998331325,1.5348643246413411,11
1785529251.6209996,58695,1.476005843551515,1.5353099921107776,11
1785529251.6217365,58696,1.4778384627521663,1.5337075653676033,11
1785529251.6218681,58697,1.4767386957607522,1.5337216488746812,12
1785529251.631863,58699,1.4753167789481525,1.535143819234236,12
1785529251.677453,58700,1.475291094803558,1.5290953767601225,12
1785529251.678976,58704,1.475356167974716,1.524995347092478,12
1785529251.679057,58705,1.4763202803698503,1.5249967978703836,12
1785529251.6791368,58708,1.472850555662343,1.5284666457548126,12
1785529251.6791663,58707,1.472897010635476,1.5253450703426177,12
1785529251.6792164,58709,1.477353900069493,1.5252868177796066,12
1785529251.6796079,58711,1.477265604957996,1.525375196432105,12
1785529251.6796825,58712,1.4773247056250478,1.5336215192358817,12
1785529251.6895957,58717,1.4691097498177466,1.5335461201301306,12
1785529251.6900349,58720,1.4720219470302491,1.5306337485484116,12
1785529251.6952975,58719,1.4720300706563738,1.5296524026088172,12
1785529251.6986794,58721,1.4688166695037455,1.5296795127523193,12
1785529251.7394996,58722,1.4710045306681194,1.5297026123902127,12
1785529251.7402778,58723,1.4660553276273423,1.5346518897036672,12
1785529251.7404537,58728,1.4659972608285143,1.5392109113302475,12
1785529251.7405007,58729,1.4715794547537304,1.5392570807714225,12
1785529251.7405589,58732,1.4746829072566774,1.536152975344391,12
1785529251.7405853,58731,1.474717791046332,1.5337460136977992,12
1785529251.7406075,58733,1.4739133963835267,1.533754954224635,12
1785529251.7526188,58737,1.4696466877651528,1.5298815875904712,11
1785529251.752742,58735,1.478186486195558,1.5224235442378733,11
1785529251.7617924,58740,1.4782232199291037,1.5192182886583785,11
1785529251.7663674,58741,1.4821446947621082,1.519229308306053,11
1785529251.8050675,58742,1.482850745222873,1.5198456410792125,11
1785529251.808905,58744,1.4811242441894352,1.5213541708071048,11
1785529251.8089797,58743,1.4811689892978088,1.517084736279689,11
1785529251.8091898,58748,1.4811581502893256,1.5107609808045563,11
1785529251.8092225,58746,1.4746086750285732,1.5107418061184257,11
1785529251.8092425,58747,1.4691296831899816,1.5155310461227043,11
1785529251.8092892,58751,1.4691480214337755,1.5200795246043841,11
1785529251.8093364,58752,1.469091110603643,1.5250800273965985,11
1785529251.809381,58753,1.462061813775952,1.5250267609907933,11
1785529251.8094044,58754,1.4672194697294785,1.5295263625941289,11
1785529251.8229728,58757,1.4701861384082964,1.5294973166513566,11
1785529251.8318453,58759,1.4802096837035688,1.5207477903667586,11
1785529251.8637366,58758,1.4864414617200885,1.52077683851726,11
1785529251.867744,58760,1.4865288058438093,1.5293125393711575,11
1785529251.868374,58764,1.486550913573873,1.5264712855291496,11
1785529251.8684351,58765,1.4903649097820297,1.5264937798395888,11
1785529251.8685288,58769,1.4781059163002608,1.5265510491938485,11
1785529251.8685617,58767,1.47804867011755,1.5305579711567017,11
1785529251.8717132,58774,1.4736165945540047,1.530608599869254,12
1785529251.8801405,58776,1.4736008804616685,1.5316786823034985,12
1785529251.8908498,58778,1.467353452592978,1.5254313918537825,12
1785529251.9282632,58779,1.4673569768819166,1.524984537963637,12
1785529251.9285836,58785,1.4720233377820529,1.529648578425936,12
1785529251.9286253,58786,1.4786286352308418,1.5295731479679175,12
1785529251.9286594,58788,1.4786732343797118,1.5253890624617512,12
1785529251.9305046,58790,1.4745226325539438,1.5212384619068997,12
1785529251.9410305,58793,1.4804865739201833,1.5211945667312623,12
1785529251.9424582,58791,1.4804054396551474,1.5302693649419261,12
1785529251.96238,58797,1.478288280758505,1.5281519425613685,12
1785529251.9920607,58798,1.4677603165508857,1.5282833373649698,12
1785529251.992847,58800,1.467614641356645,1.5366817231760772,12
1785529251.9929724,58802,1.468140716728585,1.5372084332003375,12
1785529251.9930294,58805,1.4730622708415948,1.5371255964355504,12
1785529251.9930754,58803,1.4731447124688677,1.532309118516037,12
1785529251.9930952,58809,1.4728795112750999,1.5320437661576751,12
1785529251.9932024,58810,1.4783298608596547,1.5319796422093181,12
1785529251.9969308,58811,1.4783626735851565,1.535665480561788,12
1785529252.0020149,58812,1.4784382936481881,1.5290769739916374,12
1785529252.0064273,58813,1.483864757713628,1.5291079177929965,12
1785529252.0085206,58814,1.4854530663962824,1.5306965601870433,12
1785529252.0475864,58817,1.4602893770242291,1.5461351514164619,10
1785529252.071482,58815,1.4553081245629194,1.5421752990723092,8
1785529252.0722933,58821,1.4592333066772727,1.5461019980872341,8
1785529252.0723178,58822,1.4633178142937031,1.544437149262691,8
1785529252.0723364,58823,1.4674731015795552,1.533732048040321,8
1785529252.072974,58824,1.4692956885662907,1.529297980878782,8
1785529252.073023,58825,1.4621907135696093,1.5320716980059046,8
1785529252.073023,58826,1.4641037724807935,1.5339836213537221,8
1785529252.0730608,58827,1.4663177455494518,1.528545361198599,8
1785529252.073084,58829,1.4744598405689986,1.5252376738176305,8
1785529252.0732362,58831,1.474010760351073,1.5256867603467492,9
1785529252.0733128,58833,1.4715904374280746,1.5232674371558688,9
1785529252.0762393,58835,1.4694660569641003,1.5372208042412399,9
1785529252.0818052,58836,1.4708644187126574,1.5289327325321898,9
1785529252.0849023,58837,1.4647947343674192,1.5298148653666896,9
1785529252.0896912,58838,1.4630643881784233,1.5280870055009583,9
1785529252.0951343,58839,1.4620372570008024,1.5343057999437615,9
1785529252.0993044,58841,1.4605737740055693,1.5345520096359173,9
1785529252.1434717,58845,1.4640266058250575,1.538004162890852,9
1785529252.144324,58843,1.4606926660534747,1.5413390854507083,9
1785529252.14775,58849,1.4733711648245873,1.5394727511765787,9
1785529252.1483953,58850,1.4815493589136086,1.547677701304964,9
1785529252.1494048,58856,1.4823510199546084,1.5422403313805013,10
1785529252.1554024,58857,1.4830717042873032,1.5428446593657523,10
1785529252.1988554,58862,1.4796732915189112,1.5399953705452165,10
1785529252.2967358,58861,1.4719704324229714,1.54101578294505,6
1785529252.2984998,58869,1.4721925726070848,1.541314618480901,6
1785529252.2985775,58871,1.4704422199135128,1.550311480951507,7
1785529252.2986906,58874,1.4732436382993543,1.5531416408912164,7
1785529252.2987657,58878,1.4719365232000707,1.5534058548753338,8
1785529252.298837,58885,1.476163304094394,1.5525480511096392,8
1785529252.298881,58892,1.476715175817024,1.5491814929212235,8
1785529252.2989063,58890,1.472605477034371,1.5500169960473817,8
1785529252.2989256,58891,1.4675197592697387,1.5559546669937059,8
1785529252.2990992,58895,1.4684828888895827,1.550100837572123,8
1785529252.2991629,58896,1.4669506386202416,1.5579553673507636,9
1785529252.2991927,58897,1.4565269854907559,1.559683143839572,9
1785529252.2992399,58898,1.45773593240898,1.5608903948411013,9
1785529252.2992606,58899,1.4576613053216774,1.561278740124458,10
1785529252.3007305,58901,1.4702141386198373,1.5593210380326143,10
1785529252.3048425,58903,1.4735500724564794,1.5564153548247104,10
1785529252.3278139,58907,1.474127201369636,1.5525253318940415,10
1785529252.3509436,58913,1.4591229582780438,1.5548769509480713,10
1785529252.3519647,58915,1.457721495152401,1.5560981552249045,10
1785529252.3668702,58921,1.4673870826925681,1.5547374723215466,10
1785529252.3687525,58916,1.4663722542371214,1.5612867527789482,10
1785529252.4039192,58928,1.4657698325750381,1.5652741131043277,10
1785529252.4045568,58927,1.4694073294862728,1.562105129806876,10
1785529252.404866,58931,1.470124423006001,1.557396009503536,10
1785529252.4188347,58937,1.4790632474876417,1.556004944732017,10
1785529252.458584,58948,1.4832196373670707,1.5523819474257956,11
1785529252.4586647,58949,1.477953603726728,1.5524340252231439,11
1785529252.4620652,58952,1.477869098723387,1.5448871670732682,11
1785529252.4710941,58951,1.4767445383852733,1.5458680871660866,11
1785529252.4920392,58955,1.4768175601195224,1.5524474001420816,11
1785529252.5211277,58960,1.4592591636539665,1.5377554945451084,6
1785529252.5232043,58959,1.4576237397809573,1.534351192686302,7
1785529252.5232801,58961,1.4604983038096606,1.5354661828982477,7
1785529252.5233927,58962,1.462870407347858,1.5364264147970488,8
1785529252.5234196,58963,1.4620547014987773,1.5372423512409756,8
1785529252.5234656,58967,1.4562660077007124,1.5227742756145959,8
1785529252.5235088,58968,1.4593958564851595,1.5309932228679544,9
1785529252.530307,58970,1.4581072448746666,1.5298707473627198,10
1785529252.5315304,58972,1.4655298279526603,1.523696219949848,10
1785529252.5639873,58973,1.4729467431197243,1.5246406227860994,10
1785529252.5764737,58976,1.4690781439399603,1.5268716278922634,9
1785529252.5765045,58974,1.467778776695703,1.5266792392906556,9
1785529252.5765572,58977,1.4748182364250801,1.531956124712881,10
1785529252.5765803,58978,1.4757334682301535,1.5319490784373244,11
1785529252.5766122,58979,1.4758971459057981,1.5423841738101645,11
1785529252.5767498,58980,1.4759538542817001,1.5369486271270654,11
1785529252.5768073,58981,1.477838373479123,1.536969870870208,12
1785529252.57683,58982,1.4817391219255724,1.5408720406649743,12
1785529252.5768812,58983,1.4816580084467375,1.5473653510692629,12
1785529252.5768812,58984,1.4798927163624578,1.5491318007690602,12
1785529252.5807223,58985,1.4747736982293707,1.549168343516216,12
1785529252.592924,58987,1.4795479934153635,1.5443913942264342,12
1785529252.6136913,58992,1.4795123391032952,1.546616814448905,12
1785529252.6372464,58993,1.4735968628647576,1.5465715289316242,12
1785529252.637428,58994,1.4689095222042194,1.5418824249078062,12
1785529252.6374643,58995,1.46899184276172,1.534023375321353,12
1785529252.6375046,58999,1.4637065181308269,1.539309002225751,12
1785529252.647581,59000,1.4636005678280797,1.5317995637365784,12
1785529252.6521382,59005,1.4669238251717134,1.531839177037503,12
1785529252.6547043,59004,1.4669238263387192,1.531839177091737,12
1785529252.6921957,59010,1.4748813145700992,1.5319033446693726,12
1785529252.6927793,59016,1.4748651324322584,1.5330621364351467,12
1785529252.6929007,59017,1.4735540452675409,1.5330550366762252,12
1785529252.6929417,59012,1.4736207030034016,1.5395387371300984,12
1785529252.6929624,59019,1.473590908182633,1.5415899087461369,12
1785529252.6985786,59021,1.4811168558986234,1.5415317987269481,12
1785529252.7039952,59022,1.4778052612241492,1.5415038628910038,12
1785529252.708441,59023,1.4803627631237437,1.5389453422265622,12
1785529252.7300065,59026,1.4733801300939704,1.538992064231817,12
1785529252.742976,59027,1.4733585292905937,1.5372397811854392,12
1785529252.75439,59029,1.4777224305964711,1.5372690349637135,12
1785529252.7544925,59032,1.4798484256234792,1.5351424583552395,12
1785529252.754512,59031,1.4798344340315952,1.5361214164785488,12
1785529252.7545567,59034,1.4747703222211177,1.5360916994881868,12
1785529252.7608235,59040,1.474755011702383,1.5372505628164344,12
1785529252.8035414,59043,1.4699749352771516,1.5281393009421058,11
1785529252.8051498,59052,1.4698633355357096,1.5273071516672145,11
1785529252.8763268,59064,1.4739487265929299,1.5295925992876012,10
1785529252.8765776,59067,1.4775529989254022,1.5407724629931272,10
1785529252.8828168,59076,1.479487950766034,1.546872816606642,10
1785529252.8887594,59077,1.4749200908160107,1.5453329264272198,10
1785529252.888836,59078,1.4713192906343662,1.541730729862104,11
1785529252.8907847,59080,1.4658309780793004,1.5472210014985137,11
1785529252.9034915,59079,1.4581730287424033,1.550700628724784,9
1785529252.925045,59084,1.4521499743358004,1.5537319046373848,9
1785529252.9250896,59082,1.4556458750931551,1.5537524717346543,9
1785529252.9251266,59083,1.4637760420999375,1.5470106777719117,10
1785529252.9251983,59086,1.4776732512547102,1.548838842025613,10
1785529252.925477,59089,1.4773148347573872,1.5487856608187565,10
1785529252.9310093,59090,1.4774533723973127,1.5489063689132974,10
1785529252.933536,59091,1.4771595519005691,1.5469301830397848,10
1785529252.9407487,59093,1.4808021914674823,1.5474315275059232,11
1785529252.985266,59095,1.4773293493486925,1.5493950691066163,10
1785529252.9857447,59097,1.4792118596109212,1.5515423658153966,11
1785529252.9857948,59099,1.4791095483004915,1.5454507536136632,12
1785529252.985818,59100,1.4791571937953172,1.5421568272100132,12
1785529252.986393,59102,1.474912890432523,1.5379110021449844,12
1785529252.9864821,59104,1.4808310872620118,1.5319913602618491,12
1785529252.9865246,59103,1.4808423567422624,1.5308348608830191,12
1785529252.986563,59108,1.4808469556691324,1.5312740235642692,12
1785529252.986624,59106,1.4760369673594977,1.531230295730089,12
1785529252.986651,59107,1.477623609901686,1.5296434163881891,12
1785529252.9939625,59110,1.4695010534024633,1.5297034223430521,12
1785529252.9948282,59111,1.4695704025087715,1.5354780133708914,12
1785529253.0019467,59112,1.469603363839322,1.5315495196753943,12
1785529253.0062475,59113,1.4702155887458863,1.5315576387390792,12
1785529253.0089972,59114,1.4758894278588295,1.5372323380054709,12
1785529253.0156443,59116,1.4782683939518402,1.5348528512601416,12
1785529253.017997,59117,1.47424521961299,1.534874725143886,12
1785529253.05523,59118,1.4766037379949066,1.5348974130347213,12
1785529253.0554423,59119,1.4737783238607267,1.5377234904897883,12
1785529253.0555284,59124,1.4737568083540666,1.5395069369906507,12
1785529253.0555794,59126,1.4751713617485813,1.5409219455532623,12
1785529253.0555964,59128,1.467663475028766,1.5484327824413073,12
1785529253.0606759,59127,1.4677268376646175,1.5438757210950758,12
1785529253.0711048,59131,1.468873403718643,1.5427288094532632,12
1785529253.100378,59137,1.471225579807594,1.5427563680400713,12
1785529253.1172667,59139,1.4711642155861977,1.5470405495718385,12
1785529253.1205397,59142,1.4732517625565806,1.5470590198699936,12
1785529253.1207764,59143,1.4758168834885177,1.54449266575321,12
1785529253.1208355,59148,1.4758194652290246,1.5443144196856518,12
1785529253.1284955,59149,1.4733818857074736,1.5442947048035727,12
1785529253.1311648,59152,1.474530803227206,1.5431453149163852,12
1785529253.1357899,59151,1.4744679640657974,1.54715755404066,12
1785529253.1691206,59155,1.4661512074578835,1.5554791750558892,12
1785529253.1692035,59160,1.4662750048418687,1.5482372710211785,12
1785529253.1822197,59161,1.469231275750768,1.5482713586379617,12
1785529253.1822739,59163,1.4692738759900175,1.545413381609397,12
1785529253.1984806,59167,1.480444690418608,1.524858893193473,8
1785529253.2604141,59172,1.4930427211981292,1.5530360245587438,6
1785529253.2616289,59173,1.4706017936908047,1.5416666196472932,6
1785529253.2617078,59174,1.4735863768401887,1.544605446015276,7
1785529253.2617292,59176,1.4726330920727442,1.5455363937230093,7
1785529253.2617707,59175,1.472577005149418,1.5452416925409427,7
1785529253.2618089,59179,1.4695960933238728,1.548148850894719,7
1785529253.2618477,59180,1.4692918576968583,1.546773003057266,8
1785529253.2618864,59184,1.4695610490904951,1.5482416783911739,8
1785529253.2619054,59185,1.4748171889550996,1.5491506514149864,8
1785529253.2619517,59188,1.4816126569557082,1.5438099727287977,8
1785529253.2622738,59187,1.4807934192725483,1.5394121513451975,8
1785529253.2623606,59189,1.478762489586629,1.5390847276533937,9
1785529253.2643938,59192,1.4779432999654796,1.5345127090159476,9
1785529253.2656856,59191,1.474591465558346,1.5378387409607646,9
1785529253.2707267,59193,1.4771670969292827,1.5403996825884072,10
1785529253.2820835,59196,1.4772719045031908,1.5311563684830487,10
1785529253.3290186,59197,1.480093050173034,1.5311800916437524,9
1785529253.329575,59198,1.480683359759521,1.531685391183257,9
1785529253.3296664,59199,1.480662752753803,1.5336137060184976,9
1785529253.3296888,59204,1.4807563437547189,1.5390246701036667,9
1785529253.329783,59202,1.4765400015041288,1.538979964293025,10
1785529253.329812,59203,1.471692250034248,1.543798179643407,10
1785529253.3298512,59205,1.4701649793056808,1.5422809290469484,10
1785529253.329905,59206,1.4704149888541989,1.5422786938179838,11
1785529253.3305461,59207,1.4703653849524596,1.5391983998196368,12
1785529253.3308158,59208,1.4703619906412646,1.5394662041305998,12
1785529253.3308516,59209,1.470624044825099,1.5394688869247868,12
1785529253.3309135,59210,1.4672598832069481,1.5361045753876819,12
1785529253.342392,59211,1.4672778974679304,1.5342281578488433,12
1785529253.3619664,59218,1.4637020648551207,1.5342626633854788,12
1785529253.3962443,59219,1.4636425374763418,1.5287619013150193,12
1785529253.3969252,59222,1.4654973802202877,1.5306165074248554,12
1785529253.3970704,59224,1.468239711027903,1.5278744017431674,12
1785529253.3971124,59223,1.4682467062504714,1.5271598339196342,12
1785529253.3971648,59228,1.468199773257048,1.5190276100832547,12
1785529253.3971856,59226,1.4754017116416944,1.5190621192099263,12
1785529253.397203,59227,1.4783361079428208,1.516128204110845,12
1785529253.3972452,59230,1.4803802053458446,1.5161026884709807,12
1785529253.3973136,59231,1.4803997734156418,1.5234786557314555,12
1785529253.4048743,59233,1.485924243941003,1.5234896181694904,12
1785529253.4113178,59234,1.4876838137679445,1.5252493125669044,12
1785529253.4120138,59236,1.4782728359869468,1.5346622730585584,12
1785529253.4121523,59235,1.478205104390358,1.5385805388521354,12
1785529253.4285002,59237,1.4758777302389974,1.538612520540951,12
1785529253.4574485,59238,1.4731733568759566,1.5386055373094487,12
1785529253.4575706,59244,1.473182962121975,1.5380703643747422,12
1785529253.45762,59245,1.4714379028628197,1.538062878273095,12
1785529253.4576435,59246,1.4704703110533783,1.537095146176028,12
1785529253.4576612,59248,1.4785519515364463,1.5290122673145838,12
1785529253.465597,59252,1.4785751797511064,1.5327857623413308,12
1785529253.5089848,59251,1.487179767321219,1.5241797458595503,12
1785529253.5131743,59253,1.4870915047266389,1.5240912185091897,12
1785529253.5132103,59255,1.487081021319905,1.5206591879798743,12
1785529253.5133016,59258,1.4886640971848977,1.5222423445920426,12
1785529253.5133843,59262,1.4874359674432094,1.5222432441110414,12
1785529253.5134034,59265,1.4873475529954243,1.5221548452262161,12
1785529253.5147126,59267,1.4873831675696252,1.528932895494012,12
1785529253.5403717,59269,1.4825691882551217,1.5289151925088416,12
1785529253.5405047,59270,1.4819508526013994,1.5282967550687332,12
1785529253.5867302,59274,1.483264056253762,1.5283034378027958,12
1785529253.5867302,59277,1.4807917961133041,1.5258308382770565,12
1785529253.5868664,59279,1.4807484525131192,1.5152924578628515,12
1785529253.5870147,59282,1.4795166528726504,1.514060506327055,12
1785529253.5870473,59288,1.479517900875439,1.5158160856731053,12
1785529253.5870717,59286,1.4815400927134492,1.51582054983488,12
1785529253.5905826,59289,1.4840914170932162,1.5183718260152457,12
1785529253.5957491,59291,1.4841095829858757,1.5238229815743467,12
1785529253.6299367,59294,1.494484479967906,1.5214133186711505,9
1785529253.6523976,59298,1.495425000934111,1.5214145652913864,9
1785529253.65246,59299,1.4840268477985081,1.5311414063158457,9
1785529253.6524842,59300,1.4839733673330382,1.5184616335811896,9
1785529253.6525202,59304,1.4837727833489975,1.5289395581180962,9
1785529253.6525567,59305,1.493286817383512,1.5288650104780999,9
1785529253.6525733,59308,1.4892044592403464,1.5323523864746482,9
1785529253.6526144,59307,1.489178895514191,1.533247636803573,10
1785529253.7046745,59309,1.493325226121867,1.53320041901224,11
1785529253.7114186,59312,1.4934094197362415,1.5442264791769629,11
1785529253.711457,59311,1.496159117314952,1.5418275939753594,11
1785529253.711538,59313,1.488087124386418,1.5347916635815049,11
1785529253.7116075,59315,1.488135753986426,1.5398104867239086,11
1785529253.712392,59316,1.4881647618457663,1.5382128114674631,11
1785529253.7124557,59317,1.4911668408797671,1.5382130798245206,11
1785529253.712584,59318,1.4934908946101484,1.5402390603839458,11
1785529253.7126746,59319,1.4934807518452484,1.540770729411565,11
1785529253.7127054,59324,1.4935222328824398,1.543946624704849,11
1785529253.7127757,59323,1.4950465684860128,1.542617106743781,11
1785529253.7128394,59325,1.4988925247241427,1.5459693259017278,11
1785529253.713724,59326,1.4961644602832456,1.545977622072841,12
1785529253.7156448,59327,1.496090113404881,1.5387374567255927,12
1785529253.7285204,59330,1.482724543744908,1.5253676044932754,12
1785529253.7427542,59332,1.4836124334071774,1.5244789292656755,12
1785529253.7695599,59331,1.4834564056458286,1.5340785489882725,12
1785529253.769928,59336,1.4834575433851773,1.5239709848211316,12
1785529253.769966,59334,1.4759174629943448,1.5239955542806123,12
1785529253.7699916,59335,1.4700312120179388,1.529881176153054,12
1785529253.770014,59338,1.465923898029833,1.5299641263901853,12
1785529253.7700396,59339,1.4659484766928945,1.5386145649521148,12
1785529253.7765317,59341,1.4592306522046257,1.5385703877975438,12
1785529253.7766314,59342,1.4660032124825209,1.5453439405174867,12
1785529253.7819595,59345,1.4610688599376527,1.5454307686285578,12
1785529253.783052,59343,1.461308761871326,1.531015379470168,12
1785529253.8231514,59344,1.4636998287376515,1.528624658933195,12
1785529253.823322,59349,1.465199743407754,1.5301243518847683,12
1785529253.823322,59350,1.4721633150781634,1.5300472055287557,12
1785529253.8233836,59352,1.4721879383995529,1.527192551746487,12
1785529253.824353,59353,1.4721879384747472,1.5271925482131579,12
1785529253.8244002,59354,1.4749314389754873,1.5299361556766653,12
1785529253.8244631,59356,1.4697237248140609,1.5351443854564502,12
1785529253.8410199,59359,1.47404873140191,1.5308189500886538,12
1785529253.8480294,59360,1.4742325142756627,1.5425625737239839,12
1785529253.871738,59369,1.469392815154231,1.5425855426208361,12
1785529253.903658,59374,1.4627600326871952,1.542641057761735,12
1785529253.9041564,59381,1.465269767993703,1.5426167266387332,12
1785529253.920618,59386,1.4710059417244035,1.542576316025113,12
1785529253.9586084,59393,1.4768313790642114,1.5425569277934728,12
1785529253.9608786,59398,1.4766523387471329,1.5425582510759837,12
1785529253.9632366,59358,1.4820536468932766,1.5426227502062757,12
1785529254.022687,59405,1.4755754740720781,1.5442204794737724,10
1785529254.0251105,59410,1.4709739385352407,1.5509970129119823,5
1785529254.0252213,59411,1.467280108076213,1.5362097355881128,6
1785529254.0252705,59417,1.4838458703056518,1.5414675790141252,6
1785529254.031061,59418,1.4726929358131606,1.5376645171541132,6
1785529254.0344758,59419,1.4739631321909854,1.5357075952882997,6
1785529254.0471401,59426,1.4733050335737963,1.5348737036675024,7
1785529254.051621,59428,1.474362262718081,1.5218649527105081,7
1785529254.0549538,59427,1.4750279201133831,1.525966509594823,8
1785529254.0595906,59429,1.4648704192510293,1.5240429961589905,8
1785529254.0715425,59432,1.4643617765038104,1.5210824170530435,9
1785529254.1032305,59431,1.4592175840584856,1.5262674617120182,9
1785529254.1035123,59433,1.4661039704113852,1.5331970225210119,10
1785529254.1035464,59434,1.465900424623553,1.533199342521424,10
1785529254.103611,59435,1.4659122896097,1.5346027002672866,10
1785529254.1036618,59436,1.465911784756391,1.534648169423744,11
1785529254.103685,59437,1.4703366247925833,1.534682023126546,12
1785529254.1037035,59438,1.4722735667057387,1.5366191807465615,12
1785529254.1037798,59439,1.472228549699418,1.5392958090380353,12
1785529254.1038046,59441,1.4654233226038216,1.539405168243997,12
1785529254.1038496,59444,1.4654997483158396,1.547705821595442,12
1785529254.1064215,59443,1.4694038493944366,1.5438005338780025,12
1785529254.1204004,59446,1.468865919711684,1.543808158963547,12
1785529254.1305232,59447,1.468909066394115,1.5474824658428714,12
1785529254.1570992,59456,1.4688422629856923,1.5413589197347377,12
1785529254.1733177,59459,1.4688494136382562,1.5421460219505534,12
1785529254.173384,59464,1.4702702942449357,1.5407247887050055,12
1785529254.1853185,59465,1.4819147952272465,1.5405978589969527,12
1785529254.2231917,59477,1.4791382623630869,1.5406201891281772,12
1785529254.318992,59482,1.4666106761022792,1.5258310569998954,5
1785529254.320154,59487,1.4661048926202398,1.52427506844192,6
1785529254.3202255,59494,1.4825044058842625,1.5283485257946943,6
1785529254.3202946,59498,1.481039845326038,1.5271623986054248,7
1785529254.3204076,59499,1.4810052618001344,1.5305868614497176,7
1785529254.3205013,59506,1.4859543270537074,1.5305679400591339,7
1785529254.3205614,59507,1.4858502968933442,1.5199906216567953,7
1785529254.3215423,59508,1.485838090923984,1.5211268390548383,8
1785529254.3249605,59509,1.4795211297484987,1.5210966798166519,9
1785529254.3285081,59510,1.480227003385956,1.5216867397539688,9
1785529254.3365743,59512,1.4772700792842104,1.524157824317706,9
1785529254.336913,59511,1.4772935450024642,1.5204768775204136,9
1785529254.3472128,59513,1.4774355424997059,1.5204761734159786,9
1785529254.3472614,59516,1.4773927729713896,1.516031819526149,9
1785529254.3474016,59515,1.4737448357999012,1.519077741078002,10
1785529254.3624907,59517,1.4807217490793156,1.5251962333526796,11
1785529254.3866065,59519,1.480747392615134,1.5274797355525955,11
1785529254.3911045,59521,1.4817456220147958,1.52748647839121,11
1785529254.3912,59522,1.4827540011387332,1.5283714248568423,11
1785529254.3912258,59523,1.4827037132107452,1.5328167531479082,11
1785529254.3946075,59527,1.4804879056069953,1.5347624522133416,11
1785529254.3985553,59528,1.4805181657137545,1.5369581505697472,11
1785529254.403104,59532,1.4805147360177198,1.537225079833869,11
1785529254.4074316,59533,1.4761411184191173,1.5371916206259966,11
1785529254.4087799,59534,1.47805698934949,1.538875095484394,11
1785529254.4374888,59535,1.4780809860600648,1.5368270264324422,11
1785529254.4524393,59541,1.4760624788893095,1.535053645566454,11
1785529254.4527292,59543,1.4761151796421763,1.5380354500967977,11
1785529254.4528065,59546,1.4762159343766783,1.5381239940776203,11
1785529254.452835,59547,1.4761650989255006,1.5424902925995743,11
1785529254.4609435,59552,1.4762101978811095,1.544770801072258,11
1785529254.4627407,59550,1.4737853252785296,1.544744025988313,12
1785529254.468383,59551,1.474402033952237,1.5441270305031192,12
1785529254.4719226,59553,1.4719201871351166,1.5416442498740506,12
1785529254.4750671,59554,1.4684257328580208,1.5416698985333268,12
1785529254.4774945,59555,1.4683569457773147,1.5368592335599862,12
1785529254.526487,59556,1.4683177771055622,1.539896390721899,12
1785529254.527147,59557,1.4766887380836582,1.53995576544016,12
1785529254.5273075,59558,1.4670904306137194,1.5303558985751196,12
1785529254.5273623,59559,1.4671202475874685,1.5280324840312804,12
1785529254.529967,59564,1.4671390357723286,1.5305674906170232,12
1785529254.530073,59563,1.4719219844786675,1.525784768843278,12
1785529254.5301216,59565,1.470687152762318,1.5245499654656691,12
1785529254.5302243,59567,1.4707469187806843,1.5315518858679833,12
1785529254.530263,59568,1.470778854258731,1.5279819165076414,12
1785529254.530287,59570,1.4767091866767486,1.5339127742129566,12
1785529254.541989,59571,1.4759712978503654,1.527577658746307,11
1785529254.555794,59572,1.4769505522721462,1.526785851528145,11
1785529254.5928397,59578,1.4753158006151639,1.5267929416540187,11
1785529254.5928812,59579,1.4752827452752282,1.5239877151599566,11
1785529254.5935335,59582,1.4806577749156677,1.5286804693670613,11
1785529254.593761,59584,1.4765109343509688,1.532298214337279,11
1785529254.5938003,59583,1.4764368044102356,1.5380891953090123,11
1785529254.5938828,59585,1.4722973056858495,1.5381245886278312,12
1785529254.594094,59586,1.474042371417649,1.5381385243845562,12
1785529254.5941412,59587,1.475369876631035,1.5368106856518402,12
1785529254.5954773,59590,1.4752804187031716,1.5368113897936218,12
1785529254.5973847,59591,1.4752631494297503,1.5351458461004612,12
1785529254.6050973,59593,1.4758745435940577,1.5351495833906514,12
1785529254.6127803,59594,1.4748163462214892,1.5340911738884049,12
1785529254.6130557,59595,1.4748114043618077,1.5345368569120932,12
1785529254.6439726,59598,1.4779551918560752,1.5345527704597284,12
1785529254.665705,59599,1.4736986523895619,1.538810430492521,12
1785529254.6661634,59600,1.473673467066226,1.535919069117832,12
1785529254.6663115,59604,1.4735630797277282,1.541983412447978,12
1785529254.6664174,59605,1.473475938928508,1.5419828728047429,12
1785529254.6664512,59606,1.4682065507996163,1.5367128208017122,12
1785529254.6664753,59608,1.468828886487318,1.5360899670737942,12
1785529254.6665199,59612,1.468807314074599,1.530754685290913,12
1785529254.6796753,59611,1.4668469950985592,1.5327146108334664,12
1785529254.6799955,59613,1.468950965803874,1.5348189295265582,12
1785529254.6800423,59615,1.4689503455341555,1.5244113349565287,12
1785529254.717861,59616,1.468977906383654,1.5229809920854565,12
1785529254.7179513,59618,1.4701140988647243,1.5241168529888078,12
1785529254.718108,59619,1.4701003652796925,1.5248311769540785,12
1785529254.718108,59620,1.4657196302068245,1.5292115709492187,12
1785529254.7183855,59621,1.4714316801386043,1.5290930932665212,12
1785529254.7184315,59622,1.4692441235635323,1.52909133109652,12
1785529254.7184513,59623,1.472899934106353,1.5254354568718256,12
1785529254.7299843,59627,1.4729107646776383,1.5314785782071256,12
1785529254.7309518,59628,1.4729958128418874,1.525948960726434,12
1785529254.7310317,59629,1.4709805093145458,1.5259392293301548,12
1785529254.7320042,59630,1.4750287479939133,1.5299875788631794,12
1785529254.7403064,59631,1.4751012277621733,1.5241052374444055,12
1785529254.740371,59633,1.472695469026778,1.5241327173995984,12
1785529254.7571669,59635,1.4703899828725024,1.5264380462258773,12
1785529254.7821417,59640,1.4703711807479316,1.5279555122800623,12
1785529254.8061535,59641,1.4728915214715184,1.5279285153688495,11
1785529254.80796,59644,1.4801086683597924,1.5216247428472782,11
1785529254.8254497,59643,1.480003067080544,1.5286543848692131,11
1785529254.8265867,59645,1.4774466019951489,1.528686641261745,11
1785529254.8267071,59646,1.4810577363581385,1.52868242236503,11
1785529254.8267431,59647,1.4812606448993755,1.528505495338176,11
1785529254.826802,59648,1.4813169014801133,1.5379033901820736,11
1785529254.8268266,59652,1.4813115177421374,1.5382593698342126,11
1785529254.8268838,59653,1.4803092042867396,1.5382581867483658,11
1785529254.8276088,59657,1.4805145074513648,1.5382568902106433,11
1785529254.8337631,59658,1.475410742249796,1.5382418473061694,11
1785529254.8345914,59659,1.4795786280982661,1.5346050050271143,11
1785529254.8379676,59660,1.4795426352591443,1.5303031736212342,11
1785529254.8422773,59664,1.4794707072696014,1.534308436652515,11
1785529254.861444,59665,1.4741614598429125,1.5342990646353913,11
1785529254.8920677,59667,1.472387406316288,1.5296756875886912,10
1785529254.8921864,59669,1.4677537327997243,1.5290751541160426,10
1785529254.8922746,59672,1.46898623687147,1.536142048349087,10
1785529254.8923097,59671,1.4592899013442082,1.5441872792702438,10
1785529254.8923647,59673,1.4592984100111785,1.5441947886248826,11
1785529254.8923872,59675,1.4594106334154378,1.5512579193693132,11
1785529254.892438,59676,1.4594967102599694,1.5466885241572181,11
1785529254.8955748,59678,1.4611208733737016,1.548103731304305,11
1785529254.8980386,59680,1.4580779005291966,1.5507543280369895,11
1785529254.898124,59679,1.4580211194192272,1.5536228304426734,11
1785529254.898698,59681,1.4653568195091486,1.5535484187350401,11
1785529254.9032762,59682,1.4644596359189352,1.5535371651377743,11
1785529254.9052458,59683,1.4665861279247554,1.551685478499807,11
1785529254.9152899,59687,1.4666270752136032,1.5534341393917082,11
1785529254.9236836,59688,1.4665243756231516,1.558887600013362,11
1785529254.9431064,59689,1.4740900370484993,1.5589570467088887,11
1785529254.9682114,59690,1.464454939855137,1.5505652658686742,11
1785529254.9686973,59691,1.4644585916382986,1.5503863494250663,11
1785529254.9687285,59693,1.4676572493149376,1.5503534903686682,11
1785529254.968774,59694,1.468255893445145,1.5503591028036285,11
1785529254.9687955,59695,1.4691692798936653,1.5495632805255182,11
1785529254.9688308,59697,1.4693720176183611,1.5497399073933322,11
1785529254.9688497,59698,1.4677584787683813,1.5497551672723968,12
1785529254.9688675,59699,1.467689922044559,1.5454698487494603,12
1785529254.968907,59700,1.4677640144586572,1.5401981566759422,12
1785529254.9696987,59701,1.4643632240257096,1.540154069253398,12
1785529254.9697268,59702,1.470739588060787,1.5465321998394186,12
1785529254.9727452,59703,1.4707212482986387,1.5478712453544705,12
1785529254.9727452,59704,1.4679864868138686,1.5506073632980584,12
1785529254.980779,59705,1.4622355221333094,1.5506684018690486,12
1785529254.9889464,59708,1.4620923349517718,1.5399330439370622,12
1785529254.9889991,59707,1.4705219577919446,1.5315028338248913,12
1785529254.9974597,59709,1.471490440477938,1.532471072046006,12
1785529255.0363364,59710,1.4732773218932111,1.5324481427128163,12
1785529255.0394068,59711,1.473242282004871,1.5256155534696567,12
1785529255.03949,59713,1.4714896588765887,1.525608682425431,12
1785529255.039548,59712,1.471407156189654,1.5309626583862344,12
1785529255.0395973,59714,1.4720215668924654,1.5315773813129208,12
1785529255.03965,59718,1.4773557655464093,1.531581026609675,12
1785529255.0398057,59719,1.4727203015077268,1.5362177293484731,12
1785529255.0497212,59726,1.4707924246038886,1.534290297906466,12
1785529255.051096,59728,1.474269259031309,1.5308128056285915,12
1785529255.060538,59729,1.4807880142512213,1.5307139577171107,12
1785529255.071247,59731,1.47189232743833,1.5396119464901263,12
1785529255.0989504,59733,1.470926081190532,1.5386462740219653,12
1785529255.1130261,59735,1.4709092753791966,1.5355826567833069,12
1785529255.1130574,59736,1.4708552984094585,1.5382603073799401,12
1785529255.1130822,59737,1.4739087807540114,1.5382616801147315,12
1785529255.113103,59738,1.4739090680077314,1.5382616837216279,12
1785529255.1131217,59739,1.4738325820923583,1.541561402248703,12
1785529255.1131399,59741,1.4668430852214704,1.5417112481097377,12
1785529255.1132355,59743,1.4737342628848855,1.534817583193013,12
1785529255.11467,59745,1.4737354292933549,1.534816414643347,12
1785529255.1149397,59746,1.4751660774648139,1.5347862408429556,12
1785529255.1170852,59747,1.4751695733114238,1.5391690376553349,12
1785529255.1313708,59750,1.47516957894339,1.5391695815224027,12
1785529255.1314769,59752,1.4684697161133509,1.5458716958636283,12
1785529255.1382766,59751,1.4686902228127787,1.5361347700875476,12
1785529255.1462245,59756,1.468760444156268,1.545318612855248,12
1785529255.17607,59754,1.4657141855690883,1.5452970396880428,12
1785529255.176316,59755,1.4642953661788027,1.5467162374374095,12
1785529255.1763935,59758,1.456665714525232,1.5468499153748505,12
1785529255.176417,59759,1.4566840608429181,1.5485921271796743,12
1785529255.176457,59760,1.4568737936983143,1.5378322311319408,12
1785529255.1764786,59761,1.4553027584686575,1.5378112274057683,12
1785529255.1765234,59762,1.459275607653751,1.5417837613072543,12
1785529255.1765652,59763,1.4592256236516905,1.5449195437805232,12
1785529255.179983,59765,1.4606609345943213,1.5448978718292914,12
1785529255.1862268,59768,1.4606322734447106,1.5426298528824143,12
1785529255.1863265,59767,1.4630247678735548,1.5402371321467345,12
1785529255.1910932,59769,1.4663745220898388,1.543587415075393,12
1785529255.2180097,59771,1.4664299623624057,1.5476957258120156,12
1785529255.3201966,59772,1.4663022271410953,1.5544009912424528,12
1785529255.3202271,59774,1.4647169355599232,1.5528149030995404,12
1785529255.3202744,59776,1.4743820074220388,1.5431453673514832,12
1785529255.3202941,59775,1.4744288508770182,1.5403811947471704,12
1785529255.3205767,59777,1.4785487337654946,1.540341024880291,12
1785529255.320746,59779,1.47828368123409,1.5406061905532777,12
1785529255.3208144,59784,1.4783737981583271,1.5333053053687222,12
1785529255.3208678,59785,1.479946957705494,1.5333175032560353,12
1785529255.3208888,59786,1.4787090829365968,1.5320793635009677,12
1785529255.3209257,59787,1.4786665555844205,1.5358184803712371,12
1785529255.3209426,59792,1.4786495916399476,1.5342386270788837,12
1785529255.3211005,59791,1.4766143337616926,1.5362743851174807,12
1785529255.3211586,59793,1.4747606904764732,1.534420343092488,12
1785529255.3211794,59794,1.4809286978742657,1.5343736896311009,12
1785529255.3211982,59795,1.4809771855311626,1.5379752299001117,12
1785529255.3212774,59796,1.480878119246181,1.5455376740951732,12
1785529255.3213198,59797,1.4808781189350573,1.5455376777372924,12
1785529255.3213603,59799,1.4809530092745966,1.540110400453734,12
1785529255.3214152,59798,1.4836958188013103,1.5428544908611312,12
1785529255.3214598,59803,1.4881971679685568,1.5383509699087166,12
1785529255.321512,59805,1.488020417725651,1.5381741313811237,12
1785529255.3215396,59806,1.4874832729054406,1.538175536465956,12
1785529255.3229756,59807,1.4874634405893141,1.5366788829416338,12
1785529255.3347626,59810,1.4827772926240608,1.5319912392570423,12
1785529255.3348966,59811,1.482753240919268,1.5342139320647872,12
1785529255.3348966,59812,1.479394380973374,1.537573833475547,12
1785529255.3535905,59816,1.4793042027352834,1.527653928671093,12
1785529255.3871105,59815,1.4734575498128095,1.5321704581547002,11
1785529255.3886795,59817,1.4713464326480834,1.530318141167807,11
1785529255.3887782,59820,1.4713464091179527,1.5303181213183805,11
1785529255.388859,59819,1.4714250529170427,1.5367968371692433,11
1785529255.3889282,59825,1.466228637557736,1.5368437390811078,11
1785529255.3918638,59823,1.4662002182149798,1.5387209167438087,11
1785529255.394824,59827,1.4678124802482073,1.5373046987234666,11
1785529255.4024274,59828,1.4679441245102733,1.545525330653092,11
1785529255.4146266,59833,1.4695287095575467,1.5455420359600889,11
1785529255.4571075,59834,1.4686227645262682,1.5447455080893782,11
1785529255.4610806,59836,1.4703310327675965,1.5432442098556998,11
1785529255.4622316,59838,1.4691426158139935,1.543232255753859,12
1785529255.4622684,59839,1.4719706323072752,1.5404034082688234,12
1785529255.4623399,59840,1.472068065871204,1.54662170256008,12
1785529255.4623787,59845,1.473025024861775,1.5466324798809332,12
1785529255.462413,59846,1.4734676433703457,1.5470753145100173,12
1785529255.4624276,59848,1.4707332613364092,1.549811128264995,12
1785529255.4624434,59847,1.4707213233425684,1.5506145905151676,12
1785529255.4624565,59852,1.470575883814824,1.5411600875388702,12
1785529255.462947,59850,1.471621820996163,1.5411683103311316,12
1785529255.4683454,59851,1.4683453798431285,1.544445773425022,12
1785529255.4739115,59853,1.4615533714735147,1.5376527620780152,12
1785529255.4740677,59854,1.4695182469378643,1.5375567891380364,12
1785529255.4812007,59855,1.4694137373158762,1.526445787463983,12
1785529255.515041,59856,1.469443599799226,1.5237670549373599,12
1785529255.515075,59857,1.4631294615516592,1.5237040834290785,12
1785529255.515132,59858,1.455528685441164,1.5161064948752543,12
1785529255.5151677,59860,1.4560593369601984,1.5155761408507498,12
1785529255.515276,59859,1.456054192202241,1.5164727197073806,12
1785529255.5153239,59861,1.457565446795486,1.5164505443892633,12
1785529255.515341,59864,1.4576420782382853,1.5254239394868354,12
1785529255.5153785,59863,1.4568488534252322,1.5262169294201364,12
1785529255.5153973,59865,1.4639424506019891,1.5333089298254856,12
1785529255.5154128,59866,1.4542003058826214,1.533425470066673,12
1785529255.517441,59867,1.4541926093216704,1.5327292735610498,12
1785529255.5218766,59868,1.4541477651030092,1.53640800694057,12
1785529255.5280714,59869,1.4603473606933781,1.5364819189938885,12
1785529255.5285168,59870,1.4639583680176032,1.5400928730845882,12
1785529255.5466254,59873,1.4679888374437036,1.5400359485707364,12
1785529255.5872993,59871,1.468014257357983,1.5383384739584254,12
1785529255.5879662,59878,1.4680142574040018,1.5383384668635067,12
1785529255.5881135,59879,1.4680658265693096,1.54244883691997,12
1785529255.5881672,59880,1.4680962298322477,1.540215370248471,12
1785529255.588189,59882,1.4773782573104903,1.549501324775682,12
1785529255.588238,59883,1.4773103453062266,1.553421182634015,12
1785529255.5882633,59884,1.4809365259065719,1.549792316829209,12
1785529255.5883079,59885,1.4775231694785136,1.5498209242607957,12
1785529255.5892446,59887,1.4793826463052497,1.5479602362847067,12
1785529255.6007824,59889,1.482027677439088,1.5506070613437906,12
1785529255.6010802,59890,1.48247691867107,1.5506045196328089,12
1785529255.601165,59891,1.482520087052811,1.5533285913566721,12
1785529255.6162362,59892,1.4824892234491878,1.5549295976507251,12
1785529255.6206262,59893,1.4752035616520833,1.5548795788675214,12
1785529255.6209214,59895,1.4753047374419364,1.5481046305204555,12
1785529255.6212878,59894,1.4703403478152413,1.5431379637749816,12
1785529255.6536577,59899,1.466816815029603,1.5466626210043464,12
1785529255.6962023,59900,1.4662622252683082,1.5336338398673675,11
1785529255.6965659,59905,1.4724347954059291,1.5336840460360466,11
1785529255.696605,59907,1.4724480682178982,1.5327919704812945,11
1785529255.6966197,59912,1.4725266368784409,1.538922948964776,11
1785529255.7340577,59917,1.4704407835534041,1.5389039233570887,11
1785529255.7611551,59918,1.4651997536260777,1.5343006061588262,11
1785529255.7612073,59924,1.4652355855580246,1.5365721894514488,11
1785529255.7612398,59925,1.4616021386663642,1.5333812557617539,11
1785529255.7613182,59927,1.4615540255943258,1.5300655946781274,11
1785529255.761434,59930,1.47012213126367,1.5375881626146333,11
1785529255.7615116,59936,1.4700768680007559,1.5343501377380802,11
1785529255.7615342,59934,1.4717223771731398,1.534363155350207,12
1785529255.7697406,59937,1.4790414981114277,1.5416843148762533,12
1785529255.7701044,59939,1.478983337104108,1.5357152440017863,12
1785529255.8129835,59942,1.4794928830942082,1.534018783287561,9
1785529255.8177,59946,1.4710957051983555,1.529986245715172,8
1785529255.8177347,59949,1.4609570336630109,1.521924978465817,8
1785529255.8177872,59950,1.4566047861383618,1.522734760501234,9
1785529255.8181603,59951,1.455072084561954,1.5320998692902397,9
1785529255.8182547,59952,1.4539672505084422,1.538097545768544,10
1785529255.818275,59953,1.4503793740084985,1.5385751749160816,10
1785529255.8182957,59954,1.4520381455571651,1.5399488480452943,10
1785529255.8209813,59956,1.4580688473941472,1.5346897743387868,11
1785529255.8212795,59957,1.4594980494367111,1.5346697023039317,12
1785529255.836516,59958,1.4657884720953542,1.5347405244100913,12
1785529255.8365717,59959,1.4673833920060175,1.5331456327140167,12
1785529255.8491166,59964,1.4673623118144719,1.5346646228344993,12
1785529255.8492982,59965,1.4697210405752639,1.5346817274666402,12
1785529255.8495312,59966,1.4653183436653772,1.5302789913832335,12
1785529255.8736188,59967,1.465273487951235,1.533318895133253,12
1785529255.874407,59974,1.4726911889351824,1.5332167412184763,12
1785529255.8855839,59976,1.4727424150756496,1.5289352856768679,12
1785529255.8891869,59978,1.470358310416524,1.5265512065107174,12
1785529255.902056,59981,1.4658102702671456,1.5266070366279427,12
1785529255.9023068,59979,1.4658133009808725,1.5262494834532392,12
1785529255.9116402,59985,1.4706643034883786,1.5310992613223373,12
1785529255.92825,59986,1.4615545678600128,1.531235727057667,12
1785529255.9528744,59988,1.4616127852090752,1.5271180529217365,12
1785529255.9530547,59990,1.4703289355671143,1.5358336368327759,12
1785529255.9537082,59993,1.4745326794262428,1.535781837888712,12
1785529255.9537656,59991,1.4745155480359462,1.536940807337109,12
1785529255.956314,59997,1.4723126431666538,1.5347374895031038,12
1785529255.9629374,59998,1.475044156270751,1.5391723546825573,11
1785529255.9740407,60000,1.4749788278614813,1.5447621596721557,11
1785529255.9749806,60002,1.4673820736347791,1.5361014163964752,11
1785529255.9955812,60003,1.467395365462185,1.53487974859518,11
1785529256.0117273,60010,1.4669482985607694,1.534884359903318,11
1785529256.0118897,60011,1.466931290083935,1.5329934070249165,11
1785529256.0119808,60012,1.4669916761430664,1.5265797100701843,11
1785529256.012021,60013,1.4701455803399117,1.5266150806668262,11
1785529256.0160885,60014,1.474383157296618,1.531445958294221,11
1785529256.0309968,60017,1.474687270860511,1.5332193370976683,10
1785529256.0310621,60018,1.4769357222082011,1.5328651192202432,10
1785529256.0310838,60019,1.4758486018396793,1.53410487377037,10
1785529256.0322955,60021,1.4673179136519312,1.5239039940614079,10
1785529256.035038,60023,1.4670893958740838,1.5255680318071725,10
1785529256.0410616,60024,1.4676743656270703,1.5216722844999577,10
1785529256.0631807,60026,1.4676743711825773,1.5216722710645858,10
1785529256.077217,60028,1.4640815842023487,1.525764116747356,11
1785529256.077688,60027,1.4640293691277413,1.5316724940427966,11
1785529256.077806,60032,1.4639996710376921,1.5272842977479895,12
1785529256.0778267,60030,1.4569920770259173,1.5272102967626315,12
1785529256.0778499,60031,1.4562837450291315,1.5279183426629817,12
1785529256.0778925,60034,1.4566406513414898,1.527913292093546,12
1785529256.077925,60035,1.456675643254276,1.531657860007467,12
1785529256.0949488,60038,1.4548193176729523,1.529802162306694,12
1785529256.0952551,60040,1.4551728329820868,1.529448782243563,12
1785529256.095291,60039,1.4552173349947466,1.5238879916945673,12
1785529256.1093228,60044,1.4552707474019,1.5285888304645994,12
1785529256.1406586,60042,1.4545701964770712,1.52857585020334,12
1785529256.141566,60043,1.4557154082163108,1.52743109981105,12
1785529256.1416285,60047,1.4556741002488995,1.5238613376072032,12
1785529256.1416843,60048,1.4556212139641371,1.530676673313877,12
1785529256.1418197,60049,1.451508492773796,1.5306089464529347,12
1785529256.1418982,60050,1.4503573658770252,1.529458402824346,12
1785529256.1419277,60052,1.4515932319895466,1.5282231804583108,12
1785529256.1419764,60051,1.4515501016043681,1.532892411002457,12
1785529256.1420233,60053,1.449047497301134,1.5329342336495775,12
1785529256.1447313,60054,1.4483479730660727,1.5329225798403532,12
1785529256.1483405,60055,1.4492325332674547,1.532038480712488,12
1785529256.1526973,60058,1.4492325339551648,1.532038480029417,12
1785529256.1554484,60059,1.4492672028645457,1.5350790270080799,12
1785529256.1700509,60061,1.4506651851543373,1.53510304527593,12
1785529256.17025,60062,1.4549087800308986,1.539345446880301,12
1785529256.1985388,60065,1.4575057738908557,1.5393093451079038,12
1785529256.263789,60063,1.4647958013687676,1.5428847686816403,11
1785529256.2658226,60069,1.463568489211338,1.541657238150135,12
1785529256.265901,60070,1.4727076549636002,1.5415935367804248,12
1785529256.2660558,60071,1.4725821989999328,1.5338849638227288,12
1785529256.2661228,60072,1.4725218703945606,1.5395048082430343,12
1785529256.2661538,60073,1.4714753003627687,1.5394942158586944,12
1785529256.2663074,60074,1.4723598117793004,1.5403789653635056,12
1785529256.2663457,60075,1.4723840647257596,1.5383270790460437,12
1785529256.2664058,60077,1.4648651601142992,1.5384023585737698,12
1785529256.2664356,60079,1.4665459656577204,1.5367214117811419,12
1785529256.266487,60080,1.466523437785431,1.5346237301190475,12
1785529256.2665188,60084,1.4665883599769505,1.5288145074064492,12
1785529256.2665749,60085,1.467113621032063,1.5288204247493107,12
1785529256.2666023,60086,1.459953261643902,1.5216617183453527,12
1785529256.266627,60088,1.4592460206094842,1.5223686884549437,12
1785529256.2713027,60091,1.4589808579609955,1.5226337485854031,12
1785529256.2786376,60092,1.4589601495424147,1.5194959906348975,12
1785529256.2827425,60096,1.4589191632465937,1.5240645909160004,12
1785529256.3078759,60097,1.4542711993578414,1.5240049119005905,12
1785529256.3367474,60098,1.4602772113423053,1.530008734532224,12
1785529256.34006,60099,1.4602547503151497,1.53197885154288,12
1785529256.3400917,60101,1.470527821155235,1.5318628406872643,12
1785529256.340203,60104,1.470612756676795,1.537727282462843,12
1785529256.3402252,60103,1.468147554120436,1.540193037708375,12
1785529256.3402727,60108,1.4682086709947095,1.530367618122419,12
1785529256.3403156,60109,1.4746834552300356,1.5304673284034178,12
1785529256.3403375,60112,1.4742437620149405,1.5309071998131387,12
1785529256.3403559,60111,1.4742483705873715,1.5300157425373593,12
1785529256.340373,60113,1.46987422912112,1.530037112112215,12
1785529256.3585565,60115,1.479565177015503,1.5258664646603677,11
1785529256.3588333,60116,1.4795342901501984,1.5232327200377187,11
1785529256.3647482,60121,1.4699325175504128,1.523128025585446,11
1785529256.3798356,60124,1.4713362598063013,1.5218980195931078,11
1785529256.409644,60123,1.4713390032261922,1.5203811672775365,11
1785529256.410679,60125,1.4741811623092427,1.5203755603860634,11
1785529256.4107888,60126,1.474555654760242,1.5203788472505984,12
1785529256.4109805,60127,1.4704222916893503,1.5245137279866185,12
1785529256.4110441,60131,1.4705214302432457,1.5309028735651595,12
1785529256.411113,60132,1.4705245354018077,1.5296536860553809,12
1785529256.4190388,60134,1.4676742072182396,1.5268034380156301,12
1785529256.4191864,60135,1.4676750105098388,1.5252846822947896,12
1785529256.4192536,60136,1.4703051765563868,1.5226547591007507,12
1785529256.4228833,60137,1.4662087045721712,1.5226669405979232,12
1785529256.425273,60138,1.4660330631188996,1.5226649212063015,12
1785529256.4286585,60139,1.4692813330299666,1.5194161051899184,12
1785529256.433782,60141,1.4715064523551606,1.521640597845715,12
1785529256.433782,60142,1.4659867298631735,1.521664993140094,12
1785529256.4454072,60143,1.465928241564178,1.5160728733486082,12
1785529256.465583,60145,1.4731381255000422,1.5161599063517204,12
1785529256.4659407,60146,1.4803024381371772,1.5233238537208131,12
1785529256.465965,60147,1.4802820200531692,1.5259040434186653,12
1785529256.465982,60149,1.4826889692227576,1.525889807330097,12
1785529256.4660196,60150,1.4832146917163247,1.5258930841037057,12
1785529256.4661586,60151,1.4802109950213083,1.528897197420415,12
1785529256.4726539,60153,1.4781772474529535,1.5268632170610887,12
1785529256.473782,60154,1.4786231271078416,1.5268600604082962,12
1785529256.4756408,60155,1.4787163355373572,1.534496125710815,12
1785529256.5022018,60156,1.4786753477890195,1.5387694805502052,12
1785529256.5028586,60158,1.4730972418609656,1.533190062010911,12
1785529256.5042434,60160,1.469392201873793,1.5368955666008945,12
1785529256.504289,60159,1.4693769088255775,1.5383243052441395,12
1785529256.50439,60161,1.4649908563436835,1.5383682192060486,12
1785529256.5044255,60162,1.4666486686209954,1.5383870233382424,12
1785529256.5079432,60163,1.4728389508955342,1.5321960614995735,12
1785529256.5131423,60166,1.468014813226741,1.5322498071606239,12
1785529256.5342367,60167,1.4679776522353152,1.526828529938507,12
1785529256.5515747,60170,1.4628713875023711,1.5217232000664909,12
1785529256.5522728,60172,1.4634926203989116,1.5211019688575864,12
1785529256.5522926,60171,1.4634895996556536,1.521549209764014,12
1785529256.552336,60174,1.464277483989385,1.5215553704373919,12
1785529256.552336,60176,1.4642817395672123,1.522865199564556,12
1785529256.5523684,60175,1.4563830530283741,1.53076166268809,12
1785529256.5606446,60178,1.4620985993073101,1.530668174092373,12
1785529256.5903256,60179,1.462069318417615,1.52639245763301,12
1785529256.5903819,60184,1.4648194104509338,1.5236429546588819,12
1785529256.5906837,60187,1.4725380488513473,1.5159258300350702,12
1785529256.5906837,60188,1.4725368105689796,1.5148748804056356,12
1785529256.5911608,60189,1.4742975105304303,1.5166352925679596,12
1785529256.6268322,60191,1.4743396937000837,1.5257486024676448,12
1785529256.63767,60192,1.4743029426999796,1.5292253529311404,12
1785529256.637699,60193,1.4725524601013311,1.5292127674747058,12
1785529256.637745,60194,1.4744058694376372,1.5310663080184308,12
1785529256.642494,60198,1.4746682807333102,1.5310686212365325,12
1785529256.6458268,60199,1.4672332898334828,1.5385040668347314,12
1785529256.6460435,60200,1.4672707598419452,1.541476722555605,12
1785529256.646107,60205,1.4749400276938154,1.5415386543662184,12
1785529256.649081,60206,1.4786402564206862,1.5452404610745674,12
1785529256.6522636,60207,1.478690437517467,1.5423021202580616,12
1785529256.68608,60209,1.477256575798599,1.5423158435425959,12
1785529256.6864119,60211,1.4754846865917761,1.5440884935832024,12
1785529256.6864934,60213,1.4743387663763177,1.5429421169102866,12
1785529256.686522,60214,1.4719185131235617,1.5429704993516145,12
1785529256.6865737,60215,1.4718923075644013,1.5404309827227425,12
1785529256.68846,60217,1.4684049456070356,1.5404081199482338,12
1785529256.6889849,60218,1.4682281015107683,1.5402312742176336,12
1785529256.7094872,60219,1.4681971478482267,1.5421079449328783,12
1785529256.7513583,60221,1.4742910275920558,1.5420346974694803,12
1785529256.7514195,60224,1.4744015848665484,1.5493975688784027,12
1785529256.7516665,60225,1.4740478088065838,1.5490435882258136,12
1785529256.751748,60223,1.4809344816706993,1.5421533048044391,12
1785529256.7517676,60228,1.480983888894289,1.5379719090768325,12
1785529256.7518125,60229,1.4792387642050606,1.5379559303339942,12
1785529256.7536862,60231,1.4792221742916007,1.5395581717352083,12
1785529256.7562168,60232,1.478868752129211,1.5399117339668968,12
1785529256.7662706,60240,1.4788190260769856,1.5440063619717825,12
1785529256.771159,60244,1.4807613945895608,1.542063060746451,12
1785529256.7762496,60243,1.4808157167172415,1.537347644769746,12
1785529256.8228207,60247,1.4745567128105166,1.5436090063625236,12
1785529256.822911,60252,1.4745660079779457,1.5428066668008116,12
1785529256.822936,60253,1.4675966181099405,1.5427105964080332,12
1785529256.8467212,60258,1.4640242167687378,1.542648368520267,12
1785529256.8469076,60259,1.4725423892289935,1.5341287265919128,12
1785529256.8472273,60265,1.4774359352642508,1.5341962911814773,12
1785529256.847375,60266,1.482230101707447,1.5389918533011757,12
1785529256.8997993,60269,1.486688337323357,1.5383792815960964,10
1785529256.899933,60267,1.4866796527549635,1.5400008636172782,10
1785529256.8999646,60268,1.4815463416849826,1.5451080451287116,10
1785529256.9000137,60274,1.4813212407137741,1.5451092565090452,11
1785529256.9000583,60276,1.4813150590441366,1.546122772327873,11
1785529256.900082,60277,1.4851435515024947,1.5461754338286493,11
1785529256.9001272,60278,1.474475353265045,1.5340110074722824,11
1785529256.9001453,60280,1.468675784275102,1.5406269340621959,11
1785529256.9002001,60279,1.468628897388404,1.54663190768375,11
1785529256.9079988,60284,1.4685686418843273,1.5430433084551018,11
1785529256.912238,60283,1.4592371244037272,1.553680035512147,11
1785529256.957397,60285,1.4672292789858883,1.5627821544224296,11
1785529256.959233,60287,1.4671804869966867,1.560612707132445,12
1785529256.963992,60288,1.4672457283911544,1.5568584997287047,12
1785529256.964647,60290,1.472914428549338,1.5625322243307596,12
1785529256.9647639,60292,1.4847253014269688,1.5507105374464847,12
1785529256.9648094,60291,1.4847430072280288,1.5494663375482964,12
1785529256.964899,60296,1.4845552696246718,1.5368879664540644,12
1785529256.96493,60294,1.4818494105670958,1.5368758115623355,12
1785529256.964956,60295,1.4867137067908003,1.5320099910987146,12
1785529256.9650333,60297,1.4856540381525796,1.5309500317887506,12
1785529256.9650333,60298,1.485743326167254,1.5309496170915673,12
1785529256.965305,60299,1.4856793746893606,1.5203050416958066,12
1785529256.9653895,60300,1.4855975439408926,1.5265221664999027,12
1785529256.9734347,60302,1.487529417806104,1.5284546777357264,12
1785529256.9735212,60304,1.4821930230574172,1.5337925493083833,12
1785529256.9735463,60303,1.4821671947357222,1.5352156899657763,12
1785529256.979189,60305,1.4799317873135247,1.535245714515428,12
1785529256.981287,60308,1.4799786701625561,1.542270340029948,12
1785529256.9851081,60307,1.4789128578617605,1.543336848755355,12
1785529257.0047302,60309,1.4719666791152792,1.536388437089091,12
1785529257.0284376,60310,1.467135681176511,1.536464770701754,12
1785529257.0284796,60311,1.467267840100974,1.5494917431470592,12
1785529257.0286348,60312,1.4673406284213943,1.5452020235218158,12
1785529257.0313392,60313,1.4652515743782617,1.5451788539968623,12
1785529257.0313745,60314,1.4620697224404677,1.5419963875994334,12
1785529257.0314574,60315,1.462037320488198,1.5442341991698076,12
1785529257.0314825,60317,1.4607817280273159,1.5442511747259764,12
1785529257.0324824,60319,1.4605166811396932,1.5445162561987071,12
1785529257.047212,60320,1.4605275029858706,1.5453017132663078,12
1785529257.0534506,60326,1.463353425272006,1.5481283278597653,12
1785529257.0536046,60327,1.4634163097632922,1.5440123191824535,12
1785529257.0593772,60328,1.464652982289426,1.542775403644828,12
1785529257.0593772,60329,1.4633980212051252,1.5427898536628495,12
1785529257.085433,60331,1.4653422456136689,1.5408453187897957,12
1785529257.1056569,60333,1.4633976876694315,1.5389005528842508,12
1785529257.10628,60334,1.4635767498902947,1.5388984532107048,12
1785529257.106379,60335,1.463476238388091,1.5285086910384011,12
1785529257.1064641,60337,1.4652272466760412,1.5285228668093567,12
1785529257.1065109,60338,1.4638187800283704,1.5271145952946326,12
1785529257.1065335,60340,1.4610672416374684,1.529865532358233,12
1785529257.1065485,60341,1.4664238037857897,1.5297843592248217,12
1785529257.1065881,60342,1.4728118380215238,1.5298276288076018,12
1785529257.1071,60343,1.4743214163222211,1.5283181228661282,12
1785529257.1511924,60347,1.4743770626394375,1.535767110728353,12
1785529257.1620507,60351,1.47439382550762,1.5345190009688225,12
1785529257.1620815,60353,1.4739468403711455,1.5345226807678076,12
1785529257.162152,60355,1.4743002851655356,1.5341700443649624,12
1785529257.1622288,60356,1.4742667348848122,1.5300505788265557,12
1785529257.1670804,60361,1.4733042596405697,1.5300449458940488,12
1785529257.1723187,60363,1.473336107262657,1.5273696036495783,12
1785529257.1775422,60365,1.4744064453991796,1.5273584028872227,12
1785529257.1898904,60368,1.4744614689225484,1.5331425459762391,12
1785529257.2328303,60367,1.4671237804808739,1.540872565369075,11
1785529257.318983,60369,1.4728113020489118,1.5448130122338446,7
1785529257.3233066,60371,1.4726529891659945,1.535388332479411,7
1785529257.370605,60372,1.4705255378576338,1.5351929166051594,7
1785529257.37106,60374,1.4814547049355762,1.5407208809939297,8
1785529257.3715286,60378,1.4858833982309516,1.5401066976364117,9
1785529257.371588,60379,1.495201251493645,1.5331149925903838,9
1785529257.3716128,60380,1.4958599983551208,1.5295903422975832,9
1785529257.3716722,60390,1.4850579424148727,1.5311110714819371,9
1785529257.3717117,60396,1.4850355272431417,1.5312158092140535,9
1785529257.3717487,60397,1.4850289121497025,1.5312167064337507,10
1785529257.371768,60398,1.470295961456029,1.518980132204711,10
1785529257.3717856,60399,1.4688572333908925,1.5270454201183659,10
1785529257.3718362,60401,1.4640756857162336,1.5277935372376035,10
1785529257.3718553,60404,1.463531139165834,1.5311669838786124,10
1785529257.3718898,60403,1.4624175910234227,1.5321388234035194,10
1785529257.3719065,60407,1.4612475515883467,1.539589772429465,10
1785529257.3719404,60408,1.4616717677489364,1.5372776488356734,10
1785529257.3719578,60409,1.460834926663297,1.5373888575214005,10
1785529257.3719904,60410,1.4725796045728388,1.547123123278601,10
1785529257.3720262,60411,1.4733665414746395,1.5428315140629623,10
1785529257.372059,60413,1.4742282246313796,1.5427036764538002,10
1785529257.3720765,60416,1.4744727549316348,1.541066390603684,10
1785529257.3720915,60415,1.4761328931170596,1.5396191266090598,10
1785529257.3721228,60417,1.475196488824132,1.5388422737894911,10
1785529257.3721387,60418,1.4726396072325365,1.5392234463220982,11
1785529257.3721547,60419,1.4730345193854983,1.5361641531694223,11
1785529257.3721893,60420,1.4720603682644282,1.5424207263924905,11
1785529257.3769786,60421,1.4668842825670612,1.5431092927984746,11
1785529257.3770463,60422,1.4674148321407718,1.5436400006151554,11
1785529257.377123,60423,1.4677397859099035,1.54155148019808,11
1785529257.377123,60424,1.4666261638793892,1.5426653594415274,12
1785529257.3816624,60425,1.4599032504778577,1.542745868013106,12
1785529257.385263,60426,1.4622555483007855,1.542773587077131,12
1785529257.388507,60427,1.4669484947086016,1.5380800560610446,12
1785529257.395605,60431,1.4669519552275148,1.5383422945260092,12
1785529257.4012966,60432,1.4669355347740134,1.5394147319111657,12
1785529257.4079676,60433,1.4666738716260352,1.5394117406895362,12
1785529257.408486,60434,1.465174463128659,1.537912776285838,12
1785529257.4138622,60436,1.465174454712196,1.5379127680009663,12
1785529257.419374,60435,1.4651665550733568,1.538449288361086,12
1785529257.4214256,60437,1.4713430292502228,1.5383770013562557,12
1785529257.431775,60438,1.467852997802564,1.5383400280743087,12
1785529257.4331582,60439,1.4662636497734647,1.5399296109127854,12
1785529257.4742663,60445,1.4768146207098969,1.5400218496891316,12
1785529257.4791489,60446,1.4747876274759624,1.5379941342926347,12
1785529257.4791942,60447,1.4747352623143275,1.5412034749692634,12
1785529257.4792354,60452,1.4747258409981998,1.5402393331260262,12
1785529257.4792595,60450,1.4789978029384754,1.5402520821508694,12
1785529257.479279,60451,1.4767764195663586,1.542474511918074,12
1785529257.4834845,60456,1.4768052366594435,1.5409599489123704,12
1785529257.486575,60457,1.4714010128737591,1.5409347330648617,12
1785529257.4933693,60459,1.471460065039173,1.5370972674806087,12
1785529257.499305,60461,1.4732495249730653,1.5370780419497987,12
1785529257.5158467,60463,1.4728960927039354,1.5374315562581151,12
1785529257.5421517,60465,1.4726303447657407,1.5371668550882587,12
1785529257.5422826,60468,1.4726771855209098,1.5334207846880503,12
1785529257.5423708,60469,1.467258243701595,1.533361571124553,12
1785529257.5424325,60470,1.46929465829542,1.535398116987502,12
1785529257.5424888,60471,1.4692273158181184,1.541113362873501,12
1785529257.5425224,60473,1.4625974159891706,1.5411951086212943,12
1785529257.5624359,60479,1.4626177784327719,1.542853619587178,12
1785529257.6109781,60482,1.459230099144509,1.5393214792063863,11
1785529257.6114528,60488,1.4592786526423236,1.5430705432997207,11
1785529257.6114902,60489,1.4557365235236843,1.5399843131730118,11
1785529257.6115947,60491,1.4556963121235886,1.5365012699294462,11
1785529257.6192105,60493,1.470690596995863,1.5341542603285765,10
1785529257.6236503,60494,1.4652191208134266,1.5296209106097822,10
1785529257.624758,60498,1.4755494275088703,1.5281444254265135,10
1785529257.6455731,60503,1.4742663578022366,1.5359511749355286,10
1785529257.6732335,60505,1.4649212177585371,1.5372623099489697,10
1785529257.673312,60506,1.4731013793177303,1.5440368358509566,10
1785529257.6733792,60510,1.466529578907407,1.5449437737004317,10
1785529257.6733792,60512,1.4682062552451922,1.534304280411813,10
1785529257.6734152,60513,1.4711003251896828,1.5367008422534627,10
1785529257.6734607,60514,1.4700925272808112,1.5368593654179186,11
1785529257.6762972,60515,1.4716311929302792,1.5258258286642334,11
1785529257.6835175,60516,1.4708378670021374,1.530738472453455,11
1785529257.685232,60517,1.4773832550120625,1.5297848466076451,11
1785529257.698621,60518,1.4793947574998327,1.5317950447181063,11
1785529257.7234414,60519,1.4850471172149158,1.5174081849887961,10
1785529257.7251635,60521,1.491907779971342,1.5150277889832129,10
1785529257.7252107,60523,1.4883051321824492,1.5186308665273083,11
1785529257.7366517,60528,1.4889334932777545,1.514582453399909,11
1785529257.7368748,60529,1.483285210083394,1.5153942588369091,11
1785529257.736943,60530,1.480115591473982,1.512224993640959,11
1785529257.7375224,60532,1.4757148857857376,1.5166251876278716,12
1785529257.737559,60531,1.4756802831760003,1.5199220427922213,12
1785529257.74108,60536,1.4757202499112523,1.5285138528518007,12
1785529257.7446125,60535,1.4749231937438656,1.5293110087841986,12
1785529257.7938402,60537,1.4725415022036832,1.5269292443793596,12
1785529257.7949862,60539,1.4725534767725623,1.5285056458880737,12
1785529257.7951138,60540,1.4725209549198657,1.5312708745067907,12
1785529257.7951667,60541,1.4703343674918425,1.5312541260554549,12
1785529257.7951884,60543,1.470306210585349,1.5334857928177417,12
1785529257.7952075,60542,1.4746269259712697,1.5378072604056274,12
1785529257.7952237,60546,1.4707000710321851,1.5377773891045288,12
1785529257.798582,60548,1.4706680159218128,1.534801379346474,12
1785529257.805919,60552,1.4706797538659717,1.533908777973186,12
1785529257.805982,60553,1.46770862945342,1.5338813505881337,12
1785529257.834541,60557,1.4603785518046997,1.5339814000453695,12
1785529257.8455074,60561,1.464520473624302,1.5381232479100606,12
1785529257.8455787,60564,1.464585704959146,1.5334726587291947,12
1785529257.8682225,60569,1.467713835114352,1.5334346438214659,12
1785529257.8865879,60574,1.4674457213011485,1.5334374326241074,12
1785529257.906638,60581,1.4731653136781913,1.533383561805745,12
1785529257.9207087,60586,1.4766504678383376,1.5333609924758238,12
1785529257.950615,60593,1.474459029464045,1.533331943305801,10
1785529257.9747498,60598,1.4662583841567034,1.5361280173141278,10
1785529257.974822,60599,1.4628910830539197,1.5466789972267907,10
1785529257.974873,60603,1.4627508389340023,1.547083769968066,10
1785529257.9792852,60605,1.4581625936054923,1.5486537736885027,10
1785529257.9920895,60609,1.4583394097064948,1.5488306671718013,10
1785529257.9980683,60607,1.461958862843342,1.5328216873844125,9
1785529258.0150325,60613,1.4620879565997178,1.5322449147170292,8
1785529258.0353343,60614,1.4592550189332003,1.5294157455340962,9
1785529258.0353858,60615,1.4597519858961574,1.5264827316849976,9
1785529258.0358799,60617,1.466455033778615,1.5253349281649227,9
1785529258.0360117,60619,1.4576681931219548,1.5341133784580832,9
1785529258.0533676,60626,1.4650986326120277,1.548995163796662,8
1785529258.0536149,60628,1.4655632861275811,1.548450106226926,9
1785529258.0543125,60627,1.465539032781357,1.5509538430175314,9
1785529258.0908113,60629,1.4655390328021396,1.550953854463244,9
1785529258.0913382,60632,1.4654359598939755,1.544818693297004,10
1785529258.091366,60633,1.4666426752549293,1.5460349075721387,10
1785529258.091852,60636,1.466631329198941,1.5467657849792973,11
1785529258.0920272,60637,1.4690068980725919,1.546791100758556,11
1785529258.0952573,60639,1.4690026770813447,1.5470590559965913,11
1785529258.1168108,60643,1.4680979933926133,1.5478542150340129,11
1785529258.158812,60648,1.4681304989934,1.5458886290196887,11
1785529258.1588697,60649,1.476249577113424,1.5459529170341006,11
1785529258.1589558,60652,1.4771564721306514,1.5451554061450492,11
1785529258.1589944,60651,1.4770404940871509,1.5505900541551385,11
1785529258.1609316,60654,1.4700844696728317,1.5505522043308797,12
1785529258.1610293,60655,1.472387168415957,1.548248222588826,12
1785529258.171337,60660,1.4723068273325157,1.5523529146467738,12
1785529258.1713817,60661,1.4597172744167586,1.552225376889888,12
1785529258.218252,60663,1.461639886375869,1.5455876372552206,10
1785529258.2695975,60672,1.4544812282520512,1.5291178857779424,9
1785529258.2700968,60673,1.4626987777012408,1.5306191440059187,9
1785529258.2702165,60674,1.4693511816248965,1.5372287713629482,10
1785529258.2702742,60676,1.4719771574609066,1.5346189067296006,10
1785529258.2703214,60675,1.472004259165131,1.5306530263605367,10
1785529258.2703629,60678,1.483836312835032,1.5307756736991083,10
1785529258.2704017,60679,1.4810038151375111,1.5335954074489633,10
1785529258.270419,60680,1.4810311778571286,1.5355996515365335,10
1785529258.270449,60684,1.4809274482415713,1.5443279325006618,10
1785529258.2704654,60685,1.4841248763191355,1.5443467295622157,10
1785529258.2705004,60686,1.4813887105072114,1.5416248846171552,10
1785529258.270516,60687,1.4812919278827816,1.5475114390901492,10
1785529258.2705688,60689,1.4794369724095449,1.5475283147996082,10
1785529258.2851696,60691,1.4918453297240937,1.5351794979380724,10
1785529258.3189423,60696,1.4910971700378768,1.5285865721187306,9
1785529258.3196511,60697,1.4912176741131857,1.528607040350255,9
1785529258.3196511,60698,1.4874015787405477,1.52480352386428,9
1785529258.3198335,60699,1.486118062739252,1.516673462638664,9
1785529258.3198586,60701,1.486118045764757,1.5166734287111843,9
1785529258.3199127,60704,1.4866572832231282,1.5198083437927103,9
1785529258.319936,60703,1.4798684222969902,1.526561775448051,9
1785529258.3199883,60705,1.4776320639148963,1.524335208734601,10
1785529258.3200085,60706,1.4814536447506037,1.5243105108638288,11
1785529258.32006,60707,1.4814499003820853,1.5238565902776886,12
1785529258.3209522,60708,1.4814194200181805,1.5274141849063805,12
1785529258.3270624,60709,1.4773033247778897,1.527385136989891,12
1785529258.3298562,60710,1.4811953252543455,1.531277696974838,12
1785529258.341259,60713,1.4768195262473056,1.53130749607217,12
1785529258.3572757,60711,1.4768032748670836,1.5327327657625676,12
1785529258.3781376,60712,1.4740607081036088,1.535475845790585,12
1785529258.3782623,60718,1.4754020716938043,1.5354636421446552,12
1785529258.3785293,60720,1.4753354041805913,1.5402765189403271,12
1785529258.3786175,60721,1.4798689111753667,1.5402976641192292,12
1785529258.3786545,60722,1.4738816167397355,1.5343085865678037,12
1785529258.3844798,60724,1.4744137639028645,1.533776172739401,12
1785529258.3845716,60723,1.47446699584135,1.5298535796340005,12
1785529258.3846729,60728,1.4744414314371963,1.5257347344542478,12
1785529258.384787,60726,1.4697093986758771,1.5257045866870564,12
1785529258.3986733,60727,1.4612056351693032,1.534207485596851,12
1785529258.4236853,60731,1.461237859313391,1.5372609777279886,12
1785529258.4237304,60736,1.4592914587764036,1.5392073073833776,12
1785529258.4237988,60737,1.4604555376430683,1.5391911002633527,12
1785529258.4336653,60738,1.469788589014912,1.5392806778359378,12
1785529258.434374,60739,1.4751120617332376,1.5339563344409268,12
1785529258.4686747,60745,1.4751121518171515,1.5339562439934205,12
1785529258.4873662,60740,1.4751760247465973,1.5405310983742575,12
1785529258.4875066,60752,1.4751154980506789,1.534394643720329,12
1785529258.487626,60753,1.4754676780073306,1.5347467975374063,12
1785529258.4876714,60755,1.4754554777936555,1.5330810912456168,12
1785529258.4936233,60757,1.4729207337332089,1.5330689236631863,12
1785529258.497897,60758,1.4767078056234328,1.53685677184858,12
1785529258.504131,60762,1.4643117711377323,1.5367497951996332,12
1785529258.504131,60764,1.4642950068961331,1.5354397240469917,12
1785529258.5137813,60765,1.4614653691980977,1.5326102940134625,12
1785529258.546737,60767,1.4614483153595668,1.5310398606578242,12
1785529258.546836,60769,1.4631979112317266,1.531061241947885,12
1785529258.546912,60770,1.4636395419110342,1.5315028178812002,12
1785529258.546962,60774,1.4646016404733893,1.5315135446363277,12
1785529258.5565023,60779,1.4645997423648802,1.5313388604236626,12
1785529258.5732422,60781,1.4613635664230478,1.5313004642383252,12
1785529258.6053064,60782,1.4590383157879243,1.5345658133645075,9
1785529258.6058908,60786,1.4589381096043494,1.5345648024260152,9
1785529258.60592,60787,1.4603690437888737,1.5328882853544035,9
1785529258.6059651,60790,1.4651645794670853,1.532785764400267,10
1785529258.6096315,60793,1.468399188023593,1.5328195709084846,10
1785529258.6126382,60794,1.4633835691896007,1.5260741476041293,10
1785529258.612803,60796,1.4644482710116524,1.5246447083617993,10
1785529258.6131613,60795,1.4643764864955278,1.531283391472526,11
1785529258.6431203,60799,1.463384433141012,1.5356075611776696,10
1785529258.676329,60800,1.4634579184975698,1.54391878472001,10
1785529258.6764574,60804,1.4635359479509806,1.5390994169373877,11
1785529258.6793911,60805,1.461134257108599,1.539071312511118,11
1785529258.6795478,60806,1.4572791068710451,1.535709866525065,11
1785529258.6796234,60809,1.458185492023786,1.5356995056575153,12
1785529258.6796544,60807,1.4582174917312771,1.5315775887470706,12
1785529258.6797087,60814,1.450534861719001,1.5316721983071917,12
1785529258.6797335,60815,1.4505300351304284,1.5312376431526882,12
1785529258.6887891,60818,1.4550443343263382,1.5357507054253048,12
1785529258.6940575,60820,1.460076540421345,1.5307196765384377,12
1785529258.6941173,60819,1.4600128571197206,1.5366304972147429,12
1785529258.7012403,60824,1.459960139848854,1.5313112253495127,12
1785529258.703414,60822,1.4603100408430916,1.5313159984969171,12
1785529258.719143,60823,1.4669248360356537,1.5315485793394734,11
1785529258.7449198,60826,1.4640150558792397,1.5311758677246907,11
1785529258.7449582,60827,1.4638180402320977,1.529851302266935,11
1785529258.745058,60829,1.4616726704581078,1.5295273332406825,11
1785529258.7451196,60831,1.4607101742254887,1.5222311603377443,11
1785529258.7451613,60830,1.456121154251517,1.51764416409843,11
1785529258.7451837,60836,1.4556755239463417,1.5145965004827509,11
1785529258.7558112,60834,1.454955976907776,1.5144849815665262,11
1785529258.7566333,60839,1.4550160714227824,1.5148914268610345,11
1785529258.7627444,60838,1.464119107572273,1.5160647828236957,11
1785529258.779161,60841,1.464838537058396,1.5161763410029818,11
1785529258.794055,60842,1.4660178908253243,1.5173553354607678,11
1785529258.7941024,60843,1.4651583034746554,1.5112042382033501,11
1785529258.7941024,60844,1.4674519639916017,1.508911405289813,11
1785529258.7948332,60848,1.4681403168081275,1.513507929284569,11
1785529258.7949338,60846,1.4677290361120905,1.5134449331639321,11
1785529258.794991,60847,1.4708996331242992,1.5102730576518437,11
1785529258.7953186,60851,1.4707463075740834,1.5092503508554196,11
1785529258.8013096,60852,1.4714267729266042,1.514040354081576,11
1785529258.8067307,60853,1.4786212497413576,1.5151340854075095,11
1785529258.8107781,60854,1.488989442135622,1.5255027976687083,11
1785529258.845238,60856,1.480680996451566,1.5338132441006913,11
1785529258.845292,60857,1.4794311129600803,1.5336430536403634,11
1785529258.8457644,60858,1.484326302012249,1.5343654219550245,11
1785529258.845852,60859,1.4786603781540602,1.5400335682937154,11
1785529258.845881,60864,1.47863340072344,1.539826230052775,11
1785529258.8523781,60865,1.4706889053288186,1.5386293141577547,11
1785529258.857587,60866,1.4580676090881404,1.5260089645744779,11
1785529258.8576617,60867,1.4589569347815414,1.5326888154543208,11
1785529258.8576617,60868,1.4590453141093147,1.5326004825489488,11
1785529258.8636415,60872,1.459687471443793,1.5367767176282936,11
1785529258.8679776,60870,1.4645835844705724,1.5375337623772316,11
1785529258.8680875,60871,1.462371097881682,1.5397464060172847,11
1785529258.8719013,60874,1.4616413938272066,1.5396522980508565,11
1785529258.8917809,60875,1.4614064022662585,1.5381234670739456,11
1785529258.9121556,60876,1.4609614110765445,1.534684300645356,11
1785529258.9126124,60877,1.4599404544380288,1.534526176735666,11
1785529258.912713,60878,1.4658269810226878,1.5404127550262874,11
1785529258.912743,60879,1.4659874962837474,1.5416615402806266,11
1785529258.912824,60881,1.471832972580002,1.5424362911373317,11
1785529258.9128528,60883,1.4740411345231246,1.5402273319454904,11
1785529258.9136257,60885,1.4720805204604188,1.5382661852266986,12
1785529258.9288805,60887,1.4721646662343248,1.543783854685809,12
1785529258.9290018,60888,1.4721421405775121,1.5455683625177326,12
1785529258.9321454,60891,1.4721301009562429,1.546460635117843,12
1785529258.9699323,60890,1.4700944203340196,1.5444241212841936,12
1785529258.9705539,60897,1.4734576465262863,1.5477888375118936,12
1785529258.9706826,60898,1.4706746917988167,1.5478112706992326,12
1785529258.9707515,60899,1.4706054853131736,1.543259137632431,12
1785529258.9707935,60900,1.4705685224444816,1.545580218506874,12
1785529258.9711428,60902,1.4689804325059688,1.5439915587483792,12
1785529258.9751832,60904,1.4691571209514154,1.5438148010410855,12
1785529258.975304,60903,1.4692432030430427,1.5377415797500797,12
1785529259.0058067,60908,1.4691955064560542,1.5336297440182447,12
1785529259.0063121,60907,1.4718501400562525,1.530974948255136,12
1785529259.0063577,60909,1.4732626257282428,1.5323875417863593,12
1785529259.0063758,60911,1.4733072699321252,1.5364175036336523,12
1785529259.0162842,60912,1.473336566261549,1.5337420667276453,12
1785529259.0165877,60914,1.4713015664065718,1.5317068582844346,12
1785529259.022245,60917,1.4690685570264364,1.5317272218505933,12
1785529259.0278087,60916,1.4741051097466544,1.5266905921236555,12
1785529259.0322669,60921,1.4742819123944932,1.5268673971427413,12
1785529259.0329244,60922,1.473925215724755,1.526870391918428,12
1785529259.0388277,60923,1.4739546016364617,1.5297619535147646,12
1785529259.0793185,60924,1.4687290194369518,1.5284504773565413,11
1785529259.0793548,60926,1.4699433814803844,1.5295166837479133,11
1785529259.0794146,60927,1.4699269326123738,1.5319270565202159,11
1785529259.0794146,60928,1.4621068278657654,1.5387889046669612,11
1785529259.0794892,60929,1.4524217627520848,1.5388732967830094,11
1785529259.0795274,60932,1.4523858150932147,1.5367857596165586,11
1785529259.0796924,60931,1.4504769785309921,1.5384609766075137,11
1785529259.0798476,60933,1.4515865373289325,1.5394354982715155,11
1785529259.0798774,60934,1.4492411654676507,1.539464729344444,11
1785529259.079897,60935,1.4491132047107256,1.5298218431460857,11
1785529259.0826776,60936,1.4490653250916326,1.5331467244113977,11
1785529259.0854363,60937,1.4501609348862725,1.5331598391677892,11
1785529259.096852,60938,1.450562518786172,1.5335120067863144,11
1785529259.1005762,60939,1.4505491438103861,1.5343204846956027,11
1785529259.1007776,60941,1.459104877030901,1.5341858105892197,11
1785529259.1014843,60944,1.4591063649765226,1.5342729927471102,11
1785529259.1050787,60943,1.4619313200027935,1.531792745675085,11
1785529259.1127784,60946,1.4650866665906113,1.531753690082806,11
1785529259.117986,60947,1.4651587391912713,1.537432186245372,11
1785529259.1259828,60949,1.468736926795537,1.5374664372225684,11
1785529259.1551673,60950,1.4760721949081872,1.5439105988749462,11
1785529259.1552215,60951,1.476142496414017,1.5397224274520407,11
1785529259.1552484,60953,1.4734917711026965,1.5397429865818586,11
1785529259.1553066,60956,1.473641550958076,1.5482430764269466,11
1785529259.155331,60955,1.4708336300947409,1.550712155727907,11
1785529259.1553798,60957,1.4637763540814483,1.5445040004657618,11
1785529259.1704617,60958,1.4681650696720672,1.5444763231728833,11
1785529259.1705353,60959,1.4681216650716569,1.5423770368157563,11
1785529259.1706693,60960,1.4681254414697553,1.5421090163646423,11
1785529259.171286,60961,1.4640578598800666,1.5420513957917645,11
1785529259.1713371,60962,1.4566724797037336,1.535560572188085,11
1785529259.1724257,60963,1.4565974814981681,1.543181503061038,11
1785529259.1796362,60965,1.4575158890792883,1.5431730806277577,11
1785529259.187286,60967,1.4604245772205808,1.5406188843622772,11
1785529259.2281272,60969,1.4562850205699225,1.5369819106085159,11
1785529259.303025,60970,1.4545140504688687,1.5343831052658337,10
1785529259.3091607,60971,1.454346824208211,1.5355007235798694,10
1785529259.3092492,60972,1.4539003467697813,1.5380245899114868,10
1785529259.3093646,60973,1.457807689740854,1.5375205863861543,10
1785529259.3096232,60974,1.46398913356005,1.542700013068668,10
1785529259.3097196,60975,1.4646712455736088,1.53892281334244,10
1785529259.3097858,60977,1.471250988924865,1.5379347448810476,10
1785529259.3098245,60979,1.4761865184853296,1.5336015765299882,10
1785529259.3098807,60985,1.4758303617821298,1.5336495873779705,10
1785529259.3099327,60986,1.4730428214516382,1.5313150486159566,10
1785529259.3099554,60987,1.4723771476743486,1.535079115019669,10
1785529259.3100317,60990,1.4741697288844735,1.5348374785347967,11
1785529259.3102767,60994,1.4766763307016209,1.5344577556678718,11
1785529259.3103123,60995,1.4752774081983246,1.5453793638892188,11
1785529259.3103673,61000,1.474936087974341,1.5457209230715228,12
1785529259.3104155,60999,1.4749023304392104,1.5483944092326283,12
1785529259.3104405,61001,1.4637679065186397,1.5485019024140745,12
1785529259.3104894,61002,1.4620289754544562,1.548481820761178,12
1785529259.3105085,61003,1.4570768681264878,1.553435510467188,12
1785529259.313394,61005,1.457606800080951,1.553965641536119,12
1785529259.3165646,61006,1.4618347949013606,1.5539102656983188,12
1785529259.316943,61007,1.4617464222876482,1.548760758084521,12
1785529259.329407,61008,1.4618008482133658,1.545358755158745,12
1785529259.3294754,61009,1.462061980914189,1.5453622305737778,12
1785529259.3347356,61011,1.4622074519929962,1.531578933539004,12
1785529259.3423998,61013,1.4712280424725073,1.5315313425271182,12
1785529259.3706331,61015,1.4657822033058496,1.5316646366051825,11
1785529259.4140742,61021,1.4697179635747137,1.53174058882951,11
1785529259.4142835,61022,1.4674059625353144,1.529108170453312,11
1785529259.4143205,61024,1.4680210504095836,1.5284068258286416,11
1785529259.4143503,61023,1.467955877192433,1.5396028690025227,11
1785529259.4143834,61027,1.473419420309282,1.5333729847062052,11
1785529259.4144487,61028,1.4734443239069737,1.5353199965597086,12
1785529259.4145062,61033,1.4769378863784899,1.535352622332792,12
1785529259.4169877,61034,1.4782640095634338,1.5366790970381292,12
1785529259.4171946,61035,1.478310755114645,1.5321381941673087,12
1785529259.4171946,61036,1.4825454524845931,1.5279027526973945,12
1785529259.4313095,61039,1.4797222926992863,1.5307263864777432,12
1785529259.4694395,61040,1.4796546098422088,1.5237905598777346,12
1785529259.4735265,61045,1.472639509649948,1.5237299182221742,12
1785529259.473669,61046,1.4753845847970468,1.5264749719022406,12
1785529259.4737418,61052,1.4754241213097512,1.5298063784387765,12
1785529259.473769,61053,1.4849084625970403,1.5392932783952948,12
1785529259.4781284,61055,1.4848585186533858,1.5359507428086698,12
1785529259.494649,61057,1.482762945519915,1.5359347430338488,12
1785529259.5184505,61058,1.4774201714530264,1.5330342953401108,10
1785529259.5331433,61062,1.4771714866322572,1.5335497299513494,10
1785529259.5331433,61064,1.477161897372915,1.5325449921408103,10
1785529259.5331936,61065,1.4756447163011668,1.5310287793581814,10
1785529259.5357385,61067,1.475633793860699,1.5297231495285653,10
1785529259.5358324,61069,1.480848944857624,1.5297474486507194,10
1785529259.5463302,61070,1.4837644574821995,1.532062213715751,9
1785529259.5510993,61074,1.4839992901220218,1.5320626107728101,9
1785529259.5663612,61079,1.484053071672938,1.537497179127239,9
1785529259.600996,61081,1.4847570853743133,1.537498518735443,9
1785529259.6014192,61082,1.4803749200912641,1.533766580290535,9
1785529259.6014504,61088,1.4804144010787155,1.5373865922103844,9
1785529259.6014702,61086,1.4861639536489524,1.5373999061765191,9
1785529259.6014936,61087,1.4877123926012605,1.5360807891035342,9
1785529259.6016645,61091,1.4877471511023654,1.5389014726663417,9
1785529259.6142519,61092,1.4877491938222112,1.5387918000536904,10
1785529259.6143823,61094,1.4846599370024696,1.536493420589443,10
1785529259.6144083,61096,1.4782365057502682,1.5412724984869608,10
1785529259.6546886,61097,1.466444002051096,1.5456158246215088,10
1785529259.6558323,61098,1.4651449734972908,1.5456124141811582,10
1785529259.6558323,61099,1.4669863921616473,1.5437723446269354,10
1785529259.6559918,61104,1.4671270828419563,1.5368043317882858,10
1785529259.6560233,61105,1.475336580036765,1.5368307148248785,10
1785529259.6560478,61106,1.4816761114809442,1.5431610939015619,10
1785529259.6596043,61108,1.480756551289642,1.5440792312273586,10
1785529259.6796737,61112,1.4807377851952004,1.5410622195688086,10
1785529259.6854708,61111,1.4775666409243535,1.5442281145508916,10
1785529259.7202501,61113,1.462798879301028,1.529468486220156,10
1785529259.7202501,61114,1.462541863311491,1.5294718133587628,11
1785529259.7212732,61115,1.462537005487943,1.5235678739771907,11
1785529259.7216752,61117,1.4524505298194945,1.5234709045556323,11
1785529259.7217174,61118,1.4503383384865172,1.5210460013927727,11
1785529259.7217474,61120,1.453091530788361,1.517888749981342,11
1785529259.721775,61119,1.4529995510237226,1.5259034172338042,12
1785529259.7217999,61121,1.4681576962385645,1.5256592386766905,12
1785529259.721821,61122,1.4706114897926819,1.5256818088456874,12
1785529259.7218783,61123,1.4798187630703064,1.5164750637705375,12
1785529259.7219293,61126,1.4813296823678173,1.5164631759708438,12
1785529259.721951,61127,1.481351581451907,1.5203280590911,12
1785529259.7249599,61129,1.484775276908114,1.5203460460035594,12
1785529259.7282982,61130,1.48486367269526,1.5204344431774588,12
1785529259.7362266,61132,1.4912340524153596,1.5140635435375378,12
1785529259.7367127,61131,1.4912528041536866,1.5097198109593037,12
1785529259.740497,61133,1.484602105125253,1.5097514177011047,12
1785529259.7442605,61134,1.485218796341704,1.509753333725331,12
1785529259.7454371,61135,1.4783990354534462,1.5165727390337431,12
1785529259.772382,61139,1.4783931398099635,1.514554578759851,12
1785529259.795491,61140,1.4783588148370495,1.518471603718888,12
1785529259.7957892,61142,1.4811761257043683,1.5212889648167658,12
1785529259.7958155,61144,1.4757636053430303,1.5267017785625843,12
1785529259.7958355,61143,1.4758036295791956,1.5232267729799231,12
1785529259.796004,61148,1.4758043248581623,1.5233144195890203,12
1785529259.7960532,61147,1.4711956289298316,1.5279227962165258,12
1785529259.7980008,61149,1.4794816995744355,1.5362100963627194,12
1785529259.7980483,61150,1.4794817630932653,1.5362101635579026,12
1785529259.7980688,61151,1.4794752510102014,1.5355078162127807,12
1785529259.8187265,61153,1.4777286663884288,1.535499698607493,12
1785529259.8188171,61154,1.4733196153079988,1.531089907573215,12
1785529259.818929,61157,1.469122264749038,1.5311420096371433,12
1785529259.847376,61158,1.4626492337696644,1.531083663178532,12
1785529259.8591986,61159,1.467252151054504,1.526481342545881,12
1785529259.8592796,61165,1.4707565394237394,1.5265106557207986,12
1785529259.860016,61166,1.4653788396993448,1.5211337380467522,12
1785529259.8600552,61167,1.4653671586240222,1.5222958841594032,12
1785529259.8883731,61171,1.4687365995669868,1.5189271959614628,12
1785529259.915025,61172,1.46874010092247,1.5198891875217677,12
1785529259.9159458,61177,1.460748946197066,1.5198058995374908,12
1785529259.9160423,61178,1.466406450551515,1.5254618686876196,12
1785529259.9160733,61179,1.4663842894738452,1.5278749194287053,12
1785529259.9160979,61182,1.4681356915757648,1.5278923176106505,12
1785529259.9161642,61183,1.4629136412826558,1.5331139234466407,12
1785529259.918023,61187,1.4629600453952134,1.537216760365403,12
1785529259.9212966,61188,1.4629100676374807,1.5409750331160443,12
1785529259.9297967,61189,1.4646535522938022,1.540994055096693,12
1785529259.9305198,61190,1.4680946411271345,1.5444359332405726,12
1785529259.9325042,61191,1.4680437999289033,1.5473844121795555,12
1785529259.9325042,61192,1.4661832818538458,1.549245730761983,12
1785529259.9456024,61193,1.4682491301810325,1.5492189568799315,12
1785529259.9758797,61194,1.4663369463199154,1.5492007330463973,12
1785529259.9766564,61195,1.4735928453903941,1.5419419910943513,12
1785529259.9767275,61198,1.4750265931195996,1.5419281801860083,12
1785529259.976782,61199,1.474965225441776,1.5364931054672069,12
1785529259.9814744,61205,1.4811373618129187,1.5364370849538764,12
1785529259.9840024,61203,1.4812082444206454,1.5298545090391638,12
1785529260.0024524,61210,1.478175283152308,1.5311333213641576,11
1785529260.0197542,61212,1.4771949355536054,1.5238684499758366,11
1785529260.0322952,61214,1.4762497388240627,1.522923230738773,11
1785529260.0328,61217,1.4670140989726124,1.5216824493169523,11
1785529260.0337539,61221,1.4647156892439228,1.5193846147559331,12
1785529260.0338886,61222,1.4684524197892963,1.5193430903775922,12
1785529260.0408435,61224,1.4684222559194429,1.5235406673437275,12
1785529260.0475056,61226,1.4668323754328834,1.5219510719070188,12
1785529260.0680606,61227,1.4668438174629417,1.5204320205859396,12
1785529260.103453,61234,1.4709377001946262,1.5203913377136742,12
1785529260.1045973,61241,1.4737854672255306,1.5203695098515493,12
1785529260.1069014,61239,1.47371308057621,1.5296421881764553,12
1785529260.1127465,61246,1.4671968262107369,1.5297192775926383,12
1785529260.12181,61248,1.467215071410658,1.5288488723266365,11
1785529260.1284938,61250,1.4702160156616517,1.5322687877155274,11
1785529260.133043,61252,1.4722494625718943,1.5315759871689183,10
1785529260.1352408,61251,1.4722834046642277,1.528220431775283,10
1785529260.1527157,61253,1.4762493136087413,1.5281890417009578,10
1785529260.1797454,61254,1.4725262435801545,1.5341160498615638,8
1785529260.17977,61255,1.478560098177663,1.527090258616493,9
1785529260.1799932,61258,1.4828298491242473,1.5270696553298058,9
1785529260.1800222,61259,1.4828488277588987,1.5287682447578907,10
1785529260.1800706,61264,1.483150333917236,1.5284663537411871,10
1785529260.1801107,61263,1.4831481920782859,1.5287705959461673,10
1785529260.2150548,61265,1.485182050973022,1.5287646153032333,10
1785529260.3074687,61267,1.4894937510064579,1.5419412604783764,9
1785529260.308225,61269,1.4857132107537205,1.5381490732676881,10
1785529260.308289,61271,1.4856275671824293,1.5319232845090864,10
1785529260.3083153,61272,1.4855984740131964,1.5346604022934385,10
1785529260.3083441,61274,1.4835847346222553,1.53264261199462,10
1785529260.3084567,61275,1.4836023651159584,1.5309184365663417,10
1785529260.308495,61276,1.4798800567477435,1.5346467591352366,10
1785529260.3085673,61277,1.4799818824715136,1.5346463698980353,10
1785529260.3086293,61278,1.482270568195973,1.5346625615357907,10
1785529260.308688,61279,1.47955433564514,1.5373839872608104,10
1785529260.3087335,61284,1.4795712395854703,1.5358611891959968,10
1785529260.3087587,61285,1.479968268282015,1.5358650475859223,11
1785529260.3088217,61286,1.4758150426944976,1.5311267918966542,11
1785529260.3088806,61288,1.4805910028070357,1.525679685562101,11
1785529260.3089094,61292,1.4805917318972812,1.5257603660907282,12
1785529260.3089561,61291,1.4817427518395054,1.5246090759575057,12
1785529260.3090196,61293,1.4789198050643688,1.5217859771833917,12
1785529260.3090458,61294,1.4711737464175054,1.5218744049790673,12
1785529260.3090692,61295,1.4711862632961419,1.5250255886257489,12
1785529260.311457,61304,1.4711783837926615,1.52327496895163,12
1785529260.3115978,61302,1.4670561777655513,1.52324546279257,12
1785529260.3120778,61303,1.465106573284568,1.5251946716584925,12
1785529260.3380663,61307,1.4651080780491839,1.525369389826088,12
1785529260.3688579,61308,1.465164740537796,1.5187533766979537,12
1785529260.3688974,61310,1.466313586394153,1.5199019147305317,12
1785529260.3705184,61311,1.466256967907912,1.5262473983150522,12
1785529260.3705652,61312,1.468472020181653,1.5240327048568627,12
1785529260.370645,61313,1.4641057455880062,1.5240947566876206,12
1785529260.3707075,61314,1.4638426095165034,1.524091535630204,12
1785529260.3707542,61315,1.463931003920664,1.5240041955281518,12
1785529260.3707757,61317,1.4656047060569621,1.525676864603957,12
1785529260.3707993,61318,1.4716670152833247,1.525597660403594,12
1785529260.3708465,61319,1.4716713824125043,1.526210514551613,12
1785529260.370897,61320,1.4715951553307836,1.532456357166789,12
1785529260.3709204,61321,1.4662619517899775,1.5324144499759589,12
1785529260.3781474,61322,1.4681149792667114,1.5342675184356316,12
1785529260.378346,61323,1.4682016762953543,1.525781657867193,12
1785529260.378346,61324,1.4592839690679666,1.5346981703076292,12
1785529260.378946,61325,1.4517724141318138,1.5348078574309116,12
1785529260.3825037,61326,1.4511607479238522,1.5347984917522175,12
1785529260.3893795,61327,1.4513374914452248,1.534621816290201,12
1785529260.4032044,61331,1.4512987350129194,1.5304487738033088,12
1785529260.4035957,61332,1.4512873320497703,1.531346778706196,12
1785529260.423381,61334,1.451552648441008,1.5316119805435109,12
1785529260.4404542,61335,1.4515509400934905,1.5317009697542263,12
1785529260.4405046,61336,1.459086378643806,1.5241683124649097,12
1785529260.4439754,61337,1.4650570979787494,1.5240817672480815,12
1785529260.4440954,61339,1.467269266688189,1.5218700615801757,12
1785529260.4534547,61345,1.472797352690547,1.521914747025595,12
1785529260.4636235,61346,1.467685476727273,1.5168036901228734,12
1785529260.4638338,61352,1.4677225279721853,1.5239726627823533,12
1785529260.4888499,61350,1.4698270124836401,1.5239930336351988,12
1785529260.5120194,61351,1.4649598911368211,1.5288595673224659,12
1785529260.5150945,61355,1.4650222857100303,1.534712290304058,12
1785529260.5151532,61356,1.4650192908665085,1.5349805473553522,12
1785529260.5224564,61358,1.4697078880078067,1.5396694931902382,12
1785529260.5226302,61359,1.4696331454650726,1.5450271684622638,12
1785529260.5226302,61360,1.4640615172298972,1.5506010064349955,12
1785529260.5226846,61361,1.4696325644047894,1.5505414426973196,12
1785529260.5227466,61364,1.4695818943877739,1.547565910783749,12
1785529260.5227711,61363,1.472056285063829,1.545090452322467,12
1785529260.522825,61365,1.4697587083149297,1.5427920442042016,12
1785529260.5228505,61366,1.4650975082273354,1.5428455353115895,12
1785529260.5234559,61367,1.4651174652395156,1.5443308078229148,12
1785529260.5275147,61368,1.4650655213782522,1.5474609082561506,12
1785529260.5331094,61369,1.4726316362317393,1.5475156312336606,12
1785529260.533288,61370,1.4661225962162978,1.541004183334138,12
1785529260.5333645,61371,1.466210422132495,1.5356403707947281,12
1785529260.555448,61375,1.4687812008822112,1.5330694315356346,12
1785529260.5812552,61377,1.4715129461050012,1.5358013915983022,12
1785529260.5813549,61380,1.4715704220066834,1.5315181944650769,12
1785529260.5813775,61382,1.4806584721893348,1.540608440582977,12
1785529260.5814307,61385,1.4722388766466725,1.5406987821208527,12
1785529260.5846825,61383,1.472077358401279,1.5486404361756438,12
1785529260.5933526,61390,1.4746815660871402,1.5486013103377796,12
1785529260.6049616,61392,1.4745311584864274,1.5548435731481332,12
1785529260.6090512,61394,1.4683955306209648,1.5487045559797912,12
1785529260.6478398,61397,1.4690237589762956,1.5486927145733944,12
1785529260.6479692,61395,1.4691513446800297,1.542886547467779,12
1785529260.6481051,61402,1.4718405864134356,1.5428453807997136,12
1785529260.648142,61404,1.4719548934520954,1.53615292339548,12
1785529260.6482053,61406,1.477329778323109,1.5415292906838598,12
1785529260.6613219,61409,1.4844075893007014,1.5414715740594167,12
1785529260.6688356,61407,1.4843177391898725,1.5469818901045758,12
1785529260.7000215,61413,1.48912533176489,1.5498062377652875,11
1785529260.700087,61414,1.483812615146153,1.5498448125231234,11
1785529260.7001092,61415,1.4837096946800559,1.540524761250841,11
1785529260.7001352,61416,1.48365390611198,1.5428354967897517,11
1785529260.7002482,61417,1.4797874767216703,1.5428417605365112,11
1785529260.7002788,61418,1.4750874357030102,1.5387152478979944,11
1785529260.7003443,61419,1.475256982411192,1.5290885974874666,11
1785529260.70037,61421,1.4719004902899055,1.5291243748444348,11
1785529260.7031972,61424,1.4718839217282158,1.5264977037022456,11
1785529260.7060845,61423,1.4657144910170639,1.5319136677007077,11
1785529260.713702,61425,1.4659160488698957,1.5320909414335329,11
1785529260.7141137,61426,1.4673400077804868,1.5320710513595537,11
1785529260.7187734,61427,1.4674768202724267,1.5429127255857285,11
1785529260.7224202,61428,1.467548479983072,1.5377302385198899,11
1785529260.75164,61429,1.4551856312350313,1.537478571925799,10
1785529260.7532988,61430,1.4589176051942292,1.540610378288629,10
1785529260.7533927,61431,1.4574086328382623,1.5492159532154959,10
1785529260.7534575,61433,1.453257943674527,1.5498408703978426,10
1785529260.7535274,61435,1.467065670655786,1.5377125506744644,10
1785529260.753547,61437,1.4684077819653625,1.5388375454125254,10
1785529260.7606072,61438,1.4690168290291319,1.538746808108871,10
1785529260.7610304,61439,1.4695515048860308,1.5351718089777158,10
1785529260.7683432,61441,1.4720428704555015,1.5348385766083006,10
1785529260.7705064,61442,1.4676080870676624,1.5311258213846675,10
1785529260.7730372,61444,1.4743384479797075,1.5252213313176075,11
1785529260.807564,61443,1.4743734310342311,1.5207642098819891,11
1785529260.8083982,61445,1.4772158488251934,1.5207491563041526,11
1785529260.8084967,61446,1.4770401761957013,1.5207477944959251,12
1785529260.8085217,61447,1.4777464966483023,1.5200413146031149,12
1785529260.8085704,61450,1.4776575173046933,1.5200419606242113,12
1785529260.8091488,61451,1.477640894185481,1.5176732103809325,12
1785529260.8107588,61454,1.484360193430472,1.5243926919718684,12
1785529260.8115208,61456,1.4773802713452318,1.5313735719069204,12
1785529260.8583314,61458,1.4694211894192353,1.531288219815681,12
1785529260.8584898,61464,1.4693082261401988,1.541914377564661,12
1785529260.8585515,61466,1.4682479581737666,1.5408538520433686,12
1785529260.861939,61469,1.4674417145198826,1.5408626765086462,12
1785529260.901795,61473,1.4678833873882131,1.541304444463048,12
1785529260.902554,61474,1.4681521713980918,1.5413016857727595,12
1785529260.9026408,61476,1.4682002568996015,1.53754948643709,12
1785529260.9045448,61478,1.4634366932120648,1.5338449899108921,11
1785529260.9046626,61481,1.465403168125822,1.5338250996578586,11
1785529260.906231,61479,1.465407120895757,1.5332140568709036,11
1785529260.9115474,61486,1.4693391140830627,1.5331833764983627,11
1785529260.922675,61488,1.4693278513099626,1.535218395903851,11
1785529260.927522,61490,1.4742130913877087,1.5407842010787143,11
1785529260.9650023,61491,1.4742086441695952,1.541394125951976,11
1785529260.9651875,61497,1.4688801436586485,1.5353233263295079,11
1785529260.965247,61498,1.4661079387863991,1.5353459617021583,11
1785529260.9652705,61499,1.4660999541795228,1.5347486097906156,11
1785529260.9653609,61500,1.4661096978448953,1.5333230556528514,11
1785529260.9704845,61502,1.4591447201536851,1.5233659131353072,10
1785529260.981668,61503,1.4591556763401996,1.5194908790244002,10
1785529261.0336607,61504,1.4532326010955163,1.5253992292328102,9
1785529261.037433,61509,1.4629633574397738,1.5351123769927282,9
1785529261.0379353,61510,1.4473160430251122,1.5378446259755472,9
1785529261.038034,61512,1.4492677621230592,1.5264487293460673,9
1785529261.0380604,61513,1.4490741518911427,1.526476673861893,10
1785529261.0381153,61514,1.453145978042394,1.5313243243545804,10
1785529261.0381413,61515,1.4519205553593686,1.5395009547855734,10
1785529261.038299,61519,1.4506730440220397,1.5409201330669218,11
1785529261.038349,61521,1.446332176905949,1.5359867165307035,11
1785529261.0446594,61523,1.4464189969089465,1.5420067264854853,11
1785529261.0450044,61524,1.4462540012119867,1.5563269732461071,11
1785529261.0463161,61525,1.457180015089987,1.556522261638528,11
1785529261.0489979,61526,1.4568279534381052,1.556120848668619,11
1785529261.0530741,61527,1.4568580203633565,1.5544877017223926,11
1785529261.0587878,61529,1.4694164390887279,1.5544758068789526,10
1785529261.0787563,61532,1.4693711181554725,1.5513915940562448,11
1785529261.1008053,61531,1.4732113550049672,1.548010990351138,11
1785529261.1013083,61533,1.4645078807564977,1.5403658341185962,11
1785529261.1013346,61535,1.4645230176386623,1.541850302373634,11
1785529261.1013823,61541,1.4585040569875787,1.5419470011163052,11
1785529261.1127205,61542,1.4587533030130049,1.5419506013292386,12
1785529261.1163373,61543,1.45964363084623,1.541058322953765,12
1785529261.1232626,61548,1.4597764910136173,1.5338919255016294,12
1785529261.1232626,61544,1.4597940904630535,1.5363331336938082,12
1785529261.1389108,61552,1.4530484830274095,1.543078067889867,12
1785529261.16258,61551,1.453163550667397,1.5358073641577792,12
1785529261.162625,61553,1.447706191657779,1.5359107106012475,12
1785529261.1626523,61556,1.4477483493774401,1.540078421986034,12
1785529261.1626754,61554,1.4446954676744281,1.5400275345802772,12
1785529261.1626985,61555,1.4422177472843485,1.5425040165417638,12
1785529261.164259,61557,1.4438960624599881,1.544181578055435,12
1785529261.1643374,61559,1.4438681202874097,1.542100412171299,12
1785529261.1790664,61562,1.44060208717406,1.5388362196258245,12
1785529261.1793811,61563,1.440509006642681,1.5446034964006585,12
1785529261.1793811,61564,1.4429042499847216,1.542209547085647,12
1785529261.1829734,61568,1.442833074248598,1.5328490279465843,12
1785529261.1854734,61567,1.4387382046931265,1.536940282622855,12
1785529261.2051282,61569,1.4456760122675418,1.543874543933201,12
1785529261.2916875,61571,1.4419080104192672,1.5396193864768177,10
1785529261.2950902,61572,1.4418386917895292,1.5429525426605941,10
1785529261.2952352,61573,1.4407455366064723,1.5429389441067667,11
1785529261.2953534,61574,1.4486262100690084,1.549798136944071,11
1785529261.2954214,61575,1.4486651459339994,1.5480899365244123,11
1785529261.295453,61577,1.4590784555083829,1.5479355566078705,11
1785529261.29556,61579,1.4617157047786202,1.545637888813559,11
1785529261.2956307,61580,1.4617926795372282,1.549565323581706,11
1785529261.295683,61584,1.461746626515968,1.5521617448005252,11
1785529261.2957072,61585,1.467032337129883,1.5522189173305267,11
1785529261.2957568,61588,1.4671339377883634,1.5521304002848815,11
1785529261.2957807,61589,1.4630035131520764,1.552175879646747,11
1785529261.2958007,61592,1.4629925593490583,1.5515646637650744,11
1785529261.2959146,61591,1.4737640087847153,1.5421757396969271,11
1785529261.2959476,61593,1.4739666416652581,1.5423523751281187,11
1785529261.295968,61595,1.474026397800449,1.5460332038376876,11
1785529261.2961247,61596,1.4741965802170611,1.5322134838551977,11
1785529261.296153,61597,1.4723923465579702,1.532190508898676,11
1785529261.2962582,61599,1.4723922769782471,1.5321905084479226,11
1785529261.2981288,61601,1.4624583339020403,1.5322533778398182,11
1785529261.305299,61603,1.4543567439447458,1.539315986046309,11
1785529261.3499527,61605,1.4521245509316136,1.5373701927015528,11
1785529261.3499975,61606,1.4504728902128787,1.5373928148387457,12
1785529261.3500245,61607,1.4503725705628654,1.5288757266188955,12
1785529261.3500862,61609,1.4535245949414386,1.5289218895506276,12
1785529261.3501477,61610,1.4577592801593993,1.5331551382874717,12
1785529261.350208,61611,1.4577046865143455,1.5370091272634054,12
1785529261.350236,61613,1.4678157880057963,1.5368685812991394,12
1785529261.353691,61614,1.4771558608971846,1.5369396211026383,12
1785529261.3538463,61615,1.4834518990174788,1.5306421210027534,12
1785529261.3538804,61618,1.4873803523973264,1.5306121471832397,12
1785529261.3553061,61619,1.487521032714561,1.5423208810721167,12
1785529261.3655334,61621,1.485343048651553,1.5423061717042676,12
1785529261.3713806,61624,1.4876347169260762,1.5400133347709328,12
1785529261.3750713,61623,1.4876187906242446,1.5414336816491683,12
1785529261.3791606,61625,1.4806309977871286,1.5414634904950901,12
1785529261.382952,61626,1.4743561451078018,1.541409732801608,12
1785529261.382952,61628,1.4742881307257532,1.5366768354096503,12
1785529261.4317093,61629,1.4764984815739965,1.5388877916976065,12
1785529261.432696,61630,1.4774831873375585,1.538880904433573,12
1785529261.432729,61631,1.4773954907244058,1.5309849131603088,12
1785529261.43282,61632,1.4772136988940479,1.5423860500219964,12
1785529261.4328387,61633,1.4751228464721688,1.5423806516729603,12
1785529261.4342473,61634,1.473276089740093,1.5405333005151631,12
1785529261.4343321,61636,1.469191092297963,1.5446195391257458,12
1785529261.434405,61637,1.4770833180762726,1.5445217701601104,12
1785529261.4344547,61638,1.4791726404462462,1.5445315743851358,12
1785529261.4345555,61639,1.4727914101709674,1.550916441354583,12
1785529261.4517417,61645,1.4780895474189384,1.5509401431728163,12
1785529261.4524584,61646,1.4733409954665164,1.546188648714107,12
1785529261.452499,61648,1.474850317273864,1.5446783856424173,12
1785529261.4637797,61652,1.4748663137982616,1.5461686101981928,12
1785529261.4881613,61647,1.4749439792928767,1.5418893529660103,12
1785529261.488993,61651,1.4750323306228845,1.5418009260257344,12
1785529261.489102,61655,1.4751231678634953,1.5485514609617455,12
1785529261.4912133,61660,1.4775989026330092,1.5460743455329933,12
1785529261.4951856,61659,1.4776100607655265,1.54536176531324,12
1785529261.5024035,61661,1.4794040712132857,1.5453488377517026,12
1785529261.5044792,61662,1.480100300517611,1.5453536182313488,12
1785529261.5379515,61666,1.4720269859491681,1.5454281921043926,12
1785529261.5380616,61667,1.4719913842109982,1.542363035730329,12
1785529261.5381103,61669,1.4656310859328547,1.5423123204895366,12
1785529261.5381348,61670,1.4685432035955994,1.5452252666293276,12
1785529261.5386574,61672,1.4733226817511336,1.540444231613951,12
1785529261.5387492,61673,1.4690233500415413,1.540494701647627,12
1785529261.5422888,61674,1.4655358800088074,1.5404642641015747,12
1785529261.5803642,61675,1.4692544366604834,1.5367451642536702,12
1785529261.5805497,61678,1.479989525156358,1.53665434052013,12
1785529261.5805814,61679,1.4799360364059364,1.5323516191144213,12
1785529261.5822525,61682,1.479140518104366,1.531555941068106,12
1785529261.5845134,61683,1.4790761149582137,1.5368968531242553,12
1785529261.5879896,61684,1.4719069989271254,1.5440684647711151,12
1785529261.588093,61685,1.4689477965555837,1.5441028770323793,12
1785529261.5881488,61686,1.4729529801327808,1.5441299143665415,12
1785529261.5885005,61687,1.4668330099911482,1.5502526414884579,12
1785529261.614776,61690,1.4624300858968564,1.5503227645042257,12
1785529261.632723,61691,1.458798125917896,1.5498771684770678,11
1785529261.6331506,61697,1.4624222489493635,1.5475821638129517,10
1785529261.641035,61699,1.4632880829446047,1.546538869366047,10
1785529261.6768527,61708,1.467997706383708,1.5492214875782466,9
1785529261.677029,61709,1.4661005689259297,1.548872395427614,9
1785529261.677101,61712,1.465041680191655,1.541878301017915,10
1785529261.6771326,61711,1.466513901404742,1.5401051137927693,10
1785529261.685504,61715,1.464862099853693,1.5288476915422125,10
1785529261.722396,61721,1.4576872643007235,1.5278193884199285,10
1785529261.7248845,61723,1.4578592162103872,1.5276110165712067,10
1785529261.7277002,61727,1.4597984498425152,1.5409921942680411,10
1785529261.736277,61732,1.4598849265120146,1.5408885105177048,10
1785529261.736361,61731,1.4587400293978063,1.5319445182858402,10
1785529261.7414756,61733,1.4767541564636337,1.5348170018367484,9
1785529261.7440782,61734,1.466102310573041,1.5329096861550493,9
1785529261.7808564,61739,1.465686776169664,1.5306161194522654,9
1785529261.7913644,61738,1.4661336493639943,1.526432441159581,8
1785529261.7914515,61742,1.4759987726605093,1.5363544613414386,9
1785529261.7914758,61744,1.4756973368003539,1.5366590181803068,9
1785529261.7915,61743,1.475988627891754,1.5384943735827092,9
1785529261.7921565,61748,1.4769645417391548,1.5438205630171937,9
1785529261.7921824,61749,1.4781370225151595,1.5450011409599864,10
1785529261.7979717,61751,1.478253989119487,1.5507311742558327,10
1785529261.834361,61754,1.475120846490878,1.5475748441628245,10
1785529261.8548868,61760,1.475052131234934,1.5442598884887873,10
1785529261.8586597,61765,1.4725065107661048,1.5442228492417467,11
1785529261.8618777,61772,1.4725475463545166,1.546531575154758,11
1785529261.8642523,61770,1.4822042340008068,1.5466500307414104,11
1785529261.8717299,61773,1.4827353142885793,1.5472581150870777,11
1785529261.8810468,61775,1.4826919907046308,1.544239220125804,11
1785529261.9190571,61777,1.485826239785251,1.5442586009489319,11
1785529261.919352,61778,1.4891815458341602,1.5481005369571155,11
1785529261.919431,61784,1.4892578484488193,1.5533419350437008,11
1785529261.9194655,61782,1.483530249127468,1.5533031235611514,11
1785529261.9195356,61786,1.4815518432533077,1.5533115122965893,11
1785529261.9195645,61787,1.481487756999759,1.5493877104916374,11
1785529261.9282348,61790,1.47799445178711,1.5412251542844178,10
1785529261.9364638,61791,1.4764932541255484,1.5508831802984706,10
1785529261.9371016,61792,1.4820581948996472,1.5445080551294768,10
1785529261.9391348,61793,1.4744813941344705,1.5458578310568982,10
1785529261.9812033,61796,1.4770683562703095,1.5271216502750047,10
1785529261.9816728,61800,1.476716285513798,1.5293468632183733,11
1785529261.9817498,61801,1.4719156521222208,1.5300203988630723,11
1785529261.9818103,61802,1.4696275883920216,1.5277325593412032,11
1785529261.9825747,61804,1.4723542795612838,1.525005903091525,11
1785529261.9826105,61803,1.472951955449048,1.5211463152387075,11
1785529261.984804,61808,1.4724563341802865,1.5247218926835406,11
1785529261.9911537,61807,1.4689934873916122,1.5281845774877079,12
1785529261.9943619,61809,1.4641429541432092,1.5233348207617867,12
1785529261.9974515,61810,1.4605792371818958,1.5233894200730669,12
1785529261.9978151,61811,1.460623729315836,1.5300176958812295,12
1785529262.0084648,61813,1.4569480577395173,1.529968571768329,12
1785529262.0408792,61814,1.4662306187431913,1.539250273717904,12
1785529262.0452733,61816,1.4648167339769815,1.5406643510486364,12
1785529262.0462441,61815,1.4648588742466917,1.5371766863259708,12
1785529262.0464509,61817,1.466737920278189,1.5371585085549362,12
1785529262.0465455,61818,1.467523545656213,1.5371685947397629,12
1785529262.046574,61819,1.4772311624454786,1.5274600691124935,12
1785529262.0467486,61824,1.4771867475207734,1.5322695508819004,12
1785529262.0469968,61825,1.473164853003574,1.5322336535692074,12
1785529262.0490172,61826,1.4621017974822663,1.5211718383468888,12
1785529262.0516238,61828,1.461218857698003,1.522054458039314,12
1785529262.0663698,61831,1.4539793145500437,1.5292912542262729,12
1785529262.0715337,61833,1.4548646233930609,1.5301762297387969,12
1785529262.07609,61835,1.454784458547897,1.5205151291601877,12
1785529262.1178293,61836,1.4548374440733316,1.5113663944423972,12
1785529262.1204386,61838,1.4649252752198987,1.5214497173181099,12
1785529262.1204665,61841,1.4699997945820178,1.5214041196759116,12
1785529262.1225526,61845,1.4702650475315848,1.5216693023294061,12
1785529262.1227274,61846,1.4718682323204386,1.5216591981573657,12
1785529262.1228006,61847,1.4718757034875056,1.5223596573083205,12
1785529262.1228461,61848,1.4718641266411716,1.5247683816999078,12
1785529262.1309419,61850,1.4675216060153071,1.5204264660580091,12
1785529262.1326513,61852,1.4615262870577692,1.526420314863362,12
1785529262.1343346,61851,1.4615035651640613,1.5296427138495017,12
1785529262.1414418,61856,1.4615509989995439,1.5333072240637806,12
1785529262.1447237,61854,1.4652223330753948,1.5333610621977976,12
1785529262.1591942,61855,1.466457733749111,1.5321257079678543,12
1785529262.18743,61859,1.4664399462824609,1.530639915106615,12
1785529262.1875641,61860,1.4664282271083346,1.5318911505847745,12
1785529262.187624,61861,1.4756098398713444,1.5319729373470616,12
1785529262.1877031,61862,1.4690852406869634,1.5254481444434533,12
1785529262.1877663,61864,1.4767060223003052,1.5178279489190394,12
1785529262.1877942,61863,1.4767065938438513,1.5177388234725036,12
1785529262.1878479,61865,1.4679925486519034,1.5178531400820703,12
1785529262.18787,61868,1.4680081795261413,1.5237987261963792,12
1785529262.1898954,61867,1.4634852895059014,1.5283209437522136,12
1785529262.1938944,61869,1.464013902144923,1.5288495757467238,12
1785529262.1968136,61870,1.4567842839812348,1.5289756648194957,12
1785529262.196845,61871,1.4568519529656279,1.5381214454931407,12
1785529262.2160206,61872,1.4569032500003414,1.5343561218055426,12
1785529262.2284944,61873,1.4576897052279383,1.5343664390162908,12
1785529262.2575605,61874,1.4629857761003857,1.5396621477306724,12
1785529262.258326,61876,1.453959078390141,1.5486895590377394,12
1785529262.2585497,61878,1.4530026013499058,1.5486754387864747,12
1785529262.258645,61877,1.4548887829242432,1.5486460052798354,12
1785529262.258691,61884,1.4548046190636732,1.5534015617666936,12
1785529262.2587132,61885,1.4587972804475697,1.5534504848384605,12
1785529262.258761,61886,1.4605591746573088,1.5552131075175586,12
1785529262.258803,61888,1.4636618630566047,1.5521089747443477,12
1785529262.2588246,61887,1.4636147226944392,1.5543460984006685,12
1785529262.3056352,61892,1.4635906357568609,1.5525995134847586,12
1785529262.3068202,61891,1.467319133579469,1.5488692598409513,12
1785529262.3074517,61893,1.4684626536900436,1.5500131323227093,12
1785529262.3074868,61895,1.468433072223882,1.5473890341177958,12
1785529262.3075492,61896,1.4685574533210028,1.5408673538223447,12
1785529262.307572,61897,1.4668140006859505,1.5408537715797135,12
1785529262.3076687,61899,1.4667806088973185,1.5428201177969414,12
1785529262.307705,61901,1.4650773899513385,1.5428456340460917,12
1785529262.3077643,61904,1.465090599564566,1.5440687393448365,12
1785529262.3077931,61903,1.4618089969505241,1.5473511840734717,12
1785529262.315694,61907,1.4617644687181075,1.5433370478923285,12
1785529262.3236027,61908,1.4615846595468789,1.5515741633194315,12
1785529262.3287752,61910,1.4570236342568759,1.5470124892142223,12
1785529262.346387,61912,1.455153434761311,1.5488823403653038,12
1785529262.3774307,61911,1.4552882464955619,1.542602235005673,12
1785529262.3777578,61913,1.4620116650928736,1.5424808689175962,12
1785529262.3778086,61916,1.4620006609486096,1.541433639618439,12
1785529262.3778374,61917,1.4620890758779497,1.5415220453352891,12
1785529262.3778985,61920,1.4621956789457318,1.5344506493008183,12
1785529262.3779192,61921,1.4599238619941926,1.5344233376752934,12
1785529262.3780034,61922,1.4608954896362547,1.5353948546889344,12
1785529262.3780391,61924,1.4646107869162543,1.5316798843316966,12
1785529262.3780532,61923,1.4646316523317147,1.529712501957236,12
1785529262.394776,61926,1.4649817273434051,1.5297167502786333,12
1785529262.4344614,61927,1.4744810659670635,1.5285814777270612,11
1785529262.4365733,61932,1.4743806712931382,1.5366939874518177,11
1785529262.436603,61933,1.4809881732159955,1.5367238275000303,11
1785529262.4367092,61936,1.4761079163927042,1.5409815872988122,11
1785529262.4367402,61938,1.4706074174341568,1.5409521442837817,11
1785529262.4367895,61939,1.4731466683147443,1.5387375630796605,11
1785529262.4467149,61945,1.466542036644637,1.5386853888981125,11
1785529262.4519963,61948,1.4698876908499834,1.5357678963091297,11
1785529262.4593074,61947,1.4698595704513018,1.5377321385568998,11
1785529262.487125,61950,1.4714610803032795,1.5377446229738054,11
1785529262.4875598,61951,1.4683146587821791,1.5404884981866576,11
1785529262.4876723,61956,1.468320569801435,1.5401311627992527,11
1785529262.4904907,61957,1.466720004289473,1.5401173332869977,11
1785529262.512844,61959,1.466739491967269,1.538866053319828,11
1785529262.5344017,61963,1.4706328791285515,1.5382715150191806,10
1785529262.5376937,61969,1.4700323714456252,1.538263832798411,10
1785529262.5382984,61970,1.4784804194834322,1.546660412021162,10
1785529262.538322,61972,1.479187412527427,1.5459577734935837,10
1785529262.5383441,61971,1.4791081123321217,1.5522535526383283,10
1785529262.5417583,61976,1.4790858176909927,1.5511518472730372,10
1785529262.5447602,61974,1.4734996394524176,1.5510891560894873,10
1785529262.5458283,61975,1.4757232233043478,1.5488802167655102,10
1785529262.5566275,61979,1.4757144842437002,1.5483925221636605,11
1785529262.5786905,61980,1.4736054470776325,1.5462752237450272,9
1785529262.600756,61982,1.4613393801413812,1.5371611364516702,9
1785529262.6007879,61984,1.46083418896459,1.5374941690949804,9
1785529262.6008067,61983,1.46143987547113,1.5408533708704795,9
1785529262.6008716,61988,1.4622259666137059,1.5444544186599563,9
1785529262.6008883,61986,1.4731191748790893,1.5460688041372885,9
1785529262.6009052,61987,1.468178745838701,1.5493175869620854,9
1785529262.6009538,61991,1.4687743330262748,1.5520004955182114,9
1785529262.6034954,61992,1.4687193516836743,1.5516865005636304,9
1785529262.6055524,61993,1.4690094065388888,1.551729263384187,9
1785529262.611232,61994,1.4718707591036433,1.5538504490263103,9
1785529262.6187193,61997,1.4668749312211127,1.553184393419183,10
1785529262.639804,61998,1.4662780744995525,1.5530946960654521,10
1785529262.6680007,61999,1.4618984518781935,1.5567219226869127,10
1785529262.6684887,62005,1.4715529075540266,1.5581608649756107,10
1785529262.6685658,62006,1.4774941726725166,1.563332073104464,10
1785529262.6685975,62007,1.476597987164751,1.5569944131244533,10
1785529262.6686177,62012,1.4763288713038152,1.5555527971667,10
1785529262.6826842,62011,1.4769545579536127,1.5550344494059842,10
1785529262.6839235,62013,1.4655946220165734,1.545139552185385,11
1785529262.7194407,62020,1.4693574607424114,1.5418584198983212,11
1785529262.7375379,62019,1.469385218487644,1.540340199938017,11
1785529262.7375379,62021,1.4661996038891412,1.540378157783135,11
1785529262.7393062,62023,1.4750442813130953,1.5326614163499392,11
1785529262.7396715,62025,1.4820202943522152,1.5387442268206655,11
1785529262.739707,62027,1.4819875307449477,1.5358444981541952,11
1785529262.7397695,62028,1.4818598483819552,1.5423374004975594,11
1785529262.7398143,62029,1.4812600459313867,1.5423374133198686,11
1785529262.742662,62033,1.4844478348514651,1.5423072451231785,11
1785529262.7614949,62035,1.473852477899294,1.5515480221232831,11
1785529262.771449,62036,1.473759158672612,1.5433109718706755,11
1785529262.7955081,62044,1.4671145705605104,1.549107903694308,11
1785529262.8036482,62050,1.472617451710679,1.5490227309990698,12
1785529262.80536,62051,1.4726095725787025,1.5483219470895808,12
1785529262.8107696,62056,1.4711886514215697,1.549743611289093,12
1785529262.8222206,62057,1.4702902794684987,1.5497568891073068,12
1785529262.8628569,62059,1.471972199622861,1.548335919927931,11
1785529262.865035,62068,1.4700544731687202,1.5500236212308542,11
1785529262.865095,62069,1.474550528554243,1.54997144979644,11
1785529262.8651297,62072,1.4747038460927626,1.5582126153127263,11
1785529262.8683765,62071,1.4778188575735915,1.5554696502743355,11
1785529262.8716521,62073,1.485212351076297,1.5619809876767545,10
1785529262.8730495,62074,1.4787428108295326,1.5611024331789392,10
1785529262.8824935,62075,1.4797072752666425,1.5662571505542393,10
1785529262.8854303,62076,1.4789595918259562,1.5609601770645967,10
1785529262.899841,62077,1.4761378087300445,1.5605351476600007,10
1785529262.9327447,62078,1.470721233501061,1.5557638174939588,11
1785529262.9353476,62079,1.4706578846204803,1.5589781083817869,11
1785529262.9358804,62081,1.4709650229646267,1.5589760021405625,11
1785529262.9359295,62083,1.4729713198455217,1.557209404777938,11
1785529262.9360008,62085,1.4687478152792082,1.5534909340044107,11
1785529262.9361024,62087,1.4686017603568642,1.545792014542759,11
1785529262.9361393,62088,1.4687005891706468,1.5398070984729537,11
1785529262.9361644,62089,1.4628421299685335,1.5397375232468649,11
1785529262.936211,62090,1.4662722231505447,1.5427523342684528,11
1785529262.9362562,62091,1.4663533543759455,1.534797259825399,11
1785529262.9422936,62094,1.461376019408594,1.5347136985670646,12
1785529262.9488235,62095,1.4614642531818605,1.5346253383030186,12
1785529262.9739628,62097,1.4615522168169488,1.5347142030272458,12
1785529262.9956532,62099,1.4615365145542558,1.533754831229524,12
1785529262.999432,62102,1.463402236093495,1.535620403717849,12
1785529262.9995081,62104,1.4710534871561463,1.5279694008952034,12
1785529262.9996219,62105,1.4664146153206106,1.5279975955579117,12
1785529262.9997122,62106,1.4775351195237991,1.528119600173929,12
1785529262.9997675,62107,1.4846973865760396,1.5209567506337247,12
1785529263.001421,62110,1.4876344507549615,1.5209432791439494,12
1785529263.008579,62111,1.4876557351609376,1.5234961462397412,12
1785529263.0128734,62116,1.4811245202046048,1.5300283943001505,12
1785529263.021766,62117,1.4861231787592175,1.530012514955383,12
1785529263.04825,62119,1.4717635764610082,1.5443766597488648,12
1785529263.0707831,62128,1.476486296300576,1.5374766530221717,11
1785529263.0708575,62129,1.4738019016367052,1.5374907283571204,11
1785529263.112542,62131,1.4914346504897678,1.51736313856284,11
1785529263.1127126,62140,1.4896696038442978,1.519379053068771,11
1785529263.1240492,62143,1.4804976401864955,1.529850560233922,11
1785529263.1823401,62164,1.488902205603162,1.5374609487114141,7
1785529263.2040353,62163,1.4592708327725599,1.515193164851141,5
1785529263.26696,62167,1.4444754422611625,1.5249774585948233,4
1785529263.2669873,62172,1.4534938251627376,1.538514996458986,5
1785529263.2670074,62173,1.4638075081305686,1.543766462431512,6
1785529263.2670257,62174,1.4633273702786274,1.5432900849856828,7
1785529263.2670443,62175,1.4641659167969177,1.547712959039772,7
1785529263.2670882,62177,1.4677550261814527,1.5484031960337459,7
1785529263.2671063,62179,1.4739869388206321,1.542229040543138,7
1785529263.2671497,62184,1.4728318710566566,1.5361860667465839,7
1785529263.2671943,62185,1.4738536376155624,1.5364015257170114,7
1785529263.2672179,62186,1.4678322333745337,1.5304182978563317,7
1785529263.2672594,62188,1.4701899858803076,1.5280846661683944,7
1785529263.2673087,62192,1.4705637798928801,1.5298537011404658,8
1785529263.2673678,62191,1.468734735823439,1.5313108516844989,8
1785529263.2841358,62193,1.4719110719387953,1.5340262885470355,9
1785529263.3055534,62195,1.4719365289306818,1.5357190904404656,10
1785529263.3066764,62196,1.4718706951465916,1.5394666684242362,10
1785529263.3067153,62199,1.471810396283313,1.5424114486586293,10
1785529263.308364,62204,1.471803641431064,1.5420611735087235,10
1785529263.3106372,62205,1.4766238799577882,1.545674212905851,10
1785529263.3164134,62207,1.4766603591871694,1.5476918479955422,10
1785529263.3490705,62210,1.477013876389111,1.5479571804618908,10
1785529263.3731256,62216,1.4770150825300445,1.5480442232385991,10
1785529263.373365,62217,1.4658403387112793,1.539664481365265,10
1785529263.373446,62219,1.465774996496722,1.5347710082941033,10
1785529263.3734696,62221,1.4623969733385536,1.5347500676577195,10
1785529263.3808937,62222,1.4658060514844093,1.5373049838120858,10
1785529263.4119735,62226,1.4653813032238345,1.5373012278815097,11
1785529263.4213471,62234,1.463462813227796,1.5356303370997788,11
1785529263.4575667,62241,1.4684115643700852,1.539943072314502,11
1785529263.4756854,62242,1.458377731666351,1.5461357359708794,9
1785529263.4759817,62246,1.4618701015164615,1.5487206687862796,9
1785529263.4760773,62253,1.4625253047858804,1.5492053505211207,9
1785529263.47619,62254,1.4648864854223793,1.5483841862204495,9
1785529263.481381,62256,1.4667159416137865,1.5440695587975135,9
1785529263.4885437,62258,1.469666157313569,1.5462564786256145,9
1785529263.5209641,62261,1.468214075027342,1.5434443798208497,9
1785529263.5484967,62259,1.4685929426319013,1.5423540826496713,10
1785529263.5488636,62265,1.464973817395725,1.5387340725265466,10
1785529263.5488865,62266,1.4618675033515878,1.5398088322039871,10
1785529263.5489073,62267,1.4598123064269948,1.5461965188284152,10
1785529263.5489616,62268,1.4576897475990709,1.5522834978198374,10
1785529263.5489838,62269,1.4636691950965603,1.550343262902983,10
1785529263.5490212,62270,1.457677633621123,1.5443494779190623,10
1785529263.5490415,62272,1.462833053226655,1.5391936400986665,11
1785529263.5491343,62271,1.461081018574815,1.5499897686533906,11
1785529263.5491955,62273,1.464972621432473,1.549364051292519,11
1785529263.5492392,62275,1.4692664587664261,1.545068667579167,12
1785529263.5524924,62277,1.4755087251375723,1.5513139342857967,12
1785529263.5545998,62278,1.4848551405025987,1.5512193841615656,12
1785529263.5575738,62279,1.4847730308279732,1.544797867519663,12
1785529263.5707095,62282,1.486092643671846,1.5461181693326402,12
1785529263.6050055,62283,1.4861629231902864,1.5438657949672985,11
1785529263.6050968,62290,1.4838318382073667,1.5438830695220764,11
1785529263.6053178,62284,1.485780371580947,1.5416588366860324,11
1785529263.605479,62292,1.485930798475667,1.527770688018175,11
1785529263.6080978,62294,1.48716913904702,1.5291842485759084,11
1785529263.6228893,62297,1.4889361963736054,1.529205333935161,10
1785529263.6277258,62296,1.4871229941887432,1.5310221146598548,10
1785529263.639666,62301,1.4871229859850954,1.5310221228391259,10
1785529263.6397264,62302,1.4829513378911354,1.5310447470141302,10
1785529263.6398175,62303,1.4830043211300117,1.5357585528533664,10
1785529263.6413312,62304,1.4828634177264437,1.5461061630680113,10
1785529263.6499255,62306,1.4791471746237872,1.5423793058504633,10
1785529263.6825166,62307,1.479247014121111,1.5347642594294009,10
1785529263.682576,62308,1.4790462312973642,1.5349653189505486,10
1785529263.682664,62309,1.4721204048926324,1.535023241381501,10
1785529263.6827364,62311,1.4702061213459334,1.5369389825385253,10
1785529263.682777,62313,1.4655776242982306,1.5323091827538724,10
1785529263.6828072,62314,1.4635416613416268,1.5323346034842358,10
1785529263.6840384,62315,1.4635856513899355,1.5362128431021669,10
1785529263.6846905,62316,1.4636125920692589,1.5336657246502308,10
1785529263.685928,62317,1.4612228576628685,1.5336313041449596,10
1785529263.6891446,62318,1.466772150198552,1.5391808597403573,10
1785529263.69339,62319,1.4667493450360227,1.541217265898001,10
1785529263.69339,62320,1.4681556821804556,1.539809611988684,10
1785529263.699922,62321,1.4740691694650354,1.539766167349914,10
1785529263.7090712,62322,1.4761784561026656,1.5397888863001383,11
1785529263.7091453,62323,1.4820973219122606,1.5330355948192163,11
1785529263.7267308,62327,1.4820447735121747,1.5258178130932125,11
1785529263.761446,62330,1.4808994471298107,1.5245104266723941,11
1785529263.7615738,62332,1.48107597191994,1.5243089554469844,11
1785529263.761601,62331,1.481058918936478,1.5260332373628074,11
1785529263.7616296,62336,1.4810472337616936,1.5223810239504534,12
1785529263.7616775,62334,1.4781523042569844,1.5223756862410847,12
1785529263.7617264,62335,1.4793065218914256,1.5212213970802697,12
1785529263.7617528,62338,1.485092403004594,1.5211662806889008,12
1785529263.761771,62339,1.4850831961392357,1.5185277990000996,12
1785529263.7690651,62342,1.4911597167981758,1.5246049402614372,12
1785529263.7751484,62343,1.4912316118581528,1.5168034015884595,12
1785529263.7757297,62344,1.4869848101948355,1.5210505331599988,12
1785529263.7889574,62345,1.490633959016068,1.5210355325877833,12
1785529263.8183322,62346,1.494319991786591,1.5210431901621493,12
1785529263.8189294,62347,1.4917541906703689,1.5236093805844833,12
1785529263.8191123,62351,1.4917908312867185,1.528017110602516,12
1785529263.8192623,62352,1.4917883690521114,1.5282830334691477,12
1785529263.8192873,62353,1.4896873666056933,1.5282750002867445,12
1785529263.8193295,62354,1.4793351759866105,1.5179218002212134,12
1785529263.8193493,62356,1.4796003138382123,1.5176566502615003,12
1785529263.8193872,62355,1.479546210352424,1.52513213521923,12
1785529263.8194237,62357,1.4810613449936347,1.5251206392781405,12
1785529263.8328028,62359,1.4788499181132153,1.5273322782937049,12
1785529263.8643162,62360,1.478851548997028,1.527507819766182,12
1785529263.8643615,62364,1.4788185814087746,1.5305344498427191,12
1785529263.8770993,62365,1.4744444260833078,1.5305042818885828,12
1785529263.8772006,62368,1.477980665251716,1.5269677358485307,12
1785529263.8772404,62369,1.4748593298489392,1.526994466215848,12
1785529263.8773415,62372,1.4749296158670526,1.5339190570154326,12
1785529263.8773744,62370,1.4738810184738282,1.5339086614479207,12
1785529263.8774488,62373,1.4740578144579626,1.5340854866793294,12
1785529263.8774858,62374,1.4669963381404076,1.5341518297115107,12
1785529263.8793488,62375,1.4669973586731722,1.5342392475928464,12
1785529263.8838015,62376,1.467009797821996,1.5331669084158006,12
1785529263.8855975,62377,1.4707683296813558,1.5332023489726936,12
1785529263.8888955,62378,1.4822370867531423,1.544674775488884,12
1785529263.9212828,62379,1.4822867835343407,1.5414731503256702,12
1785529263.937073,62381,1.4835410271025955,1.5414654355518038,12
1785529263.9371798,62388,1.4835848061038603,1.538087551058762,12
1785529263.9372244,62389,1.4841955517362004,1.5380912760699532,12
1785529263.9380634,62390,1.4744682925207548,1.5283618230179399,12
1785529263.9381118,62392,1.4795918701933797,1.523238005866097,12
1785529263.938143,62391,1.4795773070751754,1.5251068395150498,12
1785529263.952482,62395,1.4758648997872967,1.5288195322510114,12
1785529263.9591088,62396,1.4758640371781557,1.5287318512483106,12
1785529263.9622471,62400,1.4757729153085528,1.5363060714478989,12
1785529263.9763908,62401,1.4777809316295372,1.536316126834504,12
1785529264.007143,62402,1.4763714484583434,1.5349062713157824,12
1785529264.0072436,62404,1.4644040157144844,1.546876841200873,12
1785529264.0072703,62403,1.4642961109741812,1.552244588119146,12
1785529264.0074024,62409,1.4637683530692855,1.5517167212889762,12
1785529264.0074697,62410,1.4625996870593414,1.5517364131132492,12
1785529264.0075424,62411,1.4625809016125535,1.5501650985351345,12
1785529264.016126,62413,1.4601479671362205,1.550145578390001,12
1785529264.016216,62414,1.4692944815345934,1.5592974881336261,12
1785529264.0170076,62416,1.4721354222444156,1.5564546748190828,12
1785529264.017043,62415,1.4722149772914883,1.5528846946143497,12
1785529264.0202785,62417,1.4756317887938268,1.552844734785292,12
1785529264.0624318,62418,1.4792772448906468,1.552860764159849,12
1785529264.062643,62419,1.485309410198711,1.546824305500173,12
1785529264.0627074,62424,1.4854474201457022,1.5386502899050631,12
1785529264.062769,62425,1.486668641174448,1.5386540829563324,12
1785529264.0627937,62426,1.4850808392286772,1.5370656229071524,12
1785529264.062846,62427,1.4851328676849256,1.5329788300767204,12
1785529264.062846,62428,1.489377015582342,1.5287335640035544,12
1785529264.062885,62429,1.4857187769331823,1.5287526405800078,12
1785529264.0658944,62431,1.475716122236417,1.5387578421292905,12
1785529264.0761302,62433,1.4728040275046332,1.5358450975472906,12
1785529264.0763094,62434,1.4797797894161528,1.5357878588398988,12
1785529264.0764775,62435,1.4797900522082574,1.5365781214115615,12
1785529264.0961,62437,1.48607528635591,1.536613598373132,12
1785529264.129789,62438,1.480779126262027,1.5313158741533808,12
1785529264.130659,62439,1.4807027218900541,1.5370098880802934,12
1785529264.13073,62441,1.4784660629176876,1.5370325563891114,12
1785529264.1307554,62443,1.485563037577121,1.529933664603884,12
1785529264.1308208,62445,1.4849468875121308,1.529317155135362,12
1785529264.1308663,62447,1.4849477500039316,1.529405099705548,12
1785529264.1309357,62448,1.4848893048450273,1.533314378354213,12
1785529264.1309688,62449,1.4799078610080587,1.5333060389297863,12
1785529264.1310344,62450,1.4880103693999762,1.54141168342544,12
1785529264.1417375,62453,1.4889063250928518,1.5414054410637976,12
1785529264.1437192,62451,1.48893246379149,1.5398081060960938,12
1785529264.1541262,62457,1.4876985531135403,1.5385736071949114,12
1785529264.1581678,62458,1.4848343385200622,1.5385953229326166,12
1785529264.1584864,62459,1.4848595160302418,1.5410581572107642,12
1785529264.2047205,62460,1.4848936368148178,1.5349681747771708,11
1785529264.204757,62461,1.4855050447964102,1.5349710151832527,11
1785529264.2048178,62462,1.4839161754198558,1.533157014403555,11
1785529264.204863,62463,1.4839398743836616,1.5308244640056698,11
1785529264.204904,62465,1.4851006036109626,1.5308170784252964,11
1785529264.2049227,62467,1.4876647924200208,1.527889903239548,11
1785529264.2049654,62472,1.4876146175204616,1.532956160979051,11
1785529264.2064085,62473,1.480272406001706,1.5329134876963457,11
1785529264.218696,62475,1.4802539656053302,1.5349435064021293,11
1785529264.2416036,62478,1.4781575655993453,1.534924554565022,11
1785529264.265022,62479,1.4658554761929916,1.5489551102841486,10
1785529264.2668664,62484,1.4655184564014059,1.5511478721102354,10
1785529264.2669156,62485,1.4815671011001412,1.5486399703225349,10
1785529264.2669747,62487,1.4809047933660036,1.5527775973421363,10
1785529264.2726111,62491,1.4748461960231767,1.559690365733435,10
1785529264.281385,62496,1.47432946400583,1.562861466942281,10
1785529264.339212,62497,1.4612910786529258,1.564883204009831,10
1785529264.3394432,62499,1.4632022145714627,1.55268323689536,10
1785529264.3394847,62502,1.455205293609474,1.5538401621976348,10
1785529264.3395557,62508,1.4555181485678803,1.5517671290816166,10
1785529264.3396063,62509,1.4560242331369737,1.551695593491531,10
1785529264.3396485,62511,1.4547969723746557,1.5597473818278393,10
1785529264.339672,62513,1.4509947614776155,1.5604242531166814,10
1785529264.3463335,62515,1.4573564645528092,1.5531795039070837,10
1785529264.3519037,62517,1.4604735208569084,1.5568983497940492,10
1785529264.357231,62519,1.4601128604854006,1.5598519999737,10
1785529264.3625002,62520,1.459799607261042,1.5552794945546986,9
1785529264.3690944,62521,1.4679166720905794,1.554048830910729,9
1785529264.4064999,62522,1.4636428432730604,1.5498214750291994,9
1785529264.4066558,62523,1.4642226136328325,1.5466365821812118,9
1785529264.4067478,62525,1.4649660229866779,1.5465059359286943,9
1785529264.4067833,62527,1.4716285787674233,1.539889006354916,9
1785529264.40683,62529,1.4713237840056506,1.5395868805317332,9
1785529264.4068584,62531,1.4723256335469177,1.533135067652145,9
1785529264.4069538,62532,1.471330071127762,1.5386393124172433,9
1785529264.4070096,62533,1.4680888705555835,1.5391528975378308,9
1785529264.411703,62534,1.465352847173592,1.5364424616943617,9
1785529264.4219627,62536,1.463172482160621,1.5386077559492681,10
1785529264.4220154,62537,1.4669720194909304,1.5385598106230935,10
1785529264.431833,62538,1.474577604697449,1.5386238109300219,10
1785529264.461423,62540,1.4745277050265493,1.532650343054797,11
1785529264.4754846,62545,1.476532014580751,1.532652738936288,11
1785529264.4764524,62539,1.4766334853198464,1.5325642597789242,11
1785529264.476513,62552,1.4766851841303368,1.5389663775588946,11
1785529264.4765308,62550,1.4729830377872741,1.5389520520020599,11
1785529264.4765496,62551,1.471660855279767,1.5401054227981839,11
1785529264.4766057,62555,1.471680412365053,1.541681583229245,11
1785529264.5053077,62556,1.4717921424502427,1.534810571283385,11
1785529264.5411515,62558,1.4703740998313555,1.5335737399656166,11
1785529264.5435903,62562,1.4681696530092905,1.5335544896317286,11
1785529264.5441225,62563,1.4697909632188473,1.5321402229004448,11
1785529264.5442626,62565,1.4693856709462825,1.5317866448691249,11
1785529264.5443072,62567,1.4693752364330541,1.5309117641276087,11
1785529264.5443728,62568,1.4693686812713052,1.5314475191715828,11
1785529264.5444279,62570,1.4721035056685596,1.5338331588317617,11
1785529264.544462,62572,1.4688591702780807,1.5366629143190491,11
1785529264.5444827,62571,1.4688753835750683,1.5355018620331558,11
1785529264.5669932,62575,1.4696862317638812,1.5347946704298674,11
1785529264.6000147,62576,1.4696167188063871,1.528407498993169,11
1785529264.6001616,62584,1.4788484396474113,1.520346416891693,11
1785529264.6002133,62585,1.478237046441999,1.52035125384991,11
1785529264.6002743,62587,1.4812782609149024,1.5176943929348472,11
1785529264.6003363,62574,1.4793670610612932,1.5176860534033936,11
1785529264.6003942,62591,1.4793840284999558,1.5203194502093704,11
1785529264.6013486,62592,1.479323785446626,1.5261934355078732,11
1785529264.6121385,62593,1.4820339629107686,1.52620204024824,11
1785529264.6648262,62599,1.4790884835691753,1.5287740021334468,11
1785529264.6650505,62600,1.4791657671405387,1.5361476641825045,11
1785529264.6652665,62605,1.477063055863606,1.5361346324682101,11
1785529264.6653466,62606,1.4745297985674917,1.5339249442499818,11
1785529264.665374,62607,1.4745297972900084,1.5339249432438824,11
1785529264.665404,62609,1.471557807165263,1.5339501834253129,11
1785529264.6654277,62610,1.4804741894799143,1.5339928718120779,11
1785529264.6666265,62611,1.4791525367975795,1.535146424552689,11
1785529264.6763384,62615,1.4791227156611975,1.5315474604865178,11
1785529264.710698,62616,1.4791318027119487,1.531013296426883,11
1785529264.7107382,62618,1.4812501859970157,1.5328604795882963,11
1785529264.7108035,62620,1.473410926655879,1.5397024642381503,11
1785529264.7194002,62621,1.4704315383240278,1.539742316362179,11
1785529264.7195046,62622,1.467830385234619,1.5397330461556153,11
1785529264.7195275,62623,1.4680333345751528,1.539556032711678,11
1785529264.7196393,62627,1.4680622030550654,1.5422662155917537,11
1785529264.7303085,62628,1.4680877823654022,1.5410153879847677,11
1785529264.7303672,62629,1.4648873661210542,1.5409950542364992,11
1785529264.7304387,62630,1.4696397469575597,1.5451357589811408,11
1785529264.7328768,62632,1.4696397643659167,1.545135773322901,11
1785529264.7379444,62631,1.4695541942374073,1.5490654061953482,11
1785529264.7403688,62633,1.469760441286604,1.5490634581163933,11
1785529264.743115,62634,1.4668661389305466,1.5490463341820104,11
1785529264.7763782,62635,1.4674145107167154,1.5578622480596824,10
1785529264.7770026,62637,1.4644061223141385,1.5552435258638406,11
1785529264.7770026,62638,1.4626304842732127,1.5552685983083459,12
1785529264.7770429,62639,1.462576961635509,1.5516891884306652,12
1785529264.7770889,62640,1.4626695532671057,1.546855649220468,12
1785529264.7774599,62641,1.4624085616060178,1.5468522169686791,12
1785529264.7775664,62642,1.4561463764561087,1.5405901411373972,12
1785529264.7776368,62643,1.456185491549416,1.537899838664586,12
1785529264.7864313,62648,1.4561469876296473,1.5341551416194559,12
1785529264.787442,62647,1.4582740570346429,1.5320285609608584,12
1785529264.792493,62649,1.4583625002274474,1.532116946994164,12
1785529264.7988362,62651,1.458403710888106,1.5363871713333046,12
1785529264.8145905,62652,1.4583255950206202,1.541674353537815,12
1785529264.8146148,62653,1.45422899255945,1.5416223169469263,12
1785529264.8146613,62654,1.4597016126587465,1.5470951593865754,12
1785529264.8146951,62655,1.4595664856236203,1.554173080659773,12
1785529264.8234706,62657,1.4653240956814795,1.5540869713282883,12
1785529264.8315997,62659,1.4665634438158022,1.5528469505324367,12
1785529264.8364441,62658,1.4688203500865666,1.5528666596050789,12
1785529264.8404956,62660,1.4689328282682212,1.559341748972364,12
1785529264.8694437,62664,1.4688789977958139,1.5619327741799827,12
1785529264.869547,62665,1.4739835599287199,1.5619715435221242,12
1785529264.8702476,62668,1.4770852130212087,1.5588668003874626,12
1785529264.8702936,62669,1.4665452266168735,1.5590141128447148,12
1785529264.8703644,62672,1.466492279461163,1.5546431567065757,12
1785529264.8703854,62671,1.4651564376519992,1.5559795307961577,12
1785529264.8722124,62673,1.4698021713970275,1.5606290799378613,12
1785529264.8753304,62675,1.4697061602324584,1.549603373428925,12
1785529264.8813102,62676,1.4699249440891407,1.5409387175140692,12
1785529264.9115999,62677,1.4649564560641288,1.5409234664528304,12
1785529264.911828,62678,1.4643419609145127,1.5403091699235227,12
1785529264.9118922,62679,1.4644952849551633,1.5316330709195434,12
1785529264.9118922,62680,1.4653831510271074,1.5307450888648768,12
1785529264.911969,62681,1.4757412806471228,1.5306152607667949,12
1785529264.912029,62682,1.4743415970488079,1.5306047899014512,12
1785529264.9120762,62683,1.4739881207131875,1.5309582979964893,12
1785529264.9576335,62688,1.473951776735827,1.5339900952558896,12
1785529264.9579735,62687,1.474126096390713,1.5464346647086216,12
1785529264.9580772,62691,1.4741097415973399,1.5476831219107583,12
1785529264.9581213,62693,1.4750074085455371,1.5476777660430474,12
1785529264.958327,62695,1.4760651326427519,1.5466194733687355,12
1785529264.95842,62697,1.4723443525127888,1.5428970249122054,12
1785529264.9630787,62698,1.4799628183073918,1.542865585212755,12
1785529264.963124,62699,1.4798572392558682,1.5367182419665484,12
1785529264.9669383,62701,1.4822141669417435,1.5367389353410161,12
1785529264.9689465,62702,1.4788491927961893,1.533373000823196,12
1785529264.9739132,62703,1.4788227051442486,1.536043636319188,12
1785529264.9880223,62708,1.4787973729505919,1.5340247812709638,12
1785529265.0174303,62706,1.4817681054322476,1.53404432100499,12
1785529265.0177417,62707,1.4763743371516387,1.5394397299938025,12
1785529265.0178933,62711,1.476356065618433,1.5379487484046128,12
1785529265.0179172,62712,1.4763835283558624,1.5358104175226341,12
1785529265.0179732,62713,1.47769335730182,1.535819861850262,12
1785529265.0179996,62714,1.478664747937467,1.536791524057256,12
1785529265.0180495,62715,1.4785559991362958,1.543914521412382,12
1785529265.0180495,62716,1.4847612026379462,1.537706647387639,12
1785529265.0196228,62717,1.4831505725319254,1.5377206458259973,12
1785529265.0323522,62719,1.492287504206114,1.5285808089072352,12
1785529265.0417836,62724,1.4921998010359938,1.5343418841914005,12
1785529265.0840967,62725,1.4937722536015108,1.5343363335669693,12
1785529265.084726,62726,1.4963188907156533,1.536883964674579,12
1785529265.0847812,62728,1.4866272449050013,1.54658120271779,12
1785529265.0848646,62727,1.48677553813526,1.538766174220595,12
1785529265.084887,62732,1.4867921553361692,1.540438364184794,12
1785529265.0849404,62731,1.4800565645227344,1.547177660859107,12
1785529265.084995,62733,1.476003403870103,1.5431225234536308,12
1785529265.0876644,62734,1.4665904480783813,1.5432521499023222,12
1785529265.089942,62735,1.4666621878568653,1.5498082673556983,12
1785529265.090161,62737,1.4624040125670252,1.5497690277876557,12
1785529265.111053,62738,1.460728267436821,1.548092794975914,12
1785529265.118816,62740,1.4622337337259015,1.5465869291937515,12
1785529265.1192052,62741,1.4590923492053398,1.5466354952211991,12
1785529265.1192644,62744,1.459064306193434,1.544281539711377,12
1785529265.119304,62742,1.4528815063021274,1.5442066307230582,12
1785529265.1193748,62743,1.453412730703294,1.5436754247970192,12
1785529265.1194327,62746,1.4585242177663977,1.54359688014259,12
1785529265.1221097,62747,1.4584610363647372,1.5387156987113157,12
1785529265.1258917,62748,1.4585079407035666,1.5352209962581527,12
1785529265.1261334,62749,1.4675047768394993,1.5353126213147028,12
1785529265.1429975,62750,1.4666244780904176,1.5344321349848868,12
1785529265.1801085,62751,1.4666234717045599,1.5345214922934471,12
1785529265.1824589,62758,1.4651031524531535,1.5345448646009012,12
1785529265.186926,62759,1.4650893665363875,1.5324483804325553,12
1785529265.1870124,62761,1.4554711446375075,1.5323526148659063,12
1785529265.1870656,62762,1.456618294818625,1.5334994825295134,12
1785529265.1877134,62765,1.4534895923025,1.5335528528174076,12
1785529265.1878157,62763,1.453544867123999,1.5290657678829722,12
1785529265.195419,62771,1.4535509475818957,1.529761758239166,12
1785529265.2057528,62772,1.4535314820283147,1.531466808984346,12
1785529265.2169216,62774,1.453001912501063,1.530937459815713,12
1785529265.24284,62776,1.457606781089695,1.5263343921790387,12
1785529265.247063,62775,1.4575775848278862,1.5289334523490932,12
1785529265.247782,62779,1.460591057817949,1.525920924385646,12
1785529265.247883,62780,1.460612260634723,1.528886194977926,12
1785529265.2479537,62784,1.4605647557621062,1.5327364991567762,12
1785529265.248032,62785,1.458553871766597,1.5327140874886291,12
1785529265.249476,62786,1.4557310175536597,1.5298920512020002,12
1785529265.2522092,62788,1.456971294856172,1.5286521736990875,12
1785529265.2881715,62792,1.456645067381328,1.5212201731089097,11
1785529265.3258092,62791,1.4549576736426988,1.5238273572330772,10
1785529265.3268454,62793,1.463493360653154,1.5313103146333191,11
1785529265.326886,62794,1.4677680407183793,1.5312541447217685,11
1785529265.3269136,62795,1.4677819949557585,1.5327405643298928,11
1785529265.3269732,62797,1.4705706658711248,1.5327580173569322,11
1785529265.3270214,62798,1.4765884083918084,1.5380396037114845,11
1785529265.3270454,62799,1.4766177980535282,1.5364360701250273,11
1785529265.3270736,62801,1.481405904274921,1.5363928359953511,11
1785529265.3271406,62804,1.4815098959773945,1.5438609012646503,11
1785529265.3271763,62803,1.4833203713241316,1.5422694285650211,11
1785529265.32724,62805,1.4816103902274935,1.5407665583864283,11
1785529265.3272712,62806,1.4843635297652424,1.5407538194738644,11
1785529265.3273273,62807,1.48435775416544,1.5404020197375157,11
1785529265.3273823,62808,1.4844045552360297,1.5369362478455173,11
1785529265.3317237,62809,1.4830128802823541,1.536926970280068,11
1785529265.3830535,62811,1.4829448121611601,1.5419946895913077,11
1785529265.383165,62816,1.4829278023081203,1.5409398024981487,11
1785529265.383192,62815,1.4847387363883948,1.5393484741486856,11
1785529265.3832495,62817,1.480108750981845,1.5352812446546111,11
1785529265.3832738,62819,1.480099204881981,1.5345787236512876,11
1785529265.385786,62820,1.4801423391031776,1.530841406989326,11
1785529265.385945,62821,1.4803416904822961,1.5308427668898923,11
1785529265.3859751,62822,1.475701347873113,1.526770040717032,11
1785529265.3860514,62823,1.4757228840642826,1.523740512224083,11
1785529265.3861425,62828,1.4757428843079192,1.5253186939888717,11
1785529265.386166,62826,1.4715372211104816,1.525269357416374,12
1785529265.3873653,62827,1.4708325910937692,1.5259738959105709,12
1785529265.3951883,62831,1.4709068616297305,1.5312258906333922,12
1785529265.4017735,62832,1.4709002603929464,1.5324754430843073,12
1785529265.406985,62833,1.4709002601640409,1.532475472092365,12
1785529265.4092298,62834,1.4751638880141826,1.536739769122728,12
1785529265.418571,62837,1.4766847287796052,1.5367358061751404,12
1785529265.4377081,62839,1.4750148802374625,1.5384061591527773,12
1785529265.4660137,62838,1.4718117026420259,1.5427603720126624,11
1785529265.4663167,62845,1.4708997225153433,1.5428765631709418,11
1785529265.4664166,62848,1.4710577982346302,1.5427184134835756,12
1785529265.466443,62847,1.4710370829144936,1.5448612644145385,12
1785529265.4731092,62851,1.4729719374573451,1.5429257155737053,12
1785529265.4832835,62856,1.4729374109831939,1.5462260278085584,12
1785529265.4874678,62857,1.4836387512715874,1.5463242514876734,12
1785529265.5076766,62859,1.4836587244876946,1.5449908010177384,12
1785529265.5306182,62862,1.4814887135395043,1.5450257422872433,11
1785529265.530759,62863,1.4840297026735576,1.5428097476781502,11
1785529265.530827,62868,1.4840799928275377,1.5399654994573295,11
1785529265.5308619,62869,1.4695750942275168,1.5398607250441216,11
1785529265.5376182,62871,1.4696202832204717,1.5358427591572466,11
1785529265.5526178,62874,1.480034898467097,1.53594224147739,11
1785529265.5542748,62875,1.4802377663927855,1.535765298554496,11
1785529265.5721726,62880,1.480212887860016,1.5376343176282836,11
1785529265.605524,62881,1.4903607255122089,1.540739907431702,8
1785529265.6055918,62883,1.4911982798883119,1.5460061819061792,8
1785529265.6056154,62885,1.4841113052207755,1.5446120948811672,8
1785529265.6057336,62887,1.4797951070579225,1.5499449941604126,8
1785529265.605761,62889,1.47725285486529,1.5470053967222086,9
1785529265.6057858,62891,1.4771917557182315,1.5417062027690551,10
1785529265.605828,62892,1.477140910810905,1.5443474133859159,10
1785529265.6063898,62893,1.483635293612639,1.5443511333709123,10
1785529265.6108382,62894,1.479206666340333,1.5399457905055103,10
1785529265.6259012,62897,1.4816719643950924,1.539911984549115,10
1785529265.6646338,62898,1.4715687325564448,1.5398870962174578,10
1785529265.6647644,62899,1.4703467702290722,1.5411010892794421,10
1785529265.6648147,62905,1.462845716653781,1.5410405791406265,10
1785529265.664859,62906,1.4686175733135254,1.5467709844642057,10
1785529265.6648817,62907,1.4686293240217725,1.5460584778506778,10
1785529265.6648817,62908,1.4676138781607213,1.547066735886621,10
1785529265.672041,62912,1.4675773353679458,1.5444573847169984,11
1785529265.672181,62911,1.4692059663040788,1.543037071736378,11
1785529265.6723263,62913,1.4649629354843483,1.539340102764046,11
1785529265.6775887,62915,1.4649529417689,1.538379141316828,11
1785529265.6828754,62916,1.4650363001786384,1.533639489562746,11
1785529265.688429,62918,1.4620049681343263,1.5309964792723605,11
1785529265.7205753,62921,1.4662020674775338,1.5309439132872158,11
1785529265.7326565,62919,1.4661809177714833,1.5324634686524745,11
1785529265.7326808,62920,1.468211140641981,1.5306919311032532,11
1785529265.7337499,62925,1.4722575318279252,1.5342210286054823,11
1785529265.7338054,62926,1.474463849456047,1.5342017877718013,12
1785529265.7339134,62928,1.4744760341381369,1.5330428778500385,12
1785529265.7339404,62929,1.4787589534293908,1.5330767882033336,12
1785529265.7339785,62930,1.4761093942456072,1.530426784938428,12
1785529265.7340267,62931,1.4761120378337715,1.530159491311264,12
1785529265.7340267,62932,1.473282324647813,1.532989746046289,12
1785529265.7567582,62936,1.473310205091616,1.5354427798365797,12
1785529265.7568183,62934,1.4757555855546076,1.535463442170534,12
1785529265.7568672,62935,1.474782883483842,1.5364363663204899,12
1785529265.7596474,62939,1.4747901868970712,1.5370499559972481,12
1785529265.794077,62940,1.4746746105316209,1.544716793851838,12
1785529265.818706,62941,1.4693643834872265,1.5446764915231046,12
1785529265.8225152,62945,1.4698128162267472,1.544672115612611,12
1785529265.8225749,62943,1.4697972636954815,1.5456538791048204,12
1785529265.8227837,62949,1.4734162796178814,1.5492746429028852,12
1785529265.8228443,62950,1.4656019716460011,1.5493710873332016,12
1785529265.8230126,62951,1.465624513285346,1.5510315019180834,12
1785529265.8230546,62952,1.4657679458136859,1.5426263893592451,12
1785529265.8231695,62954,1.467888316635202,1.5447473283449111,12
1785529265.823204,62956,1.4700100307202348,1.5426249485115777,12
1785529265.842502,62958,1.466089528203672,1.5425813363675167,12
1785529265.8907192,62959,1.4669724303028253,1.5416982393910368,12
1785529265.891793,62960,1.4669724307127667,1.5416982389825464,12
1785529265.8918788,62964,1.466941051206979,1.5440219095279848,12
1785529265.8919346,62965,1.4716431484204686,1.544068029849522,12
1785529265.8942573,62968,1.4694308341927131,1.546281221953007,12
1785529265.8945057,62969,1.465123421690762,1.546336230546128,12
1785529265.8945394,62970,1.4713005083599855,1.546379276471443,12
1785529265.894594,62971,1.4657067673176845,1.5519758414296674,12
1785529265.8946173,62973,1.4660584061681177,1.5523279558588665,12
1785529265.8947153,62975,1.4661212885563792,1.5566984634627992,12
1785529265.8947701,62976,1.4661612376293534,1.554820715879622,12
1785529265.8947911,62978,1.467747515429908,1.5564080353142318,12
1785529265.8972213,62979,1.4678342151402668,1.5520290001558923,12
1785529265.897291,62980,1.4712848654498603,1.5485764954659866,12
1785529265.8984542,62981,1.4705664943090428,1.5485843753293942,12
1785529265.904739,62982,1.4634374128658156,1.5485067411747175,12
1785529265.9076765,62983,1.4726205793250597,1.539320798306558,12
1785529265.9186232,62986,1.4756646762069259,1.5392986179793102,12
1785529265.9190838,62987,1.4756122459468517,1.5354405327793454,12
1785529265.9233644,62988,1.4756230459644395,1.5344602638299936,12
1785529265.926577,62989,1.4742251896069842,1.5344471356714522,12
1785529265.9309824,62990,1.4658183724972282,1.5260402764927976,12
1785529265.9529254,62993,1.467869042967015,1.5260209013182737,12
1785529265.9765701,62991,1.4678621111272914,1.5270035184005517,12
1785529265.9803696,62992,1.4696272984014642,1.5252385062263634,12
1785529265.980437,62998,1.4679337169582634,1.5252539098207956,12
1785529265.9805548,63001,1.4715272932675878,1.5252916469950693,12
1785529265.9806116,63002,1.4777125093292223,1.5314771951303625,12
1785529265.980631,63003,1.4776892072252543,1.5335254395658513,12
1785529265.980652,63005,1.4744719260218493,1.533555540979776,12
1785529265.9929764,63007,1.4709297978881812,1.5370982472594446,12
1785529265.999331,63008,1.4708962251129563,1.533509357148639,12
1785529266.0023122,63012,1.4708991273524117,1.5332415678210862,12
1785529266.0148752,63013,1.4644318434670676,1.5331836195783979,12
1785529266.0461397,63016,1.4612472962628105,1.5363679775896728,12
1785529266.0470057,63017,1.4614262164626453,1.5363657543230043,12
1785529266.0471165,63018,1.4626486651954043,1.5363801368395735,12
1785529266.0471852,63019,1.4596402147491967,1.5393885150944313,12
1785529266.047247,63020,1.4596534283946785,1.5404349001925728,12
1785529266.0472944,63025,1.4718592763890426,1.540541844549696,12
1785529266.064178,63028,1.4761228673759161,1.5362774610904506,12
1785529266.0644817,63029,1.486498469763174,1.5361782176575811,12
1785529266.0645494,63032,1.486469075086697,1.5330101307721782,12
1785529266.0650587,63027,1.4865227773154972,1.5286589201503582,12
1785529266.066535,63031,1.4878503373085334,1.5273310764655565,12
1785529266.1151292,63033,1.485996978017226,1.5254773859016157,12
1785529266.118954,63035,1.486012756920583,1.5275009833434738,12
1785529266.1191337,63040,1.4794683068627148,1.5340468504454565,12
1785529266.1192052,63041,1.4621265590668064,1.5342723109354999,12
1785529266.119293,63044,1.4622204356129165,1.5447449724113462,12
1785529266.1193352,63043,1.4636380300264038,1.5433271944692069,12
1785529266.128087,63047,1.463604251046521,1.5402710282380685,12
1785529266.1520176,63053,1.4747998253477066,1.5401373040895863,12
1785529266.1728063,63058,1.4721130955511008,1.540162024646832,12
1785529266.172892,63059,1.4721845419812467,1.5451542676208263,12
1785529266.1739771,63064,1.470065497738194,1.5472742330608829,12
1785529266.183099,63065,1.4742739857188665,1.548407267331388,11
1785529266.1881597,63067,1.4732156263949663,1.5494663181842947,11
1785529266.2220478,63071,1.4728246964491991,1.5480577427974769,10
1785529266.2354593,63076,1.4743823364449749,1.5461827538273476,10
1785529266.235621,63077,1.4698793477667984,1.5455015293797532,10
1785529266.2449691,63079,1.4729117253063964,1.541851720191325,10
1785529266.248986,63080,1.460417909076217,1.5333498878609966,8
1785529266.252777,63088,1.4595741394073134,1.5340356843377063,8
1785529266.2776654,63087,1.4597826992319964,1.535150609619526,8
1785529266.3043146,63092,1.4595504603966618,1.5340604000368216,8
1785529266.3047607,63091,1.45268549502507,1.5396488516827374,8
1785529266.306943,63093,1.4450388445697007,1.5330086579126332,8
1785529266.3070333,63095,1.4455641711177951,1.5354268156400899,8
1785529266.3071337,63096,1.44562424368413,1.5357426731246584,9
1785529266.3071623,63097,1.4476488707926438,1.5360684347524942,10
1785529266.3071887,63098,1.4538037403496697,1.5414740620052,11
1785529266.307239,63099,1.4536735448978382,1.5494618500600275,11
1785529266.3072817,63101,1.4585786152189508,1.5493991297973293,11
1785529266.3073015,63102,1.4601967845316979,1.5494186833336026,12
1785529266.3196344,63103,1.466750105155891,1.542863638626176,12
1785529266.378944,63106,1.4692600617510165,1.5428328113805565,12
1785529266.3792868,63107,1.4692790199689671,1.5442327412409327,12
1785529266.379346,63109,1.4698885065149543,1.5442384179230633,12
1785529266.3793914,63111,1.4699685656758266,1.5384348113845205,12
1785529266.3794115,63113,1.462538677498412,1.5385203343065912,12
1785529266.3794568,63116,1.462536325861083,1.5383457620414729,12
1785529266.3794787,63114,1.4659395273640576,1.5383792334007804,12
1785529266.3794973,63115,1.4605332849366788,1.5437861147893615,12
1785529266.3795395,63118,1.4635821030266594,1.5437414165275998,12
1785529266.379563,63119,1.4635371728798923,1.5398994387786338,12
1785529266.3796058,63120,1.4634961260598698,1.542315133610311,12
1785529266.3796268,63121,1.4635832611952366,1.54231628099832,12
1785529266.3796644,63122,1.4585647074599364,1.537297244494833,12
1785529266.379696,63123,1.4584841821479393,1.5418673585598275,12
1785529266.3797755,63125,1.4628756931850155,1.5417904747360993,12
1785529266.3813913,63128,1.4629290124757668,1.546330075693455,12
1785529266.4323416,63129,1.46319424467716,1.5465954096295635,12
1785529266.4393601,63127,1.4631935204771334,1.5465946873381384,12
1785529266.4495955,63131,1.4632362409582556,1.5495634446070476,12
1785529266.4508057,63132,1.4633549528222585,1.5416891794551069,12
1785529266.4508386,63134,1.4657440334685838,1.5440787178466056,12
1785529266.4508877,63135,1.4657522566309156,1.5434528729771257,12
1785529266.4508877,63136,1.4670761223971558,1.5421286963061878,12
1785529266.450921,63139,1.4709597407497392,1.5382442299227221,12
1785529266.4509604,63140,1.4709064338028617,1.5340423305433188,12
1785529266.4509974,63145,1.4737899326495707,1.534067185566704,12
1785529266.4551566,63147,1.4737605494785682,1.5362964461019915,12
1785529266.4703777,63152,1.4737796095085782,1.538048937629473,12
1785529266.47068,63150,1.4749139203629125,1.5380570471286092,12
1785529266.4988518,63155,1.4748792788342238,1.5345508050881682,12
1785529266.5332172,63164,1.474837225675549,1.5280648164327184,12
1785529266.5332763,63162,1.468532937621757,1.5280302051793042,12
1785529266.5333183,63167,1.4685472644138886,1.5300417226883722,12
1785529266.5334682,63169,1.466534670902933,1.530023625202354,12
1785529266.5390463,63170,1.4622101453730971,1.5256998165563196,12
1785529266.5451384,63174,1.4608078584666884,1.525683556209584,12
1785529266.5451384,63176,1.460876335662673,1.532574335158738,12
1785529266.5664237,63179,1.4608568817591092,1.5309169890245502,12
1785529266.5974305,63181,1.4527014202668176,1.5309248557293063,10
1785529266.597534,63182,1.4586206849834815,1.5353262726731947,10
1785529266.5975778,63188,1.458600043536278,1.533583017523882,10
1785529266.5975995,63186,1.4628268972338863,1.5336107587968488,10
1785529266.5976427,63190,1.4617158672004362,1.533625166093655,11
1785529266.5976598,63191,1.4617477783589408,1.5364174125051304,11
1785529266.6044111,63192,1.4616318341893755,1.5429526257045698,11
1785529266.6097085,63194,1.4648669331845188,1.5457707430847027,11
1785529266.6140008,63195,1.4649050050381944,1.543892503156502,11
1785529266.6171389,63196,1.4716133395079538,1.538042285591784,11
1785529266.6324704,63197,1.4761452284717207,1.5403470986151764,11
1785529266.6591327,63199,1.479062370161233,1.5374288683556883,11
1785529266.6592321,63204,1.4792104613296202,1.5385690013691669,11
1785529266.6592867,63205,1.484096818425661,1.5392890644957231,11
1785529266.659311,63206,1.47598944293905,1.5311793846062913,11
1785529266.6593845,63207,1.4754290983721545,1.5269249975417267,11
1785529266.6593845,63208,1.4710944515577602,1.5312598457026143,11
1785529266.6620004,63212,1.4714857097776917,1.5338167847346713,11
1785529266.681847,63210,1.4716898998748837,1.5338479204494808,11
1785529266.7190776,63211,1.465149272808682,1.54038936325123,11
1785529266.720575,63219,1.4646168696042658,1.5363272844127227,11
1785529266.7206523,63217,1.4628812048394715,1.536055903474158,11
1785529266.7246919,63228,1.4631435034630629,1.5380366373998633,11
1785529266.732063,63232,1.4661454225420478,1.535034626604837,11
1785529266.7370512,63231,1.466665295132364,1.5389907359230672,11
1785529266.7815244,63234,1.46748065679665,1.5391159108280434,11
1785529266.7816453,63235,1.4716359391834672,1.5349599444265452,11
1785529266.7816672,63240,1.4719741346955806,1.537557217782153,11
1785529266.7826107,63241,1.4762525055756637,1.538196503838358,11
1785529266.7827003,63244,1.4735065521526696,1.5409434651987113,11
1785529266.782747,63243,1.4736508816181333,1.5420847927922081,11
1785529266.79175,63246,1.4722270609439527,1.5418725901220647,11
1785529266.797336,63247,1.468241771038608,1.5458593927001345,11
1785529266.805201,63252,1.4700643915434648,1.5426496026652499,9
1785529266.8352098,63253,1.4651538848959476,1.541865221970811,8
1785529266.8358538,63254,1.4732634718618416,1.5487282159276403,8
1785529266.835891,63256,1.4825153719361726,1.5414580357169796,8
1785529266.835912,63255,1.4830641961889925,1.5443900560197024,8
1785529266.835979,63257,1.4734761389282496,1.542861014418739,9
1785529266.8360283,63259,1.4772387619036926,1.5391295272713894,9
1785529266.8400068,63260,1.4752213831149652,1.5274925209526742,9
1785529266.841776,63264,1.4754217561903038,1.5288269203337186,9
1785529266.8467677,63265,1.4791489933102968,1.5294439535068225,9
1785529266.852658,63268,1.4692377639834464,1.539278927176954,9
1785529266.8583262,63269,1.4858489685704055,1.5418451357613603,9
1785529266.8617566,63272,1.48806100517704,1.5538208028904577,9
1785529266.8644521,63270,1.4879411333652905,1.553800125225778,9
1785529266.867487,63271,1.4845998121437358,1.5571136107065664,9
1785529266.9003687,63273,1.4806297177533312,1.55316737285401,10
1785529266.9003687,63274,1.477471942778207,1.553180948029556,11
1785529266.9138987,63275,1.477512531318153,1.555319290656209,12
1785529266.9177518,63276,1.4775587161986665,1.5524686356396358,12
1785529266.9178967,63277,1.4680955503858337,1.5523457990925087,12
1785529266.9180655,63278,1.4694279418270944,1.5536792438554448,12
1785529266.9181204,63279,1.4694934311719021,1.5472495642828317,12
1785529266.9181452,63281,1.463659118513547,1.5472748508806775,12
1785529266.9182997,63284,1.463571153508129,1.5429081205290085,12
1785529266.918353,63283,1.4708771179103572,1.5356009547037495,12
1785529266.9185145,63285,1.4749587352567635,1.539683300107003,12
1785529266.9185774,63287,1.4749184148794885,1.5372286803946502,12
1785529266.9216986,63288,1.4748666122582457,1.5420421954731685,12
1785529266.929135,63290,1.472476776741303,1.5396515918074312,12
1785529266.9324222,63291,1.4723990375878626,1.5454505659358493,12
1785529266.936564,63292,1.4771726812128287,1.5406749857676245,12
1785529266.9422748,63293,1.4728732191810907,1.5407149260165522,12
1785529266.983374,63295,1.4618088266414095,1.5517832536589993,12
1785529266.9879723,63297,1.4593379344646515,1.5493116144276833,12
1785529266.988031,63298,1.4598769049594962,1.5493037301792978,12
1785529266.9880614,63299,1.4597988851317787,1.543460698703676,12
1785529266.9886777,63301,1.4640665773751564,1.5434981171996756,12
1785529266.9887788,63302,1.46019661836183,1.5396276637099529,12
1785529266.9888098,63303,1.4601752772847498,1.5407919277223545,12
1785529266.988862,63305,1.461250394772698,1.5407726697220985,12
1785529266.9888873,63306,1.473541080374914,1.5408217534550543,12
1785529266.9889097,63307,1.4827292968134957,1.531632101855946,12
1785529266.9936612,63309,1.4780897408766875,1.5269901475903374,12
1785529266.995553,63311,1.4780902853351943,1.5256736640662159,12
1785529267.0031862,63312,1.4780804202303024,1.5262077975335555,12
1785529267.0407743,63313,1.47930690100722,1.526204149438292,12
1785529267.0475423,63315,1.4792950311837825,1.5268272181379752,12
1785529267.0477724,63319,1.4742040277016983,1.531918837118001,12
1785529267.0478566,63314,1.4819861750451828,1.539704222635756,12
1785529267.051276,63324,1.4822420329880623,1.52654233937441,12
1785529267.0513241,63325,1.4847823268875966,1.5265388613497373,12
1785529267.0528288,63326,1.476621179697539,1.518377214621652,12
1785529267.0553584,63328,1.4797365663155237,1.51526117562643,12
1785529267.0624247,63332,1.4797509681608647,1.5111351667273476,12
1785529267.0657744,63331,1.474936894864837,1.5159484044041525,12
1785529267.0720704,63333,1.4816845372978298,1.5226965361912987,12
1785529267.0839233,63334,1.4815069310600304,1.5226981067355048,12
1785529267.0841115,63335,1.4815065153880016,1.5250713676103098,12
1785529267.084275,63336,1.4812747598324267,1.536724036312742,12
1785529267.0912395,63337,1.4812747399877122,1.5367256309015969,12
1785529267.128956,63338,1.4839825506939486,1.539434499804532,12
1785529267.1294286,63339,1.4839794791964216,1.5397015145164838,12
1785529267.1294286,63340,1.4823671892094494,1.5413114535991,12
1785529267.129475,63341,1.484248338410016,1.5412800269354592,12
1785529267.1295273,63343,1.488537214818674,1.5369894661477441,12
1785529267.1295743,63345,1.4832067536055764,1.53165617642959,12
1785529267.1295958,63347,1.4832070936417352,1.5342044816500928,12
1785529267.1296396,63348,1.483269187940531,1.531182028144631,12
1785529267.1296585,63350,1.4841448127401635,1.5320575994012557,12
1785529267.1489255,63351,1.4841571100866373,1.5314355517635716,12
